,modelname,method,cause,effect,tol,num_runs_param,max_iter_param,seed,tlearn,tinfer,datasize,pns_low_exact,pns_upp_exact,pns_low,pns_upp,rrmse,nruns
0,random_mc2_n5_mid3_d1000_05_mr098_r10_8,EMCC,V2,V4,1e-07,50,100,1,8663.058280944824,61.9509220123291,1000,0.1708037925,0.4919019990000001,0.2628324326704406,0.4666487131455894,0.3310806325577583,5
1,random_mc2_n5_mid3_d1000_05_mr098_r10_8,EMCC,V2,V4,1e-07,50,100,1,17365.114212036133,123.33106994628906,1000,0.1708037925,0.4919019990000001,0.21938395917753292,0.5912827548305241,0.210324580041184,10
2,random_mc2_n5_mid3_d1000_05_mr098_r10_8,EMCC,V2,V4,1e-07,50,100,1,26037.140130996704,186.50293350219727,1000,0.1708037925,0.4919019990000001,0.026813833413970232,0.5912827548305241,0.21916646283101016,15
3,random_mc2_n5_mid3_d1000_05_mr098_r10_8,EMCC,V2,V4,1e-07,50,100,1,34662.36615180969,247.97606468200684,1000,0.1708037925,0.4919019990000001,0.026813833413970232,0.5913558712786992,0.21919011132099267,20
