,modelname,method,cause,effect,tol,num_runs_param,max_iter_param,seed,tlearn,tinfer,datasize,pns_low_exact,pns_upp_exact,pns_low,pns_upp,rrmse,nruns
0,random_mc2_n5_mid3_d1000_05_mr098_r10_8,EMCC,V2,V4,1e-07,50,100,1,10696.094036102295,79.87785339355469,1000,0.1708037925,0.4919019990000001,0.2628324326704406,0.4666487131455894,0.3310806325577583,5
