Model_Index,nparents,nzr,zdr,cardinality,Iteration,cause,effect,query,Gibbs_Sampling,Time_gibbs,Metropolis_Hastings,Time_mh,Exact_Probability,Metropolis_Hastings_AlwaysTrue,exact_result,Time_Metropolis_Hastings_AlwaysTrue,Acceptance_Rate_Metropolis_Hastings_AlwaysTrue,Metropolis_Hastings_Exclude_Outliers,Time_Metropolis_Hastings_Exclude_Outliers,Acceptance_Rate_Metropolis_Hastings_Exclude_Outliers,Metropolis_Hastings_Parallel_Tempering,Time_Metropolis_Hastings_Parallel_Tempering,Acceptance_Rate_Metropolis_Hastings_Parallel_Tempering,Metropolis_Hastings_Swandsen_Wang,Time_Metropolis_Hastings_Swandsen_Wang,Acceptance_Rate_Metropolis_Hastings_Swandsen_Wang,Metropolis_Hastings_Zanella,Time_Metropolis_Hastings_Zanella,Acceptance_Rate_Metropolis_Hastings_Zanella
0,2,10,10,2,1000,V1,V0,PS,"[0.7481362650138518, 0.9047619123734412]",11.267512559890749,"[0.726488902929901, 0.8842468283756596]",1.7576236724853516,"[0.7210247097808495, 0.9844883031342316]","[0.5105035694212473, 0.6357113599577287]","[0.7210247097808495, 0.9844883031342316]",1.910334825515747,"{'V3': 1.0, 'V4': 1.0, 'V5': 1.0}","[0.726488902929901, 0.8842468283756596]",1.855161428451538,"{'V3': 0.3329, 'V4': 1.0, 'V5': 1.0}","[0.7331157495844768, 0.9245479573264563]",5.323907136917114,,"[0.5258729184804142, 0.6204321606947982]",1.6580188274383545,,"[0.7183131475443325, 0.9193839526567421]",4.262601613998413,
0,2,10,10,2,1000,V2,V0,PS,"[0.2960536309910381, 0.7269133682678524]",11.267512559890749,"[0.33781192094064527, 0.7276771339362679]",1.7576236724853516,"[0.319276664128295, 0.7405762080357261]","[0.41113407645147465, 0.5544592542291483]","[0.319276664128295, 0.7405762080357261]",1.910334825515747,"{'V3': 1.0, 'V4': 1.0, 'V5': 1.0}","[0.33781192094064527, 0.7276771339362679]",1.855161428451538,"{'V3': 0.3329, 'V4': 1.0, 'V5': 1.0}","[0.38504909428454515, 0.7249402171348142]",5.323907136917114,,"[0.468864510338324, 0.5992209560310268]",1.6580188274383545,,"[0.3275879051572735, 0.7099558998043508]",4.262601613998413,
0,2,10,10,2,1000,V1,V0,PN,"[0.664532439759638, 0.8298636958131183]",11.267512559890749,"[0.6595777608909057, 0.8061364657649384]",1.7576236724853516,"[0.6506208706901839, 0.8883587875430508]","[0.5151326510171907, 0.63506089365954]","[0.6506208706901839, 0.8883587875430508]",1.910334825515747,"{'V3': 1.0, 'V4': 1.0, 'V5': 1.0}","[0.6595777608909057, 0.8061364657649384]",1.855161428451538,"{'V3': 0.3329, 'V4': 1.0, 'V5': 1.0}","[0.6798021868742052, 0.8611043863293079]",5.323907136917114,,"[0.481237438055621, 0.5777058014312063]",1.6580188274383545,,"[0.6556184501573413, 0.8310068849468567]",4.262601613998413,
0,2,10,10,2,1000,V2,V0,PN,"[0.20572406050764971, 0.5071144405386065]",11.267512559890749,"[0.2447273066138296, 0.5793571897084725]",1.7576236724853516,"[0.2282307110005323, 0.5293911315803326]","[0.4056453582666414, 0.5438427572571243]","[0.2282307110005323, 0.5293911315803326]",1.910334825515747,"{'V3': 1.0, 'V4': 1.0, 'V5': 1.0}","[0.2447273066138296, 0.5793571897084725]",1.855161428451538,"{'V3': 0.3329, 'V4': 1.0, 'V5': 1.0}","[0.25634688608347006, 0.5755587555705373]",5.323907136917114,,"[0.42671431535126747, 0.5479178588119986]",1.6580188274383545,,"[0.22470578297514168, 0.5345006391371685]",4.262601613998413,
0,2,10,10,2,2000,V1,V0,PS,"[0.7284826712355033, 0.9238376806386284]",22.48856782913208,"[0.7312342464959098, 0.8850082707134386]",3.425746440887451,"[0.7210247097808495, 0.9844883031342316]","[0.5046406061661872, 0.6445046782038758]","[0.7210247097808495, 0.9844883031342316]",3.626733541488648,"{'V3': 1.0, 'V4': 1.0, 'V5': 1.0}","[0.7361845091875799, 0.8821864544761595]",3.62397813796997,"{'V3': 0.3243725, 'V4': 1.0, 'V5': 1.0}","[0.7149419087843996, 0.9245479573264563]",10.521149158477783,,"[0.5165503665984371, 0.6244623342663258]",3.1845738887786865,,"[0.6916954075237272, 0.9225400572470951]",8.402128458023071,
0,2,10,10,2,2000,V2,V0,PS,"[0.32542257795108637, 0.6849891430542056]",22.48856782913208,"[0.3117305537150512, 0.7276771339362679]",3.425746440887451,"[0.319276664128295, 0.7405762080357261]","[0.41113407645147465, 0.5544592542291483]","[0.319276664128295, 0.7405762080357261]",3.626733541488648,"{'V3': 1.0, 'V4': 1.0, 'V5': 1.0}","[0.3117305537150512, 0.7394563735497308]",3.62397813796997,"{'V3': 0.3243725, 'V4': 1.0, 'V5': 1.0}","[0.3570076223101945, 0.7249402171348142]",10.521149158477783,,"[0.468864510338324, 0.5992209560310268]",3.1845738887786865,,"[0.30864960053183854, 0.7099558998043508]",8.402128458023071,
0,2,10,10,2,2000,V1,V0,PN,"[0.65487805555886, 0.8429805274051622]",22.48856782913208,"[0.6655538708332777, 0.7970575310154018]",3.425746440887451,"[0.6506208706901839, 0.8883587875430508]","[0.49402838444547315, 0.6466910606190308]","[0.6506208706901839, 0.8883587875430508]",3.626733541488648,"{'V3': 1.0, 'V4': 1.0, 'V5': 1.0}","[0.6674591532994364, 0.7970575310154018]",3.62397813796997,"{'V3': 0.3243725, 'V4': 1.0, 'V5': 1.0}","[0.6532247759130797, 0.8611043863293079]",10.521149158477783,,"[0.43487221482442384, 0.5825983463891803]",3.1845738887786865,,"[0.6404030611812872, 0.8356771064217053]",8.402128458023071,
0,2,10,10,2,2000,V2,V0,PN,"[0.22498318046939492, 0.5012968075127058]",22.48856782913208,"[0.2163148854768898, 0.5339092570468135]",3.425746440887451,"[0.2282307110005323, 0.5293911315803326]","[0.4056453582666414, 0.5438427572571243]","[0.2282307110005323, 0.5293911315803326]",3.626733541488648,"{'V3': 1.0, 'V4': 1.0, 'V5': 1.0}","[0.2122368351847966, 0.5628068255546517]",3.62397813796997,"{'V3': 0.3243725, 'V4': 1.0, 'V5': 1.0}","[0.25634688608347006, 0.5755587555705373]",10.521149158477783,,"[0.39572647299346386, 0.5479178588119986]",3.1845738887786865,,"[0.21001586238343978, 0.5345006391371685]",8.402128458023071,
0,2,10,10,2,3000,V1,V0,PS,"[0.7284826712355033, 0.9238376806386284]",33.72076654434204,"[0.7315263835522912, 0.8924570131057791]",5.791496276855469,"[0.7210247097808495, 0.9844883031342316]","[0.49159606831844194, 0.6515255821525751]","[0.7210247097808495, 0.9844883031342316]",5.505731821060181,"{'V3': 1.0, 'V4': 1.0, 'V5': 1.0}","[0.7320641676607204, 0.8924570131057791]",5.536837577819824,"{'V3': 0.325483, 'V4': 1.0, 'V5': 1.0}","[0.7149419087843996, 0.9245479573264563]",15.991639852523804,,"[0.5165503665984371, 0.6244623342663258]",4.887998342514038,,"[0.6916954075237272, 0.9225400572470951]",12.943431377410889,
0,2,10,10,2,3000,V2,V0,PS,"[0.34496101239905724, 0.6987425697813274]",33.72076654434204,"[0.3483700120671693, 0.7115673019941904]",5.791496276855469,"[0.319276664128295, 0.7405762080357261]","[0.41113407645147465, 0.5592765078324214]","[0.319276664128295, 0.7405762080357261]",5.505731821060181,"{'V3': 1.0, 'V4': 1.0, 'V5': 1.0}","[0.3483700120671693, 0.7276771339362679]",5.536837577819824,"{'V3': 0.325483, 'V4': 1.0, 'V5': 1.0}","[0.3425158987132988, 0.7249402171348142]",15.991639852523804,,"[0.468864510338324, 0.5992209560310268]",4.887998342514038,,"[0.30864960053183854, 0.7313950729477267]",12.943431377410889,
0,2,10,10,2,3000,V1,V0,PN,"[0.65487805555886, 0.8440920199148633]",33.72076654434204,"[0.6624796422198925, 0.8045151489565074]",5.791496276855469,"[0.6506208706901839, 0.8883587875430508]","[0.49402838444547315, 0.6466910606190308]","[0.6506208706901839, 0.8883587875430508]",5.505731821060181,"{'V3': 1.0, 'V4': 1.0, 'V5': 1.0}","[0.6655538708332777, 0.8061364657649384]",5.536837577819824,"{'V3': 0.325483, 'V4': 1.0, 'V5': 1.0}","[0.6532247759130797, 0.8611043863293079]",15.991639852523804,,"[0.43487221482442384, 0.5867608761793767]",4.887998342514038,,"[0.6354822747185189, 0.8356771064217053]",12.943431377410889,
0,2,10,10,2,3000,V2,V0,PN,"[0.23902720280520073, 0.5135016993641389]",33.72076654434204,"[0.2414676812046696, 0.5228841571137696]",5.791496276855469,"[0.2282307110005323, 0.5293911315803326]","[0.4056453582666414, 0.5480859921498432]","[0.2282307110005323, 0.5293911315803326]",5.505731821060181,"{'V3': 1.0, 'V4': 1.0, 'V5': 1.0}","[0.23777171649008408, 0.5445011143382945]",5.536837577819824,"{'V3': 0.325483, 'V4': 1.0, 'V5': 1.0}","[0.2235248863032204, 0.5755587555705373]",15.991639852523804,,"[0.39572647299346386, 0.5479178588119986]",4.887998342514038,,"[0.21001586238343978, 0.5557329317606997]",12.943431377410889,
0,2,10,10,2,4000,V1,V0,PS,"[0.7284826712355033, 0.9356657069672638]",44.976661920547485,"[0.7320641676607204, 0.9003294110037999]",7.448679685592651,"[0.7210247097808495, 0.9844883031342316]","[0.49159606831844194, 0.6633630264977126]","[0.7210247097808495, 0.9844883031342316]",7.247988700866699,"{'V3': 1.0, 'V4': 1.0, 'V5': 1.0}","[0.7290378423352636, 0.9003294110037999]",7.367638349533081,"{'V3': 0.3243065, 'V4': 1.0, 'V5': 1.0}","[0.7132022928111484, 0.9294446736332804]",21.42982125282288,,"[0.5165503665984371, 0.6296405694212832]",6.421019554138184,,"[0.6916954075237272, 0.9225400572470951]",17.122577905654907,
0,2,10,10,2,4000,V2,V0,PS,"[0.3581081849076461, 0.6905920312982708]",44.976661920547485,"[0.33722693469369497, 0.694106585725394]",7.448679685592651,"[0.319276664128295, 0.7405762080357261]","[0.40398971518731847, 0.5624918158394026]","[0.319276664128295, 0.7405762080357261]",7.247988700866699,"{'V3': 1.0, 'V4': 1.0, 'V5': 1.0}","[0.34063764597019536, 0.7146130203701802]",7.367638349533081,"{'V3': 0.3243065, 'V4': 1.0, 'V5': 1.0}","[0.26642071508942405, 0.7249402171348142]",21.42982125282288,,"[0.468864510338324, 0.6238873148290968]",6.421019554138184,,"[0.30864960053183854, 0.7313950729477267]",17.122577905654907,
0,2,10,10,2,4000,V1,V0,PN,"[0.65487805555886, 0.8490313352371212]",44.976661920547485,"[0.6592568300956008, 0.8198320075795752]",7.448679685592651,"[0.6506208706901839, 0.8883587875430508]","[0.49402838444547315, 0.6543128674144524]","[0.6506208706901839, 0.8883587875430508]",7.247988700866699,"{'V3': 1.0, 'V4': 1.0, 'V5': 1.0}","[0.6579200234001031, 0.8198320075795752]",7.367638349533081,"{'V3': 0.3243065, 'V4': 1.0, 'V5': 1.0}","[0.6136481841251248, 0.8611043863293079]",21.42982125282288,,"[0.43487221482442384, 0.594875897371191]",6.421019554138184,,"[0.6354822747185189, 0.8356771064217053]",17.122577905654907,
0,2,10,10,2,4000,V2,V0,PN,"[0.24740290868388973, 0.5144154294729593]",44.976661920547485,"[0.2341411599098324, 0.5098665299037011]",7.448679685592651,"[0.2282307110005323, 0.5293911315803326]","[0.4056453582666414, 0.5480859921498432]","[0.2282307110005323, 0.5293911315803326]",7.247988700866699,"{'V3': 1.0, 'V4': 1.0, 'V5': 1.0}","[0.23777171649008408, 0.5322375712026353]",7.367638349533081,"{'V3': 0.3243065, 'V4': 1.0, 'V5': 1.0}","[0.1700896050040954, 0.5755587555705373]",21.42982125282288,,"[0.39572647299346386, 0.556077088208776]",6.421019554138184,,"[0.21001586238343978, 0.5557329317606997]",17.122577905654907,
0,2,10,10,2,5000,V1,V0,PS,"[0.7289184242929653, 0.9342535856000754]",56.300759077072144,"[0.7272326997722555, 0.9059451003430162]",9.142343521118164,"[0.7210247097808495, 0.9844883031342316]","[0.49159606831844194, 0.6633630264977126]","[0.7210247097808495, 0.9844883031342316]",9.277708530426024,"{'V3': 1.0, 'V4': 1.0, 'V5': 1.0}","[0.726488902929901, 0.9019902316954441]",9.491460800170898,"{'V3': 0.3275812, 'V4': 1.0, 'V5': 1.0}","[0.7132022928111484, 0.9314734918776894]",27.082494974136356,,"[0.5165503665984371, 0.6296405694212832]",8.247193336486816,,"[0.6916954075237272, 0.9225400572470951]",21.679850339889526,
0,2,10,10,2,5000,V2,V0,PS,"[0.3514020987179122, 0.6905920312982708]",56.300759077072144,"[0.3392438833166492, 0.69233183487668]",9.142343521118164,"[0.319276664128295, 0.7405762080357261]","[0.40398971518731847, 0.566503286944366]","[0.319276664128295, 0.7405762080357261]",9.277708530426024,"{'V3': 1.0, 'V4': 1.0, 'V5': 1.0}","[0.3337988704262588, 0.7115673019941904]",9.491460800170898,"{'V3': 0.3275812, 'V4': 1.0, 'V5': 1.0}","[0.25728528521235067, 0.7249402171348142]",27.082494974136356,,"[0.468864510338324, 0.6238873148290968]",8.247193336486816,,"[0.30864960053183854, 0.7585742726317217]",21.679850339889526,
0,2,10,10,2,5000,V1,V0,PN,"[0.6583935622326038, 0.8490313352371212]",56.300759077072144,"[0.6561191216297132, 0.8214429737508736]",9.142343521118164,"[0.6506208706901839, 0.8883587875430508]","[0.49402838444547315, 0.6543128674144524]","[0.6506208706901839, 0.8883587875430508]",9.277708530426024,"{'V3': 1.0, 'V4': 1.0, 'V5': 1.0}","[0.654591549234543, 0.8209415978122742]",9.491460800170898,"{'V3': 0.3275812, 'V4': 1.0, 'V5': 1.0}","[0.6136481841251248, 0.8611043863293079]",27.082494974136356,,"[0.43487221482442384, 0.594875897371191]",8.247193336486816,,"[0.6354822747185189, 0.8593747828660891]",21.679850339889526,
0,2,10,10,2,5000,V2,V0,PN,"[0.24387943470112738, 0.5144154294729593]",56.300759077072144,"[0.237085590583931, 0.5104185481434237]",9.142343521118164,"[0.2282307110005323, 0.5293911315803326]","[0.4056453582666414, 0.5480859921498432]","[0.2282307110005323, 0.5293911315803326]",9.277708530426024,"{'V3': 1.0, 'V4': 1.0, 'V5': 1.0}","[0.2341411599098324, 0.5263558866362863]",9.491460800170898,"{'V3': 0.3275812, 'V4': 1.0, 'V5': 1.0}","[0.16343616670941385, 0.5755587555705373]",27.082494974136356,,"[0.39572647299346386, 0.556077088208776]",8.247193336486816,,"[0.21001586238343978, 0.5557329317606997]",21.679850339889526,
0,2,10,10,2,6000,V1,V0,PS,"[0.7283903159771775, 0.9286830396376035]",67.89018774032593,"[0.7204513485360463, 0.9129440366858617]",10.7973735332489,"[0.7210247097808495, 0.9844883031342316]","[0.49159606831844194, 0.6723073456216049]","[0.7210247097808495, 0.9844883031342316]",11.005857706069946,"{'V3': 1.0, 'V4': 1.0, 'V5': 1.0}","[0.722272214968043, 0.9126979905325685]",11.23801565170288,"{'V3': 0.32796216666666667, 'V4': 1.0, 'V5': 1.0}","[0.7132022928111484, 0.9314734918776894]",32.33989238739014,,"[0.5165503665984371, 0.6296405694212832]",9.825118064880373,,"[0.6916954075237272, 0.9225400572470951]",25.920088052749637,
0,2,10,10,2,6000,V2,V0,PS,"[0.3596745326883476, 0.6936881856131424]",67.89018774032593,"[0.34614219418750236, 0.6798761074389457]",10.7973735332489,"[0.319276664128295, 0.7405762080357261]","[0.40398971518731847, 0.566503286944366]","[0.319276664128295, 0.7405762080357261]",11.005857706069946,"{'V3': 1.0, 'V4': 1.0, 'V5': 1.0}","[0.3392438833166492, 0.6988213163979271]",11.23801565170288,"{'V3': 0.32796216666666667, 'V4': 1.0, 'V5': 1.0}","[0.25728528521235067, 0.730741502041736]",32.33989238739014,,"[0.468864510338324, 0.6238873148290968]",9.825118064880373,,"[0.30864960053183854, 0.7585742726317217]",25.920088052749637,
0,2,10,10,2,6000,V1,V0,PN,"[0.6522297699245556, 0.8490313352371212]",67.89018774032593,"[0.654591549234543, 0.8286564202869625]",10.7973735332489,"[0.6506208706901839, 0.8883587875430508]","[0.49402838444547315, 0.6543128674144524]","[0.6506208706901839, 0.8883587875430508]",11.005857706069946,"{'V3': 1.0, 'V4': 1.0, 'V5': 1.0}","[0.654591549234543, 0.8260138648621393]",11.23801565170288,"{'V3': 0.32796216666666667, 'V4': 1.0, 'V5': 1.0}","[0.6136481841251248, 0.8611043863293079]",32.33989238739014,,"[0.4234978615233569, 0.594875897371191]",9.825118064880373,,"[0.6354822747185189, 0.8593747828660891]",25.920088052749637,
0,2,10,10,2,6000,V2,V0,PN,"[0.24815281168172731, 0.5185690449853854]",67.89018774032593,"[0.23915897599669533, 0.5055464998218883]",10.7973735332489,"[0.2282307110005323, 0.5293911315803326]","[0.40519839036169525, 0.5484554686747951]","[0.2282307110005323, 0.5293911315803326]",11.005857706069946,"{'V3': 1.0, 'V4': 1.0, 'V5': 1.0}","[0.2341411599098324, 0.5186176237463351]",11.23801565170288,"{'V3': 0.32796216666666667, 'V4': 1.0, 'V5': 1.0}","[0.16343616670941385, 0.5755587555705373]",32.33989238739014,,"[0.3941394118099085, 0.556077088208776]",9.825118064880373,,"[0.21001586238343978, 0.5557329317606997]",25.920088052749637,
0,2,10,10,2,7000,V1,V0,PS,"[0.7263470280936859, 0.9286830396376035]",79.17986345291138,"[0.722272214968043, 0.9234269336694799]",12.45592212677002,"[0.7210247097808495, 0.9844883031342316]","[0.49159606831844194, 0.6723073456216049]","[0.7210247097808495, 0.9844883031342316]",12.734408617019652,"{'V3': 1.0, 'V4': 1.0, 'V5': 1.0}","[0.7243215653899457, 0.9173722770915821]",12.978527307510376,"{'V3': 0.330445, 'V4': 1.0, 'V5': 1.0}","[0.7113100797140278, 0.9314734918776894]",37.8924343585968,,"[0.5165503665984371, 0.6361486427455131]",11.435285806655884,,"[0.6915173323198617, 0.9306495278832179]",30.305257558822632,
0,2,10,10,2,7000,V2,V0,PS,"[0.3647758994387576, 0.6861571300436684]",79.17986345291138,"[0.35045799258957416, 0.6785545294323383]",12.45592212677002,"[0.319276664128295, 0.7405762080357261]","[0.3961870144217243, 0.566503286944366]","[0.319276664128295, 0.7405762080357261]",12.734408617019652,"{'V3': 1.0, 'V4': 1.0, 'V5': 1.0}","[0.34500267860678574, 0.69233183487668]",12.978527307510376,"{'V3': 0.330445, 'V4': 1.0, 'V5': 1.0}","[0.25728528521235067, 0.730741502041736]",37.8924343585968,,"[0.468864510338324, 0.6238873148290968]",11.435285806655884,,"[0.30864960053183854, 0.7585742726317217]",30.305257558822632,
0,2,10,10,2,7000,V1,V0,PN,"[0.6536571257888019, 0.8447727816155242]",79.17986345291138,"[0.6550384776799039, 0.8340367501678387]",12.45592212677002,"[0.6506208706901839, 0.8883587875430508]","[0.49402838444547315, 0.6543128674144524]","[0.6506208706901839, 0.8883587875430508]",12.734408617019652,"{'V3': 1.0, 'V4': 1.0, 'V5': 1.0}","[0.654591549234543, 0.8294782913408617]",12.978527307510376,"{'V3': 0.330445, 'V4': 1.0, 'V5': 1.0}","[0.6136481841251248, 0.8611043863293079]",37.8924343585968,,"[0.4234978615233569, 0.594875897371191]",11.435285806655884,,"[0.6213782086620516, 0.8593747828660891]",30.305257558822632,
0,2,10,10,2,7000,V2,V0,PN,"[0.24815281168172731, 0.5144154294729593]",79.17986345291138,"[0.24251634460738655, 0.5013041154594305]",12.45592212677002,"[0.2282307110005323, 0.5293911315803326]","[0.40519839036169525, 0.5484554686747951]","[0.2282307110005323, 0.5293911315803326]",12.734408617019652,"{'V3': 1.0, 'V4': 1.0, 'V5': 1.0}","[0.23605723809257326, 0.5159101067491265]",12.978527307510376,"{'V3': 0.330445, 'V4': 1.0, 'V5': 1.0}","[0.16343616670941385, 0.5755587555705373]",37.8924343585968,,"[0.3941394118099085, 0.556077088208776]",11.435285806655884,,"[0.21001586238343978, 0.5557329317606997]",30.305257558822632,
0,2,10,10,2,8000,V1,V0,PS,"[0.7270429979603195, 0.9383627131982757]",90.49693942070007,"[0.7253702916230622, 0.9317398667171412]",14.137351989746094,"[0.7210247097808495, 0.9844883031342316]","[0.49159606831844194, 0.6723073456216049]","[0.7210247097808495, 0.9844883031342316]",14.514944791793823,"{'V3': 1.0, 'V4': 1.0, 'V5': 1.0}","[0.7243215653899457, 0.9234269336694799]",14.811424970626833,"{'V3': 0.335228125, 'V4': 1.0, 'V5': 1.0}","[0.7113100797140278, 0.9314734918776894]",43.33684730529785,,"[0.5127993213409963, 0.6393444078528541]",12.971927881240845,,"[0.6915173323198617, 0.9306495278832179]",34.57414770126343,
0,2,10,10,2,8000,V2,V0,PS,"[0.355873699669007, 0.6953021165940901]",90.49693942070007,"[0.35045799258957416, 0.6854924197095059]",14.137351989746094,"[0.319276664128295, 0.7405762080357261]","[0.3961870144217243, 0.566503286944366]","[0.319276664128295, 0.7405762080357261]",14.514944791793823,"{'V3': 1.0, 'V4': 1.0, 'V5': 1.0}","[0.34063764597019536, 0.6988213163979271]",14.811424970626833,"{'V3': 0.335228125, 'V4': 1.0, 'V5': 1.0}","[0.25728528521235067, 0.7595513526397878]",43.33684730529785,,"[0.468864510338324, 0.6238873148290968]",12.971927881240845,,"[0.30864960053183854, 0.7585742726317217]",34.57414770126343,
0,2,10,10,2,8000,V1,V0,PN,"[0.6554475305849508, 0.8521545194296127]",90.49693942070007,"[0.6561191216297132, 0.8427120365834201]",14.137351989746094,"[0.6506208706901839, 0.8883587875430508]","[0.49402838444547315, 0.6543128674144524]","[0.6506208706901839, 0.8883587875430508]",14.514944791793823,"{'V3': 1.0, 'V4': 1.0, 'V5': 1.0}","[0.654591549234543, 0.8388615152279422]",14.811424970626833,"{'V3': 0.335228125, 'V4': 1.0, 'V5': 1.0}","[0.6136481841251248, 0.8611043863293079]",43.33684730529785,,"[0.4234978615233569, 0.594875897371191]",12.971927881240845,,"[0.6213782086620516, 0.8593747828660891]",34.57414770126343,
0,2,10,10,2,8000,V2,V0,PN,"[0.24152776908195608, 0.5213718995910845]",90.49693942070007,"[0.24399251196881203, 0.5088024658816735]",14.137351989746094,"[0.2282307110005323, 0.5293911315803326]","[0.40519839036169525, 0.5484554686747951]","[0.2282307110005323, 0.5293911315803326]",14.514944791793823,"{'V3': 1.0, 'V4': 1.0, 'V5': 1.0}","[0.23627634645975204, 0.5186176237463351]",14.811424970626833,"{'V3': 0.335228125, 'V4': 1.0, 'V5': 1.0}","[0.16343616670941385, 0.5755587555705373]",43.33684730529785,,"[0.3941394118099085, 0.556077088208776]",12.971927881240845,,"[0.21001586238343978, 0.5557329317606997]",34.57414770126343,
0,2,10,10,2,9000,V1,V0,PS,"[0.7263470280936859, 0.9383627131982757]",101.80670261383057,"[0.7210012723373944, 0.9307896236396002]",15.792974472045898,"[0.7210247097808495, 0.9844883031342316]","[0.49159606831844194, 0.6723073456216049]","[0.7210247097808495, 0.9844883031342316]",16.28429651260376,"{'V3': 1.0, 'V4': 1.0, 'V5': 1.0}","[0.7210012723373944, 0.9234269336694799]",16.587719440460205,"{'V3': 0.33041744444444443, 'V4': 1.0, 'V5': 1.0}","[0.7113100797140278, 0.9336868974374466]",48.72470617294312,,"[0.5123270487265861, 0.6393444078528541]",14.498881816864014,,"[0.6915173323198617, 0.9306495278832179]",38.85629868507385,
0,2,10,10,2,9000,V2,V0,PS,"[0.35244121814530294, 0.6965934181285948]",101.80670261383057,"[0.343085783072604, 0.69233183487668]",15.792974472045898,"[0.319276664128295, 0.7405762080357261]","[0.3961870144217243, 0.566503286944366]","[0.319276664128295, 0.7405762080357261]",16.28429651260376,"{'V3': 1.0, 'V4': 1.0, 'V5': 1.0}","[0.3337988704262588, 0.7020746206789269]",16.587719440460205,"{'V3': 0.33041744444444443, 'V4': 1.0, 'V5': 1.0}","[0.25728528521235067, 0.7595513526397878]",48.72470617294312,,"[0.468864510338324, 0.6238873148290968]",14.498881816864014,,"[0.30864960053183854, 0.7585742726317217]",38.85629868507385,
0,2,10,10,2,9000,V1,V0,PN,"[0.6536571257888019, 0.8556310888564037]",101.80670261383057,"[0.6505865214402913, 0.8427120365834201]",15.792974472045898,"[0.6506208706901839, 0.8883587875430508]","[0.49402838444547315, 0.6543128674144524]","[0.6506208706901839, 0.8883587875430508]",16.28429651260376,"{'V3': 1.0, 'V4': 1.0, 'V5': 1.0}","[0.6512485426869057, 0.8367321117303962]",16.587719440460205,"{'V3': 0.33041744444444443, 'V4': 1.0, 'V5': 1.0}","[0.6136481841251248, 0.8611043863293079]",48.72470617294312,,"[0.4234978615233569, 0.594875897371191]",14.498881816864014,,"[0.6213782086620516, 0.8593747828660891]",38.85629868507385,
0,2,10,10,2,9000,V2,V0,PN,"[0.237998726685101, 0.5227034840697451]",101.80670261383057,"[0.23614719966231493, 0.5114068958456464]",15.792974472045898,"[0.2282307110005323, 0.5293911315803326]","[0.40344576639126445, 0.5484554686747951]","[0.2282307110005323, 0.5293911315803326]",16.28429651260376,"{'V3': 1.0, 'V4': 1.0, 'V5': 1.0}","[0.23265708624800582, 0.5199980927638563]",16.587719440460205,"{'V3': 0.33041744444444443, 'V4': 1.0, 'V5': 1.0}","[0.16343616670941385, 0.5755587555705373]",48.72470617294312,,"[0.3941394118099085, 0.556077088208776]",14.498881816864014,,"[0.21001586238343978, 0.5630568758632878]",38.85629868507385,
0,2,10,10,2,10000,V1,V0,PS,"[0.7270429979603195, 0.9371933506430323]",113.13478493690492,"[0.7160390430768622, 0.9281099903052612]",17.484737873077393,"[0.7210247097808495, 0.9844883031342316]","[0.49159606831844194, 0.6723073456216049]","[0.7210247097808495, 0.9844883031342316]",18.01628017425537,"{'V3': 1.0, 'V4': 1.0, 'V5': 1.0}","[0.7181279919421967, 0.9224691299388761]",18.34802293777465,"{'V3': 0.3274652, 'V4': 1.0, 'V5': 1.0}","[0.7113100797140278, 0.9391504755320619]",54.12476587295532,,"[0.5123270487265861, 0.6393444078528541]",16.117283821105957,,"[0.6915173323198617, 0.9306495278832179]",43.0569167137146,
0,2,10,10,2,10000,V2,V0,PS,"[0.34847548683866164, 0.701087874394272]",113.13478493690492,"[0.343085783072604, 0.6908718376745757]",17.484737873077393,"[0.319276664128295, 0.7405762080357261]","[0.3961870144217243, 0.566503286944366]","[0.319276664128295, 0.7405762080357261]",18.01628017425537,"{'V3': 1.0, 'V4': 1.0, 'V5': 1.0}","[0.33722693469369497, 0.699569480230673]",18.34802293777465,"{'V3': 0.3274652, 'V4': 1.0, 'V5': 1.0}","[0.25728528521235067, 0.7595513526397878]",54.12476587295532,,"[0.468864510338324, 0.6238873148290968]",16.117283821105957,,"[0.30864960053183854, 0.7585742726317217]",43.0569167137146,
0,2,10,10,2,10000,V1,V0,PN,"[0.6554475305849508, 0.8536959333420981]",113.13478493690492,"[0.6455417636510291, 0.8420700888917025]",17.484737873077393,"[0.6506208706901839, 0.8883587875430508]","[0.49402838444547315, 0.6543128674144524]","[0.6506208706901839, 0.8883587875430508]",18.01628017425537,"{'V3': 1.0, 'V4': 1.0, 'V5': 1.0}","[0.6481981578037029, 0.8344985303534532]",18.34802293777465,"{'V3': 0.3274652, 'V4': 1.0, 'V5': 1.0}","[0.6136481841251248, 0.8611043863293079]",54.12476587295532,,"[0.4234978615233569, 0.594875897371191]",16.117283821105957,,"[0.6213782086620516, 0.8593747828660891]",43.0569167137146,
0,2,10,10,2,10000,V2,V0,PN,"[0.237998726685101, 0.528504533087186]",113.13478493690492,"[0.23475723535436946, 0.5164389067230712]",17.484737873077393,"[0.2282307110005323, 0.5293911315803326]","[0.3805815149567758, 0.5484554686747951]","[0.2282307110005323, 0.5293911315803326]",18.01628017425537,"{'V3': 1.0, 'V4': 1.0, 'V5': 1.0}","[0.23265708624800582, 0.5231271888105071]",18.34802293777465,"{'V3': 0.3274652, 'V4': 1.0, 'V5': 1.0}","[0.16343616670941385, 0.5755587555705373]",54.12476587295532,,"[0.3941394118099085, 0.556077088208776]",16.117283821105957,,"[0.21001586238343978, 0.5834275301445893]",43.0569167137146,
0,2,8,10,2,1000,V1,V0,PS,"[0.358719308540625, 0.8646509602652467]",10.391452550888062,"[0.3529655281670161, 0.7619039514536152]",1.6193287372589111,"[0.3408877774546624, 1.0]","[0.4259844119805282, 0.6043194987282674]","[0.3408877774546624, 1.0]",1.7966537475585938,"{'V3': 1.0, 'V4': 1.0, 'V5': 1.0}","[0.42479038836627603, 0.806363091391532]",1.8214333057403564,"{'V3': 0.34936, 'V4': 1.0, 'V5': 1.0}","[0.3290777238097755, 0.8683906004671406]",5.184976816177368,,"[0.5285856883832777, 0.662958394780167]",1.5976166725158691,,"[0.2390620913093676, 0.7981456132541619]",3.906885862350464,
0,2,8,10,2,1000,V2,V0,PS,"[0.39454302900598914, 0.7440933067595572]",10.391452550888062,"[0.4609644051589516, 0.7887451639150358]",1.6193287372589111,"[0.3884680984577254, 0.8019097709840313]","[0.5378878760496972, 0.6508867530696193]","[0.3884680984577254, 0.8019097709840313]",1.7966537475585938,"{'V3': 1.0, 'V4': 1.0, 'V5': 1.0}","[0.3908673953209627, 0.7232712375082426]",1.8214333057403564,"{'V3': 0.34936, 'V4': 1.0, 'V5': 1.0}","[0.44008672193518567, 0.8045666509795713]",5.184976816177368,,"[0.5713631180858053, 0.6874174642032234]",1.5976166725158691,,"[0.38954672970018484, 0.7419157565724342]",3.906885862350464,
0,2,8,10,2,1000,V1,V0,PN,"[0.1038156373141369, 0.30178991745342376]",10.391452550888062,"[0.11100587911869958, 0.27946775648778943]",1.6193287372589111,"[0.1076331415104109, 0.3157436218866075]","[0.2899212973748276, 0.43706562234334667]","[0.1076331415104109, 0.3157436218866075]",1.7966537475585938,"{'V3': 1.0, 'V4': 1.0, 'V5': 1.0}","[0.12363763989635113, 0.2797507239814479]",1.8214333057403564,"{'V3': 0.34936, 'V4': 1.0, 'V5': 1.0}","[0.10006299107295362, 0.328565846813282]",5.184976816177368,,"[0.27420120967825606, 0.39653871136106894]",1.5976166725158691,,"[0.06778803716171919, 0.2959270196244391]",3.906885862350464,
0,2,8,10,2,1000,V2,V0,PN,"[0.11698677452579598, 0.3176186367589339]",10.391452550888062,"[0.1566844276568469, 0.35684130495811406]",1.6193287372589111,"[0.1450958357819677, 0.2995194944053209]","[0.4406556491047299, 0.5527797822359539]","[0.1450958357819677, 0.2995194944053209]",1.7966537475585938,"{'V3': 1.0, 'V4': 1.0, 'V5': 1.0}","[0.134192081451337, 0.30528564936194746]",1.8214333057403564,"{'V3': 0.34936, 'V4': 1.0, 'V5': 1.0}","[0.16813367762832887, 0.4154047173039703]",5.184976816177368,,"[0.4221505508274528, 0.5181392335618733]",1.5976166725158691,,"[0.13580256346080896, 0.33356289404144096]",3.906885862350464,
0,2,8,10,2,2000,V1,V0,PS,"[0.38492150481770654, 0.8120055962891406]",20.75076460838318,"[0.36291917474528423, 0.8338228924514614]",3.226936817169189,"[0.3408877774546624, 1.0]","[0.4259844119805282, 0.6110260671408538]","[0.3408877774546624, 1.0]",3.4018592834472656,"{'V3': 1.0, 'V4': 1.0, 'V5': 1.0}","[0.4375611583716738, 0.8115143592778872]",3.4765357971191406,"{'V3': 0.334738, 'V4': 1.0, 'V5': 1.0}","[0.3165924114017632, 0.8683906004671406]",10.227718353271484,,"[0.5143821569513437, 0.6655555344385837]",3.070265531539917,,"[0.2390620913093676, 0.8122730652584078]",7.68209981918335,
0,2,8,10,2,2000,V2,V0,PS,"[0.38092256901214366, 0.7688422739795571]",20.75076460838318,"[0.42803892200746485, 0.8158497686429348]",3.226936817169189,"[0.3884680984577254, 0.8019097709840313]","[0.5344263860586438, 0.6581881011627734]","[0.3884680984577254, 0.8019097709840313]",3.4018592834472656,"{'V3': 1.0, 'V4': 1.0, 'V5': 1.0}","[0.37767514387029244, 0.7749505778305842]",3.4765357971191406,"{'V3': 0.334738, 'V4': 1.0, 'V5': 1.0}","[0.4013158342381186, 0.8045666509795713]",10.227718353271484,,"[0.5713631180858053, 0.6965312516003189]",3.070265531539917,,"[0.38954672970018484, 0.780406639915192]",7.68209981918335,
0,2,8,10,2,2000,V1,V0,PN,"[0.11380246967498195, 0.2789220231836635]",20.75076460838318,"[0.11100587911869958, 0.28654483755353455]",3.226936817169189,"[0.1076331415104109, 0.3157436218866075]","[0.28595663026856644, 0.43706562234334667]","[0.1076331415104109, 0.3157436218866075]",3.4018592834472656,"{'V3': 1.0, 'V4': 1.0, 'V5': 1.0}","[0.1287899768207157, 0.2794078291452678]",3.4765357971191406,"{'V3': 0.334738, 'V4': 1.0, 'V5': 1.0}","[0.0872656216017774, 0.328565846813282]",10.227718353271484,,"[0.2681074120424708, 0.4111581359047239]",3.070265531539917,,"[0.06778803716171919, 0.29800989992654575]",7.68209981918335,
0,2,8,10,2,2000,V2,V0,PN,"[0.13022734460704444, 0.32677034484011436]",20.75076460838318,"[0.14847414673553888, 0.36010789387129033]",3.226936817169189,"[0.1450958357819677, 0.2995194944053209]","[0.42863049085268845, 0.5717076794806162]","[0.1450958357819677, 0.2995194944053209]",3.4018592834472656,"{'V3': 1.0, 'V4': 1.0, 'V5': 1.0}","[0.12828158021938726, 0.3325807502294922]",3.4765357971191406,"{'V3': 0.334738, 'V4': 1.0, 'V5': 1.0}","[0.12475851895525984, 0.4154047173039703]",10.227718353271484,,"[0.4221505508274528, 0.5181392335618733]",3.070265531539917,,"[0.12501214950449815, 0.3559222374594517]",7.68209981918335,
0,2,8,10,2,3000,V1,V0,PS,"[0.34009924705720884, 0.8647232972622518]",31.100976943969727,"[0.3518339245631971, 0.840534738337244]",4.793292999267578,"[0.3408877774546624, 1.0]","[0.4259844119805282, 0.6110260671408538]","[0.3408877774546624, 1.0]",5.175969362258911,"{'V3': 1.0, 'V4': 1.0, 'V5': 1.0}","[0.41850873164428076, 0.8246342508058898]",5.312858581542969,"{'V3': 0.330994, 'V4': 1.0, 'V5': 1.0}","[0.3165924114017632, 0.8683906004671406]",15.804620265960692,,"[0.5143821569513437, 0.6655555344385837]",4.72775673866272,,"[0.2390620913093676, 0.8978551536257962]",11.913495302200316,
0,2,8,10,2,3000,V2,V0,PS,"[0.37109847175123767, 0.7581151741139914]",31.100976943969727,"[0.445048437782062, 0.7925785207823766]",4.793292999267578,"[0.3884680984577254, 0.8019097709840313]","[0.5344263860586438, 0.6581881011627734]","[0.3884680984577254, 0.8019097709840313]",5.175969362258911,"{'V3': 1.0, 'V4': 1.0, 'V5': 1.0}","[0.37767514387029244, 0.7596789041362056]",5.312858581542969,"{'V3': 0.330994, 'V4': 1.0, 'V5': 1.0}","[0.3614240990070864, 0.8168871573333978]",15.804620265960692,,"[0.5713631180858053, 0.6965312516003189]",4.72775673866272,,"[0.38954672970018484, 0.780406639915192]",11.913495302200316,
0,2,8,10,2,3000,V1,V0,PN,"[0.09772369891137363, 0.29557357046052246]",31.100976943969727,"[0.09986538937746392, 0.29122074417033783]",4.793292999267578,"[0.1076331415104109, 0.3157436218866075]","[0.28570729507659803, 0.43706562234334667]","[0.1076331415104109, 0.3157436218866075]",5.175969362258911,"{'V3': 1.0, 'V4': 1.0, 'V5': 1.0}","[0.12769619017059858, 0.2789084080832689]",5.312858581542969,"{'V3': 0.330994, 'V4': 1.0, 'V5': 1.0}","[0.0872656216017774, 0.328565846813282]",15.804620265960692,,"[0.2681074120424708, 0.4111581359047239]",4.72775673866272,,"[0.06778803716171919, 0.3171950887234175]",11.913495302200316,
0,2,8,10,2,3000,V2,V0,PN,"[0.12151072165237867, 0.32700711276130295]",31.100976943969727,"[0.1566844276568469, 0.33247580443657454]",4.793292999267578,"[0.1450958357819677, 0.2995194944053209]","[0.42863049085268845, 0.5717076794806162]","[0.1450958357819677, 0.2995194944053209]",5.175969362258911,"{'V3': 1.0, 'V4': 1.0, 'V5': 1.0}","[0.12828158021938726, 0.32822253857144007]",5.312858581542969,"{'V3': 0.330994, 'V4': 1.0, 'V5': 1.0}","[0.12314986701254514, 0.4154047173039703]",15.804620265960692,,"[0.4200853939783811, 0.5181392335618733]",4.72775673866272,,"[0.12501214950449815, 0.3559222374594517]",11.913495302200316,
0,2,8,10,2,4000,V1,V0,PS,"[0.34009924705720884, 0.8626180777638053]",41.37582850456238,"[0.3518339245631971, 0.840534738337244]",6.3983190059661865,"[0.3408877774546624, 1.0]","[0.4259844119805282, 0.6110260671408538]","[0.3408877774546624, 1.0]",6.800740718841553,"{'V3': 1.0, 'V4': 1.0, 'V5': 1.0}","[0.3533030713420306, 0.8513796212163638]",6.9697585105896,"{'V3': 0.319373, 'V4': 1.0, 'V5': 1.0}","[0.3165924114017632, 0.8683906004671406]",20.92980670928955,,"[0.5143821569513437, 0.6655555344385837]",6.236160039901733,,"[0.2390620913093676, 0.8978551536257962]",15.833438634872437,
0,2,8,10,2,4000,V2,V0,PS,"[0.38092256901214366, 0.7581151741139914]",41.37582850456238,"[0.42803892200746485, 0.7797417825557963]",6.3983190059661865,"[0.3884680984577254, 0.8019097709840313]","[0.5323828539544465, 0.6581881011627734]","[0.3884680984577254, 0.8019097709840313]",6.800740718841553,"{'V3': 1.0, 'V4': 1.0, 'V5': 1.0}","[0.3618694634715505, 0.7766239256590468]",6.9697585105896,"{'V3': 0.319373, 'V4': 1.0, 'V5': 1.0}","[0.33487999499509535, 0.8168871573333978]",20.92980670928955,,"[0.5713631180858053, 0.6965312516003189]",6.236160039901733,,"[0.38954672970018484, 0.780406639915192]",15.833438634872437,
0,2,8,10,2,4000,V1,V0,PN,"[0.09772369891137363, 0.29062679882166725]",41.37582850456238,"[0.10142917009896761, 0.29122074417033783]",6.3983190059661865,"[0.1076331415104109, 0.3157436218866075]","[0.27878386582365294, 0.43706562234334667]","[0.1076331415104109, 0.3157436218866075]",6.800740718841553,"{'V3': 1.0, 'V4': 1.0, 'V5': 1.0}","[0.1034563727318056, 0.28758158117028454]",6.9697585105896,"{'V3': 0.319373, 'V4': 1.0, 'V5': 1.0}","[0.0872656216017774, 0.328565846813282]",20.92980670928955,,"[0.2681074120424708, 0.4111581359047239]",6.236160039901733,,"[0.06778803716171919, 0.3171950887234175]",15.833438634872437,
0,2,8,10,2,4000,V2,V0,PN,"[0.1265597313578606, 0.32489384052638504]",41.37582850456238,"[0.1566844276568469, 0.32461752458621806]",6.3983190059661865,"[0.1450958357819677, 0.2995194944053209]","[0.42863049085268845, 0.5717076794806162]","[0.1450958357819677, 0.2995194944053209]",6.800740718841553,"{'V3': 1.0, 'V4': 1.0, 'V5': 1.0}","[0.11549373389211397, 0.3325807502294922]",6.9697585105896,"{'V3': 0.319373, 'V4': 1.0, 'V5': 1.0}","[0.10480841846705866, 0.4154047173039703]",20.92980670928955,,"[0.4180938621142096, 0.5181392335618733]",6.236160039901733,,"[0.12501214950449815, 0.3559222374594517]",15.833438634872437,
0,2,8,10,2,5000,V1,V0,PS,"[0.3522432050012977, 0.8680750963829736]",52.52215433120728,"[0.3670202175054781, 0.8380763429953714]",7.966616630554199,"[0.3408877774546624, 1.0]","[0.4259844119805282, 0.6110260671408538]","[0.3408877774546624, 1.0]",8.434391260147095,"{'V3': 1.0, 'V4': 1.0, 'V5': 1.0}","[0.35424086285813, 0.8513796212163638]",8.71923565864563,"{'V3': 0.3164086, 'V4': 1.0, 'V5': 1.0}","[0.3165924114017632, 0.8683906004671406]",26.029064416885376,,"[0.5114116517754765, 0.6655555344385837]",7.772838354110718,,"[0.2390620913093676, 0.8978551536257962]",19.792178630828857,
0,2,8,10,2,5000,V2,V0,PS,"[0.38092256901214366, 0.7597723980362819]",52.52215433120728,"[0.417178070530576, 0.7759720201707381]",7.966616630554199,"[0.3884680984577254, 0.8019097709840313]","[0.5323828539544465, 0.6581881011627734]","[0.3884680984577254, 0.8019097709840313]",8.434391260147095,"{'V3': 1.0, 'V4': 1.0, 'V5': 1.0}","[0.37369799406211757, 0.7567013890676882]",8.71923565864563,"{'V3': 0.3164086, 'V4': 1.0, 'V5': 1.0}","[0.33487999499509535, 0.8168871573333978]",26.029064416885376,,"[0.5713631180858053, 0.6965312516003189]",7.772838354110718,,"[0.38954672970018484, 0.780406639915192]",19.792178630828857,
0,2,8,10,2,5000,V1,V0,PN,"[0.10052553841593143, 0.29631892528911774]",52.52215433120728,"[0.1044778056307343, 0.2873164133485771]",7.966616630554199,"[0.1076331415104109, 0.3157436218866075]","[0.267418466940167, 0.43706562234334667]","[0.1076331415104109, 0.3157436218866075]",8.434391260147095,"{'V3': 1.0, 'V4': 1.0, 'V5': 1.0}","[0.1034563727318056, 0.28758158117028454]",8.71923565864563,"{'V3': 0.3164086, 'V4': 1.0, 'V5': 1.0}","[0.0872656216017774, 0.328565846813282]",26.029064416885376,,"[0.26474744444609444, 0.4111581359047239]",7.772838354110718,,"[0.06778803716171919, 0.3171950887234175]",19.792178630828857,
0,2,8,10,2,5000,V2,V0,PN,"[0.12151072165237867, 0.3270455404691592]",52.52215433120728,"[0.14666079825128087, 0.3270530559401979]",7.966616630554199,"[0.1450958357819677, 0.2995194944053209]","[0.42863049085268845, 0.5717076794806162]","[0.1450958357819677, 0.2995194944053209]",8.434391260147095,"{'V3': 1.0, 'V4': 1.0, 'V5': 1.0}","[0.1267198429916507, 0.3260249391874743]",8.71923565864563,"{'V3': 0.3164086, 'V4': 1.0, 'V5': 1.0}","[0.10480841846705866, 0.4154047173039703]",26.029064416885376,,"[0.4180938621142096, 0.5235480340162534]",7.772838354110718,,"[0.12501214950449815, 0.3559222374594517]",19.792178630828857,
0,2,8,10,2,6000,V1,V0,PS,"[0.3522432050012977, 0.8784423748131872]",62.85171389579773,"[0.37051483803651714, 0.840534738337244]",9.580341339111328,"[0.3408877774546624, 1.0]","[0.4259844119805282, 0.6125998915124051]","[0.3408877774546624, 1.0]",10.097463130950928,"{'V3': 1.0, 'V4': 1.0, 'V5': 1.0}","[0.356349351853085, 0.8452501025156385]",10.39572811126709,"{'V3': 0.32008533333333333, 'V4': 1.0, 'V5': 1.0}","[0.3165924114017632, 0.8683906004671406]",31.122377157211304,,"[0.5114116517754765, 0.6655555344385837]",9.279362916946411,,"[0.2390620913093676, 0.9067900684069741]",23.72978091239929,
0,2,8,10,2,6000,V2,V0,PS,"[0.36626506259255737, 0.772207693020411]",62.85171389579773,"[0.40990669015491643, 0.7724322151594188]",9.580341339111328,"[0.3884680984577254, 0.8019097709840313]","[0.5323828539544465, 0.6581881011627734]","[0.3884680984577254, 0.8019097709840313]",10.097463130950928,"{'V3': 1.0, 'V4': 1.0, 'V5': 1.0}","[0.3802410098887541, 0.7596789041362056]",10.39572811126709,"{'V3': 0.32008533333333333, 'V4': 1.0, 'V5': 1.0}","[0.33487999499509535, 0.8168871573333978]",31.122377157211304,,"[0.5713631180858053, 0.6965312516003189]",9.279362916946411,,"[0.32396511143828643, 0.780406639915192]",23.72978091239929,
0,2,8,10,2,6000,V1,V0,PN,"[0.10052553841593143, 0.30155546397009764]",62.85171389579773,"[0.1083930378000588, 0.2873164133485771]",9.580341339111328,"[0.1076331415104109, 0.3157436218866075]","[0.267418466940167, 0.43706562234334667]","[0.1076331415104109, 0.3157436218866075]",10.097463130950928,"{'V3': 1.0, 'V4': 1.0, 'V5': 1.0}","[0.10385862639832387, 0.2862377684222143]",10.39572811126709,"{'V3': 0.32008533333333333, 'V4': 1.0, 'V5': 1.0}","[0.0872656216017774, 0.328565846813282]",31.122377157211304,,"[0.26474744444609444, 0.4114573859777465]",9.279362916946411,,"[0.06778803716171919, 0.34682619972778916]",23.72978091239929,
0,2,8,10,2,6000,V2,V0,PN,"[0.12151072165237867, 0.3299300944684629]",62.85171389579773,"[0.14384210440197068, 0.3242457295447207]",9.580341339111328,"[0.1450958357819677, 0.2995194944053209]","[0.42863049085268845, 0.5717076794806162]","[0.1450958357819677, 0.2995194944053209]",10.097463130950928,"{'V3': 1.0, 'V4': 1.0, 'V5': 1.0}","[0.1267198429916507, 0.3318059795688689]",10.39572811126709,"{'V3': 0.32008533333333333, 'V4': 1.0, 'V5': 1.0}","[0.10480841846705866, 0.4154047173039703]",31.122377157211304,,"[0.4136402357629624, 0.5235480340162534]",9.279362916946411,,"[0.10513078267042028, 0.3559222374594517]",23.72978091239929,
0,2,8,10,2,7000,V1,V0,PS,"[0.3601059812852371, 0.8680750963829736]",73.15377998352051,"[0.36272042042544683, 0.852039162713582]",11.146652460098268,"[0.3408877774546624, 1.0]","[0.4259844119805282, 0.6125998915124051]","[0.3408877774546624, 1.0]",11.710842370986938,"{'V3': 1.0, 'V4': 1.0, 'V5': 1.0}","[0.36909292344959654, 0.8392240911548322]",12.147120237350464,"{'V3': 0.323002, 'V4': 1.0, 'V5': 1.0}","[0.3165924114017632, 0.8683906004671406]",36.48820948600769,,"[0.5114116517754765, 0.6655555344385837]",10.755655765533447,,"[0.2390620913093676, 0.9067900684069741]",27.76947045326233,
0,2,8,10,2,7000,V2,V0,PS,"[0.363106145286043, 0.771503107724211]",73.15377998352051,"[0.39218865116050866, 0.7759720201707381]",11.146652460098268,"[0.3884680984577254, 0.8019097709840313]","[0.5323828539544465, 0.6690163672323534]","[0.3884680984577254, 0.8019097709840313]",11.710842370986938,"{'V3': 1.0, 'V4': 1.0, 'V5': 1.0}","[0.3802410098887541, 0.7643280118519226]",12.147120237350464,"{'V3': 0.323002, 'V4': 1.0, 'V5': 1.0}","[0.33487999499509535, 0.8168871573333978]",36.48820948600769,,"[0.5713631180858053, 0.6983740068319206]",10.755655765533447,,"[0.32396511143828643, 0.780406639915192]",27.76947045326233,
0,2,8,10,2,7000,V1,V0,PN,"[0.10052553841593143, 0.2995602875444561]",73.15377998352051,"[0.10666949295551457, 0.2873164133485771]",11.146652460098268,"[0.1076331415104109, 0.3157436218866075]","[0.267418466940167, 0.43706562234334667]","[0.1076331415104109, 0.3157436218866075]",11.710842370986938,"{'V3': 1.0, 'V4': 1.0, 'V5': 1.0}","[0.107396495174725, 0.2862377684222143]",12.147120237350464,"{'V3': 0.323002, 'V4': 1.0, 'V5': 1.0}","[0.0872656216017774, 0.328565846813282]",36.48820948600769,,"[0.26474744444609444, 0.4114573859777465]",10.755655765533447,,"[0.06778803716171919, 0.3720632393207885]",27.76947045326233,
0,2,8,10,2,7000,V2,V0,PN,"[0.11947465547513839, 0.33075364505176086]",73.15377998352051,"[0.13410276419831005, 0.32697725396874394]",11.146652460098268,"[0.1450958357819677, 0.2995194944053209]","[0.42863049085268845, 0.5717076794806162]","[0.1450958357819677, 0.2995194944053209]",11.710842370986938,"{'V3': 1.0, 'V4': 1.0, 'V5': 1.0}","[0.1267198429916507, 0.3357297737266121]",12.147120237350464,"{'V3': 0.323002, 'V4': 1.0, 'V5': 1.0}","[0.10480841846705866, 0.4154047173039703]",36.48820948600769,,"[0.4136402357629624, 0.5235480340162534]",10.755655765533447,,"[0.10513078267042028, 0.3559222374594517]",27.76947045326233,
0,2,8,10,2,8000,V1,V0,PS,"[0.351526571994765, 0.8829044124778053]",83.47371411323547,"[0.370044025551735, 0.8492491814996572]",12.727988481521606,"[0.3408877774546624, 1.0]","[0.4255867353792338, 0.6125998915124051]","[0.3408877774546624, 1.0]",13.325843572616575,"{'V3': 1.0, 'V4': 1.0, 'V5': 1.0}","[0.3772337323145547, 0.8319193116879716]",13.853432416915894,"{'V3': 0.322961875, 'V4': 1.0, 'V5': 1.0}","[0.3165924114017632, 0.8683906004671406]",41.62703537940979,,"[0.5114116517754765, 0.6726495309184782]",12.228867292404177,,"[0.2390620913093676, 0.9067900684069741]",31.596617937088013,
0,2,8,10,2,8000,V2,V0,PS,"[0.3593968965901103, 0.7690938889944675]",83.47371411323547,"[0.3948584633643864, 0.7774803519072686]",12.727988481521606,"[0.3884680984577254, 0.8019097709840313]","[0.5217718166866577, 0.6690163672323534]","[0.3884680984577254, 0.8019097709840313]",13.325843572616575,"{'V3': 1.0, 'V4': 1.0, 'V5': 1.0}","[0.37767514387029244, 0.7643280118519226]",13.853432416915894,"{'V3': 0.322961875, 'V4': 1.0, 'V5': 1.0}","[0.33487999499509535, 0.8168871573333978]",41.62703537940979,,"[0.5713631180858053, 0.6983740068319206]",12.228867292404177,,"[0.32396511143828643, 0.780406639915192]",31.596617937088013,
0,2,8,10,2,8000,V1,V0,PN,"[0.10052553841593143, 0.30155546397009764]",83.47371411323547,"[0.1083930378000588, 0.28999499668529966]",12.727988481521606,"[0.1076331415104109, 0.3157436218866075]","[0.267418466940167, 0.43706562234334667]","[0.1076331415104109, 0.3157436218866075]",13.325843572616575,"{'V3': 1.0, 'V4': 1.0, 'V5': 1.0}","[0.10982215271082914, 0.2839882466355193]",13.853432416915894,"{'V3': 0.322961875, 'V4': 1.0, 'V5': 1.0}","[0.0872656216017774, 0.328565846813282]",41.62703537940979,,"[0.26474744444609444, 0.4224262652066827]",12.228867292404177,,"[0.06778803716171919, 0.3720632393207885]",31.596617937088013,
0,2,8,10,2,8000,V2,V0,PN,"[0.11947465547513839, 0.3279411125921314]",83.47371411323547,"[0.13410276419831005, 0.33107094372616813]",12.727988481521606,"[0.1450958357819677, 0.2995194944053209]","[0.42863049085268845, 0.5717076794806162]","[0.1450958357819677, 0.2995194944053209]",13.325843572616575,"{'V3': 1.0, 'V4': 1.0, 'V5': 1.0}","[0.1267198429916507, 0.3357297737266121]",13.853432416915894,"{'V3': 0.322961875, 'V4': 1.0, 'V5': 1.0}","[0.10480841846705866, 0.4154047173039703]",41.62703537940979,,"[0.4136402357629624, 0.5235480340162534]",12.228867292404177,,"[0.10513078267042028, 0.3559222374594517]",31.596617937088013,
0,2,8,10,2,9000,V1,V0,PS,"[0.3435171490250926, 0.8829044124778053]",93.80783534049988,"[0.3547811163454456, 0.8590748348775068]",15.39858078956604,"[0.3408877774546624, 1.0]","[0.4208445567353039, 0.6125998915124051]","[0.3408877774546624, 1.0]",14.989687204360962,"{'V3': 1.0, 'V4': 1.0, 'V5': 1.0}","[0.3812821151241431, 0.8404009017832476]",15.570612907409668,"{'V3': 0.3257503333333333, 'V4': 1.0, 'V5': 1.0}","[0.3165924114017632, 0.8683906004671406]",46.88159894943237,,"[0.5114116517754765, 0.6726495309184782]",13.7070574760437,,"[0.2390620913093676, 0.9067900684069741]",35.41996479034424,
0,2,8,10,2,9000,V2,V0,PS,"[0.35310017658939624, 0.7802734946139664]",93.80783534049988,"[0.4001595654359392, 0.7747878261678385]",15.39858078956604,"[0.3884680984577254, 0.8019097709840313]","[0.5217718166866577, 0.6690163672323534]","[0.3884680984577254, 0.8019097709840313]",14.989687204360962,"{'V3': 1.0, 'V4': 1.0, 'V5': 1.0}","[0.37767514387029244, 0.7688066564206328]",15.570612907409668,"{'V3': 0.3257503333333333, 'V4': 1.0, 'V5': 1.0}","[0.33487999499509535, 0.8168871573333978]",46.88159894943237,,"[0.5713631180858053, 0.7046405461589298]",13.7070574760437,,"[0.32396511143828643, 0.780406639915192]",35.41996479034424,
0,2,8,10,2,9000,V1,V0,PN,"[0.09738250125751834, 0.3024282269486104]",93.80783534049988,"[0.10346845780157546, 0.29231044009771623]",15.39858078956604,"[0.1076331415104109, 0.3157436218866075]","[0.267418466940167, 0.43706562234334667]","[0.1076331415104109, 0.3157436218866075]",14.989687204360962,"{'V3': 1.0, 'V4': 1.0, 'V5': 1.0}","[0.1104097923662519, 0.28791164147140047]",15.570612907409668,"{'V3': 0.3257503333333333, 'V4': 1.0, 'V5': 1.0}","[0.0872656216017774, 0.328565846813282]",46.88159894943237,,"[0.26474744444609444, 0.4224262652066827]",13.7070574760437,,"[0.06778803716171919, 0.3720632393207885]",35.41996479034424,
0,2,8,10,2,9000,V2,V0,PN,"[0.11947465547513839, 0.33220441980692894]",93.80783534049988,"[0.1362105668588914, 0.32824601880541276]",15.39858078956604,"[0.1450958357819677, 0.2995194944053209]","[0.42664405650948733, 0.5717076794806162]","[0.1450958357819677, 0.2995194944053209]",14.989687204360962,"{'V3': 1.0, 'V4': 1.0, 'V5': 1.0}","[0.1267198429916507, 0.33848374623057703]",15.570612907409668,"{'V3': 0.3257503333333333, 'V4': 1.0, 'V5': 1.0}","[0.10480841846705866, 0.4154047173039703]",46.88159894943237,,"[0.4136402357629624, 0.5235480340162534]",13.7070574760437,,"[0.10513078267042028, 0.3566281310065736]",35.41996479034424,
0,2,8,10,2,10000,V1,V0,PS,"[0.3328591114714013, 0.8829044124778053]",104.18966794013976,"[0.360633797869103, 0.8700705633251061]",16.967029094696045,"[0.3408877774546624, 1.0]","[0.4208445567353039, 0.6125998915124051]","[0.3408877774546624, 1.0]",16.603097915649414,"{'V3': 1.0, 'V4': 1.0, 'V5': 1.0}","[0.3869629440457189, 0.8430318483036637]",17.304446935653687,"{'V3': 0.3260705, 'V4': 1.0, 'V5': 1.0}","[0.3165924114017632, 0.8683906004671406]",52.25581288337708,,"[0.5114116517754765, 0.6726495309184782]",15.232871055603027,,"[0.2390620913093676, 0.9067900684069741]",39.348116636276245,
0,2,8,10,2,10000,V2,V0,PS,"[0.35310017658939624, 0.7802734946139664]",104.18966794013976,"[0.3962025675259001, 0.7774803519072686]",16.967029094696045,"[0.3884680984577254, 0.8019097709840313]","[0.5217718166866577, 0.6690163672323534]","[0.3884680984577254, 0.8019097709840313]",16.603097915649414,"{'V3': 1.0, 'V4': 1.0, 'V5': 1.0}","[0.3802410098887541, 0.7643280118519226]",17.304446935653687,"{'V3': 0.3260705, 'V4': 1.0, 'V5': 1.0}","[0.32440745541436045, 0.8168871573333978]",52.25581288337708,,"[0.5648792979039976, 0.7046405461589298]",15.232871055603027,,"[0.32396511143828643, 0.780406639915192]",39.348116636276245,
0,2,8,10,2,10000,V1,V0,PN,"[0.09387370046474129, 0.3024282269486104]",104.18966794013976,"[0.10441866843725692, 0.29845459866471963]",16.967029094696045,"[0.1076331415104109, 0.3157436218866075]","[0.267418466940167, 0.43706562234334667]","[0.1076331415104109, 0.3157436218866075]",16.603097915649414,"{'V3': 1.0, 'V4': 1.0, 'V5': 1.0}","[0.11268919923708189, 0.28718847914399326]",17.304446935653687,"{'V3': 0.3260705, 'V4': 1.0, 'V5': 1.0}","[0.0872656216017774, 0.328565846813282]",52.25581288337708,,"[0.26474744444609444, 0.4224262652066827]",15.232871055603027,,"[0.06778803716171919, 0.3720632393207885]",39.348116636276245,
0,2,8,10,2,10000,V2,V0,PN,"[0.11947465547513839, 0.33339662223091154]",104.18966794013976,"[0.13410276419831005, 0.33128028925616465]",16.967029094696045,"[0.1450958357819677, 0.2995194944053209]","[0.42664405650948733, 0.5717076794806162]","[0.1450958357819677, 0.2995194944053209]",16.603097915649414,"{'V3': 1.0, 'V4': 1.0, 'V5': 1.0}","[0.12401129789480028, 0.3357297737266121]",17.304446935653687,"{'V3': 0.3260705, 'V4': 1.0, 'V5': 1.0}","[0.10480841846705866, 0.4154047173039703]",52.25581288337708,,"[0.4136402357629624, 0.5235480340162534]",15.232871055603027,,"[0.10513078267042028, 0.3566281310065736]",39.348116636276245,
0,2,6,5,2,1000,V1,V0,PS,"[0.4708255122465466, 0.8827171880476312]",10.91319990158081,"[0.4112220524546679, 0.8540960185773749]",1.6754066944122314,"[0.2736590312739113, 1.0]","[0.5791939478692321, 0.7380201679360896]","[0.2736590312739113, 1.0]",1.855895519256592,"{'V3': 1.0, 'V4': 1.0, 'V5': 1.0}","[0.45092906428968166, 0.8273464649005148]",1.870978832244873,"{'V3': 0.341675, 'V4': 1.0, 'V5': 1.0}","[0.4506634001907752, 0.8607688764187004]",5.296579122543335,,"[0.6393387022952914, 0.7456889815166816]",1.5941617488861084,,"[0.4218602879468973, 0.8885686674143879]",4.118415594100952,
0,2,6,5,2,1000,V2,V0,PS,"[0.5588827056220864, 0.8712949564710029]",10.91319990158081,"[0.5213456159546953, 0.8881520878165093]",1.6754066944122314,"[0.4315392596872229, 1.0]","[0.5556497902372823, 0.6684736399235159]","[0.4315392596872229, 1.0]",1.855895519256592,"{'V3': 1.0, 'V4': 1.0, 'V5': 1.0}","[0.5352629233282455, 0.83961286277086]",1.870978832244873,"{'V3': 0.341675, 'V4': 1.0, 'V5': 1.0}","[0.5420606986164075, 0.8626431367265791]",5.296579122543335,,"[0.6523939653058418, 0.747334335124059]",1.5941617488861084,,"[0.5199087609829641, 0.8564616152387222]",4.118415594100952,
0,2,6,5,2,1000,V1,V0,PN,"[0.10833071634615934, 0.2545079427829972]",10.91319990158081,"[0.0978466656957088, 0.24914789056555237]",1.6754066944122314,"[0.0692730168265683, 0.2531362349128231]","[0.3852964206464509, 0.510130465273418]","[0.0692730168265683, 0.2531362349128231]",1.855895519256592,"{'V3': 1.0, 'V4': 1.0, 'V5': 1.0}","[0.10613592629169183, 0.24784557109320526]",1.870978832244873,"{'V3': 0.341675, 'V4': 1.0, 'V5': 1.0}","[0.10565130565678392, 0.27421687052370386]",5.296579122543335,,"[0.46755564117296855, 0.5926183764711976]",1.5941617488861084,,"[0.09060458640168378, 0.32429330953028074]",4.118415594100952,
0,2,6,5,2,1000,V2,V0,PN,"[0.1664223143345557, 0.35081731515954145]",10.91319990158081,"[0.15795771806257886, 0.3361247331428808]",1.6754066944122314,"[0.1477152150064806, 0.3422984391119912]","[0.4418055544353606, 0.5547418304736279]","[0.1477152150064806, 0.3422984391119912]",1.855895519256592,"{'V3': 1.0, 'V4': 1.0, 'V5': 1.0}","[0.16749751575333008, 0.3260377797746297]",1.870978832244873,"{'V3': 0.341675, 'V4': 1.0, 'V5': 1.0}","[0.19670336182973597, 0.3705701191345281]",5.296579122543335,,"[0.5940398878057515, 0.6790091019512002]",1.5941617488861084,,"[0.16429425334373085, 0.40362822441078006]",4.118415594100952,
0,2,6,5,2,2000,V1,V0,PS,"[0.42044616778218913, 0.9341414772438599]",21.72764110565185,"[0.36600660131328766, 0.8689688221776549]",3.296562910079956,"[0.2736590312739113, 1.0]","[0.5791939478692321, 0.7380201679360896]","[0.2736590312739113, 1.0]",3.539222240447998,"{'V3': 1.0, 'V4': 1.0, 'V5': 1.0}","[0.481393006160093, 0.8817342923634938]",3.6227567195892334,"{'V3': 0.3399025, 'V4': 1.0, 'V5': 1.0}","[0.38217469477023625, 0.8607688764187004]",10.423697233200071,,"[0.6393387022952914, 0.7545619304130442]",3.0724847316741943,,"[0.3945353962030956, 0.8885686674143879]",8.100380659103394,
0,2,6,5,2,2000,V2,V0,PS,"[0.5164990934951768, 0.8712949564710029]",21.72764110565185,"[0.47582445876904045, 0.8554136487097284]",3.296562910079956,"[0.4315392596872229, 1.0]","[0.5538582167912472, 0.6773694028103537]","[0.4315392596872229, 1.0]",3.539222240447998,"{'V3': 1.0, 'V4': 1.0, 'V5': 1.0}","[0.5227965376472024, 0.888025206639411]",3.6227567195892334,"{'V3': 0.3399025, 'V4': 1.0, 'V5': 1.0}","[0.5351135462448133, 0.8626431367265791]",10.423697233200071,,"[0.648823851790532, 0.747334335124059]",3.0724847316741943,,"[0.42404447162525966, 0.8830172827453888]",8.100380659103394,
0,2,6,5,2,2000,V1,V0,PN,"[0.09701710651276971, 0.2668551454966371]",21.72764110565185,"[0.08360783999193364, 0.2515822102811452]",3.296562910079956,"[0.0692730168265683, 0.2531362349128231]","[0.38064051018530576, 0.5244610682807896]","[0.0692730168265683, 0.2531362349128231]",3.539222240447998,"{'V3': 1.0, 'V4': 1.0, 'V5': 1.0}","[0.11241798151964039, 0.2625953286019828]",3.6227567195892334,"{'V3': 0.3399025, 'V4': 1.0, 'V5': 1.0}","[0.09413979597781537, 0.27421687052370386]",10.423697233200071,,"[0.46755564117296855, 0.5955287110383891]",3.0724847316741943,,"[0.09060458640168378, 0.32429330953028074]",8.100380659103394,
0,2,6,5,2,2000,V2,V0,PN,"[0.15119373722662555, 0.35423613199075843]",21.72764110565185,"[0.13676881650697276, 0.325596320810822]",3.296562910079956,"[0.1477152150064806, 0.3422984391119912]","[0.4103717675876169, 0.5564601313583543]","[0.1477152150064806, 0.3422984391119912]",3.539222240447998,"{'V3': 1.0, 'V4': 1.0, 'V5': 1.0}","[0.16302435163127735, 0.36085884112310057]",3.6227567195892334,"{'V3': 0.3399025, 'V4': 1.0, 'V5': 1.0}","[0.17392577196814446, 0.3705701191345281]",10.423697233200071,,"[0.5884996567045644, 0.6794708983506015]",3.0724847316741943,,"[0.1333180920691916, 0.40362822441078006]",8.100380659103394,
0,2,6,5,2,3000,V1,V0,PS,"[0.4398908458771502, 0.9405653260200331]",33.25356340408325,"[0.35140106558847367, 0.8978675032641015]",4.907186508178711,"[0.2736590312739113, 1.0]","[0.5791939478692321, 0.7380201679360896]","[0.2736590312739113, 1.0]",5.379022598266602,"{'V3': 1.0, 'V4': 1.0, 'V5': 1.0}","[0.4683106470203487, 0.8711065660933129]",5.494940280914307,"{'V3': 0.332746, 'V4': 1.0, 'V5': 1.0}","[0.38217469477023625, 0.9248832137714512]",16.132985830307007,,"[0.6393387022952914, 0.7545619304130442]",4.785852909088135,,"[0.35739976948182006, 0.8885686674143879]",12.475992918014526,
0,2,6,5,2,3000,V2,V0,PS,"[0.5127353947685297, 0.876152819116706]",33.25356340408325,"[0.49690958705937405, 0.8441669002780093]",4.907186508178711,"[0.4315392596872229, 1.0]","[0.5538582167912472, 0.6844607504003988]","[0.4315392596872229, 1.0]",5.379022598266602,"{'V3': 1.0, 'V4': 1.0, 'V5': 1.0}","[0.5113647468538156, 0.8843094188808581]",5.494940280914307,"{'V3': 0.332746, 'V4': 1.0, 'V5': 1.0}","[0.5168304670437809, 0.8626431367265791]",16.132985830307007,,"[0.648823851790532, 0.747334335124059]",4.785852909088135,,"[0.42404447162525966, 0.8830172827453888]",12.475992918014526,
0,2,6,5,2,3000,V1,V0,PN,"[0.10358047776229773, 0.2668551454966371]",33.25356340408325,"[0.07675558796367876, 0.2622577104950485]",4.907186508178711,"[0.0692730168265683, 0.2531362349128231]","[0.37772124547924507, 0.5244610682807896]","[0.0692730168265683, 0.2531362349128231]",5.379022598266602,"{'V3': 1.0, 'V4': 1.0, 'V5': 1.0}","[0.10461754212023841, 0.26106664169308585]",5.494940280914307,"{'V3': 0.332746, 'V4': 1.0, 'V5': 1.0}","[0.09413979597781537, 0.27421687052370386]",16.132985830307007,,"[0.46755564117296855, 0.5969158748051436]",4.785852909088135,,"[0.08735364159309512, 0.32429330953028074]",12.475992918014526,
0,2,6,5,2,3000,V2,V0,PN,"[0.15119373722662555, 0.35388995460226547]",33.25356340408325,"[0.14455556350770302, 0.32607206603222233]",4.907186508178711,"[0.1477152150064806, 0.3422984391119912]","[0.4103717675876169, 0.5564601313583543]","[0.1477152150064806, 0.3422984391119912]",5.379022598266602,"{'V3': 1.0, 'V4': 1.0, 'V5': 1.0}","[0.14431635358861206, 0.3635148242899471]",5.494940280914307,"{'V3': 0.332746, 'V4': 1.0, 'V5': 1.0}","[0.1596798674984271, 0.3705701191345281]",16.132985830307007,,"[0.5865437788096977, 0.6794708983506015]",4.785852909088135,,"[0.1333180920691916, 0.40362822441078006]",12.475992918014526,
0,2,6,5,2,4000,V1,V0,PS,"[0.39081737399558397, 0.9468339288559705]",44.047977685928345,"[0.3569092700080753, 0.8978675032641015]",6.527738571166992,"[0.2736590312739113, 1.0]","[0.5677193997704674, 0.7380201679360896]","[0.2736590312739113, 1.0]",7.074830293655396,"{'V3': 1.0, 'V4': 1.0, 'V5': 1.0}","[0.4323333460317764, 0.8968051482447481]",7.216019868850708,"{'V3': 0.32612525, 'V4': 1.0, 'V5': 1.0}","[0.359328190160731, 0.9248832137714512]",21.58672070503235,,"[0.6359767104361551, 0.7545619304130442]",6.315513372421265,,"[0.2771460617394463, 0.8885686674143879]",16.504470825195312,
0,2,6,5,2,4000,V2,V0,PS,"[0.49059056269218027, 0.8740210270198255]",44.047977685928345,"[0.49100270650421607, 0.8884972748264118]",6.527738571166992,"[0.4315392596872229, 1.0]","[0.5538582167912472, 0.6844607504003988]","[0.4315392596872229, 1.0]",7.074830293655396,"{'V3': 1.0, 'V4': 1.0, 'V5': 1.0}","[0.4825185213117058, 0.8971414316055881]",7.216019868850708,"{'V3': 0.32612525, 'V4': 1.0, 'V5': 1.0}","[0.5168304670437809, 0.9078507262910337]",21.58672070503235,,"[0.648823851790532, 0.7550496362849922]",6.315513372421265,,"[0.42404447162525966, 0.8830172827453888]",16.504470825195312,
0,2,6,5,2,4000,V1,V0,PN,"[0.09137088100367527, 0.2668551454966371]",44.047977685928345,"[0.08360783999193364, 0.2686275172098768]",6.527738571166992,"[0.0692730168265683, 0.2531362349128231]","[0.37772124547924507, 0.5244610682807896]","[0.0692730168265683, 0.2531362349128231]",7.074830293655396,"{'V3': 1.0, 'V4': 1.0, 'V5': 1.0}","[0.09522406838706915, 0.2625953286019828]",7.216019868850708,"{'V3': 0.32612525, 'V4': 1.0, 'V5': 1.0}","[0.09058131634849284, 0.28538596407781974]",21.58672070503235,,"[0.46755564117296855, 0.5969158748051436]",6.315513372421265,,"[0.07383202744628249, 0.32429330953028074]",16.504470825195312,
0,2,6,5,2,4000,V2,V0,PN,"[0.1447265587480871, 0.34972244264036983]",44.047977685928345,"[0.14196603403888564, 0.3571602618929647]",6.527738571166992,"[0.1477152150064806, 0.3422984391119912]","[0.4103717675876169, 0.5568972261832905]","[0.1477152150064806, 0.3422984391119912]",7.074830293655396,"{'V3': 1.0, 'V4': 1.0, 'V5': 1.0}","[0.13435941763821127, 0.36234802469936506]",7.216019868850708,"{'V3': 0.32612525, 'V4': 1.0, 'V5': 1.0}","[0.1596798674984271, 0.3974917083864936]",21.58672070503235,,"[0.584991157397732, 0.6857388428146162]",6.315513372421265,,"[0.1333180920691916, 0.40362822441078006]",16.504470825195312,
0,2,6,5,2,5000,V1,V0,PS,"[0.38667442522151424, 0.9405653260200331]",54.83316802978516,"[0.36600660131328766, 0.8978675032641015]",9.043078899383543,"[0.2736590312739113, 1.0]","[0.5677193997704674, 0.7380201679360896]","[0.2736590312739113, 1.0]",9.06694793701172,"{'V3': 1.0, 'V4': 1.0, 'V5': 1.0}","[0.4083068338293679, 0.9015346200700904]",9.217819929122925,"{'V3': 0.3217336, 'V4': 1.0, 'V5': 1.0}","[0.3295272825102155, 0.9528263916760126]",27.07713484764099,,"[0.6359767104361551, 0.7545619304130442]",8.102235317230225,,"[0.2771460617394463, 0.8885686674143879]",21.00889229774475,
0,2,6,5,2,5000,V2,V0,PS,"[0.485419728409624, 0.8740210270198255]",54.83316802978516,"[0.49396690045866604, 0.8884972748264118]",9.043078899383543,"[0.4315392596872229, 1.0]","[0.5538582167912472, 0.6844607504003988]","[0.4315392596872229, 1.0]",9.06694793701172,"{'V3': 1.0, 'V4': 1.0, 'V5': 1.0}","[0.4723346775586975, 0.8896174106854116]",9.217819929122925,"{'V3': 0.3217336, 'V4': 1.0, 'V5': 1.0}","[0.4197711916066688, 0.9078507262910337]",27.07713484764099,,"[0.648823851790532, 0.7550496362849922]",8.102235317230225,,"[0.42404447162525966, 0.8830172827453888]",21.00889229774475,
0,2,6,5,2,5000,V1,V0,PN,"[0.08902244403004764, 0.2668551454966371]",54.83316802978516,"[0.09050421238729311, 0.2663357450766821]",9.043078899383543,"[0.0692730168265683, 0.2531362349128231]","[0.37772124547924507, 0.5244610682807896]","[0.0692730168265683, 0.2531362349128231]",9.06694793701172,"{'V3': 1.0, 'V4': 1.0, 'V5': 1.0}","[0.09202815450708848, 0.26214635551086324]",9.217819929122925,"{'V3': 0.3217336, 'V4': 1.0, 'V5': 1.0}","[0.07692602903874177, 0.30037531855997135]",27.07713484764099,,"[0.46703868755959826, 0.6096496474747674]",8.102235317230225,,"[0.07383202744628249, 0.32429330953028074]",21.00889229774475,
0,2,6,5,2,5000,V2,V0,PN,"[0.1404294544806225, 0.35388995460226547]",54.83316802978516,"[0.14455556350770302, 0.36095401626980667]",9.043078899383543,"[0.1477152150064806, 0.3422984391119912]","[0.4103717675876169, 0.5568972261832905]","[0.1477152150064806, 0.3422984391119912]",9.06694793701172,"{'V3': 1.0, 'V4': 1.0, 'V5': 1.0}","[0.13435941763821127, 0.35523469027240934]",9.217819929122925,"{'V3': 0.3217336, 'V4': 1.0, 'V5': 1.0}","[0.12249210244683846, 0.3974917083864936]",27.07713484764099,,"[0.584991157397732, 0.6857388428146162]",8.102235317230225,,"[0.1333180920691916, 0.40362822441078006]",21.00889229774475,
0,2,6,5,2,6000,V1,V0,PS,"[0.3833445002553772, 0.9468339288559705]",66.5218620300293,"[0.37025723717624665, 0.8978675032641015]",10.657977819442747,"[0.2736590312739113, 1.0]","[0.5677193997704674, 0.7387271781979678]","[0.2736590312739113, 1.0]",10.756037473678589,"{'V3': 1.0, 'V4': 1.0, 'V5': 1.0}","[0.40702630258071615, 0.9207550932243769]",10.925136804580688,"{'V3': 0.3270285, 'V4': 1.0, 'V5': 1.0}","[0.3295272825102155, 0.9528263916760126]",32.27475571632385,,"[0.6345201264823279, 0.758680747794352]",9.589914560317991,,"[0.2771460617394463, 0.9017345340694828]",25.147092580795288,
0,2,6,5,2,6000,V2,V0,PS,"[0.49059056269218027, 0.8721106441142968]",66.5218620300293,"[0.49396690045866604, 0.9022143282402767]",10.657977819442747,"[0.4315392596872229, 1.0]","[0.5435911052154068, 0.6844607504003988]","[0.4315392596872229, 1.0]",10.756037473678589,"{'V3': 1.0, 'V4': 1.0, 'V5': 1.0}","[0.4842289666344818, 0.8801023243008878]",10.925136804580688,"{'V3': 0.3270285, 'V4': 1.0, 'V5': 1.0}","[0.4197711916066688, 0.9078507262910337]",32.27475571632385,,"[0.648823851790532, 0.7550496362849922]",9.589914560317991,,"[0.42404447162525966, 0.8830172827453888]",25.147092580795288,
0,2,6,5,2,6000,V1,V0,PN,"[0.08902244403004764, 0.2714867811638485]",66.5218620300293,"[0.09050421238729311, 0.26924223715521783]",10.657977819442747,"[0.0692730168265683, 0.2531362349128231]","[0.37772124547924507, 0.5244610682807896]","[0.0692730168265683, 0.2531362349128231]",10.756037473678589,"{'V3': 1.0, 'V4': 1.0, 'V5': 1.0}","[0.09047343152369246, 0.2677879852860471]",10.925136804580688,"{'V3': 0.3270285, 'V4': 1.0, 'V5': 1.0}","[0.07692602903874177, 0.30037531855997135]",32.27475571632385,,"[0.46703868755959826, 0.6096496474747674]",9.589914560317991,,"[0.07383202744628249, 0.32429330953028074]",25.147092580795288,
0,2,6,5,2,6000,V2,V0,PN,"[0.1422917664200272, 0.3548075459881143]",66.5218620300293,"[0.1404703873818551, 0.3656130514001837]",10.657977819442747,"[0.1477152150064806, 0.3422984391119912]","[0.4103717675876169, 0.5568972261832905]","[0.1477152150064806, 0.3422984391119912]",10.756037473678589,"{'V3': 1.0, 'V4': 1.0, 'V5': 1.0}","[0.14200440196776148, 0.35523469027240934]",10.925136804580688,"{'V3': 0.3270285, 'V4': 1.0, 'V5': 1.0}","[0.12249210244683846, 0.3974917083864936]",32.27475571632385,,"[0.5828329283913016, 0.6857388428146162]",9.589914560317991,,"[0.1333180920691916, 0.40362822441078006]",25.147092580795288,
0,2,6,5,2,7000,V1,V0,PS,"[0.38467406018298056, 0.9468339288559705]",78.29202175140381,"[0.38838019215680725, 0.8978675032641015]",12.275747060775757,"[0.2736590312739113, 1.0]","[0.5677193997704674, 0.7387271781979678]","[0.2736590312739113, 1.0]",12.43992805480957,"{'V3': 1.0, 'V4': 1.0, 'V5': 1.0}","[0.4009790759260157, 0.9282296343740014]",12.727196216583252,"{'V3': 0.32757085714285716, 'V4': 1.0, 'V5': 1.0}","[0.2889466290152086, 0.9528263916760126]",37.72396779060364,,"[0.6286079287262801, 0.758680747794352]",11.135982513427734,,"[0.2771460617394463, 0.9398552889966575]",29.320332765579224,
0,2,6,5,2,7000,V2,V0,PS,"[0.4927158907393294, 0.8695964530242433]",78.29202175140381,"[0.49729297439285247, 0.9022143282402767]",12.275747060775757,"[0.4315392596872229, 1.0]","[0.5435911052154068, 0.6844607504003988]","[0.4315392596872229, 1.0]",12.43992805480957,"{'V3': 1.0, 'V4': 1.0, 'V5': 1.0}","[0.4878328586295813, 0.8788639900886962]",12.727196216583252,"{'V3': 0.32757085714285716, 'V4': 1.0, 'V5': 1.0}","[0.38672329402129535, 0.9078507262910337]",37.72396779060364,,"[0.648823851790532, 0.7550496362849922]",11.135982513427734,,"[0.42404447162525966, 0.8830172827453888]",29.320332765579224,
0,2,6,5,2,7000,V1,V0,PN,"[0.08936408581868974, 0.2737832003851358]",78.29202175140381,"[0.09544569920539665, 0.2639326505093724]",12.275747060775757,"[0.0692730168265683, 0.2531362349128231]","[0.37772124547924507, 0.5244610682807896]","[0.0692730168265683, 0.2531362349128231]",12.43992805480957,"{'V3': 1.0, 'V4': 1.0, 'V5': 1.0}","[0.08824221382120855, 0.2735443788567528]",12.727196216583252,"{'V3': 0.32757085714285716, 'V4': 1.0, 'V5': 1.0}","[0.07156453893791212, 0.30037531855997135]",37.72396779060364,,"[0.46703868755959826, 0.6096496474747674]",11.135982513427734,,"[0.07335135960572062, 0.32429330953028074]",29.320332765579224,
0,2,6,5,2,7000,V2,V0,PN,"[0.1396898711787212, 0.3574421437434274]",78.29202175140381,"[0.1448533061356904, 0.3656130514001837]",12.275747060775757,"[0.1477152150064806, 0.3422984391119912]","[0.4103717675876169, 0.5568972261832905]","[0.1477152150064806, 0.3422984391119912]",12.43992805480957,"{'V3': 1.0, 'V4': 1.0, 'V5': 1.0}","[0.14200440196776148, 0.35523469027240934]",12.727196216583252,"{'V3': 0.32757085714285716, 'V4': 1.0, 'V5': 1.0}","[0.11510766559090427, 0.3974917083864936]",37.72396779060364,,"[0.5828329283913016, 0.6857388428146162]",11.135982513427734,,"[0.1333180920691916, 0.40362822441078006]",29.320332765579224,
0,2,6,5,2,8000,V1,V0,PS,"[0.38667442522151424, 0.9468339288559705]",89.16585040092468,"[0.3952822644642584, 0.8978675032641015]",13.930601835250854,"[0.2736590312739113, 1.0]","[0.5677193997704674, 0.7387271781979678]","[0.2736590312739113, 1.0]",14.173763275146484,"{'V3': 1.0, 'V4': 1.0, 'V5': 1.0}","[0.39302901002324664, 0.9384914141270241]",14.453768014907835,"{'V3': 0.327347125, 'V4': 1.0, 'V5': 1.0}","[0.2889466290152086, 0.9528263916760126]",42.92682409286499,,"[0.6286079287262801, 0.758680747794352]",12.700646877288818,,"[0.2771460617394463, 0.9398552889966575]",33.366007566452026,
0,2,6,5,2,8000,V2,V0,PS,"[0.49690880441614377, 0.8695964530242433]",89.16585040092468,"[0.48573238825808557, 0.9022143282402767]",13.930601835250854,"[0.4315392596872229, 1.0]","[0.5404431606578802, 0.6844607504003988]","[0.4315392596872229, 1.0]",14.173763275146484,"{'V3': 1.0, 'V4': 1.0, 'V5': 1.0}","[0.49792058590107574, 0.8788639900886962]",14.453768014907835,"{'V3': 0.327347125, 'V4': 1.0, 'V5': 1.0}","[0.38672329402129535, 0.9078507262910337]",42.92682409286499,,"[0.648823851790532, 0.7550496362849922]",12.700646877288818,,"[0.42404447162525966, 0.8830172827453888]",33.366007566452026,
0,2,6,5,2,8000,V1,V0,PN,"[0.08973879437821056, 0.2737832003851358]",89.16585040092468,"[0.09523029858946375, 0.26828947341547704]",13.930601835250854,"[0.0692730168265683, 0.2531362349128231]","[0.37772124547924507, 0.5244610682807896]","[0.0692730168265683, 0.2531362349128231]",14.173763275146484,"{'V3': 1.0, 'V4': 1.0, 'V5': 1.0}","[0.08760145349221911, 0.2735443788567528]",14.453768014907835,"{'V3': 0.327347125, 'V4': 1.0, 'V5': 1.0}","[0.07156453893791212, 0.30037531855997135]",42.92682409286499,,"[0.46703868755959826, 0.6096496474747674]",12.700646877288818,,"[0.07335135960572062, 0.32429330953028074]",33.366007566452026,
0,2,6,5,2,8000,V2,V0,PN,"[0.1440692467466261, 0.35512685202443844]",89.16585040092468,"[0.1448533061356904, 0.37008294639249606]",13.930601835250854,"[0.1477152150064806, 0.3422984391119912]","[0.4103717675876169, 0.561948482986025]","[0.1477152150064806, 0.3422984391119912]",14.173763275146484,"{'V3': 1.0, 'V4': 1.0, 'V5': 1.0}","[0.14657687028845823, 0.3542731232972653]",14.453768014907835,"{'V3': 0.327347125, 'V4': 1.0, 'V5': 1.0}","[0.11510766559090427, 0.3974917083864936]",42.92682409286499,,"[0.5828329283913016, 0.6860776228723952]",12.700646877288818,,"[0.1333180920691916, 0.40362822441078006]",33.366007566452026,
0,2,6,5,2,9000,V1,V0,PS,"[0.3794506435300217, 0.9468339288559705]",99.98808693885805,"[0.40250210208098275, 0.8978675032641015]",15.554347276687622,"[0.2736590312739113, 1.0]","[0.5677193997704674, 0.7387271781979678]","[0.2736590312739113, 1.0]",15.866626024246216,"{'V3': 1.0, 'V4': 1.0, 'V5': 1.0}","[0.39302901002324664, 0.9585745086333537]",16.178258657455444,"{'V3': 0.32768122222222223, 'V4': 1.0, 'V5': 1.0}","[0.2889466290152086, 0.9528263916760126]",49.03283214569092,,"[0.6286079287262801, 0.758680747794352]",14.263039588928224,,"[0.2771460617394463, 0.9398552889966575]",37.53228378295898,
0,2,6,5,2,9000,V2,V0,PS,"[0.500757773339129, 0.8683430873422582]",99.98808693885805,"[0.4910376080496688, 0.9022143282402767]",15.554347276687622,"[0.4315392596872229, 1.0]","[0.5404431606578802, 0.6844607504003988]","[0.4315392596872229, 1.0]",15.866626024246216,"{'V3': 1.0, 'V4': 1.0, 'V5': 1.0}","[0.49783221501225794, 0.8788639900886962]",16.178258657455444,"{'V3': 0.32768122222222223, 'V4': 1.0, 'V5': 1.0}","[0.38672329402129535, 0.9078507262910337]",49.03283214569092,,"[0.648823851790532, 0.7550496362849922]",14.263039588928224,,"[0.42404447162525966, 0.8830172827453888]",37.53228378295898,
0,2,6,5,2,9000,V1,V0,PN,"[0.08767426794936932, 0.2711308431099713]",99.98808693885805,"[0.09740685033809164, 0.26520301526695844]",15.554347276687622,"[0.0692730168265683, 0.2531362349128231]","[0.37772124547924507, 0.5244610682807896]","[0.0692730168265683, 0.2531362349128231]",15.866626024246216,"{'V3': 1.0, 'V4': 1.0, 'V5': 1.0}","[0.088941242701728, 0.27857571689789656]",16.178258657455444,"{'V3': 0.32768122222222223, 'V4': 1.0, 'V5': 1.0}","[0.07156453893791212, 0.30037531855997135]",49.03283214569092,,"[0.46703868755959826, 0.6096496474747674]",14.263039588928224,,"[0.07335135960572062, 0.32429330953028074]",37.53228378295898,
0,2,6,5,2,9000,V2,V0,PN,"[0.1440692467466261, 0.35512685202443844]",99.98808693885805,"[0.1448533061356904, 0.3656130514001837]",15.554347276687622,"[0.1477152150064806, 0.3422984391119912]","[0.4103717675876169, 0.561948482986025]","[0.1477152150064806, 0.3422984391119912]",15.866626024246216,"{'V3': 1.0, 'V4': 1.0, 'V5': 1.0}","[0.14804364340044834, 0.35271214333455353]",16.178258657455444,"{'V3': 0.32768122222222223, 'V4': 1.0, 'V5': 1.0}","[0.11510766559090427, 0.3974917083864936]",49.03283214569092,,"[0.5828329283913016, 0.6956176553641377]",14.263039588928224,,"[0.1333180920691916, 0.40362822441078006]",37.53228378295898,
0,2,6,5,2,10000,V1,V0,PS,"[0.38790834743228336, 0.9323773453788907]",110.85276794433594,"[0.39478443091010085, 0.8978675032641015]",17.17343783378601,"[0.2736590312739113, 1.0]","[0.5677193997704674, 0.7387271781979678]","[0.2736590312739113, 1.0]",17.564316272735596,"{'V3': 1.0, 'V4': 1.0, 'V5': 1.0}","[0.3853121451173439, 0.9585745086333537]",17.89996886253357,"{'V3': 0.3262057, 'V4': 1.0, 'V5': 1.0}","[0.2889466290152086, 0.9528263916760126]",54.26988410949707,,"[0.6286079287262801, 0.758680747794352]",15.82695484161377,,"[0.2771460617394463, 0.9398552889966575]",41.69409966468811,
0,2,6,5,2,10000,V2,V0,PS,"[0.5018749652458465, 0.8635044153948156]",110.85276794433594,"[0.4799369885789423, 0.9022143282402767]",17.17343783378601,"[0.4315392596872229, 1.0]","[0.5404431606578802, 0.6844607504003988]","[0.4315392596872229, 1.0]",17.564316272735596,"{'V3': 1.0, 'V4': 1.0, 'V5': 1.0}","[0.4954287722038941, 0.8788639900886962]",17.89996886253357,"{'V3': 0.3262057, 'V4': 1.0, 'V5': 1.0}","[0.38672329402129535, 0.9147227889563169]",54.26988410949707,,"[0.648823851790532, 0.7550496362849922]",15.82695484161377,,"[0.42404447162525966, 0.8830172827453888]",41.69409966468811,
0,2,6,5,2,10000,V1,V0,PN,"[0.08973879437821056, 0.2661554783513964]",110.85276794433594,"[0.09740685033809164, 0.2639326505093724]",17.17343783378601,"[0.0692730168265683, 0.2531362349128231]","[0.37772124547924507, 0.5244610682807896]","[0.0692730168265683, 0.2531362349128231]",17.564316272735596,"{'V3': 1.0, 'V4': 1.0, 'V5': 1.0}","[0.08760145349221911, 0.27857571689789656]",17.89996886253357,"{'V3': 0.3262057, 'V4': 1.0, 'V5': 1.0}","[0.07156453893791212, 0.30037531855997135]",54.26988410949707,,"[0.46703868755959826, 0.6096496474747674]",15.82695484161377,,"[0.07335135960572062, 0.32429330953028074]",41.69409966468811,
0,2,6,5,2,10000,V2,V0,PN,"[0.1422917664200272, 0.35338476151252946]",110.85276794433594,"[0.13769338157390962, 0.36923662742743263]",17.17343783378601,"[0.1477152150064806, 0.3422984391119912]","[0.4103717675876169, 0.5707573803777861]","[0.1477152150064806, 0.3422984391119912]",17.564316272735596,"{'V3': 1.0, 'V4': 1.0, 'V5': 1.0}","[0.14395553761116076, 0.35523469027240934]",17.89996886253357,"{'V3': 0.3262057, 'V4': 1.0, 'V5': 1.0}","[0.11510766559090427, 0.3974917083864936]",54.26988410949707,,"[0.5828329283913016, 0.6956176553641377]",15.82695484161377,,"[0.1333180920691916, 0.40362822441078006]",41.69409966468811,
0,2,6,10,2,1000,V1,V0,PS,"[0.13449206126735372, 0.7429880866207457]",9.74582815170288,"[0.17152839306609488, 0.6378719540996397]",1.550428867340088,"[0.2736590312739113, 0.8578002237121861]","[0.3799652312831138, 0.5370390087656866]","[0.2736590312739113, 0.8578002237121861]",1.7171528339385986,"{'V3': 1.0, 'V4': 1.0, 'V5': 1.0}","[0.20895386177142866, 0.7025433309660131]",1.7101500034332275,"{'V3': 0.326202, 'V4': 1.0, 'V5': 1.0}","[0.1778887328855287, 0.6018061183284847]",5.0303919315338135,,"[0.44801984558024965, 0.5502790199301744]",1.5638062953948977,,"[0.21331864329189903, 0.6927809988125552]",3.614833116531372,
0,2,6,10,2,1000,V2,V0,PS,"[0.40266698990767275, 0.6980556486802177]",9.74582815170288,"[0.4034061281946663, 0.737028685714434]",1.550428867340088,"[0.4315392596872229, 0.7418362160518728]","[0.6058109727853472, 0.7218103555811086]","[0.4315392596872229, 0.7418362160518728]",1.7171528339385986,"{'V3': 1.0, 'V4': 1.0, 'V5': 1.0}","[0.4331185177455991, 0.7557570677078468]",1.7101500034332275,"{'V3': 0.326202, 'V4': 1.0, 'V5': 1.0}","[0.39194981470443857, 0.716182709656435]",5.0303919315338135,,"[0.6024159349843675, 0.6952157319527507]",1.5638062953948977,,"[0.3663320979345858, 0.7053289311885654]",3.614833116531372,
0,2,6,10,2,1000,V1,V0,PN,"[0.031732833071614355, 0.21039309653334431]",9.74582815170288,"[0.037647638096218225, 0.18061298642886273]",1.550428867340088,"[0.0692730168265684, 0.2171403189378801]","[0.1796961190943447, 0.27941688762981737]","[0.0692730168265684, 0.2171403189378801]",1.7171528339385986,"{'V3': 1.0, 'V4': 1.0, 'V5': 1.0}","[0.04715004137773638, 0.20730849162078943]",1.7101500034332275,"{'V3': 0.326202, 'V4': 1.0, 'V5': 1.0}","[0.04357944178045522, 0.1714938450717686]",5.0303919315338135,,"[0.2904459571897546, 0.3894676938438287]",1.5638062953948977,,"[0.046078060534669556, 0.21133520221775035]",3.614833116531372,
0,2,6,10,2,1000,V2,V0,PN,"[0.11779151741185813, 0.2801757308383451]",9.74582815170288,"[0.12507779227098131, 0.27965368998229795]",1.550428867340088,"[0.1477152150064806, 0.253929378831302]","[0.4421391302501192, 0.5643154632002556]","[0.1477152150064806, 0.253929378831302]",1.7171528339385986,"{'V3': 1.0, 'V4': 1.0, 'V5': 1.0}","[0.14274546087140383, 0.3256322025214565]",1.7101500034332275,"{'V3': 0.326202, 'V4': 1.0, 'V5': 1.0}","[0.11639596065370136, 0.2974131153277447]",5.0303919315338135,,"[0.5626367560711916, 0.6551886775748864]",1.5638062953948977,,"[0.11246117180679385, 0.2925296564234951]",3.614833116531372,
0,2,6,10,2,2000,V1,V0,PS,"[0.13449206126735372, 0.7429880866207457]",19.35280108451844,"[0.19524085408281758, 0.7057330598199749]",3.058609962463379,"[0.2736590312739113, 0.8578002237121861]","[0.3799652312831138, 0.5370390087656866]","[0.2736590312739113, 0.8578002237121861]",3.25581955909729,"{'V3': 1.0, 'V4': 1.0, 'V5': 1.0}","[0.19941475667236822, 0.75956040164493]",3.3279051780700684,"{'V3': 0.306131, 'V4': 1.0, 'V5': 1.0}","[0.1778887328855287, 0.7331715955889861]",9.90471339225769,,"[0.43233856024022216, 0.5541065409779656]",2.987107038497925,,"[0.17275479961364654, 0.6927809988125552]",7.097127199172974,
0,2,6,10,2,2000,V2,V0,PS,"[0.3558125316194662, 0.7058357248667807]",19.35280108451844,"[0.39976989894934056, 0.737028685714434]",3.058609962463379,"[0.4315392596872229, 0.7418362160518728]","[0.5994019862249121, 0.7260693054179282]","[0.4315392596872229, 0.7418362160518728]",3.25581955909729,"{'V3': 1.0, 'V4': 1.0, 'V5': 1.0}","[0.4025113331258842, 0.7487051300240964]",3.3279051780700684,"{'V3': 0.306131, 'V4': 1.0, 'V5': 1.0}","[0.3631820747090311, 0.716182709656435]",9.90471339225769,,"[0.6024159349843675, 0.7034376174204607]",2.987107038497925,,"[0.3663320979345858, 0.7115828011280433]",7.097127199172974,
0,2,6,10,2,2000,V1,V0,PN,"[0.031732833071614355, 0.20561824184898764]",19.35280108451844,"[0.040647631271099105, 0.1941684900076588]",3.058609962463379,"[0.0692730168265684, 0.2171403189378801]","[0.1774687469329511, 0.28199727276727915]","[0.0692730168265684, 0.2171403189378801]",3.25581955909729,"{'V3': 1.0, 'V4': 1.0, 'V5': 1.0}","[0.044060943935551676, 0.20261926165960084]",3.3279051780700684,"{'V3': 0.306131, 'V4': 1.0, 'V5': 1.0}","[0.04357944178045522, 0.22884717506079802]",9.90471339225769,,"[0.2904459571897546, 0.3894676938438287]",2.987107038497925,,"[0.03710948971779211, 0.21133520221775035]",7.097127199172974,
0,2,6,10,2,2000,V2,V0,PN,"[0.1057800977496685, 0.28842184986633185]",19.35280108451844,"[0.1274331963448851, 0.27965368998229795]",3.058609962463379,"[0.1477152150064806, 0.253929378831302]","[0.4421391302501192, 0.5643154632002556]","[0.1477152150064806, 0.253929378831302]",3.25581955909729,"{'V3': 1.0, 'V4': 1.0, 'V5': 1.0}","[0.11171246571249606, 0.30802810499088934]",3.3279051780700684,"{'V3': 0.306131, 'V4': 1.0, 'V5': 1.0}","[0.11598036303293385, 0.30165894604564053]",9.90471339225769,,"[0.5626367560711916, 0.6551886775748864]",2.987107038497925,,"[0.11246117180679385, 0.2925296564234951]",7.097127199172974,
0,2,6,10,2,3000,V1,V0,PS,"[0.13759990662288052, 0.7429880866207457]",28.92793703079224,"[0.18732498217642365, 0.7057330598199749]",4.54400110244751,"[0.2736590312739113, 0.8578002237121861]","[0.37632738006826133, 0.546984433850411]","[0.2736590312739113, 0.8578002237121861]",4.99847674369812,"{'V3': 1.0, 'V4': 1.0, 'V5': 1.0}","[0.18752209705922288, 0.7282299638211962]",5.125389337539673,"{'V3': 0.3047896666666667, 'V4': 1.0, 'V5': 1.0}","[0.169670629687412, 0.7331715955889861]",15.056844711303713,,"[0.43233856024022216, 0.5541065409779656]",4.654071092605591,,"[0.10385585599507606, 0.6927809988125552]",10.86207365989685,
0,2,6,10,2,3000,V2,V0,PS,"[0.34888266419238045, 0.7300921274541761]",28.92793703079224,"[0.3689805247685887, 0.720881412903764]",4.54400110244751,"[0.4315392596872229, 0.7418362160518728]","[0.5994019862249121, 0.7260693054179282]","[0.4315392596872229, 0.7418362160518728]",4.99847674369812,"{'V3': 1.0, 'V4': 1.0, 'V5': 1.0}","[0.40974032983472436, 0.7372413095685614]",5.125389337539673,"{'V3': 0.3047896666666667, 'V4': 1.0, 'V5': 1.0}","[0.3631820747090311, 0.7199924337412836]",15.056844711303713,,"[0.6006479926076986, 0.7034376174204607]",4.654071092605591,,"[0.3663320979345858, 0.7263366440080469]",10.86207365989685,
0,2,6,10,2,3000,V1,V0,PN,"[0.030296185964548975, 0.2085035067108366]",28.92793703079224,"[0.03563612990454414, 0.1978572548524539]",4.54400110244751,"[0.0692730168265684, 0.2171403189378801]","[0.1774687469329511, 0.2905682199288628]","[0.0692730168265684, 0.2171403189378801]",4.99847674369812,"{'V3': 1.0, 'V4': 1.0, 'V5': 1.0}","[0.044060943935551676, 0.1938445381737651]",5.125389337539673,"{'V3': 0.3047896666666667, 'V4': 1.0, 'V5': 1.0}","[0.03658452395266105, 0.22884717506079802]",15.056844711303713,,"[0.2904459571897546, 0.3894676938438287]",4.654071092605591,,"[0.022314043528041567, 0.21133520221775035]",10.86207365989685,
0,2,6,10,2,3000,V2,V0,PN,"[0.10273189385010101, 0.2888354099632345]",28.92793703079224,"[0.1057555567268018, 0.29454076344876035]",4.54400110244751,"[0.1477152150064806, 0.253929378831302]","[0.4421391302501192, 0.5643154632002556]","[0.1477152150064806, 0.253929378831302]",4.99847674369812,"{'V3': 1.0, 'V4': 1.0, 'V5': 1.0}","[0.11724935346521408, 0.29989464002476085]",5.125389337539673,"{'V3': 0.3047896666666667, 'V4': 1.0, 'V5': 1.0}","[0.11598036303293385, 0.30165894604564053]",15.056844711303713,,"[0.5626367560711916, 0.6551886775748864]",4.654071092605591,,"[0.11246117180679385, 0.2925296564234951]",10.86207365989685,
0,2,6,10,2,4000,V1,V0,PS,"[0.15956047162476253, 0.7429880866207457]",38.53881454467773,"[0.18943247907087332, 0.7057330598199749]",6.034577131271362,"[0.2736590312739113, 0.8578002237121861]","[0.37632738006826133, 0.546984433850411]","[0.2736590312739113, 0.8578002237121861]",6.557491302490234,"{'V3': 1.0, 'V4': 1.0, 'V5': 1.0}","[0.16298772085857816, 0.7151613294686864]",6.772062540054321,"{'V3': 0.30586275, 'V4': 1.0, 'V5': 1.0}","[0.08268510582899774, 0.7331715955889861]",20.016035556793213,,"[0.43233856024022216, 0.556560215182792]",6.1452343463897705,,"[0.10385585599507606, 0.7358810138939057]",14.38232707977295,
0,2,6,10,2,4000,V2,V0,PS,"[0.3577459116210658, 0.720812728069253]",38.53881454467773,"[0.3887186053273995, 0.720881412903764]",6.034577131271362,"[0.4315392596872229, 0.7418362160518728]","[0.5964672532821059, 0.7375012682845692]","[0.4315392596872229, 0.7418362160518728]",6.557491302490234,"{'V3': 1.0, 'V4': 1.0, 'V5': 1.0}","[0.41115704035080103, 0.7372413095685614]",6.772062540054321,"{'V3': 0.30586275, 'V4': 1.0, 'V5': 1.0}","[0.35277020785757357, 0.7332396775909021]",20.016035556793213,,"[0.5984679302289482, 0.7034376174204607]",6.1452343463897705,,"[0.3663320979345858, 0.7427633677370882]",14.38232707977295,
0,2,6,10,2,4000,V1,V0,PN,"[0.032167974078773906, 0.2036849188850514]",38.53881454467773,"[0.03530251690724593, 0.1978572548524539]",6.034577131271362,"[0.0692730168265684, 0.2171403189378801]","[0.1774687469329511, 0.2905682199288628]","[0.0692730168265684, 0.2171403189378801]",6.557491302490234,"{'V3': 1.0, 'V4': 1.0, 'V5': 1.0}","[0.035686598493132334, 0.1906218082514605]",6.772062540054321,"{'V3': 0.30586275, 'V4': 1.0, 'V5': 1.0}","[0.018486682567077445, 0.22884717506079802]",20.016035556793213,,"[0.2866442623051207, 0.3911042100051406]",6.1452343463897705,,"[0.022314043528041567, 0.21133520221775035]",14.38232707977295,
0,2,6,10,2,4000,V2,V0,PN,"[0.09967456260543686, 0.28850219570265623]",38.53881454467773,"[0.11074424916847478, 0.29897492821788996]",6.034577131271362,"[0.1477152150064806, 0.253929378831302]","[0.4421391302501192, 0.5689921846991759]","[0.1477152150064806, 0.253929378831302]",6.557491302490234,"{'V3': 1.0, 'V4': 1.0, 'V5': 1.0}","[0.11488164274616082, 0.30117027586768774]",6.772062540054321,"{'V3': 0.30586275, 'V4': 1.0, 'V5': 1.0}","[0.10627224144671224, 0.3105850529127298]",20.016035556793213,,"[0.5626367560711916, 0.6551886775748864]",6.1452343463897705,,"[0.11246117180679385, 0.3105237971402872]",14.38232707977295,
0,2,6,10,2,5000,V1,V0,PS,"[0.15646624649494786, 0.710230286283079]",48.05963826179504,"[0.16514642816008188, 0.7057330598199749]",7.525029897689819,"[0.2736590312739113, 0.8578002237121861]","[0.37632738006826133, 0.546984433850411]","[0.2736590312739113, 0.8578002237121861]",8.115289449691772,"{'V3': 1.0, 'V4': 1.0, 'V5': 1.0}","[0.1768871487274952, 0.7151613294686864]",8.408180713653564,"{'V3': 0.3033582, 'V4': 1.0, 'V5': 1.0}","[0.08268510582899774, 0.7331715955889861]",25.006070852279663,,"[0.43233856024022216, 0.5575223839152537]",7.654321908950806,,"[0.10385585599507606, 0.7358810138939057]",17.8997004032135,
0,2,6,10,2,5000,V2,V0,PS,"[0.3558284682749622, 0.7425729060884688]",48.05963826179504,"[0.4014044743476357, 0.7382443159219096]",7.525029897689819,"[0.4315392596872229, 0.7418362160518728]","[0.5964672532821059, 0.7375012682845692]","[0.4315392596872229, 0.7418362160518728]",8.115289449691772,"{'V3': 1.0, 'V4': 1.0, 'V5': 1.0}","[0.40887298209438255, 0.7372413095685614]",8.408180713653564,"{'V3': 0.3033582, 'V4': 1.0, 'V5': 1.0}","[0.35277020785757357, 0.7332396775909021]",25.006070852279663,,"[0.5984679302289482, 0.7034376174204607]",7.654321908950806,,"[0.3112161059704852, 0.7427633677370882]",17.8997004032135,
0,2,6,10,2,5000,V1,V0,PN,"[0.030296185964548975, 0.20195757601286699]",48.05963826179504,"[0.03279506455410682, 0.1941684900076588]",7.525029897689819,"[0.0692730168265684, 0.2171403189378801]","[0.1774687469329511, 0.2905682199288628]","[0.0692730168265684, 0.2171403189378801]",8.115289449691772,"{'V3': 1.0, 'V4': 1.0, 'V5': 1.0}","[0.035686598493132334, 0.1938445381737651]",8.408180713653564,"{'V3': 0.3033582, 'V4': 1.0, 'V5': 1.0}","[0.018486682567077445, 0.23911035276627865]",25.006070852279663,,"[0.2866442623051207, 0.3911042100051406]",7.654321908950806,,"[0.022314043528041567, 0.21133520221775035]",17.8997004032135,
0,2,6,10,2,5000,V2,V0,PN,"[0.0977879534828382, 0.29646132865434016]",48.05963826179504,"[0.11526525246125315, 0.300960969303157]",7.525029897689819,"[0.1477152150064806, 0.253929378831302]","[0.4421391302501192, 0.5689921846991759]","[0.1477152150064806, 0.253929378831302]",8.115289449691772,"{'V3': 1.0, 'V4': 1.0, 'V5': 1.0}","[0.11383639986731521, 0.30117027586768774]",8.408180713653564,"{'V3': 0.3033582, 'V4': 1.0, 'V5': 1.0}","[0.10627224144671224, 0.3181982124335392]",25.006070852279663,,"[0.5626367560711916, 0.6593969835718592]",7.654321908950806,,"[0.0954792541021136, 0.3105237971402872]",17.8997004032135,
0,2,6,10,2,6000,V1,V0,PS,"[0.17386534646649643, 0.710230286283079]",57.65159010887146,"[0.15818057415954426, 0.7057330598199749]",9.015108585357666,"[0.2736590312739113, 0.8578002237121861]","[0.3585850276678381, 0.546984433850411]","[0.2736590312739113, 0.8578002237121861]",9.657126665115356,"{'V3': 1.0, 'V4': 1.0, 'V5': 1.0}","[0.1768871487274952, 0.7151613294686864]",10.0634126663208,"{'V3': 0.303101, 'V4': 1.0, 'V5': 1.0}","[0.08268510582899774, 0.7331715955889861]",30.193946599960327,,"[0.43233856024022216, 0.5575223839152537]",9.091360092163086,,"[0.10385585599507606, 0.7358810138939057]",21.416810989379883,
0,2,6,10,2,6000,V2,V0,PS,"[0.35967059484581804, 0.7479708665842143]",57.65159010887146,"[0.4014044743476357, 0.7382443159219096]",9.015108585357666,"[0.4315392596872229, 0.7418362160518728]","[0.5964672532821059, 0.7375012682845692]","[0.4315392596872229, 0.7418362160518728]",9.657126665115356,"{'V3': 1.0, 'V4': 1.0, 'V5': 1.0}","[0.41115704035080103, 0.7373577132633193]",10.0634126663208,"{'V3': 0.303101, 'V4': 1.0, 'V5': 1.0}","[0.35277020785757357, 0.7332396775909021]",30.193946599960327,,"[0.5984679302289482, 0.7034376174204607]",9.091360092163086,,"[0.3112161059704852, 0.7427633677370882]",21.416810989379883,
0,2,6,10,2,6000,V1,V0,PN,"[0.03299322633021298, 0.20240046546187884]",57.65159010887146,"[0.031106074495013118, 0.1941684900076588]",9.015108585357666,"[0.0692730168265684, 0.2171403189378801]","[0.1774687469329511, 0.2905682199288628]","[0.0692730168265684, 0.2171403189378801]",9.657126665115356,"{'V3': 1.0, 'V4': 1.0, 'V5': 1.0}","[0.03671453504276363, 0.19330895012119004]",10.0634126663208,"{'V3': 0.303101, 'V4': 1.0, 'V5': 1.0}","[0.018486682567077445, 0.23911035276627865]",30.193946599960327,,"[0.2866442623051207, 0.394236007444111]",9.091360092163086,,"[0.022314043528041567, 0.21133520221775035]",21.416810989379883,
0,2,6,10,2,6000,V2,V0,PN,"[0.09935564169609352, 0.2987074666901808]",57.65159010887146,"[0.11526525246125315, 0.300960969303157]",9.015108585357666,"[0.1477152150064806, 0.253929378831302]","[0.4421391302501192, 0.5689921846991759]","[0.1477152150064806, 0.253929378831302]",9.657126665115356,"{'V3': 1.0, 'V4': 1.0, 'V5': 1.0}","[0.11700585156368382, 0.29989464002476085]",10.0634126663208,"{'V3': 0.303101, 'V4': 1.0, 'V5': 1.0}","[0.10627224144671224, 0.31919508940839364]",30.193946599960327,,"[0.5626367560711916, 0.6593969835718592]",9.091360092163086,,"[0.0954792541021136, 0.3105237971402872]",21.416810989379883,
0,2,6,10,2,7000,V1,V0,PS,"[0.19643492237200574, 0.710230286283079]",67.23896145820618,"[0.15818057415954426, 0.7057330598199749]",10.500935792922974,"[0.2736590312739113, 0.8578002237121861]","[0.3585850276678381, 0.546984433850411]","[0.2736590312739113, 0.8578002237121861]",11.235511302947998,"{'V3': 1.0, 'V4': 1.0, 'V5': 1.0}","[0.1768871487274952, 0.7151613294686864]",11.651698112487791,"{'V3': 0.3025792857142857, 'V4': 1.0, 'V5': 1.0}","[0.08268510582899774, 0.7331715955889861]",35.40895318984985,,"[0.43233856024022216, 0.5590530189817692]",10.58033800125122,,"[0.10385585599507606, 0.7358810138939057]",25.01510763168335,
0,2,6,10,2,7000,V2,V0,PS,"[0.36638570375271245, 0.7479708665842143]",67.23896145820618,"[0.39244482865561375, 0.7368929419573632]",10.500935792922974,"[0.4315392596872229, 0.7418362160518728]","[0.5964672532821059, 0.7375012682845692]","[0.4315392596872229, 0.7418362160518728]",11.235511302947998,"{'V3': 1.0, 'V4': 1.0, 'V5': 1.0}","[0.4126896336030809, 0.7373577132633193]",11.651698112487791,"{'V3': 0.3025792857142857, 'V4': 1.0, 'V5': 1.0}","[0.35277020785757357, 0.7352637737174208]",35.40895318984985,,"[0.5980486047048961, 0.7034376174204607]",10.58033800125122,,"[0.3112161059704852, 0.7427633677370882]",25.01510763168335,
0,2,6,10,2,7000,V1,V0,PN,"[0.038965438258741346, 0.20106080064190007]",67.23896145820618,"[0.03279506455410682, 0.1938148006092731]",10.500935792922974,"[0.0692730168265684, 0.2171403189378801]","[0.1774687469329511, 0.2905682199288628]","[0.0692730168265684, 0.2171403189378801]",11.235511302947998,"{'V3': 1.0, 'V4': 1.0, 'V5': 1.0}","[0.035686598493132334, 0.193456517959644]",11.651698112487791,"{'V3': 0.3025792857142857, 'V4': 1.0, 'V5': 1.0}","[0.018486682567077445, 0.23911035276627865]",35.40895318984985,,"[0.2866442623051207, 0.394236007444111]",10.58033800125122,,"[0.022314043528041567, 0.21488287302375086]",25.01510763168335,
0,2,6,10,2,7000,V2,V0,PN,"[0.10273189385010101, 0.2987074666901808]",67.23896145820618,"[0.10900026377104402, 0.3024065325050093]",10.500935792922974,"[0.1477152150064806, 0.253929378831302]","[0.43961860474350023, 0.5774392102919209]","[0.1477152150064806, 0.253929378831302]",11.235511302947998,"{'V3': 1.0, 'V4': 1.0, 'V5': 1.0}","[0.11894110578603985, 0.2993576395411504]",11.651698112487791,"{'V3': 0.3025792857142857, 'V4': 1.0, 'V5': 1.0}","[0.10627224144671224, 0.31919508940839364]",35.40895318984985,,"[0.5626367560711916, 0.6593969835718592]",10.58033800125122,,"[0.0954792541021136, 0.31634212893820196]",25.01510763168335,
0,2,6,10,2,8000,V1,V0,PS,"[0.19893244436766802, 0.710230286283079]",76.86020994186401,"[0.1635273369610695, 0.7057330598199749]",11.989227056503296,"[0.2736590312739113, 0.8578002237121861]","[0.3585850276678381, 0.546984433850411]","[0.2736590312739113, 0.8578002237121861]",13.293428421020508,"{'V3': 1.0, 'V4': 1.0, 'V5': 1.0}","[0.17539436208892242, 0.7282299638211962]",13.228069067001345,"{'V3': 0.300772375, 'V4': 1.0, 'V5': 1.0}","[0.08268510582899774, 0.7331715955889861]",40.58131551742554,,"[0.43233856024022216, 0.5590530189817692]",12.53328013420105,,"[0.10385585599507606, 0.7358810138939057]",29.108172178268436,
0,2,6,10,2,8000,V2,V0,PS,"[0.38031589325359966, 0.7479708665842143]",76.86020994186401,"[0.383194543954091, 0.7310472662813423]",11.989227056503296,"[0.4315392596872229, 0.7418362160518728]","[0.5964672532821059, 0.7375012682845692]","[0.4315392596872229, 0.7418362160518728]",13.293428421020508,"{'V3': 1.0, 'V4': 1.0, 'V5': 1.0}","[0.4154780502152102, 0.735365070188278]",13.228069067001345,"{'V3': 0.300772375, 'V4': 1.0, 'V5': 1.0}","[0.35277020785757357, 0.7549593745550957]",40.58131551742554,,"[0.596475487924726, 0.7034376174204607]",12.53328013420105,,"[0.3112161059704852, 0.7642905379980117]",29.108172178268436,
0,2,6,10,2,8000,V1,V0,PN,"[0.038965438258741346, 0.19950769166579366]",76.86020994186401,"[0.03337789808749516, 0.193225947494465]",11.989227056503296,"[0.0692730168265684, 0.2171403189378801]","[0.1757551521500469, 0.297775413175595]","[0.0692730168265684, 0.2171403189378801]",13.293428421020508,"{'V3': 1.0, 'V4': 1.0, 'V5': 1.0}","[0.035686598493132334, 0.19687006945284577]",13.228069067001345,"{'V3': 0.300772375, 'V4': 1.0, 'V5': 1.0}","[0.018486682567077445, 0.23911035276627865]",40.58131551742554,,"[0.28111507909140987, 0.394236007444111]",12.53328013420105,,"[0.022314043528041567, 0.22654802865329104]",29.108172178268436,
0,2,6,10,2,8000,V2,V0,PN,"[0.10882104651234319, 0.2977900275678519]",76.86020994186401,"[0.10176240330752194, 0.300960969303157]",11.989227056503296,"[0.1477152150064806, 0.253929378831302]","[0.43961860474350023, 0.5774392102919209]","[0.1477152150064806, 0.253929378831302]",13.293428421020508,"{'V3': 1.0, 'V4': 1.0, 'V5': 1.0}","[0.12023614249776163, 0.29742578702084393]",13.228069067001345,"{'V3': 0.300772375, 'V4': 1.0, 'V5': 1.0}","[0.10627224144671224, 0.32535121475563644]",40.58131551742554,,"[0.5626367560711916, 0.6593969835718592]",12.53328013420105,,"[0.0954792541021136, 0.31634212893820196]",29.108172178268436,
0,2,6,10,2,9000,V1,V0,PS,"[0.19342394636936833, 0.7080135817668364]",86.4453022480011,"[0.15533027833773977, 0.6996443577927767]",13.479765176773071,"[0.2736590312739113, 0.8578002237121861]","[0.3585850276678381, 0.546984433850411]","[0.2736590312739113, 0.8578002237121861]",14.843905687332152,"{'V3': 1.0, 'V4': 1.0, 'V5': 1.0}","[0.16950017799343947, 0.7232262035587843]",15.47280478477478,"{'V3': 0.30043033333333335, 'V4': 1.0, 'V5': 1.0}","[0.08268510582899774, 0.7331715955889861]",46.26888346672058,,"[0.43233856024022216, 0.5590530189817692]",13.964715003967283,,"[0.10385585599507606, 0.7358810138939057]",32.70291543006897,
0,2,6,10,2,9000,V2,V0,PS,"[0.38732356686252917, 0.7425729060884688]",86.4453022480011,"[0.3816966870309754, 0.7368929419573632]",13.479765176773071,"[0.4315392596872229, 0.7418362160518728]","[0.5964672532821059, 0.7375012682845692]","[0.4315392596872229, 0.7418362160518728]",14.843905687332152,"{'V3': 1.0, 'V4': 1.0, 'V5': 1.0}","[0.4172361655805336, 0.7296783173736497]",15.47280478477478,"{'V3': 0.30043033333333335, 'V4': 1.0, 'V5': 1.0}","[0.31657637525422344, 0.7549593745550957]",46.26888346672058,,"[0.596475487924726, 0.7034376174204607]",13.964715003967283,,"[0.3112161059704852, 0.7642905379980117]",32.70291543006897,
0,2,6,10,2,9000,V1,V0,PN,"[0.03835058991255934, 0.20002596557015834]",86.4453022480011,"[0.03196502342659975, 0.1905103020390063]",13.479765176773071,"[0.0692730168265684, 0.2171403189378801]","[0.1757551521500469, 0.297775413175595]","[0.0692730168265684, 0.2171403189378801]",14.843905687332152,"{'V3': 1.0, 'V4': 1.0, 'V5': 1.0}","[0.03443564146987978, 0.19687006945284577]",15.47280478477478,"{'V3': 0.30043033333333335, 'V4': 1.0, 'V5': 1.0}","[0.018486682567077445, 0.23911035276627865]",46.26888346672058,,"[0.28111507909140987, 0.394236007444111]",13.964715003967283,,"[0.022314043528041567, 0.22654802865329104]",32.70291543006897,
0,2,6,10,2,9000,V2,V0,PN,"[0.10882104651234319, 0.29835532698676454]",86.4453022480011,"[0.10176240330752194, 0.30219404577894615]",13.479765176773071,"[0.1477152150064806, 0.253929378831302]","[0.43961860474350023, 0.5774392102919209]","[0.1477152150064806, 0.253929378831302]",14.843905687332152,"{'V3': 1.0, 'V4': 1.0, 'V5': 1.0}","[0.12127479732962006, 0.29586588272467373]",15.47280478477478,"{'V3': 0.30043033333333335, 'V4': 1.0, 'V5': 1.0}","[0.10521050433646847, 0.32535121475563644]",46.26888346672058,,"[0.5626367560711916, 0.6593969835718592]",13.964715003967283,,"[0.0954792541021136, 0.31634212893820196]",32.70291543006897,
0,2,6,10,2,10000,V1,V0,PS,"[0.18800883291780307, 0.7111915839905094]",96.0449595451355,"[0.16134897865462786, 0.7101882212607363]",15.019147157669067,"[0.2736590312739113, 0.8578002237121861]","[0.3585850276678381, 0.546984433850411]","[0.2736590312739113, 0.8578002237121861]",16.43122148513794,"{'V3': 1.0, 'V4': 1.0, 'V5': 1.0}","[0.1783489273095134, 0.7232262035587843]",17.05796766281128,"{'V3': 0.2967708, 'V4': 1.0, 'V5': 1.0}","[0.08268510582899774, 0.7331715955889861]",51.35795497894287,,"[0.43233856024022216, 0.5646500674783789]",15.478559494018556,,"[0.10385585599507606, 0.7358810138939057]",36.32490944862366,
0,2,6,10,2,10000,V2,V0,PS,"[0.38587527863180965, 0.7400731883853576]",96.0449595451355,"[0.38455096608135514, 0.7382443159219096]",15.019147157669067,"[0.4315392596872229, 0.7418362160518728]","[0.5964672532821059, 0.7375012682845692]","[0.4315392596872229, 0.7418362160518728]",16.43122148513794,"{'V3': 1.0, 'V4': 1.0, 'V5': 1.0}","[0.41115704035080103, 0.7335025540731344]",17.05796766281128,"{'V3': 0.2967708, 'V4': 1.0, 'V5': 1.0}","[0.31657637525422344, 0.7549593745550957]",51.35795497894287,,"[0.596475487924726, 0.7034376174204607]",15.478559494018556,,"[0.3075930152323577, 0.7642905379980117]",36.32490944862366,
0,2,6,10,2,10000,V1,V0,PN,"[0.03771701054797626, 0.19950769166579366]",96.0449595451355,"[0.034364502813680836, 0.19228650364355457]",15.019147157669067,"[0.0692730168265684, 0.2171403189378801]","[0.1757551521500469, 0.297775413175595]","[0.0692730168265684, 0.2171403189378801]",16.43122148513794,"{'V3': 1.0, 'V4': 1.0, 'V5': 1.0}","[0.03662541045078354, 0.19567253495384235]",17.05796766281128,"{'V3': 0.2967708, 'V4': 1.0, 'V5': 1.0}","[0.018486682567077445, 0.23911035276627865]",51.35795497894287,,"[0.28111507909140987, 0.394236007444111]",15.478559494018556,,"[0.022314043528041567, 0.22654802865329104]",36.32490944862366,
0,2,6,10,2,10000,V2,V0,PN,"[0.10882104651234319, 0.29545569044628645]",96.0449595451355,"[0.10176240330752194, 0.30296019719658435]",15.019147157669067,"[0.1477152150064806, 0.253929378831302]","[0.43961860474350023, 0.5774392102919209]","[0.1477152150064806, 0.253929378831302]",16.43122148513794,"{'V3': 1.0, 'V4': 1.0, 'V5': 1.0}","[0.11941450287521926, 0.29586588272467373]",17.05796766281128,"{'V3': 0.2967708, 'V4': 1.0, 'V5': 1.0}","[0.10521050433646847, 0.32535121475563644]",51.35795497894287,,"[0.5626367560711916, 0.6593969835718592]",15.478559494018556,,"[0.0921992353019724, 0.31634212893820196]",36.32490944862366,
0,2,8,5,2,1000,V1,V0,PS,"[0.3977258545151617, 0.8697383021003285]",10.95235800743103,"[0.5020086130658571, 0.8937941994800866]",1.6616904735565186,"[0.3408877774546624, 1.0]","[0.5001075499337284, 0.6503375661530669]","[0.3408877774546624, 1.0]",1.8492493629455569,"{'V3': 1.0, 'V4': 1.0, 'V5': 1.0}","[0.5010377394650901, 0.8762260778177915]",1.8311729431152344,"{'V3': 0.395584, 'V4': 1.0, 'V5': 1.0}","[0.4261128713101715, 0.8659762606591938]",5.2423484325408936,,"[0.4969657943737067, 0.5967096620803657]",1.620016098022461,,"[0.38711923078224125, 0.8200748974312028]",4.064065933227539,
0,2,8,5,2,1000,V2,V0,PS,"[0.5162451935364409, 0.8623531922125687]",10.95235800743103,"[0.48819794114862486, 0.9171752494779675]",1.6616904735565186,"[0.3884680984577254, 1.0]","[0.5050604380544663, 0.6525156283512749]","[0.3884680984577254, 1.0]",1.8492493629455569,"{'V3': 1.0, 'V4': 1.0, 'V5': 1.0}","[0.5427901988205238, 0.853361674438606]",1.8311729431152344,"{'V3': 0.395584, 'V4': 1.0, 'V5': 1.0}","[0.3945994144620484, 0.8361048885668991]",5.2423484325408936,,"[0.5160036778220874, 0.6426824681724269]",1.620016098022461,,"[0.4381473312655229, 0.8885769981464597]",4.064065933227539,
0,2,8,5,2,1000,V1,V0,PN,"[0.10601312136720498, 0.29701565416569575]",10.95235800743103,"[0.15380791482639666, 0.32323568668803765]",1.6616904735565186,"[0.1076331415104109, 0.3157436218866076]","[0.3324359001880055, 0.4919864923510997]","[0.1076331415104109, 0.3157436218866076]",1.8492493629455569,"{'V3': 1.0, 'V4': 1.0, 'V5': 1.0}","[0.15007208807545458, 0.31107906927696954]",1.8311729431152344,"{'V3': 0.395584, 'V4': 1.0, 'V5': 1.0}","[0.13961065044218657, 0.3181011138939424]",5.2423484325408936,,"[0.4236291855561013, 0.5285337640447134]",1.620016098022461,,"[0.13501758427080615, 0.2924648236652751]",4.064065933227539,
0,2,8,5,2,1000,V2,V0,PN,"[0.18232486699015651, 0.3762224328616832]",10.95235800743103,"[0.17378412302982424, 0.3986831933818256]",1.6616904735565186,"[0.1450958357819677, 0.3735077252366903]","[0.4062353169399578, 0.5336509757244519]","[0.1450958357819677, 0.3735077252366903]",1.8492493629455569,"{'V3': 1.0, 'V4': 1.0, 'V5': 1.0}","[0.19384316034994817, 0.37923593703139663]",1.8311729431152344,"{'V3': 0.395584, 'V4': 1.0, 'V5': 1.0}","[0.1451319744946517, 0.36898397440713343]",5.2423484325408936,,"[0.5048349988213652, 0.6369055568390859]",1.620016098022461,,"[0.1673556605559304, 0.44439846549995105]",4.064065933227539,
0,2,8,5,2,2000,V1,V0,PS,"[0.41974186972628935, 0.8575648842961497]",21.75771808624268,"[0.48198854380653927, 0.8937941994800866]",3.262014627456665,"[0.3408877774546624, 1.0]","[0.4818541863305858, 0.6503375661530669]","[0.3408877774546624, 1.0]",3.5032613277435303,"{'V3': 1.0, 'V4': 1.0, 'V5': 1.0}","[0.44575826946829294, 0.8762260778177915]",3.536547899246216,"{'V3': 0.3784735, 'V4': 1.0, 'V5': 1.0}","[0.3584175210761003, 0.8763702132171112]",10.330925464630129,,"[0.48657192222608703, 0.6000645466637807]",3.115520477294922,,"[0.38711923078224125, 0.8726862520944373]",7.967090845108032,
0,2,8,5,2,2000,V2,V0,PS,"[0.4391209299661526, 0.8615733398575922]",21.75771808624268,"[0.49846845560914144, 0.9171752494779675]",3.262014627456665,"[0.3884680984577254, 1.0]","[0.5050604380544663, 0.6525156283512749]","[0.3884680984577254, 1.0]",3.5032613277435303,"{'V3': 1.0, 'V4': 1.0, 'V5': 1.0}","[0.449293476506794, 0.8816556685699708]",3.536547899246216,"{'V3': 0.3784735, 'V4': 1.0, 'V5': 1.0}","[0.3945994144620484, 0.8541147160116656]",10.330925464630129,,"[0.5089459355863437, 0.6496592351738701]",3.115520477294922,,"[0.4381473312655229, 0.9253194934641755]",7.967090845108032,
0,2,8,5,2,2000,V1,V0,PN,"[0.129007757646824, 0.29701565416569575]",21.75771808624268,"[0.14535022418702356, 0.3176132263793698]",3.262014627456665,"[0.1076331415104109, 0.3157436218866076]","[0.3324359001880055, 0.4919864923510997]","[0.1076331415104109, 0.3157436218866076]",3.5032613277435303,"{'V3': 1.0, 'V4': 1.0, 'V5': 1.0}","[0.1305630682630638, 0.3046104775725857]",3.536547899246216,"{'V3': 0.3784735, 'V4': 1.0, 'V5': 1.0}","[0.10303188782774744, 0.3181011138939424]",10.330925464630129,,"[0.4236291855561013, 0.5312212552518232]",3.115520477294922,,"[0.12844617651478638, 0.3540967434341142]",7.967090845108032,
0,2,8,5,2,2000,V2,V0,PN,"[0.15835509529806832, 0.3647257762552549]",21.75771808624268,"[0.17568728714573328, 0.4039188708410928]",3.262014627456665,"[0.1450958357819677, 0.3735077252366903]","[0.4062353169399578, 0.5336509757244519]","[0.1450958357819677, 0.3735077252366903]",3.5032613277435303,"{'V3': 1.0, 'V4': 1.0, 'V5': 1.0}","[0.15296223484672267, 0.39274564644258636]",3.536547899246216,"{'V3': 0.3784735, 'V4': 1.0, 'V5': 1.0}","[0.14367124807017986, 0.37833067686025357]",10.330925464630129,,"[0.5048349988213652, 0.6451704333653535]",3.115520477294922,,"[0.16617247549319622, 0.44439846549995105]",7.967090845108032,
0,2,8,5,2,3000,V1,V0,PS,"[0.41010906326350516, 0.8685363780607969]",33.241533041000366,"[0.4305301028784967, 0.8647494716499315]",4.869162559509277,"[0.3408877774546624, 1.0]","[0.4776427683380615, 0.6503375661530669]","[0.3408877774546624, 1.0]",5.3373703956604,"{'V3': 1.0, 'V4': 1.0, 'V5': 1.0}","[0.4047290677211573, 0.8762260778177915]",5.468323230743408,"{'V3': 0.375335, 'V4': 1.0, 'V5': 1.0}","[0.3584175210761003, 0.8763702132171112]",15.888736248016356,,"[0.48657192222608703, 0.6026043151870532]",4.8215720653533936,,"[0.3629806545248675, 0.8726862520944373]",12.22344970703125,
0,2,8,5,2,3000,V2,V0,PS,"[0.4554590095018405, 0.8902398822801928]",33.241533041000366,"[0.4899280425739636, 0.9171752494779675]",4.869162559509277,"[0.3884680984577254, 1.0]","[0.5050604380544663, 0.6528059302885316]","[0.3884680984577254, 1.0]",5.3373703956604,"{'V3': 1.0, 'V4': 1.0, 'V5': 1.0}","[0.46076021791095356, 0.8926901716947321]",5.468323230743408,"{'V3': 0.375335, 'V4': 1.0, 'V5': 1.0}","[0.3456075555673458, 0.8541147160116656]",15.888736248016356,,"[0.5089459355863437, 0.6547742973740407]",4.8215720653533936,,"[0.4381473312655229, 0.9253194934641755]",12.22344970703125,
0,2,8,5,2,3000,V1,V0,PN,"[0.12214658362668271, 0.3042895392301878]",33.241533041000366,"[0.12788180794282283, 0.31242605260900724]",4.869162559509277,"[0.1076331415104109, 0.3157436218866076]","[0.3324359001880055, 0.4919864923510997]","[0.1076331415104109, 0.3157436218866076]",5.3373703956604,"{'V3': 1.0, 'V4': 1.0, 'V5': 1.0}","[0.12057506429447022, 0.308856892380971]",5.468323230743408,"{'V3': 0.375335, 'V4': 1.0, 'V5': 1.0}","[0.10303188782774744, 0.3181011138939424]",15.888736248016356,,"[0.4236291855561013, 0.5410207399952162]",4.8215720653533936,,"[0.10632375615766528, 0.3540967434341142]",12.22344970703125,
0,2,8,5,2,3000,V2,V0,PN,"[0.15835509529806832, 0.3702755236637475]",33.241533041000366,"[0.1724165004668898, 0.4039188708410928]",4.869162559509277,"[0.1450958357819677, 0.3735077252366903]","[0.4013872800964243, 0.5336509757244519]","[0.1450958357819677, 0.3735077252366903]",5.3373703956604,"{'V3': 1.0, 'V4': 1.0, 'V5': 1.0}","[0.14794067395879792, 0.3885922493109469]",5.468323230743408,"{'V3': 0.375335, 'V4': 1.0, 'V5': 1.0}","[0.11873111729120671, 0.37833067686025357]",15.888736248016356,,"[0.5048349988213652, 0.6451704333653535]",4.8215720653533936,,"[0.16617247549319622, 0.44439846549995105]",12.22344970703125,
0,2,8,5,2,4000,V1,V0,PS,"[0.3977258545151617, 0.8891485275294059]",44.0103657245636,"[0.3947373642322273, 0.8647494716499315]",7.360317230224609,"[0.3408877774546624, 1.0]","[0.4669170763070992, 0.6503375661530669]","[0.3408877774546624, 1.0]",7.00312614440918,"{'V3': 1.0, 'V4': 1.0, 'V5': 1.0}","[0.39476640932632284, 0.8762260778177915]",7.180135726928711,"{'V3': 0.3704305, 'V4': 1.0, 'V5': 1.0}","[0.3584175210761003, 0.8763702132171112]",21.28232359886169,,"[0.48634961180962977, 0.6026043151870532]",6.325281858444214,,"[0.3629806545248675, 0.8726862520944373]",16.305575132369995,
0,2,8,5,2,4000,V2,V0,PS,"[0.4391209299661526, 0.9023437031778935]",44.0103657245636,"[0.4325867110841909, 0.9171752494779675]",7.360317230224609,"[0.3884680984577254, 1.0]","[0.5050604380544663, 0.6528059302885316]","[0.3884680984577254, 1.0]",7.00312614440918,"{'V3': 1.0, 'V4': 1.0, 'V5': 1.0}","[0.4540325927109755, 0.8926901716947321]",7.180135726928711,"{'V3': 0.3704305, 'V4': 1.0, 'V5': 1.0}","[0.3456075555673458, 0.880821174570095]",21.28232359886169,,"[0.5089459355863437, 0.6547742973740407]",6.325281858444214,,"[0.398896563699793, 0.9253194934641755]",16.305575132369995,
0,2,8,5,2,4000,V1,V0,PN,"[0.11895461575832858, 0.31012643695994846]",44.0103657245636,"[0.11525742843418903, 0.3055403634093997]",7.360317230224609,"[0.1076331415104109, 0.3157436218866076]","[0.3324359001880055, 0.4919864923510997]","[0.1076331415104109, 0.3157436218866076]",7.00312614440918,"{'V3': 1.0, 'V4': 1.0, 'V5': 1.0}","[0.11723821121888141, 0.30530186393981723]",7.180135726928711,"{'V3': 0.3704305, 'V4': 1.0, 'V5': 1.0}","[0.10303188782774744, 0.3181011138939424]",21.28232359886169,,"[0.4236291855561013, 0.5410207399952162]",6.325281858444214,,"[0.09986612323294083, 0.3540967434341142]",16.305575132369995,
0,2,8,5,2,4000,V2,V0,PN,"[0.15449595996191073, 0.37632507365710427]",44.0103657245636,"[0.14874839809337664, 0.3986831933818256]",7.360317230224609,"[0.1450958357819677, 0.3735077252366903]","[0.4013872800964243, 0.5336509757244519]","[0.1450958357819677, 0.3735077252366903]",7.00312614440918,"{'V3': 1.0, 'V4': 1.0, 'V5': 1.0}","[0.14541498100501934, 0.3885922493109469]",7.180135726928711,"{'V3': 0.3704305, 'V4': 1.0, 'V5': 1.0}","[0.11873111729120671, 0.40432988737259584]",21.28232359886169,,"[0.5048349988213652, 0.6451704333653535]",6.325281858444214,,"[0.14198686361247462, 0.44439846549995105]",16.305575132369995,
0,2,8,5,2,5000,V1,V0,PS,"[0.41010906326350516, 0.8891485275294059]",54.81798958778381,"[0.36863608428835376, 0.8647494716499315]",8.966352224349976,"[0.3408877774546624, 1.0]","[0.4669170763070992, 0.6503375661530669]","[0.3408877774546624, 1.0]",8.95785403251648,"{'V3': 1.0, 'V4': 1.0, 'V5': 1.0}","[0.39476640932632284, 0.8762260778177915]",9.182981252670288,"{'V3': 0.3637652, 'V4': 1.0, 'V5': 1.0}","[0.35082920722673694, 0.8763702132171112]",26.73213148117065,,"[0.48634961180962977, 0.6026043151870532]",8.177642822265625,,"[0.3629806545248675, 0.8962175942063056]",20.723081350326535,
0,2,8,5,2,5000,V2,V0,PS,"[0.46218970289024247, 0.8848991448566509]",54.81798958778381,"[0.4325867110841909, 0.903060161426304]",8.966352224349976,"[0.3884680984577254, 1.0]","[0.5050604380544663, 0.6528059302885316]","[0.3884680984577254, 1.0]",8.95785403251648,"{'V3': 1.0, 'V4': 1.0, 'V5': 1.0}","[0.4594986209245281, 0.8926901716947321]",9.182981252670288,"{'V3': 0.3637652, 'V4': 1.0, 'V5': 1.0}","[0.3456075555673458, 0.880821174570095]",26.73213148117065,,"[0.5089459355863437, 0.6547742973740407]",8.177642822265625,,"[0.398896563699793, 0.9253194934641755]",20.723081350326535,
0,2,8,5,2,5000,V1,V0,PN,"[0.12214658362668271, 0.3125361676527766]",54.81798958778381,"[0.1098354859261852, 0.30312267681295857]",8.966352224349976,"[0.1076331415104109, 0.3157436218866076]","[0.3324359001880055, 0.4919864923510997]","[0.1076331415104109, 0.3157436218866076]",8.95785403251648,"{'V3': 1.0, 'V4': 1.0, 'V5': 1.0}","[0.1167853165447558, 0.3034403189626014]",9.182981252670288,"{'V3': 0.3637652, 'V4': 1.0, 'V5': 1.0}","[0.10303188782774744, 0.3181011138939424]",26.73213148117065,,"[0.4236291855561013, 0.5410207399952162]",8.177642822265625,,"[0.09986612323294083, 0.3540967434341142]",20.723081350326535,
0,2,8,5,2,5000,V2,V0,PN,"[0.15959851208873974, 0.3710256373986368]",54.81798958778381,"[0.14874839809337664, 0.3909637314444375]",8.966352224349976,"[0.1450958357819677, 0.3735077252366903]","[0.4013872800964243, 0.5336509757244519]","[0.1450958357819677, 0.3735077252366903]",8.95785403251648,"{'V3': 1.0, 'V4': 1.0, 'V5': 1.0}","[0.14794067395879792, 0.38196619826297695]",9.182981252670288,"{'V3': 0.3637652, 'V4': 1.0, 'V5': 1.0}","[0.11873111729120671, 0.40432988737259584]",26.73213148117065,,"[0.5048349988213652, 0.6451704333653535]",8.177642822265625,,"[0.14198686361247462, 0.44439846549995105]",20.723081350326535,
0,2,8,5,2,6000,V1,V0,PS,"[0.41010906326350516, 0.8891485275294059]",66.52768898010254,"[0.3608273484508816, 0.8647494716499315]",10.572664737701416,"[0.3408877774546624, 1.0]","[0.4669170763070992, 0.6539692718815645]","[0.3408877774546624, 1.0]",10.663447380065918,"{'V3': 1.0, 'V4': 1.0, 'V5': 1.0}","[0.4004708730347933, 0.8671075688591885]",10.900134325027466,"{'V3': 0.36437633333333336, 'V4': 1.0, 'V5': 1.0}","[0.35082920722673694, 0.8862931959500543]",31.997722148895264,,"[0.4828086536639387, 0.6047237690090944]",9.729388236999512,,"[0.3629806545248675, 0.8962175942063056]",24.80631828308105,
0,2,8,5,2,6000,V2,V0,PS,"[0.46333603006032853, 0.8874062619524608]",66.52768898010254,"[0.4325867110841909, 0.903060161426304]",10.572664737701416,"[0.3884680984577254, 1.0]","[0.49785083008663256, 0.652911997537132]","[0.3884680984577254, 1.0]",10.663447380065918,"{'V3': 1.0, 'V4': 1.0, 'V5': 1.0}","[0.4594986209245281, 0.8926901716947321]",10.900134325027466,"{'V3': 0.36437633333333336, 'V4': 1.0, 'V5': 1.0}","[0.3456075555673458, 0.8825740611182397]",31.997722148895264,,"[0.5089459355863437, 0.6547742973740407]",9.729388236999512,,"[0.398896563699793, 0.9253194934641755]",24.80631828308105,
0,2,8,5,2,6000,V1,V0,PN,"[0.12705260209204874, 0.31012643695994846]",66.52768898010254,"[0.10839247623190226, 0.30544472208772233]",10.572664737701416,"[0.1076331415104109, 0.3157436218866076]","[0.3324359001880055, 0.4919864923510997]","[0.1076331415104109, 0.3157436218866076]",10.663447380065918,"{'V3': 1.0, 'V4': 1.0, 'V5': 1.0}","[0.1182012683740755, 0.29711894549955986]",10.900134325027466,"{'V3': 0.36437633333333336, 'V4': 1.0, 'V5': 1.0}","[0.10303188782774744, 0.340704079880242]",31.997722148895264,,"[0.4236291855561013, 0.5412845304623852]",9.729388236999512,,"[0.09986612323294083, 0.3540967434341142]",24.80631828308105,
0,2,8,5,2,6000,V2,V0,PN,"[0.15824812512902936, 0.3718578465398789]",66.52768898010254,"[0.14258600935436577, 0.3955915471433681]",10.572664737701416,"[0.1450958357819677, 0.3735077252366903]","[0.4013872800964243, 0.5387865958218767]","[0.1450958357819677, 0.3735077252366903]",10.663447380065918,"{'V3': 1.0, 'V4': 1.0, 'V5': 1.0}","[0.14794067395879792, 0.3846917927814545]",10.900134325027466,"{'V3': 0.36437633333333336, 'V4': 1.0, 'V5': 1.0}","[0.11873111729120671, 0.40432988737259584]",31.997722148895264,,"[0.5048349988213652, 0.6451704333653535]",9.729388236999512,,"[0.14198686361247462, 0.44439846549995105]",24.80631828308105,
0,2,8,5,2,7000,V1,V0,PS,"[0.4054339945199411, 0.8891485275294059]",77.33131432533264,"[0.3664917181211109, 0.8647494716499315]",12.175145626068115,"[0.3408877774546624, 1.0]","[0.4669170763070992, 0.6539692718815645]","[0.3408877774546624, 1.0]",12.367656230926514,"{'V3': 1.0, 'V4': 1.0, 'V5': 1.0}","[0.4004708730347933, 0.8671075688591885]",12.690911769866943,"{'V3': 0.36335414285714285, 'V4': 1.0, 'V5': 1.0}","[0.35082920722673694, 0.8862931959500543]",37.46996712684631,,"[0.4828086536639387, 0.6047237690090944]",11.232349395751951,,"[0.34279020946826133, 0.8962175942063056]",28.830280542373657,
0,2,8,5,2,7000,V2,V0,PS,"[0.4566301251584479, 0.8924516232915422]",77.33131432533264,"[0.4325867110841909, 0.903060161426304]",12.175145626068115,"[0.3884680984577254, 1.0]","[0.49785083008663256, 0.6559605446282973]","[0.3884680984577254, 1.0]",12.367656230926514,"{'V3': 1.0, 'V4': 1.0, 'V5': 1.0}","[0.44741083276254523, 0.8926901716947321]",12.690911769866943,"{'V3': 0.36335414285714285, 'V4': 1.0, 'V5': 1.0}","[0.3456075555673458, 0.8825740611182397]",37.46996712684631,,"[0.5089459355863437, 0.6559079758032825]",11.232349395751951,,"[0.398896563699793, 0.9253194934641755]",28.830280542373657,
0,2,8,5,2,7000,V1,V0,PN,"[0.1258728087819711, 0.3070442451054218]",77.33131432533264,"[0.10718193230157388, 0.3096024502409908]",12.175145626068115,"[0.1076331415104109, 0.3157436218866076]","[0.3268628442826177, 0.4919864923510997]","[0.1076331415104109, 0.3157436218866076]",12.367656230926514,"{'V3': 1.0, 'V4': 1.0, 'V5': 1.0}","[0.1182012683740755, 0.2996232195406767]",12.690911769866943,"{'V3': 0.36335414285714285, 'V4': 1.0, 'V5': 1.0}","[0.10303188782774744, 0.340704079880242]",37.46996712684631,,"[0.4236291855561013, 0.5412845304623852]",11.232349395751951,,"[0.09986612323294083, 0.3540967434341142]",28.830280542373657,
0,2,8,5,2,7000,V2,V0,PN,"[0.15675991739702227, 0.3732556409684034]",77.33131432533264,"[0.14258600935436577, 0.3995230630662932]",12.175145626068115,"[0.1450958357819677, 0.3735077252366903]","[0.39785958322369586, 0.5387865958218767]","[0.1450958357819677, 0.3735077252366903]",12.367656230926514,"{'V3': 1.0, 'V4': 1.0, 'V5': 1.0}","[0.14515876468669917, 0.38329983529487865]",12.690911769866943,"{'V3': 0.36335414285714285, 'V4': 1.0, 'V5': 1.0}","[0.11873111729120671, 0.40432988737259584]",37.46996712684631,,"[0.5048349988213652, 0.6451704333653535]",11.232349395751951,,"[0.14198686361247462, 0.44439846549995105]",28.830280542373657,
0,2,8,5,2,8000,V1,V0,PS,"[0.41010906326350516, 0.8891485275294059]",88.17225623130798,"[0.37273264654159965, 0.873129028966803]",13.784022092819214,"[0.3408877774546624, 1.0]","[0.4669170763070992, 0.6539692718815645]","[0.3408877774546624, 1.0]",14.082175731658936,"{'V3': 1.0, 'V4': 1.0, 'V5': 1.0}","[0.4107867708521593, 0.8612286135646875]",14.460943222045898,"{'V3': 0.364938, 'V4': 1.0, 'V5': 1.0}","[0.2958101934911694, 0.9013886606267854]",42.787190675735474,,"[0.4828086536639387, 0.6047237690090944]",12.745453596115112,,"[0.34279020946826133, 0.8962175942063056]",32.92321276664734,
0,2,8,5,2,8000,V2,V0,PS,"[0.4566301251584479, 0.9029579816887251]",88.17225623130798,"[0.4325867110841909, 0.903060161426304]",13.784022092819214,"[0.3884680984577254, 1.0]","[0.49785083008663256, 0.6559605446282973]","[0.3884680984577254, 1.0]",14.082175731658936,"{'V3': 1.0, 'V4': 1.0, 'V5': 1.0}","[0.44741083276254523, 0.8926901716947321]",14.460943222045898,"{'V3': 0.364938, 'V4': 1.0, 'V5': 1.0}","[0.3456075555673458, 0.8825740611182397]",42.787190675735474,,"[0.5089459355863437, 0.6559079758032825]",12.745453596115112,,"[0.398896563699793, 0.9451074064451941]",32.92321276664734,
0,2,8,5,2,8000,V1,V0,PN,"[0.1258728087819711, 0.3089749916289953]",88.17225623130798,"[0.10718193230157388, 0.31410463931423743]",13.784022092819214,"[0.1076331415104109, 0.3157436218866076]","[0.3268628442826177, 0.4919864923510997]","[0.1076331415104109, 0.3157436218866076]",14.082175731658936,"{'V3': 1.0, 'V4': 1.0, 'V5': 1.0}","[0.12057506429447022, 0.29711894549955986]",14.460943222045898,"{'V3': 0.364938, 'V4': 1.0, 'V5': 1.0}","[0.0938258009226023, 0.340704079880242]",42.787190675735474,,"[0.4236291855561013, 0.5412845304623852]",12.745453596115112,,"[0.09986612323294083, 0.3540967434341142]",32.92321276664734,
0,2,8,5,2,8000,V2,V0,PN,"[0.15824812512902936, 0.3751387468363008]",88.17225623130798,"[0.14258600935436577, 0.4039591989381077]",13.784022092819214,"[0.1450958357819677, 0.3735077252366903]","[0.39785958322369586, 0.5387865958218767]","[0.1450958357819677, 0.3735077252366903]",14.082175731658936,"{'V3': 1.0, 'V4': 1.0, 'V5': 1.0}","[0.14515876468669917, 0.38329983529487865]",14.460943222045898,"{'V3': 0.364938, 'V4': 1.0, 'V5': 1.0}","[0.11873111729120671, 0.40432988737259584]",42.787190675735474,,"[0.5048349988213652, 0.6451704333653535]",12.745453596115112,,"[0.14198686361247462, 0.44439846549995105]",32.92321276664734,
0,2,8,5,2,9000,V1,V0,PS,"[0.4027154450084629, 0.8891485275294059]",99.00909972190856,"[0.3678720844670493, 0.8866778338725317]",15.393470764160156,"[0.3408877774546624, 1.0]","[0.4669170763070992, 0.6539692718815645]","[0.3408877774546624, 1.0]",15.784550666809082,"{'V3': 1.0, 'V4': 1.0, 'V5': 1.0}","[0.40788867608900964, 0.8777662551649451]",16.257158041000366,"{'V3': 0.3663911111111111, 'V4': 1.0, 'V5': 1.0}","[0.2958101934911694, 0.9013886606267854]",48.557347774505615,,"[0.4828086536639387, 0.6097259347932377]",14.359436750411987,,"[0.34279020946826133, 0.8962175942063056]",36.89054894447327,
0,2,8,5,2,9000,V2,V0,PS,"[0.45063281571825176, 0.9114529413856736]",99.00909972190856,"[0.40546241432982055, 0.903060161426304]",15.393470764160156,"[0.3884680984577254, 1.0]","[0.49785083008663256, 0.6565297607720113]","[0.3884680984577254, 1.0]",15.784550666809082,"{'V3': 1.0, 'V4': 1.0, 'V5': 1.0}","[0.4451221097926356, 0.8926901716947321]",16.257158041000366,"{'V3': 0.3663911111111111, 'V4': 1.0, 'V5': 1.0}","[0.3456075555673458, 0.8825740611182397]",48.557347774505615,,"[0.5089459355863437, 0.6559079758032825]",14.359436750411987,,"[0.398896563699793, 0.9451074064451941]",36.89054894447327,
0,2,8,5,2,9000,V1,V0,PN,"[0.12214658362668271, 0.30957615969134117]",99.00909972190856,"[0.10718193230157388, 0.3099705124851588]",15.393470764160156,"[0.1076331415104109, 0.3157436218866076]","[0.3268628442826177, 0.4919864923510997]","[0.1076331415104109, 0.3157436218866076]",15.784550666809082,"{'V3': 1.0, 'V4': 1.0, 'V5': 1.0}","[0.12057506429447022, 0.3035430631696916]",16.257158041000366,"{'V3': 0.3663911111111111, 'V4': 1.0, 'V5': 1.0}","[0.0938258009226023, 0.340704079880242]",48.557347774505615,,"[0.4236291855561013, 0.5412845304623852]",14.359436750411987,,"[0.09986612323294083, 0.3540967434341142]",36.89054894447327,
0,2,8,5,2,9000,V2,V0,PN,"[0.15675991739702227, 0.3782182706847202]",99.00909972190856,"[0.13392869546125075, 0.3955915471433681]",15.393470764160156,"[0.1450958357819677, 0.3735077252366903]","[0.3943143961599728, 0.5387865958218767]","[0.1450958357819677, 0.3735077252366903]",15.784550666809082,"{'V3': 1.0, 'V4': 1.0, 'V5': 1.0}","[0.14515876468669917, 0.38130934935800886]",16.257158041000366,"{'V3': 0.3663911111111111, 'V4': 1.0, 'V5': 1.0}","[0.11873111729120671, 0.40432988737259584]",48.557347774505615,,"[0.5048349988213652, 0.6451704333653535]",14.359436750411987,,"[0.14198686361247462, 0.44439846549995105]",36.89054894447327,
0,2,8,5,2,10000,V1,V0,PS,"[0.39174358273430776, 0.8891485275294059]",109.87263488769533,"[0.37273264654159965, 0.8866778338725317]",17.006646394729614,"[0.3408877774546624, 1.0]","[0.4669170763070992, 0.6539692718815645]","[0.3408877774546624, 1.0]",17.452520608901978,"{'V3': 1.0, 'V4': 1.0, 'V5': 1.0}","[0.40788867608900964, 0.8836063148959697]",18.017982959747314,"{'V3': 0.3667449, 'V4': 1.0, 'V5': 1.0}","[0.2958101934911694, 0.9013886606267854]",53.90300679206848,,"[0.4828086536639387, 0.6097259347932377]",15.878854751586914,,"[0.34279020946826133, 0.8962175942063056]",40.84842205047608,
0,2,8,5,2,10000,V2,V0,PS,"[0.45457950603671754, 0.9029579816887251]",109.87263488769533,"[0.40546241432982055, 0.903060161426304]",17.006646394729614,"[0.3884680984577254, 1.0]","[0.49785083008663256, 0.6565297607720113]","[0.3884680984577254, 1.0]",17.452520608901978,"{'V3': 1.0, 'V4': 1.0, 'V5': 1.0}","[0.4451221097926356, 0.8926901716947321]",18.017982959747314,"{'V3': 0.3667449, 'V4': 1.0, 'V5': 1.0}","[0.3456075555673458, 0.9331259181558663]",53.90300679206848,,"[0.5089459355863437, 0.6559079758032825]",15.878854751586914,,"[0.398896563699793, 0.9451074064451941]",40.84842205047608,
0,2,8,5,2,10000,V1,V0,PN,"[0.11860510142992134, 0.3070442451054218]",109.87263488769533,"[0.10839247623190226, 0.3096024502409908]",17.006646394729614,"[0.1076331415104109, 0.3157436218866076]","[0.3268628442826177, 0.4919864923510997]","[0.1076331415104109, 0.3157436218866076]",17.452520608901978,"{'V3': 1.0, 'V4': 1.0, 'V5': 1.0}","[0.12082963641059635, 0.3035430631696916]",18.017982959747314,"{'V3': 0.3667449, 'V4': 1.0, 'V5': 1.0}","[0.0938258009226023, 0.340704079880242]",53.90300679206848,,"[0.42268346379081884, 0.5546513953439722]",15.878854751586914,,"[0.09986612323294083, 0.3540967434341142]",40.84842205047608,
0,2,8,5,2,10000,V2,V0,PN,"[0.15636495453707233, 0.37632507365710427]",109.87263488769533,"[0.13392869546125075, 0.38802724239001507]",17.006646394729614,"[0.1450958357819677, 0.3735077252366903]","[0.3943143961599728, 0.5387865958218767]","[0.1450958357819677, 0.3735077252366903]",17.452520608901978,"{'V3': 1.0, 'V4': 1.0, 'V5': 1.0}","[0.14648067888409178, 0.3807526930585609]",18.017982959747314,"{'V3': 0.3667449, 'V4': 1.0, 'V5': 1.0}","[0.11873111729120671, 0.44916062144677005]",53.90300679206848,,"[0.5048349988213652, 0.6451704333653535]",15.878854751586914,,"[0.14198686361247462, 0.44439846549995105]",40.84842205047608,
0,2,10,5,2,1000,V1,V0,PS,"[0.7554561669299475, 0.9444232417811438]",11.473811388015749,"[0.7665189509207915, 0.9302361035051355]",1.715756893157959,"[0.7210247097808495, 0.9844883031342316]","[0.5105035694212473, 0.6357113599577287]","[0.7210247097808495, 0.9844883031342316]",1.8962907791137693,"{'V3': 1.0, 'V4': 1.0, 'V5': 1.0}","[0.726488902929901, 0.8842468283756596]",1.9065155982971191,"{'V3': 0.3329, 'V4': 1.0, 'V5': 1.0}","[0.7331157495844768, 0.9245479573264563]",5.357323169708252,,"[0.5258729184804142, 0.6204321606947983]",1.6279666423797607,,"[0.7183131475443325, 0.9193839526567421]",4.280733346939087,
0,2,10,5,2,1000,V2,V0,PS,"[0.3488124901886874, 0.7081228771302488]",11.473811388015749,"[0.38465259771060095, 0.6844828119373096]",1.715756893157959,"[0.319276664128295, 0.7405762080357261]","[0.41113407645147465, 0.5544592542291483]","[0.319276664128295, 0.7405762080357261]",1.8962907791137693,"{'V3': 1.0, 'V4': 1.0, 'V5': 1.0}","[0.33781192094064527, 0.7276771339362679]",1.9065155982971191,"{'V3': 0.3329, 'V4': 1.0, 'V5': 1.0}","[0.38504909428454515, 0.7249402171348142]",5.357323169708252,,"[0.46886451033832394, 0.5992209560310268]",1.6279666423797607,,"[0.3275879051572735, 0.7099558998043508]",4.280733346939087,
0,2,10,5,2,1000,V1,V0,PN,"[0.6881992415879877, 0.8505217437565525]",11.473811388015749,"[0.6827468275389524, 0.8654973656884053]",1.715756893157959,"[0.6506208706901839, 0.8883587875430508]","[0.5151326510171907, 0.63506089365954]","[0.6506208706901839, 0.8883587875430508]",1.8962907791137693,"{'V3': 1.0, 'V4': 1.0, 'V5': 1.0}","[0.6595777608909057, 0.8061364657649384]",1.9065155982971191,"{'V3': 0.3329, 'V4': 1.0, 'V5': 1.0}","[0.6798021868742052, 0.8611043863293079]",5.357323169708252,,"[0.48123743805562114, 0.5777058014312063]",1.6279666423797607,,"[0.6556184501573413, 0.8310068849468567]",4.280733346939087,
0,2,10,5,2,1000,V2,V0,PN,"[0.23625345930315417, 0.561506415098846]",11.473811388015749,"[0.2623109061698329, 0.5247486276866293]",1.715756893157959,"[0.2282307110005323, 0.5293911315803326]","[0.4056453582666414, 0.5438427572571243]","[0.2282307110005323, 0.5293911315803326]",1.8962907791137693,"{'V3': 1.0, 'V4': 1.0, 'V5': 1.0}","[0.2447273066138296, 0.5793571897084725]",1.9065155982971191,"{'V3': 0.3329, 'V4': 1.0, 'V5': 1.0}","[0.25634688608347006, 0.5755587555705373]",5.357323169708252,,"[0.4267143153512674, 0.5479178588119986]",1.6279666423797607,,"[0.22470578297514168, 0.5345006391371685]",4.280733346939087,
0,2,10,5,2,2000,V1,V0,PS,"[0.7509220151881486, 0.9222611132923911]",22.77232003211975,"[0.7389874641099957, 0.9302361035051355]",4.974191427230835,"[0.7210247097808495, 0.9844883031342316]","[0.5046406061661872, 0.6445046782038758]","[0.7210247097808495, 0.9844883031342316]",3.601081132888794,"{'V3': 1.0, 'V4': 1.0, 'V5': 1.0}","[0.7361845091875799, 0.8821864544761595]",3.735886812210083,"{'V3': 0.3243725, 'V4': 1.0, 'V5': 1.0}","[0.7149419087843996, 0.9245479573264563]",10.570897579193115,,"[0.5180116794654367, 0.6244623342663259]",3.1320924758911133,,"[0.6916954075237272, 0.9225400572470951]",8.411085844039917,
0,2,10,5,2,2000,V2,V0,PS,"[0.3570530669734372, 0.7081228771302488]",22.77232003211975,"[0.32765113269548857, 0.6760865622893039]",4.974191427230835,"[0.319276664128295, 0.7405762080357261]","[0.41113407645147465, 0.5544592542291483]","[0.319276664128295, 0.7405762080357261]",3.601081132888794,"{'V3': 1.0, 'V4': 1.0, 'V5': 1.0}","[0.3117305537150512, 0.7394563735497308]",3.735886812210083,"{'V3': 0.3243725, 'V4': 1.0, 'V5': 1.0}","[0.3570076223101945, 0.7249402171348142]",10.570897579193115,,"[0.46886451033832394, 0.5992209560310268]",3.1320924758911133,,"[0.3086496005318385, 0.7099558998043508]",8.411085844039917,
0,2,10,5,2,2000,V1,V0,PN,"[0.6846292148364391, 0.8376316076529421]",22.77232003211975,"[0.6664169536640325, 0.8597039597237968]",4.974191427230835,"[0.6506208706901839, 0.8883587875430508]","[0.49402838444547303, 0.6466910606190308]","[0.6506208706901839, 0.8883587875430508]",3.601081132888794,"{'V3': 1.0, 'V4': 1.0, 'V5': 1.0}","[0.6674591532994364, 0.7970575310154018]",3.735886812210083,"{'V3': 0.3243725, 'V4': 1.0, 'V5': 1.0}","[0.6532247759130797, 0.8611043863293079]",10.570897579193115,,"[0.4570094470769236, 0.5825983463891803]",3.1320924758911133,,"[0.6404030611812872, 0.8356771064217053]",8.411085844039917,
0,2,10,5,2,2000,V2,V0,PN,"[0.2467424953552126, 0.5376862162298979]",22.77232003211975,"[0.2286525083066617, 0.5240519735905034]",4.974191427230835,"[0.2282307110005323, 0.5293911315803326]","[0.4056453582666414, 0.5438427572571243]","[0.2282307110005323, 0.5293911315803326]",3.601081132888794,"{'V3': 1.0, 'V4': 1.0, 'V5': 1.0}","[0.2122368351847966, 0.5628068255546517]",3.735886812210083,"{'V3': 0.3243725, 'V4': 1.0, 'V5': 1.0}","[0.25634688608347006, 0.5755587555705373]",10.570897579193115,,"[0.4267143153512674, 0.5479178588119986]",3.1320924758911133,,"[0.21001586238343983, 0.5345006391371685]",8.411085844039917,
0,2,10,5,2,3000,V1,V0,PS,"[0.7211016520162163, 0.9253437944728269]",34.045562744140625,"[0.7441066715645617, 0.919301002536193]",6.624913692474365,"[0.7210247097808495, 0.9844883031342316]","[0.49159606831844205, 0.6515255821525751]","[0.7210247097808495, 0.9844883031342316]",5.473186016082764,"{'V3': 1.0, 'V4': 1.0, 'V5': 1.0}","[0.7320641676607204, 0.8924570131057791]",5.734577894210815,"{'V3': 0.325483, 'V4': 1.0, 'V5': 1.0}","[0.7149419087843996, 0.9245479573264563]",16.305989027023315,,"[0.5180116794654367, 0.6244623342663259]",4.87369441986084,,"[0.6916954075237272, 0.9225400572470951]",12.96575927734375,
0,2,10,5,2,3000,V2,V0,PS,"[0.36511463244479325, 0.684695487974788]",34.045562744140625,"[0.32765113269548857, 0.6832721157437539]",6.624913692474365,"[0.319276664128295, 0.7405762080357261]","[0.41113407645147465, 0.5592765078324214]","[0.319276664128295, 0.7405762080357261]",5.473186016082764,"{'V3': 1.0, 'V4': 1.0, 'V5': 1.0}","[0.3483700120671693, 0.7276771339362679]",5.734577894210815,"{'V3': 0.325483, 'V4': 1.0, 'V5': 1.0}","[0.3425158987132988, 0.7249402171348142]",16.305989027023315,,"[0.46886451033832394, 0.5992209560310268]",4.87369441986084,,"[0.3086496005318385, 0.7313950729477267]",12.96575927734375,
0,2,10,5,2,3000,V1,V0,PN,"[0.6558361460324095, 0.843311530400082]",34.045562744140625,"[0.6664169536640325, 0.8494691928235101]",6.624913692474365,"[0.6506208706901839, 0.8883587875430508]","[0.49402838444547303, 0.6466910606190308]","[0.6506208706901839, 0.8883587875430508]",5.473186016082764,"{'V3': 1.0, 'V4': 1.0, 'V5': 1.0}","[0.6655538708332777, 0.8061364657649384]",5.734577894210815,"{'V3': 0.325483, 'V4': 1.0, 'V5': 1.0}","[0.6532247759130797, 0.8611043863293079]",16.305989027023315,,"[0.4570094470769236, 0.5867608761793766]",4.87369441986084,,"[0.6354822747185189, 0.8356771064217053]",12.96575927734375,
0,2,10,5,2,3000,V2,V0,PN,"[0.2467424953552126, 0.5244671423899682]",34.045562744140625,"[0.23149637500324977, 0.509232138223626]",6.624913692474365,"[0.2282307110005323, 0.5293911315803326]","[0.4056453582666414, 0.5480859921498432]","[0.2282307110005323, 0.5293911315803326]",5.473186016082764,"{'V3': 1.0, 'V4': 1.0, 'V5': 1.0}","[0.23777171649008408, 0.5445011143382945]",5.734577894210815,"{'V3': 0.325483, 'V4': 1.0, 'V5': 1.0}","[0.2235248863032204, 0.5755587555705373]",16.305989027023315,,"[0.4253998486781515, 0.5479178588119986]",4.87369441986084,,"[0.21001586238343983, 0.5557329317606998]",12.96575927734375,
0,2,10,5,2,4000,V1,V0,PS,"[0.7231586826205865, 0.9206683589192038]",45.32702851295471,"[0.7540886621229486, 0.9125121705470004]",8.283626079559326,"[0.7210247097808495, 0.9844883031342316]","[0.49159606831844205, 0.6633630264977127]","[0.7210247097808495, 0.9844883031342316]",7.207151651382446,"{'V3': 1.0, 'V4': 1.0, 'V5': 1.0}","[0.7290378423352636, 0.9003294110037999]",7.481325626373291,"{'V3': 0.3243065, 'V4': 1.0, 'V5': 1.0}","[0.7132022928111484, 0.9294446736332804]",21.75468111038208,,"[0.5180116794654367, 0.6296405694212832]",6.385316610336304,,"[0.6916954075237272, 0.9225400572470951]",17.23805522918701,
0,2,10,5,2,4000,V2,V0,PS,"[0.37964270560887337, 0.6762547825210825]",45.32702851295471,"[0.33287279634640876, 0.6832721157437539]",8.283626079559326,"[0.319276664128295, 0.7405762080357261]","[0.40398971518731847, 0.5624918158394026]","[0.319276664128295, 0.7405762080357261]",7.207151651382446,"{'V3': 1.0, 'V4': 1.0, 'V5': 1.0}","[0.34063764597019536, 0.7146130203701802]",7.481325626373291,"{'V3': 0.3243065, 'V4': 1.0, 'V5': 1.0}","[0.26642071508942405, 0.7249402171348142]",21.75468111038208,,"[0.46886451033832394, 0.6238873148290968]",6.385316610336304,,"[0.3086496005318385, 0.7313950729477267]",17.23805522918701,
0,2,10,5,2,4000,V1,V0,PN,"[0.6576828950383329, 0.8326213397899767]",45.32702851295471,"[0.6683020573749302, 0.8394102223292472]",8.283626079559326,"[0.6506208706901839, 0.8883587875430508]","[0.49402838444547303, 0.6543128674144524]","[0.6506208706901839, 0.8883587875430508]",7.207151651382446,"{'V3': 1.0, 'V4': 1.0, 'V5': 1.0}","[0.6579200234001031, 0.8198320075795752]",7.481325626373291,"{'V3': 0.3243065, 'V4': 1.0, 'V5': 1.0}","[0.6136481841251248, 0.8611043863293079]",21.75468111038208,,"[0.4570094470769236, 0.594875897371191]",6.385316610336304,,"[0.6354822747185189, 0.8356771064217053]",17.23805522918701,
0,2,10,5,2,4000,V2,V0,PN,"[0.25349878472168946, 0.5223149011759323]",45.32702851295471,"[0.23244815022283696, 0.5115601887244365]",8.283626079559326,"[0.2282307110005323, 0.5293911315803326]","[0.4056453582666414, 0.5480859921498432]","[0.2282307110005323, 0.5293911315803326]",7.207151651382446,"{'V3': 1.0, 'V4': 1.0, 'V5': 1.0}","[0.23777171649008408, 0.5322375712026353]",7.481325626373291,"{'V3': 0.3243065, 'V4': 1.0, 'V5': 1.0}","[0.1700896050040954, 0.5755587555705373]",21.75468111038208,,"[0.4253998486781515, 0.556077088208776]",6.385316610336304,,"[0.21001586238343983, 0.5557329317606998]",17.23805522918701,
0,2,10,5,2,5000,V1,V0,PS,"[0.7211016520162163, 0.9082862895717534]",56.60865545272827,"[0.7411706754013124, 0.9158313242665665]",9.935644388198853,"[0.7210247097808495, 0.9844883031342316]","[0.49159606831844205, 0.6633630264977127]","[0.7210247097808495, 0.9844883031342316]",9.344465255737305,"{'V3': 1.0, 'V4': 1.0, 'V5': 1.0}","[0.726488902929901, 0.9019902316954441]",9.530874967575071,"{'V3': 0.3275812, 'V4': 1.0, 'V5': 1.0}","[0.7132022928111484, 0.9314734918776894]",27.534180402755737,,"[0.5180116794654367, 0.6296405694212832]",8.197582006454468,,"[0.6916954075237272, 0.9225400572470951]",21.889505863189697,
0,2,10,5,2,5000,V2,V0,PS,"[0.37811030499956877, 0.6624569573835897]",56.60865545272827,"[0.3383759834080772, 0.6885576027806345]",9.935644388198853,"[0.319276664128295, 0.7405762080357261]","[0.40398971518731847, 0.566503286944366]","[0.319276664128295, 0.7405762080357261]",9.344465255737305,"{'V3': 1.0, 'V4': 1.0, 'V5': 1.0}","[0.3337988704262588, 0.7115673019941904]",9.530874967575071,"{'V3': 0.3275812, 'V4': 1.0, 'V5': 1.0}","[0.25728528521235067, 0.7249402171348142]",27.534180402755737,,"[0.46886451033832394, 0.6238873148290968]",8.197582006454468,,"[0.3086496005318385, 0.7585742726317217]",21.889505863189697,
0,2,10,5,2,5000,V1,V0,PN,"[0.6536314298167261, 0.8264378580193695]",56.60865545272827,"[0.6606957621921409, 0.8394102223292472]",9.935644388198853,"[0.6506208706901839, 0.8883587875430508]","[0.49402838444547303, 0.6543128674144524]","[0.6506208706901839, 0.8883587875430508]",9.344465255737305,"{'V3': 1.0, 'V4': 1.0, 'V5': 1.0}","[0.654591549234543, 0.8209415978122742]",9.530874967575071,"{'V3': 0.3275812, 'V4': 1.0, 'V5': 1.0}","[0.6136481841251248, 0.8611043863293079]",27.534180402755737,,"[0.4570094470769236, 0.594875897371191]",8.197582006454468,,"[0.6354822747185189, 0.8593747828660891]",21.889505863189697,
0,2,10,5,2,5000,V2,V0,PN,"[0.25349878472168946, 0.5063687627339946]",56.60865545272827,"[0.23149637500324977, 0.5163096356138905]",9.935644388198853,"[0.2282307110005323, 0.5293911315803326]","[0.4056453582666414, 0.5480859921498432]","[0.2282307110005323, 0.5293911315803326]",9.344465255737305,"{'V3': 1.0, 'V4': 1.0, 'V5': 1.0}","[0.2341411599098324, 0.5263558866362863]",9.530874967575071,"{'V3': 0.3275812, 'V4': 1.0, 'V5': 1.0}","[0.16343616670941385, 0.5755587555705373]",27.534180402755737,,"[0.4253998486781515, 0.556077088208776]",8.197582006454468,,"[0.21001586238343983, 0.5557329317606998]",21.889505863189697,
0,2,10,5,2,6000,V1,V0,PS,"[0.7158539617900395, 0.9156100930545427]",67.88900876045227,"[0.737799601329888, 0.9158313242665665]",11.586566686630247,"[0.7210247097808495, 0.9844883031342316]","[0.49159606831844205, 0.672307345621605]","[0.7210247097808495, 0.9844883031342316]",11.102468013763428,"{'V3': 1.0, 'V4': 1.0, 'V5': 1.0}","[0.722272214968043, 0.9126979905325685]",11.344276428222656,"{'V3': 0.32796216666666667, 'V4': 1.0, 'V5': 1.0}","[0.7132022928111484, 0.9314734918776894]",33.052279472351074,,"[0.5177403404553124, 0.6296405694212832]",9.721017837524414,,"[0.6916954075237272, 0.9225400572470951]",26.12007474899292,
0,2,10,5,2,6000,V2,V0,PS,"[0.36890064450296295, 0.6640162303054072]",67.88900876045227,"[0.345677462120049, 0.6871202570787212]",11.586566686630247,"[0.319276664128295, 0.7405762080357261]","[0.40398971518731847, 0.566503286944366]","[0.319276664128295, 0.7405762080357261]",11.102468013763428,"{'V3': 1.0, 'V4': 1.0, 'V5': 1.0}","[0.3392438833166492, 0.6988213163979271]",11.344276428222656,"{'V3': 0.32796216666666667, 'V4': 1.0, 'V5': 1.0}","[0.25728528521235067, 0.730741502041736]",33.052279472351074,,"[0.46886451033832394, 0.6238873148290968]",9.721017837524414,,"[0.3086496005318385, 0.7585742726317217]",26.12007474899292,
0,2,10,5,2,6000,V1,V0,PN,"[0.6473291286780798, 0.8326340068590445]",67.88900876045227,"[0.6583949501016928, 0.8394102223292472]",11.586566686630247,"[0.6506208706901839, 0.8883587875430508]","[0.49402838444547303, 0.6543128674144524]","[0.6506208706901839, 0.8883587875430508]",11.102468013763428,"{'V3': 1.0, 'V4': 1.0, 'V5': 1.0}","[0.654591549234543, 0.8260138648621393]",11.344276428222656,"{'V3': 0.32796216666666667, 'V4': 1.0, 'V5': 1.0}","[0.6136481841251248, 0.8611043863293079]",33.052279472351074,,"[0.4570094470769236, 0.594875897371191]",9.721017837524414,,"[0.6354822747185189, 0.8593747828660891]",26.12007474899292,
0,2,10,5,2,6000,V2,V0,PN,"[0.24871672234601386, 0.5063687627339946]",67.88900876045227,"[0.23319003275609154, 0.5221278494679293]",11.586566686630247,"[0.2282307110005323, 0.5293911315803326]","[0.40519839036169525, 0.5484554686747951]","[0.2282307110005323, 0.5293911315803326]",11.102468013763428,"{'V3': 1.0, 'V4': 1.0, 'V5': 1.0}","[0.2341411599098324, 0.5186176237463351]",11.344276428222656,"{'V3': 0.32796216666666667, 'V4': 1.0, 'V5': 1.0}","[0.16343616670941385, 0.5755587555705373]",33.052279472351074,,"[0.4253998486781515, 0.556077088208776]",9.721017837524414,,"[0.21001586238343983, 0.5557329317606998]",26.12007474899292,
0,2,10,5,2,7000,V1,V0,PS,"[0.7173435385407204, 0.9110548965320542]",79.17813849449158,"[0.73348834923078, 0.9155365381533591]",13.242478370666504,"[0.7210247097808495, 0.9844883031342316]","[0.49159606831844205, 0.672307345621605]","[0.7210247097808495, 0.9844883031342316]",12.819555044174194,"{'V3': 1.0, 'V4': 1.0, 'V5': 1.0}","[0.7243215653899457, 0.9173722770915821]",13.189776182174684,"{'V3': 0.330445, 'V4': 1.0, 'V5': 1.0}","[0.7113100797140278, 0.9314734918776894]",38.6729302406311,,"[0.5177403404553124, 0.6361486427455131]",11.302905559539797,,"[0.6915173323198617, 0.9306495278832179]",30.37821054458618,
0,2,10,5,2,7000,V2,V0,PS,"[0.371729294314127, 0.6748109410376605]",79.17813849449158,"[0.35350320416453423, 0.6908365280586859]",13.242478370666504,"[0.319276664128295, 0.7405762080357261]","[0.3961870144217243, 0.566503286944366]","[0.319276664128295, 0.7405762080357261]",12.819555044174194,"{'V3': 1.0, 'V4': 1.0, 'V5': 1.0}","[0.34500267860678574, 0.69233183487668]",13.189776182174684,"{'V3': 0.330445, 'V4': 1.0, 'V5': 1.0}","[0.25728528521235067, 0.730741502041736]",38.6729302406311,,"[0.46886451033832394, 0.6238873148290968]",11.302905559539797,,"[0.3086496005318385, 0.7585742726317217]",30.37821054458618,
0,2,10,5,2,7000,V1,V0,PN,"[0.6483130872841583, 0.8259086578789825]",79.17813849449158,"[0.6548169798748852, 0.835417580914217]",13.242478370666504,"[0.6506208706901839, 0.8883587875430508]","[0.49402838444547303, 0.6543128674144524]","[0.6506208706901839, 0.8883587875430508]",12.819555044174194,"{'V3': 1.0, 'V4': 1.0, 'V5': 1.0}","[0.654591549234543, 0.8294782913408617]",13.189776182174684,"{'V3': 0.330445, 'V4': 1.0, 'V5': 1.0}","[0.6136481841251248, 0.8611043863293079]",38.6729302406311,,"[0.4570094470769236, 0.594875897371191]",11.302905559539797,,"[0.6213782086620516, 0.8593747828660891]",30.37821054458618,
0,2,10,5,2,7000,V2,V0,PN,"[0.2515011028421713, 0.5117071943500853]",79.17813849449158,"[0.2419938110354717, 0.5234103190348696]",13.242478370666504,"[0.2282307110005323, 0.5293911315803326]","[0.40519839036169525, 0.5484554686747951]","[0.2282307110005323, 0.5293911315803326]",12.819555044174194,"{'V3': 1.0, 'V4': 1.0, 'V5': 1.0}","[0.23605723809257326, 0.5159101067491265]",13.189776182174684,"{'V3': 0.330445, 'V4': 1.0, 'V5': 1.0}","[0.16343616670941385, 0.5755587555705373]",38.6729302406311,,"[0.4253998486781515, 0.556077088208776]",11.302905559539797,,"[0.21001586238343983, 0.5557329317606998]",30.37821054458618,
0,2,10,5,2,8000,V1,V0,PS,"[0.7211016520162163, 0.9097030058723136]",90.5458688735962,"[0.7321414448791151, 0.9178189940180521]",14.90003776550293,"[0.7210247097808495, 0.9844883031342316]","[0.49159606831844205, 0.672307345621605]","[0.7210247097808495, 0.9844883031342316]",14.53714919090271,"{'V3': 1.0, 'V4': 1.0, 'V5': 1.0}","[0.7243215653899457, 0.9234269336694799]",15.001602411270142,"{'V3': 0.335228125, 'V4': 1.0, 'V5': 1.0}","[0.7113100797140278, 0.9314734918776894]",44.02742624282837,,"[0.5127993213409963, 0.6393444078528541]",12.816250801086426,,"[0.6915173323198617, 0.9306495278832179]",34.661229372024536,
0,2,10,5,2,8000,V2,V0,PS,"[0.36485790924043393, 0.6715259031834326]",90.5458688735962,"[0.3554781264701666, 0.6889791357944695]",14.90003776550293,"[0.319276664128295, 0.7405762080357261]","[0.3961870144217243, 0.566503286944366]","[0.319276664128295, 0.7405762080357261]",14.53714919090271,"{'V3': 1.0, 'V4': 1.0, 'V5': 1.0}","[0.34063764597019536, 0.6988213163979271]",15.001602411270142,"{'V3': 0.335228125, 'V4': 1.0, 'V5': 1.0}","[0.25728528521235067, 0.7595513526397878]",44.02742624282837,,"[0.46886451033832394, 0.6238873148290968]",12.816250801086426,,"[0.3086496005318385, 0.7585742726317217]",34.661229372024536,
0,2,10,5,2,8000,V1,V0,PN,"[0.650121814930446, 0.8235712589543688]",90.5458688735962,"[0.6548169798748852, 0.8394102223292472]",14.90003776550293,"[0.6506208706901839, 0.8883587875430508]","[0.49402838444547303, 0.6543128674144524]","[0.6506208706901839, 0.8883587875430508]",14.53714919090271,"{'V3': 1.0, 'V4': 1.0, 'V5': 1.0}","[0.654591549234543, 0.8388615152279422]",15.001602411270142,"{'V3': 0.335228125, 'V4': 1.0, 'V5': 1.0}","[0.6136481841251248, 0.8611043863293079]",44.02742624282837,,"[0.4570094470769236, 0.594875897371191]",12.816250801086426,,"[0.6213782086620516, 0.8593747828660891]",34.661229372024536,
0,2,10,5,2,8000,V2,V0,PN,"[0.24637986203602436, 0.509069753955058]",90.5458688735962,"[0.24375646960698985, 0.5163096356138905]",14.90003776550293,"[0.2282307110005323, 0.5293911315803326]","[0.40519839036169525, 0.5484554686747951]","[0.2282307110005323, 0.5293911315803326]",14.53714919090271,"{'V3': 1.0, 'V4': 1.0, 'V5': 1.0}","[0.23627634645975204, 0.5186176237463351]",15.001602411270142,"{'V3': 0.335228125, 'V4': 1.0, 'V5': 1.0}","[0.16343616670941385, 0.5755587555705373]",44.02742624282837,,"[0.4253998486781515, 0.556077088208776]",12.816250801086426,,"[0.21001586238343983, 0.5557329317606998]",34.661229372024536,
0,2,10,5,2,9000,V1,V0,PS,"[0.7211016520162163, 0.9156100930545427]",101.84259414672852,"[0.7272612143925722, 0.917515217084935]",16.56019139289856,"[0.7210247097808495, 0.9844883031342316]","[0.49159606831844205, 0.672307345621605]","[0.7210247097808495, 0.9844883031342316]",16.25361466407776,"{'V3': 1.0, 'V4': 1.0, 'V5': 1.0}","[0.7210012723373944, 0.9234269336694799]",16.80050563812256,"{'V3': 0.33041744444444443, 'V4': 1.0, 'V5': 1.0}","[0.7113100797140278, 0.9336868974374466]",49.32114553451538,,"[0.5123270487265861, 0.6393444078528541]",14.3371319770813,,"[0.6915173323198617, 0.9306495278832179]",38.86210775375366,
0,2,10,5,2,9000,V2,V0,PS,"[0.36485790924043393, 0.6762547825210825]",101.84259414672852,"[0.353586792063553, 0.6906973638940893]",16.56019139289856,"[0.319276664128295, 0.7405762080357261]","[0.3961870144217243, 0.566503286944366]","[0.319276664128295, 0.7405762080357261]",16.25361466407776,"{'V3': 1.0, 'V4': 1.0, 'V5': 1.0}","[0.3337988704262588, 0.7020746206789269]",16.80050563812256,"{'V3': 0.33041744444444443, 'V4': 1.0, 'V5': 1.0}","[0.25728528521235067, 0.7595513526397878]",49.32114553451538,,"[0.46886451033832394, 0.6238873148290968]",14.3371319770813,,"[0.3086496005318385, 0.7585742726317217]",38.86210775375366,
0,2,10,5,2,9000,V1,V0,PN,"[0.6497754855337335, 0.831241091103859]",101.84259414672852,"[0.6512815691201977, 0.835417580914217]",16.56019139289856,"[0.6506208706901839, 0.8883587875430508]","[0.49402838444547303, 0.6543128674144524]","[0.6506208706901839, 0.8883587875430508]",16.25361466407776,"{'V3': 1.0, 'V4': 1.0, 'V5': 1.0}","[0.6512485426869057, 0.8367321117303962]",16.80050563812256,"{'V3': 0.33041744444444443, 'V4': 1.0, 'V5': 1.0}","[0.6136481841251248, 0.8611043863293079]",49.32114553451538,,"[0.4570094470769236, 0.594875897371191]",14.3371319770813,,"[0.6213782086620516, 0.8593747828660891]",38.86210775375366,
0,2,10,5,2,9000,V2,V0,PN,"[0.24673345324404675, 0.5126303685658367]",101.84259414672852,"[0.2426162312931996, 0.5163096356138905]",16.56019139289856,"[0.2282307110005323, 0.5293911315803326]","[0.40344576639126445, 0.5484554686747951]","[0.2282307110005323, 0.5293911315803326]",16.25361466407776,"{'V3': 1.0, 'V4': 1.0, 'V5': 1.0}","[0.23265708624800582, 0.5199980927638563]",16.80050563812256,"{'V3': 0.33041744444444443, 'V4': 1.0, 'V5': 1.0}","[0.16343616670941385, 0.5755587555705373]",49.32114553451538,,"[0.4253998486781515, 0.556077088208776]",14.3371319770813,,"[0.21001586238343983, 0.5630568758632877]",38.86210775375366,
0,2,10,5,2,10000,V1,V0,PS,"[0.7211016520162163, 0.9189091773134832]",113.18373250961304,"[0.7288271777897118, 0.9178189940180521]",18.23042726516724,"[0.7210247097808495, 0.9844883031342316]","[0.49159606831844205, 0.672307345621605]","[0.7210247097808495, 0.9844883031342316]",18.023295640945435,"{'V3': 1.0, 'V4': 1.0, 'V5': 1.0}","[0.7181279919421967, 0.9224691299388761]",18.606656551361084,"{'V3': 0.3274652, 'V4': 1.0, 'V5': 1.0}","[0.7113100797140278, 0.9391504755320619]",54.83533716201782,,"[0.5123270487265861, 0.6393444078528541]",15.849622011184692,,"[0.6915173323198617, 0.9306495278832179]",43.15881943702698,
0,2,10,5,2,10000,V2,V0,PS,"[0.36485790924043393, 0.6769108248371974]",113.18373250961304,"[0.35748333628047796, 0.6901863663419205]",18.23042726516724,"[0.319276664128295, 0.7405762080357261]","[0.3961870144217243, 0.566503286944366]","[0.319276664128295, 0.7405762080357261]",18.023295640945435,"{'V3': 1.0, 'V4': 1.0, 'V5': 1.0}","[0.33722693469369497, 0.699569480230673]",18.606656551361084,"{'V3': 0.3274652, 'V4': 1.0, 'V5': 1.0}","[0.25728528521235067, 0.7595513526397878]",54.83533716201782,,"[0.46886451033832394, 0.6238873148290968]",15.849622011184692,,"[0.3086496005318385, 0.7585742726317217]",43.15881943702698,
0,2,10,5,2,10000,V1,V0,PN,"[0.6479446779391763, 0.8356547469558921]",113.18373250961304,"[0.65113389493323, 0.838344298521106]",18.23042726516724,"[0.6506208706901839, 0.8883587875430508]","[0.49402838444547303, 0.6543128674144524]","[0.6506208706901839, 0.8883587875430508]",18.023295640945435,"{'V3': 1.0, 'V4': 1.0, 'V5': 1.0}","[0.6481981578037029, 0.8344985303534532]",18.606656551361084,"{'V3': 0.3274652, 'V4': 1.0, 'V5': 1.0}","[0.6136481841251248, 0.8611043863293079]",54.83533716201782,,"[0.4570094470769236, 0.594875897371191]",15.849622011184692,,"[0.6213782086620516, 0.8593747828660891]",43.15881943702698,
0,2,10,5,2,10000,V2,V0,PN,"[0.2475283669562294, 0.5112100473869376]",113.18373250961304,"[0.24703595771073608, 0.5143723400472491]",18.23042726516724,"[0.2282307110005323, 0.5293911315803326]","[0.3805815149567758, 0.5484554686747951]","[0.2282307110005323, 0.5293911315803326]",18.023295640945435,"{'V3': 1.0, 'V4': 1.0, 'V5': 1.0}","[0.23265708624800582, 0.5231271888105071]",18.606656551361084,"{'V3': 0.3274652, 'V4': 1.0, 'V5': 1.0}","[0.16343616670941385, 0.5755587555705373]",54.83533716201782,,"[0.4253998486781515, 0.556077088208776]",15.849622011184692,,"[0.21001586238343983, 0.5834275301445893]",43.15881943702698,
1,2,8,10,2,1000,V1,V0,PS,"[0.012444456860442024, 0.13899393178535593]",10.408162355422974,"[0.01702394668329976, 0.11803428071792231]",1.6187033653259275,"[0.0, 0.1115960259152624]","[0.2571238501593127, 0.36248355360766626]","[0.0, 0.1115960259152624]",2.5307958126068115,"{'V3': 1.0, 'V4': 1.0, 'V5': 1.0}","[0.013382332097428869, 0.10183360297095265]",1.7093384265899658,"{'V3': 0.192056, 'V4': 1.0, 'V5': 1.0}","[0.021455226971004437, 0.14262961410987637]",5.301781177520752,,"[0.257777149526828, 0.35573087467638936]",1.588921070098877,,"[0.012669566922802945, 0.11533082725290816]",4.015483617782593,
1,2,8,10,2,1000,V2,V0,PS,"[0.09120135338601502, 0.16634562788684457]",10.408162355422974,"[0.08655253678242311, 0.16617311055011744]",1.6187033653259275,"[0.09333558650521, 0.1400242873646147]","[0.33530630257908306, 0.47539127823216193]","[0.09333558650521, 0.1400242873646147]",2.5307958126068115,"{'V3': 1.0, 'V4': 1.0, 'V5': 1.0}","[0.08562665076372848, 0.16890545408622423]",1.7093384265899658,"{'V3': 0.192056, 'V4': 1.0, 'V5': 1.0}","[0.0924347882070693, 0.17920712371047245]",5.301781177520752,,"[0.2990636453542469, 0.38715141631960026]",1.588921070098877,,"[0.058500266901137125, 0.17182282743765093]",4.015483617782593,
1,2,8,10,2,1000,V1,V0,PN,"[0.11440268080632697, 0.9742570257515447]",10.408162355422974,"[0.14500678174313303, 0.8971403165294835]",1.6187033653259275,"[0.0, 1.0]","[0.5342744101469944, 0.7018434548541593]","[0.0, 1.0]",2.5307958126068115,"{'V3': 1.0, 'V4': 1.0, 'V5': 1.0}","[0.10532546389469724, 0.8592573503868489]",1.7093384265899658,"{'V3': 0.192056, 'V4': 1.0, 'V5': 1.0}","[0.1913925809573401, 0.9116936477564921]",5.301781177520752,,"[0.5831814638612621, 0.7498159275500291]",1.588921070098877,,"[0.10765443577943294, 0.8337569066485383]",4.015483617782593,
1,2,8,10,2,1000,V2,V0,PN,"[0.7116310144968035, 0.9816299105615031]",10.408162355422974,"[0.6757929513046185, 0.9791959887943951]",1.6187033653259275,"[0.6665671239030829, 1.0]","[0.7174272892355891, 0.8694270105289261]","[0.6665671239030829, 1.0]",2.5307958126068115,"{'V3': 1.0, 'V4': 1.0, 'V5': 1.0}","[0.7045561167287661, 0.9740233871216213]",1.7093384265899658,"{'V3': 0.192056, 'V4': 1.0, 'V5': 1.0}","[0.6454371609618272, 0.99183607795293]",5.301781177520752,,"[0.7182206414492127, 0.8326652287507307]",1.588921070098877,,"[0.47024325371566694, 0.9903069648928225]",4.015483617782593,
1,2,8,10,2,2000,V1,V0,PS,"[0.012444456860442024, 0.12254367745644137]",22.17960810661316,"[0.01702394668329976, 0.12006926455610928]",3.206095933914185,"[0.0, 0.1115960259152624]","[0.2540154268474946, 0.36248355360766626]","[0.0, 0.1115960259152624]",4.1954429149627686,"{'V3': 1.0, 'V4': 1.0, 'V5': 1.0}","[0.013382332097428869, 0.12435893636564188]",4.230742692947388,"{'V3': 0.181464, 'V4': 1.0, 'V5': 1.0}","[0.014427280332207339, 0.14262961410987637]",11.404834508895874,,"[0.2518750348750214, 0.35573087467638936]",3.972180366516113,,"[0.012669566922802945, 0.137510695103557]",8.882260799407959,
1,2,8,10,2,2000,V2,V0,PS,"[0.09120135338601502, 0.1658999828768856]",22.17960810661316,"[0.0868853052099801, 0.1647936433771569]",3.206095933914185,"[0.09333558650521, 0.1400242873646147]","[0.32559225726559127, 0.47539127823216193]","[0.09333558650521, 0.1400242873646147]",4.1954429149627686,"{'V3': 1.0, 'V4': 1.0, 'V5': 1.0}","[0.08991344677200828, 0.17156383504893588]",4.230742692947388,"{'V3': 0.181464, 'V4': 1.0, 'V5': 1.0}","[0.08014131591655822, 0.18261243529009383]",11.404834508895874,,"[0.2990636453542469, 0.3878989159019037]",3.972180366516113,,"[0.058500266901137125, 0.19055152261915936]",8.882260799407959,
1,2,8,10,2,2000,V1,V0,PN,"[0.11440268080632697, 0.9666600775868319]",22.17960810661316,"[0.14500678174313303, 0.9141387855940741]",3.206095933914185,"[0.0, 1.0]","[0.5316440583274774, 0.7275004128914666]","[0.0, 1.0]",4.1954429149627686,"{'V3': 1.0, 'V4': 1.0, 'V5': 1.0}","[0.10532546389469724, 0.947514808048042]",4.230742692947388,"{'V3': 0.181464, 'V4': 1.0, 'V5': 1.0}","[0.11978840393488509, 0.9116936477564921]",11.404834508895874,,"[0.5760167165368855, 0.7498159275500291]",3.972180366516113,,"[0.10765443577943294, 0.9164244748295914]",8.882260799407959,
1,2,8,10,2,2000,V2,V0,PN,"[0.7140370483598171, 0.9810132406327416]",22.17960810661316,"[0.6945561081883979, 0.9804905006860147]",3.206095933914185,"[0.6665671239030829, 1.0]","[0.7071691419026384, 0.8694270105289261]","[0.6665671239030829, 1.0]",4.1954429149627686,"{'V3': 1.0, 'V4': 1.0, 'V5': 1.0}","[0.724075873280663, 0.9891310794791769]",4.230742692947388,"{'V3': 0.181464, 'V4': 1.0, 'V5': 1.0}","[0.6225247164390499, 0.99183607795293]",11.404834508895874,,"[0.7181931531766511, 0.8326652287507307]",3.972180366516113,,"[0.47024325371566694, 0.9903069648928225]",8.882260799407959,
1,2,8,10,2,3000,V1,V0,PS,"[0.012444456860442024, 0.12665656597012692]",32.44329524040222,"[0.015641599639991198, 0.13634664180728986]",4.767207145690918,"[0.0, 0.1115960259152624]","[0.2308829366958571, 0.36248355360766626]","[0.0, 0.1115960259152624]",5.970452070236206,"{'V3': 1.0, 'V4': 1.0, 'V5': 1.0}","[0.013382332097428869, 0.1277975512910833]",5.892861604690552,"{'V3': 0.18497866666666668, 'V4': 1.0, 'V5': 1.0}","[0.014253619806382602, 0.14315914712126343]",16.717594861984253,,"[0.2518750348750214, 0.356425225697284]",5.459103584289551,,"[0.012669566922802945, 0.13757916192877734]",12.756829738616943,
1,2,8,10,2,3000,V2,V0,PS,"[0.08629712486035172, 0.16827418064093924]",32.44329524040222,"[0.08768935870535248, 0.1647936433771569]",4.767207145690918,"[0.09333558650521, 0.1400242873646147]","[0.32559225726559127, 0.47539127823216193]","[0.09333558650521, 0.1400242873646147]",5.970452070236206,"{'V3': 1.0, 'V4': 1.0, 'V5': 1.0}","[0.09266227294846756, 0.1711279621090325]",5.892861604690552,"{'V3': 0.18497866666666668, 'V4': 1.0, 'V5': 1.0}","[0.07200761670328978, 0.18261243529009383]",16.717594861984253,,"[0.2990636453542469, 0.38987170422366424]",5.459103584289551,,"[0.058500266901137125, 0.19055152261915936]",12.756829738616943,
1,2,8,10,2,3000,V1,V0,PN,"[0.11440268080632697, 0.9666600775868319]",32.44329524040222,"[0.1307475750836222, 0.9457572444709748]",4.767207145690918,"[0.0, 1.0]","[0.5246477593123104, 0.7275004128914666]","[0.0, 1.0]",5.970452070236206,"{'V3': 1.0, 'V4': 1.0, 'V5': 1.0}","[0.10532546389469724, 0.947514808048042]",5.892861604690552,"{'V3': 0.18497866666666668, 'V4': 1.0, 'V5': 1.0}","[0.11978840393488509, 0.9745061340561263]",16.717594861984253,,"[0.5760167165368855, 0.7498159275500291]",5.459103584289551,,"[0.10250388412540384, 0.9305372003876718]",12.756829738616943,
1,2,8,10,2,3000,V2,V0,PN,"[0.6910288158776579, 0.9900337569984624]",32.44329524040222,"[0.6898606454786647, 0.9880114503078885]",4.767207145690918,"[0.6665671239030829, 1.0]","[0.7071691419026384, 0.8713429248354595]","[0.6665671239030829, 1.0]",5.970452070236206,"{'V3': 1.0, 'V4': 1.0, 'V5': 1.0}","[0.7269492538886421, 0.9938295723552046]",5.892861604690552,"{'V3': 0.18497866666666668, 'V4': 1.0, 'V5': 1.0}","[0.5206309530891302, 0.9921940105201531]",16.717594861984253,,"[0.7076145391668676, 0.8338735853506873]",5.459103584289551,,"[0.47024325371566694, 0.9903069648928225]",12.756829738616943,
1,2,8,10,2,4000,V1,V0,PS,"[0.013175748368047543, 0.12919065393199328]",42.77144193649292,"[0.015641599639991198, 0.13634664180728986]",6.382173776626587,"[0.0, 0.1115960259152624]","[0.2308829366958571, 0.371417581730982]","[0.0, 0.1115960259152624]",7.654282331466675,"{'V3': 1.0, 'V4': 1.0, 'V5': 1.0}","[0.008510984125515103, 0.1277975512910833]",7.623383045196533,"{'V3': 0.17923, 'V4': 1.0, 'V5': 1.0}","[0.014253619806382602, 0.14315914712126343]",22.10895872116089,,"[0.2518750348750214, 0.356425225697284]",6.941920280456543,,"[0.012669566922802945, 0.13757916192877734]",16.696887254714966,
1,2,8,10,2,4000,V2,V0,PS,"[0.08664424800671104, 0.1700380264862703]",42.77144193649292,"[0.08696160685090415, 0.1647936433771569]",6.382173776626587,"[0.09333558650521, 0.1400242873646147]","[0.32559225726559127, 0.47539127823216193]","[0.09333558650521, 0.1400242873646147]",7.654282331466675,"{'V3': 1.0, 'V4': 1.0, 'V5': 1.0}","[0.08991344677200828, 0.1711279621090325]",7.623383045196533,"{'V3': 0.17923, 'V4': 1.0, 'V5': 1.0}","[0.07200761670328978, 0.18261243529009383]",22.10895872116089,,"[0.2990636453542469, 0.40051205165869713]",6.941920280456543,,"[0.058500266901137125, 0.19055152261915936]",16.696887254714966,
1,2,8,10,2,4000,V1,V0,PN,"[0.11243282154398823, 0.9666600775868319]",42.77144193649292,"[0.1307475750836222, 0.9457572444709748]",6.382173776626587,"[0.0, 1.0]","[0.5246477593123104, 0.7275004128914666]","[0.0, 1.0]",7.654282331466675,"{'V3': 1.0, 'V4': 1.0, 'V5': 1.0}","[0.07106048752353705, 0.947514808048042]",7.623383045196533,"{'V3': 0.17923, 'V4': 1.0, 'V5': 1.0}","[0.11978840393488509, 0.9745061340561263]",22.10895872116089,,"[0.5760167165368855, 0.7498159275500291]",6.941920280456543,,"[0.10250388412540384, 0.9459758093082637]",16.696887254714966,
1,2,8,10,2,4000,V2,V0,PN,"[0.693115312353275, 0.9927214021885015]",42.77144193649292,"[0.6757929513046185, 0.9917495409078197]",6.382173776626587,"[0.6665671239030829, 1.0]","[0.7071691419026384, 0.8713429248354595]","[0.6665671239030829, 1.0]",7.654282331466675,"{'V3': 1.0, 'V4': 1.0, 'V5': 1.0}","[0.700565557722797, 0.9938295723552046]",7.623383045196533,"{'V3': 0.17923, 'V4': 1.0, 'V5': 1.0}","[0.5206309530891302, 0.992891696823891]",22.10895872116089,,"[0.7076145391668676, 0.8338735853506873]",6.941920280456543,,"[0.47024325371566694, 0.9925709298161262]",16.696887254714966,
1,2,8,10,2,5000,V1,V0,PS,"[0.011589396787006826, 0.12628433621509577]",53.111310720443726,"[0.015641599639991198, 0.13617167012221887]",8.869467973709106,"[0.0, 0.1115960259152624]","[0.2308829366958571, 0.371417581730982]","[0.0, 0.1115960259152624]",9.565802574157717,"{'V3': 1.0, 'V4': 1.0, 'V5': 1.0}","[0.008510984125515103, 0.12955740579171646]",9.331828355789185,"{'V3': 0.1795726, 'V4': 1.0, 'V5': 1.0}","[0.012686217091165002, 0.14399267477182054]",27.450035095214844,,"[0.2518750348750214, 0.356425225697284]",8.487093925476074,,"[0.012669566922802945, 0.13757916192877734]",20.592713117599487,
1,2,8,10,2,5000,V2,V0,PS,"[0.0875125369613369, 0.17061392992572566]",53.111310720443726,"[0.0868853052099801, 0.16649183505995438]",8.869467973709106,"[0.09333558650521, 0.1400242873646147]","[0.32559225726559127, 0.47539127823216193]","[0.09333558650521, 0.1400242873646147]",9.565802574157717,"{'V3': 1.0, 'V4': 1.0, 'V5': 1.0}","[0.08946156077998581, 0.17082123950554348]",9.331828355789185,"{'V3': 0.1795726, 'V4': 1.0, 'V5': 1.0}","[0.07200761670328978, 0.18261243529009383]",27.450035095214844,,"[0.2990636453542469, 0.40051205165869713]",8.487093925476074,,"[0.058500266901137125, 0.19055152261915936]",20.592713117599487,
1,2,8,10,2,5000,V1,V0,PN,"[0.09917596023565346, 0.9666600775868319]",53.111310720443726,"[0.1307475750836222, 0.9509877308552791]",8.869467973709106,"[0.0, 1.0]","[0.5246477593123104, 0.7275004128914666]","[0.0, 1.0]",9.565802574157717,"{'V3': 1.0, 'V4': 1.0, 'V5': 1.0}","[0.07106048752353705, 0.9538815953728298]",9.331828355789185,"{'V3': 0.1795726, 'V4': 1.0, 'V5': 1.0}","[0.1041594566685128, 0.9745061340561263]",27.450035095214844,,"[0.5760167165368855, 0.7498159275500291]",8.487093925476074,,"[0.10250388412540384, 0.9650385096321968]",20.592713117599487,
1,2,8,10,2,5000,V2,V0,PN,"[0.695315998075679, 0.9958734983350329]",53.111310720443726,"[0.6823251514271539, 0.9939042436375262]",8.869467973709106,"[0.6665671239030829, 1.0]","[0.7071691419026384, 0.8713429248354595]","[0.6665671239030829, 1.0]",9.565802574157717,"{'V3': 1.0, 'V4': 1.0, 'V5': 1.0}","[0.69316190673325, 0.9938295723552046]",9.331828355789185,"{'V3': 0.1795726, 'V4': 1.0, 'V5': 1.0}","[0.5206309530891302, 0.992891696823891]",27.450035095214844,,"[0.7076145391668676, 0.8338735853506873]",8.487093925476074,,"[0.47024325371566694, 0.9925709298161262]",20.592713117599487,
1,2,8,10,2,6000,V1,V0,PS,"[0.011589396787006826, 0.12642354310885448]",63.4273579120636,"[0.015641599639991198, 0.1332599781680097]",10.476650476455688,"[0.0, 0.1115960259152624]","[0.2308829366958571, 0.371417581730982]","[0.0, 0.1115960259152624]",11.255955696105955,"{'V3': 1.0, 'V4': 1.0, 'V5': 1.0}","[0.008510984125515103, 0.13255948780211538]",11.063491106033323,"{'V3': 0.18038883333333333, 'V4': 1.0, 'V5': 1.0}","[0.011137954756753077, 0.14399267477182054]",32.58552575111389,,"[0.2518750348750214, 0.356425225697284]",9.98215126991272,,"[0.012669566922802945, 0.13757916192877734]",24.709952116012573,
1,2,8,10,2,6000,V2,V0,PS,"[0.08656926738752709, 0.17061392992572566]",63.4273579120636,"[0.08682890078977293, 0.16810228482600745]",10.476650476455688,"[0.09333558650521, 0.1400242873646147]","[0.32559225726559127, 0.47539127823216193]","[0.09333558650521, 0.1400242873646147]",11.255955696105955,"{'V3': 1.0, 'V4': 1.0, 'V5': 1.0}","[0.08919678124206461, 0.1704053266957171]",11.063491106033323,"{'V3': 0.18038883333333333, 'V4': 1.0, 'V5': 1.0}","[0.07200761670328978, 0.18261243529009383]",32.58552575111389,,"[0.2990636453542469, 0.40051205165869713]",9.98215126991272,,"[0.058500266901137125, 0.19055152261915936]",24.709952116012573,
1,2,8,10,2,6000,V1,V0,PN,"[0.09917596023565346, 0.9666600775868319]",63.4273579120636,"[0.1307475750836222, 0.9509877308552791]",10.476650476455688,"[0.0, 1.0]","[0.5246477593123104, 0.7275004128914666]","[0.0, 1.0]",11.255955696105955,"{'V3': 1.0, 'V4': 1.0, 'V5': 1.0}","[0.07106048752353705, 0.9538815953728298]",11.063491106033323,"{'V3': 0.18038883333333333, 'V4': 1.0, 'V5': 1.0}","[0.08372735125563512, 0.9745061340561263]",32.58552575111389,,"[0.5760167165368855, 0.7498159275500291]",9.98215126991272,,"[0.10250388412540384, 0.9650385096321968]",24.709952116012573,
1,2,8,10,2,6000,V2,V0,PN,"[0.6920151308500812, 0.9958734983350329]",63.4273579120636,"[0.6822812520383091, 0.9939042436375262]",10.476650476455688,"[0.6665671239030829, 1.0]","[0.7071691419026384, 0.8716163321792368]","[0.6665671239030829, 1.0]",11.255955696105955,"{'V3': 1.0, 'V4': 1.0, 'V5': 1.0}","[0.6971784449310955, 0.9938295723552046]",11.063491106033323,"{'V3': 0.18038883333333333, 'V4': 1.0, 'V5': 1.0}","[0.5206309530891302, 0.992891696823891]",32.58552575111389,,"[0.7076145391668676, 0.8429150916555271]",9.98215126991272,,"[0.47024325371566694, 0.9925709298161262]",24.709952116012573,
1,2,8,10,2,7000,V1,V0,PS,"[0.011589396787006826, 0.12441124250994248]",73.74507689476013,"[0.011498409213354743, 0.1332599781680097]",12.038265943527222,"[0.0, 0.1115960259152624]","[0.2308829366958571, 0.380681895747586]","[0.0, 0.1115960259152624]",12.88241696357727,"{'V3': 1.0, 'V4': 1.0, 'V5': 1.0}","[0.008510984125515103, 0.13255948780211538]",12.727288484573364,"{'V3': 0.17957828571428572, 'V4': 1.0, 'V5': 1.0}","[0.011137954756753077, 0.14399267477182054]",37.713725090026855,,"[0.2518750348750214, 0.35764851337656334]",11.543221950531006,,"[0.012669566922802945, 0.13895621199537442]",28.603147983551025,
1,2,8,10,2,7000,V2,V0,PS,"[0.08717672962189747, 0.17012404396447212]",73.74507689476013,"[0.08640266191202618, 0.16817049002750073]",12.038265943527222,"[0.09333558650521, 0.1400242873646147]","[0.32559225726559127, 0.47539127823216193]","[0.09333558650521, 0.1400242873646147]",12.88241696357727,"{'V3': 1.0, 'V4': 1.0, 'V5': 1.0}","[0.0877536171365536, 0.17129600913860926]",12.727288484573364,"{'V3': 0.17957828571428572, 'V4': 1.0, 'V5': 1.0}","[0.07200761670328978, 0.18261243529009383]",37.713725090026855,,"[0.2990636453542469, 0.40051205165869713]",11.543221950531006,,"[0.058500266901137125, 0.19360093730264902]",28.603147983551025,
1,2,8,10,2,7000,V1,V0,PN,"[0.09917596023565346, 0.9666600775868319]",73.74507689476013,"[0.0896849548313919, 0.9509877308552791]",12.038265943527222,"[0.0, 1.0]","[0.5246477593123104, 0.7275004128914666]","[0.0, 1.0]",12.88241696357727,"{'V3': 1.0, 'V4': 1.0, 'V5': 1.0}","[0.07106048752353705, 0.9538815953728298]",12.727288484573364,"{'V3': 0.17957828571428572, 'V4': 1.0, 'V5': 1.0}","[0.08372735125563512, 0.9745061340561263]",37.713725090026855,,"[0.5760167165368855, 0.7498159275500291]",11.543221950531006,,"[0.10250388412540384, 0.9650385096321968]",28.603147983551025,
1,2,8,10,2,7000,V2,V0,PN,"[0.695315998075679, 0.9958734983350329]",73.74507689476013,"[0.6817538487601575, 0.9939042436375262]",12.038265943527222,"[0.6665671239030829, 1.0]","[0.7071691419026384, 0.8716163321792368]","[0.6665671239030829, 1.0]",12.88241696357727,"{'V3': 1.0, 'V4': 1.0, 'V5': 1.0}","[0.6893605305141431, 0.9938295723552046]",12.727288484573364,"{'V3': 0.17957828571428572, 'V4': 1.0, 'V5': 1.0}","[0.5206309530891302, 0.992891696823891]",37.713725090026855,,"[0.7076145391668676, 0.8429150916555271]",11.543221950531006,,"[0.47024325371566694, 0.9925709298161262]",28.603147983551025,
1,2,8,10,2,8000,V1,V0,PS,"[0.011589396787006826, 0.12778452778357402]",84.08284330368042,"[0.011498409213354743, 0.13617167012221887]",13.602972507476808,"[0.0, 0.1115960259152624]","[0.2308829366958571, 0.380681895747586]","[0.0, 0.1115960259152624]",14.535012006759644,"{'V3': 1.0, 'V4': 1.0, 'V5': 1.0}","[0.008510984125515103, 0.13255948780211538]",14.421674013137816,"{'V3': 0.183482375, 'V4': 1.0, 'V5': 1.0}","[0.011137954756753077, 0.14399267477182054]",42.84099650382996,,"[0.2518750348750214, 0.36305783207733533]",13.039175510406494,,"[0.012669566922802945, 0.14611883082720906]",32.46281218528748,
1,2,8,10,2,8000,V2,V0,PS,"[0.08717672962189747, 0.16977133585718238]",84.08284330368042,"[0.08719326651011794, 0.16895048367134075]",13.602972507476808,"[0.09333558650521, 0.1400242873646147]","[0.32559225726559127, 0.47539127823216193]","[0.09333558650521, 0.1400242873646147]",14.535012006759644,"{'V3': 1.0, 'V4': 1.0, 'V5': 1.0}","[0.08919678124206461, 0.17156383504893588]",14.421674013137816,"{'V3': 0.183482375, 'V4': 1.0, 'V5': 1.0}","[0.07200761670328978, 0.18261243529009383]",42.84099650382996,,"[0.2990636453542469, 0.40051205165869713]",13.039175510406494,,"[0.058500266901137125, 0.19360093730264902]",32.46281218528748,
1,2,8,10,2,8000,V1,V0,PN,"[0.09917596023565346, 0.9791244000840832]",84.08284330368042,"[0.0896849548313919, 0.9585569325634529]",13.602972507476808,"[0.0, 1.0]","[0.5116568150107855, 0.7275004128914666]","[0.0, 1.0]",14.535012006759644,"{'V3': 1.0, 'V4': 1.0, 'V5': 1.0}","[0.07106048752353705, 0.9538815953728298]",14.421674013137816,"{'V3': 0.183482375, 'V4': 1.0, 'V5': 1.0}","[0.08372735125563512, 0.9745061340561263]",42.84099650382996,,"[0.5760167165368855, 0.7498159275500291]",13.039175510406494,,"[0.10250388412540384, 0.9650385096321968]",32.46281218528748,
1,2,8,10,2,8000,V2,V0,PN,"[0.6927382843201165, 0.9958734983350329]",84.08284330368042,"[0.6807784402448569, 0.9939042436375262]",13.602972507476808,"[0.6665671239030829, 1.0]","[0.7071691419026384, 0.8716163321792368]","[0.6665671239030829, 1.0]",14.535012006759644,"{'V3': 1.0, 'V4': 1.0, 'V5': 1.0}","[0.6970447473473008, 0.9957691447053006]",14.421674013137816,"{'V3': 0.183482375, 'V4': 1.0, 'V5': 1.0}","[0.5206309530891302, 0.992891696823891]",42.84099650382996,,"[0.7072640211292401, 0.8429150916555271]",13.039175510406494,,"[0.47024325371566694, 0.9925709298161262]",32.46281218528748,
1,2,8,10,2,9000,V1,V0,PS,"[0.011589396787006826, 0.12987905361669516]",94.42528581619264,"[0.011498409213354743, 0.13721006371106914]",15.16338038444519,"[0.0, 0.1115960259152624]","[0.2308829366958571, 0.380681895747586]","[0.0, 0.1115960259152624]",16.18388080596924,"{'V3': 1.0, 'V4': 1.0, 'V5': 1.0}","[0.008510984125515103, 0.13255948780211538]",16.15178155899048,"{'V3': 0.18363933333333332, 'V4': 1.0, 'V5': 1.0}","[0.011137954756753077, 0.14399267477182054]",48.20457887649536,,"[0.2518750348750214, 0.36305783207733533]",14.551086187362673,,"[0.012669566922802945, 0.14611883082720906]",36.5177960395813,
1,2,8,10,2,9000,V2,V0,PS,"[0.08722753270414797, 0.16969593352443607]",94.42528581619264,"[0.08636845133859808, 0.1686803072886909]",15.16338038444519,"[0.09333558650521, 0.1400242873646147]","[0.32368194781099136, 0.47539127823216193]","[0.09333558650521, 0.1400242873646147]",16.18388080596924,"{'V3': 1.0, 'V4': 1.0, 'V5': 1.0}","[0.08861042571880284, 0.17129600913860926]",16.15178155899048,"{'V3': 0.18363933333333332, 'V4': 1.0, 'V5': 1.0}","[0.07200761670328978, 0.18261243529009383]",48.20457887649536,,"[0.2990636453542469, 0.40051205165869713]",14.551086187362673,,"[0.058500266901137125, 0.19360093730264902]",36.5177960395813,
1,2,8,10,2,9000,V1,V0,PN,"[0.09917596023565346, 0.9791244000840832]",94.42528581619264,"[0.0896849548313919, 0.9585569325634529]",15.16338038444519,"[0.0, 1.0]","[0.5116568150107855, 0.7275004128914666]","[0.0, 1.0]",16.18388080596924,"{'V3': 1.0, 'V4': 1.0, 'V5': 1.0}","[0.07106048752353705, 0.9538815953728298]",16.15178155899048,"{'V3': 0.18363933333333332, 'V4': 1.0, 'V5': 1.0}","[0.08372735125563512, 0.9745061340561263]",48.20457887649536,,"[0.5760167165368855, 0.7498159275500291]",14.551086187362673,,"[0.10250388412540384, 0.9650385096321968]",36.5177960395813,
1,2,8,10,2,9000,V2,V0,PN,"[0.6923694678027037, 0.9958734983350329]",94.42528581619264,"[0.6749227454615232, 0.9939042436375262]",15.16338038444519,"[0.6665671239030829, 1.0]","[0.7071691419026384, 0.8716163321792368]","[0.6665671239030829, 1.0]",16.18388080596924,"{'V3': 1.0, 'V4': 1.0, 'V5': 1.0}","[0.6931270773014995, 0.9957691447053006]",16.15178155899048,"{'V3': 0.18363933333333332, 'V4': 1.0, 'V5': 1.0}","[0.5206309530891302, 0.992891696823891]",48.20457887649536,,"[0.7072640211292401, 0.8429150916555271]",14.551086187362673,,"[0.47024325371566694, 0.9948884484469418]",36.5177960395813,
1,2,8,10,2,10000,V1,V0,PS,"[0.011589396787006826, 0.13103291118763408]",104.75057911872864,"[0.011498409213354743, 0.13382035320403635]",16.729015827178955,"[0.0, 0.1115960259152624]","[0.2308829366958571, 0.380681895747586]","[0.0, 0.1115960259152624]",17.871723175048828,"{'V3': 1.0, 'V4': 1.0, 'V5': 1.0}","[0.008510984125515103, 0.13255948780211538]",17.735761165618896,"{'V3': 0.1817518, 'V4': 1.0, 'V5': 1.0}","[0.011137954756753077, 0.14399267477182054]",53.213340044021606,,"[0.2518750348750214, 0.36305783207733533]",16.009058713912964,,"[0.012669566922802945, 0.14611883082720906]",40.26507782936096,
1,2,8,10,2,10000,V2,V0,PS,"[0.08799911836252741, 0.1695001250556046]",104.75057911872864,"[0.0852153862806963, 0.1686803072886909]",16.729015827178955,"[0.09333558650521, 0.1400242873646147]","[0.32368194781099136, 0.47539127823216193]","[0.09333558650521, 0.1400242873646147]",17.871723175048828,"{'V3': 1.0, 'V4': 1.0, 'V5': 1.0}","[0.0869976523071163, 0.17129600913860926]",17.735761165618896,"{'V3': 0.1817518, 'V4': 1.0, 'V5': 1.0}","[0.0657356856173233, 0.18261243529009383]",53.213340044021606,,"[0.2990636453542469, 0.40051205165869713]",16.009058713912964,,"[0.058500266901137125, 0.19360093730264902]",40.26507782936096,
1,2,8,10,2,10000,V1,V0,PN,"[0.09917596023565346, 0.9791244000840832]",104.75057911872864,"[0.0896849548313919, 0.9585569325634529]",16.729015827178955,"[0.0, 1.0]","[0.5116568150107855, 0.7275004128914666]","[0.0, 1.0]",17.871723175048828,"{'V3': 1.0, 'V4': 1.0, 'V5': 1.0}","[0.07106048752353705, 0.9538815953728298]",17.735761165618896,"{'V3': 0.1817518, 'V4': 1.0, 'V5': 1.0}","[0.08372735125563512, 0.9745061340561263]",53.213340044021606,,"[0.5760167165368855, 0.7498159275500291]",16.009058713912964,,"[0.10250388412540384, 0.9650385096321968]",40.26507782936096,
1,2,8,10,2,10000,V2,V0,PN,"[0.6943392324609594, 0.9958734983350329]",104.75057911872864,"[0.6734753345608654, 0.9939042436375262]",16.729015827178955,"[0.6665671239030829, 1.0]","[0.6979253563272901, 0.880072878819191]","[0.6665671239030829, 1.0]",17.871723175048828,"{'V3': 1.0, 'V4': 1.0, 'V5': 1.0}","[0.6901400745693989, 0.9957691447053006]",17.735761165618896,"{'V3': 0.1817518, 'V4': 1.0, 'V5': 1.0}","[0.5206309530891302, 0.992891696823891]",53.213340044021606,,"[0.7072640211292401, 0.8429150916555271]",16.009058713912964,,"[0.47024325371566694, 0.9948884484469418]",40.26507782936096,
1,2,6,10,2,1000,V1,V0,PS,"[0.02075422279108856, 0.11848546322946614]",9.714799404144289,"[0.018497343700204547, 0.12286519589840045]",1.5664112567901611,"[0.0094624004357471, 0.111541219873608]","[0.2707103710682758, 0.37508146378143437]","[0.0094624004357471, 0.111541219873608]",1.5838971138000488,"{'V3': 1.0, 'V4': 1.0, 'V5': 1.0}","[0.017569151341243597, 0.1293953017320894]",1.6357996463775637,"{'V3': 0.224918, 'V4': 1.0, 'V5': 1.0}","[0.03610698997229992, 0.14385084834799236]",5.18029260635376,,"[0.2514156942928749, 0.337743888790822]",1.5744690895080566,,"[0.027360201655901178, 0.12757610904156108]",3.642858266830444,
1,2,6,10,2,1000,V2,V0,PS,"[0.08232707648718701, 0.15054875757658695]",9.714799404144289,"[0.06989647299070881, 0.14811421382434084]",1.5664112567901611,"[0.0858548666390267, 0.137922802958112]","[0.24876117078045665, 0.34910974821411717]","[0.0858548666390267, 0.137922802958112]",1.5838971138000488,"{'V3': 1.0, 'V4': 1.0, 'V5': 1.0}","[0.07612628767662687, 0.145779918933662]",1.6357996463775637,"{'V3': 0.224918, 'V4': 1.0, 'V5': 1.0}","[0.07842207344767146, 0.1769902291766007]",5.18029260635376,,"[0.236520851466222, 0.31820592509813406]",1.5744690895080566,,"[0.07416736696339378, 0.153603677939875]",3.642858266830444,
1,2,6,10,2,1000,V1,V0,PN,"[0.21366286589647712, 0.9549893832188644]",9.714799404144289,"[0.15791915488690286, 0.9248777332057314]",1.5664112567901611,"[0.0848332163344578, 1.0]","[0.6631778357539436, 0.8249084858228108]","[0.0848332163344578, 1.0]",1.5838971138000488,"{'V3': 1.0, 'V4': 1.0, 'V5': 1.0}","[0.17124823557453664, 0.9341915786475403]",1.6357996463775637,"{'V3': 0.224918, 'V4': 1.0, 'V5': 1.0}","[0.31476200295213813, 0.9864817648228525]",5.18029260635376,,"[0.6268382735825846, 0.7885459216514242]",1.5744690895080566,,"[0.2623800690778803, 0.9582129988048145]",3.642858266830444,
1,2,6,10,2,1000,V2,V0,PN,"[0.6616187936699738, 0.9323419132960805]",9.714799404144289,"[0.5830591933195423, 0.9298425797832095]",1.5664112567901611,"[0.622484932133386, 1.0]","[0.6320761430696621, 0.773648153015237]","[0.622484932133386, 1.0]",1.5838971138000488,"{'V3': 1.0, 'V4': 1.0, 'V5': 1.0}","[0.6122488303213013, 0.9285412738220956]",1.6357996463775637,"{'V3': 0.224918, 'V4': 1.0, 'V5': 1.0}","[0.5761384295022576, 0.9885862733212156]",5.18029260635376,,"[0.6138839897475858, 0.7254685963241557]",1.5744690895080566,,"[0.5702965914083853, 0.9662977104671431]",3.642858266830444,
1,2,6,10,2,2000,V1,V0,PS,"[0.020514030682124478, 0.13758377506843292]",19.325788736343384,"[0.012241843576207332, 0.1274454447021012]",3.0525102615356445,"[0.0094624004357471, 0.111541219873608]","[0.25324029879712706, 0.37508146378143437]","[0.0094624004357471, 0.111541219873608]",3.1127099990844727,"{'V3': 1.0, 'V4': 1.0, 'V5': 1.0}","[0.017569151341243597, 0.14861279779190265]",3.21230697631836,"{'V3': 0.231052, 'V4': 1.0, 'V5': 1.0}","[0.01668502480846834, 0.14385084834799236]",10.31396508216858,,"[0.2514156942928749, 0.3533874094539342]",3.115468978881836,,"[0.013485840053505019, 0.15284424855494935]",7.246370792388916,
1,2,6,10,2,2000,V2,V0,PS,"[0.07450190394885554, 0.15711495184650634]",19.325788736343384,"[0.06383476643693119, 0.14924062984839825]",3.0525102615356445,"[0.0858548666390267, 0.137922802958112]","[0.24876117078045665, 0.34910974821411717]","[0.0858548666390267, 0.137922802958112]",3.1127099990844727,"{'V3': 1.0, 'V4': 1.0, 'V5': 1.0}","[0.07436070636089942, 0.15986748958581568]",3.21230697631836,"{'V3': 0.231052, 'V4': 1.0, 'V5': 1.0}","[0.06022273779458755, 0.1769902291766007]",10.31396508216858,,"[0.236520851466222, 0.31820592509813406]",3.115468978881836,,"[0.0698021049655499, 0.18357731480993597]",7.246370792388916,
1,2,6,10,2,2000,V1,V0,PN,"[0.18196437473264143, 0.9953625991514277]",19.325788736343384,"[0.10749597460814876, 0.9499912864150162]",3.0525102615356445,"[0.0848332163344578, 1.0]","[0.6567268099735871, 0.8338550820898939]","[0.0848332163344578, 1.0]",3.1127099990844727,"{'V3': 1.0, 'V4': 1.0, 'V5': 1.0}","[0.17124823557453664, 0.992840982619918]",3.21230697631836,"{'V3': 0.231052, 'V4': 1.0, 'V5': 1.0}","[0.12928207535020353, 0.9864817648228525]",10.31396508216858,,"[0.6268382735825846, 0.7944133593591426]",3.115468978881836,,"[0.1263147701714829, 0.9958959854092754]",7.246370792388916,
1,2,6,10,2,2000,V2,V0,PN,"[0.6093647560915255, 0.9859450132028973]",19.325788736343384,"[0.5168427974816401, 0.9501518086278486]",3.0525102615356445,"[0.622484932133386, 1.0]","[0.6105712437012686, 0.7821384767086261]","[0.622484932133386, 1.0]",3.1127099990844727,"{'V3': 1.0, 'V4': 1.0, 'V5': 1.0}","[0.5747944863260628, 0.987481857268708]",3.21230697631836,"{'V3': 0.231052, 'V4': 1.0, 'V5': 1.0}","[0.41736760558652647, 0.9885862733212156]",10.31396508216858,,"[0.6138839897475858, 0.7254685963241557]",3.115468978881836,,"[0.5556618147274275, 0.9805854495670282]",7.246370792388916,
1,2,6,10,2,3000,V1,V0,PS,"[0.020022027298434768, 0.14466750347618054]",28.892098426818848,"[0.012241843576207332, 0.13384165512932067]",4.534126043319702,"[0.0094624004357471, 0.111541219873608]","[0.25324029879712706, 0.3775932697801836]","[0.0094624004357471, 0.111541219873608]",4.698518753051758,"{'V3': 1.0, 'V4': 1.0, 'V5': 1.0}","[0.017569151341243597, 0.14861279779190265]",5.040714740753174,"{'V3': 0.233886, 'V4': 1.0, 'V5': 1.0}","[0.015854426777481063, 0.14385084834799236]",15.290550947189333,,"[0.2514156942928749, 0.3533874094539342]",4.746737480163574,,"[0.013485840053505019, 0.15284424855494935]",11.055599451065063,
1,2,6,10,2,3000,V2,V0,PS,"[0.07038681780598494, 0.15858249050539783]",28.892098426818848,"[0.06349379343330315, 0.15061909214013947]",4.534126043319702,"[0.0858548666390267, 0.137922802958112]","[0.24811295400313746, 0.34910974821411717]","[0.0858548666390267, 0.137922802958112]",4.698518753051758,"{'V3': 1.0, 'V4': 1.0, 'V5': 1.0}","[0.07436070636089942, 0.16203094966307124]",5.040714740753174,"{'V3': 0.233886, 'V4': 1.0, 'V5': 1.0}","[0.06022273779458755, 0.1769902291766007]",15.290550947189333,,"[0.236520851466222, 0.3215401428983391]",4.746737480163574,,"[0.059954669228996865, 0.18357731480993597]",11.055599451065063,
1,2,6,10,2,3000,V1,V0,PN,"[0.16485435487865857, 0.9953625991514277]",28.892098426818848,"[0.10749597460814876, 0.9632243890341223]",4.534126043319702,"[0.0848332163344578, 1.0]","[0.6477780654389521, 0.8435267173222881]","[0.0848332163344578, 1.0]",4.698518753051758,"{'V3': 1.0, 'V4': 1.0, 'V5': 1.0}","[0.18455399771774697, 0.9967486646011865]",5.040714740753174,"{'V3': 0.233886, 'V4': 1.0, 'V5': 1.0}","[0.12928207535020353, 0.9864817648228525]",15.290550947189333,,"[0.6268382735825846, 0.7944133593591426]",4.746737480163574,,"[0.1263147701714829, 0.9970655555349263]",11.055599451065063,
1,2,6,10,2,3000,V2,V0,PN,"[0.5972650258964912, 0.9897907456899971]",28.892098426818848,"[0.5399221773756964, 0.9501518086278486]",4.534126043319702,"[0.622484932133386, 1.0]","[0.6105712437012686, 0.7821384767086261]","[0.622484932133386, 1.0]",4.698518753051758,"{'V3': 1.0, 'V4': 1.0, 'V5': 1.0}","[0.594887639085209, 0.9948985396251981]",5.040714740753174,"{'V3': 0.233886, 'V4': 1.0, 'V5': 1.0}","[0.41736760558652647, 0.9885862733212156]",15.290550947189333,,"[0.6086595549399655, 0.7423011815296262]",4.746737480163574,,"[0.5154002601311194, 0.9805854495670282]",11.055599451065063,
1,2,6,10,2,4000,V1,V0,PS,"[0.017504979231315637, 0.14466750347618054]",38.47268795967102,"[0.012241843576207332, 0.13384165512932067]",6.016704320907593,"[0.0094624004357471, 0.111541219873608]","[0.25324029879712706, 0.3978255650360463]","[0.0094624004357471, 0.111541219873608]",6.490967750549316,"{'V3': 1.0, 'V4': 1.0, 'V5': 1.0}","[0.009461371249522788, 0.14861279779190265]",6.715057134628296,"{'V3': 0.222857, 'V4': 1.0, 'V5': 1.0}","[0.011763777294565663, 0.1457515645607891]",20.391676664352417,,"[0.24793500233732008, 0.3533874094539342]",6.285356760025024,,"[0.009994769116731132, 0.15284424855494935]",14.559908151626589,
1,2,6,10,2,4000,V2,V0,PS,"[0.07038681780598494, 0.15948462455319115]",38.47268795967102,"[0.06349379343330315, 0.14959675339973436]",6.016704320907593,"[0.0858548666390267, 0.137922802958112]","[0.24811295400313746, 0.3582667325888588]","[0.0858548666390267, 0.137922802958112]",6.490967750549316,"{'V3': 1.0, 'V4': 1.0, 'V5': 1.0}","[0.0692072972324354, 0.16203094966307124]",6.715057134628296,"{'V3': 0.222857, 'V4': 1.0, 'V5': 1.0}","[0.06022273779458755, 0.1769902291766007]",20.391676664352417,,"[0.236520851466222, 0.3215401428983391]",6.285356760025024,,"[0.059954669228996865, 0.18357731480993597]",14.559908151626589,
1,2,6,10,2,4000,V1,V0,PN,"[0.16485435487865857, 0.9953625991514277]",38.47268795967102,"[0.10749597460814876, 0.9632243890341223]",6.016704320907593,"[0.0848332163344578, 1.0]","[0.644056242105171, 0.8435267173222881]","[0.0848332163344578, 1.0]",6.490967750549316,"{'V3': 1.0, 'V4': 1.0, 'V5': 1.0}","[0.09220475681624289, 0.9967486646011865]",6.715057134628296,"{'V3': 0.222857, 'V4': 1.0, 'V5': 1.0}","[0.09999425535983232, 0.9938511304648389]",20.391676664352417,,"[0.6268382735825846, 0.7944133593591426]",6.285356760025024,,"[0.08601488701801548, 0.9970655555349263]",14.559908151626589,
1,2,6,10,2,4000,V2,V0,PN,"[0.5804763542326221, 0.9897907456899971]",38.47268795967102,"[0.5399221773756964, 0.9525824007070721]",6.016704320907593,"[0.622484932133386, 1.0]","[0.6105712437012686, 0.7821384767086261]","[0.622484932133386, 1.0]",6.490967750549316,"{'V3': 1.0, 'V4': 1.0, 'V5': 1.0}","[0.5715244967569538, 0.9948985396251981]",6.715057134628296,"{'V3': 0.222857, 'V4': 1.0, 'V5': 1.0}","[0.41736760558652647, 0.9912978890930527]",20.391676664352417,,"[0.6086595549399655, 0.7423011815296262]",6.285356760025024,,"[0.5154002601311194, 0.9834355279232739]",14.559908151626589,
1,2,6,10,2,5000,V1,V0,PS,"[0.016119632790355682, 0.14466750347618054]",48.15085959434509,"[0.012241843576207332, 0.14174881781626766]",7.514589786529541,"[0.0094624004357471, 0.111541219873608]","[0.25324029879712706, 0.3978255650360463]","[0.0094624004357471, 0.111541219873608]",8.323262691497803,"{'V3': 1.0, 'V4': 1.0, 'V5': 1.0}","[0.009461371249522788, 0.15152959385409726]",8.628936529159546,"{'V3': 0.2138232, 'V4': 1.0, 'V5': 1.0}","[0.011763777294565663, 0.1457515645607891]",25.576329231262207,,"[0.24618927947759417, 0.3533874094539342]",8.041042804718018,,"[0.009994769116731132, 0.15284424855494935]",18.53118634223938,
1,2,6,10,2,5000,V2,V0,PS,"[0.07038681780598494, 0.15745181974814162]",48.15085959434509,"[0.06650216570646383, 0.15150121684668458]",7.514589786529541,"[0.0858548666390267, 0.137922802958112]","[0.23799693059760454, 0.3582667325888588]","[0.0858548666390267, 0.137922802958112]",8.323262691497803,"{'V3': 1.0, 'V4': 1.0, 'V5': 1.0}","[0.06981324452212853, 0.1604343172614222]",8.628936529159546,"{'V3': 0.2138232, 'V4': 1.0, 'V5': 1.0}","[0.06022273779458755, 0.1769902291766007]",25.576329231262207,,"[0.236520851466222, 0.3215401428983391]",8.041042804718018,,"[0.059954669228996865, 0.18381023276017094]",18.53118634223938,
1,2,6,10,2,5000,V1,V0,PN,"[0.14908270760979944, 0.9953625991514277]",48.15085959434509,"[0.10749597460814876, 0.9869266581639664]",7.514589786529541,"[0.0848332163344578, 1.0]","[0.644056242105171, 0.8435267173222881]","[0.0848332163344578, 1.0]",8.323262691497803,"{'V3': 1.0, 'V4': 1.0, 'V5': 1.0}","[0.09220475681624289, 0.9967486646011865]",8.628936529159546,"{'V3': 0.2138232, 'V4': 1.0, 'V5': 1.0}","[0.09999425535983232, 0.9938511304648389]",25.576329231262207,,"[0.6266609967887402, 0.7944133593591426]",8.041042804718018,,"[0.08601488701801548, 0.9970655555349263]",18.53118634223938,
1,2,6,10,2,5000,V2,V0,PN,"[0.575141352546419, 0.9897907456899971]",48.15085959434509,"[0.5399221773756964, 0.9803645812653018]",7.514589786529541,"[0.622484932133386, 1.0]","[0.6105712437012686, 0.7821384767086261]","[0.622484932133386, 1.0]",8.323262691497803,"{'V3': 1.0, 'V4': 1.0, 'V5': 1.0}","[0.5657296966511771, 0.9948985396251981]",8.628936529159546,"{'V3': 0.2138232, 'V4': 1.0, 'V5': 1.0}","[0.41736760558652647, 0.9912978890930527]",25.576329231262207,,"[0.6086595549399655, 0.7423011815296262]",8.041042804718018,,"[0.5132011018437096, 0.9839079547426363]",18.53118634223938,
1,2,6,10,2,6000,V1,V0,PS,"[0.016119632790355682, 0.15106384475567367]",57.74063992500305,"[0.015673437741205876, 0.14174881781626766]",8.993194580078125,"[0.0094624004357471, 0.111541219873608]","[0.25324029879712706, 0.3978255650360463]","[0.0094624004357471, 0.111541219873608]",9.921537160873411,"{'V3': 1.0, 'V4': 1.0, 'V5': 1.0}","[0.009461371249522788, 0.15152959385409726]",10.300934553146362,"{'V3': 0.21481666666666666, 'V4': 1.0, 'V5': 1.0}","[0.011763777294565663, 0.14664896726044518]",30.60814118385315,,"[0.24618927947759417, 0.3533874094539342]",9.501548051834106,,"[0.009994769116731132, 0.15284424855494935]",22.252533435821533,
1,2,6,10,2,6000,V2,V0,PS,"[0.07038681780598494, 0.1603514927164792]",57.74063992500305,"[0.06588538255813259, 0.15405397740916182]",8.993194580078125,"[0.0858548666390267, 0.137922802958112]","[0.23799693059760454, 0.3582667325888588]","[0.0858548666390267, 0.137922802958112]",9.921537160873411,"{'V3': 1.0, 'V4': 1.0, 'V5': 1.0}","[0.07134003867247891, 0.15986748958581568]",10.300934553146362,"{'V3': 0.21481666666666666, 'V4': 1.0, 'V5': 1.0}","[0.06022273779458755, 0.1769902291766007]",30.60814118385315,,"[0.236520851466222, 0.3215401428983391]",9.501548051834106,,"[0.059954669228996865, 0.18381023276017094]",22.252533435821533,
1,2,6,10,2,6000,V1,V0,PN,"[0.14908270760979944, 0.9953625991514277]",57.74063992500305,"[0.13444167716292946, 0.9889647644386045]",8.993194580078125,"[0.0848332163344578, 1.0]","[0.644056242105171, 0.8435267173222881]","[0.0848332163344578, 1.0]",9.921537160873411,"{'V3': 1.0, 'V4': 1.0, 'V5': 1.0}","[0.09220475681624289, 0.9967486646011865]",10.300934553146362,"{'V3': 0.21481666666666666, 'V4': 1.0, 'V5': 1.0}","[0.09999425535983232, 0.996576675595438]",30.60814118385315,,"[0.6266609967887402, 0.7944133593591426]",9.501548051834106,,"[0.08601488701801548, 0.9970655555349263]",22.252533435821533,
1,2,6,10,2,6000,V2,V0,PN,"[0.575141352546419, 0.9897907456899971]",57.74063992500305,"[0.5399221773756964, 0.9803645812653018]",8.993194580078125,"[0.622484932133386, 1.0]","[0.6105712437012686, 0.7821384767086261]","[0.622484932133386, 1.0]",9.921537160873411,"{'V3': 1.0, 'V4': 1.0, 'V5': 1.0}","[0.5768011850867081, 0.9948985396251981]",10.300934553146362,"{'V3': 0.21481666666666666, 'V4': 1.0, 'V5': 1.0}","[0.41736760558652647, 0.9912978890930527]",30.60814118385315,,"[0.6086595549399655, 0.7469873017735053]",9.501548051834106,,"[0.5132011018437096, 0.9839079547426363]",22.252533435821533,
1,2,6,10,2,7000,V1,V0,PS,"[0.016119632790355682, 0.15106384475567367]",67.35072231292725,"[0.010053823126488996, 0.13650915569800368]",10.47028422355652,"[0.0094624004357471, 0.111541219873608]","[0.25324029879712706, 0.3978255650360463]","[0.0094624004357471, 0.111541219873608]",11.51687479019165,"{'V3': 1.0, 'V4': 1.0, 'V5': 1.0}","[0.009461371249522788, 0.15152959385409726]",11.937715768814089,"{'V3': 0.20959657142857144, 'V4': 1.0, 'V5': 1.0}","[0.011763777294565663, 0.14709263162189787]",35.652491331100464,,"[0.24618927947759417, 0.3533874094539342]",11.04431700706482,,"[0.009994769116731132, 0.15284424855494935]",25.787453413009644,
1,2,6,10,2,7000,V2,V0,PS,"[0.07038681780598494, 0.1595065992887132]",67.35072231292725,"[0.0691547892804595, 0.15265847852624853]",10.47028422355652,"[0.0858548666390267, 0.137922802958112]","[0.23799693059760454, 0.36380327989200295]","[0.0858548666390267, 0.137922802958112]",11.51687479019165,"{'V3': 1.0, 'V4': 1.0, 'V5': 1.0}","[0.06856076123835289, 0.15898056017604797]",11.937715768814089,"{'V3': 0.20959657142857144, 'V4': 1.0, 'V5': 1.0}","[0.06022273779458755, 0.1769902291766007]",35.652491331100464,,"[0.233187268303105, 0.3215401428983391]",11.04431700706482,,"[0.059954669228996865, 0.18381023276017094]",25.787453413009644,
1,2,6,10,2,7000,V1,V0,PN,"[0.14908270760979944, 0.9942793066073731]",67.35072231292725,"[0.08479888696310692, 0.9889647644386045]",10.47028422355652,"[0.0848332163344578, 1.0]","[0.6329012444381193, 0.8435267173222881]","[0.0848332163344578, 1.0]",11.51687479019165,"{'V3': 1.0, 'V4': 1.0, 'V5': 1.0}","[0.09220475681624289, 0.9967486646011865]",11.937715768814089,"{'V3': 0.20959657142857144, 'V4': 1.0, 'V5': 1.0}","[0.09999425535983232, 0.996576675595438]",35.652491331100464,,"[0.6250498430574808, 0.7944133593591426]",11.04431700706482,,"[0.08601488701801548, 0.9970655555349263]",25.787453413009644,
1,2,6,10,2,7000,V2,V0,PN,"[0.5766003732900918, 0.9886128850312335]",67.35072231292725,"[0.5511875372195431, 0.9803645812653018]",10.47028422355652,"[0.622484932133386, 1.0]","[0.6105712437012686, 0.789752516807689]","[0.622484932133386, 1.0]",11.51687479019165,"{'V3': 1.0, 'V4': 1.0, 'V5': 1.0}","[0.5520779181918519, 0.9948985396251981]",11.937715768814089,"{'V3': 0.20959657142857144, 'V4': 1.0, 'V5': 1.0}","[0.41736760558652647, 0.9912978890930527]",35.652491331100464,,"[0.6077684521070534, 0.7469873017735053]",11.04431700706482,,"[0.5132011018437096, 0.9839079547426363]",25.787453413009644,
1,2,6,10,2,8000,V1,V0,PS,"[0.01607638270968628, 0.15106384475567367]",76.95973825454712,"[0.008589858210237377, 0.13650915569800368]",11.947929859161375,"[0.0094624004357471, 0.111541219873608]","[0.25324029879712706, 0.3978255650360463]","[0.0094624004357471, 0.111541219873608]",13.103846788406372,"{'V3': 1.0, 'V4': 1.0, 'V5': 1.0}","[0.009461371249522788, 0.15152959385409726]",13.577155590057371,"{'V3': 0.209913625, 'V4': 1.0, 'V5': 1.0}","[0.011763777294565663, 0.14709263162189787]",40.602904081344604,,"[0.24618927947759417, 0.3533874094539342]",12.585676670074465,,"[0.009994769116731132, 0.15284424855494935]",29.298555374145508,
1,2,6,10,2,8000,V2,V0,PS,"[0.0686049926919454, 0.15862299869399923]",76.95973825454712,"[0.06588538255813259, 0.15259468816515787]",11.947929859161375,"[0.0858548666390267, 0.137922802958112]","[0.23799693059760454, 0.36380327989200295]","[0.0858548666390267, 0.137922802958112]",13.103846788406372,"{'V3': 1.0, 'V4': 1.0, 'V5': 1.0}","[0.06856076123835289, 0.15986748958581568]",13.577155590057371,"{'V3': 0.209913625, 'V4': 1.0, 'V5': 1.0}","[0.06022273779458755, 0.1769902291766007]",40.602904081344604,,"[0.233187268303105, 0.3215401428983391]",12.585676670074465,,"[0.059954669228996865, 0.18381023276017094]",29.298555374145508,
1,2,6,10,2,8000,V1,V0,PN,"[0.14440897926016044, 0.9942793066073731]",76.95973825454712,"[0.07000307908263868, 0.9889647644386045]",11.947929859161375,"[0.0848332163344578, 1.0]","[0.6329012444381193, 0.8435267173222881]","[0.0848332163344578, 1.0]",13.103846788406372,"{'V3': 1.0, 'V4': 1.0, 'V5': 1.0}","[0.09220475681624289, 0.9967486646011865]",13.577155590057371,"{'V3': 0.209913625, 'V4': 1.0, 'V5': 1.0}","[0.09999425535983232, 0.996576675595438]",40.602904081344604,,"[0.6250498430574808, 0.7944133593591426]",12.585676670074465,,"[0.08601488701801548, 0.9970655555349263]",29.298555374145508,
1,2,6,10,2,8000,V2,V0,PN,"[0.5650208592803388, 0.9886128850312335]",76.95973825454712,"[0.5511875372195431, 0.9803645812653018]",11.947929859161375,"[0.622484932133386, 1.0]","[0.6065741398422183, 0.7928964214112235]","[0.622484932133386, 1.0]",13.103846788406372,"{'V3': 1.0, 'V4': 1.0, 'V5': 1.0}","[0.5520779181918519, 0.9948985396251981]",13.577155590057371,"{'V3': 0.209913625, 'V4': 1.0, 'V5': 1.0}","[0.41736760558652647, 0.9912978890930527]",40.602904081344604,,"[0.6077684521070534, 0.7469873017735053]",12.585676670074465,,"[0.5132011018437096, 0.9864137890354772]",29.298555374145508,
1,2,6,10,2,9000,V1,V0,PS,"[0.01607638270968628, 0.15106384475567367]",86.55877041816711,"[0.008589858210237377, 0.13455862748026476]",13.427374839782717,"[0.0094624004357471, 0.111541219873608]","[0.25324029879712706, 0.3978255650360463]","[0.0094624004357471, 0.111541219873608]",14.65415906906128,"{'V3': 1.0, 'V4': 1.0, 'V5': 1.0}","[0.009461371249522788, 0.15152959385409726]",15.225241422653198,"{'V3': 0.21069844444444444, 'V4': 1.0, 'V5': 1.0}","[0.011763777294565663, 0.16063842805357273]",45.52887558937073,,"[0.24537684668155882, 0.35558578223772114]",14.057402610778809,,"[0.009994769116731132, 0.15284424855494935]",33.01413154602051,
1,2,6,10,2,9000,V2,V0,PS,"[0.06788255491925828, 0.1595065992887132]",86.55877041816711,"[0.06588538255813259, 0.15064076456070805]",13.427374839782717,"[0.0858548666390267, 0.137922802958112]","[0.23799693059760454, 0.36380327989200295]","[0.0858548666390267, 0.137922802958112]",14.65415906906128,"{'V3': 1.0, 'V4': 1.0, 'V5': 1.0}","[0.06856076123835289, 0.15916420002761694]",15.225241422653198,"{'V3': 0.21069844444444444, 'V4': 1.0, 'V5': 1.0}","[0.06022273779458755, 0.1769902291766007]",45.52887558937073,,"[0.233187268303105, 0.3215401428983391]",14.057402610778809,,"[0.059954669228996865, 0.18381023276017094]",33.01413154602051,
1,2,6,10,2,9000,V1,V0,PN,"[0.14440897926016044, 0.9942793066073731]",86.55877041816711,"[0.07000307908263868, 0.9889647644386045]",13.427374839782717,"[0.0848332163344578, 1.0]","[0.6329012444381193, 0.8435267173222881]","[0.0848332163344578, 1.0]",14.65415906906128,"{'V3': 1.0, 'V4': 1.0, 'V5': 1.0}","[0.09220475681624289, 0.9967486646011865]",15.225241422653198,"{'V3': 0.21069844444444444, 'V4': 1.0, 'V5': 1.0}","[0.09999425535983232, 0.996576675595438]",45.52887558937073,,"[0.6250498430574808, 0.7944133593591426]",14.057402610778809,,"[0.08601488701801548, 0.9970655555349263]",33.01413154602051,
1,2,6,10,2,9000,V2,V0,PN,"[0.561806052856678, 0.9886128850312335]",86.55877041816711,"[0.5511875372195431, 0.9803645812653018]",13.427374839782717,"[0.622484932133386, 1.0]","[0.6065741398422183, 0.7928964214112235]","[0.622484932133386, 1.0]",14.65415906906128,"{'V3': 1.0, 'V4': 1.0, 'V5': 1.0}","[0.5597935853163877, 0.9948985396251981]",15.225241422653198,"{'V3': 0.21069844444444444, 'V4': 1.0, 'V5': 1.0}","[0.41736760558652647, 0.9912978890930527]",45.52887558937073,,"[0.6077684521070534, 0.7469873017735053]",14.057402610778809,,"[0.5132011018437096, 0.9864137890354772]",33.01413154602051,
1,2,6,10,2,10000,V1,V0,PS,"[0.01607638270968628, 0.15017913184490392]",96.16664600372314,"[0.008589858210237377, 0.13034731236522634]",14.9103102684021,"[0.0094624004357471, 0.111541219873608]","[0.25324029879712706, 0.3978255650360463]","[0.0094624004357471, 0.111541219873608]",16.20332098007202,"{'V3': 1.0, 'V4': 1.0, 'V5': 1.0}","[0.009461371249522788, 0.1492766881505382]",16.8037588596344,"{'V3': 0.2119581, 'V4': 1.0, 'V5': 1.0}","[0.011763777294565663, 0.16063842805357273]",50.51875042915344,,"[0.24537684668155882, 0.35558578223772114]",15.52519178390503,,"[0.009994769116731132, 0.15284424855494935]",36.53867936134338,
1,2,6,10,2,10000,V2,V0,PS,"[0.06719797099442297, 0.1588289391227339]",96.16664600372314,"[0.06420094356969251, 0.15064076456070805]",14.9103102684021,"[0.0858548666390267, 0.137922802958112]","[0.23799693059760454, 0.36380327989200295]","[0.0858548666390267, 0.137922802958112]",16.20332098007202,"{'V3': 1.0, 'V4': 1.0, 'V5': 1.0}","[0.06893555722152202, 0.15916420002761694]",16.8037588596344,"{'V3': 0.2119581, 'V4': 1.0, 'V5': 1.0}","[0.05835788090809535, 0.1769902291766007]",50.51875042915344,,"[0.233187268303105, 0.3215401428983391]",15.52519178390503,,"[0.05749419933304166, 0.18381023276017094]",36.53867936134338,
1,2,6,10,2,10000,V1,V0,PN,"[0.13929716171790235, 0.9942793066073731]",96.16664600372314,"[0.07000307908263868, 0.9889647644386045]",14.9103102684021,"[0.0848332163344578, 1.0]","[0.6329012444381193, 0.8435267173222881]","[0.0848332163344578, 1.0]",16.20332098007202,"{'V3': 1.0, 'V4': 1.0, 'V5': 1.0}","[0.09220475681624289, 0.9967486646011865]",16.8037588596344,"{'V3': 0.2119581, 'V4': 1.0, 'V5': 1.0}","[0.09999425535983232, 0.996576675595438]",50.51875042915344,,"[0.6250498430574808, 0.8043258746710087]",15.52519178390503,,"[0.08601488701801548, 0.9970655555349263]",36.53867936134338,
1,2,6,10,2,10000,V2,V0,PN,"[0.5500039174353122, 0.9886128850312335]",96.16664600372314,"[0.5347239434927599, 0.9758349705437054]",14.9103102684021,"[0.622484932133386, 1.0]","[0.6065741398422183, 0.7928964214112235]","[0.622484932133386, 1.0]",16.20332098007202,"{'V3': 1.0, 'V4': 1.0, 'V5': 1.0}","[0.5597935853163877, 0.9948985396251981]",16.8037588596344,"{'V3': 0.2119581, 'V4': 1.0, 'V5': 1.0}","[0.41736760558652647, 0.9912978890930527]",50.51875042915344,,"[0.6077684521070534, 0.7469873017735053]",15.52519178390503,,"[0.48756466646575397, 0.9864137890354772]",36.53867936134338,
1,2,10,10,2,1000,V1,V0,PS,"[0.01746785714690242, 0.12254853598518506]",11.462136507034302,"[0.02806405017626222, 0.13139213967247515]",1.7026333808898926,"[0.0, 0.1085791673523081]","[0.2891566269236704, 0.42490946594866275]","[0.0, 0.1085791673523081]",1.7662417888641355,"{'V3': 1.0, 'V4': 1.0, 'V5': 1.0}","[0.018500955785431792, 0.12027787926842867]",1.832235336303711,"{'V3': 0.189834, 'V4': 1.0, 'V5': 1.0}","[0.009323326943394187, 0.12102464782523147]",5.34943437576294,,"[0.2836132250375406, 0.3872927297337036]",1.6212098598480225,,"[0.009793313485378888, 0.1268927646197092]",4.45474910736084,
1,2,10,10,2,1000,V2,V0,PS,"[0.07606405056181828, 0.15904831464660804]",11.462136507034302,"[0.07615177957712967, 0.16702233246137654]",1.7026333808898926,"[0.0956186813813188, 0.1414789988402909]","[0.29127694327437303, 0.4585293093923383]","[0.0956186813813188, 0.1414789988402909]",1.7662417888641355,"{'V3': 1.0, 'V4': 1.0, 'V5': 1.0}","[0.0778916679046192, 0.16408773279293848]",1.832235336303711,"{'V3': 0.189834, 'V4': 1.0, 'V5': 1.0}","[0.0747905296217403, 0.17064031134151403]",5.34943437576294,,"[0.2816805143353267, 0.37015051402250826]",1.6212098598480225,,"[0.06341698570035918, 0.16459940927033456]",4.45474910736084,
1,2,10,10,2,1000,V1,V0,PN,"[0.1547900939442799, 0.929985933352602]",11.462136507034302,"[0.24473640834918525, 0.9446452888198843]",1.7026333808898926,"[0.0, 1.0]","[0.47417316430610396, 0.6515165359229285]","[0.0, 1.0]",1.7662417888641355,"{'V3': 1.0, 'V4': 1.0, 'V5': 1.0}","[0.1800232425479179, 0.8406212717258547]",1.832235336303711,"{'V3': 0.189834, 'V4': 1.0, 'V5': 1.0}","[0.0823315275306701, 0.8593158472909092]",5.34943437576294,,"[0.5064614362070294, 0.6593110908116637]",1.6212098598480225,,"[0.0837669606156782, 0.9052254549648461]",4.45474910736084,
1,2,10,10,2,1000,V2,V0,PN,"[0.5699097931779971, 0.9199007246138996]",11.462136507034302,"[0.6084653151768467, 0.954823382582634]",1.7026333808898926,"[0.6758507069254732, 1.0]","[0.5315667369337587, 0.7069542803820942]","[0.6758507069254732, 1.0]",1.7662417888641355,"{'V3': 1.0, 'V4': 1.0, 'V5': 1.0}","[0.6050669347969998, 0.9506471760000289]",1.832235336303711,"{'V3': 0.189834, 'V4': 1.0, 'V5': 1.0}","[0.5782724684656764, 0.9323518019763003]",5.34943437576294,,"[0.5580452256252549, 0.6911546961794242]",1.6212098598480225,,"[0.4532956468870569, 0.9650068792191024]",4.45474910736084,
1,2,10,10,2,2000,V1,V0,PS,"[0.013791687457625835, 0.1230654309658758]",22.7836434841156,"[0.02391367970430397, 0.13947544321841923]",4.95867395401001,"[0.0, 0.1085791673523081]","[0.2891566269236704, 0.42490946594866275]","[0.0, 0.1085791673523081]",3.4885289669036865,"{'V3': 1.0, 'V4': 1.0, 'V5': 1.0}","[0.018500955785431792, 0.12717505743956323]",3.677460193634033,"{'V3': 0.1861375, 'V4': 1.0, 'V5': 1.0}","[0.009323326943394187, 0.12102464782523147]",10.865159511566162,,"[0.2835102980785064, 0.3872927297337036]",3.163877010345459,,"[0.009793313485378888, 0.14246796876433132]",8.834402322769165,
1,2,10,10,2,2000,V2,V0,PS,"[0.07571032540354426, 0.15820504344970868]",22.7836434841156,"[0.07703174613569118, 0.16702233246137654]",4.95867395401001,"[0.0956186813813188, 0.1414789988402909]","[0.29127694327437303, 0.4585293093923383]","[0.0956186813813188, 0.1414789988402909]",3.4885289669036865,"{'V3': 1.0, 'V4': 1.0, 'V5': 1.0}","[0.08184574716269422, 0.1620430802737231]",3.677460193634033,"{'V3': 0.1861375, 'V4': 1.0, 'V5': 1.0}","[0.0747905296217403, 0.17064031134151403]",10.865159511566162,,"[0.2684022250120577, 0.37015051402250826]",3.163877010345459,,"[0.06341698570035918, 0.17232065304910862]",8.834402322769165,
1,2,10,10,2,2000,V1,V0,PN,"[0.10768442188049754, 0.929985933352602]",22.7836434841156,"[0.19206903414197873, 0.9446452888198843]",4.95867395401001,"[0.0, 1.0]","[0.47417316430610396, 0.6515165359229285]","[0.0, 1.0]",3.4885289669036865,"{'V3': 1.0, 'V4': 1.0, 'V5': 1.0}","[0.1800232425479179, 0.9157016417152193]",3.677460193634033,"{'V3': 0.1861375, 'V4': 1.0, 'V5': 1.0}","[0.0823315275306701, 0.8835442011578493]",10.865159511566162,,"[0.5064614362070294, 0.6613783249406946]",3.163877010345459,,"[0.0837669606156782, 0.9314363242791062]",8.834402322769165,
1,2,10,10,2,2000,V2,V0,PN,"[0.5712519744858658, 0.9351054268047745]",22.7836434841156,"[0.596354802109193, 0.9609756608746454]",4.95867395401001,"[0.6758507069254732, 1.0]","[0.5315667369337587, 0.7103036548295344]","[0.6758507069254732, 1.0]",3.4885289669036865,"{'V3': 1.0, 'V4': 1.0, 'V5': 1.0}","[0.6167814907106491, 0.9506471760000289]",3.677460193634033,"{'V3': 0.1861375, 'V4': 1.0, 'V5': 1.0}","[0.49107789789788353, 0.9323518019763003]",10.865159511566162,,"[0.5580452256252549, 0.6911546961794242]",3.163877010345459,,"[0.4532956468870569, 0.9650068792191024]",8.834402322769165,
1,2,10,10,2,3000,V1,V0,PS,"[0.013791687457625835, 0.1230654309658758]",34.030219078063965,"[0.013110308565739942, 0.13947544321841923]",6.6000611782073975,"[0.0, 0.1085791673523081]","[0.2891566269236704, 0.42490946594866275]","[0.0, 0.1085791673523081]",5.265172243118286,"{'V3': 1.0, 'V4': 1.0, 'V5': 1.0}","[0.010033522102426497, 0.13502435210285774]",5.494769811630249,"{'V3': 0.174557, 'V4': 1.0, 'V5': 1.0}","[0.009323326943394187, 0.12559234126343044]",16.304067611694336,,"[0.2835102980785064, 0.3872927297337036]",4.86053466796875,,"[0.009793313485378888, 0.14246796876433132]",13.240237951278688,
1,2,10,10,2,3000,V2,V0,PS,"[0.07522703204504931, 0.15858410801793102]",34.030219078063965,"[0.07578943258341278, 0.16274311062748587]",6.6000611782073975,"[0.0956186813813188, 0.1414789988402909]","[0.29127694327437303, 0.4585293093923383]","[0.0956186813813188, 0.1414789988402909]",5.265172243118286,"{'V3': 1.0, 'V4': 1.0, 'V5': 1.0}","[0.07907141800627829, 0.16378922492074244]",5.494769811630249,"{'V3': 0.174557, 'V4': 1.0, 'V5': 1.0}","[0.06333947544128257, 0.17064031134151403]",16.304067611694336,,"[0.2684022250120577, 0.37137883751373896]",4.86053466796875,,"[0.06341698570035918, 0.17232065304910862]",13.240237951278688,
1,2,10,10,2,3000,V1,V0,PN,"[0.10768442188049754, 0.929985933352602]",34.030219078063965,"[0.11067585955320484, 0.9350470328268572]",6.6000611782073975,"[0.0, 1.0]","[0.47417316430610396, 0.6588396543139134]","[0.0, 1.0]",5.265172243118286,"{'V3': 1.0, 'V4': 1.0, 'V5': 1.0}","[0.0887566634964184, 0.929199034208261]",5.494769811630249,"{'V3': 0.174557, 'V4': 1.0, 'V5': 1.0}","[0.0823315275306701, 0.8835442011578493]",16.304067611694336,,"[0.5064614362070294, 0.6613783249406946]",4.86053466796875,,"[0.07429712164597592, 0.9645916800456525]",13.240237951278688,
1,2,10,10,2,3000,V2,V0,PN,"[0.5712519744858658, 0.9351054268047745]",34.030219078063965,"[0.596354802109193, 0.9609756608746454]",6.6000611782073975,"[0.6758507069254732, 1.0]","[0.5315667369337587, 0.7207408581694381]","[0.6758507069254732, 1.0]",5.265172243118286,"{'V3': 1.0, 'V4': 1.0, 'V5': 1.0}","[0.6086045748136616, 0.9635131738983245]",5.494769811630249,"{'V3': 0.174557, 'V4': 1.0, 'V5': 1.0}","[0.49107789789788353, 0.9389912358953567]",16.304067611694336,,"[0.5472504027157332, 0.7091799140027544]",4.86053466796875,,"[0.4532956468870569, 0.9650068792191024]",13.240237951278688,
1,2,10,10,2,4000,V1,V0,PS,"[0.010835484371648921, 0.12912305735779664]",45.30444073677063,"[0.013110308565739942, 0.13920839250535452]",9.108958959579468,"[0.0, 0.1085791673523081]","[0.2834704861178952, 0.42490946594866275]","[0.0, 0.1085791673523081]",6.981618881225586,"{'V3': 1.0, 'V4': 1.0, 'V5': 1.0}","[0.010033522102426497, 0.13079820866502775]",7.35044527053833,"{'V3': 0.16997425, 'V4': 1.0, 'V5': 1.0}","[0.009323326943394187, 0.12559234126343044]",21.739848375320435,,"[0.2811236775263745, 0.3872927297337036]",6.398670673370361,,"[0.009793313485378888, 0.14246796876433132]",17.620688676834106,
1,2,10,10,2,4000,V2,V0,PS,"[0.07522703204504931, 0.15907839044836447]",45.30444073677063,"[0.07479512677890836, 0.16514425145412104]",9.108958959579468,"[0.0956186813813188, 0.1414789988402909]","[0.29127694327437303, 0.4585293093923383]","[0.0956186813813188, 0.1414789988402909]",6.981618881225586,"{'V3': 1.0, 'V4': 1.0, 'V5': 1.0}","[0.0759238013147869, 0.16408773279293848]",7.35044527053833,"{'V3': 0.16997425, 'V4': 1.0, 'V5': 1.0}","[0.06333947544128257, 0.17064031134151403]",21.739848375320435,,"[0.2684022250120577, 0.3733514676853004]",6.398670673370361,,"[0.06341698570035918, 0.17232065304910862]",17.620688676834106,
1,2,10,10,2,4000,V1,V0,PN,"[0.10768442188049754, 0.9301367096119952]",45.30444073677063,"[0.11067585955320484, 0.9350470328268572]",9.108958959579468,"[0.0, 1.0]","[0.47417316430610396, 0.6590470286775534]","[0.0, 1.0]",6.981618881225586,"{'V3': 1.0, 'V4': 1.0, 'V5': 1.0}","[0.0887566634964184, 0.929199034208261]",7.35044527053833,"{'V3': 0.16997425, 'V4': 1.0, 'V5': 1.0}","[0.0823315275306701, 0.8835442011578493]",21.739848375320435,,"[0.5064614362070294, 0.6613783249406946]",6.398670673370361,,"[0.07429712164597592, 0.9645916800456525]",17.620688676834106,
1,2,10,10,2,4000,V2,V0,PN,"[0.5699975811599606, 0.9351054268047745]",45.30444073677063,"[0.5940705807810749, 0.9760538995394649]",9.108958959579468,"[0.6758507069254732, 1.0]","[0.5315667369337587, 0.7207408581694381]","[0.6758507069254732, 1.0]",6.981618881225586,"{'V3': 1.0, 'V4': 1.0, 'V5': 1.0}","[0.5954021405789278, 0.9635131738983245]",7.35044527053833,"{'V3': 0.16997425, 'V4': 1.0, 'V5': 1.0}","[0.48536229764158506, 0.9389912358953567]",21.739848375320435,,"[0.5472504027157332, 0.7091799140027544]",6.398670673370361,,"[0.4532956468870569, 0.9650068792191024]",17.620688676834106,
1,2,10,10,2,5000,V1,V0,PS,"[0.010835484371648921, 0.1291937833681885]",56.613370180130005,"[0.013110308565739942, 0.13785784836004372]",10.797900676727297,"[0.0, 0.1085791673523081]","[0.2834704861178952, 0.42490946594866275]","[0.0, 0.1085791673523081]",8.988566160202026,"{'V3': 1.0, 'V4': 1.0, 'V5': 1.0}","[0.010033522102426497, 0.132818592817104]",9.33400535583496,"{'V3': 0.1713754, 'V4': 1.0, 'V5': 1.0}","[0.009323326943394187, 0.1391459089163308]",27.106470823287964,,"[0.27585594668954316, 0.3872927297337036]",7.915521860122681,,"[0.009793313485378888, 0.14246796876433132]",21.72624182701111,
1,2,10,10,2,5000,V2,V0,PS,"[0.07522703204504931, 0.160158919526258]",56.613370180130005,"[0.07650115901942377, 0.16661905318589149]",10.797900676727297,"[0.0956186813813188, 0.1414789988402909]","[0.29127694327437303, 0.4585293093923383]","[0.0956186813813188, 0.1414789988402909]",8.988566160202026,"{'V3': 1.0, 'V4': 1.0, 'V5': 1.0}","[0.07552392058912985, 0.16303182247114575]",9.33400535583496,"{'V3': 0.1713754, 'V4': 1.0, 'V5': 1.0}","[0.06333947544128257, 0.17064031134151403]",27.106470823287964,,"[0.2684022250120577, 0.3733514676853004]",7.915521860122681,,"[0.06341698570035918, 0.17232065304910862]",21.72624182701111,
1,2,10,10,2,5000,V1,V0,PN,"[0.10768442188049754, 0.9301367096119952]",56.613370180130005,"[0.11067585955320484, 0.9350470328268572]",10.797900676727297,"[0.0, 1.0]","[0.47417316430610396, 0.6726500669689733]","[0.0, 1.0]",8.988566160202026,"{'V3': 1.0, 'V4': 1.0, 'V5': 1.0}","[0.0887566634964184, 0.929199034208261]",9.33400535583496,"{'V3': 0.1713754, 'V4': 1.0, 'V5': 1.0}","[0.0823315275306701, 0.9109057196777756]",27.106470823287964,,"[0.5064614362070294, 0.6613783249406946]",7.915521860122681,,"[0.07429712164597592, 0.9645916800456525]",21.72624182701111,
1,2,10,10,2,5000,V2,V0,PN,"[0.5712519744858658, 0.9351054268047745]",56.613370180130005,"[0.6025008727013282, 0.9760538995394649]",10.797900676727297,"[0.6758507069254732, 1.0]","[0.5315667369337587, 0.7207408581694381]","[0.6758507069254732, 1.0]",8.988566160202026,"{'V3': 1.0, 'V4': 1.0, 'V5': 1.0}","[0.5883219887793611, 0.9635131738983245]",9.33400535583496,"{'V3': 0.1713754, 'V4': 1.0, 'V5': 1.0}","[0.48536229764158506, 0.9408864977101463]",27.106470823287964,,"[0.5472504027157332, 0.7091799140027544]",7.915521860122681,,"[0.4532956468870569, 0.9650068792191024]",21.72624182701111,
1,2,10,10,2,6000,V1,V0,PS,"[0.010835484371648921, 0.1291937833681885]",68.92252588272095,"[0.013110308565739942, 0.1338033522831368]",12.443764448165894,"[0.0, 0.1085791673523081]","[0.2834704861178952, 0.42490946594866275]","[0.0, 0.1085791673523081]",10.749586582183838,"{'V3': 1.0, 'V4': 1.0, 'V5': 1.0}","[0.010033522102426497, 0.13079820866502775]",11.049338340759276,"{'V3': 0.169513, 'V4': 1.0, 'V5': 1.0}","[0.009323326943394187, 0.1391459089163308]",32.23153829574585,,"[0.27585594668954316, 0.3872927297337036]",9.791637659072876,,"[0.009793313485378888, 0.14246796876433132]",26.158010244369507,
1,2,10,10,2,6000,V2,V0,PS,"[0.07385286238489921, 0.16091109180373636]",68.92252588272095,"[0.07578943258341278, 0.16661905318589149]",12.443764448165894,"[0.0956186813813188, 0.1414789988402909]","[0.29127694327437303, 0.4585293093923383]","[0.0956186813813188, 0.1414789988402909]",10.749586582183838,"{'V3': 1.0, 'V4': 1.0, 'V5': 1.0}","[0.0766599610575748, 0.16243064554588343]",11.049338340759276,"{'V3': 0.169513, 'V4': 1.0, 'V5': 1.0}","[0.06333947544128257, 0.17064031134151403]",32.23153829574585,,"[0.2684022250120577, 0.37391677927282924]",9.791637659072876,,"[0.06341698570035918, 0.17922692027061235]",26.158010244369507,
1,2,10,10,2,6000,V1,V0,PN,"[0.10768442188049754, 0.9301367096119952]",68.92252588272095,"[0.11067585955320484, 0.9604128108710165]",12.443764448165894,"[0.0, 1.0]","[0.47417316430610396, 0.6726500669689733]","[0.0, 1.0]",10.749586582183838,"{'V3': 1.0, 'V4': 1.0, 'V5': 1.0}","[0.0887566634964184, 0.929199034208261]",11.049338340759276,"{'V3': 0.169513, 'V4': 1.0, 'V5': 1.0}","[0.0823315275306701, 0.9109057196777756]",32.23153829574585,,"[0.5064614362070294, 0.6663161161405449]",9.791637659072876,,"[0.07429712164597592, 0.9645916800456525]",26.158010244369507,
1,2,10,10,2,6000,V2,V0,PN,"[0.5699975811599606, 0.9431127771257152]",68.92252588272095,"[0.5883902996654424, 0.9760538995394649]",12.443764448165894,"[0.6758507069254732, 1.0]","[0.5315667369337587, 0.7306887061612661]","[0.6758507069254732, 1.0]",10.749586582183838,"{'V3': 1.0, 'V4': 1.0, 'V5': 1.0}","[0.589263763518201, 0.9635131738983245]",11.049338340759276,"{'V3': 0.169513, 'V4': 1.0, 'V5': 1.0}","[0.48536229764158506, 0.9408864977101463]",32.23153829574585,,"[0.5472504027157332, 0.7091799140027544]",9.791637659072876,,"[0.4532956468870569, 0.9650068792191024]",26.158010244369507,
1,2,10,10,2,7000,V1,V0,PS,"[0.010835484371648921, 0.1291937833681885]",80.30266952514648,"[0.012449014936066856, 0.1338033522831368]",14.106769800186155,"[0.0, 0.1085791673523081]","[0.2834704861178952, 0.42490946594866275]","[0.0, 0.1085791673523081]",12.508116960525513,"{'V3': 1.0, 'V4': 1.0, 'V5': 1.0}","[0.010033522102426497, 0.13079820866502775]",12.729900598526,"{'V3': 0.16825642857142858, 'V4': 1.0, 'V5': 1.0}","[0.009323326943394187, 0.1391459089163308]",37.252262353897095,,"[0.27585594668954316, 0.3872927297337036]",11.273531436920166,,"[0.009793313485378888, 0.14246796876433132]",30.168591737747192,
1,2,10,10,2,7000,V2,V0,PS,"[0.07480071483749319, 0.1607434385173898]",80.30266952514648,"[0.07650115901942377, 0.1673100045090352]",14.106769800186155,"[0.0956186813813188, 0.1414789988402909]","[0.29127694327437303, 0.4585293093923383]","[0.0956186813813188, 0.1414789988402909]",12.508116960525513,"{'V3': 1.0, 'V4': 1.0, 'V5': 1.0}","[0.07476643202538892, 0.16303182247114575]",12.729900598526,"{'V3': 0.16825642857142858, 'V4': 1.0, 'V5': 1.0}","[0.06333947544128257, 0.17064031134151403]",37.252262353897095,,"[0.2684022250120577, 0.37569224710339155]",11.273531436920166,,"[0.06341698570035918, 0.1825833537633694]",30.168591737747192,
1,2,10,10,2,7000,V1,V0,PN,"[0.09281960035560578, 0.9301367096119952]",80.30266952514648,"[0.08701978407402174, 0.9604128108710165]",14.106769800186155,"[0.0, 1.0]","[0.47417316430610396, 0.6880488433742233]","[0.0, 1.0]",12.508116960525513,"{'V3': 1.0, 'V4': 1.0, 'V5': 1.0}","[0.0887566634964184, 0.929199034208261]",12.729900598526,"{'V3': 0.16825642857142858, 'V4': 1.0, 'V5': 1.0}","[0.0823315275306701, 0.9109057196777756]",37.252262353897095,,"[0.5064614362070294, 0.6663161161405449]",11.273531436920166,,"[0.07429712164597592, 0.9645916800456525]",30.168591737747192,
1,2,10,10,2,7000,V2,V0,PN,"[0.575355340892195, 0.9431127771257152]",80.30266952514648,"[0.5919653502830607, 0.9760538995394649]",14.106769800186155,"[0.6758507069254732, 1.0]","[0.5315667369337587, 0.7306887061612661]","[0.6758507069254732, 1.0]",12.508116960525513,"{'V3': 1.0, 'V4': 1.0, 'V5': 1.0}","[0.5754139841590616, 0.9635131738983245]",12.729900598526,"{'V3': 0.16825642857142858, 'V4': 1.0, 'V5': 1.0}","[0.48536229764158506, 0.9561574862222955]",37.252262353897095,,"[0.5472504027157332, 0.7091799140027544]",11.273531436920166,,"[0.4532956468870569, 0.9650068792191024]",30.168591737747192,
1,2,10,10,2,8000,V1,V0,PS,"[0.010835484371648921, 0.13185548153942916]",91.63507843017578,"[0.012449014936066856, 0.1338033522831368]",15.754120826721191,"[0.0, 0.1085791673523081]","[0.2834704861178952, 0.42490946594866275]","[0.0, 0.1085791673523081]",14.364947319030762,"{'V3': 1.0, 'V4': 1.0, 'V5': 1.0}","[0.010033522102426497, 0.13579305057702976]",14.41580319404602,"{'V3': 0.167723125, 'V4': 1.0, 'V5': 1.0}","[0.009323326943394187, 0.1391459089163308]",42.30240797996521,,"[0.27585594668954316, 0.3872927297337036]",12.757322072982788,,"[0.009793313485378888, 0.14246796876433132]",34.18310022354126,
1,2,10,10,2,8000,V2,V0,PS,"[0.07522703204504931, 0.16100460316062348]",91.63507843017578,"[0.07427700947368819, 0.16759061169432068]",15.754120826721191,"[0.0956186813813188, 0.1414789988402909]","[0.29127694327437303, 0.4585293093923383]","[0.0956186813813188, 0.1414789988402909]",14.364947319030762,"{'V3': 1.0, 'V4': 1.0, 'V5': 1.0}","[0.07417840357980107, 0.16303182247114575]",14.41580319404602,"{'V3': 0.167723125, 'V4': 1.0, 'V5': 1.0}","[0.06333947544128257, 0.17064031134151403]",42.30240797996521,,"[0.2684022250120577, 0.39490328808501446]",12.757322072982788,,"[0.05995437860216882, 0.1825833537633694]",34.18310022354126,
1,2,10,10,2,8000,V1,V0,PN,"[0.09281960035560578, 0.9494095332585606]",91.63507843017578,"[0.08701978407402174, 0.9604128108710165]",15.754120826721191,"[0.0, 1.0]","[0.47417316430610396, 0.6880488433742233]","[0.0, 1.0]",14.364947319030762,"{'V3': 1.0, 'V4': 1.0, 'V5': 1.0}","[0.0887566634964184, 0.9446499102014472]",14.41580319404602,"{'V3': 0.167723125, 'V4': 1.0, 'V5': 1.0}","[0.07732736898172965, 0.9109057196777756]",42.30240797996521,,"[0.5064614362070294, 0.6687209581960647]",12.757322072982788,,"[0.07429712164597592, 0.9645916800456525]",34.18310022354126,
1,2,10,10,2,8000,V2,V0,PN,"[0.575355340892195, 0.9431127771257152]",91.63507843017578,"[0.5822274841110361, 0.9760538995394649]",15.754120826721191,"[0.6758507069254732, 1.0]","[0.5315667369337587, 0.7306887061612661]","[0.6758507069254732, 1.0]",14.364947319030762,"{'V3': 1.0, 'V4': 1.0, 'V5': 1.0}","[0.5714934288037659, 0.9635131738983245]",14.41580319404602,"{'V3': 0.167723125, 'V4': 1.0, 'V5': 1.0}","[0.48536229764158506, 0.9561574862222955]",42.30240797996521,,"[0.5472504027157332, 0.7091799140027544]",12.757322072982788,,"[0.4532956468870569, 0.9650068792191024]",34.18310022354126,
1,2,10,10,2,9000,V1,V0,PS,"[0.010182829476902031, 0.13012730664098496]",102.96230721473694,"[0.012449014936066856, 0.1338033522831368]",17.450493335723877,"[0.0, 0.1085791673523081]","[0.2834704861178952, 0.42490946594866275]","[0.0, 0.1085791673523081]",16.081862211227417,"{'V3': 1.0, 'V4': 1.0, 'V5': 1.0}","[0.010033522102426497, 0.13368800712449486]",16.0674250125885,"{'V3': 0.168051, 'V4': 1.0, 'V5': 1.0}","[0.009323326943394187, 0.14724731359733462]",47.218913555145264,,"[0.27585594668954316, 0.38972966735540493]",14.205517053604126,,"[0.009793313485378888, 0.14246796876433132]",38.10461282730103,
1,2,10,10,2,9000,V2,V0,PS,"[0.0734003346784137, 0.1621670033793451]",102.96230721473694,"[0.0705253228243688, 0.16759061169432068]",17.450493335723877,"[0.0956186813813188, 0.1414789988402909]","[0.29127694327437303, 0.46102153391839573]","[0.0956186813813188, 0.1414789988402909]",16.081862211227417,"{'V3': 1.0, 'V4': 1.0, 'V5': 1.0}","[0.07465792302372391, 0.16350491619359211]",16.0674250125885,"{'V3': 0.168051, 'V4': 1.0, 'V5': 1.0}","[0.06333947544128257, 0.17064031134151403]",47.218913555145264,,"[0.2684022250120577, 0.39490328808501446]",14.205517053604126,,"[0.05995437860216882, 0.1825833537633694]",38.10461282730103,
1,2,10,10,2,9000,V1,V0,PN,"[0.09281960035560578, 0.9494095332585606]",102.96230721473694,"[0.08701978407402174, 0.9604128108710165]",17.450493335723877,"[0.0, 1.0]","[0.47417316430610396, 0.6880488433742233]","[0.0, 1.0]",16.081862211227417,"{'V3': 1.0, 'V4': 1.0, 'V5': 1.0}","[0.0887566634964184, 0.9446499102014472]",16.0674250125885,"{'V3': 0.168051, 'V4': 1.0, 'V5': 1.0}","[0.07732736898172965, 0.9166291003014927]",47.218913555145264,,"[0.5064614362070294, 0.6687209581960647]",14.205517053604126,,"[0.07429712164597592, 0.9645916800456525]",38.10461282730103,
1,2,10,10,2,9000,V2,V0,PN,"[0.5686431472415671, 0.9431127771257152]",102.96230721473694,"[0.5532018763435664, 0.9760538995394649]",17.450493335723877,"[0.6758507069254732, 1.0]","[0.5315667369337587, 0.7306887061612661]","[0.6758507069254732, 1.0]",16.081862211227417,"{'V3': 1.0, 'V4': 1.0, 'V5': 1.0}","[0.579125061019192, 0.9635131738983245]",16.0674250125885,"{'V3': 0.168051, 'V4': 1.0, 'V5': 1.0}","[0.48536229764158506, 0.9561574862222955]",47.218913555145264,,"[0.5472504027157332, 0.7091799140027544]",14.205517053604126,,"[0.4532956468870569, 0.9743883888765268]",38.10461282730103,
1,2,10,10,2,10000,V1,V0,PS,"[0.010182829476902031, 0.13231060944085837]",114.29782366752625,"[0.012449014936066856, 0.1336463217029767]",19.09734678268433,"[0.0, 0.1085791673523081]","[0.2834704861178952, 0.42490946594866275]","[0.0, 0.1085791673523081]",17.80093002319336,"{'V3': 1.0, 'V4': 1.0, 'V5': 1.0}","[0.010033522102426497, 0.13502435210285774]",18.40097188949585,"{'V3': 0.1687946, 'V4': 1.0, 'V5': 1.0}","[0.009323326943394187, 0.14724731359733462]",52.81069469451904,,"[0.27585594668954316, 0.38972966735540493]",15.66063380241394,,"[0.009793313485378888, 0.14246796876433132]",42.03869700431824,
1,2,10,10,2,10000,V2,V0,PS,"[0.0734003346784137, 0.16182215168808364]",114.29782366752625,"[0.07161149635321559, 0.1673100045090352]",19.09734678268433,"[0.0956186813813188, 0.1414789988402909]","[0.29127694327437303, 0.46102153391839573]","[0.0956186813813188, 0.1414789988402909]",17.80093002319336,"{'V3': 1.0, 'V4': 1.0, 'V5': 1.0}","[0.07417840357980107, 0.16350491619359211]",18.40097188949585,"{'V3': 0.1687946, 'V4': 1.0, 'V5': 1.0}","[0.05569442114050711, 0.17064031134151403]",52.81069469451904,,"[0.2684022250120577, 0.39490328808501446]",15.66063380241394,,"[0.05995437860216882, 0.1825833537633694]",42.03869700431824,
1,2,10,10,2,10000,V1,V0,PN,"[0.09281960035560578, 0.9494095332585606]",114.29782366752625,"[0.08701978407402174, 0.9604128108710165]",19.09734678268433,"[0.0, 1.0]","[0.47417316430610396, 0.6880488433742233]","[0.0, 1.0]",17.80093002319336,"{'V3': 1.0, 'V4': 1.0, 'V5': 1.0}","[0.0887566634964184, 0.9446499102014472]",18.40097188949585,"{'V3': 0.1687946, 'V4': 1.0, 'V5': 1.0}","[0.07732736898172965, 0.9166291003014927]",52.81069469451904,,"[0.5064614362070294, 0.6687209581960647]",15.66063380241394,,"[0.07429712164597592, 0.9645916800456525]",42.03869700431824,
1,2,10,10,2,10000,V2,V0,PN,"[0.5677691584220915, 0.9431127771257152]",114.29782366752625,"[0.562700745437155, 0.9760538995394649]",19.09734678268433,"[0.6758507069254732, 1.0]","[0.5315667369337587, 0.7306887061612661]","[0.6758507069254732, 1.0]",17.80093002319336,"{'V3': 1.0, 'V4': 1.0, 'V5': 1.0}","[0.5713048544889715, 0.9635131738983245]",18.40097188949585,"{'V3': 0.1687946, 'V4': 1.0, 'V5': 1.0}","[0.4401505670963031, 0.9561574862222955]",52.81069469451904,,"[0.5472504027157332, 0.7091799140027544]",15.66063380241394,,"[0.4532956468870569, 0.9743883888765268]",42.03869700431824,
1,2,6,5,2,1000,V1,V0,PS,"[0.02252479783374122, 0.12637522883377894]",10.471004247665403,"[0.012777912838331542, 0.13774040964392653]",1.6125595569610596,"[0.0, 0.111541219873608]","[0.2864648568747643, 0.4140455747162629]","[0.0, 0.111541219873608]",1.6803784370422363,"{'V3': 1.0, 'V4': 1.0, 'V5': 1.0}","[0.016736120208354997, 0.10726563203774026]",1.7165806293487549,"{'V3': 0.196955, 'V4': 1.0, 'V5': 1.0}","[0.014518476340281266, 0.12283793222571267]",5.171960830688477,,"[0.2655426174820766, 0.3659687129872814]",1.5507855415344238,,"[0.015063662171743717, 0.14353882719965985]",3.890302419662476,
1,2,6,5,2,1000,V2,V0,PS,"[0.07986200291251164, 0.16642437599487467]",10.471004247665403,"[0.08315576851916029, 0.1643732822945602]",1.6125595569610596,"[0.0858548666390267, 0.137922802958112]","[0.32568439950792066, 0.44023961296292846]","[0.0858548666390267, 0.137922802958112]",1.6803784370422363,"{'V3': 1.0, 'V4': 1.0, 'V5': 1.0}","[0.07247740336299462, 0.16616396701838373]",1.7165806293487549,"{'V3': 0.196955, 'V4': 1.0, 'V5': 1.0}","[0.06255090838509511, 0.17128686713236263]",5.171960830688477,,"[0.3047209234558144, 0.37738792428609347]",1.5507855415344238,,"[0.08141889219373412, 0.17875264557504683]",3.890302419662476,
1,2,6,5,2,1000,V1,V0,PN,"[0.20976949220979332, 0.9349797081822001]",10.471004247665403,"[0.11070594053694026, 0.918484204336612]",1.6125595569610596,"[0.0, 1.0]","[0.5837791777840542, 0.7663025135357547]","[0.0, 1.0]",1.6803784370422363,"{'V3': 1.0, 'V4': 1.0, 'V5': 1.0}","[0.15155326945580838, 0.8483429699835312]",1.7165806293487549,"{'V3': 0.196955, 'V4': 1.0, 'V5': 1.0}","[0.1136753300175044, 0.8519543471464905]",5.171960830688477,,"[0.5902065408492572, 0.7642656429282627]",1.5507855415344238,,"[0.12501271665940786, 0.9155610638857751]",3.890302419662476,
1,2,6,5,2,1000,V2,V0,PN,"[0.6624283704396545, 0.9738886910904149]",10.471004247665403,"[0.6384698037351718, 0.9437631895007981]",1.6125595569610596,"[0.622484932133386, 1.0]","[0.6840102024267626, 0.8384556392476715]","[0.622484932133386, 1.0]",1.6803784370422363,"{'V3': 1.0, 'V4': 1.0, 'V5': 1.0}","[0.5788819683098053, 0.9591133704272602]",1.7165806293487549,"{'V3': 0.196955, 'V4': 1.0, 'V5': 1.0}","[0.5400848887331913, 0.9763280790531649]",5.171960830688477,,"[0.6732641757410396, 0.7748158697339337]",1.5507855415344238,,"[0.6226472971961146, 0.9823835543841668]",3.890302419662476,
1,2,6,5,2,2000,V1,V0,PS,"[0.014185331508412218, 0.12570372178735953]",20.892817974090576,"[0.01872763221267943, 0.12563995078911921]",3.165982961654663,"[0.0, 0.111541219873608]","[0.2864648568747643, 0.4140455747162629]","[0.0, 0.111541219873608]",3.315624475479126,"{'V3': 1.0, 'V4': 1.0, 'V5': 1.0}","[0.010718124103716305, 0.12693556603315]",3.3683762550354004,"{'V3': 0.1876315, 'V4': 1.0, 'V5': 1.0}","[0.014518476340281266, 0.1347652104235628]",10.303504705429075,,"[0.2655426174820766, 0.3659687129872814]",3.038285732269287,,"[0.015063662171743717, 0.14353882719965985]",7.707409381866455,
1,2,6,5,2,2000,V2,V0,PS,"[0.07397515049263681, 0.16309827032594348]",20.892817974090576,"[0.07779647442407907, 0.16426695363219593]",3.165982961654663,"[0.0858548666390267, 0.137922802958112]","[0.3215432642044716, 0.44626071545710244]","[0.0858548666390267, 0.137922802958112]",3.315624475479126,"{'V3': 1.0, 'V4': 1.0, 'V5': 1.0}","[0.07247740336299462, 0.16616396701838373]",3.3683762550354004,"{'V3': 0.1876315, 'V4': 1.0, 'V5': 1.0}","[0.06255090838509511, 0.17128686713236263]",10.303504705429075,,"[0.2995922896937399, 0.37738792428609347]",3.038285732269287,,"[0.05825734870406809, 0.17875264557504683]",7.707409381866455,
1,2,6,5,2,2000,V1,V0,PN,"[0.16604930131118725, 0.9142844009704697]",20.892817974090576,"[0.16535415615297555, 0.9089138752974403]",3.165982961654663,"[0.0, 1.0]","[0.5712466923333589, 0.7663025135357547]","[0.0, 1.0]",3.315624475479126,"{'V3': 1.0, 'V4': 1.0, 'V5': 1.0}","[0.08712709128072636, 0.9306682538384548]",3.3683762550354004,"{'V3': 0.1876315, 'V4': 1.0, 'V5': 1.0}","[0.1136753300175044, 0.9077903573077033]",10.303504705429075,,"[0.5889912989836689, 0.7642656429282627]",3.038285732269287,,"[0.12501271665940786, 0.9236546999760805]",7.707409381866455,
1,2,6,5,2,2000,V2,V0,PN,"[0.6190639252414284, 0.9752383053844655]",20.892817974090576,"[0.6384698037351718, 0.9784393483143986]",3.165982961654663,"[0.622484932133386, 1.0]","[0.6840102024267626, 0.8384556392476715]","[0.622484932133386, 1.0]",3.315624475479126,"{'V3': 1.0, 'V4': 1.0, 'V5': 1.0}","[0.586789820379235, 0.9635050357324139]",3.3683762550354004,"{'V3': 0.1876315, 'V4': 1.0, 'V5': 1.0}","[0.5053318347885429, 0.9763280790531649]",10.303504705429075,,"[0.6681459339933009, 0.7796521895632599]",3.038285732269287,,"[0.5270779067603552, 0.9823835543841668]",7.707409381866455,
1,2,6,5,2,3000,V1,V0,PS,"[0.01288981153260836, 0.12685673344327333]",31.23871350288391,"[0.021075131226385747, 0.12773098786950327]",4.7183592319488525,"[0.0, 0.111541219873608]","[0.2864648568747643, 0.4184725270437683]","[0.0, 0.111541219873608]",4.950623273849487,"{'V3': 1.0, 'V4': 1.0, 'V5': 1.0}","[0.010718124103716305, 0.12556197592373847]",5.031368732452393,"{'V3': 0.18656266666666665, 'V4': 1.0, 'V5': 1.0}","[0.014518476340281266, 0.1347652104235628]",15.468183279037476,,"[0.2655426174820766, 0.371655606477663]",4.540334939956665,,"[0.015063662171743717, 0.14353882719965985]",11.679486274719238,
1,2,6,5,2,3000,V2,V0,PS,"[0.0722382312637169, 0.16167812358091613]",31.23871350288391,"[0.07779647442407907, 0.163376049585725]",4.7183592319488525,"[0.0858548666390267, 0.137922802958112]","[0.3215432642044716, 0.44626071545710244]","[0.0858548666390267, 0.137922802958112]",4.950623273849487,"{'V3': 1.0, 'V4': 1.0, 'V5': 1.0}","[0.07055029817847196, 0.16542984320282658]",5.031368732452393,"{'V3': 0.18656266666666665, 'V4': 1.0, 'V5': 1.0}","[0.06255090838509511, 0.17265862784928748]",15.468183279037476,,"[0.2990860843748033, 0.37738792428609347]",4.540334939956665,,"[0.05825734870406809, 0.18530936744758866]",11.679486274719238,
1,2,6,5,2,3000,V1,V0,PN,"[0.11192969003892299, 0.944189828652573]",31.23871350288391,"[0.20529803059772236, 0.948308640029905]",4.7183592319488525,"[0.0, 1.0]","[0.5712466923333589, 0.7716096459122213]","[0.0, 1.0]",4.950623273849487,"{'V3': 1.0, 'V4': 1.0, 'V5': 1.0}","[0.08712709128072636, 0.9306682538384548]",5.031368732452393,"{'V3': 0.18656266666666665, 'V4': 1.0, 'V5': 1.0}","[0.1136753300175044, 0.9077903573077033]",15.468183279037476,,"[0.5889912989836689, 0.7642656429282627]",4.540334939956665,,"[0.12501271665940786, 0.9289986315185563]",11.679486274719238,
1,2,6,5,2,3000,V2,V0,PN,"[0.5704845492776635, 0.9783445209706753]",31.23871350288391,"[0.6384698037351718, 0.9904059800640108]",4.7183592319488525,"[0.622484932133386, 1.0]","[0.6840102024267626, 0.8418497192875913]","[0.622484932133386, 1.0]",4.950623273849487,"{'V3': 1.0, 'V4': 1.0, 'V5': 1.0}","[0.5928200742199639, 0.9635050357324139]",5.031368732452393,"{'V3': 0.18656266666666665, 'V4': 1.0, 'V5': 1.0}","[0.5053318347885429, 0.9763280790531649]",15.468183279037476,,"[0.6644594993676964, 0.7814237312541051]",4.540334939956665,,"[0.5270779067603552, 0.9823835543841668]",11.679486274719238,
1,2,6,5,2,4000,V1,V0,PS,"[0.01288981153260836, 0.12537273018426848]",41.58974170684815,"[0.021415092866214434, 0.12313023123611691]",6.270127296447754,"[0.0, 0.111541219873608]","[0.2864648568747643, 0.4184725270437683]","[0.0, 0.111541219873608]",6.853962182998657,"{'V3': 1.0, 'V4': 1.0, 'V5': 1.0}","[0.007465679832700164, 0.12120503632160687]",6.915404796600342,"{'V3': 0.175249, 'V4': 1.0, 'V5': 1.0}","[0.012871045216970748, 0.1347652104235628]",20.815529823303223,,"[0.2655426174820766, 0.371655606477663]",6.333419799804688,,"[0.014686786098066505, 0.14353882719965985]",15.787816762924194,
1,2,6,5,2,4000,V2,V0,PS,"[0.07266640011663207, 0.16036131439153425]",41.58974170684815,"[0.07779647442407907, 0.1646200214210274]",6.270127296447754,"[0.0858548666390267, 0.137922802958112]","[0.3215432642044716, 0.44626071545710244]","[0.0858548666390267, 0.137922802958112]",6.853962182998657,"{'V3': 1.0, 'V4': 1.0, 'V5': 1.0}","[0.07055029817847196, 0.16143038874913174]",6.915404796600342,"{'V3': 0.175249, 'V4': 1.0, 'V5': 1.0}","[0.06255090838509511, 0.17265862784928748]",20.815529823303223,,"[0.2954536775636459, 0.37738792428609347]",6.333419799804688,,"[0.05563292920720182, 0.18530936744758866]",15.787816762924194,
1,2,6,5,2,4000,V1,V0,PN,"[0.11192969003892299, 0.944189828652573]",41.58974170684815,"[0.18213986368033125, 0.948308640029905]",6.270127296447754,"[0.0, 1.0]","[0.5712466923333589, 0.7716096459122213]","[0.0, 1.0]",6.853962182998657,"{'V3': 1.0, 'V4': 1.0, 'V5': 1.0}","[0.0702299336069366, 0.9306682538384548]",6.915404796600342,"{'V3': 0.175249, 'V4': 1.0, 'V5': 1.0}","[0.1136753300175044, 0.9077903573077033]",20.815529823303223,,"[0.5889912989836689, 0.7642656429282627]",6.333419799804688,,"[0.12295571576217108, 0.9289986315185563]",15.787816762924194,
1,2,6,5,2,4000,V2,V0,PN,"[0.5766192403485458, 0.9783445209706753]",41.58974170684815,"[0.637139361059475, 0.9904059800640108]",6.270127296447754,"[0.622484932133386, 1.0]","[0.6671623493626772, 0.8418497192875913]","[0.622484932133386, 1.0]",6.853962182998657,"{'V3': 1.0, 'V4': 1.0, 'V5': 1.0}","[0.5809840989735977, 0.9635050357324139]",6.915404796600342,"{'V3': 0.175249, 'V4': 1.0, 'V5': 1.0}","[0.5053318347885429, 0.9763280790531649]",20.815529823303223,,"[0.6594462218005134, 0.7814237312541051]",6.333419799804688,,"[0.4908611015399792, 0.9823835543841668]",15.787816762924194,
1,2,6,5,2,5000,V1,V0,PS,"[0.010187804519679896, 0.13009191021612018]",51.92322897911072,"[0.018371949628396115, 0.12688689435065917]",7.826815843582153,"[0.0, 0.111541219873608]","[0.2864648568747643, 0.4184725270437683]","[0.0, 0.111541219873608]",8.562239408493042,"{'V3': 1.0, 'V4': 1.0, 'V5': 1.0}","[0.007465679832700164, 0.12155248429432451]",8.579661130905151,"{'V3': 0.1742748, 'V4': 1.0, 'V5': 1.0}","[0.012871045216970748, 0.14389889086158572]",25.913360834121704,,"[0.2655426174820766, 0.371655606477663]",7.902042627334595,,"[0.013167466260866742, 0.14353882719965985]",19.762802362442017,
1,2,6,5,2,5000,V2,V0,PS,"[0.0722382312637169, 0.1625064533243001]",51.92322897911072,"[0.08026220955758126, 0.16426695363219593]",7.826815843582153,"[0.0858548666390267, 0.137922802958112]","[0.3215432642044716, 0.4498932042154363]","[0.0858548666390267, 0.137922802958112]",8.562239408493042,"{'V3': 1.0, 'V4': 1.0, 'V5': 1.0}","[0.07196605950287006, 0.16250500129636913]",8.579661130905151,"{'V3': 0.1742748, 'V4': 1.0, 'V5': 1.0}","[0.06255090838509511, 0.17265862784928748]",25.913360834121704,,"[0.2954536775636459, 0.37738792428609347]",7.902042627334595,,"[0.05563292920720182, 0.18530936744758866]",19.762802362442017,
1,2,6,5,2,5000,V1,V0,PN,"[0.08334459125575107, 0.944189828652573]",51.92322897911072,"[0.16832682734984294, 0.948308640029905]",7.826815843582153,"[0.0, 1.0]","[0.5712466923333589, 0.7750120037024332]","[0.0, 1.0]",8.562239408493042,"{'V3': 1.0, 'V4': 1.0, 'V5': 1.0}","[0.0702299336069366, 0.9306682538384548]",8.579661130905151,"{'V3': 0.1742748, 'V4': 1.0, 'V5': 1.0}","[0.1136753300175044, 0.9315580633801724]",25.913360834121704,,"[0.5889912989836689, 0.7642656429282627]",7.902042627334595,,"[0.10367259456848428, 0.9771577045947066]",19.762802362442017,
1,2,6,5,2,5000,V2,V0,PN,"[0.5776305140061367, 0.9783445209706753]",51.92322897911072,"[0.6467972504546466, 0.9904059800640108]",7.826815843582153,"[0.622484932133386, 1.0]","[0.6671623493626772, 0.8418497192875913]","[0.622484932133386, 1.0]",8.562239408493042,"{'V3': 1.0, 'V4': 1.0, 'V5': 1.0}","[0.589517695755616, 0.9819561647358722]",8.579661130905151,"{'V3': 0.1742748, 'V4': 1.0, 'V5': 1.0}","[0.5053318347885429, 0.9763280790531649]",25.913360834121704,,"[0.6543426418409153, 0.7814237312541051]",7.902042627334595,,"[0.4908611015399792, 0.9836068664923137]",19.762802362442017,
1,2,6,5,2,6000,V1,V0,PS,"[0.010187804519679896, 0.12685673344327333]",62.258960008621216,"[0.016193656069014524, 0.12563995078911921]",9.381516933441162,"[0.0, 0.111541219873608]","[0.2864648568747643, 0.4184725270437683]","[0.0, 0.111541219873608]",10.245959281921388,"{'V3': 1.0, 'V4': 1.0, 'V5': 1.0}","[0.007465679832700164, 0.11890478675292732]",10.292352676391602,"{'V3': 0.17408216666666668, 'V4': 1.0, 'V5': 1.0}","[0.011619768653507695, 0.14389889086158572]",31.203040838241577,,"[0.2655426174820766, 0.371655606477663]",9.466714859008787,,"[0.012383035538587394, 0.14353882719965985]",23.61138653755188,
1,2,6,5,2,6000,V2,V0,PS,"[0.07266640011663207, 0.1629619587589912]",62.258960008621216,"[0.0792476401319322, 0.1636101531872475]",9.381516933441162,"[0.0858548666390267, 0.137922802958112]","[0.3215432642044716, 0.4498932042154363]","[0.0858548666390267, 0.137922802958112]",10.245959281921388,"{'V3': 1.0, 'V4': 1.0, 'V5': 1.0}","[0.07196605950287006, 0.16143038874913174]",10.292352676391602,"{'V3': 0.17408216666666668, 'V4': 1.0, 'V5': 1.0}","[0.06255090838509511, 0.17265862784928748]",31.203040838241577,,"[0.29481747954890575, 0.38320416416213765]",9.466714859008787,,"[0.05563292920720182, 0.18530936744758866]",23.61138653755188,
1,2,6,5,2,6000,V1,V0,PN,"[0.08334459125575107, 0.944189828652573]",62.258960008621216,"[0.14945256432644172, 0.948308640029905]",9.381516933441162,"[0.0, 1.0]","[0.5712466923333589, 0.777178217408364]","[0.0, 1.0]",10.245959281921388,"{'V3': 1.0, 'V4': 1.0, 'V5': 1.0}","[0.0702299336069366, 0.9306682538384548]",10.292352676391602,"{'V3': 0.17408216666666668, 'V4': 1.0, 'V5': 1.0}","[0.08750340709440312, 0.9315580633801724]",31.203040838241577,,"[0.5889912989836689, 0.7642656429282627]",9.466714859008787,,"[0.09108350564842184, 0.9771577045947066]",23.61138653755188,
1,2,6,5,2,6000,V2,V0,PN,"[0.5856616652753224, 0.9783445209706753]",62.258960008621216,"[0.6355972466913612, 0.9904059800640108]",9.381516933441162,"[0.622484932133386, 1.0]","[0.6671623493626772, 0.8418497192875913]","[0.622484932133386, 1.0]",10.245959281921388,"{'V3': 1.0, 'V4': 1.0, 'V5': 1.0}","[0.59260598569007, 0.9819561647358722]",10.292352676391602,"{'V3': 0.17408216666666668, 'V4': 1.0, 'V5': 1.0}","[0.5053318347885429, 0.9763280790531649]",31.203040838241577,,"[0.6525682564119747, 0.7830176174311512]",9.466714859008787,,"[0.4908611015399792, 0.9836068664923137]",23.61138653755188,
1,2,6,5,2,7000,V1,V0,PS,"[0.010187804519679896, 0.12426498628217197]",72.58442234992981,"[0.015963336501722304, 0.12732600107837258]",10.97221612930298,"[0.0, 0.111541219873608]","[0.2864648568747643, 0.4184725270437683]","[0.0, 0.111541219873608]",11.94945788383484,"{'V3': 1.0, 'V4': 1.0, 'V5': 1.0}","[0.007465679832700164, 0.11813303659029047]",11.943976163864136,"{'V3': 0.17340457142857144, 'V4': 1.0, 'V5': 1.0}","[0.011619768653507695, 0.14389889086158572]",36.59129214286804,,"[0.2655426174820766, 0.37580440279785504]",11.036107301712036,,"[0.012383035538587394, 0.14353882719965985]",27.425073385238647,
1,2,6,5,2,7000,V2,V0,PS,"[0.0722382312637169, 0.161744003191583]",72.58442234992981,"[0.07961434773665853, 0.16377349148814732]",10.97221612930298,"[0.0858548666390267, 0.137922802958112]","[0.3215432642044716, 0.4498932042154363]","[0.0858548666390267, 0.137922802958112]",11.94945788383484,"{'V3': 1.0, 'V4': 1.0, 'V5': 1.0}","[0.07253542279840305, 0.16003603695917445]",11.943976163864136,"{'V3': 0.17340457142857144, 'V4': 1.0, 'V5': 1.0}","[0.06255090838509511, 0.17265862784928748]",36.59129214286804,,"[0.29481747954890575, 0.38320416416213765]",11.036107301712036,,"[0.05563292920720182, 0.18530936744758866]",27.425073385238647,
1,2,6,5,2,7000,V1,V0,PN,"[0.08334459125575107, 0.944189828652573]",72.58442234992981,"[0.14945256432644172, 0.9625000021156639]",10.97221612930298,"[0.0, 1.0]","[0.5712466923333589, 0.7930858509753534]","[0.0, 1.0]",11.94945788383484,"{'V3': 1.0, 'V4': 1.0, 'V5': 1.0}","[0.07362786014269591, 0.9306682538384548]",11.943976163864136,"{'V3': 0.17340457142857144, 'V4': 1.0, 'V5': 1.0}","[0.08750340709440312, 0.9324507975377443]",36.59129214286804,,"[0.5889912989836689, 0.7642656429282627]",11.036107301712036,,"[0.09108350564842184, 0.9771577045947066]",27.425073385238647,
1,2,6,5,2,7000,V2,V0,PN,"[0.5763212924538014, 0.9783445209706753]",72.58442234992981,"[0.6371251067914523, 0.9867070207795589]",10.97221612930298,"[0.622484932133386, 1.0]","[0.6671623493626772, 0.8418497192875913]","[0.622484932133386, 1.0]",11.94945788383484,"{'V3': 1.0, 'V4': 1.0, 'V5': 1.0}","[0.5890412990952495, 0.9819561647358722]",11.943976163864136,"{'V3': 0.17340457142857144, 'V4': 1.0, 'V5': 1.0}","[0.5053318347885429, 0.9763280790531649]",36.59129214286804,,"[0.6525682564119747, 0.7830176174311512]",11.036107301712036,,"[0.4908611015399792, 0.9836068664923137]",27.425073385238647,
1,2,6,5,2,8000,V1,V0,PS,"[0.010187804519679896, 0.1237562397578167]",84.03503012657166,"[0.015963336501722304, 0.1290558600855712]",12.53195023536682,"[0.0, 0.111541219873608]","[0.2864648568747643, 0.4184725270437683]","[0.0, 0.111541219873608]",13.610662460327148,"{'V3': 1.0, 'V4': 1.0, 'V5': 1.0}","[0.00833786056305092, 0.11724596492575443]",13.664263248443604,"{'V3': 0.174385, 'V4': 1.0, 'V5': 1.0}","[0.011135354513638378, 0.14389889086158572]",41.9510383605957,,"[0.2655426174820766, 0.3783478376645095]",12.534637689590454,,"[0.012383035538587394, 0.15089964202722525]",31.466548442840576,
1,2,6,5,2,8000,V2,V0,PS,"[0.0722382312637169, 0.16204858765182256]",84.03503012657166,"[0.08019704126178513, 0.1638272997678547]",12.53195023536682,"[0.0858548666390267, 0.137922802958112]","[0.3215432642044716, 0.4498932042154363]","[0.0858548666390267, 0.137922802958112]",13.610662460327148,"{'V3': 1.0, 'V4': 1.0, 'V5': 1.0}","[0.07247740336299462, 0.16046935046003596]",13.664263248443604,"{'V3': 0.174385, 'V4': 1.0, 'V5': 1.0}","[0.06255090838509511, 0.17265862784928748]",41.9510383605957,,"[0.29481747954890575, 0.38320416416213765]",12.534637689590454,,"[0.05563292920720182, 0.18530936744758866]",31.466548442840576,
1,2,6,5,2,8000,V1,V0,PN,"[0.08334459125575107, 0.944189828652573]",84.03503012657166,"[0.1541944519723078, 0.9636039691602943]",12.53195023536682,"[0.0, 1.0]","[0.5712466923333589, 0.7930858509753534]","[0.0, 1.0]",13.610662460327148,"{'V3': 1.0, 'V4': 1.0, 'V5': 1.0}","[0.08712709128072636, 0.9251458201291866]",13.664263248443604,"{'V3': 0.174385, 'V4': 1.0, 'V5': 1.0}","[0.08750340709440312, 0.9574994446509645]",41.9510383605957,,"[0.5889912989836689, 0.7642656429282627]",12.534637689590454,,"[0.09108350564842184, 0.9771577045947066]",31.466548442840576,
1,2,6,5,2,8000,V2,V0,PN,"[0.5763212924538014, 0.9783445209706753]",84.03503012657166,"[0.6365567794319901, 0.9867070207795589]",12.53195023536682,"[0.622484932133386, 1.0]","[0.6671623493626772, 0.8418497192875913]","[0.622484932133386, 1.0]",13.610662460327148,"{'V3': 1.0, 'V4': 1.0, 'V5': 1.0}","[0.5975804173254435, 0.9819561647358722]",13.664263248443604,"{'V3': 0.174385, 'V4': 1.0, 'V5': 1.0}","[0.5053318347885429, 0.9763280790531649]",41.9510383605957,,"[0.6525682564119747, 0.7830176174311512]",12.534637689590454,,"[0.4908611015399792, 0.9836068664923137]",31.466548442840576,
1,2,6,5,2,9000,V1,V0,PS,"[0.010187804519679896, 0.12318256989789145]",94.35071682929993,"[0.015963336501722304, 0.12820589353869769]",14.089344263076782,"[0.0, 0.111541219873608]","[0.2821214174096946, 0.4184725270437683]","[0.0, 0.111541219873608]",15.285116910934448,"{'V3': 1.0, 'V4': 1.0, 'V5': 1.0}","[0.007465679832700164, 0.11638388614281]",15.368398189544678,"{'V3': 0.173027, 'V4': 1.0, 'V5': 1.0}","[0.005459032825990205, 0.14389889086158572]",47.012688636779785,,"[0.2655426174820766, 0.3783478376645095]",14.091755390167236,,"[0.010085356530546303, 0.15089964202722525]",35.26469826698303,
1,2,6,5,2,9000,V2,V0,PS,"[0.0722382312637169, 0.161744003191583]",94.35071682929993,"[0.077278120570934, 0.16377349148814732]",14.089344263076782,"[0.0858548666390267, 0.137922802958112]","[0.3080838759092592, 0.4498932042154363]","[0.0858548666390267, 0.137922802958112]",15.285116910934448,"{'V3': 1.0, 'V4': 1.0, 'V5': 1.0}","[0.0728499471444799, 0.1607363587909149]",15.368398189544678,"{'V3': 0.173027, 'V4': 1.0, 'V5': 1.0}","[0.06255090838509511, 0.17265862784928748]",47.012688636779785,,"[0.29481747954890575, 0.38325423597021185]",14.091755390167236,,"[0.05563292920720182, 0.18530936744758866]",35.26469826698303,
1,2,6,5,2,9000,V1,V0,PN,"[0.08334459125575107, 0.9608322800401338]",94.35071682929993,"[0.13975389760290124, 0.9636039691602943]",14.089344263076782,"[0.0, 1.0]","[0.5613268673367081, 0.7930858509753534]","[0.0, 1.0]",15.285116910934448,"{'V3': 1.0, 'V4': 1.0, 'V5': 1.0}","[0.07362786014269591, 0.9144374142387062]",15.368398189544678,"{'V3': 0.173027, 'V4': 1.0, 'V5': 1.0}","[0.048895118871225544, 0.9574994446509645]",47.012688636779785,,"[0.5889912989836689, 0.7642656429282627]",14.091755390167236,,"[0.0813431599409123, 0.9771577045947066]",35.26469826698303,
1,2,6,5,2,9000,V2,V0,PN,"[0.5776305140061367, 0.9783445209706753]",94.35071682929993,"[0.6227856888104731, 0.9867070207795589]",14.089344263076782,"[0.622484932133386, 1.0]","[0.6539330348897804, 0.8418497192875913]","[0.622484932133386, 1.0]",15.285116910934448,"{'V3': 1.0, 'V4': 1.0, 'V5': 1.0}","[0.5984159769898213, 0.9819561647358722]",15.368398189544678,"{'V3': 0.173027, 'V4': 1.0, 'V5': 1.0}","[0.5053318347885429, 0.9763280790531649]",47.012688636779785,,"[0.6525682564119747, 0.7830176174311512]",14.091755390167236,,"[0.4908611015399792, 0.9836068664923137]",35.26469826698303,
1,2,6,5,2,10000,V1,V0,PS,"[0.010187804519679896, 0.12318256989789145]",104.64647483825684,"[0.01581589688972456, 0.12830230043980517]",15.679479122161863,"[0.0, 0.111541219873608]","[0.2821214174096946, 0.4184725270437683]","[0.0, 0.111541219873608]",16.921377420425415,"{'V3': 1.0, 'V4': 1.0, 'V5': 1.0}","[0.007465679832700164, 0.11806705172426397]",17.066070079803467,"{'V3': 0.1741522, 'V4': 1.0, 'V5': 1.0}","[0.005459032825990205, 0.14389889086158572]",52.211270809173584,,"[0.2655426174820766, 0.3783478376645095]",15.585359573364258,,"[0.010085356530546303, 0.15089964202722525]",39.07811236381531,
1,2,6,5,2,10000,V2,V0,PS,"[0.07242942730142828, 0.16191948355220806]",104.64647483825684,"[0.07655393135818393, 0.16484545234432532]",15.679479122161863,"[0.0858548666390267, 0.137922802958112]","[0.3080838759092592, 0.4498932042154363]","[0.0858548666390267, 0.137922802958112]",16.921377420425415,"{'V3': 1.0, 'V4': 1.0, 'V5': 1.0}","[0.07247740336299462, 0.16084704786361928]",17.066070079803467,"{'V3': 0.1741522, 'V4': 1.0, 'V5': 1.0}","[0.06255090838509511, 0.17425866654591843]",52.211270809173584,,"[0.2922141000574758, 0.38325423597021185]",15.585359573364258,,"[0.05389390326331938, 0.18530936744758866]",39.07811236381531,
1,2,6,5,2,10000,V1,V0,PN,"[0.08334459125575107, 0.9608322800401338]",104.64647483825684,"[0.136437946544121, 0.9636039691602943]",15.679479122161863,"[0.0, 1.0]","[0.5613268673367081, 0.7930858509753534]","[0.0, 1.0]",16.921377420425415,"{'V3': 1.0, 'V4': 1.0, 'V5': 1.0}","[0.08108913362527316, 0.9306682538384548]",17.066070079803467,"{'V3': 0.1741522, 'V4': 1.0, 'V5': 1.0}","[0.048895118871225544, 0.9574994446509645]",52.211270809173584,,"[0.5889912989836689, 0.7642656429282627]",15.585359573364258,,"[0.0813431599409123, 0.9771577045947066]",39.07811236381531,
1,2,6,5,2,10000,V2,V0,PN,"[0.5801765005312977, 0.9783445209706753]",104.64647483825684,"[0.6129821486428098, 0.9867070207795589]",15.679479122161863,"[0.622484932133386, 1.0]","[0.6539330348897804, 0.8418497192875913]","[0.622484932133386, 1.0]",16.921377420425415,"{'V3': 1.0, 'V4': 1.0, 'V5': 1.0}","[0.5975804173254435, 0.9819561647358722]",17.066070079803467,"{'V3': 0.1741522, 'V4': 1.0, 'V5': 1.0}","[0.5053318347885429, 0.9763280790531649]",52.211270809173584,,"[0.6525682564119747, 0.7830176174311512]",15.585359573364258,,"[0.4203730639666778, 0.9836068664923137]",39.07811236381531,
1,2,10,5,2,1000,V1,V0,PS,"[0.016528402264979758, 0.13481485752171984]",11.388055324554443,"[0.019759371937075106, 0.13764425488263488]",1.7107603549957275,"[0.0, 0.1085791673523081]","[0.2891566269236704, 0.42490946594866263]","[0.0, 0.1085791673523081]",1.7670612335205078,"{'V3': 1.0, 'V4': 1.0, 'V5': 1.0}","[0.018500955785431792, 0.12027787926842867]",1.7988004684448242,"{'V3': 0.189834, 'V4': 1.0, 'V5': 1.0}","[0.009323326943394187, 0.12102464782523147]",5.517215967178345,,"[0.28361322503754066, 0.3872927297337036]",1.5902905464172363,,"[0.009793313485378888, 0.1268927646197092]",4.326297760009766,
1,2,10,5,2,1000,V2,V0,PS,"[0.08092183824831208, 0.16106236655960388]",11.388055324554443,"[0.0779875649210977, 0.1642407698315852]",1.7107603549957275,"[0.0956186813813188, 0.1414789988402909]","[0.29127694327437303, 0.4585293093923383]","[0.0956186813813188, 0.1414789988402909]",1.7670612335205078,"{'V3': 1.0, 'V4': 1.0, 'V5': 1.0}","[0.07789166790461922, 0.16408773279293853]",1.7988004684448242,"{'V3': 0.189834, 'V4': 1.0, 'V5': 1.0}","[0.0747905296217403, 0.17064031134151403]",5.517215967178345,,"[0.28168051433532665, 0.3701505140225082]",1.5902905464172363,,"[0.06341698570035918, 0.16459940927033456]",4.326297760009766,
1,2,10,5,2,1000,V1,V0,PN,"[0.16923279294000476, 0.9129674258178767]",11.388055324554443,"[0.13829398544319071, 0.9116315914355761]",1.7107603549957275,"[0.0, 1.0]","[0.47417316430610396, 0.6515165359229286]","[0.0, 1.0]",1.7670612335205078,"{'V3': 1.0, 'V4': 1.0, 'V5': 1.0}","[0.1800232425479179, 0.8406212717258547]",1.7988004684448242,"{'V3': 0.189834, 'V4': 1.0, 'V5': 1.0}","[0.0823315275306701, 0.8593158472909092]",5.517215967178345,,"[0.5064614362070293, 0.6593110908116637]",1.5902905464172363,,"[0.0837669606156782, 0.9052254549648461]",4.326297760009766,
1,2,10,5,2,1000,V2,V0,PN,"[0.6105086170069236, 0.9336317943563347]",11.388055324554443,"[0.5618590625197739, 0.9702301764475733]",1.7107603549957275,"[0.6758507069254733, 1.0]","[0.5315667369337587, 0.7069542803820942]","[0.6758507069254733, 1.0]",1.7670612335205078,"{'V3': 1.0, 'V4': 1.0, 'V5': 1.0}","[0.6050669347969999, 0.9506471760000289]",1.7988004684448242,"{'V3': 0.189834, 'V4': 1.0, 'V5': 1.0}","[0.5782724684656764, 0.9323518019763003]",5.517215967178345,,"[0.5580452256252549, 0.6911546961794242]",1.5902905464172363,,"[0.4532956468870569, 0.9650068792191024]",4.326297760009766,
1,2,10,5,2,2000,V1,V0,PS,"[0.013611550497852776, 0.13350500011660177]",22.64397382736206,"[0.019759371937075106, 0.1337531806895591]",3.355676889419556,"[0.0, 0.1085791673523081]","[0.2891566269236704, 0.42490946594866263]","[0.0, 0.1085791673523081]",4.404628753662109,"{'V3': 1.0, 'V4': 1.0, 'V5': 1.0}","[0.018500955785431792, 0.12717505743956323]",4.455544710159302,"{'V3': 0.1861375, 'V4': 1.0, 'V5': 1.0}","[0.009323326943394187, 0.12102464782523147]",11.641737699508669,,"[0.2835102980785064, 0.3872927297337036]",4.071582317352295,,"[0.009793313485378888, 0.14246796876433132]",9.39037036895752,
1,2,10,5,2,2000,V2,V0,PS,"[0.07769839194653849, 0.15875575644663847]",22.64397382736206,"[0.07088976191546828, 0.1564407961532914]",3.355676889419556,"[0.0956186813813188, 0.1414789988402909]","[0.29127694327437303, 0.4585293093923383]","[0.0956186813813188, 0.1414789988402909]",4.404628753662109,"{'V3': 1.0, 'V4': 1.0, 'V5': 1.0}","[0.08184574716269422, 0.1620430802737231]",4.455544710159302,"{'V3': 0.1861375, 'V4': 1.0, 'V5': 1.0}","[0.0747905296217403, 0.17064031134151403]",11.641737699508669,,"[0.2684022250120577, 0.3701505140225082]",4.071582317352295,,"[0.06341698570035918, 0.17232065304910862]",9.39037036895752,
1,2,10,5,2,2000,V1,V0,PN,"[0.12646484898224689, 0.9457896769597657]",22.64397382736206,"[0.13829398544319071, 0.9146951725595096]",3.355676889419556,"[0.0, 1.0]","[0.47417316430610396, 0.6515165359229286]","[0.0, 1.0]",4.404628753662109,"{'V3': 1.0, 'V4': 1.0, 'V5': 1.0}","[0.1800232425479179, 0.9157016417152193]",4.455544710159302,"{'V3': 0.1861375, 'V4': 1.0, 'V5': 1.0}","[0.0823315275306701, 0.8835442011578493]",11.641737699508669,,"[0.5064614362070293, 0.6613783249406946]",4.071582317352295,,"[0.0837669606156782, 0.9314363242791062]",9.39037036895752,
1,2,10,5,2,2000,V2,V0,PN,"[0.5927750954036074, 0.9489554162373303]",22.64397382736206,"[0.5375913090702162, 0.9396774305011144]",3.355676889419556,"[0.6758507069254733, 1.0]","[0.5315667369337587, 0.7103036548295344]","[0.6758507069254733, 1.0]",4.404628753662109,"{'V3': 1.0, 'V4': 1.0, 'V5': 1.0}","[0.6167814907106491, 0.9506471760000289]",4.455544710159302,"{'V3': 0.1861375, 'V4': 1.0, 'V5': 1.0}","[0.49107789789788353, 0.9323518019763003]",11.641737699508669,,"[0.5580452256252549, 0.6911546961794242]",4.071582317352295,,"[0.4532956468870569, 0.9650068792191024]",9.39037036895752,
1,2,10,5,2,3000,V1,V0,PS,"[0.011167611067293842, 0.13281458198131194]",34.7021484375,"[0.016587061742739453, 0.11795057667191933]",4.995636701583862,"[0.0, 0.1085791673523081]","[0.2891566269236704, 0.42490946594866263]","[0.0, 0.1085791673523081]",6.123884439468384,"{'V3': 1.0, 'V4': 1.0, 'V5': 1.0}","[0.010033522102426497, 0.13502435210285774]",6.216990947723389,"{'V3': 0.174557, 'V4': 1.0, 'V5': 1.0}","[0.009323326943394187, 0.12559234126343044]",16.87311029434204,,"[0.2835102980785064, 0.3872927297337036]",5.600684404373169,,"[0.009793313485378888, 0.14246796876433132]",13.723630428314207,
1,2,10,5,2,3000,V2,V0,PS,"[0.07528339680312139, 0.16013348624057527]",34.7021484375,"[0.07406290173275264, 0.15369141513009393]",4.995636701583862,"[0.0956186813813188, 0.1414789988402909]","[0.29127694327437303, 0.4585293093923383]","[0.0956186813813188, 0.1414789988402909]",6.123884439468384,"{'V3': 1.0, 'V4': 1.0, 'V5': 1.0}","[0.07907141800627832, 0.1637892249207424]",6.216990947723389,"{'V3': 0.174557, 'V4': 1.0, 'V5': 1.0}","[0.06333947544128257, 0.17064031134151403]",16.87311029434204,,"[0.2684022250120577, 0.37137883751373896]",5.600684404373169,,"[0.06341698570035918, 0.17232065304910862]",13.723630428314207,
1,2,10,5,2,3000,V1,V0,PN,"[0.12646484898224689, 0.9457896769597657]",34.7021484375,"[0.13829398544319071, 0.9146951725595096]",4.995636701583862,"[0.0, 1.0]","[0.47417316430610396, 0.6588396543139134]","[0.0, 1.0]",6.123884439468384,"{'V3': 1.0, 'V4': 1.0, 'V5': 1.0}","[0.0887566634964184, 0.929199034208261]",6.216990947723389,"{'V3': 0.174557, 'V4': 1.0, 'V5': 1.0}","[0.0823315275306701, 0.8835442011578493]",16.87311029434204,,"[0.5064614362070293, 0.6613783249406946]",5.600684404373169,,"[0.07429712164597592, 0.9645916800456525]",13.723630428314207,
1,2,10,5,2,3000,V2,V0,PN,"[0.5814470194889493, 0.9489554162373303]",34.7021484375,"[0.5497929156261883, 0.9396774305011144]",4.995636701583862,"[0.6758507069254733, 1.0]","[0.5315667369337587, 0.7207408581694381]","[0.6758507069254733, 1.0]",6.123884439468384,"{'V3': 1.0, 'V4': 1.0, 'V5': 1.0}","[0.6086045748136616, 0.9635131738983245]",6.216990947723389,"{'V3': 0.174557, 'V4': 1.0, 'V5': 1.0}","[0.49107789789788353, 0.9389912358953567]",16.87311029434204,,"[0.5472504027157332, 0.7091799140027544]",5.600684404373169,,"[0.4532956468870569, 0.9650068792191024]",13.723630428314207,
1,2,10,5,2,4000,V1,V0,PS,"[0.009330161335861863, 0.13449678084606453]",45.96030044555664,"[0.016415106160773168, 0.11365966411791069]",7.52633261680603,"[0.0, 0.1085791673523081]","[0.28347048611789516, 0.42490946594866263]","[0.0, 0.1085791673523081]",7.84803318977356,"{'V3': 1.0, 'V4': 1.0, 'V5': 1.0}","[0.010033522102426497, 0.13079820866502775]",7.97437310218811,"{'V3': 0.16997425, 'V4': 1.0, 'V5': 1.0}","[0.009323326943394187, 0.12559234126343044]",22.109226942062374,,"[0.28112367752637457, 0.3872927297337036]",7.119174957275391,,"[0.009793313485378888, 0.14246796876433132]",18.05540180206299,
1,2,10,5,2,4000,V2,V0,PS,"[0.07528339680312139, 0.16104944762106974]",45.96030044555664,"[0.07088976191546828, 0.15369141513009393]",7.52633261680603,"[0.0956186813813188, 0.1414789988402909]","[0.29127694327437303, 0.4585293093923383]","[0.0956186813813188, 0.1414789988402909]",7.84803318977356,"{'V3': 1.0, 'V4': 1.0, 'V5': 1.0}","[0.0759238013147869, 0.16408773279293853]",7.97437310218811,"{'V3': 0.16997425, 'V4': 1.0, 'V5': 1.0}","[0.06333947544128257, 0.17064031134151403]",22.109226942062374,,"[0.2684022250120577, 0.3733514676853004]",7.119174957275391,,"[0.06341698570035918, 0.17232065304910862]",18.05540180206299,
1,2,10,5,2,4000,V1,V0,PN,"[0.07040870641389285, 0.9457896769597657]",45.96030044555664,"[0.13372281346432335, 0.9146951725595096]",7.52633261680603,"[0.0, 1.0]","[0.47417316430610396, 0.6590470286775534]","[0.0, 1.0]",7.84803318977356,"{'V3': 1.0, 'V4': 1.0, 'V5': 1.0}","[0.0887566634964184, 0.929199034208261]",7.97437310218811,"{'V3': 0.16997425, 'V4': 1.0, 'V5': 1.0}","[0.0823315275306701, 0.8835442011578493]",22.109226942062374,,"[0.5064614362070293, 0.6613783249406946]",7.119174957275391,,"[0.07429712164597592, 0.9645916800456525]",18.05540180206299,
1,2,10,5,2,4000,V2,V0,PN,"[0.5864327724046393, 0.9489554162373303]",45.96030044555664,"[0.5285836368051471, 0.9396774305011144]",7.52633261680603,"[0.6758507069254733, 1.0]","[0.5315667369337587, 0.7207408581694381]","[0.6758507069254733, 1.0]",7.84803318977356,"{'V3': 1.0, 'V4': 1.0, 'V5': 1.0}","[0.5954021405789279, 0.9635131738983245]",7.97437310218811,"{'V3': 0.16997425, 'V4': 1.0, 'V5': 1.0}","[0.48536229764158506, 0.9389912358953567]",22.109226942062374,,"[0.5472504027157332, 0.7091799140027544]",7.119174957275391,,"[0.4532956468870569, 0.9650068792191024]",18.05540180206299,
1,2,10,5,2,5000,V1,V0,PS,"[0.009330161335861863, 0.13449678084606453]",57.20583605766296,"[0.016415106160773168, 0.12759854497001216]",9.175087928771973,"[0.0, 0.1085791673523081]","[0.28347048611789516, 0.42490946594866263]","[0.0, 0.1085791673523081]",9.572073221206663,"{'V3': 1.0, 'V4': 1.0, 'V5': 1.0}","[0.010033522102426497, 0.132818592817104]",9.726877927780151,"{'V3': 0.1713754, 'V4': 1.0, 'V5': 1.0}","[0.009323326943394187, 0.1391459089163308]",27.357598781585693,,"[0.27585594668954316, 0.3872927297337036]",8.72201132774353,,"[0.009793313485378888, 0.14246796876433132]",22.43157649040222,
1,2,10,5,2,5000,V2,V0,PS,"[0.07528339680312139, 0.16438851188522968]",57.20583605766296,"[0.07008755748018951, 0.1560914148552079]",9.175087928771973,"[0.0956186813813188, 0.1414789988402909]","[0.29127694327437303, 0.4585293093923383]","[0.0956186813813188, 0.1414789988402909]",9.572073221206663,"{'V3': 1.0, 'V4': 1.0, 'V5': 1.0}","[0.07552392058912984, 0.1630318224711458]",9.726877927780151,"{'V3': 0.1713754, 'V4': 1.0, 'V5': 1.0}","[0.06333947544128257, 0.17064031134151403]",27.357598781585693,,"[0.2684022250120577, 0.3733514676853004]",8.72201132774353,,"[0.06341698570035918, 0.17232065304910862]",22.43157649040222,
1,2,10,5,2,5000,V1,V0,PN,"[0.07040870641389285, 0.9457896769597657]",57.20583605766296,"[0.13372281346432335, 0.9331492179434747]",9.175087928771973,"[0.0, 1.0]","[0.47417316430610396, 0.6726500669689734]","[0.0, 1.0]",9.572073221206663,"{'V3': 1.0, 'V4': 1.0, 'V5': 1.0}","[0.0887566634964184, 0.929199034208261]",9.726877927780151,"{'V3': 0.1713754, 'V4': 1.0, 'V5': 1.0}","[0.0823315275306701, 0.9109057196777756]",27.357598781585693,,"[0.5064614362070293, 0.6613783249406946]",8.72201132774353,,"[0.07429712164597592, 0.9645916800456525]",22.43157649040222,
1,2,10,5,2,5000,V2,V0,PN,"[0.5945780816447951, 0.9651236455416955]",57.20583605766296,"[0.5361972443212247, 0.9472650593158302]",9.175087928771973,"[0.6758507069254733, 1.0]","[0.5315667369337587, 0.7207408581694381]","[0.6758507069254733, 1.0]",9.572073221206663,"{'V3': 1.0, 'V4': 1.0, 'V5': 1.0}","[0.588321988779361, 0.9635131738983245]",9.726877927780151,"{'V3': 0.1713754, 'V4': 1.0, 'V5': 1.0}","[0.48536229764158506, 0.9408864977101463]",27.357598781585693,,"[0.5472504027157332, 0.7091799140027544]",8.72201132774353,,"[0.4532956468870569, 0.9650068792191024]",22.43157649040222,
1,2,10,5,2,6000,V1,V0,PS,"[0.009330161335861863, 0.13449678084606453]",69.45234894752502,"[0.013604717582504922, 0.12838003214849822]",10.822940111160278,"[0.0, 0.1085791673523081]","[0.28347048611789516, 0.42490946594866263]","[0.0, 0.1085791673523081]",11.310121297836304,"{'V3': 1.0, 'V4': 1.0, 'V5': 1.0}","[0.010033522102426497, 0.13079820866502775]",11.541216611862184,"{'V3': 0.169513, 'V4': 1.0, 'V5': 1.0}","[0.009323326943394187, 0.1391459089163308]",32.86817765235901,,"[0.27585594668954316, 0.3872927297337036]",10.264745712280272,,"[0.009793313485378888, 0.14246796876433132]",26.7367684841156,
1,2,10,5,2,6000,V2,V0,PS,"[0.0750915532730709, 0.16438851188522968]",69.45234894752502,"[0.06955911010764271, 0.15493560721748054]",10.822940111160278,"[0.0956186813813188, 0.1414789988402909]","[0.29127694327437303, 0.4585293093923383]","[0.0956186813813188, 0.1414789988402909]",11.310121297836304,"{'V3': 1.0, 'V4': 1.0, 'V5': 1.0}","[0.07665996105757482, 0.1624306455458835]",11.541216611862184,"{'V3': 0.169513, 'V4': 1.0, 'V5': 1.0}","[0.06333947544128257, 0.17064031134151403]",32.86817765235901,,"[0.2684022250120577, 0.3739167792728294]",10.264745712280272,,"[0.06341698570035918, 0.17922692027061235]",26.7367684841156,
1,2,10,5,2,6000,V1,V0,PN,"[0.07040870641389285, 0.9457896769597657]",69.45234894752502,"[0.11534886417980061, 0.9331492179434747]",10.822940111160278,"[0.0, 1.0]","[0.47417316430610396, 0.6726500669689734]","[0.0, 1.0]",11.310121297836304,"{'V3': 1.0, 'V4': 1.0, 'V5': 1.0}","[0.0887566634964184, 0.929199034208261]",11.541216611862184,"{'V3': 0.169513, 'V4': 1.0, 'V5': 1.0}","[0.0823315275306701, 0.9109057196777756]",32.86817765235901,,"[0.5064614362070293, 0.6663161161405449]",10.264745712280272,,"[0.07429712164597592, 0.9645916800456525]",26.7367684841156,
1,2,10,5,2,6000,V2,V0,PN,"[0.5846693936797164, 0.9651236455416955]",69.45234894752502,"[0.5422933532376885, 0.9368320282655316]",10.822940111160278,"[0.6758507069254733, 1.0]","[0.5315667369337587, 0.7306887061612661]","[0.6758507069254733, 1.0]",11.310121297836304,"{'V3': 1.0, 'V4': 1.0, 'V5': 1.0}","[0.589263763518201, 0.9635131738983245]",11.541216611862184,"{'V3': 0.169513, 'V4': 1.0, 'V5': 1.0}","[0.48536229764158506, 0.9408864977101463]",32.86817765235901,,"[0.5472504027157332, 0.7091799140027544]",10.264745712280272,,"[0.4532956468870569, 0.9650068792191024]",26.7367684841156,
1,2,10,5,2,7000,V1,V0,PS,"[0.010342183509895336, 0.13908032823427371]",80.74299430847168,"[0.013604717582504922, 0.1314056258999045]",12.474250316619871,"[0.0, 0.1085791673523081]","[0.28347048611789516, 0.42490946594866263]","[0.0, 0.1085791673523081]",13.048094511032104,"{'V3': 1.0, 'V4': 1.0, 'V5': 1.0}","[0.010033522102426497, 0.13079820866502775]",13.297019481658936,"{'V3': 0.16825642857142858, 'V4': 1.0, 'V5': 1.0}","[0.009323326943394187, 0.1391459089163308]",38.39426517486572,,"[0.27585594668954316, 0.3872927297337036]",11.796717166900637,,"[0.009793313485378888, 0.14246796876433132]",31.005402088165283,
1,2,10,5,2,7000,V2,V0,PS,"[0.0750915532730709, 0.16509957217130186]",80.74299430847168,"[0.07008755748018951, 0.15643837429134555]",12.474250316619871,"[0.0956186813813188, 0.1414789988402909]","[0.29127694327437303, 0.4585293093923383]","[0.0956186813813188, 0.1414789988402909]",13.048094511032104,"{'V3': 1.0, 'V4': 1.0, 'V5': 1.0}","[0.07476643202538892, 0.1630318224711458]",13.297019481658936,"{'V3': 0.16825642857142858, 'V4': 1.0, 'V5': 1.0}","[0.06333947544128257, 0.17064031134151403]",38.39426517486572,,"[0.2684022250120577, 0.37569224710339155]",11.796717166900637,,"[0.06341698570035918, 0.1825833537633694]",31.005402088165283,
1,2,10,5,2,7000,V1,V0,PN,"[0.09007125350950176, 0.9457896769597657]",80.74299430847168,"[0.11534886417980061, 0.9331492179434747]",12.474250316619871,"[0.0, 1.0]","[0.47417316430610396, 0.6880488433742235]","[0.0, 1.0]",13.048094511032104,"{'V3': 1.0, 'V4': 1.0, 'V5': 1.0}","[0.0887566634964184, 0.929199034208261]",13.297019481658936,"{'V3': 0.16825642857142858, 'V4': 1.0, 'V5': 1.0}","[0.0823315275306701, 0.9109057196777756]",38.39426517486572,,"[0.5064614362070293, 0.6663161161405449]",11.796717166900637,,"[0.07429712164597592, 0.9645916800456525]",31.005402088165283,
1,2,10,5,2,7000,V2,V0,PN,"[0.5872516464848202, 0.9651236455416955]",80.74299430847168,"[0.5473471441360556, 0.9485839183698782]",12.474250316619871,"[0.6758507069254733, 1.0]","[0.5315667369337587, 0.7306887061612661]","[0.6758507069254733, 1.0]",13.048094511032104,"{'V3': 1.0, 'V4': 1.0, 'V5': 1.0}","[0.5754139841590618, 0.9635131738983245]",13.297019481658936,"{'V3': 0.16825642857142858, 'V4': 1.0, 'V5': 1.0}","[0.48536229764158506, 0.9561574862222955]",38.39426517486572,,"[0.5472504027157332, 0.7091799140027544]",11.796717166900637,,"[0.4532956468870569, 0.9650068792191024]",31.005402088165283,
1,2,10,5,2,8000,V1,V0,PS,"[0.010342183509895336, 0.13908032823427371]",92.044983625412,"[0.013604717582504922, 0.1314056258999045]",14.122795820236206,"[0.0, 0.1085791673523081]","[0.28347048611789516, 0.42490946594866263]","[0.0, 0.1085791673523081]",14.802058219909668,"{'V3': 1.0, 'V4': 1.0, 'V5': 1.0}","[0.010033522102426497, 0.13579305057702976]",15.04698610305786,"{'V3': 0.167723125, 'V4': 1.0, 'V5': 1.0}","[0.009323326943394187, 0.1391459089163308]",43.80930924415589,,"[0.27585594668954316, 0.3872927297337036]",13.407838344573976,,"[0.009793313485378888, 0.14246796876433132]",35.169466972351074,
1,2,10,5,2,8000,V2,V0,PS,"[0.07452893151806972, 0.1658917816264266]",92.044983625412,"[0.07008755748018951, 0.15744469949703882]",14.122795820236206,"[0.0956186813813188, 0.1414789988402909]","[0.29127694327437303, 0.4585293093923383]","[0.0956186813813188, 0.1414789988402909]",14.802058219909668,"{'V3': 1.0, 'V4': 1.0, 'V5': 1.0}","[0.07417840357980109, 0.1630318224711458]",15.04698610305786,"{'V3': 0.167723125, 'V4': 1.0, 'V5': 1.0}","[0.06333947544128257, 0.17064031134151403]",43.80930924415589,,"[0.2684022250120577, 0.39490328808501457]",13.407838344573976,,"[0.05995437860216882, 0.1825833537633694]",35.169466972351074,
1,2,10,5,2,8000,V1,V0,PN,"[0.09007125350950176, 0.9450110511823049]",92.044983625412,"[0.11534886417980061, 0.9331492179434747]",14.122795820236206,"[0.0, 1.0]","[0.47417316430610396, 0.6880488433742235]","[0.0, 1.0]",14.802058219909668,"{'V3': 1.0, 'V4': 1.0, 'V5': 1.0}","[0.0887566634964184, 0.9446499102014472]",15.04698610305786,"{'V3': 0.167723125, 'V4': 1.0, 'V5': 1.0}","[0.07732736898172965, 0.9109057196777756]",43.80930924415589,,"[0.5064614362070293, 0.6687209581960646]",13.407838344573976,,"[0.07429712164597592, 0.9645916800456525]",35.169466972351074,
1,2,10,5,2,8000,V2,V0,PN,"[0.5780006617941772, 0.9651236455416955]",92.044983625412,"[0.5473938437646821, 0.9485839183698782]",14.122795820236206,"[0.6758507069254733, 1.0]","[0.5315667369337587, 0.7306887061612661]","[0.6758507069254733, 1.0]",14.802058219909668,"{'V3': 1.0, 'V4': 1.0, 'V5': 1.0}","[0.571493428803766, 0.9635131738983245]",15.04698610305786,"{'V3': 0.167723125, 'V4': 1.0, 'V5': 1.0}","[0.48536229764158506, 0.9561574862222955]",43.80930924415589,,"[0.5472504027157332, 0.7091799140027544]",13.407838344573976,,"[0.4532956468870569, 0.9650068792191024]",35.169466972351074,
1,2,10,5,2,9000,V1,V0,PS,"[0.010342183509895336, 0.1353651219903745]",103.34761548042296,"[0.013604717582504922, 0.13358258814042123]",15.767759084701538,"[0.0, 0.1085791673523081]","[0.28347048611789516, 0.42490946594866263]","[0.0, 0.1085791673523081]",16.536633491516113,"{'V3': 1.0, 'V4': 1.0, 'V5': 1.0}","[0.010033522102426497, 0.13368800712449486]",16.77179265022278,"{'V3': 0.168051, 'V4': 1.0, 'V5': 1.0}","[0.009323326943394187, 0.14724731359733462]",48.9631621837616,,"[0.27585594668954316, 0.3897296673554049]",14.887561082839966,,"[0.009793313485378888, 0.14246796876433132]",39.27329349517822,
1,2,10,5,2,9000,V2,V0,PS,"[0.07338693987949872, 0.16403540327587768]",103.34761548042296,"[0.0677356985372588, 0.15909999416893733]",15.767759084701538,"[0.0956186813813188, 0.1414789988402909]","[0.29127694327437303, 0.46102153391839573]","[0.0956186813813188, 0.1414789988402909]",16.536633491516113,"{'V3': 1.0, 'V4': 1.0, 'V5': 1.0}","[0.0746579230237239, 0.16350491619359214]",16.77179265022278,"{'V3': 0.168051, 'V4': 1.0, 'V5': 1.0}","[0.06333947544128257, 0.17064031134151403]",48.9631621837616,,"[0.2684022250120577, 0.39490328808501457]",14.887561082839966,,"[0.05995437860216882, 0.1825833537633694]",39.27329349517822,
1,2,10,5,2,9000,V1,V0,PN,"[0.09007125350950176, 0.9450110511823049]",103.34761548042296,"[0.11534886417980061, 0.9331492179434747]",15.767759084701538,"[0.0, 1.0]","[0.47417316430610396, 0.6880488433742235]","[0.0, 1.0]",16.536633491516113,"{'V3': 1.0, 'V4': 1.0, 'V5': 1.0}","[0.0887566634964184, 0.9446499102014472]",16.77179265022278,"{'V3': 0.168051, 'V4': 1.0, 'V5': 1.0}","[0.07732736898172965, 0.9166291003014927]",48.9631621837616,,"[0.5064614362070293, 0.6687209581960646]",14.887561082839966,,"[0.07429712164597592, 0.9645916800456525]",39.27329349517822,
1,2,10,5,2,9000,V2,V0,PN,"[0.5700161726498606, 0.9651236455416955]",103.34761548042296,"[0.5297427375527347, 0.9567369291278537]",15.767759084701538,"[0.6758507069254733, 1.0]","[0.5315667369337587, 0.7306887061612661]","[0.6758507069254733, 1.0]",16.536633491516113,"{'V3': 1.0, 'V4': 1.0, 'V5': 1.0}","[0.579125061019192, 0.9635131738983245]",16.77179265022278,"{'V3': 0.168051, 'V4': 1.0, 'V5': 1.0}","[0.48536229764158506, 0.9561574862222955]",48.9631621837616,,"[0.5472504027157332, 0.7091799140027544]",14.887561082839966,,"[0.4532956468870569, 0.9743883888765268]",39.27329349517822,
1,2,10,5,2,10000,V1,V0,PS,"[0.010342183509895336, 0.1353651219903745]",114.63069438934326,"[0.013604717582504922, 0.1314056258999045]",17.42173457145691,"[0.0, 0.1085791673523081]","[0.28347048611789516, 0.42490946594866263]","[0.0, 0.1085791673523081]",19.01507544517517,"{'V3': 1.0, 'V4': 1.0, 'V5': 1.0}","[0.010033522102426497, 0.13502435210285774]",19.20038414001465,"{'V3': 0.1687946, 'V4': 1.0, 'V5': 1.0}","[0.009323326943394187, 0.14724731359733462]",54.7971510887146,,"[0.27585594668954316, 0.3897296673554049]",17.049633979797363,,"[0.009793313485378888, 0.14246796876433132]",44.07137823104858,
1,2,10,5,2,10000,V2,V0,PS,"[0.07355318168830047, 0.16334359235824142]",114.63069438934326,"[0.06937803627546682, 0.15744469949703882]",17.42173457145691,"[0.0956186813813188, 0.1414789988402909]","[0.29127694327437303, 0.46102153391839573]","[0.0956186813813188, 0.1414789988402909]",19.01507544517517,"{'V3': 1.0, 'V4': 1.0, 'V5': 1.0}","[0.07417840357980109, 0.16350491619359214]",19.20038414001465,"{'V3': 0.1687946, 'V4': 1.0, 'V5': 1.0}","[0.05569442114050711, 0.17064031134151403]",54.7971510887146,,"[0.2684022250120577, 0.39490328808501457]",17.049633979797363,,"[0.05995437860216882, 0.1825833537633694]",44.07137823104858,
1,2,10,5,2,10000,V1,V0,PN,"[0.09007125350950176, 0.9450110511823049]",114.63069438934326,"[0.11534886417980061, 0.9331492179434747]",17.42173457145691,"[0.0, 1.0]","[0.47417316430610396, 0.6880488433742235]","[0.0, 1.0]",19.01507544517517,"{'V3': 1.0, 'V4': 1.0, 'V5': 1.0}","[0.0887566634964184, 0.9446499102014472]",19.20038414001465,"{'V3': 0.1687946, 'V4': 1.0, 'V5': 1.0}","[0.07732736898172965, 0.9166291003014927]",54.7971510887146,,"[0.5064614362070293, 0.6687209581960646]",17.049633979797363,,"[0.07429712164597592, 0.9645916800456525]",44.07137823104858,
1,2,10,5,2,10000,V2,V0,PN,"[0.5766293084880193, 0.9651236455416955]",114.63069438934326,"[0.5366876453423491, 0.954751111002046]",17.42173457145691,"[0.6758507069254733, 1.0]","[0.5315667369337587, 0.7306887061612661]","[0.6758507069254733, 1.0]",19.01507544517517,"{'V3': 1.0, 'V4': 1.0, 'V5': 1.0}","[0.5713048544889715, 0.9635131738983245]",19.20038414001465,"{'V3': 0.1687946, 'V4': 1.0, 'V5': 1.0}","[0.4401505670963031, 0.9561574862222955]",54.7971510887146,,"[0.5472504027157332, 0.7091799140027544]",17.049633979797363,,"[0.4532956468870569, 0.9743883888765268]",44.07137823104858,
1,2,8,5,2,1000,V1,V0,PS,"[0.01523498995708071, 0.12570751904220667]",10.712633848190308,"[0.021101133875635336, 0.13747105889297367]",1.681920289993286,"[0.0, 0.1115960259152624]","[0.24921153605788704, 0.35390358735317834]","[0.0, 0.1115960259152624]",1.7095615863800049,"{'V3': 1.0, 'V4': 1.0, 'V5': 1.0}","[0.015509947581950964, 0.09968859499360247]",1.7172653675079346,"{'V3': 0.18508, 'V4': 1.0, 'V5': 1.0}","[0.02137132225793782, 0.13251047497634486]",5.209818840026856,,"[0.2510789212211754, 0.32961710922067644]",1.5669939517974854,,"[0.017078858553659343, 0.12375556247335537]",4.043319463729858,
1,2,8,5,2,1000,V2,V0,PS,"[0.08080212078796062, 0.16447423999197805]",10.712633848190308,"[0.09355164499997047, 0.16275487389024362]",1.681920289993286,"[0.09333558650521, 0.1400242873646147]","[0.33871360523698313, 0.4515070365882834]","[0.09333558650521, 0.1400242873646147]",1.7095615863800049,"{'V3': 1.0, 'V4': 1.0, 'V5': 1.0}","[0.07682650171848888, 0.16882189745732548]",1.7172653675079346,"{'V3': 0.18508, 'V4': 1.0, 'V5': 1.0}","[0.07585834292677814, 0.18462306149457638]",5.209818840026856,,"[0.285696627426366, 0.37536127004086467]",1.5669939517974854,,"[0.07990863191343783, 0.1817884215376882]",4.043319463729858,
1,2,8,5,2,1000,V1,V0,PN,"[0.11232910945256398, 0.9511741792797314]",10.712633848190308,"[0.18464287872897955, 0.9600072110742054]",1.681920289993286,"[0.0, 1.0]","[0.5064555089421839, 0.691389774511449]","[0.0, 1.0]",1.7095615863800049,"{'V3': 1.0, 'V4': 1.0, 'V5': 1.0}","[0.12356418471315854, 0.7748917064150441]",1.7172653675079346,"{'V3': 0.18508, 'V4': 1.0, 'V5': 1.0}","[0.18546939572070786, 0.8975212197641731]",5.209818840026856,,"[0.5292249919333416, 0.6940805096889046]",1.5669939517974854,,"[0.14450005748641218, 0.9058016817771313]",4.043319463729858,
1,2,8,5,2,1000,V2,V0,PN,"[0.63695027693257, 0.9609401182593789]",10.712633848190308,"[0.6983375260460659, 0.9754127053193025]",1.681920289993286,"[0.6665671239030829, 1.0]","[0.664363362496207, 0.8604401176388169]","[0.6665671239030829, 1.0]",1.7095615863800049,"{'V3': 1.0, 'V4': 1.0, 'V5': 1.0}","[0.5862589482712655, 0.9835515203033727]",1.7172653675079346,"{'V3': 0.18508, 'V4': 1.0, 'V5': 1.0}","[0.6057457798841996, 0.9724521820001202]",5.209818840026856,,"[0.6482868250198316, 0.7784961396283487]",1.5669939517974854,,"[0.5954812989891969, 0.981838444937452]",4.043319463729858,
1,2,8,5,2,2000,V1,V0,PS,"[0.014023728422054274, 0.1292849795805916]",21.24792623519897,"[0.015970057586479104, 0.13747105889297367]",3.253664255142212,"[0.0, 0.1115960259152624]","[0.24921153605788704, 0.35720323883167426]","[0.0, 0.1115960259152624]",4.257280826568604,"{'V3': 1.0, 'V4': 1.0, 'V5': 1.0}","[0.008275462107730018, 0.1056186958528584]",3.4811623096466064,"{'V3': 0.1712355, 'V4': 1.0, 'V5': 1.0}","[0.01543287148093457, 0.13251047497634486]",10.369896411895752,,"[0.24870870211015053, 0.3351317795288839]",3.147072553634644,,"[0.017078858553659343, 0.12375556247335537]",7.957482576370239,
1,2,8,5,2,2000,V2,V0,PS,"[0.08319932608511117, 0.16074096079141661]",21.24792623519897,"[0.07531178143582822, 0.16561572694856833]",3.253664255142212,"[0.09333558650521, 0.1400242873646147]","[0.32596544909457226, 0.45880990130623994]","[0.09333558650521, 0.1400242873646147]",4.257280826568604,"{'V3': 1.0, 'V4': 1.0, 'V5': 1.0}","[0.07682650171848888, 0.16540608495626413]",3.4811623096466064,"{'V3': 0.1712355, 'V4': 1.0, 'V5': 1.0}","[0.07093425717796911, 0.18462306149457638]",10.369896411895752,,"[0.285696627426366, 0.3784142064944023]",3.147072553634644,,"[0.06949259281676685, 0.1817884215376882]",7.957482576370239,
1,2,8,5,2,2000,V1,V0,PN,"[0.09851072777582144, 0.9511741792797314]",21.24792623519897,"[0.11438280276595808, 0.9600072110742054]",3.253664255142212,"[0.0, 1.0]","[0.48649346510620417, 0.691389774511449]","[0.0, 1.0]",4.257280826568604,"{'V3': 1.0, 'V4': 1.0, 'V5': 1.0}","[0.07049938056533397, 0.8427273686824991]",3.4811623096466064,"{'V3': 0.1712355, 'V4': 1.0, 'V5': 1.0}","[0.13513521713536802, 0.9182600610796868]",10.369896411895752,,"[0.5265670423151302, 0.6940805096889046]",3.147072553634644,,"[0.13100312475136522, 0.9080837826905132]",7.957482576370239,
1,2,8,5,2,2000,V2,V0,PN,"[0.6492434886144022, 0.9709498108769083]",21.24792623519897,"[0.6026775343045854, 0.9754127053193025]",3.253664255142212,"[0.6665671239030829, 1.0]","[0.664363362496207, 0.8604401176388169]","[0.6665671239030829, 1.0]",4.257280826568604,"{'V3': 1.0, 'V4': 1.0, 'V5': 1.0}","[0.6126091888043106, 0.9835515203033727]",3.4811623096466064,"{'V3': 0.1712355, 'V4': 1.0, 'V5': 1.0}","[0.5018169192743815, 0.9724521820001202]",10.369896411895752,,"[0.6482868250198316, 0.7784961396283487]",3.147072553634644,,"[0.5421484693365022, 0.9870037106554701]",7.957482576370239,
1,2,8,5,2,3000,V1,V0,PS,"[0.01163104397467018, 0.12855194237459003]",31.760278701782227,"[0.013389936901600858, 0.11873983203854134]",4.829008340835571,"[0.0, 0.1115960259152624]","[0.24212557827662493, 0.36094591989216007]","[0.0, 0.1115960259152624]",5.973990440368652,"{'V3': 1.0, 'V4': 1.0, 'V5': 1.0}","[0.008275462107730018, 0.10907958444917933]",5.417532920837402,"{'V3': 0.174416, 'V4': 1.0, 'V5': 1.0}","[0.015354226822064594, 0.13251047497634486]",15.79586386680603,,"[0.24512082321261416, 0.33964166726145967]",4.818455934524536,,"[0.017078858553659343, 0.1248816538328831]",12.162659883499146,
1,2,8,5,2,3000,V2,V0,PS,"[0.08329375016992481, 0.16324962584702704]",31.760278701782227,"[0.07279051081233934, 0.16626717230652377]",4.829008340835571,"[0.09333558650521, 0.1400242873646147]","[0.3005429525486274, 0.45880990130623994]","[0.09333558650521, 0.1400242873646147]",5.973990440368652,"{'V3': 1.0, 'V4': 1.0, 'V5': 1.0}","[0.07682650171848888, 0.16396874286846366]",5.417532920837402,"{'V3': 0.174416, 'V4': 1.0, 'V5': 1.0}","[0.07093425717796911, 0.18462306149457638]",15.79586386680603,,"[0.285696627426366, 0.3784142064944023]",4.818455934524536,,"[0.06949259281676685, 0.1817884215376882]",12.162659883499146,
1,2,8,5,2,3000,V1,V0,PN,"[0.09851072777582144, 0.9511741792797314]",31.760278701782227,"[0.11438280276595808, 0.9287842844369234]",4.829008340835571,"[0.0, 1.0]","[0.48649346510620417, 0.694690779539131]","[0.0, 1.0]",5.973990440368652,"{'V3': 1.0, 'V4': 1.0, 'V5': 1.0}","[0.07049938056533397, 0.8427273686824991]",5.417532920837402,"{'V3': 0.174416, 'V4': 1.0, 'V5': 1.0}","[0.1255349439149222, 0.9200338498981991]",15.79586386680603,,"[0.5265670423151302, 0.6940805096889046]",4.818455934524536,,"[0.13100312475136522, 0.9135028604870312]",12.162659883499146,
1,2,8,5,2,3000,V2,V0,PN,"[0.6516031941311295, 0.9831940707286011]",31.760278701782227,"[0.6089211150577826, 0.9754127053193025]",4.829008340835571,"[0.6665671239030829, 1.0]","[0.664363362496207, 0.8604401176388169]","[0.6665671239030829, 1.0]",5.973990440368652,"{'V3': 1.0, 'V4': 1.0, 'V5': 1.0}","[0.6164965909434469, 0.9835515203033727]",5.417532920837402,"{'V3': 0.174416, 'V4': 1.0, 'V5': 1.0}","[0.5018169192743815, 0.9804923159334782]",15.79586386680603,,"[0.6482868250198316, 0.7862476436460362]",4.818455934524536,,"[0.5421484693365022, 0.9870037106554701]",12.162659883499146,
1,2,8,5,2,4000,V1,V0,PS,"[0.01163104397467018, 0.13208234285495146]",42.29424715042114,"[0.013389936901600858, 0.10968737037753808]",6.404129505157471,"[0.0, 0.1115960259152624]","[0.24212557827662493, 0.36094591989216007]","[0.0, 0.1115960259152624]",7.62875509262085,"{'V3': 1.0, 'V4': 1.0, 'V5': 1.0}","[0.008275462107730018, 0.11033699198146876]",7.090899467468262,"{'V3': 0.1720465, 'V4': 1.0, 'V5': 1.0}","[0.015354226822064594, 0.13251047497634486]",20.927605867385864,,"[0.24512082321261416, 0.33964166726145967]",6.325434923171997,,"[0.010486426049928409, 0.1283466037692008]",16.23287343978882,
1,2,8,5,2,4000,V2,V0,PS,"[0.08384208435236591, 0.1644912944651107]",42.29424715042114,"[0.07185645894553214, 0.16269172796999679]",6.404129505157471,"[0.09333558650521, 0.1400242873646147]","[0.3005429525486274, 0.45880990130623994]","[0.09333558650521, 0.1400242873646147]",7.62875509262085,"{'V3': 1.0, 'V4': 1.0, 'V5': 1.0}","[0.07585030718012252, 0.16379952372624001]",7.090899467468262,"{'V3': 0.1720465, 'V4': 1.0, 'V5': 1.0}","[0.07093425717796911, 0.18462306149457638]",20.927605867385864,,"[0.2759875127961906, 0.3795216300749303]",6.325434923171997,,"[0.06949259281676685, 0.1901619461671622]",16.23287343978882,
1,2,8,5,2,4000,V1,V0,PN,"[0.09851072777582144, 0.9511741792797314]",42.29424715042114,"[0.11438280276595808, 0.8558763590452987]",6.404129505157471,"[0.0, 1.0]","[0.48649346510620417, 0.694690779539131]","[0.0, 1.0]",7.62875509262085,"{'V3': 1.0, 'V4': 1.0, 'V5': 1.0}","[0.07049938056533397, 0.8427273686824991]",7.090899467468262,"{'V3': 0.1720465, 'V4': 1.0, 'V5': 1.0}","[0.1255349439149222, 0.9250200300511223]",20.927605867385864,,"[0.5265670423151302, 0.6946314080211807]",6.325434923171997,,"[0.08455483790550802, 0.9135028604870312]",16.23287343978882,
1,2,8,5,2,4000,V2,V0,PN,"[0.6484832190656324, 0.9833431318168222]",42.29424715042114,"[0.5937038419765863, 0.9754127053193025]",6.404129505157471,"[0.6665671239030829, 1.0]","[0.664363362496207, 0.8604401176388169]","[0.6665671239030829, 1.0]",7.62875509262085,"{'V3': 1.0, 'V4': 1.0, 'V5': 1.0}","[0.6090189930738181, 0.9835515203033727]",7.090899467468262,"{'V3': 0.1720465, 'V4': 1.0, 'V5': 1.0}","[0.5018169192743815, 0.9804923159334782]",20.927605867385864,,"[0.6322905035879761, 0.7885854676406133]",6.325434923171997,,"[0.5312763335151091, 0.9870037106554701]",16.23287343978882,
1,2,8,5,2,5000,V1,V0,PS,"[0.010977428132847692, 0.13218515450476032]",52.826404333114624,"[0.013389936901600858, 0.12166946818420028]",8.903685092926025,"[0.0, 0.1115960259152624]","[0.24212557827662493, 0.36094591989216007]","[0.0, 0.1115960259152624]",9.35851788520813,"{'V3': 1.0, 'V4': 1.0, 'V5': 1.0}","[0.008275462107730018, 0.11061600770689474]",8.836429119110107,"{'V3': 0.1697744, 'V4': 1.0, 'V5': 1.0}","[0.011706842577526485, 0.13251047497634486]",26.285935878753666,,"[0.24512082321261416, 0.33964166726145967]",8.126881122589111,,"[0.010486426049928409, 0.1283466037692008]",20.58029580116272,
1,2,8,5,2,5000,V2,V0,PS,"[0.0814301985804666, 0.1644912944651107]",52.826404333114624,"[0.07298030313781143, 0.16626717230652377]",8.903685092926025,"[0.09333558650521, 0.1400242873646147]","[0.3005429525486274, 0.4785285438817317]","[0.09333558650521, 0.1400242873646147]",9.35851788520813,"{'V3': 1.0, 'V4': 1.0, 'V5': 1.0}","[0.07568055761460271, 0.16466188412513347]",8.836429119110107,"{'V3': 0.1697744, 'V4': 1.0, 'V5': 1.0}","[0.06901740406782737, 0.18462306149457638]",26.285935878753666,,"[0.2759875127961906, 0.3795216300749303]",8.126881122589111,,"[0.06949259281676685, 0.1901619461671622]",20.58029580116272,
1,2,8,5,2,5000,V1,V0,PN,"[0.09565671472600115, 0.9283065868745081]",52.826404333114624,"[0.11438280276595808, 0.9504736358142932]",8.903685092926025,"[0.0, 1.0]","[0.48463610242766875, 0.694690779539131]","[0.0, 1.0]",9.35851788520813,"{'V3': 1.0, 'V4': 1.0, 'V5': 1.0}","[0.07049938056533397, 0.8427273686824991]",8.836429119110107,"{'V3': 0.1697744, 'V4': 1.0, 'V5': 1.0}","[0.11636873066288894, 0.9250200300511223]",26.285935878753666,,"[0.5265670423151302, 0.6946314080211807]",8.126881122589111,,"[0.08455483790550802, 0.9155592564029899]",20.58029580116272,
1,2,8,5,2,5000,V2,V0,PN,"[0.6369011898672475, 0.9833431318168222]",52.826404333114624,"[0.6111901135303398, 0.9828210055344139]",8.903685092926025,"[0.6665671239030829, 1.0]","[0.6616162400570957, 0.8604401176388169]","[0.6665671239030829, 1.0]",9.35851788520813,"{'V3': 1.0, 'V4': 1.0, 'V5': 1.0}","[0.6037607975700225, 0.9835515203033727]",8.836429119110107,"{'V3': 0.1697744, 'V4': 1.0, 'V5': 1.0}","[0.5018169192743815, 0.9804923159334782]",26.285935878753666,,"[0.6322905035879761, 0.7885854676406133]",8.126881122589111,,"[0.5312763335151091, 0.988258173388864]",20.58029580116272,
1,2,8,5,2,6000,V1,V0,PS,"[0.010977428132847692, 0.12669791213076334]",64.33940029144287,"[0.012678800692462107, 0.12276179074635755]",10.484979629516602,"[0.0, 0.1115960259152624]","[0.23832196227226968, 0.3722754455259126]","[0.0, 0.1115960259152624]",11.02520513534546,"{'V3': 1.0, 'V4': 1.0, 'V5': 1.0}","[0.008275462107730018, 0.11042182096543224]",10.511424541473389,"{'V3': 0.1702275, 'V4': 1.0, 'V5': 1.0}","[0.011706842577526485, 0.13251047497634486]",31.387946844100952,,"[0.24512082321261416, 0.33964166726145967]",9.628592014312744,,"[0.010486426049928409, 0.1286075904550337]",24.610732316970825,
1,2,8,5,2,6000,V2,V0,PS,"[0.08125681168043206, 0.16541422712393702]",64.33940029144287,"[0.07384065320716339, 0.1650875297765636]",10.484979629516602,"[0.09333558650521, 0.1400242873646147]","[0.3005429525486274, 0.4785285438817317]","[0.09333558650521, 0.1400242873646147]",11.02520513534546,"{'V3': 1.0, 'V4': 1.0, 'V5': 1.0}","[0.07543666715436213, 0.16540608495626413]",10.511424541473389,"{'V3': 0.1702275, 'V4': 1.0, 'V5': 1.0}","[0.06675226464360164, 0.18462306149457638]",31.387946844100952,,"[0.2759875127961906, 0.3795216300749303]",9.628592014312744,,"[0.0682814546588545, 0.1901619461671622]",24.610732316970825,
1,2,8,5,2,6000,V1,V0,PN,"[0.09565671472600115, 0.9283065868745081]",64.33940029144287,"[0.11438280276595808, 0.9504736358142932]",10.484979629516602,"[0.0, 1.0]","[0.48463610242766875, 0.694690779539131]","[0.0, 1.0]",11.02520513534546,"{'V3': 1.0, 'V4': 1.0, 'V5': 1.0}","[0.07049938056533397, 0.8427273686824991]",10.511424541473389,"{'V3': 0.1702275, 'V4': 1.0, 'V5': 1.0}","[0.11636873066288894, 0.9250200300511223]",31.387946844100952,,"[0.5265670423151302, 0.7056348735316594]",9.628592014312744,,"[0.08455483790550802, 0.9155592564029899]",24.610732316970825,
1,2,8,5,2,6000,V2,V0,PN,"[0.6369011898672475, 0.9833431318168222]",64.33940029144287,"[0.6115261356709464, 0.9828210055344139]",10.484979629516602,"[0.6665671239030829, 1.0]","[0.6616162400570957, 0.8604401176388169]","[0.6665671239030829, 1.0]",11.02520513534546,"{'V3': 1.0, 'V4': 1.0, 'V5': 1.0}","[0.6018946818486676, 0.9835515203033727]",10.511424541473389,"{'V3': 0.1702275, 'V4': 1.0, 'V5': 1.0}","[0.5018169192743815, 0.9804923159334782]",31.387946844100952,,"[0.6322905035879761, 0.7885854676406133]",9.628592014312744,,"[0.5312763335151091, 0.988258173388864]",24.610732316970825,
1,2,8,5,2,7000,V1,V0,PS,"[0.010977428132847692, 0.13452281400894597]",74.86049795150757,"[0.01215706657705595, 0.123604780376276]",12.059871912002563,"[0.0, 0.1115960259152624]","[0.23832196227226968, 0.3722754455259126]","[0.0, 0.1115960259152624]",12.711377382278442,"{'V3': 1.0, 'V4': 1.0, 'V5': 1.0}","[0.008275462107730018, 0.11325585163857041]",12.183463335037231,"{'V3': 0.17024185714285714, 'V4': 1.0, 'V5': 1.0}","[0.011706842577526485, 0.13251047497634486]",36.51587414741516,,"[0.24512082321261416, 0.34326580020448355]",11.213991403579712,,"[0.010486426049928409, 0.1286075904550337]",28.715057373046875,
1,2,8,5,2,7000,V2,V0,PS,"[0.08125681168043206, 0.16642714703026645]",74.86049795150757,"[0.07364314909197364, 0.16641095288682248]",12.059871912002563,"[0.09333558650521, 0.1400242873646147]","[0.3005429525486274, 0.4785285438817317]","[0.09333558650521, 0.1400242873646147]",12.711377382278442,"{'V3': 1.0, 'V4': 1.0, 'V5': 1.0}","[0.07506137260058655, 0.16531140383989607]",12.183463335037231,"{'V3': 0.17024185714285714, 'V4': 1.0, 'V5': 1.0}","[0.06675226464360164, 0.1861568863005155]",36.51587414741516,,"[0.2759875127961906, 0.3795216300749303]",11.213991403579712,,"[0.0682814546588545, 0.1901619461671622]",28.715057373046875,
1,2,8,5,2,7000,V1,V0,PN,"[0.09565671472600115, 0.9426618326034407]",74.86049795150757,"[0.091945286844823, 0.9504736358142932]",12.059871912002563,"[0.0, 1.0]","[0.48463610242766875, 0.694690779539131]","[0.0, 1.0]",12.711377382278442,"{'V3': 1.0, 'V4': 1.0, 'V5': 1.0}","[0.07049938056533397, 0.8858626044540918]",12.183463335037231,"{'V3': 0.17024185714285714, 'V4': 1.0, 'V5': 1.0}","[0.11636873066288894, 0.9250200300511223]",36.51587414741516,,"[0.5265670423151302, 0.7056348735316594]",11.213991403579712,,"[0.08455483790550802, 0.9155592564029899]",28.715057373046875,
1,2,8,5,2,7000,V2,V0,PN,"[0.6362775324083935, 0.9833431318168222]",74.86049795150757,"[0.6070014180407154, 0.9881934736616218]",12.059871912002563,"[0.6665671239030829, 1.0]","[0.6616162400570957, 0.8604401176388169]","[0.6665671239030829, 1.0]",12.711377382278442,"{'V3': 1.0, 'V4': 1.0, 'V5': 1.0}","[0.5981441539182243, 0.9835515203033727]",12.183463335037231,"{'V3': 0.17024185714285714, 'V4': 1.0, 'V5': 1.0}","[0.5018169192743815, 0.9842294342161639]",36.51587414741516,,"[0.6322905035879761, 0.7885854676406133]",11.213991403579712,,"[0.5091562042896142, 0.988258173388864]",28.715057373046875,
1,2,8,5,2,8000,V1,V0,PS,"[0.010449872400865722, 0.13218515450476032]",85.40335774421692,"[0.008762220129679643, 0.123604780376276]",13.636646509170532,"[0.0, 0.1115960259152624]","[0.23832196227226968, 0.3722754455259126]","[0.0, 0.1115960259152624]",14.37632441520691,"{'V3': 1.0, 'V4': 1.0, 'V5': 1.0}","[0.008275462107730018, 0.11147867773069037]",13.906216382980348,"{'V3': 0.16913, 'V4': 1.0, 'V5': 1.0}","[0.011706842577526485, 0.1441351290199551]",42.028634548187256,,"[0.24512082321261416, 0.34326580020448355]",12.736109256744385,,"[0.008849396921139159, 0.13874828989470522]",32.72305655479431,
1,2,8,5,2,8000,V2,V0,PS,"[0.08097393994980322, 0.16725086136925169]",85.40335774421692,"[0.07343733626058034, 0.16574731341775237]",13.636646509170532,"[0.09333558650521, 0.1400242873646147]","[0.3005429525486274, 0.4785285438817317]","[0.09333558650521, 0.1400242873646147]",14.37632441520691,"{'V3': 1.0, 'V4': 1.0, 'V5': 1.0}","[0.07543666715436213, 0.16448211249882963]",13.906216382980348,"{'V3': 0.16913, 'V4': 1.0, 'V5': 1.0}","[0.06675226464360164, 0.1861568863005155]",42.028634548187256,,"[0.2759875127961906, 0.3795216300749303]",12.736109256744385,,"[0.0682814546588545, 0.1901619461671622]",32.72305655479431,
1,2,8,5,2,8000,V1,V0,PN,"[0.08742713020083423, 0.9426618326034407]",85.40335774421692,"[0.07755762255432379, 0.9504736358142932]",13.636646509170532,"[0.0, 1.0]","[0.48463610242766875, 0.694690779539131]","[0.0, 1.0]",14.37632441520691,"{'V3': 1.0, 'V4': 1.0, 'V5': 1.0}","[0.07049938056533397, 0.8742298009174385]",13.906216382980348,"{'V3': 0.16913, 'V4': 1.0, 'V5': 1.0}","[0.11636873066288894, 0.9663236022876626]",42.028634548187256,,"[0.5265670423151302, 0.7056348735316594]",12.736109256744385,,"[0.07245145082551867, 0.9194905054050424]",32.72305655479431,
1,2,8,5,2,8000,V2,V0,PN,"[0.6362775324083935, 0.9833431318168222]",85.40335774421692,"[0.6040403511816037, 0.9881934736616218]",13.636646509170532,"[0.6665671239030829, 1.0]","[0.6616162400570957, 0.8604401176388169]","[0.6665671239030829, 1.0]",14.37632441520691,"{'V3': 1.0, 'V4': 1.0, 'V5': 1.0}","[0.5981441539182243, 0.9835515203033727]",13.906216382980348,"{'V3': 0.16913, 'V4': 1.0, 'V5': 1.0}","[0.5018169192743815, 0.9875896708788372]",42.028634548187256,,"[0.6322905035879761, 0.7885854676406133]",12.736109256744385,,"[0.48513927638153176, 0.988258173388864]",32.72305655479431,
1,2,8,5,2,9000,V1,V0,PS,"[0.010449872400865722, 0.13218515450476032]",95.9471869468689,"[0.008762220129679643, 0.123604780376276]",15.21803379058838,"[0.0, 0.1115960259152624]","[0.23832196227226968, 0.3722754455259126]","[0.0, 0.1115960259152624]",16.036954879760742,"{'V3': 1.0, 'V4': 1.0, 'V5': 1.0}","[0.008275462107730018, 0.11224491533699262]",15.5949547290802,"{'V3': 0.1679118888888889, 'V4': 1.0, 'V5': 1.0}","[0.011706842577526485, 0.1441351290199551]",47.33453869819641,,"[0.24512082321261416, 0.34437879076206457]",14.859186887741089,,"[0.008429265664155862, 0.13874828989470522]",37.275208473205566,
1,2,8,5,2,9000,V2,V0,PS,"[0.08097393994980322, 0.1666992964968871]",95.9471869468689,"[0.0749576138882013, 0.16441794778620394]",15.21803379058838,"[0.09333558650521, 0.1400242873646147]","[0.3005429525486274, 0.4785285438817317]","[0.09333558650521, 0.1400242873646147]",16.036954879760742,"{'V3': 1.0, 'V4': 1.0, 'V5': 1.0}","[0.07568055761460271, 0.16448211249882963]",15.5949547290802,"{'V3': 0.1679118888888889, 'V4': 1.0, 'V5': 1.0}","[0.06675226464360164, 0.1861568863005155]",47.33453869819641,,"[0.2759875127961906, 0.3795216300749303]",14.859186887741089,,"[0.0682814546588545, 0.1901619461671622]",37.275208473205566,
1,2,8,5,2,9000,V1,V0,PN,"[0.08742713020083423, 0.9426618326034407]",95.9471869468689,"[0.07755762255432379, 0.9504736358142932]",15.21803379058838,"[0.0, 1.0]","[0.48463610242766875, 0.694690779539131]","[0.0, 1.0]",16.036954879760742,"{'V3': 1.0, 'V4': 1.0, 'V5': 1.0}","[0.07049938056533397, 0.8858626044540918]",15.5949547290802,"{'V3': 0.1679118888888889, 'V4': 1.0, 'V5': 1.0}","[0.11517172380991256, 0.9663236022876626]",47.33453869819641,,"[0.5222415385956753, 0.7056348735316594]",14.859186887741089,,"[0.0692538499346258, 0.9194905054050424]",37.275208473205566,
1,2,8,5,2,9000,V2,V0,PN,"[0.6383264107381322, 0.9833431318168222]",95.9471869468689,"[0.6111239926063159, 0.9881934736616218]",15.21803379058838,"[0.6665671239030829, 1.0]","[0.6616162400570957, 0.8604401176388169]","[0.6665671239030829, 1.0]",16.036954879760742,"{'V3': 1.0, 'V4': 1.0, 'V5': 1.0}","[0.5981441539182243, 0.9835515203033727]",15.5949547290802,"{'V3': 0.1679118888888889, 'V4': 1.0, 'V5': 1.0}","[0.5018169192743815, 0.9875896708788372]",47.33453869819641,,"[0.6322905035879761, 0.7905127970800924]",14.859186887741089,,"[0.48513927638153176, 0.988258173388864]",37.275208473205566,
1,2,8,5,2,10000,V1,V0,PS,"[0.010449872400865722, 0.13218515450476032]",106.54272985458374,"[0.006857503760882716, 0.12739315558026032]",16.796497344970703,"[0.0, 0.1115960259152624]","[0.23832196227226968, 0.3722754455259126]","[0.0, 0.1115960259152624]",17.705302715301514,"{'V3': 1.0, 'V4': 1.0, 'V5': 1.0}","[0.008275462107730018, 0.11194129983947369]",17.239270210266113,"{'V3': 0.1697625, 'V4': 1.0, 'V5': 1.0}","[0.011706842577526485, 0.1441351290199551]",52.34508490562439,,"[0.2433712585616041, 0.34466213494783854]",16.347618341445923,,"[0.008429265664155862, 0.13874828989470522]",41.10891389846802,
1,2,8,5,2,10000,V2,V0,PS,"[0.08097393994980322, 0.1666992964968871]",106.54272985458374,"[0.0760615068436128, 0.1658934723812754]",16.796497344970703,"[0.09333558650521, 0.1400242873646147]","[0.3005429525486274, 0.4785285438817317]","[0.09333558650521, 0.1400242873646147]",17.705302715301514,"{'V3': 1.0, 'V4': 1.0, 'V5': 1.0}","[0.07629689530468009, 0.16466188412513347]",17.239270210266113,"{'V3': 0.1697625, 'V4': 1.0, 'V5': 1.0}","[0.06675226464360164, 0.1861568863005155]",52.34508490562439,,"[0.2759875127961906, 0.3797373426698209]",16.347618341445923,,"[0.06654505461589919, 0.1901619461671622]",41.10891389846802,
1,2,8,5,2,10000,V1,V0,PN,"[0.08742713020083423, 0.9499034491572161]",106.54272985458374,"[0.06098560131028271, 0.9659816538155681]",16.796497344970703,"[0.0, 1.0]","[0.48463610242766875, 0.694690779539131]","[0.0, 1.0]",17.705302715301514,"{'V3': 1.0, 'V4': 1.0, 'V5': 1.0}","[0.07049938056533397, 0.8788638059903255]",17.239270210266113,"{'V3': 0.1697625, 'V4': 1.0, 'V5': 1.0}","[0.11517172380991256, 0.9663236022876626]",52.34508490562439,,"[0.5222415385956753, 0.7056348735316594]",16.347618341445923,,"[0.0692538499346258, 0.9194905054050424]",41.10891389846802,
1,2,8,5,2,10000,V2,V0,PN,"[0.6390344705870842, 0.9833431318168222]",106.54272985458374,"[0.6109098779213413, 0.9881934736616218]",16.796497344970703,"[0.6665671239030829, 1.0]","[0.6616162400570957, 0.8604401176388169]","[0.6665671239030829, 1.0]",17.705302715301514,"{'V3': 1.0, 'V4': 1.0, 'V5': 1.0}","[0.6031890998973409, 0.9835515203033727]",17.239270210266113,"{'V3': 0.1697625, 'V4': 1.0, 'V5': 1.0}","[0.5018169192743815, 0.9875896708788372]",52.34508490562439,,"[0.6322905035879761, 0.7905127970800924]",16.347618341445923,,"[0.48513927638153176, 0.988258173388864]",41.10891389846802,
1,2,4,5,2,1000,V1,V0,PS,"[0.05773448414651033, 0.7452438462674789]",10.223933458328249,"[0.10555458206768785, 0.8104494766354007]",1.640302658081055,"[0.0, 0.1121654501216544]","[0.6118700270243074, 0.7361830921201031]","[0.0, 0.1121654501216544]",1.6545462608337402,"{'V3': 1.0, 'V4': 1.0, 'V5': 1.0}","[0.10281687928368798, 0.741154152753668]",1.7017219066619873,"{'V3': 0.061146, 'V4': 1.0, 'V5': 1.0}","[0.08522342426732486, 0.8002299229352666]",5.1522204875946045,,"[0.5900354549793414, 0.6954178257424719]",2.289926290512085,,"[0.04060895328888256, 0.7960992367454927]",4.737381458282471,
1,2,4,5,2,1000,V2,V0,PS,"[0.9657507863072989, 0.9962490363288645]",10.223933458328249,"[0.967234394242601, 0.9970288761992138]",1.640302658081055,"[0.9815708329276576, 0.9861409491301047]","[0.7283378832490767, 0.8404789795794555]","[0.9815708329276576, 0.9861409491301047]",1.6545462608337402,"{'V3': 1.0, 'V4': 1.0, 'V5': 1.0}","[0.9655081158823048, 0.9965472764949895]",1.7017219066619873,"{'V3': 0.061146, 'V4': 1.0, 'V5': 1.0}","[0.9597675844970254, 0.9955619848754194]",5.1522204875946045,,"[0.7566057005503604, 0.8396755392511381]",2.289926290512085,,"[0.9559192225704783, 0.9987822660301701]",4.737381458282471,
1,2,4,5,2,1000,V1,V0,PN,"[0.004064146598680824, 0.04128672075009535]",10.223933458328249,"[0.004010487281543542, 0.037447737233615115]",1.640302658081055,"[0.0, 0.0019149509122838]","[0.34199850060072007, 0.4780376943206177]","[0.0, 0.0019149509122838]",1.6545462608337402,"{'V3': 1.0, 'V4': 1.0, 'V5': 1.0}","[0.004514939145281596, 0.04670788095434607]",1.7017219066619873,"{'V3': 0.061146, 'V4': 1.0, 'V5': 1.0}","[0.0038053196581346043, 0.05748243029402458]",5.1522204875946045,,"[0.3471753526894069, 0.46244360872578816]",2.289926290512085,,"[0.001715054995937977, 0.06225378837304801]",4.737381458282471,
1,2,4,5,2,1000,V2,V0,PN,"[0.7171333373469907, 0.8006831314375468]",10.223933458328249,"[0.7151017995526958, 0.7954153781720449]",1.640302658081055,"[0.7581951095503383, 0.7617252060431584]","[0.5522189669937698, 0.674184931713609]","[0.7581951095503383, 0.7617252060431584]",1.6545462608337402,"{'V3': 1.0, 'V4': 1.0, 'V5': 1.0}","[0.7197680408394305, 0.7992096316910648]",1.7017219066619873,"{'V3': 0.061146, 'V4': 1.0, 'V5': 1.0}","[0.695527655859531, 0.806990420920078]",5.1522204875946045,,"[0.5975547864858987, 0.6796914423839017]",2.289926290512085,,"[0.7105879079815625, 0.8078521375865575]",4.737381458282471,
1,2,4,5,2,2000,V1,V0,PS,"[0.05773448414651033, 0.8181809945002397]",20.365408182144165,"[0.10555458206768785, 0.8104494766354007]",3.176906108856201,"[0.0, 0.1121654501216544]","[0.6118700270243074, 0.7395855401143012]","[0.0, 0.1121654501216544]",4.164303779602051,"{'V3': 1.0, 'V4': 1.0, 'V5': 1.0}","[0.10281687928368798, 0.8250729634378101]",3.334744691848755,"{'V3': 0.0486205, 'V4': 1.0, 'V5': 1.0}","[0.08522342426732486, 0.8656674158977018]",10.239811897277832,,"[0.5900354549793414, 0.6966047813408891]",3.679910182952881,,"[0.04060895328888256, 0.8692085144317102]",8.675008058547974,
1,2,4,5,2,2000,V2,V0,PS,"[0.9656474967254429, 0.9977704029678086]",20.365408182144165,"[0.9677117372194364, 0.9975610368543241]",3.176906108856201,"[0.9815708329276576, 0.9861409491301047]","[0.7227196991475724, 0.8404789795794555]","[0.9815708329276576, 0.9861409491301047]",4.164303779602051,"{'V3': 1.0, 'V4': 1.0, 'V5': 1.0}","[0.9652486024594025, 0.9977569245604642]",3.334744691848755,"{'V3': 0.0486205, 'V4': 1.0, 'V5': 1.0}","[0.9527654723772624, 0.9962888980491272]",10.239811897277832,,"[0.7566057005503604, 0.8396755392511381]",3.679910182952881,,"[0.951558052158499, 0.9987822660301701]",8.675008058547974,
1,2,4,5,2,2000,V1,V0,PN,"[0.002614273729669565, 0.04294934329869372]",20.365408182144165,"[0.003169129088515682, 0.03816822872314918]",3.176906108856201,"[0.0, 0.0019149509122838]","[0.34083394131406153, 0.4780376943206177]","[0.0, 0.0019149509122838]",4.164303779602051,"{'V3': 1.0, 'V4': 1.0, 'V5': 1.0}","[0.003484601170758362, 0.04127165983920324]",3.334744691848755,"{'V3': 0.0486205, 'V4': 1.0, 'V5': 1.0}","[0.002006434069953796, 0.05853707837567739]",10.239811897277832,,"[0.3471753526894069, 0.46244360872578816]",3.679910182952881,,"[0.001715054995937977, 0.06225378837304801]",8.675008058547974,
1,2,4,5,2,2000,V2,V0,PN,"[0.7149963265849153, 0.7987747317589472]",20.365408182144165,"[0.7147646326184174, 0.7929955042143358]",3.176906108856201,"[0.7581951095503383, 0.7617252060431584]","[0.5519925036297093, 0.690912614510105]","[0.7581951095503383, 0.7617252060431584]",4.164303779602051,"{'V3': 1.0, 'V4': 1.0, 'V5': 1.0}","[0.7168616253276664, 0.7965602221178587]",3.334744691848755,"{'V3': 0.0486205, 'V4': 1.0, 'V5': 1.0}","[0.695527655859531, 0.806990420920078]",10.239811897277832,,"[0.5923101138450175, 0.6836231330022705]",3.679910182952881,,"[0.6841511572824824, 0.8078521375865575]",8.675008058547974,
1,2,4,5,2,3000,V1,V0,PS,"[0.05901565711272678, 0.8181809945002397]",30.42260479927063,"[0.10029452533459708, 0.7963718590614132]",4.711671590805054,"[0.0, 0.1121654501216544]","[0.6112554132762346, 0.7516656938488443]","[0.0, 0.1121654501216544]",5.829114198684692,"{'V3': 1.0, 'V4': 1.0, 'V5': 1.0}","[0.06014786903325654, 0.8074490090555534]",5.162415981292725,"{'V3': 0.04546566666666667, 'V4': 1.0, 'V5': 1.0}","[0.06363005116281022, 0.8656674158977018]",15.798917770385742,,"[0.5900354549793414, 0.6988425261145637]",5.223131895065308,,"[0.04060895328888256, 0.8723673343755158]",12.674054861068726,
1,2,4,5,2,3000,V2,V0,PS,"[0.966199860638441, 0.9977704029678086]",30.42260479927063,"[0.9660833961452684, 0.9975610368543241]",4.711671590805054,"[0.9815708329276576, 0.9861409491301047]","[0.715277473941895, 0.8404789795794555]","[0.9815708329276576, 0.9861409491301047]",5.829114198684692,"{'V3': 1.0, 'V4': 1.0, 'V5': 1.0}","[0.9651689159809889, 0.9977569245604642]",5.162415981292725,"{'V3': 0.04546566666666667, 'V4': 1.0, 'V5': 1.0}","[0.9527654723772624, 0.9973971026329727]",15.798917770385742,,"[0.7513201050123417, 0.8396755392511381]",5.223131895065308,,"[0.951558052158499, 0.9987822660301701]",12.674054861068726,
1,2,4,5,2,3000,V1,V0,PN,"[0.002614273729669565, 0.041894544285633925]",30.42260479927063,"[0.003169129088515682, 0.040883811856863336]",4.711671590805054,"[0.0, 0.0019149509122838]","[0.33544381062922324, 0.49090159896907093]","[0.0, 0.0019149509122838]",5.829114198684692,"{'V3': 1.0, 'V4': 1.0, 'V5': 1.0}","[0.002745116756738097, 0.038355372946911735]",5.162415981292725,"{'V3': 0.04546566666666667, 'V4': 1.0, 'V5': 1.0}","[0.002006434069953796, 0.05853707837567739]",15.798917770385742,,"[0.3471753526894069, 0.46400576360179063]",5.223131895065308,,"[0.001715054995937977, 0.06225378837304801]",12.674054861068726,
1,2,4,5,2,3000,V2,V0,PN,"[0.7149963265849153, 0.7946871040785498]",30.42260479927063,"[0.7157161982242327, 0.7963816325296899]",4.711671590805054,"[0.7581951095503383, 0.7617252060431584]","[0.5445687528930401, 0.690912614510105]","[0.7581951095503383, 0.7617252060431584]",5.829114198684692,"{'V3': 1.0, 'V4': 1.0, 'V5': 1.0}","[0.7168616253276664, 0.7965602221178587]",5.162415981292725,"{'V3': 0.04546566666666667, 'V4': 1.0, 'V5': 1.0}","[0.695527655859531, 0.8103368698165891]",15.798917770385742,,"[0.5923101138450175, 0.6837261033634747]",5.223131895065308,,"[0.6841511572824824, 0.8078521375865575]",12.674054861068726,
1,2,4,5,2,4000,V1,V0,PS,"[0.05804126535375742, 0.8181809945002397]",40.49510312080383,"[0.09445913498331537, 0.7963718590614132]",6.243366003036499,"[0.0, 0.1121654501216544]","[0.5939897256801282, 0.7516656938488443]","[0.0, 0.1121654501216544]",7.44158935546875,"{'V3': 1.0, 'V4': 1.0, 'V5': 1.0}","[0.06014786903325654, 0.7987099828669985]",6.849485635757446,"{'V3': 0.04397825, 'V4': 1.0, 'V5': 1.0}","[0.06363005116281022, 0.8695002393827763]",20.923470973968502,,"[0.5858610367628544, 0.6988425261145637]",6.607515573501587,,"[0.04060895328888256, 0.8723673343755158]",16.527344703674316,
1,2,4,5,2,4000,V2,V0,PS,"[0.9650988200684358, 0.9977704029678086]",40.49510312080383,"[0.9662783582056044, 0.9976343505991941]",6.243366003036499,"[0.9815708329276576, 0.9861409491301047]","[0.715277473941895, 0.8404789795794555]","[0.9815708329276576, 0.9861409491301047]",7.44158935546875,"{'V3': 1.0, 'V4': 1.0, 'V5': 1.0}","[0.9654507246144283, 0.9977569245604642]",6.849485635757446,"{'V3': 0.04397825, 'V4': 1.0, 'V5': 1.0}","[0.9527654723772624, 0.9979667296384511]",20.923470973968502,,"[0.7513201050123417, 0.8396755392511381]",6.607515573501587,,"[0.951558052158499, 0.9987822660301701]",16.527344703674316,
1,2,4,5,2,4000,V1,V0,PN,"[0.002265019277734111, 0.04204647201093623]",40.49510312080383,"[0.003169129088515682, 0.04163273023533344]",6.243366003036499,"[0.0, 0.0019149509122838]","[0.3342713647570688, 0.49090159896907093]","[0.0, 0.0019149509122838]",7.44158935546875,"{'V3': 1.0, 'V4': 1.0, 'V5': 1.0}","[0.002745116756738097, 0.03880390129909279]",6.849485635757446,"{'V3': 0.04397825, 'V4': 1.0, 'V5': 1.0}","[0.002006434069953796, 0.05853707837567739]",20.923470973968502,,"[0.3471753526894069, 0.4648591358023114]",6.607515573501587,,"[0.001715054995937977, 0.06225378837304801]",16.527344703674316,
1,2,4,5,2,4000,V2,V0,PN,"[0.7151399643371695, 0.7955934625841744]",40.49510312080383,"[0.7158781229143151, 0.7991118121598774]",6.243366003036499,"[0.7581951095503383, 0.7617252060431584]","[0.5445687528930401, 0.690912614510105]","[0.7581951095503383, 0.7617252060431584]",7.44158935546875,"{'V3': 1.0, 'V4': 1.0, 'V5': 1.0}","[0.7163462026188542, 0.7946461111632944]",6.849485635757446,"{'V3': 0.04397825, 'V4': 1.0, 'V5': 1.0}","[0.695527655859531, 0.815760364876143]",20.923470973968502,,"[0.5923101138450175, 0.6966874297585792]",6.607515573501587,,"[0.6841511572824824, 0.809447684428993]",16.527344703674316,
1,2,4,5,2,5000,V1,V0,PS,"[0.05804126535375742, 0.8181809945002397]",50.59714221954346,"[0.07225386011094231, 0.8114805364360589]",7.775539398193359,"[0.0, 0.1121654501216544]","[0.5939897256801282, 0.7516656938488443]","[0.0, 0.1121654501216544]",9.084327459335327,"{'V3': 1.0, 'V4': 1.0, 'V5': 1.0}","[0.06014786903325654, 0.7987099828669985]",8.818355560302734,"{'V3': 0.043646, 'V4': 1.0, 'V5': 1.0}","[0.03711782141032233, 0.8695002393827763]",26.495855808258057,,"[0.5858610367628544, 0.6988425261145637]",7.994877815246582,,"[0.04060895328888256, 0.8723673343755158]",20.451700687408447,
1,2,4,5,2,5000,V2,V0,PS,"[0.9647318581000073, 0.9977704029678086]",50.59714221954346,"[0.9655339348871432, 0.9980982028689682]",7.775539398193359,"[0.9815708329276576, 0.9861409491301047]","[0.7115383481390775, 0.8404789795794555]","[0.9815708329276576, 0.9861409491301047]",9.084327459335327,"{'V3': 1.0, 'V4': 1.0, 'V5': 1.0}","[0.9657712558879059, 0.9977569245604642]",8.818355560302734,"{'V3': 0.043646, 'V4': 1.0, 'V5': 1.0}","[0.9527654723772624, 0.9979667296384511]",26.495855808258057,,"[0.7513201050123417, 0.8396755392511381]",7.994877815246582,,"[0.951558052158499, 0.9987822660301701]",20.451700687408447,
1,2,4,5,2,5000,V1,V0,PN,"[0.002265019277734111, 0.04182706977193274]",50.59714221954346,"[0.003169129088515682, 0.042538313893567686]",7.775539398193359,"[0.0, 0.0019149509122838]","[0.3342713647570688, 0.49090159896907093]","[0.0, 0.0019149509122838]",9.084327459335327,"{'V3': 1.0, 'V4': 1.0, 'V5': 1.0}","[0.0022123823110117864, 0.039291521558744616]",8.818355560302734,"{'V3': 0.043646, 'V4': 1.0, 'V5': 1.0}","[0.002006434069953796, 0.05853707837567739]",26.495855808258057,,"[0.3471753526894069, 0.4648591358023114]",7.994877815246582,,"[0.001715054995937977, 0.06225378837304801]",20.451700687408447,
1,2,4,5,2,5000,V2,V0,PN,"[0.7158155823827976, 0.7958828328632082]",50.59714221954346,"[0.7171835687392942, 0.7991118121598774]",7.775539398193359,"[0.7581951095503383, 0.7617252060431584]","[0.5445687528930401, 0.690912614510105]","[0.7581951095503383, 0.7617252060431584]",9.084327459335327,"{'V3': 1.0, 'V4': 1.0, 'V5': 1.0}","[0.7163462026188542, 0.7960782697739762]",8.818355560302734,"{'V3': 0.043646, 'V4': 1.0, 'V5': 1.0}","[0.695527655859531, 0.815760364876143]",26.495855808258057,,"[0.5923101138450175, 0.6966874297585792]",7.994877815246582,,"[0.6841511572824824, 0.809447684428993]",20.451700687408447,
1,2,4,5,2,6000,V1,V0,PS,"[0.05218307642044018, 0.8287148097331036]",60.66811108589173,"[0.07225386011094231, 0.8023966578610173]",9.306687116622925,"[0.0, 0.1121654501216544]","[0.5939897256801282, 0.7516656938488443]","[0.0, 0.1121654501216544]",10.761202812194824,"{'V3': 1.0, 'V4': 1.0, 'V5': 1.0}","[0.06014786903325654, 0.8153797722157737]",10.473000049591064,"{'V3': 0.043639833333333336, 'V4': 1.0, 'V5': 1.0}","[0.03711782141032233, 0.8695002393827763]",31.601354122161865,,"[0.5858610367628544, 0.7106688586249634]",9.475016593933104,,"[0.04060895328888256, 0.8723673343755158]",24.38719892501831,
1,2,4,5,2,6000,V2,V0,PS,"[0.9651202461770366, 0.9987384677820302]",60.66811108589173,"[0.9657217822010518, 0.9980982028689682]",9.306687116622925,"[0.9815708329276576, 0.9861409491301047]","[0.7115383481390775, 0.8404789795794555]","[0.9815708329276576, 0.9861409491301047]",10.761202812194824,"{'V3': 1.0, 'V4': 1.0, 'V5': 1.0}","[0.9662803752330864, 0.9977569245604642]",10.473000049591064,"{'V3': 0.043639833333333336, 'V4': 1.0, 'V5': 1.0}","[0.9527654723772624, 0.9979667296384511]",31.601354122161865,,"[0.7513201050123417, 0.8396755392511381]",9.475016593933104,,"[0.951558052158499, 0.9987822660301701]",24.38719892501831,
1,2,4,5,2,6000,V1,V0,PN,"[0.002265019277734111, 0.041471889151956355]",60.66811108589173,"[0.003169129088515682, 0.04104656253717964]",9.306687116622925,"[0.0, 0.0019149509122838]","[0.3342713647570688, 0.49090159896907093]","[0.0, 0.0019149509122838]",10.761202812194824,"{'V3': 1.0, 'V4': 1.0, 'V5': 1.0}","[0.0022123823110117864, 0.03985653490553735]",10.473000049591064,"{'V3': 0.043639833333333336, 'V4': 1.0, 'V5': 1.0}","[0.002006434069953796, 0.05853707837567739]",31.601354122161865,,"[0.3471753526894069, 0.4648591358023114]",9.475016593933104,,"[0.001715054995937977, 0.06225378837304801]",24.38719892501831,
1,2,4,5,2,6000,V2,V0,PN,"[0.7158155823827976, 0.7964319775371492]",60.66811108589173,"[0.7171835687392942, 0.7997987288863165]",9.306687116622925,"[0.7581951095503383, 0.7617252060431584]","[0.5445687528930401, 0.690912614510105]","[0.7581951095503383, 0.7617252060431584]",10.761202812194824,"{'V3': 1.0, 'V4': 1.0, 'V5': 1.0}","[0.7163462026188542, 0.7970160385363058]",10.473000049591064,"{'V3': 0.043639833333333336, 'V4': 1.0, 'V5': 1.0}","[0.695527655859531, 0.815760364876143]",31.601354122161865,,"[0.5923101138450175, 0.6966874297585792]",9.475016593933104,,"[0.6841511572824824, 0.809447684428993]",24.38719892501831,
1,2,4,5,2,7000,V1,V0,PS,"[0.05218307642044018, 0.814638087126196]",70.73523736000061,"[0.07225386011094231, 0.8099325452055046]",10.882887840270996,"[0.0, 0.1121654501216544]","[0.5939897256801282, 0.7516656938488443]","[0.0, 0.1121654501216544]",12.40545392036438,"{'V3': 1.0, 'V4': 1.0, 'V5': 1.0}","[0.06014786903325654, 0.7987099828669985]",12.124403953552246,"{'V3': 0.043551571428571426, 'V4': 1.0, 'V5': 1.0}","[0.03711782141032233, 0.8695002393827763]",36.88041281700134,,"[0.5858610367628544, 0.7106688586249634]",10.88434600830078,,"[0.04060895328888256, 0.8723673343755158]",28.414347887039185,
1,2,4,5,2,7000,V2,V0,PS,"[0.9652520758673455, 0.9987384677820302]",70.73523736000061,"[0.9658149471365766, 0.9980982028689682]",10.882887840270996,"[0.9815708329276576, 0.9861409491301047]","[0.7115383481390775, 0.8404789795794555]","[0.9815708329276576, 0.9861409491301047]",12.40545392036438,"{'V3': 1.0, 'V4': 1.0, 'V5': 1.0}","[0.9661920656389522, 0.9977569245604642]",12.124403953552246,"{'V3': 0.043551571428571426, 'V4': 1.0, 'V5': 1.0}","[0.9527654723772624, 0.9979667296384511]",36.88041281700134,,"[0.7505902189683534, 0.8396755392511381]",10.88434600830078,,"[0.951558052158499, 0.9987822660301701]",28.414347887039185,
1,2,4,5,2,7000,V1,V0,PN,"[0.0016789993958825405, 0.04034701446702558]",70.73523736000061,"[0.003292248817722656, 0.04144201573234475]",10.882887840270996,"[0.0, 0.0019149509122838]","[0.3342713647570688, 0.4966536085173374]","[0.0, 0.0019149509122838]",12.40545392036438,"{'V3': 1.0, 'V4': 1.0, 'V5': 1.0}","[0.0022123823110117864, 0.03985653490553735]",12.124403953552246,"{'V3': 0.043551571428571426, 'V4': 1.0, 'V5': 1.0}","[0.002006434069953796, 0.05853707837567739]",36.88041281700134,,"[0.3471753526894069, 0.4648591358023114]",10.88434600830078,,"[0.001715054995937977, 0.06291988576134426]",28.414347887039185,
1,2,4,5,2,7000,V2,V0,PN,"[0.7164932900901578, 0.7975460514616525]",70.73523736000061,"[0.7164844157037404, 0.8001499464199231]",10.882887840270996,"[0.7581951095503383, 0.7617252060431584]","[0.5445687528930401, 0.690912614510105]","[0.7581951095503383, 0.7617252060431584]",12.40545392036438,"{'V3': 1.0, 'V4': 1.0, 'V5': 1.0}","[0.7163462026188542, 0.7976824221600034]",12.124403953552246,"{'V3': 0.043551571428571426, 'V4': 1.0, 'V5': 1.0}","[0.695527655859531, 0.815760364876143]",36.88041281700134,,"[0.5923101138450175, 0.6966874297585792]",10.88434600830078,,"[0.6841511572824824, 0.8100050106542381]",28.414347887039185,
1,2,4,5,2,8000,V1,V0,PS,"[0.05218307642044018, 0.8171296094303567]",80.80151224136353,"[0.07225386011094231, 0.8199853594949364]",12.434590816497805,"[0.0, 0.1121654501216544]","[0.5939897256801282, 0.7516656938488443]","[0.0, 0.1121654501216544]",14.01320219039917,"{'V3': 1.0, 'V4': 1.0, 'V5': 1.0}","[0.06014786903325654, 0.7987099828669985]",13.818914651870728,"{'V3': 0.042760125, 'V4': 1.0, 'V5': 1.0}","[0.03711782141032233, 0.8695002393827763]",42.1705219745636,,"[0.5858610367628544, 0.7106688586249634]",12.28073239326477,,"[0.04060895328888256, 0.8723673343755158]",32.301265716552734,
1,2,4,5,2,8000,V2,V0,PS,"[0.9648584369100361, 0.9987384677820302]",80.80151224136353,"[0.9651473687340462, 0.9980982028689682]",12.434590816497805,"[0.9815708329276576, 0.9861409491301047]","[0.7115383481390775, 0.8404789795794555]","[0.9815708329276576, 0.9861409491301047]",14.01320219039917,"{'V3': 1.0, 'V4': 1.0, 'V5': 1.0}","[0.9660578772781168, 0.9977569245604642]",13.818914651870728,"{'V3': 0.042760125, 'V4': 1.0, 'V5': 1.0}","[0.9480855623935993, 0.9979667296384511]",42.1705219745636,,"[0.7505902189683534, 0.8396755392511381]",12.28073239326477,,"[0.951558052158499, 0.9987822660301701]",32.301265716552734,
1,2,4,5,2,8000,V1,V0,PN,"[0.0016789993958825405, 0.04034701446702558]",80.80151224136353,"[0.002293987602095155, 0.0419698504814738]",12.434590816497805,"[0.0, 0.0019149509122838]","[0.3342713647570688, 0.4966536085173374]","[0.0, 0.0019149509122838]",14.01320219039917,"{'V3': 1.0, 'V4': 1.0, 'V5': 1.0}","[0.0022123823110117864, 0.03950932143057015]",13.818914651870728,"{'V3': 0.042760125, 'V4': 1.0, 'V5': 1.0}","[0.002006434069953796, 0.05853707837567739]",42.1705219745636,,"[0.3471753526894069, 0.4727052300744931]",12.28073239326477,,"[0.001715054995937977, 0.0672104805727951]",32.301265716552734,
1,2,4,5,2,8000,V2,V0,PN,"[0.7163194113511817, 0.7978245895825468]",80.80151224136353,"[0.7162864604566208, 0.8001499464199231]",12.434590816497805,"[0.7581951095503383, 0.7617252060431584]","[0.5445687528930401, 0.690912614510105]","[0.7581951095503383, 0.7617252060431584]",14.01320219039917,"{'V3': 1.0, 'V4': 1.0, 'V5': 1.0}","[0.7153671720052478, 0.7978166314060506]",13.818914651870728,"{'V3': 0.042760125, 'V4': 1.0, 'V5': 1.0}","[0.695527655859531, 0.815760364876143]",42.1705219745636,,"[0.5923101138450175, 0.6966874297585792]",12.28073239326477,,"[0.6841511572824824, 0.8100666352284811]",32.301265716552734,
1,2,4,5,2,9000,V1,V0,PS,"[0.05218307642044018, 0.8171296094303567]",90.83719968795776,"[0.07225386011094231, 0.8114805364360589]",13.969881772994995,"[0.0, 0.1121654501216544]","[0.5939897256801282, 0.7516656938488443]","[0.0, 0.1121654501216544]",15.650455474853516,"{'V3': 1.0, 'V4': 1.0, 'V5': 1.0}","[0.06014786903325654, 0.8065063935570969]",15.490833282470703,"{'V3': 0.04251922222222222, 'V4': 1.0, 'V5': 1.0}","[0.03711782141032233, 0.8695002393827763]",47.273866176605225,,"[0.5858610367628544, 0.7106688586249634]",13.676072597503662,,"[0.04060895328888256, 0.8723673343755158]",36.15662097930908,
1,2,4,5,2,9000,V2,V0,PS,"[0.9648065859859043, 0.9987384677820302]",90.83719968795776,"[0.9650585214094399, 0.9980982028689682]",13.969881772994995,"[0.9815708329276576, 0.9861409491301047]","[0.7115383481390775, 0.8404789795794555]","[0.9815708329276576, 0.9861409491301047]",15.650455474853516,"{'V3': 1.0, 'V4': 1.0, 'V5': 1.0}","[0.9659384683759739, 0.9977569245604642]",15.490833282470703,"{'V3': 0.04251922222222222, 'V4': 1.0, 'V5': 1.0}","[0.9480855623935993, 0.9979667296384511]",47.273866176605225,,"[0.7505902189683534, 0.8396755392511381]",13.676072597503662,,"[0.951558052158499, 0.9995073803097576]",36.15662097930908,
1,2,4,5,2,9000,V1,V0,PN,"[0.0016789993958825405, 0.040895119233971086]",90.83719968795776,"[0.002293987602095155, 0.0419698504814738]",13.969881772994995,"[0.0, 0.0019149509122838]","[0.3342713647570688, 0.4966536085173374]","[0.0, 0.0019149509122838]",15.650455474853516,"{'V3': 1.0, 'V4': 1.0, 'V5': 1.0}","[0.0022123823110117864, 0.039945634655950454]",15.490833282470703,"{'V3': 0.04251922222222222, 'V4': 1.0, 'V5': 1.0}","[0.002006434069953796, 0.05853707837567739]",47.273866176605225,,"[0.3471753526894069, 0.4727052300744931]",13.676072597503662,,"[0.001715054995937977, 0.0672104805727951]",36.15662097930908,
1,2,4,5,2,9000,V2,V0,PN,"[0.7162638715257891, 0.7984696449034622]",90.83719968795776,"[0.7164844157037404, 0.8000834009726815]",13.969881772994995,"[0.7581951095503383, 0.7617252060431584]","[0.5445687528930401, 0.690912614510105]","[0.7581951095503383, 0.7617252060431584]",15.650455474853516,"{'V3': 1.0, 'V4': 1.0, 'V5': 1.0}","[0.7150999872335012, 0.7979195945858257]",15.490833282470703,"{'V3': 0.04251922222222222, 'V4': 1.0, 'V5': 1.0}","[0.695527655859531, 0.815760364876143]",47.273866176605225,,"[0.5923101138450175, 0.6966874297585792]",13.676072597503662,,"[0.6841511572824824, 0.8100666352284811]",36.15662097930908,
1,2,4,5,2,10000,V1,V0,PS,"[0.05218307642044018, 0.8171296094303567]",102.24108123779295,"[0.07225386011094231, 0.8099325452055046]",16.74328088760376,"[0.0, 0.1121654501216544]","[0.5939897256801282, 0.7516656938488443]","[0.0, 0.1121654501216544]",17.261987686157227,"{'V3': 1.0, 'V4': 1.0, 'V5': 1.0}","[0.06014786903325654, 0.7987099828669985]",17.126813650131226,"{'V3': 0.0421039, 'V4': 1.0, 'V5': 1.0}","[0.03711782141032233, 0.8695002393827763]",52.32594156265259,,"[0.5858610367628544, 0.7106688586249634]",15.1398823261261,,"[0.04060895328888256, 0.8723673343755158]",40.19814705848694,
1,2,4,5,2,10000,V2,V0,PS,"[0.9649878602895435, 0.9987384677820302]",102.24108123779295,"[0.9648195971494595, 0.9980982028689682]",16.74328088760376,"[0.9815708329276576, 0.9861409491301047]","[0.7101834799553516, 0.8404789795794555]","[0.9815708329276576, 0.9861409491301047]",17.261987686157227,"{'V3': 1.0, 'V4': 1.0, 'V5': 1.0}","[0.9659384683759739, 0.9977569245604642]",17.126813650131226,"{'V3': 0.0421039, 'V4': 1.0, 'V5': 1.0}","[0.9480855623935993, 0.9983067639918884]",52.32594156265259,,"[0.7505902189683534, 0.8396755392511381]",15.1398823261261,,"[0.951558052158499, 0.9995073803097576]",40.19814705848694,
1,2,4,5,2,10000,V1,V0,PN,"[0.0016789993958825405, 0.04082887935996751]",102.24108123779295,"[0.002293987602095155, 0.04279083470724293]",16.74328088760376,"[0.0, 0.0019149509122838]","[0.3342713647570688, 0.4966536085173374]","[0.0, 0.0019149509122838]",17.261987686157227,"{'V3': 1.0, 'V4': 1.0, 'V5': 1.0}","[0.0022123823110117864, 0.03979034324778027]",17.126813650131226,"{'V3': 0.0421039, 'V4': 1.0, 'V5': 1.0}","[0.002006434069953796, 0.05853707837567739]",52.32594156265259,,"[0.3471753526894069, 0.4727052300744931]",15.1398823261261,,"[0.001715054995937977, 0.0672104805727951]",40.19814705848694,
1,2,4,5,2,10000,V2,V0,PN,"[0.7162638715257891, 0.7988006637573878]",102.24108123779295,"[0.7171957607080427, 0.8008582785423106]",16.74328088760376,"[0.7581951095503383, 0.7617252060431584]","[0.5445687528930401, 0.690912614510105]","[0.7581951095503383, 0.7617252060431584]",17.261987686157227,"{'V3': 1.0, 'V4': 1.0, 'V5': 1.0}","[0.7151273770384884, 0.7978166314060506]",17.126813650131226,"{'V3': 0.0421039, 'V4': 1.0, 'V5': 1.0}","[0.695527655859531, 0.815760364876143]",52.32594156265259,,"[0.5923101138450175, 0.6966874297585792]",15.1398823261261,,"[0.6841511572824824, 0.8100666352284811]",40.19814705848694,
