Unique_Query_ID,Model_Index,nparents,nzr,zdr,cardinality,Iteration,cause,effect,query,Method,Estimate,exact_result,Time,Acceptance_Rate
M0_PS_V1_V0,0,2,6,10,2,1000,V1,V0,PS,Metropolis_Hastings_AlwaysTrue,"[0.3799652312831138, 0.5370390087656866]","[0.2736590312739113, 0.8578002237121861]",1.7171528339385986,"{'V3': 1.0, 'V4': 1.0, 'V5': 1.0}"
M0_PS_V2_V0,0,2,6,10,2,1000,V2,V0,PS,Metropolis_Hastings_AlwaysTrue,"[0.6058109727853472, 0.7218103555811086]","[0.4315392596872229, 0.7418362160518728]",1.7171528339385986,"{'V3': 1.0, 'V4': 1.0, 'V5': 1.0}"
M0_PN_V1_V0,0,2,6,10,2,1000,V1,V0,PN,Metropolis_Hastings_AlwaysTrue,"[0.1796961190943447, 0.27941688762981737]","[0.0692730168265684, 0.2171403189378801]",1.7171528339385986,"{'V3': 1.0, 'V4': 1.0, 'V5': 1.0}"
M0_PN_V2_V0,0,2,6,10,2,1000,V2,V0,PN,Metropolis_Hastings_AlwaysTrue,"[0.4421391302501192, 0.5643154632002556]","[0.1477152150064806, 0.253929378831302]",1.7171528339385986,"{'V3': 1.0, 'V4': 1.0, 'V5': 1.0}"
M0_PS_V1_V0,0,2,6,10,2,2000,V1,V0,PS,Metropolis_Hastings_AlwaysTrue,"[0.3799652312831138, 0.5370390087656866]","[0.2736590312739113, 0.8578002237121861]",3.25581955909729,"{'V3': 1.0, 'V4': 1.0, 'V5': 1.0}"
M0_PS_V2_V0,0,2,6,10,2,2000,V2,V0,PS,Metropolis_Hastings_AlwaysTrue,"[0.5994019862249121, 0.7260693054179282]","[0.4315392596872229, 0.7418362160518728]",3.25581955909729,"{'V3': 1.0, 'V4': 1.0, 'V5': 1.0}"
M0_PN_V1_V0,0,2,6,10,2,2000,V1,V0,PN,Metropolis_Hastings_AlwaysTrue,"[0.1774687469329511, 0.28199727276727915]","[0.0692730168265684, 0.2171403189378801]",3.25581955909729,"{'V3': 1.0, 'V4': 1.0, 'V5': 1.0}"
M0_PN_V2_V0,0,2,6,10,2,2000,V2,V0,PN,Metropolis_Hastings_AlwaysTrue,"[0.4421391302501192, 0.5643154632002556]","[0.1477152150064806, 0.253929378831302]",3.25581955909729,"{'V3': 1.0, 'V4': 1.0, 'V5': 1.0}"
M0_PS_V1_V0,0,2,6,10,2,3000,V1,V0,PS,Metropolis_Hastings_AlwaysTrue,"[0.37632738006826133, 0.546984433850411]","[0.2736590312739113, 0.8578002237121861]",4.99847674369812,"{'V3': 1.0, 'V4': 1.0, 'V5': 1.0}"
M0_PS_V2_V0,0,2,6,10,2,3000,V2,V0,PS,Metropolis_Hastings_AlwaysTrue,"[0.5994019862249121, 0.7260693054179282]","[0.4315392596872229, 0.7418362160518728]",4.99847674369812,"{'V3': 1.0, 'V4': 1.0, 'V5': 1.0}"
M0_PN_V1_V0,0,2,6,10,2,3000,V1,V0,PN,Metropolis_Hastings_AlwaysTrue,"[0.1774687469329511, 0.2905682199288628]","[0.0692730168265684, 0.2171403189378801]",4.99847674369812,"{'V3': 1.0, 'V4': 1.0, 'V5': 1.0}"
M0_PN_V2_V0,0,2,6,10,2,3000,V2,V0,PN,Metropolis_Hastings_AlwaysTrue,"[0.4421391302501192, 0.5643154632002556]","[0.1477152150064806, 0.253929378831302]",4.99847674369812,"{'V3': 1.0, 'V4': 1.0, 'V5': 1.0}"
M0_PS_V1_V0,0,2,6,10,2,4000,V1,V0,PS,Metropolis_Hastings_AlwaysTrue,"[0.37632738006826133, 0.546984433850411]","[0.2736590312739113, 0.8578002237121861]",6.557491302490234,"{'V3': 1.0, 'V4': 1.0, 'V5': 1.0}"
M0_PS_V2_V0,0,2,6,10,2,4000,V2,V0,PS,Metropolis_Hastings_AlwaysTrue,"[0.5964672532821059, 0.7375012682845692]","[0.4315392596872229, 0.7418362160518728]",6.557491302490234,"{'V3': 1.0, 'V4': 1.0, 'V5': 1.0}"
M0_PN_V1_V0,0,2,6,10,2,4000,V1,V0,PN,Metropolis_Hastings_AlwaysTrue,"[0.1774687469329511, 0.2905682199288628]","[0.0692730168265684, 0.2171403189378801]",6.557491302490234,"{'V3': 1.0, 'V4': 1.0, 'V5': 1.0}"
M0_PN_V2_V0,0,2,6,10,2,4000,V2,V0,PN,Metropolis_Hastings_AlwaysTrue,"[0.4421391302501192, 0.5689921846991759]","[0.1477152150064806, 0.253929378831302]",6.557491302490234,"{'V3': 1.0, 'V4': 1.0, 'V5': 1.0}"
M0_PS_V1_V0,0,2,6,10,2,5000,V1,V0,PS,Metropolis_Hastings_AlwaysTrue,"[0.37632738006826133, 0.546984433850411]","[0.2736590312739113, 0.8578002237121861]",8.115289449691772,"{'V3': 1.0, 'V4': 1.0, 'V5': 1.0}"
M0_PS_V2_V0,0,2,6,10,2,5000,V2,V0,PS,Metropolis_Hastings_AlwaysTrue,"[0.5964672532821059, 0.7375012682845692]","[0.4315392596872229, 0.7418362160518728]",8.115289449691772,"{'V3': 1.0, 'V4': 1.0, 'V5': 1.0}"
M0_PN_V1_V0,0,2,6,10,2,5000,V1,V0,PN,Metropolis_Hastings_AlwaysTrue,"[0.1774687469329511, 0.2905682199288628]","[0.0692730168265684, 0.2171403189378801]",8.115289449691772,"{'V3': 1.0, 'V4': 1.0, 'V5': 1.0}"
M0_PN_V2_V0,0,2,6,10,2,5000,V2,V0,PN,Metropolis_Hastings_AlwaysTrue,"[0.4421391302501192, 0.5689921846991759]","[0.1477152150064806, 0.253929378831302]",8.115289449691772,"{'V3': 1.0, 'V4': 1.0, 'V5': 1.0}"
M0_PS_V1_V0,0,2,6,10,2,6000,V1,V0,PS,Metropolis_Hastings_AlwaysTrue,"[0.3585850276678381, 0.546984433850411]","[0.2736590312739113, 0.8578002237121861]",9.657126665115356,"{'V3': 1.0, 'V4': 1.0, 'V5': 1.0}"
M0_PS_V2_V0,0,2,6,10,2,6000,V2,V0,PS,Metropolis_Hastings_AlwaysTrue,"[0.5964672532821059, 0.7375012682845692]","[0.4315392596872229, 0.7418362160518728]",9.657126665115356,"{'V3': 1.0, 'V4': 1.0, 'V5': 1.0}"
M0_PN_V1_V0,0,2,6,10,2,6000,V1,V0,PN,Metropolis_Hastings_AlwaysTrue,"[0.1774687469329511, 0.2905682199288628]","[0.0692730168265684, 0.2171403189378801]",9.657126665115356,"{'V3': 1.0, 'V4': 1.0, 'V5': 1.0}"
M0_PN_V2_V0,0,2,6,10,2,6000,V2,V0,PN,Metropolis_Hastings_AlwaysTrue,"[0.4421391302501192, 0.5689921846991759]","[0.1477152150064806, 0.253929378831302]",9.657126665115356,"{'V3': 1.0, 'V4': 1.0, 'V5': 1.0}"
M0_PS_V1_V0,0,2,6,10,2,7000,V1,V0,PS,Metropolis_Hastings_AlwaysTrue,"[0.3585850276678381, 0.546984433850411]","[0.2736590312739113, 0.8578002237121861]",11.235511302947998,"{'V3': 1.0, 'V4': 1.0, 'V5': 1.0}"
M0_PS_V2_V0,0,2,6,10,2,7000,V2,V0,PS,Metropolis_Hastings_AlwaysTrue,"[0.5964672532821059, 0.7375012682845692]","[0.4315392596872229, 0.7418362160518728]",11.235511302947998,"{'V3': 1.0, 'V4': 1.0, 'V5': 1.0}"
M0_PN_V1_V0,0,2,6,10,2,7000,V1,V0,PN,Metropolis_Hastings_AlwaysTrue,"[0.1774687469329511, 0.2905682199288628]","[0.0692730168265684, 0.2171403189378801]",11.235511302947998,"{'V3': 1.0, 'V4': 1.0, 'V5': 1.0}"
M0_PN_V2_V0,0,2,6,10,2,7000,V2,V0,PN,Metropolis_Hastings_AlwaysTrue,"[0.43961860474350023, 0.5774392102919209]","[0.1477152150064806, 0.253929378831302]",11.235511302947998,"{'V3': 1.0, 'V4': 1.0, 'V5': 1.0}"
M0_PS_V1_V0,0,2,6,10,2,8000,V1,V0,PS,Metropolis_Hastings_AlwaysTrue,"[0.3585850276678381, 0.546984433850411]","[0.2736590312739113, 0.8578002237121861]",13.293428421020508,"{'V3': 1.0, 'V4': 1.0, 'V5': 1.0}"
M0_PS_V2_V0,0,2,6,10,2,8000,V2,V0,PS,Metropolis_Hastings_AlwaysTrue,"[0.5964672532821059, 0.7375012682845692]","[0.4315392596872229, 0.7418362160518728]",13.293428421020508,"{'V3': 1.0, 'V4': 1.0, 'V5': 1.0}"
M0_PN_V1_V0,0,2,6,10,2,8000,V1,V0,PN,Metropolis_Hastings_AlwaysTrue,"[0.1757551521500469, 0.297775413175595]","[0.0692730168265684, 0.2171403189378801]",13.293428421020508,"{'V3': 1.0, 'V4': 1.0, 'V5': 1.0}"
M0_PN_V2_V0,0,2,6,10,2,8000,V2,V0,PN,Metropolis_Hastings_AlwaysTrue,"[0.43961860474350023, 0.5774392102919209]","[0.1477152150064806, 0.253929378831302]",13.293428421020508,"{'V3': 1.0, 'V4': 1.0, 'V5': 1.0}"
M0_PS_V1_V0,0,2,6,10,2,9000,V1,V0,PS,Metropolis_Hastings_AlwaysTrue,"[0.3585850276678381, 0.546984433850411]","[0.2736590312739113, 0.8578002237121861]",14.843905687332152,"{'V3': 1.0, 'V4': 1.0, 'V5': 1.0}"
M0_PS_V2_V0,0,2,6,10,2,9000,V2,V0,PS,Metropolis_Hastings_AlwaysTrue,"[0.5964672532821059, 0.7375012682845692]","[0.4315392596872229, 0.7418362160518728]",14.843905687332152,"{'V3': 1.0, 'V4': 1.0, 'V5': 1.0}"
M0_PN_V1_V0,0,2,6,10,2,9000,V1,V0,PN,Metropolis_Hastings_AlwaysTrue,"[0.1757551521500469, 0.297775413175595]","[0.0692730168265684, 0.2171403189378801]",14.843905687332152,"{'V3': 1.0, 'V4': 1.0, 'V5': 1.0}"
M0_PN_V2_V0,0,2,6,10,2,9000,V2,V0,PN,Metropolis_Hastings_AlwaysTrue,"[0.43961860474350023, 0.5774392102919209]","[0.1477152150064806, 0.253929378831302]",14.843905687332152,"{'V3': 1.0, 'V4': 1.0, 'V5': 1.0}"
M0_PS_V1_V0,0,2,6,10,2,10000,V1,V0,PS,Metropolis_Hastings_AlwaysTrue,"[0.3585850276678381, 0.546984433850411]","[0.2736590312739113, 0.8578002237121861]",16.43122148513794,"{'V3': 1.0, 'V4': 1.0, 'V5': 1.0}"
M0_PS_V2_V0,0,2,6,10,2,10000,V2,V0,PS,Metropolis_Hastings_AlwaysTrue,"[0.5964672532821059, 0.7375012682845692]","[0.4315392596872229, 0.7418362160518728]",16.43122148513794,"{'V3': 1.0, 'V4': 1.0, 'V5': 1.0}"
M0_PN_V1_V0,0,2,6,10,2,10000,V1,V0,PN,Metropolis_Hastings_AlwaysTrue,"[0.1757551521500469, 0.297775413175595]","[0.0692730168265684, 0.2171403189378801]",16.43122148513794,"{'V3': 1.0, 'V4': 1.0, 'V5': 1.0}"
M0_PN_V2_V0,0,2,6,10,2,10000,V2,V0,PN,Metropolis_Hastings_AlwaysTrue,"[0.43961860474350023, 0.5774392102919209]","[0.1477152150064806, 0.253929378831302]",16.43122148513794,"{'V3': 1.0, 'V4': 1.0, 'V5': 1.0}"
M0_PS_V1_V0,0,2,8,10,2,1000,V1,V0,PS,Metropolis_Hastings_AlwaysTrue,"[0.4259844119805282, 0.6043194987282674]","[0.3408877774546624, 1.0]",1.7966537475585938,"{'V3': 1.0, 'V4': 1.0, 'V5': 1.0}"
M0_PS_V2_V0,0,2,8,10,2,1000,V2,V0,PS,Metropolis_Hastings_AlwaysTrue,"[0.5378878760496972, 0.6508867530696193]","[0.3884680984577254, 0.8019097709840313]",1.7966537475585938,"{'V3': 1.0, 'V4': 1.0, 'V5': 1.0}"
M0_PN_V1_V0,0,2,8,10,2,1000,V1,V0,PN,Metropolis_Hastings_AlwaysTrue,"[0.2899212973748276, 0.43706562234334667]","[0.1076331415104109, 0.3157436218866075]",1.7966537475585938,"{'V3': 1.0, 'V4': 1.0, 'V5': 1.0}"
M0_PN_V2_V0,0,2,8,10,2,1000,V2,V0,PN,Metropolis_Hastings_AlwaysTrue,"[0.4406556491047299, 0.5527797822359539]","[0.1450958357819677, 0.2995194944053209]",1.7966537475585938,"{'V3': 1.0, 'V4': 1.0, 'V5': 1.0}"
M0_PS_V1_V0,0,2,8,10,2,2000,V1,V0,PS,Metropolis_Hastings_AlwaysTrue,"[0.4259844119805282, 0.6110260671408538]","[0.3408877774546624, 1.0]",3.4018592834472656,"{'V3': 1.0, 'V4': 1.0, 'V5': 1.0}"
M0_PS_V2_V0,0,2,8,10,2,2000,V2,V0,PS,Metropolis_Hastings_AlwaysTrue,"[0.5344263860586438, 0.6581881011627734]","[0.3884680984577254, 0.8019097709840313]",3.4018592834472656,"{'V3': 1.0, 'V4': 1.0, 'V5': 1.0}"
M0_PN_V1_V0,0,2,8,10,2,2000,V1,V0,PN,Metropolis_Hastings_AlwaysTrue,"[0.28595663026856644, 0.43706562234334667]","[0.1076331415104109, 0.3157436218866075]",3.4018592834472656,"{'V3': 1.0, 'V4': 1.0, 'V5': 1.0}"
M0_PN_V2_V0,0,2,8,10,2,2000,V2,V0,PN,Metropolis_Hastings_AlwaysTrue,"[0.42863049085268845, 0.5717076794806162]","[0.1450958357819677, 0.2995194944053209]",3.4018592834472656,"{'V3': 1.0, 'V4': 1.0, 'V5': 1.0}"
M0_PS_V1_V0,0,2,8,10,2,3000,V1,V0,PS,Metropolis_Hastings_AlwaysTrue,"[0.4259844119805282, 0.6110260671408538]","[0.3408877774546624, 1.0]",5.175969362258911,"{'V3': 1.0, 'V4': 1.0, 'V5': 1.0}"
M0_PS_V2_V0,0,2,8,10,2,3000,V2,V0,PS,Metropolis_Hastings_AlwaysTrue,"[0.5344263860586438, 0.6581881011627734]","[0.3884680984577254, 0.8019097709840313]",5.175969362258911,"{'V3': 1.0, 'V4': 1.0, 'V5': 1.0}"
M0_PN_V1_V0,0,2,8,10,2,3000,V1,V0,PN,Metropolis_Hastings_AlwaysTrue,"[0.28570729507659803, 0.43706562234334667]","[0.1076331415104109, 0.3157436218866075]",5.175969362258911,"{'V3': 1.0, 'V4': 1.0, 'V5': 1.0}"
M0_PN_V2_V0,0,2,8,10,2,3000,V2,V0,PN,Metropolis_Hastings_AlwaysTrue,"[0.42863049085268845, 0.5717076794806162]","[0.1450958357819677, 0.2995194944053209]",5.175969362258911,"{'V3': 1.0, 'V4': 1.0, 'V5': 1.0}"
M0_PS_V1_V0,0,2,8,10,2,4000,V1,V0,PS,Metropolis_Hastings_AlwaysTrue,"[0.4259844119805282, 0.6110260671408538]","[0.3408877774546624, 1.0]",6.800740718841553,"{'V3': 1.0, 'V4': 1.0, 'V5': 1.0}"
M0_PS_V2_V0,0,2,8,10,2,4000,V2,V0,PS,Metropolis_Hastings_AlwaysTrue,"[0.5323828539544465, 0.6581881011627734]","[0.3884680984577254, 0.8019097709840313]",6.800740718841553,"{'V3': 1.0, 'V4': 1.0, 'V5': 1.0}"
M0_PN_V1_V0,0,2,8,10,2,4000,V1,V0,PN,Metropolis_Hastings_AlwaysTrue,"[0.27878386582365294, 0.43706562234334667]","[0.1076331415104109, 0.3157436218866075]",6.800740718841553,"{'V3': 1.0, 'V4': 1.0, 'V5': 1.0}"
M0_PN_V2_V0,0,2,8,10,2,4000,V2,V0,PN,Metropolis_Hastings_AlwaysTrue,"[0.42863049085268845, 0.5717076794806162]","[0.1450958357819677, 0.2995194944053209]",6.800740718841553,"{'V3': 1.0, 'V4': 1.0, 'V5': 1.0}"
M0_PS_V1_V0,0,2,8,10,2,5000,V1,V0,PS,Metropolis_Hastings_AlwaysTrue,"[0.4259844119805282, 0.6110260671408538]","[0.3408877774546624, 1.0]",8.434391260147095,"{'V3': 1.0, 'V4': 1.0, 'V5': 1.0}"
M0_PS_V2_V0,0,2,8,10,2,5000,V2,V0,PS,Metropolis_Hastings_AlwaysTrue,"[0.5323828539544465, 0.6581881011627734]","[0.3884680984577254, 0.8019097709840313]",8.434391260147095,"{'V3': 1.0, 'V4': 1.0, 'V5': 1.0}"
M0_PN_V1_V0,0,2,8,10,2,5000,V1,V0,PN,Metropolis_Hastings_AlwaysTrue,"[0.267418466940167, 0.43706562234334667]","[0.1076331415104109, 0.3157436218866075]",8.434391260147095,"{'V3': 1.0, 'V4': 1.0, 'V5': 1.0}"
M0_PN_V2_V0,0,2,8,10,2,5000,V2,V0,PN,Metropolis_Hastings_AlwaysTrue,"[0.42863049085268845, 0.5717076794806162]","[0.1450958357819677, 0.2995194944053209]",8.434391260147095,"{'V3': 1.0, 'V4': 1.0, 'V5': 1.0}"
M0_PS_V1_V0,0,2,8,10,2,6000,V1,V0,PS,Metropolis_Hastings_AlwaysTrue,"[0.4259844119805282, 0.6125998915124051]","[0.3408877774546624, 1.0]",10.097463130950928,"{'V3': 1.0, 'V4': 1.0, 'V5': 1.0}"
M0_PS_V2_V0,0,2,8,10,2,6000,V2,V0,PS,Metropolis_Hastings_AlwaysTrue,"[0.5323828539544465, 0.6581881011627734]","[0.3884680984577254, 0.8019097709840313]",10.097463130950928,"{'V3': 1.0, 'V4': 1.0, 'V5': 1.0}"
M0_PN_V1_V0,0,2,8,10,2,6000,V1,V0,PN,Metropolis_Hastings_AlwaysTrue,"[0.267418466940167, 0.43706562234334667]","[0.1076331415104109, 0.3157436218866075]",10.097463130950928,"{'V3': 1.0, 'V4': 1.0, 'V5': 1.0}"
M0_PN_V2_V0,0,2,8,10,2,6000,V2,V0,PN,Metropolis_Hastings_AlwaysTrue,"[0.42863049085268845, 0.5717076794806162]","[0.1450958357819677, 0.2995194944053209]",10.097463130950928,"{'V3': 1.0, 'V4': 1.0, 'V5': 1.0}"
M0_PS_V1_V0,0,2,8,10,2,7000,V1,V0,PS,Metropolis_Hastings_AlwaysTrue,"[0.4259844119805282, 0.6125998915124051]","[0.3408877774546624, 1.0]",11.710842370986938,"{'V3': 1.0, 'V4': 1.0, 'V5': 1.0}"
M0_PS_V2_V0,0,2,8,10,2,7000,V2,V0,PS,Metropolis_Hastings_AlwaysTrue,"[0.5323828539544465, 0.6690163672323534]","[0.3884680984577254, 0.8019097709840313]",11.710842370986938,"{'V3': 1.0, 'V4': 1.0, 'V5': 1.0}"
M0_PN_V1_V0,0,2,8,10,2,7000,V1,V0,PN,Metropolis_Hastings_AlwaysTrue,"[0.267418466940167, 0.43706562234334667]","[0.1076331415104109, 0.3157436218866075]",11.710842370986938,"{'V3': 1.0, 'V4': 1.0, 'V5': 1.0}"
M0_PN_V2_V0,0,2,8,10,2,7000,V2,V0,PN,Metropolis_Hastings_AlwaysTrue,"[0.42863049085268845, 0.5717076794806162]","[0.1450958357819677, 0.2995194944053209]",11.710842370986938,"{'V3': 1.0, 'V4': 1.0, 'V5': 1.0}"
M0_PS_V1_V0,0,2,8,10,2,8000,V1,V0,PS,Metropolis_Hastings_AlwaysTrue,"[0.4255867353792338, 0.6125998915124051]","[0.3408877774546624, 1.0]",13.325843572616575,"{'V3': 1.0, 'V4': 1.0, 'V5': 1.0}"
M0_PS_V2_V0,0,2,8,10,2,8000,V2,V0,PS,Metropolis_Hastings_AlwaysTrue,"[0.5217718166866577, 0.6690163672323534]","[0.3884680984577254, 0.8019097709840313]",13.325843572616575,"{'V3': 1.0, 'V4': 1.0, 'V5': 1.0}"
M0_PN_V1_V0,0,2,8,10,2,8000,V1,V0,PN,Metropolis_Hastings_AlwaysTrue,"[0.267418466940167, 0.43706562234334667]","[0.1076331415104109, 0.3157436218866075]",13.325843572616575,"{'V3': 1.0, 'V4': 1.0, 'V5': 1.0}"
M0_PN_V2_V0,0,2,8,10,2,8000,V2,V0,PN,Metropolis_Hastings_AlwaysTrue,"[0.42863049085268845, 0.5717076794806162]","[0.1450958357819677, 0.2995194944053209]",13.325843572616575,"{'V3': 1.0, 'V4': 1.0, 'V5': 1.0}"
M0_PS_V1_V0,0,2,8,10,2,9000,V1,V0,PS,Metropolis_Hastings_AlwaysTrue,"[0.4208445567353039, 0.6125998915124051]","[0.3408877774546624, 1.0]",14.989687204360962,"{'V3': 1.0, 'V4': 1.0, 'V5': 1.0}"
M0_PS_V2_V0,0,2,8,10,2,9000,V2,V0,PS,Metropolis_Hastings_AlwaysTrue,"[0.5217718166866577, 0.6690163672323534]","[0.3884680984577254, 0.8019097709840313]",14.989687204360962,"{'V3': 1.0, 'V4': 1.0, 'V5': 1.0}"
M0_PN_V1_V0,0,2,8,10,2,9000,V1,V0,PN,Metropolis_Hastings_AlwaysTrue,"[0.267418466940167, 0.43706562234334667]","[0.1076331415104109, 0.3157436218866075]",14.989687204360962,"{'V3': 1.0, 'V4': 1.0, 'V5': 1.0}"
M0_PN_V2_V0,0,2,8,10,2,9000,V2,V0,PN,Metropolis_Hastings_AlwaysTrue,"[0.42664405650948733, 0.5717076794806162]","[0.1450958357819677, 0.2995194944053209]",14.989687204360962,"{'V3': 1.0, 'V4': 1.0, 'V5': 1.0}"
M0_PS_V1_V0,0,2,8,10,2,10000,V1,V0,PS,Metropolis_Hastings_AlwaysTrue,"[0.4208445567353039, 0.6125998915124051]","[0.3408877774546624, 1.0]",16.603097915649414,"{'V3': 1.0, 'V4': 1.0, 'V5': 1.0}"
M0_PS_V2_V0,0,2,8,10,2,10000,V2,V0,PS,Metropolis_Hastings_AlwaysTrue,"[0.5217718166866577, 0.6690163672323534]","[0.3884680984577254, 0.8019097709840313]",16.603097915649414,"{'V3': 1.0, 'V4': 1.0, 'V5': 1.0}"
M0_PN_V1_V0,0,2,8,10,2,10000,V1,V0,PN,Metropolis_Hastings_AlwaysTrue,"[0.267418466940167, 0.43706562234334667]","[0.1076331415104109, 0.3157436218866075]",16.603097915649414,"{'V3': 1.0, 'V4': 1.0, 'V5': 1.0}"
M0_PN_V2_V0,0,2,8,10,2,10000,V2,V0,PN,Metropolis_Hastings_AlwaysTrue,"[0.42664405650948733, 0.5717076794806162]","[0.1450958357819677, 0.2995194944053209]",16.603097915649414,"{'V3': 1.0, 'V4': 1.0, 'V5': 1.0}"
M0_PS_V1_V0,0,2,8,5,2,1000,V1,V0,PS,Metropolis_Hastings_AlwaysTrue,"[0.5001075499337284, 0.6503375661530669]","[0.3408877774546624, 1.0]",1.8492493629455569,"{'V3': 1.0, 'V4': 1.0, 'V5': 1.0}"
M0_PS_V2_V0,0,2,8,5,2,1000,V2,V0,PS,Metropolis_Hastings_AlwaysTrue,"[0.5050604380544663, 0.6525156283512749]","[0.3884680984577254, 1.0]",1.8492493629455569,"{'V3': 1.0, 'V4': 1.0, 'V5': 1.0}"
M0_PN_V1_V0,0,2,8,5,2,1000,V1,V0,PN,Metropolis_Hastings_AlwaysTrue,"[0.3324359001880055, 0.4919864923510997]","[0.1076331415104109, 0.3157436218866076]",1.8492493629455569,"{'V3': 1.0, 'V4': 1.0, 'V5': 1.0}"
M0_PN_V2_V0,0,2,8,5,2,1000,V2,V0,PN,Metropolis_Hastings_AlwaysTrue,"[0.4062353169399578, 0.5336509757244519]","[0.1450958357819677, 0.3735077252366903]",1.8492493629455569,"{'V3': 1.0, 'V4': 1.0, 'V5': 1.0}"
M0_PS_V1_V0,0,2,8,5,2,2000,V1,V0,PS,Metropolis_Hastings_AlwaysTrue,"[0.4818541863305858, 0.6503375661530669]","[0.3408877774546624, 1.0]",3.5032613277435303,"{'V3': 1.0, 'V4': 1.0, 'V5': 1.0}"
M0_PS_V2_V0,0,2,8,5,2,2000,V2,V0,PS,Metropolis_Hastings_AlwaysTrue,"[0.5050604380544663, 0.6525156283512749]","[0.3884680984577254, 1.0]",3.5032613277435303,"{'V3': 1.0, 'V4': 1.0, 'V5': 1.0}"
M0_PN_V1_V0,0,2,8,5,2,2000,V1,V0,PN,Metropolis_Hastings_AlwaysTrue,"[0.3324359001880055, 0.4919864923510997]","[0.1076331415104109, 0.3157436218866076]",3.5032613277435303,"{'V3': 1.0, 'V4': 1.0, 'V5': 1.0}"
M0_PN_V2_V0,0,2,8,5,2,2000,V2,V0,PN,Metropolis_Hastings_AlwaysTrue,"[0.4062353169399578, 0.5336509757244519]","[0.1450958357819677, 0.3735077252366903]",3.5032613277435303,"{'V3': 1.0, 'V4': 1.0, 'V5': 1.0}"
M0_PS_V1_V0,0,2,8,5,2,3000,V1,V0,PS,Metropolis_Hastings_AlwaysTrue,"[0.4776427683380615, 0.6503375661530669]","[0.3408877774546624, 1.0]",5.3373703956604,"{'V3': 1.0, 'V4': 1.0, 'V5': 1.0}"
M0_PS_V2_V0,0,2,8,5,2,3000,V2,V0,PS,Metropolis_Hastings_AlwaysTrue,"[0.5050604380544663, 0.6528059302885316]","[0.3884680984577254, 1.0]",5.3373703956604,"{'V3': 1.0, 'V4': 1.0, 'V5': 1.0}"
M0_PN_V1_V0,0,2,8,5,2,3000,V1,V0,PN,Metropolis_Hastings_AlwaysTrue,"[0.3324359001880055, 0.4919864923510997]","[0.1076331415104109, 0.3157436218866076]",5.3373703956604,"{'V3': 1.0, 'V4': 1.0, 'V5': 1.0}"
M0_PN_V2_V0,0,2,8,5,2,3000,V2,V0,PN,Metropolis_Hastings_AlwaysTrue,"[0.4013872800964243, 0.5336509757244519]","[0.1450958357819677, 0.3735077252366903]",5.3373703956604,"{'V3': 1.0, 'V4': 1.0, 'V5': 1.0}"
M0_PS_V1_V0,0,2,8,5,2,4000,V1,V0,PS,Metropolis_Hastings_AlwaysTrue,"[0.4669170763070992, 0.6503375661530669]","[0.3408877774546624, 1.0]",7.00312614440918,"{'V3': 1.0, 'V4': 1.0, 'V5': 1.0}"
M0_PS_V2_V0,0,2,8,5,2,4000,V2,V0,PS,Metropolis_Hastings_AlwaysTrue,"[0.5050604380544663, 0.6528059302885316]","[0.3884680984577254, 1.0]",7.00312614440918,"{'V3': 1.0, 'V4': 1.0, 'V5': 1.0}"
M0_PN_V1_V0,0,2,8,5,2,4000,V1,V0,PN,Metropolis_Hastings_AlwaysTrue,"[0.3324359001880055, 0.4919864923510997]","[0.1076331415104109, 0.3157436218866076]",7.00312614440918,"{'V3': 1.0, 'V4': 1.0, 'V5': 1.0}"
M0_PN_V2_V0,0,2,8,5,2,4000,V2,V0,PN,Metropolis_Hastings_AlwaysTrue,"[0.4013872800964243, 0.5336509757244519]","[0.1450958357819677, 0.3735077252366903]",7.00312614440918,"{'V3': 1.0, 'V4': 1.0, 'V5': 1.0}"
M0_PS_V1_V0,0,2,8,5,2,5000,V1,V0,PS,Metropolis_Hastings_AlwaysTrue,"[0.4669170763070992, 0.6503375661530669]","[0.3408877774546624, 1.0]",8.95785403251648,"{'V3': 1.0, 'V4': 1.0, 'V5': 1.0}"
M0_PS_V2_V0,0,2,8,5,2,5000,V2,V0,PS,Metropolis_Hastings_AlwaysTrue,"[0.5050604380544663, 0.6528059302885316]","[0.3884680984577254, 1.0]",8.95785403251648,"{'V3': 1.0, 'V4': 1.0, 'V5': 1.0}"
M0_PN_V1_V0,0,2,8,5,2,5000,V1,V0,PN,Metropolis_Hastings_AlwaysTrue,"[0.3324359001880055, 0.4919864923510997]","[0.1076331415104109, 0.3157436218866076]",8.95785403251648,"{'V3': 1.0, 'V4': 1.0, 'V5': 1.0}"
M0_PN_V2_V0,0,2,8,5,2,5000,V2,V0,PN,Metropolis_Hastings_AlwaysTrue,"[0.4013872800964243, 0.5336509757244519]","[0.1450958357819677, 0.3735077252366903]",8.95785403251648,"{'V3': 1.0, 'V4': 1.0, 'V5': 1.0}"
M0_PS_V1_V0,0,2,8,5,2,6000,V1,V0,PS,Metropolis_Hastings_AlwaysTrue,"[0.4669170763070992, 0.6539692718815645]","[0.3408877774546624, 1.0]",10.663447380065918,"{'V3': 1.0, 'V4': 1.0, 'V5': 1.0}"
M0_PS_V2_V0,0,2,8,5,2,6000,V2,V0,PS,Metropolis_Hastings_AlwaysTrue,"[0.49785083008663256, 0.652911997537132]","[0.3884680984577254, 1.0]",10.663447380065918,"{'V3': 1.0, 'V4': 1.0, 'V5': 1.0}"
M0_PN_V1_V0,0,2,8,5,2,6000,V1,V0,PN,Metropolis_Hastings_AlwaysTrue,"[0.3324359001880055, 0.4919864923510997]","[0.1076331415104109, 0.3157436218866076]",10.663447380065918,"{'V3': 1.0, 'V4': 1.0, 'V5': 1.0}"
M0_PN_V2_V0,0,2,8,5,2,6000,V2,V0,PN,Metropolis_Hastings_AlwaysTrue,"[0.4013872800964243, 0.5387865958218767]","[0.1450958357819677, 0.3735077252366903]",10.663447380065918,"{'V3': 1.0, 'V4': 1.0, 'V5': 1.0}"
M0_PS_V1_V0,0,2,8,5,2,7000,V1,V0,PS,Metropolis_Hastings_AlwaysTrue,"[0.4669170763070992, 0.6539692718815645]","[0.3408877774546624, 1.0]",12.367656230926514,"{'V3': 1.0, 'V4': 1.0, 'V5': 1.0}"
M0_PS_V2_V0,0,2,8,5,2,7000,V2,V0,PS,Metropolis_Hastings_AlwaysTrue,"[0.49785083008663256, 0.6559605446282973]","[0.3884680984577254, 1.0]",12.367656230926514,"{'V3': 1.0, 'V4': 1.0, 'V5': 1.0}"
M0_PN_V1_V0,0,2,8,5,2,7000,V1,V0,PN,Metropolis_Hastings_AlwaysTrue,"[0.3268628442826177, 0.4919864923510997]","[0.1076331415104109, 0.3157436218866076]",12.367656230926514,"{'V3': 1.0, 'V4': 1.0, 'V5': 1.0}"
M0_PN_V2_V0,0,2,8,5,2,7000,V2,V0,PN,Metropolis_Hastings_AlwaysTrue,"[0.39785958322369586, 0.5387865958218767]","[0.1450958357819677, 0.3735077252366903]",12.367656230926514,"{'V3': 1.0, 'V4': 1.0, 'V5': 1.0}"
M0_PS_V1_V0,0,2,8,5,2,8000,V1,V0,PS,Metropolis_Hastings_AlwaysTrue,"[0.4669170763070992, 0.6539692718815645]","[0.3408877774546624, 1.0]",14.082175731658936,"{'V3': 1.0, 'V4': 1.0, 'V5': 1.0}"
M0_PS_V2_V0,0,2,8,5,2,8000,V2,V0,PS,Metropolis_Hastings_AlwaysTrue,"[0.49785083008663256, 0.6559605446282973]","[0.3884680984577254, 1.0]",14.082175731658936,"{'V3': 1.0, 'V4': 1.0, 'V5': 1.0}"
M0_PN_V1_V0,0,2,8,5,2,8000,V1,V0,PN,Metropolis_Hastings_AlwaysTrue,"[0.3268628442826177, 0.4919864923510997]","[0.1076331415104109, 0.3157436218866076]",14.082175731658936,"{'V3': 1.0, 'V4': 1.0, 'V5': 1.0}"
M0_PN_V2_V0,0,2,8,5,2,8000,V2,V0,PN,Metropolis_Hastings_AlwaysTrue,"[0.39785958322369586, 0.5387865958218767]","[0.1450958357819677, 0.3735077252366903]",14.082175731658936,"{'V3': 1.0, 'V4': 1.0, 'V5': 1.0}"
M0_PS_V1_V0,0,2,8,5,2,9000,V1,V0,PS,Metropolis_Hastings_AlwaysTrue,"[0.4669170763070992, 0.6539692718815645]","[0.3408877774546624, 1.0]",15.784550666809082,"{'V3': 1.0, 'V4': 1.0, 'V5': 1.0}"
M0_PS_V2_V0,0,2,8,5,2,9000,V2,V0,PS,Metropolis_Hastings_AlwaysTrue,"[0.49785083008663256, 0.6565297607720113]","[0.3884680984577254, 1.0]",15.784550666809082,"{'V3': 1.0, 'V4': 1.0, 'V5': 1.0}"
M0_PN_V1_V0,0,2,8,5,2,9000,V1,V0,PN,Metropolis_Hastings_AlwaysTrue,"[0.3268628442826177, 0.4919864923510997]","[0.1076331415104109, 0.3157436218866076]",15.784550666809082,"{'V3': 1.0, 'V4': 1.0, 'V5': 1.0}"
M0_PN_V2_V0,0,2,8,5,2,9000,V2,V0,PN,Metropolis_Hastings_AlwaysTrue,"[0.3943143961599728, 0.5387865958218767]","[0.1450958357819677, 0.3735077252366903]",15.784550666809082,"{'V3': 1.0, 'V4': 1.0, 'V5': 1.0}"
M0_PS_V1_V0,0,2,8,5,2,10000,V1,V0,PS,Metropolis_Hastings_AlwaysTrue,"[0.4669170763070992, 0.6539692718815645]","[0.3408877774546624, 1.0]",17.452520608901978,"{'V3': 1.0, 'V4': 1.0, 'V5': 1.0}"
M0_PS_V2_V0,0,2,8,5,2,10000,V2,V0,PS,Metropolis_Hastings_AlwaysTrue,"[0.49785083008663256, 0.6565297607720113]","[0.3884680984577254, 1.0]",17.452520608901978,"{'V3': 1.0, 'V4': 1.0, 'V5': 1.0}"
M0_PN_V1_V0,0,2,8,5,2,10000,V1,V0,PN,Metropolis_Hastings_AlwaysTrue,"[0.3268628442826177, 0.4919864923510997]","[0.1076331415104109, 0.3157436218866076]",17.452520608901978,"{'V3': 1.0, 'V4': 1.0, 'V5': 1.0}"
M0_PN_V2_V0,0,2,8,5,2,10000,V2,V0,PN,Metropolis_Hastings_AlwaysTrue,"[0.3943143961599728, 0.5387865958218767]","[0.1450958357819677, 0.3735077252366903]",17.452520608901978,"{'V3': 1.0, 'V4': 1.0, 'V5': 1.0}"
M0_PS_V1_V0,0,2,6,5,2,1000,V1,V0,PS,Metropolis_Hastings_AlwaysTrue,"[0.5791939478692321, 0.7380201679360896]","[0.2736590312739113, 1.0]",1.855895519256592,"{'V3': 1.0, 'V4': 1.0, 'V5': 1.0}"
M0_PS_V2_V0,0,2,6,5,2,1000,V2,V0,PS,Metropolis_Hastings_AlwaysTrue,"[0.5556497902372823, 0.6684736399235159]","[0.4315392596872229, 1.0]",1.855895519256592,"{'V3': 1.0, 'V4': 1.0, 'V5': 1.0}"
M0_PN_V1_V0,0,2,6,5,2,1000,V1,V0,PN,Metropolis_Hastings_AlwaysTrue,"[0.3852964206464509, 0.510130465273418]","[0.0692730168265683, 0.2531362349128231]",1.855895519256592,"{'V3': 1.0, 'V4': 1.0, 'V5': 1.0}"
M0_PN_V2_V0,0,2,6,5,2,1000,V2,V0,PN,Metropolis_Hastings_AlwaysTrue,"[0.4418055544353606, 0.5547418304736279]","[0.1477152150064806, 0.3422984391119912]",1.855895519256592,"{'V3': 1.0, 'V4': 1.0, 'V5': 1.0}"
M0_PS_V1_V0,0,2,6,5,2,2000,V1,V0,PS,Metropolis_Hastings_AlwaysTrue,"[0.5791939478692321, 0.7380201679360896]","[0.2736590312739113, 1.0]",3.539222240447998,"{'V3': 1.0, 'V4': 1.0, 'V5': 1.0}"
M0_PS_V2_V0,0,2,6,5,2,2000,V2,V0,PS,Metropolis_Hastings_AlwaysTrue,"[0.5538582167912472, 0.6773694028103537]","[0.4315392596872229, 1.0]",3.539222240447998,"{'V3': 1.0, 'V4': 1.0, 'V5': 1.0}"
M0_PN_V1_V0,0,2,6,5,2,2000,V1,V0,PN,Metropolis_Hastings_AlwaysTrue,"[0.38064051018530576, 0.5244610682807896]","[0.0692730168265683, 0.2531362349128231]",3.539222240447998,"{'V3': 1.0, 'V4': 1.0, 'V5': 1.0}"
M0_PN_V2_V0,0,2,6,5,2,2000,V2,V0,PN,Metropolis_Hastings_AlwaysTrue,"[0.4103717675876169, 0.5564601313583543]","[0.1477152150064806, 0.3422984391119912]",3.539222240447998,"{'V3': 1.0, 'V4': 1.0, 'V5': 1.0}"
M0_PS_V1_V0,0,2,6,5,2,3000,V1,V0,PS,Metropolis_Hastings_AlwaysTrue,"[0.5791939478692321, 0.7380201679360896]","[0.2736590312739113, 1.0]",5.379022598266602,"{'V3': 1.0, 'V4': 1.0, 'V5': 1.0}"
M0_PS_V2_V0,0,2,6,5,2,3000,V2,V0,PS,Metropolis_Hastings_AlwaysTrue,"[0.5538582167912472, 0.6844607504003988]","[0.4315392596872229, 1.0]",5.379022598266602,"{'V3': 1.0, 'V4': 1.0, 'V5': 1.0}"
M0_PN_V1_V0,0,2,6,5,2,3000,V1,V0,PN,Metropolis_Hastings_AlwaysTrue,"[0.37772124547924507, 0.5244610682807896]","[0.0692730168265683, 0.2531362349128231]",5.379022598266602,"{'V3': 1.0, 'V4': 1.0, 'V5': 1.0}"
M0_PN_V2_V0,0,2,6,5,2,3000,V2,V0,PN,Metropolis_Hastings_AlwaysTrue,"[0.4103717675876169, 0.5564601313583543]","[0.1477152150064806, 0.3422984391119912]",5.379022598266602,"{'V3': 1.0, 'V4': 1.0, 'V5': 1.0}"
M0_PS_V1_V0,0,2,6,5,2,4000,V1,V0,PS,Metropolis_Hastings_AlwaysTrue,"[0.5677193997704674, 0.7380201679360896]","[0.2736590312739113, 1.0]",7.074830293655396,"{'V3': 1.0, 'V4': 1.0, 'V5': 1.0}"
M0_PS_V2_V0,0,2,6,5,2,4000,V2,V0,PS,Metropolis_Hastings_AlwaysTrue,"[0.5538582167912472, 0.6844607504003988]","[0.4315392596872229, 1.0]",7.074830293655396,"{'V3': 1.0, 'V4': 1.0, 'V5': 1.0}"
M0_PN_V1_V0,0,2,6,5,2,4000,V1,V0,PN,Metropolis_Hastings_AlwaysTrue,"[0.37772124547924507, 0.5244610682807896]","[0.0692730168265683, 0.2531362349128231]",7.074830293655396,"{'V3': 1.0, 'V4': 1.0, 'V5': 1.0}"
M0_PN_V2_V0,0,2,6,5,2,4000,V2,V0,PN,Metropolis_Hastings_AlwaysTrue,"[0.4103717675876169, 0.5568972261832905]","[0.1477152150064806, 0.3422984391119912]",7.074830293655396,"{'V3': 1.0, 'V4': 1.0, 'V5': 1.0}"
M0_PS_V1_V0,0,2,6,5,2,5000,V1,V0,PS,Metropolis_Hastings_AlwaysTrue,"[0.5677193997704674, 0.7380201679360896]","[0.2736590312739113, 1.0]",9.06694793701172,"{'V3': 1.0, 'V4': 1.0, 'V5': 1.0}"
M0_PS_V2_V0,0,2,6,5,2,5000,V2,V0,PS,Metropolis_Hastings_AlwaysTrue,"[0.5538582167912472, 0.6844607504003988]","[0.4315392596872229, 1.0]",9.06694793701172,"{'V3': 1.0, 'V4': 1.0, 'V5': 1.0}"
M0_PN_V1_V0,0,2,6,5,2,5000,V1,V0,PN,Metropolis_Hastings_AlwaysTrue,"[0.37772124547924507, 0.5244610682807896]","[0.0692730168265683, 0.2531362349128231]",9.06694793701172,"{'V3': 1.0, 'V4': 1.0, 'V5': 1.0}"
M0_PN_V2_V0,0,2,6,5,2,5000,V2,V0,PN,Metropolis_Hastings_AlwaysTrue,"[0.4103717675876169, 0.5568972261832905]","[0.1477152150064806, 0.3422984391119912]",9.06694793701172,"{'V3': 1.0, 'V4': 1.0, 'V5': 1.0}"
M0_PS_V1_V0,0,2,6,5,2,6000,V1,V0,PS,Metropolis_Hastings_AlwaysTrue,"[0.5677193997704674, 0.7387271781979678]","[0.2736590312739113, 1.0]",10.756037473678589,"{'V3': 1.0, 'V4': 1.0, 'V5': 1.0}"
M0_PS_V2_V0,0,2,6,5,2,6000,V2,V0,PS,Metropolis_Hastings_AlwaysTrue,"[0.5435911052154068, 0.6844607504003988]","[0.4315392596872229, 1.0]",10.756037473678589,"{'V3': 1.0, 'V4': 1.0, 'V5': 1.0}"
M0_PN_V1_V0,0,2,6,5,2,6000,V1,V0,PN,Metropolis_Hastings_AlwaysTrue,"[0.37772124547924507, 0.5244610682807896]","[0.0692730168265683, 0.2531362349128231]",10.756037473678589,"{'V3': 1.0, 'V4': 1.0, 'V5': 1.0}"
M0_PN_V2_V0,0,2,6,5,2,6000,V2,V0,PN,Metropolis_Hastings_AlwaysTrue,"[0.4103717675876169, 0.5568972261832905]","[0.1477152150064806, 0.3422984391119912]",10.756037473678589,"{'V3': 1.0, 'V4': 1.0, 'V5': 1.0}"
M0_PS_V1_V0,0,2,6,5,2,7000,V1,V0,PS,Metropolis_Hastings_AlwaysTrue,"[0.5677193997704674, 0.7387271781979678]","[0.2736590312739113, 1.0]",12.43992805480957,"{'V3': 1.0, 'V4': 1.0, 'V5': 1.0}"
M0_PS_V2_V0,0,2,6,5,2,7000,V2,V0,PS,Metropolis_Hastings_AlwaysTrue,"[0.5435911052154068, 0.6844607504003988]","[0.4315392596872229, 1.0]",12.43992805480957,"{'V3': 1.0, 'V4': 1.0, 'V5': 1.0}"
M0_PN_V1_V0,0,2,6,5,2,7000,V1,V0,PN,Metropolis_Hastings_AlwaysTrue,"[0.37772124547924507, 0.5244610682807896]","[0.0692730168265683, 0.2531362349128231]",12.43992805480957,"{'V3': 1.0, 'V4': 1.0, 'V5': 1.0}"
M0_PN_V2_V0,0,2,6,5,2,7000,V2,V0,PN,Metropolis_Hastings_AlwaysTrue,"[0.4103717675876169, 0.5568972261832905]","[0.1477152150064806, 0.3422984391119912]",12.43992805480957,"{'V3': 1.0, 'V4': 1.0, 'V5': 1.0}"
M0_PS_V1_V0,0,2,6,5,2,8000,V1,V0,PS,Metropolis_Hastings_AlwaysTrue,"[0.5677193997704674, 0.7387271781979678]","[0.2736590312739113, 1.0]",14.173763275146484,"{'V3': 1.0, 'V4': 1.0, 'V5': 1.0}"
M0_PS_V2_V0,0,2,6,5,2,8000,V2,V0,PS,Metropolis_Hastings_AlwaysTrue,"[0.5404431606578802, 0.6844607504003988]","[0.4315392596872229, 1.0]",14.173763275146484,"{'V3': 1.0, 'V4': 1.0, 'V5': 1.0}"
M0_PN_V1_V0,0,2,6,5,2,8000,V1,V0,PN,Metropolis_Hastings_AlwaysTrue,"[0.37772124547924507, 0.5244610682807896]","[0.0692730168265683, 0.2531362349128231]",14.173763275146484,"{'V3': 1.0, 'V4': 1.0, 'V5': 1.0}"
M0_PN_V2_V0,0,2,6,5,2,8000,V2,V0,PN,Metropolis_Hastings_AlwaysTrue,"[0.4103717675876169, 0.561948482986025]","[0.1477152150064806, 0.3422984391119912]",14.173763275146484,"{'V3': 1.0, 'V4': 1.0, 'V5': 1.0}"
M0_PS_V1_V0,0,2,6,5,2,9000,V1,V0,PS,Metropolis_Hastings_AlwaysTrue,"[0.5677193997704674, 0.7387271781979678]","[0.2736590312739113, 1.0]",15.866626024246216,"{'V3': 1.0, 'V4': 1.0, 'V5': 1.0}"
M0_PS_V2_V0,0,2,6,5,2,9000,V2,V0,PS,Metropolis_Hastings_AlwaysTrue,"[0.5404431606578802, 0.6844607504003988]","[0.4315392596872229, 1.0]",15.866626024246216,"{'V3': 1.0, 'V4': 1.0, 'V5': 1.0}"
M0_PN_V1_V0,0,2,6,5,2,9000,V1,V0,PN,Metropolis_Hastings_AlwaysTrue,"[0.37772124547924507, 0.5244610682807896]","[0.0692730168265683, 0.2531362349128231]",15.866626024246216,"{'V3': 1.0, 'V4': 1.0, 'V5': 1.0}"
M0_PN_V2_V0,0,2,6,5,2,9000,V2,V0,PN,Metropolis_Hastings_AlwaysTrue,"[0.4103717675876169, 0.561948482986025]","[0.1477152150064806, 0.3422984391119912]",15.866626024246216,"{'V3': 1.0, 'V4': 1.0, 'V5': 1.0}"
M0_PS_V1_V0,0,2,6,5,2,10000,V1,V0,PS,Metropolis_Hastings_AlwaysTrue,"[0.5677193997704674, 0.7387271781979678]","[0.2736590312739113, 1.0]",17.564316272735596,"{'V3': 1.0, 'V4': 1.0, 'V5': 1.0}"
M0_PS_V2_V0,0,2,6,5,2,10000,V2,V0,PS,Metropolis_Hastings_AlwaysTrue,"[0.5404431606578802, 0.6844607504003988]","[0.4315392596872229, 1.0]",17.564316272735596,"{'V3': 1.0, 'V4': 1.0, 'V5': 1.0}"
M0_PN_V1_V0,0,2,6,5,2,10000,V1,V0,PN,Metropolis_Hastings_AlwaysTrue,"[0.37772124547924507, 0.5244610682807896]","[0.0692730168265683, 0.2531362349128231]",17.564316272735596,"{'V3': 1.0, 'V4': 1.0, 'V5': 1.0}"
M0_PN_V2_V0,0,2,6,5,2,10000,V2,V0,PN,Metropolis_Hastings_AlwaysTrue,"[0.4103717675876169, 0.5707573803777861]","[0.1477152150064806, 0.3422984391119912]",17.564316272735596,"{'V3': 1.0, 'V4': 1.0, 'V5': 1.0}"
M0_PS_V1_V0,0,2,10,5,2,1000,V1,V0,PS,Metropolis_Hastings_AlwaysTrue,"[0.5105035694212473, 0.6357113599577287]","[0.7210247097808495, 0.9844883031342316]",1.8962907791137693,"{'V3': 1.0, 'V4': 1.0, 'V5': 1.0}"
M0_PS_V2_V0,0,2,10,5,2,1000,V2,V0,PS,Metropolis_Hastings_AlwaysTrue,"[0.41113407645147465, 0.5544592542291483]","[0.319276664128295, 0.7405762080357261]",1.8962907791137693,"{'V3': 1.0, 'V4': 1.0, 'V5': 1.0}"
M0_PN_V1_V0,0,2,10,5,2,1000,V1,V0,PN,Metropolis_Hastings_AlwaysTrue,"[0.5151326510171907, 0.63506089365954]","[0.6506208706901839, 0.8883587875430508]",1.8962907791137693,"{'V3': 1.0, 'V4': 1.0, 'V5': 1.0}"
M0_PN_V2_V0,0,2,10,5,2,1000,V2,V0,PN,Metropolis_Hastings_AlwaysTrue,"[0.4056453582666414, 0.5438427572571243]","[0.2282307110005323, 0.5293911315803326]",1.8962907791137693,"{'V3': 1.0, 'V4': 1.0, 'V5': 1.0}"
M0_PS_V1_V0,0,2,10,5,2,2000,V1,V0,PS,Metropolis_Hastings_AlwaysTrue,"[0.5046406061661872, 0.6445046782038758]","[0.7210247097808495, 0.9844883031342316]",3.601081132888794,"{'V3': 1.0, 'V4': 1.0, 'V5': 1.0}"
M0_PS_V2_V0,0,2,10,5,2,2000,V2,V0,PS,Metropolis_Hastings_AlwaysTrue,"[0.41113407645147465, 0.5544592542291483]","[0.319276664128295, 0.7405762080357261]",3.601081132888794,"{'V3': 1.0, 'V4': 1.0, 'V5': 1.0}"
M0_PN_V1_V0,0,2,10,5,2,2000,V1,V0,PN,Metropolis_Hastings_AlwaysTrue,"[0.49402838444547303, 0.6466910606190308]","[0.6506208706901839, 0.8883587875430508]",3.601081132888794,"{'V3': 1.0, 'V4': 1.0, 'V5': 1.0}"
M0_PN_V2_V0,0,2,10,5,2,2000,V2,V0,PN,Metropolis_Hastings_AlwaysTrue,"[0.4056453582666414, 0.5438427572571243]","[0.2282307110005323, 0.5293911315803326]",3.601081132888794,"{'V3': 1.0, 'V4': 1.0, 'V5': 1.0}"
M0_PS_V1_V0,0,2,10,5,2,3000,V1,V0,PS,Metropolis_Hastings_AlwaysTrue,"[0.49159606831844205, 0.6515255821525751]","[0.7210247097808495, 0.9844883031342316]",5.473186016082764,"{'V3': 1.0, 'V4': 1.0, 'V5': 1.0}"
M0_PS_V2_V0,0,2,10,5,2,3000,V2,V0,PS,Metropolis_Hastings_AlwaysTrue,"[0.41113407645147465, 0.5592765078324214]","[0.319276664128295, 0.7405762080357261]",5.473186016082764,"{'V3': 1.0, 'V4': 1.0, 'V5': 1.0}"
M0_PN_V1_V0,0,2,10,5,2,3000,V1,V0,PN,Metropolis_Hastings_AlwaysTrue,"[0.49402838444547303, 0.6466910606190308]","[0.6506208706901839, 0.8883587875430508]",5.473186016082764,"{'V3': 1.0, 'V4': 1.0, 'V5': 1.0}"
M0_PN_V2_V0,0,2,10,5,2,3000,V2,V0,PN,Metropolis_Hastings_AlwaysTrue,"[0.4056453582666414, 0.5480859921498432]","[0.2282307110005323, 0.5293911315803326]",5.473186016082764,"{'V3': 1.0, 'V4': 1.0, 'V5': 1.0}"
M0_PS_V1_V0,0,2,10,5,2,4000,V1,V0,PS,Metropolis_Hastings_AlwaysTrue,"[0.49159606831844205, 0.6633630264977127]","[0.7210247097808495, 0.9844883031342316]",7.207151651382446,"{'V3': 1.0, 'V4': 1.0, 'V5': 1.0}"
M0_PS_V2_V0,0,2,10,5,2,4000,V2,V0,PS,Metropolis_Hastings_AlwaysTrue,"[0.40398971518731847, 0.5624918158394026]","[0.319276664128295, 0.7405762080357261]",7.207151651382446,"{'V3': 1.0, 'V4': 1.0, 'V5': 1.0}"
M0_PN_V1_V0,0,2,10,5,2,4000,V1,V0,PN,Metropolis_Hastings_AlwaysTrue,"[0.49402838444547303, 0.6543128674144524]","[0.6506208706901839, 0.8883587875430508]",7.207151651382446,"{'V3': 1.0, 'V4': 1.0, 'V5': 1.0}"
M0_PN_V2_V0,0,2,10,5,2,4000,V2,V0,PN,Metropolis_Hastings_AlwaysTrue,"[0.4056453582666414, 0.5480859921498432]","[0.2282307110005323, 0.5293911315803326]",7.207151651382446,"{'V3': 1.0, 'V4': 1.0, 'V5': 1.0}"
M0_PS_V1_V0,0,2,10,5,2,5000,V1,V0,PS,Metropolis_Hastings_AlwaysTrue,"[0.49159606831844205, 0.6633630264977127]","[0.7210247097808495, 0.9844883031342316]",9.344465255737305,"{'V3': 1.0, 'V4': 1.0, 'V5': 1.0}"
M0_PS_V2_V0,0,2,10,5,2,5000,V2,V0,PS,Metropolis_Hastings_AlwaysTrue,"[0.40398971518731847, 0.566503286944366]","[0.319276664128295, 0.7405762080357261]",9.344465255737305,"{'V3': 1.0, 'V4': 1.0, 'V5': 1.0}"
M0_PN_V1_V0,0,2,10,5,2,5000,V1,V0,PN,Metropolis_Hastings_AlwaysTrue,"[0.49402838444547303, 0.6543128674144524]","[0.6506208706901839, 0.8883587875430508]",9.344465255737305,"{'V3': 1.0, 'V4': 1.0, 'V5': 1.0}"
M0_PN_V2_V0,0,2,10,5,2,5000,V2,V0,PN,Metropolis_Hastings_AlwaysTrue,"[0.4056453582666414, 0.5480859921498432]","[0.2282307110005323, 0.5293911315803326]",9.344465255737305,"{'V3': 1.0, 'V4': 1.0, 'V5': 1.0}"
M0_PS_V1_V0,0,2,10,5,2,6000,V1,V0,PS,Metropolis_Hastings_AlwaysTrue,"[0.49159606831844205, 0.672307345621605]","[0.7210247097808495, 0.9844883031342316]",11.102468013763428,"{'V3': 1.0, 'V4': 1.0, 'V5': 1.0}"
M0_PS_V2_V0,0,2,10,5,2,6000,V2,V0,PS,Metropolis_Hastings_AlwaysTrue,"[0.40398971518731847, 0.566503286944366]","[0.319276664128295, 0.7405762080357261]",11.102468013763428,"{'V3': 1.0, 'V4': 1.0, 'V5': 1.0}"
M0_PN_V1_V0,0,2,10,5,2,6000,V1,V0,PN,Metropolis_Hastings_AlwaysTrue,"[0.49402838444547303, 0.6543128674144524]","[0.6506208706901839, 0.8883587875430508]",11.102468013763428,"{'V3': 1.0, 'V4': 1.0, 'V5': 1.0}"
M0_PN_V2_V0,0,2,10,5,2,6000,V2,V0,PN,Metropolis_Hastings_AlwaysTrue,"[0.40519839036169525, 0.5484554686747951]","[0.2282307110005323, 0.5293911315803326]",11.102468013763428,"{'V3': 1.0, 'V4': 1.0, 'V5': 1.0}"
M0_PS_V1_V0,0,2,10,5,2,7000,V1,V0,PS,Metropolis_Hastings_AlwaysTrue,"[0.49159606831844205, 0.672307345621605]","[0.7210247097808495, 0.9844883031342316]",12.819555044174194,"{'V3': 1.0, 'V4': 1.0, 'V5': 1.0}"
M0_PS_V2_V0,0,2,10,5,2,7000,V2,V0,PS,Metropolis_Hastings_AlwaysTrue,"[0.3961870144217243, 0.566503286944366]","[0.319276664128295, 0.7405762080357261]",12.819555044174194,"{'V3': 1.0, 'V4': 1.0, 'V5': 1.0}"
M0_PN_V1_V0,0,2,10,5,2,7000,V1,V0,PN,Metropolis_Hastings_AlwaysTrue,"[0.49402838444547303, 0.6543128674144524]","[0.6506208706901839, 0.8883587875430508]",12.819555044174194,"{'V3': 1.0, 'V4': 1.0, 'V5': 1.0}"
M0_PN_V2_V0,0,2,10,5,2,7000,V2,V0,PN,Metropolis_Hastings_AlwaysTrue,"[0.40519839036169525, 0.5484554686747951]","[0.2282307110005323, 0.5293911315803326]",12.819555044174194,"{'V3': 1.0, 'V4': 1.0, 'V5': 1.0}"
M0_PS_V1_V0,0,2,10,5,2,8000,V1,V0,PS,Metropolis_Hastings_AlwaysTrue,"[0.49159606831844205, 0.672307345621605]","[0.7210247097808495, 0.9844883031342316]",14.53714919090271,"{'V3': 1.0, 'V4': 1.0, 'V5': 1.0}"
M0_PS_V2_V0,0,2,10,5,2,8000,V2,V0,PS,Metropolis_Hastings_AlwaysTrue,"[0.3961870144217243, 0.566503286944366]","[0.319276664128295, 0.7405762080357261]",14.53714919090271,"{'V3': 1.0, 'V4': 1.0, 'V5': 1.0}"
M0_PN_V1_V0,0,2,10,5,2,8000,V1,V0,PN,Metropolis_Hastings_AlwaysTrue,"[0.49402838444547303, 0.6543128674144524]","[0.6506208706901839, 0.8883587875430508]",14.53714919090271,"{'V3': 1.0, 'V4': 1.0, 'V5': 1.0}"
M0_PN_V2_V0,0,2,10,5,2,8000,V2,V0,PN,Metropolis_Hastings_AlwaysTrue,"[0.40519839036169525, 0.5484554686747951]","[0.2282307110005323, 0.5293911315803326]",14.53714919090271,"{'V3': 1.0, 'V4': 1.0, 'V5': 1.0}"
M0_PS_V1_V0,0,2,10,5,2,9000,V1,V0,PS,Metropolis_Hastings_AlwaysTrue,"[0.49159606831844205, 0.672307345621605]","[0.7210247097808495, 0.9844883031342316]",16.25361466407776,"{'V3': 1.0, 'V4': 1.0, 'V5': 1.0}"
M0_PS_V2_V0,0,2,10,5,2,9000,V2,V0,PS,Metropolis_Hastings_AlwaysTrue,"[0.3961870144217243, 0.566503286944366]","[0.319276664128295, 0.7405762080357261]",16.25361466407776,"{'V3': 1.0, 'V4': 1.0, 'V5': 1.0}"
M0_PN_V1_V0,0,2,10,5,2,9000,V1,V0,PN,Metropolis_Hastings_AlwaysTrue,"[0.49402838444547303, 0.6543128674144524]","[0.6506208706901839, 0.8883587875430508]",16.25361466407776,"{'V3': 1.0, 'V4': 1.0, 'V5': 1.0}"
M0_PN_V2_V0,0,2,10,5,2,9000,V2,V0,PN,Metropolis_Hastings_AlwaysTrue,"[0.40344576639126445, 0.5484554686747951]","[0.2282307110005323, 0.5293911315803326]",16.25361466407776,"{'V3': 1.0, 'V4': 1.0, 'V5': 1.0}"
M0_PS_V1_V0,0,2,10,5,2,10000,V1,V0,PS,Metropolis_Hastings_AlwaysTrue,"[0.49159606831844205, 0.672307345621605]","[0.7210247097808495, 0.9844883031342316]",18.023295640945435,"{'V3': 1.0, 'V4': 1.0, 'V5': 1.0}"
M0_PS_V2_V0,0,2,10,5,2,10000,V2,V0,PS,Metropolis_Hastings_AlwaysTrue,"[0.3961870144217243, 0.566503286944366]","[0.319276664128295, 0.7405762080357261]",18.023295640945435,"{'V3': 1.0, 'V4': 1.0, 'V5': 1.0}"
M0_PN_V1_V0,0,2,10,5,2,10000,V1,V0,PN,Metropolis_Hastings_AlwaysTrue,"[0.49402838444547303, 0.6543128674144524]","[0.6506208706901839, 0.8883587875430508]",18.023295640945435,"{'V3': 1.0, 'V4': 1.0, 'V5': 1.0}"
M0_PN_V2_V0,0,2,10,5,2,10000,V2,V0,PN,Metropolis_Hastings_AlwaysTrue,"[0.3805815149567758, 0.5484554686747951]","[0.2282307110005323, 0.5293911315803326]",18.023295640945435,"{'V3': 1.0, 'V4': 1.0, 'V5': 1.0}"
M0_PS_V1_V0,0,2,10,10,2,1000,V1,V0,PS,Metropolis_Hastings_AlwaysTrue,"[0.5105035694212473, 0.6357113599577287]","[0.7210247097808495, 0.9844883031342316]",1.910334825515747,"{'V3': 1.0, 'V4': 1.0, 'V5': 1.0}"
M0_PS_V2_V0,0,2,10,10,2,1000,V2,V0,PS,Metropolis_Hastings_AlwaysTrue,"[0.41113407645147465, 0.5544592542291483]","[0.319276664128295, 0.7405762080357261]",1.910334825515747,"{'V3': 1.0, 'V4': 1.0, 'V5': 1.0}"
M0_PN_V1_V0,0,2,10,10,2,1000,V1,V0,PN,Metropolis_Hastings_AlwaysTrue,"[0.5151326510171907, 0.63506089365954]","[0.6506208706901839, 0.8883587875430508]",1.910334825515747,"{'V3': 1.0, 'V4': 1.0, 'V5': 1.0}"
M0_PN_V2_V0,0,2,10,10,2,1000,V2,V0,PN,Metropolis_Hastings_AlwaysTrue,"[0.4056453582666414, 0.5438427572571243]","[0.2282307110005323, 0.5293911315803326]",1.910334825515747,"{'V3': 1.0, 'V4': 1.0, 'V5': 1.0}"
M0_PS_V1_V0,0,2,10,10,2,2000,V1,V0,PS,Metropolis_Hastings_AlwaysTrue,"[0.5046406061661872, 0.6445046782038758]","[0.7210247097808495, 0.9844883031342316]",3.626733541488648,"{'V3': 1.0, 'V4': 1.0, 'V5': 1.0}"
M0_PS_V2_V0,0,2,10,10,2,2000,V2,V0,PS,Metropolis_Hastings_AlwaysTrue,"[0.41113407645147465, 0.5544592542291483]","[0.319276664128295, 0.7405762080357261]",3.626733541488648,"{'V3': 1.0, 'V4': 1.0, 'V5': 1.0}"
M0_PN_V1_V0,0,2,10,10,2,2000,V1,V0,PN,Metropolis_Hastings_AlwaysTrue,"[0.49402838444547315, 0.6466910606190308]","[0.6506208706901839, 0.8883587875430508]",3.626733541488648,"{'V3': 1.0, 'V4': 1.0, 'V5': 1.0}"
M0_PN_V2_V0,0,2,10,10,2,2000,V2,V0,PN,Metropolis_Hastings_AlwaysTrue,"[0.4056453582666414, 0.5438427572571243]","[0.2282307110005323, 0.5293911315803326]",3.626733541488648,"{'V3': 1.0, 'V4': 1.0, 'V5': 1.0}"
M0_PS_V1_V0,0,2,10,10,2,3000,V1,V0,PS,Metropolis_Hastings_AlwaysTrue,"[0.49159606831844194, 0.6515255821525751]","[0.7210247097808495, 0.9844883031342316]",5.505731821060181,"{'V3': 1.0, 'V4': 1.0, 'V5': 1.0}"
M0_PS_V2_V0,0,2,10,10,2,3000,V2,V0,PS,Metropolis_Hastings_AlwaysTrue,"[0.41113407645147465, 0.5592765078324214]","[0.319276664128295, 0.7405762080357261]",5.505731821060181,"{'V3': 1.0, 'V4': 1.0, 'V5': 1.0}"
M0_PN_V1_V0,0,2,10,10,2,3000,V1,V0,PN,Metropolis_Hastings_AlwaysTrue,"[0.49402838444547315, 0.6466910606190308]","[0.6506208706901839, 0.8883587875430508]",5.505731821060181,"{'V3': 1.0, 'V4': 1.0, 'V5': 1.0}"
M0_PN_V2_V0,0,2,10,10,2,3000,V2,V0,PN,Metropolis_Hastings_AlwaysTrue,"[0.4056453582666414, 0.5480859921498432]","[0.2282307110005323, 0.5293911315803326]",5.505731821060181,"{'V3': 1.0, 'V4': 1.0, 'V5': 1.0}"
M0_PS_V1_V0,0,2,10,10,2,4000,V1,V0,PS,Metropolis_Hastings_AlwaysTrue,"[0.49159606831844194, 0.6633630264977126]","[0.7210247097808495, 0.9844883031342316]",7.247988700866699,"{'V3': 1.0, 'V4': 1.0, 'V5': 1.0}"
M0_PS_V2_V0,0,2,10,10,2,4000,V2,V0,PS,Metropolis_Hastings_AlwaysTrue,"[0.40398971518731847, 0.5624918158394026]","[0.319276664128295, 0.7405762080357261]",7.247988700866699,"{'V3': 1.0, 'V4': 1.0, 'V5': 1.0}"
M0_PN_V1_V0,0,2,10,10,2,4000,V1,V0,PN,Metropolis_Hastings_AlwaysTrue,"[0.49402838444547315, 0.6543128674144524]","[0.6506208706901839, 0.8883587875430508]",7.247988700866699,"{'V3': 1.0, 'V4': 1.0, 'V5': 1.0}"
M0_PN_V2_V0,0,2,10,10,2,4000,V2,V0,PN,Metropolis_Hastings_AlwaysTrue,"[0.4056453582666414, 0.5480859921498432]","[0.2282307110005323, 0.5293911315803326]",7.247988700866699,"{'V3': 1.0, 'V4': 1.0, 'V5': 1.0}"
M0_PS_V1_V0,0,2,10,10,2,5000,V1,V0,PS,Metropolis_Hastings_AlwaysTrue,"[0.49159606831844194, 0.6633630264977126]","[0.7210247097808495, 0.9844883031342316]",9.277708530426024,"{'V3': 1.0, 'V4': 1.0, 'V5': 1.0}"
M0_PS_V2_V0,0,2,10,10,2,5000,V2,V0,PS,Metropolis_Hastings_AlwaysTrue,"[0.40398971518731847, 0.566503286944366]","[0.319276664128295, 0.7405762080357261]",9.277708530426024,"{'V3': 1.0, 'V4': 1.0, 'V5': 1.0}"
M0_PN_V1_V0,0,2,10,10,2,5000,V1,V0,PN,Metropolis_Hastings_AlwaysTrue,"[0.49402838444547315, 0.6543128674144524]","[0.6506208706901839, 0.8883587875430508]",9.277708530426024,"{'V3': 1.0, 'V4': 1.0, 'V5': 1.0}"
M0_PN_V2_V0,0,2,10,10,2,5000,V2,V0,PN,Metropolis_Hastings_AlwaysTrue,"[0.4056453582666414, 0.5480859921498432]","[0.2282307110005323, 0.5293911315803326]",9.277708530426024,"{'V3': 1.0, 'V4': 1.0, 'V5': 1.0}"
M0_PS_V1_V0,0,2,10,10,2,6000,V1,V0,PS,Metropolis_Hastings_AlwaysTrue,"[0.49159606831844194, 0.6723073456216049]","[0.7210247097808495, 0.9844883031342316]",11.005857706069946,"{'V3': 1.0, 'V4': 1.0, 'V5': 1.0}"
M0_PS_V2_V0,0,2,10,10,2,6000,V2,V0,PS,Metropolis_Hastings_AlwaysTrue,"[0.40398971518731847, 0.566503286944366]","[0.319276664128295, 0.7405762080357261]",11.005857706069946,"{'V3': 1.0, 'V4': 1.0, 'V5': 1.0}"
M0_PN_V1_V0,0,2,10,10,2,6000,V1,V0,PN,Metropolis_Hastings_AlwaysTrue,"[0.49402838444547315, 0.6543128674144524]","[0.6506208706901839, 0.8883587875430508]",11.005857706069946,"{'V3': 1.0, 'V4': 1.0, 'V5': 1.0}"
M0_PN_V2_V0,0,2,10,10,2,6000,V2,V0,PN,Metropolis_Hastings_AlwaysTrue,"[0.40519839036169525, 0.5484554686747951]","[0.2282307110005323, 0.5293911315803326]",11.005857706069946,"{'V3': 1.0, 'V4': 1.0, 'V5': 1.0}"
M0_PS_V1_V0,0,2,10,10,2,7000,V1,V0,PS,Metropolis_Hastings_AlwaysTrue,"[0.49159606831844194, 0.6723073456216049]","[0.7210247097808495, 0.9844883031342316]",12.734408617019652,"{'V3': 1.0, 'V4': 1.0, 'V5': 1.0}"
M0_PS_V2_V0,0,2,10,10,2,7000,V2,V0,PS,Metropolis_Hastings_AlwaysTrue,"[0.3961870144217243, 0.566503286944366]","[0.319276664128295, 0.7405762080357261]",12.734408617019652,"{'V3': 1.0, 'V4': 1.0, 'V5': 1.0}"
M0_PN_V1_V0,0,2,10,10,2,7000,V1,V0,PN,Metropolis_Hastings_AlwaysTrue,"[0.49402838444547315, 0.6543128674144524]","[0.6506208706901839, 0.8883587875430508]",12.734408617019652,"{'V3': 1.0, 'V4': 1.0, 'V5': 1.0}"
M0_PN_V2_V0,0,2,10,10,2,7000,V2,V0,PN,Metropolis_Hastings_AlwaysTrue,"[0.40519839036169525, 0.5484554686747951]","[0.2282307110005323, 0.5293911315803326]",12.734408617019652,"{'V3': 1.0, 'V4': 1.0, 'V5': 1.0}"
M0_PS_V1_V0,0,2,10,10,2,8000,V1,V0,PS,Metropolis_Hastings_AlwaysTrue,"[0.49159606831844194, 0.6723073456216049]","[0.7210247097808495, 0.9844883031342316]",14.514944791793823,"{'V3': 1.0, 'V4': 1.0, 'V5': 1.0}"
M0_PS_V2_V0,0,2,10,10,2,8000,V2,V0,PS,Metropolis_Hastings_AlwaysTrue,"[0.3961870144217243, 0.566503286944366]","[0.319276664128295, 0.7405762080357261]",14.514944791793823,"{'V3': 1.0, 'V4': 1.0, 'V5': 1.0}"
M0_PN_V1_V0,0,2,10,10,2,8000,V1,V0,PN,Metropolis_Hastings_AlwaysTrue,"[0.49402838444547315, 0.6543128674144524]","[0.6506208706901839, 0.8883587875430508]",14.514944791793823,"{'V3': 1.0, 'V4': 1.0, 'V5': 1.0}"
M0_PN_V2_V0,0,2,10,10,2,8000,V2,V0,PN,Metropolis_Hastings_AlwaysTrue,"[0.40519839036169525, 0.5484554686747951]","[0.2282307110005323, 0.5293911315803326]",14.514944791793823,"{'V3': 1.0, 'V4': 1.0, 'V5': 1.0}"
M0_PS_V1_V0,0,2,10,10,2,9000,V1,V0,PS,Metropolis_Hastings_AlwaysTrue,"[0.49159606831844194, 0.6723073456216049]","[0.7210247097808495, 0.9844883031342316]",16.28429651260376,"{'V3': 1.0, 'V4': 1.0, 'V5': 1.0}"
M0_PS_V2_V0,0,2,10,10,2,9000,V2,V0,PS,Metropolis_Hastings_AlwaysTrue,"[0.3961870144217243, 0.566503286944366]","[0.319276664128295, 0.7405762080357261]",16.28429651260376,"{'V3': 1.0, 'V4': 1.0, 'V5': 1.0}"
M0_PN_V1_V0,0,2,10,10,2,9000,V1,V0,PN,Metropolis_Hastings_AlwaysTrue,"[0.49402838444547315, 0.6543128674144524]","[0.6506208706901839, 0.8883587875430508]",16.28429651260376,"{'V3': 1.0, 'V4': 1.0, 'V5': 1.0}"
M0_PN_V2_V0,0,2,10,10,2,9000,V2,V0,PN,Metropolis_Hastings_AlwaysTrue,"[0.40344576639126445, 0.5484554686747951]","[0.2282307110005323, 0.5293911315803326]",16.28429651260376,"{'V3': 1.0, 'V4': 1.0, 'V5': 1.0}"
M0_PS_V1_V0,0,2,10,10,2,10000,V1,V0,PS,Metropolis_Hastings_AlwaysTrue,"[0.49159606831844194, 0.6723073456216049]","[0.7210247097808495, 0.9844883031342316]",18.01628017425537,"{'V3': 1.0, 'V4': 1.0, 'V5': 1.0}"
M0_PS_V2_V0,0,2,10,10,2,10000,V2,V0,PS,Metropolis_Hastings_AlwaysTrue,"[0.3961870144217243, 0.566503286944366]","[0.319276664128295, 0.7405762080357261]",18.01628017425537,"{'V3': 1.0, 'V4': 1.0, 'V5': 1.0}"
M0_PN_V1_V0,0,2,10,10,2,10000,V1,V0,PN,Metropolis_Hastings_AlwaysTrue,"[0.49402838444547315, 0.6543128674144524]","[0.6506208706901839, 0.8883587875430508]",18.01628017425537,"{'V3': 1.0, 'V4': 1.0, 'V5': 1.0}"
M0_PN_V2_V0,0,2,10,10,2,10000,V2,V0,PN,Metropolis_Hastings_AlwaysTrue,"[0.3805815149567758, 0.5484554686747951]","[0.2282307110005323, 0.5293911315803326]",18.01628017425537,"{'V3': 1.0, 'V4': 1.0, 'V5': 1.0}"
M1_PS_V1_V0,1,2,6,10,2,1000,V1,V0,PS,Metropolis_Hastings_AlwaysTrue,"[0.2707103710682758, 0.37508146378143437]","[0.0094624004357471, 0.111541219873608]",1.5838971138000488,"{'V3': 1.0, 'V4': 1.0, 'V5': 1.0}"
M1_PS_V2_V0,1,2,6,10,2,1000,V2,V0,PS,Metropolis_Hastings_AlwaysTrue,"[0.24876117078045665, 0.34910974821411717]","[0.0858548666390267, 0.137922802958112]",1.5838971138000488,"{'V3': 1.0, 'V4': 1.0, 'V5': 1.0}"
M1_PN_V1_V0,1,2,6,10,2,1000,V1,V0,PN,Metropolis_Hastings_AlwaysTrue,"[0.6631778357539436, 0.8249084858228108]","[0.0848332163344578, 1.0]",1.5838971138000488,"{'V3': 1.0, 'V4': 1.0, 'V5': 1.0}"
M1_PN_V2_V0,1,2,6,10,2,1000,V2,V0,PN,Metropolis_Hastings_AlwaysTrue,"[0.6320761430696621, 0.773648153015237]","[0.622484932133386, 1.0]",1.5838971138000488,"{'V3': 1.0, 'V4': 1.0, 'V5': 1.0}"
M1_PS_V1_V0,1,2,6,10,2,2000,V1,V0,PS,Metropolis_Hastings_AlwaysTrue,"[0.25324029879712706, 0.37508146378143437]","[0.0094624004357471, 0.111541219873608]",3.1127099990844727,"{'V3': 1.0, 'V4': 1.0, 'V5': 1.0}"
M1_PS_V2_V0,1,2,6,10,2,2000,V2,V0,PS,Metropolis_Hastings_AlwaysTrue,"[0.24876117078045665, 0.34910974821411717]","[0.0858548666390267, 0.137922802958112]",3.1127099990844727,"{'V3': 1.0, 'V4': 1.0, 'V5': 1.0}"
M1_PN_V1_V0,1,2,6,10,2,2000,V1,V0,PN,Metropolis_Hastings_AlwaysTrue,"[0.6567268099735871, 0.8338550820898939]","[0.0848332163344578, 1.0]",3.1127099990844727,"{'V3': 1.0, 'V4': 1.0, 'V5': 1.0}"
M1_PN_V2_V0,1,2,6,10,2,2000,V2,V0,PN,Metropolis_Hastings_AlwaysTrue,"[0.6105712437012686, 0.7821384767086261]","[0.622484932133386, 1.0]",3.1127099990844727,"{'V3': 1.0, 'V4': 1.0, 'V5': 1.0}"
M1_PS_V1_V0,1,2,6,10,2,3000,V1,V0,PS,Metropolis_Hastings_AlwaysTrue,"[0.25324029879712706, 0.3775932697801836]","[0.0094624004357471, 0.111541219873608]",4.698518753051758,"{'V3': 1.0, 'V4': 1.0, 'V5': 1.0}"
M1_PS_V2_V0,1,2,6,10,2,3000,V2,V0,PS,Metropolis_Hastings_AlwaysTrue,"[0.24811295400313746, 0.34910974821411717]","[0.0858548666390267, 0.137922802958112]",4.698518753051758,"{'V3': 1.0, 'V4': 1.0, 'V5': 1.0}"
M1_PN_V1_V0,1,2,6,10,2,3000,V1,V0,PN,Metropolis_Hastings_AlwaysTrue,"[0.6477780654389521, 0.8435267173222881]","[0.0848332163344578, 1.0]",4.698518753051758,"{'V3': 1.0, 'V4': 1.0, 'V5': 1.0}"
M1_PN_V2_V0,1,2,6,10,2,3000,V2,V0,PN,Metropolis_Hastings_AlwaysTrue,"[0.6105712437012686, 0.7821384767086261]","[0.622484932133386, 1.0]",4.698518753051758,"{'V3': 1.0, 'V4': 1.0, 'V5': 1.0}"
M1_PS_V1_V0,1,2,6,10,2,4000,V1,V0,PS,Metropolis_Hastings_AlwaysTrue,"[0.25324029879712706, 0.3978255650360463]","[0.0094624004357471, 0.111541219873608]",6.490967750549316,"{'V3': 1.0, 'V4': 1.0, 'V5': 1.0}"
M1_PS_V2_V0,1,2,6,10,2,4000,V2,V0,PS,Metropolis_Hastings_AlwaysTrue,"[0.24811295400313746, 0.3582667325888588]","[0.0858548666390267, 0.137922802958112]",6.490967750549316,"{'V3': 1.0, 'V4': 1.0, 'V5': 1.0}"
M1_PN_V1_V0,1,2,6,10,2,4000,V1,V0,PN,Metropolis_Hastings_AlwaysTrue,"[0.644056242105171, 0.8435267173222881]","[0.0848332163344578, 1.0]",6.490967750549316,"{'V3': 1.0, 'V4': 1.0, 'V5': 1.0}"
M1_PN_V2_V0,1,2,6,10,2,4000,V2,V0,PN,Metropolis_Hastings_AlwaysTrue,"[0.6105712437012686, 0.7821384767086261]","[0.622484932133386, 1.0]",6.490967750549316,"{'V3': 1.0, 'V4': 1.0, 'V5': 1.0}"
M1_PS_V1_V0,1,2,6,10,2,5000,V1,V0,PS,Metropolis_Hastings_AlwaysTrue,"[0.25324029879712706, 0.3978255650360463]","[0.0094624004357471, 0.111541219873608]",8.323262691497803,"{'V3': 1.0, 'V4': 1.0, 'V5': 1.0}"
M1_PS_V2_V0,1,2,6,10,2,5000,V2,V0,PS,Metropolis_Hastings_AlwaysTrue,"[0.23799693059760454, 0.3582667325888588]","[0.0858548666390267, 0.137922802958112]",8.323262691497803,"{'V3': 1.0, 'V4': 1.0, 'V5': 1.0}"
M1_PN_V1_V0,1,2,6,10,2,5000,V1,V0,PN,Metropolis_Hastings_AlwaysTrue,"[0.644056242105171, 0.8435267173222881]","[0.0848332163344578, 1.0]",8.323262691497803,"{'V3': 1.0, 'V4': 1.0, 'V5': 1.0}"
M1_PN_V2_V0,1,2,6,10,2,5000,V2,V0,PN,Metropolis_Hastings_AlwaysTrue,"[0.6105712437012686, 0.7821384767086261]","[0.622484932133386, 1.0]",8.323262691497803,"{'V3': 1.0, 'V4': 1.0, 'V5': 1.0}"
M1_PS_V1_V0,1,2,6,10,2,6000,V1,V0,PS,Metropolis_Hastings_AlwaysTrue,"[0.25324029879712706, 0.3978255650360463]","[0.0094624004357471, 0.111541219873608]",9.921537160873411,"{'V3': 1.0, 'V4': 1.0, 'V5': 1.0}"
M1_PS_V2_V0,1,2,6,10,2,6000,V2,V0,PS,Metropolis_Hastings_AlwaysTrue,"[0.23799693059760454, 0.3582667325888588]","[0.0858548666390267, 0.137922802958112]",9.921537160873411,"{'V3': 1.0, 'V4': 1.0, 'V5': 1.0}"
M1_PN_V1_V0,1,2,6,10,2,6000,V1,V0,PN,Metropolis_Hastings_AlwaysTrue,"[0.644056242105171, 0.8435267173222881]","[0.0848332163344578, 1.0]",9.921537160873411,"{'V3': 1.0, 'V4': 1.0, 'V5': 1.0}"
M1_PN_V2_V0,1,2,6,10,2,6000,V2,V0,PN,Metropolis_Hastings_AlwaysTrue,"[0.6105712437012686, 0.7821384767086261]","[0.622484932133386, 1.0]",9.921537160873411,"{'V3': 1.0, 'V4': 1.0, 'V5': 1.0}"
M1_PS_V1_V0,1,2,6,10,2,7000,V1,V0,PS,Metropolis_Hastings_AlwaysTrue,"[0.25324029879712706, 0.3978255650360463]","[0.0094624004357471, 0.111541219873608]",11.51687479019165,"{'V3': 1.0, 'V4': 1.0, 'V5': 1.0}"
M1_PS_V2_V0,1,2,6,10,2,7000,V2,V0,PS,Metropolis_Hastings_AlwaysTrue,"[0.23799693059760454, 0.36380327989200295]","[0.0858548666390267, 0.137922802958112]",11.51687479019165,"{'V3': 1.0, 'V4': 1.0, 'V5': 1.0}"
M1_PN_V1_V0,1,2,6,10,2,7000,V1,V0,PN,Metropolis_Hastings_AlwaysTrue,"[0.6329012444381193, 0.8435267173222881]","[0.0848332163344578, 1.0]",11.51687479019165,"{'V3': 1.0, 'V4': 1.0, 'V5': 1.0}"
M1_PN_V2_V0,1,2,6,10,2,7000,V2,V0,PN,Metropolis_Hastings_AlwaysTrue,"[0.6105712437012686, 0.789752516807689]","[0.622484932133386, 1.0]",11.51687479019165,"{'V3': 1.0, 'V4': 1.0, 'V5': 1.0}"
M1_PS_V1_V0,1,2,6,10,2,8000,V1,V0,PS,Metropolis_Hastings_AlwaysTrue,"[0.25324029879712706, 0.3978255650360463]","[0.0094624004357471, 0.111541219873608]",13.103846788406372,"{'V3': 1.0, 'V4': 1.0, 'V5': 1.0}"
M1_PS_V2_V0,1,2,6,10,2,8000,V2,V0,PS,Metropolis_Hastings_AlwaysTrue,"[0.23799693059760454, 0.36380327989200295]","[0.0858548666390267, 0.137922802958112]",13.103846788406372,"{'V3': 1.0, 'V4': 1.0, 'V5': 1.0}"
M1_PN_V1_V0,1,2,6,10,2,8000,V1,V0,PN,Metropolis_Hastings_AlwaysTrue,"[0.6329012444381193, 0.8435267173222881]","[0.0848332163344578, 1.0]",13.103846788406372,"{'V3': 1.0, 'V4': 1.0, 'V5': 1.0}"
M1_PN_V2_V0,1,2,6,10,2,8000,V2,V0,PN,Metropolis_Hastings_AlwaysTrue,"[0.6065741398422183, 0.7928964214112235]","[0.622484932133386, 1.0]",13.103846788406372,"{'V3': 1.0, 'V4': 1.0, 'V5': 1.0}"
M1_PS_V1_V0,1,2,6,10,2,9000,V1,V0,PS,Metropolis_Hastings_AlwaysTrue,"[0.25324029879712706, 0.3978255650360463]","[0.0094624004357471, 0.111541219873608]",14.65415906906128,"{'V3': 1.0, 'V4': 1.0, 'V5': 1.0}"
M1_PS_V2_V0,1,2,6,10,2,9000,V2,V0,PS,Metropolis_Hastings_AlwaysTrue,"[0.23799693059760454, 0.36380327989200295]","[0.0858548666390267, 0.137922802958112]",14.65415906906128,"{'V3': 1.0, 'V4': 1.0, 'V5': 1.0}"
M1_PN_V1_V0,1,2,6,10,2,9000,V1,V0,PN,Metropolis_Hastings_AlwaysTrue,"[0.6329012444381193, 0.8435267173222881]","[0.0848332163344578, 1.0]",14.65415906906128,"{'V3': 1.0, 'V4': 1.0, 'V5': 1.0}"
M1_PN_V2_V0,1,2,6,10,2,9000,V2,V0,PN,Metropolis_Hastings_AlwaysTrue,"[0.6065741398422183, 0.7928964214112235]","[0.622484932133386, 1.0]",14.65415906906128,"{'V3': 1.0, 'V4': 1.0, 'V5': 1.0}"
M1_PS_V1_V0,1,2,6,10,2,10000,V1,V0,PS,Metropolis_Hastings_AlwaysTrue,"[0.25324029879712706, 0.3978255650360463]","[0.0094624004357471, 0.111541219873608]",16.20332098007202,"{'V3': 1.0, 'V4': 1.0, 'V5': 1.0}"
M1_PS_V2_V0,1,2,6,10,2,10000,V2,V0,PS,Metropolis_Hastings_AlwaysTrue,"[0.23799693059760454, 0.36380327989200295]","[0.0858548666390267, 0.137922802958112]",16.20332098007202,"{'V3': 1.0, 'V4': 1.0, 'V5': 1.0}"
M1_PN_V1_V0,1,2,6,10,2,10000,V1,V0,PN,Metropolis_Hastings_AlwaysTrue,"[0.6329012444381193, 0.8435267173222881]","[0.0848332163344578, 1.0]",16.20332098007202,"{'V3': 1.0, 'V4': 1.0, 'V5': 1.0}"
M1_PN_V2_V0,1,2,6,10,2,10000,V2,V0,PN,Metropolis_Hastings_AlwaysTrue,"[0.6065741398422183, 0.7928964214112235]","[0.622484932133386, 1.0]",16.20332098007202,"{'V3': 1.0, 'V4': 1.0, 'V5': 1.0}"
M1_PS_V1_V0,1,2,8,10,2,1000,V1,V0,PS,Metropolis_Hastings_AlwaysTrue,"[0.2571238501593127, 0.36248355360766626]","[0.0, 0.1115960259152624]",2.5307958126068115,"{'V3': 1.0, 'V4': 1.0, 'V5': 1.0}"
M1_PS_V2_V0,1,2,8,10,2,1000,V2,V0,PS,Metropolis_Hastings_AlwaysTrue,"[0.33530630257908306, 0.47539127823216193]","[0.09333558650521, 0.1400242873646147]",2.5307958126068115,"{'V3': 1.0, 'V4': 1.0, 'V5': 1.0}"
M1_PN_V1_V0,1,2,8,10,2,1000,V1,V0,PN,Metropolis_Hastings_AlwaysTrue,"[0.5342744101469944, 0.7018434548541593]","[0.0, 1.0]",2.5307958126068115,"{'V3': 1.0, 'V4': 1.0, 'V5': 1.0}"
M1_PN_V2_V0,1,2,8,10,2,1000,V2,V0,PN,Metropolis_Hastings_AlwaysTrue,"[0.7174272892355891, 0.8694270105289261]","[0.6665671239030829, 1.0]",2.5307958126068115,"{'V3': 1.0, 'V4': 1.0, 'V5': 1.0}"
M1_PS_V1_V0,1,2,8,10,2,2000,V1,V0,PS,Metropolis_Hastings_AlwaysTrue,"[0.2540154268474946, 0.36248355360766626]","[0.0, 0.1115960259152624]",4.1954429149627686,"{'V3': 1.0, 'V4': 1.0, 'V5': 1.0}"
M1_PS_V2_V0,1,2,8,10,2,2000,V2,V0,PS,Metropolis_Hastings_AlwaysTrue,"[0.32559225726559127, 0.47539127823216193]","[0.09333558650521, 0.1400242873646147]",4.1954429149627686,"{'V3': 1.0, 'V4': 1.0, 'V5': 1.0}"
M1_PN_V1_V0,1,2,8,10,2,2000,V1,V0,PN,Metropolis_Hastings_AlwaysTrue,"[0.5316440583274774, 0.7275004128914666]","[0.0, 1.0]",4.1954429149627686,"{'V3': 1.0, 'V4': 1.0, 'V5': 1.0}"
M1_PN_V2_V0,1,2,8,10,2,2000,V2,V0,PN,Metropolis_Hastings_AlwaysTrue,"[0.7071691419026384, 0.8694270105289261]","[0.6665671239030829, 1.0]",4.1954429149627686,"{'V3': 1.0, 'V4': 1.0, 'V5': 1.0}"
M1_PS_V1_V0,1,2,8,10,2,3000,V1,V0,PS,Metropolis_Hastings_AlwaysTrue,"[0.2308829366958571, 0.36248355360766626]","[0.0, 0.1115960259152624]",5.970452070236206,"{'V3': 1.0, 'V4': 1.0, 'V5': 1.0}"
M1_PS_V2_V0,1,2,8,10,2,3000,V2,V0,PS,Metropolis_Hastings_AlwaysTrue,"[0.32559225726559127, 0.47539127823216193]","[0.09333558650521, 0.1400242873646147]",5.970452070236206,"{'V3': 1.0, 'V4': 1.0, 'V5': 1.0}"
M1_PN_V1_V0,1,2,8,10,2,3000,V1,V0,PN,Metropolis_Hastings_AlwaysTrue,"[0.5246477593123104, 0.7275004128914666]","[0.0, 1.0]",5.970452070236206,"{'V3': 1.0, 'V4': 1.0, 'V5': 1.0}"
M1_PN_V2_V0,1,2,8,10,2,3000,V2,V0,PN,Metropolis_Hastings_AlwaysTrue,"[0.7071691419026384, 0.8713429248354595]","[0.6665671239030829, 1.0]",5.970452070236206,"{'V3': 1.0, 'V4': 1.0, 'V5': 1.0}"
M1_PS_V1_V0,1,2,8,10,2,4000,V1,V0,PS,Metropolis_Hastings_AlwaysTrue,"[0.2308829366958571, 0.371417581730982]","[0.0, 0.1115960259152624]",7.654282331466675,"{'V3': 1.0, 'V4': 1.0, 'V5': 1.0}"
M1_PS_V2_V0,1,2,8,10,2,4000,V2,V0,PS,Metropolis_Hastings_AlwaysTrue,"[0.32559225726559127, 0.47539127823216193]","[0.09333558650521, 0.1400242873646147]",7.654282331466675,"{'V3': 1.0, 'V4': 1.0, 'V5': 1.0}"
M1_PN_V1_V0,1,2,8,10,2,4000,V1,V0,PN,Metropolis_Hastings_AlwaysTrue,"[0.5246477593123104, 0.7275004128914666]","[0.0, 1.0]",7.654282331466675,"{'V3': 1.0, 'V4': 1.0, 'V5': 1.0}"
M1_PN_V2_V0,1,2,8,10,2,4000,V2,V0,PN,Metropolis_Hastings_AlwaysTrue,"[0.7071691419026384, 0.8713429248354595]","[0.6665671239030829, 1.0]",7.654282331466675,"{'V3': 1.0, 'V4': 1.0, 'V5': 1.0}"
M1_PS_V1_V0,1,2,8,10,2,5000,V1,V0,PS,Metropolis_Hastings_AlwaysTrue,"[0.2308829366958571, 0.371417581730982]","[0.0, 0.1115960259152624]",9.565802574157717,"{'V3': 1.0, 'V4': 1.0, 'V5': 1.0}"
M1_PS_V2_V0,1,2,8,10,2,5000,V2,V0,PS,Metropolis_Hastings_AlwaysTrue,"[0.32559225726559127, 0.47539127823216193]","[0.09333558650521, 0.1400242873646147]",9.565802574157717,"{'V3': 1.0, 'V4': 1.0, 'V5': 1.0}"
M1_PN_V1_V0,1,2,8,10,2,5000,V1,V0,PN,Metropolis_Hastings_AlwaysTrue,"[0.5246477593123104, 0.7275004128914666]","[0.0, 1.0]",9.565802574157717,"{'V3': 1.0, 'V4': 1.0, 'V5': 1.0}"
M1_PN_V2_V0,1,2,8,10,2,5000,V2,V0,PN,Metropolis_Hastings_AlwaysTrue,"[0.7071691419026384, 0.8713429248354595]","[0.6665671239030829, 1.0]",9.565802574157717,"{'V3': 1.0, 'V4': 1.0, 'V5': 1.0}"
M1_PS_V1_V0,1,2,8,10,2,6000,V1,V0,PS,Metropolis_Hastings_AlwaysTrue,"[0.2308829366958571, 0.371417581730982]","[0.0, 0.1115960259152624]",11.255955696105955,"{'V3': 1.0, 'V4': 1.0, 'V5': 1.0}"
M1_PS_V2_V0,1,2,8,10,2,6000,V2,V0,PS,Metropolis_Hastings_AlwaysTrue,"[0.32559225726559127, 0.47539127823216193]","[0.09333558650521, 0.1400242873646147]",11.255955696105955,"{'V3': 1.0, 'V4': 1.0, 'V5': 1.0}"
M1_PN_V1_V0,1,2,8,10,2,6000,V1,V0,PN,Metropolis_Hastings_AlwaysTrue,"[0.5246477593123104, 0.7275004128914666]","[0.0, 1.0]",11.255955696105955,"{'V3': 1.0, 'V4': 1.0, 'V5': 1.0}"
M1_PN_V2_V0,1,2,8,10,2,6000,V2,V0,PN,Metropolis_Hastings_AlwaysTrue,"[0.7071691419026384, 0.8716163321792368]","[0.6665671239030829, 1.0]",11.255955696105955,"{'V3': 1.0, 'V4': 1.0, 'V5': 1.0}"
M1_PS_V1_V0,1,2,8,10,2,7000,V1,V0,PS,Metropolis_Hastings_AlwaysTrue,"[0.2308829366958571, 0.380681895747586]","[0.0, 0.1115960259152624]",12.88241696357727,"{'V3': 1.0, 'V4': 1.0, 'V5': 1.0}"
M1_PS_V2_V0,1,2,8,10,2,7000,V2,V0,PS,Metropolis_Hastings_AlwaysTrue,"[0.32559225726559127, 0.47539127823216193]","[0.09333558650521, 0.1400242873646147]",12.88241696357727,"{'V3': 1.0, 'V4': 1.0, 'V5': 1.0}"
M1_PN_V1_V0,1,2,8,10,2,7000,V1,V0,PN,Metropolis_Hastings_AlwaysTrue,"[0.5246477593123104, 0.7275004128914666]","[0.0, 1.0]",12.88241696357727,"{'V3': 1.0, 'V4': 1.0, 'V5': 1.0}"
M1_PN_V2_V0,1,2,8,10,2,7000,V2,V0,PN,Metropolis_Hastings_AlwaysTrue,"[0.7071691419026384, 0.8716163321792368]","[0.6665671239030829, 1.0]",12.88241696357727,"{'V3': 1.0, 'V4': 1.0, 'V5': 1.0}"
M1_PS_V1_V0,1,2,8,10,2,8000,V1,V0,PS,Metropolis_Hastings_AlwaysTrue,"[0.2308829366958571, 0.380681895747586]","[0.0, 0.1115960259152624]",14.535012006759644,"{'V3': 1.0, 'V4': 1.0, 'V5': 1.0}"
M1_PS_V2_V0,1,2,8,10,2,8000,V2,V0,PS,Metropolis_Hastings_AlwaysTrue,"[0.32559225726559127, 0.47539127823216193]","[0.09333558650521, 0.1400242873646147]",14.535012006759644,"{'V3': 1.0, 'V4': 1.0, 'V5': 1.0}"
M1_PN_V1_V0,1,2,8,10,2,8000,V1,V0,PN,Metropolis_Hastings_AlwaysTrue,"[0.5116568150107855, 0.7275004128914666]","[0.0, 1.0]",14.535012006759644,"{'V3': 1.0, 'V4': 1.0, 'V5': 1.0}"
M1_PN_V2_V0,1,2,8,10,2,8000,V2,V0,PN,Metropolis_Hastings_AlwaysTrue,"[0.7071691419026384, 0.8716163321792368]","[0.6665671239030829, 1.0]",14.535012006759644,"{'V3': 1.0, 'V4': 1.0, 'V5': 1.0}"
M1_PS_V1_V0,1,2,8,10,2,9000,V1,V0,PS,Metropolis_Hastings_AlwaysTrue,"[0.2308829366958571, 0.380681895747586]","[0.0, 0.1115960259152624]",16.18388080596924,"{'V3': 1.0, 'V4': 1.0, 'V5': 1.0}"
M1_PS_V2_V0,1,2,8,10,2,9000,V2,V0,PS,Metropolis_Hastings_AlwaysTrue,"[0.32368194781099136, 0.47539127823216193]","[0.09333558650521, 0.1400242873646147]",16.18388080596924,"{'V3': 1.0, 'V4': 1.0, 'V5': 1.0}"
M1_PN_V1_V0,1,2,8,10,2,9000,V1,V0,PN,Metropolis_Hastings_AlwaysTrue,"[0.5116568150107855, 0.7275004128914666]","[0.0, 1.0]",16.18388080596924,"{'V3': 1.0, 'V4': 1.0, 'V5': 1.0}"
M1_PN_V2_V0,1,2,8,10,2,9000,V2,V0,PN,Metropolis_Hastings_AlwaysTrue,"[0.7071691419026384, 0.8716163321792368]","[0.6665671239030829, 1.0]",16.18388080596924,"{'V3': 1.0, 'V4': 1.0, 'V5': 1.0}"
M1_PS_V1_V0,1,2,8,10,2,10000,V1,V0,PS,Metropolis_Hastings_AlwaysTrue,"[0.2308829366958571, 0.380681895747586]","[0.0, 0.1115960259152624]",17.871723175048828,"{'V3': 1.0, 'V4': 1.0, 'V5': 1.0}"
M1_PS_V2_V0,1,2,8,10,2,10000,V2,V0,PS,Metropolis_Hastings_AlwaysTrue,"[0.32368194781099136, 0.47539127823216193]","[0.09333558650521, 0.1400242873646147]",17.871723175048828,"{'V3': 1.0, 'V4': 1.0, 'V5': 1.0}"
M1_PN_V1_V0,1,2,8,10,2,10000,V1,V0,PN,Metropolis_Hastings_AlwaysTrue,"[0.5116568150107855, 0.7275004128914666]","[0.0, 1.0]",17.871723175048828,"{'V3': 1.0, 'V4': 1.0, 'V5': 1.0}"
M1_PN_V2_V0,1,2,8,10,2,10000,V2,V0,PN,Metropolis_Hastings_AlwaysTrue,"[0.6979253563272901, 0.880072878819191]","[0.6665671239030829, 1.0]",17.871723175048828,"{'V3': 1.0, 'V4': 1.0, 'V5': 1.0}"
M1_PS_V1_V0,1,2,6,5,2,1000,V1,V0,PS,Metropolis_Hastings_AlwaysTrue,"[0.2864648568747643, 0.4140455747162629]","[0.0, 0.111541219873608]",1.6803784370422363,"{'V3': 1.0, 'V4': 1.0, 'V5': 1.0}"
M1_PS_V2_V0,1,2,6,5,2,1000,V2,V0,PS,Metropolis_Hastings_AlwaysTrue,"[0.32568439950792066, 0.44023961296292846]","[0.0858548666390267, 0.137922802958112]",1.6803784370422363,"{'V3': 1.0, 'V4': 1.0, 'V5': 1.0}"
M1_PN_V1_V0,1,2,6,5,2,1000,V1,V0,PN,Metropolis_Hastings_AlwaysTrue,"[0.5837791777840542, 0.7663025135357547]","[0.0, 1.0]",1.6803784370422363,"{'V3': 1.0, 'V4': 1.0, 'V5': 1.0}"
M1_PN_V2_V0,1,2,6,5,2,1000,V2,V0,PN,Metropolis_Hastings_AlwaysTrue,"[0.6840102024267626, 0.8384556392476715]","[0.622484932133386, 1.0]",1.6803784370422363,"{'V3': 1.0, 'V4': 1.0, 'V5': 1.0}"
M1_PS_V1_V0,1,2,6,5,2,2000,V1,V0,PS,Metropolis_Hastings_AlwaysTrue,"[0.2864648568747643, 0.4140455747162629]","[0.0, 0.111541219873608]",3.315624475479126,"{'V3': 1.0, 'V4': 1.0, 'V5': 1.0}"
M1_PS_V2_V0,1,2,6,5,2,2000,V2,V0,PS,Metropolis_Hastings_AlwaysTrue,"[0.3215432642044716, 0.44626071545710244]","[0.0858548666390267, 0.137922802958112]",3.315624475479126,"{'V3': 1.0, 'V4': 1.0, 'V5': 1.0}"
M1_PN_V1_V0,1,2,6,5,2,2000,V1,V0,PN,Metropolis_Hastings_AlwaysTrue,"[0.5712466923333589, 0.7663025135357547]","[0.0, 1.0]",3.315624475479126,"{'V3': 1.0, 'V4': 1.0, 'V5': 1.0}"
M1_PN_V2_V0,1,2,6,5,2,2000,V2,V0,PN,Metropolis_Hastings_AlwaysTrue,"[0.6840102024267626, 0.8384556392476715]","[0.622484932133386, 1.0]",3.315624475479126,"{'V3': 1.0, 'V4': 1.0, 'V5': 1.0}"
M1_PS_V1_V0,1,2,6,5,2,3000,V1,V0,PS,Metropolis_Hastings_AlwaysTrue,"[0.2864648568747643, 0.4184725270437683]","[0.0, 0.111541219873608]",4.950623273849487,"{'V3': 1.0, 'V4': 1.0, 'V5': 1.0}"
M1_PS_V2_V0,1,2,6,5,2,3000,V2,V0,PS,Metropolis_Hastings_AlwaysTrue,"[0.3215432642044716, 0.44626071545710244]","[0.0858548666390267, 0.137922802958112]",4.950623273849487,"{'V3': 1.0, 'V4': 1.0, 'V5': 1.0}"
M1_PN_V1_V0,1,2,6,5,2,3000,V1,V0,PN,Metropolis_Hastings_AlwaysTrue,"[0.5712466923333589, 0.7716096459122213]","[0.0, 1.0]",4.950623273849487,"{'V3': 1.0, 'V4': 1.0, 'V5': 1.0}"
M1_PN_V2_V0,1,2,6,5,2,3000,V2,V0,PN,Metropolis_Hastings_AlwaysTrue,"[0.6840102024267626, 0.8418497192875913]","[0.622484932133386, 1.0]",4.950623273849487,"{'V3': 1.0, 'V4': 1.0, 'V5': 1.0}"
M1_PS_V1_V0,1,2,6,5,2,4000,V1,V0,PS,Metropolis_Hastings_AlwaysTrue,"[0.2864648568747643, 0.4184725270437683]","[0.0, 0.111541219873608]",6.853962182998657,"{'V3': 1.0, 'V4': 1.0, 'V5': 1.0}"
M1_PS_V2_V0,1,2,6,5,2,4000,V2,V0,PS,Metropolis_Hastings_AlwaysTrue,"[0.3215432642044716, 0.44626071545710244]","[0.0858548666390267, 0.137922802958112]",6.853962182998657,"{'V3': 1.0, 'V4': 1.0, 'V5': 1.0}"
M1_PN_V1_V0,1,2,6,5,2,4000,V1,V0,PN,Metropolis_Hastings_AlwaysTrue,"[0.5712466923333589, 0.7716096459122213]","[0.0, 1.0]",6.853962182998657,"{'V3': 1.0, 'V4': 1.0, 'V5': 1.0}"
M1_PN_V2_V0,1,2,6,5,2,4000,V2,V0,PN,Metropolis_Hastings_AlwaysTrue,"[0.6671623493626772, 0.8418497192875913]","[0.622484932133386, 1.0]",6.853962182998657,"{'V3': 1.0, 'V4': 1.0, 'V5': 1.0}"
M1_PS_V1_V0,1,2,6,5,2,5000,V1,V0,PS,Metropolis_Hastings_AlwaysTrue,"[0.2864648568747643, 0.4184725270437683]","[0.0, 0.111541219873608]",8.562239408493042,"{'V3': 1.0, 'V4': 1.0, 'V5': 1.0}"
M1_PS_V2_V0,1,2,6,5,2,5000,V2,V0,PS,Metropolis_Hastings_AlwaysTrue,"[0.3215432642044716, 0.4498932042154363]","[0.0858548666390267, 0.137922802958112]",8.562239408493042,"{'V3': 1.0, 'V4': 1.0, 'V5': 1.0}"
M1_PN_V1_V0,1,2,6,5,2,5000,V1,V0,PN,Metropolis_Hastings_AlwaysTrue,"[0.5712466923333589, 0.7750120037024332]","[0.0, 1.0]",8.562239408493042,"{'V3': 1.0, 'V4': 1.0, 'V5': 1.0}"
M1_PN_V2_V0,1,2,6,5,2,5000,V2,V0,PN,Metropolis_Hastings_AlwaysTrue,"[0.6671623493626772, 0.8418497192875913]","[0.622484932133386, 1.0]",8.562239408493042,"{'V3': 1.0, 'V4': 1.0, 'V5': 1.0}"
M1_PS_V1_V0,1,2,6,5,2,6000,V1,V0,PS,Metropolis_Hastings_AlwaysTrue,"[0.2864648568747643, 0.4184725270437683]","[0.0, 0.111541219873608]",10.245959281921388,"{'V3': 1.0, 'V4': 1.0, 'V5': 1.0}"
M1_PS_V2_V0,1,2,6,5,2,6000,V2,V0,PS,Metropolis_Hastings_AlwaysTrue,"[0.3215432642044716, 0.4498932042154363]","[0.0858548666390267, 0.137922802958112]",10.245959281921388,"{'V3': 1.0, 'V4': 1.0, 'V5': 1.0}"
M1_PN_V1_V0,1,2,6,5,2,6000,V1,V0,PN,Metropolis_Hastings_AlwaysTrue,"[0.5712466923333589, 0.777178217408364]","[0.0, 1.0]",10.245959281921388,"{'V3': 1.0, 'V4': 1.0, 'V5': 1.0}"
M1_PN_V2_V0,1,2,6,5,2,6000,V2,V0,PN,Metropolis_Hastings_AlwaysTrue,"[0.6671623493626772, 0.8418497192875913]","[0.622484932133386, 1.0]",10.245959281921388,"{'V3': 1.0, 'V4': 1.0, 'V5': 1.0}"
M1_PS_V1_V0,1,2,6,5,2,7000,V1,V0,PS,Metropolis_Hastings_AlwaysTrue,"[0.2864648568747643, 0.4184725270437683]","[0.0, 0.111541219873608]",11.94945788383484,"{'V3': 1.0, 'V4': 1.0, 'V5': 1.0}"
M1_PS_V2_V0,1,2,6,5,2,7000,V2,V0,PS,Metropolis_Hastings_AlwaysTrue,"[0.3215432642044716, 0.4498932042154363]","[0.0858548666390267, 0.137922802958112]",11.94945788383484,"{'V3': 1.0, 'V4': 1.0, 'V5': 1.0}"
M1_PN_V1_V0,1,2,6,5,2,7000,V1,V0,PN,Metropolis_Hastings_AlwaysTrue,"[0.5712466923333589, 0.7930858509753534]","[0.0, 1.0]",11.94945788383484,"{'V3': 1.0, 'V4': 1.0, 'V5': 1.0}"
M1_PN_V2_V0,1,2,6,5,2,7000,V2,V0,PN,Metropolis_Hastings_AlwaysTrue,"[0.6671623493626772, 0.8418497192875913]","[0.622484932133386, 1.0]",11.94945788383484,"{'V3': 1.0, 'V4': 1.0, 'V5': 1.0}"
M1_PS_V1_V0,1,2,6,5,2,8000,V1,V0,PS,Metropolis_Hastings_AlwaysTrue,"[0.2864648568747643, 0.4184725270437683]","[0.0, 0.111541219873608]",13.610662460327148,"{'V3': 1.0, 'V4': 1.0, 'V5': 1.0}"
M1_PS_V2_V0,1,2,6,5,2,8000,V2,V0,PS,Metropolis_Hastings_AlwaysTrue,"[0.3215432642044716, 0.4498932042154363]","[0.0858548666390267, 0.137922802958112]",13.610662460327148,"{'V3': 1.0, 'V4': 1.0, 'V5': 1.0}"
M1_PN_V1_V0,1,2,6,5,2,8000,V1,V0,PN,Metropolis_Hastings_AlwaysTrue,"[0.5712466923333589, 0.7930858509753534]","[0.0, 1.0]",13.610662460327148,"{'V3': 1.0, 'V4': 1.0, 'V5': 1.0}"
M1_PN_V2_V0,1,2,6,5,2,8000,V2,V0,PN,Metropolis_Hastings_AlwaysTrue,"[0.6671623493626772, 0.8418497192875913]","[0.622484932133386, 1.0]",13.610662460327148,"{'V3': 1.0, 'V4': 1.0, 'V5': 1.0}"
M1_PS_V1_V0,1,2,6,5,2,9000,V1,V0,PS,Metropolis_Hastings_AlwaysTrue,"[0.2821214174096946, 0.4184725270437683]","[0.0, 0.111541219873608]",15.285116910934448,"{'V3': 1.0, 'V4': 1.0, 'V5': 1.0}"
M1_PS_V2_V0,1,2,6,5,2,9000,V2,V0,PS,Metropolis_Hastings_AlwaysTrue,"[0.3080838759092592, 0.4498932042154363]","[0.0858548666390267, 0.137922802958112]",15.285116910934448,"{'V3': 1.0, 'V4': 1.0, 'V5': 1.0}"
M1_PN_V1_V0,1,2,6,5,2,9000,V1,V0,PN,Metropolis_Hastings_AlwaysTrue,"[0.5613268673367081, 0.7930858509753534]","[0.0, 1.0]",15.285116910934448,"{'V3': 1.0, 'V4': 1.0, 'V5': 1.0}"
M1_PN_V2_V0,1,2,6,5,2,9000,V2,V0,PN,Metropolis_Hastings_AlwaysTrue,"[0.6539330348897804, 0.8418497192875913]","[0.622484932133386, 1.0]",15.285116910934448,"{'V3': 1.0, 'V4': 1.0, 'V5': 1.0}"
M1_PS_V1_V0,1,2,6,5,2,10000,V1,V0,PS,Metropolis_Hastings_AlwaysTrue,"[0.2821214174096946, 0.4184725270437683]","[0.0, 0.111541219873608]",16.921377420425415,"{'V3': 1.0, 'V4': 1.0, 'V5': 1.0}"
M1_PS_V2_V0,1,2,6,5,2,10000,V2,V0,PS,Metropolis_Hastings_AlwaysTrue,"[0.3080838759092592, 0.4498932042154363]","[0.0858548666390267, 0.137922802958112]",16.921377420425415,"{'V3': 1.0, 'V4': 1.0, 'V5': 1.0}"
M1_PN_V1_V0,1,2,6,5,2,10000,V1,V0,PN,Metropolis_Hastings_AlwaysTrue,"[0.5613268673367081, 0.7930858509753534]","[0.0, 1.0]",16.921377420425415,"{'V3': 1.0, 'V4': 1.0, 'V5': 1.0}"
M1_PN_V2_V0,1,2,6,5,2,10000,V2,V0,PN,Metropolis_Hastings_AlwaysTrue,"[0.6539330348897804, 0.8418497192875913]","[0.622484932133386, 1.0]",16.921377420425415,"{'V3': 1.0, 'V4': 1.0, 'V5': 1.0}"
M1_PS_V1_V0,1,2,8,5,2,1000,V1,V0,PS,Metropolis_Hastings_AlwaysTrue,"[0.24921153605788704, 0.35390358735317834]","[0.0, 0.1115960259152624]",1.7095615863800049,"{'V3': 1.0, 'V4': 1.0, 'V5': 1.0}"
M1_PS_V2_V0,1,2,8,5,2,1000,V2,V0,PS,Metropolis_Hastings_AlwaysTrue,"[0.33871360523698313, 0.4515070365882834]","[0.09333558650521, 0.1400242873646147]",1.7095615863800049,"{'V3': 1.0, 'V4': 1.0, 'V5': 1.0}"
M1_PN_V1_V0,1,2,8,5,2,1000,V1,V0,PN,Metropolis_Hastings_AlwaysTrue,"[0.5064555089421839, 0.691389774511449]","[0.0, 1.0]",1.7095615863800049,"{'V3': 1.0, 'V4': 1.0, 'V5': 1.0}"
M1_PN_V2_V0,1,2,8,5,2,1000,V2,V0,PN,Metropolis_Hastings_AlwaysTrue,"[0.664363362496207, 0.8604401176388169]","[0.6665671239030829, 1.0]",1.7095615863800049,"{'V3': 1.0, 'V4': 1.0, 'V5': 1.0}"
M1_PS_V1_V0,1,2,8,5,2,2000,V1,V0,PS,Metropolis_Hastings_AlwaysTrue,"[0.24921153605788704, 0.35720323883167426]","[0.0, 0.1115960259152624]",4.257280826568604,"{'V3': 1.0, 'V4': 1.0, 'V5': 1.0}"
M1_PS_V2_V0,1,2,8,5,2,2000,V2,V0,PS,Metropolis_Hastings_AlwaysTrue,"[0.32596544909457226, 0.45880990130623994]","[0.09333558650521, 0.1400242873646147]",4.257280826568604,"{'V3': 1.0, 'V4': 1.0, 'V5': 1.0}"
M1_PN_V1_V0,1,2,8,5,2,2000,V1,V0,PN,Metropolis_Hastings_AlwaysTrue,"[0.48649346510620417, 0.691389774511449]","[0.0, 1.0]",4.257280826568604,"{'V3': 1.0, 'V4': 1.0, 'V5': 1.0}"
M1_PN_V2_V0,1,2,8,5,2,2000,V2,V0,PN,Metropolis_Hastings_AlwaysTrue,"[0.664363362496207, 0.8604401176388169]","[0.6665671239030829, 1.0]",4.257280826568604,"{'V3': 1.0, 'V4': 1.0, 'V5': 1.0}"
M1_PS_V1_V0,1,2,8,5,2,3000,V1,V0,PS,Metropolis_Hastings_AlwaysTrue,"[0.24212557827662493, 0.36094591989216007]","[0.0, 0.1115960259152624]",5.973990440368652,"{'V3': 1.0, 'V4': 1.0, 'V5': 1.0}"
M1_PS_V2_V0,1,2,8,5,2,3000,V2,V0,PS,Metropolis_Hastings_AlwaysTrue,"[0.3005429525486274, 0.45880990130623994]","[0.09333558650521, 0.1400242873646147]",5.973990440368652,"{'V3': 1.0, 'V4': 1.0, 'V5': 1.0}"
M1_PN_V1_V0,1,2,8,5,2,3000,V1,V0,PN,Metropolis_Hastings_AlwaysTrue,"[0.48649346510620417, 0.694690779539131]","[0.0, 1.0]",5.973990440368652,"{'V3': 1.0, 'V4': 1.0, 'V5': 1.0}"
M1_PN_V2_V0,1,2,8,5,2,3000,V2,V0,PN,Metropolis_Hastings_AlwaysTrue,"[0.664363362496207, 0.8604401176388169]","[0.6665671239030829, 1.0]",5.973990440368652,"{'V3': 1.0, 'V4': 1.0, 'V5': 1.0}"
M1_PS_V1_V0,1,2,8,5,2,4000,V1,V0,PS,Metropolis_Hastings_AlwaysTrue,"[0.24212557827662493, 0.36094591989216007]","[0.0, 0.1115960259152624]",7.62875509262085,"{'V3': 1.0, 'V4': 1.0, 'V5': 1.0}"
M1_PS_V2_V0,1,2,8,5,2,4000,V2,V0,PS,Metropolis_Hastings_AlwaysTrue,"[0.3005429525486274, 0.45880990130623994]","[0.09333558650521, 0.1400242873646147]",7.62875509262085,"{'V3': 1.0, 'V4': 1.0, 'V5': 1.0}"
M1_PN_V1_V0,1,2,8,5,2,4000,V1,V0,PN,Metropolis_Hastings_AlwaysTrue,"[0.48649346510620417, 0.694690779539131]","[0.0, 1.0]",7.62875509262085,"{'V3': 1.0, 'V4': 1.0, 'V5': 1.0}"
M1_PN_V2_V0,1,2,8,5,2,4000,V2,V0,PN,Metropolis_Hastings_AlwaysTrue,"[0.664363362496207, 0.8604401176388169]","[0.6665671239030829, 1.0]",7.62875509262085,"{'V3': 1.0, 'V4': 1.0, 'V5': 1.0}"
M1_PS_V1_V0,1,2,8,5,2,5000,V1,V0,PS,Metropolis_Hastings_AlwaysTrue,"[0.24212557827662493, 0.36094591989216007]","[0.0, 0.1115960259152624]",9.35851788520813,"{'V3': 1.0, 'V4': 1.0, 'V5': 1.0}"
M1_PS_V2_V0,1,2,8,5,2,5000,V2,V0,PS,Metropolis_Hastings_AlwaysTrue,"[0.3005429525486274, 0.4785285438817317]","[0.09333558650521, 0.1400242873646147]",9.35851788520813,"{'V3': 1.0, 'V4': 1.0, 'V5': 1.0}"
M1_PN_V1_V0,1,2,8,5,2,5000,V1,V0,PN,Metropolis_Hastings_AlwaysTrue,"[0.48463610242766875, 0.694690779539131]","[0.0, 1.0]",9.35851788520813,"{'V3': 1.0, 'V4': 1.0, 'V5': 1.0}"
M1_PN_V2_V0,1,2,8,5,2,5000,V2,V0,PN,Metropolis_Hastings_AlwaysTrue,"[0.6616162400570957, 0.8604401176388169]","[0.6665671239030829, 1.0]",9.35851788520813,"{'V3': 1.0, 'V4': 1.0, 'V5': 1.0}"
M1_PS_V1_V0,1,2,8,5,2,6000,V1,V0,PS,Metropolis_Hastings_AlwaysTrue,"[0.23832196227226968, 0.3722754455259126]","[0.0, 0.1115960259152624]",11.02520513534546,"{'V3': 1.0, 'V4': 1.0, 'V5': 1.0}"
M1_PS_V2_V0,1,2,8,5,2,6000,V2,V0,PS,Metropolis_Hastings_AlwaysTrue,"[0.3005429525486274, 0.4785285438817317]","[0.09333558650521, 0.1400242873646147]",11.02520513534546,"{'V3': 1.0, 'V4': 1.0, 'V5': 1.0}"
M1_PN_V1_V0,1,2,8,5,2,6000,V1,V0,PN,Metropolis_Hastings_AlwaysTrue,"[0.48463610242766875, 0.694690779539131]","[0.0, 1.0]",11.02520513534546,"{'V3': 1.0, 'V4': 1.0, 'V5': 1.0}"
M1_PN_V2_V0,1,2,8,5,2,6000,V2,V0,PN,Metropolis_Hastings_AlwaysTrue,"[0.6616162400570957, 0.8604401176388169]","[0.6665671239030829, 1.0]",11.02520513534546,"{'V3': 1.0, 'V4': 1.0, 'V5': 1.0}"
M1_PS_V1_V0,1,2,8,5,2,7000,V1,V0,PS,Metropolis_Hastings_AlwaysTrue,"[0.23832196227226968, 0.3722754455259126]","[0.0, 0.1115960259152624]",12.711377382278442,"{'V3': 1.0, 'V4': 1.0, 'V5': 1.0}"
M1_PS_V2_V0,1,2,8,5,2,7000,V2,V0,PS,Metropolis_Hastings_AlwaysTrue,"[0.3005429525486274, 0.4785285438817317]","[0.09333558650521, 0.1400242873646147]",12.711377382278442,"{'V3': 1.0, 'V4': 1.0, 'V5': 1.0}"
M1_PN_V1_V0,1,2,8,5,2,7000,V1,V0,PN,Metropolis_Hastings_AlwaysTrue,"[0.48463610242766875, 0.694690779539131]","[0.0, 1.0]",12.711377382278442,"{'V3': 1.0, 'V4': 1.0, 'V5': 1.0}"
M1_PN_V2_V0,1,2,8,5,2,7000,V2,V0,PN,Metropolis_Hastings_AlwaysTrue,"[0.6616162400570957, 0.8604401176388169]","[0.6665671239030829, 1.0]",12.711377382278442,"{'V3': 1.0, 'V4': 1.0, 'V5': 1.0}"
M1_PS_V1_V0,1,2,8,5,2,8000,V1,V0,PS,Metropolis_Hastings_AlwaysTrue,"[0.23832196227226968, 0.3722754455259126]","[0.0, 0.1115960259152624]",14.37632441520691,"{'V3': 1.0, 'V4': 1.0, 'V5': 1.0}"
M1_PS_V2_V0,1,2,8,5,2,8000,V2,V0,PS,Metropolis_Hastings_AlwaysTrue,"[0.3005429525486274, 0.4785285438817317]","[0.09333558650521, 0.1400242873646147]",14.37632441520691,"{'V3': 1.0, 'V4': 1.0, 'V5': 1.0}"
M1_PN_V1_V0,1,2,8,5,2,8000,V1,V0,PN,Metropolis_Hastings_AlwaysTrue,"[0.48463610242766875, 0.694690779539131]","[0.0, 1.0]",14.37632441520691,"{'V3': 1.0, 'V4': 1.0, 'V5': 1.0}"
M1_PN_V2_V0,1,2,8,5,2,8000,V2,V0,PN,Metropolis_Hastings_AlwaysTrue,"[0.6616162400570957, 0.8604401176388169]","[0.6665671239030829, 1.0]",14.37632441520691,"{'V3': 1.0, 'V4': 1.0, 'V5': 1.0}"
M1_PS_V1_V0,1,2,8,5,2,9000,V1,V0,PS,Metropolis_Hastings_AlwaysTrue,"[0.23832196227226968, 0.3722754455259126]","[0.0, 0.1115960259152624]",16.036954879760742,"{'V3': 1.0, 'V4': 1.0, 'V5': 1.0}"
M1_PS_V2_V0,1,2,8,5,2,9000,V2,V0,PS,Metropolis_Hastings_AlwaysTrue,"[0.3005429525486274, 0.4785285438817317]","[0.09333558650521, 0.1400242873646147]",16.036954879760742,"{'V3': 1.0, 'V4': 1.0, 'V5': 1.0}"
M1_PN_V1_V0,1,2,8,5,2,9000,V1,V0,PN,Metropolis_Hastings_AlwaysTrue,"[0.48463610242766875, 0.694690779539131]","[0.0, 1.0]",16.036954879760742,"{'V3': 1.0, 'V4': 1.0, 'V5': 1.0}"
M1_PN_V2_V0,1,2,8,5,2,9000,V2,V0,PN,Metropolis_Hastings_AlwaysTrue,"[0.6616162400570957, 0.8604401176388169]","[0.6665671239030829, 1.0]",16.036954879760742,"{'V3': 1.0, 'V4': 1.0, 'V5': 1.0}"
M1_PS_V1_V0,1,2,8,5,2,10000,V1,V0,PS,Metropolis_Hastings_AlwaysTrue,"[0.23832196227226968, 0.3722754455259126]","[0.0, 0.1115960259152624]",17.705302715301514,"{'V3': 1.0, 'V4': 1.0, 'V5': 1.0}"
M1_PS_V2_V0,1,2,8,5,2,10000,V2,V0,PS,Metropolis_Hastings_AlwaysTrue,"[0.3005429525486274, 0.4785285438817317]","[0.09333558650521, 0.1400242873646147]",17.705302715301514,"{'V3': 1.0, 'V4': 1.0, 'V5': 1.0}"
M1_PN_V1_V0,1,2,8,5,2,10000,V1,V0,PN,Metropolis_Hastings_AlwaysTrue,"[0.48463610242766875, 0.694690779539131]","[0.0, 1.0]",17.705302715301514,"{'V3': 1.0, 'V4': 1.0, 'V5': 1.0}"
M1_PN_V2_V0,1,2,8,5,2,10000,V2,V0,PN,Metropolis_Hastings_AlwaysTrue,"[0.6616162400570957, 0.8604401176388169]","[0.6665671239030829, 1.0]",17.705302715301514,"{'V3': 1.0, 'V4': 1.0, 'V5': 1.0}"
M1_PS_V1_V0,1,2,10,10,2,1000,V1,V0,PS,Metropolis_Hastings_AlwaysTrue,"[0.2891566269236704, 0.42490946594866275]","[0.0, 0.1085791673523081]",1.7662417888641355,"{'V3': 1.0, 'V4': 1.0, 'V5': 1.0}"
M1_PS_V2_V0,1,2,10,10,2,1000,V2,V0,PS,Metropolis_Hastings_AlwaysTrue,"[0.29127694327437303, 0.4585293093923383]","[0.0956186813813188, 0.1414789988402909]",1.7662417888641355,"{'V3': 1.0, 'V4': 1.0, 'V5': 1.0}"
M1_PN_V1_V0,1,2,10,10,2,1000,V1,V0,PN,Metropolis_Hastings_AlwaysTrue,"[0.47417316430610396, 0.6515165359229285]","[0.0, 1.0]",1.7662417888641355,"{'V3': 1.0, 'V4': 1.0, 'V5': 1.0}"
M1_PN_V2_V0,1,2,10,10,2,1000,V2,V0,PN,Metropolis_Hastings_AlwaysTrue,"[0.5315667369337587, 0.7069542803820942]","[0.6758507069254732, 1.0]",1.7662417888641355,"{'V3': 1.0, 'V4': 1.0, 'V5': 1.0}"
M1_PS_V1_V0,1,2,10,10,2,2000,V1,V0,PS,Metropolis_Hastings_AlwaysTrue,"[0.2891566269236704, 0.42490946594866275]","[0.0, 0.1085791673523081]",3.4885289669036865,"{'V3': 1.0, 'V4': 1.0, 'V5': 1.0}"
M1_PS_V2_V0,1,2,10,10,2,2000,V2,V0,PS,Metropolis_Hastings_AlwaysTrue,"[0.29127694327437303, 0.4585293093923383]","[0.0956186813813188, 0.1414789988402909]",3.4885289669036865,"{'V3': 1.0, 'V4': 1.0, 'V5': 1.0}"
M1_PN_V1_V0,1,2,10,10,2,2000,V1,V0,PN,Metropolis_Hastings_AlwaysTrue,"[0.47417316430610396, 0.6515165359229285]","[0.0, 1.0]",3.4885289669036865,"{'V3': 1.0, 'V4': 1.0, 'V5': 1.0}"
M1_PN_V2_V0,1,2,10,10,2,2000,V2,V0,PN,Metropolis_Hastings_AlwaysTrue,"[0.5315667369337587, 0.7103036548295344]","[0.6758507069254732, 1.0]",3.4885289669036865,"{'V3': 1.0, 'V4': 1.0, 'V5': 1.0}"
M1_PS_V1_V0,1,2,10,10,2,3000,V1,V0,PS,Metropolis_Hastings_AlwaysTrue,"[0.2891566269236704, 0.42490946594866275]","[0.0, 0.1085791673523081]",5.265172243118286,"{'V3': 1.0, 'V4': 1.0, 'V5': 1.0}"
M1_PS_V2_V0,1,2,10,10,2,3000,V2,V0,PS,Metropolis_Hastings_AlwaysTrue,"[0.29127694327437303, 0.4585293093923383]","[0.0956186813813188, 0.1414789988402909]",5.265172243118286,"{'V3': 1.0, 'V4': 1.0, 'V5': 1.0}"
M1_PN_V1_V0,1,2,10,10,2,3000,V1,V0,PN,Metropolis_Hastings_AlwaysTrue,"[0.47417316430610396, 0.6588396543139134]","[0.0, 1.0]",5.265172243118286,"{'V3': 1.0, 'V4': 1.0, 'V5': 1.0}"
M1_PN_V2_V0,1,2,10,10,2,3000,V2,V0,PN,Metropolis_Hastings_AlwaysTrue,"[0.5315667369337587, 0.7207408581694381]","[0.6758507069254732, 1.0]",5.265172243118286,"{'V3': 1.0, 'V4': 1.0, 'V5': 1.0}"
M1_PS_V1_V0,1,2,10,10,2,4000,V1,V0,PS,Metropolis_Hastings_AlwaysTrue,"[0.2834704861178952, 0.42490946594866275]","[0.0, 0.1085791673523081]",6.981618881225586,"{'V3': 1.0, 'V4': 1.0, 'V5': 1.0}"
M1_PS_V2_V0,1,2,10,10,2,4000,V2,V0,PS,Metropolis_Hastings_AlwaysTrue,"[0.29127694327437303, 0.4585293093923383]","[0.0956186813813188, 0.1414789988402909]",6.981618881225586,"{'V3': 1.0, 'V4': 1.0, 'V5': 1.0}"
M1_PN_V1_V0,1,2,10,10,2,4000,V1,V0,PN,Metropolis_Hastings_AlwaysTrue,"[0.47417316430610396, 0.6590470286775534]","[0.0, 1.0]",6.981618881225586,"{'V3': 1.0, 'V4': 1.0, 'V5': 1.0}"
M1_PN_V2_V0,1,2,10,10,2,4000,V2,V0,PN,Metropolis_Hastings_AlwaysTrue,"[0.5315667369337587, 0.7207408581694381]","[0.6758507069254732, 1.0]",6.981618881225586,"{'V3': 1.0, 'V4': 1.0, 'V5': 1.0}"
M1_PS_V1_V0,1,2,10,10,2,5000,V1,V0,PS,Metropolis_Hastings_AlwaysTrue,"[0.2834704861178952, 0.42490946594866275]","[0.0, 0.1085791673523081]",8.988566160202026,"{'V3': 1.0, 'V4': 1.0, 'V5': 1.0}"
M1_PS_V2_V0,1,2,10,10,2,5000,V2,V0,PS,Metropolis_Hastings_AlwaysTrue,"[0.29127694327437303, 0.4585293093923383]","[0.0956186813813188, 0.1414789988402909]",8.988566160202026,"{'V3': 1.0, 'V4': 1.0, 'V5': 1.0}"
M1_PN_V1_V0,1,2,10,10,2,5000,V1,V0,PN,Metropolis_Hastings_AlwaysTrue,"[0.47417316430610396, 0.6726500669689733]","[0.0, 1.0]",8.988566160202026,"{'V3': 1.0, 'V4': 1.0, 'V5': 1.0}"
M1_PN_V2_V0,1,2,10,10,2,5000,V2,V0,PN,Metropolis_Hastings_AlwaysTrue,"[0.5315667369337587, 0.7207408581694381]","[0.6758507069254732, 1.0]",8.988566160202026,"{'V3': 1.0, 'V4': 1.0, 'V5': 1.0}"
M1_PS_V1_V0,1,2,10,10,2,6000,V1,V0,PS,Metropolis_Hastings_AlwaysTrue,"[0.2834704861178952, 0.42490946594866275]","[0.0, 0.1085791673523081]",10.749586582183838,"{'V3': 1.0, 'V4': 1.0, 'V5': 1.0}"
M1_PS_V2_V0,1,2,10,10,2,6000,V2,V0,PS,Metropolis_Hastings_AlwaysTrue,"[0.29127694327437303, 0.4585293093923383]","[0.0956186813813188, 0.1414789988402909]",10.749586582183838,"{'V3': 1.0, 'V4': 1.0, 'V5': 1.0}"
M1_PN_V1_V0,1,2,10,10,2,6000,V1,V0,PN,Metropolis_Hastings_AlwaysTrue,"[0.47417316430610396, 0.6726500669689733]","[0.0, 1.0]",10.749586582183838,"{'V3': 1.0, 'V4': 1.0, 'V5': 1.0}"
M1_PN_V2_V0,1,2,10,10,2,6000,V2,V0,PN,Metropolis_Hastings_AlwaysTrue,"[0.5315667369337587, 0.7306887061612661]","[0.6758507069254732, 1.0]",10.749586582183838,"{'V3': 1.0, 'V4': 1.0, 'V5': 1.0}"
M1_PS_V1_V0,1,2,10,10,2,7000,V1,V0,PS,Metropolis_Hastings_AlwaysTrue,"[0.2834704861178952, 0.42490946594866275]","[0.0, 0.1085791673523081]",12.508116960525513,"{'V3': 1.0, 'V4': 1.0, 'V5': 1.0}"
M1_PS_V2_V0,1,2,10,10,2,7000,V2,V0,PS,Metropolis_Hastings_AlwaysTrue,"[0.29127694327437303, 0.4585293093923383]","[0.0956186813813188, 0.1414789988402909]",12.508116960525513,"{'V3': 1.0, 'V4': 1.0, 'V5': 1.0}"
M1_PN_V1_V0,1,2,10,10,2,7000,V1,V0,PN,Metropolis_Hastings_AlwaysTrue,"[0.47417316430610396, 0.6880488433742233]","[0.0, 1.0]",12.508116960525513,"{'V3': 1.0, 'V4': 1.0, 'V5': 1.0}"
M1_PN_V2_V0,1,2,10,10,2,7000,V2,V0,PN,Metropolis_Hastings_AlwaysTrue,"[0.5315667369337587, 0.7306887061612661]","[0.6758507069254732, 1.0]",12.508116960525513,"{'V3': 1.0, 'V4': 1.0, 'V5': 1.0}"
M1_PS_V1_V0,1,2,10,10,2,8000,V1,V0,PS,Metropolis_Hastings_AlwaysTrue,"[0.2834704861178952, 0.42490946594866275]","[0.0, 0.1085791673523081]",14.364947319030762,"{'V3': 1.0, 'V4': 1.0, 'V5': 1.0}"
M1_PS_V2_V0,1,2,10,10,2,8000,V2,V0,PS,Metropolis_Hastings_AlwaysTrue,"[0.29127694327437303, 0.4585293093923383]","[0.0956186813813188, 0.1414789988402909]",14.364947319030762,"{'V3': 1.0, 'V4': 1.0, 'V5': 1.0}"
M1_PN_V1_V0,1,2,10,10,2,8000,V1,V0,PN,Metropolis_Hastings_AlwaysTrue,"[0.47417316430610396, 0.6880488433742233]","[0.0, 1.0]",14.364947319030762,"{'V3': 1.0, 'V4': 1.0, 'V5': 1.0}"
M1_PN_V2_V0,1,2,10,10,2,8000,V2,V0,PN,Metropolis_Hastings_AlwaysTrue,"[0.5315667369337587, 0.7306887061612661]","[0.6758507069254732, 1.0]",14.364947319030762,"{'V3': 1.0, 'V4': 1.0, 'V5': 1.0}"
M1_PS_V1_V0,1,2,10,10,2,9000,V1,V0,PS,Metropolis_Hastings_AlwaysTrue,"[0.2834704861178952, 0.42490946594866275]","[0.0, 0.1085791673523081]",16.081862211227417,"{'V3': 1.0, 'V4': 1.0, 'V5': 1.0}"
M1_PS_V2_V0,1,2,10,10,2,9000,V2,V0,PS,Metropolis_Hastings_AlwaysTrue,"[0.29127694327437303, 0.46102153391839573]","[0.0956186813813188, 0.1414789988402909]",16.081862211227417,"{'V3': 1.0, 'V4': 1.0, 'V5': 1.0}"
M1_PN_V1_V0,1,2,10,10,2,9000,V1,V0,PN,Metropolis_Hastings_AlwaysTrue,"[0.47417316430610396, 0.6880488433742233]","[0.0, 1.0]",16.081862211227417,"{'V3': 1.0, 'V4': 1.0, 'V5': 1.0}"
M1_PN_V2_V0,1,2,10,10,2,9000,V2,V0,PN,Metropolis_Hastings_AlwaysTrue,"[0.5315667369337587, 0.7306887061612661]","[0.6758507069254732, 1.0]",16.081862211227417,"{'V3': 1.0, 'V4': 1.0, 'V5': 1.0}"
M1_PS_V1_V0,1,2,10,10,2,10000,V1,V0,PS,Metropolis_Hastings_AlwaysTrue,"[0.2834704861178952, 0.42490946594866275]","[0.0, 0.1085791673523081]",17.80093002319336,"{'V3': 1.0, 'V4': 1.0, 'V5': 1.0}"
M1_PS_V2_V0,1,2,10,10,2,10000,V2,V0,PS,Metropolis_Hastings_AlwaysTrue,"[0.29127694327437303, 0.46102153391839573]","[0.0956186813813188, 0.1414789988402909]",17.80093002319336,"{'V3': 1.0, 'V4': 1.0, 'V5': 1.0}"
M1_PN_V1_V0,1,2,10,10,2,10000,V1,V0,PN,Metropolis_Hastings_AlwaysTrue,"[0.47417316430610396, 0.6880488433742233]","[0.0, 1.0]",17.80093002319336,"{'V3': 1.0, 'V4': 1.0, 'V5': 1.0}"
M1_PN_V2_V0,1,2,10,10,2,10000,V2,V0,PN,Metropolis_Hastings_AlwaysTrue,"[0.5315667369337587, 0.7306887061612661]","[0.6758507069254732, 1.0]",17.80093002319336,"{'V3': 1.0, 'V4': 1.0, 'V5': 1.0}"
M1_PS_V1_V0,1,2,10,5,2,1000,V1,V0,PS,Metropolis_Hastings_AlwaysTrue,"[0.2891566269236704, 0.42490946594866263]","[0.0, 0.1085791673523081]",1.7670612335205078,"{'V3': 1.0, 'V4': 1.0, 'V5': 1.0}"
M1_PS_V2_V0,1,2,10,5,2,1000,V2,V0,PS,Metropolis_Hastings_AlwaysTrue,"[0.29127694327437303, 0.4585293093923383]","[0.0956186813813188, 0.1414789988402909]",1.7670612335205078,"{'V3': 1.0, 'V4': 1.0, 'V5': 1.0}"
M1_PN_V1_V0,1,2,10,5,2,1000,V1,V0,PN,Metropolis_Hastings_AlwaysTrue,"[0.47417316430610396, 0.6515165359229286]","[0.0, 1.0]",1.7670612335205078,"{'V3': 1.0, 'V4': 1.0, 'V5': 1.0}"
M1_PN_V2_V0,1,2,10,5,2,1000,V2,V0,PN,Metropolis_Hastings_AlwaysTrue,"[0.5315667369337587, 0.7069542803820942]","[0.6758507069254733, 1.0]",1.7670612335205078,"{'V3': 1.0, 'V4': 1.0, 'V5': 1.0}"
M1_PS_V1_V0,1,2,10,5,2,2000,V1,V0,PS,Metropolis_Hastings_AlwaysTrue,"[0.2891566269236704, 0.42490946594866263]","[0.0, 0.1085791673523081]",4.404628753662109,"{'V3': 1.0, 'V4': 1.0, 'V5': 1.0}"
M1_PS_V2_V0,1,2,10,5,2,2000,V2,V0,PS,Metropolis_Hastings_AlwaysTrue,"[0.29127694327437303, 0.4585293093923383]","[0.0956186813813188, 0.1414789988402909]",4.404628753662109,"{'V3': 1.0, 'V4': 1.0, 'V5': 1.0}"
M1_PN_V1_V0,1,2,10,5,2,2000,V1,V0,PN,Metropolis_Hastings_AlwaysTrue,"[0.47417316430610396, 0.6515165359229286]","[0.0, 1.0]",4.404628753662109,"{'V3': 1.0, 'V4': 1.0, 'V5': 1.0}"
M1_PN_V2_V0,1,2,10,5,2,2000,V2,V0,PN,Metropolis_Hastings_AlwaysTrue,"[0.5315667369337587, 0.7103036548295344]","[0.6758507069254733, 1.0]",4.404628753662109,"{'V3': 1.0, 'V4': 1.0, 'V5': 1.0}"
M1_PS_V1_V0,1,2,10,5,2,3000,V1,V0,PS,Metropolis_Hastings_AlwaysTrue,"[0.2891566269236704, 0.42490946594866263]","[0.0, 0.1085791673523081]",6.123884439468384,"{'V3': 1.0, 'V4': 1.0, 'V5': 1.0}"
M1_PS_V2_V0,1,2,10,5,2,3000,V2,V0,PS,Metropolis_Hastings_AlwaysTrue,"[0.29127694327437303, 0.4585293093923383]","[0.0956186813813188, 0.1414789988402909]",6.123884439468384,"{'V3': 1.0, 'V4': 1.0, 'V5': 1.0}"
M1_PN_V1_V0,1,2,10,5,2,3000,V1,V0,PN,Metropolis_Hastings_AlwaysTrue,"[0.47417316430610396, 0.6588396543139134]","[0.0, 1.0]",6.123884439468384,"{'V3': 1.0, 'V4': 1.0, 'V5': 1.0}"
M1_PN_V2_V0,1,2,10,5,2,3000,V2,V0,PN,Metropolis_Hastings_AlwaysTrue,"[0.5315667369337587, 0.7207408581694381]","[0.6758507069254733, 1.0]",6.123884439468384,"{'V3': 1.0, 'V4': 1.0, 'V5': 1.0}"
M1_PS_V1_V0,1,2,10,5,2,4000,V1,V0,PS,Metropolis_Hastings_AlwaysTrue,"[0.28347048611789516, 0.42490946594866263]","[0.0, 0.1085791673523081]",7.84803318977356,"{'V3': 1.0, 'V4': 1.0, 'V5': 1.0}"
M1_PS_V2_V0,1,2,10,5,2,4000,V2,V0,PS,Metropolis_Hastings_AlwaysTrue,"[0.29127694327437303, 0.4585293093923383]","[0.0956186813813188, 0.1414789988402909]",7.84803318977356,"{'V3': 1.0, 'V4': 1.0, 'V5': 1.0}"
M1_PN_V1_V0,1,2,10,5,2,4000,V1,V0,PN,Metropolis_Hastings_AlwaysTrue,"[0.47417316430610396, 0.6590470286775534]","[0.0, 1.0]",7.84803318977356,"{'V3': 1.0, 'V4': 1.0, 'V5': 1.0}"
M1_PN_V2_V0,1,2,10,5,2,4000,V2,V0,PN,Metropolis_Hastings_AlwaysTrue,"[0.5315667369337587, 0.7207408581694381]","[0.6758507069254733, 1.0]",7.84803318977356,"{'V3': 1.0, 'V4': 1.0, 'V5': 1.0}"
M1_PS_V1_V0,1,2,10,5,2,5000,V1,V0,PS,Metropolis_Hastings_AlwaysTrue,"[0.28347048611789516, 0.42490946594866263]","[0.0, 0.1085791673523081]",9.572073221206663,"{'V3': 1.0, 'V4': 1.0, 'V5': 1.0}"
M1_PS_V2_V0,1,2,10,5,2,5000,V2,V0,PS,Metropolis_Hastings_AlwaysTrue,"[0.29127694327437303, 0.4585293093923383]","[0.0956186813813188, 0.1414789988402909]",9.572073221206663,"{'V3': 1.0, 'V4': 1.0, 'V5': 1.0}"
M1_PN_V1_V0,1,2,10,5,2,5000,V1,V0,PN,Metropolis_Hastings_AlwaysTrue,"[0.47417316430610396, 0.6726500669689734]","[0.0, 1.0]",9.572073221206663,"{'V3': 1.0, 'V4': 1.0, 'V5': 1.0}"
M1_PN_V2_V0,1,2,10,5,2,5000,V2,V0,PN,Metropolis_Hastings_AlwaysTrue,"[0.5315667369337587, 0.7207408581694381]","[0.6758507069254733, 1.0]",9.572073221206663,"{'V3': 1.0, 'V4': 1.0, 'V5': 1.0}"
M1_PS_V1_V0,1,2,10,5,2,6000,V1,V0,PS,Metropolis_Hastings_AlwaysTrue,"[0.28347048611789516, 0.42490946594866263]","[0.0, 0.1085791673523081]",11.310121297836304,"{'V3': 1.0, 'V4': 1.0, 'V5': 1.0}"
M1_PS_V2_V0,1,2,10,5,2,6000,V2,V0,PS,Metropolis_Hastings_AlwaysTrue,"[0.29127694327437303, 0.4585293093923383]","[0.0956186813813188, 0.1414789988402909]",11.310121297836304,"{'V3': 1.0, 'V4': 1.0, 'V5': 1.0}"
M1_PN_V1_V0,1,2,10,5,2,6000,V1,V0,PN,Metropolis_Hastings_AlwaysTrue,"[0.47417316430610396, 0.6726500669689734]","[0.0, 1.0]",11.310121297836304,"{'V3': 1.0, 'V4': 1.0, 'V5': 1.0}"
M1_PN_V2_V0,1,2,10,5,2,6000,V2,V0,PN,Metropolis_Hastings_AlwaysTrue,"[0.5315667369337587, 0.7306887061612661]","[0.6758507069254733, 1.0]",11.310121297836304,"{'V3': 1.0, 'V4': 1.0, 'V5': 1.0}"
M1_PS_V1_V0,1,2,10,5,2,7000,V1,V0,PS,Metropolis_Hastings_AlwaysTrue,"[0.28347048611789516, 0.42490946594866263]","[0.0, 0.1085791673523081]",13.048094511032104,"{'V3': 1.0, 'V4': 1.0, 'V5': 1.0}"
M1_PS_V2_V0,1,2,10,5,2,7000,V2,V0,PS,Metropolis_Hastings_AlwaysTrue,"[0.29127694327437303, 0.4585293093923383]","[0.0956186813813188, 0.1414789988402909]",13.048094511032104,"{'V3': 1.0, 'V4': 1.0, 'V5': 1.0}"
M1_PN_V1_V0,1,2,10,5,2,7000,V1,V0,PN,Metropolis_Hastings_AlwaysTrue,"[0.47417316430610396, 0.6880488433742235]","[0.0, 1.0]",13.048094511032104,"{'V3': 1.0, 'V4': 1.0, 'V5': 1.0}"
M1_PN_V2_V0,1,2,10,5,2,7000,V2,V0,PN,Metropolis_Hastings_AlwaysTrue,"[0.5315667369337587, 0.7306887061612661]","[0.6758507069254733, 1.0]",13.048094511032104,"{'V3': 1.0, 'V4': 1.0, 'V5': 1.0}"
M1_PS_V1_V0,1,2,10,5,2,8000,V1,V0,PS,Metropolis_Hastings_AlwaysTrue,"[0.28347048611789516, 0.42490946594866263]","[0.0, 0.1085791673523081]",14.802058219909668,"{'V3': 1.0, 'V4': 1.0, 'V5': 1.0}"
M1_PS_V2_V0,1,2,10,5,2,8000,V2,V0,PS,Metropolis_Hastings_AlwaysTrue,"[0.29127694327437303, 0.4585293093923383]","[0.0956186813813188, 0.1414789988402909]",14.802058219909668,"{'V3': 1.0, 'V4': 1.0, 'V5': 1.0}"
M1_PN_V1_V0,1,2,10,5,2,8000,V1,V0,PN,Metropolis_Hastings_AlwaysTrue,"[0.47417316430610396, 0.6880488433742235]","[0.0, 1.0]",14.802058219909668,"{'V3': 1.0, 'V4': 1.0, 'V5': 1.0}"
M1_PN_V2_V0,1,2,10,5,2,8000,V2,V0,PN,Metropolis_Hastings_AlwaysTrue,"[0.5315667369337587, 0.7306887061612661]","[0.6758507069254733, 1.0]",14.802058219909668,"{'V3': 1.0, 'V4': 1.0, 'V5': 1.0}"
M1_PS_V1_V0,1,2,10,5,2,9000,V1,V0,PS,Metropolis_Hastings_AlwaysTrue,"[0.28347048611789516, 0.42490946594866263]","[0.0, 0.1085791673523081]",16.536633491516113,"{'V3': 1.0, 'V4': 1.0, 'V5': 1.0}"
M1_PS_V2_V0,1,2,10,5,2,9000,V2,V0,PS,Metropolis_Hastings_AlwaysTrue,"[0.29127694327437303, 0.46102153391839573]","[0.0956186813813188, 0.1414789988402909]",16.536633491516113,"{'V3': 1.0, 'V4': 1.0, 'V5': 1.0}"
M1_PN_V1_V0,1,2,10,5,2,9000,V1,V0,PN,Metropolis_Hastings_AlwaysTrue,"[0.47417316430610396, 0.6880488433742235]","[0.0, 1.0]",16.536633491516113,"{'V3': 1.0, 'V4': 1.0, 'V5': 1.0}"
M1_PN_V2_V0,1,2,10,5,2,9000,V2,V0,PN,Metropolis_Hastings_AlwaysTrue,"[0.5315667369337587, 0.7306887061612661]","[0.6758507069254733, 1.0]",16.536633491516113,"{'V3': 1.0, 'V4': 1.0, 'V5': 1.0}"
M1_PS_V1_V0,1,2,10,5,2,10000,V1,V0,PS,Metropolis_Hastings_AlwaysTrue,"[0.28347048611789516, 0.42490946594866263]","[0.0, 0.1085791673523081]",19.01507544517517,"{'V3': 1.0, 'V4': 1.0, 'V5': 1.0}"
M1_PS_V2_V0,1,2,10,5,2,10000,V2,V0,PS,Metropolis_Hastings_AlwaysTrue,"[0.29127694327437303, 0.46102153391839573]","[0.0956186813813188, 0.1414789988402909]",19.01507544517517,"{'V3': 1.0, 'V4': 1.0, 'V5': 1.0}"
M1_PN_V1_V0,1,2,10,5,2,10000,V1,V0,PN,Metropolis_Hastings_AlwaysTrue,"[0.47417316430610396, 0.6880488433742235]","[0.0, 1.0]",19.01507544517517,"{'V3': 1.0, 'V4': 1.0, 'V5': 1.0}"
M1_PN_V2_V0,1,2,10,5,2,10000,V2,V0,PN,Metropolis_Hastings_AlwaysTrue,"[0.5315667369337587, 0.7306887061612661]","[0.6758507069254733, 1.0]",19.01507544517517,"{'V3': 1.0, 'V4': 1.0, 'V5': 1.0}"
M1_PS_V1_V0,1,2,4,5,2,1000,V1,V0,PS,Metropolis_Hastings_AlwaysTrue,"[0.6118700270243074, 0.7361830921201031]","[0.0, 0.1121654501216544]",1.6545462608337402,"{'V3': 1.0, 'V4': 1.0, 'V5': 1.0}"
M1_PS_V2_V0,1,2,4,5,2,1000,V2,V0,PS,Metropolis_Hastings_AlwaysTrue,"[0.7283378832490767, 0.8404789795794555]","[0.9815708329276576, 0.9861409491301047]",1.6545462608337402,"{'V3': 1.0, 'V4': 1.0, 'V5': 1.0}"
M1_PN_V1_V0,1,2,4,5,2,1000,V1,V0,PN,Metropolis_Hastings_AlwaysTrue,"[0.34199850060072007, 0.4780376943206177]","[0.0, 0.0019149509122838]",1.6545462608337402,"{'V3': 1.0, 'V4': 1.0, 'V5': 1.0}"
M1_PN_V2_V0,1,2,4,5,2,1000,V2,V0,PN,Metropolis_Hastings_AlwaysTrue,"[0.5522189669937698, 0.674184931713609]","[0.7581951095503383, 0.7617252060431584]",1.6545462608337402,"{'V3': 1.0, 'V4': 1.0, 'V5': 1.0}"
M1_PS_V1_V0,1,2,4,5,2,2000,V1,V0,PS,Metropolis_Hastings_AlwaysTrue,"[0.6118700270243074, 0.7395855401143012]","[0.0, 0.1121654501216544]",4.164303779602051,"{'V3': 1.0, 'V4': 1.0, 'V5': 1.0}"
M1_PS_V2_V0,1,2,4,5,2,2000,V2,V0,PS,Metropolis_Hastings_AlwaysTrue,"[0.7227196991475724, 0.8404789795794555]","[0.9815708329276576, 0.9861409491301047]",4.164303779602051,"{'V3': 1.0, 'V4': 1.0, 'V5': 1.0}"
M1_PN_V1_V0,1,2,4,5,2,2000,V1,V0,PN,Metropolis_Hastings_AlwaysTrue,"[0.34083394131406153, 0.4780376943206177]","[0.0, 0.0019149509122838]",4.164303779602051,"{'V3': 1.0, 'V4': 1.0, 'V5': 1.0}"
M1_PN_V2_V0,1,2,4,5,2,2000,V2,V0,PN,Metropolis_Hastings_AlwaysTrue,"[0.5519925036297093, 0.690912614510105]","[0.7581951095503383, 0.7617252060431584]",4.164303779602051,"{'V3': 1.0, 'V4': 1.0, 'V5': 1.0}"
M1_PS_V1_V0,1,2,4,5,2,3000,V1,V0,PS,Metropolis_Hastings_AlwaysTrue,"[0.6112554132762346, 0.7516656938488443]","[0.0, 0.1121654501216544]",5.829114198684692,"{'V3': 1.0, 'V4': 1.0, 'V5': 1.0}"
M1_PS_V2_V0,1,2,4,5,2,3000,V2,V0,PS,Metropolis_Hastings_AlwaysTrue,"[0.715277473941895, 0.8404789795794555]","[0.9815708329276576, 0.9861409491301047]",5.829114198684692,"{'V3': 1.0, 'V4': 1.0, 'V5': 1.0}"
M1_PN_V1_V0,1,2,4,5,2,3000,V1,V0,PN,Metropolis_Hastings_AlwaysTrue,"[0.33544381062922324, 0.49090159896907093]","[0.0, 0.0019149509122838]",5.829114198684692,"{'V3': 1.0, 'V4': 1.0, 'V5': 1.0}"
M1_PN_V2_V0,1,2,4,5,2,3000,V2,V0,PN,Metropolis_Hastings_AlwaysTrue,"[0.5445687528930401, 0.690912614510105]","[0.7581951095503383, 0.7617252060431584]",5.829114198684692,"{'V3': 1.0, 'V4': 1.0, 'V5': 1.0}"
M1_PS_V1_V0,1,2,4,5,2,4000,V1,V0,PS,Metropolis_Hastings_AlwaysTrue,"[0.5939897256801282, 0.7516656938488443]","[0.0, 0.1121654501216544]",7.44158935546875,"{'V3': 1.0, 'V4': 1.0, 'V5': 1.0}"
M1_PS_V2_V0,1,2,4,5,2,4000,V2,V0,PS,Metropolis_Hastings_AlwaysTrue,"[0.715277473941895, 0.8404789795794555]","[0.9815708329276576, 0.9861409491301047]",7.44158935546875,"{'V3': 1.0, 'V4': 1.0, 'V5': 1.0}"
M1_PN_V1_V0,1,2,4,5,2,4000,V1,V0,PN,Metropolis_Hastings_AlwaysTrue,"[0.3342713647570688, 0.49090159896907093]","[0.0, 0.0019149509122838]",7.44158935546875,"{'V3': 1.0, 'V4': 1.0, 'V5': 1.0}"
M1_PN_V2_V0,1,2,4,5,2,4000,V2,V0,PN,Metropolis_Hastings_AlwaysTrue,"[0.5445687528930401, 0.690912614510105]","[0.7581951095503383, 0.7617252060431584]",7.44158935546875,"{'V3': 1.0, 'V4': 1.0, 'V5': 1.0}"
M1_PS_V1_V0,1,2,4,5,2,5000,V1,V0,PS,Metropolis_Hastings_AlwaysTrue,"[0.5939897256801282, 0.7516656938488443]","[0.0, 0.1121654501216544]",9.084327459335327,"{'V3': 1.0, 'V4': 1.0, 'V5': 1.0}"
M1_PS_V2_V0,1,2,4,5,2,5000,V2,V0,PS,Metropolis_Hastings_AlwaysTrue,"[0.7115383481390775, 0.8404789795794555]","[0.9815708329276576, 0.9861409491301047]",9.084327459335327,"{'V3': 1.0, 'V4': 1.0, 'V5': 1.0}"
M1_PN_V1_V0,1,2,4,5,2,5000,V1,V0,PN,Metropolis_Hastings_AlwaysTrue,"[0.3342713647570688, 0.49090159896907093]","[0.0, 0.0019149509122838]",9.084327459335327,"{'V3': 1.0, 'V4': 1.0, 'V5': 1.0}"
M1_PN_V2_V0,1,2,4,5,2,5000,V2,V0,PN,Metropolis_Hastings_AlwaysTrue,"[0.5445687528930401, 0.690912614510105]","[0.7581951095503383, 0.7617252060431584]",9.084327459335327,"{'V3': 1.0, 'V4': 1.0, 'V5': 1.0}"
M1_PS_V1_V0,1,2,4,5,2,6000,V1,V0,PS,Metropolis_Hastings_AlwaysTrue,"[0.5939897256801282, 0.7516656938488443]","[0.0, 0.1121654501216544]",10.761202812194824,"{'V3': 1.0, 'V4': 1.0, 'V5': 1.0}"
M1_PS_V2_V0,1,2,4,5,2,6000,V2,V0,PS,Metropolis_Hastings_AlwaysTrue,"[0.7115383481390775, 0.8404789795794555]","[0.9815708329276576, 0.9861409491301047]",10.761202812194824,"{'V3': 1.0, 'V4': 1.0, 'V5': 1.0}"
M1_PN_V1_V0,1,2,4,5,2,6000,V1,V0,PN,Metropolis_Hastings_AlwaysTrue,"[0.3342713647570688, 0.49090159896907093]","[0.0, 0.0019149509122838]",10.761202812194824,"{'V3': 1.0, 'V4': 1.0, 'V5': 1.0}"
M1_PN_V2_V0,1,2,4,5,2,6000,V2,V0,PN,Metropolis_Hastings_AlwaysTrue,"[0.5445687528930401, 0.690912614510105]","[0.7581951095503383, 0.7617252060431584]",10.761202812194824,"{'V3': 1.0, 'V4': 1.0, 'V5': 1.0}"
M1_PS_V1_V0,1,2,4,5,2,7000,V1,V0,PS,Metropolis_Hastings_AlwaysTrue,"[0.5939897256801282, 0.7516656938488443]","[0.0, 0.1121654501216544]",12.40545392036438,"{'V3': 1.0, 'V4': 1.0, 'V5': 1.0}"
M1_PS_V2_V0,1,2,4,5,2,7000,V2,V0,PS,Metropolis_Hastings_AlwaysTrue,"[0.7115383481390775, 0.8404789795794555]","[0.9815708329276576, 0.9861409491301047]",12.40545392036438,"{'V3': 1.0, 'V4': 1.0, 'V5': 1.0}"
M1_PN_V1_V0,1,2,4,5,2,7000,V1,V0,PN,Metropolis_Hastings_AlwaysTrue,"[0.3342713647570688, 0.4966536085173374]","[0.0, 0.0019149509122838]",12.40545392036438,"{'V3': 1.0, 'V4': 1.0, 'V5': 1.0}"
M1_PN_V2_V0,1,2,4,5,2,7000,V2,V0,PN,Metropolis_Hastings_AlwaysTrue,"[0.5445687528930401, 0.690912614510105]","[0.7581951095503383, 0.7617252060431584]",12.40545392036438,"{'V3': 1.0, 'V4': 1.0, 'V5': 1.0}"
M1_PS_V1_V0,1,2,4,5,2,8000,V1,V0,PS,Metropolis_Hastings_AlwaysTrue,"[0.5939897256801282, 0.7516656938488443]","[0.0, 0.1121654501216544]",14.01320219039917,"{'V3': 1.0, 'V4': 1.0, 'V5': 1.0}"
M1_PS_V2_V0,1,2,4,5,2,8000,V2,V0,PS,Metropolis_Hastings_AlwaysTrue,"[0.7115383481390775, 0.8404789795794555]","[0.9815708329276576, 0.9861409491301047]",14.01320219039917,"{'V3': 1.0, 'V4': 1.0, 'V5': 1.0}"
M1_PN_V1_V0,1,2,4,5,2,8000,V1,V0,PN,Metropolis_Hastings_AlwaysTrue,"[0.3342713647570688, 0.4966536085173374]","[0.0, 0.0019149509122838]",14.01320219039917,"{'V3': 1.0, 'V4': 1.0, 'V5': 1.0}"
M1_PN_V2_V0,1,2,4,5,2,8000,V2,V0,PN,Metropolis_Hastings_AlwaysTrue,"[0.5445687528930401, 0.690912614510105]","[0.7581951095503383, 0.7617252060431584]",14.01320219039917,"{'V3': 1.0, 'V4': 1.0, 'V5': 1.0}"
M1_PS_V1_V0,1,2,4,5,2,9000,V1,V0,PS,Metropolis_Hastings_AlwaysTrue,"[0.5939897256801282, 0.7516656938488443]","[0.0, 0.1121654501216544]",15.650455474853516,"{'V3': 1.0, 'V4': 1.0, 'V5': 1.0}"
M1_PS_V2_V0,1,2,4,5,2,9000,V2,V0,PS,Metropolis_Hastings_AlwaysTrue,"[0.7115383481390775, 0.8404789795794555]","[0.9815708329276576, 0.9861409491301047]",15.650455474853516,"{'V3': 1.0, 'V4': 1.0, 'V5': 1.0}"
M1_PN_V1_V0,1,2,4,5,2,9000,V1,V0,PN,Metropolis_Hastings_AlwaysTrue,"[0.3342713647570688, 0.4966536085173374]","[0.0, 0.0019149509122838]",15.650455474853516,"{'V3': 1.0, 'V4': 1.0, 'V5': 1.0}"
M1_PN_V2_V0,1,2,4,5,2,9000,V2,V0,PN,Metropolis_Hastings_AlwaysTrue,"[0.5445687528930401, 0.690912614510105]","[0.7581951095503383, 0.7617252060431584]",15.650455474853516,"{'V3': 1.0, 'V4': 1.0, 'V5': 1.0}"
M1_PS_V1_V0,1,2,4,5,2,10000,V1,V0,PS,Metropolis_Hastings_AlwaysTrue,"[0.5939897256801282, 0.7516656938488443]","[0.0, 0.1121654501216544]",17.261987686157227,"{'V3': 1.0, 'V4': 1.0, 'V5': 1.0}"
M1_PS_V2_V0,1,2,4,5,2,10000,V2,V0,PS,Metropolis_Hastings_AlwaysTrue,"[0.7101834799553516, 0.8404789795794555]","[0.9815708329276576, 0.9861409491301047]",17.261987686157227,"{'V3': 1.0, 'V4': 1.0, 'V5': 1.0}"
M1_PN_V1_V0,1,2,4,5,2,10000,V1,V0,PN,Metropolis_Hastings_AlwaysTrue,"[0.3342713647570688, 0.4966536085173374]","[0.0, 0.0019149509122838]",17.261987686157227,"{'V3': 1.0, 'V4': 1.0, 'V5': 1.0}"
M1_PN_V2_V0,1,2,4,5,2,10000,V2,V0,PN,Metropolis_Hastings_AlwaysTrue,"[0.5445687528930401, 0.690912614510105]","[0.7581951095503383, 0.7617252060431584]",17.261987686157227,"{'V3': 1.0, 'V4': 1.0, 'V5': 1.0}"
M3_PS_V1_V0,3,2,8,10,2,1000,V1,V0,PS,Metropolis_Hastings_AlwaysTrue,"[0.22560726966456496, 0.36423862334790463]","[0.0, 0.1499755169204812]",1.6813671588897705,"{'V3': 1.0, 'V4': 1.0, 'V5': 1.0}"
M3_PS_V2_V0,3,2,8,10,2,1000,V2,V0,PS,Metropolis_Hastings_AlwaysTrue,"[0.4400037664577979, 0.5658078508377862]","[0.2699326560939671, 0.3747025696443058]",1.6813671588897705,"{'V3': 1.0, 'V4': 1.0, 'V5': 1.0}"
M3_PN_V1_V0,3,2,8,10,2,1000,V1,V0,PN,Metropolis_Hastings_AlwaysTrue,"[0.3548756817265543, 0.5621246134913374]","[0.0, 0.3094954542509711]",1.6813671588897705,"{'V3': 1.0, 'V4': 1.0, 'V5': 1.0}"
M3_PN_V2_V0,3,2,8,10,2,1000,V2,V0,PN,Metropolis_Hastings_AlwaysTrue,"[0.6679565732790728, 0.7954610525499232]","[0.3665043358772565, 0.508756955998615]",1.6813671588897705,"{'V3': 1.0, 'V4': 1.0, 'V5': 1.0}"
M3_PS_V1_V0,3,2,8,10,2,2000,V1,V0,PS,Metropolis_Hastings_AlwaysTrue,"[0.2137887403144821, 0.36423862334790463]","[0.0, 0.1499755169204812]",3.311719417572021,"{'V3': 1.0, 'V4': 1.0, 'V5': 1.0}"
M3_PS_V2_V0,3,2,8,10,2,2000,V2,V0,PS,Metropolis_Hastings_AlwaysTrue,"[0.4400037664577979, 0.5658078508377862]","[0.2699326560939671, 0.3747025696443058]",3.311719417572021,"{'V3': 1.0, 'V4': 1.0, 'V5': 1.0}"
M3_PN_V1_V0,3,2,8,10,2,2000,V1,V0,PN,Metropolis_Hastings_AlwaysTrue,"[0.3424921093493986, 0.5653849583389633]","[0.0, 0.3094954542509711]",3.311719417572021,"{'V3': 1.0, 'V4': 1.0, 'V5': 1.0}"
M3_PN_V2_V0,3,2,8,10,2,2000,V2,V0,PN,Metropolis_Hastings_AlwaysTrue,"[0.6679565732790728, 0.7954610525499232]","[0.3665043358772565, 0.508756955998615]",3.311719417572021,"{'V3': 1.0, 'V4': 1.0, 'V5': 1.0}"
M3_PS_V1_V0,3,2,8,10,2,3000,V1,V0,PS,Metropolis_Hastings_AlwaysTrue,"[0.2137887403144821, 0.36423862334790463]","[0.0, 0.1499755169204812]",4.945514678955078,"{'V3': 1.0, 'V4': 1.0, 'V5': 1.0}"
M3_PS_V2_V0,3,2,8,10,2,3000,V2,V0,PS,Metropolis_Hastings_AlwaysTrue,"[0.4400037664577979, 0.5658078508377862]","[0.2699326560939671, 0.3747025696443058]",4.945514678955078,"{'V3': 1.0, 'V4': 1.0, 'V5': 1.0}"
M3_PN_V1_V0,3,2,8,10,2,3000,V1,V0,PN,Metropolis_Hastings_AlwaysTrue,"[0.33253382532464987, 0.5914862555035946]","[0.0, 0.3094954542509711]",4.945514678955078,"{'V3': 1.0, 'V4': 1.0, 'V5': 1.0}"
M3_PN_V2_V0,3,2,8,10,2,3000,V2,V0,PN,Metropolis_Hastings_AlwaysTrue,"[0.6647575651882303, 0.7954610525499232]","[0.3665043358772565, 0.508756955998615]",4.945514678955078,"{'V3': 1.0, 'V4': 1.0, 'V5': 1.0}"
M3_PS_V1_V0,3,2,8,10,2,4000,V1,V0,PS,Metropolis_Hastings_AlwaysTrue,"[0.2137887403144821, 0.36423862334790463]","[0.0, 0.1499755169204812]",6.806136131286621,"{'V3': 1.0, 'V4': 1.0, 'V5': 1.0}"
M3_PS_V2_V0,3,2,8,10,2,4000,V2,V0,PS,Metropolis_Hastings_AlwaysTrue,"[0.4400037664577979, 0.5681962979314946]","[0.2699326560939671, 0.3747025696443058]",6.806136131286621,"{'V3': 1.0, 'V4': 1.0, 'V5': 1.0}"
M3_PN_V1_V0,3,2,8,10,2,4000,V1,V0,PN,Metropolis_Hastings_AlwaysTrue,"[0.33253382532464987, 0.5914862555035946]","[0.0, 0.3094954542509711]",6.806136131286621,"{'V3': 1.0, 'V4': 1.0, 'V5': 1.0}"
M3_PN_V2_V0,3,2,8,10,2,4000,V2,V0,PN,Metropolis_Hastings_AlwaysTrue,"[0.6647575651882303, 0.7954610525499232]","[0.3665043358772565, 0.508756955998615]",6.806136131286621,"{'V3': 1.0, 'V4': 1.0, 'V5': 1.0}"
M3_PS_V1_V0,3,2,8,10,2,5000,V1,V0,PS,Metropolis_Hastings_AlwaysTrue,"[0.2137887403144821, 0.36423862334790463]","[0.0, 0.1499755169204812]",8.502433061599731,"{'V3': 1.0, 'V4': 1.0, 'V5': 1.0}"
M3_PS_V2_V0,3,2,8,10,2,5000,V2,V0,PS,Metropolis_Hastings_AlwaysTrue,"[0.4400037664577979, 0.5681962979314946]","[0.2699326560939671, 0.3747025696443058]",8.502433061599731,"{'V3': 1.0, 'V4': 1.0, 'V5': 1.0}"
M3_PN_V1_V0,3,2,8,10,2,5000,V1,V0,PN,Metropolis_Hastings_AlwaysTrue,"[0.33253382532464987, 0.5914862555035946]","[0.0, 0.3094954542509711]",8.502433061599731,"{'V3': 1.0, 'V4': 1.0, 'V5': 1.0}"
M3_PN_V2_V0,3,2,8,10,2,5000,V2,V0,PN,Metropolis_Hastings_AlwaysTrue,"[0.6570416891229854, 0.8064343802290321]","[0.3665043358772565, 0.508756955998615]",8.502433061599731,"{'V3': 1.0, 'V4': 1.0, 'V5': 1.0}"
M3_PS_V1_V0,3,2,8,10,2,6000,V1,V0,PS,Metropolis_Hastings_AlwaysTrue,"[0.2137887403144821, 0.3659031603226575]","[0.0, 0.1499755169204812]",10.55614709854126,"{'V3': 1.0, 'V4': 1.0, 'V5': 1.0}"
M3_PS_V2_V0,3,2,8,10,2,6000,V2,V0,PS,Metropolis_Hastings_AlwaysTrue,"[0.4400037664577979, 0.5681962979314946]","[0.2699326560939671, 0.3747025696443058]",10.55614709854126,"{'V3': 1.0, 'V4': 1.0, 'V5': 1.0}"
M3_PN_V1_V0,3,2,8,10,2,6000,V1,V0,PN,Metropolis_Hastings_AlwaysTrue,"[0.33253382532464987, 0.5914862555035946]","[0.0, 0.3094954542509711]",10.55614709854126,"{'V3': 1.0, 'V4': 1.0, 'V5': 1.0}"
M3_PN_V2_V0,3,2,8,10,2,6000,V2,V0,PN,Metropolis_Hastings_AlwaysTrue,"[0.6570416891229854, 0.8064343802290321]","[0.3665043358772565, 0.508756955998615]",10.55614709854126,"{'V3': 1.0, 'V4': 1.0, 'V5': 1.0}"
M3_PS_V1_V0,3,2,8,10,2,7000,V1,V0,PS,Metropolis_Hastings_AlwaysTrue,"[0.21361864941914918, 0.36728100701235716]","[0.0, 0.1499755169204812]",12.185631036758425,"{'V3': 1.0, 'V4': 1.0, 'V5': 1.0}"
M3_PS_V2_V0,3,2,8,10,2,7000,V2,V0,PS,Metropolis_Hastings_AlwaysTrue,"[0.4400037664577979, 0.5681962979314946]","[0.2699326560939671, 0.3747025696443058]",12.185631036758425,"{'V3': 1.0, 'V4': 1.0, 'V5': 1.0}"
M3_PN_V1_V0,3,2,8,10,2,7000,V1,V0,PN,Metropolis_Hastings_AlwaysTrue,"[0.33253382532464987, 0.5914862555035946]","[0.0, 0.3094954542509711]",12.185631036758425,"{'V3': 1.0, 'V4': 1.0, 'V5': 1.0}"
M3_PN_V2_V0,3,2,8,10,2,7000,V2,V0,PN,Metropolis_Hastings_AlwaysTrue,"[0.6570416891229854, 0.8064343802290321]","[0.3665043358772565, 0.508756955998615]",12.185631036758425,"{'V3': 1.0, 'V4': 1.0, 'V5': 1.0}"
M3_PS_V1_V0,3,2,8,10,2,8000,V1,V0,PS,Metropolis_Hastings_AlwaysTrue,"[0.2135606133653259, 0.369178692107422]","[0.0, 0.1499755169204812]",13.812974214553831,"{'V3': 1.0, 'V4': 1.0, 'V5': 1.0}"
M3_PS_V2_V0,3,2,8,10,2,8000,V2,V0,PS,Metropolis_Hastings_AlwaysTrue,"[0.4400037664577979, 0.5681962979314946]","[0.2699326560939671, 0.3747025696443058]",13.812974214553831,"{'V3': 1.0, 'V4': 1.0, 'V5': 1.0}"
M3_PN_V1_V0,3,2,8,10,2,8000,V1,V0,PN,Metropolis_Hastings_AlwaysTrue,"[0.33253382532464987, 0.5914862555035946]","[0.0, 0.3094954542509711]",13.812974214553831,"{'V3': 1.0, 'V4': 1.0, 'V5': 1.0}"
M3_PN_V2_V0,3,2,8,10,2,8000,V2,V0,PN,Metropolis_Hastings_AlwaysTrue,"[0.6570416891229854, 0.8064343802290321]","[0.3665043358772565, 0.508756955998615]",13.812974214553831,"{'V3': 1.0, 'V4': 1.0, 'V5': 1.0}"
M3_PS_V1_V0,3,2,8,10,2,9000,V1,V0,PS,Metropolis_Hastings_AlwaysTrue,"[0.20682616963122843, 0.369178692107422]","[0.0, 0.1499755169204812]",15.498852729797363,"{'V3': 1.0, 'V4': 1.0, 'V5': 1.0}"
M3_PS_V2_V0,3,2,8,10,2,9000,V2,V0,PS,Metropolis_Hastings_AlwaysTrue,"[0.4383698082179749, 0.5727712785069364]","[0.2699326560939671, 0.3747025696443058]",15.498852729797363,"{'V3': 1.0, 'V4': 1.0, 'V5': 1.0}"
M3_PN_V1_V0,3,2,8,10,2,9000,V1,V0,PN,Metropolis_Hastings_AlwaysTrue,"[0.33253382532464987, 0.6096631120040488]","[0.0, 0.3094954542509711]",15.498852729797363,"{'V3': 1.0, 'V4': 1.0, 'V5': 1.0}"
M3_PN_V2_V0,3,2,8,10,2,9000,V2,V0,PN,Metropolis_Hastings_AlwaysTrue,"[0.6570416891229854, 0.8064343802290321]","[0.3665043358772565, 0.508756955998615]",15.498852729797363,"{'V3': 1.0, 'V4': 1.0, 'V5': 1.0}"
M3_PS_V1_V0,3,2,8,10,2,10000,V1,V0,PS,Metropolis_Hastings_AlwaysTrue,"[0.20682616963122843, 0.369178692107422]","[0.0, 0.1499755169204812]",17.184740781784058,"{'V3': 1.0, 'V4': 1.0, 'V5': 1.0}"
M3_PS_V2_V0,3,2,8,10,2,10000,V2,V0,PS,Metropolis_Hastings_AlwaysTrue,"[0.4383698082179749, 0.5728343417262542]","[0.2699326560939671, 0.3747025696443058]",17.184740781784058,"{'V3': 1.0, 'V4': 1.0, 'V5': 1.0}"
M3_PN_V1_V0,3,2,8,10,2,10000,V1,V0,PN,Metropolis_Hastings_AlwaysTrue,"[0.33253382532464987, 0.6096631120040488]","[0.0, 0.3094954542509711]",17.184740781784058,"{'V3': 1.0, 'V4': 1.0, 'V5': 1.0}"
M3_PN_V2_V0,3,2,8,10,2,10000,V2,V0,PN,Metropolis_Hastings_AlwaysTrue,"[0.6570416891229854, 0.8064343802290321]","[0.3665043358772565, 0.508756955998615]",17.184740781784058,"{'V3': 1.0, 'V4': 1.0, 'V5': 1.0}"
M3_PS_V1_V0,3,2,6,5,2,1000,V1,V0,PS,Metropolis_Hastings_AlwaysTrue,"[0.33215063221691793, 0.5217362528658264]","[0.0, 0.615440498219972]",1.6742517948150637,"{'V3': 1.0, 'V4': 1.0, 'V5': 1.0}"
M3_PS_V2_V0,3,2,6,5,2,1000,V2,V0,PS,Metropolis_Hastings_AlwaysTrue,"[0.4171052465914471, 0.5334565124090554]","[0.1768648318325835, 0.4473489880097752]",1.6742517948150637,"{'V3': 1.0, 'V4': 1.0, 'V5': 1.0}"
M3_PN_V1_V0,3,2,6,5,2,1000,V1,V0,PN,Metropolis_Hastings_AlwaysTrue,"[0.3912476291516659, 0.607366883460535]","[0.0, 0.9883075955828494]",1.6742517948150637,"{'V3': 1.0, 'V4': 1.0, 'V5': 1.0}"
M3_PN_V2_V0,3,2,6,5,2,1000,V2,V0,PN,Metropolis_Hastings_AlwaysTrue,"[0.5008226007786182, 0.6234634217401653]","[0.1924097650914784, 0.4866672068438543]",1.6742517948150637,"{'V3': 1.0, 'V4': 1.0, 'V5': 1.0}"
M3_PS_V1_V0,3,2,6,5,2,2000,V1,V0,PS,Metropolis_Hastings_AlwaysTrue,"[0.33215063221691793, 0.5217362528658264]","[0.0, 0.615440498219972]",3.3133950233459477,"{'V3': 1.0, 'V4': 1.0, 'V5': 1.0}"
M3_PS_V2_V0,3,2,6,5,2,2000,V2,V0,PS,Metropolis_Hastings_AlwaysTrue,"[0.4168391765750573, 0.5334565124090554]","[0.1768648318325835, 0.4473489880097752]",3.3133950233459477,"{'V3': 1.0, 'V4': 1.0, 'V5': 1.0}"
M3_PN_V1_V0,3,2,6,5,2,2000,V1,V0,PN,Metropolis_Hastings_AlwaysTrue,"[0.3912476291516659, 0.6170491290738755]","[0.0, 0.9883075955828494]",3.3133950233459477,"{'V3': 1.0, 'V4': 1.0, 'V5': 1.0}"
M3_PN_V2_V0,3,2,6,5,2,2000,V2,V0,PN,Metropolis_Hastings_AlwaysTrue,"[0.4945197690313207, 0.6245849516900257]","[0.1924097650914784, 0.4866672068438543]",3.3133950233459477,"{'V3': 1.0, 'V4': 1.0, 'V5': 1.0}"
M3_PS_V1_V0,3,2,6,5,2,3000,V1,V0,PS,Metropolis_Hastings_AlwaysTrue,"[0.32616252715324384, 0.5217362528658264]","[0.0, 0.615440498219972]",4.952179670333862,"{'V3': 1.0, 'V4': 1.0, 'V5': 1.0}"
M3_PS_V2_V0,3,2,6,5,2,3000,V2,V0,PS,Metropolis_Hastings_AlwaysTrue,"[0.3943955513252253, 0.5446551581274492]","[0.1768648318325835, 0.4473489880097752]",4.952179670333862,"{'V3': 1.0, 'V4': 1.0, 'V5': 1.0}"
M3_PN_V1_V0,3,2,6,5,2,3000,V1,V0,PN,Metropolis_Hastings_AlwaysTrue,"[0.3912476291516659, 0.6170491290738755]","[0.0, 0.9883075955828494]",4.952179670333862,"{'V3': 1.0, 'V4': 1.0, 'V5': 1.0}"
M3_PN_V2_V0,3,2,6,5,2,3000,V2,V0,PN,Metropolis_Hastings_AlwaysTrue,"[0.4945197690313207, 0.6254560831474436]","[0.1924097650914784, 0.4866672068438543]",4.952179670333862,"{'V3': 1.0, 'V4': 1.0, 'V5': 1.0}"
M3_PS_V1_V0,3,2,6,5,2,4000,V1,V0,PS,Metropolis_Hastings_AlwaysTrue,"[0.32616252715324384, 0.5217362528658264]","[0.0, 0.615440498219972]",6.594867706298828,"{'V3': 1.0, 'V4': 1.0, 'V5': 1.0}"
M3_PS_V2_V0,3,2,6,5,2,4000,V2,V0,PS,Metropolis_Hastings_AlwaysTrue,"[0.3943955513252253, 0.5446551581274492]","[0.1768648318325835, 0.4473489880097752]",6.594867706298828,"{'V3': 1.0, 'V4': 1.0, 'V5': 1.0}"
M3_PN_V1_V0,3,2,6,5,2,4000,V1,V0,PN,Metropolis_Hastings_AlwaysTrue,"[0.3912476291516659, 0.6170491290738755]","[0.0, 0.9883075955828494]",6.594867706298828,"{'V3': 1.0, 'V4': 1.0, 'V5': 1.0}"
M3_PN_V2_V0,3,2,6,5,2,4000,V2,V0,PN,Metropolis_Hastings_AlwaysTrue,"[0.4945197690313207, 0.6254560831474436]","[0.1924097650914784, 0.4866672068438543]",6.594867706298828,"{'V3': 1.0, 'V4': 1.0, 'V5': 1.0}"
M3_PS_V1_V0,3,2,6,5,2,5000,V1,V0,PS,Metropolis_Hastings_AlwaysTrue,"[0.32616252715324384, 0.5217362528658264]","[0.0, 0.615440498219972]",8.265670776367188,"{'V3': 1.0, 'V4': 1.0, 'V5': 1.0}"
M3_PS_V2_V0,3,2,6,5,2,5000,V2,V0,PS,Metropolis_Hastings_AlwaysTrue,"[0.3943955513252253, 0.5446551581274492]","[0.1768648318325835, 0.4473489880097752]",8.265670776367188,"{'V3': 1.0, 'V4': 1.0, 'V5': 1.0}"
M3_PN_V1_V0,3,2,6,5,2,5000,V1,V0,PN,Metropolis_Hastings_AlwaysTrue,"[0.3912476291516659, 0.6229712095194936]","[0.0, 0.9883075955828494]",8.265670776367188,"{'V3': 1.0, 'V4': 1.0, 'V5': 1.0}"
M3_PN_V2_V0,3,2,6,5,2,5000,V2,V0,PN,Metropolis_Hastings_AlwaysTrue,"[0.4753098997232605, 0.6254560831474436]","[0.1924097650914784, 0.4866672068438543]",8.265670776367188,"{'V3': 1.0, 'V4': 1.0, 'V5': 1.0}"
M3_PS_V1_V0,3,2,6,5,2,6000,V1,V0,PS,Metropolis_Hastings_AlwaysTrue,"[0.32616252715324384, 0.5217362528658264]","[0.0, 0.615440498219972]",10.311996936798096,"{'V3': 1.0, 'V4': 1.0, 'V5': 1.0}"
M3_PS_V2_V0,3,2,6,5,2,6000,V2,V0,PS,Metropolis_Hastings_AlwaysTrue,"[0.3943955513252253, 0.5527464158416062]","[0.1768648318325835, 0.4473489880097752]",10.311996936798096,"{'V3': 1.0, 'V4': 1.0, 'V5': 1.0}"
M3_PN_V1_V0,3,2,6,5,2,6000,V1,V0,PN,Metropolis_Hastings_AlwaysTrue,"[0.3912476291516659, 0.6229712095194936]","[0.0, 0.9883075955828494]",10.311996936798096,"{'V3': 1.0, 'V4': 1.0, 'V5': 1.0}"
M3_PN_V2_V0,3,2,6,5,2,6000,V2,V0,PN,Metropolis_Hastings_AlwaysTrue,"[0.4753098997232605, 0.6281915620446905]","[0.1924097650914784, 0.4866672068438543]",10.311996936798096,"{'V3': 1.0, 'V4': 1.0, 'V5': 1.0}"
M3_PS_V1_V0,3,2,6,5,2,7000,V1,V0,PS,Metropolis_Hastings_AlwaysTrue,"[0.32616252715324384, 0.5217362528658264]","[0.0, 0.615440498219972]",11.927876234054564,"{'V3': 1.0, 'V4': 1.0, 'V5': 1.0}"
M3_PS_V2_V0,3,2,6,5,2,7000,V2,V0,PS,Metropolis_Hastings_AlwaysTrue,"[0.3943955513252253, 0.5527464158416062]","[0.1768648318325835, 0.4473489880097752]",11.927876234054564,"{'V3': 1.0, 'V4': 1.0, 'V5': 1.0}"
M3_PN_V1_V0,3,2,6,5,2,7000,V1,V0,PN,Metropolis_Hastings_AlwaysTrue,"[0.3912476291516659, 0.6229712095194936]","[0.0, 0.9883075955828494]",11.927876234054564,"{'V3': 1.0, 'V4': 1.0, 'V5': 1.0}"
M3_PN_V2_V0,3,2,6,5,2,7000,V2,V0,PN,Metropolis_Hastings_AlwaysTrue,"[0.4753098997232605, 0.6281915620446905]","[0.1924097650914784, 0.4866672068438543]",11.927876234054564,"{'V3': 1.0, 'V4': 1.0, 'V5': 1.0}"
M3_PS_V1_V0,3,2,6,5,2,8000,V1,V0,PS,Metropolis_Hastings_AlwaysTrue,"[0.32616252715324384, 0.5217362528658264]","[0.0, 0.615440498219972]",14.136535167694092,"{'V3': 1.0, 'V4': 1.0, 'V5': 1.0}"
M3_PS_V2_V0,3,2,6,5,2,8000,V2,V0,PS,Metropolis_Hastings_AlwaysTrue,"[0.3943955513252253, 0.5527464158416062]","[0.1768648318325835, 0.4473489880097752]",14.136535167694092,"{'V3': 1.0, 'V4': 1.0, 'V5': 1.0}"
M3_PN_V1_V0,3,2,6,5,2,8000,V1,V0,PN,Metropolis_Hastings_AlwaysTrue,"[0.3912476291516659, 0.6229712095194936]","[0.0, 0.9883075955828494]",14.136535167694092,"{'V3': 1.0, 'V4': 1.0, 'V5': 1.0}"
M3_PN_V2_V0,3,2,6,5,2,8000,V2,V0,PN,Metropolis_Hastings_AlwaysTrue,"[0.4753098997232605, 0.6296331143172257]","[0.1924097650914784, 0.4866672068438543]",14.136535167694092,"{'V3': 1.0, 'V4': 1.0, 'V5': 1.0}"
M3_PS_V1_V0,3,2,6,5,2,9000,V1,V0,PS,Metropolis_Hastings_AlwaysTrue,"[0.32616252715324384, 0.5217362528658264]","[0.0, 0.615440498219972]",15.76357889175415,"{'V3': 1.0, 'V4': 1.0, 'V5': 1.0}"
M3_PS_V2_V0,3,2,6,5,2,9000,V2,V0,PS,Metropolis_Hastings_AlwaysTrue,"[0.3943955513252253, 0.5527464158416062]","[0.1768648318325835, 0.4473489880097752]",15.76357889175415,"{'V3': 1.0, 'V4': 1.0, 'V5': 1.0}"
M3_PN_V1_V0,3,2,6,5,2,9000,V1,V0,PN,Metropolis_Hastings_AlwaysTrue,"[0.3912476291516659, 0.6344216850538493]","[0.0, 0.9883075955828494]",15.76357889175415,"{'V3': 1.0, 'V4': 1.0, 'V5': 1.0}"
M3_PN_V2_V0,3,2,6,5,2,9000,V2,V0,PN,Metropolis_Hastings_AlwaysTrue,"[0.4706651635425448, 0.6361503475235476]","[0.1924097650914784, 0.4866672068438543]",15.76357889175415,"{'V3': 1.0, 'V4': 1.0, 'V5': 1.0}"
M3_PS_V1_V0,3,2,6,5,2,10000,V1,V0,PS,Metropolis_Hastings_AlwaysTrue,"[0.32616252715324384, 0.5217362528658264]","[0.0, 0.615440498219972]",18.090542554855347,"{'V3': 1.0, 'V4': 1.0, 'V5': 1.0}"
M3_PS_V2_V0,3,2,6,5,2,10000,V2,V0,PS,Metropolis_Hastings_AlwaysTrue,"[0.3943955513252253, 0.5527464158416062]","[0.1768648318325835, 0.4473489880097752]",18.090542554855347,"{'V3': 1.0, 'V4': 1.0, 'V5': 1.0}"
M3_PN_V1_V0,3,2,6,5,2,10000,V1,V0,PN,Metropolis_Hastings_AlwaysTrue,"[0.3912476291516659, 0.6344216850538493]","[0.0, 0.9883075955828494]",18.090542554855347,"{'V3': 1.0, 'V4': 1.0, 'V5': 1.0}"
M3_PN_V2_V0,3,2,6,5,2,10000,V2,V0,PN,Metropolis_Hastings_AlwaysTrue,"[0.4706651635425448, 0.6361503475235476]","[0.1924097650914784, 0.4866672068438543]",18.090542554855347,"{'V3': 1.0, 'V4': 1.0, 'V5': 1.0}"
M3_PS_V1_V0,3,2,6,10,2,1000,V1,V0,PS,Metropolis_Hastings_AlwaysTrue,"[0.31544496257146604, 0.4977071423521831]","[0.0226329385021463, 0.2174142158013883]",1.5760791301727295,"{'V3': 1.0, 'V4': 1.0, 'V5': 1.0}"
M3_PS_V2_V0,3,2,6,10,2,1000,V2,V0,PS,Metropolis_Hastings_AlwaysTrue,"[0.43614554856435706, 0.5511581089556805]","[0.3249667739148461, 0.4473489880097752]",1.5760791301727295,"{'V3': 1.0, 'V4': 1.0, 'V5': 1.0}"
M3_PN_V1_V0,3,2,6,10,2,1000,V1,V0,PN,Metropolis_Hastings_AlwaysTrue,"[0.3299269105429105, 0.5612200680912759]","[0.0363451951841424, 0.3491354915473905]",1.5760791301727295,"{'V3': 1.0, 'V4': 1.0, 'V5': 1.0}"
M3_PN_V2_V0,3,2,6,10,2,1000,V2,V0,PN,Metropolis_Hastings_AlwaysTrue,"[0.629885875089857, 0.7417328618574354]","[0.3535286239984533, 0.4866672068438543]",1.5760791301727295,"{'V3': 1.0, 'V4': 1.0, 'V5': 1.0}"
M3_PS_V1_V0,3,2,6,10,2,2000,V1,V0,PS,Metropolis_Hastings_AlwaysTrue,"[0.3105339891775483, 0.4977071423521831]","[0.0226329385021463, 0.2174142158013883]",3.0943949222564697,"{'V3': 1.0, 'V4': 1.0, 'V5': 1.0}"
M3_PS_V2_V0,3,2,6,10,2,2000,V2,V0,PS,Metropolis_Hastings_AlwaysTrue,"[0.43614554856435706, 0.5511581089556805]","[0.3249667739148461, 0.4473489880097752]",3.0943949222564697,"{'V3': 1.0, 'V4': 1.0, 'V5': 1.0}"
M3_PN_V1_V0,3,2,6,10,2,2000,V1,V0,PN,Metropolis_Hastings_AlwaysTrue,"[0.3299269105429105, 0.5653253266121979]","[0.0363451951841424, 0.3491354915473905]",3.0943949222564697,"{'V3': 1.0, 'V4': 1.0, 'V5': 1.0}"
M3_PN_V2_V0,3,2,6,10,2,2000,V2,V0,PN,Metropolis_Hastings_AlwaysTrue,"[0.629885875089857, 0.7518432772987814]","[0.3535286239984533, 0.4866672068438543]",3.0943949222564697,"{'V3': 1.0, 'V4': 1.0, 'V5': 1.0}"
M3_PS_V1_V0,3,2,6,10,2,3000,V1,V0,PS,Metropolis_Hastings_AlwaysTrue,"[0.3043441243023217, 0.4977071423521831]","[0.0226329385021463, 0.2174142158013883]",4.6191606521606445,"{'V3': 1.0, 'V4': 1.0, 'V5': 1.0}"
M3_PS_V2_V0,3,2,6,10,2,3000,V2,V0,PS,Metropolis_Hastings_AlwaysTrue,"[0.43614554856435706, 0.5511581089556805]","[0.3249667739148461, 0.4473489880097752]",4.6191606521606445,"{'V3': 1.0, 'V4': 1.0, 'V5': 1.0}"
M3_PN_V1_V0,3,2,6,10,2,3000,V1,V0,PN,Metropolis_Hastings_AlwaysTrue,"[0.3299269105429105, 0.5653253266121979]","[0.0363451951841424, 0.3491354915473905]",4.6191606521606445,"{'V3': 1.0, 'V4': 1.0, 'V5': 1.0}"
M3_PN_V2_V0,3,2,6,10,2,3000,V2,V0,PN,Metropolis_Hastings_AlwaysTrue,"[0.6255696998585484, 0.7518432772987814]","[0.3535286239984533, 0.4866672068438543]",4.6191606521606445,"{'V3': 1.0, 'V4': 1.0, 'V5': 1.0}"
M3_PS_V1_V0,3,2,6,10,2,4000,V1,V0,PS,Metropolis_Hastings_AlwaysTrue,"[0.3043441243023217, 0.4977071423521831]","[0.0226329385021463, 0.2174142158013883]",6.135587930679321,"{'V3': 1.0, 'V4': 1.0, 'V5': 1.0}"
M3_PS_V2_V0,3,2,6,10,2,4000,V2,V0,PS,Metropolis_Hastings_AlwaysTrue,"[0.43614554856435706, 0.5511581089556805]","[0.3249667739148461, 0.4473489880097752]",6.135587930679321,"{'V3': 1.0, 'V4': 1.0, 'V5': 1.0}"
M3_PN_V1_V0,3,2,6,10,2,4000,V1,V0,PN,Metropolis_Hastings_AlwaysTrue,"[0.3299269105429105, 0.5653253266121979]","[0.0363451951841424, 0.3491354915473905]",6.135587930679321,"{'V3': 1.0, 'V4': 1.0, 'V5': 1.0}"
M3_PN_V2_V0,3,2,6,10,2,4000,V2,V0,PN,Metropolis_Hastings_AlwaysTrue,"[0.6255696998585484, 0.7518432772987814]","[0.3535286239984533, 0.4866672068438543]",6.135587930679321,"{'V3': 1.0, 'V4': 1.0, 'V5': 1.0}"
M3_PS_V1_V0,3,2,6,10,2,5000,V1,V0,PS,Metropolis_Hastings_AlwaysTrue,"[0.28736840169397937, 0.4977071423521831]","[0.0226329385021463, 0.2174142158013883]",7.659827947616577,"{'V3': 1.0, 'V4': 1.0, 'V5': 1.0}"
M3_PS_V2_V0,3,2,6,10,2,5000,V2,V0,PS,Metropolis_Hastings_AlwaysTrue,"[0.43572712746304454, 0.5511581089556805]","[0.3249667739148461, 0.4473489880097752]",7.659827947616577,"{'V3': 1.0, 'V4': 1.0, 'V5': 1.0}"
M3_PN_V1_V0,3,2,6,10,2,5000,V1,V0,PN,Metropolis_Hastings_AlwaysTrue,"[0.3299269105429105, 0.5653253266121979]","[0.0363451951841424, 0.3491354915473905]",7.659827947616577,"{'V3': 1.0, 'V4': 1.0, 'V5': 1.0}"
M3_PN_V2_V0,3,2,6,10,2,5000,V2,V0,PN,Metropolis_Hastings_AlwaysTrue,"[0.6255696998585484, 0.7518432772987814]","[0.3535286239984533, 0.4866672068438543]",7.659827947616577,"{'V3': 1.0, 'V4': 1.0, 'V5': 1.0}"
M3_PS_V1_V0,3,2,6,10,2,6000,V1,V0,PS,Metropolis_Hastings_AlwaysTrue,"[0.28736840169397937, 0.4977071423521831]","[0.0226329385021463, 0.2174142158013883]",9.601905345916748,"{'V3': 1.0, 'V4': 1.0, 'V5': 1.0}"
M3_PS_V2_V0,3,2,6,10,2,6000,V2,V0,PS,Metropolis_Hastings_AlwaysTrue,"[0.43572712746304454, 0.5600381596675871]","[0.3249667739148461, 0.4473489880097752]",9.601905345916748,"{'V3': 1.0, 'V4': 1.0, 'V5': 1.0}"
M3_PN_V1_V0,3,2,6,10,2,6000,V1,V0,PN,Metropolis_Hastings_AlwaysTrue,"[0.3299269105429105, 0.5653253266121979]","[0.0363451951841424, 0.3491354915473905]",9.601905345916748,"{'V3': 1.0, 'V4': 1.0, 'V5': 1.0}"
M3_PN_V2_V0,3,2,6,10,2,6000,V2,V0,PN,Metropolis_Hastings_AlwaysTrue,"[0.6255696998585484, 0.7518432772987814]","[0.3535286239984533, 0.4866672068438543]",9.601905345916748,"{'V3': 1.0, 'V4': 1.0, 'V5': 1.0}"
M3_PS_V1_V0,3,2,6,10,2,7000,V1,V0,PS,Metropolis_Hastings_AlwaysTrue,"[0.28736840169397937, 0.4977071423521831]","[0.0226329385021463, 0.2174142158013883]",11.64235258102417,"{'V3': 1.0, 'V4': 1.0, 'V5': 1.0}"
M3_PS_V2_V0,3,2,6,10,2,7000,V2,V0,PS,Metropolis_Hastings_AlwaysTrue,"[0.431247460005813, 0.5600381596675871]","[0.3249667739148461, 0.4473489880097752]",11.64235258102417,"{'V3': 1.0, 'V4': 1.0, 'V5': 1.0}"
M3_PN_V1_V0,3,2,6,10,2,7000,V1,V0,PN,Metropolis_Hastings_AlwaysTrue,"[0.3299269105429105, 0.5653253266121979]","[0.0363451951841424, 0.3491354915473905]",11.64235258102417,"{'V3': 1.0, 'V4': 1.0, 'V5': 1.0}"
M3_PN_V2_V0,3,2,6,10,2,7000,V2,V0,PN,Metropolis_Hastings_AlwaysTrue,"[0.6255696998585484, 0.7518432772987814]","[0.3535286239984533, 0.4866672068438543]",11.64235258102417,"{'V3': 1.0, 'V4': 1.0, 'V5': 1.0}"
M3_PS_V1_V0,3,2,6,10,2,8000,V1,V0,PS,Metropolis_Hastings_AlwaysTrue,"[0.28736840169397937, 0.4977071423521831]","[0.0226329385021463, 0.2174142158013883]",13.163900136947632,"{'V3': 1.0, 'V4': 1.0, 'V5': 1.0}"
M3_PS_V2_V0,3,2,6,10,2,8000,V2,V0,PS,Metropolis_Hastings_AlwaysTrue,"[0.42598573557673236, 0.5600381596675871]","[0.3249667739148461, 0.4473489880097752]",13.163900136947632,"{'V3': 1.0, 'V4': 1.0, 'V5': 1.0}"
M3_PN_V1_V0,3,2,6,10,2,8000,V1,V0,PN,Metropolis_Hastings_AlwaysTrue,"[0.3299269105429105, 0.5653253266121979]","[0.0363451951841424, 0.3491354915473905]",13.163900136947632,"{'V3': 1.0, 'V4': 1.0, 'V5': 1.0}"
M3_PN_V2_V0,3,2,6,10,2,8000,V2,V0,PN,Metropolis_Hastings_AlwaysTrue,"[0.6255696998585484, 0.7518432772987814]","[0.3535286239984533, 0.4866672068438543]",13.163900136947632,"{'V3': 1.0, 'V4': 1.0, 'V5': 1.0}"
M3_PS_V1_V0,3,2,6,10,2,9000,V1,V0,PS,Metropolis_Hastings_AlwaysTrue,"[0.28736840169397937, 0.4977071423521831]","[0.0226329385021463, 0.2174142158013883]",14.74449634552002,"{'V3': 1.0, 'V4': 1.0, 'V5': 1.0}"
M3_PS_V2_V0,3,2,6,10,2,9000,V2,V0,PS,Metropolis_Hastings_AlwaysTrue,"[0.42593750602242375, 0.5600381596675871]","[0.3249667739148461, 0.4473489880097752]",14.74449634552002,"{'V3': 1.0, 'V4': 1.0, 'V5': 1.0}"
M3_PN_V1_V0,3,2,6,10,2,9000,V1,V0,PN,Metropolis_Hastings_AlwaysTrue,"[0.3299269105429105, 0.5653253266121979]","[0.0363451951841424, 0.3491354915473905]",14.74449634552002,"{'V3': 1.0, 'V4': 1.0, 'V5': 1.0}"
M3_PN_V2_V0,3,2,6,10,2,9000,V2,V0,PN,Metropolis_Hastings_AlwaysTrue,"[0.6255696998585484, 0.7518432772987814]","[0.3535286239984533, 0.4866672068438543]",14.74449634552002,"{'V3': 1.0, 'V4': 1.0, 'V5': 1.0}"
M3_PS_V1_V0,3,2,6,10,2,10000,V1,V0,PS,Metropolis_Hastings_AlwaysTrue,"[0.28736840169397937, 0.4977071423521831]","[0.0226329385021463, 0.2174142158013883]",16.284679889678955,"{'V3': 1.0, 'V4': 1.0, 'V5': 1.0}"
M3_PS_V2_V0,3,2,6,10,2,10000,V2,V0,PS,Metropolis_Hastings_AlwaysTrue,"[0.42593750602242375, 0.5600381596675871]","[0.3249667739148461, 0.4473489880097752]",16.284679889678955,"{'V3': 1.0, 'V4': 1.0, 'V5': 1.0}"
M3_PN_V1_V0,3,2,6,10,2,10000,V1,V0,PN,Metropolis_Hastings_AlwaysTrue,"[0.3299269105429105, 0.5653253266121979]","[0.0363451951841424, 0.3491354915473905]",16.284679889678955,"{'V3': 1.0, 'V4': 1.0, 'V5': 1.0}"
M3_PN_V2_V0,3,2,6,10,2,10000,V2,V0,PN,Metropolis_Hastings_AlwaysTrue,"[0.6162291110066437, 0.7518432772987814]","[0.3535286239984533, 0.4866672068438543]",16.284679889678955,"{'V3': 1.0, 'V4': 1.0, 'V5': 1.0}"
M3_PS_V1_V0,3,2,10,5,2,1000,V1,V0,PS,Metropolis_Hastings_AlwaysTrue,"[0.37979594755372015, 0.5342240516690356]","[0.088342612917763, 0.5420634113012254]",2.6987416744232178,"{'V3': 1.0, 'V4': 1.0, 'V5': 1.0}"
M3_PS_V2_V0,3,2,10,5,2,1000,V2,V0,PS,Metropolis_Hastings_AlwaysTrue,"[0.3572246713831984, 0.4913945459238941]","[0.3158715786488049, 0.4067767026301722]",2.6987416744232178,"{'V3': 1.0, 'V4': 1.0, 'V5': 1.0}"
M3_PN_V1_V0,3,2,10,5,2,1000,V1,V0,PN,Metropolis_Hastings_AlwaysTrue,"[0.508980543220451, 0.6855186028441841]","[0.1614323155039722, 0.9905361495001018]",2.6987416744232178,"{'V3': 1.0, 'V4': 1.0, 'V5': 1.0}"
M3_PN_V2_V0,3,2,10,5,2,1000,V2,V0,PN,Metropolis_Hastings_AlwaysTrue,"[0.4244932537809173, 0.5841846023729713]","[0.4196230659567957, 0.5403869757691937]",2.6987416744232178,"{'V3': 1.0, 'V4': 1.0, 'V5': 1.0}"
M3_PS_V1_V0,3,2,10,5,2,2000,V1,V0,PS,Metropolis_Hastings_AlwaysTrue,"[0.3781088363878833, 0.5360662142724117]","[0.088342612917763, 0.5420634113012254]",4.531984329223633,"{'V3': 1.0, 'V4': 1.0, 'V5': 1.0}"
M3_PS_V2_V0,3,2,10,5,2,2000,V2,V0,PS,Metropolis_Hastings_AlwaysTrue,"[0.3572246713831984, 0.4913945459238941]","[0.3158715786488049, 0.4067767026301722]",4.531984329223633,"{'V3': 1.0, 'V4': 1.0, 'V5': 1.0}"
M3_PN_V1_V0,3,2,10,5,2,2000,V1,V0,PN,Metropolis_Hastings_AlwaysTrue,"[0.5074290665603515, 0.7062782707474581]","[0.1614323155039722, 0.9905361495001018]",4.531984329223633,"{'V3': 1.0, 'V4': 1.0, 'V5': 1.0}"
M3_PN_V2_V0,3,2,10,5,2,2000,V2,V0,PN,Metropolis_Hastings_AlwaysTrue,"[0.40852096596932597, 0.5841846023729713]","[0.4196230659567957, 0.5403869757691937]",4.531984329223633,"{'V3': 1.0, 'V4': 1.0, 'V5': 1.0}"
M3_PS_V1_V0,3,2,10,5,2,3000,V1,V0,PS,Metropolis_Hastings_AlwaysTrue,"[0.3682072970549885, 0.5360662142724117]","[0.088342612917763, 0.5420634113012254]",6.262841463088989,"{'V3': 1.0, 'V4': 1.0, 'V5': 1.0}"
M3_PS_V2_V0,3,2,10,5,2,3000,V2,V0,PS,Metropolis_Hastings_AlwaysTrue,"[0.35388123881598776, 0.491725622688078]","[0.3158715786488049, 0.4067767026301722]",6.262841463088989,"{'V3': 1.0, 'V4': 1.0, 'V5': 1.0}"
M3_PN_V1_V0,3,2,10,5,2,3000,V1,V0,PN,Metropolis_Hastings_AlwaysTrue,"[0.5028381653239038, 0.7062782707474581]","[0.1614323155039722, 0.9905361495001018]",6.262841463088989,"{'V3': 1.0, 'V4': 1.0, 'V5': 1.0}"
M3_PN_V2_V0,3,2,10,5,2,3000,V2,V0,PN,Metropolis_Hastings_AlwaysTrue,"[0.40852096596932597, 0.5841846023729713]","[0.4196230659567957, 0.5403869757691937]",6.262841463088989,"{'V3': 1.0, 'V4': 1.0, 'V5': 1.0}"
M3_PS_V1_V0,3,2,10,5,2,4000,V1,V0,PS,Metropolis_Hastings_AlwaysTrue,"[0.3682072970549885, 0.5454432074586313]","[0.088342612917763, 0.5420634113012254]",8.044783353805542,"{'V3': 1.0, 'V4': 1.0, 'V5': 1.0}"
M3_PS_V2_V0,3,2,10,5,2,4000,V2,V0,PS,Metropolis_Hastings_AlwaysTrue,"[0.3526170704297229, 0.5033629818644683]","[0.3158715786488049, 0.4067767026301722]",8.044783353805542,"{'V3': 1.0, 'V4': 1.0, 'V5': 1.0}"
M3_PN_V1_V0,3,2,10,5,2,4000,V1,V0,PN,Metropolis_Hastings_AlwaysTrue,"[0.5022430307409113, 0.7062782707474581]","[0.1614323155039722, 0.9905361495001018]",8.044783353805542,"{'V3': 1.0, 'V4': 1.0, 'V5': 1.0}"
M3_PN_V2_V0,3,2,10,5,2,4000,V2,V0,PN,Metropolis_Hastings_AlwaysTrue,"[0.40852096596932597, 0.5841846023729713]","[0.4196230659567957, 0.5403869757691937]",8.044783353805542,"{'V3': 1.0, 'V4': 1.0, 'V5': 1.0}"
M3_PS_V1_V0,3,2,10,5,2,5000,V1,V0,PS,Metropolis_Hastings_AlwaysTrue,"[0.3571063555006138, 0.5454432074586313]","[0.088342612917763, 0.5420634113012254]",9.855007648468018,"{'V3': 1.0, 'V4': 1.0, 'V5': 1.0}"
M3_PS_V2_V0,3,2,10,5,2,5000,V2,V0,PS,Metropolis_Hastings_AlwaysTrue,"[0.3526170704297229, 0.5033629818644683]","[0.3158715786488049, 0.4067767026301722]",9.855007648468018,"{'V3': 1.0, 'V4': 1.0, 'V5': 1.0}"
M3_PN_V1_V0,3,2,10,5,2,5000,V1,V0,PN,Metropolis_Hastings_AlwaysTrue,"[0.5022430307409113, 0.7062782707474581]","[0.1614323155039722, 0.9905361495001018]",9.855007648468018,"{'V3': 1.0, 'V4': 1.0, 'V5': 1.0}"
M3_PN_V2_V0,3,2,10,5,2,5000,V2,V0,PN,Metropolis_Hastings_AlwaysTrue,"[0.40852096596932597, 0.5867548785874183]","[0.4196230659567957, 0.5403869757691937]",9.855007648468018,"{'V3': 1.0, 'V4': 1.0, 'V5': 1.0}"
M3_PS_V1_V0,3,2,10,5,2,6000,V1,V0,PS,Metropolis_Hastings_AlwaysTrue,"[0.3571063555006138, 0.5454432074586313]","[0.088342612917763, 0.5420634113012254]",12.02188801765442,"{'V3': 1.0, 'V4': 1.0, 'V5': 1.0}"
M3_PS_V2_V0,3,2,10,5,2,6000,V2,V0,PS,Metropolis_Hastings_AlwaysTrue,"[0.3526170704297229, 0.5033629818644683]","[0.3158715786488049, 0.4067767026301722]",12.02188801765442,"{'V3': 1.0, 'V4': 1.0, 'V5': 1.0}"
M3_PN_V1_V0,3,2,10,5,2,6000,V1,V0,PN,Metropolis_Hastings_AlwaysTrue,"[0.49829084447429667, 0.7062782707474581]","[0.1614323155039722, 0.9905361495001018]",12.02188801765442,"{'V3': 1.0, 'V4': 1.0, 'V5': 1.0}"
M3_PN_V2_V0,3,2,10,5,2,6000,V2,V0,PN,Metropolis_Hastings_AlwaysTrue,"[0.40852096596932597, 0.5867548785874183]","[0.4196230659567957, 0.5403869757691937]",12.02188801765442,"{'V3': 1.0, 'V4': 1.0, 'V5': 1.0}"
M3_PS_V1_V0,3,2,10,5,2,7000,V1,V0,PS,Metropolis_Hastings_AlwaysTrue,"[0.3571063555006138, 0.5454432074586313]","[0.088342612917763, 0.5420634113012254]",13.755851030349731,"{'V3': 1.0, 'V4': 1.0, 'V5': 1.0}"
M3_PS_V2_V0,3,2,10,5,2,7000,V2,V0,PS,Metropolis_Hastings_AlwaysTrue,"[0.34596131851873885, 0.5033629818644683]","[0.3158715786488049, 0.4067767026301722]",13.755851030349731,"{'V3': 1.0, 'V4': 1.0, 'V5': 1.0}"
M3_PN_V1_V0,3,2,10,5,2,7000,V1,V0,PN,Metropolis_Hastings_AlwaysTrue,"[0.49620589251778024, 0.7062782707474581]","[0.1614323155039722, 0.9905361495001018]",13.755851030349731,"{'V3': 1.0, 'V4': 1.0, 'V5': 1.0}"
M3_PN_V2_V0,3,2,10,5,2,7000,V2,V0,PN,Metropolis_Hastings_AlwaysTrue,"[0.40690045643150413, 0.5867548785874183]","[0.4196230659567957, 0.5403869757691937]",13.755851030349731,"{'V3': 1.0, 'V4': 1.0, 'V5': 1.0}"
M3_PS_V1_V0,3,2,10,5,2,8000,V1,V0,PS,Metropolis_Hastings_AlwaysTrue,"[0.3571063555006138, 0.5454432074586313]","[0.088342612917763, 0.5420634113012254]",15.500503540039062,"{'V3': 1.0, 'V4': 1.0, 'V5': 1.0}"
M3_PS_V2_V0,3,2,10,5,2,8000,V2,V0,PS,Metropolis_Hastings_AlwaysTrue,"[0.34596131851873885, 0.5033629818644683]","[0.3158715786488049, 0.4067767026301722]",15.500503540039062,"{'V3': 1.0, 'V4': 1.0, 'V5': 1.0}"
M3_PN_V1_V0,3,2,10,5,2,8000,V1,V0,PN,Metropolis_Hastings_AlwaysTrue,"[0.49620589251778024, 0.7062782707474581]","[0.1614323155039722, 0.9905361495001018]",15.500503540039062,"{'V3': 1.0, 'V4': 1.0, 'V5': 1.0}"
M3_PN_V2_V0,3,2,10,5,2,8000,V2,V0,PN,Metropolis_Hastings_AlwaysTrue,"[0.40690045643150413, 0.5867548785874183]","[0.4196230659567957, 0.5403869757691937]",15.500503540039062,"{'V3': 1.0, 'V4': 1.0, 'V5': 1.0}"
M3_PS_V1_V0,3,2,10,5,2,9000,V1,V0,PS,Metropolis_Hastings_AlwaysTrue,"[0.3571063555006138, 0.5507848904458785]","[0.088342612917763, 0.5420634113012254]",17.240506172180176,"{'V3': 1.0, 'V4': 1.0, 'V5': 1.0}"
M3_PS_V2_V0,3,2,10,5,2,9000,V2,V0,PS,Metropolis_Hastings_AlwaysTrue,"[0.34596131851873885, 0.5033629818644683]","[0.3158715786488049, 0.4067767026301722]",17.240506172180176,"{'V3': 1.0, 'V4': 1.0, 'V5': 1.0}"
M3_PN_V1_V0,3,2,10,5,2,9000,V1,V0,PN,Metropolis_Hastings_AlwaysTrue,"[0.4875033584598622, 0.7062782707474581]","[0.1614323155039722, 0.9905361495001018]",17.240506172180176,"{'V3': 1.0, 'V4': 1.0, 'V5': 1.0}"
M3_PN_V2_V0,3,2,10,5,2,9000,V2,V0,PN,Metropolis_Hastings_AlwaysTrue,"[0.40690045643150413, 0.5867548785874183]","[0.4196230659567957, 0.5403869757691937]",17.240506172180176,"{'V3': 1.0, 'V4': 1.0, 'V5': 1.0}"
M3_PS_V1_V0,3,2,10,5,2,10000,V1,V0,PS,Metropolis_Hastings_AlwaysTrue,"[0.3571063555006138, 0.5507848904458785]","[0.088342612917763, 0.5420634113012254]",19.07354021072388,"{'V3': 1.0, 'V4': 1.0, 'V5': 1.0}"
M3_PS_V2_V0,3,2,10,5,2,10000,V2,V0,PS,Metropolis_Hastings_AlwaysTrue,"[0.34489819988862325, 0.5033629818644683]","[0.3158715786488049, 0.4067767026301722]",19.07354021072388,"{'V3': 1.0, 'V4': 1.0, 'V5': 1.0}"
M3_PN_V1_V0,3,2,10,5,2,10000,V1,V0,PN,Metropolis_Hastings_AlwaysTrue,"[0.4875033584598622, 0.7062782707474581]","[0.1614323155039722, 0.9905361495001018]",19.07354021072388,"{'V3': 1.0, 'V4': 1.0, 'V5': 1.0}"
M3_PN_V2_V0,3,2,10,5,2,10000,V2,V0,PN,Metropolis_Hastings_AlwaysTrue,"[0.40690045643150413, 0.5867548785874183]","[0.4196230659567957, 0.5403869757691937]",19.07354021072388,"{'V3': 1.0, 'V4': 1.0, 'V5': 1.0}"
M3_PS_V1_V0,3,2,10,10,2,1000,V1,V0,PS,Metropolis_Hastings_AlwaysTrue,"[0.37979594755372015, 0.5342240516690356]","[0.088342612917763, 0.5420634113012255]",1.777642011642456,"{'V3': 1.0, 'V4': 1.0, 'V5': 1.0}"
M3_PS_V2_V0,3,2,10,10,2,1000,V2,V0,PS,Metropolis_Hastings_AlwaysTrue,"[0.3572246713831984, 0.4913945459238941]","[0.3158715786488049, 0.4067767026301722]",1.777642011642456,"{'V3': 1.0, 'V4': 1.0, 'V5': 1.0}"
M3_PN_V1_V0,3,2,10,10,2,1000,V1,V0,PN,Metropolis_Hastings_AlwaysTrue,"[0.508980543220451, 0.6855186028441841]","[0.1614323155039722, 0.9905361495001018]",1.777642011642456,"{'V3': 1.0, 'V4': 1.0, 'V5': 1.0}"
M3_PN_V2_V0,3,2,10,10,2,1000,V2,V0,PN,Metropolis_Hastings_AlwaysTrue,"[0.4244932537809173, 0.5841846023729713]","[0.4196230659567957, 0.5403869757691937]",1.777642011642456,"{'V3': 1.0, 'V4': 1.0, 'V5': 1.0}"
M3_PS_V1_V0,3,2,10,10,2,2000,V1,V0,PS,Metropolis_Hastings_AlwaysTrue,"[0.3781088363878833, 0.5360662142724117]","[0.088342612917763, 0.5420634113012255]",3.508810043334961,"{'V3': 1.0, 'V4': 1.0, 'V5': 1.0}"
M3_PS_V2_V0,3,2,10,10,2,2000,V2,V0,PS,Metropolis_Hastings_AlwaysTrue,"[0.3572246713831984, 0.4913945459238941]","[0.3158715786488049, 0.4067767026301722]",3.508810043334961,"{'V3': 1.0, 'V4': 1.0, 'V5': 1.0}"
M3_PN_V1_V0,3,2,10,10,2,2000,V1,V0,PN,Metropolis_Hastings_AlwaysTrue,"[0.5074290665603515, 0.7062782707474581]","[0.1614323155039722, 0.9905361495001018]",3.508810043334961,"{'V3': 1.0, 'V4': 1.0, 'V5': 1.0}"
M3_PN_V2_V0,3,2,10,10,2,2000,V2,V0,PN,Metropolis_Hastings_AlwaysTrue,"[0.40852096596932597, 0.5841846023729713]","[0.4196230659567957, 0.5403869757691937]",3.508810043334961,"{'V3': 1.0, 'V4': 1.0, 'V5': 1.0}"
M3_PS_V1_V0,3,2,10,10,2,3000,V1,V0,PS,Metropolis_Hastings_AlwaysTrue,"[0.3682072970549885, 0.5360662142724117]","[0.088342612917763, 0.5420634113012255]",5.439441442489624,"{'V3': 1.0, 'V4': 1.0, 'V5': 1.0}"
M3_PS_V2_V0,3,2,10,10,2,3000,V2,V0,PS,Metropolis_Hastings_AlwaysTrue,"[0.35388123881598776, 0.491725622688078]","[0.3158715786488049, 0.4067767026301722]",5.439441442489624,"{'V3': 1.0, 'V4': 1.0, 'V5': 1.0}"
M3_PN_V1_V0,3,2,10,10,2,3000,V1,V0,PN,Metropolis_Hastings_AlwaysTrue,"[0.5028381653239038, 0.7062782707474581]","[0.1614323155039722, 0.9905361495001018]",5.439441442489624,"{'V3': 1.0, 'V4': 1.0, 'V5': 1.0}"
M3_PN_V2_V0,3,2,10,10,2,3000,V2,V0,PN,Metropolis_Hastings_AlwaysTrue,"[0.40852096596932597, 0.5841846023729713]","[0.4196230659567957, 0.5403869757691937]",5.439441442489624,"{'V3': 1.0, 'V4': 1.0, 'V5': 1.0}"
M3_PS_V1_V0,3,2,10,10,2,4000,V1,V0,PS,Metropolis_Hastings_AlwaysTrue,"[0.3682072970549885, 0.5454432074586313]","[0.088342612917763, 0.5420634113012255]",7.224189043045044,"{'V3': 1.0, 'V4': 1.0, 'V5': 1.0}"
M3_PS_V2_V0,3,2,10,10,2,4000,V2,V0,PS,Metropolis_Hastings_AlwaysTrue,"[0.3526170704297229, 0.5033629818644683]","[0.3158715786488049, 0.4067767026301722]",7.224189043045044,"{'V3': 1.0, 'V4': 1.0, 'V5': 1.0}"
M3_PN_V1_V0,3,2,10,10,2,4000,V1,V0,PN,Metropolis_Hastings_AlwaysTrue,"[0.5022430307409113, 0.7062782707474581]","[0.1614323155039722, 0.9905361495001018]",7.224189043045044,"{'V3': 1.0, 'V4': 1.0, 'V5': 1.0}"
M3_PN_V2_V0,3,2,10,10,2,4000,V2,V0,PN,Metropolis_Hastings_AlwaysTrue,"[0.40852096596932597, 0.5841846023729713]","[0.4196230659567957, 0.5403869757691937]",7.224189043045044,"{'V3': 1.0, 'V4': 1.0, 'V5': 1.0}"
M3_PS_V1_V0,3,2,10,10,2,5000,V1,V0,PS,Metropolis_Hastings_AlwaysTrue,"[0.3571063555006138, 0.5454432074586313]","[0.088342612917763, 0.5420634113012255]",9.28178095817566,"{'V3': 1.0, 'V4': 1.0, 'V5': 1.0}"
M3_PS_V2_V0,3,2,10,10,2,5000,V2,V0,PS,Metropolis_Hastings_AlwaysTrue,"[0.3526170704297229, 0.5033629818644683]","[0.3158715786488049, 0.4067767026301722]",9.28178095817566,"{'V3': 1.0, 'V4': 1.0, 'V5': 1.0}"
M3_PN_V1_V0,3,2,10,10,2,5000,V1,V0,PN,Metropolis_Hastings_AlwaysTrue,"[0.5022430307409113, 0.7062782707474581]","[0.1614323155039722, 0.9905361495001018]",9.28178095817566,"{'V3': 1.0, 'V4': 1.0, 'V5': 1.0}"
M3_PN_V2_V0,3,2,10,10,2,5000,V2,V0,PN,Metropolis_Hastings_AlwaysTrue,"[0.40852096596932597, 0.5867548785874183]","[0.4196230659567957, 0.5403869757691937]",9.28178095817566,"{'V3': 1.0, 'V4': 1.0, 'V5': 1.0}"
M3_PS_V1_V0,3,2,10,10,2,6000,V1,V0,PS,Metropolis_Hastings_AlwaysTrue,"[0.3571063555006138, 0.5454432074586313]","[0.088342612917763, 0.5420634113012255]",11.068129301071169,"{'V3': 1.0, 'V4': 1.0, 'V5': 1.0}"
M3_PS_V2_V0,3,2,10,10,2,6000,V2,V0,PS,Metropolis_Hastings_AlwaysTrue,"[0.3526170704297229, 0.5033629818644683]","[0.3158715786488049, 0.4067767026301722]",11.068129301071169,"{'V3': 1.0, 'V4': 1.0, 'V5': 1.0}"
M3_PN_V1_V0,3,2,10,10,2,6000,V1,V0,PN,Metropolis_Hastings_AlwaysTrue,"[0.49829084447429667, 0.7062782707474581]","[0.1614323155039722, 0.9905361495001018]",11.068129301071169,"{'V3': 1.0, 'V4': 1.0, 'V5': 1.0}"
M3_PN_V2_V0,3,2,10,10,2,6000,V2,V0,PN,Metropolis_Hastings_AlwaysTrue,"[0.40852096596932597, 0.5867548785874183]","[0.4196230659567957, 0.5403869757691937]",11.068129301071169,"{'V3': 1.0, 'V4': 1.0, 'V5': 1.0}"
M3_PS_V1_V0,3,2,10,10,2,7000,V1,V0,PS,Metropolis_Hastings_AlwaysTrue,"[0.3571063555006138, 0.5454432074586313]","[0.088342612917763, 0.5420634113012255]",12.787138938903809,"{'V3': 1.0, 'V4': 1.0, 'V5': 1.0}"
M3_PS_V2_V0,3,2,10,10,2,7000,V2,V0,PS,Metropolis_Hastings_AlwaysTrue,"[0.34596131851873885, 0.5033629818644683]","[0.3158715786488049, 0.4067767026301722]",12.787138938903809,"{'V3': 1.0, 'V4': 1.0, 'V5': 1.0}"
M3_PN_V1_V0,3,2,10,10,2,7000,V1,V0,PN,Metropolis_Hastings_AlwaysTrue,"[0.49620589251778024, 0.7062782707474581]","[0.1614323155039722, 0.9905361495001018]",12.787138938903809,"{'V3': 1.0, 'V4': 1.0, 'V5': 1.0}"
M3_PN_V2_V0,3,2,10,10,2,7000,V2,V0,PN,Metropolis_Hastings_AlwaysTrue,"[0.40690045643150413, 0.5867548785874183]","[0.4196230659567957, 0.5403869757691937]",12.787138938903809,"{'V3': 1.0, 'V4': 1.0, 'V5': 1.0}"
M3_PS_V1_V0,3,2,10,10,2,8000,V1,V0,PS,Metropolis_Hastings_AlwaysTrue,"[0.3571063555006138, 0.5454432074586313]","[0.088342612917763, 0.5420634113012255]",14.522948026657104,"{'V3': 1.0, 'V4': 1.0, 'V5': 1.0}"
M3_PS_V2_V0,3,2,10,10,2,8000,V2,V0,PS,Metropolis_Hastings_AlwaysTrue,"[0.34596131851873885, 0.5033629818644683]","[0.3158715786488049, 0.4067767026301722]",14.522948026657104,"{'V3': 1.0, 'V4': 1.0, 'V5': 1.0}"
M3_PN_V1_V0,3,2,10,10,2,8000,V1,V0,PN,Metropolis_Hastings_AlwaysTrue,"[0.49620589251778024, 0.7062782707474581]","[0.1614323155039722, 0.9905361495001018]",14.522948026657104,"{'V3': 1.0, 'V4': 1.0, 'V5': 1.0}"
M3_PN_V2_V0,3,2,10,10,2,8000,V2,V0,PN,Metropolis_Hastings_AlwaysTrue,"[0.40690045643150413, 0.5867548785874183]","[0.4196230659567957, 0.5403869757691937]",14.522948026657104,"{'V3': 1.0, 'V4': 1.0, 'V5': 1.0}"
M3_PS_V1_V0,3,2,10,10,2,9000,V1,V0,PS,Metropolis_Hastings_AlwaysTrue,"[0.3571063555006138, 0.5507848904458785]","[0.088342612917763, 0.5420634113012255]",16.26754903793335,"{'V3': 1.0, 'V4': 1.0, 'V5': 1.0}"
M3_PS_V2_V0,3,2,10,10,2,9000,V2,V0,PS,Metropolis_Hastings_AlwaysTrue,"[0.34596131851873885, 0.5033629818644683]","[0.3158715786488049, 0.4067767026301722]",16.26754903793335,"{'V3': 1.0, 'V4': 1.0, 'V5': 1.0}"
M3_PN_V1_V0,3,2,10,10,2,9000,V1,V0,PN,Metropolis_Hastings_AlwaysTrue,"[0.4875033584598622, 0.7062782707474581]","[0.1614323155039722, 0.9905361495001018]",16.26754903793335,"{'V3': 1.0, 'V4': 1.0, 'V5': 1.0}"
M3_PN_V2_V0,3,2,10,10,2,9000,V2,V0,PN,Metropolis_Hastings_AlwaysTrue,"[0.40690045643150413, 0.5867548785874183]","[0.4196230659567957, 0.5403869757691937]",16.26754903793335,"{'V3': 1.0, 'V4': 1.0, 'V5': 1.0}"
M3_PS_V1_V0,3,2,10,10,2,10000,V1,V0,PS,Metropolis_Hastings_AlwaysTrue,"[0.3571063555006138, 0.5507848904458785]","[0.088342612917763, 0.5420634113012255]",18.70200538635254,"{'V3': 1.0, 'V4': 1.0, 'V5': 1.0}"
M3_PS_V2_V0,3,2,10,10,2,10000,V2,V0,PS,Metropolis_Hastings_AlwaysTrue,"[0.34489819988862325, 0.5033629818644683]","[0.3158715786488049, 0.4067767026301722]",18.70200538635254,"{'V3': 1.0, 'V4': 1.0, 'V5': 1.0}"
M3_PN_V1_V0,3,2,10,10,2,10000,V1,V0,PN,Metropolis_Hastings_AlwaysTrue,"[0.4875033584598622, 0.7062782707474581]","[0.1614323155039722, 0.9905361495001018]",18.70200538635254,"{'V3': 1.0, 'V4': 1.0, 'V5': 1.0}"
M3_PN_V2_V0,3,2,10,10,2,10000,V2,V0,PN,Metropolis_Hastings_AlwaysTrue,"[0.40690045643150413, 0.5867548785874183]","[0.4196230659567957, 0.5403869757691937]",18.70200538635254,"{'V3': 1.0, 'V4': 1.0, 'V5': 1.0}"
M3_PS_V1_V0,3,2,4,5,2,1000,V1,V0,PS,Metropolis_Hastings_AlwaysTrue,"[0.052409398389617425, 0.1897452503619771]","[0.4089698405695808, 1.0]",1.6418850421905518,"{'V3': 1.0, 'V4': 1.0, 'V5': 1.0}"
M3_PS_V2_V0,3,2,4,5,2,1000,V2,V0,PS,Metropolis_Hastings_AlwaysTrue,"[0.5446582829209485, 0.6811274432591625]","[0.8604408132243967, 1.0]",1.6418850421905518,"{'V3': 1.0, 'V4': 1.0, 'V5': 1.0}"
M3_PN_V1_V0,3,2,4,5,2,1000,V1,V0,PN,Metropolis_Hastings_AlwaysTrue,"[0.053083323354560084, 0.20724554899515685]","[0.1154000997274164, 0.2821726403264755]",1.6418850421905518,"{'V3': 1.0, 'V4': 1.0, 'V5': 1.0}"
M3_PN_V2_V0,3,2,4,5,2,1000,V2,V0,PN,Metropolis_Hastings_AlwaysTrue,"[0.6024267706935227, 0.7181442269813013]","[0.0435031467667509, 0.0505591391042088]",1.6418850421905518,"{'V3': 1.0, 'V4': 1.0, 'V5': 1.0}"
M3_PS_V1_V0,3,2,4,5,2,2000,V1,V0,PS,Metropolis_Hastings_AlwaysTrue,"[0.052409398389617425, 0.2033279323939682]","[0.4089698405695808, 1.0]",3.3418259620666504,"{'V3': 1.0, 'V4': 1.0, 'V5': 1.0}"
M3_PS_V2_V0,3,2,4,5,2,2000,V2,V0,PS,Metropolis_Hastings_AlwaysTrue,"[0.5446582829209485, 0.6811274432591625]","[0.8604408132243967, 1.0]",3.3418259620666504,"{'V3': 1.0, 'V4': 1.0, 'V5': 1.0}"
M3_PN_V1_V0,3,2,4,5,2,2000,V1,V0,PN,Metropolis_Hastings_AlwaysTrue,"[0.052032286505596284, 0.20724554899515685]","[0.1154000997274164, 0.2821726403264755]",3.3418259620666504,"{'V3': 1.0, 'V4': 1.0, 'V5': 1.0}"
M3_PN_V2_V0,3,2,4,5,2,2000,V2,V0,PN,Metropolis_Hastings_AlwaysTrue,"[0.5989442144850483, 0.7181442269813013]","[0.0435031467667509, 0.0505591391042088]",3.3418259620666504,"{'V3': 1.0, 'V4': 1.0, 'V5': 1.0}"
M3_PS_V1_V0,3,2,4,5,2,3000,V1,V0,PS,Metropolis_Hastings_AlwaysTrue,"[0.052409398389617425, 0.2033279323939682]","[0.4089698405695808, 1.0]",4.946477651596069,"{'V3': 1.0, 'V4': 1.0, 'V5': 1.0}"
M3_PS_V2_V0,3,2,4,5,2,3000,V2,V0,PS,Metropolis_Hastings_AlwaysTrue,"[0.5446582829209485, 0.6811274432591625]","[0.8604408132243967, 1.0]",4.946477651596069,"{'V3': 1.0, 'V4': 1.0, 'V5': 1.0}"
M3_PN_V1_V0,3,2,4,5,2,3000,V1,V0,PN,Metropolis_Hastings_AlwaysTrue,"[0.052032286505596284, 0.20724554899515685]","[0.1154000997274164, 0.2821726403264755]",4.946477651596069,"{'V3': 1.0, 'V4': 1.0, 'V5': 1.0}"
M3_PN_V2_V0,3,2,4,5,2,3000,V2,V0,PN,Metropolis_Hastings_AlwaysTrue,"[0.5860835390129834, 0.7193073522860949]","[0.0435031467667509, 0.0505591391042088]",4.946477651596069,"{'V3': 1.0, 'V4': 1.0, 'V5': 1.0}"
M3_PS_V1_V0,3,2,4,5,2,4000,V1,V0,PS,Metropolis_Hastings_AlwaysTrue,"[0.052409398389617425, 0.21628185583149784]","[0.4089698405695808, 1.0]",6.540344715118408,"{'V3': 1.0, 'V4': 1.0, 'V5': 1.0}"
M3_PS_V2_V0,3,2,4,5,2,4000,V2,V0,PS,Metropolis_Hastings_AlwaysTrue,"[0.5446582829209485, 0.6916901338382506]","[0.8604408132243967, 1.0]",6.540344715118408,"{'V3': 1.0, 'V4': 1.0, 'V5': 1.0}"
M3_PN_V1_V0,3,2,4,5,2,4000,V1,V0,PN,Metropolis_Hastings_AlwaysTrue,"[0.052032286505596284, 0.20724554899515685]","[0.1154000997274164, 0.2821726403264755]",6.540344715118408,"{'V3': 1.0, 'V4': 1.0, 'V5': 1.0}"
M3_PN_V2_V0,3,2,4,5,2,4000,V2,V0,PN,Metropolis_Hastings_AlwaysTrue,"[0.5860835390129834, 0.7256265770090069]","[0.0435031467667509, 0.0505591391042088]",6.540344715118408,"{'V3': 1.0, 'V4': 1.0, 'V5': 1.0}"
M3_PS_V1_V0,3,2,4,5,2,5000,V1,V0,PS,Metropolis_Hastings_AlwaysTrue,"[0.05067562533404847, 0.21628185583149784]","[0.4089698405695808, 1.0]",8.17210841178894,"{'V3': 1.0, 'V4': 1.0, 'V5': 1.0}"
M3_PS_V2_V0,3,2,4,5,2,5000,V2,V0,PS,Metropolis_Hastings_AlwaysTrue,"[0.5446582829209485, 0.6916901338382506]","[0.8604408132243967, 1.0]",8.17210841178894,"{'V3': 1.0, 'V4': 1.0, 'V5': 1.0}"
M3_PN_V1_V0,3,2,4,5,2,5000,V1,V0,PN,Metropolis_Hastings_AlwaysTrue,"[0.052032286505596284, 0.20724554899515685]","[0.1154000997274164, 0.2821726403264755]",8.17210841178894,"{'V3': 1.0, 'V4': 1.0, 'V5': 1.0}"
M3_PN_V2_V0,3,2,4,5,2,5000,V2,V0,PN,Metropolis_Hastings_AlwaysTrue,"[0.5858387367598099, 0.7256265770090069]","[0.0435031467667509, 0.0505591391042088]",8.17210841178894,"{'V3': 1.0, 'V4': 1.0, 'V5': 1.0}"
M3_PS_V1_V0,3,2,4,5,2,6000,V1,V0,PS,Metropolis_Hastings_AlwaysTrue,"[0.05067562533404847, 0.21628185583149784]","[0.4089698405695808, 1.0]",9.822687149047852,"{'V3': 1.0, 'V4': 1.0, 'V5': 1.0}"
M3_PS_V2_V0,3,2,4,5,2,6000,V2,V0,PS,Metropolis_Hastings_AlwaysTrue,"[0.5446582829209485, 0.6916901338382506]","[0.8604408132243967, 1.0]",9.822687149047852,"{'V3': 1.0, 'V4': 1.0, 'V5': 1.0}"
M3_PN_V1_V0,3,2,4,5,2,6000,V1,V0,PN,Metropolis_Hastings_AlwaysTrue,"[0.052032286505596284, 0.20724554899515685]","[0.1154000997274164, 0.2821726403264755]",9.822687149047852,"{'V3': 1.0, 'V4': 1.0, 'V5': 1.0}"
M3_PN_V2_V0,3,2,4,5,2,6000,V2,V0,PN,Metropolis_Hastings_AlwaysTrue,"[0.5858387367598099, 0.7256265770090069]","[0.0435031467667509, 0.0505591391042088]",9.822687149047852,"{'V3': 1.0, 'V4': 1.0, 'V5': 1.0}"
M3_PS_V1_V0,3,2,4,5,2,7000,V1,V0,PS,Metropolis_Hastings_AlwaysTrue,"[0.05067562533404847, 0.21628185583149784]","[0.4089698405695808, 1.0]",11.46480679512024,"{'V3': 1.0, 'V4': 1.0, 'V5': 1.0}"
M3_PS_V2_V0,3,2,4,5,2,7000,V2,V0,PS,Metropolis_Hastings_AlwaysTrue,"[0.5387001819523165, 0.6916901338382506]","[0.8604408132243967, 1.0]",11.46480679512024,"{'V3': 1.0, 'V4': 1.0, 'V5': 1.0}"
M3_PN_V1_V0,3,2,4,5,2,7000,V1,V0,PN,Metropolis_Hastings_AlwaysTrue,"[0.052032286505596284, 0.20724554899515685]","[0.1154000997274164, 0.2821726403264755]",11.46480679512024,"{'V3': 1.0, 'V4': 1.0, 'V5': 1.0}"
M3_PN_V2_V0,3,2,4,5,2,7000,V2,V0,PN,Metropolis_Hastings_AlwaysTrue,"[0.5858387367598099, 0.7256265770090069]","[0.0435031467667509, 0.0505591391042088]",11.46480679512024,"{'V3': 1.0, 'V4': 1.0, 'V5': 1.0}"
M3_PS_V1_V0,3,2,4,5,2,8000,V1,V0,PS,Metropolis_Hastings_AlwaysTrue,"[0.05067562533404847, 0.21628185583149784]","[0.4089698405695808, 1.0]",13.093174934387209,"{'V3': 1.0, 'V4': 1.0, 'V5': 1.0}"
M3_PS_V2_V0,3,2,4,5,2,8000,V2,V0,PS,Metropolis_Hastings_AlwaysTrue,"[0.5387001819523165, 0.6916901338382506]","[0.8604408132243967, 1.0]",13.093174934387209,"{'V3': 1.0, 'V4': 1.0, 'V5': 1.0}"
M3_PN_V1_V0,3,2,4,5,2,8000,V1,V0,PN,Metropolis_Hastings_AlwaysTrue,"[0.052032286505596284, 0.20724554899515685]","[0.1154000997274164, 0.2821726403264755]",13.093174934387209,"{'V3': 1.0, 'V4': 1.0, 'V5': 1.0}"
M3_PN_V2_V0,3,2,4,5,2,8000,V2,V0,PN,Metropolis_Hastings_AlwaysTrue,"[0.5858387367598099, 0.7256265770090069]","[0.0435031467667509, 0.0505591391042088]",13.093174934387209,"{'V3': 1.0, 'V4': 1.0, 'V5': 1.0}"
M3_PS_V1_V0,3,2,4,5,2,9000,V1,V0,PS,Metropolis_Hastings_AlwaysTrue,"[0.05067562533404847, 0.21628185583149784]","[0.4089698405695808, 1.0]",14.69007682800293,"{'V3': 1.0, 'V4': 1.0, 'V5': 1.0}"
M3_PS_V2_V0,3,2,4,5,2,9000,V2,V0,PS,Metropolis_Hastings_AlwaysTrue,"[0.5387001819523165, 0.6916901338382506]","[0.8604408132243967, 1.0]",14.69007682800293,"{'V3': 1.0, 'V4': 1.0, 'V5': 1.0}"
M3_PN_V1_V0,3,2,4,5,2,9000,V1,V0,PN,Metropolis_Hastings_AlwaysTrue,"[0.052032286505596284, 0.20724554899515685]","[0.1154000997274164, 0.2821726403264755]",14.69007682800293,"{'V3': 1.0, 'V4': 1.0, 'V5': 1.0}"
M3_PN_V2_V0,3,2,4,5,2,9000,V2,V0,PN,Metropolis_Hastings_AlwaysTrue,"[0.5858387367598099, 0.7256265770090069]","[0.0435031467667509, 0.0505591391042088]",14.69007682800293,"{'V3': 1.0, 'V4': 1.0, 'V5': 1.0}"
M3_PS_V1_V0,3,2,4,5,2,10000,V1,V0,PS,Metropolis_Hastings_AlwaysTrue,"[0.05067562533404847, 0.21628185583149784]","[0.4089698405695808, 1.0]",16.35573124885559,"{'V3': 1.0, 'V4': 1.0, 'V5': 1.0}"
M3_PS_V2_V0,3,2,4,5,2,10000,V2,V0,PS,Metropolis_Hastings_AlwaysTrue,"[0.5343676421893946, 0.6916901338382506]","[0.8604408132243967, 1.0]",16.35573124885559,"{'V3': 1.0, 'V4': 1.0, 'V5': 1.0}"
M3_PN_V1_V0,3,2,4,5,2,10000,V1,V0,PN,Metropolis_Hastings_AlwaysTrue,"[0.0505373067246142, 0.20724554899515685]","[0.1154000997274164, 0.2821726403264755]",16.35573124885559,"{'V3': 1.0, 'V4': 1.0, 'V5': 1.0}"
M3_PN_V2_V0,3,2,4,5,2,10000,V2,V0,PN,Metropolis_Hastings_AlwaysTrue,"[0.5858387367598099, 0.7256265770090069]","[0.0435031467667509, 0.0505591391042088]",16.35573124885559,"{'V3': 1.0, 'V4': 1.0, 'V5': 1.0}"
M4_PS_V1_V0,4,2,6,5,2,1000,V1,V0,PS,Metropolis_Hastings_AlwaysTrue,"[0.17917194183295043, 0.30887622074364035]","[0.6000032969500074, 0.8322935729884549]",1.6556172370910645,"{'V3': 1.0, 'V4': 1.0, 'V5': 1.0}"
M4_PS_V2_V0,4,2,6,5,2,1000,V2,V0,PS,Metropolis_Hastings_AlwaysTrue,"[0.3434471038298295, 0.4993358402727374]","[0.3064814307658745, 0.414464494801166]",1.6556172370910645,"{'V3': 1.0, 'V4': 1.0, 'V5': 1.0}"
M4_PN_V1_V0,4,2,6,5,2,1000,V1,V0,PN,Metropolis_Hastings_AlwaysTrue,"[0.11916768068116698, 0.21584316094720346]","[0.3246143910467486, 0.4502883113161979]",1.6556172370910645,"{'V3': 1.0, 'V4': 1.0, 'V5': 1.0}"
M4_PN_V2_V0,4,2,6,5,2,1000,V2,V0,PN,Metropolis_Hastings_AlwaysTrue,"[0.28383493447809227, 0.46435566642760007]","[0.2330163106472023, 0.3151152982791991]",1.6556172370910645,"{'V3': 1.0, 'V4': 1.0, 'V5': 1.0}"
M4_PS_V1_V0,4,2,6,5,2,2000,V1,V0,PS,Metropolis_Hastings_AlwaysTrue,"[0.16418019292935288, 0.31697873144489536]","[0.6000032969500074, 0.8322935729884549]",3.2548115253448486,"{'V3': 1.0, 'V4': 1.0, 'V5': 1.0}"
M4_PS_V2_V0,4,2,6,5,2,2000,V2,V0,PS,Metropolis_Hastings_AlwaysTrue,"[0.33183142366215207, 0.5099870702651854]","[0.3064814307658745, 0.414464494801166]",3.2548115253448486,"{'V3': 1.0, 'V4': 1.0, 'V5': 1.0}"
M4_PN_V1_V0,4,2,6,5,2,2000,V1,V0,PN,Metropolis_Hastings_AlwaysTrue,"[0.11290462149236993, 0.2169570379187578]","[0.3246143910467486, 0.4502883113161979]",3.2548115253448486,"{'V3': 1.0, 'V4': 1.0, 'V5': 1.0}"
M4_PN_V2_V0,4,2,6,5,2,2000,V2,V0,PN,Metropolis_Hastings_AlwaysTrue,"[0.2792879863982844, 0.46435566642760007]","[0.2330163106472023, 0.3151152982791991]",3.2548115253448486,"{'V3': 1.0, 'V4': 1.0, 'V5': 1.0}"
M4_PS_V1_V0,4,2,6,5,2,3000,V1,V0,PS,Metropolis_Hastings_AlwaysTrue,"[0.16418019292935288, 0.31697873144489536]","[0.6000032969500074, 0.8322935729884549]",5.074915647506714,"{'V3': 1.0, 'V4': 1.0, 'V5': 1.0}"
M4_PS_V2_V0,4,2,6,5,2,3000,V2,V0,PS,Metropolis_Hastings_AlwaysTrue,"[0.33183142366215207, 0.5099870702651854]","[0.3064814307658745, 0.414464494801166]",5.074915647506714,"{'V3': 1.0, 'V4': 1.0, 'V5': 1.0}"
M4_PN_V1_V0,4,2,6,5,2,3000,V1,V0,PN,Metropolis_Hastings_AlwaysTrue,"[0.10677642530906863, 0.21841360407014784]","[0.3246143910467486, 0.4502883113161979]",5.074915647506714,"{'V3': 1.0, 'V4': 1.0, 'V5': 1.0}"
M4_PN_V2_V0,4,2,6,5,2,3000,V2,V0,PN,Metropolis_Hastings_AlwaysTrue,"[0.27838118193336825, 0.46435566642760007]","[0.2330163106472023, 0.3151152982791991]",5.074915647506714,"{'V3': 1.0, 'V4': 1.0, 'V5': 1.0}"
M4_PS_V1_V0,4,2,6,5,2,4000,V1,V0,PS,Metropolis_Hastings_AlwaysTrue,"[0.16418019292935288, 0.31697873144489536]","[0.6000032969500074, 0.8322935729884549]",6.747260093688965,"{'V3': 1.0, 'V4': 1.0, 'V5': 1.0}"
M4_PS_V2_V0,4,2,6,5,2,4000,V2,V0,PS,Metropolis_Hastings_AlwaysTrue,"[0.33183142366215207, 0.5117574815072111]","[0.3064814307658745, 0.414464494801166]",6.747260093688965,"{'V3': 1.0, 'V4': 1.0, 'V5': 1.0}"
M4_PN_V1_V0,4,2,6,5,2,4000,V1,V0,PN,Metropolis_Hastings_AlwaysTrue,"[0.10677642530906863, 0.21841360407014784]","[0.3246143910467486, 0.4502883113161979]",6.747260093688965,"{'V3': 1.0, 'V4': 1.0, 'V5': 1.0}"
M4_PN_V2_V0,4,2,6,5,2,4000,V2,V0,PN,Metropolis_Hastings_AlwaysTrue,"[0.2767931589796415, 0.46435566642760007]","[0.2330163106472023, 0.3151152982791991]",6.747260093688965,"{'V3': 1.0, 'V4': 1.0, 'V5': 1.0}"
M4_PS_V1_V0,4,2,6,5,2,5000,V1,V0,PS,Metropolis_Hastings_AlwaysTrue,"[0.16418019292935288, 0.31894730096884466]","[0.6000032969500074, 0.8322935729884549]",8.71297550201416,"{'V3': 1.0, 'V4': 1.0, 'V5': 1.0}"
M4_PS_V2_V0,4,2,6,5,2,5000,V2,V0,PS,Metropolis_Hastings_AlwaysTrue,"[0.33183142366215207, 0.5117574815072111]","[0.3064814307658745, 0.414464494801166]",8.71297550201416,"{'V3': 1.0, 'V4': 1.0, 'V5': 1.0}"
M4_PN_V1_V0,4,2,6,5,2,5000,V1,V0,PN,Metropolis_Hastings_AlwaysTrue,"[0.10677642530906863, 0.21841360407014784]","[0.3246143910467486, 0.4502883113161979]",8.71297550201416,"{'V3': 1.0, 'V4': 1.0, 'V5': 1.0}"
M4_PN_V2_V0,4,2,6,5,2,5000,V2,V0,PN,Metropolis_Hastings_AlwaysTrue,"[0.2767931589796415, 0.46435566642760007]","[0.2330163106472023, 0.3151152982791991]",8.71297550201416,"{'V3': 1.0, 'V4': 1.0, 'V5': 1.0}"
M4_PS_V1_V0,4,2,6,5,2,6000,V1,V0,PS,Metropolis_Hastings_AlwaysTrue,"[0.16418019292935288, 0.3293812178212773]","[0.6000032969500074, 0.8322935729884549]",10.390436887741089,"{'V3': 1.0, 'V4': 1.0, 'V5': 1.0}"
M4_PS_V2_V0,4,2,6,5,2,6000,V2,V0,PS,Metropolis_Hastings_AlwaysTrue,"[0.32977959742997764, 0.5129107370736788]","[0.3064814307658745, 0.414464494801166]",10.390436887741089,"{'V3': 1.0, 'V4': 1.0, 'V5': 1.0}"
M4_PN_V1_V0,4,2,6,5,2,6000,V1,V0,PN,Metropolis_Hastings_AlwaysTrue,"[0.10677642530906863, 0.21841360407014784]","[0.3246143910467486, 0.4502883113161979]",10.390436887741089,"{'V3': 1.0, 'V4': 1.0, 'V5': 1.0}"
M4_PN_V2_V0,4,2,6,5,2,6000,V2,V0,PN,Metropolis_Hastings_AlwaysTrue,"[0.2694631351072141, 0.4758171115543463]","[0.2330163106472023, 0.3151152982791991]",10.390436887741089,"{'V3': 1.0, 'V4': 1.0, 'V5': 1.0}"
M4_PS_V1_V0,4,2,6,5,2,7000,V1,V0,PS,Metropolis_Hastings_AlwaysTrue,"[0.1559743985168218, 0.3293812178212773]","[0.6000032969500074, 0.8322935729884549]",12.06215524673462,"{'V3': 1.0, 'V4': 1.0, 'V5': 1.0}"
M4_PS_V2_V0,4,2,6,5,2,7000,V2,V0,PS,Metropolis_Hastings_AlwaysTrue,"[0.32977959742997764, 0.5129107370736788]","[0.3064814307658745, 0.414464494801166]",12.06215524673462,"{'V3': 1.0, 'V4': 1.0, 'V5': 1.0}"
M4_PN_V1_V0,4,2,6,5,2,7000,V1,V0,PN,Metropolis_Hastings_AlwaysTrue,"[0.10677642530906863, 0.21841360407014784]","[0.3246143910467486, 0.4502883113161979]",12.06215524673462,"{'V3': 1.0, 'V4': 1.0, 'V5': 1.0}"
M4_PN_V2_V0,4,2,6,5,2,7000,V2,V0,PN,Metropolis_Hastings_AlwaysTrue,"[0.2694631351072141, 0.4758171115543463]","[0.2330163106472023, 0.3151152982791991]",12.06215524673462,"{'V3': 1.0, 'V4': 1.0, 'V5': 1.0}"
M4_PS_V1_V0,4,2,6,5,2,8000,V1,V0,PS,Metropolis_Hastings_AlwaysTrue,"[0.1559743985168218, 0.3293812178212773]","[0.6000032969500074, 0.8322935729884549]",13.732625246047974,"{'V3': 1.0, 'V4': 1.0, 'V5': 1.0}"
M4_PS_V2_V0,4,2,6,5,2,8000,V2,V0,PS,Metropolis_Hastings_AlwaysTrue,"[0.32977959742997764, 0.5129107370736788]","[0.3064814307658745, 0.414464494801166]",13.732625246047974,"{'V3': 1.0, 'V4': 1.0, 'V5': 1.0}"
M4_PN_V1_V0,4,2,6,5,2,8000,V1,V0,PN,Metropolis_Hastings_AlwaysTrue,"[0.10677642530906863, 0.22731865770857182]","[0.3246143910467486, 0.4502883113161979]",13.732625246047974,"{'V3': 1.0, 'V4': 1.0, 'V5': 1.0}"
M4_PN_V2_V0,4,2,6,5,2,8000,V2,V0,PN,Metropolis_Hastings_AlwaysTrue,"[0.2694631351072141, 0.4758171115543463]","[0.2330163106472023, 0.3151152982791991]",13.732625246047974,"{'V3': 1.0, 'V4': 1.0, 'V5': 1.0}"
M4_PS_V1_V0,4,2,6,5,2,9000,V1,V0,PS,Metropolis_Hastings_AlwaysTrue,"[0.1559743985168218, 0.3293812178212773]","[0.6000032969500074, 0.8322935729884549]",15.351538896560667,"{'V3': 1.0, 'V4': 1.0, 'V5': 1.0}"
M4_PS_V2_V0,4,2,6,5,2,9000,V2,V0,PS,Metropolis_Hastings_AlwaysTrue,"[0.32977959742997764, 0.5129107370736788]","[0.3064814307658745, 0.414464494801166]",15.351538896560667,"{'V3': 1.0, 'V4': 1.0, 'V5': 1.0}"
M4_PN_V1_V0,4,2,6,5,2,9000,V1,V0,PN,Metropolis_Hastings_AlwaysTrue,"[0.10677642530906863, 0.22731865770857182]","[0.3246143910467486, 0.4502883113161979]",15.351538896560667,"{'V3': 1.0, 'V4': 1.0, 'V5': 1.0}"
M4_PN_V2_V0,4,2,6,5,2,9000,V2,V0,PN,Metropolis_Hastings_AlwaysTrue,"[0.2694631351072141, 0.4758171115543463]","[0.2330163106472023, 0.3151152982791991]",15.351538896560667,"{'V3': 1.0, 'V4': 1.0, 'V5': 1.0}"
M4_PS_V1_V0,4,2,6,5,2,10000,V1,V0,PS,Metropolis_Hastings_AlwaysTrue,"[0.1559743985168218, 0.3293812178212773]","[0.6000032969500074, 0.8322935729884549]",17.046661138534546,"{'V3': 1.0, 'V4': 1.0, 'V5': 1.0}"
M4_PS_V2_V0,4,2,6,5,2,10000,V2,V0,PS,Metropolis_Hastings_AlwaysTrue,"[0.32977959742997764, 0.5203950298608483]","[0.3064814307658745, 0.414464494801166]",17.046661138534546,"{'V3': 1.0, 'V4': 1.0, 'V5': 1.0}"
M4_PN_V1_V0,4,2,6,5,2,10000,V1,V0,PN,Metropolis_Hastings_AlwaysTrue,"[0.10677642530906863, 0.22908050749615722]","[0.3246143910467486, 0.4502883113161979]",17.046661138534546,"{'V3': 1.0, 'V4': 1.0, 'V5': 1.0}"
M4_PN_V2_V0,4,2,6,5,2,10000,V2,V0,PN,Metropolis_Hastings_AlwaysTrue,"[0.2694631351072141, 0.4758171115543463]","[0.2330163106472023, 0.3151152982791991]",17.046661138534546,"{'V3': 1.0, 'V4': 1.0, 'V5': 1.0}"
M4_PS_V1_V0,4,2,10,10,2,1000,V1,V0,PS,Metropolis_Hastings_AlwaysTrue,"[0.24255960623368947, 0.41669333513622]","[0.0, 0.875975201145457]",1.8455538749694824,"{'V3': 1.0, 'V4': 1.0, 'V5': 1.0}"
M4_PS_V2_V0,4,2,10,10,2,1000,V2,V0,PS,Metropolis_Hastings_AlwaysTrue,"[0.4224659410119676, 0.5915018346245554]","[0.3814916912888793, 0.5297746691739844]",1.8455538749694824,"{'V3': 1.0, 'V4': 1.0, 'V5': 1.0}"
M4_PN_V1_V0,4,2,10,10,2,1000,V1,V0,PN,Metropolis_Hastings_AlwaysTrue,"[0.191059915917807, 0.36147215364054835]","[0.0, 0.9599157664014986]",1.8455538749694824,"{'V3': 1.0, 'V4': 1.0, 'V5': 1.0}"
M4_PN_V2_V0,4,2,10,10,2,1000,V2,V0,PN,Metropolis_Hastings_AlwaysTrue,"[0.3838259098079723, 0.5228102642164397]","[0.3224320581141854, 0.4477589966413742]",1.8455538749694824,"{'V3': 1.0, 'V4': 1.0, 'V5': 1.0}"
M4_PS_V1_V0,4,2,10,10,2,2000,V1,V0,PS,Metropolis_Hastings_AlwaysTrue,"[0.24255960623368947, 0.41669333513622]","[0.0, 0.875975201145457]",3.5544655323028564,"{'V3': 1.0, 'V4': 1.0, 'V5': 1.0}"
M4_PS_V2_V0,4,2,10,10,2,2000,V2,V0,PS,Metropolis_Hastings_AlwaysTrue,"[0.4224659410119676, 0.5915018346245554]","[0.3814916912888793, 0.5297746691739844]",3.5544655323028564,"{'V3': 1.0, 'V4': 1.0, 'V5': 1.0}"
M4_PN_V1_V0,4,2,10,10,2,2000,V1,V0,PN,Metropolis_Hastings_AlwaysTrue,"[0.191059915917807, 0.36147215364054835]","[0.0, 0.9599157664014986]",3.5544655323028564,"{'V3': 1.0, 'V4': 1.0, 'V5': 1.0}"
M4_PN_V2_V0,4,2,10,10,2,2000,V2,V0,PN,Metropolis_Hastings_AlwaysTrue,"[0.3744515834661079, 0.5237241458628344]","[0.3224320581141854, 0.4477589966413742]",3.5544655323028564,"{'V3': 1.0, 'V4': 1.0, 'V5': 1.0}"
M4_PS_V1_V0,4,2,10,10,2,3000,V1,V0,PS,Metropolis_Hastings_AlwaysTrue,"[0.241741938547433, 0.41669333513622]","[0.0, 0.875975201145457]",5.421773433685303,"{'V3': 1.0, 'V4': 1.0, 'V5': 1.0}"
M4_PS_V2_V0,4,2,10,10,2,3000,V2,V0,PS,Metropolis_Hastings_AlwaysTrue,"[0.41790341169838474, 0.5915018346245554]","[0.3814916912888793, 0.5297746691739844]",5.421773433685303,"{'V3': 1.0, 'V4': 1.0, 'V5': 1.0}"
M4_PN_V1_V0,4,2,10,10,2,3000,V1,V0,PN,Metropolis_Hastings_AlwaysTrue,"[0.191059915917807, 0.368814445733435]","[0.0, 0.9599157664014986]",5.421773433685303,"{'V3': 1.0, 'V4': 1.0, 'V5': 1.0}"
M4_PN_V2_V0,4,2,10,10,2,3000,V2,V0,PN,Metropolis_Hastings_AlwaysTrue,"[0.3744515834661079, 0.5237241458628344]","[0.3224320581141854, 0.4477589966413742]",5.421773433685303,"{'V3': 1.0, 'V4': 1.0, 'V5': 1.0}"
M4_PS_V1_V0,4,2,10,10,2,4000,V1,V0,PS,Metropolis_Hastings_AlwaysTrue,"[0.2333015791960932, 0.41669333513622]","[0.0, 0.875975201145457]",7.235235929489136,"{'V3': 1.0, 'V4': 1.0, 'V5': 1.0}"
M4_PS_V2_V0,4,2,10,10,2,4000,V2,V0,PS,Metropolis_Hastings_AlwaysTrue,"[0.41790341169838474, 0.5915018346245554]","[0.3814916912888793, 0.5297746691739844]",7.235235929489136,"{'V3': 1.0, 'V4': 1.0, 'V5': 1.0}"
M4_PN_V1_V0,4,2,10,10,2,4000,V1,V0,PN,Metropolis_Hastings_AlwaysTrue,"[0.191059915917807, 0.368814445733435]","[0.0, 0.9599157664014986]",7.235235929489136,"{'V3': 1.0, 'V4': 1.0, 'V5': 1.0}"
M4_PN_V2_V0,4,2,10,10,2,4000,V2,V0,PN,Metropolis_Hastings_AlwaysTrue,"[0.3744515834661079, 0.5237241458628344]","[0.3224320581141854, 0.4477589966413742]",7.235235929489136,"{'V3': 1.0, 'V4': 1.0, 'V5': 1.0}"
M4_PS_V1_V0,4,2,10,10,2,5000,V1,V0,PS,Metropolis_Hastings_AlwaysTrue,"[0.22947371757848886, 0.41669333513622]","[0.0, 0.875975201145457]",9.304276704788208,"{'V3': 1.0, 'V4': 1.0, 'V5': 1.0}"
M4_PS_V2_V0,4,2,10,10,2,5000,V2,V0,PS,Metropolis_Hastings_AlwaysTrue,"[0.41790341169838474, 0.5915018346245554]","[0.3814916912888793, 0.5297746691739844]",9.304276704788208,"{'V3': 1.0, 'V4': 1.0, 'V5': 1.0}"
M4_PN_V1_V0,4,2,10,10,2,5000,V1,V0,PN,Metropolis_Hastings_AlwaysTrue,"[0.191059915917807, 0.368814445733435]","[0.0, 0.9599157664014986]",9.304276704788208,"{'V3': 1.0, 'V4': 1.0, 'V5': 1.0}"
M4_PN_V2_V0,4,2,10,10,2,5000,V2,V0,PN,Metropolis_Hastings_AlwaysTrue,"[0.3744515834661079, 0.5253377253442646]","[0.3224320581141854, 0.4477589966413742]",9.304276704788208,"{'V3': 1.0, 'V4': 1.0, 'V5': 1.0}"
M4_PS_V1_V0,4,2,10,10,2,6000,V1,V0,PS,Metropolis_Hastings_AlwaysTrue,"[0.22947371757848886, 0.41669333513622]","[0.0, 0.875975201145457]",11.098099708557127,"{'V3': 1.0, 'V4': 1.0, 'V5': 1.0}"
M4_PS_V2_V0,4,2,10,10,2,6000,V2,V0,PS,Metropolis_Hastings_AlwaysTrue,"[0.41790341169838474, 0.5915018346245554]","[0.3814916912888793, 0.5297746691739844]",11.098099708557127,"{'V3': 1.0, 'V4': 1.0, 'V5': 1.0}"
M4_PN_V1_V0,4,2,10,10,2,6000,V1,V0,PN,Metropolis_Hastings_AlwaysTrue,"[0.191059915917807, 0.368814445733435]","[0.0, 0.9599157664014986]",11.098099708557127,"{'V3': 1.0, 'V4': 1.0, 'V5': 1.0}"
M4_PN_V2_V0,4,2,10,10,2,6000,V2,V0,PN,Metropolis_Hastings_AlwaysTrue,"[0.3744515834661079, 0.5253377253442646]","[0.3224320581141854, 0.4477589966413742]",11.098099708557127,"{'V3': 1.0, 'V4': 1.0, 'V5': 1.0}"
M4_PS_V1_V0,4,2,10,10,2,7000,V1,V0,PS,Metropolis_Hastings_AlwaysTrue,"[0.22947371757848886, 0.41669333513622]","[0.0, 0.875975201145457]",12.897157192230225,"{'V3': 1.0, 'V4': 1.0, 'V5': 1.0}"
M4_PS_V2_V0,4,2,10,10,2,7000,V2,V0,PS,Metropolis_Hastings_AlwaysTrue,"[0.41790341169838474, 0.5915018346245554]","[0.3814916912888793, 0.5297746691739844]",12.897157192230225,"{'V3': 1.0, 'V4': 1.0, 'V5': 1.0}"
M4_PN_V1_V0,4,2,10,10,2,7000,V1,V0,PN,Metropolis_Hastings_AlwaysTrue,"[0.191059915917807, 0.368814445733435]","[0.0, 0.9599157664014986]",12.897157192230225,"{'V3': 1.0, 'V4': 1.0, 'V5': 1.0}"
M4_PN_V2_V0,4,2,10,10,2,7000,V2,V0,PN,Metropolis_Hastings_AlwaysTrue,"[0.3744515834661079, 0.5253377253442646]","[0.3224320581141854, 0.4477589966413742]",12.897157192230225,"{'V3': 1.0, 'V4': 1.0, 'V5': 1.0}"
M4_PS_V1_V0,4,2,10,10,2,8000,V1,V0,PS,Metropolis_Hastings_AlwaysTrue,"[0.22947371757848886, 0.41669333513622]","[0.0, 0.875975201145457]",14.688514471054075,"{'V3': 1.0, 'V4': 1.0, 'V5': 1.0}"
M4_PS_V2_V0,4,2,10,10,2,8000,V2,V0,PS,Metropolis_Hastings_AlwaysTrue,"[0.41790341169838474, 0.5915018346245554]","[0.3814916912888793, 0.5297746691739844]",14.688514471054075,"{'V3': 1.0, 'V4': 1.0, 'V5': 1.0}"
M4_PN_V1_V0,4,2,10,10,2,8000,V1,V0,PN,Metropolis_Hastings_AlwaysTrue,"[0.191059915917807, 0.368814445733435]","[0.0, 0.9599157664014986]",14.688514471054075,"{'V3': 1.0, 'V4': 1.0, 'V5': 1.0}"
M4_PN_V2_V0,4,2,10,10,2,8000,V2,V0,PN,Metropolis_Hastings_AlwaysTrue,"[0.37328919817811645, 0.5297290189690843]","[0.3224320581141854, 0.4477589966413742]",14.688514471054075,"{'V3': 1.0, 'V4': 1.0, 'V5': 1.0}"
M4_PS_V1_V0,4,2,10,10,2,9000,V1,V0,PS,Metropolis_Hastings_AlwaysTrue,"[0.22947371757848886, 0.41669333513622]","[0.0, 0.875975201145457]",16.405700206756592,"{'V3': 1.0, 'V4': 1.0, 'V5': 1.0}"
M4_PS_V2_V0,4,2,10,10,2,9000,V2,V0,PS,Metropolis_Hastings_AlwaysTrue,"[0.4168847312388795, 0.5915018346245554]","[0.3814916912888793, 0.5297746691739844]",16.405700206756592,"{'V3': 1.0, 'V4': 1.0, 'V5': 1.0}"
M4_PN_V1_V0,4,2,10,10,2,9000,V1,V0,PN,Metropolis_Hastings_AlwaysTrue,"[0.191059915917807, 0.368814445733435]","[0.0, 0.9599157664014986]",16.405700206756592,"{'V3': 1.0, 'V4': 1.0, 'V5': 1.0}"
M4_PN_V2_V0,4,2,10,10,2,9000,V2,V0,PN,Metropolis_Hastings_AlwaysTrue,"[0.3637470747530428, 0.5297290189690843]","[0.3224320581141854, 0.4477589966413742]",16.405700206756592,"{'V3': 1.0, 'V4': 1.0, 'V5': 1.0}"
M4_PS_V1_V0,4,2,10,10,2,10000,V1,V0,PS,Metropolis_Hastings_AlwaysTrue,"[0.22947371757848886, 0.41669333513622]","[0.0, 0.875975201145457]",18.201882123947144,"{'V3': 1.0, 'V4': 1.0, 'V5': 1.0}"
M4_PS_V2_V0,4,2,10,10,2,10000,V2,V0,PS,Metropolis_Hastings_AlwaysTrue,"[0.4168847312388795, 0.5915018346245554]","[0.3814916912888793, 0.5297746691739844]",18.201882123947144,"{'V3': 1.0, 'V4': 1.0, 'V5': 1.0}"
M4_PN_V1_V0,4,2,10,10,2,10000,V1,V0,PN,Metropolis_Hastings_AlwaysTrue,"[0.191059915917807, 0.3775694801203376]","[0.0, 0.9599157664014986]",18.201882123947144,"{'V3': 1.0, 'V4': 1.0, 'V5': 1.0}"
M4_PN_V2_V0,4,2,10,10,2,10000,V2,V0,PN,Metropolis_Hastings_AlwaysTrue,"[0.3637470747530428, 0.5297290189690843]","[0.3224320581141854, 0.4477589966413742]",18.201882123947144,"{'V3': 1.0, 'V4': 1.0, 'V5': 1.0}"
M4_PS_V1_V0,4,2,10,5,2,1000,V1,V0,PS,Metropolis_Hastings_AlwaysTrue,"[0.24255960623368947, 0.41669333513622]","[0.0, 0.875975201145457]",1.7690691947937012,"{'V3': 1.0, 'V4': 1.0, 'V5': 1.0}"
M4_PS_V2_V0,4,2,10,5,2,1000,V2,V0,PS,Metropolis_Hastings_AlwaysTrue,"[0.4224659410119676, 0.5915018346245554]","[0.3814916912888793, 0.5297746691739844]",1.7690691947937012,"{'V3': 1.0, 'V4': 1.0, 'V5': 1.0}"
M4_PN_V1_V0,4,2,10,5,2,1000,V1,V0,PN,Metropolis_Hastings_AlwaysTrue,"[0.191059915917807, 0.36147215364054835]","[0.0, 0.9599157664014986]",1.7690691947937012,"{'V3': 1.0, 'V4': 1.0, 'V5': 1.0}"
M4_PN_V2_V0,4,2,10,5,2,1000,V2,V0,PN,Metropolis_Hastings_AlwaysTrue,"[0.3838259098079723, 0.5228102642164397]","[0.3224320581141854, 0.4477589966413741]",1.7690691947937012,"{'V3': 1.0, 'V4': 1.0, 'V5': 1.0}"
M4_PS_V1_V0,4,2,10,5,2,2000,V1,V0,PS,Metropolis_Hastings_AlwaysTrue,"[0.24255960623368947, 0.41669333513622]","[0.0, 0.875975201145457]",4.363640546798706,"{'V3': 1.0, 'V4': 1.0, 'V5': 1.0}"
M4_PS_V2_V0,4,2,10,5,2,2000,V2,V0,PS,Metropolis_Hastings_AlwaysTrue,"[0.4224659410119676, 0.5915018346245554]","[0.3814916912888793, 0.5297746691739844]",4.363640546798706,"{'V3': 1.0, 'V4': 1.0, 'V5': 1.0}"
M4_PN_V1_V0,4,2,10,5,2,2000,V1,V0,PN,Metropolis_Hastings_AlwaysTrue,"[0.191059915917807, 0.36147215364054835]","[0.0, 0.9599157664014986]",4.363640546798706,"{'V3': 1.0, 'V4': 1.0, 'V5': 1.0}"
M4_PN_V2_V0,4,2,10,5,2,2000,V2,V0,PN,Metropolis_Hastings_AlwaysTrue,"[0.3744515834661079, 0.5237241458628344]","[0.3224320581141854, 0.4477589966413741]",4.363640546798706,"{'V3': 1.0, 'V4': 1.0, 'V5': 1.0}"
M4_PS_V1_V0,4,2,10,5,2,3000,V1,V0,PS,Metropolis_Hastings_AlwaysTrue,"[0.241741938547433, 0.41669333513622]","[0.0, 0.875975201145457]",6.07697057723999,"{'V3': 1.0, 'V4': 1.0, 'V5': 1.0}"
M4_PS_V2_V0,4,2,10,5,2,3000,V2,V0,PS,Metropolis_Hastings_AlwaysTrue,"[0.41790341169838474, 0.5915018346245554]","[0.3814916912888793, 0.5297746691739844]",6.07697057723999,"{'V3': 1.0, 'V4': 1.0, 'V5': 1.0}"
M4_PN_V1_V0,4,2,10,5,2,3000,V1,V0,PN,Metropolis_Hastings_AlwaysTrue,"[0.191059915917807, 0.368814445733435]","[0.0, 0.9599157664014986]",6.07697057723999,"{'V3': 1.0, 'V4': 1.0, 'V5': 1.0}"
M4_PN_V2_V0,4,2,10,5,2,3000,V2,V0,PN,Metropolis_Hastings_AlwaysTrue,"[0.3744515834661079, 0.5237241458628344]","[0.3224320581141854, 0.4477589966413741]",6.07697057723999,"{'V3': 1.0, 'V4': 1.0, 'V5': 1.0}"
M4_PS_V1_V0,4,2,10,5,2,4000,V1,V0,PS,Metropolis_Hastings_AlwaysTrue,"[0.2333015791960932, 0.41669333513622]","[0.0, 0.875975201145457]",7.79899001121521,"{'V3': 1.0, 'V4': 1.0, 'V5': 1.0}"
M4_PS_V2_V0,4,2,10,5,2,4000,V2,V0,PS,Metropolis_Hastings_AlwaysTrue,"[0.41790341169838474, 0.5915018346245554]","[0.3814916912888793, 0.5297746691739844]",7.79899001121521,"{'V3': 1.0, 'V4': 1.0, 'V5': 1.0}"
M4_PN_V1_V0,4,2,10,5,2,4000,V1,V0,PN,Metropolis_Hastings_AlwaysTrue,"[0.191059915917807, 0.368814445733435]","[0.0, 0.9599157664014986]",7.79899001121521,"{'V3': 1.0, 'V4': 1.0, 'V5': 1.0}"
M4_PN_V2_V0,4,2,10,5,2,4000,V2,V0,PN,Metropolis_Hastings_AlwaysTrue,"[0.3744515834661079, 0.5237241458628344]","[0.3224320581141854, 0.4477589966413741]",7.79899001121521,"{'V3': 1.0, 'V4': 1.0, 'V5': 1.0}"
M4_PS_V1_V0,4,2,10,5,2,5000,V1,V0,PS,Metropolis_Hastings_AlwaysTrue,"[0.22947371757848886, 0.41669333513622]","[0.0, 0.875975201145457]",9.52670431137085,"{'V3': 1.0, 'V4': 1.0, 'V5': 1.0}"
M4_PS_V2_V0,4,2,10,5,2,5000,V2,V0,PS,Metropolis_Hastings_AlwaysTrue,"[0.41790341169838474, 0.5915018346245554]","[0.3814916912888793, 0.5297746691739844]",9.52670431137085,"{'V3': 1.0, 'V4': 1.0, 'V5': 1.0}"
M4_PN_V1_V0,4,2,10,5,2,5000,V1,V0,PN,Metropolis_Hastings_AlwaysTrue,"[0.191059915917807, 0.368814445733435]","[0.0, 0.9599157664014986]",9.52670431137085,"{'V3': 1.0, 'V4': 1.0, 'V5': 1.0}"
M4_PN_V2_V0,4,2,10,5,2,5000,V2,V0,PN,Metropolis_Hastings_AlwaysTrue,"[0.3744515834661079, 0.5253377253442646]","[0.3224320581141854, 0.4477589966413741]",9.52670431137085,"{'V3': 1.0, 'V4': 1.0, 'V5': 1.0}"
M4_PS_V1_V0,4,2,10,5,2,6000,V1,V0,PS,Metropolis_Hastings_AlwaysTrue,"[0.22947371757848886, 0.41669333513622]","[0.0, 0.875975201145457]",11.237375497817991,"{'V3': 1.0, 'V4': 1.0, 'V5': 1.0}"
M4_PS_V2_V0,4,2,10,5,2,6000,V2,V0,PS,Metropolis_Hastings_AlwaysTrue,"[0.41790341169838474, 0.5915018346245554]","[0.3814916912888793, 0.5297746691739844]",11.237375497817991,"{'V3': 1.0, 'V4': 1.0, 'V5': 1.0}"
M4_PN_V1_V0,4,2,10,5,2,6000,V1,V0,PN,Metropolis_Hastings_AlwaysTrue,"[0.191059915917807, 0.368814445733435]","[0.0, 0.9599157664014986]",11.237375497817991,"{'V3': 1.0, 'V4': 1.0, 'V5': 1.0}"
M4_PN_V2_V0,4,2,10,5,2,6000,V2,V0,PN,Metropolis_Hastings_AlwaysTrue,"[0.3744515834661079, 0.5253377253442646]","[0.3224320581141854, 0.4477589966413741]",11.237375497817991,"{'V3': 1.0, 'V4': 1.0, 'V5': 1.0}"
M4_PS_V1_V0,4,2,10,5,2,7000,V1,V0,PS,Metropolis_Hastings_AlwaysTrue,"[0.22947371757848886, 0.41669333513622]","[0.0, 0.875975201145457]",13.026483058929443,"{'V3': 1.0, 'V4': 1.0, 'V5': 1.0}"
M4_PS_V2_V0,4,2,10,5,2,7000,V2,V0,PS,Metropolis_Hastings_AlwaysTrue,"[0.41790341169838474, 0.5915018346245554]","[0.3814916912888793, 0.5297746691739844]",13.026483058929443,"{'V3': 1.0, 'V4': 1.0, 'V5': 1.0}"
M4_PN_V1_V0,4,2,10,5,2,7000,V1,V0,PN,Metropolis_Hastings_AlwaysTrue,"[0.191059915917807, 0.368814445733435]","[0.0, 0.9599157664014986]",13.026483058929443,"{'V3': 1.0, 'V4': 1.0, 'V5': 1.0}"
M4_PN_V2_V0,4,2,10,5,2,7000,V2,V0,PN,Metropolis_Hastings_AlwaysTrue,"[0.3744515834661079, 0.5253377253442646]","[0.3224320581141854, 0.4477589966413741]",13.026483058929443,"{'V3': 1.0, 'V4': 1.0, 'V5': 1.0}"
M4_PS_V1_V0,4,2,10,5,2,8000,V1,V0,PS,Metropolis_Hastings_AlwaysTrue,"[0.22947371757848886, 0.41669333513622]","[0.0, 0.875975201145457]",14.819853067398071,"{'V3': 1.0, 'V4': 1.0, 'V5': 1.0}"
M4_PS_V2_V0,4,2,10,5,2,8000,V2,V0,PS,Metropolis_Hastings_AlwaysTrue,"[0.41790341169838474, 0.5915018346245554]","[0.3814916912888793, 0.5297746691739844]",14.819853067398071,"{'V3': 1.0, 'V4': 1.0, 'V5': 1.0}"
M4_PN_V1_V0,4,2,10,5,2,8000,V1,V0,PN,Metropolis_Hastings_AlwaysTrue,"[0.191059915917807, 0.368814445733435]","[0.0, 0.9599157664014986]",14.819853067398071,"{'V3': 1.0, 'V4': 1.0, 'V5': 1.0}"
M4_PN_V2_V0,4,2,10,5,2,8000,V2,V0,PN,Metropolis_Hastings_AlwaysTrue,"[0.37328919817811645, 0.5297290189690843]","[0.3224320581141854, 0.4477589966413741]",14.819853067398071,"{'V3': 1.0, 'V4': 1.0, 'V5': 1.0}"
M4_PS_V1_V0,4,2,10,5,2,9000,V1,V0,PS,Metropolis_Hastings_AlwaysTrue,"[0.22947371757848886, 0.41669333513622]","[0.0, 0.875975201145457]",16.532966375350952,"{'V3': 1.0, 'V4': 1.0, 'V5': 1.0}"
M4_PS_V2_V0,4,2,10,5,2,9000,V2,V0,PS,Metropolis_Hastings_AlwaysTrue,"[0.4168847312388795, 0.5915018346245554]","[0.3814916912888793, 0.5297746691739844]",16.532966375350952,"{'V3': 1.0, 'V4': 1.0, 'V5': 1.0}"
M4_PN_V1_V0,4,2,10,5,2,9000,V1,V0,PN,Metropolis_Hastings_AlwaysTrue,"[0.191059915917807, 0.368814445733435]","[0.0, 0.9599157664014986]",16.532966375350952,"{'V3': 1.0, 'V4': 1.0, 'V5': 1.0}"
M4_PN_V2_V0,4,2,10,5,2,9000,V2,V0,PN,Metropolis_Hastings_AlwaysTrue,"[0.3637470747530428, 0.5297290189690843]","[0.3224320581141854, 0.4477589966413741]",16.532966375350952,"{'V3': 1.0, 'V4': 1.0, 'V5': 1.0}"
M4_PS_V1_V0,4,2,10,5,2,10000,V1,V0,PS,Metropolis_Hastings_AlwaysTrue,"[0.22947371757848886, 0.41669333513622]","[0.0, 0.875975201145457]",18.94454598426819,"{'V3': 1.0, 'V4': 1.0, 'V5': 1.0}"
M4_PS_V2_V0,4,2,10,5,2,10000,V2,V0,PS,Metropolis_Hastings_AlwaysTrue,"[0.4168847312388795, 0.5915018346245554]","[0.3814916912888793, 0.5297746691739844]",18.94454598426819,"{'V3': 1.0, 'V4': 1.0, 'V5': 1.0}"
M4_PN_V1_V0,4,2,10,5,2,10000,V1,V0,PN,Metropolis_Hastings_AlwaysTrue,"[0.191059915917807, 0.3775694801203376]","[0.0, 0.9599157664014986]",18.94454598426819,"{'V3': 1.0, 'V4': 1.0, 'V5': 1.0}"
M4_PN_V2_V0,4,2,10,5,2,10000,V2,V0,PN,Metropolis_Hastings_AlwaysTrue,"[0.3637470747530428, 0.5297290189690843]","[0.3224320581141854, 0.4477589966413741]",18.94454598426819,"{'V3': 1.0, 'V4': 1.0, 'V5': 1.0}"
M4_PS_V1_V0,4,2,4,5,2,1000,V1,V0,PS,Metropolis_Hastings_AlwaysTrue,"[0.12311610772905382, 0.2890990405068474]","[0.0, 0.0]",1.6079494953155518,"{'V3': 1.0, 'V4': 1.0, 'V5': 1.0}"
M4_PS_V2_V0,4,2,4,5,2,1000,V2,V0,PS,Metropolis_Hastings_AlwaysTrue,"[0.3159901089518426, 0.48069017644583645]","[0.0080839818949311, 0.2716179784706784]",1.6079494953155518,"{'V3': 1.0, 'V4': 1.0, 'V5': 1.0}"
M4_PN_V1_V0,4,2,4,5,2,1000,V1,V0,PN,Metropolis_Hastings_AlwaysTrue,"[0.05822448853693066, 0.1703885513551988]","[0.0, 0.0]",1.6079494953155518,"{'V3': 1.0, 'V4': 1.0, 'V5': 1.0}"
M4_PN_V2_V0,4,2,4,5,2,1000,V2,V0,PN,Metropolis_Hastings_AlwaysTrue,"[0.19869132359929945, 0.32883972176503]","[0.0032615314367015, 0.1095859178149462]",1.6079494953155518,"{'V3': 1.0, 'V4': 1.0, 'V5': 1.0}"
M4_PS_V1_V0,4,2,4,5,2,2000,V1,V0,PS,Metropolis_Hastings_AlwaysTrue,"[0.1072399019361769, 0.2890990405068474]","[0.0, 0.0]",3.17061710357666,"{'V3': 1.0, 'V4': 1.0, 'V5': 1.0}"
M4_PS_V2_V0,4,2,4,5,2,2000,V2,V0,PS,Metropolis_Hastings_AlwaysTrue,"[0.311566312762592, 0.48078656629790306]","[0.0080839818949311, 0.2716179784706784]",3.17061710357666,"{'V3': 1.0, 'V4': 1.0, 'V5': 1.0}"
M4_PN_V1_V0,4,2,4,5,2,2000,V1,V0,PN,Metropolis_Hastings_AlwaysTrue,"[0.04962238128603741, 0.1703885513551988]","[0.0, 0.0]",3.17061710357666,"{'V3': 1.0, 'V4': 1.0, 'V5': 1.0}"
M4_PN_V2_V0,4,2,4,5,2,2000,V2,V0,PN,Metropolis_Hastings_AlwaysTrue,"[0.19516153152860433, 0.33175595785542544]","[0.0032615314367015, 0.1095859178149462]",3.17061710357666,"{'V3': 1.0, 'V4': 1.0, 'V5': 1.0}"
M4_PS_V1_V0,4,2,4,5,2,3000,V1,V0,PS,Metropolis_Hastings_AlwaysTrue,"[0.1072399019361769, 0.2890990405068474]","[0.0, 0.0]",4.729460954666138,"{'V3': 1.0, 'V4': 1.0, 'V5': 1.0}"
M4_PS_V2_V0,4,2,4,5,2,3000,V2,V0,PS,Metropolis_Hastings_AlwaysTrue,"[0.311566312762592, 0.4919062322169947]","[0.0080839818949311, 0.2716179784706784]",4.729460954666138,"{'V3': 1.0, 'V4': 1.0, 'V5': 1.0}"
M4_PN_V1_V0,4,2,4,5,2,3000,V1,V0,PN,Metropolis_Hastings_AlwaysTrue,"[0.04962238128603741, 0.1703885513551988]","[0.0, 0.0]",4.729460954666138,"{'V3': 1.0, 'V4': 1.0, 'V5': 1.0}"
M4_PN_V2_V0,4,2,4,5,2,3000,V2,V0,PN,Metropolis_Hastings_AlwaysTrue,"[0.19516153152860433, 0.3351667025687431]","[0.0032615314367015, 0.1095859178149462]",4.729460954666138,"{'V3': 1.0, 'V4': 1.0, 'V5': 1.0}"
M4_PS_V1_V0,4,2,4,5,2,4000,V1,V0,PS,Metropolis_Hastings_AlwaysTrue,"[0.1072399019361769, 0.2890990405068474]","[0.0, 0.0]",6.370959281921387,"{'V3': 1.0, 'V4': 1.0, 'V5': 1.0}"
M4_PS_V2_V0,4,2,4,5,2,4000,V2,V0,PS,Metropolis_Hastings_AlwaysTrue,"[0.31151284068836477, 0.4919062322169947]","[0.0080839818949311, 0.2716179784706784]",6.370959281921387,"{'V3': 1.0, 'V4': 1.0, 'V5': 1.0}"
M4_PN_V1_V0,4,2,4,5,2,4000,V1,V0,PN,Metropolis_Hastings_AlwaysTrue,"[0.04962238128603741, 0.17526789765397655]","[0.0, 0.0]",6.370959281921387,"{'V3': 1.0, 'V4': 1.0, 'V5': 1.0}"
M4_PN_V2_V0,4,2,4,5,2,4000,V2,V0,PN,Metropolis_Hastings_AlwaysTrue,"[0.19516153152860433, 0.3351667025687431]","[0.0032615314367015, 0.1095859178149462]",6.370959281921387,"{'V3': 1.0, 'V4': 1.0, 'V5': 1.0}"
M4_PS_V1_V0,4,2,4,5,2,5000,V1,V0,PS,Metropolis_Hastings_AlwaysTrue,"[0.08605781158535886, 0.2934809574526642]","[0.0, 0.0]",7.930386543273926,"{'V3': 1.0, 'V4': 1.0, 'V5': 1.0}"
M4_PS_V2_V0,4,2,4,5,2,5000,V2,V0,PS,Metropolis_Hastings_AlwaysTrue,"[0.3068241185063027, 0.4919062322169947]","[0.0080839818949311, 0.2716179784706784]",7.930386543273926,"{'V3': 1.0, 'V4': 1.0, 'V5': 1.0}"
M4_PN_V1_V0,4,2,4,5,2,5000,V1,V0,PN,Metropolis_Hastings_AlwaysTrue,"[0.0430372014688752, 0.17526789765397655]","[0.0, 0.0]",7.930386543273926,"{'V3': 1.0, 'V4': 1.0, 'V5': 1.0}"
M4_PN_V2_V0,4,2,4,5,2,5000,V2,V0,PN,Metropolis_Hastings_AlwaysTrue,"[0.1924994018714118, 0.3351667025687431]","[0.0032615314367015, 0.1095859178149462]",7.930386543273926,"{'V3': 1.0, 'V4': 1.0, 'V5': 1.0}"
M4_PS_V1_V0,4,2,4,5,2,6000,V1,V0,PS,Metropolis_Hastings_AlwaysTrue,"[0.08605781158535886, 0.2934809574526642]","[0.0, 0.0]",9.561822414398192,"{'V3': 1.0, 'V4': 1.0, 'V5': 1.0}"
M4_PS_V2_V0,4,2,4,5,2,6000,V2,V0,PS,Metropolis_Hastings_AlwaysTrue,"[0.3012822382620241, 0.4919062322169947]","[0.0080839818949311, 0.2716179784706784]",9.561822414398192,"{'V3': 1.0, 'V4': 1.0, 'V5': 1.0}"
M4_PN_V1_V0,4,2,4,5,2,6000,V1,V0,PN,Metropolis_Hastings_AlwaysTrue,"[0.0430372014688752, 0.17526789765397655]","[0.0, 0.0]",9.561822414398192,"{'V3': 1.0, 'V4': 1.0, 'V5': 1.0}"
M4_PN_V2_V0,4,2,4,5,2,6000,V2,V0,PN,Metropolis_Hastings_AlwaysTrue,"[0.1924994018714118, 0.3351667025687431]","[0.0032615314367015, 0.1095859178149462]",9.561822414398192,"{'V3': 1.0, 'V4': 1.0, 'V5': 1.0}"
M4_PS_V1_V0,4,2,4,5,2,7000,V1,V0,PS,Metropolis_Hastings_AlwaysTrue,"[0.08605781158535886, 0.2934809574526642]","[0.0, 0.0]",11.126747608184814,"{'V3': 1.0, 'V4': 1.0, 'V5': 1.0}"
M4_PS_V2_V0,4,2,4,5,2,7000,V2,V0,PS,Metropolis_Hastings_AlwaysTrue,"[0.29575121736155624, 0.4919062322169947]","[0.0080839818949311, 0.2716179784706784]",11.126747608184814,"{'V3': 1.0, 'V4': 1.0, 'V5': 1.0}"
M4_PN_V1_V0,4,2,4,5,2,7000,V1,V0,PN,Metropolis_Hastings_AlwaysTrue,"[0.0430372014688752, 0.17526789765397655]","[0.0, 0.0]",11.126747608184814,"{'V3': 1.0, 'V4': 1.0, 'V5': 1.0}"
M4_PN_V2_V0,4,2,4,5,2,7000,V2,V0,PN,Metropolis_Hastings_AlwaysTrue,"[0.1924994018714118, 0.3351667025687431]","[0.0032615314367015, 0.1095859178149462]",11.126747608184814,"{'V3': 1.0, 'V4': 1.0, 'V5': 1.0}"
M4_PS_V1_V0,4,2,4,5,2,8000,V1,V0,PS,Metropolis_Hastings_AlwaysTrue,"[0.08605781158535886, 0.2934809574526642]","[0.0, 0.0]",12.757511854171751,"{'V3': 1.0, 'V4': 1.0, 'V5': 1.0}"
M4_PS_V2_V0,4,2,4,5,2,8000,V2,V0,PS,Metropolis_Hastings_AlwaysTrue,"[0.29575121736155624, 0.4919062322169947]","[0.0080839818949311, 0.2716179784706784]",12.757511854171751,"{'V3': 1.0, 'V4': 1.0, 'V5': 1.0}"
M4_PN_V1_V0,4,2,4,5,2,8000,V1,V0,PN,Metropolis_Hastings_AlwaysTrue,"[0.0430372014688752, 0.17526789765397655]","[0.0, 0.0]",12.757511854171751,"{'V3': 1.0, 'V4': 1.0, 'V5': 1.0}"
M4_PN_V2_V0,4,2,4,5,2,8000,V2,V0,PN,Metropolis_Hastings_AlwaysTrue,"[0.1924994018714118, 0.3351667025687431]","[0.0032615314367015, 0.1095859178149462]",12.757511854171751,"{'V3': 1.0, 'V4': 1.0, 'V5': 1.0}"
M4_PS_V1_V0,4,2,4,5,2,9000,V1,V0,PS,Metropolis_Hastings_AlwaysTrue,"[0.08605781158535886, 0.2934809574526642]","[0.0, 0.0]",14.381402969360352,"{'V3': 1.0, 'V4': 1.0, 'V5': 1.0}"
M4_PS_V2_V0,4,2,4,5,2,9000,V2,V0,PS,Metropolis_Hastings_AlwaysTrue,"[0.29575121736155624, 0.4919062322169947]","[0.0080839818949311, 0.2716179784706784]",14.381402969360352,"{'V3': 1.0, 'V4': 1.0, 'V5': 1.0}"
M4_PN_V1_V0,4,2,4,5,2,9000,V1,V0,PN,Metropolis_Hastings_AlwaysTrue,"[0.0430372014688752, 0.17526789765397655]","[0.0, 0.0]",14.381402969360352,"{'V3': 1.0, 'V4': 1.0, 'V5': 1.0}"
M4_PN_V2_V0,4,2,4,5,2,9000,V2,V0,PN,Metropolis_Hastings_AlwaysTrue,"[0.1924994018714118, 0.3351667025687431]","[0.0032615314367015, 0.1095859178149462]",14.381402969360352,"{'V3': 1.0, 'V4': 1.0, 'V5': 1.0}"
M4_PS_V1_V0,4,2,4,5,2,10000,V1,V0,PS,Metropolis_Hastings_AlwaysTrue,"[0.08605781158535886, 0.2934809574526642]","[0.0, 0.0]",15.946712970733644,"{'V3': 1.0, 'V4': 1.0, 'V5': 1.0}"
M4_PS_V2_V0,4,2,4,5,2,10000,V2,V0,PS,Metropolis_Hastings_AlwaysTrue,"[0.29575121736155624, 0.4919062322169947]","[0.0080839818949311, 0.2716179784706784]",15.946712970733644,"{'V3': 1.0, 'V4': 1.0, 'V5': 1.0}"
M4_PN_V1_V0,4,2,4,5,2,10000,V1,V0,PN,Metropolis_Hastings_AlwaysTrue,"[0.0430372014688752, 0.17526789765397655]","[0.0, 0.0]",15.946712970733644,"{'V3': 1.0, 'V4': 1.0, 'V5': 1.0}"
M4_PN_V2_V0,4,2,4,5,2,10000,V2,V0,PN,Metropolis_Hastings_AlwaysTrue,"[0.18722854507138187, 0.337738271265136]","[0.0032615314367015, 0.1095859178149462]",15.946712970733644,"{'V3': 1.0, 'V4': 1.0, 'V5': 1.0}"
M4_PS_V1_V0,4,2,8,5,2,1000,V1,V0,PS,Metropolis_Hastings_AlwaysTrue,"[0.25249258450830303, 0.42435874212522895]","[0.0, 1.0]",1.7429356575012207,"{'V3': 1.0, 'V4': 1.0, 'V5': 1.0}"
M4_PS_V2_V0,4,2,8,5,2,1000,V2,V0,PS,Metropolis_Hastings_AlwaysTrue,"[0.4477403623794517, 0.5972776085017136]","[0.4318523247864775, 0.6280228717040058]",1.7429356575012207,"{'V3': 1.0, 'V4': 1.0, 'V5': 1.0}"
M4_PN_V1_V0,4,2,8,5,2,1000,V1,V0,PN,Metropolis_Hastings_AlwaysTrue,"[0.20619197594672387, 0.34427383857346555]","[0.0, 0.72433561337285]",1.7429356575012207,"{'V3': 1.0, 'V4': 1.0, 'V5': 1.0}"
M4_PN_V2_V0,4,2,8,5,2,1000,V2,V0,PN,Metropolis_Hastings_AlwaysTrue,"[0.3643514652119258, 0.4961922019658683]","[0.303917825754548, 0.4419736440848854]",1.7429356575012207,"{'V3': 1.0, 'V4': 1.0, 'V5': 1.0}"
M4_PS_V1_V0,4,2,8,5,2,2000,V1,V0,PS,Metropolis_Hastings_AlwaysTrue,"[0.25249258450830303, 0.42435874212522895]","[0.0, 1.0]",3.439291715621948,"{'V3': 1.0, 'V4': 1.0, 'V5': 1.0}"
M4_PS_V2_V0,4,2,8,5,2,2000,V2,V0,PS,Metropolis_Hastings_AlwaysTrue,"[0.43474472619600846, 0.5972776085017136]","[0.4318523247864775, 0.6280228717040058]",3.439291715621948,"{'V3': 1.0, 'V4': 1.0, 'V5': 1.0}"
M4_PN_V1_V0,4,2,8,5,2,2000,V1,V0,PN,Metropolis_Hastings_AlwaysTrue,"[0.19176446324832025, 0.34427383857346555]","[0.0, 0.72433561337285]",3.439291715621948,"{'V3': 1.0, 'V4': 1.0, 'V5': 1.0}"
M4_PN_V2_V0,4,2,8,5,2,2000,V2,V0,PN,Metropolis_Hastings_AlwaysTrue,"[0.3490516983729359, 0.5204979385970981]","[0.303917825754548, 0.4419736440848854]",3.439291715621948,"{'V3': 1.0, 'V4': 1.0, 'V5': 1.0}"
M4_PS_V1_V0,4,2,8,5,2,3000,V1,V0,PS,Metropolis_Hastings_AlwaysTrue,"[0.25249258450830303, 0.42435874212522895]","[0.0, 1.0]",5.268133401870728,"{'V3': 1.0, 'V4': 1.0, 'V5': 1.0}"
M4_PS_V2_V0,4,2,8,5,2,3000,V2,V0,PS,Metropolis_Hastings_AlwaysTrue,"[0.43474472619600846, 0.5972776085017136]","[0.4318523247864775, 0.6280228717040058]",5.268133401870728,"{'V3': 1.0, 'V4': 1.0, 'V5': 1.0}"
M4_PN_V1_V0,4,2,8,5,2,3000,V1,V0,PN,Metropolis_Hastings_AlwaysTrue,"[0.19176446324832025, 0.34427383857346555]","[0.0, 0.72433561337285]",5.268133401870728,"{'V3': 1.0, 'V4': 1.0, 'V5': 1.0}"
M4_PN_V2_V0,4,2,8,5,2,3000,V2,V0,PN,Metropolis_Hastings_AlwaysTrue,"[0.3490516983729359, 0.5204979385970981]","[0.303917825754548, 0.4419736440848854]",5.268133401870728,"{'V3': 1.0, 'V4': 1.0, 'V5': 1.0}"
M4_PS_V1_V0,4,2,8,5,2,4000,V1,V0,PS,Metropolis_Hastings_AlwaysTrue,"[0.24403221517920634, 0.42435874212522895]","[0.0, 1.0]",6.944495677947998,"{'V3': 1.0, 'V4': 1.0, 'V5': 1.0}"
M4_PS_V2_V0,4,2,8,5,2,4000,V2,V0,PS,Metropolis_Hastings_AlwaysTrue,"[0.43474472619600846, 0.5978715605594362]","[0.4318523247864775, 0.6280228717040058]",6.944495677947998,"{'V3': 1.0, 'V4': 1.0, 'V5': 1.0}"
M4_PN_V1_V0,4,2,8,5,2,4000,V1,V0,PN,Metropolis_Hastings_AlwaysTrue,"[0.19176446324832025, 0.34875811658943884]","[0.0, 0.72433561337285]",6.944495677947998,"{'V3': 1.0, 'V4': 1.0, 'V5': 1.0}"
M4_PN_V2_V0,4,2,8,5,2,4000,V2,V0,PN,Metropolis_Hastings_AlwaysTrue,"[0.3490516983729359, 0.5204979385970981]","[0.303917825754548, 0.4419736440848854]",6.944495677947998,"{'V3': 1.0, 'V4': 1.0, 'V5': 1.0}"
M4_PS_V1_V0,4,2,8,5,2,5000,V1,V0,PS,Metropolis_Hastings_AlwaysTrue,"[0.24403221517920634, 0.42435874212522895]","[0.0, 1.0]",8.92322826385498,"{'V3': 1.0, 'V4': 1.0, 'V5': 1.0}"
M4_PS_V2_V0,4,2,8,5,2,5000,V2,V0,PS,Metropolis_Hastings_AlwaysTrue,"[0.43474472619600846, 0.6007109296795132]","[0.4318523247864775, 0.6280228717040058]",8.92322826385498,"{'V3': 1.0, 'V4': 1.0, 'V5': 1.0}"
M4_PN_V1_V0,4,2,8,5,2,5000,V1,V0,PN,Metropolis_Hastings_AlwaysTrue,"[0.19176446324832025, 0.34875811658943884]","[0.0, 0.72433561337285]",8.92322826385498,"{'V3': 1.0, 'V4': 1.0, 'V5': 1.0}"
M4_PN_V2_V0,4,2,8,5,2,5000,V2,V0,PN,Metropolis_Hastings_AlwaysTrue,"[0.3490516983729359, 0.5204979385970981]","[0.303917825754548, 0.4419736440848854]",8.92322826385498,"{'V3': 1.0, 'V4': 1.0, 'V5': 1.0}"
M4_PS_V1_V0,4,2,8,5,2,6000,V1,V0,PS,Metropolis_Hastings_AlwaysTrue,"[0.2439966659636223, 0.42796813385666765]","[0.0, 1.0]",10.610401630401611,"{'V3': 1.0, 'V4': 1.0, 'V5': 1.0}"
M4_PS_V2_V0,4,2,8,5,2,6000,V2,V0,PS,Metropolis_Hastings_AlwaysTrue,"[0.43474472619600846, 0.6007109296795132]","[0.4318523247864775, 0.6280228717040058]",10.610401630401611,"{'V3': 1.0, 'V4': 1.0, 'V5': 1.0}"
M4_PN_V1_V0,4,2,8,5,2,6000,V1,V0,PN,Metropolis_Hastings_AlwaysTrue,"[0.19176446324832025, 0.34875811658943884]","[0.0, 0.72433561337285]",10.610401630401611,"{'V3': 1.0, 'V4': 1.0, 'V5': 1.0}"
M4_PN_V2_V0,4,2,8,5,2,6000,V2,V0,PN,Metropolis_Hastings_AlwaysTrue,"[0.3490516983729359, 0.5204979385970981]","[0.303917825754548, 0.4419736440848854]",10.610401630401611,"{'V3': 1.0, 'V4': 1.0, 'V5': 1.0}"
M4_PS_V1_V0,4,2,8,5,2,7000,V1,V0,PS,Metropolis_Hastings_AlwaysTrue,"[0.2439966659636223, 0.4386924172339929]","[0.0, 1.0]",12.398282766342165,"{'V3': 1.0, 'V4': 1.0, 'V5': 1.0}"
M4_PS_V2_V0,4,2,8,5,2,7000,V2,V0,PS,Metropolis_Hastings_AlwaysTrue,"[0.4144822343194059, 0.6007109296795132]","[0.4318523247864775, 0.6280228717040058]",12.398282766342165,"{'V3': 1.0, 'V4': 1.0, 'V5': 1.0}"
M4_PN_V1_V0,4,2,8,5,2,7000,V1,V0,PN,Metropolis_Hastings_AlwaysTrue,"[0.1884124588860416, 0.34875811658943884]","[0.0, 0.72433561337285]",12.398282766342165,"{'V3': 1.0, 'V4': 1.0, 'V5': 1.0}"
M4_PN_V2_V0,4,2,8,5,2,7000,V2,V0,PN,Metropolis_Hastings_AlwaysTrue,"[0.3490516983729359, 0.5204979385970981]","[0.303917825754548, 0.4419736440848854]",12.398282766342165,"{'V3': 1.0, 'V4': 1.0, 'V5': 1.0}"
M4_PS_V1_V0,4,2,8,5,2,8000,V1,V0,PS,Metropolis_Hastings_AlwaysTrue,"[0.2439966659636223, 0.4386924172339929]","[0.0, 1.0]",14.085406064987184,"{'V3': 1.0, 'V4': 1.0, 'V5': 1.0}"
M4_PS_V2_V0,4,2,8,5,2,8000,V2,V0,PS,Metropolis_Hastings_AlwaysTrue,"[0.4144822343194059, 0.6007109296795132]","[0.4318523247864775, 0.6280228717040058]",14.085406064987184,"{'V3': 1.0, 'V4': 1.0, 'V5': 1.0}"
M4_PN_V1_V0,4,2,8,5,2,8000,V1,V0,PN,Metropolis_Hastings_AlwaysTrue,"[0.1884124588860416, 0.34875811658943884]","[0.0, 0.72433561337285]",14.085406064987184,"{'V3': 1.0, 'V4': 1.0, 'V5': 1.0}"
M4_PN_V2_V0,4,2,8,5,2,8000,V2,V0,PN,Metropolis_Hastings_AlwaysTrue,"[0.3490516983729359, 0.5204979385970981]","[0.303917825754548, 0.4419736440848854]",14.085406064987184,"{'V3': 1.0, 'V4': 1.0, 'V5': 1.0}"
M4_PS_V1_V0,4,2,8,5,2,9000,V1,V0,PS,Metropolis_Hastings_AlwaysTrue,"[0.2439966659636223, 0.4386924172339929]","[0.0, 1.0]",15.75904941558838,"{'V3': 1.0, 'V4': 1.0, 'V5': 1.0}"
M4_PS_V2_V0,4,2,8,5,2,9000,V2,V0,PS,Metropolis_Hastings_AlwaysTrue,"[0.4144822343194059, 0.6007109296795132]","[0.4318523247864775, 0.6280228717040058]",15.75904941558838,"{'V3': 1.0, 'V4': 1.0, 'V5': 1.0}"
M4_PN_V1_V0,4,2,8,5,2,9000,V1,V0,PN,Metropolis_Hastings_AlwaysTrue,"[0.1884124588860416, 0.34875811658943884]","[0.0, 0.72433561337285]",15.75904941558838,"{'V3': 1.0, 'V4': 1.0, 'V5': 1.0}"
M4_PN_V2_V0,4,2,8,5,2,9000,V2,V0,PN,Metropolis_Hastings_AlwaysTrue,"[0.3490516983729359, 0.5204979385970981]","[0.303917825754548, 0.4419736440848854]",15.75904941558838,"{'V3': 1.0, 'V4': 1.0, 'V5': 1.0}"
M4_PS_V1_V0,4,2,8,5,2,10000,V1,V0,PS,Metropolis_Hastings_AlwaysTrue,"[0.2439966659636223, 0.4386924172339929]","[0.0, 1.0]",17.437973737716675,"{'V3': 1.0, 'V4': 1.0, 'V5': 1.0}"
M4_PS_V2_V0,4,2,8,5,2,10000,V2,V0,PS,Metropolis_Hastings_AlwaysTrue,"[0.4144822343194059, 0.6007109296795132]","[0.4318523247864775, 0.6280228717040058]",17.437973737716675,"{'V3': 1.0, 'V4': 1.0, 'V5': 1.0}"
M4_PN_V1_V0,4,2,8,5,2,10000,V1,V0,PN,Metropolis_Hastings_AlwaysTrue,"[0.1884124588860416, 0.35320824016988495]","[0.0, 0.72433561337285]",17.437973737716675,"{'V3': 1.0, 'V4': 1.0, 'V5': 1.0}"
M4_PN_V2_V0,4,2,8,5,2,10000,V2,V0,PN,Metropolis_Hastings_AlwaysTrue,"[0.34745420690742423, 0.5204979385970981]","[0.303917825754548, 0.4419736440848854]",17.437973737716675,"{'V3': 1.0, 'V4': 1.0, 'V5': 1.0}"
M4_PS_V1_V0,4,2,6,10,2,1000,V1,V0,PS,Metropolis_Hastings_AlwaysTrue,"[0.09231002159895293, 0.18553330713394658]","[0.6000032969500074, 0.8107982439292946]",1.6016206741333008,"{'V3': 1.0, 'V4': 1.0, 'V5': 1.0}"
M4_PS_V2_V0,4,2,6,10,2,1000,V2,V0,PS,Metropolis_Hastings_AlwaysTrue,"[0.3165600542108605, 0.49589802736289723]","[0.3064814307658745, 0.414464494801166]",1.6016206741333008,"{'V3': 1.0, 'V4': 1.0, 'V5': 1.0}"
M4_PN_V1_V0,4,2,6,10,2,1000,V1,V0,PN,Metropolis_Hastings_AlwaysTrue,"[0.066169748727483, 0.14374035346442077]","[0.3246143910467486, 0.4386588866307695]",1.6016206741333008,"{'V3': 1.0, 'V4': 1.0, 'V5': 1.0}"
M4_PN_V2_V0,4,2,6,10,2,1000,V2,V0,PN,Metropolis_Hastings_AlwaysTrue,"[0.2790935038142048, 0.4546069467988248]","[0.2330163106472022, 0.315115298279199]",1.6016206741333008,"{'V3': 1.0, 'V4': 1.0, 'V5': 1.0}"
M4_PS_V1_V0,4,2,6,10,2,2000,V1,V0,PS,Metropolis_Hastings_AlwaysTrue,"[0.08884947310954691, 0.18553330713394658]","[0.6000032969500074, 0.8107982439292946]",3.249352216720581,"{'V3': 1.0, 'V4': 1.0, 'V5': 1.0}"
M4_PS_V2_V0,4,2,6,10,2,2000,V2,V0,PS,Metropolis_Hastings_AlwaysTrue,"[0.3165600542108605, 0.49589802736289723]","[0.3064814307658745, 0.414464494801166]",3.249352216720581,"{'V3': 1.0, 'V4': 1.0, 'V5': 1.0}"
M4_PN_V1_V0,4,2,6,10,2,2000,V1,V0,PN,Metropolis_Hastings_AlwaysTrue,"[0.066169748727483, 0.14374035346442077]","[0.3246143910467486, 0.4386588866307695]",3.249352216720581,"{'V3': 1.0, 'V4': 1.0, 'V5': 1.0}"
M4_PN_V2_V0,4,2,6,10,2,2000,V2,V0,PN,Metropolis_Hastings_AlwaysTrue,"[0.2749958679191104, 0.4616807167506371]","[0.2330163106472022, 0.315115298279199]",3.249352216720581,"{'V3': 1.0, 'V4': 1.0, 'V5': 1.0}"
M4_PS_V1_V0,4,2,6,10,2,3000,V1,V0,PS,Metropolis_Hastings_AlwaysTrue,"[0.08884947310954691, 0.1875259395893086]","[0.6000032969500074, 0.8107982439292946]",4.812493562698364,"{'V3': 1.0, 'V4': 1.0, 'V5': 1.0}"
M4_PS_V2_V0,4,2,6,10,2,3000,V2,V0,PS,Metropolis_Hastings_AlwaysTrue,"[0.3111550164601492, 0.49589802736289723]","[0.3064814307658745, 0.414464494801166]",4.812493562698364,"{'V3': 1.0, 'V4': 1.0, 'V5': 1.0}"
M4_PN_V1_V0,4,2,6,10,2,3000,V1,V0,PN,Metropolis_Hastings_AlwaysTrue,"[0.06273148974909006, 0.14374035346442077]","[0.3246143910467486, 0.4386588866307695]",4.812493562698364,"{'V3': 1.0, 'V4': 1.0, 'V5': 1.0}"
M4_PN_V2_V0,4,2,6,10,2,3000,V2,V0,PN,Metropolis_Hastings_AlwaysTrue,"[0.2749958679191104, 0.4616807167506371]","[0.2330163106472022, 0.315115298279199]",4.812493562698364,"{'V3': 1.0, 'V4': 1.0, 'V5': 1.0}"
M4_PS_V1_V0,4,2,6,10,2,4000,V1,V0,PS,Metropolis_Hastings_AlwaysTrue,"[0.08884947310954691, 0.19942789974310576]","[0.6000032969500074, 0.8107982439292946]",6.3708107471466064,"{'V3': 1.0, 'V4': 1.0, 'V5': 1.0}"
M4_PS_V2_V0,4,2,6,10,2,4000,V2,V0,PS,Metropolis_Hastings_AlwaysTrue,"[0.3111550164601492, 0.49589802736289723]","[0.3064814307658745, 0.414464494801166]",6.3708107471466064,"{'V3': 1.0, 'V4': 1.0, 'V5': 1.0}"
M4_PN_V1_V0,4,2,6,10,2,4000,V1,V0,PN,Metropolis_Hastings_AlwaysTrue,"[0.06273148974909006, 0.14780577504445525]","[0.3246143910467486, 0.4386588866307695]",6.3708107471466064,"{'V3': 1.0, 'V4': 1.0, 'V5': 1.0}"
M4_PN_V2_V0,4,2,6,10,2,4000,V2,V0,PN,Metropolis_Hastings_AlwaysTrue,"[0.2749958679191104, 0.4616807167506371]","[0.2330163106472022, 0.315115298279199]",6.3708107471466064,"{'V3': 1.0, 'V4': 1.0, 'V5': 1.0}"
M4_PS_V1_V0,4,2,6,10,2,5000,V1,V0,PS,Metropolis_Hastings_AlwaysTrue,"[0.08884947310954691, 0.19942789974310576]","[0.6000032969500074, 0.8107982439292946]",7.938644409179687,"{'V3': 1.0, 'V4': 1.0, 'V5': 1.0}"
M4_PS_V2_V0,4,2,6,10,2,5000,V2,V0,PS,Metropolis_Hastings_AlwaysTrue,"[0.3111550164601492, 0.49589802736289723]","[0.3064814307658745, 0.414464494801166]",7.938644409179687,"{'V3': 1.0, 'V4': 1.0, 'V5': 1.0}"
M4_PN_V1_V0,4,2,6,10,2,5000,V1,V0,PN,Metropolis_Hastings_AlwaysTrue,"[0.06273148974909006, 0.14780577504445525]","[0.3246143910467486, 0.4386588866307695]",7.938644409179687,"{'V3': 1.0, 'V4': 1.0, 'V5': 1.0}"
M4_PN_V2_V0,4,2,6,10,2,5000,V2,V0,PN,Metropolis_Hastings_AlwaysTrue,"[0.2709333293482557, 0.4616807167506371]","[0.2330163106472022, 0.315115298279199]",7.938644409179687,"{'V3': 1.0, 'V4': 1.0, 'V5': 1.0}"
M4_PS_V1_V0,4,2,6,10,2,6000,V1,V0,PS,Metropolis_Hastings_AlwaysTrue,"[0.08669402875393661, 0.19942789974310576]","[0.6000032969500074, 0.8107982439292946]",9.974757432937622,"{'V3': 1.0, 'V4': 1.0, 'V5': 1.0}"
M4_PS_V2_V0,4,2,6,10,2,6000,V2,V0,PS,Metropolis_Hastings_AlwaysTrue,"[0.3111550164601492, 0.49589802736289723]","[0.3064814307658745, 0.414464494801166]",9.974757432937622,"{'V3': 1.0, 'V4': 1.0, 'V5': 1.0}"
M4_PN_V1_V0,4,2,6,10,2,6000,V1,V0,PN,Metropolis_Hastings_AlwaysTrue,"[0.055031583210166976, 0.14780577504445525]","[0.3246143910467486, 0.4386588866307695]",9.974757432937622,"{'V3': 1.0, 'V4': 1.0, 'V5': 1.0}"
M4_PN_V2_V0,4,2,6,10,2,6000,V2,V0,PN,Metropolis_Hastings_AlwaysTrue,"[0.2617378076248132, 0.4616807167506371]","[0.2330163106472022, 0.315115298279199]",9.974757432937622,"{'V3': 1.0, 'V4': 1.0, 'V5': 1.0}"
M4_PS_V1_V0,4,2,6,10,2,7000,V1,V0,PS,Metropolis_Hastings_AlwaysTrue,"[0.08669402875393661, 0.19942789974310576]","[0.6000032969500074, 0.8107982439292946]",11.527649641036987,"{'V3': 1.0, 'V4': 1.0, 'V5': 1.0}"
M4_PS_V2_V0,4,2,6,10,2,7000,V2,V0,PS,Metropolis_Hastings_AlwaysTrue,"[0.3111550164601492, 0.49589802736289723]","[0.3064814307658745, 0.414464494801166]",11.527649641036987,"{'V3': 1.0, 'V4': 1.0, 'V5': 1.0}"
M4_PN_V1_V0,4,2,6,10,2,7000,V1,V0,PN,Metropolis_Hastings_AlwaysTrue,"[0.055031583210166976, 0.14818804944015745]","[0.3246143910467486, 0.4386588866307695]",11.527649641036987,"{'V3': 1.0, 'V4': 1.0, 'V5': 1.0}"
M4_PN_V2_V0,4,2,6,10,2,7000,V2,V0,PN,Metropolis_Hastings_AlwaysTrue,"[0.2617378076248132, 0.4616807167506371]","[0.2330163106472022, 0.315115298279199]",11.527649641036987,"{'V3': 1.0, 'V4': 1.0, 'V5': 1.0}"
M4_PS_V1_V0,4,2,6,10,2,8000,V1,V0,PS,Metropolis_Hastings_AlwaysTrue,"[0.08669402875393661, 0.19942789974310576]","[0.6000032969500074, 0.8107982439292946]",13.080122947692873,"{'V3': 1.0, 'V4': 1.0, 'V5': 1.0}"
M4_PS_V2_V0,4,2,6,10,2,8000,V2,V0,PS,Metropolis_Hastings_AlwaysTrue,"[0.3109676130663445, 0.49589802736289723]","[0.3064814307658745, 0.414464494801166]",13.080122947692873,"{'V3': 1.0, 'V4': 1.0, 'V5': 1.0}"
M4_PN_V1_V0,4,2,6,10,2,8000,V1,V0,PN,Metropolis_Hastings_AlwaysTrue,"[0.055031583210166976, 0.14818804944015745]","[0.3246143910467486, 0.4386588866307695]",13.080122947692873,"{'V3': 1.0, 'V4': 1.0, 'V5': 1.0}"
M4_PN_V2_V0,4,2,6,10,2,8000,V2,V0,PN,Metropolis_Hastings_AlwaysTrue,"[0.2580791871772218, 0.46274555403990797]","[0.2330163106472022, 0.315115298279199]",13.080122947692873,"{'V3': 1.0, 'V4': 1.0, 'V5': 1.0}"
M4_PS_V1_V0,4,2,6,10,2,9000,V1,V0,PS,Metropolis_Hastings_AlwaysTrue,"[0.08669402875393661, 0.19942789974310576]","[0.6000032969500074, 0.8107982439292946]",14.630447626113892,"{'V3': 1.0, 'V4': 1.0, 'V5': 1.0}"
M4_PS_V2_V0,4,2,6,10,2,9000,V2,V0,PS,Metropolis_Hastings_AlwaysTrue,"[0.3109676130663445, 0.49589802736289723]","[0.3064814307658745, 0.414464494801166]",14.630447626113892,"{'V3': 1.0, 'V4': 1.0, 'V5': 1.0}"
M4_PN_V1_V0,4,2,6,10,2,9000,V1,V0,PN,Metropolis_Hastings_AlwaysTrue,"[0.055031583210166976, 0.14818804944015745]","[0.3246143910467486, 0.4386588866307695]",14.630447626113892,"{'V3': 1.0, 'V4': 1.0, 'V5': 1.0}"
M4_PN_V2_V0,4,2,6,10,2,9000,V2,V0,PN,Metropolis_Hastings_AlwaysTrue,"[0.2580791871772218, 0.46274555403990797]","[0.2330163106472022, 0.315115298279199]",14.630447626113892,"{'V3': 1.0, 'V4': 1.0, 'V5': 1.0}"
M4_PS_V1_V0,4,2,6,10,2,10000,V1,V0,PS,Metropolis_Hastings_AlwaysTrue,"[0.08669402875393661, 0.19942789974310576]","[0.6000032969500074, 0.8107982439292946]",16.267253637313843,"{'V3': 1.0, 'V4': 1.0, 'V5': 1.0}"
M4_PS_V2_V0,4,2,6,10,2,10000,V2,V0,PS,Metropolis_Hastings_AlwaysTrue,"[0.3109676130663445, 0.49589802736289723]","[0.3064814307658745, 0.414464494801166]",16.267253637313843,"{'V3': 1.0, 'V4': 1.0, 'V5': 1.0}"
M4_PN_V1_V0,4,2,6,10,2,10000,V1,V0,PN,Metropolis_Hastings_AlwaysTrue,"[0.055031583210166976, 0.14818804944015745]","[0.3246143910467486, 0.4386588866307695]",16.267253637313843,"{'V3': 1.0, 'V4': 1.0, 'V5': 1.0}"
M4_PN_V2_V0,4,2,6,10,2,10000,V2,V0,PN,Metropolis_Hastings_AlwaysTrue,"[0.2580791871772218, 0.46274555403990797]","[0.2330163106472022, 0.315115298279199]",16.267253637313843,"{'V3': 1.0, 'V4': 1.0, 'V5': 1.0}"
M4_PS_V1_V0,4,3,2,10,2,1000,V1,V0,PS,Metropolis_Hastings_AlwaysTrue,"[0.5824518778158696, 0.6983104200486051]","[0.8231438207261383, 1.0]",3.429385185241699,"{'V4': 1.0, 'V5': 1.0, 'V6': 1.0, 'V7': 1.0}"
M4_PS_V2_V0,4,3,2,10,2,1000,V2,V0,PS,Metropolis_Hastings_AlwaysTrue,"[0.4425302031528028, 0.5819073032690778]","[0.8003441960547797, 0.922867829156808]",3.429385185241699,"{'V4': 1.0, 'V5': 1.0, 'V6': 1.0, 'V7': 1.0}"
M4_PS_V3_V0,4,3,2,10,2,1000,V3,V0,PS,Metropolis_Hastings_AlwaysTrue,"[0.5521236035473477, 0.6983710778943552]","[0.8560611450255664, 0.99306486129617]",3.429385185241699,"{'V4': 1.0, 'V5': 1.0, 'V6': 1.0, 'V7': 1.0}"
M4_PN_V1_V0,4,3,2,10,2,1000,V1,V0,PN,Metropolis_Hastings_AlwaysTrue,"[0.41371320495971753, 0.5261454436890508]","[0.15942052327727, 0.1936727449847546]",3.429385185241699,"{'V4': 1.0, 'V5': 1.0, 'V6': 1.0, 'V7': 1.0}"
M4_PN_V2_V0,4,3,2,10,2,1000,V2,V0,PN,Metropolis_Hastings_AlwaysTrue,"[0.3947804812086864, 0.49929655722256233]","[0.2058071269512549, 0.2373138674719699]",3.429385185241699,"{'V4': 1.0, 'V5': 1.0, 'V6': 1.0, 'V7': 1.0}"
M4_PN_V3_V0,4,3,2,10,2,1000,V3,V0,PN,Metropolis_Hastings_AlwaysTrue,"[0.38505065633683955, 0.5257160272730601]","[0.1942004556107363, 0.2252802263429084]",3.429385185241699,"{'V4': 1.0, 'V5': 1.0, 'V6': 1.0, 'V7': 1.0}"
M4_PS_V1_V0,4,3,2,10,2,2000,V1,V0,PS,Metropolis_Hastings_AlwaysTrue,"[0.570609652572568, 0.6983104200486051]","[0.8231438207261383, 1.0]",6.775525569915772,"{'V4': 1.0, 'V5': 1.0, 'V6': 1.0, 'V7': 1.0}"
M4_PS_V2_V0,4,3,2,10,2,2000,V2,V0,PS,Metropolis_Hastings_AlwaysTrue,"[0.4271849593434551, 0.5835711175052679]","[0.8003441960547797, 0.922867829156808]",6.775525569915772,"{'V4': 1.0, 'V5': 1.0, 'V6': 1.0, 'V7': 1.0}"
M4_PS_V3_V0,4,3,2,10,2,2000,V3,V0,PS,Metropolis_Hastings_AlwaysTrue,"[0.5333655295976643, 0.6983710778943552]","[0.8560611450255664, 0.99306486129617]",6.775525569915772,"{'V4': 1.0, 'V5': 1.0, 'V6': 1.0, 'V7': 1.0}"
M4_PN_V1_V0,4,3,2,10,2,2000,V1,V0,PN,Metropolis_Hastings_AlwaysTrue,"[0.4038385934925481, 0.5261454436890508]","[0.15942052327727, 0.1936727449847546]",6.775525569915772,"{'V4': 1.0, 'V5': 1.0, 'V6': 1.0, 'V7': 1.0}"
M4_PN_V2_V0,4,3,2,10,2,2000,V2,V0,PN,Metropolis_Hastings_AlwaysTrue,"[0.37926327104255686, 0.5106642706474804]","[0.2058071269512549, 0.2373138674719699]",6.775525569915772,"{'V4': 1.0, 'V5': 1.0, 'V6': 1.0, 'V7': 1.0}"
M4_PN_V3_V0,4,3,2,10,2,2000,V3,V0,PN,Metropolis_Hastings_AlwaysTrue,"[0.3734792173665922, 0.5257160272730601]","[0.1942004556107363, 0.2252802263429084]",6.775525569915772,"{'V4': 1.0, 'V5': 1.0, 'V6': 1.0, 'V7': 1.0}"
M4_PS_V1_V0,4,3,2,10,2,3000,V1,V0,PS,Metropolis_Hastings_AlwaysTrue,"[0.570609652572568, 0.6983104200486051]","[0.8231438207261383, 1.0]",10.033828496932983,"{'V4': 1.0, 'V5': 1.0, 'V6': 1.0, 'V7': 1.0}"
M4_PS_V2_V0,4,3,2,10,2,3000,V2,V0,PS,Metropolis_Hastings_AlwaysTrue,"[0.4271849593434551, 0.5925619735355969]","[0.8003441960547797, 0.922867829156808]",10.033828496932983,"{'V4': 1.0, 'V5': 1.0, 'V6': 1.0, 'V7': 1.0}"
M4_PS_V3_V0,4,3,2,10,2,3000,V3,V0,PS,Metropolis_Hastings_AlwaysTrue,"[0.5333655295976643, 0.6983710778943552]","[0.8560611450255664, 0.99306486129617]",10.033828496932983,"{'V4': 1.0, 'V5': 1.0, 'V6': 1.0, 'V7': 1.0}"
M4_PN_V1_V0,4,3,2,10,2,3000,V1,V0,PN,Metropolis_Hastings_AlwaysTrue,"[0.39507436092387566, 0.5267671444892673]","[0.15942052327727, 0.1936727449847546]",10.033828496932983,"{'V4': 1.0, 'V5': 1.0, 'V6': 1.0, 'V7': 1.0}"
M4_PN_V2_V0,4,3,2,10,2,3000,V2,V0,PN,Metropolis_Hastings_AlwaysTrue,"[0.37926327104255686, 0.5106642706474804]","[0.2058071269512549, 0.2373138674719699]",10.033828496932983,"{'V4': 1.0, 'V5': 1.0, 'V6': 1.0, 'V7': 1.0}"
M4_PN_V3_V0,4,3,2,10,2,3000,V3,V0,PN,Metropolis_Hastings_AlwaysTrue,"[0.3734792173665922, 0.5299136377707848]","[0.1942004556107363, 0.2252802263429084]",10.033828496932983,"{'V4': 1.0, 'V5': 1.0, 'V6': 1.0, 'V7': 1.0}"
M4_PS_V1_V0,4,3,2,10,2,4000,V1,V0,PS,Metropolis_Hastings_AlwaysTrue,"[0.570609652572568, 0.6983104200486051]","[0.8231438207261383, 1.0]",13.438692331314089,"{'V4': 1.0, 'V5': 1.0, 'V6': 1.0, 'V7': 1.0}"
M4_PS_V2_V0,4,3,2,10,2,4000,V2,V0,PS,Metropolis_Hastings_AlwaysTrue,"[0.4271849593434551, 0.5925619735355969]","[0.8003441960547797, 0.922867829156808]",13.438692331314089,"{'V4': 1.0, 'V5': 1.0, 'V6': 1.0, 'V7': 1.0}"
M4_PS_V3_V0,4,3,2,10,2,4000,V3,V0,PS,Metropolis_Hastings_AlwaysTrue,"[0.5333655295976643, 0.6983710778943552]","[0.8560611450255664, 0.99306486129617]",13.438692331314089,"{'V4': 1.0, 'V5': 1.0, 'V6': 1.0, 'V7': 1.0}"
M4_PN_V1_V0,4,3,2,10,2,4000,V1,V0,PN,Metropolis_Hastings_AlwaysTrue,"[0.39507436092387566, 0.5267671444892673]","[0.15942052327727, 0.1936727449847546]",13.438692331314089,"{'V4': 1.0, 'V5': 1.0, 'V6': 1.0, 'V7': 1.0}"
M4_PN_V2_V0,4,3,2,10,2,4000,V2,V0,PN,Metropolis_Hastings_AlwaysTrue,"[0.3776189978763534, 0.5106642706474804]","[0.2058071269512549, 0.2373138674719699]",13.438692331314089,"{'V4': 1.0, 'V5': 1.0, 'V6': 1.0, 'V7': 1.0}"
M4_PN_V3_V0,4,3,2,10,2,4000,V3,V0,PN,Metropolis_Hastings_AlwaysTrue,"[0.3734792173665922, 0.5315552293524045]","[0.1942004556107363, 0.2252802263429084]",13.438692331314089,"{'V4': 1.0, 'V5': 1.0, 'V6': 1.0, 'V7': 1.0}"
M4_PS_V1_V0,4,3,2,10,2,5000,V1,V0,PS,Metropolis_Hastings_AlwaysTrue,"[0.570609652572568, 0.6985698707885778]","[0.8231438207261383, 1.0]",16.669246673583984,"{'V4': 1.0, 'V5': 1.0, 'V6': 1.0, 'V7': 1.0}"
M4_PS_V2_V0,4,3,2,10,2,5000,V2,V0,PS,Metropolis_Hastings_AlwaysTrue,"[0.4271849593434551, 0.5925619735355969]","[0.8003441960547797, 0.922867829156808]",16.669246673583984,"{'V4': 1.0, 'V5': 1.0, 'V6': 1.0, 'V7': 1.0}"
M4_PS_V3_V0,4,3,2,10,2,5000,V3,V0,PS,Metropolis_Hastings_AlwaysTrue,"[0.5333655295976643, 0.6983710778943552]","[0.8560611450255664, 0.99306486129617]",16.669246673583984,"{'V4': 1.0, 'V5': 1.0, 'V6': 1.0, 'V7': 1.0}"
M4_PN_V1_V0,4,3,2,10,2,5000,V1,V0,PN,Metropolis_Hastings_AlwaysTrue,"[0.39507436092387566, 0.5267671444892673]","[0.15942052327727, 0.1936727449847546]",16.669246673583984,"{'V4': 1.0, 'V5': 1.0, 'V6': 1.0, 'V7': 1.0}"
M4_PN_V2_V0,4,3,2,10,2,5000,V2,V0,PN,Metropolis_Hastings_AlwaysTrue,"[0.3776189978763534, 0.5106642706474804]","[0.2058071269512549, 0.2373138674719699]",16.669246673583984,"{'V4': 1.0, 'V5': 1.0, 'V6': 1.0, 'V7': 1.0}"
M4_PN_V3_V0,4,3,2,10,2,5000,V3,V0,PN,Metropolis_Hastings_AlwaysTrue,"[0.3734792173665922, 0.5315552293524045]","[0.1942004556107363, 0.2252802263429084]",16.669246673583984,"{'V4': 1.0, 'V5': 1.0, 'V6': 1.0, 'V7': 1.0}"
M4_PS_V1_V0,4,3,2,10,2,6000,V1,V0,PS,Metropolis_Hastings_AlwaysTrue,"[0.570609652572568, 0.6985698707885778]","[0.8231438207261383, 1.0]",19.906431436538696,"{'V4': 1.0, 'V5': 1.0, 'V6': 1.0, 'V7': 1.0}"
M4_PS_V2_V0,4,3,2,10,2,6000,V2,V0,PS,Metropolis_Hastings_AlwaysTrue,"[0.4271849593434551, 0.5959279104868468]","[0.8003441960547797, 0.922867829156808]",19.906431436538696,"{'V4': 1.0, 'V5': 1.0, 'V6': 1.0, 'V7': 1.0}"
M4_PS_V3_V0,4,3,2,10,2,6000,V3,V0,PS,Metropolis_Hastings_AlwaysTrue,"[0.5333655295976643, 0.6983710778943552]","[0.8560611450255664, 0.99306486129617]",19.906431436538696,"{'V4': 1.0, 'V5': 1.0, 'V6': 1.0, 'V7': 1.0}"
M4_PN_V1_V0,4,3,2,10,2,6000,V1,V0,PN,Metropolis_Hastings_AlwaysTrue,"[0.39507436092387566, 0.5267671444892673]","[0.15942052327727, 0.1936727449847546]",19.906431436538696,"{'V4': 1.0, 'V5': 1.0, 'V6': 1.0, 'V7': 1.0}"
M4_PN_V2_V0,4,3,2,10,2,6000,V2,V0,PN,Metropolis_Hastings_AlwaysTrue,"[0.373659918122908, 0.5106642706474804]","[0.2058071269512549, 0.2373138674719699]",19.906431436538696,"{'V4': 1.0, 'V5': 1.0, 'V6': 1.0, 'V7': 1.0}"
M4_PN_V3_V0,4,3,2,10,2,6000,V3,V0,PN,Metropolis_Hastings_AlwaysTrue,"[0.3734792173665922, 0.5315552293524045]","[0.1942004556107363, 0.2252802263429084]",19.906431436538696,"{'V4': 1.0, 'V5': 1.0, 'V6': 1.0, 'V7': 1.0}"
M4_PS_V1_V0,4,3,2,10,2,7000,V1,V0,PS,Metropolis_Hastings_AlwaysTrue,"[0.570609652572568, 0.7010032770214676]","[0.8231438207261383, 1.0]",23.14795589447021,"{'V4': 1.0, 'V5': 1.0, 'V6': 1.0, 'V7': 1.0}"
M4_PS_V2_V0,4,3,2,10,2,7000,V2,V0,PS,Metropolis_Hastings_AlwaysTrue,"[0.4271849593434551, 0.5959279104868468]","[0.8003441960547797, 0.922867829156808]",23.14795589447021,"{'V4': 1.0, 'V5': 1.0, 'V6': 1.0, 'V7': 1.0}"
M4_PS_V3_V0,4,3,2,10,2,7000,V3,V0,PS,Metropolis_Hastings_AlwaysTrue,"[0.5333655295976643, 0.6983710778943552]","[0.8560611450255664, 0.99306486129617]",23.14795589447021,"{'V4': 1.0, 'V5': 1.0, 'V6': 1.0, 'V7': 1.0}"
M4_PN_V1_V0,4,3,2,10,2,7000,V1,V0,PN,Metropolis_Hastings_AlwaysTrue,"[0.39507436092387566, 0.5307424935799998]","[0.15942052327727, 0.1936727449847546]",23.14795589447021,"{'V4': 1.0, 'V5': 1.0, 'V6': 1.0, 'V7': 1.0}"
M4_PN_V2_V0,4,3,2,10,2,7000,V2,V0,PN,Metropolis_Hastings_AlwaysTrue,"[0.373659918122908, 0.5106642706474804]","[0.2058071269512549, 0.2373138674719699]",23.14795589447021,"{'V4': 1.0, 'V5': 1.0, 'V6': 1.0, 'V7': 1.0}"
M4_PN_V3_V0,4,3,2,10,2,7000,V3,V0,PN,Metropolis_Hastings_AlwaysTrue,"[0.3734792173665922, 0.5315552293524045]","[0.1942004556107363, 0.2252802263429084]",23.14795589447021,"{'V4': 1.0, 'V5': 1.0, 'V6': 1.0, 'V7': 1.0}"
M4_PS_V1_V0,4,3,2,10,2,8000,V1,V0,PS,Metropolis_Hastings_AlwaysTrue,"[0.570609652572568, 0.7016469702584498]","[0.8231438207261383, 1.0]",27.222901105880737,"{'V4': 1.0, 'V5': 1.0, 'V6': 1.0, 'V7': 1.0}"
M4_PS_V2_V0,4,3,2,10,2,8000,V2,V0,PS,Metropolis_Hastings_AlwaysTrue,"[0.4271849593434551, 0.5994854882196506]","[0.8003441960547797, 0.922867829156808]",27.222901105880737,"{'V4': 1.0, 'V5': 1.0, 'V6': 1.0, 'V7': 1.0}"
M4_PS_V3_V0,4,3,2,10,2,8000,V3,V0,PS,Metropolis_Hastings_AlwaysTrue,"[0.5333655295976643, 0.6983710778943552]","[0.8560611450255664, 0.99306486129617]",27.222901105880737,"{'V4': 1.0, 'V5': 1.0, 'V6': 1.0, 'V7': 1.0}"
M4_PN_V1_V0,4,3,2,10,2,8000,V1,V0,PN,Metropolis_Hastings_AlwaysTrue,"[0.39507436092387566, 0.5307424935799998]","[0.15942052327727, 0.1936727449847546]",27.222901105880737,"{'V4': 1.0, 'V5': 1.0, 'V6': 1.0, 'V7': 1.0}"
M4_PN_V2_V0,4,3,2,10,2,8000,V2,V0,PN,Metropolis_Hastings_AlwaysTrue,"[0.373659918122908, 0.5152545202544374]","[0.2058071269512549, 0.2373138674719699]",27.222901105880737,"{'V4': 1.0, 'V5': 1.0, 'V6': 1.0, 'V7': 1.0}"
M4_PN_V3_V0,4,3,2,10,2,8000,V3,V0,PN,Metropolis_Hastings_AlwaysTrue,"[0.3734792173665922, 0.5395655438335688]","[0.1942004556107363, 0.2252802263429084]",27.222901105880737,"{'V4': 1.0, 'V5': 1.0, 'V6': 1.0, 'V7': 1.0}"
M4_PS_V1_V0,4,3,2,10,2,9000,V1,V0,PS,Metropolis_Hastings_AlwaysTrue,"[0.570609652572568, 0.7016469702584498]","[0.8231438207261383, 1.0]",30.58803129196167,"{'V4': 1.0, 'V5': 1.0, 'V6': 1.0, 'V7': 1.0}"
M4_PS_V2_V0,4,3,2,10,2,9000,V2,V0,PS,Metropolis_Hastings_AlwaysTrue,"[0.4271849593434551, 0.5994854882196506]","[0.8003441960547797, 0.922867829156808]",30.58803129196167,"{'V4': 1.0, 'V5': 1.0, 'V6': 1.0, 'V7': 1.0}"
M4_PS_V3_V0,4,3,2,10,2,9000,V3,V0,PS,Metropolis_Hastings_AlwaysTrue,"[0.5333655295976643, 0.6983710778943552]","[0.8560611450255664, 0.99306486129617]",30.58803129196167,"{'V4': 1.0, 'V5': 1.0, 'V6': 1.0, 'V7': 1.0}"
M4_PN_V1_V0,4,3,2,10,2,9000,V1,V0,PN,Metropolis_Hastings_AlwaysTrue,"[0.39507436092387566, 0.5307424935799998]","[0.15942052327727, 0.1936727449847546]",30.58803129196167,"{'V4': 1.0, 'V5': 1.0, 'V6': 1.0, 'V7': 1.0}"
M4_PN_V2_V0,4,3,2,10,2,9000,V2,V0,PN,Metropolis_Hastings_AlwaysTrue,"[0.373659918122908, 0.5152545202544374]","[0.2058071269512549, 0.2373138674719699]",30.58803129196167,"{'V4': 1.0, 'V5': 1.0, 'V6': 1.0, 'V7': 1.0}"
M4_PN_V3_V0,4,3,2,10,2,9000,V3,V0,PN,Metropolis_Hastings_AlwaysTrue,"[0.3734792173665922, 0.5395655438335688]","[0.1942004556107363, 0.2252802263429084]",30.58803129196167,"{'V4': 1.0, 'V5': 1.0, 'V6': 1.0, 'V7': 1.0}"
M4_PS_V1_V0,4,3,2,10,2,10000,V1,V0,PS,Metropolis_Hastings_AlwaysTrue,"[0.5656849771791844, 0.7016469702584498]","[0.8231438207261383, 1.0]",33.94951605796814,"{'V4': 1.0, 'V5': 1.0, 'V6': 1.0, 'V7': 1.0}"
M4_PS_V2_V0,4,3,2,10,2,10000,V2,V0,PS,Metropolis_Hastings_AlwaysTrue,"[0.4271849593434551, 0.5994854882196506]","[0.8003441960547797, 0.922867829156808]",33.94951605796814,"{'V4': 1.0, 'V5': 1.0, 'V6': 1.0, 'V7': 1.0}"
M4_PS_V3_V0,4,3,2,10,2,10000,V3,V0,PS,Metropolis_Hastings_AlwaysTrue,"[0.5333655295976643, 0.6983710778943552]","[0.8560611450255664, 0.99306486129617]",33.94951605796814,"{'V4': 1.0, 'V5': 1.0, 'V6': 1.0, 'V7': 1.0}"
M4_PN_V1_V0,4,3,2,10,2,10000,V1,V0,PN,Metropolis_Hastings_AlwaysTrue,"[0.39507436092387566, 0.5307424935799998]","[0.15942052327727, 0.1936727449847546]",33.94951605796814,"{'V4': 1.0, 'V5': 1.0, 'V6': 1.0, 'V7': 1.0}"
M4_PN_V2_V0,4,3,2,10,2,10000,V2,V0,PN,Metropolis_Hastings_AlwaysTrue,"[0.373659918122908, 0.5152545202544374]","[0.2058071269512549, 0.2373138674719699]",33.94951605796814,"{'V4': 1.0, 'V5': 1.0, 'V6': 1.0, 'V7': 1.0}"
M4_PN_V3_V0,4,3,2,10,2,10000,V3,V0,PN,Metropolis_Hastings_AlwaysTrue,"[0.3734792173665922, 0.5395655438335688]","[0.1942004556107363, 0.2252802263429084]",33.94951605796814,"{'V4': 1.0, 'V5': 1.0, 'V6': 1.0, 'V7': 1.0}"
M3_PS_V1_V0,3,3,4,10,2,1000,V1,V0,PS,Metropolis_Hastings_AlwaysTrue,"[0.5082573952446382, 0.676995915019625]","[0.2106572531003789, 1.0]",5.421465158462524,"{'V4': 1.0, 'V5': 1.0, 'V6': 1.0, 'V7': 1.0}"
M3_PS_V2_V0,3,3,4,10,2,1000,V2,V0,PS,Metropolis_Hastings_AlwaysTrue,"[0.6288037238485888, 0.7490090162986015]","[0.4132034740269482, 1.0]",5.421465158462524,"{'V4': 1.0, 'V5': 1.0, 'V6': 1.0, 'V7': 1.0}"
M3_PS_V3_V0,3,3,4,10,2,1000,V3,V0,PS,Metropolis_Hastings_AlwaysTrue,"[0.6367103966824125, 0.7224676690918992]","[0.9303403482982584, 1.0]",5.421465158462524,"{'V4': 1.0, 'V5': 1.0, 'V6': 1.0, 'V7': 1.0}"
M3_PN_V1_V0,3,3,4,10,2,1000,V1,V0,PN,Metropolis_Hastings_AlwaysTrue,"[0.3072351078515574, 0.42071136492870886]","[0.0115850693359833, 0.054994875160852]",5.421465158462524,"{'V4': 1.0, 'V5': 1.0, 'V6': 1.0, 'V7': 1.0}"
M3_PN_V2_V0,3,3,4,10,2,1000,V2,V0,PN,Metropolis_Hastings_AlwaysTrue,"[0.3834789688351925, 0.5151356135034182]","[0.0299546630704149, 0.0724937348141981]",5.421465158462524,"{'V4': 1.0, 'V5': 1.0, 'V6': 1.0, 'V7': 1.0}"
M3_PN_V3_V0,3,3,4,10,2,1000,V3,V0,PN,Metropolis_Hastings_AlwaysTrue,"[0.5063431244426319, 0.5911472596370033]","[0.2100800639858123, 0.2258099031930437]",5.421465158462524,"{'V4': 1.0, 'V5': 1.0, 'V6': 1.0, 'V7': 1.0}"
M3_PS_V1_V0,3,3,4,10,2,2000,V1,V0,PS,Metropolis_Hastings_AlwaysTrue,"[0.5082573952446382, 0.68580223280211]","[0.2106572531003789, 1.0]",10.713216304779053,"{'V4': 1.0, 'V5': 1.0, 'V6': 1.0, 'V7': 1.0}"
M3_PS_V2_V0,3,3,4,10,2,2000,V2,V0,PS,Metropolis_Hastings_AlwaysTrue,"[0.6186745456394472, 0.7550408620624548]","[0.4132034740269482, 1.0]",10.713216304779053,"{'V4': 1.0, 'V5': 1.0, 'V6': 1.0, 'V7': 1.0}"
M3_PS_V3_V0,3,3,4,10,2,2000,V3,V0,PS,Metropolis_Hastings_AlwaysTrue,"[0.6298666589610268, 0.7228021654400995]","[0.9303403482982584, 1.0]",10.713216304779053,"{'V4': 1.0, 'V5': 1.0, 'V6': 1.0, 'V7': 1.0}"
M3_PN_V1_V0,3,3,4,10,2,2000,V1,V0,PN,Metropolis_Hastings_AlwaysTrue,"[0.28441881035539673, 0.42071136492870886]","[0.0115850693359833, 0.054994875160852]",10.713216304779053,"{'V4': 1.0, 'V5': 1.0, 'V6': 1.0, 'V7': 1.0}"
M3_PN_V2_V0,3,3,4,10,2,2000,V2,V0,PN,Metropolis_Hastings_AlwaysTrue,"[0.38039092025195764, 0.5151356135034182]","[0.0299546630704149, 0.0724937348141981]",10.713216304779053,"{'V4': 1.0, 'V5': 1.0, 'V6': 1.0, 'V7': 1.0}"
M3_PN_V3_V0,3,3,4,10,2,2000,V3,V0,PN,Metropolis_Hastings_AlwaysTrue,"[0.5011705314571563, 0.5911472596370033]","[0.2100800639858123, 0.2258099031930437]",10.713216304779053,"{'V4': 1.0, 'V5': 1.0, 'V6': 1.0, 'V7': 1.0}"
M3_PS_V1_V0,3,3,4,10,2,3000,V1,V0,PS,Metropolis_Hastings_AlwaysTrue,"[0.5082573952446382, 0.68580223280211]","[0.2106572531003789, 1.0]",16.19646716117859,"{'V4': 1.0, 'V5': 1.0, 'V6': 1.0, 'V7': 1.0}"
M3_PS_V2_V0,3,3,4,10,2,3000,V2,V0,PS,Metropolis_Hastings_AlwaysTrue,"[0.6186745456394472, 0.7550408620624548]","[0.4132034740269482, 1.0]",16.19646716117859,"{'V4': 1.0, 'V5': 1.0, 'V6': 1.0, 'V7': 1.0}"
M3_PS_V3_V0,3,3,4,10,2,3000,V3,V0,PS,Metropolis_Hastings_AlwaysTrue,"[0.6298666589610268, 0.7228021654400995]","[0.9303403482982584, 1.0]",16.19646716117859,"{'V4': 1.0, 'V5': 1.0, 'V6': 1.0, 'V7': 1.0}"
M3_PN_V1_V0,3,3,4,10,2,3000,V1,V0,PN,Metropolis_Hastings_AlwaysTrue,"[0.28441881035539673, 0.43448470122086064]","[0.0115850693359833, 0.054994875160852]",16.19646716117859,"{'V4': 1.0, 'V5': 1.0, 'V6': 1.0, 'V7': 1.0}"
M3_PN_V2_V0,3,3,4,10,2,3000,V2,V0,PN,Metropolis_Hastings_AlwaysTrue,"[0.38039092025195764, 0.5151356135034182]","[0.0299546630704149, 0.0724937348141981]",16.19646716117859,"{'V4': 1.0, 'V5': 1.0, 'V6': 1.0, 'V7': 1.0}"
M3_PN_V3_V0,3,3,4,10,2,3000,V3,V0,PN,Metropolis_Hastings_AlwaysTrue,"[0.4995851468196503, 0.5911472596370033]","[0.2100800639858123, 0.2258099031930437]",16.19646716117859,"{'V4': 1.0, 'V5': 1.0, 'V6': 1.0, 'V7': 1.0}"
M3_PS_V1_V0,3,3,4,10,2,4000,V1,V0,PS,Metropolis_Hastings_AlwaysTrue,"[0.5082573952446382, 0.6876572081897219]","[0.2106572531003789, 1.0]",21.696674823760983,"{'V4': 1.0, 'V5': 1.0, 'V6': 1.0, 'V7': 1.0}"
M3_PS_V2_V0,3,3,4,10,2,4000,V2,V0,PS,Metropolis_Hastings_AlwaysTrue,"[0.6186745456394472, 0.7550408620624548]","[0.4132034740269482, 1.0]",21.696674823760983,"{'V4': 1.0, 'V5': 1.0, 'V6': 1.0, 'V7': 1.0}"
M3_PS_V3_V0,3,3,4,10,2,4000,V3,V0,PS,Metropolis_Hastings_AlwaysTrue,"[0.629762671620216, 0.7228021654400995]","[0.9303403482982584, 1.0]",21.696674823760983,"{'V4': 1.0, 'V5': 1.0, 'V6': 1.0, 'V7': 1.0}"
M3_PN_V1_V0,3,3,4,10,2,4000,V1,V0,PN,Metropolis_Hastings_AlwaysTrue,"[0.28441881035539673, 0.43448470122086064]","[0.0115850693359833, 0.054994875160852]",21.696674823760983,"{'V4': 1.0, 'V5': 1.0, 'V6': 1.0, 'V7': 1.0}"
M3_PN_V2_V0,3,3,4,10,2,4000,V2,V0,PN,Metropolis_Hastings_AlwaysTrue,"[0.38039092025195764, 0.5151356135034182]","[0.0299546630704149, 0.0724937348141981]",21.696674823760983,"{'V4': 1.0, 'V5': 1.0, 'V6': 1.0, 'V7': 1.0}"
M3_PN_V3_V0,3,3,4,10,2,4000,V3,V0,PN,Metropolis_Hastings_AlwaysTrue,"[0.4949659708089941, 0.5976027958933813]","[0.2100800639858123, 0.2258099031930437]",21.696674823760983,"{'V4': 1.0, 'V5': 1.0, 'V6': 1.0, 'V7': 1.0}"
M3_PS_V1_V0,3,3,4,10,2,5000,V1,V0,PS,Metropolis_Hastings_AlwaysTrue,"[0.5082573952446382, 0.6876572081897219]","[0.2106572531003789, 1.0]",27.16998267173767,"{'V4': 1.0, 'V5': 1.0, 'V6': 1.0, 'V7': 1.0}"
M3_PS_V2_V0,3,3,4,10,2,5000,V2,V0,PS,Metropolis_Hastings_AlwaysTrue,"[0.6186745456394472, 0.7550408620624548]","[0.4132034740269482, 1.0]",27.16998267173767,"{'V4': 1.0, 'V5': 1.0, 'V6': 1.0, 'V7': 1.0}"
M3_PS_V3_V0,3,3,4,10,2,5000,V3,V0,PS,Metropolis_Hastings_AlwaysTrue,"[0.627495070403076, 0.7228021654400995]","[0.9303403482982584, 1.0]",27.16998267173767,"{'V4': 1.0, 'V5': 1.0, 'V6': 1.0, 'V7': 1.0}"
M3_PN_V1_V0,3,3,4,10,2,5000,V1,V0,PN,Metropolis_Hastings_AlwaysTrue,"[0.28441881035539673, 0.43448470122086064]","[0.0115850693359833, 0.054994875160852]",27.16998267173767,"{'V4': 1.0, 'V5': 1.0, 'V6': 1.0, 'V7': 1.0}"
M3_PN_V2_V0,3,3,4,10,2,5000,V2,V0,PN,Metropolis_Hastings_AlwaysTrue,"[0.38039092025195764, 0.5151356135034182]","[0.0299546630704149, 0.0724937348141981]",27.16998267173767,"{'V4': 1.0, 'V5': 1.0, 'V6': 1.0, 'V7': 1.0}"
M3_PN_V3_V0,3,3,4,10,2,5000,V3,V0,PN,Metropolis_Hastings_AlwaysTrue,"[0.4872510793004393, 0.5976027958933813]","[0.2100800639858123, 0.2258099031930437]",27.16998267173767,"{'V4': 1.0, 'V5': 1.0, 'V6': 1.0, 'V7': 1.0}"
M3_PS_V1_V0,3,3,4,10,2,6000,V1,V0,PS,Metropolis_Hastings_AlwaysTrue,"[0.5082573952446382, 0.6876572081897219]","[0.2106572531003789, 1.0]",32.47949028015137,"{'V4': 1.0, 'V5': 1.0, 'V6': 1.0, 'V7': 1.0}"
M3_PS_V2_V0,3,3,4,10,2,6000,V2,V0,PS,Metropolis_Hastings_AlwaysTrue,"[0.6186745456394472, 0.7550408620624548]","[0.4132034740269482, 1.0]",32.47949028015137,"{'V4': 1.0, 'V5': 1.0, 'V6': 1.0, 'V7': 1.0}"
M3_PS_V3_V0,3,3,4,10,2,6000,V3,V0,PS,Metropolis_Hastings_AlwaysTrue,"[0.627495070403076, 0.7228021654400995]","[0.9303403482982584, 1.0]",32.47949028015137,"{'V4': 1.0, 'V5': 1.0, 'V6': 1.0, 'V7': 1.0}"
M3_PN_V1_V0,3,3,4,10,2,6000,V1,V0,PN,Metropolis_Hastings_AlwaysTrue,"[0.28441881035539673, 0.43448470122086064]","[0.0115850693359833, 0.054994875160852]",32.47949028015137,"{'V4': 1.0, 'V5': 1.0, 'V6': 1.0, 'V7': 1.0}"
M3_PN_V2_V0,3,3,4,10,2,6000,V2,V0,PN,Metropolis_Hastings_AlwaysTrue,"[0.38039092025195764, 0.5151356135034182]","[0.0299546630704149, 0.0724937348141981]",32.47949028015137,"{'V4': 1.0, 'V5': 1.0, 'V6': 1.0, 'V7': 1.0}"
M3_PN_V3_V0,3,3,4,10,2,6000,V3,V0,PN,Metropolis_Hastings_AlwaysTrue,"[0.4872510793004393, 0.5976027958933813]","[0.2100800639858123, 0.2258099031930437]",32.47949028015137,"{'V4': 1.0, 'V5': 1.0, 'V6': 1.0, 'V7': 1.0}"
M3_PS_V1_V0,3,3,4,10,2,7000,V1,V0,PS,Metropolis_Hastings_AlwaysTrue,"[0.5082573952446382, 0.6890652672523473]","[0.2106572531003789, 1.0]",38.06866908073425,"{'V4': 1.0, 'V5': 1.0, 'V6': 1.0, 'V7': 1.0}"
M3_PS_V2_V0,3,3,4,10,2,7000,V2,V0,PS,Metropolis_Hastings_AlwaysTrue,"[0.6186745456394472, 0.7550408620624548]","[0.4132034740269482, 1.0]",38.06866908073425,"{'V4': 1.0, 'V5': 1.0, 'V6': 1.0, 'V7': 1.0}"
M3_PS_V3_V0,3,3,4,10,2,7000,V3,V0,PS,Metropolis_Hastings_AlwaysTrue,"[0.627495070403076, 0.7228021654400995]","[0.9303403482982584, 1.0]",38.06866908073425,"{'V4': 1.0, 'V5': 1.0, 'V6': 1.0, 'V7': 1.0}"
M3_PN_V1_V0,3,3,4,10,2,7000,V1,V0,PN,Metropolis_Hastings_AlwaysTrue,"[0.28441881035539673, 0.43448470122086064]","[0.0115850693359833, 0.054994875160852]",38.06866908073425,"{'V4': 1.0, 'V5': 1.0, 'V6': 1.0, 'V7': 1.0}"
M3_PN_V2_V0,3,3,4,10,2,7000,V2,V0,PN,Metropolis_Hastings_AlwaysTrue,"[0.38039092025195764, 0.5151356135034182]","[0.0299546630704149, 0.0724937348141981]",38.06866908073425,"{'V4': 1.0, 'V5': 1.0, 'V6': 1.0, 'V7': 1.0}"
M3_PN_V3_V0,3,3,4,10,2,7000,V3,V0,PN,Metropolis_Hastings_AlwaysTrue,"[0.48478856822114, 0.5976027958933813]","[0.2100800639858123, 0.2258099031930437]",38.06866908073425,"{'V4': 1.0, 'V5': 1.0, 'V6': 1.0, 'V7': 1.0}"
M3_PS_V1_V0,3,3,4,10,2,8000,V1,V0,PS,Metropolis_Hastings_AlwaysTrue,"[0.5082573952446382, 0.6890652672523473]","[0.2106572531003789, 1.0]",43.69126915931702,"{'V4': 1.0, 'V5': 1.0, 'V6': 1.0, 'V7': 1.0}"
M3_PS_V2_V0,3,3,4,10,2,8000,V2,V0,PS,Metropolis_Hastings_AlwaysTrue,"[0.6129979450779066, 0.7550408620624548]","[0.4132034740269482, 1.0]",43.69126915931702,"{'V4': 1.0, 'V5': 1.0, 'V6': 1.0, 'V7': 1.0}"
M3_PS_V3_V0,3,3,4,10,2,8000,V3,V0,PS,Metropolis_Hastings_AlwaysTrue,"[0.627495070403076, 0.7228021654400995]","[0.9303403482982584, 1.0]",43.69126915931702,"{'V4': 1.0, 'V5': 1.0, 'V6': 1.0, 'V7': 1.0}"
M3_PN_V1_V0,3,3,4,10,2,8000,V1,V0,PN,Metropolis_Hastings_AlwaysTrue,"[0.28441881035539673, 0.43448470122086064]","[0.0115850693359833, 0.054994875160852]",43.69126915931702,"{'V4': 1.0, 'V5': 1.0, 'V6': 1.0, 'V7': 1.0}"
M3_PN_V2_V0,3,3,4,10,2,8000,V2,V0,PN,Metropolis_Hastings_AlwaysTrue,"[0.38039092025195764, 0.5151356135034182]","[0.0299546630704149, 0.0724937348141981]",43.69126915931702,"{'V4': 1.0, 'V5': 1.0, 'V6': 1.0, 'V7': 1.0}"
M3_PN_V3_V0,3,3,4,10,2,8000,V3,V0,PN,Metropolis_Hastings_AlwaysTrue,"[0.48478856822114, 0.5976027958933813]","[0.2100800639858123, 0.2258099031930437]",43.69126915931702,"{'V4': 1.0, 'V5': 1.0, 'V6': 1.0, 'V7': 1.0}"
M3_PS_V1_V0,3,3,4,10,2,9000,V1,V0,PS,Metropolis_Hastings_AlwaysTrue,"[0.5082573952446382, 0.6890652672523473]","[0.2106572531003789, 1.0]",49.1438615322113,"{'V4': 1.0, 'V5': 1.0, 'V6': 1.0, 'V7': 1.0}"
M3_PS_V2_V0,3,3,4,10,2,9000,V2,V0,PS,Metropolis_Hastings_AlwaysTrue,"[0.6129979450779066, 0.7550408620624548]","[0.4132034740269482, 1.0]",49.1438615322113,"{'V4': 1.0, 'V5': 1.0, 'V6': 1.0, 'V7': 1.0}"
M3_PS_V3_V0,3,3,4,10,2,9000,V3,V0,PS,Metropolis_Hastings_AlwaysTrue,"[0.627495070403076, 0.7228021654400995]","[0.9303403482982584, 1.0]",49.1438615322113,"{'V4': 1.0, 'V5': 1.0, 'V6': 1.0, 'V7': 1.0}"
M3_PN_V1_V0,3,3,4,10,2,9000,V1,V0,PN,Metropolis_Hastings_AlwaysTrue,"[0.28441881035539673, 0.43448470122086064]","[0.0115850693359833, 0.054994875160852]",49.1438615322113,"{'V4': 1.0, 'V5': 1.0, 'V6': 1.0, 'V7': 1.0}"
M3_PN_V2_V0,3,3,4,10,2,9000,V2,V0,PN,Metropolis_Hastings_AlwaysTrue,"[0.38039092025195764, 0.5151356135034182]","[0.0299546630704149, 0.0724937348141981]",49.1438615322113,"{'V4': 1.0, 'V5': 1.0, 'V6': 1.0, 'V7': 1.0}"
M3_PN_V3_V0,3,3,4,10,2,9000,V3,V0,PN,Metropolis_Hastings_AlwaysTrue,"[0.48478856822114, 0.5976027958933813]","[0.2100800639858123, 0.2258099031930437]",49.1438615322113,"{'V4': 1.0, 'V5': 1.0, 'V6': 1.0, 'V7': 1.0}"
M3_PS_V1_V0,3,3,4,10,2,10000,V1,V0,PS,Metropolis_Hastings_AlwaysTrue,"[0.5082573952446382, 0.6890652672523473]","[0.2106572531003789, 1.0]",54.5420310497284,"{'V4': 1.0, 'V5': 1.0, 'V6': 1.0, 'V7': 1.0}"
M3_PS_V2_V0,3,3,4,10,2,10000,V2,V0,PS,Metropolis_Hastings_AlwaysTrue,"[0.6129979450779066, 0.7550408620624548]","[0.4132034740269482, 1.0]",54.5420310497284,"{'V4': 1.0, 'V5': 1.0, 'V6': 1.0, 'V7': 1.0}"
M3_PS_V3_V0,3,3,4,10,2,10000,V3,V0,PS,Metropolis_Hastings_AlwaysTrue,"[0.627495070403076, 0.7228021654400995]","[0.9303403482982584, 1.0]",54.5420310497284,"{'V4': 1.0, 'V5': 1.0, 'V6': 1.0, 'V7': 1.0}"
M3_PN_V1_V0,3,3,4,10,2,10000,V1,V0,PN,Metropolis_Hastings_AlwaysTrue,"[0.28441881035539673, 0.43448470122086064]","[0.0115850693359833, 0.054994875160852]",54.5420310497284,"{'V4': 1.0, 'V5': 1.0, 'V6': 1.0, 'V7': 1.0}"
M3_PN_V2_V0,3,3,4,10,2,10000,V2,V0,PN,Metropolis_Hastings_AlwaysTrue,"[0.38039092025195764, 0.5151356135034182]","[0.0299546630704149, 0.0724937348141981]",54.5420310497284,"{'V4': 1.0, 'V5': 1.0, 'V6': 1.0, 'V7': 1.0}"
M3_PN_V3_V0,3,3,4,10,2,10000,V3,V0,PN,Metropolis_Hastings_AlwaysTrue,"[0.48478856822114, 0.5976027958933813]","[0.2100800639858123, 0.2258099031930437]",54.5420310497284,"{'V4': 1.0, 'V5': 1.0, 'V6': 1.0, 'V7': 1.0}"
