model_path,data_path,iterations,method,time,results,exact
simple_nparents3_nzr02_zdr10_50.uai,simple_nparents3_nzr02_zdr10_50.csv,10,Gibbs,1.3630530834197998,[0.7194436940301606, 0.9035569622509169],[0.9676379312719648, 0.9712649887714316]
simple_nparents3_nzr02_zdr10_50.uai,simple_nparents3_nzr02_zdr10_50.csv,10,EMCC,37.32147288322449,[0.9708930388254617, 0.9733813816784384],[0.9676379312719648, 0.9712649887714316]
simple_nparents3_nzr02_zdr10_50.uai,simple_nparents3_nzr02_zdr10_50.csv,10,Metropolis Hastings,2.2218873500823975,[0.3590341386616163, 0.7198519159914689],[0.9676379312719648, 0.9712649887714316]
simple_nparents3_nzr02_zdr10_50.uai,simple_nparents3_nzr02_zdr10_50.csv,20,Gibbs,2.535303831100464,[0.8545583051237073, 0.9437204885289764],[0.9676379312719648, 0.9712649887714316]
simple_nparents3_nzr02_zdr10_50.uai,simple_nparents3_nzr02_zdr10_50.csv,20,EMCC,74.82186102867126,[0.9704994462896823, 0.9742690428720678],[0.9676379312719648, 0.9712649887714316]
simple_nparents3_nzr02_zdr10_50.uai,simple_nparents3_nzr02_zdr10_50.csv,20,Metropolis Hastings,3.680103063583374,[0.3590341386616163, 0.7175499433331445],[0.9676379312719648, 0.9712649887714316]
simple_nparents3_nzr02_zdr10_50.uai,simple_nparents3_nzr02_zdr10_50.csv,30,Gibbs,3.7403101921081543,[0.875629173181437, 0.9232742336185886],[0.9676379312719648, 0.9712649887714316]
simple_nparents3_nzr02_zdr10_50.uai,simple_nparents3_nzr02_zdr10_50.csv,30,EMCC,112.58711004257202,[0.9707477919387291, 0.973876684688678],[0.9676379312719648, 0.9712649887714316]
simple_nparents3_nzr02_zdr10_50.uai,simple_nparents3_nzr02_zdr10_50.csv,30,Metropolis Hastings,5.07163405418396,[0.3590341386616163, 0.761177991580241],[0.9676379312719648, 0.9712649887714316]
simple_nparents3_nzr02_zdr10_50.uai,simple_nparents3_nzr02_zdr10_50.csv,40,Gibbs,5.05980920791626,[0.8966940339907048, 0.9457556921963158],[0.9676379312719648, 0.9712649887714316]
simple_nparents3_nzr02_zdr10_50.uai,simple_nparents3_nzr02_zdr10_50.csv,40,EMCC,150.58505535125732,[0.970634048756754, 0.9739507700319348],[0.9676379312719648, 0.9712649887714316]
simple_nparents3_nzr02_zdr10_50.uai,simple_nparents3_nzr02_zdr10_50.csv,40,Metropolis Hastings,6.529055118560791,[0.3590341386616163, 0.765706906846247],[0.9676379312719648, 0.9712649887714316]
simple_nparents3_nzr02_zdr10_50.uai,simple_nparents3_nzr02_zdr10_50.csv,50,Gibbs,6.169758081436157,[0.8770015342341342, 0.9394585778804431],[0.9676379312719648, 0.9712649887714316]
simple_nparents3_nzr02_zdr10_50.uai,simple_nparents3_nzr02_zdr10_50.csv,50,EMCC,188.13315606117249,[0.969367685862725, 0.9744251662474711],[0.9676379312719648, 0.9712649887714316]
simple_nparents3_nzr02_zdr10_50.uai,simple_nparents3_nzr02_zdr10_50.csv,50,Metropolis Hastings,7.984342813491821,[0.3590341386616163, 0.7437959867578148],[0.9676379312719648, 0.9712649887714316]
simple_nparents3_nzr02_zdr10_50.uai,simple_nparents3_nzr02_zdr10_50.csv,60,Gibbs,7.4954612255096436,[0.8783610596081572, 0.9412680899349375],[0.9676379312719648, 0.9712649887714316]
simple_nparents3_nzr02_zdr10_50.uai,simple_nparents3_nzr02_zdr10_50.csv,60,EMCC,225.33673286437988,[0.9695289471263392, 0.9743931067039341],[0.9676379312719648, 0.9712649887714316]
simple_nparents3_nzr02_zdr10_50.uai,simple_nparents3_nzr02_zdr10_50.csv,60,Metropolis Hastings,9.444499015808105,[0.3590341386616163, 0.8168997610016836],[0.9676379312719648, 0.9712649887714316]
simple_nparents3_nzr02_zdr10_50.uai,simple_nparents3_nzr02_zdr10_50.csv,70,Gibbs,8.61835527420044,[0.8851363092326135, 0.9339284048618968],[0.9676379312719648, 0.9712649887714316]
simple_nparents3_nzr02_zdr10_50.uai,simple_nparents3_nzr02_zdr10_50.csv,70,EMCC,264.00105476379395,[0.9703173138311902, 0.9744561301502301],[0.9676379312719648, 0.9712649887714316]
simple_nparents3_nzr02_zdr10_50.uai,simple_nparents3_nzr02_zdr10_50.csv,70,Metropolis Hastings,10.975031852722168,[0.3590341386616163, 0.8514196442942088],[0.9676379312719648, 0.9712649887714316]
simple_nparents3_nzr02_zdr10_50.uai,simple_nparents3_nzr02_zdr10_50.csv,80,Gibbs,9.837885856628418,[0.8923927256998639, 0.9435261511793926],[0.9676379312719648, 0.9712649887714316]
simple_nparents3_nzr02_zdr10_50.uai,simple_nparents3_nzr02_zdr10_50.csv,80,EMCC,301.2494099140167,[0.9692257663296724, 0.9740908249594911],[0.9676379312719648, 0.9712649887714316]
simple_nparents3_nzr02_zdr10_50.uai,simple_nparents3_nzr02_zdr10_50.csv,80,Metropolis Hastings,12.342265129089355,[0.3590341386616163, 0.8584078342157909],[0.9676379312719648, 0.9712649887714316]
simple_nparents3_nzr02_zdr10_50.uai,simple_nparents3_nzr02_zdr10_50.csv,90,Gibbs,11.058266878128052,[0.8765427102046323, 0.9500167658924817],[0.9676379312719648, 0.9712649887714316]
simple_nparents3_nzr02_zdr10_50.uai,simple_nparents3_nzr02_zdr10_50.csv,90,EMCC,339.09125208854675,[0.9691681769159113, 0.9740378091270735],[0.9676379312719648, 0.9712649887714316]
simple_nparents3_nzr02_zdr10_50.uai,simple_nparents3_nzr02_zdr10_50.csv,90,Metropolis Hastings,13.884100914001465,[0.3590341386616163, 0.8791013789320995],[0.9676379312719648, 0.9712649887714316]
simple_nparents3_nzr02_zdr10_50.uai,simple_nparents3_nzr02_zdr10_50.csv,100,Gibbs,12.278681993484497,[0.8735422376098645, 0.9431150958034948],[0.9676379312719648, 0.9712649887714316]
simple_nparents3_nzr02_zdr10_50.uai,simple_nparents3_nzr02_zdr10_50.csv,100,EMCC,376.742173910141,[0.9699321292237223, 0.9745066088486715],[0.9676379312719648, 0.9712649887714316]
simple_nparents3_nzr02_zdr10_50.uai,simple_nparents3_nzr02_zdr10_50.csv,100,Metropolis Hastings,15.352375984191895,[0.3590341386616163, 0.8669188624705438],[0.9676379312719648, 0.9712649887714316]
simple_nparents2_nzr08_zdr10_7.uai,simple_nparents2_nzr08_zdr10_7.csv,10,Gibbs,0.22959208488464355,[0.6630183796109347, 0.8486061082364141],[0.7245928467422975, 0.7576673729328037]
simple_nparents2_nzr08_zdr10_7.uai,simple_nparents2_nzr08_zdr10_7.csv,10,EMCC,11.151823043823242,[0.7238199656466979, 0.7315723628290045],[0.7245928467422975, 0.7576673729328037]
simple_nparents2_nzr08_zdr10_7.uai,simple_nparents2_nzr08_zdr10_7.csv,10,Metropolis Hastings,0.8559441566467285,[0.24906278050583452, 0.5881603193746535],[0.7245928467422975, 0.7576673729328037]
simple_nparents2_nzr08_zdr10_7.uai,simple_nparents2_nzr08_zdr10_7.csv,20,Gibbs,0.46782708168029785,[0.566699972087604, 0.6905794878218986],[0.7245928467422975, 0.7576673729328037]
simple_nparents2_nzr08_zdr10_7.uai,simple_nparents2_nzr08_zdr10_7.csv,20,EMCC,22.357437133789062,[0.7229954738442709, 0.7362461849035973],[0.7245928467422975, 0.7576673729328037]
simple_nparents2_nzr08_zdr10_7.uai,simple_nparents2_nzr08_zdr10_7.csv,20,Metropolis Hastings,1.50180983543396,[0.24906278050583452, 0.6135200441464075],[0.7245928467422975, 0.7576673729328037]
simple_nparents2_nzr08_zdr10_7.uai,simple_nparents2_nzr08_zdr10_7.csv,30,Gibbs,0.6869182586669922,[0.40161518280650244, 0.7278791662185767],[0.7245928467422975, 0.7576673729328037]
simple_nparents2_nzr08_zdr10_7.uai,simple_nparents2_nzr08_zdr10_7.csv,30,EMCC,33.608094930648804,[0.7214983448763225, 0.7427374155598333],[0.7245928467422975, 0.7576673729328037]
simple_nparents2_nzr08_zdr10_7.uai,simple_nparents2_nzr08_zdr10_7.csv,30,Metropolis Hastings,2.156054973602295,[0.24906278050583452, 0.6877143597426648],[0.7245928467422975, 0.7576673729328037]
simple_nparents2_nzr08_zdr10_7.uai,simple_nparents2_nzr08_zdr10_7.csv,40,Gibbs,0.9097096920013428,[0.5416817053206279, 0.7844397857345116],[0.7245928467422975, 0.7576673729328037]
simple_nparents2_nzr08_zdr10_7.uai,simple_nparents2_nzr08_zdr10_7.csv,40,EMCC,44.86070466041565,[0.7102295964537867, 0.7457719411847149],[0.7245928467422975, 0.7576673729328037]
simple_nparents2_nzr08_zdr10_7.uai,simple_nparents2_nzr08_zdr10_7.csv,40,Metropolis Hastings,2.805067777633667,[0.24906278050583452, 0.6235246317352869],[0.7245928467422975, 0.7576673729328037]
simple_nparents2_nzr08_zdr10_7.uai,simple_nparents2_nzr08_zdr10_7.csv,50,Gibbs,1.201899766921997,[0.2488618017232503, 0.6828655798194946],[0.7245928467422975, 0.7576673729328037]
simple_nparents2_nzr08_zdr10_7.uai,simple_nparents2_nzr08_zdr10_7.csv,50,EMCC,56.020545959472656,[0.7194427788483477, 0.7439562801444786],[0.7245928467422975, 0.7576673729328037]
simple_nparents2_nzr08_zdr10_7.uai,simple_nparents2_nzr08_zdr10_7.csv,50,Metropolis Hastings,3.450021982192993,[0.24906278050583452, 0.7338181408567659],[0.7245928467422975, 0.7576673729328037]
simple_nparents2_nzr08_zdr10_7.uai,simple_nparents2_nzr08_zdr10_7.csv,60,Gibbs,1.3591270446777344,[0.5244944262225377, 0.8259457160746331],[0.7245928467422975, 0.7576673729328037]
simple_nparents2_nzr08_zdr10_7.uai,simple_nparents2_nzr08_zdr10_7.csv,60,EMCC,67.31591773033142,[0.7233356147118267, 0.7447253349767388],[0.7245928467422975, 0.7576673729328037]
simple_nparents2_nzr08_zdr10_7.uai,simple_nparents2_nzr08_zdr10_7.csv,60,Metropolis Hastings,4.104022979736328,[0.24906278050583452, 0.6007404730921725],[0.7245928467422975, 0.7576673729328037]
simple_nparents2_nzr08_zdr10_7.uai,simple_nparents2_nzr08_zdr10_7.csv,70,Gibbs,1.5689258575439453,[0.4950677586105, 0.823166161262916],[0.7245928467422975, 0.7576673729328037]
simple_nparents2_nzr08_zdr10_7.uai,simple_nparents2_nzr08_zdr10_7.csv,70,EMCC,78.538893699646,[0.7217452231141076, 0.7421672223558418],[0.7245928467422975, 0.7576673729328037]
simple_nparents2_nzr08_zdr10_7.uai,simple_nparents2_nzr08_zdr10_7.csv,70,Metropolis Hastings,4.749241828918457,[0.24906278050583452, 0.7675898877069368],[0.7245928467422975, 0.7576673729328037]
simple_nparents2_nzr08_zdr10_7.uai,simple_nparents2_nzr08_zdr10_7.csv,80,Gibbs,1.8092470169067383,[0.47843235240526394, 0.7491946317608749],[0.7245928467422975, 0.7576673729328037]
simple_nparents2_nzr08_zdr10_7.uai,simple_nparents2_nzr08_zdr10_7.csv,80,EMCC,89.82677602767944,[0.7176748396520124, 0.7477314382204662],[0.7245928467422975, 0.7576673729328037]
simple_nparents2_nzr08_zdr10_7.uai,simple_nparents2_nzr08_zdr10_7.csv,80,Metropolis Hastings,5.404240131378174,[0.24906278050583452, 0.8900632360920401],[0.7245928467422975, 0.7576673729328037]
simple_nparents2_nzr08_zdr10_7.uai,simple_nparents2_nzr08_zdr10_7.csv,90,Gibbs,2.0205271244049072,[0.5092840902097671, 0.8409121871291303],[0.7245928467422975, 0.7576673729328037]
simple_nparents2_nzr08_zdr10_7.uai,simple_nparents2_nzr08_zdr10_7.csv,90,EMCC,100.95233702659607,[0.7179948816558008, 0.7419161365962076],[0.7245928467422975, 0.7576673729328037]
simple_nparents2_nzr08_zdr10_7.uai,simple_nparents2_nzr08_zdr10_7.csv,90,Metropolis Hastings,6.0486671924591064,[0.24906278050583452, 0.8423593454548214],[0.7245928467422975, 0.7576673729328037]
simple_nparents2_nzr08_zdr10_7.uai,simple_nparents2_nzr08_zdr10_7.csv,100,Gibbs,2.336210250854492,[0.6346281299839382, 0.8329069160854642],[0.7245928467422975, 0.7576673729328037]
simple_nparents2_nzr08_zdr10_7.uai,simple_nparents2_nzr08_zdr10_7.csv,100,EMCC,112.04628705978394,[0.7179510985466284, 0.7418983602667367],[0.7245928467422975, 0.7576673729328037]
simple_nparents2_nzr08_zdr10_7.uai,simple_nparents2_nzr08_zdr10_7.csv,100,Metropolis Hastings,6.69817590713501,[0.24906278050583452, 0.7949735803819906],[0.7245928467422975, 0.7576673729328037]
simple_nparents2_nzr08_zdr10_11.uai,simple_nparents2_nzr08_zdr10_11.csv,10,Gibbs,0.23809361457824707,[0.7586736994699264, 0.8374029158181328],[1.0, 1.0]
simple_nparents2_nzr08_zdr10_11.uai,simple_nparents2_nzr08_zdr10_11.csv,10,EMCC,9.935332298278809,[0.4516192071636001, 0.9233283722412291],[1.0, 1.0]
simple_nparents2_nzr08_zdr10_11.uai,simple_nparents2_nzr08_zdr10_11.csv,10,Metropolis Hastings,0.8567450046539307,[0.24246489923927905, 0.7287535358184909],[1.0, 1.0]
simple_nparents2_nzr08_zdr10_11.uai,simple_nparents2_nzr08_zdr10_11.csv,20,Gibbs,0.4732189178466797,[0.7685555716419472, 0.8992799600360434],[1.0, 1.0]
simple_nparents2_nzr08_zdr10_11.uai,simple_nparents2_nzr08_zdr10_11.csv,20,EMCC,19.769150018692017,[0.5969488977884864, 0.955817328855541],[1.0, 1.0]
simple_nparents2_nzr08_zdr10_11.uai,simple_nparents2_nzr08_zdr10_11.csv,20,Metropolis Hastings,1.5084278583526611,[0.3524643063453151, 0.8878894283026257],[1.0, 1.0]
simple_nparents2_nzr08_zdr10_11.uai,simple_nparents2_nzr08_zdr10_11.csv,30,Gibbs,0.6801049709320068,[0.3908288936930176, 0.8785852664578749],[1.0, 1.0]
simple_nparents2_nzr08_zdr10_11.uai,simple_nparents2_nzr08_zdr10_11.csv,30,EMCC,29.64316415786743,[0.6269694041927303, 0.9478719827618196],[1.0, 1.0]
simple_nparents2_nzr08_zdr10_11.uai,simple_nparents2_nzr08_zdr10_11.csv,30,Metropolis Hastings,2.1478567123413086,[0.2883863575580361, 0.7287535358184909],[1.0, 1.0]
simple_nparents2_nzr08_zdr10_11.uai,simple_nparents2_nzr08_zdr10_11.csv,40,Gibbs,0.9210209846496582,[0.527688594684087, 0.8320228182486313],[1.0, 1.0]
simple_nparents2_nzr08_zdr10_11.uai,simple_nparents2_nzr08_zdr10_11.csv,40,EMCC,39.52468395233154,[0.6059754703831844, 0.9604972749444353],[1.0, 1.0]
simple_nparents2_nzr08_zdr10_11.uai,simple_nparents2_nzr08_zdr10_11.csv,40,Metropolis Hastings,2.808399200439453,[0.14077530787089373, 0.765911183236574],[1.0, 1.0]
simple_nparents2_nzr08_zdr10_11.uai,simple_nparents2_nzr08_zdr10_11.csv,50,Gibbs,1.215061902999878,[0.39199310774080875, 0.9707101782579044],[1.0, 1.0]
simple_nparents2_nzr08_zdr10_11.uai,simple_nparents2_nzr08_zdr10_11.csv,50,EMCC,49.51631307601929,[0.5596686025797593, 0.9775541837056199],[1.0, 1.0]
simple_nparents2_nzr08_zdr10_11.uai,simple_nparents2_nzr08_zdr10_11.csv,50,Metropolis Hastings,3.4637200832366943,[0.27067796846130626, 0.7287535358184909],[1.0, 1.0]
simple_nparents2_nzr08_zdr10_11.uai,simple_nparents2_nzr08_zdr10_11.csv,60,Gibbs,1.3619959354400635,[0.5674133879120908, 0.9055508982985149],[1.0, 1.0]
simple_nparents2_nzr08_zdr10_11.uai,simple_nparents2_nzr08_zdr10_11.csv,60,EMCC,59.45692801475525,[0.47636021167475184, 0.9788313496434042],[1.0, 1.0]
simple_nparents2_nzr08_zdr10_11.uai,simple_nparents2_nzr08_zdr10_11.csv,60,Metropolis Hastings,4.125878095626831,[0.22341488645521823, 0.7287535358184909],[1.0, 1.0]
simple_nparents2_nzr08_zdr10_11.uai,simple_nparents2_nzr08_zdr10_11.csv,70,Gibbs,1.5803630352020264,[0.39863508126294817, 0.6970889896084972],[1.0, 1.0]
simple_nparents2_nzr08_zdr10_11.uai,simple_nparents2_nzr08_zdr10_11.csv,70,EMCC,69.38024997711182,[0.50730142578513, 0.9420797556738714],[1.0, 1.0]
simple_nparents2_nzr08_zdr10_11.uai,simple_nparents2_nzr08_zdr10_11.csv,70,Metropolis Hastings,4.772196054458618,[0.2103506827900668, 0.7287535358184909],[1.0, 1.0]
simple_nparents2_nzr08_zdr10_11.uai,simple_nparents2_nzr08_zdr10_11.csv,80,Gibbs,1.8085072040557861,[0.527175720018725, 0.8631954135555205],[1.0, 1.0]
simple_nparents2_nzr08_zdr10_11.uai,simple_nparents2_nzr08_zdr10_11.csv,80,EMCC,79.39316511154175,[0.5383583753175084, 0.976314800705509],[1.0, 1.0]
simple_nparents2_nzr08_zdr10_11.uai,simple_nparents2_nzr08_zdr10_11.csv,80,Metropolis Hastings,5.418355226516724,[0.3614107432003186, 0.8224147012263047],[1.0, 1.0]
simple_nparents2_nzr08_zdr10_11.uai,simple_nparents2_nzr08_zdr10_11.csv,90,Gibbs,2.0246660709381104,[0.4541353402195432, 0.8071887205865077],[1.0, 1.0]
simple_nparents2_nzr08_zdr10_11.uai,simple_nparents2_nzr08_zdr10_11.csv,90,EMCC,89.22571921348572,[0.6828382466782026, 0.9789278132533947],[1.0, 1.0]
simple_nparents2_nzr08_zdr10_11.uai,simple_nparents2_nzr08_zdr10_11.csv,90,Metropolis Hastings,6.083011865615845,[0.2668544757160814, 0.7287535358184909],[1.0, 1.0]
simple_nparents2_nzr08_zdr10_11.uai,simple_nparents2_nzr08_zdr10_11.csv,100,Gibbs,2.261345148086548,[0.6379203993227599, 0.9474584624482913],[1.0, 1.0]
simple_nparents2_nzr08_zdr10_11.uai,simple_nparents2_nzr08_zdr10_11.csv,100,EMCC,99.11434483528137,[0.6756627883935479, 0.96345703356554],[1.0, 1.0]
simple_nparents2_nzr08_zdr10_11.uai,simple_nparents2_nzr08_zdr10_11.csv,100,Metropolis Hastings,6.741192102432251,[0.29010013052783534, 0.7973969591904198],[1.0, 1.0]
simple_nparents2_nzr08_zdr10_39.uai,simple_nparents2_nzr08_zdr10_39.csv,10,Gibbs,0.23391389846801758,[0.35770710135202777, 0.4102523212952275],[0.3178549643819303, 0.926543631227716]
simple_nparents2_nzr08_zdr10_39.uai,simple_nparents2_nzr08_zdr10_39.csv,10,EMCC,9.945320844650269,[0.38435051389664154, 0.5811611083395772],[0.3178549643819303, 0.926543631227716]
simple_nparents2_nzr08_zdr10_39.uai,simple_nparents2_nzr08_zdr10_39.csv,10,Metropolis Hastings,0.8554439544677734,[0.31826292972513165, 0.9361662978583292],[0.3178549643819303, 0.926543631227716]
simple_nparents2_nzr08_zdr10_39.uai,simple_nparents2_nzr08_zdr10_39.csv,20,Gibbs,0.4721860885620117,[0.32496289012169394, 0.4000402454779918],[0.3178549643819303, 0.926543631227716]
simple_nparents2_nzr08_zdr10_39.uai,simple_nparents2_nzr08_zdr10_39.csv,20,EMCC,19.852777004241943,[0.29120216713777575, 0.6366729766757292],[0.3178549643819303, 0.926543631227716]
simple_nparents2_nzr08_zdr10_39.uai,simple_nparents2_nzr08_zdr10_39.csv,20,Metropolis Hastings,1.5008549690246582,[0.6186264716118682, 0.9361662978583292],[0.3178549643819303, 0.926543631227716]
simple_nparents2_nzr08_zdr10_39.uai,simple_nparents2_nzr08_zdr10_39.csv,30,Gibbs,0.6869387626647949,[0.3295545010984756, 0.46697971030201185],[0.3178549643819303, 0.926543631227716]
simple_nparents2_nzr08_zdr10_39.uai,simple_nparents2_nzr08_zdr10_39.csv,30,EMCC,29.646493911743164,[0.24532495451922834, 0.7226874834970131],[0.3178549643819303, 0.926543631227716]
simple_nparents2_nzr08_zdr10_39.uai,simple_nparents2_nzr08_zdr10_39.csv,30,Metropolis Hastings,2.1623637676239014,[0.3071917678569753, 0.9361662978583292],[0.3178549643819303, 0.926543631227716]
simple_nparents2_nzr08_zdr10_39.uai,simple_nparents2_nzr08_zdr10_39.csv,40,Gibbs,0.9850947856903076,[0.21763786275496108, 0.5378557963230985],[0.3178549643819303, 0.926543631227716]
simple_nparents2_nzr08_zdr10_39.uai,simple_nparents2_nzr08_zdr10_39.csv,40,EMCC,39.549827098846436,[0.18678465115914597, 0.6814349157719672],[0.3178549643819303, 0.926543631227716]
simple_nparents2_nzr08_zdr10_39.uai,simple_nparents2_nzr08_zdr10_39.csv,40,Metropolis Hastings,2.813647747039795,[0.4000984782902939, 0.9361662978583292],[0.3178549643819303, 0.926543631227716]
simple_nparents2_nzr08_zdr10_39.uai,simple_nparents2_nzr08_zdr10_39.csv,50,Gibbs,1.1351218223571777,[0.3662185837560086, 0.6886349799008149],[0.3178549643819303, 0.926543631227716]
simple_nparents2_nzr08_zdr10_39.uai,simple_nparents2_nzr08_zdr10_39.csv,50,EMCC,49.52689790725708,[0.26371637914889434, 0.6799166011998942],[0.3178549643819303, 0.926543631227716]
simple_nparents2_nzr08_zdr10_39.uai,simple_nparents2_nzr08_zdr10_39.csv,50,Metropolis Hastings,3.4657480716705322,[0.38180651039834224, 0.9361662978583292],[0.3178549643819303, 0.926543631227716]
simple_nparents2_nzr08_zdr10_39.uai,simple_nparents2_nzr08_zdr10_39.csv,60,Gibbs,1.363180160522461,[0.3531589693287456, 0.529391488902877],[0.3178549643819303, 0.926543631227716]
simple_nparents2_nzr08_zdr10_39.uai,simple_nparents2_nzr08_zdr10_39.csv,60,EMCC,59.472466230392456,[0.22634291360738812, 0.6965002850497374],[0.3178549643819303, 0.926543631227716]
simple_nparents2_nzr08_zdr10_39.uai,simple_nparents2_nzr08_zdr10_39.csv,60,Metropolis Hastings,4.1021950244903564,[0.6857050402550223, 0.9361662978583292],[0.3178549643819303, 0.926543631227716]
simple_nparents2_nzr08_zdr10_39.uai,simple_nparents2_nzr08_zdr10_39.csv,70,Gibbs,1.6633830070495605,[0.26271752013250965, 0.5169520562878849],[0.3178549643819303, 0.926543631227716]
simple_nparents2_nzr08_zdr10_39.uai,simple_nparents2_nzr08_zdr10_39.csv,70,EMCC,69.3483669757843,[0.18620172215574368, 0.7167086374612227],[0.3178549643819303, 0.926543631227716]
simple_nparents2_nzr08_zdr10_39.uai,simple_nparents2_nzr08_zdr10_39.csv,70,Metropolis Hastings,4.785854816436768,[0.47401764005375124, 0.9361662978583292],[0.3178549643819303, 0.926543631227716]
simple_nparents2_nzr08_zdr10_39.uai,simple_nparents2_nzr08_zdr10_39.csv,80,Gibbs,1.8129222393035889,[0.15886030032351084, 0.47155683898732503],[0.3178549643819303, 0.926543631227716]
simple_nparents2_nzr08_zdr10_39.uai,simple_nparents2_nzr08_zdr10_39.csv,80,EMCC,79.3653130531311,[0.2211548652149045, 0.7587449499892358],[0.3178549643819303, 0.926543631227716]
simple_nparents2_nzr08_zdr10_39.uai,simple_nparents2_nzr08_zdr10_39.csv,80,Metropolis Hastings,5.41977596282959,[0.27766740032291853, 0.9361662978583292],[0.3178549643819303, 0.926543631227716]
simple_nparents2_nzr08_zdr10_39.uai,simple_nparents2_nzr08_zdr10_39.csv,90,Gibbs,2.0289578437805176,[0.3960286539807515, 0.7324280850970014],[0.3178549643819303, 0.926543631227716]
simple_nparents2_nzr08_zdr10_39.uai,simple_nparents2_nzr08_zdr10_39.csv,90,EMCC,89.2671947479248,[0.21876989193054133, 0.7884419841129555],[0.3178549643819303, 0.926543631227716]
simple_nparents2_nzr08_zdr10_39.uai,simple_nparents2_nzr08_zdr10_39.csv,90,Metropolis Hastings,6.052665948867798,[0.37693072556222434, 0.9361662978583292],[0.3178549643819303, 0.926543631227716]
simple_nparents2_nzr08_zdr10_39.uai,simple_nparents2_nzr08_zdr10_39.csv,100,Gibbs,2.2475481033325195,[0.30504816195608003, 0.49452102982290175],[0.3178549643819303, 0.926543631227716]
simple_nparents2_nzr08_zdr10_39.uai,simple_nparents2_nzr08_zdr10_39.csv,100,EMCC,99.15979409217834,[0.2684208111392892, 0.7034515060689588],[0.3178549643819303, 0.926543631227716]
simple_nparents2_nzr08_zdr10_39.uai,simple_nparents2_nzr08_zdr10_39.csv,100,Metropolis Hastings,6.696803092956543,[0.5118935735304354, 0.9361662978583292],[0.3178549643819303, 0.926543631227716]
simple_nparents2_nzr06_zdr10_8.uai,simple_nparents2_nzr06_zdr10_8.csv,10,Gibbs,0.20377326011657715,[0.6152384624660602, 0.9562411066243903],[0.800519562390279, 1.0]
simple_nparents2_nzr06_zdr10_8.uai,simple_nparents2_nzr06_zdr10_8.csv,10,EMCC,10.611385107040405,[0.9388375660664106, 0.9997149710897911],[0.800519562390279, 1.0]
simple_nparents2_nzr06_zdr10_8.uai,simple_nparents2_nzr06_zdr10_8.csv,10,Metropolis Hastings,0.8079972267150879,[0.7980184367617473, 0.9500431489116885],[0.800519562390279, 1.0]
simple_nparents2_nzr06_zdr10_8.uai,simple_nparents2_nzr06_zdr10_8.csv,20,Gibbs,0.5399260520935059,[0.7270095073859719, 0.973727350733369],[0.800519562390279, 1.0]
simple_nparents2_nzr06_zdr10_8.uai,simple_nparents2_nzr06_zdr10_8.csv,20,EMCC,21.10423231124878,[0.9145598341547131, 0.9981904368696282],[0.800519562390279, 1.0]
simple_nparents2_nzr06_zdr10_8.uai,simple_nparents2_nzr06_zdr10_8.csv,20,Metropolis Hastings,1.4524102210998535,[0.6160022096317487, 0.9500431489116885],[0.800519562390279, 1.0]
simple_nparents2_nzr06_zdr10_8.uai,simple_nparents2_nzr06_zdr10_8.csv,30,Gibbs,0.610152006149292,[0.772745183054216, 0.9763880492785558],[0.800519562390279, 1.0]
simple_nparents2_nzr06_zdr10_8.uai,simple_nparents2_nzr06_zdr10_8.csv,30,EMCC,31.744431734085083,[0.9182925759858013, 0.9927271484210372],[0.800519562390279, 1.0]
simple_nparents2_nzr06_zdr10_8.uai,simple_nparents2_nzr06_zdr10_8.csv,30,Metropolis Hastings,2.083707809448242,[0.5405944987896628, 0.9511611582684641],[0.800519562390279, 1.0]
simple_nparents2_nzr06_zdr10_8.uai,simple_nparents2_nzr06_zdr10_8.csv,40,Gibbs,0.8123989105224609,[0.7682284649237449, 0.9301635179946424],[0.800519562390279, 1.0]
simple_nparents2_nzr06_zdr10_8.uai,simple_nparents2_nzr06_zdr10_8.csv,40,EMCC,42.457908153533936,[0.9201177870472119, 0.9955939757895548],[0.800519562390279, 1.0]
simple_nparents2_nzr06_zdr10_8.uai,simple_nparents2_nzr06_zdr10_8.csv,40,Metropolis Hastings,2.708828926086426,[0.7298160596261242, 0.9769692694404322],[0.800519562390279, 1.0]
simple_nparents2_nzr06_zdr10_8.uai,simple_nparents2_nzr06_zdr10_8.csv,50,Gibbs,1.0039770603179932,[0.7948796136110068, 0.9615343431013448],[0.800519562390279, 1.0]
simple_nparents2_nzr06_zdr10_8.uai,simple_nparents2_nzr06_zdr10_8.csv,50,EMCC,52.941442012786865,[0.8933971084635477, 0.9982994015947341],[0.800519562390279, 1.0]
simple_nparents2_nzr06_zdr10_8.uai,simple_nparents2_nzr06_zdr10_8.csv,50,Metropolis Hastings,3.3368489742279053,[0.5864174082491566, 0.9592540820330836],[0.800519562390279, 1.0]
simple_nparents2_nzr06_zdr10_8.uai,simple_nparents2_nzr06_zdr10_8.csv,60,Gibbs,1.2081952095031738,[0.7100854668046572, 0.9644654996853089],[0.800519562390279, 1.0]
simple_nparents2_nzr06_zdr10_8.uai,simple_nparents2_nzr06_zdr10_8.csv,60,EMCC,63.59399127960205,[0.9033273078082158, 0.9975746787043013],[0.800519562390279, 1.0]
simple_nparents2_nzr06_zdr10_8.uai,simple_nparents2_nzr06_zdr10_8.csv,60,Metropolis Hastings,3.9804749488830566,[0.5766885900063718, 0.9676589516870877],[0.800519562390279, 1.0]
simple_nparents2_nzr06_zdr10_8.uai,simple_nparents2_nzr06_zdr10_8.csv,70,Gibbs,1.4001989364624023,[0.7424933810844635, 0.9804674762911971],[0.800519562390279, 1.0]
simple_nparents2_nzr06_zdr10_8.uai,simple_nparents2_nzr06_zdr10_8.csv,70,EMCC,74.08956217765808,[0.9005183822191961, 0.997642935637095],[0.800519562390279, 1.0]
simple_nparents2_nzr06_zdr10_8.uai,simple_nparents2_nzr06_zdr10_8.csv,70,Metropolis Hastings,4.685379981994629,[0.5688337953810185, 0.9500431489116885],[0.800519562390279, 1.0]
simple_nparents2_nzr06_zdr10_8.uai,simple_nparents2_nzr06_zdr10_8.csv,80,Gibbs,1.5822269916534424,[0.697928970763466, 0.9848567375502991],[0.800519562390279, 1.0]
simple_nparents2_nzr06_zdr10_8.uai,simple_nparents2_nzr06_zdr10_8.csv,80,EMCC,84.72127890586853,[0.9143926934843173, 0.9972600553018006],[0.800519562390279, 1.0]
simple_nparents2_nzr06_zdr10_8.uai,simple_nparents2_nzr06_zdr10_8.csv,80,Metropolis Hastings,5.256282091140747,[0.3254823532260983, 0.9557290330078348],[0.800519562390279, 1.0]
simple_nparents2_nzr06_zdr10_8.uai,simple_nparents2_nzr06_zdr10_8.csv,90,Gibbs,1.7921688556671143,[0.6908524779357081, 0.9470522300045169],[0.800519562390279, 1.0]
simple_nparents2_nzr06_zdr10_8.uai,simple_nparents2_nzr06_zdr10_8.csv,90,EMCC,95.53457498550415,[0.9013492898911879, 0.9966305596624416],[0.800519562390279, 1.0]
simple_nparents2_nzr06_zdr10_8.uai,simple_nparents2_nzr06_zdr10_8.csv,90,Metropolis Hastings,5.8963940143585205,[0.7250752067851823, 0.9528548500689556],[0.800519562390279, 1.0]
simple_nparents2_nzr06_zdr10_8.uai,simple_nparents2_nzr06_zdr10_8.csv,100,Gibbs,2.0022711753845215,[0.7805378713359689, 0.9453932238913345],[0.800519562390279, 1.0]
simple_nparents2_nzr06_zdr10_8.uai,simple_nparents2_nzr06_zdr10_8.csv,100,EMCC,106.15017795562744,[0.8975380401702, 0.9964309448603348],[0.800519562390279, 1.0]
simple_nparents2_nzr06_zdr10_8.uai,simple_nparents2_nzr06_zdr10_8.csv,100,Metropolis Hastings,6.506633996963501,[0.5670181102133682, 0.9529762643889029],[0.800519562390279, 1.0]
simple_nparents3_nzr02_zdr05_59.uai,simple_nparents3_nzr02_zdr05_59.csv,10,Gibbs,4.38664698600769,[0.5108992282797455, 0.6020559744679707],[0.3297391784350706, 1.0]
simple_nparents3_nzr02_zdr05_59.uai,simple_nparents3_nzr02_zdr05_59.csv,10,EMCC,89.21255302429199,[0.8811258758358295, 0.930364776033175],[0.3297391784350706, 1.0]
simple_nparents3_nzr02_zdr05_59.uai,simple_nparents3_nzr02_zdr05_59.csv,10,Metropolis Hastings,5.761122941970825,[0.4089180528862728, 0.6392492433277996],[0.3297391784350706, 1.0]
simple_nparents3_nzr02_zdr05_59.uai,simple_nparents3_nzr02_zdr05_59.csv,20,Gibbs,8.486215114593506,[0.5060556703809793, 0.6512919772474518],[0.3297391784350706, 1.0]
simple_nparents3_nzr02_zdr05_59.uai,simple_nparents3_nzr02_zdr05_59.csv,20,EMCC,178.05932903289795,[0.8819960989418508, 0.9428136561692224],[0.3297391784350706, 1.0]
simple_nparents3_nzr02_zdr05_59.uai,simple_nparents3_nzr02_zdr05_59.csv,20,Metropolis Hastings,9.102359056472778,[0.4089180528862728, 0.6169548002449325],[0.3297391784350706, 1.0]
simple_nparents3_nzr02_zdr05_59.uai,simple_nparents3_nzr02_zdr05_59.csv,30,Gibbs,12.457741975784302,[0.5137144674354087, 0.653111975381901],[0.3297391784350706, 1.0]
simple_nparents3_nzr02_zdr05_59.uai,simple_nparents3_nzr02_zdr05_59.csv,30,EMCC,267.07929706573486,[0.8821103231734232, 0.9319315093977373],[0.3297391784350706, 1.0]
simple_nparents3_nzr02_zdr05_59.uai,simple_nparents3_nzr02_zdr05_59.csv,30,Metropolis Hastings,12.2935791015625,[0.4089180528862728, 0.5850004339942266],[0.3297391784350706, 1.0]
simple_nparents3_nzr02_zdr05_59.uai,simple_nparents3_nzr02_zdr05_59.csv,40,Gibbs,16.719627857208252,[0.46432453561798875, 0.620356673504451],[0.3297391784350706, 1.0]
simple_nparents3_nzr02_zdr05_59.uai,simple_nparents3_nzr02_zdr05_59.csv,40,EMCC,356.61128306388855,[0.8785515832369648, 0.9366331457003992],[0.3297391784350706, 1.0]
simple_nparents3_nzr02_zdr05_59.uai,simple_nparents3_nzr02_zdr05_59.csv,40,Metropolis Hastings,15.546766996383667,[0.4089180528862728, 0.6331061676478839],[0.3297391784350706, 1.0]
simple_nparents3_nzr02_zdr05_59.uai,simple_nparents3_nzr02_zdr05_59.csv,50,Gibbs,20.620319843292236,[0.5004066284487688, 0.611697617490936],[0.3297391784350706, 1.0]
simple_nparents3_nzr02_zdr05_59.uai,simple_nparents3_nzr02_zdr05_59.csv,50,EMCC,445.7370059490204,[0.8613740096126942, 0.9451178376745196],[0.3297391784350706, 1.0]
simple_nparents3_nzr02_zdr05_59.uai,simple_nparents3_nzr02_zdr05_59.csv,50,Metropolis Hastings,18.841167211532593,[0.4089180528862728, 0.639890394877179],[0.3297391784350706, 1.0]
simple_nparents3_nzr02_zdr05_59.uai,simple_nparents3_nzr02_zdr05_59.csv,60,Gibbs,24.715688943862915,[0.464847691836039, 0.6330834865303778],[0.3297391784350706, 1.0]
simple_nparents3_nzr02_zdr05_59.uai,simple_nparents3_nzr02_zdr05_59.csv,60,EMCC,535.3337590694427,[0.8848387847093161, 0.9416133934806625],[0.3297391784350706, 1.0]
simple_nparents3_nzr02_zdr05_59.uai,simple_nparents3_nzr02_zdr05_59.csv,60,Metropolis Hastings,22.083357095718384,[0.4089180528862728, 0.6486517974179289],[0.3297391784350706, 1.0]
simple_nparents3_nzr02_zdr05_59.uai,simple_nparents3_nzr02_zdr05_59.csv,70,Gibbs,28.656089067459106,[0.45004516134953404, 0.611335472321445],[0.3297391784350706, 1.0]
simple_nparents3_nzr02_zdr05_59.uai,simple_nparents3_nzr02_zdr05_59.csv,70,EMCC,624.5577869415283,[0.8814344099586481, 0.942934296350605],[0.3297391784350706, 1.0]
simple_nparents3_nzr02_zdr05_59.uai,simple_nparents3_nzr02_zdr05_59.csv,70,Metropolis Hastings,25.347718000411987,[0.4089180528862728, 0.6329492019845755],[0.3297391784350706, 1.0]
simple_nparents3_nzr02_zdr05_59.uai,simple_nparents3_nzr02_zdr05_59.csv,80,Gibbs,33.017884969711304,[0.4800479244406872, 0.6315084933146509],[0.3297391784350706, 1.0]
simple_nparents3_nzr02_zdr05_59.uai,simple_nparents3_nzr02_zdr05_59.csv,80,EMCC,713.8890421390533,[0.8812511674942483, 0.936861173048926],[0.3297391784350706, 1.0]
simple_nparents3_nzr02_zdr05_59.uai,simple_nparents3_nzr02_zdr05_59.csv,80,Metropolis Hastings,28.649834871292114,[0.4089180528862728, 0.6383327284911107],[0.3297391784350706, 1.0]
simple_nparents3_nzr02_zdr05_59.uai,simple_nparents3_nzr02_zdr05_59.csv,90,Gibbs,36.8187472820282,[0.4600456337756697, 0.6357215127465036],[0.3297391784350706, 1.0]
simple_nparents3_nzr02_zdr05_59.uai,simple_nparents3_nzr02_zdr05_59.csv,90,EMCC,802.4551861286163,[0.866114112436004, 0.9451950477361919],[0.3297391784350706, 1.0]
simple_nparents3_nzr02_zdr05_59.uai,simple_nparents3_nzr02_zdr05_59.csv,90,Metropolis Hastings,31.846054077148438,[0.4089180528862728, 0.6380120766319242],[0.3297391784350706, 1.0]
simple_nparents3_nzr02_zdr05_59.uai,simple_nparents3_nzr02_zdr05_59.csv,100,Gibbs,40.86003303527832,[0.4479699607764871, 0.6298578834008385],[0.3297391784350706, 1.0]
simple_nparents3_nzr02_zdr05_59.uai,simple_nparents3_nzr02_zdr05_59.csv,100,EMCC,891.0926022529602,[0.8794134244572656, 0.9396346162626591],[0.3297391784350706, 1.0]
simple_nparents3_nzr02_zdr05_59.uai,simple_nparents3_nzr02_zdr05_59.csv,100,Metropolis Hastings,35.13115406036377,[0.4089180528862728, 0.6626205115180883],[0.3297391784350706, 1.0]
simple_nparents2_nzr04_zdr05_50.uai,simple_nparents2_nzr04_zdr05_50.csv,10,Gibbs,0.23737192153930664,[0.16159821141201663, 0.31009086369136746],[0.0096458108856139, 0.0096458108856139]
simple_nparents2_nzr04_zdr05_50.uai,simple_nparents2_nzr04_zdr05_50.csv,10,EMCC,8.598822355270386,[0.009310436748551356, 0.009736064023816667],[0.0096458108856139, 0.0096458108856139]
simple_nparents2_nzr04_zdr05_50.uai,simple_nparents2_nzr04_zdr05_50.csv,10,Metropolis Hastings,0.8509888648986816,[0.2982345546685036, 0.7686],[0.0096458108856139, 0.0096458108856139]
simple_nparents2_nzr04_zdr05_50.uai,simple_nparents2_nzr04_zdr05_50.csv,20,Gibbs,0.4724428653717041,[0.06281011671692505, 0.152715698153289],[0.0096458108856139, 0.0096458108856139]
simple_nparents2_nzr04_zdr05_50.uai,simple_nparents2_nzr04_zdr05_50.csv,20,EMCC,17.2230703830719,[0.008333039078240618, 0.009877583991883146],[0.0096458108856139, 0.0096458108856139]
simple_nparents2_nzr04_zdr05_50.uai,simple_nparents2_nzr04_zdr05_50.csv,20,Metropolis Hastings,1.5103909969329834,[0.32728847073000256, 0.7686],[0.0096458108856139, 0.0096458108856139]
simple_nparents2_nzr04_zdr05_50.uai,simple_nparents2_nzr04_zdr05_50.csv,30,Gibbs,0.689784049987793,[0.011368623268872871, 0.15092173780917217],[0.0096458108856139, 0.0096458108856139]
simple_nparents2_nzr04_zdr05_50.uai,simple_nparents2_nzr04_zdr05_50.csv,30,EMCC,25.76793599128723,[0.008383973296930854, 0.009860671849847681],[0.0096458108856139, 0.0096458108856139]
simple_nparents2_nzr04_zdr05_50.uai,simple_nparents2_nzr04_zdr05_50.csv,30,Metropolis Hastings,2.16367506980896,[0.20282539126268295, 0.7686],[0.0096458108856139, 0.0096458108856139]
simple_nparents2_nzr04_zdr05_50.uai,simple_nparents2_nzr04_zdr05_50.csv,40,Gibbs,0.9184768199920654,[0.01572012569397011, 0.17134742277320789],[0.0096458108856139, 0.0096458108856139]
simple_nparents2_nzr04_zdr05_50.uai,simple_nparents2_nzr04_zdr05_50.csv,40,EMCC,34.390424966812134,[0.008409546499764834, 0.009954128546131712],[0.0096458108856139, 0.0096458108856139]
simple_nparents2_nzr04_zdr05_50.uai,simple_nparents2_nzr04_zdr05_50.csv,40,Metropolis Hastings,2.8204240798950195,[0.0713403247370211, 0.7686],[0.0096458108856139, 0.0096458108856139]
simple_nparents2_nzr04_zdr05_50.uai,simple_nparents2_nzr04_zdr05_50.csv,50,Gibbs,1.1376903057098389,[0.013795117204562456, 0.09368000307718193],[0.0096458108856139, 0.0096458108856139]
simple_nparents2_nzr04_zdr05_50.uai,simple_nparents2_nzr04_zdr05_50.csv,50,EMCC,43.01148581504822,[0.007660995955821998, 0.009779079107299077],[0.0096458108856139, 0.0096458108856139]
simple_nparents2_nzr04_zdr05_50.uai,simple_nparents2_nzr04_zdr05_50.csv,50,Metropolis Hastings,3.48750901222229,[0.09196652466700392, 0.7686],[0.0096458108856139, 0.0096458108856139]
simple_nparents2_nzr04_zdr05_50.uai,simple_nparents2_nzr04_zdr05_50.csv,60,Gibbs,1.3803110122680664,[0.019877864194488924, 0.13070240402523337],[0.0096458108856139, 0.0096458108856139]
simple_nparents2_nzr04_zdr05_50.uai,simple_nparents2_nzr04_zdr05_50.csv,60,EMCC,51.58373689651489,[0.007777545413793602, 0.009940163370569726],[0.0096458108856139, 0.0096458108856139]
simple_nparents2_nzr04_zdr05_50.uai,simple_nparents2_nzr04_zdr05_50.csv,60,Metropolis Hastings,4.128335952758789,[0.10582616716959983, 0.7686],[0.0096458108856139, 0.0096458108856139]
simple_nparents2_nzr04_zdr05_50.uai,simple_nparents2_nzr04_zdr05_50.csv,70,Gibbs,1.5887250900268555,[0.01783690929456416, 0.09409086123443906],[0.0096458108856139, 0.0096458108856139]
simple_nparents2_nzr04_zdr05_50.uai,simple_nparents2_nzr04_zdr05_50.csv,70,EMCC,60.22798204421997,[0.0086499840933204, 0.0100619824620804],[0.0096458108856139, 0.0096458108856139]
simple_nparents2_nzr04_zdr05_50.uai,simple_nparents2_nzr04_zdr05_50.csv,70,Metropolis Hastings,4.7659080028533936,[0.05725612505287148, 0.7686],[0.0096458108856139, 0.0096458108856139]
simple_nparents2_nzr04_zdr05_50.uai,simple_nparents2_nzr04_zdr05_50.csv,80,Gibbs,1.8219811916351318,[0.021949502569824947, 0.099965727367417],[0.0096458108856139, 0.0096458108856139]
simple_nparents2_nzr04_zdr05_50.uai,simple_nparents2_nzr04_zdr05_50.csv,80,EMCC,68.85092306137085,[0.007198113142803357, 0.00998642592678928],[0.0096458108856139, 0.0096458108856139]
simple_nparents2_nzr04_zdr05_50.uai,simple_nparents2_nzr04_zdr05_50.csv,80,Metropolis Hastings,5.44556188583374,[0.05419527303908946, 0.7686],[0.0096458108856139, 0.0096458108856139]
simple_nparents2_nzr04_zdr05_50.uai,simple_nparents2_nzr04_zdr05_50.csv,90,Gibbs,2.0385851860046387,[0.012980557243946126, 0.1387195033090529],[0.0096458108856139, 0.0096458108856139]
simple_nparents2_nzr04_zdr05_50.uai,simple_nparents2_nzr04_zdr05_50.csv,90,EMCC,77.34541416168213,[0.008091906202855265, 0.01002724479164655],[0.0096458108856139, 0.0096458108856139]
simple_nparents2_nzr04_zdr05_50.uai,simple_nparents2_nzr04_zdr05_50.csv,90,Metropolis Hastings,6.195483922958374,[0.06443879346630778, 0.7686],[0.0096458108856139, 0.0096458108856139]
simple_nparents2_nzr04_zdr05_50.uai,simple_nparents2_nzr04_zdr05_50.csv,100,Gibbs,2.2458550930023193,[0.014514315253329666, 0.09665925471118099],[0.0096458108856139, 0.0096458108856139]
simple_nparents2_nzr04_zdr05_50.uai,simple_nparents2_nzr04_zdr05_50.csv,100,EMCC,85.83453917503357,[0.007963985074811409, 0.010595872030991464],[0.0096458108856139, 0.0096458108856139]
simple_nparents2_nzr04_zdr05_50.uai,simple_nparents2_nzr04_zdr05_50.csv,100,Metropolis Hastings,6.709242820739746,[0.019316919702316405, 0.7686],[0.0096458108856139, 0.0096458108856139]
simple_nparents2_nzr10_zdr05_42.uai,simple_nparents2_nzr10_zdr05_42.csv,10,Gibbs,0.2762269973754883,[0.4014127409011291, 0.48444170907805056],[0.2053259931606017, 0.6727610331582081]
simple_nparents2_nzr10_zdr05_42.uai,simple_nparents2_nzr10_zdr05_42.csv,10,EMCC,12.078515768051147,[0.38068463106619305, 0.5264701668341442],[0.2053259931606017, 0.6727610331582081]
simple_nparents2_nzr10_zdr05_42.uai,simple_nparents2_nzr10_zdr05_42.csv,10,Metropolis Hastings,0.9134731292724609,[0.35227144611390593, 0.7460822726023018],[0.2053259931606017, 0.6727610331582081]
simple_nparents2_nzr10_zdr05_42.uai,simple_nparents2_nzr10_zdr05_42.csv,20,Gibbs,0.5415401458740234,[0.39457965368190695, 0.4575925832524384],[0.2053259931606017, 0.6727610331582081]
simple_nparents2_nzr10_zdr05_42.uai,simple_nparents2_nzr10_zdr05_42.csv,20,EMCC,24.143943071365356,[0.3961746339908537, 0.5365003412522534],[0.2053259931606017, 0.6727610331582081]
simple_nparents2_nzr10_zdr05_42.uai,simple_nparents2_nzr10_zdr05_42.csv,20,Metropolis Hastings,1.594545841217041,[0.33811501393519133, 0.4371732943259449],[0.2053259931606017, 0.6727610331582081]
simple_nparents2_nzr10_zdr05_42.uai,simple_nparents2_nzr10_zdr05_42.csv,30,Gibbs,0.7942578792572021,[0.3984344758529639, 0.5071258154549556],[0.2053259931606017, 0.6727610331582081]
simple_nparents2_nzr10_zdr05_42.uai,simple_nparents2_nzr10_zdr05_42.csv,30,EMCC,36.210697889328,[0.38349629924365497, 0.5531979593251832],[0.2053259931606017, 0.6727610331582081]
simple_nparents2_nzr10_zdr05_42.uai,simple_nparents2_nzr10_zdr05_42.csv,30,Metropolis Hastings,2.274538993835449,[0.3233379738674642, 0.47925776749510635],[0.2053259931606017, 0.6727610331582081]
simple_nparents2_nzr10_zdr05_42.uai,simple_nparents2_nzr10_zdr05_42.csv,40,Gibbs,1.0564491748809814,[0.4045363199099527, 0.5315349377832845],[0.2053259931606017, 0.6727610331582081]
simple_nparents2_nzr10_zdr05_42.uai,simple_nparents2_nzr10_zdr05_42.csv,40,EMCC,48.31902098655701,[0.37610184597483143, 0.5390630072632296],[0.2053259931606017, 0.6727610331582081]
simple_nparents2_nzr10_zdr05_42.uai,simple_nparents2_nzr10_zdr05_42.csv,40,Metropolis Hastings,2.9523191452026367,[0.2992009843017531, 0.4100191273394874],[0.2053259931606017, 0.6727610331582081]
simple_nparents2_nzr10_zdr05_42.uai,simple_nparents2_nzr10_zdr05_42.csv,50,Gibbs,1.3140230178833008,[0.35865354020611545, 0.537079470575454],[0.2053259931606017, 0.6727610331582081]
simple_nparents2_nzr10_zdr05_42.uai,simple_nparents2_nzr10_zdr05_42.csv,50,EMCC,60.436194896698,[0.3895019711205729, 0.5500427752264012],[0.2053259931606017, 0.6727610331582081]
simple_nparents2_nzr10_zdr05_42.uai,simple_nparents2_nzr10_zdr05_42.csv,50,Metropolis Hastings,3.6270880699157715,[0.3516130715839306, 0.4472091446781338],[0.2053259931606017, 0.6727610331582081]
simple_nparents2_nzr10_zdr05_42.uai,simple_nparents2_nzr10_zdr05_42.csv,60,Gibbs,1.5700170993804932,[0.3373621635350169, 0.4504997646296265],[0.2053259931606017, 0.6727610331582081]
simple_nparents2_nzr10_zdr05_42.uai,simple_nparents2_nzr10_zdr05_42.csv,60,EMCC,72.45566606521606,[0.35128331106322036, 0.542178685914056],[0.2053259931606017, 0.6727610331582081]
simple_nparents2_nzr10_zdr05_42.uai,simple_nparents2_nzr10_zdr05_42.csv,60,Metropolis Hastings,4.303461074829102,[0.34655956834338303, 0.5754832834336817],[0.2053259931606017, 0.6727610331582081]
simple_nparents2_nzr10_zdr05_42.uai,simple_nparents2_nzr10_zdr05_42.csv,70,Gibbs,1.8288040161132812,[0.3149434995797247, 0.5271977483533812],[0.2053259931606017, 0.6727610331582081]
simple_nparents2_nzr10_zdr05_42.uai,simple_nparents2_nzr10_zdr05_42.csv,70,EMCC,84.57024192810059,[0.3643864408939092, 0.5646542248649558],[0.2053259931606017, 0.6727610331582081]
simple_nparents2_nzr10_zdr05_42.uai,simple_nparents2_nzr10_zdr05_42.csv,70,Metropolis Hastings,4.99773907661438,[0.35227144611390593, 0.5897820965127668],[0.2053259931606017, 0.6727610331582081]
simple_nparents2_nzr10_zdr05_42.uai,simple_nparents2_nzr10_zdr05_42.csv,80,Gibbs,2.094529151916504,[0.3263976060183807, 0.5584537115054637],[0.2053259931606017, 0.6727610331582081]
simple_nparents2_nzr10_zdr05_42.uai,simple_nparents2_nzr10_zdr05_42.csv,80,EMCC,96.72315430641174,[0.3690922086625006, 0.5459033818060967],[0.2053259931606017, 0.6727610331582081]
simple_nparents2_nzr10_zdr05_42.uai,simple_nparents2_nzr10_zdr05_42.csv,80,Metropolis Hastings,5.661521911621094,[0.31193876813971644, 0.6263416768497664],[0.2053259931606017, 0.6727610331582081]
simple_nparents2_nzr10_zdr05_42.uai,simple_nparents2_nzr10_zdr05_42.csv,90,Gibbs,2.460786819458008,[0.46896480929847095, 0.6396211313901894],[0.2053259931606017, 0.6727610331582081]
simple_nparents2_nzr10_zdr05_42.uai,simple_nparents2_nzr10_zdr05_42.csv,90,EMCC,108.5077121257782,[0.3365339527090242, 0.5712044348059694],[0.2053259931606017, 0.6727610331582081]
simple_nparents2_nzr10_zdr05_42.uai,simple_nparents2_nzr10_zdr05_42.csv,90,Metropolis Hastings,6.416814088821411,[0.3449929465278272, 0.709469160954656],[0.2053259931606017, 0.6727610331582081]
simple_nparents2_nzr10_zdr05_42.uai,simple_nparents2_nzr10_zdr05_42.csv,100,Gibbs,2.5930590629577637,[0.34642318798051097, 0.5184489180941011],[0.2053259931606017, 0.6727610331582081]
simple_nparents2_nzr10_zdr05_42.uai,simple_nparents2_nzr10_zdr05_42.csv,100,EMCC,120.6705539226532,[0.3621460429352138, 0.5479722022752466],[0.2053259931606017, 0.6727610331582081]
simple_nparents2_nzr10_zdr05_42.uai,simple_nparents2_nzr10_zdr05_42.csv,100,Metropolis Hastings,6.966181039810181,[0.33525923082601733, 0.4748104084796231],[0.2053259931606017, 0.6727610331582081]
simple_nparents2_nzr04_zdr05_44.uai,simple_nparents2_nzr04_zdr05_44.csv,10,Gibbs,0.2164928913116455,[0.3618420658045926, 0.6608517968118327],[0.7603996835368194, 1.0]
simple_nparents2_nzr04_zdr05_44.uai,simple_nparents2_nzr04_zdr05_44.csv,10,EMCC,10.941268920898438,[0.9041613012553874, 0.9278325487943319],[0.7603996835368194, 1.0]
simple_nparents2_nzr04_zdr05_44.uai,simple_nparents2_nzr04_zdr05_44.csv,10,Metropolis Hastings,0.8190090656280518,[0.8286051960691044, 0.9621962196219622],[0.7603996835368194, 1.0]
simple_nparents2_nzr04_zdr05_44.uai,simple_nparents2_nzr04_zdr05_44.csv,20,Gibbs,0.4333767890930176,[0.45750033111860544, 0.6984385044465522],[0.7603996835368194, 1.0]
simple_nparents2_nzr04_zdr05_44.uai,simple_nparents2_nzr04_zdr05_44.csv,20,EMCC,21.621143102645874,[0.844831216768503, 0.9555833267543088],[0.7603996835368194, 1.0]
simple_nparents2_nzr04_zdr05_44.uai,simple_nparents2_nzr04_zdr05_44.csv,20,Metropolis Hastings,1.4732670783996582,[0.49509711157722475, 0.9621962196219622],[0.7603996835368194, 1.0]
simple_nparents2_nzr04_zdr05_44.uai,simple_nparents2_nzr04_zdr05_44.csv,30,Gibbs,0.6387810707092285,[0.627276216637954, 0.8404954022869626],[0.7603996835368194, 1.0]
simple_nparents2_nzr04_zdr05_44.uai,simple_nparents2_nzr04_zdr05_44.csv,30,EMCC,32.43828582763672,[0.8051277066418034, 0.9364744696661713],[0.7603996835368194, 1.0]
simple_nparents2_nzr04_zdr05_44.uai,simple_nparents2_nzr04_zdr05_44.csv,30,Metropolis Hastings,2.1213948726654053,[0.2789581716258329, 0.9621962196219622],[0.7603996835368194, 1.0]
simple_nparents2_nzr04_zdr05_44.uai,simple_nparents2_nzr04_zdr05_44.csv,40,Gibbs,0.850963830947876,[0.4267865553811589, 0.9173086281002084],[0.7603996835368194, 1.0]
simple_nparents2_nzr04_zdr05_44.uai,simple_nparents2_nzr04_zdr05_44.csv,40,EMCC,43.36900782585144,[0.7587928561390798, 0.9376916541066554],[0.7603996835368194, 1.0]
simple_nparents2_nzr04_zdr05_44.uai,simple_nparents2_nzr04_zdr05_44.csv,40,Metropolis Hastings,2.7572498321533203,[0.48358350329652816, 0.9621962196219622],[0.7603996835368194, 1.0]
simple_nparents2_nzr04_zdr05_44.uai,simple_nparents2_nzr04_zdr05_44.csv,50,Gibbs,1.0482571125030518,[0.6681044791912845, 0.8702427895477983],[0.7603996835368194, 1.0]
simple_nparents2_nzr04_zdr05_44.uai,simple_nparents2_nzr04_zdr05_44.csv,50,EMCC,54.15670299530029,[0.7861715823708392, 0.9464403119401706],[0.7603996835368194, 1.0]
simple_nparents2_nzr04_zdr05_44.uai,simple_nparents2_nzr04_zdr05_44.csv,50,Metropolis Hastings,3.410146951675415,[0.04845716891382234, 0.9621962196219622],[0.7603996835368194, 1.0]
simple_nparents2_nzr04_zdr05_44.uai,simple_nparents2_nzr04_zdr05_44.csv,60,Gibbs,1.2602880001068115,[0.7775316088096335, 0.9688486324327898],[0.7603996835368194, 1.0]
simple_nparents2_nzr04_zdr05_44.uai,simple_nparents2_nzr04_zdr05_44.csv,60,EMCC,64.98011302947998,[0.7694401976307268, 0.9440568151661097],[0.7603996835368194, 1.0]
simple_nparents2_nzr04_zdr05_44.uai,simple_nparents2_nzr04_zdr05_44.csv,60,Metropolis Hastings,4.033019304275513,[0.4391978425242098, 0.9621962196219622],[0.7603996835368194, 1.0]
simple_nparents2_nzr04_zdr05_44.uai,simple_nparents2_nzr04_zdr05_44.csv,70,Gibbs,1.588430643081665,[0.7336111482269806, 0.9037534988796142],[0.7603996835368194, 1.0]
simple_nparents2_nzr04_zdr05_44.uai,simple_nparents2_nzr04_zdr05_44.csv,70,EMCC,75.7119619846344,[0.7593265394446631, 0.9399414756320182],[0.7603996835368194, 1.0]
simple_nparents2_nzr04_zdr05_44.uai,simple_nparents2_nzr04_zdr05_44.csv,70,Metropolis Hastings,4.695095062255859,[0.7153236976752082, 0.9621962196219622],[0.7603996835368194, 1.0]
simple_nparents2_nzr04_zdr05_44.uai,simple_nparents2_nzr04_zdr05_44.csv,80,Gibbs,1.684783935546875,[0.6885772167875364, 0.9228273197121202],[0.7603996835368194, 1.0]
simple_nparents2_nzr04_zdr05_44.uai,simple_nparents2_nzr04_zdr05_44.csv,80,EMCC,86.71471810340881,[0.7606291785234388, 0.9326828430636579],[0.7603996835368194, 1.0]
simple_nparents2_nzr04_zdr05_44.uai,simple_nparents2_nzr04_zdr05_44.csv,80,Metropolis Hastings,5.324081182479858,[0.6400167881132022, 0.9621962196219622],[0.7603996835368194, 1.0]
simple_nparents2_nzr04_zdr05_44.uai,simple_nparents2_nzr04_zdr05_44.csv,90,Gibbs,1.8791120052337646,[0.6441955303767409, 0.8825280035065557],[0.7603996835368194, 1.0]
simple_nparents2_nzr04_zdr05_44.uai,simple_nparents2_nzr04_zdr05_44.csv,90,EMCC,97.32740473747253,[0.7606055639698885, 0.965760120538767],[0.7603996835368194, 1.0]
simple_nparents2_nzr04_zdr05_44.uai,simple_nparents2_nzr04_zdr05_44.csv,90,Metropolis Hastings,5.931725025177002,[0.32490055708308646, 0.9754812250456228],[0.7603996835368194, 1.0]
simple_nparents2_nzr04_zdr05_44.uai,simple_nparents2_nzr04_zdr05_44.csv,100,Gibbs,2.193557024002075,[0.7251973318944472, 0.9721318871360632],[0.7603996835368194, 1.0]
simple_nparents2_nzr04_zdr05_44.uai,simple_nparents2_nzr04_zdr05_44.csv,100,EMCC,108.18612098693848,[0.7678203505793281, 0.969673014403192],[0.7603996835368194, 1.0]
simple_nparents2_nzr04_zdr05_44.uai,simple_nparents2_nzr04_zdr05_44.csv,100,Metropolis Hastings,6.580899953842163,[0.4976274190250968, 0.9621962196219622],[0.7603996835368194, 1.0]
simple_nparents2_nzr06_zdr05_4.uai,simple_nparents2_nzr06_zdr05_4.csv,10,Gibbs,0.2277698516845703,[0.23292640758349406, 0.7062657359099229],[0.6000032969500074, 0.8322935729884549]
simple_nparents2_nzr06_zdr05_4.uai,simple_nparents2_nzr06_zdr05_4.csv,10,EMCC,11.022029876708984,[0.6096071683375229, 0.7166235100955036],[0.6000032969500074, 0.8322935729884549]
simple_nparents2_nzr06_zdr05_4.uai,simple_nparents2_nzr06_zdr05_4.csv,10,Metropolis Hastings,0.8427448272705078,[0.3420043498168498, 0.6194327768712504],[0.6000032969500074, 0.8322935729884549]
simple_nparents2_nzr06_zdr05_4.uai,simple_nparents2_nzr06_zdr05_4.csv,20,Gibbs,0.4545118808746338,[0.36778954309856154, 0.5870177069904418],[0.6000032969500074, 0.8322935729884549]
simple_nparents2_nzr06_zdr05_4.uai,simple_nparents2_nzr06_zdr05_4.csv,20,EMCC,22.057020902633667,[0.5945364419910821, 0.8071055159631028],[0.6000032969500074, 0.8322935729884549]
simple_nparents2_nzr06_zdr05_4.uai,simple_nparents2_nzr06_zdr05_4.csv,20,Metropolis Hastings,1.491929292678833,[0.20340133423822535, 0.6740896064987595],[0.6000032969500074, 0.8322935729884549]
simple_nparents2_nzr06_zdr05_4.uai,simple_nparents2_nzr06_zdr05_4.csv,30,Gibbs,0.749553918838501,[0.29352904591198575, 0.5829804154442733],[0.6000032969500074, 0.8322935729884549]
simple_nparents2_nzr06_zdr05_4.uai,simple_nparents2_nzr06_zdr05_4.csv,30,EMCC,33.047714948654175,[0.5774646596821117, 0.7951989918865471],[0.6000032969500074, 0.8322935729884549]
simple_nparents2_nzr06_zdr05_4.uai,simple_nparents2_nzr06_zdr05_4.csv,30,Metropolis Hastings,2.140974760055542,[0.3420043498168498, 0.6281496708659959],[0.6000032969500074, 0.8322935729884549]
simple_nparents2_nzr06_zdr05_4.uai,simple_nparents2_nzr06_zdr05_4.csv,40,Gibbs,0.889275074005127,[0.6764788917138217, 0.8341481849761889],[0.6000032969500074, 0.8322935729884549]
simple_nparents2_nzr06_zdr05_4.uai,simple_nparents2_nzr06_zdr05_4.csv,40,EMCC,44.21942496299744,[0.5709471348780413, 0.7911310051025078],[0.6000032969500074, 0.8322935729884549]
simple_nparents2_nzr06_zdr05_4.uai,simple_nparents2_nzr06_zdr05_4.csv,40,Metropolis Hastings,2.786958932876587,[0.3420043498168498, 0.7358052046765707],[0.6000032969500074, 0.8322935729884549]
simple_nparents2_nzr06_zdr05_4.uai,simple_nparents2_nzr06_zdr05_4.csv,50,Gibbs,1.0977160930633545,[0.48227515046688146, 0.6542945401450858],[0.6000032969500074, 0.8322935729884549]
simple_nparents2_nzr06_zdr05_4.uai,simple_nparents2_nzr06_zdr05_4.csv,50,EMCC,55.156516790390015,[0.5748911046655699, 0.7999627421631269],[0.6000032969500074, 0.8322935729884549]
simple_nparents2_nzr06_zdr05_4.uai,simple_nparents2_nzr06_zdr05_4.csv,50,Metropolis Hastings,3.423900842666626,[0.19874433393792298, 0.6896654628222788],[0.6000032969500074, 0.8322935729884549]
simple_nparents2_nzr06_zdr05_4.uai,simple_nparents2_nzr06_zdr05_4.csv,60,Gibbs,1.315397024154663,[0.437203680119609, 0.7473653161208396],[0.6000032969500074, 0.8322935729884549]
simple_nparents2_nzr06_zdr05_4.uai,simple_nparents2_nzr06_zdr05_4.csv,60,EMCC,66.23695611953735,[0.5586571313926475, 0.8091061843504088],[0.6000032969500074, 0.8322935729884549]
simple_nparents2_nzr06_zdr05_4.uai,simple_nparents2_nzr06_zdr05_4.csv,60,Metropolis Hastings,4.070353984832764,[0.3420043498168498, 0.6654994906688715],[0.6000032969500074, 0.8322935729884549]
simple_nparents2_nzr06_zdr05_4.uai,simple_nparents2_nzr06_zdr05_4.csv,70,Gibbs,1.5240659713745117,[0.48549055543884506, 0.7988350508891979],[0.6000032969500074, 0.8322935729884549]
simple_nparents2_nzr06_zdr05_4.uai,simple_nparents2_nzr06_zdr05_4.csv,70,EMCC,77.20724415779114,[0.5818010044507058, 0.7877847752669365],[0.6000032969500074, 0.8322935729884549]
simple_nparents2_nzr06_zdr05_4.uai,simple_nparents2_nzr06_zdr05_4.csv,70,Metropolis Hastings,4.830866098403931,[0.11855732887700532, 0.7385460743490845],[0.6000032969500074, 0.8322935729884549]
simple_nparents2_nzr06_zdr05_4.uai,simple_nparents2_nzr06_zdr05_4.csv,80,Gibbs,1.7488911151885986,[0.45376838227915056, 0.8119519984852078],[0.6000032969500074, 0.8322935729884549]
simple_nparents2_nzr06_zdr05_4.uai,simple_nparents2_nzr06_zdr05_4.csv,80,EMCC,88.18785381317139,[0.5919055405375256, 0.8188390434977213],[0.6000032969500074, 0.8322935729884549]
simple_nparents2_nzr06_zdr05_4.uai,simple_nparents2_nzr06_zdr05_4.csv,80,Metropolis Hastings,5.3609299659729,[0.2362592236983658, 0.690327840976846],[0.6000032969500074, 0.8322935729884549]
simple_nparents2_nzr06_zdr05_4.uai,simple_nparents2_nzr06_zdr05_4.csv,90,Gibbs,1.9463772773742676,[0.3294086308364057, 0.7320903382071586],[0.6000032969500074, 0.8322935729884549]
simple_nparents2_nzr06_zdr05_4.uai,simple_nparents2_nzr06_zdr05_4.csv,90,EMCC,99.2550220489502,[0.5381130051380506, 0.8594294929890538],[0.6000032969500074, 0.8322935729884549]
simple_nparents2_nzr06_zdr05_4.uai,simple_nparents2_nzr06_zdr05_4.csv,90,Metropolis Hastings,6.003198146820068,[0.1529831366221924, 0.734257860087961],[0.6000032969500074, 0.8322935729884549]
simple_nparents2_nzr06_zdr05_4.uai,simple_nparents2_nzr06_zdr05_4.csv,100,Gibbs,2.286287784576416,[0.30398880154910046, 0.6259888571759665],[0.6000032969500074, 0.8322935729884549]
simple_nparents2_nzr06_zdr05_4.uai,simple_nparents2_nzr06_zdr05_4.csv,100,EMCC,110.20513916015625,[0.5334168340908019, 0.8015629849114885],[0.6000032969500074, 0.8322935729884549]
simple_nparents2_nzr06_zdr05_4.uai,simple_nparents2_nzr06_zdr05_4.csv,100,Metropolis Hastings,6.665683031082153,[0.21544397422148046, 0.6639861777868622],[0.6000032969500074, 0.8322935729884549]
simple_nparents2_nzr08_zdr05_18.uai,simple_nparents2_nzr08_zdr05_18.csv,10,Gibbs,0.25903987884521484,[0.4138752674924081, 0.489612611761427],[0.286858508343798, 0.4531875458423276]
simple_nparents2_nzr08_zdr05_18.uai,simple_nparents2_nzr08_zdr05_18.csv,10,EMCC,11.65913701057434,[0.35152055477880473, 0.4287940879638852],[0.286858508343798, 0.4531875458423276]
simple_nparents2_nzr08_zdr05_18.uai,simple_nparents2_nzr08_zdr05_18.csv,10,Metropolis Hastings,0.8826370239257812,[0.3704915722333854, 0.8514419214471198],[0.286858508343798, 0.4531875458423276]
simple_nparents2_nzr08_zdr05_18.uai,simple_nparents2_nzr08_zdr05_18.csv,20,Gibbs,0.5065951347351074,[0.27436032754373774, 0.3617610448920396],[0.286858508343798, 0.4531875458423276]
simple_nparents2_nzr08_zdr05_18.uai,simple_nparents2_nzr08_zdr05_18.csv,20,EMCC,23.31420397758484,[0.3197912398441866, 0.4395837968747162],[0.286858508343798, 0.4531875458423276]
simple_nparents2_nzr08_zdr05_18.uai,simple_nparents2_nzr08_zdr05_18.csv,20,Metropolis Hastings,1.55824613571167,[0.29184332304646005, 0.8514419214471198],[0.286858508343798, 0.4531875458423276]
simple_nparents2_nzr08_zdr05_18.uai,simple_nparents2_nzr08_zdr05_18.csv,30,Gibbs,0.7362089157104492,[0.4412320110702289, 0.6002813438343977],[0.286858508343798, 0.4531875458423276]
simple_nparents2_nzr08_zdr05_18.uai,simple_nparents2_nzr08_zdr05_18.csv,30,EMCC,35.03383779525757,[0.3341160831421922, 0.44507569870493935],[0.286858508343798, 0.4531875458423276]
simple_nparents2_nzr08_zdr05_18.uai,simple_nparents2_nzr08_zdr05_18.csv,30,Metropolis Hastings,2.222115993499756,[0.41660297661316265, 0.8514419214471198],[0.286858508343798, 0.4531875458423276]
simple_nparents2_nzr08_zdr05_18.uai,simple_nparents2_nzr08_zdr05_18.csv,40,Gibbs,0.9879238605499268,[0.3253194904729531, 0.4354347028193773],[0.286858508343798, 0.4531875458423276]
simple_nparents2_nzr08_zdr05_18.uai,simple_nparents2_nzr08_zdr05_18.csv,40,EMCC,46.67275285720825,[0.3343425893719654, 0.4411268125164406],[0.286858508343798, 0.4531875458423276]
simple_nparents2_nzr08_zdr05_18.uai,simple_nparents2_nzr08_zdr05_18.csv,40,Metropolis Hastings,2.8887579441070557,[0.4641887279143835, 0.8514419214471198],[0.286858508343798, 0.4531875458423276]
simple_nparents2_nzr08_zdr05_18.uai,simple_nparents2_nzr08_zdr05_18.csv,50,Gibbs,1.2233960628509521,[0.333374270096919, 0.47356675031957945],[0.286858508343798, 0.4531875458423276]
simple_nparents2_nzr08_zdr05_18.uai,simple_nparents2_nzr08_zdr05_18.csv,50,EMCC,58.4377658367157,[0.32302911284677815, 0.453707051788948],[0.286858508343798, 0.4531875458423276]
simple_nparents2_nzr08_zdr05_18.uai,simple_nparents2_nzr08_zdr05_18.csv,50,Metropolis Hastings,3.543473243713379,[0.31594002100135804, 0.8514419214471198],[0.286858508343798, 0.4531875458423276]
simple_nparents2_nzr08_zdr05_18.uai,simple_nparents2_nzr08_zdr05_18.csv,60,Gibbs,1.4743008613586426,[0.29275053032225085, 0.46348983574184127],[0.286858508343798, 0.4531875458423276]
simple_nparents2_nzr08_zdr05_18.uai,simple_nparents2_nzr08_zdr05_18.csv,60,EMCC,70.1029269695282,[0.31928984528923465, 0.4501925040810256],[0.286858508343798, 0.4531875458423276]
simple_nparents2_nzr08_zdr05_18.uai,simple_nparents2_nzr08_zdr05_18.csv,60,Metropolis Hastings,4.23516321182251,[0.3458724722917567, 0.8514419214471198],[0.286858508343798, 0.4531875458423276]
simple_nparents2_nzr08_zdr05_18.uai,simple_nparents2_nzr08_zdr05_18.csv,70,Gibbs,1.7089669704437256,[0.3303946612069321, 0.446196611372327],[0.286858508343798, 0.4531875458423276]
simple_nparents2_nzr08_zdr05_18.uai,simple_nparents2_nzr08_zdr05_18.csv,70,EMCC,81.78095078468323,[0.34022911739795314, 0.4375393627101125],[0.286858508343798, 0.4531875458423276]
simple_nparents2_nzr08_zdr05_18.uai,simple_nparents2_nzr08_zdr05_18.csv,70,Metropolis Hastings,4.888984203338623,[0.4436432750064374, 0.8514419214471198],[0.286858508343798, 0.4531875458423276]
simple_nparents2_nzr08_zdr05_18.uai,simple_nparents2_nzr08_zdr05_18.csv,80,Gibbs,1.9547090530395508,[0.3008019047315255, 0.4349837982818363],[0.286858508343798, 0.4531875458423276]
simple_nparents2_nzr08_zdr05_18.uai,simple_nparents2_nzr08_zdr05_18.csv,80,EMCC,93.3865098953247,[0.33659841429939624, 0.441796810409501],[0.286858508343798, 0.4531875458423276]
simple_nparents2_nzr08_zdr05_18.uai,simple_nparents2_nzr08_zdr05_18.csv,80,Metropolis Hastings,5.5390260219573975,[0.3579107522429521, 0.8514419214471198],[0.286858508343798, 0.4531875458423276]
simple_nparents2_nzr08_zdr05_18.uai,simple_nparents2_nzr08_zdr05_18.csv,90,Gibbs,2.3103480339050293,[0.2859179893067724, 0.4476592914032108],[0.286858508343798, 0.4531875458423276]
simple_nparents2_nzr08_zdr05_18.uai,simple_nparents2_nzr08_zdr05_18.csv,90,EMCC,104.84501099586487,[0.3235728558957077, 0.4473949528809652],[0.286858508343798, 0.4531875458423276]
simple_nparents2_nzr08_zdr05_18.uai,simple_nparents2_nzr08_zdr05_18.csv,90,Metropolis Hastings,6.20279598236084,[0.2859525435592588, 0.8514419214471198],[0.286858508343798, 0.4531875458423276]
simple_nparents2_nzr08_zdr05_18.uai,simple_nparents2_nzr08_zdr05_18.csv,100,Gibbs,2.5673859119415283,[0.2761267095912566, 0.44618543574520625],[0.286858508343798, 0.4531875458423276]
simple_nparents2_nzr08_zdr05_18.uai,simple_nparents2_nzr08_zdr05_18.csv,100,EMCC,116.596364736557,[0.3319432434185193, 0.43632394479874065],[0.286858508343798, 0.4531875458423276]
simple_nparents2_nzr08_zdr05_18.uai,simple_nparents2_nzr08_zdr05_18.csv,100,Metropolis Hastings,6.88781476020813,[0.33908573572467354, 0.8514419214471198],[0.286858508343798, 0.4531875458423276]
simple_nparents2_nzr08_zdr05_24.uai,simple_nparents2_nzr08_zdr05_24.csv,10,Gibbs,0.2559850215911865,[0.5735793747947748, 0.8277986226094772],[0.8606877358590949, 1.0]
simple_nparents2_nzr08_zdr05_24.uai,simple_nparents2_nzr08_zdr05_24.csv,10,EMCC,11.675979137420654,[0.9231391675342162, 0.9883998313859091],[0.8606877358590949, 1.0]
simple_nparents2_nzr08_zdr05_24.uai,simple_nparents2_nzr08_zdr05_24.csv,10,Metropolis Hastings,0.8823339939117432,[0.3884750224987459, 0.9791099194946786],[0.8606877358590949, 1.0]
simple_nparents2_nzr08_zdr05_24.uai,simple_nparents2_nzr08_zdr05_24.csv,20,Gibbs,0.5046789646148682,[0.896885294042111, 0.9657904726839762],[0.8606877358590949, 1.0]
simple_nparents2_nzr08_zdr05_24.uai,simple_nparents2_nzr08_zdr05_24.csv,20,EMCC,23.34172511100769,[0.8913421636356749, 0.9855565867281033],[0.8606877358590949, 1.0]
simple_nparents2_nzr08_zdr05_24.uai,simple_nparents2_nzr08_zdr05_24.csv,20,Metropolis Hastings,1.5572319030761719,[0.1757488331044594, 0.9791099194946786],[0.8606877358590949, 1.0]
simple_nparents2_nzr08_zdr05_24.uai,simple_nparents2_nzr08_zdr05_24.csv,30,Gibbs,0.7467007637023926,[0.8200685905847894, 0.9362170799976779],[0.8606877358590949, 1.0]
simple_nparents2_nzr08_zdr05_24.uai,simple_nparents2_nzr08_zdr05_24.csv,30,EMCC,34.982598066329956,[0.9219910235961745, 0.9859556324039664],[0.8606877358590949, 1.0]
simple_nparents2_nzr08_zdr05_24.uai,simple_nparents2_nzr08_zdr05_24.csv,30,Metropolis Hastings,2.2279670238494873,[0.7552471112377985, 0.9791099194946786],[0.8606877358590949, 1.0]
simple_nparents2_nzr08_zdr05_24.uai,simple_nparents2_nzr08_zdr05_24.csv,40,Gibbs,0.9912409782409668,[0.8506132388889371, 0.9451643185904677],[0.8606877358590949, 1.0]
simple_nparents2_nzr08_zdr05_24.uai,simple_nparents2_nzr08_zdr05_24.csv,40,EMCC,46.619962215423584,[0.8958323684081045, 0.9853132292973205],[0.8606877358590949, 1.0]
simple_nparents2_nzr08_zdr05_24.uai,simple_nparents2_nzr08_zdr05_24.csv,40,Metropolis Hastings,2.8816661834716797,[0.3278777176060845, 0.9791099194946786],[0.8606877358590949, 1.0]
simple_nparents2_nzr08_zdr05_24.uai,simple_nparents2_nzr08_zdr05_24.csv,50,Gibbs,1.3314697742462158,[0.8749046401391243, 0.9671281016686426],[0.8606877358590949, 1.0]
simple_nparents2_nzr08_zdr05_24.uai,simple_nparents2_nzr08_zdr05_24.csv,50,EMCC,58.29771113395691,[0.8970769322120659, 0.9830320612348921],[0.8606877358590949, 1.0]
simple_nparents2_nzr08_zdr05_24.uai,simple_nparents2_nzr08_zdr05_24.csv,50,Metropolis Hastings,3.552730083465576,[0.31631702096923126, 0.9791099194946786],[0.8606877358590949, 1.0]
simple_nparents2_nzr08_zdr05_24.uai,simple_nparents2_nzr08_zdr05_24.csv,60,Gibbs,1.4748561382293701,[0.8815693131507986, 0.9597802964855235],[0.8606877358590949, 1.0]
simple_nparents2_nzr08_zdr05_24.uai,simple_nparents2_nzr08_zdr05_24.csv,60,EMCC,70.07984399795532,[0.9120641697651383, 0.9813533242343215],[0.8606877358590949, 1.0]
simple_nparents2_nzr08_zdr05_24.uai,simple_nparents2_nzr08_zdr05_24.csv,60,Metropolis Hastings,4.227475166320801,[0.3242549617042747, 0.9791099194946786],[0.8606877358590949, 1.0]
simple_nparents2_nzr08_zdr05_24.uai,simple_nparents2_nzr08_zdr05_24.csv,70,Gibbs,1.7167048454284668,[0.8567329806456354, 0.9562529357745887],[0.8606877358590949, 1.0]
simple_nparents2_nzr08_zdr05_24.uai,simple_nparents2_nzr08_zdr05_24.csv,70,EMCC,81.8114640712738,[0.8882557415231661, 0.9832984736231041],[0.8606877358590949, 1.0]
simple_nparents2_nzr08_zdr05_24.uai,simple_nparents2_nzr08_zdr05_24.csv,70,Metropolis Hastings,4.891309022903442,[0.6464889946600212, 0.9791099194946786],[0.8606877358590949, 1.0]
simple_nparents2_nzr08_zdr05_24.uai,simple_nparents2_nzr08_zdr05_24.csv,80,Gibbs,1.9631931781768799,[0.8469367522026483, 0.9539864441463651],[0.8606877358590949, 1.0]
simple_nparents2_nzr08_zdr05_24.uai,simple_nparents2_nzr08_zdr05_24.csv,80,EMCC,93.45440602302551,[0.9158625380404324, 0.9861223970922653],[0.8606877358590949, 1.0]
simple_nparents2_nzr08_zdr05_24.uai,simple_nparents2_nzr08_zdr05_24.csv,80,Metropolis Hastings,5.541261196136475,[0.33599038219947525, 0.9791099194946786],[0.8606877358590949, 1.0]
simple_nparents2_nzr08_zdr05_24.uai,simple_nparents2_nzr08_zdr05_24.csv,90,Gibbs,2.18782901763916,[0.8646560561234302, 0.960248144941412],[0.8606877358590949, 1.0]
simple_nparents2_nzr08_zdr05_24.uai,simple_nparents2_nzr08_zdr05_24.csv,90,EMCC,105.04816579818726,[0.89534250527058, 0.9868390795032388],[0.8606877358590949, 1.0]
simple_nparents2_nzr08_zdr05_24.uai,simple_nparents2_nzr08_zdr05_24.csv,90,Metropolis Hastings,6.179727792739868,[0.6968630501401716, 0.9791099194946786],[0.8606877358590949, 1.0]
simple_nparents2_nzr08_zdr05_24.uai,simple_nparents2_nzr08_zdr05_24.csv,100,Gibbs,2.4255380630493164,[0.838485082645953, 0.9490984763725226],[0.8606877358590949, 1.0]
simple_nparents2_nzr08_zdr05_24.uai,simple_nparents2_nzr08_zdr05_24.csv,100,EMCC,116.6767852306366,[0.8958416054863773, 0.987779810043131],[0.8606877358590949, 1.0]
simple_nparents2_nzr08_zdr05_24.uai,simple_nparents2_nzr08_zdr05_24.csv,100,Metropolis Hastings,6.853352069854736,[0.7239844854792831, 0.9808803510208083],[0.8606877358590949, 1.0]
simple_nparents2_nzr08_zdr05_30.uai,simple_nparents2_nzr08_zdr05_30.csv,10,Gibbs,0.254641056060791,[0.48229680254031915, 0.7417494840506602],[0.0, 1.0]
simple_nparents2_nzr08_zdr05_30.uai,simple_nparents2_nzr08_zdr05_30.csv,10,EMCC,11.761516094207764,[0.32475963403239105, 0.6673725035395853],[0.0, 1.0]
simple_nparents2_nzr08_zdr05_30.uai,simple_nparents2_nzr08_zdr05_30.csv,10,Metropolis Hastings,0.8844537734985352,[0.41759732894223384, 0.9658052630268629],[0.0, 1.0]
simple_nparents2_nzr08_zdr05_30.uai,simple_nparents2_nzr08_zdr05_30.csv,20,Gibbs,0.5044159889221191,[0.2615548674551884, 0.5204799870475201],[0.0, 1.0]
simple_nparents2_nzr08_zdr05_30.uai,simple_nparents2_nzr08_zdr05_30.csv,20,EMCC,23.331790685653687,[0.2156384132476367, 0.8987986024072189],[0.0, 1.0]
simple_nparents2_nzr08_zdr05_30.uai,simple_nparents2_nzr08_zdr05_30.csv,20,Metropolis Hastings,1.5663650035858154,[0.5880457919484139, 0.9658052630268629],[0.0, 1.0]
simple_nparents2_nzr08_zdr05_30.uai,simple_nparents2_nzr08_zdr05_30.csv,30,Gibbs,0.74485182762146,[0.244256120818881, 0.7739913313973689],[0.0, 1.0]
simple_nparents2_nzr08_zdr05_30.uai,simple_nparents2_nzr08_zdr05_30.csv,30,EMCC,35.04592204093933,[0.3295138000073579, 0.7996995093940131],[0.0, 1.0]
simple_nparents2_nzr08_zdr05_30.uai,simple_nparents2_nzr08_zdr05_30.csv,30,Metropolis Hastings,2.2181320190429688,[0.5599176659355373, 0.9658052630268629],[0.0, 1.0]
simple_nparents2_nzr08_zdr05_30.uai,simple_nparents2_nzr08_zdr05_30.csv,40,Gibbs,0.9848968982696533,[0.42704918360800087, 0.8990992759226697],[0.0, 1.0]
simple_nparents2_nzr08_zdr05_30.uai,simple_nparents2_nzr08_zdr05_30.csv,40,EMCC,46.78734087944031,[0.1346472598328555, 0.9453898428821701],[0.0, 1.0]
simple_nparents2_nzr08_zdr05_30.uai,simple_nparents2_nzr08_zdr05_30.csv,40,Metropolis Hastings,2.8784680366516113,[0.20349600709748453, 0.9658052630268629],[0.0, 1.0]
simple_nparents2_nzr08_zdr05_30.uai,simple_nparents2_nzr08_zdr05_30.csv,50,Gibbs,1.2217369079589844,[0.3224650941376306, 0.7744102059626017],[0.0, 1.0]
simple_nparents2_nzr08_zdr05_30.uai,simple_nparents2_nzr08_zdr05_30.csv,50,EMCC,58.39252185821533,[0.3220424389502572, 0.7673764814103161],[0.0, 1.0]
simple_nparents2_nzr08_zdr05_30.uai,simple_nparents2_nzr08_zdr05_30.csv,50,Metropolis Hastings,3.5306050777435303,[0.29908027735376347, 0.9658052630268629],[0.0, 1.0]
simple_nparents2_nzr08_zdr05_30.uai,simple_nparents2_nzr08_zdr05_30.csv,60,Gibbs,1.4685592651367188,[0.3384084322866054, 0.8152798920894407],[0.0, 1.0]
simple_nparents2_nzr08_zdr05_30.uai,simple_nparents2_nzr08_zdr05_30.csv,60,EMCC,70.06242609024048,[0.18144352173449552, 0.9192659771767427],[0.0, 1.0]
simple_nparents2_nzr08_zdr05_30.uai,simple_nparents2_nzr08_zdr05_30.csv,60,Metropolis Hastings,4.226320266723633,[0.3748364041766185, 0.9658052630268629],[0.0, 1.0]
simple_nparents2_nzr08_zdr05_30.uai,simple_nparents2_nzr08_zdr05_30.csv,70,Gibbs,1.7140288352966309,[0.3143900378130323, 0.7872473959512473],[0.0, 1.0]
simple_nparents2_nzr08_zdr05_30.uai,simple_nparents2_nzr08_zdr05_30.csv,70,EMCC,81.77316284179688,[0.22350183299253393, 0.9654548631170915],[0.0, 1.0]
simple_nparents2_nzr08_zdr05_30.uai,simple_nparents2_nzr08_zdr05_30.csv,70,Metropolis Hastings,4.853399991989136,[0.5852294928145483, 0.9658052630268629],[0.0, 1.0]
simple_nparents2_nzr08_zdr05_30.uai,simple_nparents2_nzr08_zdr05_30.csv,80,Gibbs,1.947693109512329,[0.157341542589879, 0.8659837205424243],[0.0, 1.0]
simple_nparents2_nzr08_zdr05_30.uai,simple_nparents2_nzr08_zdr05_30.csv,80,EMCC,93.45184111595154,[0.12962473941164426, 0.9569881701538961],[0.0, 1.0]
simple_nparents2_nzr08_zdr05_30.uai,simple_nparents2_nzr08_zdr05_30.csv,80,Metropolis Hastings,5.547702074050903,[0.39678730280318414, 0.9658052630268629],[0.0, 1.0]
simple_nparents2_nzr08_zdr05_30.uai,simple_nparents2_nzr08_zdr05_30.csv,90,Gibbs,2.1898930072784424,[0.19694465701750352, 0.8244726407206396],[0.0, 1.0]
simple_nparents2_nzr08_zdr05_30.uai,simple_nparents2_nzr08_zdr05_30.csv,90,EMCC,105.17011308670044,[0.1918539862523052, 0.9596297666382687],[0.0, 1.0]
simple_nparents2_nzr08_zdr05_30.uai,simple_nparents2_nzr08_zdr05_30.csv,90,Metropolis Hastings,6.217635154724121,[0.3516671501769857, 0.9658052630268629],[0.0, 1.0]
simple_nparents2_nzr08_zdr05_30.uai,simple_nparents2_nzr08_zdr05_30.csv,100,Gibbs,2.449705123901367,[0.37519758797837477, 0.8979980837434587],[0.0, 1.0]
simple_nparents2_nzr08_zdr05_30.uai,simple_nparents2_nzr08_zdr05_30.csv,100,EMCC,116.83921003341675,[0.16249723419917378, 0.9392755177365119],[0.0, 1.0]
simple_nparents2_nzr08_zdr05_30.uai,simple_nparents2_nzr08_zdr05_30.csv,100,Metropolis Hastings,6.880657911300659,[0.3531658269275663, 0.9658052630268629],[0.0, 1.0]
simple_nparents2_nzr08_zdr05_25.uai,simple_nparents2_nzr08_zdr05_25.csv,10,Gibbs,0.2512991428375244,[0.8545334297044984, 0.9559773641335105],[0.0749337636273193, 0.8398545326603571]
simple_nparents2_nzr08_zdr05_25.uai,simple_nparents2_nzr08_zdr05_25.csv,10,EMCC,11.708891153335571,[0.6596933368790335, 0.765507266045304],[0.0749337636273193, 0.8398545326603571]
simple_nparents2_nzr08_zdr05_25.uai,simple_nparents2_nzr08_zdr05_25.csv,10,Metropolis Hastings,0.8890061378479004,[0.19852145690587808, 0.7144514885705142],[0.0749337636273193, 0.8398545326603571]
simple_nparents2_nzr08_zdr05_25.uai,simple_nparents2_nzr08_zdr05_25.csv,20,Gibbs,0.5096132755279541,[0.43646111151812966, 0.7541268867663928],[0.0749337636273193, 0.8398545326603571]
simple_nparents2_nzr08_zdr05_25.uai,simple_nparents2_nzr08_zdr05_25.csv,20,EMCC,23.41639494895935,[0.6596693714158591, 0.8091794263025416],[0.0749337636273193, 0.8398545326603571]
simple_nparents2_nzr08_zdr05_25.uai,simple_nparents2_nzr08_zdr05_25.csv,20,Metropolis Hastings,1.550570011138916,[0.19852145690587808, 0.8056533105114172],[0.0749337636273193, 0.8398545326603571]
simple_nparents2_nzr08_zdr05_25.uai,simple_nparents2_nzr08_zdr05_25.csv,30,Gibbs,0.7330420017242432,[0.38615577092392367, 0.6160744092486913],[0.0749337636273193, 0.8398545326603571]
simple_nparents2_nzr08_zdr05_25.uai,simple_nparents2_nzr08_zdr05_25.csv,30,EMCC,34.971587896347046,[0.6449738182554098, 0.7915764106639549],[0.0749337636273193, 0.8398545326603571]
simple_nparents2_nzr08_zdr05_25.uai,simple_nparents2_nzr08_zdr05_25.csv,30,Metropolis Hastings,2.226292133331299,[0.19852145690587808, 0.7887840978633757],[0.0749337636273193, 0.8398545326603571]
simple_nparents2_nzr08_zdr05_25.uai,simple_nparents2_nzr08_zdr05_25.csv,40,Gibbs,0.9864509105682373,[0.5559681030066578, 0.8874339986913693],[0.0749337636273193, 0.8398545326603571]
simple_nparents2_nzr08_zdr05_25.uai,simple_nparents2_nzr08_zdr05_25.csv,40,EMCC,46.698843240737915,[0.6476189233678358, 0.8220544257406969],[0.0749337636273193, 0.8398545326603571]
simple_nparents2_nzr08_zdr05_25.uai,simple_nparents2_nzr08_zdr05_25.csv,40,Metropolis Hastings,2.8814687728881836,[0.19852145690587808, 0.7392230867677606],[0.0749337636273193, 0.8398545326603571]
simple_nparents2_nzr08_zdr05_25.uai,simple_nparents2_nzr08_zdr05_25.csv,50,Gibbs,1.2232849597930908,[0.4327253869537836, 0.9153166525140017],[0.0749337636273193, 0.8398545326603571]
simple_nparents2_nzr08_zdr05_25.uai,simple_nparents2_nzr08_zdr05_25.csv,50,EMCC,58.36509585380554,[0.584689906348331, 0.8127709335937383],[0.0749337636273193, 0.8398545326603571]
simple_nparents2_nzr08_zdr05_25.uai,simple_nparents2_nzr08_zdr05_25.csv,50,Metropolis Hastings,3.5414578914642334,[0.1832886709859274, 0.7151765508023286],[0.0749337636273193, 0.8398545326603571]
simple_nparents2_nzr08_zdr05_25.uai,simple_nparents2_nzr08_zdr05_25.csv,60,Gibbs,1.4719550609588623,[0.34081950794856697, 0.8909315962645729],[0.0749337636273193, 0.8398545326603571]
simple_nparents2_nzr08_zdr05_25.uai,simple_nparents2_nzr08_zdr05_25.csv,60,EMCC,70.0955970287323,[0.6314455633208653, 0.816631525128468],[0.0749337636273193, 0.8398545326603571]
simple_nparents2_nzr08_zdr05_25.uai,simple_nparents2_nzr08_zdr05_25.csv,60,Metropolis Hastings,4.208482027053833,[0.19852145690587808, 0.8440960488355703],[0.0749337636273193, 0.8398545326603571]
simple_nparents2_nzr08_zdr05_25.uai,simple_nparents2_nzr08_zdr05_25.csv,70,Gibbs,1.7131690979003906,[0.3533882198985879, 0.6975183481920378],[0.0749337636273193, 0.8398545326603571]
simple_nparents2_nzr08_zdr05_25.uai,simple_nparents2_nzr08_zdr05_25.csv,70,EMCC,81.79845118522644,[0.6092321110511384, 0.8442198191002747],[0.0749337636273193, 0.8398545326603571]
simple_nparents2_nzr08_zdr05_25.uai,simple_nparents2_nzr08_zdr05_25.csv,70,Metropolis Hastings,4.873357057571411,[0.19852145690587808, 0.7607918308867084],[0.0749337636273193, 0.8398545326603571]
simple_nparents2_nzr08_zdr05_25.uai,simple_nparents2_nzr08_zdr05_25.csv,80,Gibbs,1.9470667839050293,[0.30440094713138394, 0.7339858907525615],[0.0749337636273193, 0.8398545326603571]
simple_nparents2_nzr08_zdr05_25.uai,simple_nparents2_nzr08_zdr05_25.csv,80,EMCC,93.3601131439209,[0.6405592379324913, 0.8383228678983903],[0.0749337636273193, 0.8398545326603571]
simple_nparents2_nzr08_zdr05_25.uai,simple_nparents2_nzr08_zdr05_25.csv,80,Metropolis Hastings,5.656002044677734,[0.19852145690587808, 0.8596189057373796],[0.0749337636273193, 0.8398545326603571]
simple_nparents2_nzr08_zdr05_25.uai,simple_nparents2_nzr08_zdr05_25.csv,90,Gibbs,2.178524971008301,[0.33832545310421935, 0.7497938224483528],[0.0749337636273193, 0.8398545326603571]
simple_nparents2_nzr08_zdr05_25.uai,simple_nparents2_nzr08_zdr05_25.csv,90,EMCC,105.00130295753479,[0.613927775720472, 0.8415101474232353],[0.0749337636273193, 0.8398545326603571]
simple_nparents2_nzr08_zdr05_25.uai,simple_nparents2_nzr08_zdr05_25.csv,90,Metropolis Hastings,6.191901922225952,[0.19852145690587808, 0.874257925530053],[0.0749337636273193, 0.8398545326603571]
simple_nparents2_nzr08_zdr05_25.uai,simple_nparents2_nzr08_zdr05_25.csv,100,Gibbs,2.5646870136260986,[0.2638871009128986, 0.8378784960649915],[0.0749337636273193, 0.8398545326603571]
simple_nparents2_nzr08_zdr05_25.uai,simple_nparents2_nzr08_zdr05_25.csv,100,EMCC,117.13292288780212,[0.5804102420070305, 0.8673207338789963],[0.0749337636273193, 0.8398545326603571]
simple_nparents2_nzr08_zdr05_25.uai,simple_nparents2_nzr08_zdr05_25.csv,100,Metropolis Hastings,6.92941427230835,[0.19852145690587808, 0.6604407035033174],[0.0749337636273193, 0.8398545326603571]
simple_nparents3_nzr04_zdr10_42.uai,simple_nparents3_nzr04_zdr10_42.csv,10,Gibbs,2.649519920349121,[0.5708861218075907, 0.733822958950306],[0.5186411740426695, 1.0]
simple_nparents3_nzr04_zdr10_42.uai,simple_nparents3_nzr04_zdr10_42.csv,10,EMCC,66.64310312271118,[0.8204684041869426, 0.9896845304756449],[0.5186411740426695, 1.0]
simple_nparents3_nzr04_zdr10_42.uai,simple_nparents3_nzr04_zdr10_42.csv,10,Metropolis Hastings,3.7429158687591553,[0.5069886130155941, 0.5853914025008535],[0.5186411740426695, 1.0]
simple_nparents3_nzr04_zdr10_42.uai,simple_nparents3_nzr04_zdr10_42.csv,20,Gibbs,5.14289927482605,[0.6816777105857215, 0.7633531624300472],[0.5186411740426695, 1.0]
simple_nparents3_nzr04_zdr10_42.uai,simple_nparents3_nzr04_zdr10_42.csv,20,EMCC,133.1660258769989,[0.8460399423876369, 0.9943829947945767],[0.5186411740426695, 1.0]
simple_nparents3_nzr04_zdr10_42.uai,simple_nparents3_nzr04_zdr10_42.csv,20,Metropolis Hastings,6.006883859634399,[0.47541323107656736, 0.5996422964929861],[0.5186411740426695, 1.0]
simple_nparents3_nzr04_zdr10_42.uai,simple_nparents3_nzr04_zdr10_42.csv,30,Gibbs,7.587153911590576,[0.6238220268580865, 0.7256486884281816],[0.5186411740426695, 1.0]
simple_nparents3_nzr04_zdr10_42.uai,simple_nparents3_nzr04_zdr10_42.csv,30,EMCC,199.14637804031372,[0.8855209494226927, 0.989611903969505],[0.5186411740426695, 1.0]
simple_nparents3_nzr04_zdr10_42.uai,simple_nparents3_nzr04_zdr10_42.csv,30,Metropolis Hastings,8.167789936065674,[0.4896927140271796, 0.6465140286450984],[0.5186411740426695, 1.0]
simple_nparents3_nzr04_zdr10_42.uai,simple_nparents3_nzr04_zdr10_42.csv,40,Gibbs,9.999343156814575,[0.6299278539397412, 0.7276188519416271],[0.5186411740426695, 1.0]
simple_nparents3_nzr04_zdr10_42.uai,simple_nparents3_nzr04_zdr10_42.csv,40,EMCC,264.63336086273193,[0.8462512209709501, 0.9767566282824305],[0.5186411740426695, 1.0]
simple_nparents3_nzr04_zdr10_42.uai,simple_nparents3_nzr04_zdr10_42.csv,40,Metropolis Hastings,10.429094076156616,[0.5509696133732483, 0.6261113756182087],[0.5186411740426695, 1.0]
simple_nparents3_nzr04_zdr10_42.uai,simple_nparents3_nzr04_zdr10_42.csv,50,Gibbs,12.38926911354065,[0.5591318991046862, 0.69779379737168],[0.5186411740426695, 1.0]
simple_nparents3_nzr04_zdr10_42.uai,simple_nparents3_nzr04_zdr10_42.csv,50,EMCC,330.5419840812683,[0.8461078455581308, 0.9902089282512219],[0.5186411740426695, 1.0]
simple_nparents3_nzr04_zdr10_42.uai,simple_nparents3_nzr04_zdr10_42.csv,50,Metropolis Hastings,12.715303897857666,[0.49151956256516405, 0.64123249978704],[0.5186411740426695, 1.0]
simple_nparents3_nzr04_zdr10_42.uai,simple_nparents3_nzr04_zdr10_42.csv,60,Gibbs,14.806074857711792,[0.6204535023495382, 0.754542114618257],[0.5186411740426695, 1.0]
simple_nparents3_nzr04_zdr10_42.uai,simple_nparents3_nzr04_zdr10_42.csv,60,EMCC,396.4699819087982,[0.875446332440537, 0.9890195555911887],[0.5186411740426695, 1.0]
simple_nparents3_nzr04_zdr10_42.uai,simple_nparents3_nzr04_zdr10_42.csv,60,Metropolis Hastings,14.828098058700562,[0.4862165035440366, 0.6161320361318864],[0.5186411740426695, 1.0]
simple_nparents3_nzr04_zdr10_42.uai,simple_nparents3_nzr04_zdr10_42.csv,70,Gibbs,17.200374126434326,[0.6257799402615728, 0.7438212207676176],[0.5186411740426695, 1.0]
simple_nparents3_nzr04_zdr10_42.uai,simple_nparents3_nzr04_zdr10_42.csv,70,EMCC,462.69935631752014,[0.8369932186301599, 0.9849178313569095],[0.5186411740426695, 1.0]
simple_nparents3_nzr04_zdr10_42.uai,simple_nparents3_nzr04_zdr10_42.csv,70,Metropolis Hastings,17.093181133270264,[0.4206700878142874, 0.6273079586014907],[0.5186411740426695, 1.0]
simple_nparents3_nzr04_zdr10_42.uai,simple_nparents3_nzr04_zdr10_42.csv,80,Gibbs,19.71953010559082,[0.5801550992004327, 0.7191592331397154],[0.5186411740426695, 1.0]
simple_nparents3_nzr04_zdr10_42.uai,simple_nparents3_nzr04_zdr10_42.csv,80,EMCC,528.804584980011,[0.8770955738807964, 0.9863728846809645],[0.5186411740426695, 1.0]
simple_nparents3_nzr04_zdr10_42.uai,simple_nparents3_nzr04_zdr10_42.csv,80,Metropolis Hastings,19.4282488822937,[0.4831473708039174, 0.6472999313273358],[0.5186411740426695, 1.0]
simple_nparents3_nzr04_zdr10_42.uai,simple_nparents3_nzr04_zdr10_42.csv,90,Gibbs,22.022460222244263,[0.5825268582261544, 0.7336878344714152],[0.5186411740426695, 1.0]
simple_nparents3_nzr04_zdr10_42.uai,simple_nparents3_nzr04_zdr10_42.csv,90,EMCC,594.1629130840302,[0.8682279209144714, 0.989915254742203],[0.5186411740426695, 1.0]
simple_nparents3_nzr04_zdr10_42.uai,simple_nparents3_nzr04_zdr10_42.csv,90,Metropolis Hastings,21.47416877746582,[0.4500633118749515, 0.6821374340368811],[0.5186411740426695, 1.0]
simple_nparents3_nzr04_zdr10_42.uai,simple_nparents3_nzr04_zdr10_42.csv,100,Gibbs,24.748584032058716,[0.5311130941364488, 0.6583502179113542],[0.5186411740426695, 1.0]
simple_nparents3_nzr04_zdr10_42.uai,simple_nparents3_nzr04_zdr10_42.csv,100,EMCC,660.2960951328278,[0.8528633123469876, 0.9848234629478015],[0.5186411740426695, 1.0]
simple_nparents3_nzr04_zdr10_42.uai,simple_nparents3_nzr04_zdr10_42.csv,100,Metropolis Hastings,23.90417194366455,[0.4420058722285602, 0.6349001901475523],[0.5186411740426695, 1.0]
simple_nparents2_nzr08_zdr05_19.uai,simple_nparents2_nzr08_zdr05_19.csv,10,Gibbs,0.25507402420043945,[0.4527131840291975, 0.5882961808608316],[0.6797007643613783, 0.923645707870893]
simple_nparents2_nzr08_zdr05_19.uai,simple_nparents2_nzr08_zdr05_19.csv,10,EMCC,10.258924961090088,[0.70853002359267, 0.7364576944097978],[0.6797007643613783, 0.923645707870893]
simple_nparents2_nzr08_zdr05_19.uai,simple_nparents2_nzr08_zdr05_19.csv,10,Metropolis Hastings,0.8876211643218994,[0.33607778404058297, 0.6211065633635584],[0.6797007643613783, 0.923645707870893]
simple_nparents2_nzr08_zdr05_19.uai,simple_nparents2_nzr08_zdr05_19.csv,20,Gibbs,0.5101380348205566,[0.45183803846493487, 0.5916540666818518],[0.6797007643613783, 0.923645707870893]
simple_nparents2_nzr08_zdr05_19.uai,simple_nparents2_nzr08_zdr05_19.csv,20,EMCC,20.675272941589355,[0.6887786427647034, 0.8136671081023397],[0.6797007643613783, 0.923645707870893]
simple_nparents2_nzr08_zdr05_19.uai,simple_nparents2_nzr08_zdr05_19.csv,20,Metropolis Hastings,1.5538890361785889,[0.33607778404058297, 0.5938202037145955],[0.6797007643613783, 0.923645707870893]
simple_nparents2_nzr08_zdr05_19.uai,simple_nparents2_nzr08_zdr05_19.csv,30,Gibbs,0.744516134262085,[0.6945486582623442, 0.8361645400706815],[0.6797007643613783, 0.923645707870893]
simple_nparents2_nzr08_zdr05_19.uai,simple_nparents2_nzr08_zdr05_19.csv,30,EMCC,30.902017831802368,[0.671341976341215, 0.8354811586899201],[0.6797007643613783, 0.923645707870893]
simple_nparents2_nzr08_zdr05_19.uai,simple_nparents2_nzr08_zdr05_19.csv,30,Metropolis Hastings,2.2291760444641113,[0.33607778404058297, 0.6044141090819558],[0.6797007643613783, 0.923645707870893]
simple_nparents2_nzr08_zdr05_19.uai,simple_nparents2_nzr08_zdr05_19.csv,40,Gibbs,0.9934999942779541,[0.7740928363143089, 0.8877653152934184],[0.6797007643613783, 0.923645707870893]
simple_nparents2_nzr08_zdr05_19.uai,simple_nparents2_nzr08_zdr05_19.csv,40,EMCC,41.36797285079956,[0.6801819143754794, 0.8263253345461135],[0.6797007643613783, 0.923645707870893]
simple_nparents2_nzr08_zdr05_19.uai,simple_nparents2_nzr08_zdr05_19.csv,40,Metropolis Hastings,2.892644166946411,[0.33607778404058297, 0.6580183590473794],[0.6797007643613783, 0.923645707870893]
simple_nparents2_nzr08_zdr05_19.uai,simple_nparents2_nzr08_zdr05_19.csv,50,Gibbs,1.22798490524292,[0.6381662355871349, 0.7861747159283864],[0.6797007643613783, 0.923645707870893]
simple_nparents2_nzr08_zdr05_19.uai,simple_nparents2_nzr08_zdr05_19.csv,50,EMCC,51.622231006622314,[0.680006909480576, 0.7942215066389909],[0.6797007643613783, 0.923645707870893]
simple_nparents2_nzr08_zdr05_19.uai,simple_nparents2_nzr08_zdr05_19.csv,50,Metropolis Hastings,3.5669350624084473,[0.33607778404058297, 0.6447718272655212],[0.6797007643613783, 0.923645707870893]
simple_nparents2_nzr08_zdr05_19.uai,simple_nparents2_nzr08_zdr05_19.csv,60,Gibbs,1.4878730773925781,[0.67121472848942, 0.7937793149671823],[0.6797007643613783, 0.923645707870893]
simple_nparents2_nzr08_zdr05_19.uai,simple_nparents2_nzr08_zdr05_19.csv,60,EMCC,61.95994710922241,[0.6834307539514207, 0.8166077091990798],[0.6797007643613783, 0.923645707870893]
simple_nparents2_nzr08_zdr05_19.uai,simple_nparents2_nzr08_zdr05_19.csv,60,Metropolis Hastings,4.224829912185669,[0.33607778404058297, 0.6085983957201782],[0.6797007643613783, 0.923645707870893]
simple_nparents2_nzr08_zdr05_19.uai,simple_nparents2_nzr08_zdr05_19.csv,70,Gibbs,1.7075462341308594,[0.7030741429646514, 0.9056592382232146],[0.6797007643613783, 0.923645707870893]
simple_nparents2_nzr08_zdr05_19.uai,simple_nparents2_nzr08_zdr05_19.csv,70,EMCC,72.15215802192688,[0.6778301477991606, 0.8258150541369914],[0.6797007643613783, 0.923645707870893]
simple_nparents2_nzr08_zdr05_19.uai,simple_nparents2_nzr08_zdr05_19.csv,70,Metropolis Hastings,5.015622138977051,[0.33607778404058297, 0.6794815463637517],[0.6797007643613783, 0.923645707870893]
simple_nparents2_nzr08_zdr05_19.uai,simple_nparents2_nzr08_zdr05_19.csv,80,Gibbs,1.948730230331421,[0.6128757676898912, 0.8154327167304279],[0.6797007643613783, 0.923645707870893]
simple_nparents2_nzr08_zdr05_19.uai,simple_nparents2_nzr08_zdr05_19.csv,80,EMCC,82.400799036026,[0.6718712902479723, 0.8341476974381867],[0.6797007643613783, 0.923645707870893]
simple_nparents2_nzr08_zdr05_19.uai,simple_nparents2_nzr08_zdr05_19.csv,80,Metropolis Hastings,5.557625770568848,[0.33607778404058297, 0.7140393350667845],[0.6797007643613783, 0.923645707870893]
simple_nparents2_nzr08_zdr05_19.uai,simple_nparents2_nzr08_zdr05_19.csv,90,Gibbs,2.202470064163208,[0.6491048781275803, 0.8115365592501879],[0.6797007643613783, 0.923645707870893]
simple_nparents2_nzr08_zdr05_19.uai,simple_nparents2_nzr08_zdr05_19.csv,90,EMCC,92.88129782676697,[0.6794075280337556, 0.8444006920171861],[0.6797007643613783, 0.923645707870893]
simple_nparents2_nzr08_zdr05_19.uai,simple_nparents2_nzr08_zdr05_19.csv,90,Metropolis Hastings,6.241950988769531,[0.33607778404058297, 0.6781610222620863],[0.6797007643613783, 0.923645707870893]
simple_nparents2_nzr08_zdr05_19.uai,simple_nparents2_nzr08_zdr05_19.csv,100,Gibbs,2.439629077911377,[0.6623921073619351, 0.8470531571791172],[0.6797007643613783, 0.923645707870893]
simple_nparents2_nzr08_zdr05_19.uai,simple_nparents2_nzr08_zdr05_19.csv,100,EMCC,103.05811882019043,[0.6781991056219152, 0.8167887794817459],[0.6797007643613783, 0.923645707870893]
simple_nparents2_nzr08_zdr05_19.uai,simple_nparents2_nzr08_zdr05_19.csv,100,Metropolis Hastings,6.86307692527771,[0.33607778404058297, 0.6701478804413555],[0.6797007643613783, 0.923645707870893]
simple_nparents2_nzr06_zdr05_5.uai,simple_nparents2_nzr06_zdr05_5.csv,10,Gibbs,0.21859097480773926,[0.3412922043439853, 0.48672870569510984],[0.508484891607299, 0.7371775177375601]
simple_nparents2_nzr06_zdr05_5.uai,simple_nparents2_nzr06_zdr05_5.csv,10,EMCC,10.930694103240967,[0.5133345186324996, 0.6275544413755983],[0.508484891607299, 0.7371775177375601]
simple_nparents2_nzr06_zdr05_5.uai,simple_nparents2_nzr06_zdr05_5.csv,10,Metropolis Hastings,0.8287661075592041,[0.3629545853370626, 0.5589175242568227],[0.508484891607299, 0.7371775177375601]
simple_nparents2_nzr06_zdr05_5.uai,simple_nparents2_nzr06_zdr05_5.csv,20,Gibbs,0.43519115447998047,[0.596886152380291, 0.6533573149950465],[0.508484891607299, 0.7371775177375601]
simple_nparents2_nzr06_zdr05_5.uai,simple_nparents2_nzr06_zdr05_5.csv,20,EMCC,21.701427936553955,[0.49694802632768986, 0.6228273818143372],[0.508484891607299, 0.7371775177375601]
simple_nparents2_nzr06_zdr05_5.uai,simple_nparents2_nzr06_zdr05_5.csv,20,Metropolis Hastings,1.4747438430786133,[0.3742061782573132, 0.5582014237411479],[0.508484891607299, 0.7371775177375601]
simple_nparents2_nzr06_zdr05_5.uai,simple_nparents2_nzr06_zdr05_5.csv,30,Gibbs,0.6408729553222656,[0.45131271008022056, 0.5580932396372073],[0.508484891607299, 0.7371775177375601]
simple_nparents2_nzr06_zdr05_5.uai,simple_nparents2_nzr06_zdr05_5.csv,30,EMCC,32.46607303619385,[0.5146334989547114, 0.6617678177082855],[0.508484891607299, 0.7371775177375601]
simple_nparents2_nzr06_zdr05_5.uai,simple_nparents2_nzr06_zdr05_5.csv,30,Metropolis Hastings,2.117269992828369,[0.2734287091061372, 0.6423187043456606],[0.508484891607299, 0.7371775177375601]
simple_nparents2_nzr06_zdr05_5.uai,simple_nparents2_nzr06_zdr05_5.csv,40,Gibbs,0.8474030494689941,[0.5671389335845866, 0.7049377231666667],[0.508484891607299, 0.7371775177375601]
simple_nparents2_nzr06_zdr05_5.uai,simple_nparents2_nzr06_zdr05_5.csv,40,EMCC,43.419431924819946,[0.5124278222298214, 0.6575959174983095],[0.508484891607299, 0.7371775177375601]
simple_nparents2_nzr06_zdr05_5.uai,simple_nparents2_nzr06_zdr05_5.csv,40,Metropolis Hastings,2.75571608543396,[0.4873425233565627, 0.7054174909286316],[0.508484891607299, 0.7371775177375601]
simple_nparents2_nzr06_zdr05_5.uai,simple_nparents2_nzr06_zdr05_5.csv,50,Gibbs,1.0545082092285156,[0.5691205884159533, 0.6917035222097179],[0.508484891607299, 0.7371775177375601]
simple_nparents2_nzr06_zdr05_5.uai,simple_nparents2_nzr06_zdr05_5.csv,50,EMCC,54.21342086791992,[0.4868945568414149, 0.6779445138912524],[0.508484891607299, 0.7371775177375601]
simple_nparents2_nzr06_zdr05_5.uai,simple_nparents2_nzr06_zdr05_5.csv,50,Metropolis Hastings,3.4044859409332275,[0.2734539434817159, 0.6356797595484438],[0.508484891607299, 0.7371775177375601]
simple_nparents2_nzr06_zdr05_5.uai,simple_nparents2_nzr06_zdr05_5.csv,60,Gibbs,1.2666630744934082,[0.5046485525252619, 0.7238460982220696],[0.508484891607299, 0.7371775177375601]
simple_nparents2_nzr06_zdr05_5.uai,simple_nparents2_nzr06_zdr05_5.csv,60,EMCC,65.1717939376831,[0.5110926012687932, 0.6592508220981651],[0.508484891607299, 0.7371775177375601]
simple_nparents2_nzr06_zdr05_5.uai,simple_nparents2_nzr06_zdr05_5.csv,60,Metropolis Hastings,4.05124306678772,[0.4873425233565627, 0.678650082824238],[0.508484891607299, 0.7371775177375601]
simple_nparents2_nzr06_zdr05_5.uai,simple_nparents2_nzr06_zdr05_5.csv,70,Gibbs,1.4714038372039795,[0.502272837546716, 0.644405529614743],[0.508484891607299, 0.7371775177375601]
simple_nparents2_nzr06_zdr05_5.uai,simple_nparents2_nzr06_zdr05_5.csv,70,EMCC,75.98481512069702,[0.5072471768491962, 0.6651874175146419],[0.508484891607299, 0.7371775177375601]
simple_nparents2_nzr06_zdr05_5.uai,simple_nparents2_nzr06_zdr05_5.csv,70,Metropolis Hastings,4.699742078781128,[0.1975553041169467, 0.6676785987245836],[0.508484891607299, 0.7371775177375601]
simple_nparents2_nzr06_zdr05_5.uai,simple_nparents2_nzr06_zdr05_5.csv,80,Gibbs,1.6817951202392578,[0.4285280675442632, 0.6181218568033102],[0.508484891607299, 0.7371775177375601]
simple_nparents2_nzr06_zdr05_5.uai,simple_nparents2_nzr06_zdr05_5.csv,80,EMCC,86.95615577697754,[0.5072488025346533, 0.6753414859235284],[0.508484891607299, 0.7371775177375601]
simple_nparents2_nzr06_zdr05_5.uai,simple_nparents2_nzr06_zdr05_5.csv,80,Metropolis Hastings,5.344789981842041,[0.4873425233565627, 0.7107008705782306],[0.508484891607299, 0.7371775177375601]
simple_nparents2_nzr06_zdr05_5.uai,simple_nparents2_nzr06_zdr05_5.csv,90,Gibbs,1.8844249248504639,[0.49674106190848993, 0.6221399293512825],[0.508484891607299, 0.7371775177375601]
simple_nparents2_nzr06_zdr05_5.uai,simple_nparents2_nzr06_zdr05_5.csv,90,EMCC,97.86805987358093,[0.5070402158127392, 0.6455776051275364],[0.508484891607299, 0.7371775177375601]
simple_nparents2_nzr06_zdr05_5.uai,simple_nparents2_nzr06_zdr05_5.csv,90,Metropolis Hastings,6.1122260093688965,[0.47428334908086256, 0.7557142997937789],[0.508484891607299, 0.7371775177375601]
simple_nparents2_nzr06_zdr05_5.uai,simple_nparents2_nzr06_zdr05_5.csv,100,Gibbs,2.081256866455078,[0.486190104553547, 0.6726864584593484],[0.508484891607299, 0.7371775177375601]
simple_nparents2_nzr06_zdr05_5.uai,simple_nparents2_nzr06_zdr05_5.csv,100,EMCC,108.80542206764221,[0.5042480643045025, 0.6514217424538071],[0.508484891607299, 0.7371775177375601]
simple_nparents2_nzr06_zdr05_5.uai,simple_nparents2_nzr06_zdr05_5.csv,100,Metropolis Hastings,6.667314291000366,[0.39718455216272874, 0.705576717881411],[0.508484891607299, 0.7371775177375601]
simple_nparents3_nzr06_zdr05_3.uai,simple_nparents3_nzr06_zdr05_3.csv,10,Gibbs,6.310615062713623,[0.555008738945872, 0.652406326138086],[0.0350496035773281, 1.0]
simple_nparents3_nzr06_zdr05_3.uai,simple_nparents3_nzr06_zdr05_3.csv,10,EMCC,135.2051990032196,[0.9021190574462634, 0.9339680240903125],[0.0350496035773281, 1.0]
simple_nparents3_nzr06_zdr05_3.uai,simple_nparents3_nzr06_zdr05_3.csv,10,Metropolis Hastings,8.077461957931519,[0.4938270237923265, 0.6180067321709045],[0.0350496035773281, 1.0]
simple_nparents3_nzr06_zdr05_3.uai,simple_nparents3_nzr06_zdr05_3.csv,20,Gibbs,12.150791883468628,[0.5999255298980029, 0.7276400639950146],[0.0350496035773281, 1.0]
simple_nparents3_nzr06_zdr05_3.uai,simple_nparents3_nzr06_zdr05_3.csv,20,EMCC,267.1478741168976,[0.8983916008731659, 0.938456714358331],[0.0350496035773281, 1.0]
simple_nparents3_nzr06_zdr05_3.uai,simple_nparents3_nzr06_zdr05_3.csv,20,Metropolis Hastings,12.286372184753418,[0.424429477536506, 0.6146915832749595],[0.0350496035773281, 1.0]
simple_nparents3_nzr06_zdr05_3.uai,simple_nparents3_nzr06_zdr05_3.csv,30,Gibbs,17.72053813934326,[0.5588284872334396, 0.6726878401001495],[0.0350496035773281, 1.0]
simple_nparents3_nzr06_zdr05_3.uai,simple_nparents3_nzr06_zdr05_3.csv,30,EMCC,400.8179581165314,[0.89825745248228, 0.944812217175705],[0.0350496035773281, 1.0]
simple_nparents3_nzr06_zdr05_3.uai,simple_nparents3_nzr06_zdr05_3.csv,30,Metropolis Hastings,16.598297834396362,[0.4938270237923265, 0.6549796438902569],[0.0350496035773281, 1.0]
simple_nparents3_nzr06_zdr05_3.uai,simple_nparents3_nzr06_zdr05_3.csv,40,Gibbs,23.576436042785645,[0.5290822458220213, 0.6917327980330623],[0.0350496035773281, 1.0]
simple_nparents3_nzr06_zdr05_3.uai,simple_nparents3_nzr06_zdr05_3.csv,40,EMCC,534.8142540454865,[0.8952846338068529, 0.9482873023539615],[0.0350496035773281, 1.0]
simple_nparents3_nzr06_zdr05_3.uai,simple_nparents3_nzr06_zdr05_3.csv,40,Metropolis Hastings,20.97614884376526,[0.46704974480802786, 0.6172637387713393],[0.0350496035773281, 1.0]
simple_nparents3_nzr06_zdr05_3.uai,simple_nparents3_nzr06_zdr05_3.csv,50,Gibbs,29.33439612388611,[0.5084115665724532, 0.6717206954582745],[0.0350496035773281, 1.0]
simple_nparents3_nzr06_zdr05_3.uai,simple_nparents3_nzr06_zdr05_3.csv,50,EMCC,668.5707240104675,[0.9015617984106346, 0.941075323209211],[0.0350496035773281, 1.0]
simple_nparents3_nzr06_zdr05_3.uai,simple_nparents3_nzr06_zdr05_3.csv,50,Metropolis Hastings,25.293906211853027,[0.4938270237923265, 0.6645526061454702],[0.0350496035773281, 1.0]
simple_nparents3_nzr06_zdr05_3.uai,simple_nparents3_nzr06_zdr05_3.csv,60,Gibbs,35.2415087223053,[0.5179429744754834, 0.6375120243704523],[0.0350496035773281, 1.0]
simple_nparents3_nzr06_zdr05_3.uai,simple_nparents3_nzr06_zdr05_3.csv,60,EMCC,802.2870941162109,[0.9014287094338637, 0.9380217993076568],[0.0350496035773281, 1.0]
simple_nparents3_nzr06_zdr05_3.uai,simple_nparents3_nzr06_zdr05_3.csv,60,Metropolis Hastings,29.690736770629883,[0.43933722302767914, 0.6618174789389453],[0.0350496035773281, 1.0]
simple_nparents3_nzr06_zdr05_3.uai,simple_nparents3_nzr06_zdr05_3.csv,70,Gibbs,40.660146951675415,[0.515170386958342, 0.634604984357186],[0.0350496035773281, 1.0]
simple_nparents3_nzr06_zdr05_3.uai,simple_nparents3_nzr06_zdr05_3.csv,70,EMCC,935.9238760471344,[0.8846330010782844, 0.9492284452321941],[0.0350496035773281, 1.0]
simple_nparents3_nzr06_zdr05_3.uai,simple_nparents3_nzr06_zdr05_3.csv,70,Metropolis Hastings,33.871110916137695,[0.46171979525234547, 0.6335733637010019],[0.0350496035773281, 1.0]
simple_nparents3_nzr06_zdr05_3.uai,simple_nparents3_nzr06_zdr05_3.csv,80,Gibbs,46.661800146102905,[0.5114929008577669, 0.646691846500508],[0.0350496035773281, 1.0]
simple_nparents3_nzr06_zdr05_3.uai,simple_nparents3_nzr06_zdr05_3.csv,80,EMCC,1073.0475552082062,[0.8963979304825938, 0.9455050739038452],[0.0350496035773281, 1.0]
simple_nparents3_nzr06_zdr05_3.uai,simple_nparents3_nzr06_zdr05_3.csv,80,Metropolis Hastings,38.621304988861084,[0.4938270237923265, 0.6471184287939625],[0.0350496035773281, 1.0]
simple_nparents3_nzr06_zdr05_3.uai,simple_nparents3_nzr06_zdr05_3.csv,90,Gibbs,52.70868992805481,[0.5225128128403236, 0.6583443173222713],[0.0350496035773281, 1.0]
simple_nparents3_nzr06_zdr05_3.uai,simple_nparents3_nzr06_zdr05_3.csv,90,EMCC,1203.7919118404388,[0.8882341759798453, 0.9517979991169329],[0.0350496035773281, 1.0]
simple_nparents3_nzr06_zdr05_3.uai,simple_nparents3_nzr06_zdr05_3.csv,90,Metropolis Hastings,42.608654260635376,[0.45400654472213253, 0.6713131443340417],[0.0350496035773281, 1.0]
simple_nparents3_nzr06_zdr05_3.uai,simple_nparents3_nzr06_zdr05_3.csv,100,Gibbs,58.03887724876404,[0.5153949949154538, 0.6533309933559819],[0.0350496035773281, 1.0]
simple_nparents3_nzr06_zdr05_3.uai,simple_nparents3_nzr06_zdr05_3.csv,100,EMCC,1345.9358081817627,[0.8947687647904737, 0.9490807116856108],[0.0350496035773281, 1.0]
simple_nparents3_nzr06_zdr05_3.uai,simple_nparents3_nzr06_zdr05_3.csv,100,Metropolis Hastings,46.9071249961853,[0.48253068961441714, 0.6430685522326278],[0.0350496035773281, 1.0]
simple_nparents3_nzr02_zdr05_64.uai,simple_nparents3_nzr02_zdr05_64.csv,10,Gibbs,4.378340721130371,[0.527542364086652, 0.6758283663420313],[0.9500294647241884, 0.987710296042434]
simple_nparents3_nzr02_zdr05_64.uai,simple_nparents3_nzr02_zdr05_64.csv,10,EMCC,95.4534080028534,[0.9566922307523, 0.9610819984498855],[0.9500294647241884, 0.987710296042434]
simple_nparents3_nzr02_zdr05_64.uai,simple_nparents3_nzr02_zdr05_64.csv,10,Metropolis Hastings,5.7753801345825195,[0.504543914673567, 0.6203014171810549],[0.9500294647241884, 0.987710296042434]
simple_nparents3_nzr02_zdr05_64.uai,simple_nparents3_nzr02_zdr05_64.csv,20,Gibbs,8.453127145767212,[0.4686205163161569, 0.7712200941083716],[0.9500294647241884, 0.987710296042434]
simple_nparents3_nzr02_zdr05_64.uai,simple_nparents3_nzr02_zdr05_64.csv,20,EMCC,190.7876160144806,[0.9531920684305957, 0.9639816372376026],[0.9500294647241884, 0.987710296042434]
simple_nparents3_nzr02_zdr05_64.uai,simple_nparents3_nzr02_zdr05_64.csv,20,Metropolis Hastings,8.998734951019287,[0.4774482151201319, 0.6068583577267606],[0.9500294647241884, 0.987710296042434]
simple_nparents3_nzr02_zdr05_64.uai,simple_nparents3_nzr02_zdr05_64.csv,30,Gibbs,12.445926189422607,[0.6178607578965993, 0.7799472407488262],[0.9500294647241884, 0.987710296042434]
simple_nparents3_nzr02_zdr05_64.uai,simple_nparents3_nzr02_zdr05_64.csv,30,EMCC,286.4161002635956,[0.9545699694848875, 0.9643134576752661],[0.9500294647241884, 0.987710296042434]
simple_nparents3_nzr02_zdr05_64.uai,simple_nparents3_nzr02_zdr05_64.csv,30,Metropolis Hastings,12.264822244644165,[0.5217808003093979, 0.5938574862031204],[0.9500294647241884, 0.987710296042434]
simple_nparents3_nzr02_zdr05_64.uai,simple_nparents3_nzr02_zdr05_64.csv,40,Gibbs,16.56467580795288,[0.7047825667927498, 0.7789430594691428],[0.9500294647241884, 0.987710296042434]
simple_nparents3_nzr02_zdr05_64.uai,simple_nparents3_nzr02_zdr05_64.csv,40,EMCC,384.1544201374054,[0.9554859256707918, 0.9625599823071178],[0.9500294647241884, 0.987710296042434]
simple_nparents3_nzr02_zdr05_64.uai,simple_nparents3_nzr02_zdr05_64.csv,40,Metropolis Hastings,15.650746822357178,[0.514962712921459, 0.6432770220312384],[0.9500294647241884, 0.987710296042434]
simple_nparents3_nzr02_zdr05_64.uai,simple_nparents3_nzr02_zdr05_64.csv,50,Gibbs,20.75840401649475,[0.7144762286205956, 0.811066264804005],[0.9500294647241884, 0.987710296042434]
simple_nparents3_nzr02_zdr05_64.uai,simple_nparents3_nzr02_zdr05_64.csv,50,EMCC,480.8658618927002,[0.9540854975851764, 0.9638311820131188],[0.9500294647241884, 0.987710296042434]
simple_nparents3_nzr02_zdr05_64.uai,simple_nparents3_nzr02_zdr05_64.csv,50,Metropolis Hastings,18.86429786682129,[0.4793249723448765, 0.6664128485995805],[0.9500294647241884, 0.987710296042434]
simple_nparents3_nzr02_zdr05_64.uai,simple_nparents3_nzr02_zdr05_64.csv,60,Gibbs,24.580063104629517,[0.6693389329858885, 0.8264145414971555],[0.9500294647241884, 0.987710296042434]
simple_nparents3_nzr02_zdr05_64.uai,simple_nparents3_nzr02_zdr05_64.csv,60,EMCC,573.1105570793152,[0.9550031284060558, 0.9636399374551641],[0.9500294647241884, 0.987710296042434]
simple_nparents3_nzr02_zdr05_64.uai,simple_nparents3_nzr02_zdr05_64.csv,60,Metropolis Hastings,21.96358299255371,[0.483016323512555, 0.6479898531048375],[0.9500294647241884, 0.987710296042434]
simple_nparents3_nzr02_zdr05_64.uai,simple_nparents3_nzr02_zdr05_64.csv,70,Gibbs,28.567651987075806,[0.7051909931964376, 0.8237492566951686],[0.9500294647241884, 0.987710296042434]
simple_nparents3_nzr02_zdr05_64.uai,simple_nparents3_nzr02_zdr05_64.csv,70,EMCC,671.4708199501038,[0.9541775831092096, 0.9642733373946816],[0.9500294647241884, 0.987710296042434]
simple_nparents3_nzr02_zdr05_64.uai,simple_nparents3_nzr02_zdr05_64.csv,70,Metropolis Hastings,25.575464248657227,[0.4781206421199825, 0.6600542549816318],[0.9500294647241884, 0.987710296042434]
simple_nparents3_nzr02_zdr05_64.uai,simple_nparents3_nzr02_zdr05_64.csv,80,Gibbs,33.03062129020691,[0.6894637960300578, 0.8269132526960759],[0.9500294647241884, 0.987710296042434]
simple_nparents3_nzr02_zdr05_64.uai,simple_nparents3_nzr02_zdr05_64.csv,80,EMCC,767.2345321178436,[0.9523268437999559, 0.9641907384350713],[0.9500294647241884, 0.987710296042434]
simple_nparents3_nzr02_zdr05_64.uai,simple_nparents3_nzr02_zdr05_64.csv,80,Metropolis Hastings,28.535324811935425,[0.4594390231589988, 0.6479548718286533],[0.9500294647241884, 0.987710296042434]
simple_nparents3_nzr02_zdr05_64.uai,simple_nparents3_nzr02_zdr05_64.csv,90,Gibbs,36.58250331878662,[0.7036619617752384, 0.8159091267350026],[0.9500294647241884, 0.987710296042434]
simple_nparents3_nzr02_zdr05_64.uai,simple_nparents3_nzr02_zdr05_64.csv,90,EMCC,861.8674409389496,[0.9524501474774056, 0.9641403579492258],[0.9500294647241884, 0.987710296042434]
simple_nparents3_nzr02_zdr05_64.uai,simple_nparents3_nzr02_zdr05_64.csv,90,Metropolis Hastings,31.957900047302246,[0.40597113187542083, 0.7295669407925602],[0.9500294647241884, 0.987710296042434]
simple_nparents3_nzr02_zdr05_64.uai,simple_nparents3_nzr02_zdr05_64.csv,100,Gibbs,41.043347120285034,[0.693171251213923, 0.8045724746990514],[0.9500294647241884, 0.987710296042434]
simple_nparents3_nzr02_zdr05_64.uai,simple_nparents3_nzr02_zdr05_64.csv,100,EMCC,957.2272779941559,[0.9534075917569905, 0.9648436016722821],[0.9500294647241884, 0.987710296042434]
simple_nparents3_nzr02_zdr05_64.uai,simple_nparents3_nzr02_zdr05_64.csv,100,Metropolis Hastings,34.93541598320007,[0.5308909753485782, 0.6993052909413127],[0.9500294647241884, 0.987710296042434]
simple_nparents2_nzr10_zdr05_43.uai,simple_nparents2_nzr10_zdr05_43.csv,10,Gibbs,0.2749011516571045,[0.5879683745439837, 0.8562965995157735],[0.3766272004849927, 1.0]
simple_nparents2_nzr10_zdr05_43.uai,simple_nparents2_nzr10_zdr05_43.csv,10,EMCC,12.265328884124756,[0.5436292009632494, 0.7119978240574599],[0.3766272004849927, 1.0]
simple_nparents2_nzr10_zdr05_43.uai,simple_nparents2_nzr10_zdr05_43.csv,10,Metropolis Hastings,0.9132950305938721,[0.49506620424831843, 0.818369441320261],[0.3766272004849927, 1.0]
simple_nparents2_nzr10_zdr05_43.uai,simple_nparents2_nzr10_zdr05_43.csv,20,Gibbs,0.5386450290679932,[0.5363964825309294, 0.7039103909826333],[0.3766272004849927, 1.0]
simple_nparents2_nzr10_zdr05_43.uai,simple_nparents2_nzr10_zdr05_43.csv,20,EMCC,24.076632022857666,[0.5668429364498954, 0.7436249199708537],[0.3766272004849927, 1.0]
simple_nparents2_nzr10_zdr05_43.uai,simple_nparents2_nzr10_zdr05_43.csv,20,Metropolis Hastings,1.7357308864593506,[0.29811410955407086, 0.818369441320261],[0.3766272004849927, 1.0]
simple_nparents2_nzr10_zdr05_43.uai,simple_nparents2_nzr10_zdr05_43.csv,30,Gibbs,0.792813777923584,[0.49827637470067887, 0.6398502674597413],[0.3766272004849927, 1.0]
simple_nparents2_nzr10_zdr05_43.uai,simple_nparents2_nzr10_zdr05_43.csv,30,EMCC,36.21652317047119,[0.5179022671950989, 0.8257396605993363],[0.3766272004849927, 1.0]
simple_nparents2_nzr10_zdr05_43.uai,simple_nparents2_nzr10_zdr05_43.csv,30,Metropolis Hastings,2.2760708332061768,[0.5502326692708537, 0.818369441320261],[0.3766272004849927, 1.0]
simple_nparents2_nzr10_zdr05_43.uai,simple_nparents2_nzr10_zdr05_43.csv,40,Gibbs,1.0560121536254883,[0.5324294775741093, 0.7945802207558306],[0.3766272004849927, 1.0]
simple_nparents2_nzr10_zdr05_43.uai,simple_nparents2_nzr10_zdr05_43.csv,40,EMCC,48.44658613204956,[0.5387054981105934, 0.7688418244129668],[0.3766272004849927, 1.0]
simple_nparents2_nzr10_zdr05_43.uai,simple_nparents2_nzr10_zdr05_43.csv,40,Metropolis Hastings,2.962895154953003,[0.6984774857523899, 0.820143267339999],[0.3766272004849927, 1.0]
simple_nparents2_nzr10_zdr05_43.uai,simple_nparents2_nzr10_zdr05_43.csv,50,Gibbs,1.319408893585205,[0.498055247997142, 0.6115634467276434],[0.3766272004849927, 1.0]
simple_nparents2_nzr10_zdr05_43.uai,simple_nparents2_nzr10_zdr05_43.csv,50,EMCC,60.59506106376648,[0.5371538308338656, 0.7833053876302266],[0.3766272004849927, 1.0]
simple_nparents2_nzr10_zdr05_43.uai,simple_nparents2_nzr10_zdr05_43.csv,50,Metropolis Hastings,3.6531217098236084,[0.36736899914368903, 0.818369441320261],[0.3766272004849927, 1.0]
simple_nparents2_nzr10_zdr05_43.uai,simple_nparents2_nzr10_zdr05_43.csv,60,Gibbs,1.5747830867767334,[0.5381906376288815, 0.6557145284239785],[0.3766272004849927, 1.0]
simple_nparents2_nzr10_zdr05_43.uai,simple_nparents2_nzr10_zdr05_43.csv,60,EMCC,72.88843202590942,[0.5232217796131345, 0.7720187976009772],[0.3766272004849927, 1.0]
simple_nparents2_nzr10_zdr05_43.uai,simple_nparents2_nzr10_zdr05_43.csv,60,Metropolis Hastings,4.308711767196655,[0.45509538906787383, 0.8197044476551449],[0.3766272004849927, 1.0]
simple_nparents2_nzr10_zdr05_43.uai,simple_nparents2_nzr10_zdr05_43.csv,70,Gibbs,1.8412840366363525,[0.5095809823133355, 0.7467122422880369],[0.3766272004849927, 1.0]
simple_nparents2_nzr10_zdr05_43.uai,simple_nparents2_nzr10_zdr05_43.csv,70,EMCC,85.24217414855957,[0.5441891852840037, 0.8093576372027659],[0.3766272004849927, 1.0]
simple_nparents2_nzr10_zdr05_43.uai,simple_nparents2_nzr10_zdr05_43.csv,70,Metropolis Hastings,5.008789777755737,[0.5717763642438075, 0.8285101942291604],[0.3766272004849927, 1.0]
simple_nparents2_nzr10_zdr05_43.uai,simple_nparents2_nzr10_zdr05_43.csv,80,Gibbs,2.100085735321045,[0.6282911787234664, 0.8569549256553336],[0.3766272004849927, 1.0]
simple_nparents2_nzr10_zdr05_43.uai,simple_nparents2_nzr10_zdr05_43.csv,80,EMCC,97.42293190956116,[0.4888858638947442, 0.829637053246261],[0.3766272004849927, 1.0]
simple_nparents2_nzr10_zdr05_43.uai,simple_nparents2_nzr10_zdr05_43.csv,80,Metropolis Hastings,5.68946099281311,[0.517695120219048, 0.818369441320261],[0.3766272004849927, 1.0]
simple_nparents2_nzr10_zdr05_43.uai,simple_nparents2_nzr10_zdr05_43.csv,90,Gibbs,2.3602781295776367,[0.5377904835011872, 0.7367796831590433],[0.3766272004849927, 1.0]
simple_nparents2_nzr10_zdr05_43.uai,simple_nparents2_nzr10_zdr05_43.csv,90,EMCC,109.67718577384949,[0.5170855651617631, 0.816082697440144],[0.3766272004849927, 1.0]
simple_nparents2_nzr10_zdr05_43.uai,simple_nparents2_nzr10_zdr05_43.csv,90,Metropolis Hastings,6.405084848403931,[0.3582722504934499, 0.818369441320261],[0.3766272004849927, 1.0]
simple_nparents2_nzr10_zdr05_43.uai,simple_nparents2_nzr10_zdr05_43.csv,100,Gibbs,2.6341748237609863,[0.40515329692236196, 0.598685771256867],[0.3766272004849927, 1.0]
simple_nparents2_nzr10_zdr05_43.uai,simple_nparents2_nzr10_zdr05_43.csv,100,EMCC,121.75699090957642,[0.5104042303132091, 0.8245416837373809],[0.3766272004849927, 1.0]
simple_nparents2_nzr10_zdr05_43.uai,simple_nparents2_nzr10_zdr05_43.csv,100,Metropolis Hastings,7.038241863250732,[0.34874471075167846, 0.818369441320261],[0.3766272004849927, 1.0]
simple_nparents2_nzr06_zdr10_9.uai,simple_nparents2_nzr06_zdr10_9.csv,10,Gibbs,0.20958805084228516,[0.18947475995459173, 0.33107521478065893],[0.0967885547006895, 0.1475551005486002]
simple_nparents2_nzr06_zdr10_9.uai,simple_nparents2_nzr06_zdr10_9.csv,10,EMCC,10.835565090179443,[0.08772350875912407, 0.15195563868213122],[0.0967885547006895, 0.1475551005486002]
simple_nparents2_nzr06_zdr10_9.uai,simple_nparents2_nzr06_zdr10_9.csv,10,Metropolis Hastings,0.8218839168548584,[0.044952884586338566, 0.25874974639772724],[0.0967885547006895, 0.1475551005486002]
simple_nparents2_nzr06_zdr10_9.uai,simple_nparents2_nzr06_zdr10_9.csv,20,Gibbs,0.4188821315765381,[0.20361640351510343, 0.3677360034404565],[0.0967885547006895, 0.1475551005486002]
simple_nparents2_nzr06_zdr10_9.uai,simple_nparents2_nzr06_zdr10_9.csv,20,EMCC,21.41955280303955,[0.1076819469714081, 0.16140421509481684],[0.0967885547006895, 0.1475551005486002]
simple_nparents2_nzr06_zdr10_9.uai,simple_nparents2_nzr06_zdr10_9.csv,20,Metropolis Hastings,1.4708471298217773,[0.044952884586338566, 0.5772713459404976],[0.0967885547006895, 0.1475551005486002]
simple_nparents2_nzr06_zdr10_9.uai,simple_nparents2_nzr06_zdr10_9.csv,30,Gibbs,0.6169250011444092,[0.08229743222349477, 0.27473033586247425],[0.0967885547006895, 0.1475551005486002]
simple_nparents2_nzr06_zdr10_9.uai,simple_nparents2_nzr06_zdr10_9.csv,30,EMCC,32.04819297790527,[0.10365004193745254, 0.1616188265458135],[0.0967885547006895, 0.1475551005486002]
simple_nparents2_nzr06_zdr10_9.uai,simple_nparents2_nzr06_zdr10_9.csv,30,Metropolis Hastings,2.1123621463775635,[0.044952884586338566, 0.3517447640457539],[0.0967885547006895, 0.1475551005486002]
simple_nparents2_nzr06_zdr10_9.uai,simple_nparents2_nzr06_zdr10_9.csv,40,Gibbs,0.8196449279785156,[0.13937378989369995, 0.22966790157664677],[0.0967885547006895, 0.1475551005486002]
simple_nparents2_nzr06_zdr10_9.uai,simple_nparents2_nzr06_zdr10_9.csv,40,EMCC,42.85817289352417,[0.10945236143725362, 0.18185695443559474],[0.0967885547006895, 0.1475551005486002]
simple_nparents2_nzr06_zdr10_9.uai,simple_nparents2_nzr06_zdr10_9.csv,40,Metropolis Hastings,2.766458749771118,[0.044952884586338566, 0.2603959851805206],[0.0967885547006895, 0.1475551005486002]
simple_nparents2_nzr06_zdr10_9.uai,simple_nparents2_nzr06_zdr10_9.csv,50,Gibbs,1.0045409202575684,[0.16464220637179192, 0.2710227726445005],[0.0967885547006895, 0.1475551005486002]
simple_nparents2_nzr06_zdr10_9.uai,simple_nparents2_nzr06_zdr10_9.csv,50,EMCC,53.564122915267944,[0.09564762672196991, 0.16260022932738522],[0.0967885547006895, 0.1475551005486002]
simple_nparents2_nzr06_zdr10_9.uai,simple_nparents2_nzr06_zdr10_9.csv,50,Metropolis Hastings,3.397507905960083,[0.044952884586338566, 0.10950045647295734],[0.0967885547006895, 0.1475551005486002]
simple_nparents2_nzr06_zdr10_9.uai,simple_nparents2_nzr06_zdr10_9.csv,60,Gibbs,1.2164249420166016,[0.11282714124544072, 0.20481877207326296],[0.0967885547006895, 0.1475551005486002]
simple_nparents2_nzr06_zdr10_9.uai,simple_nparents2_nzr06_zdr10_9.csv,60,EMCC,64.3609688282013,[0.09611340152408648, 0.16004296528134948],[0.0967885547006895, 0.1475551005486002]
simple_nparents2_nzr06_zdr10_9.uai,simple_nparents2_nzr06_zdr10_9.csv,60,Metropolis Hastings,4.032198905944824,[0.044952884586338566, 0.5847422656303792],[0.0967885547006895, 0.1475551005486002]
simple_nparents2_nzr06_zdr10_9.uai,simple_nparents2_nzr06_zdr10_9.csv,70,Gibbs,1.415747880935669,[0.08245189075252368, 0.2411723772849488],[0.0967885547006895, 0.1475551005486002]
simple_nparents2_nzr06_zdr10_9.uai,simple_nparents2_nzr06_zdr10_9.csv,70,EMCC,75.03575706481934,[0.09509699322598346, 0.16300798377184314],[0.0967885547006895, 0.1475551005486002]
simple_nparents2_nzr06_zdr10_9.uai,simple_nparents2_nzr06_zdr10_9.csv,70,Metropolis Hastings,4.69461989402771,[0.044952884586338566, 0.3807164920066298],[0.0967885547006895, 0.1475551005486002]
simple_nparents2_nzr06_zdr10_9.uai,simple_nparents2_nzr06_zdr10_9.csv,80,Gibbs,1.617929220199585,[0.06257843821307583, 0.2498568429903371],[0.0967885547006895, 0.1475551005486002]
simple_nparents2_nzr06_zdr10_9.uai,simple_nparents2_nzr06_zdr10_9.csv,80,EMCC,85.74790406227112,[0.10595506994990782, 0.17053223989957944],[0.0967885547006895, 0.1475551005486002]
simple_nparents2_nzr06_zdr10_9.uai,simple_nparents2_nzr06_zdr10_9.csv,80,Metropolis Hastings,5.329906940460205,[0.044952884586338566, 0.4094605443834036],[0.0967885547006895, 0.1475551005486002]
simple_nparents2_nzr06_zdr10_9.uai,simple_nparents2_nzr06_zdr10_9.csv,90,Gibbs,1.8199892044067383,[0.04199432208657807, 0.18049656743508619],[0.0967885547006895, 0.1475551005486002]
simple_nparents2_nzr06_zdr10_9.uai,simple_nparents2_nzr06_zdr10_9.csv,90,EMCC,96.50484800338745,[0.0986543291639725, 0.16898357330659036],[0.0967885547006895, 0.1475551005486002]
simple_nparents2_nzr06_zdr10_9.uai,simple_nparents2_nzr06_zdr10_9.csv,90,Metropolis Hastings,5.950309991836548,[0.044952884586338566, 0.8268314877310721],[0.0967885547006895, 0.1475551005486002]
simple_nparents2_nzr06_zdr10_9.uai,simple_nparents2_nzr06_zdr10_9.csv,100,Gibbs,2.1803548336029053,[0.10436508184710075, 0.24161594842486642],[0.0967885547006895, 0.1475551005486002]
simple_nparents2_nzr06_zdr10_9.uai,simple_nparents2_nzr06_zdr10_9.csv,100,EMCC,106.99160599708557,[0.09751027056518344, 0.17594950912193927],[0.0967885547006895, 0.1475551005486002]
simple_nparents2_nzr06_zdr10_9.uai,simple_nparents2_nzr06_zdr10_9.csv,100,Metropolis Hastings,6.566713094711304,[0.044952884586338566, 0.6617189572916428],[0.0967885547006895, 0.1475551005486002]
simple_nparents2_nzr08_zdr10_38.uai,simple_nparents2_nzr08_zdr10_38.csv,10,Gibbs,0.23749518394470215,[0.40611505336980597, 0.7027253409052041],[0.297874059734319, 1.0]
simple_nparents2_nzr08_zdr10_38.uai,simple_nparents2_nzr08_zdr10_38.csv,10,EMCC,10.175049066543579,[0.2827619841651258, 0.7969720945704778],[0.297874059734319, 1.0]
simple_nparents2_nzr08_zdr10_38.uai,simple_nparents2_nzr08_zdr10_38.csv,10,Metropolis Hastings,0.8605711460113525,[0.24159686611968423, 0.7240708729472773],[0.297874059734319, 1.0]
simple_nparents2_nzr08_zdr10_38.uai,simple_nparents2_nzr08_zdr10_38.csv,20,Gibbs,0.4699850082397461,[0.2785605571383029, 0.6126543442947958],[0.297874059734319, 1.0]
simple_nparents2_nzr08_zdr10_38.uai,simple_nparents2_nzr08_zdr10_38.csv,20,EMCC,19.95351004600525,[0.23488075286155585, 0.5624818894379082],[0.297874059734319, 1.0]
simple_nparents2_nzr08_zdr10_38.uai,simple_nparents2_nzr08_zdr10_38.csv,20,Metropolis Hastings,1.5334677696228027,[0.21996736552535875, 0.7240708729472773],[0.297874059734319, 1.0]
simple_nparents2_nzr08_zdr10_38.uai,simple_nparents2_nzr08_zdr10_38.csv,30,Gibbs,0.6997470855712891,[0.28062518492519856, 0.6781488601663197],[0.297874059734319, 1.0]
simple_nparents2_nzr08_zdr10_38.uai,simple_nparents2_nzr08_zdr10_38.csv,30,EMCC,30.058860063552856,[0.23121563207978832, 0.7234146573808973],[0.297874059734319, 1.0]
simple_nparents2_nzr08_zdr10_38.uai,simple_nparents2_nzr08_zdr10_38.csv,30,Metropolis Hastings,2.177818775177002,[0.4059887724743032, 0.7240708729472773],[0.297874059734319, 1.0]
simple_nparents2_nzr08_zdr10_38.uai,simple_nparents2_nzr08_zdr10_38.csv,40,Gibbs,0.9263191223144531,[0.3429113412346841, 0.6828965445783871],[0.297874059734319, 1.0]
simple_nparents2_nzr08_zdr10_38.uai,simple_nparents2_nzr08_zdr10_38.csv,40,EMCC,39.797240018844604,[0.1331497316597193, 0.6634315473003416],[0.297874059734319, 1.0]
simple_nparents2_nzr08_zdr10_38.uai,simple_nparents2_nzr08_zdr10_38.csv,40,Metropolis Hastings,2.816804885864258,[0.28190969746422234, 0.7700331312501448],[0.297874059734319, 1.0]
simple_nparents2_nzr08_zdr10_38.uai,simple_nparents2_nzr08_zdr10_38.csv,50,Gibbs,1.1378393173217773,[0.23824470161709915, 0.6900345739822006],[0.297874059734319, 1.0]
simple_nparents2_nzr08_zdr10_38.uai,simple_nparents2_nzr08_zdr10_38.csv,50,EMCC,49.85372710227966,[0.27037360938185445, 0.6510114372343481],[0.297874059734319, 1.0]
simple_nparents2_nzr08_zdr10_38.uai,simple_nparents2_nzr08_zdr10_38.csv,50,Metropolis Hastings,3.4722228050231934,[0.234920154890669, 0.7240708729472773],[0.297874059734319, 1.0]
simple_nparents2_nzr08_zdr10_38.uai,simple_nparents2_nzr08_zdr10_38.csv,60,Gibbs,1.3686728477478027,[0.25967844554456576, 0.8412566248008216],[0.297874059734319, 1.0]
simple_nparents2_nzr08_zdr10_38.uai,simple_nparents2_nzr08_zdr10_38.csv,60,EMCC,59.725831031799316,[0.1942356687718746, 0.8327882505445444],[0.297874059734319, 1.0]
simple_nparents2_nzr08_zdr10_38.uai,simple_nparents2_nzr08_zdr10_38.csv,60,Metropolis Hastings,4.120038270950317,[0.34760670206077515, 0.7240708729472773],[0.297874059734319, 1.0]
simple_nparents2_nzr08_zdr10_38.uai,simple_nparents2_nzr08_zdr10_38.csv,70,Gibbs,1.5935089588165283,[0.2711464420714528, 0.7191705987806458],[0.297874059734319, 1.0]
simple_nparents2_nzr08_zdr10_38.uai,simple_nparents2_nzr08_zdr10_38.csv,70,EMCC,69.57750606536865,[0.21298468099889414, 0.7727957331684907],[0.297874059734319, 1.0]
simple_nparents2_nzr08_zdr10_38.uai,simple_nparents2_nzr08_zdr10_38.csv,70,Metropolis Hastings,4.779971122741699,[0.2494817498910951, 0.7240708729472773],[0.297874059734319, 1.0]
simple_nparents2_nzr08_zdr10_38.uai,simple_nparents2_nzr08_zdr10_38.csv,80,Gibbs,1.9754197597503662,[0.31155999211451385, 0.7615464195454777],[0.297874059734319, 1.0]
simple_nparents2_nzr08_zdr10_38.uai,simple_nparents2_nzr08_zdr10_38.csv,80,EMCC,79.3593111038208,[0.09679643369222646, 0.8003393769197303],[0.297874059734319, 1.0]
simple_nparents2_nzr08_zdr10_38.uai,simple_nparents2_nzr08_zdr10_38.csv,80,Metropolis Hastings,5.404016971588135,[0.3388017590462858, 0.7240708729472773],[0.297874059734319, 1.0]
simple_nparents2_nzr08_zdr10_38.uai,simple_nparents2_nzr08_zdr10_38.csv,90,Gibbs,2.0385310649871826,[0.2548354203473357, 0.7422671957603297],[0.297874059734319, 1.0]
simple_nparents2_nzr08_zdr10_38.uai,simple_nparents2_nzr08_zdr10_38.csv,90,EMCC,89.42128896713257,[0.27170994652700214, 0.7696471473860139],[0.297874059734319, 1.0]
simple_nparents2_nzr08_zdr10_38.uai,simple_nparents2_nzr08_zdr10_38.csv,90,Metropolis Hastings,6.214290380477905,[0.3364529099860496, 0.7389878858057621],[0.297874059734319, 1.0]
simple_nparents2_nzr08_zdr10_38.uai,simple_nparents2_nzr08_zdr10_38.csv,100,Gibbs,2.2522308826446533,[0.179118187057384, 0.6069106548811476],[0.297874059734319, 1.0]
simple_nparents2_nzr08_zdr10_38.uai,simple_nparents2_nzr08_zdr10_38.csv,100,EMCC,99.32916522026062,[0.2452317714226252, 0.6933917774842548],[0.297874059734319, 1.0]
simple_nparents2_nzr08_zdr10_38.uai,simple_nparents2_nzr08_zdr10_38.csv,100,Metropolis Hastings,6.722805023193359,[0.22735070760548096, 0.7541321535701949],[0.297874059734319, 1.0]
simple_nparents2_nzr08_zdr10_10.uai,simple_nparents2_nzr08_zdr10_10.csv,10,Gibbs,0.23701882362365723,[0.2805090016000063, 0.3026765483416956],[0.0792824688679011, 0.3119301449463023]
simple_nparents2_nzr08_zdr10_10.uai,simple_nparents2_nzr08_zdr10_10.csv,10,EMCC,11.256382942199707,[0.19383069615963122, 0.252191103819163],[0.0792824688679011, 0.3119301449463023]
simple_nparents2_nzr08_zdr10_10.uai,simple_nparents2_nzr08_zdr10_10.csv,10,Metropolis Hastings,0.8579850196838379,[0.07513783145182464, 0.43267999634517224],[0.0792824688679011, 0.3119301449463023]
simple_nparents2_nzr08_zdr10_10.uai,simple_nparents2_nzr08_zdr10_10.csv,20,Gibbs,0.4609546661376953,[0.19044132501120842, 0.2534064516542027],[0.0792824688679011, 0.3119301449463023]
simple_nparents2_nzr08_zdr10_10.uai,simple_nparents2_nzr08_zdr10_10.csv,20,EMCC,22.537286281585693,[0.15909592768199124, 0.2908472781680706],[0.0792824688679011, 0.3119301449463023]
simple_nparents2_nzr08_zdr10_10.uai,simple_nparents2_nzr08_zdr10_10.csv,20,Metropolis Hastings,1.5178959369659424,[0.07513783145182464, 0.5686855796096142],[0.0792824688679011, 0.3119301449463023]
simple_nparents2_nzr08_zdr10_10.uai,simple_nparents2_nzr08_zdr10_10.csv,30,Gibbs,0.6932971477508545,[0.2121013339024325, 0.38889543363079854],[0.0792824688679011, 0.3119301449463023]
simple_nparents2_nzr08_zdr10_10.uai,simple_nparents2_nzr08_zdr10_10.csv,30,EMCC,33.72055196762085,[0.09474232571272301, 0.3854352632316034],[0.0792824688679011, 0.3119301449463023]
simple_nparents2_nzr08_zdr10_10.uai,simple_nparents2_nzr08_zdr10_10.csv,30,Metropolis Hastings,2.1684091091156006,[0.07513783145182464, 0.7208261779829392],[0.0792824688679011, 0.3119301449463023]
simple_nparents2_nzr08_zdr10_10.uai,simple_nparents2_nzr08_zdr10_10.csv,40,Gibbs,1.0404717922210693,[0.17508445116865196, 0.25968106280817677],[0.0792824688679011, 0.3119301449463023]
simple_nparents2_nzr08_zdr10_10.uai,simple_nparents2_nzr08_zdr10_10.csv,40,EMCC,44.92393612861633,[0.09439648819638995, 0.28004156549413306],[0.0792824688679011, 0.3119301449463023]
simple_nparents2_nzr08_zdr10_10.uai,simple_nparents2_nzr08_zdr10_10.csv,40,Metropolis Hastings,2.8339550495147705,[0.07513783145182464, 0.46395227297911634],[0.0792824688679011, 0.3119301449463023]
simple_nparents2_nzr08_zdr10_10.uai,simple_nparents2_nzr08_zdr10_10.csv,50,Gibbs,1.135267734527588,[0.17959275003860592, 0.3094550806760523],[0.0792824688679011, 0.3119301449463023]
simple_nparents2_nzr08_zdr10_10.uai,simple_nparents2_nzr08_zdr10_10.csv,50,EMCC,56.33419895172119,[0.11760422547782379, 0.34969042668077777],[0.0792824688679011, 0.3119301449463023]
simple_nparents2_nzr08_zdr10_10.uai,simple_nparents2_nzr08_zdr10_10.csv,50,Metropolis Hastings,3.468794822692871,[0.07513783145182464, 0.6619898919019662],[0.0792824688679011, 0.3119301449463023]
simple_nparents2_nzr08_zdr10_10.uai,simple_nparents2_nzr08_zdr10_10.csv,60,Gibbs,1.375960111618042,[0.25162558928580325, 0.4221115506541602],[0.0792824688679011, 0.3119301449463023]
simple_nparents2_nzr08_zdr10_10.uai,simple_nparents2_nzr08_zdr10_10.csv,60,EMCC,67.66875696182251,[0.09999763187902362, 0.3265150318654468],[0.0792824688679011, 0.3119301449463023]
simple_nparents2_nzr08_zdr10_10.uai,simple_nparents2_nzr08_zdr10_10.csv,60,Metropolis Hastings,4.157243967056274,[0.07513783145182464, 0.3372329035530713],[0.0792824688679011, 0.3119301449463023]
simple_nparents2_nzr08_zdr10_10.uai,simple_nparents2_nzr08_zdr10_10.csv,70,Gibbs,1.5974340438842773,[0.16148667008653675, 0.3290892783555368],[0.0792824688679011, 0.3119301449463023]
simple_nparents2_nzr08_zdr10_10.uai,simple_nparents2_nzr08_zdr10_10.csv,70,EMCC,78.7962417602539,[0.11471095759394384, 0.3204676050189972],[0.0792824688679011, 0.3119301449463023]
simple_nparents2_nzr08_zdr10_10.uai,simple_nparents2_nzr08_zdr10_10.csv,70,Metropolis Hastings,4.770188093185425,[0.07513783145182464, 0.44899318288529655],[0.0792824688679011, 0.3119301449463023]
simple_nparents2_nzr08_zdr10_10.uai,simple_nparents2_nzr08_zdr10_10.csv,80,Gibbs,1.9673521518707275,[0.17016494436021193, 0.4302139310647653],[0.0792824688679011, 0.3119301449463023]
simple_nparents2_nzr08_zdr10_10.uai,simple_nparents2_nzr08_zdr10_10.csv,80,EMCC,89.98386001586914,[0.11426725033996198, 0.3047247858594333],[0.0792824688679011, 0.3119301449463023]
simple_nparents2_nzr08_zdr10_10.uai,simple_nparents2_nzr08_zdr10_10.csv,80,Metropolis Hastings,5.459564924240112,[0.07513783145182464, 0.6972617940364153],[0.0792824688679011, 0.3119301449463023]
simple_nparents2_nzr08_zdr10_10.uai,simple_nparents2_nzr08_zdr10_10.csv,90,Gibbs,2.0438013076782227,[0.15726425150386442, 0.3545814134915694],[0.0792824688679011, 0.3119301449463023]
simple_nparents2_nzr08_zdr10_10.uai,simple_nparents2_nzr08_zdr10_10.csv,90,EMCC,101.4740719795227,[0.10705087101053166, 0.3448848560222196],[0.0792824688679011, 0.3119301449463023]
simple_nparents2_nzr08_zdr10_10.uai,simple_nparents2_nzr08_zdr10_10.csv,90,Metropolis Hastings,6.077763795852661,[0.07513783145182464, 0.7715609908253539],[0.0792824688679011, 0.3119301449463023]
simple_nparents2_nzr08_zdr10_10.uai,simple_nparents2_nzr08_zdr10_10.csv,100,Gibbs,2.2628238201141357,[0.15025438294452897, 0.2897262515459078],[0.0792824688679011, 0.3119301449463023]
simple_nparents2_nzr08_zdr10_10.uai,simple_nparents2_nzr08_zdr10_10.csv,100,EMCC,112.84535098075867,[0.11826176118806232, 0.3309611842345408],[0.0792824688679011, 0.3119301449463023]
simple_nparents2_nzr08_zdr10_10.uai,simple_nparents2_nzr08_zdr10_10.csv,100,Metropolis Hastings,6.781765937805176,[0.07513783145182464, 0.7278783656055289],[0.0792824688679011, 0.3119301449463023]
simple_nparents2_nzr08_zdr10_6.uai,simple_nparents2_nzr08_zdr10_6.csv,10,Gibbs,0.24016809463500977,[0.6584021068881104, 0.6990990830754884],[0.4106324166136031, 0.6659446722325095]
simple_nparents2_nzr08_zdr10_6.uai,simple_nparents2_nzr08_zdr10_6.csv,10,EMCC,11.323009014129639,[0.47878703035160597, 0.5916008963005799],[0.4106324166136031, 0.6659446722325095]
simple_nparents2_nzr08_zdr10_6.uai,simple_nparents2_nzr08_zdr10_6.csv,10,Metropolis Hastings,0.8564372062683105,[0.27469928282831824, 0.9642975231341219],[0.4106324166136031, 0.6659446722325095]
simple_nparents2_nzr08_zdr10_6.uai,simple_nparents2_nzr08_zdr10_6.csv,20,Gibbs,0.4718339443206787,[0.4951399959269093, 0.569568895819758],[0.4106324166136031, 0.6659446722325095]
simple_nparents2_nzr08_zdr10_6.uai,simple_nparents2_nzr08_zdr10_6.csv,20,EMCC,22.722795009613037,[0.5196117468817432, 0.6440682892557975],[0.4106324166136031, 0.6659446722325095]
simple_nparents2_nzr08_zdr10_6.uai,simple_nparents2_nzr08_zdr10_6.csv,20,Metropolis Hastings,1.523435115814209,[0.4950443121739796, 0.9642975231341219],[0.4106324166136031, 0.6659446722325095]
simple_nparents2_nzr08_zdr10_6.uai,simple_nparents2_nzr08_zdr10_6.csv,30,Gibbs,0.6922831535339355,[0.4987631189902274, 0.5651929815818321],[0.4106324166136031, 0.6659446722325095]
simple_nparents2_nzr08_zdr10_6.uai,simple_nparents2_nzr08_zdr10_6.csv,30,EMCC,33.91091704368591,[0.5166811747450428, 0.6342169760347361],[0.4106324166136031, 0.6659446722325095]
simple_nparents2_nzr08_zdr10_6.uai,simple_nparents2_nzr08_zdr10_6.csv,30,Metropolis Hastings,2.171156883239746,[0.5154505637903561, 0.9642975231341219],[0.4106324166136031, 0.6659446722325095]
simple_nparents2_nzr08_zdr10_6.uai,simple_nparents2_nzr08_zdr10_6.csv,40,Gibbs,0.9181358814239502,[0.48838803678121606, 0.6098033602979656],[0.4106324166136031, 0.6659446722325095]
simple_nparents2_nzr08_zdr10_6.uai,simple_nparents2_nzr08_zdr10_6.csv,40,EMCC,45.404133796691895,[0.5230077482172932, 0.6547900887026017],[0.4106324166136031, 0.6659446722325095]
simple_nparents2_nzr08_zdr10_6.uai,simple_nparents2_nzr08_zdr10_6.csv,40,Metropolis Hastings,2.8469998836517334,[0.5798352782107673, 0.9642975231341219],[0.4106324166136031, 0.6659446722325095]
simple_nparents2_nzr08_zdr10_6.uai,simple_nparents2_nzr08_zdr10_6.csv,50,Gibbs,1.1498780250549316,[0.5325493131643627, 0.757536098223745],[0.4106324166136031, 0.6659446722325095]
simple_nparents2_nzr08_zdr10_6.uai,simple_nparents2_nzr08_zdr10_6.csv,50,EMCC,56.77049517631531,[0.5317493633406656, 0.6289354394142386],[0.4106324166136031, 0.6659446722325095]
simple_nparents2_nzr08_zdr10_6.uai,simple_nparents2_nzr08_zdr10_6.csv,50,Metropolis Hastings,3.513859272003174,[0.48889919263933046, 0.9642975231341219],[0.4106324166136031, 0.6659446722325095]
simple_nparents2_nzr08_zdr10_6.uai,simple_nparents2_nzr08_zdr10_6.csv,60,Gibbs,1.3826820850372314,[0.5980041916102787, 0.7098041144228641],[0.4106324166136031, 0.6659446722325095]
simple_nparents2_nzr08_zdr10_6.uai,simple_nparents2_nzr08_zdr10_6.csv,60,EMCC,68.25531697273254,[0.45295471442948565, 0.6666428657925506],[0.4106324166136031, 0.6659446722325095]
simple_nparents2_nzr08_zdr10_6.uai,simple_nparents2_nzr08_zdr10_6.csv,60,Metropolis Hastings,4.167107105255127,[0.41884576535545565, 0.9642975231341219],[0.4106324166136031, 0.6659446722325095]
simple_nparents2_nzr08_zdr10_6.uai,simple_nparents2_nzr08_zdr10_6.csv,70,Gibbs,1.5936331748962402,[0.48021365187810305, 0.64980660445036],[0.4106324166136031, 0.6659446722325095]
simple_nparents2_nzr08_zdr10_6.uai,simple_nparents2_nzr08_zdr10_6.csv,70,EMCC,79.69849109649658,[0.46905238021638435, 0.6538952851743709],[0.4106324166136031, 0.6659446722325095]
simple_nparents2_nzr08_zdr10_6.uai,simple_nparents2_nzr08_zdr10_6.csv,70,Metropolis Hastings,4.843937158584595,[0.31195265373954995, 0.9642975231341219],[0.4106324166136031, 0.6659446722325095]
simple_nparents2_nzr08_zdr10_6.uai,simple_nparents2_nzr08_zdr10_6.csv,80,Gibbs,1.836409091949463,[0.455433823133078, 0.626120730737683],[0.4106324166136031, 0.6659446722325095]
simple_nparents2_nzr08_zdr10_6.uai,simple_nparents2_nzr08_zdr10_6.csv,80,EMCC,90.75991821289062,[0.5101171801485297, 0.6508024582442303],[0.4106324166136031, 0.6659446722325095]
simple_nparents2_nzr08_zdr10_6.uai,simple_nparents2_nzr08_zdr10_6.csv,80,Metropolis Hastings,5.457147121429443,[0.4854122009269544, 0.9642975231341219],[0.4106324166136031, 0.6659446722325095]
simple_nparents2_nzr08_zdr10_6.uai,simple_nparents2_nzr08_zdr10_6.csv,90,Gibbs,2.033168077468872,[0.49488967749071805, 0.6528482626281894],[0.4106324166136031, 0.6659446722325095]
simple_nparents2_nzr08_zdr10_6.uai,simple_nparents2_nzr08_zdr10_6.csv,90,EMCC,101.5938172340393,[0.5042289471591854, 0.6792235543849263],[0.4106324166136031, 0.6659446722325095]
simple_nparents2_nzr08_zdr10_6.uai,simple_nparents2_nzr08_zdr10_6.csv,90,Metropolis Hastings,6.094444751739502,[0.5422256442153807, 0.9642975231341219],[0.4106324166136031, 0.6659446722325095]
simple_nparents2_nzr08_zdr10_6.uai,simple_nparents2_nzr08_zdr10_6.csv,100,Gibbs,2.2774319648742676,[0.4438775604267274, 0.7219955352648675],[0.4106324166136031, 0.6659446722325095]
simple_nparents2_nzr08_zdr10_6.uai,simple_nparents2_nzr08_zdr10_6.csv,100,EMCC,112.64979004859924,[0.47297518016947265, 0.6839283437003406],[0.4106324166136031, 0.6659446722325095]
simple_nparents2_nzr08_zdr10_6.uai,simple_nparents2_nzr08_zdr10_6.csv,100,Metropolis Hastings,6.731526851654053,[0.46685704280768525, 0.9642975231341219],[0.4106324166136031, 0.6659446722325095]