2026-02-02 16:15:18,993|INFO|random_mc2_n6_mid3_d1000_05_mr098_r10_158_uai_EMCC_100_n200_roFalse_s0: Loading model from ../models/synthetic/s123/random_mc2_n6_mid3_d1000_05_mr098_r10_158.uai
2026-02-02 16:15:19,003|INFO|random_mc2_n6_mid3_d1000_05_mr098_r10_158_uai_EMCC_100_n200_roFalse_s0: Loading data from ../models/synthetic/s123/random_mc2_n6_mid3_d1000_05_mr098_r10_158.csv
2026-02-02 16:15:19,016|INFO|random_mc2_n6_mid3_d1000_05_mr098_r10_158_uai_EMCC_100_n200_roFalse_s0: PNS(V3,V5) exact: (8.867665431e-05, 0.009532690396884)
2026-02-02 16:15:19,566|INFO|random_mc2_n6_mid3_d1000_05_mr098_r10_174_uai_EMCC_100_n200_roTrue_s0: Loading model from ../models/synthetic/s123/random_mc2_n6_mid3_d1000_05_mr098_r10_174.uai
2026-02-02 16:15:19,581|INFO|random_mc2_n6_mid3_d1000_05_mr098_r10_174_uai_EMCC_100_n200_roTrue_s0: Loading data from ../models/synthetic/s123/random_mc2_n6_mid3_d1000_05_mr098_r10_174.csv
2026-02-02 16:15:19,592|ERROR|random_mc2_n6_mid3_d1000_05_mr098_r10_174_uai_EMCC_100_n200_roTrue_s0: File exists, not rewriting.
2026-02-02 16:15:24,850|INFO|random_mc2_n6_mid3_d1000_05_mr098_r10_158_uai_EMCC_100_n200_roFalse_s0: [0.0176,0.0176]	 1 runs	 rmse=0.01932	 T_learn=5798 ms. 	 T_infer=26 ms.
2026-02-02 16:15:24,862|INFO|random_mc2_n6_mid3_d1000_05_mr098_r10_158_uai_EMCC_100_n200_roFalse_s0: Saving results to ../results/synthetic/s123/random_mc2_n6_mid3_d1000_05_mr098_r10_158_uai_EMCC_100_n200_roFalse_s0.csv
2026-02-02 16:15:27,427|INFO|random_mc2_n5_mid3_d1000_05_mr098_r10_176_uai_EMCC_100_n200_roTrue_s0: Loading model from ../models/synthetic/s123/random_mc2_n5_mid3_d1000_05_mr098_r10_176.uai
2026-02-02 16:15:27,436|INFO|random_mc2_n5_mid3_d1000_05_mr098_r10_176_uai_EMCC_100_n200_roTrue_s0: Loading data from ../models/synthetic/s123/random_mc2_n5_mid3_d1000_05_mr098_r10_176.csv
2026-02-02 16:15:27,444|ERROR|random_mc2_n5_mid3_d1000_05_mr098_r10_176_uai_EMCC_100_n200_roTrue_s0: File exists, not rewriting.
2026-02-02 16:15:30,798|INFO|random_mc2_n6_mid3_d1000_05_mr098_r10_158_uai_EMCC_100_n200_roFalse_s0: [0.0012,0.0176]	 2 runs	 rmse=0.00817	 T_learn=11684 ms. 	 T_infer=50 ms.
2026-02-02 16:15:30,806|INFO|random_mc2_n6_mid3_d1000_05_mr098_r10_158_uai_EMCC_100_n200_roFalse_s0: Saving results to ../results/synthetic/s123/random_mc2_n6_mid3_d1000_05_mr098_r10_158_uai_EMCC_100_n200_roFalse_s0.csv
2026-02-02 16:15:36,688|INFO|random_mc2_n6_mid3_d1000_05_mr098_r10_158_uai_EMCC_100_n200_roFalse_s0: [0.0012,0.0222]	 3 runs	 rmse=0.01273	 T_learn=17491 ms. 	 T_infer=75 ms.
2026-02-02 16:15:36,693|INFO|random_mc2_n6_mid3_d1000_05_mr098_r10_158_uai_EMCC_100_n200_roFalse_s0: Saving results to ../results/synthetic/s123/random_mc2_n6_mid3_d1000_05_mr098_r10_158_uai_EMCC_100_n200_roFalse_s0.csv
2026-02-02 16:15:37,988|INFO|random_mc2_n7_mid3_d1000_05_mr098_r10_15_uai_EMCC_100_n200_roTrue_s0: Loading model from ../models/synthetic/s123/random_mc2_n7_mid3_d1000_05_mr098_r10_15.uai
2026-02-02 16:15:38,003|INFO|random_mc2_n7_mid3_d1000_05_mr098_r10_15_uai_EMCC_100_n200_roTrue_s0: Loading data from ../models/synthetic/s123/random_mc2_n7_mid3_d1000_05_mr098_r10_15.csv
2026-02-02 16:15:38,020|INFO|random_mc2_n7_mid3_d1000_05_mr098_r10_15_uai_EMCC_100_n200_roTrue_s0: PNS(V0,V6) exact: (0.3220170880214336, 0.5255000671372351)
2026-02-02 16:15:42,694|INFO|random_mc2_n6_mid3_d1000_05_mr098_r10_158_uai_EMCC_100_n200_roFalse_s0: [0.0012,0.0241]	 4 runs	 rmse=0.01459	 T_learn=23394 ms. 	 T_infer=99 ms.
2026-02-02 16:15:42,704|INFO|random_mc2_n6_mid3_d1000_05_mr098_r10_158_uai_EMCC_100_n200_roFalse_s0: Saving results to ../results/synthetic/s123/random_mc2_n6_mid3_d1000_05_mr098_r10_158_uai_EMCC_100_n200_roFalse_s0.csv
2026-02-02 16:15:46,188|INFO|random_mc2_n5_mid3_d1000_05_mr098_r10_11_uai_EMCC_100_n200_roTrue_s0: Loading model from ../models/synthetic/s123/random_mc2_n5_mid3_d1000_05_mr098_r10_11.uai
2026-02-02 16:15:46,206|INFO|random_mc2_n5_mid3_d1000_05_mr098_r10_11_uai_EMCC_100_n200_roTrue_s0: Loading data from ../models/synthetic/s123/random_mc2_n5_mid3_d1000_05_mr098_r10_11.csv
2026-02-02 16:15:46,221|ERROR|random_mc2_n5_mid3_d1000_05_mr098_r10_11_uai_EMCC_100_n200_roTrue_s0: File exists, not rewriting.
2026-02-02 16:15:47,789|INFO|random_mc2_n6_mid3_d1000_05_mr098_r10_169_uai_EMCC_100_n200_roFalse_s0: Loading model from ../models/synthetic/s123/random_mc2_n6_mid3_d1000_05_mr098_r10_169.uai
2026-02-02 16:15:47,796|INFO|random_mc2_n6_mid3_d1000_05_mr098_r10_169_uai_EMCC_100_n200_roFalse_s0: Loading data from ../models/synthetic/s123/random_mc2_n6_mid3_d1000_05_mr098_r10_169.csv
2026-02-02 16:15:47,807|INFO|random_mc2_n6_mid3_d1000_05_mr098_r10_169_uai_EMCC_100_n200_roFalse_s0: PNS(V2,V3) exact: (0.0, 0.039991749496806)
2026-02-02 16:15:48,158|INFO|random_mc2_n6_mid3_d1000_05_mr098_r10_158_uai_EMCC_100_n200_roFalse_s0: [0.0012,0.0241]	 5 runs	 rmse=0.01459	 T_learn=28721 ms. 	 T_infer=127 ms.
2026-02-02 16:15:48,167|INFO|random_mc2_n6_mid3_d1000_05_mr098_r10_158_uai_EMCC_100_n200_roFalse_s0: Saving results to ../results/synthetic/s123/random_mc2_n6_mid3_d1000_05_mr098_r10_158_uai_EMCC_100_n200_roFalse_s0.csv
2026-02-02 16:15:48,618|INFO|random_mc2_n7_mid3_d1000_05_mr098_r10_15_uai_EMCC_100_n200_roTrue_s0: [0.4152,0.4152]	 1 runs	 rmse=0.14439	 T_learn=10523 ms. 	 T_infer=67 ms.
2026-02-02 16:15:48,631|INFO|random_mc2_n7_mid3_d1000_05_mr098_r10_15_uai_EMCC_100_n200_roTrue_s0: Saving results to ../results/synthetic/s123/random_mc2_n7_mid3_d1000_05_mr098_r10_15_uai_EMCC_100_n200_roTrue_s0.csv
2026-02-02 16:15:53,889|INFO|random_mc2_n6_mid3_d1000_05_mr098_r10_169_uai_EMCC_100_n200_roFalse_s0: [0.0240,0.0240]	 1 runs	 rmse=0.02883	 T_learn=6047 ms. 	 T_infer=30 ms.
2026-02-02 16:15:53,900|INFO|random_mc2_n6_mid3_d1000_05_mr098_r10_169_uai_EMCC_100_n200_roFalse_s0: Saving results to ../results/synthetic/s123/random_mc2_n6_mid3_d1000_05_mr098_r10_169_uai_EMCC_100_n200_roFalse_s0.csv
2026-02-02 16:15:54,293|INFO|random_mc2_n6_mid3_d1000_05_mr098_r10_158_uai_EMCC_100_n200_roFalse_s0: [0.0012,0.0241]	 6 runs	 rmse=0.01459	 T_learn=34700 ms. 	 T_infer=148 ms.
2026-02-02 16:15:54,299|INFO|random_mc2_n6_mid3_d1000_05_mr098_r10_158_uai_EMCC_100_n200_roFalse_s0: Saving results to ../results/synthetic/s123/random_mc2_n6_mid3_d1000_05_mr098_r10_158_uai_EMCC_100_n200_roFalse_s0.csv
2026-02-02 16:15:58,856|INFO|random_mc2_n7_mid3_d1000_05_mr098_r10_15_uai_EMCC_100_n200_roTrue_s0: [0.3968,0.4152]	 2 runs	 rmse=0.13325	 T_learn=20616 ms. 	 T_infer=131 ms.
2026-02-02 16:15:58,862|INFO|random_mc2_n7_mid3_d1000_05_mr098_r10_15_uai_EMCC_100_n200_roTrue_s0: Saving results to ../results/synthetic/s123/random_mc2_n7_mid3_d1000_05_mr098_r10_15_uai_EMCC_100_n200_roTrue_s0.csv
2026-02-02 16:15:59,655|INFO|random_mc2_n6_mid3_d1000_05_mr098_r10_158_uai_EMCC_100_n200_roFalse_s0: [0.0012,0.0335]	 7 runs	 rmse=0.02401	 T_learn=39883 ms. 	 T_infer=173 ms.
2026-02-02 16:15:59,661|INFO|random_mc2_n6_mid3_d1000_05_mr098_r10_158_uai_EMCC_100_n200_roFalse_s0: Saving results to ../results/synthetic/s123/random_mc2_n6_mid3_d1000_05_mr098_r10_158_uai_EMCC_100_n200_roFalse_s0.csv
2026-02-02 16:16:00,005|INFO|random_mc2_n6_mid3_d1000_05_mr098_r10_169_uai_EMCC_100_n200_roFalse_s0: [0.0156,0.0240]	 2 runs	 rmse=0.02235	 T_learn=12093 ms. 	 T_infer=59 ms.
2026-02-02 16:16:00,011|INFO|random_mc2_n6_mid3_d1000_05_mr098_r10_169_uai_EMCC_100_n200_roFalse_s0: Saving results to ../results/synthetic/s123/random_mc2_n6_mid3_d1000_05_mr098_r10_169_uai_EMCC_100_n200_roFalse_s0.csv
2026-02-02 16:16:04,448|INFO|random_mc2_n6_mid3_d1000_05_mr098_r10_111_uai_EMCC_100_n200_roFalse_s0: Loading model from ../models/synthetic/s123/random_mc2_n6_mid3_d1000_05_mr098_r10_111.uai
2026-02-02 16:16:04,464|INFO|random_mc2_n6_mid3_d1000_05_mr098_r10_111_uai_EMCC_100_n200_roFalse_s0: Loading data from ../models/synthetic/s123/random_mc2_n6_mid3_d1000_05_mr098_r10_111.csv
2026-02-02 16:16:04,485|INFO|random_mc2_n6_mid3_d1000_05_mr098_r10_111_uai_EMCC_100_n200_roFalse_s0: PNS(V2,V0) exact: (0.0, 0.0)
2026-02-02 16:16:04,485|ERROR|random_mc2_n6_mid3_d1000_05_mr098_r10_111_uai_EMCC_100_n200_roFalse_s0: Model does not have any cause-effect path.
2026-02-02 16:16:04,511|INFO|random_mc2_n6_mid3_d1000_05_mr098_r10_172_uai_EMCC_100_n200_roTrue_s0: Loading model from ../models/synthetic/s123/random_mc2_n6_mid3_d1000_05_mr098_r10_172.uai
2026-02-02 16:16:04,526|INFO|random_mc2_n6_mid3_d1000_05_mr098_r10_172_uai_EMCC_100_n200_roTrue_s0: Loading data from ../models/synthetic/s123/random_mc2_n6_mid3_d1000_05_mr098_r10_172.csv
2026-02-02 16:16:04,538|ERROR|random_mc2_n6_mid3_d1000_05_mr098_r10_172_uai_EMCC_100_n200_roTrue_s0: File exists, not rewriting.
2026-02-02 16:16:04,630|INFO|random_mc2_n5_mid3_d1000_05_mr098_r10_114_uai_EMCC_100_n200_roTrue_s0: Loading model from ../models/synthetic/s123/random_mc2_n5_mid3_d1000_05_mr098_r10_114.uai
2026-02-02 16:16:04,658|INFO|random_mc2_n5_mid3_d1000_05_mr098_r10_114_uai_EMCC_100_n200_roTrue_s0: Loading data from ../models/synthetic/s123/random_mc2_n5_mid3_d1000_05_mr098_r10_114.csv
2026-02-02 16:16:04,672|ERROR|random_mc2_n5_mid3_d1000_05_mr098_r10_114_uai_EMCC_100_n200_roTrue_s0: File exists, not rewriting.
2026-02-02 16:16:04,976|INFO|random_mc2_n7_mid3_d1000_05_mr098_r10_195_uai_EMCC_100_n200_roTrue_s0: Loading model from ../models/synthetic/s123/random_mc2_n7_mid3_d1000_05_mr098_r10_195.uai
2026-02-02 16:16:04,997|INFO|random_mc2_n7_mid3_d1000_05_mr098_r10_195_uai_EMCC_100_n200_roTrue_s0: Loading data from ../models/synthetic/s123/random_mc2_n7_mid3_d1000_05_mr098_r10_195.csv
2026-02-02 16:16:05,011|ERROR|random_mc2_n7_mid3_d1000_05_mr098_r10_195_uai_EMCC_100_n200_roTrue_s0: File exists, not rewriting.
2026-02-02 16:16:05,150|INFO|random_mc2_n6_mid3_d1000_05_mr098_r10_158_uai_EMCC_100_n200_roFalse_s0: [0.0012,0.0335]	 8 runs	 rmse=0.02401	 T_learn=45174 ms. 	 T_infer=198 ms.
2026-02-02 16:16:05,157|INFO|random_mc2_n6_mid3_d1000_05_mr098_r10_158_uai_EMCC_100_n200_roFalse_s0: Saving results to ../results/synthetic/s123/random_mc2_n6_mid3_d1000_05_mr098_r10_158_uai_EMCC_100_n200_roFalse_s0.csv
2026-02-02 16:16:06,102|INFO|random_mc2_n5_mid3_d1000_05_mr098_r10_196_uai_EMCC_100_n200_roTrue_s0: Loading model from ../models/synthetic/s123/random_mc2_n5_mid3_d1000_05_mr098_r10_196.uai
2026-02-02 16:16:06,121|INFO|random_mc2_n5_mid3_d1000_05_mr098_r10_196_uai_EMCC_100_n200_roTrue_s0: Loading data from ../models/synthetic/s123/random_mc2_n5_mid3_d1000_05_mr098_r10_196.csv
2026-02-02 16:16:06,130|ERROR|random_mc2_n5_mid3_d1000_05_mr098_r10_196_uai_EMCC_100_n200_roTrue_s0: File exists, not rewriting.
2026-02-02 16:16:06,145|INFO|random_mc2_n6_mid3_d1000_05_mr098_r10_169_uai_EMCC_100_n200_roFalse_s0: [0.0156,0.0240]	 3 runs	 rmse=0.02235	 T_learn=18139 ms. 	 T_infer=88 ms.
2026-02-02 16:16:06,150|INFO|random_mc2_n6_mid3_d1000_05_mr098_r10_169_uai_EMCC_100_n200_roFalse_s0: Saving results to ../results/synthetic/s123/random_mc2_n6_mid3_d1000_05_mr098_r10_169_uai_EMCC_100_n200_roFalse_s0.csv
2026-02-02 16:16:06,208|INFO|random_mc2_n7_mid3_d1000_05_mr098_r10_163_uai_EMCC_100_n200_roFalse_s0: Loading model from ../models/synthetic/s123/random_mc2_n7_mid3_d1000_05_mr098_r10_163.uai
2026-02-02 16:16:06,231|INFO|random_mc2_n7_mid3_d1000_05_mr098_r10_163_uai_EMCC_100_n200_roFalse_s0: Loading data from ../models/synthetic/s123/random_mc2_n7_mid3_d1000_05_mr098_r10_163.csv
2026-02-02 16:16:06,248|INFO|random_mc2_n7_mid3_d1000_05_mr098_r10_163_uai_EMCC_100_n200_roFalse_s0: PNS(V0,V4) exact: (0.043281704345418, 0.2976756657121581)
2026-02-02 16:16:06,952|INFO|random_mc2_n5_mid3_d1000_05_mr098_r10_95_uai_EMCC_100_n200_roTrue_s0: Loading model from ../models/synthetic/s123/random_mc2_n5_mid3_d1000_05_mr098_r10_95.uai
2026-02-02 16:16:06,970|INFO|random_mc2_n6_mid3_d1000_05_mr098_r10_178_uai_EMCC_100_n200_roFalse_s0: Loading model from ../models/synthetic/s123/random_mc2_n6_mid3_d1000_05_mr098_r10_178.uai
2026-02-02 16:16:06,961|INFO|random_mc2_n5_mid3_d1000_05_mr098_r10_95_uai_EMCC_100_n200_roTrue_s0: Loading data from ../models/synthetic/s123/random_mc2_n5_mid3_d1000_05_mr098_r10_95.csv
2026-02-02 16:16:06,977|INFO|random_mc2_n5_mid3_d1000_05_mr098_r10_95_uai_EMCC_100_n200_roTrue_s0: PNS(V2,V3) exact: (0.0, 0.0190074356112)
2026-02-02 16:16:06,984|INFO|random_mc2_n6_mid3_d1000_05_mr098_r10_178_uai_EMCC_100_n200_roFalse_s0: Loading data from ../models/synthetic/s123/random_mc2_n6_mid3_d1000_05_mr098_r10_178.csv
2026-02-02 16:16:06,998|INFO|random_mc2_n6_mid3_d1000_05_mr098_r10_178_uai_EMCC_100_n200_roFalse_s0: PNS(V3,V5) exact: (0.1134567257784353, 0.3551658025191099)
2026-02-02 16:16:07,081|INFO|random_mc2_n5_mid3_d1000_05_mr098_r10_111_uai_EMCC_100_n200_roFalse_s0: Loading model from ../models/synthetic/s123/random_mc2_n5_mid3_d1000_05_mr098_r10_111.uai
2026-02-02 16:16:07,105|INFO|random_mc2_n5_mid3_d1000_05_mr098_r10_41_uai_EMCC_100_n200_roTrue_s0: Loading model from ../models/synthetic/s123/random_mc2_n5_mid3_d1000_05_mr098_r10_41.uai
2026-02-02 16:16:07,105|INFO|random_mc2_n5_mid3_d1000_05_mr098_r10_111_uai_EMCC_100_n200_roFalse_s0: Loading data from ../models/synthetic/s123/random_mc2_n5_mid3_d1000_05_mr098_r10_111.csv
2026-02-02 16:16:07,113|ERROR|random_mc2_n5_mid3_d1000_05_mr098_r10_111_uai_EMCC_100_n200_roFalse_s0: File exists, not rewriting.
2026-02-02 16:16:07,129|INFO|random_mc2_n6_mid3_d1000_05_mr098_r10_139_uai_EMCC_100_n200_roFalse_s0: Loading model from ../models/synthetic/s123/random_mc2_n6_mid3_d1000_05_mr098_r10_139.uai
2026-02-02 16:16:07,116|INFO|random_mc2_n5_mid3_d1000_05_mr098_r10_41_uai_EMCC_100_n200_roTrue_s0: Loading data from ../models/synthetic/s123/random_mc2_n5_mid3_d1000_05_mr098_r10_41.csv
2026-02-02 16:16:07,127|INFO|random_mc2_n5_mid3_d1000_05_mr098_r10_41_uai_EMCC_100_n200_roTrue_s0: PNS(V1,V4) exact: (0.0160025338999999, 0.0160025338999999)
2026-02-02 16:16:07,140|INFO|random_mc2_n6_mid3_d1000_05_mr098_r10_139_uai_EMCC_100_n200_roFalse_s0: Loading data from ../models/synthetic/s123/random_mc2_n6_mid3_d1000_05_mr098_r10_139.csv
2026-02-02 16:16:07,152|INFO|random_mc2_n6_mid3_d1000_05_mr098_r10_139_uai_EMCC_100_n200_roFalse_s0: PNS(V0,V4) exact: (0.00014340000000000004, 0.0143472)
2026-02-02 16:16:07,328|INFO|random_mc2_n6_mid3_d1000_05_mr098_r10_40_uai_EMCC_100_n200_roFalse_s0: Loading model from ../models/synthetic/s123/random_mc2_n6_mid3_d1000_05_mr098_r10_40.uai
2026-02-02 16:16:07,338|INFO|random_mc2_n6_mid3_d1000_05_mr098_r10_40_uai_EMCC_100_n200_roFalse_s0: Loading data from ../models/synthetic/s123/random_mc2_n6_mid3_d1000_05_mr098_r10_40.csv
2026-02-02 16:16:07,361|INFO|random_mc2_n6_mid3_d1000_05_mr098_r10_40_uai_EMCC_100_n200_roFalse_s0: PNS(V1,V5) exact: (0.0, 0.0896543509)
2026-02-02 16:16:07,473|INFO|random_mc2_n5_mid3_d1000_05_mr098_r10_81_uai_EMCC_100_n200_roFalse_s0: Loading model from ../models/synthetic/s123/random_mc2_n5_mid3_d1000_05_mr098_r10_81.uai
2026-02-02 16:16:07,489|INFO|random_mc2_n5_mid3_d1000_05_mr098_r10_81_uai_EMCC_100_n200_roFalse_s0: Loading data from ../models/synthetic/s123/random_mc2_n5_mid3_d1000_05_mr098_r10_81.csv
2026-02-02 16:16:07,500|ERROR|random_mc2_n5_mid3_d1000_05_mr098_r10_81_uai_EMCC_100_n200_roFalse_s0: File exists, not rewriting.
2026-02-02 16:16:09,106|INFO|random_mc2_n7_mid3_d1000_05_mr098_r10_15_uai_EMCC_100_n200_roTrue_s0: [0.3968,0.4376]	 3 runs	 rmse=0.11544	 T_learn=30664 ms. 	 T_infer=196 ms.
2026-02-02 16:16:09,112|INFO|random_mc2_n7_mid3_d1000_05_mr098_r10_15_uai_EMCC_100_n200_roTrue_s0: Saving results to ../results/synthetic/s123/random_mc2_n7_mid3_d1000_05_mr098_r10_15_uai_EMCC_100_n200_roTrue_s0.csv
2026-02-02 16:16:10,661|INFO|random_mc2_n5_mid3_d1000_05_mr098_r10_95_uai_EMCC_100_n200_roTrue_s0: [0.0004,0.0004]	 1 runs	 rmse=0.01859	 T_learn=3639 ms. 	 T_infer=33 ms.
2026-02-02 16:16:10,678|INFO|random_mc2_n5_mid3_d1000_05_mr098_r10_95_uai_EMCC_100_n200_roTrue_s0: Saving results to ../results/synthetic/s123/random_mc2_n5_mid3_d1000_05_mr098_r10_95_uai_EMCC_100_n200_roTrue_s0.csv
2026-02-02 16:16:11,255|INFO|random_mc2_n6_mid3_d1000_05_mr098_r10_158_uai_EMCC_100_n200_roFalse_s0: [0.0012,0.0335]	 9 runs	 rmse=0.02401	 T_learn=51049 ms. 	 T_infer=224 ms.
2026-02-02 16:16:11,261|INFO|random_mc2_n6_mid3_d1000_05_mr098_r10_158_uai_EMCC_100_n200_roFalse_s0: Saving results to ../results/synthetic/s123/random_mc2_n6_mid3_d1000_05_mr098_r10_158_uai_EMCC_100_n200_roFalse_s0.csv
2026-02-02 16:16:11,777|INFO|random_mc2_n6_mid3_d1000_05_mr098_r10_139_uai_EMCC_100_n200_roFalse_s0: [0.0075,0.0075]	 1 runs	 rmse=0.01005	 T_learn=4581 ms. 	 T_infer=34 ms.
2026-02-02 16:16:11,790|INFO|random_mc2_n6_mid3_d1000_05_mr098_r10_40_uai_EMCC_100_n200_roFalse_s0: [0.0219,0.0219]	 1 runs	 rmse=0.07119	 T_learn=4391 ms. 	 T_infer=28 ms.
2026-02-02 16:16:11,797|INFO|random_mc2_n6_mid3_d1000_05_mr098_r10_139_uai_EMCC_100_n200_roFalse_s0: Saving results to ../results/synthetic/s123/random_mc2_n6_mid3_d1000_05_mr098_r10_139_uai_EMCC_100_n200_roFalse_s0.csv
2026-02-02 16:16:11,814|INFO|random_mc2_n6_mid3_d1000_05_mr098_r10_40_uai_EMCC_100_n200_roFalse_s0: Saving results to ../results/synthetic/s123/random_mc2_n6_mid3_d1000_05_mr098_r10_40_uai_EMCC_100_n200_roFalse_s0.csv
2026-02-02 16:16:12,317|INFO|random_mc2_n6_mid3_d1000_05_mr098_r10_169_uai_EMCC_100_n200_roFalse_s0: [0.0156,0.0240]	 4 runs	 rmse=0.02235	 T_learn=24189 ms. 	 T_infer=117 ms.
2026-02-02 16:16:12,320|INFO|random_mc2_n6_mid3_d1000_05_mr098_r10_169_uai_EMCC_100_n200_roFalse_s0: Saving results to ../results/synthetic/s123/random_mc2_n6_mid3_d1000_05_mr098_r10_169_uai_EMCC_100_n200_roFalse_s0.csv
2026-02-02 16:16:13,010|INFO|random_mc2_n5_mid3_d1000_05_mr098_r10_41_uai_EMCC_100_n200_roTrue_s0: [0.0161,0.0161]	 1 runs	 rmse=0.00013	 T_learn=5830 ms. 	 T_infer=44 ms.
2026-02-02 16:16:13,025|INFO|random_mc2_n5_mid3_d1000_05_mr098_r10_41_uai_EMCC_100_n200_roTrue_s0: Saving results to ../results/synthetic/s123/random_mc2_n5_mid3_d1000_05_mr098_r10_41_uai_EMCC_100_n200_roTrue_s0.csv
2026-02-02 16:16:14,376|INFO|random_mc2_n5_mid3_d1000_05_mr098_r10_95_uai_EMCC_100_n200_roTrue_s0: [0.0000,0.0004]	 2 runs	 rmse=0.01859	 T_learn=7273 ms. 	 T_infer=65 ms.
2026-02-02 16:16:14,382|INFO|random_mc2_n5_mid3_d1000_05_mr098_r10_95_uai_EMCC_100_n200_roTrue_s0: Saving results to ../results/synthetic/s123/random_mc2_n5_mid3_d1000_05_mr098_r10_95_uai_EMCC_100_n200_roTrue_s0.csv
2026-02-02 16:16:14,715|INFO|random_mc2_n7_mid3_d1000_05_mr098_r10_163_uai_EMCC_100_n200_roFalse_s0: [0.2192,0.2192]	 1 runs	 rmse=0.19264	 T_learn=8375 ms. 	 T_infer=83 ms.
2026-02-02 16:16:14,730|INFO|random_mc2_n7_mid3_d1000_05_mr098_r10_163_uai_EMCC_100_n200_roFalse_s0: Saving results to ../results/synthetic/s123/random_mc2_n7_mid3_d1000_05_mr098_r10_163_uai_EMCC_100_n200_roFalse_s0.csv
2026-02-02 16:16:16,186|INFO|random_mc2_n6_mid3_d1000_05_mr098_r10_40_uai_EMCC_100_n200_roFalse_s0: [0.0219,0.0382]	 2 runs	 rmse=0.05592	 T_learn=8709 ms. 	 T_infer=55 ms.
2026-02-02 16:16:16,198|INFO|random_mc2_n6_mid3_d1000_05_mr098_r10_40_uai_EMCC_100_n200_roFalse_s0: Saving results to ../results/synthetic/s123/random_mc2_n6_mid3_d1000_05_mr098_r10_40_uai_EMCC_100_n200_roFalse_s0.csv
2026-02-02 16:16:16,427|INFO|random_mc2_n6_mid3_d1000_05_mr098_r10_139_uai_EMCC_100_n200_roFalse_s0: [0.0075,0.0100]	 2 runs	 rmse=0.00852	 T_learn=9143 ms. 	 T_infer=67 ms.
2026-02-02 16:16:16,433|INFO|random_mc2_n6_mid3_d1000_05_mr098_r10_139_uai_EMCC_100_n200_roFalse_s0: Saving results to ../results/synthetic/s123/random_mc2_n6_mid3_d1000_05_mr098_r10_139_uai_EMCC_100_n200_roFalse_s0.csv
2026-02-02 16:16:16,640|INFO|random_mc2_n6_mid3_d1000_05_mr098_r10_178_uai_EMCC_100_n200_roFalse_s0: [0.3042,0.3042]	 1 runs	 rmse=0.19742	 T_learn=9560 ms. 	 T_infer=72 ms.
2026-02-02 16:16:16,642|INFO|random_mc2_n6_mid3_d1000_05_mr098_r10_158_uai_EMCC_100_n200_roFalse_s0: [0.0012,0.0335]	 10 runs	 rmse=0.02401	 T_learn=56184 ms. 	 T_infer=247 ms.
2026-02-02 16:16:16,648|INFO|random_mc2_n6_mid3_d1000_05_mr098_r10_158_uai_EMCC_100_n200_roFalse_s0: Saving results to ../results/synthetic/s123/random_mc2_n6_mid3_d1000_05_mr098_r10_158_uai_EMCC_100_n200_roFalse_s0.csv
2026-02-02 16:16:16,656|INFO|random_mc2_n6_mid3_d1000_05_mr098_r10_178_uai_EMCC_100_n200_roFalse_s0: Saving results to ../results/synthetic/s123/random_mc2_n6_mid3_d1000_05_mr098_r10_178_uai_EMCC_100_n200_roFalse_s0.csv
2026-02-02 16:16:16,783|INFO|random_mc2_n5_mid3_d1000_05_mr098_r10_4_uai_EMCC_100_n200_roTrue_s0: Loading model from ../models/synthetic/s123/random_mc2_n5_mid3_d1000_05_mr098_r10_4.uai
2026-02-02 16:16:16,792|INFO|random_mc2_n5_mid3_d1000_05_mr098_r10_4_uai_EMCC_100_n200_roTrue_s0: Loading data from ../models/synthetic/s123/random_mc2_n5_mid3_d1000_05_mr098_r10_4.csv
2026-02-02 16:16:16,812|INFO|random_mc2_n5_mid3_d1000_05_mr098_r10_4_uai_EMCC_100_n200_roTrue_s0: PNS(V1,V3) exact: (0.008115440172339, 0.040113058343352)
2026-02-02 16:16:18,106|INFO|random_mc2_n5_mid3_d1000_05_mr098_r10_95_uai_EMCC_100_n200_roTrue_s0: [0.0000,0.0015]	 3 runs	 rmse=0.01753	 T_learn=10898 ms. 	 T_infer=98 ms.
2026-02-02 16:16:18,114|INFO|random_mc2_n5_mid3_d1000_05_mr098_r10_95_uai_EMCC_100_n200_roTrue_s0: Saving results to ../results/synthetic/s123/random_mc2_n5_mid3_d1000_05_mr098_r10_95_uai_EMCC_100_n200_roTrue_s0.csv
2026-02-02 16:16:18,613|INFO|random_mc2_n6_mid3_d1000_05_mr098_r10_169_uai_EMCC_100_n200_roFalse_s0: [0.0156,0.0240]	 5 runs	 rmse=0.02235	 T_learn=30335 ms. 	 T_infer=147 ms.
2026-02-02 16:16:18,617|INFO|random_mc2_n6_mid3_d1000_05_mr098_r10_169_uai_EMCC_100_n200_roFalse_s0: Saving results to ../results/synthetic/s123/random_mc2_n6_mid3_d1000_05_mr098_r10_169_uai_EMCC_100_n200_roFalse_s0.csv
2026-02-02 16:16:18,916|INFO|random_mc2_n5_mid3_d1000_05_mr098_r10_41_uai_EMCC_100_n200_roTrue_s0: [0.0160,0.0161]	 2 runs	 rmse=0.00010	 T_learn=11637 ms. 	 T_infer=84 ms.
2026-02-02 16:16:18,923|INFO|random_mc2_n5_mid3_d1000_05_mr098_r10_41_uai_EMCC_100_n200_roTrue_s0: Saving results to ../results/synthetic/s123/random_mc2_n5_mid3_d1000_05_mr098_r10_41_uai_EMCC_100_n200_roTrue_s0.csv
2026-02-02 16:16:19,644|INFO|random_mc2_n5_mid3_d1000_05_mr098_r10_4_uai_EMCC_100_n200_roTrue_s0: [0.0135,0.0135]	 1 runs	 rmse=0.02714	 T_learn=2792 ms. 	 T_infer=27 ms.
2026-02-02 16:16:19,656|INFO|random_mc2_n5_mid3_d1000_05_mr098_r10_4_uai_EMCC_100_n200_roTrue_s0: Saving results to ../results/synthetic/s123/random_mc2_n5_mid3_d1000_05_mr098_r10_4_uai_EMCC_100_n200_roTrue_s0.csv
2026-02-02 16:16:20,046|INFO|random_mc2_n7_mid3_d1000_05_mr098_r10_15_uai_EMCC_100_n200_roTrue_s0: [0.3968,0.4376]	 4 runs	 rmse=0.11544	 T_learn=41338 ms. 	 T_infer=261 ms.
2026-02-02 16:16:20,093|INFO|random_mc2_n7_mid3_d1000_05_mr098_r10_15_uai_EMCC_100_n200_roTrue_s0: Saving results to ../results/synthetic/s123/random_mc2_n7_mid3_d1000_05_mr098_r10_15_uai_EMCC_100_n200_roTrue_s0.csv
2026-02-02 16:16:20,580|INFO|random_mc2_n6_mid3_d1000_05_mr098_r10_40_uai_EMCC_100_n200_roFalse_s0: [0.0219,0.0596]	 3 runs	 rmse=0.03719	 T_learn=13008 ms. 	 T_infer=83 ms.
2026-02-02 16:16:20,585|INFO|random_mc2_n6_mid3_d1000_05_mr098_r10_40_uai_EMCC_100_n200_roFalse_s0: Saving results to ../results/synthetic/s123/random_mc2_n6_mid3_d1000_05_mr098_r10_40_uai_EMCC_100_n200_roFalse_s0.csv
2026-02-02 16:16:21,078|INFO|random_mc2_n6_mid3_d1000_05_mr098_r10_139_uai_EMCC_100_n200_roFalse_s0: [0.0070,0.0100]	 3 runs	 rmse=0.00810	 T_learn=13689 ms. 	 T_infer=100 ms.
2026-02-02 16:16:21,085|INFO|random_mc2_n6_mid3_d1000_05_mr098_r10_139_uai_EMCC_100_n200_roFalse_s0: Saving results to ../results/synthetic/s123/random_mc2_n6_mid3_d1000_05_mr098_r10_139_uai_EMCC_100_n200_roFalse_s0.csv
2026-02-02 16:16:21,860|INFO|random_mc2_n5_mid3_d1000_05_mr098_r10_95_uai_EMCC_100_n200_roTrue_s0: [0.0000,0.0015]	 4 runs	 rmse=0.01753	 T_learn=14512 ms. 	 T_infer=132 ms.
2026-02-02 16:16:21,873|INFO|random_mc2_n5_mid3_d1000_05_mr098_r10_95_uai_EMCC_100_n200_roTrue_s0: Saving results to ../results/synthetic/s123/random_mc2_n5_mid3_d1000_05_mr098_r10_95_uai_EMCC_100_n200_roTrue_s0.csv
2026-02-02 16:16:22,479|INFO|random_mc2_n5_mid3_d1000_05_mr098_r10_4_uai_EMCC_100_n200_roTrue_s0: [0.0119,0.0135]	 2 runs	 rmse=0.02687	 T_learn=5564 ms. 	 T_infer=51 ms.
2026-02-02 16:16:22,484|INFO|random_mc2_n5_mid3_d1000_05_mr098_r10_4_uai_EMCC_100_n200_roTrue_s0: Saving results to ../results/synthetic/s123/random_mc2_n5_mid3_d1000_05_mr098_r10_4_uai_EMCC_100_n200_roTrue_s0.csv
2026-02-02 16:16:22,816|INFO|random_mc2_n6_mid3_d1000_05_mr098_r10_158_uai_EMCC_100_n200_roFalse_s0: [0.0012,0.0335]	 11 runs	 rmse=0.02401	 T_learn=62079 ms. 	 T_infer=272 ms.
2026-02-02 16:16:22,821|INFO|random_mc2_n6_mid3_d1000_05_mr098_r10_158_uai_EMCC_100_n200_roFalse_s0: Saving results to ../results/synthetic/s123/random_mc2_n6_mid3_d1000_05_mr098_r10_158_uai_EMCC_100_n200_roFalse_s0.csv
2026-02-02 16:16:23,911|INFO|random_mc2_n7_mid3_d1000_05_mr098_r10_163_uai_EMCC_100_n200_roFalse_s0: [0.1956,0.2192]	 2 runs	 rmse=0.17131	 T_learn=17391 ms. 	 T_infer=164 ms.
2026-02-02 16:16:23,918|INFO|random_mc2_n7_mid3_d1000_05_mr098_r10_163_uai_EMCC_100_n200_roFalse_s0: Saving results to ../results/synthetic/s123/random_mc2_n7_mid3_d1000_05_mr098_r10_163_uai_EMCC_100_n200_roFalse_s0.csv
2026-02-02 16:16:24,865|INFO|random_mc2_n6_mid3_d1000_05_mr098_r10_169_uai_EMCC_100_n200_roFalse_s0: [0.0156,0.0240]	 6 runs	 rmse=0.02235	 T_learn=36407 ms. 	 T_infer=176 ms.
2026-02-02 16:16:24,869|INFO|random_mc2_n6_mid3_d1000_05_mr098_r10_169_uai_EMCC_100_n200_roFalse_s0: Saving results to ../results/synthetic/s123/random_mc2_n6_mid3_d1000_05_mr098_r10_169_uai_EMCC_100_n200_roFalse_s0.csv
2026-02-02 16:16:25,005|INFO|random_mc2_n5_mid3_d1000_05_mr098_r10_41_uai_EMCC_100_n200_roTrue_s0: [0.0160,0.0161]	 3 runs	 rmse=0.00010	 T_learn=17592 ms. 	 T_infer=126 ms.
2026-02-02 16:16:25,011|INFO|random_mc2_n5_mid3_d1000_05_mr098_r10_41_uai_EMCC_100_n200_roTrue_s0: Saving results to ../results/synthetic/s123/random_mc2_n5_mid3_d1000_05_mr098_r10_41_uai_EMCC_100_n200_roTrue_s0.csv
2026-02-02 16:16:25,012|INFO|random_mc2_n6_mid3_d1000_05_mr098_r10_40_uai_EMCC_100_n200_roFalse_s0: [0.0219,0.0873]	 4 runs	 rmse=0.02205	 T_learn=17324 ms. 	 T_infer=111 ms.
2026-02-02 16:16:25,018|INFO|random_mc2_n6_mid3_d1000_05_mr098_r10_40_uai_EMCC_100_n200_roFalse_s0: Saving results to ../results/synthetic/s123/random_mc2_n6_mid3_d1000_05_mr098_r10_40_uai_EMCC_100_n200_roFalse_s0.csv
2026-02-02 16:16:25,356|INFO|random_mc2_n5_mid3_d1000_05_mr098_r10_4_uai_EMCC_100_n200_roTrue_s0: [0.0119,0.0135]	 3 runs	 rmse=0.02687	 T_learn=8360 ms. 	 T_infer=76 ms.
2026-02-02 16:16:25,367|INFO|random_mc2_n5_mid3_d1000_05_mr098_r10_4_uai_EMCC_100_n200_roTrue_s0: Saving results to ../results/synthetic/s123/random_mc2_n5_mid3_d1000_05_mr098_r10_4_uai_EMCC_100_n200_roTrue_s0.csv
2026-02-02 16:16:25,652|INFO|random_mc2_n5_mid3_d1000_05_mr098_r10_95_uai_EMCC_100_n200_roTrue_s0: [0.0000,0.0007]	 5 runs	 rmse=0.01832	 T_learn=18129 ms. 	 T_infer=162 ms.
2026-02-02 16:16:25,660|INFO|random_mc2_n5_mid3_d1000_05_mr098_r10_95_uai_EMCC_100_n200_roTrue_s0: Saving results to ../results/synthetic/s123/random_mc2_n5_mid3_d1000_05_mr098_r10_95_uai_EMCC_100_n200_roTrue_s0.csv
2026-02-02 16:16:25,778|INFO|random_mc2_n6_mid3_d1000_05_mr098_r10_139_uai_EMCC_100_n200_roFalse_s0: [0.0070,0.0105]	 4 runs	 rmse=0.00783	 T_learn=18250 ms. 	 T_infer=133 ms.
2026-02-02 16:16:25,785|INFO|random_mc2_n6_mid3_d1000_05_mr098_r10_139_uai_EMCC_100_n200_roFalse_s0: Saving results to ../results/synthetic/s123/random_mc2_n6_mid3_d1000_05_mr098_r10_139_uai_EMCC_100_n200_roFalse_s0.csv
2026-02-02 16:16:26,298|INFO|random_mc2_n6_mid3_d1000_05_mr098_r10_178_uai_EMCC_100_n200_roFalse_s0: [0.2463,0.3042]	 2 runs	 rmse=0.14230	 T_learn=19060 ms. 	 T_infer=142 ms.
2026-02-02 16:16:26,305|INFO|random_mc2_n6_mid3_d1000_05_mr098_r10_178_uai_EMCC_100_n200_roFalse_s0: Saving results to ../results/synthetic/s123/random_mc2_n6_mid3_d1000_05_mr098_r10_178_uai_EMCC_100_n200_roFalse_s0.csv
2026-02-02 16:16:28,043|INFO|random_mc2_n5_mid3_d1000_05_mr098_r10_85_uai_EMCC_100_n200_roTrue_s0: Loading model from ../models/synthetic/s123/random_mc2_n5_mid3_d1000_05_mr098_r10_85.uai
2026-02-02 16:16:28,052|INFO|random_mc2_n6_mid3_d1000_05_mr098_r10_23_uai_EMCC_100_n200_roTrue_s0: Loading model from ../models/synthetic/s123/random_mc2_n6_mid3_d1000_05_mr098_r10_23.uai
2026-02-02 16:16:28,058|INFO|random_mc2_n5_mid3_d1000_05_mr098_r10_149_uai_EMCC_100_n200_roTrue_s0: Loading model from ../models/synthetic/s123/random_mc2_n5_mid3_d1000_05_mr098_r10_149.uai
2026-02-02 16:16:28,063|INFO|random_mc2_n6_mid3_d1000_05_mr098_r10_141_uai_EMCC_100_n200_roFalse_s0: Loading model from ../models/synthetic/s123/random_mc2_n6_mid3_d1000_05_mr098_r10_141.uai
2026-02-02 16:16:28,063|INFO|random_mc2_n5_mid3_d1000_05_mr098_r10_85_uai_EMCC_100_n200_roTrue_s0: Loading data from ../models/synthetic/s123/random_mc2_n5_mid3_d1000_05_mr098_r10_85.csv
2026-02-02 16:16:28,074|ERROR|random_mc2_n5_mid3_d1000_05_mr098_r10_85_uai_EMCC_100_n200_roTrue_s0: File exists, not rewriting.
2026-02-02 16:16:28,063|INFO|random_mc2_n6_mid3_d1000_05_mr098_r10_23_uai_EMCC_100_n200_roTrue_s0: Loading data from ../models/synthetic/s123/random_mc2_n6_mid3_d1000_05_mr098_r10_23.csv
2026-02-02 16:16:28,078|INFO|random_mc2_n6_mid3_d1000_05_mr098_r10_23_uai_EMCC_100_n200_roTrue_s0: PNS(V0,V5) exact: (0.0, 0.206564908524544)
2026-02-02 16:16:28,067|INFO|random_mc2_n5_mid3_d1000_05_mr098_r10_149_uai_EMCC_100_n200_roTrue_s0: Loading data from ../models/synthetic/s123/random_mc2_n5_mid3_d1000_05_mr098_r10_149.csv
2026-02-02 16:16:28,082|INFO|random_mc2_n5_mid3_d1000_05_mr098_r10_149_uai_EMCC_100_n200_roTrue_s0: PNS(V3,V0) exact: (0.0, 0.014418359495816)
2026-02-02 16:16:28,121|INFO|random_mc2_n6_mid3_d1000_05_mr098_r10_141_uai_EMCC_100_n200_roFalse_s0: Loading data from ../models/synthetic/s123/random_mc2_n6_mid3_d1000_05_mr098_r10_141.csv
2026-02-02 16:16:28,137|INFO|random_mc2_n6_mid3_d1000_05_mr098_r10_141_uai_EMCC_100_n200_roFalse_s0: PNS(V1,V4) exact: (0.2486475012, 0.2716618306)
2026-02-02 16:16:28,285|INFO|random_mc2_n5_mid3_d1000_05_mr098_r10_4_uai_EMCC_100_n200_roTrue_s0: [0.0096,0.0135]	 4 runs	 rmse=0.02664	 T_learn=11176 ms. 	 T_infer=101 ms.
2026-02-02 16:16:28,290|INFO|random_mc2_n5_mid3_d1000_05_mr098_r10_4_uai_EMCC_100_n200_roTrue_s0: Saving results to ../results/synthetic/s123/random_mc2_n5_mid3_d1000_05_mr098_r10_4_uai_EMCC_100_n200_roTrue_s0.csv
2026-02-02 16:16:29,010|INFO|random_mc2_n6_mid3_d1000_05_mr098_r10_158_uai_EMCC_100_n200_roFalse_s0: [0.0012,0.0335]	 12 runs	 rmse=0.02401	 T_learn=67971 ms. 	 T_infer=296 ms.
2026-02-02 16:16:29,017|INFO|random_mc2_n6_mid3_d1000_05_mr098_r10_158_uai_EMCC_100_n200_roFalse_s0: Saving results to ../results/synthetic/s123/random_mc2_n6_mid3_d1000_05_mr098_r10_158_uai_EMCC_100_n200_roFalse_s0.csv
2026-02-02 16:16:29,504|INFO|random_mc2_n5_mid3_d1000_05_mr098_r10_95_uai_EMCC_100_n200_roTrue_s0: [0.0000,0.0015]	 6 runs	 rmse=0.01753	 T_learn=21777 ms. 	 T_infer=195 ms.
2026-02-02 16:16:29,512|INFO|random_mc2_n5_mid3_d1000_05_mr098_r10_95_uai_EMCC_100_n200_roTrue_s0: Saving results to ../results/synthetic/s123/random_mc2_n5_mid3_d1000_05_mr098_r10_95_uai_EMCC_100_n200_roTrue_s0.csv
2026-02-02 16:16:29,519|INFO|random_mc2_n6_mid3_d1000_05_mr098_r10_40_uai_EMCC_100_n200_roFalse_s0: [0.0219,0.0873]	 5 runs	 rmse=0.02205	 T_learn=21686 ms. 	 T_infer=139 ms.
2026-02-02 16:16:29,529|INFO|random_mc2_n6_mid3_d1000_05_mr098_r10_40_uai_EMCC_100_n200_roFalse_s0: Saving results to ../results/synthetic/s123/random_mc2_n6_mid3_d1000_05_mr098_r10_40_uai_EMCC_100_n200_roFalse_s0.csv
2026-02-02 16:16:30,587|INFO|random_mc2_n6_mid3_d1000_05_mr098_r10_139_uai_EMCC_100_n200_roFalse_s0: [0.0070,0.0105]	 5 runs	 rmse=0.00783	 T_learn=22883 ms. 	 T_infer=168 ms.
2026-02-02 16:16:30,592|INFO|random_mc2_n6_mid3_d1000_05_mr098_r10_139_uai_EMCC_100_n200_roFalse_s0: Saving results to ../results/synthetic/s123/random_mc2_n6_mid3_d1000_05_mr098_r10_139_uai_EMCC_100_n200_roFalse_s0.csv
2026-02-02 16:16:31,002|INFO|random_mc2_n5_mid3_d1000_05_mr098_r10_41_uai_EMCC_100_n200_roTrue_s0: [0.0160,0.0161]	 4 runs	 rmse=0.00010	 T_learn=23414 ms. 	 T_infer=169 ms.
2026-02-02 16:16:31,008|INFO|random_mc2_n5_mid3_d1000_05_mr098_r10_41_uai_EMCC_100_n200_roTrue_s0: Saving results to ../results/synthetic/s123/random_mc2_n5_mid3_d1000_05_mr098_r10_41_uai_EMCC_100_n200_roTrue_s0.csv
2026-02-02 16:16:31,114|INFO|random_mc2_n7_mid3_d1000_05_mr098_r10_15_uai_EMCC_100_n200_roTrue_s0: [0.3968,0.4376]	 5 runs	 rmse=0.11544	 T_learn=52033 ms. 	 T_infer=327 ms.
2026-02-02 16:16:31,120|INFO|random_mc2_n7_mid3_d1000_05_mr098_r10_15_uai_EMCC_100_n200_roTrue_s0: Saving results to ../results/synthetic/s123/random_mc2_n7_mid3_d1000_05_mr098_r10_15_uai_EMCC_100_n200_roTrue_s0.csv
2026-02-02 16:16:31,139|INFO|random_mc2_n6_mid3_d1000_05_mr098_r10_169_uai_EMCC_100_n200_roFalse_s0: [0.0156,0.0240]	 7 runs	 rmse=0.02235	 T_learn=42472 ms. 	 T_infer=205 ms.
2026-02-02 16:16:31,143|INFO|random_mc2_n6_mid3_d1000_05_mr098_r10_169_uai_EMCC_100_n200_roFalse_s0: Saving results to ../results/synthetic/s123/random_mc2_n6_mid3_d1000_05_mr098_r10_169_uai_EMCC_100_n200_roFalse_s0.csv
2026-02-02 16:16:31,232|INFO|random_mc2_n5_mid3_d1000_05_mr098_r10_4_uai_EMCC_100_n200_roTrue_s0: [0.0096,0.0135]	 5 runs	 rmse=0.02664	 T_learn=13990 ms. 	 T_infer=128 ms.
2026-02-02 16:16:31,237|INFO|random_mc2_n5_mid3_d1000_05_mr098_r10_4_uai_EMCC_100_n200_roTrue_s0: Saving results to ../results/synthetic/s123/random_mc2_n5_mid3_d1000_05_mr098_r10_4_uai_EMCC_100_n200_roTrue_s0.csv
2026-02-02 16:16:31,797|INFO|random_mc2_n5_mid3_d1000_05_mr098_r10_149_uai_EMCC_100_n200_roTrue_s0: [0.0037,0.0037]	 1 runs	 rmse=0.01133	 T_learn=3681 ms. 	 T_infer=24 ms.
2026-02-02 16:16:31,806|INFO|random_mc2_n5_mid3_d1000_05_mr098_r10_149_uai_EMCC_100_n200_roTrue_s0: Saving results to ../results/synthetic/s123/random_mc2_n5_mid3_d1000_05_mr098_r10_149_uai_EMCC_100_n200_roTrue_s0.csv
2026-02-02 16:16:32,360|INFO|random_mc2_n7_mid3_d1000_05_mr098_r10_163_uai_EMCC_100_n200_roFalse_s0: [0.1283,0.2192]	 3 runs	 rmse=0.11568	 T_learn=25582 ms. 	 T_infer=250 ms.
2026-02-02 16:16:32,365|INFO|random_mc2_n7_mid3_d1000_05_mr098_r10_163_uai_EMCC_100_n200_roFalse_s0: Saving results to ../results/synthetic/s123/random_mc2_n7_mid3_d1000_05_mr098_r10_163_uai_EMCC_100_n200_roFalse_s0.csv
2026-02-02 16:16:32,512|INFO|random_mc2_n7_mid3_d1000_05_mr098_r10_177_uai_EMCC_100_n200_roTrue_s0: Loading model from ../models/synthetic/s123/random_mc2_n7_mid3_d1000_05_mr098_r10_177.uai
2026-02-02 16:16:32,538|INFO|random_mc2_n5_mid3_d1000_05_mr098_r10_128_uai_EMCC_100_n200_roFalse_s0: Loading model from ../models/synthetic/s123/random_mc2_n5_mid3_d1000_05_mr098_r10_128.uai
2026-02-02 16:16:32,521|INFO|random_mc2_n7_mid3_d1000_05_mr098_r10_177_uai_EMCC_100_n200_roTrue_s0: Loading data from ../models/synthetic/s123/random_mc2_n7_mid3_d1000_05_mr098_r10_177.csv
2026-02-02 16:16:32,532|INFO|random_mc2_n7_mid3_d1000_05_mr098_r10_177_uai_EMCC_100_n200_roTrue_s0: PNS(V1,V5) exact: (0.0, 0.0)
2026-02-02 16:16:32,532|ERROR|random_mc2_n7_mid3_d1000_05_mr098_r10_177_uai_EMCC_100_n200_roTrue_s0: Model does not have any cause-effect path.
2026-02-02 16:16:32,544|INFO|random_mc2_n5_mid3_d1000_05_mr098_r10_128_uai_EMCC_100_n200_roFalse_s0: Loading data from ../models/synthetic/s123/random_mc2_n5_mid3_d1000_05_mr098_r10_128.csv
2026-02-02 16:16:32,556|INFO|random_mc2_n5_mid3_d1000_05_mr098_r10_128_uai_EMCC_100_n200_roFalse_s0: PNS(V2,V0) exact: (0.0, 0.0565271411)
2026-02-02 16:16:32,596|INFO|random_mc2_n6_mid3_d1000_05_mr098_r10_103_uai_EMCC_100_n200_roTrue_s0: Loading model from ../models/synthetic/s123/random_mc2_n6_mid3_d1000_05_mr098_r10_103.uai
2026-02-02 16:16:32,611|INFO|random_mc2_n6_mid3_d1000_05_mr098_r10_103_uai_EMCC_100_n200_roTrue_s0: Loading data from ../models/synthetic/s123/random_mc2_n6_mid3_d1000_05_mr098_r10_103.csv
2026-02-02 16:16:32,617|ERROR|random_mc2_n6_mid3_d1000_05_mr098_r10_103_uai_EMCC_100_n200_roTrue_s0: File exists, not rewriting.
2026-02-02 16:16:33,456|INFO|random_mc2_n5_mid3_d1000_05_mr098_r10_95_uai_EMCC_100_n200_roTrue_s0: [0.0000,0.0015]	 7 runs	 rmse=0.01753	 T_learn=25488 ms. 	 T_infer=232 ms.
2026-02-02 16:16:33,459|INFO|random_mc2_n5_mid3_d1000_05_mr098_r10_95_uai_EMCC_100_n200_roTrue_s0: Saving results to ../results/synthetic/s123/random_mc2_n5_mid3_d1000_05_mr098_r10_95_uai_EMCC_100_n200_roTrue_s0.csv
2026-02-02 16:16:34,127|INFO|random_mc2_n6_mid3_d1000_05_mr098_r10_40_uai_EMCC_100_n200_roFalse_s0: [0.0219,0.0874]	 6 runs	 rmse=0.02204	 T_learn=26114 ms. 	 T_infer=170 ms.
2026-02-02 16:16:34,131|INFO|random_mc2_n6_mid3_d1000_05_mr098_r10_40_uai_EMCC_100_n200_roFalse_s0: Saving results to ../results/synthetic/s123/random_mc2_n6_mid3_d1000_05_mr098_r10_40_uai_EMCC_100_n200_roFalse_s0.csv
2026-02-02 16:16:34,260|INFO|random_mc2_n5_mid3_d1000_05_mr098_r10_4_uai_EMCC_100_n200_roTrue_s0: [0.0096,0.0135]	 6 runs	 rmse=0.02664	 T_learn=16856 ms. 	 T_infer=156 ms.
2026-02-02 16:16:34,266|INFO|random_mc2_n5_mid3_d1000_05_mr098_r10_4_uai_EMCC_100_n200_roTrue_s0: Saving results to ../results/synthetic/s123/random_mc2_n5_mid3_d1000_05_mr098_r10_4_uai_EMCC_100_n200_roTrue_s0.csv
2026-02-02 16:16:35,235|INFO|random_mc2_n6_mid3_d1000_05_mr098_r10_158_uai_EMCC_100_n200_roFalse_s0: [0.0012,0.0335]	 13 runs	 rmse=0.02401	 T_learn=73867 ms. 	 T_infer=322 ms.
2026-02-02 16:16:35,241|INFO|random_mc2_n6_mid3_d1000_05_mr098_r10_158_uai_EMCC_100_n200_roFalse_s0: Saving results to ../results/synthetic/s123/random_mc2_n6_mid3_d1000_05_mr098_r10_158_uai_EMCC_100_n200_roFalse_s0.csv
2026-02-02 16:16:35,548|INFO|random_mc2_n6_mid3_d1000_05_mr098_r10_139_uai_EMCC_100_n200_roFalse_s0: [0.0053,0.0105]	 6 runs	 rmse=0.00641	 T_learn=27635 ms. 	 T_infer=204 ms.
2026-02-02 16:16:35,553|INFO|random_mc2_n6_mid3_d1000_05_mr098_r10_139_uai_EMCC_100_n200_roFalse_s0: Saving results to ../results/synthetic/s123/random_mc2_n6_mid3_d1000_05_mr098_r10_139_uai_EMCC_100_n200_roFalse_s0.csv
2026-02-02 16:16:35,624|INFO|random_mc2_n5_mid3_d1000_05_mr098_r10_149_uai_EMCC_100_n200_roTrue_s0: [0.0037,0.0057]	 2 runs	 rmse=0.00947	 T_learn=7451 ms. 	 T_infer=47 ms.
2026-02-02 16:16:35,630|INFO|random_mc2_n5_mid3_d1000_05_mr098_r10_149_uai_EMCC_100_n200_roTrue_s0: Saving results to ../results/synthetic/s123/random_mc2_n5_mid3_d1000_05_mr098_r10_149_uai_EMCC_100_n200_roTrue_s0.csv
2026-02-02 16:16:35,950|INFO|random_mc2_n5_mid3_d1000_05_mr098_r10_128_uai_EMCC_100_n200_roFalse_s0: [0.0325,0.0325]	 1 runs	 rmse=0.04043	 T_learn=3367 ms. 	 T_infer=20 ms.
2026-02-02 16:16:35,963|INFO|random_mc2_n5_mid3_d1000_05_mr098_r10_128_uai_EMCC_100_n200_roFalse_s0: Saving results to ../results/synthetic/s123/random_mc2_n5_mid3_d1000_05_mr098_r10_128_uai_EMCC_100_n200_roFalse_s0.csv
2026-02-02 16:16:36,350|INFO|random_mc2_n6_mid3_d1000_05_mr098_r10_178_uai_EMCC_100_n200_roFalse_s0: [0.2463,0.3042]	 3 runs	 rmse=0.14230	 T_learn=28888 ms. 	 T_infer=217 ms.
2026-02-02 16:16:36,356|INFO|random_mc2_n6_mid3_d1000_05_mr098_r10_178_uai_EMCC_100_n200_roFalse_s0: Saving results to ../results/synthetic/s123/random_mc2_n6_mid3_d1000_05_mr098_r10_178_uai_EMCC_100_n200_roFalse_s0.csv
2026-02-02 16:16:37,200|INFO|random_mc2_n5_mid3_d1000_05_mr098_r10_41_uai_EMCC_100_n200_roTrue_s0: [0.0160,0.0162]	 5 runs	 rmse=0.00016	 T_learn=29393 ms. 	 T_infer=214 ms.
2026-02-02 16:16:37,205|INFO|random_mc2_n5_mid3_d1000_05_mr098_r10_41_uai_EMCC_100_n200_roTrue_s0: Saving results to ../results/synthetic/s123/random_mc2_n5_mid3_d1000_05_mr098_r10_41_uai_EMCC_100_n200_roTrue_s0.csv
2026-02-02 16:16:37,309|INFO|random_mc2_n5_mid3_d1000_05_mr098_r10_4_uai_EMCC_100_n200_roTrue_s0: [0.0087,0.0135]	 7 runs	 rmse=0.02660	 T_learn=19721 ms. 	 T_infer=177 ms.
2026-02-02 16:16:37,313|INFO|random_mc2_n5_mid3_d1000_05_mr098_r10_4_uai_EMCC_100_n200_roTrue_s0: Saving results to ../results/synthetic/s123/random_mc2_n5_mid3_d1000_05_mr098_r10_4_uai_EMCC_100_n200_roTrue_s0.csv
2026-02-02 16:16:37,445|INFO|random_mc2_n6_mid3_d1000_05_mr098_r10_169_uai_EMCC_100_n200_roFalse_s0: [0.0127,0.0240]	 8 runs	 rmse=0.02047	 T_learn=48538 ms. 	 T_infer=235 ms.
2026-02-02 16:16:37,449|INFO|random_mc2_n6_mid3_d1000_05_mr098_r10_169_uai_EMCC_100_n200_roFalse_s0: Saving results to ../results/synthetic/s123/random_mc2_n6_mid3_d1000_05_mr098_r10_169_uai_EMCC_100_n200_roFalse_s0.csv
2026-02-02 16:16:37,461|INFO|random_mc2_n5_mid3_d1000_05_mr098_r10_95_uai_EMCC_100_n200_roTrue_s0: [0.0000,0.0022]	 8 runs	 rmse=0.01684	 T_learn=29226 ms. 	 T_infer=263 ms.
2026-02-02 16:16:37,465|INFO|random_mc2_n5_mid3_d1000_05_mr098_r10_95_uai_EMCC_100_n200_roTrue_s0: Saving results to ../results/synthetic/s123/random_mc2_n5_mid3_d1000_05_mr098_r10_95_uai_EMCC_100_n200_roTrue_s0.csv
2026-02-02 16:16:37,786|INFO|random_mc2_n6_mid3_d1000_05_mr098_r10_23_uai_EMCC_100_n200_roTrue_s0: [0.0447,0.0447]	 1 runs	 rmse=0.16790	 T_learn=9652 ms. 	 T_infer=49 ms.
2026-02-02 16:16:37,795|INFO|random_mc2_n6_mid3_d1000_05_mr098_r10_23_uai_EMCC_100_n200_roTrue_s0: Saving results to ../results/synthetic/s123/random_mc2_n6_mid3_d1000_05_mr098_r10_23_uai_EMCC_100_n200_roTrue_s0.csv
2026-02-02 16:16:38,831|INFO|random_mc2_n6_mid3_d1000_05_mr098_r10_40_uai_EMCC_100_n200_roFalse_s0: [0.0219,0.0874]	 7 runs	 rmse=0.02204	 T_learn=30616 ms. 	 T_infer=198 ms.
2026-02-02 16:16:38,836|INFO|random_mc2_n6_mid3_d1000_05_mr098_r10_40_uai_EMCC_100_n200_roFalse_s0: Saving results to ../results/synthetic/s123/random_mc2_n6_mid3_d1000_05_mr098_r10_40_uai_EMCC_100_n200_roFalse_s0.csv
2026-02-02 16:16:39,339|INFO|random_mc2_n5_mid3_d1000_05_mr098_r10_128_uai_EMCC_100_n200_roFalse_s0: [0.0231,0.0325]	 2 runs	 rmse=0.03332	 T_learn=6704 ms. 	 T_infer=38 ms.
2026-02-02 16:16:39,344|INFO|random_mc2_n5_mid3_d1000_05_mr098_r10_128_uai_EMCC_100_n200_roFalse_s0: Saving results to ../results/synthetic/s123/random_mc2_n5_mid3_d1000_05_mr098_r10_128_uai_EMCC_100_n200_roFalse_s0.csv
2026-02-02 16:16:39,544|INFO|random_mc2_n5_mid3_d1000_05_mr098_r10_149_uai_EMCC_100_n200_roTrue_s0: [0.0022,0.0057]	 3 runs	 rmse=0.00897	 T_learn=11295 ms. 	 T_infer=70 ms.
2026-02-02 16:16:39,548|INFO|random_mc2_n5_mid3_d1000_05_mr098_r10_149_uai_EMCC_100_n200_roTrue_s0: Saving results to ../results/synthetic/s123/random_mc2_n5_mid3_d1000_05_mr098_r10_149_uai_EMCC_100_n200_roTrue_s0.csv
2026-02-02 16:16:40,371|INFO|random_mc2_n5_mid3_d1000_05_mr098_r10_4_uai_EMCC_100_n200_roTrue_s0: [0.0086,0.0135]	 8 runs	 rmse=0.02660	 T_learn=22573 ms. 	 T_infer=206 ms.
2026-02-02 16:16:40,376|INFO|random_mc2_n5_mid3_d1000_05_mr098_r10_4_uai_EMCC_100_n200_roTrue_s0: Saving results to ../results/synthetic/s123/random_mc2_n5_mid3_d1000_05_mr098_r10_4_uai_EMCC_100_n200_roTrue_s0.csv
2026-02-02 16:16:40,471|INFO|random_mc2_n6_mid3_d1000_05_mr098_r10_139_uai_EMCC_100_n200_roFalse_s0: [0.0053,0.0105]	 7 runs	 rmse=0.00641	 T_learn=32314 ms. 	 T_infer=239 ms.
2026-02-02 16:16:40,475|INFO|random_mc2_n6_mid3_d1000_05_mr098_r10_139_uai_EMCC_100_n200_roFalse_s0: Saving results to ../results/synthetic/s123/random_mc2_n6_mid3_d1000_05_mr098_r10_139_uai_EMCC_100_n200_roFalse_s0.csv
2026-02-02 16:16:40,652|INFO|random_mc2_n6_mid3_d1000_05_mr098_r10_158_uai_EMCC_100_n200_roFalse_s0: [0.0012,0.0335]	 14 runs	 rmse=0.02401	 T_learn=78932 ms. 	 T_infer=346 ms.
2026-02-02 16:16:40,657|INFO|random_mc2_n6_mid3_d1000_05_mr098_r10_158_uai_EMCC_100_n200_roFalse_s0: Saving results to ../results/synthetic/s123/random_mc2_n6_mid3_d1000_05_mr098_r10_158_uai_EMCC_100_n200_roFalse_s0.csv
2026-02-02 16:16:41,368|INFO|random_mc2_n7_mid3_d1000_05_mr098_r10_163_uai_EMCC_100_n200_roFalse_s0: [0.1283,0.2192]	 4 runs	 rmse=0.11568	 T_learn=34255 ms. 	 T_infer=330 ms.
2026-02-02 16:16:41,372|INFO|random_mc2_n7_mid3_d1000_05_mr098_r10_163_uai_EMCC_100_n200_roFalse_s0: Saving results to ../results/synthetic/s123/random_mc2_n7_mid3_d1000_05_mr098_r10_163_uai_EMCC_100_n200_roFalse_s0.csv
2026-02-02 16:16:41,399|INFO|random_mc2_n7_mid3_d1000_05_mr098_r10_15_uai_EMCC_100_n200_roTrue_s0: [0.3968,0.4376]	 6 runs	 rmse=0.11544	 T_learn=61922 ms. 	 T_infer=390 ms.
2026-02-02 16:16:41,403|INFO|random_mc2_n7_mid3_d1000_05_mr098_r10_15_uai_EMCC_100_n200_roTrue_s0: Saving results to ../results/synthetic/s123/random_mc2_n7_mid3_d1000_05_mr098_r10_15_uai_EMCC_100_n200_roTrue_s0.csv
2026-02-02 16:16:41,551|INFO|random_mc2_n5_mid3_d1000_05_mr098_r10_95_uai_EMCC_100_n200_roTrue_s0: [0.0000,0.0022]	 9 runs	 rmse=0.01684	 T_learn=33016 ms. 	 T_infer=295 ms.
2026-02-02 16:16:41,554|INFO|random_mc2_n5_mid3_d1000_05_mr098_r10_95_uai_EMCC_100_n200_roTrue_s0: Saving results to ../results/synthetic/s123/random_mc2_n5_mid3_d1000_05_mr098_r10_95_uai_EMCC_100_n200_roTrue_s0.csv
2026-02-02 16:16:42,738|INFO|random_mc2_n5_mid3_d1000_05_mr098_r10_128_uai_EMCC_100_n200_roFalse_s0: [0.0231,0.0325]	 3 runs	 rmse=0.03332	 T_learn=10043 ms. 	 T_infer=56 ms.
2026-02-02 16:16:42,743|INFO|random_mc2_n5_mid3_d1000_05_mr098_r10_128_uai_EMCC_100_n200_roFalse_s0: Saving results to ../results/synthetic/s123/random_mc2_n5_mid3_d1000_05_mr098_r10_128_uai_EMCC_100_n200_roFalse_s0.csv
2026-02-02 16:16:43,373|INFO|random_mc2_n5_mid3_d1000_05_mr098_r10_149_uai_EMCC_100_n200_roTrue_s0: [0.0022,0.0104]	 4 runs	 rmse=0.00456	 T_learn=15028 ms. 	 T_infer=92 ms.
2026-02-02 16:16:43,386|INFO|random_mc2_n5_mid3_d1000_05_mr098_r10_149_uai_EMCC_100_n200_roTrue_s0: Saving results to ../results/synthetic/s123/random_mc2_n5_mid3_d1000_05_mr098_r10_149_uai_EMCC_100_n200_roTrue_s0.csv
2026-02-02 16:16:43,452|INFO|random_mc2_n5_mid3_d1000_05_mr098_r10_41_uai_EMCC_100_n200_roTrue_s0: [0.0160,0.0162]	 6 runs	 rmse=0.00016	 T_learn=35386 ms. 	 T_infer=254 ms.
2026-02-02 16:16:43,457|INFO|random_mc2_n5_mid3_d1000_05_mr098_r10_41_uai_EMCC_100_n200_roTrue_s0: Saving results to ../results/synthetic/s123/random_mc2_n5_mid3_d1000_05_mr098_r10_41_uai_EMCC_100_n200_roTrue_s0.csv
2026-02-02 16:16:43,470|INFO|random_mc2_n6_mid3_d1000_05_mr098_r10_40_uai_EMCC_100_n200_roFalse_s0: [0.0219,0.0874]	 8 runs	 rmse=0.02204	 T_learn=35027 ms. 	 T_infer=222 ms.
2026-02-02 16:16:43,476|INFO|random_mc2_n6_mid3_d1000_05_mr098_r10_40_uai_EMCC_100_n200_roFalse_s0: Saving results to ../results/synthetic/s123/random_mc2_n6_mid3_d1000_05_mr098_r10_40_uai_EMCC_100_n200_roFalse_s0.csv
2026-02-02 16:16:43,538|INFO|random_mc2_n5_mid3_d1000_05_mr098_r10_4_uai_EMCC_100_n200_roTrue_s0: [0.0086,0.0135]	 9 runs	 rmse=0.02660	 T_learn=25510 ms. 	 T_infer=225 ms.
2026-02-02 16:16:43,545|INFO|random_mc2_n5_mid3_d1000_05_mr098_r10_4_uai_EMCC_100_n200_roTrue_s0: Saving results to ../results/synthetic/s123/random_mc2_n5_mid3_d1000_05_mr098_r10_4_uai_EMCC_100_n200_roTrue_s0.csv
2026-02-02 16:16:43,575|INFO|random_mc2_n6_mid3_d1000_05_mr098_r10_141_uai_EMCC_100_n200_roFalse_s0: [0.2681,0.2681]	 1 runs	 rmse=0.01980	 T_learn=15088 ms. 	 T_infer=337 ms.
2026-02-02 16:16:43,592|INFO|random_mc2_n6_mid3_d1000_05_mr098_r10_141_uai_EMCC_100_n200_roFalse_s0: Saving results to ../results/synthetic/s123/random_mc2_n6_mid3_d1000_05_mr098_r10_141_uai_EMCC_100_n200_roFalse_s0.csv
2026-02-02 16:16:43,747|INFO|random_mc2_n6_mid3_d1000_05_mr098_r10_169_uai_EMCC_100_n200_roFalse_s0: [0.0127,0.0240]	 9 runs	 rmse=0.02047	 T_learn=54573 ms. 	 T_infer=263 ms.
2026-02-02 16:16:43,751|INFO|random_mc2_n6_mid3_d1000_05_mr098_r10_169_uai_EMCC_100_n200_roFalse_s0: Saving results to ../results/synthetic/s123/random_mc2_n6_mid3_d1000_05_mr098_r10_169_uai_EMCC_100_n200_roFalse_s0.csv
2026-02-02 16:16:44,816|INFO|random_mc2_n6_mid3_d1000_05_mr098_r10_81_uai_EMCC_100_n200_roFalse_s0: Loading model from ../models/synthetic/s123/random_mc2_n6_mid3_d1000_05_mr098_r10_81.uai
2026-02-02 16:16:44,828|INFO|random_mc2_n6_mid3_d1000_05_mr098_r10_81_uai_EMCC_100_n200_roFalse_s0: Loading data from ../models/synthetic/s123/random_mc2_n6_mid3_d1000_05_mr098_r10_81.csv
2026-02-02 16:16:44,843|INFO|random_mc2_n6_mid3_d1000_05_mr098_r10_81_uai_EMCC_100_n200_roFalse_s0: PNS(V0,V1) exact: (0.3372099000000001, 0.3372099000000001)
2026-02-02 16:16:45,424|INFO|random_mc2_n6_mid3_d1000_05_mr098_r10_139_uai_EMCC_100_n200_roFalse_s0: [0.0053,0.0105]	 8 runs	 rmse=0.00641	 T_learn=36983 ms. 	 T_infer=280 ms.
2026-02-02 16:16:45,429|INFO|random_mc2_n6_mid3_d1000_05_mr098_r10_139_uai_EMCC_100_n200_roFalse_s0: Saving results to ../results/synthetic/s123/random_mc2_n6_mid3_d1000_05_mr098_r10_139_uai_EMCC_100_n200_roFalse_s0.csv
2026-02-02 16:16:45,606|INFO|random_mc2_n5_mid3_d1000_05_mr098_r10_95_uai_EMCC_100_n200_roTrue_s0: [0.0000,0.0022]	 10 runs	 rmse=0.01684	 T_learn=36729 ms. 	 T_infer=339 ms.
2026-02-02 16:16:45,612|INFO|random_mc2_n5_mid3_d1000_05_mr098_r10_95_uai_EMCC_100_n200_roTrue_s0: Saving results to ../results/synthetic/s123/random_mc2_n5_mid3_d1000_05_mr098_r10_95_uai_EMCC_100_n200_roTrue_s0.csv
2026-02-02 16:16:46,180|INFO|random_mc2_n5_mid3_d1000_05_mr098_r10_128_uai_EMCC_100_n200_roFalse_s0: [0.0231,0.0325]	 4 runs	 rmse=0.03332	 T_learn=13404 ms. 	 T_infer=76 ms.
2026-02-02 16:16:46,185|INFO|random_mc2_n5_mid3_d1000_05_mr098_r10_128_uai_EMCC_100_n200_roFalse_s0: Saving results to ../results/synthetic/s123/random_mc2_n5_mid3_d1000_05_mr098_r10_128_uai_EMCC_100_n200_roFalse_s0.csv
2026-02-02 16:16:46,376|INFO|random_mc2_n6_mid3_d1000_05_mr098_r10_178_uai_EMCC_100_n200_roFalse_s0: [0.2463,0.3042]	 4 runs	 rmse=0.14230	 T_learn=38615 ms. 	 T_infer=293 ms.
2026-02-02 16:16:46,381|INFO|random_mc2_n6_mid3_d1000_05_mr098_r10_178_uai_EMCC_100_n200_roFalse_s0: Saving results to ../results/synthetic/s123/random_mc2_n6_mid3_d1000_05_mr098_r10_178_uai_EMCC_100_n200_roFalse_s0.csv
2026-02-02 16:16:46,657|INFO|random_mc2_n5_mid3_d1000_05_mr098_r10_4_uai_EMCC_100_n200_roTrue_s0: [0.0086,0.0135]	 10 runs	 rmse=0.02660	 T_learn=28366 ms. 	 T_infer=255 ms.
2026-02-02 16:16:46,661|INFO|random_mc2_n5_mid3_d1000_05_mr098_r10_4_uai_EMCC_100_n200_roTrue_s0: Saving results to ../results/synthetic/s123/random_mc2_n5_mid3_d1000_05_mr098_r10_4_uai_EMCC_100_n200_roTrue_s0.csv
2026-02-02 16:16:46,831|INFO|random_mc2_n6_mid3_d1000_05_mr098_r10_158_uai_EMCC_100_n200_roFalse_s0: [0.0012,0.0350]	 15 runs	 rmse=0.02550	 T_learn=84735 ms. 	 T_infer=372 ms.
2026-02-02 16:16:46,837|INFO|random_mc2_n6_mid3_d1000_05_mr098_r10_158_uai_EMCC_100_n200_roFalse_s0: Saving results to ../results/synthetic/s123/random_mc2_n6_mid3_d1000_05_mr098_r10_158_uai_EMCC_100_n200_roFalse_s0.csv
2026-02-02 16:16:47,361|INFO|random_mc2_n5_mid3_d1000_05_mr098_r10_149_uai_EMCC_100_n200_roTrue_s0: [0.0022,0.0104]	 5 runs	 rmse=0.00456	 T_learn=18886 ms. 	 T_infer=117 ms.
2026-02-02 16:16:47,366|INFO|random_mc2_n5_mid3_d1000_05_mr098_r10_149_uai_EMCC_100_n200_roTrue_s0: Saving results to ../results/synthetic/s123/random_mc2_n5_mid3_d1000_05_mr098_r10_149_uai_EMCC_100_n200_roTrue_s0.csv
2026-02-02 16:16:47,683|INFO|random_mc2_n6_mid3_d1000_05_mr098_r10_23_uai_EMCC_100_n200_roTrue_s0: [0.0275,0.0447]	 2 runs	 rmse=0.16415	 T_learn=19443 ms. 	 T_infer=97 ms.
2026-02-02 16:16:47,688|INFO|random_mc2_n6_mid3_d1000_05_mr098_r10_23_uai_EMCC_100_n200_roTrue_s0: Saving results to ../results/synthetic/s123/random_mc2_n6_mid3_d1000_05_mr098_r10_23_uai_EMCC_100_n200_roTrue_s0.csv
2026-02-02 16:16:48,194|INFO|random_mc2_n6_mid3_d1000_05_mr098_r10_40_uai_EMCC_100_n200_roFalse_s0: [0.0219,0.0874]	 9 runs	 rmse=0.02204	 T_learn=39486 ms. 	 T_infer=258 ms.
2026-02-02 16:16:48,199|INFO|random_mc2_n6_mid3_d1000_05_mr098_r10_40_uai_EMCC_100_n200_roFalse_s0: Saving results to ../results/synthetic/s123/random_mc2_n6_mid3_d1000_05_mr098_r10_40_uai_EMCC_100_n200_roFalse_s0.csv
2026-02-02 16:16:49,065|INFO|random_mc2_n6_mid3_d1000_05_mr098_r10_81_uai_EMCC_100_n200_roFalse_s0: [0.3371,0.3371]	 1 runs	 rmse=0.00012	 T_learn=4161 ms. 	 T_infer=53 ms.
2026-02-02 16:16:49,075|INFO|random_mc2_n6_mid3_d1000_05_mr098_r10_81_uai_EMCC_100_n200_roFalse_s0: Saving results to ../results/synthetic/s123/random_mc2_n6_mid3_d1000_05_mr098_r10_81_uai_EMCC_100_n200_roFalse_s0.csv
2026-02-02 16:16:49,653|INFO|random_mc2_n5_mid3_d1000_05_mr098_r10_128_uai_EMCC_100_n200_roFalse_s0: [0.0120,0.0325]	 5 runs	 rmse=0.02683	 T_learn=16779 ms. 	 T_infer=94 ms.
2026-02-02 16:16:49,657|INFO|random_mc2_n5_mid3_d1000_05_mr098_r10_128_uai_EMCC_100_n200_roFalse_s0: Saving results to ../results/synthetic/s123/random_mc2_n5_mid3_d1000_05_mr098_r10_128_uai_EMCC_100_n200_roFalse_s0.csv
2026-02-02 16:16:49,723|INFO|random_mc2_n5_mid3_d1000_05_mr098_r10_95_uai_EMCC_100_n200_roTrue_s0: [0.0000,0.0022]	 11 runs	 rmse=0.01684	 T_learn=40474 ms. 	 T_infer=367 ms.
2026-02-02 16:16:49,727|INFO|random_mc2_n5_mid3_d1000_05_mr098_r10_95_uai_EMCC_100_n200_roTrue_s0: Saving results to ../results/synthetic/s123/random_mc2_n5_mid3_d1000_05_mr098_r10_95_uai_EMCC_100_n200_roTrue_s0.csv
2026-02-02 16:16:49,800|INFO|random_mc2_n5_mid3_d1000_05_mr098_r10_41_uai_EMCC_100_n200_roTrue_s0: [0.0160,0.0162]	 7 runs	 rmse=0.00016	 T_learn=41424 ms. 	 T_infer=303 ms.
2026-02-02 16:16:49,804|INFO|random_mc2_n5_mid3_d1000_05_mr098_r10_41_uai_EMCC_100_n200_roTrue_s0: Saving results to ../results/synthetic/s123/random_mc2_n5_mid3_d1000_05_mr098_r10_41_uai_EMCC_100_n200_roTrue_s0.csv
2026-02-02 16:16:49,813|INFO|random_mc2_n5_mid3_d1000_05_mr098_r10_4_uai_EMCC_100_n200_roTrue_s0: [0.0086,0.0141]	 11 runs	 rmse=0.02599	 T_learn=31238 ms. 	 T_infer=280 ms.
2026-02-02 16:16:49,818|INFO|random_mc2_n5_mid3_d1000_05_mr098_r10_4_uai_EMCC_100_n200_roTrue_s0: Saving results to ../results/synthetic/s123/random_mc2_n5_mid3_d1000_05_mr098_r10_4_uai_EMCC_100_n200_roTrue_s0.csv
2026-02-02 16:16:50,089|INFO|random_mc2_n6_mid3_d1000_05_mr098_r10_169_uai_EMCC_100_n200_roFalse_s0: [0.0127,0.0240]	 10 runs	 rmse=0.02047	 T_learn=60619 ms. 	 T_infer=292 ms.
2026-02-02 16:16:50,097|INFO|random_mc2_n6_mid3_d1000_05_mr098_r10_169_uai_EMCC_100_n200_roFalse_s0: Saving results to ../results/synthetic/s123/random_mc2_n6_mid3_d1000_05_mr098_r10_169_uai_EMCC_100_n200_roFalse_s0.csv
2026-02-02 16:16:50,310|INFO|random_mc2_n7_mid3_d1000_05_mr098_r10_163_uai_EMCC_100_n200_roFalse_s0: [0.1283,0.2192]	 5 runs	 rmse=0.11568	 T_learn=42774 ms. 	 T_infer=419 ms.
2026-02-02 16:16:50,314|INFO|random_mc2_n7_mid3_d1000_05_mr098_r10_163_uai_EMCC_100_n200_roFalse_s0: Saving results to ../results/synthetic/s123/random_mc2_n7_mid3_d1000_05_mr098_r10_163_uai_EMCC_100_n200_roFalse_s0.csv
2026-02-02 16:16:50,485|INFO|random_mc2_n6_mid3_d1000_05_mr098_r10_139_uai_EMCC_100_n200_roFalse_s0: [0.0034,0.0105]	 9 runs	 rmse=0.00506	 T_learn=41730 ms. 	 T_infer=309 ms.
2026-02-02 16:16:50,489|INFO|random_mc2_n6_mid3_d1000_05_mr098_r10_139_uai_EMCC_100_n200_roFalse_s0: Saving results to ../results/synthetic/s123/random_mc2_n6_mid3_d1000_05_mr098_r10_139_uai_EMCC_100_n200_roFalse_s0.csv
2026-02-02 16:16:50,623|INFO|random_mc2_n5_mid3_d1000_05_mr098_r10_48_uai_EMCC_100_n200_roFalse_s0: Loading model from ../models/synthetic/s123/random_mc2_n5_mid3_d1000_05_mr098_r10_48.uai
2026-02-02 16:16:50,651|INFO|random_mc2_n8_mid3_d1000_05_mr098_r10_177_uai_EMCC_100_n200_roTrue_s0: Loading model from ../models/synthetic/s123/random_mc2_n8_mid3_d1000_05_mr098_r10_177.uai
2026-02-02 16:16:50,630|INFO|random_mc2_n5_mid3_d1000_05_mr098_r10_48_uai_EMCC_100_n200_roFalse_s0: Loading data from ../models/synthetic/s123/random_mc2_n5_mid3_d1000_05_mr098_r10_48.csv
2026-02-02 16:16:50,641|INFO|random_mc2_n5_mid3_d1000_05_mr098_r10_48_uai_EMCC_100_n200_roFalse_s0: PNS(V0,V4) exact: (0.3710704247999999, 0.4223098252000001)
2026-02-02 16:16:50,758|INFO|random_mc2_n8_mid3_d1000_05_mr098_r10_177_uai_EMCC_100_n200_roTrue_s0: Loading data from ../models/synthetic/s123/random_mc2_n8_mid3_d1000_05_mr098_r10_177.csv
2026-02-02 16:16:50,766|ERROR|random_mc2_n8_mid3_d1000_05_mr098_r10_177_uai_EMCC_100_n200_roTrue_s0: File exists, not rewriting.
2026-02-02 16:16:51,195|INFO|random_mc2_n7_mid3_d1000_05_mr098_r10_15_uai_EMCC_100_n200_roTrue_s0: [0.3968,0.4376]	 7 runs	 rmse=0.11544	 T_learn=71260 ms. 	 T_infer=454 ms.
2026-02-02 16:16:51,200|INFO|random_mc2_n7_mid3_d1000_05_mr098_r10_15_uai_EMCC_100_n200_roTrue_s0: Saving results to ../results/synthetic/s123/random_mc2_n7_mid3_d1000_05_mr098_r10_15_uai_EMCC_100_n200_roTrue_s0.csv
2026-02-02 16:16:51,491|INFO|random_mc2_n5_mid3_d1000_05_mr098_r10_149_uai_EMCC_100_n200_roTrue_s0: [0.0022,0.0065]	 6 runs	 rmse=0.00819	 T_learn=22870 ms. 	 T_infer=142 ms.
2026-02-02 16:16:51,495|INFO|random_mc2_n5_mid3_d1000_05_mr098_r10_149_uai_EMCC_100_n200_roTrue_s0: Saving results to ../results/synthetic/s123/random_mc2_n5_mid3_d1000_05_mr098_r10_149_uai_EMCC_100_n200_roTrue_s0.csv
2026-02-02 16:16:52,970|INFO|random_mc2_n6_mid3_d1000_05_mr098_r10_40_uai_EMCC_100_n200_roFalse_s0: [0.0170,0.0874]	 10 runs	 rmse=0.01713	 T_learn=43974 ms. 	 T_infer=283 ms.
2026-02-02 16:16:52,974|INFO|random_mc2_n6_mid3_d1000_05_mr098_r10_40_uai_EMCC_100_n200_roFalse_s0: Saving results to ../results/synthetic/s123/random_mc2_n6_mid3_d1000_05_mr098_r10_40_uai_EMCC_100_n200_roFalse_s0.csv
2026-02-02 16:16:53,019|INFO|random_mc2_n5_mid3_d1000_05_mr098_r10_4_uai_EMCC_100_n200_roTrue_s0: [0.0086,0.0141]	 12 runs	 rmse=0.02599	 T_learn=34130 ms. 	 T_infer=310 ms.
2026-02-02 16:16:53,024|INFO|random_mc2_n5_mid3_d1000_05_mr098_r10_4_uai_EMCC_100_n200_roTrue_s0: Saving results to ../results/synthetic/s123/random_mc2_n5_mid3_d1000_05_mr098_r10_4_uai_EMCC_100_n200_roTrue_s0.csv
2026-02-02 16:16:53,038|INFO|random_mc2_n6_mid3_d1000_05_mr098_r10_158_uai_EMCC_100_n200_roFalse_s0: [0.0012,0.0350]	 16 runs	 rmse=0.02550	 T_learn=90539 ms. 	 T_infer=397 ms.
2026-02-02 16:16:53,043|INFO|random_mc2_n6_mid3_d1000_05_mr098_r10_158_uai_EMCC_100_n200_roFalse_s0: Saving results to ../results/synthetic/s123/random_mc2_n6_mid3_d1000_05_mr098_r10_158_uai_EMCC_100_n200_roFalse_s0.csv
2026-02-02 16:16:53,163|INFO|random_mc2_n5_mid3_d1000_05_mr098_r10_128_uai_EMCC_100_n200_roFalse_s0: [0.0120,0.0344]	 6 runs	 rmse=0.02522	 T_learn=20171 ms. 	 T_infer=113 ms.
2026-02-02 16:16:53,169|INFO|random_mc2_n5_mid3_d1000_05_mr098_r10_128_uai_EMCC_100_n200_roFalse_s0: Saving results to ../results/synthetic/s123/random_mc2_n5_mid3_d1000_05_mr098_r10_128_uai_EMCC_100_n200_roFalse_s0.csv
2026-02-02 16:16:53,342|INFO|random_mc2_n6_mid3_d1000_05_mr098_r10_81_uai_EMCC_100_n200_roFalse_s0: [0.3370,0.3371]	 2 runs	 rmse=0.00019	 T_learn=8323 ms. 	 T_infer=105 ms.
2026-02-02 16:16:53,348|INFO|random_mc2_n6_mid3_d1000_05_mr098_r10_81_uai_EMCC_100_n200_roFalse_s0: Saving results to ../results/synthetic/s123/random_mc2_n6_mid3_d1000_05_mr098_r10_81_uai_EMCC_100_n200_roFalse_s0.csv
2026-02-02 16:16:53,913|INFO|random_mc2_n5_mid3_d1000_05_mr098_r10_95_uai_EMCC_100_n200_roTrue_s0: [0.0000,0.0022]	 12 runs	 rmse=0.01684	 T_learn=44258 ms. 	 T_infer=401 ms.
2026-02-02 16:16:53,917|INFO|random_mc2_n5_mid3_d1000_05_mr098_r10_95_uai_EMCC_100_n200_roTrue_s0: Saving results to ../results/synthetic/s123/random_mc2_n5_mid3_d1000_05_mr098_r10_95_uai_EMCC_100_n200_roTrue_s0.csv
2026-02-02 16:16:54,216|INFO|random_mc2_n5_mid3_d1000_05_mr098_r10_48_uai_EMCC_100_n200_roFalse_s0: [0.3753,0.3753]	 1 runs	 rmse=0.04716	 T_learn=3548 ms. 	 T_infer=21 ms.
2026-02-02 16:16:54,225|INFO|random_mc2_n5_mid3_d1000_05_mr098_r10_48_uai_EMCC_100_n200_roFalse_s0: Saving results to ../results/synthetic/s123/random_mc2_n5_mid3_d1000_05_mr098_r10_48_uai_EMCC_100_n200_roFalse_s0.csv
2026-02-02 16:16:55,536|INFO|random_mc2_n5_mid3_d1000_05_mr098_r10_149_uai_EMCC_100_n200_roTrue_s0: [0.0020,0.0104]	 7 runs	 rmse=0.00448	 T_learn=26746 ms. 	 T_infer=165 ms.
2026-02-02 16:16:55,540|INFO|random_mc2_n5_mid3_d1000_05_mr098_r10_149_uai_EMCC_100_n200_roTrue_s0: Saving results to ../results/synthetic/s123/random_mc2_n5_mid3_d1000_05_mr098_r10_149_uai_EMCC_100_n200_roTrue_s0.csv
2026-02-02 16:16:55,572|INFO|random_mc2_n6_mid3_d1000_05_mr098_r10_139_uai_EMCC_100_n200_roFalse_s0: [0.0034,0.0105]	 10 runs	 rmse=0.00506	 T_learn=46469 ms. 	 T_infer=344 ms.
2026-02-02 16:16:55,576|INFO|random_mc2_n6_mid3_d1000_05_mr098_r10_139_uai_EMCC_100_n200_roFalse_s0: Saving results to ../results/synthetic/s123/random_mc2_n6_mid3_d1000_05_mr098_r10_139_uai_EMCC_100_n200_roFalse_s0.csv
2026-02-02 16:16:56,227|INFO|random_mc2_n5_mid3_d1000_05_mr098_r10_41_uai_EMCC_100_n200_roTrue_s0: [0.0160,0.0161]	 8 runs	 rmse=0.00010	 T_learn=47501 ms. 	 T_infer=346 ms.
2026-02-02 16:16:56,231|INFO|random_mc2_n5_mid3_d1000_05_mr098_r10_41_uai_EMCC_100_n200_roTrue_s0: Saving results to ../results/synthetic/s123/random_mc2_n5_mid3_d1000_05_mr098_r10_41_uai_EMCC_100_n200_roTrue_s0.csv
2026-02-02 16:16:56,258|INFO|random_mc2_n5_mid3_d1000_05_mr098_r10_4_uai_EMCC_100_n200_roTrue_s0: [0.0086,0.0141]	 13 runs	 rmse=0.02599	 T_learn=37030 ms. 	 T_infer=333 ms.
2026-02-02 16:16:56,262|INFO|random_mc2_n5_mid3_d1000_05_mr098_r10_4_uai_EMCC_100_n200_roTrue_s0: Saving results to ../results/synthetic/s123/random_mc2_n5_mid3_d1000_05_mr098_r10_4_uai_EMCC_100_n200_roTrue_s0.csv
2026-02-02 16:16:56,586|INFO|random_mc2_n6_mid3_d1000_05_mr098_r10_169_uai_EMCC_100_n200_roFalse_s0: [0.0077,0.0240]	 11 runs	 rmse=0.01779	 T_learn=66787 ms. 	 T_infer=321 ms.
2026-02-02 16:16:56,590|INFO|random_mc2_n6_mid3_d1000_05_mr098_r10_169_uai_EMCC_100_n200_roFalse_s0: Saving results to ../results/synthetic/s123/random_mc2_n6_mid3_d1000_05_mr098_r10_169_uai_EMCC_100_n200_roFalse_s0.csv
2026-02-02 16:16:56,656|INFO|random_mc2_n5_mid3_d1000_05_mr098_r10_128_uai_EMCC_100_n200_roFalse_s0: [0.0120,0.0344]	 7 runs	 rmse=0.02522	 T_learn=23528 ms. 	 T_infer=131 ms.
2026-02-02 16:16:56,661|INFO|random_mc2_n5_mid3_d1000_05_mr098_r10_128_uai_EMCC_100_n200_roFalse_s0: Saving results to ../results/synthetic/s123/random_mc2_n5_mid3_d1000_05_mr098_r10_128_uai_EMCC_100_n200_roFalse_s0.csv
2026-02-02 16:16:56,784|INFO|random_mc2_n6_mid3_d1000_05_mr098_r10_178_uai_EMCC_100_n200_roFalse_s0: [0.2463,0.3042]	 5 runs	 rmse=0.14230	 T_learn=48656 ms. 	 T_infer=362 ms.
2026-02-02 16:16:56,788|INFO|random_mc2_n6_mid3_d1000_05_mr098_r10_178_uai_EMCC_100_n200_roFalse_s0: Saving results to ../results/synthetic/s123/random_mc2_n6_mid3_d1000_05_mr098_r10_178_uai_EMCC_100_n200_roFalse_s0.csv
2026-02-02 16:16:57,661|INFO|random_mc2_n6_mid3_d1000_05_mr098_r10_81_uai_EMCC_100_n200_roFalse_s0: [0.3370,0.3373]	 3 runs	 rmse=0.00019	 T_learn=12481 ms. 	 T_infer=156 ms.
2026-02-02 16:16:57,665|INFO|random_mc2_n6_mid3_d1000_05_mr098_r10_81_uai_EMCC_100_n200_roFalse_s0: Saving results to ../results/synthetic/s123/random_mc2_n6_mid3_d1000_05_mr098_r10_81_uai_EMCC_100_n200_roFalse_s0.csv
2026-02-02 16:16:57,751|INFO|random_mc2_n5_mid3_d1000_05_mr098_r10_48_uai_EMCC_100_n200_roFalse_s0: [0.3753,0.4201]	 2 runs	 rmse=0.00482	 T_learn=7036 ms. 	 T_infer=38 ms.
2026-02-02 16:16:57,756|INFO|random_mc2_n5_mid3_d1000_05_mr098_r10_48_uai_EMCC_100_n200_roFalse_s0: Saving results to ../results/synthetic/s123/random_mc2_n5_mid3_d1000_05_mr098_r10_48_uai_EMCC_100_n200_roFalse_s0.csv
2026-02-02 16:16:57,762|INFO|random_mc2_n6_mid3_d1000_05_mr098_r10_40_uai_EMCC_100_n200_roFalse_s0: [0.0170,0.0876]	 11 runs	 rmse=0.01711	 T_learn=48450 ms. 	 T_infer=312 ms.
2026-02-02 16:16:57,767|INFO|random_mc2_n6_mid3_d1000_05_mr098_r10_40_uai_EMCC_100_n200_roFalse_s0: Saving results to ../results/synthetic/s123/random_mc2_n6_mid3_d1000_05_mr098_r10_40_uai_EMCC_100_n200_roFalse_s0.csv
2026-02-02 16:16:57,993|INFO|random_mc2_n6_mid3_d1000_05_mr098_r10_23_uai_EMCC_100_n200_roTrue_s0: [0.0275,0.0567]	 3 runs	 rmse=0.15241	 T_learn=29602 ms. 	 T_infer=145 ms.
2026-02-02 16:16:57,997|INFO|random_mc2_n6_mid3_d1000_05_mr098_r10_23_uai_EMCC_100_n200_roTrue_s0: Saving results to ../results/synthetic/s123/random_mc2_n6_mid3_d1000_05_mr098_r10_23_uai_EMCC_100_n200_roTrue_s0.csv
2026-02-02 16:16:58,130|INFO|random_mc2_n5_mid3_d1000_05_mr098_r10_95_uai_EMCC_100_n200_roTrue_s0: [0.0000,0.0022]	 13 runs	 rmse=0.01684	 T_learn=48033 ms. 	 T_infer=438 ms.
2026-02-02 16:16:58,135|INFO|random_mc2_n5_mid3_d1000_05_mr098_r10_95_uai_EMCC_100_n200_roTrue_s0: Saving results to ../results/synthetic/s123/random_mc2_n5_mid3_d1000_05_mr098_r10_95_uai_EMCC_100_n200_roTrue_s0.csv
2026-02-02 16:16:58,835|INFO|random_mc2_n6_mid3_d1000_05_mr098_r10_158_uai_EMCC_100_n200_roFalse_s0: [0.0012,0.0367]	 17 runs	 rmse=0.02722	 T_learn=95910 ms. 	 T_infer=421 ms.
2026-02-02 16:16:58,839|INFO|random_mc2_n6_mid3_d1000_05_mr098_r10_158_uai_EMCC_100_n200_roFalse_s0: Saving results to ../results/synthetic/s123/random_mc2_n6_mid3_d1000_05_mr098_r10_158_uai_EMCC_100_n200_roFalse_s0.csv
2026-02-02 16:16:59,479|INFO|random_mc2_n5_mid3_d1000_05_mr098_r10_149_uai_EMCC_100_n200_roTrue_s0: [0.0020,0.0104]	 8 runs	 rmse=0.00448	 T_learn=30499 ms. 	 T_infer=187 ms.
2026-02-02 16:16:59,484|INFO|random_mc2_n5_mid3_d1000_05_mr098_r10_149_uai_EMCC_100_n200_roTrue_s0: Saving results to ../results/synthetic/s123/random_mc2_n5_mid3_d1000_05_mr098_r10_149_uai_EMCC_100_n200_roTrue_s0.csv
2026-02-02 16:16:59,521|INFO|random_mc2_n5_mid3_d1000_05_mr098_r10_4_uai_EMCC_100_n200_roTrue_s0: [0.0086,0.0141]	 14 runs	 rmse=0.02599	 T_learn=39928 ms. 	 T_infer=361 ms.
2026-02-02 16:16:59,526|INFO|random_mc2_n5_mid3_d1000_05_mr098_r10_4_uai_EMCC_100_n200_roTrue_s0: Saving results to ../results/synthetic/s123/random_mc2_n5_mid3_d1000_05_mr098_r10_4_uai_EMCC_100_n200_roTrue_s0.csv
2026-02-02 16:16:59,582|INFO|random_mc2_n6_mid3_d1000_05_mr098_r10_141_uai_EMCC_100_n200_roFalse_s0: [0.2681,0.2709]	 2 runs	 rmse=0.01949	 T_learn=30398 ms. 	 T_infer=679 ms.
2026-02-02 16:16:59,588|INFO|random_mc2_n6_mid3_d1000_05_mr098_r10_141_uai_EMCC_100_n200_roFalse_s0: Saving results to ../results/synthetic/s123/random_mc2_n6_mid3_d1000_05_mr098_r10_141_uai_EMCC_100_n200_roFalse_s0.csv
2026-02-02 16:17:00,132|INFO|random_mc2_n7_mid3_d1000_05_mr098_r10_163_uai_EMCC_100_n200_roFalse_s0: [0.1283,0.2192]	 6 runs	 rmse=0.11568	 T_learn=52089 ms. 	 T_infer=502 ms.
2026-02-02 16:17:00,138|INFO|random_mc2_n7_mid3_d1000_05_mr098_r10_163_uai_EMCC_100_n200_roFalse_s0: Saving results to ../results/synthetic/s123/random_mc2_n7_mid3_d1000_05_mr098_r10_163_uai_EMCC_100_n200_roFalse_s0.csv
2026-02-02 16:17:00,199|INFO|random_mc2_n5_mid3_d1000_05_mr098_r10_128_uai_EMCC_100_n200_roFalse_s0: [0.0120,0.0344]	 8 runs	 rmse=0.02522	 T_learn=26916 ms. 	 T_infer=150 ms.
2026-02-02 16:17:00,204|INFO|random_mc2_n5_mid3_d1000_05_mr098_r10_128_uai_EMCC_100_n200_roFalse_s0: Saving results to ../results/synthetic/s123/random_mc2_n5_mid3_d1000_05_mr098_r10_128_uai_EMCC_100_n200_roFalse_s0.csv
2026-02-02 16:17:00,675|INFO|random_mc2_n6_mid3_d1000_05_mr098_r10_139_uai_EMCC_100_n200_roFalse_s0: [0.0034,0.0105]	 11 runs	 rmse=0.00506	 T_learn=51190 ms. 	 T_infer=377 ms.
2026-02-02 16:17:00,679|INFO|random_mc2_n6_mid3_d1000_05_mr098_r10_139_uai_EMCC_100_n200_roFalse_s0: Saving results to ../results/synthetic/s123/random_mc2_n6_mid3_d1000_05_mr098_r10_139_uai_EMCC_100_n200_roFalse_s0.csv
2026-02-02 16:17:01,376|INFO|random_mc2_n7_mid3_d1000_05_mr098_r10_15_uai_EMCC_100_n200_roTrue_s0: [0.3968,0.4376]	 8 runs	 rmse=0.11544	 T_learn=80914 ms. 	 T_infer=521 ms.
2026-02-02 16:17:01,382|INFO|random_mc2_n7_mid3_d1000_05_mr098_r10_15_uai_EMCC_100_n200_roTrue_s0: Saving results to ../results/synthetic/s123/random_mc2_n7_mid3_d1000_05_mr098_r10_15_uai_EMCC_100_n200_roTrue_s0.csv
2026-02-02 16:17:01,456|INFO|random_mc2_n5_mid3_d1000_05_mr098_r10_48_uai_EMCC_100_n200_roFalse_s0: [0.3753,0.4201]	 3 runs	 rmse=0.00482	 T_learn=10679 ms. 	 T_infer=57 ms.
2026-02-02 16:17:01,461|INFO|random_mc2_n5_mid3_d1000_05_mr098_r10_48_uai_EMCC_100_n200_roFalse_s0: Saving results to ../results/synthetic/s123/random_mc2_n5_mid3_d1000_05_mr098_r10_48_uai_EMCC_100_n200_roFalse_s0.csv
2026-02-02 16:17:02,032|INFO|random_mc2_n6_mid3_d1000_05_mr098_r10_81_uai_EMCC_100_n200_roFalse_s0: [0.3370,0.3373]	 4 runs	 rmse=0.00019	 T_learn=16639 ms. 	 T_infer=208 ms.
2026-02-02 16:17:02,037|INFO|random_mc2_n6_mid3_d1000_05_mr098_r10_81_uai_EMCC_100_n200_roFalse_s0: Saving results to ../results/synthetic/s123/random_mc2_n6_mid3_d1000_05_mr098_r10_81_uai_EMCC_100_n200_roFalse_s0.csv
2026-02-02 16:17:02,388|INFO|random_mc2_n5_mid3_d1000_05_mr098_r10_95_uai_EMCC_100_n200_roTrue_s0: [0.0000,0.0022]	 14 runs	 rmse=0.01684	 T_learn=51819 ms. 	 T_infer=467 ms.
2026-02-02 16:17:02,393|INFO|random_mc2_n5_mid3_d1000_05_mr098_r10_95_uai_EMCC_100_n200_roTrue_s0: Saving results to ../results/synthetic/s123/random_mc2_n5_mid3_d1000_05_mr098_r10_95_uai_EMCC_100_n200_roTrue_s0.csv
2026-02-02 16:17:02,628|INFO|random_mc2_n6_mid3_d1000_05_mr098_r10_40_uai_EMCC_100_n200_roFalse_s0: [0.0170,0.0876]	 12 runs	 rmse=0.01711	 T_learn=52973 ms. 	 T_infer=338 ms.
2026-02-02 16:17:02,632|INFO|random_mc2_n6_mid3_d1000_05_mr098_r10_40_uai_EMCC_100_n200_roFalse_s0: Saving results to ../results/synthetic/s123/random_mc2_n6_mid3_d1000_05_mr098_r10_40_uai_EMCC_100_n200_roFalse_s0.csv
2026-02-02 16:17:02,797|INFO|random_mc2_n5_mid3_d1000_05_mr098_r10_4_uai_EMCC_100_n200_roTrue_s0: [0.0086,0.0141]	 15 runs	 rmse=0.02599	 T_learn=42815 ms. 	 T_infer=384 ms.
2026-02-02 16:17:02,802|INFO|random_mc2_n5_mid3_d1000_05_mr098_r10_4_uai_EMCC_100_n200_roTrue_s0: Saving results to ../results/synthetic/s123/random_mc2_n5_mid3_d1000_05_mr098_r10_4_uai_EMCC_100_n200_roTrue_s0.csv
2026-02-02 16:17:02,818|INFO|random_mc2_n5_mid3_d1000_05_mr098_r10_41_uai_EMCC_100_n200_roTrue_s0: [0.0160,0.0162]	 9 runs	 rmse=0.00016	 T_learn=53700 ms. 	 T_infer=388 ms.
2026-02-02 16:17:02,823|INFO|random_mc2_n5_mid3_d1000_05_mr098_r10_41_uai_EMCC_100_n200_roTrue_s0: Saving results to ../results/synthetic/s123/random_mc2_n5_mid3_d1000_05_mr098_r10_41_uai_EMCC_100_n200_roTrue_s0.csv
2026-02-02 16:17:03,004|INFO|random_mc2_n6_mid3_d1000_05_mr098_r10_169_uai_EMCC_100_n200_roFalse_s0: [0.0077,0.0240]	 12 runs	 rmse=0.01779	 T_learn=72850 ms. 	 T_infer=351 ms.
2026-02-02 16:17:03,007|INFO|random_mc2_n6_mid3_d1000_05_mr098_r10_169_uai_EMCC_100_n200_roFalse_s0: Saving results to ../results/synthetic/s123/random_mc2_n6_mid3_d1000_05_mr098_r10_169_uai_EMCC_100_n200_roFalse_s0.csv
2026-02-02 16:17:03,574|INFO|random_mc2_n5_mid3_d1000_05_mr098_r10_149_uai_EMCC_100_n200_roTrue_s0: [0.0020,0.0116]	 9 runs	 rmse=0.00343	 T_learn=34375 ms. 	 T_infer=214 ms.
2026-02-02 16:17:03,578|INFO|random_mc2_n5_mid3_d1000_05_mr098_r10_149_uai_EMCC_100_n200_roTrue_s0: Saving results to ../results/synthetic/s123/random_mc2_n5_mid3_d1000_05_mr098_r10_149_uai_EMCC_100_n200_roTrue_s0.csv
2026-02-02 16:17:03,935|INFO|random_mc2_n5_mid3_d1000_05_mr098_r10_128_uai_EMCC_100_n200_roFalse_s0: [0.0120,0.0344]	 9 runs	 rmse=0.02522	 T_learn=30477 ms. 	 T_infer=170 ms.
2026-02-02 16:17:03,940|INFO|random_mc2_n5_mid3_d1000_05_mr098_r10_128_uai_EMCC_100_n200_roFalse_s0: Saving results to ../results/synthetic/s123/random_mc2_n5_mid3_d1000_05_mr098_r10_128_uai_EMCC_100_n200_roFalse_s0.csv
2026-02-02 16:17:04,316|INFO|random_mc2_n9_mid3_d1000_05_mr098_r10_119_uai_EMCC_100_n200_roTrue_s0: Loading model from ../models/synthetic/s123/random_mc2_n9_mid3_d1000_05_mr098_r10_119.uai
2026-02-02 16:17:04,330|INFO|random_mc2_n9_mid3_d1000_05_mr098_r10_119_uai_EMCC_100_n200_roTrue_s0: Loading data from ../models/synthetic/s123/random_mc2_n9_mid3_d1000_05_mr098_r10_119.csv
2026-02-02 16:17:04,340|INFO|random_mc2_n9_mid3_d1000_05_mr098_r10_119_uai_EMCC_100_n200_roTrue_s0: PNS(V0,V8) exact: (0.0742677176, 0.0951852808999999)
2026-02-02 16:17:05,087|INFO|random_mc2_n5_mid3_d1000_05_mr098_r10_48_uai_EMCC_100_n200_roFalse_s0: [0.3753,0.4201]	 4 runs	 rmse=0.00482	 T_learn=14228 ms. 	 T_infer=76 ms.
2026-02-02 16:17:05,091|INFO|random_mc2_n5_mid3_d1000_05_mr098_r10_48_uai_EMCC_100_n200_roFalse_s0: Saving results to ../results/synthetic/s123/random_mc2_n5_mid3_d1000_05_mr098_r10_48_uai_EMCC_100_n200_roFalse_s0.csv
2026-02-02 16:17:05,160|INFO|random_mc2_n6_mid3_d1000_05_mr098_r10_158_uai_EMCC_100_n200_roFalse_s0: [0.0012,0.0367]	 18 runs	 rmse=0.02722	 T_learn=101783 ms. 	 T_infer=447 ms.
2026-02-02 16:17:05,164|INFO|random_mc2_n6_mid3_d1000_05_mr098_r10_158_uai_EMCC_100_n200_roFalse_s0: Saving results to ../results/synthetic/s123/random_mc2_n6_mid3_d1000_05_mr098_r10_158_uai_EMCC_100_n200_roFalse_s0.csv
2026-02-02 16:17:05,839|INFO|random_mc2_n6_mid3_d1000_05_mr098_r10_139_uai_EMCC_100_n200_roFalse_s0: [0.0020,0.0105]	 12 runs	 rmse=0.00426	 T_learn=55935 ms. 	 T_infer=415 ms.
2026-02-02 16:17:05,843|INFO|random_mc2_n6_mid3_d1000_05_mr098_r10_139_uai_EMCC_100_n200_roFalse_s0: Saving results to ../results/synthetic/s123/random_mc2_n6_mid3_d1000_05_mr098_r10_139_uai_EMCC_100_n200_roFalse_s0.csv
2026-02-02 16:17:06,122|INFO|random_mc2_n5_mid3_d1000_05_mr098_r10_4_uai_EMCC_100_n200_roTrue_s0: [0.0086,0.0141]	 16 runs	 rmse=0.02599	 T_learn=45722 ms. 	 T_infer=414 ms.
2026-02-02 16:17:06,126|INFO|random_mc2_n5_mid3_d1000_05_mr098_r10_4_uai_EMCC_100_n200_roTrue_s0: Saving results to ../results/synthetic/s123/random_mc2_n5_mid3_d1000_05_mr098_r10_4_uai_EMCC_100_n200_roTrue_s0.csv
2026-02-02 16:17:06,475|INFO|random_mc2_n6_mid3_d1000_05_mr098_r10_81_uai_EMCC_100_n200_roFalse_s0: [0.3370,0.3373]	 5 runs	 rmse=0.00019	 T_learn=20816 ms. 	 T_infer=261 ms.
2026-02-02 16:17:06,479|INFO|random_mc2_n6_mid3_d1000_05_mr098_r10_81_uai_EMCC_100_n200_roFalse_s0: Saving results to ../results/synthetic/s123/random_mc2_n6_mid3_d1000_05_mr098_r10_81_uai_EMCC_100_n200_roFalse_s0.csv
2026-02-02 16:17:06,678|INFO|random_mc2_n5_mid3_d1000_05_mr098_r10_95_uai_EMCC_100_n200_roTrue_s0: [0.0000,0.0022]	 15 runs	 rmse=0.01684	 T_learn=55603 ms. 	 T_infer=502 ms.
2026-02-02 16:17:06,682|INFO|random_mc2_n5_mid3_d1000_05_mr098_r10_95_uai_EMCC_100_n200_roTrue_s0: Saving results to ../results/synthetic/s123/random_mc2_n5_mid3_d1000_05_mr098_r10_95_uai_EMCC_100_n200_roTrue_s0.csv
2026-02-02 16:17:07,138|INFO|random_mc2_n6_mid3_d1000_05_mr098_r10_178_uai_EMCC_100_n200_roFalse_s0: [0.2463,0.3042]	 6 runs	 rmse=0.14230	 T_learn=58566 ms. 	 T_infer=440 ms.
2026-02-02 16:17:07,142|INFO|random_mc2_n6_mid3_d1000_05_mr098_r10_178_uai_EMCC_100_n200_roFalse_s0: Saving results to ../results/synthetic/s123/random_mc2_n6_mid3_d1000_05_mr098_r10_178_uai_EMCC_100_n200_roFalse_s0.csv
2026-02-02 16:17:07,492|INFO|random_mc2_n6_mid3_d1000_05_mr098_r10_40_uai_EMCC_100_n200_roFalse_s0: [0.0124,0.0876]	 13 runs	 rmse=0.01261	 T_learn=57464 ms. 	 T_infer=368 ms.
2026-02-02 16:17:07,497|INFO|random_mc2_n6_mid3_d1000_05_mr098_r10_40_uai_EMCC_100_n200_roFalse_s0: Saving results to ../results/synthetic/s123/random_mc2_n6_mid3_d1000_05_mr098_r10_40_uai_EMCC_100_n200_roFalse_s0.csv
2026-02-02 16:17:07,718|INFO|random_mc2_n5_mid3_d1000_05_mr098_r10_149_uai_EMCC_100_n200_roTrue_s0: [0.0020,0.0116]	 10 runs	 rmse=0.00343	 T_learn=38280 ms. 	 T_infer=235 ms.
2026-02-02 16:17:07,723|INFO|random_mc2_n5_mid3_d1000_05_mr098_r10_149_uai_EMCC_100_n200_roTrue_s0: Saving results to ../results/synthetic/s123/random_mc2_n5_mid3_d1000_05_mr098_r10_149_uai_EMCC_100_n200_roTrue_s0.csv
2026-02-02 16:17:07,918|INFO|random_mc2_n6_mid3_d1000_05_mr098_r10_23_uai_EMCC_100_n200_roTrue_s0: [0.0172,0.0567]	 4 runs	 rmse=0.15089	 T_learn=39332 ms. 	 T_infer=191 ms.
2026-02-02 16:17:07,922|INFO|random_mc2_n6_mid3_d1000_05_mr098_r10_23_uai_EMCC_100_n200_roTrue_s0: Saving results to ../results/synthetic/s123/random_mc2_n6_mid3_d1000_05_mr098_r10_23_uai_EMCC_100_n200_roTrue_s0.csv
2026-02-02 16:17:08,033|INFO|random_mc2_n5_mid3_d1000_05_mr098_r10_128_uai_EMCC_100_n200_roFalse_s0: [0.0120,0.0344]	 10 runs	 rmse=0.02522	 T_learn=34381 ms. 	 T_infer=189 ms.
2026-02-02 16:17:08,037|INFO|random_mc2_n5_mid3_d1000_05_mr098_r10_128_uai_EMCC_100_n200_roFalse_s0: Saving results to ../results/synthetic/s123/random_mc2_n5_mid3_d1000_05_mr098_r10_128_uai_EMCC_100_n200_roFalse_s0.csv
2026-02-02 16:17:08,772|INFO|random_mc2_n5_mid3_d1000_05_mr098_r10_48_uai_EMCC_100_n200_roFalse_s0: [0.3753,0.4201]	 5 runs	 rmse=0.00482	 T_learn=17812 ms. 	 T_infer=96 ms.
2026-02-02 16:17:08,776|INFO|random_mc2_n5_mid3_d1000_05_mr098_r10_48_uai_EMCC_100_n200_roFalse_s0: Saving results to ../results/synthetic/s123/random_mc2_n5_mid3_d1000_05_mr098_r10_48_uai_EMCC_100_n200_roFalse_s0.csv
2026-02-02 16:17:09,355|INFO|random_mc2_n5_mid3_d1000_05_mr098_r10_41_uai_EMCC_100_n200_roTrue_s0: [0.0160,0.0162]	 10 runs	 rmse=0.00016	 T_learn=59796 ms. 	 T_infer=436 ms.
2026-02-02 16:17:09,359|INFO|random_mc2_n5_mid3_d1000_05_mr098_r10_41_uai_EMCC_100_n200_roTrue_s0: Saving results to ../results/synthetic/s123/random_mc2_n5_mid3_d1000_05_mr098_r10_41_uai_EMCC_100_n200_roTrue_s0.csv
2026-02-02 16:17:09,472|INFO|random_mc2_n6_mid3_d1000_05_mr098_r10_169_uai_EMCC_100_n200_roFalse_s0: [0.0077,0.0240]	 13 runs	 rmse=0.01779	 T_learn=78934 ms. 	 T_infer=380 ms.
2026-02-02 16:17:09,476|INFO|random_mc2_n6_mid3_d1000_05_mr098_r10_169_uai_EMCC_100_n200_roFalse_s0: Saving results to ../results/synthetic/s123/random_mc2_n6_mid3_d1000_05_mr098_r10_169_uai_EMCC_100_n200_roFalse_s0.csv
2026-02-02 16:17:09,479|INFO|random_mc2_n5_mid3_d1000_05_mr098_r10_4_uai_EMCC_100_n200_roTrue_s0: [0.0085,0.0141]	 17 runs	 rmse=0.02599	 T_learn=48635 ms. 	 T_infer=439 ms.
2026-02-02 16:17:09,484|INFO|random_mc2_n5_mid3_d1000_05_mr098_r10_4_uai_EMCC_100_n200_roTrue_s0: Saving results to ../results/synthetic/s123/random_mc2_n5_mid3_d1000_05_mr098_r10_4_uai_EMCC_100_n200_roTrue_s0.csv
2026-02-02 16:17:10,074|INFO|random_mc2_n7_mid3_d1000_05_mr098_r10_163_uai_EMCC_100_n200_roFalse_s0: [0.1221,0.2192]	 7 runs	 rmse=0.11122	 T_learn=61436 ms. 	 T_infer=589 ms.
2026-02-02 16:17:10,078|INFO|random_mc2_n7_mid3_d1000_05_mr098_r10_163_uai_EMCC_100_n200_roFalse_s0: Saving results to ../results/synthetic/s123/random_mc2_n7_mid3_d1000_05_mr098_r10_163_uai_EMCC_100_n200_roFalse_s0.csv
2026-02-02 16:17:10,991|INFO|random_mc2_n6_mid3_d1000_05_mr098_r10_81_uai_EMCC_100_n200_roFalse_s0: [0.3370,0.3373]	 6 runs	 rmse=0.00019	 T_learn=25015 ms. 	 T_infer=312 ms.
2026-02-02 16:17:10,995|INFO|random_mc2_n6_mid3_d1000_05_mr098_r10_81_uai_EMCC_100_n200_roFalse_s0: Saving results to ../results/synthetic/s123/random_mc2_n6_mid3_d1000_05_mr098_r10_81_uai_EMCC_100_n200_roFalse_s0.csv
2026-02-02 16:17:11,033|INFO|random_mc2_n5_mid3_d1000_05_mr098_r10_95_uai_EMCC_100_n200_roTrue_s0: [0.0000,0.0022]	 16 runs	 rmse=0.01684	 T_learn=59416 ms. 	 T_infer=538 ms.
2026-02-02 16:17:11,038|INFO|random_mc2_n5_mid3_d1000_05_mr098_r10_95_uai_EMCC_100_n200_roTrue_s0: Saving results to ../results/synthetic/s123/random_mc2_n5_mid3_d1000_05_mr098_r10_95_uai_EMCC_100_n200_roTrue_s0.csv
2026-02-02 16:17:11,158|INFO|random_mc2_n6_mid3_d1000_05_mr098_r10_139_uai_EMCC_100_n200_roFalse_s0: [0.0020,0.0105]	 13 runs	 rmse=0.00426	 T_learn=60804 ms. 	 T_infer=446 ms.
2026-02-02 16:17:11,164|INFO|random_mc2_n6_mid3_d1000_05_mr098_r10_139_uai_EMCC_100_n200_roFalse_s0: Saving results to ../results/synthetic/s123/random_mc2_n6_mid3_d1000_05_mr098_r10_139_uai_EMCC_100_n200_roFalse_s0.csv
2026-02-02 16:17:11,555|INFO|random_mc2_n6_mid3_d1000_05_mr098_r10_158_uai_EMCC_100_n200_roFalse_s0: [0.0012,0.0367]	 19 runs	 rmse=0.02722	 T_learn=107703 ms. 	 T_infer=470 ms.
2026-02-02 16:17:11,559|INFO|random_mc2_n6_mid3_d1000_05_mr098_r10_158_uai_EMCC_100_n200_roFalse_s0: Saving results to ../results/synthetic/s123/random_mc2_n6_mid3_d1000_05_mr098_r10_158_uai_EMCC_100_n200_roFalse_s0.csv
2026-02-02 16:17:11,655|INFO|random_mc2_n5_mid3_d1000_05_mr098_r10_128_uai_EMCC_100_n200_roFalse_s0: [0.0111,0.0344]	 11 runs	 rmse=0.02478	 T_learn=37792 ms. 	 T_infer=206 ms.
2026-02-02 16:17:11,659|INFO|random_mc2_n5_mid3_d1000_05_mr098_r10_128_uai_EMCC_100_n200_roFalse_s0: Saving results to ../results/synthetic/s123/random_mc2_n5_mid3_d1000_05_mr098_r10_128_uai_EMCC_100_n200_roFalse_s0.csv
2026-02-02 16:17:11,895|INFO|random_mc2_n5_mid3_d1000_05_mr098_r10_149_uai_EMCC_100_n200_roTrue_s0: [0.0020,0.0116]	 11 runs	 rmse=0.00343	 T_learn=42194 ms. 	 T_infer=259 ms.
2026-02-02 16:17:11,908|INFO|random_mc2_n5_mid3_d1000_05_mr098_r10_149_uai_EMCC_100_n200_roTrue_s0: Saving results to ../results/synthetic/s123/random_mc2_n5_mid3_d1000_05_mr098_r10_149_uai_EMCC_100_n200_roTrue_s0.csv
2026-02-02 16:17:12,169|INFO|random_mc2_n7_mid3_d1000_05_mr098_r10_15_uai_EMCC_100_n200_roTrue_s0: [0.4113,0.4376]	 9 runs	 rmse=0.12527	 T_learn=91113 ms. 	 T_infer=587 ms.
2026-02-02 16:17:12,174|INFO|random_mc2_n7_mid3_d1000_05_mr098_r10_15_uai_EMCC_100_n200_roTrue_s0: Saving results to ../results/synthetic/s123/random_mc2_n7_mid3_d1000_05_mr098_r10_15_uai_EMCC_100_n200_roTrue_s0.csv
2026-02-02 16:17:12,359|INFO|random_mc2_n5_mid3_d1000_05_mr098_r10_48_uai_EMCC_100_n200_roFalse_s0: [0.3753,0.4201]	 6 runs	 rmse=0.00482	 T_learn=21280 ms. 	 T_infer=114 ms.
2026-02-02 16:17:12,363|INFO|random_mc2_n5_mid3_d1000_05_mr098_r10_48_uai_EMCC_100_n200_roFalse_s0: Saving results to ../results/synthetic/s123/random_mc2_n5_mid3_d1000_05_mr098_r10_48_uai_EMCC_100_n200_roFalse_s0.csv
2026-02-02 16:17:12,405|INFO|random_mc2_n6_mid3_d1000_05_mr098_r10_40_uai_EMCC_100_n200_roFalse_s0: [0.0124,0.0876]	 14 runs	 rmse=0.01261	 T_learn=61975 ms. 	 T_infer=397 ms.
2026-02-02 16:17:12,409|INFO|random_mc2_n6_mid3_d1000_05_mr098_r10_40_uai_EMCC_100_n200_roFalse_s0: Saving results to ../results/synthetic/s123/random_mc2_n6_mid3_d1000_05_mr098_r10_40_uai_EMCC_100_n200_roFalse_s0.csv
2026-02-02 16:17:12,837|INFO|random_mc2_n5_mid3_d1000_05_mr098_r10_4_uai_EMCC_100_n200_roTrue_s0: [0.0085,0.0141]	 18 runs	 rmse=0.02599	 T_learn=51522 ms. 	 T_infer=467 ms.
2026-02-02 16:17:12,841|INFO|random_mc2_n5_mid3_d1000_05_mr098_r10_4_uai_EMCC_100_n200_roTrue_s0: Saving results to ../results/synthetic/s123/random_mc2_n5_mid3_d1000_05_mr098_r10_4_uai_EMCC_100_n200_roTrue_s0.csv
2026-02-02 16:17:15,302|INFO|random_mc2_n5_mid3_d1000_05_mr098_r10_128_uai_EMCC_100_n200_roFalse_s0: [0.0111,0.0344]	 12 runs	 rmse=0.02478	 T_learn=41209 ms. 	 T_infer=226 ms.
2026-02-02 16:17:15,307|INFO|random_mc2_n5_mid3_d1000_05_mr098_r10_128_uai_EMCC_100_n200_roFalse_s0: Saving results to ../results/synthetic/s123/random_mc2_n5_mid3_d1000_05_mr098_r10_128_uai_EMCC_100_n200_roFalse_s0.csv
2026-02-02 16:17:15,410|INFO|random_mc2_n5_mid3_d1000_05_mr098_r10_95_uai_EMCC_100_n200_roTrue_s0: [0.0000,0.0022]	 17 runs	 rmse=0.01684	 T_learn=63217 ms. 	 T_infer=571 ms.
2026-02-02 16:17:15,415|INFO|random_mc2_n5_mid3_d1000_05_mr098_r10_95_uai_EMCC_100_n200_roTrue_s0: Saving results to ../results/synthetic/s123/random_mc2_n5_mid3_d1000_05_mr098_r10_95_uai_EMCC_100_n200_roTrue_s0.csv
2026-02-02 16:17:15,658|INFO|random_mc2_n6_mid3_d1000_05_mr098_r10_81_uai_EMCC_100_n200_roFalse_s0: [0.3370,0.3373]	 7 runs	 rmse=0.00019	 T_learn=29312 ms. 	 T_infer=365 ms.
2026-02-02 16:17:15,663|INFO|random_mc2_n6_mid3_d1000_05_mr098_r10_81_uai_EMCC_100_n200_roFalse_s0: Saving results to ../results/synthetic/s123/random_mc2_n6_mid3_d1000_05_mr098_r10_81_uai_EMCC_100_n200_roFalse_s0.csv
2026-02-02 16:17:15,906|INFO|random_mc2_n5_mid3_d1000_05_mr098_r10_41_uai_EMCC_100_n200_roTrue_s0: [0.0160,0.0162]	 11 runs	 rmse=0.00016	 T_learn=65867 ms. 	 T_infer=476 ms.
2026-02-02 16:17:15,910|INFO|random_mc2_n5_mid3_d1000_05_mr098_r10_41_uai_EMCC_100_n200_roTrue_s0: Saving results to ../results/synthetic/s123/random_mc2_n5_mid3_d1000_05_mr098_r10_41_uai_EMCC_100_n200_roTrue_s0.csv
2026-02-02 16:17:15,968|INFO|random_mc2_n6_mid3_d1000_05_mr098_r10_169_uai_EMCC_100_n200_roFalse_s0: [0.0077,0.0240]	 14 runs	 rmse=0.01779	 T_learn=85017 ms. 	 T_infer=410 ms.
2026-02-02 16:17:15,972|INFO|random_mc2_n6_mid3_d1000_05_mr098_r10_169_uai_EMCC_100_n200_roFalse_s0: Saving results to ../results/synthetic/s123/random_mc2_n6_mid3_d1000_05_mr098_r10_169_uai_EMCC_100_n200_roFalse_s0.csv
2026-02-02 16:17:16,003|INFO|random_mc2_n6_mid3_d1000_05_mr098_r10_141_uai_EMCC_100_n200_roFalse_s0: [0.2657,0.2709]	 3 runs	 rmse=0.01703	 T_learn=45793 ms. 	 T_infer=1020 ms.
2026-02-02 16:17:16,006|INFO|random_mc2_n6_mid3_d1000_05_mr098_r10_141_uai_EMCC_100_n200_roFalse_s0: Saving results to ../results/synthetic/s123/random_mc2_n6_mid3_d1000_05_mr098_r10_141_uai_EMCC_100_n200_roFalse_s0.csv
2026-02-02 16:17:16,121|INFO|random_mc2_n5_mid3_d1000_05_mr098_r10_48_uai_EMCC_100_n200_roFalse_s0: [0.3753,0.4201]	 7 runs	 rmse=0.00482	 T_learn=24905 ms. 	 T_infer=133 ms.
2026-02-02 16:17:16,126|INFO|random_mc2_n5_mid3_d1000_05_mr098_r10_48_uai_EMCC_100_n200_roFalse_s0: Saving results to ../results/synthetic/s123/random_mc2_n5_mid3_d1000_05_mr098_r10_48_uai_EMCC_100_n200_roFalse_s0.csv
2026-02-02 16:17:16,171|INFO|random_mc2_n5_mid3_d1000_05_mr098_r10_149_uai_EMCC_100_n200_roTrue_s0: [0.0020,0.0116]	 12 runs	 rmse=0.00343	 T_learn=46174 ms. 	 T_infer=282 ms.
2026-02-02 16:17:16,175|INFO|random_mc2_n5_mid3_d1000_05_mr098_r10_149_uai_EMCC_100_n200_roTrue_s0: Saving results to ../results/synthetic/s123/random_mc2_n5_mid3_d1000_05_mr098_r10_149_uai_EMCC_100_n200_roTrue_s0.csv
2026-02-02 16:17:16,180|INFO|random_mc2_n9_mid3_d1000_05_mr098_r10_119_uai_EMCC_100_n200_roTrue_s0: [0.0844,0.0844]	 1 runs	 rmse=0.01480	 T_learn=11759 ms. 	 T_infer=75 ms.
2026-02-02 16:17:16,189|INFO|random_mc2_n9_mid3_d1000_05_mr098_r10_119_uai_EMCC_100_n200_roTrue_s0: Saving results to ../results/synthetic/s123/random_mc2_n9_mid3_d1000_05_mr098_r10_119_uai_EMCC_100_n200_roTrue_s0.csv
2026-02-02 16:17:16,326|INFO|random_mc2_n5_mid3_d1000_05_mr098_r10_4_uai_EMCC_100_n200_roTrue_s0: [0.0085,0.0141]	 19 runs	 rmse=0.02599	 T_learn=54518 ms. 	 T_infer=488 ms.
2026-02-02 16:17:16,330|INFO|random_mc2_n5_mid3_d1000_05_mr098_r10_4_uai_EMCC_100_n200_roTrue_s0: Saving results to ../results/synthetic/s123/random_mc2_n5_mid3_d1000_05_mr098_r10_4_uai_EMCC_100_n200_roTrue_s0.csv
2026-02-02 16:17:16,400|INFO|random_mc2_n6_mid3_d1000_05_mr098_r10_139_uai_EMCC_100_n200_roFalse_s0: [0.0020,0.0105]	 14 runs	 rmse=0.00426	 T_learn=65558 ms. 	 T_infer=482 ms.
2026-02-02 16:17:16,404|INFO|random_mc2_n6_mid3_d1000_05_mr098_r10_139_uai_EMCC_100_n200_roFalse_s0: Saving results to ../results/synthetic/s123/random_mc2_n6_mid3_d1000_05_mr098_r10_139_uai_EMCC_100_n200_roFalse_s0.csv
2026-02-02 16:17:17,459|INFO|random_mc2_n6_mid3_d1000_05_mr098_r10_40_uai_EMCC_100_n200_roFalse_s0: [0.0124,0.0876]	 15 runs	 rmse=0.01261	 T_learn=66602 ms. 	 T_infer=422 ms.
2026-02-02 16:17:17,463|INFO|random_mc2_n6_mid3_d1000_05_mr098_r10_40_uai_EMCC_100_n200_roFalse_s0: Saving results to ../results/synthetic/s123/random_mc2_n6_mid3_d1000_05_mr098_r10_40_uai_EMCC_100_n200_roFalse_s0.csv
2026-02-02 16:17:17,583|INFO|random_mc2_n6_mid3_d1000_05_mr098_r10_178_uai_EMCC_100_n200_roFalse_s0: [0.2188,0.3042]	 7 runs	 rmse=0.11707	 T_learn=68494 ms. 	 T_infer=512 ms.
2026-02-02 16:17:17,587|INFO|random_mc2_n6_mid3_d1000_05_mr098_r10_178_uai_EMCC_100_n200_roFalse_s0: Saving results to ../results/synthetic/s123/random_mc2_n6_mid3_d1000_05_mr098_r10_178_uai_EMCC_100_n200_roFalse_s0.csv
2026-02-02 16:17:17,935|INFO|random_mc2_n6_mid3_d1000_05_mr098_r10_23_uai_EMCC_100_n200_roTrue_s0: [0.0040,0.0567]	 5 runs	 rmse=0.14996	 T_learn=49104 ms. 	 T_infer=241 ms.
2026-02-02 16:17:17,939|INFO|random_mc2_n6_mid3_d1000_05_mr098_r10_23_uai_EMCC_100_n200_roTrue_s0: Saving results to ../results/synthetic/s123/random_mc2_n6_mid3_d1000_05_mr098_r10_23_uai_EMCC_100_n200_roTrue_s0.csv
2026-02-02 16:17:17,990|INFO|random_mc2_n6_mid3_d1000_05_mr098_r10_158_uai_EMCC_100_n200_roFalse_s0: [0.0012,0.0367]	 20 runs	 rmse=0.02722	 T_learn=113639 ms. 	 T_infer=495 ms.
2026-02-02 16:17:17,995|INFO|random_mc2_n6_mid3_d1000_05_mr098_r10_158_uai_EMCC_100_n200_roFalse_s0: Saving results to ../results/synthetic/s123/random_mc2_n6_mid3_d1000_05_mr098_r10_158_uai_EMCC_100_n200_roFalse_s0.csv
2026-02-02 16:17:19,204|INFO|random_mc2_n5_mid3_d1000_05_mr098_r10_128_uai_EMCC_100_n200_roFalse_s0: [0.0111,0.0354]	 13 runs	 rmse=0.02388	 T_learn=44861 ms. 	 T_infer=245 ms.
2026-02-02 16:17:19,209|INFO|random_mc2_n5_mid3_d1000_05_mr098_r10_128_uai_EMCC_100_n200_roFalse_s0: Saving results to ../results/synthetic/s123/random_mc2_n5_mid3_d1000_05_mr098_r10_128_uai_EMCC_100_n200_roFalse_s0.csv
2026-02-02 16:17:19,589|INFO|random_mc2_n7_mid3_d1000_05_mr098_r10_163_uai_EMCC_100_n200_roFalse_s0: [0.0869,0.2192]	 8 runs	 rmse=0.08974	 T_learn=70274 ms. 	 T_infer=673 ms.
2026-02-02 16:17:19,593|INFO|random_mc2_n7_mid3_d1000_05_mr098_r10_163_uai_EMCC_100_n200_roFalse_s0: Saving results to ../results/synthetic/s123/random_mc2_n7_mid3_d1000_05_mr098_r10_163_uai_EMCC_100_n200_roFalse_s0.csv
2026-02-02 16:17:19,735|INFO|random_mc2_n5_mid3_d1000_05_mr098_r10_48_uai_EMCC_100_n200_roFalse_s0: [0.3753,0.4201]	 8 runs	 rmse=0.00482	 T_learn=28364 ms. 	 T_infer=151 ms.
2026-02-02 16:17:19,739|INFO|random_mc2_n5_mid3_d1000_05_mr098_r10_48_uai_EMCC_100_n200_roFalse_s0: Saving results to ../results/synthetic/s123/random_mc2_n5_mid3_d1000_05_mr098_r10_48_uai_EMCC_100_n200_roFalse_s0.csv
2026-02-02 16:17:19,749|INFO|random_mc2_n5_mid3_d1000_05_mr098_r10_4_uai_EMCC_100_n200_roTrue_s0: [0.0085,0.0141]	 20 runs	 rmse=0.02599	 T_learn=57425 ms. 	 T_infer=512 ms.
2026-02-02 16:17:19,754|INFO|random_mc2_n5_mid3_d1000_05_mr098_r10_4_uai_EMCC_100_n200_roTrue_s0: Saving results to ../results/synthetic/s123/random_mc2_n5_mid3_d1000_05_mr098_r10_4_uai_EMCC_100_n200_roTrue_s0.csv
2026-02-02 16:17:19,942|INFO|random_mc2_n5_mid3_d1000_05_mr098_r10_95_uai_EMCC_100_n200_roTrue_s0: [0.0000,0.0022]	 18 runs	 rmse=0.01684	 T_learn=67026 ms. 	 T_infer=718 ms.
2026-02-02 16:17:19,946|INFO|random_mc2_n5_mid3_d1000_05_mr098_r10_95_uai_EMCC_100_n200_roTrue_s0: Saving results to ../results/synthetic/s123/random_mc2_n5_mid3_d1000_05_mr098_r10_95_uai_EMCC_100_n200_roTrue_s0.csv
2026-02-02 16:17:20,279|INFO|random_mc2_n6_mid3_d1000_05_mr098_r10_81_uai_EMCC_100_n200_roFalse_s0: [0.3370,0.3377]	 8 runs	 rmse=0.00052	 T_learn=33511 ms. 	 T_infer=417 ms.
2026-02-02 16:17:20,283|INFO|random_mc2_n6_mid3_d1000_05_mr098_r10_81_uai_EMCC_100_n200_roFalse_s0: Saving results to ../results/synthetic/s123/random_mc2_n6_mid3_d1000_05_mr098_r10_81_uai_EMCC_100_n200_roFalse_s0.csv
2026-02-02 16:17:20,505|INFO|random_mc2_n5_mid3_d1000_05_mr098_r10_149_uai_EMCC_100_n200_roTrue_s0: [0.0020,0.0118]	 13 runs	 rmse=0.00326	 T_learn=50200 ms. 	 T_infer=304 ms.
2026-02-02 16:17:20,509|INFO|random_mc2_n5_mid3_d1000_05_mr098_r10_149_uai_EMCC_100_n200_roTrue_s0: Saving results to ../results/synthetic/s123/random_mc2_n5_mid3_d1000_05_mr098_r10_149_uai_EMCC_100_n200_roTrue_s0.csv
2026-02-02 16:17:21,697|INFO|random_mc2_n6_mid3_d1000_05_mr098_r10_139_uai_EMCC_100_n200_roFalse_s0: [0.0020,0.0105]	 15 runs	 rmse=0.00426	 T_learn=70335 ms. 	 T_infer=516 ms.
2026-02-02 16:17:21,702|INFO|random_mc2_n6_mid3_d1000_05_mr098_r10_139_uai_EMCC_100_n200_roFalse_s0: Saving results to ../results/synthetic/s123/random_mc2_n6_mid3_d1000_05_mr098_r10_139_uai_EMCC_100_n200_roFalse_s0.csv
2026-02-02 16:17:22,413|INFO|random_mc2_n6_mid3_d1000_05_mr098_r10_40_uai_EMCC_100_n200_roFalse_s0: [0.0124,0.0876]	 16 runs	 rmse=0.01261	 T_learn=71099 ms. 	 T_infer=452 ms.
2026-02-02 16:17:22,417|INFO|random_mc2_n6_mid3_d1000_05_mr098_r10_40_uai_EMCC_100_n200_roFalse_s0: Saving results to ../results/synthetic/s123/random_mc2_n6_mid3_d1000_05_mr098_r10_40_uai_EMCC_100_n200_roFalse_s0.csv
2026-02-02 16:17:22,487|INFO|random_mc2_n5_mid3_d1000_05_mr098_r10_41_uai_EMCC_100_n200_roTrue_s0: [0.0160,0.0161]	 12 runs	 rmse=0.00012	 T_learn=71924 ms. 	 T_infer=519 ms.
2026-02-02 16:17:22,491|INFO|random_mc2_n5_mid3_d1000_05_mr098_r10_41_uai_EMCC_100_n200_roTrue_s0: Saving results to ../results/synthetic/s123/random_mc2_n5_mid3_d1000_05_mr098_r10_41_uai_EMCC_100_n200_roTrue_s0.csv
2026-02-02 16:17:22,502|INFO|random_mc2_n6_mid3_d1000_05_mr098_r10_169_uai_EMCC_100_n200_roFalse_s0: [0.0077,0.0240]	 15 runs	 rmse=0.01779	 T_learn=91108 ms. 	 T_infer=439 ms.
2026-02-02 16:17:22,505|INFO|random_mc2_n6_mid3_d1000_05_mr098_r10_169_uai_EMCC_100_n200_roFalse_s0: Saving results to ../results/synthetic/s123/random_mc2_n6_mid3_d1000_05_mr098_r10_169_uai_EMCC_100_n200_roFalse_s0.csv
2026-02-02 16:17:22,883|INFO|random_mc2_n5_mid3_d1000_05_mr098_r10_128_uai_EMCC_100_n200_roFalse_s0: [0.0050,0.0354]	 14 runs	 rmse=0.02174	 T_learn=48272 ms. 	 T_infer=264 ms.
2026-02-02 16:17:22,888|INFO|random_mc2_n5_mid3_d1000_05_mr098_r10_128_uai_EMCC_100_n200_roFalse_s0: Saving results to ../results/synthetic/s123/random_mc2_n5_mid3_d1000_05_mr098_r10_128_uai_EMCC_100_n200_roFalse_s0.csv
2026-02-02 16:17:23,181|INFO|random_mc2_n5_mid3_d1000_05_mr098_r10_4_uai_EMCC_100_n200_roTrue_s0: [0.0085,0.0141]	 21 runs	 rmse=0.02599	 T_learn=60313 ms. 	 T_infer=539 ms.
2026-02-02 16:17:23,185|INFO|random_mc2_n5_mid3_d1000_05_mr098_r10_4_uai_EMCC_100_n200_roTrue_s0: Saving results to ../results/synthetic/s123/random_mc2_n5_mid3_d1000_05_mr098_r10_4_uai_EMCC_100_n200_roTrue_s0.csv
2026-02-02 16:17:23,405|INFO|random_mc2_n5_mid3_d1000_05_mr098_r10_48_uai_EMCC_100_n200_roFalse_s0: [0.3753,0.4201]	 9 runs	 rmse=0.00482	 T_learn=31858 ms. 	 T_infer=172 ms.
2026-02-02 16:17:23,410|INFO|random_mc2_n5_mid3_d1000_05_mr098_r10_48_uai_EMCC_100_n200_roFalse_s0: Saving results to ../results/synthetic/s123/random_mc2_n5_mid3_d1000_05_mr098_r10_48_uai_EMCC_100_n200_roFalse_s0.csv
2026-02-02 16:17:23,541|INFO|random_mc2_n7_mid3_d1000_05_mr098_r10_15_uai_EMCC_100_n200_roTrue_s0: [0.4113,0.4329]	 10 runs	 rmse=0.12861	 T_learn=101830 ms. 	 T_infer=650 ms.
2026-02-02 16:17:23,545|INFO|random_mc2_n7_mid3_d1000_05_mr098_r10_15_uai_EMCC_100_n200_roTrue_s0: Saving results to ../results/synthetic/s123/random_mc2_n7_mid3_d1000_05_mr098_r10_15_uai_EMCC_100_n200_roTrue_s0.csv
2026-02-02 16:17:24,265|INFO|random_mc2_n6_mid3_d1000_05_mr098_r10_158_uai_EMCC_100_n200_roFalse_s0: [0.0012,0.0367]	 21 runs	 rmse=0.02722	 T_learn=119388 ms. 	 T_infer=521 ms.
2026-02-02 16:17:24,269|INFO|random_mc2_n6_mid3_d1000_05_mr098_r10_158_uai_EMCC_100_n200_roFalse_s0: Saving results to ../results/synthetic/s123/random_mc2_n6_mid3_d1000_05_mr098_r10_158_uai_EMCC_100_n200_roFalse_s0.csv
2026-02-02 16:17:24,370|INFO|random_mc2_n5_mid3_d1000_05_mr098_r10_95_uai_EMCC_100_n200_roTrue_s0: [0.0000,0.0022]	 19 runs	 rmse=0.01684	 T_learn=70813 ms. 	 T_infer=637 ms.
2026-02-02 16:17:24,374|INFO|random_mc2_n5_mid3_d1000_05_mr098_r10_95_uai_EMCC_100_n200_roTrue_s0: Saving results to ../results/synthetic/s123/random_mc2_n5_mid3_d1000_05_mr098_r10_95_uai_EMCC_100_n200_roTrue_s0.csv
2026-02-02 16:17:24,737|INFO|random_mc2_n5_mid3_d1000_05_mr098_r10_149_uai_EMCC_100_n200_roTrue_s0: [0.0020,0.0118]	 14 runs	 rmse=0.00326	 T_learn=54099 ms. 	 T_infer=329 ms.
2026-02-02 16:17:24,742|INFO|random_mc2_n5_mid3_d1000_05_mr098_r10_149_uai_EMCC_100_n200_roTrue_s0: Saving results to ../results/synthetic/s123/random_mc2_n5_mid3_d1000_05_mr098_r10_149_uai_EMCC_100_n200_roTrue_s0.csv
2026-02-02 16:17:24,971|INFO|random_mc2_n6_mid3_d1000_05_mr098_r10_81_uai_EMCC_100_n200_roFalse_s0: [0.3370,0.3377]	 9 runs	 rmse=0.00052	 T_learn=37727 ms. 	 T_infer=471 ms.
2026-02-02 16:17:24,975|INFO|random_mc2_n6_mid3_d1000_05_mr098_r10_81_uai_EMCC_100_n200_roFalse_s0: Saving results to ../results/synthetic/s123/random_mc2_n6_mid3_d1000_05_mr098_r10_81_uai_EMCC_100_n200_roFalse_s0.csv
2026-02-02 16:17:26,588|INFO|random_mc2_n5_mid3_d1000_05_mr098_r10_128_uai_EMCC_100_n200_roFalse_s0: [0.0050,0.0537]	 15 runs	 rmse=0.00572	 T_learn=51689 ms. 	 T_infer=283 ms.
2026-02-02 16:17:26,592|INFO|random_mc2_n5_mid3_d1000_05_mr098_r10_128_uai_EMCC_100_n200_roFalse_s0: Saving results to ../results/synthetic/s123/random_mc2_n5_mid3_d1000_05_mr098_r10_128_uai_EMCC_100_n200_roFalse_s0.csv
2026-02-02 16:17:26,670|INFO|random_mc2_n5_mid3_d1000_05_mr098_r10_4_uai_EMCC_100_n200_roTrue_s0: [0.0085,0.0141]	 22 runs	 rmse=0.02599	 T_learn=63229 ms. 	 T_infer=568 ms.
2026-02-02 16:17:26,674|INFO|random_mc2_n5_mid3_d1000_05_mr098_r10_4_uai_EMCC_100_n200_roTrue_s0: Saving results to ../results/synthetic/s123/random_mc2_n5_mid3_d1000_05_mr098_r10_4_uai_EMCC_100_n200_roTrue_s0.csv
2026-02-02 16:17:27,024|INFO|random_mc2_n6_mid3_d1000_05_mr098_r10_139_uai_EMCC_100_n200_roFalse_s0: [0.0020,0.0105]	 16 runs	 rmse=0.00426	 T_learn=75105 ms. 	 T_infer=551 ms.
2026-02-02 16:17:27,024|INFO|random_mc2_n5_mid3_d1000_05_mr098_r10_48_uai_EMCC_100_n200_roFalse_s0: [0.3753,0.4201]	 10 runs	 rmse=0.00482	 T_learn=35278 ms. 	 T_infer=194 ms.
2026-02-02 16:17:27,027|INFO|random_mc2_n6_mid3_d1000_05_mr098_r10_139_uai_EMCC_100_n200_roFalse_s0: Saving results to ../results/synthetic/s123/random_mc2_n6_mid3_d1000_05_mr098_r10_139_uai_EMCC_100_n200_roFalse_s0.csv
2026-02-02 16:17:27,028|INFO|random_mc2_n5_mid3_d1000_05_mr098_r10_48_uai_EMCC_100_n200_roFalse_s0: Saving results to ../results/synthetic/s123/random_mc2_n5_mid3_d1000_05_mr098_r10_48_uai_EMCC_100_n200_roFalse_s0.csv
2026-02-02 16:17:27,415|INFO|random_mc2_n6_mid3_d1000_05_mr098_r10_40_uai_EMCC_100_n200_roFalse_s0: [0.0124,0.0876]	 17 runs	 rmse=0.01261	 T_learn=75614 ms. 	 T_infer=483 ms.
2026-02-02 16:17:27,419|INFO|random_mc2_n6_mid3_d1000_05_mr098_r10_40_uai_EMCC_100_n200_roFalse_s0: Saving results to ../results/synthetic/s123/random_mc2_n6_mid3_d1000_05_mr098_r10_40_uai_EMCC_100_n200_roFalse_s0.csv
2026-02-02 16:17:27,969|INFO|random_mc2_n9_mid3_d1000_05_mr098_r10_119_uai_EMCC_100_n200_roTrue_s0: [0.0844,0.0923]	 2 runs	 rmse=0.01052	 T_learn=23392 ms. 	 T_infer=147 ms.
2026-02-02 16:17:27,973|INFO|random_mc2_n9_mid3_d1000_05_mr098_r10_119_uai_EMCC_100_n200_roTrue_s0: Saving results to ../results/synthetic/s123/random_mc2_n9_mid3_d1000_05_mr098_r10_119_uai_EMCC_100_n200_roTrue_s0.csv
2026-02-02 16:17:28,331|INFO|random_mc2_n6_mid3_d1000_05_mr098_r10_23_uai_EMCC_100_n200_roTrue_s0: [0.0040,0.0567]	 6 runs	 rmse=0.14996	 T_learn=59206 ms. 	 T_infer=290 ms.
2026-02-02 16:17:28,336|INFO|random_mc2_n6_mid3_d1000_05_mr098_r10_23_uai_EMCC_100_n200_roTrue_s0: Saving results to ../results/synthetic/s123/random_mc2_n6_mid3_d1000_05_mr098_r10_23_uai_EMCC_100_n200_roTrue_s0.csv
2026-02-02 16:17:28,349|INFO|random_mc2_n6_mid3_d1000_05_mr098_r10_178_uai_EMCC_100_n200_roFalse_s0: [0.2188,0.3042]	 8 runs	 rmse=0.11707	 T_learn=78671 ms. 	 T_infer=585 ms.
2026-02-02 16:17:28,353|INFO|random_mc2_n6_mid3_d1000_05_mr098_r10_178_uai_EMCC_100_n200_roFalse_s0: Saving results to ../results/synthetic/s123/random_mc2_n6_mid3_d1000_05_mr098_r10_178_uai_EMCC_100_n200_roFalse_s0.csv
2026-02-02 16:17:28,848|INFO|random_mc2_n5_mid3_d1000_05_mr098_r10_95_uai_EMCC_100_n200_roTrue_s0: [0.0000,0.0022]	 20 runs	 rmse=0.01684	 T_learn=74618 ms. 	 T_infer=669 ms.
2026-02-02 16:17:28,852|INFO|random_mc2_n5_mid3_d1000_05_mr098_r10_95_uai_EMCC_100_n200_roTrue_s0: Saving results to ../results/synthetic/s123/random_mc2_n5_mid3_d1000_05_mr098_r10_95_uai_EMCC_100_n200_roTrue_s0.csv
2026-02-02 16:17:28,909|INFO|random_mc2_n5_mid3_d1000_05_mr098_r10_149_uai_EMCC_100_n200_roTrue_s0: [0.0020,0.0124]	 15 runs	 rmse=0.00284	 T_learn=57913 ms. 	 T_infer=353 ms.
2026-02-02 16:17:28,913|INFO|random_mc2_n5_mid3_d1000_05_mr098_r10_149_uai_EMCC_100_n200_roTrue_s0: Saving results to ../results/synthetic/s123/random_mc2_n5_mid3_d1000_05_mr098_r10_149_uai_EMCC_100_n200_roTrue_s0.csv
2026-02-02 16:17:29,060|INFO|random_mc2_n6_mid3_d1000_05_mr098_r10_169_uai_EMCC_100_n200_roFalse_s0: [0.0077,0.0240]	 16 runs	 rmse=0.01779	 T_learn=97194 ms. 	 T_infer=468 ms.
2026-02-02 16:17:29,064|INFO|random_mc2_n6_mid3_d1000_05_mr098_r10_169_uai_EMCC_100_n200_roFalse_s0: Saving results to ../results/synthetic/s123/random_mc2_n6_mid3_d1000_05_mr098_r10_169_uai_EMCC_100_n200_roFalse_s0.csv
2026-02-02 16:17:29,295|INFO|random_mc2_n5_mid3_d1000_05_mr098_r10_41_uai_EMCC_100_n200_roTrue_s0: [0.0160,0.0161]	 13 runs	 rmse=0.00012	 T_learn=78168 ms. 	 T_infer=560 ms.
2026-02-02 16:17:29,300|INFO|random_mc2_n5_mid3_d1000_05_mr098_r10_41_uai_EMCC_100_n200_roTrue_s0: Saving results to ../results/synthetic/s123/random_mc2_n5_mid3_d1000_05_mr098_r10_41_uai_EMCC_100_n200_roTrue_s0.csv
2026-02-02 16:17:29,713|INFO|random_mc2_n6_mid3_d1000_05_mr098_r10_81_uai_EMCC_100_n200_roFalse_s0: [0.3370,0.3377]	 10 runs	 rmse=0.00052	 T_learn=41940 ms. 	 T_infer=524 ms.
2026-02-02 16:17:29,715|INFO|random_mc2_n7_mid3_d1000_05_mr098_r10_163_uai_EMCC_100_n200_roFalse_s0: [0.0869,0.2192]	 9 runs	 rmse=0.08974	 T_learn=79643 ms. 	 T_infer=754 ms.
2026-02-02 16:17:29,718|INFO|random_mc2_n6_mid3_d1000_05_mr098_r10_81_uai_EMCC_100_n200_roFalse_s0: Saving results to ../results/synthetic/s123/random_mc2_n6_mid3_d1000_05_mr098_r10_81_uai_EMCC_100_n200_roFalse_s0.csv
2026-02-02 16:17:29,720|INFO|random_mc2_n7_mid3_d1000_05_mr098_r10_163_uai_EMCC_100_n200_roFalse_s0: Saving results to ../results/synthetic/s123/random_mc2_n7_mid3_d1000_05_mr098_r10_163_uai_EMCC_100_n200_roFalse_s0.csv
2026-02-02 16:17:30,169|INFO|random_mc2_n5_mid3_d1000_05_mr098_r10_4_uai_EMCC_100_n200_roTrue_s0: [0.0085,0.0141]	 23 runs	 rmse=0.02599	 T_learn=66131 ms. 	 T_infer=593 ms.
2026-02-02 16:17:30,173|INFO|random_mc2_n5_mid3_d1000_05_mr098_r10_4_uai_EMCC_100_n200_roTrue_s0: Saving results to ../results/synthetic/s123/random_mc2_n5_mid3_d1000_05_mr098_r10_4_uai_EMCC_100_n200_roTrue_s0.csv
2026-02-02 16:17:30,412|INFO|random_mc2_n5_mid3_d1000_05_mr098_r10_128_uai_EMCC_100_n200_roFalse_s0: [0.0050,0.0537]	 16 runs	 rmse=0.00572	 T_learn=55209 ms. 	 T_infer=300 ms.
2026-02-02 16:17:30,417|INFO|random_mc2_n5_mid3_d1000_05_mr098_r10_128_uai_EMCC_100_n200_roFalse_s0: Saving results to ../results/synthetic/s123/random_mc2_n5_mid3_d1000_05_mr098_r10_128_uai_EMCC_100_n200_roFalse_s0.csv
2026-02-02 16:17:30,544|INFO|random_mc2_n6_mid3_d1000_05_mr098_r10_158_uai_EMCC_100_n200_roFalse_s0: [0.0012,0.0367]	 22 runs	 rmse=0.02722	 T_learn=125118 ms. 	 T_infer=544 ms.
2026-02-02 16:17:30,548|INFO|random_mc2_n6_mid3_d1000_05_mr098_r10_158_uai_EMCC_100_n200_roFalse_s0: Saving results to ../results/synthetic/s123/random_mc2_n6_mid3_d1000_05_mr098_r10_158_uai_EMCC_100_n200_roFalse_s0.csv
2026-02-02 16:17:30,684|INFO|random_mc2_n5_mid3_d1000_05_mr098_r10_48_uai_EMCC_100_n200_roFalse_s0: [0.3753,0.4201]	 11 runs	 rmse=0.00482	 T_learn=38726 ms. 	 T_infer=209 ms.
2026-02-02 16:17:30,689|INFO|random_mc2_n5_mid3_d1000_05_mr098_r10_48_uai_EMCC_100_n200_roFalse_s0: Saving results to ../results/synthetic/s123/random_mc2_n5_mid3_d1000_05_mr098_r10_48_uai_EMCC_100_n200_roFalse_s0.csv
2026-02-02 16:17:32,375|INFO|random_mc2_n6_mid3_d1000_05_mr098_r10_139_uai_EMCC_100_n200_roFalse_s0: [0.0020,0.0105]	 17 runs	 rmse=0.00426	 T_learn=79870 ms. 	 T_infer=582 ms.
2026-02-02 16:17:32,379|INFO|random_mc2_n6_mid3_d1000_05_mr098_r10_139_uai_EMCC_100_n200_roFalse_s0: Saving results to ../results/synthetic/s123/random_mc2_n6_mid3_d1000_05_mr098_r10_139_uai_EMCC_100_n200_roFalse_s0.csv
2026-02-02 16:17:32,451|INFO|random_mc2_n6_mid3_d1000_05_mr098_r10_40_uai_EMCC_100_n200_roFalse_s0: [0.0124,0.0876]	 18 runs	 rmse=0.01261	 T_learn=80135 ms. 	 T_infer=511 ms.
2026-02-02 16:17:32,456|INFO|random_mc2_n6_mid3_d1000_05_mr098_r10_40_uai_EMCC_100_n200_roFalse_s0: Saving results to ../results/synthetic/s123/random_mc2_n6_mid3_d1000_05_mr098_r10_40_uai_EMCC_100_n200_roFalse_s0.csv
2026-02-02 16:17:32,921|INFO|random_mc2_n6_mid3_d1000_05_mr098_r10_141_uai_EMCC_100_n200_roFalse_s0: [0.2657,0.2709]	 4 runs	 rmse=0.01703	 T_learn=61244 ms. 	 T_infer=1463 ms.
2026-02-02 16:17:32,925|INFO|random_mc2_n6_mid3_d1000_05_mr098_r10_141_uai_EMCC_100_n200_roFalse_s0: Saving results to ../results/synthetic/s123/random_mc2_n6_mid3_d1000_05_mr098_r10_141_uai_EMCC_100_n200_roFalse_s0.csv
2026-02-02 16:17:33,198|INFO|random_mc2_n5_mid3_d1000_05_mr098_r10_149_uai_EMCC_100_n200_roTrue_s0: [0.0020,0.0124]	 16 runs	 rmse=0.00284	 T_learn=61822 ms. 	 T_infer=376 ms.
2026-02-02 16:17:33,202|INFO|random_mc2_n5_mid3_d1000_05_mr098_r10_149_uai_EMCC_100_n200_roTrue_s0: Saving results to ../results/synthetic/s123/random_mc2_n5_mid3_d1000_05_mr098_r10_149_uai_EMCC_100_n200_roTrue_s0.csv
2026-02-02 16:17:33,363|INFO|random_mc2_n5_mid3_d1000_05_mr098_r10_95_uai_EMCC_100_n200_roTrue_s0: [0.0000,0.0025]	 21 runs	 rmse=0.01654	 T_learn=78426 ms. 	 T_infer=703 ms.
2026-02-02 16:17:33,368|INFO|random_mc2_n5_mid3_d1000_05_mr098_r10_95_uai_EMCC_100_n200_roTrue_s0: Saving results to ../results/synthetic/s123/random_mc2_n5_mid3_d1000_05_mr098_r10_95_uai_EMCC_100_n200_roTrue_s0.csv
2026-02-02 16:17:33,696|INFO|random_mc2_n5_mid3_d1000_05_mr098_r10_4_uai_EMCC_100_n200_roTrue_s0: [0.0085,0.0145]	 24 runs	 rmse=0.02562	 T_learn=69037 ms. 	 T_infer=617 ms.
2026-02-02 16:17:33,700|INFO|random_mc2_n5_mid3_d1000_05_mr098_r10_4_uai_EMCC_100_n200_roTrue_s0: Saving results to ../results/synthetic/s123/random_mc2_n5_mid3_d1000_05_mr098_r10_4_uai_EMCC_100_n200_roTrue_s0.csv
2026-02-02 16:17:34,141|INFO|random_mc2_n5_mid3_d1000_05_mr098_r10_128_uai_EMCC_100_n200_roFalse_s0: [0.0050,0.0537]	 17 runs	 rmse=0.00572	 T_learn=58613 ms. 	 T_infer=320 ms.
2026-02-02 16:17:34,145|INFO|random_mc2_n5_mid3_d1000_05_mr098_r10_128_uai_EMCC_100_n200_roFalse_s0: Saving results to ../results/synthetic/s123/random_mc2_n5_mid3_d1000_05_mr098_r10_128_uai_EMCC_100_n200_roFalse_s0.csv
2026-02-02 16:17:34,497|INFO|random_mc2_n6_mid3_d1000_05_mr098_r10_81_uai_EMCC_100_n200_roFalse_s0: [0.3370,0.3377]	 11 runs	 rmse=0.00052	 T_learn=46146 ms. 	 T_infer=573 ms.
2026-02-02 16:17:34,501|INFO|random_mc2_n6_mid3_d1000_05_mr098_r10_81_uai_EMCC_100_n200_roFalse_s0: Saving results to ../results/synthetic/s123/random_mc2_n6_mid3_d1000_05_mr098_r10_81_uai_EMCC_100_n200_roFalse_s0.csv
2026-02-02 16:17:34,557|INFO|random_mc2_n5_mid3_d1000_05_mr098_r10_48_uai_EMCC_100_n200_roFalse_s0: [0.3753,0.4202]	 12 runs	 rmse=0.00476	 T_learn=42366 ms. 	 T_infer=229 ms.
2026-02-02 16:17:34,561|INFO|random_mc2_n5_mid3_d1000_05_mr098_r10_48_uai_EMCC_100_n200_roFalse_s0: Saving results to ../results/synthetic/s123/random_mc2_n5_mid3_d1000_05_mr098_r10_48_uai_EMCC_100_n200_roFalse_s0.csv
2026-02-02 16:17:34,680|INFO|random_mc2_n7_mid3_d1000_05_mr098_r10_15_uai_EMCC_100_n200_roTrue_s0: [0.4113,0.4329]	 11 runs	 rmse=0.12861	 T_learn=112248 ms. 	 T_infer=717 ms.
2026-02-02 16:17:34,684|INFO|random_mc2_n7_mid3_d1000_05_mr098_r10_15_uai_EMCC_100_n200_roTrue_s0: Saving results to ../results/synthetic/s123/random_mc2_n7_mid3_d1000_05_mr098_r10_15_uai_EMCC_100_n200_roTrue_s0.csv
2026-02-02 16:17:35,773|INFO|random_mc2_n6_mid3_d1000_05_mr098_r10_169_uai_EMCC_100_n200_roFalse_s0: [0.0077,0.0240]	 17 runs	 rmse=0.01779	 T_learn=103406 ms. 	 T_infer=498 ms.
2026-02-02 16:17:35,779|INFO|random_mc2_n6_mid3_d1000_05_mr098_r10_169_uai_EMCC_100_n200_roFalse_s0: Saving results to ../results/synthetic/s123/random_mc2_n6_mid3_d1000_05_mr098_r10_169_uai_EMCC_100_n200_roFalse_s0.csv
2026-02-02 16:17:36,027|INFO|random_mc2_n5_mid3_d1000_05_mr098_r10_41_uai_EMCC_100_n200_roTrue_s0: [0.0160,0.0161]	 14 runs	 rmse=0.00012	 T_learn=84290 ms. 	 T_infer=606 ms.
2026-02-02 16:17:36,031|INFO|random_mc2_n5_mid3_d1000_05_mr098_r10_41_uai_EMCC_100_n200_roTrue_s0: Saving results to ../results/synthetic/s123/random_mc2_n5_mid3_d1000_05_mr098_r10_41_uai_EMCC_100_n200_roTrue_s0.csv
2026-02-02 16:17:36,558|INFO|random_mc2_n6_mid3_d1000_05_mr098_r10_158_uai_EMCC_100_n200_roFalse_s0: [0.0012,0.0367]	 23 runs	 rmse=0.02722	 T_learn=130559 ms. 	 T_infer=569 ms.
2026-02-02 16:17:36,562|INFO|random_mc2_n6_mid3_d1000_05_mr098_r10_158_uai_EMCC_100_n200_roFalse_s0: Saving results to ../results/synthetic/s123/random_mc2_n6_mid3_d1000_05_mr098_r10_158_uai_EMCC_100_n200_roFalse_s0.csv
2026-02-02 16:17:37,247|INFO|random_mc2_n5_mid3_d1000_05_mr098_r10_4_uai_EMCC_100_n200_roTrue_s0: [0.0085,0.0146]	 25 runs	 rmse=0.02553	 T_learn=71938 ms. 	 T_infer=645 ms.
2026-02-02 16:17:37,251|INFO|random_mc2_n5_mid3_d1000_05_mr098_r10_4_uai_EMCC_100_n200_roTrue_s0: Saving results to ../results/synthetic/s123/random_mc2_n5_mid3_d1000_05_mr098_r10_4_uai_EMCC_100_n200_roTrue_s0.csv
2026-02-02 16:17:37,397|INFO|random_mc2_n5_mid3_d1000_05_mr098_r10_149_uai_EMCC_100_n200_roTrue_s0: [0.0020,0.0124]	 17 runs	 rmse=0.00284	 T_learn=65617 ms. 	 T_infer=400 ms.
2026-02-02 16:17:37,401|INFO|random_mc2_n5_mid3_d1000_05_mr098_r10_149_uai_EMCC_100_n200_roTrue_s0: Saving results to ../results/synthetic/s123/random_mc2_n5_mid3_d1000_05_mr098_r10_149_uai_EMCC_100_n200_roTrue_s0.csv
2026-02-02 16:17:37,508|INFO|random_mc2_n6_mid3_d1000_05_mr098_r10_40_uai_EMCC_100_n200_roFalse_s0: [0.0124,0.0876]	 19 runs	 rmse=0.01261	 T_learn=84649 ms. 	 T_infer=537 ms.
2026-02-02 16:17:37,512|INFO|random_mc2_n6_mid3_d1000_05_mr098_r10_40_uai_EMCC_100_n200_roFalse_s0: Saving results to ../results/synthetic/s123/random_mc2_n6_mid3_d1000_05_mr098_r10_40_uai_EMCC_100_n200_roFalse_s0.csv
2026-02-02 16:17:37,761|INFO|random_mc2_n6_mid3_d1000_05_mr098_r10_139_uai_EMCC_100_n200_roFalse_s0: [0.0020,0.0118]	 18 runs	 rmse=0.00313	 T_learn=84635 ms. 	 T_infer=618 ms.
2026-02-02 16:17:37,765|INFO|random_mc2_n6_mid3_d1000_05_mr098_r10_139_uai_EMCC_100_n200_roFalse_s0: Saving results to ../results/synthetic/s123/random_mc2_n6_mid3_d1000_05_mr098_r10_139_uai_EMCC_100_n200_roFalse_s0.csv
2026-02-02 16:17:37,893|INFO|random_mc2_n5_mid3_d1000_05_mr098_r10_128_uai_EMCC_100_n200_roFalse_s0: [0.0050,0.0537]	 18 runs	 rmse=0.00572	 T_learn=62024 ms. 	 T_infer=337 ms.
2026-02-02 16:17:37,897|INFO|random_mc2_n5_mid3_d1000_05_mr098_r10_128_uai_EMCC_100_n200_roFalse_s0: Saving results to ../results/synthetic/s123/random_mc2_n5_mid3_d1000_05_mr098_r10_128_uai_EMCC_100_n200_roFalse_s0.csv
2026-02-02 16:17:37,910|INFO|random_mc2_n5_mid3_d1000_05_mr098_r10_95_uai_EMCC_100_n200_roTrue_s0: [0.0000,0.0025]	 22 runs	 rmse=0.01654	 T_learn=82232 ms. 	 T_infer=736 ms.
2026-02-02 16:17:37,914|INFO|random_mc2_n5_mid3_d1000_05_mr098_r10_95_uai_EMCC_100_n200_roTrue_s0: Saving results to ../results/synthetic/s123/random_mc2_n5_mid3_d1000_05_mr098_r10_95_uai_EMCC_100_n200_roTrue_s0.csv
2026-02-02 16:17:38,365|INFO|random_mc2_n5_mid3_d1000_05_mr098_r10_48_uai_EMCC_100_n200_roFalse_s0: [0.3753,0.4202]	 13 runs	 rmse=0.00476	 T_learn=45923 ms. 	 T_infer=247 ms.
2026-02-02 16:17:38,370|INFO|random_mc2_n5_mid3_d1000_05_mr098_r10_48_uai_EMCC_100_n200_roFalse_s0: Saving results to ../results/synthetic/s123/random_mc2_n5_mid3_d1000_05_mr098_r10_48_uai_EMCC_100_n200_roFalse_s0.csv
2026-02-02 16:17:38,403|INFO|random_mc2_n6_mid3_d1000_05_mr098_r10_23_uai_EMCC_100_n200_roTrue_s0: [0.0040,0.0567]	 7 runs	 rmse=0.14996	 T_learn=68937 ms. 	 T_infer=336 ms.
2026-02-02 16:17:38,407|INFO|random_mc2_n6_mid3_d1000_05_mr098_r10_23_uai_EMCC_100_n200_roTrue_s0: Saving results to ../results/synthetic/s123/random_mc2_n6_mid3_d1000_05_mr098_r10_23_uai_EMCC_100_n200_roTrue_s0.csv
2026-02-02 16:17:38,947|INFO|random_mc2_n6_mid3_d1000_05_mr098_r10_178_uai_EMCC_100_n200_roFalse_s0: [0.2188,0.3042]	 9 runs	 rmse=0.11707	 T_learn=88607 ms. 	 T_infer=658 ms.
2026-02-02 16:17:38,951|INFO|random_mc2_n6_mid3_d1000_05_mr098_r10_178_uai_EMCC_100_n200_roFalse_s0: Saving results to ../results/synthetic/s123/random_mc2_n6_mid3_d1000_05_mr098_r10_178_uai_EMCC_100_n200_roFalse_s0.csv
2026-02-02 16:17:39,130|INFO|random_mc2_n7_mid3_d1000_05_mr098_r10_163_uai_EMCC_100_n200_roFalse_s0: [0.0869,0.2192]	 10 runs	 rmse=0.08974	 T_learn=88209 ms. 	 T_infer=845 ms.
2026-02-02 16:17:39,134|INFO|random_mc2_n7_mid3_d1000_05_mr098_r10_163_uai_EMCC_100_n200_roFalse_s0: Saving results to ../results/synthetic/s123/random_mc2_n7_mid3_d1000_05_mr098_r10_163_uai_EMCC_100_n200_roFalse_s0.csv
2026-02-02 16:17:39,353|INFO|random_mc2_n6_mid3_d1000_05_mr098_r10_81_uai_EMCC_100_n200_roFalse_s0: [0.3365,0.3377]	 12 runs	 rmse=0.00088	 T_learn=50368 ms. 	 T_infer=629 ms.
2026-02-02 16:17:39,357|INFO|random_mc2_n6_mid3_d1000_05_mr098_r10_81_uai_EMCC_100_n200_roFalse_s0: Saving results to ../results/synthetic/s123/random_mc2_n6_mid3_d1000_05_mr098_r10_81_uai_EMCC_100_n200_roFalse_s0.csv
2026-02-02 16:17:39,870|INFO|random_mc2_n9_mid3_d1000_05_mr098_r10_119_uai_EMCC_100_n200_roTrue_s0: [0.0844,0.0923]	 3 runs	 rmse=0.01052	 T_learn=35069 ms. 	 T_infer=219 ms.
2026-02-02 16:17:39,874|INFO|random_mc2_n9_mid3_d1000_05_mr098_r10_119_uai_EMCC_100_n200_roTrue_s0: Saving results to ../results/synthetic/s123/random_mc2_n9_mid3_d1000_05_mr098_r10_119_uai_EMCC_100_n200_roTrue_s0.csv
2026-02-02 16:17:40,817|INFO|random_mc2_n5_mid3_d1000_05_mr098_r10_4_uai_EMCC_100_n200_roTrue_s0: [0.0085,0.0146]	 26 runs	 rmse=0.02553	 T_learn=74831 ms. 	 T_infer=673 ms.
2026-02-02 16:17:40,822|INFO|random_mc2_n5_mid3_d1000_05_mr098_r10_4_uai_EMCC_100_n200_roTrue_s0: Saving results to ../results/synthetic/s123/random_mc2_n5_mid3_d1000_05_mr098_r10_4_uai_EMCC_100_n200_roTrue_s0.csv
2026-02-02 16:17:41,610|INFO|random_mc2_n5_mid3_d1000_05_mr098_r10_128_uai_EMCC_100_n200_roFalse_s0: [0.0050,0.0537]	 19 runs	 rmse=0.00572	 T_learn=65366 ms. 	 T_infer=371 ms.
2026-02-02 16:17:41,618|INFO|random_mc2_n5_mid3_d1000_05_mr098_r10_128_uai_EMCC_100_n200_roFalse_s0: Saving results to ../results/synthetic/s123/random_mc2_n5_mid3_d1000_05_mr098_r10_128_uai_EMCC_100_n200_roFalse_s0.csv
2026-02-02 16:17:41,738|INFO|random_mc2_n5_mid3_d1000_05_mr098_r10_149_uai_EMCC_100_n200_roTrue_s0: [0.0020,0.0124]	 18 runs	 rmse=0.00284	 T_learn=69529 ms. 	 T_infer=425 ms.
2026-02-02 16:17:41,744|INFO|random_mc2_n5_mid3_d1000_05_mr098_r10_149_uai_EMCC_100_n200_roTrue_s0: Saving results to ../results/synthetic/s123/random_mc2_n5_mid3_d1000_05_mr098_r10_149_uai_EMCC_100_n200_roTrue_s0.csv
2026-02-02 16:17:42,116|INFO|random_mc2_n5_mid3_d1000_05_mr098_r10_48_uai_EMCC_100_n200_roFalse_s0: [0.3753,0.4202]	 14 runs	 rmse=0.00476	 T_learn=49402 ms. 	 T_infer=267 ms.
2026-02-02 16:17:42,120|INFO|random_mc2_n5_mid3_d1000_05_mr098_r10_48_uai_EMCC_100_n200_roFalse_s0: Saving results to ../results/synthetic/s123/random_mc2_n5_mid3_d1000_05_mr098_r10_48_uai_EMCC_100_n200_roFalse_s0.csv
2026-02-02 16:17:42,336|INFO|random_mc2_n6_mid3_d1000_05_mr098_r10_158_uai_EMCC_100_n200_roFalse_s0: [0.0012,0.0367]	 24 runs	 rmse=0.02722	 T_learn=135740 ms. 	 T_infer=593 ms.
2026-02-02 16:17:42,341|INFO|random_mc2_n6_mid3_d1000_05_mr098_r10_158_uai_EMCC_100_n200_roFalse_s0: Saving results to ../results/synthetic/s123/random_mc2_n6_mid3_d1000_05_mr098_r10_158_uai_EMCC_100_n200_roFalse_s0.csv
2026-02-02 16:17:42,404|INFO|random_mc2_n6_mid3_d1000_05_mr098_r10_169_uai_EMCC_100_n200_roFalse_s0: [0.0077,0.0243]	 18 runs	 rmse=0.01747	 T_learn=109504 ms. 	 T_infer=527 ms.
2026-02-02 16:17:42,408|INFO|random_mc2_n6_mid3_d1000_05_mr098_r10_169_uai_EMCC_100_n200_roFalse_s0: Saving results to ../results/synthetic/s123/random_mc2_n6_mid3_d1000_05_mr098_r10_169_uai_EMCC_100_n200_roFalse_s0.csv
2026-02-02 16:17:42,523|INFO|random_mc2_n5_mid3_d1000_05_mr098_r10_95_uai_EMCC_100_n200_roTrue_s0: [0.0000,0.0025]	 23 runs	 rmse=0.01654	 T_learn=86069 ms. 	 T_infer=772 ms.
2026-02-02 16:17:42,527|INFO|random_mc2_n5_mid3_d1000_05_mr098_r10_95_uai_EMCC_100_n200_roTrue_s0: Saving results to ../results/synthetic/s123/random_mc2_n5_mid3_d1000_05_mr098_r10_95_uai_EMCC_100_n200_roTrue_s0.csv
2026-02-02 16:17:42,605|INFO|random_mc2_n6_mid3_d1000_05_mr098_r10_40_uai_EMCC_100_n200_roFalse_s0: [0.0124,0.0876]	 20 runs	 rmse=0.01261	 T_learn=89172 ms. 	 T_infer=570 ms.
2026-02-02 16:17:42,609|INFO|random_mc2_n6_mid3_d1000_05_mr098_r10_40_uai_EMCC_100_n200_roFalse_s0: Saving results to ../results/synthetic/s123/random_mc2_n6_mid3_d1000_05_mr098_r10_40_uai_EMCC_100_n200_roFalse_s0.csv
2026-02-02 16:17:42,969|INFO|random_mc2_n5_mid3_d1000_05_mr098_r10_41_uai_EMCC_100_n200_roTrue_s0: [0.0160,0.0161]	 15 runs	 rmse=0.00012	 T_learn=90578 ms. 	 T_infer=650 ms.
2026-02-02 16:17:42,974|INFO|random_mc2_n5_mid3_d1000_05_mr098_r10_41_uai_EMCC_100_n200_roTrue_s0: Saving results to ../results/synthetic/s123/random_mc2_n5_mid3_d1000_05_mr098_r10_41_uai_EMCC_100_n200_roTrue_s0.csv
2026-02-02 16:17:43,205|INFO|random_mc2_n6_mid3_d1000_05_mr098_r10_139_uai_EMCC_100_n200_roFalse_s0: [0.0020,0.0118]	 19 runs	 rmse=0.00313	 T_learn=89417 ms. 	 T_infer=657 ms.
2026-02-02 16:17:43,209|INFO|random_mc2_n6_mid3_d1000_05_mr098_r10_139_uai_EMCC_100_n200_roFalse_s0: Saving results to ../results/synthetic/s123/random_mc2_n6_mid3_d1000_05_mr098_r10_139_uai_EMCC_100_n200_roFalse_s0.csv
2026-02-02 16:17:44,273|INFO|random_mc2_n6_mid3_d1000_05_mr098_r10_81_uai_EMCC_100_n200_roFalse_s0: [0.3365,0.3377]	 13 runs	 rmse=0.00088	 T_learn=54603 ms. 	 T_infer=681 ms.
2026-02-02 16:17:44,277|INFO|random_mc2_n6_mid3_d1000_05_mr098_r10_81_uai_EMCC_100_n200_roFalse_s0: Saving results to ../results/synthetic/s123/random_mc2_n6_mid3_d1000_05_mr098_r10_81_uai_EMCC_100_n200_roFalse_s0.csv
2026-02-02 16:17:44,558|INFO|random_mc2_n5_mid3_d1000_05_mr098_r10_4_uai_EMCC_100_n200_roTrue_s0: [0.0085,0.0146]	 27 runs	 rmse=0.02552	 T_learn=77874 ms. 	 T_infer=693 ms.
2026-02-02 16:17:44,564|INFO|random_mc2_n5_mid3_d1000_05_mr098_r10_4_uai_EMCC_100_n200_roTrue_s0: Saving results to ../results/synthetic/s123/random_mc2_n5_mid3_d1000_05_mr098_r10_4_uai_EMCC_100_n200_roTrue_s0.csv
2026-02-02 16:17:45,420|INFO|random_mc2_n5_mid3_d1000_05_mr098_r10_128_uai_EMCC_100_n200_roFalse_s0: [0.0050,0.0537]	 20 runs	 rmse=0.00572	 T_learn=68790 ms. 	 T_infer=378 ms.
2026-02-02 16:17:45,424|INFO|random_mc2_n5_mid3_d1000_05_mr098_r10_128_uai_EMCC_100_n200_roFalse_s0: Saving results to ../results/synthetic/s123/random_mc2_n5_mid3_d1000_05_mr098_r10_128_uai_EMCC_100_n200_roFalse_s0.csv
2026-02-02 16:17:45,966|INFO|random_mc2_n5_mid3_d1000_05_mr098_r10_48_uai_EMCC_100_n200_roFalse_s0: [0.3753,0.4202]	 15 runs	 rmse=0.00476	 T_learn=52843 ms. 	 T_infer=406 ms.
2026-02-02 16:17:45,971|INFO|random_mc2_n5_mid3_d1000_05_mr098_r10_48_uai_EMCC_100_n200_roFalse_s0: Saving results to ../results/synthetic/s123/random_mc2_n5_mid3_d1000_05_mr098_r10_48_uai_EMCC_100_n200_roFalse_s0.csv
2026-02-02 16:17:46,060|INFO|random_mc2_n5_mid3_d1000_05_mr098_r10_149_uai_EMCC_100_n200_roTrue_s0: [0.0020,0.0124]	 19 runs	 rmse=0.00284	 T_learn=73397 ms. 	 T_infer=447 ms.
2026-02-02 16:17:46,064|INFO|random_mc2_n5_mid3_d1000_05_mr098_r10_149_uai_EMCC_100_n200_roTrue_s0: Saving results to ../results/synthetic/s123/random_mc2_n5_mid3_d1000_05_mr098_r10_149_uai_EMCC_100_n200_roTrue_s0.csv
2026-02-02 16:17:46,405|INFO|random_mc2_n7_mid3_d1000_05_mr098_r10_15_uai_EMCC_100_n200_roTrue_s0: [0.4113,0.4329]	 12 runs	 rmse=0.12861	 T_learn=123187 ms. 	 T_infer=781 ms.
2026-02-02 16:17:46,410|INFO|random_mc2_n7_mid3_d1000_05_mr098_r10_15_uai_EMCC_100_n200_roTrue_s0: Saving results to ../results/synthetic/s123/random_mc2_n7_mid3_d1000_05_mr098_r10_15_uai_EMCC_100_n200_roTrue_s0.csv
2026-02-02 16:17:47,167|INFO|random_mc2_n5_mid3_d1000_05_mr098_r10_95_uai_EMCC_100_n200_roTrue_s0: [0.0000,0.0025]	 24 runs	 rmse=0.01654	 T_learn=89901 ms. 	 T_infer=808 ms.
2026-02-02 16:17:47,172|INFO|random_mc2_n5_mid3_d1000_05_mr098_r10_95_uai_EMCC_100_n200_roTrue_s0: Saving results to ../results/synthetic/s123/random_mc2_n5_mid3_d1000_05_mr098_r10_95_uai_EMCC_100_n200_roTrue_s0.csv
2026-02-02 16:17:47,749|INFO|random_mc2_n6_mid3_d1000_05_mr098_r10_40_uai_EMCC_100_n200_roFalse_s0: [0.0124,0.0876]	 21 runs	 rmse=0.01261	 T_learn=93711 ms. 	 T_infer=601 ms.
2026-02-02 16:17:47,754|INFO|random_mc2_n6_mid3_d1000_05_mr098_r10_40_uai_EMCC_100_n200_roFalse_s0: Saving results to ../results/synthetic/s123/random_mc2_n6_mid3_d1000_05_mr098_r10_40_uai_EMCC_100_n200_roFalse_s0.csv
2026-02-02 16:17:48,227|INFO|random_mc2_n5_mid3_d1000_05_mr098_r10_4_uai_EMCC_100_n200_roTrue_s0: [0.0085,0.0158]	 28 runs	 rmse=0.02435	 T_learn=80812 ms. 	 T_infer=724 ms.
2026-02-02 16:17:48,231|INFO|random_mc2_n5_mid3_d1000_05_mr098_r10_4_uai_EMCC_100_n200_roTrue_s0: Saving results to ../results/synthetic/s123/random_mc2_n5_mid3_d1000_05_mr098_r10_4_uai_EMCC_100_n200_roTrue_s0.csv
2026-02-02 16:17:48,597|INFO|random_mc2_n6_mid3_d1000_05_mr098_r10_23_uai_EMCC_100_n200_roTrue_s0: [0.0040,0.0567]	 8 runs	 rmse=0.14996	 T_learn=78745 ms. 	 T_infer=382 ms.
2026-02-02 16:17:48,601|INFO|random_mc2_n6_mid3_d1000_05_mr098_r10_23_uai_EMCC_100_n200_roTrue_s0: Saving results to ../results/synthetic/s123/random_mc2_n6_mid3_d1000_05_mr098_r10_23_uai_EMCC_100_n200_roTrue_s0.csv
2026-02-02 16:17:48,796|INFO|random_mc2_n6_mid3_d1000_05_mr098_r10_139_uai_EMCC_100_n200_roFalse_s0: [0.0020,0.0118]	 20 runs	 rmse=0.00313	 T_learn=94321 ms. 	 T_infer=684 ms.
2026-02-02 16:17:48,800|INFO|random_mc2_n6_mid3_d1000_05_mr098_r10_139_uai_EMCC_100_n200_roFalse_s0: Saving results to ../results/synthetic/s123/random_mc2_n6_mid3_d1000_05_mr098_r10_139_uai_EMCC_100_n200_roFalse_s0.csv
2026-02-02 16:17:48,852|INFO|random_mc2_n6_mid3_d1000_05_mr098_r10_158_uai_EMCC_100_n200_roFalse_s0: [0.0012,0.0367]	 25 runs	 rmse=0.02722	 T_learn=141632 ms. 	 T_infer=618 ms.
2026-02-02 16:17:48,856|INFO|random_mc2_n6_mid3_d1000_05_mr098_r10_158_uai_EMCC_100_n200_roFalse_s0: Saving results to ../results/synthetic/s123/random_mc2_n6_mid3_d1000_05_mr098_r10_158_uai_EMCC_100_n200_roFalse_s0.csv
2026-02-02 16:17:49,090|INFO|random_mc2_n6_mid3_d1000_05_mr098_r10_169_uai_EMCC_100_n200_roFalse_s0: [0.0077,0.0243]	 19 runs	 rmse=0.01747	 T_learn=115631 ms. 	 T_infer=555 ms.
2026-02-02 16:17:49,094|INFO|random_mc2_n6_mid3_d1000_05_mr098_r10_169_uai_EMCC_100_n200_roFalse_s0: Saving results to ../results/synthetic/s123/random_mc2_n6_mid3_d1000_05_mr098_r10_169_uai_EMCC_100_n200_roFalse_s0.csv
2026-02-02 16:17:49,246|INFO|random_mc2_n6_mid3_d1000_05_mr098_r10_81_uai_EMCC_100_n200_roFalse_s0: [0.3365,0.3377]	 14 runs	 rmse=0.00088	 T_learn=58842 ms. 	 T_infer=730 ms.
2026-02-02 16:17:49,251|INFO|random_mc2_n6_mid3_d1000_05_mr098_r10_81_uai_EMCC_100_n200_roFalse_s0: Saving results to ../results/synthetic/s123/random_mc2_n6_mid3_d1000_05_mr098_r10_81_uai_EMCC_100_n200_roFalse_s0.csv
2026-02-02 16:17:49,259|INFO|random_mc2_n5_mid3_d1000_05_mr098_r10_128_uai_EMCC_100_n200_roFalse_s0: [0.0050,0.0537]	 21 runs	 rmse=0.00572	 T_learn=72230 ms. 	 T_infer=394 ms.
2026-02-02 16:17:49,262|INFO|random_mc2_n5_mid3_d1000_05_mr098_r10_128_uai_EMCC_100_n200_roFalse_s0: Saving results to ../results/synthetic/s123/random_mc2_n5_mid3_d1000_05_mr098_r10_128_uai_EMCC_100_n200_roFalse_s0.csv
2026-02-02 16:17:49,454|INFO|random_mc2_n7_mid3_d1000_05_mr098_r10_163_uai_EMCC_100_n200_roFalse_s0: [0.0869,0.2192]	 11 runs	 rmse=0.08974	 T_learn=97603 ms. 	 T_infer=925 ms.
2026-02-02 16:17:49,458|INFO|random_mc2_n7_mid3_d1000_05_mr098_r10_163_uai_EMCC_100_n200_roFalse_s0: Saving results to ../results/synthetic/s123/random_mc2_n7_mid3_d1000_05_mr098_r10_163_uai_EMCC_100_n200_roFalse_s0.csv
2026-02-02 16:17:49,633|INFO|random_mc2_n6_mid3_d1000_05_mr098_r10_178_uai_EMCC_100_n200_roFalse_s0: [0.2188,0.3042]	 10 runs	 rmse=0.11707	 T_learn=98553 ms. 	 T_infer=736 ms.
2026-02-02 16:17:49,638|INFO|random_mc2_n6_mid3_d1000_05_mr098_r10_178_uai_EMCC_100_n200_roFalse_s0: Saving results to ../results/synthetic/s123/random_mc2_n6_mid3_d1000_05_mr098_r10_178_uai_EMCC_100_n200_roFalse_s0.csv
2026-02-02 16:17:49,811|INFO|random_mc2_n5_mid3_d1000_05_mr098_r10_48_uai_EMCC_100_n200_roFalse_s0: [0.3753,0.4202]	 16 runs	 rmse=0.00476	 T_learn=56379 ms. 	 T_infer=304 ms.
2026-02-02 16:17:49,815|INFO|random_mc2_n5_mid3_d1000_05_mr098_r10_48_uai_EMCC_100_n200_roFalse_s0: Saving results to ../results/synthetic/s123/random_mc2_n5_mid3_d1000_05_mr098_r10_48_uai_EMCC_100_n200_roFalse_s0.csv
2026-02-02 16:17:49,815|INFO|random_mc2_n5_mid3_d1000_05_mr098_r10_41_uai_EMCC_100_n200_roTrue_s0: [0.0160,0.0161]	 16 runs	 rmse=0.00012	 T_learn=96725 ms. 	 T_infer=694 ms.
2026-02-02 16:17:49,820|INFO|random_mc2_n5_mid3_d1000_05_mr098_r10_41_uai_EMCC_100_n200_roTrue_s0: Saving results to ../results/synthetic/s123/random_mc2_n5_mid3_d1000_05_mr098_r10_41_uai_EMCC_100_n200_roTrue_s0.csv
2026-02-02 16:17:50,089|INFO|random_mc2_n6_mid3_d1000_05_mr098_r10_141_uai_EMCC_100_n200_roFalse_s0: [0.2562,0.2709]	 5 runs	 rmse=0.00756	 T_learn=76706 ms. 	 T_infer=1702 ms.
2026-02-02 16:17:50,094|INFO|random_mc2_n6_mid3_d1000_05_mr098_r10_141_uai_EMCC_100_n200_roFalse_s0: Saving results to ../results/synthetic/s123/random_mc2_n6_mid3_d1000_05_mr098_r10_141_uai_EMCC_100_n200_roFalse_s0.csv
2026-02-02 16:17:50,403|INFO|random_mc2_n5_mid3_d1000_05_mr098_r10_149_uai_EMCC_100_n200_roTrue_s0: [0.0020,0.0124]	 20 runs	 rmse=0.00284	 T_learn=77265 ms. 	 T_infer=470 ms.
2026-02-02 16:17:50,407|INFO|random_mc2_n5_mid3_d1000_05_mr098_r10_149_uai_EMCC_100_n200_roTrue_s0: Saving results to ../results/synthetic/s123/random_mc2_n5_mid3_d1000_05_mr098_r10_149_uai_EMCC_100_n200_roTrue_s0.csv
2026-02-02 16:17:51,844|INFO|random_mc2_n5_mid3_d1000_05_mr098_r10_95_uai_EMCC_100_n200_roTrue_s0: [0.0000,0.0025]	 25 runs	 rmse=0.01654	 T_learn=93731 ms. 	 T_infer=842 ms.
2026-02-02 16:17:51,848|INFO|random_mc2_n5_mid3_d1000_05_mr098_r10_95_uai_EMCC_100_n200_roTrue_s0: Saving results to ../results/synthetic/s123/random_mc2_n5_mid3_d1000_05_mr098_r10_95_uai_EMCC_100_n200_roTrue_s0.csv
2026-02-02 16:17:51,905|INFO|random_mc2_n5_mid3_d1000_05_mr098_r10_4_uai_EMCC_100_n200_roTrue_s0: [0.0085,0.0158]	 29 runs	 rmse=0.02435	 T_learn=83736 ms. 	 T_infer=750 ms.
2026-02-02 16:17:51,909|INFO|random_mc2_n5_mid3_d1000_05_mr098_r10_4_uai_EMCC_100_n200_roTrue_s0: Saving results to ../results/synthetic/s123/random_mc2_n5_mid3_d1000_05_mr098_r10_4_uai_EMCC_100_n200_roTrue_s0.csv
2026-02-02 16:17:51,959|INFO|random_mc2_n9_mid3_d1000_05_mr098_r10_119_uai_EMCC_100_n200_roTrue_s0: [0.0844,0.0923]	 4 runs	 rmse=0.01052	 T_learn=46860 ms. 	 T_infer=294 ms.
2026-02-02 16:17:51,963|INFO|random_mc2_n9_mid3_d1000_05_mr098_r10_119_uai_EMCC_100_n200_roTrue_s0: Saving results to ../results/synthetic/s123/random_mc2_n9_mid3_d1000_05_mr098_r10_119_uai_EMCC_100_n200_roTrue_s0.csv
2026-02-02 16:17:52,910|INFO|random_mc2_n6_mid3_d1000_05_mr098_r10_40_uai_EMCC_100_n200_roFalse_s0: [0.0124,0.0876]	 22 runs	 rmse=0.01261	 T_learn=98238 ms. 	 T_infer=630 ms.
2026-02-02 16:17:52,914|INFO|random_mc2_n6_mid3_d1000_05_mr098_r10_40_uai_EMCC_100_n200_roFalse_s0: Saving results to ../results/synthetic/s123/random_mc2_n6_mid3_d1000_05_mr098_r10_40_uai_EMCC_100_n200_roFalse_s0.csv
2026-02-02 16:17:53,122|INFO|random_mc2_n5_mid3_d1000_05_mr098_r10_128_uai_EMCC_100_n200_roFalse_s0: [0.0050,0.0537]	 22 runs	 rmse=0.00572	 T_learn=75672 ms. 	 T_infer=417 ms.
2026-02-02 16:17:53,126|INFO|random_mc2_n5_mid3_d1000_05_mr098_r10_128_uai_EMCC_100_n200_roFalse_s0: Saving results to ../results/synthetic/s123/random_mc2_n5_mid3_d1000_05_mr098_r10_128_uai_EMCC_100_n200_roFalse_s0.csv
2026-02-02 16:17:53,683|INFO|random_mc2_n5_mid3_d1000_05_mr098_r10_48_uai_EMCC_100_n200_roFalse_s0: [0.3753,0.4202]	 17 runs	 rmse=0.00476	 T_learn=59922 ms. 	 T_infer=325 ms.
2026-02-02 16:17:53,687|INFO|random_mc2_n5_mid3_d1000_05_mr098_r10_48_uai_EMCC_100_n200_roFalse_s0: Saving results to ../results/synthetic/s123/random_mc2_n5_mid3_d1000_05_mr098_r10_48_uai_EMCC_100_n200_roFalse_s0.csv
2026-02-02 16:17:54,301|INFO|random_mc2_n6_mid3_d1000_05_mr098_r10_81_uai_EMCC_100_n200_roFalse_s0: [0.3365,0.3377]	 15 runs	 rmse=0.00088	 T_learn=63105 ms. 	 T_infer=787 ms.
2026-02-02 16:17:54,305|INFO|random_mc2_n6_mid3_d1000_05_mr098_r10_81_uai_EMCC_100_n200_roFalse_s0: Saving results to ../results/synthetic/s123/random_mc2_n6_mid3_d1000_05_mr098_r10_81_uai_EMCC_100_n200_roFalse_s0.csv
2026-02-02 16:17:54,323|INFO|random_mc2_n6_mid3_d1000_05_mr098_r10_139_uai_EMCC_100_n200_roFalse_s0: [0.0020,0.0118]	 21 runs	 rmse=0.00313	 T_learn=99120 ms. 	 T_infer=723 ms.
2026-02-02 16:17:54,327|INFO|random_mc2_n6_mid3_d1000_05_mr098_r10_139_uai_EMCC_100_n200_roFalse_s0: Saving results to ../results/synthetic/s123/random_mc2_n6_mid3_d1000_05_mr098_r10_139_uai_EMCC_100_n200_roFalse_s0.csv
2026-02-02 16:17:54,775|INFO|random_mc2_n5_mid3_d1000_05_mr098_r10_149_uai_EMCC_100_n200_roTrue_s0: [0.0020,0.0124]	 21 runs	 rmse=0.00284	 T_learn=81137 ms. 	 T_infer=496 ms.
2026-02-02 16:17:54,779|INFO|random_mc2_n5_mid3_d1000_05_mr098_r10_149_uai_EMCC_100_n200_roTrue_s0: Saving results to ../results/synthetic/s123/random_mc2_n5_mid3_d1000_05_mr098_r10_149_uai_EMCC_100_n200_roTrue_s0.csv
2026-02-02 16:17:55,446|INFO|random_mc2_n6_mid3_d1000_05_mr098_r10_158_uai_EMCC_100_n200_roFalse_s0: [0.0012,0.0367]	 26 runs	 rmse=0.02722	 T_learn=147580 ms. 	 T_infer=642 ms.
2026-02-02 16:17:55,451|INFO|random_mc2_n6_mid3_d1000_05_mr098_r10_158_uai_EMCC_100_n200_roFalse_s0: Saving results to ../results/synthetic/s123/random_mc2_n6_mid3_d1000_05_mr098_r10_158_uai_EMCC_100_n200_roFalse_s0.csv
2026-02-02 16:17:55,637|INFO|random_mc2_n5_mid3_d1000_05_mr098_r10_4_uai_EMCC_100_n200_roTrue_s0: [0.0085,0.0158]	 30 runs	 rmse=0.02435	 T_learn=86685 ms. 	 T_infer=779 ms.
2026-02-02 16:17:55,641|INFO|random_mc2_n5_mid3_d1000_05_mr098_r10_4_uai_EMCC_100_n200_roTrue_s0: Saving results to ../results/synthetic/s123/random_mc2_n5_mid3_d1000_05_mr098_r10_4_uai_EMCC_100_n200_roTrue_s0.csv
2026-02-02 16:17:55,790|INFO|random_mc2_n6_mid3_d1000_05_mr098_r10_169_uai_EMCC_100_n200_roFalse_s0: [0.0077,0.0243]	 20 runs	 rmse=0.01747	 T_learn=121740 ms. 	 T_infer=586 ms.
2026-02-02 16:17:55,793|INFO|random_mc2_n6_mid3_d1000_05_mr098_r10_169_uai_EMCC_100_n200_roFalse_s0: Saving results to ../results/synthetic/s123/random_mc2_n6_mid3_d1000_05_mr098_r10_169_uai_EMCC_100_n200_roFalse_s0.csv
2026-02-02 16:17:56,689|INFO|random_mc2_n5_mid3_d1000_05_mr098_r10_95_uai_EMCC_100_n200_roTrue_s0: [0.0000,0.0025]	 26 runs	 rmse=0.01654	 T_learn=97585 ms. 	 T_infer=987 ms.
2026-02-02 16:17:56,693|INFO|random_mc2_n5_mid3_d1000_05_mr098_r10_95_uai_EMCC_100_n200_roTrue_s0: Saving results to ../results/synthetic/s123/random_mc2_n5_mid3_d1000_05_mr098_r10_95_uai_EMCC_100_n200_roTrue_s0.csv
2026-02-02 16:17:56,711|INFO|random_mc2_n5_mid3_d1000_05_mr098_r10_41_uai_EMCC_100_n200_roTrue_s0: [0.0160,0.0161]	 17 runs	 rmse=0.00012	 T_learn=102879 ms. 	 T_infer=737 ms.
2026-02-02 16:17:56,715|INFO|random_mc2_n5_mid3_d1000_05_mr098_r10_41_uai_EMCC_100_n200_roTrue_s0: Saving results to ../results/synthetic/s123/random_mc2_n5_mid3_d1000_05_mr098_r10_41_uai_EMCC_100_n200_roTrue_s0.csv
2026-02-02 16:17:57,117|INFO|random_mc2_n5_mid3_d1000_05_mr098_r10_128_uai_EMCC_100_n200_roFalse_s0: [0.0050,0.0537]	 23 runs	 rmse=0.00572	 T_learn=79229 ms. 	 T_infer=433 ms.
2026-02-02 16:17:57,121|INFO|random_mc2_n5_mid3_d1000_05_mr098_r10_128_uai_EMCC_100_n200_roFalse_s0: Saving results to ../results/synthetic/s123/random_mc2_n5_mid3_d1000_05_mr098_r10_128_uai_EMCC_100_n200_roFalse_s0.csv
2026-02-02 16:17:57,275|INFO|random_mc2_n7_mid3_d1000_05_mr098_r10_15_uai_EMCC_100_n200_roTrue_s0: [0.3968,0.4329]	 13 runs	 rmse=0.11905	 T_learn=133209 ms. 	 T_infer=843 ms.
2026-02-02 16:17:57,279|INFO|random_mc2_n7_mid3_d1000_05_mr098_r10_15_uai_EMCC_100_n200_roTrue_s0: Saving results to ../results/synthetic/s123/random_mc2_n7_mid3_d1000_05_mr098_r10_15_uai_EMCC_100_n200_roTrue_s0.csv
2026-02-02 16:17:57,497|INFO|random_mc2_n5_mid3_d1000_05_mr098_r10_48_uai_EMCC_100_n200_roFalse_s0: [0.3753,0.4202]	 18 runs	 rmse=0.00476	 T_learn=63388 ms. 	 T_infer=344 ms.
2026-02-02 16:17:57,502|INFO|random_mc2_n5_mid3_d1000_05_mr098_r10_48_uai_EMCC_100_n200_roFalse_s0: Saving results to ../results/synthetic/s123/random_mc2_n5_mid3_d1000_05_mr098_r10_48_uai_EMCC_100_n200_roFalse_s0.csv
2026-02-02 16:17:58,307|INFO|random_mc2_n6_mid3_d1000_05_mr098_r10_40_uai_EMCC_100_n200_roFalse_s0: [0.0124,0.0876]	 23 runs	 rmse=0.01261	 T_learn=102974 ms. 	 T_infer=656 ms.
2026-02-02 16:17:58,311|INFO|random_mc2_n6_mid3_d1000_05_mr098_r10_40_uai_EMCC_100_n200_roFalse_s0: Saving results to ../results/synthetic/s123/random_mc2_n6_mid3_d1000_05_mr098_r10_40_uai_EMCC_100_n200_roFalse_s0.csv
2026-02-02 16:17:59,048|INFO|random_mc2_n6_mid3_d1000_05_mr098_r10_23_uai_EMCC_100_n200_roTrue_s0: [0.0040,0.0567]	 9 runs	 rmse=0.14996	 T_learn=88760 ms. 	 T_infer=432 ms.
2026-02-02 16:17:59,052|INFO|random_mc2_n6_mid3_d1000_05_mr098_r10_23_uai_EMCC_100_n200_roTrue_s0: Saving results to ../results/synthetic/s123/random_mc2_n6_mid3_d1000_05_mr098_r10_23_uai_EMCC_100_n200_roTrue_s0.csv
2026-02-02 16:17:59,105|INFO|random_mc2_n5_mid3_d1000_05_mr098_r10_149_uai_EMCC_100_n200_roTrue_s0: [0.0020,0.0124]	 22 runs	 rmse=0.00284	 T_learn=84942 ms. 	 T_infer=521 ms.
2026-02-02 16:17:59,109|INFO|random_mc2_n5_mid3_d1000_05_mr098_r10_149_uai_EMCC_100_n200_roTrue_s0: Saving results to ../results/synthetic/s123/random_mc2_n5_mid3_d1000_05_mr098_r10_149_uai_EMCC_100_n200_roTrue_s0.csv
2026-02-02 16:17:59,159|INFO|random_mc2_n7_mid3_d1000_05_mr098_r10_163_uai_EMCC_100_n200_roFalse_s0: [0.0869,0.2192]	 12 runs	 rmse=0.08974	 T_learn=106293 ms. 	 T_infer=1012 ms.
2026-02-02 16:17:59,163|INFO|random_mc2_n7_mid3_d1000_05_mr098_r10_163_uai_EMCC_100_n200_roFalse_s0: Saving results to ../results/synthetic/s123/random_mc2_n7_mid3_d1000_05_mr098_r10_163_uai_EMCC_100_n200_roFalse_s0.csv
2026-02-02 16:17:59,370|INFO|random_mc2_n5_mid3_d1000_05_mr098_r10_4_uai_EMCC_100_n200_roTrue_s0: [0.0085,0.0158]	 31 runs	 rmse=0.02435	 T_learn=89613 ms. 	 T_infer=800 ms.
2026-02-02 16:17:59,374|INFO|random_mc2_n5_mid3_d1000_05_mr098_r10_4_uai_EMCC_100_n200_roTrue_s0: Saving results to ../results/synthetic/s123/random_mc2_n5_mid3_d1000_05_mr098_r10_4_uai_EMCC_100_n200_roTrue_s0.csv
2026-02-02 16:17:59,528|INFO|random_mc2_n6_mid3_d1000_05_mr098_r10_81_uai_EMCC_100_n200_roFalse_s0: [0.3365,0.3377]	 16 runs	 rmse=0.00088	 T_learn=67491 ms. 	 T_infer=837 ms.
2026-02-02 16:17:59,532|INFO|random_mc2_n6_mid3_d1000_05_mr098_r10_81_uai_EMCC_100_n200_roFalse_s0: Saving results to ../results/synthetic/s123/random_mc2_n6_mid3_d1000_05_mr098_r10_81_uai_EMCC_100_n200_roFalse_s0.csv
2026-02-02 16:18:00,170|INFO|random_mc2_n6_mid3_d1000_05_mr098_r10_139_uai_EMCC_100_n200_roFalse_s0: [0.0020,0.0118]	 22 runs	 rmse=0.00313	 T_learn=104199 ms. 	 T_infer=763 ms.
2026-02-02 16:18:00,174|INFO|random_mc2_n6_mid3_d1000_05_mr098_r10_139_uai_EMCC_100_n200_roFalse_s0: Saving results to ../results/synthetic/s123/random_mc2_n6_mid3_d1000_05_mr098_r10_139_uai_EMCC_100_n200_roFalse_s0.csv
2026-02-02 16:18:00,491|INFO|random_mc2_n6_mid3_d1000_05_mr098_r10_178_uai_EMCC_100_n200_roFalse_s0: [0.2188,0.3042]	 11 runs	 rmse=0.11707	 T_learn=108595 ms. 	 T_infer=810 ms.
2026-02-02 16:18:00,494|INFO|random_mc2_n6_mid3_d1000_05_mr098_r10_178_uai_EMCC_100_n200_roFalse_s0: Saving results to ../results/synthetic/s123/random_mc2_n6_mid3_d1000_05_mr098_r10_178_uai_EMCC_100_n200_roFalse_s0.csv
2026-02-02 16:18:01,029|INFO|random_mc2_n5_mid3_d1000_05_mr098_r10_128_uai_EMCC_100_n200_roFalse_s0: [0.0050,0.0537]	 24 runs	 rmse=0.00572	 T_learn=82685 ms. 	 T_infer=453 ms.
2026-02-02 16:18:01,034|INFO|random_mc2_n5_mid3_d1000_05_mr098_r10_128_uai_EMCC_100_n200_roFalse_s0: Saving results to ../results/synthetic/s123/random_mc2_n5_mid3_d1000_05_mr098_r10_128_uai_EMCC_100_n200_roFalse_s0.csv
2026-02-02 16:18:01,261|INFO|random_mc2_n6_mid3_d1000_05_mr098_r10_158_uai_EMCC_100_n200_roFalse_s0: [0.0012,0.0367]	 27 runs	 rmse=0.02722	 T_learn=152720 ms. 	 T_infer=670 ms.
2026-02-02 16:18:01,266|INFO|random_mc2_n6_mid3_d1000_05_mr098_r10_158_uai_EMCC_100_n200_roFalse_s0: Saving results to ../results/synthetic/s123/random_mc2_n6_mid3_d1000_05_mr098_r10_158_uai_EMCC_100_n200_roFalse_s0.csv
2026-02-02 16:18:01,446|INFO|random_mc2_n5_mid3_d1000_05_mr098_r10_95_uai_EMCC_100_n200_roTrue_s0: [0.0000,0.0025]	 27 runs	 rmse=0.01654	 T_learn=101429 ms. 	 T_infer=908 ms.
2026-02-02 16:18:01,449|INFO|random_mc2_n5_mid3_d1000_05_mr098_r10_95_uai_EMCC_100_n200_roTrue_s0: Saving results to ../results/synthetic/s123/random_mc2_n5_mid3_d1000_05_mr098_r10_95_uai_EMCC_100_n200_roTrue_s0.csv
2026-02-02 16:18:01,524|INFO|random_mc2_n5_mid3_d1000_05_mr098_r10_48_uai_EMCC_100_n200_roFalse_s0: [0.3753,0.4202]	 19 runs	 rmse=0.00476	 T_learn=67045 ms. 	 T_infer=364 ms.
2026-02-02 16:18:01,528|INFO|random_mc2_n5_mid3_d1000_05_mr098_r10_48_uai_EMCC_100_n200_roFalse_s0: Saving results to ../results/synthetic/s123/random_mc2_n5_mid3_d1000_05_mr098_r10_48_uai_EMCC_100_n200_roFalse_s0.csv
2026-02-02 16:18:02,516|INFO|random_mc2_n6_mid3_d1000_05_mr098_r10_169_uai_EMCC_100_n200_roFalse_s0: [0.0077,0.0243]	 21 runs	 rmse=0.01747	 T_learn=127849 ms. 	 T_infer=614 ms.
2026-02-02 16:18:02,520|INFO|random_mc2_n6_mid3_d1000_05_mr098_r10_169_uai_EMCC_100_n200_roFalse_s0: Saving results to ../results/synthetic/s123/random_mc2_n6_mid3_d1000_05_mr098_r10_169_uai_EMCC_100_n200_roFalse_s0.csv
2026-02-02 16:18:03,173|INFO|random_mc2_n5_mid3_d1000_05_mr098_r10_4_uai_EMCC_100_n200_roTrue_s0: [0.0085,0.0158]	 32 runs	 rmse=0.02435	 T_learn=92576 ms. 	 T_infer=836 ms.
2026-02-02 16:18:03,177|INFO|random_mc2_n5_mid3_d1000_05_mr098_r10_4_uai_EMCC_100_n200_roTrue_s0: Saving results to ../results/synthetic/s123/random_mc2_n5_mid3_d1000_05_mr098_r10_4_uai_EMCC_100_n200_roTrue_s0.csv
2026-02-02 16:18:03,555|INFO|random_mc2_n6_mid3_d1000_05_mr098_r10_40_uai_EMCC_100_n200_roFalse_s0: [0.0124,0.0886]	 24 runs	 rmse=0.01248	 T_learn=107533 ms. 	 T_infer=684 ms.
2026-02-02 16:18:03,559|INFO|random_mc2_n6_mid3_d1000_05_mr098_r10_40_uai_EMCC_100_n200_roFalse_s0: Saving results to ../results/synthetic/s123/random_mc2_n6_mid3_d1000_05_mr098_r10_40_uai_EMCC_100_n200_roFalse_s0.csv
2026-02-02 16:18:03,599|INFO|random_mc2_n5_mid3_d1000_05_mr098_r10_149_uai_EMCC_100_n200_roTrue_s0: [0.0020,0.0124]	 23 runs	 rmse=0.00284	 T_learn=88889 ms. 	 T_infer=542 ms.
2026-02-02 16:18:03,604|INFO|random_mc2_n5_mid3_d1000_05_mr098_r10_149_uai_EMCC_100_n200_roTrue_s0: Saving results to ../results/synthetic/s123/random_mc2_n5_mid3_d1000_05_mr098_r10_149_uai_EMCC_100_n200_roTrue_s0.csv
2026-02-02 16:18:03,691|INFO|random_mc2_n5_mid3_d1000_05_mr098_r10_41_uai_EMCC_100_n200_roTrue_s0: [0.0160,0.0161]	 18 runs	 rmse=0.00012	 T_learn=109068 ms. 	 T_infer=786 ms.
2026-02-02 16:18:03,695|INFO|random_mc2_n5_mid3_d1000_05_mr098_r10_41_uai_EMCC_100_n200_roTrue_s0: Saving results to ../results/synthetic/s123/random_mc2_n5_mid3_d1000_05_mr098_r10_41_uai_EMCC_100_n200_roTrue_s0.csv
2026-02-02 16:18:04,111|INFO|random_mc2_n9_mid3_d1000_05_mr098_r10_119_uai_EMCC_100_n200_roTrue_s0: [0.0844,0.0923]	 5 runs	 rmse=0.01052	 T_learn=58637 ms. 	 T_infer=370 ms.
2026-02-02 16:18:04,115|INFO|random_mc2_n9_mid3_d1000_05_mr098_r10_119_uai_EMCC_100_n200_roTrue_s0: Saving results to ../results/synthetic/s123/random_mc2_n9_mid3_d1000_05_mr098_r10_119_uai_EMCC_100_n200_roTrue_s0.csv
2026-02-02 16:18:04,714|INFO|random_mc2_n6_mid3_d1000_05_mr098_r10_81_uai_EMCC_100_n200_roFalse_s0: [0.3365,0.3377]	 17 runs	 rmse=0.00088	 T_learn=71778 ms. 	 T_infer=895 ms.
2026-02-02 16:18:04,718|INFO|random_mc2_n6_mid3_d1000_05_mr098_r10_81_uai_EMCC_100_n200_roFalse_s0: Saving results to ../results/synthetic/s123/random_mc2_n6_mid3_d1000_05_mr098_r10_81_uai_EMCC_100_n200_roFalse_s0.csv
2026-02-02 16:18:04,968|INFO|random_mc2_n5_mid3_d1000_05_mr098_r10_128_uai_EMCC_100_n200_roFalse_s0: [0.0050,0.0537]	 25 runs	 rmse=0.00572	 T_learn=86143 ms. 	 T_infer=476 ms.
2026-02-02 16:18:04,971|INFO|random_mc2_n5_mid3_d1000_05_mr098_r10_128_uai_EMCC_100_n200_roFalse_s0: Saving results to ../results/synthetic/s123/random_mc2_n5_mid3_d1000_05_mr098_r10_128_uai_EMCC_100_n200_roFalse_s0.csv
2026-02-02 16:18:05,399|INFO|random_mc2_n5_mid3_d1000_05_mr098_r10_48_uai_EMCC_100_n200_roFalse_s0: [0.3753,0.4202]	 20 runs	 rmse=0.00476	 T_learn=70533 ms. 	 T_infer=383 ms.
2026-02-02 16:18:05,403|INFO|random_mc2_n5_mid3_d1000_05_mr098_r10_48_uai_EMCC_100_n200_roFalse_s0: Saving results to ../results/synthetic/s123/random_mc2_n5_mid3_d1000_05_mr098_r10_48_uai_EMCC_100_n200_roFalse_s0.csv
2026-02-02 16:18:05,799|INFO|random_mc2_n6_mid3_d1000_05_mr098_r10_139_uai_EMCC_100_n200_roFalse_s0: [0.0020,0.0118]	 23 runs	 rmse=0.00313	 T_learn=109029 ms. 	 T_infer=795 ms.
2026-02-02 16:18:05,804|INFO|random_mc2_n6_mid3_d1000_05_mr098_r10_139_uai_EMCC_100_n200_roFalse_s0: Saving results to ../results/synthetic/s123/random_mc2_n6_mid3_d1000_05_mr098_r10_139_uai_EMCC_100_n200_roFalse_s0.csv
2026-02-02 16:18:06,252|INFO|random_mc2_n5_mid3_d1000_05_mr098_r10_95_uai_EMCC_100_n200_roTrue_s0: [0.0000,0.0025]	 28 runs	 rmse=0.01654	 T_learn=105287 ms. 	 T_infer=945 ms.
2026-02-02 16:18:06,256|INFO|random_mc2_n5_mid3_d1000_05_mr098_r10_95_uai_EMCC_100_n200_roTrue_s0: Saving results to ../results/synthetic/s123/random_mc2_n5_mid3_d1000_05_mr098_r10_95_uai_EMCC_100_n200_roTrue_s0.csv
2026-02-02 16:18:07,087|INFO|random_mc2_n5_mid3_d1000_05_mr098_r10_4_uai_EMCC_100_n200_roTrue_s0: [0.0085,0.0214]	 33 runs	 rmse=0.01871	 T_learn=95524 ms. 	 T_infer=961 ms.
2026-02-02 16:18:07,091|INFO|random_mc2_n5_mid3_d1000_05_mr098_r10_4_uai_EMCC_100_n200_roTrue_s0: Saving results to ../results/synthetic/s123/random_mc2_n5_mid3_d1000_05_mr098_r10_4_uai_EMCC_100_n200_roTrue_s0.csv
2026-02-02 16:18:07,326|INFO|random_mc2_n6_mid3_d1000_05_mr098_r10_158_uai_EMCC_100_n200_roFalse_s0: [0.0012,0.0367]	 28 runs	 rmse=0.02722	 T_learn=158089 ms. 	 T_infer=692 ms.
2026-02-02 16:18:07,332|INFO|random_mc2_n6_mid3_d1000_05_mr098_r10_158_uai_EMCC_100_n200_roFalse_s0: Saving results to ../results/synthetic/s123/random_mc2_n6_mid3_d1000_05_mr098_r10_158_uai_EMCC_100_n200_roFalse_s0.csv
2026-02-02 16:18:07,765|INFO|random_mc2_n6_mid3_d1000_05_mr098_r10_141_uai_EMCC_100_n200_roFalse_s0: [0.2562,0.2709]	 6 runs	 rmse=0.00756	 T_learn=92324 ms. 	 T_infer=2053 ms.
2026-02-02 16:18:07,771|INFO|random_mc2_n6_mid3_d1000_05_mr098_r10_141_uai_EMCC_100_n200_roFalse_s0: Saving results to ../results/synthetic/s123/random_mc2_n6_mid3_d1000_05_mr098_r10_141_uai_EMCC_100_n200_roFalse_s0.csv
2026-02-02 16:18:07,999|INFO|random_mc2_n5_mid3_d1000_05_mr098_r10_149_uai_EMCC_100_n200_roTrue_s0: [0.0020,0.0124]	 24 runs	 rmse=0.00284	 T_learn=92717 ms. 	 T_infer=567 ms.
2026-02-02 16:18:08,003|INFO|random_mc2_n5_mid3_d1000_05_mr098_r10_149_uai_EMCC_100_n200_roTrue_s0: Saving results to ../results/synthetic/s123/random_mc2_n5_mid3_d1000_05_mr098_r10_149_uai_EMCC_100_n200_roTrue_s0.csv
2026-02-02 16:18:08,768|INFO|random_mc2_n7_mid3_d1000_05_mr098_r10_15_uai_EMCC_100_n200_roTrue_s0: [0.3968,0.4376]	 14 runs	 rmse=0.11544	 T_learn=143788 ms. 	 T_infer=909 ms.
2026-02-02 16:18:08,773|INFO|random_mc2_n7_mid3_d1000_05_mr098_r10_15_uai_EMCC_100_n200_roTrue_s0: Saving results to ../results/synthetic/s123/random_mc2_n7_mid3_d1000_05_mr098_r10_15_uai_EMCC_100_n200_roTrue_s0.csv
2026-02-02 16:18:08,827|INFO|random_mc2_n6_mid3_d1000_05_mr098_r10_40_uai_EMCC_100_n200_roFalse_s0: [0.0124,0.0886]	 25 runs	 rmse=0.01248	 T_learn=112089 ms. 	 T_infer=714 ms.
2026-02-02 16:18:08,832|INFO|random_mc2_n6_mid3_d1000_05_mr098_r10_40_uai_EMCC_100_n200_roFalse_s0: Saving results to ../results/synthetic/s123/random_mc2_n6_mid3_d1000_05_mr098_r10_40_uai_EMCC_100_n200_roFalse_s0.csv
2026-02-02 16:18:08,926|INFO|random_mc2_n5_mid3_d1000_05_mr098_r10_128_uai_EMCC_100_n200_roFalse_s0: [0.0050,0.0537]	 26 runs	 rmse=0.00572	 T_learn=89605 ms. 	 T_infer=492 ms.
2026-02-02 16:18:08,930|INFO|random_mc2_n5_mid3_d1000_05_mr098_r10_128_uai_EMCC_100_n200_roFalse_s0: Saving results to ../results/synthetic/s123/random_mc2_n5_mid3_d1000_05_mr098_r10_128_uai_EMCC_100_n200_roFalse_s0.csv
2026-02-02 16:18:09,284|INFO|random_mc2_n5_mid3_d1000_05_mr098_r10_48_uai_EMCC_100_n200_roFalse_s0: [0.3753,0.4202]	 21 runs	 rmse=0.00476	 T_learn=74012 ms. 	 T_infer=401 ms.
2026-02-02 16:18:09,288|INFO|random_mc2_n5_mid3_d1000_05_mr098_r10_48_uai_EMCC_100_n200_roFalse_s0: Saving results to ../results/synthetic/s123/random_mc2_n5_mid3_d1000_05_mr098_r10_48_uai_EMCC_100_n200_roFalse_s0.csv
2026-02-02 16:18:09,393|INFO|random_mc2_n6_mid3_d1000_05_mr098_r10_23_uai_EMCC_100_n200_roTrue_s0: [0.0040,0.0834]	 10 runs	 rmse=0.12322	 T_learn=98620 ms. 	 T_infer=480 ms.
2026-02-02 16:18:09,397|INFO|random_mc2_n6_mid3_d1000_05_mr098_r10_23_uai_EMCC_100_n200_roTrue_s0: Saving results to ../results/synthetic/s123/random_mc2_n6_mid3_d1000_05_mr098_r10_23_uai_EMCC_100_n200_roTrue_s0.csv
2026-02-02 16:18:09,407|INFO|random_mc2_n6_mid3_d1000_05_mr098_r10_169_uai_EMCC_100_n200_roFalse_s0: [0.0077,0.0243]	 22 runs	 rmse=0.01747	 T_learn=134093 ms. 	 T_infer=642 ms.
2026-02-02 16:18:09,411|INFO|random_mc2_n6_mid3_d1000_05_mr098_r10_169_uai_EMCC_100_n200_roFalse_s0: Saving results to ../results/synthetic/s123/random_mc2_n6_mid3_d1000_05_mr098_r10_169_uai_EMCC_100_n200_roFalse_s0.csv
2026-02-02 16:18:09,483|INFO|random_mc2_n7_mid3_d1000_05_mr098_r10_163_uai_EMCC_100_n200_roFalse_s0: [0.0869,0.2192]	 13 runs	 rmse=0.08974	 T_learn=115514 ms. 	 T_infer=1099 ms.
2026-02-02 16:18:09,487|INFO|random_mc2_n7_mid3_d1000_05_mr098_r10_163_uai_EMCC_100_n200_roFalse_s0: Saving results to ../results/synthetic/s123/random_mc2_n7_mid3_d1000_05_mr098_r10_163_uai_EMCC_100_n200_roFalse_s0.csv
2026-02-02 16:18:09,938|INFO|random_mc2_n6_mid3_d1000_05_mr098_r10_81_uai_EMCC_100_n200_roFalse_s0: [0.3365,0.3393]	 18 runs	 rmse=0.00222	 T_learn=76052 ms. 	 T_infer=945 ms.
2026-02-02 16:18:09,942|INFO|random_mc2_n6_mid3_d1000_05_mr098_r10_81_uai_EMCC_100_n200_roFalse_s0: Saving results to ../results/synthetic/s123/random_mc2_n6_mid3_d1000_05_mr098_r10_81_uai_EMCC_100_n200_roFalse_s0.csv
2026-02-02 16:18:10,796|INFO|random_mc2_n5_mid3_d1000_05_mr098_r10_41_uai_EMCC_100_n200_roTrue_s0: [0.0160,0.0162]	 19 runs	 rmse=0.00016	 T_learn=115346 ms. 	 T_infer=823 ms.
2026-02-02 16:18:10,800|INFO|random_mc2_n5_mid3_d1000_05_mr098_r10_41_uai_EMCC_100_n200_roTrue_s0: Saving results to ../results/synthetic/s123/random_mc2_n5_mid3_d1000_05_mr098_r10_41_uai_EMCC_100_n200_roTrue_s0.csv
2026-02-02 16:18:10,862|INFO|random_mc2_n5_mid3_d1000_05_mr098_r10_4_uai_EMCC_100_n200_roTrue_s0: [0.0085,0.0214]	 34 runs	 rmse=0.01871	 T_learn=98416 ms. 	 T_infer=879 ms.
2026-02-02 16:18:10,867|INFO|random_mc2_n5_mid3_d1000_05_mr098_r10_4_uai_EMCC_100_n200_roTrue_s0: Saving results to ../results/synthetic/s123/random_mc2_n5_mid3_d1000_05_mr098_r10_4_uai_EMCC_100_n200_roTrue_s0.csv
2026-02-02 16:18:11,085|INFO|random_mc2_n5_mid3_d1000_05_mr098_r10_95_uai_EMCC_100_n200_roTrue_s0: [0.0000,0.0025]	 29 runs	 rmse=0.01654	 T_learn=109144 ms. 	 T_infer=973 ms.
2026-02-02 16:18:11,090|INFO|random_mc2_n5_mid3_d1000_05_mr098_r10_95_uai_EMCC_100_n200_roTrue_s0: Saving results to ../results/synthetic/s123/random_mc2_n5_mid3_d1000_05_mr098_r10_95_uai_EMCC_100_n200_roTrue_s0.csv
2026-02-02 16:18:11,331|INFO|random_mc2_n6_mid3_d1000_05_mr098_r10_178_uai_EMCC_100_n200_roFalse_s0: [0.2188,0.3042]	 12 runs	 rmse=0.11707	 T_learn=118550 ms. 	 T_infer=882 ms.
2026-02-02 16:18:11,335|INFO|random_mc2_n6_mid3_d1000_05_mr098_r10_178_uai_EMCC_100_n200_roFalse_s0: Saving results to ../results/synthetic/s123/random_mc2_n6_mid3_d1000_05_mr098_r10_178_uai_EMCC_100_n200_roFalse_s0.csv
2026-02-02 16:18:11,441|INFO|random_mc2_n6_mid3_d1000_05_mr098_r10_139_uai_EMCC_100_n200_roFalse_s0: [0.0020,0.0118]	 24 runs	 rmse=0.00313	 T_learn=113836 ms. 	 T_infer=831 ms.
2026-02-02 16:18:11,445|INFO|random_mc2_n6_mid3_d1000_05_mr098_r10_139_uai_EMCC_100_n200_roFalse_s0: Saving results to ../results/synthetic/s123/random_mc2_n6_mid3_d1000_05_mr098_r10_139_uai_EMCC_100_n200_roFalse_s0.csv
2026-02-02 16:18:12,735|INFO|random_mc2_n5_mid3_d1000_05_mr098_r10_149_uai_EMCC_100_n200_roTrue_s0: [0.0020,0.0124]	 25 runs	 rmse=0.00284	 T_learn=96858 ms. 	 T_infer=591 ms.
2026-02-02 16:18:12,740|INFO|random_mc2_n5_mid3_d1000_05_mr098_r10_149_uai_EMCC_100_n200_roTrue_s0: Saving results to ../results/synthetic/s123/random_mc2_n5_mid3_d1000_05_mr098_r10_149_uai_EMCC_100_n200_roTrue_s0.csv
2026-02-02 16:18:12,887|INFO|random_mc2_n5_mid3_d1000_05_mr098_r10_128_uai_EMCC_100_n200_roFalse_s0: [0.0050,0.0537]	 27 runs	 rmse=0.00572	 T_learn=93050 ms. 	 T_infer=512 ms.
2026-02-02 16:18:12,892|INFO|random_mc2_n5_mid3_d1000_05_mr098_r10_128_uai_EMCC_100_n200_roFalse_s0: Saving results to ../results/synthetic/s123/random_mc2_n5_mid3_d1000_05_mr098_r10_128_uai_EMCC_100_n200_roFalse_s0.csv
2026-02-02 16:18:13,171|INFO|random_mc2_n5_mid3_d1000_05_mr098_r10_48_uai_EMCC_100_n200_roFalse_s0: [0.3753,0.4202]	 22 runs	 rmse=0.00476	 T_learn=77475 ms. 	 T_infer=420 ms.
2026-02-02 16:18:13,175|INFO|random_mc2_n5_mid3_d1000_05_mr098_r10_48_uai_EMCC_100_n200_roFalse_s0: Saving results to ../results/synthetic/s123/random_mc2_n5_mid3_d1000_05_mr098_r10_48_uai_EMCC_100_n200_roFalse_s0.csv
2026-02-02 16:18:14,007|INFO|random_mc2_n6_mid3_d1000_05_mr098_r10_158_uai_EMCC_100_n200_roFalse_s0: [0.0012,0.0367]	 29 runs	 rmse=0.02722	 T_learn=164047 ms. 	 T_infer=716 ms.
2026-02-02 16:18:14,012|INFO|random_mc2_n6_mid3_d1000_05_mr098_r10_158_uai_EMCC_100_n200_roFalse_s0: Saving results to ../results/synthetic/s123/random_mc2_n6_mid3_d1000_05_mr098_r10_158_uai_EMCC_100_n200_roFalse_s0.csv
2026-02-02 16:18:14,138|INFO|random_mc2_n6_mid3_d1000_05_mr098_r10_40_uai_EMCC_100_n200_roFalse_s0: [0.0124,0.0886]	 26 runs	 rmse=0.01248	 T_learn=116651 ms. 	 T_infer=744 ms.
2026-02-02 16:18:14,143|INFO|random_mc2_n6_mid3_d1000_05_mr098_r10_40_uai_EMCC_100_n200_roFalse_s0: Saving results to ../results/synthetic/s123/random_mc2_n6_mid3_d1000_05_mr098_r10_40_uai_EMCC_100_n200_roFalse_s0.csv
2026-02-02 16:18:14,717|INFO|random_mc2_n5_mid3_d1000_05_mr098_r10_4_uai_EMCC_100_n200_roTrue_s0: [0.0085,0.0214]	 35 runs	 rmse=0.01871	 T_learn=101363 ms. 	 T_infer=903 ms.
2026-02-02 16:18:14,722|INFO|random_mc2_n5_mid3_d1000_05_mr098_r10_4_uai_EMCC_100_n200_roTrue_s0: Saving results to ../results/synthetic/s123/random_mc2_n5_mid3_d1000_05_mr098_r10_4_uai_EMCC_100_n200_roTrue_s0.csv
2026-02-02 16:18:15,224|INFO|random_mc2_n6_mid3_d1000_05_mr098_r10_81_uai_EMCC_100_n200_roFalse_s0: [0.3365,0.3393]	 19 runs	 rmse=0.00222	 T_learn=80337 ms. 	 T_infer=996 ms.
2026-02-02 16:18:15,228|INFO|random_mc2_n6_mid3_d1000_05_mr098_r10_81_uai_EMCC_100_n200_roFalse_s0: Saving results to ../results/synthetic/s123/random_mc2_n6_mid3_d1000_05_mr098_r10_81_uai_EMCC_100_n200_roFalse_s0.csv
2026-02-02 16:18:15,952|INFO|random_mc2_n5_mid3_d1000_05_mr098_r10_95_uai_EMCC_100_n200_roTrue_s0: [0.0000,0.0025]	 30 runs	 rmse=0.01654	 T_learn=112996 ms. 	 T_infer=1009 ms.
2026-02-02 16:18:15,956|INFO|random_mc2_n5_mid3_d1000_05_mr098_r10_95_uai_EMCC_100_n200_roTrue_s0: Saving results to ../results/synthetic/s123/random_mc2_n5_mid3_d1000_05_mr098_r10_95_uai_EMCC_100_n200_roTrue_s0.csv
2026-02-02 16:18:16,206|INFO|random_mc2_n6_mid3_d1000_05_mr098_r10_169_uai_EMCC_100_n200_roFalse_s0: [0.0077,0.0243]	 23 runs	 rmse=0.01747	 T_learn=140213 ms. 	 T_infer=675 ms.
2026-02-02 16:18:16,211|INFO|random_mc2_n6_mid3_d1000_05_mr098_r10_169_uai_EMCC_100_n200_roFalse_s0: Saving results to ../results/synthetic/s123/random_mc2_n6_mid3_d1000_05_mr098_r10_169_uai_EMCC_100_n200_roFalse_s0.csv
2026-02-02 16:18:16,307|INFO|random_mc2_n9_mid3_d1000_05_mr098_r10_119_uai_EMCC_100_n200_roTrue_s0: [0.0817,0.0923]	 6 runs	 rmse=0.00795	 T_learn=70388 ms. 	 T_infer=441 ms.
2026-02-02 16:18:16,312|INFO|random_mc2_n9_mid3_d1000_05_mr098_r10_119_uai_EMCC_100_n200_roTrue_s0: Saving results to ../results/synthetic/s123/random_mc2_n9_mid3_d1000_05_mr098_r10_119_uai_EMCC_100_n200_roTrue_s0.csv
2026-02-02 16:18:16,872|INFO|random_mc2_n5_mid3_d1000_05_mr098_r10_128_uai_EMCC_100_n200_roFalse_s0: [0.0050,0.0537]	 28 runs	 rmse=0.00572	 T_learn=96501 ms. 	 T_infer=529 ms.
2026-02-02 16:18:16,876|INFO|random_mc2_n5_mid3_d1000_05_mr098_r10_128_uai_EMCC_100_n200_roFalse_s0: Saving results to ../results/synthetic/s123/random_mc2_n5_mid3_d1000_05_mr098_r10_128_uai_EMCC_100_n200_roFalse_s0.csv
2026-02-02 16:18:17,236|INFO|random_mc2_n5_mid3_d1000_05_mr098_r10_149_uai_EMCC_100_n200_roTrue_s0: [0.0020,0.0124]	 26 runs	 rmse=0.00284	 T_learn=100743 ms. 	 T_infer=610 ms.
2026-02-02 16:18:17,241|INFO|random_mc2_n5_mid3_d1000_05_mr098_r10_149_uai_EMCC_100_n200_roTrue_s0: Saving results to ../results/synthetic/s123/random_mc2_n5_mid3_d1000_05_mr098_r10_149_uai_EMCC_100_n200_roTrue_s0.csv
2026-02-02 16:18:17,248|INFO|random_mc2_n6_mid3_d1000_05_mr098_r10_139_uai_EMCC_100_n200_roFalse_s0: [0.0020,0.0118]	 25 runs	 rmse=0.00313	 T_learn=118658 ms. 	 T_infer=981 ms.
2026-02-02 16:18:17,252|INFO|random_mc2_n6_mid3_d1000_05_mr098_r10_139_uai_EMCC_100_n200_roFalse_s0: Saving results to ../results/synthetic/s123/random_mc2_n6_mid3_d1000_05_mr098_r10_139_uai_EMCC_100_n200_roFalse_s0.csv
2026-02-02 16:18:17,272|INFO|random_mc2_n5_mid3_d1000_05_mr098_r10_48_uai_EMCC_100_n200_roFalse_s0: [0.3753,0.4202]	 23 runs	 rmse=0.00476	 T_learn=81137 ms. 	 T_infer=436 ms.
2026-02-02 16:18:17,277|INFO|random_mc2_n5_mid3_d1000_05_mr098_r10_48_uai_EMCC_100_n200_roFalse_s0: Saving results to ../results/synthetic/s123/random_mc2_n5_mid3_d1000_05_mr098_r10_48_uai_EMCC_100_n200_roFalse_s0.csv
2026-02-02 16:18:17,785|INFO|random_mc2_n5_mid3_d1000_05_mr098_r10_41_uai_EMCC_100_n200_roTrue_s0: [0.0160,0.0161]	 20 runs	 rmse=0.00012	 T_learn=121463 ms. 	 T_infer=868 ms.
2026-02-02 16:18:17,789|INFO|random_mc2_n5_mid3_d1000_05_mr098_r10_41_uai_EMCC_100_n200_roTrue_s0: Saving results to ../results/synthetic/s123/random_mc2_n5_mid3_d1000_05_mr098_r10_41_uai_EMCC_100_n200_roTrue_s0.csv
2026-02-02 16:18:18,585|INFO|random_mc2_n5_mid3_d1000_05_mr098_r10_4_uai_EMCC_100_n200_roTrue_s0: [0.0085,0.0158]	 36 runs	 rmse=0.02435	 T_learn=104299 ms. 	 T_infer=927 ms.
2026-02-02 16:18:18,589|INFO|random_mc2_n5_mid3_d1000_05_mr098_r10_4_uai_EMCC_100_n200_roTrue_s0: Saving results to ../results/synthetic/s123/random_mc2_n5_mid3_d1000_05_mr098_r10_4_uai_EMCC_100_n200_roTrue_s0.csv
2026-02-02 16:18:19,455|INFO|random_mc2_n6_mid3_d1000_05_mr098_r10_40_uai_EMCC_100_n200_roFalse_s0: [0.0124,0.0886]	 27 runs	 rmse=0.01248	 T_learn=121192 ms. 	 T_infer=771 ms.
2026-02-02 16:18:19,459|INFO|random_mc2_n6_mid3_d1000_05_mr098_r10_40_uai_EMCC_100_n200_roFalse_s0: Saving results to ../results/synthetic/s123/random_mc2_n6_mid3_d1000_05_mr098_r10_40_uai_EMCC_100_n200_roFalse_s0.csv
2026-02-02 16:18:20,116|INFO|random_mc2_n7_mid3_d1000_05_mr098_r10_163_uai_EMCC_100_n200_roFalse_s0: [0.0668,0.2192]	 14 runs	 rmse=0.08190	 T_learn=124963 ms. 	 T_infer=1180 ms.
2026-02-02 16:18:20,121|INFO|random_mc2_n7_mid3_d1000_05_mr098_r10_163_uai_EMCC_100_n200_roFalse_s0: Saving results to ../results/synthetic/s123/random_mc2_n7_mid3_d1000_05_mr098_r10_163_uai_EMCC_100_n200_roFalse_s0.csv
2026-02-02 16:18:20,221|INFO|random_mc2_n6_mid3_d1000_05_mr098_r10_23_uai_EMCC_100_n200_roTrue_s0: [0.0040,0.0834]	 11 runs	 rmse=0.12322	 T_learn=108915 ms. 	 T_infer=529 ms.
2026-02-02 16:18:20,224|INFO|random_mc2_n6_mid3_d1000_05_mr098_r10_23_uai_EMCC_100_n200_roTrue_s0: Saving results to ../results/synthetic/s123/random_mc2_n6_mid3_d1000_05_mr098_r10_23_uai_EMCC_100_n200_roTrue_s0.csv
2026-02-02 16:18:20,343|INFO|random_mc2_n7_mid3_d1000_05_mr098_r10_15_uai_EMCC_100_n200_roTrue_s0: [0.3968,0.4376]	 15 runs	 rmse=0.11544	 T_learn=154383 ms. 	 T_infer=975 ms.
2026-02-02 16:18:20,347|INFO|random_mc2_n7_mid3_d1000_05_mr098_r10_15_uai_EMCC_100_n200_roTrue_s0: Saving results to ../results/synthetic/s123/random_mc2_n7_mid3_d1000_05_mr098_r10_15_uai_EMCC_100_n200_roTrue_s0.csv
2026-02-02 16:18:20,569|INFO|random_mc2_n6_mid3_d1000_05_mr098_r10_81_uai_EMCC_100_n200_roFalse_s0: [0.3365,0.3393]	 20 runs	 rmse=0.00222	 T_learn=84630 ms. 	 T_infer=1048 ms.
2026-02-02 16:18:20,573|INFO|random_mc2_n6_mid3_d1000_05_mr098_r10_81_uai_EMCC_100_n200_roFalse_s0: Saving results to ../results/synthetic/s123/random_mc2_n6_mid3_d1000_05_mr098_r10_81_uai_EMCC_100_n200_roFalse_s0.csv
2026-02-02 16:18:20,607|INFO|random_mc2_n6_mid3_d1000_05_mr098_r10_158_uai_EMCC_100_n200_roFalse_s0: [0.0012,0.0367]	 30 runs	 rmse=0.02722	 T_learn=169900 ms. 	 T_infer=742 ms.
2026-02-02 16:18:20,611|INFO|random_mc2_n6_mid3_d1000_05_mr098_r10_158_uai_EMCC_100_n200_roFalse_s0: Saving results to ../results/synthetic/s123/random_mc2_n6_mid3_d1000_05_mr098_r10_158_uai_EMCC_100_n200_roFalse_s0.csv
2026-02-02 16:18:20,841|INFO|random_mc2_n5_mid3_d1000_05_mr098_r10_95_uai_EMCC_100_n200_roTrue_s0: [0.0000,0.0025]	 31 runs	 rmse=0.01654	 T_learn=116840 ms. 	 T_infer=1040 ms.
2026-02-02 16:18:20,845|INFO|random_mc2_n5_mid3_d1000_05_mr098_r10_95_uai_EMCC_100_n200_roTrue_s0: Saving results to ../results/synthetic/s123/random_mc2_n5_mid3_d1000_05_mr098_r10_95_uai_EMCC_100_n200_roTrue_s0.csv
2026-02-02 16:18:20,862|INFO|random_mc2_n5_mid3_d1000_05_mr098_r10_128_uai_EMCC_100_n200_roFalse_s0: [0.0050,0.0537]	 29 runs	 rmse=0.00572	 T_learn=99942 ms. 	 T_infer=545 ms.
2026-02-02 16:18:20,865|INFO|random_mc2_n5_mid3_d1000_05_mr098_r10_128_uai_EMCC_100_n200_roFalse_s0: Saving results to ../results/synthetic/s123/random_mc2_n5_mid3_d1000_05_mr098_r10_128_uai_EMCC_100_n200_roFalse_s0.csv
2026-02-02 16:18:21,218|INFO|random_mc2_n5_mid3_d1000_05_mr098_r10_48_uai_EMCC_100_n200_roFalse_s0: [0.3753,0.4202]	 24 runs	 rmse=0.00476	 T_learn=84617 ms. 	 T_infer=460 ms.
2026-02-02 16:18:21,222|INFO|random_mc2_n5_mid3_d1000_05_mr098_r10_48_uai_EMCC_100_n200_roFalse_s0: Saving results to ../results/synthetic/s123/random_mc2_n5_mid3_d1000_05_mr098_r10_48_uai_EMCC_100_n200_roFalse_s0.csv
2026-02-02 16:18:21,808|INFO|random_mc2_n5_mid3_d1000_05_mr098_r10_149_uai_EMCC_100_n200_roTrue_s0: [0.0020,0.0124]	 27 runs	 rmse=0.00284	 T_learn=104678 ms. 	 T_infer=633 ms.
2026-02-02 16:18:21,813|INFO|random_mc2_n5_mid3_d1000_05_mr098_r10_149_uai_EMCC_100_n200_roTrue_s0: Saving results to ../results/synthetic/s123/random_mc2_n5_mid3_d1000_05_mr098_r10_149_uai_EMCC_100_n200_roTrue_s0.csv
2026-02-02 16:18:22,404|INFO|random_mc2_n6_mid3_d1000_05_mr098_r10_178_uai_EMCC_100_n200_roFalse_s0: [0.2188,0.3042]	 13 runs	 rmse=0.11707	 T_learn=128666 ms. 	 T_infer=953 ms.
2026-02-02 16:18:22,408|INFO|random_mc2_n6_mid3_d1000_05_mr098_r10_178_uai_EMCC_100_n200_roFalse_s0: Saving results to ../results/synthetic/s123/random_mc2_n6_mid3_d1000_05_mr098_r10_178_uai_EMCC_100_n200_roFalse_s0.csv
2026-02-02 16:18:22,473|INFO|random_mc2_n5_mid3_d1000_05_mr098_r10_4_uai_EMCC_100_n200_roTrue_s0: [0.0085,0.0158]	 37 runs	 rmse=0.02435	 T_learn=107228 ms. 	 T_infer=954 ms.
2026-02-02 16:18:22,478|INFO|random_mc2_n5_mid3_d1000_05_mr098_r10_4_uai_EMCC_100_n200_roTrue_s0: Saving results to ../results/synthetic/s123/random_mc2_n5_mid3_d1000_05_mr098_r10_4_uai_EMCC_100_n200_roTrue_s0.csv
2026-02-02 16:18:22,963|INFO|random_mc2_n6_mid3_d1000_05_mr098_r10_139_uai_EMCC_100_n200_roFalse_s0: [0.0015,0.0118]	 26 runs	 rmse=0.00288	 T_learn=123472 ms. 	 T_infer=896 ms.
2026-02-02 16:18:22,968|INFO|random_mc2_n6_mid3_d1000_05_mr098_r10_139_uai_EMCC_100_n200_roFalse_s0: Saving results to ../results/synthetic/s123/random_mc2_n6_mid3_d1000_05_mr098_r10_139_uai_EMCC_100_n200_roFalse_s0.csv
2026-02-02 16:18:23,039|INFO|random_mc2_n6_mid3_d1000_05_mr098_r10_169_uai_EMCC_100_n200_roFalse_s0: [0.0077,0.0243]	 24 runs	 rmse=0.01747	 T_learn=146338 ms. 	 T_infer=703 ms.
2026-02-02 16:18:23,042|INFO|random_mc2_n6_mid3_d1000_05_mr098_r10_169_uai_EMCC_100_n200_roFalse_s0: Saving results to ../results/synthetic/s123/random_mc2_n6_mid3_d1000_05_mr098_r10_169_uai_EMCC_100_n200_roFalse_s0.csv
2026-02-02 16:18:24,805|INFO|random_mc2_n6_mid3_d1000_05_mr098_r10_40_uai_EMCC_100_n200_roFalse_s0: [0.0124,0.0886]	 28 runs	 rmse=0.01248	 T_learn=125740 ms. 	 T_infer=799 ms.
2026-02-02 16:18:24,809|INFO|random_mc2_n6_mid3_d1000_05_mr098_r10_40_uai_EMCC_100_n200_roFalse_s0: Saving results to ../results/synthetic/s123/random_mc2_n6_mid3_d1000_05_mr098_r10_40_uai_EMCC_100_n200_roFalse_s0.csv
2026-02-02 16:18:24,905|INFO|random_mc2_n5_mid3_d1000_05_mr098_r10_41_uai_EMCC_100_n200_roTrue_s0: [0.0160,0.0161]	 21 runs	 rmse=0.00012	 T_learn=127668 ms. 	 T_infer=910 ms.
2026-02-02 16:18:24,908|INFO|random_mc2_n5_mid3_d1000_05_mr098_r10_41_uai_EMCC_100_n200_roTrue_s0: Saving results to ../results/synthetic/s123/random_mc2_n5_mid3_d1000_05_mr098_r10_41_uai_EMCC_100_n200_roTrue_s0.csv
2026-02-02 16:18:24,986|INFO|random_mc2_n5_mid3_d1000_05_mr098_r10_128_uai_EMCC_100_n200_roFalse_s0: [0.0050,0.0537]	 30 runs	 rmse=0.00572	 T_learn=103501 ms. 	 T_infer=561 ms.
2026-02-02 16:18:24,990|INFO|random_mc2_n5_mid3_d1000_05_mr098_r10_128_uai_EMCC_100_n200_roFalse_s0: Saving results to ../results/synthetic/s123/random_mc2_n5_mid3_d1000_05_mr098_r10_128_uai_EMCC_100_n200_roFalse_s0.csv
2026-02-02 16:18:25,276|INFO|random_mc2_n5_mid3_d1000_05_mr098_r10_48_uai_EMCC_100_n200_roFalse_s0: [0.3753,0.4202]	 25 runs	 rmse=0.00476	 T_learn=88196 ms. 	 T_infer=476 ms.
2026-02-02 16:18:25,280|INFO|random_mc2_n5_mid3_d1000_05_mr098_r10_48_uai_EMCC_100_n200_roFalse_s0: Saving results to ../results/synthetic/s123/random_mc2_n5_mid3_d1000_05_mr098_r10_48_uai_EMCC_100_n200_roFalse_s0.csv
2026-02-02 16:18:25,773|INFO|random_mc2_n5_mid3_d1000_05_mr098_r10_95_uai_EMCC_100_n200_roTrue_s0: [0.0000,0.0025]	 32 runs	 rmse=0.01654	 T_learn=120693 ms. 	 T_infer=1074 ms.
2026-02-02 16:18:25,777|INFO|random_mc2_n5_mid3_d1000_05_mr098_r10_95_uai_EMCC_100_n200_roTrue_s0: Saving results to ../results/synthetic/s123/random_mc2_n5_mid3_d1000_05_mr098_r10_95_uai_EMCC_100_n200_roTrue_s0.csv
2026-02-02 16:18:25,797|INFO|random_mc2_n6_mid3_d1000_05_mr098_r10_141_uai_EMCC_100_n200_roFalse_s0: [0.2562,0.2709]	 7 runs	 rmse=0.00756	 T_learn=107961 ms. 	 T_infer=2389 ms.
2026-02-02 16:18:25,802|INFO|random_mc2_n6_mid3_d1000_05_mr098_r10_141_uai_EMCC_100_n200_roFalse_s0: Saving results to ../results/synthetic/s123/random_mc2_n6_mid3_d1000_05_mr098_r10_141_uai_EMCC_100_n200_roFalse_s0.csv
2026-02-02 16:18:25,949|INFO|random_mc2_n6_mid3_d1000_05_mr098_r10_81_uai_EMCC_100_n200_roFalse_s0: [0.3365,0.3393]	 21 runs	 rmse=0.00222	 T_learn=88909 ms. 	 T_infer=1096 ms.
2026-02-02 16:18:25,953|INFO|random_mc2_n6_mid3_d1000_05_mr098_r10_81_uai_EMCC_100_n200_roFalse_s0: Saving results to ../results/synthetic/s123/random_mc2_n6_mid3_d1000_05_mr098_r10_81_uai_EMCC_100_n200_roFalse_s0.csv
2026-02-02 16:18:26,344|INFO|random_mc2_n5_mid3_d1000_05_mr098_r10_149_uai_EMCC_100_n200_roTrue_s0: [0.0020,0.0124]	 28 runs	 rmse=0.00284	 T_learn=108548 ms. 	 T_infer=661 ms.
2026-02-02 16:18:26,349|INFO|random_mc2_n5_mid3_d1000_05_mr098_r10_149_uai_EMCC_100_n200_roTrue_s0: Saving results to ../results/synthetic/s123/random_mc2_n5_mid3_d1000_05_mr098_r10_149_uai_EMCC_100_n200_roTrue_s0.csv
2026-02-02 16:18:26,416|INFO|random_mc2_n5_mid3_d1000_05_mr098_r10_4_uai_EMCC_100_n200_roTrue_s0: [0.0085,0.0158]	 38 runs	 rmse=0.02435	 T_learn=110187 ms. 	 T_infer=978 ms.
2026-02-02 16:18:26,421|INFO|random_mc2_n5_mid3_d1000_05_mr098_r10_4_uai_EMCC_100_n200_roTrue_s0: Saving results to ../results/synthetic/s123/random_mc2_n5_mid3_d1000_05_mr098_r10_4_uai_EMCC_100_n200_roTrue_s0.csv
2026-02-02 16:18:27,443|INFO|random_mc2_n6_mid3_d1000_05_mr098_r10_158_uai_EMCC_100_n200_roFalse_s0: [0.0012,0.0367]	 31 runs	 rmse=0.02722	 T_learn=175966 ms. 	 T_infer=766 ms.
2026-02-02 16:18:27,448|INFO|random_mc2_n6_mid3_d1000_05_mr098_r10_158_uai_EMCC_100_n200_roFalse_s0: Saving results to ../results/synthetic/s123/random_mc2_n6_mid3_d1000_05_mr098_r10_158_uai_EMCC_100_n200_roFalse_s0.csv
2026-02-02 16:18:28,567|INFO|random_mc2_n9_mid3_d1000_05_mr098_r10_119_uai_EMCC_100_n200_roTrue_s0: [0.0817,0.0923]	 7 runs	 rmse=0.00795	 T_learn=82129 ms. 	 T_infer=513 ms.
2026-02-02 16:18:28,571|INFO|random_mc2_n9_mid3_d1000_05_mr098_r10_119_uai_EMCC_100_n200_roTrue_s0: Saving results to ../results/synthetic/s123/random_mc2_n9_mid3_d1000_05_mr098_r10_119_uai_EMCC_100_n200_roTrue_s0.csv
2026-02-02 16:18:28,706|INFO|random_mc2_n6_mid3_d1000_05_mr098_r10_139_uai_EMCC_100_n200_roFalse_s0: [0.0015,0.0118]	 27 runs	 rmse=0.00288	 T_learn=128278 ms. 	 T_infer=932 ms.
2026-02-02 16:18:28,712|INFO|random_mc2_n6_mid3_d1000_05_mr098_r10_139_uai_EMCC_100_n200_roFalse_s0: Saving results to ../results/synthetic/s123/random_mc2_n6_mid3_d1000_05_mr098_r10_139_uai_EMCC_100_n200_roFalse_s0.csv
2026-02-02 16:18:29,033|INFO|random_mc2_n5_mid3_d1000_05_mr098_r10_128_uai_EMCC_100_n200_roFalse_s0: [0.0050,0.0537]	 31 runs	 rmse=0.00572	 T_learn=106961 ms. 	 T_infer=584 ms.
2026-02-02 16:18:29,038|INFO|random_mc2_n5_mid3_d1000_05_mr098_r10_128_uai_EMCC_100_n200_roFalse_s0: Saving results to ../results/synthetic/s123/random_mc2_n5_mid3_d1000_05_mr098_r10_128_uai_EMCC_100_n200_roFalse_s0.csv
2026-02-02 16:18:29,239|INFO|random_mc2_n5_mid3_d1000_05_mr098_r10_48_uai_EMCC_100_n200_roFalse_s0: [0.3753,0.4202]	 26 runs	 rmse=0.00476	 T_learn=91659 ms. 	 T_infer=495 ms.
2026-02-02 16:18:29,243|INFO|random_mc2_n5_mid3_d1000_05_mr098_r10_48_uai_EMCC_100_n200_roFalse_s0: Saving results to ../results/synthetic/s123/random_mc2_n5_mid3_d1000_05_mr098_r10_48_uai_EMCC_100_n200_roFalse_s0.csv
2026-02-02 16:18:29,884|INFO|random_mc2_n6_mid3_d1000_05_mr098_r10_169_uai_EMCC_100_n200_roFalse_s0: [0.0077,0.0243]	 25 runs	 rmse=0.01747	 T_learn=152448 ms. 	 T_infer=732 ms.
2026-02-02 16:18:29,888|INFO|random_mc2_n6_mid3_d1000_05_mr098_r10_169_uai_EMCC_100_n200_roFalse_s0: Saving results to ../results/synthetic/s123/random_mc2_n6_mid3_d1000_05_mr098_r10_169_uai_EMCC_100_n200_roFalse_s0.csv
2026-02-02 16:18:30,251|INFO|random_mc2_n7_mid3_d1000_05_mr098_r10_163_uai_EMCC_100_n200_roFalse_s0: [0.0668,0.2192]	 15 runs	 rmse=0.08190	 T_learn=133824 ms. 	 T_infer=1269 ms.
2026-02-02 16:18:30,255|INFO|random_mc2_n7_mid3_d1000_05_mr098_r10_163_uai_EMCC_100_n200_roFalse_s0: Saving results to ../results/synthetic/s123/random_mc2_n7_mid3_d1000_05_mr098_r10_163_uai_EMCC_100_n200_roFalse_s0.csv
2026-02-02 16:18:30,306|INFO|random_mc2_n6_mid3_d1000_05_mr098_r10_40_uai_EMCC_100_n200_roFalse_s0: [0.0124,0.0886]	 29 runs	 rmse=0.01248	 T_learn=130413 ms. 	 T_infer=822 ms.
2026-02-02 16:18:30,310|INFO|random_mc2_n6_mid3_d1000_05_mr098_r10_40_uai_EMCC_100_n200_roFalse_s0: Saving results to ../results/synthetic/s123/random_mc2_n6_mid3_d1000_05_mr098_r10_40_uai_EMCC_100_n200_roFalse_s0.csv
2026-02-02 16:18:30,495|INFO|random_mc2_n5_mid3_d1000_05_mr098_r10_4_uai_EMCC_100_n200_roTrue_s0: [0.0085,0.0158]	 39 runs	 rmse=0.02435	 T_learn=113134 ms. 	 T_infer=1127 ms.
2026-02-02 16:18:30,499|INFO|random_mc2_n5_mid3_d1000_05_mr098_r10_4_uai_EMCC_100_n200_roTrue_s0: Saving results to ../results/synthetic/s123/random_mc2_n5_mid3_d1000_05_mr098_r10_4_uai_EMCC_100_n200_roTrue_s0.csv
2026-02-02 16:18:30,868|INFO|random_mc2_n5_mid3_d1000_05_mr098_r10_95_uai_EMCC_100_n200_roTrue_s0: [0.0000,0.0025]	 33 runs	 rmse=0.01654	 T_learn=124557 ms. 	 T_infer=1227 ms.
2026-02-02 16:18:30,872|INFO|random_mc2_n5_mid3_d1000_05_mr098_r10_95_uai_EMCC_100_n200_roTrue_s0: Saving results to ../results/synthetic/s123/random_mc2_n5_mid3_d1000_05_mr098_r10_95_uai_EMCC_100_n200_roTrue_s0.csv
2026-02-02 16:18:30,885|INFO|random_mc2_n6_mid3_d1000_05_mr098_r10_23_uai_EMCC_100_n200_roTrue_s0: [0.0040,0.0567]	 12 runs	 rmse=0.14996	 T_learn=118998 ms. 	 T_infer=577 ms.
2026-02-02 16:18:30,889|INFO|random_mc2_n6_mid3_d1000_05_mr098_r10_23_uai_EMCC_100_n200_roTrue_s0: Saving results to ../results/synthetic/s123/random_mc2_n6_mid3_d1000_05_mr098_r10_23_uai_EMCC_100_n200_roTrue_s0.csv
2026-02-02 16:18:30,979|INFO|random_mc2_n5_mid3_d1000_05_mr098_r10_149_uai_EMCC_100_n200_roTrue_s0: [0.0020,0.0124]	 29 runs	 rmse=0.00284	 T_learn=112494 ms. 	 T_infer=684 ms.
2026-02-02 16:18:30,983|INFO|random_mc2_n5_mid3_d1000_05_mr098_r10_149_uai_EMCC_100_n200_roTrue_s0: Saving results to ../results/synthetic/s123/random_mc2_n5_mid3_d1000_05_mr098_r10_149_uai_EMCC_100_n200_roTrue_s0.csv
2026-02-02 16:18:31,397|INFO|random_mc2_n6_mid3_d1000_05_mr098_r10_81_uai_EMCC_100_n200_roFalse_s0: [0.3365,0.3393]	 22 runs	 rmse=0.00222	 T_learn=93201 ms. 	 T_infer=1153 ms.
2026-02-02 16:18:31,401|INFO|random_mc2_n6_mid3_d1000_05_mr098_r10_81_uai_EMCC_100_n200_roFalse_s0: Saving results to ../results/synthetic/s123/random_mc2_n6_mid3_d1000_05_mr098_r10_81_uai_EMCC_100_n200_roFalse_s0.csv
2026-02-02 16:18:31,838|INFO|random_mc2_n7_mid3_d1000_05_mr098_r10_15_uai_EMCC_100_n200_roTrue_s0: [0.3883,0.4376]	 16 runs	 rmse=0.11009	 T_learn=164841 ms. 	 T_infer=1033 ms.
2026-02-02 16:18:31,843|INFO|random_mc2_n7_mid3_d1000_05_mr098_r10_15_uai_EMCC_100_n200_roTrue_s0: Saving results to ../results/synthetic/s123/random_mc2_n7_mid3_d1000_05_mr098_r10_15_uai_EMCC_100_n200_roTrue_s0.csv
2026-02-02 16:18:31,984|INFO|random_mc2_n5_mid3_d1000_05_mr098_r10_41_uai_EMCC_100_n200_roTrue_s0: [0.0160,0.0162]	 22 runs	 rmse=0.00016	 T_learn=133788 ms. 	 T_infer=955 ms.
2026-02-02 16:18:31,988|INFO|random_mc2_n5_mid3_d1000_05_mr098_r10_41_uai_EMCC_100_n200_roTrue_s0: Saving results to ../results/synthetic/s123/random_mc2_n5_mid3_d1000_05_mr098_r10_41_uai_EMCC_100_n200_roTrue_s0.csv
2026-02-02 16:18:33,093|INFO|random_mc2_n5_mid3_d1000_05_mr098_r10_128_uai_EMCC_100_n200_roFalse_s0: [0.0050,0.0537]	 32 runs	 rmse=0.00572	 T_learn=110413 ms. 	 T_infer=603 ms.
2026-02-02 16:18:33,097|INFO|random_mc2_n5_mid3_d1000_05_mr098_r10_128_uai_EMCC_100_n200_roFalse_s0: Saving results to ../results/synthetic/s123/random_mc2_n5_mid3_d1000_05_mr098_r10_128_uai_EMCC_100_n200_roFalse_s0.csv
2026-02-02 16:18:33,231|INFO|random_mc2_n5_mid3_d1000_05_mr098_r10_48_uai_EMCC_100_n200_roFalse_s0: [0.3753,0.4202]	 27 runs	 rmse=0.00476	 T_learn=95133 ms. 	 T_infer=514 ms.
2026-02-02 16:18:33,235|INFO|random_mc2_n5_mid3_d1000_05_mr098_r10_48_uai_EMCC_100_n200_roFalse_s0: Saving results to ../results/synthetic/s123/random_mc2_n5_mid3_d1000_05_mr098_r10_48_uai_EMCC_100_n200_roFalse_s0.csv
2026-02-02 16:18:33,556|INFO|random_mc2_n6_mid3_d1000_05_mr098_r10_178_uai_EMCC_100_n200_roFalse_s0: [0.2188,0.3042]	 14 runs	 rmse=0.11707	 T_learn=138787 ms. 	 T_infer=1026 ms.
2026-02-02 16:18:33,560|INFO|random_mc2_n6_mid3_d1000_05_mr098_r10_178_uai_EMCC_100_n200_roFalse_s0: Saving results to ../results/synthetic/s123/random_mc2_n6_mid3_d1000_05_mr098_r10_178_uai_EMCC_100_n200_roFalse_s0.csv
2026-02-02 16:18:34,101|INFO|random_mc2_n6_mid3_d1000_05_mr098_r10_158_uai_EMCC_100_n200_roFalse_s0: [0.0012,0.0367]	 32 runs	 rmse=0.02722	 T_learn=181827 ms. 	 T_infer=792 ms.
2026-02-02 16:18:34,105|INFO|random_mc2_n6_mid3_d1000_05_mr098_r10_158_uai_EMCC_100_n200_roFalse_s0: Saving results to ../results/synthetic/s123/random_mc2_n6_mid3_d1000_05_mr098_r10_158_uai_EMCC_100_n200_roFalse_s0.csv
2026-02-02 16:18:34,448|INFO|random_mc2_n5_mid3_d1000_05_mr098_r10_4_uai_EMCC_100_n200_roTrue_s0: [0.0085,0.0169]	 40 runs	 rmse=0.02325	 T_learn=116059 ms. 	 T_infer=1024 ms.
2026-02-02 16:18:34,453|INFO|random_mc2_n5_mid3_d1000_05_mr098_r10_4_uai_EMCC_100_n200_roTrue_s0: Saving results to ../results/synthetic/s123/random_mc2_n5_mid3_d1000_05_mr098_r10_4_uai_EMCC_100_n200_roTrue_s0.csv
2026-02-02 16:18:34,516|INFO|random_mc2_n6_mid3_d1000_05_mr098_r10_139_uai_EMCC_100_n200_roFalse_s0: [0.0015,0.0118]	 28 runs	 rmse=0.00288	 T_learn=133114 ms. 	 T_infer=968 ms.
2026-02-02 16:18:34,519|INFO|random_mc2_n6_mid3_d1000_05_mr098_r10_139_uai_EMCC_100_n200_roFalse_s0: Saving results to ../results/synthetic/s123/random_mc2_n6_mid3_d1000_05_mr098_r10_139_uai_EMCC_100_n200_roFalse_s0.csv
2026-02-02 16:18:35,417|INFO|random_mc2_n5_mid3_d1000_05_mr098_r10_149_uai_EMCC_100_n200_roTrue_s0: [0.0020,0.0124]	 30 runs	 rmse=0.00284	 T_learn=116223 ms. 	 T_infer=705 ms.
2026-02-02 16:18:35,421|INFO|random_mc2_n5_mid3_d1000_05_mr098_r10_149_uai_EMCC_100_n200_roTrue_s0: Saving results to ../results/synthetic/s123/random_mc2_n5_mid3_d1000_05_mr098_r10_149_uai_EMCC_100_n200_roTrue_s0.csv
2026-02-02 16:18:35,699|INFO|random_mc2_n6_mid3_d1000_05_mr098_r10_40_uai_EMCC_100_n200_roFalse_s0: [0.0124,0.0886]	 30 runs	 rmse=0.01248	 T_learn=134948 ms. 	 T_infer=854 ms.
2026-02-02 16:18:35,704|INFO|random_mc2_n6_mid3_d1000_05_mr098_r10_40_uai_EMCC_100_n200_roFalse_s0: Saving results to ../results/synthetic/s123/random_mc2_n6_mid3_d1000_05_mr098_r10_40_uai_EMCC_100_n200_roFalse_s0.csv
2026-02-02 16:18:35,859|INFO|random_mc2_n5_mid3_d1000_05_mr098_r10_95_uai_EMCC_100_n200_roTrue_s0: [0.0000,0.0025]	 34 runs	 rmse=0.01654	 T_learn=128403 ms. 	 T_infer=1140 ms.
2026-02-02 16:18:35,863|INFO|random_mc2_n5_mid3_d1000_05_mr098_r10_95_uai_EMCC_100_n200_roTrue_s0: Saving results to ../results/synthetic/s123/random_mc2_n5_mid3_d1000_05_mr098_r10_95_uai_EMCC_100_n200_roTrue_s0.csv
2026-02-02 16:18:36,774|INFO|random_mc2_n6_mid3_d1000_05_mr098_r10_169_uai_EMCC_100_n200_roFalse_s0: [0.0077,0.0243]	 26 runs	 rmse=0.01747	 T_learn=158573 ms. 	 T_infer=761 ms.
2026-02-02 16:18:36,778|INFO|random_mc2_n6_mid3_d1000_05_mr098_r10_169_uai_EMCC_100_n200_roFalse_s0: Saving results to ../results/synthetic/s123/random_mc2_n6_mid3_d1000_05_mr098_r10_169_uai_EMCC_100_n200_roFalse_s0.csv
2026-02-02 16:18:37,019|INFO|random_mc2_n6_mid3_d1000_05_mr098_r10_81_uai_EMCC_100_n200_roFalse_s0: [0.3365,0.3393]	 23 runs	 rmse=0.00222	 T_learn=97615 ms. 	 T_infer=1204 ms.
2026-02-02 16:18:37,023|INFO|random_mc2_n6_mid3_d1000_05_mr098_r10_81_uai_EMCC_100_n200_roFalse_s0: Saving results to ../results/synthetic/s123/random_mc2_n6_mid3_d1000_05_mr098_r10_81_uai_EMCC_100_n200_roFalse_s0.csv
2026-02-02 16:18:37,231|INFO|random_mc2_n5_mid3_d1000_05_mr098_r10_48_uai_EMCC_100_n200_roFalse_s0: [0.3753,0.4202]	 28 runs	 rmse=0.00476	 T_learn=98595 ms. 	 T_infer=533 ms.
2026-02-02 16:18:37,236|INFO|random_mc2_n5_mid3_d1000_05_mr098_r10_48_uai_EMCC_100_n200_roFalse_s0: Saving results to ../results/synthetic/s123/random_mc2_n5_mid3_d1000_05_mr098_r10_48_uai_EMCC_100_n200_roFalse_s0.csv
2026-02-02 16:18:37,285|INFO|random_mc2_n5_mid3_d1000_05_mr098_r10_128_uai_EMCC_100_n200_roFalse_s0: [0.0050,0.0537]	 33 runs	 rmse=0.00572	 T_learn=113978 ms. 	 T_infer=622 ms.
2026-02-02 16:18:37,290|INFO|random_mc2_n5_mid3_d1000_05_mr098_r10_128_uai_EMCC_100_n200_roFalse_s0: Saving results to ../results/synthetic/s123/random_mc2_n5_mid3_d1000_05_mr098_r10_128_uai_EMCC_100_n200_roFalse_s0.csv
2026-02-02 16:18:38,471|INFO|random_mc2_n5_mid3_d1000_05_mr098_r10_4_uai_EMCC_100_n200_roTrue_s0: [0.0085,0.0214]	 41 runs	 rmse=0.01871	 T_learn=119016 ms. 	 T_infer=1061 ms.
2026-02-02 16:18:38,475|INFO|random_mc2_n5_mid3_d1000_05_mr098_r10_4_uai_EMCC_100_n200_roTrue_s0: Saving results to ../results/synthetic/s123/random_mc2_n5_mid3_d1000_05_mr098_r10_4_uai_EMCC_100_n200_roTrue_s0.csv
2026-02-02 16:18:39,157|INFO|random_mc2_n5_mid3_d1000_05_mr098_r10_41_uai_EMCC_100_n200_roTrue_s0: [0.0160,0.0162]	 23 runs	 rmse=0.00016	 T_learn=139957 ms. 	 T_infer=999 ms.
2026-02-02 16:18:39,161|INFO|random_mc2_n5_mid3_d1000_05_mr098_r10_41_uai_EMCC_100_n200_roTrue_s0: Saving results to ../results/synthetic/s123/random_mc2_n5_mid3_d1000_05_mr098_r10_41_uai_EMCC_100_n200_roTrue_s0.csv
2026-02-02 16:18:40,221|INFO|random_mc2_n5_mid3_d1000_05_mr098_r10_149_uai_EMCC_100_n200_roTrue_s0: [0.0014,0.0124]	 31 runs	 rmse=0.00246	 T_learn=120171 ms. 	 T_infer=852 ms.
2026-02-02 16:18:40,225|INFO|random_mc2_n5_mid3_d1000_05_mr098_r10_149_uai_EMCC_100_n200_roTrue_s0: Saving results to ../results/synthetic/s123/random_mc2_n5_mid3_d1000_05_mr098_r10_149_uai_EMCC_100_n200_roTrue_s0.csv
2026-02-02 16:18:40,355|INFO|random_mc2_n6_mid3_d1000_05_mr098_r10_139_uai_EMCC_100_n200_roFalse_s0: [0.0015,0.0118]	 29 runs	 rmse=0.00288	 T_learn=137948 ms. 	 T_infer=1001 ms.
2026-02-02 16:18:40,359|INFO|random_mc2_n6_mid3_d1000_05_mr098_r10_139_uai_EMCC_100_n200_roFalse_s0: Saving results to ../results/synthetic/s123/random_mc2_n6_mid3_d1000_05_mr098_r10_139_uai_EMCC_100_n200_roFalse_s0.csv
2026-02-02 16:18:40,863|INFO|random_mc2_n6_mid3_d1000_05_mr098_r10_158_uai_EMCC_100_n200_roFalse_s0: [0.0012,0.0412]	 33 runs	 rmse=0.03168	 T_learn=187767 ms. 	 T_infer=817 ms.
2026-02-02 16:18:40,867|INFO|random_mc2_n6_mid3_d1000_05_mr098_r10_158_uai_EMCC_100_n200_roFalse_s0: Saving results to ../results/synthetic/s123/random_mc2_n6_mid3_d1000_05_mr098_r10_158_uai_EMCC_100_n200_roFalse_s0.csv
2026-02-02 16:18:40,888|INFO|random_mc2_n5_mid3_d1000_05_mr098_r10_95_uai_EMCC_100_n200_roTrue_s0: [0.0000,0.0025]	 35 runs	 rmse=0.01654	 T_learn=132254 ms. 	 T_infer=1174 ms.
2026-02-02 16:18:40,892|INFO|random_mc2_n5_mid3_d1000_05_mr098_r10_95_uai_EMCC_100_n200_roTrue_s0: Saving results to ../results/synthetic/s123/random_mc2_n5_mid3_d1000_05_mr098_r10_95_uai_EMCC_100_n200_roTrue_s0.csv
2026-02-02 16:18:40,937|INFO|random_mc2_n9_mid3_d1000_05_mr098_r10_119_uai_EMCC_100_n200_roTrue_s0: [0.0817,0.0923]	 8 runs	 rmse=0.00795	 T_learn=93909 ms. 	 T_infer=586 ms.
2026-02-02 16:18:40,942|INFO|random_mc2_n9_mid3_d1000_05_mr098_r10_119_uai_EMCC_100_n200_roTrue_s0: Saving results to ../results/synthetic/s123/random_mc2_n9_mid3_d1000_05_mr098_r10_119_uai_EMCC_100_n200_roTrue_s0.csv
2026-02-02 16:18:41,072|INFO|random_mc2_n7_mid3_d1000_05_mr098_r10_163_uai_EMCC_100_n200_roFalse_s0: [0.0668,0.2192]	 16 runs	 rmse=0.08190	 T_learn=143291 ms. 	 T_infer=1349 ms.
2026-02-02 16:18:41,076|INFO|random_mc2_n7_mid3_d1000_05_mr098_r10_163_uai_EMCC_100_n200_roFalse_s0: Saving results to ../results/synthetic/s123/random_mc2_n7_mid3_d1000_05_mr098_r10_163_uai_EMCC_100_n200_roFalse_s0.csv
2026-02-02 16:18:41,142|INFO|random_mc2_n6_mid3_d1000_05_mr098_r10_40_uai_EMCC_100_n200_roFalse_s0: [0.0124,0.0886]	 31 runs	 rmse=0.01248	 T_learn=139509 ms. 	 T_infer=878 ms.
2026-02-02 16:18:41,146|INFO|random_mc2_n6_mid3_d1000_05_mr098_r10_40_uai_EMCC_100_n200_roFalse_s0: Saving results to ../results/synthetic/s123/random_mc2_n6_mid3_d1000_05_mr098_r10_40_uai_EMCC_100_n200_roFalse_s0.csv
2026-02-02 16:18:41,258|INFO|random_mc2_n6_mid3_d1000_05_mr098_r10_23_uai_EMCC_100_n200_roTrue_s0: [0.0040,0.0567]	 13 runs	 rmse=0.14996	 T_learn=128741 ms. 	 T_infer=626 ms.
2026-02-02 16:18:41,262|INFO|random_mc2_n6_mid3_d1000_05_mr098_r10_23_uai_EMCC_100_n200_roTrue_s0: Saving results to ../results/synthetic/s123/random_mc2_n6_mid3_d1000_05_mr098_r10_23_uai_EMCC_100_n200_roTrue_s0.csv
2026-02-02 16:18:41,309|INFO|random_mc2_n5_mid3_d1000_05_mr098_r10_48_uai_EMCC_100_n200_roFalse_s0: [0.3753,0.4202]	 29 runs	 rmse=0.00476	 T_learn=102116 ms. 	 T_infer=552 ms.
2026-02-02 16:18:41,313|INFO|random_mc2_n5_mid3_d1000_05_mr098_r10_48_uai_EMCC_100_n200_roFalse_s0: Saving results to ../results/synthetic/s123/random_mc2_n5_mid3_d1000_05_mr098_r10_48_uai_EMCC_100_n200_roFalse_s0.csv
2026-02-02 16:18:41,381|INFO|random_mc2_n5_mid3_d1000_05_mr098_r10_128_uai_EMCC_100_n200_roFalse_s0: [0.0050,0.0537]	 34 runs	 rmse=0.00572	 T_learn=117428 ms. 	 T_infer=641 ms.
2026-02-02 16:18:41,386|INFO|random_mc2_n5_mid3_d1000_05_mr098_r10_128_uai_EMCC_100_n200_roFalse_s0: Saving results to ../results/synthetic/s123/random_mc2_n5_mid3_d1000_05_mr098_r10_128_uai_EMCC_100_n200_roFalse_s0.csv
2026-02-02 16:18:42,498|INFO|random_mc2_n5_mid3_d1000_05_mr098_r10_4_uai_EMCC_100_n200_roTrue_s0: [0.0085,0.0214]	 42 runs	 rmse=0.01871	 T_learn=121959 ms. 	 T_infer=1079 ms.
2026-02-02 16:18:42,503|INFO|random_mc2_n5_mid3_d1000_05_mr098_r10_4_uai_EMCC_100_n200_roTrue_s0: Saving results to ../results/synthetic/s123/random_mc2_n5_mid3_d1000_05_mr098_r10_4_uai_EMCC_100_n200_roTrue_s0.csv
2026-02-02 16:18:42,579|INFO|random_mc2_n6_mid3_d1000_05_mr098_r10_81_uai_EMCC_100_n200_roFalse_s0: [0.3365,0.3393]	 24 runs	 rmse=0.00222	 T_learn=101918 ms. 	 T_infer=1252 ms.
2026-02-02 16:18:42,583|INFO|random_mc2_n6_mid3_d1000_05_mr098_r10_81_uai_EMCC_100_n200_roFalse_s0: Saving results to ../results/synthetic/s123/random_mc2_n6_mid3_d1000_05_mr098_r10_81_uai_EMCC_100_n200_roFalse_s0.csv
2026-02-02 16:18:42,671|INFO|random_mc2_n7_mid3_d1000_05_mr098_r10_15_uai_EMCC_100_n200_roTrue_s0: [0.3968,0.4376]	 17 runs	 rmse=0.11544	 T_learn=174564 ms. 	 T_infer=1105 ms.
2026-02-02 16:18:42,675|INFO|random_mc2_n7_mid3_d1000_05_mr098_r10_15_uai_EMCC_100_n200_roTrue_s0: Saving results to ../results/synthetic/s123/random_mc2_n7_mid3_d1000_05_mr098_r10_15_uai_EMCC_100_n200_roTrue_s0.csv
2026-02-02 16:18:43,803|INFO|random_mc2_n6_mid3_d1000_05_mr098_r10_169_uai_EMCC_100_n200_roFalse_s0: [0.0077,0.0243]	 27 runs	 rmse=0.01747	 T_learn=164809 ms. 	 T_infer=789 ms.
2026-02-02 16:18:43,807|INFO|random_mc2_n6_mid3_d1000_05_mr098_r10_169_uai_EMCC_100_n200_roFalse_s0: Saving results to ../results/synthetic/s123/random_mc2_n6_mid3_d1000_05_mr098_r10_169_uai_EMCC_100_n200_roFalse_s0.csv
2026-02-02 16:18:44,183|INFO|random_mc2_n6_mid3_d1000_05_mr098_r10_141_uai_EMCC_100_n200_roFalse_s0: [0.2562,0.2709]	 8 runs	 rmse=0.00756	 T_learn=123619 ms. 	 T_infer=2723 ms.
2026-02-02 16:18:44,186|INFO|random_mc2_n6_mid3_d1000_05_mr098_r10_141_uai_EMCC_100_n200_roFalse_s0: Saving results to ../results/synthetic/s123/random_mc2_n6_mid3_d1000_05_mr098_r10_141_uai_EMCC_100_n200_roFalse_s0.csv
2026-02-02 16:18:44,572|INFO|random_mc2_n6_mid3_d1000_05_mr098_r10_178_uai_EMCC_100_n200_roFalse_s0: [0.2188,0.3042]	 15 runs	 rmse=0.11707	 T_learn=148695 ms. 	 T_infer=1104 ms.
2026-02-02 16:18:44,576|INFO|random_mc2_n6_mid3_d1000_05_mr098_r10_178_uai_EMCC_100_n200_roFalse_s0: Saving results to ../results/synthetic/s123/random_mc2_n6_mid3_d1000_05_mr098_r10_178_uai_EMCC_100_n200_roFalse_s0.csv
2026-02-02 16:18:44,898|INFO|random_mc2_n5_mid3_d1000_05_mr098_r10_149_uai_EMCC_100_n200_roTrue_s0: [0.0014,0.0124]	 32 runs	 rmse=0.00246	 T_learn=124096 ms. 	 T_infer=749 ms.
2026-02-02 16:18:44,902|INFO|random_mc2_n5_mid3_d1000_05_mr098_r10_149_uai_EMCC_100_n200_roTrue_s0: Saving results to ../results/synthetic/s123/random_mc2_n5_mid3_d1000_05_mr098_r10_149_uai_EMCC_100_n200_roTrue_s0.csv
2026-02-02 16:18:45,510|INFO|random_mc2_n5_mid3_d1000_05_mr098_r10_128_uai_EMCC_100_n200_roFalse_s0: [0.0050,0.0537]	 35 runs	 rmse=0.00572	 T_learn=120895 ms. 	 T_infer=657 ms.
2026-02-02 16:18:45,514|INFO|random_mc2_n5_mid3_d1000_05_mr098_r10_128_uai_EMCC_100_n200_roFalse_s0: Saving results to ../results/synthetic/s123/random_mc2_n5_mid3_d1000_05_mr098_r10_128_uai_EMCC_100_n200_roFalse_s0.csv
2026-02-02 16:18:45,685|INFO|random_mc2_n5_mid3_d1000_05_mr098_r10_48_uai_EMCC_100_n200_roFalse_s0: [0.3753,0.4202]	 30 runs	 rmse=0.00476	 T_learn=105919 ms. 	 T_infer=569 ms.
2026-02-02 16:18:45,689|INFO|random_mc2_n5_mid3_d1000_05_mr098_r10_48_uai_EMCC_100_n200_roFalse_s0: Saving results to ../results/synthetic/s123/random_mc2_n5_mid3_d1000_05_mr098_r10_48_uai_EMCC_100_n200_roFalse_s0.csv
2026-02-02 16:18:45,981|INFO|random_mc2_n5_mid3_d1000_05_mr098_r10_95_uai_EMCC_100_n200_roTrue_s0: [0.0000,0.0025]	 36 runs	 rmse=0.01654	 T_learn=136137 ms. 	 T_infer=1207 ms.
2026-02-02 16:18:45,986|INFO|random_mc2_n5_mid3_d1000_05_mr098_r10_95_uai_EMCC_100_n200_roTrue_s0: Saving results to ../results/synthetic/s123/random_mc2_n5_mid3_d1000_05_mr098_r10_95_uai_EMCC_100_n200_roTrue_s0.csv
2026-02-02 16:18:46,213|INFO|random_mc2_n6_mid3_d1000_05_mr098_r10_139_uai_EMCC_100_n200_roFalse_s0: [0.0015,0.0118]	 30 runs	 rmse=0.00288	 T_learn=142766 ms. 	 T_infer=1036 ms.
2026-02-02 16:18:46,218|INFO|random_mc2_n6_mid3_d1000_05_mr098_r10_139_uai_EMCC_100_n200_roFalse_s0: Saving results to ../results/synthetic/s123/random_mc2_n6_mid3_d1000_05_mr098_r10_139_uai_EMCC_100_n200_roFalse_s0.csv
2026-02-02 16:18:46,583|INFO|random_mc2_n5_mid3_d1000_05_mr098_r10_41_uai_EMCC_100_n200_roTrue_s0: [0.0160,0.0161]	 24 runs	 rmse=0.00012	 T_learn=146337 ms. 	 T_infer=1043 ms.
2026-02-02 16:18:46,588|INFO|random_mc2_n5_mid3_d1000_05_mr098_r10_41_uai_EMCC_100_n200_roTrue_s0: Saving results to ../results/synthetic/s123/random_mc2_n5_mid3_d1000_05_mr098_r10_41_uai_EMCC_100_n200_roTrue_s0.csv
2026-02-02 16:18:46,591|INFO|random_mc2_n5_mid3_d1000_05_mr098_r10_4_uai_EMCC_100_n200_roTrue_s0: [0.0085,0.0214]	 43 runs	 rmse=0.01871	 T_learn=124936 ms. 	 T_infer=1110 ms.
2026-02-02 16:18:46,595|INFO|random_mc2_n5_mid3_d1000_05_mr098_r10_4_uai_EMCC_100_n200_roTrue_s0: Saving results to ../results/synthetic/s123/random_mc2_n5_mid3_d1000_05_mr098_r10_4_uai_EMCC_100_n200_roTrue_s0.csv
2026-02-02 16:18:46,614|INFO|random_mc2_n6_mid3_d1000_05_mr098_r10_40_uai_EMCC_100_n200_roFalse_s0: [0.0124,0.0886]	 32 runs	 rmse=0.01248	 T_learn=144063 ms. 	 T_infer=914 ms.
2026-02-02 16:18:46,619|INFO|random_mc2_n6_mid3_d1000_05_mr098_r10_40_uai_EMCC_100_n200_roFalse_s0: Saving results to ../results/synthetic/s123/random_mc2_n6_mid3_d1000_05_mr098_r10_40_uai_EMCC_100_n200_roFalse_s0.csv
2026-02-02 16:18:47,390|INFO|random_mc2_n6_mid3_d1000_05_mr098_r10_158_uai_EMCC_100_n200_roFalse_s0: [0.0012,0.0412]	 34 runs	 rmse=0.03168	 T_learn=193449 ms. 	 T_infer=841 ms.
2026-02-02 16:18:47,395|INFO|random_mc2_n6_mid3_d1000_05_mr098_r10_158_uai_EMCC_100_n200_roFalse_s0: Saving results to ../results/synthetic/s123/random_mc2_n6_mid3_d1000_05_mr098_r10_158_uai_EMCC_100_n200_roFalse_s0.csv
2026-02-02 16:18:48,192|INFO|random_mc2_n6_mid3_d1000_05_mr098_r10_81_uai_EMCC_100_n200_roFalse_s0: [0.3365,0.3393]	 25 runs	 rmse=0.00222	 T_learn=106216 ms. 	 T_infer=1310 ms.
2026-02-02 16:18:48,196|INFO|random_mc2_n6_mid3_d1000_05_mr098_r10_81_uai_EMCC_100_n200_roFalse_s0: Saving results to ../results/synthetic/s123/random_mc2_n6_mid3_d1000_05_mr098_r10_81_uai_EMCC_100_n200_roFalse_s0.csv
2026-02-02 16:18:49,557|INFO|random_mc2_n5_mid3_d1000_05_mr098_r10_149_uai_EMCC_100_n200_roTrue_s0: [0.0014,0.0124]	 33 runs	 rmse=0.00246	 T_learn=127974 ms. 	 T_infer=777 ms.
2026-02-02 16:18:49,562|INFO|random_mc2_n5_mid3_d1000_05_mr098_r10_149_uai_EMCC_100_n200_roTrue_s0: Saving results to ../results/synthetic/s123/random_mc2_n5_mid3_d1000_05_mr098_r10_149_uai_EMCC_100_n200_roTrue_s0.csv
2026-02-02 16:18:49,760|INFO|random_mc2_n5_mid3_d1000_05_mr098_r10_128_uai_EMCC_100_n200_roFalse_s0: [0.0050,0.0537]	 36 runs	 rmse=0.00572	 T_learn=124466 ms. 	 T_infer=675 ms.
2026-02-02 16:18:49,764|INFO|random_mc2_n5_mid3_d1000_05_mr098_r10_128_uai_EMCC_100_n200_roFalse_s0: Saving results to ../results/synthetic/s123/random_mc2_n5_mid3_d1000_05_mr098_r10_128_uai_EMCC_100_n200_roFalse_s0.csv
2026-02-02 16:18:49,780|INFO|random_mc2_n5_mid3_d1000_05_mr098_r10_48_uai_EMCC_100_n200_roFalse_s0: [0.3753,0.4202]	 31 runs	 rmse=0.00476	 T_learn=109420 ms. 	 T_infer=590 ms.
2026-02-02 16:18:49,785|INFO|random_mc2_n5_mid3_d1000_05_mr098_r10_48_uai_EMCC_100_n200_roFalse_s0: Saving results to ../results/synthetic/s123/random_mc2_n5_mid3_d1000_05_mr098_r10_48_uai_EMCC_100_n200_roFalse_s0.csv
2026-02-02 16:18:50,657|INFO|random_mc2_n5_mid3_d1000_05_mr098_r10_4_uai_EMCC_100_n200_roTrue_s0: [0.0085,0.0214]	 44 runs	 rmse=0.01871	 T_learn=127860 ms. 	 T_infer=1137 ms.
2026-02-02 16:18:50,661|INFO|random_mc2_n5_mid3_d1000_05_mr098_r10_4_uai_EMCC_100_n200_roTrue_s0: Saving results to ../results/synthetic/s123/random_mc2_n5_mid3_d1000_05_mr098_r10_4_uai_EMCC_100_n200_roTrue_s0.csv
2026-02-02 16:18:50,768|INFO|random_mc2_n6_mid3_d1000_05_mr098_r10_169_uai_EMCC_100_n200_roFalse_s0: [0.0077,0.0243]	 28 runs	 rmse=0.01747	 T_learn=170952 ms. 	 T_infer=819 ms.
2026-02-02 16:18:50,772|INFO|random_mc2_n6_mid3_d1000_05_mr098_r10_169_uai_EMCC_100_n200_roFalse_s0: Saving results to ../results/synthetic/s123/random_mc2_n6_mid3_d1000_05_mr098_r10_169_uai_EMCC_100_n200_roFalse_s0.csv
2026-02-02 16:18:51,102|INFO|random_mc2_n5_mid3_d1000_05_mr098_r10_95_uai_EMCC_100_n200_roTrue_s0: [0.0000,0.0025]	 37 runs	 rmse=0.01654	 T_learn=140010 ms. 	 T_infer=1244 ms.
2026-02-02 16:18:51,107|INFO|random_mc2_n5_mid3_d1000_05_mr098_r10_95_uai_EMCC_100_n200_roTrue_s0: Saving results to ../results/synthetic/s123/random_mc2_n5_mid3_d1000_05_mr098_r10_95_uai_EMCC_100_n200_roTrue_s0.csv
2026-02-02 16:18:51,760|INFO|random_mc2_n6_mid3_d1000_05_mr098_r10_23_uai_EMCC_100_n200_roTrue_s0: [0.0040,0.0849]	 14 runs	 rmse=0.12172	 T_learn=138567 ms. 	 T_infer=672 ms.
2026-02-02 16:18:51,764|INFO|random_mc2_n6_mid3_d1000_05_mr098_r10_23_uai_EMCC_100_n200_roTrue_s0: Saving results to ../results/synthetic/s123/random_mc2_n6_mid3_d1000_05_mr098_r10_23_uai_EMCC_100_n200_roTrue_s0.csv
2026-02-02 16:18:52,084|INFO|random_mc2_n7_mid3_d1000_05_mr098_r10_163_uai_EMCC_100_n200_roFalse_s0: [0.0668,0.2192]	 17 runs	 rmse=0.08190	 T_learn=152743 ms. 	 T_infer=1556 ms.
2026-02-02 16:18:52,088|INFO|random_mc2_n7_mid3_d1000_05_mr098_r10_163_uai_EMCC_100_n200_roFalse_s0: Saving results to ../results/synthetic/s123/random_mc2_n7_mid3_d1000_05_mr098_r10_163_uai_EMCC_100_n200_roFalse_s0.csv
2026-02-02 16:18:52,141|INFO|random_mc2_n6_mid3_d1000_05_mr098_r10_40_uai_EMCC_100_n200_roFalse_s0: [0.0124,0.0886]	 33 runs	 rmse=0.01248	 T_learn=148642 ms. 	 T_infer=943 ms.
2026-02-02 16:18:52,145|INFO|random_mc2_n6_mid3_d1000_05_mr098_r10_40_uai_EMCC_100_n200_roFalse_s0: Saving results to ../results/synthetic/s123/random_mc2_n6_mid3_d1000_05_mr098_r10_40_uai_EMCC_100_n200_roFalse_s0.csv
2026-02-02 16:18:52,235|INFO|random_mc2_n6_mid3_d1000_05_mr098_r10_139_uai_EMCC_100_n200_roFalse_s0: [0.0015,0.0130]	 31 runs	 rmse=0.00188	 T_learn=147717 ms. 	 T_infer=1066 ms.
2026-02-02 16:18:52,240|INFO|random_mc2_n6_mid3_d1000_05_mr098_r10_139_uai_EMCC_100_n200_roFalse_s0: Saving results to ../results/synthetic/s123/random_mc2_n6_mid3_d1000_05_mr098_r10_139_uai_EMCC_100_n200_roFalse_s0.csv
2026-02-02 16:18:53,454|INFO|random_mc2_n9_mid3_d1000_05_mr098_r10_119_uai_EMCC_100_n200_roTrue_s0: [0.0817,0.0923]	 9 runs	 rmse=0.00795	 T_learn=105763 ms. 	 T_infer=659 ms.
2026-02-02 16:18:53,458|INFO|random_mc2_n9_mid3_d1000_05_mr098_r10_119_uai_EMCC_100_n200_roTrue_s0: Saving results to ../results/synthetic/s123/random_mc2_n9_mid3_d1000_05_mr098_r10_119_uai_EMCC_100_n200_roTrue_s0.csv
2026-02-02 16:18:53,887|INFO|random_mc2_n6_mid3_d1000_05_mr098_r10_81_uai_EMCC_100_n200_roFalse_s0: [0.3365,0.3393]	 26 runs	 rmse=0.00222	 T_learn=110539 ms. 	 T_infer=1368 ms.
2026-02-02 16:18:53,891|INFO|random_mc2_n6_mid3_d1000_05_mr098_r10_81_uai_EMCC_100_n200_roFalse_s0: Saving results to ../results/synthetic/s123/random_mc2_n6_mid3_d1000_05_mr098_r10_81_uai_EMCC_100_n200_roFalse_s0.csv
2026-02-02 16:18:53,923|INFO|random_mc2_n5_mid3_d1000_05_mr098_r10_128_uai_EMCC_100_n200_roFalse_s0: [0.0050,0.0537]	 37 runs	 rmse=0.00572	 T_learn=127932 ms. 	 T_infer=693 ms.
2026-02-02 16:18:53,927|INFO|random_mc2_n5_mid3_d1000_05_mr098_r10_128_uai_EMCC_100_n200_roFalse_s0: Saving results to ../results/synthetic/s123/random_mc2_n5_mid3_d1000_05_mr098_r10_128_uai_EMCC_100_n200_roFalse_s0.csv
2026-02-02 16:18:53,994|INFO|random_mc2_n5_mid3_d1000_05_mr098_r10_41_uai_EMCC_100_n200_roTrue_s0: [0.0160,0.0161]	 25 runs	 rmse=0.00012	 T_learn=152661 ms. 	 T_infer=1082 ms.
2026-02-02 16:18:53,998|INFO|random_mc2_n5_mid3_d1000_05_mr098_r10_41_uai_EMCC_100_n200_roTrue_s0: Saving results to ../results/synthetic/s123/random_mc2_n5_mid3_d1000_05_mr098_r10_41_uai_EMCC_100_n200_roTrue_s0.csv
2026-02-02 16:18:54,004|INFO|random_mc2_n5_mid3_d1000_05_mr098_r10_48_uai_EMCC_100_n200_roFalse_s0: [0.3753,0.4202]	 32 runs	 rmse=0.00476	 T_learn=113032 ms. 	 T_infer=606 ms.
2026-02-02 16:18:54,008|INFO|random_mc2_n5_mid3_d1000_05_mr098_r10_48_uai_EMCC_100_n200_roFalse_s0: Saving results to ../results/synthetic/s123/random_mc2_n5_mid3_d1000_05_mr098_r10_48_uai_EMCC_100_n200_roFalse_s0.csv
2026-02-02 16:18:54,086|INFO|random_mc2_n5_mid3_d1000_05_mr098_r10_149_uai_EMCC_100_n200_roTrue_s0: [0.0014,0.0124]	 34 runs	 rmse=0.00246	 T_learn=131700 ms. 	 T_infer=798 ms.
2026-02-02 16:18:54,090|INFO|random_mc2_n5_mid3_d1000_05_mr098_r10_149_uai_EMCC_100_n200_roTrue_s0: Saving results to ../results/synthetic/s123/random_mc2_n5_mid3_d1000_05_mr098_r10_149_uai_EMCC_100_n200_roTrue_s0.csv
2026-02-02 16:18:54,117|INFO|random_mc2_n6_mid3_d1000_05_mr098_r10_158_uai_EMCC_100_n200_roFalse_s0: [0.0012,0.0412]	 35 runs	 rmse=0.03168	 T_learn=199305 ms. 	 T_infer=866 ms.
2026-02-02 16:18:54,121|INFO|random_mc2_n6_mid3_d1000_05_mr098_r10_158_uai_EMCC_100_n200_roFalse_s0: Saving results to ../results/synthetic/s123/random_mc2_n6_mid3_d1000_05_mr098_r10_158_uai_EMCC_100_n200_roFalse_s0.csv
2026-02-02 16:18:54,533|INFO|random_mc2_n7_mid3_d1000_05_mr098_r10_15_uai_EMCC_100_n200_roTrue_s0: [0.3968,0.4376]	 18 runs	 rmse=0.11544	 T_learn=185254 ms. 	 T_infer=1167 ms.
2026-02-02 16:18:54,537|INFO|random_mc2_n7_mid3_d1000_05_mr098_r10_15_uai_EMCC_100_n200_roTrue_s0: Saving results to ../results/synthetic/s123/random_mc2_n7_mid3_d1000_05_mr098_r10_15_uai_EMCC_100_n200_roTrue_s0.csv
2026-02-02 16:18:54,903|INFO|random_mc2_n5_mid3_d1000_05_mr098_r10_4_uai_EMCC_100_n200_roTrue_s0: [0.0085,0.0214]	 45 runs	 rmse=0.01871	 T_learn=130943 ms. 	 T_infer=1159 ms.
2026-02-02 16:18:54,907|INFO|random_mc2_n5_mid3_d1000_05_mr098_r10_4_uai_EMCC_100_n200_roTrue_s0: Saving results to ../results/synthetic/s123/random_mc2_n5_mid3_d1000_05_mr098_r10_4_uai_EMCC_100_n200_roTrue_s0.csv
2026-02-02 16:18:55,733|INFO|random_mc2_n6_mid3_d1000_05_mr098_r10_178_uai_EMCC_100_n200_roFalse_s0: [0.2188,0.3042]	 16 runs	 rmse=0.11707	 T_learn=158678 ms. 	 T_infer=1173 ms.
2026-02-02 16:18:55,736|INFO|random_mc2_n6_mid3_d1000_05_mr098_r10_178_uai_EMCC_100_n200_roFalse_s0: Saving results to ../results/synthetic/s123/random_mc2_n6_mid3_d1000_05_mr098_r10_178_uai_EMCC_100_n200_roFalse_s0.csv
2026-02-02 16:18:56,259|INFO|random_mc2_n5_mid3_d1000_05_mr098_r10_95_uai_EMCC_100_n200_roTrue_s0: [0.0000,0.0025]	 38 runs	 rmse=0.01654	 T_learn=143883 ms. 	 T_infer=1279 ms.
2026-02-02 16:18:56,263|INFO|random_mc2_n5_mid3_d1000_05_mr098_r10_95_uai_EMCC_100_n200_roTrue_s0: Saving results to ../results/synthetic/s123/random_mc2_n5_mid3_d1000_05_mr098_r10_95_uai_EMCC_100_n200_roTrue_s0.csv
2026-02-02 16:18:57,667|INFO|random_mc2_n6_mid3_d1000_05_mr098_r10_40_uai_EMCC_100_n200_roFalse_s0: [0.0124,0.0886]	 34 runs	 rmse=0.01248	 T_learn=153194 ms. 	 T_infer=970 ms.
2026-02-02 16:18:57,671|INFO|random_mc2_n6_mid3_d1000_05_mr098_r10_40_uai_EMCC_100_n200_roFalse_s0: Saving results to ../results/synthetic/s123/random_mc2_n6_mid3_d1000_05_mr098_r10_40_uai_EMCC_100_n200_roFalse_s0.csv
2026-02-02 16:18:57,751|INFO|random_mc2_n6_mid3_d1000_05_mr098_r10_169_uai_EMCC_100_n200_roFalse_s0: [0.0077,0.0243]	 29 runs	 rmse=0.01747	 T_learn=177083 ms. 	 T_infer=848 ms.
2026-02-02 16:18:57,755|INFO|random_mc2_n6_mid3_d1000_05_mr098_r10_169_uai_EMCC_100_n200_roFalse_s0: Saving results to ../results/synthetic/s123/random_mc2_n6_mid3_d1000_05_mr098_r10_169_uai_EMCC_100_n200_roFalse_s0.csv
2026-02-02 16:18:58,112|INFO|random_mc2_n5_mid3_d1000_05_mr098_r10_128_uai_EMCC_100_n200_roFalse_s0: [0.0050,0.0537]	 38 runs	 rmse=0.00572	 T_learn=131401 ms. 	 T_infer=715 ms.
2026-02-02 16:18:58,117|INFO|random_mc2_n5_mid3_d1000_05_mr098_r10_128_uai_EMCC_100_n200_roFalse_s0: Saving results to ../results/synthetic/s123/random_mc2_n5_mid3_d1000_05_mr098_r10_128_uai_EMCC_100_n200_roFalse_s0.csv
2026-02-02 16:18:58,156|INFO|random_mc2_n5_mid3_d1000_05_mr098_r10_48_uai_EMCC_100_n200_roFalse_s0: [0.3753,0.4202]	 33 runs	 rmse=0.00476	 T_learn=116552 ms. 	 T_infer=628 ms.
2026-02-02 16:18:58,160|INFO|random_mc2_n5_mid3_d1000_05_mr098_r10_48_uai_EMCC_100_n200_roFalse_s0: Saving results to ../results/synthetic/s123/random_mc2_n5_mid3_d1000_05_mr098_r10_48_uai_EMCC_100_n200_roFalse_s0.csv
2026-02-02 16:18:58,191|INFO|random_mc2_n6_mid3_d1000_05_mr098_r10_139_uai_EMCC_100_n200_roFalse_s0: [0.0015,0.0130]	 32 runs	 rmse=0.00188	 T_learn=152565 ms. 	 T_infer=1103 ms.
2026-02-02 16:18:58,195|INFO|random_mc2_n6_mid3_d1000_05_mr098_r10_139_uai_EMCC_100_n200_roFalse_s0: Saving results to ../results/synthetic/s123/random_mc2_n6_mid3_d1000_05_mr098_r10_139_uai_EMCC_100_n200_roFalse_s0.csv
2026-02-02 16:18:58,766|INFO|random_mc2_n5_mid3_d1000_05_mr098_r10_149_uai_EMCC_100_n200_roTrue_s0: [0.0014,0.0125]	 35 runs	 rmse=0.00237	 T_learn=135546 ms. 	 T_infer=830 ms.
2026-02-02 16:18:58,771|INFO|random_mc2_n5_mid3_d1000_05_mr098_r10_149_uai_EMCC_100_n200_roTrue_s0: Saving results to ../results/synthetic/s123/random_mc2_n5_mid3_d1000_05_mr098_r10_149_uai_EMCC_100_n200_roTrue_s0.csv
2026-02-02 16:18:59,030|INFO|random_mc2_n5_mid3_d1000_05_mr098_r10_4_uai_EMCC_100_n200_roTrue_s0: [0.0085,0.0214]	 46 runs	 rmse=0.01871	 T_learn=133880 ms. 	 T_infer=1186 ms.
2026-02-02 16:18:59,035|INFO|random_mc2_n5_mid3_d1000_05_mr098_r10_4_uai_EMCC_100_n200_roTrue_s0: Saving results to ../results/synthetic/s123/random_mc2_n5_mid3_d1000_05_mr098_r10_4_uai_EMCC_100_n200_roTrue_s0.csv
2026-02-02 16:18:59,637|INFO|random_mc2_n6_mid3_d1000_05_mr098_r10_81_uai_EMCC_100_n200_roFalse_s0: [0.3365,0.3393]	 27 runs	 rmse=0.00222	 T_learn=114868 ms. 	 T_infer=1417 ms.
2026-02-02 16:18:59,641|INFO|random_mc2_n6_mid3_d1000_05_mr098_r10_81_uai_EMCC_100_n200_roFalse_s0: Saving results to ../results/synthetic/s123/random_mc2_n6_mid3_d1000_05_mr098_r10_81_uai_EMCC_100_n200_roFalse_s0.csv
2026-02-02 16:19:00,622|INFO|random_mc2_n6_mid3_d1000_05_mr098_r10_158_uai_EMCC_100_n200_roFalse_s0: [0.0012,0.0412]	 36 runs	 rmse=0.03168	 T_learn=204918 ms. 	 T_infer=888 ms.
2026-02-02 16:19:00,627|INFO|random_mc2_n6_mid3_d1000_05_mr098_r10_158_uai_EMCC_100_n200_roFalse_s0: Saving results to ../results/synthetic/s123/random_mc2_n6_mid3_d1000_05_mr098_r10_158_uai_EMCC_100_n200_roFalse_s0.csv
2026-02-02 16:19:01,288|INFO|random_mc2_n5_mid3_d1000_05_mr098_r10_41_uai_EMCC_100_n200_roTrue_s0: [0.0160,0.0161]	 26 runs	 rmse=0.00012	 T_learn=158824 ms. 	 T_infer=1126 ms.
2026-02-02 16:19:01,292|INFO|random_mc2_n5_mid3_d1000_05_mr098_r10_41_uai_EMCC_100_n200_roTrue_s0: Saving results to ../results/synthetic/s123/random_mc2_n5_mid3_d1000_05_mr098_r10_41_uai_EMCC_100_n200_roTrue_s0.csv
2026-02-02 16:19:01,569|INFO|random_mc2_n5_mid3_d1000_05_mr098_r10_95_uai_EMCC_100_n200_roTrue_s0: [0.0000,0.0022]	 39 runs	 rmse=0.01682	 T_learn=147765 ms. 	 T_infer=1425 ms.
2026-02-02 16:19:01,573|INFO|random_mc2_n5_mid3_d1000_05_mr098_r10_95_uai_EMCC_100_n200_roTrue_s0: Saving results to ../results/synthetic/s123/random_mc2_n5_mid3_d1000_05_mr098_r10_95_uai_EMCC_100_n200_roTrue_s0.csv
2026-02-02 16:19:02,312|INFO|random_mc2_n5_mid3_d1000_05_mr098_r10_128_uai_EMCC_100_n200_roFalse_s0: [0.0050,0.0537]	 39 runs	 rmse=0.00572	 T_learn=134862 ms. 	 T_infer=734 ms.
2026-02-02 16:19:02,316|INFO|random_mc2_n5_mid3_d1000_05_mr098_r10_128_uai_EMCC_100_n200_roFalse_s0: Saving results to ../results/synthetic/s123/random_mc2_n5_mid3_d1000_05_mr098_r10_128_uai_EMCC_100_n200_roFalse_s0.csv
2026-02-02 16:19:02,325|INFO|random_mc2_n5_mid3_d1000_05_mr098_r10_48_uai_EMCC_100_n200_roFalse_s0: [0.3753,0.4202]	 34 runs	 rmse=0.00476	 T_learn=120069 ms. 	 T_infer=647 ms.
2026-02-02 16:19:02,328|INFO|random_mc2_n5_mid3_d1000_05_mr098_r10_48_uai_EMCC_100_n200_roFalse_s0: Saving results to ../results/synthetic/s123/random_mc2_n5_mid3_d1000_05_mr098_r10_48_uai_EMCC_100_n200_roFalse_s0.csv
2026-02-02 16:19:02,670|INFO|random_mc2_n6_mid3_d1000_05_mr098_r10_23_uai_EMCC_100_n200_roTrue_s0: [0.0040,0.0849]	 15 runs	 rmse=0.12172	 T_learn=148754 ms. 	 T_infer=719 ms.
2026-02-02 16:19:02,674|INFO|random_mc2_n6_mid3_d1000_05_mr098_r10_23_uai_EMCC_100_n200_roTrue_s0: Saving results to ../results/synthetic/s123/random_mc2_n6_mid3_d1000_05_mr098_r10_23_uai_EMCC_100_n200_roTrue_s0.csv
2026-02-02 16:19:02,955|INFO|random_mc2_n6_mid3_d1000_05_mr098_r10_141_uai_EMCC_100_n200_roFalse_s0: [0.2562,0.2709]	 9 runs	 rmse=0.00756	 T_learn=139320 ms. 	 T_infer=3067 ms.
2026-02-02 16:19:02,959|INFO|random_mc2_n6_mid3_d1000_05_mr098_r10_141_uai_EMCC_100_n200_roFalse_s0: Saving results to ../results/synthetic/s123/random_mc2_n6_mid3_d1000_05_mr098_r10_141_uai_EMCC_100_n200_roFalse_s0.csv
2026-02-02 16:19:03,066|INFO|random_mc2_n7_mid3_d1000_05_mr098_r10_163_uai_EMCC_100_n200_roFalse_s0: [0.0601,0.2192]	 18 runs	 rmse=0.08024	 T_learn=162203 ms. 	 T_infer=1518 ms.
2026-02-02 16:19:03,070|INFO|random_mc2_n7_mid3_d1000_05_mr098_r10_163_uai_EMCC_100_n200_roFalse_s0: Saving results to ../results/synthetic/s123/random_mc2_n7_mid3_d1000_05_mr098_r10_163_uai_EMCC_100_n200_roFalse_s0.csv
2026-02-02 16:19:03,220|INFO|random_mc2_n5_mid3_d1000_05_mr098_r10_4_uai_EMCC_100_n200_roTrue_s0: [0.0085,0.0207]	 47 runs	 rmse=0.01937	 T_learn=136855 ms. 	 T_infer=1211 ms.
2026-02-02 16:19:03,225|INFO|random_mc2_n5_mid3_d1000_05_mr098_r10_4_uai_EMCC_100_n200_roTrue_s0: Saving results to ../results/synthetic/s123/random_mc2_n5_mid3_d1000_05_mr098_r10_4_uai_EMCC_100_n200_roTrue_s0.csv
2026-02-02 16:19:03,407|INFO|random_mc2_n6_mid3_d1000_05_mr098_r10_40_uai_EMCC_100_n200_roFalse_s0: [0.0124,0.0886]	 35 runs	 rmse=0.01248	 T_learn=157937 ms. 	 T_infer=992 ms.
2026-02-02 16:19:03,412|INFO|random_mc2_n6_mid3_d1000_05_mr098_r10_40_uai_EMCC_100_n200_roFalse_s0: Saving results to ../results/synthetic/s123/random_mc2_n6_mid3_d1000_05_mr098_r10_40_uai_EMCC_100_n200_roFalse_s0.csv
2026-02-02 16:19:03,412|INFO|random_mc2_n5_mid3_d1000_05_mr098_r10_149_uai_EMCC_100_n200_roTrue_s0: [0.0014,0.0125]	 36 runs	 rmse=0.00237	 T_learn=139341 ms. 	 T_infer=846 ms.
2026-02-02 16:19:03,416|INFO|random_mc2_n5_mid3_d1000_05_mr098_r10_149_uai_EMCC_100_n200_roTrue_s0: Saving results to ../results/synthetic/s123/random_mc2_n5_mid3_d1000_05_mr098_r10_149_uai_EMCC_100_n200_roTrue_s0.csv
2026-02-02 16:19:04,152|INFO|random_mc2_n6_mid3_d1000_05_mr098_r10_139_uai_EMCC_100_n200_roFalse_s0: [0.0015,0.0130]	 33 runs	 rmse=0.00188	 T_learn=157385 ms. 	 T_infer=1137 ms.
2026-02-02 16:19:04,155|INFO|random_mc2_n6_mid3_d1000_05_mr098_r10_139_uai_EMCC_100_n200_roFalse_s0: Saving results to ../results/synthetic/s123/random_mc2_n6_mid3_d1000_05_mr098_r10_139_uai_EMCC_100_n200_roFalse_s0.csv
2026-02-02 16:19:04,782|INFO|random_mc2_n6_mid3_d1000_05_mr098_r10_169_uai_EMCC_100_n200_roFalse_s0: [0.0077,0.0243]	 30 runs	 rmse=0.01747	 T_learn=183228 ms. 	 T_infer=882 ms.
2026-02-02 16:19:04,787|INFO|random_mc2_n6_mid3_d1000_05_mr098_r10_169_uai_EMCC_100_n200_roFalse_s0: Saving results to ../results/synthetic/s123/random_mc2_n6_mid3_d1000_05_mr098_r10_169_uai_EMCC_100_n200_roFalse_s0.csv
2026-02-02 16:19:05,410|INFO|random_mc2_n6_mid3_d1000_05_mr098_r10_81_uai_EMCC_100_n200_roFalse_s0: [0.3365,0.3393]	 28 runs	 rmse=0.00222	 T_learn=119169 ms. 	 T_infer=1468 ms.
2026-02-02 16:19:05,414|INFO|random_mc2_n6_mid3_d1000_05_mr098_r10_81_uai_EMCC_100_n200_roFalse_s0: Saving results to ../results/synthetic/s123/random_mc2_n6_mid3_d1000_05_mr098_r10_81_uai_EMCC_100_n200_roFalse_s0.csv
2026-02-02 16:19:05,969|INFO|random_mc2_n9_mid3_d1000_05_mr098_r10_119_uai_EMCC_100_n200_roTrue_s0: [0.0817,0.0923]	 10 runs	 rmse=0.00795	 T_learn=117541 ms. 	 T_infer=733 ms.
2026-02-02 16:19:05,973|INFO|random_mc2_n9_mid3_d1000_05_mr098_r10_119_uai_EMCC_100_n200_roTrue_s0: Saving results to ../results/synthetic/s123/random_mc2_n9_mid3_d1000_05_mr098_r10_119_uai_EMCC_100_n200_roTrue_s0.csv
2026-02-02 16:19:06,311|INFO|random_mc2_n7_mid3_d1000_05_mr098_r10_15_uai_EMCC_100_n200_roTrue_s0: [0.3968,0.4376]	 19 runs	 rmse=0.11544	 T_learn=195795 ms. 	 T_infer=1233 ms.
2026-02-02 16:19:06,315|INFO|random_mc2_n7_mid3_d1000_05_mr098_r10_15_uai_EMCC_100_n200_roTrue_s0: Saving results to ../results/synthetic/s123/random_mc2_n7_mid3_d1000_05_mr098_r10_15_uai_EMCC_100_n200_roTrue_s0.csv
2026-02-02 16:19:06,544|INFO|random_mc2_n5_mid3_d1000_05_mr098_r10_128_uai_EMCC_100_n200_roFalse_s0: [0.0050,0.0537]	 40 runs	 rmse=0.00572	 T_learn=138337 ms. 	 T_infer=752 ms.
2026-02-02 16:19:06,548|INFO|random_mc2_n5_mid3_d1000_05_mr098_r10_128_uai_EMCC_100_n200_roFalse_s0: Saving results to ../results/synthetic/s123/random_mc2_n5_mid3_d1000_05_mr098_r10_128_uai_EMCC_100_n200_roFalse_s0.csv
2026-02-02 16:19:06,631|INFO|random_mc2_n5_mid3_d1000_05_mr098_r10_48_uai_EMCC_100_n200_roFalse_s0: [0.3753,0.4202]	 35 runs	 rmse=0.00476	 T_learn=123588 ms. 	 T_infer=784 ms.
2026-02-02 16:19:06,636|INFO|random_mc2_n5_mid3_d1000_05_mr098_r10_48_uai_EMCC_100_n200_roFalse_s0: Saving results to ../results/synthetic/s123/random_mc2_n5_mid3_d1000_05_mr098_r10_48_uai_EMCC_100_n200_roFalse_s0.csv
2026-02-02 16:19:06,785|INFO|random_mc2_n5_mid3_d1000_05_mr098_r10_95_uai_EMCC_100_n200_roTrue_s0: [0.0000,0.0022]	 40 runs	 rmse=0.01682	 T_learn=151637 ms. 	 T_infer=1339 ms.
2026-02-02 16:19:06,790|INFO|random_mc2_n5_mid3_d1000_05_mr098_r10_95_uai_EMCC_100_n200_roTrue_s0: Saving results to ../results/synthetic/s123/random_mc2_n5_mid3_d1000_05_mr098_r10_95_uai_EMCC_100_n200_roTrue_s0.csv
2026-02-02 16:19:06,946|INFO|random_mc2_n6_mid3_d1000_05_mr098_r10_158_uai_EMCC_100_n200_roFalse_s0: [0.0012,0.0412]	 37 runs	 rmse=0.03168	 T_learn=210322 ms. 	 T_infer=915 ms.
2026-02-02 16:19:06,951|INFO|random_mc2_n6_mid3_d1000_05_mr098_r10_158_uai_EMCC_100_n200_roFalse_s0: Saving results to ../results/synthetic/s123/random_mc2_n6_mid3_d1000_05_mr098_r10_158_uai_EMCC_100_n200_roFalse_s0.csv
2026-02-02 16:19:07,171|INFO|random_mc2_n6_mid3_d1000_05_mr098_r10_178_uai_EMCC_100_n200_roFalse_s0: [0.2188,0.3042]	 17 runs	 rmse=0.11707	 T_learn=168861 ms. 	 T_infer=1251 ms.
2026-02-02 16:19:07,175|INFO|random_mc2_n6_mid3_d1000_05_mr098_r10_178_uai_EMCC_100_n200_roFalse_s0: Saving results to ../results/synthetic/s123/random_mc2_n6_mid3_d1000_05_mr098_r10_178_uai_EMCC_100_n200_roFalse_s0.csv
2026-02-02 16:19:07,435|INFO|random_mc2_n5_mid3_d1000_05_mr098_r10_4_uai_EMCC_100_n200_roTrue_s0: [0.0085,0.0207]	 48 runs	 rmse=0.01937	 T_learn=139822 ms. 	 T_infer=1242 ms.
2026-02-02 16:19:07,439|INFO|random_mc2_n5_mid3_d1000_05_mr098_r10_4_uai_EMCC_100_n200_roTrue_s0: Saving results to ../results/synthetic/s123/random_mc2_n5_mid3_d1000_05_mr098_r10_4_uai_EMCC_100_n200_roTrue_s0.csv
2026-02-02 16:19:08,261|INFO|random_mc2_n5_mid3_d1000_05_mr098_r10_149_uai_EMCC_100_n200_roTrue_s0: [0.0014,0.0125]	 37 runs	 rmse=0.00237	 T_learn=143318 ms. 	 T_infer=868 ms.
2026-02-02 16:19:08,266|INFO|random_mc2_n5_mid3_d1000_05_mr098_r10_149_uai_EMCC_100_n200_roTrue_s0: Saving results to ../results/synthetic/s123/random_mc2_n5_mid3_d1000_05_mr098_r10_149_uai_EMCC_100_n200_roTrue_s0.csv
2026-02-02 16:19:08,625|INFO|random_mc2_n5_mid3_d1000_05_mr098_r10_41_uai_EMCC_100_n200_roTrue_s0: [0.0160,0.0161]	 27 runs	 rmse=0.00012	 T_learn=164985 ms. 	 T_infer=1172 ms.
2026-02-02 16:19:08,629|INFO|random_mc2_n5_mid3_d1000_05_mr098_r10_41_uai_EMCC_100_n200_roTrue_s0: Saving results to ../results/synthetic/s123/random_mc2_n5_mid3_d1000_05_mr098_r10_41_uai_EMCC_100_n200_roTrue_s0.csv
2026-02-02 16:19:08,991|INFO|random_mc2_n6_mid3_d1000_05_mr098_r10_40_uai_EMCC_100_n200_roFalse_s0: [0.0124,0.0886]	 36 runs	 rmse=0.01248	 T_learn=162491 ms. 	 T_infer=1025 ms.
2026-02-02 16:19:08,995|INFO|random_mc2_n6_mid3_d1000_05_mr098_r10_40_uai_EMCC_100_n200_roFalse_s0: Saving results to ../results/synthetic/s123/random_mc2_n6_mid3_d1000_05_mr098_r10_40_uai_EMCC_100_n200_roFalse_s0.csv
2026-02-02 16:19:10,191|INFO|random_mc2_n6_mid3_d1000_05_mr098_r10_139_uai_EMCC_100_n200_roFalse_s0: [0.0015,0.0130]	 34 runs	 rmse=0.00188	 T_learn=162249 ms. 	 T_infer=1171 ms.
2026-02-02 16:19:10,195|INFO|random_mc2_n6_mid3_d1000_05_mr098_r10_139_uai_EMCC_100_n200_roFalse_s0: Saving results to ../results/synthetic/s123/random_mc2_n6_mid3_d1000_05_mr098_r10_139_uai_EMCC_100_n200_roFalse_s0.csv
2026-02-02 16:19:10,837|INFO|random_mc2_n5_mid3_d1000_05_mr098_r10_48_uai_EMCC_100_n200_roFalse_s0: [0.3753,0.4202]	 36 runs	 rmse=0.00476	 T_learn=127108 ms. 	 T_infer=681 ms.
2026-02-02 16:19:10,842|INFO|random_mc2_n5_mid3_d1000_05_mr098_r10_48_uai_EMCC_100_n200_roFalse_s0: Saving results to ../results/synthetic/s123/random_mc2_n5_mid3_d1000_05_mr098_r10_48_uai_EMCC_100_n200_roFalse_s0.csv
2026-02-02 16:19:10,876|INFO|random_mc2_n5_mid3_d1000_05_mr098_r10_128_uai_EMCC_100_n200_roFalse_s0: [0.0050,0.0537]	 41 runs	 rmse=0.00572	 T_learn=141896 ms. 	 T_infer=769 ms.
2026-02-02 16:19:10,880|INFO|random_mc2_n5_mid3_d1000_05_mr098_r10_128_uai_EMCC_100_n200_roFalse_s0: Saving results to ../results/synthetic/s123/random_mc2_n5_mid3_d1000_05_mr098_r10_128_uai_EMCC_100_n200_roFalse_s0.csv
2026-02-02 16:19:11,386|INFO|random_mc2_n6_mid3_d1000_05_mr098_r10_81_uai_EMCC_100_n200_roFalse_s0: [0.3365,0.3393]	 29 runs	 rmse=0.00222	 T_learn=123623 ms. 	 T_infer=1518 ms.
2026-02-02 16:19:11,392|INFO|random_mc2_n6_mid3_d1000_05_mr098_r10_81_uai_EMCC_100_n200_roFalse_s0: Saving results to ../results/synthetic/s123/random_mc2_n6_mid3_d1000_05_mr098_r10_81_uai_EMCC_100_n200_roFalse_s0.csv
2026-02-02 16:19:11,667|INFO|random_mc2_n5_mid3_d1000_05_mr098_r10_4_uai_EMCC_100_n200_roTrue_s0: [0.0085,0.0169]	 49 runs	 rmse=0.02325	 T_learn=142787 ms. 	 T_infer=1263 ms.
2026-02-02 16:19:11,672|INFO|random_mc2_n5_mid3_d1000_05_mr098_r10_4_uai_EMCC_100_n200_roTrue_s0: Saving results to ../results/synthetic/s123/random_mc2_n5_mid3_d1000_05_mr098_r10_4_uai_EMCC_100_n200_roTrue_s0.csv
2026-02-02 16:19:11,952|INFO|random_mc2_n6_mid3_d1000_05_mr098_r10_169_uai_EMCC_100_n200_roFalse_s0: [0.0052,0.0243]	 31 runs	 rmse=0.01652	 T_learn=189491 ms. 	 T_infer=903 ms.
2026-02-02 16:19:11,956|INFO|random_mc2_n6_mid3_d1000_05_mr098_r10_169_uai_EMCC_100_n200_roFalse_s0: Saving results to ../results/synthetic/s123/random_mc2_n6_mid3_d1000_05_mr098_r10_169_uai_EMCC_100_n200_roFalse_s0.csv
2026-02-02 16:19:12,053|INFO|random_mc2_n5_mid3_d1000_05_mr098_r10_95_uai_EMCC_100_n200_roTrue_s0: [0.0000,0.0025]	 41 runs	 rmse=0.01654	 T_learn=155523 ms. 	 T_infer=1376 ms.
2026-02-02 16:19:12,057|INFO|random_mc2_n5_mid3_d1000_05_mr098_r10_95_uai_EMCC_100_n200_roTrue_s0: Saving results to ../results/synthetic/s123/random_mc2_n5_mid3_d1000_05_mr098_r10_95_uai_EMCC_100_n200_roTrue_s0.csv
2026-02-02 16:19:13,051|INFO|random_mc2_n5_mid3_d1000_05_mr098_r10_149_uai_EMCC_100_n200_roTrue_s0: [0.0014,0.0135]	 38 runs	 rmse=0.00167	 T_learn=147208 ms. 	 T_infer=895 ms.
2026-02-02 16:19:13,056|INFO|random_mc2_n5_mid3_d1000_05_mr098_r10_149_uai_EMCC_100_n200_roTrue_s0: Saving results to ../results/synthetic/s123/random_mc2_n5_mid3_d1000_05_mr098_r10_149_uai_EMCC_100_n200_roTrue_s0.csv
2026-02-02 16:19:13,251|INFO|random_mc2_n6_mid3_d1000_05_mr098_r10_23_uai_EMCC_100_n200_roTrue_s0: [0.0040,0.0849]	 16 runs	 rmse=0.12172	 T_learn=158561 ms. 	 T_infer=770 ms.
2026-02-02 16:19:13,255|INFO|random_mc2_n6_mid3_d1000_05_mr098_r10_23_uai_EMCC_100_n200_roTrue_s0: Saving results to ../results/synthetic/s123/random_mc2_n6_mid3_d1000_05_mr098_r10_23_uai_EMCC_100_n200_roTrue_s0.csv
2026-02-02 16:19:13,740|INFO|random_mc2_n6_mid3_d1000_05_mr098_r10_158_uai_EMCC_100_n200_roFalse_s0: [0.0012,0.0412]	 38 runs	 rmse=0.03168	 T_learn=216171 ms. 	 T_infer=939 ms.
2026-02-02 16:19:13,745|INFO|random_mc2_n6_mid3_d1000_05_mr098_r10_158_uai_EMCC_100_n200_roFalse_s0: Saving results to ../results/synthetic/s123/random_mc2_n6_mid3_d1000_05_mr098_r10_158_uai_EMCC_100_n200_roFalse_s0.csv
2026-02-02 16:19:14,026|INFO|random_mc2_n7_mid3_d1000_05_mr098_r10_163_uai_EMCC_100_n200_roFalse_s0: [0.0601,0.2192]	 19 runs	 rmse=0.08024	 T_learn=171554 ms. 	 T_infer=1604 ms.
2026-02-02 16:19:14,030|INFO|random_mc2_n7_mid3_d1000_05_mr098_r10_163_uai_EMCC_100_n200_roFalse_s0: Saving results to ../results/synthetic/s123/random_mc2_n7_mid3_d1000_05_mr098_r10_163_uai_EMCC_100_n200_roFalse_s0.csv
2026-02-02 16:19:14,640|INFO|random_mc2_n6_mid3_d1000_05_mr098_r10_40_uai_EMCC_100_n200_roFalse_s0: [0.0124,0.0886]	 37 runs	 rmse=0.01248	 T_learn=167080 ms. 	 T_infer=1056 ms.
2026-02-02 16:19:14,645|INFO|random_mc2_n6_mid3_d1000_05_mr098_r10_40_uai_EMCC_100_n200_roFalse_s0: Saving results to ../results/synthetic/s123/random_mc2_n6_mid3_d1000_05_mr098_r10_40_uai_EMCC_100_n200_roFalse_s0.csv
2026-02-02 16:19:15,157|INFO|random_mc2_n5_mid3_d1000_05_mr098_r10_48_uai_EMCC_100_n200_roFalse_s0: [0.3753,0.4202]	 37 runs	 rmse=0.00476	 T_learn=130722 ms. 	 T_infer=701 ms.
2026-02-02 16:19:15,157|INFO|random_mc2_n5_mid3_d1000_05_mr098_r10_128_uai_EMCC_100_n200_roFalse_s0: [0.0050,0.0537]	 42 runs	 rmse=0.00572	 T_learn=145385 ms. 	 T_infer=788 ms.
2026-02-02 16:19:15,163|INFO|random_mc2_n5_mid3_d1000_05_mr098_r10_48_uai_EMCC_100_n200_roFalse_s0: Saving results to ../results/synthetic/s123/random_mc2_n5_mid3_d1000_05_mr098_r10_48_uai_EMCC_100_n200_roFalse_s0.csv
2026-02-02 16:19:15,164|INFO|random_mc2_n5_mid3_d1000_05_mr098_r10_128_uai_EMCC_100_n200_roFalse_s0: Saving results to ../results/synthetic/s123/random_mc2_n5_mid3_d1000_05_mr098_r10_128_uai_EMCC_100_n200_roFalse_s0.csv
2026-02-02 16:19:16,044|INFO|random_mc2_n5_mid3_d1000_05_mr098_r10_4_uai_EMCC_100_n200_roTrue_s0: [0.0085,0.0169]	 50 runs	 rmse=0.02325	 T_learn=145865 ms. 	 T_infer=1293 ms.
2026-02-02 16:19:16,048|INFO|random_mc2_n5_mid3_d1000_05_mr098_r10_4_uai_EMCC_100_n200_roTrue_s0: Saving results to ../results/synthetic/s123/random_mc2_n5_mid3_d1000_05_mr098_r10_4_uai_EMCC_100_n200_roTrue_s0.csv
2026-02-02 16:19:16,275|INFO|random_mc2_n5_mid3_d1000_05_mr098_r10_41_uai_EMCC_100_n200_roTrue_s0: [0.0160,0.0161]	 28 runs	 rmse=0.00012	 T_learn=171371 ms. 	 T_infer=1259 ms.
2026-02-02 16:19:16,279|INFO|random_mc2_n5_mid3_d1000_05_mr098_r10_41_uai_EMCC_100_n200_roTrue_s0: Saving results to ../results/synthetic/s123/random_mc2_n5_mid3_d1000_05_mr098_r10_41_uai_EMCC_100_n200_roTrue_s0.csv
2026-02-02 16:19:16,428|INFO|random_mc2_n6_mid3_d1000_05_mr098_r10_139_uai_EMCC_100_n200_roFalse_s0: [0.0015,0.0130]	 35 runs	 rmse=0.00188	 T_learn=167153 ms. 	 T_infer=1329 ms.
2026-02-02 16:19:16,432|INFO|random_mc2_n6_mid3_d1000_05_mr098_r10_139_uai_EMCC_100_n200_roFalse_s0: Saving results to ../results/synthetic/s123/random_mc2_n6_mid3_d1000_05_mr098_r10_139_uai_EMCC_100_n200_roFalse_s0.csv
2026-02-02 16:19:17,333|INFO|random_mc2_n6_mid3_d1000_05_mr098_r10_81_uai_EMCC_100_n200_roFalse_s0: [0.3365,0.3393]	 30 runs	 rmse=0.00222	 T_learn=127992 ms. 	 T_infer=1572 ms.
2026-02-02 16:19:17,337|INFO|random_mc2_n6_mid3_d1000_05_mr098_r10_81_uai_EMCC_100_n200_roFalse_s0: Saving results to ../results/synthetic/s123/random_mc2_n6_mid3_d1000_05_mr098_r10_81_uai_EMCC_100_n200_roFalse_s0.csv
2026-02-02 16:19:17,360|INFO|random_mc2_n5_mid3_d1000_05_mr098_r10_95_uai_EMCC_100_n200_roTrue_s0: [0.0000,0.0025]	 42 runs	 rmse=0.01654	 T_learn=159416 ms. 	 T_infer=1410 ms.
2026-02-02 16:19:17,365|INFO|random_mc2_n5_mid3_d1000_05_mr098_r10_95_uai_EMCC_100_n200_roTrue_s0: Saving results to ../results/synthetic/s123/random_mc2_n5_mid3_d1000_05_mr098_r10_95_uai_EMCC_100_n200_roTrue_s0.csv
2026-02-02 16:19:17,484|INFO|random_mc2_n7_mid3_d1000_05_mr098_r10_15_uai_EMCC_100_n200_roTrue_s0: [0.3883,0.4376]	 20 runs	 rmse=0.11009	 T_learn=205665 ms. 	 T_infer=1299 ms.
2026-02-02 16:19:17,489|INFO|random_mc2_n7_mid3_d1000_05_mr098_r10_15_uai_EMCC_100_n200_roTrue_s0: Saving results to ../results/synthetic/s123/random_mc2_n7_mid3_d1000_05_mr098_r10_15_uai_EMCC_100_n200_roTrue_s0.csv
2026-02-02 16:19:17,738|INFO|random_mc2_n5_mid3_d1000_05_mr098_r10_149_uai_EMCC_100_n200_roTrue_s0: [0.0014,0.0135]	 39 runs	 rmse=0.00167	 T_learn=150972 ms. 	 T_infer=918 ms.
2026-02-02 16:19:17,742|INFO|random_mc2_n5_mid3_d1000_05_mr098_r10_149_uai_EMCC_100_n200_roTrue_s0: Saving results to ../results/synthetic/s123/random_mc2_n5_mid3_d1000_05_mr098_r10_149_uai_EMCC_100_n200_roTrue_s0.csv
2026-02-02 16:19:18,523|INFO|random_mc2_n9_mid3_d1000_05_mr098_r10_119_uai_EMCC_100_n200_roTrue_s0: [0.0817,0.0923]	 11 runs	 rmse=0.00795	 T_learn=129285 ms. 	 T_infer=805 ms.
2026-02-02 16:19:18,527|INFO|random_mc2_n9_mid3_d1000_05_mr098_r10_119_uai_EMCC_100_n200_roTrue_s0: Saving results to ../results/synthetic/s123/random_mc2_n9_mid3_d1000_05_mr098_r10_119_uai_EMCC_100_n200_roTrue_s0.csv
2026-02-02 16:19:18,776|INFO|random_mc2_n6_mid3_d1000_05_mr098_r10_178_uai_EMCC_100_n200_roFalse_s0: [0.2188,0.3042]	 18 runs	 rmse=0.11707	 T_learn=179026 ms. 	 T_infer=1436 ms.
2026-02-02 16:19:18,780|INFO|random_mc2_n6_mid3_d1000_05_mr098_r10_178_uai_EMCC_100_n200_roFalse_s0: Saving results to ../results/synthetic/s123/random_mc2_n6_mid3_d1000_05_mr098_r10_178_uai_EMCC_100_n200_roFalse_s0.csv
2026-02-02 16:19:19,011|INFO|random_mc2_n6_mid3_d1000_05_mr098_r10_169_uai_EMCC_100_n200_roFalse_s0: [0.0052,0.0263]	 32 runs	 rmse=0.01465	 T_learn=195613 ms. 	 T_infer=933 ms.
2026-02-02 16:19:19,015|INFO|random_mc2_n6_mid3_d1000_05_mr098_r10_169_uai_EMCC_100_n200_roFalse_s0: Saving results to ../results/synthetic/s123/random_mc2_n6_mid3_d1000_05_mr098_r10_169_uai_EMCC_100_n200_roFalse_s0.csv
2026-02-02 16:19:19,447|INFO|random_mc2_n5_mid3_d1000_05_mr098_r10_128_uai_EMCC_100_n200_roFalse_s0: [0.0050,0.0537]	 43 runs	 rmse=0.00572	 T_learn=148858 ms. 	 T_infer=810 ms.
2026-02-02 16:19:19,451|INFO|random_mc2_n5_mid3_d1000_05_mr098_r10_128_uai_EMCC_100_n200_roFalse_s0: Saving results to ../results/synthetic/s123/random_mc2_n5_mid3_d1000_05_mr098_r10_128_uai_EMCC_100_n200_roFalse_s0.csv
2026-02-02 16:19:19,590|INFO|random_mc2_n5_mid3_d1000_05_mr098_r10_48_uai_EMCC_100_n200_roFalse_s0: [0.3753,0.4202]	 38 runs	 rmse=0.00476	 T_learn=134423 ms. 	 T_infer=725 ms.
2026-02-02 16:19:19,594|INFO|random_mc2_n5_mid3_d1000_05_mr098_r10_48_uai_EMCC_100_n200_roFalse_s0: Saving results to ../results/synthetic/s123/random_mc2_n5_mid3_d1000_05_mr098_r10_48_uai_EMCC_100_n200_roFalse_s0.csv
2026-02-02 16:19:20,302|INFO|random_mc2_n6_mid3_d1000_05_mr098_r10_40_uai_EMCC_100_n200_roFalse_s0: [0.0124,0.0886]	 38 runs	 rmse=0.01248	 T_learn=171649 ms. 	 T_infer=1088 ms.
2026-02-02 16:19:20,307|INFO|random_mc2_n6_mid3_d1000_05_mr098_r10_40_uai_EMCC_100_n200_roFalse_s0: Saving results to ../results/synthetic/s123/random_mc2_n6_mid3_d1000_05_mr098_r10_40_uai_EMCC_100_n200_roFalse_s0.csv
2026-02-02 16:19:20,334|INFO|random_mc2_n5_mid3_d1000_05_mr098_r10_4_uai_EMCC_100_n200_roTrue_s0: [0.0085,0.0169]	 51 runs	 rmse=0.02325	 T_learn=148840 ms. 	 T_infer=1311 ms.
2026-02-02 16:19:20,339|INFO|random_mc2_n5_mid3_d1000_05_mr098_r10_4_uai_EMCC_100_n200_roTrue_s0: Saving results to ../results/synthetic/s123/random_mc2_n5_mid3_d1000_05_mr098_r10_4_uai_EMCC_100_n200_roTrue_s0.csv
2026-02-02 16:19:20,687|INFO|random_mc2_n6_mid3_d1000_05_mr098_r10_158_uai_EMCC_100_n200_roFalse_s0: [0.0012,0.0412]	 39 runs	 rmse=0.03168	 T_learn=222150 ms. 	 T_infer=963 ms.
2026-02-02 16:19:20,694|INFO|random_mc2_n6_mid3_d1000_05_mr098_r10_158_uai_EMCC_100_n200_roFalse_s0: Saving results to ../results/synthetic/s123/random_mc2_n6_mid3_d1000_05_mr098_r10_158_uai_EMCC_100_n200_roFalse_s0.csv
2026-02-02 16:19:22,286|INFO|random_mc2_n6_mid3_d1000_05_mr098_r10_141_uai_EMCC_100_n200_roFalse_s0: [0.2562,0.2709]	 10 runs	 rmse=0.00756	 T_learn=155114 ms. 	 T_infer=3533 ms.
2026-02-02 16:19:22,290|INFO|random_mc2_n6_mid3_d1000_05_mr098_r10_141_uai_EMCC_100_n200_roFalse_s0: Saving results to ../results/synthetic/s123/random_mc2_n6_mid3_d1000_05_mr098_r10_141_uai_EMCC_100_n200_roFalse_s0.csv
2026-02-02 16:19:22,506|INFO|random_mc2_n6_mid3_d1000_05_mr098_r10_139_uai_EMCC_100_n200_roFalse_s0: [0.0015,0.0130]	 36 runs	 rmse=0.00188	 T_learn=171995 ms. 	 T_infer=1233 ms.
2026-02-02 16:19:22,511|INFO|random_mc2_n6_mid3_d1000_05_mr098_r10_139_uai_EMCC_100_n200_roFalse_s0: Saving results to ../results/synthetic/s123/random_mc2_n6_mid3_d1000_05_mr098_r10_139_uai_EMCC_100_n200_roFalse_s0.csv
2026-02-02 16:19:22,532|INFO|random_mc2_n5_mid3_d1000_05_mr098_r10_149_uai_EMCC_100_n200_roTrue_s0: [0.0014,0.0135]	 40 runs	 rmse=0.00167	 T_learn=154819 ms. 	 T_infer=942 ms.
2026-02-02 16:19:22,536|INFO|random_mc2_n5_mid3_d1000_05_mr098_r10_149_uai_EMCC_100_n200_roTrue_s0: Saving results to ../results/synthetic/s123/random_mc2_n5_mid3_d1000_05_mr098_r10_149_uai_EMCC_100_n200_roTrue_s0.csv
2026-02-02 16:19:22,697|INFO|random_mc2_n5_mid3_d1000_05_mr098_r10_95_uai_EMCC_100_n200_roTrue_s0: [0.0000,0.0025]	 43 runs	 rmse=0.01654	 T_learn=163303 ms. 	 T_infer=1445 ms.
2026-02-02 16:19:22,702|INFO|random_mc2_n5_mid3_d1000_05_mr098_r10_95_uai_EMCC_100_n200_roTrue_s0: Saving results to ../results/synthetic/s123/random_mc2_n5_mid3_d1000_05_mr098_r10_95_uai_EMCC_100_n200_roTrue_s0.csv
2026-02-02 16:19:23,292|INFO|random_mc2_n6_mid3_d1000_05_mr098_r10_81_uai_EMCC_100_n200_roFalse_s0: [0.3365,0.3393]	 31 runs	 rmse=0.00222	 T_learn=132323 ms. 	 T_infer=1623 ms.
2026-02-02 16:19:23,296|INFO|random_mc2_n6_mid3_d1000_05_mr098_r10_81_uai_EMCC_100_n200_roFalse_s0: Saving results to ../results/synthetic/s123/random_mc2_n6_mid3_d1000_05_mr098_r10_81_uai_EMCC_100_n200_roFalse_s0.csv
2026-02-02 16:19:23,753|INFO|random_mc2_n5_mid3_d1000_05_mr098_r10_128_uai_EMCC_100_n200_roFalse_s0: [0.0050,0.0537]	 44 runs	 rmse=0.00572	 T_learn=152335 ms. 	 T_infer=825 ms.
2026-02-02 16:19:23,757|INFO|random_mc2_n5_mid3_d1000_05_mr098_r10_128_uai_EMCC_100_n200_roFalse_s0: Saving results to ../results/synthetic/s123/random_mc2_n5_mid3_d1000_05_mr098_r10_128_uai_EMCC_100_n200_roFalse_s0.csv
2026-02-02 16:19:23,922|INFO|random_mc2_n5_mid3_d1000_05_mr098_r10_41_uai_EMCC_100_n200_roTrue_s0: [0.0160,0.0161]	 29 runs	 rmse=0.00012	 T_learn=177756 ms. 	 T_infer=1257 ms.
2026-02-02 16:19:23,927|INFO|random_mc2_n5_mid3_d1000_05_mr098_r10_41_uai_EMCC_100_n200_roTrue_s0: Saving results to ../results/synthetic/s123/random_mc2_n5_mid3_d1000_05_mr098_r10_41_uai_EMCC_100_n200_roTrue_s0.csv
2026-02-02 16:19:23,940|INFO|random_mc2_n5_mid3_d1000_05_mr098_r10_48_uai_EMCC_100_n200_roFalse_s0: [0.3753,0.4202]	 39 runs	 rmse=0.00476	 T_learn=138028 ms. 	 T_infer=740 ms.
2026-02-02 16:19:23,944|INFO|random_mc2_n5_mid3_d1000_05_mr098_r10_48_uai_EMCC_100_n200_roFalse_s0: Saving results to ../results/synthetic/s123/random_mc2_n5_mid3_d1000_05_mr098_r10_48_uai_EMCC_100_n200_roFalse_s0.csv
2026-02-02 16:19:24,115|INFO|random_mc2_n6_mid3_d1000_05_mr098_r10_23_uai_EMCC_100_n200_roTrue_s0: [0.0040,0.1153]	 17 runs	 rmse=0.09137	 T_learn=168602 ms. 	 T_infer=818 ms.
2026-02-02 16:19:24,120|INFO|random_mc2_n6_mid3_d1000_05_mr098_r10_23_uai_EMCC_100_n200_roTrue_s0: Saving results to ../results/synthetic/s123/random_mc2_n6_mid3_d1000_05_mr098_r10_23_uai_EMCC_100_n200_roTrue_s0.csv
2026-02-02 16:19:24,652|INFO|random_mc2_n5_mid3_d1000_05_mr098_r10_4_uai_EMCC_100_n200_roTrue_s0: [0.0085,0.0207]	 52 runs	 rmse=0.01937	 T_learn=151817 ms. 	 T_infer=1337 ms.
2026-02-02 16:19:24,656|INFO|random_mc2_n5_mid3_d1000_05_mr098_r10_4_uai_EMCC_100_n200_roTrue_s0: Saving results to ../results/synthetic/s123/random_mc2_n5_mid3_d1000_05_mr098_r10_4_uai_EMCC_100_n200_roTrue_s0.csv
2026-02-02 16:19:25,219|INFO|random_mc2_n7_mid3_d1000_05_mr098_r10_163_uai_EMCC_100_n200_roFalse_s0: [0.0601,0.2192]	 20 runs	 rmse=0.08024	 T_learn=181058 ms. 	 T_infer=1685 ms.
2026-02-02 16:19:25,223|INFO|random_mc2_n7_mid3_d1000_05_mr098_r10_163_uai_EMCC_100_n200_roFalse_s0: Saving results to ../results/synthetic/s123/random_mc2_n7_mid3_d1000_05_mr098_r10_163_uai_EMCC_100_n200_roFalse_s0.csv
2026-02-02 16:19:26,002|INFO|random_mc2_n6_mid3_d1000_05_mr098_r10_40_uai_EMCC_100_n200_roFalse_s0: [0.0124,0.0886]	 39 runs	 rmse=0.01248	 T_learn=176232 ms. 	 T_infer=1112 ms.
2026-02-02 16:19:26,006|INFO|random_mc2_n6_mid3_d1000_05_mr098_r10_40_uai_EMCC_100_n200_roFalse_s0: Saving results to ../results/synthetic/s123/random_mc2_n6_mid3_d1000_05_mr098_r10_40_uai_EMCC_100_n200_roFalse_s0.csv
2026-02-02 16:19:26,125|INFO|random_mc2_n6_mid3_d1000_05_mr098_r10_169_uai_EMCC_100_n200_roFalse_s0: [0.0052,0.0263]	 33 runs	 rmse=0.01465	 T_learn=201761 ms. 	 T_infer=963 ms.
2026-02-02 16:19:26,129|INFO|random_mc2_n6_mid3_d1000_05_mr098_r10_169_uai_EMCC_100_n200_roFalse_s0: Saving results to ../results/synthetic/s123/random_mc2_n6_mid3_d1000_05_mr098_r10_169_uai_EMCC_100_n200_roFalse_s0.csv
2026-02-02 16:19:27,417|INFO|random_mc2_n5_mid3_d1000_05_mr098_r10_149_uai_EMCC_100_n200_roTrue_s0: [0.0014,0.0135]	 41 runs	 rmse=0.00167	 T_learn=158612 ms. 	 T_infer=1089 ms.
2026-02-02 16:19:27,422|INFO|random_mc2_n5_mid3_d1000_05_mr098_r10_149_uai_EMCC_100_n200_roTrue_s0: Saving results to ../results/synthetic/s123/random_mc2_n5_mid3_d1000_05_mr098_r10_149_uai_EMCC_100_n200_roTrue_s0.csv
2026-02-02 16:19:27,647|INFO|random_mc2_n6_mid3_d1000_05_mr098_r10_158_uai_EMCC_100_n200_roFalse_s0: [0.0012,0.0412]	 40 runs	 rmse=0.03168	 T_learn=228116 ms. 	 T_infer=988 ms.
2026-02-02 16:19:27,651|INFO|random_mc2_n6_mid3_d1000_05_mr098_r10_158_uai_EMCC_100_n200_roFalse_s0: Saving results to ../results/synthetic/s123/random_mc2_n6_mid3_d1000_05_mr098_r10_158_uai_EMCC_100_n200_roFalse_s0.csv
2026-02-02 16:19:28,072|INFO|random_mc2_n5_mid3_d1000_05_mr098_r10_95_uai_EMCC_100_n200_roTrue_s0: [0.0000,0.0025]	 44 runs	 rmse=0.01654	 T_learn=167198 ms. 	 T_infer=1476 ms.
2026-02-02 16:19:28,077|INFO|random_mc2_n5_mid3_d1000_05_mr098_r10_95_uai_EMCC_100_n200_roTrue_s0: Saving results to ../results/synthetic/s123/random_mc2_n5_mid3_d1000_05_mr098_r10_95_uai_EMCC_100_n200_roTrue_s0.csv
2026-02-02 16:19:28,087|INFO|random_mc2_n5_mid3_d1000_05_mr098_r10_128_uai_EMCC_100_n200_roFalse_s0: [0.0050,0.0537]	 45 runs	 rmse=0.00572	 T_learn=155821 ms. 	 T_infer=844 ms.
2026-02-02 16:19:28,091|INFO|random_mc2_n5_mid3_d1000_05_mr098_r10_128_uai_EMCC_100_n200_roFalse_s0: Saving results to ../results/synthetic/s123/random_mc2_n5_mid3_d1000_05_mr098_r10_128_uai_EMCC_100_n200_roFalse_s0.csv
2026-02-02 16:19:28,209|INFO|random_mc2_n5_mid3_d1000_05_mr098_r10_48_uai_EMCC_100_n200_roFalse_s0: [0.3753,0.4202]	 40 runs	 rmse=0.00476	 T_learn=141535 ms. 	 T_infer=759 ms.
2026-02-02 16:19:28,213|INFO|random_mc2_n5_mid3_d1000_05_mr098_r10_48_uai_EMCC_100_n200_roFalse_s0: Saving results to ../results/synthetic/s123/random_mc2_n5_mid3_d1000_05_mr098_r10_48_uai_EMCC_100_n200_roFalse_s0.csv
2026-02-02 16:19:28,846|INFO|random_mc2_n6_mid3_d1000_05_mr098_r10_139_uai_EMCC_100_n200_roFalse_s0: [0.0015,0.0130]	 37 runs	 rmse=0.00188	 T_learn=177059 ms. 	 T_infer=1271 ms.
2026-02-02 16:19:28,850|INFO|random_mc2_n6_mid3_d1000_05_mr098_r10_139_uai_EMCC_100_n200_roFalse_s0: Saving results to ../results/synthetic/s123/random_mc2_n6_mid3_d1000_05_mr098_r10_139_uai_EMCC_100_n200_roFalse_s0.csv
2026-02-02 16:19:28,984|INFO|random_mc2_n5_mid3_d1000_05_mr098_r10_4_uai_EMCC_100_n200_roTrue_s0: [0.0085,0.0204]	 53 runs	 rmse=0.01969	 T_learn=154782 ms. 	 T_infer=1362 ms.
2026-02-02 16:19:28,989|INFO|random_mc2_n5_mid3_d1000_05_mr098_r10_4_uai_EMCC_100_n200_roTrue_s0: Saving results to ../results/synthetic/s123/random_mc2_n5_mid3_d1000_05_mr098_r10_4_uai_EMCC_100_n200_roTrue_s0.csv
2026-02-02 16:19:29,319|INFO|random_mc2_n6_mid3_d1000_05_mr098_r10_81_uai_EMCC_100_n200_roFalse_s0: [0.3365,0.3393]	 32 runs	 rmse=0.00222	 T_learn=136675 ms. 	 T_infer=1672 ms.
2026-02-02 16:19:29,323|INFO|random_mc2_n6_mid3_d1000_05_mr098_r10_81_uai_EMCC_100_n200_roFalse_s0: Saving results to ../results/synthetic/s123/random_mc2_n6_mid3_d1000_05_mr098_r10_81_uai_EMCC_100_n200_roFalse_s0.csv
2026-02-02 16:19:29,668|INFO|random_mc2_n7_mid3_d1000_05_mr098_r10_15_uai_EMCC_100_n200_roTrue_s0: [0.3883,0.4376]	 21 runs	 rmse=0.11009	 T_learn=216485 ms. 	 T_infer=1359 ms.
2026-02-02 16:19:29,673|INFO|random_mc2_n7_mid3_d1000_05_mr098_r10_15_uai_EMCC_100_n200_roTrue_s0: Saving results to ../results/synthetic/s123/random_mc2_n7_mid3_d1000_05_mr098_r10_15_uai_EMCC_100_n200_roTrue_s0.csv
2026-02-02 16:19:30,182|INFO|random_mc2_n6_mid3_d1000_05_mr098_r10_178_uai_EMCC_100_n200_roFalse_s0: [0.2188,0.3042]	 19 runs	 rmse=0.11707	 T_learn=189034 ms. 	 T_infer=1394 ms.
2026-02-02 16:19:30,187|INFO|random_mc2_n6_mid3_d1000_05_mr098_r10_178_uai_EMCC_100_n200_roFalse_s0: Saving results to ../results/synthetic/s123/random_mc2_n6_mid3_d1000_05_mr098_r10_178_uai_EMCC_100_n200_roFalse_s0.csv
2026-02-02 16:19:31,214|INFO|random_mc2_n9_mid3_d1000_05_mr098_r10_119_uai_EMCC_100_n200_roTrue_s0: [0.0805,0.0923]	 12 runs	 rmse=0.00684	 T_learn=141088 ms. 	 T_infer=884 ms.
2026-02-02 16:19:31,219|INFO|random_mc2_n9_mid3_d1000_05_mr098_r10_119_uai_EMCC_100_n200_roTrue_s0: Saving results to ../results/synthetic/s123/random_mc2_n9_mid3_d1000_05_mr098_r10_119_uai_EMCC_100_n200_roTrue_s0.csv
2026-02-02 16:19:31,552|INFO|random_mc2_n5_mid3_d1000_05_mr098_r10_41_uai_EMCC_100_n200_roTrue_s0: [0.0160,0.0161]	 30 runs	 rmse=0.00012	 T_learn=184081 ms. 	 T_infer=1301 ms.
2026-02-02 16:19:31,557|INFO|random_mc2_n5_mid3_d1000_05_mr098_r10_41_uai_EMCC_100_n200_roTrue_s0: Saving results to ../results/synthetic/s123/random_mc2_n5_mid3_d1000_05_mr098_r10_41_uai_EMCC_100_n200_roTrue_s0.csv
2026-02-02 16:19:31,832|INFO|random_mc2_n6_mid3_d1000_05_mr098_r10_40_uai_EMCC_100_n200_roFalse_s0: [0.0124,0.0886]	 40 runs	 rmse=0.01248	 T_learn=180926 ms. 	 T_infer=1132 ms.
2026-02-02 16:19:31,836|INFO|random_mc2_n6_mid3_d1000_05_mr098_r10_40_uai_EMCC_100_n200_roFalse_s0: Saving results to ../results/synthetic/s123/random_mc2_n6_mid3_d1000_05_mr098_r10_40_uai_EMCC_100_n200_roFalse_s0.csv
2026-02-02 16:19:32,358|INFO|random_mc2_n5_mid3_d1000_05_mr098_r10_149_uai_EMCC_100_n200_roTrue_s0: [0.0014,0.0135]	 42 runs	 rmse=0.00167	 T_learn=162565 ms. 	 T_infer=984 ms.
2026-02-02 16:19:32,362|INFO|random_mc2_n5_mid3_d1000_05_mr098_r10_149_uai_EMCC_100_n200_roTrue_s0: Saving results to ../results/synthetic/s123/random_mc2_n5_mid3_d1000_05_mr098_r10_149_uai_EMCC_100_n200_roTrue_s0.csv
2026-02-02 16:19:32,560|INFO|random_mc2_n5_mid3_d1000_05_mr098_r10_128_uai_EMCC_100_n200_roFalse_s0: [0.0050,0.0537]	 46 runs	 rmse=0.00572	 T_learn=159301 ms. 	 T_infer=989 ms.
2026-02-02 16:19:32,564|INFO|random_mc2_n5_mid3_d1000_05_mr098_r10_128_uai_EMCC_100_n200_roFalse_s0: Saving results to ../results/synthetic/s123/random_mc2_n5_mid3_d1000_05_mr098_r10_128_uai_EMCC_100_n200_roFalse_s0.csv
2026-02-02 16:19:32,615|INFO|random_mc2_n5_mid3_d1000_05_mr098_r10_48_uai_EMCC_100_n200_roFalse_s0: [0.3753,0.4202]	 41 runs	 rmse=0.00476	 T_learn=145160 ms. 	 T_infer=777 ms.
2026-02-02 16:19:32,620|INFO|random_mc2_n5_mid3_d1000_05_mr098_r10_48_uai_EMCC_100_n200_roFalse_s0: Saving results to ../results/synthetic/s123/random_mc2_n5_mid3_d1000_05_mr098_r10_48_uai_EMCC_100_n200_roFalse_s0.csv
2026-02-02 16:19:33,272|INFO|random_mc2_n6_mid3_d1000_05_mr098_r10_169_uai_EMCC_100_n200_roFalse_s0: [0.0052,0.0278]	 34 runs	 rmse=0.01330	 T_learn=207911 ms. 	 T_infer=993 ms.
2026-02-02 16:19:33,275|INFO|random_mc2_n6_mid3_d1000_05_mr098_r10_169_uai_EMCC_100_n200_roFalse_s0: Saving results to ../results/synthetic/s123/random_mc2_n6_mid3_d1000_05_mr098_r10_169_uai_EMCC_100_n200_roFalse_s0.csv
2026-02-02 16:19:33,488|INFO|random_mc2_n5_mid3_d1000_05_mr098_r10_4_uai_EMCC_100_n200_roTrue_s0: [0.0085,0.0207]	 54 runs	 rmse=0.01937	 T_learn=157771 ms. 	 T_infer=1510 ms.
2026-02-02 16:19:33,493|INFO|random_mc2_n5_mid3_d1000_05_mr098_r10_4_uai_EMCC_100_n200_roTrue_s0: Saving results to ../results/synthetic/s123/random_mc2_n5_mid3_d1000_05_mr098_r10_4_uai_EMCC_100_n200_roTrue_s0.csv
2026-02-02 16:19:33,614|INFO|random_mc2_n5_mid3_d1000_05_mr098_r10_95_uai_EMCC_100_n200_roTrue_s0: [0.0000,0.0025]	 45 runs	 rmse=0.01654	 T_learn=171228 ms. 	 T_infer=1507 ms.
2026-02-02 16:19:33,618|INFO|random_mc2_n5_mid3_d1000_05_mr098_r10_95_uai_EMCC_100_n200_roTrue_s0: Saving results to ../results/synthetic/s123/random_mc2_n5_mid3_d1000_05_mr098_r10_95_uai_EMCC_100_n200_roTrue_s0.csv
2026-02-02 16:19:34,746|INFO|random_mc2_n6_mid3_d1000_05_mr098_r10_158_uai_EMCC_100_n200_roFalse_s0: [0.0012,0.0412]	 41 runs	 rmse=0.03168	 T_learn=234198 ms. 	 T_infer=1013 ms.
2026-02-02 16:19:34,751|INFO|random_mc2_n6_mid3_d1000_05_mr098_r10_158_uai_EMCC_100_n200_roFalse_s0: Saving results to ../results/synthetic/s123/random_mc2_n6_mid3_d1000_05_mr098_r10_158_uai_EMCC_100_n200_roFalse_s0.csv
2026-02-02 16:19:34,869|INFO|random_mc2_n6_mid3_d1000_05_mr098_r10_23_uai_EMCC_100_n200_roTrue_s0: [0.0040,0.1153]	 18 runs	 rmse=0.09137	 T_learn=178490 ms. 	 T_infer=861 ms.
2026-02-02 16:19:34,873|INFO|random_mc2_n6_mid3_d1000_05_mr098_r10_23_uai_EMCC_100_n200_roTrue_s0: Saving results to ../results/synthetic/s123/random_mc2_n6_mid3_d1000_05_mr098_r10_23_uai_EMCC_100_n200_roTrue_s0.csv
2026-02-02 16:19:35,033|INFO|random_mc2_n6_mid3_d1000_05_mr098_r10_139_uai_EMCC_100_n200_roFalse_s0: [0.0015,0.0130]	 38 runs	 rmse=0.00188	 T_learn=181936 ms. 	 T_infer=1305 ms.
2026-02-02 16:19:35,037|INFO|random_mc2_n6_mid3_d1000_05_mr098_r10_139_uai_EMCC_100_n200_roFalse_s0: Saving results to ../results/synthetic/s123/random_mc2_n6_mid3_d1000_05_mr098_r10_139_uai_EMCC_100_n200_roFalse_s0.csv
2026-02-02 16:19:35,427|INFO|random_mc2_n6_mid3_d1000_05_mr098_r10_81_uai_EMCC_100_n200_roFalse_s0: [0.3365,0.3393]	 33 runs	 rmse=0.00222	 T_learn=141049 ms. 	 T_infer=1729 ms.
2026-02-02 16:19:35,431|INFO|random_mc2_n6_mid3_d1000_05_mr098_r10_81_uai_EMCC_100_n200_roFalse_s0: Saving results to ../results/synthetic/s123/random_mc2_n6_mid3_d1000_05_mr098_r10_81_uai_EMCC_100_n200_roFalse_s0.csv
2026-02-02 16:19:35,724|INFO|random_mc2_n7_mid3_d1000_05_mr098_r10_163_uai_EMCC_100_n200_roFalse_s0: [0.0601,0.2192]	 21 runs	 rmse=0.08024	 T_learn=189789 ms. 	 T_infer=1769 ms.
2026-02-02 16:19:35,729|INFO|random_mc2_n7_mid3_d1000_05_mr098_r10_163_uai_EMCC_100_n200_roFalse_s0: Saving results to ../results/synthetic/s123/random_mc2_n7_mid3_d1000_05_mr098_r10_163_uai_EMCC_100_n200_roFalse_s0.csv
2026-02-02 16:19:36,913|INFO|random_mc2_n5_mid3_d1000_05_mr098_r10_48_uai_EMCC_100_n200_roFalse_s0: [0.3753,0.4202]	 42 runs	 rmse=0.00476	 T_learn=148655 ms. 	 T_infer=798 ms.
2026-02-02 16:19:36,917|INFO|random_mc2_n5_mid3_d1000_05_mr098_r10_48_uai_EMCC_100_n200_roFalse_s0: Saving results to ../results/synthetic/s123/random_mc2_n5_mid3_d1000_05_mr098_r10_48_uai_EMCC_100_n200_roFalse_s0.csv
2026-02-02 16:19:36,923|INFO|random_mc2_n5_mid3_d1000_05_mr098_r10_128_uai_EMCC_100_n200_roFalse_s0: [0.0050,0.0537]	 47 runs	 rmse=0.00572	 T_learn=162777 ms. 	 T_infer=883 ms.
2026-02-02 16:19:36,927|INFO|random_mc2_n5_mid3_d1000_05_mr098_r10_128_uai_EMCC_100_n200_roFalse_s0: Saving results to ../results/synthetic/s123/random_mc2_n5_mid3_d1000_05_mr098_r10_128_uai_EMCC_100_n200_roFalse_s0.csv
2026-02-02 16:19:37,247|INFO|random_mc2_n5_mid3_d1000_05_mr098_r10_149_uai_EMCC_100_n200_roTrue_s0: [0.0014,0.0135]	 43 runs	 rmse=0.00167	 T_learn=166440 ms. 	 T_infer=1009 ms.
2026-02-02 16:19:37,251|INFO|random_mc2_n5_mid3_d1000_05_mr098_r10_149_uai_EMCC_100_n200_roTrue_s0: Saving results to ../results/synthetic/s123/random_mc2_n5_mid3_d1000_05_mr098_r10_149_uai_EMCC_100_n200_roTrue_s0.csv
2026-02-02 16:19:37,569|INFO|random_mc2_n6_mid3_d1000_05_mr098_r10_40_uai_EMCC_100_n200_roFalse_s0: [0.0124,0.0886]	 41 runs	 rmse=0.01248	 T_learn=185494 ms. 	 T_infer=1165 ms.
2026-02-02 16:19:37,573|INFO|random_mc2_n6_mid3_d1000_05_mr098_r10_40_uai_EMCC_100_n200_roFalse_s0: Saving results to ../results/synthetic/s123/random_mc2_n6_mid3_d1000_05_mr098_r10_40_uai_EMCC_100_n200_roFalse_s0.csv
2026-02-02 16:19:37,857|INFO|random_mc2_n5_mid3_d1000_05_mr098_r10_4_uai_EMCC_100_n200_roTrue_s0: [0.0085,0.0207]	 55 runs	 rmse=0.01937	 T_learn=160725 ms. 	 T_infer=1410 ms.
2026-02-02 16:19:37,861|INFO|random_mc2_n5_mid3_d1000_05_mr098_r10_4_uai_EMCC_100_n200_roTrue_s0: Saving results to ../results/synthetic/s123/random_mc2_n5_mid3_d1000_05_mr098_r10_4_uai_EMCC_100_n200_roTrue_s0.csv
2026-02-02 16:19:39,047|INFO|random_mc2_n5_mid3_d1000_05_mr098_r10_95_uai_EMCC_100_n200_roTrue_s0: [0.0000,0.0025]	 46 runs	 rmse=0.01654	 T_learn=175117 ms. 	 T_infer=1540 ms.
2026-02-02 16:19:39,051|INFO|random_mc2_n5_mid3_d1000_05_mr098_r10_95_uai_EMCC_100_n200_roTrue_s0: Saving results to ../results/synthetic/s123/random_mc2_n5_mid3_d1000_05_mr098_r10_95_uai_EMCC_100_n200_roTrue_s0.csv
2026-02-02 16:19:39,076|INFO|random_mc2_n5_mid3_d1000_05_mr098_r10_41_uai_EMCC_100_n200_roTrue_s0: [0.0160,0.0161]	 31 runs	 rmse=0.00012	 T_learn=190258 ms. 	 T_infer=1343 ms.
2026-02-02 16:19:39,080|INFO|random_mc2_n5_mid3_d1000_05_mr098_r10_41_uai_EMCC_100_n200_roTrue_s0: Saving results to ../results/synthetic/s123/random_mc2_n5_mid3_d1000_05_mr098_r10_41_uai_EMCC_100_n200_roTrue_s0.csv
2026-02-02 16:19:40,552|INFO|random_mc2_n6_mid3_d1000_05_mr098_r10_169_uai_EMCC_100_n200_roFalse_s0: [0.0052,0.0278]	 35 runs	 rmse=0.01330	 T_learn=214046 ms. 	 T_infer=1141 ms.
2026-02-02 16:19:40,556|INFO|random_mc2_n6_mid3_d1000_05_mr098_r10_169_uai_EMCC_100_n200_roFalse_s0: Saving results to ../results/synthetic/s123/random_mc2_n6_mid3_d1000_05_mr098_r10_169_uai_EMCC_100_n200_roFalse_s0.csv
2026-02-02 16:19:41,153|INFO|random_mc2_n7_mid3_d1000_05_mr098_r10_15_uai_EMCC_100_n200_roTrue_s0: [0.3912,0.4376]	 22 runs	 rmse=0.11189	 T_learn=226535 ms. 	 T_infer=1430 ms.
2026-02-02 16:19:41,158|INFO|random_mc2_n7_mid3_d1000_05_mr098_r10_15_uai_EMCC_100_n200_roTrue_s0: Saving results to ../results/synthetic/s123/random_mc2_n7_mid3_d1000_05_mr098_r10_15_uai_EMCC_100_n200_roTrue_s0.csv
2026-02-02 16:19:41,247|INFO|random_mc2_n6_mid3_d1000_05_mr098_r10_139_uai_EMCC_100_n200_roFalse_s0: [0.0011,0.0130]	 39 runs	 rmse=0.00160	 T_learn=186808 ms. 	 T_infer=1338 ms.
2026-02-02 16:19:41,251|INFO|random_mc2_n6_mid3_d1000_05_mr098_r10_139_uai_EMCC_100_n200_roFalse_s0: Saving results to ../results/synthetic/s123/random_mc2_n6_mid3_d1000_05_mr098_r10_139_uai_EMCC_100_n200_roFalse_s0.csv
2026-02-02 16:19:41,301|INFO|random_mc2_n5_mid3_d1000_05_mr098_r10_128_uai_EMCC_100_n200_roFalse_s0: [0.0050,0.0537]	 48 runs	 rmse=0.00572	 T_learn=166247 ms. 	 T_infer=903 ms.
2026-02-02 16:19:41,305|INFO|random_mc2_n5_mid3_d1000_05_mr098_r10_128_uai_EMCC_100_n200_roFalse_s0: Saving results to ../results/synthetic/s123/random_mc2_n5_mid3_d1000_05_mr098_r10_128_uai_EMCC_100_n200_roFalse_s0.csv
2026-02-02 16:19:41,307|INFO|random_mc2_n5_mid3_d1000_05_mr098_r10_48_uai_EMCC_100_n200_roFalse_s0: [0.3753,0.4202]	 43 runs	 rmse=0.00476	 T_learn=152225 ms. 	 T_infer=819 ms.
2026-02-02 16:19:41,312|INFO|random_mc2_n5_mid3_d1000_05_mr098_r10_48_uai_EMCC_100_n200_roFalse_s0: Saving results to ../results/synthetic/s123/random_mc2_n5_mid3_d1000_05_mr098_r10_48_uai_EMCC_100_n200_roFalse_s0.csv
2026-02-02 16:19:41,467|INFO|random_mc2_n6_mid3_d1000_05_mr098_r10_158_uai_EMCC_100_n200_roFalse_s0: [0.0012,0.0412]	 42 runs	 rmse=0.03168	 T_learn=239872 ms. 	 T_infer=1042 ms.
2026-02-02 16:19:41,473|INFO|random_mc2_n6_mid3_d1000_05_mr098_r10_158_uai_EMCC_100_n200_roFalse_s0: Saving results to ../results/synthetic/s123/random_mc2_n6_mid3_d1000_05_mr098_r10_158_uai_EMCC_100_n200_roFalse_s0.csv
2026-02-02 16:19:41,682|INFO|random_mc2_n6_mid3_d1000_05_mr098_r10_81_uai_EMCC_100_n200_roFalse_s0: [0.3365,0.3393]	 34 runs	 rmse=0.00222	 T_learn=145407 ms. 	 T_infer=1893 ms.
2026-02-02 16:19:41,686|INFO|random_mc2_n6_mid3_d1000_05_mr098_r10_81_uai_EMCC_100_n200_roFalse_s0: Saving results to ../results/synthetic/s123/random_mc2_n6_mid3_d1000_05_mr098_r10_81_uai_EMCC_100_n200_roFalse_s0.csv
2026-02-02 16:19:41,847|INFO|random_mc2_n6_mid3_d1000_05_mr098_r10_141_uai_EMCC_100_n200_roFalse_s0: [0.2562,0.2709]	 11 runs	 rmse=0.00756	 T_learn=170912 ms. 	 T_infer=3759 ms.
2026-02-02 16:19:41,851|INFO|random_mc2_n6_mid3_d1000_05_mr098_r10_141_uai_EMCC_100_n200_roFalse_s0: Saving results to ../results/synthetic/s123/random_mc2_n6_mid3_d1000_05_mr098_r10_141_uai_EMCC_100_n200_roFalse_s0.csv
2026-02-02 16:19:41,895|INFO|random_mc2_n6_mid3_d1000_05_mr098_r10_178_uai_EMCC_100_n200_roFalse_s0: [0.2188,0.3042]	 20 runs	 rmse=0.11707	 T_learn=199274 ms. 	 T_infer=1467 ms.
2026-02-02 16:19:41,898|INFO|random_mc2_n6_mid3_d1000_05_mr098_r10_178_uai_EMCC_100_n200_roFalse_s0: Saving results to ../results/synthetic/s123/random_mc2_n6_mid3_d1000_05_mr098_r10_178_uai_EMCC_100_n200_roFalse_s0.csv
2026-02-02 16:19:42,090|INFO|random_mc2_n5_mid3_d1000_05_mr098_r10_149_uai_EMCC_100_n200_roTrue_s0: [0.0014,0.0135]	 44 runs	 rmse=0.00167	 T_learn=170246 ms. 	 T_infer=1033 ms.
2026-02-02 16:19:42,094|INFO|random_mc2_n5_mid3_d1000_05_mr098_r10_149_uai_EMCC_100_n200_roTrue_s0: Saving results to ../results/synthetic/s123/random_mc2_n5_mid3_d1000_05_mr098_r10_149_uai_EMCC_100_n200_roTrue_s0.csv
2026-02-02 16:19:42,302|INFO|random_mc2_n5_mid3_d1000_05_mr098_r10_4_uai_EMCC_100_n200_roTrue_s0: [0.0085,0.0207]	 56 runs	 rmse=0.01937	 T_learn=163720 ms. 	 T_infer=1446 ms.
2026-02-02 16:19:42,307|INFO|random_mc2_n5_mid3_d1000_05_mr098_r10_4_uai_EMCC_100_n200_roTrue_s0: Saving results to ../results/synthetic/s123/random_mc2_n5_mid3_d1000_05_mr098_r10_4_uai_EMCC_100_n200_roTrue_s0.csv
2026-02-02 16:19:43,352|INFO|random_mc2_n6_mid3_d1000_05_mr098_r10_40_uai_EMCC_100_n200_roFalse_s0: [0.0124,0.0886]	 42 runs	 rmse=0.01248	 T_learn=190079 ms. 	 T_infer=1194 ms.
2026-02-02 16:19:43,357|INFO|random_mc2_n6_mid3_d1000_05_mr098_r10_40_uai_EMCC_100_n200_roFalse_s0: Saving results to ../results/synthetic/s123/random_mc2_n6_mid3_d1000_05_mr098_r10_40_uai_EMCC_100_n200_roFalse_s0.csv
2026-02-02 16:19:43,995|INFO|random_mc2_n9_mid3_d1000_05_mr098_r10_119_uai_EMCC_100_n200_roTrue_s0: [0.0805,0.0923]	 13 runs	 rmse=0.00684	 T_learn=152909 ms. 	 T_infer=955 ms.
2026-02-02 16:19:43,999|INFO|random_mc2_n9_mid3_d1000_05_mr098_r10_119_uai_EMCC_100_n200_roTrue_s0: Saving results to ../results/synthetic/s123/random_mc2_n9_mid3_d1000_05_mr098_r10_119_uai_EMCC_100_n200_roTrue_s0.csv
2026-02-02 16:19:44,536|INFO|random_mc2_n5_mid3_d1000_05_mr098_r10_95_uai_EMCC_100_n200_roTrue_s0: [0.0000,0.0025]	 47 runs	 rmse=0.01654	 T_learn=179017 ms. 	 T_infer=1584 ms.
2026-02-02 16:19:44,542|INFO|random_mc2_n5_mid3_d1000_05_mr098_r10_95_uai_EMCC_100_n200_roTrue_s0: Saving results to ../results/synthetic/s123/random_mc2_n5_mid3_d1000_05_mr098_r10_95_uai_EMCC_100_n200_roTrue_s0.csv
2026-02-02 16:19:45,710|INFO|random_mc2_n5_mid3_d1000_05_mr098_r10_128_uai_EMCC_100_n200_roFalse_s0: [0.0050,0.0537]	 49 runs	 rmse=0.00572	 T_learn=169732 ms. 	 T_infer=920 ms.
2026-02-02 16:19:45,714|INFO|random_mc2_n5_mid3_d1000_05_mr098_r10_128_uai_EMCC_100_n200_roFalse_s0: Saving results to ../results/synthetic/s123/random_mc2_n5_mid3_d1000_05_mr098_r10_128_uai_EMCC_100_n200_roFalse_s0.csv
2026-02-02 16:19:45,797|INFO|random_mc2_n5_mid3_d1000_05_mr098_r10_48_uai_EMCC_100_n200_roFalse_s0: [0.3753,0.4202]	 44 runs	 rmse=0.00476	 T_learn=155876 ms. 	 T_infer=834 ms.
2026-02-02 16:19:45,801|INFO|random_mc2_n5_mid3_d1000_05_mr098_r10_48_uai_EMCC_100_n200_roFalse_s0: Saving results to ../results/synthetic/s123/random_mc2_n5_mid3_d1000_05_mr098_r10_48_uai_EMCC_100_n200_roFalse_s0.csv
2026-02-02 16:19:46,118|INFO|random_mc2_n6_mid3_d1000_05_mr098_r10_23_uai_EMCC_100_n200_roTrue_s0: [0.0040,0.1153]	 19 runs	 rmse=0.09137	 T_learn=188826 ms. 	 T_infer=910 ms.
2026-02-02 16:19:46,122|INFO|random_mc2_n6_mid3_d1000_05_mr098_r10_23_uai_EMCC_100_n200_roTrue_s0: Saving results to ../results/synthetic/s123/random_mc2_n6_mid3_d1000_05_mr098_r10_23_uai_EMCC_100_n200_roTrue_s0.csv
2026-02-02 16:19:46,235|INFO|random_mc2_n7_mid3_d1000_05_mr098_r10_163_uai_EMCC_100_n200_roFalse_s0: [0.0601,0.2192]	 22 runs	 rmse=0.08024	 T_learn=198448 ms. 	 T_infer=1846 ms.
2026-02-02 16:19:46,240|INFO|random_mc2_n7_mid3_d1000_05_mr098_r10_163_uai_EMCC_100_n200_roFalse_s0: Saving results to ../results/synthetic/s123/random_mc2_n7_mid3_d1000_05_mr098_r10_163_uai_EMCC_100_n200_roFalse_s0.csv
2026-02-02 16:19:46,612|INFO|random_mc2_n5_mid3_d1000_05_mr098_r10_41_uai_EMCC_100_n200_roTrue_s0: [0.0160,0.0161]	 32 runs	 rmse=0.00012	 T_learn=196400 ms. 	 T_infer=1389 ms.
2026-02-02 16:19:46,617|INFO|random_mc2_n5_mid3_d1000_05_mr098_r10_41_uai_EMCC_100_n200_roTrue_s0: Saving results to ../results/synthetic/s123/random_mc2_n5_mid3_d1000_05_mr098_r10_41_uai_EMCC_100_n200_roTrue_s0.csv
2026-02-02 16:19:46,735|INFO|random_mc2_n5_mid3_d1000_05_mr098_r10_4_uai_EMCC_100_n200_roTrue_s0: [0.0085,0.0204]	 57 runs	 rmse=0.01969	 T_learn=166684 ms. 	 T_infer=1463 ms.
2026-02-02 16:19:46,740|INFO|random_mc2_n5_mid3_d1000_05_mr098_r10_4_uai_EMCC_100_n200_roTrue_s0: Saving results to ../results/synthetic/s123/random_mc2_n5_mid3_d1000_05_mr098_r10_4_uai_EMCC_100_n200_roTrue_s0.csv
2026-02-02 16:19:47,112|INFO|random_mc2_n5_mid3_d1000_05_mr098_r10_149_uai_EMCC_100_n200_roTrue_s0: [0.0014,0.0135]	 45 runs	 rmse=0.00167	 T_learn=174203 ms. 	 T_infer=1061 ms.
2026-02-02 16:19:47,116|INFO|random_mc2_n5_mid3_d1000_05_mr098_r10_149_uai_EMCC_100_n200_roTrue_s0: Saving results to ../results/synthetic/s123/random_mc2_n5_mid3_d1000_05_mr098_r10_149_uai_EMCC_100_n200_roTrue_s0.csv
2026-02-02 16:19:47,626|INFO|random_mc2_n6_mid3_d1000_05_mr098_r10_139_uai_EMCC_100_n200_roFalse_s0: [0.0005,0.0130]	 40 runs	 rmse=0.00136	 T_learn=191686 ms. 	 T_infer=1497 ms.
2026-02-02 16:19:47,630|INFO|random_mc2_n6_mid3_d1000_05_mr098_r10_139_uai_EMCC_100_n200_roFalse_s0: Saving results to ../results/synthetic/s123/random_mc2_n6_mid3_d1000_05_mr098_r10_139_uai_EMCC_100_n200_roFalse_s0.csv
2026-02-02 16:19:47,747|INFO|random_mc2_n6_mid3_d1000_05_mr098_r10_169_uai_EMCC_100_n200_roFalse_s0: [0.0052,0.0278]	 36 runs	 rmse=0.01330	 T_learn=220186 ms. 	 T_infer=1051 ms.
2026-02-02 16:19:47,751|INFO|random_mc2_n6_mid3_d1000_05_mr098_r10_169_uai_EMCC_100_n200_roFalse_s0: Saving results to ../results/synthetic/s123/random_mc2_n6_mid3_d1000_05_mr098_r10_169_uai_EMCC_100_n200_roFalse_s0.csv
2026-02-02 16:19:47,889|INFO|random_mc2_n6_mid3_d1000_05_mr098_r10_81_uai_EMCC_100_n200_roFalse_s0: [0.3365,0.3393]	 35 runs	 rmse=0.00222	 T_learn=149780 ms. 	 T_infer=1830 ms.
2026-02-02 16:19:47,893|INFO|random_mc2_n6_mid3_d1000_05_mr098_r10_81_uai_EMCC_100_n200_roFalse_s0: Saving results to ../results/synthetic/s123/random_mc2_n6_mid3_d1000_05_mr098_r10_81_uai_EMCC_100_n200_roFalse_s0.csv
2026-02-02 16:19:48,493|INFO|random_mc2_n6_mid3_d1000_05_mr098_r10_158_uai_EMCC_100_n200_roFalse_s0: [0.0012,0.0426]	 43 runs	 rmse=0.03311	 T_learn=245828 ms. 	 T_infer=1065 ms.
2026-02-02 16:19:48,498|INFO|random_mc2_n6_mid3_d1000_05_mr098_r10_158_uai_EMCC_100_n200_roFalse_s0: Saving results to ../results/synthetic/s123/random_mc2_n6_mid3_d1000_05_mr098_r10_158_uai_EMCC_100_n200_roFalse_s0.csv
2026-02-02 16:19:49,173|INFO|random_mc2_n6_mid3_d1000_05_mr098_r10_40_uai_EMCC_100_n200_roFalse_s0: [0.0124,0.0886]	 43 runs	 rmse=0.01248	 T_learn=194667 ms. 	 T_infer=1228 ms.
2026-02-02 16:19:49,178|INFO|random_mc2_n6_mid3_d1000_05_mr098_r10_40_uai_EMCC_100_n200_roFalse_s0: Saving results to ../results/synthetic/s123/random_mc2_n6_mid3_d1000_05_mr098_r10_40_uai_EMCC_100_n200_roFalse_s0.csv
2026-02-02 16:19:50,043|INFO|random_mc2_n5_mid3_d1000_05_mr098_r10_95_uai_EMCC_100_n200_roTrue_s0: [0.0000,0.0025]	 48 runs	 rmse=0.01654	 T_learn=182908 ms. 	 T_infer=1610 ms.
2026-02-02 16:19:50,047|INFO|random_mc2_n5_mid3_d1000_05_mr098_r10_95_uai_EMCC_100_n200_roTrue_s0: Saving results to ../results/synthetic/s123/random_mc2_n5_mid3_d1000_05_mr098_r10_95_uai_EMCC_100_n200_roTrue_s0.csv
2026-02-02 16:19:50,134|INFO|random_mc2_n5_mid3_d1000_05_mr098_r10_128_uai_EMCC_100_n200_roFalse_s0: [0.0050,0.0537]	 50 runs	 rmse=0.00572	 T_learn=173214 ms. 	 T_infer=938 ms.
2026-02-02 16:19:50,139|INFO|random_mc2_n5_mid3_d1000_05_mr098_r10_128_uai_EMCC_100_n200_roFalse_s0: Saving results to ../results/synthetic/s123/random_mc2_n5_mid3_d1000_05_mr098_r10_128_uai_EMCC_100_n200_roFalse_s0.csv
2026-02-02 16:19:50,225|INFO|random_mc2_n5_mid3_d1000_05_mr098_r10_48_uai_EMCC_100_n200_roFalse_s0: [0.3753,0.4202]	 45 runs	 rmse=0.00476	 T_learn=159445 ms. 	 T_infer=855 ms.
2026-02-02 16:19:50,230|INFO|random_mc2_n5_mid3_d1000_05_mr098_r10_48_uai_EMCC_100_n200_roFalse_s0: Saving results to ../results/synthetic/s123/random_mc2_n5_mid3_d1000_05_mr098_r10_48_uai_EMCC_100_n200_roFalse_s0.csv
2026-02-02 16:19:51,238|INFO|random_mc2_n5_mid3_d1000_05_mr098_r10_4_uai_EMCC_100_n200_roTrue_s0: [0.0085,0.0214]	 58 runs	 rmse=0.01871	 T_learn=169679 ms. 	 T_infer=1504 ms.
2026-02-02 16:19:51,243|INFO|random_mc2_n5_mid3_d1000_05_mr098_r10_4_uai_EMCC_100_n200_roTrue_s0: Saving results to ../results/synthetic/s123/random_mc2_n5_mid3_d1000_05_mr098_r10_4_uai_EMCC_100_n200_roTrue_s0.csv
2026-02-02 16:19:52,166|INFO|random_mc2_n5_mid3_d1000_05_mr098_r10_149_uai_EMCC_100_n200_roTrue_s0: [0.0014,0.0135]	 46 runs	 rmse=0.00167	 T_learn=178177 ms. 	 T_infer=1076 ms.
2026-02-02 16:19:52,170|INFO|random_mc2_n5_mid3_d1000_05_mr098_r10_149_uai_EMCC_100_n200_roTrue_s0: Saving results to ../results/synthetic/s123/random_mc2_n5_mid3_d1000_05_mr098_r10_149_uai_EMCC_100_n200_roTrue_s0.csv
2026-02-02 16:19:52,612|INFO|random_mc2_n7_mid3_d1000_05_mr098_r10_15_uai_EMCC_100_n200_roTrue_s0: [0.3883,0.4450]	 23 runs	 rmse=0.10428	 T_learn=236497 ms. 	 T_infer=1492 ms.
2026-02-02 16:19:52,616|INFO|random_mc2_n7_mid3_d1000_05_mr098_r10_15_uai_EMCC_100_n200_roTrue_s0: Saving results to ../results/synthetic/s123/random_mc2_n7_mid3_d1000_05_mr098_r10_15_uai_EMCC_100_n200_roTrue_s0.csv
2026-02-02 16:19:53,491|INFO|random_mc2_n6_mid3_d1000_05_mr098_r10_178_uai_EMCC_100_n200_roFalse_s0: [0.2188,0.3042]	 21 runs	 rmse=0.11707	 T_learn=209324 ms. 	 T_infer=1543 ms.
2026-02-02 16:19:53,496|INFO|random_mc2_n6_mid3_d1000_05_mr098_r10_178_uai_EMCC_100_n200_roFalse_s0: Saving results to ../results/synthetic/s123/random_mc2_n6_mid3_d1000_05_mr098_r10_178_uai_EMCC_100_n200_roFalse_s0.csv
2026-02-02 16:19:53,921|INFO|random_mc2_n6_mid3_d1000_05_mr098_r10_139_uai_EMCC_100_n200_roFalse_s0: [0.0005,0.0130]	 41 runs	 rmse=0.00136	 T_learn=196568 ms. 	 T_infer=1408 ms.
2026-02-02 16:19:53,925|INFO|random_mc2_n6_mid3_d1000_05_mr098_r10_139_uai_EMCC_100_n200_roFalse_s0: Saving results to ../results/synthetic/s123/random_mc2_n6_mid3_d1000_05_mr098_r10_139_uai_EMCC_100_n200_roFalse_s0.csv
2026-02-02 16:19:54,177|INFO|random_mc2_n6_mid3_d1000_05_mr098_r10_81_uai_EMCC_100_n200_roFalse_s0: [0.3365,0.3393]	 36 runs	 rmse=0.00222	 T_learn=154179 ms. 	 T_infer=1884 ms.
2026-02-02 16:19:54,182|INFO|random_mc2_n6_mid3_d1000_05_mr098_r10_81_uai_EMCC_100_n200_roFalse_s0: Saving results to ../results/synthetic/s123/random_mc2_n6_mid3_d1000_05_mr098_r10_81_uai_EMCC_100_n200_roFalse_s0.csv
2026-02-02 16:19:54,215|INFO|random_mc2_n5_mid3_d1000_05_mr098_r10_41_uai_EMCC_100_n200_roTrue_s0: [0.0160,0.0161]	 33 runs	 rmse=0.00014	 T_learn=202561 ms. 	 T_infer=1437 ms.
2026-02-02 16:19:54,219|INFO|random_mc2_n5_mid3_d1000_05_mr098_r10_41_uai_EMCC_100_n200_roTrue_s0: Saving results to ../results/synthetic/s123/random_mc2_n5_mid3_d1000_05_mr098_r10_41_uai_EMCC_100_n200_roTrue_s0.csv
2026-02-02 16:19:54,723|INFO|random_mc2_n5_mid3_d1000_05_mr098_r10_48_uai_EMCC_100_n200_roFalse_s0: [0.3753,0.4202]	 46 runs	 rmse=0.00476	 T_learn=163070 ms. 	 T_infer=868 ms.
2026-02-02 16:19:54,727|INFO|random_mc2_n5_mid3_d1000_05_mr098_r10_48_uai_EMCC_100_n200_roFalse_s0: Saving results to ../results/synthetic/s123/random_mc2_n5_mid3_d1000_05_mr098_r10_48_uai_EMCC_100_n200_roFalse_s0.csv
2026-02-02 16:19:54,868|INFO|random_mc2_n5_mid3_d1000_05_mr098_r10_128_uai_EMCC_100_n200_roFalse_s0: [0.0050,0.0537]	 51 runs	 rmse=0.00572	 T_learn=176988 ms. 	 T_infer=955 ms.
2026-02-02 16:19:54,872|INFO|random_mc2_n5_mid3_d1000_05_mr098_r10_128_uai_EMCC_100_n200_roFalse_s0: Saving results to ../results/synthetic/s123/random_mc2_n5_mid3_d1000_05_mr098_r10_128_uai_EMCC_100_n200_roFalse_s0.csv
2026-02-02 16:19:54,992|INFO|random_mc2_n6_mid3_d1000_05_mr098_r10_169_uai_EMCC_100_n200_roFalse_s0: [0.0052,0.0278]	 37 runs	 rmse=0.01330	 T_learn=226347 ms. 	 T_infer=1081 ms.
2026-02-02 16:19:54,996|INFO|random_mc2_n6_mid3_d1000_05_mr098_r10_169_uai_EMCC_100_n200_roFalse_s0: Saving results to ../results/synthetic/s123/random_mc2_n6_mid3_d1000_05_mr098_r10_169_uai_EMCC_100_n200_roFalse_s0.csv
2026-02-02 16:19:55,014|INFO|random_mc2_n6_mid3_d1000_05_mr098_r10_40_uai_EMCC_100_n200_roFalse_s0: [0.0105,0.0886]	 44 runs	 rmse=0.01056	 T_learn=199246 ms. 	 T_infer=1256 ms.
2026-02-02 16:19:55,018|INFO|random_mc2_n6_mid3_d1000_05_mr098_r10_40_uai_EMCC_100_n200_roFalse_s0: Saving results to ../results/synthetic/s123/random_mc2_n6_mid3_d1000_05_mr098_r10_40_uai_EMCC_100_n200_roFalse_s0.csv
2026-02-02 16:19:55,518|INFO|random_mc2_n6_mid3_d1000_05_mr098_r10_158_uai_EMCC_100_n200_roFalse_s0: [0.0012,0.0426]	 44 runs	 rmse=0.03311	 T_learn=251759 ms. 	 T_infer=1089 ms.
2026-02-02 16:19:55,523|INFO|random_mc2_n6_mid3_d1000_05_mr098_r10_158_uai_EMCC_100_n200_roFalse_s0: Saving results to ../results/synthetic/s123/random_mc2_n6_mid3_d1000_05_mr098_r10_158_uai_EMCC_100_n200_roFalse_s0.csv
2026-02-02 16:19:55,605|INFO|random_mc2_n5_mid3_d1000_05_mr098_r10_95_uai_EMCC_100_n200_roTrue_s0: [0.0000,0.0025]	 49 runs	 rmse=0.01654	 T_learn=186820 ms. 	 T_infer=1645 ms.
2026-02-02 16:19:55,610|INFO|random_mc2_n5_mid3_d1000_05_mr098_r10_95_uai_EMCC_100_n200_roTrue_s0: Saving results to ../results/synthetic/s123/random_mc2_n5_mid3_d1000_05_mr098_r10_95_uai_EMCC_100_n200_roTrue_s0.csv
2026-02-02 16:19:55,848|INFO|random_mc2_n5_mid3_d1000_05_mr098_r10_4_uai_EMCC_100_n200_roTrue_s0: [0.0085,0.0214]	 59 runs	 rmse=0.01871	 T_learn=172770 ms. 	 T_infer=1513 ms.
2026-02-02 16:19:55,852|INFO|random_mc2_n5_mid3_d1000_05_mr098_r10_4_uai_EMCC_100_n200_roTrue_s0: Saving results to ../results/synthetic/s123/random_mc2_n5_mid3_d1000_05_mr098_r10_4_uai_EMCC_100_n200_roTrue_s0.csv
2026-02-02 16:19:56,917|INFO|random_mc2_n9_mid3_d1000_05_mr098_r10_119_uai_EMCC_100_n200_roTrue_s0: [0.0805,0.0923]	 14 runs	 rmse=0.00684	 T_learn=164803 ms. 	 T_infer=1024 ms.
2026-02-02 16:19:56,922|INFO|random_mc2_n9_mid3_d1000_05_mr098_r10_119_uai_EMCC_100_n200_roTrue_s0: Saving results to ../results/synthetic/s123/random_mc2_n9_mid3_d1000_05_mr098_r10_119_uai_EMCC_100_n200_roTrue_s0.csv
2026-02-02 16:19:57,054|INFO|random_mc2_n7_mid3_d1000_05_mr098_r10_163_uai_EMCC_100_n200_roFalse_s0: [0.0601,0.2192]	 23 runs	 rmse=0.08024	 T_learn=207328 ms. 	 T_infer=1934 ms.
2026-02-02 16:19:57,058|INFO|random_mc2_n7_mid3_d1000_05_mr098_r10_163_uai_EMCC_100_n200_roFalse_s0: Saving results to ../results/synthetic/s123/random_mc2_n7_mid3_d1000_05_mr098_r10_163_uai_EMCC_100_n200_roFalse_s0.csv
2026-02-02 16:19:57,152|INFO|random_mc2_n5_mid3_d1000_05_mr098_r10_149_uai_EMCC_100_n200_roTrue_s0: [0.0014,0.0135]	 47 runs	 rmse=0.00167	 T_learn=182056 ms. 	 T_infer=1102 ms.
2026-02-02 16:19:57,158|INFO|random_mc2_n5_mid3_d1000_05_mr098_r10_149_uai_EMCC_100_n200_roTrue_s0: Saving results to ../results/synthetic/s123/random_mc2_n5_mid3_d1000_05_mr098_r10_149_uai_EMCC_100_n200_roTrue_s0.csv
2026-02-02 16:19:57,395|INFO|random_mc2_n6_mid3_d1000_05_mr098_r10_23_uai_EMCC_100_n200_roTrue_s0: [0.0040,0.1153]	 20 runs	 rmse=0.09137	 T_learn=199136 ms. 	 T_infer=962 ms.
2026-02-02 16:19:57,399|INFO|random_mc2_n6_mid3_d1000_05_mr098_r10_23_uai_EMCC_100_n200_roTrue_s0: Saving results to ../results/synthetic/s123/random_mc2_n6_mid3_d1000_05_mr098_r10_23_uai_EMCC_100_n200_roTrue_s0.csv
2026-02-02 16:19:59,161|INFO|random_mc2_n5_mid3_d1000_05_mr098_r10_48_uai_EMCC_100_n200_roFalse_s0: [0.3753,0.4202]	 47 runs	 rmse=0.00476	 T_learn=166611 ms. 	 T_infer=893 ms.
2026-02-02 16:19:59,165|INFO|random_mc2_n5_mid3_d1000_05_mr098_r10_48_uai_EMCC_100_n200_roFalse_s0: Saving results to ../results/synthetic/s123/random_mc2_n5_mid3_d1000_05_mr098_r10_48_uai_EMCC_100_n200_roFalse_s0.csv
2026-02-02 16:19:59,336|INFO|random_mc2_n5_mid3_d1000_05_mr098_r10_128_uai_EMCC_100_n200_roFalse_s0: [0.0050,0.0537]	 52 runs	 rmse=0.00572	 T_learn=180470 ms. 	 T_infer=981 ms.
2026-02-02 16:19:59,341|INFO|random_mc2_n5_mid3_d1000_05_mr098_r10_128_uai_EMCC_100_n200_roFalse_s0: Saving results to ../results/synthetic/s123/random_mc2_n5_mid3_d1000_05_mr098_r10_128_uai_EMCC_100_n200_roFalse_s0.csv
2026-02-02 16:20:00,233|INFO|random_mc2_n6_mid3_d1000_05_mr098_r10_139_uai_EMCC_100_n200_roFalse_s0: [0.0005,0.0132]	 42 runs	 rmse=0.00124	 T_learn=201439 ms. 	 T_infer=1438 ms.
2026-02-02 16:20:00,237|INFO|random_mc2_n6_mid3_d1000_05_mr098_r10_139_uai_EMCC_100_n200_roFalse_s0: Saving results to ../results/synthetic/s123/random_mc2_n6_mid3_d1000_05_mr098_r10_139_uai_EMCC_100_n200_roFalse_s0.csv
2026-02-02 16:20:00,392|INFO|random_mc2_n5_mid3_d1000_05_mr098_r10_4_uai_EMCC_100_n200_roTrue_s0: [0.0085,0.0214]	 60 runs	 rmse=0.01871	 T_learn=175766 ms. 	 T_infer=1543 ms.
2026-02-02 16:20:00,397|INFO|random_mc2_n5_mid3_d1000_05_mr098_r10_4_uai_EMCC_100_n200_roTrue_s0: Saving results to ../results/synthetic/s123/random_mc2_n5_mid3_d1000_05_mr098_r10_4_uai_EMCC_100_n200_roTrue_s0.csv
2026-02-02 16:20:00,490|INFO|random_mc2_n6_mid3_d1000_05_mr098_r10_81_uai_EMCC_100_n200_roFalse_s0: [0.3365,0.3401]	 37 runs	 rmse=0.00300	 T_learn=158559 ms. 	 T_infer=1929 ms.
2026-02-02 16:20:00,494|INFO|random_mc2_n6_mid3_d1000_05_mr098_r10_81_uai_EMCC_100_n200_roFalse_s0: Saving results to ../results/synthetic/s123/random_mc2_n6_mid3_d1000_05_mr098_r10_81_uai_EMCC_100_n200_roFalse_s0.csv
2026-02-02 16:20:01,145|INFO|random_mc2_n6_mid3_d1000_05_mr098_r10_40_uai_EMCC_100_n200_roFalse_s0: [0.0105,0.0886]	 45 runs	 rmse=0.01056	 T_learn=204097 ms. 	 T_infer=1277 ms.
2026-02-02 16:20:01,150|INFO|random_mc2_n6_mid3_d1000_05_mr098_r10_40_uai_EMCC_100_n200_roFalse_s0: Saving results to ../results/synthetic/s123/random_mc2_n6_mid3_d1000_05_mr098_r10_40_uai_EMCC_100_n200_roFalse_s0.csv
2026-02-02 16:20:01,311|INFO|random_mc2_n5_mid3_d1000_05_mr098_r10_95_uai_EMCC_100_n200_roTrue_s0: [0.0000,0.0025]	 50 runs	 rmse=0.01654	 T_learn=190728 ms. 	 T_infer=1794 ms.
2026-02-02 16:20:01,316|INFO|random_mc2_n5_mid3_d1000_05_mr098_r10_95_uai_EMCC_100_n200_roTrue_s0: Saving results to ../results/synthetic/s123/random_mc2_n5_mid3_d1000_05_mr098_r10_95_uai_EMCC_100_n200_roTrue_s0.csv
2026-02-02 16:20:01,799|INFO|random_mc2_n6_mid3_d1000_05_mr098_r10_141_uai_EMCC_100_n200_roFalse_s0: [0.2562,0.2709]	 12 runs	 rmse=0.00756	 T_learn=186765 ms. 	 T_infer=4095 ms.
2026-02-02 16:20:01,803|INFO|random_mc2_n6_mid3_d1000_05_mr098_r10_141_uai_EMCC_100_n200_roFalse_s0: Saving results to ../results/synthetic/s123/random_mc2_n6_mid3_d1000_05_mr098_r10_141_uai_EMCC_100_n200_roFalse_s0.csv
2026-02-02 16:20:02,086|INFO|random_mc2_n5_mid3_d1000_05_mr098_r10_149_uai_EMCC_100_n200_roTrue_s0: [0.0014,0.0135]	 48 runs	 rmse=0.00167	 T_learn=185852 ms. 	 T_infer=1132 ms.
2026-02-02 16:20:02,091|INFO|random_mc2_n5_mid3_d1000_05_mr098_r10_149_uai_EMCC_100_n200_roTrue_s0: Saving results to ../results/synthetic/s123/random_mc2_n5_mid3_d1000_05_mr098_r10_149_uai_EMCC_100_n200_roTrue_s0.csv
2026-02-02 16:20:02,110|INFO|random_mc2_n5_mid3_d1000_05_mr098_r10_41_uai_EMCC_100_n200_roTrue_s0: [0.0160,0.0161]	 34 runs	 rmse=0.00014	 T_learn=208975 ms. 	 T_infer=1477 ms.
2026-02-02 16:20:02,115|INFO|random_mc2_n5_mid3_d1000_05_mr098_r10_41_uai_EMCC_100_n200_roTrue_s0: Saving results to ../results/synthetic/s123/random_mc2_n5_mid3_d1000_05_mr098_r10_41_uai_EMCC_100_n200_roTrue_s0.csv
2026-02-02 16:20:02,204|INFO|random_mc2_n6_mid3_d1000_05_mr098_r10_158_uai_EMCC_100_n200_roFalse_s0: [0.0012,0.0426]	 45 runs	 rmse=0.03311	 T_learn=257193 ms. 	 T_infer=1248 ms.
2026-02-02 16:20:02,209|INFO|random_mc2_n6_mid3_d1000_05_mr098_r10_158_uai_EMCC_100_n200_roFalse_s0: Saving results to ../results/synthetic/s123/random_mc2_n6_mid3_d1000_05_mr098_r10_158_uai_EMCC_100_n200_roFalse_s0.csv
2026-02-02 16:20:02,271|INFO|random_mc2_n6_mid3_d1000_05_mr098_r10_169_uai_EMCC_100_n200_roFalse_s0: [0.0052,0.0278]	 38 runs	 rmse=0.01330	 T_learn=232511 ms. 	 T_infer=1111 ms.
2026-02-02 16:20:02,275|INFO|random_mc2_n6_mid3_d1000_05_mr098_r10_169_uai_EMCC_100_n200_roFalse_s0: Saving results to ../results/synthetic/s123/random_mc2_n6_mid3_d1000_05_mr098_r10_169_uai_EMCC_100_n200_roFalse_s0.csv
2026-02-02 16:20:03,709|INFO|random_mc2_n5_mid3_d1000_05_mr098_r10_48_uai_EMCC_100_n200_roFalse_s0: [0.3753,0.4202]	 48 runs	 rmse=0.00476	 T_learn=170241 ms. 	 T_infer=914 ms.
2026-02-02 16:20:03,714|INFO|random_mc2_n5_mid3_d1000_05_mr098_r10_48_uai_EMCC_100_n200_roFalse_s0: Saving results to ../results/synthetic/s123/random_mc2_n5_mid3_d1000_05_mr098_r10_48_uai_EMCC_100_n200_roFalse_s0.csv
2026-02-02 16:20:03,824|INFO|random_mc2_n5_mid3_d1000_05_mr098_r10_128_uai_EMCC_100_n200_roFalse_s0: [0.0050,0.0537]	 53 runs	 rmse=0.00572	 T_learn=183954 ms. 	 T_infer=999 ms.
2026-02-02 16:20:03,828|INFO|random_mc2_n5_mid3_d1000_05_mr098_r10_128_uai_EMCC_100_n200_roFalse_s0: Saving results to ../results/synthetic/s123/random_mc2_n5_mid3_d1000_05_mr098_r10_128_uai_EMCC_100_n200_roFalse_s0.csv
2026-02-02 16:20:04,128|INFO|random_mc2_n7_mid3_d1000_05_mr098_r10_15_uai_EMCC_100_n200_roTrue_s0: [0.3912,0.4450]	 24 runs	 rmse=0.10617	 T_learn=246451 ms. 	 T_infer=1558 ms.
2026-02-02 16:20:04,133|INFO|random_mc2_n7_mid3_d1000_05_mr098_r10_15_uai_EMCC_100_n200_roTrue_s0: Saving results to ../results/synthetic/s123/random_mc2_n7_mid3_d1000_05_mr098_r10_15_uai_EMCC_100_n200_roTrue_s0.csv
2026-02-02 16:20:04,951|INFO|random_mc2_n5_mid3_d1000_05_mr098_r10_4_uai_EMCC_100_n200_roTrue_s0: [0.0085,0.0214]	 61 runs	 rmse=0.01871	 T_learn=178747 ms. 	 T_infer=1573 ms.
2026-02-02 16:20:04,956|INFO|random_mc2_n5_mid3_d1000_05_mr098_r10_4_uai_EMCC_100_n200_roTrue_s0: Saving results to ../results/synthetic/s123/random_mc2_n5_mid3_d1000_05_mr098_r10_4_uai_EMCC_100_n200_roTrue_s0.csv
2026-02-02 16:20:05,575|INFO|random_mc2_n6_mid3_d1000_05_mr098_r10_178_uai_EMCC_100_n200_roFalse_s0: [0.2188,0.3042]	 22 runs	 rmse=0.11707	 T_learn=219668 ms. 	 T_infer=1735 ms.
2026-02-02 16:20:05,579|INFO|random_mc2_n6_mid3_d1000_05_mr098_r10_178_uai_EMCC_100_n200_roFalse_s0: Saving results to ../results/synthetic/s123/random_mc2_n6_mid3_d1000_05_mr098_r10_178_uai_EMCC_100_n200_roFalse_s0.csv
2026-02-02 16:20:06,600|INFO|random_mc2_n6_mid3_d1000_05_mr098_r10_139_uai_EMCC_100_n200_roFalse_s0: [0.0005,0.0132]	 43 runs	 rmse=0.00124	 T_learn=206324 ms. 	 T_infer=1477 ms.
2026-02-02 16:20:06,605|INFO|random_mc2_n6_mid3_d1000_05_mr098_r10_139_uai_EMCC_100_n200_roFalse_s0: Saving results to ../results/synthetic/s123/random_mc2_n6_mid3_d1000_05_mr098_r10_139_uai_EMCC_100_n200_roFalse_s0.csv
2026-02-02 16:20:06,879|INFO|random_mc2_n6_mid3_d1000_05_mr098_r10_81_uai_EMCC_100_n200_roFalse_s0: [0.3365,0.3401]	 38 runs	 rmse=0.00300	 T_learn=162956 ms. 	 T_infer=1988 ms.
2026-02-02 16:20:06,884|INFO|random_mc2_n6_mid3_d1000_05_mr098_r10_81_uai_EMCC_100_n200_roFalse_s0: Saving results to ../results/synthetic/s123/random_mc2_n6_mid3_d1000_05_mr098_r10_81_uai_EMCC_100_n200_roFalse_s0.csv
2026-02-02 16:20:06,930|INFO|random_mc2_n5_mid3_d1000_05_mr098_r10_95_uai_EMCC_100_n200_roTrue_s0: [0.0000,0.0025]	 51 runs	 rmse=0.01654	 T_learn=194629 ms. 	 T_infer=1713 ms.
2026-02-02 16:20:06,935|INFO|random_mc2_n5_mid3_d1000_05_mr098_r10_95_uai_EMCC_100_n200_roTrue_s0: Saving results to ../results/synthetic/s123/random_mc2_n5_mid3_d1000_05_mr098_r10_95_uai_EMCC_100_n200_roTrue_s0.csv
2026-02-02 16:20:07,161|INFO|random_mc2_n6_mid3_d1000_05_mr098_r10_40_uai_EMCC_100_n200_roFalse_s0: [0.0105,0.0886]	 46 runs	 rmse=0.01056	 T_learn=208741 ms. 	 T_infer=1367 ms.
2026-02-02 16:20:07,162|INFO|random_mc2_n5_mid3_d1000_05_mr098_r10_149_uai_EMCC_100_n200_roTrue_s0: [0.0014,0.0135]	 49 runs	 rmse=0.00167	 T_learn=189770 ms. 	 T_infer=1152 ms.
2026-02-02 16:20:07,166|INFO|random_mc2_n6_mid3_d1000_05_mr098_r10_40_uai_EMCC_100_n200_roFalse_s0: Saving results to ../results/synthetic/s123/random_mc2_n6_mid3_d1000_05_mr098_r10_40_uai_EMCC_100_n200_roFalse_s0.csv
2026-02-02 16:20:07,166|INFO|random_mc2_n5_mid3_d1000_05_mr098_r10_149_uai_EMCC_100_n200_roTrue_s0: Saving results to ../results/synthetic/s123/random_mc2_n5_mid3_d1000_05_mr098_r10_149_uai_EMCC_100_n200_roTrue_s0.csv
2026-02-02 16:20:08,315|INFO|random_mc2_n6_mid3_d1000_05_mr098_r10_23_uai_EMCC_100_n200_roTrue_s0: [0.0040,0.1153]	 21 runs	 rmse=0.09137	 T_learn=209042 ms. 	 T_infer=1009 ms.
2026-02-02 16:20:08,319|INFO|random_mc2_n6_mid3_d1000_05_mr098_r10_23_uai_EMCC_100_n200_roTrue_s0: Saving results to ../results/synthetic/s123/random_mc2_n6_mid3_d1000_05_mr098_r10_23_uai_EMCC_100_n200_roTrue_s0.csv
2026-02-02 16:20:08,332|INFO|random_mc2_n5_mid3_d1000_05_mr098_r10_128_uai_EMCC_100_n200_roFalse_s0: [0.0050,0.0537]	 54 runs	 rmse=0.00572	 T_learn=187443 ms. 	 T_infer=1014 ms.
2026-02-02 16:20:08,336|INFO|random_mc2_n5_mid3_d1000_05_mr098_r10_128_uai_EMCC_100_n200_roFalse_s0: Saving results to ../results/synthetic/s123/random_mc2_n5_mid3_d1000_05_mr098_r10_128_uai_EMCC_100_n200_roFalse_s0.csv
2026-02-02 16:20:08,371|INFO|random_mc2_n5_mid3_d1000_05_mr098_r10_48_uai_EMCC_100_n200_roFalse_s0: [0.3744,0.4202]	 49 runs	 rmse=0.00390	 T_learn=173967 ms. 	 T_infer=931 ms.
2026-02-02 16:20:08,375|INFO|random_mc2_n5_mid3_d1000_05_mr098_r10_48_uai_EMCC_100_n200_roFalse_s0: Saving results to ../results/synthetic/s123/random_mc2_n5_mid3_d1000_05_mr098_r10_48_uai_EMCC_100_n200_roFalse_s0.csv
2026-02-02 16:20:08,619|INFO|random_mc2_n7_mid3_d1000_05_mr098_r10_163_uai_EMCC_100_n200_roFalse_s0: [0.0601,0.2192]	 24 runs	 rmse=0.08024	 T_learn=216868 ms. 	 T_infer=2020 ms.
2026-02-02 16:20:08,624|INFO|random_mc2_n7_mid3_d1000_05_mr098_r10_163_uai_EMCC_100_n200_roFalse_s0: Saving results to ../results/synthetic/s123/random_mc2_n7_mid3_d1000_05_mr098_r10_163_uai_EMCC_100_n200_roFalse_s0.csv
2026-02-02 16:20:09,316|INFO|random_mc2_n6_mid3_d1000_05_mr098_r10_158_uai_EMCC_100_n200_roFalse_s0: [0.0008,0.0426]	 46 runs	 rmse=0.03310	 T_learn=263165 ms. 	 T_infer=1135 ms.
2026-02-02 16:20:09,321|INFO|random_mc2_n6_mid3_d1000_05_mr098_r10_158_uai_EMCC_100_n200_roFalse_s0: Saving results to ../results/synthetic/s123/random_mc2_n6_mid3_d1000_05_mr098_r10_158_uai_EMCC_100_n200_roFalse_s0.csv
2026-02-02 16:20:09,545|INFO|random_mc2_n5_mid3_d1000_05_mr098_r10_4_uai_EMCC_100_n200_roTrue_s0: [0.0085,0.0214]	 62 runs	 rmse=0.01871	 T_learn=181738 ms. 	 T_infer=1598 ms.
2026-02-02 16:20:09,553|INFO|random_mc2_n5_mid3_d1000_05_mr098_r10_4_uai_EMCC_100_n200_roTrue_s0: Saving results to ../results/synthetic/s123/random_mc2_n5_mid3_d1000_05_mr098_r10_4_uai_EMCC_100_n200_roTrue_s0.csv
2026-02-02 16:20:09,683|INFO|random_mc2_n6_mid3_d1000_05_mr098_r10_169_uai_EMCC_100_n200_roFalse_s0: [0.0052,0.0278]	 39 runs	 rmse=0.01330	 T_learn=238658 ms. 	 T_infer=1261 ms.
2026-02-02 16:20:09,687|INFO|random_mc2_n6_mid3_d1000_05_mr098_r10_169_uai_EMCC_100_n200_roFalse_s0: Saving results to ../results/synthetic/s123/random_mc2_n6_mid3_d1000_05_mr098_r10_169_uai_EMCC_100_n200_roFalse_s0.csv
2026-02-02 16:20:09,855|INFO|random_mc2_n9_mid3_d1000_05_mr098_r10_119_uai_EMCC_100_n200_roTrue_s0: [0.0805,0.0923]	 15 runs	 rmse=0.00684	 T_learn=176638 ms. 	 T_infer=1099 ms.
2026-02-02 16:20:09,860|INFO|random_mc2_n9_mid3_d1000_05_mr098_r10_119_uai_EMCC_100_n200_roTrue_s0: Saving results to ../results/synthetic/s123/random_mc2_n9_mid3_d1000_05_mr098_r10_119_uai_EMCC_100_n200_roTrue_s0.csv
2026-02-02 16:20:09,925|INFO|random_mc2_n5_mid3_d1000_05_mr098_r10_41_uai_EMCC_100_n200_roTrue_s0: [0.0160,0.0161]	 35 runs	 rmse=0.00014	 T_learn=215269 ms. 	 T_infer=1516 ms.
2026-02-02 16:20:09,929|INFO|random_mc2_n5_mid3_d1000_05_mr098_r10_41_uai_EMCC_100_n200_roTrue_s0: Saving results to ../results/synthetic/s123/random_mc2_n5_mid3_d1000_05_mr098_r10_41_uai_EMCC_100_n200_roTrue_s0.csv
2026-02-02 16:20:12,457|INFO|random_mc2_n5_mid3_d1000_05_mr098_r10_149_uai_EMCC_100_n200_roTrue_s0: [0.0014,0.0135]	 50 runs	 rmse=0.00167	 T_learn=193764 ms. 	 T_infer=1297 ms.
2026-02-02 16:20:12,463|INFO|random_mc2_n5_mid3_d1000_05_mr098_r10_149_uai_EMCC_100_n200_roTrue_s0: Saving results to ../results/synthetic/s123/random_mc2_n5_mid3_d1000_05_mr098_r10_149_uai_EMCC_100_n200_roTrue_s0.csv
2026-02-02 16:20:12,580|INFO|random_mc2_n5_mid3_d1000_05_mr098_r10_95_uai_EMCC_100_n200_roTrue_s0: [0.0000,0.0025]	 52 runs	 rmse=0.01654	 T_learn=198534 ms. 	 T_infer=1740 ms.
2026-02-02 16:20:12,587|INFO|random_mc2_n5_mid3_d1000_05_mr098_r10_95_uai_EMCC_100_n200_roTrue_s0: Saving results to ../results/synthetic/s123/random_mc2_n5_mid3_d1000_05_mr098_r10_95_uai_EMCC_100_n200_roTrue_s0.csv
2026-02-02 16:20:12,818|INFO|random_mc2_n5_mid3_d1000_05_mr098_r10_48_uai_EMCC_100_n200_roFalse_s0: [0.3744,0.4202]	 50 runs	 rmse=0.00390	 T_learn=177460 ms. 	 T_infer=949 ms.
2026-02-02 16:20:12,823|INFO|random_mc2_n5_mid3_d1000_05_mr098_r10_48_uai_EMCC_100_n200_roFalse_s0: Saving results to ../results/synthetic/s123/random_mc2_n5_mid3_d1000_05_mr098_r10_48_uai_EMCC_100_n200_roFalse_s0.csv
2026-02-02 16:20:12,850|INFO|random_mc2_n5_mid3_d1000_05_mr098_r10_128_uai_EMCC_100_n200_roFalse_s0: [0.0050,0.0537]	 55 runs	 rmse=0.00572	 T_learn=190924 ms. 	 T_infer=1032 ms.
2026-02-02 16:20:12,855|INFO|random_mc2_n5_mid3_d1000_05_mr098_r10_128_uai_EMCC_100_n200_roFalse_s0: Saving results to ../results/synthetic/s123/random_mc2_n5_mid3_d1000_05_mr098_r10_128_uai_EMCC_100_n200_roFalse_s0.csv
2026-02-02 16:20:13,095|INFO|random_mc2_n6_mid3_d1000_05_mr098_r10_40_uai_EMCC_100_n200_roFalse_s0: [0.0105,0.0886]	 47 runs	 rmse=0.01056	 T_learn=213337 ms. 	 T_infer=1333 ms.
2026-02-02 16:20:13,100|INFO|random_mc2_n6_mid3_d1000_05_mr098_r10_40_uai_EMCC_100_n200_roFalse_s0: Saving results to ../results/synthetic/s123/random_mc2_n6_mid3_d1000_05_mr098_r10_40_uai_EMCC_100_n200_roFalse_s0.csv
2026-02-02 16:20:13,129|INFO|random_mc2_n6_mid3_d1000_05_mr098_r10_139_uai_EMCC_100_n200_roFalse_s0: [0.0005,0.0132]	 44 runs	 rmse=0.00124	 T_learn=211232 ms. 	 T_infer=1616 ms.
2026-02-02 16:20:13,134|INFO|random_mc2_n6_mid3_d1000_05_mr098_r10_139_uai_EMCC_100_n200_roFalse_s0: Saving results to ../results/synthetic/s123/random_mc2_n6_mid3_d1000_05_mr098_r10_139_uai_EMCC_100_n200_roFalse_s0.csv
2026-02-02 16:20:13,440|INFO|random_mc2_n6_mid3_d1000_05_mr098_r10_81_uai_EMCC_100_n200_roFalse_s0: [0.3365,0.3401]	 39 runs	 rmse=0.00300	 T_learn=167478 ms. 	 T_infer=2034 ms.
2026-02-02 16:20:13,445|INFO|random_mc2_n6_mid3_d1000_05_mr098_r10_81_uai_EMCC_100_n200_roFalse_s0: Saving results to ../results/synthetic/s123/random_mc2_n6_mid3_d1000_05_mr098_r10_81_uai_EMCC_100_n200_roFalse_s0.csv
2026-02-02 16:20:14,292|INFO|random_mc2_n5_mid3_d1000_05_mr098_r10_4_uai_EMCC_100_n200_roTrue_s0: [0.0085,0.0214]	 63 runs	 rmse=0.01871	 T_learn=184722 ms. 	 T_infer=1755 ms.
2026-02-02 16:20:14,297|INFO|random_mc2_n5_mid3_d1000_05_mr098_r10_4_uai_EMCC_100_n200_roTrue_s0: Saving results to ../results/synthetic/s123/random_mc2_n5_mid3_d1000_05_mr098_r10_4_uai_EMCC_100_n200_roTrue_s0.csv
2026-02-02 16:20:16,372|INFO|random_mc2_n7_mid3_d1000_05_mr098_r10_15_uai_EMCC_100_n200_roTrue_s0: [0.3883,0.4450]	 25 runs	 rmse=0.10428	 T_learn=257066 ms. 	 T_infer=1624 ms.
2026-02-02 16:20:16,377|INFO|random_mc2_n7_mid3_d1000_05_mr098_r10_15_uai_EMCC_100_n200_roTrue_s0: Saving results to ../results/synthetic/s123/random_mc2_n7_mid3_d1000_05_mr098_r10_15_uai_EMCC_100_n200_roTrue_s0.csv
2026-02-02 16:20:16,470|INFO|random_mc2_n6_mid3_d1000_05_mr098_r10_158_uai_EMCC_100_n200_roFalse_s0: [0.0008,0.0426]	 47 runs	 rmse=0.03310	 T_learn=269152 ms. 	 T_infer=1161 ms.
2026-02-02 16:20:16,476|INFO|random_mc2_n6_mid3_d1000_05_mr098_r10_158_uai_EMCC_100_n200_roFalse_s0: Saving results to ../results/synthetic/s123/random_mc2_n6_mid3_d1000_05_mr098_r10_158_uai_EMCC_100_n200_roFalse_s0.csv
2026-02-02 16:20:16,990|INFO|random_mc2_n6_mid3_d1000_05_mr098_r10_169_uai_EMCC_100_n200_roFalse_s0: [0.0052,0.0278]	 40 runs	 rmse=0.01330	 T_learn=244791 ms. 	 T_infer=1169 ms.
2026-02-02 16:20:16,995|INFO|random_mc2_n6_mid3_d1000_05_mr098_r10_169_uai_EMCC_100_n200_roFalse_s0: Saving results to ../results/synthetic/s123/random_mc2_n6_mid3_d1000_05_mr098_r10_169_uai_EMCC_100_n200_roFalse_s0.csv
2026-02-02 16:20:17,414|INFO|random_mc2_n6_mid3_d1000_05_mr098_r10_178_uai_EMCC_100_n200_roFalse_s0: [0.2188,0.3042]	 23 runs	 rmse=0.11707	 T_learn=229819 ms. 	 T_infer=1683 ms.
2026-02-02 16:20:17,418|INFO|random_mc2_n6_mid3_d1000_05_mr098_r10_178_uai_EMCC_100_n200_roFalse_s0: Saving results to ../results/synthetic/s123/random_mc2_n6_mid3_d1000_05_mr098_r10_178_uai_EMCC_100_n200_roFalse_s0.csv
2026-02-02 16:20:17,467|INFO|random_mc2_n5_mid3_d1000_05_mr098_r10_48_uai_EMCC_100_n200_roFalse_s0: [0.3744,0.4202]	 51 runs	 rmse=0.00390	 T_learn=181144 ms. 	 T_infer=960 ms.
2026-02-02 16:20:17,472|INFO|random_mc2_n5_mid3_d1000_05_mr098_r10_48_uai_EMCC_100_n200_roFalse_s0: Saving results to ../results/synthetic/s123/random_mc2_n5_mid3_d1000_05_mr098_r10_48_uai_EMCC_100_n200_roFalse_s0.csv
2026-02-02 16:20:17,512|INFO|random_mc2_n5_mid3_d1000_05_mr098_r10_128_uai_EMCC_100_n200_roFalse_s0: [0.0050,0.0537]	 56 runs	 rmse=0.00572	 T_learn=194539 ms. 	 T_infer=1042 ms.
2026-02-02 16:20:17,516|INFO|random_mc2_n5_mid3_d1000_05_mr098_r10_128_uai_EMCC_100_n200_roFalse_s0: Saving results to ../results/synthetic/s123/random_mc2_n5_mid3_d1000_05_mr098_r10_128_uai_EMCC_100_n200_roFalse_s0.csv
2026-02-02 16:20:17,539|INFO|random_mc2_n5_mid3_d1000_05_mr098_r10_149_uai_EMCC_100_n200_roTrue_s0: [0.0014,0.0135]	 51 runs	 rmse=0.00167	 T_learn=197651 ms. 	 T_infer=1189 ms.
2026-02-02 16:20:17,543|INFO|random_mc2_n5_mid3_d1000_05_mr098_r10_149_uai_EMCC_100_n200_roTrue_s0: Saving results to ../results/synthetic/s123/random_mc2_n5_mid3_d1000_05_mr098_r10_149_uai_EMCC_100_n200_roTrue_s0.csv
2026-02-02 16:20:17,686|INFO|random_mc2_n5_mid3_d1000_05_mr098_r10_41_uai_EMCC_100_n200_roTrue_s0: [0.0160,0.0161]	 36 runs	 rmse=0.00014	 T_learn=221471 ms. 	 T_infer=1554 ms.
2026-02-02 16:20:17,690|INFO|random_mc2_n5_mid3_d1000_05_mr098_r10_41_uai_EMCC_100_n200_roTrue_s0: Saving results to ../results/synthetic/s123/random_mc2_n5_mid3_d1000_05_mr098_r10_41_uai_EMCC_100_n200_roTrue_s0.csv
2026-02-02 16:20:18,283|INFO|random_mc2_n5_mid3_d1000_05_mr098_r10_95_uai_EMCC_100_n200_roTrue_s0: [0.0000,0.0025]	 53 runs	 rmse=0.01654	 T_learn=202460 ms. 	 T_infer=1771 ms.
2026-02-02 16:20:18,289|INFO|random_mc2_n5_mid3_d1000_05_mr098_r10_95_uai_EMCC_100_n200_roTrue_s0: Saving results to ../results/synthetic/s123/random_mc2_n5_mid3_d1000_05_mr098_r10_95_uai_EMCC_100_n200_roTrue_s0.csv
2026-02-02 16:20:18,889|INFO|random_mc2_n5_mid3_d1000_05_mr098_r10_4_uai_EMCC_100_n200_roTrue_s0: [0.0085,0.0214]	 64 runs	 rmse=0.01871	 T_learn=187678 ms. 	 T_infer=1635 ms.
2026-02-02 16:20:18,894|INFO|random_mc2_n5_mid3_d1000_05_mr098_r10_4_uai_EMCC_100_n200_roTrue_s0: Saving results to ../results/synthetic/s123/random_mc2_n5_mid3_d1000_05_mr098_r10_4_uai_EMCC_100_n200_roTrue_s0.csv
2026-02-02 16:20:19,027|INFO|random_mc2_n6_mid3_d1000_05_mr098_r10_23_uai_EMCC_100_n200_roTrue_s0: [0.0040,0.1153]	 22 runs	 rmse=0.09137	 T_learn=218700 ms. 	 T_infer=1051 ms.
2026-02-02 16:20:19,031|INFO|random_mc2_n6_mid3_d1000_05_mr098_r10_23_uai_EMCC_100_n200_roTrue_s0: Saving results to ../results/synthetic/s123/random_mc2_n6_mid3_d1000_05_mr098_r10_23_uai_EMCC_100_n200_roTrue_s0.csv
2026-02-02 16:20:19,056|INFO|random_mc2_n6_mid3_d1000_05_mr098_r10_40_uai_EMCC_100_n200_roFalse_s0: [0.0105,0.0886]	 48 runs	 rmse=0.01056	 T_learn=217921 ms. 	 T_infer=1371 ms.
2026-02-02 16:20:19,060|INFO|random_mc2_n6_mid3_d1000_05_mr098_r10_40_uai_EMCC_100_n200_roFalse_s0: Saving results to ../results/synthetic/s123/random_mc2_n6_mid3_d1000_05_mr098_r10_40_uai_EMCC_100_n200_roFalse_s0.csv
2026-02-02 16:20:19,556|INFO|random_mc2_n6_mid3_d1000_05_mr098_r10_139_uai_EMCC_100_n200_roFalse_s0: [0.0005,0.0132]	 45 runs	 rmse=0.00124	 T_learn=216116 ms. 	 T_infer=1537 ms.
2026-02-02 16:20:19,561|INFO|random_mc2_n6_mid3_d1000_05_mr098_r10_139_uai_EMCC_100_n200_roFalse_s0: Saving results to ../results/synthetic/s123/random_mc2_n6_mid3_d1000_05_mr098_r10_139_uai_EMCC_100_n200_roFalse_s0.csv
2026-02-02 16:20:19,914|INFO|random_mc2_n6_mid3_d1000_05_mr098_r10_81_uai_EMCC_100_n200_roFalse_s0: [0.3365,0.3401]	 40 runs	 rmse=0.00300	 T_learn=171866 ms. 	 T_infer=2082 ms.
2026-02-02 16:20:19,918|INFO|random_mc2_n6_mid3_d1000_05_mr098_r10_81_uai_EMCC_100_n200_roFalse_s0: Saving results to ../results/synthetic/s123/random_mc2_n6_mid3_d1000_05_mr098_r10_81_uai_EMCC_100_n200_roFalse_s0.csv
2026-02-02 16:20:20,134|INFO|random_mc2_n7_mid3_d1000_05_mr098_r10_163_uai_EMCC_100_n200_roFalse_s0: [0.0601,0.2192]	 25 runs	 rmse=0.08024	 T_learn=226276 ms. 	 T_infer=2102 ms.
2026-02-02 16:20:20,139|INFO|random_mc2_n7_mid3_d1000_05_mr098_r10_163_uai_EMCC_100_n200_roFalse_s0: Saving results to ../results/synthetic/s123/random_mc2_n7_mid3_d1000_05_mr098_r10_163_uai_EMCC_100_n200_roFalse_s0.csv
2026-02-02 16:20:22,003|INFO|random_mc2_n5_mid3_d1000_05_mr098_r10_48_uai_EMCC_100_n200_roFalse_s0: [0.3744,0.4202]	 52 runs	 rmse=0.00390	 T_learn=184690 ms. 	 T_infer=985 ms.
2026-02-02 16:20:22,008|INFO|random_mc2_n5_mid3_d1000_05_mr098_r10_48_uai_EMCC_100_n200_roFalse_s0: Saving results to ../results/synthetic/s123/random_mc2_n5_mid3_d1000_05_mr098_r10_48_uai_EMCC_100_n200_roFalse_s0.csv
2026-02-02 16:20:22,123|INFO|random_mc2_n6_mid3_d1000_05_mr098_r10_141_uai_EMCC_100_n200_roFalse_s0: [0.2562,0.2709]	 13 runs	 rmse=0.00756	 T_learn=202656 ms. 	 T_infer=4429 ms.
2026-02-02 16:20:22,127|INFO|random_mc2_n6_mid3_d1000_05_mr098_r10_141_uai_EMCC_100_n200_roFalse_s0: Saving results to ../results/synthetic/s123/random_mc2_n6_mid3_d1000_05_mr098_r10_141_uai_EMCC_100_n200_roFalse_s0.csv
2026-02-02 16:20:22,132|INFO|random_mc2_n5_mid3_d1000_05_mr098_r10_128_uai_EMCC_100_n200_roFalse_s0: [0.0050,0.0537]	 57 runs	 rmse=0.00572	 T_learn=198086 ms. 	 T_infer=1069 ms.
2026-02-02 16:20:22,137|INFO|random_mc2_n5_mid3_d1000_05_mr098_r10_128_uai_EMCC_100_n200_roFalse_s0: Saving results to ../results/synthetic/s123/random_mc2_n5_mid3_d1000_05_mr098_r10_128_uai_EMCC_100_n200_roFalse_s0.csv
2026-02-02 16:20:22,790|INFO|random_mc2_n5_mid3_d1000_05_mr098_r10_149_uai_EMCC_100_n200_roTrue_s0: [0.0014,0.0135]	 52 runs	 rmse=0.00167	 T_learn=201640 ms. 	 T_infer=1257 ms.
2026-02-02 16:20:22,794|INFO|random_mc2_n5_mid3_d1000_05_mr098_r10_149_uai_EMCC_100_n200_roTrue_s0: Saving results to ../results/synthetic/s123/random_mc2_n5_mid3_d1000_05_mr098_r10_149_uai_EMCC_100_n200_roTrue_s0.csv
2026-02-02 16:20:22,826|INFO|random_mc2_n9_mid3_d1000_05_mr098_r10_119_uai_EMCC_100_n200_roTrue_s0: [0.0805,0.0923]	 16 runs	 rmse=0.00684	 T_learn=188434 ms. 	 T_infer=1170 ms.
2026-02-02 16:20:22,830|INFO|random_mc2_n9_mid3_d1000_05_mr098_r10_119_uai_EMCC_100_n200_roTrue_s0: Saving results to ../results/synthetic/s123/random_mc2_n9_mid3_d1000_05_mr098_r10_119_uai_EMCC_100_n200_roTrue_s0.csv
2026-02-02 16:20:23,547|INFO|random_mc2_n5_mid3_d1000_05_mr098_r10_4_uai_EMCC_100_n200_roTrue_s0: [0.0085,0.0214]	 65 runs	 rmse=0.01871	 T_learn=190659 ms. 	 T_infer=1672 ms.
2026-02-02 16:20:23,552|INFO|random_mc2_n5_mid3_d1000_05_mr098_r10_4_uai_EMCC_100_n200_roTrue_s0: Saving results to ../results/synthetic/s123/random_mc2_n5_mid3_d1000_05_mr098_r10_4_uai_EMCC_100_n200_roTrue_s0.csv
2026-02-02 16:20:23,577|INFO|random_mc2_n6_mid3_d1000_05_mr098_r10_158_uai_EMCC_100_n200_roFalse_s0: [0.0008,0.0426]	 48 runs	 rmse=0.03310	 T_learn=275068 ms. 	 T_infer=1185 ms.
2026-02-02 16:20:23,582|INFO|random_mc2_n6_mid3_d1000_05_mr098_r10_158_uai_EMCC_100_n200_roFalse_s0: Saving results to ../results/synthetic/s123/random_mc2_n6_mid3_d1000_05_mr098_r10_158_uai_EMCC_100_n200_roFalse_s0.csv
2026-02-02 16:20:24,018|INFO|random_mc2_n5_mid3_d1000_05_mr098_r10_95_uai_EMCC_100_n200_roTrue_s0: [0.0000,0.0025]	 54 runs	 rmse=0.01654	 T_learn=206378 ms. 	 T_infer=1811 ms.
2026-02-02 16:20:24,023|INFO|random_mc2_n5_mid3_d1000_05_mr098_r10_95_uai_EMCC_100_n200_roTrue_s0: Saving results to ../results/synthetic/s123/random_mc2_n5_mid3_d1000_05_mr098_r10_95_uai_EMCC_100_n200_roTrue_s0.csv
2026-02-02 16:20:24,368|INFO|random_mc2_n6_mid3_d1000_05_mr098_r10_169_uai_EMCC_100_n200_roFalse_s0: [0.0052,0.0278]	 41 runs	 rmse=0.01330	 T_learn=250966 ms. 	 T_infer=1198 ms.
2026-02-02 16:20:24,372|INFO|random_mc2_n6_mid3_d1000_05_mr098_r10_169_uai_EMCC_100_n200_roFalse_s0: Saving results to ../results/synthetic/s123/random_mc2_n6_mid3_d1000_05_mr098_r10_169_uai_EMCC_100_n200_roFalse_s0.csv
2026-02-02 16:20:25,054|INFO|random_mc2_n6_mid3_d1000_05_mr098_r10_40_uai_EMCC_100_n200_roFalse_s0: [0.0105,0.0886]	 49 runs	 rmse=0.01056	 T_learn=222512 ms. 	 T_infer=1403 ms.
2026-02-02 16:20:25,066|INFO|random_mc2_n6_mid3_d1000_05_mr098_r10_40_uai_EMCC_100_n200_roFalse_s0: Saving results to ../results/synthetic/s123/random_mc2_n6_mid3_d1000_05_mr098_r10_40_uai_EMCC_100_n200_roFalse_s0.csv
slurmstepd: error: *** JOB 243471 ON nodo03 CANCELLED AT 2026-02-02T16:20:25 ***
