2026-02-06 13:13:55,619|INFO|random_mc2_n6_mid3_d1000_05_mr098_r10_28_uai_GDCC_1e-05_n200_roTrue_s0: Arguments: Namespace(method='GDCC_1e-05', numruns='200', seed='0', output='../results/synthetic/s123/', rewrite=True, removeoutliers=True, filepath=['../models/synthetic/s123/random_mc2_n6_mid3_d1000_05_mr098_r10_28.uai'])
2026-02-06 13:13:55,620|INFO|random_mc2_n5_mid3_d1000_05_mr098_r10_99_uai_GDCC_1e-05_n200_roFalse_s0: Arguments: Namespace(method='GDCC_1e-05', numruns='200', seed='0', output='../results/synthetic/s123/', rewrite=True, removeoutliers=False, filepath=['../models/synthetic/s123/random_mc2_n5_mid3_d1000_05_mr098_r10_99.uai'])
2026-02-06 13:13:55,621|INFO|random_mc2_n5_mid3_d1000_05_mr098_r10_172_uai_GDCC_1e-05_n200_roFalse_s0: Arguments: Namespace(method='GDCC_1e-05', numruns='200', seed='0', output='../results/synthetic/s123/', rewrite=True, removeoutliers=False, filepath=['../models/synthetic/s123/random_mc2_n5_mid3_d1000_05_mr098_r10_172.uai'])
2026-02-06 13:13:55,627|INFO|random_mc2_n8_mid3_d1000_05_mr098_r10_160_uai_GDCC_1e-05_n200_roTrue_s0: Arguments: Namespace(method='GDCC_1e-05', numruns='200', seed='0', output='../results/synthetic/s123/', rewrite=True, removeoutliers=True, filepath=['../models/synthetic/s123/random_mc2_n8_mid3_d1000_05_mr098_r10_160.uai'])
2026-02-06 13:13:55,628|INFO|random_mc2_n5_mid3_d1000_05_mr098_r10_34_uai_GDCC_1e-05_n200_roTrue_s0: Arguments: Namespace(method='GDCC_1e-05', numruns='200', seed='0', output='../results/synthetic/s123/', rewrite=True, removeoutliers=True, filepath=['../models/synthetic/s123/random_mc2_n5_mid3_d1000_05_mr098_r10_34.uai'])
2026-02-06 13:13:55,620|INFO|random_mc2_n6_mid3_d1000_05_mr098_r10_28_uai_GDCC_1e-05_n200_roTrue_s0: Loading model from ../models/synthetic/s123/random_mc2_n6_mid3_d1000_05_mr098_r10_28.uai
2026-02-06 13:13:55,620|INFO|random_mc2_n5_mid3_d1000_05_mr098_r10_99_uai_GDCC_1e-05_n200_roFalse_s0: Loading model from ../models/synthetic/s123/random_mc2_n5_mid3_d1000_05_mr098_r10_99.uai
2026-02-06 13:13:55,622|INFO|random_mc2_n5_mid3_d1000_05_mr098_r10_172_uai_GDCC_1e-05_n200_roFalse_s0: Loading model from ../models/synthetic/s123/random_mc2_n5_mid3_d1000_05_mr098_r10_172.uai
2026-02-06 13:13:55,627|INFO|random_mc2_n8_mid3_d1000_05_mr098_r10_160_uai_GDCC_1e-05_n200_roTrue_s0: Loading model from ../models/synthetic/s123/random_mc2_n8_mid3_d1000_05_mr098_r10_160.uai
2026-02-06 13:13:55,735|INFO|random_mc2_n5_mid3_d1000_05_mr098_r10_163_uai_GDCC_1e-05_n200_roTrue_s0: Arguments: Namespace(method='GDCC_1e-05', numruns='200', seed='0', output='../results/synthetic/s123/', rewrite=True, removeoutliers=True, filepath=['../models/synthetic/s123/random_mc2_n5_mid3_d1000_05_mr098_r10_163.uai'])
2026-02-06 13:13:55,628|INFO|random_mc2_n5_mid3_d1000_05_mr098_r10_34_uai_GDCC_1e-05_n200_roTrue_s0: Loading model from ../models/synthetic/s123/random_mc2_n5_mid3_d1000_05_mr098_r10_34.uai
2026-02-06 13:13:55,736|INFO|random_mc2_n8_mid3_d1000_05_mr098_r10_131_uai_GDCC_1e-05_n200_roTrue_s0: Arguments: Namespace(method='GDCC_1e-05', numruns='200', seed='0', output='../results/synthetic/s123/', rewrite=True, removeoutliers=True, filepath=['../models/synthetic/s123/random_mc2_n8_mid3_d1000_05_mr098_r10_131.uai'])
2026-02-06 13:13:55,737|INFO|random_mc2_n6_mid3_d1000_05_mr098_r10_156_uai_GDCC_1e-05_n200_roFalse_s0: Arguments: Namespace(method='GDCC_1e-05', numruns='200', seed='0', output='../results/synthetic/s123/', rewrite=True, removeoutliers=False, filepath=['../models/synthetic/s123/random_mc2_n6_mid3_d1000_05_mr098_r10_156.uai'])
2026-02-06 13:13:55,737|INFO|random_mc2_n7_mid3_d1000_05_mr098_r10_81_uai_GDCC_1e-05_n200_roTrue_s0: Arguments: Namespace(method='GDCC_1e-05', numruns='200', seed='0', output='../results/synthetic/s123/', rewrite=True, removeoutliers=True, filepath=['../models/synthetic/s123/random_mc2_n7_mid3_d1000_05_mr098_r10_81.uai'])
2026-02-06 13:13:55,737|INFO|random_mc2_n5_mid3_d1000_05_mr098_r10_6_uai_GDCC_1e-05_n200_roTrue_s0: Arguments: Namespace(method='GDCC_1e-05', numruns='200', seed='0', output='../results/synthetic/s123/', rewrite=True, removeoutliers=True, filepath=['../models/synthetic/s123/random_mc2_n5_mid3_d1000_05_mr098_r10_6.uai'])
2026-02-06 13:13:55,737|INFO|random_mc2_n9_mid3_d1000_05_mr098_r10_42_uai_GDCC_1e-05_n200_roTrue_s0: Arguments: Namespace(method='GDCC_1e-05', numruns='200', seed='0', output='../results/synthetic/s123/', rewrite=True, removeoutliers=True, filepath=['../models/synthetic/s123/random_mc2_n9_mid3_d1000_05_mr098_r10_42.uai'])
2026-02-06 13:13:55,791|INFO|random_mc2_n6_mid3_d1000_05_mr098_r10_28_uai_GDCC_1e-05_n200_roTrue_s0: Loading data from ../models/synthetic/s123/random_mc2_n6_mid3_d1000_05_mr098_r10_28.csv
2026-02-06 13:13:55,735|INFO|random_mc2_n5_mid3_d1000_05_mr098_r10_163_uai_GDCC_1e-05_n200_roTrue_s0: Loading model from ../models/synthetic/s123/random_mc2_n5_mid3_d1000_05_mr098_r10_163.uai
2026-02-06 13:13:55,812|INFO|random_mc2_n7_mid3_d1000_05_mr098_r10_9_uai_GDCC_1e-05_n200_roTrue_s0: Arguments: Namespace(method='GDCC_1e-05', numruns='200', seed='0', output='../results/synthetic/s123/', rewrite=True, removeoutliers=True, filepath=['../models/synthetic/s123/random_mc2_n7_mid3_d1000_05_mr098_r10_9.uai'])
2026-02-06 13:13:55,736|INFO|random_mc2_n8_mid3_d1000_05_mr098_r10_131_uai_GDCC_1e-05_n200_roTrue_s0: Loading model from ../models/synthetic/s123/random_mc2_n8_mid3_d1000_05_mr098_r10_131.uai
2026-02-06 13:13:55,737|INFO|random_mc2_n6_mid3_d1000_05_mr098_r10_156_uai_GDCC_1e-05_n200_roFalse_s0: Loading model from ../models/synthetic/s123/random_mc2_n6_mid3_d1000_05_mr098_r10_156.uai
2026-02-06 13:13:55,737|INFO|random_mc2_n7_mid3_d1000_05_mr098_r10_81_uai_GDCC_1e-05_n200_roTrue_s0: Loading model from ../models/synthetic/s123/random_mc2_n7_mid3_d1000_05_mr098_r10_81.uai
2026-02-06 13:13:55,737|INFO|random_mc2_n5_mid3_d1000_05_mr098_r10_6_uai_GDCC_1e-05_n200_roTrue_s0: Loading model from ../models/synthetic/s123/random_mc2_n5_mid3_d1000_05_mr098_r10_6.uai
2026-02-06 13:13:55,737|INFO|random_mc2_n9_mid3_d1000_05_mr098_r10_42_uai_GDCC_1e-05_n200_roTrue_s0: Loading model from ../models/synthetic/s123/random_mc2_n9_mid3_d1000_05_mr098_r10_42.uai
2026-02-06 13:13:55,816|INFO|random_mc2_n5_mid3_d1000_05_mr098_r10_99_uai_GDCC_1e-05_n200_roFalse_s0: Loading data from ../models/synthetic/s123/random_mc2_n5_mid3_d1000_05_mr098_r10_99.csv
2026-02-06 13:13:55,816|INFO|random_mc2_n5_mid3_d1000_05_mr098_r10_34_uai_GDCC_1e-05_n200_roTrue_s0: Loading data from ../models/synthetic/s123/random_mc2_n5_mid3_d1000_05_mr098_r10_34.csv
2026-02-06 13:13:55,820|INFO|random_mc2_n5_mid3_d1000_05_mr098_r10_60_uai_GDCC_1e-05_n200_roFalse_s0: Arguments: Namespace(method='GDCC_1e-05', numruns='200', seed='0', output='../results/synthetic/s123/', rewrite=True, removeoutliers=False, filepath=['../models/synthetic/s123/random_mc2_n5_mid3_d1000_05_mr098_r10_60.uai'])
2026-02-06 13:13:55,820|INFO|random_mc2_n6_mid3_d1000_05_mr098_r10_184_uai_GDCC_1e-05_n200_roFalse_s0: Arguments: Namespace(method='GDCC_1e-05', numruns='200', seed='0', output='../results/synthetic/s123/', rewrite=True, removeoutliers=False, filepath=['../models/synthetic/s123/random_mc2_n6_mid3_d1000_05_mr098_r10_184.uai'])
2026-02-06 13:13:55,822|INFO|random_mc2_n5_mid3_d1000_05_mr098_r10_172_uai_GDCC_1e-05_n200_roFalse_s0: Loading data from ../models/synthetic/s123/random_mc2_n5_mid3_d1000_05_mr098_r10_172.csv
2026-02-06 13:13:55,825|INFO|random_mc2_n7_mid3_d1000_05_mr098_r10_47_uai_GDCC_1e-05_n200_roTrue_s0: Arguments: Namespace(method='GDCC_1e-05', numruns='200', seed='0', output='../results/synthetic/s123/', rewrite=True, removeoutliers=True, filepath=['../models/synthetic/s123/random_mc2_n7_mid3_d1000_05_mr098_r10_47.uai'])
2026-02-06 13:13:55,825|INFO|random_mc2_n7_mid3_d1000_05_mr098_r10_159_uai_GDCC_1e-05_n200_roTrue_s0: Arguments: Namespace(method='GDCC_1e-05', numruns='200', seed='0', output='../results/synthetic/s123/', rewrite=True, removeoutliers=True, filepath=['../models/synthetic/s123/random_mc2_n7_mid3_d1000_05_mr098_r10_159.uai'])
2026-02-06 13:13:55,826|INFO|random_mc2_n5_mid3_d1000_05_mr098_r10_104_uai_GDCC_1e-05_n200_roTrue_s0: Arguments: Namespace(method='GDCC_1e-05', numruns='200', seed='0', output='../results/synthetic/s123/', rewrite=True, removeoutliers=True, filepath=['../models/synthetic/s123/random_mc2_n5_mid3_d1000_05_mr098_r10_104.uai'])
2026-02-06 13:13:55,829|INFO|random_mc2_n7_mid3_d1000_05_mr098_r10_91_uai_GDCC_1e-05_n200_roFalse_s0: Arguments: Namespace(method='GDCC_1e-05', numruns='200', seed='0', output='../results/synthetic/s123/', rewrite=True, removeoutliers=False, filepath=['../models/synthetic/s123/random_mc2_n7_mid3_d1000_05_mr098_r10_91.uai'])
2026-02-06 13:13:55,829|INFO|random_mc2_n9_mid3_d1000_05_mr098_r10_42_uai_GDCC_1e-05_n200_roTrue_s0: Loading data from ../models/synthetic/s123/random_mc2_n9_mid3_d1000_05_mr098_r10_42.csv
2026-02-06 13:13:55,829|INFO|random_mc2_n5_mid3_d1000_05_mr098_r10_109_uai_GDCC_1e-05_n200_roFalse_s0: Arguments: Namespace(method='GDCC_1e-05', numruns='200', seed='0', output='../results/synthetic/s123/', rewrite=True, removeoutliers=False, filepath=['../models/synthetic/s123/random_mc2_n5_mid3_d1000_05_mr098_r10_109.uai'])
2026-02-06 13:13:55,829|INFO|random_mc2_n8_mid3_d1000_05_mr098_r10_121_uai_GDCC_1e-05_n200_roTrue_s0: Arguments: Namespace(method='GDCC_1e-05', numruns='200', seed='0', output='../results/synthetic/s123/', rewrite=True, removeoutliers=True, filepath=['../models/synthetic/s123/random_mc2_n8_mid3_d1000_05_mr098_r10_121.uai'])
2026-02-06 13:13:55,829|INFO|random_mc2_n5_mid3_d1000_05_mr098_r10_48_uai_GDCC_1e-05_n200_roTrue_s0: Arguments: Namespace(method='GDCC_1e-05', numruns='200', seed='0', output='../results/synthetic/s123/', rewrite=True, removeoutliers=True, filepath=['../models/synthetic/s123/random_mc2_n5_mid3_d1000_05_mr098_r10_48.uai'])
2026-02-06 13:13:55,833|INFO|random_mc2_n6_mid3_d1000_05_mr098_r10_156_uai_GDCC_1e-05_n200_roFalse_s0: Loading data from ../models/synthetic/s123/random_mc2_n6_mid3_d1000_05_mr098_r10_156.csv
2026-02-06 13:13:55,840|INFO|random_mc2_n5_mid3_d1000_05_mr098_r10_163_uai_GDCC_1e-05_n200_roTrue_s0: Loading data from ../models/synthetic/s123/random_mc2_n5_mid3_d1000_05_mr098_r10_163.csv
2026-02-06 13:13:55,841|INFO|random_mc2_n7_mid3_d1000_05_mr098_r10_81_uai_GDCC_1e-05_n200_roTrue_s0: Loading data from ../models/synthetic/s123/random_mc2_n7_mid3_d1000_05_mr098_r10_81.csv
2026-02-06 13:13:55,841|INFO|random_mc2_n8_mid3_d1000_05_mr098_r10_160_uai_GDCC_1e-05_n200_roTrue_s0: Loading data from ../models/synthetic/s123/random_mc2_n8_mid3_d1000_05_mr098_r10_160.csv
2026-02-06 13:13:55,842|INFO|random_mc2_n5_mid3_d1000_05_mr098_r10_6_uai_GDCC_1e-05_n200_roTrue_s0: Loading data from ../models/synthetic/s123/random_mc2_n5_mid3_d1000_05_mr098_r10_6.csv
2026-02-06 13:13:55,845|INFO|random_mc2_n8_mid3_d1000_05_mr098_r10_131_uai_GDCC_1e-05_n200_roTrue_s0: Loading data from ../models/synthetic/s123/random_mc2_n8_mid3_d1000_05_mr098_r10_131.csv
2026-02-06 13:13:55,847|INFO|random_mc2_n6_mid3_d1000_05_mr098_r10_112_uai_GDCC_1e-05_n200_roFalse_s0: Arguments: Namespace(method='GDCC_1e-05', numruns='200', seed='0', output='../results/synthetic/s123/', rewrite=True, removeoutliers=False, filepath=['../models/synthetic/s123/random_mc2_n6_mid3_d1000_05_mr098_r10_112.uai'])
2026-02-06 13:13:55,848|INFO|random_mc2_n6_mid3_d1000_05_mr098_r10_150_uai_GDCC_1e-05_n200_roFalse_s0: Arguments: Namespace(method='GDCC_1e-05', numruns='200', seed='0', output='../results/synthetic/s123/', rewrite=True, removeoutliers=False, filepath=['../models/synthetic/s123/random_mc2_n6_mid3_d1000_05_mr098_r10_150.uai'])
2026-02-06 13:13:55,812|INFO|random_mc2_n7_mid3_d1000_05_mr098_r10_9_uai_GDCC_1e-05_n200_roTrue_s0: Loading model from ../models/synthetic/s123/random_mc2_n7_mid3_d1000_05_mr098_r10_9.uai
2026-02-06 13:13:55,854|INFO|random_mc2_n6_mid3_d1000_05_mr098_r10_145_uai_GDCC_1e-05_n200_roFalse_s0: Arguments: Namespace(method='GDCC_1e-05', numruns='200', seed='0', output='../results/synthetic/s123/', rewrite=True, removeoutliers=False, filepath=['../models/synthetic/s123/random_mc2_n6_mid3_d1000_05_mr098_r10_145.uai'])
2026-02-06 13:13:55,857|INFO|random_mc2_n6_mid3_d1000_05_mr098_r10_182_uai_GDCC_1e-05_n200_roFalse_s0: Arguments: Namespace(method='GDCC_1e-05', numruns='200', seed='0', output='../results/synthetic/s123/', rewrite=True, removeoutliers=False, filepath=['../models/synthetic/s123/random_mc2_n6_mid3_d1000_05_mr098_r10_182.uai'])
2026-02-06 13:13:55,820|INFO|random_mc2_n6_mid3_d1000_05_mr098_r10_184_uai_GDCC_1e-05_n200_roFalse_s0: Loading model from ../models/synthetic/s123/random_mc2_n6_mid3_d1000_05_mr098_r10_184.uai
2026-02-06 13:13:55,820|INFO|random_mc2_n5_mid3_d1000_05_mr098_r10_60_uai_GDCC_1e-05_n200_roFalse_s0: Loading model from ../models/synthetic/s123/random_mc2_n5_mid3_d1000_05_mr098_r10_60.uai
2026-02-06 13:13:55,860|INFO|random_mc2_n6_mid3_d1000_05_mr098_r10_95_uai_GDCC_1e-05_n200_roTrue_s0: Arguments: Namespace(method='GDCC_1e-05', numruns='200', seed='0', output='../results/synthetic/s123/', rewrite=True, removeoutliers=True, filepath=['../models/synthetic/s123/random_mc2_n6_mid3_d1000_05_mr098_r10_95.uai'])
2026-02-06 13:13:55,826|INFO|random_mc2_n7_mid3_d1000_05_mr098_r10_47_uai_GDCC_1e-05_n200_roTrue_s0: Loading model from ../models/synthetic/s123/random_mc2_n7_mid3_d1000_05_mr098_r10_47.uai
2026-02-06 13:13:55,861|INFO|random_mc2_n8_mid3_d1000_05_mr098_r10_30_uai_GDCC_1e-05_n200_roTrue_s0: Arguments: Namespace(method='GDCC_1e-05', numruns='200', seed='0', output='../results/synthetic/s123/', rewrite=True, removeoutliers=True, filepath=['../models/synthetic/s123/random_mc2_n8_mid3_d1000_05_mr098_r10_30.uai'])
2026-02-06 13:13:55,861|INFO|random_mc2_n7_mid3_d1000_05_mr098_r10_24_uai_GDCC_1e-05_n200_roFalse_s0: Arguments: Namespace(method='GDCC_1e-05', numruns='200', seed='0', output='../results/synthetic/s123/', rewrite=True, removeoutliers=False, filepath=['../models/synthetic/s123/random_mc2_n7_mid3_d1000_05_mr098_r10_24.uai'])
2026-02-06 13:13:55,861|INFO|random_mc2_n6_mid3_d1000_05_mr098_r10_28_uai_GDCC_1e-05_n200_roTrue_s0: PNS(V3,V2) exact: (0.36156, 0.53922)
2026-02-06 13:13:55,862|INFO|random_mc2_n5_mid3_d1000_05_mr098_r10_99_uai_GDCC_1e-05_n200_roFalse_s0: PNS(V0,V4) exact: (0.0, 0.09976)
2026-02-06 13:13:55,854|INFO|random_mc2_n7_mid3_d1000_05_mr098_r10_9_uai_GDCC_1e-05_n200_roTrue_s0: Loading data from ../models/synthetic/s123/random_mc2_n7_mid3_d1000_05_mr098_r10_9.csv
2026-02-06 13:13:55,862|INFO|random_mc2_n5_mid3_d1000_05_mr098_r10_11_uai_GDCC_1e-05_n200_roFalse_s0: Arguments: Namespace(method='GDCC_1e-05', numruns='200', seed='0', output='../results/synthetic/s123/', rewrite=True, removeoutliers=False, filepath=['../models/synthetic/s123/random_mc2_n5_mid3_d1000_05_mr098_r10_11.uai'])
2026-02-06 13:13:55,863|INFO|random_mc2_n9_mid3_d1000_05_mr098_r10_42_uai_GDCC_1e-05_n200_roTrue_s0: PNS(V4,V1) exact: (0.0055529329999999, 0.0881529485)
2026-02-06 13:13:55,863|INFO|random_mc2_n5_mid3_d1000_05_mr098_r10_172_uai_GDCC_1e-05_n200_roFalse_s0: PNS(V2,V4) exact: (0.3028800000000001, 0.4415600000000001)
2026-02-06 13:13:55,851|INFO|random_mc2_n6_mid3_d1000_05_mr098_r10_184_uai_GDCC_1e-05_n200_roFalse_s0: Loading data from ../models/synthetic/s123/random_mc2_n6_mid3_d1000_05_mr098_r10_184.csv
2026-02-06 13:13:55,873|INFO|random_mc2_n6_mid3_d1000_05_mr098_r10_187_uai_GDCC_1e-05_n200_roTrue_s0: Arguments: Namespace(method='GDCC_1e-05', numruns='200', seed='0', output='../results/synthetic/s123/', rewrite=True, removeoutliers=True, filepath=['../models/synthetic/s123/random_mc2_n6_mid3_d1000_05_mr098_r10_187.uai'])
2026-02-06 13:13:55,864|INFO|random_mc2_n5_mid3_d1000_05_mr098_r10_34_uai_GDCC_1e-05_n200_roTrue_s0: PNS(V0,V3) exact: (0.41137714, 0.41137714)
2026-02-06 13:13:55,875|INFO|random_mc2_n7_mid3_d1000_05_mr098_r10_9_uai_GDCC_1e-05_n200_roTrue_s0: PNS(V2,V3) exact: (0.034282230913595, 0.271965748446975)
2026-02-06 13:13:55,843|INFO|random_mc2_n5_mid3_d1000_05_mr098_r10_60_uai_GDCC_1e-05_n200_roFalse_s0: Loading data from ../models/synthetic/s123/random_mc2_n5_mid3_d1000_05_mr098_r10_60.csv
2026-02-06 13:13:55,826|INFO|random_mc2_n7_mid3_d1000_05_mr098_r10_159_uai_GDCC_1e-05_n200_roTrue_s0: Loading model from ../models/synthetic/s123/random_mc2_n7_mid3_d1000_05_mr098_r10_159.uai
2026-02-06 13:13:55,826|INFO|random_mc2_n5_mid3_d1000_05_mr098_r10_104_uai_GDCC_1e-05_n200_roTrue_s0: Loading model from ../models/synthetic/s123/random_mc2_n5_mid3_d1000_05_mr098_r10_104.uai
2026-02-06 13:13:55,842|INFO|random_mc2_n5_mid3_d1000_05_mr098_r10_104_uai_GDCC_1e-05_n200_roTrue_s0: Loading data from ../models/synthetic/s123/random_mc2_n5_mid3_d1000_05_mr098_r10_104.csv
2026-02-06 13:13:55,878|INFO|random_mc2_n6_mid3_d1000_05_mr098_r10_175_uai_GDCC_1e-05_n200_roFalse_s0: Arguments: Namespace(method='GDCC_1e-05', numruns='200', seed='0', output='../results/synthetic/s123/', rewrite=True, removeoutliers=False, filepath=['../models/synthetic/s123/random_mc2_n6_mid3_d1000_05_mr098_r10_175.uai'])
2026-02-06 13:13:55,865|INFO|random_mc2_n7_mid3_d1000_05_mr098_r10_81_uai_GDCC_1e-05_n200_roTrue_s0: PNS(V4,V5) exact: (4.627372247959759e-07, 0.1171699848954117)
2026-02-06 13:13:55,866|INFO|random_mc2_n7_mid3_d1000_05_mr098_r10_47_uai_GDCC_1e-05_n200_roTrue_s0: Loading data from ../models/synthetic/s123/random_mc2_n7_mid3_d1000_05_mr098_r10_47.csv
2026-02-06 13:13:55,866|INFO|random_mc2_n5_mid3_d1000_05_mr098_r10_20_uai_GDCC_1e-05_n200_roFalse_s0: Arguments: Namespace(method='GDCC_1e-05', numruns='200', seed='0', output='../results/synthetic/s123/', rewrite=True, removeoutliers=False, filepath=['../models/synthetic/s123/random_mc2_n5_mid3_d1000_05_mr098_r10_20.uai'])
2026-02-06 13:13:55,868|INFO|random_mc2_n8_mid3_d1000_05_mr098_r10_131_uai_GDCC_1e-05_n200_roTrue_s0: PNS(V2,V4) exact: (0.0110083727479793, 0.2116947943241336)
2026-02-06 13:13:55,882|INFO|random_mc2_n8_mid3_d1000_05_mr098_r10_35_uai_GDCC_1e-05_n200_roTrue_s0: Arguments: Namespace(method='GDCC_1e-05', numruns='200', seed='0', output='../results/synthetic/s123/', rewrite=True, removeoutliers=True, filepath=['../models/synthetic/s123/random_mc2_n8_mid3_d1000_05_mr098_r10_35.uai'])
2026-02-06 13:13:55,829|INFO|random_mc2_n7_mid3_d1000_05_mr098_r10_91_uai_GDCC_1e-05_n200_roFalse_s0: Loading model from ../models/synthetic/s123/random_mc2_n7_mid3_d1000_05_mr098_r10_91.uai
2026-02-06 13:13:55,830|INFO|random_mc2_n5_mid3_d1000_05_mr098_r10_48_uai_GDCC_1e-05_n200_roTrue_s0: Loading model from ../models/synthetic/s123/random_mc2_n5_mid3_d1000_05_mr098_r10_48.uai
2026-02-06 13:13:55,865|INFO|random_mc2_n5_mid3_d1000_05_mr098_r10_48_uai_GDCC_1e-05_n200_roTrue_s0: Loading data from ../models/synthetic/s123/random_mc2_n5_mid3_d1000_05_mr098_r10_48.csv
2026-02-06 13:13:55,830|INFO|random_mc2_n5_mid3_d1000_05_mr098_r10_109_uai_GDCC_1e-05_n200_roFalse_s0: Loading model from ../models/synthetic/s123/random_mc2_n5_mid3_d1000_05_mr098_r10_109.uai
2026-02-06 13:13:55,860|INFO|random_mc2_n5_mid3_d1000_05_mr098_r10_109_uai_GDCC_1e-05_n200_roFalse_s0: Loading data from ../models/synthetic/s123/random_mc2_n5_mid3_d1000_05_mr098_r10_109.csv
2026-02-06 13:13:55,880|INFO|random_mc2_n5_mid3_d1000_05_mr098_r10_109_uai_GDCC_1e-05_n200_roFalse_s0: PNS(V0,V4) exact: (0.0, 0.0)
2026-02-06 13:13:55,880|ERROR|random_mc2_n5_mid3_d1000_05_mr098_r10_109_uai_GDCC_1e-05_n200_roFalse_s0: Model does not have any cause-effect path.
2026-02-06 13:13:55,830|INFO|random_mc2_n8_mid3_d1000_05_mr098_r10_121_uai_GDCC_1e-05_n200_roTrue_s0: Loading model from ../models/synthetic/s123/random_mc2_n8_mid3_d1000_05_mr098_r10_121.uai
2026-02-06 13:13:55,863|INFO|random_mc2_n8_mid3_d1000_05_mr098_r10_121_uai_GDCC_1e-05_n200_roTrue_s0: Loading data from ../models/synthetic/s123/random_mc2_n8_mid3_d1000_05_mr098_r10_121.csv
2026-02-06 13:13:55,866|INFO|random_mc2_n6_mid3_d1000_05_mr098_r10_184_uai_GDCC_1e-05_n200_roFalse_s0: PNS(V5,V4) exact: (0.0, 0.0008714266998319998)
2026-02-06 13:13:55,875|INFO|random_mc2_n5_mid3_d1000_05_mr098_r10_16_uai_GDCC_1e-05_n200_roTrue_s0: Arguments: Namespace(method='GDCC_1e-05', numruns='200', seed='0', output='../results/synthetic/s123/', rewrite=True, removeoutliers=True, filepath=['../models/synthetic/s123/random_mc2_n5_mid3_d1000_05_mr098_r10_16.uai'])
2026-02-06 13:13:55,859|INFO|random_mc2_n7_mid3_d1000_05_mr098_r10_159_uai_GDCC_1e-05_n200_roTrue_s0: Loading data from ../models/synthetic/s123/random_mc2_n7_mid3_d1000_05_mr098_r10_159.csv
2026-02-06 13:13:55,877|INFO|random_mc2_n5_mid3_d1000_05_mr098_r10_163_uai_GDCC_1e-05_n200_roTrue_s0: PNS(V0,V4) exact: (0.0140736103, 0.0557529839)
2026-02-06 13:13:55,877|INFO|random_mc2_n6_mid3_d1000_05_mr098_r10_12_uai_GDCC_1e-05_n200_roFalse_s0: Arguments: Namespace(method='GDCC_1e-05', numruns='200', seed='0', output='../results/synthetic/s123/', rewrite=True, removeoutliers=False, filepath=['../models/synthetic/s123/random_mc2_n6_mid3_d1000_05_mr098_r10_12.uai'])
2026-02-06 13:13:55,878|INFO|random_mc2_n8_mid3_d1000_05_mr098_r10_175_uai_GDCC_1e-05_n200_roFalse_s0: Arguments: Namespace(method='GDCC_1e-05', numruns='200', seed='0', output='../results/synthetic/s123/', rewrite=True, removeoutliers=False, filepath=['../models/synthetic/s123/random_mc2_n8_mid3_d1000_05_mr098_r10_175.uai'])
2026-02-06 13:13:55,868|INFO|random_mc2_n5_mid3_d1000_05_mr098_r10_104_uai_GDCC_1e-05_n200_roTrue_s0: PNS(V3,V4) exact: (0.12079, 0.5248300000000001)
2026-02-06 13:13:55,878|INFO|random_mc2_n5_mid3_d1000_05_mr098_r10_173_uai_GDCC_1e-05_n200_roTrue_s0: Arguments: Namespace(method='GDCC_1e-05', numruns='200', seed='0', output='../results/synthetic/s123/', rewrite=True, removeoutliers=True, filepath=['../models/synthetic/s123/random_mc2_n5_mid3_d1000_05_mr098_r10_173.uai'])
2026-02-06 13:13:55,879|INFO|random_mc2_n5_mid3_d1000_05_mr098_r10_115_uai_GDCC_1e-05_n200_roTrue_s0: Arguments: Namespace(method='GDCC_1e-05', numruns='200', seed='0', output='../results/synthetic/s123/', rewrite=True, removeoutliers=True, filepath=['../models/synthetic/s123/random_mc2_n5_mid3_d1000_05_mr098_r10_115.uai'])
2026-02-06 13:13:55,879|INFO|random_mc2_n7_mid3_d1000_05_mr098_r10_5_uai_GDCC_1e-05_n200_roTrue_s0: Arguments: Namespace(method='GDCC_1e-05', numruns='200', seed='0', output='../results/synthetic/s123/', rewrite=True, removeoutliers=True, filepath=['../models/synthetic/s123/random_mc2_n7_mid3_d1000_05_mr098_r10_5.uai'])
2026-02-06 13:13:55,879|INFO|random_mc2_n6_mid3_d1000_05_mr098_r10_193_uai_GDCC_1e-05_n200_roTrue_s0: Arguments: Namespace(method='GDCC_1e-05', numruns='200', seed='0', output='../results/synthetic/s123/', rewrite=True, removeoutliers=True, filepath=['../models/synthetic/s123/random_mc2_n6_mid3_d1000_05_mr098_r10_193.uai'])
2026-02-06 13:13:55,879|INFO|random_mc2_n5_mid3_d1000_05_mr098_r10_155_uai_GDCC_1e-05_n200_roFalse_s0: Arguments: Namespace(method='GDCC_1e-05', numruns='200', seed='0', output='../results/synthetic/s123/', rewrite=True, removeoutliers=False, filepath=['../models/synthetic/s123/random_mc2_n5_mid3_d1000_05_mr098_r10_155.uai'])
2026-02-06 13:13:55,882|INFO|random_mc2_n5_mid3_d1000_05_mr098_r10_131_uai_GDCC_1e-05_n200_roTrue_s0: Arguments: Namespace(method='GDCC_1e-05', numruns='200', seed='0', output='../results/synthetic/s123/', rewrite=True, removeoutliers=True, filepath=['../models/synthetic/s123/random_mc2_n5_mid3_d1000_05_mr098_r10_131.uai'])
2026-02-06 13:13:55,882|INFO|random_mc2_n5_mid3_d1000_05_mr098_r10_164_uai_GDCC_1e-05_n200_roFalse_s0: Arguments: Namespace(method='GDCC_1e-05', numruns='200', seed='0', output='../results/synthetic/s123/', rewrite=True, removeoutliers=False, filepath=['../models/synthetic/s123/random_mc2_n5_mid3_d1000_05_mr098_r10_164.uai'])
2026-02-06 13:13:55,884|INFO|random_mc2_n6_mid3_d1000_05_mr098_r10_197_uai_GDCC_1e-05_n200_roTrue_s0: Arguments: Namespace(method='GDCC_1e-05', numruns='200', seed='0', output='../results/synthetic/s123/', rewrite=True, removeoutliers=True, filepath=['../models/synthetic/s123/random_mc2_n6_mid3_d1000_05_mr098_r10_197.uai'])
2026-02-06 13:13:55,886|INFO|random_mc2_n9_mid3_d1000_05_mr098_r10_2_uai_GDCC_1e-05_n200_roFalse_s0: Arguments: Namespace(method='GDCC_1e-05', numruns='200', seed='0', output='../results/synthetic/s123/', rewrite=True, removeoutliers=False, filepath=['../models/synthetic/s123/random_mc2_n9_mid3_d1000_05_mr098_r10_2.uai'])
2026-02-06 13:13:55,848|INFO|random_mc2_n6_mid3_d1000_05_mr098_r10_150_uai_GDCC_1e-05_n200_roFalse_s0: Loading model from ../models/synthetic/s123/random_mc2_n6_mid3_d1000_05_mr098_r10_150.uai
2026-02-06 13:13:55,848|INFO|random_mc2_n6_mid3_d1000_05_mr098_r10_112_uai_GDCC_1e-05_n200_roFalse_s0: Loading model from ../models/synthetic/s123/random_mc2_n6_mid3_d1000_05_mr098_r10_112.uai
2026-02-06 13:13:55,887|INFO|random_mc2_n8_mid3_d1000_05_mr098_r10_156_uai_GDCC_1e-05_n200_roTrue_s0: Arguments: Namespace(method='GDCC_1e-05', numruns='200', seed='0', output='../results/synthetic/s123/', rewrite=True, removeoutliers=True, filepath=['../models/synthetic/s123/random_mc2_n8_mid3_d1000_05_mr098_r10_156.uai'])
2026-02-06 13:13:55,888|INFO|random_mc2_n6_mid3_d1000_05_mr098_r10_160_uai_GDCC_1e-05_n200_roFalse_s0: Arguments: Namespace(method='GDCC_1e-05', numruns='200', seed='0', output='../results/synthetic/s123/', rewrite=True, removeoutliers=False, filepath=['../models/synthetic/s123/random_mc2_n6_mid3_d1000_05_mr098_r10_160.uai'])
2026-02-06 13:13:55,888|INFO|random_mc2_n5_mid3_d1000_05_mr098_r10_116_uai_GDCC_1e-05_n200_roTrue_s0: Arguments: Namespace(method='GDCC_1e-05', numruns='200', seed='0', output='../results/synthetic/s123/', rewrite=True, removeoutliers=True, filepath=['../models/synthetic/s123/random_mc2_n5_mid3_d1000_05_mr098_r10_116.uai'])
2026-02-06 13:13:55,888|INFO|random_mc2_n6_mid3_d1000_05_mr098_r10_2_uai_GDCC_1e-05_n200_roFalse_s0: Arguments: Namespace(method='GDCC_1e-05', numruns='200', seed='0', output='../results/synthetic/s123/', rewrite=True, removeoutliers=False, filepath=['../models/synthetic/s123/random_mc2_n6_mid3_d1000_05_mr098_r10_2.uai'])
2026-02-06 13:13:55,888|INFO|random_mc2_n7_mid3_d1000_05_mr098_r10_47_uai_GDCC_1e-05_n200_roTrue_s0: PNS(V3,V6) exact: (0.1989106159359959, 0.311362706666494)
2026-02-06 13:13:55,888|INFO|random_mc2_n5_mid3_d1000_05_mr098_r10_48_uai_GDCC_1e-05_n200_roTrue_s0: PNS(V0,V4) exact: (0.3710704247999999, 0.4223098252000001)
2026-02-06 13:13:55,888|INFO|random_mc2_n6_mid3_d1000_05_mr098_r10_17_uai_GDCC_1e-05_n200_roTrue_s0: Arguments: Namespace(method='GDCC_1e-05', numruns='200', seed='0', output='../results/synthetic/s123/', rewrite=True, removeoutliers=True, filepath=['../models/synthetic/s123/random_mc2_n6_mid3_d1000_05_mr098_r10_17.uai'])
2026-02-06 13:13:55,889|INFO|random_mc2_n6_mid3_d1000_05_mr098_r10_153_uai_GDCC_1e-05_n200_roFalse_s0: Arguments: Namespace(method='GDCC_1e-05', numruns='200', seed='0', output='../results/synthetic/s123/', rewrite=True, removeoutliers=False, filepath=['../models/synthetic/s123/random_mc2_n6_mid3_d1000_05_mr098_r10_153.uai'])
2026-02-06 13:13:55,854|INFO|random_mc2_n6_mid3_d1000_05_mr098_r10_145_uai_GDCC_1e-05_n200_roFalse_s0: Loading model from ../models/synthetic/s123/random_mc2_n6_mid3_d1000_05_mr098_r10_145.uai
2026-02-06 13:13:55,857|INFO|random_mc2_n6_mid3_d1000_05_mr098_r10_182_uai_GDCC_1e-05_n200_roFalse_s0: Loading model from ../models/synthetic/s123/random_mc2_n6_mid3_d1000_05_mr098_r10_182.uai
2026-02-06 13:13:55,890|INFO|random_mc2_n6_mid3_d1000_05_mr098_r10_182_uai_GDCC_1e-05_n200_roFalse_s0: Loading data from ../models/synthetic/s123/random_mc2_n6_mid3_d1000_05_mr098_r10_182.csv
2026-02-06 13:13:55,886|INFO|random_mc2_n6_mid3_d1000_05_mr098_r10_150_uai_GDCC_1e-05_n200_roFalse_s0: Loading data from ../models/synthetic/s123/random_mc2_n6_mid3_d1000_05_mr098_r10_150.csv
2026-02-06 13:13:55,868|INFO|random_mc2_n6_mid3_d1000_05_mr098_r10_112_uai_GDCC_1e-05_n200_roFalse_s0: Loading data from ../models/synthetic/s123/random_mc2_n6_mid3_d1000_05_mr098_r10_112.csv
2026-02-06 13:13:55,861|INFO|random_mc2_n8_mid3_d1000_05_mr098_r10_30_uai_GDCC_1e-05_n200_roTrue_s0: Loading model from ../models/synthetic/s123/random_mc2_n8_mid3_d1000_05_mr098_r10_30.uai
2026-02-06 13:13:55,861|INFO|random_mc2_n6_mid3_d1000_05_mr098_r10_95_uai_GDCC_1e-05_n200_roTrue_s0: Loading model from ../models/synthetic/s123/random_mc2_n6_mid3_d1000_05_mr098_r10_95.uai
2026-02-06 13:13:55,888|INFO|random_mc2_n6_mid3_d1000_05_mr098_r10_95_uai_GDCC_1e-05_n200_roTrue_s0: Loading data from ../models/synthetic/s123/random_mc2_n6_mid3_d1000_05_mr098_r10_95.csv
2026-02-06 13:13:55,862|INFO|random_mc2_n7_mid3_d1000_05_mr098_r10_24_uai_GDCC_1e-05_n200_roFalse_s0: Loading model from ../models/synthetic/s123/random_mc2_n7_mid3_d1000_05_mr098_r10_24.uai
2026-02-06 13:13:55,884|INFO|random_mc2_n7_mid3_d1000_05_mr098_r10_24_uai_GDCC_1e-05_n200_roFalse_s0: Loading data from ../models/synthetic/s123/random_mc2_n7_mid3_d1000_05_mr098_r10_24.csv
2026-02-06 13:13:55,902|INFO|random_mc2_n7_mid3_d1000_05_mr098_r10_24_uai_GDCC_1e-05_n200_roFalse_s0: PNS(V3,V2) exact: (0.0, 0.0745211048481239)
2026-02-06 13:13:55,863|INFO|random_mc2_n5_mid3_d1000_05_mr098_r10_11_uai_GDCC_1e-05_n200_roFalse_s0: Loading model from ../models/synthetic/s123/random_mc2_n5_mid3_d1000_05_mr098_r10_11.uai
2026-02-06 13:13:55,902|INFO|random_mc2_n6_mid3_d1000_05_mr098_r10_145_uai_GDCC_1e-05_n200_roFalse_s0: Loading data from ../models/synthetic/s123/random_mc2_n6_mid3_d1000_05_mr098_r10_145.csv
2026-02-06 13:13:55,874|INFO|random_mc2_n5_mid3_d1000_05_mr098_r10_11_uai_GDCC_1e-05_n200_roFalse_s0: Loading data from ../models/synthetic/s123/random_mc2_n5_mid3_d1000_05_mr098_r10_11.csv
2026-02-06 13:13:55,867|INFO|random_mc2_n5_mid3_d1000_05_mr098_r10_20_uai_GDCC_1e-05_n200_roFalse_s0: Loading model from ../models/synthetic/s123/random_mc2_n5_mid3_d1000_05_mr098_r10_20.uai
2026-02-06 13:13:55,884|INFO|random_mc2_n5_mid3_d1000_05_mr098_r10_20_uai_GDCC_1e-05_n200_roFalse_s0: Loading data from ../models/synthetic/s123/random_mc2_n5_mid3_d1000_05_mr098_r10_20.csv
2026-02-06 13:13:55,907|INFO|random_mc2_n8_mid3_d1000_05_mr098_r10_30_uai_GDCC_1e-05_n200_roTrue_s0: Loading data from ../models/synthetic/s123/random_mc2_n8_mid3_d1000_05_mr098_r10_30.csv
2026-02-06 13:13:55,907|INFO|random_mc2_n6_mid3_d1000_05_mr098_r10_95_uai_GDCC_1e-05_n200_roTrue_s0: PNS(V0,V3) exact: (0.0125035191999999, 0.0125035191999999)
2026-02-06 13:13:55,908|INFO|random_mc2_n6_mid3_d1000_05_mr098_r10_182_uai_GDCC_1e-05_n200_roFalse_s0: PNS(V4,V5) exact: (0.2591310333408, 0.3907790126200001)
2026-02-06 13:13:55,873|INFO|random_mc2_n6_mid3_d1000_05_mr098_r10_187_uai_GDCC_1e-05_n200_roTrue_s0: Loading model from ../models/synthetic/s123/random_mc2_n6_mid3_d1000_05_mr098_r10_187.uai
2026-02-06 13:13:55,875|INFO|random_mc2_n5_mid3_d1000_05_mr098_r10_16_uai_GDCC_1e-05_n200_roTrue_s0: Loading model from ../models/synthetic/s123/random_mc2_n5_mid3_d1000_05_mr098_r10_16.uai
2026-02-06 13:13:55,910|INFO|random_mc2_n5_mid3_d1000_05_mr098_r10_16_uai_GDCC_1e-05_n200_roTrue_s0: Loading data from ../models/synthetic/s123/random_mc2_n5_mid3_d1000_05_mr098_r10_16.csv
2026-02-06 13:13:55,878|INFO|random_mc2_n6_mid3_d1000_05_mr098_r10_175_uai_GDCC_1e-05_n200_roFalse_s0: Loading model from ../models/synthetic/s123/random_mc2_n6_mid3_d1000_05_mr098_r10_175.uai
2026-02-06 13:13:55,878|INFO|random_mc2_n8_mid3_d1000_05_mr098_r10_175_uai_GDCC_1e-05_n200_roFalse_s0: Loading model from ../models/synthetic/s123/random_mc2_n8_mid3_d1000_05_mr098_r10_175.uai
2026-02-06 13:13:55,878|INFO|random_mc2_n6_mid3_d1000_05_mr098_r10_12_uai_GDCC_1e-05_n200_roFalse_s0: Loading model from ../models/synthetic/s123/random_mc2_n6_mid3_d1000_05_mr098_r10_12.uai
2026-02-06 13:13:55,906|INFO|random_mc2_n6_mid3_d1000_05_mr098_r10_12_uai_GDCC_1e-05_n200_roFalse_s0: Loading data from ../models/synthetic/s123/random_mc2_n6_mid3_d1000_05_mr098_r10_12.csv
2026-02-06 13:13:55,918|INFO|random_mc2_n6_mid3_d1000_05_mr098_r10_187_uai_GDCC_1e-05_n200_roTrue_s0: Loading data from ../models/synthetic/s123/random_mc2_n6_mid3_d1000_05_mr098_r10_187.csv
2026-02-06 13:13:55,879|INFO|random_mc2_n5_mid3_d1000_05_mr098_r10_115_uai_GDCC_1e-05_n200_roTrue_s0: Loading model from ../models/synthetic/s123/random_mc2_n5_mid3_d1000_05_mr098_r10_115.uai
2026-02-06 13:13:55,878|INFO|random_mc2_n5_mid3_d1000_05_mr098_r10_173_uai_GDCC_1e-05_n200_roTrue_s0: Loading model from ../models/synthetic/s123/random_mc2_n5_mid3_d1000_05_mr098_r10_173.uai
2026-02-06 13:13:55,908|INFO|random_mc2_n5_mid3_d1000_05_mr098_r10_115_uai_GDCC_1e-05_n200_roTrue_s0: Loading data from ../models/synthetic/s123/random_mc2_n5_mid3_d1000_05_mr098_r10_115.csv
2026-02-06 13:13:55,894|INFO|random_mc2_n5_mid3_d1000_05_mr098_r10_173_uai_GDCC_1e-05_n200_roTrue_s0: Loading data from ../models/synthetic/s123/random_mc2_n5_mid3_d1000_05_mr098_r10_173.csv
2026-02-06 13:13:55,880|INFO|random_mc2_n5_mid3_d1000_05_mr098_r10_155_uai_GDCC_1e-05_n200_roFalse_s0: Loading model from ../models/synthetic/s123/random_mc2_n5_mid3_d1000_05_mr098_r10_155.uai
2026-02-06 13:13:55,879|INFO|random_mc2_n7_mid3_d1000_05_mr098_r10_5_uai_GDCC_1e-05_n200_roTrue_s0: Loading model from ../models/synthetic/s123/random_mc2_n7_mid3_d1000_05_mr098_r10_5.uai
2026-02-06 13:13:55,914|INFO|random_mc2_n7_mid3_d1000_05_mr098_r10_5_uai_GDCC_1e-05_n200_roTrue_s0: Loading data from ../models/synthetic/s123/random_mc2_n7_mid3_d1000_05_mr098_r10_5.csv
2026-02-06 13:13:55,879|INFO|random_mc2_n6_mid3_d1000_05_mr098_r10_193_uai_GDCC_1e-05_n200_roTrue_s0: Loading model from ../models/synthetic/s123/random_mc2_n6_mid3_d1000_05_mr098_r10_193.uai
2026-02-06 13:13:55,911|INFO|random_mc2_n5_mid3_d1000_05_mr098_r10_173_uai_GDCC_1e-05_n200_roTrue_s0: PNS(V1,V2) exact: (0.1236554301, 0.4222693768)
2026-02-06 13:13:55,916|INFO|random_mc2_n5_mid3_d1000_05_mr098_r10_155_uai_GDCC_1e-05_n200_roFalse_s0: Loading data from ../models/synthetic/s123/random_mc2_n5_mid3_d1000_05_mr098_r10_155.csv
2026-02-06 13:13:55,903|INFO|random_mc2_n6_mid3_d1000_05_mr098_r10_193_uai_GDCC_1e-05_n200_roTrue_s0: Loading data from ../models/synthetic/s123/random_mc2_n6_mid3_d1000_05_mr098_r10_193.csv
2026-02-06 13:13:55,921|INFO|random_mc2_n6_mid3_d1000_05_mr098_r10_193_uai_GDCC_1e-05_n200_roTrue_s0: PNS(V0,V4) exact: (0.0, 0.238593816)
2026-02-06 13:13:55,882|INFO|random_mc2_n5_mid3_d1000_05_mr098_r10_131_uai_GDCC_1e-05_n200_roTrue_s0: Loading model from ../models/synthetic/s123/random_mc2_n5_mid3_d1000_05_mr098_r10_131.uai
2026-02-06 13:13:55,882|INFO|random_mc2_n8_mid3_d1000_05_mr098_r10_35_uai_GDCC_1e-05_n200_roTrue_s0: Loading model from ../models/synthetic/s123/random_mc2_n8_mid3_d1000_05_mr098_r10_35.uai
2026-02-06 13:13:55,882|INFO|random_mc2_n5_mid3_d1000_05_mr098_r10_164_uai_GDCC_1e-05_n200_roFalse_s0: Loading model from ../models/synthetic/s123/random_mc2_n5_mid3_d1000_05_mr098_r10_164.uai
2026-02-06 13:13:55,892|INFO|random_mc2_n5_mid3_d1000_05_mr098_r10_131_uai_GDCC_1e-05_n200_roTrue_s0: Loading data from ../models/synthetic/s123/random_mc2_n5_mid3_d1000_05_mr098_r10_131.csv
2026-02-06 13:13:55,895|INFO|random_mc2_n5_mid3_d1000_05_mr098_r10_164_uai_GDCC_1e-05_n200_roFalse_s0: Loading data from ../models/synthetic/s123/random_mc2_n5_mid3_d1000_05_mr098_r10_164.csv
2026-02-06 13:13:55,911|INFO|random_mc2_n5_mid3_d1000_05_mr098_r10_131_uai_GDCC_1e-05_n200_roTrue_s0: PNS(V2,V4) exact: (0.0, 0.3999999999999999)
2026-02-06 13:13:55,884|INFO|random_mc2_n6_mid3_d1000_05_mr098_r10_197_uai_GDCC_1e-05_n200_roTrue_s0: Loading model from ../models/synthetic/s123/random_mc2_n6_mid3_d1000_05_mr098_r10_197.uai
2026-02-06 13:13:55,900|INFO|random_mc2_n6_mid3_d1000_05_mr098_r10_197_uai_GDCC_1e-05_n200_roTrue_s0: Loading data from ../models/synthetic/s123/random_mc2_n6_mid3_d1000_05_mr098_r10_197.csv
2026-02-06 13:13:55,887|INFO|random_mc2_n9_mid3_d1000_05_mr098_r10_2_uai_GDCC_1e-05_n200_roFalse_s0: Loading model from ../models/synthetic/s123/random_mc2_n9_mid3_d1000_05_mr098_r10_2.uai
2026-02-06 13:13:55,922|INFO|random_mc2_n9_mid3_d1000_05_mr098_r10_2_uai_GDCC_1e-05_n200_roFalse_s0: Loading data from ../models/synthetic/s123/random_mc2_n9_mid3_d1000_05_mr098_r10_2.csv
2026-02-06 13:13:55,887|INFO|random_mc2_n8_mid3_d1000_05_mr098_r10_156_uai_GDCC_1e-05_n200_roTrue_s0: Loading model from ../models/synthetic/s123/random_mc2_n8_mid3_d1000_05_mr098_r10_156.uai
2026-02-06 13:13:55,888|INFO|random_mc2_n6_mid3_d1000_05_mr098_r10_160_uai_GDCC_1e-05_n200_roFalse_s0: Loading model from ../models/synthetic/s123/random_mc2_n6_mid3_d1000_05_mr098_r10_160.uai
2026-02-06 13:13:55,888|INFO|random_mc2_n6_mid3_d1000_05_mr098_r10_2_uai_GDCC_1e-05_n200_roFalse_s0: Loading model from ../models/synthetic/s123/random_mc2_n6_mid3_d1000_05_mr098_r10_2.uai
2026-02-06 13:13:55,916|INFO|random_mc2_n6_mid3_d1000_05_mr098_r10_2_uai_GDCC_1e-05_n200_roFalse_s0: Loading data from ../models/synthetic/s123/random_mc2_n6_mid3_d1000_05_mr098_r10_2.csv
2026-02-06 13:13:55,888|INFO|random_mc2_n5_mid3_d1000_05_mr098_r10_116_uai_GDCC_1e-05_n200_roTrue_s0: Loading model from ../models/synthetic/s123/random_mc2_n5_mid3_d1000_05_mr098_r10_116.uai
2026-02-06 13:13:55,902|INFO|random_mc2_n5_mid3_d1000_05_mr098_r10_116_uai_GDCC_1e-05_n200_roTrue_s0: Loading data from ../models/synthetic/s123/random_mc2_n5_mid3_d1000_05_mr098_r10_116.csv
2026-02-06 13:13:55,919|INFO|random_mc2_n5_mid3_d1000_05_mr098_r10_116_uai_GDCC_1e-05_n200_roTrue_s0: PNS(V1,V3) exact: (0.0, 0.0017957419812)
2026-02-06 13:13:55,889|INFO|random_mc2_n6_mid3_d1000_05_mr098_r10_17_uai_GDCC_1e-05_n200_roTrue_s0: Loading model from ../models/synthetic/s123/random_mc2_n6_mid3_d1000_05_mr098_r10_17.uai
2026-02-06 13:13:55,902|INFO|random_mc2_n6_mid3_d1000_05_mr098_r10_17_uai_GDCC_1e-05_n200_roTrue_s0: Loading data from ../models/synthetic/s123/random_mc2_n6_mid3_d1000_05_mr098_r10_17.csv
2026-02-06 13:13:55,890|INFO|random_mc2_n6_mid3_d1000_05_mr098_r10_153_uai_GDCC_1e-05_n200_roFalse_s0: Loading model from ../models/synthetic/s123/random_mc2_n6_mid3_d1000_05_mr098_r10_153.uai
2026-02-06 13:13:55,918|INFO|random_mc2_n6_mid3_d1000_05_mr098_r10_17_uai_GDCC_1e-05_n200_roTrue_s0: PNS(V5,V0) exact: (0.068749296, 0.1201185324)
2026-02-06 13:13:55,911|INFO|random_mc2_n6_mid3_d1000_05_mr098_r10_153_uai_GDCC_1e-05_n200_roFalse_s0: Loading data from ../models/synthetic/s123/random_mc2_n6_mid3_d1000_05_mr098_r10_153.csv
2026-02-06 13:13:55,947|INFO|random_mc2_n5_mid3_d1000_05_mr098_r10_16_uai_GDCC_1e-05_n200_roTrue_s0: PNS(V4,V3) exact: (0.4152505784, 0.4639742588)
2026-02-06 13:13:55,950|INFO|random_mc2_n6_mid3_d1000_05_mr098_r10_160_uai_GDCC_1e-05_n200_roFalse_s0: Loading data from ../models/synthetic/s123/random_mc2_n6_mid3_d1000_05_mr098_r10_160.csv
2026-02-06 13:13:55,959|INFO|random_mc2_n8_mid3_d1000_05_mr098_r10_156_uai_GDCC_1e-05_n200_roTrue_s0: Loading data from ../models/synthetic/s123/random_mc2_n8_mid3_d1000_05_mr098_r10_156.csv
2026-02-06 13:13:55,968|INFO|random_mc2_n8_mid3_d1000_05_mr098_r10_175_uai_GDCC_1e-05_n200_roFalse_s0: Loading data from ../models/synthetic/s123/random_mc2_n8_mid3_d1000_05_mr098_r10_175.csv
2026-02-06 13:13:55,976|INFO|random_mc2_n7_mid3_d1000_05_mr098_r10_91_uai_GDCC_1e-05_n200_roFalse_s0: Loading data from ../models/synthetic/s123/random_mc2_n7_mid3_d1000_05_mr098_r10_91.csv
2026-02-06 13:13:56,076|INFO|random_mc2_n6_mid3_d1000_05_mr098_r10_175_uai_GDCC_1e-05_n200_roFalse_s0: Loading data from ../models/synthetic/s123/random_mc2_n6_mid3_d1000_05_mr098_r10_175.csv
2026-02-06 13:13:56,203|INFO|random_mc2_n8_mid3_d1000_05_mr098_r10_35_uai_GDCC_1e-05_n200_roTrue_s0: Loading data from ../models/synthetic/s123/random_mc2_n8_mid3_d1000_05_mr098_r10_35.csv
2026-02-06 13:14:10,044|INFO|random_mc2_n5_mid3_d1000_05_mr098_r10_63_uai_GDCC_1e-05_n200_roFalse_s0: Arguments: Namespace(method='GDCC_1e-05', numruns='200', seed='0', output='../results/synthetic/s123/', rewrite=True, removeoutliers=False, filepath=['../models/synthetic/s123/random_mc2_n5_mid3_d1000_05_mr098_r10_63.uai'])
2026-02-06 13:14:10,045|INFO|random_mc2_n5_mid3_d1000_05_mr098_r10_63_uai_GDCC_1e-05_n200_roFalse_s0: Loading model from ../models/synthetic/s123/random_mc2_n5_mid3_d1000_05_mr098_r10_63.uai
2026-02-06 13:14:10,050|INFO|random_mc2_n5_mid3_d1000_05_mr098_r10_63_uai_GDCC_1e-05_n200_roFalse_s0: Loading data from ../models/synthetic/s123/random_mc2_n5_mid3_d1000_05_mr098_r10_63.csv
2026-02-06 13:14:10,064|INFO|random_mc2_n5_mid3_d1000_05_mr098_r10_63_uai_GDCC_1e-05_n200_roFalse_s0: PNS(V4,V1) exact: (0.0, 0.1702281)
2026-02-06 13:14:17,533|INFO|random_mc2_n9_mid3_d1000_05_mr098_r10_25_uai_GDCC_1e-05_n200_roTrue_s0: Arguments: Namespace(method='GDCC_1e-05', numruns='200', seed='0', output='../results/synthetic/s123/', rewrite=True, removeoutliers=True, filepath=['../models/synthetic/s123/random_mc2_n9_mid3_d1000_05_mr098_r10_25.uai'])
2026-02-06 13:14:17,533|INFO|random_mc2_n9_mid3_d1000_05_mr098_r10_25_uai_GDCC_1e-05_n200_roTrue_s0: Loading model from ../models/synthetic/s123/random_mc2_n9_mid3_d1000_05_mr098_r10_25.uai
2026-02-06 13:14:17,631|INFO|random_mc2_n5_mid3_d1000_05_mr098_r10_110_uai_GDCC_1e-05_n200_roTrue_s0: Arguments: Namespace(method='GDCC_1e-05', numruns='200', seed='0', output='../results/synthetic/s123/', rewrite=True, removeoutliers=True, filepath=['../models/synthetic/s123/random_mc2_n5_mid3_d1000_05_mr098_r10_110.uai'])
2026-02-06 13:14:17,631|INFO|random_mc2_n5_mid3_d1000_05_mr098_r10_110_uai_GDCC_1e-05_n200_roTrue_s0: Loading model from ../models/synthetic/s123/random_mc2_n5_mid3_d1000_05_mr098_r10_110.uai
2026-02-06 13:14:17,659|INFO|random_mc2_n5_mid3_d1000_05_mr098_r10_110_uai_GDCC_1e-05_n200_roTrue_s0: Loading data from ../models/synthetic/s123/random_mc2_n5_mid3_d1000_05_mr098_r10_110.csv
2026-02-06 13:14:17,765|INFO|random_mc2_n9_mid3_d1000_05_mr098_r10_25_uai_GDCC_1e-05_n200_roTrue_s0: Loading data from ../models/synthetic/s123/random_mc2_n9_mid3_d1000_05_mr098_r10_25.csv
2026-02-06 13:14:19,503|INFO|random_mc2_n6_mid3_d1000_05_mr098_r10_193_uai_GDCC_1e-05_n200_roFalse_s0: Arguments: Namespace(method='GDCC_1e-05', numruns='200', seed='0', output='../results/synthetic/s123/', rewrite=True, removeoutliers=False, filepath=['../models/synthetic/s123/random_mc2_n6_mid3_d1000_05_mr098_r10_193.uai'])
2026-02-06 13:14:19,503|INFO|random_mc2_n6_mid3_d1000_05_mr098_r10_193_uai_GDCC_1e-05_n200_roFalse_s0: Loading model from ../models/synthetic/s123/random_mc2_n6_mid3_d1000_05_mr098_r10_193.uai
2026-02-06 13:14:19,513|INFO|random_mc2_n6_mid3_d1000_05_mr098_r10_193_uai_GDCC_1e-05_n200_roFalse_s0: Loading data from ../models/synthetic/s123/random_mc2_n6_mid3_d1000_05_mr098_r10_193.csv
2026-02-06 13:14:19,522|INFO|random_mc2_n6_mid3_d1000_05_mr098_r10_193_uai_GDCC_1e-05_n200_roFalse_s0: PNS(V0,V4) exact: (0.0, 0.238593816)
2026-02-06 13:14:22,807|INFO|random_mc2_n6_mid3_d1000_05_mr098_r10_152_uai_GDCC_1e-05_n200_roTrue_s0: Arguments: Namespace(method='GDCC_1e-05', numruns='200', seed='0', output='../results/synthetic/s123/', rewrite=True, removeoutliers=True, filepath=['../models/synthetic/s123/random_mc2_n6_mid3_d1000_05_mr098_r10_152.uai'])
2026-02-06 13:14:22,807|INFO|random_mc2_n6_mid3_d1000_05_mr098_r10_152_uai_GDCC_1e-05_n200_roTrue_s0: Loading model from ../models/synthetic/s123/random_mc2_n6_mid3_d1000_05_mr098_r10_152.uai
2026-02-06 13:14:22,911|INFO|random_mc2_n6_mid3_d1000_05_mr098_r10_152_uai_GDCC_1e-05_n200_roTrue_s0: Loading data from ../models/synthetic/s123/random_mc2_n6_mid3_d1000_05_mr098_r10_152.csv
2026-02-06 13:14:25,193|INFO|random_mc2_n5_mid3_d1000_05_mr098_r10_167_uai_GDCC_1e-05_n200_roFalse_s0: Arguments: Namespace(method='GDCC_1e-05', numruns='200', seed='0', output='../results/synthetic/s123/', rewrite=True, removeoutliers=False, filepath=['../models/synthetic/s123/random_mc2_n5_mid3_d1000_05_mr098_r10_167.uai'])
2026-02-06 13:14:25,231|INFO|random_mc2_n5_mid3_d1000_05_mr098_r10_188_uai_GDCC_1e-05_n200_roTrue_s0: Arguments: Namespace(method='GDCC_1e-05', numruns='200', seed='0', output='../results/synthetic/s123/', rewrite=True, removeoutliers=True, filepath=['../models/synthetic/s123/random_mc2_n5_mid3_d1000_05_mr098_r10_188.uai'])
2026-02-06 13:14:25,193|INFO|random_mc2_n5_mid3_d1000_05_mr098_r10_167_uai_GDCC_1e-05_n200_roFalse_s0: Loading model from ../models/synthetic/s123/random_mc2_n5_mid3_d1000_05_mr098_r10_167.uai
2026-02-06 13:14:25,211|INFO|random_mc2_n5_mid3_d1000_05_mr098_r10_167_uai_GDCC_1e-05_n200_roFalse_s0: Loading data from ../models/synthetic/s123/random_mc2_n5_mid3_d1000_05_mr098_r10_167.csv
2026-02-06 13:14:25,229|INFO|random_mc2_n5_mid3_d1000_05_mr098_r10_167_uai_GDCC_1e-05_n200_roFalse_s0: PNS(V4,V0) exact: (0.2132341014888, 0.2977026872446)
2026-02-06 13:14:25,231|INFO|random_mc2_n5_mid3_d1000_05_mr098_r10_188_uai_GDCC_1e-05_n200_roTrue_s0: Loading model from ../models/synthetic/s123/random_mc2_n5_mid3_d1000_05_mr098_r10_188.uai
2026-02-06 13:14:25,244|INFO|random_mc2_n5_mid3_d1000_05_mr098_r10_188_uai_GDCC_1e-05_n200_roTrue_s0: Loading data from ../models/synthetic/s123/random_mc2_n5_mid3_d1000_05_mr098_r10_188.csv
2026-02-06 13:14:25,263|INFO|random_mc2_n5_mid3_d1000_05_mr098_r10_188_uai_GDCC_1e-05_n200_roTrue_s0: PNS(V3,V4) exact: (0.0, 0.049356796840515)
2026-02-06 13:14:29,429|INFO|random_mc2_n9_mid3_d1000_05_mr098_r10_126_uai_GDCC_1e-05_n200_roTrue_s0: Arguments: Namespace(method='GDCC_1e-05', numruns='200', seed='0', output='../results/synthetic/s123/', rewrite=True, removeoutliers=True, filepath=['../models/synthetic/s123/random_mc2_n9_mid3_d1000_05_mr098_r10_126.uai'])
2026-02-06 13:14:29,429|INFO|random_mc2_n9_mid3_d1000_05_mr098_r10_126_uai_GDCC_1e-05_n200_roTrue_s0: Loading model from ../models/synthetic/s123/random_mc2_n9_mid3_d1000_05_mr098_r10_126.uai
2026-02-06 13:14:29,462|INFO|random_mc2_n9_mid3_d1000_05_mr098_r10_126_uai_GDCC_1e-05_n200_roTrue_s0: Loading data from ../models/synthetic/s123/random_mc2_n9_mid3_d1000_05_mr098_r10_126.csv
2026-02-06 13:14:29,499|INFO|random_mc2_n8_mid3_d1000_05_mr098_r10_156_uai_GDCC_1e-05_n200_roFalse_s0: Arguments: Namespace(method='GDCC_1e-05', numruns='200', seed='0', output='../results/synthetic/s123/', rewrite=True, removeoutliers=False, filepath=['../models/synthetic/s123/random_mc2_n8_mid3_d1000_05_mr098_r10_156.uai'])
2026-02-06 13:14:29,499|INFO|random_mc2_n8_mid3_d1000_05_mr098_r10_156_uai_GDCC_1e-05_n200_roFalse_s0: Loading model from ../models/synthetic/s123/random_mc2_n8_mid3_d1000_05_mr098_r10_156.uai
2026-02-06 13:14:29,545|INFO|random_mc2_n8_mid3_d1000_05_mr098_r10_156_uai_GDCC_1e-05_n200_roFalse_s0: Loading data from ../models/synthetic/s123/random_mc2_n8_mid3_d1000_05_mr098_r10_156.csv
2026-02-06 13:14:29,566|INFO|random_mc2_n7_mid3_d1000_05_mr098_r10_120_uai_GDCC_1e-05_n200_roTrue_s0: Arguments: Namespace(method='GDCC_1e-05', numruns='200', seed='0', output='../results/synthetic/s123/', rewrite=True, removeoutliers=True, filepath=['../models/synthetic/s123/random_mc2_n7_mid3_d1000_05_mr098_r10_120.uai'])
2026-02-06 13:14:29,567|INFO|random_mc2_n7_mid3_d1000_05_mr098_r10_120_uai_GDCC_1e-05_n200_roTrue_s0: Loading model from ../models/synthetic/s123/random_mc2_n7_mid3_d1000_05_mr098_r10_120.uai
2026-02-06 13:14:29,580|INFO|random_mc2_n7_mid3_d1000_05_mr098_r10_120_uai_GDCC_1e-05_n200_roTrue_s0: Loading data from ../models/synthetic/s123/random_mc2_n7_mid3_d1000_05_mr098_r10_120.csv
2026-02-06 13:14:29,613|INFO|random_mc2_n7_mid3_d1000_05_mr098_r10_120_uai_GDCC_1e-05_n200_roTrue_s0: PNS(V4,V0) exact: (0.0, 0.2777528032372082)
2026-02-06 13:14:29,733|INFO|random_mc2_n8_mid3_d1000_05_mr098_r10_152_uai_GDCC_1e-05_n200_roFalse_s0: Arguments: Namespace(method='GDCC_1e-05', numruns='200', seed='0', output='../results/synthetic/s123/', rewrite=True, removeoutliers=False, filepath=['../models/synthetic/s123/random_mc2_n8_mid3_d1000_05_mr098_r10_152.uai'])
2026-02-06 13:14:29,733|INFO|random_mc2_n8_mid3_d1000_05_mr098_r10_152_uai_GDCC_1e-05_n200_roFalse_s0: Loading model from ../models/synthetic/s123/random_mc2_n8_mid3_d1000_05_mr098_r10_152.uai
2026-02-06 13:14:29,747|INFO|random_mc2_n8_mid3_d1000_05_mr098_r10_152_uai_GDCC_1e-05_n200_roFalse_s0: Loading data from ../models/synthetic/s123/random_mc2_n8_mid3_d1000_05_mr098_r10_152.csv
2026-02-06 13:14:30,139|INFO|random_mc2_n7_mid3_d1000_05_mr098_r10_163_uai_GDCC_1e-05_n200_roFalse_s0: Arguments: Namespace(method='GDCC_1e-05', numruns='200', seed='0', output='../results/synthetic/s123/', rewrite=True, removeoutliers=False, filepath=['../models/synthetic/s123/random_mc2_n7_mid3_d1000_05_mr098_r10_163.uai'])
2026-02-06 13:14:30,139|INFO|random_mc2_n7_mid3_d1000_05_mr098_r10_163_uai_GDCC_1e-05_n200_roFalse_s0: Loading model from ../models/synthetic/s123/random_mc2_n7_mid3_d1000_05_mr098_r10_163.uai
2026-02-06 13:14:30,160|INFO|random_mc2_n7_mid3_d1000_05_mr098_r10_163_uai_GDCC_1e-05_n200_roFalse_s0: Loading data from ../models/synthetic/s123/random_mc2_n7_mid3_d1000_05_mr098_r10_163.csv
2026-02-06 13:14:30,180|INFO|random_mc2_n7_mid3_d1000_05_mr098_r10_163_uai_GDCC_1e-05_n200_roFalse_s0: PNS(V0,V4) exact: (0.043281704345418, 0.2976756657121581)
2026-02-06 13:14:32,057|INFO|random_mc2_n7_mid3_d1000_05_mr098_r10_62_uai_GDCC_1e-05_n200_roFalse_s0: Arguments: Namespace(method='GDCC_1e-05', numruns='200', seed='0', output='../results/synthetic/s123/', rewrite=True, removeoutliers=False, filepath=['../models/synthetic/s123/random_mc2_n7_mid3_d1000_05_mr098_r10_62.uai'])
2026-02-06 13:14:32,057|INFO|random_mc2_n7_mid3_d1000_05_mr098_r10_62_uai_GDCC_1e-05_n200_roFalse_s0: Loading model from ../models/synthetic/s123/random_mc2_n7_mid3_d1000_05_mr098_r10_62.uai
2026-02-06 13:14:32,150|INFO|random_mc2_n6_mid3_d1000_05_mr098_r10_127_uai_GDCC_1e-05_n200_roTrue_s0: Arguments: Namespace(method='GDCC_1e-05', numruns='200', seed='0', output='../results/synthetic/s123/', rewrite=True, removeoutliers=True, filepath=['../models/synthetic/s123/random_mc2_n6_mid3_d1000_05_mr098_r10_127.uai'])
2026-02-06 13:14:32,153|INFO|random_mc2_n7_mid3_d1000_05_mr098_r10_25_uai_GDCC_1e-05_n200_roTrue_s0: Arguments: Namespace(method='GDCC_1e-05', numruns='200', seed='0', output='../results/synthetic/s123/', rewrite=True, removeoutliers=True, filepath=['../models/synthetic/s123/random_mc2_n7_mid3_d1000_05_mr098_r10_25.uai'])
2026-02-06 13:14:32,167|INFO|random_mc2_n7_mid3_d1000_05_mr098_r10_62_uai_GDCC_1e-05_n200_roFalse_s0: Loading data from ../models/synthetic/s123/random_mc2_n7_mid3_d1000_05_mr098_r10_62.csv
2026-02-06 13:14:32,151|INFO|random_mc2_n6_mid3_d1000_05_mr098_r10_127_uai_GDCC_1e-05_n200_roTrue_s0: Loading model from ../models/synthetic/s123/random_mc2_n6_mid3_d1000_05_mr098_r10_127.uai
2026-02-06 13:14:32,192|INFO|random_mc2_n6_mid3_d1000_05_mr098_r10_181_uai_GDCC_1e-05_n200_roFalse_s0: Arguments: Namespace(method='GDCC_1e-05', numruns='200', seed='0', output='../results/synthetic/s123/', rewrite=True, removeoutliers=False, filepath=['../models/synthetic/s123/random_mc2_n6_mid3_d1000_05_mr098_r10_181.uai'])
2026-02-06 13:14:32,153|INFO|random_mc2_n7_mid3_d1000_05_mr098_r10_25_uai_GDCC_1e-05_n200_roTrue_s0: Loading model from ../models/synthetic/s123/random_mc2_n7_mid3_d1000_05_mr098_r10_25.uai
2026-02-06 13:14:32,160|INFO|random_mc2_n6_mid3_d1000_05_mr098_r10_127_uai_GDCC_1e-05_n200_roTrue_s0: Loading data from ../models/synthetic/s123/random_mc2_n6_mid3_d1000_05_mr098_r10_127.csv
2026-02-06 13:14:32,174|INFO|random_mc2_n7_mid3_d1000_05_mr098_r10_25_uai_GDCC_1e-05_n200_roTrue_s0: Loading data from ../models/synthetic/s123/random_mc2_n7_mid3_d1000_05_mr098_r10_25.csv
2026-02-06 13:14:32,214|INFO|random_mc2_n6_mid3_d1000_05_mr098_r10_109_uai_GDCC_1e-05_n200_roTrue_s0: Arguments: Namespace(method='GDCC_1e-05', numruns='200', seed='0', output='../results/synthetic/s123/', rewrite=True, removeoutliers=True, filepath=['../models/synthetic/s123/random_mc2_n6_mid3_d1000_05_mr098_r10_109.uai'])
2026-02-06 13:14:32,192|INFO|random_mc2_n6_mid3_d1000_05_mr098_r10_181_uai_GDCC_1e-05_n200_roFalse_s0: Loading model from ../models/synthetic/s123/random_mc2_n6_mid3_d1000_05_mr098_r10_181.uai
2026-02-06 13:14:32,207|INFO|random_mc2_n6_mid3_d1000_05_mr098_r10_181_uai_GDCC_1e-05_n200_roFalse_s0: Loading data from ../models/synthetic/s123/random_mc2_n6_mid3_d1000_05_mr098_r10_181.csv
2026-02-06 13:14:32,215|INFO|random_mc2_n6_mid3_d1000_05_mr098_r10_109_uai_GDCC_1e-05_n200_roTrue_s0: Loading model from ../models/synthetic/s123/random_mc2_n6_mid3_d1000_05_mr098_r10_109.uai
2026-02-06 13:14:32,296|INFO|random_mc2_n7_mid3_d1000_05_mr098_r10_131_uai_GDCC_1e-05_n200_roFalse_s0: Arguments: Namespace(method='GDCC_1e-05', numruns='200', seed='0', output='../results/synthetic/s123/', rewrite=True, removeoutliers=False, filepath=['../models/synthetic/s123/random_mc2_n7_mid3_d1000_05_mr098_r10_131.uai'])
2026-02-06 13:14:32,316|INFO|random_mc2_n8_mid3_d1000_05_mr098_r10_177_uai_GDCC_1e-05_n200_roFalse_s0: Arguments: Namespace(method='GDCC_1e-05', numruns='200', seed='0', output='../results/synthetic/s123/', rewrite=True, removeoutliers=False, filepath=['../models/synthetic/s123/random_mc2_n8_mid3_d1000_05_mr098_r10_177.uai'])
2026-02-06 13:14:32,320|INFO|random_mc2_n6_mid3_d1000_05_mr098_r10_58_uai_GDCC_1e-05_n200_roFalse_s0: Arguments: Namespace(method='GDCC_1e-05', numruns='200', seed='0', output='../results/synthetic/s123/', rewrite=True, removeoutliers=False, filepath=['../models/synthetic/s123/random_mc2_n6_mid3_d1000_05_mr098_r10_58.uai'])
2026-02-06 13:14:32,296|INFO|random_mc2_n7_mid3_d1000_05_mr098_r10_131_uai_GDCC_1e-05_n200_roFalse_s0: Loading model from ../models/synthetic/s123/random_mc2_n7_mid3_d1000_05_mr098_r10_131.uai
2026-02-06 13:14:32,313|INFO|random_mc2_n7_mid3_d1000_05_mr098_r10_131_uai_GDCC_1e-05_n200_roFalse_s0: Loading data from ../models/synthetic/s123/random_mc2_n7_mid3_d1000_05_mr098_r10_131.csv
2026-02-06 13:14:32,327|INFO|random_mc2_n7_mid3_d1000_05_mr098_r10_131_uai_GDCC_1e-05_n200_roFalse_s0: PNS(V4,V5) exact: (0.0019772565152803, 0.1646117945558058)
2026-02-06 13:14:32,316|INFO|random_mc2_n8_mid3_d1000_05_mr098_r10_177_uai_GDCC_1e-05_n200_roFalse_s0: Loading model from ../models/synthetic/s123/random_mc2_n8_mid3_d1000_05_mr098_r10_177.uai
2026-02-06 13:14:32,357|INFO|random_mc2_n5_mid3_d1000_05_mr098_r10_129_uai_GDCC_1e-05_n200_roFalse_s0: Arguments: Namespace(method='GDCC_1e-05', numruns='200', seed='0', output='../results/synthetic/s123/', rewrite=True, removeoutliers=False, filepath=['../models/synthetic/s123/random_mc2_n5_mid3_d1000_05_mr098_r10_129.uai'])
2026-02-06 13:14:32,320|INFO|random_mc2_n6_mid3_d1000_05_mr098_r10_58_uai_GDCC_1e-05_n200_roFalse_s0: Loading model from ../models/synthetic/s123/random_mc2_n6_mid3_d1000_05_mr098_r10_58.uai
2026-02-06 13:14:32,328|INFO|random_mc2_n6_mid3_d1000_05_mr098_r10_58_uai_GDCC_1e-05_n200_roFalse_s0: Loading data from ../models/synthetic/s123/random_mc2_n6_mid3_d1000_05_mr098_r10_58.csv
2026-02-06 13:14:32,341|INFO|random_mc2_n6_mid3_d1000_05_mr098_r10_58_uai_GDCC_1e-05_n200_roFalse_s0: PNS(V3,V2) exact: (0.0, 0.0)
2026-02-06 13:14:32,341|ERROR|random_mc2_n6_mid3_d1000_05_mr098_r10_58_uai_GDCC_1e-05_n200_roFalse_s0: Model does not have any cause-effect path.
2026-02-06 13:14:32,357|INFO|random_mc2_n5_mid3_d1000_05_mr098_r10_129_uai_GDCC_1e-05_n200_roFalse_s0: Loading model from ../models/synthetic/s123/random_mc2_n5_mid3_d1000_05_mr098_r10_129.uai
2026-02-06 13:14:32,370|INFO|random_mc2_n5_mid3_d1000_05_mr098_r10_129_uai_GDCC_1e-05_n200_roFalse_s0: Loading data from ../models/synthetic/s123/random_mc2_n5_mid3_d1000_05_mr098_r10_129.csv
2026-02-06 13:14:32,414|INFO|random_mc2_n8_mid3_d1000_05_mr098_r10_177_uai_GDCC_1e-05_n200_roFalse_s0: Loading data from ../models/synthetic/s123/random_mc2_n8_mid3_d1000_05_mr098_r10_177.csv
2026-02-06 13:14:32,429|INFO|random_mc2_n6_mid3_d1000_05_mr098_r10_109_uai_GDCC_1e-05_n200_roTrue_s0: Loading data from ../models/synthetic/s123/random_mc2_n6_mid3_d1000_05_mr098_r10_109.csv
2026-02-06 13:14:32,465|INFO|random_mc2_n8_mid3_d1000_05_mr098_r10_63_uai_GDCC_1e-05_n200_roFalse_s0: Arguments: Namespace(method='GDCC_1e-05', numruns='200', seed='0', output='../results/synthetic/s123/', rewrite=True, removeoutliers=False, filepath=['../models/synthetic/s123/random_mc2_n8_mid3_d1000_05_mr098_r10_63.uai'])
2026-02-06 13:14:32,486|INFO|random_mc2_n5_mid3_d1000_05_mr098_r10_4_uai_GDCC_1e-05_n200_roFalse_s0: Arguments: Namespace(method='GDCC_1e-05', numruns='200', seed='0', output='../results/synthetic/s123/', rewrite=True, removeoutliers=False, filepath=['../models/synthetic/s123/random_mc2_n5_mid3_d1000_05_mr098_r10_4.uai'])
2026-02-06 13:14:32,498|INFO|random_mc2_n7_mid3_d1000_05_mr098_r10_97_uai_GDCC_1e-05_n200_roFalse_s0: Arguments: Namespace(method='GDCC_1e-05', numruns='200', seed='0', output='../results/synthetic/s123/', rewrite=True, removeoutliers=False, filepath=['../models/synthetic/s123/random_mc2_n7_mid3_d1000_05_mr098_r10_97.uai'])
2026-02-06 13:14:32,465|INFO|random_mc2_n8_mid3_d1000_05_mr098_r10_63_uai_GDCC_1e-05_n200_roFalse_s0: Loading model from ../models/synthetic/s123/random_mc2_n8_mid3_d1000_05_mr098_r10_63.uai
2026-02-06 13:14:32,481|INFO|random_mc2_n8_mid3_d1000_05_mr098_r10_63_uai_GDCC_1e-05_n200_roFalse_s0: Loading data from ../models/synthetic/s123/random_mc2_n8_mid3_d1000_05_mr098_r10_63.csv
2026-02-06 13:14:32,495|INFO|random_mc2_n8_mid3_d1000_05_mr098_r10_63_uai_GDCC_1e-05_n200_roFalse_s0: PNS(V1,V6) exact: (0.0, 0.122153736431654)
2026-02-06 13:14:32,486|INFO|random_mc2_n5_mid3_d1000_05_mr098_r10_4_uai_GDCC_1e-05_n200_roFalse_s0: Loading model from ../models/synthetic/s123/random_mc2_n5_mid3_d1000_05_mr098_r10_4.uai
2026-02-06 13:14:32,494|INFO|random_mc2_n5_mid3_d1000_05_mr098_r10_4_uai_GDCC_1e-05_n200_roFalse_s0: Loading data from ../models/synthetic/s123/random_mc2_n5_mid3_d1000_05_mr098_r10_4.csv
2026-02-06 13:14:32,508|INFO|random_mc2_n5_mid3_d1000_05_mr098_r10_4_uai_GDCC_1e-05_n200_roFalse_s0: PNS(V1,V3) exact: (0.008115440172339, 0.040113058343352)
2026-02-06 13:14:32,498|INFO|random_mc2_n7_mid3_d1000_05_mr098_r10_97_uai_GDCC_1e-05_n200_roFalse_s0: Loading model from ../models/synthetic/s123/random_mc2_n7_mid3_d1000_05_mr098_r10_97.uai
2026-02-06 13:14:32,524|INFO|random_mc2_n7_mid3_d1000_05_mr098_r10_97_uai_GDCC_1e-05_n200_roFalse_s0: Loading data from ../models/synthetic/s123/random_mc2_n7_mid3_d1000_05_mr098_r10_97.csv
2026-02-06 13:14:32,537|INFO|random_mc2_n7_mid3_d1000_05_mr098_r10_97_uai_GDCC_1e-05_n200_roFalse_s0: PNS(V4,V6) exact: (0.0215633261719529, 0.03488625941917)
2026-02-06 13:14:32,614|INFO|random_mc2_n6_mid3_d1000_05_mr098_r10_149_uai_GDCC_1e-05_n200_roFalse_s0: Arguments: Namespace(method='GDCC_1e-05', numruns='200', seed='0', output='../results/synthetic/s123/', rewrite=True, removeoutliers=False, filepath=['../models/synthetic/s123/random_mc2_n6_mid3_d1000_05_mr098_r10_149.uai'])
2026-02-06 13:14:32,614|INFO|random_mc2_n6_mid3_d1000_05_mr098_r10_149_uai_GDCC_1e-05_n200_roFalse_s0: Loading model from ../models/synthetic/s123/random_mc2_n6_mid3_d1000_05_mr098_r10_149.uai
2026-02-06 13:14:32,628|INFO|random_mc2_n6_mid3_d1000_05_mr098_r10_149_uai_GDCC_1e-05_n200_roFalse_s0: Loading data from ../models/synthetic/s123/random_mc2_n6_mid3_d1000_05_mr098_r10_149.csv
2026-02-06 13:14:32,638|INFO|random_mc2_n6_mid3_d1000_05_mr098_r10_149_uai_GDCC_1e-05_n200_roFalse_s0: PNS(V2,V5) exact: (0.6597397735, 0.811257382)
2026-02-06 13:14:32,719|INFO|random_mc2_n5_mid3_d1000_05_mr098_r10_160_uai_GDCC_1e-05_n200_roTrue_s0: Arguments: Namespace(method='GDCC_1e-05', numruns='200', seed='0', output='../results/synthetic/s123/', rewrite=True, removeoutliers=True, filepath=['../models/synthetic/s123/random_mc2_n5_mid3_d1000_05_mr098_r10_160.uai'])
2026-02-06 13:14:32,719|INFO|random_mc2_n5_mid3_d1000_05_mr098_r10_160_uai_GDCC_1e-05_n200_roTrue_s0: Loading model from ../models/synthetic/s123/random_mc2_n5_mid3_d1000_05_mr098_r10_160.uai
2026-02-06 13:14:32,725|INFO|random_mc2_n5_mid3_d1000_05_mr098_r10_160_uai_GDCC_1e-05_n200_roTrue_s0: Loading data from ../models/synthetic/s123/random_mc2_n5_mid3_d1000_05_mr098_r10_160.csv
2026-02-06 13:14:32,922|INFO|random_mc2_n8_mid3_d1000_05_mr098_r10_169_uai_GDCC_1e-05_n200_roFalse_s0: Arguments: Namespace(method='GDCC_1e-05', numruns='200', seed='0', output='../results/synthetic/s123/', rewrite=True, removeoutliers=False, filepath=['../models/synthetic/s123/random_mc2_n8_mid3_d1000_05_mr098_r10_169.uai'])
2026-02-06 13:14:32,928|INFO|random_mc2_n6_mid3_d1000_05_mr098_r10_153_uai_GDCC_1e-05_n200_roTrue_s0: Arguments: Namespace(method='GDCC_1e-05', numruns='200', seed='0', output='../results/synthetic/s123/', rewrite=True, removeoutliers=True, filepath=['../models/synthetic/s123/random_mc2_n6_mid3_d1000_05_mr098_r10_153.uai'])
2026-02-06 13:14:32,931|INFO|random_mc2_n12_mid3_d1000_05_mr098_r10_154_uai_GDCC_1e-05_n200_roTrue_s0: Arguments: Namespace(method='GDCC_1e-05', numruns='200', seed='0', output='../results/synthetic/s123/', rewrite=True, removeoutliers=True, filepath=['../models/synthetic/s123/random_mc2_n12_mid3_d1000_05_mr098_r10_154.uai'])
2026-02-06 13:14:32,934|INFO|random_mc2_n5_mid3_d1000_05_mr098_r10_153_uai_GDCC_1e-05_n200_roFalse_s0: Arguments: Namespace(method='GDCC_1e-05', numruns='200', seed='0', output='../results/synthetic/s123/', rewrite=True, removeoutliers=False, filepath=['../models/synthetic/s123/random_mc2_n5_mid3_d1000_05_mr098_r10_153.uai'])
2026-02-06 13:14:32,937|INFO|random_mc2_n6_mid3_d1000_05_mr098_r10_111_uai_GDCC_1e-05_n200_roTrue_s0: Arguments: Namespace(method='GDCC_1e-05', numruns='200', seed='0', output='../results/synthetic/s123/', rewrite=True, removeoutliers=True, filepath=['../models/synthetic/s123/random_mc2_n6_mid3_d1000_05_mr098_r10_111.uai'])
2026-02-06 13:14:32,922|INFO|random_mc2_n8_mid3_d1000_05_mr098_r10_169_uai_GDCC_1e-05_n200_roFalse_s0: Loading model from ../models/synthetic/s123/random_mc2_n8_mid3_d1000_05_mr098_r10_169.uai
2026-02-06 13:14:32,928|INFO|random_mc2_n6_mid3_d1000_05_mr098_r10_153_uai_GDCC_1e-05_n200_roTrue_s0: Loading model from ../models/synthetic/s123/random_mc2_n6_mid3_d1000_05_mr098_r10_153.uai
2026-02-06 13:14:32,938|INFO|random_mc2_n6_mid3_d1000_05_mr098_r10_153_uai_GDCC_1e-05_n200_roTrue_s0: Loading data from ../models/synthetic/s123/random_mc2_n6_mid3_d1000_05_mr098_r10_153.csv
2026-02-06 13:14:32,969|INFO|random_mc2_n8_mid3_d1000_05_mr098_r10_169_uai_GDCC_1e-05_n200_roFalse_s0: Loading data from ../models/synthetic/s123/random_mc2_n8_mid3_d1000_05_mr098_r10_169.csv
2026-02-06 13:14:32,932|INFO|random_mc2_n12_mid3_d1000_05_mr098_r10_154_uai_GDCC_1e-05_n200_roTrue_s0: Loading model from ../models/synthetic/s123/random_mc2_n12_mid3_d1000_05_mr098_r10_154.uai
2026-02-06 13:14:32,964|INFO|random_mc2_n12_mid3_d1000_05_mr098_r10_154_uai_GDCC_1e-05_n200_roTrue_s0: Loading data from ../models/synthetic/s123/random_mc2_n12_mid3_d1000_05_mr098_r10_154.csv
2026-02-06 13:14:32,972|INFO|random_mc2_n7_mid3_d1000_05_mr098_r10_90_uai_GDCC_1e-05_n200_roTrue_s0: Arguments: Namespace(method='GDCC_1e-05', numruns='200', seed='0', output='../results/synthetic/s123/', rewrite=True, removeoutliers=True, filepath=['../models/synthetic/s123/random_mc2_n7_mid3_d1000_05_mr098_r10_90.uai'])
2026-02-06 13:14:32,934|INFO|random_mc2_n5_mid3_d1000_05_mr098_r10_153_uai_GDCC_1e-05_n200_roFalse_s0: Loading model from ../models/synthetic/s123/random_mc2_n5_mid3_d1000_05_mr098_r10_153.uai
2026-02-06 13:14:32,940|INFO|random_mc2_n5_mid3_d1000_05_mr098_r10_153_uai_GDCC_1e-05_n200_roFalse_s0: Loading data from ../models/synthetic/s123/random_mc2_n5_mid3_d1000_05_mr098_r10_153.csv
2026-02-06 13:14:32,951|INFO|random_mc2_n5_mid3_d1000_05_mr098_r10_153_uai_GDCC_1e-05_n200_roFalse_s0: PNS(V3,V2) exact: (0.014386402, 0.118614199)
2026-02-06 13:14:32,976|INFO|random_mc2_n12_mid3_d1000_05_mr098_r10_154_uai_GDCC_1e-05_n200_roTrue_s0: PNS(V5,V6) exact: (0.0078950452954415, 0.2507379400197757)
2026-02-06 13:14:32,938|INFO|random_mc2_n6_mid3_d1000_05_mr098_r10_111_uai_GDCC_1e-05_n200_roTrue_s0: Loading model from ../models/synthetic/s123/random_mc2_n6_mid3_d1000_05_mr098_r10_111.uai
2026-02-06 13:14:32,944|INFO|random_mc2_n6_mid3_d1000_05_mr098_r10_111_uai_GDCC_1e-05_n200_roTrue_s0: Loading data from ../models/synthetic/s123/random_mc2_n6_mid3_d1000_05_mr098_r10_111.csv
2026-02-06 13:14:32,956|INFO|random_mc2_n6_mid3_d1000_05_mr098_r10_111_uai_GDCC_1e-05_n200_roTrue_s0: PNS(V2,V0) exact: (0.0, 0.0)
2026-02-06 13:14:32,956|ERROR|random_mc2_n6_mid3_d1000_05_mr098_r10_111_uai_GDCC_1e-05_n200_roTrue_s0: Model does not have any cause-effect path.
2026-02-06 13:14:32,985|INFO|random_mc2_n6_mid3_d1000_05_mr098_r10_72_uai_GDCC_1e-05_n200_roFalse_s0: Arguments: Namespace(method='GDCC_1e-05', numruns='200', seed='0', output='../results/synthetic/s123/', rewrite=True, removeoutliers=False, filepath=['../models/synthetic/s123/random_mc2_n6_mid3_d1000_05_mr098_r10_72.uai'])
2026-02-06 13:14:32,973|INFO|random_mc2_n7_mid3_d1000_05_mr098_r10_90_uai_GDCC_1e-05_n200_roTrue_s0: Loading model from ../models/synthetic/s123/random_mc2_n7_mid3_d1000_05_mr098_r10_90.uai
2026-02-06 13:14:32,984|INFO|random_mc2_n7_mid3_d1000_05_mr098_r10_90_uai_GDCC_1e-05_n200_roTrue_s0: Loading data from ../models/synthetic/s123/random_mc2_n7_mid3_d1000_05_mr098_r10_90.csv
2026-02-06 13:14:32,985|INFO|random_mc2_n6_mid3_d1000_05_mr098_r10_72_uai_GDCC_1e-05_n200_roFalse_s0: Loading model from ../models/synthetic/s123/random_mc2_n6_mid3_d1000_05_mr098_r10_72.uai
2026-02-06 13:14:32,996|INFO|random_mc2_n6_mid3_d1000_05_mr098_r10_72_uai_GDCC_1e-05_n200_roFalse_s0: Loading data from ../models/synthetic/s123/random_mc2_n6_mid3_d1000_05_mr098_r10_72.csv
2026-02-06 13:14:33,010|INFO|random_mc2_n6_mid3_d1000_05_mr098_r10_72_uai_GDCC_1e-05_n200_roFalse_s0: PNS(V1,V5) exact: (0.0139420482, 0.0995220407)
2026-02-06 13:14:33,123|INFO|random_mc2_n6_mid3_d1000_05_mr098_r10_140_uai_GDCC_1e-05_n200_roFalse_s0: Arguments: Namespace(method='GDCC_1e-05', numruns='200', seed='0', output='../results/synthetic/s123/', rewrite=True, removeoutliers=False, filepath=['../models/synthetic/s123/random_mc2_n6_mid3_d1000_05_mr098_r10_140.uai'])
2026-02-06 13:14:33,124|INFO|random_mc2_n6_mid3_d1000_05_mr098_r10_140_uai_GDCC_1e-05_n200_roFalse_s0: Loading model from ../models/synthetic/s123/random_mc2_n6_mid3_d1000_05_mr098_r10_140.uai
2026-02-06 13:14:33,136|INFO|random_mc2_n6_mid3_d1000_05_mr098_r10_140_uai_GDCC_1e-05_n200_roFalse_s0: Loading data from ../models/synthetic/s123/random_mc2_n6_mid3_d1000_05_mr098_r10_140.csv
2026-02-06 13:14:33,169|INFO|random_mc2_n5_mid3_d1000_05_mr098_r10_34_uai_GDCC_1e-05_n200_roFalse_s0: Arguments: Namespace(method='GDCC_1e-05', numruns='200', seed='0', output='../results/synthetic/s123/', rewrite=True, removeoutliers=False, filepath=['../models/synthetic/s123/random_mc2_n5_mid3_d1000_05_mr098_r10_34.uai'])
2026-02-06 13:14:33,197|INFO|random_mc2_n5_mid3_d1000_05_mr098_r10_172_uai_GDCC_1e-05_n200_roTrue_s0: Arguments: Namespace(method='GDCC_1e-05', numruns='200', seed='0', output='../results/synthetic/s123/', rewrite=True, removeoutliers=True, filepath=['../models/synthetic/s123/random_mc2_n5_mid3_d1000_05_mr098_r10_172.uai'])
2026-02-06 13:14:33,169|INFO|random_mc2_n5_mid3_d1000_05_mr098_r10_34_uai_GDCC_1e-05_n200_roFalse_s0: Loading model from ../models/synthetic/s123/random_mc2_n5_mid3_d1000_05_mr098_r10_34.uai
2026-02-06 13:14:33,174|INFO|random_mc2_n5_mid3_d1000_05_mr098_r10_34_uai_GDCC_1e-05_n200_roFalse_s0: Loading data from ../models/synthetic/s123/random_mc2_n5_mid3_d1000_05_mr098_r10_34.csv
2026-02-06 13:14:33,185|INFO|random_mc2_n5_mid3_d1000_05_mr098_r10_34_uai_GDCC_1e-05_n200_roFalse_s0: PNS(V0,V3) exact: (0.41137714, 0.41137714)
2026-02-06 13:14:33,209|INFO|random_mc2_n8_mid3_d1000_05_mr098_r10_3_uai_GDCC_1e-05_n200_roTrue_s0: Arguments: Namespace(method='GDCC_1e-05', numruns='200', seed='0', output='../results/synthetic/s123/', rewrite=True, removeoutliers=True, filepath=['../models/synthetic/s123/random_mc2_n8_mid3_d1000_05_mr098_r10_3.uai'])
2026-02-06 13:14:33,211|INFO|random_mc2_n6_mid3_d1000_05_mr098_r10_25_uai_GDCC_1e-05_n200_roTrue_s0: Arguments: Namespace(method='GDCC_1e-05', numruns='200', seed='0', output='../results/synthetic/s123/', rewrite=True, removeoutliers=True, filepath=['../models/synthetic/s123/random_mc2_n6_mid3_d1000_05_mr098_r10_25.uai'])
2026-02-06 13:14:33,197|INFO|random_mc2_n5_mid3_d1000_05_mr098_r10_172_uai_GDCC_1e-05_n200_roTrue_s0: Loading model from ../models/synthetic/s123/random_mc2_n5_mid3_d1000_05_mr098_r10_172.uai
2026-02-06 13:14:33,204|INFO|random_mc2_n5_mid3_d1000_05_mr098_r10_172_uai_GDCC_1e-05_n200_roTrue_s0: Loading data from ../models/synthetic/s123/random_mc2_n5_mid3_d1000_05_mr098_r10_172.csv
2026-02-06 13:14:33,216|INFO|random_mc2_n5_mid3_d1000_05_mr098_r10_172_uai_GDCC_1e-05_n200_roTrue_s0: PNS(V2,V4) exact: (0.3028800000000001, 0.4415600000000001)
2026-02-06 13:14:33,209|INFO|random_mc2_n8_mid3_d1000_05_mr098_r10_3_uai_GDCC_1e-05_n200_roTrue_s0: Loading model from ../models/synthetic/s123/random_mc2_n8_mid3_d1000_05_mr098_r10_3.uai
2026-02-06 13:14:33,221|INFO|random_mc2_n8_mid3_d1000_05_mr098_r10_3_uai_GDCC_1e-05_n200_roTrue_s0: Loading data from ../models/synthetic/s123/random_mc2_n8_mid3_d1000_05_mr098_r10_3.csv
2026-02-06 13:14:33,231|INFO|random_mc2_n8_mid3_d1000_05_mr098_r10_3_uai_GDCC_1e-05_n200_roTrue_s0: PNS(V5,V7) exact: (0.0133650763190615, 0.0741909892031331)
2026-02-06 13:14:33,211|INFO|random_mc2_n6_mid3_d1000_05_mr098_r10_25_uai_GDCC_1e-05_n200_roTrue_s0: Loading model from ../models/synthetic/s123/random_mc2_n6_mid3_d1000_05_mr098_r10_25.uai
2026-02-06 13:14:33,241|INFO|random_mc2_n6_mid3_d1000_05_mr098_r10_25_uai_GDCC_1e-05_n200_roTrue_s0: Loading data from ../models/synthetic/s123/random_mc2_n6_mid3_d1000_05_mr098_r10_25.csv
2026-02-06 13:14:33,300|INFO|random_mc2_n5_mid3_d1000_05_mr098_r10_105_uai_GDCC_1e-05_n200_roTrue_s0: Arguments: Namespace(method='GDCC_1e-05', numruns='200', seed='0', output='../results/synthetic/s123/', rewrite=True, removeoutliers=True, filepath=['../models/synthetic/s123/random_mc2_n5_mid3_d1000_05_mr098_r10_105.uai'])
2026-02-06 13:14:33,305|INFO|random_mc2_n5_mid3_d1000_05_mr098_r10_130_uai_GDCC_1e-05_n200_roFalse_s0: Arguments: Namespace(method='GDCC_1e-05', numruns='200', seed='0', output='../results/synthetic/s123/', rewrite=True, removeoutliers=False, filepath=['../models/synthetic/s123/random_mc2_n5_mid3_d1000_05_mr098_r10_130.uai'])
2026-02-06 13:14:33,300|INFO|random_mc2_n5_mid3_d1000_05_mr098_r10_105_uai_GDCC_1e-05_n200_roTrue_s0: Loading model from ../models/synthetic/s123/random_mc2_n5_mid3_d1000_05_mr098_r10_105.uai
2026-02-06 13:14:33,309|INFO|random_mc2_n5_mid3_d1000_05_mr098_r10_105_uai_GDCC_1e-05_n200_roTrue_s0: Loading data from ../models/synthetic/s123/random_mc2_n5_mid3_d1000_05_mr098_r10_105.csv
2026-02-06 13:14:33,306|INFO|random_mc2_n5_mid3_d1000_05_mr098_r10_130_uai_GDCC_1e-05_n200_roFalse_s0: Loading model from ../models/synthetic/s123/random_mc2_n5_mid3_d1000_05_mr098_r10_130.uai
2026-02-06 13:14:33,311|INFO|random_mc2_n5_mid3_d1000_05_mr098_r10_130_uai_GDCC_1e-05_n200_roFalse_s0: Loading data from ../models/synthetic/s123/random_mc2_n5_mid3_d1000_05_mr098_r10_130.csv
2026-02-06 13:14:33,322|INFO|random_mc2_n5_mid3_d1000_05_mr098_r10_130_uai_GDCC_1e-05_n200_roFalse_s0: PNS(V2,V1) exact: (0.0, 0.24110001)
2026-02-06 13:14:33,415|INFO|random_mc2_n6_mid3_d1000_05_mr098_r10_41_uai_GDCC_1e-05_n200_roFalse_s0: Arguments: Namespace(method='GDCC_1e-05', numruns='200', seed='0', output='../results/synthetic/s123/', rewrite=True, removeoutliers=False, filepath=['../models/synthetic/s123/random_mc2_n6_mid3_d1000_05_mr098_r10_41.uai'])
2026-02-06 13:14:33,424|INFO|random_mc2_n6_mid3_d1000_05_mr098_r10_15_uai_GDCC_1e-05_n200_roFalse_s0: Arguments: Namespace(method='GDCC_1e-05', numruns='200', seed='0', output='../results/synthetic/s123/', rewrite=True, removeoutliers=False, filepath=['../models/synthetic/s123/random_mc2_n6_mid3_d1000_05_mr098_r10_15.uai'])
2026-02-06 13:14:33,437|INFO|random_mc2_n6_mid3_d1000_05_mr098_r10_119_uai_GDCC_1e-05_n200_roFalse_s0: Arguments: Namespace(method='GDCC_1e-05', numruns='200', seed='0', output='../results/synthetic/s123/', rewrite=True, removeoutliers=False, filepath=['../models/synthetic/s123/random_mc2_n6_mid3_d1000_05_mr098_r10_119.uai'])
2026-02-06 13:14:33,439|INFO|random_mc2_n9_mid3_d1000_05_mr098_r10_192_uai_GDCC_1e-05_n200_roFalse_s0: Arguments: Namespace(method='GDCC_1e-05', numruns='200', seed='0', output='../results/synthetic/s123/', rewrite=True, removeoutliers=False, filepath=['../models/synthetic/s123/random_mc2_n9_mid3_d1000_05_mr098_r10_192.uai'])
2026-02-06 13:14:33,445|INFO|random_mc2_n7_mid3_d1000_05_mr098_r10_120_uai_GDCC_1e-05_n200_roFalse_s0: Arguments: Namespace(method='GDCC_1e-05', numruns='200', seed='0', output='../results/synthetic/s123/', rewrite=True, removeoutliers=False, filepath=['../models/synthetic/s123/random_mc2_n7_mid3_d1000_05_mr098_r10_120.uai'])
2026-02-06 13:14:33,415|INFO|random_mc2_n6_mid3_d1000_05_mr098_r10_41_uai_GDCC_1e-05_n200_roFalse_s0: Loading model from ../models/synthetic/s123/random_mc2_n6_mid3_d1000_05_mr098_r10_41.uai
2026-02-06 13:14:33,427|INFO|random_mc2_n6_mid3_d1000_05_mr098_r10_41_uai_GDCC_1e-05_n200_roFalse_s0: Loading data from ../models/synthetic/s123/random_mc2_n6_mid3_d1000_05_mr098_r10_41.csv
2026-02-06 13:14:33,440|INFO|random_mc2_n6_mid3_d1000_05_mr098_r10_41_uai_GDCC_1e-05_n200_roFalse_s0: PNS(V5,V3) exact: (0.119982256826749, 0.4934547656320461)
2026-02-06 13:14:33,425|INFO|random_mc2_n6_mid3_d1000_05_mr098_r10_15_uai_GDCC_1e-05_n200_roFalse_s0: Loading model from ../models/synthetic/s123/random_mc2_n6_mid3_d1000_05_mr098_r10_15.uai
2026-02-06 13:14:33,431|INFO|random_mc2_n6_mid3_d1000_05_mr098_r10_15_uai_GDCC_1e-05_n200_roFalse_s0: Loading data from ../models/synthetic/s123/random_mc2_n6_mid3_d1000_05_mr098_r10_15.csv
2026-02-06 13:14:33,441|INFO|random_mc2_n6_mid3_d1000_05_mr098_r10_15_uai_GDCC_1e-05_n200_roFalse_s0: PNS(V2,V5) exact: (5.70302784e-05, 0.0612875741534)
2026-02-06 13:14:33,438|INFO|random_mc2_n6_mid3_d1000_05_mr098_r10_119_uai_GDCC_1e-05_n200_roFalse_s0: Loading model from ../models/synthetic/s123/random_mc2_n6_mid3_d1000_05_mr098_r10_119.uai
2026-02-06 13:14:33,447|INFO|random_mc2_n6_mid3_d1000_05_mr098_r10_119_uai_GDCC_1e-05_n200_roFalse_s0: Loading data from ../models/synthetic/s123/random_mc2_n6_mid3_d1000_05_mr098_r10_119.csv
2026-02-06 13:14:33,439|INFO|random_mc2_n9_mid3_d1000_05_mr098_r10_192_uai_GDCC_1e-05_n200_roFalse_s0: Loading model from ../models/synthetic/s123/random_mc2_n9_mid3_d1000_05_mr098_r10_192.uai
2026-02-06 13:14:33,445|INFO|random_mc2_n7_mid3_d1000_05_mr098_r10_120_uai_GDCC_1e-05_n200_roFalse_s0: Loading model from ../models/synthetic/s123/random_mc2_n7_mid3_d1000_05_mr098_r10_120.uai
2026-02-06 13:14:33,451|INFO|random_mc2_n7_mid3_d1000_05_mr098_r10_120_uai_GDCC_1e-05_n200_roFalse_s0: Loading data from ../models/synthetic/s123/random_mc2_n7_mid3_d1000_05_mr098_r10_120.csv
2026-02-06 13:14:33,463|INFO|random_mc2_n7_mid3_d1000_05_mr098_r10_120_uai_GDCC_1e-05_n200_roFalse_s0: PNS(V4,V0) exact: (0.0, 0.2777528032372082)
2026-02-06 13:14:33,502|INFO|random_mc2_n9_mid3_d1000_05_mr098_r10_192_uai_GDCC_1e-05_n200_roFalse_s0: Loading data from ../models/synthetic/s123/random_mc2_n9_mid3_d1000_05_mr098_r10_192.csv
2026-02-06 13:14:33,512|INFO|random_mc2_n7_mid3_d1000_05_mr098_r10_39_uai_GDCC_1e-05_n200_roFalse_s0: Arguments: Namespace(method='GDCC_1e-05', numruns='200', seed='0', output='../results/synthetic/s123/', rewrite=True, removeoutliers=False, filepath=['../models/synthetic/s123/random_mc2_n7_mid3_d1000_05_mr098_r10_39.uai'])
2026-02-06 13:14:33,519|INFO|random_mc2_n8_mid3_d1000_05_mr098_r10_169_uai_GDCC_1e-05_n200_roTrue_s0: Arguments: Namespace(method='GDCC_1e-05', numruns='200', seed='0', output='../results/synthetic/s123/', rewrite=True, removeoutliers=True, filepath=['../models/synthetic/s123/random_mc2_n8_mid3_d1000_05_mr098_r10_169.uai'])
2026-02-06 13:14:33,525|INFO|random_mc2_n7_mid3_d1000_05_mr098_r10_15_uai_GDCC_1e-05_n200_roFalse_s0: Arguments: Namespace(method='GDCC_1e-05', numruns='200', seed='0', output='../results/synthetic/s123/', rewrite=True, removeoutliers=False, filepath=['../models/synthetic/s123/random_mc2_n7_mid3_d1000_05_mr098_r10_15.uai'])
2026-02-06 13:14:33,527|INFO|random_mc2_n6_mid3_d1000_05_mr098_r10_127_uai_GDCC_1e-05_n200_roFalse_s0: Arguments: Namespace(method='GDCC_1e-05', numruns='200', seed='0', output='../results/synthetic/s123/', rewrite=True, removeoutliers=False, filepath=['../models/synthetic/s123/random_mc2_n6_mid3_d1000_05_mr098_r10_127.uai'])
2026-02-06 13:14:33,529|INFO|random_mc2_n6_mid3_d1000_05_mr098_r10_139_uai_GDCC_1e-05_n200_roTrue_s0: Arguments: Namespace(method='GDCC_1e-05', numruns='200', seed='0', output='../results/synthetic/s123/', rewrite=True, removeoutliers=True, filepath=['../models/synthetic/s123/random_mc2_n6_mid3_d1000_05_mr098_r10_139.uai'])
2026-02-06 13:14:33,530|INFO|random_mc2_n6_mid3_d1000_05_mr098_r10_197_uai_GDCC_1e-05_n200_roFalse_s0: Arguments: Namespace(method='GDCC_1e-05', numruns='200', seed='0', output='../results/synthetic/s123/', rewrite=True, removeoutliers=False, filepath=['../models/synthetic/s123/random_mc2_n6_mid3_d1000_05_mr098_r10_197.uai'])
2026-02-06 13:14:33,530|INFO|random_mc2_n6_mid3_d1000_05_mr098_r10_197_uai_GDCC_1e-05_n200_roFalse_s0: Loading model from ../models/synthetic/s123/random_mc2_n6_mid3_d1000_05_mr098_r10_197.uai
2026-02-06 13:14:33,535|INFO|random_mc2_n9_mid3_d1000_05_mr098_r10_29_uai_GDCC_1e-05_n200_roFalse_s0: Arguments: Namespace(method='GDCC_1e-05', numruns='200', seed='0', output='../results/synthetic/s123/', rewrite=True, removeoutliers=False, filepath=['../models/synthetic/s123/random_mc2_n9_mid3_d1000_05_mr098_r10_29.uai'])
2026-02-06 13:14:33,513|INFO|random_mc2_n7_mid3_d1000_05_mr098_r10_39_uai_GDCC_1e-05_n200_roFalse_s0: Loading model from ../models/synthetic/s123/random_mc2_n7_mid3_d1000_05_mr098_r10_39.uai
2026-02-06 13:14:33,527|INFO|random_mc2_n7_mid3_d1000_05_mr098_r10_39_uai_GDCC_1e-05_n200_roFalse_s0: Loading data from ../models/synthetic/s123/random_mc2_n7_mid3_d1000_05_mr098_r10_39.csv
2026-02-06 13:14:33,545|INFO|random_mc2_n7_mid3_d1000_05_mr098_r10_39_uai_GDCC_1e-05_n200_roFalse_s0: PNS(V3,V5) exact: (0.0, 0.338230713)
2026-02-06 13:14:33,519|INFO|random_mc2_n8_mid3_d1000_05_mr098_r10_169_uai_GDCC_1e-05_n200_roTrue_s0: Loading model from ../models/synthetic/s123/random_mc2_n8_mid3_d1000_05_mr098_r10_169.uai
2026-02-06 13:14:33,525|INFO|random_mc2_n7_mid3_d1000_05_mr098_r10_15_uai_GDCC_1e-05_n200_roFalse_s0: Loading model from ../models/synthetic/s123/random_mc2_n7_mid3_d1000_05_mr098_r10_15.uai
2026-02-06 13:14:33,537|INFO|random_mc2_n7_mid3_d1000_05_mr098_r10_15_uai_GDCC_1e-05_n200_roFalse_s0: Loading data from ../models/synthetic/s123/random_mc2_n7_mid3_d1000_05_mr098_r10_15.csv
2026-02-06 13:14:33,550|INFO|random_mc2_n7_mid3_d1000_05_mr098_r10_15_uai_GDCC_1e-05_n200_roFalse_s0: PNS(V0,V6) exact: (0.3220170880214336, 0.5255000671372351)
2026-02-06 13:14:33,566|INFO|random_mc2_n8_mid3_d1000_05_mr098_r10_169_uai_GDCC_1e-05_n200_roTrue_s0: Loading data from ../models/synthetic/s123/random_mc2_n8_mid3_d1000_05_mr098_r10_169.csv
2026-02-06 13:14:33,527|INFO|random_mc2_n6_mid3_d1000_05_mr098_r10_127_uai_GDCC_1e-05_n200_roFalse_s0: Loading model from ../models/synthetic/s123/random_mc2_n6_mid3_d1000_05_mr098_r10_127.uai
2026-02-06 13:14:33,533|INFO|random_mc2_n6_mid3_d1000_05_mr098_r10_127_uai_GDCC_1e-05_n200_roFalse_s0: Loading data from ../models/synthetic/s123/random_mc2_n6_mid3_d1000_05_mr098_r10_127.csv
2026-02-06 13:14:33,529|INFO|random_mc2_n6_mid3_d1000_05_mr098_r10_139_uai_GDCC_1e-05_n200_roTrue_s0: Loading model from ../models/synthetic/s123/random_mc2_n6_mid3_d1000_05_mr098_r10_139.uai
2026-02-06 13:14:33,538|INFO|random_mc2_n6_mid3_d1000_05_mr098_r10_139_uai_GDCC_1e-05_n200_roTrue_s0: Loading data from ../models/synthetic/s123/random_mc2_n6_mid3_d1000_05_mr098_r10_139.csv
2026-02-06 13:14:33,543|INFO|random_mc2_n6_mid3_d1000_05_mr098_r10_197_uai_GDCC_1e-05_n200_roFalse_s0: Loading data from ../models/synthetic/s123/random_mc2_n6_mid3_d1000_05_mr098_r10_197.csv
2026-02-06 13:14:33,554|INFO|random_mc2_n6_mid3_d1000_05_mr098_r10_139_uai_GDCC_1e-05_n200_roTrue_s0: PNS(V0,V4) exact: (0.00014340000000000004, 0.0143472)
2026-02-06 13:14:33,535|INFO|random_mc2_n9_mid3_d1000_05_mr098_r10_29_uai_GDCC_1e-05_n200_roFalse_s0: Loading model from ../models/synthetic/s123/random_mc2_n9_mid3_d1000_05_mr098_r10_29.uai
2026-02-06 13:14:33,552|INFO|random_mc2_n9_mid3_d1000_05_mr098_r10_29_uai_GDCC_1e-05_n200_roFalse_s0: Loading data from ../models/synthetic/s123/random_mc2_n9_mid3_d1000_05_mr098_r10_29.csv
2026-02-06 13:14:33,611|INFO|random_mc2_n7_mid3_d1000_05_mr098_r10_51_uai_GDCC_1e-05_n200_roTrue_s0: Arguments: Namespace(method='GDCC_1e-05', numruns='200', seed='0', output='../results/synthetic/s123/', rewrite=True, removeoutliers=True, filepath=['../models/synthetic/s123/random_mc2_n7_mid3_d1000_05_mr098_r10_51.uai'])
2026-02-06 13:14:33,612|INFO|random_mc2_n7_mid3_d1000_05_mr098_r10_51_uai_GDCC_1e-05_n200_roTrue_s0: Loading model from ../models/synthetic/s123/random_mc2_n7_mid3_d1000_05_mr098_r10_51.uai
2026-02-06 13:14:33,629|INFO|random_mc2_n7_mid3_d1000_05_mr098_r10_51_uai_GDCC_1e-05_n200_roTrue_s0: Loading data from ../models/synthetic/s123/random_mc2_n7_mid3_d1000_05_mr098_r10_51.csv
2026-02-06 13:14:40,779|INFO|random_mc2_n6_mid3_d1000_05_mr098_r10_46_uai_GDCC_1e-05_n200_roTrue_s0: Arguments: Namespace(method='GDCC_1e-05', numruns='200', seed='0', output='../results/synthetic/s123/', rewrite=True, removeoutliers=True, filepath=['../models/synthetic/s123/random_mc2_n6_mid3_d1000_05_mr098_r10_46.uai'])
2026-02-06 13:14:40,779|INFO|random_mc2_n6_mid3_d1000_05_mr098_r10_46_uai_GDCC_1e-05_n200_roTrue_s0: Loading model from ../models/synthetic/s123/random_mc2_n6_mid3_d1000_05_mr098_r10_46.uai
2026-02-06 13:14:40,788|INFO|random_mc2_n6_mid3_d1000_05_mr098_r10_46_uai_GDCC_1e-05_n200_roTrue_s0: Loading data from ../models/synthetic/s123/random_mc2_n6_mid3_d1000_05_mr098_r10_46.csv
2026-02-06 13:14:40,798|INFO|random_mc2_n6_mid3_d1000_05_mr098_r10_46_uai_GDCC_1e-05_n200_roTrue_s0: PNS(V5,V4) exact: (0.1425212815, 0.1433881685)
2026-02-06 13:14:41,223|INFO|random_mc2_n7_mid3_d1000_05_mr098_r10_184_uai_GDCC_1e-05_n200_roTrue_s0: Arguments: Namespace(method='GDCC_1e-05', numruns='200', seed='0', output='../results/synthetic/s123/', rewrite=True, removeoutliers=True, filepath=['../models/synthetic/s123/random_mc2_n7_mid3_d1000_05_mr098_r10_184.uai'])
2026-02-06 13:14:41,247|INFO|random_mc2_n9_mid3_d1000_05_mr098_r10_1_uai_GDCC_1e-05_n200_roFalse_s0: Arguments: Namespace(method='GDCC_1e-05', numruns='200', seed='0', output='../results/synthetic/s123/', rewrite=True, removeoutliers=False, filepath=['../models/synthetic/s123/random_mc2_n9_mid3_d1000_05_mr098_r10_1.uai'])
2026-02-06 13:14:41,224|INFO|random_mc2_n7_mid3_d1000_05_mr098_r10_184_uai_GDCC_1e-05_n200_roTrue_s0: Loading model from ../models/synthetic/s123/random_mc2_n7_mid3_d1000_05_mr098_r10_184.uai
2026-02-06 13:14:41,236|INFO|random_mc2_n7_mid3_d1000_05_mr098_r10_184_uai_GDCC_1e-05_n200_roTrue_s0: Loading data from ../models/synthetic/s123/random_mc2_n7_mid3_d1000_05_mr098_r10_184.csv
2026-02-06 13:14:41,249|INFO|random_mc2_n7_mid3_d1000_05_mr098_r10_184_uai_GDCC_1e-05_n200_roTrue_s0: PNS(V0,V3) exact: (0.0039488823224993, 0.0144327631225721)
2026-02-06 13:14:41,247|INFO|random_mc2_n9_mid3_d1000_05_mr098_r10_1_uai_GDCC_1e-05_n200_roFalse_s0: Loading model from ../models/synthetic/s123/random_mc2_n9_mid3_d1000_05_mr098_r10_1.uai
2026-02-06 13:14:41,298|INFO|random_mc2_n9_mid3_d1000_05_mr098_r10_1_uai_GDCC_1e-05_n200_roFalse_s0: Loading data from ../models/synthetic/s123/random_mc2_n9_mid3_d1000_05_mr098_r10_1.csv
2026-02-06 13:14:41,308|INFO|random_mc2_n9_mid3_d1000_05_mr098_r10_1_uai_GDCC_1e-05_n200_roFalse_s0: PNS(V6,V2) exact: (0.156075015699298, 0.162433592078674)
2026-02-06 13:14:43,170|INFO|random_mc2_n7_mid3_d1000_05_mr098_r10_131_uai_GDCC_1e-05_n200_roTrue_s0: Arguments: Namespace(method='GDCC_1e-05', numruns='200', seed='0', output='../results/synthetic/s123/', rewrite=True, removeoutliers=True, filepath=['../models/synthetic/s123/random_mc2_n7_mid3_d1000_05_mr098_r10_131.uai'])
2026-02-06 13:14:43,170|INFO|random_mc2_n7_mid3_d1000_05_mr098_r10_131_uai_GDCC_1e-05_n200_roTrue_s0: Loading model from ../models/synthetic/s123/random_mc2_n7_mid3_d1000_05_mr098_r10_131.uai
2026-02-06 13:14:43,190|INFO|random_mc2_n7_mid3_d1000_05_mr098_r10_131_uai_GDCC_1e-05_n200_roTrue_s0: Loading data from ../models/synthetic/s123/random_mc2_n7_mid3_d1000_05_mr098_r10_131.csv
2026-02-06 13:14:43,212|INFO|random_mc2_n7_mid3_d1000_05_mr098_r10_131_uai_GDCC_1e-05_n200_roTrue_s0: PNS(V4,V5) exact: (0.0019772565152803, 0.1646117945558058)
2026-02-06 13:14:47,210|INFO|random_mc2_n6_mid3_d1000_05_mr098_r10_36_uai_GDCC_1e-05_n200_roFalse_s0: Arguments: Namespace(method='GDCC_1e-05', numruns='200', seed='0', output='../results/synthetic/s123/', rewrite=True, removeoutliers=False, filepath=['../models/synthetic/s123/random_mc2_n6_mid3_d1000_05_mr098_r10_36.uai'])
2026-02-06 13:14:47,246|INFO|random_mc2_n8_mid3_d1000_05_mr098_r10_173_uai_GDCC_1e-05_n200_roFalse_s0: Arguments: Namespace(method='GDCC_1e-05', numruns='200', seed='0', output='../results/synthetic/s123/', rewrite=True, removeoutliers=False, filepath=['../models/synthetic/s123/random_mc2_n8_mid3_d1000_05_mr098_r10_173.uai'])
2026-02-06 13:14:47,210|INFO|random_mc2_n6_mid3_d1000_05_mr098_r10_36_uai_GDCC_1e-05_n200_roFalse_s0: Loading model from ../models/synthetic/s123/random_mc2_n6_mid3_d1000_05_mr098_r10_36.uai
2026-02-06 13:14:47,227|INFO|random_mc2_n6_mid3_d1000_05_mr098_r10_36_uai_GDCC_1e-05_n200_roFalse_s0: Loading data from ../models/synthetic/s123/random_mc2_n6_mid3_d1000_05_mr098_r10_36.csv
2026-02-06 13:14:47,242|INFO|random_mc2_n6_mid3_d1000_05_mr098_r10_36_uai_GDCC_1e-05_n200_roFalse_s0: PNS(V1,V4) exact: (0.0029094796518842, 0.0163840107745321)
2026-02-06 13:14:47,247|INFO|random_mc2_n8_mid3_d1000_05_mr098_r10_173_uai_GDCC_1e-05_n200_roFalse_s0: Loading model from ../models/synthetic/s123/random_mc2_n8_mid3_d1000_05_mr098_r10_173.uai
2026-02-06 13:14:47,268|INFO|random_mc2_n8_mid3_d1000_05_mr098_r10_173_uai_GDCC_1e-05_n200_roFalse_s0: Loading data from ../models/synthetic/s123/random_mc2_n8_mid3_d1000_05_mr098_r10_173.csv
2026-02-06 13:14:49,258|INFO|random_mc2_n8_mid3_d1000_05_mr098_r10_159_uai_GDCC_1e-05_n200_roTrue_s0: Arguments: Namespace(method='GDCC_1e-05', numruns='200', seed='0', output='../results/synthetic/s123/', rewrite=True, removeoutliers=True, filepath=['../models/synthetic/s123/random_mc2_n8_mid3_d1000_05_mr098_r10_159.uai'])
2026-02-06 13:14:49,286|INFO|random_mc2_n6_mid3_d1000_05_mr098_r10_180_uai_GDCC_1e-05_n200_roTrue_s0: Arguments: Namespace(method='GDCC_1e-05', numruns='200', seed='0', output='../results/synthetic/s123/', rewrite=True, removeoutliers=True, filepath=['../models/synthetic/s123/random_mc2_n6_mid3_d1000_05_mr098_r10_180.uai'])
2026-02-06 13:14:49,258|INFO|random_mc2_n8_mid3_d1000_05_mr098_r10_159_uai_GDCC_1e-05_n200_roTrue_s0: Loading model from ../models/synthetic/s123/random_mc2_n8_mid3_d1000_05_mr098_r10_159.uai
2026-02-06 13:14:49,286|INFO|random_mc2_n8_mid3_d1000_05_mr098_r10_159_uai_GDCC_1e-05_n200_roTrue_s0: Loading data from ../models/synthetic/s123/random_mc2_n8_mid3_d1000_05_mr098_r10_159.csv
2026-02-06 13:14:49,286|INFO|random_mc2_n6_mid3_d1000_05_mr098_r10_180_uai_GDCC_1e-05_n200_roTrue_s0: Loading model from ../models/synthetic/s123/random_mc2_n6_mid3_d1000_05_mr098_r10_180.uai
2026-02-06 13:14:49,313|INFO|random_mc2_n6_mid3_d1000_05_mr098_r10_180_uai_GDCC_1e-05_n200_roTrue_s0: Loading data from ../models/synthetic/s123/random_mc2_n6_mid3_d1000_05_mr098_r10_180.csv
2026-02-06 13:14:49,330|INFO|random_mc2_n7_mid3_d1000_05_mr098_r10_55_uai_GDCC_1e-05_n200_roFalse_s0: Arguments: Namespace(method='GDCC_1e-05', numruns='200', seed='0', output='../results/synthetic/s123/', rewrite=True, removeoutliers=False, filepath=['../models/synthetic/s123/random_mc2_n7_mid3_d1000_05_mr098_r10_55.uai'])
2026-02-06 13:14:49,332|INFO|random_mc2_n7_mid3_d1000_05_mr098_r10_61_uai_GDCC_1e-05_n200_roTrue_s0: Arguments: Namespace(method='GDCC_1e-05', numruns='200', seed='0', output='../results/synthetic/s123/', rewrite=True, removeoutliers=True, filepath=['../models/synthetic/s123/random_mc2_n7_mid3_d1000_05_mr098_r10_61.uai'])
2026-02-06 13:14:49,331|INFO|random_mc2_n7_mid3_d1000_05_mr098_r10_55_uai_GDCC_1e-05_n200_roFalse_s0: Loading model from ../models/synthetic/s123/random_mc2_n7_mid3_d1000_05_mr098_r10_55.uai
2026-02-06 13:14:49,352|INFO|random_mc2_n7_mid3_d1000_05_mr098_r10_55_uai_GDCC_1e-05_n200_roFalse_s0: Loading data from ../models/synthetic/s123/random_mc2_n7_mid3_d1000_05_mr098_r10_55.csv
2026-02-06 13:14:49,332|INFO|random_mc2_n7_mid3_d1000_05_mr098_r10_61_uai_GDCC_1e-05_n200_roTrue_s0: Loading model from ../models/synthetic/s123/random_mc2_n7_mid3_d1000_05_mr098_r10_61.uai
2026-02-06 13:14:49,352|INFO|random_mc2_n7_mid3_d1000_05_mr098_r10_61_uai_GDCC_1e-05_n200_roTrue_s0: Loading data from ../models/synthetic/s123/random_mc2_n7_mid3_d1000_05_mr098_r10_61.csv
2026-02-06 13:14:49,369|INFO|random_mc2_n7_mid3_d1000_05_mr098_r10_55_uai_GDCC_1e-05_n200_roFalse_s0: PNS(V1,V2) exact: (0.0, 0.16491582811524)
2026-02-06 13:14:50,931|INFO|random_mc2_n5_mid3_d1000_05_mr098_r10_22_uai_GDCC_1e-05_n200_roTrue_s0: Arguments: Namespace(method='GDCC_1e-05', numruns='200', seed='0', output='../results/synthetic/s123/', rewrite=True, removeoutliers=True, filepath=['../models/synthetic/s123/random_mc2_n5_mid3_d1000_05_mr098_r10_22.uai'])
2026-02-06 13:14:50,932|INFO|random_mc2_n5_mid3_d1000_05_mr098_r10_22_uai_GDCC_1e-05_n200_roTrue_s0: Loading model from ../models/synthetic/s123/random_mc2_n5_mid3_d1000_05_mr098_r10_22.uai
2026-02-06 13:14:50,938|INFO|random_mc2_n5_mid3_d1000_05_mr098_r10_22_uai_GDCC_1e-05_n200_roTrue_s0: Loading data from ../models/synthetic/s123/random_mc2_n5_mid3_d1000_05_mr098_r10_22.csv
2026-02-06 13:14:50,949|INFO|random_mc2_n5_mid3_d1000_05_mr098_r10_22_uai_GDCC_1e-05_n200_roTrue_s0: PNS(V2,V3) exact: (0.01716, 0.07782)
2026-02-06 13:14:53,577|INFO|random_mc2_n5_mid3_d1000_05_mr098_r10_187_uai_GDCC_1e-05_n200_roFalse_s0: Arguments: Namespace(method='GDCC_1e-05', numruns='200', seed='0', output='../results/synthetic/s123/', rewrite=True, removeoutliers=False, filepath=['../models/synthetic/s123/random_mc2_n5_mid3_d1000_05_mr098_r10_187.uai'])
2026-02-06 13:14:53,578|INFO|random_mc2_n5_mid3_d1000_05_mr098_r10_187_uai_GDCC_1e-05_n200_roFalse_s0: Loading model from ../models/synthetic/s123/random_mc2_n5_mid3_d1000_05_mr098_r10_187.uai
2026-02-06 13:14:53,608|INFO|random_mc2_n5_mid3_d1000_05_mr098_r10_187_uai_GDCC_1e-05_n200_roFalse_s0: Loading data from ../models/synthetic/s123/random_mc2_n5_mid3_d1000_05_mr098_r10_187.csv
2026-02-06 13:14:53,661|INFO|random_mc2_n9_mid3_d1000_05_mr098_r10_168_uai_GDCC_1e-05_n200_roTrue_s0: Arguments: Namespace(method='GDCC_1e-05', numruns='200', seed='0', output='../results/synthetic/s123/', rewrite=True, removeoutliers=True, filepath=['../models/synthetic/s123/random_mc2_n9_mid3_d1000_05_mr098_r10_168.uai'])
2026-02-06 13:14:53,661|INFO|random_mc2_n9_mid3_d1000_05_mr098_r10_168_uai_GDCC_1e-05_n200_roTrue_s0: Loading model from ../models/synthetic/s123/random_mc2_n9_mid3_d1000_05_mr098_r10_168.uai
2026-02-06 13:14:53,701|INFO|random_mc2_n5_mid3_d1000_05_mr098_r10_10_uai_GDCC_1e-05_n200_roTrue_s0: Arguments: Namespace(method='GDCC_1e-05', numruns='200', seed='0', output='../results/synthetic/s123/', rewrite=True, removeoutliers=True, filepath=['../models/synthetic/s123/random_mc2_n5_mid3_d1000_05_mr098_r10_10.uai'])
2026-02-06 13:14:53,702|INFO|random_mc2_n9_mid3_d1000_05_mr098_r10_168_uai_GDCC_1e-05_n200_roTrue_s0: Loading data from ../models/synthetic/s123/random_mc2_n9_mid3_d1000_05_mr098_r10_168.csv
2026-02-06 13:14:53,701|INFO|random_mc2_n5_mid3_d1000_05_mr098_r10_10_uai_GDCC_1e-05_n200_roTrue_s0: Loading model from ../models/synthetic/s123/random_mc2_n5_mid3_d1000_05_mr098_r10_10.uai
2026-02-06 13:14:53,717|INFO|random_mc2_n5_mid3_d1000_05_mr098_r10_10_uai_GDCC_1e-05_n200_roTrue_s0: Loading data from ../models/synthetic/s123/random_mc2_n5_mid3_d1000_05_mr098_r10_10.csv
2026-02-06 13:14:53,870|INFO|random_mc2_n9_mid3_d1000_05_mr098_r10_134_uai_GDCC_1e-05_n200_roTrue_s0: Arguments: Namespace(method='GDCC_1e-05', numruns='200', seed='0', output='../results/synthetic/s123/', rewrite=True, removeoutliers=True, filepath=['../models/synthetic/s123/random_mc2_n9_mid3_d1000_05_mr098_r10_134.uai'])
2026-02-06 13:14:53,870|INFO|random_mc2_n9_mid3_d1000_05_mr098_r10_134_uai_GDCC_1e-05_n200_roTrue_s0: Loading model from ../models/synthetic/s123/random_mc2_n9_mid3_d1000_05_mr098_r10_134.uai
2026-02-06 13:14:54,102|INFO|random_mc2_n9_mid3_d1000_05_mr098_r10_134_uai_GDCC_1e-05_n200_roTrue_s0: Loading data from ../models/synthetic/s123/random_mc2_n9_mid3_d1000_05_mr098_r10_134.csv
2026-02-06 13:14:55,888|INFO|random_mc2_n6_mid3_d1000_05_mr098_r10_27_uai_GDCC_1e-05_n200_roFalse_s0: Arguments: Namespace(method='GDCC_1e-05', numruns='200', seed='0', output='../results/synthetic/s123/', rewrite=True, removeoutliers=False, filepath=['../models/synthetic/s123/random_mc2_n6_mid3_d1000_05_mr098_r10_27.uai'])
2026-02-06 13:14:55,904|INFO|random_mc2_n5_mid3_d1000_05_mr098_r10_125_uai_GDCC_1e-05_n200_roTrue_s0: Arguments: Namespace(method='GDCC_1e-05', numruns='200', seed='0', output='../results/synthetic/s123/', rewrite=True, removeoutliers=True, filepath=['../models/synthetic/s123/random_mc2_n5_mid3_d1000_05_mr098_r10_125.uai'])
2026-02-06 13:14:55,888|INFO|random_mc2_n6_mid3_d1000_05_mr098_r10_27_uai_GDCC_1e-05_n200_roFalse_s0: Loading model from ../models/synthetic/s123/random_mc2_n6_mid3_d1000_05_mr098_r10_27.uai
2026-02-06 13:14:55,904|INFO|random_mc2_n6_mid3_d1000_05_mr098_r10_27_uai_GDCC_1e-05_n200_roFalse_s0: Loading data from ../models/synthetic/s123/random_mc2_n6_mid3_d1000_05_mr098_r10_27.csv
2026-02-06 13:14:55,921|INFO|random_mc2_n6_mid3_d1000_05_mr098_r10_27_uai_GDCC_1e-05_n200_roFalse_s0: PNS(V1,V2) exact: (0.150982245685575, 0.150982245685575)
2026-02-06 13:14:55,904|INFO|random_mc2_n5_mid3_d1000_05_mr098_r10_125_uai_GDCC_1e-05_n200_roTrue_s0: Loading model from ../models/synthetic/s123/random_mc2_n5_mid3_d1000_05_mr098_r10_125.uai
2026-02-06 13:14:55,937|INFO|random_mc2_n5_mid3_d1000_05_mr098_r10_125_uai_GDCC_1e-05_n200_roTrue_s0: Loading data from ../models/synthetic/s123/random_mc2_n5_mid3_d1000_05_mr098_r10_125.csv
2026-02-06 13:14:55,970|INFO|random_mc2_n5_mid3_d1000_05_mr098_r10_125_uai_GDCC_1e-05_n200_roTrue_s0: PNS(V2,V4) exact: (0.0, 0.3332024784999999)
2026-02-06 13:14:59,561|INFO|random_mc2_n5_mid3_d1000_05_mr098_r10_61_uai_GDCC_1e-05_n200_roFalse_s0: Arguments: Namespace(method='GDCC_1e-05', numruns='200', seed='0', output='../results/synthetic/s123/', rewrite=True, removeoutliers=False, filepath=['../models/synthetic/s123/random_mc2_n5_mid3_d1000_05_mr098_r10_61.uai'])
2026-02-06 13:14:59,591|INFO|random_mc2_n5_mid3_d1000_05_mr098_r10_12_uai_GDCC_1e-05_n200_roTrue_s0: Arguments: Namespace(method='GDCC_1e-05', numruns='200', seed='0', output='../results/synthetic/s123/', rewrite=True, removeoutliers=True, filepath=['../models/synthetic/s123/random_mc2_n5_mid3_d1000_05_mr098_r10_12.uai'])
2026-02-06 13:14:59,561|INFO|random_mc2_n5_mid3_d1000_05_mr098_r10_61_uai_GDCC_1e-05_n200_roFalse_s0: Loading model from ../models/synthetic/s123/random_mc2_n5_mid3_d1000_05_mr098_r10_61.uai
2026-02-06 13:14:59,572|INFO|random_mc2_n5_mid3_d1000_05_mr098_r10_61_uai_GDCC_1e-05_n200_roFalse_s0: Loading data from ../models/synthetic/s123/random_mc2_n5_mid3_d1000_05_mr098_r10_61.csv
2026-02-06 13:14:59,591|INFO|random_mc2_n5_mid3_d1000_05_mr098_r10_12_uai_GDCC_1e-05_n200_roTrue_s0: Loading model from ../models/synthetic/s123/random_mc2_n5_mid3_d1000_05_mr098_r10_12.uai
2026-02-06 13:14:59,606|INFO|random_mc2_n5_mid3_d1000_05_mr098_r10_12_uai_GDCC_1e-05_n200_roTrue_s0: Loading data from ../models/synthetic/s123/random_mc2_n5_mid3_d1000_05_mr098_r10_12.csv
2026-02-06 13:14:59,627|INFO|random_mc2_n5_mid3_d1000_05_mr098_r10_12_uai_GDCC_1e-05_n200_roTrue_s0: PNS(V4,V2) exact: (0.007306159, 0.014175791)
2026-02-06 13:15:00,448|INFO|random_mc2_n9_mid3_d1000_05_mr098_r10_160_uai_GDCC_1e-05_n200_roTrue_s0: Arguments: Namespace(method='GDCC_1e-05', numruns='200', seed='0', output='../results/synthetic/s123/', rewrite=True, removeoutliers=True, filepath=['../models/synthetic/s123/random_mc2_n9_mid3_d1000_05_mr098_r10_160.uai'])
2026-02-06 13:15:00,448|INFO|random_mc2_n9_mid3_d1000_05_mr098_r10_160_uai_GDCC_1e-05_n200_roTrue_s0: Loading model from ../models/synthetic/s123/random_mc2_n9_mid3_d1000_05_mr098_r10_160.uai
2026-02-06 13:15:00,478|INFO|random_mc2_n9_mid3_d1000_05_mr098_r10_160_uai_GDCC_1e-05_n200_roTrue_s0: Loading data from ../models/synthetic/s123/random_mc2_n9_mid3_d1000_05_mr098_r10_160.csv
2026-02-06 13:15:00,683|INFO|random_mc2_n5_mid3_d1000_05_mr098_r10_192_uai_GDCC_1e-05_n200_roFalse_s0: Arguments: Namespace(method='GDCC_1e-05', numruns='200', seed='0', output='../results/synthetic/s123/', rewrite=True, removeoutliers=False, filepath=['../models/synthetic/s123/random_mc2_n5_mid3_d1000_05_mr098_r10_192.uai'])
2026-02-06 13:15:00,683|INFO|random_mc2_n5_mid3_d1000_05_mr098_r10_192_uai_GDCC_1e-05_n200_roFalse_s0: Loading model from ../models/synthetic/s123/random_mc2_n5_mid3_d1000_05_mr098_r10_192.uai
2026-02-06 13:15:00,710|INFO|random_mc2_n5_mid3_d1000_05_mr098_r10_192_uai_GDCC_1e-05_n200_roFalse_s0: Loading data from ../models/synthetic/s123/random_mc2_n5_mid3_d1000_05_mr098_r10_192.csv
2026-02-06 13:15:00,721|INFO|random_mc2_n5_mid3_d1000_05_mr098_r10_192_uai_GDCC_1e-05_n200_roFalse_s0: PNS(V0,V2) exact: (0.019158534066672, 0.243463236618182)
2026-02-06 13:15:01,668|INFO|random_mc2_n9_mid3_d1000_05_mr098_r10_91_uai_GDCC_1e-05_n200_roTrue_s0: Arguments: Namespace(method='GDCC_1e-05', numruns='200', seed='0', output='../results/synthetic/s123/', rewrite=True, removeoutliers=True, filepath=['../models/synthetic/s123/random_mc2_n9_mid3_d1000_05_mr098_r10_91.uai'])
2026-02-06 13:15:01,668|INFO|random_mc2_n9_mid3_d1000_05_mr098_r10_91_uai_GDCC_1e-05_n200_roTrue_s0: Loading model from ../models/synthetic/s123/random_mc2_n9_mid3_d1000_05_mr098_r10_91.uai
2026-02-06 13:15:01,691|INFO|random_mc2_n9_mid3_d1000_05_mr098_r10_91_uai_GDCC_1e-05_n200_roTrue_s0: Loading data from ../models/synthetic/s123/random_mc2_n9_mid3_d1000_05_mr098_r10_91.csv
2026-02-06 13:15:01,708|INFO|random_mc2_n9_mid3_d1000_05_mr098_r10_91_uai_GDCC_1e-05_n200_roTrue_s0: PNS(V2,V3) exact: (0.8057637300690249, 0.8686928265038563)
2026-02-06 13:15:01,733|INFO|random_mc2_n7_mid3_d1000_05_mr098_r10_19_uai_GDCC_1e-05_n200_roTrue_s0: Arguments: Namespace(method='GDCC_1e-05', numruns='200', seed='0', output='../results/synthetic/s123/', rewrite=True, removeoutliers=True, filepath=['../models/synthetic/s123/random_mc2_n7_mid3_d1000_05_mr098_r10_19.uai'])
2026-02-06 13:15:01,734|INFO|random_mc2_n7_mid3_d1000_05_mr098_r10_19_uai_GDCC_1e-05_n200_roTrue_s0: Loading model from ../models/synthetic/s123/random_mc2_n7_mid3_d1000_05_mr098_r10_19.uai
2026-02-06 13:15:01,754|INFO|random_mc2_n7_mid3_d1000_05_mr098_r10_19_uai_GDCC_1e-05_n200_roTrue_s0: Loading data from ../models/synthetic/s123/random_mc2_n7_mid3_d1000_05_mr098_r10_19.csv
2026-02-06 13:15:03,121|INFO|random_mc2_n6_mid3_d1000_05_mr098_r10_141_uai_GDCC_1e-05_n200_roFalse_s0: Arguments: Namespace(method='GDCC_1e-05', numruns='200', seed='0', output='../results/synthetic/s123/', rewrite=True, removeoutliers=False, filepath=['../models/synthetic/s123/random_mc2_n6_mid3_d1000_05_mr098_r10_141.uai'])
2026-02-06 13:15:03,134|INFO|random_mc2_n9_mid3_d1000_05_mr098_r10_182_uai_GDCC_1e-05_n200_roTrue_s0: Arguments: Namespace(method='GDCC_1e-05', numruns='200', seed='0', output='../results/synthetic/s123/', rewrite=True, removeoutliers=True, filepath=['../models/synthetic/s123/random_mc2_n9_mid3_d1000_05_mr098_r10_182.uai'])
2026-02-06 13:15:03,121|INFO|random_mc2_n6_mid3_d1000_05_mr098_r10_141_uai_GDCC_1e-05_n200_roFalse_s0: Loading model from ../models/synthetic/s123/random_mc2_n6_mid3_d1000_05_mr098_r10_141.uai
2026-02-06 13:15:03,134|INFO|random_mc2_n9_mid3_d1000_05_mr098_r10_182_uai_GDCC_1e-05_n200_roTrue_s0: Loading model from ../models/synthetic/s123/random_mc2_n9_mid3_d1000_05_mr098_r10_182.uai
2026-02-06 13:15:03,160|INFO|random_mc2_n9_mid3_d1000_05_mr098_r10_182_uai_GDCC_1e-05_n200_roTrue_s0: Loading data from ../models/synthetic/s123/random_mc2_n9_mid3_d1000_05_mr098_r10_182.csv
2026-02-06 13:15:03,183|INFO|random_mc2_n6_mid3_d1000_05_mr098_r10_141_uai_GDCC_1e-05_n200_roFalse_s0: Loading data from ../models/synthetic/s123/random_mc2_n6_mid3_d1000_05_mr098_r10_141.csv
2026-02-06 13:15:03,197|INFO|random_mc2_n6_mid3_d1000_05_mr098_r10_141_uai_GDCC_1e-05_n200_roFalse_s0: PNS(V1,V4) exact: (0.2486475012, 0.2716618306)
2026-02-06 13:15:03,557|INFO|random_mc2_n9_mid3_d1000_05_mr098_r10_28_uai_GDCC_1e-05_n200_roFalse_s0: Arguments: Namespace(method='GDCC_1e-05', numruns='200', seed='0', output='../results/synthetic/s123/', rewrite=True, removeoutliers=False, filepath=['../models/synthetic/s123/random_mc2_n9_mid3_d1000_05_mr098_r10_28.uai'])
2026-02-06 13:15:03,557|INFO|random_mc2_n9_mid3_d1000_05_mr098_r10_28_uai_GDCC_1e-05_n200_roFalse_s0: Loading model from ../models/synthetic/s123/random_mc2_n9_mid3_d1000_05_mr098_r10_28.uai
2026-02-06 13:15:03,583|INFO|random_mc2_n9_mid3_d1000_05_mr098_r10_28_uai_GDCC_1e-05_n200_roFalse_s0: Loading data from ../models/synthetic/s123/random_mc2_n9_mid3_d1000_05_mr098_r10_28.csv
2026-02-06 13:15:04,422|INFO|random_mc2_n5_mid3_d1000_05_mr098_r10_111_uai_GDCC_1e-05_n200_roFalse_s0: Arguments: Namespace(method='GDCC_1e-05', numruns='200', seed='0', output='../results/synthetic/s123/', rewrite=True, removeoutliers=False, filepath=['../models/synthetic/s123/random_mc2_n5_mid3_d1000_05_mr098_r10_111.uai'])
2026-02-06 13:15:04,422|INFO|random_mc2_n5_mid3_d1000_05_mr098_r10_111_uai_GDCC_1e-05_n200_roFalse_s0: Loading model from ../models/synthetic/s123/random_mc2_n5_mid3_d1000_05_mr098_r10_111.uai
2026-02-06 13:15:04,434|INFO|random_mc2_n5_mid3_d1000_05_mr098_r10_111_uai_GDCC_1e-05_n200_roFalse_s0: Loading data from ../models/synthetic/s123/random_mc2_n5_mid3_d1000_05_mr098_r10_111.csv
2026-02-06 13:15:04,477|INFO|random_mc2_n6_mid3_d1000_05_mr098_r10_177_uai_GDCC_1e-05_n200_roTrue_s0: Arguments: Namespace(method='GDCC_1e-05', numruns='200', seed='0', output='../results/synthetic/s123/', rewrite=True, removeoutliers=True, filepath=['../models/synthetic/s123/random_mc2_n6_mid3_d1000_05_mr098_r10_177.uai'])
2026-02-06 13:15:04,478|INFO|random_mc2_n6_mid3_d1000_05_mr098_r10_177_uai_GDCC_1e-05_n200_roTrue_s0: Loading model from ../models/synthetic/s123/random_mc2_n6_mid3_d1000_05_mr098_r10_177.uai
2026-02-06 13:15:04,486|INFO|random_mc2_n6_mid3_d1000_05_mr098_r10_177_uai_GDCC_1e-05_n200_roTrue_s0: Loading data from ../models/synthetic/s123/random_mc2_n6_mid3_d1000_05_mr098_r10_177.csv
2026-02-06 13:15:04,562|INFO|random_mc2_n6_mid3_d1000_05_mr098_r10_81_uai_GDCC_1e-05_n200_roTrue_s0: Arguments: Namespace(method='GDCC_1e-05', numruns='200', seed='0', output='../results/synthetic/s123/', rewrite=True, removeoutliers=True, filepath=['../models/synthetic/s123/random_mc2_n6_mid3_d1000_05_mr098_r10_81.uai'])
2026-02-06 13:15:04,569|INFO|random_mc2_n5_mid3_d1000_05_mr098_r10_47_uai_GDCC_1e-05_n200_roTrue_s0: Arguments: Namespace(method='GDCC_1e-05', numruns='200', seed='0', output='../results/synthetic/s123/', rewrite=True, removeoutliers=True, filepath=['../models/synthetic/s123/random_mc2_n5_mid3_d1000_05_mr098_r10_47.uai'])
2026-02-06 13:15:04,592|INFO|random_mc2_n8_mid3_d1000_05_mr098_r10_173_uai_GDCC_1e-05_n200_roTrue_s0: Arguments: Namespace(method='GDCC_1e-05', numruns='200', seed='0', output='../results/synthetic/s123/', rewrite=True, removeoutliers=True, filepath=['../models/synthetic/s123/random_mc2_n8_mid3_d1000_05_mr098_r10_173.uai'])
2026-02-06 13:15:04,597|INFO|random_mc2_n5_mid3_d1000_05_mr098_r10_194_uai_GDCC_1e-05_n200_roFalse_s0: Arguments: Namespace(method='GDCC_1e-05', numruns='200', seed='0', output='../results/synthetic/s123/', rewrite=True, removeoutliers=False, filepath=['../models/synthetic/s123/random_mc2_n5_mid3_d1000_05_mr098_r10_194.uai'])
2026-02-06 13:15:04,562|INFO|random_mc2_n6_mid3_d1000_05_mr098_r10_81_uai_GDCC_1e-05_n200_roTrue_s0: Loading model from ../models/synthetic/s123/random_mc2_n6_mid3_d1000_05_mr098_r10_81.uai
2026-02-06 13:15:04,574|INFO|random_mc2_n6_mid3_d1000_05_mr098_r10_81_uai_GDCC_1e-05_n200_roTrue_s0: Loading data from ../models/synthetic/s123/random_mc2_n6_mid3_d1000_05_mr098_r10_81.csv
2026-02-06 13:15:04,590|INFO|random_mc2_n6_mid3_d1000_05_mr098_r10_81_uai_GDCC_1e-05_n200_roTrue_s0: PNS(V0,V1) exact: (0.3372099000000001, 0.3372099000000001)
2026-02-06 13:15:04,570|INFO|random_mc2_n5_mid3_d1000_05_mr098_r10_47_uai_GDCC_1e-05_n200_roTrue_s0: Loading model from ../models/synthetic/s123/random_mc2_n5_mid3_d1000_05_mr098_r10_47.uai
2026-02-06 13:15:04,577|INFO|random_mc2_n5_mid3_d1000_05_mr098_r10_47_uai_GDCC_1e-05_n200_roTrue_s0: Loading data from ../models/synthetic/s123/random_mc2_n5_mid3_d1000_05_mr098_r10_47.csv
2026-02-06 13:15:04,589|INFO|random_mc2_n5_mid3_d1000_05_mr098_r10_47_uai_GDCC_1e-05_n200_roTrue_s0: PNS(V2,V3) exact: (0.1161899999999999, 0.1161899999999999)
2026-02-06 13:15:04,593|INFO|random_mc2_n8_mid3_d1000_05_mr098_r10_173_uai_GDCC_1e-05_n200_roTrue_s0: Loading model from ../models/synthetic/s123/random_mc2_n8_mid3_d1000_05_mr098_r10_173.uai
2026-02-06 13:15:04,614|INFO|random_mc2_n8_mid3_d1000_05_mr098_r10_173_uai_GDCC_1e-05_n200_roTrue_s0: Loading data from ../models/synthetic/s123/random_mc2_n8_mid3_d1000_05_mr098_r10_173.csv
2026-02-06 13:15:04,597|INFO|random_mc2_n5_mid3_d1000_05_mr098_r10_194_uai_GDCC_1e-05_n200_roFalse_s0: Loading model from ../models/synthetic/s123/random_mc2_n5_mid3_d1000_05_mr098_r10_194.uai
2026-02-06 13:15:04,605|INFO|random_mc2_n5_mid3_d1000_05_mr098_r10_194_uai_GDCC_1e-05_n200_roFalse_s0: Loading data from ../models/synthetic/s123/random_mc2_n5_mid3_d1000_05_mr098_r10_194.csv
2026-02-06 13:15:04,617|INFO|random_mc2_n5_mid3_d1000_05_mr098_r10_194_uai_GDCC_1e-05_n200_roFalse_s0: PNS(V3,V2) exact: (0.01055616190497, 0.096865567581924)
2026-02-06 13:15:04,666|INFO|random_mc2_n6_mid3_d1000_05_mr098_r10_147_uai_GDCC_1e-05_n200_roFalse_s0: Arguments: Namespace(method='GDCC_1e-05', numruns='200', seed='0', output='../results/synthetic/s123/', rewrite=True, removeoutliers=False, filepath=['../models/synthetic/s123/random_mc2_n6_mid3_d1000_05_mr098_r10_147.uai'])
2026-02-06 13:15:04,666|INFO|random_mc2_n6_mid3_d1000_05_mr098_r10_147_uai_GDCC_1e-05_n200_roFalse_s0: Loading model from ../models/synthetic/s123/random_mc2_n6_mid3_d1000_05_mr098_r10_147.uai
2026-02-06 13:15:04,678|INFO|random_mc2_n6_mid3_d1000_05_mr098_r10_147_uai_GDCC_1e-05_n200_roFalse_s0: Loading data from ../models/synthetic/s123/random_mc2_n6_mid3_d1000_05_mr098_r10_147.csv
2026-02-06 13:15:04,737|INFO|random_mc2_n5_mid3_d1000_05_mr098_r10_160_uai_GDCC_1e-05_n200_roFalse_s0: Arguments: Namespace(method='GDCC_1e-05', numruns='200', seed='0', output='../results/synthetic/s123/', rewrite=True, removeoutliers=False, filepath=['../models/synthetic/s123/random_mc2_n5_mid3_d1000_05_mr098_r10_160.uai'])
2026-02-06 13:15:04,737|INFO|random_mc2_n5_mid3_d1000_05_mr098_r10_160_uai_GDCC_1e-05_n200_roFalse_s0: Loading model from ../models/synthetic/s123/random_mc2_n5_mid3_d1000_05_mr098_r10_160.uai
2026-02-06 13:15:04,744|INFO|random_mc2_n5_mid3_d1000_05_mr098_r10_160_uai_GDCC_1e-05_n200_roFalse_s0: Loading data from ../models/synthetic/s123/random_mc2_n5_mid3_d1000_05_mr098_r10_160.csv
2026-02-06 13:15:04,801|INFO|random_mc2_n8_mid3_d1000_05_mr098_r10_38_uai_GDCC_1e-05_n200_roTrue_s0: Arguments: Namespace(method='GDCC_1e-05', numruns='200', seed='0', output='../results/synthetic/s123/', rewrite=True, removeoutliers=True, filepath=['../models/synthetic/s123/random_mc2_n8_mid3_d1000_05_mr098_r10_38.uai'])
2026-02-06 13:15:04,806|INFO|random_mc2_n7_mid3_d1000_05_mr098_r10_197_uai_GDCC_1e-05_n200_roFalse_s0: Arguments: Namespace(method='GDCC_1e-05', numruns='200', seed='0', output='../results/synthetic/s123/', rewrite=True, removeoutliers=False, filepath=['../models/synthetic/s123/random_mc2_n7_mid3_d1000_05_mr098_r10_197.uai'])
2026-02-06 13:15:04,824|INFO|random_mc2_n5_mid3_d1000_05_mr098_r10_127_uai_GDCC_1e-05_n200_roTrue_s0: Arguments: Namespace(method='GDCC_1e-05', numruns='200', seed='0', output='../results/synthetic/s123/', rewrite=True, removeoutliers=True, filepath=['../models/synthetic/s123/random_mc2_n5_mid3_d1000_05_mr098_r10_127.uai'])
2026-02-06 13:15:04,801|INFO|random_mc2_n8_mid3_d1000_05_mr098_r10_38_uai_GDCC_1e-05_n200_roTrue_s0: Loading model from ../models/synthetic/s123/random_mc2_n8_mid3_d1000_05_mr098_r10_38.uai
2026-02-06 13:15:04,832|INFO|random_mc2_n8_mid3_d1000_05_mr098_r10_38_uai_GDCC_1e-05_n200_roTrue_s0: Loading data from ../models/synthetic/s123/random_mc2_n8_mid3_d1000_05_mr098_r10_38.csv
2026-02-06 13:15:04,806|INFO|random_mc2_n7_mid3_d1000_05_mr098_r10_197_uai_GDCC_1e-05_n200_roFalse_s0: Loading model from ../models/synthetic/s123/random_mc2_n7_mid3_d1000_05_mr098_r10_197.uai
2026-02-06 13:15:04,823|INFO|random_mc2_n7_mid3_d1000_05_mr098_r10_197_uai_GDCC_1e-05_n200_roFalse_s0: Loading data from ../models/synthetic/s123/random_mc2_n7_mid3_d1000_05_mr098_r10_197.csv
2026-02-06 13:15:04,840|INFO|random_mc2_n7_mid3_d1000_05_mr098_r10_197_uai_GDCC_1e-05_n200_roFalse_s0: PNS(V4,V6) exact: (0.0077679086795427, 0.0129274736640678)
2026-02-06 13:15:04,824|INFO|random_mc2_n5_mid3_d1000_05_mr098_r10_127_uai_GDCC_1e-05_n200_roTrue_s0: Loading model from ../models/synthetic/s123/random_mc2_n5_mid3_d1000_05_mr098_r10_127.uai
2026-02-06 13:15:04,845|INFO|random_mc2_n5_mid3_d1000_05_mr098_r10_127_uai_GDCC_1e-05_n200_roTrue_s0: Loading data from ../models/synthetic/s123/random_mc2_n5_mid3_d1000_05_mr098_r10_127.csv
2026-02-06 13:15:04,886|INFO|random_mc2_n5_mid3_d1000_05_mr098_r10_119_uai_GDCC_1e-05_n200_roFalse_s0: Arguments: Namespace(method='GDCC_1e-05', numruns='200', seed='0', output='../results/synthetic/s123/', rewrite=True, removeoutliers=False, filepath=['../models/synthetic/s123/random_mc2_n5_mid3_d1000_05_mr098_r10_119.uai'])
2026-02-06 13:15:04,887|INFO|random_mc2_n5_mid3_d1000_05_mr098_r10_119_uai_GDCC_1e-05_n200_roFalse_s0: Loading model from ../models/synthetic/s123/random_mc2_n5_mid3_d1000_05_mr098_r10_119.uai
2026-02-06 13:15:04,897|INFO|random_mc2_n5_mid3_d1000_05_mr098_r10_119_uai_GDCC_1e-05_n200_roFalse_s0: Loading data from ../models/synthetic/s123/random_mc2_n5_mid3_d1000_05_mr098_r10_119.csv
2026-02-06 13:15:05,084|INFO|random_mc2_n7_mid3_d1000_05_mr098_r10_2_uai_GDCC_1e-05_n200_roTrue_s0: Arguments: Namespace(method='GDCC_1e-05', numruns='200', seed='0', output='../results/synthetic/s123/', rewrite=True, removeoutliers=True, filepath=['../models/synthetic/s123/random_mc2_n7_mid3_d1000_05_mr098_r10_2.uai'])
2026-02-06 13:15:05,084|INFO|random_mc2_n7_mid3_d1000_05_mr098_r10_2_uai_GDCC_1e-05_n200_roTrue_s0: Loading model from ../models/synthetic/s123/random_mc2_n7_mid3_d1000_05_mr098_r10_2.uai
2026-02-06 13:15:05,099|INFO|random_mc2_n7_mid3_d1000_05_mr098_r10_2_uai_GDCC_1e-05_n200_roTrue_s0: Loading data from ../models/synthetic/s123/random_mc2_n7_mid3_d1000_05_mr098_r10_2.csv
2026-02-06 13:15:05,114|INFO|random_mc2_n7_mid3_d1000_05_mr098_r10_2_uai_GDCC_1e-05_n200_roTrue_s0: PNS(V6,V5) exact: (0.17496630889, 0.198271938213)
2026-02-06 13:15:05,234|INFO|random_mc2_n5_mid3_d1000_05_mr098_r10_2_uai_GDCC_1e-05_n200_roTrue_s0: Arguments: Namespace(method='GDCC_1e-05', numruns='200', seed='0', output='../results/synthetic/s123/', rewrite=True, removeoutliers=True, filepath=['../models/synthetic/s123/random_mc2_n5_mid3_d1000_05_mr098_r10_2.uai'])
2026-02-06 13:15:05,234|INFO|random_mc2_n5_mid3_d1000_05_mr098_r10_2_uai_GDCC_1e-05_n200_roTrue_s0: Loading model from ../models/synthetic/s123/random_mc2_n5_mid3_d1000_05_mr098_r10_2.uai
2026-02-06 13:15:05,241|INFO|random_mc2_n5_mid3_d1000_05_mr098_r10_2_uai_GDCC_1e-05_n200_roTrue_s0: Loading data from ../models/synthetic/s123/random_mc2_n5_mid3_d1000_05_mr098_r10_2.csv
2026-02-06 13:15:05,257|INFO|random_mc2_n5_mid3_d1000_05_mr098_r10_2_uai_GDCC_1e-05_n200_roTrue_s0: PNS(V1,V2) exact: (0.0, 0.0)
2026-02-06 13:15:05,258|ERROR|random_mc2_n5_mid3_d1000_05_mr098_r10_2_uai_GDCC_1e-05_n200_roTrue_s0: Model does not have any cause-effect path.
2026-02-06 13:15:05,358|INFO|random_mc2_n6_mid3_d1000_05_mr098_r10_200_uai_GDCC_1e-05_n200_roFalse_s0: Arguments: Namespace(method='GDCC_1e-05', numruns='200', seed='0', output='../results/synthetic/s123/', rewrite=True, removeoutliers=False, filepath=['../models/synthetic/s123/random_mc2_n6_mid3_d1000_05_mr098_r10_200.uai'])
2026-02-06 13:15:05,372|INFO|random_mc2_n6_mid3_d1000_05_mr098_r10_10_uai_GDCC_1e-05_n200_roFalse_s0: Arguments: Namespace(method='GDCC_1e-05', numruns='200', seed='0', output='../results/synthetic/s123/', rewrite=True, removeoutliers=False, filepath=['../models/synthetic/s123/random_mc2_n6_mid3_d1000_05_mr098_r10_10.uai'])
2026-02-06 13:15:05,358|INFO|random_mc2_n6_mid3_d1000_05_mr098_r10_200_uai_GDCC_1e-05_n200_roFalse_s0: Loading model from ../models/synthetic/s123/random_mc2_n6_mid3_d1000_05_mr098_r10_200.uai
2026-02-06 13:15:05,399|INFO|random_mc2_n9_mid3_d1000_05_mr098_r10_32_uai_GDCC_1e-05_n200_roFalse_s0: Arguments: Namespace(method='GDCC_1e-05', numruns='200', seed='0', output='../results/synthetic/s123/', rewrite=True, removeoutliers=False, filepath=['../models/synthetic/s123/random_mc2_n9_mid3_d1000_05_mr098_r10_32.uai'])
2026-02-06 13:15:05,389|INFO|random_mc2_n6_mid3_d1000_05_mr098_r10_200_uai_GDCC_1e-05_n200_roFalse_s0: Loading data from ../models/synthetic/s123/random_mc2_n6_mid3_d1000_05_mr098_r10_200.csv
2026-02-06 13:15:05,412|INFO|random_mc2_n5_mid3_d1000_05_mr098_r10_117_uai_GDCC_1e-05_n200_roTrue_s0: Arguments: Namespace(method='GDCC_1e-05', numruns='200', seed='0', output='../results/synthetic/s123/', rewrite=True, removeoutliers=True, filepath=['../models/synthetic/s123/random_mc2_n5_mid3_d1000_05_mr098_r10_117.uai'])
2026-02-06 13:15:05,372|INFO|random_mc2_n6_mid3_d1000_05_mr098_r10_10_uai_GDCC_1e-05_n200_roFalse_s0: Loading model from ../models/synthetic/s123/random_mc2_n6_mid3_d1000_05_mr098_r10_10.uai
2026-02-06 13:15:05,399|INFO|random_mc2_n6_mid3_d1000_05_mr098_r10_10_uai_GDCC_1e-05_n200_roFalse_s0: Loading data from ../models/synthetic/s123/random_mc2_n6_mid3_d1000_05_mr098_r10_10.csv
2026-02-06 13:15:05,399|INFO|random_mc2_n9_mid3_d1000_05_mr098_r10_32_uai_GDCC_1e-05_n200_roFalse_s0: Loading model from ../models/synthetic/s123/random_mc2_n9_mid3_d1000_05_mr098_r10_32.uai
2026-02-06 13:15:05,420|INFO|random_mc2_n9_mid3_d1000_05_mr098_r10_32_uai_GDCC_1e-05_n200_roFalse_s0: Loading data from ../models/synthetic/s123/random_mc2_n9_mid3_d1000_05_mr098_r10_32.csv
2026-02-06 13:15:05,439|INFO|random_mc2_n9_mid3_d1000_05_mr098_r10_32_uai_GDCC_1e-05_n200_roFalse_s0: PNS(V1,V3) exact: (0.0, 0.0)
2026-02-06 13:15:05,440|ERROR|random_mc2_n9_mid3_d1000_05_mr098_r10_32_uai_GDCC_1e-05_n200_roFalse_s0: Model does not have any cause-effect path.
2026-02-06 13:15:05,412|INFO|random_mc2_n5_mid3_d1000_05_mr098_r10_117_uai_GDCC_1e-05_n200_roTrue_s0: Loading model from ../models/synthetic/s123/random_mc2_n5_mid3_d1000_05_mr098_r10_117.uai
2026-02-06 13:15:05,421|INFO|random_mc2_n5_mid3_d1000_05_mr098_r10_117_uai_GDCC_1e-05_n200_roTrue_s0: Loading data from ../models/synthetic/s123/random_mc2_n5_mid3_d1000_05_mr098_r10_117.csv
2026-02-06 13:15:05,494|INFO|random_mc2_n5_mid3_d1000_05_mr098_r10_162_uai_GDCC_1e-05_n200_roFalse_s0: Arguments: Namespace(method='GDCC_1e-05', numruns='200', seed='0', output='../results/synthetic/s123/', rewrite=True, removeoutliers=False, filepath=['../models/synthetic/s123/random_mc2_n5_mid3_d1000_05_mr098_r10_162.uai'])
2026-02-06 13:15:05,506|INFO|random_mc2_n5_mid3_d1000_05_mr098_r10_102_uai_GDCC_1e-05_n200_roTrue_s0: Arguments: Namespace(method='GDCC_1e-05', numruns='200', seed='0', output='../results/synthetic/s123/', rewrite=True, removeoutliers=True, filepath=['../models/synthetic/s123/random_mc2_n5_mid3_d1000_05_mr098_r10_102.uai'])
2026-02-06 13:15:05,495|INFO|random_mc2_n5_mid3_d1000_05_mr098_r10_162_uai_GDCC_1e-05_n200_roFalse_s0: Loading model from ../models/synthetic/s123/random_mc2_n5_mid3_d1000_05_mr098_r10_162.uai
2026-02-06 13:15:05,516|INFO|random_mc2_n5_mid3_d1000_05_mr098_r10_162_uai_GDCC_1e-05_n200_roFalse_s0: Loading data from ../models/synthetic/s123/random_mc2_n5_mid3_d1000_05_mr098_r10_162.csv
2026-02-06 13:15:05,533|INFO|random_mc2_n5_mid3_d1000_05_mr098_r10_162_uai_GDCC_1e-05_n200_roFalse_s0: PNS(V3,V1) exact: (0.02702942159625, 0.05577743562975)
2026-02-06 13:15:05,506|INFO|random_mc2_n5_mid3_d1000_05_mr098_r10_102_uai_GDCC_1e-05_n200_roTrue_s0: Loading model from ../models/synthetic/s123/random_mc2_n5_mid3_d1000_05_mr098_r10_102.uai
2026-02-06 13:15:05,522|INFO|random_mc2_n5_mid3_d1000_05_mr098_r10_102_uai_GDCC_1e-05_n200_roTrue_s0: Loading data from ../models/synthetic/s123/random_mc2_n5_mid3_d1000_05_mr098_r10_102.csv
2026-02-06 13:15:05,547|INFO|random_mc2_n5_mid3_d1000_05_mr098_r10_102_uai_GDCC_1e-05_n200_roTrue_s0: PNS(V3,V0) exact: (0.2629687949824, 0.477036655678528)
2026-02-06 13:15:05,804|INFO|random_mc2_n5_mid3_d1000_05_mr098_r10_197_uai_GDCC_1e-05_n200_roFalse_s0: Arguments: Namespace(method='GDCC_1e-05', numruns='200', seed='0', output='../results/synthetic/s123/', rewrite=True, removeoutliers=False, filepath=['../models/synthetic/s123/random_mc2_n5_mid3_d1000_05_mr098_r10_197.uai'])
2026-02-06 13:15:05,822|INFO|random_mc2_n5_mid3_d1000_05_mr098_r10_175_uai_GDCC_1e-05_n200_roFalse_s0: Arguments: Namespace(method='GDCC_1e-05', numruns='200', seed='0', output='../results/synthetic/s123/', rewrite=True, removeoutliers=False, filepath=['../models/synthetic/s123/random_mc2_n5_mid3_d1000_05_mr098_r10_175.uai'])
2026-02-06 13:15:05,804|INFO|random_mc2_n5_mid3_d1000_05_mr098_r10_197_uai_GDCC_1e-05_n200_roFalse_s0: Loading model from ../models/synthetic/s123/random_mc2_n5_mid3_d1000_05_mr098_r10_197.uai
2026-02-06 13:15:05,818|INFO|random_mc2_n5_mid3_d1000_05_mr098_r10_197_uai_GDCC_1e-05_n200_roFalse_s0: Loading data from ../models/synthetic/s123/random_mc2_n5_mid3_d1000_05_mr098_r10_197.csv
2026-02-06 13:15:05,833|INFO|random_mc2_n5_mid3_d1000_05_mr098_r10_197_uai_GDCC_1e-05_n200_roFalse_s0: PNS(V0,V2) exact: (0.0654547499999999, 0.0866559)
2026-02-06 13:15:05,851|INFO|random_mc2_n6_mid3_d1000_05_mr098_r10_152_uai_GDCC_1e-05_n200_roFalse_s0: Arguments: Namespace(method='GDCC_1e-05', numruns='200', seed='0', output='../results/synthetic/s123/', rewrite=True, removeoutliers=False, filepath=['../models/synthetic/s123/random_mc2_n6_mid3_d1000_05_mr098_r10_152.uai'])
2026-02-06 13:15:05,861|INFO|random_mc2_n5_mid3_d1000_05_mr098_r10_77_uai_GDCC_1e-05_n200_roTrue_s0: Arguments: Namespace(method='GDCC_1e-05', numruns='200', seed='0', output='../results/synthetic/s123/', rewrite=True, removeoutliers=True, filepath=['../models/synthetic/s123/random_mc2_n5_mid3_d1000_05_mr098_r10_77.uai'])
2026-02-06 13:15:05,823|INFO|random_mc2_n5_mid3_d1000_05_mr098_r10_175_uai_GDCC_1e-05_n200_roFalse_s0: Loading model from ../models/synthetic/s123/random_mc2_n5_mid3_d1000_05_mr098_r10_175.uai
2026-02-06 13:15:05,838|INFO|random_mc2_n5_mid3_d1000_05_mr098_r10_175_uai_GDCC_1e-05_n200_roFalse_s0: Loading data from ../models/synthetic/s123/random_mc2_n5_mid3_d1000_05_mr098_r10_175.csv
2026-02-06 13:15:05,854|INFO|random_mc2_n5_mid3_d1000_05_mr098_r10_175_uai_GDCC_1e-05_n200_roFalse_s0: PNS(V1,V3) exact: (0.1001090864, 0.4819853936000001)
2026-02-06 13:15:05,851|INFO|random_mc2_n6_mid3_d1000_05_mr098_r10_152_uai_GDCC_1e-05_n200_roFalse_s0: Loading model from ../models/synthetic/s123/random_mc2_n6_mid3_d1000_05_mr098_r10_152.uai
2026-02-06 13:15:05,861|INFO|random_mc2_n5_mid3_d1000_05_mr098_r10_77_uai_GDCC_1e-05_n200_roTrue_s0: Loading model from ../models/synthetic/s123/random_mc2_n5_mid3_d1000_05_mr098_r10_77.uai
2026-02-06 13:15:05,871|INFO|random_mc2_n5_mid3_d1000_05_mr098_r10_77_uai_GDCC_1e-05_n200_roTrue_s0: Loading data from ../models/synthetic/s123/random_mc2_n5_mid3_d1000_05_mr098_r10_77.csv
2026-02-06 13:15:05,886|INFO|random_mc2_n5_mid3_d1000_05_mr098_r10_77_uai_GDCC_1e-05_n200_roTrue_s0: PNS(V0,V4) exact: (0.0008196438446000002, 0.0193377889897999)
2026-02-06 13:15:05,928|INFO|random_mc2_n6_mid3_d1000_05_mr098_r10_184_uai_GDCC_1e-05_n200_roTrue_s0: Arguments: Namespace(method='GDCC_1e-05', numruns='200', seed='0', output='../results/synthetic/s123/', rewrite=True, removeoutliers=True, filepath=['../models/synthetic/s123/random_mc2_n6_mid3_d1000_05_mr098_r10_184.uai'])
2026-02-06 13:15:05,954|INFO|random_mc2_n6_mid3_d1000_05_mr098_r10_152_uai_GDCC_1e-05_n200_roFalse_s0: Loading data from ../models/synthetic/s123/random_mc2_n6_mid3_d1000_05_mr098_r10_152.csv
2026-02-06 13:15:05,928|INFO|random_mc2_n6_mid3_d1000_05_mr098_r10_184_uai_GDCC_1e-05_n200_roTrue_s0: Loading model from ../models/synthetic/s123/random_mc2_n6_mid3_d1000_05_mr098_r10_184.uai
2026-02-06 13:15:05,941|INFO|random_mc2_n6_mid3_d1000_05_mr098_r10_184_uai_GDCC_1e-05_n200_roTrue_s0: Loading data from ../models/synthetic/s123/random_mc2_n6_mid3_d1000_05_mr098_r10_184.csv
2026-02-06 13:15:05,960|INFO|random_mc2_n6_mid3_d1000_05_mr098_r10_184_uai_GDCC_1e-05_n200_roTrue_s0: PNS(V5,V4) exact: (0.0, 0.0008714266998319998)
2026-02-06 13:15:05,979|INFO|random_mc2_n6_mid3_d1000_05_mr098_r10_104_uai_GDCC_1e-05_n200_roTrue_s0: Arguments: Namespace(method='GDCC_1e-05', numruns='200', seed='0', output='../results/synthetic/s123/', rewrite=True, removeoutliers=True, filepath=['../models/synthetic/s123/random_mc2_n6_mid3_d1000_05_mr098_r10_104.uai'])
2026-02-06 13:15:05,980|INFO|random_mc2_n7_mid3_d1000_05_mr098_r10_53_uai_GDCC_1e-05_n200_roFalse_s0: Arguments: Namespace(method='GDCC_1e-05', numruns='200', seed='0', output='../results/synthetic/s123/', rewrite=True, removeoutliers=False, filepath=['../models/synthetic/s123/random_mc2_n7_mid3_d1000_05_mr098_r10_53.uai'])
2026-02-06 13:15:05,979|INFO|random_mc2_n6_mid3_d1000_05_mr098_r10_104_uai_GDCC_1e-05_n200_roTrue_s0: Loading model from ../models/synthetic/s123/random_mc2_n6_mid3_d1000_05_mr098_r10_104.uai
2026-02-06 13:15:06,009|INFO|random_mc2_n6_mid3_d1000_05_mr098_r10_104_uai_GDCC_1e-05_n200_roTrue_s0: Loading data from ../models/synthetic/s123/random_mc2_n6_mid3_d1000_05_mr098_r10_104.csv
2026-02-06 13:15:05,980|INFO|random_mc2_n7_mid3_d1000_05_mr098_r10_53_uai_GDCC_1e-05_n200_roFalse_s0: Loading model from ../models/synthetic/s123/random_mc2_n7_mid3_d1000_05_mr098_r10_53.uai
2026-02-06 13:15:05,996|INFO|random_mc2_n7_mid3_d1000_05_mr098_r10_53_uai_GDCC_1e-05_n200_roFalse_s0: Loading data from ../models/synthetic/s123/random_mc2_n7_mid3_d1000_05_mr098_r10_53.csv
2026-02-06 13:15:07,888|INFO|random_mc2_n5_mid3_d1000_05_mr098_r10_19_uai_GDCC_1e-05_n200_roTrue_s0: Arguments: Namespace(method='GDCC_1e-05', numruns='200', seed='0', output='../results/synthetic/s123/', rewrite=True, removeoutliers=True, filepath=['../models/synthetic/s123/random_mc2_n5_mid3_d1000_05_mr098_r10_19.uai'])
2026-02-06 13:15:07,896|INFO|random_mc2_n6_mid3_d1000_05_mr098_r10_133_uai_GDCC_1e-05_n200_roTrue_s0: Arguments: Namespace(method='GDCC_1e-05', numruns='200', seed='0', output='../results/synthetic/s123/', rewrite=True, removeoutliers=True, filepath=['../models/synthetic/s123/random_mc2_n6_mid3_d1000_05_mr098_r10_133.uai'])
2026-02-06 13:15:07,889|INFO|random_mc2_n5_mid3_d1000_05_mr098_r10_19_uai_GDCC_1e-05_n200_roTrue_s0: Loading model from ../models/synthetic/s123/random_mc2_n5_mid3_d1000_05_mr098_r10_19.uai
2026-02-06 13:15:07,900|INFO|random_mc2_n5_mid3_d1000_05_mr098_r10_19_uai_GDCC_1e-05_n200_roTrue_s0: Loading data from ../models/synthetic/s123/random_mc2_n5_mid3_d1000_05_mr098_r10_19.csv
2026-02-06 13:15:07,917|INFO|random_mc2_n5_mid3_d1000_05_mr098_r10_19_uai_GDCC_1e-05_n200_roTrue_s0: PNS(V0,V4) exact: (0.23991, 0.53735)
2026-02-06 13:15:07,896|INFO|random_mc2_n6_mid3_d1000_05_mr098_r10_133_uai_GDCC_1e-05_n200_roTrue_s0: Loading model from ../models/synthetic/s123/random_mc2_n6_mid3_d1000_05_mr098_r10_133.uai
2026-02-06 13:15:08,121|INFO|random_mc2_n6_mid3_d1000_05_mr098_r10_133_uai_GDCC_1e-05_n200_roTrue_s0: Loading data from ../models/synthetic/s123/random_mc2_n6_mid3_d1000_05_mr098_r10_133.csv
2026-02-06 13:15:09,319|INFO|random_mc2_n8_mid3_d1000_05_mr098_r10_177_uai_GDCC_1e-05_n200_roTrue_s0: Arguments: Namespace(method='GDCC_1e-05', numruns='200', seed='0', output='../results/synthetic/s123/', rewrite=True, removeoutliers=True, filepath=['../models/synthetic/s123/random_mc2_n8_mid3_d1000_05_mr098_r10_177.uai'])
2026-02-06 13:15:09,319|INFO|random_mc2_n8_mid3_d1000_05_mr098_r10_177_uai_GDCC_1e-05_n200_roTrue_s0: Loading model from ../models/synthetic/s123/random_mc2_n8_mid3_d1000_05_mr098_r10_177.uai
2026-02-06 13:15:09,426|INFO|random_mc2_n8_mid3_d1000_05_mr098_r10_177_uai_GDCC_1e-05_n200_roTrue_s0: Loading data from ../models/synthetic/s123/random_mc2_n8_mid3_d1000_05_mr098_r10_177.csv
2026-02-06 13:15:11,011|INFO|random_mc2_n8_mid3_d1000_05_mr098_r10_153_uai_GDCC_1e-05_n200_roFalse_s0: Arguments: Namespace(method='GDCC_1e-05', numruns='200', seed='0', output='../results/synthetic/s123/', rewrite=True, removeoutliers=False, filepath=['../models/synthetic/s123/random_mc2_n8_mid3_d1000_05_mr098_r10_153.uai'])
2026-02-06 13:15:11,011|INFO|random_mc2_n8_mid3_d1000_05_mr098_r10_153_uai_GDCC_1e-05_n200_roFalse_s0: Loading model from ../models/synthetic/s123/random_mc2_n8_mid3_d1000_05_mr098_r10_153.uai
2026-02-06 13:15:11,034|INFO|random_mc2_n8_mid3_d1000_05_mr098_r10_153_uai_GDCC_1e-05_n200_roFalse_s0: Loading data from ../models/synthetic/s123/random_mc2_n8_mid3_d1000_05_mr098_r10_153.csv
2026-02-06 13:15:13,938|INFO|random_mc2_n5_mid3_d1000_05_mr098_r10_24_uai_GDCC_1e-05_n200_roFalse_s0: Arguments: Namespace(method='GDCC_1e-05', numruns='200', seed='0', output='../results/synthetic/s123/', rewrite=True, removeoutliers=False, filepath=['../models/synthetic/s123/random_mc2_n5_mid3_d1000_05_mr098_r10_24.uai'])
2026-02-06 13:15:13,950|INFO|random_mc2_n6_mid3_d1000_05_mr098_r10_15_uai_GDCC_1e-05_n200_roTrue_s0: Arguments: Namespace(method='GDCC_1e-05', numruns='200', seed='0', output='../results/synthetic/s123/', rewrite=True, removeoutliers=True, filepath=['../models/synthetic/s123/random_mc2_n6_mid3_d1000_05_mr098_r10_15.uai'])
2026-02-06 13:15:13,939|INFO|random_mc2_n5_mid3_d1000_05_mr098_r10_24_uai_GDCC_1e-05_n200_roFalse_s0: Loading model from ../models/synthetic/s123/random_mc2_n5_mid3_d1000_05_mr098_r10_24.uai
2026-02-06 13:15:13,953|INFO|random_mc2_n5_mid3_d1000_05_mr098_r10_24_uai_GDCC_1e-05_n200_roFalse_s0: Loading data from ../models/synthetic/s123/random_mc2_n5_mid3_d1000_05_mr098_r10_24.csv
2026-02-06 13:15:13,970|INFO|random_mc2_n5_mid3_d1000_05_mr098_r10_24_uai_GDCC_1e-05_n200_roFalse_s0: PNS(V4,V0) exact: (0.0, 0.003928219827024)
2026-02-06 13:15:13,950|INFO|random_mc2_n6_mid3_d1000_05_mr098_r10_15_uai_GDCC_1e-05_n200_roTrue_s0: Loading model from ../models/synthetic/s123/random_mc2_n6_mid3_d1000_05_mr098_r10_15.uai
2026-02-06 13:15:13,961|INFO|random_mc2_n6_mid3_d1000_05_mr098_r10_15_uai_GDCC_1e-05_n200_roTrue_s0: Loading data from ../models/synthetic/s123/random_mc2_n6_mid3_d1000_05_mr098_r10_15.csv
2026-02-06 13:15:13,972|INFO|random_mc2_n6_mid3_d1000_05_mr098_r10_15_uai_GDCC_1e-05_n200_roTrue_s0: PNS(V2,V5) exact: (5.70302784e-05, 0.0612875741534)
2026-02-06 13:15:15,481|INFO|random_mc2_n7_mid3_d1000_05_mr098_r10_59_uai_GDCC_1e-05_n200_roTrue_s0: Arguments: Namespace(method='GDCC_1e-05', numruns='200', seed='0', output='../results/synthetic/s123/', rewrite=True, removeoutliers=True, filepath=['../models/synthetic/s123/random_mc2_n7_mid3_d1000_05_mr098_r10_59.uai'])
2026-02-06 13:15:15,482|INFO|random_mc2_n7_mid3_d1000_05_mr098_r10_59_uai_GDCC_1e-05_n200_roTrue_s0: Loading model from ../models/synthetic/s123/random_mc2_n7_mid3_d1000_05_mr098_r10_59.uai
2026-02-06 13:15:15,563|INFO|random_mc2_n5_mid3_d1000_05_mr098_r10_195_uai_GDCC_1e-05_n200_roFalse_s0: Arguments: Namespace(method='GDCC_1e-05', numruns='200', seed='0', output='../results/synthetic/s123/', rewrite=True, removeoutliers=False, filepath=['../models/synthetic/s123/random_mc2_n5_mid3_d1000_05_mr098_r10_195.uai'])
2026-02-06 13:15:15,564|INFO|random_mc2_n5_mid3_d1000_05_mr098_r10_195_uai_GDCC_1e-05_n200_roFalse_s0: Loading model from ../models/synthetic/s123/random_mc2_n5_mid3_d1000_05_mr098_r10_195.uai
2026-02-06 13:15:15,575|INFO|random_mc2_n5_mid3_d1000_05_mr098_r10_195_uai_GDCC_1e-05_n200_roFalse_s0: Loading data from ../models/synthetic/s123/random_mc2_n5_mid3_d1000_05_mr098_r10_195.csv
2026-02-06 13:15:15,589|INFO|random_mc2_n5_mid3_d1000_05_mr098_r10_195_uai_GDCC_1e-05_n200_roFalse_s0: PNS(V0,V4) exact: (0.131789906, 0.3518961976)
2026-02-06 13:15:15,628|INFO|random_mc2_n7_mid3_d1000_05_mr098_r10_59_uai_GDCC_1e-05_n200_roTrue_s0: Loading data from ../models/synthetic/s123/random_mc2_n7_mid3_d1000_05_mr098_r10_59.csv
2026-02-06 13:15:15,700|INFO|random_mc2_n5_mid3_d1000_05_mr098_r10_117_uai_GDCC_1e-05_n200_roFalse_s0: Arguments: Namespace(method='GDCC_1e-05', numruns='200', seed='0', output='../results/synthetic/s123/', rewrite=True, removeoutliers=False, filepath=['../models/synthetic/s123/random_mc2_n5_mid3_d1000_05_mr098_r10_117.uai'])
2026-02-06 13:15:15,713|INFO|random_mc2_n8_mid3_d1000_05_mr098_r10_189_uai_GDCC_1e-05_n200_roFalse_s0: Arguments: Namespace(method='GDCC_1e-05', numruns='200', seed='0', output='../results/synthetic/s123/', rewrite=True, removeoutliers=False, filepath=['../models/synthetic/s123/random_mc2_n8_mid3_d1000_05_mr098_r10_189.uai'])
2026-02-06 13:15:15,700|INFO|random_mc2_n5_mid3_d1000_05_mr098_r10_117_uai_GDCC_1e-05_n200_roFalse_s0: Loading model from ../models/synthetic/s123/random_mc2_n5_mid3_d1000_05_mr098_r10_117.uai
2026-02-06 13:15:15,715|INFO|random_mc2_n5_mid3_d1000_05_mr098_r10_117_uai_GDCC_1e-05_n200_roFalse_s0: Loading data from ../models/synthetic/s123/random_mc2_n5_mid3_d1000_05_mr098_r10_117.csv
2026-02-06 13:15:15,714|INFO|random_mc2_n8_mid3_d1000_05_mr098_r10_189_uai_GDCC_1e-05_n200_roFalse_s0: Loading model from ../models/synthetic/s123/random_mc2_n8_mid3_d1000_05_mr098_r10_189.uai
2026-02-06 13:15:15,743|INFO|random_mc2_n8_mid3_d1000_05_mr098_r10_189_uai_GDCC_1e-05_n200_roFalse_s0: Loading data from ../models/synthetic/s123/random_mc2_n8_mid3_d1000_05_mr098_r10_189.csv
2026-02-06 13:15:15,767|INFO|random_mc2_n8_mid3_d1000_05_mr098_r10_189_uai_GDCC_1e-05_n200_roFalse_s0: PNS(V4,V7) exact: (0.0, 0.0)
2026-02-06 13:15:19,856|INFO|random_mc2_n5_mid3_d1000_05_mr098_r10_6_uai_GDCC_1e-05_n200_roFalse_s0: Arguments: Namespace(method='GDCC_1e-05', numruns='200', seed='0', output='../results/synthetic/s123/', rewrite=True, removeoutliers=False, filepath=['../models/synthetic/s123/random_mc2_n5_mid3_d1000_05_mr098_r10_6.uai'])
2026-02-06 13:15:19,870|INFO|random_mc2_n6_mid3_d1000_05_mr098_r10_110_uai_GDCC_1e-05_n200_roTrue_s0: Arguments: Namespace(method='GDCC_1e-05', numruns='200', seed='0', output='../results/synthetic/s123/', rewrite=True, removeoutliers=True, filepath=['../models/synthetic/s123/random_mc2_n6_mid3_d1000_05_mr098_r10_110.uai'])
2026-02-06 13:15:19,875|INFO|random_mc2_n8_mid3_d1000_05_mr098_r10_1_uai_GDCC_1e-05_n200_roTrue_s0: Arguments: Namespace(method='GDCC_1e-05', numruns='200', seed='0', output='../results/synthetic/s123/', rewrite=True, removeoutliers=True, filepath=['../models/synthetic/s123/random_mc2_n8_mid3_d1000_05_mr098_r10_1.uai'])
2026-02-06 13:15:19,856|INFO|random_mc2_n5_mid3_d1000_05_mr098_r10_6_uai_GDCC_1e-05_n200_roFalse_s0: Loading model from ../models/synthetic/s123/random_mc2_n5_mid3_d1000_05_mr098_r10_6.uai
2026-02-06 13:15:19,871|INFO|random_mc2_n5_mid3_d1000_05_mr098_r10_6_uai_GDCC_1e-05_n200_roFalse_s0: Loading data from ../models/synthetic/s123/random_mc2_n5_mid3_d1000_05_mr098_r10_6.csv
2026-02-06 13:15:19,909|INFO|random_mc2_n5_mid3_d1000_05_mr098_r10_56_uai_GDCC_1e-05_n200_roFalse_s0: Arguments: Namespace(method='GDCC_1e-05', numruns='200', seed='0', output='../results/synthetic/s123/', rewrite=True, removeoutliers=False, filepath=['../models/synthetic/s123/random_mc2_n5_mid3_d1000_05_mr098_r10_56.uai'])
2026-02-06 13:15:19,870|INFO|random_mc2_n6_mid3_d1000_05_mr098_r10_110_uai_GDCC_1e-05_n200_roTrue_s0: Loading model from ../models/synthetic/s123/random_mc2_n6_mid3_d1000_05_mr098_r10_110.uai
2026-02-06 13:15:19,898|INFO|random_mc2_n6_mid3_d1000_05_mr098_r10_110_uai_GDCC_1e-05_n200_roTrue_s0: Loading data from ../models/synthetic/s123/random_mc2_n6_mid3_d1000_05_mr098_r10_110.csv
2026-02-06 13:15:19,876|INFO|random_mc2_n8_mid3_d1000_05_mr098_r10_1_uai_GDCC_1e-05_n200_roTrue_s0: Loading model from ../models/synthetic/s123/random_mc2_n8_mid3_d1000_05_mr098_r10_1.uai
2026-02-06 13:15:19,901|INFO|random_mc2_n8_mid3_d1000_05_mr098_r10_1_uai_GDCC_1e-05_n200_roTrue_s0: Loading data from ../models/synthetic/s123/random_mc2_n8_mid3_d1000_05_mr098_r10_1.csv
2026-02-06 13:15:19,909|INFO|random_mc2_n5_mid3_d1000_05_mr098_r10_56_uai_GDCC_1e-05_n200_roFalse_s0: Loading model from ../models/synthetic/s123/random_mc2_n5_mid3_d1000_05_mr098_r10_56.uai
2026-02-06 13:15:19,920|INFO|random_mc2_n5_mid3_d1000_05_mr098_r10_56_uai_GDCC_1e-05_n200_roFalse_s0: Loading data from ../models/synthetic/s123/random_mc2_n5_mid3_d1000_05_mr098_r10_56.csv
2026-02-06 13:15:19,932|INFO|random_mc2_n5_mid3_d1000_05_mr098_r10_56_uai_GDCC_1e-05_n200_roFalse_s0: PNS(V1,V4) exact: (0.0, 0.2134055570999999)
2026-02-06 13:15:20,308|INFO|random_mc2_n6_mid3_d1000_05_mr098_r10_121_uai_GDCC_1e-05_n200_roFalse_s0: Arguments: Namespace(method='GDCC_1e-05', numruns='200', seed='0', output='../results/synthetic/s123/', rewrite=True, removeoutliers=False, filepath=['../models/synthetic/s123/random_mc2_n6_mid3_d1000_05_mr098_r10_121.uai'])
2026-02-06 13:15:20,308|INFO|random_mc2_n6_mid3_d1000_05_mr098_r10_121_uai_GDCC_1e-05_n200_roFalse_s0: Loading model from ../models/synthetic/s123/random_mc2_n6_mid3_d1000_05_mr098_r10_121.uai
2026-02-06 13:15:20,325|INFO|random_mc2_n6_mid3_d1000_05_mr098_r10_121_uai_GDCC_1e-05_n200_roFalse_s0: Loading data from ../models/synthetic/s123/random_mc2_n6_mid3_d1000_05_mr098_r10_121.csv
2026-02-06 13:15:20,417|INFO|random_mc2_n9_mid3_d1000_05_mr098_r10_27_uai_GDCC_1e-05_n200_roTrue_s0: Arguments: Namespace(method='GDCC_1e-05', numruns='200', seed='0', output='../results/synthetic/s123/', rewrite=True, removeoutliers=True, filepath=['../models/synthetic/s123/random_mc2_n9_mid3_d1000_05_mr098_r10_27.uai'])
2026-02-06 13:15:20,417|INFO|random_mc2_n9_mid3_d1000_05_mr098_r10_27_uai_GDCC_1e-05_n200_roTrue_s0: Loading model from ../models/synthetic/s123/random_mc2_n9_mid3_d1000_05_mr098_r10_27.uai
2026-02-06 13:15:20,441|INFO|random_mc2_n9_mid3_d1000_05_mr098_r10_27_uai_GDCC_1e-05_n200_roTrue_s0: Loading data from ../models/synthetic/s123/random_mc2_n9_mid3_d1000_05_mr098_r10_27.csv
2026-02-06 13:15:21,336|INFO|random_mc2_n5_mid3_d1000_05_mr098_r10_122_uai_GDCC_1e-05_n200_roFalse_s0: Arguments: Namespace(method='GDCC_1e-05', numruns='200', seed='0', output='../results/synthetic/s123/', rewrite=True, removeoutliers=False, filepath=['../models/synthetic/s123/random_mc2_n5_mid3_d1000_05_mr098_r10_122.uai'])
2026-02-06 13:15:21,336|INFO|random_mc2_n5_mid3_d1000_05_mr098_r10_122_uai_GDCC_1e-05_n200_roFalse_s0: Loading model from ../models/synthetic/s123/random_mc2_n5_mid3_d1000_05_mr098_r10_122.uai
2026-02-06 13:15:21,340|INFO|random_mc2_n5_mid3_d1000_05_mr098_r10_122_uai_GDCC_1e-05_n200_roFalse_s0: Loading data from ../models/synthetic/s123/random_mc2_n5_mid3_d1000_05_mr098_r10_122.csv
2026-02-06 13:15:21,352|INFO|random_mc2_n5_mid3_d1000_05_mr098_r10_122_uai_GDCC_1e-05_n200_roFalse_s0: PNS(V0,V3) exact: (0.0, 0.30162)
2026-02-06 13:15:22,827|INFO|random_mc2_n5_mid3_d1000_05_mr098_r10_55_uai_GDCC_1e-05_n200_roFalse_s0: Arguments: Namespace(method='GDCC_1e-05', numruns='200', seed='0', output='../results/synthetic/s123/', rewrite=True, removeoutliers=False, filepath=['../models/synthetic/s123/random_mc2_n5_mid3_d1000_05_mr098_r10_55.uai'])
2026-02-06 13:15:22,831|INFO|random_mc2_n6_mid3_d1000_05_mr098_r10_163_uai_GDCC_1e-05_n200_roFalse_s0: Arguments: Namespace(method='GDCC_1e-05', numruns='200', seed='0', output='../results/synthetic/s123/', rewrite=True, removeoutliers=False, filepath=['../models/synthetic/s123/random_mc2_n6_mid3_d1000_05_mr098_r10_163.uai'])
2026-02-06 13:15:22,845|INFO|random_mc2_n7_mid3_d1000_05_mr098_r10_96_uai_GDCC_1e-05_n200_roTrue_s0: Arguments: Namespace(method='GDCC_1e-05', numruns='200', seed='0', output='../results/synthetic/s123/', rewrite=True, removeoutliers=True, filepath=['../models/synthetic/s123/random_mc2_n7_mid3_d1000_05_mr098_r10_96.uai'])
2026-02-06 13:15:22,827|INFO|random_mc2_n5_mid3_d1000_05_mr098_r10_55_uai_GDCC_1e-05_n200_roFalse_s0: Loading model from ../models/synthetic/s123/random_mc2_n5_mid3_d1000_05_mr098_r10_55.uai
2026-02-06 13:15:22,843|INFO|random_mc2_n5_mid3_d1000_05_mr098_r10_55_uai_GDCC_1e-05_n200_roFalse_s0: Loading data from ../models/synthetic/s123/random_mc2_n5_mid3_d1000_05_mr098_r10_55.csv
2026-02-06 13:15:22,861|INFO|random_mc2_n5_mid3_d1000_05_mr098_r10_55_uai_GDCC_1e-05_n200_roFalse_s0: PNS(V2,V3) exact: (0.2402970184, 0.3589271115)
2026-02-06 13:15:22,831|INFO|random_mc2_n6_mid3_d1000_05_mr098_r10_163_uai_GDCC_1e-05_n200_roFalse_s0: Loading model from ../models/synthetic/s123/random_mc2_n6_mid3_d1000_05_mr098_r10_163.uai
2026-02-06 13:15:22,849|INFO|random_mc2_n6_mid3_d1000_05_mr098_r10_163_uai_GDCC_1e-05_n200_roFalse_s0: Loading data from ../models/synthetic/s123/random_mc2_n6_mid3_d1000_05_mr098_r10_163.csv
2026-02-06 13:15:22,845|INFO|random_mc2_n7_mid3_d1000_05_mr098_r10_96_uai_GDCC_1e-05_n200_roTrue_s0: Loading model from ../models/synthetic/s123/random_mc2_n7_mid3_d1000_05_mr098_r10_96.uai
2026-02-06 13:15:22,873|INFO|random_mc2_n7_mid3_d1000_05_mr098_r10_96_uai_GDCC_1e-05_n200_roTrue_s0: Loading data from ../models/synthetic/s123/random_mc2_n7_mid3_d1000_05_mr098_r10_96.csv
2026-02-06 13:15:24,840|INFO|random_mc2_n9_mid3_d1000_05_mr098_r10_168_uai_GDCC_1e-05_n200_roFalse_s0: Arguments: Namespace(method='GDCC_1e-05', numruns='200', seed='0', output='../results/synthetic/s123/', rewrite=True, removeoutliers=False, filepath=['../models/synthetic/s123/random_mc2_n9_mid3_d1000_05_mr098_r10_168.uai'])
2026-02-06 13:15:24,856|INFO|random_mc2_n7_mid3_d1000_05_mr098_r10_68_uai_GDCC_1e-05_n200_roFalse_s0: Arguments: Namespace(method='GDCC_1e-05', numruns='200', seed='0', output='../results/synthetic/s123/', rewrite=True, removeoutliers=False, filepath=['../models/synthetic/s123/random_mc2_n7_mid3_d1000_05_mr098_r10_68.uai'])
2026-02-06 13:15:24,840|INFO|random_mc2_n9_mid3_d1000_05_mr098_r10_168_uai_GDCC_1e-05_n200_roFalse_s0: Loading model from ../models/synthetic/s123/random_mc2_n9_mid3_d1000_05_mr098_r10_168.uai
2026-02-06 13:15:24,888|INFO|random_mc2_n9_mid3_d1000_05_mr098_r10_168_uai_GDCC_1e-05_n200_roFalse_s0: Loading data from ../models/synthetic/s123/random_mc2_n9_mid3_d1000_05_mr098_r10_168.csv
2026-02-06 13:15:24,856|INFO|random_mc2_n7_mid3_d1000_05_mr098_r10_68_uai_GDCC_1e-05_n200_roFalse_s0: Loading model from ../models/synthetic/s123/random_mc2_n7_mid3_d1000_05_mr098_r10_68.uai
2026-02-06 13:15:24,947|INFO|random_mc2_n7_mid3_d1000_05_mr098_r10_68_uai_GDCC_1e-05_n200_roFalse_s0: Loading data from ../models/synthetic/s123/random_mc2_n7_mid3_d1000_05_mr098_r10_68.csv
2026-02-06 13:15:27,687|INFO|random_mc2_n6_mid3_d1000_05_mr098_r10_164_uai_GDCC_1e-05_n200_roFalse_s0: Arguments: Namespace(method='GDCC_1e-05', numruns='200', seed='0', output='../results/synthetic/s123/', rewrite=True, removeoutliers=False, filepath=['../models/synthetic/s123/random_mc2_n6_mid3_d1000_05_mr098_r10_164.uai'])
2026-02-06 13:15:27,692|INFO|random_mc2_n6_mid3_d1000_05_mr098_r10_116_uai_GDCC_1e-05_n200_roFalse_s0: Arguments: Namespace(method='GDCC_1e-05', numruns='200', seed='0', output='../results/synthetic/s123/', rewrite=True, removeoutliers=False, filepath=['../models/synthetic/s123/random_mc2_n6_mid3_d1000_05_mr098_r10_116.uai'])
2026-02-06 13:15:27,700|INFO|random_mc2_n8_mid3_d1000_05_mr098_r10_48_uai_GDCC_1e-05_n200_roFalse_s0: Arguments: Namespace(method='GDCC_1e-05', numruns='200', seed='0', output='../results/synthetic/s123/', rewrite=True, removeoutliers=False, filepath=['../models/synthetic/s123/random_mc2_n8_mid3_d1000_05_mr098_r10_48.uai'])
2026-02-06 13:15:27,687|INFO|random_mc2_n6_mid3_d1000_05_mr098_r10_164_uai_GDCC_1e-05_n200_roFalse_s0: Loading model from ../models/synthetic/s123/random_mc2_n6_mid3_d1000_05_mr098_r10_164.uai
2026-02-06 13:15:27,705|INFO|random_mc2_n6_mid3_d1000_05_mr098_r10_164_uai_GDCC_1e-05_n200_roFalse_s0: Loading data from ../models/synthetic/s123/random_mc2_n6_mid3_d1000_05_mr098_r10_164.csv
2026-02-06 13:15:27,727|INFO|random_mc2_n6_mid3_d1000_05_mr098_r10_164_uai_GDCC_1e-05_n200_roFalse_s0: PNS(V4,V3) exact: (0.19591, 0.25606)
2026-02-06 13:15:27,692|INFO|random_mc2_n6_mid3_d1000_05_mr098_r10_116_uai_GDCC_1e-05_n200_roFalse_s0: Loading model from ../models/synthetic/s123/random_mc2_n6_mid3_d1000_05_mr098_r10_116.uai
2026-02-06 13:15:27,706|INFO|random_mc2_n6_mid3_d1000_05_mr098_r10_116_uai_GDCC_1e-05_n200_roFalse_s0: Loading data from ../models/synthetic/s123/random_mc2_n6_mid3_d1000_05_mr098_r10_116.csv
2026-02-06 13:15:27,725|INFO|random_mc2_n6_mid3_d1000_05_mr098_r10_116_uai_GDCC_1e-05_n200_roFalse_s0: PNS(V5,V1) exact: (0.0050404107, 0.1627079522999999)
2026-02-06 13:15:27,700|INFO|random_mc2_n8_mid3_d1000_05_mr098_r10_48_uai_GDCC_1e-05_n200_roFalse_s0: Loading model from ../models/synthetic/s123/random_mc2_n8_mid3_d1000_05_mr098_r10_48.uai
2026-02-06 13:15:27,714|INFO|random_mc2_n8_mid3_d1000_05_mr098_r10_48_uai_GDCC_1e-05_n200_roFalse_s0: Loading data from ../models/synthetic/s123/random_mc2_n8_mid3_d1000_05_mr098_r10_48.csv
2026-02-06 13:15:27,727|INFO|random_mc2_n8_mid3_d1000_05_mr098_r10_48_uai_GDCC_1e-05_n200_roFalse_s0: PNS(V3,V0) exact: (0.1524285448463559, 0.220079197754316)
2026-02-06 13:15:29,010|INFO|random_mc2_n5_mid3_d1000_05_mr098_r10_159_uai_GDCC_1e-05_n200_roTrue_s0: Arguments: Namespace(method='GDCC_1e-05', numruns='200', seed='0', output='../results/synthetic/s123/', rewrite=True, removeoutliers=True, filepath=['../models/synthetic/s123/random_mc2_n5_mid3_d1000_05_mr098_r10_159.uai'])
2026-02-06 13:15:29,020|INFO|random_mc2_n9_mid3_d1000_05_mr098_r10_126_uai_GDCC_1e-05_n200_roFalse_s0: Arguments: Namespace(method='GDCC_1e-05', numruns='200', seed='0', output='../results/synthetic/s123/', rewrite=True, removeoutliers=False, filepath=['../models/synthetic/s123/random_mc2_n9_mid3_d1000_05_mr098_r10_126.uai'])
2026-02-06 13:15:29,010|INFO|random_mc2_n5_mid3_d1000_05_mr098_r10_159_uai_GDCC_1e-05_n200_roTrue_s0: Loading model from ../models/synthetic/s123/random_mc2_n5_mid3_d1000_05_mr098_r10_159.uai
2026-02-06 13:15:29,023|INFO|random_mc2_n5_mid3_d1000_05_mr098_r10_159_uai_GDCC_1e-05_n200_roTrue_s0: Loading data from ../models/synthetic/s123/random_mc2_n5_mid3_d1000_05_mr098_r10_159.csv
2026-02-06 13:15:29,051|INFO|random_mc2_n5_mid3_d1000_05_mr098_r10_159_uai_GDCC_1e-05_n200_roTrue_s0: PNS(V0,V2) exact: (0.1049462695, 0.4703933717)
2026-02-06 13:15:29,020|INFO|random_mc2_n9_mid3_d1000_05_mr098_r10_126_uai_GDCC_1e-05_n200_roFalse_s0: Loading model from ../models/synthetic/s123/random_mc2_n9_mid3_d1000_05_mr098_r10_126.uai
2026-02-06 13:15:29,044|INFO|random_mc2_n9_mid3_d1000_05_mr098_r10_126_uai_GDCC_1e-05_n200_roFalse_s0: Loading data from ../models/synthetic/s123/random_mc2_n9_mid3_d1000_05_mr098_r10_126.csv
2026-02-06 13:15:30,437|INFO|random_mc2_n6_mid3_d1000_05_mr098_r10_27_uai_GDCC_1e-05_n200_roTrue_s0: Arguments: Namespace(method='GDCC_1e-05', numruns='200', seed='0', output='../results/synthetic/s123/', rewrite=True, removeoutliers=True, filepath=['../models/synthetic/s123/random_mc2_n6_mid3_d1000_05_mr098_r10_27.uai'])
2026-02-06 13:15:30,441|INFO|random_mc2_n7_mid3_d1000_05_mr098_r10_127_uai_GDCC_1e-05_n200_roFalse_s0: Arguments: Namespace(method='GDCC_1e-05', numruns='200', seed='0', output='../results/synthetic/s123/', rewrite=True, removeoutliers=False, filepath=['../models/synthetic/s123/random_mc2_n7_mid3_d1000_05_mr098_r10_127.uai'])
2026-02-06 13:15:30,438|INFO|random_mc2_n6_mid3_d1000_05_mr098_r10_27_uai_GDCC_1e-05_n200_roTrue_s0: Loading model from ../models/synthetic/s123/random_mc2_n6_mid3_d1000_05_mr098_r10_27.uai
2026-02-06 13:15:30,450|INFO|random_mc2_n6_mid3_d1000_05_mr098_r10_27_uai_GDCC_1e-05_n200_roTrue_s0: Loading data from ../models/synthetic/s123/random_mc2_n6_mid3_d1000_05_mr098_r10_27.csv
2026-02-06 13:15:30,471|INFO|random_mc2_n6_mid3_d1000_05_mr098_r10_27_uai_GDCC_1e-05_n200_roTrue_s0: PNS(V1,V2) exact: (0.150982245685575, 0.150982245685575)
2026-02-06 13:15:30,441|INFO|random_mc2_n7_mid3_d1000_05_mr098_r10_127_uai_GDCC_1e-05_n200_roFalse_s0: Loading model from ../models/synthetic/s123/random_mc2_n7_mid3_d1000_05_mr098_r10_127.uai
2026-02-06 13:15:30,467|INFO|random_mc2_n7_mid3_d1000_05_mr098_r10_127_uai_GDCC_1e-05_n200_roFalse_s0: Loading data from ../models/synthetic/s123/random_mc2_n7_mid3_d1000_05_mr098_r10_127.csv
2026-02-06 13:15:30,536|INFO|random_mc2_n7_mid3_d1000_05_mr098_r10_127_uai_GDCC_1e-05_n200_roFalse_s0: PNS(V4,V5) exact: (0.2021747419002779, 0.288697593484274)
2026-02-06 13:15:30,637|INFO|random_mc2_n9_mid3_d1000_05_mr098_r10_1_uai_GDCC_1e-05_n200_roTrue_s0: Arguments: Namespace(method='GDCC_1e-05', numruns='200', seed='0', output='../results/synthetic/s123/', rewrite=True, removeoutliers=True, filepath=['../models/synthetic/s123/random_mc2_n9_mid3_d1000_05_mr098_r10_1.uai'])
2026-02-06 13:15:30,637|INFO|random_mc2_n9_mid3_d1000_05_mr098_r10_1_uai_GDCC_1e-05_n200_roTrue_s0: Loading model from ../models/synthetic/s123/random_mc2_n9_mid3_d1000_05_mr098_r10_1.uai
2026-02-06 13:15:30,692|INFO|random_mc2_n9_mid3_d1000_05_mr098_r10_1_uai_GDCC_1e-05_n200_roTrue_s0: Loading data from ../models/synthetic/s123/random_mc2_n9_mid3_d1000_05_mr098_r10_1.csv
2026-02-06 13:15:30,708|INFO|random_mc2_n9_mid3_d1000_05_mr098_r10_1_uai_GDCC_1e-05_n200_roTrue_s0: PNS(V6,V2) exact: (0.156075015699298, 0.162433592078674)
2026-02-06 13:15:31,033|INFO|random_mc2_n9_mid3_d1000_05_mr098_r10_28_uai_GDCC_1e-05_n200_roTrue_s0: Arguments: Namespace(method='GDCC_1e-05', numruns='200', seed='0', output='../results/synthetic/s123/', rewrite=True, removeoutliers=True, filepath=['../models/synthetic/s123/random_mc2_n9_mid3_d1000_05_mr098_r10_28.uai'])
2026-02-06 13:15:31,033|INFO|random_mc2_n9_mid3_d1000_05_mr098_r10_28_uai_GDCC_1e-05_n200_roTrue_s0: Loading model from ../models/synthetic/s123/random_mc2_n9_mid3_d1000_05_mr098_r10_28.uai
2026-02-06 13:15:31,052|INFO|random_mc2_n9_mid3_d1000_05_mr098_r10_28_uai_GDCC_1e-05_n200_roTrue_s0: Loading data from ../models/synthetic/s123/random_mc2_n9_mid3_d1000_05_mr098_r10_28.csv
2026-02-06 13:15:33,232|INFO|random_mc2_n5_mid3_d1000_05_mr098_r10_28_uai_GDCC_1e-05_n200_roFalse_s0: Arguments: Namespace(method='GDCC_1e-05', numruns='200', seed='0', output='../results/synthetic/s123/', rewrite=True, removeoutliers=False, filepath=['../models/synthetic/s123/random_mc2_n5_mid3_d1000_05_mr098_r10_28.uai'])
2026-02-06 13:15:33,234|INFO|random_mc2_n5_mid3_d1000_05_mr098_r10_17_uai_GDCC_1e-05_n200_roFalse_s0: Arguments: Namespace(method='GDCC_1e-05', numruns='200', seed='0', output='../results/synthetic/s123/', rewrite=True, removeoutliers=False, filepath=['../models/synthetic/s123/random_mc2_n5_mid3_d1000_05_mr098_r10_17.uai'])
2026-02-06 13:15:33,232|INFO|random_mc2_n5_mid3_d1000_05_mr098_r10_28_uai_GDCC_1e-05_n200_roFalse_s0: Loading model from ../models/synthetic/s123/random_mc2_n5_mid3_d1000_05_mr098_r10_28.uai
2026-02-06 13:15:33,260|INFO|random_mc2_n5_mid3_d1000_05_mr098_r10_28_uai_GDCC_1e-05_n200_roFalse_s0: Loading data from ../models/synthetic/s123/random_mc2_n5_mid3_d1000_05_mr098_r10_28.csv
2026-02-06 13:15:33,234|INFO|random_mc2_n5_mid3_d1000_05_mr098_r10_17_uai_GDCC_1e-05_n200_roFalse_s0: Loading model from ../models/synthetic/s123/random_mc2_n5_mid3_d1000_05_mr098_r10_17.uai
2026-02-06 13:15:33,247|INFO|random_mc2_n5_mid3_d1000_05_mr098_r10_17_uai_GDCC_1e-05_n200_roFalse_s0: Loading data from ../models/synthetic/s123/random_mc2_n5_mid3_d1000_05_mr098_r10_17.csv
2026-02-06 13:15:33,263|INFO|random_mc2_n5_mid3_d1000_05_mr098_r10_17_uai_GDCC_1e-05_n200_roFalse_s0: PNS(V2,V0) exact: (0.0009668192, 0.0226223524444999)
2026-02-06 13:15:33,459|INFO|random_mc2_n5_mid3_d1000_05_mr098_r10_25_uai_GDCC_1e-05_n200_roFalse_s0: Arguments: Namespace(method='GDCC_1e-05', numruns='200', seed='0', output='../results/synthetic/s123/', rewrite=True, removeoutliers=False, filepath=['../models/synthetic/s123/random_mc2_n5_mid3_d1000_05_mr098_r10_25.uai'])
2026-02-06 13:15:33,459|INFO|random_mc2_n5_mid3_d1000_05_mr098_r10_25_uai_GDCC_1e-05_n200_roFalse_s0: Loading model from ../models/synthetic/s123/random_mc2_n5_mid3_d1000_05_mr098_r10_25.uai
2026-02-06 13:15:33,475|INFO|random_mc2_n5_mid3_d1000_05_mr098_r10_25_uai_GDCC_1e-05_n200_roFalse_s0: Loading data from ../models/synthetic/s123/random_mc2_n5_mid3_d1000_05_mr098_r10_25.csv
2026-02-06 13:15:33,505|INFO|random_mc2_n5_mid3_d1000_05_mr098_r10_25_uai_GDCC_1e-05_n200_roFalse_s0: PNS(V1,V4) exact: (0.0216, 0.0216)
2026-02-06 13:15:34,230|INFO|random_mc2_n6_mid3_d1000_05_mr098_r10_71_uai_GDCC_1e-05_n200_roTrue_s0: Arguments: Namespace(method='GDCC_1e-05', numruns='200', seed='0', output='../results/synthetic/s123/', rewrite=True, removeoutliers=True, filepath=['../models/synthetic/s123/random_mc2_n6_mid3_d1000_05_mr098_r10_71.uai'])
2026-02-06 13:15:34,231|INFO|random_mc2_n6_mid3_d1000_05_mr098_r10_71_uai_GDCC_1e-05_n200_roTrue_s0: Loading model from ../models/synthetic/s123/random_mc2_n6_mid3_d1000_05_mr098_r10_71.uai
2026-02-06 13:15:34,245|INFO|random_mc2_n6_mid3_d1000_05_mr098_r10_71_uai_GDCC_1e-05_n200_roTrue_s0: Loading data from ../models/synthetic/s123/random_mc2_n6_mid3_d1000_05_mr098_r10_71.csv
2026-02-06 13:15:34,263|INFO|random_mc2_n6_mid3_d1000_05_mr098_r10_71_uai_GDCC_1e-05_n200_roTrue_s0: PNS(V0,V3) exact: (0.5001600000000002, 0.6072)
2026-02-06 13:15:34,778|INFO|random_mc2_n7_mid3_d1000_05_mr098_r10_51_uai_GDCC_1e-05_n200_roFalse_s0: Arguments: Namespace(method='GDCC_1e-05', numruns='200', seed='0', output='../results/synthetic/s123/', rewrite=True, removeoutliers=False, filepath=['../models/synthetic/s123/random_mc2_n7_mid3_d1000_05_mr098_r10_51.uai'])
2026-02-06 13:15:34,805|INFO|random_mc2_n6_mid3_d1000_05_mr098_r10_137_uai_GDCC_1e-05_n200_roFalse_s0: Arguments: Namespace(method='GDCC_1e-05', numruns='200', seed='0', output='../results/synthetic/s123/', rewrite=True, removeoutliers=False, filepath=['../models/synthetic/s123/random_mc2_n6_mid3_d1000_05_mr098_r10_137.uai'])
2026-02-06 13:15:34,778|INFO|random_mc2_n7_mid3_d1000_05_mr098_r10_51_uai_GDCC_1e-05_n200_roFalse_s0: Loading model from ../models/synthetic/s123/random_mc2_n7_mid3_d1000_05_mr098_r10_51.uai
2026-02-06 13:15:34,799|INFO|random_mc2_n7_mid3_d1000_05_mr098_r10_51_uai_GDCC_1e-05_n200_roFalse_s0: Loading data from ../models/synthetic/s123/random_mc2_n7_mid3_d1000_05_mr098_r10_51.csv
2026-02-06 13:15:34,805|INFO|random_mc2_n6_mid3_d1000_05_mr098_r10_137_uai_GDCC_1e-05_n200_roFalse_s0: Loading model from ../models/synthetic/s123/random_mc2_n6_mid3_d1000_05_mr098_r10_137.uai
2026-02-06 13:15:34,816|INFO|random_mc2_n6_mid3_d1000_05_mr098_r10_137_uai_GDCC_1e-05_n200_roFalse_s0: Loading data from ../models/synthetic/s123/random_mc2_n6_mid3_d1000_05_mr098_r10_137.csv
2026-02-06 13:15:34,833|INFO|random_mc2_n6_mid3_d1000_05_mr098_r10_137_uai_GDCC_1e-05_n200_roFalse_s0: PNS(V0,V3) exact: (0.0, 0.3125)
2026-02-06 13:15:35,217|INFO|random_mc2_n5_mid3_d1000_05_mr098_r10_53_uai_GDCC_1e-05_n200_roFalse_s0: Arguments: Namespace(method='GDCC_1e-05', numruns='200', seed='0', output='../results/synthetic/s123/', rewrite=True, removeoutliers=False, filepath=['../models/synthetic/s123/random_mc2_n5_mid3_d1000_05_mr098_r10_53.uai'])
2026-02-06 13:15:35,217|INFO|random_mc2_n5_mid3_d1000_05_mr098_r10_53_uai_GDCC_1e-05_n200_roFalse_s0: Loading model from ../models/synthetic/s123/random_mc2_n5_mid3_d1000_05_mr098_r10_53.uai
2026-02-06 13:15:35,226|INFO|random_mc2_n5_mid3_d1000_05_mr098_r10_53_uai_GDCC_1e-05_n200_roFalse_s0: Loading data from ../models/synthetic/s123/random_mc2_n5_mid3_d1000_05_mr098_r10_53.csv
2026-02-06 13:15:35,251|INFO|random_mc2_n5_mid3_d1000_05_mr098_r10_53_uai_GDCC_1e-05_n200_roFalse_s0: PNS(V0,V1) exact: (0.0, 0.0)
2026-02-06 13:15:35,251|ERROR|random_mc2_n5_mid3_d1000_05_mr098_r10_53_uai_GDCC_1e-05_n200_roFalse_s0: Model does not have any cause-effect path.
2026-02-06 13:15:36,000|INFO|random_mc2_n5_mid3_d1000_05_mr098_r10_23_uai_GDCC_1e-05_n200_roTrue_s0: Arguments: Namespace(method='GDCC_1e-05', numruns='200', seed='0', output='../results/synthetic/s123/', rewrite=True, removeoutliers=True, filepath=['../models/synthetic/s123/random_mc2_n5_mid3_d1000_05_mr098_r10_23.uai'])
2026-02-06 13:15:36,000|INFO|random_mc2_n5_mid3_d1000_05_mr098_r10_23_uai_GDCC_1e-05_n200_roTrue_s0: Loading model from ../models/synthetic/s123/random_mc2_n5_mid3_d1000_05_mr098_r10_23.uai
2026-02-06 13:15:36,008|INFO|random_mc2_n5_mid3_d1000_05_mr098_r10_23_uai_GDCC_1e-05_n200_roTrue_s0: Loading data from ../models/synthetic/s123/random_mc2_n5_mid3_d1000_05_mr098_r10_23.csv
2026-02-06 13:15:36,030|INFO|random_mc2_n5_mid3_d1000_05_mr098_r10_23_uai_GDCC_1e-05_n200_roTrue_s0: PNS(V4,V1) exact: (0.0, 0.07268)
2026-02-06 13:15:36,371|INFO|random_mc2_n7_mid3_d1000_05_mr098_r10_139_uai_GDCC_1e-05_n200_roFalse_s0: Arguments: Namespace(method='GDCC_1e-05', numruns='200', seed='0', output='../results/synthetic/s123/', rewrite=True, removeoutliers=False, filepath=['../models/synthetic/s123/random_mc2_n7_mid3_d1000_05_mr098_r10_139.uai'])
2026-02-06 13:15:36,371|INFO|random_mc2_n7_mid3_d1000_05_mr098_r10_139_uai_GDCC_1e-05_n200_roFalse_s0: Loading model from ../models/synthetic/s123/random_mc2_n7_mid3_d1000_05_mr098_r10_139.uai
2026-02-06 13:15:36,385|INFO|random_mc2_n7_mid3_d1000_05_mr098_r10_139_uai_GDCC_1e-05_n200_roFalse_s0: Loading data from ../models/synthetic/s123/random_mc2_n7_mid3_d1000_05_mr098_r10_139.csv
2026-02-06 13:15:36,404|INFO|random_mc2_n7_mid3_d1000_05_mr098_r10_139_uai_GDCC_1e-05_n200_roFalse_s0: PNS(V6,V2) exact: (3.4571033774154675e-05, 0.0010797131415254)
2026-02-06 13:15:36,486|INFO|random_mc2_n6_mid3_d1000_05_mr098_r10_159_uai_GDCC_1e-05_n200_roFalse_s0: Arguments: Namespace(method='GDCC_1e-05', numruns='200', seed='0', output='../results/synthetic/s123/', rewrite=True, removeoutliers=False, filepath=['../models/synthetic/s123/random_mc2_n6_mid3_d1000_05_mr098_r10_159.uai'])
2026-02-06 13:15:36,493|INFO|random_mc2_n5_mid3_d1000_05_mr098_r10_151_uai_GDCC_1e-05_n200_roFalse_s0: Arguments: Namespace(method='GDCC_1e-05', numruns='200', seed='0', output='../results/synthetic/s123/', rewrite=True, removeoutliers=False, filepath=['../models/synthetic/s123/random_mc2_n5_mid3_d1000_05_mr098_r10_151.uai'])
2026-02-06 13:15:36,487|INFO|random_mc2_n6_mid3_d1000_05_mr098_r10_159_uai_GDCC_1e-05_n200_roFalse_s0: Loading model from ../models/synthetic/s123/random_mc2_n6_mid3_d1000_05_mr098_r10_159.uai
2026-02-06 13:15:36,503|INFO|random_mc2_n6_mid3_d1000_05_mr098_r10_159_uai_GDCC_1e-05_n200_roFalse_s0: Loading data from ../models/synthetic/s123/random_mc2_n6_mid3_d1000_05_mr098_r10_159.csv
2026-02-06 13:15:36,493|INFO|random_mc2_n5_mid3_d1000_05_mr098_r10_151_uai_GDCC_1e-05_n200_roFalse_s0: Loading model from ../models/synthetic/s123/random_mc2_n5_mid3_d1000_05_mr098_r10_151.uai
2026-02-06 13:15:36,514|INFO|random_mc2_n5_mid3_d1000_05_mr098_r10_151_uai_GDCC_1e-05_n200_roFalse_s0: Loading data from ../models/synthetic/s123/random_mc2_n5_mid3_d1000_05_mr098_r10_151.csv
2026-02-06 13:15:36,536|INFO|random_mc2_n5_mid3_d1000_05_mr098_r10_151_uai_GDCC_1e-05_n200_roFalse_s0: PNS(V1,V2) exact: (0.0, 0.3129183631)
2026-02-06 13:15:36,687|INFO|random_mc2_n6_mid3_d1000_05_mr098_r10_117_uai_GDCC_1e-05_n200_roTrue_s0: Arguments: Namespace(method='GDCC_1e-05', numruns='200', seed='0', output='../results/synthetic/s123/', rewrite=True, removeoutliers=True, filepath=['../models/synthetic/s123/random_mc2_n6_mid3_d1000_05_mr098_r10_117.uai'])
2026-02-06 13:15:36,687|INFO|random_mc2_n6_mid3_d1000_05_mr098_r10_117_uai_GDCC_1e-05_n200_roTrue_s0: Loading model from ../models/synthetic/s123/random_mc2_n6_mid3_d1000_05_mr098_r10_117.uai
2026-02-06 13:15:36,699|INFO|random_mc2_n6_mid3_d1000_05_mr098_r10_117_uai_GDCC_1e-05_n200_roTrue_s0: Loading data from ../models/synthetic/s123/random_mc2_n6_mid3_d1000_05_mr098_r10_117.csv
2026-02-06 13:15:36,850|INFO|random_mc2_n6_mid3_d1000_05_mr098_r10_150_uai_GDCC_1e-05_n200_roTrue_s0: Arguments: Namespace(method='GDCC_1e-05', numruns='200', seed='0', output='../results/synthetic/s123/', rewrite=True, removeoutliers=True, filepath=['../models/synthetic/s123/random_mc2_n6_mid3_d1000_05_mr098_r10_150.uai'])
2026-02-06 13:15:36,886|INFO|random_mc2_n5_mid3_d1000_05_mr098_r10_176_uai_GDCC_1e-05_n200_roFalse_s0: Arguments: Namespace(method='GDCC_1e-05', numruns='200', seed='0', output='../results/synthetic/s123/', rewrite=True, removeoutliers=False, filepath=['../models/synthetic/s123/random_mc2_n5_mid3_d1000_05_mr098_r10_176.uai'])
2026-02-06 13:15:36,850|INFO|random_mc2_n6_mid3_d1000_05_mr098_r10_150_uai_GDCC_1e-05_n200_roTrue_s0: Loading model from ../models/synthetic/s123/random_mc2_n6_mid3_d1000_05_mr098_r10_150.uai
2026-02-06 13:15:36,874|INFO|random_mc2_n6_mid3_d1000_05_mr098_r10_150_uai_GDCC_1e-05_n200_roTrue_s0: Loading data from ../models/synthetic/s123/random_mc2_n6_mid3_d1000_05_mr098_r10_150.csv
2026-02-06 13:15:36,914|INFO|random_mc2_n8_mid3_d1000_05_mr098_r10_174_uai_GDCC_1e-05_n200_roTrue_s0: Arguments: Namespace(method='GDCC_1e-05', numruns='200', seed='0', output='../results/synthetic/s123/', rewrite=True, removeoutliers=True, filepath=['../models/synthetic/s123/random_mc2_n8_mid3_d1000_05_mr098_r10_174.uai'])
2026-02-06 13:15:36,921|INFO|random_mc2_n9_mid3_d1000_05_mr098_r10_107_uai_GDCC_1e-05_n200_roFalse_s0: Arguments: Namespace(method='GDCC_1e-05', numruns='200', seed='0', output='../results/synthetic/s123/', rewrite=True, removeoutliers=False, filepath=['../models/synthetic/s123/random_mc2_n9_mid3_d1000_05_mr098_r10_107.uai'])
2026-02-06 13:15:36,887|INFO|random_mc2_n5_mid3_d1000_05_mr098_r10_176_uai_GDCC_1e-05_n200_roFalse_s0: Loading model from ../models/synthetic/s123/random_mc2_n5_mid3_d1000_05_mr098_r10_176.uai
2026-02-06 13:15:36,894|INFO|random_mc2_n5_mid3_d1000_05_mr098_r10_176_uai_GDCC_1e-05_n200_roFalse_s0: Loading data from ../models/synthetic/s123/random_mc2_n5_mid3_d1000_05_mr098_r10_176.csv
2026-02-06 13:15:36,914|INFO|random_mc2_n8_mid3_d1000_05_mr098_r10_174_uai_GDCC_1e-05_n200_roTrue_s0: Loading model from ../models/synthetic/s123/random_mc2_n8_mid3_d1000_05_mr098_r10_174.uai
2026-02-06 13:15:36,921|INFO|random_mc2_n9_mid3_d1000_05_mr098_r10_107_uai_GDCC_1e-05_n200_roFalse_s0: Loading model from ../models/synthetic/s123/random_mc2_n9_mid3_d1000_05_mr098_r10_107.uai
2026-02-06 13:15:36,978|INFO|random_mc2_n5_mid3_d1000_05_mr098_r10_43_uai_GDCC_1e-05_n200_roFalse_s0: Arguments: Namespace(method='GDCC_1e-05', numruns='200', seed='0', output='../results/synthetic/s123/', rewrite=True, removeoutliers=False, filepath=['../models/synthetic/s123/random_mc2_n5_mid3_d1000_05_mr098_r10_43.uai'])
2026-02-06 13:15:36,978|INFO|random_mc2_n5_mid3_d1000_05_mr098_r10_43_uai_GDCC_1e-05_n200_roFalse_s0: Loading model from ../models/synthetic/s123/random_mc2_n5_mid3_d1000_05_mr098_r10_43.uai
2026-02-06 13:15:36,985|INFO|random_mc2_n5_mid3_d1000_05_mr098_r10_43_uai_GDCC_1e-05_n200_roFalse_s0: Loading data from ../models/synthetic/s123/random_mc2_n5_mid3_d1000_05_mr098_r10_43.csv
2026-02-06 13:15:37,000|INFO|random_mc2_n5_mid3_d1000_05_mr098_r10_43_uai_GDCC_1e-05_n200_roFalse_s0: PNS(V4,V2) exact: (0.2198675521, 0.3328360903)
2026-02-06 13:15:37,161|INFO|random_mc2_n7_mid3_d1000_05_mr098_r10_19_uai_GDCC_1e-05_n200_roFalse_s0: Arguments: Namespace(method='GDCC_1e-05', numruns='200', seed='0', output='../results/synthetic/s123/', rewrite=True, removeoutliers=False, filepath=['../models/synthetic/s123/random_mc2_n7_mid3_d1000_05_mr098_r10_19.uai'])
2026-02-06 13:15:37,175|INFO|random_mc2_n8_mid3_d1000_05_mr098_r10_160_uai_GDCC_1e-05_n200_roFalse_s0: Arguments: Namespace(method='GDCC_1e-05', numruns='200', seed='0', output='../results/synthetic/s123/', rewrite=True, removeoutliers=False, filepath=['../models/synthetic/s123/random_mc2_n8_mid3_d1000_05_mr098_r10_160.uai'])
2026-02-06 13:15:37,177|INFO|random_mc2_n8_mid3_d1000_05_mr098_r10_118_uai_GDCC_1e-05_n200_roTrue_s0: Arguments: Namespace(method='GDCC_1e-05', numruns='200', seed='0', output='../results/synthetic/s123/', rewrite=True, removeoutliers=True, filepath=['../models/synthetic/s123/random_mc2_n8_mid3_d1000_05_mr098_r10_118.uai'])
2026-02-06 13:15:37,161|INFO|random_mc2_n7_mid3_d1000_05_mr098_r10_19_uai_GDCC_1e-05_n200_roFalse_s0: Loading model from ../models/synthetic/s123/random_mc2_n7_mid3_d1000_05_mr098_r10_19.uai
2026-02-06 13:15:37,179|INFO|random_mc2_n7_mid3_d1000_05_mr098_r10_19_uai_GDCC_1e-05_n200_roFalse_s0: Loading data from ../models/synthetic/s123/random_mc2_n7_mid3_d1000_05_mr098_r10_19.csv
2026-02-06 13:15:37,175|INFO|random_mc2_n8_mid3_d1000_05_mr098_r10_160_uai_GDCC_1e-05_n200_roFalse_s0: Loading model from ../models/synthetic/s123/random_mc2_n8_mid3_d1000_05_mr098_r10_160.uai
2026-02-06 13:15:37,203|INFO|random_mc2_n8_mid3_d1000_05_mr098_r10_160_uai_GDCC_1e-05_n200_roFalse_s0: Loading data from ../models/synthetic/s123/random_mc2_n8_mid3_d1000_05_mr098_r10_160.csv
2026-02-06 13:15:37,177|INFO|random_mc2_n8_mid3_d1000_05_mr098_r10_118_uai_GDCC_1e-05_n200_roTrue_s0: Loading model from ../models/synthetic/s123/random_mc2_n8_mid3_d1000_05_mr098_r10_118.uai
2026-02-06 13:15:37,227|INFO|random_mc2_n8_mid3_d1000_05_mr098_r10_174_uai_GDCC_1e-05_n200_roTrue_s0: Loading data from ../models/synthetic/s123/random_mc2_n8_mid3_d1000_05_mr098_r10_174.csv
2026-02-06 13:15:37,268|INFO|random_mc2_n5_mid3_d1000_05_mr098_r10_16_uai_GDCC_1e-05_n200_roFalse_s0: Arguments: Namespace(method='GDCC_1e-05', numruns='200', seed='0', output='../results/synthetic/s123/', rewrite=True, removeoutliers=False, filepath=['../models/synthetic/s123/random_mc2_n5_mid3_d1000_05_mr098_r10_16.uai'])
2026-02-06 13:15:37,294|INFO|random_mc2_n7_mid3_d1000_05_mr098_r10_54_uai_GDCC_1e-05_n200_roTrue_s0: Arguments: Namespace(method='GDCC_1e-05', numruns='200', seed='0', output='../results/synthetic/s123/', rewrite=True, removeoutliers=True, filepath=['../models/synthetic/s123/random_mc2_n7_mid3_d1000_05_mr098_r10_54.uai'])
2026-02-06 13:15:37,269|INFO|random_mc2_n5_mid3_d1000_05_mr098_r10_16_uai_GDCC_1e-05_n200_roFalse_s0: Loading model from ../models/synthetic/s123/random_mc2_n5_mid3_d1000_05_mr098_r10_16.uai
2026-02-06 13:15:37,278|INFO|random_mc2_n5_mid3_d1000_05_mr098_r10_16_uai_GDCC_1e-05_n200_roFalse_s0: Loading data from ../models/synthetic/s123/random_mc2_n5_mid3_d1000_05_mr098_r10_16.csv
2026-02-06 13:15:37,293|INFO|random_mc2_n5_mid3_d1000_05_mr098_r10_16_uai_GDCC_1e-05_n200_roFalse_s0: PNS(V4,V3) exact: (0.4152505784, 0.4639742588)
2026-02-06 13:15:37,294|INFO|random_mc2_n7_mid3_d1000_05_mr098_r10_54_uai_GDCC_1e-05_n200_roTrue_s0: Loading model from ../models/synthetic/s123/random_mc2_n7_mid3_d1000_05_mr098_r10_54.uai
2026-02-06 13:15:37,316|INFO|random_mc2_n7_mid3_d1000_05_mr098_r10_54_uai_GDCC_1e-05_n200_roTrue_s0: Loading data from ../models/synthetic/s123/random_mc2_n7_mid3_d1000_05_mr098_r10_54.csv
2026-02-06 13:15:37,357|INFO|random_mc2_n9_mid3_d1000_05_mr098_r10_107_uai_GDCC_1e-05_n200_roFalse_s0: Loading data from ../models/synthetic/s123/random_mc2_n9_mid3_d1000_05_mr098_r10_107.csv
2026-02-06 13:15:37,362|INFO|random_mc2_n6_mid3_d1000_05_mr098_r10_23_uai_GDCC_1e-05_n200_roFalse_s0: Arguments: Namespace(method='GDCC_1e-05', numruns='200', seed='0', output='../results/synthetic/s123/', rewrite=True, removeoutliers=False, filepath=['../models/synthetic/s123/random_mc2_n6_mid3_d1000_05_mr098_r10_23.uai'])
2026-02-06 13:15:37,365|INFO|random_mc2_n7_mid3_d1000_05_mr098_r10_6_uai_GDCC_1e-05_n200_roTrue_s0: Arguments: Namespace(method='GDCC_1e-05', numruns='200', seed='0', output='../results/synthetic/s123/', rewrite=True, removeoutliers=True, filepath=['../models/synthetic/s123/random_mc2_n7_mid3_d1000_05_mr098_r10_6.uai'])
2026-02-06 13:15:37,362|INFO|random_mc2_n6_mid3_d1000_05_mr098_r10_23_uai_GDCC_1e-05_n200_roFalse_s0: Loading model from ../models/synthetic/s123/random_mc2_n6_mid3_d1000_05_mr098_r10_23.uai
2026-02-06 13:15:37,374|INFO|random_mc2_n6_mid3_d1000_05_mr098_r10_23_uai_GDCC_1e-05_n200_roFalse_s0: Loading data from ../models/synthetic/s123/random_mc2_n6_mid3_d1000_05_mr098_r10_23.csv
2026-02-06 13:15:37,395|INFO|random_mc2_n6_mid3_d1000_05_mr098_r10_23_uai_GDCC_1e-05_n200_roFalse_s0: PNS(V0,V5) exact: (0.0, 0.206564908524544)
2026-02-06 13:15:37,365|INFO|random_mc2_n7_mid3_d1000_05_mr098_r10_6_uai_GDCC_1e-05_n200_roTrue_s0: Loading model from ../models/synthetic/s123/random_mc2_n7_mid3_d1000_05_mr098_r10_6.uai
2026-02-06 13:15:37,383|INFO|random_mc2_n7_mid3_d1000_05_mr098_r10_6_uai_GDCC_1e-05_n200_roTrue_s0: Loading data from ../models/synthetic/s123/random_mc2_n7_mid3_d1000_05_mr098_r10_6.csv
2026-02-06 13:15:37,398|INFO|random_mc2_n7_mid3_d1000_05_mr098_r10_6_uai_GDCC_1e-05_n200_roTrue_s0: PNS(V2,V3) exact: (0.0, 0.0284169509445683)
2026-02-06 13:15:37,421|INFO|random_mc2_n8_mid3_d1000_05_mr098_r10_118_uai_GDCC_1e-05_n200_roTrue_s0: Loading data from ../models/synthetic/s123/random_mc2_n8_mid3_d1000_05_mr098_r10_118.csv
2026-02-06 13:15:37,428|INFO|random_mc2_n5_mid3_d1000_05_mr098_r10_174_uai_GDCC_1e-05_n200_roFalse_s0: Arguments: Namespace(method='GDCC_1e-05', numruns='200', seed='0', output='../results/synthetic/s123/', rewrite=True, removeoutliers=False, filepath=['../models/synthetic/s123/random_mc2_n5_mid3_d1000_05_mr098_r10_174.uai'])
2026-02-06 13:15:37,428|INFO|random_mc2_n5_mid3_d1000_05_mr098_r10_174_uai_GDCC_1e-05_n200_roFalse_s0: Loading model from ../models/synthetic/s123/random_mc2_n5_mid3_d1000_05_mr098_r10_174.uai
2026-02-06 13:15:37,444|INFO|random_mc2_n5_mid3_d1000_05_mr098_r10_174_uai_GDCC_1e-05_n200_roFalse_s0: Loading data from ../models/synthetic/s123/random_mc2_n5_mid3_d1000_05_mr098_r10_174.csv
2026-02-06 13:15:37,458|INFO|random_mc2_n5_mid3_d1000_05_mr098_r10_174_uai_GDCC_1e-05_n200_roFalse_s0: PNS(V1,V3) exact: (0.497273609538846, 0.62213966937114)
2026-02-06 13:15:40,189|INFO|random_mc2_n6_mid3_d1000_05_mr098_r10_80_uai_GDCC_1e-05_n200_roTrue_s0: Arguments: Namespace(method='GDCC_1e-05', numruns='200', seed='0', output='../results/synthetic/s123/', rewrite=True, removeoutliers=True, filepath=['../models/synthetic/s123/random_mc2_n6_mid3_d1000_05_mr098_r10_80.uai'])
2026-02-06 13:15:40,209|INFO|random_mc2_n5_mid3_d1000_05_mr098_r10_95_uai_GDCC_1e-05_n200_roFalse_s0: Arguments: Namespace(method='GDCC_1e-05', numruns='200', seed='0', output='../results/synthetic/s123/', rewrite=True, removeoutliers=False, filepath=['../models/synthetic/s123/random_mc2_n5_mid3_d1000_05_mr098_r10_95.uai'])
2026-02-06 13:15:40,189|INFO|random_mc2_n6_mid3_d1000_05_mr098_r10_80_uai_GDCC_1e-05_n200_roTrue_s0: Loading model from ../models/synthetic/s123/random_mc2_n6_mid3_d1000_05_mr098_r10_80.uai
2026-02-06 13:15:40,202|INFO|random_mc2_n6_mid3_d1000_05_mr098_r10_80_uai_GDCC_1e-05_n200_roTrue_s0: Loading data from ../models/synthetic/s123/random_mc2_n6_mid3_d1000_05_mr098_r10_80.csv
2026-02-06 13:15:40,209|INFO|random_mc2_n5_mid3_d1000_05_mr098_r10_95_uai_GDCC_1e-05_n200_roFalse_s0: Loading model from ../models/synthetic/s123/random_mc2_n5_mid3_d1000_05_mr098_r10_95.uai
2026-02-06 13:15:40,220|INFO|random_mc2_n5_mid3_d1000_05_mr098_r10_95_uai_GDCC_1e-05_n200_roFalse_s0: Loading data from ../models/synthetic/s123/random_mc2_n5_mid3_d1000_05_mr098_r10_95.csv
2026-02-06 13:15:40,237|INFO|random_mc2_n5_mid3_d1000_05_mr098_r10_95_uai_GDCC_1e-05_n200_roFalse_s0: PNS(V2,V3) exact: (0.0, 0.0190074356112)
2026-02-06 13:15:41,269|INFO|random_mc2_n8_mid3_d1000_05_mr098_r10_151_uai_GDCC_1e-05_n200_roFalse_s0: Arguments: Namespace(method='GDCC_1e-05', numruns='200', seed='0', output='../results/synthetic/s123/', rewrite=True, removeoutliers=False, filepath=['../models/synthetic/s123/random_mc2_n8_mid3_d1000_05_mr098_r10_151.uai'])
2026-02-06 13:15:41,269|INFO|random_mc2_n8_mid3_d1000_05_mr098_r10_151_uai_GDCC_1e-05_n200_roFalse_s0: Loading model from ../models/synthetic/s123/random_mc2_n8_mid3_d1000_05_mr098_r10_151.uai
2026-02-06 13:15:41,499|INFO|random_mc2_n8_mid3_d1000_05_mr098_r10_151_uai_GDCC_1e-05_n200_roFalse_s0: Loading data from ../models/synthetic/s123/random_mc2_n8_mid3_d1000_05_mr098_r10_151.csv
2026-02-06 13:15:42,685|INFO|random_mc2_n5_mid3_d1000_05_mr098_r10_171_uai_GDCC_1e-05_n200_roTrue_s0: Arguments: Namespace(method='GDCC_1e-05', numruns='200', seed='0', output='../results/synthetic/s123/', rewrite=True, removeoutliers=True, filepath=['../models/synthetic/s123/random_mc2_n5_mid3_d1000_05_mr098_r10_171.uai'])
2026-02-06 13:15:42,685|INFO|random_mc2_n5_mid3_d1000_05_mr098_r10_171_uai_GDCC_1e-05_n200_roTrue_s0: Loading model from ../models/synthetic/s123/random_mc2_n5_mid3_d1000_05_mr098_r10_171.uai
2026-02-06 13:15:42,717|INFO|random_mc2_n5_mid3_d1000_05_mr098_r10_171_uai_GDCC_1e-05_n200_roTrue_s0: Loading data from ../models/synthetic/s123/random_mc2_n5_mid3_d1000_05_mr098_r10_171.csv
2026-02-06 13:15:42,752|INFO|random_mc2_n5_mid3_d1000_05_mr098_r10_87_uai_GDCC_1e-05_n200_roTrue_s0: Arguments: Namespace(method='GDCC_1e-05', numruns='200', seed='0', output='../results/synthetic/s123/', rewrite=True, removeoutliers=True, filepath=['../models/synthetic/s123/random_mc2_n5_mid3_d1000_05_mr098_r10_87.uai'])
2026-02-06 13:15:42,754|INFO|random_mc2_n5_mid3_d1000_05_mr098_r10_171_uai_GDCC_1e-05_n200_roTrue_s0: PNS(V1,V3) exact: (0.1863474158, 0.2259063265)
2026-02-06 13:15:42,776|INFO|random_mc2_n6_mid3_d1000_05_mr098_r10_60_uai_GDCC_1e-05_n200_roFalse_s0: Arguments: Namespace(method='GDCC_1e-05', numruns='200', seed='0', output='../results/synthetic/s123/', rewrite=True, removeoutliers=False, filepath=['../models/synthetic/s123/random_mc2_n6_mid3_d1000_05_mr098_r10_60.uai'])
2026-02-06 13:15:42,752|INFO|random_mc2_n5_mid3_d1000_05_mr098_r10_87_uai_GDCC_1e-05_n200_roTrue_s0: Loading model from ../models/synthetic/s123/random_mc2_n5_mid3_d1000_05_mr098_r10_87.uai
2026-02-06 13:15:42,780|INFO|random_mc2_n5_mid3_d1000_05_mr098_r10_87_uai_GDCC_1e-05_n200_roTrue_s0: Loading data from ../models/synthetic/s123/random_mc2_n5_mid3_d1000_05_mr098_r10_87.csv
2026-02-06 13:15:42,776|INFO|random_mc2_n6_mid3_d1000_05_mr098_r10_60_uai_GDCC_1e-05_n200_roFalse_s0: Loading model from ../models/synthetic/s123/random_mc2_n6_mid3_d1000_05_mr098_r10_60.uai
2026-02-06 13:15:42,794|INFO|random_mc2_n6_mid3_d1000_05_mr098_r10_60_uai_GDCC_1e-05_n200_roFalse_s0: Loading data from ../models/synthetic/s123/random_mc2_n6_mid3_d1000_05_mr098_r10_60.csv
2026-02-06 13:15:42,811|INFO|random_mc2_n6_mid3_d1000_05_mr098_r10_60_uai_GDCC_1e-05_n200_roFalse_s0: PNS(V2,V1) exact: (0.01063473235, 0.0254823380132)
2026-02-06 13:15:42,850|INFO|random_mc2_n6_mid3_d1000_05_mr098_r10_190_uai_GDCC_1e-05_n200_roFalse_s0: Arguments: Namespace(method='GDCC_1e-05', numruns='200', seed='0', output='../results/synthetic/s123/', rewrite=True, removeoutliers=False, filepath=['../models/synthetic/s123/random_mc2_n6_mid3_d1000_05_mr098_r10_190.uai'])
2026-02-06 13:15:42,850|INFO|random_mc2_n6_mid3_d1000_05_mr098_r10_190_uai_GDCC_1e-05_n200_roFalse_s0: Loading model from ../models/synthetic/s123/random_mc2_n6_mid3_d1000_05_mr098_r10_190.uai
2026-02-06 13:15:42,863|INFO|random_mc2_n6_mid3_d1000_05_mr098_r10_190_uai_GDCC_1e-05_n200_roFalse_s0: Loading data from ../models/synthetic/s123/random_mc2_n6_mid3_d1000_05_mr098_r10_190.csv
2026-02-06 13:15:42,878|INFO|random_mc2_n6_mid3_d1000_05_mr098_r10_190_uai_GDCC_1e-05_n200_roFalse_s0: PNS(V1,V3) exact: (0.6666155524875482, 0.789958677372704)
2026-02-06 13:15:47,717|INFO|random_mc2_n5_mid3_d1000_05_mr098_r10_45_uai_GDCC_1e-05_n200_roFalse_s0: Arguments: Namespace(method='GDCC_1e-05', numruns='200', seed='0', output='../results/synthetic/s123/', rewrite=True, removeoutliers=False, filepath=['../models/synthetic/s123/random_mc2_n5_mid3_d1000_05_mr098_r10_45.uai'])
2026-02-06 13:15:47,718|INFO|random_mc2_n5_mid3_d1000_05_mr098_r10_45_uai_GDCC_1e-05_n200_roFalse_s0: Loading model from ../models/synthetic/s123/random_mc2_n5_mid3_d1000_05_mr098_r10_45.uai
2026-02-06 13:15:47,733|INFO|random_mc2_n5_mid3_d1000_05_mr098_r10_45_uai_GDCC_1e-05_n200_roFalse_s0: Loading data from ../models/synthetic/s123/random_mc2_n5_mid3_d1000_05_mr098_r10_45.csv
2026-02-06 13:15:47,750|INFO|random_mc2_n5_mid3_d1000_05_mr098_r10_45_uai_GDCC_1e-05_n200_roFalse_s0: PNS(V1,V2) exact: (0.0940954230999999, 0.5326951514)
2026-02-06 13:15:47,830|INFO|random_mc2_n5_mid3_d1000_05_mr098_r10_195_uai_GDCC_1e-05_n200_roTrue_s0: Arguments: Namespace(method='GDCC_1e-05', numruns='200', seed='0', output='../results/synthetic/s123/', rewrite=True, removeoutliers=True, filepath=['../models/synthetic/s123/random_mc2_n5_mid3_d1000_05_mr098_r10_195.uai'])
2026-02-06 13:15:47,830|INFO|random_mc2_n5_mid3_d1000_05_mr098_r10_195_uai_GDCC_1e-05_n200_roTrue_s0: Loading model from ../models/synthetic/s123/random_mc2_n5_mid3_d1000_05_mr098_r10_195.uai
2026-02-06 13:15:47,839|INFO|random_mc2_n5_mid3_d1000_05_mr098_r10_195_uai_GDCC_1e-05_n200_roTrue_s0: Loading data from ../models/synthetic/s123/random_mc2_n5_mid3_d1000_05_mr098_r10_195.csv
2026-02-06 13:15:47,853|INFO|random_mc2_n5_mid3_d1000_05_mr098_r10_195_uai_GDCC_1e-05_n200_roTrue_s0: PNS(V0,V4) exact: (0.131789906, 0.3518961976)
2026-02-06 13:15:48,657|INFO|random_mc2_n7_mid3_d1000_05_mr098_r10_123_uai_GDCC_1e-05_n200_roFalse_s0: Arguments: Namespace(method='GDCC_1e-05', numruns='200', seed='0', output='../results/synthetic/s123/', rewrite=True, removeoutliers=False, filepath=['../models/synthetic/s123/random_mc2_n7_mid3_d1000_05_mr098_r10_123.uai'])
2026-02-06 13:15:48,657|INFO|random_mc2_n7_mid3_d1000_05_mr098_r10_123_uai_GDCC_1e-05_n200_roFalse_s0: Loading model from ../models/synthetic/s123/random_mc2_n7_mid3_d1000_05_mr098_r10_123.uai
2026-02-06 13:15:48,679|INFO|random_mc2_n7_mid3_d1000_05_mr098_r10_123_uai_GDCC_1e-05_n200_roFalse_s0: Loading data from ../models/synthetic/s123/random_mc2_n7_mid3_d1000_05_mr098_r10_123.csv
2026-02-06 13:15:48,704|INFO|random_mc2_n7_mid3_d1000_05_mr098_r10_123_uai_GDCC_1e-05_n200_roFalse_s0: PNS(V0,V6) exact: (0.0106816021871762, 0.1499524833352205)
2026-02-06 13:15:48,709|INFO|random_mc2_n5_mid3_d1000_05_mr098_r10_83_uai_GDCC_1e-05_n200_roFalse_s0: Arguments: Namespace(method='GDCC_1e-05', numruns='200', seed='0', output='../results/synthetic/s123/', rewrite=True, removeoutliers=False, filepath=['../models/synthetic/s123/random_mc2_n5_mid3_d1000_05_mr098_r10_83.uai'])
2026-02-06 13:15:48,715|INFO|random_mc2_n7_mid3_d1000_05_mr098_r10_185_uai_GDCC_1e-05_n200_roTrue_s0: Arguments: Namespace(method='GDCC_1e-05', numruns='200', seed='0', output='../results/synthetic/s123/', rewrite=True, removeoutliers=True, filepath=['../models/synthetic/s123/random_mc2_n7_mid3_d1000_05_mr098_r10_185.uai'])
2026-02-06 13:15:48,709|INFO|random_mc2_n5_mid3_d1000_05_mr098_r10_83_uai_GDCC_1e-05_n200_roFalse_s0: Loading model from ../models/synthetic/s123/random_mc2_n5_mid3_d1000_05_mr098_r10_83.uai
2026-02-06 13:15:48,720|INFO|random_mc2_n5_mid3_d1000_05_mr098_r10_83_uai_GDCC_1e-05_n200_roFalse_s0: Loading data from ../models/synthetic/s123/random_mc2_n5_mid3_d1000_05_mr098_r10_83.csv
2026-02-06 13:15:48,750|INFO|random_mc2_n5_mid3_d1000_05_mr098_r10_112_uai_GDCC_1e-05_n200_roFalse_s0: Arguments: Namespace(method='GDCC_1e-05', numruns='200', seed='0', output='../results/synthetic/s123/', rewrite=True, removeoutliers=False, filepath=['../models/synthetic/s123/random_mc2_n5_mid3_d1000_05_mr098_r10_112.uai'])
2026-02-06 13:15:48,715|INFO|random_mc2_n7_mid3_d1000_05_mr098_r10_185_uai_GDCC_1e-05_n200_roTrue_s0: Loading model from ../models/synthetic/s123/random_mc2_n7_mid3_d1000_05_mr098_r10_185.uai
2026-02-06 13:15:48,741|INFO|random_mc2_n7_mid3_d1000_05_mr098_r10_185_uai_GDCC_1e-05_n200_roTrue_s0: Loading data from ../models/synthetic/s123/random_mc2_n7_mid3_d1000_05_mr098_r10_185.csv
2026-02-06 13:15:48,761|INFO|random_mc2_n7_mid3_d1000_05_mr098_r10_185_uai_GDCC_1e-05_n200_roTrue_s0: PNS(V4,V5) exact: (0.026299086270706, 0.362919468953052)
2026-02-06 13:15:48,750|INFO|random_mc2_n5_mid3_d1000_05_mr098_r10_112_uai_GDCC_1e-05_n200_roFalse_s0: Loading model from ../models/synthetic/s123/random_mc2_n5_mid3_d1000_05_mr098_r10_112.uai
2026-02-06 13:15:48,762|INFO|random_mc2_n5_mid3_d1000_05_mr098_r10_112_uai_GDCC_1e-05_n200_roFalse_s0: Loading data from ../models/synthetic/s123/random_mc2_n5_mid3_d1000_05_mr098_r10_112.csv
2026-02-06 13:15:49,635|INFO|random_mc2_n6_mid3_d1000_05_mr098_r10_88_uai_GDCC_1e-05_n200_roFalse_s0: Arguments: Namespace(method='GDCC_1e-05', numruns='200', seed='0', output='../results/synthetic/s123/', rewrite=True, removeoutliers=False, filepath=['../models/synthetic/s123/random_mc2_n6_mid3_d1000_05_mr098_r10_88.uai'])
2026-02-06 13:15:49,636|INFO|random_mc2_n6_mid3_d1000_05_mr098_r10_88_uai_GDCC_1e-05_n200_roFalse_s0: Loading model from ../models/synthetic/s123/random_mc2_n6_mid3_d1000_05_mr098_r10_88.uai
2026-02-06 13:15:49,656|INFO|random_mc2_n6_mid3_d1000_05_mr098_r10_88_uai_GDCC_1e-05_n200_roFalse_s0: Loading data from ../models/synthetic/s123/random_mc2_n6_mid3_d1000_05_mr098_r10_88.csv
2026-02-06 13:15:49,702|INFO|random_mc2_n9_mid3_d1000_05_mr098_r10_136_uai_GDCC_1e-05_n200_roTrue_s0: Arguments: Namespace(method='GDCC_1e-05', numruns='200', seed='0', output='../results/synthetic/s123/', rewrite=True, removeoutliers=True, filepath=['../models/synthetic/s123/random_mc2_n9_mid3_d1000_05_mr098_r10_136.uai'])
2026-02-06 13:15:49,736|INFO|random_mc2_n7_mid3_d1000_05_mr098_r10_42_uai_GDCC_1e-05_n200_roTrue_s0: Arguments: Namespace(method='GDCC_1e-05', numruns='200', seed='0', output='../results/synthetic/s123/', rewrite=True, removeoutliers=True, filepath=['../models/synthetic/s123/random_mc2_n7_mid3_d1000_05_mr098_r10_42.uai'])
2026-02-06 13:15:49,703|INFO|random_mc2_n9_mid3_d1000_05_mr098_r10_136_uai_GDCC_1e-05_n200_roTrue_s0: Loading model from ../models/synthetic/s123/random_mc2_n9_mid3_d1000_05_mr098_r10_136.uai
2026-02-06 13:15:49,729|INFO|random_mc2_n9_mid3_d1000_05_mr098_r10_136_uai_GDCC_1e-05_n200_roTrue_s0: Loading data from ../models/synthetic/s123/random_mc2_n9_mid3_d1000_05_mr098_r10_136.csv
2026-02-06 13:15:49,736|INFO|random_mc2_n7_mid3_d1000_05_mr098_r10_42_uai_GDCC_1e-05_n200_roTrue_s0: Loading model from ../models/synthetic/s123/random_mc2_n7_mid3_d1000_05_mr098_r10_42.uai
2026-02-06 13:15:49,756|INFO|random_mc2_n7_mid3_d1000_05_mr098_r10_42_uai_GDCC_1e-05_n200_roTrue_s0: Loading data from ../models/synthetic/s123/random_mc2_n7_mid3_d1000_05_mr098_r10_42.csv
2026-02-06 13:15:49,772|INFO|random_mc2_n7_mid3_d1000_05_mr098_r10_42_uai_GDCC_1e-05_n200_roTrue_s0: PNS(V0,V3) exact: (0.0, 0.0)
2026-02-06 13:15:49,772|ERROR|random_mc2_n7_mid3_d1000_05_mr098_r10_42_uai_GDCC_1e-05_n200_roTrue_s0: Model does not have any cause-effect path.
2026-02-06 13:15:51,472|INFO|random_mc2_n5_mid3_d1000_05_mr098_r10_26_uai_GDCC_1e-05_n200_roTrue_s0: Arguments: Namespace(method='GDCC_1e-05', numruns='200', seed='0', output='../results/synthetic/s123/', rewrite=True, removeoutliers=True, filepath=['../models/synthetic/s123/random_mc2_n5_mid3_d1000_05_mr098_r10_26.uai'])
2026-02-06 13:15:51,472|INFO|random_mc2_n5_mid3_d1000_05_mr098_r10_26_uai_GDCC_1e-05_n200_roTrue_s0: Loading model from ../models/synthetic/s123/random_mc2_n5_mid3_d1000_05_mr098_r10_26.uai
2026-02-06 13:15:51,484|INFO|random_mc2_n5_mid3_d1000_05_mr098_r10_26_uai_GDCC_1e-05_n200_roTrue_s0: Loading data from ../models/synthetic/s123/random_mc2_n5_mid3_d1000_05_mr098_r10_26.csv
2026-02-06 13:15:51,657|INFO|random_mc2_n5_mid3_d1000_05_mr098_r10_40_uai_GDCC_1e-05_n200_roTrue_s0: Arguments: Namespace(method='GDCC_1e-05', numruns='200', seed='0', output='../results/synthetic/s123/', rewrite=True, removeoutliers=True, filepath=['../models/synthetic/s123/random_mc2_n5_mid3_d1000_05_mr098_r10_40.uai'])
2026-02-06 13:15:51,657|INFO|random_mc2_n5_mid3_d1000_05_mr098_r10_40_uai_GDCC_1e-05_n200_roTrue_s0: Loading model from ../models/synthetic/s123/random_mc2_n5_mid3_d1000_05_mr098_r10_40.uai
2026-02-06 13:15:51,667|INFO|random_mc2_n5_mid3_d1000_05_mr098_r10_40_uai_GDCC_1e-05_n200_roTrue_s0: Loading data from ../models/synthetic/s123/random_mc2_n5_mid3_d1000_05_mr098_r10_40.csv
2026-02-06 13:15:51,820|INFO|random_mc2_n7_mid3_d1000_05_mr098_r10_127_uai_GDCC_1e-05_n200_roTrue_s0: Arguments: Namespace(method='GDCC_1e-05', numruns='200', seed='0', output='../results/synthetic/s123/', rewrite=True, removeoutliers=True, filepath=['../models/synthetic/s123/random_mc2_n7_mid3_d1000_05_mr098_r10_127.uai'])
2026-02-06 13:15:51,820|INFO|random_mc2_n7_mid3_d1000_05_mr098_r10_127_uai_GDCC_1e-05_n200_roTrue_s0: Loading model from ../models/synthetic/s123/random_mc2_n7_mid3_d1000_05_mr098_r10_127.uai
2026-02-06 13:15:51,831|INFO|random_mc2_n7_mid3_d1000_05_mr098_r10_127_uai_GDCC_1e-05_n200_roTrue_s0: Loading data from ../models/synthetic/s123/random_mc2_n7_mid3_d1000_05_mr098_r10_127.csv
2026-02-06 13:15:51,839|INFO|random_mc2_n7_mid3_d1000_05_mr098_r10_127_uai_GDCC_1e-05_n200_roTrue_s0: PNS(V4,V5) exact: (0.2021747419002779, 0.288697593484274)
2026-02-06 13:15:54,164|INFO|random_mc2_n9_mid3_d1000_05_mr098_r10_10_uai_GDCC_1e-05_n200_roFalse_s0: Arguments: Namespace(method='GDCC_1e-05', numruns='200', seed='0', output='../results/synthetic/s123/', rewrite=True, removeoutliers=False, filepath=['../models/synthetic/s123/random_mc2_n9_mid3_d1000_05_mr098_r10_10.uai'])
2026-02-06 13:15:54,189|INFO|random_mc2_n6_mid3_d1000_05_mr098_r10_89_uai_GDCC_1e-05_n200_roFalse_s0: Arguments: Namespace(method='GDCC_1e-05', numruns='200', seed='0', output='../results/synthetic/s123/', rewrite=True, removeoutliers=False, filepath=['../models/synthetic/s123/random_mc2_n6_mid3_d1000_05_mr098_r10_89.uai'])
2026-02-06 13:15:54,164|INFO|random_mc2_n9_mid3_d1000_05_mr098_r10_10_uai_GDCC_1e-05_n200_roFalse_s0: Loading model from ../models/synthetic/s123/random_mc2_n9_mid3_d1000_05_mr098_r10_10.uai
2026-02-06 13:15:54,206|INFO|random_mc2_n9_mid3_d1000_05_mr098_r10_10_uai_GDCC_1e-05_n200_roFalse_s0: Loading data from ../models/synthetic/s123/random_mc2_n9_mid3_d1000_05_mr098_r10_10.csv
2026-02-06 13:15:54,210|INFO|random_mc2_n7_mid3_d1000_05_mr098_r10_126_uai_GDCC_1e-05_n200_roFalse_s0: Arguments: Namespace(method='GDCC_1e-05', numruns='200', seed='0', output='../results/synthetic/s123/', rewrite=True, removeoutliers=False, filepath=['../models/synthetic/s123/random_mc2_n7_mid3_d1000_05_mr098_r10_126.uai'])
2026-02-06 13:15:54,189|INFO|random_mc2_n6_mid3_d1000_05_mr098_r10_89_uai_GDCC_1e-05_n200_roFalse_s0: Loading model from ../models/synthetic/s123/random_mc2_n6_mid3_d1000_05_mr098_r10_89.uai
2026-02-06 13:15:54,204|INFO|random_mc2_n6_mid3_d1000_05_mr098_r10_89_uai_GDCC_1e-05_n200_roFalse_s0: Loading data from ../models/synthetic/s123/random_mc2_n6_mid3_d1000_05_mr098_r10_89.csv
2026-02-06 13:15:54,210|INFO|random_mc2_n7_mid3_d1000_05_mr098_r10_126_uai_GDCC_1e-05_n200_roFalse_s0: Loading model from ../models/synthetic/s123/random_mc2_n7_mid3_d1000_05_mr098_r10_126.uai
2026-02-06 13:15:54,229|INFO|random_mc2_n7_mid3_d1000_05_mr098_r10_126_uai_GDCC_1e-05_n200_roFalse_s0: Loading data from ../models/synthetic/s123/random_mc2_n7_mid3_d1000_05_mr098_r10_126.csv
2026-02-06 13:15:54,247|INFO|random_mc2_n7_mid3_d1000_05_mr098_r10_126_uai_GDCC_1e-05_n200_roFalse_s0: PNS(V0,V1) exact: (0.2650857268885659, 0.4244970236778398)
2026-02-06 13:15:55,596|INFO|random_mc2_n5_mid3_d1000_05_mr098_r10_8_uai_GDCC_1e-05_n200_roTrue_s0: Arguments: Namespace(method='GDCC_1e-05', numruns='200', seed='0', output='../results/synthetic/s123/', rewrite=True, removeoutliers=True, filepath=['../models/synthetic/s123/random_mc2_n5_mid3_d1000_05_mr098_r10_8.uai'])
2026-02-06 13:15:55,614|INFO|random_mc2_n5_mid3_d1000_05_mr098_r10_121_uai_GDCC_1e-05_n200_roFalse_s0: Arguments: Namespace(method='GDCC_1e-05', numruns='200', seed='0', output='../results/synthetic/s123/', rewrite=True, removeoutliers=False, filepath=['../models/synthetic/s123/random_mc2_n5_mid3_d1000_05_mr098_r10_121.uai'])
2026-02-06 13:15:55,596|INFO|random_mc2_n5_mid3_d1000_05_mr098_r10_8_uai_GDCC_1e-05_n200_roTrue_s0: Loading model from ../models/synthetic/s123/random_mc2_n5_mid3_d1000_05_mr098_r10_8.uai
2026-02-06 13:15:55,615|INFO|random_mc2_n5_mid3_d1000_05_mr098_r10_8_uai_GDCC_1e-05_n200_roTrue_s0: Loading data from ../models/synthetic/s123/random_mc2_n5_mid3_d1000_05_mr098_r10_8.csv
2026-02-06 13:15:55,637|INFO|random_mc2_n5_mid3_d1000_05_mr098_r10_8_uai_GDCC_1e-05_n200_roTrue_s0: PNS(V2,V4) exact: (0.1708037925, 0.4919019990000001)
2026-02-06 13:15:55,615|INFO|random_mc2_n5_mid3_d1000_05_mr098_r10_121_uai_GDCC_1e-05_n200_roFalse_s0: Loading model from ../models/synthetic/s123/random_mc2_n5_mid3_d1000_05_mr098_r10_121.uai
2026-02-06 13:15:55,636|INFO|random_mc2_n5_mid3_d1000_05_mr098_r10_121_uai_GDCC_1e-05_n200_roFalse_s0: Loading data from ../models/synthetic/s123/random_mc2_n5_mid3_d1000_05_mr098_r10_121.csv
2026-02-06 13:15:55,654|INFO|random_mc2_n5_mid3_d1000_05_mr098_r10_121_uai_GDCC_1e-05_n200_roFalse_s0: PNS(V3,V1) exact: (0.21434, 0.2800931238639491)
2026-02-06 13:15:57,768|INFO|random_mc2_n6_mid3_d1000_05_mr098_r10_162_uai_GDCC_1e-05_n200_roTrue_s0: Arguments: Namespace(method='GDCC_1e-05', numruns='200', seed='0', output='../results/synthetic/s123/', rewrite=True, removeoutliers=True, filepath=['../models/synthetic/s123/random_mc2_n6_mid3_d1000_05_mr098_r10_162.uai'])
2026-02-06 13:15:57,768|INFO|random_mc2_n6_mid3_d1000_05_mr098_r10_162_uai_GDCC_1e-05_n200_roTrue_s0: Loading model from ../models/synthetic/s123/random_mc2_n6_mid3_d1000_05_mr098_r10_162.uai
2026-02-06 13:15:57,801|INFO|random_mc2_n6_mid3_d1000_05_mr098_r10_162_uai_GDCC_1e-05_n200_roTrue_s0: Loading data from ../models/synthetic/s123/random_mc2_n6_mid3_d1000_05_mr098_r10_162.csv
2026-02-06 13:15:57,823|INFO|random_mc2_n6_mid3_d1000_05_mr098_r10_162_uai_GDCC_1e-05_n200_roTrue_s0: PNS(V1,V5) exact: (0.15777013681104, 0.3907870473200001)
2026-02-06 13:15:57,875|INFO|random_mc2_n7_mid3_d1000_05_mr098_r10_196_uai_GDCC_1e-05_n200_roTrue_s0: Arguments: Namespace(method='GDCC_1e-05', numruns='200', seed='0', output='../results/synthetic/s123/', rewrite=True, removeoutliers=True, filepath=['../models/synthetic/s123/random_mc2_n7_mid3_d1000_05_mr098_r10_196.uai'])
2026-02-06 13:15:57,875|INFO|random_mc2_n7_mid3_d1000_05_mr098_r10_196_uai_GDCC_1e-05_n200_roTrue_s0: Loading model from ../models/synthetic/s123/random_mc2_n7_mid3_d1000_05_mr098_r10_196.uai
2026-02-06 13:15:57,950|INFO|random_mc2_n5_mid3_d1000_05_mr098_r10_144_uai_GDCC_1e-05_n200_roTrue_s0: Arguments: Namespace(method='GDCC_1e-05', numruns='200', seed='0', output='../results/synthetic/s123/', rewrite=True, removeoutliers=True, filepath=['../models/synthetic/s123/random_mc2_n5_mid3_d1000_05_mr098_r10_144.uai'])
2026-02-06 13:15:57,984|INFO|random_mc2_n7_mid3_d1000_05_mr098_r10_196_uai_GDCC_1e-05_n200_roTrue_s0: Loading data from ../models/synthetic/s123/random_mc2_n7_mid3_d1000_05_mr098_r10_196.csv
2026-02-06 13:15:57,950|INFO|random_mc2_n5_mid3_d1000_05_mr098_r10_144_uai_GDCC_1e-05_n200_roTrue_s0: Loading model from ../models/synthetic/s123/random_mc2_n5_mid3_d1000_05_mr098_r10_144.uai
2026-02-06 13:15:57,965|INFO|random_mc2_n5_mid3_d1000_05_mr098_r10_144_uai_GDCC_1e-05_n200_roTrue_s0: Loading data from ../models/synthetic/s123/random_mc2_n5_mid3_d1000_05_mr098_r10_144.csv
2026-02-06 13:15:57,986|INFO|random_mc2_n5_mid3_d1000_05_mr098_r10_144_uai_GDCC_1e-05_n200_roTrue_s0: PNS(V3,V1) exact: (0.385300924512895, 0.578062212781675)
2026-02-06 13:15:59,961|INFO|random_mc2_n5_mid3_d1000_05_mr098_r10_58_uai_GDCC_1e-05_n200_roTrue_s0: Arguments: Namespace(method='GDCC_1e-05', numruns='200', seed='0', output='../results/synthetic/s123/', rewrite=True, removeoutliers=True, filepath=['../models/synthetic/s123/random_mc2_n5_mid3_d1000_05_mr098_r10_58.uai'])
2026-02-06 13:15:59,968|INFO|random_mc2_n7_mid3_d1000_05_mr098_r10_69_uai_GDCC_1e-05_n200_roTrue_s0: Arguments: Namespace(method='GDCC_1e-05', numruns='200', seed='0', output='../results/synthetic/s123/', rewrite=True, removeoutliers=True, filepath=['../models/synthetic/s123/random_mc2_n7_mid3_d1000_05_mr098_r10_69.uai'])
2026-02-06 13:15:59,987|INFO|random_mc2_n6_mid3_d1000_05_mr098_r10_96_uai_GDCC_1e-05_n200_roTrue_s0: Arguments: Namespace(method='GDCC_1e-05', numruns='200', seed='0', output='../results/synthetic/s123/', rewrite=True, removeoutliers=True, filepath=['../models/synthetic/s123/random_mc2_n6_mid3_d1000_05_mr098_r10_96.uai'])
2026-02-06 13:15:59,961|INFO|random_mc2_n5_mid3_d1000_05_mr098_r10_58_uai_GDCC_1e-05_n200_roTrue_s0: Loading model from ../models/synthetic/s123/random_mc2_n5_mid3_d1000_05_mr098_r10_58.uai
2026-02-06 13:15:59,985|INFO|random_mc2_n5_mid3_d1000_05_mr098_r10_58_uai_GDCC_1e-05_n200_roTrue_s0: Loading data from ../models/synthetic/s123/random_mc2_n5_mid3_d1000_05_mr098_r10_58.csv
2026-02-06 13:16:00,006|INFO|random_mc2_n5_mid3_d1000_05_mr098_r10_58_uai_GDCC_1e-05_n200_roTrue_s0: PNS(V1,V4) exact: (0.0036215301384, 0.042303308980416)
2026-02-06 13:15:59,968|INFO|random_mc2_n7_mid3_d1000_05_mr098_r10_69_uai_GDCC_1e-05_n200_roTrue_s0: Loading model from ../models/synthetic/s123/random_mc2_n7_mid3_d1000_05_mr098_r10_69.uai
2026-02-06 13:15:59,985|INFO|random_mc2_n7_mid3_d1000_05_mr098_r10_69_uai_GDCC_1e-05_n200_roTrue_s0: Loading data from ../models/synthetic/s123/random_mc2_n7_mid3_d1000_05_mr098_r10_69.csv
2026-02-06 13:15:59,988|INFO|random_mc2_n6_mid3_d1000_05_mr098_r10_96_uai_GDCC_1e-05_n200_roTrue_s0: Loading model from ../models/synthetic/s123/random_mc2_n6_mid3_d1000_05_mr098_r10_96.uai
2026-02-06 13:16:00,008|INFO|random_mc2_n6_mid3_d1000_05_mr098_r10_96_uai_GDCC_1e-05_n200_roTrue_s0: Loading data from ../models/synthetic/s123/random_mc2_n6_mid3_d1000_05_mr098_r10_96.csv
2026-02-06 13:16:00,025|INFO|random_mc2_n6_mid3_d1000_05_mr098_r10_96_uai_GDCC_1e-05_n200_roTrue_s0: PNS(V4,V3) exact: (0.55047, 0.55047)
2026-02-06 13:16:00,114|INFO|random_mc2_n5_mid3_d1000_05_mr098_r10_37_uai_GDCC_1e-05_n200_roFalse_s0: Arguments: Namespace(method='GDCC_1e-05', numruns='200', seed='0', output='../results/synthetic/s123/', rewrite=True, removeoutliers=False, filepath=['../models/synthetic/s123/random_mc2_n5_mid3_d1000_05_mr098_r10_37.uai'])
2026-02-06 13:16:00,114|INFO|random_mc2_n5_mid3_d1000_05_mr098_r10_37_uai_GDCC_1e-05_n200_roFalse_s0: Loading model from ../models/synthetic/s123/random_mc2_n5_mid3_d1000_05_mr098_r10_37.uai
2026-02-06 13:16:00,129|INFO|random_mc2_n5_mid3_d1000_05_mr098_r10_37_uai_GDCC_1e-05_n200_roFalse_s0: Loading data from ../models/synthetic/s123/random_mc2_n5_mid3_d1000_05_mr098_r10_37.csv
2026-02-06 13:16:00,150|INFO|random_mc2_n5_mid3_d1000_05_mr098_r10_37_uai_GDCC_1e-05_n200_roFalse_s0: PNS(V1,V4) exact: (0.0030091049999999, 0.160852525)
2026-02-06 13:16:01,742|INFO|random_mc2_n5_mid3_d1000_05_mr098_r10_80_uai_GDCC_1e-05_n200_roTrue_s0: Arguments: Namespace(method='GDCC_1e-05', numruns='200', seed='0', output='../results/synthetic/s123/', rewrite=True, removeoutliers=True, filepath=['../models/synthetic/s123/random_mc2_n5_mid3_d1000_05_mr098_r10_80.uai'])
2026-02-06 13:16:01,743|INFO|random_mc2_n5_mid3_d1000_05_mr098_r10_80_uai_GDCC_1e-05_n200_roTrue_s0: Loading model from ../models/synthetic/s123/random_mc2_n5_mid3_d1000_05_mr098_r10_80.uai
2026-02-06 13:16:01,753|INFO|random_mc2_n5_mid3_d1000_05_mr098_r10_80_uai_GDCC_1e-05_n200_roTrue_s0: Loading data from ../models/synthetic/s123/random_mc2_n5_mid3_d1000_05_mr098_r10_80.csv
2026-02-06 13:16:01,765|INFO|random_mc2_n5_mid3_d1000_05_mr098_r10_80_uai_GDCC_1e-05_n200_roTrue_s0: PNS(V1,V4) exact: (0.950554689425868, 0.970786964773004)
2026-02-06 13:16:02,198|INFO|random_mc2_n5_mid3_d1000_05_mr098_r10_42_uai_GDCC_1e-05_n200_roFalse_s0: Arguments: Namespace(method='GDCC_1e-05', numruns='200', seed='0', output='../results/synthetic/s123/', rewrite=True, removeoutliers=False, filepath=['../models/synthetic/s123/random_mc2_n5_mid3_d1000_05_mr098_r10_42.uai'])
2026-02-06 13:16:02,198|INFO|random_mc2_n5_mid3_d1000_05_mr098_r10_42_uai_GDCC_1e-05_n200_roFalse_s0: Loading model from ../models/synthetic/s123/random_mc2_n5_mid3_d1000_05_mr098_r10_42.uai
2026-02-06 13:16:02,225|INFO|random_mc2_n5_mid3_d1000_05_mr098_r10_42_uai_GDCC_1e-05_n200_roFalse_s0: Loading data from ../models/synthetic/s123/random_mc2_n5_mid3_d1000_05_mr098_r10_42.csv
2026-02-06 13:16:02,385|INFO|random_mc2_n6_mid3_d1000_05_mr098_r10_42_uai_GDCC_1e-05_n200_roTrue_s0: Arguments: Namespace(method='GDCC_1e-05', numruns='200', seed='0', output='../results/synthetic/s123/', rewrite=True, removeoutliers=True, filepath=['../models/synthetic/s123/random_mc2_n6_mid3_d1000_05_mr098_r10_42.uai'])
2026-02-06 13:16:02,385|INFO|random_mc2_n6_mid3_d1000_05_mr098_r10_42_uai_GDCC_1e-05_n200_roTrue_s0: Loading model from ../models/synthetic/s123/random_mc2_n6_mid3_d1000_05_mr098_r10_42.uai
2026-02-06 13:16:02,397|INFO|random_mc2_n6_mid3_d1000_05_mr098_r10_42_uai_GDCC_1e-05_n200_roTrue_s0: Loading data from ../models/synthetic/s123/random_mc2_n6_mid3_d1000_05_mr098_r10_42.csv
2026-02-06 13:16:02,414|INFO|random_mc2_n6_mid3_d1000_05_mr098_r10_42_uai_GDCC_1e-05_n200_roTrue_s0: PNS(V3,V2) exact: (0.2100591484485759, 0.483114152283904)
2026-02-06 13:16:02,498|INFO|random_mc2_n5_mid3_d1000_05_mr098_r10_141_uai_GDCC_1e-05_n200_roTrue_s0: Arguments: Namespace(method='GDCC_1e-05', numruns='200', seed='0', output='../results/synthetic/s123/', rewrite=True, removeoutliers=True, filepath=['../models/synthetic/s123/random_mc2_n5_mid3_d1000_05_mr098_r10_141.uai'])
2026-02-06 13:16:02,498|INFO|random_mc2_n5_mid3_d1000_05_mr098_r10_141_uai_GDCC_1e-05_n200_roTrue_s0: Loading model from ../models/synthetic/s123/random_mc2_n5_mid3_d1000_05_mr098_r10_141.uai
2026-02-06 13:16:02,511|INFO|random_mc2_n5_mid3_d1000_05_mr098_r10_141_uai_GDCC_1e-05_n200_roTrue_s0: Loading data from ../models/synthetic/s123/random_mc2_n5_mid3_d1000_05_mr098_r10_141.csv
2026-02-06 13:16:02,534|INFO|random_mc2_n5_mid3_d1000_05_mr098_r10_141_uai_GDCC_1e-05_n200_roTrue_s0: PNS(V1,V4) exact: (0.0017244544, 0.2307695208999999)
2026-02-06 13:16:03,450|INFO|random_mc2_n7_mid3_d1000_05_mr098_r10_68_uai_GDCC_1e-05_n200_roTrue_s0: Arguments: Namespace(method='GDCC_1e-05', numruns='200', seed='0', output='../results/synthetic/s123/', rewrite=True, removeoutliers=True, filepath=['../models/synthetic/s123/random_mc2_n7_mid3_d1000_05_mr098_r10_68.uai'])
2026-02-06 13:16:03,450|INFO|random_mc2_n7_mid3_d1000_05_mr098_r10_68_uai_GDCC_1e-05_n200_roTrue_s0: Loading model from ../models/synthetic/s123/random_mc2_n7_mid3_d1000_05_mr098_r10_68.uai
2026-02-06 13:16:03,539|INFO|random_mc2_n7_mid3_d1000_05_mr098_r10_68_uai_GDCC_1e-05_n200_roTrue_s0: Loading data from ../models/synthetic/s123/random_mc2_n7_mid3_d1000_05_mr098_r10_68.csv
2026-02-06 13:16:04,626|INFO|random_mc2_n5_mid3_d1000_05_mr098_r10_173_uai_GDCC_1e-05_n200_roFalse_s0: Arguments: Namespace(method='GDCC_1e-05', numruns='200', seed='0', output='../results/synthetic/s123/', rewrite=True, removeoutliers=False, filepath=['../models/synthetic/s123/random_mc2_n5_mid3_d1000_05_mr098_r10_173.uai'])
2026-02-06 13:16:04,626|INFO|random_mc2_n5_mid3_d1000_05_mr098_r10_173_uai_GDCC_1e-05_n200_roFalse_s0: Loading model from ../models/synthetic/s123/random_mc2_n5_mid3_d1000_05_mr098_r10_173.uai
2026-02-06 13:16:04,642|INFO|random_mc2_n5_mid3_d1000_05_mr098_r10_173_uai_GDCC_1e-05_n200_roFalse_s0: Loading data from ../models/synthetic/s123/random_mc2_n5_mid3_d1000_05_mr098_r10_173.csv
2026-02-06 13:16:04,658|INFO|random_mc2_n5_mid3_d1000_05_mr098_r10_173_uai_GDCC_1e-05_n200_roFalse_s0: PNS(V1,V2) exact: (0.1236554301, 0.4222693768)
2026-02-06 13:16:04,827|INFO|random_mc2_n7_mid3_d1000_05_mr098_r10_6_uai_GDCC_1e-05_n200_roFalse_s0: Arguments: Namespace(method='GDCC_1e-05', numruns='200', seed='0', output='../results/synthetic/s123/', rewrite=True, removeoutliers=False, filepath=['../models/synthetic/s123/random_mc2_n7_mid3_d1000_05_mr098_r10_6.uai'])
2026-02-06 13:16:04,827|INFO|random_mc2_n7_mid3_d1000_05_mr098_r10_6_uai_GDCC_1e-05_n200_roFalse_s0: Loading model from ../models/synthetic/s123/random_mc2_n7_mid3_d1000_05_mr098_r10_6.uai
2026-02-06 13:16:04,851|INFO|random_mc2_n7_mid3_d1000_05_mr098_r10_6_uai_GDCC_1e-05_n200_roFalse_s0: Loading data from ../models/synthetic/s123/random_mc2_n7_mid3_d1000_05_mr098_r10_6.csv
2026-02-06 13:16:04,873|INFO|random_mc2_n7_mid3_d1000_05_mr098_r10_6_uai_GDCC_1e-05_n200_roFalse_s0: PNS(V2,V3) exact: (0.0, 0.0284169509445683)
2026-02-06 13:16:04,959|INFO|random_mc2_n9_mid3_d1000_05_mr098_r10_2_uai_GDCC_1e-05_n200_roTrue_s0: Arguments: Namespace(method='GDCC_1e-05', numruns='200', seed='0', output='../results/synthetic/s123/', rewrite=True, removeoutliers=True, filepath=['../models/synthetic/s123/random_mc2_n9_mid3_d1000_05_mr098_r10_2.uai'])
2026-02-06 13:16:04,959|INFO|random_mc2_n9_mid3_d1000_05_mr098_r10_2_uai_GDCC_1e-05_n200_roTrue_s0: Loading model from ../models/synthetic/s123/random_mc2_n9_mid3_d1000_05_mr098_r10_2.uai
2026-02-06 13:16:04,979|INFO|random_mc2_n9_mid3_d1000_05_mr098_r10_2_uai_GDCC_1e-05_n200_roTrue_s0: Loading data from ../models/synthetic/s123/random_mc2_n9_mid3_d1000_05_mr098_r10_2.csv
2026-02-06 13:16:05,593|INFO|random_mc2_n7_mid3_d1000_05_mr098_r10_24_uai_GDCC_1e-05_n200_roTrue_s0: Arguments: Namespace(method='GDCC_1e-05', numruns='200', seed='0', output='../results/synthetic/s123/', rewrite=True, removeoutliers=True, filepath=['../models/synthetic/s123/random_mc2_n7_mid3_d1000_05_mr098_r10_24.uai'])
2026-02-06 13:16:05,594|INFO|random_mc2_n7_mid3_d1000_05_mr098_r10_24_uai_GDCC_1e-05_n200_roTrue_s0: Loading model from ../models/synthetic/s123/random_mc2_n7_mid3_d1000_05_mr098_r10_24.uai
2026-02-06 13:16:05,613|INFO|random_mc2_n7_mid3_d1000_05_mr098_r10_24_uai_GDCC_1e-05_n200_roTrue_s0: Loading data from ../models/synthetic/s123/random_mc2_n7_mid3_d1000_05_mr098_r10_24.csv
2026-02-06 13:16:05,638|INFO|random_mc2_n7_mid3_d1000_05_mr098_r10_24_uai_GDCC_1e-05_n200_roTrue_s0: PNS(V3,V2) exact: (0.0, 0.0745211048481239)
2026-02-06 13:16:05,706|INFO|random_mc2_n9_mid3_d1000_05_mr098_r10_116_uai_GDCC_1e-05_n200_roFalse_s0: Arguments: Namespace(method='GDCC_1e-05', numruns='200', seed='0', output='../results/synthetic/s123/', rewrite=True, removeoutliers=False, filepath=['../models/synthetic/s123/random_mc2_n9_mid3_d1000_05_mr098_r10_116.uai'])
2026-02-06 13:16:05,706|INFO|random_mc2_n9_mid3_d1000_05_mr098_r10_116_uai_GDCC_1e-05_n200_roFalse_s0: Loading model from ../models/synthetic/s123/random_mc2_n9_mid3_d1000_05_mr098_r10_116.uai
2026-02-06 13:16:05,730|INFO|random_mc2_n9_mid3_d1000_05_mr098_r10_116_uai_GDCC_1e-05_n200_roFalse_s0: Loading data from ../models/synthetic/s123/random_mc2_n9_mid3_d1000_05_mr098_r10_116.csv
2026-02-06 13:16:05,749|INFO|random_mc2_n9_mid3_d1000_05_mr098_r10_116_uai_GDCC_1e-05_n200_roFalse_s0: PNS(V2,V0) exact: (0.0201090016271876, 0.1746422034672741)
2026-02-06 13:16:05,798|INFO|random_mc2_n8_mid3_d1000_05_mr098_r10_1_uai_GDCC_1e-05_n200_roFalse_s0: Arguments: Namespace(method='GDCC_1e-05', numruns='200', seed='0', output='../results/synthetic/s123/', rewrite=True, removeoutliers=False, filepath=['../models/synthetic/s123/random_mc2_n8_mid3_d1000_05_mr098_r10_1.uai'])
2026-02-06 13:16:05,799|INFO|random_mc2_n8_mid3_d1000_05_mr098_r10_1_uai_GDCC_1e-05_n200_roFalse_s0: Loading model from ../models/synthetic/s123/random_mc2_n8_mid3_d1000_05_mr098_r10_1.uai
2026-02-06 13:16:05,827|INFO|random_mc2_n8_mid3_d1000_05_mr098_r10_1_uai_GDCC_1e-05_n200_roFalse_s0: Loading data from ../models/synthetic/s123/random_mc2_n8_mid3_d1000_05_mr098_r10_1.csv
2026-02-06 13:16:05,974|INFO|random_mc2_n5_mid3_d1000_05_mr098_r10_181_uai_GDCC_1e-05_n200_roTrue_s0: Arguments: Namespace(method='GDCC_1e-05', numruns='200', seed='0', output='../results/synthetic/s123/', rewrite=True, removeoutliers=True, filepath=['../models/synthetic/s123/random_mc2_n5_mid3_d1000_05_mr098_r10_181.uai'])
2026-02-06 13:16:05,974|INFO|random_mc2_n5_mid3_d1000_05_mr098_r10_181_uai_GDCC_1e-05_n200_roTrue_s0: Loading model from ../models/synthetic/s123/random_mc2_n5_mid3_d1000_05_mr098_r10_181.uai
2026-02-06 13:16:06,009|INFO|random_mc2_n5_mid3_d1000_05_mr098_r10_181_uai_GDCC_1e-05_n200_roTrue_s0: Loading data from ../models/synthetic/s123/random_mc2_n5_mid3_d1000_05_mr098_r10_181.csv
2026-02-06 13:16:06,198|INFO|random_mc2_n6_mid3_d1000_05_mr098_r10_116_uai_GDCC_1e-05_n200_roTrue_s0: Arguments: Namespace(method='GDCC_1e-05', numruns='200', seed='0', output='../results/synthetic/s123/', rewrite=True, removeoutliers=True, filepath=['../models/synthetic/s123/random_mc2_n6_mid3_d1000_05_mr098_r10_116.uai'])
2026-02-06 13:16:06,231|INFO|random_mc2_n5_mid3_d1000_05_mr098_r10_86_uai_GDCC_1e-05_n200_roFalse_s0: Arguments: Namespace(method='GDCC_1e-05', numruns='200', seed='0', output='../results/synthetic/s123/', rewrite=True, removeoutliers=False, filepath=['../models/synthetic/s123/random_mc2_n5_mid3_d1000_05_mr098_r10_86.uai'])
2026-02-06 13:16:06,198|INFO|random_mc2_n6_mid3_d1000_05_mr098_r10_116_uai_GDCC_1e-05_n200_roTrue_s0: Loading model from ../models/synthetic/s123/random_mc2_n6_mid3_d1000_05_mr098_r10_116.uai
2026-02-06 13:16:06,217|INFO|random_mc2_n6_mid3_d1000_05_mr098_r10_116_uai_GDCC_1e-05_n200_roTrue_s0: Loading data from ../models/synthetic/s123/random_mc2_n6_mid3_d1000_05_mr098_r10_116.csv
2026-02-06 13:16:06,240|INFO|random_mc2_n6_mid3_d1000_05_mr098_r10_116_uai_GDCC_1e-05_n200_roTrue_s0: PNS(V5,V1) exact: (0.0050404107, 0.1627079522999999)
2026-02-06 13:16:06,231|INFO|random_mc2_n5_mid3_d1000_05_mr098_r10_86_uai_GDCC_1e-05_n200_roFalse_s0: Loading model from ../models/synthetic/s123/random_mc2_n5_mid3_d1000_05_mr098_r10_86.uai
2026-02-06 13:16:06,246|INFO|random_mc2_n5_mid3_d1000_05_mr098_r10_86_uai_GDCC_1e-05_n200_roFalse_s0: Loading data from ../models/synthetic/s123/random_mc2_n5_mid3_d1000_05_mr098_r10_86.csv
2026-02-06 13:16:06,262|INFO|random_mc2_n5_mid3_d1000_05_mr098_r10_86_uai_GDCC_1e-05_n200_roFalse_s0: PNS(V3,V4) exact: (0.104073125, 0.2262469198)
2026-02-06 13:16:06,294|INFO|random_mc2_n7_mid3_d1000_05_mr098_r10_154_uai_GDCC_1e-05_n200_roFalse_s0: Arguments: Namespace(method='GDCC_1e-05', numruns='200', seed='0', output='../results/synthetic/s123/', rewrite=True, removeoutliers=False, filepath=['../models/synthetic/s123/random_mc2_n7_mid3_d1000_05_mr098_r10_154.uai'])
2026-02-06 13:16:06,298|INFO|random_mc2_n6_mid3_d1000_05_mr098_r10_18_uai_GDCC_1e-05_n200_roTrue_s0: Arguments: Namespace(method='GDCC_1e-05', numruns='200', seed='0', output='../results/synthetic/s123/', rewrite=True, removeoutliers=True, filepath=['../models/synthetic/s123/random_mc2_n6_mid3_d1000_05_mr098_r10_18.uai'])
2026-02-06 13:16:06,294|INFO|random_mc2_n7_mid3_d1000_05_mr098_r10_154_uai_GDCC_1e-05_n200_roFalse_s0: Loading model from ../models/synthetic/s123/random_mc2_n7_mid3_d1000_05_mr098_r10_154.uai
2026-02-06 13:16:06,310|INFO|random_mc2_n7_mid3_d1000_05_mr098_r10_154_uai_GDCC_1e-05_n200_roFalse_s0: Loading data from ../models/synthetic/s123/random_mc2_n7_mid3_d1000_05_mr098_r10_154.csv
2026-02-06 13:16:06,298|INFO|random_mc2_n6_mid3_d1000_05_mr098_r10_18_uai_GDCC_1e-05_n200_roTrue_s0: Loading model from ../models/synthetic/s123/random_mc2_n6_mid3_d1000_05_mr098_r10_18.uai
2026-02-06 13:16:06,316|INFO|random_mc2_n6_mid3_d1000_05_mr098_r10_18_uai_GDCC_1e-05_n200_roTrue_s0: Loading data from ../models/synthetic/s123/random_mc2_n6_mid3_d1000_05_mr098_r10_18.csv
2026-02-06 13:16:06,332|INFO|random_mc2_n6_mid3_d1000_05_mr098_r10_18_uai_GDCC_1e-05_n200_roTrue_s0: PNS(V3,V5) exact: (0.0, 0.0426073822)
2026-02-06 13:16:08,168|INFO|random_mc2_n5_mid3_d1000_05_mr098_r10_170_uai_GDCC_1e-05_n200_roTrue_s0: Arguments: Namespace(method='GDCC_1e-05', numruns='200', seed='0', output='../results/synthetic/s123/', rewrite=True, removeoutliers=True, filepath=['../models/synthetic/s123/random_mc2_n5_mid3_d1000_05_mr098_r10_170.uai'])
2026-02-06 13:16:08,169|INFO|random_mc2_n5_mid3_d1000_05_mr098_r10_170_uai_GDCC_1e-05_n200_roTrue_s0: Loading model from ../models/synthetic/s123/random_mc2_n5_mid3_d1000_05_mr098_r10_170.uai
2026-02-06 13:16:08,182|INFO|random_mc2_n5_mid3_d1000_05_mr098_r10_170_uai_GDCC_1e-05_n200_roTrue_s0: Loading data from ../models/synthetic/s123/random_mc2_n5_mid3_d1000_05_mr098_r10_170.csv
2026-02-06 13:16:08,372|INFO|random_mc2_n7_mid3_d1000_05_mr098_r10_195_uai_GDCC_1e-05_n200_roTrue_s0: Arguments: Namespace(method='GDCC_1e-05', numruns='200', seed='0', output='../results/synthetic/s123/', rewrite=True, removeoutliers=True, filepath=['../models/synthetic/s123/random_mc2_n7_mid3_d1000_05_mr098_r10_195.uai'])
2026-02-06 13:16:08,372|INFO|random_mc2_n7_mid3_d1000_05_mr098_r10_195_uai_GDCC_1e-05_n200_roTrue_s0: Loading model from ../models/synthetic/s123/random_mc2_n7_mid3_d1000_05_mr098_r10_195.uai
2026-02-06 13:16:08,394|INFO|random_mc2_n7_mid3_d1000_05_mr098_r10_195_uai_GDCC_1e-05_n200_roTrue_s0: Loading data from ../models/synthetic/s123/random_mc2_n7_mid3_d1000_05_mr098_r10_195.csv
2026-02-06 13:16:08,486|INFO|random_mc2_n5_mid3_d1000_05_mr098_r10_111_uai_GDCC_1e-05_n200_roTrue_s0: Arguments: Namespace(method='GDCC_1e-05', numruns='200', seed='0', output='../results/synthetic/s123/', rewrite=True, removeoutliers=True, filepath=['../models/synthetic/s123/random_mc2_n5_mid3_d1000_05_mr098_r10_111.uai'])
2026-02-06 13:16:08,486|INFO|random_mc2_n5_mid3_d1000_05_mr098_r10_111_uai_GDCC_1e-05_n200_roTrue_s0: Loading model from ../models/synthetic/s123/random_mc2_n5_mid3_d1000_05_mr098_r10_111.uai
2026-02-06 13:16:08,501|INFO|random_mc2_n5_mid3_d1000_05_mr098_r10_111_uai_GDCC_1e-05_n200_roTrue_s0: Loading data from ../models/synthetic/s123/random_mc2_n5_mid3_d1000_05_mr098_r10_111.csv
2026-02-06 13:16:08,685|INFO|random_mc2_n8_mid3_d1000_05_mr098_r10_12_uai_GDCC_1e-05_n200_roFalse_s0: Arguments: Namespace(method='GDCC_1e-05', numruns='200', seed='0', output='../results/synthetic/s123/', rewrite=True, removeoutliers=False, filepath=['../models/synthetic/s123/random_mc2_n8_mid3_d1000_05_mr098_r10_12.uai'])
2026-02-06 13:16:08,686|INFO|random_mc2_n8_mid3_d1000_05_mr098_r10_12_uai_GDCC_1e-05_n200_roFalse_s0: Loading model from ../models/synthetic/s123/random_mc2_n8_mid3_d1000_05_mr098_r10_12.uai
2026-02-06 13:16:08,703|INFO|random_mc2_n8_mid3_d1000_05_mr098_r10_12_uai_GDCC_1e-05_n200_roFalse_s0: Loading data from ../models/synthetic/s123/random_mc2_n8_mid3_d1000_05_mr098_r10_12.csv
2026-02-06 13:16:08,753|INFO|random_mc2_n5_mid3_d1000_05_mr098_r10_183_uai_GDCC_1e-05_n200_roFalse_s0: Arguments: Namespace(method='GDCC_1e-05', numruns='200', seed='0', output='../results/synthetic/s123/', rewrite=True, removeoutliers=False, filepath=['../models/synthetic/s123/random_mc2_n5_mid3_d1000_05_mr098_r10_183.uai'])
2026-02-06 13:16:08,789|INFO|random_mc2_n5_mid3_d1000_05_mr098_r10_179_uai_GDCC_1e-05_n200_roTrue_s0: Arguments: Namespace(method='GDCC_1e-05', numruns='200', seed='0', output='../results/synthetic/s123/', rewrite=True, removeoutliers=True, filepath=['../models/synthetic/s123/random_mc2_n5_mid3_d1000_05_mr098_r10_179.uai'])
2026-02-06 13:16:08,753|INFO|random_mc2_n5_mid3_d1000_05_mr098_r10_183_uai_GDCC_1e-05_n200_roFalse_s0: Loading model from ../models/synthetic/s123/random_mc2_n5_mid3_d1000_05_mr098_r10_183.uai
2026-02-06 13:16:08,768|INFO|random_mc2_n5_mid3_d1000_05_mr098_r10_183_uai_GDCC_1e-05_n200_roFalse_s0: Loading data from ../models/synthetic/s123/random_mc2_n5_mid3_d1000_05_mr098_r10_183.csv
2026-02-06 13:16:08,783|INFO|random_mc2_n5_mid3_d1000_05_mr098_r10_183_uai_GDCC_1e-05_n200_roFalse_s0: PNS(V0,V4) exact: (0.346001198451296, 0.346001198451296)
2026-02-06 13:16:08,789|INFO|random_mc2_n5_mid3_d1000_05_mr098_r10_179_uai_GDCC_1e-05_n200_roTrue_s0: Loading model from ../models/synthetic/s123/random_mc2_n5_mid3_d1000_05_mr098_r10_179.uai
2026-02-06 13:16:08,799|INFO|random_mc2_n5_mid3_d1000_05_mr098_r10_179_uai_GDCC_1e-05_n200_roTrue_s0: Loading data from ../models/synthetic/s123/random_mc2_n5_mid3_d1000_05_mr098_r10_179.csv
2026-02-06 13:16:08,818|INFO|random_mc2_n5_mid3_d1000_05_mr098_r10_179_uai_GDCC_1e-05_n200_roTrue_s0: PNS(V2,V4) exact: (0.00847, 0.3191)
2026-02-06 13:16:08,919|INFO|random_mc2_n8_mid3_d1000_05_mr098_r10_134_uai_GDCC_1e-05_n200_roTrue_s0: Arguments: Namespace(method='GDCC_1e-05', numruns='200', seed='0', output='../results/synthetic/s123/', rewrite=True, removeoutliers=True, filepath=['../models/synthetic/s123/random_mc2_n8_mid3_d1000_05_mr098_r10_134.uai'])
2026-02-06 13:16:08,947|INFO|random_mc2_n6_mid3_d1000_05_mr098_r10_72_uai_GDCC_1e-05_n200_roTrue_s0: Arguments: Namespace(method='GDCC_1e-05', numruns='200', seed='0', output='../results/synthetic/s123/', rewrite=True, removeoutliers=True, filepath=['../models/synthetic/s123/random_mc2_n6_mid3_d1000_05_mr098_r10_72.uai'])
2026-02-06 13:16:08,920|INFO|random_mc2_n8_mid3_d1000_05_mr098_r10_134_uai_GDCC_1e-05_n200_roTrue_s0: Loading model from ../models/synthetic/s123/random_mc2_n8_mid3_d1000_05_mr098_r10_134.uai
2026-02-06 13:16:08,947|INFO|random_mc2_n6_mid3_d1000_05_mr098_r10_72_uai_GDCC_1e-05_n200_roTrue_s0: Loading model from ../models/synthetic/s123/random_mc2_n6_mid3_d1000_05_mr098_r10_72.uai
2026-02-06 13:16:08,961|INFO|random_mc2_n6_mid3_d1000_05_mr098_r10_72_uai_GDCC_1e-05_n200_roTrue_s0: Loading data from ../models/synthetic/s123/random_mc2_n6_mid3_d1000_05_mr098_r10_72.csv
2026-02-06 13:16:08,976|INFO|random_mc2_n6_mid3_d1000_05_mr098_r10_72_uai_GDCC_1e-05_n200_roTrue_s0: PNS(V1,V5) exact: (0.0139420482, 0.0995220407)
2026-02-06 13:16:09,376|INFO|random_mc2_n8_mid3_d1000_05_mr098_r10_134_uai_GDCC_1e-05_n200_roTrue_s0: Loading data from ../models/synthetic/s123/random_mc2_n8_mid3_d1000_05_mr098_r10_134.csv
2026-02-06 13:16:11,625|INFO|random_mc2_n7_mid3_d1000_05_mr098_r10_93_uai_GDCC_1e-05_n200_roFalse_s0: Arguments: Namespace(method='GDCC_1e-05', numruns='200', seed='0', output='../results/synthetic/s123/', rewrite=True, removeoutliers=False, filepath=['../models/synthetic/s123/random_mc2_n7_mid3_d1000_05_mr098_r10_93.uai'])
2026-02-06 13:16:11,626|INFO|random_mc2_n7_mid3_d1000_05_mr098_r10_93_uai_GDCC_1e-05_n200_roFalse_s0: Loading model from ../models/synthetic/s123/random_mc2_n7_mid3_d1000_05_mr098_r10_93.uai
2026-02-06 13:16:11,633|INFO|random_mc2_n7_mid3_d1000_05_mr098_r10_93_uai_GDCC_1e-05_n200_roFalse_s0: Loading data from ../models/synthetic/s123/random_mc2_n7_mid3_d1000_05_mr098_r10_93.csv
2026-02-06 13:16:12,227|INFO|random_mc2_n8_mid3_d1000_05_mr098_r10_76_uai_GDCC_1e-05_n200_roFalse_s0: Arguments: Namespace(method='GDCC_1e-05', numruns='200', seed='0', output='../results/synthetic/s123/', rewrite=True, removeoutliers=False, filepath=['../models/synthetic/s123/random_mc2_n8_mid3_d1000_05_mr098_r10_76.uai'])
2026-02-06 13:16:12,230|INFO|random_mc2_n7_mid3_d1000_05_mr098_r10_9_uai_GDCC_1e-05_n200_roFalse_s0: Arguments: Namespace(method='GDCC_1e-05', numruns='200', seed='0', output='../results/synthetic/s123/', rewrite=True, removeoutliers=False, filepath=['../models/synthetic/s123/random_mc2_n7_mid3_d1000_05_mr098_r10_9.uai'])
2026-02-06 13:16:12,227|INFO|random_mc2_n8_mid3_d1000_05_mr098_r10_76_uai_GDCC_1e-05_n200_roFalse_s0: Loading model from ../models/synthetic/s123/random_mc2_n8_mid3_d1000_05_mr098_r10_76.uai
2026-02-06 13:16:12,230|INFO|random_mc2_n7_mid3_d1000_05_mr098_r10_9_uai_GDCC_1e-05_n200_roFalse_s0: Loading model from ../models/synthetic/s123/random_mc2_n7_mid3_d1000_05_mr098_r10_9.uai
2026-02-06 13:16:12,245|INFO|random_mc2_n8_mid3_d1000_05_mr098_r10_76_uai_GDCC_1e-05_n200_roFalse_s0: Loading data from ../models/synthetic/s123/random_mc2_n8_mid3_d1000_05_mr098_r10_76.csv
2026-02-06 13:16:12,251|INFO|random_mc2_n7_mid3_d1000_05_mr098_r10_9_uai_GDCC_1e-05_n200_roFalse_s0: Loading data from ../models/synthetic/s123/random_mc2_n7_mid3_d1000_05_mr098_r10_9.csv
2026-02-06 13:16:12,267|INFO|random_mc2_n7_mid3_d1000_05_mr098_r10_9_uai_GDCC_1e-05_n200_roFalse_s0: PNS(V2,V3) exact: (0.034282230913595, 0.271965748446975)
2026-02-06 13:16:12,264|INFO|random_mc2_n8_mid3_d1000_05_mr098_r10_76_uai_GDCC_1e-05_n200_roFalse_s0: PNS(V5,V4) exact: (0.400195964582856, 0.4868895953108599)
2026-02-06 13:16:12,358|INFO|random_mc2_n5_mid3_d1000_05_mr098_r10_193_uai_GDCC_1e-05_n200_roFalse_s0: Arguments: Namespace(method='GDCC_1e-05', numruns='200', seed='0', output='../results/synthetic/s123/', rewrite=True, removeoutliers=False, filepath=['../models/synthetic/s123/random_mc2_n5_mid3_d1000_05_mr098_r10_193.uai'])
2026-02-06 13:16:12,372|INFO|random_mc2_n6_mid3_d1000_05_mr098_r10_151_uai_GDCC_1e-05_n200_roFalse_s0: Arguments: Namespace(method='GDCC_1e-05', numruns='200', seed='0', output='../results/synthetic/s123/', rewrite=True, removeoutliers=False, filepath=['../models/synthetic/s123/random_mc2_n6_mid3_d1000_05_mr098_r10_151.uai'])
2026-02-06 13:16:12,358|INFO|random_mc2_n5_mid3_d1000_05_mr098_r10_193_uai_GDCC_1e-05_n200_roFalse_s0: Loading model from ../models/synthetic/s123/random_mc2_n5_mid3_d1000_05_mr098_r10_193.uai
2026-02-06 13:16:12,373|INFO|random_mc2_n5_mid3_d1000_05_mr098_r10_193_uai_GDCC_1e-05_n200_roFalse_s0: Loading data from ../models/synthetic/s123/random_mc2_n5_mid3_d1000_05_mr098_r10_193.csv
2026-02-06 13:16:12,372|INFO|random_mc2_n6_mid3_d1000_05_mr098_r10_151_uai_GDCC_1e-05_n200_roFalse_s0: Loading model from ../models/synthetic/s123/random_mc2_n6_mid3_d1000_05_mr098_r10_151.uai
2026-02-06 13:16:12,612|INFO|random_mc2_n6_mid3_d1000_05_mr098_r10_151_uai_GDCC_1e-05_n200_roFalse_s0: Loading data from ../models/synthetic/s123/random_mc2_n6_mid3_d1000_05_mr098_r10_151.csv
2026-02-06 13:16:14,501|INFO|random_mc2_n5_mid3_d1000_05_mr098_r10_198_uai_GDCC_1e-05_n200_roTrue_s0: Arguments: Namespace(method='GDCC_1e-05', numruns='200', seed='0', output='../results/synthetic/s123/', rewrite=True, removeoutliers=True, filepath=['../models/synthetic/s123/random_mc2_n5_mid3_d1000_05_mr098_r10_198.uai'])
2026-02-06 13:16:14,509|INFO|random_mc2_n6_mid3_d1000_05_mr098_r10_82_uai_GDCC_1e-05_n200_roFalse_s0: Arguments: Namespace(method='GDCC_1e-05', numruns='200', seed='0', output='../results/synthetic/s123/', rewrite=True, removeoutliers=False, filepath=['../models/synthetic/s123/random_mc2_n6_mid3_d1000_05_mr098_r10_82.uai'])
2026-02-06 13:16:14,502|INFO|random_mc2_n5_mid3_d1000_05_mr098_r10_198_uai_GDCC_1e-05_n200_roTrue_s0: Loading model from ../models/synthetic/s123/random_mc2_n5_mid3_d1000_05_mr098_r10_198.uai
2026-02-06 13:16:14,511|INFO|random_mc2_n5_mid3_d1000_05_mr098_r10_198_uai_GDCC_1e-05_n200_roTrue_s0: Loading data from ../models/synthetic/s123/random_mc2_n5_mid3_d1000_05_mr098_r10_198.csv
2026-02-06 13:16:14,536|INFO|random_mc2_n5_mid3_d1000_05_mr098_r10_198_uai_GDCC_1e-05_n200_roTrue_s0: PNS(V1,V2) exact: (0.0023041834999999, 0.0397455824)
2026-02-06 13:16:14,509|INFO|random_mc2_n6_mid3_d1000_05_mr098_r10_82_uai_GDCC_1e-05_n200_roFalse_s0: Loading model from ../models/synthetic/s123/random_mc2_n6_mid3_d1000_05_mr098_r10_82.uai
2026-02-06 13:16:14,527|INFO|random_mc2_n6_mid3_d1000_05_mr098_r10_82_uai_GDCC_1e-05_n200_roFalse_s0: Loading data from ../models/synthetic/s123/random_mc2_n6_mid3_d1000_05_mr098_r10_82.csv
2026-02-06 13:16:17,497|INFO|random_mc2_n5_mid3_d1000_05_mr098_r10_150_uai_GDCC_1e-05_n200_roFalse_s0: Arguments: Namespace(method='GDCC_1e-05', numruns='200', seed='0', output='../results/synthetic/s123/', rewrite=True, removeoutliers=False, filepath=['../models/synthetic/s123/random_mc2_n5_mid3_d1000_05_mr098_r10_150.uai'])
2026-02-06 13:16:17,498|INFO|random_mc2_n5_mid3_d1000_05_mr098_r10_122_uai_GDCC_1e-05_n200_roTrue_s0: Arguments: Namespace(method='GDCC_1e-05', numruns='200', seed='0', output='../results/synthetic/s123/', rewrite=True, removeoutliers=True, filepath=['../models/synthetic/s123/random_mc2_n5_mid3_d1000_05_mr098_r10_122.uai'])
2026-02-06 13:16:17,523|INFO|random_mc2_n5_mid3_d1000_05_mr098_r10_138_uai_GDCC_1e-05_n200_roFalse_s0: Arguments: Namespace(method='GDCC_1e-05', numruns='200', seed='0', output='../results/synthetic/s123/', rewrite=True, removeoutliers=False, filepath=['../models/synthetic/s123/random_mc2_n5_mid3_d1000_05_mr098_r10_138.uai'])
2026-02-06 13:16:17,498|INFO|random_mc2_n5_mid3_d1000_05_mr098_r10_150_uai_GDCC_1e-05_n200_roFalse_s0: Loading model from ../models/synthetic/s123/random_mc2_n5_mid3_d1000_05_mr098_r10_150.uai
2026-02-06 13:16:17,525|INFO|random_mc2_n5_mid3_d1000_05_mr098_r10_150_uai_GDCC_1e-05_n200_roFalse_s0: Loading data from ../models/synthetic/s123/random_mc2_n5_mid3_d1000_05_mr098_r10_150.csv
2026-02-06 13:16:17,498|INFO|random_mc2_n5_mid3_d1000_05_mr098_r10_122_uai_GDCC_1e-05_n200_roTrue_s0: Loading model from ../models/synthetic/s123/random_mc2_n5_mid3_d1000_05_mr098_r10_122.uai
2026-02-06 13:16:17,519|INFO|random_mc2_n5_mid3_d1000_05_mr098_r10_122_uai_GDCC_1e-05_n200_roTrue_s0: Loading data from ../models/synthetic/s123/random_mc2_n5_mid3_d1000_05_mr098_r10_122.csv
2026-02-06 13:16:17,540|INFO|random_mc2_n5_mid3_d1000_05_mr098_r10_122_uai_GDCC_1e-05_n200_roTrue_s0: PNS(V0,V3) exact: (0.0, 0.30162)
2026-02-06 13:16:17,553|INFO|random_mc2_n8_mid3_d1000_05_mr098_r10_191_uai_GDCC_1e-05_n200_roTrue_s0: Arguments: Namespace(method='GDCC_1e-05', numruns='200', seed='0', output='../results/synthetic/s123/', rewrite=True, removeoutliers=True, filepath=['../models/synthetic/s123/random_mc2_n8_mid3_d1000_05_mr098_r10_191.uai'])
2026-02-06 13:16:17,523|INFO|random_mc2_n5_mid3_d1000_05_mr098_r10_138_uai_GDCC_1e-05_n200_roFalse_s0: Loading model from ../models/synthetic/s123/random_mc2_n5_mid3_d1000_05_mr098_r10_138.uai
2026-02-06 13:16:17,545|INFO|random_mc2_n5_mid3_d1000_05_mr098_r10_138_uai_GDCC_1e-05_n200_roFalse_s0: Loading data from ../models/synthetic/s123/random_mc2_n5_mid3_d1000_05_mr098_r10_138.csv
2026-02-06 13:16:17,563|INFO|random_mc2_n5_mid3_d1000_05_mr098_r10_138_uai_GDCC_1e-05_n200_roFalse_s0: PNS(V4,V0) exact: (0.01751032725, 0.049784487675)
2026-02-06 13:16:17,567|INFO|random_mc2_n9_mid3_d1000_05_mr098_r10_107_uai_GDCC_1e-05_n200_roTrue_s0: Arguments: Namespace(method='GDCC_1e-05', numruns='200', seed='0', output='../results/synthetic/s123/', rewrite=True, removeoutliers=True, filepath=['../models/synthetic/s123/random_mc2_n9_mid3_d1000_05_mr098_r10_107.uai'])
2026-02-06 13:16:17,578|INFO|random_mc2_n6_mid3_d1000_05_mr098_r10_44_uai_GDCC_1e-05_n200_roTrue_s0: Arguments: Namespace(method='GDCC_1e-05', numruns='200', seed='0', output='../results/synthetic/s123/', rewrite=True, removeoutliers=True, filepath=['../models/synthetic/s123/random_mc2_n6_mid3_d1000_05_mr098_r10_44.uai'])
2026-02-06 13:16:17,553|INFO|random_mc2_n8_mid3_d1000_05_mr098_r10_191_uai_GDCC_1e-05_n200_roTrue_s0: Loading model from ../models/synthetic/s123/random_mc2_n8_mid3_d1000_05_mr098_r10_191.uai
2026-02-06 13:16:17,587|INFO|random_mc2_n8_mid3_d1000_05_mr098_r10_191_uai_GDCC_1e-05_n200_roTrue_s0: Loading data from ../models/synthetic/s123/random_mc2_n8_mid3_d1000_05_mr098_r10_191.csv
2026-02-06 13:16:17,602|INFO|random_mc2_n8_mid3_d1000_05_mr098_r10_48_uai_GDCC_1e-05_n200_roTrue_s0: Arguments: Namespace(method='GDCC_1e-05', numruns='200', seed='0', output='../results/synthetic/s123/', rewrite=True, removeoutliers=True, filepath=['../models/synthetic/s123/random_mc2_n8_mid3_d1000_05_mr098_r10_48.uai'])
2026-02-06 13:16:17,605|INFO|random_mc2_n8_mid3_d1000_05_mr098_r10_191_uai_GDCC_1e-05_n200_roTrue_s0: PNS(V0,V7) exact: (0.2271504888, 0.2985032774)
2026-02-06 13:16:17,567|INFO|random_mc2_n9_mid3_d1000_05_mr098_r10_107_uai_GDCC_1e-05_n200_roTrue_s0: Loading model from ../models/synthetic/s123/random_mc2_n9_mid3_d1000_05_mr098_r10_107.uai
2026-02-06 13:16:17,578|INFO|random_mc2_n6_mid3_d1000_05_mr098_r10_44_uai_GDCC_1e-05_n200_roTrue_s0: Loading model from ../models/synthetic/s123/random_mc2_n6_mid3_d1000_05_mr098_r10_44.uai
2026-02-06 13:16:17,592|INFO|random_mc2_n6_mid3_d1000_05_mr098_r10_44_uai_GDCC_1e-05_n200_roTrue_s0: Loading data from ../models/synthetic/s123/random_mc2_n6_mid3_d1000_05_mr098_r10_44.csv
2026-02-06 13:16:17,607|INFO|random_mc2_n6_mid3_d1000_05_mr098_r10_44_uai_GDCC_1e-05_n200_roTrue_s0: PNS(V3,V5) exact: (0.0558153164, 0.3842657125)
2026-02-06 13:16:17,602|INFO|random_mc2_n8_mid3_d1000_05_mr098_r10_48_uai_GDCC_1e-05_n200_roTrue_s0: Loading model from ../models/synthetic/s123/random_mc2_n8_mid3_d1000_05_mr098_r10_48.uai
2026-02-06 13:16:17,623|INFO|random_mc2_n8_mid3_d1000_05_mr098_r10_48_uai_GDCC_1e-05_n200_roTrue_s0: Loading data from ../models/synthetic/s123/random_mc2_n8_mid3_d1000_05_mr098_r10_48.csv
2026-02-06 13:16:17,646|INFO|random_mc2_n8_mid3_d1000_05_mr098_r10_48_uai_GDCC_1e-05_n200_roTrue_s0: PNS(V3,V0) exact: (0.1524285448463559, 0.220079197754316)
2026-02-06 13:16:18,006|INFO|random_mc2_n9_mid3_d1000_05_mr098_r10_107_uai_GDCC_1e-05_n200_roTrue_s0: Loading data from ../models/synthetic/s123/random_mc2_n9_mid3_d1000_05_mr098_r10_107.csv
2026-02-06 13:16:19,231|INFO|random_mc2_n5_mid3_d1000_05_mr098_r10_85_uai_GDCC_1e-05_n200_roFalse_s0: Arguments: Namespace(method='GDCC_1e-05', numruns='200', seed='0', output='../results/synthetic/s123/', rewrite=True, removeoutliers=False, filepath=['../models/synthetic/s123/random_mc2_n5_mid3_d1000_05_mr098_r10_85.uai'])
2026-02-06 13:16:19,255|INFO|random_mc2_n6_mid3_d1000_05_mr098_r10_158_uai_GDCC_1e-05_n200_roFalse_s0: Arguments: Namespace(method='GDCC_1e-05', numruns='200', seed='0', output='../results/synthetic/s123/', rewrite=True, removeoutliers=False, filepath=['../models/synthetic/s123/random_mc2_n6_mid3_d1000_05_mr098_r10_158.uai'])
2026-02-06 13:16:19,231|INFO|random_mc2_n5_mid3_d1000_05_mr098_r10_85_uai_GDCC_1e-05_n200_roFalse_s0: Loading model from ../models/synthetic/s123/random_mc2_n5_mid3_d1000_05_mr098_r10_85.uai
2026-02-06 13:16:19,253|INFO|random_mc2_n5_mid3_d1000_05_mr098_r10_85_uai_GDCC_1e-05_n200_roFalse_s0: Loading data from ../models/synthetic/s123/random_mc2_n5_mid3_d1000_05_mr098_r10_85.csv
2026-02-06 13:16:19,255|INFO|random_mc2_n6_mid3_d1000_05_mr098_r10_158_uai_GDCC_1e-05_n200_roFalse_s0: Loading model from ../models/synthetic/s123/random_mc2_n6_mid3_d1000_05_mr098_r10_158.uai
2026-02-06 13:16:19,267|INFO|random_mc2_n6_mid3_d1000_05_mr098_r10_158_uai_GDCC_1e-05_n200_roFalse_s0: Loading data from ../models/synthetic/s123/random_mc2_n6_mid3_d1000_05_mr098_r10_158.csv
2026-02-06 13:16:19,284|INFO|random_mc2_n6_mid3_d1000_05_mr098_r10_158_uai_GDCC_1e-05_n200_roFalse_s0: PNS(V3,V5) exact: (8.867665431e-05, 0.009532690396884)
2026-02-06 13:16:20,880|INFO|random_mc2_n9_mid3_d1000_05_mr098_r10_146_uai_GDCC_1e-05_n200_roTrue_s0: Arguments: Namespace(method='GDCC_1e-05', numruns='200', seed='0', output='../results/synthetic/s123/', rewrite=True, removeoutliers=True, filepath=['../models/synthetic/s123/random_mc2_n9_mid3_d1000_05_mr098_r10_146.uai'])
2026-02-06 13:16:20,881|INFO|random_mc2_n6_mid3_d1000_05_mr098_r10_186_uai_GDCC_1e-05_n200_roFalse_s0: Arguments: Namespace(method='GDCC_1e-05', numruns='200', seed='0', output='../results/synthetic/s123/', rewrite=True, removeoutliers=False, filepath=['../models/synthetic/s123/random_mc2_n6_mid3_d1000_05_mr098_r10_186.uai'])
2026-02-06 13:16:20,892|INFO|random_mc2_n5_mid3_d1000_05_mr098_r10_152_uai_GDCC_1e-05_n200_roTrue_s0: Arguments: Namespace(method='GDCC_1e-05', numruns='200', seed='0', output='../results/synthetic/s123/', rewrite=True, removeoutliers=True, filepath=['../models/synthetic/s123/random_mc2_n5_mid3_d1000_05_mr098_r10_152.uai'])
2026-02-06 13:16:20,880|INFO|random_mc2_n9_mid3_d1000_05_mr098_r10_146_uai_GDCC_1e-05_n200_roTrue_s0: Loading model from ../models/synthetic/s123/random_mc2_n9_mid3_d1000_05_mr098_r10_146.uai
2026-02-06 13:16:20,919|INFO|random_mc2_n9_mid3_d1000_05_mr098_r10_146_uai_GDCC_1e-05_n200_roTrue_s0: Loading data from ../models/synthetic/s123/random_mc2_n9_mid3_d1000_05_mr098_r10_146.csv
2026-02-06 13:16:20,881|INFO|random_mc2_n6_mid3_d1000_05_mr098_r10_186_uai_GDCC_1e-05_n200_roFalse_s0: Loading model from ../models/synthetic/s123/random_mc2_n6_mid3_d1000_05_mr098_r10_186.uai
2026-02-06 13:16:20,916|INFO|random_mc2_n6_mid3_d1000_05_mr098_r10_186_uai_GDCC_1e-05_n200_roFalse_s0: Loading data from ../models/synthetic/s123/random_mc2_n6_mid3_d1000_05_mr098_r10_186.csv
2026-02-06 13:16:20,892|INFO|random_mc2_n5_mid3_d1000_05_mr098_r10_152_uai_GDCC_1e-05_n200_roTrue_s0: Loading model from ../models/synthetic/s123/random_mc2_n5_mid3_d1000_05_mr098_r10_152.uai
2026-02-06 13:16:20,904|INFO|random_mc2_n5_mid3_d1000_05_mr098_r10_152_uai_GDCC_1e-05_n200_roTrue_s0: Loading data from ../models/synthetic/s123/random_mc2_n5_mid3_d1000_05_mr098_r10_152.csv
2026-02-06 13:16:21,985|INFO|random_mc2_n5_mid3_d1000_05_mr098_r10_18_uai_GDCC_1e-05_n200_roFalse_s0: Arguments: Namespace(method='GDCC_1e-05', numruns='200', seed='0', output='../results/synthetic/s123/', rewrite=True, removeoutliers=False, filepath=['../models/synthetic/s123/random_mc2_n5_mid3_d1000_05_mr098_r10_18.uai'])
2026-02-06 13:16:21,985|INFO|random_mc2_n5_mid3_d1000_05_mr098_r10_18_uai_GDCC_1e-05_n200_roFalse_s0: Loading model from ../models/synthetic/s123/random_mc2_n5_mid3_d1000_05_mr098_r10_18.uai
2026-02-06 13:16:21,998|INFO|random_mc2_n5_mid3_d1000_05_mr098_r10_18_uai_GDCC_1e-05_n200_roFalse_s0: Loading data from ../models/synthetic/s123/random_mc2_n5_mid3_d1000_05_mr098_r10_18.csv
2026-02-06 13:16:22,009|INFO|random_mc2_n5_mid3_d1000_05_mr098_r10_18_uai_GDCC_1e-05_n200_roFalse_s0: PNS(V1,V3) exact: (0.3568015083512, 0.5052594691711998)
2026-02-06 13:16:23,363|INFO|random_mc2_n5_mid3_d1000_05_mr098_r10_95_uai_GDCC_1e-05_n200_roTrue_s0: Arguments: Namespace(method='GDCC_1e-05', numruns='200', seed='0', output='../results/synthetic/s123/', rewrite=True, removeoutliers=True, filepath=['../models/synthetic/s123/random_mc2_n5_mid3_d1000_05_mr098_r10_95.uai'])
2026-02-06 13:16:23,365|INFO|random_mc2_n5_mid3_d1000_05_mr098_r10_171_uai_GDCC_1e-05_n200_roFalse_s0: Arguments: Namespace(method='GDCC_1e-05', numruns='200', seed='0', output='../results/synthetic/s123/', rewrite=True, removeoutliers=False, filepath=['../models/synthetic/s123/random_mc2_n5_mid3_d1000_05_mr098_r10_171.uai'])
2026-02-06 13:16:23,363|INFO|random_mc2_n5_mid3_d1000_05_mr098_r10_95_uai_GDCC_1e-05_n200_roTrue_s0: Loading model from ../models/synthetic/s123/random_mc2_n5_mid3_d1000_05_mr098_r10_95.uai
2026-02-06 13:16:23,382|INFO|random_mc2_n5_mid3_d1000_05_mr098_r10_95_uai_GDCC_1e-05_n200_roTrue_s0: Loading data from ../models/synthetic/s123/random_mc2_n5_mid3_d1000_05_mr098_r10_95.csv
2026-02-06 13:16:23,399|INFO|random_mc2_n5_mid3_d1000_05_mr098_r10_95_uai_GDCC_1e-05_n200_roTrue_s0: PNS(V2,V3) exact: (0.0, 0.0190074356112)
2026-02-06 13:16:23,365|INFO|random_mc2_n5_mid3_d1000_05_mr098_r10_171_uai_GDCC_1e-05_n200_roFalse_s0: Loading model from ../models/synthetic/s123/random_mc2_n5_mid3_d1000_05_mr098_r10_171.uai
2026-02-06 13:16:23,380|INFO|random_mc2_n5_mid3_d1000_05_mr098_r10_171_uai_GDCC_1e-05_n200_roFalse_s0: Loading data from ../models/synthetic/s123/random_mc2_n5_mid3_d1000_05_mr098_r10_171.csv
2026-02-06 13:16:23,399|INFO|random_mc2_n5_mid3_d1000_05_mr098_r10_171_uai_GDCC_1e-05_n200_roFalse_s0: PNS(V1,V3) exact: (0.1863474158, 0.2259063265)
2026-02-06 13:16:25,914|INFO|random_mc2_n5_mid3_d1000_05_mr098_r10_77_uai_GDCC_1e-05_n200_roFalse_s0: Arguments: Namespace(method='GDCC_1e-05', numruns='200', seed='0', output='../results/synthetic/s123/', rewrite=True, removeoutliers=False, filepath=['../models/synthetic/s123/random_mc2_n5_mid3_d1000_05_mr098_r10_77.uai'])
2026-02-06 13:16:25,914|INFO|random_mc2_n5_mid3_d1000_05_mr098_r10_77_uai_GDCC_1e-05_n200_roFalse_s0: Loading model from ../models/synthetic/s123/random_mc2_n5_mid3_d1000_05_mr098_r10_77.uai
2026-02-06 13:16:25,931|INFO|random_mc2_n5_mid3_d1000_05_mr098_r10_77_uai_GDCC_1e-05_n200_roFalse_s0: Loading data from ../models/synthetic/s123/random_mc2_n5_mid3_d1000_05_mr098_r10_77.csv
2026-02-06 13:16:25,956|INFO|random_mc2_n5_mid3_d1000_05_mr098_r10_77_uai_GDCC_1e-05_n200_roFalse_s0: PNS(V0,V4) exact: (0.0008196438446000002, 0.0193377889897999)
2026-02-06 13:16:26,002|INFO|random_mc2_n7_mid3_d1000_05_mr098_r10_170_uai_GDCC_1e-05_n200_roTrue_s0: Arguments: Namespace(method='GDCC_1e-05', numruns='200', seed='0', output='../results/synthetic/s123/', rewrite=True, removeoutliers=True, filepath=['../models/synthetic/s123/random_mc2_n7_mid3_d1000_05_mr098_r10_170.uai'])
2026-02-06 13:16:26,034|INFO|random_mc2_n5_mid3_d1000_05_mr098_r10_78_uai_GDCC_1e-05_n200_roFalse_s0: Arguments: Namespace(method='GDCC_1e-05', numruns='200', seed='0', output='../results/synthetic/s123/', rewrite=True, removeoutliers=False, filepath=['../models/synthetic/s123/random_mc2_n5_mid3_d1000_05_mr098_r10_78.uai'])
2026-02-06 13:16:26,003|INFO|random_mc2_n7_mid3_d1000_05_mr098_r10_170_uai_GDCC_1e-05_n200_roTrue_s0: Loading model from ../models/synthetic/s123/random_mc2_n7_mid3_d1000_05_mr098_r10_170.uai
2026-02-06 13:16:26,017|INFO|random_mc2_n7_mid3_d1000_05_mr098_r10_170_uai_GDCC_1e-05_n200_roTrue_s0: Loading data from ../models/synthetic/s123/random_mc2_n7_mid3_d1000_05_mr098_r10_170.csv
2026-02-06 13:16:26,032|INFO|random_mc2_n7_mid3_d1000_05_mr098_r10_170_uai_GDCC_1e-05_n200_roTrue_s0: PNS(V1,V3) exact: (0.0061237, 0.1216942)
2026-02-06 13:16:26,034|INFO|random_mc2_n5_mid3_d1000_05_mr098_r10_78_uai_GDCC_1e-05_n200_roFalse_s0: Loading model from ../models/synthetic/s123/random_mc2_n5_mid3_d1000_05_mr098_r10_78.uai
2026-02-06 13:16:26,043|INFO|random_mc2_n5_mid3_d1000_05_mr098_r10_78_uai_GDCC_1e-05_n200_roFalse_s0: Loading data from ../models/synthetic/s123/random_mc2_n5_mid3_d1000_05_mr098_r10_78.csv
2026-02-06 13:16:26,059|INFO|random_mc2_n5_mid3_d1000_05_mr098_r10_78_uai_GDCC_1e-05_n200_roFalse_s0: PNS(V0,V2) exact: (0.163, 0.163)
2026-02-06 13:16:27,649|INFO|random_mc2_n5_mid3_d1000_05_mr098_r10_71_uai_GDCC_1e-05_n200_roTrue_s0: Arguments: Namespace(method='GDCC_1e-05', numruns='200', seed='0', output='../results/synthetic/s123/', rewrite=True, removeoutliers=True, filepath=['../models/synthetic/s123/random_mc2_n5_mid3_d1000_05_mr098_r10_71.uai'])
2026-02-06 13:16:27,652|INFO|random_mc2_n6_mid3_d1000_05_mr098_r10_151_uai_GDCC_1e-05_n200_roTrue_s0: Arguments: Namespace(method='GDCC_1e-05', numruns='200', seed='0', output='../results/synthetic/s123/', rewrite=True, removeoutliers=True, filepath=['../models/synthetic/s123/random_mc2_n6_mid3_d1000_05_mr098_r10_151.uai'])
2026-02-06 13:16:27,649|INFO|random_mc2_n5_mid3_d1000_05_mr098_r10_71_uai_GDCC_1e-05_n200_roTrue_s0: Loading model from ../models/synthetic/s123/random_mc2_n5_mid3_d1000_05_mr098_r10_71.uai
2026-02-06 13:16:27,660|INFO|random_mc2_n5_mid3_d1000_05_mr098_r10_71_uai_GDCC_1e-05_n200_roTrue_s0: Loading data from ../models/synthetic/s123/random_mc2_n5_mid3_d1000_05_mr098_r10_71.csv
2026-02-06 13:16:27,652|INFO|random_mc2_n6_mid3_d1000_05_mr098_r10_151_uai_GDCC_1e-05_n200_roTrue_s0: Loading model from ../models/synthetic/s123/random_mc2_n6_mid3_d1000_05_mr098_r10_151.uai
2026-02-06 13:16:27,676|INFO|random_mc2_n5_mid3_d1000_05_mr098_r10_71_uai_GDCC_1e-05_n200_roTrue_s0: PNS(V1,V0) exact: (0.0, 0.0786183533)
2026-02-06 13:16:27,701|INFO|random_mc2_n5_mid3_d1000_05_mr098_r10_131_uai_GDCC_1e-05_n200_roFalse_s0: Arguments: Namespace(method='GDCC_1e-05', numruns='200', seed='0', output='../results/synthetic/s123/', rewrite=True, removeoutliers=False, filepath=['../models/synthetic/s123/random_mc2_n5_mid3_d1000_05_mr098_r10_131.uai'])
2026-02-06 13:16:27,701|INFO|random_mc2_n5_mid3_d1000_05_mr098_r10_131_uai_GDCC_1e-05_n200_roFalse_s0: Loading model from ../models/synthetic/s123/random_mc2_n5_mid3_d1000_05_mr098_r10_131.uai
2026-02-06 13:16:27,713|INFO|random_mc2_n5_mid3_d1000_05_mr098_r10_131_uai_GDCC_1e-05_n200_roFalse_s0: Loading data from ../models/synthetic/s123/random_mc2_n5_mid3_d1000_05_mr098_r10_131.csv
2026-02-06 13:16:27,730|INFO|random_mc2_n5_mid3_d1000_05_mr098_r10_131_uai_GDCC_1e-05_n200_roFalse_s0: PNS(V2,V4) exact: (0.0, 0.3999999999999999)
2026-02-06 13:16:27,827|INFO|random_mc2_n5_mid3_d1000_05_mr098_r10_82_uai_GDCC_1e-05_n200_roTrue_s0: Arguments: Namespace(method='GDCC_1e-05', numruns='200', seed='0', output='../results/synthetic/s123/', rewrite=True, removeoutliers=True, filepath=['../models/synthetic/s123/random_mc2_n5_mid3_d1000_05_mr098_r10_82.uai'])
2026-02-06 13:16:27,827|INFO|random_mc2_n5_mid3_d1000_05_mr098_r10_82_uai_GDCC_1e-05_n200_roTrue_s0: Loading model from ../models/synthetic/s123/random_mc2_n5_mid3_d1000_05_mr098_r10_82.uai
2026-02-06 13:16:27,840|INFO|random_mc2_n5_mid3_d1000_05_mr098_r10_82_uai_GDCC_1e-05_n200_roTrue_s0: Loading data from ../models/synthetic/s123/random_mc2_n5_mid3_d1000_05_mr098_r10_82.csv
2026-02-06 13:16:27,902|INFO|random_mc2_n6_mid3_d1000_05_mr098_r10_151_uai_GDCC_1e-05_n200_roTrue_s0: Loading data from ../models/synthetic/s123/random_mc2_n6_mid3_d1000_05_mr098_r10_151.csv
2026-02-06 13:16:29,581|INFO|random_mc2_n9_mid3_d1000_05_mr098_r10_122_uai_GDCC_1e-05_n200_roTrue_s0: Arguments: Namespace(method='GDCC_1e-05', numruns='200', seed='0', output='../results/synthetic/s123/', rewrite=True, removeoutliers=True, filepath=['../models/synthetic/s123/random_mc2_n9_mid3_d1000_05_mr098_r10_122.uai'])
2026-02-06 13:16:29,581|INFO|random_mc2_n9_mid3_d1000_05_mr098_r10_122_uai_GDCC_1e-05_n200_roTrue_s0: Loading model from ../models/synthetic/s123/random_mc2_n9_mid3_d1000_05_mr098_r10_122.uai
2026-02-06 13:16:29,837|INFO|random_mc2_n9_mid3_d1000_05_mr098_r10_122_uai_GDCC_1e-05_n200_roTrue_s0: Loading data from ../models/synthetic/s123/random_mc2_n9_mid3_d1000_05_mr098_r10_122.csv
2026-02-06 13:16:30,025|INFO|random_mc2_n6_mid3_d1000_05_mr098_r10_91_uai_GDCC_1e-05_n200_roFalse_s0: Arguments: Namespace(method='GDCC_1e-05', numruns='200', seed='0', output='../results/synthetic/s123/', rewrite=True, removeoutliers=False, filepath=['../models/synthetic/s123/random_mc2_n6_mid3_d1000_05_mr098_r10_91.uai'])
2026-02-06 13:16:30,025|INFO|random_mc2_n6_mid3_d1000_05_mr098_r10_91_uai_GDCC_1e-05_n200_roFalse_s0: Loading model from ../models/synthetic/s123/random_mc2_n6_mid3_d1000_05_mr098_r10_91.uai
2026-02-06 13:16:30,039|INFO|random_mc2_n6_mid3_d1000_05_mr098_r10_91_uai_GDCC_1e-05_n200_roFalse_s0: Loading data from ../models/synthetic/s123/random_mc2_n6_mid3_d1000_05_mr098_r10_91.csv
2026-02-06 13:16:30,053|INFO|random_mc2_n6_mid3_d1000_05_mr098_r10_91_uai_GDCC_1e-05_n200_roFalse_s0: PNS(V0,V4) exact: (0.0014168071017796, 0.103549899791906)
2026-02-06 13:16:30,089|INFO|random_mc2_n6_mid3_d1000_05_mr098_r10_195_uai_GDCC_1e-05_n200_roTrue_s0: Arguments: Namespace(method='GDCC_1e-05', numruns='200', seed='0', output='../results/synthetic/s123/', rewrite=True, removeoutliers=True, filepath=['../models/synthetic/s123/random_mc2_n6_mid3_d1000_05_mr098_r10_195.uai'])
2026-02-06 13:16:30,093|INFO|random_mc2_n5_mid3_d1000_05_mr098_r10_2_uai_GDCC_1e-05_n200_roFalse_s0: Arguments: Namespace(method='GDCC_1e-05', numruns='200', seed='0', output='../results/synthetic/s123/', rewrite=True, removeoutliers=False, filepath=['../models/synthetic/s123/random_mc2_n5_mid3_d1000_05_mr098_r10_2.uai'])
2026-02-06 13:16:30,089|INFO|random_mc2_n6_mid3_d1000_05_mr098_r10_195_uai_GDCC_1e-05_n200_roTrue_s0: Loading model from ../models/synthetic/s123/random_mc2_n6_mid3_d1000_05_mr098_r10_195.uai
2026-02-06 13:16:30,101|INFO|random_mc2_n6_mid3_d1000_05_mr098_r10_195_uai_GDCC_1e-05_n200_roTrue_s0: Loading data from ../models/synthetic/s123/random_mc2_n6_mid3_d1000_05_mr098_r10_195.csv
2026-02-06 13:16:30,121|INFO|random_mc2_n6_mid3_d1000_05_mr098_r10_195_uai_GDCC_1e-05_n200_roTrue_s0: PNS(V1,V5) exact: (0.3611165594, 0.4092761430999999)
2026-02-06 13:16:30,094|INFO|random_mc2_n5_mid3_d1000_05_mr098_r10_2_uai_GDCC_1e-05_n200_roFalse_s0: Loading model from ../models/synthetic/s123/random_mc2_n5_mid3_d1000_05_mr098_r10_2.uai
2026-02-06 13:16:30,103|INFO|random_mc2_n5_mid3_d1000_05_mr098_r10_2_uai_GDCC_1e-05_n200_roFalse_s0: Loading data from ../models/synthetic/s123/random_mc2_n5_mid3_d1000_05_mr098_r10_2.csv
2026-02-06 13:16:30,118|INFO|random_mc2_n5_mid3_d1000_05_mr098_r10_2_uai_GDCC_1e-05_n200_roFalse_s0: PNS(V1,V2) exact: (0.0, 0.0)
2026-02-06 13:16:30,118|ERROR|random_mc2_n5_mid3_d1000_05_mr098_r10_2_uai_GDCC_1e-05_n200_roFalse_s0: Model does not have any cause-effect path.
2026-02-06 13:16:30,833|INFO|random_mc2_n9_mid3_d1000_05_mr098_r10_137_uai_GDCC_1e-05_n200_roTrue_s0: Arguments: Namespace(method='GDCC_1e-05', numruns='200', seed='0', output='../results/synthetic/s123/', rewrite=True, removeoutliers=True, filepath=['../models/synthetic/s123/random_mc2_n9_mid3_d1000_05_mr098_r10_137.uai'])
2026-02-06 13:16:30,833|INFO|random_mc2_n9_mid3_d1000_05_mr098_r10_137_uai_GDCC_1e-05_n200_roTrue_s0: Loading model from ../models/synthetic/s123/random_mc2_n9_mid3_d1000_05_mr098_r10_137.uai
2026-02-06 13:16:30,900|INFO|random_mc2_n6_mid3_d1000_05_mr098_r10_175_uai_GDCC_1e-05_n200_roTrue_s0: Arguments: Namespace(method='GDCC_1e-05', numruns='200', seed='0', output='../results/synthetic/s123/', rewrite=True, removeoutliers=True, filepath=['../models/synthetic/s123/random_mc2_n6_mid3_d1000_05_mr098_r10_175.uai'])
2026-02-06 13:16:30,900|INFO|random_mc2_n6_mid3_d1000_05_mr098_r10_175_uai_GDCC_1e-05_n200_roTrue_s0: Loading model from ../models/synthetic/s123/random_mc2_n6_mid3_d1000_05_mr098_r10_175.uai
2026-02-06 13:16:31,004|INFO|random_mc2_n6_mid3_d1000_05_mr098_r10_175_uai_GDCC_1e-05_n200_roTrue_s0: Loading data from ../models/synthetic/s123/random_mc2_n6_mid3_d1000_05_mr098_r10_175.csv
2026-02-06 13:16:31,020|INFO|random_mc2_n6_mid3_d1000_05_mr098_r10_128_uai_GDCC_1e-05_n200_roFalse_s0: Arguments: Namespace(method='GDCC_1e-05', numruns='200', seed='0', output='../results/synthetic/s123/', rewrite=True, removeoutliers=False, filepath=['../models/synthetic/s123/random_mc2_n6_mid3_d1000_05_mr098_r10_128.uai'])
2026-02-06 13:16:31,020|INFO|random_mc2_n6_mid3_d1000_05_mr098_r10_128_uai_GDCC_1e-05_n200_roFalse_s0: Loading model from ../models/synthetic/s123/random_mc2_n6_mid3_d1000_05_mr098_r10_128.uai
2026-02-06 13:16:31,034|INFO|random_mc2_n6_mid3_d1000_05_mr098_r10_128_uai_GDCC_1e-05_n200_roFalse_s0: Loading data from ../models/synthetic/s123/random_mc2_n6_mid3_d1000_05_mr098_r10_128.csv
2026-02-06 13:16:31,054|INFO|random_mc2_n6_mid3_d1000_05_mr098_r10_128_uai_GDCC_1e-05_n200_roFalse_s0: PNS(V0,V4) exact: (0.38097471340495, 0.457162013037466)
2026-02-06 13:16:31,078|INFO|random_mc2_n9_mid3_d1000_05_mr098_r10_137_uai_GDCC_1e-05_n200_roTrue_s0: Loading data from ../models/synthetic/s123/random_mc2_n9_mid3_d1000_05_mr098_r10_137.csv
2026-02-06 13:16:32,351|INFO|random_mc2_n6_mid3_d1000_05_mr098_r10_20_uai_GDCC_1e-05_n200_roTrue_s0: Arguments: Namespace(method='GDCC_1e-05', numruns='200', seed='0', output='../results/synthetic/s123/', rewrite=True, removeoutliers=True, filepath=['../models/synthetic/s123/random_mc2_n6_mid3_d1000_05_mr098_r10_20.uai'])
2026-02-06 13:16:32,351|INFO|random_mc2_n6_mid3_d1000_05_mr098_r10_20_uai_GDCC_1e-05_n200_roTrue_s0: Loading model from ../models/synthetic/s123/random_mc2_n6_mid3_d1000_05_mr098_r10_20.uai
2026-02-06 13:16:32,365|INFO|random_mc2_n6_mid3_d1000_05_mr098_r10_20_uai_GDCC_1e-05_n200_roTrue_s0: Loading data from ../models/synthetic/s123/random_mc2_n6_mid3_d1000_05_mr098_r10_20.csv
2026-02-06 13:16:34,515|INFO|random_mc2_n5_mid3_d1000_05_mr098_r10_198_uai_GDCC_1e-05_n200_roFalse_s0: Arguments: Namespace(method='GDCC_1e-05', numruns='200', seed='0', output='../results/synthetic/s123/', rewrite=True, removeoutliers=False, filepath=['../models/synthetic/s123/random_mc2_n5_mid3_d1000_05_mr098_r10_198.uai'])
2026-02-06 13:16:34,516|INFO|random_mc2_n5_mid3_d1000_05_mr098_r10_198_uai_GDCC_1e-05_n200_roFalse_s0: Loading model from ../models/synthetic/s123/random_mc2_n5_mid3_d1000_05_mr098_r10_198.uai
2026-02-06 13:16:34,526|INFO|random_mc2_n5_mid3_d1000_05_mr098_r10_198_uai_GDCC_1e-05_n200_roFalse_s0: Loading data from ../models/synthetic/s123/random_mc2_n5_mid3_d1000_05_mr098_r10_198.csv
2026-02-06 13:16:34,545|INFO|random_mc2_n5_mid3_d1000_05_mr098_r10_198_uai_GDCC_1e-05_n200_roFalse_s0: PNS(V1,V2) exact: (0.0023041834999999, 0.0397455824)
2026-02-06 13:16:34,573|INFO|random_mc2_n5_mid3_d1000_05_mr098_r10_150_uai_GDCC_1e-05_n200_roTrue_s0: Arguments: Namespace(method='GDCC_1e-05', numruns='200', seed='0', output='../results/synthetic/s123/', rewrite=True, removeoutliers=True, filepath=['../models/synthetic/s123/random_mc2_n5_mid3_d1000_05_mr098_r10_150.uai'])
2026-02-06 13:16:34,574|INFO|random_mc2_n5_mid3_d1000_05_mr098_r10_150_uai_GDCC_1e-05_n200_roTrue_s0: Loading model from ../models/synthetic/s123/random_mc2_n5_mid3_d1000_05_mr098_r10_150.uai
2026-02-06 13:16:34,587|INFO|random_mc2_n5_mid3_d1000_05_mr098_r10_150_uai_GDCC_1e-05_n200_roTrue_s0: Loading data from ../models/synthetic/s123/random_mc2_n5_mid3_d1000_05_mr098_r10_150.csv
2026-02-06 13:16:34,651|INFO|random_mc2_n5_mid3_d1000_05_mr098_r10_169_uai_GDCC_1e-05_n200_roFalse_s0: Arguments: Namespace(method='GDCC_1e-05', numruns='200', seed='0', output='../results/synthetic/s123/', rewrite=True, removeoutliers=False, filepath=['../models/synthetic/s123/random_mc2_n5_mid3_d1000_05_mr098_r10_169.uai'])
2026-02-06 13:16:34,651|INFO|random_mc2_n5_mid3_d1000_05_mr098_r10_169_uai_GDCC_1e-05_n200_roFalse_s0: Loading model from ../models/synthetic/s123/random_mc2_n5_mid3_d1000_05_mr098_r10_169.uai
2026-02-06 13:16:34,662|INFO|random_mc2_n5_mid3_d1000_05_mr098_r10_169_uai_GDCC_1e-05_n200_roFalse_s0: Loading data from ../models/synthetic/s123/random_mc2_n5_mid3_d1000_05_mr098_r10_169.csv
2026-02-06 13:16:34,680|INFO|random_mc2_n5_mid3_d1000_05_mr098_r10_169_uai_GDCC_1e-05_n200_roFalse_s0: PNS(V0,V3) exact: (0.16386, 0.49872)
2026-02-06 13:16:34,696|INFO|random_mc2_n5_mid3_d1000_05_mr098_r10_38_uai_GDCC_1e-05_n200_roFalse_s0: Arguments: Namespace(method='GDCC_1e-05', numruns='200', seed='0', output='../results/synthetic/s123/', rewrite=True, removeoutliers=False, filepath=['../models/synthetic/s123/random_mc2_n5_mid3_d1000_05_mr098_r10_38.uai'])
2026-02-06 13:16:34,697|INFO|random_mc2_n5_mid3_d1000_05_mr098_r10_38_uai_GDCC_1e-05_n200_roFalse_s0: Loading model from ../models/synthetic/s123/random_mc2_n5_mid3_d1000_05_mr098_r10_38.uai
2026-02-06 13:16:34,705|INFO|random_mc2_n5_mid3_d1000_05_mr098_r10_38_uai_GDCC_1e-05_n200_roFalse_s0: Loading data from ../models/synthetic/s123/random_mc2_n5_mid3_d1000_05_mr098_r10_38.csv
2026-02-06 13:16:34,721|INFO|random_mc2_n5_mid3_d1000_05_mr098_r10_38_uai_GDCC_1e-05_n200_roFalse_s0: PNS(V4,V3) exact: (0.71565, 0.7250800000000001)
2026-02-06 13:16:34,821|INFO|random_mc2_n7_mid3_d1000_05_mr098_r10_184_uai_GDCC_1e-05_n200_roFalse_s0: Arguments: Namespace(method='GDCC_1e-05', numruns='200', seed='0', output='../results/synthetic/s123/', rewrite=True, removeoutliers=False, filepath=['../models/synthetic/s123/random_mc2_n7_mid3_d1000_05_mr098_r10_184.uai'])
2026-02-06 13:16:34,847|INFO|random_mc2_n8_mid3_d1000_05_mr098_r10_118_uai_GDCC_1e-05_n200_roFalse_s0: Arguments: Namespace(method='GDCC_1e-05', numruns='200', seed='0', output='../results/synthetic/s123/', rewrite=True, removeoutliers=False, filepath=['../models/synthetic/s123/random_mc2_n8_mid3_d1000_05_mr098_r10_118.uai'])
2026-02-06 13:16:34,821|INFO|random_mc2_n7_mid3_d1000_05_mr098_r10_184_uai_GDCC_1e-05_n200_roFalse_s0: Loading model from ../models/synthetic/s123/random_mc2_n7_mid3_d1000_05_mr098_r10_184.uai
2026-02-06 13:16:34,836|INFO|random_mc2_n7_mid3_d1000_05_mr098_r10_184_uai_GDCC_1e-05_n200_roFalse_s0: Loading data from ../models/synthetic/s123/random_mc2_n7_mid3_d1000_05_mr098_r10_184.csv
2026-02-06 13:16:34,856|INFO|random_mc2_n7_mid3_d1000_05_mr098_r10_184_uai_GDCC_1e-05_n200_roFalse_s0: PNS(V0,V3) exact: (0.0039488823224993, 0.0144327631225721)
2026-02-06 13:16:34,880|INFO|random_mc2_n5_mid3_d1000_05_mr098_r10_161_uai_GDCC_1e-05_n200_roFalse_s0: Arguments: Namespace(method='GDCC_1e-05', numruns='200', seed='0', output='../results/synthetic/s123/', rewrite=True, removeoutliers=False, filepath=['../models/synthetic/s123/random_mc2_n5_mid3_d1000_05_mr098_r10_161.uai'])
2026-02-06 13:16:34,847|INFO|random_mc2_n8_mid3_d1000_05_mr098_r10_118_uai_GDCC_1e-05_n200_roFalse_s0: Loading model from ../models/synthetic/s123/random_mc2_n8_mid3_d1000_05_mr098_r10_118.uai
2026-02-06 13:16:34,894|INFO|random_mc2_n5_mid3_d1000_05_mr098_r10_107_uai_GDCC_1e-05_n200_roFalse_s0: Arguments: Namespace(method='GDCC_1e-05', numruns='200', seed='0', output='../results/synthetic/s123/', rewrite=True, removeoutliers=False, filepath=['../models/synthetic/s123/random_mc2_n5_mid3_d1000_05_mr098_r10_107.uai'])
2026-02-06 13:16:34,895|INFO|random_mc2_n5_mid3_d1000_05_mr098_r10_46_uai_GDCC_1e-05_n200_roTrue_s0: Arguments: Namespace(method='GDCC_1e-05', numruns='200', seed='0', output='../results/synthetic/s123/', rewrite=True, removeoutliers=True, filepath=['../models/synthetic/s123/random_mc2_n5_mid3_d1000_05_mr098_r10_46.uai'])
2026-02-06 13:16:34,880|INFO|random_mc2_n5_mid3_d1000_05_mr098_r10_161_uai_GDCC_1e-05_n200_roFalse_s0: Loading model from ../models/synthetic/s123/random_mc2_n5_mid3_d1000_05_mr098_r10_161.uai
2026-02-06 13:16:34,890|INFO|random_mc2_n5_mid3_d1000_05_mr098_r10_161_uai_GDCC_1e-05_n200_roFalse_s0: Loading data from ../models/synthetic/s123/random_mc2_n5_mid3_d1000_05_mr098_r10_161.csv
2026-02-06 13:16:34,911|INFO|random_mc2_n5_mid3_d1000_05_mr098_r10_161_uai_GDCC_1e-05_n200_roFalse_s0: PNS(V1,V0) exact: (0.0, 0.0)
2026-02-06 13:16:34,912|ERROR|random_mc2_n5_mid3_d1000_05_mr098_r10_161_uai_GDCC_1e-05_n200_roFalse_s0: Model does not have any cause-effect path.
2026-02-06 13:16:34,894|INFO|random_mc2_n5_mid3_d1000_05_mr098_r10_107_uai_GDCC_1e-05_n200_roFalse_s0: Loading model from ../models/synthetic/s123/random_mc2_n5_mid3_d1000_05_mr098_r10_107.uai
2026-02-06 13:16:34,913|INFO|random_mc2_n5_mid3_d1000_05_mr098_r10_107_uai_GDCC_1e-05_n200_roFalse_s0: Loading data from ../models/synthetic/s123/random_mc2_n5_mid3_d1000_05_mr098_r10_107.csv
2026-02-06 13:16:34,896|INFO|random_mc2_n5_mid3_d1000_05_mr098_r10_46_uai_GDCC_1e-05_n200_roTrue_s0: Loading model from ../models/synthetic/s123/random_mc2_n5_mid3_d1000_05_mr098_r10_46.uai
2026-02-06 13:16:34,908|INFO|random_mc2_n5_mid3_d1000_05_mr098_r10_46_uai_GDCC_1e-05_n200_roTrue_s0: Loading data from ../models/synthetic/s123/random_mc2_n5_mid3_d1000_05_mr098_r10_46.csv
2026-02-06 13:16:34,926|INFO|random_mc2_n5_mid3_d1000_05_mr098_r10_46_uai_GDCC_1e-05_n200_roTrue_s0: PNS(V0,V4) exact: (0.6100050528559042, 0.6100050528559042)
2026-02-06 13:16:35,082|INFO|random_mc2_n8_mid3_d1000_05_mr098_r10_118_uai_GDCC_1e-05_n200_roFalse_s0: Loading data from ../models/synthetic/s123/random_mc2_n8_mid3_d1000_05_mr098_r10_118.csv
2026-02-06 13:16:36,046|INFO|random_mc2_n5_mid3_d1000_05_mr098_r10_183_uai_GDCC_1e-05_n200_roTrue_s0: Arguments: Namespace(method='GDCC_1e-05', numruns='200', seed='0', output='../results/synthetic/s123/', rewrite=True, removeoutliers=True, filepath=['../models/synthetic/s123/random_mc2_n5_mid3_d1000_05_mr098_r10_183.uai'])
2026-02-06 13:16:36,046|INFO|random_mc2_n5_mid3_d1000_05_mr098_r10_183_uai_GDCC_1e-05_n200_roTrue_s0: Loading model from ../models/synthetic/s123/random_mc2_n5_mid3_d1000_05_mr098_r10_183.uai
2026-02-06 13:16:36,063|INFO|random_mc2_n5_mid3_d1000_05_mr098_r10_183_uai_GDCC_1e-05_n200_roTrue_s0: Loading data from ../models/synthetic/s123/random_mc2_n5_mid3_d1000_05_mr098_r10_183.csv
2026-02-06 13:16:36,078|INFO|random_mc2_n5_mid3_d1000_05_mr098_r10_183_uai_GDCC_1e-05_n200_roTrue_s0: PNS(V0,V4) exact: (0.346001198451296, 0.346001198451296)
2026-02-06 13:16:36,275|INFO|random_mc2_n5_mid3_d1000_05_mr098_r10_124_uai_GDCC_1e-05_n200_roTrue_s0: Arguments: Namespace(method='GDCC_1e-05', numruns='200', seed='0', output='../results/synthetic/s123/', rewrite=True, removeoutliers=True, filepath=['../models/synthetic/s123/random_mc2_n5_mid3_d1000_05_mr098_r10_124.uai'])
2026-02-06 13:16:36,275|INFO|random_mc2_n5_mid3_d1000_05_mr098_r10_124_uai_GDCC_1e-05_n200_roTrue_s0: Loading model from ../models/synthetic/s123/random_mc2_n5_mid3_d1000_05_mr098_r10_124.uai
2026-02-06 13:16:36,286|INFO|random_mc2_n5_mid3_d1000_05_mr098_r10_124_uai_GDCC_1e-05_n200_roTrue_s0: Loading data from ../models/synthetic/s123/random_mc2_n5_mid3_d1000_05_mr098_r10_124.csv
2026-02-06 13:16:36,299|INFO|random_mc2_n5_mid3_d1000_05_mr098_r10_124_uai_GDCC_1e-05_n200_roTrue_s0: PNS(V4,V1) exact: (0.00019924659568, 0.05078698676936)
2026-02-06 13:16:36,631|INFO|random_mc2_n5_mid3_d1000_05_mr098_r10_191_uai_GDCC_1e-05_n200_roTrue_s0: Arguments: Namespace(method='GDCC_1e-05', numruns='200', seed='0', output='../results/synthetic/s123/', rewrite=True, removeoutliers=True, filepath=['../models/synthetic/s123/random_mc2_n5_mid3_d1000_05_mr098_r10_191.uai'])
2026-02-06 13:16:36,632|INFO|random_mc2_n5_mid3_d1000_05_mr098_r10_191_uai_GDCC_1e-05_n200_roTrue_s0: Loading model from ../models/synthetic/s123/random_mc2_n5_mid3_d1000_05_mr098_r10_191.uai
2026-02-06 13:16:36,645|INFO|random_mc2_n5_mid3_d1000_05_mr098_r10_191_uai_GDCC_1e-05_n200_roTrue_s0: Loading data from ../models/synthetic/s123/random_mc2_n5_mid3_d1000_05_mr098_r10_191.csv
2026-02-06 13:16:38,296|INFO|random_mc2_n5_mid3_d1000_05_mr098_r10_178_uai_GDCC_1e-05_n200_roFalse_s0: Arguments: Namespace(method='GDCC_1e-05', numruns='200', seed='0', output='../results/synthetic/s123/', rewrite=True, removeoutliers=False, filepath=['../models/synthetic/s123/random_mc2_n5_mid3_d1000_05_mr098_r10_178.uai'])
2026-02-06 13:16:38,297|INFO|random_mc2_n5_mid3_d1000_05_mr098_r10_178_uai_GDCC_1e-05_n200_roFalse_s0: Loading model from ../models/synthetic/s123/random_mc2_n5_mid3_d1000_05_mr098_r10_178.uai
2026-02-06 13:16:38,338|INFO|random_mc2_n5_mid3_d1000_05_mr098_r10_178_uai_GDCC_1e-05_n200_roFalse_s0: Loading data from ../models/synthetic/s123/random_mc2_n5_mid3_d1000_05_mr098_r10_178.csv
2026-02-06 13:16:38,360|INFO|random_mc2_n8_mid3_d1000_05_mr098_r10_188_uai_GDCC_1e-05_n200_roTrue_s0: Arguments: Namespace(method='GDCC_1e-05', numruns='200', seed='0', output='../results/synthetic/s123/', rewrite=True, removeoutliers=True, filepath=['../models/synthetic/s123/random_mc2_n8_mid3_d1000_05_mr098_r10_188.uai'])
2026-02-06 13:16:38,380|INFO|random_mc2_n6_mid3_d1000_05_mr098_r10_126_uai_GDCC_1e-05_n200_roTrue_s0: Arguments: Namespace(method='GDCC_1e-05', numruns='200', seed='0', output='../results/synthetic/s123/', rewrite=True, removeoutliers=True, filepath=['../models/synthetic/s123/random_mc2_n6_mid3_d1000_05_mr098_r10_126.uai'])
2026-02-06 13:16:38,360|INFO|random_mc2_n8_mid3_d1000_05_mr098_r10_188_uai_GDCC_1e-05_n200_roTrue_s0: Loading model from ../models/synthetic/s123/random_mc2_n8_mid3_d1000_05_mr098_r10_188.uai
2026-02-06 13:16:38,380|INFO|random_mc2_n8_mid3_d1000_05_mr098_r10_188_uai_GDCC_1e-05_n200_roTrue_s0: Loading data from ../models/synthetic/s123/random_mc2_n8_mid3_d1000_05_mr098_r10_188.csv
2026-02-06 13:16:38,413|INFO|random_mc2_n7_mid3_d1000_05_mr098_r10_163_uai_GDCC_1e-05_n200_roTrue_s0: Arguments: Namespace(method='GDCC_1e-05', numruns='200', seed='0', output='../results/synthetic/s123/', rewrite=True, removeoutliers=True, filepath=['../models/synthetic/s123/random_mc2_n7_mid3_d1000_05_mr098_r10_163.uai'])
2026-02-06 13:16:38,381|INFO|random_mc2_n6_mid3_d1000_05_mr098_r10_126_uai_GDCC_1e-05_n200_roTrue_s0: Loading model from ../models/synthetic/s123/random_mc2_n6_mid3_d1000_05_mr098_r10_126.uai
2026-02-06 13:16:38,407|INFO|random_mc2_n6_mid3_d1000_05_mr098_r10_126_uai_GDCC_1e-05_n200_roTrue_s0: Loading data from ../models/synthetic/s123/random_mc2_n6_mid3_d1000_05_mr098_r10_126.csv
2026-02-06 13:16:38,413|INFO|random_mc2_n7_mid3_d1000_05_mr098_r10_163_uai_GDCC_1e-05_n200_roTrue_s0: Loading model from ../models/synthetic/s123/random_mc2_n7_mid3_d1000_05_mr098_r10_163.uai
2026-02-06 13:16:38,430|INFO|random_mc2_n7_mid3_d1000_05_mr098_r10_163_uai_GDCC_1e-05_n200_roTrue_s0: Loading data from ../models/synthetic/s123/random_mc2_n7_mid3_d1000_05_mr098_r10_163.csv
2026-02-06 13:16:38,451|INFO|random_mc2_n7_mid3_d1000_05_mr098_r10_163_uai_GDCC_1e-05_n200_roTrue_s0: PNS(V0,V4) exact: (0.043281704345418, 0.2976756657121581)
2026-02-06 13:16:40,908|INFO|random_mc2_n7_mid3_d1000_05_mr098_r10_2_uai_GDCC_1e-05_n200_roFalse_s0: Arguments: Namespace(method='GDCC_1e-05', numruns='200', seed='0', output='../results/synthetic/s123/', rewrite=True, removeoutliers=False, filepath=['../models/synthetic/s123/random_mc2_n7_mid3_d1000_05_mr098_r10_2.uai'])
2026-02-06 13:16:40,938|INFO|random_mc2_n7_mid3_d1000_05_mr098_r10_92_uai_GDCC_1e-05_n200_roTrue_s0: Arguments: Namespace(method='GDCC_1e-05', numruns='200', seed='0', output='../results/synthetic/s123/', rewrite=True, removeoutliers=True, filepath=['../models/synthetic/s123/random_mc2_n7_mid3_d1000_05_mr098_r10_92.uai'])
2026-02-06 13:16:40,908|INFO|random_mc2_n7_mid3_d1000_05_mr098_r10_2_uai_GDCC_1e-05_n200_roFalse_s0: Loading model from ../models/synthetic/s123/random_mc2_n7_mid3_d1000_05_mr098_r10_2.uai
2026-02-06 13:16:40,928|INFO|random_mc2_n7_mid3_d1000_05_mr098_r10_2_uai_GDCC_1e-05_n200_roFalse_s0: Loading data from ../models/synthetic/s123/random_mc2_n7_mid3_d1000_05_mr098_r10_2.csv
2026-02-06 13:16:40,949|INFO|random_mc2_n7_mid3_d1000_05_mr098_r10_2_uai_GDCC_1e-05_n200_roFalse_s0: PNS(V6,V5) exact: (0.17496630889, 0.198271938213)
2026-02-06 13:16:40,938|INFO|random_mc2_n7_mid3_d1000_05_mr098_r10_92_uai_GDCC_1e-05_n200_roTrue_s0: Loading model from ../models/synthetic/s123/random_mc2_n7_mid3_d1000_05_mr098_r10_92.uai
2026-02-06 13:16:41,041|INFO|random_mc2_n7_mid3_d1000_05_mr098_r10_92_uai_GDCC_1e-05_n200_roTrue_s0: Loading data from ../models/synthetic/s123/random_mc2_n7_mid3_d1000_05_mr098_r10_92.csv
2026-02-06 13:16:41,080|INFO|random_mc2_n5_mid3_d1000_05_mr098_r10_11_uai_GDCC_1e-05_n200_roTrue_s0: Arguments: Namespace(method='GDCC_1e-05', numruns='200', seed='0', output='../results/synthetic/s123/', rewrite=True, removeoutliers=True, filepath=['../models/synthetic/s123/random_mc2_n5_mid3_d1000_05_mr098_r10_11.uai'])
2026-02-06 13:16:41,080|INFO|random_mc2_n5_mid3_d1000_05_mr098_r10_11_uai_GDCC_1e-05_n200_roTrue_s0: Loading model from ../models/synthetic/s123/random_mc2_n5_mid3_d1000_05_mr098_r10_11.uai
2026-02-06 13:16:41,088|INFO|random_mc2_n5_mid3_d1000_05_mr098_r10_11_uai_GDCC_1e-05_n200_roTrue_s0: Loading data from ../models/synthetic/s123/random_mc2_n5_mid3_d1000_05_mr098_r10_11.csv
2026-02-06 13:16:41,312|INFO|random_mc2_n5_mid3_d1000_05_mr098_r10_79_uai_GDCC_1e-05_n200_roFalse_s0: Arguments: Namespace(method='GDCC_1e-05', numruns='200', seed='0', output='../results/synthetic/s123/', rewrite=True, removeoutliers=False, filepath=['../models/synthetic/s123/random_mc2_n5_mid3_d1000_05_mr098_r10_79.uai'])
2026-02-06 13:16:41,335|INFO|random_mc2_n5_mid3_d1000_05_mr098_r10_169_uai_GDCC_1e-05_n200_roTrue_s0: Arguments: Namespace(method='GDCC_1e-05', numruns='200', seed='0', output='../results/synthetic/s123/', rewrite=True, removeoutliers=True, filepath=['../models/synthetic/s123/random_mc2_n5_mid3_d1000_05_mr098_r10_169.uai'])
2026-02-06 13:16:41,312|INFO|random_mc2_n5_mid3_d1000_05_mr098_r10_79_uai_GDCC_1e-05_n200_roFalse_s0: Loading model from ../models/synthetic/s123/random_mc2_n5_mid3_d1000_05_mr098_r10_79.uai
2026-02-06 13:16:41,322|INFO|random_mc2_n5_mid3_d1000_05_mr098_r10_79_uai_GDCC_1e-05_n200_roFalse_s0: Loading data from ../models/synthetic/s123/random_mc2_n5_mid3_d1000_05_mr098_r10_79.csv
2026-02-06 13:16:41,335|INFO|random_mc2_n5_mid3_d1000_05_mr098_r10_79_uai_GDCC_1e-05_n200_roFalse_s0: PNS(V3,V2) exact: (0.00904271675736, 0.016636195438368)
2026-02-06 13:16:41,335|INFO|random_mc2_n5_mid3_d1000_05_mr098_r10_169_uai_GDCC_1e-05_n200_roTrue_s0: Loading model from ../models/synthetic/s123/random_mc2_n5_mid3_d1000_05_mr098_r10_169.uai
2026-02-06 13:16:41,347|INFO|random_mc2_n5_mid3_d1000_05_mr098_r10_169_uai_GDCC_1e-05_n200_roTrue_s0: Loading data from ../models/synthetic/s123/random_mc2_n5_mid3_d1000_05_mr098_r10_169.csv
2026-02-06 13:16:41,366|INFO|random_mc2_n5_mid3_d1000_05_mr098_r10_169_uai_GDCC_1e-05_n200_roTrue_s0: PNS(V0,V3) exact: (0.16386, 0.49872)
2026-02-06 13:16:41,399|INFO|random_mc2_n6_mid3_d1000_05_mr098_r10_186_uai_GDCC_1e-05_n200_roTrue_s0: Arguments: Namespace(method='GDCC_1e-05', numruns='200', seed='0', output='../results/synthetic/s123/', rewrite=True, removeoutliers=True, filepath=['../models/synthetic/s123/random_mc2_n6_mid3_d1000_05_mr098_r10_186.uai'])
2026-02-06 13:16:41,399|INFO|random_mc2_n6_mid3_d1000_05_mr098_r10_186_uai_GDCC_1e-05_n200_roTrue_s0: Loading model from ../models/synthetic/s123/random_mc2_n6_mid3_d1000_05_mr098_r10_186.uai
2026-02-06 13:16:41,428|INFO|random_mc2_n6_mid3_d1000_05_mr098_r10_186_uai_GDCC_1e-05_n200_roTrue_s0: Loading data from ../models/synthetic/s123/random_mc2_n6_mid3_d1000_05_mr098_r10_186.csv
2026-02-06 13:16:42,917|INFO|random_mc2_n8_mid3_d1000_05_mr098_r10_125_uai_GDCC_1e-05_n200_roTrue_s0: Arguments: Namespace(method='GDCC_1e-05', numruns='200', seed='0', output='../results/synthetic/s123/', rewrite=True, removeoutliers=True, filepath=['../models/synthetic/s123/random_mc2_n8_mid3_d1000_05_mr098_r10_125.uai'])
2026-02-06 13:16:42,917|INFO|random_mc2_n8_mid3_d1000_05_mr098_r10_125_uai_GDCC_1e-05_n200_roTrue_s0: Loading model from ../models/synthetic/s123/random_mc2_n8_mid3_d1000_05_mr098_r10_125.uai
2026-02-06 13:16:43,134|INFO|random_mc2_n8_mid3_d1000_05_mr098_r10_125_uai_GDCC_1e-05_n200_roTrue_s0: Loading data from ../models/synthetic/s123/random_mc2_n8_mid3_d1000_05_mr098_r10_125.csv
2026-02-06 13:16:44,995|INFO|random_mc2_n6_mid3_d1000_05_mr098_r10_115_uai_GDCC_1e-05_n200_roTrue_s0: Arguments: Namespace(method='GDCC_1e-05', numruns='200', seed='0', output='../results/synthetic/s123/', rewrite=True, removeoutliers=True, filepath=['../models/synthetic/s123/random_mc2_n6_mid3_d1000_05_mr098_r10_115.uai'])
2026-02-06 13:16:44,996|INFO|random_mc2_n6_mid3_d1000_05_mr098_r10_115_uai_GDCC_1e-05_n200_roTrue_s0: Loading model from ../models/synthetic/s123/random_mc2_n6_mid3_d1000_05_mr098_r10_115.uai
2026-02-06 13:16:45,016|INFO|random_mc2_n6_mid3_d1000_05_mr098_r10_115_uai_GDCC_1e-05_n200_roTrue_s0: Loading data from ../models/synthetic/s123/random_mc2_n6_mid3_d1000_05_mr098_r10_115.csv
2026-02-06 13:16:47,107|INFO|random_mc2_n5_mid3_d1000_05_mr098_r10_102_uai_GDCC_1e-05_n200_roFalse_s0: Arguments: Namespace(method='GDCC_1e-05', numruns='200', seed='0', output='../results/synthetic/s123/', rewrite=True, removeoutliers=False, filepath=['../models/synthetic/s123/random_mc2_n5_mid3_d1000_05_mr098_r10_102.uai'])
2026-02-06 13:16:47,113|INFO|random_mc2_n5_mid3_d1000_05_mr098_r10_40_uai_GDCC_1e-05_n200_roFalse_s0: Arguments: Namespace(method='GDCC_1e-05', numruns='200', seed='0', output='../results/synthetic/s123/', rewrite=True, removeoutliers=False, filepath=['../models/synthetic/s123/random_mc2_n5_mid3_d1000_05_mr098_r10_40.uai'])
2026-02-06 13:16:47,118|INFO|random_mc2_n7_mid3_d1000_05_mr098_r10_29_uai_GDCC_1e-05_n200_roFalse_s0: Arguments: Namespace(method='GDCC_1e-05', numruns='200', seed='0', output='../results/synthetic/s123/', rewrite=True, removeoutliers=False, filepath=['../models/synthetic/s123/random_mc2_n7_mid3_d1000_05_mr098_r10_29.uai'])
2026-02-06 13:16:47,107|INFO|random_mc2_n5_mid3_d1000_05_mr098_r10_102_uai_GDCC_1e-05_n200_roFalse_s0: Loading model from ../models/synthetic/s123/random_mc2_n5_mid3_d1000_05_mr098_r10_102.uai
2026-02-06 13:16:47,121|INFO|random_mc2_n5_mid3_d1000_05_mr098_r10_102_uai_GDCC_1e-05_n200_roFalse_s0: Loading data from ../models/synthetic/s123/random_mc2_n5_mid3_d1000_05_mr098_r10_102.csv
2026-02-06 13:16:47,146|INFO|random_mc2_n5_mid3_d1000_05_mr098_r10_102_uai_GDCC_1e-05_n200_roFalse_s0: PNS(V3,V0) exact: (0.2629687949824, 0.477036655678528)
2026-02-06 13:16:47,113|INFO|random_mc2_n5_mid3_d1000_05_mr098_r10_40_uai_GDCC_1e-05_n200_roFalse_s0: Loading model from ../models/synthetic/s123/random_mc2_n5_mid3_d1000_05_mr098_r10_40.uai
2026-02-06 13:16:47,125|INFO|random_mc2_n5_mid3_d1000_05_mr098_r10_40_uai_GDCC_1e-05_n200_roFalse_s0: Loading data from ../models/synthetic/s123/random_mc2_n5_mid3_d1000_05_mr098_r10_40.csv
2026-02-06 13:16:47,118|INFO|random_mc2_n7_mid3_d1000_05_mr098_r10_29_uai_GDCC_1e-05_n200_roFalse_s0: Loading model from ../models/synthetic/s123/random_mc2_n7_mid3_d1000_05_mr098_r10_29.uai
2026-02-06 13:16:47,138|INFO|random_mc2_n7_mid3_d1000_05_mr098_r10_29_uai_GDCC_1e-05_n200_roFalse_s0: Loading data from ../models/synthetic/s123/random_mc2_n7_mid3_d1000_05_mr098_r10_29.csv
2026-02-06 13:16:47,191|INFO|random_mc2_n9_mid3_d1000_05_mr098_r10_42_uai_GDCC_1e-05_n200_roFalse_s0: Arguments: Namespace(method='GDCC_1e-05', numruns='200', seed='0', output='../results/synthetic/s123/', rewrite=True, removeoutliers=False, filepath=['../models/synthetic/s123/random_mc2_n9_mid3_d1000_05_mr098_r10_42.uai'])
2026-02-06 13:16:47,191|INFO|random_mc2_n9_mid3_d1000_05_mr098_r10_42_uai_GDCC_1e-05_n200_roFalse_s0: Loading model from ../models/synthetic/s123/random_mc2_n9_mid3_d1000_05_mr098_r10_42.uai
2026-02-06 13:16:47,208|INFO|random_mc2_n9_mid3_d1000_05_mr098_r10_42_uai_GDCC_1e-05_n200_roFalse_s0: Loading data from ../models/synthetic/s123/random_mc2_n9_mid3_d1000_05_mr098_r10_42.csv
2026-02-06 13:16:47,229|INFO|random_mc2_n9_mid3_d1000_05_mr098_r10_42_uai_GDCC_1e-05_n200_roFalse_s0: PNS(V4,V1) exact: (0.0055529329999999, 0.0881529485)
2026-02-06 13:16:47,286|INFO|random_mc2_n5_mid3_d1000_05_mr098_r10_45_uai_GDCC_1e-05_n200_roTrue_s0: Arguments: Namespace(method='GDCC_1e-05', numruns='200', seed='0', output='../results/synthetic/s123/', rewrite=True, removeoutliers=True, filepath=['../models/synthetic/s123/random_mc2_n5_mid3_d1000_05_mr098_r10_45.uai'])
2026-02-06 13:16:47,325|INFO|random_mc2_n9_mid3_d1000_05_mr098_r10_184_uai_GDCC_1e-05_n200_roFalse_s0: Arguments: Namespace(method='GDCC_1e-05', numruns='200', seed='0', output='../results/synthetic/s123/', rewrite=True, removeoutliers=False, filepath=['../models/synthetic/s123/random_mc2_n9_mid3_d1000_05_mr098_r10_184.uai'])
2026-02-06 13:16:47,286|INFO|random_mc2_n5_mid3_d1000_05_mr098_r10_45_uai_GDCC_1e-05_n200_roTrue_s0: Loading model from ../models/synthetic/s123/random_mc2_n5_mid3_d1000_05_mr098_r10_45.uai
2026-02-06 13:16:47,300|INFO|random_mc2_n5_mid3_d1000_05_mr098_r10_45_uai_GDCC_1e-05_n200_roTrue_s0: Loading data from ../models/synthetic/s123/random_mc2_n5_mid3_d1000_05_mr098_r10_45.csv
2026-02-06 13:16:47,316|INFO|random_mc2_n5_mid3_d1000_05_mr098_r10_45_uai_GDCC_1e-05_n200_roTrue_s0: PNS(V1,V2) exact: (0.0940954230999999, 0.5326951514)
2026-02-06 13:16:47,326|INFO|random_mc2_n9_mid3_d1000_05_mr098_r10_184_uai_GDCC_1e-05_n200_roFalse_s0: Loading model from ../models/synthetic/s123/random_mc2_n9_mid3_d1000_05_mr098_r10_184.uai
2026-02-06 13:16:47,350|INFO|random_mc2_n9_mid3_d1000_05_mr098_r10_184_uai_GDCC_1e-05_n200_roFalse_s0: Loading data from ../models/synthetic/s123/random_mc2_n9_mid3_d1000_05_mr098_r10_184.csv
2026-02-06 13:16:47,420|INFO|random_mc2_n5_mid3_d1000_05_mr098_r10_128_uai_GDCC_1e-05_n200_roFalse_s0: Arguments: Namespace(method='GDCC_1e-05', numruns='200', seed='0', output='../results/synthetic/s123/', rewrite=True, removeoutliers=False, filepath=['../models/synthetic/s123/random_mc2_n5_mid3_d1000_05_mr098_r10_128.uai'])
2026-02-06 13:16:47,434|INFO|random_mc2_n5_mid3_d1000_05_mr098_r10_119_uai_GDCC_1e-05_n200_roTrue_s0: Arguments: Namespace(method='GDCC_1e-05', numruns='200', seed='0', output='../results/synthetic/s123/', rewrite=True, removeoutliers=True, filepath=['../models/synthetic/s123/random_mc2_n5_mid3_d1000_05_mr098_r10_119.uai'])
2026-02-06 13:16:47,421|INFO|random_mc2_n5_mid3_d1000_05_mr098_r10_128_uai_GDCC_1e-05_n200_roFalse_s0: Loading model from ../models/synthetic/s123/random_mc2_n5_mid3_d1000_05_mr098_r10_128.uai
2026-02-06 13:16:47,428|INFO|random_mc2_n5_mid3_d1000_05_mr098_r10_128_uai_GDCC_1e-05_n200_roFalse_s0: Loading data from ../models/synthetic/s123/random_mc2_n5_mid3_d1000_05_mr098_r10_128.csv
2026-02-06 13:16:47,447|INFO|random_mc2_n5_mid3_d1000_05_mr098_r10_128_uai_GDCC_1e-05_n200_roFalse_s0: PNS(V2,V0) exact: (0.0, 0.0565271411)
2026-02-06 13:16:47,434|INFO|random_mc2_n5_mid3_d1000_05_mr098_r10_119_uai_GDCC_1e-05_n200_roTrue_s0: Loading model from ../models/synthetic/s123/random_mc2_n5_mid3_d1000_05_mr098_r10_119.uai
2026-02-06 13:16:47,446|INFO|random_mc2_n5_mid3_d1000_05_mr098_r10_119_uai_GDCC_1e-05_n200_roTrue_s0: Loading data from ../models/synthetic/s123/random_mc2_n5_mid3_d1000_05_mr098_r10_119.csv
2026-02-06 13:16:48,078|INFO|random_mc2_n6_mid3_d1000_05_mr098_r10_139_uai_GDCC_1e-05_n200_roFalse_s0: Arguments: Namespace(method='GDCC_1e-05', numruns='200', seed='0', output='../results/synthetic/s123/', rewrite=True, removeoutliers=False, filepath=['../models/synthetic/s123/random_mc2_n6_mid3_d1000_05_mr098_r10_139.uai'])
2026-02-06 13:16:48,078|INFO|random_mc2_n6_mid3_d1000_05_mr098_r10_139_uai_GDCC_1e-05_n200_roFalse_s0: Loading model from ../models/synthetic/s123/random_mc2_n6_mid3_d1000_05_mr098_r10_139.uai
2026-02-06 13:16:48,087|INFO|random_mc2_n6_mid3_d1000_05_mr098_r10_139_uai_GDCC_1e-05_n200_roFalse_s0: Loading data from ../models/synthetic/s123/random_mc2_n6_mid3_d1000_05_mr098_r10_139.csv
2026-02-06 13:16:48,100|INFO|random_mc2_n6_mid3_d1000_05_mr098_r10_139_uai_GDCC_1e-05_n200_roFalse_s0: PNS(V0,V4) exact: (0.00014340000000000004, 0.0143472)
2026-02-06 13:16:48,216|INFO|random_mc2_n8_mid3_d1000_05_mr098_r10_26_uai_GDCC_1e-05_n200_roTrue_s0: Arguments: Namespace(method='GDCC_1e-05', numruns='200', seed='0', output='../results/synthetic/s123/', rewrite=True, removeoutliers=True, filepath=['../models/synthetic/s123/random_mc2_n8_mid3_d1000_05_mr098_r10_26.uai'])
2026-02-06 13:16:48,216|INFO|random_mc2_n8_mid3_d1000_05_mr098_r10_26_uai_GDCC_1e-05_n200_roTrue_s0: Loading model from ../models/synthetic/s123/random_mc2_n8_mid3_d1000_05_mr098_r10_26.uai
2026-02-06 13:16:48,239|INFO|random_mc2_n8_mid3_d1000_05_mr098_r10_26_uai_GDCC_1e-05_n200_roTrue_s0: Loading data from ../models/synthetic/s123/random_mc2_n8_mid3_d1000_05_mr098_r10_26.csv
2026-02-06 13:16:48,260|INFO|random_mc2_n9_mid3_d1000_05_mr098_r10_198_uai_GDCC_1e-05_n200_roTrue_s0: Arguments: Namespace(method='GDCC_1e-05', numruns='200', seed='0', output='../results/synthetic/s123/', rewrite=True, removeoutliers=True, filepath=['../models/synthetic/s123/random_mc2_n9_mid3_d1000_05_mr098_r10_198.uai'])
2026-02-06 13:16:48,261|INFO|random_mc2_n9_mid3_d1000_05_mr098_r10_198_uai_GDCC_1e-05_n200_roTrue_s0: Loading model from ../models/synthetic/s123/random_mc2_n9_mid3_d1000_05_mr098_r10_198.uai
2026-02-06 13:16:48,274|INFO|random_mc2_n9_mid3_d1000_05_mr098_r10_198_uai_GDCC_1e-05_n200_roTrue_s0: Loading data from ../models/synthetic/s123/random_mc2_n9_mid3_d1000_05_mr098_r10_198.csv
2026-02-06 13:16:49,666|INFO|random_mc2_n7_mid3_d1000_05_mr098_r10_60_uai_GDCC_1e-05_n200_roTrue_s0: Arguments: Namespace(method='GDCC_1e-05', numruns='200', seed='0', output='../results/synthetic/s123/', rewrite=True, removeoutliers=True, filepath=['../models/synthetic/s123/random_mc2_n7_mid3_d1000_05_mr098_r10_60.uai'])
2026-02-06 13:16:49,667|INFO|random_mc2_n5_mid3_d1000_05_mr098_r10_100_uai_GDCC_1e-05_n200_roFalse_s0: Arguments: Namespace(method='GDCC_1e-05', numruns='200', seed='0', output='../results/synthetic/s123/', rewrite=True, removeoutliers=False, filepath=['../models/synthetic/s123/random_mc2_n5_mid3_d1000_05_mr098_r10_100.uai'])
2026-02-06 13:16:49,666|INFO|random_mc2_n7_mid3_d1000_05_mr098_r10_60_uai_GDCC_1e-05_n200_roTrue_s0: Loading model from ../models/synthetic/s123/random_mc2_n7_mid3_d1000_05_mr098_r10_60.uai
2026-02-06 13:16:49,691|INFO|random_mc2_n7_mid3_d1000_05_mr098_r10_60_uai_GDCC_1e-05_n200_roTrue_s0: Loading data from ../models/synthetic/s123/random_mc2_n7_mid3_d1000_05_mr098_r10_60.csv
2026-02-06 13:16:49,668|INFO|random_mc2_n5_mid3_d1000_05_mr098_r10_100_uai_GDCC_1e-05_n200_roFalse_s0: Loading model from ../models/synthetic/s123/random_mc2_n5_mid3_d1000_05_mr098_r10_100.uai
2026-02-06 13:16:49,691|INFO|random_mc2_n5_mid3_d1000_05_mr098_r10_100_uai_GDCC_1e-05_n200_roFalse_s0: Loading data from ../models/synthetic/s123/random_mc2_n5_mid3_d1000_05_mr098_r10_100.csv
2026-02-06 13:16:52,962|INFO|random_mc2_n5_mid3_d1000_05_mr098_r10_43_uai_GDCC_1e-05_n200_roTrue_s0: Arguments: Namespace(method='GDCC_1e-05', numruns='200', seed='0', output='../results/synthetic/s123/', rewrite=True, removeoutliers=True, filepath=['../models/synthetic/s123/random_mc2_n5_mid3_d1000_05_mr098_r10_43.uai'])
2026-02-06 13:16:52,963|INFO|random_mc2_n5_mid3_d1000_05_mr098_r10_43_uai_GDCC_1e-05_n200_roTrue_s0: Loading model from ../models/synthetic/s123/random_mc2_n5_mid3_d1000_05_mr098_r10_43.uai
2026-02-06 13:16:52,966|INFO|random_mc2_n5_mid3_d1000_05_mr098_r10_43_uai_GDCC_1e-05_n200_roTrue_s0: Loading data from ../models/synthetic/s123/random_mc2_n5_mid3_d1000_05_mr098_r10_43.csv
2026-02-06 13:16:52,975|INFO|random_mc2_n5_mid3_d1000_05_mr098_r10_43_uai_GDCC_1e-05_n200_roTrue_s0: PNS(V4,V2) exact: (0.2198675521, 0.3328360903)
2026-02-06 13:16:53,987|INFO|random_mc2_n5_mid3_d1000_05_mr098_r10_23_uai_GDCC_1e-05_n200_roFalse_s0: Arguments: Namespace(method='GDCC_1e-05', numruns='200', seed='0', output='../results/synthetic/s123/', rewrite=True, removeoutliers=False, filepath=['../models/synthetic/s123/random_mc2_n5_mid3_d1000_05_mr098_r10_23.uai'])
2026-02-06 13:16:54,016|INFO|random_mc2_n6_mid3_d1000_05_mr098_r10_86_uai_GDCC_1e-05_n200_roTrue_s0: Arguments: Namespace(method='GDCC_1e-05', numruns='200', seed='0', output='../results/synthetic/s123/', rewrite=True, removeoutliers=True, filepath=['../models/synthetic/s123/random_mc2_n6_mid3_d1000_05_mr098_r10_86.uai'])
2026-02-06 13:16:54,024|INFO|random_mc2_n6_mid3_d1000_05_mr098_r10_40_uai_GDCC_1e-05_n200_roTrue_s0: Arguments: Namespace(method='GDCC_1e-05', numruns='200', seed='0', output='../results/synthetic/s123/', rewrite=True, removeoutliers=True, filepath=['../models/synthetic/s123/random_mc2_n6_mid3_d1000_05_mr098_r10_40.uai'])
2026-02-06 13:16:53,988|INFO|random_mc2_n5_mid3_d1000_05_mr098_r10_23_uai_GDCC_1e-05_n200_roFalse_s0: Loading model from ../models/synthetic/s123/random_mc2_n5_mid3_d1000_05_mr098_r10_23.uai
2026-02-06 13:16:54,003|INFO|random_mc2_n5_mid3_d1000_05_mr098_r10_23_uai_GDCC_1e-05_n200_roFalse_s0: Loading data from ../models/synthetic/s123/random_mc2_n5_mid3_d1000_05_mr098_r10_23.csv
2026-02-06 13:16:54,024|INFO|random_mc2_n5_mid3_d1000_05_mr098_r10_23_uai_GDCC_1e-05_n200_roFalse_s0: PNS(V4,V1) exact: (0.0, 0.07268)
2026-02-06 13:16:54,016|INFO|random_mc2_n6_mid3_d1000_05_mr098_r10_86_uai_GDCC_1e-05_n200_roTrue_s0: Loading model from ../models/synthetic/s123/random_mc2_n6_mid3_d1000_05_mr098_r10_86.uai
2026-02-06 13:16:54,033|INFO|random_mc2_n6_mid3_d1000_05_mr098_r10_86_uai_GDCC_1e-05_n200_roTrue_s0: Loading data from ../models/synthetic/s123/random_mc2_n6_mid3_d1000_05_mr098_r10_86.csv
2026-02-06 13:16:54,025|INFO|random_mc2_n6_mid3_d1000_05_mr098_r10_40_uai_GDCC_1e-05_n200_roTrue_s0: Loading model from ../models/synthetic/s123/random_mc2_n6_mid3_d1000_05_mr098_r10_40.uai
2026-02-06 13:16:54,037|INFO|random_mc2_n6_mid3_d1000_05_mr098_r10_40_uai_GDCC_1e-05_n200_roTrue_s0: Loading data from ../models/synthetic/s123/random_mc2_n6_mid3_d1000_05_mr098_r10_40.csv
2026-02-06 13:16:54,055|INFO|random_mc2_n6_mid3_d1000_05_mr098_r10_40_uai_GDCC_1e-05_n200_roTrue_s0: PNS(V1,V5) exact: (0.0, 0.0896543509)
2026-02-06 13:16:55,649|INFO|random_mc2_n7_mid3_d1000_05_mr098_r10_56_uai_GDCC_1e-05_n200_roTrue_s0: Arguments: Namespace(method='GDCC_1e-05', numruns='200', seed='0', output='../results/synthetic/s123/', rewrite=True, removeoutliers=True, filepath=['../models/synthetic/s123/random_mc2_n7_mid3_d1000_05_mr098_r10_56.uai'])
2026-02-06 13:16:55,687|INFO|random_mc2_n5_mid3_d1000_05_mr098_r10_154_uai_GDCC_1e-05_n200_roTrue_s0: Arguments: Namespace(method='GDCC_1e-05', numruns='200', seed='0', output='../results/synthetic/s123/', rewrite=True, removeoutliers=True, filepath=['../models/synthetic/s123/random_mc2_n5_mid3_d1000_05_mr098_r10_154.uai'])
2026-02-06 13:16:55,649|INFO|random_mc2_n7_mid3_d1000_05_mr098_r10_56_uai_GDCC_1e-05_n200_roTrue_s0: Loading model from ../models/synthetic/s123/random_mc2_n7_mid3_d1000_05_mr098_r10_56.uai
2026-02-06 13:16:55,671|INFO|random_mc2_n7_mid3_d1000_05_mr098_r10_56_uai_GDCC_1e-05_n200_roTrue_s0: Loading data from ../models/synthetic/s123/random_mc2_n7_mid3_d1000_05_mr098_r10_56.csv
2026-02-06 13:16:55,701|INFO|random_mc2_n5_mid3_d1000_05_mr098_r10_82_uai_GDCC_1e-05_n200_roFalse_s0: Arguments: Namespace(method='GDCC_1e-05', numruns='200', seed='0', output='../results/synthetic/s123/', rewrite=True, removeoutliers=False, filepath=['../models/synthetic/s123/random_mc2_n5_mid3_d1000_05_mr098_r10_82.uai'])
2026-02-06 13:16:55,708|INFO|random_mc2_n6_mid3_d1000_05_mr098_r10_142_uai_GDCC_1e-05_n200_roTrue_s0: Arguments: Namespace(method='GDCC_1e-05', numruns='200', seed='0', output='../results/synthetic/s123/', rewrite=True, removeoutliers=True, filepath=['../models/synthetic/s123/random_mc2_n6_mid3_d1000_05_mr098_r10_142.uai'])
2026-02-06 13:16:55,688|INFO|random_mc2_n5_mid3_d1000_05_mr098_r10_154_uai_GDCC_1e-05_n200_roTrue_s0: Loading model from ../models/synthetic/s123/random_mc2_n5_mid3_d1000_05_mr098_r10_154.uai
2026-02-06 13:16:55,704|INFO|random_mc2_n5_mid3_d1000_05_mr098_r10_154_uai_GDCC_1e-05_n200_roTrue_s0: Loading data from ../models/synthetic/s123/random_mc2_n5_mid3_d1000_05_mr098_r10_154.csv
2026-02-06 13:16:55,701|INFO|random_mc2_n5_mid3_d1000_05_mr098_r10_82_uai_GDCC_1e-05_n200_roFalse_s0: Loading model from ../models/synthetic/s123/random_mc2_n5_mid3_d1000_05_mr098_r10_82.uai
2026-02-06 13:16:55,711|INFO|random_mc2_n5_mid3_d1000_05_mr098_r10_82_uai_GDCC_1e-05_n200_roFalse_s0: Loading data from ../models/synthetic/s123/random_mc2_n5_mid3_d1000_05_mr098_r10_82.csv
2026-02-06 13:16:55,708|INFO|random_mc2_n6_mid3_d1000_05_mr098_r10_142_uai_GDCC_1e-05_n200_roTrue_s0: Loading model from ../models/synthetic/s123/random_mc2_n6_mid3_d1000_05_mr098_r10_142.uai
2026-02-06 13:16:55,719|INFO|random_mc2_n6_mid3_d1000_05_mr098_r10_142_uai_GDCC_1e-05_n200_roTrue_s0: Loading data from ../models/synthetic/s123/random_mc2_n6_mid3_d1000_05_mr098_r10_142.csv
2026-02-06 13:16:55,732|INFO|random_mc2_n6_mid3_d1000_05_mr098_r10_142_uai_GDCC_1e-05_n200_roTrue_s0: PNS(V0,V5) exact: (0.98933, 0.99047)
2026-02-06 13:16:56,820|INFO|random_mc2_n6_mid3_d1000_05_mr098_r10_185_uai_GDCC_1e-05_n200_roTrue_s0: Arguments: Namespace(method='GDCC_1e-05', numruns='200', seed='0', output='../results/synthetic/s123/', rewrite=True, removeoutliers=True, filepath=['../models/synthetic/s123/random_mc2_n6_mid3_d1000_05_mr098_r10_185.uai'])
2026-02-06 13:16:56,845|INFO|random_mc2_n6_mid3_d1000_05_mr098_r10_154_uai_GDCC_1e-05_n200_roTrue_s0: Arguments: Namespace(method='GDCC_1e-05', numruns='200', seed='0', output='../results/synthetic/s123/', rewrite=True, removeoutliers=True, filepath=['../models/synthetic/s123/random_mc2_n6_mid3_d1000_05_mr098_r10_154.uai'])
2026-02-06 13:16:56,860|INFO|random_mc2_n5_mid3_d1000_05_mr098_r10_17_uai_GDCC_1e-05_n200_roTrue_s0: Arguments: Namespace(method='GDCC_1e-05', numruns='200', seed='0', output='../results/synthetic/s123/', rewrite=True, removeoutliers=True, filepath=['../models/synthetic/s123/random_mc2_n5_mid3_d1000_05_mr098_r10_17.uai'])
2026-02-06 13:16:56,820|INFO|random_mc2_n6_mid3_d1000_05_mr098_r10_185_uai_GDCC_1e-05_n200_roTrue_s0: Loading model from ../models/synthetic/s123/random_mc2_n6_mid3_d1000_05_mr098_r10_185.uai
2026-02-06 13:16:56,838|INFO|random_mc2_n6_mid3_d1000_05_mr098_r10_185_uai_GDCC_1e-05_n200_roTrue_s0: Loading data from ../models/synthetic/s123/random_mc2_n6_mid3_d1000_05_mr098_r10_185.csv
2026-02-06 13:16:56,845|INFO|random_mc2_n6_mid3_d1000_05_mr098_r10_154_uai_GDCC_1e-05_n200_roTrue_s0: Loading model from ../models/synthetic/s123/random_mc2_n6_mid3_d1000_05_mr098_r10_154.uai
2026-02-06 13:16:56,863|INFO|random_mc2_n6_mid3_d1000_05_mr098_r10_154_uai_GDCC_1e-05_n200_roTrue_s0: Loading data from ../models/synthetic/s123/random_mc2_n6_mid3_d1000_05_mr098_r10_154.csv
2026-02-06 13:16:56,860|INFO|random_mc2_n5_mid3_d1000_05_mr098_r10_17_uai_GDCC_1e-05_n200_roTrue_s0: Loading model from ../models/synthetic/s123/random_mc2_n5_mid3_d1000_05_mr098_r10_17.uai
2026-02-06 13:16:56,872|INFO|random_mc2_n5_mid3_d1000_05_mr098_r10_17_uai_GDCC_1e-05_n200_roTrue_s0: Loading data from ../models/synthetic/s123/random_mc2_n5_mid3_d1000_05_mr098_r10_17.csv
2026-02-06 13:16:56,889|INFO|random_mc2_n5_mid3_d1000_05_mr098_r10_17_uai_GDCC_1e-05_n200_roTrue_s0: PNS(V2,V0) exact: (0.0009668192, 0.0226223524444999)
2026-02-06 13:16:56,936|INFO|random_mc2_n7_mid3_d1000_05_mr098_r10_22_uai_GDCC_1e-05_n200_roTrue_s0: Arguments: Namespace(method='GDCC_1e-05', numruns='200', seed='0', output='../results/synthetic/s123/', rewrite=True, removeoutliers=True, filepath=['../models/synthetic/s123/random_mc2_n7_mid3_d1000_05_mr098_r10_22.uai'])
2026-02-06 13:16:56,936|INFO|random_mc2_n7_mid3_d1000_05_mr098_r10_22_uai_GDCC_1e-05_n200_roTrue_s0: Loading model from ../models/synthetic/s123/random_mc2_n7_mid3_d1000_05_mr098_r10_22.uai
2026-02-06 13:16:56,953|INFO|random_mc2_n7_mid3_d1000_05_mr098_r10_22_uai_GDCC_1e-05_n200_roTrue_s0: Loading data from ../models/synthetic/s123/random_mc2_n7_mid3_d1000_05_mr098_r10_22.csv
2026-02-06 13:16:56,965|INFO|random_mc2_n7_mid3_d1000_05_mr098_r10_22_uai_GDCC_1e-05_n200_roTrue_s0: PNS(V1,V0) exact: (0.4818094928831341, 0.6444694971595442)
2026-02-06 13:16:57,058|INFO|random_mc2_n5_mid3_d1000_05_mr098_r10_60_uai_GDCC_1e-05_n200_roTrue_s0: Arguments: Namespace(method='GDCC_1e-05', numruns='200', seed='0', output='../results/synthetic/s123/', rewrite=True, removeoutliers=True, filepath=['../models/synthetic/s123/random_mc2_n5_mid3_d1000_05_mr098_r10_60.uai'])
2026-02-06 13:16:57,085|INFO|random_mc2_n7_mid3_d1000_05_mr098_r10_195_uai_GDCC_1e-05_n200_roFalse_s0: Arguments: Namespace(method='GDCC_1e-05', numruns='200', seed='0', output='../results/synthetic/s123/', rewrite=True, removeoutliers=False, filepath=['../models/synthetic/s123/random_mc2_n7_mid3_d1000_05_mr098_r10_195.uai'])
2026-02-06 13:16:57,059|INFO|random_mc2_n5_mid3_d1000_05_mr098_r10_60_uai_GDCC_1e-05_n200_roTrue_s0: Loading model from ../models/synthetic/s123/random_mc2_n5_mid3_d1000_05_mr098_r10_60.uai
2026-02-06 13:16:57,076|INFO|random_mc2_n5_mid3_d1000_05_mr098_r10_60_uai_GDCC_1e-05_n200_roTrue_s0: Loading data from ../models/synthetic/s123/random_mc2_n5_mid3_d1000_05_mr098_r10_60.csv
2026-02-06 13:16:57,085|INFO|random_mc2_n7_mid3_d1000_05_mr098_r10_195_uai_GDCC_1e-05_n200_roFalse_s0: Loading model from ../models/synthetic/s123/random_mc2_n7_mid3_d1000_05_mr098_r10_195.uai
2026-02-06 13:16:57,109|INFO|random_mc2_n7_mid3_d1000_05_mr098_r10_195_uai_GDCC_1e-05_n200_roFalse_s0: Loading data from ../models/synthetic/s123/random_mc2_n7_mid3_d1000_05_mr098_r10_195.csv
2026-02-06 13:16:57,184|INFO|random_mc2_n8_mid3_d1000_05_mr098_r10_153_uai_GDCC_1e-05_n200_roTrue_s0: Arguments: Namespace(method='GDCC_1e-05', numruns='200', seed='0', output='../results/synthetic/s123/', rewrite=True, removeoutliers=True, filepath=['../models/synthetic/s123/random_mc2_n8_mid3_d1000_05_mr098_r10_153.uai'])
2026-02-06 13:16:57,184|INFO|random_mc2_n8_mid3_d1000_05_mr098_r10_153_uai_GDCC_1e-05_n200_roTrue_s0: Loading model from ../models/synthetic/s123/random_mc2_n8_mid3_d1000_05_mr098_r10_153.uai
2026-02-06 13:16:57,215|INFO|random_mc2_n8_mid3_d1000_05_mr098_r10_153_uai_GDCC_1e-05_n200_roTrue_s0: Loading data from ../models/synthetic/s123/random_mc2_n8_mid3_d1000_05_mr098_r10_153.csv
2026-02-06 13:17:03,109|INFO|random_mc2_n6_mid3_d1000_05_mr098_r10_71_uai_GDCC_1e-05_n200_roFalse_s0: Arguments: Namespace(method='GDCC_1e-05', numruns='200', seed='0', output='../results/synthetic/s123/', rewrite=True, removeoutliers=False, filepath=['../models/synthetic/s123/random_mc2_n6_mid3_d1000_05_mr098_r10_71.uai'])
2026-02-06 13:17:03,128|INFO|random_mc2_n5_mid3_d1000_05_mr098_r10_44_uai_GDCC_1e-05_n200_roTrue_s0: Arguments: Namespace(method='GDCC_1e-05', numruns='200', seed='0', output='../results/synthetic/s123/', rewrite=True, removeoutliers=True, filepath=['../models/synthetic/s123/random_mc2_n5_mid3_d1000_05_mr098_r10_44.uai'])
2026-02-06 13:17:03,109|INFO|random_mc2_n6_mid3_d1000_05_mr098_r10_71_uai_GDCC_1e-05_n200_roFalse_s0: Loading model from ../models/synthetic/s123/random_mc2_n6_mid3_d1000_05_mr098_r10_71.uai
2026-02-06 13:17:03,148|INFO|random_mc2_n6_mid3_d1000_05_mr098_r10_38_uai_GDCC_1e-05_n200_roTrue_s0: Arguments: Namespace(method='GDCC_1e-05', numruns='200', seed='0', output='../results/synthetic/s123/', rewrite=True, removeoutliers=True, filepath=['../models/synthetic/s123/random_mc2_n6_mid3_d1000_05_mr098_r10_38.uai'])
2026-02-06 13:17:03,126|INFO|random_mc2_n6_mid3_d1000_05_mr098_r10_71_uai_GDCC_1e-05_n200_roFalse_s0: Loading data from ../models/synthetic/s123/random_mc2_n6_mid3_d1000_05_mr098_r10_71.csv
2026-02-06 13:17:03,143|INFO|random_mc2_n6_mid3_d1000_05_mr098_r10_71_uai_GDCC_1e-05_n200_roFalse_s0: PNS(V0,V3) exact: (0.5001600000000002, 0.6072)
2026-02-06 13:17:03,157|INFO|random_mc2_n6_mid3_d1000_05_mr098_r10_149_uai_GDCC_1e-05_n200_roTrue_s0: Arguments: Namespace(method='GDCC_1e-05', numruns='200', seed='0', output='../results/synthetic/s123/', rewrite=True, removeoutliers=True, filepath=['../models/synthetic/s123/random_mc2_n6_mid3_d1000_05_mr098_r10_149.uai'])
2026-02-06 13:17:03,128|INFO|random_mc2_n5_mid3_d1000_05_mr098_r10_44_uai_GDCC_1e-05_n200_roTrue_s0: Loading model from ../models/synthetic/s123/random_mc2_n5_mid3_d1000_05_mr098_r10_44.uai
2026-02-06 13:17:03,143|INFO|random_mc2_n5_mid3_d1000_05_mr098_r10_44_uai_GDCC_1e-05_n200_roTrue_s0: Loading data from ../models/synthetic/s123/random_mc2_n5_mid3_d1000_05_mr098_r10_44.csv
2026-02-06 13:17:03,162|INFO|random_mc2_n5_mid3_d1000_05_mr098_r10_44_uai_GDCC_1e-05_n200_roTrue_s0: PNS(V1,V3) exact: (0.01686, 0.02828)
2026-02-06 13:17:03,174|INFO|random_mc2_n6_mid3_d1000_05_mr098_r10_44_uai_GDCC_1e-05_n200_roFalse_s0: Arguments: Namespace(method='GDCC_1e-05', numruns='200', seed='0', output='../results/synthetic/s123/', rewrite=True, removeoutliers=False, filepath=['../models/synthetic/s123/random_mc2_n6_mid3_d1000_05_mr098_r10_44.uai'])
2026-02-06 13:17:03,149|INFO|random_mc2_n6_mid3_d1000_05_mr098_r10_38_uai_GDCC_1e-05_n200_roTrue_s0: Loading model from ../models/synthetic/s123/random_mc2_n6_mid3_d1000_05_mr098_r10_38.uai
2026-02-06 13:17:03,160|INFO|random_mc2_n6_mid3_d1000_05_mr098_r10_38_uai_GDCC_1e-05_n200_roTrue_s0: Loading data from ../models/synthetic/s123/random_mc2_n6_mid3_d1000_05_mr098_r10_38.csv
2026-02-06 13:17:03,179|INFO|random_mc2_n6_mid3_d1000_05_mr098_r10_38_uai_GDCC_1e-05_n200_roTrue_s0: PNS(V0,V3) exact: (0.0032650838421653, 0.0300094630044194)
2026-02-06 13:17:03,158|INFO|random_mc2_n6_mid3_d1000_05_mr098_r10_149_uai_GDCC_1e-05_n200_roTrue_s0: Loading model from ../models/synthetic/s123/random_mc2_n6_mid3_d1000_05_mr098_r10_149.uai
2026-02-06 13:17:03,179|INFO|random_mc2_n6_mid3_d1000_05_mr098_r10_149_uai_GDCC_1e-05_n200_roTrue_s0: Loading data from ../models/synthetic/s123/random_mc2_n6_mid3_d1000_05_mr098_r10_149.csv
2026-02-06 13:17:03,201|INFO|random_mc2_n6_mid3_d1000_05_mr098_r10_149_uai_GDCC_1e-05_n200_roTrue_s0: PNS(V2,V5) exact: (0.6597397735, 0.811257382)
2026-02-06 13:17:03,174|INFO|random_mc2_n6_mid3_d1000_05_mr098_r10_44_uai_GDCC_1e-05_n200_roFalse_s0: Loading model from ../models/synthetic/s123/random_mc2_n6_mid3_d1000_05_mr098_r10_44.uai
2026-02-06 13:17:03,188|INFO|random_mc2_n6_mid3_d1000_05_mr098_r10_44_uai_GDCC_1e-05_n200_roFalse_s0: Loading data from ../models/synthetic/s123/random_mc2_n6_mid3_d1000_05_mr098_r10_44.csv
2026-02-06 13:17:03,204|INFO|random_mc2_n6_mid3_d1000_05_mr098_r10_44_uai_GDCC_1e-05_n200_roFalse_s0: PNS(V3,V5) exact: (0.0558153164, 0.3842657125)
2026-02-06 13:17:03,250|INFO|random_mc2_n6_mid3_d1000_05_mr098_r10_142_uai_GDCC_1e-05_n200_roFalse_s0: Arguments: Namespace(method='GDCC_1e-05', numruns='200', seed='0', output='../results/synthetic/s123/', rewrite=True, removeoutliers=False, filepath=['../models/synthetic/s123/random_mc2_n6_mid3_d1000_05_mr098_r10_142.uai'])
2026-02-06 13:17:03,251|INFO|random_mc2_n6_mid3_d1000_05_mr098_r10_142_uai_GDCC_1e-05_n200_roFalse_s0: Loading model from ../models/synthetic/s123/random_mc2_n6_mid3_d1000_05_mr098_r10_142.uai
2026-02-06 13:17:03,264|INFO|random_mc2_n6_mid3_d1000_05_mr098_r10_142_uai_GDCC_1e-05_n200_roFalse_s0: Loading data from ../models/synthetic/s123/random_mc2_n6_mid3_d1000_05_mr098_r10_142.csv
2026-02-06 13:17:03,279|INFO|random_mc2_n6_mid3_d1000_05_mr098_r10_142_uai_GDCC_1e-05_n200_roFalse_s0: PNS(V0,V5) exact: (0.98933, 0.99047)
2026-02-06 13:17:03,297|INFO|random_mc2_n5_mid3_d1000_05_mr098_r10_196_uai_GDCC_1e-05_n200_roTrue_s0: Arguments: Namespace(method='GDCC_1e-05', numruns='200', seed='0', output='../results/synthetic/s123/', rewrite=True, removeoutliers=True, filepath=['../models/synthetic/s123/random_mc2_n5_mid3_d1000_05_mr098_r10_196.uai'])
2026-02-06 13:17:03,297|INFO|random_mc2_n5_mid3_d1000_05_mr098_r10_196_uai_GDCC_1e-05_n200_roTrue_s0: Loading model from ../models/synthetic/s123/random_mc2_n5_mid3_d1000_05_mr098_r10_196.uai
2026-02-06 13:17:03,316|INFO|random_mc2_n5_mid3_d1000_05_mr098_r10_196_uai_GDCC_1e-05_n200_roTrue_s0: Loading data from ../models/synthetic/s123/random_mc2_n5_mid3_d1000_05_mr098_r10_196.csv
2026-02-06 13:17:03,361|INFO|random_mc2_n9_mid3_d1000_05_mr098_r10_121_uai_GDCC_1e-05_n200_roFalse_s0: Arguments: Namespace(method='GDCC_1e-05', numruns='200', seed='0', output='../results/synthetic/s123/', rewrite=True, removeoutliers=False, filepath=['../models/synthetic/s123/random_mc2_n9_mid3_d1000_05_mr098_r10_121.uai'])
2026-02-06 13:17:03,370|INFO|random_mc2_n6_mid3_d1000_05_mr098_r10_141_uai_GDCC_1e-05_n200_roTrue_s0: Arguments: Namespace(method='GDCC_1e-05', numruns='200', seed='0', output='../results/synthetic/s123/', rewrite=True, removeoutliers=True, filepath=['../models/synthetic/s123/random_mc2_n6_mid3_d1000_05_mr098_r10_141.uai'])
2026-02-06 13:17:03,396|INFO|random_mc2_n7_mid3_d1000_05_mr098_r10_194_uai_GDCC_1e-05_n200_roFalse_s0: Arguments: Namespace(method='GDCC_1e-05', numruns='200', seed='0', output='../results/synthetic/s123/', rewrite=True, removeoutliers=False, filepath=['../models/synthetic/s123/random_mc2_n7_mid3_d1000_05_mr098_r10_194.uai'])
2026-02-06 13:17:03,397|INFO|random_mc2_n7_mid3_d1000_05_mr098_r10_154_uai_GDCC_1e-05_n200_roTrue_s0: Arguments: Namespace(method='GDCC_1e-05', numruns='200', seed='0', output='../results/synthetic/s123/', rewrite=True, removeoutliers=True, filepath=['../models/synthetic/s123/random_mc2_n7_mid3_d1000_05_mr098_r10_154.uai'])
2026-02-06 13:17:03,361|INFO|random_mc2_n9_mid3_d1000_05_mr098_r10_121_uai_GDCC_1e-05_n200_roFalse_s0: Loading model from ../models/synthetic/s123/random_mc2_n9_mid3_d1000_05_mr098_r10_121.uai
2026-02-06 13:17:03,376|INFO|random_mc2_n9_mid3_d1000_05_mr098_r10_121_uai_GDCC_1e-05_n200_roFalse_s0: Loading data from ../models/synthetic/s123/random_mc2_n9_mid3_d1000_05_mr098_r10_121.csv
2026-02-06 13:17:03,370|INFO|random_mc2_n6_mid3_d1000_05_mr098_r10_141_uai_GDCC_1e-05_n200_roTrue_s0: Loading model from ../models/synthetic/s123/random_mc2_n6_mid3_d1000_05_mr098_r10_141.uai
2026-02-06 13:17:03,419|INFO|random_mc2_n6_mid3_d1000_05_mr098_r10_141_uai_GDCC_1e-05_n200_roTrue_s0: Loading data from ../models/synthetic/s123/random_mc2_n6_mid3_d1000_05_mr098_r10_141.csv
2026-02-06 13:17:03,428|INFO|random_mc2_n6_mid3_d1000_05_mr098_r10_141_uai_GDCC_1e-05_n200_roTrue_s0: PNS(V1,V4) exact: (0.2486475012, 0.2716618306)
2026-02-06 13:17:03,397|INFO|random_mc2_n7_mid3_d1000_05_mr098_r10_194_uai_GDCC_1e-05_n200_roFalse_s0: Loading model from ../models/synthetic/s123/random_mc2_n7_mid3_d1000_05_mr098_r10_194.uai
2026-02-06 13:17:03,420|INFO|random_mc2_n7_mid3_d1000_05_mr098_r10_194_uai_GDCC_1e-05_n200_roFalse_s0: Loading data from ../models/synthetic/s123/random_mc2_n7_mid3_d1000_05_mr098_r10_194.csv
2026-02-06 13:17:03,397|INFO|random_mc2_n7_mid3_d1000_05_mr098_r10_154_uai_GDCC_1e-05_n200_roTrue_s0: Loading model from ../models/synthetic/s123/random_mc2_n7_mid3_d1000_05_mr098_r10_154.uai
2026-02-06 13:17:03,410|INFO|random_mc2_n7_mid3_d1000_05_mr098_r10_154_uai_GDCC_1e-05_n200_roTrue_s0: Loading data from ../models/synthetic/s123/random_mc2_n7_mid3_d1000_05_mr098_r10_154.csv
2026-02-06 13:17:03,500|INFO|random_mc2_n6_mid3_d1000_05_mr098_r10_158_uai_GDCC_1e-05_n200_roTrue_s0: Arguments: Namespace(method='GDCC_1e-05', numruns='200', seed='0', output='../results/synthetic/s123/', rewrite=True, removeoutliers=True, filepath=['../models/synthetic/s123/random_mc2_n6_mid3_d1000_05_mr098_r10_158.uai'])
2026-02-06 13:17:03,500|INFO|random_mc2_n6_mid3_d1000_05_mr098_r10_158_uai_GDCC_1e-05_n200_roTrue_s0: Loading model from ../models/synthetic/s123/random_mc2_n6_mid3_d1000_05_mr098_r10_158.uai
2026-02-06 13:17:03,511|INFO|random_mc2_n6_mid3_d1000_05_mr098_r10_158_uai_GDCC_1e-05_n200_roTrue_s0: Loading data from ../models/synthetic/s123/random_mc2_n6_mid3_d1000_05_mr098_r10_158.csv
2026-02-06 13:17:03,529|INFO|random_mc2_n6_mid3_d1000_05_mr098_r10_158_uai_GDCC_1e-05_n200_roTrue_s0: PNS(V3,V5) exact: (8.867665431e-05, 0.009532690396884)
2026-02-06 13:17:03,546|INFO|random_mc2_n7_mid3_d1000_05_mr098_r10_155_uai_GDCC_1e-05_n200_roTrue_s0: Arguments: Namespace(method='GDCC_1e-05', numruns='200', seed='0', output='../results/synthetic/s123/', rewrite=True, removeoutliers=True, filepath=['../models/synthetic/s123/random_mc2_n7_mid3_d1000_05_mr098_r10_155.uai'])
2026-02-06 13:17:03,546|INFO|random_mc2_n7_mid3_d1000_05_mr098_r10_155_uai_GDCC_1e-05_n200_roTrue_s0: Loading model from ../models/synthetic/s123/random_mc2_n7_mid3_d1000_05_mr098_r10_155.uai
2026-02-06 13:17:03,563|INFO|random_mc2_n7_mid3_d1000_05_mr098_r10_155_uai_GDCC_1e-05_n200_roTrue_s0: Loading data from ../models/synthetic/s123/random_mc2_n7_mid3_d1000_05_mr098_r10_155.csv
2026-02-06 13:17:05,458|INFO|random_mc2_n5_mid3_d1000_05_mr098_r10_35_uai_GDCC_1e-05_n200_roTrue_s0: Arguments: Namespace(method='GDCC_1e-05', numruns='200', seed='0', output='../results/synthetic/s123/', rewrite=True, removeoutliers=True, filepath=['../models/synthetic/s123/random_mc2_n5_mid3_d1000_05_mr098_r10_35.uai'])
2026-02-06 13:17:05,484|INFO|random_mc2_n6_mid3_d1000_05_mr098_r10_135_uai_GDCC_1e-05_n200_roTrue_s0: Arguments: Namespace(method='GDCC_1e-05', numruns='200', seed='0', output='../results/synthetic/s123/', rewrite=True, removeoutliers=True, filepath=['../models/synthetic/s123/random_mc2_n6_mid3_d1000_05_mr098_r10_135.uai'])
2026-02-06 13:17:05,458|INFO|random_mc2_n5_mid3_d1000_05_mr098_r10_35_uai_GDCC_1e-05_n200_roTrue_s0: Loading model from ../models/synthetic/s123/random_mc2_n5_mid3_d1000_05_mr098_r10_35.uai
2026-02-06 13:17:05,485|INFO|random_mc2_n6_mid3_d1000_05_mr098_r10_135_uai_GDCC_1e-05_n200_roTrue_s0: Loading model from ../models/synthetic/s123/random_mc2_n6_mid3_d1000_05_mr098_r10_135.uai
2026-02-06 13:17:05,469|INFO|random_mc2_n5_mid3_d1000_05_mr098_r10_35_uai_GDCC_1e-05_n200_roTrue_s0: Loading data from ../models/synthetic/s123/random_mc2_n5_mid3_d1000_05_mr098_r10_35.csv
2026-02-06 13:17:05,530|INFO|random_mc2_n5_mid3_d1000_05_mr098_r10_35_uai_GDCC_1e-05_n200_roTrue_s0: PNS(V1,V0) exact: (0.0068097203999999, 0.1260976746)
2026-02-06 13:17:05,545|INFO|random_mc2_n6_mid3_d1000_05_mr098_r10_135_uai_GDCC_1e-05_n200_roTrue_s0: Loading data from ../models/synthetic/s123/random_mc2_n6_mid3_d1000_05_mr098_r10_135.csv
2026-02-06 13:17:05,555|INFO|random_mc2_n6_mid3_d1000_05_mr098_r10_190_uai_GDCC_1e-05_n200_roTrue_s0: Arguments: Namespace(method='GDCC_1e-05', numruns='200', seed='0', output='../results/synthetic/s123/', rewrite=True, removeoutliers=True, filepath=['../models/synthetic/s123/random_mc2_n6_mid3_d1000_05_mr098_r10_190.uai'])
2026-02-06 13:17:05,577|INFO|random_mc2_n6_mid3_d1000_05_mr098_r10_200_uai_GDCC_1e-05_n200_roTrue_s0: Arguments: Namespace(method='GDCC_1e-05', numruns='200', seed='0', output='../results/synthetic/s123/', rewrite=True, removeoutliers=True, filepath=['../models/synthetic/s123/random_mc2_n6_mid3_d1000_05_mr098_r10_200.uai'])
2026-02-06 13:17:05,555|INFO|random_mc2_n6_mid3_d1000_05_mr098_r10_190_uai_GDCC_1e-05_n200_roTrue_s0: Loading model from ../models/synthetic/s123/random_mc2_n6_mid3_d1000_05_mr098_r10_190.uai
2026-02-06 13:17:05,574|INFO|random_mc2_n6_mid3_d1000_05_mr098_r10_190_uai_GDCC_1e-05_n200_roTrue_s0: Loading data from ../models/synthetic/s123/random_mc2_n6_mid3_d1000_05_mr098_r10_190.csv
2026-02-06 13:17:05,593|INFO|random_mc2_n6_mid3_d1000_05_mr098_r10_190_uai_GDCC_1e-05_n200_roTrue_s0: PNS(V1,V3) exact: (0.6666155524875482, 0.789958677372704)
2026-02-06 13:17:05,577|INFO|random_mc2_n6_mid3_d1000_05_mr098_r10_200_uai_GDCC_1e-05_n200_roTrue_s0: Loading model from ../models/synthetic/s123/random_mc2_n6_mid3_d1000_05_mr098_r10_200.uai
2026-02-06 13:17:05,615|INFO|random_mc2_n6_mid3_d1000_05_mr098_r10_200_uai_GDCC_1e-05_n200_roTrue_s0: Loading data from ../models/synthetic/s123/random_mc2_n6_mid3_d1000_05_mr098_r10_200.csv
2026-02-06 13:17:08,756|INFO|random_mc2_n6_mid3_d1000_05_mr098_r10_173_uai_GDCC_1e-05_n200_roTrue_s0: Arguments: Namespace(method='GDCC_1e-05', numruns='200', seed='0', output='../results/synthetic/s123/', rewrite=True, removeoutliers=True, filepath=['../models/synthetic/s123/random_mc2_n6_mid3_d1000_05_mr098_r10_173.uai'])
2026-02-06 13:17:08,757|INFO|random_mc2_n6_mid3_d1000_05_mr098_r10_173_uai_GDCC_1e-05_n200_roTrue_s0: Loading model from ../models/synthetic/s123/random_mc2_n6_mid3_d1000_05_mr098_r10_173.uai
2026-02-06 13:17:08,780|INFO|random_mc2_n6_mid3_d1000_05_mr098_r10_173_uai_GDCC_1e-05_n200_roTrue_s0: Loading data from ../models/synthetic/s123/random_mc2_n6_mid3_d1000_05_mr098_r10_173.csv
2026-02-06 13:17:08,801|INFO|random_mc2_n6_mid3_d1000_05_mr098_r10_173_uai_GDCC_1e-05_n200_roTrue_s0: PNS(V0,V1) exact: (0.1087817342113937, 0.3199727789499366)
2026-02-06 13:17:08,806|INFO|random_mc2_n7_mid3_d1000_05_mr098_r10_98_uai_GDCC_1e-05_n200_roTrue_s0: Arguments: Namespace(method='GDCC_1e-05', numruns='200', seed='0', output='../results/synthetic/s123/', rewrite=True, removeoutliers=True, filepath=['../models/synthetic/s123/random_mc2_n7_mid3_d1000_05_mr098_r10_98.uai'])
2026-02-06 13:17:08,806|INFO|random_mc2_n7_mid3_d1000_05_mr098_r10_98_uai_GDCC_1e-05_n200_roTrue_s0: Loading model from ../models/synthetic/s123/random_mc2_n7_mid3_d1000_05_mr098_r10_98.uai
2026-02-06 13:17:08,824|INFO|random_mc2_n7_mid3_d1000_05_mr098_r10_98_uai_GDCC_1e-05_n200_roTrue_s0: Loading data from ../models/synthetic/s123/random_mc2_n7_mid3_d1000_05_mr098_r10_98.csv
2026-02-06 13:17:08,881|INFO|random_mc2_n5_mid3_d1000_05_mr098_r10_125_uai_GDCC_1e-05_n200_roFalse_s0: Arguments: Namespace(method='GDCC_1e-05', numruns='200', seed='0', output='../results/synthetic/s123/', rewrite=True, removeoutliers=False, filepath=['../models/synthetic/s123/random_mc2_n5_mid3_d1000_05_mr098_r10_125.uai'])
2026-02-06 13:17:08,907|INFO|random_mc2_n5_mid3_d1000_05_mr098_r10_126_uai_GDCC_1e-05_n200_roTrue_s0: Arguments: Namespace(method='GDCC_1e-05', numruns='200', seed='0', output='../results/synthetic/s123/', rewrite=True, removeoutliers=True, filepath=['../models/synthetic/s123/random_mc2_n5_mid3_d1000_05_mr098_r10_126.uai'])
2026-02-06 13:17:08,881|INFO|random_mc2_n5_mid3_d1000_05_mr098_r10_125_uai_GDCC_1e-05_n200_roFalse_s0: Loading model from ../models/synthetic/s123/random_mc2_n5_mid3_d1000_05_mr098_r10_125.uai
2026-02-06 13:17:08,893|INFO|random_mc2_n5_mid3_d1000_05_mr098_r10_125_uai_GDCC_1e-05_n200_roFalse_s0: Loading data from ../models/synthetic/s123/random_mc2_n5_mid3_d1000_05_mr098_r10_125.csv
2026-02-06 13:17:08,911|INFO|random_mc2_n5_mid3_d1000_05_mr098_r10_125_uai_GDCC_1e-05_n200_roFalse_s0: PNS(V2,V4) exact: (0.0, 0.3332024784999999)
2026-02-06 13:17:08,907|INFO|random_mc2_n5_mid3_d1000_05_mr098_r10_126_uai_GDCC_1e-05_n200_roTrue_s0: Loading model from ../models/synthetic/s123/random_mc2_n5_mid3_d1000_05_mr098_r10_126.uai
2026-02-06 13:17:08,927|INFO|random_mc2_n5_mid3_d1000_05_mr098_r10_126_uai_GDCC_1e-05_n200_roTrue_s0: Loading data from ../models/synthetic/s123/random_mc2_n5_mid3_d1000_05_mr098_r10_126.csv
2026-02-06 13:17:08,947|INFO|random_mc2_n5_mid3_d1000_05_mr098_r10_126_uai_GDCC_1e-05_n200_roTrue_s0: PNS(V4,V0) exact: (0.425783788558646, 0.655405962193344)
2026-02-06 13:17:08,961|INFO|random_mc2_n5_mid3_d1000_05_mr098_r10_19_uai_GDCC_1e-05_n200_roFalse_s0: Arguments: Namespace(method='GDCC_1e-05', numruns='200', seed='0', output='../results/synthetic/s123/', rewrite=True, removeoutliers=False, filepath=['../models/synthetic/s123/random_mc2_n5_mid3_d1000_05_mr098_r10_19.uai'])
2026-02-06 13:17:08,967|INFO|random_mc2_n5_mid3_d1000_05_mr098_r10_84_uai_GDCC_1e-05_n200_roTrue_s0: Arguments: Namespace(method='GDCC_1e-05', numruns='200', seed='0', output='../results/synthetic/s123/', rewrite=True, removeoutliers=True, filepath=['../models/synthetic/s123/random_mc2_n5_mid3_d1000_05_mr098_r10_84.uai'])
2026-02-06 13:17:08,961|INFO|random_mc2_n5_mid3_d1000_05_mr098_r10_19_uai_GDCC_1e-05_n200_roFalse_s0: Loading model from ../models/synthetic/s123/random_mc2_n5_mid3_d1000_05_mr098_r10_19.uai
2026-02-06 13:17:08,972|INFO|random_mc2_n5_mid3_d1000_05_mr098_r10_19_uai_GDCC_1e-05_n200_roFalse_s0: Loading data from ../models/synthetic/s123/random_mc2_n5_mid3_d1000_05_mr098_r10_19.csv
2026-02-06 13:17:08,992|INFO|random_mc2_n5_mid3_d1000_05_mr098_r10_19_uai_GDCC_1e-05_n200_roFalse_s0: PNS(V0,V4) exact: (0.23991, 0.53735)
2026-02-06 13:17:08,967|INFO|random_mc2_n5_mid3_d1000_05_mr098_r10_84_uai_GDCC_1e-05_n200_roTrue_s0: Loading model from ../models/synthetic/s123/random_mc2_n5_mid3_d1000_05_mr098_r10_84.uai
2026-02-06 13:17:08,980|INFO|random_mc2_n5_mid3_d1000_05_mr098_r10_84_uai_GDCC_1e-05_n200_roTrue_s0: Loading data from ../models/synthetic/s123/random_mc2_n5_mid3_d1000_05_mr098_r10_84.csv
2026-02-06 13:17:09,546|INFO|random_mc2_n6_mid3_d1000_05_mr098_r10_162_uai_GDCC_1e-05_n200_roFalse_s0: Arguments: Namespace(method='GDCC_1e-05', numruns='200', seed='0', output='../results/synthetic/s123/', rewrite=True, removeoutliers=False, filepath=['../models/synthetic/s123/random_mc2_n6_mid3_d1000_05_mr098_r10_162.uai'])
2026-02-06 13:17:09,547|INFO|random_mc2_n6_mid3_d1000_05_mr098_r10_162_uai_GDCC_1e-05_n200_roFalse_s0: Loading model from ../models/synthetic/s123/random_mc2_n6_mid3_d1000_05_mr098_r10_162.uai
2026-02-06 13:17:09,565|INFO|random_mc2_n6_mid3_d1000_05_mr098_r10_162_uai_GDCC_1e-05_n200_roFalse_s0: Loading data from ../models/synthetic/s123/random_mc2_n6_mid3_d1000_05_mr098_r10_162.csv
2026-02-06 13:17:09,584|INFO|random_mc2_n6_mid3_d1000_05_mr098_r10_162_uai_GDCC_1e-05_n200_roFalse_s0: PNS(V1,V5) exact: (0.15777013681104, 0.3907870473200001)
2026-02-06 13:17:13,822|INFO|random_mc2_n8_mid3_d1000_05_mr098_r10_38_uai_GDCC_1e-05_n200_roFalse_s0: Arguments: Namespace(method='GDCC_1e-05', numruns='200', seed='0', output='../results/synthetic/s123/', rewrite=True, removeoutliers=False, filepath=['../models/synthetic/s123/random_mc2_n8_mid3_d1000_05_mr098_r10_38.uai'])
2026-02-06 13:17:13,822|INFO|random_mc2_n8_mid3_d1000_05_mr098_r10_38_uai_GDCC_1e-05_n200_roFalse_s0: Loading model from ../models/synthetic/s123/random_mc2_n8_mid3_d1000_05_mr098_r10_38.uai
2026-02-06 13:17:13,850|INFO|random_mc2_n8_mid3_d1000_05_mr098_r10_38_uai_GDCC_1e-05_n200_roFalse_s0: Loading data from ../models/synthetic/s123/random_mc2_n8_mid3_d1000_05_mr098_r10_38.csv
2026-02-06 13:17:14,305|INFO|random_mc2_n5_mid3_d1000_05_mr098_r10_81_uai_GDCC_1e-05_n200_roFalse_s0: Arguments: Namespace(method='GDCC_1e-05', numruns='200', seed='0', output='../results/synthetic/s123/', rewrite=True, removeoutliers=False, filepath=['../models/synthetic/s123/random_mc2_n5_mid3_d1000_05_mr098_r10_81.uai'])
2026-02-06 13:17:14,305|INFO|random_mc2_n5_mid3_d1000_05_mr098_r10_81_uai_GDCC_1e-05_n200_roFalse_s0: Loading model from ../models/synthetic/s123/random_mc2_n5_mid3_d1000_05_mr098_r10_81.uai
2026-02-06 13:17:14,323|INFO|random_mc2_n5_mid3_d1000_05_mr098_r10_81_uai_GDCC_1e-05_n200_roFalse_s0: Loading data from ../models/synthetic/s123/random_mc2_n5_mid3_d1000_05_mr098_r10_81.csv
2026-02-06 13:17:14,412|INFO|random_mc2_n5_mid3_d1000_05_mr098_r10_8_uai_GDCC_1e-05_n200_roFalse_s0: Arguments: Namespace(method='GDCC_1e-05', numruns='200', seed='0', output='../results/synthetic/s123/', rewrite=True, removeoutliers=False, filepath=['../models/synthetic/s123/random_mc2_n5_mid3_d1000_05_mr098_r10_8.uai'])
2026-02-06 13:17:14,418|INFO|random_mc2_n6_mid3_d1000_05_mr098_r10_47_uai_GDCC_1e-05_n200_roTrue_s0: Arguments: Namespace(method='GDCC_1e-05', numruns='200', seed='0', output='../results/synthetic/s123/', rewrite=True, removeoutliers=True, filepath=['../models/synthetic/s123/random_mc2_n6_mid3_d1000_05_mr098_r10_47.uai'])
2026-02-06 13:17:14,420|INFO|random_mc2_n7_mid3_d1000_05_mr098_r10_98_uai_GDCC_1e-05_n200_roFalse_s0: Arguments: Namespace(method='GDCC_1e-05', numruns='200', seed='0', output='../results/synthetic/s123/', rewrite=True, removeoutliers=False, filepath=['../models/synthetic/s123/random_mc2_n7_mid3_d1000_05_mr098_r10_98.uai'])
2026-02-06 13:17:14,412|INFO|random_mc2_n5_mid3_d1000_05_mr098_r10_8_uai_GDCC_1e-05_n200_roFalse_s0: Loading model from ../models/synthetic/s123/random_mc2_n5_mid3_d1000_05_mr098_r10_8.uai
2026-02-06 13:17:14,424|INFO|random_mc2_n5_mid3_d1000_05_mr098_r10_8_uai_GDCC_1e-05_n200_roFalse_s0: Loading data from ../models/synthetic/s123/random_mc2_n5_mid3_d1000_05_mr098_r10_8.csv
2026-02-06 13:17:14,440|INFO|random_mc2_n5_mid3_d1000_05_mr098_r10_8_uai_GDCC_1e-05_n200_roFalse_s0: PNS(V2,V4) exact: (0.1708037925, 0.4919019990000001)
2026-02-06 13:17:14,418|INFO|random_mc2_n6_mid3_d1000_05_mr098_r10_47_uai_GDCC_1e-05_n200_roTrue_s0: Loading model from ../models/synthetic/s123/random_mc2_n6_mid3_d1000_05_mr098_r10_47.uai
2026-02-06 13:17:14,434|INFO|random_mc2_n6_mid3_d1000_05_mr098_r10_47_uai_GDCC_1e-05_n200_roTrue_s0: Loading data from ../models/synthetic/s123/random_mc2_n6_mid3_d1000_05_mr098_r10_47.csv
2026-02-06 13:17:14,448|INFO|random_mc2_n6_mid3_d1000_05_mr098_r10_47_uai_GDCC_1e-05_n200_roTrue_s0: PNS(V5,V4) exact: (0.0, 0.3303686772)
2026-02-06 13:17:14,421|INFO|random_mc2_n7_mid3_d1000_05_mr098_r10_98_uai_GDCC_1e-05_n200_roFalse_s0: Loading model from ../models/synthetic/s123/random_mc2_n7_mid3_d1000_05_mr098_r10_98.uai
2026-02-06 13:17:14,437|INFO|random_mc2_n7_mid3_d1000_05_mr098_r10_98_uai_GDCC_1e-05_n200_roFalse_s0: Loading data from ../models/synthetic/s123/random_mc2_n7_mid3_d1000_05_mr098_r10_98.csv
2026-02-06 13:17:14,631|INFO|random_mc2_n6_mid3_d1000_05_mr098_r10_8_uai_GDCC_1e-05_n200_roTrue_s0: Arguments: Namespace(method='GDCC_1e-05', numruns='200', seed='0', output='../results/synthetic/s123/', rewrite=True, removeoutliers=True, filepath=['../models/synthetic/s123/random_mc2_n6_mid3_d1000_05_mr098_r10_8.uai'])
2026-02-06 13:17:14,631|INFO|random_mc2_n6_mid3_d1000_05_mr098_r10_8_uai_GDCC_1e-05_n200_roTrue_s0: Loading model from ../models/synthetic/s123/random_mc2_n6_mid3_d1000_05_mr098_r10_8.uai
2026-02-06 13:17:14,640|INFO|random_mc2_n6_mid3_d1000_05_mr098_r10_8_uai_GDCC_1e-05_n200_roTrue_s0: Loading data from ../models/synthetic/s123/random_mc2_n6_mid3_d1000_05_mr098_r10_8.csv
2026-02-06 13:17:14,656|INFO|random_mc2_n6_mid3_d1000_05_mr098_r10_8_uai_GDCC_1e-05_n200_roTrue_s0: PNS(V0,V3) exact: (0.0, 0.0)
2026-02-06 13:17:14,656|ERROR|random_mc2_n6_mid3_d1000_05_mr098_r10_8_uai_GDCC_1e-05_n200_roTrue_s0: Model does not have any cause-effect path.
2026-02-06 13:17:14,702|INFO|random_mc2_n7_mid3_d1000_05_mr098_r10_36_uai_GDCC_1e-05_n200_roFalse_s0: Arguments: Namespace(method='GDCC_1e-05', numruns='200', seed='0', output='../results/synthetic/s123/', rewrite=True, removeoutliers=False, filepath=['../models/synthetic/s123/random_mc2_n7_mid3_d1000_05_mr098_r10_36.uai'])
2026-02-06 13:17:14,703|INFO|random_mc2_n7_mid3_d1000_05_mr098_r10_36_uai_GDCC_1e-05_n200_roFalse_s0: Loading model from ../models/synthetic/s123/random_mc2_n7_mid3_d1000_05_mr098_r10_36.uai
2026-02-06 13:17:14,718|INFO|random_mc2_n7_mid3_d1000_05_mr098_r10_36_uai_GDCC_1e-05_n200_roFalse_s0: Loading data from ../models/synthetic/s123/random_mc2_n7_mid3_d1000_05_mr098_r10_36.csv
2026-02-06 13:17:14,735|INFO|random_mc2_n7_mid3_d1000_05_mr098_r10_36_uai_GDCC_1e-05_n200_roFalse_s0: PNS(V6,V2) exact: (0.0, 0.128261765483479)
2026-02-06 13:17:14,931|INFO|random_mc2_n5_mid3_d1000_05_mr098_r10_51_uai_GDCC_1e-05_n200_roTrue_s0: Arguments: Namespace(method='GDCC_1e-05', numruns='200', seed='0', output='../results/synthetic/s123/', rewrite=True, removeoutliers=True, filepath=['../models/synthetic/s123/random_mc2_n5_mid3_d1000_05_mr098_r10_51.uai'])
2026-02-06 13:17:14,932|INFO|random_mc2_n5_mid3_d1000_05_mr098_r10_51_uai_GDCC_1e-05_n200_roTrue_s0: Loading model from ../models/synthetic/s123/random_mc2_n5_mid3_d1000_05_mr098_r10_51.uai
2026-02-06 13:17:14,940|INFO|random_mc2_n5_mid3_d1000_05_mr098_r10_51_uai_GDCC_1e-05_n200_roTrue_s0: Loading data from ../models/synthetic/s123/random_mc2_n5_mid3_d1000_05_mr098_r10_51.csv
2026-02-06 13:17:14,973|INFO|random_mc2_n5_mid3_d1000_05_mr098_r10_191_uai_GDCC_1e-05_n200_roFalse_s0: Arguments: Namespace(method='GDCC_1e-05', numruns='200', seed='0', output='../results/synthetic/s123/', rewrite=True, removeoutliers=False, filepath=['../models/synthetic/s123/random_mc2_n5_mid3_d1000_05_mr098_r10_191.uai'])
2026-02-06 13:17:14,959|INFO|random_mc2_n5_mid3_d1000_05_mr098_r10_51_uai_GDCC_1e-05_n200_roTrue_s0: PNS(V2,V4) exact: (0.0, 0.17763)
2026-02-06 13:17:14,988|INFO|random_mc2_n6_mid3_d1000_05_mr098_r10_169_uai_GDCC_1e-05_n200_roFalse_s0: Arguments: Namespace(method='GDCC_1e-05', numruns='200', seed='0', output='../results/synthetic/s123/', rewrite=True, removeoutliers=False, filepath=['../models/synthetic/s123/random_mc2_n6_mid3_d1000_05_mr098_r10_169.uai'])
2026-02-06 13:17:14,973|INFO|random_mc2_n5_mid3_d1000_05_mr098_r10_191_uai_GDCC_1e-05_n200_roFalse_s0: Loading model from ../models/synthetic/s123/random_mc2_n5_mid3_d1000_05_mr098_r10_191.uai
2026-02-06 13:17:14,982|INFO|random_mc2_n5_mid3_d1000_05_mr098_r10_191_uai_GDCC_1e-05_n200_roFalse_s0: Loading data from ../models/synthetic/s123/random_mc2_n5_mid3_d1000_05_mr098_r10_191.csv
2026-02-06 13:17:14,989|INFO|random_mc2_n6_mid3_d1000_05_mr098_r10_169_uai_GDCC_1e-05_n200_roFalse_s0: Loading model from ../models/synthetic/s123/random_mc2_n6_mid3_d1000_05_mr098_r10_169.uai
2026-02-06 13:17:15,000|INFO|random_mc2_n6_mid3_d1000_05_mr098_r10_169_uai_GDCC_1e-05_n200_roFalse_s0: Loading data from ../models/synthetic/s123/random_mc2_n6_mid3_d1000_05_mr098_r10_169.csv
2026-02-06 13:17:15,015|INFO|random_mc2_n6_mid3_d1000_05_mr098_r10_169_uai_GDCC_1e-05_n200_roFalse_s0: PNS(V2,V3) exact: (0.0, 0.039991749496806)
2026-02-06 13:17:15,256|INFO|random_mc2_n5_mid3_d1000_05_mr098_r10_56_uai_GDCC_1e-05_n200_roTrue_s0: Arguments: Namespace(method='GDCC_1e-05', numruns='200', seed='0', output='../results/synthetic/s123/', rewrite=True, removeoutliers=True, filepath=['../models/synthetic/s123/random_mc2_n5_mid3_d1000_05_mr098_r10_56.uai'])
2026-02-06 13:17:15,256|INFO|random_mc2_n5_mid3_d1000_05_mr098_r10_56_uai_GDCC_1e-05_n200_roTrue_s0: Loading model from ../models/synthetic/s123/random_mc2_n5_mid3_d1000_05_mr098_r10_56.uai
2026-02-06 13:17:15,267|INFO|random_mc2_n5_mid3_d1000_05_mr098_r10_56_uai_GDCC_1e-05_n200_roTrue_s0: Loading data from ../models/synthetic/s123/random_mc2_n5_mid3_d1000_05_mr098_r10_56.csv
2026-02-06 13:17:15,283|INFO|random_mc2_n5_mid3_d1000_05_mr098_r10_56_uai_GDCC_1e-05_n200_roTrue_s0: PNS(V1,V4) exact: (0.0, 0.2134055570999999)
2026-02-06 13:17:15,332|INFO|random_mc2_n6_mid3_d1000_05_mr098_r10_168_uai_GDCC_1e-05_n200_roFalse_s0: Arguments: Namespace(method='GDCC_1e-05', numruns='200', seed='0', output='../results/synthetic/s123/', rewrite=True, removeoutliers=False, filepath=['../models/synthetic/s123/random_mc2_n6_mid3_d1000_05_mr098_r10_168.uai'])
2026-02-06 13:17:15,370|INFO|random_mc2_n5_mid3_d1000_05_mr098_r10_138_uai_GDCC_1e-05_n200_roTrue_s0: Arguments: Namespace(method='GDCC_1e-05', numruns='200', seed='0', output='../results/synthetic/s123/', rewrite=True, removeoutliers=True, filepath=['../models/synthetic/s123/random_mc2_n5_mid3_d1000_05_mr098_r10_138.uai'])
2026-02-06 13:17:15,332|INFO|random_mc2_n6_mid3_d1000_05_mr098_r10_168_uai_GDCC_1e-05_n200_roFalse_s0: Loading model from ../models/synthetic/s123/random_mc2_n6_mid3_d1000_05_mr098_r10_168.uai
2026-02-06 13:17:15,348|INFO|random_mc2_n6_mid3_d1000_05_mr098_r10_168_uai_GDCC_1e-05_n200_roFalse_s0: Loading data from ../models/synthetic/s123/random_mc2_n6_mid3_d1000_05_mr098_r10_168.csv
2026-02-06 13:17:15,394|INFO|random_mc2_n5_mid3_d1000_05_mr098_r10_168_uai_GDCC_1e-05_n200_roFalse_s0: Arguments: Namespace(method='GDCC_1e-05', numruns='200', seed='0', output='../results/synthetic/s123/', rewrite=True, removeoutliers=False, filepath=['../models/synthetic/s123/random_mc2_n5_mid3_d1000_05_mr098_r10_168.uai'])
2026-02-06 13:17:15,370|INFO|random_mc2_n5_mid3_d1000_05_mr098_r10_138_uai_GDCC_1e-05_n200_roTrue_s0: Loading model from ../models/synthetic/s123/random_mc2_n5_mid3_d1000_05_mr098_r10_138.uai
2026-02-06 13:17:15,378|INFO|random_mc2_n5_mid3_d1000_05_mr098_r10_138_uai_GDCC_1e-05_n200_roTrue_s0: Loading data from ../models/synthetic/s123/random_mc2_n5_mid3_d1000_05_mr098_r10_138.csv
2026-02-06 13:17:15,395|INFO|random_mc2_n5_mid3_d1000_05_mr098_r10_138_uai_GDCC_1e-05_n200_roTrue_s0: PNS(V4,V0) exact: (0.01751032725, 0.049784487675)
2026-02-06 13:17:15,394|INFO|random_mc2_n5_mid3_d1000_05_mr098_r10_168_uai_GDCC_1e-05_n200_roFalse_s0: Loading model from ../models/synthetic/s123/random_mc2_n5_mid3_d1000_05_mr098_r10_168.uai
2026-02-06 13:17:15,403|INFO|random_mc2_n5_mid3_d1000_05_mr098_r10_168_uai_GDCC_1e-05_n200_roFalse_s0: Loading data from ../models/synthetic/s123/random_mc2_n5_mid3_d1000_05_mr098_r10_168.csv
2026-02-06 13:17:19,280|INFO|random_mc2_n6_mid3_d1000_05_mr098_r10_107_uai_GDCC_1e-05_n200_roFalse_s0: Arguments: Namespace(method='GDCC_1e-05', numruns='200', seed='0', output='../results/synthetic/s123/', rewrite=True, removeoutliers=False, filepath=['../models/synthetic/s123/random_mc2_n6_mid3_d1000_05_mr098_r10_107.uai'])
2026-02-06 13:17:19,284|INFO|random_mc2_n8_mid3_d1000_05_mr098_r10_152_uai_GDCC_1e-05_n200_roTrue_s0: Arguments: Namespace(method='GDCC_1e-05', numruns='200', seed='0', output='../results/synthetic/s123/', rewrite=True, removeoutliers=True, filepath=['../models/synthetic/s123/random_mc2_n8_mid3_d1000_05_mr098_r10_152.uai'])
2026-02-06 13:17:19,280|INFO|random_mc2_n6_mid3_d1000_05_mr098_r10_107_uai_GDCC_1e-05_n200_roFalse_s0: Loading model from ../models/synthetic/s123/random_mc2_n6_mid3_d1000_05_mr098_r10_107.uai
2026-02-06 13:17:19,295|INFO|random_mc2_n6_mid3_d1000_05_mr098_r10_107_uai_GDCC_1e-05_n200_roFalse_s0: Loading data from ../models/synthetic/s123/random_mc2_n6_mid3_d1000_05_mr098_r10_107.csv
2026-02-06 13:17:19,313|INFO|random_mc2_n6_mid3_d1000_05_mr098_r10_107_uai_GDCC_1e-05_n200_roFalse_s0: PNS(V2,V4) exact: (0.0692122168437381, 0.3642803790180109)
2026-02-06 13:17:19,284|INFO|random_mc2_n8_mid3_d1000_05_mr098_r10_152_uai_GDCC_1e-05_n200_roTrue_s0: Loading model from ../models/synthetic/s123/random_mc2_n8_mid3_d1000_05_mr098_r10_152.uai
2026-02-06 13:17:19,303|INFO|random_mc2_n8_mid3_d1000_05_mr098_r10_152_uai_GDCC_1e-05_n200_roTrue_s0: Loading data from ../models/synthetic/s123/random_mc2_n8_mid3_d1000_05_mr098_r10_152.csv
2026-02-06 13:17:19,326|INFO|random_mc2_n7_mid3_d1000_05_mr098_r10_90_uai_GDCC_1e-05_n200_roFalse_s0: Arguments: Namespace(method='GDCC_1e-05', numruns='200', seed='0', output='../results/synthetic/s123/', rewrite=True, removeoutliers=False, filepath=['../models/synthetic/s123/random_mc2_n7_mid3_d1000_05_mr098_r10_90.uai'])
2026-02-06 13:17:19,326|INFO|random_mc2_n7_mid3_d1000_05_mr098_r10_90_uai_GDCC_1e-05_n200_roFalse_s0: Loading model from ../models/synthetic/s123/random_mc2_n7_mid3_d1000_05_mr098_r10_90.uai
2026-02-06 13:17:19,340|INFO|random_mc2_n7_mid3_d1000_05_mr098_r10_90_uai_GDCC_1e-05_n200_roFalse_s0: Loading data from ../models/synthetic/s123/random_mc2_n7_mid3_d1000_05_mr098_r10_90.csv
2026-02-06 13:17:22,143|INFO|random_mc2_n8_mid3_d1000_05_mr098_r10_2_uai_GDCC_1e-05_n200_roFalse_s0: Arguments: Namespace(method='GDCC_1e-05', numruns='200', seed='0', output='../results/synthetic/s123/', rewrite=True, removeoutliers=False, filepath=['../models/synthetic/s123/random_mc2_n8_mid3_d1000_05_mr098_r10_2.uai'])
2026-02-06 13:17:22,156|INFO|random_mc2_n9_mid3_d1000_05_mr098_r10_138_uai_GDCC_1e-05_n200_roFalse_s0: Arguments: Namespace(method='GDCC_1e-05', numruns='200', seed='0', output='../results/synthetic/s123/', rewrite=True, removeoutliers=False, filepath=['../models/synthetic/s123/random_mc2_n9_mid3_d1000_05_mr098_r10_138.uai'])
2026-02-06 13:17:22,168|INFO|random_mc2_n5_mid3_d1000_05_mr098_r10_67_uai_GDCC_1e-05_n200_roTrue_s0: Arguments: Namespace(method='GDCC_1e-05', numruns='200', seed='0', output='../results/synthetic/s123/', rewrite=True, removeoutliers=True, filepath=['../models/synthetic/s123/random_mc2_n5_mid3_d1000_05_mr098_r10_67.uai'])
2026-02-06 13:17:22,143|INFO|random_mc2_n8_mid3_d1000_05_mr098_r10_2_uai_GDCC_1e-05_n200_roFalse_s0: Loading model from ../models/synthetic/s123/random_mc2_n8_mid3_d1000_05_mr098_r10_2.uai
2026-02-06 13:17:22,169|INFO|random_mc2_n8_mid3_d1000_05_mr098_r10_2_uai_GDCC_1e-05_n200_roFalse_s0: Loading data from ../models/synthetic/s123/random_mc2_n8_mid3_d1000_05_mr098_r10_2.csv
2026-02-06 13:17:22,187|INFO|random_mc2_n8_mid3_d1000_05_mr098_r10_2_uai_GDCC_1e-05_n200_roFalse_s0: PNS(V1,V5) exact: (0.0, 0.0)
2026-02-06 13:17:22,187|ERROR|random_mc2_n8_mid3_d1000_05_mr098_r10_2_uai_GDCC_1e-05_n200_roFalse_s0: Model does not have any cause-effect path.
2026-02-06 13:17:22,190|INFO|random_mc2_n6_mid3_d1000_05_mr098_r10_148_uai_GDCC_1e-05_n200_roFalse_s0: Arguments: Namespace(method='GDCC_1e-05', numruns='200', seed='0', output='../results/synthetic/s123/', rewrite=True, removeoutliers=False, filepath=['../models/synthetic/s123/random_mc2_n6_mid3_d1000_05_mr098_r10_148.uai'])
2026-02-06 13:17:22,156|INFO|random_mc2_n9_mid3_d1000_05_mr098_r10_138_uai_GDCC_1e-05_n200_roFalse_s0: Loading model from ../models/synthetic/s123/random_mc2_n9_mid3_d1000_05_mr098_r10_138.uai
2026-02-06 13:17:22,172|INFO|random_mc2_n9_mid3_d1000_05_mr098_r10_138_uai_GDCC_1e-05_n200_roFalse_s0: Loading data from ../models/synthetic/s123/random_mc2_n9_mid3_d1000_05_mr098_r10_138.csv
2026-02-06 13:17:22,190|INFO|random_mc2_n9_mid3_d1000_05_mr098_r10_138_uai_GDCC_1e-05_n200_roFalse_s0: PNS(V2,V8) exact: (0.3533990588217299, 0.3586598451414463)
2026-02-06 13:17:22,168|INFO|random_mc2_n5_mid3_d1000_05_mr098_r10_67_uai_GDCC_1e-05_n200_roTrue_s0: Loading model from ../models/synthetic/s123/random_mc2_n5_mid3_d1000_05_mr098_r10_67.uai
2026-02-06 13:17:22,176|INFO|random_mc2_n5_mid3_d1000_05_mr098_r10_67_uai_GDCC_1e-05_n200_roTrue_s0: Loading data from ../models/synthetic/s123/random_mc2_n5_mid3_d1000_05_mr098_r10_67.csv
2026-02-06 13:17:22,191|INFO|random_mc2_n6_mid3_d1000_05_mr098_r10_148_uai_GDCC_1e-05_n200_roFalse_s0: Loading model from ../models/synthetic/s123/random_mc2_n6_mid3_d1000_05_mr098_r10_148.uai
2026-02-06 13:17:22,200|INFO|random_mc2_n6_mid3_d1000_05_mr098_r10_148_uai_GDCC_1e-05_n200_roFalse_s0: Loading data from ../models/synthetic/s123/random_mc2_n6_mid3_d1000_05_mr098_r10_148.csv
2026-02-06 13:17:22,216|INFO|random_mc2_n6_mid3_d1000_05_mr098_r10_148_uai_GDCC_1e-05_n200_roFalse_s0: PNS(V0,V5) exact: (0.0, 0.0279858302999999)
2026-02-06 13:17:23,829|INFO|random_mc2_n7_mid3_d1000_05_mr098_r10_29_uai_GDCC_1e-05_n200_roTrue_s0: Arguments: Namespace(method='GDCC_1e-05', numruns='200', seed='0', output='../results/synthetic/s123/', rewrite=True, removeoutliers=True, filepath=['../models/synthetic/s123/random_mc2_n7_mid3_d1000_05_mr098_r10_29.uai'])
2026-02-06 13:17:23,829|INFO|random_mc2_n7_mid3_d1000_05_mr098_r10_29_uai_GDCC_1e-05_n200_roTrue_s0: Loading model from ../models/synthetic/s123/random_mc2_n7_mid3_d1000_05_mr098_r10_29.uai
2026-02-06 13:17:23,854|INFO|random_mc2_n7_mid3_d1000_05_mr098_r10_29_uai_GDCC_1e-05_n200_roTrue_s0: Loading data from ../models/synthetic/s123/random_mc2_n7_mid3_d1000_05_mr098_r10_29.csv
2026-02-06 13:17:23,871|INFO|random_mc2_n6_mid3_d1000_05_mr098_r10_19_uai_GDCC_1e-05_n200_roFalse_s0: Arguments: Namespace(method='GDCC_1e-05', numruns='200', seed='0', output='../results/synthetic/s123/', rewrite=True, removeoutliers=False, filepath=['../models/synthetic/s123/random_mc2_n6_mid3_d1000_05_mr098_r10_19.uai'])
2026-02-06 13:17:23,877|INFO|random_mc2_n6_mid3_d1000_05_mr098_r10_146_uai_GDCC_1e-05_n200_roFalse_s0: Arguments: Namespace(method='GDCC_1e-05', numruns='200', seed='0', output='../results/synthetic/s123/', rewrite=True, removeoutliers=False, filepath=['../models/synthetic/s123/random_mc2_n6_mid3_d1000_05_mr098_r10_146.uai'])
2026-02-06 13:17:23,872|INFO|random_mc2_n6_mid3_d1000_05_mr098_r10_19_uai_GDCC_1e-05_n200_roFalse_s0: Loading model from ../models/synthetic/s123/random_mc2_n6_mid3_d1000_05_mr098_r10_19.uai
2026-02-06 13:17:23,877|INFO|random_mc2_n6_mid3_d1000_05_mr098_r10_146_uai_GDCC_1e-05_n200_roFalse_s0: Loading model from ../models/synthetic/s123/random_mc2_n6_mid3_d1000_05_mr098_r10_146.uai
2026-02-06 13:17:23,893|INFO|random_mc2_n6_mid3_d1000_05_mr098_r10_146_uai_GDCC_1e-05_n200_roFalse_s0: Loading data from ../models/synthetic/s123/random_mc2_n6_mid3_d1000_05_mr098_r10_146.csv
2026-02-06 13:17:23,910|INFO|random_mc2_n6_mid3_d1000_05_mr098_r10_146_uai_GDCC_1e-05_n200_roFalse_s0: PNS(V5,V3) exact: (0.4629754663000001, 0.4943296704000001)
2026-02-06 13:17:23,928|INFO|random_mc2_n7_mid3_d1000_05_mr098_r10_59_uai_GDCC_1e-05_n200_roFalse_s0: Arguments: Namespace(method='GDCC_1e-05', numruns='200', seed='0', output='../results/synthetic/s123/', rewrite=True, removeoutliers=False, filepath=['../models/synthetic/s123/random_mc2_n7_mid3_d1000_05_mr098_r10_59.uai'])
2026-02-06 13:17:23,939|INFO|random_mc2_n6_mid3_d1000_05_mr098_r10_103_uai_GDCC_1e-05_n200_roFalse_s0: Arguments: Namespace(method='GDCC_1e-05', numruns='200', seed='0', output='../results/synthetic/s123/', rewrite=True, removeoutliers=False, filepath=['../models/synthetic/s123/random_mc2_n6_mid3_d1000_05_mr098_r10_103.uai'])
2026-02-06 13:17:23,955|INFO|random_mc2_n5_mid3_d1000_05_mr098_r10_170_uai_GDCC_1e-05_n200_roFalse_s0: Arguments: Namespace(method='GDCC_1e-05', numruns='200', seed='0', output='../results/synthetic/s123/', rewrite=True, removeoutliers=False, filepath=['../models/synthetic/s123/random_mc2_n5_mid3_d1000_05_mr098_r10_170.uai'])
2026-02-06 13:17:23,929|INFO|random_mc2_n7_mid3_d1000_05_mr098_r10_59_uai_GDCC_1e-05_n200_roFalse_s0: Loading model from ../models/synthetic/s123/random_mc2_n7_mid3_d1000_05_mr098_r10_59.uai
2026-02-06 13:17:23,940|INFO|random_mc2_n6_mid3_d1000_05_mr098_r10_103_uai_GDCC_1e-05_n200_roFalse_s0: Loading model from ../models/synthetic/s123/random_mc2_n6_mid3_d1000_05_mr098_r10_103.uai
2026-02-06 13:17:23,960|INFO|random_mc2_n6_mid3_d1000_05_mr098_r10_103_uai_GDCC_1e-05_n200_roFalse_s0: Loading data from ../models/synthetic/s123/random_mc2_n6_mid3_d1000_05_mr098_r10_103.csv
2026-02-06 13:17:23,955|INFO|random_mc2_n5_mid3_d1000_05_mr098_r10_170_uai_GDCC_1e-05_n200_roFalse_s0: Loading model from ../models/synthetic/s123/random_mc2_n5_mid3_d1000_05_mr098_r10_170.uai
2026-02-06 13:17:23,967|INFO|random_mc2_n5_mid3_d1000_05_mr098_r10_170_uai_GDCC_1e-05_n200_roFalse_s0: Loading data from ../models/synthetic/s123/random_mc2_n5_mid3_d1000_05_mr098_r10_170.csv
2026-02-06 13:17:24,001|INFO|random_mc2_n7_mid3_d1000_05_mr098_r10_80_uai_GDCC_1e-05_n200_roFalse_s0: Arguments: Namespace(method='GDCC_1e-05', numruns='200', seed='0', output='../results/synthetic/s123/', rewrite=True, removeoutliers=False, filepath=['../models/synthetic/s123/random_mc2_n7_mid3_d1000_05_mr098_r10_80.uai'])
2026-02-06 13:17:24,006|INFO|random_mc2_n5_mid3_d1000_05_mr098_r10_149_uai_GDCC_1e-05_n200_roFalse_s0: Arguments: Namespace(method='GDCC_1e-05', numruns='200', seed='0', output='../results/synthetic/s123/', rewrite=True, removeoutliers=False, filepath=['../models/synthetic/s123/random_mc2_n5_mid3_d1000_05_mr098_r10_149.uai'])
2026-02-06 13:17:24,032|INFO|random_mc2_n7_mid3_d1000_05_mr098_r10_59_uai_GDCC_1e-05_n200_roFalse_s0: Loading data from ../models/synthetic/s123/random_mc2_n7_mid3_d1000_05_mr098_r10_59.csv
2026-02-06 13:17:24,001|INFO|random_mc2_n7_mid3_d1000_05_mr098_r10_80_uai_GDCC_1e-05_n200_roFalse_s0: Loading model from ../models/synthetic/s123/random_mc2_n7_mid3_d1000_05_mr098_r10_80.uai
2026-02-06 13:17:24,018|INFO|random_mc2_n7_mid3_d1000_05_mr098_r10_80_uai_GDCC_1e-05_n200_roFalse_s0: Loading data from ../models/synthetic/s123/random_mc2_n7_mid3_d1000_05_mr098_r10_80.csv
2026-02-06 13:17:24,031|INFO|random_mc2_n7_mid3_d1000_05_mr098_r10_80_uai_GDCC_1e-05_n200_roFalse_s0: PNS(V0,V6) exact: (0.03946968674409, 0.2126297216363641)
2026-02-06 13:17:24,006|INFO|random_mc2_n5_mid3_d1000_05_mr098_r10_149_uai_GDCC_1e-05_n200_roFalse_s0: Loading model from ../models/synthetic/s123/random_mc2_n5_mid3_d1000_05_mr098_r10_149.uai
2026-02-06 13:17:24,017|INFO|random_mc2_n5_mid3_d1000_05_mr098_r10_149_uai_GDCC_1e-05_n200_roFalse_s0: Loading data from ../models/synthetic/s123/random_mc2_n5_mid3_d1000_05_mr098_r10_149.csv
2026-02-06 13:17:24,033|INFO|random_mc2_n5_mid3_d1000_05_mr098_r10_149_uai_GDCC_1e-05_n200_roFalse_s0: PNS(V3,V0) exact: (0.0, 0.014418359495816)
2026-02-06 13:17:24,112|INFO|random_mc2_n6_mid3_d1000_05_mr098_r10_19_uai_GDCC_1e-05_n200_roFalse_s0: Loading data from ../models/synthetic/s123/random_mc2_n6_mid3_d1000_05_mr098_r10_19.csv
2026-02-06 13:17:29,875|INFO|random_mc2_n9_mid3_d1000_05_mr098_r10_10_uai_GDCC_1e-05_n200_roTrue_s0: Arguments: Namespace(method='GDCC_1e-05', numruns='200', seed='0', output='../results/synthetic/s123/', rewrite=True, removeoutliers=True, filepath=['../models/synthetic/s123/random_mc2_n9_mid3_d1000_05_mr098_r10_10.uai'])
2026-02-06 13:17:29,899|INFO|random_mc2_n7_mid3_d1000_05_mr098_r10_49_uai_GDCC_1e-05_n200_roFalse_s0: Arguments: Namespace(method='GDCC_1e-05', numruns='200', seed='0', output='../results/synthetic/s123/', rewrite=True, removeoutliers=False, filepath=['../models/synthetic/s123/random_mc2_n7_mid3_d1000_05_mr098_r10_49.uai'])
2026-02-06 13:17:29,875|INFO|random_mc2_n9_mid3_d1000_05_mr098_r10_10_uai_GDCC_1e-05_n200_roTrue_s0: Loading model from ../models/synthetic/s123/random_mc2_n9_mid3_d1000_05_mr098_r10_10.uai
2026-02-06 13:17:29,915|INFO|random_mc2_n9_mid3_d1000_05_mr098_r10_10_uai_GDCC_1e-05_n200_roTrue_s0: Loading data from ../models/synthetic/s123/random_mc2_n9_mid3_d1000_05_mr098_r10_10.csv
2026-02-06 13:17:29,899|INFO|random_mc2_n7_mid3_d1000_05_mr098_r10_49_uai_GDCC_1e-05_n200_roFalse_s0: Loading model from ../models/synthetic/s123/random_mc2_n7_mid3_d1000_05_mr098_r10_49.uai
2026-02-06 13:17:29,917|INFO|random_mc2_n7_mid3_d1000_05_mr098_r10_49_uai_GDCC_1e-05_n200_roFalse_s0: Loading data from ../models/synthetic/s123/random_mc2_n7_mid3_d1000_05_mr098_r10_49.csv
2026-02-06 13:17:29,935|INFO|random_mc2_n7_mid3_d1000_05_mr098_r10_49_uai_GDCC_1e-05_n200_roFalse_s0: PNS(V4,V3) exact: (0.0163816299, 0.4155382627)
2026-02-06 13:17:31,601|INFO|random_mc2_n5_mid3_d1000_05_mr098_r10_120_uai_GDCC_1e-05_n200_roFalse_s0: Arguments: Namespace(method='GDCC_1e-05', numruns='200', seed='0', output='../results/synthetic/s123/', rewrite=True, removeoutliers=False, filepath=['../models/synthetic/s123/random_mc2_n5_mid3_d1000_05_mr098_r10_120.uai'])
2026-02-06 13:17:31,601|INFO|random_mc2_n5_mid3_d1000_05_mr098_r10_120_uai_GDCC_1e-05_n200_roFalse_s0: Loading model from ../models/synthetic/s123/random_mc2_n5_mid3_d1000_05_mr098_r10_120.uai
2026-02-06 13:17:31,611|INFO|random_mc2_n5_mid3_d1000_05_mr098_r10_120_uai_GDCC_1e-05_n200_roFalse_s0: Loading data from ../models/synthetic/s123/random_mc2_n5_mid3_d1000_05_mr098_r10_120.csv
2026-02-06 13:17:31,623|INFO|random_mc2_n5_mid3_d1000_05_mr098_r10_120_uai_GDCC_1e-05_n200_roFalse_s0: PNS(V3,V1) exact: (0.39503, 0.60644)
2026-02-06 13:17:31,855|INFO|random_mc2_n6_mid3_d1000_05_mr098_r10_136_uai_GDCC_1e-05_n200_roTrue_s0: Arguments: Namespace(method='GDCC_1e-05', numruns='200', seed='0', output='../results/synthetic/s123/', rewrite=True, removeoutliers=True, filepath=['../models/synthetic/s123/random_mc2_n6_mid3_d1000_05_mr098_r10_136.uai'])
2026-02-06 13:17:31,855|INFO|random_mc2_n6_mid3_d1000_05_mr098_r10_136_uai_GDCC_1e-05_n200_roTrue_s0: Loading model from ../models/synthetic/s123/random_mc2_n6_mid3_d1000_05_mr098_r10_136.uai
2026-02-06 13:17:31,867|INFO|random_mc2_n6_mid3_d1000_05_mr098_r10_136_uai_GDCC_1e-05_n200_roTrue_s0: Loading data from ../models/synthetic/s123/random_mc2_n6_mid3_d1000_05_mr098_r10_136.csv
2026-02-06 13:17:31,987|INFO|random_mc2_n9_mid3_d1000_05_mr098_r10_160_uai_GDCC_1e-05_n200_roFalse_s0: Arguments: Namespace(method='GDCC_1e-05', numruns='200', seed='0', output='../results/synthetic/s123/', rewrite=True, removeoutliers=False, filepath=['../models/synthetic/s123/random_mc2_n9_mid3_d1000_05_mr098_r10_160.uai'])
2026-02-06 13:17:31,988|INFO|random_mc2_n9_mid3_d1000_05_mr098_r10_160_uai_GDCC_1e-05_n200_roFalse_s0: Loading model from ../models/synthetic/s123/random_mc2_n9_mid3_d1000_05_mr098_r10_160.uai
2026-02-06 13:17:32,011|INFO|random_mc2_n9_mid3_d1000_05_mr098_r10_160_uai_GDCC_1e-05_n200_roFalse_s0: Loading data from ../models/synthetic/s123/random_mc2_n9_mid3_d1000_05_mr098_r10_160.csv
2026-02-06 13:17:32,768|INFO|random_mc2_n7_mid3_d1000_05_mr098_r10_155_uai_GDCC_1e-05_n200_roFalse_s0: Arguments: Namespace(method='GDCC_1e-05', numruns='200', seed='0', output='../results/synthetic/s123/', rewrite=True, removeoutliers=False, filepath=['../models/synthetic/s123/random_mc2_n7_mid3_d1000_05_mr098_r10_155.uai'])
2026-02-06 13:17:32,786|INFO|random_mc2_n8_mid3_d1000_05_mr098_r10_3_uai_GDCC_1e-05_n200_roFalse_s0: Arguments: Namespace(method='GDCC_1e-05', numruns='200', seed='0', output='../results/synthetic/s123/', rewrite=True, removeoutliers=False, filepath=['../models/synthetic/s123/random_mc2_n8_mid3_d1000_05_mr098_r10_3.uai'])
2026-02-06 13:17:32,768|INFO|random_mc2_n7_mid3_d1000_05_mr098_r10_155_uai_GDCC_1e-05_n200_roFalse_s0: Loading model from ../models/synthetic/s123/random_mc2_n7_mid3_d1000_05_mr098_r10_155.uai
2026-02-06 13:17:32,787|INFO|random_mc2_n7_mid3_d1000_05_mr098_r10_155_uai_GDCC_1e-05_n200_roFalse_s0: Loading data from ../models/synthetic/s123/random_mc2_n7_mid3_d1000_05_mr098_r10_155.csv
2026-02-06 13:17:32,786|INFO|random_mc2_n8_mid3_d1000_05_mr098_r10_3_uai_GDCC_1e-05_n200_roFalse_s0: Loading model from ../models/synthetic/s123/random_mc2_n8_mid3_d1000_05_mr098_r10_3.uai
2026-02-06 13:17:32,804|INFO|random_mc2_n8_mid3_d1000_05_mr098_r10_3_uai_GDCC_1e-05_n200_roFalse_s0: Loading data from ../models/synthetic/s123/random_mc2_n8_mid3_d1000_05_mr098_r10_3.csv
2026-02-06 13:17:32,821|INFO|random_mc2_n8_mid3_d1000_05_mr098_r10_3_uai_GDCC_1e-05_n200_roFalse_s0: PNS(V5,V7) exact: (0.0133650763190615, 0.0741909892031331)
2026-02-06 13:17:32,901|INFO|random_mc2_n7_mid3_d1000_05_mr098_r10_69_uai_GDCC_1e-05_n200_roFalse_s0: Arguments: Namespace(method='GDCC_1e-05', numruns='200', seed='0', output='../results/synthetic/s123/', rewrite=True, removeoutliers=False, filepath=['../models/synthetic/s123/random_mc2_n7_mid3_d1000_05_mr098_r10_69.uai'])
2026-02-06 13:17:32,928|INFO|random_mc2_n7_mid3_d1000_05_mr098_r10_46_uai_GDCC_1e-05_n200_roTrue_s0: Arguments: Namespace(method='GDCC_1e-05', numruns='200', seed='0', output='../results/synthetic/s123/', rewrite=True, removeoutliers=True, filepath=['../models/synthetic/s123/random_mc2_n7_mid3_d1000_05_mr098_r10_46.uai'])
2026-02-06 13:17:32,901|INFO|random_mc2_n7_mid3_d1000_05_mr098_r10_69_uai_GDCC_1e-05_n200_roFalse_s0: Loading model from ../models/synthetic/s123/random_mc2_n7_mid3_d1000_05_mr098_r10_69.uai
2026-02-06 13:17:32,915|INFO|random_mc2_n7_mid3_d1000_05_mr098_r10_69_uai_GDCC_1e-05_n200_roFalse_s0: Loading data from ../models/synthetic/s123/random_mc2_n7_mid3_d1000_05_mr098_r10_69.csv
2026-02-06 13:17:32,928|INFO|random_mc2_n7_mid3_d1000_05_mr098_r10_46_uai_GDCC_1e-05_n200_roTrue_s0: Loading model from ../models/synthetic/s123/random_mc2_n7_mid3_d1000_05_mr098_r10_46.uai
2026-02-06 13:17:32,940|INFO|random_mc2_n7_mid3_d1000_05_mr098_r10_46_uai_GDCC_1e-05_n200_roTrue_s0: Loading data from ../models/synthetic/s123/random_mc2_n7_mid3_d1000_05_mr098_r10_46.csv
2026-02-06 13:17:32,956|INFO|random_mc2_n7_mid3_d1000_05_mr098_r10_46_uai_GDCC_1e-05_n200_roTrue_s0: PNS(V1,V4) exact: (0.00791105, 0.013410082)
2026-02-06 13:17:33,796|INFO|random_mc2_n5_mid3_d1000_05_mr098_r10_39_uai_GDCC_1e-05_n200_roTrue_s0: Arguments: Namespace(method='GDCC_1e-05', numruns='200', seed='0', output='../results/synthetic/s123/', rewrite=True, removeoutliers=True, filepath=['../models/synthetic/s123/random_mc2_n5_mid3_d1000_05_mr098_r10_39.uai'])
2026-02-06 13:17:33,796|INFO|random_mc2_n5_mid3_d1000_05_mr098_r10_39_uai_GDCC_1e-05_n200_roTrue_s0: Loading model from ../models/synthetic/s123/random_mc2_n5_mid3_d1000_05_mr098_r10_39.uai
2026-02-06 13:17:33,810|INFO|random_mc2_n5_mid3_d1000_05_mr098_r10_39_uai_GDCC_1e-05_n200_roTrue_s0: Loading data from ../models/synthetic/s123/random_mc2_n5_mid3_d1000_05_mr098_r10_39.csv
2026-02-06 13:17:33,834|INFO|random_mc2_n5_mid3_d1000_05_mr098_r10_39_uai_GDCC_1e-05_n200_roTrue_s0: PNS(V1,V4) exact: (0.0280539, 0.03752366)
2026-02-06 13:17:33,965|INFO|random_mc2_n9_mid3_d1000_05_mr098_r10_136_uai_GDCC_1e-05_n200_roFalse_s0: Arguments: Namespace(method='GDCC_1e-05', numruns='200', seed='0', output='../results/synthetic/s123/', rewrite=True, removeoutliers=False, filepath=['../models/synthetic/s123/random_mc2_n9_mid3_d1000_05_mr098_r10_136.uai'])
2026-02-06 13:17:33,966|INFO|random_mc2_n9_mid3_d1000_05_mr098_r10_136_uai_GDCC_1e-05_n200_roFalse_s0: Loading model from ../models/synthetic/s123/random_mc2_n9_mid3_d1000_05_mr098_r10_136.uai
2026-02-06 13:17:33,993|INFO|random_mc2_n9_mid3_d1000_05_mr098_r10_136_uai_GDCC_1e-05_n200_roFalse_s0: Loading data from ../models/synthetic/s123/random_mc2_n9_mid3_d1000_05_mr098_r10_136.csv
2026-02-06 13:17:34,096|INFO|random_mc2_n5_mid3_d1000_05_mr098_r10_62_uai_GDCC_1e-05_n200_roFalse_s0: Arguments: Namespace(method='GDCC_1e-05', numruns='200', seed='0', output='../results/synthetic/s123/', rewrite=True, removeoutliers=False, filepath=['../models/synthetic/s123/random_mc2_n5_mid3_d1000_05_mr098_r10_62.uai'])
2026-02-06 13:17:34,097|INFO|random_mc2_n5_mid3_d1000_05_mr098_r10_62_uai_GDCC_1e-05_n200_roFalse_s0: Loading model from ../models/synthetic/s123/random_mc2_n5_mid3_d1000_05_mr098_r10_62.uai
2026-02-06 13:17:34,110|INFO|random_mc2_n5_mid3_d1000_05_mr098_r10_62_uai_GDCC_1e-05_n200_roFalse_s0: Loading data from ../models/synthetic/s123/random_mc2_n5_mid3_d1000_05_mr098_r10_62.csv
2026-02-06 13:17:34,124|INFO|random_mc2_n5_mid3_d1000_05_mr098_r10_62_uai_GDCC_1e-05_n200_roFalse_s0: PNS(V2,V4) exact: (0.0, 0.13103)
2026-02-06 13:17:34,331|INFO|random_mc2_n5_mid3_d1000_05_mr098_r10_22_uai_GDCC_1e-05_n200_roFalse_s0: Arguments: Namespace(method='GDCC_1e-05', numruns='200', seed='0', output='../results/synthetic/s123/', rewrite=True, removeoutliers=False, filepath=['../models/synthetic/s123/random_mc2_n5_mid3_d1000_05_mr098_r10_22.uai'])
2026-02-06 13:17:34,356|INFO|random_mc2_n5_mid3_d1000_05_mr098_r10_166_uai_GDCC_1e-05_n200_roTrue_s0: Arguments: Namespace(method='GDCC_1e-05', numruns='200', seed='0', output='../results/synthetic/s123/', rewrite=True, removeoutliers=True, filepath=['../models/synthetic/s123/random_mc2_n5_mid3_d1000_05_mr098_r10_166.uai'])
2026-02-06 13:17:34,331|INFO|random_mc2_n5_mid3_d1000_05_mr098_r10_22_uai_GDCC_1e-05_n200_roFalse_s0: Loading model from ../models/synthetic/s123/random_mc2_n5_mid3_d1000_05_mr098_r10_22.uai
2026-02-06 13:17:34,344|INFO|random_mc2_n5_mid3_d1000_05_mr098_r10_22_uai_GDCC_1e-05_n200_roFalse_s0: Loading data from ../models/synthetic/s123/random_mc2_n5_mid3_d1000_05_mr098_r10_22.csv
2026-02-06 13:17:34,358|INFO|random_mc2_n5_mid3_d1000_05_mr098_r10_22_uai_GDCC_1e-05_n200_roFalse_s0: PNS(V2,V3) exact: (0.01716, 0.07782)
2026-02-06 13:17:34,356|INFO|random_mc2_n5_mid3_d1000_05_mr098_r10_166_uai_GDCC_1e-05_n200_roTrue_s0: Loading model from ../models/synthetic/s123/random_mc2_n5_mid3_d1000_05_mr098_r10_166.uai
2026-02-06 13:17:34,392|INFO|random_mc2_n5_mid3_d1000_05_mr098_r10_166_uai_GDCC_1e-05_n200_roTrue_s0: Loading data from ../models/synthetic/s123/random_mc2_n5_mid3_d1000_05_mr098_r10_166.csv
2026-02-06 13:17:34,418|INFO|random_mc2_n5_mid3_d1000_05_mr098_r10_59_uai_GDCC_1e-05_n200_roTrue_s0: Arguments: Namespace(method='GDCC_1e-05', numruns='200', seed='0', output='../results/synthetic/s123/', rewrite=True, removeoutliers=True, filepath=['../models/synthetic/s123/random_mc2_n5_mid3_d1000_05_mr098_r10_59.uai'])
2026-02-06 13:17:34,457|INFO|random_mc2_n5_mid3_d1000_05_mr098_r10_89_uai_GDCC_1e-05_n200_roFalse_s0: Arguments: Namespace(method='GDCC_1e-05', numruns='200', seed='0', output='../results/synthetic/s123/', rewrite=True, removeoutliers=False, filepath=['../models/synthetic/s123/random_mc2_n5_mid3_d1000_05_mr098_r10_89.uai'])
2026-02-06 13:17:34,418|INFO|random_mc2_n5_mid3_d1000_05_mr098_r10_59_uai_GDCC_1e-05_n200_roTrue_s0: Loading model from ../models/synthetic/s123/random_mc2_n5_mid3_d1000_05_mr098_r10_59.uai
2026-02-06 13:17:34,430|INFO|random_mc2_n5_mid3_d1000_05_mr098_r10_59_uai_GDCC_1e-05_n200_roTrue_s0: Loading data from ../models/synthetic/s123/random_mc2_n5_mid3_d1000_05_mr098_r10_59.csv
2026-02-06 13:17:34,461|INFO|random_mc2_n5_mid3_d1000_05_mr098_r10_59_uai_GDCC_1e-05_n200_roTrue_s0: PNS(V2,V4) exact: (0.0, 0.0673840516)
2026-02-06 13:17:34,489|INFO|random_mc2_n7_mid3_d1000_05_mr098_r10_47_uai_GDCC_1e-05_n200_roFalse_s0: Arguments: Namespace(method='GDCC_1e-05', numruns='200', seed='0', output='../results/synthetic/s123/', rewrite=True, removeoutliers=False, filepath=['../models/synthetic/s123/random_mc2_n7_mid3_d1000_05_mr098_r10_47.uai'])
2026-02-06 13:17:34,457|INFO|random_mc2_n5_mid3_d1000_05_mr098_r10_89_uai_GDCC_1e-05_n200_roFalse_s0: Loading model from ../models/synthetic/s123/random_mc2_n5_mid3_d1000_05_mr098_r10_89.uai
2026-02-06 13:17:34,477|INFO|random_mc2_n5_mid3_d1000_05_mr098_r10_89_uai_GDCC_1e-05_n200_roFalse_s0: Loading data from ../models/synthetic/s123/random_mc2_n5_mid3_d1000_05_mr098_r10_89.csv
2026-02-06 13:17:34,499|INFO|random_mc2_n5_mid3_d1000_05_mr098_r10_89_uai_GDCC_1e-05_n200_roFalse_s0: PNS(V1,V3) exact: (0.0, 0.1946041664)
2026-02-06 13:17:34,489|INFO|random_mc2_n7_mid3_d1000_05_mr098_r10_47_uai_GDCC_1e-05_n200_roFalse_s0: Loading model from ../models/synthetic/s123/random_mc2_n7_mid3_d1000_05_mr098_r10_47.uai
2026-02-06 13:17:34,506|INFO|random_mc2_n7_mid3_d1000_05_mr098_r10_47_uai_GDCC_1e-05_n200_roFalse_s0: Loading data from ../models/synthetic/s123/random_mc2_n7_mid3_d1000_05_mr098_r10_47.csv
2026-02-06 13:17:34,520|INFO|random_mc2_n7_mid3_d1000_05_mr098_r10_47_uai_GDCC_1e-05_n200_roFalse_s0: PNS(V3,V6) exact: (0.1989106159359959, 0.311362706666494)
2026-02-06 13:17:35,206|INFO|random_mc2_n6_mid3_d1000_05_mr098_r10_113_uai_GDCC_1e-05_n200_roFalse_s0: Arguments: Namespace(method='GDCC_1e-05', numruns='200', seed='0', output='../results/synthetic/s123/', rewrite=True, removeoutliers=False, filepath=['../models/synthetic/s123/random_mc2_n6_mid3_d1000_05_mr098_r10_113.uai'])
2026-02-06 13:17:35,206|INFO|random_mc2_n6_mid3_d1000_05_mr098_r10_113_uai_GDCC_1e-05_n200_roFalse_s0: Loading model from ../models/synthetic/s123/random_mc2_n6_mid3_d1000_05_mr098_r10_113.uai
2026-02-06 13:17:35,226|INFO|random_mc2_n6_mid3_d1000_05_mr098_r10_113_uai_GDCC_1e-05_n200_roFalse_s0: Loading data from ../models/synthetic/s123/random_mc2_n6_mid3_d1000_05_mr098_r10_113.csv
2026-02-06 13:17:35,857|INFO|random_mc2_n5_mid3_d1000_05_mr098_r10_115_uai_GDCC_1e-05_n200_roFalse_s0: Arguments: Namespace(method='GDCC_1e-05', numruns='200', seed='0', output='../results/synthetic/s123/', rewrite=True, removeoutliers=False, filepath=['../models/synthetic/s123/random_mc2_n5_mid3_d1000_05_mr098_r10_115.uai'])
2026-02-06 13:17:35,857|INFO|random_mc2_n5_mid3_d1000_05_mr098_r10_115_uai_GDCC_1e-05_n200_roFalse_s0: Loading model from ../models/synthetic/s123/random_mc2_n5_mid3_d1000_05_mr098_r10_115.uai
2026-02-06 13:17:35,872|INFO|random_mc2_n5_mid3_d1000_05_mr098_r10_115_uai_GDCC_1e-05_n200_roFalse_s0: Loading data from ../models/synthetic/s123/random_mc2_n5_mid3_d1000_05_mr098_r10_115.csv
2026-02-06 13:17:36,202|INFO|random_mc2_n8_mid3_d1000_05_mr098_r10_122_uai_GDCC_1e-05_n200_roFalse_s0: Arguments: Namespace(method='GDCC_1e-05', numruns='200', seed='0', output='../results/synthetic/s123/', rewrite=True, removeoutliers=False, filepath=['../models/synthetic/s123/random_mc2_n8_mid3_d1000_05_mr098_r10_122.uai'])
2026-02-06 13:17:36,202|INFO|random_mc2_n8_mid3_d1000_05_mr098_r10_122_uai_GDCC_1e-05_n200_roFalse_s0: Loading model from ../models/synthetic/s123/random_mc2_n8_mid3_d1000_05_mr098_r10_122.uai
2026-02-06 13:17:36,222|INFO|random_mc2_n8_mid3_d1000_05_mr098_r10_122_uai_GDCC_1e-05_n200_roFalse_s0: Loading data from ../models/synthetic/s123/random_mc2_n8_mid3_d1000_05_mr098_r10_122.csv
2026-02-06 13:17:36,300|INFO|random_mc2_n6_mid3_d1000_05_mr098_r10_172_uai_GDCC_1e-05_n200_roFalse_s0: Arguments: Namespace(method='GDCC_1e-05', numruns='200', seed='0', output='../results/synthetic/s123/', rewrite=True, removeoutliers=False, filepath=['../models/synthetic/s123/random_mc2_n6_mid3_d1000_05_mr098_r10_172.uai'])
2026-02-06 13:17:36,301|INFO|random_mc2_n6_mid3_d1000_05_mr098_r10_172_uai_GDCC_1e-05_n200_roFalse_s0: Loading model from ../models/synthetic/s123/random_mc2_n6_mid3_d1000_05_mr098_r10_172.uai
2026-02-06 13:17:36,313|INFO|random_mc2_n6_mid3_d1000_05_mr098_r10_172_uai_GDCC_1e-05_n200_roFalse_s0: Loading data from ../models/synthetic/s123/random_mc2_n6_mid3_d1000_05_mr098_r10_172.csv
2026-02-06 13:17:36,463|INFO|random_mc2_n5_mid3_d1000_05_mr098_r10_176_uai_GDCC_1e-05_n200_roTrue_s0: Arguments: Namespace(method='GDCC_1e-05', numruns='200', seed='0', output='../results/synthetic/s123/', rewrite=True, removeoutliers=True, filepath=['../models/synthetic/s123/random_mc2_n5_mid3_d1000_05_mr098_r10_176.uai'])
2026-02-06 13:17:36,463|INFO|random_mc2_n5_mid3_d1000_05_mr098_r10_176_uai_GDCC_1e-05_n200_roTrue_s0: Loading model from ../models/synthetic/s123/random_mc2_n5_mid3_d1000_05_mr098_r10_176.uai
2026-02-06 13:17:36,470|INFO|random_mc2_n5_mid3_d1000_05_mr098_r10_176_uai_GDCC_1e-05_n200_roTrue_s0: Loading data from ../models/synthetic/s123/random_mc2_n5_mid3_d1000_05_mr098_r10_176.csv
2026-02-06 13:17:36,513|INFO|random_mc2_n7_mid3_d1000_05_mr098_r10_34_uai_GDCC_1e-05_n200_roFalse_s0: Arguments: Namespace(method='GDCC_1e-05', numruns='200', seed='0', output='../results/synthetic/s123/', rewrite=True, removeoutliers=False, filepath=['../models/synthetic/s123/random_mc2_n7_mid3_d1000_05_mr098_r10_34.uai'])
2026-02-06 13:17:36,513|INFO|random_mc2_n7_mid3_d1000_05_mr098_r10_34_uai_GDCC_1e-05_n200_roFalse_s0: Loading model from ../models/synthetic/s123/random_mc2_n7_mid3_d1000_05_mr098_r10_34.uai
2026-02-06 13:17:36,527|INFO|random_mc2_n7_mid3_d1000_05_mr098_r10_34_uai_GDCC_1e-05_n200_roFalse_s0: Loading data from ../models/synthetic/s123/random_mc2_n7_mid3_d1000_05_mr098_r10_34.csv
2026-02-06 13:17:36,550|INFO|random_mc2_n7_mid3_d1000_05_mr098_r10_34_uai_GDCC_1e-05_n200_roFalse_s0: PNS(V2,V1) exact: (0.0696133230233768, 0.2443864534772551)
2026-02-06 13:17:36,720|INFO|random_mc2_n7_mid3_d1000_05_mr098_r10_65_uai_GDCC_1e-05_n200_roTrue_s0: Arguments: Namespace(method='GDCC_1e-05', numruns='200', seed='0', output='../results/synthetic/s123/', rewrite=True, removeoutliers=True, filepath=['../models/synthetic/s123/random_mc2_n7_mid3_d1000_05_mr098_r10_65.uai'])
2026-02-06 13:17:36,720|INFO|random_mc2_n7_mid3_d1000_05_mr098_r10_65_uai_GDCC_1e-05_n200_roTrue_s0: Loading model from ../models/synthetic/s123/random_mc2_n7_mid3_d1000_05_mr098_r10_65.uai
2026-02-06 13:17:36,734|INFO|random_mc2_n7_mid3_d1000_05_mr098_r10_65_uai_GDCC_1e-05_n200_roTrue_s0: Loading data from ../models/synthetic/s123/random_mc2_n7_mid3_d1000_05_mr098_r10_65.csv
2026-02-06 13:17:36,755|INFO|random_mc2_n7_mid3_d1000_05_mr098_r10_65_uai_GDCC_1e-05_n200_roTrue_s0: PNS(V1,V0) exact: (0.1520312774315468, 0.2103249985205253)
2026-02-06 13:17:40,641|INFO|random_mc2_n5_mid3_d1000_05_mr098_r10_190_uai_GDCC_1e-05_n200_roTrue_s0: Arguments: Namespace(method='GDCC_1e-05', numruns='200', seed='0', output='../results/synthetic/s123/', rewrite=True, removeoutliers=True, filepath=['../models/synthetic/s123/random_mc2_n5_mid3_d1000_05_mr098_r10_190.uai'])
2026-02-06 13:17:40,641|INFO|random_mc2_n5_mid3_d1000_05_mr098_r10_190_uai_GDCC_1e-05_n200_roTrue_s0: Loading model from ../models/synthetic/s123/random_mc2_n5_mid3_d1000_05_mr098_r10_190.uai
2026-02-06 13:17:40,655|INFO|random_mc2_n5_mid3_d1000_05_mr098_r10_190_uai_GDCC_1e-05_n200_roTrue_s0: Loading data from ../models/synthetic/s123/random_mc2_n5_mid3_d1000_05_mr098_r10_190.csv
2026-02-06 13:17:40,671|INFO|random_mc2_n5_mid3_d1000_05_mr098_r10_190_uai_GDCC_1e-05_n200_roTrue_s0: PNS(V1,V2) exact: (1.5659726400000003e-05, 0.144498480129584)
2026-02-06 13:17:42,812|INFO|random_mc2_n6_mid3_d1000_05_mr098_r10_88_uai_GDCC_1e-05_n200_roTrue_s0: Arguments: Namespace(method='GDCC_1e-05', numruns='200', seed='0', output='../results/synthetic/s123/', rewrite=True, removeoutliers=True, filepath=['../models/synthetic/s123/random_mc2_n6_mid3_d1000_05_mr098_r10_88.uai'])
2026-02-06 13:17:42,832|INFO|random_mc2_n5_mid3_d1000_05_mr098_r10_113_uai_GDCC_1e-05_n200_roTrue_s0: Arguments: Namespace(method='GDCC_1e-05', numruns='200', seed='0', output='../results/synthetic/s123/', rewrite=True, removeoutliers=True, filepath=['../models/synthetic/s123/random_mc2_n5_mid3_d1000_05_mr098_r10_113.uai'])
2026-02-06 13:17:42,812|INFO|random_mc2_n6_mid3_d1000_05_mr098_r10_88_uai_GDCC_1e-05_n200_roTrue_s0: Loading model from ../models/synthetic/s123/random_mc2_n6_mid3_d1000_05_mr098_r10_88.uai
2026-02-06 13:17:42,832|INFO|random_mc2_n6_mid3_d1000_05_mr098_r10_88_uai_GDCC_1e-05_n200_roTrue_s0: Loading data from ../models/synthetic/s123/random_mc2_n6_mid3_d1000_05_mr098_r10_88.csv
2026-02-06 13:17:42,832|INFO|random_mc2_n5_mid3_d1000_05_mr098_r10_113_uai_GDCC_1e-05_n200_roTrue_s0: Loading model from ../models/synthetic/s123/random_mc2_n5_mid3_d1000_05_mr098_r10_113.uai
2026-02-06 13:17:42,844|INFO|random_mc2_n5_mid3_d1000_05_mr098_r10_113_uai_GDCC_1e-05_n200_roTrue_s0: Loading data from ../models/synthetic/s123/random_mc2_n5_mid3_d1000_05_mr098_r10_113.csv
2026-02-06 13:17:42,866|INFO|random_mc2_n5_mid3_d1000_05_mr098_r10_113_uai_GDCC_1e-05_n200_roTrue_s0: PNS(V3,V1) exact: (0.3215531011, 0.5646456533000002)
2026-02-06 13:17:42,897|INFO|random_mc2_n9_mid3_d1000_05_mr098_r10_177_uai_GDCC_1e-05_n200_roTrue_s0: Arguments: Namespace(method='GDCC_1e-05', numruns='200', seed='0', output='../results/synthetic/s123/', rewrite=True, removeoutliers=True, filepath=['../models/synthetic/s123/random_mc2_n9_mid3_d1000_05_mr098_r10_177.uai'])
2026-02-06 13:17:42,897|INFO|random_mc2_n9_mid3_d1000_05_mr098_r10_177_uai_GDCC_1e-05_n200_roTrue_s0: Loading model from ../models/synthetic/s123/random_mc2_n9_mid3_d1000_05_mr098_r10_177.uai
2026-02-06 13:17:42,923|INFO|random_mc2_n9_mid3_d1000_05_mr098_r10_177_uai_GDCC_1e-05_n200_roTrue_s0: Loading data from ../models/synthetic/s123/random_mc2_n9_mid3_d1000_05_mr098_r10_177.csv
2026-02-06 13:17:43,537|INFO|random_mc2_n9_mid3_d1000_05_mr098_r10_104_uai_GDCC_1e-05_n200_roFalse_s0: Arguments: Namespace(method='GDCC_1e-05', numruns='200', seed='0', output='../results/synthetic/s123/', rewrite=True, removeoutliers=False, filepath=['../models/synthetic/s123/random_mc2_n9_mid3_d1000_05_mr098_r10_104.uai'])
2026-02-06 13:17:43,537|INFO|random_mc2_n9_mid3_d1000_05_mr098_r10_104_uai_GDCC_1e-05_n200_roFalse_s0: Loading model from ../models/synthetic/s123/random_mc2_n9_mid3_d1000_05_mr098_r10_104.uai
2026-02-06 13:17:43,564|INFO|random_mc2_n9_mid3_d1000_05_mr098_r10_104_uai_GDCC_1e-05_n200_roFalse_s0: Loading data from ../models/synthetic/s123/random_mc2_n9_mid3_d1000_05_mr098_r10_104.csv
2026-02-06 13:17:43,627|INFO|random_mc2_n9_mid3_d1000_05_mr098_r10_133_uai_GDCC_1e-05_n200_roTrue_s0: Arguments: Namespace(method='GDCC_1e-05', numruns='200', seed='0', output='../results/synthetic/s123/', rewrite=True, removeoutliers=True, filepath=['../models/synthetic/s123/random_mc2_n9_mid3_d1000_05_mr098_r10_133.uai'])
2026-02-06 13:17:43,654|INFO|random_mc2_n5_mid3_d1000_05_mr098_r10_29_uai_GDCC_1e-05_n200_roTrue_s0: Arguments: Namespace(method='GDCC_1e-05', numruns='200', seed='0', output='../results/synthetic/s123/', rewrite=True, removeoutliers=True, filepath=['../models/synthetic/s123/random_mc2_n5_mid3_d1000_05_mr098_r10_29.uai'])
2026-02-06 13:17:43,627|INFO|random_mc2_n9_mid3_d1000_05_mr098_r10_133_uai_GDCC_1e-05_n200_roTrue_s0: Loading model from ../models/synthetic/s123/random_mc2_n9_mid3_d1000_05_mr098_r10_133.uai
2026-02-06 13:17:43,642|INFO|random_mc2_n9_mid3_d1000_05_mr098_r10_133_uai_GDCC_1e-05_n200_roTrue_s0: Loading data from ../models/synthetic/s123/random_mc2_n9_mid3_d1000_05_mr098_r10_133.csv
2026-02-06 13:17:43,655|INFO|random_mc2_n5_mid3_d1000_05_mr098_r10_29_uai_GDCC_1e-05_n200_roTrue_s0: Loading model from ../models/synthetic/s123/random_mc2_n5_mid3_d1000_05_mr098_r10_29.uai
2026-02-06 13:17:43,667|INFO|random_mc2_n5_mid3_d1000_05_mr098_r10_29_uai_GDCC_1e-05_n200_roTrue_s0: Loading data from ../models/synthetic/s123/random_mc2_n5_mid3_d1000_05_mr098_r10_29.csv
2026-02-06 13:17:43,743|INFO|random_mc2_n7_mid3_d1000_05_mr098_r10_89_uai_GDCC_1e-05_n200_roFalse_s0: Arguments: Namespace(method='GDCC_1e-05', numruns='200', seed='0', output='../results/synthetic/s123/', rewrite=True, removeoutliers=False, filepath=['../models/synthetic/s123/random_mc2_n7_mid3_d1000_05_mr098_r10_89.uai'])
2026-02-06 13:17:43,743|INFO|random_mc2_n7_mid3_d1000_05_mr098_r10_89_uai_GDCC_1e-05_n200_roFalse_s0: Loading model from ../models/synthetic/s123/random_mc2_n7_mid3_d1000_05_mr098_r10_89.uai
2026-02-06 13:17:43,764|INFO|random_mc2_n7_mid3_d1000_05_mr098_r10_89_uai_GDCC_1e-05_n200_roFalse_s0: Loading data from ../models/synthetic/s123/random_mc2_n7_mid3_d1000_05_mr098_r10_89.csv
2026-02-06 13:17:43,778|INFO|random_mc2_n7_mid3_d1000_05_mr098_r10_89_uai_GDCC_1e-05_n200_roFalse_s0: PNS(V3,V5) exact: (0.004984755025224, 0.0216545809382499)
2026-02-06 13:17:43,850|INFO|random_mc2_n8_mid3_d1000_05_mr098_r10_13_uai_GDCC_1e-05_n200_roFalse_s0: Arguments: Namespace(method='GDCC_1e-05', numruns='200', seed='0', output='../results/synthetic/s123/', rewrite=True, removeoutliers=False, filepath=['../models/synthetic/s123/random_mc2_n8_mid3_d1000_05_mr098_r10_13.uai'])
2026-02-06 13:17:43,850|INFO|random_mc2_n8_mid3_d1000_05_mr098_r10_13_uai_GDCC_1e-05_n200_roFalse_s0: Loading model from ../models/synthetic/s123/random_mc2_n8_mid3_d1000_05_mr098_r10_13.uai
2026-02-06 13:17:43,869|INFO|random_mc2_n8_mid3_d1000_05_mr098_r10_13_uai_GDCC_1e-05_n200_roFalse_s0: Loading data from ../models/synthetic/s123/random_mc2_n8_mid3_d1000_05_mr098_r10_13.csv
2026-02-06 13:17:43,904|INFO|random_mc2_n6_mid3_d1000_05_mr098_r10_108_uai_GDCC_1e-05_n200_roTrue_s0: Arguments: Namespace(method='GDCC_1e-05', numruns='200', seed='0', output='../results/synthetic/s123/', rewrite=True, removeoutliers=True, filepath=['../models/synthetic/s123/random_mc2_n6_mid3_d1000_05_mr098_r10_108.uai'])
2026-02-06 13:17:43,935|INFO|random_mc2_n7_mid3_d1000_05_mr098_r10_28_uai_GDCC_1e-05_n200_roTrue_s0: Arguments: Namespace(method='GDCC_1e-05', numruns='200', seed='0', output='../results/synthetic/s123/', rewrite=True, removeoutliers=True, filepath=['../models/synthetic/s123/random_mc2_n7_mid3_d1000_05_mr098_r10_28.uai'])
2026-02-06 13:17:43,904|INFO|random_mc2_n6_mid3_d1000_05_mr098_r10_108_uai_GDCC_1e-05_n200_roTrue_s0: Loading model from ../models/synthetic/s123/random_mc2_n6_mid3_d1000_05_mr098_r10_108.uai
2026-02-06 13:17:43,916|INFO|random_mc2_n6_mid3_d1000_05_mr098_r10_108_uai_GDCC_1e-05_n200_roTrue_s0: Loading data from ../models/synthetic/s123/random_mc2_n6_mid3_d1000_05_mr098_r10_108.csv
2026-02-06 13:17:43,945|INFO|random_mc2_n5_mid3_d1000_05_mr098_r10_114_uai_GDCC_1e-05_n200_roFalse_s0: Arguments: Namespace(method='GDCC_1e-05', numruns='200', seed='0', output='../results/synthetic/s123/', rewrite=True, removeoutliers=False, filepath=['../models/synthetic/s123/random_mc2_n5_mid3_d1000_05_mr098_r10_114.uai'])
2026-02-06 13:17:43,936|INFO|random_mc2_n7_mid3_d1000_05_mr098_r10_28_uai_GDCC_1e-05_n200_roTrue_s0: Loading model from ../models/synthetic/s123/random_mc2_n7_mid3_d1000_05_mr098_r10_28.uai
2026-02-06 13:17:43,958|INFO|random_mc2_n7_mid3_d1000_05_mr098_r10_28_uai_GDCC_1e-05_n200_roTrue_s0: Loading data from ../models/synthetic/s123/random_mc2_n7_mid3_d1000_05_mr098_r10_28.csv
2026-02-06 13:17:43,945|INFO|random_mc2_n5_mid3_d1000_05_mr098_r10_114_uai_GDCC_1e-05_n200_roFalse_s0: Loading model from ../models/synthetic/s123/random_mc2_n5_mid3_d1000_05_mr098_r10_114.uai
2026-02-06 13:17:43,968|INFO|random_mc2_n5_mid3_d1000_05_mr098_r10_114_uai_GDCC_1e-05_n200_roFalse_s0: Loading data from ../models/synthetic/s123/random_mc2_n5_mid3_d1000_05_mr098_r10_114.csv
2026-02-06 13:17:44,094|INFO|random_mc2_n6_mid3_d1000_05_mr098_r10_107_uai_GDCC_1e-05_n200_roTrue_s0: Arguments: Namespace(method='GDCC_1e-05', numruns='200', seed='0', output='../results/synthetic/s123/', rewrite=True, removeoutliers=True, filepath=['../models/synthetic/s123/random_mc2_n6_mid3_d1000_05_mr098_r10_107.uai'])
2026-02-06 13:17:44,094|INFO|random_mc2_n6_mid3_d1000_05_mr098_r10_107_uai_GDCC_1e-05_n200_roTrue_s0: Loading model from ../models/synthetic/s123/random_mc2_n6_mid3_d1000_05_mr098_r10_107.uai
2026-02-06 13:17:44,109|INFO|random_mc2_n6_mid3_d1000_05_mr098_r10_107_uai_GDCC_1e-05_n200_roTrue_s0: Loading data from ../models/synthetic/s123/random_mc2_n6_mid3_d1000_05_mr098_r10_107.csv
2026-02-06 13:17:44,125|INFO|random_mc2_n6_mid3_d1000_05_mr098_r10_107_uai_GDCC_1e-05_n200_roTrue_s0: PNS(V2,V4) exact: (0.0692122168437381, 0.3642803790180109)
2026-02-06 13:17:44,830|INFO|random_mc2_n5_mid3_d1000_05_mr098_r10_80_uai_GDCC_1e-05_n200_roFalse_s0: Arguments: Namespace(method='GDCC_1e-05', numruns='200', seed='0', output='../results/synthetic/s123/', rewrite=True, removeoutliers=False, filepath=['../models/synthetic/s123/random_mc2_n5_mid3_d1000_05_mr098_r10_80.uai'])
2026-02-06 13:17:44,830|INFO|random_mc2_n5_mid3_d1000_05_mr098_r10_80_uai_GDCC_1e-05_n200_roFalse_s0: Loading model from ../models/synthetic/s123/random_mc2_n5_mid3_d1000_05_mr098_r10_80.uai
2026-02-06 13:17:44,841|INFO|random_mc2_n5_mid3_d1000_05_mr098_r10_80_uai_GDCC_1e-05_n200_roFalse_s0: Loading data from ../models/synthetic/s123/random_mc2_n5_mid3_d1000_05_mr098_r10_80.csv
2026-02-06 13:17:44,854|INFO|random_mc2_n5_mid3_d1000_05_mr098_r10_80_uai_GDCC_1e-05_n200_roFalse_s0: PNS(V1,V4) exact: (0.950554689425868, 0.970786964773004)
2026-02-06 13:17:45,408|INFO|random_mc2_n6_mid3_d1000_05_mr098_r10_41_uai_GDCC_1e-05_n200_roTrue_s0: Arguments: Namespace(method='GDCC_1e-05', numruns='200', seed='0', output='../results/synthetic/s123/', rewrite=True, removeoutliers=True, filepath=['../models/synthetic/s123/random_mc2_n6_mid3_d1000_05_mr098_r10_41.uai'])
2026-02-06 13:17:45,408|INFO|random_mc2_n6_mid3_d1000_05_mr098_r10_41_uai_GDCC_1e-05_n200_roTrue_s0: Loading model from ../models/synthetic/s123/random_mc2_n6_mid3_d1000_05_mr098_r10_41.uai
2026-02-06 13:17:45,435|INFO|random_mc2_n6_mid3_d1000_05_mr098_r10_41_uai_GDCC_1e-05_n200_roTrue_s0: Loading data from ../models/synthetic/s123/random_mc2_n6_mid3_d1000_05_mr098_r10_41.csv
2026-02-06 13:17:45,455|INFO|random_mc2_n6_mid3_d1000_05_mr098_r10_41_uai_GDCC_1e-05_n200_roTrue_s0: PNS(V5,V3) exact: (0.119982256826749, 0.4934547656320461)
2026-02-06 13:17:45,456|INFO|random_mc2_n6_mid3_d1000_05_mr098_r10_19_uai_GDCC_1e-05_n200_roTrue_s0: Arguments: Namespace(method='GDCC_1e-05', numruns='200', seed='0', output='../results/synthetic/s123/', rewrite=True, removeoutliers=True, filepath=['../models/synthetic/s123/random_mc2_n6_mid3_d1000_05_mr098_r10_19.uai'])
2026-02-06 13:17:45,465|INFO|random_mc2_n7_mid3_d1000_05_mr098_r10_25_uai_GDCC_1e-05_n200_roFalse_s0: Arguments: Namespace(method='GDCC_1e-05', numruns='200', seed='0', output='../results/synthetic/s123/', rewrite=True, removeoutliers=False, filepath=['../models/synthetic/s123/random_mc2_n7_mid3_d1000_05_mr098_r10_25.uai'])
2026-02-06 13:17:45,456|INFO|random_mc2_n6_mid3_d1000_05_mr098_r10_19_uai_GDCC_1e-05_n200_roTrue_s0: Loading model from ../models/synthetic/s123/random_mc2_n6_mid3_d1000_05_mr098_r10_19.uai
2026-02-06 13:17:45,465|INFO|random_mc2_n7_mid3_d1000_05_mr098_r10_25_uai_GDCC_1e-05_n200_roFalse_s0: Loading model from ../models/synthetic/s123/random_mc2_n7_mid3_d1000_05_mr098_r10_25.uai
2026-02-06 13:17:45,486|INFO|random_mc2_n7_mid3_d1000_05_mr098_r10_25_uai_GDCC_1e-05_n200_roFalse_s0: Loading data from ../models/synthetic/s123/random_mc2_n7_mid3_d1000_05_mr098_r10_25.csv
2026-02-06 13:17:45,704|INFO|random_mc2_n6_mid3_d1000_05_mr098_r10_19_uai_GDCC_1e-05_n200_roTrue_s0: Loading data from ../models/synthetic/s123/random_mc2_n6_mid3_d1000_05_mr098_r10_19.csv
2026-02-06 13:17:48,094|INFO|random_mc2_n7_mid3_d1000_05_mr098_r10_81_uai_GDCC_1e-05_n200_roFalse_s0: Arguments: Namespace(method='GDCC_1e-05', numruns='200', seed='0', output='../results/synthetic/s123/', rewrite=True, removeoutliers=False, filepath=['../models/synthetic/s123/random_mc2_n7_mid3_d1000_05_mr098_r10_81.uai'])
2026-02-06 13:17:48,101|INFO|random_mc2_n7_mid3_d1000_05_mr098_r10_145_uai_GDCC_1e-05_n200_roTrue_s0: Arguments: Namespace(method='GDCC_1e-05', numruns='200', seed='0', output='../results/synthetic/s123/', rewrite=True, removeoutliers=True, filepath=['../models/synthetic/s123/random_mc2_n7_mid3_d1000_05_mr098_r10_145.uai'])
2026-02-06 13:17:48,094|INFO|random_mc2_n7_mid3_d1000_05_mr098_r10_81_uai_GDCC_1e-05_n200_roFalse_s0: Loading model from ../models/synthetic/s123/random_mc2_n7_mid3_d1000_05_mr098_r10_81.uai
2026-02-06 13:17:48,114|INFO|random_mc2_n7_mid3_d1000_05_mr098_r10_81_uai_GDCC_1e-05_n200_roFalse_s0: Loading data from ../models/synthetic/s123/random_mc2_n7_mid3_d1000_05_mr098_r10_81.csv
2026-02-06 13:17:48,133|INFO|random_mc2_n7_mid3_d1000_05_mr098_r10_81_uai_GDCC_1e-05_n200_roFalse_s0: PNS(V4,V5) exact: (4.627372247959759e-07, 0.1171699848954117)
2026-02-06 13:17:48,101|INFO|random_mc2_n7_mid3_d1000_05_mr098_r10_145_uai_GDCC_1e-05_n200_roTrue_s0: Loading model from ../models/synthetic/s123/random_mc2_n7_mid3_d1000_05_mr098_r10_145.uai
2026-02-06 13:17:48,114|INFO|random_mc2_n7_mid3_d1000_05_mr098_r10_145_uai_GDCC_1e-05_n200_roTrue_s0: Loading data from ../models/synthetic/s123/random_mc2_n7_mid3_d1000_05_mr098_r10_145.csv
2026-02-06 13:17:48,133|INFO|random_mc2_n7_mid3_d1000_05_mr098_r10_145_uai_GDCC_1e-05_n200_roTrue_s0: PNS(V2,V5) exact: (0.024162408524618, 0.062781303718492)
2026-02-06 13:17:48,148|INFO|random_mc2_n6_mid3_d1000_05_mr098_r10_147_uai_GDCC_1e-05_n200_roTrue_s0: Arguments: Namespace(method='GDCC_1e-05', numruns='200', seed='0', output='../results/synthetic/s123/', rewrite=True, removeoutliers=True, filepath=['../models/synthetic/s123/random_mc2_n6_mid3_d1000_05_mr098_r10_147.uai'])
2026-02-06 13:17:48,148|INFO|random_mc2_n6_mid3_d1000_05_mr098_r10_147_uai_GDCC_1e-05_n200_roTrue_s0: Loading model from ../models/synthetic/s123/random_mc2_n6_mid3_d1000_05_mr098_r10_147.uai
2026-02-06 13:17:48,161|INFO|random_mc2_n6_mid3_d1000_05_mr098_r10_147_uai_GDCC_1e-05_n200_roTrue_s0: Loading data from ../models/synthetic/s123/random_mc2_n6_mid3_d1000_05_mr098_r10_147.csv
2026-02-06 13:17:48,231|INFO|random_mc2_n5_mid3_d1000_05_mr098_r10_49_uai_GDCC_1e-05_n200_roTrue_s0: Arguments: Namespace(method='GDCC_1e-05', numruns='200', seed='0', output='../results/synthetic/s123/', rewrite=True, removeoutliers=True, filepath=['../models/synthetic/s123/random_mc2_n5_mid3_d1000_05_mr098_r10_49.uai'])
2026-02-06 13:17:48,232|INFO|random_mc2_n5_mid3_d1000_05_mr098_r10_49_uai_GDCC_1e-05_n200_roTrue_s0: Loading model from ../models/synthetic/s123/random_mc2_n5_mid3_d1000_05_mr098_r10_49.uai
2026-02-06 13:17:48,243|INFO|random_mc2_n5_mid3_d1000_05_mr098_r10_49_uai_GDCC_1e-05_n200_roTrue_s0: Loading data from ../models/synthetic/s123/random_mc2_n5_mid3_d1000_05_mr098_r10_49.csv
2026-02-06 13:17:52,093|INFO|random_mc2_n7_mid3_d1000_05_mr098_r10_53_uai_GDCC_1e-05_n200_roTrue_s0: Arguments: Namespace(method='GDCC_1e-05', numruns='200', seed='0', output='../results/synthetic/s123/', rewrite=True, removeoutliers=True, filepath=['../models/synthetic/s123/random_mc2_n7_mid3_d1000_05_mr098_r10_53.uai'])
2026-02-06 13:17:52,093|INFO|random_mc2_n7_mid3_d1000_05_mr098_r10_53_uai_GDCC_1e-05_n200_roTrue_s0: Loading model from ../models/synthetic/s123/random_mc2_n7_mid3_d1000_05_mr098_r10_53.uai
2026-02-06 13:17:52,110|INFO|random_mc2_n7_mid3_d1000_05_mr098_r10_53_uai_GDCC_1e-05_n200_roTrue_s0: Loading data from ../models/synthetic/s123/random_mc2_n7_mid3_d1000_05_mr098_r10_53.csv
2026-02-06 13:17:52,172|INFO|random_mc2_n5_mid3_d1000_05_mr098_r10_35_uai_GDCC_1e-05_n200_roFalse_s0: Arguments: Namespace(method='GDCC_1e-05', numruns='200', seed='0', output='../results/synthetic/s123/', rewrite=True, removeoutliers=False, filepath=['../models/synthetic/s123/random_mc2_n5_mid3_d1000_05_mr098_r10_35.uai'])
2026-02-06 13:17:52,172|INFO|random_mc2_n5_mid3_d1000_05_mr098_r10_35_uai_GDCC_1e-05_n200_roFalse_s0: Loading model from ../models/synthetic/s123/random_mc2_n5_mid3_d1000_05_mr098_r10_35.uai
2026-02-06 13:17:52,182|INFO|random_mc2_n5_mid3_d1000_05_mr098_r10_35_uai_GDCC_1e-05_n200_roFalse_s0: Loading data from ../models/synthetic/s123/random_mc2_n5_mid3_d1000_05_mr098_r10_35.csv
2026-02-06 13:17:52,196|INFO|random_mc2_n5_mid3_d1000_05_mr098_r10_35_uai_GDCC_1e-05_n200_roFalse_s0: PNS(V1,V0) exact: (0.0068097203999999, 0.1260976746)
2026-02-06 13:17:52,299|INFO|random_mc2_n7_mid3_d1000_05_mr098_r10_89_uai_GDCC_1e-05_n200_roTrue_s0: Arguments: Namespace(method='GDCC_1e-05', numruns='200', seed='0', output='../results/synthetic/s123/', rewrite=True, removeoutliers=True, filepath=['../models/synthetic/s123/random_mc2_n7_mid3_d1000_05_mr098_r10_89.uai'])
2026-02-06 13:17:52,300|INFO|random_mc2_n7_mid3_d1000_05_mr098_r10_89_uai_GDCC_1e-05_n200_roTrue_s0: Loading model from ../models/synthetic/s123/random_mc2_n7_mid3_d1000_05_mr098_r10_89.uai
2026-02-06 13:17:52,318|INFO|random_mc2_n7_mid3_d1000_05_mr098_r10_89_uai_GDCC_1e-05_n200_roTrue_s0: Loading data from ../models/synthetic/s123/random_mc2_n7_mid3_d1000_05_mr098_r10_89.csv
2026-02-06 13:17:52,336|INFO|random_mc2_n7_mid3_d1000_05_mr098_r10_89_uai_GDCC_1e-05_n200_roTrue_s0: PNS(V3,V5) exact: (0.004984755025224, 0.0216545809382499)
2026-02-06 13:17:52,463|INFO|random_mc2_n8_mid3_d1000_05_mr098_r10_127_uai_GDCC_1e-05_n200_roFalse_s0: Arguments: Namespace(method='GDCC_1e-05', numruns='200', seed='0', output='../results/synthetic/s123/', rewrite=True, removeoutliers=False, filepath=['../models/synthetic/s123/random_mc2_n8_mid3_d1000_05_mr098_r10_127.uai'])
2026-02-06 13:17:52,463|INFO|random_mc2_n8_mid3_d1000_05_mr098_r10_127_uai_GDCC_1e-05_n200_roFalse_s0: Loading model from ../models/synthetic/s123/random_mc2_n8_mid3_d1000_05_mr098_r10_127.uai
2026-02-06 13:17:52,519|INFO|random_mc2_n8_mid3_d1000_05_mr098_r10_127_uai_GDCC_1e-05_n200_roFalse_s0: Loading data from ../models/synthetic/s123/random_mc2_n8_mid3_d1000_05_mr098_r10_127.csv
2026-02-06 13:17:52,991|INFO|random_mc2_n5_mid3_d1000_05_mr098_r10_105_uai_GDCC_1e-05_n200_roFalse_s0: Arguments: Namespace(method='GDCC_1e-05', numruns='200', seed='0', output='../results/synthetic/s123/', rewrite=True, removeoutliers=False, filepath=['../models/synthetic/s123/random_mc2_n5_mid3_d1000_05_mr098_r10_105.uai'])
2026-02-06 13:17:52,991|INFO|random_mc2_n5_mid3_d1000_05_mr098_r10_105_uai_GDCC_1e-05_n200_roFalse_s0: Loading model from ../models/synthetic/s123/random_mc2_n5_mid3_d1000_05_mr098_r10_105.uai
2026-02-06 13:17:53,003|INFO|random_mc2_n5_mid3_d1000_05_mr098_r10_105_uai_GDCC_1e-05_n200_roFalse_s0: Loading data from ../models/synthetic/s123/random_mc2_n5_mid3_d1000_05_mr098_r10_105.csv
2026-02-06 13:17:53,032|INFO|random_mc2_n5_mid3_d1000_05_mr098_r10_27_uai_GDCC_1e-05_n200_roTrue_s0: Arguments: Namespace(method='GDCC_1e-05', numruns='200', seed='0', output='../results/synthetic/s123/', rewrite=True, removeoutliers=True, filepath=['../models/synthetic/s123/random_mc2_n5_mid3_d1000_05_mr098_r10_27.uai'])
2026-02-06 13:17:53,037|INFO|random_mc2_n5_mid3_d1000_05_mr098_r10_186_uai_GDCC_1e-05_n200_roTrue_s0: Arguments: Namespace(method='GDCC_1e-05', numruns='200', seed='0', output='../results/synthetic/s123/', rewrite=True, removeoutliers=True, filepath=['../models/synthetic/s123/random_mc2_n5_mid3_d1000_05_mr098_r10_186.uai'])
2026-02-06 13:17:53,032|INFO|random_mc2_n5_mid3_d1000_05_mr098_r10_27_uai_GDCC_1e-05_n200_roTrue_s0: Loading model from ../models/synthetic/s123/random_mc2_n5_mid3_d1000_05_mr098_r10_27.uai
2026-02-06 13:17:53,046|INFO|random_mc2_n5_mid3_d1000_05_mr098_r10_27_uai_GDCC_1e-05_n200_roTrue_s0: Loading data from ../models/synthetic/s123/random_mc2_n5_mid3_d1000_05_mr098_r10_27.csv
2026-02-06 13:17:53,062|INFO|random_mc2_n5_mid3_d1000_05_mr098_r10_27_uai_GDCC_1e-05_n200_roTrue_s0: PNS(V4,V3) exact: (0.072092966, 0.40936737)
2026-02-06 13:17:53,037|INFO|random_mc2_n5_mid3_d1000_05_mr098_r10_186_uai_GDCC_1e-05_n200_roTrue_s0: Loading model from ../models/synthetic/s123/random_mc2_n5_mid3_d1000_05_mr098_r10_186.uai
2026-02-06 13:17:53,053|INFO|random_mc2_n5_mid3_d1000_05_mr098_r10_186_uai_GDCC_1e-05_n200_roTrue_s0: Loading data from ../models/synthetic/s123/random_mc2_n5_mid3_d1000_05_mr098_r10_186.csv
2026-02-06 13:17:53,069|INFO|random_mc2_n5_mid3_d1000_05_mr098_r10_186_uai_GDCC_1e-05_n200_roTrue_s0: PNS(V3,V1) exact: (0.68198788120285, 0.68198788120285)
2026-02-06 13:17:55,201|INFO|random_mc2_n6_mid3_d1000_05_mr098_r10_134_uai_GDCC_1e-05_n200_roFalse_s0: Arguments: Namespace(method='GDCC_1e-05', numruns='200', seed='0', output='../results/synthetic/s123/', rewrite=True, removeoutliers=False, filepath=['../models/synthetic/s123/random_mc2_n6_mid3_d1000_05_mr098_r10_134.uai'])
2026-02-06 13:17:55,202|INFO|random_mc2_n6_mid3_d1000_05_mr098_r10_134_uai_GDCC_1e-05_n200_roFalse_s0: Loading model from ../models/synthetic/s123/random_mc2_n6_mid3_d1000_05_mr098_r10_134.uai
2026-02-06 13:17:55,210|INFO|random_mc2_n6_mid3_d1000_05_mr098_r10_134_uai_GDCC_1e-05_n200_roFalse_s0: Loading data from ../models/synthetic/s123/random_mc2_n6_mid3_d1000_05_mr098_r10_134.csv
2026-02-06 13:17:55,223|INFO|random_mc2_n6_mid3_d1000_05_mr098_r10_134_uai_GDCC_1e-05_n200_roFalse_s0: PNS(V3,V1) exact: (0.0, 0.0)
2026-02-06 13:17:55,223|ERROR|random_mc2_n6_mid3_d1000_05_mr098_r10_134_uai_GDCC_1e-05_n200_roFalse_s0: Model does not have any cause-effect path.
2026-02-06 13:17:55,282|INFO|random_mc2_n8_mid3_d1000_05_mr098_r10_122_uai_GDCC_1e-05_n200_roTrue_s0: Arguments: Namespace(method='GDCC_1e-05', numruns='200', seed='0', output='../results/synthetic/s123/', rewrite=True, removeoutliers=True, filepath=['../models/synthetic/s123/random_mc2_n8_mid3_d1000_05_mr098_r10_122.uai'])
2026-02-06 13:17:55,319|INFO|random_mc2_n6_mid3_d1000_05_mr098_r10_94_uai_GDCC_1e-05_n200_roTrue_s0: Arguments: Namespace(method='GDCC_1e-05', numruns='200', seed='0', output='../results/synthetic/s123/', rewrite=True, removeoutliers=True, filepath=['../models/synthetic/s123/random_mc2_n6_mid3_d1000_05_mr098_r10_94.uai'])
2026-02-06 13:17:55,283|INFO|random_mc2_n8_mid3_d1000_05_mr098_r10_122_uai_GDCC_1e-05_n200_roTrue_s0: Loading model from ../models/synthetic/s123/random_mc2_n8_mid3_d1000_05_mr098_r10_122.uai
2026-02-06 13:17:55,304|INFO|random_mc2_n8_mid3_d1000_05_mr098_r10_122_uai_GDCC_1e-05_n200_roTrue_s0: Loading data from ../models/synthetic/s123/random_mc2_n8_mid3_d1000_05_mr098_r10_122.csv
2026-02-06 13:17:55,319|INFO|random_mc2_n6_mid3_d1000_05_mr098_r10_94_uai_GDCC_1e-05_n200_roTrue_s0: Loading model from ../models/synthetic/s123/random_mc2_n6_mid3_d1000_05_mr098_r10_94.uai
2026-02-06 13:17:55,342|INFO|random_mc2_n6_mid3_d1000_05_mr098_r10_94_uai_GDCC_1e-05_n200_roTrue_s0: Loading data from ../models/synthetic/s123/random_mc2_n6_mid3_d1000_05_mr098_r10_94.csv
2026-02-06 13:17:55,370|INFO|random_mc2_n6_mid3_d1000_05_mr098_r10_94_uai_GDCC_1e-05_n200_roTrue_s0: PNS(V0,V5) exact: (0.0335349828721959, 0.1506232608719497)
2026-02-06 13:17:56,479|INFO|random_mc2_n6_mid3_d1000_05_mr098_r10_23_uai_GDCC_1e-05_n200_roTrue_s0: Arguments: Namespace(method='GDCC_1e-05', numruns='200', seed='0', output='../results/synthetic/s123/', rewrite=True, removeoutliers=True, filepath=['../models/synthetic/s123/random_mc2_n6_mid3_d1000_05_mr098_r10_23.uai'])
2026-02-06 13:17:56,479|INFO|random_mc2_n6_mid3_d1000_05_mr098_r10_23_uai_GDCC_1e-05_n200_roTrue_s0: Loading model from ../models/synthetic/s123/random_mc2_n6_mid3_d1000_05_mr098_r10_23.uai
2026-02-06 13:17:56,498|INFO|random_mc2_n6_mid3_d1000_05_mr098_r10_23_uai_GDCC_1e-05_n200_roTrue_s0: Loading data from ../models/synthetic/s123/random_mc2_n6_mid3_d1000_05_mr098_r10_23.csv
2026-02-06 13:17:56,519|INFO|random_mc2_n6_mid3_d1000_05_mr098_r10_23_uai_GDCC_1e-05_n200_roTrue_s0: PNS(V0,V5) exact: (0.0, 0.206564908524544)
2026-02-06 13:17:56,675|INFO|random_mc2_n9_mid3_d1000_05_mr098_r10_140_uai_GDCC_1e-05_n200_roFalse_s0: Arguments: Namespace(method='GDCC_1e-05', numruns='200', seed='0', output='../results/synthetic/s123/', rewrite=True, removeoutliers=False, filepath=['../models/synthetic/s123/random_mc2_n9_mid3_d1000_05_mr098_r10_140.uai'])
2026-02-06 13:17:56,675|INFO|random_mc2_n9_mid3_d1000_05_mr098_r10_140_uai_GDCC_1e-05_n200_roFalse_s0: Loading model from ../models/synthetic/s123/random_mc2_n9_mid3_d1000_05_mr098_r10_140.uai
2026-02-06 13:17:56,711|INFO|random_mc2_n9_mid3_d1000_05_mr098_r10_140_uai_GDCC_1e-05_n200_roFalse_s0: Loading data from ../models/synthetic/s123/random_mc2_n9_mid3_d1000_05_mr098_r10_140.csv
2026-02-06 13:17:56,821|INFO|random_mc2_n6_mid3_d1000_05_mr098_r10_144_uai_GDCC_1e-05_n200_roTrue_s0: Arguments: Namespace(method='GDCC_1e-05', numruns='200', seed='0', output='../results/synthetic/s123/', rewrite=True, removeoutliers=True, filepath=['../models/synthetic/s123/random_mc2_n6_mid3_d1000_05_mr098_r10_144.uai'])
2026-02-06 13:17:56,822|INFO|random_mc2_n6_mid3_d1000_05_mr098_r10_144_uai_GDCC_1e-05_n200_roTrue_s0: Loading model from ../models/synthetic/s123/random_mc2_n6_mid3_d1000_05_mr098_r10_144.uai
2026-02-06 13:17:56,835|INFO|random_mc2_n6_mid3_d1000_05_mr098_r10_144_uai_GDCC_1e-05_n200_roTrue_s0: Loading data from ../models/synthetic/s123/random_mc2_n6_mid3_d1000_05_mr098_r10_144.csv
2026-02-06 13:17:56,855|INFO|random_mc2_n6_mid3_d1000_05_mr098_r10_144_uai_GDCC_1e-05_n200_roTrue_s0: PNS(V1,V4) exact: (0.0105806483115999, 0.0362963028616)
2026-02-06 13:17:59,618|INFO|random_mc2_n5_mid3_d1000_05_mr098_r10_184_uai_GDCC_1e-05_n200_roFalse_s0: Arguments: Namespace(method='GDCC_1e-05', numruns='200', seed='0', output='../results/synthetic/s123/', rewrite=True, removeoutliers=False, filepath=['../models/synthetic/s123/random_mc2_n5_mid3_d1000_05_mr098_r10_184.uai'])
2026-02-06 13:17:59,618|INFO|random_mc2_n5_mid3_d1000_05_mr098_r10_184_uai_GDCC_1e-05_n200_roFalse_s0: Loading model from ../models/synthetic/s123/random_mc2_n5_mid3_d1000_05_mr098_r10_184.uai
2026-02-06 13:17:59,632|INFO|random_mc2_n5_mid3_d1000_05_mr098_r10_184_uai_GDCC_1e-05_n200_roFalse_s0: Loading data from ../models/synthetic/s123/random_mc2_n5_mid3_d1000_05_mr098_r10_184.csv
2026-02-06 13:17:59,648|INFO|random_mc2_n5_mid3_d1000_05_mr098_r10_184_uai_GDCC_1e-05_n200_roFalse_s0: PNS(V3,V4) exact: (0.0, 0.0)
2026-02-06 13:17:59,648|ERROR|random_mc2_n5_mid3_d1000_05_mr098_r10_184_uai_GDCC_1e-05_n200_roFalse_s0: Model does not have any cause-effect path.
2026-02-06 13:17:59,681|INFO|random_mc2_n8_mid3_d1000_05_mr098_r10_151_uai_GDCC_1e-05_n200_roTrue_s0: Arguments: Namespace(method='GDCC_1e-05', numruns='200', seed='0', output='../results/synthetic/s123/', rewrite=True, removeoutliers=True, filepath=['../models/synthetic/s123/random_mc2_n8_mid3_d1000_05_mr098_r10_151.uai'])
2026-02-06 13:17:59,710|INFO|random_mc2_n5_mid3_d1000_05_mr098_r10_87_uai_GDCC_1e-05_n200_roFalse_s0: Arguments: Namespace(method='GDCC_1e-05', numruns='200', seed='0', output='../results/synthetic/s123/', rewrite=True, removeoutliers=False, filepath=['../models/synthetic/s123/random_mc2_n5_mid3_d1000_05_mr098_r10_87.uai'])
2026-02-06 13:17:59,681|INFO|random_mc2_n8_mid3_d1000_05_mr098_r10_151_uai_GDCC_1e-05_n200_roTrue_s0: Loading model from ../models/synthetic/s123/random_mc2_n8_mid3_d1000_05_mr098_r10_151.uai
2026-02-06 13:17:59,710|INFO|random_mc2_n5_mid3_d1000_05_mr098_r10_87_uai_GDCC_1e-05_n200_roFalse_s0: Loading model from ../models/synthetic/s123/random_mc2_n5_mid3_d1000_05_mr098_r10_87.uai
2026-02-06 13:17:59,736|INFO|random_mc2_n5_mid3_d1000_05_mr098_r10_87_uai_GDCC_1e-05_n200_roFalse_s0: Loading data from ../models/synthetic/s123/random_mc2_n5_mid3_d1000_05_mr098_r10_87.csv
2026-02-06 13:17:59,762|INFO|random_mc2_n6_mid3_d1000_05_mr098_r10_179_uai_GDCC_1e-05_n200_roFalse_s0: Arguments: Namespace(method='GDCC_1e-05', numruns='200', seed='0', output='../results/synthetic/s123/', rewrite=True, removeoutliers=False, filepath=['../models/synthetic/s123/random_mc2_n6_mid3_d1000_05_mr098_r10_179.uai'])
2026-02-06 13:17:59,763|INFO|random_mc2_n6_mid3_d1000_05_mr098_r10_179_uai_GDCC_1e-05_n200_roFalse_s0: Loading model from ../models/synthetic/s123/random_mc2_n6_mid3_d1000_05_mr098_r10_179.uai
2026-02-06 13:17:59,912|INFO|random_mc2_n8_mid3_d1000_05_mr098_r10_151_uai_GDCC_1e-05_n200_roTrue_s0: Loading data from ../models/synthetic/s123/random_mc2_n8_mid3_d1000_05_mr098_r10_151.csv
2026-02-06 13:17:59,988|INFO|random_mc2_n6_mid3_d1000_05_mr098_r10_179_uai_GDCC_1e-05_n200_roFalse_s0: Loading data from ../models/synthetic/s123/random_mc2_n6_mid3_d1000_05_mr098_r10_179.csv
2026-02-06 13:17:59,991|INFO|random_mc2_n6_mid3_d1000_05_mr098_r10_105_uai_GDCC_1e-05_n200_roFalse_s0: Arguments: Namespace(method='GDCC_1e-05', numruns='200', seed='0', output='../results/synthetic/s123/', rewrite=True, removeoutliers=False, filepath=['../models/synthetic/s123/random_mc2_n6_mid3_d1000_05_mr098_r10_105.uai'])
2026-02-06 13:17:59,991|INFO|random_mc2_n6_mid3_d1000_05_mr098_r10_105_uai_GDCC_1e-05_n200_roFalse_s0: Loading model from ../models/synthetic/s123/random_mc2_n6_mid3_d1000_05_mr098_r10_105.uai
2026-02-06 13:18:00,020|INFO|random_mc2_n6_mid3_d1000_05_mr098_r10_105_uai_GDCC_1e-05_n200_roFalse_s0: Loading data from ../models/synthetic/s123/random_mc2_n6_mid3_d1000_05_mr098_r10_105.csv
2026-02-06 13:18:00,035|INFO|random_mc2_n6_mid3_d1000_05_mr098_r10_105_uai_GDCC_1e-05_n200_roFalse_s0: PNS(V3,V4) exact: (0.491766269274686, 0.586709709951746)
2026-02-06 13:18:00,320|INFO|random_mc2_n5_mid3_d1000_05_mr098_r10_109_uai_GDCC_1e-05_n200_roTrue_s0: Arguments: Namespace(method='GDCC_1e-05', numruns='200', seed='0', output='../results/synthetic/s123/', rewrite=True, removeoutliers=True, filepath=['../models/synthetic/s123/random_mc2_n5_mid3_d1000_05_mr098_r10_109.uai'])
2026-02-06 13:18:00,320|INFO|random_mc2_n5_mid3_d1000_05_mr098_r10_109_uai_GDCC_1e-05_n200_roTrue_s0: Loading model from ../models/synthetic/s123/random_mc2_n5_mid3_d1000_05_mr098_r10_109.uai
2026-02-06 13:18:00,330|INFO|random_mc2_n5_mid3_d1000_05_mr098_r10_109_uai_GDCC_1e-05_n200_roTrue_s0: Loading data from ../models/synthetic/s123/random_mc2_n5_mid3_d1000_05_mr098_r10_109.csv
2026-02-06 13:18:00,348|INFO|random_mc2_n5_mid3_d1000_05_mr098_r10_109_uai_GDCC_1e-05_n200_roTrue_s0: PNS(V0,V4) exact: (0.0, 0.0)
2026-02-06 13:18:00,348|ERROR|random_mc2_n5_mid3_d1000_05_mr098_r10_109_uai_GDCC_1e-05_n200_roTrue_s0: Model does not have any cause-effect path.
2026-02-06 13:18:03,180|INFO|random_mc2_n7_mid3_d1000_05_mr098_r10_37_uai_GDCC_1e-05_n200_roTrue_s0: Arguments: Namespace(method='GDCC_1e-05', numruns='200', seed='0', output='../results/synthetic/s123/', rewrite=True, removeoutliers=True, filepath=['../models/synthetic/s123/random_mc2_n7_mid3_d1000_05_mr098_r10_37.uai'])
2026-02-06 13:18:03,187|INFO|random_mc2_n5_mid3_d1000_05_mr098_r10_168_uai_GDCC_1e-05_n200_roTrue_s0: Arguments: Namespace(method='GDCC_1e-05', numruns='200', seed='0', output='../results/synthetic/s123/', rewrite=True, removeoutliers=True, filepath=['../models/synthetic/s123/random_mc2_n5_mid3_d1000_05_mr098_r10_168.uai'])
2026-02-06 13:18:03,180|INFO|random_mc2_n7_mid3_d1000_05_mr098_r10_37_uai_GDCC_1e-05_n200_roTrue_s0: Loading model from ../models/synthetic/s123/random_mc2_n7_mid3_d1000_05_mr098_r10_37.uai
2026-02-06 13:18:03,215|INFO|random_mc2_n7_mid3_d1000_05_mr098_r10_37_uai_GDCC_1e-05_n200_roTrue_s0: Loading data from ../models/synthetic/s123/random_mc2_n7_mid3_d1000_05_mr098_r10_37.csv
2026-02-06 13:18:03,188|INFO|random_mc2_n5_mid3_d1000_05_mr098_r10_168_uai_GDCC_1e-05_n200_roTrue_s0: Loading model from ../models/synthetic/s123/random_mc2_n5_mid3_d1000_05_mr098_r10_168.uai
2026-02-06 13:18:03,196|INFO|random_mc2_n5_mid3_d1000_05_mr098_r10_168_uai_GDCC_1e-05_n200_roTrue_s0: Loading data from ../models/synthetic/s123/random_mc2_n5_mid3_d1000_05_mr098_r10_168.csv
2026-02-06 13:18:03,233|INFO|random_mc2_n7_mid3_d1000_05_mr098_r10_37_uai_GDCC_1e-05_n200_roTrue_s0: PNS(V3,V2) exact: (0.0, 0.0282189836918879)
2026-02-06 13:18:03,301|INFO|random_mc2_n6_mid3_d1000_05_mr098_r10_121_uai_GDCC_1e-05_n200_roTrue_s0: Arguments: Namespace(method='GDCC_1e-05', numruns='200', seed='0', output='../results/synthetic/s123/', rewrite=True, removeoutliers=True, filepath=['../models/synthetic/s123/random_mc2_n6_mid3_d1000_05_mr098_r10_121.uai'])
2026-02-06 13:18:03,309|INFO|random_mc2_n5_mid3_d1000_05_mr098_r10_120_uai_GDCC_1e-05_n200_roTrue_s0: Arguments: Namespace(method='GDCC_1e-05', numruns='200', seed='0', output='../results/synthetic/s123/', rewrite=True, removeoutliers=True, filepath=['../models/synthetic/s123/random_mc2_n5_mid3_d1000_05_mr098_r10_120.uai'])
2026-02-06 13:18:03,302|INFO|random_mc2_n6_mid3_d1000_05_mr098_r10_121_uai_GDCC_1e-05_n200_roTrue_s0: Loading model from ../models/synthetic/s123/random_mc2_n6_mid3_d1000_05_mr098_r10_121.uai
2026-02-06 13:18:03,318|INFO|random_mc2_n6_mid3_d1000_05_mr098_r10_121_uai_GDCC_1e-05_n200_roTrue_s0: Loading data from ../models/synthetic/s123/random_mc2_n6_mid3_d1000_05_mr098_r10_121.csv
2026-02-06 13:18:03,310|INFO|random_mc2_n5_mid3_d1000_05_mr098_r10_120_uai_GDCC_1e-05_n200_roTrue_s0: Loading model from ../models/synthetic/s123/random_mc2_n5_mid3_d1000_05_mr098_r10_120.uai
2026-02-06 13:18:03,317|INFO|random_mc2_n5_mid3_d1000_05_mr098_r10_120_uai_GDCC_1e-05_n200_roTrue_s0: Loading data from ../models/synthetic/s123/random_mc2_n5_mid3_d1000_05_mr098_r10_120.csv
2026-02-06 13:18:03,332|INFO|random_mc2_n5_mid3_d1000_05_mr098_r10_120_uai_GDCC_1e-05_n200_roTrue_s0: PNS(V3,V1) exact: (0.39503, 0.60644)
2026-02-06 13:18:03,464|INFO|random_mc2_n7_mid3_d1000_05_mr098_r10_199_uai_GDCC_1e-05_n200_roFalse_s0: Arguments: Namespace(method='GDCC_1e-05', numruns='200', seed='0', output='../results/synthetic/s123/', rewrite=True, removeoutliers=False, filepath=['../models/synthetic/s123/random_mc2_n7_mid3_d1000_05_mr098_r10_199.uai'])
2026-02-06 13:18:03,464|INFO|random_mc2_n7_mid3_d1000_05_mr098_r10_199_uai_GDCC_1e-05_n200_roFalse_s0: Loading model from ../models/synthetic/s123/random_mc2_n7_mid3_d1000_05_mr098_r10_199.uai
2026-02-06 13:18:03,477|INFO|random_mc2_n7_mid3_d1000_05_mr098_r10_199_uai_GDCC_1e-05_n200_roFalse_s0: Loading data from ../models/synthetic/s123/random_mc2_n7_mid3_d1000_05_mr098_r10_199.csv
2026-02-06 13:18:03,492|INFO|random_mc2_n7_mid3_d1000_05_mr098_r10_199_uai_GDCC_1e-05_n200_roFalse_s0: PNS(V2,V0) exact: (0.00178489968384, 0.013822421418624)
2026-02-06 13:18:03,981|INFO|random_mc2_n5_mid3_d1000_05_mr098_r10_68_uai_GDCC_1e-05_n200_roTrue_s0: Arguments: Namespace(method='GDCC_1e-05', numruns='200', seed='0', output='../results/synthetic/s123/', rewrite=True, removeoutliers=True, filepath=['../models/synthetic/s123/random_mc2_n5_mid3_d1000_05_mr098_r10_68.uai'])
2026-02-06 13:18:03,981|INFO|random_mc2_n5_mid3_d1000_05_mr098_r10_68_uai_GDCC_1e-05_n200_roTrue_s0: Loading model from ../models/synthetic/s123/random_mc2_n5_mid3_d1000_05_mr098_r10_68.uai
2026-02-06 13:18:03,993|INFO|random_mc2_n5_mid3_d1000_05_mr098_r10_68_uai_GDCC_1e-05_n200_roTrue_s0: Loading data from ../models/synthetic/s123/random_mc2_n5_mid3_d1000_05_mr098_r10_68.csv
2026-02-06 13:18:04,176|INFO|random_mc2_n5_mid3_d1000_05_mr098_r10_75_uai_GDCC_1e-05_n200_roFalse_s0: Arguments: Namespace(method='GDCC_1e-05', numruns='200', seed='0', output='../results/synthetic/s123/', rewrite=True, removeoutliers=False, filepath=['../models/synthetic/s123/random_mc2_n5_mid3_d1000_05_mr098_r10_75.uai'])
2026-02-06 13:18:04,204|INFO|random_mc2_n6_mid3_d1000_05_mr098_r10_187_uai_GDCC_1e-05_n200_roFalse_s0: Arguments: Namespace(method='GDCC_1e-05', numruns='200', seed='0', output='../results/synthetic/s123/', rewrite=True, removeoutliers=False, filepath=['../models/synthetic/s123/random_mc2_n6_mid3_d1000_05_mr098_r10_187.uai'])
2026-02-06 13:18:04,176|INFO|random_mc2_n5_mid3_d1000_05_mr098_r10_75_uai_GDCC_1e-05_n200_roFalse_s0: Loading model from ../models/synthetic/s123/random_mc2_n5_mid3_d1000_05_mr098_r10_75.uai
2026-02-06 13:18:04,186|INFO|random_mc2_n5_mid3_d1000_05_mr098_r10_75_uai_GDCC_1e-05_n200_roFalse_s0: Loading data from ../models/synthetic/s123/random_mc2_n5_mid3_d1000_05_mr098_r10_75.csv
2026-02-06 13:18:04,201|INFO|random_mc2_n5_mid3_d1000_05_mr098_r10_75_uai_GDCC_1e-05_n200_roFalse_s0: PNS(V1,V0) exact: (0.0, 0.0820279325)
2026-02-06 13:18:04,228|INFO|random_mc2_n6_mid3_d1000_05_mr098_r10_21_uai_GDCC_1e-05_n200_roTrue_s0: Arguments: Namespace(method='GDCC_1e-05', numruns='200', seed='0', output='../results/synthetic/s123/', rewrite=True, removeoutliers=True, filepath=['../models/synthetic/s123/random_mc2_n6_mid3_d1000_05_mr098_r10_21.uai'])
2026-02-06 13:18:04,204|INFO|random_mc2_n6_mid3_d1000_05_mr098_r10_187_uai_GDCC_1e-05_n200_roFalse_s0: Loading model from ../models/synthetic/s123/random_mc2_n6_mid3_d1000_05_mr098_r10_187.uai
2026-02-06 13:18:04,229|INFO|random_mc2_n6_mid3_d1000_05_mr098_r10_187_uai_GDCC_1e-05_n200_roFalse_s0: Loading data from ../models/synthetic/s123/random_mc2_n6_mid3_d1000_05_mr098_r10_187.csv
2026-02-06 13:18:04,228|INFO|random_mc2_n6_mid3_d1000_05_mr098_r10_21_uai_GDCC_1e-05_n200_roTrue_s0: Loading model from ../models/synthetic/s123/random_mc2_n6_mid3_d1000_05_mr098_r10_21.uai
2026-02-06 13:18:04,239|INFO|random_mc2_n6_mid3_d1000_05_mr098_r10_21_uai_GDCC_1e-05_n200_roTrue_s0: Loading data from ../models/synthetic/s123/random_mc2_n6_mid3_d1000_05_mr098_r10_21.csv
2026-02-06 13:18:04,251|INFO|random_mc2_n6_mid3_d1000_05_mr098_r10_21_uai_GDCC_1e-05_n200_roTrue_s0: PNS(V1,V4) exact: (0.0, 0.1268215988678439)
2026-02-06 13:18:04,385|INFO|random_mc2_n8_mid3_d1000_05_mr098_r10_189_uai_GDCC_1e-05_n200_roTrue_s0: Arguments: Namespace(method='GDCC_1e-05', numruns='200', seed='0', output='../results/synthetic/s123/', rewrite=True, removeoutliers=True, filepath=['../models/synthetic/s123/random_mc2_n8_mid3_d1000_05_mr098_r10_189.uai'])
2026-02-06 13:18:04,386|INFO|random_mc2_n8_mid3_d1000_05_mr098_r10_189_uai_GDCC_1e-05_n200_roTrue_s0: Loading model from ../models/synthetic/s123/random_mc2_n8_mid3_d1000_05_mr098_r10_189.uai
2026-02-06 13:18:04,400|INFO|random_mc2_n8_mid3_d1000_05_mr098_r10_189_uai_GDCC_1e-05_n200_roTrue_s0: Loading data from ../models/synthetic/s123/random_mc2_n8_mid3_d1000_05_mr098_r10_189.csv
2026-02-06 13:18:04,413|INFO|random_mc2_n8_mid3_d1000_05_mr098_r10_189_uai_GDCC_1e-05_n200_roTrue_s0: PNS(V4,V7) exact: (0.0, 0.0)
2026-02-06 13:18:04,496|INFO|random_mc2_n8_mid3_d1000_05_mr098_r10_146_uai_GDCC_1e-05_n200_roFalse_s0: Arguments: Namespace(method='GDCC_1e-05', numruns='200', seed='0', output='../results/synthetic/s123/', rewrite=True, removeoutliers=False, filepath=['../models/synthetic/s123/random_mc2_n8_mid3_d1000_05_mr098_r10_146.uai'])
2026-02-06 13:18:04,496|INFO|random_mc2_n8_mid3_d1000_05_mr098_r10_146_uai_GDCC_1e-05_n200_roFalse_s0: Loading model from ../models/synthetic/s123/random_mc2_n8_mid3_d1000_05_mr098_r10_146.uai
2026-02-06 13:18:04,516|INFO|random_mc2_n8_mid3_d1000_05_mr098_r10_146_uai_GDCC_1e-05_n200_roFalse_s0: Loading data from ../models/synthetic/s123/random_mc2_n8_mid3_d1000_05_mr098_r10_146.csv
2026-02-06 13:18:04,557|INFO|random_mc2_n5_mid3_d1000_05_mr098_r10_74_uai_GDCC_1e-05_n200_roTrue_s0: Arguments: Namespace(method='GDCC_1e-05', numruns='200', seed='0', output='../results/synthetic/s123/', rewrite=True, removeoutliers=True, filepath=['../models/synthetic/s123/random_mc2_n5_mid3_d1000_05_mr098_r10_74.uai'])
2026-02-06 13:18:04,558|INFO|random_mc2_n5_mid3_d1000_05_mr098_r10_74_uai_GDCC_1e-05_n200_roTrue_s0: Loading model from ../models/synthetic/s123/random_mc2_n5_mid3_d1000_05_mr098_r10_74.uai
2026-02-06 13:18:04,578|INFO|random_mc2_n5_mid3_d1000_05_mr098_r10_74_uai_GDCC_1e-05_n200_roTrue_s0: Loading data from ../models/synthetic/s123/random_mc2_n5_mid3_d1000_05_mr098_r10_74.csv
2026-02-06 13:18:04,595|INFO|random_mc2_n5_mid3_d1000_05_mr098_r10_74_uai_GDCC_1e-05_n200_roTrue_s0: PNS(V1,V3) exact: (0.242259660626, 0.50518708548)
2026-02-06 13:18:05,370|INFO|random_mc2_n6_mid3_d1000_05_mr098_r10_22_uai_GDCC_1e-05_n200_roTrue_s0: Arguments: Namespace(method='GDCC_1e-05', numruns='200', seed='0', output='../results/synthetic/s123/', rewrite=True, removeoutliers=True, filepath=['../models/synthetic/s123/random_mc2_n6_mid3_d1000_05_mr098_r10_22.uai'])
2026-02-06 13:18:05,370|INFO|random_mc2_n6_mid3_d1000_05_mr098_r10_22_uai_GDCC_1e-05_n200_roTrue_s0: Loading model from ../models/synthetic/s123/random_mc2_n6_mid3_d1000_05_mr098_r10_22.uai
2026-02-06 13:18:05,387|INFO|random_mc2_n6_mid3_d1000_05_mr098_r10_22_uai_GDCC_1e-05_n200_roTrue_s0: Loading data from ../models/synthetic/s123/random_mc2_n6_mid3_d1000_05_mr098_r10_22.csv
2026-02-06 13:18:05,485|INFO|random_mc2_n6_mid3_d1000_05_mr098_r10_10_uai_GDCC_1e-05_n200_roTrue_s0: Arguments: Namespace(method='GDCC_1e-05', numruns='200', seed='0', output='../results/synthetic/s123/', rewrite=True, removeoutliers=True, filepath=['../models/synthetic/s123/random_mc2_n6_mid3_d1000_05_mr098_r10_10.uai'])
2026-02-06 13:18:05,485|INFO|random_mc2_n6_mid3_d1000_05_mr098_r10_10_uai_GDCC_1e-05_n200_roTrue_s0: Loading model from ../models/synthetic/s123/random_mc2_n6_mid3_d1000_05_mr098_r10_10.uai
2026-02-06 13:18:05,541|INFO|random_mc2_n6_mid3_d1000_05_mr098_r10_10_uai_GDCC_1e-05_n200_roTrue_s0: Loading data from ../models/synthetic/s123/random_mc2_n6_mid3_d1000_05_mr098_r10_10.csv
2026-02-06 13:18:09,283|INFO|random_mc2_n5_mid3_d1000_05_mr098_r10_140_uai_GDCC_1e-05_n200_roTrue_s0: Arguments: Namespace(method='GDCC_1e-05', numruns='200', seed='0', output='../results/synthetic/s123/', rewrite=True, removeoutliers=True, filepath=['../models/synthetic/s123/random_mc2_n5_mid3_d1000_05_mr098_r10_140.uai'])
2026-02-06 13:18:09,299|INFO|random_mc2_n8_mid3_d1000_05_mr098_r10_30_uai_GDCC_1e-05_n200_roFalse_s0: Arguments: Namespace(method='GDCC_1e-05', numruns='200', seed='0', output='../results/synthetic/s123/', rewrite=True, removeoutliers=False, filepath=['../models/synthetic/s123/random_mc2_n8_mid3_d1000_05_mr098_r10_30.uai'])
2026-02-06 13:18:09,300|INFO|random_mc2_n7_mid3_d1000_05_mr098_r10_123_uai_GDCC_1e-05_n200_roTrue_s0: Arguments: Namespace(method='GDCC_1e-05', numruns='200', seed='0', output='../results/synthetic/s123/', rewrite=True, removeoutliers=True, filepath=['../models/synthetic/s123/random_mc2_n7_mid3_d1000_05_mr098_r10_123.uai'])
2026-02-06 13:18:09,283|INFO|random_mc2_n5_mid3_d1000_05_mr098_r10_140_uai_GDCC_1e-05_n200_roTrue_s0: Loading model from ../models/synthetic/s123/random_mc2_n5_mid3_d1000_05_mr098_r10_140.uai
2026-02-06 13:18:09,305|INFO|random_mc2_n5_mid3_d1000_05_mr098_r10_140_uai_GDCC_1e-05_n200_roTrue_s0: Loading data from ../models/synthetic/s123/random_mc2_n5_mid3_d1000_05_mr098_r10_140.csv
2026-02-06 13:18:09,330|INFO|random_mc2_n5_mid3_d1000_05_mr098_r10_140_uai_GDCC_1e-05_n200_roTrue_s0: PNS(V1,V4) exact: (0.06441808679475, 0.469169366245215)
2026-02-06 13:18:09,299|INFO|random_mc2_n8_mid3_d1000_05_mr098_r10_30_uai_GDCC_1e-05_n200_roFalse_s0: Loading model from ../models/synthetic/s123/random_mc2_n8_mid3_d1000_05_mr098_r10_30.uai
2026-02-06 13:18:09,300|INFO|random_mc2_n7_mid3_d1000_05_mr098_r10_123_uai_GDCC_1e-05_n200_roTrue_s0: Loading model from ../models/synthetic/s123/random_mc2_n7_mid3_d1000_05_mr098_r10_123.uai
2026-02-06 13:18:09,328|INFO|random_mc2_n8_mid3_d1000_05_mr098_r10_30_uai_GDCC_1e-05_n200_roFalse_s0: Loading data from ../models/synthetic/s123/random_mc2_n8_mid3_d1000_05_mr098_r10_30.csv
2026-02-06 13:18:09,320|INFO|random_mc2_n7_mid3_d1000_05_mr098_r10_123_uai_GDCC_1e-05_n200_roTrue_s0: Loading data from ../models/synthetic/s123/random_mc2_n7_mid3_d1000_05_mr098_r10_123.csv
2026-02-06 13:18:09,341|INFO|random_mc2_n7_mid3_d1000_05_mr098_r10_123_uai_GDCC_1e-05_n200_roTrue_s0: PNS(V0,V6) exact: (0.0106816021871762, 0.1499524833352205)
2026-02-06 13:18:11,996|INFO|random_mc2_n5_mid3_d1000_05_mr098_r10_66_uai_GDCC_1e-05_n200_roTrue_s0: Arguments: Namespace(method='GDCC_1e-05', numruns='200', seed='0', output='../results/synthetic/s123/', rewrite=True, removeoutliers=True, filepath=['../models/synthetic/s123/random_mc2_n5_mid3_d1000_05_mr098_r10_66.uai'])
2026-02-06 13:18:12,007|INFO|random_mc2_n7_mid3_d1000_05_mr098_r10_62_uai_GDCC_1e-05_n200_roTrue_s0: Arguments: Namespace(method='GDCC_1e-05', numruns='200', seed='0', output='../results/synthetic/s123/', rewrite=True, removeoutliers=True, filepath=['../models/synthetic/s123/random_mc2_n7_mid3_d1000_05_mr098_r10_62.uai'])
2026-02-06 13:18:12,023|INFO|random_mc2_n5_mid3_d1000_05_mr098_r10_25_uai_GDCC_1e-05_n200_roTrue_s0: Arguments: Namespace(method='GDCC_1e-05', numruns='200', seed='0', output='../results/synthetic/s123/', rewrite=True, removeoutliers=True, filepath=['../models/synthetic/s123/random_mc2_n5_mid3_d1000_05_mr098_r10_25.uai'])
2026-02-06 13:18:11,997|INFO|random_mc2_n5_mid3_d1000_05_mr098_r10_66_uai_GDCC_1e-05_n200_roTrue_s0: Loading model from ../models/synthetic/s123/random_mc2_n5_mid3_d1000_05_mr098_r10_66.uai
2026-02-06 13:18:12,003|INFO|random_mc2_n5_mid3_d1000_05_mr098_r10_66_uai_GDCC_1e-05_n200_roTrue_s0: Loading data from ../models/synthetic/s123/random_mc2_n5_mid3_d1000_05_mr098_r10_66.csv
2026-02-06 13:18:12,017|INFO|random_mc2_n5_mid3_d1000_05_mr098_r10_66_uai_GDCC_1e-05_n200_roTrue_s0: PNS(V4,V1) exact: (0.7079657650000001, 0.8388291600000001)
2026-02-06 13:18:12,008|INFO|random_mc2_n7_mid3_d1000_05_mr098_r10_62_uai_GDCC_1e-05_n200_roTrue_s0: Loading model from ../models/synthetic/s123/random_mc2_n7_mid3_d1000_05_mr098_r10_62.uai
2026-02-06 13:18:12,024|INFO|random_mc2_n5_mid3_d1000_05_mr098_r10_25_uai_GDCC_1e-05_n200_roTrue_s0: Loading model from ../models/synthetic/s123/random_mc2_n5_mid3_d1000_05_mr098_r10_25.uai
2026-02-06 13:18:12,029|INFO|random_mc2_n5_mid3_d1000_05_mr098_r10_25_uai_GDCC_1e-05_n200_roTrue_s0: Loading data from ../models/synthetic/s123/random_mc2_n5_mid3_d1000_05_mr098_r10_25.csv
2026-02-06 13:18:12,041|INFO|random_mc2_n5_mid3_d1000_05_mr098_r10_25_uai_GDCC_1e-05_n200_roTrue_s0: PNS(V1,V4) exact: (0.0216, 0.0216)
2026-02-06 13:18:12,098|INFO|random_mc2_n5_mid3_d1000_05_mr098_r10_104_uai_GDCC_1e-05_n200_roFalse_s0: Arguments: Namespace(method='GDCC_1e-05', numruns='200', seed='0', output='../results/synthetic/s123/', rewrite=True, removeoutliers=False, filepath=['../models/synthetic/s123/random_mc2_n5_mid3_d1000_05_mr098_r10_104.uai'])
2026-02-06 13:18:12,107|INFO|random_mc2_n7_mid3_d1000_05_mr098_r10_62_uai_GDCC_1e-05_n200_roTrue_s0: Loading data from ../models/synthetic/s123/random_mc2_n7_mid3_d1000_05_mr098_r10_62.csv
2026-02-06 13:18:12,121|INFO|random_mc2_n5_mid3_d1000_05_mr098_r10_190_uai_GDCC_1e-05_n200_roFalse_s0: Arguments: Namespace(method='GDCC_1e-05', numruns='200', seed='0', output='../results/synthetic/s123/', rewrite=True, removeoutliers=False, filepath=['../models/synthetic/s123/random_mc2_n5_mid3_d1000_05_mr098_r10_190.uai'])
2026-02-06 13:18:12,098|INFO|random_mc2_n5_mid3_d1000_05_mr098_r10_104_uai_GDCC_1e-05_n200_roFalse_s0: Loading model from ../models/synthetic/s123/random_mc2_n5_mid3_d1000_05_mr098_r10_104.uai
2026-02-06 13:18:12,104|INFO|random_mc2_n5_mid3_d1000_05_mr098_r10_104_uai_GDCC_1e-05_n200_roFalse_s0: Loading data from ../models/synthetic/s123/random_mc2_n5_mid3_d1000_05_mr098_r10_104.csv
2026-02-06 13:18:12,117|INFO|random_mc2_n5_mid3_d1000_05_mr098_r10_104_uai_GDCC_1e-05_n200_roFalse_s0: PNS(V3,V4) exact: (0.12079, 0.5248300000000001)
2026-02-06 13:18:12,122|INFO|random_mc2_n5_mid3_d1000_05_mr098_r10_190_uai_GDCC_1e-05_n200_roFalse_s0: Loading model from ../models/synthetic/s123/random_mc2_n5_mid3_d1000_05_mr098_r10_190.uai
2026-02-06 13:18:12,129|INFO|random_mc2_n5_mid3_d1000_05_mr098_r10_190_uai_GDCC_1e-05_n200_roFalse_s0: Loading data from ../models/synthetic/s123/random_mc2_n5_mid3_d1000_05_mr098_r10_190.csv
2026-02-06 13:18:12,141|INFO|random_mc2_n5_mid3_d1000_05_mr098_r10_190_uai_GDCC_1e-05_n200_roFalse_s0: PNS(V1,V2) exact: (1.5659726400000003e-05, 0.144498480129584)
2026-02-06 13:18:12,180|INFO|random_mc2_n9_mid3_d1000_05_mr098_r10_12_uai_GDCC_1e-05_n200_roFalse_s0: Arguments: Namespace(method='GDCC_1e-05', numruns='200', seed='0', output='../results/synthetic/s123/', rewrite=True, removeoutliers=False, filepath=['../models/synthetic/s123/random_mc2_n9_mid3_d1000_05_mr098_r10_12.uai'])
2026-02-06 13:18:12,180|INFO|random_mc2_n9_mid3_d1000_05_mr098_r10_12_uai_GDCC_1e-05_n200_roFalse_s0: Loading model from ../models/synthetic/s123/random_mc2_n9_mid3_d1000_05_mr098_r10_12.uai
2026-02-06 13:18:12,194|INFO|random_mc2_n9_mid3_d1000_05_mr098_r10_12_uai_GDCC_1e-05_n200_roFalse_s0: Loading data from ../models/synthetic/s123/random_mc2_n9_mid3_d1000_05_mr098_r10_12.csv
2026-02-06 13:18:12,210|INFO|random_mc2_n9_mid3_d1000_05_mr098_r10_12_uai_GDCC_1e-05_n200_roFalse_s0: PNS(V5,V0) exact: (0.1261695765081492, 0.2521556712400733)
2026-02-06 13:18:12,727|INFO|random_mc2_n5_mid3_d1000_05_mr098_r10_53_uai_GDCC_1e-05_n200_roTrue_s0: Arguments: Namespace(method='GDCC_1e-05', numruns='200', seed='0', output='../results/synthetic/s123/', rewrite=True, removeoutliers=True, filepath=['../models/synthetic/s123/random_mc2_n5_mid3_d1000_05_mr098_r10_53.uai'])
2026-02-06 13:18:12,732|INFO|random_mc2_n6_mid3_d1000_05_mr098_r10_133_uai_GDCC_1e-05_n200_roFalse_s0: Arguments: Namespace(method='GDCC_1e-05', numruns='200', seed='0', output='../results/synthetic/s123/', rewrite=True, removeoutliers=False, filepath=['../models/synthetic/s123/random_mc2_n6_mid3_d1000_05_mr098_r10_133.uai'])
2026-02-06 13:18:12,739|INFO|random_mc2_n8_mid3_d1000_05_mr098_r10_125_uai_GDCC_1e-05_n200_roFalse_s0: Arguments: Namespace(method='GDCC_1e-05', numruns='200', seed='0', output='../results/synthetic/s123/', rewrite=True, removeoutliers=False, filepath=['../models/synthetic/s123/random_mc2_n8_mid3_d1000_05_mr098_r10_125.uai'])
2026-02-06 13:18:12,755|INFO|random_mc2_n8_mid3_d1000_05_mr098_r10_32_uai_GDCC_1e-05_n200_roTrue_s0: Arguments: Namespace(method='GDCC_1e-05', numruns='200', seed='0', output='../results/synthetic/s123/', rewrite=True, removeoutliers=True, filepath=['../models/synthetic/s123/random_mc2_n8_mid3_d1000_05_mr098_r10_32.uai'])
2026-02-06 13:18:12,727|INFO|random_mc2_n5_mid3_d1000_05_mr098_r10_53_uai_GDCC_1e-05_n200_roTrue_s0: Loading model from ../models/synthetic/s123/random_mc2_n5_mid3_d1000_05_mr098_r10_53.uai
2026-02-06 13:18:12,733|INFO|random_mc2_n5_mid3_d1000_05_mr098_r10_53_uai_GDCC_1e-05_n200_roTrue_s0: Loading data from ../models/synthetic/s123/random_mc2_n5_mid3_d1000_05_mr098_r10_53.csv
2026-02-06 13:18:12,752|INFO|random_mc2_n5_mid3_d1000_05_mr098_r10_53_uai_GDCC_1e-05_n200_roTrue_s0: PNS(V0,V1) exact: (0.0, 0.0)
2026-02-06 13:18:12,753|ERROR|random_mc2_n5_mid3_d1000_05_mr098_r10_53_uai_GDCC_1e-05_n200_roTrue_s0: Model does not have any cause-effect path.
2026-02-06 13:18:12,733|INFO|random_mc2_n6_mid3_d1000_05_mr098_r10_133_uai_GDCC_1e-05_n200_roFalse_s0: Loading model from ../models/synthetic/s123/random_mc2_n6_mid3_d1000_05_mr098_r10_133.uai
2026-02-06 13:18:12,740|INFO|random_mc2_n8_mid3_d1000_05_mr098_r10_125_uai_GDCC_1e-05_n200_roFalse_s0: Loading model from ../models/synthetic/s123/random_mc2_n8_mid3_d1000_05_mr098_r10_125.uai
2026-02-06 13:18:12,784|INFO|random_mc2_n5_mid3_d1000_05_mr098_r10_74_uai_GDCC_1e-05_n200_roFalse_s0: Arguments: Namespace(method='GDCC_1e-05', numruns='200', seed='0', output='../results/synthetic/s123/', rewrite=True, removeoutliers=False, filepath=['../models/synthetic/s123/random_mc2_n5_mid3_d1000_05_mr098_r10_74.uai'])
2026-02-06 13:18:12,795|INFO|random_mc2_n5_mid3_d1000_05_mr098_r10_81_uai_GDCC_1e-05_n200_roTrue_s0: Arguments: Namespace(method='GDCC_1e-05', numruns='200', seed='0', output='../results/synthetic/s123/', rewrite=True, removeoutliers=True, filepath=['../models/synthetic/s123/random_mc2_n5_mid3_d1000_05_mr098_r10_81.uai'])
2026-02-06 13:18:12,755|INFO|random_mc2_n8_mid3_d1000_05_mr098_r10_32_uai_GDCC_1e-05_n200_roTrue_s0: Loading model from ../models/synthetic/s123/random_mc2_n8_mid3_d1000_05_mr098_r10_32.uai
2026-02-06 13:18:12,778|INFO|random_mc2_n8_mid3_d1000_05_mr098_r10_32_uai_GDCC_1e-05_n200_roTrue_s0: Loading data from ../models/synthetic/s123/random_mc2_n8_mid3_d1000_05_mr098_r10_32.csv
2026-02-06 13:18:12,784|INFO|random_mc2_n5_mid3_d1000_05_mr098_r10_74_uai_GDCC_1e-05_n200_roFalse_s0: Loading model from ../models/synthetic/s123/random_mc2_n5_mid3_d1000_05_mr098_r10_74.uai
2026-02-06 13:18:12,797|INFO|random_mc2_n5_mid3_d1000_05_mr098_r10_74_uai_GDCC_1e-05_n200_roFalse_s0: Loading data from ../models/synthetic/s123/random_mc2_n5_mid3_d1000_05_mr098_r10_74.csv
2026-02-06 13:18:12,809|INFO|random_mc2_n5_mid3_d1000_05_mr098_r10_74_uai_GDCC_1e-05_n200_roFalse_s0: PNS(V1,V3) exact: (0.242259660626, 0.50518708548)
2026-02-06 13:18:12,795|INFO|random_mc2_n5_mid3_d1000_05_mr098_r10_81_uai_GDCC_1e-05_n200_roTrue_s0: Loading model from ../models/synthetic/s123/random_mc2_n5_mid3_d1000_05_mr098_r10_81.uai
2026-02-06 13:18:12,807|INFO|random_mc2_n5_mid3_d1000_05_mr098_r10_81_uai_GDCC_1e-05_n200_roTrue_s0: Loading data from ../models/synthetic/s123/random_mc2_n5_mid3_d1000_05_mr098_r10_81.csv
2026-02-06 13:18:12,951|INFO|random_mc2_n6_mid3_d1000_05_mr098_r10_133_uai_GDCC_1e-05_n200_roFalse_s0: Loading data from ../models/synthetic/s123/random_mc2_n6_mid3_d1000_05_mr098_r10_133.csv
2026-02-06 13:18:12,967|INFO|random_mc2_n8_mid3_d1000_05_mr098_r10_125_uai_GDCC_1e-05_n200_roFalse_s0: Loading data from ../models/synthetic/s123/random_mc2_n8_mid3_d1000_05_mr098_r10_125.csv
2026-02-06 13:18:13,794|INFO|random_mc2_n6_mid3_d1000_05_mr098_r10_38_uai_GDCC_1e-05_n200_roFalse_s0: Arguments: Namespace(method='GDCC_1e-05', numruns='200', seed='0', output='../results/synthetic/s123/', rewrite=True, removeoutliers=False, filepath=['../models/synthetic/s123/random_mc2_n6_mid3_d1000_05_mr098_r10_38.uai'])
2026-02-06 13:18:13,816|INFO|random_mc2_n6_mid3_d1000_05_mr098_r10_24_uai_GDCC_1e-05_n200_roTrue_s0: Arguments: Namespace(method='GDCC_1e-05', numruns='200', seed='0', output='../results/synthetic/s123/', rewrite=True, removeoutliers=True, filepath=['../models/synthetic/s123/random_mc2_n6_mid3_d1000_05_mr098_r10_24.uai'])
2026-02-06 13:18:13,794|INFO|random_mc2_n6_mid3_d1000_05_mr098_r10_38_uai_GDCC_1e-05_n200_roFalse_s0: Loading model from ../models/synthetic/s123/random_mc2_n6_mid3_d1000_05_mr098_r10_38.uai
2026-02-06 13:18:13,808|INFO|random_mc2_n6_mid3_d1000_05_mr098_r10_38_uai_GDCC_1e-05_n200_roFalse_s0: Loading data from ../models/synthetic/s123/random_mc2_n6_mid3_d1000_05_mr098_r10_38.csv
2026-02-06 13:18:13,837|INFO|random_mc2_n6_mid3_d1000_05_mr098_r10_38_uai_GDCC_1e-05_n200_roFalse_s0: PNS(V0,V3) exact: (0.0032650838421653, 0.0300094630044194)
2026-02-06 13:18:13,838|INFO|random_mc2_n6_mid3_d1000_05_mr098_r10_113_uai_GDCC_1e-05_n200_roTrue_s0: Arguments: Namespace(method='GDCC_1e-05', numruns='200', seed='0', output='../results/synthetic/s123/', rewrite=True, removeoutliers=True, filepath=['../models/synthetic/s123/random_mc2_n6_mid3_d1000_05_mr098_r10_113.uai'])
2026-02-06 13:18:13,844|INFO|random_mc2_n6_mid3_d1000_05_mr098_r10_169_uai_GDCC_1e-05_n200_roTrue_s0: Arguments: Namespace(method='GDCC_1e-05', numruns='200', seed='0', output='../results/synthetic/s123/', rewrite=True, removeoutliers=True, filepath=['../models/synthetic/s123/random_mc2_n6_mid3_d1000_05_mr098_r10_169.uai'])
2026-02-06 13:18:13,816|INFO|random_mc2_n6_mid3_d1000_05_mr098_r10_24_uai_GDCC_1e-05_n200_roTrue_s0: Loading model from ../models/synthetic/s123/random_mc2_n6_mid3_d1000_05_mr098_r10_24.uai
2026-02-06 13:18:13,834|INFO|random_mc2_n6_mid3_d1000_05_mr098_r10_24_uai_GDCC_1e-05_n200_roTrue_s0: Loading data from ../models/synthetic/s123/random_mc2_n6_mid3_d1000_05_mr098_r10_24.csv
2026-02-06 13:18:13,839|INFO|random_mc2_n6_mid3_d1000_05_mr098_r10_113_uai_GDCC_1e-05_n200_roTrue_s0: Loading model from ../models/synthetic/s123/random_mc2_n6_mid3_d1000_05_mr098_r10_113.uai
2026-02-06 13:18:13,853|INFO|random_mc2_n6_mid3_d1000_05_mr098_r10_113_uai_GDCC_1e-05_n200_roTrue_s0: Loading data from ../models/synthetic/s123/random_mc2_n6_mid3_d1000_05_mr098_r10_113.csv
2026-02-06 13:18:13,844|INFO|random_mc2_n6_mid3_d1000_05_mr098_r10_169_uai_GDCC_1e-05_n200_roTrue_s0: Loading model from ../models/synthetic/s123/random_mc2_n6_mid3_d1000_05_mr098_r10_169.uai
2026-02-06 13:18:13,858|INFO|random_mc2_n6_mid3_d1000_05_mr098_r10_169_uai_GDCC_1e-05_n200_roTrue_s0: Loading data from ../models/synthetic/s123/random_mc2_n6_mid3_d1000_05_mr098_r10_169.csv
2026-02-06 13:18:13,875|INFO|random_mc2_n6_mid3_d1000_05_mr098_r10_169_uai_GDCC_1e-05_n200_roTrue_s0: PNS(V2,V3) exact: (0.0, 0.039991749496806)
2026-02-06 13:18:15,685|INFO|random_mc2_n5_mid3_d1000_05_mr098_r10_177_uai_GDCC_1e-05_n200_roTrue_s0: Arguments: Namespace(method='GDCC_1e-05', numruns='200', seed='0', output='../results/synthetic/s123/', rewrite=True, removeoutliers=True, filepath=['../models/synthetic/s123/random_mc2_n5_mid3_d1000_05_mr098_r10_177.uai'])
2026-02-06 13:18:15,685|INFO|random_mc2_n5_mid3_d1000_05_mr098_r10_177_uai_GDCC_1e-05_n200_roTrue_s0: Loading model from ../models/synthetic/s123/random_mc2_n5_mid3_d1000_05_mr098_r10_177.uai
2026-02-06 13:18:15,694|INFO|random_mc2_n5_mid3_d1000_05_mr098_r10_177_uai_GDCC_1e-05_n200_roTrue_s0: Loading data from ../models/synthetic/s123/random_mc2_n5_mid3_d1000_05_mr098_r10_177.csv
2026-02-06 13:18:15,707|INFO|random_mc2_n5_mid3_d1000_05_mr098_r10_177_uai_GDCC_1e-05_n200_roTrue_s0: PNS(V3,V1) exact: (0.00095494328811, 0.305507837236473)
2026-02-06 13:18:19,684|INFO|random_mc2_n7_mid3_d1000_05_mr098_r10_42_uai_GDCC_1e-05_n200_roFalse_s0: Arguments: Namespace(method='GDCC_1e-05', numruns='200', seed='0', output='../results/synthetic/s123/', rewrite=True, removeoutliers=False, filepath=['../models/synthetic/s123/random_mc2_n7_mid3_d1000_05_mr098_r10_42.uai'])
2026-02-06 13:18:19,685|INFO|random_mc2_n7_mid3_d1000_05_mr098_r10_42_uai_GDCC_1e-05_n200_roFalse_s0: Loading model from ../models/synthetic/s123/random_mc2_n7_mid3_d1000_05_mr098_r10_42.uai
2026-02-06 13:18:19,708|INFO|random_mc2_n7_mid3_d1000_05_mr098_r10_42_uai_GDCC_1e-05_n200_roFalse_s0: Loading data from ../models/synthetic/s123/random_mc2_n7_mid3_d1000_05_mr098_r10_42.csv
2026-02-06 13:18:19,733|INFO|random_mc2_n7_mid3_d1000_05_mr098_r10_42_uai_GDCC_1e-05_n200_roFalse_s0: PNS(V0,V3) exact: (0.0, 0.0)
2026-02-06 13:18:19,733|ERROR|random_mc2_n7_mid3_d1000_05_mr098_r10_42_uai_GDCC_1e-05_n200_roFalse_s0: Model does not have any cause-effect path.
2026-02-06 13:18:19,744|INFO|random_mc2_n9_mid3_d1000_05_mr098_r10_200_uai_GDCC_1e-05_n200_roTrue_s0: Arguments: Namespace(method='GDCC_1e-05', numruns='200', seed='0', output='../results/synthetic/s123/', rewrite=True, removeoutliers=True, filepath=['../models/synthetic/s123/random_mc2_n9_mid3_d1000_05_mr098_r10_200.uai'])
2026-02-06 13:18:19,760|INFO|random_mc2_n9_mid3_d1000_05_mr098_r10_132_uai_GDCC_1e-05_n200_roFalse_s0: Arguments: Namespace(method='GDCC_1e-05', numruns='200', seed='0', output='../results/synthetic/s123/', rewrite=True, removeoutliers=False, filepath=['../models/synthetic/s123/random_mc2_n9_mid3_d1000_05_mr098_r10_132.uai'])
2026-02-06 13:18:19,744|INFO|random_mc2_n9_mid3_d1000_05_mr098_r10_200_uai_GDCC_1e-05_n200_roTrue_s0: Loading model from ../models/synthetic/s123/random_mc2_n9_mid3_d1000_05_mr098_r10_200.uai
2026-02-06 13:18:19,766|INFO|random_mc2_n9_mid3_d1000_05_mr098_r10_200_uai_GDCC_1e-05_n200_roTrue_s0: Loading data from ../models/synthetic/s123/random_mc2_n9_mid3_d1000_05_mr098_r10_200.csv
2026-02-06 13:18:19,785|INFO|random_mc2_n9_mid3_d1000_05_mr098_r10_200_uai_GDCC_1e-05_n200_roTrue_s0: PNS(V3,V7) exact: (0.391618276478432, 0.4586153655851721)
2026-02-06 13:18:19,792|INFO|random_mc2_n6_mid3_d1000_05_mr098_r10_18_uai_GDCC_1e-05_n200_roFalse_s0: Arguments: Namespace(method='GDCC_1e-05', numruns='200', seed='0', output='../results/synthetic/s123/', rewrite=True, removeoutliers=False, filepath=['../models/synthetic/s123/random_mc2_n6_mid3_d1000_05_mr098_r10_18.uai'])
2026-02-06 13:18:19,796|INFO|random_mc2_n6_mid3_d1000_05_mr098_r10_2_uai_GDCC_1e-05_n200_roTrue_s0: Arguments: Namespace(method='GDCC_1e-05', numruns='200', seed='0', output='../results/synthetic/s123/', rewrite=True, removeoutliers=True, filepath=['../models/synthetic/s123/random_mc2_n6_mid3_d1000_05_mr098_r10_2.uai'])
2026-02-06 13:18:19,761|INFO|random_mc2_n9_mid3_d1000_05_mr098_r10_132_uai_GDCC_1e-05_n200_roFalse_s0: Loading model from ../models/synthetic/s123/random_mc2_n9_mid3_d1000_05_mr098_r10_132.uai
2026-02-06 13:18:19,804|INFO|random_mc2_n9_mid3_d1000_05_mr098_r10_11_uai_GDCC_1e-05_n200_roFalse_s0: Arguments: Namespace(method='GDCC_1e-05', numruns='200', seed='0', output='../results/synthetic/s123/', rewrite=True, removeoutliers=False, filepath=['../models/synthetic/s123/random_mc2_n9_mid3_d1000_05_mr098_r10_11.uai'])
2026-02-06 13:18:19,792|INFO|random_mc2_n6_mid3_d1000_05_mr098_r10_18_uai_GDCC_1e-05_n200_roFalse_s0: Loading model from ../models/synthetic/s123/random_mc2_n6_mid3_d1000_05_mr098_r10_18.uai
2026-02-06 13:18:19,805|INFO|random_mc2_n6_mid3_d1000_05_mr098_r10_18_uai_GDCC_1e-05_n200_roFalse_s0: Loading data from ../models/synthetic/s123/random_mc2_n6_mid3_d1000_05_mr098_r10_18.csv
2026-02-06 13:18:19,820|INFO|random_mc2_n6_mid3_d1000_05_mr098_r10_18_uai_GDCC_1e-05_n200_roFalse_s0: PNS(V3,V5) exact: (0.0, 0.0426073822)
2026-02-06 13:18:19,797|INFO|random_mc2_n6_mid3_d1000_05_mr098_r10_2_uai_GDCC_1e-05_n200_roTrue_s0: Loading model from ../models/synthetic/s123/random_mc2_n6_mid3_d1000_05_mr098_r10_2.uai
2026-02-06 13:18:19,814|INFO|random_mc2_n6_mid3_d1000_05_mr098_r10_2_uai_GDCC_1e-05_n200_roTrue_s0: Loading data from ../models/synthetic/s123/random_mc2_n6_mid3_d1000_05_mr098_r10_2.csv
2026-02-06 13:18:19,837|INFO|random_mc2_n5_mid3_d1000_05_mr098_r10_27_uai_GDCC_1e-05_n200_roFalse_s0: Arguments: Namespace(method='GDCC_1e-05', numruns='200', seed='0', output='../results/synthetic/s123/', rewrite=True, removeoutliers=False, filepath=['../models/synthetic/s123/random_mc2_n5_mid3_d1000_05_mr098_r10_27.uai'])
2026-02-06 13:18:19,804|INFO|random_mc2_n9_mid3_d1000_05_mr098_r10_11_uai_GDCC_1e-05_n200_roFalse_s0: Loading model from ../models/synthetic/s123/random_mc2_n9_mid3_d1000_05_mr098_r10_11.uai
2026-02-06 13:18:19,835|INFO|random_mc2_n9_mid3_d1000_05_mr098_r10_11_uai_GDCC_1e-05_n200_roFalse_s0: Loading data from ../models/synthetic/s123/random_mc2_n9_mid3_d1000_05_mr098_r10_11.csv
2026-02-06 13:18:19,837|INFO|random_mc2_n5_mid3_d1000_05_mr098_r10_27_uai_GDCC_1e-05_n200_roFalse_s0: Loading model from ../models/synthetic/s123/random_mc2_n5_mid3_d1000_05_mr098_r10_27.uai
2026-02-06 13:18:19,851|INFO|random_mc2_n5_mid3_d1000_05_mr098_r10_27_uai_GDCC_1e-05_n200_roFalse_s0: Loading data from ../models/synthetic/s123/random_mc2_n5_mid3_d1000_05_mr098_r10_27.csv
2026-02-06 13:18:19,866|INFO|random_mc2_n5_mid3_d1000_05_mr098_r10_27_uai_GDCC_1e-05_n200_roFalse_s0: PNS(V4,V3) exact: (0.072092966, 0.40936737)
2026-02-06 13:18:19,895|INFO|random_mc2_n8_mid3_d1000_05_mr098_r10_188_uai_GDCC_1e-05_n200_roFalse_s0: Arguments: Namespace(method='GDCC_1e-05', numruns='200', seed='0', output='../results/synthetic/s123/', rewrite=True, removeoutliers=False, filepath=['../models/synthetic/s123/random_mc2_n8_mid3_d1000_05_mr098_r10_188.uai'])
2026-02-06 13:18:19,895|INFO|random_mc2_n8_mid3_d1000_05_mr098_r10_188_uai_GDCC_1e-05_n200_roFalse_s0: Loading model from ../models/synthetic/s123/random_mc2_n8_mid3_d1000_05_mr098_r10_188.uai
2026-02-06 13:18:19,916|INFO|random_mc2_n8_mid3_d1000_05_mr098_r10_188_uai_GDCC_1e-05_n200_roFalse_s0: Loading data from ../models/synthetic/s123/random_mc2_n8_mid3_d1000_05_mr098_r10_188.csv
2026-02-06 13:18:19,963|INFO|random_mc2_n5_mid3_d1000_05_mr098_r10_51_uai_GDCC_1e-05_n200_roFalse_s0: Arguments: Namespace(method='GDCC_1e-05', numruns='200', seed='0', output='../results/synthetic/s123/', rewrite=True, removeoutliers=False, filepath=['../models/synthetic/s123/random_mc2_n5_mid3_d1000_05_mr098_r10_51.uai'])
2026-02-06 13:18:19,990|INFO|random_mc2_n9_mid3_d1000_05_mr098_r10_132_uai_GDCC_1e-05_n200_roFalse_s0: Loading data from ../models/synthetic/s123/random_mc2_n9_mid3_d1000_05_mr098_r10_132.csv
2026-02-06 13:18:19,963|INFO|random_mc2_n5_mid3_d1000_05_mr098_r10_51_uai_GDCC_1e-05_n200_roFalse_s0: Loading model from ../models/synthetic/s123/random_mc2_n5_mid3_d1000_05_mr098_r10_51.uai
2026-02-06 13:18:19,970|INFO|random_mc2_n5_mid3_d1000_05_mr098_r10_51_uai_GDCC_1e-05_n200_roFalse_s0: Loading data from ../models/synthetic/s123/random_mc2_n5_mid3_d1000_05_mr098_r10_51.csv
2026-02-06 13:18:19,981|INFO|random_mc2_n5_mid3_d1000_05_mr098_r10_51_uai_GDCC_1e-05_n200_roFalse_s0: PNS(V2,V4) exact: (0.0, 0.17763)
2026-02-06 13:18:20,537|INFO|random_mc2_n7_mid3_d1000_05_mr098_r10_196_uai_GDCC_1e-05_n200_roFalse_s0: Arguments: Namespace(method='GDCC_1e-05', numruns='200', seed='0', output='../results/synthetic/s123/', rewrite=True, removeoutliers=False, filepath=['../models/synthetic/s123/random_mc2_n7_mid3_d1000_05_mr098_r10_196.uai'])
2026-02-06 13:18:20,537|INFO|random_mc2_n7_mid3_d1000_05_mr098_r10_196_uai_GDCC_1e-05_n200_roFalse_s0: Loading model from ../models/synthetic/s123/random_mc2_n7_mid3_d1000_05_mr098_r10_196.uai
2026-02-06 13:18:20,597|INFO|random_mc2_n5_mid3_d1000_05_mr098_r10_200_uai_GDCC_1e-05_n200_roTrue_s0: Arguments: Namespace(method='GDCC_1e-05', numruns='200', seed='0', output='../results/synthetic/s123/', rewrite=True, removeoutliers=True, filepath=['../models/synthetic/s123/random_mc2_n5_mid3_d1000_05_mr098_r10_200.uai'])
2026-02-06 13:18:20,620|INFO|random_mc2_n6_mid3_d1000_05_mr098_r10_104_uai_GDCC_1e-05_n200_roFalse_s0: Arguments: Namespace(method='GDCC_1e-05', numruns='200', seed='0', output='../results/synthetic/s123/', rewrite=True, removeoutliers=False, filepath=['../models/synthetic/s123/random_mc2_n6_mid3_d1000_05_mr098_r10_104.uai'])
2026-02-06 13:18:20,597|INFO|random_mc2_n5_mid3_d1000_05_mr098_r10_200_uai_GDCC_1e-05_n200_roTrue_s0: Loading model from ../models/synthetic/s123/random_mc2_n5_mid3_d1000_05_mr098_r10_200.uai
2026-02-06 13:18:20,639|INFO|random_mc2_n7_mid3_d1000_05_mr098_r10_196_uai_GDCC_1e-05_n200_roFalse_s0: Loading data from ../models/synthetic/s123/random_mc2_n7_mid3_d1000_05_mr098_r10_196.csv
2026-02-06 13:18:20,621|INFO|random_mc2_n6_mid3_d1000_05_mr098_r10_104_uai_GDCC_1e-05_n200_roFalse_s0: Loading model from ../models/synthetic/s123/random_mc2_n6_mid3_d1000_05_mr098_r10_104.uai
2026-02-06 13:18:20,654|INFO|random_mc2_n6_mid3_d1000_05_mr098_r10_104_uai_GDCC_1e-05_n200_roFalse_s0: Loading data from ../models/synthetic/s123/random_mc2_n6_mid3_d1000_05_mr098_r10_104.csv
2026-02-06 13:18:20,692|INFO|random_mc2_n5_mid3_d1000_05_mr098_r10_200_uai_GDCC_1e-05_n200_roTrue_s0: Loading data from ../models/synthetic/s123/random_mc2_n5_mid3_d1000_05_mr098_r10_200.csv
2026-02-06 13:18:24,628|INFO|random_mc2_n7_mid3_d1000_05_mr098_r10_54_uai_GDCC_1e-05_n200_roFalse_s0: Arguments: Namespace(method='GDCC_1e-05', numruns='200', seed='0', output='../results/synthetic/s123/', rewrite=True, removeoutliers=False, filepath=['../models/synthetic/s123/random_mc2_n7_mid3_d1000_05_mr098_r10_54.uai'])
2026-02-06 13:18:24,660|INFO|random_mc2_n5_mid3_d1000_05_mr098_r10_129_uai_GDCC_1e-05_n200_roTrue_s0: Arguments: Namespace(method='GDCC_1e-05', numruns='200', seed='0', output='../results/synthetic/s123/', rewrite=True, removeoutliers=True, filepath=['../models/synthetic/s123/random_mc2_n5_mid3_d1000_05_mr098_r10_129.uai'])
2026-02-06 13:18:24,629|INFO|random_mc2_n7_mid3_d1000_05_mr098_r10_54_uai_GDCC_1e-05_n200_roFalse_s0: Loading model from ../models/synthetic/s123/random_mc2_n7_mid3_d1000_05_mr098_r10_54.uai
2026-02-06 13:18:24,655|INFO|random_mc2_n7_mid3_d1000_05_mr098_r10_54_uai_GDCC_1e-05_n200_roFalse_s0: Loading data from ../models/synthetic/s123/random_mc2_n7_mid3_d1000_05_mr098_r10_54.csv
2026-02-06 13:18:24,673|INFO|random_mc2_n5_mid3_d1000_05_mr098_r10_137_uai_GDCC_1e-05_n200_roFalse_s0: Arguments: Namespace(method='GDCC_1e-05', numruns='200', seed='0', output='../results/synthetic/s123/', rewrite=True, removeoutliers=False, filepath=['../models/synthetic/s123/random_mc2_n5_mid3_d1000_05_mr098_r10_137.uai'])
2026-02-06 13:18:24,660|INFO|random_mc2_n5_mid3_d1000_05_mr098_r10_129_uai_GDCC_1e-05_n200_roTrue_s0: Loading model from ../models/synthetic/s123/random_mc2_n5_mid3_d1000_05_mr098_r10_129.uai
2026-02-06 13:18:24,674|INFO|random_mc2_n5_mid3_d1000_05_mr098_r10_129_uai_GDCC_1e-05_n200_roTrue_s0: Loading data from ../models/synthetic/s123/random_mc2_n5_mid3_d1000_05_mr098_r10_129.csv
2026-02-06 13:18:24,673|INFO|random_mc2_n5_mid3_d1000_05_mr098_r10_137_uai_GDCC_1e-05_n200_roFalse_s0: Loading model from ../models/synthetic/s123/random_mc2_n5_mid3_d1000_05_mr098_r10_137.uai
2026-02-06 13:18:24,689|INFO|random_mc2_n5_mid3_d1000_05_mr098_r10_137_uai_GDCC_1e-05_n200_roFalse_s0: Loading data from ../models/synthetic/s123/random_mc2_n5_mid3_d1000_05_mr098_r10_137.csv
2026-02-06 13:18:24,712|INFO|random_mc2_n5_mid3_d1000_05_mr098_r10_137_uai_GDCC_1e-05_n200_roFalse_s0: PNS(V4,V3) exact: (0.3143626878, 0.4271408892000001)
2026-02-06 13:18:24,749|INFO|random_mc2_n5_mid3_d1000_05_mr098_r10_156_uai_GDCC_1e-05_n200_roTrue_s0: Arguments: Namespace(method='GDCC_1e-05', numruns='200', seed='0', output='../results/synthetic/s123/', rewrite=True, removeoutliers=True, filepath=['../models/synthetic/s123/random_mc2_n5_mid3_d1000_05_mr098_r10_156.uai'])
2026-02-06 13:18:24,750|INFO|random_mc2_n5_mid3_d1000_05_mr098_r10_156_uai_GDCC_1e-05_n200_roTrue_s0: Loading model from ../models/synthetic/s123/random_mc2_n5_mid3_d1000_05_mr098_r10_156.uai
2026-02-06 13:18:24,759|INFO|random_mc2_n5_mid3_d1000_05_mr098_r10_156_uai_GDCC_1e-05_n200_roTrue_s0: Loading data from ../models/synthetic/s123/random_mc2_n5_mid3_d1000_05_mr098_r10_156.csv
2026-02-06 13:18:24,785|INFO|random_mc2_n5_mid3_d1000_05_mr098_r10_156_uai_GDCC_1e-05_n200_roTrue_s0: PNS(V0,V3) exact: (0.013315773, 0.1754779742999999)
2026-02-06 13:18:24,854|INFO|random_mc2_n5_mid3_d1000_05_mr098_r10_155_uai_GDCC_1e-05_n200_roTrue_s0: Arguments: Namespace(method='GDCC_1e-05', numruns='200', seed='0', output='../results/synthetic/s123/', rewrite=True, removeoutliers=True, filepath=['../models/synthetic/s123/random_mc2_n5_mid3_d1000_05_mr098_r10_155.uai'])
2026-02-06 13:18:24,854|INFO|random_mc2_n5_mid3_d1000_05_mr098_r10_155_uai_GDCC_1e-05_n200_roTrue_s0: Loading model from ../models/synthetic/s123/random_mc2_n5_mid3_d1000_05_mr098_r10_155.uai
2026-02-06 13:18:24,868|INFO|random_mc2_n5_mid3_d1000_05_mr098_r10_155_uai_GDCC_1e-05_n200_roTrue_s0: Loading data from ../models/synthetic/s123/random_mc2_n5_mid3_d1000_05_mr098_r10_155.csv
2026-02-06 13:18:25,236|INFO|random_mc2_n5_mid3_d1000_05_mr098_r10_163_uai_GDCC_1e-05_n200_roFalse_s0: Arguments: Namespace(method='GDCC_1e-05', numruns='200', seed='0', output='../results/synthetic/s123/', rewrite=True, removeoutliers=False, filepath=['../models/synthetic/s123/random_mc2_n5_mid3_d1000_05_mr098_r10_163.uai'])
2026-02-06 13:18:25,236|INFO|random_mc2_n5_mid3_d1000_05_mr098_r10_163_uai_GDCC_1e-05_n200_roFalse_s0: Loading model from ../models/synthetic/s123/random_mc2_n5_mid3_d1000_05_mr098_r10_163.uai
2026-02-06 13:18:25,253|INFO|random_mc2_n5_mid3_d1000_05_mr098_r10_163_uai_GDCC_1e-05_n200_roFalse_s0: Loading data from ../models/synthetic/s123/random_mc2_n5_mid3_d1000_05_mr098_r10_163.csv
2026-02-06 13:18:25,271|INFO|random_mc2_n5_mid3_d1000_05_mr098_r10_163_uai_GDCC_1e-05_n200_roFalse_s0: PNS(V0,V4) exact: (0.0140736103, 0.0557529839)
2026-02-06 13:18:26,205|INFO|random_mc2_n6_mid3_d1000_05_mr098_r10_87_uai_GDCC_1e-05_n200_roFalse_s0: Arguments: Namespace(method='GDCC_1e-05', numruns='200', seed='0', output='../results/synthetic/s123/', rewrite=True, removeoutliers=False, filepath=['../models/synthetic/s123/random_mc2_n6_mid3_d1000_05_mr098_r10_87.uai'])
2026-02-06 13:18:26,205|INFO|random_mc2_n6_mid3_d1000_05_mr098_r10_87_uai_GDCC_1e-05_n200_roFalse_s0: Loading model from ../models/synthetic/s123/random_mc2_n6_mid3_d1000_05_mr098_r10_87.uai
2026-02-06 13:18:26,214|INFO|random_mc2_n6_mid3_d1000_05_mr098_r10_87_uai_GDCC_1e-05_n200_roFalse_s0: Loading data from ../models/synthetic/s123/random_mc2_n6_mid3_d1000_05_mr098_r10_87.csv
2026-02-06 13:18:31,506|INFO|random_mc2_n5_mid3_d1000_05_mr098_r10_46_uai_GDCC_1e-05_n200_roFalse_s0: Arguments: Namespace(method='GDCC_1e-05', numruns='200', seed='0', output='../results/synthetic/s123/', rewrite=True, removeoutliers=False, filepath=['../models/synthetic/s123/random_mc2_n5_mid3_d1000_05_mr098_r10_46.uai'])
2026-02-06 13:18:31,506|INFO|random_mc2_n5_mid3_d1000_05_mr098_r10_46_uai_GDCC_1e-05_n200_roFalse_s0: Loading model from ../models/synthetic/s123/random_mc2_n5_mid3_d1000_05_mr098_r10_46.uai
2026-02-06 13:18:31,523|INFO|random_mc2_n5_mid3_d1000_05_mr098_r10_46_uai_GDCC_1e-05_n200_roFalse_s0: Loading data from ../models/synthetic/s123/random_mc2_n5_mid3_d1000_05_mr098_r10_46.csv
2026-02-06 13:18:31,536|INFO|random_mc2_n5_mid3_d1000_05_mr098_r10_46_uai_GDCC_1e-05_n200_roFalse_s0: PNS(V0,V4) exact: (0.6100050528559042, 0.6100050528559042)
2026-02-06 13:18:32,254|INFO|random_mc2_n8_mid3_d1000_05_mr098_r10_28_uai_GDCC_1e-05_n200_roTrue_s0: Arguments: Namespace(method='GDCC_1e-05', numruns='200', seed='0', output='../results/synthetic/s123/', rewrite=True, removeoutliers=True, filepath=['../models/synthetic/s123/random_mc2_n8_mid3_d1000_05_mr098_r10_28.uai'])
2026-02-06 13:18:32,255|INFO|random_mc2_n8_mid3_d1000_05_mr098_r10_28_uai_GDCC_1e-05_n200_roTrue_s0: Loading model from ../models/synthetic/s123/random_mc2_n8_mid3_d1000_05_mr098_r10_28.uai
2026-02-06 13:18:32,491|INFO|random_mc2_n8_mid3_d1000_05_mr098_r10_28_uai_GDCC_1e-05_n200_roTrue_s0: Loading data from ../models/synthetic/s123/random_mc2_n8_mid3_d1000_05_mr098_r10_28.csv
2026-02-06 13:18:32,500|INFO|random_mc2_n9_mid3_d1000_05_mr098_r10_32_uai_GDCC_1e-05_n200_roTrue_s0: Arguments: Namespace(method='GDCC_1e-05', numruns='200', seed='0', output='../results/synthetic/s123/', rewrite=True, removeoutliers=True, filepath=['../models/synthetic/s123/random_mc2_n9_mid3_d1000_05_mr098_r10_32.uai'])
2026-02-06 13:18:32,501|INFO|random_mc2_n9_mid3_d1000_05_mr098_r10_32_uai_GDCC_1e-05_n200_roTrue_s0: Loading model from ../models/synthetic/s123/random_mc2_n9_mid3_d1000_05_mr098_r10_32.uai
2026-02-06 13:18:32,522|INFO|random_mc2_n9_mid3_d1000_05_mr098_r10_32_uai_GDCC_1e-05_n200_roTrue_s0: Loading data from ../models/synthetic/s123/random_mc2_n9_mid3_d1000_05_mr098_r10_32.csv
2026-02-06 13:18:32,545|INFO|random_mc2_n9_mid3_d1000_05_mr098_r10_32_uai_GDCC_1e-05_n200_roTrue_s0: PNS(V1,V3) exact: (0.0, 0.0)
2026-02-06 13:18:32,545|ERROR|random_mc2_n9_mid3_d1000_05_mr098_r10_32_uai_GDCC_1e-05_n200_roTrue_s0: Model does not have any cause-effect path.
2026-02-06 13:18:32,620|INFO|random_mc2_n9_mid3_d1000_05_mr098_r10_137_uai_GDCC_1e-05_n200_roFalse_s0: Arguments: Namespace(method='GDCC_1e-05', numruns='200', seed='0', output='../results/synthetic/s123/', rewrite=True, removeoutliers=False, filepath=['../models/synthetic/s123/random_mc2_n9_mid3_d1000_05_mr098_r10_137.uai'])
2026-02-06 13:18:32,656|INFO|random_mc2_n7_mid3_d1000_05_mr098_r10_199_uai_GDCC_1e-05_n200_roTrue_s0: Arguments: Namespace(method='GDCC_1e-05', numruns='200', seed='0', output='../results/synthetic/s123/', rewrite=True, removeoutliers=True, filepath=['../models/synthetic/s123/random_mc2_n7_mid3_d1000_05_mr098_r10_199.uai'])
2026-02-06 13:18:32,620|INFO|random_mc2_n9_mid3_d1000_05_mr098_r10_137_uai_GDCC_1e-05_n200_roFalse_s0: Loading model from ../models/synthetic/s123/random_mc2_n9_mid3_d1000_05_mr098_r10_137.uai
2026-02-06 13:18:32,657|INFO|random_mc2_n7_mid3_d1000_05_mr098_r10_199_uai_GDCC_1e-05_n200_roTrue_s0: Loading model from ../models/synthetic/s123/random_mc2_n7_mid3_d1000_05_mr098_r10_199.uai
2026-02-06 13:18:32,668|INFO|random_mc2_n7_mid3_d1000_05_mr098_r10_199_uai_GDCC_1e-05_n200_roTrue_s0: Loading data from ../models/synthetic/s123/random_mc2_n7_mid3_d1000_05_mr098_r10_199.csv
2026-02-06 13:18:32,688|INFO|random_mc2_n7_mid3_d1000_05_mr098_r10_199_uai_GDCC_1e-05_n200_roTrue_s0: PNS(V2,V0) exact: (0.00178489968384, 0.013822421418624)
2026-02-06 13:18:32,857|INFO|random_mc2_n9_mid3_d1000_05_mr098_r10_137_uai_GDCC_1e-05_n200_roFalse_s0: Loading data from ../models/synthetic/s123/random_mc2_n9_mid3_d1000_05_mr098_r10_137.csv
2026-02-06 13:18:33,036|INFO|random_mc2_n7_mid3_d1000_05_mr098_r10_139_uai_GDCC_1e-05_n200_roTrue_s0: Arguments: Namespace(method='GDCC_1e-05', numruns='200', seed='0', output='../results/synthetic/s123/', rewrite=True, removeoutliers=True, filepath=['../models/synthetic/s123/random_mc2_n7_mid3_d1000_05_mr098_r10_139.uai'])
2026-02-06 13:18:33,036|INFO|random_mc2_n7_mid3_d1000_05_mr098_r10_139_uai_GDCC_1e-05_n200_roTrue_s0: Loading model from ../models/synthetic/s123/random_mc2_n7_mid3_d1000_05_mr098_r10_139.uai
2026-02-06 13:18:33,050|INFO|random_mc2_n7_mid3_d1000_05_mr098_r10_139_uai_GDCC_1e-05_n200_roTrue_s0: Loading data from ../models/synthetic/s123/random_mc2_n7_mid3_d1000_05_mr098_r10_139.csv
2026-02-06 13:18:33,067|INFO|random_mc2_n7_mid3_d1000_05_mr098_r10_139_uai_GDCC_1e-05_n200_roTrue_s0: PNS(V6,V2) exact: (3.4571033774154675e-05, 0.0010797131415254)
2026-02-06 13:18:33,331|INFO|random_mc2_n7_mid3_d1000_05_mr098_r10_153_uai_GDCC_1e-05_n200_roTrue_s0: Arguments: Namespace(method='GDCC_1e-05', numruns='200', seed='0', output='../results/synthetic/s123/', rewrite=True, removeoutliers=True, filepath=['../models/synthetic/s123/random_mc2_n7_mid3_d1000_05_mr098_r10_153.uai'])
2026-02-06 13:18:33,331|INFO|random_mc2_n7_mid3_d1000_05_mr098_r10_153_uai_GDCC_1e-05_n200_roTrue_s0: Loading model from ../models/synthetic/s123/random_mc2_n7_mid3_d1000_05_mr098_r10_153.uai
2026-02-06 13:18:33,353|INFO|random_mc2_n7_mid3_d1000_05_mr098_r10_153_uai_GDCC_1e-05_n200_roTrue_s0: Loading data from ../models/synthetic/s123/random_mc2_n7_mid3_d1000_05_mr098_r10_153.csv
2026-02-06 13:18:33,644|INFO|random_mc2_n9_mid3_d1000_05_mr098_r10_27_uai_GDCC_1e-05_n200_roFalse_s0: Arguments: Namespace(method='GDCC_1e-05', numruns='200', seed='0', output='../results/synthetic/s123/', rewrite=True, removeoutliers=False, filepath=['../models/synthetic/s123/random_mc2_n9_mid3_d1000_05_mr098_r10_27.uai'])
2026-02-06 13:18:33,644|INFO|random_mc2_n9_mid3_d1000_05_mr098_r10_27_uai_GDCC_1e-05_n200_roFalse_s0: Loading model from ../models/synthetic/s123/random_mc2_n9_mid3_d1000_05_mr098_r10_27.uai
2026-02-06 13:18:33,669|INFO|random_mc2_n9_mid3_d1000_05_mr098_r10_27_uai_GDCC_1e-05_n200_roFalse_s0: Loading data from ../models/synthetic/s123/random_mc2_n9_mid3_d1000_05_mr098_r10_27.csv
2026-02-06 13:18:33,737|INFO|random_mc2_n6_mid3_d1000_05_mr098_r10_137_uai_GDCC_1e-05_n200_roTrue_s0: Arguments: Namespace(method='GDCC_1e-05', numruns='200', seed='0', output='../results/synthetic/s123/', rewrite=True, removeoutliers=True, filepath=['../models/synthetic/s123/random_mc2_n6_mid3_d1000_05_mr098_r10_137.uai'])
2026-02-06 13:18:33,737|INFO|random_mc2_n6_mid3_d1000_05_mr098_r10_137_uai_GDCC_1e-05_n200_roTrue_s0: Loading model from ../models/synthetic/s123/random_mc2_n6_mid3_d1000_05_mr098_r10_137.uai
2026-02-06 13:18:33,748|INFO|random_mc2_n6_mid3_d1000_05_mr098_r10_137_uai_GDCC_1e-05_n200_roTrue_s0: Loading data from ../models/synthetic/s123/random_mc2_n6_mid3_d1000_05_mr098_r10_137.csv
2026-02-06 13:18:33,761|INFO|random_mc2_n6_mid3_d1000_05_mr098_r10_137_uai_GDCC_1e-05_n200_roTrue_s0: PNS(V0,V3) exact: (0.0, 0.3125)
2026-02-06 13:18:33,796|INFO|random_mc2_n5_mid3_d1000_05_mr098_r10_189_uai_GDCC_1e-05_n200_roFalse_s0: Arguments: Namespace(method='GDCC_1e-05', numruns='200', seed='0', output='../results/synthetic/s123/', rewrite=True, removeoutliers=False, filepath=['../models/synthetic/s123/random_mc2_n5_mid3_d1000_05_mr098_r10_189.uai'])
2026-02-06 13:18:33,796|INFO|random_mc2_n5_mid3_d1000_05_mr098_r10_189_uai_GDCC_1e-05_n200_roFalse_s0: Loading model from ../models/synthetic/s123/random_mc2_n5_mid3_d1000_05_mr098_r10_189.uai
2026-02-06 13:18:33,805|INFO|random_mc2_n5_mid3_d1000_05_mr098_r10_189_uai_GDCC_1e-05_n200_roFalse_s0: Loading data from ../models/synthetic/s123/random_mc2_n5_mid3_d1000_05_mr098_r10_189.csv
2026-02-06 13:18:33,819|INFO|random_mc2_n5_mid3_d1000_05_mr098_r10_189_uai_GDCC_1e-05_n200_roFalse_s0: PNS(V0,V1) exact: (0.0, 0.0)
2026-02-06 13:18:33,854|INFO|random_mc2_n6_mid3_d1000_05_mr098_r10_103_uai_GDCC_1e-05_n200_roTrue_s0: Arguments: Namespace(method='GDCC_1e-05', numruns='200', seed='0', output='../results/synthetic/s123/', rewrite=True, removeoutliers=True, filepath=['../models/synthetic/s123/random_mc2_n6_mid3_d1000_05_mr098_r10_103.uai'])
2026-02-06 13:18:33,855|INFO|random_mc2_n6_mid3_d1000_05_mr098_r10_103_uai_GDCC_1e-05_n200_roTrue_s0: Loading model from ../models/synthetic/s123/random_mc2_n6_mid3_d1000_05_mr098_r10_103.uai
2026-02-06 13:18:33,873|INFO|random_mc2_n6_mid3_d1000_05_mr098_r10_103_uai_GDCC_1e-05_n200_roTrue_s0: Loading data from ../models/synthetic/s123/random_mc2_n6_mid3_d1000_05_mr098_r10_103.csv
2026-02-06 13:18:33,990|INFO|random_mc2_n7_mid3_d1000_05_mr098_r10_126_uai_GDCC_1e-05_n200_roTrue_s0: Arguments: Namespace(method='GDCC_1e-05', numruns='200', seed='0', output='../results/synthetic/s123/', rewrite=True, removeoutliers=True, filepath=['../models/synthetic/s123/random_mc2_n7_mid3_d1000_05_mr098_r10_126.uai'])
2026-02-06 13:18:33,991|INFO|random_mc2_n8_mid3_d1000_05_mr098_r10_146_uai_GDCC_1e-05_n200_roTrue_s0: Arguments: Namespace(method='GDCC_1e-05', numruns='200', seed='0', output='../results/synthetic/s123/', rewrite=True, removeoutliers=True, filepath=['../models/synthetic/s123/random_mc2_n8_mid3_d1000_05_mr098_r10_146.uai'])
2026-02-06 13:18:33,990|INFO|random_mc2_n7_mid3_d1000_05_mr098_r10_126_uai_GDCC_1e-05_n200_roTrue_s0: Loading model from ../models/synthetic/s123/random_mc2_n7_mid3_d1000_05_mr098_r10_126.uai
2026-02-06 13:18:33,991|INFO|random_mc2_n8_mid3_d1000_05_mr098_r10_146_uai_GDCC_1e-05_n200_roTrue_s0: Loading model from ../models/synthetic/s123/random_mc2_n8_mid3_d1000_05_mr098_r10_146.uai
2026-02-06 13:18:34,010|INFO|random_mc2_n7_mid3_d1000_05_mr098_r10_126_uai_GDCC_1e-05_n200_roTrue_s0: Loading data from ../models/synthetic/s123/random_mc2_n7_mid3_d1000_05_mr098_r10_126.csv
2026-02-06 13:18:34,014|INFO|random_mc2_n8_mid3_d1000_05_mr098_r10_146_uai_GDCC_1e-05_n200_roTrue_s0: Loading data from ../models/synthetic/s123/random_mc2_n8_mid3_d1000_05_mr098_r10_146.csv
2026-02-06 13:18:34,028|INFO|random_mc2_n7_mid3_d1000_05_mr098_r10_126_uai_GDCC_1e-05_n200_roTrue_s0: PNS(V0,V1) exact: (0.2650857268885659, 0.4244970236778398)
2026-02-06 13:18:34,046|INFO|random_mc2_n9_mid3_d1000_05_mr098_r10_118_uai_GDCC_1e-05_n200_roTrue_s0: Arguments: Namespace(method='GDCC_1e-05', numruns='200', seed='0', output='../results/synthetic/s123/', rewrite=True, removeoutliers=True, filepath=['../models/synthetic/s123/random_mc2_n9_mid3_d1000_05_mr098_r10_118.uai'])
2026-02-06 13:18:34,053|INFO|random_mc2_n5_mid3_d1000_05_mr098_r10_196_uai_GDCC_1e-05_n200_roFalse_s0: Arguments: Namespace(method='GDCC_1e-05', numruns='200', seed='0', output='../results/synthetic/s123/', rewrite=True, removeoutliers=False, filepath=['../models/synthetic/s123/random_mc2_n5_mid3_d1000_05_mr098_r10_196.uai'])
2026-02-06 13:18:34,047|INFO|random_mc2_n9_mid3_d1000_05_mr098_r10_118_uai_GDCC_1e-05_n200_roTrue_s0: Loading model from ../models/synthetic/s123/random_mc2_n9_mid3_d1000_05_mr098_r10_118.uai
2026-02-06 13:18:34,067|INFO|random_mc2_n9_mid3_d1000_05_mr098_r10_118_uai_GDCC_1e-05_n200_roTrue_s0: Loading data from ../models/synthetic/s123/random_mc2_n9_mid3_d1000_05_mr098_r10_118.csv
2026-02-06 13:18:34,053|INFO|random_mc2_n5_mid3_d1000_05_mr098_r10_196_uai_GDCC_1e-05_n200_roFalse_s0: Loading model from ../models/synthetic/s123/random_mc2_n5_mid3_d1000_05_mr098_r10_196.uai
2026-02-06 13:18:34,071|INFO|random_mc2_n5_mid3_d1000_05_mr098_r10_196_uai_GDCC_1e-05_n200_roFalse_s0: Loading data from ../models/synthetic/s123/random_mc2_n5_mid3_d1000_05_mr098_r10_196.csv
2026-02-06 13:18:34,173|INFO|random_mc2_n9_mid3_d1000_05_mr098_r10_152_uai_GDCC_1e-05_n200_roTrue_s0: Arguments: Namespace(method='GDCC_1e-05', numruns='200', seed='0', output='../results/synthetic/s123/', rewrite=True, removeoutliers=True, filepath=['../models/synthetic/s123/random_mc2_n9_mid3_d1000_05_mr098_r10_152.uai'])
2026-02-06 13:18:34,174|INFO|random_mc2_n9_mid3_d1000_05_mr098_r10_152_uai_GDCC_1e-05_n200_roTrue_s0: Loading model from ../models/synthetic/s123/random_mc2_n9_mid3_d1000_05_mr098_r10_152.uai
2026-02-06 13:18:34,209|INFO|random_mc2_n9_mid3_d1000_05_mr098_r10_152_uai_GDCC_1e-05_n200_roTrue_s0: Loading data from ../models/synthetic/s123/random_mc2_n9_mid3_d1000_05_mr098_r10_152.csv
2026-02-06 13:18:34,223|INFO|random_mc2_n9_mid3_d1000_05_mr098_r10_152_uai_GDCC_1e-05_n200_roTrue_s0: PNS(V4,V6) exact: (0.0985718975711222, 0.2731262523008737)
2026-02-06 13:18:36,910|INFO|random_mc2_n5_mid3_d1000_05_mr098_r10_128_uai_GDCC_1e-05_n200_roTrue_s0: Arguments: Namespace(method='GDCC_1e-05', numruns='200', seed='0', output='../results/synthetic/s123/', rewrite=True, removeoutliers=True, filepath=['../models/synthetic/s123/random_mc2_n5_mid3_d1000_05_mr098_r10_128.uai'])
2026-02-06 13:18:36,910|INFO|random_mc2_n5_mid3_d1000_05_mr098_r10_128_uai_GDCC_1e-05_n200_roTrue_s0: Loading model from ../models/synthetic/s123/random_mc2_n5_mid3_d1000_05_mr098_r10_128.uai
2026-02-06 13:18:36,915|INFO|random_mc2_n5_mid3_d1000_05_mr098_r10_128_uai_GDCC_1e-05_n200_roTrue_s0: Loading data from ../models/synthetic/s123/random_mc2_n5_mid3_d1000_05_mr098_r10_128.csv
2026-02-06 13:18:36,925|INFO|random_mc2_n5_mid3_d1000_05_mr098_r10_128_uai_GDCC_1e-05_n200_roTrue_s0: PNS(V2,V0) exact: (0.0, 0.0565271411)
2026-02-06 13:18:39,259|INFO|random_mc2_n8_mid3_d1000_05_mr098_r10_190_uai_GDCC_1e-05_n200_roFalse_s0: Arguments: Namespace(method='GDCC_1e-05', numruns='200', seed='0', output='../results/synthetic/s123/', rewrite=True, removeoutliers=False, filepath=['../models/synthetic/s123/random_mc2_n8_mid3_d1000_05_mr098_r10_190.uai'])
2026-02-06 13:18:39,259|INFO|random_mc2_n8_mid3_d1000_05_mr098_r10_190_uai_GDCC_1e-05_n200_roFalse_s0: Loading model from ../models/synthetic/s123/random_mc2_n8_mid3_d1000_05_mr098_r10_190.uai
2026-02-06 13:18:39,296|INFO|random_mc2_n8_mid3_d1000_05_mr098_r10_190_uai_GDCC_1e-05_n200_roFalse_s0: Loading data from ../models/synthetic/s123/random_mc2_n8_mid3_d1000_05_mr098_r10_190.csv
2026-02-06 13:18:42,532|INFO|random_mc2_n6_mid3_d1000_05_mr098_r10_182_uai_GDCC_1e-05_n200_roTrue_s0: Arguments: Namespace(method='GDCC_1e-05', numruns='200', seed='0', output='../results/synthetic/s123/', rewrite=True, removeoutliers=True, filepath=['../models/synthetic/s123/random_mc2_n6_mid3_d1000_05_mr098_r10_182.uai'])
2026-02-06 13:18:42,541|INFO|random_mc2_n6_mid3_d1000_05_mr098_r10_46_uai_GDCC_1e-05_n200_roFalse_s0: Arguments: Namespace(method='GDCC_1e-05', numruns='200', seed='0', output='../results/synthetic/s123/', rewrite=True, removeoutliers=False, filepath=['../models/synthetic/s123/random_mc2_n6_mid3_d1000_05_mr098_r10_46.uai'])
2026-02-06 13:18:42,564|INFO|random_mc2_n5_mid3_d1000_05_mr098_r10_99_uai_GDCC_1e-05_n200_roTrue_s0: Arguments: Namespace(method='GDCC_1e-05', numruns='200', seed='0', output='../results/synthetic/s123/', rewrite=True, removeoutliers=True, filepath=['../models/synthetic/s123/random_mc2_n5_mid3_d1000_05_mr098_r10_99.uai'])
2026-02-06 13:18:42,533|INFO|random_mc2_n6_mid3_d1000_05_mr098_r10_182_uai_GDCC_1e-05_n200_roTrue_s0: Loading model from ../models/synthetic/s123/random_mc2_n6_mid3_d1000_05_mr098_r10_182.uai
2026-02-06 13:18:42,553|INFO|random_mc2_n6_mid3_d1000_05_mr098_r10_182_uai_GDCC_1e-05_n200_roTrue_s0: Loading data from ../models/synthetic/s123/random_mc2_n6_mid3_d1000_05_mr098_r10_182.csv
2026-02-06 13:18:42,567|INFO|random_mc2_n6_mid3_d1000_05_mr098_r10_182_uai_GDCC_1e-05_n200_roTrue_s0: PNS(V4,V5) exact: (0.2591310333408, 0.3907790126200001)
2026-02-06 13:18:42,541|INFO|random_mc2_n6_mid3_d1000_05_mr098_r10_46_uai_GDCC_1e-05_n200_roFalse_s0: Loading model from ../models/synthetic/s123/random_mc2_n6_mid3_d1000_05_mr098_r10_46.uai
2026-02-06 13:18:42,557|INFO|random_mc2_n6_mid3_d1000_05_mr098_r10_46_uai_GDCC_1e-05_n200_roFalse_s0: Loading data from ../models/synthetic/s123/random_mc2_n6_mid3_d1000_05_mr098_r10_46.csv
2026-02-06 13:18:42,573|INFO|random_mc2_n6_mid3_d1000_05_mr098_r10_46_uai_GDCC_1e-05_n200_roFalse_s0: PNS(V5,V4) exact: (0.1425212815, 0.1433881685)
2026-02-06 13:18:42,586|INFO|random_mc2_n7_mid3_d1000_05_mr098_r10_36_uai_GDCC_1e-05_n200_roTrue_s0: Arguments: Namespace(method='GDCC_1e-05', numruns='200', seed='0', output='../results/synthetic/s123/', rewrite=True, removeoutliers=True, filepath=['../models/synthetic/s123/random_mc2_n7_mid3_d1000_05_mr098_r10_36.uai'])
2026-02-06 13:18:42,592|INFO|random_mc2_n5_mid3_d1000_05_mr098_r10_130_uai_GDCC_1e-05_n200_roTrue_s0: Arguments: Namespace(method='GDCC_1e-05', numruns='200', seed='0', output='../results/synthetic/s123/', rewrite=True, removeoutliers=True, filepath=['../models/synthetic/s123/random_mc2_n5_mid3_d1000_05_mr098_r10_130.uai'])
2026-02-06 13:18:42,564|INFO|random_mc2_n5_mid3_d1000_05_mr098_r10_99_uai_GDCC_1e-05_n200_roTrue_s0: Loading model from ../models/synthetic/s123/random_mc2_n5_mid3_d1000_05_mr098_r10_99.uai
2026-02-06 13:18:42,574|INFO|random_mc2_n5_mid3_d1000_05_mr098_r10_99_uai_GDCC_1e-05_n200_roTrue_s0: Loading data from ../models/synthetic/s123/random_mc2_n5_mid3_d1000_05_mr098_r10_99.csv
2026-02-06 13:18:42,589|INFO|random_mc2_n5_mid3_d1000_05_mr098_r10_99_uai_GDCC_1e-05_n200_roTrue_s0: PNS(V0,V4) exact: (0.0, 0.09976)
2026-02-06 13:18:42,609|INFO|random_mc2_n5_mid3_d1000_05_mr098_r10_164_uai_GDCC_1e-05_n200_roTrue_s0: Arguments: Namespace(method='GDCC_1e-05', numruns='200', seed='0', output='../results/synthetic/s123/', rewrite=True, removeoutliers=True, filepath=['../models/synthetic/s123/random_mc2_n5_mid3_d1000_05_mr098_r10_164.uai'])
2026-02-06 13:18:42,586|INFO|random_mc2_n7_mid3_d1000_05_mr098_r10_36_uai_GDCC_1e-05_n200_roTrue_s0: Loading model from ../models/synthetic/s123/random_mc2_n7_mid3_d1000_05_mr098_r10_36.uai
2026-02-06 13:18:42,601|INFO|random_mc2_n7_mid3_d1000_05_mr098_r10_36_uai_GDCC_1e-05_n200_roTrue_s0: Loading data from ../models/synthetic/s123/random_mc2_n7_mid3_d1000_05_mr098_r10_36.csv
2026-02-06 13:18:42,617|INFO|random_mc2_n7_mid3_d1000_05_mr098_r10_36_uai_GDCC_1e-05_n200_roTrue_s0: PNS(V6,V2) exact: (0.0, 0.128261765483479)
2026-02-06 13:18:42,592|INFO|random_mc2_n5_mid3_d1000_05_mr098_r10_130_uai_GDCC_1e-05_n200_roTrue_s0: Loading model from ../models/synthetic/s123/random_mc2_n5_mid3_d1000_05_mr098_r10_130.uai
2026-02-06 13:18:42,605|INFO|random_mc2_n5_mid3_d1000_05_mr098_r10_130_uai_GDCC_1e-05_n200_roTrue_s0: Loading data from ../models/synthetic/s123/random_mc2_n5_mid3_d1000_05_mr098_r10_130.csv
2026-02-06 13:18:42,619|INFO|random_mc2_n5_mid3_d1000_05_mr098_r10_130_uai_GDCC_1e-05_n200_roTrue_s0: PNS(V2,V1) exact: (0.0, 0.24110001)
2026-02-06 13:18:42,610|INFO|random_mc2_n5_mid3_d1000_05_mr098_r10_164_uai_GDCC_1e-05_n200_roTrue_s0: Loading model from ../models/synthetic/s123/random_mc2_n5_mid3_d1000_05_mr098_r10_164.uai
2026-02-06 13:18:42,620|INFO|random_mc2_n5_mid3_d1000_05_mr098_r10_164_uai_GDCC_1e-05_n200_roTrue_s0: Loading data from ../models/synthetic/s123/random_mc2_n5_mid3_d1000_05_mr098_r10_164.csv
2026-02-06 13:18:42,996|INFO|random_mc2_n5_mid3_d1000_05_mr098_r10_66_uai_GDCC_1e-05_n200_roFalse_s0: Arguments: Namespace(method='GDCC_1e-05', numruns='200', seed='0', output='../results/synthetic/s123/', rewrite=True, removeoutliers=False, filepath=['../models/synthetic/s123/random_mc2_n5_mid3_d1000_05_mr098_r10_66.uai'])
2026-02-06 13:18:43,001|INFO|random_mc2_n5_mid3_d1000_05_mr098_r10_165_uai_GDCC_1e-05_n200_roTrue_s0: Arguments: Namespace(method='GDCC_1e-05', numruns='200', seed='0', output='../results/synthetic/s123/', rewrite=True, removeoutliers=True, filepath=['../models/synthetic/s123/random_mc2_n5_mid3_d1000_05_mr098_r10_165.uai'])
2026-02-06 13:18:42,996|INFO|random_mc2_n5_mid3_d1000_05_mr098_r10_66_uai_GDCC_1e-05_n200_roFalse_s0: Loading model from ../models/synthetic/s123/random_mc2_n5_mid3_d1000_05_mr098_r10_66.uai
2026-02-06 13:18:43,002|INFO|random_mc2_n5_mid3_d1000_05_mr098_r10_66_uai_GDCC_1e-05_n200_roFalse_s0: Loading data from ../models/synthetic/s123/random_mc2_n5_mid3_d1000_05_mr098_r10_66.csv
2026-02-06 13:18:43,018|INFO|random_mc2_n5_mid3_d1000_05_mr098_r10_66_uai_GDCC_1e-05_n200_roFalse_s0: PNS(V4,V1) exact: (0.7079657650000001, 0.8388291600000001)
2026-02-06 13:18:43,039|INFO|random_mc2_n5_mid3_d1000_05_mr098_r10_144_uai_GDCC_1e-05_n200_roFalse_s0: Arguments: Namespace(method='GDCC_1e-05', numruns='200', seed='0', output='../results/synthetic/s123/', rewrite=True, removeoutliers=False, filepath=['../models/synthetic/s123/random_mc2_n5_mid3_d1000_05_mr098_r10_144.uai'])
2026-02-06 13:18:43,001|INFO|random_mc2_n5_mid3_d1000_05_mr098_r10_165_uai_GDCC_1e-05_n200_roTrue_s0: Loading model from ../models/synthetic/s123/random_mc2_n5_mid3_d1000_05_mr098_r10_165.uai
2026-02-06 13:18:43,011|INFO|random_mc2_n5_mid3_d1000_05_mr098_r10_165_uai_GDCC_1e-05_n200_roTrue_s0: Loading data from ../models/synthetic/s123/random_mc2_n5_mid3_d1000_05_mr098_r10_165.csv
2026-02-06 13:18:43,023|INFO|random_mc2_n5_mid3_d1000_05_mr098_r10_165_uai_GDCC_1e-05_n200_roTrue_s0: PNS(V1,V2) exact: (0.93297, 0.93333)
2026-02-06 13:18:43,039|INFO|random_mc2_n5_mid3_d1000_05_mr098_r10_144_uai_GDCC_1e-05_n200_roFalse_s0: Loading model from ../models/synthetic/s123/random_mc2_n5_mid3_d1000_05_mr098_r10_144.uai
2026-02-06 13:18:43,055|INFO|random_mc2_n5_mid3_d1000_05_mr098_r10_144_uai_GDCC_1e-05_n200_roFalse_s0: Loading data from ../models/synthetic/s123/random_mc2_n5_mid3_d1000_05_mr098_r10_144.csv
2026-02-06 13:18:43,069|INFO|random_mc2_n5_mid3_d1000_05_mr098_r10_144_uai_GDCC_1e-05_n200_roFalse_s0: PNS(V3,V1) exact: (0.385300924512895, 0.578062212781675)
2026-02-06 13:18:43,151|INFO|random_mc2_n6_mid3_d1000_05_mr098_r10_42_uai_GDCC_1e-05_n200_roFalse_s0: Arguments: Namespace(method='GDCC_1e-05', numruns='200', seed='0', output='../results/synthetic/s123/', rewrite=True, removeoutliers=False, filepath=['../models/synthetic/s123/random_mc2_n6_mid3_d1000_05_mr098_r10_42.uai'])
2026-02-06 13:18:43,151|INFO|random_mc2_n6_mid3_d1000_05_mr098_r10_42_uai_GDCC_1e-05_n200_roFalse_s0: Loading model from ../models/synthetic/s123/random_mc2_n6_mid3_d1000_05_mr098_r10_42.uai
2026-02-06 13:18:43,161|INFO|random_mc2_n6_mid3_d1000_05_mr098_r10_42_uai_GDCC_1e-05_n200_roFalse_s0: Loading data from ../models/synthetic/s123/random_mc2_n6_mid3_d1000_05_mr098_r10_42.csv
2026-02-06 13:18:43,174|INFO|random_mc2_n6_mid3_d1000_05_mr098_r10_42_uai_GDCC_1e-05_n200_roFalse_s0: PNS(V3,V2) exact: (0.2100591484485759, 0.483114152283904)
2026-02-06 13:18:43,284|INFO|random_mc2_n7_mid3_d1000_05_mr098_r10_15_uai_GDCC_1e-05_n200_roTrue_s0: Arguments: Namespace(method='GDCC_1e-05', numruns='200', seed='0', output='../results/synthetic/s123/', rewrite=True, removeoutliers=True, filepath=['../models/synthetic/s123/random_mc2_n7_mid3_d1000_05_mr098_r10_15.uai'])
2026-02-06 13:18:43,285|INFO|random_mc2_n9_mid3_d1000_05_mr098_r10_176_uai_GDCC_1e-05_n200_roTrue_s0: Arguments: Namespace(method='GDCC_1e-05', numruns='200', seed='0', output='../results/synthetic/s123/', rewrite=True, removeoutliers=True, filepath=['../models/synthetic/s123/random_mc2_n9_mid3_d1000_05_mr098_r10_176.uai'])
2026-02-06 13:18:43,308|INFO|random_mc2_n9_mid3_d1000_05_mr098_r10_118_uai_GDCC_1e-05_n200_roFalse_s0: Arguments: Namespace(method='GDCC_1e-05', numruns='200', seed='0', output='../results/synthetic/s123/', rewrite=True, removeoutliers=False, filepath=['../models/synthetic/s123/random_mc2_n9_mid3_d1000_05_mr098_r10_118.uai'])
2026-02-06 13:18:43,284|INFO|random_mc2_n7_mid3_d1000_05_mr098_r10_15_uai_GDCC_1e-05_n200_roTrue_s0: Loading model from ../models/synthetic/s123/random_mc2_n7_mid3_d1000_05_mr098_r10_15.uai
2026-02-06 13:18:43,285|INFO|random_mc2_n9_mid3_d1000_05_mr098_r10_176_uai_GDCC_1e-05_n200_roTrue_s0: Loading model from ../models/synthetic/s123/random_mc2_n9_mid3_d1000_05_mr098_r10_176.uai
2026-02-06 13:18:43,297|INFO|random_mc2_n7_mid3_d1000_05_mr098_r10_15_uai_GDCC_1e-05_n200_roTrue_s0: Loading data from ../models/synthetic/s123/random_mc2_n7_mid3_d1000_05_mr098_r10_15.csv
2026-02-06 13:18:43,307|INFO|random_mc2_n9_mid3_d1000_05_mr098_r10_176_uai_GDCC_1e-05_n200_roTrue_s0: Loading data from ../models/synthetic/s123/random_mc2_n9_mid3_d1000_05_mr098_r10_176.csv
2026-02-06 13:18:43,311|INFO|random_mc2_n7_mid3_d1000_05_mr098_r10_15_uai_GDCC_1e-05_n200_roTrue_s0: PNS(V0,V6) exact: (0.3220170880214336, 0.5255000671372351)
2026-02-06 13:18:43,339|INFO|random_mc2_n9_mid3_d1000_05_mr098_r10_182_uai_GDCC_1e-05_n200_roFalse_s0: Arguments: Namespace(method='GDCC_1e-05', numruns='200', seed='0', output='../results/synthetic/s123/', rewrite=True, removeoutliers=False, filepath=['../models/synthetic/s123/random_mc2_n9_mid3_d1000_05_mr098_r10_182.uai'])
2026-02-06 13:18:43,341|INFO|random_mc2_n6_mid3_d1000_05_mr098_r10_146_uai_GDCC_1e-05_n200_roTrue_s0: Arguments: Namespace(method='GDCC_1e-05', numruns='200', seed='0', output='../results/synthetic/s123/', rewrite=True, removeoutliers=True, filepath=['../models/synthetic/s123/random_mc2_n6_mid3_d1000_05_mr098_r10_146.uai'])
2026-02-06 13:18:43,309|INFO|random_mc2_n9_mid3_d1000_05_mr098_r10_118_uai_GDCC_1e-05_n200_roFalse_s0: Loading model from ../models/synthetic/s123/random_mc2_n9_mid3_d1000_05_mr098_r10_118.uai
2026-02-06 13:18:43,326|INFO|random_mc2_n9_mid3_d1000_05_mr098_r10_118_uai_GDCC_1e-05_n200_roFalse_s0: Loading data from ../models/synthetic/s123/random_mc2_n9_mid3_d1000_05_mr098_r10_118.csv
2026-02-06 13:18:43,339|INFO|random_mc2_n9_mid3_d1000_05_mr098_r10_182_uai_GDCC_1e-05_n200_roFalse_s0: Loading model from ../models/synthetic/s123/random_mc2_n9_mid3_d1000_05_mr098_r10_182.uai
2026-02-06 13:18:43,341|INFO|random_mc2_n6_mid3_d1000_05_mr098_r10_146_uai_GDCC_1e-05_n200_roTrue_s0: Loading model from ../models/synthetic/s123/random_mc2_n6_mid3_d1000_05_mr098_r10_146.uai
2026-02-06 13:18:43,362|INFO|random_mc2_n9_mid3_d1000_05_mr098_r10_182_uai_GDCC_1e-05_n200_roFalse_s0: Loading data from ../models/synthetic/s123/random_mc2_n9_mid3_d1000_05_mr098_r10_182.csv
2026-02-06 13:18:43,356|INFO|random_mc2_n6_mid3_d1000_05_mr098_r10_146_uai_GDCC_1e-05_n200_roTrue_s0: Loading data from ../models/synthetic/s123/random_mc2_n6_mid3_d1000_05_mr098_r10_146.csv
2026-02-06 13:18:43,369|INFO|random_mc2_n6_mid3_d1000_05_mr098_r10_146_uai_GDCC_1e-05_n200_roTrue_s0: PNS(V5,V3) exact: (0.4629754663000001, 0.4943296704000001)
2026-02-06 13:18:46,839|INFO|random_mc2_n6_mid3_d1000_05_mr098_r10_128_uai_GDCC_1e-05_n200_roTrue_s0: Arguments: Namespace(method='GDCC_1e-05', numruns='200', seed='0', output='../results/synthetic/s123/', rewrite=True, removeoutliers=True, filepath=['../models/synthetic/s123/random_mc2_n6_mid3_d1000_05_mr098_r10_128.uai'])
2026-02-06 13:18:46,839|INFO|random_mc2_n6_mid3_d1000_05_mr098_r10_128_uai_GDCC_1e-05_n200_roTrue_s0: Loading model from ../models/synthetic/s123/random_mc2_n6_mid3_d1000_05_mr098_r10_128.uai
2026-02-06 13:18:46,848|INFO|random_mc2_n6_mid3_d1000_05_mr098_r10_128_uai_GDCC_1e-05_n200_roTrue_s0: Loading data from ../models/synthetic/s123/random_mc2_n6_mid3_d1000_05_mr098_r10_128.csv
2026-02-06 13:18:46,859|INFO|random_mc2_n6_mid3_d1000_05_mr098_r10_128_uai_GDCC_1e-05_n200_roTrue_s0: PNS(V0,V4) exact: (0.38097471340495, 0.457162013037466)
2026-02-06 13:18:46,948|INFO|random_mc2_n9_mid3_d1000_05_mr098_r10_146_uai_GDCC_1e-05_n200_roFalse_s0: Arguments: Namespace(method='GDCC_1e-05', numruns='200', seed='0', output='../results/synthetic/s123/', rewrite=True, removeoutliers=False, filepath=['../models/synthetic/s123/random_mc2_n9_mid3_d1000_05_mr098_r10_146.uai'])
2026-02-06 13:18:46,981|INFO|random_mc2_n6_mid3_d1000_05_mr098_r10_136_uai_GDCC_1e-05_n200_roFalse_s0: Arguments: Namespace(method='GDCC_1e-05', numruns='200', seed='0', output='../results/synthetic/s123/', rewrite=True, removeoutliers=False, filepath=['../models/synthetic/s123/random_mc2_n6_mid3_d1000_05_mr098_r10_136.uai'])
2026-02-06 13:18:46,948|INFO|random_mc2_n9_mid3_d1000_05_mr098_r10_146_uai_GDCC_1e-05_n200_roFalse_s0: Loading model from ../models/synthetic/s123/random_mc2_n9_mid3_d1000_05_mr098_r10_146.uai
2026-02-06 13:18:46,976|INFO|random_mc2_n9_mid3_d1000_05_mr098_r10_146_uai_GDCC_1e-05_n200_roFalse_s0: Loading data from ../models/synthetic/s123/random_mc2_n9_mid3_d1000_05_mr098_r10_146.csv
2026-02-06 13:18:46,981|INFO|random_mc2_n6_mid3_d1000_05_mr098_r10_136_uai_GDCC_1e-05_n200_roFalse_s0: Loading model from ../models/synthetic/s123/random_mc2_n6_mid3_d1000_05_mr098_r10_136.uai
2026-02-06 13:18:47,006|INFO|random_mc2_n6_mid3_d1000_05_mr098_r10_136_uai_GDCC_1e-05_n200_roFalse_s0: Loading data from ../models/synthetic/s123/random_mc2_n6_mid3_d1000_05_mr098_r10_136.csv
2026-02-06 13:18:49,071|INFO|random_mc2_n5_mid3_d1000_05_mr098_r10_90_uai_GDCC_1e-05_n200_roFalse_s0: Arguments: Namespace(method='GDCC_1e-05', numruns='200', seed='0', output='../results/synthetic/s123/', rewrite=True, removeoutliers=False, filepath=['../models/synthetic/s123/random_mc2_n5_mid3_d1000_05_mr098_r10_90.uai'])
2026-02-06 13:18:49,106|INFO|random_mc2_n6_mid3_d1000_05_mr098_r10_82_uai_GDCC_1e-05_n200_roTrue_s0: Arguments: Namespace(method='GDCC_1e-05', numruns='200', seed='0', output='../results/synthetic/s123/', rewrite=True, removeoutliers=True, filepath=['../models/synthetic/s123/random_mc2_n6_mid3_d1000_05_mr098_r10_82.uai'])
2026-02-06 13:18:49,071|INFO|random_mc2_n5_mid3_d1000_05_mr098_r10_90_uai_GDCC_1e-05_n200_roFalse_s0: Loading model from ../models/synthetic/s123/random_mc2_n5_mid3_d1000_05_mr098_r10_90.uai
2026-02-06 13:18:49,092|INFO|random_mc2_n5_mid3_d1000_05_mr098_r10_90_uai_GDCC_1e-05_n200_roFalse_s0: Loading data from ../models/synthetic/s123/random_mc2_n5_mid3_d1000_05_mr098_r10_90.csv
2026-02-06 13:18:49,112|INFO|random_mc2_n5_mid3_d1000_05_mr098_r10_90_uai_GDCC_1e-05_n200_roFalse_s0: PNS(V2,V3) exact: (0.70713, 0.8487600000000001)
2026-02-06 13:18:49,106|INFO|random_mc2_n6_mid3_d1000_05_mr098_r10_82_uai_GDCC_1e-05_n200_roTrue_s0: Loading model from ../models/synthetic/s123/random_mc2_n6_mid3_d1000_05_mr098_r10_82.uai
2026-02-06 13:18:49,125|INFO|random_mc2_n6_mid3_d1000_05_mr098_r10_82_uai_GDCC_1e-05_n200_roTrue_s0: Loading data from ../models/synthetic/s123/random_mc2_n6_mid3_d1000_05_mr098_r10_82.csv
2026-02-06 13:18:49,853|INFO|random_mc2_n9_mid3_d1000_05_mr098_r10_166_uai_GDCC_1e-05_n200_roFalse_s0: Arguments: Namespace(method='GDCC_1e-05', numruns='200', seed='0', output='../results/synthetic/s123/', rewrite=True, removeoutliers=False, filepath=['../models/synthetic/s123/random_mc2_n9_mid3_d1000_05_mr098_r10_166.uai'])
2026-02-06 13:18:49,853|INFO|random_mc2_n9_mid3_d1000_05_mr098_r10_166_uai_GDCC_1e-05_n200_roFalse_s0: Loading model from ../models/synthetic/s123/random_mc2_n9_mid3_d1000_05_mr098_r10_166.uai
2026-02-06 13:18:49,880|INFO|random_mc2_n9_mid3_d1000_05_mr098_r10_166_uai_GDCC_1e-05_n200_roFalse_s0: Loading data from ../models/synthetic/s123/random_mc2_n9_mid3_d1000_05_mr098_r10_166.csv
2026-02-06 13:18:49,903|INFO|random_mc2_n9_mid3_d1000_05_mr098_r10_200_uai_GDCC_1e-05_n200_roFalse_s0: Arguments: Namespace(method='GDCC_1e-05', numruns='200', seed='0', output='../results/synthetic/s123/', rewrite=True, removeoutliers=False, filepath=['../models/synthetic/s123/random_mc2_n9_mid3_d1000_05_mr098_r10_200.uai'])
2026-02-06 13:18:49,903|INFO|random_mc2_n9_mid3_d1000_05_mr098_r10_200_uai_GDCC_1e-05_n200_roFalse_s0: Loading model from ../models/synthetic/s123/random_mc2_n9_mid3_d1000_05_mr098_r10_200.uai
2026-02-06 13:18:49,920|INFO|random_mc2_n9_mid3_d1000_05_mr098_r10_200_uai_GDCC_1e-05_n200_roFalse_s0: Loading data from ../models/synthetic/s123/random_mc2_n9_mid3_d1000_05_mr098_r10_200.csv
2026-02-06 13:18:49,934|INFO|random_mc2_n9_mid3_d1000_05_mr098_r10_200_uai_GDCC_1e-05_n200_roFalse_s0: PNS(V3,V7) exact: (0.391618276478432, 0.4586153655851721)
2026-02-06 13:18:50,094|INFO|random_mc2_n8_mid3_d1000_05_mr098_r10_116_uai_GDCC_1e-05_n200_roTrue_s0: Arguments: Namespace(method='GDCC_1e-05', numruns='200', seed='0', output='../results/synthetic/s123/', rewrite=True, removeoutliers=True, filepath=['../models/synthetic/s123/random_mc2_n8_mid3_d1000_05_mr098_r10_116.uai'])
2026-02-06 13:18:50,112|INFO|random_mc2_n7_mid3_d1000_05_mr098_r10_153_uai_GDCC_1e-05_n200_roFalse_s0: Arguments: Namespace(method='GDCC_1e-05', numruns='200', seed='0', output='../results/synthetic/s123/', rewrite=True, removeoutliers=False, filepath=['../models/synthetic/s123/random_mc2_n7_mid3_d1000_05_mr098_r10_153.uai'])
2026-02-06 13:18:50,094|INFO|random_mc2_n8_mid3_d1000_05_mr098_r10_116_uai_GDCC_1e-05_n200_roTrue_s0: Loading model from ../models/synthetic/s123/random_mc2_n8_mid3_d1000_05_mr098_r10_116.uai
2026-02-06 13:18:50,119|INFO|random_mc2_n8_mid3_d1000_05_mr098_r10_116_uai_GDCC_1e-05_n200_roTrue_s0: Loading data from ../models/synthetic/s123/random_mc2_n8_mid3_d1000_05_mr098_r10_116.csv
2026-02-06 13:18:50,112|INFO|random_mc2_n7_mid3_d1000_05_mr098_r10_153_uai_GDCC_1e-05_n200_roFalse_s0: Loading model from ../models/synthetic/s123/random_mc2_n7_mid3_d1000_05_mr098_r10_153.uai
2026-02-06 13:18:50,125|INFO|random_mc2_n7_mid3_d1000_05_mr098_r10_153_uai_GDCC_1e-05_n200_roFalse_s0: Loading data from ../models/synthetic/s123/random_mc2_n7_mid3_d1000_05_mr098_r10_153.csv
2026-02-06 13:18:50,157|INFO|random_mc2_n5_mid3_d1000_05_mr098_r10_180_uai_GDCC_1e-05_n200_roFalse_s0: Arguments: Namespace(method='GDCC_1e-05', numruns='200', seed='0', output='../results/synthetic/s123/', rewrite=True, removeoutliers=False, filepath=['../models/synthetic/s123/random_mc2_n5_mid3_d1000_05_mr098_r10_180.uai'])
2026-02-06 13:18:50,171|INFO|random_mc2_n5_mid3_d1000_05_mr098_r10_90_uai_GDCC_1e-05_n200_roTrue_s0: Arguments: Namespace(method='GDCC_1e-05', numruns='200', seed='0', output='../results/synthetic/s123/', rewrite=True, removeoutliers=True, filepath=['../models/synthetic/s123/random_mc2_n5_mid3_d1000_05_mr098_r10_90.uai'])
2026-02-06 13:18:50,157|INFO|random_mc2_n5_mid3_d1000_05_mr098_r10_180_uai_GDCC_1e-05_n200_roFalse_s0: Loading model from ../models/synthetic/s123/random_mc2_n5_mid3_d1000_05_mr098_r10_180.uai
2026-02-06 13:18:50,163|INFO|random_mc2_n5_mid3_d1000_05_mr098_r10_180_uai_GDCC_1e-05_n200_roFalse_s0: Loading data from ../models/synthetic/s123/random_mc2_n5_mid3_d1000_05_mr098_r10_180.csv
2026-02-06 13:18:50,171|INFO|random_mc2_n5_mid3_d1000_05_mr098_r10_90_uai_GDCC_1e-05_n200_roTrue_s0: Loading model from ../models/synthetic/s123/random_mc2_n5_mid3_d1000_05_mr098_r10_90.uai
2026-02-06 13:18:50,182|INFO|random_mc2_n5_mid3_d1000_05_mr098_r10_90_uai_GDCC_1e-05_n200_roTrue_s0: Loading data from ../models/synthetic/s123/random_mc2_n5_mid3_d1000_05_mr098_r10_90.csv
2026-02-06 13:18:50,197|INFO|random_mc2_n5_mid3_d1000_05_mr098_r10_90_uai_GDCC_1e-05_n200_roTrue_s0: PNS(V2,V3) exact: (0.70713, 0.8487600000000001)
2026-02-06 13:18:50,274|INFO|random_mc2_n7_mid3_d1000_05_mr098_r10_80_uai_GDCC_1e-05_n200_roTrue_s0: Arguments: Namespace(method='GDCC_1e-05', numruns='200', seed='0', output='../results/synthetic/s123/', rewrite=True, removeoutliers=True, filepath=['../models/synthetic/s123/random_mc2_n7_mid3_d1000_05_mr098_r10_80.uai'])
2026-02-06 13:18:50,289|INFO|random_mc2_n7_mid3_d1000_05_mr098_r10_97_uai_GDCC_1e-05_n200_roTrue_s0: Arguments: Namespace(method='GDCC_1e-05', numruns='200', seed='0', output='../results/synthetic/s123/', rewrite=True, removeoutliers=True, filepath=['../models/synthetic/s123/random_mc2_n7_mid3_d1000_05_mr098_r10_97.uai'])
2026-02-06 13:18:50,274|INFO|random_mc2_n7_mid3_d1000_05_mr098_r10_80_uai_GDCC_1e-05_n200_roTrue_s0: Loading model from ../models/synthetic/s123/random_mc2_n7_mid3_d1000_05_mr098_r10_80.uai
2026-02-06 13:18:50,293|INFO|random_mc2_n7_mid3_d1000_05_mr098_r10_80_uai_GDCC_1e-05_n200_roTrue_s0: Loading data from ../models/synthetic/s123/random_mc2_n7_mid3_d1000_05_mr098_r10_80.csv
2026-02-06 13:18:50,307|INFO|random_mc2_n7_mid3_d1000_05_mr098_r10_80_uai_GDCC_1e-05_n200_roTrue_s0: PNS(V0,V6) exact: (0.03946968674409, 0.2126297216363641)
2026-02-06 13:18:50,290|INFO|random_mc2_n7_mid3_d1000_05_mr098_r10_97_uai_GDCC_1e-05_n200_roTrue_s0: Loading model from ../models/synthetic/s123/random_mc2_n7_mid3_d1000_05_mr098_r10_97.uai
2026-02-06 13:18:50,316|INFO|random_mc2_n7_mid3_d1000_05_mr098_r10_97_uai_GDCC_1e-05_n200_roTrue_s0: Loading data from ../models/synthetic/s123/random_mc2_n7_mid3_d1000_05_mr098_r10_97.csv
2026-02-06 13:18:50,331|INFO|random_mc2_n7_mid3_d1000_05_mr098_r10_97_uai_GDCC_1e-05_n200_roTrue_s0: PNS(V4,V6) exact: (0.0215633261719529, 0.03488625941917)
2026-02-06 13:18:51,912|INFO|random_mc2_n6_mid3_d1000_05_mr098_r10_68_uai_GDCC_1e-05_n200_roFalse_s0: Arguments: Namespace(method='GDCC_1e-05', numruns='200', seed='0', output='../results/synthetic/s123/', rewrite=True, removeoutliers=False, filepath=['../models/synthetic/s123/random_mc2_n6_mid3_d1000_05_mr098_r10_68.uai'])
2026-02-06 13:18:51,917|INFO|random_mc2_n7_mid3_d1000_05_mr098_r10_159_uai_GDCC_1e-05_n200_roFalse_s0: Arguments: Namespace(method='GDCC_1e-05', numruns='200', seed='0', output='../results/synthetic/s123/', rewrite=True, removeoutliers=False, filepath=['../models/synthetic/s123/random_mc2_n7_mid3_d1000_05_mr098_r10_159.uai'])
2026-02-06 13:18:51,921|INFO|random_mc2_n5_mid3_d1000_05_mr098_r10_132_uai_GDCC_1e-05_n200_roFalse_s0: Arguments: Namespace(method='GDCC_1e-05', numruns='200', seed='0', output='../results/synthetic/s123/', rewrite=True, removeoutliers=False, filepath=['../models/synthetic/s123/random_mc2_n5_mid3_d1000_05_mr098_r10_132.uai'])
2026-02-06 13:18:51,912|INFO|random_mc2_n6_mid3_d1000_05_mr098_r10_68_uai_GDCC_1e-05_n200_roFalse_s0: Loading model from ../models/synthetic/s123/random_mc2_n6_mid3_d1000_05_mr098_r10_68.uai
2026-02-06 13:18:51,927|INFO|random_mc2_n6_mid3_d1000_05_mr098_r10_68_uai_GDCC_1e-05_n200_roFalse_s0: Loading data from ../models/synthetic/s123/random_mc2_n6_mid3_d1000_05_mr098_r10_68.csv
2026-02-06 13:18:51,945|INFO|random_mc2_n6_mid3_d1000_05_mr098_r10_68_uai_GDCC_1e-05_n200_roFalse_s0: PNS(V0,V1) exact: (0.0, 0.1486868319875199)
2026-02-06 13:18:51,917|INFO|random_mc2_n7_mid3_d1000_05_mr098_r10_159_uai_GDCC_1e-05_n200_roFalse_s0: Loading model from ../models/synthetic/s123/random_mc2_n7_mid3_d1000_05_mr098_r10_159.uai
2026-02-06 13:18:51,936|INFO|random_mc2_n7_mid3_d1000_05_mr098_r10_159_uai_GDCC_1e-05_n200_roFalse_s0: Loading data from ../models/synthetic/s123/random_mc2_n7_mid3_d1000_05_mr098_r10_159.csv
2026-02-06 13:18:51,921|INFO|random_mc2_n5_mid3_d1000_05_mr098_r10_132_uai_GDCC_1e-05_n200_roFalse_s0: Loading model from ../models/synthetic/s123/random_mc2_n5_mid3_d1000_05_mr098_r10_132.uai
2026-02-06 13:18:51,928|INFO|random_mc2_n5_mid3_d1000_05_mr098_r10_132_uai_GDCC_1e-05_n200_roFalse_s0: Loading data from ../models/synthetic/s123/random_mc2_n5_mid3_d1000_05_mr098_r10_132.csv
2026-02-06 13:18:51,945|INFO|random_mc2_n5_mid3_d1000_05_mr098_r10_132_uai_GDCC_1e-05_n200_roFalse_s0: PNS(V0,V2) exact: (0.0, 0.0)
2026-02-06 13:18:51,945|ERROR|random_mc2_n5_mid3_d1000_05_mr098_r10_132_uai_GDCC_1e-05_n200_roFalse_s0: Model does not have any cause-effect path.
2026-02-06 13:18:51,970|INFO|random_mc2_n7_mid3_d1000_05_mr098_r10_22_uai_GDCC_1e-05_n200_roFalse_s0: Arguments: Namespace(method='GDCC_1e-05', numruns='200', seed='0', output='../results/synthetic/s123/', rewrite=True, removeoutliers=False, filepath=['../models/synthetic/s123/random_mc2_n7_mid3_d1000_05_mr098_r10_22.uai'])
2026-02-06 13:18:51,970|INFO|random_mc2_n7_mid3_d1000_05_mr098_r10_22_uai_GDCC_1e-05_n200_roFalse_s0: Loading model from ../models/synthetic/s123/random_mc2_n7_mid3_d1000_05_mr098_r10_22.uai
2026-02-06 13:18:51,988|INFO|random_mc2_n7_mid3_d1000_05_mr098_r10_22_uai_GDCC_1e-05_n200_roFalse_s0: Loading data from ../models/synthetic/s123/random_mc2_n7_mid3_d1000_05_mr098_r10_22.csv
2026-02-06 13:18:52,008|INFO|random_mc2_n7_mid3_d1000_05_mr098_r10_22_uai_GDCC_1e-05_n200_roFalse_s0: PNS(V1,V0) exact: (0.4818094928831341, 0.6444694971595442)
2026-02-06 13:18:52,054|INFO|random_mc2_n7_mid3_d1000_05_mr098_r10_60_uai_GDCC_1e-05_n200_roFalse_s0: Arguments: Namespace(method='GDCC_1e-05', numruns='200', seed='0', output='../results/synthetic/s123/', rewrite=True, removeoutliers=False, filepath=['../models/synthetic/s123/random_mc2_n7_mid3_d1000_05_mr098_r10_60.uai'])
2026-02-06 13:18:52,054|INFO|random_mc2_n7_mid3_d1000_05_mr098_r10_60_uai_GDCC_1e-05_n200_roFalse_s0: Loading model from ../models/synthetic/s123/random_mc2_n7_mid3_d1000_05_mr098_r10_60.uai
2026-02-06 13:18:52,073|INFO|random_mc2_n7_mid3_d1000_05_mr098_r10_60_uai_GDCC_1e-05_n200_roFalse_s0: Loading data from ../models/synthetic/s123/random_mc2_n7_mid3_d1000_05_mr098_r10_60.csv
2026-02-06 13:18:52,228|INFO|random_mc2_n8_mid3_d1000_05_mr098_r10_32_uai_GDCC_1e-05_n200_roFalse_s0: Arguments: Namespace(method='GDCC_1e-05', numruns='200', seed='0', output='../results/synthetic/s123/', rewrite=True, removeoutliers=False, filepath=['../models/synthetic/s123/random_mc2_n8_mid3_d1000_05_mr098_r10_32.uai'])
2026-02-06 13:18:52,228|INFO|random_mc2_n8_mid3_d1000_05_mr098_r10_32_uai_GDCC_1e-05_n200_roFalse_s0: Loading model from ../models/synthetic/s123/random_mc2_n8_mid3_d1000_05_mr098_r10_32.uai
2026-02-06 13:18:52,262|INFO|random_mc2_n8_mid3_d1000_05_mr098_r10_32_uai_GDCC_1e-05_n200_roFalse_s0: Loading data from ../models/synthetic/s123/random_mc2_n8_mid3_d1000_05_mr098_r10_32.csv
2026-02-06 13:18:56,775|INFO|random_mc2_n5_mid3_d1000_05_mr098_r10_162_uai_GDCC_1e-05_n200_roTrue_s0: Arguments: Namespace(method='GDCC_1e-05', numruns='200', seed='0', output='../results/synthetic/s123/', rewrite=True, removeoutliers=True, filepath=['../models/synthetic/s123/random_mc2_n5_mid3_d1000_05_mr098_r10_162.uai'])
2026-02-06 13:18:56,776|INFO|random_mc2_n5_mid3_d1000_05_mr098_r10_162_uai_GDCC_1e-05_n200_roTrue_s0: Loading model from ../models/synthetic/s123/random_mc2_n5_mid3_d1000_05_mr098_r10_162.uai
2026-02-06 13:18:56,781|INFO|random_mc2_n5_mid3_d1000_05_mr098_r10_162_uai_GDCC_1e-05_n200_roTrue_s0: Loading data from ../models/synthetic/s123/random_mc2_n5_mid3_d1000_05_mr098_r10_162.csv
2026-02-06 13:18:56,792|INFO|random_mc2_n5_mid3_d1000_05_mr098_r10_162_uai_GDCC_1e-05_n200_roTrue_s0: PNS(V3,V1) exact: (0.02702942159625, 0.05577743562975)
2026-02-06 13:18:57,401|INFO|random_mc2_n8_mid3_d1000_05_mr098_r10_191_uai_GDCC_1e-05_n200_roFalse_s0: Arguments: Namespace(method='GDCC_1e-05', numruns='200', seed='0', output='../results/synthetic/s123/', rewrite=True, removeoutliers=False, filepath=['../models/synthetic/s123/random_mc2_n8_mid3_d1000_05_mr098_r10_191.uai'])
2026-02-06 13:18:57,401|INFO|random_mc2_n8_mid3_d1000_05_mr098_r10_191_uai_GDCC_1e-05_n200_roFalse_s0: Loading model from ../models/synthetic/s123/random_mc2_n8_mid3_d1000_05_mr098_r10_191.uai
2026-02-06 13:18:57,432|INFO|random_mc2_n8_mid3_d1000_05_mr098_r10_191_uai_GDCC_1e-05_n200_roFalse_s0: Loading data from ../models/synthetic/s123/random_mc2_n8_mid3_d1000_05_mr098_r10_191.csv
2026-02-06 13:18:57,465|INFO|random_mc2_n8_mid3_d1000_05_mr098_r10_191_uai_GDCC_1e-05_n200_roFalse_s0: PNS(V0,V7) exact: (0.2271504888, 0.2985032774)
2026-02-06 13:18:57,710|INFO|random_mc2_n9_mid3_d1000_05_mr098_r10_132_uai_GDCC_1e-05_n200_roTrue_s0: Arguments: Namespace(method='GDCC_1e-05', numruns='200', seed='0', output='../results/synthetic/s123/', rewrite=True, removeoutliers=True, filepath=['../models/synthetic/s123/random_mc2_n9_mid3_d1000_05_mr098_r10_132.uai'])
2026-02-06 13:18:57,710|INFO|random_mc2_n9_mid3_d1000_05_mr098_r10_132_uai_GDCC_1e-05_n200_roTrue_s0: Loading model from ../models/synthetic/s123/random_mc2_n9_mid3_d1000_05_mr098_r10_132.uai
2026-02-06 13:18:57,813|INFO|random_mc2_n6_mid3_d1000_05_mr098_r10_195_uai_GDCC_1e-05_n200_roFalse_s0: Arguments: Namespace(method='GDCC_1e-05', numruns='200', seed='0', output='../results/synthetic/s123/', rewrite=True, removeoutliers=False, filepath=['../models/synthetic/s123/random_mc2_n6_mid3_d1000_05_mr098_r10_195.uai'])
2026-02-06 13:18:57,813|INFO|random_mc2_n6_mid3_d1000_05_mr098_r10_195_uai_GDCC_1e-05_n200_roFalse_s0: Loading model from ../models/synthetic/s123/random_mc2_n6_mid3_d1000_05_mr098_r10_195.uai
2026-02-06 13:18:57,822|INFO|random_mc2_n6_mid3_d1000_05_mr098_r10_195_uai_GDCC_1e-05_n200_roFalse_s0: Loading data from ../models/synthetic/s123/random_mc2_n6_mid3_d1000_05_mr098_r10_195.csv
2026-02-06 13:18:57,839|INFO|random_mc2_n6_mid3_d1000_05_mr098_r10_195_uai_GDCC_1e-05_n200_roFalse_s0: PNS(V1,V5) exact: (0.3611165594, 0.4092761430999999)
2026-02-06 13:18:57,933|INFO|random_mc2_n9_mid3_d1000_05_mr098_r10_132_uai_GDCC_1e-05_n200_roTrue_s0: Loading data from ../models/synthetic/s123/random_mc2_n9_mid3_d1000_05_mr098_r10_132.csv
2026-02-06 13:18:58,449|INFO|random_mc2_n5_mid3_d1000_05_mr098_r10_47_uai_GDCC_1e-05_n200_roFalse_s0: Arguments: Namespace(method='GDCC_1e-05', numruns='200', seed='0', output='../results/synthetic/s123/', rewrite=True, removeoutliers=False, filepath=['../models/synthetic/s123/random_mc2_n5_mid3_d1000_05_mr098_r10_47.uai'])
2026-02-06 13:18:58,449|INFO|random_mc2_n5_mid3_d1000_05_mr098_r10_47_uai_GDCC_1e-05_n200_roFalse_s0: Loading model from ../models/synthetic/s123/random_mc2_n5_mid3_d1000_05_mr098_r10_47.uai
2026-02-06 13:18:58,462|INFO|random_mc2_n5_mid3_d1000_05_mr098_r10_47_uai_GDCC_1e-05_n200_roFalse_s0: Loading data from ../models/synthetic/s123/random_mc2_n5_mid3_d1000_05_mr098_r10_47.csv
2026-02-06 13:18:58,482|INFO|random_mc2_n5_mid3_d1000_05_mr098_r10_47_uai_GDCC_1e-05_n200_roFalse_s0: PNS(V2,V3) exact: (0.1161899999999999, 0.1161899999999999)
2026-02-06 13:18:58,492|INFO|random_mc2_n5_mid3_d1000_05_mr098_r10_62_uai_GDCC_1e-05_n200_roTrue_s0: Arguments: Namespace(method='GDCC_1e-05', numruns='200', seed='0', output='../results/synthetic/s123/', rewrite=True, removeoutliers=True, filepath=['../models/synthetic/s123/random_mc2_n5_mid3_d1000_05_mr098_r10_62.uai'])
2026-02-06 13:18:58,492|INFO|random_mc2_n5_mid3_d1000_05_mr098_r10_62_uai_GDCC_1e-05_n200_roTrue_s0: Loading model from ../models/synthetic/s123/random_mc2_n5_mid3_d1000_05_mr098_r10_62.uai
2026-02-06 13:18:58,501|INFO|random_mc2_n5_mid3_d1000_05_mr098_r10_62_uai_GDCC_1e-05_n200_roTrue_s0: Loading data from ../models/synthetic/s123/random_mc2_n5_mid3_d1000_05_mr098_r10_62.csv
2026-02-06 13:18:58,515|INFO|random_mc2_n5_mid3_d1000_05_mr098_r10_62_uai_GDCC_1e-05_n200_roTrue_s0: PNS(V2,V4) exact: (0.0, 0.13103)
2026-02-06 13:18:58,675|INFO|random_mc2_n8_mid3_d1000_05_mr098_r10_28_uai_GDCC_1e-05_n200_roFalse_s0: Arguments: Namespace(method='GDCC_1e-05', numruns='200', seed='0', output='../results/synthetic/s123/', rewrite=True, removeoutliers=False, filepath=['../models/synthetic/s123/random_mc2_n8_mid3_d1000_05_mr098_r10_28.uai'])
2026-02-06 13:18:58,675|INFO|random_mc2_n8_mid3_d1000_05_mr098_r10_28_uai_GDCC_1e-05_n200_roFalse_s0: Loading model from ../models/synthetic/s123/random_mc2_n8_mid3_d1000_05_mr098_r10_28.uai
2026-02-06 13:18:58,918|INFO|random_mc2_n8_mid3_d1000_05_mr098_r10_28_uai_GDCC_1e-05_n200_roFalse_s0: Loading data from ../models/synthetic/s123/random_mc2_n8_mid3_d1000_05_mr098_r10_28.csv
2026-02-06 13:19:00,435|INFO|random_mc2_n5_mid3_d1000_05_mr098_r10_153_uai_GDCC_1e-05_n200_roTrue_s0: Arguments: Namespace(method='GDCC_1e-05', numruns='200', seed='0', output='../results/synthetic/s123/', rewrite=True, removeoutliers=True, filepath=['../models/synthetic/s123/random_mc2_n5_mid3_d1000_05_mr098_r10_153.uai'])
2026-02-06 13:19:00,452|INFO|random_mc2_n5_mid3_d1000_05_mr098_r10_75_uai_GDCC_1e-05_n200_roTrue_s0: Arguments: Namespace(method='GDCC_1e-05', numruns='200', seed='0', output='../results/synthetic/s123/', rewrite=True, removeoutliers=True, filepath=['../models/synthetic/s123/random_mc2_n5_mid3_d1000_05_mr098_r10_75.uai'])
2026-02-06 13:19:00,459|INFO|random_mc2_n5_mid3_d1000_05_mr098_r10_200_uai_GDCC_1e-05_n200_roFalse_s0: Arguments: Namespace(method='GDCC_1e-05', numruns='200', seed='0', output='../results/synthetic/s123/', rewrite=True, removeoutliers=False, filepath=['../models/synthetic/s123/random_mc2_n5_mid3_d1000_05_mr098_r10_200.uai'])
2026-02-06 13:19:00,435|INFO|random_mc2_n5_mid3_d1000_05_mr098_r10_153_uai_GDCC_1e-05_n200_roTrue_s0: Loading model from ../models/synthetic/s123/random_mc2_n5_mid3_d1000_05_mr098_r10_153.uai
2026-02-06 13:19:00,455|INFO|random_mc2_n5_mid3_d1000_05_mr098_r10_153_uai_GDCC_1e-05_n200_roTrue_s0: Loading data from ../models/synthetic/s123/random_mc2_n5_mid3_d1000_05_mr098_r10_153.csv
2026-02-06 13:19:00,473|INFO|random_mc2_n5_mid3_d1000_05_mr098_r10_153_uai_GDCC_1e-05_n200_roTrue_s0: PNS(V3,V2) exact: (0.014386402, 0.118614199)
2026-02-06 13:19:00,453|INFO|random_mc2_n5_mid3_d1000_05_mr098_r10_75_uai_GDCC_1e-05_n200_roTrue_s0: Loading model from ../models/synthetic/s123/random_mc2_n5_mid3_d1000_05_mr098_r10_75.uai
2026-02-06 13:19:00,459|INFO|random_mc2_n5_mid3_d1000_05_mr098_r10_200_uai_GDCC_1e-05_n200_roFalse_s0: Loading model from ../models/synthetic/s123/random_mc2_n5_mid3_d1000_05_mr098_r10_200.uai
2026-02-06 13:19:00,463|INFO|random_mc2_n5_mid3_d1000_05_mr098_r10_75_uai_GDCC_1e-05_n200_roTrue_s0: Loading data from ../models/synthetic/s123/random_mc2_n5_mid3_d1000_05_mr098_r10_75.csv
2026-02-06 13:19:00,483|INFO|random_mc2_n5_mid3_d1000_05_mr098_r10_75_uai_GDCC_1e-05_n200_roTrue_s0: PNS(V1,V0) exact: (0.0, 0.0820279325)
2026-02-06 13:19:00,562|INFO|random_mc2_n5_mid3_d1000_05_mr098_r10_200_uai_GDCC_1e-05_n200_roFalse_s0: Loading data from ../models/synthetic/s123/random_mc2_n5_mid3_d1000_05_mr098_r10_200.csv
2026-02-06 13:19:01,560|INFO|random_mc2_n9_mid3_d1000_05_mr098_r10_163_uai_GDCC_1e-05_n200_roFalse_s0: Arguments: Namespace(method='GDCC_1e-05', numruns='200', seed='0', output='../results/synthetic/s123/', rewrite=True, removeoutliers=False, filepath=['../models/synthetic/s123/random_mc2_n9_mid3_d1000_05_mr098_r10_163.uai'])
2026-02-06 13:19:01,560|INFO|random_mc2_n9_mid3_d1000_05_mr098_r10_163_uai_GDCC_1e-05_n200_roFalse_s0: Loading model from ../models/synthetic/s123/random_mc2_n9_mid3_d1000_05_mr098_r10_163.uai
2026-02-06 13:19:01,605|INFO|random_mc2_n9_mid3_d1000_05_mr098_r10_163_uai_GDCC_1e-05_n200_roFalse_s0: Loading data from ../models/synthetic/s123/random_mc2_n9_mid3_d1000_05_mr098_r10_163.csv
2026-02-06 13:19:01,768|INFO|random_mc2_n6_mid3_d1000_05_mr098_r10_119_uai_GDCC_1e-05_n200_roTrue_s0: Arguments: Namespace(method='GDCC_1e-05', numruns='200', seed='0', output='../results/synthetic/s123/', rewrite=True, removeoutliers=True, filepath=['../models/synthetic/s123/random_mc2_n6_mid3_d1000_05_mr098_r10_119.uai'])
2026-02-06 13:19:01,769|INFO|random_mc2_n6_mid3_d1000_05_mr098_r10_119_uai_GDCC_1e-05_n200_roTrue_s0: Loading model from ../models/synthetic/s123/random_mc2_n6_mid3_d1000_05_mr098_r10_119.uai
2026-02-06 13:19:01,785|INFO|random_mc2_n6_mid3_d1000_05_mr098_r10_119_uai_GDCC_1e-05_n200_roTrue_s0: Loading data from ../models/synthetic/s123/random_mc2_n6_mid3_d1000_05_mr098_r10_119.csv
2026-02-06 13:19:01,811|INFO|random_mc2_n6_mid3_d1000_05_mr098_r10_101_uai_GDCC_1e-05_n200_roFalse_s0: Arguments: Namespace(method='GDCC_1e-05', numruns='200', seed='0', output='../results/synthetic/s123/', rewrite=True, removeoutliers=False, filepath=['../models/synthetic/s123/random_mc2_n6_mid3_d1000_05_mr098_r10_101.uai'])
2026-02-06 13:19:01,811|INFO|random_mc2_n6_mid3_d1000_05_mr098_r10_101_uai_GDCC_1e-05_n200_roFalse_s0: Loading model from ../models/synthetic/s123/random_mc2_n6_mid3_d1000_05_mr098_r10_101.uai
2026-02-06 13:19:01,833|INFO|random_mc2_n6_mid3_d1000_05_mr098_r10_101_uai_GDCC_1e-05_n200_roFalse_s0: Loading data from ../models/synthetic/s123/random_mc2_n6_mid3_d1000_05_mr098_r10_101.csv
2026-02-06 13:19:01,906|INFO|random_mc2_n5_mid3_d1000_05_mr098_r10_44_uai_GDCC_1e-05_n200_roFalse_s0: Arguments: Namespace(method='GDCC_1e-05', numruns='200', seed='0', output='../results/synthetic/s123/', rewrite=True, removeoutliers=False, filepath=['../models/synthetic/s123/random_mc2_n5_mid3_d1000_05_mr098_r10_44.uai'])
2026-02-06 13:19:01,906|INFO|random_mc2_n5_mid3_d1000_05_mr098_r10_44_uai_GDCC_1e-05_n200_roFalse_s0: Loading model from ../models/synthetic/s123/random_mc2_n5_mid3_d1000_05_mr098_r10_44.uai
2026-02-06 13:19:01,923|INFO|random_mc2_n5_mid3_d1000_05_mr098_r10_44_uai_GDCC_1e-05_n200_roFalse_s0: Loading data from ../models/synthetic/s123/random_mc2_n5_mid3_d1000_05_mr098_r10_44.csv
2026-02-06 13:19:01,938|INFO|random_mc2_n5_mid3_d1000_05_mr098_r10_44_uai_GDCC_1e-05_n200_roFalse_s0: PNS(V1,V3) exact: (0.01686, 0.02828)
2026-02-06 13:19:02,029|INFO|random_mc2_n5_mid3_d1000_05_mr098_r10_83_uai_GDCC_1e-05_n200_roTrue_s0: Arguments: Namespace(method='GDCC_1e-05', numruns='200', seed='0', output='../results/synthetic/s123/', rewrite=True, removeoutliers=True, filepath=['../models/synthetic/s123/random_mc2_n5_mid3_d1000_05_mr098_r10_83.uai'])
2026-02-06 13:19:02,054|INFO|random_mc2_n5_mid3_d1000_05_mr098_r10_165_uai_GDCC_1e-05_n200_roFalse_s0: Arguments: Namespace(method='GDCC_1e-05', numruns='200', seed='0', output='../results/synthetic/s123/', rewrite=True, removeoutliers=False, filepath=['../models/synthetic/s123/random_mc2_n5_mid3_d1000_05_mr098_r10_165.uai'])
2026-02-06 13:19:02,056|INFO|random_mc2_n9_mid3_d1000_05_mr098_r10_119_uai_GDCC_1e-05_n200_roFalse_s0: Arguments: Namespace(method='GDCC_1e-05', numruns='200', seed='0', output='../results/synthetic/s123/', rewrite=True, removeoutliers=False, filepath=['../models/synthetic/s123/random_mc2_n9_mid3_d1000_05_mr098_r10_119.uai'])
2026-02-06 13:19:02,030|INFO|random_mc2_n5_mid3_d1000_05_mr098_r10_83_uai_GDCC_1e-05_n200_roTrue_s0: Loading model from ../models/synthetic/s123/random_mc2_n5_mid3_d1000_05_mr098_r10_83.uai
2026-02-06 13:19:02,044|INFO|random_mc2_n5_mid3_d1000_05_mr098_r10_83_uai_GDCC_1e-05_n200_roTrue_s0: Loading data from ../models/synthetic/s123/random_mc2_n5_mid3_d1000_05_mr098_r10_83.csv
2026-02-06 13:19:02,054|INFO|random_mc2_n5_mid3_d1000_05_mr098_r10_165_uai_GDCC_1e-05_n200_roFalse_s0: Loading model from ../models/synthetic/s123/random_mc2_n5_mid3_d1000_05_mr098_r10_165.uai
2026-02-06 13:19:02,069|INFO|random_mc2_n5_mid3_d1000_05_mr098_r10_165_uai_GDCC_1e-05_n200_roFalse_s0: Loading data from ../models/synthetic/s123/random_mc2_n5_mid3_d1000_05_mr098_r10_165.csv
2026-02-06 13:19:02,056|INFO|random_mc2_n9_mid3_d1000_05_mr098_r10_119_uai_GDCC_1e-05_n200_roFalse_s0: Loading model from ../models/synthetic/s123/random_mc2_n9_mid3_d1000_05_mr098_r10_119.uai
2026-02-06 13:19:02,085|INFO|random_mc2_n5_mid3_d1000_05_mr098_r10_165_uai_GDCC_1e-05_n200_roFalse_s0: PNS(V1,V2) exact: (0.93297, 0.93333)
2026-02-06 13:19:02,072|INFO|random_mc2_n9_mid3_d1000_05_mr098_r10_119_uai_GDCC_1e-05_n200_roFalse_s0: Loading data from ../models/synthetic/s123/random_mc2_n9_mid3_d1000_05_mr098_r10_119.csv
2026-02-06 13:19:02,087|INFO|random_mc2_n9_mid3_d1000_05_mr098_r10_119_uai_GDCC_1e-05_n200_roFalse_s0: PNS(V0,V8) exact: (0.0742677176, 0.0951852808999999)
2026-02-06 13:19:03,943|INFO|random_mc2_n6_mid3_d1000_05_mr098_r10_1_uai_GDCC_1e-05_n200_roTrue_s0: Arguments: Namespace(method='GDCC_1e-05', numruns='200', seed='0', output='../results/synthetic/s123/', rewrite=True, removeoutliers=True, filepath=['../models/synthetic/s123/random_mc2_n6_mid3_d1000_05_mr098_r10_1.uai'])
2026-02-06 13:19:03,944|INFO|random_mc2_n6_mid3_d1000_05_mr098_r10_1_uai_GDCC_1e-05_n200_roTrue_s0: Loading model from ../models/synthetic/s123/random_mc2_n6_mid3_d1000_05_mr098_r10_1.uai
2026-02-06 13:19:03,994|INFO|random_mc2_n6_mid3_d1000_05_mr098_r10_1_uai_GDCC_1e-05_n200_roTrue_s0: Loading data from ../models/synthetic/s123/random_mc2_n6_mid3_d1000_05_mr098_r10_1.csv
2026-02-06 13:19:04,011|INFO|random_mc2_n6_mid3_d1000_05_mr098_r10_1_uai_GDCC_1e-05_n200_roTrue_s0: PNS(V1,V5) exact: (0.4916268825, 0.6244381053000002)
2026-02-06 13:19:07,274|INFO|random_mc2_n6_mid3_d1000_05_mr098_r10_1_uai_GDCC_1e-05_n200_roFalse_s0: Arguments: Namespace(method='GDCC_1e-05', numruns='200', seed='0', output='../results/synthetic/s123/', rewrite=True, removeoutliers=False, filepath=['../models/synthetic/s123/random_mc2_n6_mid3_d1000_05_mr098_r10_1.uai'])
2026-02-06 13:19:07,274|INFO|random_mc2_n6_mid3_d1000_05_mr098_r10_1_uai_GDCC_1e-05_n200_roFalse_s0: Loading model from ../models/synthetic/s123/random_mc2_n6_mid3_d1000_05_mr098_r10_1.uai
2026-02-06 13:19:07,292|INFO|random_mc2_n6_mid3_d1000_05_mr098_r10_1_uai_GDCC_1e-05_n200_roFalse_s0: Loading data from ../models/synthetic/s123/random_mc2_n6_mid3_d1000_05_mr098_r10_1.csv
2026-02-06 13:19:07,301|INFO|random_mc2_n6_mid3_d1000_05_mr098_r10_1_uai_GDCC_1e-05_n200_roFalse_s0: PNS(V1,V5) exact: (0.4916268825, 0.6244381053000002)
2026-02-06 13:19:13,094|INFO|random_mc2_n7_mid3_d1000_05_mr098_r10_20_uai_GDCC_1e-05_n200_roFalse_s0: Arguments: Namespace(method='GDCC_1e-05', numruns='200', seed='0', output='../results/synthetic/s123/', rewrite=True, removeoutliers=False, filepath=['../models/synthetic/s123/random_mc2_n7_mid3_d1000_05_mr098_r10_20.uai'])
2026-02-06 13:19:13,094|INFO|random_mc2_n7_mid3_d1000_05_mr098_r10_20_uai_GDCC_1e-05_n200_roFalse_s0: Loading model from ../models/synthetic/s123/random_mc2_n7_mid3_d1000_05_mr098_r10_20.uai
2026-02-06 13:19:13,111|INFO|random_mc2_n7_mid3_d1000_05_mr098_r10_20_uai_GDCC_1e-05_n200_roFalse_s0: Loading data from ../models/synthetic/s123/random_mc2_n7_mid3_d1000_05_mr098_r10_20.csv
2026-02-06 13:19:13,165|INFO|random_mc2_n5_mid3_d1000_05_mr098_r10_167_uai_GDCC_1e-05_n200_roTrue_s0: Arguments: Namespace(method='GDCC_1e-05', numruns='200', seed='0', output='../results/synthetic/s123/', rewrite=True, removeoutliers=True, filepath=['../models/synthetic/s123/random_mc2_n5_mid3_d1000_05_mr098_r10_167.uai'])
2026-02-06 13:19:13,173|INFO|random_mc2_n5_mid3_d1000_05_mr098_r10_180_uai_GDCC_1e-05_n200_roTrue_s0: Arguments: Namespace(method='GDCC_1e-05', numruns='200', seed='0', output='../results/synthetic/s123/', rewrite=True, removeoutliers=True, filepath=['../models/synthetic/s123/random_mc2_n5_mid3_d1000_05_mr098_r10_180.uai'])
2026-02-06 13:19:13,165|INFO|random_mc2_n5_mid3_d1000_05_mr098_r10_167_uai_GDCC_1e-05_n200_roTrue_s0: Loading model from ../models/synthetic/s123/random_mc2_n5_mid3_d1000_05_mr098_r10_167.uai
2026-02-06 13:19:13,179|INFO|random_mc2_n5_mid3_d1000_05_mr098_r10_167_uai_GDCC_1e-05_n200_roTrue_s0: Loading data from ../models/synthetic/s123/random_mc2_n5_mid3_d1000_05_mr098_r10_167.csv
2026-02-06 13:19:13,195|INFO|random_mc2_n5_mid3_d1000_05_mr098_r10_167_uai_GDCC_1e-05_n200_roTrue_s0: PNS(V4,V0) exact: (0.2132341014888, 0.2977026872446)
2026-02-06 13:19:13,173|INFO|random_mc2_n5_mid3_d1000_05_mr098_r10_180_uai_GDCC_1e-05_n200_roTrue_s0: Loading model from ../models/synthetic/s123/random_mc2_n5_mid3_d1000_05_mr098_r10_180.uai
2026-02-06 13:19:13,181|INFO|random_mc2_n5_mid3_d1000_05_mr098_r10_180_uai_GDCC_1e-05_n200_roTrue_s0: Loading data from ../models/synthetic/s123/random_mc2_n5_mid3_d1000_05_mr098_r10_180.csv
2026-02-06 13:19:13,218|INFO|random_mc2_n6_mid3_d1000_05_mr098_r10_89_uai_GDCC_1e-05_n200_roTrue_s0: Arguments: Namespace(method='GDCC_1e-05', numruns='200', seed='0', output='../results/synthetic/s123/', rewrite=True, removeoutliers=True, filepath=['../models/synthetic/s123/random_mc2_n6_mid3_d1000_05_mr098_r10_89.uai'])
2026-02-06 13:19:13,218|INFO|random_mc2_n6_mid3_d1000_05_mr098_r10_89_uai_GDCC_1e-05_n200_roTrue_s0: Loading model from ../models/synthetic/s123/random_mc2_n6_mid3_d1000_05_mr098_r10_89.uai
2026-02-06 13:19:13,238|INFO|random_mc2_n6_mid3_d1000_05_mr098_r10_89_uai_GDCC_1e-05_n200_roTrue_s0: Loading data from ../models/synthetic/s123/random_mc2_n6_mid3_d1000_05_mr098_r10_89.csv
2026-02-06 13:19:13,284|INFO|random_mc2_n7_mid3_d1000_05_mr098_r10_95_uai_GDCC_1e-05_n200_roTrue_s0: Arguments: Namespace(method='GDCC_1e-05', numruns='200', seed='0', output='../results/synthetic/s123/', rewrite=True, removeoutliers=True, filepath=['../models/synthetic/s123/random_mc2_n7_mid3_d1000_05_mr098_r10_95.uai'])
2026-02-06 13:19:13,284|INFO|random_mc2_n7_mid3_d1000_05_mr098_r10_95_uai_GDCC_1e-05_n200_roTrue_s0: Loading model from ../models/synthetic/s123/random_mc2_n7_mid3_d1000_05_mr098_r10_95.uai
2026-02-06 13:19:13,297|INFO|random_mc2_n7_mid3_d1000_05_mr098_r10_95_uai_GDCC_1e-05_n200_roTrue_s0: Loading data from ../models/synthetic/s123/random_mc2_n7_mid3_d1000_05_mr098_r10_95.csv
2026-02-06 13:19:13,313|INFO|random_mc2_n7_mid3_d1000_05_mr098_r10_95_uai_GDCC_1e-05_n200_roTrue_s0: PNS(V0,V3) exact: (0.0119746197391619, 0.3426762898101421)
2026-02-06 13:19:13,340|INFO|random_mc2_n7_mid3_d1000_05_mr098_r10_95_uai_GDCC_1e-05_n200_roFalse_s0: Arguments: Namespace(method='GDCC_1e-05', numruns='200', seed='0', output='../results/synthetic/s123/', rewrite=True, removeoutliers=False, filepath=['../models/synthetic/s123/random_mc2_n7_mid3_d1000_05_mr098_r10_95.uai'])
2026-02-06 13:19:13,350|INFO|random_mc2_n5_mid3_d1000_05_mr098_r10_28_uai_GDCC_1e-05_n200_roTrue_s0: Arguments: Namespace(method='GDCC_1e-05', numruns='200', seed='0', output='../results/synthetic/s123/', rewrite=True, removeoutliers=True, filepath=['../models/synthetic/s123/random_mc2_n5_mid3_d1000_05_mr098_r10_28.uai'])
2026-02-06 13:19:13,354|INFO|random_mc2_n7_mid3_d1000_05_mr098_r10_145_uai_GDCC_1e-05_n200_roFalse_s0: Arguments: Namespace(method='GDCC_1e-05', numruns='200', seed='0', output='../results/synthetic/s123/', rewrite=True, removeoutliers=False, filepath=['../models/synthetic/s123/random_mc2_n7_mid3_d1000_05_mr098_r10_145.uai'])
2026-02-06 13:19:13,379|INFO|random_mc2_n6_mid3_d1000_05_mr098_r10_125_uai_GDCC_1e-05_n200_roFalse_s0: Arguments: Namespace(method='GDCC_1e-05', numruns='200', seed='0', output='../results/synthetic/s123/', rewrite=True, removeoutliers=False, filepath=['../models/synthetic/s123/random_mc2_n6_mid3_d1000_05_mr098_r10_125.uai'])
2026-02-06 13:19:13,340|INFO|random_mc2_n7_mid3_d1000_05_mr098_r10_95_uai_GDCC_1e-05_n200_roFalse_s0: Loading model from ../models/synthetic/s123/random_mc2_n7_mid3_d1000_05_mr098_r10_95.uai
2026-02-06 13:19:13,353|INFO|random_mc2_n7_mid3_d1000_05_mr098_r10_95_uai_GDCC_1e-05_n200_roFalse_s0: Loading data from ../models/synthetic/s123/random_mc2_n7_mid3_d1000_05_mr098_r10_95.csv
2026-02-06 13:19:13,367|INFO|random_mc2_n7_mid3_d1000_05_mr098_r10_95_uai_GDCC_1e-05_n200_roFalse_s0: PNS(V0,V3) exact: (0.0119746197391619, 0.3426762898101421)
2026-02-06 13:19:13,350|INFO|random_mc2_n5_mid3_d1000_05_mr098_r10_28_uai_GDCC_1e-05_n200_roTrue_s0: Loading model from ../models/synthetic/s123/random_mc2_n5_mid3_d1000_05_mr098_r10_28.uai
2026-02-06 13:19:13,365|INFO|random_mc2_n5_mid3_d1000_05_mr098_r10_28_uai_GDCC_1e-05_n200_roTrue_s0: Loading data from ../models/synthetic/s123/random_mc2_n5_mid3_d1000_05_mr098_r10_28.csv
2026-02-06 13:19:13,392|INFO|random_mc2_n6_mid3_d1000_05_mr098_r10_165_uai_GDCC_1e-05_n200_roTrue_s0: Arguments: Namespace(method='GDCC_1e-05', numruns='200', seed='0', output='../results/synthetic/s123/', rewrite=True, removeoutliers=True, filepath=['../models/synthetic/s123/random_mc2_n6_mid3_d1000_05_mr098_r10_165.uai'])
2026-02-06 13:19:13,354|INFO|random_mc2_n7_mid3_d1000_05_mr098_r10_145_uai_GDCC_1e-05_n200_roFalse_s0: Loading model from ../models/synthetic/s123/random_mc2_n7_mid3_d1000_05_mr098_r10_145.uai
2026-02-06 13:19:13,365|INFO|random_mc2_n7_mid3_d1000_05_mr098_r10_145_uai_GDCC_1e-05_n200_roFalse_s0: Loading data from ../models/synthetic/s123/random_mc2_n7_mid3_d1000_05_mr098_r10_145.csv
2026-02-06 13:19:13,379|INFO|random_mc2_n7_mid3_d1000_05_mr098_r10_145_uai_GDCC_1e-05_n200_roFalse_s0: PNS(V2,V5) exact: (0.024162408524618, 0.062781303718492)
2026-02-06 13:19:13,380|INFO|random_mc2_n6_mid3_d1000_05_mr098_r10_125_uai_GDCC_1e-05_n200_roFalse_s0: Loading model from ../models/synthetic/s123/random_mc2_n6_mid3_d1000_05_mr098_r10_125.uai
2026-02-06 13:19:13,399|INFO|random_mc2_n6_mid3_d1000_05_mr098_r10_125_uai_GDCC_1e-05_n200_roFalse_s0: Loading data from ../models/synthetic/s123/random_mc2_n6_mid3_d1000_05_mr098_r10_125.csv
2026-02-06 13:19:13,392|INFO|random_mc2_n6_mid3_d1000_05_mr098_r10_165_uai_GDCC_1e-05_n200_roTrue_s0: Loading model from ../models/synthetic/s123/random_mc2_n6_mid3_d1000_05_mr098_r10_165.uai
2026-02-06 13:19:13,405|INFO|random_mc2_n6_mid3_d1000_05_mr098_r10_165_uai_GDCC_1e-05_n200_roTrue_s0: Loading data from ../models/synthetic/s123/random_mc2_n6_mid3_d1000_05_mr098_r10_165.csv
2026-02-06 13:19:13,422|INFO|random_mc2_n6_mid3_d1000_05_mr098_r10_165_uai_GDCC_1e-05_n200_roTrue_s0: PNS(V3,V2) exact: (0.0, 0.0558513235759999)
2026-02-06 13:19:13,531|INFO|random_mc2_n6_mid3_d1000_05_mr098_r10_140_uai_GDCC_1e-05_n200_roTrue_s0: Arguments: Namespace(method='GDCC_1e-05', numruns='200', seed='0', output='../results/synthetic/s123/', rewrite=True, removeoutliers=True, filepath=['../models/synthetic/s123/random_mc2_n6_mid3_d1000_05_mr098_r10_140.uai'])
2026-02-06 13:19:13,537|INFO|random_mc2_n5_mid3_d1000_05_mr098_r10_42_uai_GDCC_1e-05_n200_roTrue_s0: Arguments: Namespace(method='GDCC_1e-05', numruns='200', seed='0', output='../results/synthetic/s123/', rewrite=True, removeoutliers=True, filepath=['../models/synthetic/s123/random_mc2_n5_mid3_d1000_05_mr098_r10_42.uai'])
2026-02-06 13:19:13,568|INFO|random_mc2_n6_mid3_d1000_05_mr098_r10_85_uai_GDCC_1e-05_n200_roTrue_s0: Arguments: Namespace(method='GDCC_1e-05', numruns='200', seed='0', output='../results/synthetic/s123/', rewrite=True, removeoutliers=True, filepath=['../models/synthetic/s123/random_mc2_n6_mid3_d1000_05_mr098_r10_85.uai'])
2026-02-06 13:19:13,531|INFO|random_mc2_n6_mid3_d1000_05_mr098_r10_140_uai_GDCC_1e-05_n200_roTrue_s0: Loading model from ../models/synthetic/s123/random_mc2_n6_mid3_d1000_05_mr098_r10_140.uai
2026-02-06 13:19:13,546|INFO|random_mc2_n6_mid3_d1000_05_mr098_r10_140_uai_GDCC_1e-05_n200_roTrue_s0: Loading data from ../models/synthetic/s123/random_mc2_n6_mid3_d1000_05_mr098_r10_140.csv
2026-02-06 13:19:13,537|INFO|random_mc2_n5_mid3_d1000_05_mr098_r10_42_uai_GDCC_1e-05_n200_roTrue_s0: Loading model from ../models/synthetic/s123/random_mc2_n5_mid3_d1000_05_mr098_r10_42.uai
2026-02-06 13:19:13,561|INFO|random_mc2_n5_mid3_d1000_05_mr098_r10_42_uai_GDCC_1e-05_n200_roTrue_s0: Loading data from ../models/synthetic/s123/random_mc2_n5_mid3_d1000_05_mr098_r10_42.csv
2026-02-06 13:19:13,568|INFO|random_mc2_n6_mid3_d1000_05_mr098_r10_85_uai_GDCC_1e-05_n200_roTrue_s0: Loading model from ../models/synthetic/s123/random_mc2_n6_mid3_d1000_05_mr098_r10_85.uai
2026-02-06 13:19:13,630|INFO|random_mc2_n9_mid3_d1000_05_mr098_r10_138_uai_GDCC_1e-05_n200_roTrue_s0: Arguments: Namespace(method='GDCC_1e-05', numruns='200', seed='0', output='../results/synthetic/s123/', rewrite=True, removeoutliers=True, filepath=['../models/synthetic/s123/random_mc2_n9_mid3_d1000_05_mr098_r10_138.uai'])
2026-02-06 13:19:13,633|INFO|random_mc2_n5_mid3_d1000_05_mr098_r10_39_uai_GDCC_1e-05_n200_roFalse_s0: Arguments: Namespace(method='GDCC_1e-05', numruns='200', seed='0', output='../results/synthetic/s123/', rewrite=True, removeoutliers=False, filepath=['../models/synthetic/s123/random_mc2_n5_mid3_d1000_05_mr098_r10_39.uai'])
2026-02-06 13:19:13,668|INFO|random_mc2_n6_mid3_d1000_05_mr098_r10_85_uai_GDCC_1e-05_n200_roTrue_s0: Loading data from ../models/synthetic/s123/random_mc2_n6_mid3_d1000_05_mr098_r10_85.csv
2026-02-06 13:19:13,631|INFO|random_mc2_n9_mid3_d1000_05_mr098_r10_138_uai_GDCC_1e-05_n200_roTrue_s0: Loading model from ../models/synthetic/s123/random_mc2_n9_mid3_d1000_05_mr098_r10_138.uai
2026-02-06 13:19:13,648|INFO|random_mc2_n9_mid3_d1000_05_mr098_r10_138_uai_GDCC_1e-05_n200_roTrue_s0: Loading data from ../models/synthetic/s123/random_mc2_n9_mid3_d1000_05_mr098_r10_138.csv
2026-02-06 13:19:13,662|INFO|random_mc2_n9_mid3_d1000_05_mr098_r10_138_uai_GDCC_1e-05_n200_roTrue_s0: PNS(V2,V8) exact: (0.3533990588217299, 0.3586598451414463)
2026-02-06 13:19:13,633|INFO|random_mc2_n5_mid3_d1000_05_mr098_r10_39_uai_GDCC_1e-05_n200_roFalse_s0: Loading model from ../models/synthetic/s123/random_mc2_n5_mid3_d1000_05_mr098_r10_39.uai
2026-02-06 13:19:13,644|INFO|random_mc2_n5_mid3_d1000_05_mr098_r10_39_uai_GDCC_1e-05_n200_roFalse_s0: Loading data from ../models/synthetic/s123/random_mc2_n5_mid3_d1000_05_mr098_r10_39.csv
2026-02-06 13:19:13,658|INFO|random_mc2_n5_mid3_d1000_05_mr098_r10_39_uai_GDCC_1e-05_n200_roFalse_s0: PNS(V1,V4) exact: (0.0280539, 0.03752366)
2026-02-06 13:19:13,680|INFO|random_mc2_n9_mid3_d1000_05_mr098_r10_176_uai_GDCC_1e-05_n200_roFalse_s0: Arguments: Namespace(method='GDCC_1e-05', numruns='200', seed='0', output='../results/synthetic/s123/', rewrite=True, removeoutliers=False, filepath=['../models/synthetic/s123/random_mc2_n9_mid3_d1000_05_mr098_r10_176.uai'])
2026-02-06 13:19:13,680|INFO|random_mc2_n9_mid3_d1000_05_mr098_r10_176_uai_GDCC_1e-05_n200_roFalse_s0: Loading model from ../models/synthetic/s123/random_mc2_n9_mid3_d1000_05_mr098_r10_176.uai
2026-02-06 13:19:13,701|INFO|random_mc2_n9_mid3_d1000_05_mr098_r10_176_uai_GDCC_1e-05_n200_roFalse_s0: Loading data from ../models/synthetic/s123/random_mc2_n9_mid3_d1000_05_mr098_r10_176.csv
2026-02-06 13:19:13,731|INFO|random_mc2_n5_mid3_d1000_05_mr098_r10_31_uai_GDCC_1e-05_n200_roTrue_s0: Arguments: Namespace(method='GDCC_1e-05', numruns='200', seed='0', output='../results/synthetic/s123/', rewrite=True, removeoutliers=True, filepath=['../models/synthetic/s123/random_mc2_n5_mid3_d1000_05_mr098_r10_31.uai'])
2026-02-06 13:19:13,731|INFO|random_mc2_n5_mid3_d1000_05_mr098_r10_31_uai_GDCC_1e-05_n200_roTrue_s0: Loading model from ../models/synthetic/s123/random_mc2_n5_mid3_d1000_05_mr098_r10_31.uai
2026-02-06 13:19:13,739|INFO|random_mc2_n5_mid3_d1000_05_mr098_r10_31_uai_GDCC_1e-05_n200_roTrue_s0: Loading data from ../models/synthetic/s123/random_mc2_n5_mid3_d1000_05_mr098_r10_31.csv
2026-02-06 13:19:13,754|INFO|random_mc2_n5_mid3_d1000_05_mr098_r10_31_uai_GDCC_1e-05_n200_roTrue_s0: PNS(V1,V2) exact: (0.0035429652, 0.2563315488)
2026-02-06 13:19:15,283|INFO|random_mc2_n7_mid3_d1000_05_mr098_r10_177_uai_GDCC_1e-05_n200_roFalse_s0: Arguments: Namespace(method='GDCC_1e-05', numruns='200', seed='0', output='../results/synthetic/s123/', rewrite=True, removeoutliers=False, filepath=['../models/synthetic/s123/random_mc2_n7_mid3_d1000_05_mr098_r10_177.uai'])
2026-02-06 13:19:15,284|INFO|random_mc2_n7_mid3_d1000_05_mr098_r10_177_uai_GDCC_1e-05_n200_roFalse_s0: Loading model from ../models/synthetic/s123/random_mc2_n7_mid3_d1000_05_mr098_r10_177.uai
2026-02-06 13:19:15,299|INFO|random_mc2_n7_mid3_d1000_05_mr098_r10_177_uai_GDCC_1e-05_n200_roFalse_s0: Loading data from ../models/synthetic/s123/random_mc2_n7_mid3_d1000_05_mr098_r10_177.csv
2026-02-06 13:19:15,325|INFO|random_mc2_n7_mid3_d1000_05_mr098_r10_177_uai_GDCC_1e-05_n200_roFalse_s0: PNS(V1,V5) exact: (0.0, 0.0)
2026-02-06 13:19:15,325|ERROR|random_mc2_n7_mid3_d1000_05_mr098_r10_177_uai_GDCC_1e-05_n200_roFalse_s0: Model does not have any cause-effect path.
2026-02-06 13:19:15,380|INFO|random_mc2_n6_mid3_d1000_05_mr098_r10_101_uai_GDCC_1e-05_n200_roTrue_s0: Arguments: Namespace(method='GDCC_1e-05', numruns='200', seed='0', output='../results/synthetic/s123/', rewrite=True, removeoutliers=True, filepath=['../models/synthetic/s123/random_mc2_n6_mid3_d1000_05_mr098_r10_101.uai'])
2026-02-06 13:19:15,380|INFO|random_mc2_n6_mid3_d1000_05_mr098_r10_101_uai_GDCC_1e-05_n200_roTrue_s0: Loading model from ../models/synthetic/s123/random_mc2_n6_mid3_d1000_05_mr098_r10_101.uai
2026-02-06 13:19:15,399|INFO|random_mc2_n6_mid3_d1000_05_mr098_r10_101_uai_GDCC_1e-05_n200_roTrue_s0: Loading data from ../models/synthetic/s123/random_mc2_n6_mid3_d1000_05_mr098_r10_101.csv
2026-02-06 13:19:17,152|INFO|random_mc2_n8_mid3_d1000_05_mr098_r10_13_uai_GDCC_1e-05_n200_roTrue_s0: Arguments: Namespace(method='GDCC_1e-05', numruns='200', seed='0', output='../results/synthetic/s123/', rewrite=True, removeoutliers=True, filepath=['../models/synthetic/s123/random_mc2_n8_mid3_d1000_05_mr098_r10_13.uai'])
2026-02-06 13:19:17,152|INFO|random_mc2_n8_mid3_d1000_05_mr098_r10_13_uai_GDCC_1e-05_n200_roTrue_s0: Loading model from ../models/synthetic/s123/random_mc2_n8_mid3_d1000_05_mr098_r10_13.uai
2026-02-06 13:19:17,171|INFO|random_mc2_n8_mid3_d1000_05_mr098_r10_13_uai_GDCC_1e-05_n200_roTrue_s0: Loading data from ../models/synthetic/s123/random_mc2_n8_mid3_d1000_05_mr098_r10_13.csv
2026-02-06 13:19:17,227|INFO|random_mc2_n6_mid3_d1000_05_mr098_r10_173_uai_GDCC_1e-05_n200_roFalse_s0: Arguments: Namespace(method='GDCC_1e-05', numruns='200', seed='0', output='../results/synthetic/s123/', rewrite=True, removeoutliers=False, filepath=['../models/synthetic/s123/random_mc2_n6_mid3_d1000_05_mr098_r10_173.uai'])
2026-02-06 13:19:17,227|INFO|random_mc2_n6_mid3_d1000_05_mr098_r10_173_uai_GDCC_1e-05_n200_roFalse_s0: Loading model from ../models/synthetic/s123/random_mc2_n6_mid3_d1000_05_mr098_r10_173.uai
2026-02-06 13:19:17,244|INFO|random_mc2_n6_mid3_d1000_05_mr098_r10_173_uai_GDCC_1e-05_n200_roFalse_s0: Loading data from ../models/synthetic/s123/random_mc2_n6_mid3_d1000_05_mr098_r10_173.csv
2026-02-06 13:19:17,263|INFO|random_mc2_n6_mid3_d1000_05_mr098_r10_173_uai_GDCC_1e-05_n200_roFalse_s0: PNS(V0,V1) exact: (0.1087817342113937, 0.3199727789499366)
2026-02-06 13:19:17,538|INFO|random_mc2_n9_mid3_d1000_05_mr098_r10_184_uai_GDCC_1e-05_n200_roTrue_s0: Arguments: Namespace(method='GDCC_1e-05', numruns='200', seed='0', output='../results/synthetic/s123/', rewrite=True, removeoutliers=True, filepath=['../models/synthetic/s123/random_mc2_n9_mid3_d1000_05_mr098_r10_184.uai'])
2026-02-06 13:19:17,538|INFO|random_mc2_n9_mid3_d1000_05_mr098_r10_184_uai_GDCC_1e-05_n200_roTrue_s0: Loading model from ../models/synthetic/s123/random_mc2_n9_mid3_d1000_05_mr098_r10_184.uai
2026-02-06 13:19:17,556|INFO|random_mc2_n9_mid3_d1000_05_mr098_r10_184_uai_GDCC_1e-05_n200_roTrue_s0: Loading data from ../models/synthetic/s123/random_mc2_n9_mid3_d1000_05_mr098_r10_184.csv
2026-02-06 13:19:18,224|INFO|random_mc2_n5_mid3_d1000_05_mr098_r10_187_uai_GDCC_1e-05_n200_roTrue_s0: Arguments: Namespace(method='GDCC_1e-05', numruns='200', seed='0', output='../results/synthetic/s123/', rewrite=True, removeoutliers=True, filepath=['../models/synthetic/s123/random_mc2_n5_mid3_d1000_05_mr098_r10_187.uai'])
2026-02-06 13:19:18,224|INFO|random_mc2_n5_mid3_d1000_05_mr098_r10_187_uai_GDCC_1e-05_n200_roTrue_s0: Loading model from ../models/synthetic/s123/random_mc2_n5_mid3_d1000_05_mr098_r10_187.uai
2026-02-06 13:19:18,260|INFO|random_mc2_n5_mid3_d1000_05_mr098_r10_187_uai_GDCC_1e-05_n200_roTrue_s0: Loading data from ../models/synthetic/s123/random_mc2_n5_mid3_d1000_05_mr098_r10_187.csv
2026-02-06 13:19:18,514|INFO|random_mc2_n6_mid3_d1000_05_mr098_r10_96_uai_GDCC_1e-05_n200_roFalse_s0: Arguments: Namespace(method='GDCC_1e-05', numruns='200', seed='0', output='../results/synthetic/s123/', rewrite=True, removeoutliers=False, filepath=['../models/synthetic/s123/random_mc2_n6_mid3_d1000_05_mr098_r10_96.uai'])
2026-02-06 13:19:18,515|INFO|random_mc2_n6_mid3_d1000_05_mr098_r10_96_uai_GDCC_1e-05_n200_roFalse_s0: Loading model from ../models/synthetic/s123/random_mc2_n6_mid3_d1000_05_mr098_r10_96.uai
2026-02-06 13:19:18,530|INFO|random_mc2_n6_mid3_d1000_05_mr098_r10_96_uai_GDCC_1e-05_n200_roFalse_s0: Loading data from ../models/synthetic/s123/random_mc2_n6_mid3_d1000_05_mr098_r10_96.csv
2026-02-06 13:19:18,546|INFO|random_mc2_n6_mid3_d1000_05_mr098_r10_96_uai_GDCC_1e-05_n200_roFalse_s0: PNS(V4,V3) exact: (0.55047, 0.55047)
2026-02-06 13:19:18,678|INFO|random_mc2_n9_mid3_d1000_05_mr098_r10_25_uai_GDCC_1e-05_n200_roFalse_s0: Arguments: Namespace(method='GDCC_1e-05', numruns='200', seed='0', output='../results/synthetic/s123/', rewrite=True, removeoutliers=False, filepath=['../models/synthetic/s123/random_mc2_n9_mid3_d1000_05_mr098_r10_25.uai'])
2026-02-06 13:19:18,687|INFO|random_mc2_n9_mid3_d1000_05_mr098_r10_116_uai_GDCC_1e-05_n200_roTrue_s0: Arguments: Namespace(method='GDCC_1e-05', numruns='200', seed='0', output='../results/synthetic/s123/', rewrite=True, removeoutliers=True, filepath=['../models/synthetic/s123/random_mc2_n9_mid3_d1000_05_mr098_r10_116.uai'])
2026-02-06 13:19:18,678|INFO|random_mc2_n9_mid3_d1000_05_mr098_r10_25_uai_GDCC_1e-05_n200_roFalse_s0: Loading model from ../models/synthetic/s123/random_mc2_n9_mid3_d1000_05_mr098_r10_25.uai
2026-02-06 13:19:18,687|INFO|random_mc2_n9_mid3_d1000_05_mr098_r10_116_uai_GDCC_1e-05_n200_roTrue_s0: Loading model from ../models/synthetic/s123/random_mc2_n9_mid3_d1000_05_mr098_r10_116.uai
2026-02-06 13:19:18,713|INFO|random_mc2_n9_mid3_d1000_05_mr098_r10_116_uai_GDCC_1e-05_n200_roTrue_s0: Loading data from ../models/synthetic/s123/random_mc2_n9_mid3_d1000_05_mr098_r10_116.csv
2026-02-06 13:19:18,734|INFO|random_mc2_n9_mid3_d1000_05_mr098_r10_116_uai_GDCC_1e-05_n200_roTrue_s0: PNS(V2,V0) exact: (0.0201090016271876, 0.1746422034672741)
2026-02-06 13:19:18,904|INFO|random_mc2_n9_mid3_d1000_05_mr098_r10_25_uai_GDCC_1e-05_n200_roFalse_s0: Loading data from ../models/synthetic/s123/random_mc2_n9_mid3_d1000_05_mr098_r10_25.csv
2026-02-06 13:19:18,908|INFO|random_mc2_n8_mid3_d1000_05_mr098_r10_63_uai_GDCC_1e-05_n200_roTrue_s0: Arguments: Namespace(method='GDCC_1e-05', numruns='200', seed='0', output='../results/synthetic/s123/', rewrite=True, removeoutliers=True, filepath=['../models/synthetic/s123/random_mc2_n8_mid3_d1000_05_mr098_r10_63.uai'])
2026-02-06 13:19:18,927|INFO|random_mc2_n5_mid3_d1000_05_mr098_r10_113_uai_GDCC_1e-05_n200_roFalse_s0: Arguments: Namespace(method='GDCC_1e-05', numruns='200', seed='0', output='../results/synthetic/s123/', rewrite=True, removeoutliers=False, filepath=['../models/synthetic/s123/random_mc2_n5_mid3_d1000_05_mr098_r10_113.uai'])
2026-02-06 13:19:18,909|INFO|random_mc2_n8_mid3_d1000_05_mr098_r10_63_uai_GDCC_1e-05_n200_roTrue_s0: Loading model from ../models/synthetic/s123/random_mc2_n8_mid3_d1000_05_mr098_r10_63.uai
2026-02-06 13:19:18,927|INFO|random_mc2_n8_mid3_d1000_05_mr098_r10_63_uai_GDCC_1e-05_n200_roTrue_s0: Loading data from ../models/synthetic/s123/random_mc2_n8_mid3_d1000_05_mr098_r10_63.csv
2026-02-06 13:19:18,945|INFO|random_mc2_n8_mid3_d1000_05_mr098_r10_63_uai_GDCC_1e-05_n200_roTrue_s0: PNS(V1,V6) exact: (0.0, 0.122153736431654)
2026-02-06 13:19:18,927|INFO|random_mc2_n5_mid3_d1000_05_mr098_r10_113_uai_GDCC_1e-05_n200_roFalse_s0: Loading model from ../models/synthetic/s123/random_mc2_n5_mid3_d1000_05_mr098_r10_113.uai
2026-02-06 13:19:18,936|INFO|random_mc2_n5_mid3_d1000_05_mr098_r10_113_uai_GDCC_1e-05_n200_roFalse_s0: Loading data from ../models/synthetic/s123/random_mc2_n5_mid3_d1000_05_mr098_r10_113.csv
2026-02-06 13:19:18,950|INFO|random_mc2_n5_mid3_d1000_05_mr098_r10_113_uai_GDCC_1e-05_n200_roFalse_s0: PNS(V3,V1) exact: (0.3215531011, 0.5646456533000002)
2026-02-06 13:19:19,940|INFO|random_mc2_n5_mid3_d1000_05_mr098_r10_118_uai_GDCC_1e-05_n200_roFalse_s0: Arguments: Namespace(method='GDCC_1e-05', numruns='200', seed='0', output='../results/synthetic/s123/', rewrite=True, removeoutliers=False, filepath=['../models/synthetic/s123/random_mc2_n5_mid3_d1000_05_mr098_r10_118.uai'])
2026-02-06 13:19:19,940|INFO|random_mc2_n5_mid3_d1000_05_mr098_r10_118_uai_GDCC_1e-05_n200_roFalse_s0: Loading model from ../models/synthetic/s123/random_mc2_n5_mid3_d1000_05_mr098_r10_118.uai
2026-02-06 13:19:19,956|INFO|random_mc2_n5_mid3_d1000_05_mr098_r10_118_uai_GDCC_1e-05_n200_roFalse_s0: Loading data from ../models/synthetic/s123/random_mc2_n5_mid3_d1000_05_mr098_r10_118.csv
2026-02-06 13:19:19,983|INFO|random_mc2_n5_mid3_d1000_05_mr098_r10_118_uai_GDCC_1e-05_n200_roFalse_s0: PNS(V1,V2) exact: (0.07441581471588, 0.209057882285592)
2026-02-06 13:19:20,086|INFO|random_mc2_n5_mid3_d1000_05_mr098_r10_151_uai_GDCC_1e-05_n200_roTrue_s0: Arguments: Namespace(method='GDCC_1e-05', numruns='200', seed='0', output='../results/synthetic/s123/', rewrite=True, removeoutliers=True, filepath=['../models/synthetic/s123/random_mc2_n5_mid3_d1000_05_mr098_r10_151.uai'])
2026-02-06 13:19:20,087|INFO|random_mc2_n5_mid3_d1000_05_mr098_r10_151_uai_GDCC_1e-05_n200_roTrue_s0: Loading model from ../models/synthetic/s123/random_mc2_n5_mid3_d1000_05_mr098_r10_151.uai
2026-02-06 13:19:20,101|INFO|random_mc2_n5_mid3_d1000_05_mr098_r10_151_uai_GDCC_1e-05_n200_roTrue_s0: Loading data from ../models/synthetic/s123/random_mc2_n5_mid3_d1000_05_mr098_r10_151.csv
2026-02-06 13:19:20,122|INFO|random_mc2_n5_mid3_d1000_05_mr098_r10_151_uai_GDCC_1e-05_n200_roTrue_s0: PNS(V1,V2) exact: (0.0, 0.3129183631)
2026-02-06 13:19:20,155|INFO|random_mc2_n6_mid3_d1000_05_mr098_r10_194_uai_GDCC_1e-05_n200_roFalse_s0: Arguments: Namespace(method='GDCC_1e-05', numruns='200', seed='0', output='../results/synthetic/s123/', rewrite=True, removeoutliers=False, filepath=['../models/synthetic/s123/random_mc2_n6_mid3_d1000_05_mr098_r10_194.uai'])
2026-02-06 13:19:20,162|INFO|random_mc2_n6_mid3_d1000_05_mr098_r10_164_uai_GDCC_1e-05_n200_roTrue_s0: Arguments: Namespace(method='GDCC_1e-05', numruns='200', seed='0', output='../results/synthetic/s123/', rewrite=True, removeoutliers=True, filepath=['../models/synthetic/s123/random_mc2_n6_mid3_d1000_05_mr098_r10_164.uai'])
2026-02-06 13:19:20,191|INFO|random_mc2_n6_mid3_d1000_05_mr098_r10_100_uai_GDCC_1e-05_n200_roTrue_s0: Arguments: Namespace(method='GDCC_1e-05', numruns='200', seed='0', output='../results/synthetic/s123/', rewrite=True, removeoutliers=True, filepath=['../models/synthetic/s123/random_mc2_n6_mid3_d1000_05_mr098_r10_100.uai'])
2026-02-06 13:19:20,155|INFO|random_mc2_n6_mid3_d1000_05_mr098_r10_194_uai_GDCC_1e-05_n200_roFalse_s0: Loading model from ../models/synthetic/s123/random_mc2_n6_mid3_d1000_05_mr098_r10_194.uai
2026-02-06 13:19:20,174|INFO|random_mc2_n6_mid3_d1000_05_mr098_r10_194_uai_GDCC_1e-05_n200_roFalse_s0: Loading data from ../models/synthetic/s123/random_mc2_n6_mid3_d1000_05_mr098_r10_194.csv
2026-02-06 13:19:20,162|INFO|random_mc2_n6_mid3_d1000_05_mr098_r10_164_uai_GDCC_1e-05_n200_roTrue_s0: Loading model from ../models/synthetic/s123/random_mc2_n6_mid3_d1000_05_mr098_r10_164.uai
2026-02-06 13:19:20,177|INFO|random_mc2_n6_mid3_d1000_05_mr098_r10_164_uai_GDCC_1e-05_n200_roTrue_s0: Loading data from ../models/synthetic/s123/random_mc2_n6_mid3_d1000_05_mr098_r10_164.csv
2026-02-06 13:19:20,191|INFO|random_mc2_n6_mid3_d1000_05_mr098_r10_164_uai_GDCC_1e-05_n200_roTrue_s0: PNS(V4,V3) exact: (0.19591, 0.25606)
2026-02-06 13:19:20,191|INFO|random_mc2_n6_mid3_d1000_05_mr098_r10_100_uai_GDCC_1e-05_n200_roTrue_s0: Loading model from ../models/synthetic/s123/random_mc2_n6_mid3_d1000_05_mr098_r10_100.uai
2026-02-06 13:19:20,210|INFO|random_mc2_n6_mid3_d1000_05_mr098_r10_100_uai_GDCC_1e-05_n200_roTrue_s0: Loading data from ../models/synthetic/s123/random_mc2_n6_mid3_d1000_05_mr098_r10_100.csv
2026-02-06 13:19:20,226|INFO|random_mc2_n6_mid3_d1000_05_mr098_r10_100_uai_GDCC_1e-05_n200_roTrue_s0: PNS(V1,V4) exact: (0.171264845032, 0.302367839752)
2026-02-06 13:19:20,373|INFO|random_mc2_n7_mid3_d1000_05_mr098_r10_40_uai_GDCC_1e-05_n200_roTrue_s0: Arguments: Namespace(method='GDCC_1e-05', numruns='200', seed='0', output='../results/synthetic/s123/', rewrite=True, removeoutliers=True, filepath=['../models/synthetic/s123/random_mc2_n7_mid3_d1000_05_mr098_r10_40.uai'])
2026-02-06 13:19:20,373|INFO|random_mc2_n7_mid3_d1000_05_mr098_r10_40_uai_GDCC_1e-05_n200_roTrue_s0: Loading model from ../models/synthetic/s123/random_mc2_n7_mid3_d1000_05_mr098_r10_40.uai
2026-02-06 13:19:20,404|INFO|random_mc2_n7_mid3_d1000_05_mr098_r10_40_uai_GDCC_1e-05_n200_roTrue_s0: Loading data from ../models/synthetic/s123/random_mc2_n7_mid3_d1000_05_mr098_r10_40.csv
2026-02-06 13:19:20,421|INFO|random_mc2_n7_mid3_d1000_05_mr098_r10_40_uai_GDCC_1e-05_n200_roTrue_s0: PNS(V2,V4) exact: (0.033682517015198, 0.145976403196258)
2026-02-06 13:19:23,884|INFO|random_mc2_n7_mid3_d1000_05_mr098_r10_37_uai_GDCC_1e-05_n200_roFalse_s0: Arguments: Namespace(method='GDCC_1e-05', numruns='200', seed='0', output='../results/synthetic/s123/', rewrite=True, removeoutliers=False, filepath=['../models/synthetic/s123/random_mc2_n7_mid3_d1000_05_mr098_r10_37.uai'])
2026-02-06 13:19:23,897|INFO|random_mc2_n5_mid3_d1000_05_mr098_r10_127_uai_GDCC_1e-05_n200_roFalse_s0: Arguments: Namespace(method='GDCC_1e-05', numruns='200', seed='0', output='../results/synthetic/s123/', rewrite=True, removeoutliers=False, filepath=['../models/synthetic/s123/random_mc2_n5_mid3_d1000_05_mr098_r10_127.uai'])
2026-02-06 13:19:23,920|INFO|random_mc2_n6_mid3_d1000_05_mr098_r10_94_uai_GDCC_1e-05_n200_roFalse_s0: Arguments: Namespace(method='GDCC_1e-05', numruns='200', seed='0', output='../results/synthetic/s123/', rewrite=True, removeoutliers=False, filepath=['../models/synthetic/s123/random_mc2_n6_mid3_d1000_05_mr098_r10_94.uai'])
2026-02-06 13:19:23,884|INFO|random_mc2_n7_mid3_d1000_05_mr098_r10_37_uai_GDCC_1e-05_n200_roFalse_s0: Loading model from ../models/synthetic/s123/random_mc2_n7_mid3_d1000_05_mr098_r10_37.uai
2026-02-06 13:19:23,920|INFO|random_mc2_n7_mid3_d1000_05_mr098_r10_37_uai_GDCC_1e-05_n200_roFalse_s0: Loading data from ../models/synthetic/s123/random_mc2_n7_mid3_d1000_05_mr098_r10_37.csv
2026-02-06 13:19:23,897|INFO|random_mc2_n5_mid3_d1000_05_mr098_r10_127_uai_GDCC_1e-05_n200_roFalse_s0: Loading model from ../models/synthetic/s123/random_mc2_n5_mid3_d1000_05_mr098_r10_127.uai
2026-02-06 13:19:23,924|INFO|random_mc2_n5_mid3_d1000_05_mr098_r10_127_uai_GDCC_1e-05_n200_roFalse_s0: Loading data from ../models/synthetic/s123/random_mc2_n5_mid3_d1000_05_mr098_r10_127.csv
2026-02-06 13:19:23,940|INFO|random_mc2_n7_mid3_d1000_05_mr098_r10_37_uai_GDCC_1e-05_n200_roFalse_s0: PNS(V3,V2) exact: (0.0, 0.0282189836918879)
2026-02-06 13:19:23,921|INFO|random_mc2_n6_mid3_d1000_05_mr098_r10_94_uai_GDCC_1e-05_n200_roFalse_s0: Loading model from ../models/synthetic/s123/random_mc2_n6_mid3_d1000_05_mr098_r10_94.uai
2026-02-06 13:19:23,940|INFO|random_mc2_n6_mid3_d1000_05_mr098_r10_94_uai_GDCC_1e-05_n200_roFalse_s0: Loading data from ../models/synthetic/s123/random_mc2_n6_mid3_d1000_05_mr098_r10_94.csv
2026-02-06 13:19:23,961|INFO|random_mc2_n6_mid3_d1000_05_mr098_r10_94_uai_GDCC_1e-05_n200_roFalse_s0: PNS(V0,V5) exact: (0.0335349828721959, 0.1506232608719497)
2026-02-06 13:19:24,890|INFO|random_mc2_n6_mid3_d1000_05_mr098_r10_109_uai_GDCC_1e-05_n200_roFalse_s0: Arguments: Namespace(method='GDCC_1e-05', numruns='200', seed='0', output='../results/synthetic/s123/', rewrite=True, removeoutliers=False, filepath=['../models/synthetic/s123/random_mc2_n6_mid3_d1000_05_mr098_r10_109.uai'])
2026-02-06 13:19:24,890|INFO|random_mc2_n6_mid3_d1000_05_mr098_r10_109_uai_GDCC_1e-05_n200_roFalse_s0: Loading model from ../models/synthetic/s123/random_mc2_n6_mid3_d1000_05_mr098_r10_109.uai
2026-02-06 13:19:24,989|INFO|random_mc2_n6_mid3_d1000_05_mr098_r10_165_uai_GDCC_1e-05_n200_roFalse_s0: Arguments: Namespace(method='GDCC_1e-05', numruns='200', seed='0', output='../results/synthetic/s123/', rewrite=True, removeoutliers=False, filepath=['../models/synthetic/s123/random_mc2_n6_mid3_d1000_05_mr098_r10_165.uai'])
2026-02-06 13:19:24,989|INFO|random_mc2_n6_mid3_d1000_05_mr098_r10_165_uai_GDCC_1e-05_n200_roFalse_s0: Loading model from ../models/synthetic/s123/random_mc2_n6_mid3_d1000_05_mr098_r10_165.uai
2026-02-06 13:19:25,000|INFO|random_mc2_n6_mid3_d1000_05_mr098_r10_165_uai_GDCC_1e-05_n200_roFalse_s0: Loading data from ../models/synthetic/s123/random_mc2_n6_mid3_d1000_05_mr098_r10_165.csv
2026-02-06 13:19:25,018|INFO|random_mc2_n6_mid3_d1000_05_mr098_r10_165_uai_GDCC_1e-05_n200_roFalse_s0: PNS(V3,V2) exact: (0.0, 0.0558513235759999)
2026-02-06 13:19:25,114|INFO|random_mc2_n6_mid3_d1000_05_mr098_r10_109_uai_GDCC_1e-05_n200_roFalse_s0: Loading data from ../models/synthetic/s123/random_mc2_n6_mid3_d1000_05_mr098_r10_109.csv
2026-02-06 13:19:25,228|INFO|random_mc2_n5_mid3_d1000_05_mr098_r10_37_uai_GDCC_1e-05_n200_roTrue_s0: Arguments: Namespace(method='GDCC_1e-05', numruns='200', seed='0', output='../results/synthetic/s123/', rewrite=True, removeoutliers=True, filepath=['../models/synthetic/s123/random_mc2_n5_mid3_d1000_05_mr098_r10_37.uai'])
2026-02-06 13:19:25,228|INFO|random_mc2_n5_mid3_d1000_05_mr098_r10_37_uai_GDCC_1e-05_n200_roTrue_s0: Loading model from ../models/synthetic/s123/random_mc2_n5_mid3_d1000_05_mr098_r10_37.uai
2026-02-06 13:19:25,241|INFO|random_mc2_n5_mid3_d1000_05_mr098_r10_37_uai_GDCC_1e-05_n200_roTrue_s0: Loading data from ../models/synthetic/s123/random_mc2_n5_mid3_d1000_05_mr098_r10_37.csv
2026-02-06 13:19:25,259|INFO|random_mc2_n5_mid3_d1000_05_mr098_r10_37_uai_GDCC_1e-05_n200_roTrue_s0: PNS(V1,V4) exact: (0.0030091049999999, 0.160852525)
2026-02-06 13:19:27,140|INFO|random_mc2_n7_mid3_d1000_05_mr098_r10_185_uai_GDCC_1e-05_n200_roFalse_s0: Arguments: Namespace(method='GDCC_1e-05', numruns='200', seed='0', output='../results/synthetic/s123/', rewrite=True, removeoutliers=False, filepath=['../models/synthetic/s123/random_mc2_n7_mid3_d1000_05_mr098_r10_185.uai'])
2026-02-06 13:19:27,140|INFO|random_mc2_n7_mid3_d1000_05_mr098_r10_185_uai_GDCC_1e-05_n200_roFalse_s0: Loading model from ../models/synthetic/s123/random_mc2_n7_mid3_d1000_05_mr098_r10_185.uai
2026-02-06 13:19:27,161|INFO|random_mc2_n7_mid3_d1000_05_mr098_r10_185_uai_GDCC_1e-05_n200_roFalse_s0: Loading data from ../models/synthetic/s123/random_mc2_n7_mid3_d1000_05_mr098_r10_185.csv
2026-02-06 13:19:27,177|INFO|random_mc2_n7_mid3_d1000_05_mr098_r10_185_uai_GDCC_1e-05_n200_roFalse_s0: PNS(V4,V5) exact: (0.026299086270706, 0.362919468953052)
2026-02-06 13:19:27,240|INFO|random_mc2_n7_mid3_d1000_05_mr098_r10_61_uai_GDCC_1e-05_n200_roFalse_s0: Arguments: Namespace(method='GDCC_1e-05', numruns='200', seed='0', output='../results/synthetic/s123/', rewrite=True, removeoutliers=False, filepath=['../models/synthetic/s123/random_mc2_n7_mid3_d1000_05_mr098_r10_61.uai'])
2026-02-06 13:19:27,240|INFO|random_mc2_n7_mid3_d1000_05_mr098_r10_61_uai_GDCC_1e-05_n200_roFalse_s0: Loading model from ../models/synthetic/s123/random_mc2_n7_mid3_d1000_05_mr098_r10_61.uai
2026-02-06 13:19:27,257|INFO|random_mc2_n7_mid3_d1000_05_mr098_r10_61_uai_GDCC_1e-05_n200_roFalse_s0: Loading data from ../models/synthetic/s123/random_mc2_n7_mid3_d1000_05_mr098_r10_61.csv
2026-02-06 13:19:27,385|INFO|random_mc2_n7_mid3_d1000_05_mr098_r10_40_uai_GDCC_1e-05_n200_roFalse_s0: Arguments: Namespace(method='GDCC_1e-05', numruns='200', seed='0', output='../results/synthetic/s123/', rewrite=True, removeoutliers=False, filepath=['../models/synthetic/s123/random_mc2_n7_mid3_d1000_05_mr098_r10_40.uai'])
2026-02-06 13:19:27,385|INFO|random_mc2_n7_mid3_d1000_05_mr098_r10_40_uai_GDCC_1e-05_n200_roFalse_s0: Loading model from ../models/synthetic/s123/random_mc2_n7_mid3_d1000_05_mr098_r10_40.uai
2026-02-06 13:19:27,417|INFO|random_mc2_n7_mid3_d1000_05_mr098_r10_40_uai_GDCC_1e-05_n200_roFalse_s0: Loading data from ../models/synthetic/s123/random_mc2_n7_mid3_d1000_05_mr098_r10_40.csv
2026-02-06 13:19:27,429|INFO|random_mc2_n7_mid3_d1000_05_mr098_r10_40_uai_GDCC_1e-05_n200_roFalse_s0: PNS(V2,V4) exact: (0.033682517015198, 0.145976403196258)
2026-02-06 13:19:27,558|INFO|random_mc2_n9_mid3_d1000_05_mr098_r10_20_uai_GDCC_1e-05_n200_roTrue_s0: Arguments: Namespace(method='GDCC_1e-05', numruns='200', seed='0', output='../results/synthetic/s123/', rewrite=True, removeoutliers=True, filepath=['../models/synthetic/s123/random_mc2_n9_mid3_d1000_05_mr098_r10_20.uai'])
2026-02-06 13:19:27,558|INFO|random_mc2_n9_mid3_d1000_05_mr098_r10_20_uai_GDCC_1e-05_n200_roTrue_s0: Loading model from ../models/synthetic/s123/random_mc2_n9_mid3_d1000_05_mr098_r10_20.uai
2026-02-06 13:19:27,795|INFO|random_mc2_n9_mid3_d1000_05_mr098_r10_20_uai_GDCC_1e-05_n200_roTrue_s0: Loading data from ../models/synthetic/s123/random_mc2_n9_mid3_d1000_05_mr098_r10_20.csv
2026-02-06 13:19:28,530|INFO|random_mc2_n5_mid3_d1000_05_mr098_r10_103_uai_GDCC_1e-05_n200_roFalse_s0: Arguments: Namespace(method='GDCC_1e-05', numruns='200', seed='0', output='../results/synthetic/s123/', rewrite=True, removeoutliers=False, filepath=['../models/synthetic/s123/random_mc2_n5_mid3_d1000_05_mr098_r10_103.uai'])
2026-02-06 13:19:28,546|INFO|random_mc2_n5_mid3_d1000_05_mr098_r10_41_uai_GDCC_1e-05_n200_roFalse_s0: Arguments: Namespace(method='GDCC_1e-05', numruns='200', seed='0', output='../results/synthetic/s123/', rewrite=True, removeoutliers=False, filepath=['../models/synthetic/s123/random_mc2_n5_mid3_d1000_05_mr098_r10_41.uai'])
2026-02-06 13:19:28,530|INFO|random_mc2_n5_mid3_d1000_05_mr098_r10_103_uai_GDCC_1e-05_n200_roFalse_s0: Loading model from ../models/synthetic/s123/random_mc2_n5_mid3_d1000_05_mr098_r10_103.uai
2026-02-06 13:19:28,545|INFO|random_mc2_n5_mid3_d1000_05_mr098_r10_103_uai_GDCC_1e-05_n200_roFalse_s0: Loading data from ../models/synthetic/s123/random_mc2_n5_mid3_d1000_05_mr098_r10_103.csv
2026-02-06 13:19:28,564|INFO|random_mc2_n5_mid3_d1000_05_mr098_r10_103_uai_GDCC_1e-05_n200_roFalse_s0: PNS(V0,V4) exact: (0.055654259616004, 0.150953979930874)
2026-02-06 13:19:28,572|INFO|random_mc2_n5_mid3_d1000_05_mr098_r10_68_uai_GDCC_1e-05_n200_roFalse_s0: Arguments: Namespace(method='GDCC_1e-05', numruns='200', seed='0', output='../results/synthetic/s123/', rewrite=True, removeoutliers=False, filepath=['../models/synthetic/s123/random_mc2_n5_mid3_d1000_05_mr098_r10_68.uai'])
2026-02-06 13:19:28,546|INFO|random_mc2_n5_mid3_d1000_05_mr098_r10_41_uai_GDCC_1e-05_n200_roFalse_s0: Loading model from ../models/synthetic/s123/random_mc2_n5_mid3_d1000_05_mr098_r10_41.uai
2026-02-06 13:19:28,557|INFO|random_mc2_n5_mid3_d1000_05_mr098_r10_41_uai_GDCC_1e-05_n200_roFalse_s0: Loading data from ../models/synthetic/s123/random_mc2_n5_mid3_d1000_05_mr098_r10_41.csv
2026-02-06 13:19:28,572|INFO|random_mc2_n5_mid3_d1000_05_mr098_r10_41_uai_GDCC_1e-05_n200_roFalse_s0: PNS(V1,V4) exact: (0.0160025338999999, 0.0160025338999999)
2026-02-06 13:19:28,572|INFO|random_mc2_n5_mid3_d1000_05_mr098_r10_68_uai_GDCC_1e-05_n200_roFalse_s0: Loading model from ../models/synthetic/s123/random_mc2_n5_mid3_d1000_05_mr098_r10_68.uai
2026-02-06 13:19:28,579|INFO|random_mc2_n5_mid3_d1000_05_mr098_r10_68_uai_GDCC_1e-05_n200_roFalse_s0: Loading data from ../models/synthetic/s123/random_mc2_n5_mid3_d1000_05_mr098_r10_68.csv
2026-02-06 13:19:28,704|INFO|random_mc2_n6_mid3_d1000_05_mr098_r10_8_uai_GDCC_1e-05_n200_roFalse_s0: Arguments: Namespace(method='GDCC_1e-05', numruns='200', seed='0', output='../results/synthetic/s123/', rewrite=True, removeoutliers=False, filepath=['../models/synthetic/s123/random_mc2_n6_mid3_d1000_05_mr098_r10_8.uai'])
2026-02-06 13:19:28,712|INFO|random_mc2_n6_mid3_d1000_05_mr098_r10_189_uai_GDCC_1e-05_n200_roTrue_s0: Arguments: Namespace(method='GDCC_1e-05', numruns='200', seed='0', output='../results/synthetic/s123/', rewrite=True, removeoutliers=True, filepath=['../models/synthetic/s123/random_mc2_n6_mid3_d1000_05_mr098_r10_189.uai'])
2026-02-06 13:19:28,704|INFO|random_mc2_n6_mid3_d1000_05_mr098_r10_8_uai_GDCC_1e-05_n200_roFalse_s0: Loading model from ../models/synthetic/s123/random_mc2_n6_mid3_d1000_05_mr098_r10_8.uai
2026-02-06 13:19:28,711|INFO|random_mc2_n6_mid3_d1000_05_mr098_r10_8_uai_GDCC_1e-05_n200_roFalse_s0: Loading data from ../models/synthetic/s123/random_mc2_n6_mid3_d1000_05_mr098_r10_8.csv
2026-02-06 13:19:28,724|INFO|random_mc2_n6_mid3_d1000_05_mr098_r10_8_uai_GDCC_1e-05_n200_roFalse_s0: PNS(V0,V3) exact: (0.0, 0.0)
2026-02-06 13:19:28,724|ERROR|random_mc2_n6_mid3_d1000_05_mr098_r10_8_uai_GDCC_1e-05_n200_roFalse_s0: Model does not have any cause-effect path.
2026-02-06 13:19:28,712|INFO|random_mc2_n6_mid3_d1000_05_mr098_r10_189_uai_GDCC_1e-05_n200_roTrue_s0: Loading model from ../models/synthetic/s123/random_mc2_n6_mid3_d1000_05_mr098_r10_189.uai
2026-02-06 13:19:28,724|INFO|random_mc2_n6_mid3_d1000_05_mr098_r10_189_uai_GDCC_1e-05_n200_roTrue_s0: Loading data from ../models/synthetic/s123/random_mc2_n6_mid3_d1000_05_mr098_r10_189.csv
2026-02-06 13:19:28,736|INFO|random_mc2_n6_mid3_d1000_05_mr098_r10_189_uai_GDCC_1e-05_n200_roTrue_s0: PNS(V3,V1) exact: (0.6089314630473477, 0.6883287464300636)
2026-02-06 13:19:28,901|INFO|random_mc2_n9_mid3_d1000_05_mr098_r10_45_uai_GDCC_1e-05_n200_roTrue_s0: Arguments: Namespace(method='GDCC_1e-05', numruns='200', seed='0', output='../results/synthetic/s123/', rewrite=True, removeoutliers=True, filepath=['../models/synthetic/s123/random_mc2_n9_mid3_d1000_05_mr098_r10_45.uai'])
2026-02-06 13:19:28,918|INFO|random_mc2_n7_mid3_d1000_05_mr098_r10_194_uai_GDCC_1e-05_n200_roTrue_s0: Arguments: Namespace(method='GDCC_1e-05', numruns='200', seed='0', output='../results/synthetic/s123/', rewrite=True, removeoutliers=True, filepath=['../models/synthetic/s123/random_mc2_n7_mid3_d1000_05_mr098_r10_194.uai'])
2026-02-06 13:19:28,901|INFO|random_mc2_n9_mid3_d1000_05_mr098_r10_45_uai_GDCC_1e-05_n200_roTrue_s0: Loading model from ../models/synthetic/s123/random_mc2_n9_mid3_d1000_05_mr098_r10_45.uai
2026-02-06 13:19:28,916|INFO|random_mc2_n9_mid3_d1000_05_mr098_r10_45_uai_GDCC_1e-05_n200_roTrue_s0: Loading data from ../models/synthetic/s123/random_mc2_n9_mid3_d1000_05_mr098_r10_45.csv
2026-02-06 13:19:28,934|INFO|random_mc2_n9_mid3_d1000_05_mr098_r10_45_uai_GDCC_1e-05_n200_roTrue_s0: PNS(V4,V5) exact: (0.0019792379219094, 0.0020994991224765)
2026-02-06 13:19:28,948|INFO|random_mc2_n5_mid3_d1000_05_mr098_r10_157_uai_GDCC_1e-05_n200_roTrue_s0: Arguments: Namespace(method='GDCC_1e-05', numruns='200', seed='0', output='../results/synthetic/s123/', rewrite=True, removeoutliers=True, filepath=['../models/synthetic/s123/random_mc2_n5_mid3_d1000_05_mr098_r10_157.uai'])
2026-02-06 13:19:28,918|INFO|random_mc2_n7_mid3_d1000_05_mr098_r10_194_uai_GDCC_1e-05_n200_roTrue_s0: Loading model from ../models/synthetic/s123/random_mc2_n7_mid3_d1000_05_mr098_r10_194.uai
2026-02-06 13:19:28,939|INFO|random_mc2_n7_mid3_d1000_05_mr098_r10_194_uai_GDCC_1e-05_n200_roTrue_s0: Loading data from ../models/synthetic/s123/random_mc2_n7_mid3_d1000_05_mr098_r10_194.csv
2026-02-06 13:19:28,948|INFO|random_mc2_n5_mid3_d1000_05_mr098_r10_157_uai_GDCC_1e-05_n200_roTrue_s0: Loading model from ../models/synthetic/s123/random_mc2_n5_mid3_d1000_05_mr098_r10_157.uai
2026-02-06 13:19:28,961|INFO|random_mc2_n5_mid3_d1000_05_mr098_r10_157_uai_GDCC_1e-05_n200_roTrue_s0: Loading data from ../models/synthetic/s123/random_mc2_n5_mid3_d1000_05_mr098_r10_157.csv
2026-02-06 13:19:37,816|INFO|random_mc2_n8_mid3_d1000_05_mr098_r10_121_uai_GDCC_1e-05_n200_roFalse_s0: Arguments: Namespace(method='GDCC_1e-05', numruns='200', seed='0', output='../results/synthetic/s123/', rewrite=True, removeoutliers=False, filepath=['../models/synthetic/s123/random_mc2_n8_mid3_d1000_05_mr098_r10_121.uai'])
2026-02-06 13:19:37,816|INFO|random_mc2_n8_mid3_d1000_05_mr098_r10_121_uai_GDCC_1e-05_n200_roFalse_s0: Loading model from ../models/synthetic/s123/random_mc2_n8_mid3_d1000_05_mr098_r10_121.uai
2026-02-06 13:19:37,829|INFO|random_mc2_n8_mid3_d1000_05_mr098_r10_121_uai_GDCC_1e-05_n200_roFalse_s0: Loading data from ../models/synthetic/s123/random_mc2_n8_mid3_d1000_05_mr098_r10_121.csv
2026-02-06 13:19:42,318|INFO|random_mc2_n6_mid3_d1000_05_mr098_r10_179_uai_GDCC_1e-05_n200_roTrue_s0: Arguments: Namespace(method='GDCC_1e-05', numruns='200', seed='0', output='../results/synthetic/s123/', rewrite=True, removeoutliers=True, filepath=['../models/synthetic/s123/random_mc2_n6_mid3_d1000_05_mr098_r10_179.uai'])
2026-02-06 13:19:42,318|INFO|random_mc2_n6_mid3_d1000_05_mr098_r10_179_uai_GDCC_1e-05_n200_roTrue_s0: Loading model from ../models/synthetic/s123/random_mc2_n6_mid3_d1000_05_mr098_r10_179.uai
2026-02-06 13:19:42,550|INFO|random_mc2_n6_mid3_d1000_05_mr098_r10_179_uai_GDCC_1e-05_n200_roTrue_s0: Loading data from ../models/synthetic/s123/random_mc2_n6_mid3_d1000_05_mr098_r10_179.csv
2026-02-06 13:19:43,660|INFO|random_mc2_n9_mid3_d1000_05_mr098_r10_141_uai_GDCC_1e-05_n200_roTrue_s0: Arguments: Namespace(method='GDCC_1e-05', numruns='200', seed='0', output='../results/synthetic/s123/', rewrite=True, removeoutliers=True, filepath=['../models/synthetic/s123/random_mc2_n9_mid3_d1000_05_mr098_r10_141.uai'])
2026-02-06 13:19:43,661|INFO|random_mc2_n9_mid3_d1000_05_mr098_r10_141_uai_GDCC_1e-05_n200_roTrue_s0: Loading model from ../models/synthetic/s123/random_mc2_n9_mid3_d1000_05_mr098_r10_141.uai
2026-02-06 13:19:43,682|INFO|random_mc2_n9_mid3_d1000_05_mr098_r10_141_uai_GDCC_1e-05_n200_roTrue_s0: Loading data from ../models/synthetic/s123/random_mc2_n9_mid3_d1000_05_mr098_r10_141.csv
2026-02-06 13:19:43,906|INFO|random_mc2_n9_mid3_d1000_05_mr098_r10_45_uai_GDCC_1e-05_n200_roFalse_s0: Arguments: Namespace(method='GDCC_1e-05', numruns='200', seed='0', output='../results/synthetic/s123/', rewrite=True, removeoutliers=False, filepath=['../models/synthetic/s123/random_mc2_n9_mid3_d1000_05_mr098_r10_45.uai'])
2026-02-06 13:19:43,923|INFO|random_mc2_n5_mid3_d1000_05_mr098_r10_29_uai_GDCC_1e-05_n200_roFalse_s0: Arguments: Namespace(method='GDCC_1e-05', numruns='200', seed='0', output='../results/synthetic/s123/', rewrite=True, removeoutliers=False, filepath=['../models/synthetic/s123/random_mc2_n5_mid3_d1000_05_mr098_r10_29.uai'])
2026-02-06 13:19:43,907|INFO|random_mc2_n9_mid3_d1000_05_mr098_r10_45_uai_GDCC_1e-05_n200_roFalse_s0: Loading model from ../models/synthetic/s123/random_mc2_n9_mid3_d1000_05_mr098_r10_45.uai
2026-02-06 13:19:43,920|INFO|random_mc2_n9_mid3_d1000_05_mr098_r10_45_uai_GDCC_1e-05_n200_roFalse_s0: Loading data from ../models/synthetic/s123/random_mc2_n9_mid3_d1000_05_mr098_r10_45.csv
2026-02-06 13:19:43,935|INFO|random_mc2_n9_mid3_d1000_05_mr098_r10_45_uai_GDCC_1e-05_n200_roFalse_s0: PNS(V4,V5) exact: (0.0019792379219094, 0.0020994991224765)
2026-02-06 13:19:43,923|INFO|random_mc2_n5_mid3_d1000_05_mr098_r10_29_uai_GDCC_1e-05_n200_roFalse_s0: Loading model from ../models/synthetic/s123/random_mc2_n5_mid3_d1000_05_mr098_r10_29.uai
2026-02-06 13:19:43,939|INFO|random_mc2_n5_mid3_d1000_05_mr098_r10_29_uai_GDCC_1e-05_n200_roFalse_s0: Loading data from ../models/synthetic/s123/random_mc2_n5_mid3_d1000_05_mr098_r10_29.csv
2026-02-06 13:19:44,097|INFO|random_mc2_n6_mid3_d1000_05_mr098_r10_178_uai_GDCC_1e-05_n200_roTrue_s0: Arguments: Namespace(method='GDCC_1e-05', numruns='200', seed='0', output='../results/synthetic/s123/', rewrite=True, removeoutliers=True, filepath=['../models/synthetic/s123/random_mc2_n6_mid3_d1000_05_mr098_r10_178.uai'])
2026-02-06 13:19:44,099|INFO|random_mc2_n9_mid3_d1000_05_mr098_r10_11_uai_GDCC_1e-05_n200_roTrue_s0: Arguments: Namespace(method='GDCC_1e-05', numruns='200', seed='0', output='../results/synthetic/s123/', rewrite=True, removeoutliers=True, filepath=['../models/synthetic/s123/random_mc2_n9_mid3_d1000_05_mr098_r10_11.uai'])
2026-02-06 13:19:44,097|INFO|random_mc2_n6_mid3_d1000_05_mr098_r10_178_uai_GDCC_1e-05_n200_roTrue_s0: Loading model from ../models/synthetic/s123/random_mc2_n6_mid3_d1000_05_mr098_r10_178.uai
2026-02-06 13:19:44,112|INFO|random_mc2_n6_mid3_d1000_05_mr098_r10_178_uai_GDCC_1e-05_n200_roTrue_s0: Loading data from ../models/synthetic/s123/random_mc2_n6_mid3_d1000_05_mr098_r10_178.csv
2026-02-06 13:19:44,127|INFO|random_mc2_n6_mid3_d1000_05_mr098_r10_178_uai_GDCC_1e-05_n200_roTrue_s0: PNS(V3,V5) exact: (0.1134567257784353, 0.3551658025191099)
2026-02-06 13:19:44,099|INFO|random_mc2_n9_mid3_d1000_05_mr098_r10_11_uai_GDCC_1e-05_n200_roTrue_s0: Loading model from ../models/synthetic/s123/random_mc2_n9_mid3_d1000_05_mr098_r10_11.uai
2026-02-06 13:19:44,131|INFO|random_mc2_n9_mid3_d1000_05_mr098_r10_11_uai_GDCC_1e-05_n200_roTrue_s0: Loading data from ../models/synthetic/s123/random_mc2_n9_mid3_d1000_05_mr098_r10_11.csv
2026-02-06 13:19:44,705|INFO|random_mc2_n8_mid3_d1000_05_mr098_r10_174_uai_GDCC_1e-05_n200_roFalse_s0: Arguments: Namespace(method='GDCC_1e-05', numruns='200', seed='0', output='../results/synthetic/s123/', rewrite=True, removeoutliers=False, filepath=['../models/synthetic/s123/random_mc2_n8_mid3_d1000_05_mr098_r10_174.uai'])
2026-02-06 13:19:44,710|INFO|random_mc2_n8_mid3_d1000_05_mr098_r10_39_uai_GDCC_1e-05_n200_roTrue_s0: Arguments: Namespace(method='GDCC_1e-05', numruns='200', seed='0', output='../results/synthetic/s123/', rewrite=True, removeoutliers=True, filepath=['../models/synthetic/s123/random_mc2_n8_mid3_d1000_05_mr098_r10_39.uai'])
2026-02-06 13:19:44,740|INFO|random_mc2_n5_mid3_d1000_05_mr098_r10_103_uai_GDCC_1e-05_n200_roTrue_s0: Arguments: Namespace(method='GDCC_1e-05', numruns='200', seed='0', output='../results/synthetic/s123/', rewrite=True, removeoutliers=True, filepath=['../models/synthetic/s123/random_mc2_n5_mid3_d1000_05_mr098_r10_103.uai'])
2026-02-06 13:19:44,743|INFO|random_mc2_n5_mid3_d1000_05_mr098_r10_197_uai_GDCC_1e-05_n200_roTrue_s0: Arguments: Namespace(method='GDCC_1e-05', numruns='200', seed='0', output='../results/synthetic/s123/', rewrite=True, removeoutliers=True, filepath=['../models/synthetic/s123/random_mc2_n5_mid3_d1000_05_mr098_r10_197.uai'])
2026-02-06 13:19:44,705|INFO|random_mc2_n8_mid3_d1000_05_mr098_r10_174_uai_GDCC_1e-05_n200_roFalse_s0: Loading model from ../models/synthetic/s123/random_mc2_n8_mid3_d1000_05_mr098_r10_174.uai
2026-02-06 13:19:44,711|INFO|random_mc2_n8_mid3_d1000_05_mr098_r10_39_uai_GDCC_1e-05_n200_roTrue_s0: Loading model from ../models/synthetic/s123/random_mc2_n8_mid3_d1000_05_mr098_r10_39.uai
2026-02-06 13:19:44,729|INFO|random_mc2_n8_mid3_d1000_05_mr098_r10_39_uai_GDCC_1e-05_n200_roTrue_s0: Loading data from ../models/synthetic/s123/random_mc2_n8_mid3_d1000_05_mr098_r10_39.csv
2026-02-06 13:19:44,740|INFO|random_mc2_n5_mid3_d1000_05_mr098_r10_103_uai_GDCC_1e-05_n200_roTrue_s0: Loading model from ../models/synthetic/s123/random_mc2_n5_mid3_d1000_05_mr098_r10_103.uai
2026-02-06 13:19:44,757|INFO|random_mc2_n5_mid3_d1000_05_mr098_r10_103_uai_GDCC_1e-05_n200_roTrue_s0: Loading data from ../models/synthetic/s123/random_mc2_n5_mid3_d1000_05_mr098_r10_103.csv
2026-02-06 13:19:44,743|INFO|random_mc2_n5_mid3_d1000_05_mr098_r10_197_uai_GDCC_1e-05_n200_roTrue_s0: Loading model from ../models/synthetic/s123/random_mc2_n5_mid3_d1000_05_mr098_r10_197.uai
2026-02-06 13:19:44,776|INFO|random_mc2_n5_mid3_d1000_05_mr098_r10_103_uai_GDCC_1e-05_n200_roTrue_s0: PNS(V0,V4) exact: (0.055654259616004, 0.150953979930874)
2026-02-06 13:19:44,756|INFO|random_mc2_n5_mid3_d1000_05_mr098_r10_197_uai_GDCC_1e-05_n200_roTrue_s0: Loading data from ../models/synthetic/s123/random_mc2_n5_mid3_d1000_05_mr098_r10_197.csv
2026-02-06 13:19:44,776|INFO|random_mc2_n5_mid3_d1000_05_mr098_r10_197_uai_GDCC_1e-05_n200_roTrue_s0: PNS(V0,V2) exact: (0.0654547499999999, 0.0866559)
2026-02-06 13:19:45,003|INFO|random_mc2_n6_mid3_d1000_05_mr098_r10_144_uai_GDCC_1e-05_n200_roFalse_s0: Arguments: Namespace(method='GDCC_1e-05', numruns='200', seed='0', output='../results/synthetic/s123/', rewrite=True, removeoutliers=False, filepath=['../models/synthetic/s123/random_mc2_n6_mid3_d1000_05_mr098_r10_144.uai'])
2026-02-06 13:19:45,009|INFO|random_mc2_n7_mid3_d1000_05_mr098_r10_91_uai_GDCC_1e-05_n200_roTrue_s0: Arguments: Namespace(method='GDCC_1e-05', numruns='200', seed='0', output='../results/synthetic/s123/', rewrite=True, removeoutliers=True, filepath=['../models/synthetic/s123/random_mc2_n7_mid3_d1000_05_mr098_r10_91.uai'])
2026-02-06 13:19:45,021|INFO|random_mc2_n8_mid3_d1000_05_mr098_r10_174_uai_GDCC_1e-05_n200_roFalse_s0: Loading data from ../models/synthetic/s123/random_mc2_n8_mid3_d1000_05_mr098_r10_174.csv
2026-02-06 13:19:45,003|INFO|random_mc2_n6_mid3_d1000_05_mr098_r10_144_uai_GDCC_1e-05_n200_roFalse_s0: Loading model from ../models/synthetic/s123/random_mc2_n6_mid3_d1000_05_mr098_r10_144.uai
2026-02-06 13:19:45,018|INFO|random_mc2_n6_mid3_d1000_05_mr098_r10_144_uai_GDCC_1e-05_n200_roFalse_s0: Loading data from ../models/synthetic/s123/random_mc2_n6_mid3_d1000_05_mr098_r10_144.csv
2026-02-06 13:19:45,033|INFO|random_mc2_n6_mid3_d1000_05_mr098_r10_144_uai_GDCC_1e-05_n200_roFalse_s0: PNS(V1,V4) exact: (0.0105806483115999, 0.0362963028616)
2026-02-06 13:19:45,009|INFO|random_mc2_n7_mid3_d1000_05_mr098_r10_91_uai_GDCC_1e-05_n200_roTrue_s0: Loading model from ../models/synthetic/s123/random_mc2_n7_mid3_d1000_05_mr098_r10_91.uai
2026-02-06 13:19:45,055|INFO|random_mc2_n8_mid3_d1000_05_mr098_r10_175_uai_GDCC_1e-05_n200_roTrue_s0: Arguments: Namespace(method='GDCC_1e-05', numruns='200', seed='0', output='../results/synthetic/s123/', rewrite=True, removeoutliers=True, filepath=['../models/synthetic/s123/random_mc2_n8_mid3_d1000_05_mr098_r10_175.uai'])
2026-02-06 13:19:45,070|INFO|random_mc2_n5_mid3_d1000_05_mr098_r10_159_uai_GDCC_1e-05_n200_roFalse_s0: Arguments: Namespace(method='GDCC_1e-05', numruns='200', seed='0', output='../results/synthetic/s123/', rewrite=True, removeoutliers=False, filepath=['../models/synthetic/s123/random_mc2_n5_mid3_d1000_05_mr098_r10_159.uai'])
2026-02-06 13:19:45,071|INFO|random_mc2_n7_mid3_d1000_05_mr098_r10_91_uai_GDCC_1e-05_n200_roTrue_s0: Loading data from ../models/synthetic/s123/random_mc2_n7_mid3_d1000_05_mr098_r10_91.csv
2026-02-06 13:19:45,055|INFO|random_mc2_n8_mid3_d1000_05_mr098_r10_175_uai_GDCC_1e-05_n200_roTrue_s0: Loading model from ../models/synthetic/s123/random_mc2_n8_mid3_d1000_05_mr098_r10_175.uai
2026-02-06 13:19:45,097|INFO|random_mc2_n8_mid3_d1000_05_mr098_r10_175_uai_GDCC_1e-05_n200_roTrue_s0: Loading data from ../models/synthetic/s123/random_mc2_n8_mid3_d1000_05_mr098_r10_175.csv
2026-02-06 13:19:45,070|INFO|random_mc2_n5_mid3_d1000_05_mr098_r10_159_uai_GDCC_1e-05_n200_roFalse_s0: Loading model from ../models/synthetic/s123/random_mc2_n5_mid3_d1000_05_mr098_r10_159.uai
2026-02-06 13:19:45,084|INFO|random_mc2_n5_mid3_d1000_05_mr098_r10_159_uai_GDCC_1e-05_n200_roFalse_s0: Loading data from ../models/synthetic/s123/random_mc2_n5_mid3_d1000_05_mr098_r10_159.csv
2026-02-06 13:19:45,098|INFO|random_mc2_n5_mid3_d1000_05_mr098_r10_159_uai_GDCC_1e-05_n200_roFalse_s0: PNS(V0,V2) exact: (0.1049462695, 0.4703933717)
2026-02-06 13:19:45,187|INFO|random_mc2_n5_mid3_d1000_05_mr098_r10_132_uai_GDCC_1e-05_n200_roTrue_s0: Arguments: Namespace(method='GDCC_1e-05', numruns='200', seed='0', output='../results/synthetic/s123/', rewrite=True, removeoutliers=True, filepath=['../models/synthetic/s123/random_mc2_n5_mid3_d1000_05_mr098_r10_132.uai'])
2026-02-06 13:19:45,220|INFO|random_mc2_n6_mid3_d1000_05_mr098_r10_117_uai_GDCC_1e-05_n200_roFalse_s0: Arguments: Namespace(method='GDCC_1e-05', numruns='200', seed='0', output='../results/synthetic/s123/', rewrite=True, removeoutliers=False, filepath=['../models/synthetic/s123/random_mc2_n6_mid3_d1000_05_mr098_r10_117.uai'])
2026-02-06 13:19:45,187|INFO|random_mc2_n5_mid3_d1000_05_mr098_r10_132_uai_GDCC_1e-05_n200_roTrue_s0: Loading model from ../models/synthetic/s123/random_mc2_n5_mid3_d1000_05_mr098_r10_132.uai
2026-02-06 13:19:45,194|INFO|random_mc2_n5_mid3_d1000_05_mr098_r10_132_uai_GDCC_1e-05_n200_roTrue_s0: Loading data from ../models/synthetic/s123/random_mc2_n5_mid3_d1000_05_mr098_r10_132.csv
2026-02-06 13:19:45,206|INFO|random_mc2_n5_mid3_d1000_05_mr098_r10_132_uai_GDCC_1e-05_n200_roTrue_s0: PNS(V0,V2) exact: (0.0, 0.0)
2026-02-06 13:19:45,206|ERROR|random_mc2_n5_mid3_d1000_05_mr098_r10_132_uai_GDCC_1e-05_n200_roTrue_s0: Model does not have any cause-effect path.
2026-02-06 13:19:45,243|INFO|random_mc2_n6_mid3_d1000_05_mr098_r10_60_uai_GDCC_1e-05_n200_roTrue_s0: Arguments: Namespace(method='GDCC_1e-05', numruns='200', seed='0', output='../results/synthetic/s123/', rewrite=True, removeoutliers=True, filepath=['../models/synthetic/s123/random_mc2_n6_mid3_d1000_05_mr098_r10_60.uai'])
2026-02-06 13:19:45,220|INFO|random_mc2_n6_mid3_d1000_05_mr098_r10_117_uai_GDCC_1e-05_n200_roFalse_s0: Loading model from ../models/synthetic/s123/random_mc2_n6_mid3_d1000_05_mr098_r10_117.uai
2026-02-06 13:19:45,232|INFO|random_mc2_n6_mid3_d1000_05_mr098_r10_117_uai_GDCC_1e-05_n200_roFalse_s0: Loading data from ../models/synthetic/s123/random_mc2_n6_mid3_d1000_05_mr098_r10_117.csv
2026-02-06 13:19:45,243|INFO|random_mc2_n6_mid3_d1000_05_mr098_r10_60_uai_GDCC_1e-05_n200_roTrue_s0: Loading model from ../models/synthetic/s123/random_mc2_n6_mid3_d1000_05_mr098_r10_60.uai
2026-02-06 13:19:45,258|INFO|random_mc2_n6_mid3_d1000_05_mr098_r10_60_uai_GDCC_1e-05_n200_roTrue_s0: Loading data from ../models/synthetic/s123/random_mc2_n6_mid3_d1000_05_mr098_r10_60.csv
2026-02-06 13:19:45,271|INFO|random_mc2_n6_mid3_d1000_05_mr098_r10_60_uai_GDCC_1e-05_n200_roTrue_s0: PNS(V2,V1) exact: (0.01063473235, 0.0254823380132)
2026-02-06 13:19:45,299|INFO|random_mc2_n5_mid3_d1000_05_mr098_r10_4_uai_GDCC_1e-05_n200_roTrue_s0: Arguments: Namespace(method='GDCC_1e-05', numruns='200', seed='0', output='../results/synthetic/s123/', rewrite=True, removeoutliers=True, filepath=['../models/synthetic/s123/random_mc2_n5_mid3_d1000_05_mr098_r10_4.uai'])
2026-02-06 13:19:45,305|INFO|random_mc2_n6_mid3_d1000_05_mr098_r10_11_uai_GDCC_1e-05_n200_roTrue_s0: Arguments: Namespace(method='GDCC_1e-05', numruns='200', seed='0', output='../results/synthetic/s123/', rewrite=True, removeoutliers=True, filepath=['../models/synthetic/s123/random_mc2_n6_mid3_d1000_05_mr098_r10_11.uai'])
2026-02-06 13:19:45,316|INFO|random_mc2_n6_mid3_d1000_05_mr098_r10_185_uai_GDCC_1e-05_n200_roFalse_s0: Arguments: Namespace(method='GDCC_1e-05', numruns='200', seed='0', output='../results/synthetic/s123/', rewrite=True, removeoutliers=False, filepath=['../models/synthetic/s123/random_mc2_n6_mid3_d1000_05_mr098_r10_185.uai'])
2026-02-06 13:19:45,299|INFO|random_mc2_n5_mid3_d1000_05_mr098_r10_4_uai_GDCC_1e-05_n200_roTrue_s0: Loading model from ../models/synthetic/s123/random_mc2_n5_mid3_d1000_05_mr098_r10_4.uai
2026-02-06 13:19:45,308|INFO|random_mc2_n5_mid3_d1000_05_mr098_r10_4_uai_GDCC_1e-05_n200_roTrue_s0: Loading data from ../models/synthetic/s123/random_mc2_n5_mid3_d1000_05_mr098_r10_4.csv
2026-02-06 13:19:45,321|INFO|random_mc2_n5_mid3_d1000_05_mr098_r10_4_uai_GDCC_1e-05_n200_roTrue_s0: PNS(V1,V3) exact: (0.008115440172339, 0.040113058343352)
2026-02-06 13:19:45,305|INFO|random_mc2_n6_mid3_d1000_05_mr098_r10_11_uai_GDCC_1e-05_n200_roTrue_s0: Loading model from ../models/synthetic/s123/random_mc2_n6_mid3_d1000_05_mr098_r10_11.uai
2026-02-06 13:19:45,320|INFO|random_mc2_n6_mid3_d1000_05_mr098_r10_11_uai_GDCC_1e-05_n200_roTrue_s0: Loading data from ../models/synthetic/s123/random_mc2_n6_mid3_d1000_05_mr098_r10_11.csv
2026-02-06 13:19:45,332|INFO|random_mc2_n6_mid3_d1000_05_mr098_r10_11_uai_GDCC_1e-05_n200_roTrue_s0: PNS(V5,V0) exact: (0.226887276, 0.345199661)
2026-02-06 13:19:45,348|INFO|random_mc2_n7_mid3_d1000_05_mr098_r10_65_uai_GDCC_1e-05_n200_roFalse_s0: Arguments: Namespace(method='GDCC_1e-05', numruns='200', seed='0', output='../results/synthetic/s123/', rewrite=True, removeoutliers=False, filepath=['../models/synthetic/s123/random_mc2_n7_mid3_d1000_05_mr098_r10_65.uai'])
2026-02-06 13:19:45,316|INFO|random_mc2_n6_mid3_d1000_05_mr098_r10_185_uai_GDCC_1e-05_n200_roFalse_s0: Loading model from ../models/synthetic/s123/random_mc2_n6_mid3_d1000_05_mr098_r10_185.uai
2026-02-06 13:19:45,330|INFO|random_mc2_n6_mid3_d1000_05_mr098_r10_185_uai_GDCC_1e-05_n200_roFalse_s0: Loading data from ../models/synthetic/s123/random_mc2_n6_mid3_d1000_05_mr098_r10_185.csv
2026-02-06 13:19:45,348|INFO|random_mc2_n7_mid3_d1000_05_mr098_r10_65_uai_GDCC_1e-05_n200_roFalse_s0: Loading model from ../models/synthetic/s123/random_mc2_n7_mid3_d1000_05_mr098_r10_65.uai
2026-02-06 13:19:45,361|INFO|random_mc2_n7_mid3_d1000_05_mr098_r10_65_uai_GDCC_1e-05_n200_roFalse_s0: Loading data from ../models/synthetic/s123/random_mc2_n7_mid3_d1000_05_mr098_r10_65.csv
2026-02-06 13:19:45,372|INFO|random_mc2_n7_mid3_d1000_05_mr098_r10_65_uai_GDCC_1e-05_n200_roFalse_s0: PNS(V1,V0) exact: (0.1520312774315468, 0.2103249985205253)
2026-02-06 13:19:45,596|INFO|random_mc2_n5_mid3_d1000_05_mr098_r10_181_uai_GDCC_1e-05_n200_roFalse_s0: Arguments: Namespace(method='GDCC_1e-05', numruns='200', seed='0', output='../results/synthetic/s123/', rewrite=True, removeoutliers=False, filepath=['../models/synthetic/s123/random_mc2_n5_mid3_d1000_05_mr098_r10_181.uai'])
2026-02-06 13:19:45,618|INFO|random_mc2_n6_mid3_d1000_05_mr098_r10_20_uai_GDCC_1e-05_n200_roFalse_s0: Arguments: Namespace(method='GDCC_1e-05', numruns='200', seed='0', output='../results/synthetic/s123/', rewrite=True, removeoutliers=False, filepath=['../models/synthetic/s123/random_mc2_n6_mid3_d1000_05_mr098_r10_20.uai'])
2026-02-06 13:19:45,596|INFO|random_mc2_n5_mid3_d1000_05_mr098_r10_181_uai_GDCC_1e-05_n200_roFalse_s0: Loading model from ../models/synthetic/s123/random_mc2_n5_mid3_d1000_05_mr098_r10_181.uai
2026-02-06 13:19:45,617|INFO|random_mc2_n5_mid3_d1000_05_mr098_r10_181_uai_GDCC_1e-05_n200_roFalse_s0: Loading data from ../models/synthetic/s123/random_mc2_n5_mid3_d1000_05_mr098_r10_181.csv
2026-02-06 13:19:45,618|INFO|random_mc2_n6_mid3_d1000_05_mr098_r10_20_uai_GDCC_1e-05_n200_roFalse_s0: Loading model from ../models/synthetic/s123/random_mc2_n6_mid3_d1000_05_mr098_r10_20.uai
2026-02-06 13:19:45,637|INFO|random_mc2_n6_mid3_d1000_05_mr098_r10_20_uai_GDCC_1e-05_n200_roFalse_s0: Loading data from ../models/synthetic/s123/random_mc2_n6_mid3_d1000_05_mr098_r10_20.csv
2026-02-06 13:19:45,669|INFO|random_mc2_n7_mid3_d1000_05_mr098_r10_93_uai_GDCC_1e-05_n200_roTrue_s0: Arguments: Namespace(method='GDCC_1e-05', numruns='200', seed='0', output='../results/synthetic/s123/', rewrite=True, removeoutliers=True, filepath=['../models/synthetic/s123/random_mc2_n7_mid3_d1000_05_mr098_r10_93.uai'])
2026-02-06 13:19:45,688|INFO|random_mc2_n5_mid3_d1000_05_mr098_r10_114_uai_GDCC_1e-05_n200_roTrue_s0: Arguments: Namespace(method='GDCC_1e-05', numruns='200', seed='0', output='../results/synthetic/s123/', rewrite=True, removeoutliers=True, filepath=['../models/synthetic/s123/random_mc2_n5_mid3_d1000_05_mr098_r10_114.uai'])
2026-02-06 13:19:45,704|INFO|random_mc2_n7_mid3_d1000_05_mr098_r10_170_uai_GDCC_1e-05_n200_roFalse_s0: Arguments: Namespace(method='GDCC_1e-05', numruns='200', seed='0', output='../results/synthetic/s123/', rewrite=True, removeoutliers=False, filepath=['../models/synthetic/s123/random_mc2_n7_mid3_d1000_05_mr098_r10_170.uai'])
2026-02-06 13:19:45,669|INFO|random_mc2_n7_mid3_d1000_05_mr098_r10_93_uai_GDCC_1e-05_n200_roTrue_s0: Loading model from ../models/synthetic/s123/random_mc2_n7_mid3_d1000_05_mr098_r10_93.uai
2026-02-06 13:19:45,682|INFO|random_mc2_n7_mid3_d1000_05_mr098_r10_93_uai_GDCC_1e-05_n200_roTrue_s0: Loading data from ../models/synthetic/s123/random_mc2_n7_mid3_d1000_05_mr098_r10_93.csv
2026-02-06 13:19:45,689|INFO|random_mc2_n5_mid3_d1000_05_mr098_r10_114_uai_GDCC_1e-05_n200_roTrue_s0: Loading model from ../models/synthetic/s123/random_mc2_n5_mid3_d1000_05_mr098_r10_114.uai
2026-02-06 13:19:45,715|INFO|random_mc2_n5_mid3_d1000_05_mr098_r10_114_uai_GDCC_1e-05_n200_roTrue_s0: Loading data from ../models/synthetic/s123/random_mc2_n5_mid3_d1000_05_mr098_r10_114.csv
2026-02-06 13:19:45,704|INFO|random_mc2_n7_mid3_d1000_05_mr098_r10_170_uai_GDCC_1e-05_n200_roFalse_s0: Loading model from ../models/synthetic/s123/random_mc2_n7_mid3_d1000_05_mr098_r10_170.uai
2026-02-06 13:19:45,720|INFO|random_mc2_n7_mid3_d1000_05_mr098_r10_170_uai_GDCC_1e-05_n200_roFalse_s0: Loading data from ../models/synthetic/s123/random_mc2_n7_mid3_d1000_05_mr098_r10_170.csv
2026-02-06 13:19:45,733|INFO|random_mc2_n7_mid3_d1000_05_mr098_r10_170_uai_GDCC_1e-05_n200_roFalse_s0: PNS(V1,V3) exact: (0.0061237, 0.1216942)
2026-02-06 13:19:45,899|INFO|random_mc2_n7_mid3_d1000_05_mr098_r10_46_uai_GDCC_1e-05_n200_roFalse_s0: Arguments: Namespace(method='GDCC_1e-05', numruns='200', seed='0', output='../results/synthetic/s123/', rewrite=True, removeoutliers=False, filepath=['../models/synthetic/s123/random_mc2_n7_mid3_d1000_05_mr098_r10_46.uai'])
2026-02-06 13:19:45,899|INFO|random_mc2_n7_mid3_d1000_05_mr098_r10_46_uai_GDCC_1e-05_n200_roFalse_s0: Loading model from ../models/synthetic/s123/random_mc2_n7_mid3_d1000_05_mr098_r10_46.uai
2026-02-06 13:19:45,911|INFO|random_mc2_n7_mid3_d1000_05_mr098_r10_46_uai_GDCC_1e-05_n200_roFalse_s0: Loading data from ../models/synthetic/s123/random_mc2_n7_mid3_d1000_05_mr098_r10_46.csv
2026-02-06 13:19:45,927|INFO|random_mc2_n7_mid3_d1000_05_mr098_r10_46_uai_GDCC_1e-05_n200_roFalse_s0: PNS(V1,V4) exact: (0.00791105, 0.013410082)
2026-02-06 13:19:46,246|INFO|random_mc2_n6_mid3_d1000_05_mr098_r10_160_uai_GDCC_1e-05_n200_roTrue_s0: Arguments: Namespace(method='GDCC_1e-05', numruns='200', seed='0', output='../results/synthetic/s123/', rewrite=True, removeoutliers=True, filepath=['../models/synthetic/s123/random_mc2_n6_mid3_d1000_05_mr098_r10_160.uai'])
2026-02-06 13:19:46,247|INFO|random_mc2_n6_mid3_d1000_05_mr098_r10_160_uai_GDCC_1e-05_n200_roTrue_s0: Loading model from ../models/synthetic/s123/random_mc2_n6_mid3_d1000_05_mr098_r10_160.uai
2026-02-06 13:19:46,277|INFO|random_mc2_n6_mid3_d1000_05_mr098_r10_160_uai_GDCC_1e-05_n200_roTrue_s0: Loading data from ../models/synthetic/s123/random_mc2_n6_mid3_d1000_05_mr098_r10_160.csv
2026-02-06 13:19:46,337|INFO|random_mc2_n5_mid3_d1000_05_mr098_r10_59_uai_GDCC_1e-05_n200_roFalse_s0: Arguments: Namespace(method='GDCC_1e-05', numruns='200', seed='0', output='../results/synthetic/s123/', rewrite=True, removeoutliers=False, filepath=['../models/synthetic/s123/random_mc2_n5_mid3_d1000_05_mr098_r10_59.uai'])
2026-02-06 13:19:46,337|INFO|random_mc2_n5_mid3_d1000_05_mr098_r10_59_uai_GDCC_1e-05_n200_roFalse_s0: Loading model from ../models/synthetic/s123/random_mc2_n5_mid3_d1000_05_mr098_r10_59.uai
2026-02-06 13:19:46,347|INFO|random_mc2_n5_mid3_d1000_05_mr098_r10_59_uai_GDCC_1e-05_n200_roFalse_s0: Loading data from ../models/synthetic/s123/random_mc2_n5_mid3_d1000_05_mr098_r10_59.csv
2026-02-06 13:19:46,366|INFO|random_mc2_n5_mid3_d1000_05_mr098_r10_59_uai_GDCC_1e-05_n200_roFalse_s0: PNS(V2,V4) exact: (0.0, 0.0673840516)
2026-02-06 13:19:47,155|INFO|random_mc2_n9_mid3_d1000_05_mr098_r10_198_uai_GDCC_1e-05_n200_roFalse_s0: Arguments: Namespace(method='GDCC_1e-05', numruns='200', seed='0', output='../results/synthetic/s123/', rewrite=True, removeoutliers=False, filepath=['../models/synthetic/s123/random_mc2_n9_mid3_d1000_05_mr098_r10_198.uai'])
2026-02-06 13:19:47,156|INFO|random_mc2_n9_mid3_d1000_05_mr098_r10_198_uai_GDCC_1e-05_n200_roFalse_s0: Loading model from ../models/synthetic/s123/random_mc2_n9_mid3_d1000_05_mr098_r10_198.uai
2026-02-06 13:19:47,175|INFO|random_mc2_n9_mid3_d1000_05_mr098_r10_198_uai_GDCC_1e-05_n200_roFalse_s0: Loading data from ../models/synthetic/s123/random_mc2_n9_mid3_d1000_05_mr098_r10_198.csv
2026-02-06 13:19:47,340|INFO|random_mc2_n6_mid3_d1000_05_mr098_r10_167_uai_GDCC_1e-05_n200_roFalse_s0: Arguments: Namespace(method='GDCC_1e-05', numruns='200', seed='0', output='../results/synthetic/s123/', rewrite=True, removeoutliers=False, filepath=['../models/synthetic/s123/random_mc2_n6_mid3_d1000_05_mr098_r10_167.uai'])
2026-02-06 13:19:47,340|INFO|random_mc2_n6_mid3_d1000_05_mr098_r10_167_uai_GDCC_1e-05_n200_roFalse_s0: Loading model from ../models/synthetic/s123/random_mc2_n6_mid3_d1000_05_mr098_r10_167.uai
2026-02-06 13:19:47,356|INFO|random_mc2_n6_mid3_d1000_05_mr098_r10_167_uai_GDCC_1e-05_n200_roFalse_s0: Loading data from ../models/synthetic/s123/random_mc2_n6_mid3_d1000_05_mr098_r10_167.csv
2026-02-06 13:19:47,374|INFO|random_mc2_n6_mid3_d1000_05_mr098_r10_167_uai_GDCC_1e-05_n200_roFalse_s0: PNS(V2,V1) exact: (0.0056271242, 0.1343609088)
2026-02-06 13:19:47,448|INFO|random_mc2_n6_mid3_d1000_05_mr098_r10_100_uai_GDCC_1e-05_n200_roFalse_s0: Arguments: Namespace(method='GDCC_1e-05', numruns='200', seed='0', output='../results/synthetic/s123/', rewrite=True, removeoutliers=False, filepath=['../models/synthetic/s123/random_mc2_n6_mid3_d1000_05_mr098_r10_100.uai'])
2026-02-06 13:19:47,461|INFO|random_mc2_n5_mid3_d1000_05_mr098_r10_20_uai_GDCC_1e-05_n200_roTrue_s0: Arguments: Namespace(method='GDCC_1e-05', numruns='200', seed='0', output='../results/synthetic/s123/', rewrite=True, removeoutliers=True, filepath=['../models/synthetic/s123/random_mc2_n5_mid3_d1000_05_mr098_r10_20.uai'])
2026-02-06 13:19:47,448|INFO|random_mc2_n6_mid3_d1000_05_mr098_r10_100_uai_GDCC_1e-05_n200_roFalse_s0: Loading model from ../models/synthetic/s123/random_mc2_n6_mid3_d1000_05_mr098_r10_100.uai
2026-02-06 13:19:47,467|INFO|random_mc2_n6_mid3_d1000_05_mr098_r10_100_uai_GDCC_1e-05_n200_roFalse_s0: Loading data from ../models/synthetic/s123/random_mc2_n6_mid3_d1000_05_mr098_r10_100.csv
2026-02-06 13:19:47,492|INFO|random_mc2_n6_mid3_d1000_05_mr098_r10_100_uai_GDCC_1e-05_n200_roFalse_s0: PNS(V1,V4) exact: (0.171264845032, 0.302367839752)
2026-02-06 13:19:47,462|INFO|random_mc2_n5_mid3_d1000_05_mr098_r10_20_uai_GDCC_1e-05_n200_roTrue_s0: Loading model from ../models/synthetic/s123/random_mc2_n5_mid3_d1000_05_mr098_r10_20.uai
2026-02-06 13:19:47,475|INFO|random_mc2_n5_mid3_d1000_05_mr098_r10_20_uai_GDCC_1e-05_n200_roTrue_s0: Loading data from ../models/synthetic/s123/random_mc2_n5_mid3_d1000_05_mr098_r10_20.csv
2026-02-06 13:19:48,113|INFO|random_mc2_n5_mid3_d1000_05_mr098_r10_63_uai_GDCC_1e-05_n200_roTrue_s0: Arguments: Namespace(method='GDCC_1e-05', numruns='200', seed='0', output='../results/synthetic/s123/', rewrite=True, removeoutliers=True, filepath=['../models/synthetic/s123/random_mc2_n5_mid3_d1000_05_mr098_r10_63.uai'])
2026-02-06 13:19:48,114|INFO|random_mc2_n5_mid3_d1000_05_mr098_r10_63_uai_GDCC_1e-05_n200_roTrue_s0: Loading model from ../models/synthetic/s123/random_mc2_n5_mid3_d1000_05_mr098_r10_63.uai
2026-02-06 13:19:48,118|INFO|random_mc2_n5_mid3_d1000_05_mr098_r10_63_uai_GDCC_1e-05_n200_roTrue_s0: Loading data from ../models/synthetic/s123/random_mc2_n5_mid3_d1000_05_mr098_r10_63.csv
2026-02-06 13:19:48,131|INFO|random_mc2_n5_mid3_d1000_05_mr098_r10_63_uai_GDCC_1e-05_n200_roTrue_s0: PNS(V4,V1) exact: (0.0, 0.1702281)
2026-02-06 13:19:52,203|INFO|random_mc2_n6_mid3_d1000_05_mr098_r10_189_uai_GDCC_1e-05_n200_roFalse_s0: Arguments: Namespace(method='GDCC_1e-05', numruns='200', seed='0', output='../results/synthetic/s123/', rewrite=True, removeoutliers=False, filepath=['../models/synthetic/s123/random_mc2_n6_mid3_d1000_05_mr098_r10_189.uai'])
2026-02-06 13:19:52,203|INFO|random_mc2_n6_mid3_d1000_05_mr098_r10_189_uai_GDCC_1e-05_n200_roFalse_s0: Loading model from ../models/synthetic/s123/random_mc2_n6_mid3_d1000_05_mr098_r10_189.uai
2026-02-06 13:19:52,219|INFO|random_mc2_n6_mid3_d1000_05_mr098_r10_189_uai_GDCC_1e-05_n200_roFalse_s0: Loading data from ../models/synthetic/s123/random_mc2_n6_mid3_d1000_05_mr098_r10_189.csv
2026-02-06 13:19:52,237|INFO|random_mc2_n6_mid3_d1000_05_mr098_r10_189_uai_GDCC_1e-05_n200_roFalse_s0: PNS(V3,V1) exact: (0.6089314630473477, 0.6883287464300636)
2026-02-06 13:19:52,380|INFO|random_mc2_n9_mid3_d1000_05_mr098_r10_152_uai_GDCC_1e-05_n200_roFalse_s0: Arguments: Namespace(method='GDCC_1e-05', numruns='200', seed='0', output='../results/synthetic/s123/', rewrite=True, removeoutliers=False, filepath=['../models/synthetic/s123/random_mc2_n9_mid3_d1000_05_mr098_r10_152.uai'])
2026-02-06 13:19:52,380|INFO|random_mc2_n9_mid3_d1000_05_mr098_r10_152_uai_GDCC_1e-05_n200_roFalse_s0: Loading model from ../models/synthetic/s123/random_mc2_n9_mid3_d1000_05_mr098_r10_152.uai
2026-02-06 13:19:52,417|INFO|random_mc2_n9_mid3_d1000_05_mr098_r10_152_uai_GDCC_1e-05_n200_roFalse_s0: Loading data from ../models/synthetic/s123/random_mc2_n9_mid3_d1000_05_mr098_r10_152.csv
2026-02-06 13:19:52,433|INFO|random_mc2_n9_mid3_d1000_05_mr098_r10_152_uai_GDCC_1e-05_n200_roFalse_s0: PNS(V4,V6) exact: (0.0985718975711222, 0.2731262523008737)
2026-02-06 13:19:52,543|INFO|random_mc2_n5_mid3_d1000_05_mr098_r10_116_uai_GDCC_1e-05_n200_roFalse_s0: Arguments: Namespace(method='GDCC_1e-05', numruns='200', seed='0', output='../results/synthetic/s123/', rewrite=True, removeoutliers=False, filepath=['../models/synthetic/s123/random_mc2_n5_mid3_d1000_05_mr098_r10_116.uai'])
2026-02-06 13:19:52,543|INFO|random_mc2_n5_mid3_d1000_05_mr098_r10_116_uai_GDCC_1e-05_n200_roFalse_s0: Loading model from ../models/synthetic/s123/random_mc2_n5_mid3_d1000_05_mr098_r10_116.uai
2026-02-06 13:19:52,550|INFO|random_mc2_n5_mid3_d1000_05_mr098_r10_116_uai_GDCC_1e-05_n200_roFalse_s0: Loading data from ../models/synthetic/s123/random_mc2_n5_mid3_d1000_05_mr098_r10_116.csv
2026-02-06 13:19:52,563|INFO|random_mc2_n5_mid3_d1000_05_mr098_r10_116_uai_GDCC_1e-05_n200_roFalse_s0: PNS(V1,V3) exact: (0.0, 0.0017957419812)
2026-02-06 13:19:52,584|INFO|random_mc2_n6_mid3_d1000_05_mr098_r10_24_uai_GDCC_1e-05_n200_roFalse_s0: Arguments: Namespace(method='GDCC_1e-05', numruns='200', seed='0', output='../results/synthetic/s123/', rewrite=True, removeoutliers=False, filepath=['../models/synthetic/s123/random_mc2_n6_mid3_d1000_05_mr098_r10_24.uai'])
2026-02-06 13:19:52,608|INFO|random_mc2_n6_mid3_d1000_05_mr098_r10_115_uai_GDCC_1e-05_n200_roFalse_s0: Arguments: Namespace(method='GDCC_1e-05', numruns='200', seed='0', output='../results/synthetic/s123/', rewrite=True, removeoutliers=False, filepath=['../models/synthetic/s123/random_mc2_n6_mid3_d1000_05_mr098_r10_115.uai'])
2026-02-06 13:19:52,585|INFO|random_mc2_n6_mid3_d1000_05_mr098_r10_24_uai_GDCC_1e-05_n200_roFalse_s0: Loading model from ../models/synthetic/s123/random_mc2_n6_mid3_d1000_05_mr098_r10_24.uai
2026-02-06 13:19:52,601|INFO|random_mc2_n6_mid3_d1000_05_mr098_r10_24_uai_GDCC_1e-05_n200_roFalse_s0: Loading data from ../models/synthetic/s123/random_mc2_n6_mid3_d1000_05_mr098_r10_24.csv
2026-02-06 13:19:52,609|INFO|random_mc2_n6_mid3_d1000_05_mr098_r10_115_uai_GDCC_1e-05_n200_roFalse_s0: Loading model from ../models/synthetic/s123/random_mc2_n6_mid3_d1000_05_mr098_r10_115.uai
2026-02-06 13:19:52,628|INFO|random_mc2_n6_mid3_d1000_05_mr098_r10_115_uai_GDCC_1e-05_n200_roFalse_s0: Loading data from ../models/synthetic/s123/random_mc2_n6_mid3_d1000_05_mr098_r10_115.csv
2026-02-06 13:19:52,794|INFO|random_mc2_n6_mid3_d1000_05_mr098_r10_13_uai_GDCC_1e-05_n200_roFalse_s0: Arguments: Namespace(method='GDCC_1e-05', numruns='200', seed='0', output='../results/synthetic/s123/', rewrite=True, removeoutliers=False, filepath=['../models/synthetic/s123/random_mc2_n6_mid3_d1000_05_mr098_r10_13.uai'])
2026-02-06 13:19:52,794|INFO|random_mc2_n6_mid3_d1000_05_mr098_r10_13_uai_GDCC_1e-05_n200_roFalse_s0: Loading model from ../models/synthetic/s123/random_mc2_n6_mid3_d1000_05_mr098_r10_13.uai
2026-02-06 13:19:52,805|INFO|random_mc2_n6_mid3_d1000_05_mr098_r10_13_uai_GDCC_1e-05_n200_roFalse_s0: Loading data from ../models/synthetic/s123/random_mc2_n6_mid3_d1000_05_mr098_r10_13.csv
2026-02-06 13:19:54,475|INFO|random_mc2_n8_mid3_d1000_05_mr098_r10_29_uai_GDCC_1e-05_n200_roTrue_s0: Arguments: Namespace(method='GDCC_1e-05', numruns='200', seed='0', output='../results/synthetic/s123/', rewrite=True, removeoutliers=True, filepath=['../models/synthetic/s123/random_mc2_n8_mid3_d1000_05_mr098_r10_29.uai'])
2026-02-06 13:19:54,481|INFO|random_mc2_n8_mid3_d1000_05_mr098_r10_16_uai_GDCC_1e-05_n200_roFalse_s0: Arguments: Namespace(method='GDCC_1e-05', numruns='200', seed='0', output='../results/synthetic/s123/', rewrite=True, removeoutliers=False, filepath=['../models/synthetic/s123/random_mc2_n8_mid3_d1000_05_mr098_r10_16.uai'])
2026-02-06 13:19:54,475|INFO|random_mc2_n8_mid3_d1000_05_mr098_r10_29_uai_GDCC_1e-05_n200_roTrue_s0: Loading model from ../models/synthetic/s123/random_mc2_n8_mid3_d1000_05_mr098_r10_29.uai
2026-02-06 13:19:54,492|INFO|random_mc2_n8_mid3_d1000_05_mr098_r10_29_uai_GDCC_1e-05_n200_roTrue_s0: Loading data from ../models/synthetic/s123/random_mc2_n8_mid3_d1000_05_mr098_r10_29.csv
2026-02-06 13:19:54,520|INFO|random_mc2_n5_mid3_d1000_05_mr098_r10_175_uai_GDCC_1e-05_n200_roTrue_s0: Arguments: Namespace(method='GDCC_1e-05', numruns='200', seed='0', output='../results/synthetic/s123/', rewrite=True, removeoutliers=True, filepath=['../models/synthetic/s123/random_mc2_n5_mid3_d1000_05_mr098_r10_175.uai'])
2026-02-06 13:19:54,481|INFO|random_mc2_n8_mid3_d1000_05_mr098_r10_16_uai_GDCC_1e-05_n200_roFalse_s0: Loading model from ../models/synthetic/s123/random_mc2_n8_mid3_d1000_05_mr098_r10_16.uai
2026-02-06 13:19:54,492|INFO|random_mc2_n8_mid3_d1000_05_mr098_r10_16_uai_GDCC_1e-05_n200_roFalse_s0: Loading data from ../models/synthetic/s123/random_mc2_n8_mid3_d1000_05_mr098_r10_16.csv
2026-02-06 13:19:54,506|INFO|random_mc2_n8_mid3_d1000_05_mr098_r10_16_uai_GDCC_1e-05_n200_roFalse_s0: PNS(V4,V3) exact: (0.6700026795146372, 0.6700026795146372)
2026-02-06 13:19:54,520|INFO|random_mc2_n5_mid3_d1000_05_mr098_r10_175_uai_GDCC_1e-05_n200_roTrue_s0: Loading model from ../models/synthetic/s123/random_mc2_n5_mid3_d1000_05_mr098_r10_175.uai
2026-02-06 13:19:54,535|INFO|random_mc2_n5_mid3_d1000_05_mr098_r10_175_uai_GDCC_1e-05_n200_roTrue_s0: Loading data from ../models/synthetic/s123/random_mc2_n5_mid3_d1000_05_mr098_r10_175.csv
2026-02-06 13:19:54,546|INFO|random_mc2_n5_mid3_d1000_05_mr098_r10_175_uai_GDCC_1e-05_n200_roTrue_s0: PNS(V1,V3) exact: (0.1001090864, 0.4819853936000001)
2026-02-06 13:19:55,702|INFO|random_mc2_n12_mid3_d1000_05_mr098_r10_154_uai_GDCC_1e-05_n200_roFalse_s0: Arguments: Namespace(method='GDCC_1e-05', numruns='200', seed='0', output='../results/synthetic/s123/', rewrite=True, removeoutliers=False, filepath=['../models/synthetic/s123/random_mc2_n12_mid3_d1000_05_mr098_r10_154.uai'])
2026-02-06 13:19:55,710|INFO|random_mc2_n5_mid3_d1000_05_mr098_r10_61_uai_GDCC_1e-05_n200_roTrue_s0: Arguments: Namespace(method='GDCC_1e-05', numruns='200', seed='0', output='../results/synthetic/s123/', rewrite=True, removeoutliers=True, filepath=['../models/synthetic/s123/random_mc2_n5_mid3_d1000_05_mr098_r10_61.uai'])
2026-02-06 13:19:55,717|INFO|random_mc2_n5_mid3_d1000_05_mr098_r10_85_uai_GDCC_1e-05_n200_roTrue_s0: Arguments: Namespace(method='GDCC_1e-05', numruns='200', seed='0', output='../results/synthetic/s123/', rewrite=True, removeoutliers=True, filepath=['../models/synthetic/s123/random_mc2_n5_mid3_d1000_05_mr098_r10_85.uai'])
2026-02-06 13:19:55,703|INFO|random_mc2_n12_mid3_d1000_05_mr098_r10_154_uai_GDCC_1e-05_n200_roFalse_s0: Loading model from ../models/synthetic/s123/random_mc2_n12_mid3_d1000_05_mr098_r10_154.uai
2026-02-06 13:19:55,741|INFO|random_mc2_n12_mid3_d1000_05_mr098_r10_154_uai_GDCC_1e-05_n200_roFalse_s0: Loading data from ../models/synthetic/s123/random_mc2_n12_mid3_d1000_05_mr098_r10_154.csv
2026-02-06 13:19:55,711|INFO|random_mc2_n5_mid3_d1000_05_mr098_r10_61_uai_GDCC_1e-05_n200_roTrue_s0: Loading model from ../models/synthetic/s123/random_mc2_n5_mid3_d1000_05_mr098_r10_61.uai
2026-02-06 13:19:55,721|INFO|random_mc2_n5_mid3_d1000_05_mr098_r10_61_uai_GDCC_1e-05_n200_roTrue_s0: Loading data from ../models/synthetic/s123/random_mc2_n5_mid3_d1000_05_mr098_r10_61.csv
2026-02-06 13:19:55,718|INFO|random_mc2_n5_mid3_d1000_05_mr098_r10_85_uai_GDCC_1e-05_n200_roTrue_s0: Loading model from ../models/synthetic/s123/random_mc2_n5_mid3_d1000_05_mr098_r10_85.uai
2026-02-06 13:19:55,757|INFO|random_mc2_n12_mid3_d1000_05_mr098_r10_154_uai_GDCC_1e-05_n200_roFalse_s0: PNS(V5,V6) exact: (0.0078950452954415, 0.2507379400197757)
2026-02-06 13:19:55,734|INFO|random_mc2_n5_mid3_d1000_05_mr098_r10_85_uai_GDCC_1e-05_n200_roTrue_s0: Loading data from ../models/synthetic/s123/random_mc2_n5_mid3_d1000_05_mr098_r10_85.csv
2026-02-06 13:19:56,720|INFO|random_mc2_n5_mid3_d1000_05_mr098_r10_26_uai_GDCC_1e-05_n200_roFalse_s0: Arguments: Namespace(method='GDCC_1e-05', numruns='200', seed='0', output='../results/synthetic/s123/', rewrite=True, removeoutliers=False, filepath=['../models/synthetic/s123/random_mc2_n5_mid3_d1000_05_mr098_r10_26.uai'])
2026-02-06 13:19:56,730|INFO|random_mc2_n5_mid3_d1000_05_mr098_r10_31_uai_GDCC_1e-05_n200_roFalse_s0: Arguments: Namespace(method='GDCC_1e-05', numruns='200', seed='0', output='../results/synthetic/s123/', rewrite=True, removeoutliers=False, filepath=['../models/synthetic/s123/random_mc2_n5_mid3_d1000_05_mr098_r10_31.uai'])
2026-02-06 13:19:56,721|INFO|random_mc2_n5_mid3_d1000_05_mr098_r10_26_uai_GDCC_1e-05_n200_roFalse_s0: Loading model from ../models/synthetic/s123/random_mc2_n5_mid3_d1000_05_mr098_r10_26.uai
2026-02-06 13:19:56,736|INFO|random_mc2_n5_mid3_d1000_05_mr098_r10_26_uai_GDCC_1e-05_n200_roFalse_s0: Loading data from ../models/synthetic/s123/random_mc2_n5_mid3_d1000_05_mr098_r10_26.csv
2026-02-06 13:19:56,730|INFO|random_mc2_n5_mid3_d1000_05_mr098_r10_31_uai_GDCC_1e-05_n200_roFalse_s0: Loading model from ../models/synthetic/s123/random_mc2_n5_mid3_d1000_05_mr098_r10_31.uai
2026-02-06 13:19:56,740|INFO|random_mc2_n5_mid3_d1000_05_mr098_r10_31_uai_GDCC_1e-05_n200_roFalse_s0: Loading data from ../models/synthetic/s123/random_mc2_n5_mid3_d1000_05_mr098_r10_31.csv
2026-02-06 13:19:56,762|INFO|random_mc2_n5_mid3_d1000_05_mr098_r10_31_uai_GDCC_1e-05_n200_roFalse_s0: PNS(V1,V2) exact: (0.0035429652, 0.2563315488)
2026-02-06 13:19:56,795|INFO|random_mc2_n9_mid3_d1000_05_mr098_r10_104_uai_GDCC_1e-05_n200_roTrue_s0: Arguments: Namespace(method='GDCC_1e-05', numruns='200', seed='0', output='../results/synthetic/s123/', rewrite=True, removeoutliers=True, filepath=['../models/synthetic/s123/random_mc2_n9_mid3_d1000_05_mr098_r10_104.uai'])
2026-02-06 13:19:56,795|INFO|random_mc2_n9_mid3_d1000_05_mr098_r10_104_uai_GDCC_1e-05_n200_roTrue_s0: Loading model from ../models/synthetic/s123/random_mc2_n9_mid3_d1000_05_mr098_r10_104.uai
2026-02-06 13:19:56,824|INFO|random_mc2_n9_mid3_d1000_05_mr098_r10_104_uai_GDCC_1e-05_n200_roTrue_s0: Loading data from ../models/synthetic/s123/random_mc2_n9_mid3_d1000_05_mr098_r10_104.csv
2026-02-06 13:19:56,939|INFO|random_mc2_n9_mid3_d1000_05_mr098_r10_121_uai_GDCC_1e-05_n200_roTrue_s0: Arguments: Namespace(method='GDCC_1e-05', numruns='200', seed='0', output='../results/synthetic/s123/', rewrite=True, removeoutliers=True, filepath=['../models/synthetic/s123/random_mc2_n9_mid3_d1000_05_mr098_r10_121.uai'])
2026-02-06 13:19:56,939|INFO|random_mc2_n9_mid3_d1000_05_mr098_r10_121_uai_GDCC_1e-05_n200_roTrue_s0: Loading model from ../models/synthetic/s123/random_mc2_n9_mid3_d1000_05_mr098_r10_121.uai
2026-02-06 13:19:56,959|INFO|random_mc2_n9_mid3_d1000_05_mr098_r10_121_uai_GDCC_1e-05_n200_roTrue_s0: Loading data from ../models/synthetic/s123/random_mc2_n9_mid3_d1000_05_mr098_r10_121.csv
2026-02-06 13:19:56,990|INFO|random_mc2_n8_mid3_d1000_05_mr098_r10_39_uai_GDCC_1e-05_n200_roFalse_s0: Arguments: Namespace(method='GDCC_1e-05', numruns='200', seed='0', output='../results/synthetic/s123/', rewrite=True, removeoutliers=False, filepath=['../models/synthetic/s123/random_mc2_n8_mid3_d1000_05_mr098_r10_39.uai'])
2026-02-06 13:19:56,990|INFO|random_mc2_n8_mid3_d1000_05_mr098_r10_39_uai_GDCC_1e-05_n200_roFalse_s0: Loading model from ../models/synthetic/s123/random_mc2_n8_mid3_d1000_05_mr098_r10_39.uai
2026-02-06 13:19:57,012|INFO|random_mc2_n8_mid3_d1000_05_mr098_r10_39_uai_GDCC_1e-05_n200_roFalse_s0: Loading data from ../models/synthetic/s123/random_mc2_n8_mid3_d1000_05_mr098_r10_39.csv
2026-02-06 13:19:58,255|INFO|random_mc2_n6_mid3_d1000_05_mr098_r10_21_uai_GDCC_1e-05_n200_roFalse_s0: Arguments: Namespace(method='GDCC_1e-05', numruns='200', seed='0', output='../results/synthetic/s123/', rewrite=True, removeoutliers=False, filepath=['../models/synthetic/s123/random_mc2_n6_mid3_d1000_05_mr098_r10_21.uai'])
2026-02-06 13:19:58,255|INFO|random_mc2_n6_mid3_d1000_05_mr098_r10_21_uai_GDCC_1e-05_n200_roFalse_s0: Loading model from ../models/synthetic/s123/random_mc2_n6_mid3_d1000_05_mr098_r10_21.uai
2026-02-06 13:19:58,265|INFO|random_mc2_n6_mid3_d1000_05_mr098_r10_21_uai_GDCC_1e-05_n200_roFalse_s0: Loading data from ../models/synthetic/s123/random_mc2_n6_mid3_d1000_05_mr098_r10_21.csv
2026-02-06 13:19:58,273|INFO|random_mc2_n6_mid3_d1000_05_mr098_r10_21_uai_GDCC_1e-05_n200_roFalse_s0: PNS(V1,V4) exact: (0.0, 0.1268215988678439)
2026-02-06 13:20:04,997|INFO|random_mc2_n7_mid3_d1000_05_mr098_r10_5_uai_GDCC_1e-05_n200_roFalse_s0: Arguments: Namespace(method='GDCC_1e-05', numruns='200', seed='0', output='../results/synthetic/s123/', rewrite=True, removeoutliers=False, filepath=['../models/synthetic/s123/random_mc2_n7_mid3_d1000_05_mr098_r10_5.uai'])
2026-02-06 13:20:04,997|INFO|random_mc2_n7_mid3_d1000_05_mr098_r10_5_uai_GDCC_1e-05_n200_roFalse_s0: Loading model from ../models/synthetic/s123/random_mc2_n7_mid3_d1000_05_mr098_r10_5.uai
2026-02-06 13:20:05,023|INFO|random_mc2_n7_mid3_d1000_05_mr098_r10_5_uai_GDCC_1e-05_n200_roFalse_s0: Loading data from ../models/synthetic/s123/random_mc2_n7_mid3_d1000_05_mr098_r10_5.csv
2026-02-06 13:20:06,781|INFO|random_mc2_n6_mid3_d1000_05_mr098_r10_168_uai_GDCC_1e-05_n200_roTrue_s0: Arguments: Namespace(method='GDCC_1e-05', numruns='200', seed='0', output='../results/synthetic/s123/', rewrite=True, removeoutliers=True, filepath=['../models/synthetic/s123/random_mc2_n6_mid3_d1000_05_mr098_r10_168.uai'])
2026-02-06 13:20:06,781|INFO|random_mc2_n6_mid3_d1000_05_mr098_r10_168_uai_GDCC_1e-05_n200_roTrue_s0: Loading model from ../models/synthetic/s123/random_mc2_n6_mid3_d1000_05_mr098_r10_168.uai
2026-02-06 13:20:06,790|INFO|random_mc2_n6_mid3_d1000_05_mr098_r10_168_uai_GDCC_1e-05_n200_roTrue_s0: Loading data from ../models/synthetic/s123/random_mc2_n6_mid3_d1000_05_mr098_r10_168.csv
2026-02-06 13:20:06,847|INFO|random_mc2_n5_mid3_d1000_05_mr098_r10_189_uai_GDCC_1e-05_n200_roTrue_s0: Arguments: Namespace(method='GDCC_1e-05', numruns='200', seed='0', output='../results/synthetic/s123/', rewrite=True, removeoutliers=True, filepath=['../models/synthetic/s123/random_mc2_n5_mid3_d1000_05_mr098_r10_189.uai'])
2026-02-06 13:20:06,847|INFO|random_mc2_n5_mid3_d1000_05_mr098_r10_189_uai_GDCC_1e-05_n200_roTrue_s0: Loading model from ../models/synthetic/s123/random_mc2_n5_mid3_d1000_05_mr098_r10_189.uai
2026-02-06 13:20:06,863|INFO|random_mc2_n5_mid3_d1000_05_mr098_r10_189_uai_GDCC_1e-05_n200_roTrue_s0: Loading data from ../models/synthetic/s123/random_mc2_n5_mid3_d1000_05_mr098_r10_189.csv
2026-02-06 13:20:06,881|INFO|random_mc2_n5_mid3_d1000_05_mr098_r10_189_uai_GDCC_1e-05_n200_roTrue_s0: PNS(V0,V1) exact: (0.0, 0.0)
2026-02-06 13:20:08,263|INFO|random_mc2_n6_mid3_d1000_05_mr098_r10_177_uai_GDCC_1e-05_n200_roFalse_s0: Arguments: Namespace(method='GDCC_1e-05', numruns='200', seed='0', output='../results/synthetic/s123/', rewrite=True, removeoutliers=False, filepath=['../models/synthetic/s123/random_mc2_n6_mid3_d1000_05_mr098_r10_177.uai'])
2026-02-06 13:20:08,264|INFO|random_mc2_n6_mid3_d1000_05_mr098_r10_177_uai_GDCC_1e-05_n200_roFalse_s0: Loading model from ../models/synthetic/s123/random_mc2_n6_mid3_d1000_05_mr098_r10_177.uai
2026-02-06 13:20:08,278|INFO|random_mc2_n6_mid3_d1000_05_mr098_r10_177_uai_GDCC_1e-05_n200_roFalse_s0: Loading data from ../models/synthetic/s123/random_mc2_n6_mid3_d1000_05_mr098_r10_177.csv
2026-02-06 13:20:08,353|INFO|random_mc2_n5_mid3_d1000_05_mr098_r10_137_uai_GDCC_1e-05_n200_roTrue_s0: Arguments: Namespace(method='GDCC_1e-05', numruns='200', seed='0', output='../results/synthetic/s123/', rewrite=True, removeoutliers=True, filepath=['../models/synthetic/s123/random_mc2_n5_mid3_d1000_05_mr098_r10_137.uai'])
2026-02-06 13:20:08,353|INFO|random_mc2_n5_mid3_d1000_05_mr098_r10_137_uai_GDCC_1e-05_n200_roTrue_s0: Loading model from ../models/synthetic/s123/random_mc2_n5_mid3_d1000_05_mr098_r10_137.uai
2026-02-06 13:20:08,363|INFO|random_mc2_n5_mid3_d1000_05_mr098_r10_137_uai_GDCC_1e-05_n200_roTrue_s0: Loading data from ../models/synthetic/s123/random_mc2_n5_mid3_d1000_05_mr098_r10_137.csv
2026-02-06 13:20:08,376|INFO|random_mc2_n5_mid3_d1000_05_mr098_r10_137_uai_GDCC_1e-05_n200_roTrue_s0: PNS(V4,V3) exact: (0.3143626878, 0.4271408892000001)
2026-02-06 13:20:08,442|INFO|random_mc2_n6_mid3_d1000_05_mr098_r10_12_uai_GDCC_1e-05_n200_roTrue_s0: Arguments: Namespace(method='GDCC_1e-05', numruns='200', seed='0', output='../results/synthetic/s123/', rewrite=True, removeoutliers=True, filepath=['../models/synthetic/s123/random_mc2_n6_mid3_d1000_05_mr098_r10_12.uai'])
2026-02-06 13:20:08,442|INFO|random_mc2_n6_mid3_d1000_05_mr098_r10_12_uai_GDCC_1e-05_n200_roTrue_s0: Loading model from ../models/synthetic/s123/random_mc2_n6_mid3_d1000_05_mr098_r10_12.uai
2026-02-06 13:20:08,457|INFO|random_mc2_n6_mid3_d1000_05_mr098_r10_12_uai_GDCC_1e-05_n200_roTrue_s0: Loading data from ../models/synthetic/s123/random_mc2_n6_mid3_d1000_05_mr098_r10_12.csv
2026-02-06 13:20:08,540|INFO|random_mc2_n5_mid3_d1000_05_mr098_r10_166_uai_GDCC_1e-05_n200_roFalse_s0: Arguments: Namespace(method='GDCC_1e-05', numruns='200', seed='0', output='../results/synthetic/s123/', rewrite=True, removeoutliers=False, filepath=['../models/synthetic/s123/random_mc2_n5_mid3_d1000_05_mr098_r10_166.uai'])
2026-02-06 13:20:08,540|INFO|random_mc2_n5_mid3_d1000_05_mr098_r10_166_uai_GDCC_1e-05_n200_roFalse_s0: Loading model from ../models/synthetic/s123/random_mc2_n5_mid3_d1000_05_mr098_r10_166.uai
2026-02-06 13:20:08,563|INFO|random_mc2_n5_mid3_d1000_05_mr098_r10_166_uai_GDCC_1e-05_n200_roFalse_s0: Loading data from ../models/synthetic/s123/random_mc2_n5_mid3_d1000_05_mr098_r10_166.csv
2026-02-06 13:20:08,753|INFO|random_mc2_n5_mid3_d1000_05_mr098_r10_161_uai_GDCC_1e-05_n200_roTrue_s0: Arguments: Namespace(method='GDCC_1e-05', numruns='200', seed='0', output='../results/synthetic/s123/', rewrite=True, removeoutliers=True, filepath=['../models/synthetic/s123/random_mc2_n5_mid3_d1000_05_mr098_r10_161.uai'])
2026-02-06 13:20:08,787|INFO|random_mc2_n5_mid3_d1000_05_mr098_r10_100_uai_GDCC_1e-05_n200_roTrue_s0: Arguments: Namespace(method='GDCC_1e-05', numruns='200', seed='0', output='../results/synthetic/s123/', rewrite=True, removeoutliers=True, filepath=['../models/synthetic/s123/random_mc2_n5_mid3_d1000_05_mr098_r10_100.uai'])
2026-02-06 13:20:08,753|INFO|random_mc2_n5_mid3_d1000_05_mr098_r10_161_uai_GDCC_1e-05_n200_roTrue_s0: Loading model from ../models/synthetic/s123/random_mc2_n5_mid3_d1000_05_mr098_r10_161.uai
2026-02-06 13:20:08,762|INFO|random_mc2_n5_mid3_d1000_05_mr098_r10_161_uai_GDCC_1e-05_n200_roTrue_s0: Loading data from ../models/synthetic/s123/random_mc2_n5_mid3_d1000_05_mr098_r10_161.csv
2026-02-06 13:20:08,777|INFO|random_mc2_n5_mid3_d1000_05_mr098_r10_161_uai_GDCC_1e-05_n200_roTrue_s0: PNS(V1,V0) exact: (0.0, 0.0)
2026-02-06 13:20:08,777|ERROR|random_mc2_n5_mid3_d1000_05_mr098_r10_161_uai_GDCC_1e-05_n200_roTrue_s0: Model does not have any cause-effect path.
2026-02-06 13:20:08,787|INFO|random_mc2_n5_mid3_d1000_05_mr098_r10_100_uai_GDCC_1e-05_n200_roTrue_s0: Loading model from ../models/synthetic/s123/random_mc2_n5_mid3_d1000_05_mr098_r10_100.uai
2026-02-06 13:20:08,798|INFO|random_mc2_n5_mid3_d1000_05_mr098_r10_100_uai_GDCC_1e-05_n200_roTrue_s0: Loading data from ../models/synthetic/s123/random_mc2_n5_mid3_d1000_05_mr098_r10_100.csv
2026-02-06 13:20:09,198|INFO|random_mc2_n5_mid3_d1000_05_mr098_r10_24_uai_GDCC_1e-05_n200_roTrue_s0: Arguments: Namespace(method='GDCC_1e-05', numruns='200', seed='0', output='../results/synthetic/s123/', rewrite=True, removeoutliers=True, filepath=['../models/synthetic/s123/random_mc2_n5_mid3_d1000_05_mr098_r10_24.uai'])
2026-02-06 13:20:09,206|INFO|random_mc2_n6_mid3_d1000_05_mr098_r10_68_uai_GDCC_1e-05_n200_roTrue_s0: Arguments: Namespace(method='GDCC_1e-05', numruns='200', seed='0', output='../results/synthetic/s123/', rewrite=True, removeoutliers=True, filepath=['../models/synthetic/s123/random_mc2_n6_mid3_d1000_05_mr098_r10_68.uai'])
2026-02-06 13:20:09,198|INFO|random_mc2_n5_mid3_d1000_05_mr098_r10_24_uai_GDCC_1e-05_n200_roTrue_s0: Loading model from ../models/synthetic/s123/random_mc2_n5_mid3_d1000_05_mr098_r10_24.uai
2026-02-06 13:20:09,211|INFO|random_mc2_n5_mid3_d1000_05_mr098_r10_24_uai_GDCC_1e-05_n200_roTrue_s0: Loading data from ../models/synthetic/s123/random_mc2_n5_mid3_d1000_05_mr098_r10_24.csv
2026-02-06 13:20:09,226|INFO|random_mc2_n5_mid3_d1000_05_mr098_r10_24_uai_GDCC_1e-05_n200_roTrue_s0: PNS(V4,V0) exact: (0.0, 0.003928219827024)
2026-02-06 13:20:09,207|INFO|random_mc2_n6_mid3_d1000_05_mr098_r10_68_uai_GDCC_1e-05_n200_roTrue_s0: Loading model from ../models/synthetic/s123/random_mc2_n6_mid3_d1000_05_mr098_r10_68.uai
2026-02-06 13:20:09,221|INFO|random_mc2_n6_mid3_d1000_05_mr098_r10_68_uai_GDCC_1e-05_n200_roTrue_s0: Loading data from ../models/synthetic/s123/random_mc2_n6_mid3_d1000_05_mr098_r10_68.csv
2026-02-06 13:20:09,233|INFO|random_mc2_n6_mid3_d1000_05_mr098_r10_68_uai_GDCC_1e-05_n200_roTrue_s0: PNS(V0,V1) exact: (0.0, 0.1486868319875199)
2026-02-06 13:20:09,270|INFO|random_mc2_n7_mid3_d1000_05_mr098_r10_49_uai_GDCC_1e-05_n200_roTrue_s0: Arguments: Namespace(method='GDCC_1e-05', numruns='200', seed='0', output='../results/synthetic/s123/', rewrite=True, removeoutliers=True, filepath=['../models/synthetic/s123/random_mc2_n7_mid3_d1000_05_mr098_r10_49.uai'])
2026-02-06 13:20:09,270|INFO|random_mc2_n7_mid3_d1000_05_mr098_r10_49_uai_GDCC_1e-05_n200_roTrue_s0: Loading model from ../models/synthetic/s123/random_mc2_n7_mid3_d1000_05_mr098_r10_49.uai
2026-02-06 13:20:09,285|INFO|random_mc2_n7_mid3_d1000_05_mr098_r10_49_uai_GDCC_1e-05_n200_roTrue_s0: Loading data from ../models/synthetic/s123/random_mc2_n7_mid3_d1000_05_mr098_r10_49.csv
2026-02-06 13:20:09,300|INFO|random_mc2_n7_mid3_d1000_05_mr098_r10_49_uai_GDCC_1e-05_n200_roTrue_s0: PNS(V4,V3) exact: (0.0163816299, 0.4155382627)
2026-02-06 13:20:14,226|INFO|random_mc2_n5_mid3_d1000_05_mr098_r10_194_uai_GDCC_1e-05_n200_roTrue_s0: Arguments: Namespace(method='GDCC_1e-05', numruns='200', seed='0', output='../results/synthetic/s123/', rewrite=True, removeoutliers=True, filepath=['../models/synthetic/s123/random_mc2_n5_mid3_d1000_05_mr098_r10_194.uai'])
2026-02-06 13:20:14,226|INFO|random_mc2_n5_mid3_d1000_05_mr098_r10_194_uai_GDCC_1e-05_n200_roTrue_s0: Loading model from ../models/synthetic/s123/random_mc2_n5_mid3_d1000_05_mr098_r10_194.uai
2026-02-06 13:20:14,231|INFO|random_mc2_n5_mid3_d1000_05_mr098_r10_194_uai_GDCC_1e-05_n200_roTrue_s0: Loading data from ../models/synthetic/s123/random_mc2_n5_mid3_d1000_05_mr098_r10_194.csv
2026-02-06 13:20:14,242|INFO|random_mc2_n5_mid3_d1000_05_mr098_r10_194_uai_GDCC_1e-05_n200_roTrue_s0: PNS(V3,V2) exact: (0.01055616190497, 0.096865567581924)
2026-02-06 13:20:16,471|INFO|random_mc2_n5_mid3_d1000_05_mr098_r10_48_uai_GDCC_1e-05_n200_roFalse_s0: Arguments: Namespace(method='GDCC_1e-05', numruns='200', seed='0', output='../results/synthetic/s123/', rewrite=True, removeoutliers=False, filepath=['../models/synthetic/s123/random_mc2_n5_mid3_d1000_05_mr098_r10_48.uai'])
2026-02-06 13:20:16,488|INFO|random_mc2_n6_mid3_d1000_05_mr098_r10_167_uai_GDCC_1e-05_n200_roTrue_s0: Arguments: Namespace(method='GDCC_1e-05', numruns='200', seed='0', output='../results/synthetic/s123/', rewrite=True, removeoutliers=True, filepath=['../models/synthetic/s123/random_mc2_n6_mid3_d1000_05_mr098_r10_167.uai'])
2026-02-06 13:20:16,471|INFO|random_mc2_n5_mid3_d1000_05_mr098_r10_48_uai_GDCC_1e-05_n200_roFalse_s0: Loading model from ../models/synthetic/s123/random_mc2_n5_mid3_d1000_05_mr098_r10_48.uai
2026-02-06 13:20:16,481|INFO|random_mc2_n5_mid3_d1000_05_mr098_r10_48_uai_GDCC_1e-05_n200_roFalse_s0: Loading data from ../models/synthetic/s123/random_mc2_n5_mid3_d1000_05_mr098_r10_48.csv
2026-02-06 13:20:16,497|INFO|random_mc2_n5_mid3_d1000_05_mr098_r10_48_uai_GDCC_1e-05_n200_roFalse_s0: PNS(V0,V4) exact: (0.3710704247999999, 0.4223098252000001)
2026-02-06 13:20:16,489|INFO|random_mc2_n6_mid3_d1000_05_mr098_r10_167_uai_GDCC_1e-05_n200_roTrue_s0: Loading model from ../models/synthetic/s123/random_mc2_n6_mid3_d1000_05_mr098_r10_167.uai
2026-02-06 13:20:16,502|INFO|random_mc2_n6_mid3_d1000_05_mr098_r10_167_uai_GDCC_1e-05_n200_roTrue_s0: Loading data from ../models/synthetic/s123/random_mc2_n6_mid3_d1000_05_mr098_r10_167.csv
2026-02-06 13:20:16,514|INFO|random_mc2_n6_mid3_d1000_05_mr098_r10_167_uai_GDCC_1e-05_n200_roTrue_s0: PNS(V2,V1) exact: (0.0056271242, 0.1343609088)
2026-02-06 13:20:16,609|INFO|random_mc2_n9_mid3_d1000_05_mr098_r10_192_uai_GDCC_1e-05_n200_roTrue_s0: Arguments: Namespace(method='GDCC_1e-05', numruns='200', seed='0', output='../results/synthetic/s123/', rewrite=True, removeoutliers=True, filepath=['../models/synthetic/s123/random_mc2_n9_mid3_d1000_05_mr098_r10_192.uai'])
2026-02-06 13:20:16,609|INFO|random_mc2_n9_mid3_d1000_05_mr098_r10_192_uai_GDCC_1e-05_n200_roTrue_s0: Loading model from ../models/synthetic/s123/random_mc2_n9_mid3_d1000_05_mr098_r10_192.uai
2026-02-06 13:20:16,676|INFO|random_mc2_n9_mid3_d1000_05_mr098_r10_192_uai_GDCC_1e-05_n200_roTrue_s0: Loading data from ../models/synthetic/s123/random_mc2_n9_mid3_d1000_05_mr098_r10_192.csv
2026-02-06 13:20:16,734|INFO|random_mc2_n8_mid3_d1000_05_mr098_r10_76_uai_GDCC_1e-05_n200_roTrue_s0: Arguments: Namespace(method='GDCC_1e-05', numruns='200', seed='0', output='../results/synthetic/s123/', rewrite=True, removeoutliers=True, filepath=['../models/synthetic/s123/random_mc2_n8_mid3_d1000_05_mr098_r10_76.uai'])
2026-02-06 13:20:16,751|INFO|random_mc2_n6_mid3_d1000_05_mr098_r10_159_uai_GDCC_1e-05_n200_roTrue_s0: Arguments: Namespace(method='GDCC_1e-05', numruns='200', seed='0', output='../results/synthetic/s123/', rewrite=True, removeoutliers=True, filepath=['../models/synthetic/s123/random_mc2_n6_mid3_d1000_05_mr098_r10_159.uai'])
2026-02-06 13:20:16,734|INFO|random_mc2_n8_mid3_d1000_05_mr098_r10_76_uai_GDCC_1e-05_n200_roTrue_s0: Loading model from ../models/synthetic/s123/random_mc2_n8_mid3_d1000_05_mr098_r10_76.uai
2026-02-06 13:20:16,747|INFO|random_mc2_n8_mid3_d1000_05_mr098_r10_76_uai_GDCC_1e-05_n200_roTrue_s0: Loading data from ../models/synthetic/s123/random_mc2_n8_mid3_d1000_05_mr098_r10_76.csv
2026-02-06 13:20:16,759|INFO|random_mc2_n8_mid3_d1000_05_mr098_r10_76_uai_GDCC_1e-05_n200_roTrue_s0: PNS(V5,V4) exact: (0.400195964582856, 0.4868895953108599)
2026-02-06 13:20:16,782|INFO|random_mc2_n5_mid3_d1000_05_mr098_r10_174_uai_GDCC_1e-05_n200_roTrue_s0: Arguments: Namespace(method='GDCC_1e-05', numruns='200', seed='0', output='../results/synthetic/s123/', rewrite=True, removeoutliers=True, filepath=['../models/synthetic/s123/random_mc2_n5_mid3_d1000_05_mr098_r10_174.uai'])
2026-02-06 13:20:16,751|INFO|random_mc2_n6_mid3_d1000_05_mr098_r10_159_uai_GDCC_1e-05_n200_roTrue_s0: Loading model from ../models/synthetic/s123/random_mc2_n6_mid3_d1000_05_mr098_r10_159.uai
2026-02-06 13:20:16,762|INFO|random_mc2_n6_mid3_d1000_05_mr098_r10_159_uai_GDCC_1e-05_n200_roTrue_s0: Loading data from ../models/synthetic/s123/random_mc2_n6_mid3_d1000_05_mr098_r10_159.csv
2026-02-06 13:20:16,782|INFO|random_mc2_n5_mid3_d1000_05_mr098_r10_174_uai_GDCC_1e-05_n200_roTrue_s0: Loading model from ../models/synthetic/s123/random_mc2_n5_mid3_d1000_05_mr098_r10_174.uai
2026-02-06 13:20:16,793|INFO|random_mc2_n5_mid3_d1000_05_mr098_r10_174_uai_GDCC_1e-05_n200_roTrue_s0: Loading data from ../models/synthetic/s123/random_mc2_n5_mid3_d1000_05_mr098_r10_174.csv
2026-02-06 13:20:16,806|INFO|random_mc2_n5_mid3_d1000_05_mr098_r10_174_uai_GDCC_1e-05_n200_roTrue_s0: PNS(V1,V3) exact: (0.497273609538846, 0.62213966937114)
2026-02-06 13:20:16,823|INFO|random_mc2_n5_mid3_d1000_05_mr098_r10_124_uai_GDCC_1e-05_n200_roFalse_s0: Arguments: Namespace(method='GDCC_1e-05', numruns='200', seed='0', output='../results/synthetic/s123/', rewrite=True, removeoutliers=False, filepath=['../models/synthetic/s123/random_mc2_n5_mid3_d1000_05_mr098_r10_124.uai'])
2026-02-06 13:20:16,823|INFO|random_mc2_n5_mid3_d1000_05_mr098_r10_124_uai_GDCC_1e-05_n200_roFalse_s0: Loading model from ../models/synthetic/s123/random_mc2_n5_mid3_d1000_05_mr098_r10_124.uai
2026-02-06 13:20:16,832|INFO|random_mc2_n5_mid3_d1000_05_mr098_r10_124_uai_GDCC_1e-05_n200_roFalse_s0: Loading data from ../models/synthetic/s123/random_mc2_n5_mid3_d1000_05_mr098_r10_124.csv
2026-02-06 13:20:16,844|INFO|random_mc2_n5_mid3_d1000_05_mr098_r10_124_uai_GDCC_1e-05_n200_roFalse_s0: PNS(V4,V1) exact: (0.00019924659568, 0.05078698676936)
2026-02-06 13:20:16,898|INFO|random_mc2_n5_mid3_d1000_05_mr098_r10_49_uai_GDCC_1e-05_n200_roFalse_s0: Arguments: Namespace(method='GDCC_1e-05', numruns='200', seed='0', output='../results/synthetic/s123/', rewrite=True, removeoutliers=False, filepath=['../models/synthetic/s123/random_mc2_n5_mid3_d1000_05_mr098_r10_49.uai'])
2026-02-06 13:20:16,913|INFO|random_mc2_n6_mid3_d1000_05_mr098_r10_95_uai_GDCC_1e-05_n200_roFalse_s0: Arguments: Namespace(method='GDCC_1e-05', numruns='200', seed='0', output='../results/synthetic/s123/', rewrite=True, removeoutliers=False, filepath=['../models/synthetic/s123/random_mc2_n6_mid3_d1000_05_mr098_r10_95.uai'])
2026-02-06 13:20:16,931|INFO|random_mc2_n6_mid3_d1000_05_mr098_r10_163_uai_GDCC_1e-05_n200_roTrue_s0: Arguments: Namespace(method='GDCC_1e-05', numruns='200', seed='0', output='../results/synthetic/s123/', rewrite=True, removeoutliers=True, filepath=['../models/synthetic/s123/random_mc2_n6_mid3_d1000_05_mr098_r10_163.uai'])
2026-02-06 13:20:16,898|INFO|random_mc2_n5_mid3_d1000_05_mr098_r10_49_uai_GDCC_1e-05_n200_roFalse_s0: Loading model from ../models/synthetic/s123/random_mc2_n5_mid3_d1000_05_mr098_r10_49.uai
2026-02-06 13:20:16,904|INFO|random_mc2_n5_mid3_d1000_05_mr098_r10_49_uai_GDCC_1e-05_n200_roFalse_s0: Loading data from ../models/synthetic/s123/random_mc2_n5_mid3_d1000_05_mr098_r10_49.csv
2026-02-06 13:20:16,913|INFO|random_mc2_n6_mid3_d1000_05_mr098_r10_95_uai_GDCC_1e-05_n200_roFalse_s0: Loading model from ../models/synthetic/s123/random_mc2_n6_mid3_d1000_05_mr098_r10_95.uai
2026-02-06 13:20:16,925|INFO|random_mc2_n6_mid3_d1000_05_mr098_r10_95_uai_GDCC_1e-05_n200_roFalse_s0: Loading data from ../models/synthetic/s123/random_mc2_n6_mid3_d1000_05_mr098_r10_95.csv
2026-02-06 13:20:16,936|INFO|random_mc2_n6_mid3_d1000_05_mr098_r10_95_uai_GDCC_1e-05_n200_roFalse_s0: PNS(V0,V3) exact: (0.0125035191999999, 0.0125035191999999)
2026-02-06 13:20:16,931|INFO|random_mc2_n6_mid3_d1000_05_mr098_r10_163_uai_GDCC_1e-05_n200_roTrue_s0: Loading model from ../models/synthetic/s123/random_mc2_n6_mid3_d1000_05_mr098_r10_163.uai
2026-02-06 13:20:16,942|INFO|random_mc2_n6_mid3_d1000_05_mr098_r10_163_uai_GDCC_1e-05_n200_roTrue_s0: Loading data from ../models/synthetic/s123/random_mc2_n6_mid3_d1000_05_mr098_r10_163.csv
2026-02-06 13:20:16,976|INFO|random_mc2_n5_mid3_d1000_05_mr098_r10_58_uai_GDCC_1e-05_n200_roFalse_s0: Arguments: Namespace(method='GDCC_1e-05', numruns='200', seed='0', output='../results/synthetic/s123/', rewrite=True, removeoutliers=False, filepath=['../models/synthetic/s123/random_mc2_n5_mid3_d1000_05_mr098_r10_58.uai'])
2026-02-06 13:20:17,000|INFO|random_mc2_n6_mid3_d1000_05_mr098_r10_194_uai_GDCC_1e-05_n200_roTrue_s0: Arguments: Namespace(method='GDCC_1e-05', numruns='200', seed='0', output='../results/synthetic/s123/', rewrite=True, removeoutliers=True, filepath=['../models/synthetic/s123/random_mc2_n6_mid3_d1000_05_mr098_r10_194.uai'])
2026-02-06 13:20:16,976|INFO|random_mc2_n5_mid3_d1000_05_mr098_r10_58_uai_GDCC_1e-05_n200_roFalse_s0: Loading model from ../models/synthetic/s123/random_mc2_n5_mid3_d1000_05_mr098_r10_58.uai
2026-02-06 13:20:16,987|INFO|random_mc2_n5_mid3_d1000_05_mr098_r10_58_uai_GDCC_1e-05_n200_roFalse_s0: Loading data from ../models/synthetic/s123/random_mc2_n5_mid3_d1000_05_mr098_r10_58.csv
2026-02-06 13:20:16,998|INFO|random_mc2_n5_mid3_d1000_05_mr098_r10_58_uai_GDCC_1e-05_n200_roFalse_s0: PNS(V1,V4) exact: (0.0036215301384, 0.042303308980416)
2026-02-06 13:20:17,035|INFO|random_mc2_n8_mid3_d1000_05_mr098_r10_119_uai_GDCC_1e-05_n200_roFalse_s0: Arguments: Namespace(method='GDCC_1e-05', numruns='200', seed='0', output='../results/synthetic/s123/', rewrite=True, removeoutliers=False, filepath=['../models/synthetic/s123/random_mc2_n8_mid3_d1000_05_mr098_r10_119.uai'])
2026-02-06 13:20:17,001|INFO|random_mc2_n6_mid3_d1000_05_mr098_r10_194_uai_GDCC_1e-05_n200_roTrue_s0: Loading model from ../models/synthetic/s123/random_mc2_n6_mid3_d1000_05_mr098_r10_194.uai
2026-02-06 13:20:17,016|INFO|random_mc2_n6_mid3_d1000_05_mr098_r10_194_uai_GDCC_1e-05_n200_roTrue_s0: Loading data from ../models/synthetic/s123/random_mc2_n6_mid3_d1000_05_mr098_r10_194.csv
2026-02-06 13:20:17,036|INFO|random_mc2_n8_mid3_d1000_05_mr098_r10_119_uai_GDCC_1e-05_n200_roFalse_s0: Loading model from ../models/synthetic/s123/random_mc2_n8_mid3_d1000_05_mr098_r10_119.uai
2026-02-06 13:20:17,091|INFO|random_mc2_n8_mid3_d1000_05_mr098_r10_119_uai_GDCC_1e-05_n200_roFalse_s0: Loading data from ../models/synthetic/s123/random_mc2_n8_mid3_d1000_05_mr098_r10_119.csv
2026-02-06 13:20:17,183|INFO|random_mc2_n6_mid3_d1000_05_mr098_r10_135_uai_GDCC_1e-05_n200_roFalse_s0: Arguments: Namespace(method='GDCC_1e-05', numruns='200', seed='0', output='../results/synthetic/s123/', rewrite=True, removeoutliers=False, filepath=['../models/synthetic/s123/random_mc2_n6_mid3_d1000_05_mr098_r10_135.uai'])
2026-02-06 13:20:17,192|INFO|random_mc2_n5_mid3_d1000_05_mr098_r10_10_uai_GDCC_1e-05_n200_roFalse_s0: Arguments: Namespace(method='GDCC_1e-05', numruns='200', seed='0', output='../results/synthetic/s123/', rewrite=True, removeoutliers=False, filepath=['../models/synthetic/s123/random_mc2_n5_mid3_d1000_05_mr098_r10_10.uai'])
2026-02-06 13:20:17,183|INFO|random_mc2_n6_mid3_d1000_05_mr098_r10_135_uai_GDCC_1e-05_n200_roFalse_s0: Loading model from ../models/synthetic/s123/random_mc2_n6_mid3_d1000_05_mr098_r10_135.uai
2026-02-06 13:20:17,193|INFO|random_mc2_n6_mid3_d1000_05_mr098_r10_135_uai_GDCC_1e-05_n200_roFalse_s0: Loading data from ../models/synthetic/s123/random_mc2_n6_mid3_d1000_05_mr098_r10_135.csv
2026-02-06 13:20:17,229|INFO|random_mc2_n5_mid3_d1000_05_mr098_r10_38_uai_GDCC_1e-05_n200_roTrue_s0: Arguments: Namespace(method='GDCC_1e-05', numruns='200', seed='0', output='../results/synthetic/s123/', rewrite=True, removeoutliers=True, filepath=['../models/synthetic/s123/random_mc2_n5_mid3_d1000_05_mr098_r10_38.uai'])
2026-02-06 13:20:17,192|INFO|random_mc2_n5_mid3_d1000_05_mr098_r10_10_uai_GDCC_1e-05_n200_roFalse_s0: Loading model from ../models/synthetic/s123/random_mc2_n5_mid3_d1000_05_mr098_r10_10.uai
2026-02-06 13:20:17,202|INFO|random_mc2_n5_mid3_d1000_05_mr098_r10_10_uai_GDCC_1e-05_n200_roFalse_s0: Loading data from ../models/synthetic/s123/random_mc2_n5_mid3_d1000_05_mr098_r10_10.csv
2026-02-06 13:20:17,248|INFO|random_mc2_n5_mid3_d1000_05_mr098_r10_141_uai_GDCC_1e-05_n200_roFalse_s0: Arguments: Namespace(method='GDCC_1e-05', numruns='200', seed='0', output='../results/synthetic/s123/', rewrite=True, removeoutliers=False, filepath=['../models/synthetic/s123/random_mc2_n5_mid3_d1000_05_mr098_r10_141.uai'])
2026-02-06 13:20:17,250|INFO|random_mc2_n8_mid3_d1000_05_mr098_r10_2_uai_GDCC_1e-05_n200_roTrue_s0: Arguments: Namespace(method='GDCC_1e-05', numruns='200', seed='0', output='../results/synthetic/s123/', rewrite=True, removeoutliers=True, filepath=['../models/synthetic/s123/random_mc2_n8_mid3_d1000_05_mr098_r10_2.uai'])
2026-02-06 13:20:17,268|INFO|random_mc2_n5_mid3_d1000_05_mr098_r10_149_uai_GDCC_1e-05_n200_roTrue_s0: Arguments: Namespace(method='GDCC_1e-05', numruns='200', seed='0', output='../results/synthetic/s123/', rewrite=True, removeoutliers=True, filepath=['../models/synthetic/s123/random_mc2_n5_mid3_d1000_05_mr098_r10_149.uai'])
2026-02-06 13:20:17,229|INFO|random_mc2_n5_mid3_d1000_05_mr098_r10_38_uai_GDCC_1e-05_n200_roTrue_s0: Loading model from ../models/synthetic/s123/random_mc2_n5_mid3_d1000_05_mr098_r10_38.uai
2026-02-06 13:20:17,235|INFO|random_mc2_n5_mid3_d1000_05_mr098_r10_38_uai_GDCC_1e-05_n200_roTrue_s0: Loading data from ../models/synthetic/s123/random_mc2_n5_mid3_d1000_05_mr098_r10_38.csv
2026-02-06 13:20:17,245|INFO|random_mc2_n5_mid3_d1000_05_mr098_r10_38_uai_GDCC_1e-05_n200_roTrue_s0: PNS(V4,V3) exact: (0.71565, 0.7250800000000001)
2026-02-06 13:20:17,275|INFO|random_mc2_n6_mid3_d1000_05_mr098_r10_145_uai_GDCC_1e-05_n200_roTrue_s0: Arguments: Namespace(method='GDCC_1e-05', numruns='200', seed='0', output='../results/synthetic/s123/', rewrite=True, removeoutliers=True, filepath=['../models/synthetic/s123/random_mc2_n6_mid3_d1000_05_mr098_r10_145.uai'])
2026-02-06 13:20:17,248|INFO|random_mc2_n5_mid3_d1000_05_mr098_r10_141_uai_GDCC_1e-05_n200_roFalse_s0: Loading model from ../models/synthetic/s123/random_mc2_n5_mid3_d1000_05_mr098_r10_141.uai
2026-02-06 13:20:17,256|INFO|random_mc2_n5_mid3_d1000_05_mr098_r10_141_uai_GDCC_1e-05_n200_roFalse_s0: Loading data from ../models/synthetic/s123/random_mc2_n5_mid3_d1000_05_mr098_r10_141.csv
2026-02-06 13:20:17,266|INFO|random_mc2_n5_mid3_d1000_05_mr098_r10_141_uai_GDCC_1e-05_n200_roFalse_s0: PNS(V1,V4) exact: (0.0017244544, 0.2307695208999999)
2026-02-06 13:20:17,251|INFO|random_mc2_n8_mid3_d1000_05_mr098_r10_2_uai_GDCC_1e-05_n200_roTrue_s0: Loading model from ../models/synthetic/s123/random_mc2_n8_mid3_d1000_05_mr098_r10_2.uai
2026-02-06 13:20:17,269|INFO|random_mc2_n8_mid3_d1000_05_mr098_r10_2_uai_GDCC_1e-05_n200_roTrue_s0: Loading data from ../models/synthetic/s123/random_mc2_n8_mid3_d1000_05_mr098_r10_2.csv
2026-02-06 13:20:17,279|INFO|random_mc2_n8_mid3_d1000_05_mr098_r10_2_uai_GDCC_1e-05_n200_roTrue_s0: PNS(V1,V5) exact: (0.0, 0.0)
2026-02-06 13:20:17,279|ERROR|random_mc2_n8_mid3_d1000_05_mr098_r10_2_uai_GDCC_1e-05_n200_roTrue_s0: Model does not have any cause-effect path.
2026-02-06 13:20:17,269|INFO|random_mc2_n5_mid3_d1000_05_mr098_r10_149_uai_GDCC_1e-05_n200_roTrue_s0: Loading model from ../models/synthetic/s123/random_mc2_n5_mid3_d1000_05_mr098_r10_149.uai
2026-02-06 13:20:17,274|INFO|random_mc2_n5_mid3_d1000_05_mr098_r10_149_uai_GDCC_1e-05_n200_roTrue_s0: Loading data from ../models/synthetic/s123/random_mc2_n5_mid3_d1000_05_mr098_r10_149.csv
2026-02-06 13:20:17,283|INFO|random_mc2_n5_mid3_d1000_05_mr098_r10_149_uai_GDCC_1e-05_n200_roTrue_s0: PNS(V3,V0) exact: (0.0, 0.014418359495816)
2026-02-06 13:20:17,275|INFO|random_mc2_n6_mid3_d1000_05_mr098_r10_145_uai_GDCC_1e-05_n200_roTrue_s0: Loading model from ../models/synthetic/s123/random_mc2_n6_mid3_d1000_05_mr098_r10_145.uai
2026-02-06 13:20:17,293|INFO|random_mc2_n6_mid3_d1000_05_mr098_r10_145_uai_GDCC_1e-05_n200_roTrue_s0: Loading data from ../models/synthetic/s123/random_mc2_n6_mid3_d1000_05_mr098_r10_145.csv
2026-02-06 13:20:17,408|INFO|random_mc2_n6_mid3_d1000_05_mr098_r10_143_uai_GDCC_1e-05_n200_roFalse_s0: Arguments: Namespace(method='GDCC_1e-05', numruns='200', seed='0', output='../results/synthetic/s123/', rewrite=True, removeoutliers=False, filepath=['../models/synthetic/s123/random_mc2_n6_mid3_d1000_05_mr098_r10_143.uai'])
2026-02-06 13:20:17,408|INFO|random_mc2_n6_mid3_d1000_05_mr098_r10_143_uai_GDCC_1e-05_n200_roFalse_s0: Loading model from ../models/synthetic/s123/random_mc2_n6_mid3_d1000_05_mr098_r10_143.uai
2026-02-06 13:20:17,426|INFO|random_mc2_n6_mid3_d1000_05_mr098_r10_143_uai_GDCC_1e-05_n200_roFalse_s0: Loading data from ../models/synthetic/s123/random_mc2_n6_mid3_d1000_05_mr098_r10_143.csv
2026-02-06 13:20:17,511|INFO|random_mc2_n5_mid3_d1000_05_mr098_r10_15_uai_GDCC_1e-05_n200_roTrue_s0: Arguments: Namespace(method='GDCC_1e-05', numruns='200', seed='0', output='../results/synthetic/s123/', rewrite=True, removeoutliers=True, filepath=['../models/synthetic/s123/random_mc2_n5_mid3_d1000_05_mr098_r10_15.uai'])
2026-02-06 13:20:17,511|INFO|random_mc2_n5_mid3_d1000_05_mr098_r10_15_uai_GDCC_1e-05_n200_roTrue_s0: Loading model from ../models/synthetic/s123/random_mc2_n5_mid3_d1000_05_mr098_r10_15.uai
2026-02-06 13:20:17,524|INFO|random_mc2_n5_mid3_d1000_05_mr098_r10_15_uai_GDCC_1e-05_n200_roTrue_s0: Loading data from ../models/synthetic/s123/random_mc2_n5_mid3_d1000_05_mr098_r10_15.csv
2026-02-06 13:20:17,535|INFO|random_mc2_n5_mid3_d1000_05_mr098_r10_15_uai_GDCC_1e-05_n200_roTrue_s0: PNS(V1,V2) exact: (0.190870353918592, 0.3460951275809139)
2026-02-06 13:20:17,610|INFO|random_mc2_n6_mid3_d1000_05_mr098_r10_99_uai_GDCC_1e-05_n200_roFalse_s0: Arguments: Namespace(method='GDCC_1e-05', numruns='200', seed='0', output='../results/synthetic/s123/', rewrite=True, removeoutliers=False, filepath=['../models/synthetic/s123/random_mc2_n6_mid3_d1000_05_mr098_r10_99.uai'])
2026-02-06 13:20:17,611|INFO|random_mc2_n6_mid3_d1000_05_mr098_r10_99_uai_GDCC_1e-05_n200_roFalse_s0: Loading model from ../models/synthetic/s123/random_mc2_n6_mid3_d1000_05_mr098_r10_99.uai
2026-02-06 13:20:17,615|INFO|random_mc2_n6_mid3_d1000_05_mr098_r10_99_uai_GDCC_1e-05_n200_roFalse_s0: Loading data from ../models/synthetic/s123/random_mc2_n6_mid3_d1000_05_mr098_r10_99.csv
2026-02-06 13:20:17,626|INFO|random_mc2_n6_mid3_d1000_05_mr098_r10_99_uai_GDCC_1e-05_n200_roFalse_s0: PNS(V0,V1) exact: (0.0, 0.0)
2026-02-06 13:20:17,627|ERROR|random_mc2_n6_mid3_d1000_05_mr098_r10_99_uai_GDCC_1e-05_n200_roFalse_s0: Model does not have any cause-effect path.
2026-02-06 13:20:17,764|INFO|random_mc2_n8_mid3_d1000_05_mr098_r10_12_uai_GDCC_1e-05_n200_roTrue_s0: Arguments: Namespace(method='GDCC_1e-05', numruns='200', seed='0', output='../results/synthetic/s123/', rewrite=True, removeoutliers=True, filepath=['../models/synthetic/s123/random_mc2_n8_mid3_d1000_05_mr098_r10_12.uai'])
2026-02-06 13:20:17,764|INFO|random_mc2_n8_mid3_d1000_05_mr098_r10_12_uai_GDCC_1e-05_n200_roTrue_s0: Loading model from ../models/synthetic/s123/random_mc2_n8_mid3_d1000_05_mr098_r10_12.uai
2026-02-06 13:20:17,774|INFO|random_mc2_n8_mid3_d1000_05_mr098_r10_12_uai_GDCC_1e-05_n200_roTrue_s0: Loading data from ../models/synthetic/s123/random_mc2_n8_mid3_d1000_05_mr098_r10_12.csv
2026-02-06 13:20:17,835|INFO|random_mc2_n6_mid3_d1000_05_mr098_r10_105_uai_GDCC_1e-05_n200_roTrue_s0: Arguments: Namespace(method='GDCC_1e-05', numruns='200', seed='0', output='../results/synthetic/s123/', rewrite=True, removeoutliers=True, filepath=['../models/synthetic/s123/random_mc2_n6_mid3_d1000_05_mr098_r10_105.uai'])
2026-02-06 13:20:17,835|INFO|random_mc2_n6_mid3_d1000_05_mr098_r10_105_uai_GDCC_1e-05_n200_roTrue_s0: Loading model from ../models/synthetic/s123/random_mc2_n6_mid3_d1000_05_mr098_r10_105.uai
2026-02-06 13:20:17,852|INFO|random_mc2_n6_mid3_d1000_05_mr098_r10_105_uai_GDCC_1e-05_n200_roTrue_s0: Loading data from ../models/synthetic/s123/random_mc2_n6_mid3_d1000_05_mr098_r10_105.csv
2026-02-06 13:20:17,862|INFO|random_mc2_n6_mid3_d1000_05_mr098_r10_105_uai_GDCC_1e-05_n200_roTrue_s0: PNS(V3,V4) exact: (0.491766269274686, 0.586709709951746)
2026-02-06 13:20:17,882|INFO|random_mc2_n5_mid3_d1000_05_mr098_r10_184_uai_GDCC_1e-05_n200_roTrue_s0: Arguments: Namespace(method='GDCC_1e-05', numruns='200', seed='0', output='../results/synthetic/s123/', rewrite=True, removeoutliers=True, filepath=['../models/synthetic/s123/random_mc2_n5_mid3_d1000_05_mr098_r10_184.uai'])
2026-02-06 13:20:17,882|INFO|random_mc2_n5_mid3_d1000_05_mr098_r10_184_uai_GDCC_1e-05_n200_roTrue_s0: Loading model from ../models/synthetic/s123/random_mc2_n5_mid3_d1000_05_mr098_r10_184.uai
2026-02-06 13:20:17,887|INFO|random_mc2_n5_mid3_d1000_05_mr098_r10_184_uai_GDCC_1e-05_n200_roTrue_s0: Loading data from ../models/synthetic/s123/random_mc2_n5_mid3_d1000_05_mr098_r10_184.csv
2026-02-06 13:20:17,899|INFO|random_mc2_n5_mid3_d1000_05_mr098_r10_184_uai_GDCC_1e-05_n200_roTrue_s0: PNS(V3,V4) exact: (0.0, 0.0)
2026-02-06 13:20:17,900|ERROR|random_mc2_n5_mid3_d1000_05_mr098_r10_184_uai_GDCC_1e-05_n200_roTrue_s0: Model does not have any cause-effect path.
2026-02-06 13:20:18,604|INFO|random_mc2_n5_mid3_d1000_05_mr098_r10_89_uai_GDCC_1e-05_n200_roTrue_s0: Arguments: Namespace(method='GDCC_1e-05', numruns='200', seed='0', output='../results/synthetic/s123/', rewrite=True, removeoutliers=True, filepath=['../models/synthetic/s123/random_mc2_n5_mid3_d1000_05_mr098_r10_89.uai'])
2026-02-06 13:20:18,604|INFO|random_mc2_n5_mid3_d1000_05_mr098_r10_89_uai_GDCC_1e-05_n200_roTrue_s0: Loading model from ../models/synthetic/s123/random_mc2_n5_mid3_d1000_05_mr098_r10_89.uai
2026-02-06 13:20:18,612|INFO|random_mc2_n5_mid3_d1000_05_mr098_r10_89_uai_GDCC_1e-05_n200_roTrue_s0: Loading data from ../models/synthetic/s123/random_mc2_n5_mid3_d1000_05_mr098_r10_89.csv
2026-02-06 13:20:18,628|INFO|random_mc2_n5_mid3_d1000_05_mr098_r10_89_uai_GDCC_1e-05_n200_roTrue_s0: PNS(V1,V3) exact: (0.0, 0.1946041664)
2026-02-06 13:20:18,694|INFO|random_mc2_n8_mid3_d1000_05_mr098_r10_26_uai_GDCC_1e-05_n200_roFalse_s0: Arguments: Namespace(method='GDCC_1e-05', numruns='200', seed='0', output='../results/synthetic/s123/', rewrite=True, removeoutliers=False, filepath=['../models/synthetic/s123/random_mc2_n8_mid3_d1000_05_mr098_r10_26.uai'])
2026-02-06 13:20:18,694|INFO|random_mc2_n8_mid3_d1000_05_mr098_r10_26_uai_GDCC_1e-05_n200_roFalse_s0: Loading model from ../models/synthetic/s123/random_mc2_n8_mid3_d1000_05_mr098_r10_26.uai
2026-02-06 13:20:18,717|INFO|random_mc2_n8_mid3_d1000_05_mr098_r10_26_uai_GDCC_1e-05_n200_roFalse_s0: Loading data from ../models/synthetic/s123/random_mc2_n8_mid3_d1000_05_mr098_r10_26.csv
2026-02-06 13:20:18,792|INFO|random_mc2_n5_mid3_d1000_05_mr098_r10_71_uai_GDCC_1e-05_n200_roFalse_s0: Arguments: Namespace(method='GDCC_1e-05', numruns='200', seed='0', output='../results/synthetic/s123/', rewrite=True, removeoutliers=False, filepath=['../models/synthetic/s123/random_mc2_n5_mid3_d1000_05_mr098_r10_71.uai'])
2026-02-06 13:20:18,799|INFO|random_mc2_n6_mid3_d1000_05_mr098_r10_85_uai_GDCC_1e-05_n200_roFalse_s0: Arguments: Namespace(method='GDCC_1e-05', numruns='200', seed='0', output='../results/synthetic/s123/', rewrite=True, removeoutliers=False, filepath=['../models/synthetic/s123/random_mc2_n6_mid3_d1000_05_mr098_r10_85.uai'])
2026-02-06 13:20:18,792|INFO|random_mc2_n5_mid3_d1000_05_mr098_r10_71_uai_GDCC_1e-05_n200_roFalse_s0: Loading model from ../models/synthetic/s123/random_mc2_n5_mid3_d1000_05_mr098_r10_71.uai
2026-02-06 13:20:18,798|INFO|random_mc2_n5_mid3_d1000_05_mr098_r10_71_uai_GDCC_1e-05_n200_roFalse_s0: Loading data from ../models/synthetic/s123/random_mc2_n5_mid3_d1000_05_mr098_r10_71.csv
2026-02-06 13:20:18,811|INFO|random_mc2_n5_mid3_d1000_05_mr098_r10_71_uai_GDCC_1e-05_n200_roFalse_s0: PNS(V1,V0) exact: (0.0, 0.0786183533)
2026-02-06 13:20:18,799|INFO|random_mc2_n6_mid3_d1000_05_mr098_r10_85_uai_GDCC_1e-05_n200_roFalse_s0: Loading model from ../models/synthetic/s123/random_mc2_n6_mid3_d1000_05_mr098_r10_85.uai
2026-02-06 13:20:18,893|INFO|random_mc2_n6_mid3_d1000_05_mr098_r10_85_uai_GDCC_1e-05_n200_roFalse_s0: Loading data from ../models/synthetic/s123/random_mc2_n6_mid3_d1000_05_mr098_r10_85.csv
2026-02-06 13:20:19,154|INFO|random_mc2_n6_mid3_d1000_05_mr098_r10_156_uai_GDCC_1e-05_n200_roTrue_s0: Arguments: Namespace(method='GDCC_1e-05', numruns='200', seed='0', output='../results/synthetic/s123/', rewrite=True, removeoutliers=True, filepath=['../models/synthetic/s123/random_mc2_n6_mid3_d1000_05_mr098_r10_156.uai'])
2026-02-06 13:20:19,158|INFO|random_mc2_n7_mid3_d1000_05_mr098_r10_92_uai_GDCC_1e-05_n200_roFalse_s0: Arguments: Namespace(method='GDCC_1e-05', numruns='200', seed='0', output='../results/synthetic/s123/', rewrite=True, removeoutliers=False, filepath=['../models/synthetic/s123/random_mc2_n7_mid3_d1000_05_mr098_r10_92.uai'])
2026-02-06 13:20:19,155|INFO|random_mc2_n6_mid3_d1000_05_mr098_r10_156_uai_GDCC_1e-05_n200_roTrue_s0: Loading model from ../models/synthetic/s123/random_mc2_n6_mid3_d1000_05_mr098_r10_156.uai
2026-02-06 13:20:19,169|INFO|random_mc2_n6_mid3_d1000_05_mr098_r10_156_uai_GDCC_1e-05_n200_roTrue_s0: Loading data from ../models/synthetic/s123/random_mc2_n6_mid3_d1000_05_mr098_r10_156.csv
2026-02-06 13:20:19,195|INFO|random_mc2_n5_mid3_d1000_05_mr098_r10_15_uai_GDCC_1e-05_n200_roFalse_s0: Arguments: Namespace(method='GDCC_1e-05', numruns='200', seed='0', output='../results/synthetic/s123/', rewrite=True, removeoutliers=False, filepath=['../models/synthetic/s123/random_mc2_n5_mid3_d1000_05_mr098_r10_15.uai'])
2026-02-06 13:20:19,158|INFO|random_mc2_n7_mid3_d1000_05_mr098_r10_92_uai_GDCC_1e-05_n200_roFalse_s0: Loading model from ../models/synthetic/s123/random_mc2_n7_mid3_d1000_05_mr098_r10_92.uai
2026-02-06 13:20:19,230|INFO|random_mc2_n9_mid3_d1000_05_mr098_r10_162_uai_GDCC_1e-05_n200_roFalse_s0: Arguments: Namespace(method='GDCC_1e-05', numruns='200', seed='0', output='../results/synthetic/s123/', rewrite=True, removeoutliers=False, filepath=['../models/synthetic/s123/random_mc2_n9_mid3_d1000_05_mr098_r10_162.uai'])
2026-02-06 13:20:19,195|INFO|random_mc2_n5_mid3_d1000_05_mr098_r10_15_uai_GDCC_1e-05_n200_roFalse_s0: Loading model from ../models/synthetic/s123/random_mc2_n5_mid3_d1000_05_mr098_r10_15.uai
2026-02-06 13:20:19,208|INFO|random_mc2_n5_mid3_d1000_05_mr098_r10_15_uai_GDCC_1e-05_n200_roFalse_s0: Loading data from ../models/synthetic/s123/random_mc2_n5_mid3_d1000_05_mr098_r10_15.csv
2026-02-06 13:20:19,220|INFO|random_mc2_n5_mid3_d1000_05_mr098_r10_15_uai_GDCC_1e-05_n200_roFalse_s0: PNS(V1,V2) exact: (0.190870353918592, 0.3460951275809139)
2026-02-06 13:20:19,257|INFO|random_mc2_n7_mid3_d1000_05_mr098_r10_92_uai_GDCC_1e-05_n200_roFalse_s0: Loading data from ../models/synthetic/s123/random_mc2_n7_mid3_d1000_05_mr098_r10_92.csv
2026-02-06 13:20:19,231|INFO|random_mc2_n9_mid3_d1000_05_mr098_r10_162_uai_GDCC_1e-05_n200_roFalse_s0: Loading model from ../models/synthetic/s123/random_mc2_n9_mid3_d1000_05_mr098_r10_162.uai
2026-02-06 13:20:19,669|INFO|random_mc2_n9_mid3_d1000_05_mr098_r10_162_uai_GDCC_1e-05_n200_roFalse_s0: Loading data from ../models/synthetic/s123/random_mc2_n9_mid3_d1000_05_mr098_r10_162.csv
2026-02-06 13:20:19,839|INFO|random_mc2_n8_mid3_d1000_05_mr098_r10_190_uai_GDCC_1e-05_n200_roTrue_s0: Arguments: Namespace(method='GDCC_1e-05', numruns='200', seed='0', output='../results/synthetic/s123/', rewrite=True, removeoutliers=True, filepath=['../models/synthetic/s123/random_mc2_n8_mid3_d1000_05_mr098_r10_190.uai'])
2026-02-06 13:20:19,839|INFO|random_mc2_n8_mid3_d1000_05_mr098_r10_190_uai_GDCC_1e-05_n200_roTrue_s0: Loading model from ../models/synthetic/s123/random_mc2_n8_mid3_d1000_05_mr098_r10_190.uai
2026-02-06 13:20:19,865|INFO|random_mc2_n8_mid3_d1000_05_mr098_r10_190_uai_GDCC_1e-05_n200_roTrue_s0: Loading data from ../models/synthetic/s123/random_mc2_n8_mid3_d1000_05_mr098_r10_190.csv
2026-02-06 13:20:20,476|INFO|random_mc2_n6_mid3_d1000_05_mr098_r10_79_uai_GDCC_1e-05_n200_roFalse_s0: Arguments: Namespace(method='GDCC_1e-05', numruns='200', seed='0', output='../results/synthetic/s123/', rewrite=True, removeoutliers=False, filepath=['../models/synthetic/s123/random_mc2_n6_mid3_d1000_05_mr098_r10_79.uai'])
2026-02-06 13:20:20,490|INFO|random_mc2_n5_mid3_d1000_05_mr098_r10_182_uai_GDCC_1e-05_n200_roTrue_s0: Arguments: Namespace(method='GDCC_1e-05', numruns='200', seed='0', output='../results/synthetic/s123/', rewrite=True, removeoutliers=True, filepath=['../models/synthetic/s123/random_mc2_n5_mid3_d1000_05_mr098_r10_182.uai'])
2026-02-06 13:20:20,476|INFO|random_mc2_n6_mid3_d1000_05_mr098_r10_79_uai_GDCC_1e-05_n200_roFalse_s0: Loading model from ../models/synthetic/s123/random_mc2_n6_mid3_d1000_05_mr098_r10_79.uai
2026-02-06 13:20:20,487|INFO|random_mc2_n6_mid3_d1000_05_mr098_r10_79_uai_GDCC_1e-05_n200_roFalse_s0: Loading data from ../models/synthetic/s123/random_mc2_n6_mid3_d1000_05_mr098_r10_79.csv
2026-02-06 13:20:20,517|INFO|random_mc2_n5_mid3_d1000_05_mr098_r10_152_uai_GDCC_1e-05_n200_roFalse_s0: Arguments: Namespace(method='GDCC_1e-05', numruns='200', seed='0', output='../results/synthetic/s123/', rewrite=True, removeoutliers=False, filepath=['../models/synthetic/s123/random_mc2_n5_mid3_d1000_05_mr098_r10_152.uai'])
2026-02-06 13:20:20,512|INFO|random_mc2_n6_mid3_d1000_05_mr098_r10_79_uai_GDCC_1e-05_n200_roFalse_s0: PNS(V3,V5) exact: (0.3677803281, 0.4747158748)
2026-02-06 13:20:20,528|INFO|random_mc2_n6_mid3_d1000_05_mr098_r10_154_uai_GDCC_1e-05_n200_roFalse_s0: Arguments: Namespace(method='GDCC_1e-05', numruns='200', seed='0', output='../results/synthetic/s123/', rewrite=True, removeoutliers=False, filepath=['../models/synthetic/s123/random_mc2_n6_mid3_d1000_05_mr098_r10_154.uai'])
2026-02-06 13:20:20,490|INFO|random_mc2_n5_mid3_d1000_05_mr098_r10_182_uai_GDCC_1e-05_n200_roTrue_s0: Loading model from ../models/synthetic/s123/random_mc2_n5_mid3_d1000_05_mr098_r10_182.uai
2026-02-06 13:20:20,500|INFO|random_mc2_n5_mid3_d1000_05_mr098_r10_182_uai_GDCC_1e-05_n200_roTrue_s0: Loading data from ../models/synthetic/s123/random_mc2_n5_mid3_d1000_05_mr098_r10_182.csv
2026-02-06 13:20:20,518|INFO|random_mc2_n5_mid3_d1000_05_mr098_r10_152_uai_GDCC_1e-05_n200_roFalse_s0: Loading model from ../models/synthetic/s123/random_mc2_n5_mid3_d1000_05_mr098_r10_152.uai
2026-02-06 13:20:20,531|INFO|random_mc2_n5_mid3_d1000_05_mr098_r10_152_uai_GDCC_1e-05_n200_roFalse_s0: Loading data from ../models/synthetic/s123/random_mc2_n5_mid3_d1000_05_mr098_r10_152.csv
2026-02-06 13:20:20,528|INFO|random_mc2_n6_mid3_d1000_05_mr098_r10_154_uai_GDCC_1e-05_n200_roFalse_s0: Loading model from ../models/synthetic/s123/random_mc2_n6_mid3_d1000_05_mr098_r10_154.uai
2026-02-06 13:20:20,546|INFO|random_mc2_n6_mid3_d1000_05_mr098_r10_154_uai_GDCC_1e-05_n200_roFalse_s0: Loading data from ../models/synthetic/s123/random_mc2_n6_mid3_d1000_05_mr098_r10_154.csv
2026-02-06 13:20:22,170|INFO|random_mc2_n6_mid3_d1000_05_mr098_r10_40_uai_GDCC_1e-05_n200_roFalse_s0: Arguments: Namespace(method='GDCC_1e-05', numruns='200', seed='0', output='../results/synthetic/s123/', rewrite=True, removeoutliers=False, filepath=['../models/synthetic/s123/random_mc2_n6_mid3_d1000_05_mr098_r10_40.uai'])
2026-02-06 13:20:22,170|INFO|random_mc2_n6_mid3_d1000_05_mr098_r10_40_uai_GDCC_1e-05_n200_roFalse_s0: Loading model from ../models/synthetic/s123/random_mc2_n6_mid3_d1000_05_mr098_r10_40.uai
2026-02-06 13:20:22,175|INFO|random_mc2_n6_mid3_d1000_05_mr098_r10_40_uai_GDCC_1e-05_n200_roFalse_s0: Loading data from ../models/synthetic/s123/random_mc2_n6_mid3_d1000_05_mr098_r10_40.csv
2026-02-06 13:20:22,186|INFO|random_mc2_n6_mid3_d1000_05_mr098_r10_40_uai_GDCC_1e-05_n200_roFalse_s0: PNS(V1,V5) exact: (0.0, 0.0896543509)
2026-02-06 13:20:25,449|INFO|random_mc2_n6_mid3_d1000_05_mr098_r10_180_uai_GDCC_1e-05_n200_roFalse_s0: Arguments: Namespace(method='GDCC_1e-05', numruns='200', seed='0', output='../results/synthetic/s123/', rewrite=True, removeoutliers=False, filepath=['../models/synthetic/s123/random_mc2_n6_mid3_d1000_05_mr098_r10_180.uai'])
2026-02-06 13:20:25,449|INFO|random_mc2_n6_mid3_d1000_05_mr098_r10_180_uai_GDCC_1e-05_n200_roFalse_s0: Loading model from ../models/synthetic/s123/random_mc2_n6_mid3_d1000_05_mr098_r10_180.uai
2026-02-06 13:20:25,461|INFO|random_mc2_n6_mid3_d1000_05_mr098_r10_180_uai_GDCC_1e-05_n200_roFalse_s0: Loading data from ../models/synthetic/s123/random_mc2_n6_mid3_d1000_05_mr098_r10_180.csv
2026-02-06 13:20:25,750|INFO|random_mc2_n5_mid3_d1000_05_mr098_r10_78_uai_GDCC_1e-05_n200_roTrue_s0: Arguments: Namespace(method='GDCC_1e-05', numruns='200', seed='0', output='../results/synthetic/s123/', rewrite=True, removeoutliers=True, filepath=['../models/synthetic/s123/random_mc2_n5_mid3_d1000_05_mr098_r10_78.uai'])
2026-02-06 13:20:25,750|INFO|random_mc2_n5_mid3_d1000_05_mr098_r10_78_uai_GDCC_1e-05_n200_roTrue_s0: Loading model from ../models/synthetic/s123/random_mc2_n5_mid3_d1000_05_mr098_r10_78.uai
2026-02-06 13:20:25,755|INFO|random_mc2_n5_mid3_d1000_05_mr098_r10_78_uai_GDCC_1e-05_n200_roTrue_s0: Loading data from ../models/synthetic/s123/random_mc2_n5_mid3_d1000_05_mr098_r10_78.csv
2026-02-06 13:20:25,772|INFO|random_mc2_n5_mid3_d1000_05_mr098_r10_78_uai_GDCC_1e-05_n200_roTrue_s0: PNS(V0,V2) exact: (0.163, 0.163)
2026-02-06 13:20:27,839|INFO|random_mc2_n7_mid3_d1000_05_mr098_r10_150_uai_GDCC_1e-05_n200_roFalse_s0: Arguments: Namespace(method='GDCC_1e-05', numruns='200', seed='0', output='../results/synthetic/s123/', rewrite=True, removeoutliers=False, filepath=['../models/synthetic/s123/random_mc2_n7_mid3_d1000_05_mr098_r10_150.uai'])
2026-02-06 13:20:27,839|INFO|random_mc2_n7_mid3_d1000_05_mr098_r10_150_uai_GDCC_1e-05_n200_roFalse_s0: Loading model from ../models/synthetic/s123/random_mc2_n7_mid3_d1000_05_mr098_r10_150.uai
2026-02-06 13:20:27,948|INFO|random_mc2_n7_mid3_d1000_05_mr098_r10_150_uai_GDCC_1e-05_n200_roFalse_s0: Loading data from ../models/synthetic/s123/random_mc2_n7_mid3_d1000_05_mr098_r10_150.csv
2026-02-06 13:20:29,284|INFO|random_mc2_n6_mid3_d1000_05_mr098_r10_11_uai_GDCC_1e-05_n200_roFalse_s0: Arguments: Namespace(method='GDCC_1e-05', numruns='200', seed='0', output='../results/synthetic/s123/', rewrite=True, removeoutliers=False, filepath=['../models/synthetic/s123/random_mc2_n6_mid3_d1000_05_mr098_r10_11.uai'])
2026-02-06 13:20:29,284|INFO|random_mc2_n6_mid3_d1000_05_mr098_r10_11_uai_GDCC_1e-05_n200_roFalse_s0: Loading model from ../models/synthetic/s123/random_mc2_n6_mid3_d1000_05_mr098_r10_11.uai
2026-02-06 13:20:29,305|INFO|random_mc2_n6_mid3_d1000_05_mr098_r10_11_uai_GDCC_1e-05_n200_roFalse_s0: Loading data from ../models/synthetic/s123/random_mc2_n6_mid3_d1000_05_mr098_r10_11.csv
2026-02-06 13:20:29,326|INFO|random_mc2_n6_mid3_d1000_05_mr098_r10_11_uai_GDCC_1e-05_n200_roFalse_s0: PNS(V5,V0) exact: (0.226887276, 0.345199661)
2026-02-06 13:20:29,641|INFO|random_mc2_n6_mid3_d1000_05_mr098_r10_58_uai_GDCC_1e-05_n200_roTrue_s0: Arguments: Namespace(method='GDCC_1e-05', numruns='200', seed='0', output='../results/synthetic/s123/', rewrite=True, removeoutliers=True, filepath=['../models/synthetic/s123/random_mc2_n6_mid3_d1000_05_mr098_r10_58.uai'])
2026-02-06 13:20:29,647|INFO|random_mc2_n6_mid3_d1000_05_mr098_r10_22_uai_GDCC_1e-05_n200_roFalse_s0: Arguments: Namespace(method='GDCC_1e-05', numruns='200', seed='0', output='../results/synthetic/s123/', rewrite=True, removeoutliers=False, filepath=['../models/synthetic/s123/random_mc2_n6_mid3_d1000_05_mr098_r10_22.uai'])
2026-02-06 13:20:29,649|INFO|random_mc2_n6_mid3_d1000_05_mr098_r10_125_uai_GDCC_1e-05_n200_roTrue_s0: Arguments: Namespace(method='GDCC_1e-05', numruns='200', seed='0', output='../results/synthetic/s123/', rewrite=True, removeoutliers=True, filepath=['../models/synthetic/s123/random_mc2_n6_mid3_d1000_05_mr098_r10_125.uai'])
2026-02-06 13:20:29,641|INFO|random_mc2_n6_mid3_d1000_05_mr098_r10_58_uai_GDCC_1e-05_n200_roTrue_s0: Loading model from ../models/synthetic/s123/random_mc2_n6_mid3_d1000_05_mr098_r10_58.uai
2026-02-06 13:20:29,652|INFO|random_mc2_n6_mid3_d1000_05_mr098_r10_58_uai_GDCC_1e-05_n200_roTrue_s0: Loading data from ../models/synthetic/s123/random_mc2_n6_mid3_d1000_05_mr098_r10_58.csv
2026-02-06 13:20:29,669|INFO|random_mc2_n6_mid3_d1000_05_mr098_r10_58_uai_GDCC_1e-05_n200_roTrue_s0: PNS(V3,V2) exact: (0.0, 0.0)
2026-02-06 13:20:29,669|ERROR|random_mc2_n6_mid3_d1000_05_mr098_r10_58_uai_GDCC_1e-05_n200_roTrue_s0: Model does not have any cause-effect path.
2026-02-06 13:20:29,647|INFO|random_mc2_n6_mid3_d1000_05_mr098_r10_22_uai_GDCC_1e-05_n200_roFalse_s0: Loading model from ../models/synthetic/s123/random_mc2_n6_mid3_d1000_05_mr098_r10_22.uai
2026-02-06 13:20:29,659|INFO|random_mc2_n6_mid3_d1000_05_mr098_r10_22_uai_GDCC_1e-05_n200_roFalse_s0: Loading data from ../models/synthetic/s123/random_mc2_n6_mid3_d1000_05_mr098_r10_22.csv
2026-02-06 13:20:29,649|INFO|random_mc2_n6_mid3_d1000_05_mr098_r10_125_uai_GDCC_1e-05_n200_roTrue_s0: Loading model from ../models/synthetic/s123/random_mc2_n6_mid3_d1000_05_mr098_r10_125.uai
2026-02-06 13:20:29,673|INFO|random_mc2_n6_mid3_d1000_05_mr098_r10_125_uai_GDCC_1e-05_n200_roTrue_s0: Loading data from ../models/synthetic/s123/random_mc2_n6_mid3_d1000_05_mr098_r10_125.csv
2026-02-06 13:20:29,775|INFO|random_mc2_n6_mid3_d1000_05_mr098_r10_148_uai_GDCC_1e-05_n200_roTrue_s0: Arguments: Namespace(method='GDCC_1e-05', numruns='200', seed='0', output='../results/synthetic/s123/', rewrite=True, removeoutliers=True, filepath=['../models/synthetic/s123/random_mc2_n6_mid3_d1000_05_mr098_r10_148.uai'])
2026-02-06 13:20:29,776|INFO|random_mc2_n6_mid3_d1000_05_mr098_r10_148_uai_GDCC_1e-05_n200_roTrue_s0: Loading model from ../models/synthetic/s123/random_mc2_n6_mid3_d1000_05_mr098_r10_148.uai
2026-02-06 13:20:29,787|INFO|random_mc2_n6_mid3_d1000_05_mr098_r10_148_uai_GDCC_1e-05_n200_roTrue_s0: Loading data from ../models/synthetic/s123/random_mc2_n6_mid3_d1000_05_mr098_r10_148.csv
2026-02-06 13:20:29,804|INFO|random_mc2_n6_mid3_d1000_05_mr098_r10_148_uai_GDCC_1e-05_n200_roTrue_s0: PNS(V0,V5) exact: (0.0, 0.0279858302999999)
2026-02-06 13:20:29,841|INFO|random_mc2_n8_mid3_d1000_05_mr098_r10_131_uai_GDCC_1e-05_n200_roFalse_s0: Arguments: Namespace(method='GDCC_1e-05', numruns='200', seed='0', output='../results/synthetic/s123/', rewrite=True, removeoutliers=False, filepath=['../models/synthetic/s123/random_mc2_n8_mid3_d1000_05_mr098_r10_131.uai'])
2026-02-06 13:20:29,872|INFO|random_mc2_n6_mid3_d1000_05_mr098_r10_36_uai_GDCC_1e-05_n200_roTrue_s0: Arguments: Namespace(method='GDCC_1e-05', numruns='200', seed='0', output='../results/synthetic/s123/', rewrite=True, removeoutliers=True, filepath=['../models/synthetic/s123/random_mc2_n6_mid3_d1000_05_mr098_r10_36.uai'])
2026-02-06 13:20:29,841|INFO|random_mc2_n8_mid3_d1000_05_mr098_r10_131_uai_GDCC_1e-05_n200_roFalse_s0: Loading model from ../models/synthetic/s123/random_mc2_n8_mid3_d1000_05_mr098_r10_131.uai
2026-02-06 13:20:29,862|INFO|random_mc2_n8_mid3_d1000_05_mr098_r10_131_uai_GDCC_1e-05_n200_roFalse_s0: Loading data from ../models/synthetic/s123/random_mc2_n8_mid3_d1000_05_mr098_r10_131.csv
2026-02-06 13:20:29,878|INFO|random_mc2_n8_mid3_d1000_05_mr098_r10_131_uai_GDCC_1e-05_n200_roFalse_s0: PNS(V2,V4) exact: (0.0110083727479793, 0.2116947943241336)
2026-02-06 13:20:29,872|INFO|random_mc2_n6_mid3_d1000_05_mr098_r10_36_uai_GDCC_1e-05_n200_roTrue_s0: Loading model from ../models/synthetic/s123/random_mc2_n6_mid3_d1000_05_mr098_r10_36.uai
2026-02-06 13:20:29,891|INFO|random_mc2_n6_mid3_d1000_05_mr098_r10_36_uai_GDCC_1e-05_n200_roTrue_s0: Loading data from ../models/synthetic/s123/random_mc2_n6_mid3_d1000_05_mr098_r10_36.csv
2026-02-06 13:20:29,906|INFO|random_mc2_n6_mid3_d1000_05_mr098_r10_36_uai_GDCC_1e-05_n200_roTrue_s0: PNS(V1,V4) exact: (0.0029094796518842, 0.0163840107745321)
2026-02-06 13:20:30,039|INFO|random_mc2_n9_mid3_d1000_05_mr098_r10_29_uai_GDCC_1e-05_n200_roTrue_s0: Arguments: Namespace(method='GDCC_1e-05', numruns='200', seed='0', output='../results/synthetic/s123/', rewrite=True, removeoutliers=True, filepath=['../models/synthetic/s123/random_mc2_n9_mid3_d1000_05_mr098_r10_29.uai'])
2026-02-06 13:20:30,040|INFO|random_mc2_n9_mid3_d1000_05_mr098_r10_29_uai_GDCC_1e-05_n200_roTrue_s0: Loading model from ../models/synthetic/s123/random_mc2_n9_mid3_d1000_05_mr098_r10_29.uai
2026-02-06 13:20:30,063|INFO|random_mc2_n9_mid3_d1000_05_mr098_r10_29_uai_GDCC_1e-05_n200_roTrue_s0: Loading data from ../models/synthetic/s123/random_mc2_n9_mid3_d1000_05_mr098_r10_29.csv
2026-02-06 13:20:30,113|INFO|random_mc2_n6_mid3_d1000_05_mr098_r10_110_uai_GDCC_1e-05_n200_roFalse_s0: Arguments: Namespace(method='GDCC_1e-05', numruns='200', seed='0', output='../results/synthetic/s123/', rewrite=True, removeoutliers=False, filepath=['../models/synthetic/s123/random_mc2_n6_mid3_d1000_05_mr098_r10_110.uai'])
2026-02-06 13:20:30,113|INFO|random_mc2_n6_mid3_d1000_05_mr098_r10_110_uai_GDCC_1e-05_n200_roFalse_s0: Loading model from ../models/synthetic/s123/random_mc2_n6_mid3_d1000_05_mr098_r10_110.uai
2026-02-06 13:20:30,138|INFO|random_mc2_n6_mid3_d1000_05_mr098_r10_110_uai_GDCC_1e-05_n200_roFalse_s0: Loading data from ../models/synthetic/s123/random_mc2_n6_mid3_d1000_05_mr098_r10_110.csv
2026-02-06 13:20:35,687|INFO|random_mc2_n6_mid3_d1000_05_mr098_r10_181_uai_GDCC_1e-05_n200_roTrue_s0: Arguments: Namespace(method='GDCC_1e-05', numruns='200', seed='0', output='../results/synthetic/s123/', rewrite=True, removeoutliers=True, filepath=['../models/synthetic/s123/random_mc2_n6_mid3_d1000_05_mr098_r10_181.uai'])
2026-02-06 13:20:35,690|INFO|random_mc2_n5_mid3_d1000_05_mr098_r10_79_uai_GDCC_1e-05_n200_roTrue_s0: Arguments: Namespace(method='GDCC_1e-05', numruns='200', seed='0', output='../results/synthetic/s123/', rewrite=True, removeoutliers=True, filepath=['../models/synthetic/s123/random_mc2_n5_mid3_d1000_05_mr098_r10_79.uai'])
2026-02-06 13:20:35,695|INFO|random_mc2_n8_mid3_d1000_05_mr098_r10_159_uai_GDCC_1e-05_n200_roFalse_s0: Arguments: Namespace(method='GDCC_1e-05', numruns='200', seed='0', output='../results/synthetic/s123/', rewrite=True, removeoutliers=False, filepath=['../models/synthetic/s123/random_mc2_n8_mid3_d1000_05_mr098_r10_159.uai'])
2026-02-06 13:20:35,709|INFO|random_mc2_n5_mid3_d1000_05_mr098_r10_41_uai_GDCC_1e-05_n200_roTrue_s0: Arguments: Namespace(method='GDCC_1e-05', numruns='200', seed='0', output='../results/synthetic/s123/', rewrite=True, removeoutliers=True, filepath=['../models/synthetic/s123/random_mc2_n5_mid3_d1000_05_mr098_r10_41.uai'])
2026-02-06 13:20:35,687|INFO|random_mc2_n6_mid3_d1000_05_mr098_r10_181_uai_GDCC_1e-05_n200_roTrue_s0: Loading model from ../models/synthetic/s123/random_mc2_n6_mid3_d1000_05_mr098_r10_181.uai
2026-02-06 13:20:35,701|INFO|random_mc2_n6_mid3_d1000_05_mr098_r10_181_uai_GDCC_1e-05_n200_roTrue_s0: Loading data from ../models/synthetic/s123/random_mc2_n6_mid3_d1000_05_mr098_r10_181.csv
2026-02-06 13:20:35,690|INFO|random_mc2_n5_mid3_d1000_05_mr098_r10_79_uai_GDCC_1e-05_n200_roTrue_s0: Loading model from ../models/synthetic/s123/random_mc2_n5_mid3_d1000_05_mr098_r10_79.uai
2026-02-06 13:20:35,701|INFO|random_mc2_n5_mid3_d1000_05_mr098_r10_79_uai_GDCC_1e-05_n200_roTrue_s0: Loading data from ../models/synthetic/s123/random_mc2_n5_mid3_d1000_05_mr098_r10_79.csv
2026-02-06 13:20:35,722|INFO|random_mc2_n5_mid3_d1000_05_mr098_r10_79_uai_GDCC_1e-05_n200_roTrue_s0: PNS(V3,V2) exact: (0.00904271675736, 0.016636195438368)
2026-02-06 13:20:35,695|INFO|random_mc2_n8_mid3_d1000_05_mr098_r10_159_uai_GDCC_1e-05_n200_roFalse_s0: Loading model from ../models/synthetic/s123/random_mc2_n8_mid3_d1000_05_mr098_r10_159.uai
2026-02-06 13:20:35,716|INFO|random_mc2_n8_mid3_d1000_05_mr098_r10_159_uai_GDCC_1e-05_n200_roFalse_s0: Loading data from ../models/synthetic/s123/random_mc2_n8_mid3_d1000_05_mr098_r10_159.csv
2026-02-06 13:20:35,709|INFO|random_mc2_n5_mid3_d1000_05_mr098_r10_41_uai_GDCC_1e-05_n200_roTrue_s0: Loading model from ../models/synthetic/s123/random_mc2_n5_mid3_d1000_05_mr098_r10_41.uai
2026-02-06 13:20:35,723|INFO|random_mc2_n5_mid3_d1000_05_mr098_r10_41_uai_GDCC_1e-05_n200_roTrue_s0: Loading data from ../models/synthetic/s123/random_mc2_n5_mid3_d1000_05_mr098_r10_41.csv
2026-02-06 13:20:35,736|INFO|random_mc2_n5_mid3_d1000_05_mr098_r10_41_uai_GDCC_1e-05_n200_roTrue_s0: PNS(V1,V4) exact: (0.0160025338999999, 0.0160025338999999)
2026-02-06 13:20:36,051|INFO|random_mc2_n5_mid3_d1000_05_mr098_r10_126_uai_GDCC_1e-05_n200_roFalse_s0: Arguments: Namespace(method='GDCC_1e-05', numruns='200', seed='0', output='../results/synthetic/s123/', rewrite=True, removeoutliers=False, filepath=['../models/synthetic/s123/random_mc2_n5_mid3_d1000_05_mr098_r10_126.uai'])
2026-02-06 13:20:36,052|INFO|random_mc2_n5_mid3_d1000_05_mr098_r10_126_uai_GDCC_1e-05_n200_roFalse_s0: Loading model from ../models/synthetic/s123/random_mc2_n5_mid3_d1000_05_mr098_r10_126.uai
2026-02-06 13:20:36,061|INFO|random_mc2_n5_mid3_d1000_05_mr098_r10_126_uai_GDCC_1e-05_n200_roFalse_s0: Loading data from ../models/synthetic/s123/random_mc2_n5_mid3_d1000_05_mr098_r10_126.csv
2026-02-06 13:20:36,072|INFO|random_mc2_n5_mid3_d1000_05_mr098_r10_126_uai_GDCC_1e-05_n200_roFalse_s0: PNS(V4,V0) exact: (0.425783788558646, 0.655405962193344)
2026-02-06 13:20:36,805|INFO|random_mc2_n6_mid3_d1000_05_mr098_r10_91_uai_GDCC_1e-05_n200_roTrue_s0: Arguments: Namespace(method='GDCC_1e-05', numruns='200', seed='0', output='../results/synthetic/s123/', rewrite=True, removeoutliers=True, filepath=['../models/synthetic/s123/random_mc2_n6_mid3_d1000_05_mr098_r10_91.uai'])
2026-02-06 13:20:36,817|INFO|random_mc2_n6_mid3_d1000_05_mr098_r10_178_uai_GDCC_1e-05_n200_roFalse_s0: Arguments: Namespace(method='GDCC_1e-05', numruns='200', seed='0', output='../results/synthetic/s123/', rewrite=True, removeoutliers=False, filepath=['../models/synthetic/s123/random_mc2_n6_mid3_d1000_05_mr098_r10_178.uai'])
2026-02-06 13:20:36,820|INFO|random_mc2_n7_mid3_d1000_05_mr098_r10_28_uai_GDCC_1e-05_n200_roFalse_s0: Arguments: Namespace(method='GDCC_1e-05', numruns='200', seed='0', output='../results/synthetic/s123/', rewrite=True, removeoutliers=False, filepath=['../models/synthetic/s123/random_mc2_n7_mid3_d1000_05_mr098_r10_28.uai'])
2026-02-06 13:20:36,805|INFO|random_mc2_n6_mid3_d1000_05_mr098_r10_91_uai_GDCC_1e-05_n200_roTrue_s0: Loading model from ../models/synthetic/s123/random_mc2_n6_mid3_d1000_05_mr098_r10_91.uai
2026-02-06 13:20:36,824|INFO|random_mc2_n6_mid3_d1000_05_mr098_r10_91_uai_GDCC_1e-05_n200_roTrue_s0: Loading data from ../models/synthetic/s123/random_mc2_n6_mid3_d1000_05_mr098_r10_91.csv
2026-02-06 13:20:36,838|INFO|random_mc2_n6_mid3_d1000_05_mr098_r10_91_uai_GDCC_1e-05_n200_roTrue_s0: PNS(V0,V4) exact: (0.0014168071017796, 0.103549899791906)
2026-02-06 13:20:36,817|INFO|random_mc2_n6_mid3_d1000_05_mr098_r10_178_uai_GDCC_1e-05_n200_roFalse_s0: Loading model from ../models/synthetic/s123/random_mc2_n6_mid3_d1000_05_mr098_r10_178.uai
2026-02-06 13:20:36,832|INFO|random_mc2_n6_mid3_d1000_05_mr098_r10_178_uai_GDCC_1e-05_n200_roFalse_s0: Loading data from ../models/synthetic/s123/random_mc2_n6_mid3_d1000_05_mr098_r10_178.csv
2026-02-06 13:20:36,846|INFO|random_mc2_n6_mid3_d1000_05_mr098_r10_178_uai_GDCC_1e-05_n200_roFalse_s0: PNS(V3,V5) exact: (0.1134567257784353, 0.3551658025191099)
2026-02-06 13:20:36,820|INFO|random_mc2_n7_mid3_d1000_05_mr098_r10_28_uai_GDCC_1e-05_n200_roFalse_s0: Loading model from ../models/synthetic/s123/random_mc2_n7_mid3_d1000_05_mr098_r10_28.uai
2026-02-06 13:20:36,845|INFO|random_mc2_n7_mid3_d1000_05_mr098_r10_28_uai_GDCC_1e-05_n200_roFalse_s0: Loading data from ../models/synthetic/s123/random_mc2_n7_mid3_d1000_05_mr098_r10_28.csv
2026-02-06 13:20:37,096|INFO|random_mc2_n8_mid3_d1000_05_mr098_r10_16_uai_GDCC_1e-05_n200_roTrue_s0: Arguments: Namespace(method='GDCC_1e-05', numruns='200', seed='0', output='../results/synthetic/s123/', rewrite=True, removeoutliers=True, filepath=['../models/synthetic/s123/random_mc2_n8_mid3_d1000_05_mr098_r10_16.uai'])
2026-02-06 13:20:37,097|INFO|random_mc2_n8_mid3_d1000_05_mr098_r10_16_uai_GDCC_1e-05_n200_roTrue_s0: Loading model from ../models/synthetic/s123/random_mc2_n8_mid3_d1000_05_mr098_r10_16.uai
2026-02-06 13:20:37,106|INFO|random_mc2_n8_mid3_d1000_05_mr098_r10_16_uai_GDCC_1e-05_n200_roTrue_s0: Loading data from ../models/synthetic/s123/random_mc2_n8_mid3_d1000_05_mr098_r10_16.csv
2026-02-06 13:20:37,119|INFO|random_mc2_n8_mid3_d1000_05_mr098_r10_16_uai_GDCC_1e-05_n200_roTrue_s0: PNS(V4,V3) exact: (0.6700026795146372, 0.6700026795146372)
2026-02-06 13:20:37,244|INFO|random_mc2_n6_mid3_d1000_05_mr098_r10_28_uai_GDCC_1e-05_n200_roFalse_s0: Arguments: Namespace(method='GDCC_1e-05', numruns='200', seed='0', output='../results/synthetic/s123/', rewrite=True, removeoutliers=False, filepath=['../models/synthetic/s123/random_mc2_n6_mid3_d1000_05_mr098_r10_28.uai'])
2026-02-06 13:20:37,244|INFO|random_mc2_n6_mid3_d1000_05_mr098_r10_28_uai_GDCC_1e-05_n200_roFalse_s0: Loading model from ../models/synthetic/s123/random_mc2_n6_mid3_d1000_05_mr098_r10_28.uai
2026-02-06 13:20:37,262|INFO|random_mc2_n6_mid3_d1000_05_mr098_r10_28_uai_GDCC_1e-05_n200_roFalse_s0: Loading data from ../models/synthetic/s123/random_mc2_n6_mid3_d1000_05_mr098_r10_28.csv
2026-02-06 13:20:37,279|INFO|random_mc2_n6_mid3_d1000_05_mr098_r10_28_uai_GDCC_1e-05_n200_roFalse_s0: PNS(V3,V2) exact: (0.36156, 0.53922)
2026-02-06 13:20:37,765|INFO|random_mc2_n9_mid3_d1000_05_mr098_r10_162_uai_GDCC_1e-05_n200_roTrue_s0: Arguments: Namespace(method='GDCC_1e-05', numruns='200', seed='0', output='../results/synthetic/s123/', rewrite=True, removeoutliers=True, filepath=['../models/synthetic/s123/random_mc2_n9_mid3_d1000_05_mr098_r10_162.uai'])
2026-02-06 13:20:37,766|INFO|random_mc2_n9_mid3_d1000_05_mr098_r10_162_uai_GDCC_1e-05_n200_roTrue_s0: Loading model from ../models/synthetic/s123/random_mc2_n9_mid3_d1000_05_mr098_r10_162.uai
2026-02-06 13:20:38,172|INFO|random_mc2_n9_mid3_d1000_05_mr098_r10_119_uai_GDCC_1e-05_n200_roTrue_s0: Arguments: Namespace(method='GDCC_1e-05', numruns='200', seed='0', output='../results/synthetic/s123/', rewrite=True, removeoutliers=True, filepath=['../models/synthetic/s123/random_mc2_n9_mid3_d1000_05_mr098_r10_119.uai'])
2026-02-06 13:20:38,175|INFO|random_mc2_n9_mid3_d1000_05_mr098_r10_122_uai_GDCC_1e-05_n200_roFalse_s0: Arguments: Namespace(method='GDCC_1e-05', numruns='200', seed='0', output='../results/synthetic/s123/', rewrite=True, removeoutliers=False, filepath=['../models/synthetic/s123/random_mc2_n9_mid3_d1000_05_mr098_r10_122.uai'])
2026-02-06 13:20:38,193|INFO|random_mc2_n9_mid3_d1000_05_mr098_r10_162_uai_GDCC_1e-05_n200_roTrue_s0: Loading data from ../models/synthetic/s123/random_mc2_n9_mid3_d1000_05_mr098_r10_162.csv
2026-02-06 13:20:38,172|INFO|random_mc2_n9_mid3_d1000_05_mr098_r10_119_uai_GDCC_1e-05_n200_roTrue_s0: Loading model from ../models/synthetic/s123/random_mc2_n9_mid3_d1000_05_mr098_r10_119.uai
2026-02-06 13:20:38,196|INFO|random_mc2_n9_mid3_d1000_05_mr098_r10_119_uai_GDCC_1e-05_n200_roTrue_s0: Loading data from ../models/synthetic/s123/random_mc2_n9_mid3_d1000_05_mr098_r10_119.csv
2026-02-06 13:20:38,175|INFO|random_mc2_n9_mid3_d1000_05_mr098_r10_122_uai_GDCC_1e-05_n200_roFalse_s0: Loading model from ../models/synthetic/s123/random_mc2_n9_mid3_d1000_05_mr098_r10_122.uai
2026-02-06 13:20:38,220|INFO|random_mc2_n9_mid3_d1000_05_mr098_r10_119_uai_GDCC_1e-05_n200_roTrue_s0: PNS(V0,V8) exact: (0.0742677176, 0.0951852808999999)
2026-02-06 13:20:38,350|INFO|random_mc2_n6_mid3_d1000_05_mr098_r10_13_uai_GDCC_1e-05_n200_roTrue_s0: Arguments: Namespace(method='GDCC_1e-05', numruns='200', seed='0', output='../results/synthetic/s123/', rewrite=True, removeoutliers=True, filepath=['../models/synthetic/s123/random_mc2_n6_mid3_d1000_05_mr098_r10_13.uai'])
2026-02-06 13:20:38,350|INFO|random_mc2_n6_mid3_d1000_05_mr098_r10_13_uai_GDCC_1e-05_n200_roTrue_s0: Loading model from ../models/synthetic/s123/random_mc2_n6_mid3_d1000_05_mr098_r10_13.uai
2026-02-06 13:20:38,364|INFO|random_mc2_n6_mid3_d1000_05_mr098_r10_13_uai_GDCC_1e-05_n200_roTrue_s0: Loading data from ../models/synthetic/s123/random_mc2_n6_mid3_d1000_05_mr098_r10_13.csv
2026-02-06 13:20:38,434|INFO|random_mc2_n9_mid3_d1000_05_mr098_r10_122_uai_GDCC_1e-05_n200_roFalse_s0: Loading data from ../models/synthetic/s123/random_mc2_n9_mid3_d1000_05_mr098_r10_122.csv
2026-02-06 13:20:39,111|INFO|random_mc2_n9_mid3_d1000_05_mr098_r10_12_uai_GDCC_1e-05_n200_roTrue_s0: Arguments: Namespace(method='GDCC_1e-05', numruns='200', seed='0', output='../results/synthetic/s123/', rewrite=True, removeoutliers=True, filepath=['../models/synthetic/s123/random_mc2_n9_mid3_d1000_05_mr098_r10_12.uai'])
2026-02-06 13:20:39,111|INFO|random_mc2_n9_mid3_d1000_05_mr098_r10_12_uai_GDCC_1e-05_n200_roTrue_s0: Loading model from ../models/synthetic/s123/random_mc2_n9_mid3_d1000_05_mr098_r10_12.uai
2026-02-06 13:20:39,133|INFO|random_mc2_n9_mid3_d1000_05_mr098_r10_12_uai_GDCC_1e-05_n200_roTrue_s0: Loading data from ../models/synthetic/s123/random_mc2_n9_mid3_d1000_05_mr098_r10_12.csv
2026-02-06 13:20:39,152|INFO|random_mc2_n9_mid3_d1000_05_mr098_r10_12_uai_GDCC_1e-05_n200_roTrue_s0: PNS(V5,V0) exact: (0.1261695765081492, 0.2521556712400733)
2026-02-06 13:20:40,190|INFO|random_mc2_n7_mid3_d1000_05_mr098_r10_34_uai_GDCC_1e-05_n200_roTrue_s0: Arguments: Namespace(method='GDCC_1e-05', numruns='200', seed='0', output='../results/synthetic/s123/', rewrite=True, removeoutliers=True, filepath=['../models/synthetic/s123/random_mc2_n7_mid3_d1000_05_mr098_r10_34.uai'])
2026-02-06 13:20:40,217|INFO|random_mc2_n5_mid3_d1000_05_mr098_r10_110_uai_GDCC_1e-05_n200_roFalse_s0: Arguments: Namespace(method='GDCC_1e-05', numruns='200', seed='0', output='../results/synthetic/s123/', rewrite=True, removeoutliers=False, filepath=['../models/synthetic/s123/random_mc2_n5_mid3_d1000_05_mr098_r10_110.uai'])
2026-02-06 13:20:40,190|INFO|random_mc2_n7_mid3_d1000_05_mr098_r10_34_uai_GDCC_1e-05_n200_roTrue_s0: Loading model from ../models/synthetic/s123/random_mc2_n7_mid3_d1000_05_mr098_r10_34.uai
2026-02-06 13:20:40,212|INFO|random_mc2_n7_mid3_d1000_05_mr098_r10_34_uai_GDCC_1e-05_n200_roTrue_s0: Loading data from ../models/synthetic/s123/random_mc2_n7_mid3_d1000_05_mr098_r10_34.csv
2026-02-06 13:20:40,229|INFO|random_mc2_n7_mid3_d1000_05_mr098_r10_34_uai_GDCC_1e-05_n200_roTrue_s0: PNS(V2,V1) exact: (0.0696133230233768, 0.2443864534772551)
2026-02-06 13:20:40,217|INFO|random_mc2_n5_mid3_d1000_05_mr098_r10_110_uai_GDCC_1e-05_n200_roFalse_s0: Loading model from ../models/synthetic/s123/random_mc2_n5_mid3_d1000_05_mr098_r10_110.uai
2026-02-06 13:20:40,235|INFO|random_mc2_n5_mid3_d1000_05_mr098_r10_110_uai_GDCC_1e-05_n200_roFalse_s0: Loading data from ../models/synthetic/s123/random_mc2_n5_mid3_d1000_05_mr098_r10_110.csv
2026-02-06 13:20:44,684|INFO|random_mc2_n7_mid3_d1000_05_mr098_r10_96_uai_GDCC_1e-05_n200_roFalse_s0: Arguments: Namespace(method='GDCC_1e-05', numruns='200', seed='0', output='../results/synthetic/s123/', rewrite=True, removeoutliers=False, filepath=['../models/synthetic/s123/random_mc2_n7_mid3_d1000_05_mr098_r10_96.uai'])
2026-02-06 13:20:44,684|INFO|random_mc2_n7_mid3_d1000_05_mr098_r10_96_uai_GDCC_1e-05_n200_roFalse_s0: Loading model from ../models/synthetic/s123/random_mc2_n7_mid3_d1000_05_mr098_r10_96.uai
2026-02-06 13:20:44,713|INFO|random_mc2_n7_mid3_d1000_05_mr098_r10_96_uai_GDCC_1e-05_n200_roFalse_s0: Loading data from ../models/synthetic/s123/random_mc2_n7_mid3_d1000_05_mr098_r10_96.csv
2026-02-06 13:20:44,741|INFO|random_mc2_n9_mid3_d1000_05_mr098_r10_141_uai_GDCC_1e-05_n200_roFalse_s0: Arguments: Namespace(method='GDCC_1e-05', numruns='200', seed='0', output='../results/synthetic/s123/', rewrite=True, removeoutliers=False, filepath=['../models/synthetic/s123/random_mc2_n9_mid3_d1000_05_mr098_r10_141.uai'])
2026-02-06 13:20:44,741|INFO|random_mc2_n9_mid3_d1000_05_mr098_r10_141_uai_GDCC_1e-05_n200_roFalse_s0: Loading model from ../models/synthetic/s123/random_mc2_n9_mid3_d1000_05_mr098_r10_141.uai
2026-02-06 13:20:44,759|INFO|random_mc2_n9_mid3_d1000_05_mr098_r10_141_uai_GDCC_1e-05_n200_roFalse_s0: Loading data from ../models/synthetic/s123/random_mc2_n9_mid3_d1000_05_mr098_r10_141.csv
2026-02-06 13:20:44,809|INFO|random_mc2_n7_mid3_d1000_05_mr098_r10_197_uai_GDCC_1e-05_n200_roTrue_s0: Arguments: Namespace(method='GDCC_1e-05', numruns='200', seed='0', output='../results/synthetic/s123/', rewrite=True, removeoutliers=True, filepath=['../models/synthetic/s123/random_mc2_n7_mid3_d1000_05_mr098_r10_197.uai'])
2026-02-06 13:20:44,816|INFO|random_mc2_n5_mid3_d1000_05_mr098_r10_67_uai_GDCC_1e-05_n200_roFalse_s0: Arguments: Namespace(method='GDCC_1e-05', numruns='200', seed='0', output='../results/synthetic/s123/', rewrite=True, removeoutliers=False, filepath=['../models/synthetic/s123/random_mc2_n5_mid3_d1000_05_mr098_r10_67.uai'])
2026-02-06 13:20:44,810|INFO|random_mc2_n7_mid3_d1000_05_mr098_r10_197_uai_GDCC_1e-05_n200_roTrue_s0: Loading model from ../models/synthetic/s123/random_mc2_n7_mid3_d1000_05_mr098_r10_197.uai
2026-02-06 13:20:44,823|INFO|random_mc2_n7_mid3_d1000_05_mr098_r10_197_uai_GDCC_1e-05_n200_roTrue_s0: Loading data from ../models/synthetic/s123/random_mc2_n7_mid3_d1000_05_mr098_r10_197.csv
2026-02-06 13:20:44,835|INFO|random_mc2_n7_mid3_d1000_05_mr098_r10_197_uai_GDCC_1e-05_n200_roTrue_s0: PNS(V4,V6) exact: (0.0077679086795427, 0.0129274736640678)
2026-02-06 13:20:44,817|INFO|random_mc2_n5_mid3_d1000_05_mr098_r10_67_uai_GDCC_1e-05_n200_roFalse_s0: Loading model from ../models/synthetic/s123/random_mc2_n5_mid3_d1000_05_mr098_r10_67.uai
2026-02-06 13:20:44,825|INFO|random_mc2_n5_mid3_d1000_05_mr098_r10_67_uai_GDCC_1e-05_n200_roFalse_s0: Loading data from ../models/synthetic/s123/random_mc2_n5_mid3_d1000_05_mr098_r10_67.csv
2026-02-06 13:20:45,116|INFO|random_mc2_n8_mid3_d1000_05_mr098_r10_127_uai_GDCC_1e-05_n200_roTrue_s0: Arguments: Namespace(method='GDCC_1e-05', numruns='200', seed='0', output='../results/synthetic/s123/', rewrite=True, removeoutliers=True, filepath=['../models/synthetic/s123/random_mc2_n8_mid3_d1000_05_mr098_r10_127.uai'])
2026-02-06 13:20:45,138|INFO|random_mc2_n6_mid3_d1000_05_mr098_r10_86_uai_GDCC_1e-05_n200_roFalse_s0: Arguments: Namespace(method='GDCC_1e-05', numruns='200', seed='0', output='../results/synthetic/s123/', rewrite=True, removeoutliers=False, filepath=['../models/synthetic/s123/random_mc2_n6_mid3_d1000_05_mr098_r10_86.uai'])
2026-02-06 13:20:45,116|INFO|random_mc2_n8_mid3_d1000_05_mr098_r10_127_uai_GDCC_1e-05_n200_roTrue_s0: Loading model from ../models/synthetic/s123/random_mc2_n8_mid3_d1000_05_mr098_r10_127.uai
2026-02-06 13:20:45,139|INFO|random_mc2_n6_mid3_d1000_05_mr098_r10_86_uai_GDCC_1e-05_n200_roFalse_s0: Loading model from ../models/synthetic/s123/random_mc2_n6_mid3_d1000_05_mr098_r10_86.uai
2026-02-06 13:20:45,148|INFO|random_mc2_n6_mid3_d1000_05_mr098_r10_86_uai_GDCC_1e-05_n200_roFalse_s0: Loading data from ../models/synthetic/s123/random_mc2_n6_mid3_d1000_05_mr098_r10_86.csv
2026-02-06 13:20:45,169|INFO|random_mc2_n8_mid3_d1000_05_mr098_r10_127_uai_GDCC_1e-05_n200_roTrue_s0: Loading data from ../models/synthetic/s123/random_mc2_n8_mid3_d1000_05_mr098_r10_127.csv
2026-02-06 13:20:45,418|INFO|random_mc2_n5_mid3_d1000_05_mr098_r10_193_uai_GDCC_1e-05_n200_roTrue_s0: Arguments: Namespace(method='GDCC_1e-05', numruns='200', seed='0', output='../results/synthetic/s123/', rewrite=True, removeoutliers=True, filepath=['../models/synthetic/s123/random_mc2_n5_mid3_d1000_05_mr098_r10_193.uai'])
2026-02-06 13:20:45,435|INFO|random_mc2_n6_mid3_d1000_05_mr098_r10_134_uai_GDCC_1e-05_n200_roTrue_s0: Arguments: Namespace(method='GDCC_1e-05', numruns='200', seed='0', output='../results/synthetic/s123/', rewrite=True, removeoutliers=True, filepath=['../models/synthetic/s123/random_mc2_n6_mid3_d1000_05_mr098_r10_134.uai'])
2026-02-06 13:20:45,441|INFO|random_mc2_n6_mid3_d1000_05_mr098_r10_47_uai_GDCC_1e-05_n200_roFalse_s0: Arguments: Namespace(method='GDCC_1e-05', numruns='200', seed='0', output='../results/synthetic/s123/', rewrite=True, removeoutliers=False, filepath=['../models/synthetic/s123/random_mc2_n6_mid3_d1000_05_mr098_r10_47.uai'])
2026-02-06 13:20:45,419|INFO|random_mc2_n5_mid3_d1000_05_mr098_r10_193_uai_GDCC_1e-05_n200_roTrue_s0: Loading model from ../models/synthetic/s123/random_mc2_n5_mid3_d1000_05_mr098_r10_193.uai
2026-02-06 13:20:45,427|INFO|random_mc2_n5_mid3_d1000_05_mr098_r10_193_uai_GDCC_1e-05_n200_roTrue_s0: Loading data from ../models/synthetic/s123/random_mc2_n5_mid3_d1000_05_mr098_r10_193.csv
2026-02-06 13:20:45,435|INFO|random_mc2_n6_mid3_d1000_05_mr098_r10_134_uai_GDCC_1e-05_n200_roTrue_s0: Loading model from ../models/synthetic/s123/random_mc2_n6_mid3_d1000_05_mr098_r10_134.uai
2026-02-06 13:20:45,444|INFO|random_mc2_n6_mid3_d1000_05_mr098_r10_134_uai_GDCC_1e-05_n200_roTrue_s0: Loading data from ../models/synthetic/s123/random_mc2_n6_mid3_d1000_05_mr098_r10_134.csv
2026-02-06 13:20:45,454|INFO|random_mc2_n6_mid3_d1000_05_mr098_r10_134_uai_GDCC_1e-05_n200_roTrue_s0: PNS(V3,V1) exact: (0.0, 0.0)
2026-02-06 13:20:45,454|ERROR|random_mc2_n6_mid3_d1000_05_mr098_r10_134_uai_GDCC_1e-05_n200_roTrue_s0: Model does not have any cause-effect path.
2026-02-06 13:20:45,441|INFO|random_mc2_n6_mid3_d1000_05_mr098_r10_47_uai_GDCC_1e-05_n200_roFalse_s0: Loading model from ../models/synthetic/s123/random_mc2_n6_mid3_d1000_05_mr098_r10_47.uai
2026-02-06 13:20:45,451|INFO|random_mc2_n6_mid3_d1000_05_mr098_r10_47_uai_GDCC_1e-05_n200_roFalse_s0: Loading data from ../models/synthetic/s123/random_mc2_n6_mid3_d1000_05_mr098_r10_47.csv
2026-02-06 13:20:45,460|INFO|random_mc2_n6_mid3_d1000_05_mr098_r10_47_uai_GDCC_1e-05_n200_roFalse_s0: PNS(V5,V4) exact: (0.0, 0.3303686772)
2026-02-06 13:20:45,608|INFO|random_mc2_n5_mid3_d1000_05_mr098_r10_118_uai_GDCC_1e-05_n200_roTrue_s0: Arguments: Namespace(method='GDCC_1e-05', numruns='200', seed='0', output='../results/synthetic/s123/', rewrite=True, removeoutliers=True, filepath=['../models/synthetic/s123/random_mc2_n5_mid3_d1000_05_mr098_r10_118.uai'])
2026-02-06 13:20:45,609|INFO|random_mc2_n5_mid3_d1000_05_mr098_r10_118_uai_GDCC_1e-05_n200_roTrue_s0: Loading model from ../models/synthetic/s123/random_mc2_n5_mid3_d1000_05_mr098_r10_118.uai
2026-02-06 13:20:45,615|INFO|random_mc2_n5_mid3_d1000_05_mr098_r10_118_uai_GDCC_1e-05_n200_roTrue_s0: Loading data from ../models/synthetic/s123/random_mc2_n5_mid3_d1000_05_mr098_r10_118.csv
2026-02-06 13:20:45,626|INFO|random_mc2_n5_mid3_d1000_05_mr098_r10_118_uai_GDCC_1e-05_n200_roTrue_s0: PNS(V1,V2) exact: (0.07441581471588, 0.209057882285592)
2026-02-06 13:20:45,772|INFO|random_mc2_n6_mid3_d1000_05_mr098_r10_80_uai_GDCC_1e-05_n200_roFalse_s0: Arguments: Namespace(method='GDCC_1e-05', numruns='200', seed='0', output='../results/synthetic/s123/', rewrite=True, removeoutliers=False, filepath=['../models/synthetic/s123/random_mc2_n6_mid3_d1000_05_mr098_r10_80.uai'])
2026-02-06 13:20:45,772|INFO|random_mc2_n6_mid3_d1000_05_mr098_r10_80_uai_GDCC_1e-05_n200_roFalse_s0: Loading model from ../models/synthetic/s123/random_mc2_n6_mid3_d1000_05_mr098_r10_80.uai
2026-02-06 13:20:45,781|INFO|random_mc2_n6_mid3_d1000_05_mr098_r10_80_uai_GDCC_1e-05_n200_roFalse_s0: Loading data from ../models/synthetic/s123/random_mc2_n6_mid3_d1000_05_mr098_r10_80.csv
2026-02-06 13:20:45,834|INFO|random_mc2_n9_mid3_d1000_05_mr098_r10_134_uai_GDCC_1e-05_n200_roFalse_s0: Arguments: Namespace(method='GDCC_1e-05', numruns='200', seed='0', output='../results/synthetic/s123/', rewrite=True, removeoutliers=False, filepath=['../models/synthetic/s123/random_mc2_n9_mid3_d1000_05_mr098_r10_134.uai'])
2026-02-06 13:20:45,834|INFO|random_mc2_n9_mid3_d1000_05_mr098_r10_134_uai_GDCC_1e-05_n200_roFalse_s0: Loading model from ../models/synthetic/s123/random_mc2_n9_mid3_d1000_05_mr098_r10_134.uai
2026-02-06 13:20:45,959|INFO|random_mc2_n5_mid3_d1000_05_mr098_r10_121_uai_GDCC_1e-05_n200_roTrue_s0: Arguments: Namespace(method='GDCC_1e-05', numruns='200', seed='0', output='../results/synthetic/s123/', rewrite=True, removeoutliers=True, filepath=['../models/synthetic/s123/random_mc2_n5_mid3_d1000_05_mr098_r10_121.uai'])
2026-02-06 13:20:45,970|INFO|random_mc2_n5_mid3_d1000_05_mr098_r10_178_uai_GDCC_1e-05_n200_roTrue_s0: Arguments: Namespace(method='GDCC_1e-05', numruns='200', seed='0', output='../results/synthetic/s123/', rewrite=True, removeoutliers=True, filepath=['../models/synthetic/s123/random_mc2_n5_mid3_d1000_05_mr098_r10_178.uai'])
2026-02-06 13:20:45,973|INFO|random_mc2_n6_mid3_d1000_05_mr098_r10_111_uai_GDCC_1e-05_n200_roFalse_s0: Arguments: Namespace(method='GDCC_1e-05', numruns='200', seed='0', output='../results/synthetic/s123/', rewrite=True, removeoutliers=False, filepath=['../models/synthetic/s123/random_mc2_n6_mid3_d1000_05_mr098_r10_111.uai'])
2026-02-06 13:20:45,960|INFO|random_mc2_n5_mid3_d1000_05_mr098_r10_121_uai_GDCC_1e-05_n200_roTrue_s0: Loading model from ../models/synthetic/s123/random_mc2_n5_mid3_d1000_05_mr098_r10_121.uai
2026-02-06 13:20:45,970|INFO|random_mc2_n5_mid3_d1000_05_mr098_r10_121_uai_GDCC_1e-05_n200_roTrue_s0: Loading data from ../models/synthetic/s123/random_mc2_n5_mid3_d1000_05_mr098_r10_121.csv
2026-02-06 13:20:45,982|INFO|random_mc2_n5_mid3_d1000_05_mr098_r10_121_uai_GDCC_1e-05_n200_roTrue_s0: PNS(V3,V1) exact: (0.21434, 0.2800931238639491)
2026-02-06 13:20:45,970|INFO|random_mc2_n5_mid3_d1000_05_mr098_r10_178_uai_GDCC_1e-05_n200_roTrue_s0: Loading model from ../models/synthetic/s123/random_mc2_n5_mid3_d1000_05_mr098_r10_178.uai
2026-02-06 13:20:45,998|INFO|random_mc2_n5_mid3_d1000_05_mr098_r10_178_uai_GDCC_1e-05_n200_roTrue_s0: Loading data from ../models/synthetic/s123/random_mc2_n5_mid3_d1000_05_mr098_r10_178.csv
2026-02-06 13:20:45,973|INFO|random_mc2_n6_mid3_d1000_05_mr098_r10_111_uai_GDCC_1e-05_n200_roFalse_s0: Loading model from ../models/synthetic/s123/random_mc2_n6_mid3_d1000_05_mr098_r10_111.uai
2026-02-06 13:20:45,979|INFO|random_mc2_n6_mid3_d1000_05_mr098_r10_111_uai_GDCC_1e-05_n200_roFalse_s0: Loading data from ../models/synthetic/s123/random_mc2_n6_mid3_d1000_05_mr098_r10_111.csv
2026-02-06 13:20:45,988|INFO|random_mc2_n6_mid3_d1000_05_mr098_r10_111_uai_GDCC_1e-05_n200_roFalse_s0: PNS(V2,V0) exact: (0.0, 0.0)
2026-02-06 13:20:45,988|ERROR|random_mc2_n6_mid3_d1000_05_mr098_r10_111_uai_GDCC_1e-05_n200_roFalse_s0: Model does not have any cause-effect path.
2026-02-06 13:20:46,068|INFO|random_mc2_n9_mid3_d1000_05_mr098_r10_134_uai_GDCC_1e-05_n200_roFalse_s0: Loading data from ../models/synthetic/s123/random_mc2_n9_mid3_d1000_05_mr098_r10_134.csv
2026-02-06 13:20:46,076|INFO|random_mc2_n8_mid3_d1000_05_mr098_r10_134_uai_GDCC_1e-05_n200_roFalse_s0: Arguments: Namespace(method='GDCC_1e-05', numruns='200', seed='0', output='../results/synthetic/s123/', rewrite=True, removeoutliers=False, filepath=['../models/synthetic/s123/random_mc2_n8_mid3_d1000_05_mr098_r10_134.uai'])
2026-02-06 13:20:46,079|INFO|random_mc2_n6_mid3_d1000_05_mr098_r10_79_uai_GDCC_1e-05_n200_roTrue_s0: Arguments: Namespace(method='GDCC_1e-05', numruns='200', seed='0', output='../results/synthetic/s123/', rewrite=True, removeoutliers=True, filepath=['../models/synthetic/s123/random_mc2_n6_mid3_d1000_05_mr098_r10_79.uai'])
2026-02-06 13:20:46,081|INFO|random_mc2_n7_mid3_d1000_05_mr098_r10_177_uai_GDCC_1e-05_n200_roTrue_s0: Arguments: Namespace(method='GDCC_1e-05', numruns='200', seed='0', output='../results/synthetic/s123/', rewrite=True, removeoutliers=True, filepath=['../models/synthetic/s123/random_mc2_n7_mid3_d1000_05_mr098_r10_177.uai'])
2026-02-06 13:20:46,099|INFO|random_mc2_n6_mid3_d1000_05_mr098_r10_112_uai_GDCC_1e-05_n200_roTrue_s0: Arguments: Namespace(method='GDCC_1e-05', numruns='200', seed='0', output='../results/synthetic/s123/', rewrite=True, removeoutliers=True, filepath=['../models/synthetic/s123/random_mc2_n6_mid3_d1000_05_mr098_r10_112.uai'])
2026-02-06 13:20:46,076|INFO|random_mc2_n8_mid3_d1000_05_mr098_r10_134_uai_GDCC_1e-05_n200_roFalse_s0: Loading model from ../models/synthetic/s123/random_mc2_n8_mid3_d1000_05_mr098_r10_134.uai
2026-02-06 13:20:46,079|INFO|random_mc2_n6_mid3_d1000_05_mr098_r10_79_uai_GDCC_1e-05_n200_roTrue_s0: Loading model from ../models/synthetic/s123/random_mc2_n6_mid3_d1000_05_mr098_r10_79.uai
2026-02-06 13:20:46,088|INFO|random_mc2_n6_mid3_d1000_05_mr098_r10_79_uai_GDCC_1e-05_n200_roTrue_s0: Loading data from ../models/synthetic/s123/random_mc2_n6_mid3_d1000_05_mr098_r10_79.csv
2026-02-06 13:20:46,100|INFO|random_mc2_n6_mid3_d1000_05_mr098_r10_79_uai_GDCC_1e-05_n200_roTrue_s0: PNS(V3,V5) exact: (0.3677803281, 0.4747158748)
2026-02-06 13:20:46,081|INFO|random_mc2_n7_mid3_d1000_05_mr098_r10_177_uai_GDCC_1e-05_n200_roTrue_s0: Loading model from ../models/synthetic/s123/random_mc2_n7_mid3_d1000_05_mr098_r10_177.uai
2026-02-06 13:20:46,089|INFO|random_mc2_n7_mid3_d1000_05_mr098_r10_177_uai_GDCC_1e-05_n200_roTrue_s0: Loading data from ../models/synthetic/s123/random_mc2_n7_mid3_d1000_05_mr098_r10_177.csv
2026-02-06 13:20:46,100|INFO|random_mc2_n7_mid3_d1000_05_mr098_r10_177_uai_GDCC_1e-05_n200_roTrue_s0: PNS(V1,V5) exact: (0.0, 0.0)
2026-02-06 13:20:46,100|ERROR|random_mc2_n7_mid3_d1000_05_mr098_r10_177_uai_GDCC_1e-05_n200_roTrue_s0: Model does not have any cause-effect path.
2026-02-06 13:20:46,124|INFO|random_mc2_n5_mid3_d1000_05_mr098_r10_107_uai_GDCC_1e-05_n200_roTrue_s0: Arguments: Namespace(method='GDCC_1e-05', numruns='200', seed='0', output='../results/synthetic/s123/', rewrite=True, removeoutliers=True, filepath=['../models/synthetic/s123/random_mc2_n5_mid3_d1000_05_mr098_r10_107.uai'])
2026-02-06 13:20:46,125|INFO|random_mc2_n5_mid3_d1000_05_mr098_r10_188_uai_GDCC_1e-05_n200_roFalse_s0: Arguments: Namespace(method='GDCC_1e-05', numruns='200', seed='0', output='../results/synthetic/s123/', rewrite=True, removeoutliers=False, filepath=['../models/synthetic/s123/random_mc2_n5_mid3_d1000_05_mr098_r10_188.uai'])
2026-02-06 13:20:46,099|INFO|random_mc2_n6_mid3_d1000_05_mr098_r10_112_uai_GDCC_1e-05_n200_roTrue_s0: Loading model from ../models/synthetic/s123/random_mc2_n6_mid3_d1000_05_mr098_r10_112.uai
2026-02-06 13:20:46,108|INFO|random_mc2_n6_mid3_d1000_05_mr098_r10_112_uai_GDCC_1e-05_n200_roTrue_s0: Loading data from ../models/synthetic/s123/random_mc2_n6_mid3_d1000_05_mr098_r10_112.csv
2026-02-06 13:20:46,124|INFO|random_mc2_n5_mid3_d1000_05_mr098_r10_107_uai_GDCC_1e-05_n200_roTrue_s0: Loading model from ../models/synthetic/s123/random_mc2_n5_mid3_d1000_05_mr098_r10_107.uai
2026-02-06 13:20:46,138|INFO|random_mc2_n5_mid3_d1000_05_mr098_r10_107_uai_GDCC_1e-05_n200_roTrue_s0: Loading data from ../models/synthetic/s123/random_mc2_n5_mid3_d1000_05_mr098_r10_107.csv
2026-02-06 13:20:46,126|INFO|random_mc2_n5_mid3_d1000_05_mr098_r10_188_uai_GDCC_1e-05_n200_roFalse_s0: Loading model from ../models/synthetic/s123/random_mc2_n5_mid3_d1000_05_mr098_r10_188.uai
2026-02-06 13:20:46,132|INFO|random_mc2_n5_mid3_d1000_05_mr098_r10_188_uai_GDCC_1e-05_n200_roFalse_s0: Loading data from ../models/synthetic/s123/random_mc2_n5_mid3_d1000_05_mr098_r10_188.csv
2026-02-06 13:20:46,145|INFO|random_mc2_n5_mid3_d1000_05_mr098_r10_188_uai_GDCC_1e-05_n200_roFalse_s0: PNS(V3,V4) exact: (0.0, 0.049356796840515)
2026-02-06 13:20:46,167|INFO|random_mc2_n8_mid3_d1000_05_mr098_r10_119_uai_GDCC_1e-05_n200_roTrue_s0: Arguments: Namespace(method='GDCC_1e-05', numruns='200', seed='0', output='../results/synthetic/s123/', rewrite=True, removeoutliers=True, filepath=['../models/synthetic/s123/random_mc2_n8_mid3_d1000_05_mr098_r10_119.uai'])
2026-02-06 13:20:46,173|INFO|random_mc2_n7_mid3_d1000_05_mr098_r10_150_uai_GDCC_1e-05_n200_roTrue_s0: Arguments: Namespace(method='GDCC_1e-05', numruns='200', seed='0', output='../results/synthetic/s123/', rewrite=True, removeoutliers=True, filepath=['../models/synthetic/s123/random_mc2_n7_mid3_d1000_05_mr098_r10_150.uai'])
2026-02-06 13:20:46,167|INFO|random_mc2_n8_mid3_d1000_05_mr098_r10_119_uai_GDCC_1e-05_n200_roTrue_s0: Loading model from ../models/synthetic/s123/random_mc2_n8_mid3_d1000_05_mr098_r10_119.uai
2026-02-06 13:20:46,173|INFO|random_mc2_n7_mid3_d1000_05_mr098_r10_150_uai_GDCC_1e-05_n200_roTrue_s0: Loading model from ../models/synthetic/s123/random_mc2_n7_mid3_d1000_05_mr098_r10_150.uai
2026-02-06 13:20:46,222|INFO|random_mc2_n8_mid3_d1000_05_mr098_r10_119_uai_GDCC_1e-05_n200_roTrue_s0: Loading data from ../models/synthetic/s123/random_mc2_n8_mid3_d1000_05_mr098_r10_119.csv
2026-02-06 13:20:46,271|INFO|random_mc2_n7_mid3_d1000_05_mr098_r10_150_uai_GDCC_1e-05_n200_roTrue_s0: Loading data from ../models/synthetic/s123/random_mc2_n7_mid3_d1000_05_mr098_r10_150.csv
2026-02-06 13:20:46,514|INFO|random_mc2_n8_mid3_d1000_05_mr098_r10_134_uai_GDCC_1e-05_n200_roFalse_s0: Loading data from ../models/synthetic/s123/random_mc2_n8_mid3_d1000_05_mr098_r10_134.csv
2026-02-06 13:20:46,918|INFO|random_mc2_n6_mid3_d1000_05_mr098_r10_25_uai_GDCC_1e-05_n200_roFalse_s0: Arguments: Namespace(method='GDCC_1e-05', numruns='200', seed='0', output='../results/synthetic/s123/', rewrite=True, removeoutliers=False, filepath=['../models/synthetic/s123/random_mc2_n6_mid3_d1000_05_mr098_r10_25.uai'])
2026-02-06 13:20:46,919|INFO|random_mc2_n6_mid3_d1000_05_mr098_r10_25_uai_GDCC_1e-05_n200_roFalse_s0: Loading model from ../models/synthetic/s123/random_mc2_n6_mid3_d1000_05_mr098_r10_25.uai
2026-02-06 13:20:46,977|INFO|random_mc2_n6_mid3_d1000_05_mr098_r10_25_uai_GDCC_1e-05_n200_roFalse_s0: Loading data from ../models/synthetic/s123/random_mc2_n6_mid3_d1000_05_mr098_r10_25.csv
2026-02-06 13:20:47,330|INFO|random_mc2_n9_mid3_d1000_05_mr098_r10_177_uai_GDCC_1e-05_n200_roFalse_s0: Arguments: Namespace(method='GDCC_1e-05', numruns='200', seed='0', output='../results/synthetic/s123/', rewrite=True, removeoutliers=False, filepath=['../models/synthetic/s123/random_mc2_n9_mid3_d1000_05_mr098_r10_177.uai'])
2026-02-06 13:20:47,330|INFO|random_mc2_n9_mid3_d1000_05_mr098_r10_177_uai_GDCC_1e-05_n200_roFalse_s0: Loading model from ../models/synthetic/s123/random_mc2_n9_mid3_d1000_05_mr098_r10_177.uai
2026-02-06 13:20:47,352|INFO|random_mc2_n9_mid3_d1000_05_mr098_r10_177_uai_GDCC_1e-05_n200_roFalse_s0: Loading data from ../models/synthetic/s123/random_mc2_n9_mid3_d1000_05_mr098_r10_177.csv
2026-02-06 13:20:47,393|INFO|random_mc2_n6_mid3_d1000_05_mr098_r10_17_uai_GDCC_1e-05_n200_roFalse_s0: Arguments: Namespace(method='GDCC_1e-05', numruns='200', seed='0', output='../results/synthetic/s123/', rewrite=True, removeoutliers=False, filepath=['../models/synthetic/s123/random_mc2_n6_mid3_d1000_05_mr098_r10_17.uai'])
2026-02-06 13:20:47,393|INFO|random_mc2_n6_mid3_d1000_05_mr098_r10_17_uai_GDCC_1e-05_n200_roFalse_s0: Loading model from ../models/synthetic/s123/random_mc2_n6_mid3_d1000_05_mr098_r10_17.uai
2026-02-06 13:20:47,400|INFO|random_mc2_n6_mid3_d1000_05_mr098_r10_17_uai_GDCC_1e-05_n200_roFalse_s0: Loading data from ../models/synthetic/s123/random_mc2_n6_mid3_d1000_05_mr098_r10_17.csv
2026-02-06 13:20:47,415|INFO|random_mc2_n6_mid3_d1000_05_mr098_r10_17_uai_GDCC_1e-05_n200_roFalse_s0: PNS(V5,V0) exact: (0.068749296, 0.1201185324)
2026-02-06 13:20:48,126|INFO|random_mc2_n5_mid3_d1000_05_mr098_r10_84_uai_GDCC_1e-05_n200_roFalse_s0: Arguments: Namespace(method='GDCC_1e-05', numruns='200', seed='0', output='../results/synthetic/s123/', rewrite=True, removeoutliers=False, filepath=['../models/synthetic/s123/random_mc2_n5_mid3_d1000_05_mr098_r10_84.uai'])
2026-02-06 13:20:48,126|INFO|random_mc2_n5_mid3_d1000_05_mr098_r10_84_uai_GDCC_1e-05_n200_roFalse_s0: Loading model from ../models/synthetic/s123/random_mc2_n5_mid3_d1000_05_mr098_r10_84.uai
2026-02-06 13:20:48,139|INFO|random_mc2_n5_mid3_d1000_05_mr098_r10_84_uai_GDCC_1e-05_n200_roFalse_s0: Loading data from ../models/synthetic/s123/random_mc2_n5_mid3_d1000_05_mr098_r10_84.csv
2026-02-06 13:20:49,449|INFO|random_mc2_n7_mid3_d1000_05_mr098_r10_55_uai_GDCC_1e-05_n200_roTrue_s0: Arguments: Namespace(method='GDCC_1e-05', numruns='200', seed='0', output='../results/synthetic/s123/', rewrite=True, removeoutliers=True, filepath=['../models/synthetic/s123/random_mc2_n7_mid3_d1000_05_mr098_r10_55.uai'])
2026-02-06 13:20:49,449|INFO|random_mc2_n7_mid3_d1000_05_mr098_r10_55_uai_GDCC_1e-05_n200_roTrue_s0: Loading model from ../models/synthetic/s123/random_mc2_n7_mid3_d1000_05_mr098_r10_55.uai
2026-02-06 13:20:49,461|INFO|random_mc2_n7_mid3_d1000_05_mr098_r10_55_uai_GDCC_1e-05_n200_roTrue_s0: Loading data from ../models/synthetic/s123/random_mc2_n7_mid3_d1000_05_mr098_r10_55.csv
2026-02-06 13:20:49,475|INFO|random_mc2_n7_mid3_d1000_05_mr098_r10_55_uai_GDCC_1e-05_n200_roTrue_s0: PNS(V1,V2) exact: (0.0, 0.16491582811524)
2026-02-06 13:20:50,261|INFO|random_mc2_n5_mid3_d1000_05_mr098_r10_12_uai_GDCC_1e-05_n200_roFalse_s0: Arguments: Namespace(method='GDCC_1e-05', numruns='200', seed='0', output='../results/synthetic/s123/', rewrite=True, removeoutliers=False, filepath=['../models/synthetic/s123/random_mc2_n5_mid3_d1000_05_mr098_r10_12.uai'])
2026-02-06 13:20:50,261|INFO|random_mc2_n5_mid3_d1000_05_mr098_r10_12_uai_GDCC_1e-05_n200_roFalse_s0: Loading model from ../models/synthetic/s123/random_mc2_n5_mid3_d1000_05_mr098_r10_12.uai
2026-02-06 13:20:50,266|INFO|random_mc2_n5_mid3_d1000_05_mr098_r10_12_uai_GDCC_1e-05_n200_roFalse_s0: Loading data from ../models/synthetic/s123/random_mc2_n5_mid3_d1000_05_mr098_r10_12.csv
2026-02-06 13:20:50,282|INFO|random_mc2_n5_mid3_d1000_05_mr098_r10_12_uai_GDCC_1e-05_n200_roFalse_s0: PNS(V4,V2) exact: (0.007306159, 0.014175791)
2026-02-06 13:20:50,424|INFO|random_mc2_n5_mid3_d1000_05_mr098_r10_18_uai_GDCC_1e-05_n200_roTrue_s0: Arguments: Namespace(method='GDCC_1e-05', numruns='200', seed='0', output='../results/synthetic/s123/', rewrite=True, removeoutliers=True, filepath=['../models/synthetic/s123/random_mc2_n5_mid3_d1000_05_mr098_r10_18.uai'])
2026-02-06 13:20:50,443|INFO|random_mc2_n5_mid3_d1000_05_mr098_r10_182_uai_GDCC_1e-05_n200_roFalse_s0: Arguments: Namespace(method='GDCC_1e-05', numruns='200', seed='0', output='../results/synthetic/s123/', rewrite=True, removeoutliers=False, filepath=['../models/synthetic/s123/random_mc2_n5_mid3_d1000_05_mr098_r10_182.uai'])
2026-02-06 13:20:50,463|INFO|random_mc2_n5_mid3_d1000_05_mr098_r10_86_uai_GDCC_1e-05_n200_roTrue_s0: Arguments: Namespace(method='GDCC_1e-05', numruns='200', seed='0', output='../results/synthetic/s123/', rewrite=True, removeoutliers=True, filepath=['../models/synthetic/s123/random_mc2_n5_mid3_d1000_05_mr098_r10_86.uai'])
2026-02-06 13:20:50,425|INFO|random_mc2_n5_mid3_d1000_05_mr098_r10_18_uai_GDCC_1e-05_n200_roTrue_s0: Loading model from ../models/synthetic/s123/random_mc2_n5_mid3_d1000_05_mr098_r10_18.uai
2026-02-06 13:20:50,437|INFO|random_mc2_n5_mid3_d1000_05_mr098_r10_18_uai_GDCC_1e-05_n200_roTrue_s0: Loading data from ../models/synthetic/s123/random_mc2_n5_mid3_d1000_05_mr098_r10_18.csv
2026-02-06 13:20:50,448|INFO|random_mc2_n5_mid3_d1000_05_mr098_r10_18_uai_GDCC_1e-05_n200_roTrue_s0: PNS(V1,V3) exact: (0.3568015083512, 0.5052594691711998)
2026-02-06 13:20:50,443|INFO|random_mc2_n5_mid3_d1000_05_mr098_r10_182_uai_GDCC_1e-05_n200_roFalse_s0: Loading model from ../models/synthetic/s123/random_mc2_n5_mid3_d1000_05_mr098_r10_182.uai
2026-02-06 13:20:50,450|INFO|random_mc2_n5_mid3_d1000_05_mr098_r10_182_uai_GDCC_1e-05_n200_roFalse_s0: Loading data from ../models/synthetic/s123/random_mc2_n5_mid3_d1000_05_mr098_r10_182.csv
2026-02-06 13:20:50,463|INFO|random_mc2_n5_mid3_d1000_05_mr098_r10_86_uai_GDCC_1e-05_n200_roTrue_s0: Loading model from ../models/synthetic/s123/random_mc2_n5_mid3_d1000_05_mr098_r10_86.uai
2026-02-06 13:20:50,470|INFO|random_mc2_n5_mid3_d1000_05_mr098_r10_86_uai_GDCC_1e-05_n200_roTrue_s0: Loading data from ../models/synthetic/s123/random_mc2_n5_mid3_d1000_05_mr098_r10_86.csv
2026-02-06 13:20:50,481|INFO|random_mc2_n5_mid3_d1000_05_mr098_r10_86_uai_GDCC_1e-05_n200_roTrue_s0: PNS(V3,V4) exact: (0.104073125, 0.2262469198)
2026-02-06 13:20:50,545|INFO|random_mc2_n9_mid3_d1000_05_mr098_r10_166_uai_GDCC_1e-05_n200_roTrue_s0: Arguments: Namespace(method='GDCC_1e-05', numruns='200', seed='0', output='../results/synthetic/s123/', rewrite=True, removeoutliers=True, filepath=['../models/synthetic/s123/random_mc2_n9_mid3_d1000_05_mr098_r10_166.uai'])
2026-02-06 13:20:50,552|INFO|random_mc2_n8_mid3_d1000_05_mr098_r10_35_uai_GDCC_1e-05_n200_roFalse_s0: Arguments: Namespace(method='GDCC_1e-05', numruns='200', seed='0', output='../results/synthetic/s123/', rewrite=True, removeoutliers=False, filepath=['../models/synthetic/s123/random_mc2_n8_mid3_d1000_05_mr098_r10_35.uai'])
2026-02-06 13:20:50,566|INFO|random_mc2_n6_mid3_d1000_05_mr098_r10_174_uai_GDCC_1e-05_n200_roTrue_s0: Arguments: Namespace(method='GDCC_1e-05', numruns='200', seed='0', output='../results/synthetic/s123/', rewrite=True, removeoutliers=True, filepath=['../models/synthetic/s123/random_mc2_n6_mid3_d1000_05_mr098_r10_174.uai'])
2026-02-06 13:20:50,546|INFO|random_mc2_n9_mid3_d1000_05_mr098_r10_166_uai_GDCC_1e-05_n200_roTrue_s0: Loading model from ../models/synthetic/s123/random_mc2_n9_mid3_d1000_05_mr098_r10_166.uai
2026-02-06 13:20:50,570|INFO|random_mc2_n9_mid3_d1000_05_mr098_r10_166_uai_GDCC_1e-05_n200_roTrue_s0: Loading data from ../models/synthetic/s123/random_mc2_n9_mid3_d1000_05_mr098_r10_166.csv
2026-02-06 13:20:50,553|INFO|random_mc2_n8_mid3_d1000_05_mr098_r10_35_uai_GDCC_1e-05_n200_roFalse_s0: Loading model from ../models/synthetic/s123/random_mc2_n8_mid3_d1000_05_mr098_r10_35.uai
2026-02-06 13:20:50,566|INFO|random_mc2_n6_mid3_d1000_05_mr098_r10_174_uai_GDCC_1e-05_n200_roTrue_s0: Loading model from ../models/synthetic/s123/random_mc2_n6_mid3_d1000_05_mr098_r10_174.uai
2026-02-06 13:20:50,577|INFO|random_mc2_n6_mid3_d1000_05_mr098_r10_174_uai_GDCC_1e-05_n200_roTrue_s0: Loading data from ../models/synthetic/s123/random_mc2_n6_mid3_d1000_05_mr098_r10_174.csv
2026-02-06 13:20:50,789|INFO|random_mc2_n8_mid3_d1000_05_mr098_r10_35_uai_GDCC_1e-05_n200_roFalse_s0: Loading data from ../models/synthetic/s123/random_mc2_n8_mid3_d1000_05_mr098_r10_35.csv
2026-02-06 13:20:52,963|INFO|random_mc2_n6_mid3_d1000_05_mr098_r10_143_uai_GDCC_1e-05_n200_roTrue_s0: Arguments: Namespace(method='GDCC_1e-05', numruns='200', seed='0', output='../results/synthetic/s123/', rewrite=True, removeoutliers=True, filepath=['../models/synthetic/s123/random_mc2_n6_mid3_d1000_05_mr098_r10_143.uai'])
2026-02-06 13:20:52,964|INFO|random_mc2_n6_mid3_d1000_05_mr098_r10_143_uai_GDCC_1e-05_n200_roTrue_s0: Loading model from ../models/synthetic/s123/random_mc2_n6_mid3_d1000_05_mr098_r10_143.uai
2026-02-06 13:20:52,972|INFO|random_mc2_n6_mid3_d1000_05_mr098_r10_143_uai_GDCC_1e-05_n200_roTrue_s0: Loading data from ../models/synthetic/s123/random_mc2_n6_mid3_d1000_05_mr098_r10_143.csv
2026-02-06 13:20:53,776|INFO|random_mc2_n7_mid3_d1000_05_mr098_r10_20_uai_GDCC_1e-05_n200_roTrue_s0: Arguments: Namespace(method='GDCC_1e-05', numruns='200', seed='0', output='../results/synthetic/s123/', rewrite=True, removeoutliers=True, filepath=['../models/synthetic/s123/random_mc2_n7_mid3_d1000_05_mr098_r10_20.uai'])
2026-02-06 13:20:53,776|INFO|random_mc2_n7_mid3_d1000_05_mr098_r10_20_uai_GDCC_1e-05_n200_roTrue_s0: Loading model from ../models/synthetic/s123/random_mc2_n7_mid3_d1000_05_mr098_r10_20.uai
2026-02-06 13:20:53,786|INFO|random_mc2_n7_mid3_d1000_05_mr098_r10_20_uai_GDCC_1e-05_n200_roTrue_s0: Loading data from ../models/synthetic/s123/random_mc2_n7_mid3_d1000_05_mr098_r10_20.csv
2026-02-06 13:20:53,817|INFO|random_mc2_n6_mid3_d1000_05_mr098_r10_87_uai_GDCC_1e-05_n200_roTrue_s0: Arguments: Namespace(method='GDCC_1e-05', numruns='200', seed='0', output='../results/synthetic/s123/', rewrite=True, removeoutliers=True, filepath=['../models/synthetic/s123/random_mc2_n6_mid3_d1000_05_mr098_r10_87.uai'])
2026-02-06 13:20:53,838|INFO|random_mc2_n5_mid3_d1000_05_mr098_r10_177_uai_GDCC_1e-05_n200_roFalse_s0: Arguments: Namespace(method='GDCC_1e-05', numruns='200', seed='0', output='../results/synthetic/s123/', rewrite=True, removeoutliers=False, filepath=['../models/synthetic/s123/random_mc2_n5_mid3_d1000_05_mr098_r10_177.uai'])
2026-02-06 13:20:53,817|INFO|random_mc2_n6_mid3_d1000_05_mr098_r10_87_uai_GDCC_1e-05_n200_roTrue_s0: Loading model from ../models/synthetic/s123/random_mc2_n6_mid3_d1000_05_mr098_r10_87.uai
2026-02-06 13:20:53,826|INFO|random_mc2_n6_mid3_d1000_05_mr098_r10_87_uai_GDCC_1e-05_n200_roTrue_s0: Loading data from ../models/synthetic/s123/random_mc2_n6_mid3_d1000_05_mr098_r10_87.csv
2026-02-06 13:20:53,838|INFO|random_mc2_n5_mid3_d1000_05_mr098_r10_177_uai_GDCC_1e-05_n200_roFalse_s0: Loading model from ../models/synthetic/s123/random_mc2_n5_mid3_d1000_05_mr098_r10_177.uai
2026-02-06 13:20:53,847|INFO|random_mc2_n5_mid3_d1000_05_mr098_r10_177_uai_GDCC_1e-05_n200_roFalse_s0: Loading data from ../models/synthetic/s123/random_mc2_n5_mid3_d1000_05_mr098_r10_177.csv
2026-02-06 13:20:53,857|INFO|random_mc2_n5_mid3_d1000_05_mr098_r10_177_uai_GDCC_1e-05_n200_roFalse_s0: PNS(V3,V1) exact: (0.00095494328811, 0.305507837236473)
2026-02-06 13:20:53,891|INFO|random_mc2_n6_mid3_d1000_05_mr098_r10_108_uai_GDCC_1e-05_n200_roFalse_s0: Arguments: Namespace(method='GDCC_1e-05', numruns='200', seed='0', output='../results/synthetic/s123/', rewrite=True, removeoutliers=False, filepath=['../models/synthetic/s123/random_mc2_n6_mid3_d1000_05_mr098_r10_108.uai'])
2026-02-06 13:20:53,908|INFO|random_mc2_n6_mid3_d1000_05_mr098_r10_174_uai_GDCC_1e-05_n200_roFalse_s0: Arguments: Namespace(method='GDCC_1e-05', numruns='200', seed='0', output='../results/synthetic/s123/', rewrite=True, removeoutliers=False, filepath=['../models/synthetic/s123/random_mc2_n6_mid3_d1000_05_mr098_r10_174.uai'])
2026-02-06 13:20:53,891|INFO|random_mc2_n6_mid3_d1000_05_mr098_r10_108_uai_GDCC_1e-05_n200_roFalse_s0: Loading model from ../models/synthetic/s123/random_mc2_n6_mid3_d1000_05_mr098_r10_108.uai
2026-02-06 13:20:53,901|INFO|random_mc2_n6_mid3_d1000_05_mr098_r10_108_uai_GDCC_1e-05_n200_roFalse_s0: Loading data from ../models/synthetic/s123/random_mc2_n6_mid3_d1000_05_mr098_r10_108.csv
2026-02-06 13:20:53,908|INFO|random_mc2_n6_mid3_d1000_05_mr098_r10_174_uai_GDCC_1e-05_n200_roFalse_s0: Loading model from ../models/synthetic/s123/random_mc2_n6_mid3_d1000_05_mr098_r10_174.uai
2026-02-06 13:20:53,918|INFO|random_mc2_n6_mid3_d1000_05_mr098_r10_174_uai_GDCC_1e-05_n200_roFalse_s0: Loading data from ../models/synthetic/s123/random_mc2_n6_mid3_d1000_05_mr098_r10_174.csv
2026-02-06 13:20:54,129|INFO|random_mc2_n6_mid3_d1000_05_mr098_r10_81_uai_GDCC_1e-05_n200_roFalse_s0: Arguments: Namespace(method='GDCC_1e-05', numruns='200', seed='0', output='../results/synthetic/s123/', rewrite=True, removeoutliers=False, filepath=['../models/synthetic/s123/random_mc2_n6_mid3_d1000_05_mr098_r10_81.uai'])
2026-02-06 13:20:54,168|INFO|random_mc2_n5_mid3_d1000_05_mr098_r10_156_uai_GDCC_1e-05_n200_roFalse_s0: Arguments: Namespace(method='GDCC_1e-05', numruns='200', seed='0', output='../results/synthetic/s123/', rewrite=True, removeoutliers=False, filepath=['../models/synthetic/s123/random_mc2_n5_mid3_d1000_05_mr098_r10_156.uai'])
2026-02-06 13:20:54,129|INFO|random_mc2_n6_mid3_d1000_05_mr098_r10_81_uai_GDCC_1e-05_n200_roFalse_s0: Loading model from ../models/synthetic/s123/random_mc2_n6_mid3_d1000_05_mr098_r10_81.uai
2026-02-06 13:20:54,138|INFO|random_mc2_n6_mid3_d1000_05_mr098_r10_81_uai_GDCC_1e-05_n200_roFalse_s0: Loading data from ../models/synthetic/s123/random_mc2_n6_mid3_d1000_05_mr098_r10_81.csv
2026-02-06 13:20:54,146|INFO|random_mc2_n6_mid3_d1000_05_mr098_r10_81_uai_GDCC_1e-05_n200_roFalse_s0: PNS(V0,V1) exact: (0.3372099000000001, 0.3372099000000001)
2026-02-06 13:20:54,171|INFO|random_mc2_n5_mid3_d1000_05_mr098_r10_192_uai_GDCC_1e-05_n200_roTrue_s0: Arguments: Namespace(method='GDCC_1e-05', numruns='200', seed='0', output='../results/synthetic/s123/', rewrite=True, removeoutliers=True, filepath=['../models/synthetic/s123/random_mc2_n5_mid3_d1000_05_mr098_r10_192.uai'])
2026-02-06 13:20:54,208|INFO|random_mc2_n5_mid3_d1000_05_mr098_r10_179_uai_GDCC_1e-05_n200_roFalse_s0: Arguments: Namespace(method='GDCC_1e-05', numruns='200', seed='0', output='../results/synthetic/s123/', rewrite=True, removeoutliers=False, filepath=['../models/synthetic/s123/random_mc2_n5_mid3_d1000_05_mr098_r10_179.uai'])
2026-02-06 13:20:54,169|INFO|random_mc2_n5_mid3_d1000_05_mr098_r10_156_uai_GDCC_1e-05_n200_roFalse_s0: Loading model from ../models/synthetic/s123/random_mc2_n5_mid3_d1000_05_mr098_r10_156.uai
2026-02-06 13:20:54,173|INFO|random_mc2_n5_mid3_d1000_05_mr098_r10_156_uai_GDCC_1e-05_n200_roFalse_s0: Loading data from ../models/synthetic/s123/random_mc2_n5_mid3_d1000_05_mr098_r10_156.csv
2026-02-06 13:20:54,181|INFO|random_mc2_n5_mid3_d1000_05_mr098_r10_156_uai_GDCC_1e-05_n200_roFalse_s0: PNS(V0,V3) exact: (0.013315773, 0.1754779742999999)
2026-02-06 13:20:54,172|INFO|random_mc2_n5_mid3_d1000_05_mr098_r10_192_uai_GDCC_1e-05_n200_roTrue_s0: Loading model from ../models/synthetic/s123/random_mc2_n5_mid3_d1000_05_mr098_r10_192.uai
2026-02-06 13:20:54,177|INFO|random_mc2_n5_mid3_d1000_05_mr098_r10_192_uai_GDCC_1e-05_n200_roTrue_s0: Loading data from ../models/synthetic/s123/random_mc2_n5_mid3_d1000_05_mr098_r10_192.csv
2026-02-06 13:20:54,186|INFO|random_mc2_n5_mid3_d1000_05_mr098_r10_192_uai_GDCC_1e-05_n200_roTrue_s0: PNS(V0,V2) exact: (0.019158534066672, 0.243463236618182)
2026-02-06 13:20:54,211|INFO|random_mc2_n6_mid3_d1000_05_mr098_r10_99_uai_GDCC_1e-05_n200_roTrue_s0: Arguments: Namespace(method='GDCC_1e-05', numruns='200', seed='0', output='../results/synthetic/s123/', rewrite=True, removeoutliers=True, filepath=['../models/synthetic/s123/random_mc2_n6_mid3_d1000_05_mr098_r10_99.uai'])
2026-02-06 13:20:54,214|INFO|random_mc2_n5_mid3_d1000_05_mr098_r10_157_uai_GDCC_1e-05_n200_roFalse_s0: Arguments: Namespace(method='GDCC_1e-05', numruns='200', seed='0', output='../results/synthetic/s123/', rewrite=True, removeoutliers=False, filepath=['../models/synthetic/s123/random_mc2_n5_mid3_d1000_05_mr098_r10_157.uai'])
2026-02-06 13:20:54,208|INFO|random_mc2_n5_mid3_d1000_05_mr098_r10_179_uai_GDCC_1e-05_n200_roFalse_s0: Loading model from ../models/synthetic/s123/random_mc2_n5_mid3_d1000_05_mr098_r10_179.uai
2026-02-06 13:20:54,213|INFO|random_mc2_n5_mid3_d1000_05_mr098_r10_179_uai_GDCC_1e-05_n200_roFalse_s0: Loading data from ../models/synthetic/s123/random_mc2_n5_mid3_d1000_05_mr098_r10_179.csv
2026-02-06 13:20:54,222|INFO|random_mc2_n5_mid3_d1000_05_mr098_r10_179_uai_GDCC_1e-05_n200_roFalse_s0: PNS(V2,V4) exact: (0.00847, 0.3191)
2026-02-06 13:20:54,212|INFO|random_mc2_n6_mid3_d1000_05_mr098_r10_99_uai_GDCC_1e-05_n200_roTrue_s0: Loading model from ../models/synthetic/s123/random_mc2_n6_mid3_d1000_05_mr098_r10_99.uai
2026-02-06 13:20:54,216|INFO|random_mc2_n6_mid3_d1000_05_mr098_r10_99_uai_GDCC_1e-05_n200_roTrue_s0: Loading data from ../models/synthetic/s123/random_mc2_n6_mid3_d1000_05_mr098_r10_99.csv
2026-02-06 13:20:54,225|INFO|random_mc2_n6_mid3_d1000_05_mr098_r10_99_uai_GDCC_1e-05_n200_roTrue_s0: PNS(V0,V1) exact: (0.0, 0.0)
2026-02-06 13:20:54,225|ERROR|random_mc2_n6_mid3_d1000_05_mr098_r10_99_uai_GDCC_1e-05_n200_roTrue_s0: Model does not have any cause-effect path.
2026-02-06 13:20:54,214|INFO|random_mc2_n5_mid3_d1000_05_mr098_r10_157_uai_GDCC_1e-05_n200_roFalse_s0: Loading model from ../models/synthetic/s123/random_mc2_n5_mid3_d1000_05_mr098_r10_157.uai
2026-02-06 13:20:54,220|INFO|random_mc2_n5_mid3_d1000_05_mr098_r10_157_uai_GDCC_1e-05_n200_roFalse_s0: Loading data from ../models/synthetic/s123/random_mc2_n5_mid3_d1000_05_mr098_r10_157.csv
2026-02-06 13:20:54,293|INFO|random_mc2_n8_mid3_d1000_05_mr098_r10_116_uai_GDCC_1e-05_n200_roFalse_s0: Arguments: Namespace(method='GDCC_1e-05', numruns='200', seed='0', output='../results/synthetic/s123/', rewrite=True, removeoutliers=False, filepath=['../models/synthetic/s123/random_mc2_n8_mid3_d1000_05_mr098_r10_116.uai'])
2026-02-06 13:20:54,295|INFO|random_mc2_n9_mid3_d1000_05_mr098_r10_20_uai_GDCC_1e-05_n200_roFalse_s0: Arguments: Namespace(method='GDCC_1e-05', numruns='200', seed='0', output='../results/synthetic/s123/', rewrite=True, removeoutliers=False, filepath=['../models/synthetic/s123/random_mc2_n9_mid3_d1000_05_mr098_r10_20.uai'])
2026-02-06 13:20:54,307|INFO|random_mc2_n5_mid3_d1000_05_mr098_r10_186_uai_GDCC_1e-05_n200_roFalse_s0: Arguments: Namespace(method='GDCC_1e-05', numruns='200', seed='0', output='../results/synthetic/s123/', rewrite=True, removeoutliers=False, filepath=['../models/synthetic/s123/random_mc2_n5_mid3_d1000_05_mr098_r10_186.uai'])
2026-02-06 13:20:54,294|INFO|random_mc2_n8_mid3_d1000_05_mr098_r10_116_uai_GDCC_1e-05_n200_roFalse_s0: Loading model from ../models/synthetic/s123/random_mc2_n8_mid3_d1000_05_mr098_r10_116.uai
2026-02-06 13:20:54,312|INFO|random_mc2_n8_mid3_d1000_05_mr098_r10_116_uai_GDCC_1e-05_n200_roFalse_s0: Loading data from ../models/synthetic/s123/random_mc2_n8_mid3_d1000_05_mr098_r10_116.csv
2026-02-06 13:20:54,295|INFO|random_mc2_n9_mid3_d1000_05_mr098_r10_20_uai_GDCC_1e-05_n200_roFalse_s0: Loading model from ../models/synthetic/s123/random_mc2_n9_mid3_d1000_05_mr098_r10_20.uai
2026-02-06 13:20:54,308|INFO|random_mc2_n5_mid3_d1000_05_mr098_r10_186_uai_GDCC_1e-05_n200_roFalse_s0: Loading model from ../models/synthetic/s123/random_mc2_n5_mid3_d1000_05_mr098_r10_186.uai
2026-02-06 13:20:54,318|INFO|random_mc2_n5_mid3_d1000_05_mr098_r10_186_uai_GDCC_1e-05_n200_roFalse_s0: Loading data from ../models/synthetic/s123/random_mc2_n5_mid3_d1000_05_mr098_r10_186.csv
2026-02-06 13:20:54,326|INFO|random_mc2_n5_mid3_d1000_05_mr098_r10_186_uai_GDCC_1e-05_n200_roFalse_s0: PNS(V3,V1) exact: (0.68198788120285, 0.68198788120285)
2026-02-06 13:20:54,469|INFO|random_mc2_n6_mid3_d1000_05_mr098_r10_172_uai_GDCC_1e-05_n200_roTrue_s0: Arguments: Namespace(method='GDCC_1e-05', numruns='200', seed='0', output='../results/synthetic/s123/', rewrite=True, removeoutliers=True, filepath=['../models/synthetic/s123/random_mc2_n6_mid3_d1000_05_mr098_r10_172.uai'])
2026-02-06 13:20:54,494|INFO|random_mc2_n5_mid3_d1000_05_mr098_r10_140_uai_GDCC_1e-05_n200_roFalse_s0: Arguments: Namespace(method='GDCC_1e-05', numruns='200', seed='0', output='../results/synthetic/s123/', rewrite=True, removeoutliers=False, filepath=['../models/synthetic/s123/random_mc2_n5_mid3_d1000_05_mr098_r10_140.uai'])
2026-02-06 13:20:54,469|INFO|random_mc2_n6_mid3_d1000_05_mr098_r10_172_uai_GDCC_1e-05_n200_roTrue_s0: Loading model from ../models/synthetic/s123/random_mc2_n6_mid3_d1000_05_mr098_r10_172.uai
2026-02-06 13:20:54,477|INFO|random_mc2_n6_mid3_d1000_05_mr098_r10_172_uai_GDCC_1e-05_n200_roTrue_s0: Loading data from ../models/synthetic/s123/random_mc2_n6_mid3_d1000_05_mr098_r10_172.csv
2026-02-06 13:20:54,531|INFO|random_mc2_n9_mid3_d1000_05_mr098_r10_20_uai_GDCC_1e-05_n200_roFalse_s0: Loading data from ../models/synthetic/s123/random_mc2_n9_mid3_d1000_05_mr098_r10_20.csv
2026-02-06 13:20:54,494|INFO|random_mc2_n5_mid3_d1000_05_mr098_r10_140_uai_GDCC_1e-05_n200_roFalse_s0: Loading model from ../models/synthetic/s123/random_mc2_n5_mid3_d1000_05_mr098_r10_140.uai
2026-02-06 13:20:54,499|INFO|random_mc2_n5_mid3_d1000_05_mr098_r10_140_uai_GDCC_1e-05_n200_roFalse_s0: Loading data from ../models/synthetic/s123/random_mc2_n5_mid3_d1000_05_mr098_r10_140.csv
2026-02-06 13:20:54,508|INFO|random_mc2_n5_mid3_d1000_05_mr098_r10_140_uai_GDCC_1e-05_n200_roFalse_s0: PNS(V1,V4) exact: (0.06441808679475, 0.469169366245215)
2026-02-06 13:20:56,124|INFO|random_mc2_n5_mid3_d1000_05_mr098_r10_154_uai_GDCC_1e-05_n200_roFalse_s0: Arguments: Namespace(method='GDCC_1e-05', numruns='200', seed='0', output='../results/synthetic/s123/', rewrite=True, removeoutliers=False, filepath=['../models/synthetic/s123/random_mc2_n5_mid3_d1000_05_mr098_r10_154.uai'])
2026-02-06 13:20:56,125|INFO|random_mc2_n5_mid3_d1000_05_mr098_r10_55_uai_GDCC_1e-05_n200_roTrue_s0: Arguments: Namespace(method='GDCC_1e-05', numruns='200', seed='0', output='../results/synthetic/s123/', rewrite=True, removeoutliers=True, filepath=['../models/synthetic/s123/random_mc2_n5_mid3_d1000_05_mr098_r10_55.uai'])
2026-02-06 13:20:56,128|INFO|random_mc2_n9_mid3_d1000_05_mr098_r10_133_uai_GDCC_1e-05_n200_roFalse_s0: Arguments: Namespace(method='GDCC_1e-05', numruns='200', seed='0', output='../results/synthetic/s123/', rewrite=True, removeoutliers=False, filepath=['../models/synthetic/s123/random_mc2_n9_mid3_d1000_05_mr098_r10_133.uai'])
2026-02-06 13:20:56,135|INFO|random_mc2_n9_mid3_d1000_05_mr098_r10_91_uai_GDCC_1e-05_n200_roFalse_s0: Arguments: Namespace(method='GDCC_1e-05', numruns='200', seed='0', output='../results/synthetic/s123/', rewrite=True, removeoutliers=False, filepath=['../models/synthetic/s123/random_mc2_n9_mid3_d1000_05_mr098_r10_91.uai'])
2026-02-06 13:20:56,124|INFO|random_mc2_n5_mid3_d1000_05_mr098_r10_154_uai_GDCC_1e-05_n200_roFalse_s0: Loading model from ../models/synthetic/s123/random_mc2_n5_mid3_d1000_05_mr098_r10_154.uai
2026-02-06 13:20:56,136|INFO|random_mc2_n5_mid3_d1000_05_mr098_r10_154_uai_GDCC_1e-05_n200_roFalse_s0: Loading data from ../models/synthetic/s123/random_mc2_n5_mid3_d1000_05_mr098_r10_154.csv
2026-02-06 13:20:56,125|INFO|random_mc2_n5_mid3_d1000_05_mr098_r10_55_uai_GDCC_1e-05_n200_roTrue_s0: Loading model from ../models/synthetic/s123/random_mc2_n5_mid3_d1000_05_mr098_r10_55.uai
2026-02-06 13:20:56,130|INFO|random_mc2_n5_mid3_d1000_05_mr098_r10_55_uai_GDCC_1e-05_n200_roTrue_s0: Loading data from ../models/synthetic/s123/random_mc2_n5_mid3_d1000_05_mr098_r10_55.csv
2026-02-06 13:20:56,142|INFO|random_mc2_n5_mid3_d1000_05_mr098_r10_55_uai_GDCC_1e-05_n200_roTrue_s0: PNS(V2,V3) exact: (0.2402970184, 0.3589271115)
2026-02-06 13:20:56,167|INFO|random_mc2_n9_mid3_d1000_05_mr098_r10_140_uai_GDCC_1e-05_n200_roTrue_s0: Arguments: Namespace(method='GDCC_1e-05', numruns='200', seed='0', output='../results/synthetic/s123/', rewrite=True, removeoutliers=True, filepath=['../models/synthetic/s123/random_mc2_n9_mid3_d1000_05_mr098_r10_140.uai'])
2026-02-06 13:20:56,129|INFO|random_mc2_n9_mid3_d1000_05_mr098_r10_133_uai_GDCC_1e-05_n200_roFalse_s0: Loading model from ../models/synthetic/s123/random_mc2_n9_mid3_d1000_05_mr098_r10_133.uai
2026-02-06 13:20:56,141|INFO|random_mc2_n9_mid3_d1000_05_mr098_r10_133_uai_GDCC_1e-05_n200_roFalse_s0: Loading data from ../models/synthetic/s123/random_mc2_n9_mid3_d1000_05_mr098_r10_133.csv
2026-02-06 13:20:56,135|INFO|random_mc2_n9_mid3_d1000_05_mr098_r10_91_uai_GDCC_1e-05_n200_roFalse_s0: Loading model from ../models/synthetic/s123/random_mc2_n9_mid3_d1000_05_mr098_r10_91.uai
2026-02-06 13:20:56,151|INFO|random_mc2_n9_mid3_d1000_05_mr098_r10_91_uai_GDCC_1e-05_n200_roFalse_s0: Loading data from ../models/synthetic/s123/random_mc2_n9_mid3_d1000_05_mr098_r10_91.csv
2026-02-06 13:20:56,161|INFO|random_mc2_n9_mid3_d1000_05_mr098_r10_91_uai_GDCC_1e-05_n200_roFalse_s0: PNS(V2,V3) exact: (0.8057637300690249, 0.8686928265038563)
2026-02-06 13:20:56,167|INFO|random_mc2_n9_mid3_d1000_05_mr098_r10_140_uai_GDCC_1e-05_n200_roTrue_s0: Loading model from ../models/synthetic/s123/random_mc2_n9_mid3_d1000_05_mr098_r10_140.uai
2026-02-06 13:20:56,195|INFO|random_mc2_n9_mid3_d1000_05_mr098_r10_140_uai_GDCC_1e-05_n200_roTrue_s0: Loading data from ../models/synthetic/s123/random_mc2_n9_mid3_d1000_05_mr098_r10_140.csv
2026-02-06 13:20:56,429|INFO|random_mc2_n7_mid3_d1000_05_mr098_r10_39_uai_GDCC_1e-05_n200_roTrue_s0: Arguments: Namespace(method='GDCC_1e-05', numruns='200', seed='0', output='../results/synthetic/s123/', rewrite=True, removeoutliers=True, filepath=['../models/synthetic/s123/random_mc2_n7_mid3_d1000_05_mr098_r10_39.uai'])
2026-02-06 13:20:56,429|INFO|random_mc2_n7_mid3_d1000_05_mr098_r10_39_uai_GDCC_1e-05_n200_roTrue_s0: Loading model from ../models/synthetic/s123/random_mc2_n7_mid3_d1000_05_mr098_r10_39.uai
2026-02-06 13:20:56,442|INFO|random_mc2_n7_mid3_d1000_05_mr098_r10_39_uai_GDCC_1e-05_n200_roTrue_s0: Loading data from ../models/synthetic/s123/random_mc2_n7_mid3_d1000_05_mr098_r10_39.csv
2026-02-06 13:20:56,452|INFO|random_mc2_n7_mid3_d1000_05_mr098_r10_39_uai_GDCC_1e-05_n200_roTrue_s0: PNS(V3,V5) exact: (0.0, 0.338230713)
2026-02-06 13:20:56,729|INFO|random_mc2_n8_mid3_d1000_05_mr098_r10_29_uai_GDCC_1e-05_n200_roFalse_s0: Arguments: Namespace(method='GDCC_1e-05', numruns='200', seed='0', output='../results/synthetic/s123/', rewrite=True, removeoutliers=False, filepath=['../models/synthetic/s123/random_mc2_n8_mid3_d1000_05_mr098_r10_29.uai'])
2026-02-06 13:20:56,765|INFO|random_mc2_n5_mid3_d1000_05_mr098_r10_112_uai_GDCC_1e-05_n200_roTrue_s0: Arguments: Namespace(method='GDCC_1e-05', numruns='200', seed='0', output='../results/synthetic/s123/', rewrite=True, removeoutliers=True, filepath=['../models/synthetic/s123/random_mc2_n5_mid3_d1000_05_mr098_r10_112.uai'])
2026-02-06 13:20:56,729|INFO|random_mc2_n8_mid3_d1000_05_mr098_r10_29_uai_GDCC_1e-05_n200_roFalse_s0: Loading model from ../models/synthetic/s123/random_mc2_n8_mid3_d1000_05_mr098_r10_29.uai
2026-02-06 13:20:56,741|INFO|random_mc2_n8_mid3_d1000_05_mr098_r10_29_uai_GDCC_1e-05_n200_roFalse_s0: Loading data from ../models/synthetic/s123/random_mc2_n8_mid3_d1000_05_mr098_r10_29.csv
2026-02-06 13:20:56,782|INFO|random_mc2_n7_mid3_d1000_05_mr098_r10_56_uai_GDCC_1e-05_n200_roFalse_s0: Arguments: Namespace(method='GDCC_1e-05', numruns='200', seed='0', output='../results/synthetic/s123/', rewrite=True, removeoutliers=False, filepath=['../models/synthetic/s123/random_mc2_n7_mid3_d1000_05_mr098_r10_56.uai'])
2026-02-06 13:20:56,765|INFO|random_mc2_n5_mid3_d1000_05_mr098_r10_112_uai_GDCC_1e-05_n200_roTrue_s0: Loading model from ../models/synthetic/s123/random_mc2_n5_mid3_d1000_05_mr098_r10_112.uai
2026-02-06 13:20:56,771|INFO|random_mc2_n5_mid3_d1000_05_mr098_r10_112_uai_GDCC_1e-05_n200_roTrue_s0: Loading data from ../models/synthetic/s123/random_mc2_n5_mid3_d1000_05_mr098_r10_112.csv
2026-02-06 13:20:56,783|INFO|random_mc2_n7_mid3_d1000_05_mr098_r10_56_uai_GDCC_1e-05_n200_roFalse_s0: Loading model from ../models/synthetic/s123/random_mc2_n7_mid3_d1000_05_mr098_r10_56.uai
2026-02-06 13:20:56,795|INFO|random_mc2_n7_mid3_d1000_05_mr098_r10_56_uai_GDCC_1e-05_n200_roFalse_s0: Loading data from ../models/synthetic/s123/random_mc2_n7_mid3_d1000_05_mr098_r10_56.csv
2026-02-06 13:20:57,082|INFO|random_mc2_n9_mid3_d1000_05_mr098_r10_163_uai_GDCC_1e-05_n200_roTrue_s0: Arguments: Namespace(method='GDCC_1e-05', numruns='200', seed='0', output='../results/synthetic/s123/', rewrite=True, removeoutliers=True, filepath=['../models/synthetic/s123/random_mc2_n9_mid3_d1000_05_mr098_r10_163.uai'])
2026-02-06 13:20:57,082|INFO|random_mc2_n9_mid3_d1000_05_mr098_r10_163_uai_GDCC_1e-05_n200_roTrue_s0: Loading model from ../models/synthetic/s123/random_mc2_n9_mid3_d1000_05_mr098_r10_163.uai
2026-02-06 13:20:57,109|INFO|random_mc2_n9_mid3_d1000_05_mr098_r10_163_uai_GDCC_1e-05_n200_roTrue_s0: Loading data from ../models/synthetic/s123/random_mc2_n9_mid3_d1000_05_mr098_r10_163.csv
2026-02-06 13:20:57,228|INFO|random_mc2_n6_mid3_d1000_05_mr098_r10_126_uai_GDCC_1e-05_n200_roFalse_s0: Arguments: Namespace(method='GDCC_1e-05', numruns='200', seed='0', output='../results/synthetic/s123/', rewrite=True, removeoutliers=False, filepath=['../models/synthetic/s123/random_mc2_n6_mid3_d1000_05_mr098_r10_126.uai'])
2026-02-06 13:20:57,228|INFO|random_mc2_n6_mid3_d1000_05_mr098_r10_126_uai_GDCC_1e-05_n200_roFalse_s0: Loading model from ../models/synthetic/s123/random_mc2_n6_mid3_d1000_05_mr098_r10_126.uai
2026-02-06 13:20:57,247|INFO|random_mc2_n6_mid3_d1000_05_mr098_r10_126_uai_GDCC_1e-05_n200_roFalse_s0: Loading data from ../models/synthetic/s123/random_mc2_n6_mid3_d1000_05_mr098_r10_126.csv
