2026-02-02 16:24:19,137|INFO|random_mc2_n5_mid3_d1000_05_mr098_r10_117_uai_GDCC_1e-09_n200_roTrue_s0: Loading model from ../models/synthetic/s123/random_mc2_n5_mid3_d1000_05_mr098_r10_117.uai
2026-02-02 16:24:19,147|INFO|random_mc2_n5_mid3_d1000_05_mr098_r10_117_uai_GDCC_1e-09_n200_roTrue_s0: Loading data from ../models/synthetic/s123/random_mc2_n5_mid3_d1000_05_mr098_r10_117.csv
2026-02-02 16:24:24,169|INFO|random_mc2_n8_mid3_d1000_05_mr098_r10_159_uai_GDCC_1e-09_n200_roTrue_s0: Loading model from ../models/synthetic/s123/random_mc2_n8_mid3_d1000_05_mr098_r10_159.uai
2026-02-02 16:24:24,191|INFO|random_mc2_n8_mid3_d1000_05_mr098_r10_159_uai_GDCC_1e-09_n200_roTrue_s0: Loading data from ../models/synthetic/s123/random_mc2_n8_mid3_d1000_05_mr098_r10_159.csv
2026-02-02 16:24:26,069|INFO|random_mc2_n6_mid3_d1000_05_mr098_r10_58_uai_GDCC_1e-09_n200_roTrue_s0: Loading model from ../models/synthetic/s123/random_mc2_n6_mid3_d1000_05_mr098_r10_58.uai
2026-02-02 16:24:26,083|INFO|random_mc2_n6_mid3_d1000_05_mr098_r10_58_uai_GDCC_1e-09_n200_roTrue_s0: Loading data from ../models/synthetic/s123/random_mc2_n6_mid3_d1000_05_mr098_r10_58.csv
2026-02-02 16:24:26,105|INFO|random_mc2_n6_mid3_d1000_05_mr098_r10_58_uai_GDCC_1e-09_n200_roTrue_s0: PNS(V3,V2) exact: (0.0, 0.0)
2026-02-02 16:24:26,105|ERROR|random_mc2_n6_mid3_d1000_05_mr098_r10_58_uai_GDCC_1e-09_n200_roTrue_s0: Model does not have any cause-effect path.
2026-02-02 16:24:26,118|INFO|random_mc2_n6_mid3_d1000_05_mr098_r10_27_uai_GDCC_1e-09_n200_roTrue_s0: Loading model from ../models/synthetic/s123/random_mc2_n6_mid3_d1000_05_mr098_r10_27.uai
2026-02-02 16:24:26,149|INFO|random_mc2_n5_mid3_d1000_05_mr098_r10_95_uai_GDCC_1e-09_n200_roFalse_s0: Loading model from ../models/synthetic/s123/random_mc2_n5_mid3_d1000_05_mr098_r10_95.uai
2026-02-02 16:24:26,135|INFO|random_mc2_n6_mid3_d1000_05_mr098_r10_27_uai_GDCC_1e-09_n200_roTrue_s0: Loading data from ../models/synthetic/s123/random_mc2_n6_mid3_d1000_05_mr098_r10_27.csv
2026-02-02 16:24:26,151|INFO|random_mc2_n6_mid3_d1000_05_mr098_r10_27_uai_GDCC_1e-09_n200_roTrue_s0: PNS(V1,V2) exact: (0.150982245685575, 0.150982245685575)
2026-02-02 16:24:26,162|INFO|random_mc2_n6_mid3_d1000_05_mr098_r10_142_uai_GDCC_1e-09_n200_roTrue_s0: Loading model from ../models/synthetic/s123/random_mc2_n6_mid3_d1000_05_mr098_r10_142.uai
2026-02-02 16:24:26,174|INFO|random_mc2_n6_mid3_d1000_05_mr098_r10_60_uai_GDCC_1e-09_n200_roFalse_s0: Loading model from ../models/synthetic/s123/random_mc2_n6_mid3_d1000_05_mr098_r10_60.uai
2026-02-02 16:24:26,161|INFO|random_mc2_n5_mid3_d1000_05_mr098_r10_95_uai_GDCC_1e-09_n200_roFalse_s0: Loading data from ../models/synthetic/s123/random_mc2_n5_mid3_d1000_05_mr098_r10_95.csv
2026-02-02 16:24:26,179|INFO|random_mc2_n5_mid3_d1000_05_mr098_r10_95_uai_GDCC_1e-09_n200_roFalse_s0: PNS(V2,V3) exact: (0.0, 0.0190074356112)
2026-02-02 16:24:26,177|INFO|random_mc2_n6_mid3_d1000_05_mr098_r10_142_uai_GDCC_1e-09_n200_roTrue_s0: Loading data from ../models/synthetic/s123/random_mc2_n6_mid3_d1000_05_mr098_r10_142.csv
2026-02-02 16:24:26,197|INFO|random_mc2_n6_mid3_d1000_05_mr098_r10_142_uai_GDCC_1e-09_n200_roTrue_s0: PNS(V0,V5) exact: (0.98933, 0.99047)
2026-02-02 16:24:26,197|INFO|random_mc2_n6_mid3_d1000_05_mr098_r10_60_uai_GDCC_1e-09_n200_roFalse_s0: Loading data from ../models/synthetic/s123/random_mc2_n6_mid3_d1000_05_mr098_r10_60.csv
2026-02-02 16:24:26,216|INFO|random_mc2_n6_mid3_d1000_05_mr098_r10_60_uai_GDCC_1e-09_n200_roFalse_s0: PNS(V2,V1) exact: (0.01063473235, 0.0254823380132)
2026-02-02 16:24:30,825|INFO|random_mc2_n6_mid3_d1000_05_mr098_r10_111_uai_GDCC_1e-09_n200_roTrue_s0: Loading model from ../models/synthetic/s123/random_mc2_n6_mid3_d1000_05_mr098_r10_111.uai
2026-02-02 16:24:30,832|INFO|random_mc2_n6_mid3_d1000_05_mr098_r10_163_uai_GDCC_1e-09_n200_roTrue_s0: Loading model from ../models/synthetic/s123/random_mc2_n6_mid3_d1000_05_mr098_r10_163.uai
2026-02-02 16:24:30,834|INFO|random_mc2_n6_mid3_d1000_05_mr098_r10_111_uai_GDCC_1e-09_n200_roTrue_s0: Loading data from ../models/synthetic/s123/random_mc2_n6_mid3_d1000_05_mr098_r10_111.csv
2026-02-02 16:24:30,852|INFO|random_mc2_n6_mid3_d1000_05_mr098_r10_111_uai_GDCC_1e-09_n200_roTrue_s0: PNS(V2,V0) exact: (0.0, 0.0)
2026-02-02 16:24:30,853|ERROR|random_mc2_n6_mid3_d1000_05_mr098_r10_111_uai_GDCC_1e-09_n200_roTrue_s0: Model does not have any cause-effect path.
2026-02-02 16:24:30,844|INFO|random_mc2_n6_mid3_d1000_05_mr098_r10_163_uai_GDCC_1e-09_n200_roTrue_s0: Loading data from ../models/synthetic/s123/random_mc2_n6_mid3_d1000_05_mr098_r10_163.csv
2026-02-02 16:24:30,959|INFO|random_mc2_n6_mid3_d1000_05_mr098_r10_186_uai_GDCC_1e-09_n200_roFalse_s0: Loading model from ../models/synthetic/s123/random_mc2_n6_mid3_d1000_05_mr098_r10_186.uai
2026-02-02 16:24:30,966|INFO|random_mc2_n9_mid3_d1000_05_mr098_r10_133_uai_GDCC_1e-09_n200_roTrue_s0: Loading model from ../models/synthetic/s123/random_mc2_n9_mid3_d1000_05_mr098_r10_133.uai
2026-02-02 16:24:30,985|INFO|random_mc2_n7_mid3_d1000_05_mr098_r10_91_uai_GDCC_1e-09_n200_roFalse_s0: Loading model from ../models/synthetic/s123/random_mc2_n7_mid3_d1000_05_mr098_r10_91.uai
2026-02-02 16:24:30,987|INFO|random_mc2_n6_mid3_d1000_05_mr098_r10_186_uai_GDCC_1e-09_n200_roFalse_s0: Loading data from ../models/synthetic/s123/random_mc2_n6_mid3_d1000_05_mr098_r10_186.csv
2026-02-02 16:24:31,002|INFO|random_mc2_n7_mid3_d1000_05_mr098_r10_120_uai_GDCC_1e-09_n200_roFalse_s0: Loading model from ../models/synthetic/s123/random_mc2_n7_mid3_d1000_05_mr098_r10_120.uai
2026-02-02 16:24:30,982|INFO|random_mc2_n9_mid3_d1000_05_mr098_r10_133_uai_GDCC_1e-09_n200_roTrue_s0: Loading data from ../models/synthetic/s123/random_mc2_n9_mid3_d1000_05_mr098_r10_133.csv
2026-02-02 16:24:31,011|INFO|random_mc2_n5_mid3_d1000_05_mr098_r10_119_uai_GDCC_1e-09_n200_roFalse_s0: Loading model from ../models/synthetic/s123/random_mc2_n5_mid3_d1000_05_mr098_r10_119.uai
2026-02-02 16:24:31,041|INFO|random_mc2_n6_mid3_d1000_05_mr098_r10_140_uai_GDCC_1e-09_n200_roTrue_s0: Loading model from ../models/synthetic/s123/random_mc2_n6_mid3_d1000_05_mr098_r10_140.uai
2026-02-02 16:24:31,010|INFO|random_mc2_n7_mid3_d1000_05_mr098_r10_120_uai_GDCC_1e-09_n200_roFalse_s0: Loading data from ../models/synthetic/s123/random_mc2_n7_mid3_d1000_05_mr098_r10_120.csv
2026-02-02 16:24:31,021|INFO|random_mc2_n7_mid3_d1000_05_mr098_r10_120_uai_GDCC_1e-09_n200_roFalse_s0: PNS(V4,V0) exact: (0.0, 0.2777528032372082)
2026-02-02 16:24:31,047|INFO|random_mc2_n5_mid3_d1000_05_mr098_r10_117_uai_GDCC_1e-09_n200_roFalse_s0: Loading model from ../models/synthetic/s123/random_mc2_n5_mid3_d1000_05_mr098_r10_117.uai
2026-02-02 16:24:31,020|INFO|random_mc2_n5_mid3_d1000_05_mr098_r10_119_uai_GDCC_1e-09_n200_roFalse_s0: Loading data from ../models/synthetic/s123/random_mc2_n5_mid3_d1000_05_mr098_r10_119.csv
2026-02-02 16:24:31,053|INFO|random_mc2_n5_mid3_d1000_05_mr098_r10_137_uai_GDCC_1e-09_n200_roFalse_s0: Loading model from ../models/synthetic/s123/random_mc2_n5_mid3_d1000_05_mr098_r10_137.uai
2026-02-02 16:24:31,055|INFO|random_mc2_n6_mid3_d1000_05_mr098_r10_116_uai_GDCC_1e-09_n200_roTrue_s0: Loading model from ../models/synthetic/s123/random_mc2_n6_mid3_d1000_05_mr098_r10_116.uai
2026-02-02 16:24:31,055|INFO|random_mc2_n7_mid3_d1000_05_mr098_r10_91_uai_GDCC_1e-09_n200_roFalse_s0: Loading data from ../models/synthetic/s123/random_mc2_n7_mid3_d1000_05_mr098_r10_91.csv
2026-02-02 16:24:31,061|INFO|random_mc2_n6_mid3_d1000_05_mr098_r10_96_uai_GDCC_1e-09_n200_roFalse_s0: Loading model from ../models/synthetic/s123/random_mc2_n6_mid3_d1000_05_mr098_r10_96.uai
2026-02-02 16:24:31,071|INFO|random_mc2_n5_mid3_d1000_05_mr098_r10_22_uai_GDCC_1e-09_n200_roTrue_s0: Loading model from ../models/synthetic/s123/random_mc2_n5_mid3_d1000_05_mr098_r10_22.uai
2026-02-02 16:24:31,056|INFO|random_mc2_n6_mid3_d1000_05_mr098_r10_140_uai_GDCC_1e-09_n200_roTrue_s0: Loading data from ../models/synthetic/s123/random_mc2_n6_mid3_d1000_05_mr098_r10_140.csv
2026-02-02 16:24:31,084|INFO|random_mc2_n6_mid3_d1000_05_mr098_r10_85_uai_GDCC_1e-09_n200_roFalse_s0: Loading model from ../models/synthetic/s123/random_mc2_n6_mid3_d1000_05_mr098_r10_85.uai
2026-02-02 16:24:31,055|INFO|random_mc2_n5_mid3_d1000_05_mr098_r10_117_uai_GDCC_1e-09_n200_roFalse_s0: Loading data from ../models/synthetic/s123/random_mc2_n5_mid3_d1000_05_mr098_r10_117.csv
2026-02-02 16:24:31,064|INFO|random_mc2_n5_mid3_d1000_05_mr098_r10_137_uai_GDCC_1e-09_n200_roFalse_s0: Loading data from ../models/synthetic/s123/random_mc2_n5_mid3_d1000_05_mr098_r10_137.csv
2026-02-02 16:24:31,080|INFO|random_mc2_n5_mid3_d1000_05_mr098_r10_137_uai_GDCC_1e-09_n200_roFalse_s0: PNS(V4,V3) exact: (0.3143626878, 0.4271408892000001)
2026-02-02 16:24:31,066|INFO|random_mc2_n6_mid3_d1000_05_mr098_r10_116_uai_GDCC_1e-09_n200_roTrue_s0: Loading data from ../models/synthetic/s123/random_mc2_n6_mid3_d1000_05_mr098_r10_116.csv
2026-02-02 16:24:31,081|INFO|random_mc2_n6_mid3_d1000_05_mr098_r10_116_uai_GDCC_1e-09_n200_roTrue_s0: PNS(V5,V1) exact: (0.0050404107, 0.1627079522999999)
2026-02-02 16:24:31,070|INFO|random_mc2_n6_mid3_d1000_05_mr098_r10_96_uai_GDCC_1e-09_n200_roFalse_s0: Loading data from ../models/synthetic/s123/random_mc2_n6_mid3_d1000_05_mr098_r10_96.csv
2026-02-02 16:24:31,084|INFO|random_mc2_n6_mid3_d1000_05_mr098_r10_96_uai_GDCC_1e-09_n200_roFalse_s0: PNS(V4,V3) exact: (0.55047, 0.55047)
2026-02-02 16:24:31,110|INFO|random_mc2_n8_mid3_d1000_05_mr098_r10_174_uai_GDCC_1e-09_n200_roFalse_s0: Loading model from ../models/synthetic/s123/random_mc2_n8_mid3_d1000_05_mr098_r10_174.uai
2026-02-02 16:24:31,080|INFO|random_mc2_n5_mid3_d1000_05_mr098_r10_22_uai_GDCC_1e-09_n200_roTrue_s0: Loading data from ../models/synthetic/s123/random_mc2_n5_mid3_d1000_05_mr098_r10_22.csv
2026-02-02 16:24:31,099|INFO|random_mc2_n5_mid3_d1000_05_mr098_r10_22_uai_GDCC_1e-09_n200_roTrue_s0: PNS(V2,V3) exact: (0.01716, 0.07782)
2026-02-02 16:24:31,118|INFO|random_mc2_n6_mid3_d1000_05_mr098_r10_178_uai_GDCC_1e-09_n200_roTrue_s0: Loading model from ../models/synthetic/s123/random_mc2_n6_mid3_d1000_05_mr098_r10_178.uai
2026-02-02 16:24:31,148|INFO|random_mc2_n5_mid3_d1000_05_mr098_r10_159_uai_GDCC_1e-09_n200_roTrue_s0: Loading model from ../models/synthetic/s123/random_mc2_n5_mid3_d1000_05_mr098_r10_159.uai
2026-02-02 16:24:31,136|INFO|random_mc2_n6_mid3_d1000_05_mr098_r10_178_uai_GDCC_1e-09_n200_roTrue_s0: Loading data from ../models/synthetic/s123/random_mc2_n6_mid3_d1000_05_mr098_r10_178.csv
2026-02-02 16:24:31,149|INFO|random_mc2_n6_mid3_d1000_05_mr098_r10_178_uai_GDCC_1e-09_n200_roTrue_s0: PNS(V3,V5) exact: (0.1134567257784353, 0.3551658025191099)
2026-02-02 16:24:31,178|INFO|random_mc2_n8_mid3_d1000_05_mr098_r10_175_uai_GDCC_1e-09_n200_roFalse_s0: Loading model from ../models/synthetic/s123/random_mc2_n8_mid3_d1000_05_mr098_r10_175.uai
2026-02-02 16:24:31,187|INFO|random_mc2_n5_mid3_d1000_05_mr098_r10_44_uai_GDCC_1e-09_n200_roTrue_s0: Loading model from ../models/synthetic/s123/random_mc2_n5_mid3_d1000_05_mr098_r10_44.uai
2026-02-02 16:24:31,164|INFO|random_mc2_n5_mid3_d1000_05_mr098_r10_159_uai_GDCC_1e-09_n200_roTrue_s0: Loading data from ../models/synthetic/s123/random_mc2_n5_mid3_d1000_05_mr098_r10_159.csv
2026-02-02 16:24:31,180|INFO|random_mc2_n5_mid3_d1000_05_mr098_r10_159_uai_GDCC_1e-09_n200_roTrue_s0: PNS(V0,V2) exact: (0.1049462695, 0.4703933717)
2026-02-02 16:24:31,196|INFO|random_mc2_n7_mid3_d1000_05_mr098_r10_40_uai_GDCC_1e-09_n200_roFalse_s0: Loading model from ../models/synthetic/s123/random_mc2_n7_mid3_d1000_05_mr098_r10_40.uai
2026-02-02 16:24:31,199|INFO|random_mc2_n6_mid3_d1000_05_mr098_r10_127_uai_GDCC_1e-09_n200_roTrue_s0: Loading model from ../models/synthetic/s123/random_mc2_n6_mid3_d1000_05_mr098_r10_127.uai
2026-02-02 16:24:31,199|INFO|random_mc2_n6_mid3_d1000_05_mr098_r10_25_uai_GDCC_1e-09_n200_roFalse_s0: Loading model from ../models/synthetic/s123/random_mc2_n6_mid3_d1000_05_mr098_r10_25.uai
2026-02-02 16:24:31,205|INFO|random_mc2_n6_mid3_d1000_05_mr098_r10_85_uai_GDCC_1e-09_n200_roFalse_s0: Loading data from ../models/synthetic/s123/random_mc2_n6_mid3_d1000_05_mr098_r10_85.csv
2026-02-02 16:24:31,205|INFO|random_mc2_n7_mid3_d1000_05_mr098_r10_42_uai_GDCC_1e-09_n200_roTrue_s0: Loading model from ../models/synthetic/s123/random_mc2_n7_mid3_d1000_05_mr098_r10_42.uai
2026-02-02 16:24:31,202|INFO|random_mc2_n5_mid3_d1000_05_mr098_r10_44_uai_GDCC_1e-09_n200_roTrue_s0: Loading data from ../models/synthetic/s123/random_mc2_n5_mid3_d1000_05_mr098_r10_44.csv
2026-02-02 16:24:31,216|INFO|random_mc2_n5_mid3_d1000_05_mr098_r10_44_uai_GDCC_1e-09_n200_roTrue_s0: PNS(V1,V3) exact: (0.01686, 0.02828)
2026-02-02 16:24:31,235|INFO|random_mc2_n8_mid3_d1000_05_mr098_r10_175_uai_GDCC_1e-09_n200_roFalse_s0: Loading data from ../models/synthetic/s123/random_mc2_n8_mid3_d1000_05_mr098_r10_175.csv
2026-02-02 16:24:31,209|INFO|random_mc2_n6_mid3_d1000_05_mr098_r10_127_uai_GDCC_1e-09_n200_roTrue_s0: Loading data from ../models/synthetic/s123/random_mc2_n6_mid3_d1000_05_mr098_r10_127.csv
2026-02-02 16:24:31,242|INFO|random_mc2_n7_mid3_d1000_05_mr098_r10_40_uai_GDCC_1e-09_n200_roFalse_s0: Loading data from ../models/synthetic/s123/random_mc2_n7_mid3_d1000_05_mr098_r10_40.csv
2026-02-02 16:24:31,243|INFO|random_mc2_n6_mid3_d1000_05_mr098_r10_25_uai_GDCC_1e-09_n200_roFalse_s0: Loading data from ../models/synthetic/s123/random_mc2_n6_mid3_d1000_05_mr098_r10_25.csv
2026-02-02 16:24:31,223|INFO|random_mc2_n7_mid3_d1000_05_mr098_r10_42_uai_GDCC_1e-09_n200_roTrue_s0: Loading data from ../models/synthetic/s123/random_mc2_n7_mid3_d1000_05_mr098_r10_42.csv
2026-02-02 16:24:31,239|INFO|random_mc2_n7_mid3_d1000_05_mr098_r10_42_uai_GDCC_1e-09_n200_roTrue_s0: PNS(V0,V3) exact: (0.0, 0.0)
2026-02-02 16:24:31,239|ERROR|random_mc2_n7_mid3_d1000_05_mr098_r10_42_uai_GDCC_1e-09_n200_roTrue_s0: Model does not have any cause-effect path.
2026-02-02 16:24:31,259|INFO|random_mc2_n7_mid3_d1000_05_mr098_r10_40_uai_GDCC_1e-09_n200_roFalse_s0: PNS(V2,V4) exact: (0.033682517015198, 0.145976403196258)
2026-02-02 16:24:31,448|INFO|random_mc2_n8_mid3_d1000_05_mr098_r10_174_uai_GDCC_1e-09_n200_roFalse_s0: Loading data from ../models/synthetic/s123/random_mc2_n8_mid3_d1000_05_mr098_r10_174.csv
2026-02-02 16:24:37,311|INFO|random_mc2_n6_mid3_d1000_05_mr098_r10_105_uai_GDCC_1e-09_n200_roFalse_s0: Loading model from ../models/synthetic/s123/random_mc2_n6_mid3_d1000_05_mr098_r10_105.uai
2026-02-02 16:24:37,343|INFO|random_mc2_n6_mid3_d1000_05_mr098_r10_105_uai_GDCC_1e-09_n200_roFalse_s0: Loading data from ../models/synthetic/s123/random_mc2_n6_mid3_d1000_05_mr098_r10_105.csv
2026-02-02 16:24:37,365|INFO|random_mc2_n6_mid3_d1000_05_mr098_r10_105_uai_GDCC_1e-09_n200_roFalse_s0: PNS(V3,V4) exact: (0.491766269274686, 0.586709709951746)
2026-02-02 16:24:48,873|INFO|random_mc2_n9_mid3_d1000_05_mr098_r10_137_uai_GDCC_1e-09_n200_roTrue_s0: Loading model from ../models/synthetic/s123/random_mc2_n9_mid3_d1000_05_mr098_r10_137.uai
2026-02-02 16:24:49,147|INFO|random_mc2_n9_mid3_d1000_05_mr098_r10_137_uai_GDCC_1e-09_n200_roTrue_s0: Loading data from ../models/synthetic/s123/random_mc2_n9_mid3_d1000_05_mr098_r10_137.csv
2026-02-02 16:24:53,639|INFO|random_mc2_n8_mid3_d1000_05_mr098_r10_28_uai_GDCC_1e-09_n200_roTrue_s0: Loading model from ../models/synthetic/s123/random_mc2_n8_mid3_d1000_05_mr098_r10_28.uai
2026-02-02 16:24:53,643|INFO|random_mc2_n6_mid3_d1000_05_mr098_r10_99_uai_GDCC_1e-09_n200_roFalse_s0: Loading model from ../models/synthetic/s123/random_mc2_n6_mid3_d1000_05_mr098_r10_99.uai
2026-02-02 16:24:53,669|INFO|random_mc2_n6_mid3_d1000_05_mr098_r10_82_uai_GDCC_1e-09_n200_roTrue_s0: Loading model from ../models/synthetic/s123/random_mc2_n6_mid3_d1000_05_mr098_r10_82.uai
2026-02-02 16:24:53,674|INFO|random_mc2_n7_mid3_d1000_05_mr098_r10_90_uai_GDCC_1e-09_n200_roTrue_s0: Loading model from ../models/synthetic/s123/random_mc2_n7_mid3_d1000_05_mr098_r10_90.uai
2026-02-02 16:24:53,653|INFO|random_mc2_n6_mid3_d1000_05_mr098_r10_99_uai_GDCC_1e-09_n200_roFalse_s0: Loading data from ../models/synthetic/s123/random_mc2_n6_mid3_d1000_05_mr098_r10_99.csv
2026-02-02 16:24:53,672|INFO|random_mc2_n6_mid3_d1000_05_mr098_r10_99_uai_GDCC_1e-09_n200_roFalse_s0: PNS(V0,V1) exact: (0.0, 0.0)
2026-02-02 16:24:53,672|ERROR|random_mc2_n6_mid3_d1000_05_mr098_r10_99_uai_GDCC_1e-09_n200_roFalse_s0: Model does not have any cause-effect path.
2026-02-02 16:24:53,693|INFO|random_mc2_n5_mid3_d1000_05_mr098_r10_163_uai_GDCC_1e-09_n200_roTrue_s0: Loading model from ../models/synthetic/s123/random_mc2_n5_mid3_d1000_05_mr098_r10_163.uai
2026-02-02 16:24:53,684|INFO|random_mc2_n6_mid3_d1000_05_mr098_r10_82_uai_GDCC_1e-09_n200_roTrue_s0: Loading data from ../models/synthetic/s123/random_mc2_n6_mid3_d1000_05_mr098_r10_82.csv
2026-02-02 16:24:53,689|INFO|random_mc2_n7_mid3_d1000_05_mr098_r10_90_uai_GDCC_1e-09_n200_roTrue_s0: Loading data from ../models/synthetic/s123/random_mc2_n7_mid3_d1000_05_mr098_r10_90.csv
2026-02-02 16:24:53,704|INFO|random_mc2_n5_mid3_d1000_05_mr098_r10_163_uai_GDCC_1e-09_n200_roTrue_s0: Loading data from ../models/synthetic/s123/random_mc2_n5_mid3_d1000_05_mr098_r10_163.csv
2026-02-02 16:24:53,717|INFO|random_mc2_n5_mid3_d1000_05_mr098_r10_163_uai_GDCC_1e-09_n200_roTrue_s0: PNS(V0,V4) exact: (0.0140736103, 0.0557529839)
2026-02-02 16:24:53,895|INFO|random_mc2_n8_mid3_d1000_05_mr098_r10_28_uai_GDCC_1e-09_n200_roTrue_s0: Loading data from ../models/synthetic/s123/random_mc2_n8_mid3_d1000_05_mr098_r10_28.csv
2026-02-02 16:24:56,207|INFO|random_mc2_n5_mid3_d1000_05_mr098_r10_37_uai_GDCC_1e-09_n200_roFalse_s0: Loading model from ../models/synthetic/s123/random_mc2_n5_mid3_d1000_05_mr098_r10_37.uai
2026-02-02 16:24:56,218|INFO|random_mc2_n5_mid3_d1000_05_mr098_r10_37_uai_GDCC_1e-09_n200_roFalse_s0: Loading data from ../models/synthetic/s123/random_mc2_n5_mid3_d1000_05_mr098_r10_37.csv
2026-02-02 16:24:56,235|INFO|random_mc2_n5_mid3_d1000_05_mr098_r10_37_uai_GDCC_1e-09_n200_roFalse_s0: PNS(V1,V4) exact: (0.0030091049999999, 0.160852525)
2026-02-02 16:25:01,828|INFO|random_mc2_n6_mid3_d1000_05_mr098_r10_177_uai_GDCC_1e-09_n200_roTrue_s0: Loading model from ../models/synthetic/s123/random_mc2_n6_mid3_d1000_05_mr098_r10_177.uai
2026-02-02 16:25:01,834|INFO|random_mc2_n9_mid3_d1000_05_mr098_r10_146_uai_GDCC_1e-09_n200_roFalse_s0: Loading model from ../models/synthetic/s123/random_mc2_n9_mid3_d1000_05_mr098_r10_146.uai
2026-02-02 16:25:01,836|INFO|random_mc2_n5_mid3_d1000_05_mr098_r10_43_uai_GDCC_1e-09_n200_roTrue_s0: Loading model from ../models/synthetic/s123/random_mc2_n5_mid3_d1000_05_mr098_r10_43.uai
2026-02-02 16:25:01,841|INFO|random_mc2_n5_mid3_d1000_05_mr098_r10_115_uai_GDCC_1e-09_n200_roTrue_s0: Loading model from ../models/synthetic/s123/random_mc2_n5_mid3_d1000_05_mr098_r10_115.uai
2026-02-02 16:25:01,849|INFO|random_mc2_n7_mid3_d1000_05_mr098_r10_69_uai_GDCC_1e-09_n200_roFalse_s0: Loading model from ../models/synthetic/s123/random_mc2_n7_mid3_d1000_05_mr098_r10_69.uai
2026-02-02 16:25:01,856|INFO|random_mc2_n5_mid3_d1000_05_mr098_r10_176_uai_GDCC_1e-09_n200_roFalse_s0: Loading model from ../models/synthetic/s123/random_mc2_n5_mid3_d1000_05_mr098_r10_176.uai
2026-02-02 16:25:01,862|INFO|random_mc2_n6_mid3_d1000_05_mr098_r10_86_uai_GDCC_1e-09_n200_roFalse_s0: Loading model from ../models/synthetic/s123/random_mc2_n6_mid3_d1000_05_mr098_r10_86.uai
2026-02-02 16:25:01,839|INFO|random_mc2_n6_mid3_d1000_05_mr098_r10_177_uai_GDCC_1e-09_n200_roTrue_s0: Loading data from ../models/synthetic/s123/random_mc2_n6_mid3_d1000_05_mr098_r10_177.csv
2026-02-02 16:25:01,862|INFO|random_mc2_n9_mid3_d1000_05_mr098_r10_146_uai_GDCC_1e-09_n200_roFalse_s0: Loading data from ../models/synthetic/s123/random_mc2_n9_mid3_d1000_05_mr098_r10_146.csv
2026-02-02 16:25:01,844|INFO|random_mc2_n5_mid3_d1000_05_mr098_r10_43_uai_GDCC_1e-09_n200_roTrue_s0: Loading data from ../models/synthetic/s123/random_mc2_n5_mid3_d1000_05_mr098_r10_43.csv
2026-02-02 16:25:01,861|INFO|random_mc2_n5_mid3_d1000_05_mr098_r10_43_uai_GDCC_1e-09_n200_roTrue_s0: PNS(V4,V2) exact: (0.2198675521, 0.3328360903)
2026-02-02 16:25:01,856|INFO|random_mc2_n5_mid3_d1000_05_mr098_r10_115_uai_GDCC_1e-09_n200_roTrue_s0: Loading data from ../models/synthetic/s123/random_mc2_n5_mid3_d1000_05_mr098_r10_115.csv
2026-02-02 16:25:01,859|INFO|random_mc2_n7_mid3_d1000_05_mr098_r10_69_uai_GDCC_1e-09_n200_roFalse_s0: Loading data from ../models/synthetic/s123/random_mc2_n7_mid3_d1000_05_mr098_r10_69.csv
2026-02-02 16:25:01,863|INFO|random_mc2_n5_mid3_d1000_05_mr098_r10_176_uai_GDCC_1e-09_n200_roFalse_s0: Loading data from ../models/synthetic/s123/random_mc2_n5_mid3_d1000_05_mr098_r10_176.csv
2026-02-02 16:25:01,878|INFO|random_mc2_n6_mid3_d1000_05_mr098_r10_86_uai_GDCC_1e-09_n200_roFalse_s0: Loading data from ../models/synthetic/s123/random_mc2_n6_mid3_d1000_05_mr098_r10_86.csv
2026-02-02 16:25:02,174|INFO|random_mc2_n12_mid3_d1000_05_mr098_r10_154_uai_GDCC_1e-09_n200_roTrue_s0: Loading model from ../models/synthetic/s123/random_mc2_n12_mid3_d1000_05_mr098_r10_154.uai
2026-02-02 16:25:02,208|INFO|random_mc2_n12_mid3_d1000_05_mr098_r10_154_uai_GDCC_1e-09_n200_roTrue_s0: Loading data from ../models/synthetic/s123/random_mc2_n12_mid3_d1000_05_mr098_r10_154.csv
2026-02-02 16:25:02,223|INFO|random_mc2_n12_mid3_d1000_05_mr098_r10_154_uai_GDCC_1e-09_n200_roTrue_s0: PNS(V5,V6) exact: (0.0078950452954415, 0.2507379400197757)
2026-02-02 16:25:02,307|INFO|random_mc2_n5_mid3_d1000_05_mr098_r10_109_uai_GDCC_1e-09_n200_roTrue_s0: Loading model from ../models/synthetic/s123/random_mc2_n5_mid3_d1000_05_mr098_r10_109.uai
2026-02-02 16:25:02,318|INFO|random_mc2_n7_mid3_d1000_05_mr098_r10_28_uai_GDCC_1e-09_n200_roTrue_s0: Loading model from ../models/synthetic/s123/random_mc2_n7_mid3_d1000_05_mr098_r10_28.uai
2026-02-02 16:25:02,314|INFO|random_mc2_n5_mid3_d1000_05_mr098_r10_109_uai_GDCC_1e-09_n200_roTrue_s0: Loading data from ../models/synthetic/s123/random_mc2_n5_mid3_d1000_05_mr098_r10_109.csv
2026-02-02 16:25:02,325|INFO|random_mc2_n5_mid3_d1000_05_mr098_r10_109_uai_GDCC_1e-09_n200_roTrue_s0: PNS(V0,V4) exact: (0.0, 0.0)
2026-02-02 16:25:02,325|ERROR|random_mc2_n5_mid3_d1000_05_mr098_r10_109_uai_GDCC_1e-09_n200_roTrue_s0: Model does not have any cause-effect path.
2026-02-02 16:25:02,338|INFO|random_mc2_n7_mid3_d1000_05_mr098_r10_28_uai_GDCC_1e-09_n200_roTrue_s0: Loading data from ../models/synthetic/s123/random_mc2_n7_mid3_d1000_05_mr098_r10_28.csv
2026-02-02 16:25:02,412|INFO|random_mc2_n7_mid3_d1000_05_mr098_r10_92_uai_GDCC_1e-09_n200_roFalse_s0: Loading model from ../models/synthetic/s123/random_mc2_n7_mid3_d1000_05_mr098_r10_92.uai
2026-02-02 16:25:02,419|INFO|random_mc2_n5_mid3_d1000_05_mr098_r10_28_uai_GDCC_1e-09_n200_roFalse_s0: Loading model from ../models/synthetic/s123/random_mc2_n5_mid3_d1000_05_mr098_r10_28.uai
2026-02-02 16:25:02,423|INFO|random_mc2_n7_mid3_d1000_05_mr098_r10_95_uai_GDCC_1e-09_n200_roFalse_s0: Loading model from ../models/synthetic/s123/random_mc2_n7_mid3_d1000_05_mr098_r10_95.uai
2026-02-02 16:25:02,427|INFO|random_mc2_n6_mid3_d1000_05_mr098_r10_164_uai_GDCC_1e-09_n200_roTrue_s0: Loading model from ../models/synthetic/s123/random_mc2_n6_mid3_d1000_05_mr098_r10_164.uai
2026-02-02 16:25:02,430|INFO|random_mc2_n6_mid3_d1000_05_mr098_r10_88_uai_GDCC_1e-09_n200_roFalse_s0: Loading model from ../models/synthetic/s123/random_mc2_n6_mid3_d1000_05_mr098_r10_88.uai
2026-02-02 16:25:02,430|INFO|random_mc2_n5_mid3_d1000_05_mr098_r10_127_uai_GDCC_1e-09_n200_roTrue_s0: Loading model from ../models/synthetic/s123/random_mc2_n5_mid3_d1000_05_mr098_r10_127.uai
2026-02-02 16:25:02,432|INFO|random_mc2_n5_mid3_d1000_05_mr098_r10_166_uai_GDCC_1e-09_n200_roTrue_s0: Loading model from ../models/synthetic/s123/random_mc2_n5_mid3_d1000_05_mr098_r10_166.uai
2026-02-02 16:25:02,439|INFO|random_mc2_n8_mid3_d1000_05_mr098_r10_32_uai_GDCC_1e-09_n200_roFalse_s0: Loading model from ../models/synthetic/s123/random_mc2_n8_mid3_d1000_05_mr098_r10_32.uai
2026-02-02 16:25:02,441|INFO|random_mc2_n5_mid3_d1000_05_mr098_r10_137_uai_GDCC_1e-09_n200_roTrue_s0: Loading model from ../models/synthetic/s123/random_mc2_n5_mid3_d1000_05_mr098_r10_137.uai
2026-02-02 16:25:02,432|INFO|random_mc2_n5_mid3_d1000_05_mr098_r10_28_uai_GDCC_1e-09_n200_roFalse_s0: Loading data from ../models/synthetic/s123/random_mc2_n5_mid3_d1000_05_mr098_r10_28.csv
2026-02-02 16:25:02,433|INFO|random_mc2_n7_mid3_d1000_05_mr098_r10_95_uai_GDCC_1e-09_n200_roFalse_s0: Loading data from ../models/synthetic/s123/random_mc2_n7_mid3_d1000_05_mr098_r10_95.csv
2026-02-02 16:25:02,445|INFO|random_mc2_n7_mid3_d1000_05_mr098_r10_95_uai_GDCC_1e-09_n200_roFalse_s0: PNS(V0,V3) exact: (0.0119746197391619, 0.3426762898101421)
2026-02-02 16:25:02,437|INFO|random_mc2_n6_mid3_d1000_05_mr098_r10_164_uai_GDCC_1e-09_n200_roTrue_s0: Loading data from ../models/synthetic/s123/random_mc2_n6_mid3_d1000_05_mr098_r10_164.csv
2026-02-02 16:25:02,450|INFO|random_mc2_n6_mid3_d1000_05_mr098_r10_164_uai_GDCC_1e-09_n200_roTrue_s0: PNS(V4,V3) exact: (0.19591, 0.25606)
2026-02-02 16:25:02,444|INFO|random_mc2_n6_mid3_d1000_05_mr098_r10_88_uai_GDCC_1e-09_n200_roFalse_s0: Loading data from ../models/synthetic/s123/random_mc2_n6_mid3_d1000_05_mr098_r10_88.csv
2026-02-02 16:25:02,449|INFO|random_mc2_n5_mid3_d1000_05_mr098_r10_127_uai_GDCC_1e-09_n200_roTrue_s0: Loading data from ../models/synthetic/s123/random_mc2_n5_mid3_d1000_05_mr098_r10_127.csv
2026-02-02 16:25:02,449|INFO|random_mc2_n5_mid3_d1000_05_mr098_r10_166_uai_GDCC_1e-09_n200_roTrue_s0: Loading data from ../models/synthetic/s123/random_mc2_n5_mid3_d1000_05_mr098_r10_166.csv
2026-02-02 16:25:02,461|INFO|random_mc2_n8_mid3_d1000_05_mr098_r10_32_uai_GDCC_1e-09_n200_roFalse_s0: Loading data from ../models/synthetic/s123/random_mc2_n8_mid3_d1000_05_mr098_r10_32.csv
2026-02-02 16:25:02,449|INFO|random_mc2_n5_mid3_d1000_05_mr098_r10_137_uai_GDCC_1e-09_n200_roTrue_s0: Loading data from ../models/synthetic/s123/random_mc2_n5_mid3_d1000_05_mr098_r10_137.csv
2026-02-02 16:25:02,461|INFO|random_mc2_n5_mid3_d1000_05_mr098_r10_137_uai_GDCC_1e-09_n200_roTrue_s0: PNS(V4,V3) exact: (0.3143626878, 0.4271408892000001)
2026-02-02 16:25:02,482|INFO|random_mc2_n5_mid3_d1000_05_mr098_r10_194_uai_GDCC_1e-09_n200_roFalse_s0: Loading model from ../models/synthetic/s123/random_mc2_n5_mid3_d1000_05_mr098_r10_194.uai
2026-02-02 16:25:02,488|INFO|random_mc2_n5_mid3_d1000_05_mr098_r10_194_uai_GDCC_1e-09_n200_roFalse_s0: Loading data from ../models/synthetic/s123/random_mc2_n5_mid3_d1000_05_mr098_r10_194.csv
2026-02-02 16:25:02,498|INFO|random_mc2_n5_mid3_d1000_05_mr098_r10_194_uai_GDCC_1e-09_n200_roFalse_s0: PNS(V3,V2) exact: (0.01055616190497, 0.096865567581924)
2026-02-02 16:25:02,525|INFO|random_mc2_n7_mid3_d1000_05_mr098_r10_92_uai_GDCC_1e-09_n200_roFalse_s0: Loading data from ../models/synthetic/s123/random_mc2_n7_mid3_d1000_05_mr098_r10_92.csv
2026-02-02 16:25:02,549|INFO|random_mc2_n7_mid3_d1000_05_mr098_r10_98_uai_GDCC_1e-09_n200_roTrue_s0: Loading model from ../models/synthetic/s123/random_mc2_n7_mid3_d1000_05_mr098_r10_98.uai
2026-02-02 16:25:02,570|INFO|random_mc2_n7_mid3_d1000_05_mr098_r10_40_uai_GDCC_1e-09_n200_roTrue_s0: Loading model from ../models/synthetic/s123/random_mc2_n7_mid3_d1000_05_mr098_r10_40.uai
2026-02-02 16:25:02,586|INFO|random_mc2_n5_mid3_d1000_05_mr098_r10_141_uai_GDCC_1e-09_n200_roTrue_s0: Loading model from ../models/synthetic/s123/random_mc2_n5_mid3_d1000_05_mr098_r10_141.uai
2026-02-02 16:25:02,560|INFO|random_mc2_n7_mid3_d1000_05_mr098_r10_98_uai_GDCC_1e-09_n200_roTrue_s0: Loading data from ../models/synthetic/s123/random_mc2_n7_mid3_d1000_05_mr098_r10_98.csv
2026-02-02 16:25:02,600|INFO|random_mc2_n7_mid3_d1000_05_mr098_r10_40_uai_GDCC_1e-09_n200_roTrue_s0: Loading data from ../models/synthetic/s123/random_mc2_n7_mid3_d1000_05_mr098_r10_40.csv
2026-02-02 16:25:02,612|INFO|random_mc2_n7_mid3_d1000_05_mr098_r10_40_uai_GDCC_1e-09_n200_roTrue_s0: PNS(V2,V4) exact: (0.033682517015198, 0.145976403196258)
2026-02-02 16:25:02,596|INFO|random_mc2_n5_mid3_d1000_05_mr098_r10_141_uai_GDCC_1e-09_n200_roTrue_s0: Loading data from ../models/synthetic/s123/random_mc2_n5_mid3_d1000_05_mr098_r10_141.csv
2026-02-02 16:25:02,608|INFO|random_mc2_n5_mid3_d1000_05_mr098_r10_141_uai_GDCC_1e-09_n200_roTrue_s0: PNS(V1,V4) exact: (0.0017244544, 0.2307695208999999)
2026-02-02 16:25:06,700|INFO|random_mc2_n5_mid3_d1000_05_mr098_r10_12_uai_GDCC_1e-09_n200_roTrue_s0: Loading model from ../models/synthetic/s123/random_mc2_n5_mid3_d1000_05_mr098_r10_12.uai
2026-02-02 16:25:06,713|INFO|random_mc2_n5_mid3_d1000_05_mr098_r10_12_uai_GDCC_1e-09_n200_roTrue_s0: Loading data from ../models/synthetic/s123/random_mc2_n5_mid3_d1000_05_mr098_r10_12.csv
2026-02-02 16:25:06,727|INFO|random_mc2_n5_mid3_d1000_05_mr098_r10_12_uai_GDCC_1e-09_n200_roTrue_s0: PNS(V4,V2) exact: (0.007306159, 0.014175791)
2026-02-02 16:25:12,255|INFO|random_mc2_n9_mid3_d1000_05_mr098_r10_28_uai_GDCC_1e-09_n200_roTrue_s0: Loading model from ../models/synthetic/s123/random_mc2_n9_mid3_d1000_05_mr098_r10_28.uai
2026-02-02 16:25:12,277|INFO|random_mc2_n9_mid3_d1000_05_mr098_r10_28_uai_GDCC_1e-09_n200_roTrue_s0: Loading data from ../models/synthetic/s123/random_mc2_n9_mid3_d1000_05_mr098_r10_28.csv
2026-02-02 16:25:15,911|INFO|random_mc2_n6_mid3_d1000_05_mr098_r10_121_uai_GDCC_1e-09_n200_roFalse_s0: Loading model from ../models/synthetic/s123/random_mc2_n6_mid3_d1000_05_mr098_r10_121.uai
2026-02-02 16:25:15,917|INFO|random_mc2_n5_mid3_d1000_05_mr098_r10_28_uai_GDCC_1e-09_n200_roTrue_s0: Loading model from ../models/synthetic/s123/random_mc2_n5_mid3_d1000_05_mr098_r10_28.uai
2026-02-02 16:25:15,921|INFO|random_mc2_n6_mid3_d1000_05_mr098_r10_8_uai_GDCC_1e-09_n200_roTrue_s0: Loading model from ../models/synthetic/s123/random_mc2_n6_mid3_d1000_05_mr098_r10_8.uai
2026-02-02 16:25:15,926|INFO|random_mc2_n9_mid3_d1000_05_mr098_r10_45_uai_GDCC_1e-09_n200_roTrue_s0: Loading model from ../models/synthetic/s123/random_mc2_n9_mid3_d1000_05_mr098_r10_45.uai
2026-02-02 16:25:15,943|INFO|random_mc2_n6_mid3_d1000_05_mr098_r10_112_uai_GDCC_1e-09_n200_roTrue_s0: Loading model from ../models/synthetic/s123/random_mc2_n6_mid3_d1000_05_mr098_r10_112.uai
2026-02-02 16:25:15,935|INFO|random_mc2_n6_mid3_d1000_05_mr098_r10_121_uai_GDCC_1e-09_n200_roFalse_s0: Loading data from ../models/synthetic/s123/random_mc2_n6_mid3_d1000_05_mr098_r10_121.csv
2026-02-02 16:25:15,938|INFO|random_mc2_n5_mid3_d1000_05_mr098_r10_28_uai_GDCC_1e-09_n200_roTrue_s0: Loading data from ../models/synthetic/s123/random_mc2_n5_mid3_d1000_05_mr098_r10_28.csv
2026-02-02 16:25:15,930|INFO|random_mc2_n6_mid3_d1000_05_mr098_r10_8_uai_GDCC_1e-09_n200_roTrue_s0: Loading data from ../models/synthetic/s123/random_mc2_n6_mid3_d1000_05_mr098_r10_8.csv
2026-02-02 16:25:15,948|INFO|random_mc2_n6_mid3_d1000_05_mr098_r10_8_uai_GDCC_1e-09_n200_roTrue_s0: PNS(V0,V3) exact: (0.0, 0.0)
2026-02-02 16:25:15,948|ERROR|random_mc2_n6_mid3_d1000_05_mr098_r10_8_uai_GDCC_1e-09_n200_roTrue_s0: Model does not have any cause-effect path.
2026-02-02 16:25:15,941|INFO|random_mc2_n9_mid3_d1000_05_mr098_r10_45_uai_GDCC_1e-09_n200_roTrue_s0: Loading data from ../models/synthetic/s123/random_mc2_n9_mid3_d1000_05_mr098_r10_45.csv
2026-02-02 16:25:15,957|INFO|random_mc2_n9_mid3_d1000_05_mr098_r10_45_uai_GDCC_1e-09_n200_roTrue_s0: PNS(V4,V5) exact: (0.0019792379219094, 0.0020994991224765)
2026-02-02 16:25:15,959|INFO|random_mc2_n6_mid3_d1000_05_mr098_r10_112_uai_GDCC_1e-09_n200_roTrue_s0: Loading data from ../models/synthetic/s123/random_mc2_n6_mid3_d1000_05_mr098_r10_112.csv
2026-02-02 16:25:22,078|INFO|random_mc2_n9_mid3_d1000_05_mr098_r10_141_uai_GDCC_1e-09_n200_roFalse_s0: Loading model from ../models/synthetic/s123/random_mc2_n9_mid3_d1000_05_mr098_r10_141.uai
2026-02-02 16:25:22,093|INFO|random_mc2_n9_mid3_d1000_05_mr098_r10_141_uai_GDCC_1e-09_n200_roFalse_s0: Loading data from ../models/synthetic/s123/random_mc2_n9_mid3_d1000_05_mr098_r10_141.csv
2026-02-02 16:25:26,807|INFO|random_mc2_n8_mid3_d1000_05_mr098_r10_16_uai_GDCC_1e-09_n200_roFalse_s0: Loading model from ../models/synthetic/s123/random_mc2_n8_mid3_d1000_05_mr098_r10_16.uai
2026-02-02 16:25:26,824|INFO|random_mc2_n7_mid3_d1000_05_mr098_r10_55_uai_GDCC_1e-09_n200_roFalse_s0: Loading model from ../models/synthetic/s123/random_mc2_n7_mid3_d1000_05_mr098_r10_55.uai
2026-02-02 16:25:26,817|INFO|random_mc2_n8_mid3_d1000_05_mr098_r10_16_uai_GDCC_1e-09_n200_roFalse_s0: Loading data from ../models/synthetic/s123/random_mc2_n8_mid3_d1000_05_mr098_r10_16.csv
2026-02-02 16:25:26,835|INFO|random_mc2_n8_mid3_d1000_05_mr098_r10_16_uai_GDCC_1e-09_n200_roFalse_s0: PNS(V4,V3) exact: (0.6700026795146372, 0.6700026795146372)
2026-02-02 16:25:26,835|INFO|random_mc2_n7_mid3_d1000_05_mr098_r10_55_uai_GDCC_1e-09_n200_roFalse_s0: Loading data from ../models/synthetic/s123/random_mc2_n7_mid3_d1000_05_mr098_r10_55.csv
2026-02-02 16:25:26,847|INFO|random_mc2_n7_mid3_d1000_05_mr098_r10_55_uai_GDCC_1e-09_n200_roFalse_s0: PNS(V1,V2) exact: (0.0, 0.16491582811524)
2026-02-02 16:25:26,927|INFO|random_mc2_n9_mid3_d1000_05_mr098_r10_192_uai_GDCC_1e-09_n200_roTrue_s0: Loading model from ../models/synthetic/s123/random_mc2_n9_mid3_d1000_05_mr098_r10_192.uai
2026-02-02 16:25:26,990|INFO|random_mc2_n8_mid3_d1000_05_mr098_r10_32_uai_GDCC_1e-09_n200_roTrue_s0: Loading model from ../models/synthetic/s123/random_mc2_n8_mid3_d1000_05_mr098_r10_32.uai
2026-02-02 16:25:27,003|INFO|random_mc2_n9_mid3_d1000_05_mr098_r10_192_uai_GDCC_1e-09_n200_roTrue_s0: Loading data from ../models/synthetic/s123/random_mc2_n9_mid3_d1000_05_mr098_r10_192.csv
2026-02-02 16:25:27,007|INFO|random_mc2_n5_mid3_d1000_05_mr098_r10_38_uai_GDCC_1e-09_n200_roFalse_s0: Loading model from ../models/synthetic/s123/random_mc2_n5_mid3_d1000_05_mr098_r10_38.uai
2026-02-02 16:25:27,010|INFO|random_mc2_n9_mid3_d1000_05_mr098_r10_134_uai_GDCC_1e-09_n200_roFalse_s0: Loading model from ../models/synthetic/s123/random_mc2_n9_mid3_d1000_05_mr098_r10_134.uai
2026-02-02 16:25:27,024|INFO|random_mc2_n7_mid3_d1000_05_mr098_r10_127_uai_GDCC_1e-09_n200_roTrue_s0: Loading model from ../models/synthetic/s123/random_mc2_n7_mid3_d1000_05_mr098_r10_127.uai
2026-02-02 16:25:27,011|INFO|random_mc2_n8_mid3_d1000_05_mr098_r10_32_uai_GDCC_1e-09_n200_roTrue_s0: Loading data from ../models/synthetic/s123/random_mc2_n8_mid3_d1000_05_mr098_r10_32.csv
2026-02-02 16:25:27,030|INFO|random_mc2_n8_mid3_d1000_05_mr098_r10_39_uai_GDCC_1e-09_n200_roTrue_s0: Loading model from ../models/synthetic/s123/random_mc2_n8_mid3_d1000_05_mr098_r10_39.uai
2026-02-02 16:25:27,034|INFO|random_mc2_n5_mid3_d1000_05_mr098_r10_119_uai_GDCC_1e-09_n200_roTrue_s0: Loading model from ../models/synthetic/s123/random_mc2_n5_mid3_d1000_05_mr098_r10_119.uai
2026-02-02 16:25:27,014|INFO|random_mc2_n5_mid3_d1000_05_mr098_r10_38_uai_GDCC_1e-09_n200_roFalse_s0: Loading data from ../models/synthetic/s123/random_mc2_n5_mid3_d1000_05_mr098_r10_38.csv
2026-02-02 16:25:27,026|INFO|random_mc2_n5_mid3_d1000_05_mr098_r10_38_uai_GDCC_1e-09_n200_roFalse_s0: PNS(V4,V3) exact: (0.71565, 0.7250800000000001)
2026-02-02 16:25:27,052|INFO|random_mc2_n9_mid3_d1000_05_mr098_r10_176_uai_GDCC_1e-09_n200_roFalse_s0: Loading model from ../models/synthetic/s123/random_mc2_n9_mid3_d1000_05_mr098_r10_176.uai
2026-02-02 16:25:27,037|INFO|random_mc2_n7_mid3_d1000_05_mr098_r10_127_uai_GDCC_1e-09_n200_roTrue_s0: Loading data from ../models/synthetic/s123/random_mc2_n7_mid3_d1000_05_mr098_r10_127.csv
2026-02-02 16:25:27,049|INFO|random_mc2_n7_mid3_d1000_05_mr098_r10_127_uai_GDCC_1e-09_n200_roTrue_s0: PNS(V4,V5) exact: (0.2021747419002779, 0.288697593484274)
2026-02-02 16:25:27,044|INFO|random_mc2_n8_mid3_d1000_05_mr098_r10_39_uai_GDCC_1e-09_n200_roTrue_s0: Loading data from ../models/synthetic/s123/random_mc2_n8_mid3_d1000_05_mr098_r10_39.csv
2026-02-02 16:25:27,043|INFO|random_mc2_n5_mid3_d1000_05_mr098_r10_119_uai_GDCC_1e-09_n200_roTrue_s0: Loading data from ../models/synthetic/s123/random_mc2_n5_mid3_d1000_05_mr098_r10_119.csv
2026-02-02 16:25:27,072|INFO|random_mc2_n9_mid3_d1000_05_mr098_r10_176_uai_GDCC_1e-09_n200_roFalse_s0: Loading data from ../models/synthetic/s123/random_mc2_n9_mid3_d1000_05_mr098_r10_176.csv
2026-02-02 16:25:27,138|INFO|random_mc2_n8_mid3_d1000_05_mr098_r10_156_uai_GDCC_1e-09_n200_roTrue_s0: Loading model from ../models/synthetic/s123/random_mc2_n8_mid3_d1000_05_mr098_r10_156.uai
2026-02-02 16:25:27,174|INFO|random_mc2_n8_mid3_d1000_05_mr098_r10_156_uai_GDCC_1e-09_n200_roTrue_s0: Loading data from ../models/synthetic/s123/random_mc2_n8_mid3_d1000_05_mr098_r10_156.csv
2026-02-02 16:25:27,196|INFO|random_mc2_n5_mid3_d1000_05_mr098_r10_126_uai_GDCC_1e-09_n200_roFalse_s0: Loading model from ../models/synthetic/s123/random_mc2_n5_mid3_d1000_05_mr098_r10_126.uai
2026-02-02 16:25:27,208|INFO|random_mc2_n5_mid3_d1000_05_mr098_r10_140_uai_GDCC_1e-09_n200_roTrue_s0: Loading model from ../models/synthetic/s123/random_mc2_n5_mid3_d1000_05_mr098_r10_140.uai
2026-02-02 16:25:27,216|INFO|random_mc2_n5_mid3_d1000_05_mr098_r10_35_uai_GDCC_1e-09_n200_roFalse_s0: Loading model from ../models/synthetic/s123/random_mc2_n5_mid3_d1000_05_mr098_r10_35.uai
2026-02-02 16:25:27,222|INFO|random_mc2_n5_mid3_d1000_05_mr098_r10_40_uai_GDCC_1e-09_n200_roFalse_s0: Loading model from ../models/synthetic/s123/random_mc2_n5_mid3_d1000_05_mr098_r10_40.uai
2026-02-02 16:25:27,224|INFO|random_mc2_n6_mid3_d1000_05_mr098_r10_174_uai_GDCC_1e-09_n200_roFalse_s0: Loading model from ../models/synthetic/s123/random_mc2_n6_mid3_d1000_05_mr098_r10_174.uai
2026-02-02 16:25:27,227|INFO|random_mc2_n9_mid3_d1000_05_mr098_r10_141_uai_GDCC_1e-09_n200_roTrue_s0: Loading model from ../models/synthetic/s123/random_mc2_n9_mid3_d1000_05_mr098_r10_141.uai
2026-02-02 16:25:27,229|INFO|random_mc2_n6_mid3_d1000_05_mr098_r10_25_uai_GDCC_1e-09_n200_roTrue_s0: Loading model from ../models/synthetic/s123/random_mc2_n6_mid3_d1000_05_mr098_r10_25.uai
2026-02-02 16:25:27,208|INFO|random_mc2_n5_mid3_d1000_05_mr098_r10_126_uai_GDCC_1e-09_n200_roFalse_s0: Loading data from ../models/synthetic/s123/random_mc2_n5_mid3_d1000_05_mr098_r10_126.csv
2026-02-02 16:25:27,221|INFO|random_mc2_n5_mid3_d1000_05_mr098_r10_126_uai_GDCC_1e-09_n200_roFalse_s0: PNS(V4,V0) exact: (0.425783788558646, 0.655405962193344)
2026-02-02 16:25:27,238|INFO|random_mc2_n7_mid3_d1000_05_mr098_r10_98_uai_GDCC_1e-09_n200_roFalse_s0: Loading model from ../models/synthetic/s123/random_mc2_n7_mid3_d1000_05_mr098_r10_98.uai
2026-02-02 16:25:27,245|INFO|random_mc2_n5_mid3_d1000_05_mr098_r10_46_uai_GDCC_1e-09_n200_roTrue_s0: Loading model from ../models/synthetic/s123/random_mc2_n5_mid3_d1000_05_mr098_r10_46.uai
2026-02-02 16:25:27,215|INFO|random_mc2_n5_mid3_d1000_05_mr098_r10_140_uai_GDCC_1e-09_n200_roTrue_s0: Loading data from ../models/synthetic/s123/random_mc2_n5_mid3_d1000_05_mr098_r10_140.csv
2026-02-02 16:25:27,228|INFO|random_mc2_n5_mid3_d1000_05_mr098_r10_140_uai_GDCC_1e-09_n200_roTrue_s0: PNS(V1,V4) exact: (0.06441808679475, 0.469169366245215)
2026-02-02 16:25:27,254|INFO|random_mc2_n9_mid3_d1000_05_mr098_r10_134_uai_GDCC_1e-09_n200_roFalse_s0: Loading data from ../models/synthetic/s123/random_mc2_n9_mid3_d1000_05_mr098_r10_134.csv
2026-02-02 16:25:27,223|INFO|random_mc2_n5_mid3_d1000_05_mr098_r10_35_uai_GDCC_1e-09_n200_roFalse_s0: Loading data from ../models/synthetic/s123/random_mc2_n5_mid3_d1000_05_mr098_r10_35.csv
2026-02-02 16:25:27,236|INFO|random_mc2_n5_mid3_d1000_05_mr098_r10_35_uai_GDCC_1e-09_n200_roFalse_s0: PNS(V1,V0) exact: (0.0068097203999999, 0.1260976746)
2026-02-02 16:25:27,229|INFO|random_mc2_n5_mid3_d1000_05_mr098_r10_40_uai_GDCC_1e-09_n200_roFalse_s0: Loading data from ../models/synthetic/s123/random_mc2_n5_mid3_d1000_05_mr098_r10_40.csv
2026-02-02 16:25:27,235|INFO|random_mc2_n6_mid3_d1000_05_mr098_r10_174_uai_GDCC_1e-09_n200_roFalse_s0: Loading data from ../models/synthetic/s123/random_mc2_n6_mid3_d1000_05_mr098_r10_174.csv
2026-02-02 16:25:27,241|INFO|random_mc2_n9_mid3_d1000_05_mr098_r10_141_uai_GDCC_1e-09_n200_roTrue_s0: Loading data from ../models/synthetic/s123/random_mc2_n9_mid3_d1000_05_mr098_r10_141.csv
2026-02-02 16:25:27,260|INFO|random_mc2_n6_mid3_d1000_05_mr098_r10_25_uai_GDCC_1e-09_n200_roTrue_s0: Loading data from ../models/synthetic/s123/random_mc2_n6_mid3_d1000_05_mr098_r10_25.csv
2026-02-02 16:25:27,249|INFO|random_mc2_n7_mid3_d1000_05_mr098_r10_98_uai_GDCC_1e-09_n200_roFalse_s0: Loading data from ../models/synthetic/s123/random_mc2_n7_mid3_d1000_05_mr098_r10_98.csv
2026-02-02 16:25:27,255|INFO|random_mc2_n5_mid3_d1000_05_mr098_r10_46_uai_GDCC_1e-09_n200_roTrue_s0: Loading data from ../models/synthetic/s123/random_mc2_n5_mid3_d1000_05_mr098_r10_46.csv
2026-02-02 16:25:27,267|INFO|random_mc2_n5_mid3_d1000_05_mr098_r10_46_uai_GDCC_1e-09_n200_roTrue_s0: PNS(V0,V4) exact: (0.6100050528559042, 0.6100050528559042)
2026-02-02 16:25:27,320|INFO|random_mc2_n5_mid3_d1000_05_mr098_r10_48_uai_GDCC_1e-09_n200_roFalse_s0: Loading model from ../models/synthetic/s123/random_mc2_n5_mid3_d1000_05_mr098_r10_48.uai
2026-02-02 16:25:27,354|INFO|random_mc2_n6_mid3_d1000_05_mr098_r10_179_uai_GDCC_1e-09_n200_roFalse_s0: Loading model from ../models/synthetic/s123/random_mc2_n6_mid3_d1000_05_mr098_r10_179.uai
2026-02-02 16:25:27,360|INFO|random_mc2_n6_mid3_d1000_05_mr098_r10_46_uai_GDCC_1e-09_n200_roFalse_s0: Loading model from ../models/synthetic/s123/random_mc2_n6_mid3_d1000_05_mr098_r10_46.uai
2026-02-02 16:25:27,327|INFO|random_mc2_n5_mid3_d1000_05_mr098_r10_48_uai_GDCC_1e-09_n200_roFalse_s0: Loading data from ../models/synthetic/s123/random_mc2_n5_mid3_d1000_05_mr098_r10_48.csv
2026-02-02 16:25:27,342|INFO|random_mc2_n5_mid3_d1000_05_mr098_r10_48_uai_GDCC_1e-09_n200_roFalse_s0: PNS(V0,V4) exact: (0.3710704247999999, 0.4223098252000001)
2026-02-02 16:25:27,371|INFO|random_mc2_n7_mid3_d1000_05_mr098_r10_139_uai_GDCC_1e-09_n200_roTrue_s0: Loading model from ../models/synthetic/s123/random_mc2_n7_mid3_d1000_05_mr098_r10_139.uai
2026-02-02 16:25:27,369|INFO|random_mc2_n6_mid3_d1000_05_mr098_r10_46_uai_GDCC_1e-09_n200_roFalse_s0: Loading data from ../models/synthetic/s123/random_mc2_n6_mid3_d1000_05_mr098_r10_46.csv
2026-02-02 16:25:27,381|INFO|random_mc2_n6_mid3_d1000_05_mr098_r10_46_uai_GDCC_1e-09_n200_roFalse_s0: PNS(V5,V4) exact: (0.1425212815, 0.1433881685)
2026-02-02 16:25:27,380|INFO|random_mc2_n7_mid3_d1000_05_mr098_r10_139_uai_GDCC_1e-09_n200_roTrue_s0: Loading data from ../models/synthetic/s123/random_mc2_n7_mid3_d1000_05_mr098_r10_139.csv
2026-02-02 16:25:27,392|INFO|random_mc2_n7_mid3_d1000_05_mr098_r10_139_uai_GDCC_1e-09_n200_roTrue_s0: PNS(V6,V2) exact: (3.4571033774154675e-05, 0.0010797131415254)
2026-02-02 16:25:27,574|INFO|random_mc2_n6_mid3_d1000_05_mr098_r10_179_uai_GDCC_1e-09_n200_roFalse_s0: Loading data from ../models/synthetic/s123/random_mc2_n6_mid3_d1000_05_mr098_r10_179.csv
2026-02-02 16:25:35,041|INFO|random_mc2_n5_mid3_d1000_05_mr098_r10_66_uai_GDCC_1e-09_n200_roTrue_s0: Loading model from ../models/synthetic/s123/random_mc2_n5_mid3_d1000_05_mr098_r10_66.uai
2026-02-02 16:25:35,044|INFO|random_mc2_n8_mid3_d1000_05_mr098_r10_189_uai_GDCC_1e-09_n200_roFalse_s0: Loading model from ../models/synthetic/s123/random_mc2_n8_mid3_d1000_05_mr098_r10_189.uai
2026-02-02 16:25:35,058|INFO|random_mc2_n5_mid3_d1000_05_mr098_r10_66_uai_GDCC_1e-09_n200_roTrue_s0: Loading data from ../models/synthetic/s123/random_mc2_n5_mid3_d1000_05_mr098_r10_66.csv
2026-02-02 16:25:35,079|INFO|random_mc2_n5_mid3_d1000_05_mr098_r10_66_uai_GDCC_1e-09_n200_roTrue_s0: PNS(V4,V1) exact: (0.7079657650000001, 0.8388291600000001)
2026-02-02 16:25:35,066|INFO|random_mc2_n8_mid3_d1000_05_mr098_r10_189_uai_GDCC_1e-09_n200_roFalse_s0: Loading data from ../models/synthetic/s123/random_mc2_n8_mid3_d1000_05_mr098_r10_189.csv
2026-02-02 16:25:35,087|INFO|random_mc2_n8_mid3_d1000_05_mr098_r10_189_uai_GDCC_1e-09_n200_roFalse_s0: PNS(V4,V7) exact: (0.0, 0.0)
2026-02-02 16:25:35,095|INFO|random_mc2_n7_mid3_d1000_05_mr098_r10_80_uai_GDCC_1e-09_n200_roFalse_s0: Loading model from ../models/synthetic/s123/random_mc2_n7_mid3_d1000_05_mr098_r10_80.uai
2026-02-02 16:25:35,128|INFO|random_mc2_n6_mid3_d1000_05_mr098_r10_72_uai_GDCC_1e-09_n200_roTrue_s0: Loading model from ../models/synthetic/s123/random_mc2_n6_mid3_d1000_05_mr098_r10_72.uai
2026-02-02 16:25:35,134|INFO|random_mc2_n5_mid3_d1000_05_mr098_r10_116_uai_GDCC_1e-09_n200_roTrue_s0: Loading model from ../models/synthetic/s123/random_mc2_n5_mid3_d1000_05_mr098_r10_116.uai
2026-02-02 16:25:35,122|INFO|random_mc2_n7_mid3_d1000_05_mr098_r10_80_uai_GDCC_1e-09_n200_roFalse_s0: Loading data from ../models/synthetic/s123/random_mc2_n7_mid3_d1000_05_mr098_r10_80.csv
2026-02-02 16:25:35,150|INFO|random_mc2_n7_mid3_d1000_05_mr098_r10_80_uai_GDCC_1e-09_n200_roFalse_s0: PNS(V0,V6) exact: (0.03946968674409, 0.2126297216363641)
2026-02-02 16:25:35,149|INFO|random_mc2_n6_mid3_d1000_05_mr098_r10_72_uai_GDCC_1e-09_n200_roTrue_s0: Loading data from ../models/synthetic/s123/random_mc2_n6_mid3_d1000_05_mr098_r10_72.csv
2026-02-02 16:25:35,165|INFO|random_mc2_n6_mid3_d1000_05_mr098_r10_72_uai_GDCC_1e-09_n200_roTrue_s0: PNS(V1,V5) exact: (0.0139420482, 0.0995220407)
2026-02-02 16:25:35,148|INFO|random_mc2_n5_mid3_d1000_05_mr098_r10_116_uai_GDCC_1e-09_n200_roTrue_s0: Loading data from ../models/synthetic/s123/random_mc2_n5_mid3_d1000_05_mr098_r10_116.csv
2026-02-02 16:25:35,165|INFO|random_mc2_n5_mid3_d1000_05_mr098_r10_116_uai_GDCC_1e-09_n200_roTrue_s0: PNS(V1,V3) exact: (0.0, 0.0017957419812)
2026-02-02 16:25:36,066|INFO|random_mc2_n5_mid3_d1000_05_mr098_r10_11_uai_GDCC_1e-09_n200_roFalse_s0: Loading model from ../models/synthetic/s123/random_mc2_n5_mid3_d1000_05_mr098_r10_11.uai
2026-02-02 16:25:36,072|INFO|random_mc2_n5_mid3_d1000_05_mr098_r10_11_uai_GDCC_1e-09_n200_roFalse_s0: Loading data from ../models/synthetic/s123/random_mc2_n5_mid3_d1000_05_mr098_r10_11.csv
2026-02-02 16:25:40,480|INFO|random_mc2_n5_mid3_d1000_05_mr098_r10_26_uai_GDCC_1e-09_n200_roTrue_s0: Loading model from ../models/synthetic/s123/random_mc2_n5_mid3_d1000_05_mr098_r10_26.uai
2026-02-02 16:25:40,486|INFO|random_mc2_n5_mid3_d1000_05_mr098_r10_26_uai_GDCC_1e-09_n200_roTrue_s0: Loading data from ../models/synthetic/s123/random_mc2_n5_mid3_d1000_05_mr098_r10_26.csv
2026-02-02 16:25:45,176|INFO|random_mc2_n6_mid3_d1000_05_mr098_r10_108_uai_GDCC_1e-09_n200_roFalse_s0: Loading model from ../models/synthetic/s123/random_mc2_n6_mid3_d1000_05_mr098_r10_108.uai
2026-02-02 16:25:45,187|INFO|random_mc2_n6_mid3_d1000_05_mr098_r10_108_uai_GDCC_1e-09_n200_roFalse_s0: Loading data from ../models/synthetic/s123/random_mc2_n6_mid3_d1000_05_mr098_r10_108.csv
2026-02-02 16:25:45,251|INFO|random_mc2_n7_mid3_d1000_05_mr098_r10_9_uai_GDCC_1e-09_n200_roTrue_s0: Loading model from ../models/synthetic/s123/random_mc2_n7_mid3_d1000_05_mr098_r10_9.uai
2026-02-02 16:25:45,265|INFO|random_mc2_n7_mid3_d1000_05_mr098_r10_9_uai_GDCC_1e-09_n200_roTrue_s0: Loading data from ../models/synthetic/s123/random_mc2_n7_mid3_d1000_05_mr098_r10_9.csv
2026-02-02 16:25:45,274|INFO|random_mc2_n7_mid3_d1000_05_mr098_r10_9_uai_GDCC_1e-09_n200_roTrue_s0: PNS(V2,V3) exact: (0.034282230913595, 0.271965748446975)
2026-02-02 16:25:45,397|INFO|random_mc2_n9_mid3_d1000_05_mr098_r10_140_uai_GDCC_1e-09_n200_roFalse_s0: Loading model from ../models/synthetic/s123/random_mc2_n9_mid3_d1000_05_mr098_r10_140.uai
2026-02-02 16:25:45,403|INFO|random_mc2_n6_mid3_d1000_05_mr098_r10_200_uai_GDCC_1e-09_n200_roFalse_s0: Loading model from ../models/synthetic/s123/random_mc2_n6_mid3_d1000_05_mr098_r10_200.uai
2026-02-02 16:25:45,412|INFO|random_mc2_n5_mid3_d1000_05_mr098_r10_53_uai_GDCC_1e-09_n200_roTrue_s0: Loading model from ../models/synthetic/s123/random_mc2_n5_mid3_d1000_05_mr098_r10_53.uai
2026-02-02 16:25:45,428|INFO|random_mc2_n7_mid3_d1000_05_mr098_r10_155_uai_GDCC_1e-09_n200_roTrue_s0: Loading model from ../models/synthetic/s123/random_mc2_n7_mid3_d1000_05_mr098_r10_155.uai
2026-02-02 16:25:45,430|INFO|random_mc2_n6_mid3_d1000_05_mr098_r10_103_uai_GDCC_1e-09_n200_roFalse_s0: Loading model from ../models/synthetic/s123/random_mc2_n6_mid3_d1000_05_mr098_r10_103.uai
2026-02-02 16:25:45,426|INFO|random_mc2_n9_mid3_d1000_05_mr098_r10_140_uai_GDCC_1e-09_n200_roFalse_s0: Loading data from ../models/synthetic/s123/random_mc2_n9_mid3_d1000_05_mr098_r10_140.csv
2026-02-02 16:25:45,437|INFO|random_mc2_n5_mid3_d1000_05_mr098_r10_114_uai_GDCC_1e-09_n200_roFalse_s0: Loading model from ../models/synthetic/s123/random_mc2_n5_mid3_d1000_05_mr098_r10_114.uai
2026-02-02 16:25:45,431|INFO|random_mc2_n6_mid3_d1000_05_mr098_r10_200_uai_GDCC_1e-09_n200_roFalse_s0: Loading data from ../models/synthetic/s123/random_mc2_n6_mid3_d1000_05_mr098_r10_200.csv
2026-02-02 16:25:45,417|INFO|random_mc2_n5_mid3_d1000_05_mr098_r10_53_uai_GDCC_1e-09_n200_roTrue_s0: Loading data from ../models/synthetic/s123/random_mc2_n5_mid3_d1000_05_mr098_r10_53.csv
2026-02-02 16:25:45,426|INFO|random_mc2_n5_mid3_d1000_05_mr098_r10_53_uai_GDCC_1e-09_n200_roTrue_s0: PNS(V0,V1) exact: (0.0, 0.0)
2026-02-02 16:25:45,426|ERROR|random_mc2_n5_mid3_d1000_05_mr098_r10_53_uai_GDCC_1e-09_n200_roTrue_s0: Model does not have any cause-effect path.
2026-02-02 16:25:45,442|INFO|random_mc2_n7_mid3_d1000_05_mr098_r10_155_uai_GDCC_1e-09_n200_roTrue_s0: Loading data from ../models/synthetic/s123/random_mc2_n7_mid3_d1000_05_mr098_r10_155.csv
2026-02-02 16:25:45,443|INFO|random_mc2_n6_mid3_d1000_05_mr098_r10_103_uai_GDCC_1e-09_n200_roFalse_s0: Loading data from ../models/synthetic/s123/random_mc2_n6_mid3_d1000_05_mr098_r10_103.csv
2026-02-02 16:25:45,460|INFO|random_mc2_n5_mid3_d1000_05_mr098_r10_114_uai_GDCC_1e-09_n200_roFalse_s0: Loading data from ../models/synthetic/s123/random_mc2_n5_mid3_d1000_05_mr098_r10_114.csv
2026-02-02 16:25:45,662|INFO|random_mc2_n6_mid3_d1000_05_mr098_r10_181_uai_GDCC_1e-09_n200_roFalse_s0: Loading model from ../models/synthetic/s123/random_mc2_n6_mid3_d1000_05_mr098_r10_181.uai
2026-02-02 16:25:45,672|INFO|random_mc2_n6_mid3_d1000_05_mr098_r10_181_uai_GDCC_1e-09_n200_roFalse_s0: Loading data from ../models/synthetic/s123/random_mc2_n6_mid3_d1000_05_mr098_r10_181.csv
2026-02-02 16:25:45,704|INFO|random_mc2_n6_mid3_d1000_05_mr098_r10_110_uai_GDCC_1e-09_n200_roFalse_s0: Loading model from ../models/synthetic/s123/random_mc2_n6_mid3_d1000_05_mr098_r10_110.uai
2026-02-02 16:25:45,731|INFO|random_mc2_n6_mid3_d1000_05_mr098_r10_110_uai_GDCC_1e-09_n200_roFalse_s0: Loading data from ../models/synthetic/s123/random_mc2_n6_mid3_d1000_05_mr098_r10_110.csv
2026-02-02 16:25:45,817|INFO|random_mc2_n9_mid3_d1000_05_mr098_r10_138_uai_GDCC_1e-09_n200_roTrue_s0: Loading model from ../models/synthetic/s123/random_mc2_n9_mid3_d1000_05_mr098_r10_138.uai
2026-02-02 16:25:45,830|INFO|random_mc2_n9_mid3_d1000_05_mr098_r10_138_uai_GDCC_1e-09_n200_roTrue_s0: Loading data from ../models/synthetic/s123/random_mc2_n9_mid3_d1000_05_mr098_r10_138.csv
2026-02-02 16:25:45,839|INFO|random_mc2_n9_mid3_d1000_05_mr098_r10_138_uai_GDCC_1e-09_n200_roTrue_s0: PNS(V2,V8) exact: (0.3533990588217299, 0.3586598451414463)
2026-02-02 16:25:45,920|INFO|random_mc2_n5_mid3_d1000_05_mr098_r10_80_uai_GDCC_1e-09_n200_roFalse_s0: Loading model from ../models/synthetic/s123/random_mc2_n5_mid3_d1000_05_mr098_r10_80.uai
2026-02-02 16:25:45,925|INFO|random_mc2_n5_mid3_d1000_05_mr098_r10_43_uai_GDCC_1e-09_n200_roFalse_s0: Loading model from ../models/synthetic/s123/random_mc2_n5_mid3_d1000_05_mr098_r10_43.uai
2026-02-02 16:25:45,931|INFO|random_mc2_n5_mid3_d1000_05_mr098_r10_80_uai_GDCC_1e-09_n200_roFalse_s0: Loading data from ../models/synthetic/s123/random_mc2_n5_mid3_d1000_05_mr098_r10_80.csv
2026-02-02 16:25:45,941|INFO|random_mc2_n5_mid3_d1000_05_mr098_r10_80_uai_GDCC_1e-09_n200_roFalse_s0: PNS(V1,V4) exact: (0.950554689425868, 0.970786964773004)
2026-02-02 16:25:45,930|INFO|random_mc2_n5_mid3_d1000_05_mr098_r10_43_uai_GDCC_1e-09_n200_roFalse_s0: Loading data from ../models/synthetic/s123/random_mc2_n5_mid3_d1000_05_mr098_r10_43.csv
2026-02-02 16:25:45,940|INFO|random_mc2_n5_mid3_d1000_05_mr098_r10_43_uai_GDCC_1e-09_n200_roFalse_s0: PNS(V4,V2) exact: (0.2198675521, 0.3328360903)
2026-02-02 16:25:45,980|INFO|random_mc2_n6_mid3_d1000_05_mr098_r10_195_uai_GDCC_1e-09_n200_roTrue_s0: Loading model from ../models/synthetic/s123/random_mc2_n6_mid3_d1000_05_mr098_r10_195.uai
2026-02-02 16:25:46,007|INFO|random_mc2_n5_mid3_d1000_05_mr098_r10_41_uai_GDCC_1e-09_n200_roFalse_s0: Loading model from ../models/synthetic/s123/random_mc2_n5_mid3_d1000_05_mr098_r10_41.uai
2026-02-02 16:25:46,016|INFO|random_mc2_n5_mid3_d1000_05_mr098_r10_170_uai_GDCC_1e-09_n200_roTrue_s0: Loading model from ../models/synthetic/s123/random_mc2_n5_mid3_d1000_05_mr098_r10_170.uai
2026-02-02 16:25:45,988|INFO|random_mc2_n6_mid3_d1000_05_mr098_r10_195_uai_GDCC_1e-09_n200_roTrue_s0: Loading data from ../models/synthetic/s123/random_mc2_n6_mid3_d1000_05_mr098_r10_195.csv
2026-02-02 16:25:45,998|INFO|random_mc2_n6_mid3_d1000_05_mr098_r10_195_uai_GDCC_1e-09_n200_roTrue_s0: PNS(V1,V5) exact: (0.3611165594, 0.4092761430999999)
2026-02-02 16:25:46,022|INFO|random_mc2_n5_mid3_d1000_05_mr098_r10_150_uai_GDCC_1e-09_n200_roFalse_s0: Loading model from ../models/synthetic/s123/random_mc2_n5_mid3_d1000_05_mr098_r10_150.uai
2026-02-02 16:25:46,044|INFO|random_mc2_n9_mid3_d1000_05_mr098_r10_163_uai_GDCC_1e-09_n200_roTrue_s0: Loading model from ../models/synthetic/s123/random_mc2_n9_mid3_d1000_05_mr098_r10_163.uai
2026-02-02 16:25:46,016|INFO|random_mc2_n5_mid3_d1000_05_mr098_r10_41_uai_GDCC_1e-09_n200_roFalse_s0: Loading data from ../models/synthetic/s123/random_mc2_n5_mid3_d1000_05_mr098_r10_41.csv
2026-02-02 16:25:46,028|INFO|random_mc2_n5_mid3_d1000_05_mr098_r10_41_uai_GDCC_1e-09_n200_roFalse_s0: PNS(V1,V4) exact: (0.0160025338999999, 0.0160025338999999)
2026-02-02 16:25:46,022|INFO|random_mc2_n5_mid3_d1000_05_mr098_r10_170_uai_GDCC_1e-09_n200_roTrue_s0: Loading data from ../models/synthetic/s123/random_mc2_n5_mid3_d1000_05_mr098_r10_170.csv
2026-02-02 16:25:46,032|INFO|random_mc2_n5_mid3_d1000_05_mr098_r10_150_uai_GDCC_1e-09_n200_roFalse_s0: Loading data from ../models/synthetic/s123/random_mc2_n5_mid3_d1000_05_mr098_r10_150.csv
2026-02-02 16:25:46,078|INFO|random_mc2_n5_mid3_d1000_05_mr098_r10_45_uai_GDCC_1e-09_n200_roFalse_s0: Loading model from ../models/synthetic/s123/random_mc2_n5_mid3_d1000_05_mr098_r10_45.uai
2026-02-02 16:25:46,073|INFO|random_mc2_n9_mid3_d1000_05_mr098_r10_163_uai_GDCC_1e-09_n200_roTrue_s0: Loading data from ../models/synthetic/s123/random_mc2_n9_mid3_d1000_05_mr098_r10_163.csv
2026-02-02 16:25:46,107|INFO|random_mc2_n8_mid3_d1000_05_mr098_r10_13_uai_GDCC_1e-09_n200_roTrue_s0: Loading model from ../models/synthetic/s123/random_mc2_n8_mid3_d1000_05_mr098_r10_13.uai
2026-02-02 16:25:46,109|INFO|random_mc2_n5_mid3_d1000_05_mr098_r10_79_uai_GDCC_1e-09_n200_roFalse_s0: Loading model from ../models/synthetic/s123/random_mc2_n5_mid3_d1000_05_mr098_r10_79.uai
2026-02-02 16:25:46,088|INFO|random_mc2_n5_mid3_d1000_05_mr098_r10_45_uai_GDCC_1e-09_n200_roFalse_s0: Loading data from ../models/synthetic/s123/random_mc2_n5_mid3_d1000_05_mr098_r10_45.csv
2026-02-02 16:25:46,099|INFO|random_mc2_n5_mid3_d1000_05_mr098_r10_45_uai_GDCC_1e-09_n200_roFalse_s0: PNS(V1,V2) exact: (0.0940954230999999, 0.5326951514)
2026-02-02 16:25:46,117|INFO|random_mc2_n8_mid3_d1000_05_mr098_r10_13_uai_GDCC_1e-09_n200_roTrue_s0: Loading data from ../models/synthetic/s123/random_mc2_n8_mid3_d1000_05_mr098_r10_13.csv
2026-02-02 16:25:46,116|INFO|random_mc2_n5_mid3_d1000_05_mr098_r10_79_uai_GDCC_1e-09_n200_roFalse_s0: Loading data from ../models/synthetic/s123/random_mc2_n5_mid3_d1000_05_mr098_r10_79.csv
2026-02-02 16:25:46,128|INFO|random_mc2_n5_mid3_d1000_05_mr098_r10_79_uai_GDCC_1e-09_n200_roFalse_s0: PNS(V3,V2) exact: (0.00904271675736, 0.016636195438368)
2026-02-02 16:25:46,219|INFO|random_mc2_n5_mid3_d1000_05_mr098_r10_103_uai_GDCC_1e-09_n200_roTrue_s0: Loading model from ../models/synthetic/s123/random_mc2_n5_mid3_d1000_05_mr098_r10_103.uai
2026-02-02 16:25:46,224|INFO|random_mc2_n5_mid3_d1000_05_mr098_r10_68_uai_GDCC_1e-09_n200_roTrue_s0: Loading model from ../models/synthetic/s123/random_mc2_n5_mid3_d1000_05_mr098_r10_68.uai
2026-02-02 16:25:46,232|INFO|random_mc2_n5_mid3_d1000_05_mr098_r10_103_uai_GDCC_1e-09_n200_roTrue_s0: Loading data from ../models/synthetic/s123/random_mc2_n5_mid3_d1000_05_mr098_r10_103.csv
2026-02-02 16:25:46,242|INFO|random_mc2_n5_mid3_d1000_05_mr098_r10_103_uai_GDCC_1e-09_n200_roTrue_s0: PNS(V0,V4) exact: (0.055654259616004, 0.150953979930874)
2026-02-02 16:25:46,229|INFO|random_mc2_n5_mid3_d1000_05_mr098_r10_68_uai_GDCC_1e-09_n200_roTrue_s0: Loading data from ../models/synthetic/s123/random_mc2_n5_mid3_d1000_05_mr098_r10_68.csv
2026-02-02 16:25:48,177|INFO|random_mc2_n6_mid3_d1000_05_mr098_r10_1_uai_GDCC_1e-09_n200_roFalse_s0: Loading model from ../models/synthetic/s123/random_mc2_n6_mid3_d1000_05_mr098_r10_1.uai
2026-02-02 16:25:48,196|INFO|random_mc2_n6_mid3_d1000_05_mr098_r10_1_uai_GDCC_1e-09_n200_roFalse_s0: Loading data from ../models/synthetic/s123/random_mc2_n6_mid3_d1000_05_mr098_r10_1.csv
2026-02-02 16:25:48,209|INFO|random_mc2_n6_mid3_d1000_05_mr098_r10_1_uai_GDCC_1e-09_n200_roFalse_s0: PNS(V1,V5) exact: (0.4916268825, 0.6244381053000002)
2026-02-02 16:25:50,779|INFO|random_mc2_n7_mid3_d1000_05_mr098_r10_49_uai_GDCC_1e-09_n200_roTrue_s0: Loading model from ../models/synthetic/s123/random_mc2_n7_mid3_d1000_05_mr098_r10_49.uai
2026-02-02 16:25:50,791|INFO|random_mc2_n7_mid3_d1000_05_mr098_r10_49_uai_GDCC_1e-09_n200_roTrue_s0: Loading data from ../models/synthetic/s123/random_mc2_n7_mid3_d1000_05_mr098_r10_49.csv
2026-02-02 16:25:50,806|INFO|random_mc2_n7_mid3_d1000_05_mr098_r10_49_uai_GDCC_1e-09_n200_roTrue_s0: PNS(V4,V3) exact: (0.0163816299, 0.4155382627)
2026-02-02 16:25:50,829|INFO|random_mc2_n7_mid3_d1000_05_mr098_r10_126_uai_GDCC_1e-09_n200_roFalse_s0: Loading model from ../models/synthetic/s123/random_mc2_n7_mid3_d1000_05_mr098_r10_126.uai
2026-02-02 16:25:50,862|INFO|random_mc2_n6_mid3_d1000_05_mr098_r10_100_uai_GDCC_1e-09_n200_roFalse_s0: Loading model from ../models/synthetic/s123/random_mc2_n6_mid3_d1000_05_mr098_r10_100.uai
2026-02-02 16:25:50,842|INFO|random_mc2_n7_mid3_d1000_05_mr098_r10_126_uai_GDCC_1e-09_n200_roFalse_s0: Loading data from ../models/synthetic/s123/random_mc2_n7_mid3_d1000_05_mr098_r10_126.csv
2026-02-02 16:25:50,851|INFO|random_mc2_n7_mid3_d1000_05_mr098_r10_126_uai_GDCC_1e-09_n200_roFalse_s0: PNS(V0,V1) exact: (0.2650857268885659, 0.4244970236778398)
2026-02-02 16:25:50,876|INFO|random_mc2_n6_mid3_d1000_05_mr098_r10_100_uai_GDCC_1e-09_n200_roFalse_s0: Loading data from ../models/synthetic/s123/random_mc2_n6_mid3_d1000_05_mr098_r10_100.csv
2026-02-02 16:25:50,886|INFO|random_mc2_n6_mid3_d1000_05_mr098_r10_100_uai_GDCC_1e-09_n200_roFalse_s0: PNS(V1,V4) exact: (0.171264845032, 0.302367839752)
2026-02-02 16:25:50,903|INFO|random_mc2_n6_mid3_d1000_05_mr098_r10_125_uai_GDCC_1e-09_n200_roFalse_s0: Loading model from ../models/synthetic/s123/random_mc2_n6_mid3_d1000_05_mr098_r10_125.uai
2026-02-02 16:25:50,929|INFO|random_mc2_n9_mid3_d1000_05_mr098_r10_198_uai_GDCC_1e-09_n200_roTrue_s0: Loading model from ../models/synthetic/s123/random_mc2_n9_mid3_d1000_05_mr098_r10_198.uai
2026-02-02 16:25:50,917|INFO|random_mc2_n6_mid3_d1000_05_mr098_r10_125_uai_GDCC_1e-09_n200_roFalse_s0: Loading data from ../models/synthetic/s123/random_mc2_n6_mid3_d1000_05_mr098_r10_125.csv
2026-02-02 16:25:50,941|INFO|random_mc2_n9_mid3_d1000_05_mr098_r10_198_uai_GDCC_1e-09_n200_roTrue_s0: Loading data from ../models/synthetic/s123/random_mc2_n9_mid3_d1000_05_mr098_r10_198.csv
2026-02-02 16:25:51,977|INFO|random_mc2_n7_mid3_d1000_05_mr098_r10_92_uai_GDCC_1e-09_n200_roTrue_s0: Loading model from ../models/synthetic/s123/random_mc2_n7_mid3_d1000_05_mr098_r10_92.uai
2026-02-02 16:25:52,075|INFO|random_mc2_n7_mid3_d1000_05_mr098_r10_92_uai_GDCC_1e-09_n200_roTrue_s0: Loading data from ../models/synthetic/s123/random_mc2_n7_mid3_d1000_05_mr098_r10_92.csv
2026-02-02 16:26:00,033|INFO|random_mc2_n5_mid3_d1000_05_mr098_r10_20_uai_GDCC_1e-09_n200_roTrue_s0: Loading model from ../models/synthetic/s123/random_mc2_n5_mid3_d1000_05_mr098_r10_20.uai
2026-02-02 16:26:00,042|INFO|random_mc2_n5_mid3_d1000_05_mr098_r10_20_uai_GDCC_1e-09_n200_roTrue_s0: Loading data from ../models/synthetic/s123/random_mc2_n5_mid3_d1000_05_mr098_r10_20.csv
2026-02-02 16:26:01,613|INFO|random_mc2_n5_mid3_d1000_05_mr098_r10_25_uai_GDCC_1e-09_n200_roTrue_s0: Loading model from ../models/synthetic/s123/random_mc2_n5_mid3_d1000_05_mr098_r10_25.uai
2026-02-02 16:26:01,636|INFO|random_mc2_n6_mid3_d1000_05_mr098_r10_148_uai_GDCC_1e-09_n200_roFalse_s0: Loading model from ../models/synthetic/s123/random_mc2_n6_mid3_d1000_05_mr098_r10_148.uai
2026-02-02 16:26:01,644|INFO|random_mc2_n6_mid3_d1000_05_mr098_r10_109_uai_GDCC_1e-09_n200_roFalse_s0: Loading model from ../models/synthetic/s123/random_mc2_n6_mid3_d1000_05_mr098_r10_109.uai
2026-02-02 16:26:01,645|INFO|random_mc2_n7_mid3_d1000_05_mr098_r10_185_uai_GDCC_1e-09_n200_roTrue_s0: Loading model from ../models/synthetic/s123/random_mc2_n7_mid3_d1000_05_mr098_r10_185.uai
2026-02-02 16:26:01,646|INFO|random_mc2_n7_mid3_d1000_05_mr098_r10_53_uai_GDCC_1e-09_n200_roTrue_s0: Loading model from ../models/synthetic/s123/random_mc2_n7_mid3_d1000_05_mr098_r10_53.uai
2026-02-02 16:26:01,650|INFO|random_mc2_n5_mid3_d1000_05_mr098_r10_85_uai_GDCC_1e-09_n200_roFalse_s0: Loading model from ../models/synthetic/s123/random_mc2_n5_mid3_d1000_05_mr098_r10_85.uai
2026-02-02 16:26:01,622|INFO|random_mc2_n5_mid3_d1000_05_mr098_r10_25_uai_GDCC_1e-09_n200_roTrue_s0: Loading data from ../models/synthetic/s123/random_mc2_n5_mid3_d1000_05_mr098_r10_25.csv
2026-02-02 16:26:01,637|INFO|random_mc2_n5_mid3_d1000_05_mr098_r10_25_uai_GDCC_1e-09_n200_roTrue_s0: PNS(V1,V4) exact: (0.0216, 0.0216)
2026-02-02 16:26:01,662|INFO|random_mc2_n5_mid3_d1000_05_mr098_r10_48_uai_GDCC_1e-09_n200_roTrue_s0: Loading model from ../models/synthetic/s123/random_mc2_n5_mid3_d1000_05_mr098_r10_48.uai
2026-02-02 16:26:01,644|INFO|random_mc2_n6_mid3_d1000_05_mr098_r10_148_uai_GDCC_1e-09_n200_roFalse_s0: Loading data from ../models/synthetic/s123/random_mc2_n6_mid3_d1000_05_mr098_r10_148.csv
2026-02-02 16:26:01,654|INFO|random_mc2_n6_mid3_d1000_05_mr098_r10_148_uai_GDCC_1e-09_n200_roFalse_s0: PNS(V0,V5) exact: (0.0, 0.0279858302999999)
2026-02-02 16:26:01,662|INFO|random_mc2_n7_mid3_d1000_05_mr098_r10_185_uai_GDCC_1e-09_n200_roTrue_s0: Loading data from ../models/synthetic/s123/random_mc2_n7_mid3_d1000_05_mr098_r10_185.csv
2026-02-02 16:26:01,674|INFO|random_mc2_n7_mid3_d1000_05_mr098_r10_185_uai_GDCC_1e-09_n200_roTrue_s0: PNS(V4,V5) exact: (0.026299086270706, 0.362919468953052)
2026-02-02 16:26:01,660|INFO|random_mc2_n7_mid3_d1000_05_mr098_r10_53_uai_GDCC_1e-09_n200_roTrue_s0: Loading data from ../models/synthetic/s123/random_mc2_n7_mid3_d1000_05_mr098_r10_53.csv
2026-02-02 16:26:01,664|INFO|random_mc2_n5_mid3_d1000_05_mr098_r10_85_uai_GDCC_1e-09_n200_roFalse_s0: Loading data from ../models/synthetic/s123/random_mc2_n5_mid3_d1000_05_mr098_r10_85.csv
2026-02-02 16:26:01,667|INFO|random_mc2_n5_mid3_d1000_05_mr098_r10_48_uai_GDCC_1e-09_n200_roTrue_s0: Loading data from ../models/synthetic/s123/random_mc2_n5_mid3_d1000_05_mr098_r10_48.csv
2026-02-02 16:26:01,676|INFO|random_mc2_n5_mid3_d1000_05_mr098_r10_48_uai_GDCC_1e-09_n200_roTrue_s0: PNS(V0,V4) exact: (0.3710704247999999, 0.4223098252000001)
2026-02-02 16:26:01,733|INFO|random_mc2_n6_mid3_d1000_05_mr098_r10_15_uai_GDCC_1e-09_n200_roTrue_s0: Loading model from ../models/synthetic/s123/random_mc2_n6_mid3_d1000_05_mr098_r10_15.uai
2026-02-02 16:26:01,739|INFO|random_mc2_n6_mid3_d1000_05_mr098_r10_15_uai_GDCC_1e-09_n200_roTrue_s0: Loading data from ../models/synthetic/s123/random_mc2_n6_mid3_d1000_05_mr098_r10_15.csv
2026-02-02 16:26:01,749|INFO|random_mc2_n6_mid3_d1000_05_mr098_r10_15_uai_GDCC_1e-09_n200_roTrue_s0: PNS(V2,V5) exact: (5.70302784e-05, 0.0612875741534)
2026-02-02 16:26:01,778|INFO|random_mc2_n6_mid3_d1000_05_mr098_r10_19_uai_GDCC_1e-09_n200_roTrue_s0: Loading model from ../models/synthetic/s123/random_mc2_n6_mid3_d1000_05_mr098_r10_19.uai
2026-02-02 16:26:01,782|INFO|random_mc2_n7_mid3_d1000_05_mr098_r10_61_uai_GDCC_1e-09_n200_roTrue_s0: Loading model from ../models/synthetic/s123/random_mc2_n7_mid3_d1000_05_mr098_r10_61.uai
2026-02-02 16:26:01,785|INFO|random_mc2_n8_mid3_d1000_05_mr098_r10_116_uai_GDCC_1e-09_n200_roTrue_s0: Loading model from ../models/synthetic/s123/random_mc2_n8_mid3_d1000_05_mr098_r10_116.uai
2026-02-02 16:26:01,796|INFO|random_mc2_n7_mid3_d1000_05_mr098_r10_61_uai_GDCC_1e-09_n200_roTrue_s0: Loading data from ../models/synthetic/s123/random_mc2_n7_mid3_d1000_05_mr098_r10_61.csv
2026-02-02 16:26:01,803|INFO|random_mc2_n8_mid3_d1000_05_mr098_r10_116_uai_GDCC_1e-09_n200_roTrue_s0: Loading data from ../models/synthetic/s123/random_mc2_n8_mid3_d1000_05_mr098_r10_116.csv
2026-02-02 16:26:01,833|INFO|random_mc2_n9_mid3_d1000_05_mr098_r10_137_uai_GDCC_1e-09_n200_roFalse_s0: Loading model from ../models/synthetic/s123/random_mc2_n9_mid3_d1000_05_mr098_r10_137.uai
2026-02-02 16:26:01,847|INFO|random_mc2_n5_mid3_d1000_05_mr098_r10_151_uai_GDCC_1e-09_n200_roFalse_s0: Loading model from ../models/synthetic/s123/random_mc2_n5_mid3_d1000_05_mr098_r10_151.uai
2026-02-02 16:26:01,855|INFO|random_mc2_n7_mid3_d1000_05_mr098_r10_131_uai_GDCC_1e-09_n200_roFalse_s0: Loading model from ../models/synthetic/s123/random_mc2_n7_mid3_d1000_05_mr098_r10_131.uai
2026-02-02 16:26:01,864|INFO|random_mc2_n6_mid3_d1000_05_mr098_r10_109_uai_GDCC_1e-09_n200_roFalse_s0: Loading data from ../models/synthetic/s123/random_mc2_n6_mid3_d1000_05_mr098_r10_109.csv
2026-02-02 16:26:01,868|INFO|random_mc2_n5_mid3_d1000_05_mr098_r10_74_uai_GDCC_1e-09_n200_roFalse_s0: Loading model from ../models/synthetic/s123/random_mc2_n5_mid3_d1000_05_mr098_r10_74.uai
2026-02-02 16:26:01,878|INFO|random_mc2_n6_mid3_d1000_05_mr098_r10_81_uai_GDCC_1e-09_n200_roFalse_s0: Loading model from ../models/synthetic/s123/random_mc2_n6_mid3_d1000_05_mr098_r10_81.uai
2026-02-02 16:26:01,880|INFO|random_mc2_n6_mid3_d1000_05_mr098_r10_137_uai_GDCC_1e-09_n200_roTrue_s0: Loading model from ../models/synthetic/s123/random_mc2_n6_mid3_d1000_05_mr098_r10_137.uai
2026-02-02 16:26:01,856|INFO|random_mc2_n5_mid3_d1000_05_mr098_r10_151_uai_GDCC_1e-09_n200_roFalse_s0: Loading data from ../models/synthetic/s123/random_mc2_n5_mid3_d1000_05_mr098_r10_151.csv
2026-02-02 16:26:01,866|INFO|random_mc2_n5_mid3_d1000_05_mr098_r10_151_uai_GDCC_1e-09_n200_roFalse_s0: PNS(V1,V2) exact: (0.0, 0.3129183631)
2026-02-02 16:26:01,868|INFO|random_mc2_n7_mid3_d1000_05_mr098_r10_131_uai_GDCC_1e-09_n200_roFalse_s0: Loading data from ../models/synthetic/s123/random_mc2_n7_mid3_d1000_05_mr098_r10_131.csv
2026-02-02 16:26:01,878|INFO|random_mc2_n7_mid3_d1000_05_mr098_r10_131_uai_GDCC_1e-09_n200_roFalse_s0: PNS(V4,V5) exact: (0.0019772565152803, 0.1646117945558058)
2026-02-02 16:26:01,881|INFO|random_mc2_n5_mid3_d1000_05_mr098_r10_74_uai_GDCC_1e-09_n200_roFalse_s0: Loading data from ../models/synthetic/s123/random_mc2_n5_mid3_d1000_05_mr098_r10_74.csv
2026-02-02 16:26:01,891|INFO|random_mc2_n5_mid3_d1000_05_mr098_r10_74_uai_GDCC_1e-09_n200_roFalse_s0: PNS(V1,V3) exact: (0.242259660626, 0.50518708548)
2026-02-02 16:26:01,887|INFO|random_mc2_n6_mid3_d1000_05_mr098_r10_81_uai_GDCC_1e-09_n200_roFalse_s0: Loading data from ../models/synthetic/s123/random_mc2_n6_mid3_d1000_05_mr098_r10_81.csv
2026-02-02 16:26:01,897|INFO|random_mc2_n6_mid3_d1000_05_mr098_r10_81_uai_GDCC_1e-09_n200_roFalse_s0: PNS(V0,V1) exact: (0.3372099000000001, 0.3372099000000001)
2026-02-02 16:26:01,884|INFO|random_mc2_n6_mid3_d1000_05_mr098_r10_137_uai_GDCC_1e-09_n200_roTrue_s0: Loading data from ../models/synthetic/s123/random_mc2_n6_mid3_d1000_05_mr098_r10_137.csv
2026-02-02 16:26:01,893|INFO|random_mc2_n6_mid3_d1000_05_mr098_r10_137_uai_GDCC_1e-09_n200_roTrue_s0: PNS(V0,V3) exact: (0.0, 0.3125)
2026-02-02 16:26:02,004|INFO|random_mc2_n6_mid3_d1000_05_mr098_r10_19_uai_GDCC_1e-09_n200_roTrue_s0: Loading data from ../models/synthetic/s123/random_mc2_n6_mid3_d1000_05_mr098_r10_19.csv
2026-02-02 16:26:02,020|INFO|random_mc2_n5_mid3_d1000_05_mr098_r10_41_uai_GDCC_1e-09_n200_roTrue_s0: Loading model from ../models/synthetic/s123/random_mc2_n5_mid3_d1000_05_mr098_r10_41.uai
2026-02-02 16:26:02,043|INFO|random_mc2_n9_mid3_d1000_05_mr098_r10_192_uai_GDCC_1e-09_n200_roFalse_s0: Loading model from ../models/synthetic/s123/random_mc2_n9_mid3_d1000_05_mr098_r10_192.uai
2026-02-02 16:26:02,045|INFO|random_mc2_n9_mid3_d1000_05_mr098_r10_118_uai_GDCC_1e-09_n200_roTrue_s0: Loading model from ../models/synthetic/s123/random_mc2_n9_mid3_d1000_05_mr098_r10_118.uai
2026-02-02 16:26:02,050|INFO|random_mc2_n9_mid3_d1000_05_mr098_r10_122_uai_GDCC_1e-09_n200_roTrue_s0: Loading model from ../models/synthetic/s123/random_mc2_n9_mid3_d1000_05_mr098_r10_122.uai
2026-02-02 16:26:02,055|INFO|random_mc2_n5_mid3_d1000_05_mr098_r10_118_uai_GDCC_1e-09_n200_roTrue_s0: Loading model from ../models/synthetic/s123/random_mc2_n5_mid3_d1000_05_mr098_r10_118.uai
2026-02-02 16:26:02,030|INFO|random_mc2_n5_mid3_d1000_05_mr098_r10_41_uai_GDCC_1e-09_n200_roTrue_s0: Loading data from ../models/synthetic/s123/random_mc2_n5_mid3_d1000_05_mr098_r10_41.csv
2026-02-02 16:26:02,041|INFO|random_mc2_n5_mid3_d1000_05_mr098_r10_41_uai_GDCC_1e-09_n200_roTrue_s0: PNS(V1,V4) exact: (0.0160025338999999, 0.0160025338999999)
2026-02-02 16:26:02,064|INFO|random_mc2_n9_mid3_d1000_05_mr098_r10_137_uai_GDCC_1e-09_n200_roFalse_s0: Loading data from ../models/synthetic/s123/random_mc2_n9_mid3_d1000_05_mr098_r10_137.csv
2026-02-02 16:26:02,061|INFO|random_mc2_n9_mid3_d1000_05_mr098_r10_118_uai_GDCC_1e-09_n200_roTrue_s0: Loading data from ../models/synthetic/s123/random_mc2_n9_mid3_d1000_05_mr098_r10_118.csv
2026-02-02 16:26:02,061|INFO|random_mc2_n5_mid3_d1000_05_mr098_r10_118_uai_GDCC_1e-09_n200_roTrue_s0: Loading data from ../models/synthetic/s123/random_mc2_n5_mid3_d1000_05_mr098_r10_118.csv
2026-02-02 16:26:02,072|INFO|random_mc2_n5_mid3_d1000_05_mr098_r10_118_uai_GDCC_1e-09_n200_roTrue_s0: PNS(V1,V2) exact: (0.07441581471588, 0.209057882285592)
2026-02-02 16:26:02,108|INFO|random_mc2_n9_mid3_d1000_05_mr098_r10_192_uai_GDCC_1e-09_n200_roFalse_s0: Loading data from ../models/synthetic/s123/random_mc2_n9_mid3_d1000_05_mr098_r10_192.csv
2026-02-02 16:26:02,177|INFO|random_mc2_n6_mid3_d1000_05_mr098_r10_89_uai_GDCC_1e-09_n200_roFalse_s0: Loading model from ../models/synthetic/s123/random_mc2_n6_mid3_d1000_05_mr098_r10_89.uai
2026-02-02 16:26:02,186|INFO|random_mc2_n6_mid3_d1000_05_mr098_r10_89_uai_GDCC_1e-09_n200_roFalse_s0: Loading data from ../models/synthetic/s123/random_mc2_n6_mid3_d1000_05_mr098_r10_89.csv
2026-02-02 16:26:02,295|INFO|random_mc2_n9_mid3_d1000_05_mr098_r10_122_uai_GDCC_1e-09_n200_roTrue_s0: Loading data from ../models/synthetic/s123/random_mc2_n9_mid3_d1000_05_mr098_r10_122.csv
2026-02-02 16:26:03,402|INFO|random_mc2_n6_mid3_d1000_05_mr098_r10_173_uai_GDCC_1e-09_n200_roTrue_s0: Loading model from ../models/synthetic/s123/random_mc2_n6_mid3_d1000_05_mr098_r10_173.uai
2026-02-02 16:26:03,414|INFO|random_mc2_n6_mid3_d1000_05_mr098_r10_173_uai_GDCC_1e-09_n200_roTrue_s0: Loading data from ../models/synthetic/s123/random_mc2_n6_mid3_d1000_05_mr098_r10_173.csv
2026-02-02 16:26:03,426|INFO|random_mc2_n6_mid3_d1000_05_mr098_r10_173_uai_GDCC_1e-09_n200_roTrue_s0: PNS(V0,V1) exact: (0.1087817342113937, 0.3199727789499366)
2026-02-02 16:26:04,441|INFO|random_mc2_n6_mid3_d1000_05_mr098_r10_95_uai_GDCC_1e-09_n200_roFalse_s0: Loading model from ../models/synthetic/s123/random_mc2_n6_mid3_d1000_05_mr098_r10_95.uai
2026-02-02 16:26:04,454|INFO|random_mc2_n6_mid3_d1000_05_mr098_r10_95_uai_GDCC_1e-09_n200_roFalse_s0: Loading data from ../models/synthetic/s123/random_mc2_n6_mid3_d1000_05_mr098_r10_95.csv
2026-02-02 16:26:04,469|INFO|random_mc2_n6_mid3_d1000_05_mr098_r10_95_uai_GDCC_1e-09_n200_roFalse_s0: PNS(V0,V3) exact: (0.0125035191999999, 0.0125035191999999)
2026-02-02 16:26:04,932|INFO|random_mc2_n8_mid3_d1000_05_mr098_r10_12_uai_GDCC_1e-09_n200_roFalse_s0: Loading model from ../models/synthetic/s123/random_mc2_n8_mid3_d1000_05_mr098_r10_12.uai
2026-02-02 16:26:04,949|INFO|random_mc2_n7_mid3_d1000_05_mr098_r10_196_uai_GDCC_1e-09_n200_roTrue_s0: Loading model from ../models/synthetic/s123/random_mc2_n7_mid3_d1000_05_mr098_r10_196.uai
2026-02-02 16:26:04,948|INFO|random_mc2_n8_mid3_d1000_05_mr098_r10_12_uai_GDCC_1e-09_n200_roFalse_s0: Loading data from ../models/synthetic/s123/random_mc2_n8_mid3_d1000_05_mr098_r10_12.csv
2026-02-02 16:26:04,988|INFO|random_mc2_n6_mid3_d1000_05_mr098_r10_28_uai_GDCC_1e-09_n200_roTrue_s0: Loading model from ../models/synthetic/s123/random_mc2_n6_mid3_d1000_05_mr098_r10_28.uai
2026-02-02 16:26:05,000|INFO|random_mc2_n6_mid3_d1000_05_mr098_r10_28_uai_GDCC_1e-09_n200_roTrue_s0: Loading data from ../models/synthetic/s123/random_mc2_n6_mid3_d1000_05_mr098_r10_28.csv
2026-02-02 16:26:05,014|INFO|random_mc2_n6_mid3_d1000_05_mr098_r10_28_uai_GDCC_1e-09_n200_roTrue_s0: PNS(V3,V2) exact: (0.36156, 0.53922)
2026-02-02 16:26:05,044|INFO|random_mc2_n7_mid3_d1000_05_mr098_r10_196_uai_GDCC_1e-09_n200_roTrue_s0: Loading data from ../models/synthetic/s123/random_mc2_n7_mid3_d1000_05_mr098_r10_196.csv
2026-02-02 16:26:05,073|INFO|random_mc2_n5_mid3_d1000_05_mr098_r10_165_uai_GDCC_1e-09_n200_roTrue_s0: Loading model from ../models/synthetic/s123/random_mc2_n5_mid3_d1000_05_mr098_r10_165.uai
2026-02-02 16:26:05,082|INFO|random_mc2_n5_mid3_d1000_05_mr098_r10_165_uai_GDCC_1e-09_n200_roTrue_s0: Loading data from ../models/synthetic/s123/random_mc2_n5_mid3_d1000_05_mr098_r10_165.csv
2026-02-02 16:26:05,094|INFO|random_mc2_n5_mid3_d1000_05_mr098_r10_165_uai_GDCC_1e-09_n200_roTrue_s0: PNS(V1,V2) exact: (0.93297, 0.93333)
2026-02-02 16:26:10,668|INFO|random_mc2_n5_mid3_d1000_05_mr098_r10_47_uai_GDCC_1e-09_n200_roFalse_s0: Loading model from ../models/synthetic/s123/random_mc2_n5_mid3_d1000_05_mr098_r10_47.uai
2026-02-02 16:26:10,674|INFO|random_mc2_n5_mid3_d1000_05_mr098_r10_47_uai_GDCC_1e-09_n200_roFalse_s0: Loading data from ../models/synthetic/s123/random_mc2_n5_mid3_d1000_05_mr098_r10_47.csv
2026-02-02 16:26:10,683|INFO|random_mc2_n5_mid3_d1000_05_mr098_r10_47_uai_GDCC_1e-09_n200_roFalse_s0: PNS(V2,V3) exact: (0.1161899999999999, 0.1161899999999999)
2026-02-02 16:26:14,842|INFO|random_mc2_n8_mid3_d1000_05_mr098_r10_156_uai_GDCC_1e-09_n200_roFalse_s0: Loading model from ../models/synthetic/s123/random_mc2_n8_mid3_d1000_05_mr098_r10_156.uai
2026-02-02 16:26:14,880|INFO|random_mc2_n8_mid3_d1000_05_mr098_r10_156_uai_GDCC_1e-09_n200_roFalse_s0: Loading data from ../models/synthetic/s123/random_mc2_n8_mid3_d1000_05_mr098_r10_156.csv
2026-02-02 16:26:17,057|INFO|random_mc2_n7_mid3_d1000_05_mr098_r10_194_uai_GDCC_1e-09_n200_roTrue_s0: Loading model from ../models/synthetic/s123/random_mc2_n7_mid3_d1000_05_mr098_r10_194.uai
2026-02-02 16:26:17,094|INFO|random_mc2_n5_mid3_d1000_05_mr098_r10_190_uai_GDCC_1e-09_n200_roTrue_s0: Loading model from ../models/synthetic/s123/random_mc2_n5_mid3_d1000_05_mr098_r10_190.uai
2026-02-02 16:26:17,074|INFO|random_mc2_n7_mid3_d1000_05_mr098_r10_194_uai_GDCC_1e-09_n200_roTrue_s0: Loading data from ../models/synthetic/s123/random_mc2_n7_mid3_d1000_05_mr098_r10_194.csv
2026-02-02 16:26:17,100|INFO|random_mc2_n5_mid3_d1000_05_mr098_r10_190_uai_GDCC_1e-09_n200_roTrue_s0: Loading data from ../models/synthetic/s123/random_mc2_n5_mid3_d1000_05_mr098_r10_190.csv
2026-02-02 16:26:17,110|INFO|random_mc2_n5_mid3_d1000_05_mr098_r10_190_uai_GDCC_1e-09_n200_roTrue_s0: PNS(V1,V2) exact: (1.5659726400000003e-05, 0.144498480129584)
2026-02-02 16:26:17,200|INFO|random_mc2_n5_mid3_d1000_05_mr098_r10_39_uai_GDCC_1e-09_n200_roTrue_s0: Loading model from ../models/synthetic/s123/random_mc2_n5_mid3_d1000_05_mr098_r10_39.uai
2026-02-02 16:26:17,201|INFO|random_mc2_n5_mid3_d1000_05_mr098_r10_109_uai_GDCC_1e-09_n200_roFalse_s0: Loading model from ../models/synthetic/s123/random_mc2_n5_mid3_d1000_05_mr098_r10_109.uai
2026-02-02 16:26:17,209|INFO|random_mc2_n5_mid3_d1000_05_mr098_r10_39_uai_GDCC_1e-09_n200_roTrue_s0: Loading data from ../models/synthetic/s123/random_mc2_n5_mid3_d1000_05_mr098_r10_39.csv
2026-02-02 16:26:17,219|INFO|random_mc2_n5_mid3_d1000_05_mr098_r10_39_uai_GDCC_1e-09_n200_roTrue_s0: PNS(V1,V4) exact: (0.0280539, 0.03752366)
2026-02-02 16:26:17,206|INFO|random_mc2_n5_mid3_d1000_05_mr098_r10_109_uai_GDCC_1e-09_n200_roFalse_s0: Loading data from ../models/synthetic/s123/random_mc2_n5_mid3_d1000_05_mr098_r10_109.csv
2026-02-02 16:26:17,215|INFO|random_mc2_n5_mid3_d1000_05_mr098_r10_109_uai_GDCC_1e-09_n200_roFalse_s0: PNS(V0,V4) exact: (0.0, 0.0)
2026-02-02 16:26:17,215|ERROR|random_mc2_n5_mid3_d1000_05_mr098_r10_109_uai_GDCC_1e-09_n200_roFalse_s0: Model does not have any cause-effect path.
2026-02-02 16:26:17,425|INFO|random_mc2_n7_mid3_d1000_05_mr098_r10_20_uai_GDCC_1e-09_n200_roTrue_s0: Loading model from ../models/synthetic/s123/random_mc2_n7_mid3_d1000_05_mr098_r10_20.uai
2026-02-02 16:26:17,435|INFO|random_mc2_n7_mid3_d1000_05_mr098_r10_20_uai_GDCC_1e-09_n200_roTrue_s0: Loading data from ../models/synthetic/s123/random_mc2_n7_mid3_d1000_05_mr098_r10_20.csv
2026-02-02 16:26:17,489|INFO|random_mc2_n9_mid3_d1000_05_mr098_r10_152_uai_GDCC_1e-09_n200_roFalse_s0: Loading model from ../models/synthetic/s123/random_mc2_n9_mid3_d1000_05_mr098_r10_152.uai
2026-02-02 16:26:17,494|INFO|random_mc2_n5_mid3_d1000_05_mr098_r10_129_uai_GDCC_1e-09_n200_roFalse_s0: Loading model from ../models/synthetic/s123/random_mc2_n5_mid3_d1000_05_mr098_r10_129.uai
2026-02-02 16:26:17,503|INFO|random_mc2_n7_mid3_d1000_05_mr098_r10_81_uai_GDCC_1e-09_n200_roFalse_s0: Loading model from ../models/synthetic/s123/random_mc2_n7_mid3_d1000_05_mr098_r10_81.uai
2026-02-02 16:26:17,522|INFO|random_mc2_n9_mid3_d1000_05_mr098_r10_152_uai_GDCC_1e-09_n200_roFalse_s0: Loading data from ../models/synthetic/s123/random_mc2_n9_mid3_d1000_05_mr098_r10_152.csv
2026-02-02 16:26:17,503|INFO|random_mc2_n5_mid3_d1000_05_mr098_r10_129_uai_GDCC_1e-09_n200_roFalse_s0: Loading data from ../models/synthetic/s123/random_mc2_n5_mid3_d1000_05_mr098_r10_129.csv
2026-02-02 16:26:17,534|INFO|random_mc2_n9_mid3_d1000_05_mr098_r10_152_uai_GDCC_1e-09_n200_roFalse_s0: PNS(V4,V6) exact: (0.0985718975711222, 0.2731262523008737)
2026-02-02 16:26:17,517|INFO|random_mc2_n7_mid3_d1000_05_mr098_r10_81_uai_GDCC_1e-09_n200_roFalse_s0: Loading data from ../models/synthetic/s123/random_mc2_n7_mid3_d1000_05_mr098_r10_81.csv
2026-02-02 16:26:17,527|INFO|random_mc2_n7_mid3_d1000_05_mr098_r10_81_uai_GDCC_1e-09_n200_roFalse_s0: PNS(V4,V5) exact: (4.627372247959759e-07, 0.1171699848954117)
2026-02-02 16:26:17,615|INFO|random_mc2_n9_mid3_d1000_05_mr098_r10_11_uai_GDCC_1e-09_n200_roFalse_s0: Loading model from ../models/synthetic/s123/random_mc2_n9_mid3_d1000_05_mr098_r10_11.uai
2026-02-02 16:26:17,642|INFO|random_mc2_n9_mid3_d1000_05_mr098_r10_11_uai_GDCC_1e-09_n200_roFalse_s0: Loading data from ../models/synthetic/s123/random_mc2_n9_mid3_d1000_05_mr098_r10_11.csv
2026-02-02 16:26:17,688|INFO|random_mc2_n5_mid3_d1000_05_mr098_r10_178_uai_GDCC_1e-09_n200_roFalse_s0: Loading model from ../models/synthetic/s123/random_mc2_n5_mid3_d1000_05_mr098_r10_178.uai
2026-02-02 16:26:17,701|INFO|random_mc2_n7_mid3_d1000_05_mr098_r10_47_uai_GDCC_1e-09_n200_roTrue_s0: Loading model from ../models/synthetic/s123/random_mc2_n7_mid3_d1000_05_mr098_r10_47.uai
2026-02-02 16:26:17,718|INFO|random_mc2_n6_mid3_d1000_05_mr098_r10_168_uai_GDCC_1e-09_n200_roFalse_s0: Loading model from ../models/synthetic/s123/random_mc2_n6_mid3_d1000_05_mr098_r10_168.uai
2026-02-02 16:26:17,720|INFO|random_mc2_n5_mid3_d1000_05_mr098_r10_178_uai_GDCC_1e-09_n200_roFalse_s0: Loading data from ../models/synthetic/s123/random_mc2_n5_mid3_d1000_05_mr098_r10_178.csv
2026-02-02 16:26:17,731|INFO|random_mc2_n5_mid3_d1000_05_mr098_r10_2_uai_GDCC_1e-09_n200_roTrue_s0: Loading model from ../models/synthetic/s123/random_mc2_n5_mid3_d1000_05_mr098_r10_2.uai
2026-02-02 16:26:17,714|INFO|random_mc2_n7_mid3_d1000_05_mr098_r10_47_uai_GDCC_1e-09_n200_roTrue_s0: Loading data from ../models/synthetic/s123/random_mc2_n7_mid3_d1000_05_mr098_r10_47.csv
2026-02-02 16:26:17,724|INFO|random_mc2_n7_mid3_d1000_05_mr098_r10_47_uai_GDCC_1e-09_n200_roTrue_s0: PNS(V3,V6) exact: (0.1989106159359959, 0.311362706666494)
2026-02-02 16:26:17,746|INFO|random_mc2_n6_mid3_d1000_05_mr098_r10_142_uai_GDCC_1e-09_n200_roFalse_s0: Loading model from ../models/synthetic/s123/random_mc2_n6_mid3_d1000_05_mr098_r10_142.uai
2026-02-02 16:26:17,751|INFO|random_mc2_n6_mid3_d1000_05_mr098_r10_89_uai_GDCC_1e-09_n200_roTrue_s0: Loading model from ../models/synthetic/s123/random_mc2_n6_mid3_d1000_05_mr098_r10_89.uai
2026-02-02 16:26:17,728|INFO|random_mc2_n6_mid3_d1000_05_mr098_r10_168_uai_GDCC_1e-09_n200_roFalse_s0: Loading data from ../models/synthetic/s123/random_mc2_n6_mid3_d1000_05_mr098_r10_168.csv
2026-02-02 16:26:17,736|INFO|random_mc2_n5_mid3_d1000_05_mr098_r10_2_uai_GDCC_1e-09_n200_roTrue_s0: Loading data from ../models/synthetic/s123/random_mc2_n5_mid3_d1000_05_mr098_r10_2.csv
2026-02-02 16:26:17,747|INFO|random_mc2_n5_mid3_d1000_05_mr098_r10_2_uai_GDCC_1e-09_n200_roTrue_s0: PNS(V1,V2) exact: (0.0, 0.0)
2026-02-02 16:26:17,747|ERROR|random_mc2_n5_mid3_d1000_05_mr098_r10_2_uai_GDCC_1e-09_n200_roTrue_s0: Model does not have any cause-effect path.
2026-02-02 16:26:17,755|INFO|random_mc2_n6_mid3_d1000_05_mr098_r10_142_uai_GDCC_1e-09_n200_roFalse_s0: Loading data from ../models/synthetic/s123/random_mc2_n6_mid3_d1000_05_mr098_r10_142.csv
2026-02-02 16:26:17,767|INFO|random_mc2_n6_mid3_d1000_05_mr098_r10_142_uai_GDCC_1e-09_n200_roFalse_s0: PNS(V0,V5) exact: (0.98933, 0.99047)
2026-02-02 16:26:17,761|INFO|random_mc2_n6_mid3_d1000_05_mr098_r10_89_uai_GDCC_1e-09_n200_roTrue_s0: Loading data from ../models/synthetic/s123/random_mc2_n6_mid3_d1000_05_mr098_r10_89.csv
2026-02-02 16:26:17,799|INFO|random_mc2_n6_mid3_d1000_05_mr098_r10_175_uai_GDCC_1e-09_n200_roTrue_s0: Loading model from ../models/synthetic/s123/random_mc2_n6_mid3_d1000_05_mr098_r10_175.uai
2026-02-02 16:26:17,849|INFO|random_mc2_n8_mid3_d1000_05_mr098_r10_38_uai_GDCC_1e-09_n200_roFalse_s0: Loading model from ../models/synthetic/s123/random_mc2_n8_mid3_d1000_05_mr098_r10_38.uai
2026-02-02 16:26:17,879|INFO|random_mc2_n8_mid3_d1000_05_mr098_r10_38_uai_GDCC_1e-09_n200_roFalse_s0: Loading data from ../models/synthetic/s123/random_mc2_n8_mid3_d1000_05_mr098_r10_38.csv
2026-02-02 16:26:17,902|INFO|random_mc2_n6_mid3_d1000_05_mr098_r10_175_uai_GDCC_1e-09_n200_roTrue_s0: Loading data from ../models/synthetic/s123/random_mc2_n6_mid3_d1000_05_mr098_r10_175.csv
2026-02-02 16:26:17,908|INFO|random_mc2_n8_mid3_d1000_05_mr098_r10_35_uai_GDCC_1e-09_n200_roTrue_s0: Loading model from ../models/synthetic/s123/random_mc2_n8_mid3_d1000_05_mr098_r10_35.uai
2026-02-02 16:26:17,910|INFO|random_mc2_n5_mid3_d1000_05_mr098_r10_187_uai_GDCC_1e-09_n200_roFalse_s0: Loading model from ../models/synthetic/s123/random_mc2_n5_mid3_d1000_05_mr098_r10_187.uai
2026-02-02 16:26:17,921|INFO|random_mc2_n6_mid3_d1000_05_mr098_r10_38_uai_GDCC_1e-09_n200_roFalse_s0: Loading model from ../models/synthetic/s123/random_mc2_n6_mid3_d1000_05_mr098_r10_38.uai
2026-02-02 16:26:17,936|INFO|random_mc2_n5_mid3_d1000_05_mr098_r10_177_uai_GDCC_1e-09_n200_roFalse_s0: Loading model from ../models/synthetic/s123/random_mc2_n5_mid3_d1000_05_mr098_r10_177.uai
2026-02-02 16:26:17,937|INFO|random_mc2_n7_mid3_d1000_05_mr098_r10_55_uai_GDCC_1e-09_n200_roTrue_s0: Loading model from ../models/synthetic/s123/random_mc2_n7_mid3_d1000_05_mr098_r10_55.uai
2026-02-02 16:26:17,934|INFO|random_mc2_n5_mid3_d1000_05_mr098_r10_187_uai_GDCC_1e-09_n200_roFalse_s0: Loading data from ../models/synthetic/s123/random_mc2_n5_mid3_d1000_05_mr098_r10_187.csv
2026-02-02 16:26:17,929|INFO|random_mc2_n6_mid3_d1000_05_mr098_r10_38_uai_GDCC_1e-09_n200_roFalse_s0: Loading data from ../models/synthetic/s123/random_mc2_n6_mid3_d1000_05_mr098_r10_38.csv
2026-02-02 16:26:17,940|INFO|random_mc2_n6_mid3_d1000_05_mr098_r10_38_uai_GDCC_1e-09_n200_roFalse_s0: PNS(V0,V3) exact: (0.0032650838421653, 0.0300094630044194)
2026-02-02 16:26:17,971|INFO|random_mc2_n8_mid3_d1000_05_mr098_r10_169_uai_GDCC_1e-09_n200_roTrue_s0: Loading model from ../models/synthetic/s123/random_mc2_n8_mid3_d1000_05_mr098_r10_169.uai
2026-02-02 16:26:17,950|INFO|random_mc2_n5_mid3_d1000_05_mr098_r10_177_uai_GDCC_1e-09_n200_roFalse_s0: Loading data from ../models/synthetic/s123/random_mc2_n5_mid3_d1000_05_mr098_r10_177.csv
2026-02-02 16:26:17,961|INFO|random_mc2_n5_mid3_d1000_05_mr098_r10_177_uai_GDCC_1e-09_n200_roFalse_s0: PNS(V3,V1) exact: (0.00095494328811, 0.305507837236473)
2026-02-02 16:26:17,946|INFO|random_mc2_n7_mid3_d1000_05_mr098_r10_55_uai_GDCC_1e-09_n200_roTrue_s0: Loading data from ../models/synthetic/s123/random_mc2_n7_mid3_d1000_05_mr098_r10_55.csv
2026-02-02 16:26:17,956|INFO|random_mc2_n7_mid3_d1000_05_mr098_r10_55_uai_GDCC_1e-09_n200_roTrue_s0: PNS(V1,V2) exact: (0.0, 0.16491582811524)
2026-02-02 16:26:18,017|INFO|random_mc2_n8_mid3_d1000_05_mr098_r10_169_uai_GDCC_1e-09_n200_roTrue_s0: Loading data from ../models/synthetic/s123/random_mc2_n8_mid3_d1000_05_mr098_r10_169.csv
2026-02-02 16:26:18,140|INFO|random_mc2_n8_mid3_d1000_05_mr098_r10_35_uai_GDCC_1e-09_n200_roTrue_s0: Loading data from ../models/synthetic/s123/random_mc2_n8_mid3_d1000_05_mr098_r10_35.csv
2026-02-02 16:26:18,185|INFO|random_mc2_n8_mid3_d1000_05_mr098_r10_191_uai_GDCC_1e-09_n200_roFalse_s0: Loading model from ../models/synthetic/s123/random_mc2_n8_mid3_d1000_05_mr098_r10_191.uai
2026-02-02 16:26:18,199|INFO|random_mc2_n9_mid3_d1000_05_mr098_r10_104_uai_GDCC_1e-09_n200_roTrue_s0: Loading model from ../models/synthetic/s123/random_mc2_n9_mid3_d1000_05_mr098_r10_104.uai
2026-02-02 16:26:18,224|INFO|random_mc2_n7_mid3_d1000_05_mr098_r10_153_uai_GDCC_1e-09_n200_roTrue_s0: Loading model from ../models/synthetic/s123/random_mc2_n7_mid3_d1000_05_mr098_r10_153.uai
2026-02-02 16:26:18,211|INFO|random_mc2_n8_mid3_d1000_05_mr098_r10_191_uai_GDCC_1e-09_n200_roFalse_s0: Loading data from ../models/synthetic/s123/random_mc2_n8_mid3_d1000_05_mr098_r10_191.csv
2026-02-02 16:26:18,222|INFO|random_mc2_n8_mid3_d1000_05_mr098_r10_191_uai_GDCC_1e-09_n200_roFalse_s0: PNS(V0,V7) exact: (0.2271504888, 0.2985032774)
2026-02-02 16:26:18,234|INFO|random_mc2_n7_mid3_d1000_05_mr098_r10_126_uai_GDCC_1e-09_n200_roTrue_s0: Loading model from ../models/synthetic/s123/random_mc2_n7_mid3_d1000_05_mr098_r10_126.uai
2026-02-02 16:26:18,223|INFO|random_mc2_n9_mid3_d1000_05_mr098_r10_104_uai_GDCC_1e-09_n200_roTrue_s0: Loading data from ../models/synthetic/s123/random_mc2_n9_mid3_d1000_05_mr098_r10_104.csv
2026-02-02 16:26:18,237|INFO|random_mc2_n7_mid3_d1000_05_mr098_r10_153_uai_GDCC_1e-09_n200_roTrue_s0: Loading data from ../models/synthetic/s123/random_mc2_n7_mid3_d1000_05_mr098_r10_153.csv
2026-02-02 16:26:18,247|INFO|random_mc2_n7_mid3_d1000_05_mr098_r10_126_uai_GDCC_1e-09_n200_roTrue_s0: Loading data from ../models/synthetic/s123/random_mc2_n7_mid3_d1000_05_mr098_r10_126.csv
2026-02-02 16:26:18,257|INFO|random_mc2_n7_mid3_d1000_05_mr098_r10_126_uai_GDCC_1e-09_n200_roTrue_s0: PNS(V0,V1) exact: (0.2650857268885659, 0.4244970236778398)
2026-02-02 16:26:18,690|INFO|random_mc2_n9_mid3_d1000_05_mr098_r10_91_uai_GDCC_1e-09_n200_roFalse_s0: Loading model from ../models/synthetic/s123/random_mc2_n9_mid3_d1000_05_mr098_r10_91.uai
2026-02-02 16:26:18,707|INFO|random_mc2_n9_mid3_d1000_05_mr098_r10_91_uai_GDCC_1e-09_n200_roFalse_s0: Loading data from ../models/synthetic/s123/random_mc2_n9_mid3_d1000_05_mr098_r10_91.csv
2026-02-02 16:26:18,718|INFO|random_mc2_n9_mid3_d1000_05_mr098_r10_91_uai_GDCC_1e-09_n200_roFalse_s0: PNS(V2,V3) exact: (0.8057637300690249, 0.8686928265038563)
2026-02-02 16:26:21,254|INFO|random_mc2_n5_mid3_d1000_05_mr098_r10_22_uai_GDCC_1e-09_n200_roFalse_s0: Loading model from ../models/synthetic/s123/random_mc2_n5_mid3_d1000_05_mr098_r10_22.uai
2026-02-02 16:26:21,260|INFO|random_mc2_n5_mid3_d1000_05_mr098_r10_22_uai_GDCC_1e-09_n200_roFalse_s0: Loading data from ../models/synthetic/s123/random_mc2_n5_mid3_d1000_05_mr098_r10_22.csv
2026-02-02 16:26:21,269|INFO|random_mc2_n5_mid3_d1000_05_mr098_r10_22_uai_GDCC_1e-09_n200_roFalse_s0: PNS(V2,V3) exact: (0.01716, 0.07782)
2026-02-02 16:26:25,735|INFO|random_mc2_n9_mid3_d1000_05_mr098_r10_176_uai_GDCC_1e-09_n200_roTrue_s0: Loading model from ../models/synthetic/s123/random_mc2_n9_mid3_d1000_05_mr098_r10_176.uai
2026-02-02 16:26:25,754|INFO|random_mc2_n9_mid3_d1000_05_mr098_r10_176_uai_GDCC_1e-09_n200_roTrue_s0: Loading data from ../models/synthetic/s123/random_mc2_n9_mid3_d1000_05_mr098_r10_176.csv
2026-02-02 16:26:31,183|INFO|random_mc2_n7_mid3_d1000_05_mr098_r10_197_uai_GDCC_1e-09_n200_roTrue_s0: Loading model from ../models/synthetic/s123/random_mc2_n7_mid3_d1000_05_mr098_r10_197.uai
2026-02-02 16:26:31,184|INFO|random_mc2_n5_mid3_d1000_05_mr098_r10_196_uai_GDCC_1e-09_n200_roFalse_s0: Loading model from ../models/synthetic/s123/random_mc2_n5_mid3_d1000_05_mr098_r10_196.uai
2026-02-02 16:26:31,184|INFO|random_mc2_n5_mid3_d1000_05_mr098_r10_131_uai_GDCC_1e-09_n200_roFalse_s0: Loading model from ../models/synthetic/s123/random_mc2_n5_mid3_d1000_05_mr098_r10_131.uai
2026-02-02 16:26:31,185|INFO|random_mc2_n5_mid3_d1000_05_mr098_r10_105_uai_GDCC_1e-09_n200_roFalse_s0: Loading model from ../models/synthetic/s123/random_mc2_n5_mid3_d1000_05_mr098_r10_105.uai
2026-02-02 16:26:31,221|INFO|random_mc2_n5_mid3_d1000_05_mr098_r10_111_uai_GDCC_1e-09_n200_roFalse_s0: Loading model from ../models/synthetic/s123/random_mc2_n5_mid3_d1000_05_mr098_r10_111.uai
2026-02-02 16:26:31,195|INFO|random_mc2_n7_mid3_d1000_05_mr098_r10_197_uai_GDCC_1e-09_n200_roTrue_s0: Loading data from ../models/synthetic/s123/random_mc2_n7_mid3_d1000_05_mr098_r10_197.csv
2026-02-02 16:26:31,223|INFO|random_mc2_n5_mid3_d1000_05_mr098_r10_82_uai_GDCC_1e-09_n200_roTrue_s0: Loading model from ../models/synthetic/s123/random_mc2_n5_mid3_d1000_05_mr098_r10_82.uai
2026-02-02 16:26:31,205|INFO|random_mc2_n7_mid3_d1000_05_mr098_r10_197_uai_GDCC_1e-09_n200_roTrue_s0: PNS(V4,V6) exact: (0.0077679086795427, 0.0129274736640678)
2026-02-02 16:26:31,201|INFO|random_mc2_n5_mid3_d1000_05_mr098_r10_196_uai_GDCC_1e-09_n200_roFalse_s0: Loading data from ../models/synthetic/s123/random_mc2_n5_mid3_d1000_05_mr098_r10_196.csv
2026-02-02 16:26:31,190|INFO|random_mc2_n5_mid3_d1000_05_mr098_r10_131_uai_GDCC_1e-09_n200_roFalse_s0: Loading data from ../models/synthetic/s123/random_mc2_n5_mid3_d1000_05_mr098_r10_131.csv
2026-02-02 16:26:31,193|INFO|random_mc2_n5_mid3_d1000_05_mr098_r10_105_uai_GDCC_1e-09_n200_roFalse_s0: Loading data from ../models/synthetic/s123/random_mc2_n5_mid3_d1000_05_mr098_r10_105.csv
2026-02-02 16:26:31,203|INFO|random_mc2_n5_mid3_d1000_05_mr098_r10_131_uai_GDCC_1e-09_n200_roFalse_s0: PNS(V2,V4) exact: (0.0, 0.3999999999999999)
2026-02-02 16:26:31,251|INFO|random_mc2_n7_mid3_d1000_05_mr098_r10_15_uai_GDCC_1e-09_n200_roFalse_s0: Loading model from ../models/synthetic/s123/random_mc2_n7_mid3_d1000_05_mr098_r10_15.uai
2026-02-02 16:26:31,231|INFO|random_mc2_n5_mid3_d1000_05_mr098_r10_111_uai_GDCC_1e-09_n200_roFalse_s0: Loading data from ../models/synthetic/s123/random_mc2_n5_mid3_d1000_05_mr098_r10_111.csv
2026-02-02 16:26:31,261|INFO|random_mc2_n6_mid3_d1000_05_mr098_r10_28_uai_GDCC_1e-09_n200_roFalse_s0: Loading model from ../models/synthetic/s123/random_mc2_n6_mid3_d1000_05_mr098_r10_28.uai
2026-02-02 16:26:31,232|INFO|random_mc2_n5_mid3_d1000_05_mr098_r10_82_uai_GDCC_1e-09_n200_roTrue_s0: Loading data from ../models/synthetic/s123/random_mc2_n5_mid3_d1000_05_mr098_r10_82.csv
2026-02-02 16:26:31,262|INFO|random_mc2_n7_mid3_d1000_05_mr098_r10_15_uai_GDCC_1e-09_n200_roFalse_s0: Loading data from ../models/synthetic/s123/random_mc2_n7_mid3_d1000_05_mr098_r10_15.csv
2026-02-02 16:26:31,273|INFO|random_mc2_n7_mid3_d1000_05_mr098_r10_15_uai_GDCC_1e-09_n200_roFalse_s0: PNS(V0,V6) exact: (0.3220170880214336, 0.5255000671372351)
2026-02-02 16:26:31,271|INFO|random_mc2_n6_mid3_d1000_05_mr098_r10_28_uai_GDCC_1e-09_n200_roFalse_s0: Loading data from ../models/synthetic/s123/random_mc2_n6_mid3_d1000_05_mr098_r10_28.csv
2026-02-02 16:26:31,281|INFO|random_mc2_n6_mid3_d1000_05_mr098_r10_28_uai_GDCC_1e-09_n200_roFalse_s0: PNS(V3,V2) exact: (0.36156, 0.53922)
2026-02-02 16:26:31,326|INFO|random_mc2_n7_mid3_d1000_05_mr098_r10_62_uai_GDCC_1e-09_n200_roTrue_s0: Loading model from ../models/synthetic/s123/random_mc2_n7_mid3_d1000_05_mr098_r10_62.uai
2026-02-02 16:26:31,424|INFO|random_mc2_n7_mid3_d1000_05_mr098_r10_62_uai_GDCC_1e-09_n200_roTrue_s0: Loading data from ../models/synthetic/s123/random_mc2_n7_mid3_d1000_05_mr098_r10_62.csv
2026-02-02 16:26:32,222|INFO|random_mc2_n5_mid3_d1000_05_mr098_r10_53_uai_GDCC_1e-09_n200_roFalse_s0: Loading model from ../models/synthetic/s123/random_mc2_n5_mid3_d1000_05_mr098_r10_53.uai
2026-02-02 16:26:32,227|INFO|random_mc2_n5_mid3_d1000_05_mr098_r10_53_uai_GDCC_1e-09_n200_roFalse_s0: Loading data from ../models/synthetic/s123/random_mc2_n5_mid3_d1000_05_mr098_r10_53.csv
2026-02-02 16:26:32,235|INFO|random_mc2_n5_mid3_d1000_05_mr098_r10_53_uai_GDCC_1e-09_n200_roFalse_s0: PNS(V0,V1) exact: (0.0, 0.0)
2026-02-02 16:26:32,235|ERROR|random_mc2_n5_mid3_d1000_05_mr098_r10_53_uai_GDCC_1e-09_n200_roFalse_s0: Model does not have any cause-effect path.
2026-02-02 16:26:32,436|INFO|random_mc2_n5_mid3_d1000_05_mr098_r10_197_uai_GDCC_1e-09_n200_roFalse_s0: Loading model from ../models/synthetic/s123/random_mc2_n5_mid3_d1000_05_mr098_r10_197.uai
2026-02-02 16:26:32,463|INFO|random_mc2_n7_mid3_d1000_05_mr098_r10_2_uai_GDCC_1e-09_n200_roTrue_s0: Loading model from ../models/synthetic/s123/random_mc2_n7_mid3_d1000_05_mr098_r10_2.uai
2026-02-02 16:26:32,472|INFO|random_mc2_n9_mid3_d1000_05_mr098_r10_184_uai_GDCC_1e-09_n200_roTrue_s0: Loading model from ../models/synthetic/s123/random_mc2_n9_mid3_d1000_05_mr098_r10_184.uai
2026-02-02 16:26:32,473|INFO|random_mc2_n7_mid3_d1000_05_mr098_r10_123_uai_GDCC_1e-09_n200_roTrue_s0: Loading model from ../models/synthetic/s123/random_mc2_n7_mid3_d1000_05_mr098_r10_123.uai
2026-02-02 16:26:32,442|INFO|random_mc2_n5_mid3_d1000_05_mr098_r10_197_uai_GDCC_1e-09_n200_roFalse_s0: Loading data from ../models/synthetic/s123/random_mc2_n5_mid3_d1000_05_mr098_r10_197.csv
2026-02-02 16:26:32,451|INFO|random_mc2_n5_mid3_d1000_05_mr098_r10_197_uai_GDCC_1e-09_n200_roFalse_s0: PNS(V0,V2) exact: (0.0654547499999999, 0.0866559)
2026-02-02 16:26:32,476|INFO|random_mc2_n9_mid3_d1000_05_mr098_r10_104_uai_GDCC_1e-09_n200_roFalse_s0: Loading model from ../models/synthetic/s123/random_mc2_n9_mid3_d1000_05_mr098_r10_104.uai
2026-02-02 16:26:32,491|INFO|random_mc2_n6_mid3_d1000_05_mr098_r10_105_uai_GDCC_1e-09_n200_roTrue_s0: Loading model from ../models/synthetic/s123/random_mc2_n6_mid3_d1000_05_mr098_r10_105.uai
2026-02-02 16:26:32,477|INFO|random_mc2_n7_mid3_d1000_05_mr098_r10_2_uai_GDCC_1e-09_n200_roTrue_s0: Loading data from ../models/synthetic/s123/random_mc2_n7_mid3_d1000_05_mr098_r10_2.csv
2026-02-02 16:26:32,486|INFO|random_mc2_n7_mid3_d1000_05_mr098_r10_2_uai_GDCC_1e-09_n200_roTrue_s0: PNS(V6,V5) exact: (0.17496630889, 0.198271938213)
2026-02-02 16:26:32,489|INFO|random_mc2_n9_mid3_d1000_05_mr098_r10_184_uai_GDCC_1e-09_n200_roTrue_s0: Loading data from ../models/synthetic/s123/random_mc2_n9_mid3_d1000_05_mr098_r10_184.csv
2026-02-02 16:26:32,483|INFO|random_mc2_n7_mid3_d1000_05_mr098_r10_123_uai_GDCC_1e-09_n200_roTrue_s0: Loading data from ../models/synthetic/s123/random_mc2_n7_mid3_d1000_05_mr098_r10_123.csv
2026-02-02 16:26:32,493|INFO|random_mc2_n7_mid3_d1000_05_mr098_r10_123_uai_GDCC_1e-09_n200_roTrue_s0: PNS(V0,V6) exact: (0.0106816021871762, 0.1499524833352205)
2026-02-02 16:26:32,500|INFO|random_mc2_n9_mid3_d1000_05_mr098_r10_104_uai_GDCC_1e-09_n200_roFalse_s0: Loading data from ../models/synthetic/s123/random_mc2_n9_mid3_d1000_05_mr098_r10_104.csv
2026-02-02 16:26:32,518|INFO|random_mc2_n6_mid3_d1000_05_mr098_r10_103_uai_GDCC_1e-09_n200_roTrue_s0: Loading model from ../models/synthetic/s123/random_mc2_n6_mid3_d1000_05_mr098_r10_103.uai
2026-02-02 16:26:32,509|INFO|random_mc2_n6_mid3_d1000_05_mr098_r10_105_uai_GDCC_1e-09_n200_roTrue_s0: Loading data from ../models/synthetic/s123/random_mc2_n6_mid3_d1000_05_mr098_r10_105.csv
2026-02-02 16:26:32,518|INFO|random_mc2_n6_mid3_d1000_05_mr098_r10_105_uai_GDCC_1e-09_n200_roTrue_s0: PNS(V3,V4) exact: (0.491766269274686, 0.586709709951746)
2026-02-02 16:26:32,534|INFO|random_mc2_n6_mid3_d1000_05_mr098_r10_189_uai_GDCC_1e-09_n200_roFalse_s0: Loading model from ../models/synthetic/s123/random_mc2_n6_mid3_d1000_05_mr098_r10_189.uai
2026-02-02 16:26:32,532|INFO|random_mc2_n6_mid3_d1000_05_mr098_r10_103_uai_GDCC_1e-09_n200_roTrue_s0: Loading data from ../models/synthetic/s123/random_mc2_n6_mid3_d1000_05_mr098_r10_103.csv
2026-02-02 16:26:32,544|INFO|random_mc2_n6_mid3_d1000_05_mr098_r10_189_uai_GDCC_1e-09_n200_roFalse_s0: Loading data from ../models/synthetic/s123/random_mc2_n6_mid3_d1000_05_mr098_r10_189.csv
2026-02-02 16:26:32,553|INFO|random_mc2_n6_mid3_d1000_05_mr098_r10_189_uai_GDCC_1e-09_n200_roFalse_s0: PNS(V3,V1) exact: (0.6089314630473477, 0.6883287464300636)
2026-02-02 16:26:32,590|INFO|random_mc2_n6_mid3_d1000_05_mr098_r10_146_uai_GDCC_1e-09_n200_roTrue_s0: Loading model from ../models/synthetic/s123/random_mc2_n6_mid3_d1000_05_mr098_r10_146.uai
2026-02-02 16:26:32,594|INFO|random_mc2_n6_mid3_d1000_05_mr098_r10_82_uai_GDCC_1e-09_n200_roFalse_s0: Loading model from ../models/synthetic/s123/random_mc2_n6_mid3_d1000_05_mr098_r10_82.uai
2026-02-02 16:26:32,598|INFO|random_mc2_n9_mid3_d1000_05_mr098_r10_134_uai_GDCC_1e-09_n200_roTrue_s0: Loading model from ../models/synthetic/s123/random_mc2_n9_mid3_d1000_05_mr098_r10_134.uai
2026-02-02 16:26:32,607|INFO|random_mc2_n6_mid3_d1000_05_mr098_r10_42_uai_GDCC_1e-09_n200_roFalse_s0: Loading model from ../models/synthetic/s123/random_mc2_n6_mid3_d1000_05_mr098_r10_42.uai
2026-02-02 16:26:32,600|INFO|random_mc2_n6_mid3_d1000_05_mr098_r10_146_uai_GDCC_1e-09_n200_roTrue_s0: Loading data from ../models/synthetic/s123/random_mc2_n6_mid3_d1000_05_mr098_r10_146.csv
2026-02-02 16:26:32,610|INFO|random_mc2_n6_mid3_d1000_05_mr098_r10_146_uai_GDCC_1e-09_n200_roTrue_s0: PNS(V5,V3) exact: (0.4629754663000001, 0.4943296704000001)
2026-02-02 16:26:32,606|INFO|random_mc2_n6_mid3_d1000_05_mr098_r10_82_uai_GDCC_1e-09_n200_roFalse_s0: Loading data from ../models/synthetic/s123/random_mc2_n6_mid3_d1000_05_mr098_r10_82.csv
2026-02-02 16:26:32,635|INFO|random_mc2_n6_mid3_d1000_05_mr098_r10_20_uai_GDCC_1e-09_n200_roTrue_s0: Loading model from ../models/synthetic/s123/random_mc2_n6_mid3_d1000_05_mr098_r10_20.uai
2026-02-02 16:26:32,615|INFO|random_mc2_n6_mid3_d1000_05_mr098_r10_42_uai_GDCC_1e-09_n200_roFalse_s0: Loading data from ../models/synthetic/s123/random_mc2_n6_mid3_d1000_05_mr098_r10_42.csv
2026-02-02 16:26:32,624|INFO|random_mc2_n6_mid3_d1000_05_mr098_r10_42_uai_GDCC_1e-09_n200_roFalse_s0: PNS(V3,V2) exact: (0.2100591484485759, 0.483114152283904)
2026-02-02 16:26:32,667|INFO|random_mc2_n7_mid3_d1000_05_mr098_r10_9_uai_GDCC_1e-09_n200_roFalse_s0: Loading model from ../models/synthetic/s123/random_mc2_n7_mid3_d1000_05_mr098_r10_9.uai
2026-02-02 16:26:32,650|INFO|random_mc2_n6_mid3_d1000_05_mr098_r10_20_uai_GDCC_1e-09_n200_roTrue_s0: Loading data from ../models/synthetic/s123/random_mc2_n6_mid3_d1000_05_mr098_r10_20.csv
2026-02-02 16:26:32,696|INFO|random_mc2_n5_mid3_d1000_05_mr098_r10_169_uai_GDCC_1e-09_n200_roFalse_s0: Loading model from ../models/synthetic/s123/random_mc2_n5_mid3_d1000_05_mr098_r10_169.uai
2026-02-02 16:26:32,681|INFO|random_mc2_n7_mid3_d1000_05_mr098_r10_9_uai_GDCC_1e-09_n200_roFalse_s0: Loading data from ../models/synthetic/s123/random_mc2_n7_mid3_d1000_05_mr098_r10_9.csv
2026-02-02 16:26:32,692|INFO|random_mc2_n7_mid3_d1000_05_mr098_r10_9_uai_GDCC_1e-09_n200_roFalse_s0: PNS(V2,V3) exact: (0.034282230913595, 0.271965748446975)
2026-02-02 16:26:32,711|INFO|random_mc2_n5_mid3_d1000_05_mr098_r10_186_uai_GDCC_1e-09_n200_roTrue_s0: Loading model from ../models/synthetic/s123/random_mc2_n5_mid3_d1000_05_mr098_r10_186.uai
2026-02-02 16:26:32,733|INFO|random_mc2_n6_mid3_d1000_05_mr098_r10_184_uai_GDCC_1e-09_n200_roFalse_s0: Loading model from ../models/synthetic/s123/random_mc2_n6_mid3_d1000_05_mr098_r10_184.uai
2026-02-02 16:26:32,700|INFO|random_mc2_n5_mid3_d1000_05_mr098_r10_169_uai_GDCC_1e-09_n200_roFalse_s0: Loading data from ../models/synthetic/s123/random_mc2_n5_mid3_d1000_05_mr098_r10_169.csv
2026-02-02 16:26:32,712|INFO|random_mc2_n5_mid3_d1000_05_mr098_r10_169_uai_GDCC_1e-09_n200_roFalse_s0: PNS(V0,V3) exact: (0.16386, 0.49872)
2026-02-02 16:26:32,750|INFO|random_mc2_n5_mid3_d1000_05_mr098_r10_160_uai_GDCC_1e-09_n200_roTrue_s0: Loading model from ../models/synthetic/s123/random_mc2_n5_mid3_d1000_05_mr098_r10_160.uai
2026-02-02 16:26:32,723|INFO|random_mc2_n5_mid3_d1000_05_mr098_r10_186_uai_GDCC_1e-09_n200_roTrue_s0: Loading data from ../models/synthetic/s123/random_mc2_n5_mid3_d1000_05_mr098_r10_186.csv
2026-02-02 16:26:32,734|INFO|random_mc2_n5_mid3_d1000_05_mr098_r10_186_uai_GDCC_1e-09_n200_roTrue_s0: PNS(V3,V1) exact: (0.68198788120285, 0.68198788120285)
2026-02-02 16:26:32,740|INFO|random_mc2_n6_mid3_d1000_05_mr098_r10_184_uai_GDCC_1e-09_n200_roFalse_s0: Loading data from ../models/synthetic/s123/random_mc2_n6_mid3_d1000_05_mr098_r10_184.csv
2026-02-02 16:26:32,750|INFO|random_mc2_n6_mid3_d1000_05_mr098_r10_184_uai_GDCC_1e-09_n200_roFalse_s0: PNS(V5,V4) exact: (0.0, 0.0008714266998319998)
2026-02-02 16:26:32,755|INFO|random_mc2_n5_mid3_d1000_05_mr098_r10_160_uai_GDCC_1e-09_n200_roTrue_s0: Loading data from ../models/synthetic/s123/random_mc2_n5_mid3_d1000_05_mr098_r10_160.csv
2026-02-02 16:26:32,824|INFO|random_mc2_n7_mid3_d1000_05_mr098_r10_139_uai_GDCC_1e-09_n200_roFalse_s0: Loading model from ../models/synthetic/s123/random_mc2_n7_mid3_d1000_05_mr098_r10_139.uai
2026-02-02 16:26:32,829|INFO|random_mc2_n9_mid3_d1000_05_mr098_r10_134_uai_GDCC_1e-09_n200_roTrue_s0: Loading data from ../models/synthetic/s123/random_mc2_n9_mid3_d1000_05_mr098_r10_134.csv
2026-02-02 16:26:32,832|INFO|random_mc2_n7_mid3_d1000_05_mr098_r10_139_uai_GDCC_1e-09_n200_roFalse_s0: Loading data from ../models/synthetic/s123/random_mc2_n7_mid3_d1000_05_mr098_r10_139.csv
2026-02-02 16:26:32,842|INFO|random_mc2_n7_mid3_d1000_05_mr098_r10_139_uai_GDCC_1e-09_n200_roFalse_s0: PNS(V6,V2) exact: (3.4571033774154675e-05, 0.0010797131415254)
2026-02-02 16:26:36,374|INFO|random_mc2_n5_mid3_d1000_05_mr098_r10_80_uai_GDCC_1e-09_n200_roTrue_s0: Loading model from ../models/synthetic/s123/random_mc2_n5_mid3_d1000_05_mr098_r10_80.uai
2026-02-02 16:26:36,385|INFO|random_mc2_n5_mid3_d1000_05_mr098_r10_80_uai_GDCC_1e-09_n200_roTrue_s0: Loading data from ../models/synthetic/s123/random_mc2_n5_mid3_d1000_05_mr098_r10_80.csv
2026-02-02 16:26:36,398|INFO|random_mc2_n5_mid3_d1000_05_mr098_r10_80_uai_GDCC_1e-09_n200_roTrue_s0: PNS(V1,V4) exact: (0.950554689425868, 0.970786964773004)
2026-02-02 16:26:42,709|INFO|random_mc2_n5_mid3_d1000_05_mr098_r10_4_uai_GDCC_1e-09_n200_roFalse_s0: Loading model from ../models/synthetic/s123/random_mc2_n5_mid3_d1000_05_mr098_r10_4.uai
2026-02-02 16:26:42,716|INFO|random_mc2_n5_mid3_d1000_05_mr098_r10_4_uai_GDCC_1e-09_n200_roFalse_s0: Loading data from ../models/synthetic/s123/random_mc2_n5_mid3_d1000_05_mr098_r10_4.csv
2026-02-02 16:26:42,725|INFO|random_mc2_n5_mid3_d1000_05_mr098_r10_4_uai_GDCC_1e-09_n200_roFalse_s0: PNS(V1,V3) exact: (0.008115440172339, 0.040113058343352)
2026-02-02 16:26:44,947|INFO|random_mc2_n5_mid3_d1000_05_mr098_r10_17_uai_GDCC_1e-09_n200_roFalse_s0: Loading model from ../models/synthetic/s123/random_mc2_n5_mid3_d1000_05_mr098_r10_17.uai
2026-02-02 16:26:44,974|INFO|random_mc2_n5_mid3_d1000_05_mr098_r10_172_uai_GDCC_1e-09_n200_roTrue_s0: Loading model from ../models/synthetic/s123/random_mc2_n5_mid3_d1000_05_mr098_r10_172.uai
2026-02-02 16:26:44,981|INFO|random_mc2_n5_mid3_d1000_05_mr098_r10_81_uai_GDCC_1e-09_n200_roFalse_s0: Loading model from ../models/synthetic/s123/random_mc2_n5_mid3_d1000_05_mr098_r10_81.uai
2026-02-02 16:26:44,982|INFO|random_mc2_n9_mid3_d1000_05_mr098_r10_168_uai_GDCC_1e-09_n200_roTrue_s0: Loading model from ../models/synthetic/s123/random_mc2_n9_mid3_d1000_05_mr098_r10_168.uai
2026-02-02 16:26:44,957|INFO|random_mc2_n5_mid3_d1000_05_mr098_r10_17_uai_GDCC_1e-09_n200_roFalse_s0: Loading data from ../models/synthetic/s123/random_mc2_n5_mid3_d1000_05_mr098_r10_17.csv
2026-02-02 16:26:44,973|INFO|random_mc2_n5_mid3_d1000_05_mr098_r10_17_uai_GDCC_1e-09_n200_roFalse_s0: PNS(V2,V0) exact: (0.0009668192, 0.0226223524444999)
2026-02-02 16:26:44,996|INFO|random_mc2_n5_mid3_d1000_05_mr098_r10_193_uai_GDCC_1e-09_n200_roFalse_s0: Loading model from ../models/synthetic/s123/random_mc2_n5_mid3_d1000_05_mr098_r10_193.uai
2026-02-02 16:26:45,001|INFO|random_mc2_n7_mid3_d1000_05_mr098_r10_51_uai_GDCC_1e-09_n200_roFalse_s0: Loading model from ../models/synthetic/s123/random_mc2_n7_mid3_d1000_05_mr098_r10_51.uai
2026-02-02 16:26:45,003|INFO|random_mc2_n5_mid3_d1000_05_mr098_r10_49_uai_GDCC_1e-09_n200_roTrue_s0: Loading model from ../models/synthetic/s123/random_mc2_n5_mid3_d1000_05_mr098_r10_49.uai
2026-02-02 16:26:44,982|INFO|random_mc2_n5_mid3_d1000_05_mr098_r10_172_uai_GDCC_1e-09_n200_roTrue_s0: Loading data from ../models/synthetic/s123/random_mc2_n5_mid3_d1000_05_mr098_r10_172.csv
2026-02-02 16:26:44,991|INFO|random_mc2_n5_mid3_d1000_05_mr098_r10_172_uai_GDCC_1e-09_n200_roTrue_s0: PNS(V2,V4) exact: (0.3028800000000001, 0.4415600000000001)
2026-02-02 16:26:44,991|INFO|random_mc2_n5_mid3_d1000_05_mr098_r10_81_uai_GDCC_1e-09_n200_roFalse_s0: Loading data from ../models/synthetic/s123/random_mc2_n5_mid3_d1000_05_mr098_r10_81.csv
2026-02-02 16:26:45,016|INFO|random_mc2_n9_mid3_d1000_05_mr098_r10_168_uai_GDCC_1e-09_n200_roTrue_s0: Loading data from ../models/synthetic/s123/random_mc2_n9_mid3_d1000_05_mr098_r10_168.csv
2026-02-02 16:26:45,005|INFO|random_mc2_n5_mid3_d1000_05_mr098_r10_193_uai_GDCC_1e-09_n200_roFalse_s0: Loading data from ../models/synthetic/s123/random_mc2_n5_mid3_d1000_05_mr098_r10_193.csv
2026-02-02 16:26:45,017|INFO|random_mc2_n7_mid3_d1000_05_mr098_r10_51_uai_GDCC_1e-09_n200_roFalse_s0: Loading data from ../models/synthetic/s123/random_mc2_n7_mid3_d1000_05_mr098_r10_51.csv
2026-02-02 16:26:45,009|INFO|random_mc2_n5_mid3_d1000_05_mr098_r10_49_uai_GDCC_1e-09_n200_roTrue_s0: Loading data from ../models/synthetic/s123/random_mc2_n5_mid3_d1000_05_mr098_r10_49.csv
2026-02-02 16:26:45,070|INFO|random_mc2_n5_mid3_d1000_05_mr098_r10_79_uai_GDCC_1e-09_n200_roTrue_s0: Loading model from ../models/synthetic/s123/random_mc2_n5_mid3_d1000_05_mr098_r10_79.uai
2026-02-02 16:26:45,091|INFO|random_mc2_n6_mid3_d1000_05_mr098_r10_115_uai_GDCC_1e-09_n200_roTrue_s0: Loading model from ../models/synthetic/s123/random_mc2_n6_mid3_d1000_05_mr098_r10_115.uai
2026-02-02 16:26:45,077|INFO|random_mc2_n5_mid3_d1000_05_mr098_r10_79_uai_GDCC_1e-09_n200_roTrue_s0: Loading data from ../models/synthetic/s123/random_mc2_n5_mid3_d1000_05_mr098_r10_79.csv
2026-02-02 16:26:45,087|INFO|random_mc2_n5_mid3_d1000_05_mr098_r10_79_uai_GDCC_1e-09_n200_roTrue_s0: PNS(V3,V2) exact: (0.00904271675736, 0.016636195438368)
2026-02-02 16:26:45,109|INFO|random_mc2_n6_mid3_d1000_05_mr098_r10_115_uai_GDCC_1e-09_n200_roTrue_s0: Loading data from ../models/synthetic/s123/random_mc2_n6_mid3_d1000_05_mr098_r10_115.csv
2026-02-02 16:26:45,850|INFO|random_mc2_n6_mid3_d1000_05_mr098_r10_148_uai_GDCC_1e-09_n200_roTrue_s0: Loading model from ../models/synthetic/s123/random_mc2_n6_mid3_d1000_05_mr098_r10_148.uai
2026-02-02 16:26:45,858|INFO|random_mc2_n6_mid3_d1000_05_mr098_r10_148_uai_GDCC_1e-09_n200_roTrue_s0: Loading data from ../models/synthetic/s123/random_mc2_n6_mid3_d1000_05_mr098_r10_148.csv
2026-02-02 16:26:45,867|INFO|random_mc2_n6_mid3_d1000_05_mr098_r10_148_uai_GDCC_1e-09_n200_roTrue_s0: PNS(V0,V5) exact: (0.0, 0.0279858302999999)
2026-02-02 16:26:45,916|INFO|random_mc2_n9_mid3_d1000_05_mr098_r10_116_uai_GDCC_1e-09_n200_roTrue_s0: Loading model from ../models/synthetic/s123/random_mc2_n9_mid3_d1000_05_mr098_r10_116.uai
2026-02-02 16:26:45,934|INFO|random_mc2_n9_mid3_d1000_05_mr098_r10_116_uai_GDCC_1e-09_n200_roTrue_s0: Loading data from ../models/synthetic/s123/random_mc2_n9_mid3_d1000_05_mr098_r10_116.csv
2026-02-02 16:26:45,944|INFO|random_mc2_n9_mid3_d1000_05_mr098_r10_116_uai_GDCC_1e-09_n200_roTrue_s0: PNS(V2,V0) exact: (0.0201090016271876, 0.1746422034672741)
2026-02-02 16:26:46,703|INFO|random_mc2_n7_mid3_d1000_05_mr098_r10_5_uai_GDCC_1e-09_n200_roFalse_s0: Loading model from ../models/synthetic/s123/random_mc2_n7_mid3_d1000_05_mr098_r10_5.uai
2026-02-02 16:26:46,720|INFO|random_mc2_n7_mid3_d1000_05_mr098_r10_5_uai_GDCC_1e-09_n200_roFalse_s0: Loading data from ../models/synthetic/s123/random_mc2_n7_mid3_d1000_05_mr098_r10_5.csv
2026-02-02 16:26:46,744|INFO|random_mc2_n5_mid3_d1000_05_mr098_r10_124_uai_GDCC_1e-09_n200_roTrue_s0: Loading model from ../models/synthetic/s123/random_mc2_n5_mid3_d1000_05_mr098_r10_124.uai
2026-02-02 16:26:46,752|INFO|random_mc2_n5_mid3_d1000_05_mr098_r10_124_uai_GDCC_1e-09_n200_roTrue_s0: Loading data from ../models/synthetic/s123/random_mc2_n5_mid3_d1000_05_mr098_r10_124.csv
2026-02-02 16:26:46,762|INFO|random_mc2_n5_mid3_d1000_05_mr098_r10_124_uai_GDCC_1e-09_n200_roTrue_s0: PNS(V4,V1) exact: (0.00019924659568, 0.05078698676936)
2026-02-02 16:26:46,973|INFO|random_mc2_n5_mid3_d1000_05_mr098_r10_86_uai_GDCC_1e-09_n200_roFalse_s0: Loading model from ../models/synthetic/s123/random_mc2_n5_mid3_d1000_05_mr098_r10_86.uai
2026-02-02 16:26:46,985|INFO|random_mc2_n5_mid3_d1000_05_mr098_r10_19_uai_GDCC_1e-09_n200_roFalse_s0: Loading model from ../models/synthetic/s123/random_mc2_n5_mid3_d1000_05_mr098_r10_19.uai
2026-02-02 16:26:46,978|INFO|random_mc2_n5_mid3_d1000_05_mr098_r10_86_uai_GDCC_1e-09_n200_roFalse_s0: Loading data from ../models/synthetic/s123/random_mc2_n5_mid3_d1000_05_mr098_r10_86.csv
2026-02-02 16:26:46,988|INFO|random_mc2_n5_mid3_d1000_05_mr098_r10_86_uai_GDCC_1e-09_n200_roFalse_s0: PNS(V3,V4) exact: (0.104073125, 0.2262469198)
2026-02-02 16:26:47,024|INFO|random_mc2_n9_mid3_d1000_05_mr098_r10_133_uai_GDCC_1e-09_n200_roFalse_s0: Loading model from ../models/synthetic/s123/random_mc2_n9_mid3_d1000_05_mr098_r10_133.uai
2026-02-02 16:26:46,990|INFO|random_mc2_n5_mid3_d1000_05_mr098_r10_19_uai_GDCC_1e-09_n200_roFalse_s0: Loading data from ../models/synthetic/s123/random_mc2_n5_mid3_d1000_05_mr098_r10_19.csv
2026-02-02 16:26:47,000|INFO|random_mc2_n5_mid3_d1000_05_mr098_r10_19_uai_GDCC_1e-09_n200_roFalse_s0: PNS(V0,V4) exact: (0.23991, 0.53735)
2026-02-02 16:26:47,042|INFO|random_mc2_n5_mid3_d1000_05_mr098_r10_189_uai_GDCC_1e-09_n200_roTrue_s0: Loading model from ../models/synthetic/s123/random_mc2_n5_mid3_d1000_05_mr098_r10_189.uai
2026-02-02 16:26:47,051|INFO|random_mc2_n5_mid3_d1000_05_mr098_r10_174_uai_GDCC_1e-09_n200_roTrue_s0: Loading model from ../models/synthetic/s123/random_mc2_n5_mid3_d1000_05_mr098_r10_174.uai
2026-02-02 16:26:47,052|INFO|random_mc2_n5_mid3_d1000_05_mr098_r10_110_uai_GDCC_1e-09_n200_roTrue_s0: Loading model from ../models/synthetic/s123/random_mc2_n5_mid3_d1000_05_mr098_r10_110.uai
2026-02-02 16:26:47,038|INFO|random_mc2_n9_mid3_d1000_05_mr098_r10_133_uai_GDCC_1e-09_n200_roFalse_s0: Loading data from ../models/synthetic/s123/random_mc2_n9_mid3_d1000_05_mr098_r10_133.csv
2026-02-02 16:26:47,063|INFO|random_mc2_n6_mid3_d1000_05_mr098_r10_139_uai_GDCC_1e-09_n200_roTrue_s0: Loading model from ../models/synthetic/s123/random_mc2_n6_mid3_d1000_05_mr098_r10_139.uai
2026-02-02 16:26:47,066|INFO|random_mc2_n5_mid3_d1000_05_mr098_r10_171_uai_GDCC_1e-09_n200_roFalse_s0: Loading model from ../models/synthetic/s123/random_mc2_n5_mid3_d1000_05_mr098_r10_171.uai
2026-02-02 16:26:47,081|INFO|random_mc2_n6_mid3_d1000_05_mr098_r10_115_uai_GDCC_1e-09_n200_roFalse_s0: Loading model from ../models/synthetic/s123/random_mc2_n6_mid3_d1000_05_mr098_r10_115.uai
2026-02-02 16:26:47,048|INFO|random_mc2_n5_mid3_d1000_05_mr098_r10_189_uai_GDCC_1e-09_n200_roTrue_s0: Loading data from ../models/synthetic/s123/random_mc2_n5_mid3_d1000_05_mr098_r10_189.csv
2026-02-02 16:26:47,064|INFO|random_mc2_n5_mid3_d1000_05_mr098_r10_189_uai_GDCC_1e-09_n200_roTrue_s0: PNS(V0,V1) exact: (0.0, 0.0)
2026-02-02 16:26:47,061|INFO|random_mc2_n5_mid3_d1000_05_mr098_r10_174_uai_GDCC_1e-09_n200_roTrue_s0: Loading data from ../models/synthetic/s123/random_mc2_n5_mid3_d1000_05_mr098_r10_174.csv
2026-02-02 16:26:47,071|INFO|random_mc2_n5_mid3_d1000_05_mr098_r10_174_uai_GDCC_1e-09_n200_roTrue_s0: PNS(V1,V3) exact: (0.497273609538846, 0.62213966937114)
2026-02-02 16:26:47,064|INFO|random_mc2_n5_mid3_d1000_05_mr098_r10_110_uai_GDCC_1e-09_n200_roTrue_s0: Loading data from ../models/synthetic/s123/random_mc2_n5_mid3_d1000_05_mr098_r10_110.csv
2026-02-02 16:26:47,072|INFO|random_mc2_n6_mid3_d1000_05_mr098_r10_139_uai_GDCC_1e-09_n200_roTrue_s0: Loading data from ../models/synthetic/s123/random_mc2_n6_mid3_d1000_05_mr098_r10_139.csv
2026-02-02 16:26:47,082|INFO|random_mc2_n6_mid3_d1000_05_mr098_r10_139_uai_GDCC_1e-09_n200_roTrue_s0: PNS(V0,V4) exact: (0.00014340000000000004, 0.0143472)
2026-02-02 16:26:47,072|INFO|random_mc2_n5_mid3_d1000_05_mr098_r10_171_uai_GDCC_1e-09_n200_roFalse_s0: Loading data from ../models/synthetic/s123/random_mc2_n5_mid3_d1000_05_mr098_r10_171.csv
2026-02-02 16:26:47,081|INFO|random_mc2_n5_mid3_d1000_05_mr098_r10_171_uai_GDCC_1e-09_n200_roFalse_s0: PNS(V1,V3) exact: (0.1863474158, 0.2259063265)
2026-02-02 16:26:47,098|INFO|random_mc2_n6_mid3_d1000_05_mr098_r10_115_uai_GDCC_1e-09_n200_roFalse_s0: Loading data from ../models/synthetic/s123/random_mc2_n6_mid3_d1000_05_mr098_r10_115.csv
2026-02-02 16:26:47,134|INFO|random_mc2_n7_mid3_d1000_05_mr098_r10_123_uai_GDCC_1e-09_n200_roFalse_s0: Loading model from ../models/synthetic/s123/random_mc2_n7_mid3_d1000_05_mr098_r10_123.uai
2026-02-02 16:26:47,136|INFO|random_mc2_n7_mid3_d1000_05_mr098_r10_65_uai_GDCC_1e-09_n200_roFalse_s0: Loading model from ../models/synthetic/s123/random_mc2_n7_mid3_d1000_05_mr098_r10_65.uai
2026-02-02 16:26:47,143|INFO|random_mc2_n5_mid3_d1000_05_mr098_r10_27_uai_GDCC_1e-09_n200_roFalse_s0: Loading model from ../models/synthetic/s123/random_mc2_n5_mid3_d1000_05_mr098_r10_27.uai
2026-02-02 16:26:47,158|INFO|random_mc2_n5_mid3_d1000_05_mr098_r10_86_uai_GDCC_1e-09_n200_roTrue_s0: Loading model from ../models/synthetic/s123/random_mc2_n5_mid3_d1000_05_mr098_r10_86.uai
2026-02-02 16:26:47,161|INFO|random_mc2_n9_mid3_d1000_05_mr098_r10_121_uai_GDCC_1e-09_n200_roTrue_s0: Loading model from ../models/synthetic/s123/random_mc2_n9_mid3_d1000_05_mr098_r10_121.uai
2026-02-02 16:26:47,145|INFO|random_mc2_n7_mid3_d1000_05_mr098_r10_123_uai_GDCC_1e-09_n200_roFalse_s0: Loading data from ../models/synthetic/s123/random_mc2_n7_mid3_d1000_05_mr098_r10_123.csv
2026-02-02 16:26:47,155|INFO|random_mc2_n7_mid3_d1000_05_mr098_r10_123_uai_GDCC_1e-09_n200_roFalse_s0: PNS(V0,V6) exact: (0.0106816021871762, 0.1499524833352205)
2026-02-02 16:26:47,147|INFO|random_mc2_n7_mid3_d1000_05_mr098_r10_65_uai_GDCC_1e-09_n200_roFalse_s0: Loading data from ../models/synthetic/s123/random_mc2_n7_mid3_d1000_05_mr098_r10_65.csv
2026-02-02 16:26:47,158|INFO|random_mc2_n7_mid3_d1000_05_mr098_r10_65_uai_GDCC_1e-09_n200_roFalse_s0: PNS(V1,V0) exact: (0.1520312774315468, 0.2103249985205253)
2026-02-02 16:26:47,153|INFO|random_mc2_n5_mid3_d1000_05_mr098_r10_27_uai_GDCC_1e-09_n200_roFalse_s0: Loading data from ../models/synthetic/s123/random_mc2_n5_mid3_d1000_05_mr098_r10_27.csv
2026-02-02 16:26:47,163|INFO|random_mc2_n5_mid3_d1000_05_mr098_r10_27_uai_GDCC_1e-09_n200_roFalse_s0: PNS(V4,V3) exact: (0.072092966, 0.40936737)
2026-02-02 16:26:47,163|INFO|random_mc2_n5_mid3_d1000_05_mr098_r10_86_uai_GDCC_1e-09_n200_roTrue_s0: Loading data from ../models/synthetic/s123/random_mc2_n5_mid3_d1000_05_mr098_r10_86.csv
2026-02-02 16:26:47,173|INFO|random_mc2_n5_mid3_d1000_05_mr098_r10_86_uai_GDCC_1e-09_n200_roTrue_s0: PNS(V3,V4) exact: (0.104073125, 0.2262469198)
2026-02-02 16:26:47,171|INFO|random_mc2_n9_mid3_d1000_05_mr098_r10_121_uai_GDCC_1e-09_n200_roTrue_s0: Loading data from ../models/synthetic/s123/random_mc2_n9_mid3_d1000_05_mr098_r10_121.csv
2026-02-02 16:26:47,271|INFO|random_mc2_n7_mid3_d1000_05_mr098_r10_28_uai_GDCC_1e-09_n200_roFalse_s0: Loading model from ../models/synthetic/s123/random_mc2_n7_mid3_d1000_05_mr098_r10_28.uai
2026-02-02 16:26:47,272|INFO|random_mc2_n6_mid3_d1000_05_mr098_r10_88_uai_GDCC_1e-09_n200_roTrue_s0: Loading model from ../models/synthetic/s123/random_mc2_n6_mid3_d1000_05_mr098_r10_88.uai
2026-02-02 16:26:47,290|INFO|random_mc2_n7_mid3_d1000_05_mr098_r10_28_uai_GDCC_1e-09_n200_roFalse_s0: Loading data from ../models/synthetic/s123/random_mc2_n7_mid3_d1000_05_mr098_r10_28.csv
2026-02-02 16:26:47,286|INFO|random_mc2_n6_mid3_d1000_05_mr098_r10_88_uai_GDCC_1e-09_n200_roTrue_s0: Loading data from ../models/synthetic/s123/random_mc2_n6_mid3_d1000_05_mr098_r10_88.csv
2026-02-02 16:26:52,677|INFO|random_mc2_n5_mid3_d1000_05_mr098_r10_55_uai_GDCC_1e-09_n200_roTrue_s0: Loading model from ../models/synthetic/s123/random_mc2_n5_mid3_d1000_05_mr098_r10_55.uai
2026-02-02 16:26:52,683|INFO|random_mc2_n5_mid3_d1000_05_mr098_r10_55_uai_GDCC_1e-09_n200_roTrue_s0: Loading data from ../models/synthetic/s123/random_mc2_n5_mid3_d1000_05_mr098_r10_55.csv
2026-02-02 16:26:52,693|INFO|random_mc2_n5_mid3_d1000_05_mr098_r10_55_uai_GDCC_1e-09_n200_roTrue_s0: PNS(V2,V3) exact: (0.2402970184, 0.3589271115)
2026-02-02 16:26:57,623|INFO|random_mc2_n8_mid3_d1000_05_mr098_r10_188_uai_GDCC_1e-09_n200_roFalse_s0: Loading model from ../models/synthetic/s123/random_mc2_n8_mid3_d1000_05_mr098_r10_188.uai
2026-02-02 16:26:57,636|INFO|random_mc2_n8_mid3_d1000_05_mr098_r10_188_uai_GDCC_1e-09_n200_roFalse_s0: Loading data from ../models/synthetic/s123/random_mc2_n8_mid3_d1000_05_mr098_r10_188.csv
2026-02-02 16:26:58,568|INFO|random_mc2_n6_mid3_d1000_05_mr098_r10_19_uai_GDCC_1e-09_n200_roFalse_s0: Loading model from ../models/synthetic/s123/random_mc2_n6_mid3_d1000_05_mr098_r10_19.uai
2026-02-02 16:26:58,620|INFO|random_mc2_n6_mid3_d1000_05_mr098_r10_24_uai_GDCC_1e-09_n200_roFalse_s0: Loading model from ../models/synthetic/s123/random_mc2_n6_mid3_d1000_05_mr098_r10_24.uai
2026-02-02 16:26:58,634|INFO|random_mc2_n6_mid3_d1000_05_mr098_r10_24_uai_GDCC_1e-09_n200_roFalse_s0: Loading data from ../models/synthetic/s123/random_mc2_n6_mid3_d1000_05_mr098_r10_24.csv
2026-02-02 16:26:58,752|INFO|random_mc2_n5_mid3_d1000_05_mr098_r10_192_uai_GDCC_1e-09_n200_roFalse_s0: Loading model from ../models/synthetic/s123/random_mc2_n5_mid3_d1000_05_mr098_r10_192.uai
2026-02-02 16:26:58,758|INFO|random_mc2_n5_mid3_d1000_05_mr098_r10_192_uai_GDCC_1e-09_n200_roFalse_s0: Loading data from ../models/synthetic/s123/random_mc2_n5_mid3_d1000_05_mr098_r10_192.csv
2026-02-02 16:26:58,767|INFO|random_mc2_n5_mid3_d1000_05_mr098_r10_192_uai_GDCC_1e-09_n200_roFalse_s0: PNS(V0,V2) exact: (0.019158534066672, 0.243463236618182)
2026-02-02 16:26:58,796|INFO|random_mc2_n6_mid3_d1000_05_mr098_r10_19_uai_GDCC_1e-09_n200_roFalse_s0: Loading data from ../models/synthetic/s123/random_mc2_n6_mid3_d1000_05_mr098_r10_19.csv
2026-02-02 16:26:58,849|INFO|random_mc2_n5_mid3_d1000_05_mr098_r10_166_uai_GDCC_1e-09_n200_roFalse_s0: Loading model from ../models/synthetic/s123/random_mc2_n5_mid3_d1000_05_mr098_r10_166.uai
2026-02-02 16:26:58,869|INFO|random_mc2_n6_mid3_d1000_05_mr098_r10_96_uai_GDCC_1e-09_n200_roTrue_s0: Loading model from ../models/synthetic/s123/random_mc2_n6_mid3_d1000_05_mr098_r10_96.uai
2026-02-02 16:26:58,865|INFO|random_mc2_n5_mid3_d1000_05_mr098_r10_166_uai_GDCC_1e-09_n200_roFalse_s0: Loading data from ../models/synthetic/s123/random_mc2_n5_mid3_d1000_05_mr098_r10_166.csv
2026-02-02 16:26:58,876|INFO|random_mc2_n6_mid3_d1000_05_mr098_r10_96_uai_GDCC_1e-09_n200_roTrue_s0: Loading data from ../models/synthetic/s123/random_mc2_n6_mid3_d1000_05_mr098_r10_96.csv
2026-02-02 16:26:58,886|INFO|random_mc2_n6_mid3_d1000_05_mr098_r10_96_uai_GDCC_1e-09_n200_roTrue_s0: PNS(V4,V3) exact: (0.55047, 0.55047)
2026-02-02 16:26:58,923|INFO|random_mc2_n8_mid3_d1000_05_mr098_r10_174_uai_GDCC_1e-09_n200_roTrue_s0: Loading model from ../models/synthetic/s123/random_mc2_n8_mid3_d1000_05_mr098_r10_174.uai
2026-02-02 16:26:58,935|INFO|random_mc2_n7_mid3_d1000_05_mr098_r10_19_uai_GDCC_1e-09_n200_roFalse_s0: Loading model from ../models/synthetic/s123/random_mc2_n7_mid3_d1000_05_mr098_r10_19.uai
2026-02-02 16:26:58,948|INFO|random_mc2_n7_mid3_d1000_05_mr098_r10_29_uai_GDCC_1e-09_n200_roTrue_s0: Loading model from ../models/synthetic/s123/random_mc2_n7_mid3_d1000_05_mr098_r10_29.uai
2026-02-02 16:26:58,947|INFO|random_mc2_n7_mid3_d1000_05_mr098_r10_19_uai_GDCC_1e-09_n200_roFalse_s0: Loading data from ../models/synthetic/s123/random_mc2_n7_mid3_d1000_05_mr098_r10_19.csv
2026-02-02 16:26:58,964|INFO|random_mc2_n7_mid3_d1000_05_mr098_r10_29_uai_GDCC_1e-09_n200_roTrue_s0: Loading data from ../models/synthetic/s123/random_mc2_n7_mid3_d1000_05_mr098_r10_29.csv
2026-02-02 16:26:58,999|INFO|random_mc2_n5_mid3_d1000_05_mr098_r10_34_uai_GDCC_1e-09_n200_roFalse_s0: Loading model from ../models/synthetic/s123/random_mc2_n5_mid3_d1000_05_mr098_r10_34.uai
2026-02-02 16:26:59,027|INFO|random_mc2_n6_mid3_d1000_05_mr098_r10_1_uai_GDCC_1e-09_n200_roTrue_s0: Loading model from ../models/synthetic/s123/random_mc2_n6_mid3_d1000_05_mr098_r10_1.uai
2026-02-02 16:26:59,005|INFO|random_mc2_n5_mid3_d1000_05_mr098_r10_34_uai_GDCC_1e-09_n200_roFalse_s0: Loading data from ../models/synthetic/s123/random_mc2_n5_mid3_d1000_05_mr098_r10_34.csv
2026-02-02 16:26:59,015|INFO|random_mc2_n5_mid3_d1000_05_mr098_r10_34_uai_GDCC_1e-09_n200_roFalse_s0: PNS(V0,V3) exact: (0.41137714, 0.41137714)
2026-02-02 16:26:59,058|INFO|random_mc2_n8_mid3_d1000_05_mr098_r10_152_uai_GDCC_1e-09_n200_roFalse_s0: Loading model from ../models/synthetic/s123/random_mc2_n8_mid3_d1000_05_mr098_r10_152.uai
2026-02-02 16:26:59,046|INFO|random_mc2_n6_mid3_d1000_05_mr098_r10_1_uai_GDCC_1e-09_n200_roTrue_s0: Loading data from ../models/synthetic/s123/random_mc2_n6_mid3_d1000_05_mr098_r10_1.csv
2026-02-02 16:26:59,057|INFO|random_mc2_n6_mid3_d1000_05_mr098_r10_1_uai_GDCC_1e-09_n200_roTrue_s0: PNS(V1,V5) exact: (0.4916268825, 0.6244381053000002)
2026-02-02 16:26:59,073|INFO|random_mc2_n8_mid3_d1000_05_mr098_r10_152_uai_GDCC_1e-09_n200_roFalse_s0: Loading data from ../models/synthetic/s123/random_mc2_n8_mid3_d1000_05_mr098_r10_152.csv
2026-02-02 16:26:59,196|INFO|random_mc2_n5_mid3_d1000_05_mr098_r10_2_uai_GDCC_1e-09_n200_roFalse_s0: Loading model from ../models/synthetic/s123/random_mc2_n5_mid3_d1000_05_mr098_r10_2.uai
2026-02-02 16:26:59,225|INFO|random_mc2_n8_mid3_d1000_05_mr098_r10_174_uai_GDCC_1e-09_n200_roTrue_s0: Loading data from ../models/synthetic/s123/random_mc2_n8_mid3_d1000_05_mr098_r10_174.csv
2026-02-02 16:26:59,201|INFO|random_mc2_n5_mid3_d1000_05_mr098_r10_2_uai_GDCC_1e-09_n200_roFalse_s0: Loading data from ../models/synthetic/s123/random_mc2_n5_mid3_d1000_05_mr098_r10_2.csv
2026-02-02 16:26:59,212|INFO|random_mc2_n5_mid3_d1000_05_mr098_r10_2_uai_GDCC_1e-09_n200_roFalse_s0: PNS(V1,V2) exact: (0.0, 0.0)
2026-02-02 16:26:59,212|ERROR|random_mc2_n5_mid3_d1000_05_mr098_r10_2_uai_GDCC_1e-09_n200_roFalse_s0: Model does not have any cause-effect path.
2026-02-02 16:26:59,265|INFO|random_mc2_n5_mid3_d1000_05_mr098_r10_56_uai_GDCC_1e-09_n200_roFalse_s0: Loading model from ../models/synthetic/s123/random_mc2_n5_mid3_d1000_05_mr098_r10_56.uai
2026-02-02 16:26:59,273|INFO|random_mc2_n5_mid3_d1000_05_mr098_r10_56_uai_GDCC_1e-09_n200_roFalse_s0: Loading data from ../models/synthetic/s123/random_mc2_n5_mid3_d1000_05_mr098_r10_56.csv
2026-02-02 16:26:59,282|INFO|random_mc2_n5_mid3_d1000_05_mr098_r10_56_uai_GDCC_1e-09_n200_roFalse_s0: PNS(V1,V4) exact: (0.0, 0.2134055570999999)
2026-02-02 16:26:59,848|INFO|random_mc2_n7_mid3_d1000_05_mr098_r10_39_uai_GDCC_1e-09_n200_roTrue_s0: Loading model from ../models/synthetic/s123/random_mc2_n7_mid3_d1000_05_mr098_r10_39.uai
2026-02-02 16:26:59,864|INFO|random_mc2_n5_mid3_d1000_05_mr098_r10_187_uai_GDCC_1e-09_n200_roTrue_s0: Loading model from ../models/synthetic/s123/random_mc2_n5_mid3_d1000_05_mr098_r10_187.uai
2026-02-02 16:26:59,862|INFO|random_mc2_n7_mid3_d1000_05_mr098_r10_39_uai_GDCC_1e-09_n200_roTrue_s0: Loading data from ../models/synthetic/s123/random_mc2_n7_mid3_d1000_05_mr098_r10_39.csv
2026-02-02 16:26:59,879|INFO|random_mc2_n7_mid3_d1000_05_mr098_r10_39_uai_GDCC_1e-09_n200_roTrue_s0: PNS(V3,V5) exact: (0.0, 0.338230713)
2026-02-02 16:26:59,886|INFO|random_mc2_n5_mid3_d1000_05_mr098_r10_187_uai_GDCC_1e-09_n200_roTrue_s0: Loading data from ../models/synthetic/s123/random_mc2_n5_mid3_d1000_05_mr098_r10_187.csv
2026-02-02 16:27:00,948|INFO|random_mc2_n5_mid3_d1000_05_mr098_r10_175_uai_GDCC_1e-09_n200_roFalse_s0: Loading model from ../models/synthetic/s123/random_mc2_n5_mid3_d1000_05_mr098_r10_175.uai
2026-02-02 16:27:00,950|INFO|random_mc2_n9_mid3_d1000_05_mr098_r10_20_uai_GDCC_1e-09_n200_roTrue_s0: Loading model from ../models/synthetic/s123/random_mc2_n9_mid3_d1000_05_mr098_r10_20.uai
2026-02-02 16:27:00,952|INFO|random_mc2_n5_mid3_d1000_05_mr098_r10_127_uai_GDCC_1e-09_n200_roFalse_s0: Loading model from ../models/synthetic/s123/random_mc2_n5_mid3_d1000_05_mr098_r10_127.uai
2026-02-02 16:27:00,965|INFO|random_mc2_n5_mid3_d1000_05_mr098_r10_89_uai_GDCC_1e-09_n200_roFalse_s0: Loading model from ../models/synthetic/s123/random_mc2_n5_mid3_d1000_05_mr098_r10_89.uai
2026-02-02 16:27:00,962|INFO|random_mc2_n5_mid3_d1000_05_mr098_r10_175_uai_GDCC_1e-09_n200_roFalse_s0: Loading data from ../models/synthetic/s123/random_mc2_n5_mid3_d1000_05_mr098_r10_175.csv
2026-02-02 16:27:00,976|INFO|random_mc2_n5_mid3_d1000_05_mr098_r10_175_uai_GDCC_1e-09_n200_roFalse_s0: PNS(V1,V3) exact: (0.1001090864, 0.4819853936000001)
2026-02-02 16:27:00,971|INFO|random_mc2_n5_mid3_d1000_05_mr098_r10_127_uai_GDCC_1e-09_n200_roFalse_s0: Loading data from ../models/synthetic/s123/random_mc2_n5_mid3_d1000_05_mr098_r10_127.csv
2026-02-02 16:27:00,992|INFO|random_mc2_n5_mid3_d1000_05_mr098_r10_58_uai_GDCC_1e-09_n200_roFalse_s0: Loading model from ../models/synthetic/s123/random_mc2_n5_mid3_d1000_05_mr098_r10_58.uai
2026-02-02 16:27:00,995|INFO|random_mc2_n9_mid3_d1000_05_mr098_r10_25_uai_GDCC_1e-09_n200_roFalse_s0: Loading model from ../models/synthetic/s123/random_mc2_n9_mid3_d1000_05_mr098_r10_25.uai
2026-02-02 16:27:00,972|INFO|random_mc2_n5_mid3_d1000_05_mr098_r10_89_uai_GDCC_1e-09_n200_roFalse_s0: Loading data from ../models/synthetic/s123/random_mc2_n5_mid3_d1000_05_mr098_r10_89.csv
2026-02-02 16:27:00,982|INFO|random_mc2_n5_mid3_d1000_05_mr098_r10_89_uai_GDCC_1e-09_n200_roFalse_s0: PNS(V1,V3) exact: (0.0, 0.1946041664)
2026-02-02 16:27:01,030|INFO|random_mc2_n9_mid3_d1000_05_mr098_r10_126_uai_GDCC_1e-09_n200_roTrue_s0: Loading model from ../models/synthetic/s123/random_mc2_n9_mid3_d1000_05_mr098_r10_126.uai
2026-02-02 16:27:01,003|INFO|random_mc2_n5_mid3_d1000_05_mr098_r10_58_uai_GDCC_1e-09_n200_roFalse_s0: Loading data from ../models/synthetic/s123/random_mc2_n5_mid3_d1000_05_mr098_r10_58.csv
2026-02-02 16:27:01,014|INFO|random_mc2_n5_mid3_d1000_05_mr098_r10_58_uai_GDCC_1e-09_n200_roFalse_s0: PNS(V1,V4) exact: (0.0036215301384, 0.042303308980416)
2026-02-02 16:27:01,066|INFO|random_mc2_n7_mid3_d1000_05_mr098_r10_96_uai_GDCC_1e-09_n200_roTrue_s0: Loading model from ../models/synthetic/s123/random_mc2_n7_mid3_d1000_05_mr098_r10_96.uai
2026-02-02 16:27:01,052|INFO|random_mc2_n9_mid3_d1000_05_mr098_r10_126_uai_GDCC_1e-09_n200_roTrue_s0: Loading data from ../models/synthetic/s123/random_mc2_n9_mid3_d1000_05_mr098_r10_126.csv
2026-02-02 16:27:01,070|INFO|random_mc2_n9_mid3_d1000_05_mr098_r10_200_uai_GDCC_1e-09_n200_roFalse_s0: Loading model from ../models/synthetic/s123/random_mc2_n9_mid3_d1000_05_mr098_r10_200.uai
2026-02-02 16:27:01,097|INFO|random_mc2_n8_mid3_d1000_05_mr098_r10_2_uai_GDCC_1e-09_n200_roFalse_s0: Loading model from ../models/synthetic/s123/random_mc2_n8_mid3_d1000_05_mr098_r10_2.uai
2026-02-02 16:27:01,104|INFO|random_mc2_n7_mid3_d1000_05_mr098_r10_42_uai_GDCC_1e-09_n200_roFalse_s0: Loading model from ../models/synthetic/s123/random_mc2_n7_mid3_d1000_05_mr098_r10_42.uai
2026-02-02 16:27:01,086|INFO|random_mc2_n7_mid3_d1000_05_mr098_r10_96_uai_GDCC_1e-09_n200_roTrue_s0: Loading data from ../models/synthetic/s123/random_mc2_n7_mid3_d1000_05_mr098_r10_96.csv
2026-02-02 16:27:01,082|INFO|random_mc2_n9_mid3_d1000_05_mr098_r10_200_uai_GDCC_1e-09_n200_roFalse_s0: Loading data from ../models/synthetic/s123/random_mc2_n9_mid3_d1000_05_mr098_r10_200.csv
2026-02-02 16:27:01,093|INFO|random_mc2_n9_mid3_d1000_05_mr098_r10_200_uai_GDCC_1e-09_n200_roFalse_s0: PNS(V3,V7) exact: (0.391618276478432, 0.4586153655851721)
2026-02-02 16:27:01,136|INFO|random_mc2_n7_mid3_d1000_05_mr098_r10_37_uai_GDCC_1e-09_n200_roFalse_s0: Loading model from ../models/synthetic/s123/random_mc2_n7_mid3_d1000_05_mr098_r10_37.uai
2026-02-02 16:27:01,115|INFO|random_mc2_n8_mid3_d1000_05_mr098_r10_2_uai_GDCC_1e-09_n200_roFalse_s0: Loading data from ../models/synthetic/s123/random_mc2_n8_mid3_d1000_05_mr098_r10_2.csv
2026-02-02 16:27:01,126|INFO|random_mc2_n8_mid3_d1000_05_mr098_r10_2_uai_GDCC_1e-09_n200_roFalse_s0: PNS(V1,V5) exact: (0.0, 0.0)
2026-02-02 16:27:01,127|ERROR|random_mc2_n8_mid3_d1000_05_mr098_r10_2_uai_GDCC_1e-09_n200_roFalse_s0: Model does not have any cause-effect path.
2026-02-02 16:27:01,115|INFO|random_mc2_n7_mid3_d1000_05_mr098_r10_42_uai_GDCC_1e-09_n200_roFalse_s0: Loading data from ../models/synthetic/s123/random_mc2_n7_mid3_d1000_05_mr098_r10_42.csv
2026-02-02 16:27:01,128|INFO|random_mc2_n7_mid3_d1000_05_mr098_r10_42_uai_GDCC_1e-09_n200_roFalse_s0: PNS(V0,V3) exact: (0.0, 0.0)
2026-02-02 16:27:01,128|ERROR|random_mc2_n7_mid3_d1000_05_mr098_r10_42_uai_GDCC_1e-09_n200_roFalse_s0: Model does not have any cause-effect path.
2026-02-02 16:27:01,165|INFO|random_mc2_n5_mid3_d1000_05_mr098_r10_38_uai_GDCC_1e-09_n200_roTrue_s0: Loading model from ../models/synthetic/s123/random_mc2_n5_mid3_d1000_05_mr098_r10_38.uai
2026-02-02 16:27:01,161|INFO|random_mc2_n7_mid3_d1000_05_mr098_r10_37_uai_GDCC_1e-09_n200_roFalse_s0: Loading data from ../models/synthetic/s123/random_mc2_n7_mid3_d1000_05_mr098_r10_37.csv
2026-02-02 16:27:01,172|INFO|random_mc2_n7_mid3_d1000_05_mr098_r10_37_uai_GDCC_1e-09_n200_roFalse_s0: PNS(V3,V2) exact: (0.0, 0.0282189836918879)
2026-02-02 16:27:01,190|INFO|random_mc2_n9_mid3_d1000_05_mr098_r10_20_uai_GDCC_1e-09_n200_roTrue_s0: Loading data from ../models/synthetic/s123/random_mc2_n9_mid3_d1000_05_mr098_r10_20.csv
2026-02-02 16:27:01,171|INFO|random_mc2_n5_mid3_d1000_05_mr098_r10_38_uai_GDCC_1e-09_n200_roTrue_s0: Loading data from ../models/synthetic/s123/random_mc2_n5_mid3_d1000_05_mr098_r10_38.csv
2026-02-02 16:27:01,182|INFO|random_mc2_n5_mid3_d1000_05_mr098_r10_38_uai_GDCC_1e-09_n200_roTrue_s0: PNS(V4,V3) exact: (0.71565, 0.7250800000000001)
2026-02-02 16:27:01,210|INFO|random_mc2_n9_mid3_d1000_05_mr098_r10_25_uai_GDCC_1e-09_n200_roFalse_s0: Loading data from ../models/synthetic/s123/random_mc2_n9_mid3_d1000_05_mr098_r10_25.csv
2026-02-02 16:27:02,909|INFO|random_mc2_n9_mid3_d1000_05_mr098_r10_91_uai_GDCC_1e-09_n200_roTrue_s0: Loading model from ../models/synthetic/s123/random_mc2_n9_mid3_d1000_05_mr098_r10_91.uai
2026-02-02 16:27:02,926|INFO|random_mc2_n9_mid3_d1000_05_mr098_r10_91_uai_GDCC_1e-09_n200_roTrue_s0: Loading data from ../models/synthetic/s123/random_mc2_n9_mid3_d1000_05_mr098_r10_91.csv
2026-02-02 16:27:02,936|INFO|random_mc2_n9_mid3_d1000_05_mr098_r10_91_uai_GDCC_1e-09_n200_roTrue_s0: PNS(V2,V3) exact: (0.8057637300690249, 0.8686928265038563)
2026-02-02 16:27:08,379|INFO|random_mc2_n5_mid3_d1000_05_mr098_r10_29_uai_GDCC_1e-09_n200_roTrue_s0: Loading model from ../models/synthetic/s123/random_mc2_n5_mid3_d1000_05_mr098_r10_29.uai
2026-02-02 16:27:08,388|INFO|random_mc2_n5_mid3_d1000_05_mr098_r10_29_uai_GDCC_1e-09_n200_roTrue_s0: Loading data from ../models/synthetic/s123/random_mc2_n5_mid3_d1000_05_mr098_r10_29.csv
2026-02-02 16:27:13,455|INFO|random_mc2_n8_mid3_d1000_05_mr098_r10_122_uai_GDCC_1e-09_n200_roFalse_s0: Loading model from ../models/synthetic/s123/random_mc2_n8_mid3_d1000_05_mr098_r10_122.uai
2026-02-02 16:27:13,457|INFO|random_mc2_n9_mid3_d1000_05_mr098_r10_184_uai_GDCC_1e-09_n200_roFalse_s0: Loading model from ../models/synthetic/s123/random_mc2_n9_mid3_d1000_05_mr098_r10_184.uai
2026-02-02 16:27:13,470|INFO|random_mc2_n6_mid3_d1000_05_mr098_r10_184_uai_GDCC_1e-09_n200_roTrue_s0: Loading model from ../models/synthetic/s123/random_mc2_n6_mid3_d1000_05_mr098_r10_184.uai
2026-02-02 16:27:13,465|INFO|random_mc2_n8_mid3_d1000_05_mr098_r10_122_uai_GDCC_1e-09_n200_roFalse_s0: Loading data from ../models/synthetic/s123/random_mc2_n8_mid3_d1000_05_mr098_r10_122.csv
2026-02-02 16:27:13,475|INFO|random_mc2_n9_mid3_d1000_05_mr098_r10_184_uai_GDCC_1e-09_n200_roFalse_s0: Loading data from ../models/synthetic/s123/random_mc2_n9_mid3_d1000_05_mr098_r10_184.csv
2026-02-02 16:27:13,500|INFO|random_mc2_n9_mid3_d1000_05_mr098_r10_166_uai_GDCC_1e-09_n200_roFalse_s0: Loading model from ../models/synthetic/s123/random_mc2_n9_mid3_d1000_05_mr098_r10_166.uai
2026-02-02 16:27:13,478|INFO|random_mc2_n6_mid3_d1000_05_mr098_r10_184_uai_GDCC_1e-09_n200_roTrue_s0: Loading data from ../models/synthetic/s123/random_mc2_n6_mid3_d1000_05_mr098_r10_184.csv
2026-02-02 16:27:13,490|INFO|random_mc2_n6_mid3_d1000_05_mr098_r10_184_uai_GDCC_1e-09_n200_roTrue_s0: PNS(V5,V4) exact: (0.0, 0.0008714266998319998)
2026-02-02 16:27:13,512|INFO|random_mc2_n6_mid3_d1000_05_mr098_r10_104_uai_GDCC_1e-09_n200_roTrue_s0: Loading model from ../models/synthetic/s123/random_mc2_n6_mid3_d1000_05_mr098_r10_104.uai
2026-02-02 16:27:13,515|INFO|random_mc2_n6_mid3_d1000_05_mr098_r10_12_uai_GDCC_1e-09_n200_roFalse_s0: Loading model from ../models/synthetic/s123/random_mc2_n6_mid3_d1000_05_mr098_r10_12.uai
2026-02-02 16:27:13,516|INFO|random_mc2_n5_mid3_d1000_05_mr098_r10_56_uai_GDCC_1e-09_n200_roTrue_s0: Loading model from ../models/synthetic/s123/random_mc2_n5_mid3_d1000_05_mr098_r10_56.uai
2026-02-02 16:27:13,525|INFO|random_mc2_n5_mid3_d1000_05_mr098_r10_181_uai_GDCC_1e-09_n200_roFalse_s0: Loading model from ../models/synthetic/s123/random_mc2_n5_mid3_d1000_05_mr098_r10_181.uai
2026-02-02 16:27:13,530|INFO|random_mc2_n6_mid3_d1000_05_mr098_r10_79_uai_GDCC_1e-09_n200_roTrue_s0: Loading model from ../models/synthetic/s123/random_mc2_n6_mid3_d1000_05_mr098_r10_79.uai
2026-02-02 16:27:13,532|INFO|random_mc2_n6_mid3_d1000_05_mr098_r10_101_uai_GDCC_1e-09_n200_roTrue_s0: Loading model from ../models/synthetic/s123/random_mc2_n6_mid3_d1000_05_mr098_r10_101.uai
2026-02-02 16:27:13,523|INFO|random_mc2_n9_mid3_d1000_05_mr098_r10_166_uai_GDCC_1e-09_n200_roFalse_s0: Loading data from ../models/synthetic/s123/random_mc2_n9_mid3_d1000_05_mr098_r10_166.csv
2026-02-02 16:27:13,539|INFO|random_mc2_n6_mid3_d1000_05_mr098_r10_104_uai_GDCC_1e-09_n200_roTrue_s0: Loading data from ../models/synthetic/s123/random_mc2_n6_mid3_d1000_05_mr098_r10_104.csv
2026-02-02 16:27:13,526|INFO|random_mc2_n6_mid3_d1000_05_mr098_r10_12_uai_GDCC_1e-09_n200_roFalse_s0: Loading data from ../models/synthetic/s123/random_mc2_n6_mid3_d1000_05_mr098_r10_12.csv
2026-02-02 16:27:13,525|INFO|random_mc2_n5_mid3_d1000_05_mr098_r10_56_uai_GDCC_1e-09_n200_roTrue_s0: Loading data from ../models/synthetic/s123/random_mc2_n5_mid3_d1000_05_mr098_r10_56.csv
2026-02-02 16:27:13,534|INFO|random_mc2_n5_mid3_d1000_05_mr098_r10_56_uai_GDCC_1e-09_n200_roTrue_s0: PNS(V1,V4) exact: (0.0, 0.2134055570999999)
2026-02-02 16:27:13,541|INFO|random_mc2_n5_mid3_d1000_05_mr098_r10_181_uai_GDCC_1e-09_n200_roFalse_s0: Loading data from ../models/synthetic/s123/random_mc2_n5_mid3_d1000_05_mr098_r10_181.csv
2026-02-02 16:27:13,536|INFO|random_mc2_n6_mid3_d1000_05_mr098_r10_79_uai_GDCC_1e-09_n200_roTrue_s0: Loading data from ../models/synthetic/s123/random_mc2_n6_mid3_d1000_05_mr098_r10_79.csv
2026-02-02 16:27:13,547|INFO|random_mc2_n6_mid3_d1000_05_mr098_r10_79_uai_GDCC_1e-09_n200_roTrue_s0: PNS(V3,V5) exact: (0.3677803281, 0.4747158748)
2026-02-02 16:27:13,542|INFO|random_mc2_n6_mid3_d1000_05_mr098_r10_101_uai_GDCC_1e-09_n200_roTrue_s0: Loading data from ../models/synthetic/s123/random_mc2_n6_mid3_d1000_05_mr098_r10_101.csv
2026-02-02 16:27:13,621|INFO|random_mc2_n6_mid3_d1000_05_mr098_r10_40_uai_GDCC_1e-09_n200_roTrue_s0: Loading model from ../models/synthetic/s123/random_mc2_n6_mid3_d1000_05_mr098_r10_40.uai
2026-02-02 16:27:13,627|INFO|random_mc2_n6_mid3_d1000_05_mr098_r10_112_uai_GDCC_1e-09_n200_roFalse_s0: Loading model from ../models/synthetic/s123/random_mc2_n6_mid3_d1000_05_mr098_r10_112.uai
2026-02-02 16:27:13,647|INFO|random_mc2_n6_mid3_d1000_05_mr098_r10_127_uai_GDCC_1e-09_n200_roFalse_s0: Loading model from ../models/synthetic/s123/random_mc2_n6_mid3_d1000_05_mr098_r10_127.uai
2026-02-02 16:27:13,627|INFO|random_mc2_n6_mid3_d1000_05_mr098_r10_40_uai_GDCC_1e-09_n200_roTrue_s0: Loading data from ../models/synthetic/s123/random_mc2_n6_mid3_d1000_05_mr098_r10_40.csv
2026-02-02 16:27:13,636|INFO|random_mc2_n6_mid3_d1000_05_mr098_r10_40_uai_GDCC_1e-09_n200_roTrue_s0: PNS(V1,V5) exact: (0.0, 0.0896543509)
2026-02-02 16:27:13,637|INFO|random_mc2_n6_mid3_d1000_05_mr098_r10_112_uai_GDCC_1e-09_n200_roFalse_s0: Loading data from ../models/synthetic/s123/random_mc2_n6_mid3_d1000_05_mr098_r10_112.csv
2026-02-02 16:27:13,672|INFO|random_mc2_n6_mid3_d1000_05_mr098_r10_13_uai_GDCC_1e-09_n200_roTrue_s0: Loading model from ../models/synthetic/s123/random_mc2_n6_mid3_d1000_05_mr098_r10_13.uai
2026-02-02 16:27:13,653|INFO|random_mc2_n6_mid3_d1000_05_mr098_r10_127_uai_GDCC_1e-09_n200_roFalse_s0: Loading data from ../models/synthetic/s123/random_mc2_n6_mid3_d1000_05_mr098_r10_127.csv
2026-02-02 16:27:13,687|INFO|random_mc2_n5_mid3_d1000_05_mr098_r10_67_uai_GDCC_1e-09_n200_roTrue_s0: Loading model from ../models/synthetic/s123/random_mc2_n5_mid3_d1000_05_mr098_r10_67.uai
2026-02-02 16:27:13,680|INFO|random_mc2_n6_mid3_d1000_05_mr098_r10_13_uai_GDCC_1e-09_n200_roTrue_s0: Loading data from ../models/synthetic/s123/random_mc2_n6_mid3_d1000_05_mr098_r10_13.csv
2026-02-02 16:27:13,691|INFO|random_mc2_n5_mid3_d1000_05_mr098_r10_67_uai_GDCC_1e-09_n200_roTrue_s0: Loading data from ../models/synthetic/s123/random_mc2_n5_mid3_d1000_05_mr098_r10_67.csv
2026-02-02 16:27:14,200|INFO|random_mc2_n6_mid3_d1000_05_mr098_r10_144_uai_GDCC_1e-09_n200_roTrue_s0: Loading model from ../models/synthetic/s123/random_mc2_n6_mid3_d1000_05_mr098_r10_144.uai
2026-02-02 16:27:14,209|INFO|random_mc2_n6_mid3_d1000_05_mr098_r10_144_uai_GDCC_1e-09_n200_roTrue_s0: Loading data from ../models/synthetic/s123/random_mc2_n6_mid3_d1000_05_mr098_r10_144.csv
2026-02-02 16:27:14,217|INFO|random_mc2_n6_mid3_d1000_05_mr098_r10_144_uai_GDCC_1e-09_n200_roTrue_s0: PNS(V1,V4) exact: (0.0105806483115999, 0.0362963028616)
2026-02-02 16:27:14,559|INFO|random_mc2_n7_mid3_d1000_05_mr098_r10_159_uai_GDCC_1e-09_n200_roTrue_s0: Loading model from ../models/synthetic/s123/random_mc2_n7_mid3_d1000_05_mr098_r10_159.uai
2026-02-02 16:27:14,585|INFO|random_mc2_n5_mid3_d1000_05_mr098_r10_49_uai_GDCC_1e-09_n200_roFalse_s0: Loading model from ../models/synthetic/s123/random_mc2_n5_mid3_d1000_05_mr098_r10_49.uai
2026-02-02 16:27:14,596|INFO|random_mc2_n5_mid3_d1000_05_mr098_r10_24_uai_GDCC_1e-09_n200_roTrue_s0: Loading model from ../models/synthetic/s123/random_mc2_n5_mid3_d1000_05_mr098_r10_24.uai
2026-02-02 16:27:14,572|INFO|random_mc2_n7_mid3_d1000_05_mr098_r10_159_uai_GDCC_1e-09_n200_roTrue_s0: Loading data from ../models/synthetic/s123/random_mc2_n7_mid3_d1000_05_mr098_r10_159.csv
2026-02-02 16:27:14,599|INFO|random_mc2_n7_mid3_d1000_05_mr098_r10_127_uai_GDCC_1e-09_n200_roFalse_s0: Loading model from ../models/synthetic/s123/random_mc2_n7_mid3_d1000_05_mr098_r10_127.uai
2026-02-02 16:27:14,608|INFO|random_mc2_n5_mid3_d1000_05_mr098_r10_99_uai_GDCC_1e-09_n200_roFalse_s0: Loading model from ../models/synthetic/s123/random_mc2_n5_mid3_d1000_05_mr098_r10_99.uai
2026-02-02 16:27:14,590|INFO|random_mc2_n5_mid3_d1000_05_mr098_r10_49_uai_GDCC_1e-09_n200_roFalse_s0: Loading data from ../models/synthetic/s123/random_mc2_n5_mid3_d1000_05_mr098_r10_49.csv
2026-02-02 16:27:14,605|INFO|random_mc2_n5_mid3_d1000_05_mr098_r10_24_uai_GDCC_1e-09_n200_roTrue_s0: Loading data from ../models/synthetic/s123/random_mc2_n5_mid3_d1000_05_mr098_r10_24.csv
2026-02-02 16:27:14,615|INFO|random_mc2_n5_mid3_d1000_05_mr098_r10_24_uai_GDCC_1e-09_n200_roTrue_s0: PNS(V4,V0) exact: (0.0, 0.003928219827024)
2026-02-02 16:27:14,610|INFO|random_mc2_n7_mid3_d1000_05_mr098_r10_127_uai_GDCC_1e-09_n200_roFalse_s0: Loading data from ../models/synthetic/s123/random_mc2_n7_mid3_d1000_05_mr098_r10_127.csv
2026-02-02 16:27:14,619|INFO|random_mc2_n7_mid3_d1000_05_mr098_r10_127_uai_GDCC_1e-09_n200_roFalse_s0: PNS(V4,V5) exact: (0.2021747419002779, 0.288697593484274)
2026-02-02 16:27:14,613|INFO|random_mc2_n5_mid3_d1000_05_mr098_r10_99_uai_GDCC_1e-09_n200_roFalse_s0: Loading data from ../models/synthetic/s123/random_mc2_n5_mid3_d1000_05_mr098_r10_99.csv
2026-02-02 16:27:14,621|INFO|random_mc2_n5_mid3_d1000_05_mr098_r10_99_uai_GDCC_1e-09_n200_roFalse_s0: PNS(V0,V4) exact: (0.0, 0.09976)
2026-02-02 16:27:14,677|INFO|random_mc2_n5_mid3_d1000_05_mr098_r10_60_uai_GDCC_1e-09_n200_roFalse_s0: Loading model from ../models/synthetic/s123/random_mc2_n5_mid3_d1000_05_mr098_r10_60.uai
2026-02-02 16:27:14,696|INFO|random_mc2_n5_mid3_d1000_05_mr098_r10_173_uai_GDCC_1e-09_n200_roFalse_s0: Loading model from ../models/synthetic/s123/random_mc2_n5_mid3_d1000_05_mr098_r10_173.uai
2026-02-02 16:27:14,699|INFO|random_mc2_n8_mid3_d1000_05_mr098_r10_191_uai_GDCC_1e-09_n200_roTrue_s0: Loading model from ../models/synthetic/s123/random_mc2_n8_mid3_d1000_05_mr098_r10_191.uai
2026-02-02 16:27:14,710|INFO|random_mc2_n5_mid3_d1000_05_mr098_r10_182_uai_GDCC_1e-09_n200_roTrue_s0: Loading model from ../models/synthetic/s123/random_mc2_n5_mid3_d1000_05_mr098_r10_182.uai
2026-02-02 16:27:14,712|INFO|random_mc2_n5_mid3_d1000_05_mr098_r10_46_uai_GDCC_1e-09_n200_roFalse_s0: Loading model from ../models/synthetic/s123/random_mc2_n5_mid3_d1000_05_mr098_r10_46.uai
2026-02-02 16:27:14,687|INFO|random_mc2_n5_mid3_d1000_05_mr098_r10_60_uai_GDCC_1e-09_n200_roFalse_s0: Loading data from ../models/synthetic/s123/random_mc2_n5_mid3_d1000_05_mr098_r10_60.csv
2026-02-02 16:27:14,722|INFO|random_mc2_n8_mid3_d1000_05_mr098_r10_160_uai_GDCC_1e-09_n200_roTrue_s0: Loading model from ../models/synthetic/s123/random_mc2_n8_mid3_d1000_05_mr098_r10_160.uai
2026-02-02 16:27:14,703|INFO|random_mc2_n5_mid3_d1000_05_mr098_r10_173_uai_GDCC_1e-09_n200_roFalse_s0: Loading data from ../models/synthetic/s123/random_mc2_n5_mid3_d1000_05_mr098_r10_173.csv
2026-02-02 16:27:14,715|INFO|random_mc2_n5_mid3_d1000_05_mr098_r10_173_uai_GDCC_1e-09_n200_roFalse_s0: PNS(V1,V2) exact: (0.1236554301, 0.4222693768)
2026-02-02 16:27:14,724|INFO|random_mc2_n8_mid3_d1000_05_mr098_r10_191_uai_GDCC_1e-09_n200_roTrue_s0: Loading data from ../models/synthetic/s123/random_mc2_n8_mid3_d1000_05_mr098_r10_191.csv
2026-02-02 16:27:14,734|INFO|random_mc2_n8_mid3_d1000_05_mr098_r10_191_uai_GDCC_1e-09_n200_roTrue_s0: PNS(V0,V7) exact: (0.2271504888, 0.2985032774)
2026-02-02 16:27:14,716|INFO|random_mc2_n5_mid3_d1000_05_mr098_r10_182_uai_GDCC_1e-09_n200_roTrue_s0: Loading data from ../models/synthetic/s123/random_mc2_n5_mid3_d1000_05_mr098_r10_182.csv
2026-02-02 16:27:14,722|INFO|random_mc2_n5_mid3_d1000_05_mr098_r10_46_uai_GDCC_1e-09_n200_roFalse_s0: Loading data from ../models/synthetic/s123/random_mc2_n5_mid3_d1000_05_mr098_r10_46.csv
2026-02-02 16:27:14,731|INFO|random_mc2_n5_mid3_d1000_05_mr098_r10_46_uai_GDCC_1e-09_n200_roFalse_s0: PNS(V0,V4) exact: (0.6100050528559042, 0.6100050528559042)
2026-02-02 16:27:14,744|INFO|random_mc2_n8_mid3_d1000_05_mr098_r10_160_uai_GDCC_1e-09_n200_roTrue_s0: Loading data from ../models/synthetic/s123/random_mc2_n8_mid3_d1000_05_mr098_r10_160.csv
2026-02-02 16:27:14,806|INFO|random_mc2_n6_mid3_d1000_05_mr098_r10_42_uai_GDCC_1e-09_n200_roTrue_s0: Loading model from ../models/synthetic/s123/random_mc2_n6_mid3_d1000_05_mr098_r10_42.uai
2026-02-02 16:27:14,811|INFO|random_mc2_n8_mid3_d1000_05_mr098_r10_188_uai_GDCC_1e-09_n200_roTrue_s0: Loading model from ../models/synthetic/s123/random_mc2_n8_mid3_d1000_05_mr098_r10_188.uai
2026-02-02 16:27:14,814|INFO|random_mc2_n6_mid3_d1000_05_mr098_r10_42_uai_GDCC_1e-09_n200_roTrue_s0: Loading data from ../models/synthetic/s123/random_mc2_n6_mid3_d1000_05_mr098_r10_42.csv
2026-02-02 16:27:14,826|INFO|random_mc2_n6_mid3_d1000_05_mr098_r10_42_uai_GDCC_1e-09_n200_roTrue_s0: PNS(V3,V2) exact: (0.2100591484485759, 0.483114152283904)
2026-02-02 16:27:14,826|INFO|random_mc2_n8_mid3_d1000_05_mr098_r10_188_uai_GDCC_1e-09_n200_roTrue_s0: Loading data from ../models/synthetic/s123/random_mc2_n8_mid3_d1000_05_mr098_r10_188.csv
2026-02-02 16:27:18,816|INFO|random_mc2_n8_mid3_d1000_05_mr098_r10_146_uai_GDCC_1e-09_n200_roFalse_s0: Loading model from ../models/synthetic/s123/random_mc2_n8_mid3_d1000_05_mr098_r10_146.uai
2026-02-02 16:27:18,833|INFO|random_mc2_n8_mid3_d1000_05_mr098_r10_146_uai_GDCC_1e-09_n200_roFalse_s0: Loading data from ../models/synthetic/s123/random_mc2_n8_mid3_d1000_05_mr098_r10_146.csv
2026-02-02 16:27:24,731|INFO|random_mc2_n6_mid3_d1000_05_mr098_r10_107_uai_GDCC_1e-09_n200_roFalse_s0: Loading model from ../models/synthetic/s123/random_mc2_n6_mid3_d1000_05_mr098_r10_107.uai
2026-02-02 16:27:24,742|INFO|random_mc2_n6_mid3_d1000_05_mr098_r10_107_uai_GDCC_1e-09_n200_roFalse_s0: Loading data from ../models/synthetic/s123/random_mc2_n6_mid3_d1000_05_mr098_r10_107.csv
2026-02-02 16:27:24,751|INFO|random_mc2_n6_mid3_d1000_05_mr098_r10_107_uai_GDCC_1e-09_n200_roFalse_s0: PNS(V2,V4) exact: (0.0692122168437381, 0.3642803790180109)
2026-02-02 16:27:26,363|INFO|random_mc2_n9_mid3_d1000_05_mr098_r10_200_uai_GDCC_1e-09_n200_roTrue_s0: Loading model from ../models/synthetic/s123/random_mc2_n9_mid3_d1000_05_mr098_r10_200.uai
2026-02-02 16:27:26,363|INFO|random_mc2_n6_mid3_d1000_05_mr098_r10_117_uai_GDCC_1e-09_n200_roTrue_s0: Loading model from ../models/synthetic/s123/random_mc2_n6_mid3_d1000_05_mr098_r10_117.uai
2026-02-02 16:27:26,378|INFO|random_mc2_n6_mid3_d1000_05_mr098_r10_117_uai_GDCC_1e-09_n200_roTrue_s0: Loading data from ../models/synthetic/s123/random_mc2_n6_mid3_d1000_05_mr098_r10_117.csv
2026-02-02 16:27:26,382|INFO|random_mc2_n9_mid3_d1000_05_mr098_r10_200_uai_GDCC_1e-09_n200_roTrue_s0: Loading data from ../models/synthetic/s123/random_mc2_n9_mid3_d1000_05_mr098_r10_200.csv
2026-02-02 16:27:26,393|INFO|random_mc2_n9_mid3_d1000_05_mr098_r10_200_uai_GDCC_1e-09_n200_roTrue_s0: PNS(V3,V7) exact: (0.391618276478432, 0.4586153655851721)
2026-02-02 16:27:27,073|INFO|random_mc2_n5_mid3_d1000_05_mr098_r10_8_uai_GDCC_1e-09_n200_roFalse_s0: Loading model from ../models/synthetic/s123/random_mc2_n5_mid3_d1000_05_mr098_r10_8.uai
2026-02-02 16:27:27,079|INFO|random_mc2_n5_mid3_d1000_05_mr098_r10_8_uai_GDCC_1e-09_n200_roFalse_s0: Loading data from ../models/synthetic/s123/random_mc2_n5_mid3_d1000_05_mr098_r10_8.csv
2026-02-02 16:27:27,088|INFO|random_mc2_n5_mid3_d1000_05_mr098_r10_8_uai_GDCC_1e-09_n200_roFalse_s0: PNS(V2,V4) exact: (0.1708037925, 0.4919019990000001)
2026-02-02 16:27:27,187|INFO|random_mc2_n5_mid3_d1000_05_mr098_r10_193_uai_GDCC_1e-09_n200_roTrue_s0: Loading model from ../models/synthetic/s123/random_mc2_n5_mid3_d1000_05_mr098_r10_193.uai
2026-02-02 16:27:27,196|INFO|random_mc2_n5_mid3_d1000_05_mr098_r10_193_uai_GDCC_1e-09_n200_roTrue_s0: Loading data from ../models/synthetic/s123/random_mc2_n5_mid3_d1000_05_mr098_r10_193.csv
2026-02-02 16:27:27,238|INFO|random_mc2_n7_mid3_d1000_05_mr098_r10_24_uai_GDCC_1e-09_n200_roTrue_s0: Loading model from ../models/synthetic/s123/random_mc2_n7_mid3_d1000_05_mr098_r10_24.uai
2026-02-02 16:27:27,242|INFO|random_mc2_n6_mid3_d1000_05_mr098_r10_177_uai_GDCC_1e-09_n200_roFalse_s0: Loading model from ../models/synthetic/s123/random_mc2_n6_mid3_d1000_05_mr098_r10_177.uai
2026-02-02 16:27:27,250|INFO|random_mc2_n6_mid3_d1000_05_mr098_r10_91_uai_GDCC_1e-09_n200_roFalse_s0: Loading model from ../models/synthetic/s123/random_mc2_n6_mid3_d1000_05_mr098_r10_91.uai
2026-02-02 16:27:27,247|INFO|random_mc2_n7_mid3_d1000_05_mr098_r10_24_uai_GDCC_1e-09_n200_roTrue_s0: Loading data from ../models/synthetic/s123/random_mc2_n7_mid3_d1000_05_mr098_r10_24.csv
2026-02-02 16:27:27,255|INFO|random_mc2_n7_mid3_d1000_05_mr098_r10_24_uai_GDCC_1e-09_n200_roTrue_s0: PNS(V3,V2) exact: (0.0, 0.0745211048481239)
2026-02-02 16:27:27,246|INFO|random_mc2_n6_mid3_d1000_05_mr098_r10_177_uai_GDCC_1e-09_n200_roFalse_s0: Loading data from ../models/synthetic/s123/random_mc2_n6_mid3_d1000_05_mr098_r10_177.csv
2026-02-02 16:27:27,259|INFO|random_mc2_n6_mid3_d1000_05_mr098_r10_91_uai_GDCC_1e-09_n200_roFalse_s0: Loading data from ../models/synthetic/s123/random_mc2_n6_mid3_d1000_05_mr098_r10_91.csv
2026-02-02 16:27:27,268|INFO|random_mc2_n6_mid3_d1000_05_mr098_r10_91_uai_GDCC_1e-09_n200_roFalse_s0: PNS(V0,V4) exact: (0.0014168071017796, 0.103549899791906)
2026-02-02 16:27:27,307|INFO|random_mc2_n5_mid3_d1000_05_mr098_r10_152_uai_GDCC_1e-09_n200_roTrue_s0: Loading model from ../models/synthetic/s123/random_mc2_n5_mid3_d1000_05_mr098_r10_152.uai
2026-02-02 16:27:27,316|INFO|random_mc2_n5_mid3_d1000_05_mr098_r10_152_uai_GDCC_1e-09_n200_roTrue_s0: Loading data from ../models/synthetic/s123/random_mc2_n5_mid3_d1000_05_mr098_r10_152.csv
2026-02-02 16:27:27,369|INFO|random_mc2_n6_mid3_d1000_05_mr098_r10_136_uai_GDCC_1e-09_n200_roTrue_s0: Loading model from ../models/synthetic/s123/random_mc2_n6_mid3_d1000_05_mr098_r10_136.uai
2026-02-02 16:27:27,401|INFO|random_mc2_n5_mid3_d1000_05_mr098_r10_107_uai_GDCC_1e-09_n200_roTrue_s0: Loading model from ../models/synthetic/s123/random_mc2_n5_mid3_d1000_05_mr098_r10_107.uai
2026-02-02 16:27:27,379|INFO|random_mc2_n6_mid3_d1000_05_mr098_r10_136_uai_GDCC_1e-09_n200_roTrue_s0: Loading data from ../models/synthetic/s123/random_mc2_n6_mid3_d1000_05_mr098_r10_136.csv
2026-02-02 16:27:27,414|INFO|random_mc2_n5_mid3_d1000_05_mr098_r10_107_uai_GDCC_1e-09_n200_roTrue_s0: Loading data from ../models/synthetic/s123/random_mc2_n5_mid3_d1000_05_mr098_r10_107.csv
2026-02-02 16:27:27,445|INFO|random_mc2_n7_mid3_d1000_05_mr098_r10_93_uai_GDCC_1e-09_n200_roTrue_s0: Loading model from ../models/synthetic/s123/random_mc2_n7_mid3_d1000_05_mr098_r10_93.uai
2026-02-02 16:27:27,451|INFO|random_mc2_n7_mid3_d1000_05_mr098_r10_96_uai_GDCC_1e-09_n200_roFalse_s0: Loading model from ../models/synthetic/s123/random_mc2_n7_mid3_d1000_05_mr098_r10_96.uai
2026-02-02 16:27:27,478|INFO|random_mc2_n9_mid3_d1000_05_mr098_r10_121_uai_GDCC_1e-09_n200_roFalse_s0: Loading model from ../models/synthetic/s123/random_mc2_n9_mid3_d1000_05_mr098_r10_121.uai
2026-02-02 16:27:27,453|INFO|random_mc2_n7_mid3_d1000_05_mr098_r10_93_uai_GDCC_1e-09_n200_roTrue_s0: Loading data from ../models/synthetic/s123/random_mc2_n7_mid3_d1000_05_mr098_r10_93.csv
2026-02-02 16:27:27,470|INFO|random_mc2_n7_mid3_d1000_05_mr098_r10_96_uai_GDCC_1e-09_n200_roFalse_s0: Loading data from ../models/synthetic/s123/random_mc2_n7_mid3_d1000_05_mr098_r10_96.csv
2026-02-02 16:27:27,497|INFO|random_mc2_n5_mid3_d1000_05_mr098_r10_110_uai_GDCC_1e-09_n200_roFalse_s0: Loading model from ../models/synthetic/s123/random_mc2_n5_mid3_d1000_05_mr098_r10_110.uai
2026-02-02 16:27:27,513|INFO|random_mc2_n5_mid3_d1000_05_mr098_r10_23_uai_GDCC_1e-09_n200_roTrue_s0: Loading model from ../models/synthetic/s123/random_mc2_n5_mid3_d1000_05_mr098_r10_23.uai
2026-02-02 16:27:27,489|INFO|random_mc2_n9_mid3_d1000_05_mr098_r10_121_uai_GDCC_1e-09_n200_roFalse_s0: Loading data from ../models/synthetic/s123/random_mc2_n9_mid3_d1000_05_mr098_r10_121.csv
2026-02-02 16:27:27,509|INFO|random_mc2_n5_mid3_d1000_05_mr098_r10_110_uai_GDCC_1e-09_n200_roFalse_s0: Loading data from ../models/synthetic/s123/random_mc2_n5_mid3_d1000_05_mr098_r10_110.csv
2026-02-02 16:27:27,551|INFO|random_mc2_n6_mid3_d1000_05_mr098_r10_143_uai_GDCC_1e-09_n200_roFalse_s0: Loading model from ../models/synthetic/s123/random_mc2_n6_mid3_d1000_05_mr098_r10_143.uai
2026-02-02 16:27:27,518|INFO|random_mc2_n5_mid3_d1000_05_mr098_r10_23_uai_GDCC_1e-09_n200_roTrue_s0: Loading data from ../models/synthetic/s123/random_mc2_n5_mid3_d1000_05_mr098_r10_23.csv
2026-02-02 16:27:27,527|INFO|random_mc2_n5_mid3_d1000_05_mr098_r10_23_uai_GDCC_1e-09_n200_roTrue_s0: PNS(V4,V1) exact: (0.0, 0.07268)
2026-02-02 16:27:27,573|INFO|random_mc2_n6_mid3_d1000_05_mr098_r10_167_uai_GDCC_1e-09_n200_roFalse_s0: Loading model from ../models/synthetic/s123/random_mc2_n6_mid3_d1000_05_mr098_r10_167.uai
2026-02-02 16:27:27,560|INFO|random_mc2_n6_mid3_d1000_05_mr098_r10_143_uai_GDCC_1e-09_n200_roFalse_s0: Loading data from ../models/synthetic/s123/random_mc2_n6_mid3_d1000_05_mr098_r10_143.csv
2026-02-02 16:27:27,600|INFO|random_mc2_n9_mid3_d1000_05_mr098_r10_2_uai_GDCC_1e-09_n200_roFalse_s0: Loading model from ../models/synthetic/s123/random_mc2_n9_mid3_d1000_05_mr098_r10_2.uai
2026-02-02 16:27:27,584|INFO|random_mc2_n6_mid3_d1000_05_mr098_r10_167_uai_GDCC_1e-09_n200_roFalse_s0: Loading data from ../models/synthetic/s123/random_mc2_n6_mid3_d1000_05_mr098_r10_167.csv
2026-02-02 16:27:27,594|INFO|random_mc2_n6_mid3_d1000_05_mr098_r10_167_uai_GDCC_1e-09_n200_roFalse_s0: PNS(V2,V1) exact: (0.0056271242, 0.1343609088)
2026-02-02 16:27:27,617|INFO|random_mc2_n9_mid3_d1000_05_mr098_r10_2_uai_GDCC_1e-09_n200_roFalse_s0: Loading data from ../models/synthetic/s123/random_mc2_n9_mid3_d1000_05_mr098_r10_2.csv
2026-02-02 16:27:27,709|INFO|random_mc2_n7_mid3_d1000_05_mr098_r10_155_uai_GDCC_1e-09_n200_roFalse_s0: Loading model from ../models/synthetic/s123/random_mc2_n7_mid3_d1000_05_mr098_r10_155.uai
2026-02-02 16:27:27,718|INFO|random_mc2_n6_mid3_d1000_05_mr098_r10_152_uai_GDCC_1e-09_n200_roTrue_s0: Loading model from ../models/synthetic/s123/random_mc2_n6_mid3_d1000_05_mr098_r10_152.uai
2026-02-02 16:27:27,722|INFO|random_mc2_n7_mid3_d1000_05_mr098_r10_155_uai_GDCC_1e-09_n200_roFalse_s0: Loading data from ../models/synthetic/s123/random_mc2_n7_mid3_d1000_05_mr098_r10_155.csv
2026-02-02 16:27:27,812|INFO|random_mc2_n6_mid3_d1000_05_mr098_r10_152_uai_GDCC_1e-09_n200_roTrue_s0: Loading data from ../models/synthetic/s123/random_mc2_n6_mid3_d1000_05_mr098_r10_152.csv
2026-02-02 16:27:28,011|INFO|random_mc2_n6_mid3_d1000_05_mr098_r10_153_uai_GDCC_1e-09_n200_roFalse_s0: Loading model from ../models/synthetic/s123/random_mc2_n6_mid3_d1000_05_mr098_r10_153.uai
2026-02-02 16:27:28,039|INFO|random_mc2_n7_mid3_d1000_05_mr098_r10_25_uai_GDCC_1e-09_n200_roFalse_s0: Loading model from ../models/synthetic/s123/random_mc2_n7_mid3_d1000_05_mr098_r10_25.uai
2026-02-02 16:27:28,048|INFO|random_mc2_n5_mid3_d1000_05_mr098_r10_194_uai_GDCC_1e-09_n200_roTrue_s0: Loading model from ../models/synthetic/s123/random_mc2_n5_mid3_d1000_05_mr098_r10_194.uai
2026-02-02 16:27:28,021|INFO|random_mc2_n6_mid3_d1000_05_mr098_r10_153_uai_GDCC_1e-09_n200_roFalse_s0: Loading data from ../models/synthetic/s123/random_mc2_n6_mid3_d1000_05_mr098_r10_153.csv
2026-02-02 16:27:28,055|INFO|random_mc2_n6_mid3_d1000_05_mr098_r10_186_uai_GDCC_1e-09_n200_roTrue_s0: Loading model from ../models/synthetic/s123/random_mc2_n6_mid3_d1000_05_mr098_r10_186.uai
2026-02-02 16:27:28,065|INFO|random_mc2_n5_mid3_d1000_05_mr098_r10_192_uai_GDCC_1e-09_n200_roTrue_s0: Loading model from ../models/synthetic/s123/random_mc2_n5_mid3_d1000_05_mr098_r10_192.uai
2026-02-02 16:27:28,071|INFO|random_mc2_n5_mid3_d1000_05_mr098_r10_157_uai_GDCC_1e-09_n200_roFalse_s0: Loading model from ../models/synthetic/s123/random_mc2_n5_mid3_d1000_05_mr098_r10_157.uai
2026-02-02 16:27:28,077|INFO|random_mc2_n7_mid3_d1000_05_mr098_r10_22_uai_GDCC_1e-09_n200_roTrue_s0: Loading model from ../models/synthetic/s123/random_mc2_n7_mid3_d1000_05_mr098_r10_22.uai
2026-02-02 16:27:28,054|INFO|random_mc2_n7_mid3_d1000_05_mr098_r10_25_uai_GDCC_1e-09_n200_roFalse_s0: Loading data from ../models/synthetic/s123/random_mc2_n7_mid3_d1000_05_mr098_r10_25.csv
2026-02-02 16:27:28,079|INFO|random_mc2_n6_mid3_d1000_05_mr098_r10_187_uai_GDCC_1e-09_n200_roTrue_s0: Loading model from ../models/synthetic/s123/random_mc2_n6_mid3_d1000_05_mr098_r10_187.uai
2026-02-02 16:27:28,056|INFO|random_mc2_n5_mid3_d1000_05_mr098_r10_194_uai_GDCC_1e-09_n200_roTrue_s0: Loading data from ../models/synthetic/s123/random_mc2_n5_mid3_d1000_05_mr098_r10_194.csv
2026-02-02 16:27:28,066|INFO|random_mc2_n5_mid3_d1000_05_mr098_r10_194_uai_GDCC_1e-09_n200_roTrue_s0: PNS(V3,V2) exact: (0.01055616190497, 0.096865567581924)
2026-02-02 16:27:28,082|INFO|random_mc2_n6_mid3_d1000_05_mr098_r10_186_uai_GDCC_1e-09_n200_roTrue_s0: Loading data from ../models/synthetic/s123/random_mc2_n6_mid3_d1000_05_mr098_r10_186.csv
2026-02-02 16:27:28,071|INFO|random_mc2_n5_mid3_d1000_05_mr098_r10_192_uai_GDCC_1e-09_n200_roTrue_s0: Loading data from ../models/synthetic/s123/random_mc2_n5_mid3_d1000_05_mr098_r10_192.csv
2026-02-02 16:27:28,080|INFO|random_mc2_n5_mid3_d1000_05_mr098_r10_192_uai_GDCC_1e-09_n200_roTrue_s0: PNS(V0,V2) exact: (0.019158534066672, 0.243463236618182)
2026-02-02 16:27:28,077|INFO|random_mc2_n5_mid3_d1000_05_mr098_r10_157_uai_GDCC_1e-09_n200_roFalse_s0: Loading data from ../models/synthetic/s123/random_mc2_n5_mid3_d1000_05_mr098_r10_157.csv
2026-02-02 16:27:28,090|INFO|random_mc2_n7_mid3_d1000_05_mr098_r10_22_uai_GDCC_1e-09_n200_roTrue_s0: Loading data from ../models/synthetic/s123/random_mc2_n7_mid3_d1000_05_mr098_r10_22.csv
2026-02-02 16:27:28,100|INFO|random_mc2_n7_mid3_d1000_05_mr098_r10_22_uai_GDCC_1e-09_n200_roTrue_s0: PNS(V1,V0) exact: (0.4818094928831341, 0.6444694971595442)
2026-02-02 16:27:28,098|INFO|random_mc2_n6_mid3_d1000_05_mr098_r10_187_uai_GDCC_1e-09_n200_roTrue_s0: Loading data from ../models/synthetic/s123/random_mc2_n6_mid3_d1000_05_mr098_r10_187.csv
2026-02-02 16:27:28,660|INFO|random_mc2_n6_mid3_d1000_05_mr098_r10_187_uai_GDCC_1e-09_n200_roFalse_s0: Loading model from ../models/synthetic/s123/random_mc2_n6_mid3_d1000_05_mr098_r10_187.uai
2026-02-02 16:27:28,680|INFO|random_mc2_n6_mid3_d1000_05_mr098_r10_187_uai_GDCC_1e-09_n200_roFalse_s0: Loading data from ../models/synthetic/s123/random_mc2_n6_mid3_d1000_05_mr098_r10_187.csv
2026-02-02 16:27:34,496|INFO|random_mc2_n9_mid3_d1000_05_mr098_r10_132_uai_GDCC_1e-09_n200_roTrue_s0: Loading model from ../models/synthetic/s123/random_mc2_n9_mid3_d1000_05_mr098_r10_132.uai
2026-02-02 16:27:34,723|INFO|random_mc2_n9_mid3_d1000_05_mr098_r10_132_uai_GDCC_1e-09_n200_roTrue_s0: Loading data from ../models/synthetic/s123/random_mc2_n9_mid3_d1000_05_mr098_r10_132.csv
2026-02-02 16:27:38,780|INFO|random_mc2_n6_mid3_d1000_05_mr098_r10_47_uai_GDCC_1e-09_n200_roFalse_s0: Loading model from ../models/synthetic/s123/random_mc2_n6_mid3_d1000_05_mr098_r10_47.uai
2026-02-02 16:27:38,782|INFO|random_mc2_n5_mid3_d1000_05_mr098_r10_59_uai_GDCC_1e-09_n200_roFalse_s0: Loading model from ../models/synthetic/s123/random_mc2_n5_mid3_d1000_05_mr098_r10_59.uai
2026-02-02 16:27:38,793|INFO|random_mc2_n6_mid3_d1000_05_mr098_r10_47_uai_GDCC_1e-09_n200_roFalse_s0: Loading data from ../models/synthetic/s123/random_mc2_n6_mid3_d1000_05_mr098_r10_47.csv
2026-02-02 16:27:38,805|INFO|random_mc2_n6_mid3_d1000_05_mr098_r10_47_uai_GDCC_1e-09_n200_roFalse_s0: PNS(V5,V4) exact: (0.0, 0.3303686772)
2026-02-02 16:27:38,788|INFO|random_mc2_n5_mid3_d1000_05_mr098_r10_59_uai_GDCC_1e-09_n200_roFalse_s0: Loading data from ../models/synthetic/s123/random_mc2_n5_mid3_d1000_05_mr098_r10_59.csv
2026-02-02 16:27:38,804|INFO|random_mc2_n5_mid3_d1000_05_mr098_r10_59_uai_GDCC_1e-09_n200_roFalse_s0: PNS(V2,V4) exact: (0.0, 0.0673840516)
2026-02-02 16:27:39,219|INFO|random_mc2_n6_mid3_d1000_05_mr098_r10_159_uai_GDCC_1e-09_n200_roTrue_s0: Loading model from ../models/synthetic/s123/random_mc2_n6_mid3_d1000_05_mr098_r10_159.uai
2026-02-02 16:27:39,229|INFO|random_mc2_n6_mid3_d1000_05_mr098_r10_159_uai_GDCC_1e-09_n200_roTrue_s0: Loading data from ../models/synthetic/s123/random_mc2_n6_mid3_d1000_05_mr098_r10_159.csv
2026-02-02 16:27:39,751|INFO|random_mc2_n5_mid3_d1000_05_mr098_r10_11_uai_GDCC_1e-09_n200_roTrue_s0: Loading model from ../models/synthetic/s123/random_mc2_n5_mid3_d1000_05_mr098_r10_11.uai
2026-02-02 16:27:39,782|INFO|random_mc2_n9_mid3_d1000_05_mr098_r10_119_uai_GDCC_1e-09_n200_roTrue_s0: Loading model from ../models/synthetic/s123/random_mc2_n9_mid3_d1000_05_mr098_r10_119.uai
2026-02-02 16:27:39,756|INFO|random_mc2_n5_mid3_d1000_05_mr098_r10_11_uai_GDCC_1e-09_n200_roTrue_s0: Loading data from ../models/synthetic/s123/random_mc2_n5_mid3_d1000_05_mr098_r10_11.csv
2026-02-02 16:27:39,796|INFO|random_mc2_n9_mid3_d1000_05_mr098_r10_119_uai_GDCC_1e-09_n200_roTrue_s0: Loading data from ../models/synthetic/s123/random_mc2_n9_mid3_d1000_05_mr098_r10_119.csv
2026-02-02 16:27:39,810|INFO|random_mc2_n9_mid3_d1000_05_mr098_r10_119_uai_GDCC_1e-09_n200_roTrue_s0: PNS(V0,V8) exact: (0.0742677176, 0.0951852808999999)
2026-02-02 16:27:40,573|INFO|random_mc2_n5_mid3_d1000_05_mr098_r10_189_uai_GDCC_1e-09_n200_roFalse_s0: Loading model from ../models/synthetic/s123/random_mc2_n5_mid3_d1000_05_mr098_r10_189.uai
2026-02-02 16:27:40,578|INFO|random_mc2_n5_mid3_d1000_05_mr098_r10_112_uai_GDCC_1e-09_n200_roFalse_s0: Loading model from ../models/synthetic/s123/random_mc2_n5_mid3_d1000_05_mr098_r10_112.uai
2026-02-02 16:27:40,585|INFO|random_mc2_n7_mid3_d1000_05_mr098_r10_163_uai_GDCC_1e-09_n200_roTrue_s0: Loading model from ../models/synthetic/s123/random_mc2_n7_mid3_d1000_05_mr098_r10_163.uai
2026-02-02 16:27:40,579|INFO|random_mc2_n5_mid3_d1000_05_mr098_r10_189_uai_GDCC_1e-09_n200_roFalse_s0: Loading data from ../models/synthetic/s123/random_mc2_n5_mid3_d1000_05_mr098_r10_189.csv
2026-02-02 16:27:40,592|INFO|random_mc2_n5_mid3_d1000_05_mr098_r10_189_uai_GDCC_1e-09_n200_roFalse_s0: PNS(V0,V1) exact: (0.0, 0.0)
2026-02-02 16:27:40,586|INFO|random_mc2_n5_mid3_d1000_05_mr098_r10_112_uai_GDCC_1e-09_n200_roFalse_s0: Loading data from ../models/synthetic/s123/random_mc2_n5_mid3_d1000_05_mr098_r10_112.csv
2026-02-02 16:27:40,599|INFO|random_mc2_n7_mid3_d1000_05_mr098_r10_163_uai_GDCC_1e-09_n200_roTrue_s0: Loading data from ../models/synthetic/s123/random_mc2_n7_mid3_d1000_05_mr098_r10_163.csv
2026-02-02 16:27:40,609|INFO|random_mc2_n7_mid3_d1000_05_mr098_r10_163_uai_GDCC_1e-09_n200_roTrue_s0: PNS(V0,V4) exact: (0.043281704345418, 0.2976756657121581)
2026-02-02 16:27:41,241|INFO|random_mc2_n5_mid3_d1000_05_mr098_r10_71_uai_GDCC_1e-09_n200_roFalse_s0: Loading model from ../models/synthetic/s123/random_mc2_n5_mid3_d1000_05_mr098_r10_71.uai
2026-02-02 16:27:41,275|INFO|random_mc2_n5_mid3_d1000_05_mr098_r10_153_uai_GDCC_1e-09_n200_roTrue_s0: Loading model from ../models/synthetic/s123/random_mc2_n5_mid3_d1000_05_mr098_r10_153.uai
2026-02-02 16:27:41,247|INFO|random_mc2_n5_mid3_d1000_05_mr098_r10_71_uai_GDCC_1e-09_n200_roFalse_s0: Loading data from ../models/synthetic/s123/random_mc2_n5_mid3_d1000_05_mr098_r10_71.csv
2026-02-02 16:27:41,258|INFO|random_mc2_n5_mid3_d1000_05_mr098_r10_71_uai_GDCC_1e-09_n200_roFalse_s0: PNS(V1,V0) exact: (0.0, 0.0786183533)
2026-02-02 16:27:41,281|INFO|random_mc2_n5_mid3_d1000_05_mr098_r10_153_uai_GDCC_1e-09_n200_roTrue_s0: Loading data from ../models/synthetic/s123/random_mc2_n5_mid3_d1000_05_mr098_r10_153.csv
2026-02-02 16:27:41,290|INFO|random_mc2_n5_mid3_d1000_05_mr098_r10_153_uai_GDCC_1e-09_n200_roTrue_s0: PNS(V3,V2) exact: (0.014386402, 0.118614199)
2026-02-02 16:27:41,330|INFO|random_mc2_n8_mid3_d1000_05_mr098_r10_127_uai_GDCC_1e-09_n200_roTrue_s0: Loading model from ../models/synthetic/s123/random_mc2_n8_mid3_d1000_05_mr098_r10_127.uai
2026-02-02 16:27:41,381|INFO|random_mc2_n8_mid3_d1000_05_mr098_r10_127_uai_GDCC_1e-09_n200_roTrue_s0: Loading data from ../models/synthetic/s123/random_mc2_n8_mid3_d1000_05_mr098_r10_127.csv
2026-02-02 16:27:41,413|INFO|random_mc2_n5_mid3_d1000_05_mr098_r10_78_uai_GDCC_1e-09_n200_roTrue_s0: Loading model from ../models/synthetic/s123/random_mc2_n5_mid3_d1000_05_mr098_r10_78.uai
2026-02-02 16:27:41,418|INFO|random_mc2_n5_mid3_d1000_05_mr098_r10_78_uai_GDCC_1e-09_n200_roTrue_s0: Loading data from ../models/synthetic/s123/random_mc2_n5_mid3_d1000_05_mr098_r10_78.csv
2026-02-02 16:27:41,431|INFO|random_mc2_n5_mid3_d1000_05_mr098_r10_78_uai_GDCC_1e-09_n200_roTrue_s0: PNS(V0,V2) exact: (0.163, 0.163)
2026-02-02 16:27:41,548|INFO|random_mc2_n5_mid3_d1000_05_mr098_r10_181_uai_GDCC_1e-09_n200_roTrue_s0: Loading model from ../models/synthetic/s123/random_mc2_n5_mid3_d1000_05_mr098_r10_181.uai
2026-02-02 16:27:41,564|INFO|random_mc2_n5_mid3_d1000_05_mr098_r10_181_uai_GDCC_1e-09_n200_roTrue_s0: Loading data from ../models/synthetic/s123/random_mc2_n5_mid3_d1000_05_mr098_r10_181.csv
2026-02-02 16:27:41,601|INFO|random_mc2_n7_mid3_d1000_05_mr098_r10_199_uai_GDCC_1e-09_n200_roTrue_s0: Loading model from ../models/synthetic/s123/random_mc2_n7_mid3_d1000_05_mr098_r10_199.uai
2026-02-02 16:27:41,607|INFO|random_mc2_n8_mid3_d1000_05_mr098_r10_13_uai_GDCC_1e-09_n200_roFalse_s0: Loading model from ../models/synthetic/s123/random_mc2_n8_mid3_d1000_05_mr098_r10_13.uai
2026-02-02 16:27:41,607|INFO|random_mc2_n7_mid3_d1000_05_mr098_r10_199_uai_GDCC_1e-09_n200_roTrue_s0: Loading data from ../models/synthetic/s123/random_mc2_n7_mid3_d1000_05_mr098_r10_199.csv
2026-02-02 16:27:41,616|INFO|random_mc2_n7_mid3_d1000_05_mr098_r10_199_uai_GDCC_1e-09_n200_roTrue_s0: PNS(V2,V0) exact: (0.00178489968384, 0.013822421418624)
2026-02-02 16:27:41,642|INFO|random_mc2_n6_mid3_d1000_05_mr098_r10_180_uai_GDCC_1e-09_n200_roTrue_s0: Loading model from ../models/synthetic/s123/random_mc2_n6_mid3_d1000_05_mr098_r10_180.uai
2026-02-02 16:27:41,645|INFO|random_mc2_n5_mid3_d1000_05_mr098_r10_120_uai_GDCC_1e-09_n200_roFalse_s0: Loading model from ../models/synthetic/s123/random_mc2_n5_mid3_d1000_05_mr098_r10_120.uai
2026-02-02 16:27:41,617|INFO|random_mc2_n8_mid3_d1000_05_mr098_r10_13_uai_GDCC_1e-09_n200_roFalse_s0: Loading data from ../models/synthetic/s123/random_mc2_n8_mid3_d1000_05_mr098_r10_13.csv
2026-02-02 16:27:41,650|INFO|random_mc2_n7_mid3_d1000_05_mr098_r10_68_uai_GDCC_1e-09_n200_roTrue_s0: Loading model from ../models/synthetic/s123/random_mc2_n7_mid3_d1000_05_mr098_r10_68.uai
2026-02-02 16:27:41,666|INFO|random_mc2_n5_mid3_d1000_05_mr098_r10_128_uai_GDCC_1e-09_n200_roFalse_s0: Loading model from ../models/synthetic/s123/random_mc2_n5_mid3_d1000_05_mr098_r10_128.uai
2026-02-02 16:27:41,673|INFO|random_mc2_n8_mid3_d1000_05_mr098_r10_118_uai_GDCC_1e-09_n200_roFalse_s0: Loading model from ../models/synthetic/s123/random_mc2_n8_mid3_d1000_05_mr098_r10_118.uai
2026-02-02 16:27:41,655|INFO|random_mc2_n6_mid3_d1000_05_mr098_r10_180_uai_GDCC_1e-09_n200_roTrue_s0: Loading data from ../models/synthetic/s123/random_mc2_n6_mid3_d1000_05_mr098_r10_180.csv
2026-02-02 16:27:41,650|INFO|random_mc2_n5_mid3_d1000_05_mr098_r10_120_uai_GDCC_1e-09_n200_roFalse_s0: Loading data from ../models/synthetic/s123/random_mc2_n5_mid3_d1000_05_mr098_r10_120.csv
2026-02-02 16:27:41,659|INFO|random_mc2_n5_mid3_d1000_05_mr098_r10_120_uai_GDCC_1e-09_n200_roFalse_s0: PNS(V3,V1) exact: (0.39503, 0.60644)
2026-02-02 16:27:41,671|INFO|random_mc2_n5_mid3_d1000_05_mr098_r10_128_uai_GDCC_1e-09_n200_roFalse_s0: Loading data from ../models/synthetic/s123/random_mc2_n5_mid3_d1000_05_mr098_r10_128.csv
2026-02-02 16:27:41,681|INFO|random_mc2_n5_mid3_d1000_05_mr098_r10_128_uai_GDCC_1e-09_n200_roFalse_s0: PNS(V2,V0) exact: (0.0, 0.0565271411)
2026-02-02 16:27:41,721|INFO|random_mc2_n5_mid3_d1000_05_mr098_r10_34_uai_GDCC_1e-09_n200_roTrue_s0: Loading model from ../models/synthetic/s123/random_mc2_n5_mid3_d1000_05_mr098_r10_34.uai
2026-02-02 16:27:41,733|INFO|random_mc2_n7_mid3_d1000_05_mr098_r10_68_uai_GDCC_1e-09_n200_roTrue_s0: Loading data from ../models/synthetic/s123/random_mc2_n7_mid3_d1000_05_mr098_r10_68.csv
2026-02-02 16:27:41,728|INFO|random_mc2_n5_mid3_d1000_05_mr098_r10_34_uai_GDCC_1e-09_n200_roTrue_s0: Loading data from ../models/synthetic/s123/random_mc2_n5_mid3_d1000_05_mr098_r10_34.csv
2026-02-02 16:27:41,740|INFO|random_mc2_n5_mid3_d1000_05_mr098_r10_34_uai_GDCC_1e-09_n200_roTrue_s0: PNS(V0,V3) exact: (0.41137714, 0.41137714)
2026-02-02 16:27:41,800|INFO|random_mc2_n8_mid3_d1000_05_mr098_r10_173_uai_GDCC_1e-09_n200_roFalse_s0: Loading model from ../models/synthetic/s123/random_mc2_n8_mid3_d1000_05_mr098_r10_173.uai
2026-02-02 16:27:41,808|INFO|random_mc2_n7_mid3_d1000_05_mr098_r10_170_uai_GDCC_1e-09_n200_roTrue_s0: Loading model from ../models/synthetic/s123/random_mc2_n7_mid3_d1000_05_mr098_r10_170.uai
2026-02-02 16:27:41,809|INFO|random_mc2_n6_mid3_d1000_05_mr098_r10_160_uai_GDCC_1e-09_n200_roTrue_s0: Loading model from ../models/synthetic/s123/random_mc2_n6_mid3_d1000_05_mr098_r10_160.uai
2026-02-02 16:27:41,816|INFO|random_mc2_n6_mid3_d1000_05_mr098_r10_41_uai_GDCC_1e-09_n200_roFalse_s0: Loading model from ../models/synthetic/s123/random_mc2_n6_mid3_d1000_05_mr098_r10_41.uai
2026-02-02 16:27:41,822|INFO|random_mc2_n8_mid3_d1000_05_mr098_r10_173_uai_GDCC_1e-09_n200_roFalse_s0: Loading data from ../models/synthetic/s123/random_mc2_n8_mid3_d1000_05_mr098_r10_173.csv
2026-02-02 16:27:41,842|INFO|random_mc2_n8_mid3_d1000_05_mr098_r10_63_uai_GDCC_1e-09_n200_roFalse_s0: Loading model from ../models/synthetic/s123/random_mc2_n8_mid3_d1000_05_mr098_r10_63.uai
2026-02-02 16:27:41,824|INFO|random_mc2_n7_mid3_d1000_05_mr098_r10_170_uai_GDCC_1e-09_n200_roTrue_s0: Loading data from ../models/synthetic/s123/random_mc2_n7_mid3_d1000_05_mr098_r10_170.csv
2026-02-02 16:27:41,838|INFO|random_mc2_n7_mid3_d1000_05_mr098_r10_170_uai_GDCC_1e-09_n200_roTrue_s0: PNS(V1,V3) exact: (0.0061237, 0.1216942)
2026-02-02 16:27:41,838|INFO|random_mc2_n6_mid3_d1000_05_mr098_r10_160_uai_GDCC_1e-09_n200_roTrue_s0: Loading data from ../models/synthetic/s123/random_mc2_n6_mid3_d1000_05_mr098_r10_160.csv
2026-02-02 16:27:41,854|INFO|random_mc2_n5_mid3_d1000_05_mr098_r10_125_uai_GDCC_1e-09_n200_roFalse_s0: Loading model from ../models/synthetic/s123/random_mc2_n5_mid3_d1000_05_mr098_r10_125.uai
2026-02-02 16:27:41,829|INFO|random_mc2_n6_mid3_d1000_05_mr098_r10_41_uai_GDCC_1e-09_n200_roFalse_s0: Loading data from ../models/synthetic/s123/random_mc2_n6_mid3_d1000_05_mr098_r10_41.csv
2026-02-02 16:27:41,839|INFO|random_mc2_n6_mid3_d1000_05_mr098_r10_41_uai_GDCC_1e-09_n200_roFalse_s0: PNS(V5,V3) exact: (0.119982256826749, 0.4934547656320461)
2026-02-02 16:27:41,859|INFO|random_mc2_n6_mid3_d1000_05_mr098_r10_72_uai_GDCC_1e-09_n200_roFalse_s0: Loading model from ../models/synthetic/s123/random_mc2_n6_mid3_d1000_05_mr098_r10_72.uai
2026-02-02 16:27:41,863|INFO|random_mc2_n9_mid3_d1000_05_mr098_r10_29_uai_GDCC_1e-09_n200_roFalse_s0: Loading model from ../models/synthetic/s123/random_mc2_n9_mid3_d1000_05_mr098_r10_29.uai
2026-02-02 16:27:41,855|INFO|random_mc2_n8_mid3_d1000_05_mr098_r10_63_uai_GDCC_1e-09_n200_roFalse_s0: Loading data from ../models/synthetic/s123/random_mc2_n8_mid3_d1000_05_mr098_r10_63.csv
2026-02-02 16:27:41,867|INFO|random_mc2_n8_mid3_d1000_05_mr098_r10_63_uai_GDCC_1e-09_n200_roFalse_s0: PNS(V1,V6) exact: (0.0, 0.122153736431654)
2026-02-02 16:27:41,861|INFO|random_mc2_n5_mid3_d1000_05_mr098_r10_125_uai_GDCC_1e-09_n200_roFalse_s0: Loading data from ../models/synthetic/s123/random_mc2_n5_mid3_d1000_05_mr098_r10_125.csv
2026-02-02 16:27:41,873|INFO|random_mc2_n5_mid3_d1000_05_mr098_r10_125_uai_GDCC_1e-09_n200_roFalse_s0: PNS(V2,V4) exact: (0.0, 0.3332024784999999)
2026-02-02 16:27:41,869|INFO|random_mc2_n6_mid3_d1000_05_mr098_r10_72_uai_GDCC_1e-09_n200_roFalse_s0: Loading data from ../models/synthetic/s123/random_mc2_n6_mid3_d1000_05_mr098_r10_72.csv
2026-02-02 16:27:41,879|INFO|random_mc2_n6_mid3_d1000_05_mr098_r10_72_uai_GDCC_1e-09_n200_roFalse_s0: PNS(V1,V5) exact: (0.0139420482, 0.0995220407)
2026-02-02 16:27:41,880|INFO|random_mc2_n9_mid3_d1000_05_mr098_r10_29_uai_GDCC_1e-09_n200_roFalse_s0: Loading data from ../models/synthetic/s123/random_mc2_n9_mid3_d1000_05_mr098_r10_29.csv
2026-02-02 16:27:41,906|INFO|random_mc2_n8_mid3_d1000_05_mr098_r10_118_uai_GDCC_1e-09_n200_roFalse_s0: Loading data from ../models/synthetic/s123/random_mc2_n8_mid3_d1000_05_mr098_r10_118.csv
2026-02-02 16:27:44,924|INFO|random_mc2_n6_mid3_d1000_05_mr098_r10_143_uai_GDCC_1e-09_n200_roTrue_s0: Loading model from ../models/synthetic/s123/random_mc2_n6_mid3_d1000_05_mr098_r10_143.uai
2026-02-02 16:27:44,934|INFO|random_mc2_n6_mid3_d1000_05_mr098_r10_143_uai_GDCC_1e-09_n200_roTrue_s0: Loading data from ../models/synthetic/s123/random_mc2_n6_mid3_d1000_05_mr098_r10_143.csv
2026-02-02 16:27:49,548|INFO|random_mc2_n5_mid3_d1000_05_mr098_r10_62_uai_GDCC_1e-09_n200_roTrue_s0: Loading model from ../models/synthetic/s123/random_mc2_n5_mid3_d1000_05_mr098_r10_62.uai
2026-02-02 16:27:49,555|INFO|random_mc2_n5_mid3_d1000_05_mr098_r10_62_uai_GDCC_1e-09_n200_roTrue_s0: Loading data from ../models/synthetic/s123/random_mc2_n5_mid3_d1000_05_mr098_r10_62.csv
2026-02-02 16:27:49,566|INFO|random_mc2_n5_mid3_d1000_05_mr098_r10_62_uai_GDCC_1e-09_n200_roTrue_s0: PNS(V2,V4) exact: (0.0, 0.13103)
2026-02-02 16:27:51,874|INFO|random_mc2_n7_mid3_d1000_05_mr098_r10_150_uai_GDCC_1e-09_n200_roTrue_s0: Loading model from ../models/synthetic/s123/random_mc2_n7_mid3_d1000_05_mr098_r10_150.uai
2026-02-02 16:27:51,875|INFO|random_mc2_n6_mid3_d1000_05_mr098_r10_163_uai_GDCC_1e-09_n200_roFalse_s0: Loading model from ../models/synthetic/s123/random_mc2_n6_mid3_d1000_05_mr098_r10_163.uai
2026-02-02 16:27:51,896|INFO|random_mc2_n5_mid3_d1000_05_mr098_r10_16_uai_GDCC_1e-09_n200_roTrue_s0: Loading model from ../models/synthetic/s123/random_mc2_n5_mid3_d1000_05_mr098_r10_16.uai
2026-02-02 16:27:51,885|INFO|random_mc2_n6_mid3_d1000_05_mr098_r10_163_uai_GDCC_1e-09_n200_roFalse_s0: Loading data from ../models/synthetic/s123/random_mc2_n6_mid3_d1000_05_mr098_r10_163.csv
2026-02-02 16:27:51,905|INFO|random_mc2_n5_mid3_d1000_05_mr098_r10_16_uai_GDCC_1e-09_n200_roTrue_s0: Loading data from ../models/synthetic/s123/random_mc2_n5_mid3_d1000_05_mr098_r10_16.csv
2026-02-02 16:27:51,915|INFO|random_mc2_n5_mid3_d1000_05_mr098_r10_16_uai_GDCC_1e-09_n200_roTrue_s0: PNS(V4,V3) exact: (0.4152505784, 0.4639742588)
2026-02-02 16:27:51,970|INFO|random_mc2_n7_mid3_d1000_05_mr098_r10_150_uai_GDCC_1e-09_n200_roTrue_s0: Loading data from ../models/synthetic/s123/random_mc2_n7_mid3_d1000_05_mr098_r10_150.csv
2026-02-02 16:27:51,991|INFO|random_mc2_n6_mid3_d1000_05_mr098_r10_134_uai_GDCC_1e-09_n200_roTrue_s0: Loading model from ../models/synthetic/s123/random_mc2_n6_mid3_d1000_05_mr098_r10_134.uai
2026-02-02 16:27:52,005|INFO|random_mc2_n6_mid3_d1000_05_mr098_r10_134_uai_GDCC_1e-09_n200_roTrue_s0: Loading data from ../models/synthetic/s123/random_mc2_n6_mid3_d1000_05_mr098_r10_134.csv
2026-02-02 16:27:52,018|INFO|random_mc2_n6_mid3_d1000_05_mr098_r10_134_uai_GDCC_1e-09_n200_roTrue_s0: PNS(V3,V1) exact: (0.0, 0.0)
2026-02-02 16:27:52,018|ERROR|random_mc2_n6_mid3_d1000_05_mr098_r10_134_uai_GDCC_1e-09_n200_roTrue_s0: Model does not have any cause-effect path.
2026-02-02 16:27:53,209|INFO|random_mc2_n9_mid3_d1000_05_mr098_r10_160_uai_GDCC_1e-09_n200_roFalse_s0: Loading model from ../models/synthetic/s123/random_mc2_n9_mid3_d1000_05_mr098_r10_160.uai
2026-02-02 16:27:53,211|INFO|random_mc2_n5_mid3_d1000_05_mr098_r10_102_uai_GDCC_1e-09_n200_roFalse_s0: Loading model from ../models/synthetic/s123/random_mc2_n5_mid3_d1000_05_mr098_r10_102.uai
2026-02-02 16:27:53,214|INFO|random_mc2_n9_mid3_d1000_05_mr098_r10_28_uai_GDCC_1e-09_n200_roFalse_s0: Loading model from ../models/synthetic/s123/random_mc2_n9_mid3_d1000_05_mr098_r10_28.uai
2026-02-02 16:27:53,229|INFO|random_mc2_n9_mid3_d1000_05_mr098_r10_160_uai_GDCC_1e-09_n200_roFalse_s0: Loading data from ../models/synthetic/s123/random_mc2_n9_mid3_d1000_05_mr098_r10_160.csv
2026-02-02 16:27:53,218|INFO|random_mc2_n5_mid3_d1000_05_mr098_r10_102_uai_GDCC_1e-09_n200_roFalse_s0: Loading data from ../models/synthetic/s123/random_mc2_n5_mid3_d1000_05_mr098_r10_102.csv
2026-02-02 16:27:53,231|INFO|random_mc2_n5_mid3_d1000_05_mr098_r10_102_uai_GDCC_1e-09_n200_roFalse_s0: PNS(V3,V0) exact: (0.2629687949824, 0.477036655678528)
2026-02-02 16:27:53,233|INFO|random_mc2_n9_mid3_d1000_05_mr098_r10_28_uai_GDCC_1e-09_n200_roFalse_s0: Loading data from ../models/synthetic/s123/random_mc2_n9_mid3_d1000_05_mr098_r10_28.csv
2026-02-02 16:27:54,232|INFO|random_mc2_n6_mid3_d1000_05_mr098_r10_80_uai_GDCC_1e-09_n200_roFalse_s0: Loading model from ../models/synthetic/s123/random_mc2_n6_mid3_d1000_05_mr098_r10_80.uai
2026-02-02 16:27:54,233|INFO|random_mc2_n5_mid3_d1000_05_mr098_r10_95_uai_GDCC_1e-09_n200_roTrue_s0: Loading model from ../models/synthetic/s123/random_mc2_n5_mid3_d1000_05_mr098_r10_95.uai
2026-02-02 16:27:54,243|INFO|random_mc2_n5_mid3_d1000_05_mr098_r10_141_uai_GDCC_1e-09_n200_roFalse_s0: Loading model from ../models/synthetic/s123/random_mc2_n5_mid3_d1000_05_mr098_r10_141.uai
2026-02-02 16:27:54,242|INFO|random_mc2_n6_mid3_d1000_05_mr098_r10_80_uai_GDCC_1e-09_n200_roFalse_s0: Loading data from ../models/synthetic/s123/random_mc2_n6_mid3_d1000_05_mr098_r10_80.csv
2026-02-02 16:27:54,241|INFO|random_mc2_n5_mid3_d1000_05_mr098_r10_95_uai_GDCC_1e-09_n200_roTrue_s0: Loading data from ../models/synthetic/s123/random_mc2_n5_mid3_d1000_05_mr098_r10_95.csv
2026-02-02 16:27:54,249|INFO|random_mc2_n5_mid3_d1000_05_mr098_r10_95_uai_GDCC_1e-09_n200_roTrue_s0: PNS(V2,V3) exact: (0.0, 0.0190074356112)
2026-02-02 16:27:54,252|INFO|random_mc2_n5_mid3_d1000_05_mr098_r10_141_uai_GDCC_1e-09_n200_roFalse_s0: Loading data from ../models/synthetic/s123/random_mc2_n5_mid3_d1000_05_mr098_r10_141.csv
2026-02-02 16:27:54,266|INFO|random_mc2_n5_mid3_d1000_05_mr098_r10_141_uai_GDCC_1e-09_n200_roFalse_s0: PNS(V1,V4) exact: (0.0017244544, 0.2307695208999999)
2026-02-02 16:27:54,358|INFO|random_mc2_n9_mid3_d1000_05_mr098_r10_146_uai_GDCC_1e-09_n200_roTrue_s0: Loading model from ../models/synthetic/s123/random_mc2_n9_mid3_d1000_05_mr098_r10_146.uai
2026-02-02 16:27:54,376|INFO|random_mc2_n9_mid3_d1000_05_mr098_r10_146_uai_GDCC_1e-09_n200_roTrue_s0: Loading data from ../models/synthetic/s123/random_mc2_n9_mid3_d1000_05_mr098_r10_146.csv
2026-02-02 16:27:54,977|INFO|random_mc2_n7_mid3_d1000_05_mr098_r10_159_uai_GDCC_1e-09_n200_roFalse_s0: Loading model from ../models/synthetic/s123/random_mc2_n7_mid3_d1000_05_mr098_r10_159.uai
2026-02-02 16:27:55,009|INFO|random_mc2_n7_mid3_d1000_05_mr098_r10_25_uai_GDCC_1e-09_n200_roTrue_s0: Loading model from ../models/synthetic/s123/random_mc2_n7_mid3_d1000_05_mr098_r10_25.uai
2026-02-02 16:27:54,991|INFO|random_mc2_n7_mid3_d1000_05_mr098_r10_159_uai_GDCC_1e-09_n200_roFalse_s0: Loading data from ../models/synthetic/s123/random_mc2_n7_mid3_d1000_05_mr098_r10_159.csv
2026-02-02 16:27:55,027|INFO|random_mc2_n5_mid3_d1000_05_mr098_r10_188_uai_GDCC_1e-09_n200_roFalse_s0: Loading model from ../models/synthetic/s123/random_mc2_n5_mid3_d1000_05_mr098_r10_188.uai
2026-02-02 16:27:55,043|INFO|random_mc2_n6_mid3_d1000_05_mr098_r10_178_uai_GDCC_1e-09_n200_roFalse_s0: Loading model from ../models/synthetic/s123/random_mc2_n6_mid3_d1000_05_mr098_r10_178.uai
2026-02-02 16:27:55,024|INFO|random_mc2_n7_mid3_d1000_05_mr098_r10_25_uai_GDCC_1e-09_n200_roTrue_s0: Loading data from ../models/synthetic/s123/random_mc2_n7_mid3_d1000_05_mr098_r10_25.csv
2026-02-02 16:27:55,033|INFO|random_mc2_n5_mid3_d1000_05_mr098_r10_188_uai_GDCC_1e-09_n200_roFalse_s0: Loading data from ../models/synthetic/s123/random_mc2_n5_mid3_d1000_05_mr098_r10_188.csv
2026-02-02 16:27:55,042|INFO|random_mc2_n5_mid3_d1000_05_mr098_r10_188_uai_GDCC_1e-09_n200_roFalse_s0: PNS(V3,V4) exact: (0.0, 0.049356796840515)
2026-02-02 16:27:55,055|INFO|random_mc2_n6_mid3_d1000_05_mr098_r10_178_uai_GDCC_1e-09_n200_roFalse_s0: Loading data from ../models/synthetic/s123/random_mc2_n6_mid3_d1000_05_mr098_r10_178.csv
2026-02-02 16:27:55,065|INFO|random_mc2_n6_mid3_d1000_05_mr098_r10_178_uai_GDCC_1e-09_n200_roFalse_s0: PNS(V3,V5) exact: (0.1134567257784353, 0.3551658025191099)
2026-02-02 16:27:55,119|INFO|random_mc2_n5_mid3_d1000_05_mr098_r10_188_uai_GDCC_1e-09_n200_roTrue_s0: Loading model from ../models/synthetic/s123/random_mc2_n5_mid3_d1000_05_mr098_r10_188.uai
2026-02-02 16:27:55,125|INFO|random_mc2_n5_mid3_d1000_05_mr098_r10_188_uai_GDCC_1e-09_n200_roTrue_s0: Loading data from ../models/synthetic/s123/random_mc2_n5_mid3_d1000_05_mr098_r10_188.csv
2026-02-02 16:27:55,135|INFO|random_mc2_n5_mid3_d1000_05_mr098_r10_188_uai_GDCC_1e-09_n200_roTrue_s0: PNS(V3,V4) exact: (0.0, 0.049356796840515)
2026-02-02 16:27:55,461|INFO|random_mc2_n7_mid3_d1000_05_mr098_r10_91_uai_GDCC_1e-09_n200_roTrue_s0: Loading model from ../models/synthetic/s123/random_mc2_n7_mid3_d1000_05_mr098_r10_91.uai
2026-02-02 16:27:55,519|INFO|random_mc2_n7_mid3_d1000_05_mr098_r10_91_uai_GDCC_1e-09_n200_roTrue_s0: Loading data from ../models/synthetic/s123/random_mc2_n7_mid3_d1000_05_mr098_r10_91.csv
2026-02-02 16:27:55,524|INFO|random_mc2_n5_mid3_d1000_05_mr098_r10_191_uai_GDCC_1e-09_n200_roTrue_s0: Loading model from ../models/synthetic/s123/random_mc2_n5_mid3_d1000_05_mr098_r10_191.uai
2026-02-02 16:27:55,529|INFO|random_mc2_n5_mid3_d1000_05_mr098_r10_191_uai_GDCC_1e-09_n200_roTrue_s0: Loading data from ../models/synthetic/s123/random_mc2_n5_mid3_d1000_05_mr098_r10_191.csv
2026-02-02 16:27:55,642|INFO|random_mc2_n9_mid3_d1000_05_mr098_r10_107_uai_GDCC_1e-09_n200_roFalse_s0: Loading model from ../models/synthetic/s123/random_mc2_n9_mid3_d1000_05_mr098_r10_107.uai
2026-02-02 16:27:55,660|INFO|random_mc2_n6_mid3_d1000_05_mr098_r10_91_uai_GDCC_1e-09_n200_roTrue_s0: Loading model from ../models/synthetic/s123/random_mc2_n6_mid3_d1000_05_mr098_r10_91.uai
2026-02-02 16:27:55,663|INFO|random_mc2_n7_mid3_d1000_05_mr098_r10_20_uai_GDCC_1e-09_n200_roFalse_s0: Loading model from ../models/synthetic/s123/random_mc2_n7_mid3_d1000_05_mr098_r10_20.uai
2026-02-02 16:27:55,688|INFO|random_mc2_n5_mid3_d1000_05_mr098_r10_150_uai_GDCC_1e-09_n200_roTrue_s0: Loading model from ../models/synthetic/s123/random_mc2_n5_mid3_d1000_05_mr098_r10_150.uai
2026-02-02 16:27:55,690|INFO|random_mc2_n8_mid3_d1000_05_mr098_r10_127_uai_GDCC_1e-09_n200_roFalse_s0: Loading model from ../models/synthetic/s123/random_mc2_n8_mid3_d1000_05_mr098_r10_127.uai
2026-02-02 16:27:55,670|INFO|random_mc2_n6_mid3_d1000_05_mr098_r10_91_uai_GDCC_1e-09_n200_roTrue_s0: Loading data from ../models/synthetic/s123/random_mc2_n6_mid3_d1000_05_mr098_r10_91.csv
2026-02-02 16:27:55,680|INFO|random_mc2_n6_mid3_d1000_05_mr098_r10_91_uai_GDCC_1e-09_n200_roTrue_s0: PNS(V0,V4) exact: (0.0014168071017796, 0.103549899791906)
2026-02-02 16:27:55,672|INFO|random_mc2_n7_mid3_d1000_05_mr098_r10_20_uai_GDCC_1e-09_n200_roFalse_s0: Loading data from ../models/synthetic/s123/random_mc2_n7_mid3_d1000_05_mr098_r10_20.csv
2026-02-02 16:27:55,716|INFO|random_mc2_n6_mid3_d1000_05_mr098_r10_17_uai_GDCC_1e-09_n200_roFalse_s0: Loading model from ../models/synthetic/s123/random_mc2_n6_mid3_d1000_05_mr098_r10_17.uai
2026-02-02 16:27:55,721|INFO|random_mc2_n9_mid3_d1000_05_mr098_r10_152_uai_GDCC_1e-09_n200_roTrue_s0: Loading model from ../models/synthetic/s123/random_mc2_n9_mid3_d1000_05_mr098_r10_152.uai
2026-02-02 16:27:55,722|INFO|random_mc2_n7_mid3_d1000_05_mr098_r10_131_uai_GDCC_1e-09_n200_roTrue_s0: Loading model from ../models/synthetic/s123/random_mc2_n7_mid3_d1000_05_mr098_r10_131.uai
2026-02-02 16:27:55,724|INFO|random_mc2_n6_mid3_d1000_05_mr098_r10_108_uai_GDCC_1e-09_n200_roTrue_s0: Loading model from ../models/synthetic/s123/random_mc2_n6_mid3_d1000_05_mr098_r10_108.uai
2026-02-02 16:27:55,726|INFO|random_mc2_n7_mid3_d1000_05_mr098_r10_54_uai_GDCC_1e-09_n200_roFalse_s0: Loading model from ../models/synthetic/s123/random_mc2_n7_mid3_d1000_05_mr098_r10_54.uai
2026-02-02 16:27:55,697|INFO|random_mc2_n5_mid3_d1000_05_mr098_r10_150_uai_GDCC_1e-09_n200_roTrue_s0: Loading data from ../models/synthetic/s123/random_mc2_n5_mid3_d1000_05_mr098_r10_150.csv
2026-02-02 16:27:55,735|INFO|random_mc2_n6_mid3_d1000_05_mr098_r10_167_uai_GDCC_1e-09_n200_roTrue_s0: Loading model from ../models/synthetic/s123/random_mc2_n6_mid3_d1000_05_mr098_r10_167.uai
2026-02-02 16:27:55,743|INFO|random_mc2_n8_mid3_d1000_05_mr098_r10_127_uai_GDCC_1e-09_n200_roFalse_s0: Loading data from ../models/synthetic/s123/random_mc2_n8_mid3_d1000_05_mr098_r10_127.csv
2026-02-02 16:27:55,723|INFO|random_mc2_n6_mid3_d1000_05_mr098_r10_17_uai_GDCC_1e-09_n200_roFalse_s0: Loading data from ../models/synthetic/s123/random_mc2_n6_mid3_d1000_05_mr098_r10_17.csv
2026-02-02 16:27:55,732|INFO|random_mc2_n6_mid3_d1000_05_mr098_r10_17_uai_GDCC_1e-09_n200_roFalse_s0: PNS(V5,V0) exact: (0.068749296, 0.1201185324)
2026-02-02 16:27:55,753|INFO|random_mc2_n9_mid3_d1000_05_mr098_r10_152_uai_GDCC_1e-09_n200_roTrue_s0: Loading data from ../models/synthetic/s123/random_mc2_n9_mid3_d1000_05_mr098_r10_152.csv
2026-02-02 16:27:55,734|INFO|random_mc2_n7_mid3_d1000_05_mr098_r10_131_uai_GDCC_1e-09_n200_roTrue_s0: Loading data from ../models/synthetic/s123/random_mc2_n7_mid3_d1000_05_mr098_r10_131.csv
2026-02-02 16:27:55,744|INFO|random_mc2_n7_mid3_d1000_05_mr098_r10_131_uai_GDCC_1e-09_n200_roTrue_s0: PNS(V4,V5) exact: (0.0019772565152803, 0.1646117945558058)
2026-02-02 16:27:55,763|INFO|random_mc2_n9_mid3_d1000_05_mr098_r10_152_uai_GDCC_1e-09_n200_roTrue_s0: PNS(V4,V6) exact: (0.0985718975711222, 0.2731262523008737)
2026-02-02 16:27:55,733|INFO|random_mc2_n6_mid3_d1000_05_mr098_r10_108_uai_GDCC_1e-09_n200_roTrue_s0: Loading data from ../models/synthetic/s123/random_mc2_n6_mid3_d1000_05_mr098_r10_108.csv
2026-02-02 16:27:55,744|INFO|random_mc2_n7_mid3_d1000_05_mr098_r10_54_uai_GDCC_1e-09_n200_roFalse_s0: Loading data from ../models/synthetic/s123/random_mc2_n7_mid3_d1000_05_mr098_r10_54.csv
2026-02-02 16:27:55,746|INFO|random_mc2_n6_mid3_d1000_05_mr098_r10_167_uai_GDCC_1e-09_n200_roTrue_s0: Loading data from ../models/synthetic/s123/random_mc2_n6_mid3_d1000_05_mr098_r10_167.csv
2026-02-02 16:27:55,756|INFO|random_mc2_n6_mid3_d1000_05_mr098_r10_167_uai_GDCC_1e-09_n200_roTrue_s0: PNS(V2,V1) exact: (0.0056271242, 0.1343609088)
2026-02-02 16:27:56,069|INFO|random_mc2_n9_mid3_d1000_05_mr098_r10_107_uai_GDCC_1e-09_n200_roFalse_s0: Loading data from ../models/synthetic/s123/random_mc2_n9_mid3_d1000_05_mr098_r10_107.csv
2026-02-02 16:27:59,812|INFO|random_mc2_n8_mid3_d1000_05_mr098_r10_26_uai_GDCC_1e-09_n200_roTrue_s0: Loading model from ../models/synthetic/s123/random_mc2_n8_mid3_d1000_05_mr098_r10_26.uai
2026-02-02 16:27:59,833|INFO|random_mc2_n8_mid3_d1000_05_mr098_r10_26_uai_GDCC_1e-09_n200_roTrue_s0: Loading data from ../models/synthetic/s123/random_mc2_n8_mid3_d1000_05_mr098_r10_26.csv
2026-02-02 16:28:04,531|INFO|random_mc2_n6_mid3_d1000_05_mr098_r10_162_uai_GDCC_1e-09_n200_roTrue_s0: Loading model from ../models/synthetic/s123/random_mc2_n6_mid3_d1000_05_mr098_r10_162.uai
2026-02-02 16:28:04,536|INFO|random_mc2_n7_mid3_d1000_05_mr098_r10_93_uai_GDCC_1e-09_n200_roFalse_s0: Loading model from ../models/synthetic/s123/random_mc2_n7_mid3_d1000_05_mr098_r10_93.uai
2026-02-02 16:28:04,547|INFO|random_mc2_n6_mid3_d1000_05_mr098_r10_162_uai_GDCC_1e-09_n200_roTrue_s0: Loading data from ../models/synthetic/s123/random_mc2_n6_mid3_d1000_05_mr098_r10_162.csv
2026-02-02 16:28:04,557|INFO|random_mc2_n6_mid3_d1000_05_mr098_r10_162_uai_GDCC_1e-09_n200_roTrue_s0: PNS(V1,V5) exact: (0.15777013681104, 0.3907870473200001)
2026-02-02 16:28:04,543|INFO|random_mc2_n7_mid3_d1000_05_mr098_r10_93_uai_GDCC_1e-09_n200_roFalse_s0: Loading data from ../models/synthetic/s123/random_mc2_n7_mid3_d1000_05_mr098_r10_93.csv
2026-02-02 16:28:04,621|INFO|random_mc2_n7_mid3_d1000_05_mr098_r10_62_uai_GDCC_1e-09_n200_roFalse_s0: Loading model from ../models/synthetic/s123/random_mc2_n7_mid3_d1000_05_mr098_r10_62.uai
2026-02-02 16:28:04,718|INFO|random_mc2_n9_mid3_d1000_05_mr098_r10_2_uai_GDCC_1e-09_n200_roTrue_s0: Loading model from ../models/synthetic/s123/random_mc2_n9_mid3_d1000_05_mr098_r10_2.uai
2026-02-02 16:28:04,720|INFO|random_mc2_n7_mid3_d1000_05_mr098_r10_62_uai_GDCC_1e-09_n200_roFalse_s0: Loading data from ../models/synthetic/s123/random_mc2_n7_mid3_d1000_05_mr098_r10_62.csv
2026-02-02 16:28:04,736|INFO|random_mc2_n9_mid3_d1000_05_mr098_r10_2_uai_GDCC_1e-09_n200_roTrue_s0: Loading data from ../models/synthetic/s123/random_mc2_n9_mid3_d1000_05_mr098_r10_2.csv
2026-02-02 16:28:05,253|INFO|random_mc2_n5_mid3_d1000_05_mr098_r10_153_uai_GDCC_1e-09_n200_roFalse_s0: Loading model from ../models/synthetic/s123/random_mc2_n5_mid3_d1000_05_mr098_r10_153.uai
2026-02-02 16:28:05,258|INFO|random_mc2_n5_mid3_d1000_05_mr098_r10_153_uai_GDCC_1e-09_n200_roFalse_s0: Loading data from ../models/synthetic/s123/random_mc2_n5_mid3_d1000_05_mr098_r10_153.csv
2026-02-02 16:28:05,268|INFO|random_mc2_n5_mid3_d1000_05_mr098_r10_153_uai_GDCC_1e-09_n200_roFalse_s0: PNS(V3,V2) exact: (0.014386402, 0.118614199)
2026-02-02 16:28:05,394|INFO|random_mc2_n8_mid3_d1000_05_mr098_r10_35_uai_GDCC_1e-09_n200_roFalse_s0: Loading model from ../models/synthetic/s123/random_mc2_n8_mid3_d1000_05_mr098_r10_35.uai
2026-02-02 16:28:05,465|INFO|random_mc2_n9_mid3_d1000_05_mr098_r10_162_uai_GDCC_1e-09_n200_roFalse_s0: Loading model from ../models/synthetic/s123/random_mc2_n9_mid3_d1000_05_mr098_r10_162.uai
2026-02-02 16:28:05,615|INFO|random_mc2_n8_mid3_d1000_05_mr098_r10_35_uai_GDCC_1e-09_n200_roFalse_s0: Loading data from ../models/synthetic/s123/random_mc2_n8_mid3_d1000_05_mr098_r10_35.csv
2026-02-02 16:28:05,643|INFO|random_mc2_n7_mid3_d1000_05_mr098_r10_47_uai_GDCC_1e-09_n200_roFalse_s0: Loading model from ../models/synthetic/s123/random_mc2_n7_mid3_d1000_05_mr098_r10_47.uai
2026-02-02 16:28:05,656|INFO|random_mc2_n7_mid3_d1000_05_mr098_r10_47_uai_GDCC_1e-09_n200_roFalse_s0: Loading data from ../models/synthetic/s123/random_mc2_n7_mid3_d1000_05_mr098_r10_47.csv
2026-02-02 16:28:05,665|INFO|random_mc2_n7_mid3_d1000_05_mr098_r10_47_uai_GDCC_1e-09_n200_roFalse_s0: PNS(V3,V6) exact: (0.1989106159359959, 0.311362706666494)
2026-02-02 16:28:05,895|INFO|random_mc2_n9_mid3_d1000_05_mr098_r10_162_uai_GDCC_1e-09_n200_roFalse_s0: Loading data from ../models/synthetic/s123/random_mc2_n9_mid3_d1000_05_mr098_r10_162.csv
2026-02-02 16:28:05,930|INFO|random_mc2_n5_mid3_d1000_05_mr098_r10_44_uai_GDCC_1e-09_n200_roFalse_s0: Loading model from ../models/synthetic/s123/random_mc2_n5_mid3_d1000_05_mr098_r10_44.uai
2026-02-02 16:28:05,939|INFO|random_mc2_n5_mid3_d1000_05_mr098_r10_44_uai_GDCC_1e-09_n200_roFalse_s0: Loading data from ../models/synthetic/s123/random_mc2_n5_mid3_d1000_05_mr098_r10_44.csv
2026-02-02 16:28:05,949|INFO|random_mc2_n5_mid3_d1000_05_mr098_r10_44_uai_GDCC_1e-09_n200_roFalse_s0: PNS(V1,V3) exact: (0.01686, 0.02828)
2026-02-02 16:28:05,982|INFO|random_mc2_n8_mid3_d1000_05_mr098_r10_30_uai_GDCC_1e-09_n200_roFalse_s0: Loading model from ../models/synthetic/s123/random_mc2_n8_mid3_d1000_05_mr098_r10_30.uai
2026-02-02 16:28:05,998|INFO|random_mc2_n5_mid3_d1000_05_mr098_r10_71_uai_GDCC_1e-09_n200_roTrue_s0: Loading model from ../models/synthetic/s123/random_mc2_n5_mid3_d1000_05_mr098_r10_71.uai
2026-02-02 16:28:06,001|INFO|random_mc2_n8_mid3_d1000_05_mr098_r10_30_uai_GDCC_1e-09_n200_roFalse_s0: Loading data from ../models/synthetic/s123/random_mc2_n8_mid3_d1000_05_mr098_r10_30.csv
2026-02-02 16:28:06,004|INFO|random_mc2_n5_mid3_d1000_05_mr098_r10_71_uai_GDCC_1e-09_n200_roTrue_s0: Loading data from ../models/synthetic/s123/random_mc2_n5_mid3_d1000_05_mr098_r10_71.csv
2026-02-02 16:28:06,014|INFO|random_mc2_n5_mid3_d1000_05_mr098_r10_71_uai_GDCC_1e-09_n200_roTrue_s0: PNS(V1,V0) exact: (0.0, 0.0786183533)
2026-02-02 16:28:06,075|INFO|random_mc2_n9_mid3_d1000_05_mr098_r10_182_uai_GDCC_1e-09_n200_roTrue_s0: Loading model from ../models/synthetic/s123/random_mc2_n9_mid3_d1000_05_mr098_r10_182.uai
2026-02-02 16:28:06,096|INFO|random_mc2_n9_mid3_d1000_05_mr098_r10_182_uai_GDCC_1e-09_n200_roTrue_s0: Loading data from ../models/synthetic/s123/random_mc2_n9_mid3_d1000_05_mr098_r10_182.csv
2026-02-02 16:28:07,755|INFO|random_mc2_n5_mid3_d1000_05_mr098_r10_107_uai_GDCC_1e-09_n200_roFalse_s0: Loading model from ../models/synthetic/s123/random_mc2_n5_mid3_d1000_05_mr098_r10_107.uai
2026-02-02 16:28:07,791|INFO|random_mc2_n8_mid3_d1000_05_mr098_r10_38_uai_GDCC_1e-09_n200_roTrue_s0: Loading model from ../models/synthetic/s123/random_mc2_n8_mid3_d1000_05_mr098_r10_38.uai
2026-02-02 16:28:07,770|INFO|random_mc2_n5_mid3_d1000_05_mr098_r10_107_uai_GDCC_1e-09_n200_roFalse_s0: Loading data from ../models/synthetic/s123/random_mc2_n5_mid3_d1000_05_mr098_r10_107.csv
2026-02-02 16:28:07,794|INFO|random_mc2_n5_mid3_d1000_05_mr098_r10_122_uai_GDCC_1e-09_n200_roTrue_s0: Loading model from ../models/synthetic/s123/random_mc2_n5_mid3_d1000_05_mr098_r10_122.uai
2026-02-02 16:28:07,819|INFO|random_mc2_n8_mid3_d1000_05_mr098_r10_38_uai_GDCC_1e-09_n200_roTrue_s0: Loading data from ../models/synthetic/s123/random_mc2_n8_mid3_d1000_05_mr098_r10_38.csv
2026-02-02 16:28:07,833|INFO|random_mc2_n5_mid3_d1000_05_mr098_r10_100_uai_GDCC_1e-09_n200_roTrue_s0: Loading model from ../models/synthetic/s123/random_mc2_n5_mid3_d1000_05_mr098_r10_100.uai
2026-02-02 16:28:07,800|INFO|random_mc2_n5_mid3_d1000_05_mr098_r10_122_uai_GDCC_1e-09_n200_roTrue_s0: Loading data from ../models/synthetic/s123/random_mc2_n5_mid3_d1000_05_mr098_r10_122.csv
2026-02-02 16:28:07,835|INFO|random_mc2_n5_mid3_d1000_05_mr098_r10_198_uai_GDCC_1e-09_n200_roFalse_s0: Loading model from ../models/synthetic/s123/random_mc2_n5_mid3_d1000_05_mr098_r10_198.uai
2026-02-02 16:28:07,810|INFO|random_mc2_n5_mid3_d1000_05_mr098_r10_122_uai_GDCC_1e-09_n200_roTrue_s0: PNS(V0,V3) exact: (0.0, 0.30162)
2026-02-02 16:28:07,842|INFO|random_mc2_n5_mid3_d1000_05_mr098_r10_100_uai_GDCC_1e-09_n200_roTrue_s0: Loading data from ../models/synthetic/s123/random_mc2_n5_mid3_d1000_05_mr098_r10_100.csv
2026-02-02 16:28:07,841|INFO|random_mc2_n5_mid3_d1000_05_mr098_r10_198_uai_GDCC_1e-09_n200_roFalse_s0: Loading data from ../models/synthetic/s123/random_mc2_n5_mid3_d1000_05_mr098_r10_198.csv
2026-02-02 16:28:07,851|INFO|random_mc2_n5_mid3_d1000_05_mr098_r10_198_uai_GDCC_1e-09_n200_roFalse_s0: PNS(V1,V2) exact: (0.0023041834999999, 0.0397455824)
2026-02-02 16:28:07,937|INFO|random_mc2_n5_mid3_d1000_05_mr098_r10_197_uai_GDCC_1e-09_n200_roTrue_s0: Loading model from ../models/synthetic/s123/random_mc2_n5_mid3_d1000_05_mr098_r10_197.uai
2026-02-02 16:28:07,944|INFO|random_mc2_n5_mid3_d1000_05_mr098_r10_197_uai_GDCC_1e-09_n200_roTrue_s0: Loading data from ../models/synthetic/s123/random_mc2_n5_mid3_d1000_05_mr098_r10_197.csv
2026-02-02 16:28:07,956|INFO|random_mc2_n5_mid3_d1000_05_mr098_r10_197_uai_GDCC_1e-09_n200_roTrue_s0: PNS(V0,V2) exact: (0.0654547499999999, 0.0866559)
2026-02-02 16:28:09,132|INFO|random_mc2_n5_mid3_d1000_05_mr098_r10_78_uai_GDCC_1e-09_n200_roFalse_s0: Loading model from ../models/synthetic/s123/random_mc2_n5_mid3_d1000_05_mr098_r10_78.uai
2026-02-02 16:28:09,142|INFO|random_mc2_n6_mid3_d1000_05_mr098_r10_68_uai_GDCC_1e-09_n200_roTrue_s0: Loading model from ../models/synthetic/s123/random_mc2_n6_mid3_d1000_05_mr098_r10_68.uai
2026-02-02 16:28:09,137|INFO|random_mc2_n5_mid3_d1000_05_mr098_r10_78_uai_GDCC_1e-09_n200_roFalse_s0: Loading data from ../models/synthetic/s123/random_mc2_n5_mid3_d1000_05_mr098_r10_78.csv
2026-02-02 16:28:09,153|INFO|random_mc2_n5_mid3_d1000_05_mr098_r10_78_uai_GDCC_1e-09_n200_roFalse_s0: PNS(V0,V2) exact: (0.163, 0.163)
2026-02-02 16:28:09,178|INFO|random_mc2_n9_mid3_d1000_05_mr098_r10_182_uai_GDCC_1e-09_n200_roFalse_s0: Loading model from ../models/synthetic/s123/random_mc2_n9_mid3_d1000_05_mr098_r10_182.uai
2026-02-02 16:28:09,152|INFO|random_mc2_n6_mid3_d1000_05_mr098_r10_68_uai_GDCC_1e-09_n200_roTrue_s0: Loading data from ../models/synthetic/s123/random_mc2_n6_mid3_d1000_05_mr098_r10_68.csv
2026-02-02 16:28:09,162|INFO|random_mc2_n6_mid3_d1000_05_mr098_r10_68_uai_GDCC_1e-09_n200_roTrue_s0: PNS(V0,V1) exact: (0.0, 0.1486868319875199)
2026-02-02 16:28:09,187|INFO|random_mc2_n5_mid3_d1000_05_mr098_r10_138_uai_GDCC_1e-09_n200_roTrue_s0: Loading model from ../models/synthetic/s123/random_mc2_n5_mid3_d1000_05_mr098_r10_138.uai
2026-02-02 16:28:09,198|INFO|random_mc2_n9_mid3_d1000_05_mr098_r10_182_uai_GDCC_1e-09_n200_roFalse_s0: Loading data from ../models/synthetic/s123/random_mc2_n9_mid3_d1000_05_mr098_r10_182.csv
2026-02-02 16:28:09,193|INFO|random_mc2_n5_mid3_d1000_05_mr098_r10_138_uai_GDCC_1e-09_n200_roTrue_s0: Loading data from ../models/synthetic/s123/random_mc2_n5_mid3_d1000_05_mr098_r10_138.csv
2026-02-02 16:28:09,203|INFO|random_mc2_n5_mid3_d1000_05_mr098_r10_138_uai_GDCC_1e-09_n200_roTrue_s0: PNS(V4,V0) exact: (0.01751032725, 0.049784487675)
2026-02-02 16:28:09,233|INFO|random_mc2_n5_mid3_d1000_05_mr098_r10_24_uai_GDCC_1e-09_n200_roFalse_s0: Loading model from ../models/synthetic/s123/random_mc2_n5_mid3_d1000_05_mr098_r10_24.uai
2026-02-02 16:28:09,235|INFO|random_mc2_n8_mid3_d1000_05_mr098_r10_30_uai_GDCC_1e-09_n200_roTrue_s0: Loading model from ../models/synthetic/s123/random_mc2_n8_mid3_d1000_05_mr098_r10_30.uai
2026-02-02 16:28:09,240|INFO|random_mc2_n8_mid3_d1000_05_mr098_r10_125_uai_GDCC_1e-09_n200_roTrue_s0: Loading model from ../models/synthetic/s123/random_mc2_n8_mid3_d1000_05_mr098_r10_125.uai
2026-02-02 16:28:09,248|INFO|random_mc2_n6_mid3_d1000_05_mr098_r10_36_uai_GDCC_1e-09_n200_roTrue_s0: Loading model from ../models/synthetic/s123/random_mc2_n6_mid3_d1000_05_mr098_r10_36.uai
2026-02-02 16:28:09,255|INFO|random_mc2_n7_mid3_d1000_05_mr098_r10_6_uai_GDCC_1e-09_n200_roTrue_s0: Loading model from ../models/synthetic/s123/random_mc2_n7_mid3_d1000_05_mr098_r10_6.uai
2026-02-02 16:28:09,242|INFO|random_mc2_n5_mid3_d1000_05_mr098_r10_24_uai_GDCC_1e-09_n200_roFalse_s0: Loading data from ../models/synthetic/s123/random_mc2_n5_mid3_d1000_05_mr098_r10_24.csv
2026-02-02 16:28:09,253|INFO|random_mc2_n5_mid3_d1000_05_mr098_r10_24_uai_GDCC_1e-09_n200_roFalse_s0: PNS(V4,V0) exact: (0.0, 0.003928219827024)
2026-02-02 16:28:09,254|INFO|random_mc2_n8_mid3_d1000_05_mr098_r10_30_uai_GDCC_1e-09_n200_roTrue_s0: Loading data from ../models/synthetic/s123/random_mc2_n8_mid3_d1000_05_mr098_r10_30.csv
2026-02-02 16:28:09,260|INFO|random_mc2_n6_mid3_d1000_05_mr098_r10_36_uai_GDCC_1e-09_n200_roTrue_s0: Loading data from ../models/synthetic/s123/random_mc2_n6_mid3_d1000_05_mr098_r10_36.csv
2026-02-02 16:28:09,270|INFO|random_mc2_n6_mid3_d1000_05_mr098_r10_36_uai_GDCC_1e-09_n200_roTrue_s0: PNS(V1,V4) exact: (0.0029094796518842, 0.0163840107745321)
2026-02-02 16:28:09,271|INFO|random_mc2_n7_mid3_d1000_05_mr098_r10_6_uai_GDCC_1e-09_n200_roTrue_s0: Loading data from ../models/synthetic/s123/random_mc2_n7_mid3_d1000_05_mr098_r10_6.csv
2026-02-02 16:28:09,281|INFO|random_mc2_n7_mid3_d1000_05_mr098_r10_6_uai_GDCC_1e-09_n200_roTrue_s0: PNS(V2,V3) exact: (0.0, 0.0284169509445683)
2026-02-02 16:28:09,322|INFO|random_mc2_n5_mid3_d1000_05_mr098_r10_47_uai_GDCC_1e-09_n200_roTrue_s0: Loading model from ../models/synthetic/s123/random_mc2_n5_mid3_d1000_05_mr098_r10_47.uai
2026-02-02 16:28:09,325|INFO|random_mc2_n6_mid3_d1000_05_mr098_r10_40_uai_GDCC_1e-09_n200_roFalse_s0: Loading model from ../models/synthetic/s123/random_mc2_n6_mid3_d1000_05_mr098_r10_40.uai
2026-02-02 16:28:09,328|INFO|random_mc2_n5_mid3_d1000_05_mr098_r10_47_uai_GDCC_1e-09_n200_roTrue_s0: Loading data from ../models/synthetic/s123/random_mc2_n5_mid3_d1000_05_mr098_r10_47.csv
2026-02-02 16:28:09,340|INFO|random_mc2_n5_mid3_d1000_05_mr098_r10_47_uai_GDCC_1e-09_n200_roTrue_s0: PNS(V2,V3) exact: (0.1161899999999999, 0.1161899999999999)
2026-02-02 16:28:09,332|INFO|random_mc2_n6_mid3_d1000_05_mr098_r10_40_uai_GDCC_1e-09_n200_roFalse_s0: Loading data from ../models/synthetic/s123/random_mc2_n6_mid3_d1000_05_mr098_r10_40.csv
2026-02-02 16:28:09,343|INFO|random_mc2_n6_mid3_d1000_05_mr098_r10_40_uai_GDCC_1e-09_n200_roFalse_s0: PNS(V1,V5) exact: (0.0, 0.0896543509)
2026-02-02 16:28:09,458|INFO|random_mc2_n8_mid3_d1000_05_mr098_r10_125_uai_GDCC_1e-09_n200_roTrue_s0: Loading data from ../models/synthetic/s123/random_mc2_n8_mid3_d1000_05_mr098_r10_125.csv
2026-02-02 16:28:09,957|INFO|random_mc2_n6_mid3_d1000_05_mr098_r10_8_uai_GDCC_1e-09_n200_roFalse_s0: Loading model from ../models/synthetic/s123/random_mc2_n6_mid3_d1000_05_mr098_r10_8.uai
2026-02-02 16:28:09,963|INFO|random_mc2_n6_mid3_d1000_05_mr098_r10_8_uai_GDCC_1e-09_n200_roFalse_s0: Loading data from ../models/synthetic/s123/random_mc2_n6_mid3_d1000_05_mr098_r10_8.csv
2026-02-02 16:28:09,976|INFO|random_mc2_n6_mid3_d1000_05_mr098_r10_8_uai_GDCC_1e-09_n200_roFalse_s0: PNS(V0,V3) exact: (0.0, 0.0)
2026-02-02 16:28:09,976|ERROR|random_mc2_n6_mid3_d1000_05_mr098_r10_8_uai_GDCC_1e-09_n200_roFalse_s0: Model does not have any cause-effect path.
2026-02-02 16:28:16,253|INFO|random_mc2_n6_mid3_d1000_05_mr098_r10_144_uai_GDCC_1e-09_n200_roFalse_s0: Loading model from ../models/synthetic/s123/random_mc2_n6_mid3_d1000_05_mr098_r10_144.uai
2026-02-02 16:28:16,262|INFO|random_mc2_n6_mid3_d1000_05_mr098_r10_144_uai_GDCC_1e-09_n200_roFalse_s0: Loading data from ../models/synthetic/s123/random_mc2_n6_mid3_d1000_05_mr098_r10_144.csv
2026-02-02 16:28:16,271|INFO|random_mc2_n6_mid3_d1000_05_mr098_r10_144_uai_GDCC_1e-09_n200_roFalse_s0: PNS(V1,V4) exact: (0.0105806483115999, 0.0362963028616)
2026-02-02 16:28:17,398|INFO|random_mc2_n9_mid3_d1000_05_mr098_r10_118_uai_GDCC_1e-09_n200_roFalse_s0: Loading model from ../models/synthetic/s123/random_mc2_n9_mid3_d1000_05_mr098_r10_118.uai
2026-02-02 16:28:17,416|INFO|random_mc2_n9_mid3_d1000_05_mr098_r10_118_uai_GDCC_1e-09_n200_roFalse_s0: Loading data from ../models/synthetic/s123/random_mc2_n9_mid3_d1000_05_mr098_r10_118.csv
2026-02-02 16:28:17,537|INFO|random_mc2_n5_mid3_d1000_05_mr098_r10_55_uai_GDCC_1e-09_n200_roFalse_s0: Loading model from ../models/synthetic/s123/random_mc2_n5_mid3_d1000_05_mr098_r10_55.uai
2026-02-02 16:28:17,573|INFO|random_mc2_n8_mid3_d1000_05_mr098_r10_119_uai_GDCC_1e-09_n200_roTrue_s0: Loading model from ../models/synthetic/s123/random_mc2_n8_mid3_d1000_05_mr098_r10_119.uai
2026-02-02 16:28:17,544|INFO|random_mc2_n5_mid3_d1000_05_mr098_r10_55_uai_GDCC_1e-09_n200_roFalse_s0: Loading data from ../models/synthetic/s123/random_mc2_n5_mid3_d1000_05_mr098_r10_55.csv
2026-02-02 16:28:17,554|INFO|random_mc2_n5_mid3_d1000_05_mr098_r10_55_uai_GDCC_1e-09_n200_roFalse_s0: PNS(V2,V3) exact: (0.2402970184, 0.3589271115)
2026-02-02 16:28:17,583|INFO|random_mc2_n5_mid3_d1000_05_mr098_r10_183_uai_GDCC_1e-09_n200_roTrue_s0: Loading model from ../models/synthetic/s123/random_mc2_n5_mid3_d1000_05_mr098_r10_183.uai
2026-02-02 16:28:17,595|INFO|random_mc2_n5_mid3_d1000_05_mr098_r10_183_uai_GDCC_1e-09_n200_roTrue_s0: Loading data from ../models/synthetic/s123/random_mc2_n5_mid3_d1000_05_mr098_r10_183.csv
2026-02-02 16:28:17,604|INFO|random_mc2_n5_mid3_d1000_05_mr098_r10_183_uai_GDCC_1e-09_n200_roTrue_s0: PNS(V0,V4) exact: (0.346001198451296, 0.346001198451296)
2026-02-02 16:28:17,627|INFO|random_mc2_n8_mid3_d1000_05_mr098_r10_119_uai_GDCC_1e-09_n200_roTrue_s0: Loading data from ../models/synthetic/s123/random_mc2_n8_mid3_d1000_05_mr098_r10_119.csv
2026-02-02 16:28:17,668|INFO|random_mc2_n6_mid3_d1000_05_mr098_r10_149_uai_GDCC_1e-09_n200_roTrue_s0: Loading model from ../models/synthetic/s123/random_mc2_n6_mid3_d1000_05_mr098_r10_149.uai
2026-02-02 16:28:17,681|INFO|random_mc2_n6_mid3_d1000_05_mr098_r10_149_uai_GDCC_1e-09_n200_roTrue_s0: Loading data from ../models/synthetic/s123/random_mc2_n6_mid3_d1000_05_mr098_r10_149.csv
2026-02-02 16:28:17,689|INFO|random_mc2_n6_mid3_d1000_05_mr098_r10_149_uai_GDCC_1e-09_n200_roTrue_s0: PNS(V2,V5) exact: (0.6597397735, 0.811257382)
2026-02-02 16:28:17,754|INFO|random_mc2_n5_mid3_d1000_05_mr098_r10_173_uai_GDCC_1e-09_n200_roTrue_s0: Loading model from ../models/synthetic/s123/random_mc2_n5_mid3_d1000_05_mr098_r10_173.uai
2026-02-02 16:28:17,760|INFO|random_mc2_n5_mid3_d1000_05_mr098_r10_173_uai_GDCC_1e-09_n200_roTrue_s0: Loading data from ../models/synthetic/s123/random_mc2_n5_mid3_d1000_05_mr098_r10_173.csv
2026-02-02 16:28:17,771|INFO|random_mc2_n5_mid3_d1000_05_mr098_r10_173_uai_GDCC_1e-09_n200_roTrue_s0: PNS(V1,V2) exact: (0.1236554301, 0.4222693768)
2026-02-02 16:28:18,573|INFO|random_mc2_n5_mid3_d1000_05_mr098_r10_103_uai_GDCC_1e-09_n200_roFalse_s0: Loading model from ../models/synthetic/s123/random_mc2_n5_mid3_d1000_05_mr098_r10_103.uai
2026-02-02 16:28:18,573|INFO|random_mc2_n5_mid3_d1000_05_mr098_r10_77_uai_GDCC_1e-09_n200_roFalse_s0: Loading model from ../models/synthetic/s123/random_mc2_n5_mid3_d1000_05_mr098_r10_77.uai
2026-02-02 16:28:18,593|INFO|random_mc2_n6_mid3_d1000_05_mr098_r10_95_uai_GDCC_1e-09_n200_roTrue_s0: Loading model from ../models/synthetic/s123/random_mc2_n6_mid3_d1000_05_mr098_r10_95.uai
2026-02-02 16:28:18,602|INFO|random_mc2_n5_mid3_d1000_05_mr098_r10_195_uai_GDCC_1e-09_n200_roTrue_s0: Loading model from ../models/synthetic/s123/random_mc2_n5_mid3_d1000_05_mr098_r10_195.uai
2026-02-02 16:28:18,580|INFO|random_mc2_n5_mid3_d1000_05_mr098_r10_77_uai_GDCC_1e-09_n200_roFalse_s0: Loading data from ../models/synthetic/s123/random_mc2_n5_mid3_d1000_05_mr098_r10_77.csv
2026-02-02 16:28:18,586|INFO|random_mc2_n5_mid3_d1000_05_mr098_r10_103_uai_GDCC_1e-09_n200_roFalse_s0: Loading data from ../models/synthetic/s123/random_mc2_n5_mid3_d1000_05_mr098_r10_103.csv
2026-02-02 16:28:18,590|INFO|random_mc2_n5_mid3_d1000_05_mr098_r10_77_uai_GDCC_1e-09_n200_roFalse_s0: PNS(V0,V4) exact: (0.0008196438446000002, 0.0193377889897999)
2026-02-02 16:28:18,596|INFO|random_mc2_n5_mid3_d1000_05_mr098_r10_103_uai_GDCC_1e-09_n200_roFalse_s0: PNS(V0,V4) exact: (0.055654259616004, 0.150953979930874)
2026-02-02 16:28:18,606|INFO|random_mc2_n6_mid3_d1000_05_mr098_r10_95_uai_GDCC_1e-09_n200_roTrue_s0: Loading data from ../models/synthetic/s123/random_mc2_n6_mid3_d1000_05_mr098_r10_95.csv
2026-02-02 16:28:18,616|INFO|random_mc2_n6_mid3_d1000_05_mr098_r10_95_uai_GDCC_1e-09_n200_roTrue_s0: PNS(V0,V3) exact: (0.0125035191999999, 0.0125035191999999)
2026-02-02 16:28:18,608|INFO|random_mc2_n5_mid3_d1000_05_mr098_r10_195_uai_GDCC_1e-09_n200_roTrue_s0: Loading data from ../models/synthetic/s123/random_mc2_n5_mid3_d1000_05_mr098_r10_195.csv
2026-02-02 16:28:18,617|INFO|random_mc2_n5_mid3_d1000_05_mr098_r10_195_uai_GDCC_1e-09_n200_roTrue_s0: PNS(V0,V4) exact: (0.131789906, 0.3518961976)
2026-02-02 16:28:18,659|INFO|random_mc2_n5_mid3_d1000_05_mr098_r10_68_uai_GDCC_1e-09_n200_roFalse_s0: Loading model from ../models/synthetic/s123/random_mc2_n5_mid3_d1000_05_mr098_r10_68.uai
2026-02-02 16:28:18,664|INFO|random_mc2_n5_mid3_d1000_05_mr098_r10_68_uai_GDCC_1e-09_n200_roFalse_s0: Loading data from ../models/synthetic/s123/random_mc2_n5_mid3_d1000_05_mr098_r10_68.csv
2026-02-02 16:28:20,815|INFO|random_mc2_n6_mid3_d1000_05_mr098_r10_149_uai_GDCC_1e-09_n200_roFalse_s0: Loading model from ../models/synthetic/s123/random_mc2_n6_mid3_d1000_05_mr098_r10_149.uai
2026-02-02 16:28:20,828|INFO|random_mc2_n6_mid3_d1000_05_mr098_r10_149_uai_GDCC_1e-09_n200_roFalse_s0: Loading data from ../models/synthetic/s123/random_mc2_n6_mid3_d1000_05_mr098_r10_149.csv
2026-02-02 16:28:20,837|INFO|random_mc2_n6_mid3_d1000_05_mr098_r10_149_uai_GDCC_1e-09_n200_roFalse_s0: PNS(V2,V5) exact: (0.6597397735, 0.811257382)
2026-02-02 16:28:21,220|INFO|random_mc2_n8_mid3_d1000_05_mr098_r10_177_uai_GDCC_1e-09_n200_roTrue_s0: Loading model from ../models/synthetic/s123/random_mc2_n8_mid3_d1000_05_mr098_r10_177.uai
2026-02-02 16:28:21,244|INFO|random_mc2_n5_mid3_d1000_05_mr098_r10_58_uai_GDCC_1e-09_n200_roTrue_s0: Loading model from ../models/synthetic/s123/random_mc2_n5_mid3_d1000_05_mr098_r10_58.uai
2026-02-02 16:28:21,268|INFO|random_mc2_n7_mid3_d1000_05_mr098_r10_22_uai_GDCC_1e-09_n200_roFalse_s0: Loading model from ../models/synthetic/s123/random_mc2_n7_mid3_d1000_05_mr098_r10_22.uai
2026-02-02 16:28:21,279|INFO|random_mc2_n5_mid3_d1000_05_mr098_r10_31_uai_GDCC_1e-09_n200_roFalse_s0: Loading model from ../models/synthetic/s123/random_mc2_n5_mid3_d1000_05_mr098_r10_31.uai
2026-02-02 16:28:21,255|INFO|random_mc2_n5_mid3_d1000_05_mr098_r10_58_uai_GDCC_1e-09_n200_roTrue_s0: Loading data from ../models/synthetic/s123/random_mc2_n5_mid3_d1000_05_mr098_r10_58.csv
2026-02-02 16:28:21,267|INFO|random_mc2_n5_mid3_d1000_05_mr098_r10_58_uai_GDCC_1e-09_n200_roTrue_s0: PNS(V1,V4) exact: (0.0036215301384, 0.042303308980416)
2026-02-02 16:28:21,292|INFO|random_mc2_n6_mid3_d1000_05_mr098_r10_165_uai_GDCC_1e-09_n200_roTrue_s0: Loading model from ../models/synthetic/s123/random_mc2_n6_mid3_d1000_05_mr098_r10_165.uai
2026-02-02 16:28:21,300|INFO|random_mc2_n7_mid3_d1000_05_mr098_r10_195_uai_GDCC_1e-09_n200_roTrue_s0: Loading model from ../models/synthetic/s123/random_mc2_n7_mid3_d1000_05_mr098_r10_195.uai
2026-02-02 16:28:21,281|INFO|random_mc2_n7_mid3_d1000_05_mr098_r10_22_uai_GDCC_1e-09_n200_roFalse_s0: Loading data from ../models/synthetic/s123/random_mc2_n7_mid3_d1000_05_mr098_r10_22.csv
2026-02-02 16:28:21,291|INFO|random_mc2_n7_mid3_d1000_05_mr098_r10_22_uai_GDCC_1e-09_n200_roFalse_s0: PNS(V1,V0) exact: (0.4818094928831341, 0.6444694971595442)
2026-02-02 16:28:21,317|INFO|random_mc2_n8_mid3_d1000_05_mr098_r10_177_uai_GDCC_1e-09_n200_roTrue_s0: Loading data from ../models/synthetic/s123/random_mc2_n8_mid3_d1000_05_mr098_r10_177.csv
2026-02-02 16:28:21,285|INFO|random_mc2_n5_mid3_d1000_05_mr098_r10_31_uai_GDCC_1e-09_n200_roFalse_s0: Loading data from ../models/synthetic/s123/random_mc2_n5_mid3_d1000_05_mr098_r10_31.csv
2026-02-02 16:28:21,294|INFO|random_mc2_n5_mid3_d1000_05_mr098_r10_31_uai_GDCC_1e-09_n200_roFalse_s0: PNS(V1,V2) exact: (0.0035429652, 0.2563315488)
2026-02-02 16:28:21,301|INFO|random_mc2_n6_mid3_d1000_05_mr098_r10_165_uai_GDCC_1e-09_n200_roTrue_s0: Loading data from ../models/synthetic/s123/random_mc2_n6_mid3_d1000_05_mr098_r10_165.csv
2026-02-02 16:28:21,310|INFO|random_mc2_n6_mid3_d1000_05_mr098_r10_165_uai_GDCC_1e-09_n200_roTrue_s0: PNS(V3,V2) exact: (0.0, 0.0558513235759999)
2026-02-02 16:28:21,317|INFO|random_mc2_n7_mid3_d1000_05_mr098_r10_195_uai_GDCC_1e-09_n200_roTrue_s0: Loading data from ../models/synthetic/s123/random_mc2_n7_mid3_d1000_05_mr098_r10_195.csv
2026-02-02 16:28:22,894|INFO|random_mc2_n5_mid3_d1000_05_mr098_r10_51_uai_GDCC_1e-09_n200_roFalse_s0: Loading model from ../models/synthetic/s123/random_mc2_n5_mid3_d1000_05_mr098_r10_51.uai
2026-02-02 16:28:22,923|INFO|random_mc2_n6_mid3_d1000_05_mr098_r10_172_uai_GDCC_1e-09_n200_roTrue_s0: Loading model from ../models/synthetic/s123/random_mc2_n6_mid3_d1000_05_mr098_r10_172.uai
2026-02-02 16:28:22,900|INFO|random_mc2_n5_mid3_d1000_05_mr098_r10_51_uai_GDCC_1e-09_n200_roFalse_s0: Loading data from ../models/synthetic/s123/random_mc2_n5_mid3_d1000_05_mr098_r10_51.csv
2026-02-02 16:28:22,911|INFO|random_mc2_n5_mid3_d1000_05_mr098_r10_51_uai_GDCC_1e-09_n200_roFalse_s0: PNS(V2,V4) exact: (0.0, 0.17763)
2026-02-02 16:28:22,941|INFO|random_mc2_n7_mid3_d1000_05_mr098_r10_163_uai_GDCC_1e-09_n200_roFalse_s0: Loading model from ../models/synthetic/s123/random_mc2_n7_mid3_d1000_05_mr098_r10_163.uai
2026-02-02 16:28:22,956|INFO|random_mc2_n5_mid3_d1000_05_mr098_r10_10_uai_GDCC_1e-09_n200_roTrue_s0: Loading model from ../models/synthetic/s123/random_mc2_n5_mid3_d1000_05_mr098_r10_10.uai
2026-02-02 16:28:22,932|INFO|random_mc2_n6_mid3_d1000_05_mr098_r10_172_uai_GDCC_1e-09_n200_roTrue_s0: Loading data from ../models/synthetic/s123/random_mc2_n6_mid3_d1000_05_mr098_r10_172.csv
2026-02-02 16:28:22,956|INFO|random_mc2_n7_mid3_d1000_05_mr098_r10_163_uai_GDCC_1e-09_n200_roFalse_s0: Loading data from ../models/synthetic/s123/random_mc2_n7_mid3_d1000_05_mr098_r10_163.csv
2026-02-02 16:28:22,966|INFO|random_mc2_n7_mid3_d1000_05_mr098_r10_163_uai_GDCC_1e-09_n200_roFalse_s0: PNS(V0,V4) exact: (0.043281704345418, 0.2976756657121581)
2026-02-02 16:28:22,965|INFO|random_mc2_n5_mid3_d1000_05_mr098_r10_10_uai_GDCC_1e-09_n200_roTrue_s0: Loading data from ../models/synthetic/s123/random_mc2_n5_mid3_d1000_05_mr098_r10_10.csv
2026-02-02 16:28:23,073|INFO|random_mc2_n6_mid3_d1000_05_mr098_r10_119_uai_GDCC_1e-09_n200_roTrue_s0: Loading model from ../models/synthetic/s123/random_mc2_n6_mid3_d1000_05_mr098_r10_119.uai
2026-02-02 16:28:23,108|INFO|random_mc2_n6_mid3_d1000_05_mr098_r10_197_uai_GDCC_1e-09_n200_roFalse_s0: Loading model from ../models/synthetic/s123/random_mc2_n6_mid3_d1000_05_mr098_r10_197.uai
2026-02-02 16:28:23,082|INFO|random_mc2_n6_mid3_d1000_05_mr098_r10_119_uai_GDCC_1e-09_n200_roTrue_s0: Loading data from ../models/synthetic/s123/random_mc2_n6_mid3_d1000_05_mr098_r10_119.csv
2026-02-02 16:28:23,121|INFO|random_mc2_n6_mid3_d1000_05_mr098_r10_197_uai_GDCC_1e-09_n200_roFalse_s0: Loading data from ../models/synthetic/s123/random_mc2_n6_mid3_d1000_05_mr098_r10_197.csv
2026-02-02 16:28:23,161|INFO|random_mc2_n7_mid3_d1000_05_mr098_r10_61_uai_GDCC_1e-09_n200_roFalse_s0: Loading model from ../models/synthetic/s123/random_mc2_n7_mid3_d1000_05_mr098_r10_61.uai
2026-02-02 16:28:23,169|INFO|random_mc2_n5_mid3_d1000_05_mr098_r10_100_uai_GDCC_1e-09_n200_roFalse_s0: Loading model from ../models/synthetic/s123/random_mc2_n5_mid3_d1000_05_mr098_r10_100.uai
2026-02-02 16:28:23,196|INFO|random_mc2_n9_mid3_d1000_05_mr098_r10_126_uai_GDCC_1e-09_n200_roFalse_s0: Loading model from ../models/synthetic/s123/random_mc2_n9_mid3_d1000_05_mr098_r10_126.uai
2026-02-02 16:28:23,176|INFO|random_mc2_n7_mid3_d1000_05_mr098_r10_61_uai_GDCC_1e-09_n200_roFalse_s0: Loading data from ../models/synthetic/s123/random_mc2_n7_mid3_d1000_05_mr098_r10_61.csv
2026-02-02 16:28:23,207|INFO|random_mc2_n5_mid3_d1000_05_mr098_r10_131_uai_GDCC_1e-09_n200_roTrue_s0: Loading model from ../models/synthetic/s123/random_mc2_n5_mid3_d1000_05_mr098_r10_131.uai
2026-02-02 16:28:23,179|INFO|random_mc2_n5_mid3_d1000_05_mr098_r10_100_uai_GDCC_1e-09_n200_roFalse_s0: Loading data from ../models/synthetic/s123/random_mc2_n5_mid3_d1000_05_mr098_r10_100.csv
2026-02-02 16:28:23,210|INFO|random_mc2_n5_mid3_d1000_05_mr098_r10_154_uai_GDCC_1e-09_n200_roTrue_s0: Loading model from ../models/synthetic/s123/random_mc2_n5_mid3_d1000_05_mr098_r10_154.uai
2026-02-02 16:28:23,218|INFO|random_mc2_n9_mid3_d1000_05_mr098_r10_126_uai_GDCC_1e-09_n200_roFalse_s0: Loading data from ../models/synthetic/s123/random_mc2_n9_mid3_d1000_05_mr098_r10_126.csv
2026-02-02 16:28:23,213|INFO|random_mc2_n5_mid3_d1000_05_mr098_r10_131_uai_GDCC_1e-09_n200_roTrue_s0: Loading data from ../models/synthetic/s123/random_mc2_n5_mid3_d1000_05_mr098_r10_131.csv
2026-02-02 16:28:23,224|INFO|random_mc2_n5_mid3_d1000_05_mr098_r10_131_uai_GDCC_1e-09_n200_roTrue_s0: PNS(V2,V4) exact: (0.0, 0.3999999999999999)
2026-02-02 16:28:23,223|INFO|random_mc2_n5_mid3_d1000_05_mr098_r10_154_uai_GDCC_1e-09_n200_roTrue_s0: Loading data from ../models/synthetic/s123/random_mc2_n5_mid3_d1000_05_mr098_r10_154.csv
2026-02-02 16:28:26,710|INFO|random_mc2_n7_mid3_d1000_05_mr098_r10_60_uai_GDCC_1e-09_n200_roTrue_s0: Loading model from ../models/synthetic/s123/random_mc2_n7_mid3_d1000_05_mr098_r10_60.uai
2026-02-02 16:28:26,725|INFO|random_mc2_n7_mid3_d1000_05_mr098_r10_60_uai_GDCC_1e-09_n200_roTrue_s0: Loading data from ../models/synthetic/s123/random_mc2_n7_mid3_d1000_05_mr098_r10_60.csv
2026-02-02 16:28:29,999|INFO|random_mc2_n6_mid3_d1000_05_mr098_r10_185_uai_GDCC_1e-09_n200_roFalse_s0: Loading model from ../models/synthetic/s123/random_mc2_n6_mid3_d1000_05_mr098_r10_185.uai
2026-02-02 16:28:30,013|INFO|random_mc2_n6_mid3_d1000_05_mr098_r10_185_uai_GDCC_1e-09_n200_roFalse_s0: Loading data from ../models/synthetic/s123/random_mc2_n6_mid3_d1000_05_mr098_r10_185.csv
2026-02-02 16:28:30,043|INFO|random_mc2_n6_mid3_d1000_05_mr098_r10_10_uai_GDCC_1e-09_n200_roFalse_s0: Loading model from ../models/synthetic/s123/random_mc2_n6_mid3_d1000_05_mr098_r10_10.uai
2026-02-02 16:28:30,069|INFO|random_mc2_n5_mid3_d1000_05_mr098_r10_26_uai_GDCC_1e-09_n200_roFalse_s0: Loading model from ../models/synthetic/s123/random_mc2_n5_mid3_d1000_05_mr098_r10_26.uai
2026-02-02 16:28:30,065|INFO|random_mc2_n6_mid3_d1000_05_mr098_r10_10_uai_GDCC_1e-09_n200_roFalse_s0: Loading data from ../models/synthetic/s123/random_mc2_n6_mid3_d1000_05_mr098_r10_10.csv
2026-02-02 16:28:30,089|INFO|random_mc2_n6_mid3_d1000_05_mr098_r10_168_uai_GDCC_1e-09_n200_roTrue_s0: Loading model from ../models/synthetic/s123/random_mc2_n6_mid3_d1000_05_mr098_r10_168.uai
2026-02-02 16:28:30,094|INFO|random_mc2_n7_mid3_d1000_05_mr098_r10_199_uai_GDCC_1e-09_n200_roFalse_s0: Loading model from ../models/synthetic/s123/random_mc2_n7_mid3_d1000_05_mr098_r10_199.uai
2026-02-02 16:28:30,074|INFO|random_mc2_n5_mid3_d1000_05_mr098_r10_26_uai_GDCC_1e-09_n200_roFalse_s0: Loading data from ../models/synthetic/s123/random_mc2_n5_mid3_d1000_05_mr098_r10_26.csv
2026-02-02 16:28:30,098|INFO|random_mc2_n6_mid3_d1000_05_mr098_r10_168_uai_GDCC_1e-09_n200_roTrue_s0: Loading data from ../models/synthetic/s123/random_mc2_n6_mid3_d1000_05_mr098_r10_168.csv
2026-02-02 16:28:30,099|INFO|random_mc2_n7_mid3_d1000_05_mr098_r10_199_uai_GDCC_1e-09_n200_roFalse_s0: Loading data from ../models/synthetic/s123/random_mc2_n7_mid3_d1000_05_mr098_r10_199.csv
2026-02-02 16:28:30,108|INFO|random_mc2_n7_mid3_d1000_05_mr098_r10_199_uai_GDCC_1e-09_n200_roFalse_s0: PNS(V2,V0) exact: (0.00178489968384, 0.013822421418624)
2026-02-02 16:28:30,317|INFO|random_mc2_n6_mid3_d1000_05_mr098_r10_80_uai_GDCC_1e-09_n200_roTrue_s0: Loading model from ../models/synthetic/s123/random_mc2_n6_mid3_d1000_05_mr098_r10_80.uai
2026-02-02 16:28:30,326|INFO|random_mc2_n6_mid3_d1000_05_mr098_r10_80_uai_GDCC_1e-09_n200_roTrue_s0: Loading data from ../models/synthetic/s123/random_mc2_n6_mid3_d1000_05_mr098_r10_80.csv
2026-02-02 16:28:31,102|INFO|random_mc2_n8_mid3_d1000_05_mr098_r10_151_uai_GDCC_1e-09_n200_roFalse_s0: Loading model from ../models/synthetic/s123/random_mc2_n8_mid3_d1000_05_mr098_r10_151.uai
2026-02-02 16:28:31,104|INFO|random_mc2_n6_mid3_d1000_05_mr098_r10_23_uai_GDCC_1e-09_n200_roTrue_s0: Loading model from ../models/synthetic/s123/random_mc2_n6_mid3_d1000_05_mr098_r10_23.uai
2026-02-02 16:28:31,119|INFO|random_mc2_n8_mid3_d1000_05_mr098_r10_48_uai_GDCC_1e-09_n200_roFalse_s0: Loading model from ../models/synthetic/s123/random_mc2_n8_mid3_d1000_05_mr098_r10_48.uai
2026-02-02 16:28:31,120|INFO|random_mc2_n5_mid3_d1000_05_mr098_r10_167_uai_GDCC_1e-09_n200_roTrue_s0: Loading model from ../models/synthetic/s123/random_mc2_n5_mid3_d1000_05_mr098_r10_167.uai
2026-02-02 16:28:31,127|INFO|random_mc2_n6_mid3_d1000_05_mr098_r10_116_uai_GDCC_1e-09_n200_roFalse_s0: Loading model from ../models/synthetic/s123/random_mc2_n6_mid3_d1000_05_mr098_r10_116.uai
2026-02-02 16:28:31,113|INFO|random_mc2_n6_mid3_d1000_05_mr098_r10_23_uai_GDCC_1e-09_n200_roTrue_s0: Loading data from ../models/synthetic/s123/random_mc2_n6_mid3_d1000_05_mr098_r10_23.csv
2026-02-02 16:28:31,125|INFO|random_mc2_n6_mid3_d1000_05_mr098_r10_23_uai_GDCC_1e-09_n200_roTrue_s0: PNS(V0,V5) exact: (0.0, 0.206564908524544)
2026-02-02 16:28:31,130|INFO|random_mc2_n8_mid3_d1000_05_mr098_r10_48_uai_GDCC_1e-09_n200_roFalse_s0: Loading data from ../models/synthetic/s123/random_mc2_n8_mid3_d1000_05_mr098_r10_48.csv
2026-02-02 16:28:31,140|INFO|random_mc2_n8_mid3_d1000_05_mr098_r10_48_uai_GDCC_1e-09_n200_roFalse_s0: PNS(V3,V0) exact: (0.1524285448463559, 0.220079197754316)
2026-02-02 16:28:31,130|INFO|random_mc2_n5_mid3_d1000_05_mr098_r10_167_uai_GDCC_1e-09_n200_roTrue_s0: Loading data from ../models/synthetic/s123/random_mc2_n5_mid3_d1000_05_mr098_r10_167.csv
2026-02-02 16:28:31,140|INFO|random_mc2_n5_mid3_d1000_05_mr098_r10_167_uai_GDCC_1e-09_n200_roTrue_s0: PNS(V4,V0) exact: (0.2132341014888, 0.2977026872446)
2026-02-02 16:28:31,137|INFO|random_mc2_n6_mid3_d1000_05_mr098_r10_116_uai_GDCC_1e-09_n200_roFalse_s0: Loading data from ../models/synthetic/s123/random_mc2_n6_mid3_d1000_05_mr098_r10_116.csv
2026-02-02 16:28:31,148|INFO|random_mc2_n6_mid3_d1000_05_mr098_r10_116_uai_GDCC_1e-09_n200_roFalse_s0: PNS(V5,V1) exact: (0.0050404107, 0.1627079522999999)
2026-02-02 16:28:31,327|INFO|random_mc2_n8_mid3_d1000_05_mr098_r10_151_uai_GDCC_1e-09_n200_roFalse_s0: Loading data from ../models/synthetic/s123/random_mc2_n8_mid3_d1000_05_mr098_r10_151.csv
2026-02-02 16:28:31,432|INFO|random_mc2_n6_mid3_d1000_05_mr098_r10_27_uai_GDCC_1e-09_n200_roFalse_s0: Loading model from ../models/synthetic/s123/random_mc2_n6_mid3_d1000_05_mr098_r10_27.uai
2026-02-02 16:28:31,440|INFO|random_mc2_n6_mid3_d1000_05_mr098_r10_27_uai_GDCC_1e-09_n200_roFalse_s0: Loading data from ../models/synthetic/s123/random_mc2_n6_mid3_d1000_05_mr098_r10_27.csv
2026-02-02 16:28:31,448|INFO|random_mc2_n6_mid3_d1000_05_mr098_r10_27_uai_GDCC_1e-09_n200_roFalse_s0: PNS(V1,V2) exact: (0.150982245685575, 0.150982245685575)
2026-02-02 16:28:35,159|INFO|random_mc2_n7_mid3_d1000_05_mr098_r10_145_uai_GDCC_1e-09_n200_roFalse_s0: Loading model from ../models/synthetic/s123/random_mc2_n7_mid3_d1000_05_mr098_r10_145.uai
2026-02-02 16:28:35,160|INFO|random_mc2_n5_mid3_d1000_05_mr098_r10_121_uai_GDCC_1e-09_n200_roTrue_s0: Loading model from ../models/synthetic/s123/random_mc2_n5_mid3_d1000_05_mr098_r10_121.uai
2026-02-02 16:28:35,162|INFO|random_mc2_n6_mid3_d1000_05_mr098_r10_185_uai_GDCC_1e-09_n200_roTrue_s0: Loading model from ../models/synthetic/s123/random_mc2_n6_mid3_d1000_05_mr098_r10_185.uai
2026-02-02 16:28:35,162|INFO|random_mc2_n9_mid3_d1000_05_mr098_r10_138_uai_GDCC_1e-09_n200_roFalse_s0: Loading model from ../models/synthetic/s123/random_mc2_n9_mid3_d1000_05_mr098_r10_138.uai
2026-02-02 16:28:35,168|INFO|random_mc2_n7_mid3_d1000_05_mr098_r10_145_uai_GDCC_1e-09_n200_roFalse_s0: Loading data from ../models/synthetic/s123/random_mc2_n7_mid3_d1000_05_mr098_r10_145.csv
2026-02-02 16:28:35,181|INFO|random_mc2_n7_mid3_d1000_05_mr098_r10_145_uai_GDCC_1e-09_n200_roFalse_s0: PNS(V2,V5) exact: (0.024162408524618, 0.062781303718492)
2026-02-02 16:28:35,171|INFO|random_mc2_n5_mid3_d1000_05_mr098_r10_121_uai_GDCC_1e-09_n200_roTrue_s0: Loading data from ../models/synthetic/s123/random_mc2_n5_mid3_d1000_05_mr098_r10_121.csv
2026-02-02 16:28:35,181|INFO|random_mc2_n5_mid3_d1000_05_mr098_r10_121_uai_GDCC_1e-09_n200_roTrue_s0: PNS(V3,V1) exact: (0.21434, 0.2800931238639491)
2026-02-02 16:28:35,175|INFO|random_mc2_n9_mid3_d1000_05_mr098_r10_138_uai_GDCC_1e-09_n200_roFalse_s0: Loading data from ../models/synthetic/s123/random_mc2_n9_mid3_d1000_05_mr098_r10_138.csv
2026-02-02 16:28:35,174|INFO|random_mc2_n6_mid3_d1000_05_mr098_r10_185_uai_GDCC_1e-09_n200_roTrue_s0: Loading data from ../models/synthetic/s123/random_mc2_n6_mid3_d1000_05_mr098_r10_185.csv
2026-02-02 16:28:35,184|INFO|random_mc2_n9_mid3_d1000_05_mr098_r10_138_uai_GDCC_1e-09_n200_roFalse_s0: PNS(V2,V8) exact: (0.3533990588217299, 0.3586598451414463)
2026-02-02 16:28:35,286|INFO|random_mc2_n5_mid3_d1000_05_mr098_r10_42_uai_GDCC_1e-09_n200_roTrue_s0: Loading model from ../models/synthetic/s123/random_mc2_n5_mid3_d1000_05_mr098_r10_42.uai
2026-02-02 16:28:35,297|INFO|random_mc2_n5_mid3_d1000_05_mr098_r10_83_uai_GDCC_1e-09_n200_roFalse_s0: Loading model from ../models/synthetic/s123/random_mc2_n5_mid3_d1000_05_mr098_r10_83.uai
2026-02-02 16:28:35,306|INFO|random_mc2_n5_mid3_d1000_05_mr098_r10_42_uai_GDCC_1e-09_n200_roTrue_s0: Loading data from ../models/synthetic/s123/random_mc2_n5_mid3_d1000_05_mr098_r10_42.csv
2026-02-02 16:28:35,305|INFO|random_mc2_n5_mid3_d1000_05_mr098_r10_83_uai_GDCC_1e-09_n200_roFalse_s0: Loading data from ../models/synthetic/s123/random_mc2_n5_mid3_d1000_05_mr098_r10_83.csv
2026-02-02 16:28:35,471|INFO|random_mc2_n6_mid3_d1000_05_mr098_r10_2_uai_GDCC_1e-09_n200_roFalse_s0: Loading model from ../models/synthetic/s123/random_mc2_n6_mid3_d1000_05_mr098_r10_2.uai
2026-02-02 16:28:35,484|INFO|random_mc2_n6_mid3_d1000_05_mr098_r10_2_uai_GDCC_1e-09_n200_roFalse_s0: Loading data from ../models/synthetic/s123/random_mc2_n6_mid3_d1000_05_mr098_r10_2.csv
2026-02-02 16:28:35,540|INFO|random_mc2_n9_mid3_d1000_05_mr098_r10_42_uai_GDCC_1e-09_n200_roTrue_s0: Loading model from ../models/synthetic/s123/random_mc2_n9_mid3_d1000_05_mr098_r10_42.uai
2026-02-02 16:28:35,567|INFO|random_mc2_n6_mid3_d1000_05_mr098_r10_10_uai_GDCC_1e-09_n200_roTrue_s0: Loading model from ../models/synthetic/s123/random_mc2_n6_mid3_d1000_05_mr098_r10_10.uai
2026-02-02 16:28:35,573|INFO|random_mc2_n5_mid3_d1000_05_mr098_r10_89_uai_GDCC_1e-09_n200_roTrue_s0: Loading model from ../models/synthetic/s123/random_mc2_n5_mid3_d1000_05_mr098_r10_89.uai
2026-02-02 16:28:35,552|INFO|random_mc2_n9_mid3_d1000_05_mr098_r10_42_uai_GDCC_1e-09_n200_roTrue_s0: Loading data from ../models/synthetic/s123/random_mc2_n9_mid3_d1000_05_mr098_r10_42.csv
2026-02-02 16:28:35,562|INFO|random_mc2_n9_mid3_d1000_05_mr098_r10_42_uai_GDCC_1e-09_n200_roTrue_s0: PNS(V4,V1) exact: (0.0055529329999999, 0.0881529485)
2026-02-02 16:28:35,591|INFO|random_mc2_n6_mid3_d1000_05_mr098_r10_10_uai_GDCC_1e-09_n200_roTrue_s0: Loading data from ../models/synthetic/s123/random_mc2_n6_mid3_d1000_05_mr098_r10_10.csv
2026-02-02 16:28:35,579|INFO|random_mc2_n5_mid3_d1000_05_mr098_r10_89_uai_GDCC_1e-09_n200_roTrue_s0: Loading data from ../models/synthetic/s123/random_mc2_n5_mid3_d1000_05_mr098_r10_89.csv
2026-02-02 16:28:35,589|INFO|random_mc2_n5_mid3_d1000_05_mr098_r10_89_uai_GDCC_1e-09_n200_roTrue_s0: PNS(V1,V3) exact: (0.0, 0.1946041664)
2026-02-02 16:28:36,294|INFO|random_mc2_n5_mid3_d1000_05_mr098_r10_162_uai_GDCC_1e-09_n200_roFalse_s0: Loading model from ../models/synthetic/s123/random_mc2_n5_mid3_d1000_05_mr098_r10_162.uai
2026-02-02 16:28:36,302|INFO|random_mc2_n5_mid3_d1000_05_mr098_r10_162_uai_GDCC_1e-09_n200_roFalse_s0: Loading data from ../models/synthetic/s123/random_mc2_n5_mid3_d1000_05_mr098_r10_162.csv
2026-02-02 16:28:36,313|INFO|random_mc2_n5_mid3_d1000_05_mr098_r10_162_uai_GDCC_1e-09_n200_roFalse_s0: PNS(V3,V1) exact: (0.02702942159625, 0.05577743562975)
2026-02-02 16:28:36,361|INFO|random_mc2_n9_mid3_d1000_05_mr098_r10_136_uai_GDCC_1e-09_n200_roTrue_s0: Loading model from ../models/synthetic/s123/random_mc2_n9_mid3_d1000_05_mr098_r10_136.uai
2026-02-02 16:28:36,365|INFO|random_mc2_n8_mid3_d1000_05_mr098_r10_3_uai_GDCC_1e-09_n200_roTrue_s0: Loading model from ../models/synthetic/s123/random_mc2_n8_mid3_d1000_05_mr098_r10_3.uai
2026-02-02 16:28:36,381|INFO|random_mc2_n8_mid3_d1000_05_mr098_r10_159_uai_GDCC_1e-09_n200_roFalse_s0: Loading model from ../models/synthetic/s123/random_mc2_n8_mid3_d1000_05_mr098_r10_159.uai
2026-02-02 16:28:36,394|INFO|random_mc2_n6_mid3_d1000_05_mr098_r10_173_uai_GDCC_1e-09_n200_roFalse_s0: Loading model from ../models/synthetic/s123/random_mc2_n6_mid3_d1000_05_mr098_r10_173.uai
2026-02-02 16:28:36,398|INFO|random_mc2_n6_mid3_d1000_05_mr098_r10_36_uai_GDCC_1e-09_n200_roFalse_s0: Loading model from ../models/synthetic/s123/random_mc2_n6_mid3_d1000_05_mr098_r10_36.uai
2026-02-02 16:28:36,383|INFO|random_mc2_n9_mid3_d1000_05_mr098_r10_136_uai_GDCC_1e-09_n200_roTrue_s0: Loading data from ../models/synthetic/s123/random_mc2_n9_mid3_d1000_05_mr098_r10_136.csv
2026-02-02 16:28:36,402|INFO|random_mc2_n6_mid3_d1000_05_mr098_r10_179_uai_GDCC_1e-09_n200_roTrue_s0: Loading model from ../models/synthetic/s123/random_mc2_n6_mid3_d1000_05_mr098_r10_179.uai
2026-02-02 16:28:36,375|INFO|random_mc2_n8_mid3_d1000_05_mr098_r10_3_uai_GDCC_1e-09_n200_roTrue_s0: Loading data from ../models/synthetic/s123/random_mc2_n8_mid3_d1000_05_mr098_r10_3.csv
2026-02-02 16:28:36,388|INFO|random_mc2_n8_mid3_d1000_05_mr098_r10_3_uai_GDCC_1e-09_n200_roTrue_s0: PNS(V5,V7) exact: (0.0133650763190615, 0.0741909892031331)
2026-02-02 16:28:36,395|INFO|random_mc2_n8_mid3_d1000_05_mr098_r10_159_uai_GDCC_1e-09_n200_roFalse_s0: Loading data from ../models/synthetic/s123/random_mc2_n8_mid3_d1000_05_mr098_r10_159.csv
2026-02-02 16:28:36,405|INFO|random_mc2_n6_mid3_d1000_05_mr098_r10_173_uai_GDCC_1e-09_n200_roFalse_s0: Loading data from ../models/synthetic/s123/random_mc2_n6_mid3_d1000_05_mr098_r10_173.csv
2026-02-02 16:28:36,415|INFO|random_mc2_n6_mid3_d1000_05_mr098_r10_173_uai_GDCC_1e-09_n200_roFalse_s0: PNS(V0,V1) exact: (0.1087817342113937, 0.3199727789499366)
2026-02-02 16:28:36,409|INFO|random_mc2_n6_mid3_d1000_05_mr098_r10_36_uai_GDCC_1e-09_n200_roFalse_s0: Loading data from ../models/synthetic/s123/random_mc2_n6_mid3_d1000_05_mr098_r10_36.csv
2026-02-02 16:28:36,419|INFO|random_mc2_n6_mid3_d1000_05_mr098_r10_36_uai_GDCC_1e-09_n200_roFalse_s0: PNS(V1,V4) exact: (0.0029094796518842, 0.0163840107745321)
2026-02-02 16:28:36,614|INFO|random_mc2_n6_mid3_d1000_05_mr098_r10_179_uai_GDCC_1e-09_n200_roTrue_s0: Loading data from ../models/synthetic/s123/random_mc2_n6_mid3_d1000_05_mr098_r10_179.csv
2026-02-02 16:28:37,143|INFO|random_mc2_n9_mid3_d1000_05_mr098_r10_162_uai_GDCC_1e-09_n200_roTrue_s0: Loading model from ../models/synthetic/s123/random_mc2_n9_mid3_d1000_05_mr098_r10_162.uai
2026-02-02 16:28:37,569|INFO|random_mc2_n9_mid3_d1000_05_mr098_r10_162_uai_GDCC_1e-09_n200_roTrue_s0: Loading data from ../models/synthetic/s123/random_mc2_n9_mid3_d1000_05_mr098_r10_162.csv
2026-02-02 16:28:41,754|INFO|random_mc2_n5_mid3_d1000_05_mr098_r10_10_uai_GDCC_1e-09_n200_roFalse_s0: Loading model from ../models/synthetic/s123/random_mc2_n5_mid3_d1000_05_mr098_r10_10.uai
2026-02-02 16:28:41,763|INFO|random_mc2_n5_mid3_d1000_05_mr098_r10_10_uai_GDCC_1e-09_n200_roFalse_s0: Loading data from ../models/synthetic/s123/random_mc2_n5_mid3_d1000_05_mr098_r10_10.csv
2026-02-02 16:28:42,705|INFO|random_mc2_n6_mid3_d1000_05_mr098_r10_21_uai_GDCC_1e-09_n200_roFalse_s0: Loading model from ../models/synthetic/s123/random_mc2_n6_mid3_d1000_05_mr098_r10_21.uai
2026-02-02 16:28:42,707|INFO|random_mc2_n5_mid3_d1000_05_mr098_r10_75_uai_GDCC_1e-09_n200_roTrue_s0: Loading model from ../models/synthetic/s123/random_mc2_n5_mid3_d1000_05_mr098_r10_75.uai
2026-02-02 16:28:42,716|INFO|random_mc2_n6_mid3_d1000_05_mr098_r10_21_uai_GDCC_1e-09_n200_roFalse_s0: Loading data from ../models/synthetic/s123/random_mc2_n6_mid3_d1000_05_mr098_r10_21.csv
2026-02-02 16:28:42,725|INFO|random_mc2_n6_mid3_d1000_05_mr098_r10_21_uai_GDCC_1e-09_n200_roFalse_s0: PNS(V1,V4) exact: (0.0, 0.1268215988678439)
2026-02-02 16:28:42,712|INFO|random_mc2_n5_mid3_d1000_05_mr098_r10_75_uai_GDCC_1e-09_n200_roTrue_s0: Loading data from ../models/synthetic/s123/random_mc2_n5_mid3_d1000_05_mr098_r10_75.csv
2026-02-02 16:28:42,723|INFO|random_mc2_n5_mid3_d1000_05_mr098_r10_75_uai_GDCC_1e-09_n200_roTrue_s0: PNS(V1,V0) exact: (0.0, 0.0820279325)
2026-02-02 16:28:42,859|INFO|random_mc2_n7_mid3_d1000_05_mr098_r10_194_uai_GDCC_1e-09_n200_roFalse_s0: Loading model from ../models/synthetic/s123/random_mc2_n7_mid3_d1000_05_mr098_r10_194.uai
2026-02-02 16:28:42,870|INFO|random_mc2_n5_mid3_d1000_05_mr098_r10_152_uai_GDCC_1e-09_n200_roFalse_s0: Loading model from ../models/synthetic/s123/random_mc2_n5_mid3_d1000_05_mr098_r10_152.uai
2026-02-02 16:28:42,875|INFO|random_mc2_n7_mid3_d1000_05_mr098_r10_194_uai_GDCC_1e-09_n200_roFalse_s0: Loading data from ../models/synthetic/s123/random_mc2_n7_mid3_d1000_05_mr098_r10_194.csv
2026-02-02 16:28:42,879|INFO|random_mc2_n5_mid3_d1000_05_mr098_r10_152_uai_GDCC_1e-09_n200_roFalse_s0: Loading data from ../models/synthetic/s123/random_mc2_n5_mid3_d1000_05_mr098_r10_152.csv
2026-02-02 16:28:42,944|INFO|random_mc2_n6_mid3_d1000_05_mr098_r10_22_uai_GDCC_1e-09_n200_roFalse_s0: Loading model from ../models/synthetic/s123/random_mc2_n6_mid3_d1000_05_mr098_r10_22.uai
2026-02-02 16:28:42,961|INFO|random_mc2_n5_mid3_d1000_05_mr098_r10_81_uai_GDCC_1e-09_n200_roTrue_s0: Loading model from ../models/synthetic/s123/random_mc2_n5_mid3_d1000_05_mr098_r10_81.uai
2026-02-02 16:28:42,954|INFO|random_mc2_n6_mid3_d1000_05_mr098_r10_22_uai_GDCC_1e-09_n200_roFalse_s0: Loading data from ../models/synthetic/s123/random_mc2_n6_mid3_d1000_05_mr098_r10_22.csv
2026-02-02 16:28:42,970|INFO|random_mc2_n5_mid3_d1000_05_mr098_r10_81_uai_GDCC_1e-09_n200_roTrue_s0: Loading data from ../models/synthetic/s123/random_mc2_n5_mid3_d1000_05_mr098_r10_81.csv
2026-02-02 16:28:43,408|INFO|random_mc2_n6_mid3_d1000_05_mr098_r10_133_uai_GDCC_1e-09_n200_roTrue_s0: Loading model from ../models/synthetic/s123/random_mc2_n6_mid3_d1000_05_mr098_r10_133.uai
2026-02-02 16:28:43,457|INFO|random_mc2_n8_mid3_d1000_05_mr098_r10_119_uai_GDCC_1e-09_n200_roFalse_s0: Loading model from ../models/synthetic/s123/random_mc2_n8_mid3_d1000_05_mr098_r10_119.uai
2026-02-02 16:28:43,509|INFO|random_mc2_n8_mid3_d1000_05_mr098_r10_119_uai_GDCC_1e-09_n200_roFalse_s0: Loading data from ../models/synthetic/s123/random_mc2_n8_mid3_d1000_05_mr098_r10_119.csv
2026-02-02 16:28:43,622|INFO|random_mc2_n6_mid3_d1000_05_mr098_r10_133_uai_GDCC_1e-09_n200_roTrue_s0: Loading data from ../models/synthetic/s123/random_mc2_n6_mid3_d1000_05_mr098_r10_133.csv
2026-02-02 16:28:43,787|INFO|random_mc2_n6_mid3_d1000_05_mr098_r10_190_uai_GDCC_1e-09_n200_roTrue_s0: Loading model from ../models/synthetic/s123/random_mc2_n6_mid3_d1000_05_mr098_r10_190.uai
2026-02-02 16:28:43,811|INFO|random_mc2_n8_mid3_d1000_05_mr098_r10_122_uai_GDCC_1e-09_n200_roTrue_s0: Loading model from ../models/synthetic/s123/random_mc2_n8_mid3_d1000_05_mr098_r10_122.uai
2026-02-02 16:28:43,822|INFO|random_mc2_n8_mid3_d1000_05_mr098_r10_1_uai_GDCC_1e-09_n200_roFalse_s0: Loading model from ../models/synthetic/s123/random_mc2_n8_mid3_d1000_05_mr098_r10_1.uai
2026-02-02 16:28:43,804|INFO|random_mc2_n6_mid3_d1000_05_mr098_r10_190_uai_GDCC_1e-09_n200_roTrue_s0: Loading data from ../models/synthetic/s123/random_mc2_n6_mid3_d1000_05_mr098_r10_190.csv
2026-02-02 16:28:43,819|INFO|random_mc2_n6_mid3_d1000_05_mr098_r10_190_uai_GDCC_1e-09_n200_roTrue_s0: PNS(V1,V3) exact: (0.6666155524875482, 0.789958677372704)
2026-02-02 16:28:43,825|INFO|random_mc2_n8_mid3_d1000_05_mr098_r10_122_uai_GDCC_1e-09_n200_roTrue_s0: Loading data from ../models/synthetic/s123/random_mc2_n8_mid3_d1000_05_mr098_r10_122.csv
2026-02-02 16:28:43,857|INFO|random_mc2_n8_mid3_d1000_05_mr098_r10_1_uai_GDCC_1e-09_n200_roFalse_s0: Loading data from ../models/synthetic/s123/random_mc2_n8_mid3_d1000_05_mr098_r10_1.csv
2026-02-02 16:28:48,510|INFO|random_mc2_n5_mid3_d1000_05_mr098_r10_90_uai_GDCC_1e-09_n200_roTrue_s0: Loading model from ../models/synthetic/s123/random_mc2_n5_mid3_d1000_05_mr098_r10_90.uai
2026-02-02 16:28:48,518|INFO|random_mc2_n5_mid3_d1000_05_mr098_r10_90_uai_GDCC_1e-09_n200_roTrue_s0: Loading data from ../models/synthetic/s123/random_mc2_n5_mid3_d1000_05_mr098_r10_90.csv
2026-02-02 16:28:48,528|INFO|random_mc2_n5_mid3_d1000_05_mr098_r10_90_uai_GDCC_1e-09_n200_roTrue_s0: PNS(V2,V3) exact: (0.70713, 0.8487600000000001)
2026-02-02 16:28:49,765|INFO|random_mc2_n5_mid3_d1000_05_mr098_r10_151_uai_GDCC_1e-09_n200_roTrue_s0: Loading model from ../models/synthetic/s123/random_mc2_n5_mid3_d1000_05_mr098_r10_151.uai
2026-02-02 16:28:49,776|INFO|random_mc2_n5_mid3_d1000_05_mr098_r10_151_uai_GDCC_1e-09_n200_roTrue_s0: Loading data from ../models/synthetic/s123/random_mc2_n5_mid3_d1000_05_mr098_r10_151.csv
2026-02-02 16:28:49,793|INFO|random_mc2_n5_mid3_d1000_05_mr098_r10_151_uai_GDCC_1e-09_n200_roTrue_s0: PNS(V1,V2) exact: (0.0, 0.3129183631)
2026-02-02 16:28:49,850|INFO|random_mc2_n9_mid3_d1000_05_mr098_r10_163_uai_GDCC_1e-09_n200_roFalse_s0: Loading model from ../models/synthetic/s123/random_mc2_n9_mid3_d1000_05_mr098_r10_163.uai
2026-02-02 16:28:49,878|INFO|random_mc2_n9_mid3_d1000_05_mr098_r10_163_uai_GDCC_1e-09_n200_roFalse_s0: Loading data from ../models/synthetic/s123/random_mc2_n9_mid3_d1000_05_mr098_r10_163.csv
2026-02-02 16:28:49,933|INFO|random_mc2_n6_mid3_d1000_05_mr098_r10_104_uai_GDCC_1e-09_n200_roFalse_s0: Loading model from ../models/synthetic/s123/random_mc2_n6_mid3_d1000_05_mr098_r10_104.uai
2026-02-02 16:28:49,937|INFO|random_mc2_n9_mid3_d1000_05_mr098_r10_27_uai_GDCC_1e-09_n200_roFalse_s0: Loading model from ../models/synthetic/s123/random_mc2_n9_mid3_d1000_05_mr098_r10_27.uai
2026-02-02 16:28:49,960|INFO|random_mc2_n6_mid3_d1000_05_mr098_r10_104_uai_GDCC_1e-09_n200_roFalse_s0: Loading data from ../models/synthetic/s123/random_mc2_n6_mid3_d1000_05_mr098_r10_104.csv
2026-02-02 16:28:49,960|INFO|random_mc2_n9_mid3_d1000_05_mr098_r10_27_uai_GDCC_1e-09_n200_roFalse_s0: Loading data from ../models/synthetic/s123/random_mc2_n9_mid3_d1000_05_mr098_r10_27.csv
2026-02-02 16:28:49,979|INFO|random_mc2_n6_mid3_d1000_05_mr098_r10_151_uai_GDCC_1e-09_n200_roFalse_s0: Loading model from ../models/synthetic/s123/random_mc2_n6_mid3_d1000_05_mr098_r10_151.uai
2026-02-02 16:28:49,986|INFO|random_mc2_n7_mid3_d1000_05_mr098_r10_15_uai_GDCC_1e-09_n200_roTrue_s0: Loading model from ../models/synthetic/s123/random_mc2_n7_mid3_d1000_05_mr098_r10_15.uai
2026-02-02 16:28:49,998|INFO|random_mc2_n6_mid3_d1000_05_mr098_r10_20_uai_GDCC_1e-09_n200_roFalse_s0: Loading model from ../models/synthetic/s123/random_mc2_n6_mid3_d1000_05_mr098_r10_20.uai
2026-02-02 16:28:50,005|INFO|random_mc2_n5_mid3_d1000_05_mr098_r10_156_uai_GDCC_1e-09_n200_roTrue_s0: Loading model from ../models/synthetic/s123/random_mc2_n5_mid3_d1000_05_mr098_r10_156.uai
2026-02-02 16:28:50,011|INFO|random_mc2_n6_mid3_d1000_05_mr098_r10_113_uai_GDCC_1e-09_n200_roFalse_s0: Loading model from ../models/synthetic/s123/random_mc2_n6_mid3_d1000_05_mr098_r10_113.uai
2026-02-02 16:28:50,016|INFO|random_mc2_n6_mid3_d1000_05_mr098_r10_23_uai_GDCC_1e-09_n200_roFalse_s0: Loading model from ../models/synthetic/s123/random_mc2_n6_mid3_d1000_05_mr098_r10_23.uai
2026-02-02 16:28:50,017|INFO|random_mc2_n5_mid3_d1000_05_mr098_r10_120_uai_GDCC_1e-09_n200_roTrue_s0: Loading model from ../models/synthetic/s123/random_mc2_n5_mid3_d1000_05_mr098_r10_120.uai
2026-02-02 16:28:50,025|INFO|random_mc2_n5_mid3_d1000_05_mr098_r10_67_uai_GDCC_1e-09_n200_roFalse_s0: Loading model from ../models/synthetic/s123/random_mc2_n5_mid3_d1000_05_mr098_r10_67.uai
2026-02-02 16:28:49,998|INFO|random_mc2_n7_mid3_d1000_05_mr098_r10_15_uai_GDCC_1e-09_n200_roTrue_s0: Loading data from ../models/synthetic/s123/random_mc2_n7_mid3_d1000_05_mr098_r10_15.csv
2026-02-02 16:28:50,009|INFO|random_mc2_n7_mid3_d1000_05_mr098_r10_15_uai_GDCC_1e-09_n200_roTrue_s0: PNS(V0,V6) exact: (0.3220170880214336, 0.5255000671372351)
2026-02-02 16:28:50,013|INFO|random_mc2_n6_mid3_d1000_05_mr098_r10_20_uai_GDCC_1e-09_n200_roFalse_s0: Loading data from ../models/synthetic/s123/random_mc2_n6_mid3_d1000_05_mr098_r10_20.csv
2026-02-02 16:28:50,010|INFO|random_mc2_n5_mid3_d1000_05_mr098_r10_156_uai_GDCC_1e-09_n200_roTrue_s0: Loading data from ../models/synthetic/s123/random_mc2_n5_mid3_d1000_05_mr098_r10_156.csv
2026-02-02 16:28:50,019|INFO|random_mc2_n5_mid3_d1000_05_mr098_r10_156_uai_GDCC_1e-09_n200_roTrue_s0: PNS(V0,V3) exact: (0.013315773, 0.1754779742999999)
2026-02-02 16:28:50,021|INFO|random_mc2_n6_mid3_d1000_05_mr098_r10_113_uai_GDCC_1e-09_n200_roFalse_s0: Loading data from ../models/synthetic/s123/random_mc2_n6_mid3_d1000_05_mr098_r10_113.csv
2026-02-02 16:28:50,025|INFO|random_mc2_n6_mid3_d1000_05_mr098_r10_23_uai_GDCC_1e-09_n200_roFalse_s0: Loading data from ../models/synthetic/s123/random_mc2_n6_mid3_d1000_05_mr098_r10_23.csv
2026-02-02 16:28:50,035|INFO|random_mc2_n6_mid3_d1000_05_mr098_r10_23_uai_GDCC_1e-09_n200_roFalse_s0: PNS(V0,V5) exact: (0.0, 0.206564908524544)
2026-02-02 16:28:50,022|INFO|random_mc2_n5_mid3_d1000_05_mr098_r10_120_uai_GDCC_1e-09_n200_roTrue_s0: Loading data from ../models/synthetic/s123/random_mc2_n5_mid3_d1000_05_mr098_r10_120.csv
2026-02-02 16:28:50,031|INFO|random_mc2_n5_mid3_d1000_05_mr098_r10_120_uai_GDCC_1e-09_n200_roTrue_s0: PNS(V3,V1) exact: (0.39503, 0.60644)
2026-02-02 16:28:50,061|INFO|random_mc2_n5_mid3_d1000_05_mr098_r10_6_uai_GDCC_1e-09_n200_roTrue_s0: Loading model from ../models/synthetic/s123/random_mc2_n5_mid3_d1000_05_mr098_r10_6.uai
2026-02-02 16:28:50,030|INFO|random_mc2_n5_mid3_d1000_05_mr098_r10_67_uai_GDCC_1e-09_n200_roFalse_s0: Loading data from ../models/synthetic/s123/random_mc2_n5_mid3_d1000_05_mr098_r10_67.csv
2026-02-02 16:28:50,074|INFO|random_mc2_n5_mid3_d1000_05_mr098_r10_6_uai_GDCC_1e-09_n200_roTrue_s0: Loading data from ../models/synthetic/s123/random_mc2_n5_mid3_d1000_05_mr098_r10_6.csv
2026-02-02 16:28:50,155|INFO|random_mc2_n8_mid3_d1000_05_mr098_r10_131_uai_GDCC_1e-09_n200_roFalse_s0: Loading model from ../models/synthetic/s123/random_mc2_n8_mid3_d1000_05_mr098_r10_131.uai
2026-02-02 16:28:50,179|INFO|random_mc2_n8_mid3_d1000_05_mr098_r10_76_uai_GDCC_1e-09_n200_roFalse_s0: Loading model from ../models/synthetic/s123/random_mc2_n8_mid3_d1000_05_mr098_r10_76.uai
2026-02-02 16:28:50,189|INFO|random_mc2_n9_mid3_d1000_05_mr098_r10_10_uai_GDCC_1e-09_n200_roTrue_s0: Loading model from ../models/synthetic/s123/random_mc2_n9_mid3_d1000_05_mr098_r10_10.uai
2026-02-02 16:28:50,171|INFO|random_mc2_n8_mid3_d1000_05_mr098_r10_131_uai_GDCC_1e-09_n200_roFalse_s0: Loading data from ../models/synthetic/s123/random_mc2_n8_mid3_d1000_05_mr098_r10_131.csv
2026-02-02 16:28:50,181|INFO|random_mc2_n8_mid3_d1000_05_mr098_r10_131_uai_GDCC_1e-09_n200_roFalse_s0: PNS(V2,V4) exact: (0.0110083727479793, 0.2116947943241336)
2026-02-02 16:28:50,200|INFO|random_mc2_n5_mid3_d1000_05_mr098_r10_42_uai_GDCC_1e-09_n200_roFalse_s0: Loading model from ../models/synthetic/s123/random_mc2_n5_mid3_d1000_05_mr098_r10_42.uai
2026-02-02 16:28:50,217|INFO|random_mc2_n6_mid3_d1000_05_mr098_r10_151_uai_GDCC_1e-09_n200_roFalse_s0: Loading data from ../models/synthetic/s123/random_mc2_n6_mid3_d1000_05_mr098_r10_151.csv
2026-02-02 16:28:50,189|INFO|random_mc2_n8_mid3_d1000_05_mr098_r10_76_uai_GDCC_1e-09_n200_roFalse_s0: Loading data from ../models/synthetic/s123/random_mc2_n8_mid3_d1000_05_mr098_r10_76.csv
2026-02-02 16:28:50,199|INFO|random_mc2_n8_mid3_d1000_05_mr098_r10_76_uai_GDCC_1e-09_n200_roFalse_s0: PNS(V5,V4) exact: (0.400195964582856, 0.4868895953108599)
2026-02-02 16:28:50,222|INFO|random_mc2_n9_mid3_d1000_05_mr098_r10_10_uai_GDCC_1e-09_n200_roTrue_s0: Loading data from ../models/synthetic/s123/random_mc2_n9_mid3_d1000_05_mr098_r10_10.csv
2026-02-02 16:28:50,220|INFO|random_mc2_n5_mid3_d1000_05_mr098_r10_42_uai_GDCC_1e-09_n200_roFalse_s0: Loading data from ../models/synthetic/s123/random_mc2_n5_mid3_d1000_05_mr098_r10_42.csv
2026-02-02 16:28:52,438|INFO|random_mc2_n6_mid3_d1000_05_mr098_r10_11_uai_GDCC_1e-09_n200_roFalse_s0: Loading model from ../models/synthetic/s123/random_mc2_n6_mid3_d1000_05_mr098_r10_11.uai
2026-02-02 16:28:52,449|INFO|random_mc2_n6_mid3_d1000_05_mr098_r10_11_uai_GDCC_1e-09_n200_roFalse_s0: Loading data from ../models/synthetic/s123/random_mc2_n6_mid3_d1000_05_mr098_r10_11.csv
2026-02-02 16:28:52,461|INFO|random_mc2_n6_mid3_d1000_05_mr098_r10_11_uai_GDCC_1e-09_n200_roFalse_s0: PNS(V5,V0) exact: (0.226887276, 0.345199661)
2026-02-02 16:28:55,788|INFO|random_mc2_n7_mid3_d1000_05_mr098_r10_19_uai_GDCC_1e-09_n200_roTrue_s0: Loading model from ../models/synthetic/s123/random_mc2_n7_mid3_d1000_05_mr098_r10_19.uai
2026-02-02 16:28:55,801|INFO|random_mc2_n7_mid3_d1000_05_mr098_r10_19_uai_GDCC_1e-09_n200_roTrue_s0: Loading data from ../models/synthetic/s123/random_mc2_n7_mid3_d1000_05_mr098_r10_19.csv
2026-02-02 16:28:55,857|INFO|random_mc2_n9_mid3_d1000_05_mr098_r10_45_uai_GDCC_1e-09_n200_roFalse_s0: Loading model from ../models/synthetic/s123/random_mc2_n9_mid3_d1000_05_mr098_r10_45.uai
2026-02-02 16:28:55,883|INFO|random_mc2_n5_mid3_d1000_05_mr098_r10_115_uai_GDCC_1e-09_n200_roFalse_s0: Loading model from ../models/synthetic/s123/random_mc2_n5_mid3_d1000_05_mr098_r10_115.uai
2026-02-02 16:28:55,868|INFO|random_mc2_n9_mid3_d1000_05_mr098_r10_45_uai_GDCC_1e-09_n200_roFalse_s0: Loading data from ../models/synthetic/s123/random_mc2_n9_mid3_d1000_05_mr098_r10_45.csv
2026-02-02 16:28:55,879|INFO|random_mc2_n9_mid3_d1000_05_mr098_r10_45_uai_GDCC_1e-09_n200_roFalse_s0: PNS(V4,V5) exact: (0.0019792379219094, 0.0020994991224765)
2026-02-02 16:28:55,901|INFO|random_mc2_n6_mid3_d1000_05_mr098_r10_159_uai_GDCC_1e-09_n200_roFalse_s0: Loading model from ../models/synthetic/s123/random_mc2_n6_mid3_d1000_05_mr098_r10_159.uai
2026-02-02 16:28:55,919|INFO|random_mc2_n5_mid3_d1000_05_mr098_r10_17_uai_GDCC_1e-09_n200_roTrue_s0: Loading model from ../models/synthetic/s123/random_mc2_n5_mid3_d1000_05_mr098_r10_17.uai
2026-02-02 16:28:55,896|INFO|random_mc2_n5_mid3_d1000_05_mr098_r10_115_uai_GDCC_1e-09_n200_roFalse_s0: Loading data from ../models/synthetic/s123/random_mc2_n5_mid3_d1000_05_mr098_r10_115.csv
2026-02-02 16:28:55,928|INFO|random_mc2_n5_mid3_d1000_05_mr098_r10_168_uai_GDCC_1e-09_n200_roFalse_s0: Loading model from ../models/synthetic/s123/random_mc2_n5_mid3_d1000_05_mr098_r10_168.uai
2026-02-02 16:28:55,938|INFO|random_mc2_n6_mid3_d1000_05_mr098_r10_128_uai_GDCC_1e-09_n200_roFalse_s0: Loading model from ../models/synthetic/s123/random_mc2_n6_mid3_d1000_05_mr098_r10_128.uai
2026-02-02 16:28:55,912|INFO|random_mc2_n6_mid3_d1000_05_mr098_r10_159_uai_GDCC_1e-09_n200_roFalse_s0: Loading data from ../models/synthetic/s123/random_mc2_n6_mid3_d1000_05_mr098_r10_159.csv
2026-02-02 16:28:55,941|INFO|random_mc2_n5_mid3_d1000_05_mr098_r10_84_uai_GDCC_1e-09_n200_roTrue_s0: Loading model from ../models/synthetic/s123/random_mc2_n5_mid3_d1000_05_mr098_r10_84.uai
2026-02-02 16:28:55,943|INFO|random_mc2_n7_mid3_d1000_05_mr098_r10_54_uai_GDCC_1e-09_n200_roTrue_s0: Loading model from ../models/synthetic/s123/random_mc2_n7_mid3_d1000_05_mr098_r10_54.uai
2026-02-02 16:28:55,951|INFO|random_mc2_n5_mid3_d1000_05_mr098_r10_176_uai_GDCC_1e-09_n200_roTrue_s0: Loading model from ../models/synthetic/s123/random_mc2_n5_mid3_d1000_05_mr098_r10_176.uai
2026-02-02 16:28:55,928|INFO|random_mc2_n5_mid3_d1000_05_mr098_r10_17_uai_GDCC_1e-09_n200_roTrue_s0: Loading data from ../models/synthetic/s123/random_mc2_n5_mid3_d1000_05_mr098_r10_17.csv
2026-02-02 16:28:55,938|INFO|random_mc2_n5_mid3_d1000_05_mr098_r10_17_uai_GDCC_1e-09_n200_roTrue_s0: PNS(V2,V0) exact: (0.0009668192, 0.0226223524444999)
2026-02-02 16:28:55,934|INFO|random_mc2_n5_mid3_d1000_05_mr098_r10_168_uai_GDCC_1e-09_n200_roFalse_s0: Loading data from ../models/synthetic/s123/random_mc2_n5_mid3_d1000_05_mr098_r10_168.csv
2026-02-02 16:28:55,948|INFO|random_mc2_n6_mid3_d1000_05_mr098_r10_128_uai_GDCC_1e-09_n200_roFalse_s0: Loading data from ../models/synthetic/s123/random_mc2_n6_mid3_d1000_05_mr098_r10_128.csv
2026-02-02 16:28:55,959|INFO|random_mc2_n6_mid3_d1000_05_mr098_r10_128_uai_GDCC_1e-09_n200_roFalse_s0: PNS(V0,V4) exact: (0.38097471340495, 0.457162013037466)
2026-02-02 16:28:55,950|INFO|random_mc2_n5_mid3_d1000_05_mr098_r10_84_uai_GDCC_1e-09_n200_roTrue_s0: Loading data from ../models/synthetic/s123/random_mc2_n5_mid3_d1000_05_mr098_r10_84.csv
2026-02-02 16:28:55,960|INFO|random_mc2_n7_mid3_d1000_05_mr098_r10_54_uai_GDCC_1e-09_n200_roTrue_s0: Loading data from ../models/synthetic/s123/random_mc2_n7_mid3_d1000_05_mr098_r10_54.csv
2026-02-02 16:28:55,956|INFO|random_mc2_n5_mid3_d1000_05_mr098_r10_176_uai_GDCC_1e-09_n200_roTrue_s0: Loading data from ../models/synthetic/s123/random_mc2_n5_mid3_d1000_05_mr098_r10_176.csv
2026-02-02 16:28:56,074|INFO|random_mc2_n8_mid3_d1000_05_mr098_r10_39_uai_GDCC_1e-09_n200_roFalse_s0: Loading model from ../models/synthetic/s123/random_mc2_n8_mid3_d1000_05_mr098_r10_39.uai
2026-02-02 16:28:56,087|INFO|random_mc2_n8_mid3_d1000_05_mr098_r10_39_uai_GDCC_1e-09_n200_roFalse_s0: Loading data from ../models/synthetic/s123/random_mc2_n8_mid3_d1000_05_mr098_r10_39.csv
2026-02-02 16:28:58,719|INFO|random_mc2_n5_mid3_d1000_05_mr098_r10_184_uai_GDCC_1e-09_n200_roFalse_s0: Loading model from ../models/synthetic/s123/random_mc2_n5_mid3_d1000_05_mr098_r10_184.uai
2026-02-02 16:28:58,724|INFO|random_mc2_n5_mid3_d1000_05_mr098_r10_184_uai_GDCC_1e-09_n200_roFalse_s0: Loading data from ../models/synthetic/s123/random_mc2_n5_mid3_d1000_05_mr098_r10_184.csv
2026-02-02 16:28:58,733|INFO|random_mc2_n5_mid3_d1000_05_mr098_r10_184_uai_GDCC_1e-09_n200_roFalse_s0: PNS(V3,V4) exact: (0.0, 0.0)
2026-02-02 16:28:58,733|ERROR|random_mc2_n5_mid3_d1000_05_mr098_r10_184_uai_GDCC_1e-09_n200_roFalse_s0: Model does not have any cause-effect path.
2026-02-02 16:29:02,936|INFO|random_mc2_n7_mid3_d1000_05_mr098_r10_2_uai_GDCC_1e-09_n200_roFalse_s0: Loading model from ../models/synthetic/s123/random_mc2_n7_mid3_d1000_05_mr098_r10_2.uai
2026-02-02 16:29:02,941|INFO|random_mc2_n5_mid3_d1000_05_mr098_r10_163_uai_GDCC_1e-09_n200_roFalse_s0: Loading model from ../models/synthetic/s123/random_mc2_n5_mid3_d1000_05_mr098_r10_163.uai
2026-02-02 16:29:02,953|INFO|random_mc2_n6_mid3_d1000_05_mr098_r10_195_uai_GDCC_1e-09_n200_roFalse_s0: Loading model from ../models/synthetic/s123/random_mc2_n6_mid3_d1000_05_mr098_r10_195.uai
2026-02-02 16:29:02,949|INFO|random_mc2_n7_mid3_d1000_05_mr098_r10_2_uai_GDCC_1e-09_n200_roFalse_s0: Loading data from ../models/synthetic/s123/random_mc2_n7_mid3_d1000_05_mr098_r10_2.csv
2026-02-02 16:29:02,961|INFO|random_mc2_n7_mid3_d1000_05_mr098_r10_2_uai_GDCC_1e-09_n200_roFalse_s0: PNS(V6,V5) exact: (0.17496630889, 0.198271938213)
2026-02-02 16:29:02,947|INFO|random_mc2_n5_mid3_d1000_05_mr098_r10_163_uai_GDCC_1e-09_n200_roFalse_s0: Loading data from ../models/synthetic/s123/random_mc2_n5_mid3_d1000_05_mr098_r10_163.csv
2026-02-02 16:29:02,957|INFO|random_mc2_n5_mid3_d1000_05_mr098_r10_163_uai_GDCC_1e-09_n200_roFalse_s0: PNS(V0,V4) exact: (0.0140736103, 0.0557529839)
2026-02-02 16:29:02,960|INFO|random_mc2_n6_mid3_d1000_05_mr098_r10_195_uai_GDCC_1e-09_n200_roFalse_s0: Loading data from ../models/synthetic/s123/random_mc2_n6_mid3_d1000_05_mr098_r10_195.csv
2026-02-02 16:29:02,969|INFO|random_mc2_n6_mid3_d1000_05_mr098_r10_195_uai_GDCC_1e-09_n200_roFalse_s0: PNS(V1,V5) exact: (0.3611165594, 0.4092761430999999)
2026-02-02 16:29:02,995|INFO|random_mc2_n6_mid3_d1000_05_mr098_r10_121_uai_GDCC_1e-09_n200_roTrue_s0: Loading model from ../models/synthetic/s123/random_mc2_n6_mid3_d1000_05_mr098_r10_121.uai
2026-02-02 16:29:03,020|INFO|random_mc2_n6_mid3_d1000_05_mr098_r10_182_uai_GDCC_1e-09_n200_roTrue_s0: Loading model from ../models/synthetic/s123/random_mc2_n6_mid3_d1000_05_mr098_r10_182.uai
2026-02-02 16:29:03,009|INFO|random_mc2_n6_mid3_d1000_05_mr098_r10_121_uai_GDCC_1e-09_n200_roTrue_s0: Loading data from ../models/synthetic/s123/random_mc2_n6_mid3_d1000_05_mr098_r10_121.csv
2026-02-02 16:29:03,035|INFO|random_mc2_n6_mid3_d1000_05_mr098_r10_182_uai_GDCC_1e-09_n200_roTrue_s0: Loading data from ../models/synthetic/s123/random_mc2_n6_mid3_d1000_05_mr098_r10_182.csv
2026-02-02 16:29:03,043|INFO|random_mc2_n6_mid3_d1000_05_mr098_r10_182_uai_GDCC_1e-09_n200_roTrue_s0: PNS(V4,V5) exact: (0.2591310333408, 0.3907790126200001)
2026-02-02 16:29:03,165|INFO|random_mc2_n5_mid3_d1000_05_mr098_r10_118_uai_GDCC_1e-09_n200_roFalse_s0: Loading model from ../models/synthetic/s123/random_mc2_n5_mid3_d1000_05_mr098_r10_118.uai
2026-02-02 16:29:03,171|INFO|random_mc2_n5_mid3_d1000_05_mr098_r10_118_uai_GDCC_1e-09_n200_roFalse_s0: Loading data from ../models/synthetic/s123/random_mc2_n5_mid3_d1000_05_mr098_r10_118.csv
2026-02-02 16:29:03,181|INFO|random_mc2_n5_mid3_d1000_05_mr098_r10_118_uai_GDCC_1e-09_n200_roFalse_s0: PNS(V1,V2) exact: (0.07441581471588, 0.209057882285592)
2026-02-02 16:29:03,298|INFO|random_mc2_n6_mid3_d1000_05_mr098_r10_189_uai_GDCC_1e-09_n200_roTrue_s0: Loading model from ../models/synthetic/s123/random_mc2_n6_mid3_d1000_05_mr098_r10_189.uai
2026-02-02 16:29:03,309|INFO|random_mc2_n6_mid3_d1000_05_mr098_r10_117_uai_GDCC_1e-09_n200_roFalse_s0: Loading model from ../models/synthetic/s123/random_mc2_n6_mid3_d1000_05_mr098_r10_117.uai
2026-02-02 16:29:03,315|INFO|random_mc2_n6_mid3_d1000_05_mr098_r10_17_uai_GDCC_1e-09_n200_roTrue_s0: Loading model from ../models/synthetic/s123/random_mc2_n6_mid3_d1000_05_mr098_r10_17.uai
2026-02-02 16:29:03,323|INFO|random_mc2_n6_mid3_d1000_05_mr098_r10_156_uai_GDCC_1e-09_n200_roFalse_s0: Loading model from ../models/synthetic/s123/random_mc2_n6_mid3_d1000_05_mr098_r10_156.uai
2026-02-02 16:29:03,330|INFO|random_mc2_n8_mid3_d1000_05_mr098_r10_12_uai_GDCC_1e-09_n200_roTrue_s0: Loading model from ../models/synthetic/s123/random_mc2_n8_mid3_d1000_05_mr098_r10_12.uai
2026-02-02 16:29:03,308|INFO|random_mc2_n6_mid3_d1000_05_mr098_r10_189_uai_GDCC_1e-09_n200_roTrue_s0: Loading data from ../models/synthetic/s123/random_mc2_n6_mid3_d1000_05_mr098_r10_189.csv
2026-02-02 16:29:03,318|INFO|random_mc2_n6_mid3_d1000_05_mr098_r10_189_uai_GDCC_1e-09_n200_roTrue_s0: PNS(V3,V1) exact: (0.6089314630473477, 0.6883287464300636)
2026-02-02 16:29:03,346|INFO|random_mc2_n5_mid3_d1000_05_mr098_r10_132_uai_GDCC_1e-09_n200_roTrue_s0: Loading model from ../models/synthetic/s123/random_mc2_n5_mid3_d1000_05_mr098_r10_132.uai
2026-02-02 16:29:03,319|INFO|random_mc2_n6_mid3_d1000_05_mr098_r10_117_uai_GDCC_1e-09_n200_roFalse_s0: Loading data from ../models/synthetic/s123/random_mc2_n6_mid3_d1000_05_mr098_r10_117.csv
2026-02-02 16:29:03,322|INFO|random_mc2_n6_mid3_d1000_05_mr098_r10_17_uai_GDCC_1e-09_n200_roTrue_s0: Loading data from ../models/synthetic/s123/random_mc2_n6_mid3_d1000_05_mr098_r10_17.csv
2026-02-02 16:29:03,331|INFO|random_mc2_n6_mid3_d1000_05_mr098_r10_17_uai_GDCC_1e-09_n200_roTrue_s0: PNS(V5,V0) exact: (0.068749296, 0.1201185324)
2026-02-02 16:29:03,334|INFO|random_mc2_n6_mid3_d1000_05_mr098_r10_156_uai_GDCC_1e-09_n200_roFalse_s0: Loading data from ../models/synthetic/s123/random_mc2_n6_mid3_d1000_05_mr098_r10_156.csv
2026-02-02 16:29:03,340|INFO|random_mc2_n8_mid3_d1000_05_mr098_r10_12_uai_GDCC_1e-09_n200_roTrue_s0: Loading data from ../models/synthetic/s123/random_mc2_n8_mid3_d1000_05_mr098_r10_12.csv
2026-02-02 16:29:03,373|INFO|random_mc2_n5_mid3_d1000_05_mr098_r10_82_uai_GDCC_1e-09_n200_roFalse_s0: Loading model from ../models/synthetic/s123/random_mc2_n5_mid3_d1000_05_mr098_r10_82.uai
2026-02-02 16:29:03,350|INFO|random_mc2_n5_mid3_d1000_05_mr098_r10_132_uai_GDCC_1e-09_n200_roTrue_s0: Loading data from ../models/synthetic/s123/random_mc2_n5_mid3_d1000_05_mr098_r10_132.csv
2026-02-02 16:29:03,360|INFO|random_mc2_n5_mid3_d1000_05_mr098_r10_132_uai_GDCC_1e-09_n200_roTrue_s0: PNS(V0,V2) exact: (0.0, 0.0)
2026-02-02 16:29:03,360|ERROR|random_mc2_n5_mid3_d1000_05_mr098_r10_132_uai_GDCC_1e-09_n200_roTrue_s0: Model does not have any cause-effect path.
2026-02-02 16:29:03,388|INFO|random_mc2_n6_mid3_d1000_05_mr098_r10_140_uai_GDCC_1e-09_n200_roFalse_s0: Loading model from ../models/synthetic/s123/random_mc2_n6_mid3_d1000_05_mr098_r10_140.uai
2026-02-02 16:29:03,382|INFO|random_mc2_n5_mid3_d1000_05_mr098_r10_82_uai_GDCC_1e-09_n200_roFalse_s0: Loading data from ../models/synthetic/s123/random_mc2_n5_mid3_d1000_05_mr098_r10_82.csv
2026-02-02 16:29:03,401|INFO|random_mc2_n6_mid3_d1000_05_mr098_r10_140_uai_GDCC_1e-09_n200_roFalse_s0: Loading data from ../models/synthetic/s123/random_mc2_n6_mid3_d1000_05_mr098_r10_140.csv
2026-02-02 16:29:03,521|INFO|random_mc2_n6_mid3_d1000_05_mr098_r10_145_uai_GDCC_1e-09_n200_roTrue_s0: Loading model from ../models/synthetic/s123/random_mc2_n6_mid3_d1000_05_mr098_r10_145.uai
2026-02-02 16:29:03,541|INFO|random_mc2_n6_mid3_d1000_05_mr098_r10_145_uai_GDCC_1e-09_n200_roTrue_s0: Loading data from ../models/synthetic/s123/random_mc2_n6_mid3_d1000_05_mr098_r10_145.csv
2026-02-02 16:29:03,579|INFO|random_mc2_n7_mid3_d1000_05_mr098_r10_154_uai_GDCC_1e-09_n200_roFalse_s0: Loading model from ../models/synthetic/s123/random_mc2_n7_mid3_d1000_05_mr098_r10_154.uai
2026-02-02 16:29:03,598|INFO|random_mc2_n6_mid3_d1000_05_mr098_r10_18_uai_GDCC_1e-09_n200_roFalse_s0: Loading model from ../models/synthetic/s123/random_mc2_n6_mid3_d1000_05_mr098_r10_18.uai
2026-02-02 16:29:03,589|INFO|random_mc2_n7_mid3_d1000_05_mr098_r10_154_uai_GDCC_1e-09_n200_roFalse_s0: Loading data from ../models/synthetic/s123/random_mc2_n7_mid3_d1000_05_mr098_r10_154.csv
2026-02-02 16:29:03,633|INFO|random_mc2_n7_mid3_d1000_05_mr098_r10_154_uai_GDCC_1e-09_n200_roTrue_s0: Loading model from ../models/synthetic/s123/random_mc2_n7_mid3_d1000_05_mr098_r10_154.uai
2026-02-02 16:29:03,607|INFO|random_mc2_n6_mid3_d1000_05_mr098_r10_18_uai_GDCC_1e-09_n200_roFalse_s0: Loading data from ../models/synthetic/s123/random_mc2_n6_mid3_d1000_05_mr098_r10_18.csv
2026-02-02 16:29:03,617|INFO|random_mc2_n6_mid3_d1000_05_mr098_r10_18_uai_GDCC_1e-09_n200_roFalse_s0: PNS(V3,V5) exact: (0.0, 0.0426073822)
2026-02-02 16:29:03,644|INFO|random_mc2_n7_mid3_d1000_05_mr098_r10_154_uai_GDCC_1e-09_n200_roTrue_s0: Loading data from ../models/synthetic/s123/random_mc2_n7_mid3_d1000_05_mr098_r10_154.csv
2026-02-02 16:29:08,544|INFO|random_mc2_n8_mid3_d1000_05_mr098_r10_76_uai_GDCC_1e-09_n200_roTrue_s0: Loading model from ../models/synthetic/s123/random_mc2_n8_mid3_d1000_05_mr098_r10_76.uai
2026-02-02 16:29:08,555|INFO|random_mc2_n5_mid3_d1000_05_mr098_r10_18_uai_GDCC_1e-09_n200_roFalse_s0: Loading model from ../models/synthetic/s123/random_mc2_n5_mid3_d1000_05_mr098_r10_18.uai
2026-02-02 16:29:08,554|INFO|random_mc2_n8_mid3_d1000_05_mr098_r10_76_uai_GDCC_1e-09_n200_roTrue_s0: Loading data from ../models/synthetic/s123/random_mc2_n8_mid3_d1000_05_mr098_r10_76.csv
2026-02-02 16:29:08,567|INFO|random_mc2_n8_mid3_d1000_05_mr098_r10_76_uai_GDCC_1e-09_n200_roTrue_s0: PNS(V5,V4) exact: (0.400195964582856, 0.4868895953108599)
2026-02-02 16:29:08,568|INFO|random_mc2_n5_mid3_d1000_05_mr098_r10_18_uai_GDCC_1e-09_n200_roFalse_s0: Loading data from ../models/synthetic/s123/random_mc2_n5_mid3_d1000_05_mr098_r10_18.csv
2026-02-02 16:29:08,578|INFO|random_mc2_n5_mid3_d1000_05_mr098_r10_18_uai_GDCC_1e-09_n200_roFalse_s0: PNS(V1,V3) exact: (0.3568015083512, 0.5052594691711998)
2026-02-02 16:29:08,665|INFO|random_mc2_n5_mid3_d1000_05_mr098_r10_200_uai_GDCC_1e-09_n200_roFalse_s0: Loading model from ../models/synthetic/s123/random_mc2_n5_mid3_d1000_05_mr098_r10_200.uai
2026-02-02 16:29:08,758|INFO|random_mc2_n5_mid3_d1000_05_mr098_r10_200_uai_GDCC_1e-09_n200_roFalse_s0: Loading data from ../models/synthetic/s123/random_mc2_n5_mid3_d1000_05_mr098_r10_200.csv
2026-02-02 16:29:08,815|INFO|random_mc2_n9_mid3_d1000_05_mr098_r10_25_uai_GDCC_1e-09_n200_roTrue_s0: Loading model from ../models/synthetic/s123/random_mc2_n9_mid3_d1000_05_mr098_r10_25.uai
2026-02-02 16:29:08,878|INFO|random_mc2_n6_mid3_d1000_05_mr098_r10_181_uai_GDCC_1e-09_n200_roTrue_s0: Loading model from ../models/synthetic/s123/random_mc2_n6_mid3_d1000_05_mr098_r10_181.uai
2026-02-02 16:29:08,892|INFO|random_mc2_n8_mid3_d1000_05_mr098_r10_151_uai_GDCC_1e-09_n200_roTrue_s0: Loading model from ../models/synthetic/s123/random_mc2_n8_mid3_d1000_05_mr098_r10_151.uai
2026-02-02 16:29:08,888|INFO|random_mc2_n6_mid3_d1000_05_mr098_r10_181_uai_GDCC_1e-09_n200_roTrue_s0: Loading data from ../models/synthetic/s123/random_mc2_n6_mid3_d1000_05_mr098_r10_181.csv
2026-02-02 16:29:08,992|INFO|random_mc2_n6_mid3_d1000_05_mr098_r10_44_uai_GDCC_1e-09_n200_roTrue_s0: Loading model from ../models/synthetic/s123/random_mc2_n6_mid3_d1000_05_mr098_r10_44.uai
2026-02-02 16:29:08,993|INFO|random_mc2_n7_mid3_d1000_05_mr098_r10_56_uai_GDCC_1e-09_n200_roFalse_s0: Loading model from ../models/synthetic/s123/random_mc2_n7_mid3_d1000_05_mr098_r10_56.uai
2026-02-02 16:29:09,020|INFO|random_mc2_n6_mid3_d1000_05_mr098_r10_12_uai_GDCC_1e-09_n200_roTrue_s0: Loading model from ../models/synthetic/s123/random_mc2_n6_mid3_d1000_05_mr098_r10_12.uai
2026-02-02 16:29:09,000|INFO|random_mc2_n6_mid3_d1000_05_mr098_r10_44_uai_GDCC_1e-09_n200_roTrue_s0: Loading data from ../models/synthetic/s123/random_mc2_n6_mid3_d1000_05_mr098_r10_44.csv
2026-02-02 16:29:09,010|INFO|random_mc2_n6_mid3_d1000_05_mr098_r10_44_uai_GDCC_1e-09_n200_roTrue_s0: PNS(V3,V5) exact: (0.0558153164, 0.3842657125)
2026-02-02 16:29:09,007|INFO|random_mc2_n7_mid3_d1000_05_mr098_r10_56_uai_GDCC_1e-09_n200_roFalse_s0: Loading data from ../models/synthetic/s123/random_mc2_n7_mid3_d1000_05_mr098_r10_56.csv
2026-02-02 16:29:09,034|INFO|random_mc2_n9_mid3_d1000_05_mr098_r10_25_uai_GDCC_1e-09_n200_roTrue_s0: Loading data from ../models/synthetic/s123/random_mc2_n9_mid3_d1000_05_mr098_r10_25.csv
2026-02-02 16:29:09,032|INFO|random_mc2_n6_mid3_d1000_05_mr098_r10_12_uai_GDCC_1e-09_n200_roTrue_s0: Loading data from ../models/synthetic/s123/random_mc2_n6_mid3_d1000_05_mr098_r10_12.csv
2026-02-02 16:29:09,063|INFO|random_mc2_n5_mid3_d1000_05_mr098_r10_191_uai_GDCC_1e-09_n200_roFalse_s0: Loading model from ../models/synthetic/s123/random_mc2_n5_mid3_d1000_05_mr098_r10_191.uai
2026-02-02 16:29:09,075|INFO|random_mc2_n8_mid3_d1000_05_mr098_r10_1_uai_GDCC_1e-09_n200_roTrue_s0: Loading model from ../models/synthetic/s123/random_mc2_n8_mid3_d1000_05_mr098_r10_1.uai
2026-02-02 16:29:09,068|INFO|random_mc2_n5_mid3_d1000_05_mr098_r10_191_uai_GDCC_1e-09_n200_roFalse_s0: Loading data from ../models/synthetic/s123/random_mc2_n5_mid3_d1000_05_mr098_r10_191.csv
2026-02-02 16:29:09,098|INFO|random_mc2_n8_mid3_d1000_05_mr098_r10_1_uai_GDCC_1e-09_n200_roTrue_s0: Loading data from ../models/synthetic/s123/random_mc2_n8_mid3_d1000_05_mr098_r10_1.csv
2026-02-02 16:29:09,119|INFO|random_mc2_n8_mid3_d1000_05_mr098_r10_151_uai_GDCC_1e-09_n200_roTrue_s0: Loading data from ../models/synthetic/s123/random_mc2_n8_mid3_d1000_05_mr098_r10_151.csv
2026-02-02 16:29:09,174|INFO|random_mc2_n5_mid3_d1000_05_mr098_r10_179_uai_GDCC_1e-09_n200_roFalse_s0: Loading model from ../models/synthetic/s123/random_mc2_n5_mid3_d1000_05_mr098_r10_179.uai
2026-02-02 16:29:09,180|INFO|random_mc2_n5_mid3_d1000_05_mr098_r10_179_uai_GDCC_1e-09_n200_roFalse_s0: Loading data from ../models/synthetic/s123/random_mc2_n5_mid3_d1000_05_mr098_r10_179.csv
2026-02-02 16:29:09,190|INFO|random_mc2_n5_mid3_d1000_05_mr098_r10_179_uai_GDCC_1e-09_n200_roFalse_s0: PNS(V2,V4) exact: (0.00847, 0.3191)
2026-02-02 16:29:13,419|INFO|random_mc2_n5_mid3_d1000_05_mr098_r10_18_uai_GDCC_1e-09_n200_roTrue_s0: Loading model from ../models/synthetic/s123/random_mc2_n5_mid3_d1000_05_mr098_r10_18.uai
2026-02-02 16:29:13,432|INFO|random_mc2_n5_mid3_d1000_05_mr098_r10_18_uai_GDCC_1e-09_n200_roTrue_s0: Loading data from ../models/synthetic/s123/random_mc2_n5_mid3_d1000_05_mr098_r10_18.csv
2026-02-02 16:29:13,445|INFO|random_mc2_n5_mid3_d1000_05_mr098_r10_18_uai_GDCC_1e-09_n200_roTrue_s0: PNS(V1,V3) exact: (0.3568015083512, 0.5052594691711998)
2026-02-02 16:29:16,173|INFO|random_mc2_n5_mid3_d1000_05_mr098_r10_16_uai_GDCC_1e-09_n200_roFalse_s0: Loading model from ../models/synthetic/s123/random_mc2_n5_mid3_d1000_05_mr098_r10_16.uai
2026-02-02 16:29:16,185|INFO|random_mc2_n9_mid3_d1000_05_mr098_r10_32_uai_GDCC_1e-09_n200_roTrue_s0: Loading model from ../models/synthetic/s123/random_mc2_n9_mid3_d1000_05_mr098_r10_32.uai
2026-02-02 16:29:16,180|INFO|random_mc2_n5_mid3_d1000_05_mr098_r10_16_uai_GDCC_1e-09_n200_roFalse_s0: Loading data from ../models/synthetic/s123/random_mc2_n5_mid3_d1000_05_mr098_r10_16.csv
2026-02-02 16:29:16,192|INFO|random_mc2_n5_mid3_d1000_05_mr098_r10_16_uai_GDCC_1e-09_n200_roFalse_s0: PNS(V4,V3) exact: (0.4152505784, 0.4639742588)
2026-02-02 16:29:16,204|INFO|random_mc2_n9_mid3_d1000_05_mr098_r10_32_uai_GDCC_1e-09_n200_roTrue_s0: Loading data from ../models/synthetic/s123/random_mc2_n9_mid3_d1000_05_mr098_r10_32.csv
2026-02-02 16:29:16,213|INFO|random_mc2_n9_mid3_d1000_05_mr098_r10_32_uai_GDCC_1e-09_n200_roTrue_s0: PNS(V1,V3) exact: (0.0, 0.0)
2026-02-02 16:29:16,213|ERROR|random_mc2_n9_mid3_d1000_05_mr098_r10_32_uai_GDCC_1e-09_n200_roTrue_s0: Model does not have any cause-effect path.
2026-02-02 16:29:16,464|INFO|random_mc2_n6_mid3_d1000_05_mr098_r10_87_uai_GDCC_1e-09_n200_roTrue_s0: Loading model from ../models/synthetic/s123/random_mc2_n6_mid3_d1000_05_mr098_r10_87.uai
2026-02-02 16:29:16,466|INFO|random_mc2_n5_mid3_d1000_05_mr098_r10_177_uai_GDCC_1e-09_n200_roTrue_s0: Loading model from ../models/synthetic/s123/random_mc2_n5_mid3_d1000_05_mr098_r10_177.uai
2026-02-02 16:29:16,485|INFO|random_mc2_n5_mid3_d1000_05_mr098_r10_105_uai_GDCC_1e-09_n200_roTrue_s0: Loading model from ../models/synthetic/s123/random_mc2_n5_mid3_d1000_05_mr098_r10_105.uai
2026-02-02 16:29:16,474|INFO|random_mc2_n6_mid3_d1000_05_mr098_r10_87_uai_GDCC_1e-09_n200_roTrue_s0: Loading data from ../models/synthetic/s123/random_mc2_n6_mid3_d1000_05_mr098_r10_87.csv
2026-02-02 16:29:16,477|INFO|random_mc2_n5_mid3_d1000_05_mr098_r10_177_uai_GDCC_1e-09_n200_roTrue_s0: Loading data from ../models/synthetic/s123/random_mc2_n5_mid3_d1000_05_mr098_r10_177.csv
2026-02-02 16:29:16,522|INFO|random_mc2_n5_mid3_d1000_05_mr098_r10_177_uai_GDCC_1e-09_n200_roTrue_s0: PNS(V3,V1) exact: (0.00095494328811, 0.305507837236473)
2026-02-02 16:29:16,529|INFO|random_mc2_n5_mid3_d1000_05_mr098_r10_105_uai_GDCC_1e-09_n200_roTrue_s0: Loading data from ../models/synthetic/s123/random_mc2_n5_mid3_d1000_05_mr098_r10_105.csv
2026-02-02 16:29:16,529|INFO|random_mc2_n6_mid3_d1000_05_mr098_r10_94_uai_GDCC_1e-09_n200_roTrue_s0: Loading model from ../models/synthetic/s123/random_mc2_n6_mid3_d1000_05_mr098_r10_94.uai
2026-02-02 16:29:16,548|INFO|random_mc2_n6_mid3_d1000_05_mr098_r10_94_uai_GDCC_1e-09_n200_roTrue_s0: Loading data from ../models/synthetic/s123/random_mc2_n6_mid3_d1000_05_mr098_r10_94.csv
2026-02-02 16:29:16,561|INFO|random_mc2_n6_mid3_d1000_05_mr098_r10_94_uai_GDCC_1e-09_n200_roTrue_s0: PNS(V0,V5) exact: (0.0335349828721959, 0.1506232608719497)
2026-02-02 16:29:16,737|INFO|random_mc2_n5_mid3_d1000_05_mr098_r10_155_uai_GDCC_1e-09_n200_roFalse_s0: Loading model from ../models/synthetic/s123/random_mc2_n5_mid3_d1000_05_mr098_r10_155.uai
2026-02-02 16:29:16,763|INFO|random_mc2_n5_mid3_d1000_05_mr098_r10_37_uai_GDCC_1e-09_n200_roTrue_s0: Loading model from ../models/synthetic/s123/random_mc2_n5_mid3_d1000_05_mr098_r10_37.uai
2026-02-02 16:29:16,769|INFO|random_mc2_n5_mid3_d1000_05_mr098_r10_129_uai_GDCC_1e-09_n200_roTrue_s0: Loading model from ../models/synthetic/s123/random_mc2_n5_mid3_d1000_05_mr098_r10_129.uai
2026-02-02 16:29:16,773|INFO|random_mc2_n5_mid3_d1000_05_mr098_r10_19_uai_GDCC_1e-09_n200_roTrue_s0: Loading model from ../models/synthetic/s123/random_mc2_n5_mid3_d1000_05_mr098_r10_19.uai
2026-02-02 16:29:16,744|INFO|random_mc2_n5_mid3_d1000_05_mr098_r10_155_uai_GDCC_1e-09_n200_roFalse_s0: Loading data from ../models/synthetic/s123/random_mc2_n5_mid3_d1000_05_mr098_r10_155.csv
2026-02-02 16:29:16,799|INFO|random_mc2_n9_mid3_d1000_05_mr098_r10_168_uai_GDCC_1e-09_n200_roFalse_s0: Loading model from ../models/synthetic/s123/random_mc2_n9_mid3_d1000_05_mr098_r10_168.uai
2026-02-02 16:29:16,801|INFO|random_mc2_n6_mid3_d1000_05_mr098_r10_46_uai_GDCC_1e-09_n200_roTrue_s0: Loading model from ../models/synthetic/s123/random_mc2_n6_mid3_d1000_05_mr098_r10_46.uai
2026-02-02 16:29:16,773|INFO|random_mc2_n5_mid3_d1000_05_mr098_r10_37_uai_GDCC_1e-09_n200_roTrue_s0: Loading data from ../models/synthetic/s123/random_mc2_n5_mid3_d1000_05_mr098_r10_37.csv
2026-02-02 16:29:16,783|INFO|random_mc2_n5_mid3_d1000_05_mr098_r10_37_uai_GDCC_1e-09_n200_roTrue_s0: PNS(V1,V4) exact: (0.0030091049999999, 0.160852525)
2026-02-02 16:29:16,804|INFO|random_mc2_n5_mid3_d1000_05_mr098_r10_124_uai_GDCC_1e-09_n200_roFalse_s0: Loading model from ../models/synthetic/s123/random_mc2_n5_mid3_d1000_05_mr098_r10_124.uai
2026-02-02 16:29:16,805|INFO|random_mc2_n7_mid3_d1000_05_mr098_r10_46_uai_GDCC_1e-09_n200_roFalse_s0: Loading model from ../models/synthetic/s123/random_mc2_n7_mid3_d1000_05_mr098_r10_46.uai
2026-02-02 16:29:16,778|INFO|random_mc2_n5_mid3_d1000_05_mr098_r10_129_uai_GDCC_1e-09_n200_roTrue_s0: Loading data from ../models/synthetic/s123/random_mc2_n5_mid3_d1000_05_mr098_r10_129.csv
2026-02-02 16:29:16,779|INFO|random_mc2_n5_mid3_d1000_05_mr098_r10_19_uai_GDCC_1e-09_n200_roTrue_s0: Loading data from ../models/synthetic/s123/random_mc2_n5_mid3_d1000_05_mr098_r10_19.csv
2026-02-02 16:29:16,788|INFO|random_mc2_n5_mid3_d1000_05_mr098_r10_19_uai_GDCC_1e-09_n200_roTrue_s0: PNS(V0,V4) exact: (0.23991, 0.53735)
2026-02-02 16:29:16,833|INFO|random_mc2_n9_mid3_d1000_05_mr098_r10_168_uai_GDCC_1e-09_n200_roFalse_s0: Loading data from ../models/synthetic/s123/random_mc2_n9_mid3_d1000_05_mr098_r10_168.csv
2026-02-02 16:29:16,810|INFO|random_mc2_n6_mid3_d1000_05_mr098_r10_46_uai_GDCC_1e-09_n200_roTrue_s0: Loading data from ../models/synthetic/s123/random_mc2_n6_mid3_d1000_05_mr098_r10_46.csv
2026-02-02 16:29:16,820|INFO|random_mc2_n6_mid3_d1000_05_mr098_r10_46_uai_GDCC_1e-09_n200_roTrue_s0: PNS(V5,V4) exact: (0.1425212815, 0.1433881685)
2026-02-02 16:29:16,813|INFO|random_mc2_n5_mid3_d1000_05_mr098_r10_124_uai_GDCC_1e-09_n200_roFalse_s0: Loading data from ../models/synthetic/s123/random_mc2_n5_mid3_d1000_05_mr098_r10_124.csv
2026-02-02 16:29:16,824|INFO|random_mc2_n5_mid3_d1000_05_mr098_r10_124_uai_GDCC_1e-09_n200_roFalse_s0: PNS(V4,V1) exact: (0.00019924659568, 0.05078698676936)
2026-02-02 16:29:16,815|INFO|random_mc2_n7_mid3_d1000_05_mr098_r10_46_uai_GDCC_1e-09_n200_roFalse_s0: Loading data from ../models/synthetic/s123/random_mc2_n7_mid3_d1000_05_mr098_r10_46.csv
2026-02-02 16:29:16,826|INFO|random_mc2_n7_mid3_d1000_05_mr098_r10_46_uai_GDCC_1e-09_n200_roFalse_s0: PNS(V1,V4) exact: (0.00791105, 0.013410082)
2026-02-02 16:29:16,859|INFO|random_mc2_n5_mid3_d1000_05_mr098_r10_164_uai_GDCC_1e-09_n200_roTrue_s0: Loading model from ../models/synthetic/s123/random_mc2_n5_mid3_d1000_05_mr098_r10_164.uai
2026-02-02 16:29:16,865|INFO|random_mc2_n5_mid3_d1000_05_mr098_r10_164_uai_GDCC_1e-09_n200_roTrue_s0: Loading data from ../models/synthetic/s123/random_mc2_n5_mid3_d1000_05_mr098_r10_164.csv
2026-02-02 16:29:17,026|INFO|random_mc2_n6_mid3_d1000_05_mr098_r10_126_uai_GDCC_1e-09_n200_roTrue_s0: Loading model from ../models/synthetic/s123/random_mc2_n6_mid3_d1000_05_mr098_r10_126.uai
2026-02-02 16:29:17,033|INFO|random_mc2_n6_mid3_d1000_05_mr098_r10_153_uai_GDCC_1e-09_n200_roTrue_s0: Loading model from ../models/synthetic/s123/random_mc2_n6_mid3_d1000_05_mr098_r10_153.uai
2026-02-02 16:29:17,046|INFO|random_mc2_n6_mid3_d1000_05_mr098_r10_126_uai_GDCC_1e-09_n200_roTrue_s0: Loading data from ../models/synthetic/s123/random_mc2_n6_mid3_d1000_05_mr098_r10_126.csv
2026-02-02 16:29:17,043|INFO|random_mc2_n6_mid3_d1000_05_mr098_r10_153_uai_GDCC_1e-09_n200_roTrue_s0: Loading data from ../models/synthetic/s123/random_mc2_n6_mid3_d1000_05_mr098_r10_153.csv
2026-02-02 16:29:19,544|INFO|random_mc2_n6_mid3_d1000_05_mr098_r10_150_uai_GDCC_1e-09_n200_roFalse_s0: Loading model from ../models/synthetic/s123/random_mc2_n6_mid3_d1000_05_mr098_r10_150.uai
2026-02-02 16:29:19,564|INFO|random_mc2_n6_mid3_d1000_05_mr098_r10_150_uai_GDCC_1e-09_n200_roFalse_s0: Loading data from ../models/synthetic/s123/random_mc2_n6_mid3_d1000_05_mr098_r10_150.csv
2026-02-02 16:29:22,270|INFO|random_mc2_n6_mid3_d1000_05_mr098_r10_94_uai_GDCC_1e-09_n200_roFalse_s0: Loading model from ../models/synthetic/s123/random_mc2_n6_mid3_d1000_05_mr098_r10_94.uai
2026-02-02 16:29:22,274|INFO|random_mc2_n7_mid3_d1000_05_mr098_r10_150_uai_GDCC_1e-09_n200_roFalse_s0: Loading model from ../models/synthetic/s123/random_mc2_n7_mid3_d1000_05_mr098_r10_150.uai
2026-02-02 16:29:22,279|INFO|random_mc2_n8_mid3_d1000_05_mr098_r10_63_uai_GDCC_1e-09_n200_roTrue_s0: Loading model from ../models/synthetic/s123/random_mc2_n8_mid3_d1000_05_mr098_r10_63.uai
2026-02-02 16:29:22,283|INFO|random_mc2_n5_mid3_d1000_05_mr098_r10_161_uai_GDCC_1e-09_n200_roTrue_s0: Loading model from ../models/synthetic/s123/random_mc2_n5_mid3_d1000_05_mr098_r10_161.uai
2026-02-02 16:29:22,287|INFO|random_mc2_n5_mid3_d1000_05_mr098_r10_149_uai_GDCC_1e-09_n200_roFalse_s0: Loading model from ../models/synthetic/s123/random_mc2_n5_mid3_d1000_05_mr098_r10_149.uai
2026-02-02 16:29:22,287|INFO|random_mc2_n8_mid3_d1000_05_mr098_r10_152_uai_GDCC_1e-09_n200_roTrue_s0: Loading model from ../models/synthetic/s123/random_mc2_n8_mid3_d1000_05_mr098_r10_152.uai
2026-02-02 16:29:22,291|INFO|random_mc2_n6_mid3_d1000_05_mr098_r10_94_uai_GDCC_1e-09_n200_roFalse_s0: Loading data from ../models/synthetic/s123/random_mc2_n6_mid3_d1000_05_mr098_r10_94.csv
2026-02-02 16:29:22,303|INFO|random_mc2_n6_mid3_d1000_05_mr098_r10_94_uai_GDCC_1e-09_n200_roFalse_s0: PNS(V0,V5) exact: (0.0335349828721959, 0.1506232608719497)
2026-02-02 16:29:22,293|INFO|random_mc2_n8_mid3_d1000_05_mr098_r10_63_uai_GDCC_1e-09_n200_roTrue_s0: Loading data from ../models/synthetic/s123/random_mc2_n8_mid3_d1000_05_mr098_r10_63.csv
2026-02-02 16:29:22,304|INFO|random_mc2_n8_mid3_d1000_05_mr098_r10_63_uai_GDCC_1e-09_n200_roTrue_s0: PNS(V1,V6) exact: (0.0, 0.122153736431654)
2026-02-02 16:29:22,290|INFO|random_mc2_n5_mid3_d1000_05_mr098_r10_161_uai_GDCC_1e-09_n200_roTrue_s0: Loading data from ../models/synthetic/s123/random_mc2_n5_mid3_d1000_05_mr098_r10_161.csv
2026-02-02 16:29:22,303|INFO|random_mc2_n5_mid3_d1000_05_mr098_r10_161_uai_GDCC_1e-09_n200_roTrue_s0: PNS(V1,V0) exact: (0.0, 0.0)
2026-02-02 16:29:22,304|ERROR|random_mc2_n5_mid3_d1000_05_mr098_r10_161_uai_GDCC_1e-09_n200_roTrue_s0: Model does not have any cause-effect path.
2026-02-02 16:29:22,293|INFO|random_mc2_n5_mid3_d1000_05_mr098_r10_149_uai_GDCC_1e-09_n200_roFalse_s0: Loading data from ../models/synthetic/s123/random_mc2_n5_mid3_d1000_05_mr098_r10_149.csv
2026-02-02 16:29:22,302|INFO|random_mc2_n8_mid3_d1000_05_mr098_r10_152_uai_GDCC_1e-09_n200_roTrue_s0: Loading data from ../models/synthetic/s123/random_mc2_n8_mid3_d1000_05_mr098_r10_152.csv
2026-02-02 16:29:22,303|INFO|random_mc2_n5_mid3_d1000_05_mr098_r10_149_uai_GDCC_1e-09_n200_roFalse_s0: PNS(V3,V0) exact: (0.0, 0.014418359495816)
2026-02-02 16:29:22,372|INFO|random_mc2_n7_mid3_d1000_05_mr098_r10_150_uai_GDCC_1e-09_n200_roFalse_s0: Loading data from ../models/synthetic/s123/random_mc2_n7_mid3_d1000_05_mr098_r10_150.csv
2026-02-02 16:29:22,424|INFO|random_mc2_n7_mid3_d1000_05_mr098_r10_34_uai_GDCC_1e-09_n200_roTrue_s0: Loading model from ../models/synthetic/s123/random_mc2_n7_mid3_d1000_05_mr098_r10_34.uai
2026-02-02 16:29:22,436|INFO|random_mc2_n7_mid3_d1000_05_mr098_r10_34_uai_GDCC_1e-09_n200_roTrue_s0: Loading data from ../models/synthetic/s123/random_mc2_n7_mid3_d1000_05_mr098_r10_34.csv
2026-02-02 16:29:22,446|INFO|random_mc2_n7_mid3_d1000_05_mr098_r10_34_uai_GDCC_1e-09_n200_roTrue_s0: PNS(V2,V1) exact: (0.0696133230233768, 0.2443864534772551)
2026-02-02 16:29:22,676|INFO|random_mc2_n5_mid3_d1000_05_mr098_r10_12_uai_GDCC_1e-09_n200_roFalse_s0: Loading model from ../models/synthetic/s123/random_mc2_n5_mid3_d1000_05_mr098_r10_12.uai
2026-02-02 16:29:22,687|INFO|random_mc2_n6_mid3_d1000_05_mr098_r10_18_uai_GDCC_1e-09_n200_roTrue_s0: Loading model from ../models/synthetic/s123/random_mc2_n6_mid3_d1000_05_mr098_r10_18.uai
2026-02-02 16:29:22,705|INFO|random_mc2_n7_mid3_d1000_05_mr098_r10_49_uai_GDCC_1e-09_n200_roFalse_s0: Loading model from ../models/synthetic/s123/random_mc2_n7_mid3_d1000_05_mr098_r10_49.uai
2026-02-02 16:29:22,683|INFO|random_mc2_n5_mid3_d1000_05_mr098_r10_12_uai_GDCC_1e-09_n200_roFalse_s0: Loading data from ../models/synthetic/s123/random_mc2_n5_mid3_d1000_05_mr098_r10_12.csv
2026-02-02 16:29:22,695|INFO|random_mc2_n5_mid3_d1000_05_mr098_r10_12_uai_GDCC_1e-09_n200_roFalse_s0: PNS(V4,V2) exact: (0.007306159, 0.014175791)
2026-02-02 16:29:22,718|INFO|random_mc2_n8_mid3_d1000_05_mr098_r10_118_uai_GDCC_1e-09_n200_roTrue_s0: Loading model from ../models/synthetic/s123/random_mc2_n8_mid3_d1000_05_mr098_r10_118.uai
2026-02-02 16:29:22,698|INFO|random_mc2_n6_mid3_d1000_05_mr098_r10_18_uai_GDCC_1e-09_n200_roTrue_s0: Loading data from ../models/synthetic/s123/random_mc2_n6_mid3_d1000_05_mr098_r10_18.csv
2026-02-02 16:29:22,710|INFO|random_mc2_n6_mid3_d1000_05_mr098_r10_18_uai_GDCC_1e-09_n200_roTrue_s0: PNS(V3,V5) exact: (0.0, 0.0426073822)
2026-02-02 16:29:22,716|INFO|random_mc2_n7_mid3_d1000_05_mr098_r10_49_uai_GDCC_1e-09_n200_roFalse_s0: Loading data from ../models/synthetic/s123/random_mc2_n7_mid3_d1000_05_mr098_r10_49.csv
2026-02-02 16:29:22,728|INFO|random_mc2_n7_mid3_d1000_05_mr098_r10_49_uai_GDCC_1e-09_n200_roFalse_s0: PNS(V4,V3) exact: (0.0163816299, 0.4155382627)
2026-02-02 16:29:22,955|INFO|random_mc2_n8_mid3_d1000_05_mr098_r10_118_uai_GDCC_1e-09_n200_roTrue_s0: Loading data from ../models/synthetic/s123/random_mc2_n8_mid3_d1000_05_mr098_r10_118.csv
2026-02-02 16:29:24,368|INFO|random_mc2_n7_mid3_d1000_05_mr098_r10_89_uai_GDCC_1e-09_n200_roTrue_s0: Loading model from ../models/synthetic/s123/random_mc2_n7_mid3_d1000_05_mr098_r10_89.uai
2026-02-02 16:29:24,381|INFO|random_mc2_n7_mid3_d1000_05_mr098_r10_89_uai_GDCC_1e-09_n200_roTrue_s0: Loading data from ../models/synthetic/s123/random_mc2_n7_mid3_d1000_05_mr098_r10_89.csv
2026-02-02 16:29:24,390|INFO|random_mc2_n7_mid3_d1000_05_mr098_r10_89_uai_GDCC_1e-09_n200_roTrue_s0: PNS(V3,V5) exact: (0.004984755025224, 0.0216545809382499)
2026-02-02 16:29:30,416|INFO|random_mc2_n6_mid3_d1000_05_mr098_r10_162_uai_GDCC_1e-09_n200_roFalse_s0: Loading model from ../models/synthetic/s123/random_mc2_n6_mid3_d1000_05_mr098_r10_162.uai
2026-02-02 16:29:30,450|INFO|random_mc2_n8_mid3_d1000_05_mr098_r10_146_uai_GDCC_1e-09_n200_roTrue_s0: Loading model from ../models/synthetic/s123/random_mc2_n8_mid3_d1000_05_mr098_r10_146.uai
2026-02-02 16:29:30,441|INFO|random_mc2_n6_mid3_d1000_05_mr098_r10_162_uai_GDCC_1e-09_n200_roFalse_s0: Loading data from ../models/synthetic/s123/random_mc2_n6_mid3_d1000_05_mr098_r10_162.csv
2026-02-02 16:29:30,454|INFO|random_mc2_n6_mid3_d1000_05_mr098_r10_162_uai_GDCC_1e-09_n200_roFalse_s0: PNS(V1,V5) exact: (0.15777013681104, 0.3907870473200001)
2026-02-02 16:29:30,470|INFO|random_mc2_n5_mid3_d1000_05_mr098_r10_6_uai_GDCC_1e-09_n200_roFalse_s0: Loading model from ../models/synthetic/s123/random_mc2_n5_mid3_d1000_05_mr098_r10_6.uai
2026-02-02 16:29:30,474|INFO|random_mc2_n5_mid3_d1000_05_mr098_r10_87_uai_GDCC_1e-09_n200_roFalse_s0: Loading model from ../models/synthetic/s123/random_mc2_n5_mid3_d1000_05_mr098_r10_87.uai
2026-02-02 16:29:30,481|INFO|random_mc2_n8_mid3_d1000_05_mr098_r10_146_uai_GDCC_1e-09_n200_roTrue_s0: Loading data from ../models/synthetic/s123/random_mc2_n8_mid3_d1000_05_mr098_r10_146.csv
2026-02-02 16:29:30,508|INFO|random_mc2_n5_mid3_d1000_05_mr098_r10_35_uai_GDCC_1e-09_n200_roTrue_s0: Loading model from ../models/synthetic/s123/random_mc2_n5_mid3_d1000_05_mr098_r10_35.uai
2026-02-02 16:29:30,490|INFO|random_mc2_n5_mid3_d1000_05_mr098_r10_6_uai_GDCC_1e-09_n200_roFalse_s0: Loading data from ../models/synthetic/s123/random_mc2_n5_mid3_d1000_05_mr098_r10_6.csv
2026-02-02 16:29:30,508|INFO|random_mc2_n5_mid3_d1000_05_mr098_r10_87_uai_GDCC_1e-09_n200_roFalse_s0: Loading data from ../models/synthetic/s123/random_mc2_n5_mid3_d1000_05_mr098_r10_87.csv
2026-02-02 16:29:30,517|INFO|random_mc2_n5_mid3_d1000_05_mr098_r10_35_uai_GDCC_1e-09_n200_roTrue_s0: Loading data from ../models/synthetic/s123/random_mc2_n5_mid3_d1000_05_mr098_r10_35.csv
2026-02-02 16:29:30,531|INFO|random_mc2_n5_mid3_d1000_05_mr098_r10_35_uai_GDCC_1e-09_n200_roTrue_s0: PNS(V1,V0) exact: (0.0068097203999999, 0.1260976746)
2026-02-02 16:29:30,591|INFO|random_mc2_n5_mid3_d1000_05_mr098_r10_144_uai_GDCC_1e-09_n200_roFalse_s0: Loading model from ../models/synthetic/s123/random_mc2_n5_mid3_d1000_05_mr098_r10_144.uai
2026-02-02 16:29:30,602|INFO|random_mc2_n5_mid3_d1000_05_mr098_r10_144_uai_GDCC_1e-09_n200_roFalse_s0: Loading data from ../models/synthetic/s123/random_mc2_n5_mid3_d1000_05_mr098_r10_144.csv
2026-02-02 16:29:30,611|INFO|random_mc2_n5_mid3_d1000_05_mr098_r10_144_uai_GDCC_1e-09_n200_roFalse_s0: PNS(V3,V1) exact: (0.385300924512895, 0.578062212781675)
2026-02-02 16:29:30,678|INFO|random_mc2_n5_mid3_d1000_05_mr098_r10_29_uai_GDCC_1e-09_n200_roFalse_s0: Loading model from ../models/synthetic/s123/random_mc2_n5_mid3_d1000_05_mr098_r10_29.uai
2026-02-02 16:29:30,695|INFO|random_mc2_n9_mid3_d1000_05_mr098_r10_1_uai_GDCC_1e-09_n200_roTrue_s0: Loading model from ../models/synthetic/s123/random_mc2_n9_mid3_d1000_05_mr098_r10_1.uai
2026-02-02 16:29:30,687|INFO|random_mc2_n5_mid3_d1000_05_mr098_r10_29_uai_GDCC_1e-09_n200_roFalse_s0: Loading data from ../models/synthetic/s123/random_mc2_n5_mid3_d1000_05_mr098_r10_29.csv
2026-02-02 16:29:30,737|INFO|random_mc2_n5_mid3_d1000_05_mr098_r10_111_uai_GDCC_1e-09_n200_roTrue_s0: Loading model from ../models/synthetic/s123/random_mc2_n5_mid3_d1000_05_mr098_r10_111.uai
2026-02-02 16:29:30,751|INFO|random_mc2_n9_mid3_d1000_05_mr098_r10_1_uai_GDCC_1e-09_n200_roTrue_s0: Loading data from ../models/synthetic/s123/random_mc2_n9_mid3_d1000_05_mr098_r10_1.csv
2026-02-02 16:29:30,762|INFO|random_mc2_n9_mid3_d1000_05_mr098_r10_1_uai_GDCC_1e-09_n200_roTrue_s0: PNS(V6,V2) exact: (0.156075015699298, 0.162433592078674)
2026-02-02 16:29:30,762|INFO|random_mc2_n7_mid3_d1000_05_mr098_r10_5_uai_GDCC_1e-09_n200_roTrue_s0: Loading model from ../models/synthetic/s123/random_mc2_n7_mid3_d1000_05_mr098_r10_5.uai
2026-02-02 16:29:30,765|INFO|random_mc2_n6_mid3_d1000_05_mr098_r10_58_uai_GDCC_1e-09_n200_roFalse_s0: Loading model from ../models/synthetic/s123/random_mc2_n6_mid3_d1000_05_mr098_r10_58.uai
2026-02-02 16:29:30,746|INFO|random_mc2_n5_mid3_d1000_05_mr098_r10_111_uai_GDCC_1e-09_n200_roTrue_s0: Loading data from ../models/synthetic/s123/random_mc2_n5_mid3_d1000_05_mr098_r10_111.csv
2026-02-02 16:29:30,798|INFO|random_mc2_n5_mid3_d1000_05_mr098_r10_160_uai_GDCC_1e-09_n200_roFalse_s0: Loading model from ../models/synthetic/s123/random_mc2_n5_mid3_d1000_05_mr098_r10_160.uai
2026-02-02 16:29:30,799|INFO|random_mc2_n5_mid3_d1000_05_mr098_r10_87_uai_GDCC_1e-09_n200_roTrue_s0: Loading model from ../models/synthetic/s123/random_mc2_n5_mid3_d1000_05_mr098_r10_87.uai
2026-02-02 16:29:30,777|INFO|random_mc2_n7_mid3_d1000_05_mr098_r10_5_uai_GDCC_1e-09_n200_roTrue_s0: Loading data from ../models/synthetic/s123/random_mc2_n7_mid3_d1000_05_mr098_r10_5.csv
2026-02-02 16:29:30,771|INFO|random_mc2_n6_mid3_d1000_05_mr098_r10_58_uai_GDCC_1e-09_n200_roFalse_s0: Loading data from ../models/synthetic/s123/random_mc2_n6_mid3_d1000_05_mr098_r10_58.csv
2026-02-02 16:29:30,782|INFO|random_mc2_n6_mid3_d1000_05_mr098_r10_58_uai_GDCC_1e-09_n200_roFalse_s0: PNS(V3,V2) exact: (0.0, 0.0)
2026-02-02 16:29:30,782|ERROR|random_mc2_n6_mid3_d1000_05_mr098_r10_58_uai_GDCC_1e-09_n200_roFalse_s0: Model does not have any cause-effect path.
2026-02-02 16:29:30,806|INFO|random_mc2_n5_mid3_d1000_05_mr098_r10_59_uai_GDCC_1e-09_n200_roTrue_s0: Loading model from ../models/synthetic/s123/random_mc2_n5_mid3_d1000_05_mr098_r10_59.uai
2026-02-02 16:29:30,834|INFO|random_mc2_n5_mid3_d1000_05_mr098_r10_62_uai_GDCC_1e-09_n200_roFalse_s0: Loading model from ../models/synthetic/s123/random_mc2_n5_mid3_d1000_05_mr098_r10_62.uai
2026-02-02 16:29:30,803|INFO|random_mc2_n5_mid3_d1000_05_mr098_r10_160_uai_GDCC_1e-09_n200_roFalse_s0: Loading data from ../models/synthetic/s123/random_mc2_n5_mid3_d1000_05_mr098_r10_160.csv
2026-02-02 16:29:30,822|INFO|random_mc2_n5_mid3_d1000_05_mr098_r10_87_uai_GDCC_1e-09_n200_roTrue_s0: Loading data from ../models/synthetic/s123/random_mc2_n5_mid3_d1000_05_mr098_r10_87.csv
2026-02-02 16:29:30,811|INFO|random_mc2_n5_mid3_d1000_05_mr098_r10_59_uai_GDCC_1e-09_n200_roTrue_s0: Loading data from ../models/synthetic/s123/random_mc2_n5_mid3_d1000_05_mr098_r10_59.csv
2026-02-02 16:29:30,820|INFO|random_mc2_n5_mid3_d1000_05_mr098_r10_59_uai_GDCC_1e-09_n200_roTrue_s0: PNS(V2,V4) exact: (0.0, 0.0673840516)
2026-02-02 16:29:30,850|INFO|random_mc2_n6_mid3_d1000_05_mr098_r10_134_uai_GDCC_1e-09_n200_roFalse_s0: Loading model from ../models/synthetic/s123/random_mc2_n6_mid3_d1000_05_mr098_r10_134.uai
2026-02-02 16:29:30,841|INFO|random_mc2_n5_mid3_d1000_05_mr098_r10_62_uai_GDCC_1e-09_n200_roFalse_s0: Loading data from ../models/synthetic/s123/random_mc2_n5_mid3_d1000_05_mr098_r10_62.csv
2026-02-02 16:29:30,851|INFO|random_mc2_n5_mid3_d1000_05_mr098_r10_62_uai_GDCC_1e-09_n200_roFalse_s0: PNS(V2,V4) exact: (0.0, 0.13103)
2026-02-02 16:29:30,859|INFO|random_mc2_n6_mid3_d1000_05_mr098_r10_134_uai_GDCC_1e-09_n200_roFalse_s0: Loading data from ../models/synthetic/s123/random_mc2_n6_mid3_d1000_05_mr098_r10_134.csv
2026-02-02 16:29:30,868|INFO|random_mc2_n6_mid3_d1000_05_mr098_r10_134_uai_GDCC_1e-09_n200_roFalse_s0: PNS(V3,V1) exact: (0.0, 0.0)
2026-02-02 16:29:30,868|ERROR|random_mc2_n6_mid3_d1000_05_mr098_r10_134_uai_GDCC_1e-09_n200_roFalse_s0: Model does not have any cause-effect path.
2026-02-02 16:29:30,925|INFO|random_mc2_n5_mid3_d1000_05_mr098_r10_99_uai_GDCC_1e-09_n200_roTrue_s0: Loading model from ../models/synthetic/s123/random_mc2_n5_mid3_d1000_05_mr098_r10_99.uai
2026-02-02 16:29:30,939|INFO|random_mc2_n5_mid3_d1000_05_mr098_r10_75_uai_GDCC_1e-09_n200_roFalse_s0: Loading model from ../models/synthetic/s123/random_mc2_n5_mid3_d1000_05_mr098_r10_75.uai
2026-02-02 16:29:30,931|INFO|random_mc2_n5_mid3_d1000_05_mr098_r10_99_uai_GDCC_1e-09_n200_roTrue_s0: Loading data from ../models/synthetic/s123/random_mc2_n5_mid3_d1000_05_mr098_r10_99.csv
2026-02-02 16:29:30,942|INFO|random_mc2_n5_mid3_d1000_05_mr098_r10_99_uai_GDCC_1e-09_n200_roTrue_s0: PNS(V0,V4) exact: (0.0, 0.09976)
2026-02-02 16:29:30,946|INFO|random_mc2_n5_mid3_d1000_05_mr098_r10_75_uai_GDCC_1e-09_n200_roFalse_s0: Loading data from ../models/synthetic/s123/random_mc2_n5_mid3_d1000_05_mr098_r10_75.csv
2026-02-02 16:29:30,957|INFO|random_mc2_n5_mid3_d1000_05_mr098_r10_75_uai_GDCC_1e-09_n200_roFalse_s0: PNS(V1,V0) exact: (0.0, 0.0820279325)
2026-02-02 16:29:35,610|INFO|random_mc2_n8_mid3_d1000_05_mr098_r10_26_uai_GDCC_1e-09_n200_roFalse_s0: Loading model from ../models/synthetic/s123/random_mc2_n8_mid3_d1000_05_mr098_r10_26.uai
2026-02-02 16:29:35,632|INFO|random_mc2_n8_mid3_d1000_05_mr098_r10_26_uai_GDCC_1e-09_n200_roFalse_s0: Loading data from ../models/synthetic/s123/random_mc2_n8_mid3_d1000_05_mr098_r10_26.csv
2026-02-02 16:29:36,962|INFO|random_mc2_n5_mid3_d1000_05_mr098_r10_40_uai_GDCC_1e-09_n200_roTrue_s0: Loading model from ../models/synthetic/s123/random_mc2_n5_mid3_d1000_05_mr098_r10_40.uai
2026-02-02 16:29:36,992|INFO|random_mc2_n7_mid3_d1000_05_mr098_r10_177_uai_GDCC_1e-09_n200_roFalse_s0: Loading model from ../models/synthetic/s123/random_mc2_n7_mid3_d1000_05_mr098_r10_177.uai
2026-02-02 16:29:37,001|INFO|random_mc2_n7_mid3_d1000_05_mr098_r10_120_uai_GDCC_1e-09_n200_roTrue_s0: Loading model from ../models/synthetic/s123/random_mc2_n7_mid3_d1000_05_mr098_r10_120.uai
2026-02-02 16:29:36,970|INFO|random_mc2_n5_mid3_d1000_05_mr098_r10_40_uai_GDCC_1e-09_n200_roTrue_s0: Loading data from ../models/synthetic/s123/random_mc2_n5_mid3_d1000_05_mr098_r10_40.csv
2026-02-02 16:29:37,020|INFO|random_mc2_n7_mid3_d1000_05_mr098_r10_68_uai_GDCC_1e-09_n200_roFalse_s0: Loading model from ../models/synthetic/s123/random_mc2_n7_mid3_d1000_05_mr098_r10_68.uai
2026-02-02 16:29:37,002|INFO|random_mc2_n7_mid3_d1000_05_mr098_r10_177_uai_GDCC_1e-09_n200_roFalse_s0: Loading data from ../models/synthetic/s123/random_mc2_n7_mid3_d1000_05_mr098_r10_177.csv
2026-02-02 16:29:37,013|INFO|random_mc2_n7_mid3_d1000_05_mr098_r10_177_uai_GDCC_1e-09_n200_roFalse_s0: PNS(V1,V5) exact: (0.0, 0.0)
2026-02-02 16:29:37,014|ERROR|random_mc2_n7_mid3_d1000_05_mr098_r10_177_uai_GDCC_1e-09_n200_roFalse_s0: Model does not have any cause-effect path.
2026-02-02 16:29:37,008|INFO|random_mc2_n7_mid3_d1000_05_mr098_r10_120_uai_GDCC_1e-09_n200_roTrue_s0: Loading data from ../models/synthetic/s123/random_mc2_n7_mid3_d1000_05_mr098_r10_120.csv
2026-02-02 16:29:37,020|INFO|random_mc2_n7_mid3_d1000_05_mr098_r10_120_uai_GDCC_1e-09_n200_roTrue_s0: PNS(V4,V0) exact: (0.0, 0.2777528032372082)
2026-02-02 16:29:37,045|INFO|random_mc2_n5_mid3_d1000_05_mr098_r10_190_uai_GDCC_1e-09_n200_roFalse_s0: Loading model from ../models/synthetic/s123/random_mc2_n5_mid3_d1000_05_mr098_r10_190.uai
2026-02-02 16:29:37,059|INFO|random_mc2_n9_mid3_d1000_05_mr098_r10_122_uai_GDCC_1e-09_n200_roFalse_s0: Loading model from ../models/synthetic/s123/random_mc2_n9_mid3_d1000_05_mr098_r10_122.uai
2026-02-02 16:29:37,064|INFO|random_mc2_n5_mid3_d1000_05_mr098_r10_174_uai_GDCC_1e-09_n200_roFalse_s0: Loading model from ../models/synthetic/s123/random_mc2_n5_mid3_d1000_05_mr098_r10_174.uai
2026-02-02 16:29:37,069|INFO|random_mc2_n9_mid3_d1000_05_mr098_r10_160_uai_GDCC_1e-09_n200_roTrue_s0: Loading model from ../models/synthetic/s123/random_mc2_n9_mid3_d1000_05_mr098_r10_160.uai
2026-02-02 16:29:37,077|INFO|random_mc2_n6_mid3_d1000_05_mr098_r10_154_uai_GDCC_1e-09_n200_roTrue_s0: Loading model from ../models/synthetic/s123/random_mc2_n6_mid3_d1000_05_mr098_r10_154.uai
2026-02-02 16:29:37,084|INFO|random_mc2_n5_mid3_d1000_05_mr098_r10_184_uai_GDCC_1e-09_n200_roTrue_s0: Loading model from ../models/synthetic/s123/random_mc2_n5_mid3_d1000_05_mr098_r10_184.uai
2026-02-02 16:29:37,052|INFO|random_mc2_n5_mid3_d1000_05_mr098_r10_190_uai_GDCC_1e-09_n200_roFalse_s0: Loading data from ../models/synthetic/s123/random_mc2_n5_mid3_d1000_05_mr098_r10_190.csv
2026-02-02 16:29:37,065|INFO|random_mc2_n5_mid3_d1000_05_mr098_r10_190_uai_GDCC_1e-09_n200_roFalse_s0: PNS(V1,V2) exact: (1.5659726400000003e-05, 0.144498480129584)
2026-02-02 16:29:37,101|INFO|random_mc2_n7_mid3_d1000_05_mr098_r10_59_uai_GDCC_1e-09_n200_roTrue_s0: Loading model from ../models/synthetic/s123/random_mc2_n7_mid3_d1000_05_mr098_r10_59.uai
2026-02-02 16:29:37,077|INFO|random_mc2_n5_mid3_d1000_05_mr098_r10_174_uai_GDCC_1e-09_n200_roFalse_s0: Loading data from ../models/synthetic/s123/random_mc2_n5_mid3_d1000_05_mr098_r10_174.csv
2026-02-02 16:29:37,088|INFO|random_mc2_n5_mid3_d1000_05_mr098_r10_174_uai_GDCC_1e-09_n200_roFalse_s0: PNS(V1,V3) exact: (0.497273609538846, 0.62213966937114)
2026-02-02 16:29:37,108|INFO|random_mc2_n7_mid3_d1000_05_mr098_r10_68_uai_GDCC_1e-09_n200_roFalse_s0: Loading data from ../models/synthetic/s123/random_mc2_n7_mid3_d1000_05_mr098_r10_68.csv
2026-02-02 16:29:37,089|INFO|random_mc2_n9_mid3_d1000_05_mr098_r10_160_uai_GDCC_1e-09_n200_roTrue_s0: Loading data from ../models/synthetic/s123/random_mc2_n9_mid3_d1000_05_mr098_r10_160.csv
2026-02-02 16:29:37,091|INFO|random_mc2_n6_mid3_d1000_05_mr098_r10_154_uai_GDCC_1e-09_n200_roTrue_s0: Loading data from ../models/synthetic/s123/random_mc2_n6_mid3_d1000_05_mr098_r10_154.csv
2026-02-02 16:29:37,090|INFO|random_mc2_n5_mid3_d1000_05_mr098_r10_184_uai_GDCC_1e-09_n200_roTrue_s0: Loading data from ../models/synthetic/s123/random_mc2_n5_mid3_d1000_05_mr098_r10_184.csv
2026-02-02 16:29:37,100|INFO|random_mc2_n5_mid3_d1000_05_mr098_r10_184_uai_GDCC_1e-09_n200_roTrue_s0: PNS(V3,V4) exact: (0.0, 0.0)
2026-02-02 16:29:37,100|ERROR|random_mc2_n5_mid3_d1000_05_mr098_r10_184_uai_GDCC_1e-09_n200_roTrue_s0: Model does not have any cause-effect path.
2026-02-02 16:29:37,203|INFO|random_mc2_n7_mid3_d1000_05_mr098_r10_59_uai_GDCC_1e-09_n200_roTrue_s0: Loading data from ../models/synthetic/s123/random_mc2_n7_mid3_d1000_05_mr098_r10_59.csv
2026-02-02 16:29:37,314|INFO|random_mc2_n9_mid3_d1000_05_mr098_r10_122_uai_GDCC_1e-09_n200_roFalse_s0: Loading data from ../models/synthetic/s123/random_mc2_n9_mid3_d1000_05_mr098_r10_122.csv
2026-02-02 16:29:40,560|INFO|random_mc2_n5_mid3_d1000_05_mr098_r10_169_uai_GDCC_1e-09_n200_roTrue_s0: Loading model from ../models/synthetic/s123/random_mc2_n5_mid3_d1000_05_mr098_r10_169.uai
2026-02-02 16:29:40,565|INFO|random_mc2_n5_mid3_d1000_05_mr098_r10_169_uai_GDCC_1e-09_n200_roTrue_s0: Loading data from ../models/synthetic/s123/random_mc2_n5_mid3_d1000_05_mr098_r10_169.csv
2026-02-02 16:29:40,574|INFO|random_mc2_n5_mid3_d1000_05_mr098_r10_169_uai_GDCC_1e-09_n200_roTrue_s0: PNS(V0,V3) exact: (0.16386, 0.49872)
2026-02-02 16:29:44,182|INFO|random_mc2_n6_mid3_d1000_05_mr098_r10_175_uai_GDCC_1e-09_n200_roFalse_s0: Loading model from ../models/synthetic/s123/random_mc2_n6_mid3_d1000_05_mr098_r10_175.uai
2026-02-02 16:29:44,227|INFO|random_mc2_n7_mid3_d1000_05_mr098_r10_46_uai_GDCC_1e-09_n200_roTrue_s0: Loading model from ../models/synthetic/s123/random_mc2_n7_mid3_d1000_05_mr098_r10_46.uai
2026-02-02 16:29:44,228|INFO|random_mc2_n8_mid3_d1000_05_mr098_r10_116_uai_GDCC_1e-09_n200_roFalse_s0: Loading model from ../models/synthetic/s123/random_mc2_n8_mid3_d1000_05_mr098_r10_116.uai
2026-02-02 16:29:44,249|INFO|random_mc2_n5_mid3_d1000_05_mr098_r10_179_uai_GDCC_1e-09_n200_roTrue_s0: Loading model from ../models/synthetic/s123/random_mc2_n5_mid3_d1000_05_mr098_r10_179.uai
2026-02-02 16:29:44,236|INFO|random_mc2_n7_mid3_d1000_05_mr098_r10_46_uai_GDCC_1e-09_n200_roTrue_s0: Loading data from ../models/synthetic/s123/random_mc2_n7_mid3_d1000_05_mr098_r10_46.csv
2026-02-02 16:29:44,248|INFO|random_mc2_n7_mid3_d1000_05_mr098_r10_46_uai_GDCC_1e-09_n200_roTrue_s0: PNS(V1,V4) exact: (0.00791105, 0.013410082)
2026-02-02 16:29:44,247|INFO|random_mc2_n8_mid3_d1000_05_mr098_r10_116_uai_GDCC_1e-09_n200_roFalse_s0: Loading data from ../models/synthetic/s123/random_mc2_n8_mid3_d1000_05_mr098_r10_116.csv
2026-02-02 16:29:44,278|INFO|random_mc2_n6_mid3_d1000_05_mr098_r10_175_uai_GDCC_1e-09_n200_roFalse_s0: Loading data from ../models/synthetic/s123/random_mc2_n6_mid3_d1000_05_mr098_r10_175.csv
2026-02-02 16:29:44,255|INFO|random_mc2_n5_mid3_d1000_05_mr098_r10_179_uai_GDCC_1e-09_n200_roTrue_s0: Loading data from ../models/synthetic/s123/random_mc2_n5_mid3_d1000_05_mr098_r10_179.csv
2026-02-02 16:29:44,264|INFO|random_mc2_n5_mid3_d1000_05_mr098_r10_179_uai_GDCC_1e-09_n200_roTrue_s0: PNS(V2,V4) exact: (0.00847, 0.3191)
2026-02-02 16:29:44,318|INFO|random_mc2_n5_mid3_d1000_05_mr098_r10_130_uai_GDCC_1e-09_n200_roFalse_s0: Loading model from ../models/synthetic/s123/random_mc2_n5_mid3_d1000_05_mr098_r10_130.uai
2026-02-02 16:29:44,324|INFO|random_mc2_n5_mid3_d1000_05_mr098_r10_130_uai_GDCC_1e-09_n200_roFalse_s0: Loading data from ../models/synthetic/s123/random_mc2_n5_mid3_d1000_05_mr098_r10_130.csv
2026-02-02 16:29:44,332|INFO|random_mc2_n5_mid3_d1000_05_mr098_r10_130_uai_GDCC_1e-09_n200_roFalse_s0: PNS(V2,V1) exact: (0.0, 0.24110001)
2026-02-02 16:29:44,484|INFO|random_mc2_n5_mid3_d1000_05_mr098_r10_195_uai_GDCC_1e-09_n200_roFalse_s0: Loading model from ../models/synthetic/s123/random_mc2_n5_mid3_d1000_05_mr098_r10_195.uai
2026-02-02 16:29:44,490|INFO|random_mc2_n5_mid3_d1000_05_mr098_r10_195_uai_GDCC_1e-09_n200_roFalse_s0: Loading data from ../models/synthetic/s123/random_mc2_n5_mid3_d1000_05_mr098_r10_195.csv
2026-02-02 16:29:44,499|INFO|random_mc2_n5_mid3_d1000_05_mr098_r10_195_uai_GDCC_1e-09_n200_roFalse_s0: PNS(V0,V4) exact: (0.131789906, 0.3518961976)
2026-02-02 16:29:44,556|INFO|random_mc2_n5_mid3_d1000_05_mr098_r10_178_uai_GDCC_1e-09_n200_roTrue_s0: Loading model from ../models/synthetic/s123/random_mc2_n5_mid3_d1000_05_mr098_r10_178.uai
2026-02-02 16:29:44,557|INFO|random_mc2_n8_mid3_d1000_05_mr098_r10_153_uai_GDCC_1e-09_n200_roTrue_s0: Loading model from ../models/synthetic/s123/random_mc2_n8_mid3_d1000_05_mr098_r10_153.uai
2026-02-02 16:29:44,587|INFO|random_mc2_n5_mid3_d1000_05_mr098_r10_178_uai_GDCC_1e-09_n200_roTrue_s0: Loading data from ../models/synthetic/s123/random_mc2_n5_mid3_d1000_05_mr098_r10_178.csv
2026-02-02 16:29:44,584|INFO|random_mc2_n8_mid3_d1000_05_mr098_r10_153_uai_GDCC_1e-09_n200_roTrue_s0: Loading data from ../models/synthetic/s123/random_mc2_n8_mid3_d1000_05_mr098_r10_153.csv
2026-02-02 16:29:44,621|INFO|random_mc2_n5_mid3_d1000_05_mr098_r10_66_uai_GDCC_1e-09_n200_roFalse_s0: Loading model from ../models/synthetic/s123/random_mc2_n5_mid3_d1000_05_mr098_r10_66.uai
2026-02-02 16:29:44,654|INFO|random_mc2_n6_mid3_d1000_05_mr098_r10_156_uai_GDCC_1e-09_n200_roTrue_s0: Loading model from ../models/synthetic/s123/random_mc2_n6_mid3_d1000_05_mr098_r10_156.uai
2026-02-02 16:29:44,631|INFO|random_mc2_n5_mid3_d1000_05_mr098_r10_66_uai_GDCC_1e-09_n200_roFalse_s0: Loading data from ../models/synthetic/s123/random_mc2_n5_mid3_d1000_05_mr098_r10_66.csv
2026-02-02 16:29:44,646|INFO|random_mc2_n5_mid3_d1000_05_mr098_r10_66_uai_GDCC_1e-09_n200_roFalse_s0: PNS(V4,V1) exact: (0.7079657650000001, 0.8388291600000001)
2026-02-02 16:29:44,673|INFO|random_mc2_n6_mid3_d1000_05_mr098_r10_156_uai_GDCC_1e-09_n200_roTrue_s0: Loading data from ../models/synthetic/s123/random_mc2_n6_mid3_d1000_05_mr098_r10_156.csv
2026-02-02 16:29:44,704|INFO|random_mc2_n7_mid3_d1000_05_mr098_r10_90_uai_GDCC_1e-09_n200_roFalse_s0: Loading model from ../models/synthetic/s123/random_mc2_n7_mid3_d1000_05_mr098_r10_90.uai
2026-02-02 16:29:44,723|INFO|random_mc2_n7_mid3_d1000_05_mr098_r10_90_uai_GDCC_1e-09_n200_roFalse_s0: Loading data from ../models/synthetic/s123/random_mc2_n7_mid3_d1000_05_mr098_r10_90.csv
2026-02-02 16:29:44,750|INFO|random_mc2_n8_mid3_d1000_05_mr098_r10_175_uai_GDCC_1e-09_n200_roTrue_s0: Loading model from ../models/synthetic/s123/random_mc2_n8_mid3_d1000_05_mr098_r10_175.uai
2026-02-02 16:29:44,754|INFO|random_mc2_n6_mid3_d1000_05_mr098_r10_194_uai_GDCC_1e-09_n200_roFalse_s0: Loading model from ../models/synthetic/s123/random_mc2_n6_mid3_d1000_05_mr098_r10_194.uai
2026-02-02 16:29:44,772|INFO|random_mc2_n5_mid3_d1000_05_mr098_r10_140_uai_GDCC_1e-09_n200_roFalse_s0: Loading model from ../models/synthetic/s123/random_mc2_n5_mid3_d1000_05_mr098_r10_140.uai
2026-02-02 16:29:44,777|INFO|random_mc2_n5_mid3_d1000_05_mr098_r10_45_uai_GDCC_1e-09_n200_roTrue_s0: Loading model from ../models/synthetic/s123/random_mc2_n5_mid3_d1000_05_mr098_r10_45.uai
2026-02-02 16:29:44,778|INFO|random_mc2_n6_mid3_d1000_05_mr098_r10_194_uai_GDCC_1e-09_n200_roFalse_s0: Loading data from ../models/synthetic/s123/random_mc2_n6_mid3_d1000_05_mr098_r10_194.csv
2026-02-02 16:29:44,794|INFO|random_mc2_n6_mid3_d1000_05_mr098_r10_128_uai_GDCC_1e-09_n200_roTrue_s0: Loading model from ../models/synthetic/s123/random_mc2_n6_mid3_d1000_05_mr098_r10_128.uai
2026-02-02 16:29:44,807|INFO|random_mc2_n8_mid3_d1000_05_mr098_r10_175_uai_GDCC_1e-09_n200_roTrue_s0: Loading data from ../models/synthetic/s123/random_mc2_n8_mid3_d1000_05_mr098_r10_175.csv
2026-02-02 16:29:44,782|INFO|random_mc2_n5_mid3_d1000_05_mr098_r10_140_uai_GDCC_1e-09_n200_roFalse_s0: Loading data from ../models/synthetic/s123/random_mc2_n5_mid3_d1000_05_mr098_r10_140.csv
2026-02-02 16:29:44,797|INFO|random_mc2_n5_mid3_d1000_05_mr098_r10_140_uai_GDCC_1e-09_n200_roFalse_s0: PNS(V1,V4) exact: (0.06441808679475, 0.469169366245215)
2026-02-02 16:29:44,788|INFO|random_mc2_n5_mid3_d1000_05_mr098_r10_45_uai_GDCC_1e-09_n200_roTrue_s0: Loading data from ../models/synthetic/s123/random_mc2_n5_mid3_d1000_05_mr098_r10_45.csv
2026-02-02 16:29:44,800|INFO|random_mc2_n5_mid3_d1000_05_mr098_r10_45_uai_GDCC_1e-09_n200_roTrue_s0: PNS(V1,V2) exact: (0.0940954230999999, 0.5326951514)
2026-02-02 16:29:44,805|INFO|random_mc2_n6_mid3_d1000_05_mr098_r10_128_uai_GDCC_1e-09_n200_roTrue_s0: Loading data from ../models/synthetic/s123/random_mc2_n6_mid3_d1000_05_mr098_r10_128.csv
2026-02-02 16:29:44,817|INFO|random_mc2_n6_mid3_d1000_05_mr098_r10_128_uai_GDCC_1e-09_n200_roTrue_s0: PNS(V0,V4) exact: (0.38097471340495, 0.457162013037466)
2026-02-02 16:29:44,924|INFO|random_mc2_n9_mid3_d1000_05_mr098_r10_132_uai_GDCC_1e-09_n200_roFalse_s0: Loading model from ../models/synthetic/s123/random_mc2_n9_mid3_d1000_05_mr098_r10_132.uai
2026-02-02 16:29:45,164|INFO|random_mc2_n9_mid3_d1000_05_mr098_r10_132_uai_GDCC_1e-09_n200_roFalse_s0: Loading data from ../models/synthetic/s123/random_mc2_n9_mid3_d1000_05_mr098_r10_132.csv
2026-02-02 16:29:46,140|INFO|random_mc2_n5_mid3_d1000_05_mr098_r10_183_uai_GDCC_1e-09_n200_roFalse_s0: Loading model from ../models/synthetic/s123/random_mc2_n5_mid3_d1000_05_mr098_r10_183.uai
2026-02-02 16:29:46,150|INFO|random_mc2_n5_mid3_d1000_05_mr098_r10_183_uai_GDCC_1e-09_n200_roFalse_s0: Loading data from ../models/synthetic/s123/random_mc2_n5_mid3_d1000_05_mr098_r10_183.csv
2026-02-02 16:29:46,162|INFO|random_mc2_n5_mid3_d1000_05_mr098_r10_183_uai_GDCC_1e-09_n200_roFalse_s0: PNS(V0,V4) exact: (0.346001198451296, 0.346001198451296)
2026-02-02 16:29:50,849|INFO|random_mc2_n5_mid3_d1000_05_mr098_r10_198_uai_GDCC_1e-09_n200_roTrue_s0: Loading model from ../models/synthetic/s123/random_mc2_n5_mid3_d1000_05_mr098_r10_198.uai
2026-02-02 16:29:50,856|INFO|random_mc2_n5_mid3_d1000_05_mr098_r10_198_uai_GDCC_1e-09_n200_roTrue_s0: Loading data from ../models/synthetic/s123/random_mc2_n5_mid3_d1000_05_mr098_r10_198.csv
2026-02-02 16:29:50,869|INFO|random_mc2_n5_mid3_d1000_05_mr098_r10_198_uai_GDCC_1e-09_n200_roTrue_s0: PNS(V1,V2) exact: (0.0023041834999999, 0.0397455824)
2026-02-02 16:29:50,905|INFO|random_mc2_n6_mid3_d1000_05_mr098_r10_99_uai_GDCC_1e-09_n200_roTrue_s0: Loading model from ../models/synthetic/s123/random_mc2_n6_mid3_d1000_05_mr098_r10_99.uai
2026-02-02 16:29:50,910|INFO|random_mc2_n7_mid3_d1000_05_mr098_r10_81_uai_GDCC_1e-09_n200_roTrue_s0: Loading model from ../models/synthetic/s123/random_mc2_n7_mid3_d1000_05_mr098_r10_81.uai
2026-02-02 16:29:50,912|INFO|random_mc2_n6_mid3_d1000_05_mr098_r10_99_uai_GDCC_1e-09_n200_roTrue_s0: Loading data from ../models/synthetic/s123/random_mc2_n6_mid3_d1000_05_mr098_r10_99.csv
2026-02-02 16:29:50,923|INFO|random_mc2_n6_mid3_d1000_05_mr098_r10_99_uai_GDCC_1e-09_n200_roTrue_s0: PNS(V0,V1) exact: (0.0, 0.0)
2026-02-02 16:29:50,923|ERROR|random_mc2_n6_mid3_d1000_05_mr098_r10_99_uai_GDCC_1e-09_n200_roTrue_s0: Model does not have any cause-effect path.
2026-02-02 16:29:50,926|INFO|random_mc2_n7_mid3_d1000_05_mr098_r10_81_uai_GDCC_1e-09_n200_roTrue_s0: Loading data from ../models/synthetic/s123/random_mc2_n7_mid3_d1000_05_mr098_r10_81.csv
2026-02-02 16:29:50,937|INFO|random_mc2_n7_mid3_d1000_05_mr098_r10_81_uai_GDCC_1e-09_n200_roTrue_s0: PNS(V4,V5) exact: (4.627372247959759e-07, 0.1171699848954117)
2026-02-02 16:29:50,970|INFO|random_mc2_n6_mid3_d1000_05_mr098_r10_101_uai_GDCC_1e-09_n200_roFalse_s0: Loading model from ../models/synthetic/s123/random_mc2_n6_mid3_d1000_05_mr098_r10_101.uai
2026-02-02 16:29:50,980|INFO|random_mc2_n6_mid3_d1000_05_mr098_r10_101_uai_GDCC_1e-09_n200_roFalse_s0: Loading data from ../models/synthetic/s123/random_mc2_n6_mid3_d1000_05_mr098_r10_101.csv
2026-02-02 16:29:51,132|INFO|random_mc2_n5_mid3_d1000_05_mr098_r10_113_uai_GDCC_1e-09_n200_roTrue_s0: Loading model from ../models/synthetic/s123/random_mc2_n5_mid3_d1000_05_mr098_r10_113.uai
2026-02-02 16:29:51,137|INFO|random_mc2_n5_mid3_d1000_05_mr098_r10_113_uai_GDCC_1e-09_n200_roTrue_s0: Loading data from ../models/synthetic/s123/random_mc2_n5_mid3_d1000_05_mr098_r10_113.csv
2026-02-02 16:29:51,145|INFO|random_mc2_n5_mid3_d1000_05_mr098_r10_113_uai_GDCC_1e-09_n200_roTrue_s0: PNS(V3,V1) exact: (0.3215531011, 0.5646456533000002)
2026-02-02 16:29:51,187|INFO|random_mc2_n5_mid3_d1000_05_mr098_r10_165_uai_GDCC_1e-09_n200_roFalse_s0: Loading model from ../models/synthetic/s123/random_mc2_n5_mid3_d1000_05_mr098_r10_165.uai
2026-02-02 16:29:51,194|INFO|random_mc2_n5_mid3_d1000_05_mr098_r10_125_uai_GDCC_1e-09_n200_roTrue_s0: Loading model from ../models/synthetic/s123/random_mc2_n5_mid3_d1000_05_mr098_r10_125.uai
2026-02-02 16:29:51,204|INFO|random_mc2_n5_mid3_d1000_05_mr098_r10_15_uai_GDCC_1e-09_n200_roFalse_s0: Loading model from ../models/synthetic/s123/random_mc2_n5_mid3_d1000_05_mr098_r10_15.uai
2026-02-02 16:29:51,195|INFO|random_mc2_n5_mid3_d1000_05_mr098_r10_165_uai_GDCC_1e-09_n200_roFalse_s0: Loading data from ../models/synthetic/s123/random_mc2_n5_mid3_d1000_05_mr098_r10_165.csv
2026-02-02 16:29:51,205|INFO|random_mc2_n5_mid3_d1000_05_mr098_r10_165_uai_GDCC_1e-09_n200_roFalse_s0: PNS(V1,V2) exact: (0.93297, 0.93333)
2026-02-02 16:29:51,199|INFO|random_mc2_n5_mid3_d1000_05_mr098_r10_125_uai_GDCC_1e-09_n200_roTrue_s0: Loading data from ../models/synthetic/s123/random_mc2_n5_mid3_d1000_05_mr098_r10_125.csv
2026-02-02 16:29:51,208|INFO|random_mc2_n5_mid3_d1000_05_mr098_r10_125_uai_GDCC_1e-09_n200_roTrue_s0: PNS(V2,V4) exact: (0.0, 0.3332024784999999)
2026-02-02 16:29:51,216|INFO|random_mc2_n5_mid3_d1000_05_mr098_r10_15_uai_GDCC_1e-09_n200_roFalse_s0: Loading data from ../models/synthetic/s123/random_mc2_n5_mid3_d1000_05_mr098_r10_15.csv
2026-02-02 16:29:51,226|INFO|random_mc2_n5_mid3_d1000_05_mr098_r10_15_uai_GDCC_1e-09_n200_roFalse_s0: PNS(V1,V2) exact: (0.190870353918592, 0.3460951275809139)
2026-02-02 16:29:51,244|INFO|random_mc2_n9_mid3_d1000_05_mr098_r10_20_uai_GDCC_1e-09_n200_roFalse_s0: Loading model from ../models/synthetic/s123/random_mc2_n9_mid3_d1000_05_mr098_r10_20.uai
2026-02-02 16:29:51,299|INFO|random_mc2_n7_mid3_d1000_05_mr098_r10_185_uai_GDCC_1e-09_n200_roFalse_s0: Loading model from ../models/synthetic/s123/random_mc2_n7_mid3_d1000_05_mr098_r10_185.uai
2026-02-02 16:29:51,308|INFO|random_mc2_n8_mid3_d1000_05_mr098_r10_16_uai_GDCC_1e-09_n200_roTrue_s0: Loading model from ../models/synthetic/s123/random_mc2_n8_mid3_d1000_05_mr098_r10_16.uai
2026-02-02 16:29:51,316|INFO|random_mc2_n7_mid3_d1000_05_mr098_r10_185_uai_GDCC_1e-09_n200_roFalse_s0: Loading data from ../models/synthetic/s123/random_mc2_n7_mid3_d1000_05_mr098_r10_185.csv
2026-02-02 16:29:51,327|INFO|random_mc2_n7_mid3_d1000_05_mr098_r10_185_uai_GDCC_1e-09_n200_roFalse_s0: PNS(V4,V5) exact: (0.026299086270706, 0.362919468953052)
2026-02-02 16:29:51,315|INFO|random_mc2_n8_mid3_d1000_05_mr098_r10_16_uai_GDCC_1e-09_n200_roTrue_s0: Loading data from ../models/synthetic/s123/random_mc2_n8_mid3_d1000_05_mr098_r10_16.csv
2026-02-02 16:29:51,324|INFO|random_mc2_n8_mid3_d1000_05_mr098_r10_16_uai_GDCC_1e-09_n200_roTrue_s0: PNS(V4,V3) exact: (0.6700026795146372, 0.6700026795146372)
2026-02-02 16:29:51,386|INFO|random_mc2_n8_mid3_d1000_05_mr098_r10_29_uai_GDCC_1e-09_n200_roTrue_s0: Loading model from ../models/synthetic/s123/random_mc2_n8_mid3_d1000_05_mr098_r10_29.uai
2026-02-02 16:29:51,399|INFO|random_mc2_n8_mid3_d1000_05_mr098_r10_29_uai_GDCC_1e-09_n200_roTrue_s0: Loading data from ../models/synthetic/s123/random_mc2_n8_mid3_d1000_05_mr098_r10_29.csv
2026-02-02 16:29:51,481|INFO|random_mc2_n9_mid3_d1000_05_mr098_r10_20_uai_GDCC_1e-09_n200_roFalse_s0: Loading data from ../models/synthetic/s123/random_mc2_n9_mid3_d1000_05_mr098_r10_20.csv
2026-02-02 16:29:56,996|INFO|random_mc2_n6_mid3_d1000_05_mr098_r10_133_uai_GDCC_1e-09_n200_roFalse_s0: Loading model from ../models/synthetic/s123/random_mc2_n6_mid3_d1000_05_mr098_r10_133.uai
2026-02-02 16:29:57,204|INFO|random_mc2_n6_mid3_d1000_05_mr098_r10_133_uai_GDCC_1e-09_n200_roFalse_s0: Loading data from ../models/synthetic/s123/random_mc2_n6_mid3_d1000_05_mr098_r10_133.csv
2026-02-02 16:29:58,134|INFO|random_mc2_n9_mid3_d1000_05_mr098_r10_198_uai_GDCC_1e-09_n200_roFalse_s0: Loading model from ../models/synthetic/s123/random_mc2_n9_mid3_d1000_05_mr098_r10_198.uai
2026-02-02 16:29:58,146|INFO|random_mc2_n9_mid3_d1000_05_mr098_r10_198_uai_GDCC_1e-09_n200_roFalse_s0: Loading data from ../models/synthetic/s123/random_mc2_n9_mid3_d1000_05_mr098_r10_198.csv
2026-02-02 16:29:58,262|INFO|random_mc2_n8_mid3_d1000_05_mr098_r10_177_uai_GDCC_1e-09_n200_roFalse_s0: Loading model from ../models/synthetic/s123/random_mc2_n8_mid3_d1000_05_mr098_r10_177.uai
2026-02-02 16:29:58,303|INFO|random_mc2_n7_mid3_d1000_05_mr098_r10_36_uai_GDCC_1e-09_n200_roFalse_s0: Loading model from ../models/synthetic/s123/random_mc2_n7_mid3_d1000_05_mr098_r10_36.uai
2026-02-02 16:29:58,314|INFO|random_mc2_n7_mid3_d1000_05_mr098_r10_36_uai_GDCC_1e-09_n200_roFalse_s0: Loading data from ../models/synthetic/s123/random_mc2_n7_mid3_d1000_05_mr098_r10_36.csv
2026-02-02 16:29:58,326|INFO|random_mc2_n7_mid3_d1000_05_mr098_r10_36_uai_GDCC_1e-09_n200_roFalse_s0: PNS(V6,V2) exact: (0.0, 0.128261765483479)
2026-02-02 16:29:58,357|INFO|random_mc2_n8_mid3_d1000_05_mr098_r10_177_uai_GDCC_1e-09_n200_roFalse_s0: Loading data from ../models/synthetic/s123/random_mc2_n8_mid3_d1000_05_mr098_r10_177.csv
2026-02-02 16:29:58,417|INFO|random_mc2_n8_mid3_d1000_05_mr098_r10_190_uai_GDCC_1e-09_n200_roFalse_s0: Loading model from ../models/synthetic/s123/random_mc2_n8_mid3_d1000_05_mr098_r10_190.uai
2026-02-02 16:29:58,421|INFO|random_mc2_n5_mid3_d1000_05_mr098_r10_162_uai_GDCC_1e-09_n200_roTrue_s0: Loading model from ../models/synthetic/s123/random_mc2_n5_mid3_d1000_05_mr098_r10_162.uai
2026-02-02 16:29:58,438|INFO|random_mc2_n7_mid3_d1000_05_mr098_r10_65_uai_GDCC_1e-09_n200_roTrue_s0: Loading model from ../models/synthetic/s123/random_mc2_n7_mid3_d1000_05_mr098_r10_65.uai
2026-02-02 16:29:58,439|INFO|random_mc2_n8_mid3_d1000_05_mr098_r10_190_uai_GDCC_1e-09_n200_roFalse_s0: Loading data from ../models/synthetic/s123/random_mc2_n8_mid3_d1000_05_mr098_r10_190.csv
2026-02-02 16:29:58,427|INFO|random_mc2_n5_mid3_d1000_05_mr098_r10_162_uai_GDCC_1e-09_n200_roTrue_s0: Loading data from ../models/synthetic/s123/random_mc2_n5_mid3_d1000_05_mr098_r10_162.csv
2026-02-02 16:29:58,437|INFO|random_mc2_n5_mid3_d1000_05_mr098_r10_162_uai_GDCC_1e-09_n200_roTrue_s0: PNS(V3,V1) exact: (0.02702942159625, 0.05577743562975)
2026-02-02 16:29:58,463|INFO|random_mc2_n5_mid3_d1000_05_mr098_r10_128_uai_GDCC_1e-09_n200_roTrue_s0: Loading model from ../models/synthetic/s123/random_mc2_n5_mid3_d1000_05_mr098_r10_128.uai
2026-02-02 16:29:58,449|INFO|random_mc2_n7_mid3_d1000_05_mr098_r10_65_uai_GDCC_1e-09_n200_roTrue_s0: Loading data from ../models/synthetic/s123/random_mc2_n7_mid3_d1000_05_mr098_r10_65.csv
2026-02-02 16:29:58,459|INFO|random_mc2_n7_mid3_d1000_05_mr098_r10_65_uai_GDCC_1e-09_n200_roTrue_s0: PNS(V1,V0) exact: (0.1520312774315468, 0.2103249985205253)
2026-02-02 16:29:58,495|INFO|random_mc2_n6_mid3_d1000_05_mr098_r10_22_uai_GDCC_1e-09_n200_roTrue_s0: Loading model from ../models/synthetic/s123/random_mc2_n6_mid3_d1000_05_mr098_r10_22.uai
2026-02-02 16:29:58,468|INFO|random_mc2_n5_mid3_d1000_05_mr098_r10_128_uai_GDCC_1e-09_n200_roTrue_s0: Loading data from ../models/synthetic/s123/random_mc2_n5_mid3_d1000_05_mr098_r10_128.csv
2026-02-02 16:29:58,478|INFO|random_mc2_n5_mid3_d1000_05_mr098_r10_128_uai_GDCC_1e-09_n200_roTrue_s0: PNS(V2,V0) exact: (0.0, 0.0565271411)
2026-02-02 16:29:58,504|INFO|random_mc2_n6_mid3_d1000_05_mr098_r10_22_uai_GDCC_1e-09_n200_roTrue_s0: Loading data from ../models/synthetic/s123/random_mc2_n6_mid3_d1000_05_mr098_r10_22.csv
2026-02-02 16:29:58,612|INFO|random_mc2_n5_mid3_d1000_05_mr098_r10_126_uai_GDCC_1e-09_n200_roTrue_s0: Loading model from ../models/synthetic/s123/random_mc2_n5_mid3_d1000_05_mr098_r10_126.uai
2026-02-02 16:29:58,614|INFO|random_mc2_n6_mid3_d1000_05_mr098_r10_60_uai_GDCC_1e-09_n200_roTrue_s0: Loading model from ../models/synthetic/s123/random_mc2_n6_mid3_d1000_05_mr098_r10_60.uai
2026-02-02 16:29:58,623|INFO|random_mc2_n6_mid3_d1000_05_mr098_r10_41_uai_GDCC_1e-09_n200_roTrue_s0: Loading model from ../models/synthetic/s123/random_mc2_n6_mid3_d1000_05_mr098_r10_41.uai
2026-02-02 16:29:58,623|INFO|random_mc2_n5_mid3_d1000_05_mr098_r10_126_uai_GDCC_1e-09_n200_roTrue_s0: Loading data from ../models/synthetic/s123/random_mc2_n5_mid3_d1000_05_mr098_r10_126.csv
2026-02-02 16:29:58,634|INFO|random_mc2_n5_mid3_d1000_05_mr098_r10_126_uai_GDCC_1e-09_n200_roTrue_s0: PNS(V4,V0) exact: (0.425783788558646, 0.655405962193344)
2026-02-02 16:29:58,653|INFO|random_mc2_n5_mid3_d1000_05_mr098_r10_170_uai_GDCC_1e-09_n200_roFalse_s0: Loading model from ../models/synthetic/s123/random_mc2_n5_mid3_d1000_05_mr098_r10_170.uai
2026-02-02 16:29:58,629|INFO|random_mc2_n6_mid3_d1000_05_mr098_r10_60_uai_GDCC_1e-09_n200_roTrue_s0: Loading data from ../models/synthetic/s123/random_mc2_n6_mid3_d1000_05_mr098_r10_60.csv
2026-02-02 16:29:58,639|INFO|random_mc2_n6_mid3_d1000_05_mr098_r10_60_uai_GDCC_1e-09_n200_roTrue_s0: PNS(V2,V1) exact: (0.01063473235, 0.0254823380132)
2026-02-02 16:29:58,636|INFO|random_mc2_n6_mid3_d1000_05_mr098_r10_41_uai_GDCC_1e-09_n200_roTrue_s0: Loading data from ../models/synthetic/s123/random_mc2_n6_mid3_d1000_05_mr098_r10_41.csv
2026-02-02 16:29:58,647|INFO|random_mc2_n6_mid3_d1000_05_mr098_r10_41_uai_GDCC_1e-09_n200_roTrue_s0: PNS(V5,V3) exact: (0.119982256826749, 0.4934547656320461)
2026-02-02 16:29:58,664|INFO|random_mc2_n9_mid3_d1000_05_mr098_r10_119_uai_GDCC_1e-09_n200_roFalse_s0: Loading model from ../models/synthetic/s123/random_mc2_n9_mid3_d1000_05_mr098_r10_119.uai
2026-02-02 16:29:58,666|INFO|random_mc2_n7_mid3_d1000_05_mr098_r10_56_uai_GDCC_1e-09_n200_roTrue_s0: Loading model from ../models/synthetic/s123/random_mc2_n7_mid3_d1000_05_mr098_r10_56.uai
2026-02-02 16:29:58,673|INFO|random_mc2_n7_mid3_d1000_05_mr098_r10_53_uai_GDCC_1e-09_n200_roFalse_s0: Loading model from ../models/synthetic/s123/random_mc2_n7_mid3_d1000_05_mr098_r10_53.uai
2026-02-02 16:29:58,659|INFO|random_mc2_n5_mid3_d1000_05_mr098_r10_170_uai_GDCC_1e-09_n200_roFalse_s0: Loading data from ../models/synthetic/s123/random_mc2_n5_mid3_d1000_05_mr098_r10_170.csv
2026-02-02 16:29:58,700|INFO|random_mc2_n9_mid3_d1000_05_mr098_r10_1_uai_GDCC_1e-09_n200_roFalse_s0: Loading model from ../models/synthetic/s123/random_mc2_n9_mid3_d1000_05_mr098_r10_1.uai
2026-02-02 16:29:58,677|INFO|random_mc2_n9_mid3_d1000_05_mr098_r10_119_uai_GDCC_1e-09_n200_roFalse_s0: Loading data from ../models/synthetic/s123/random_mc2_n9_mid3_d1000_05_mr098_r10_119.csv
2026-02-02 16:29:58,688|INFO|random_mc2_n9_mid3_d1000_05_mr098_r10_119_uai_GDCC_1e-09_n200_roFalse_s0: PNS(V0,V8) exact: (0.0742677176, 0.0951852808999999)
2026-02-02 16:29:58,679|INFO|random_mc2_n7_mid3_d1000_05_mr098_r10_56_uai_GDCC_1e-09_n200_roTrue_s0: Loading data from ../models/synthetic/s123/random_mc2_n7_mid3_d1000_05_mr098_r10_56.csv
2026-02-02 16:29:58,687|INFO|random_mc2_n7_mid3_d1000_05_mr098_r10_53_uai_GDCC_1e-09_n200_roFalse_s0: Loading data from ../models/synthetic/s123/random_mc2_n7_mid3_d1000_05_mr098_r10_53.csv
2026-02-02 16:29:58,744|INFO|random_mc2_n5_mid3_d1000_05_mr098_r10_159_uai_GDCC_1e-09_n200_roFalse_s0: Loading model from ../models/synthetic/s123/random_mc2_n5_mid3_d1000_05_mr098_r10_159.uai
2026-02-02 16:29:58,751|INFO|random_mc2_n9_mid3_d1000_05_mr098_r10_1_uai_GDCC_1e-09_n200_roFalse_s0: Loading data from ../models/synthetic/s123/random_mc2_n9_mid3_d1000_05_mr098_r10_1.csv
2026-02-02 16:29:58,761|INFO|random_mc2_n9_mid3_d1000_05_mr098_r10_1_uai_GDCC_1e-09_n200_roFalse_s0: PNS(V6,V2) exact: (0.156075015699298, 0.162433592078674)
2026-02-02 16:29:58,753|INFO|random_mc2_n5_mid3_d1000_05_mr098_r10_159_uai_GDCC_1e-09_n200_roFalse_s0: Loading data from ../models/synthetic/s123/random_mc2_n5_mid3_d1000_05_mr098_r10_159.csv
2026-02-02 16:29:58,764|INFO|random_mc2_n5_mid3_d1000_05_mr098_r10_159_uai_GDCC_1e-09_n200_roFalse_s0: PNS(V0,V2) exact: (0.1049462695, 0.4703933717)
2026-02-02 16:30:01,776|INFO|random_mc2_n8_mid3_d1000_05_mr098_r10_48_uai_GDCC_1e-09_n200_roTrue_s0: Loading model from ../models/synthetic/s123/random_mc2_n8_mid3_d1000_05_mr098_r10_48.uai
2026-02-02 16:30:01,786|INFO|random_mc2_n8_mid3_d1000_05_mr098_r10_48_uai_GDCC_1e-09_n200_roTrue_s0: Loading data from ../models/synthetic/s123/random_mc2_n8_mid3_d1000_05_mr098_r10_48.csv
2026-02-02 16:30:01,797|INFO|random_mc2_n8_mid3_d1000_05_mr098_r10_48_uai_GDCC_1e-09_n200_roTrue_s0: PNS(V3,V0) exact: (0.1524285448463559, 0.220079197754316)
2026-02-02 16:30:04,621|INFO|random_mc2_n6_mid3_d1000_05_mr098_r10_200_uai_GDCC_1e-09_n200_roTrue_s0: Loading model from ../models/synthetic/s123/random_mc2_n6_mid3_d1000_05_mr098_r10_200.uai
2026-02-02 16:30:04,651|INFO|random_mc2_n7_mid3_d1000_05_mr098_r10_34_uai_GDCC_1e-09_n200_roFalse_s0: Loading model from ../models/synthetic/s123/random_mc2_n7_mid3_d1000_05_mr098_r10_34.uai
2026-02-02 16:30:04,655|INFO|random_mc2_n6_mid3_d1000_05_mr098_r10_111_uai_GDCC_1e-09_n200_roFalse_s0: Loading model from ../models/synthetic/s123/random_mc2_n6_mid3_d1000_05_mr098_r10_111.uai
2026-02-02 16:30:04,660|INFO|random_mc2_n5_mid3_d1000_05_mr098_r10_168_uai_GDCC_1e-09_n200_roTrue_s0: Loading model from ../models/synthetic/s123/random_mc2_n5_mid3_d1000_05_mr098_r10_168.uai
2026-02-02 16:30:04,651|INFO|random_mc2_n6_mid3_d1000_05_mr098_r10_200_uai_GDCC_1e-09_n200_roTrue_s0: Loading data from ../models/synthetic/s123/random_mc2_n6_mid3_d1000_05_mr098_r10_200.csv
2026-02-02 16:30:04,669|INFO|random_mc2_n5_mid3_d1000_05_mr098_r10_121_uai_GDCC_1e-09_n200_roFalse_s0: Loading model from ../models/synthetic/s123/random_mc2_n5_mid3_d1000_05_mr098_r10_121.uai
2026-02-02 16:30:04,664|INFO|random_mc2_n7_mid3_d1000_05_mr098_r10_34_uai_GDCC_1e-09_n200_roFalse_s0: Loading data from ../models/synthetic/s123/random_mc2_n7_mid3_d1000_05_mr098_r10_34.csv
2026-02-02 16:30:04,676|INFO|random_mc2_n7_mid3_d1000_05_mr098_r10_34_uai_GDCC_1e-09_n200_roFalse_s0: PNS(V2,V1) exact: (0.0696133230233768, 0.2443864534772551)
2026-02-02 16:30:04,691|INFO|random_mc2_n6_mid3_d1000_05_mr098_r10_137_uai_GDCC_1e-09_n200_roFalse_s0: Loading model from ../models/synthetic/s123/random_mc2_n6_mid3_d1000_05_mr098_r10_137.uai
2026-02-02 16:30:04,663|INFO|random_mc2_n6_mid3_d1000_05_mr098_r10_111_uai_GDCC_1e-09_n200_roFalse_s0: Loading data from ../models/synthetic/s123/random_mc2_n6_mid3_d1000_05_mr098_r10_111.csv
2026-02-02 16:30:04,674|INFO|random_mc2_n6_mid3_d1000_05_mr098_r10_111_uai_GDCC_1e-09_n200_roFalse_s0: PNS(V2,V0) exact: (0.0, 0.0)
2026-02-02 16:30:04,674|ERROR|random_mc2_n6_mid3_d1000_05_mr098_r10_111_uai_GDCC_1e-09_n200_roFalse_s0: Model does not have any cause-effect path.
2026-02-02 16:30:04,666|INFO|random_mc2_n5_mid3_d1000_05_mr098_r10_168_uai_GDCC_1e-09_n200_roTrue_s0: Loading data from ../models/synthetic/s123/random_mc2_n5_mid3_d1000_05_mr098_r10_168.csv
2026-02-02 16:30:04,680|INFO|random_mc2_n5_mid3_d1000_05_mr098_r10_121_uai_GDCC_1e-09_n200_roFalse_s0: Loading data from ../models/synthetic/s123/random_mc2_n5_mid3_d1000_05_mr098_r10_121.csv
2026-02-02 16:30:04,709|INFO|random_mc2_n7_mid3_d1000_05_mr098_r10_153_uai_GDCC_1e-09_n200_roFalse_s0: Loading model from ../models/synthetic/s123/random_mc2_n7_mid3_d1000_05_mr098_r10_153.uai
2026-02-02 16:30:04,691|INFO|random_mc2_n5_mid3_d1000_05_mr098_r10_121_uai_GDCC_1e-09_n200_roFalse_s0: PNS(V3,V1) exact: (0.21434, 0.2800931238639491)
2026-02-02 16:30:04,697|INFO|random_mc2_n6_mid3_d1000_05_mr098_r10_137_uai_GDCC_1e-09_n200_roFalse_s0: Loading data from ../models/synthetic/s123/random_mc2_n6_mid3_d1000_05_mr098_r10_137.csv
2026-02-02 16:30:04,710|INFO|random_mc2_n6_mid3_d1000_05_mr098_r10_137_uai_GDCC_1e-09_n200_roFalse_s0: PNS(V0,V3) exact: (0.0, 0.3125)
2026-02-02 16:30:04,734|INFO|random_mc2_n9_mid3_d1000_05_mr098_r10_116_uai_GDCC_1e-09_n200_roFalse_s0: Loading model from ../models/synthetic/s123/random_mc2_n9_mid3_d1000_05_mr098_r10_116.uai
2026-02-02 16:30:04,723|INFO|random_mc2_n7_mid3_d1000_05_mr098_r10_153_uai_GDCC_1e-09_n200_roFalse_s0: Loading data from ../models/synthetic/s123/random_mc2_n7_mid3_d1000_05_mr098_r10_153.csv
2026-02-02 16:30:04,750|INFO|random_mc2_n5_mid3_d1000_05_mr098_r10_144_uai_GDCC_1e-09_n200_roTrue_s0: Loading model from ../models/synthetic/s123/random_mc2_n5_mid3_d1000_05_mr098_r10_144.uai
2026-02-02 16:30:04,753|INFO|random_mc2_n6_mid3_d1000_05_mr098_r10_79_uai_GDCC_1e-09_n200_roFalse_s0: Loading model from ../models/synthetic/s123/random_mc2_n6_mid3_d1000_05_mr098_r10_79.uai
2026-02-02 16:30:04,766|INFO|random_mc2_n8_mid3_d1000_05_mr098_r10_121_uai_GDCC_1e-09_n200_roFalse_s0: Loading model from ../models/synthetic/s123/random_mc2_n8_mid3_d1000_05_mr098_r10_121.uai
2026-02-02 16:30:04,753|INFO|random_mc2_n9_mid3_d1000_05_mr098_r10_116_uai_GDCC_1e-09_n200_roFalse_s0: Loading data from ../models/synthetic/s123/random_mc2_n9_mid3_d1000_05_mr098_r10_116.csv
2026-02-02 16:30:04,764|INFO|random_mc2_n9_mid3_d1000_05_mr098_r10_116_uai_GDCC_1e-09_n200_roFalse_s0: PNS(V2,V0) exact: (0.0201090016271876, 0.1746422034672741)
2026-02-02 16:30:04,760|INFO|random_mc2_n5_mid3_d1000_05_mr098_r10_144_uai_GDCC_1e-09_n200_roTrue_s0: Loading data from ../models/synthetic/s123/random_mc2_n5_mid3_d1000_05_mr098_r10_144.csv
2026-02-02 16:30:04,771|INFO|random_mc2_n5_mid3_d1000_05_mr098_r10_144_uai_GDCC_1e-09_n200_roTrue_s0: PNS(V3,V1) exact: (0.385300924512895, 0.578062212781675)
2026-02-02 16:30:04,759|INFO|random_mc2_n6_mid3_d1000_05_mr098_r10_79_uai_GDCC_1e-09_n200_roFalse_s0: Loading data from ../models/synthetic/s123/random_mc2_n6_mid3_d1000_05_mr098_r10_79.csv
2026-02-02 16:30:04,769|INFO|random_mc2_n6_mid3_d1000_05_mr098_r10_79_uai_GDCC_1e-09_n200_roFalse_s0: PNS(V3,V5) exact: (0.3677803281, 0.4747158748)
2026-02-02 16:30:04,781|INFO|random_mc2_n8_mid3_d1000_05_mr098_r10_121_uai_GDCC_1e-09_n200_roFalse_s0: Loading data from ../models/synthetic/s123/random_mc2_n8_mid3_d1000_05_mr098_r10_121.csv
2026-02-02 16:30:07,401|INFO|random_mc2_n9_mid3_d1000_05_mr098_r10_136_uai_GDCC_1e-09_n200_roFalse_s0: Loading model from ../models/synthetic/s123/random_mc2_n9_mid3_d1000_05_mr098_r10_136.uai
2026-02-02 16:30:07,423|INFO|random_mc2_n9_mid3_d1000_05_mr098_r10_136_uai_GDCC_1e-09_n200_roFalse_s0: Loading data from ../models/synthetic/s123/random_mc2_n9_mid3_d1000_05_mr098_r10_136.csv
2026-02-02 16:30:10,848|INFO|random_mc2_n6_mid3_d1000_05_mr098_r10_164_uai_GDCC_1e-09_n200_roFalse_s0: Loading model from ../models/synthetic/s123/random_mc2_n6_mid3_d1000_05_mr098_r10_164.uai
2026-02-02 16:30:10,857|INFO|random_mc2_n6_mid3_d1000_05_mr098_r10_164_uai_GDCC_1e-09_n200_roFalse_s0: Loading data from ../models/synthetic/s123/random_mc2_n6_mid3_d1000_05_mr098_r10_164.csv
2026-02-02 16:30:10,874|INFO|random_mc2_n6_mid3_d1000_05_mr098_r10_164_uai_GDCC_1e-09_n200_roFalse_s0: PNS(V4,V3) exact: (0.19591, 0.25606)
2026-02-02 16:30:11,753|INFO|random_mc2_n8_mid3_d1000_05_mr098_r10_134_uai_GDCC_1e-09_n200_roFalse_s0: Loading model from ../models/synthetic/s123/random_mc2_n8_mid3_d1000_05_mr098_r10_134.uai
2026-02-02 16:30:11,776|INFO|random_mc2_n5_mid3_d1000_05_mr098_r10_102_uai_GDCC_1e-09_n200_roTrue_s0: Loading model from ../models/synthetic/s123/random_mc2_n5_mid3_d1000_05_mr098_r10_102.uai
2026-02-02 16:30:11,779|INFO|random_mc2_n5_mid3_d1000_05_mr098_r10_171_uai_GDCC_1e-09_n200_roTrue_s0: Loading model from ../models/synthetic/s123/random_mc2_n5_mid3_d1000_05_mr098_r10_171.uai
2026-02-02 16:30:11,782|INFO|random_mc2_n5_mid3_d1000_05_mr098_r10_102_uai_GDCC_1e-09_n200_roTrue_s0: Loading data from ../models/synthetic/s123/random_mc2_n5_mid3_d1000_05_mr098_r10_102.csv
2026-02-02 16:30:11,792|INFO|random_mc2_n5_mid3_d1000_05_mr098_r10_102_uai_GDCC_1e-09_n200_roTrue_s0: PNS(V3,V0) exact: (0.2629687949824, 0.477036655678528)
2026-02-02 16:30:11,785|INFO|random_mc2_n5_mid3_d1000_05_mr098_r10_171_uai_GDCC_1e-09_n200_roTrue_s0: Loading data from ../models/synthetic/s123/random_mc2_n5_mid3_d1000_05_mr098_r10_171.csv
2026-02-02 16:30:11,795|INFO|random_mc2_n5_mid3_d1000_05_mr098_r10_171_uai_GDCC_1e-09_n200_roTrue_s0: PNS(V1,V3) exact: (0.1863474158, 0.2259063265)
2026-02-02 16:30:12,048|INFO|random_mc2_n6_mid3_d1000_05_mr098_r10_24_uai_GDCC_1e-09_n200_roTrue_s0: Loading model from ../models/synthetic/s123/random_mc2_n6_mid3_d1000_05_mr098_r10_24.uai
2026-02-02 16:30:12,050|INFO|random_mc2_n9_mid3_d1000_05_mr098_r10_140_uai_GDCC_1e-09_n200_roTrue_s0: Loading model from ../models/synthetic/s123/random_mc2_n9_mid3_d1000_05_mr098_r10_140.uai
2026-02-02 16:30:12,078|INFO|random_mc2_n5_mid3_d1000_05_mr098_r10_149_uai_GDCC_1e-09_n200_roTrue_s0: Loading model from ../models/synthetic/s123/random_mc2_n5_mid3_d1000_05_mr098_r10_149.uai
2026-02-02 16:30:12,062|INFO|random_mc2_n6_mid3_d1000_05_mr098_r10_24_uai_GDCC_1e-09_n200_roTrue_s0: Loading data from ../models/synthetic/s123/random_mc2_n6_mid3_d1000_05_mr098_r10_24.csv
2026-02-02 16:30:12,081|INFO|random_mc2_n9_mid3_d1000_05_mr098_r10_140_uai_GDCC_1e-09_n200_roTrue_s0: Loading data from ../models/synthetic/s123/random_mc2_n9_mid3_d1000_05_mr098_r10_140.csv
2026-02-02 16:30:12,091|INFO|random_mc2_n5_mid3_d1000_05_mr098_r10_149_uai_GDCC_1e-09_n200_roTrue_s0: Loading data from ../models/synthetic/s123/random_mc2_n5_mid3_d1000_05_mr098_r10_149.csv
2026-02-02 16:30:12,107|INFO|random_mc2_n5_mid3_d1000_05_mr098_r10_149_uai_GDCC_1e-09_n200_roTrue_s0: PNS(V3,V0) exact: (0.0, 0.014418359495816)
2026-02-02 16:30:12,189|INFO|random_mc2_n8_mid3_d1000_05_mr098_r10_134_uai_GDCC_1e-09_n200_roFalse_s0: Loading data from ../models/synthetic/s123/random_mc2_n8_mid3_d1000_05_mr098_r10_134.csv
2026-02-02 16:30:12,256|INFO|random_mc2_n9_mid3_d1000_05_mr098_r10_12_uai_GDCC_1e-09_n200_roFalse_s0: Loading model from ../models/synthetic/s123/random_mc2_n9_mid3_d1000_05_mr098_r10_12.uai
2026-02-02 16:30:12,269|INFO|random_mc2_n9_mid3_d1000_05_mr098_r10_12_uai_GDCC_1e-09_n200_roFalse_s0: Loading data from ../models/synthetic/s123/random_mc2_n9_mid3_d1000_05_mr098_r10_12.csv
2026-02-02 16:30:12,280|INFO|random_mc2_n9_mid3_d1000_05_mr098_r10_12_uai_GDCC_1e-09_n200_roFalse_s0: PNS(V5,V0) exact: (0.1261695765081492, 0.2521556712400733)
2026-02-02 16:30:12,323|INFO|random_mc2_n6_mid3_d1000_05_mr098_r10_145_uai_GDCC_1e-09_n200_roFalse_s0: Loading model from ../models/synthetic/s123/random_mc2_n6_mid3_d1000_05_mr098_r10_145.uai
2026-02-02 16:30:12,341|INFO|random_mc2_n6_mid3_d1000_05_mr098_r10_145_uai_GDCC_1e-09_n200_roFalse_s0: Loading data from ../models/synthetic/s123/random_mc2_n6_mid3_d1000_05_mr098_r10_145.csv
2026-02-02 16:30:12,376|INFO|random_mc2_n6_mid3_d1000_05_mr098_r10_152_uai_GDCC_1e-09_n200_roFalse_s0: Loading model from ../models/synthetic/s123/random_mc2_n6_mid3_d1000_05_mr098_r10_152.uai
2026-02-02 16:30:12,395|INFO|random_mc2_n7_mid3_d1000_05_mr098_r10_170_uai_GDCC_1e-09_n200_roFalse_s0: Loading model from ../models/synthetic/s123/random_mc2_n7_mid3_d1000_05_mr098_r10_170.uai
2026-02-02 16:30:12,405|INFO|random_mc2_n7_mid3_d1000_05_mr098_r10_170_uai_GDCC_1e-09_n200_roFalse_s0: Loading data from ../models/synthetic/s123/random_mc2_n7_mid3_d1000_05_mr098_r10_170.csv
2026-02-02 16:30:12,414|INFO|random_mc2_n7_mid3_d1000_05_mr098_r10_170_uai_GDCC_1e-09_n200_roFalse_s0: PNS(V1,V3) exact: (0.0061237, 0.1216942)
2026-02-02 16:30:12,456|INFO|random_mc2_n6_mid3_d1000_05_mr098_r10_110_uai_GDCC_1e-09_n200_roTrue_s0: Loading model from ../models/synthetic/s123/random_mc2_n6_mid3_d1000_05_mr098_r10_110.uai
2026-02-02 16:30:12,464|INFO|random_mc2_n5_mid3_d1000_05_mr098_r10_156_uai_GDCC_1e-09_n200_roFalse_s0: Loading model from ../models/synthetic/s123/random_mc2_n5_mid3_d1000_05_mr098_r10_156.uai
2026-02-02 16:30:12,470|INFO|random_mc2_n6_mid3_d1000_05_mr098_r10_152_uai_GDCC_1e-09_n200_roFalse_s0: Loading data from ../models/synthetic/s123/random_mc2_n6_mid3_d1000_05_mr098_r10_152.csv
2026-02-02 16:30:12,472|INFO|random_mc2_n5_mid3_d1000_05_mr098_r10_175_uai_GDCC_1e-09_n200_roTrue_s0: Loading model from ../models/synthetic/s123/random_mc2_n5_mid3_d1000_05_mr098_r10_175.uai
2026-02-02 16:30:12,474|INFO|random_mc2_n7_mid3_d1000_05_mr098_r10_95_uai_GDCC_1e-09_n200_roTrue_s0: Loading model from ../models/synthetic/s123/random_mc2_n7_mid3_d1000_05_mr098_r10_95.uai
2026-02-02 16:30:12,476|INFO|random_mc2_n6_mid3_d1000_05_mr098_r10_68_uai_GDCC_1e-09_n200_roFalse_s0: Loading model from ../models/synthetic/s123/random_mc2_n6_mid3_d1000_05_mr098_r10_68.uai
2026-02-02 16:30:12,481|INFO|random_mc2_n5_mid3_d1000_05_mr098_r10_90_uai_GDCC_1e-09_n200_roFalse_s0: Loading model from ../models/synthetic/s123/random_mc2_n5_mid3_d1000_05_mr098_r10_90.uai
2026-02-02 16:30:12,483|INFO|random_mc2_n6_mid3_d1000_05_mr098_r10_110_uai_GDCC_1e-09_n200_roTrue_s0: Loading data from ../models/synthetic/s123/random_mc2_n6_mid3_d1000_05_mr098_r10_110.csv
2026-02-02 16:30:12,470|INFO|random_mc2_n5_mid3_d1000_05_mr098_r10_156_uai_GDCC_1e-09_n200_roFalse_s0: Loading data from ../models/synthetic/s123/random_mc2_n5_mid3_d1000_05_mr098_r10_156.csv
2026-02-02 16:30:12,479|INFO|random_mc2_n5_mid3_d1000_05_mr098_r10_156_uai_GDCC_1e-09_n200_roFalse_s0: PNS(V0,V3) exact: (0.013315773, 0.1754779742999999)
2026-02-02 16:30:12,486|INFO|random_mc2_n5_mid3_d1000_05_mr098_r10_175_uai_GDCC_1e-09_n200_roTrue_s0: Loading data from ../models/synthetic/s123/random_mc2_n5_mid3_d1000_05_mr098_r10_175.csv
2026-02-02 16:30:12,495|INFO|random_mc2_n5_mid3_d1000_05_mr098_r10_175_uai_GDCC_1e-09_n200_roTrue_s0: PNS(V1,V3) exact: (0.1001090864, 0.4819853936000001)
2026-02-02 16:30:12,483|INFO|random_mc2_n7_mid3_d1000_05_mr098_r10_95_uai_GDCC_1e-09_n200_roTrue_s0: Loading data from ../models/synthetic/s123/random_mc2_n7_mid3_d1000_05_mr098_r10_95.csv
2026-02-02 16:30:12,492|INFO|random_mc2_n7_mid3_d1000_05_mr098_r10_95_uai_GDCC_1e-09_n200_roTrue_s0: PNS(V0,V3) exact: (0.0119746197391619, 0.3426762898101421)
2026-02-02 16:30:12,486|INFO|random_mc2_n6_mid3_d1000_05_mr098_r10_68_uai_GDCC_1e-09_n200_roFalse_s0: Loading data from ../models/synthetic/s123/random_mc2_n6_mid3_d1000_05_mr098_r10_68.csv
2026-02-02 16:30:12,496|INFO|random_mc2_n6_mid3_d1000_05_mr098_r10_68_uai_GDCC_1e-09_n200_roFalse_s0: PNS(V0,V1) exact: (0.0, 0.1486868319875199)
2026-02-02 16:30:12,489|INFO|random_mc2_n5_mid3_d1000_05_mr098_r10_90_uai_GDCC_1e-09_n200_roFalse_s0: Loading data from ../models/synthetic/s123/random_mc2_n5_mid3_d1000_05_mr098_r10_90.csv
2026-02-02 16:30:12,498|INFO|random_mc2_n5_mid3_d1000_05_mr098_r10_90_uai_GDCC_1e-09_n200_roFalse_s0: PNS(V2,V3) exact: (0.70713, 0.8487600000000001)
2026-02-02 16:30:12,549|INFO|random_mc2_n7_mid3_d1000_05_mr098_r10_51_uai_GDCC_1e-09_n200_roTrue_s0: Loading model from ../models/synthetic/s123/random_mc2_n7_mid3_d1000_05_mr098_r10_51.uai
2026-02-02 16:30:12,566|INFO|random_mc2_n7_mid3_d1000_05_mr098_r10_51_uai_GDCC_1e-09_n200_roTrue_s0: Loading data from ../models/synthetic/s123/random_mc2_n7_mid3_d1000_05_mr098_r10_51.csv
2026-02-02 16:30:18,106|INFO|random_mc2_n7_mid3_d1000_05_mr098_r10_97_uai_GDCC_1e-09_n200_roTrue_s0: Loading model from ../models/synthetic/s123/random_mc2_n7_mid3_d1000_05_mr098_r10_97.uai
2026-02-02 16:30:18,130|INFO|random_mc2_n7_mid3_d1000_05_mr098_r10_97_uai_GDCC_1e-09_n200_roTrue_s0: Loading data from ../models/synthetic/s123/random_mc2_n7_mid3_d1000_05_mr098_r10_97.csv
2026-02-02 16:30:18,140|INFO|random_mc2_n7_mid3_d1000_05_mr098_r10_97_uai_GDCC_1e-09_n200_roTrue_s0: PNS(V4,V6) exact: (0.0215633261719529, 0.03488625941917)
2026-02-02 16:30:19,134|INFO|random_mc2_n6_mid3_d1000_05_mr098_r10_2_uai_GDCC_1e-09_n200_roTrue_s0: Loading model from ../models/synthetic/s123/random_mc2_n6_mid3_d1000_05_mr098_r10_2.uai
2026-02-02 16:30:19,147|INFO|random_mc2_n6_mid3_d1000_05_mr098_r10_2_uai_GDCC_1e-09_n200_roTrue_s0: Loading data from ../models/synthetic/s123/random_mc2_n6_mid3_d1000_05_mr098_r10_2.csv
2026-02-02 16:30:19,206|INFO|random_mc2_n7_mid3_d1000_05_mr098_r10_24_uai_GDCC_1e-09_n200_roFalse_s0: Loading model from ../models/synthetic/s123/random_mc2_n7_mid3_d1000_05_mr098_r10_24.uai
2026-02-02 16:30:19,216|INFO|random_mc2_n6_mid3_d1000_05_mr098_r10_158_uai_GDCC_1e-09_n200_roFalse_s0: Loading model from ../models/synthetic/s123/random_mc2_n6_mid3_d1000_05_mr098_r10_158.uai
2026-02-02 16:30:19,229|INFO|random_mc2_n5_mid3_d1000_05_mr098_r10_63_uai_GDCC_1e-09_n200_roTrue_s0: Loading model from ../models/synthetic/s123/random_mc2_n5_mid3_d1000_05_mr098_r10_63.uai
2026-02-02 16:30:19,216|INFO|random_mc2_n7_mid3_d1000_05_mr098_r10_24_uai_GDCC_1e-09_n200_roFalse_s0: Loading data from ../models/synthetic/s123/random_mc2_n7_mid3_d1000_05_mr098_r10_24.csv
2026-02-02 16:30:19,226|INFO|random_mc2_n7_mid3_d1000_05_mr098_r10_24_uai_GDCC_1e-09_n200_roFalse_s0: PNS(V3,V2) exact: (0.0, 0.0745211048481239)
2026-02-02 16:30:19,222|INFO|random_mc2_n6_mid3_d1000_05_mr098_r10_158_uai_GDCC_1e-09_n200_roFalse_s0: Loading data from ../models/synthetic/s123/random_mc2_n6_mid3_d1000_05_mr098_r10_158.csv
2026-02-02 16:30:19,232|INFO|random_mc2_n6_mid3_d1000_05_mr098_r10_158_uai_GDCC_1e-09_n200_roFalse_s0: PNS(V3,V5) exact: (8.867665431e-05, 0.009532690396884)
2026-02-02 16:30:19,233|INFO|random_mc2_n5_mid3_d1000_05_mr098_r10_63_uai_GDCC_1e-09_n200_roTrue_s0: Loading data from ../models/synthetic/s123/random_mc2_n5_mid3_d1000_05_mr098_r10_63.csv
2026-02-02 16:30:19,242|INFO|random_mc2_n5_mid3_d1000_05_mr098_r10_63_uai_GDCC_1e-09_n200_roTrue_s0: PNS(V4,V1) exact: (0.0, 0.1702281)
2026-02-02 16:30:19,273|INFO|random_mc2_n6_mid3_d1000_05_mr098_r10_174_uai_GDCC_1e-09_n200_roTrue_s0: Loading model from ../models/synthetic/s123/random_mc2_n6_mid3_d1000_05_mr098_r10_174.uai
2026-02-02 16:30:19,292|INFO|random_mc2_n6_mid3_d1000_05_mr098_r10_147_uai_GDCC_1e-09_n200_roTrue_s0: Loading model from ../models/synthetic/s123/random_mc2_n6_mid3_d1000_05_mr098_r10_147.uai
2026-02-02 16:30:19,283|INFO|random_mc2_n6_mid3_d1000_05_mr098_r10_174_uai_GDCC_1e-09_n200_roTrue_s0: Loading data from ../models/synthetic/s123/random_mc2_n6_mid3_d1000_05_mr098_r10_174.csv
2026-02-02 16:30:19,320|INFO|random_mc2_n7_mid3_d1000_05_mr098_r10_36_uai_GDCC_1e-09_n200_roTrue_s0: Loading model from ../models/synthetic/s123/random_mc2_n7_mid3_d1000_05_mr098_r10_36.uai
2026-02-02 16:30:19,324|INFO|random_mc2_n5_mid3_d1000_05_mr098_r10_116_uai_GDCC_1e-09_n200_roFalse_s0: Loading model from ../models/synthetic/s123/random_mc2_n5_mid3_d1000_05_mr098_r10_116.uai
2026-02-02 16:30:19,301|INFO|random_mc2_n6_mid3_d1000_05_mr098_r10_147_uai_GDCC_1e-09_n200_roTrue_s0: Loading data from ../models/synthetic/s123/random_mc2_n6_mid3_d1000_05_mr098_r10_147.csv
2026-02-02 16:30:19,338|INFO|random_mc2_n6_mid3_d1000_05_mr098_r10_165_uai_GDCC_1e-09_n200_roFalse_s0: Loading model from ../models/synthetic/s123/random_mc2_n6_mid3_d1000_05_mr098_r10_165.uai
2026-02-02 16:30:19,355|INFO|random_mc2_n5_mid3_d1000_05_mr098_r10_25_uai_GDCC_1e-09_n200_roFalse_s0: Loading model from ../models/synthetic/s123/random_mc2_n5_mid3_d1000_05_mr098_r10_25.uai
2026-02-02 16:30:19,332|INFO|random_mc2_n7_mid3_d1000_05_mr098_r10_36_uai_GDCC_1e-09_n200_roTrue_s0: Loading data from ../models/synthetic/s123/random_mc2_n7_mid3_d1000_05_mr098_r10_36.csv
2026-02-02 16:30:19,342|INFO|random_mc2_n7_mid3_d1000_05_mr098_r10_36_uai_GDCC_1e-09_n200_roTrue_s0: PNS(V6,V2) exact: (0.0, 0.128261765483479)
2026-02-02 16:30:19,331|INFO|random_mc2_n5_mid3_d1000_05_mr098_r10_116_uai_GDCC_1e-09_n200_roFalse_s0: Loading data from ../models/synthetic/s123/random_mc2_n5_mid3_d1000_05_mr098_r10_116.csv
2026-02-02 16:30:19,340|INFO|random_mc2_n5_mid3_d1000_05_mr098_r10_116_uai_GDCC_1e-09_n200_roFalse_s0: PNS(V1,V3) exact: (0.0, 0.0017957419812)
2026-02-02 16:30:19,369|INFO|random_mc2_n6_mid3_d1000_05_mr098_r10_169_uai_GDCC_1e-09_n200_roTrue_s0: Loading model from ../models/synthetic/s123/random_mc2_n6_mid3_d1000_05_mr098_r10_169.uai
2026-02-02 16:30:19,348|INFO|random_mc2_n6_mid3_d1000_05_mr098_r10_165_uai_GDCC_1e-09_n200_roFalse_s0: Loading data from ../models/synthetic/s123/random_mc2_n6_mid3_d1000_05_mr098_r10_165.csv
2026-02-02 16:30:19,358|INFO|random_mc2_n6_mid3_d1000_05_mr098_r10_165_uai_GDCC_1e-09_n200_roFalse_s0: PNS(V3,V2) exact: (0.0, 0.0558513235759999)
2026-02-02 16:30:19,360|INFO|random_mc2_n5_mid3_d1000_05_mr098_r10_25_uai_GDCC_1e-09_n200_roFalse_s0: Loading data from ../models/synthetic/s123/random_mc2_n5_mid3_d1000_05_mr098_r10_25.csv
2026-02-02 16:30:19,371|INFO|random_mc2_n5_mid3_d1000_05_mr098_r10_25_uai_GDCC_1e-09_n200_roFalse_s0: PNS(V1,V4) exact: (0.0216, 0.0216)
2026-02-02 16:30:19,377|INFO|random_mc2_n6_mid3_d1000_05_mr098_r10_169_uai_GDCC_1e-09_n200_roTrue_s0: Loading data from ../models/synthetic/s123/random_mc2_n6_mid3_d1000_05_mr098_r10_169.csv
2026-02-02 16:30:19,388|INFO|random_mc2_n6_mid3_d1000_05_mr098_r10_169_uai_GDCC_1e-09_n200_roTrue_s0: PNS(V2,V3) exact: (0.0, 0.039991749496806)
2026-02-02 16:30:23,593|INFO|random_mc2_n6_mid3_d1000_05_mr098_r10_151_uai_GDCC_1e-09_n200_roTrue_s0: Loading model from ../models/synthetic/s123/random_mc2_n6_mid3_d1000_05_mr098_r10_151.uai
2026-02-02 16:30:23,773|INFO|random_mc2_n7_mid3_d1000_05_mr098_r10_196_uai_GDCC_1e-09_n200_roFalse_s0: Loading model from ../models/synthetic/s123/random_mc2_n7_mid3_d1000_05_mr098_r10_196.uai
2026-02-02 16:30:23,833|INFO|random_mc2_n6_mid3_d1000_05_mr098_r10_151_uai_GDCC_1e-09_n200_roTrue_s0: Loading data from ../models/synthetic/s123/random_mc2_n6_mid3_d1000_05_mr098_r10_151.csv
2026-02-02 16:30:23,867|INFO|random_mc2_n7_mid3_d1000_05_mr098_r10_196_uai_GDCC_1e-09_n200_roFalse_s0: Loading data from ../models/synthetic/s123/random_mc2_n7_mid3_d1000_05_mr098_r10_196.csv
2026-02-02 16:30:25,314|INFO|random_mc2_n5_mid3_d1000_05_mr098_r10_51_uai_GDCC_1e-09_n200_roTrue_s0: Loading model from ../models/synthetic/s123/random_mc2_n5_mid3_d1000_05_mr098_r10_51.uai
2026-02-02 16:30:25,319|INFO|random_mc2_n5_mid3_d1000_05_mr098_r10_51_uai_GDCC_1e-09_n200_roTrue_s0: Loading data from ../models/synthetic/s123/random_mc2_n5_mid3_d1000_05_mr098_r10_51.csv
2026-02-02 16:30:25,327|INFO|random_mc2_n5_mid3_d1000_05_mr098_r10_51_uai_GDCC_1e-09_n200_roTrue_s0: PNS(V2,V4) exact: (0.0, 0.17763)
2026-02-02 16:30:25,370|INFO|random_mc2_n6_mid3_d1000_05_mr098_r10_141_uai_GDCC_1e-09_n200_roTrue_s0: Loading model from ../models/synthetic/s123/random_mc2_n6_mid3_d1000_05_mr098_r10_141.uai
2026-02-02 16:30:25,419|INFO|random_mc2_n6_mid3_d1000_05_mr098_r10_141_uai_GDCC_1e-09_n200_roTrue_s0: Loading data from ../models/synthetic/s123/random_mc2_n6_mid3_d1000_05_mr098_r10_141.csv
2026-02-02 16:30:25,428|INFO|random_mc2_n6_mid3_d1000_05_mr098_r10_141_uai_GDCC_1e-09_n200_roTrue_s0: PNS(V1,V4) exact: (0.2486475012, 0.2716618306)
2026-02-02 16:30:25,448|INFO|random_mc2_n6_mid3_d1000_05_mr098_r10_158_uai_GDCC_1e-09_n200_roTrue_s0: Loading model from ../models/synthetic/s123/random_mc2_n6_mid3_d1000_05_mr098_r10_158.uai
2026-02-02 16:30:25,468|INFO|random_mc2_n6_mid3_d1000_05_mr098_r10_180_uai_GDCC_1e-09_n200_roFalse_s0: Loading model from ../models/synthetic/s123/random_mc2_n6_mid3_d1000_05_mr098_r10_180.uai
2026-02-02 16:30:25,472|INFO|random_mc2_n6_mid3_d1000_05_mr098_r10_87_uai_GDCC_1e-09_n200_roFalse_s0: Loading model from ../models/synthetic/s123/random_mc2_n6_mid3_d1000_05_mr098_r10_87.uai
2026-02-02 16:30:25,455|INFO|random_mc2_n6_mid3_d1000_05_mr098_r10_158_uai_GDCC_1e-09_n200_roTrue_s0: Loading data from ../models/synthetic/s123/random_mc2_n6_mid3_d1000_05_mr098_r10_158.csv
2026-02-02 16:30:25,467|INFO|random_mc2_n6_mid3_d1000_05_mr098_r10_158_uai_GDCC_1e-09_n200_roTrue_s0: PNS(V3,V5) exact: (8.867665431e-05, 0.009532690396884)
2026-02-02 16:30:25,491|INFO|random_mc2_n5_mid3_d1000_05_mr098_r10_180_uai_GDCC_1e-09_n200_roTrue_s0: Loading model from ../models/synthetic/s123/random_mc2_n5_mid3_d1000_05_mr098_r10_180.uai
2026-02-02 16:30:25,495|INFO|random_mc2_n6_mid3_d1000_05_mr098_r10_146_uai_GDCC_1e-09_n200_roFalse_s0: Loading model from ../models/synthetic/s123/random_mc2_n6_mid3_d1000_05_mr098_r10_146.uai
2026-02-02 16:30:25,503|INFO|random_mc2_n6_mid3_d1000_05_mr098_r10_107_uai_GDCC_1e-09_n200_roTrue_s0: Loading model from ../models/synthetic/s123/random_mc2_n6_mid3_d1000_05_mr098_r10_107.uai
2026-02-02 16:30:25,482|INFO|random_mc2_n6_mid3_d1000_05_mr098_r10_180_uai_GDCC_1e-09_n200_roFalse_s0: Loading data from ../models/synthetic/s123/random_mc2_n6_mid3_d1000_05_mr098_r10_180.csv
2026-02-02 16:30:25,509|INFO|random_mc2_n5_mid3_d1000_05_mr098_r10_27_uai_GDCC_1e-09_n200_roTrue_s0: Loading model from ../models/synthetic/s123/random_mc2_n5_mid3_d1000_05_mr098_r10_27.uai
2026-02-02 16:30:25,483|INFO|random_mc2_n6_mid3_d1000_05_mr098_r10_87_uai_GDCC_1e-09_n200_roFalse_s0: Loading data from ../models/synthetic/s123/random_mc2_n6_mid3_d1000_05_mr098_r10_87.csv
2026-02-02 16:30:25,497|INFO|random_mc2_n5_mid3_d1000_05_mr098_r10_180_uai_GDCC_1e-09_n200_roTrue_s0: Loading data from ../models/synthetic/s123/random_mc2_n5_mid3_d1000_05_mr098_r10_180.csv
2026-02-02 16:30:25,506|INFO|random_mc2_n6_mid3_d1000_05_mr098_r10_146_uai_GDCC_1e-09_n200_roFalse_s0: Loading data from ../models/synthetic/s123/random_mc2_n6_mid3_d1000_05_mr098_r10_146.csv
2026-02-02 16:30:25,516|INFO|random_mc2_n6_mid3_d1000_05_mr098_r10_146_uai_GDCC_1e-09_n200_roFalse_s0: PNS(V5,V3) exact: (0.4629754663000001, 0.4943296704000001)
2026-02-02 16:30:25,514|INFO|random_mc2_n6_mid3_d1000_05_mr098_r10_107_uai_GDCC_1e-09_n200_roTrue_s0: Loading data from ../models/synthetic/s123/random_mc2_n6_mid3_d1000_05_mr098_r10_107.csv
2026-02-02 16:30:25,523|INFO|random_mc2_n6_mid3_d1000_05_mr098_r10_107_uai_GDCC_1e-09_n200_roTrue_s0: PNS(V2,V4) exact: (0.0692122168437381, 0.3642803790180109)
2026-02-02 16:30:25,518|INFO|random_mc2_n5_mid3_d1000_05_mr098_r10_27_uai_GDCC_1e-09_n200_roTrue_s0: Loading data from ../models/synthetic/s123/random_mc2_n5_mid3_d1000_05_mr098_r10_27.csv
2026-02-02 16:30:25,527|INFO|random_mc2_n5_mid3_d1000_05_mr098_r10_27_uai_GDCC_1e-09_n200_roTrue_s0: PNS(V4,V3) exact: (0.072092966, 0.40936737)
2026-02-02 16:30:25,587|INFO|random_mc2_n6_mid3_d1000_05_mr098_r10_109_uai_GDCC_1e-09_n200_roTrue_s0: Loading model from ../models/synthetic/s123/random_mc2_n6_mid3_d1000_05_mr098_r10_109.uai
2026-02-02 16:30:25,589|INFO|random_mc2_n8_mid3_d1000_05_mr098_r10_169_uai_GDCC_1e-09_n200_roFalse_s0: Loading model from ../models/synthetic/s123/random_mc2_n8_mid3_d1000_05_mr098_r10_169.uai
2026-02-02 16:30:25,613|INFO|random_mc2_n5_mid3_d1000_05_mr098_r10_74_uai_GDCC_1e-09_n200_roTrue_s0: Loading model from ../models/synthetic/s123/random_mc2_n5_mid3_d1000_05_mr098_r10_74.uai
2026-02-02 16:30:25,636|INFO|random_mc2_n8_mid3_d1000_05_mr098_r10_169_uai_GDCC_1e-09_n200_roFalse_s0: Loading data from ../models/synthetic/s123/random_mc2_n8_mid3_d1000_05_mr098_r10_169.csv
2026-02-02 16:30:25,626|INFO|random_mc2_n5_mid3_d1000_05_mr098_r10_74_uai_GDCC_1e-09_n200_roTrue_s0: Loading data from ../models/synthetic/s123/random_mc2_n5_mid3_d1000_05_mr098_r10_74.csv
2026-02-02 16:30:25,635|INFO|random_mc2_n5_mid3_d1000_05_mr098_r10_74_uai_GDCC_1e-09_n200_roTrue_s0: PNS(V1,V3) exact: (0.242259660626, 0.50518708548)
2026-02-02 16:30:25,676|INFO|random_mc2_n8_mid3_d1000_05_mr098_r10_190_uai_GDCC_1e-09_n200_roTrue_s0: Loading model from ../models/synthetic/s123/random_mc2_n8_mid3_d1000_05_mr098_r10_190.uai
2026-02-02 16:30:25,698|INFO|random_mc2_n8_mid3_d1000_05_mr098_r10_190_uai_GDCC_1e-09_n200_roTrue_s0: Loading data from ../models/synthetic/s123/random_mc2_n8_mid3_d1000_05_mr098_r10_190.csv
2026-02-02 16:30:25,782|INFO|random_mc2_n7_mid3_d1000_05_mr098_r10_184_uai_GDCC_1e-09_n200_roFalse_s0: Loading model from ../models/synthetic/s123/random_mc2_n7_mid3_d1000_05_mr098_r10_184.uai
2026-02-02 16:30:25,799|INFO|random_mc2_n6_mid3_d1000_05_mr098_r10_109_uai_GDCC_1e-09_n200_roTrue_s0: Loading data from ../models/synthetic/s123/random_mc2_n6_mid3_d1000_05_mr098_r10_109.csv
2026-02-02 16:30:25,795|INFO|random_mc2_n7_mid3_d1000_05_mr098_r10_184_uai_GDCC_1e-09_n200_roFalse_s0: Loading data from ../models/synthetic/s123/random_mc2_n7_mid3_d1000_05_mr098_r10_184.csv
2026-02-02 16:30:25,805|INFO|random_mc2_n7_mid3_d1000_05_mr098_r10_184_uai_GDCC_1e-09_n200_roFalse_s0: PNS(V0,V3) exact: (0.0039488823224993, 0.0144327631225721)
2026-02-02 16:30:25,885|INFO|random_mc2_n6_mid3_d1000_05_mr098_r10_150_uai_GDCC_1e-09_n200_roTrue_s0: Loading model from ../models/synthetic/s123/random_mc2_n6_mid3_d1000_05_mr098_r10_150.uai
2026-02-02 16:30:25,888|INFO|random_mc2_n5_mid3_d1000_05_mr098_r10_104_uai_GDCC_1e-09_n200_roTrue_s0: Loading model from ../models/synthetic/s123/random_mc2_n5_mid3_d1000_05_mr098_r10_104.uai
2026-02-02 16:30:25,904|INFO|random_mc2_n6_mid3_d1000_05_mr098_r10_150_uai_GDCC_1e-09_n200_roTrue_s0: Loading data from ../models/synthetic/s123/random_mc2_n6_mid3_d1000_05_mr098_r10_150.csv
2026-02-02 16:30:25,892|INFO|random_mc2_n5_mid3_d1000_05_mr098_r10_104_uai_GDCC_1e-09_n200_roTrue_s0: Loading data from ../models/synthetic/s123/random_mc2_n5_mid3_d1000_05_mr098_r10_104.csv
2026-02-02 16:30:25,902|INFO|random_mc2_n5_mid3_d1000_05_mr098_r10_104_uai_GDCC_1e-09_n200_roTrue_s0: PNS(V3,V4) exact: (0.12079, 0.5248300000000001)
2026-02-02 16:30:28,873|INFO|random_mc2_n8_mid3_d1000_05_mr098_r10_2_uai_GDCC_1e-09_n200_roTrue_s0: Loading model from ../models/synthetic/s123/random_mc2_n8_mid3_d1000_05_mr098_r10_2.uai
2026-02-02 16:30:28,891|INFO|random_mc2_n8_mid3_d1000_05_mr098_r10_2_uai_GDCC_1e-09_n200_roTrue_s0: Loading data from ../models/synthetic/s123/random_mc2_n8_mid3_d1000_05_mr098_r10_2.csv
2026-02-02 16:30:28,906|INFO|random_mc2_n8_mid3_d1000_05_mr098_r10_2_uai_GDCC_1e-09_n200_roTrue_s0: PNS(V1,V5) exact: (0.0, 0.0)
2026-02-02 16:30:28,906|ERROR|random_mc2_n8_mid3_d1000_05_mr098_r10_2_uai_GDCC_1e-09_n200_roTrue_s0: Model does not have any cause-effect path.
2026-02-02 16:30:33,908|INFO|random_mc2_n7_mid3_d1000_05_mr098_r10_195_uai_GDCC_1e-09_n200_roFalse_s0: Loading model from ../models/synthetic/s123/random_mc2_n7_mid3_d1000_05_mr098_r10_195.uai
2026-02-02 16:30:33,912|INFO|random_mc2_n6_mid3_d1000_05_mr098_r10_47_uai_GDCC_1e-09_n200_roTrue_s0: Loading model from ../models/synthetic/s123/random_mc2_n6_mid3_d1000_05_mr098_r10_47.uai
2026-02-02 16:30:33,915|INFO|random_mc2_n6_mid3_d1000_05_mr098_r10_194_uai_GDCC_1e-09_n200_roTrue_s0: Loading model from ../models/synthetic/s123/random_mc2_n6_mid3_d1000_05_mr098_r10_194.uai
2026-02-02 16:30:33,922|INFO|random_mc2_n5_mid3_d1000_05_mr098_r10_132_uai_GDCC_1e-09_n200_roFalse_s0: Loading model from ../models/synthetic/s123/random_mc2_n5_mid3_d1000_05_mr098_r10_132.uai
2026-02-02 16:30:33,925|INFO|random_mc2_n6_mid3_d1000_05_mr098_r10_71_uai_GDCC_1e-09_n200_roFalse_s0: Loading model from ../models/synthetic/s123/random_mc2_n6_mid3_d1000_05_mr098_r10_71.uai
2026-02-02 16:30:33,927|INFO|random_mc2_n9_mid3_d1000_05_mr098_r10_107_uai_GDCC_1e-09_n200_roTrue_s0: Loading model from ../models/synthetic/s123/random_mc2_n9_mid3_d1000_05_mr098_r10_107.uai
2026-02-02 16:30:33,925|INFO|random_mc2_n7_mid3_d1000_05_mr098_r10_195_uai_GDCC_1e-09_n200_roFalse_s0: Loading data from ../models/synthetic/s123/random_mc2_n7_mid3_d1000_05_mr098_r10_195.csv
2026-02-02 16:30:33,922|INFO|random_mc2_n6_mid3_d1000_05_mr098_r10_47_uai_GDCC_1e-09_n200_roTrue_s0: Loading data from ../models/synthetic/s123/random_mc2_n6_mid3_d1000_05_mr098_r10_47.csv
2026-02-02 16:30:33,932|INFO|random_mc2_n6_mid3_d1000_05_mr098_r10_47_uai_GDCC_1e-09_n200_roTrue_s0: PNS(V5,V4) exact: (0.0, 0.3303686772)
2026-02-02 16:30:33,931|INFO|random_mc2_n6_mid3_d1000_05_mr098_r10_194_uai_GDCC_1e-09_n200_roTrue_s0: Loading data from ../models/synthetic/s123/random_mc2_n6_mid3_d1000_05_mr098_r10_194.csv
2026-02-02 16:30:33,927|INFO|random_mc2_n5_mid3_d1000_05_mr098_r10_132_uai_GDCC_1e-09_n200_roFalse_s0: Loading data from ../models/synthetic/s123/random_mc2_n5_mid3_d1000_05_mr098_r10_132.csv
2026-02-02 16:30:33,936|INFO|random_mc2_n5_mid3_d1000_05_mr098_r10_132_uai_GDCC_1e-09_n200_roFalse_s0: PNS(V0,V2) exact: (0.0, 0.0)
2026-02-02 16:30:33,936|ERROR|random_mc2_n5_mid3_d1000_05_mr098_r10_132_uai_GDCC_1e-09_n200_roFalse_s0: Model does not have any cause-effect path.
2026-02-02 16:30:33,936|INFO|random_mc2_n6_mid3_d1000_05_mr098_r10_71_uai_GDCC_1e-09_n200_roFalse_s0: Loading data from ../models/synthetic/s123/random_mc2_n6_mid3_d1000_05_mr098_r10_71.csv
2026-02-02 16:30:33,945|INFO|random_mc2_n6_mid3_d1000_05_mr098_r10_71_uai_GDCC_1e-09_n200_roFalse_s0: PNS(V0,V3) exact: (0.5001600000000002, 0.6072)
2026-02-02 16:30:33,981|INFO|random_mc2_n6_mid3_d1000_05_mr098_r10_182_uai_GDCC_1e-09_n200_roFalse_s0: Loading model from ../models/synthetic/s123/random_mc2_n6_mid3_d1000_05_mr098_r10_182.uai
2026-02-02 16:30:34,013|INFO|random_mc2_n7_mid3_d1000_05_mr098_r10_37_uai_GDCC_1e-09_n200_roTrue_s0: Loading model from ../models/synthetic/s123/random_mc2_n7_mid3_d1000_05_mr098_r10_37.uai
2026-02-02 16:30:33,997|INFO|random_mc2_n6_mid3_d1000_05_mr098_r10_182_uai_GDCC_1e-09_n200_roFalse_s0: Loading data from ../models/synthetic/s123/random_mc2_n6_mid3_d1000_05_mr098_r10_182.csv
2026-02-02 16:30:34,006|INFO|random_mc2_n6_mid3_d1000_05_mr098_r10_182_uai_GDCC_1e-09_n200_roFalse_s0: PNS(V4,V5) exact: (0.2591310333408, 0.3907790126200001)
2026-02-02 16:30:34,046|INFO|random_mc2_n5_mid3_d1000_05_mr098_r10_196_uai_GDCC_1e-09_n200_roTrue_s0: Loading model from ../models/synthetic/s123/random_mc2_n5_mid3_d1000_05_mr098_r10_196.uai
2026-02-02 16:30:34,050|INFO|random_mc2_n7_mid3_d1000_05_mr098_r10_29_uai_GDCC_1e-09_n200_roFalse_s0: Loading model from ../models/synthetic/s123/random_mc2_n7_mid3_d1000_05_mr098_r10_29.uai
2026-02-02 16:30:34,040|INFO|random_mc2_n7_mid3_d1000_05_mr098_r10_37_uai_GDCC_1e-09_n200_roTrue_s0: Loading data from ../models/synthetic/s123/random_mc2_n7_mid3_d1000_05_mr098_r10_37.csv
2026-02-02 16:30:34,054|INFO|random_mc2_n6_mid3_d1000_05_mr098_r10_86_uai_GDCC_1e-09_n200_roTrue_s0: Loading model from ../models/synthetic/s123/random_mc2_n6_mid3_d1000_05_mr098_r10_86.uai
2026-02-02 16:30:34,055|INFO|random_mc2_n7_mid3_d1000_05_mr098_r10_37_uai_GDCC_1e-09_n200_roTrue_s0: PNS(V3,V2) exact: (0.0, 0.0282189836918879)
2026-02-02 16:30:34,064|INFO|random_mc2_n5_mid3_d1000_05_mr098_r10_196_uai_GDCC_1e-09_n200_roTrue_s0: Loading data from ../models/synthetic/s123/random_mc2_n5_mid3_d1000_05_mr098_r10_196.csv
2026-02-02 16:30:34,067|INFO|random_mc2_n7_mid3_d1000_05_mr098_r10_29_uai_GDCC_1e-09_n200_roFalse_s0: Loading data from ../models/synthetic/s123/random_mc2_n7_mid3_d1000_05_mr098_r10_29.csv
2026-02-02 16:30:34,068|INFO|random_mc2_n6_mid3_d1000_05_mr098_r10_86_uai_GDCC_1e-09_n200_roTrue_s0: Loading data from ../models/synthetic/s123/random_mc2_n6_mid3_d1000_05_mr098_r10_86.csv
2026-02-02 16:30:34,350|INFO|random_mc2_n9_mid3_d1000_05_mr098_r10_107_uai_GDCC_1e-09_n200_roTrue_s0: Loading data from ../models/synthetic/s123/random_mc2_n9_mid3_d1000_05_mr098_r10_107.csv
2026-02-02 16:30:34,354|INFO|random_mc2_n7_mid3_d1000_05_mr098_r10_6_uai_GDCC_1e-09_n200_roFalse_s0: Loading model from ../models/synthetic/s123/random_mc2_n7_mid3_d1000_05_mr098_r10_6.uai
2026-02-02 16:30:34,370|INFO|random_mc2_n7_mid3_d1000_05_mr098_r10_6_uai_GDCC_1e-09_n200_roFalse_s0: Loading data from ../models/synthetic/s123/random_mc2_n7_mid3_d1000_05_mr098_r10_6.csv
2026-02-02 16:30:34,380|INFO|random_mc2_n7_mid3_d1000_05_mr098_r10_6_uai_GDCC_1e-09_n200_roFalse_s0: PNS(V2,V3) exact: (0.0, 0.0284169509445683)
2026-02-02 16:30:36,040|INFO|random_mc2_n6_mid3_d1000_05_mr098_r10_11_uai_GDCC_1e-09_n200_roTrue_s0: Loading model from ../models/synthetic/s123/random_mc2_n6_mid3_d1000_05_mr098_r10_11.uai
2026-02-02 16:30:36,056|INFO|random_mc2_n6_mid3_d1000_05_mr098_r10_11_uai_GDCC_1e-09_n200_roTrue_s0: Loading data from ../models/synthetic/s123/random_mc2_n6_mid3_d1000_05_mr098_r10_11.csv
2026-02-02 16:30:36,070|INFO|random_mc2_n6_mid3_d1000_05_mr098_r10_11_uai_GDCC_1e-09_n200_roTrue_s0: PNS(V5,V0) exact: (0.226887276, 0.345199661)
2026-02-02 16:30:39,132|INFO|random_mc2_n5_mid3_d1000_05_mr098_r10_83_uai_GDCC_1e-09_n200_roTrue_s0: Loading model from ../models/synthetic/s123/random_mc2_n5_mid3_d1000_05_mr098_r10_83.uai
2026-02-02 16:30:39,141|INFO|random_mc2_n5_mid3_d1000_05_mr098_r10_83_uai_GDCC_1e-09_n200_roTrue_s0: Loading data from ../models/synthetic/s123/random_mc2_n5_mid3_d1000_05_mr098_r10_83.csv
2026-02-02 16:30:39,966|INFO|random_mc2_n6_mid3_d1000_05_mr098_r10_100_uai_GDCC_1e-09_n200_roTrue_s0: Loading model from ../models/synthetic/s123/random_mc2_n6_mid3_d1000_05_mr098_r10_100.uai
2026-02-02 16:30:39,988|INFO|random_mc2_n7_mid3_d1000_05_mr098_r10_97_uai_GDCC_1e-09_n200_roFalse_s0: Loading model from ../models/synthetic/s123/random_mc2_n7_mid3_d1000_05_mr098_r10_97.uai
2026-02-02 16:30:39,994|INFO|random_mc2_n6_mid3_d1000_05_mr098_r10_190_uai_GDCC_1e-09_n200_roFalse_s0: Loading model from ../models/synthetic/s123/random_mc2_n6_mid3_d1000_05_mr098_r10_190.uai
2026-02-02 16:30:39,979|INFO|random_mc2_n6_mid3_d1000_05_mr098_r10_100_uai_GDCC_1e-09_n200_roTrue_s0: Loading data from ../models/synthetic/s123/random_mc2_n6_mid3_d1000_05_mr098_r10_100.csv
2026-02-02 16:30:39,990|INFO|random_mc2_n6_mid3_d1000_05_mr098_r10_100_uai_GDCC_1e-09_n200_roTrue_s0: PNS(V1,V4) exact: (0.171264845032, 0.302367839752)
2026-02-02 16:30:40,026|INFO|random_mc2_n7_mid3_d1000_05_mr098_r10_89_uai_GDCC_1e-09_n200_roFalse_s0: Loading model from ../models/synthetic/s123/random_mc2_n7_mid3_d1000_05_mr098_r10_89.uai
2026-02-02 16:30:40,012|INFO|random_mc2_n7_mid3_d1000_05_mr098_r10_97_uai_GDCC_1e-09_n200_roFalse_s0: Loading data from ../models/synthetic/s123/random_mc2_n7_mid3_d1000_05_mr098_r10_97.csv
2026-02-02 16:30:40,021|INFO|random_mc2_n7_mid3_d1000_05_mr098_r10_97_uai_GDCC_1e-09_n200_roFalse_s0: PNS(V4,V6) exact: (0.0215633261719529, 0.03488625941917)
2026-02-02 16:30:40,003|INFO|random_mc2_n6_mid3_d1000_05_mr098_r10_190_uai_GDCC_1e-09_n200_roFalse_s0: Loading data from ../models/synthetic/s123/random_mc2_n6_mid3_d1000_05_mr098_r10_190.csv
2026-02-02 16:30:40,012|INFO|random_mc2_n6_mid3_d1000_05_mr098_r10_190_uai_GDCC_1e-09_n200_roFalse_s0: PNS(V1,V3) exact: (0.6666155524875482, 0.789958677372704)
2026-02-02 16:30:40,040|INFO|random_mc2_n7_mid3_d1000_05_mr098_r10_89_uai_GDCC_1e-09_n200_roFalse_s0: Loading data from ../models/synthetic/s123/random_mc2_n7_mid3_d1000_05_mr098_r10_89.csv
2026-02-02 16:30:40,050|INFO|random_mc2_n7_mid3_d1000_05_mr098_r10_89_uai_GDCC_1e-09_n200_roFalse_s0: PNS(V3,V5) exact: (0.004984755025224, 0.0216545809382499)
2026-02-02 16:30:40,092|INFO|random_mc2_n5_mid3_d1000_05_mr098_r10_200_uai_GDCC_1e-09_n200_roTrue_s0: Loading model from ../models/synthetic/s123/random_mc2_n5_mid3_d1000_05_mr098_r10_200.uai
2026-02-02 16:30:40,171|INFO|random_mc2_n8_mid3_d1000_05_mr098_r10_173_uai_GDCC_1e-09_n200_roTrue_s0: Loading model from ../models/synthetic/s123/random_mc2_n8_mid3_d1000_05_mr098_r10_173.uai
2026-02-02 16:30:40,187|INFO|random_mc2_n5_mid3_d1000_05_mr098_r10_200_uai_GDCC_1e-09_n200_roTrue_s0: Loading data from ../models/synthetic/s123/random_mc2_n5_mid3_d1000_05_mr098_r10_200.csv
2026-02-02 16:30:40,190|INFO|random_mc2_n8_mid3_d1000_05_mr098_r10_173_uai_GDCC_1e-09_n200_roTrue_s0: Loading data from ../models/synthetic/s123/random_mc2_n8_mid3_d1000_05_mr098_r10_173.csv
2026-02-02 16:30:40,223|INFO|random_mc2_n7_mid3_d1000_05_mr098_r10_197_uai_GDCC_1e-09_n200_roFalse_s0: Loading model from ../models/synthetic/s123/random_mc2_n7_mid3_d1000_05_mr098_r10_197.uai
2026-02-02 16:30:40,238|INFO|random_mc2_n7_mid3_d1000_05_mr098_r10_197_uai_GDCC_1e-09_n200_roFalse_s0: Loading data from ../models/synthetic/s123/random_mc2_n7_mid3_d1000_05_mr098_r10_197.csv
2026-02-02 16:30:40,251|INFO|random_mc2_n7_mid3_d1000_05_mr098_r10_197_uai_GDCC_1e-09_n200_roFalse_s0: PNS(V4,V6) exact: (0.0077679086795427, 0.0129274736640678)
2026-02-02 16:30:40,281|INFO|random_mc2_n5_mid3_d1000_05_mr098_r10_84_uai_GDCC_1e-09_n200_roFalse_s0: Loading model from ../models/synthetic/s123/random_mc2_n5_mid3_d1000_05_mr098_r10_84.uai
2026-02-02 16:30:40,283|INFO|random_mc2_n7_mid3_d1000_05_mr098_r10_69_uai_GDCC_1e-09_n200_roTrue_s0: Loading model from ../models/synthetic/s123/random_mc2_n7_mid3_d1000_05_mr098_r10_69.uai
2026-02-02 16:30:40,291|INFO|random_mc2_n5_mid3_d1000_05_mr098_r10_112_uai_GDCC_1e-09_n200_roTrue_s0: Loading model from ../models/synthetic/s123/random_mc2_n5_mid3_d1000_05_mr098_r10_112.uai
2026-02-02 16:30:40,290|INFO|random_mc2_n5_mid3_d1000_05_mr098_r10_84_uai_GDCC_1e-09_n200_roFalse_s0: Loading data from ../models/synthetic/s123/random_mc2_n5_mid3_d1000_05_mr098_r10_84.csv
2026-02-02 16:30:40,290|INFO|random_mc2_n7_mid3_d1000_05_mr098_r10_69_uai_GDCC_1e-09_n200_roTrue_s0: Loading data from ../models/synthetic/s123/random_mc2_n7_mid3_d1000_05_mr098_r10_69.csv
2026-02-02 16:30:40,297|INFO|random_mc2_n5_mid3_d1000_05_mr098_r10_112_uai_GDCC_1e-09_n200_roTrue_s0: Loading data from ../models/synthetic/s123/random_mc2_n5_mid3_d1000_05_mr098_r10_112.csv
2026-02-02 16:30:40,374|INFO|random_mc2_n5_mid3_d1000_05_mr098_r10_63_uai_GDCC_1e-09_n200_roFalse_s0: Loading model from ../models/synthetic/s123/random_mc2_n5_mid3_d1000_05_mr098_r10_63.uai
2026-02-02 16:30:40,379|INFO|random_mc2_n5_mid3_d1000_05_mr098_r10_186_uai_GDCC_1e-09_n200_roFalse_s0: Loading model from ../models/synthetic/s123/random_mc2_n5_mid3_d1000_05_mr098_r10_186.uai
2026-02-02 16:30:40,383|INFO|random_mc2_n8_mid3_d1000_05_mr098_r10_189_uai_GDCC_1e-09_n200_roTrue_s0: Loading model from ../models/synthetic/s123/random_mc2_n8_mid3_d1000_05_mr098_r10_189.uai
2026-02-02 16:30:40,384|INFO|random_mc2_n8_mid3_d1000_05_mr098_r10_131_uai_GDCC_1e-09_n200_roTrue_s0: Loading model from ../models/synthetic/s123/random_mc2_n8_mid3_d1000_05_mr098_r10_131.uai
2026-02-02 16:30:40,384|INFO|random_mc2_n5_mid3_d1000_05_mr098_r10_15_uai_GDCC_1e-09_n200_roTrue_s0: Loading model from ../models/synthetic/s123/random_mc2_n5_mid3_d1000_05_mr098_r10_15.uai
2026-02-02 16:30:40,386|INFO|random_mc2_n5_mid3_d1000_05_mr098_r10_138_uai_GDCC_1e-09_n200_roFalse_s0: Loading model from ../models/synthetic/s123/random_mc2_n5_mid3_d1000_05_mr098_r10_138.uai
2026-02-02 16:30:40,379|INFO|random_mc2_n5_mid3_d1000_05_mr098_r10_63_uai_GDCC_1e-09_n200_roFalse_s0: Loading data from ../models/synthetic/s123/random_mc2_n5_mid3_d1000_05_mr098_r10_63.csv
2026-02-02 16:30:40,389|INFO|random_mc2_n5_mid3_d1000_05_mr098_r10_63_uai_GDCC_1e-09_n200_roFalse_s0: PNS(V4,V1) exact: (0.0, 0.1702281)
2026-02-02 16:30:40,390|INFO|random_mc2_n5_mid3_d1000_05_mr098_r10_186_uai_GDCC_1e-09_n200_roFalse_s0: Loading data from ../models/synthetic/s123/random_mc2_n5_mid3_d1000_05_mr098_r10_186.csv
2026-02-02 16:30:40,399|INFO|random_mc2_n5_mid3_d1000_05_mr098_r10_186_uai_GDCC_1e-09_n200_roFalse_s0: PNS(V3,V1) exact: (0.68198788120285, 0.68198788120285)
2026-02-02 16:30:40,394|INFO|random_mc2_n8_mid3_d1000_05_mr098_r10_189_uai_GDCC_1e-09_n200_roTrue_s0: Loading data from ../models/synthetic/s123/random_mc2_n8_mid3_d1000_05_mr098_r10_189.csv
2026-02-02 16:30:40,404|INFO|random_mc2_n8_mid3_d1000_05_mr098_r10_189_uai_GDCC_1e-09_n200_roTrue_s0: PNS(V4,V7) exact: (0.0, 0.0)
2026-02-02 16:30:40,396|INFO|random_mc2_n5_mid3_d1000_05_mr098_r10_15_uai_GDCC_1e-09_n200_roTrue_s0: Loading data from ../models/synthetic/s123/random_mc2_n5_mid3_d1000_05_mr098_r10_15.csv
2026-02-02 16:30:40,403|INFO|random_mc2_n8_mid3_d1000_05_mr098_r10_131_uai_GDCC_1e-09_n200_roTrue_s0: Loading data from ../models/synthetic/s123/random_mc2_n8_mid3_d1000_05_mr098_r10_131.csv
2026-02-02 16:30:40,407|INFO|random_mc2_n5_mid3_d1000_05_mr098_r10_15_uai_GDCC_1e-09_n200_roTrue_s0: PNS(V1,V2) exact: (0.190870353918592, 0.3460951275809139)
2026-02-02 16:30:40,415|INFO|random_mc2_n8_mid3_d1000_05_mr098_r10_131_uai_GDCC_1e-09_n200_roTrue_s0: PNS(V2,V4) exact: (0.0110083727479793, 0.2116947943241336)
2026-02-02 16:30:40,391|INFO|random_mc2_n5_mid3_d1000_05_mr098_r10_138_uai_GDCC_1e-09_n200_roFalse_s0: Loading data from ../models/synthetic/s123/random_mc2_n5_mid3_d1000_05_mr098_r10_138.csv
2026-02-02 16:30:40,399|INFO|random_mc2_n5_mid3_d1000_05_mr098_r10_138_uai_GDCC_1e-09_n200_roFalse_s0: PNS(V4,V0) exact: (0.01751032725, 0.049784487675)
2026-02-02 16:30:45,093|INFO|random_mc2_n6_mid3_d1000_05_mr098_r10_154_uai_GDCC_1e-09_n200_roFalse_s0: Loading model from ../models/synthetic/s123/random_mc2_n6_mid3_d1000_05_mr098_r10_154.uai
2026-02-02 16:30:45,107|INFO|random_mc2_n6_mid3_d1000_05_mr098_r10_154_uai_GDCC_1e-09_n200_roFalse_s0: Loading data from ../models/synthetic/s123/random_mc2_n6_mid3_d1000_05_mr098_r10_154.csv
2026-02-02 16:30:47,088|INFO|random_mc2_n5_mid3_d1000_05_mr098_r10_8_uai_GDCC_1e-09_n200_roTrue_s0: Loading model from ../models/synthetic/s123/random_mc2_n5_mid3_d1000_05_mr098_r10_8.uai
2026-02-02 16:30:47,094|INFO|random_mc2_n5_mid3_d1000_05_mr098_r10_8_uai_GDCC_1e-09_n200_roTrue_s0: Loading data from ../models/synthetic/s123/random_mc2_n5_mid3_d1000_05_mr098_r10_8.csv
2026-02-02 16:30:47,106|INFO|random_mc2_n5_mid3_d1000_05_mr098_r10_8_uai_GDCC_1e-09_n200_roTrue_s0: PNS(V2,V4) exact: (0.1708037925, 0.4919019990000001)
2026-02-02 16:30:47,135|INFO|random_mc2_n6_mid3_d1000_05_mr098_r10_15_uai_GDCC_1e-09_n200_roFalse_s0: Loading model from ../models/synthetic/s123/random_mc2_n6_mid3_d1000_05_mr098_r10_15.uai
2026-02-02 16:30:47,141|INFO|random_mc2_n6_mid3_d1000_05_mr098_r10_15_uai_GDCC_1e-09_n200_roFalse_s0: Loading data from ../models/synthetic/s123/random_mc2_n6_mid3_d1000_05_mr098_r10_15.csv
2026-02-02 16:30:47,150|INFO|random_mc2_n6_mid3_d1000_05_mr098_r10_15_uai_GDCC_1e-09_n200_roFalse_s0: PNS(V2,V5) exact: (5.70302784e-05, 0.0612875741534)
2026-02-02 16:30:47,286|INFO|random_mc2_n7_mid3_d1000_05_mr098_r10_59_uai_GDCC_1e-09_n200_roFalse_s0: Loading model from ../models/synthetic/s123/random_mc2_n7_mid3_d1000_05_mr098_r10_59.uai
2026-02-02 16:30:47,322|INFO|random_mc2_n5_mid3_d1000_05_mr098_r10_180_uai_GDCC_1e-09_n200_roFalse_s0: Loading model from ../models/synthetic/s123/random_mc2_n5_mid3_d1000_05_mr098_r10_180.uai
2026-02-02 16:30:47,327|INFO|random_mc2_n5_mid3_d1000_05_mr098_r10_180_uai_GDCC_1e-09_n200_roFalse_s0: Loading data from ../models/synthetic/s123/random_mc2_n5_mid3_d1000_05_mr098_r10_180.csv
2026-02-02 16:30:47,387|INFO|random_mc2_n7_mid3_d1000_05_mr098_r10_59_uai_GDCC_1e-09_n200_roFalse_s0: Loading data from ../models/synthetic/s123/random_mc2_n7_mid3_d1000_05_mr098_r10_59.csv
2026-02-02 16:30:47,690|INFO|random_mc2_n9_mid3_d1000_05_mr098_r10_166_uai_GDCC_1e-09_n200_roTrue_s0: Loading model from ../models/synthetic/s123/random_mc2_n9_mid3_d1000_05_mr098_r10_166.uai
2026-02-02 16:30:47,709|INFO|random_mc2_n9_mid3_d1000_05_mr098_r10_29_uai_GDCC_1e-09_n200_roTrue_s0: Loading model from ../models/synthetic/s123/random_mc2_n9_mid3_d1000_05_mr098_r10_29.uai
2026-02-02 16:30:47,722|INFO|random_mc2_n8_mid3_d1000_05_mr098_r10_29_uai_GDCC_1e-09_n200_roFalse_s0: Loading model from ../models/synthetic/s123/random_mc2_n8_mid3_d1000_05_mr098_r10_29.uai
2026-02-02 16:30:47,713|INFO|random_mc2_n9_mid3_d1000_05_mr098_r10_166_uai_GDCC_1e-09_n200_roTrue_s0: Loading data from ../models/synthetic/s123/random_mc2_n9_mid3_d1000_05_mr098_r10_166.csv
2026-02-02 16:30:47,735|INFO|random_mc2_n9_mid3_d1000_05_mr098_r10_42_uai_GDCC_1e-09_n200_roFalse_s0: Loading model from ../models/synthetic/s123/random_mc2_n9_mid3_d1000_05_mr098_r10_42.uai
2026-02-02 16:30:47,726|INFO|random_mc2_n9_mid3_d1000_05_mr098_r10_29_uai_GDCC_1e-09_n200_roTrue_s0: Loading data from ../models/synthetic/s123/random_mc2_n9_mid3_d1000_05_mr098_r10_29.csv
2026-02-02 16:30:47,736|INFO|random_mc2_n8_mid3_d1000_05_mr098_r10_29_uai_GDCC_1e-09_n200_roFalse_s0: Loading data from ../models/synthetic/s123/random_mc2_n8_mid3_d1000_05_mr098_r10_29.csv
2026-02-02 16:30:47,769|INFO|random_mc2_n5_mid3_d1000_05_mr098_r10_20_uai_GDCC_1e-09_n200_roFalse_s0: Loading model from ../models/synthetic/s123/random_mc2_n5_mid3_d1000_05_mr098_r10_20.uai
2026-02-02 16:30:47,746|INFO|random_mc2_n9_mid3_d1000_05_mr098_r10_42_uai_GDCC_1e-09_n200_roFalse_s0: Loading data from ../models/synthetic/s123/random_mc2_n9_mid3_d1000_05_mr098_r10_42.csv
2026-02-02 16:30:47,756|INFO|random_mc2_n9_mid3_d1000_05_mr098_r10_42_uai_GDCC_1e-09_n200_roFalse_s0: PNS(V4,V1) exact: (0.0055529329999999, 0.0881529485)
2026-02-02 16:30:47,778|INFO|random_mc2_n5_mid3_d1000_05_mr098_r10_20_uai_GDCC_1e-09_n200_roFalse_s0: Loading data from ../models/synthetic/s123/random_mc2_n5_mid3_d1000_05_mr098_r10_20.csv
2026-02-02 16:30:47,809|INFO|random_mc2_n9_mid3_d1000_05_mr098_r10_177_uai_GDCC_1e-09_n200_roTrue_s0: Loading model from ../models/synthetic/s123/random_mc2_n9_mid3_d1000_05_mr098_r10_177.uai
2026-02-02 16:30:47,827|INFO|random_mc2_n9_mid3_d1000_05_mr098_r10_177_uai_GDCC_1e-09_n200_roTrue_s0: Loading data from ../models/synthetic/s123/random_mc2_n9_mid3_d1000_05_mr098_r10_177.csv
2026-02-02 16:30:47,867|INFO|random_mc2_n6_mid3_d1000_05_mr098_r10_136_uai_GDCC_1e-09_n200_roFalse_s0: Loading model from ../models/synthetic/s123/random_mc2_n6_mid3_d1000_05_mr098_r10_136.uai
2026-02-02 16:30:47,876|INFO|random_mc2_n6_mid3_d1000_05_mr098_r10_136_uai_GDCC_1e-09_n200_roFalse_s0: Loading data from ../models/synthetic/s123/random_mc2_n6_mid3_d1000_05_mr098_r10_136.csv
2026-02-02 16:30:48,021|INFO|random_mc2_n6_mid3_d1000_05_mr098_r10_147_uai_GDCC_1e-09_n200_roFalse_s0: Loading model from ../models/synthetic/s123/random_mc2_n6_mid3_d1000_05_mr098_r10_147.uai
2026-02-02 16:30:48,029|INFO|random_mc2_n6_mid3_d1000_05_mr098_r10_147_uai_GDCC_1e-09_n200_roFalse_s0: Loading data from ../models/synthetic/s123/random_mc2_n6_mid3_d1000_05_mr098_r10_147.csv
2026-02-02 16:30:50,783|INFO|random_mc2_n5_mid3_d1000_05_mr098_r10_182_uai_GDCC_1e-09_n200_roFalse_s0: Loading model from ../models/synthetic/s123/random_mc2_n5_mid3_d1000_05_mr098_r10_182.uai
2026-02-02 16:30:50,789|INFO|random_mc2_n5_mid3_d1000_05_mr098_r10_182_uai_GDCC_1e-09_n200_roFalse_s0: Loading data from ../models/synthetic/s123/random_mc2_n5_mid3_d1000_05_mr098_r10_182.csv
2026-02-02 16:30:51,483|INFO|random_mc2_n5_mid3_d1000_05_mr098_r10_60_uai_GDCC_1e-09_n200_roTrue_s0: Loading model from ../models/synthetic/s123/random_mc2_n5_mid3_d1000_05_mr098_r10_60.uai
2026-02-02 16:30:51,517|INFO|random_mc2_n5_mid3_d1000_05_mr098_r10_60_uai_GDCC_1e-09_n200_roTrue_s0: Loading data from ../models/synthetic/s123/random_mc2_n5_mid3_d1000_05_mr098_r10_60.csv
2026-02-02 16:30:53,306|INFO|random_mc2_n6_mid3_d1000_05_mr098_r10_13_uai_GDCC_1e-09_n200_roFalse_s0: Loading model from ../models/synthetic/s123/random_mc2_n6_mid3_d1000_05_mr098_r10_13.uai
2026-02-02 16:30:53,310|INFO|random_mc2_n6_mid3_d1000_05_mr098_r10_113_uai_GDCC_1e-09_n200_roTrue_s0: Loading model from ../models/synthetic/s123/random_mc2_n6_mid3_d1000_05_mr098_r10_113.uai
2026-02-02 16:30:53,312|INFO|random_mc2_n6_mid3_d1000_05_mr098_r10_44_uai_GDCC_1e-09_n200_roFalse_s0: Loading model from ../models/synthetic/s123/random_mc2_n6_mid3_d1000_05_mr098_r10_44.uai
2026-02-02 16:30:53,317|INFO|random_mc2_n6_mid3_d1000_05_mr098_r10_169_uai_GDCC_1e-09_n200_roFalse_s0: Loading model from ../models/synthetic/s123/random_mc2_n6_mid3_d1000_05_mr098_r10_169.uai
2026-02-02 16:30:53,314|INFO|random_mc2_n6_mid3_d1000_05_mr098_r10_13_uai_GDCC_1e-09_n200_roFalse_s0: Loading data from ../models/synthetic/s123/random_mc2_n6_mid3_d1000_05_mr098_r10_13.csv
2026-02-02 16:30:53,320|INFO|random_mc2_n6_mid3_d1000_05_mr098_r10_113_uai_GDCC_1e-09_n200_roTrue_s0: Loading data from ../models/synthetic/s123/random_mc2_n6_mid3_d1000_05_mr098_r10_113.csv
2026-02-02 16:30:53,319|INFO|random_mc2_n6_mid3_d1000_05_mr098_r10_44_uai_GDCC_1e-09_n200_roFalse_s0: Loading data from ../models/synthetic/s123/random_mc2_n6_mid3_d1000_05_mr098_r10_44.csv
2026-02-02 16:30:53,329|INFO|random_mc2_n6_mid3_d1000_05_mr098_r10_44_uai_GDCC_1e-09_n200_roFalse_s0: PNS(V3,V5) exact: (0.0558153164, 0.3842657125)
2026-02-02 16:30:53,324|INFO|random_mc2_n6_mid3_d1000_05_mr098_r10_169_uai_GDCC_1e-09_n200_roFalse_s0: Loading data from ../models/synthetic/s123/random_mc2_n6_mid3_d1000_05_mr098_r10_169.csv
2026-02-02 16:30:53,333|INFO|random_mc2_n6_mid3_d1000_05_mr098_r10_169_uai_GDCC_1e-09_n200_roFalse_s0: PNS(V2,V3) exact: (0.0, 0.039991749496806)
2026-02-02 16:30:53,661|INFO|random_mc2_n8_mid3_d1000_05_mr098_r10_121_uai_GDCC_1e-09_n200_roTrue_s0: Loading model from ../models/synthetic/s123/random_mc2_n8_mid3_d1000_05_mr098_r10_121.uai
2026-02-02 16:30:53,677|INFO|random_mc2_n5_mid3_d1000_05_mr098_r10_61_uai_GDCC_1e-09_n200_roTrue_s0: Loading model from ../models/synthetic/s123/random_mc2_n5_mid3_d1000_05_mr098_r10_61.uai
2026-02-02 16:30:53,675|INFO|random_mc2_n8_mid3_d1000_05_mr098_r10_121_uai_GDCC_1e-09_n200_roTrue_s0: Loading data from ../models/synthetic/s123/random_mc2_n8_mid3_d1000_05_mr098_r10_121.csv
2026-02-02 16:30:53,683|INFO|random_mc2_n5_mid3_d1000_05_mr098_r10_61_uai_GDCC_1e-09_n200_roTrue_s0: Loading data from ../models/synthetic/s123/random_mc2_n5_mid3_d1000_05_mr098_r10_61.csv
2026-02-02 16:30:53,928|INFO|random_mc2_n5_mid3_d1000_05_mr098_r10_85_uai_GDCC_1e-09_n200_roTrue_s0: Loading model from ../models/synthetic/s123/random_mc2_n5_mid3_d1000_05_mr098_r10_85.uai
2026-02-02 16:30:53,937|INFO|random_mc2_n5_mid3_d1000_05_mr098_r10_172_uai_GDCC_1e-09_n200_roFalse_s0: Loading model from ../models/synthetic/s123/random_mc2_n5_mid3_d1000_05_mr098_r10_172.uai
2026-02-02 16:30:53,967|INFO|random_mc2_n8_mid3_d1000_05_mr098_r10_160_uai_GDCC_1e-09_n200_roFalse_s0: Loading model from ../models/synthetic/s123/random_mc2_n8_mid3_d1000_05_mr098_r10_160.uai
2026-02-02 16:30:53,942|INFO|random_mc2_n5_mid3_d1000_05_mr098_r10_85_uai_GDCC_1e-09_n200_roTrue_s0: Loading data from ../models/synthetic/s123/random_mc2_n5_mid3_d1000_05_mr098_r10_85.csv
2026-02-02 16:30:53,968|INFO|random_mc2_n6_mid3_d1000_05_mr098_r10_126_uai_GDCC_1e-09_n200_roFalse_s0: Loading model from ../models/synthetic/s123/random_mc2_n6_mid3_d1000_05_mr098_r10_126.uai
2026-02-02 16:30:53,970|INFO|random_mc2_n12_mid3_d1000_05_mr098_r10_154_uai_GDCC_1e-09_n200_roFalse_s0: Loading model from ../models/synthetic/s123/random_mc2_n12_mid3_d1000_05_mr098_r10_154.uai
2026-02-02 16:30:53,945|INFO|random_mc2_n5_mid3_d1000_05_mr098_r10_172_uai_GDCC_1e-09_n200_roFalse_s0: Loading data from ../models/synthetic/s123/random_mc2_n5_mid3_d1000_05_mr098_r10_172.csv
2026-02-02 16:30:53,954|INFO|random_mc2_n5_mid3_d1000_05_mr098_r10_172_uai_GDCC_1e-09_n200_roFalse_s0: PNS(V2,V4) exact: (0.3028800000000001, 0.4415600000000001)
2026-02-02 16:30:53,990|INFO|random_mc2_n8_mid3_d1000_05_mr098_r10_160_uai_GDCC_1e-09_n200_roFalse_s0: Loading data from ../models/synthetic/s123/random_mc2_n8_mid3_d1000_05_mr098_r10_160.csv
2026-02-02 16:30:53,988|INFO|random_mc2_n6_mid3_d1000_05_mr098_r10_126_uai_GDCC_1e-09_n200_roFalse_s0: Loading data from ../models/synthetic/s123/random_mc2_n6_mid3_d1000_05_mr098_r10_126.csv
2026-02-02 16:30:54,003|INFO|random_mc2_n12_mid3_d1000_05_mr098_r10_154_uai_GDCC_1e-09_n200_roFalse_s0: Loading data from ../models/synthetic/s123/random_mc2_n12_mid3_d1000_05_mr098_r10_154.csv
2026-02-02 16:30:54,013|INFO|random_mc2_n12_mid3_d1000_05_mr098_r10_154_uai_GDCC_1e-09_n200_roFalse_s0: PNS(V5,V6) exact: (0.0078950452954415, 0.2507379400197757)
2026-02-02 16:30:54,013|INFO|random_mc2_n9_mid3_d1000_05_mr098_r10_11_uai_GDCC_1e-09_n200_roTrue_s0: Loading model from ../models/synthetic/s123/random_mc2_n9_mid3_d1000_05_mr098_r10_11.uai
2026-02-02 16:30:54,020|INFO|random_mc2_n6_mid3_d1000_05_mr098_r10_119_uai_GDCC_1e-09_n200_roFalse_s0: Loading model from ../models/synthetic/s123/random_mc2_n6_mid3_d1000_05_mr098_r10_119.uai
2026-02-02 16:30:54,030|INFO|random_mc2_n7_mid3_d1000_05_mr098_r10_184_uai_GDCC_1e-09_n200_roTrue_s0: Loading model from ../models/synthetic/s123/random_mc2_n7_mid3_d1000_05_mr098_r10_184.uai
2026-02-02 16:30:54,032|INFO|random_mc2_n5_mid3_d1000_05_mr098_r10_114_uai_GDCC_1e-09_n200_roTrue_s0: Loading model from ../models/synthetic/s123/random_mc2_n5_mid3_d1000_05_mr098_r10_114.uai
2026-02-02 16:30:54,040|INFO|random_mc2_n9_mid3_d1000_05_mr098_r10_11_uai_GDCC_1e-09_n200_roTrue_s0: Loading data from ../models/synthetic/s123/random_mc2_n9_mid3_d1000_05_mr098_r10_11.csv
2026-02-02 16:30:54,029|INFO|random_mc2_n6_mid3_d1000_05_mr098_r10_119_uai_GDCC_1e-09_n200_roFalse_s0: Loading data from ../models/synthetic/s123/random_mc2_n6_mid3_d1000_05_mr098_r10_119.csv
2026-02-02 16:30:54,043|INFO|random_mc2_n7_mid3_d1000_05_mr098_r10_184_uai_GDCC_1e-09_n200_roTrue_s0: Loading data from ../models/synthetic/s123/random_mc2_n7_mid3_d1000_05_mr098_r10_184.csv
2026-02-02 16:30:54,055|INFO|random_mc2_n7_mid3_d1000_05_mr098_r10_184_uai_GDCC_1e-09_n200_roTrue_s0: PNS(V0,V3) exact: (0.0039488823224993, 0.0144327631225721)
2026-02-02 16:30:54,056|INFO|random_mc2_n5_mid3_d1000_05_mr098_r10_114_uai_GDCC_1e-09_n200_roTrue_s0: Loading data from ../models/synthetic/s123/random_mc2_n5_mid3_d1000_05_mr098_r10_114.csv
2026-02-02 16:30:55,430|INFO|random_mc2_n5_mid3_d1000_05_mr098_r10_154_uai_GDCC_1e-09_n200_roFalse_s0: Loading model from ../models/synthetic/s123/random_mc2_n5_mid3_d1000_05_mr098_r10_154.uai
2026-02-02 16:30:55,444|INFO|random_mc2_n5_mid3_d1000_05_mr098_r10_154_uai_GDCC_1e-09_n200_roFalse_s0: Loading data from ../models/synthetic/s123/random_mc2_n5_mid3_d1000_05_mr098_r10_154.csv
2026-02-02 16:30:59,601|INFO|random_mc2_n9_mid3_d1000_05_mr098_r10_177_uai_GDCC_1e-09_n200_roFalse_s0: Loading model from ../models/synthetic/s123/random_mc2_n9_mid3_d1000_05_mr098_r10_177.uai
2026-02-02 16:30:59,606|INFO|random_mc2_n8_mid3_d1000_05_mr098_r10_125_uai_GDCC_1e-09_n200_roFalse_s0: Loading model from ../models/synthetic/s123/random_mc2_n8_mid3_d1000_05_mr098_r10_125.uai
2026-02-02 16:30:59,623|INFO|random_mc2_n9_mid3_d1000_05_mr098_r10_177_uai_GDCC_1e-09_n200_roFalse_s0: Loading data from ../models/synthetic/s123/random_mc2_n9_mid3_d1000_05_mr098_r10_177.csv
2026-02-02 16:30:59,722|INFO|random_mc2_n5_mid3_d1000_05_mr098_r10_167_uai_GDCC_1e-09_n200_roFalse_s0: Loading model from ../models/synthetic/s123/random_mc2_n5_mid3_d1000_05_mr098_r10_167.uai
2026-02-02 16:30:59,725|INFO|random_mc2_n5_mid3_d1000_05_mr098_r10_122_uai_GDCC_1e-09_n200_roFalse_s0: Loading model from ../models/synthetic/s123/random_mc2_n5_mid3_d1000_05_mr098_r10_122.uai
2026-02-02 16:30:59,732|INFO|random_mc2_n5_mid3_d1000_05_mr098_r10_167_uai_GDCC_1e-09_n200_roFalse_s0: Loading data from ../models/synthetic/s123/random_mc2_n5_mid3_d1000_05_mr098_r10_167.csv
2026-02-02 16:30:59,743|INFO|random_mc2_n5_mid3_d1000_05_mr098_r10_167_uai_GDCC_1e-09_n200_roFalse_s0: PNS(V4,V0) exact: (0.2132341014888, 0.2977026872446)
2026-02-02 16:30:59,731|INFO|random_mc2_n5_mid3_d1000_05_mr098_r10_122_uai_GDCC_1e-09_n200_roFalse_s0: Loading data from ../models/synthetic/s123/random_mc2_n5_mid3_d1000_05_mr098_r10_122.csv
2026-02-02 16:30:59,741|INFO|random_mc2_n5_mid3_d1000_05_mr098_r10_122_uai_GDCC_1e-09_n200_roFalse_s0: PNS(V0,V3) exact: (0.0, 0.30162)
2026-02-02 16:30:59,821|INFO|random_mc2_n8_mid3_d1000_05_mr098_r10_125_uai_GDCC_1e-09_n200_roFalse_s0: Loading data from ../models/synthetic/s123/random_mc2_n8_mid3_d1000_05_mr098_r10_125.csv
2026-02-02 16:31:00,024|INFO|random_mc2_n5_mid3_d1000_05_mr098_r10_130_uai_GDCC_1e-09_n200_roTrue_s0: Loading model from ../models/synthetic/s123/random_mc2_n5_mid3_d1000_05_mr098_r10_130.uai
2026-02-02 16:31:00,030|INFO|random_mc2_n5_mid3_d1000_05_mr098_r10_130_uai_GDCC_1e-09_n200_roTrue_s0: Loading data from ../models/synthetic/s123/random_mc2_n5_mid3_d1000_05_mr098_r10_130.csv
2026-02-02 16:31:00,043|INFO|random_mc2_n5_mid3_d1000_05_mr098_r10_130_uai_GDCC_1e-09_n200_roTrue_s0: PNS(V2,V1) exact: (0.0, 0.24110001)
2026-02-02 16:31:00,374|INFO|random_mc2_n6_mid3_d1000_05_mr098_r10_197_uai_GDCC_1e-09_n200_roTrue_s0: Loading model from ../models/synthetic/s123/random_mc2_n6_mid3_d1000_05_mr098_r10_197.uai
2026-02-02 16:31:00,385|INFO|random_mc2_n6_mid3_d1000_05_mr098_r10_197_uai_GDCC_1e-09_n200_roTrue_s0: Loading data from ../models/synthetic/s123/random_mc2_n6_mid3_d1000_05_mr098_r10_197.csv
2026-02-02 16:31:00,479|INFO|random_mc2_n5_mid3_d1000_05_mr098_r10_23_uai_GDCC_1e-09_n200_roFalse_s0: Loading model from ../models/synthetic/s123/random_mc2_n5_mid3_d1000_05_mr098_r10_23.uai
2026-02-02 16:31:00,488|INFO|random_mc2_n6_mid3_d1000_05_mr098_r10_193_uai_GDCC_1e-09_n200_roFalse_s0: Loading model from ../models/synthetic/s123/random_mc2_n6_mid3_d1000_05_mr098_r10_193.uai
2026-02-02 16:31:00,484|INFO|random_mc2_n5_mid3_d1000_05_mr098_r10_23_uai_GDCC_1e-09_n200_roFalse_s0: Loading data from ../models/synthetic/s123/random_mc2_n5_mid3_d1000_05_mr098_r10_23.csv
2026-02-02 16:31:00,493|INFO|random_mc2_n5_mid3_d1000_05_mr098_r10_23_uai_GDCC_1e-09_n200_roFalse_s0: PNS(V4,V1) exact: (0.0, 0.07268)
2026-02-02 16:31:00,498|INFO|random_mc2_n6_mid3_d1000_05_mr098_r10_193_uai_GDCC_1e-09_n200_roFalse_s0: Loading data from ../models/synthetic/s123/random_mc2_n6_mid3_d1000_05_mr098_r10_193.csv
2026-02-02 16:31:00,508|INFO|random_mc2_n6_mid3_d1000_05_mr098_r10_193_uai_GDCC_1e-09_n200_roFalse_s0: PNS(V0,V4) exact: (0.0, 0.238593816)
2026-02-02 16:31:00,566|INFO|random_mc2_n6_mid3_d1000_05_mr098_r10_135_uai_GDCC_1e-09_n200_roFalse_s0: Loading model from ../models/synthetic/s123/random_mc2_n6_mid3_d1000_05_mr098_r10_135.uai
2026-02-02 16:31:00,575|INFO|random_mc2_n6_mid3_d1000_05_mr098_r10_135_uai_GDCC_1e-09_n200_roFalse_s0: Loading data from ../models/synthetic/s123/random_mc2_n6_mid3_d1000_05_mr098_r10_135.csv
2026-02-02 16:31:00,624|INFO|random_mc2_n5_mid3_d1000_05_mr098_r10_77_uai_GDCC_1e-09_n200_roTrue_s0: Loading model from ../models/synthetic/s123/random_mc2_n5_mid3_d1000_05_mr098_r10_77.uai
2026-02-02 16:31:00,630|INFO|random_mc2_n5_mid3_d1000_05_mr098_r10_77_uai_GDCC_1e-09_n200_roTrue_s0: Loading data from ../models/synthetic/s123/random_mc2_n5_mid3_d1000_05_mr098_r10_77.csv
2026-02-02 16:31:00,640|INFO|random_mc2_n5_mid3_d1000_05_mr098_r10_77_uai_GDCC_1e-09_n200_roTrue_s0: PNS(V0,V4) exact: (0.0008196438446000002, 0.0193377889897999)
2026-02-02 16:31:00,771|INFO|random_mc2_n6_mid3_d1000_05_mr098_r10_141_uai_GDCC_1e-09_n200_roFalse_s0: Loading model from ../models/synthetic/s123/random_mc2_n6_mid3_d1000_05_mr098_r10_141.uai
2026-02-02 16:31:00,784|INFO|random_mc2_n6_mid3_d1000_05_mr098_r10_81_uai_GDCC_1e-09_n200_roTrue_s0: Loading model from ../models/synthetic/s123/random_mc2_n6_mid3_d1000_05_mr098_r10_81.uai
2026-02-02 16:31:00,822|INFO|random_mc2_n6_mid3_d1000_05_mr098_r10_141_uai_GDCC_1e-09_n200_roFalse_s0: Loading data from ../models/synthetic/s123/random_mc2_n6_mid3_d1000_05_mr098_r10_141.csv
2026-02-02 16:31:00,795|INFO|random_mc2_n6_mid3_d1000_05_mr098_r10_81_uai_GDCC_1e-09_n200_roTrue_s0: Loading data from ../models/synthetic/s123/random_mc2_n6_mid3_d1000_05_mr098_r10_81.csv
2026-02-02 16:31:00,804|INFO|random_mc2_n6_mid3_d1000_05_mr098_r10_81_uai_GDCC_1e-09_n200_roTrue_s0: PNS(V0,V1) exact: (0.3372099000000001, 0.3372099000000001)
2026-02-02 16:31:00,833|INFO|random_mc2_n6_mid3_d1000_05_mr098_r10_141_uai_GDCC_1e-09_n200_roFalse_s0: PNS(V1,V4) exact: (0.2486475012, 0.2716618306)
2026-02-02 16:31:01,300|INFO|random_mc2_n6_mid3_d1000_05_mr098_r10_135_uai_GDCC_1e-09_n200_roTrue_s0: Loading model from ../models/synthetic/s123/random_mc2_n6_mid3_d1000_05_mr098_r10_135.uai
2026-02-02 16:31:01,310|INFO|random_mc2_n6_mid3_d1000_05_mr098_r10_135_uai_GDCC_1e-09_n200_roTrue_s0: Loading data from ../models/synthetic/s123/random_mc2_n6_mid3_d1000_05_mr098_r10_135.csv
2026-02-02 16:31:04,620|INFO|random_mc2_n9_mid3_d1000_05_mr098_r10_32_uai_GDCC_1e-09_n200_roFalse_s0: Loading model from ../models/synthetic/s123/random_mc2_n9_mid3_d1000_05_mr098_r10_32.uai
2026-02-02 16:31:04,640|INFO|random_mc2_n9_mid3_d1000_05_mr098_r10_32_uai_GDCC_1e-09_n200_roFalse_s0: Loading data from ../models/synthetic/s123/random_mc2_n9_mid3_d1000_05_mr098_r10_32.csv
2026-02-02 16:31:04,665|INFO|random_mc2_n9_mid3_d1000_05_mr098_r10_32_uai_GDCC_1e-09_n200_roFalse_s0: PNS(V1,V3) exact: (0.0, 0.0)
2026-02-02 16:31:04,665|ERROR|random_mc2_n9_mid3_d1000_05_mr098_r10_32_uai_GDCC_1e-09_n200_roFalse_s0: Model does not have any cause-effect path.
2026-02-02 16:31:06,253|INFO|random_mc2_n5_mid3_d1000_05_mr098_r10_161_uai_GDCC_1e-09_n200_roFalse_s0: Loading model from ../models/synthetic/s123/random_mc2_n5_mid3_d1000_05_mr098_r10_161.uai
2026-02-02 16:31:06,259|INFO|random_mc2_n5_mid3_d1000_05_mr098_r10_161_uai_GDCC_1e-09_n200_roFalse_s0: Loading data from ../models/synthetic/s123/random_mc2_n5_mid3_d1000_05_mr098_r10_161.csv
2026-02-02 16:31:06,268|INFO|random_mc2_n5_mid3_d1000_05_mr098_r10_161_uai_GDCC_1e-09_n200_roFalse_s0: PNS(V1,V0) exact: (0.0, 0.0)
2026-02-02 16:31:06,268|ERROR|random_mc2_n5_mid3_d1000_05_mr098_r10_161_uai_GDCC_1e-09_n200_roFalse_s0: Model does not have any cause-effect path.
2026-02-02 16:31:07,076|INFO|random_mc2_n6_mid3_d1000_05_mr098_r10_193_uai_GDCC_1e-09_n200_roTrue_s0: Loading model from ../models/synthetic/s123/random_mc2_n6_mid3_d1000_05_mr098_r10_193.uai
2026-02-02 16:31:07,086|INFO|random_mc2_n7_mid3_d1000_05_mr098_r10_145_uai_GDCC_1e-09_n200_roTrue_s0: Loading model from ../models/synthetic/s123/random_mc2_n7_mid3_d1000_05_mr098_r10_145.uai
2026-02-02 16:31:07,087|INFO|random_mc2_n8_mid3_d1000_05_mr098_r10_3_uai_GDCC_1e-09_n200_roFalse_s0: Loading model from ../models/synthetic/s123/random_mc2_n8_mid3_d1000_05_mr098_r10_3.uai
2026-02-02 16:31:07,094|INFO|random_mc2_n9_mid3_d1000_05_mr098_r10_10_uai_GDCC_1e-09_n200_roFalse_s0: Loading model from ../models/synthetic/s123/random_mc2_n9_mid3_d1000_05_mr098_r10_10.uai
2026-02-02 16:31:07,103|INFO|random_mc2_n7_mid3_d1000_05_mr098_r10_60_uai_GDCC_1e-09_n200_roFalse_s0: Loading model from ../models/synthetic/s123/random_mc2_n7_mid3_d1000_05_mr098_r10_60.uai
2026-02-02 16:31:07,105|INFO|random_mc2_n6_mid3_d1000_05_mr098_r10_38_uai_GDCC_1e-09_n200_roTrue_s0: Loading model from ../models/synthetic/s123/random_mc2_n6_mid3_d1000_05_mr098_r10_38.uai
2026-02-02 16:31:07,087|INFO|random_mc2_n6_mid3_d1000_05_mr098_r10_193_uai_GDCC_1e-09_n200_roTrue_s0: Loading data from ../models/synthetic/s123/random_mc2_n6_mid3_d1000_05_mr098_r10_193.csv
2026-02-02 16:31:07,097|INFO|random_mc2_n6_mid3_d1000_05_mr098_r10_193_uai_GDCC_1e-09_n200_roTrue_s0: PNS(V0,V4) exact: (0.0, 0.238593816)
2026-02-02 16:31:07,094|INFO|random_mc2_n7_mid3_d1000_05_mr098_r10_145_uai_GDCC_1e-09_n200_roTrue_s0: Loading data from ../models/synthetic/s123/random_mc2_n7_mid3_d1000_05_mr098_r10_145.csv
2026-02-02 16:31:07,102|INFO|random_mc2_n7_mid3_d1000_05_mr098_r10_145_uai_GDCC_1e-09_n200_roTrue_s0: PNS(V2,V5) exact: (0.024162408524618, 0.062781303718492)
2026-02-02 16:31:07,097|INFO|random_mc2_n8_mid3_d1000_05_mr098_r10_3_uai_GDCC_1e-09_n200_roFalse_s0: Loading data from ../models/synthetic/s123/random_mc2_n8_mid3_d1000_05_mr098_r10_3.csv
2026-02-02 16:31:07,105|INFO|random_mc2_n8_mid3_d1000_05_mr098_r10_3_uai_GDCC_1e-09_n200_roFalse_s0: PNS(V5,V7) exact: (0.0133650763190615, 0.0741909892031331)
2026-02-02 16:31:07,126|INFO|random_mc2_n9_mid3_d1000_05_mr098_r10_10_uai_GDCC_1e-09_n200_roFalse_s0: Loading data from ../models/synthetic/s123/random_mc2_n9_mid3_d1000_05_mr098_r10_10.csv
2026-02-02 16:31:07,115|INFO|random_mc2_n7_mid3_d1000_05_mr098_r10_60_uai_GDCC_1e-09_n200_roFalse_s0: Loading data from ../models/synthetic/s123/random_mc2_n7_mid3_d1000_05_mr098_r10_60.csv
2026-02-02 16:31:07,112|INFO|random_mc2_n6_mid3_d1000_05_mr098_r10_38_uai_GDCC_1e-09_n200_roTrue_s0: Loading data from ../models/synthetic/s123/random_mc2_n6_mid3_d1000_05_mr098_r10_38.csv
2026-02-02 16:31:07,122|INFO|random_mc2_n6_mid3_d1000_05_mr098_r10_38_uai_GDCC_1e-09_n200_roTrue_s0: PNS(V0,V3) exact: (0.0032650838421653, 0.0300094630044194)
2026-02-02 16:31:07,621|INFO|random_mc2_n7_mid3_d1000_05_mr098_r10_39_uai_GDCC_1e-09_n200_roFalse_s0: Loading model from ../models/synthetic/s123/random_mc2_n7_mid3_d1000_05_mr098_r10_39.uai
2026-02-02 16:31:07,640|INFO|random_mc2_n6_mid3_d1000_05_mr098_r10_160_uai_GDCC_1e-09_n200_roFalse_s0: Loading model from ../models/synthetic/s123/random_mc2_n6_mid3_d1000_05_mr098_r10_160.uai
2026-02-02 16:31:07,634|INFO|random_mc2_n7_mid3_d1000_05_mr098_r10_39_uai_GDCC_1e-09_n200_roFalse_s0: Loading data from ../models/synthetic/s123/random_mc2_n7_mid3_d1000_05_mr098_r10_39.csv
2026-02-02 16:31:07,644|INFO|random_mc2_n7_mid3_d1000_05_mr098_r10_39_uai_GDCC_1e-09_n200_roFalse_s0: PNS(V3,V5) exact: (0.0, 0.338230713)
2026-02-02 16:31:07,668|INFO|random_mc2_n6_mid3_d1000_05_mr098_r10_160_uai_GDCC_1e-09_n200_roFalse_s0: Loading data from ../models/synthetic/s123/random_mc2_n6_mid3_d1000_05_mr098_r10_160.csv
2026-02-02 16:31:07,718|INFO|random_mc2_n9_mid3_d1000_05_mr098_r10_27_uai_GDCC_1e-09_n200_roTrue_s0: Loading model from ../models/synthetic/s123/random_mc2_n9_mid3_d1000_05_mr098_r10_27.uai
2026-02-02 16:31:07,722|INFO|random_mc2_n6_mid3_d1000_05_mr098_r10_21_uai_GDCC_1e-09_n200_roTrue_s0: Loading model from ../models/synthetic/s123/random_mc2_n6_mid3_d1000_05_mr098_r10_21.uai
2026-02-02 16:31:07,731|INFO|random_mc2_n5_mid3_d1000_05_mr098_r10_61_uai_GDCC_1e-09_n200_roFalse_s0: Loading model from ../models/synthetic/s123/random_mc2_n5_mid3_d1000_05_mr098_r10_61.uai
2026-02-02 16:31:07,742|INFO|random_mc2_n9_mid3_d1000_05_mr098_r10_27_uai_GDCC_1e-09_n200_roTrue_s0: Loading data from ../models/synthetic/s123/random_mc2_n9_mid3_d1000_05_mr098_r10_27.csv
2026-02-02 16:31:07,733|INFO|random_mc2_n6_mid3_d1000_05_mr098_r10_21_uai_GDCC_1e-09_n200_roTrue_s0: Loading data from ../models/synthetic/s123/random_mc2_n6_mid3_d1000_05_mr098_r10_21.csv
2026-02-02 16:31:07,761|INFO|random_mc2_n8_mid3_d1000_05_mr098_r10_28_uai_GDCC_1e-09_n200_roFalse_s0: Loading model from ../models/synthetic/s123/random_mc2_n8_mid3_d1000_05_mr098_r10_28.uai
2026-02-02 16:31:07,742|INFO|random_mc2_n6_mid3_d1000_05_mr098_r10_21_uai_GDCC_1e-09_n200_roTrue_s0: PNS(V1,V4) exact: (0.0, 0.1268215988678439)
2026-02-02 16:31:07,737|INFO|random_mc2_n5_mid3_d1000_05_mr098_r10_61_uai_GDCC_1e-09_n200_roFalse_s0: Loading data from ../models/synthetic/s123/random_mc2_n5_mid3_d1000_05_mr098_r10_61.csv
2026-02-02 16:31:07,797|INFO|random_mc2_n6_mid3_d1000_05_mr098_r10_125_uai_GDCC_1e-09_n200_roTrue_s0: Loading model from ../models/synthetic/s123/random_mc2_n6_mid3_d1000_05_mr098_r10_125.uai
2026-02-02 16:31:07,810|INFO|random_mc2_n6_mid3_d1000_05_mr098_r10_125_uai_GDCC_1e-09_n200_roTrue_s0: Loading data from ../models/synthetic/s123/random_mc2_n6_mid3_d1000_05_mr098_r10_125.csv
2026-02-02 16:31:07,901|INFO|random_mc2_n6_mid3_d1000_05_mr098_r10_71_uai_GDCC_1e-09_n200_roTrue_s0: Loading model from ../models/synthetic/s123/random_mc2_n6_mid3_d1000_05_mr098_r10_71.uai
2026-02-02 16:31:07,924|INFO|random_mc2_n7_mid3_d1000_05_mr098_r10_177_uai_GDCC_1e-09_n200_roTrue_s0: Loading model from ../models/synthetic/s123/random_mc2_n7_mid3_d1000_05_mr098_r10_177.uai
2026-02-02 16:31:07,913|INFO|random_mc2_n6_mid3_d1000_05_mr098_r10_71_uai_GDCC_1e-09_n200_roTrue_s0: Loading data from ../models/synthetic/s123/random_mc2_n6_mid3_d1000_05_mr098_r10_71.csv
2026-02-02 16:31:07,924|INFO|random_mc2_n6_mid3_d1000_05_mr098_r10_71_uai_GDCC_1e-09_n200_roTrue_s0: PNS(V0,V3) exact: (0.5001600000000002, 0.6072)
2026-02-02 16:31:07,932|INFO|random_mc2_n7_mid3_d1000_05_mr098_r10_177_uai_GDCC_1e-09_n200_roTrue_s0: Loading data from ../models/synthetic/s123/random_mc2_n7_mid3_d1000_05_mr098_r10_177.csv
2026-02-02 16:31:07,944|INFO|random_mc2_n7_mid3_d1000_05_mr098_r10_177_uai_GDCC_1e-09_n200_roTrue_s0: PNS(V1,V5) exact: (0.0, 0.0)
2026-02-02 16:31:07,944|ERROR|random_mc2_n7_mid3_d1000_05_mr098_r10_177_uai_GDCC_1e-09_n200_roTrue_s0: Model does not have any cause-effect path.
2026-02-02 16:31:07,994|INFO|random_mc2_n8_mid3_d1000_05_mr098_r10_28_uai_GDCC_1e-09_n200_roFalse_s0: Loading data from ../models/synthetic/s123/random_mc2_n8_mid3_d1000_05_mr098_r10_28.csv
2026-02-02 16:31:12,174|INFO|random_mc2_n8_mid3_d1000_05_mr098_r10_153_uai_GDCC_1e-09_n200_roFalse_s0: Loading model from ../models/synthetic/s123/random_mc2_n8_mid3_d1000_05_mr098_r10_153.uai
2026-02-02 16:31:12,197|INFO|random_mc2_n8_mid3_d1000_05_mr098_r10_153_uai_GDCC_1e-09_n200_roFalse_s0: Loading data from ../models/synthetic/s123/random_mc2_n8_mid3_d1000_05_mr098_r10_153.csv
2026-02-02 16:31:12,255|INFO|random_mc2_n9_mid3_d1000_05_mr098_r10_12_uai_GDCC_1e-09_n200_roTrue_s0: Loading model from ../models/synthetic/s123/random_mc2_n9_mid3_d1000_05_mr098_r10_12.uai
2026-02-02 16:31:12,268|INFO|random_mc2_n9_mid3_d1000_05_mr098_r10_12_uai_GDCC_1e-09_n200_roTrue_s0: Loading data from ../models/synthetic/s123/random_mc2_n9_mid3_d1000_05_mr098_r10_12.csv
2026-02-02 16:31:12,279|INFO|random_mc2_n9_mid3_d1000_05_mr098_r10_12_uai_GDCC_1e-09_n200_roTrue_s0: PNS(V5,V0) exact: (0.1261695765081492, 0.2521556712400733)
2026-02-02 16:31:12,377|INFO|random_mc2_n6_mid3_d1000_05_mr098_r10_172_uai_GDCC_1e-09_n200_roFalse_s0: Loading model from ../models/synthetic/s123/random_mc2_n6_mid3_d1000_05_mr098_r10_172.uai
2026-02-02 16:31:12,383|INFO|random_mc2_n5_mid3_d1000_05_mr098_r10_4_uai_GDCC_1e-09_n200_roTrue_s0: Loading model from ../models/synthetic/s123/random_mc2_n5_mid3_d1000_05_mr098_r10_4.uai
2026-02-02 16:31:12,390|INFO|random_mc2_n5_mid3_d1000_05_mr098_r10_31_uai_GDCC_1e-09_n200_roTrue_s0: Loading model from ../models/synthetic/s123/random_mc2_n5_mid3_d1000_05_mr098_r10_31.uai
2026-02-02 16:31:12,385|INFO|random_mc2_n6_mid3_d1000_05_mr098_r10_172_uai_GDCC_1e-09_n200_roFalse_s0: Loading data from ../models/synthetic/s123/random_mc2_n6_mid3_d1000_05_mr098_r10_172.csv
2026-02-02 16:31:12,388|INFO|random_mc2_n5_mid3_d1000_05_mr098_r10_4_uai_GDCC_1e-09_n200_roTrue_s0: Loading data from ../models/synthetic/s123/random_mc2_n5_mid3_d1000_05_mr098_r10_4.csv
2026-02-02 16:31:12,396|INFO|random_mc2_n5_mid3_d1000_05_mr098_r10_4_uai_GDCC_1e-09_n200_roTrue_s0: PNS(V1,V3) exact: (0.008115440172339, 0.040113058343352)
2026-02-02 16:31:12,396|INFO|random_mc2_n5_mid3_d1000_05_mr098_r10_31_uai_GDCC_1e-09_n200_roTrue_s0: Loading data from ../models/synthetic/s123/random_mc2_n5_mid3_d1000_05_mr098_r10_31.csv
2026-02-02 16:31:12,404|INFO|random_mc2_n5_mid3_d1000_05_mr098_r10_31_uai_GDCC_1e-09_n200_roTrue_s0: PNS(V1,V2) exact: (0.0035429652, 0.2563315488)
2026-02-02 16:31:12,452|INFO|random_mc2_n5_mid3_d1000_05_mr098_r10_155_uai_GDCC_1e-09_n200_roTrue_s0: Loading model from ../models/synthetic/s123/random_mc2_n5_mid3_d1000_05_mr098_r10_155.uai
2026-02-02 16:31:12,472|INFO|random_mc2_n6_mid3_d1000_05_mr098_r10_85_uai_GDCC_1e-09_n200_roTrue_s0: Loading model from ../models/synthetic/s123/random_mc2_n6_mid3_d1000_05_mr098_r10_85.uai
2026-02-02 16:31:12,457|INFO|random_mc2_n5_mid3_d1000_05_mr098_r10_155_uai_GDCC_1e-09_n200_roTrue_s0: Loading data from ../models/synthetic/s123/random_mc2_n5_mid3_d1000_05_mr098_r10_155.csv
2026-02-02 16:31:12,550|INFO|random_mc2_n5_mid3_d1000_05_mr098_r10_113_uai_GDCC_1e-09_n200_roFalse_s0: Loading model from ../models/synthetic/s123/random_mc2_n5_mid3_d1000_05_mr098_r10_113.uai
2026-02-02 16:31:12,558|INFO|random_mc2_n5_mid3_d1000_05_mr098_r10_104_uai_GDCC_1e-09_n200_roFalse_s0: Loading model from ../models/synthetic/s123/random_mc2_n5_mid3_d1000_05_mr098_r10_104.uai
2026-02-02 16:31:12,567|INFO|random_mc2_n6_mid3_d1000_05_mr098_r10_85_uai_GDCC_1e-09_n200_roTrue_s0: Loading data from ../models/synthetic/s123/random_mc2_n6_mid3_d1000_05_mr098_r10_85.csv
2026-02-02 16:31:12,572|INFO|random_mc2_n6_mid3_d1000_05_mr098_r10_139_uai_GDCC_1e-09_n200_roFalse_s0: Loading model from ../models/synthetic/s123/random_mc2_n6_mid3_d1000_05_mr098_r10_139.uai
2026-02-02 16:31:12,578|INFO|random_mc2_n5_mid3_d1000_05_mr098_r10_39_uai_GDCC_1e-09_n200_roFalse_s0: Loading model from ../models/synthetic/s123/random_mc2_n5_mid3_d1000_05_mr098_r10_39.uai
2026-02-02 16:31:12,580|INFO|random_mc2_n5_mid3_d1000_05_mr098_r10_157_uai_GDCC_1e-09_n200_roTrue_s0: Loading model from ../models/synthetic/s123/random_mc2_n5_mid3_d1000_05_mr098_r10_157.uai
2026-02-02 16:31:12,555|INFO|random_mc2_n5_mid3_d1000_05_mr098_r10_113_uai_GDCC_1e-09_n200_roFalse_s0: Loading data from ../models/synthetic/s123/random_mc2_n5_mid3_d1000_05_mr098_r10_113.csv
2026-02-02 16:31:12,563|INFO|random_mc2_n5_mid3_d1000_05_mr098_r10_113_uai_GDCC_1e-09_n200_roFalse_s0: PNS(V3,V1) exact: (0.3215531011, 0.5646456533000002)
2026-02-02 16:31:12,562|INFO|random_mc2_n5_mid3_d1000_05_mr098_r10_104_uai_GDCC_1e-09_n200_roFalse_s0: Loading data from ../models/synthetic/s123/random_mc2_n5_mid3_d1000_05_mr098_r10_104.csv
2026-02-02 16:31:12,571|INFO|random_mc2_n5_mid3_d1000_05_mr098_r10_104_uai_GDCC_1e-09_n200_roFalse_s0: PNS(V3,V4) exact: (0.12079, 0.5248300000000001)
2026-02-02 16:31:12,579|INFO|random_mc2_n6_mid3_d1000_05_mr098_r10_139_uai_GDCC_1e-09_n200_roFalse_s0: Loading data from ../models/synthetic/s123/random_mc2_n6_mid3_d1000_05_mr098_r10_139.csv
2026-02-02 16:31:12,587|INFO|random_mc2_n6_mid3_d1000_05_mr098_r10_139_uai_GDCC_1e-09_n200_roFalse_s0: PNS(V0,V4) exact: (0.00014340000000000004, 0.0143472)
2026-02-02 16:31:12,586|INFO|random_mc2_n5_mid3_d1000_05_mr098_r10_39_uai_GDCC_1e-09_n200_roFalse_s0: Loading data from ../models/synthetic/s123/random_mc2_n5_mid3_d1000_05_mr098_r10_39.csv
2026-02-02 16:31:12,595|INFO|random_mc2_n5_mid3_d1000_05_mr098_r10_39_uai_GDCC_1e-09_n200_roFalse_s0: PNS(V1,V4) exact: (0.0280539, 0.03752366)
2026-02-02 16:31:12,586|INFO|random_mc2_n5_mid3_d1000_05_mr098_r10_157_uai_GDCC_1e-09_n200_roTrue_s0: Loading data from ../models/synthetic/s123/random_mc2_n5_mid3_d1000_05_mr098_r10_157.csv
2026-02-02 16:31:12,632|INFO|random_mc2_n8_mid3_d1000_05_mr098_r10_134_uai_GDCC_1e-09_n200_roTrue_s0: Loading model from ../models/synthetic/s123/random_mc2_n8_mid3_d1000_05_mr098_r10_134.uai
2026-02-02 16:31:13,069|INFO|random_mc2_n8_mid3_d1000_05_mr098_r10_134_uai_GDCC_1e-09_n200_roTrue_s0: Loading data from ../models/synthetic/s123/random_mc2_n8_mid3_d1000_05_mr098_r10_134.csv
2026-02-02 16:31:14,513|INFO|random_mc2_n7_mid3_d1000_05_mr098_r10_80_uai_GDCC_1e-09_n200_roTrue_s0: Loading model from ../models/synthetic/s123/random_mc2_n7_mid3_d1000_05_mr098_r10_80.uai
2026-02-02 16:31:14,530|INFO|random_mc2_n7_mid3_d1000_05_mr098_r10_80_uai_GDCC_1e-09_n200_roTrue_s0: Loading data from ../models/synthetic/s123/random_mc2_n7_mid3_d1000_05_mr098_r10_80.csv
2026-02-02 16:31:14,540|INFO|random_mc2_n7_mid3_d1000_05_mr098_r10_80_uai_GDCC_1e-09_n200_roTrue_s0: PNS(V0,V6) exact: (0.03946968674409, 0.2126297216363641)
