2026-02-06 13:13:55,619|INFO|random_mc2_n7_mid3_d1000_05_mr098_r10_123_uai_GDCC_1e-09_n200_roFalse_s0: Arguments: Namespace(method='GDCC_1e-09', numruns='200', seed='0', output='../results/synthetic/s123/', rewrite=True, removeoutliers=False, filepath=['../models/synthetic/s123/random_mc2_n7_mid3_d1000_05_mr098_r10_123.uai'])
2026-02-06 13:13:55,619|INFO|random_mc2_n6_mid3_d1000_05_mr098_r10_13_uai_GDCC_1e-09_n200_roTrue_s0: Arguments: Namespace(method='GDCC_1e-09', numruns='200', seed='0', output='../results/synthetic/s123/', rewrite=True, removeoutliers=True, filepath=['../models/synthetic/s123/random_mc2_n6_mid3_d1000_05_mr098_r10_13.uai'])
2026-02-06 13:13:55,619|INFO|random_mc2_n6_mid3_d1000_05_mr098_r10_18_uai_GDCC_1e-09_n200_roFalse_s0: Arguments: Namespace(method='GDCC_1e-09', numruns='200', seed='0', output='../results/synthetic/s123/', rewrite=True, removeoutliers=False, filepath=['../models/synthetic/s123/random_mc2_n6_mid3_d1000_05_mr098_r10_18.uai'])
2026-02-06 13:13:55,623|INFO|random_mc2_n6_mid3_d1000_05_mr098_r10_111_uai_GDCC_1e-09_n200_roTrue_s0: Arguments: Namespace(method='GDCC_1e-09', numruns='200', seed='0', output='../results/synthetic/s123/', rewrite=True, removeoutliers=True, filepath=['../models/synthetic/s123/random_mc2_n6_mid3_d1000_05_mr098_r10_111.uai'])
2026-02-06 13:13:55,624|INFO|random_mc2_n5_mid3_d1000_05_mr098_r10_2_uai_GDCC_1e-09_n200_roTrue_s0: Arguments: Namespace(method='GDCC_1e-09', numruns='200', seed='0', output='../results/synthetic/s123/', rewrite=True, removeoutliers=True, filepath=['../models/synthetic/s123/random_mc2_n5_mid3_d1000_05_mr098_r10_2.uai'])
2026-02-06 13:13:55,626|INFO|random_mc2_n5_mid3_d1000_05_mr098_r10_31_uai_GDCC_1e-09_n200_roTrue_s0: Arguments: Namespace(method='GDCC_1e-09', numruns='200', seed='0', output='../results/synthetic/s123/', rewrite=True, removeoutliers=True, filepath=['../models/synthetic/s123/random_mc2_n5_mid3_d1000_05_mr098_r10_31.uai'])
2026-02-06 13:13:55,626|INFO|random_mc2_n5_mid3_d1000_05_mr098_r10_23_uai_GDCC_1e-09_n200_roTrue_s0: Arguments: Namespace(method='GDCC_1e-09', numruns='200', seed='0', output='../results/synthetic/s123/', rewrite=True, removeoutliers=True, filepath=['../models/synthetic/s123/random_mc2_n5_mid3_d1000_05_mr098_r10_23.uai'])
2026-02-06 13:13:55,626|INFO|random_mc2_n6_mid3_d1000_05_mr098_r10_121_uai_GDCC_1e-09_n200_roTrue_s0: Arguments: Namespace(method='GDCC_1e-09', numruns='200', seed='0', output='../results/synthetic/s123/', rewrite=True, removeoutliers=True, filepath=['../models/synthetic/s123/random_mc2_n6_mid3_d1000_05_mr098_r10_121.uai'])
2026-02-06 13:13:55,628|INFO|random_mc2_n7_mid3_d1000_05_mr098_r10_54_uai_GDCC_1e-09_n200_roTrue_s0: Arguments: Namespace(method='GDCC_1e-09', numruns='200', seed='0', output='../results/synthetic/s123/', rewrite=True, removeoutliers=True, filepath=['../models/synthetic/s123/random_mc2_n7_mid3_d1000_05_mr098_r10_54.uai'])
2026-02-06 13:13:55,628|INFO|random_mc2_n7_mid3_d1000_05_mr098_r10_54_uai_GDCC_1e-09_n200_roTrue_s0: Loading model from ../models/synthetic/s123/random_mc2_n7_mid3_d1000_05_mr098_r10_54.uai
2026-02-06 13:13:55,619|INFO|random_mc2_n7_mid3_d1000_05_mr098_r10_123_uai_GDCC_1e-09_n200_roFalse_s0: Loading model from ../models/synthetic/s123/random_mc2_n7_mid3_d1000_05_mr098_r10_123.uai
2026-02-06 13:13:55,620|INFO|random_mc2_n6_mid3_d1000_05_mr098_r10_18_uai_GDCC_1e-09_n200_roFalse_s0: Loading model from ../models/synthetic/s123/random_mc2_n6_mid3_d1000_05_mr098_r10_18.uai
2026-02-06 13:13:55,619|INFO|random_mc2_n6_mid3_d1000_05_mr098_r10_13_uai_GDCC_1e-09_n200_roTrue_s0: Loading model from ../models/synthetic/s123/random_mc2_n6_mid3_d1000_05_mr098_r10_13.uai
2026-02-06 13:13:55,623|INFO|random_mc2_n6_mid3_d1000_05_mr098_r10_111_uai_GDCC_1e-09_n200_roTrue_s0: Loading model from ../models/synthetic/s123/random_mc2_n6_mid3_d1000_05_mr098_r10_111.uai
2026-02-06 13:13:55,624|INFO|random_mc2_n5_mid3_d1000_05_mr098_r10_2_uai_GDCC_1e-09_n200_roTrue_s0: Loading model from ../models/synthetic/s123/random_mc2_n5_mid3_d1000_05_mr098_r10_2.uai
2026-02-06 13:13:55,626|INFO|random_mc2_n5_mid3_d1000_05_mr098_r10_31_uai_GDCC_1e-09_n200_roTrue_s0: Loading model from ../models/synthetic/s123/random_mc2_n5_mid3_d1000_05_mr098_r10_31.uai
2026-02-06 13:13:55,626|INFO|random_mc2_n5_mid3_d1000_05_mr098_r10_23_uai_GDCC_1e-09_n200_roTrue_s0: Loading model from ../models/synthetic/s123/random_mc2_n5_mid3_d1000_05_mr098_r10_23.uai
2026-02-06 13:13:55,627|INFO|random_mc2_n6_mid3_d1000_05_mr098_r10_121_uai_GDCC_1e-09_n200_roTrue_s0: Loading model from ../models/synthetic/s123/random_mc2_n6_mid3_d1000_05_mr098_r10_121.uai
2026-02-06 13:13:55,735|INFO|random_mc2_n5_mid3_d1000_05_mr098_r10_60_uai_GDCC_1e-09_n200_roFalse_s0: Arguments: Namespace(method='GDCC_1e-09', numruns='200', seed='0', output='../results/synthetic/s123/', rewrite=True, removeoutliers=False, filepath=['../models/synthetic/s123/random_mc2_n5_mid3_d1000_05_mr098_r10_60.uai'])
2026-02-06 13:13:55,735|INFO|random_mc2_n6_mid3_d1000_05_mr098_r10_71_uai_GDCC_1e-09_n200_roTrue_s0: Arguments: Namespace(method='GDCC_1e-09', numruns='200', seed='0', output='../results/synthetic/s123/', rewrite=True, removeoutliers=True, filepath=['../models/synthetic/s123/random_mc2_n6_mid3_d1000_05_mr098_r10_71.uai'])
2026-02-06 13:13:55,737|INFO|random_mc2_n6_mid3_d1000_05_mr098_r10_158_uai_GDCC_1e-09_n200_roTrue_s0: Arguments: Namespace(method='GDCC_1e-09', numruns='200', seed='0', output='../results/synthetic/s123/', rewrite=True, removeoutliers=True, filepath=['../models/synthetic/s123/random_mc2_n6_mid3_d1000_05_mr098_r10_158.uai'])
2026-02-06 13:13:55,737|INFO|random_mc2_n6_mid3_d1000_05_mr098_r10_158_uai_GDCC_1e-09_n200_roTrue_s0: Loading model from ../models/synthetic/s123/random_mc2_n6_mid3_d1000_05_mr098_r10_158.uai
2026-02-06 13:13:55,737|INFO|random_mc2_n7_mid3_d1000_05_mr098_r10_46_uai_GDCC_1e-09_n200_roTrue_s0: Arguments: Namespace(method='GDCC_1e-09', numruns='200', seed='0', output='../results/synthetic/s123/', rewrite=True, removeoutliers=True, filepath=['../models/synthetic/s123/random_mc2_n7_mid3_d1000_05_mr098_r10_46.uai'])
2026-02-06 13:13:55,736|INFO|random_mc2_n5_mid3_d1000_05_mr098_r10_56_uai_GDCC_1e-09_n200_roTrue_s0: Arguments: Namespace(method='GDCC_1e-09', numruns='200', seed='0', output='../results/synthetic/s123/', rewrite=True, removeoutliers=True, filepath=['../models/synthetic/s123/random_mc2_n5_mid3_d1000_05_mr098_r10_56.uai'])
2026-02-06 13:13:55,737|INFO|random_mc2_n6_mid3_d1000_05_mr098_r10_180_uai_GDCC_1e-09_n200_roFalse_s0: Arguments: Namespace(method='GDCC_1e-09', numruns='200', seed='0', output='../results/synthetic/s123/', rewrite=True, removeoutliers=False, filepath=['../models/synthetic/s123/random_mc2_n6_mid3_d1000_05_mr098_r10_180.uai'])
2026-02-06 13:13:55,737|INFO|random_mc2_n6_mid3_d1000_05_mr098_r10_159_uai_GDCC_1e-09_n200_roFalse_s0: Arguments: Namespace(method='GDCC_1e-09', numruns='200', seed='0', output='../results/synthetic/s123/', rewrite=True, removeoutliers=False, filepath=['../models/synthetic/s123/random_mc2_n6_mid3_d1000_05_mr098_r10_159.uai'])
2026-02-06 13:13:55,737|INFO|random_mc2_n6_mid3_d1000_05_mr098_r10_85_uai_GDCC_1e-09_n200_roFalse_s0: Arguments: Namespace(method='GDCC_1e-09', numruns='200', seed='0', output='../results/synthetic/s123/', rewrite=True, removeoutliers=False, filepath=['../models/synthetic/s123/random_mc2_n6_mid3_d1000_05_mr098_r10_85.uai'])
2026-02-06 13:13:55,737|INFO|random_mc2_n5_mid3_d1000_05_mr098_r10_68_uai_GDCC_1e-09_n200_roFalse_s0: Arguments: Namespace(method='GDCC_1e-09', numruns='200', seed='0', output='../results/synthetic/s123/', rewrite=True, removeoutliers=False, filepath=['../models/synthetic/s123/random_mc2_n5_mid3_d1000_05_mr098_r10_68.uai'])
2026-02-06 13:13:55,737|INFO|random_mc2_n5_mid3_d1000_05_mr098_r10_179_uai_GDCC_1e-09_n200_roTrue_s0: Arguments: Namespace(method='GDCC_1e-09', numruns='200', seed='0', output='../results/synthetic/s123/', rewrite=True, removeoutliers=True, filepath=['../models/synthetic/s123/random_mc2_n5_mid3_d1000_05_mr098_r10_179.uai'])
2026-02-06 13:13:55,738|INFO|random_mc2_n6_mid3_d1000_05_mr098_r10_168_uai_GDCC_1e-09_n200_roTrue_s0: Arguments: Namespace(method='GDCC_1e-09', numruns='200', seed='0', output='../results/synthetic/s123/', rewrite=True, removeoutliers=True, filepath=['../models/synthetic/s123/random_mc2_n6_mid3_d1000_05_mr098_r10_168.uai'])
2026-02-06 13:13:55,738|INFO|random_mc2_n6_mid3_d1000_05_mr098_r10_168_uai_GDCC_1e-09_n200_roTrue_s0: Loading model from ../models/synthetic/s123/random_mc2_n6_mid3_d1000_05_mr098_r10_168.uai
2026-02-06 13:13:55,738|INFO|random_mc2_n6_mid3_d1000_05_mr098_r10_96_uai_GDCC_1e-09_n200_roFalse_s0: Arguments: Namespace(method='GDCC_1e-09', numruns='200', seed='0', output='../results/synthetic/s123/', rewrite=True, removeoutliers=False, filepath=['../models/synthetic/s123/random_mc2_n6_mid3_d1000_05_mr098_r10_96.uai'])
2026-02-06 13:13:55,738|INFO|random_mc2_n6_mid3_d1000_05_mr098_r10_141_uai_GDCC_1e-09_n200_roFalse_s0: Arguments: Namespace(method='GDCC_1e-09', numruns='200', seed='0', output='../results/synthetic/s123/', rewrite=True, removeoutliers=False, filepath=['../models/synthetic/s123/random_mc2_n6_mid3_d1000_05_mr098_r10_141.uai'])
2026-02-06 13:13:55,790|INFO|random_mc2_n6_mid3_d1000_05_mr098_r10_111_uai_GDCC_1e-09_n200_roTrue_s0: Loading data from ../models/synthetic/s123/random_mc2_n6_mid3_d1000_05_mr098_r10_111.csv
2026-02-06 13:13:55,790|INFO|random_mc2_n6_mid3_d1000_05_mr098_r10_13_uai_GDCC_1e-09_n200_roTrue_s0: Loading data from ../models/synthetic/s123/random_mc2_n6_mid3_d1000_05_mr098_r10_13.csv
2026-02-06 13:13:55,791|INFO|random_mc2_n6_mid3_d1000_05_mr098_r10_18_uai_GDCC_1e-09_n200_roFalse_s0: Loading data from ../models/synthetic/s123/random_mc2_n6_mid3_d1000_05_mr098_r10_18.csv
2026-02-06 13:13:55,800|INFO|random_mc2_n7_mid3_d1000_05_mr098_r10_123_uai_GDCC_1e-09_n200_roFalse_s0: Loading data from ../models/synthetic/s123/random_mc2_n7_mid3_d1000_05_mr098_r10_123.csv
2026-02-06 13:13:55,735|INFO|random_mc2_n5_mid3_d1000_05_mr098_r10_60_uai_GDCC_1e-09_n200_roFalse_s0: Loading model from ../models/synthetic/s123/random_mc2_n5_mid3_d1000_05_mr098_r10_60.uai
2026-02-06 13:13:55,736|INFO|random_mc2_n6_mid3_d1000_05_mr098_r10_71_uai_GDCC_1e-09_n200_roTrue_s0: Loading model from ../models/synthetic/s123/random_mc2_n6_mid3_d1000_05_mr098_r10_71.uai
2026-02-06 13:13:55,812|INFO|random_mc2_n5_mid3_d1000_05_mr098_r10_175_uai_GDCC_1e-09_n200_roFalse_s0: Arguments: Namespace(method='GDCC_1e-09', numruns='200', seed='0', output='../results/synthetic/s123/', rewrite=True, removeoutliers=False, filepath=['../models/synthetic/s123/random_mc2_n5_mid3_d1000_05_mr098_r10_175.uai'])
2026-02-06 13:13:55,737|INFO|random_mc2_n7_mid3_d1000_05_mr098_r10_46_uai_GDCC_1e-09_n200_roTrue_s0: Loading model from ../models/synthetic/s123/random_mc2_n7_mid3_d1000_05_mr098_r10_46.uai
2026-02-06 13:13:55,737|INFO|random_mc2_n5_mid3_d1000_05_mr098_r10_56_uai_GDCC_1e-09_n200_roTrue_s0: Loading model from ../models/synthetic/s123/random_mc2_n5_mid3_d1000_05_mr098_r10_56.uai
2026-02-06 13:13:55,737|INFO|random_mc2_n6_mid3_d1000_05_mr098_r10_180_uai_GDCC_1e-09_n200_roFalse_s0: Loading model from ../models/synthetic/s123/random_mc2_n6_mid3_d1000_05_mr098_r10_180.uai
2026-02-06 13:13:55,737|INFO|random_mc2_n6_mid3_d1000_05_mr098_r10_159_uai_GDCC_1e-09_n200_roFalse_s0: Loading model from ../models/synthetic/s123/random_mc2_n6_mid3_d1000_05_mr098_r10_159.uai
2026-02-06 13:13:55,814|INFO|random_mc2_n5_mid3_d1000_05_mr098_r10_2_uai_GDCC_1e-09_n200_roTrue_s0: Loading data from ../models/synthetic/s123/random_mc2_n5_mid3_d1000_05_mr098_r10_2.csv
2026-02-06 13:13:55,737|INFO|random_mc2_n6_mid3_d1000_05_mr098_r10_85_uai_GDCC_1e-09_n200_roFalse_s0: Loading model from ../models/synthetic/s123/random_mc2_n6_mid3_d1000_05_mr098_r10_85.uai
2026-02-06 13:13:55,738|INFO|random_mc2_n5_mid3_d1000_05_mr098_r10_68_uai_GDCC_1e-09_n200_roFalse_s0: Loading model from ../models/synthetic/s123/random_mc2_n5_mid3_d1000_05_mr098_r10_68.uai
2026-02-06 13:13:55,816|INFO|random_mc2_n5_mid3_d1000_05_mr098_r10_23_uai_GDCC_1e-09_n200_roTrue_s0: Loading data from ../models/synthetic/s123/random_mc2_n5_mid3_d1000_05_mr098_r10_23.csv
2026-02-06 13:13:55,816|INFO|random_mc2_n6_mid3_d1000_05_mr098_r10_172_uai_GDCC_1e-09_n200_roFalse_s0: Arguments: Namespace(method='GDCC_1e-09', numruns='200', seed='0', output='../results/synthetic/s123/', rewrite=True, removeoutliers=False, filepath=['../models/synthetic/s123/random_mc2_n6_mid3_d1000_05_mr098_r10_172.uai'])
2026-02-06 13:13:55,738|INFO|random_mc2_n5_mid3_d1000_05_mr098_r10_179_uai_GDCC_1e-09_n200_roTrue_s0: Loading model from ../models/synthetic/s123/random_mc2_n5_mid3_d1000_05_mr098_r10_179.uai
2026-02-06 13:13:55,829|INFO|random_mc2_n6_mid3_d1000_05_mr098_r10_159_uai_GDCC_1e-09_n200_roFalse_s0: Loading data from ../models/synthetic/s123/random_mc2_n6_mid3_d1000_05_mr098_r10_159.csv
2026-02-06 13:13:55,817|INFO|random_mc2_n5_mid3_d1000_05_mr098_r10_31_uai_GDCC_1e-09_n200_roTrue_s0: Loading data from ../models/synthetic/s123/random_mc2_n5_mid3_d1000_05_mr098_r10_31.csv
2026-02-06 13:13:55,818|INFO|random_mc2_n5_mid3_d1000_05_mr098_r10_165_uai_GDCC_1e-09_n200_roTrue_s0: Arguments: Namespace(method='GDCC_1e-09', numruns='200', seed='0', output='../results/synthetic/s123/', rewrite=True, removeoutliers=True, filepath=['../models/synthetic/s123/random_mc2_n5_mid3_d1000_05_mr098_r10_165.uai'])
2026-02-06 13:13:55,738|INFO|random_mc2_n6_mid3_d1000_05_mr098_r10_96_uai_GDCC_1e-09_n200_roFalse_s0: Loading model from ../models/synthetic/s123/random_mc2_n6_mid3_d1000_05_mr098_r10_96.uai
2026-02-06 13:13:55,819|INFO|random_mc2_n6_mid3_d1000_05_mr098_r10_158_uai_GDCC_1e-09_n200_roTrue_s0: Loading data from ../models/synthetic/s123/random_mc2_n6_mid3_d1000_05_mr098_r10_158.csv
2026-02-06 13:13:55,739|INFO|random_mc2_n6_mid3_d1000_05_mr098_r10_141_uai_GDCC_1e-09_n200_roFalse_s0: Loading model from ../models/synthetic/s123/random_mc2_n6_mid3_d1000_05_mr098_r10_141.uai
2026-02-06 13:13:55,820|INFO|random_mc2_n5_mid3_d1000_05_mr098_r10_111_uai_GDCC_1e-09_n200_roTrue_s0: Arguments: Namespace(method='GDCC_1e-09', numruns='200', seed='0', output='../results/synthetic/s123/', rewrite=True, removeoutliers=True, filepath=['../models/synthetic/s123/random_mc2_n5_mid3_d1000_05_mr098_r10_111.uai'])
2026-02-06 13:13:55,823|INFO|random_mc2_n5_mid3_d1000_05_mr098_r10_130_uai_GDCC_1e-09_n200_roFalse_s0: Arguments: Namespace(method='GDCC_1e-09', numruns='200', seed='0', output='../results/synthetic/s123/', rewrite=True, removeoutliers=False, filepath=['../models/synthetic/s123/random_mc2_n5_mid3_d1000_05_mr098_r10_130.uai'])
2026-02-06 13:13:55,823|INFO|random_mc2_n6_mid3_d1000_05_mr098_r10_158_uai_GDCC_1e-09_n200_roFalse_s0: Arguments: Namespace(method='GDCC_1e-09', numruns='200', seed='0', output='../results/synthetic/s123/', rewrite=True, removeoutliers=False, filepath=['../models/synthetic/s123/random_mc2_n6_mid3_d1000_05_mr098_r10_158.uai'])
2026-02-06 13:13:55,823|INFO|random_mc2_n6_mid3_d1000_05_mr098_r10_180_uai_GDCC_1e-09_n200_roTrue_s0: Arguments: Namespace(method='GDCC_1e-09', numruns='200', seed='0', output='../results/synthetic/s123/', rewrite=True, removeoutliers=True, filepath=['../models/synthetic/s123/random_mc2_n6_mid3_d1000_05_mr098_r10_180.uai'])
2026-02-06 13:13:55,823|INFO|random_mc2_n6_mid3_d1000_05_mr098_r10_117_uai_GDCC_1e-09_n200_roFalse_s0: Arguments: Namespace(method='GDCC_1e-09', numruns='200', seed='0', output='../results/synthetic/s123/', rewrite=True, removeoutliers=False, filepath=['../models/synthetic/s123/random_mc2_n6_mid3_d1000_05_mr098_r10_117.uai'])
2026-02-06 13:13:55,825|INFO|random_mc2_n5_mid3_d1000_05_mr098_r10_56_uai_GDCC_1e-09_n200_roTrue_s0: Loading data from ../models/synthetic/s123/random_mc2_n5_mid3_d1000_05_mr098_r10_56.csv
2026-02-06 13:13:55,826|INFO|random_mc2_n6_mid3_d1000_05_mr098_r10_168_uai_GDCC_1e-09_n200_roTrue_s0: Loading data from ../models/synthetic/s123/random_mc2_n6_mid3_d1000_05_mr098_r10_168.csv
2026-02-06 13:13:55,827|INFO|random_mc2_n5_mid3_d1000_05_mr098_r10_60_uai_GDCC_1e-09_n200_roFalse_s0: Loading data from ../models/synthetic/s123/random_mc2_n5_mid3_d1000_05_mr098_r10_60.csv
2026-02-06 13:13:55,829|INFO|random_mc2_n5_mid3_d1000_05_mr098_r10_68_uai_GDCC_1e-09_n200_roFalse_s0: Loading data from ../models/synthetic/s123/random_mc2_n5_mid3_d1000_05_mr098_r10_68.csv
2026-02-06 13:13:55,821|INFO|random_mc2_n5_mid3_d1000_05_mr098_r10_179_uai_GDCC_1e-09_n200_roTrue_s0: Loading data from ../models/synthetic/s123/random_mc2_n5_mid3_d1000_05_mr098_r10_179.csv
2026-02-06 13:13:55,830|INFO|random_mc2_n6_mid3_d1000_05_mr098_r10_180_uai_GDCC_1e-09_n200_roFalse_s0: Loading data from ../models/synthetic/s123/random_mc2_n6_mid3_d1000_05_mr098_r10_180.csv
2026-02-06 13:13:55,833|INFO|random_mc2_n7_mid3_d1000_05_mr098_r10_46_uai_GDCC_1e-09_n200_roTrue_s0: Loading data from ../models/synthetic/s123/random_mc2_n7_mid3_d1000_05_mr098_r10_46.csv
2026-02-06 13:13:55,833|INFO|random_mc2_n6_mid3_d1000_05_mr098_r10_71_uai_GDCC_1e-09_n200_roTrue_s0: Loading data from ../models/synthetic/s123/random_mc2_n6_mid3_d1000_05_mr098_r10_71.csv
2026-02-06 13:13:55,841|INFO|random_mc2_n6_mid3_d1000_05_mr098_r10_121_uai_GDCC_1e-09_n200_roTrue_s0: Loading data from ../models/synthetic/s123/random_mc2_n6_mid3_d1000_05_mr098_r10_121.csv
2026-02-06 13:13:55,843|INFO|random_mc2_n7_mid3_d1000_05_mr098_r10_54_uai_GDCC_1e-09_n200_roTrue_s0: Loading data from ../models/synthetic/s123/random_mc2_n7_mid3_d1000_05_mr098_r10_54.csv
2026-02-06 13:13:55,821|INFO|random_mc2_n6_mid3_d1000_05_mr098_r10_96_uai_GDCC_1e-09_n200_roFalse_s0: Loading data from ../models/synthetic/s123/random_mc2_n6_mid3_d1000_05_mr098_r10_96.csv
2026-02-06 13:13:55,812|INFO|random_mc2_n5_mid3_d1000_05_mr098_r10_175_uai_GDCC_1e-09_n200_roFalse_s0: Loading model from ../models/synthetic/s123/random_mc2_n5_mid3_d1000_05_mr098_r10_175.uai
2026-02-06 13:13:55,854|INFO|random_mc2_n6_mid3_d1000_05_mr098_r10_18_uai_GDCC_1e-09_n200_roFalse_s0: PNS(V3,V5) exact: (0.0, 0.0426073822)
2026-02-06 13:13:55,816|INFO|random_mc2_n6_mid3_d1000_05_mr098_r10_172_uai_GDCC_1e-09_n200_roFalse_s0: Loading model from ../models/synthetic/s123/random_mc2_n6_mid3_d1000_05_mr098_r10_172.uai
2026-02-06 13:13:55,856|INFO|random_mc2_n5_mid3_d1000_05_mr098_r10_179_uai_GDCC_1e-09_n200_roTrue_s0: PNS(V2,V4) exact: (0.00847, 0.3191)
2026-02-06 13:13:55,856|INFO|random_mc2_n6_mid3_d1000_05_mr098_r10_158_uai_GDCC_1e-09_n200_roTrue_s0: PNS(V3,V5) exact: (8.867665431e-05, 0.009532690396884)
2026-02-06 13:13:55,856|INFO|random_mc2_n7_mid3_d1000_05_mr098_r10_123_uai_GDCC_1e-09_n200_roFalse_s0: PNS(V0,V6) exact: (0.0106816021871762, 0.1499524833352205)
2026-02-06 13:13:55,856|INFO|random_mc2_n5_mid3_d1000_05_mr098_r10_2_uai_GDCC_1e-09_n200_roTrue_s0: PNS(V1,V2) exact: (0.0, 0.0)
2026-02-06 13:13:55,856|INFO|random_mc2_n6_mid3_d1000_05_mr098_r10_111_uai_GDCC_1e-09_n200_roTrue_s0: PNS(V2,V0) exact: (0.0, 0.0)
2026-02-06 13:13:55,861|INFO|random_mc2_n5_mid3_d1000_05_mr098_r10_31_uai_GDCC_1e-09_n200_roTrue_s0: PNS(V1,V2) exact: (0.0035429652, 0.2563315488)
2026-02-06 13:13:55,856|INFO|random_mc2_n6_mid3_d1000_05_mr098_r10_96_uai_GDCC_1e-09_n200_roFalse_s0: PNS(V4,V3) exact: (0.55047, 0.55047)
2026-02-06 13:13:55,858|INFO|random_mc2_n5_mid3_d1000_05_mr098_r10_56_uai_GDCC_1e-09_n200_roTrue_s0: PNS(V1,V4) exact: (0.0, 0.2134055570999999)
2026-02-06 13:13:55,843|INFO|random_mc2_n5_mid3_d1000_05_mr098_r10_175_uai_GDCC_1e-09_n200_roFalse_s0: Loading data from ../models/synthetic/s123/random_mc2_n5_mid3_d1000_05_mr098_r10_175.csv
2026-02-06 13:13:55,818|INFO|random_mc2_n5_mid3_d1000_05_mr098_r10_165_uai_GDCC_1e-09_n200_roTrue_s0: Loading model from ../models/synthetic/s123/random_mc2_n5_mid3_d1000_05_mr098_r10_165.uai
2026-02-06 13:13:55,842|INFO|random_mc2_n6_mid3_d1000_05_mr098_r10_172_uai_GDCC_1e-09_n200_roFalse_s0: Loading data from ../models/synthetic/s123/random_mc2_n6_mid3_d1000_05_mr098_r10_172.csv
2026-02-06 13:13:55,820|INFO|random_mc2_n5_mid3_d1000_05_mr098_r10_111_uai_GDCC_1e-09_n200_roTrue_s0: Loading model from ../models/synthetic/s123/random_mc2_n5_mid3_d1000_05_mr098_r10_111.uai
2026-02-06 13:13:55,860|INFO|random_mc2_n5_mid3_d1000_05_mr098_r10_23_uai_GDCC_1e-09_n200_roTrue_s0: PNS(V4,V1) exact: (0.0, 0.07268)
2026-02-06 13:13:55,856|ERROR|random_mc2_n5_mid3_d1000_05_mr098_r10_2_uai_GDCC_1e-09_n200_roTrue_s0: Model does not have any cause-effect path.
2026-02-06 13:13:55,856|ERROR|random_mc2_n6_mid3_d1000_05_mr098_r10_111_uai_GDCC_1e-09_n200_roTrue_s0: Model does not have any cause-effect path.
2026-02-06 13:13:55,823|INFO|random_mc2_n5_mid3_d1000_05_mr098_r10_130_uai_GDCC_1e-09_n200_roFalse_s0: Loading model from ../models/synthetic/s123/random_mc2_n5_mid3_d1000_05_mr098_r10_130.uai
2026-02-06 13:13:55,823|INFO|random_mc2_n6_mid3_d1000_05_mr098_r10_158_uai_GDCC_1e-09_n200_roFalse_s0: Loading model from ../models/synthetic/s123/random_mc2_n6_mid3_d1000_05_mr098_r10_158.uai
2026-02-06 13:13:55,862|INFO|random_mc2_n5_mid3_d1000_05_mr098_r10_175_uai_GDCC_1e-09_n200_roFalse_s0: PNS(V1,V3) exact: (0.1001090864, 0.4819853936000001)
2026-02-06 13:13:55,823|INFO|random_mc2_n6_mid3_d1000_05_mr098_r10_180_uai_GDCC_1e-09_n200_roTrue_s0: Loading model from ../models/synthetic/s123/random_mc2_n6_mid3_d1000_05_mr098_r10_180.uai
2026-02-06 13:13:55,824|INFO|random_mc2_n6_mid3_d1000_05_mr098_r10_117_uai_GDCC_1e-09_n200_roFalse_s0: Loading model from ../models/synthetic/s123/random_mc2_n6_mid3_d1000_05_mr098_r10_117.uai
2026-02-06 13:13:55,841|INFO|random_mc2_n5_mid3_d1000_05_mr098_r10_165_uai_GDCC_1e-09_n200_roTrue_s0: Loading data from ../models/synthetic/s123/random_mc2_n5_mid3_d1000_05_mr098_r10_165.csv
2026-02-06 13:13:55,858|INFO|random_mc2_n5_mid3_d1000_05_mr098_r10_111_uai_GDCC_1e-09_n200_roTrue_s0: Loading data from ../models/synthetic/s123/random_mc2_n5_mid3_d1000_05_mr098_r10_111.csv
2026-02-06 13:13:55,866|INFO|random_mc2_n7_mid3_d1000_05_mr098_r10_46_uai_GDCC_1e-09_n200_roTrue_s0: PNS(V1,V4) exact: (0.00791105, 0.013410082)
2026-02-06 13:13:55,863|INFO|random_mc2_n5_mid3_d1000_05_mr098_r10_130_uai_GDCC_1e-09_n200_roFalse_s0: Loading data from ../models/synthetic/s123/random_mc2_n5_mid3_d1000_05_mr098_r10_130.csv
2026-02-06 13:13:55,841|INFO|random_mc2_n6_mid3_d1000_05_mr098_r10_158_uai_GDCC_1e-09_n200_roFalse_s0: Loading data from ../models/synthetic/s123/random_mc2_n6_mid3_d1000_05_mr098_r10_158.csv
2026-02-06 13:13:55,848|INFO|random_mc2_n6_mid3_d1000_05_mr098_r10_180_uai_GDCC_1e-09_n200_roTrue_s0: Loading data from ../models/synthetic/s123/random_mc2_n6_mid3_d1000_05_mr098_r10_180.csv
2026-02-06 13:13:55,845|INFO|random_mc2_n6_mid3_d1000_05_mr098_r10_117_uai_GDCC_1e-09_n200_roFalse_s0: Loading data from ../models/synthetic/s123/random_mc2_n6_mid3_d1000_05_mr098_r10_117.csv
2026-02-06 13:13:55,860|INFO|random_mc2_n6_mid3_d1000_05_mr098_r10_158_uai_GDCC_1e-09_n200_roFalse_s0: PNS(V3,V5) exact: (8.867665431e-05, 0.009532690396884)
2026-02-06 13:13:55,874|INFO|random_mc2_n6_mid3_d1000_05_mr098_r10_71_uai_GDCC_1e-09_n200_roTrue_s0: PNS(V0,V3) exact: (0.5001600000000002, 0.6072)
2026-02-06 13:13:55,876|INFO|random_mc2_n5_mid3_d1000_05_mr098_r10_165_uai_GDCC_1e-09_n200_roTrue_s0: PNS(V1,V2) exact: (0.93297, 0.93333)
2026-02-06 13:13:55,888|INFO|random_mc2_n5_mid3_d1000_05_mr098_r10_130_uai_GDCC_1e-09_n200_roFalse_s0: PNS(V2,V1) exact: (0.0, 0.24110001)
2026-02-06 13:13:55,925|INFO|random_mc2_n6_mid3_d1000_05_mr098_r10_141_uai_GDCC_1e-09_n200_roFalse_s0: Loading data from ../models/synthetic/s123/random_mc2_n6_mid3_d1000_05_mr098_r10_141.csv
2026-02-06 13:13:55,948|INFO|random_mc2_n6_mid3_d1000_05_mr098_r10_141_uai_GDCC_1e-09_n200_roFalse_s0: PNS(V1,V4) exact: (0.2486475012, 0.2716618306)
2026-02-06 13:13:56,000|INFO|random_mc2_n6_mid3_d1000_05_mr098_r10_85_uai_GDCC_1e-09_n200_roFalse_s0: Loading data from ../models/synthetic/s123/random_mc2_n6_mid3_d1000_05_mr098_r10_85.csv
2026-02-06 13:14:10,068|INFO|random_mc2_n5_mid3_d1000_05_mr098_r10_71_uai_GDCC_1e-09_n200_roFalse_s0: Arguments: Namespace(method='GDCC_1e-09', numruns='200', seed='0', output='../results/synthetic/s123/', rewrite=True, removeoutliers=False, filepath=['../models/synthetic/s123/random_mc2_n5_mid3_d1000_05_mr098_r10_71.uai'])
2026-02-06 13:14:10,068|INFO|random_mc2_n5_mid3_d1000_05_mr098_r10_71_uai_GDCC_1e-09_n200_roFalse_s0: Loading model from ../models/synthetic/s123/random_mc2_n5_mid3_d1000_05_mr098_r10_71.uai
2026-02-06 13:14:10,091|INFO|random_mc2_n5_mid3_d1000_05_mr098_r10_71_uai_GDCC_1e-09_n200_roFalse_s0: Loading data from ../models/synthetic/s123/random_mc2_n5_mid3_d1000_05_mr098_r10_71.csv
2026-02-06 13:14:10,110|INFO|random_mc2_n5_mid3_d1000_05_mr098_r10_71_uai_GDCC_1e-09_n200_roFalse_s0: PNS(V1,V0) exact: (0.0, 0.0786183533)
2026-02-06 13:14:10,207|INFO|random_mc2_n5_mid3_d1000_05_mr098_r10_157_uai_GDCC_1e-09_n200_roTrue_s0: Arguments: Namespace(method='GDCC_1e-09', numruns='200', seed='0', output='../results/synthetic/s123/', rewrite=True, removeoutliers=True, filepath=['../models/synthetic/s123/random_mc2_n5_mid3_d1000_05_mr098_r10_157.uai'])
2026-02-06 13:14:10,208|INFO|random_mc2_n5_mid3_d1000_05_mr098_r10_157_uai_GDCC_1e-09_n200_roTrue_s0: Loading model from ../models/synthetic/s123/random_mc2_n5_mid3_d1000_05_mr098_r10_157.uai
2026-02-06 13:14:10,215|INFO|random_mc2_n5_mid3_d1000_05_mr098_r10_157_uai_GDCC_1e-09_n200_roTrue_s0: Loading data from ../models/synthetic/s123/random_mc2_n5_mid3_d1000_05_mr098_r10_157.csv
2026-02-06 13:14:13,728|INFO|random_mc2_n8_mid3_d1000_05_mr098_r10_12_uai_GDCC_1e-09_n200_roTrue_s0: Arguments: Namespace(method='GDCC_1e-09', numruns='200', seed='0', output='../results/synthetic/s123/', rewrite=True, removeoutliers=True, filepath=['../models/synthetic/s123/random_mc2_n8_mid3_d1000_05_mr098_r10_12.uai'])
2026-02-06 13:14:13,747|INFO|random_mc2_n6_mid3_d1000_05_mr098_r10_177_uai_GDCC_1e-09_n200_roTrue_s0: Arguments: Namespace(method='GDCC_1e-09', numruns='200', seed='0', output='../results/synthetic/s123/', rewrite=True, removeoutliers=True, filepath=['../models/synthetic/s123/random_mc2_n6_mid3_d1000_05_mr098_r10_177.uai'])
2026-02-06 13:14:13,728|INFO|random_mc2_n8_mid3_d1000_05_mr098_r10_12_uai_GDCC_1e-09_n200_roTrue_s0: Loading model from ../models/synthetic/s123/random_mc2_n8_mid3_d1000_05_mr098_r10_12.uai
2026-02-06 13:14:13,739|INFO|random_mc2_n8_mid3_d1000_05_mr098_r10_12_uai_GDCC_1e-09_n200_roTrue_s0: Loading data from ../models/synthetic/s123/random_mc2_n8_mid3_d1000_05_mr098_r10_12.csv
2026-02-06 13:14:13,784|INFO|random_mc2_n7_mid3_d1000_05_mr098_r10_194_uai_GDCC_1e-09_n200_roFalse_s0: Arguments: Namespace(method='GDCC_1e-09', numruns='200', seed='0', output='../results/synthetic/s123/', rewrite=True, removeoutliers=False, filepath=['../models/synthetic/s123/random_mc2_n7_mid3_d1000_05_mr098_r10_194.uai'])
2026-02-06 13:14:13,747|INFO|random_mc2_n6_mid3_d1000_05_mr098_r10_177_uai_GDCC_1e-09_n200_roTrue_s0: Loading model from ../models/synthetic/s123/random_mc2_n6_mid3_d1000_05_mr098_r10_177.uai
2026-02-06 13:14:13,752|INFO|random_mc2_n6_mid3_d1000_05_mr098_r10_177_uai_GDCC_1e-09_n200_roTrue_s0: Loading data from ../models/synthetic/s123/random_mc2_n6_mid3_d1000_05_mr098_r10_177.csv
2026-02-06 13:14:13,796|INFO|random_mc2_n6_mid3_d1000_05_mr098_r10_116_uai_GDCC_1e-09_n200_roTrue_s0: Arguments: Namespace(method='GDCC_1e-09', numruns='200', seed='0', output='../results/synthetic/s123/', rewrite=True, removeoutliers=True, filepath=['../models/synthetic/s123/random_mc2_n6_mid3_d1000_05_mr098_r10_116.uai'])
2026-02-06 13:14:13,816|INFO|random_mc2_n7_mid3_d1000_05_mr098_r10_42_uai_GDCC_1e-09_n200_roFalse_s0: Arguments: Namespace(method='GDCC_1e-09', numruns='200', seed='0', output='../results/synthetic/s123/', rewrite=True, removeoutliers=False, filepath=['../models/synthetic/s123/random_mc2_n7_mid3_d1000_05_mr098_r10_42.uai'])
2026-02-06 13:14:13,785|INFO|random_mc2_n7_mid3_d1000_05_mr098_r10_194_uai_GDCC_1e-09_n200_roFalse_s0: Loading model from ../models/synthetic/s123/random_mc2_n7_mid3_d1000_05_mr098_r10_194.uai
2026-02-06 13:14:13,800|INFO|random_mc2_n7_mid3_d1000_05_mr098_r10_194_uai_GDCC_1e-09_n200_roFalse_s0: Loading data from ../models/synthetic/s123/random_mc2_n7_mid3_d1000_05_mr098_r10_194.csv
2026-02-06 13:14:13,831|INFO|random_mc2_n5_mid3_d1000_05_mr098_r10_61_uai_GDCC_1e-09_n200_roFalse_s0: Arguments: Namespace(method='GDCC_1e-09', numruns='200', seed='0', output='../results/synthetic/s123/', rewrite=True, removeoutliers=False, filepath=['../models/synthetic/s123/random_mc2_n5_mid3_d1000_05_mr098_r10_61.uai'])
2026-02-06 13:14:13,796|INFO|random_mc2_n6_mid3_d1000_05_mr098_r10_116_uai_GDCC_1e-09_n200_roTrue_s0: Loading model from ../models/synthetic/s123/random_mc2_n6_mid3_d1000_05_mr098_r10_116.uai
2026-02-06 13:14:13,805|INFO|random_mc2_n6_mid3_d1000_05_mr098_r10_116_uai_GDCC_1e-09_n200_roTrue_s0: Loading data from ../models/synthetic/s123/random_mc2_n6_mid3_d1000_05_mr098_r10_116.csv
2026-02-06 13:14:13,815|INFO|random_mc2_n6_mid3_d1000_05_mr098_r10_116_uai_GDCC_1e-09_n200_roTrue_s0: PNS(V5,V1) exact: (0.0050404107, 0.1627079522999999)
2026-02-06 13:14:13,845|INFO|random_mc2_n7_mid3_d1000_05_mr098_r10_81_uai_GDCC_1e-09_n200_roFalse_s0: Arguments: Namespace(method='GDCC_1e-09', numruns='200', seed='0', output='../results/synthetic/s123/', rewrite=True, removeoutliers=False, filepath=['../models/synthetic/s123/random_mc2_n7_mid3_d1000_05_mr098_r10_81.uai'])
2026-02-06 13:14:13,816|INFO|random_mc2_n7_mid3_d1000_05_mr098_r10_42_uai_GDCC_1e-09_n200_roFalse_s0: Loading model from ../models/synthetic/s123/random_mc2_n7_mid3_d1000_05_mr098_r10_42.uai
2026-02-06 13:14:13,828|INFO|random_mc2_n7_mid3_d1000_05_mr098_r10_42_uai_GDCC_1e-09_n200_roFalse_s0: Loading data from ../models/synthetic/s123/random_mc2_n7_mid3_d1000_05_mr098_r10_42.csv
2026-02-06 13:14:13,837|INFO|random_mc2_n7_mid3_d1000_05_mr098_r10_42_uai_GDCC_1e-09_n200_roFalse_s0: PNS(V0,V3) exact: (0.0, 0.0)
2026-02-06 13:14:13,837|ERROR|random_mc2_n7_mid3_d1000_05_mr098_r10_42_uai_GDCC_1e-09_n200_roFalse_s0: Model does not have any cause-effect path.
2026-02-06 13:14:13,831|INFO|random_mc2_n5_mid3_d1000_05_mr098_r10_61_uai_GDCC_1e-09_n200_roFalse_s0: Loading model from ../models/synthetic/s123/random_mc2_n5_mid3_d1000_05_mr098_r10_61.uai
2026-02-06 13:14:13,837|INFO|random_mc2_n5_mid3_d1000_05_mr098_r10_61_uai_GDCC_1e-09_n200_roFalse_s0: Loading data from ../models/synthetic/s123/random_mc2_n5_mid3_d1000_05_mr098_r10_61.csv
2026-02-06 13:14:13,846|INFO|random_mc2_n7_mid3_d1000_05_mr098_r10_81_uai_GDCC_1e-09_n200_roFalse_s0: Loading model from ../models/synthetic/s123/random_mc2_n7_mid3_d1000_05_mr098_r10_81.uai
2026-02-06 13:14:13,859|INFO|random_mc2_n7_mid3_d1000_05_mr098_r10_81_uai_GDCC_1e-09_n200_roFalse_s0: Loading data from ../models/synthetic/s123/random_mc2_n7_mid3_d1000_05_mr098_r10_81.csv
2026-02-06 13:14:13,868|INFO|random_mc2_n7_mid3_d1000_05_mr098_r10_81_uai_GDCC_1e-09_n200_roFalse_s0: PNS(V4,V5) exact: (4.627372247959759e-07, 0.1171699848954117)
2026-02-06 13:14:13,891|INFO|random_mc2_n5_mid3_d1000_05_mr098_r10_25_uai_GDCC_1e-09_n200_roTrue_s0: Arguments: Namespace(method='GDCC_1e-09', numruns='200', seed='0', output='../results/synthetic/s123/', rewrite=True, removeoutliers=True, filepath=['../models/synthetic/s123/random_mc2_n5_mid3_d1000_05_mr098_r10_25.uai'])
2026-02-06 13:14:13,902|INFO|random_mc2_n5_mid3_d1000_05_mr098_r10_45_uai_GDCC_1e-09_n200_roTrue_s0: Arguments: Namespace(method='GDCC_1e-09', numruns='200', seed='0', output='../results/synthetic/s123/', rewrite=True, removeoutliers=True, filepath=['../models/synthetic/s123/random_mc2_n5_mid3_d1000_05_mr098_r10_45.uai'])
2026-02-06 13:14:13,903|INFO|random_mc2_n5_mid3_d1000_05_mr098_r10_119_uai_GDCC_1e-09_n200_roTrue_s0: Arguments: Namespace(method='GDCC_1e-09', numruns='200', seed='0', output='../results/synthetic/s123/', rewrite=True, removeoutliers=True, filepath=['../models/synthetic/s123/random_mc2_n5_mid3_d1000_05_mr098_r10_119.uai'])
2026-02-06 13:14:13,910|INFO|random_mc2_n7_mid3_d1000_05_mr098_r10_15_uai_GDCC_1e-09_n200_roFalse_s0: Arguments: Namespace(method='GDCC_1e-09', numruns='200', seed='0', output='../results/synthetic/s123/', rewrite=True, removeoutliers=False, filepath=['../models/synthetic/s123/random_mc2_n7_mid3_d1000_05_mr098_r10_15.uai'])
2026-02-06 13:14:13,891|INFO|random_mc2_n5_mid3_d1000_05_mr098_r10_25_uai_GDCC_1e-09_n200_roTrue_s0: Loading model from ../models/synthetic/s123/random_mc2_n5_mid3_d1000_05_mr098_r10_25.uai
2026-02-06 13:14:13,896|INFO|random_mc2_n5_mid3_d1000_05_mr098_r10_25_uai_GDCC_1e-09_n200_roTrue_s0: Loading data from ../models/synthetic/s123/random_mc2_n5_mid3_d1000_05_mr098_r10_25.csv
2026-02-06 13:14:13,906|INFO|random_mc2_n5_mid3_d1000_05_mr098_r10_25_uai_GDCC_1e-09_n200_roTrue_s0: PNS(V1,V4) exact: (0.0216, 0.0216)
2026-02-06 13:14:13,903|INFO|random_mc2_n5_mid3_d1000_05_mr098_r10_45_uai_GDCC_1e-09_n200_roTrue_s0: Loading model from ../models/synthetic/s123/random_mc2_n5_mid3_d1000_05_mr098_r10_45.uai
2026-02-06 13:14:13,912|INFO|random_mc2_n5_mid3_d1000_05_mr098_r10_45_uai_GDCC_1e-09_n200_roTrue_s0: Loading data from ../models/synthetic/s123/random_mc2_n5_mid3_d1000_05_mr098_r10_45.csv
2026-02-06 13:14:13,932|INFO|random_mc2_n5_mid3_d1000_05_mr098_r10_45_uai_GDCC_1e-09_n200_roTrue_s0: PNS(V1,V2) exact: (0.0940954230999999, 0.5326951514)
2026-02-06 13:14:13,904|INFO|random_mc2_n5_mid3_d1000_05_mr098_r10_119_uai_GDCC_1e-09_n200_roTrue_s0: Loading model from ../models/synthetic/s123/random_mc2_n5_mid3_d1000_05_mr098_r10_119.uai
2026-02-06 13:14:13,911|INFO|random_mc2_n5_mid3_d1000_05_mr098_r10_119_uai_GDCC_1e-09_n200_roTrue_s0: Loading data from ../models/synthetic/s123/random_mc2_n5_mid3_d1000_05_mr098_r10_119.csv
2026-02-06 13:14:13,910|INFO|random_mc2_n7_mid3_d1000_05_mr098_r10_15_uai_GDCC_1e-09_n200_roFalse_s0: Loading model from ../models/synthetic/s123/random_mc2_n7_mid3_d1000_05_mr098_r10_15.uai
2026-02-06 13:14:13,921|INFO|random_mc2_n7_mid3_d1000_05_mr098_r10_15_uai_GDCC_1e-09_n200_roFalse_s0: Loading data from ../models/synthetic/s123/random_mc2_n7_mid3_d1000_05_mr098_r10_15.csv
2026-02-06 13:14:13,931|INFO|random_mc2_n7_mid3_d1000_05_mr098_r10_15_uai_GDCC_1e-09_n200_roFalse_s0: PNS(V0,V6) exact: (0.3220170880214336, 0.5255000671372351)
2026-02-06 13:14:13,975|INFO|random_mc2_n5_mid3_d1000_05_mr098_r10_18_uai_GDCC_1e-09_n200_roFalse_s0: Arguments: Namespace(method='GDCC_1e-09', numruns='200', seed='0', output='../results/synthetic/s123/', rewrite=True, removeoutliers=False, filepath=['../models/synthetic/s123/random_mc2_n5_mid3_d1000_05_mr098_r10_18.uai'])
2026-02-06 13:14:13,976|INFO|random_mc2_n5_mid3_d1000_05_mr098_r10_78_uai_GDCC_1e-09_n200_roFalse_s0: Arguments: Namespace(method='GDCC_1e-09', numruns='200', seed='0', output='../results/synthetic/s123/', rewrite=True, removeoutliers=False, filepath=['../models/synthetic/s123/random_mc2_n5_mid3_d1000_05_mr098_r10_78.uai'])
2026-02-06 13:14:13,984|INFO|random_mc2_n6_mid3_d1000_05_mr098_r10_24_uai_GDCC_1e-09_n200_roFalse_s0: Arguments: Namespace(method='GDCC_1e-09', numruns='200', seed='0', output='../results/synthetic/s123/', rewrite=True, removeoutliers=False, filepath=['../models/synthetic/s123/random_mc2_n6_mid3_d1000_05_mr098_r10_24.uai'])
2026-02-06 13:14:14,001|INFO|random_mc2_n6_mid3_d1000_05_mr098_r10_105_uai_GDCC_1e-09_n200_roTrue_s0: Arguments: Namespace(method='GDCC_1e-09', numruns='200', seed='0', output='../results/synthetic/s123/', rewrite=True, removeoutliers=True, filepath=['../models/synthetic/s123/random_mc2_n6_mid3_d1000_05_mr098_r10_105.uai'])
2026-02-06 13:14:14,006|INFO|random_mc2_n6_mid3_d1000_05_mr098_r10_197_uai_GDCC_1e-09_n200_roTrue_s0: Arguments: Namespace(method='GDCC_1e-09', numruns='200', seed='0', output='../results/synthetic/s123/', rewrite=True, removeoutliers=True, filepath=['../models/synthetic/s123/random_mc2_n6_mid3_d1000_05_mr098_r10_197.uai'])
2026-02-06 13:14:14,009|INFO|random_mc2_n5_mid3_d1000_05_mr098_r10_80_uai_GDCC_1e-09_n200_roFalse_s0: Arguments: Namespace(method='GDCC_1e-09', numruns='200', seed='0', output='../results/synthetic/s123/', rewrite=True, removeoutliers=False, filepath=['../models/synthetic/s123/random_mc2_n5_mid3_d1000_05_mr098_r10_80.uai'])
2026-02-06 13:14:14,013|INFO|random_mc2_n9_mid3_d1000_05_mr098_r10_138_uai_GDCC_1e-09_n200_roTrue_s0: Arguments: Namespace(method='GDCC_1e-09', numruns='200', seed='0', output='../results/synthetic/s123/', rewrite=True, removeoutliers=True, filepath=['../models/synthetic/s123/random_mc2_n9_mid3_d1000_05_mr098_r10_138.uai'])
2026-02-06 13:14:14,013|INFO|random_mc2_n7_mid3_d1000_05_mr098_r10_185_uai_GDCC_1e-09_n200_roTrue_s0: Arguments: Namespace(method='GDCC_1e-09', numruns='200', seed='0', output='../results/synthetic/s123/', rewrite=True, removeoutliers=True, filepath=['../models/synthetic/s123/random_mc2_n7_mid3_d1000_05_mr098_r10_185.uai'])
2026-02-06 13:14:14,013|INFO|random_mc2_n7_mid3_d1000_05_mr098_r10_194_uai_GDCC_1e-09_n200_roTrue_s0: Arguments: Namespace(method='GDCC_1e-09', numruns='200', seed='0', output='../results/synthetic/s123/', rewrite=True, removeoutliers=True, filepath=['../models/synthetic/s123/random_mc2_n7_mid3_d1000_05_mr098_r10_194.uai'])
2026-02-06 13:14:13,976|INFO|random_mc2_n5_mid3_d1000_05_mr098_r10_78_uai_GDCC_1e-09_n200_roFalse_s0: Loading model from ../models/synthetic/s123/random_mc2_n5_mid3_d1000_05_mr098_r10_78.uai
2026-02-06 13:14:13,975|INFO|random_mc2_n5_mid3_d1000_05_mr098_r10_18_uai_GDCC_1e-09_n200_roFalse_s0: Loading model from ../models/synthetic/s123/random_mc2_n5_mid3_d1000_05_mr098_r10_18.uai
2026-02-06 13:14:13,988|INFO|random_mc2_n5_mid3_d1000_05_mr098_r10_18_uai_GDCC_1e-09_n200_roFalse_s0: Loading data from ../models/synthetic/s123/random_mc2_n5_mid3_d1000_05_mr098_r10_18.csv
2026-02-06 13:14:13,998|INFO|random_mc2_n5_mid3_d1000_05_mr098_r10_18_uai_GDCC_1e-09_n200_roFalse_s0: PNS(V1,V3) exact: (0.3568015083512, 0.5052594691711998)
2026-02-06 13:14:13,981|INFO|random_mc2_n5_mid3_d1000_05_mr098_r10_78_uai_GDCC_1e-09_n200_roFalse_s0: Loading data from ../models/synthetic/s123/random_mc2_n5_mid3_d1000_05_mr098_r10_78.csv
2026-02-06 13:14:13,991|INFO|random_mc2_n5_mid3_d1000_05_mr098_r10_78_uai_GDCC_1e-09_n200_roFalse_s0: PNS(V0,V2) exact: (0.163, 0.163)
2026-02-06 13:14:14,018|INFO|random_mc2_n9_mid3_d1000_05_mr098_r10_152_uai_GDCC_1e-09_n200_roFalse_s0: Arguments: Namespace(method='GDCC_1e-09', numruns='200', seed='0', output='../results/synthetic/s123/', rewrite=True, removeoutliers=False, filepath=['../models/synthetic/s123/random_mc2_n9_mid3_d1000_05_mr098_r10_152.uai'])
2026-02-06 13:14:14,022|INFO|random_mc2_n8_mid3_d1000_05_mr098_r10_30_uai_GDCC_1e-09_n200_roFalse_s0: Arguments: Namespace(method='GDCC_1e-09', numruns='200', seed='0', output='../results/synthetic/s123/', rewrite=True, removeoutliers=False, filepath=['../models/synthetic/s123/random_mc2_n8_mid3_d1000_05_mr098_r10_30.uai'])
2026-02-06 13:14:13,985|INFO|random_mc2_n6_mid3_d1000_05_mr098_r10_24_uai_GDCC_1e-09_n200_roFalse_s0: Loading model from ../models/synthetic/s123/random_mc2_n6_mid3_d1000_05_mr098_r10_24.uai
2026-02-06 13:14:13,998|INFO|random_mc2_n6_mid3_d1000_05_mr098_r10_24_uai_GDCC_1e-09_n200_roFalse_s0: Loading data from ../models/synthetic/s123/random_mc2_n6_mid3_d1000_05_mr098_r10_24.csv
2026-02-06 13:14:14,028|INFO|random_mc2_n7_mid3_d1000_05_mr098_r10_61_uai_GDCC_1e-09_n200_roFalse_s0: Arguments: Namespace(method='GDCC_1e-09', numruns='200', seed='0', output='../results/synthetic/s123/', rewrite=True, removeoutliers=False, filepath=['../models/synthetic/s123/random_mc2_n7_mid3_d1000_05_mr098_r10_61.uai'])
2026-02-06 13:14:14,001|INFO|random_mc2_n6_mid3_d1000_05_mr098_r10_105_uai_GDCC_1e-09_n200_roTrue_s0: Loading model from ../models/synthetic/s123/random_mc2_n6_mid3_d1000_05_mr098_r10_105.uai
2026-02-06 13:14:14,019|INFO|random_mc2_n6_mid3_d1000_05_mr098_r10_105_uai_GDCC_1e-09_n200_roTrue_s0: Loading data from ../models/synthetic/s123/random_mc2_n6_mid3_d1000_05_mr098_r10_105.csv
2026-02-06 13:14:14,030|INFO|random_mc2_n6_mid3_d1000_05_mr098_r10_105_uai_GDCC_1e-09_n200_roTrue_s0: PNS(V3,V4) exact: (0.491766269274686, 0.586709709951746)
2026-02-06 13:14:14,006|INFO|random_mc2_n6_mid3_d1000_05_mr098_r10_197_uai_GDCC_1e-09_n200_roTrue_s0: Loading model from ../models/synthetic/s123/random_mc2_n6_mid3_d1000_05_mr098_r10_197.uai
2026-02-06 13:14:14,017|INFO|random_mc2_n6_mid3_d1000_05_mr098_r10_197_uai_GDCC_1e-09_n200_roTrue_s0: Loading data from ../models/synthetic/s123/random_mc2_n6_mid3_d1000_05_mr098_r10_197.csv
2026-02-06 13:14:14,009|INFO|random_mc2_n5_mid3_d1000_05_mr098_r10_80_uai_GDCC_1e-09_n200_roFalse_s0: Loading model from ../models/synthetic/s123/random_mc2_n5_mid3_d1000_05_mr098_r10_80.uai
2026-02-06 13:14:14,019|INFO|random_mc2_n5_mid3_d1000_05_mr098_r10_80_uai_GDCC_1e-09_n200_roFalse_s0: Loading data from ../models/synthetic/s123/random_mc2_n5_mid3_d1000_05_mr098_r10_80.csv
2026-02-06 13:14:14,041|INFO|random_mc2_n5_mid3_d1000_05_mr098_r10_80_uai_GDCC_1e-09_n200_roFalse_s0: PNS(V1,V4) exact: (0.950554689425868, 0.970786964773004)
2026-02-06 13:14:14,013|INFO|random_mc2_n9_mid3_d1000_05_mr098_r10_138_uai_GDCC_1e-09_n200_roTrue_s0: Loading model from ../models/synthetic/s123/random_mc2_n9_mid3_d1000_05_mr098_r10_138.uai
2026-02-06 13:14:14,026|INFO|random_mc2_n9_mid3_d1000_05_mr098_r10_138_uai_GDCC_1e-09_n200_roTrue_s0: Loading data from ../models/synthetic/s123/random_mc2_n9_mid3_d1000_05_mr098_r10_138.csv
2026-02-06 13:14:14,036|INFO|random_mc2_n9_mid3_d1000_05_mr098_r10_138_uai_GDCC_1e-09_n200_roTrue_s0: PNS(V2,V8) exact: (0.3533990588217299, 0.3586598451414463)
2026-02-06 13:14:14,014|INFO|random_mc2_n7_mid3_d1000_05_mr098_r10_185_uai_GDCC_1e-09_n200_roTrue_s0: Loading model from ../models/synthetic/s123/random_mc2_n7_mid3_d1000_05_mr098_r10_185.uai
2026-02-06 13:14:14,014|INFO|random_mc2_n7_mid3_d1000_05_mr098_r10_194_uai_GDCC_1e-09_n200_roTrue_s0: Loading model from ../models/synthetic/s123/random_mc2_n7_mid3_d1000_05_mr098_r10_194.uai
2026-02-06 13:14:14,029|INFO|random_mc2_n7_mid3_d1000_05_mr098_r10_185_uai_GDCC_1e-09_n200_roTrue_s0: Loading data from ../models/synthetic/s123/random_mc2_n7_mid3_d1000_05_mr098_r10_185.csv
2026-02-06 13:14:14,029|INFO|random_mc2_n7_mid3_d1000_05_mr098_r10_194_uai_GDCC_1e-09_n200_roTrue_s0: Loading data from ../models/synthetic/s123/random_mc2_n7_mid3_d1000_05_mr098_r10_194.csv
2026-02-06 13:14:14,040|INFO|random_mc2_n7_mid3_d1000_05_mr098_r10_185_uai_GDCC_1e-09_n200_roTrue_s0: PNS(V4,V5) exact: (0.026299086270706, 0.362919468953052)
2026-02-06 13:14:14,019|INFO|random_mc2_n9_mid3_d1000_05_mr098_r10_152_uai_GDCC_1e-09_n200_roFalse_s0: Loading model from ../models/synthetic/s123/random_mc2_n9_mid3_d1000_05_mr098_r10_152.uai
2026-02-06 13:14:14,051|INFO|random_mc2_n9_mid3_d1000_05_mr098_r10_152_uai_GDCC_1e-09_n200_roFalse_s0: Loading data from ../models/synthetic/s123/random_mc2_n9_mid3_d1000_05_mr098_r10_152.csv
2026-02-06 13:14:14,022|INFO|random_mc2_n8_mid3_d1000_05_mr098_r10_30_uai_GDCC_1e-09_n200_roFalse_s0: Loading model from ../models/synthetic/s123/random_mc2_n8_mid3_d1000_05_mr098_r10_30.uai
2026-02-06 13:14:14,040|INFO|random_mc2_n8_mid3_d1000_05_mr098_r10_30_uai_GDCC_1e-09_n200_roFalse_s0: Loading data from ../models/synthetic/s123/random_mc2_n8_mid3_d1000_05_mr098_r10_30.csv
2026-02-06 13:14:14,062|INFO|random_mc2_n9_mid3_d1000_05_mr098_r10_152_uai_GDCC_1e-09_n200_roFalse_s0: PNS(V4,V6) exact: (0.0985718975711222, 0.2731262523008737)
2026-02-06 13:14:14,028|INFO|random_mc2_n7_mid3_d1000_05_mr098_r10_61_uai_GDCC_1e-09_n200_roFalse_s0: Loading model from ../models/synthetic/s123/random_mc2_n7_mid3_d1000_05_mr098_r10_61.uai
2026-02-06 13:14:14,042|INFO|random_mc2_n7_mid3_d1000_05_mr098_r10_61_uai_GDCC_1e-09_n200_roFalse_s0: Loading data from ../models/synthetic/s123/random_mc2_n7_mid3_d1000_05_mr098_r10_61.csv
2026-02-06 13:14:14,095|INFO|random_mc2_n8_mid3_d1000_05_mr098_r10_127_uai_GDCC_1e-09_n200_roFalse_s0: Arguments: Namespace(method='GDCC_1e-09', numruns='200', seed='0', output='../results/synthetic/s123/', rewrite=True, removeoutliers=False, filepath=['../models/synthetic/s123/random_mc2_n8_mid3_d1000_05_mr098_r10_127.uai'])
2026-02-06 13:14:14,102|INFO|random_mc2_n5_mid3_d1000_05_mr098_r10_102_uai_GDCC_1e-09_n200_roFalse_s0: Arguments: Namespace(method='GDCC_1e-09', numruns='200', seed='0', output='../results/synthetic/s123/', rewrite=True, removeoutliers=False, filepath=['../models/synthetic/s123/random_mc2_n5_mid3_d1000_05_mr098_r10_102.uai'])
2026-02-06 13:14:14,096|INFO|random_mc2_n8_mid3_d1000_05_mr098_r10_127_uai_GDCC_1e-09_n200_roFalse_s0: Loading model from ../models/synthetic/s123/random_mc2_n8_mid3_d1000_05_mr098_r10_127.uai
2026-02-06 13:14:14,103|INFO|random_mc2_n5_mid3_d1000_05_mr098_r10_102_uai_GDCC_1e-09_n200_roFalse_s0: Loading model from ../models/synthetic/s123/random_mc2_n5_mid3_d1000_05_mr098_r10_102.uai
2026-02-06 13:14:14,108|INFO|random_mc2_n5_mid3_d1000_05_mr098_r10_102_uai_GDCC_1e-09_n200_roFalse_s0: Loading data from ../models/synthetic/s123/random_mc2_n5_mid3_d1000_05_mr098_r10_102.csv
2026-02-06 13:14:14,117|INFO|random_mc2_n5_mid3_d1000_05_mr098_r10_102_uai_GDCC_1e-09_n200_roFalse_s0: PNS(V3,V0) exact: (0.2629687949824, 0.477036655678528)
2026-02-06 13:14:14,148|INFO|random_mc2_n8_mid3_d1000_05_mr098_r10_127_uai_GDCC_1e-09_n200_roFalse_s0: Loading data from ../models/synthetic/s123/random_mc2_n8_mid3_d1000_05_mr098_r10_127.csv
2026-02-06 13:14:14,158|INFO|random_mc2_n7_mid3_d1000_05_mr098_r10_51_uai_GDCC_1e-09_n200_roTrue_s0: Arguments: Namespace(method='GDCC_1e-09', numruns='200', seed='0', output='../results/synthetic/s123/', rewrite=True, removeoutliers=True, filepath=['../models/synthetic/s123/random_mc2_n7_mid3_d1000_05_mr098_r10_51.uai'])
2026-02-06 13:14:14,162|INFO|random_mc2_n7_mid3_d1000_05_mr098_r10_37_uai_GDCC_1e-09_n200_roFalse_s0: Arguments: Namespace(method='GDCC_1e-09', numruns='200', seed='0', output='../results/synthetic/s123/', rewrite=True, removeoutliers=False, filepath=['../models/synthetic/s123/random_mc2_n7_mid3_d1000_05_mr098_r10_37.uai'])
2026-02-06 13:14:14,158|INFO|random_mc2_n7_mid3_d1000_05_mr098_r10_51_uai_GDCC_1e-09_n200_roTrue_s0: Loading model from ../models/synthetic/s123/random_mc2_n7_mid3_d1000_05_mr098_r10_51.uai
2026-02-06 13:14:14,174|INFO|random_mc2_n7_mid3_d1000_05_mr098_r10_51_uai_GDCC_1e-09_n200_roTrue_s0: Loading data from ../models/synthetic/s123/random_mc2_n7_mid3_d1000_05_mr098_r10_51.csv
2026-02-06 13:14:14,162|INFO|random_mc2_n7_mid3_d1000_05_mr098_r10_37_uai_GDCC_1e-09_n200_roFalse_s0: Loading model from ../models/synthetic/s123/random_mc2_n7_mid3_d1000_05_mr098_r10_37.uai
2026-02-06 13:14:14,186|INFO|random_mc2_n7_mid3_d1000_05_mr098_r10_37_uai_GDCC_1e-09_n200_roFalse_s0: Loading data from ../models/synthetic/s123/random_mc2_n7_mid3_d1000_05_mr098_r10_37.csv
2026-02-06 13:14:14,198|INFO|random_mc2_n7_mid3_d1000_05_mr098_r10_37_uai_GDCC_1e-09_n200_roFalse_s0: PNS(V3,V2) exact: (0.0, 0.0282189836918879)
2026-02-06 13:14:14,212|INFO|random_mc2_n6_mid3_d1000_05_mr098_r10_19_uai_GDCC_1e-09_n200_roTrue_s0: Arguments: Namespace(method='GDCC_1e-09', numruns='200', seed='0', output='../results/synthetic/s123/', rewrite=True, removeoutliers=True, filepath=['../models/synthetic/s123/random_mc2_n6_mid3_d1000_05_mr098_r10_19.uai'])
2026-02-06 13:14:14,212|INFO|random_mc2_n6_mid3_d1000_05_mr098_r10_19_uai_GDCC_1e-09_n200_roTrue_s0: Loading model from ../models/synthetic/s123/random_mc2_n6_mid3_d1000_05_mr098_r10_19.uai
2026-02-06 13:14:14,442|INFO|random_mc2_n6_mid3_d1000_05_mr098_r10_19_uai_GDCC_1e-09_n200_roTrue_s0: Loading data from ../models/synthetic/s123/random_mc2_n6_mid3_d1000_05_mr098_r10_19.csv
2026-02-06 13:14:19,633|INFO|random_mc2_n8_mid3_d1000_05_mr098_r10_29_uai_GDCC_1e-09_n200_roTrue_s0: Arguments: Namespace(method='GDCC_1e-09', numruns='200', seed='0', output='../results/synthetic/s123/', rewrite=True, removeoutliers=True, filepath=['../models/synthetic/s123/random_mc2_n8_mid3_d1000_05_mr098_r10_29.uai'])
2026-02-06 13:14:19,633|INFO|random_mc2_n8_mid3_d1000_05_mr098_r10_29_uai_GDCC_1e-09_n200_roTrue_s0: Loading model from ../models/synthetic/s123/random_mc2_n8_mid3_d1000_05_mr098_r10_29.uai
2026-02-06 13:14:19,646|INFO|random_mc2_n8_mid3_d1000_05_mr098_r10_29_uai_GDCC_1e-09_n200_roTrue_s0: Loading data from ../models/synthetic/s123/random_mc2_n8_mid3_d1000_05_mr098_r10_29.csv
2026-02-06 13:14:19,713|INFO|random_mc2_n6_mid3_d1000_05_mr098_r10_184_uai_GDCC_1e-09_n200_roFalse_s0: Arguments: Namespace(method='GDCC_1e-09', numruns='200', seed='0', output='../results/synthetic/s123/', rewrite=True, removeoutliers=False, filepath=['../models/synthetic/s123/random_mc2_n6_mid3_d1000_05_mr098_r10_184.uai'])
2026-02-06 13:14:19,713|INFO|random_mc2_n6_mid3_d1000_05_mr098_r10_184_uai_GDCC_1e-09_n200_roFalse_s0: Loading model from ../models/synthetic/s123/random_mc2_n6_mid3_d1000_05_mr098_r10_184.uai
2026-02-06 13:14:19,719|INFO|random_mc2_n6_mid3_d1000_05_mr098_r10_184_uai_GDCC_1e-09_n200_roFalse_s0: Loading data from ../models/synthetic/s123/random_mc2_n6_mid3_d1000_05_mr098_r10_184.csv
2026-02-06 13:14:19,730|INFO|random_mc2_n6_mid3_d1000_05_mr098_r10_184_uai_GDCC_1e-09_n200_roFalse_s0: PNS(V5,V4) exact: (0.0, 0.0008714266998319998)
2026-02-06 13:14:26,469|INFO|random_mc2_n5_mid3_d1000_05_mr098_r10_112_uai_GDCC_1e-09_n200_roTrue_s0: Arguments: Namespace(method='GDCC_1e-09', numruns='200', seed='0', output='../results/synthetic/s123/', rewrite=True, removeoutliers=True, filepath=['../models/synthetic/s123/random_mc2_n5_mid3_d1000_05_mr098_r10_112.uai'])
2026-02-06 13:14:26,469|INFO|random_mc2_n5_mid3_d1000_05_mr098_r10_112_uai_GDCC_1e-09_n200_roTrue_s0: Loading model from ../models/synthetic/s123/random_mc2_n5_mid3_d1000_05_mr098_r10_112.uai
2026-02-06 13:14:26,480|INFO|random_mc2_n5_mid3_d1000_05_mr098_r10_112_uai_GDCC_1e-09_n200_roTrue_s0: Loading data from ../models/synthetic/s123/random_mc2_n5_mid3_d1000_05_mr098_r10_112.csv
2026-02-06 13:14:27,074|INFO|random_mc2_n7_mid3_d1000_05_mr098_r10_24_uai_GDCC_1e-09_n200_roTrue_s0: Arguments: Namespace(method='GDCC_1e-09', numruns='200', seed='0', output='../results/synthetic/s123/', rewrite=True, removeoutliers=True, filepath=['../models/synthetic/s123/random_mc2_n7_mid3_d1000_05_mr098_r10_24.uai'])
2026-02-06 13:14:27,074|INFO|random_mc2_n7_mid3_d1000_05_mr098_r10_24_uai_GDCC_1e-09_n200_roTrue_s0: Loading model from ../models/synthetic/s123/random_mc2_n7_mid3_d1000_05_mr098_r10_24.uai
2026-02-06 13:14:27,084|INFO|random_mc2_n7_mid3_d1000_05_mr098_r10_24_uai_GDCC_1e-09_n200_roTrue_s0: Loading data from ../models/synthetic/s123/random_mc2_n7_mid3_d1000_05_mr098_r10_24.csv
2026-02-06 13:14:27,094|INFO|random_mc2_n7_mid3_d1000_05_mr098_r10_24_uai_GDCC_1e-09_n200_roTrue_s0: PNS(V3,V2) exact: (0.0, 0.0745211048481239)
2026-02-06 13:14:27,130|INFO|random_mc2_n5_mid3_d1000_05_mr098_r10_22_uai_GDCC_1e-09_n200_roTrue_s0: Arguments: Namespace(method='GDCC_1e-09', numruns='200', seed='0', output='../results/synthetic/s123/', rewrite=True, removeoutliers=True, filepath=['../models/synthetic/s123/random_mc2_n5_mid3_d1000_05_mr098_r10_22.uai'])
2026-02-06 13:14:27,131|INFO|random_mc2_n5_mid3_d1000_05_mr098_r10_22_uai_GDCC_1e-09_n200_roTrue_s0: Loading model from ../models/synthetic/s123/random_mc2_n5_mid3_d1000_05_mr098_r10_22.uai
2026-02-06 13:14:27,152|INFO|random_mc2_n5_mid3_d1000_05_mr098_r10_22_uai_GDCC_1e-09_n200_roTrue_s0: Loading data from ../models/synthetic/s123/random_mc2_n5_mid3_d1000_05_mr098_r10_22.csv
2026-02-06 13:14:27,164|INFO|random_mc2_n5_mid3_d1000_05_mr098_r10_22_uai_GDCC_1e-09_n200_roTrue_s0: PNS(V2,V3) exact: (0.01716, 0.07782)
2026-02-06 13:14:27,331|INFO|random_mc2_n7_mid3_d1000_05_mr098_r10_98_uai_GDCC_1e-09_n200_roTrue_s0: Arguments: Namespace(method='GDCC_1e-09', numruns='200', seed='0', output='../results/synthetic/s123/', rewrite=True, removeoutliers=True, filepath=['../models/synthetic/s123/random_mc2_n7_mid3_d1000_05_mr098_r10_98.uai'])
2026-02-06 13:14:27,331|INFO|random_mc2_n7_mid3_d1000_05_mr098_r10_98_uai_GDCC_1e-09_n200_roTrue_s0: Loading model from ../models/synthetic/s123/random_mc2_n7_mid3_d1000_05_mr098_r10_98.uai
2026-02-06 13:14:27,342|INFO|random_mc2_n7_mid3_d1000_05_mr098_r10_98_uai_GDCC_1e-09_n200_roTrue_s0: Loading data from ../models/synthetic/s123/random_mc2_n7_mid3_d1000_05_mr098_r10_98.csv
2026-02-06 13:14:27,796|INFO|random_mc2_n6_mid3_d1000_05_mr098_r10_103_uai_GDCC_1e-09_n200_roTrue_s0: Arguments: Namespace(method='GDCC_1e-09', numruns='200', seed='0', output='../results/synthetic/s123/', rewrite=True, removeoutliers=True, filepath=['../models/synthetic/s123/random_mc2_n6_mid3_d1000_05_mr098_r10_103.uai'])
2026-02-06 13:14:27,796|INFO|random_mc2_n6_mid3_d1000_05_mr098_r10_103_uai_GDCC_1e-09_n200_roTrue_s0: Loading model from ../models/synthetic/s123/random_mc2_n6_mid3_d1000_05_mr098_r10_103.uai
2026-02-06 13:14:27,810|INFO|random_mc2_n6_mid3_d1000_05_mr098_r10_103_uai_GDCC_1e-09_n200_roTrue_s0: Loading data from ../models/synthetic/s123/random_mc2_n6_mid3_d1000_05_mr098_r10_103.csv
2026-02-06 13:14:27,958|INFO|random_mc2_n5_mid3_d1000_05_mr098_r10_127_uai_GDCC_1e-09_n200_roTrue_s0: Arguments: Namespace(method='GDCC_1e-09', numruns='200', seed='0', output='../results/synthetic/s123/', rewrite=True, removeoutliers=True, filepath=['../models/synthetic/s123/random_mc2_n5_mid3_d1000_05_mr098_r10_127.uai'])
2026-02-06 13:14:27,992|INFO|random_mc2_n5_mid3_d1000_05_mr098_r10_59_uai_GDCC_1e-09_n200_roFalse_s0: Arguments: Namespace(method='GDCC_1e-09', numruns='200', seed='0', output='../results/synthetic/s123/', rewrite=True, removeoutliers=False, filepath=['../models/synthetic/s123/random_mc2_n5_mid3_d1000_05_mr098_r10_59.uai'])
2026-02-06 13:14:27,958|INFO|random_mc2_n5_mid3_d1000_05_mr098_r10_127_uai_GDCC_1e-09_n200_roTrue_s0: Loading model from ../models/synthetic/s123/random_mc2_n5_mid3_d1000_05_mr098_r10_127.uai
2026-02-06 13:14:27,975|INFO|random_mc2_n5_mid3_d1000_05_mr098_r10_127_uai_GDCC_1e-09_n200_roTrue_s0: Loading data from ../models/synthetic/s123/random_mc2_n5_mid3_d1000_05_mr098_r10_127.csv
2026-02-06 13:14:27,992|INFO|random_mc2_n5_mid3_d1000_05_mr098_r10_59_uai_GDCC_1e-09_n200_roFalse_s0: Loading model from ../models/synthetic/s123/random_mc2_n5_mid3_d1000_05_mr098_r10_59.uai
2026-02-06 13:14:27,997|INFO|random_mc2_n5_mid3_d1000_05_mr098_r10_59_uai_GDCC_1e-09_n200_roFalse_s0: Loading data from ../models/synthetic/s123/random_mc2_n5_mid3_d1000_05_mr098_r10_59.csv
2026-02-06 13:14:28,007|INFO|random_mc2_n5_mid3_d1000_05_mr098_r10_59_uai_GDCC_1e-09_n200_roFalse_s0: PNS(V2,V4) exact: (0.0, 0.0673840516)
2026-02-06 13:14:28,055|INFO|random_mc2_n5_mid3_d1000_05_mr098_r10_59_uai_GDCC_1e-09_n200_roTrue_s0: Arguments: Namespace(method='GDCC_1e-09', numruns='200', seed='0', output='../results/synthetic/s123/', rewrite=True, removeoutliers=True, filepath=['../models/synthetic/s123/random_mc2_n5_mid3_d1000_05_mr098_r10_59.uai'])
2026-02-06 13:14:28,055|INFO|random_mc2_n5_mid3_d1000_05_mr098_r10_59_uai_GDCC_1e-09_n200_roTrue_s0: Loading model from ../models/synthetic/s123/random_mc2_n5_mid3_d1000_05_mr098_r10_59.uai
2026-02-06 13:14:28,060|INFO|random_mc2_n5_mid3_d1000_05_mr098_r10_59_uai_GDCC_1e-09_n200_roTrue_s0: Loading data from ../models/synthetic/s123/random_mc2_n5_mid3_d1000_05_mr098_r10_59.csv
2026-02-06 13:14:28,070|INFO|random_mc2_n5_mid3_d1000_05_mr098_r10_59_uai_GDCC_1e-09_n200_roTrue_s0: PNS(V2,V4) exact: (0.0, 0.0673840516)
2026-02-06 13:14:28,116|INFO|random_mc2_n5_mid3_d1000_05_mr098_r10_90_uai_GDCC_1e-09_n200_roTrue_s0: Arguments: Namespace(method='GDCC_1e-09', numruns='200', seed='0', output='../results/synthetic/s123/', rewrite=True, removeoutliers=True, filepath=['../models/synthetic/s123/random_mc2_n5_mid3_d1000_05_mr098_r10_90.uai'])
2026-02-06 13:14:28,116|INFO|random_mc2_n5_mid3_d1000_05_mr098_r10_90_uai_GDCC_1e-09_n200_roTrue_s0: Loading model from ../models/synthetic/s123/random_mc2_n5_mid3_d1000_05_mr098_r10_90.uai
2026-02-06 13:14:28,125|INFO|random_mc2_n5_mid3_d1000_05_mr098_r10_90_uai_GDCC_1e-09_n200_roTrue_s0: Loading data from ../models/synthetic/s123/random_mc2_n5_mid3_d1000_05_mr098_r10_90.csv
2026-02-06 13:14:28,134|INFO|random_mc2_n5_mid3_d1000_05_mr098_r10_90_uai_GDCC_1e-09_n200_roTrue_s0: PNS(V2,V3) exact: (0.70713, 0.8487600000000001)
2026-02-06 13:14:28,174|INFO|random_mc2_n5_mid3_d1000_05_mr098_r10_161_uai_GDCC_1e-09_n200_roTrue_s0: Arguments: Namespace(method='GDCC_1e-09', numruns='200', seed='0', output='../results/synthetic/s123/', rewrite=True, removeoutliers=True, filepath=['../models/synthetic/s123/random_mc2_n5_mid3_d1000_05_mr098_r10_161.uai'])
2026-02-06 13:14:28,199|INFO|random_mc2_n6_mid3_d1000_05_mr098_r10_109_uai_GDCC_1e-09_n200_roTrue_s0: Arguments: Namespace(method='GDCC_1e-09', numruns='200', seed='0', output='../results/synthetic/s123/', rewrite=True, removeoutliers=True, filepath=['../models/synthetic/s123/random_mc2_n6_mid3_d1000_05_mr098_r10_109.uai'])
2026-02-06 13:14:28,201|INFO|random_mc2_n8_mid3_d1000_05_mr098_r10_26_uai_GDCC_1e-09_n200_roFalse_s0: Arguments: Namespace(method='GDCC_1e-09', numruns='200', seed='0', output='../results/synthetic/s123/', rewrite=True, removeoutliers=False, filepath=['../models/synthetic/s123/random_mc2_n8_mid3_d1000_05_mr098_r10_26.uai'])
2026-02-06 13:14:28,203|INFO|random_mc2_n5_mid3_d1000_05_mr098_r10_35_uai_GDCC_1e-09_n200_roFalse_s0: Arguments: Namespace(method='GDCC_1e-09', numruns='200', seed='0', output='../results/synthetic/s123/', rewrite=True, removeoutliers=False, filepath=['../models/synthetic/s123/random_mc2_n5_mid3_d1000_05_mr098_r10_35.uai'])
2026-02-06 13:14:28,174|INFO|random_mc2_n5_mid3_d1000_05_mr098_r10_161_uai_GDCC_1e-09_n200_roTrue_s0: Loading model from ../models/synthetic/s123/random_mc2_n5_mid3_d1000_05_mr098_r10_161.uai
2026-02-06 13:14:28,181|INFO|random_mc2_n5_mid3_d1000_05_mr098_r10_161_uai_GDCC_1e-09_n200_roTrue_s0: Loading data from ../models/synthetic/s123/random_mc2_n5_mid3_d1000_05_mr098_r10_161.csv
2026-02-06 13:14:28,192|INFO|random_mc2_n5_mid3_d1000_05_mr098_r10_161_uai_GDCC_1e-09_n200_roTrue_s0: PNS(V1,V0) exact: (0.0, 0.0)
2026-02-06 13:14:28,193|ERROR|random_mc2_n5_mid3_d1000_05_mr098_r10_161_uai_GDCC_1e-09_n200_roTrue_s0: Model does not have any cause-effect path.
2026-02-06 13:14:28,216|INFO|random_mc2_n7_mid3_d1000_05_mr098_r10_19_uai_GDCC_1e-09_n200_roFalse_s0: Arguments: Namespace(method='GDCC_1e-09', numruns='200', seed='0', output='../results/synthetic/s123/', rewrite=True, removeoutliers=False, filepath=['../models/synthetic/s123/random_mc2_n7_mid3_d1000_05_mr098_r10_19.uai'])
2026-02-06 13:14:28,199|INFO|random_mc2_n6_mid3_d1000_05_mr098_r10_109_uai_GDCC_1e-09_n200_roTrue_s0: Loading model from ../models/synthetic/s123/random_mc2_n6_mid3_d1000_05_mr098_r10_109.uai
2026-02-06 13:14:28,201|INFO|random_mc2_n8_mid3_d1000_05_mr098_r10_26_uai_GDCC_1e-09_n200_roFalse_s0: Loading model from ../models/synthetic/s123/random_mc2_n8_mid3_d1000_05_mr098_r10_26.uai
2026-02-06 13:14:28,224|INFO|random_mc2_n8_mid3_d1000_05_mr098_r10_26_uai_GDCC_1e-09_n200_roFalse_s0: Loading data from ../models/synthetic/s123/random_mc2_n8_mid3_d1000_05_mr098_r10_26.csv
2026-02-06 13:14:28,203|INFO|random_mc2_n5_mid3_d1000_05_mr098_r10_35_uai_GDCC_1e-09_n200_roFalse_s0: Loading model from ../models/synthetic/s123/random_mc2_n5_mid3_d1000_05_mr098_r10_35.uai
2026-02-06 13:14:28,243|INFO|random_mc2_n6_mid3_d1000_05_mr098_r10_81_uai_GDCC_1e-09_n200_roTrue_s0: Arguments: Namespace(method='GDCC_1e-09', numruns='200', seed='0', output='../results/synthetic/s123/', rewrite=True, removeoutliers=True, filepath=['../models/synthetic/s123/random_mc2_n6_mid3_d1000_05_mr098_r10_81.uai'])
2026-02-06 13:14:28,209|INFO|random_mc2_n5_mid3_d1000_05_mr098_r10_35_uai_GDCC_1e-09_n200_roFalse_s0: Loading data from ../models/synthetic/s123/random_mc2_n5_mid3_d1000_05_mr098_r10_35.csv
2026-02-06 13:14:28,219|INFO|random_mc2_n5_mid3_d1000_05_mr098_r10_35_uai_GDCC_1e-09_n200_roFalse_s0: PNS(V1,V0) exact: (0.0068097203999999, 0.1260976746)
2026-02-06 13:14:28,216|INFO|random_mc2_n7_mid3_d1000_05_mr098_r10_19_uai_GDCC_1e-09_n200_roFalse_s0: Loading model from ../models/synthetic/s123/random_mc2_n7_mid3_d1000_05_mr098_r10_19.uai
2026-02-06 13:14:28,229|INFO|random_mc2_n7_mid3_d1000_05_mr098_r10_19_uai_GDCC_1e-09_n200_roFalse_s0: Loading data from ../models/synthetic/s123/random_mc2_n7_mid3_d1000_05_mr098_r10_19.csv
2026-02-06 13:14:28,243|INFO|random_mc2_n6_mid3_d1000_05_mr098_r10_81_uai_GDCC_1e-09_n200_roTrue_s0: Loading model from ../models/synthetic/s123/random_mc2_n6_mid3_d1000_05_mr098_r10_81.uai
2026-02-06 13:14:28,253|INFO|random_mc2_n6_mid3_d1000_05_mr098_r10_81_uai_GDCC_1e-09_n200_roTrue_s0: Loading data from ../models/synthetic/s123/random_mc2_n6_mid3_d1000_05_mr098_r10_81.csv
2026-02-06 13:14:28,263|INFO|random_mc2_n6_mid3_d1000_05_mr098_r10_81_uai_GDCC_1e-09_n200_roTrue_s0: PNS(V0,V1) exact: (0.3372099000000001, 0.3372099000000001)
2026-02-06 13:14:28,318|INFO|random_mc2_n6_mid3_d1000_05_mr098_r10_145_uai_GDCC_1e-09_n200_roFalse_s0: Arguments: Namespace(method='GDCC_1e-09', numruns='200', seed='0', output='../results/synthetic/s123/', rewrite=True, removeoutliers=False, filepath=['../models/synthetic/s123/random_mc2_n6_mid3_d1000_05_mr098_r10_145.uai'])
2026-02-06 13:14:28,337|INFO|random_mc2_n7_mid3_d1000_05_mr098_r10_62_uai_GDCC_1e-09_n200_roTrue_s0: Arguments: Namespace(method='GDCC_1e-09', numruns='200', seed='0', output='../results/synthetic/s123/', rewrite=True, removeoutliers=True, filepath=['../models/synthetic/s123/random_mc2_n7_mid3_d1000_05_mr098_r10_62.uai'])
2026-02-06 13:14:28,318|INFO|random_mc2_n6_mid3_d1000_05_mr098_r10_145_uai_GDCC_1e-09_n200_roFalse_s0: Loading model from ../models/synthetic/s123/random_mc2_n6_mid3_d1000_05_mr098_r10_145.uai
2026-02-06 13:14:28,338|INFO|random_mc2_n6_mid3_d1000_05_mr098_r10_145_uai_GDCC_1e-09_n200_roFalse_s0: Loading data from ../models/synthetic/s123/random_mc2_n6_mid3_d1000_05_mr098_r10_145.csv
2026-02-06 13:14:28,337|INFO|random_mc2_n7_mid3_d1000_05_mr098_r10_62_uai_GDCC_1e-09_n200_roTrue_s0: Loading model from ../models/synthetic/s123/random_mc2_n7_mid3_d1000_05_mr098_r10_62.uai
2026-02-06 13:14:28,419|INFO|random_mc2_n6_mid3_d1000_05_mr098_r10_109_uai_GDCC_1e-09_n200_roTrue_s0: Loading data from ../models/synthetic/s123/random_mc2_n6_mid3_d1000_05_mr098_r10_109.csv
2026-02-06 13:14:28,436|INFO|random_mc2_n7_mid3_d1000_05_mr098_r10_62_uai_GDCC_1e-09_n200_roTrue_s0: Loading data from ../models/synthetic/s123/random_mc2_n7_mid3_d1000_05_mr098_r10_62.csv
2026-02-06 13:14:28,485|INFO|random_mc2_n5_mid3_d1000_05_mr098_r10_178_uai_GDCC_1e-09_n200_roFalse_s0: Arguments: Namespace(method='GDCC_1e-09', numruns='200', seed='0', output='../results/synthetic/s123/', rewrite=True, removeoutliers=False, filepath=['../models/synthetic/s123/random_mc2_n5_mid3_d1000_05_mr098_r10_178.uai'])
2026-02-06 13:14:28,495|INFO|random_mc2_n5_mid3_d1000_05_mr098_r10_152_uai_GDCC_1e-09_n200_roTrue_s0: Arguments: Namespace(method='GDCC_1e-09', numruns='200', seed='0', output='../results/synthetic/s123/', rewrite=True, removeoutliers=True, filepath=['../models/synthetic/s123/random_mc2_n5_mid3_d1000_05_mr098_r10_152.uai'])
2026-02-06 13:14:28,503|INFO|random_mc2_n5_mid3_d1000_05_mr098_r10_15_uai_GDCC_1e-09_n200_roFalse_s0: Arguments: Namespace(method='GDCC_1e-09', numruns='200', seed='0', output='../results/synthetic/s123/', rewrite=True, removeoutliers=False, filepath=['../models/synthetic/s123/random_mc2_n5_mid3_d1000_05_mr098_r10_15.uai'])
2026-02-06 13:14:28,506|INFO|random_mc2_n8_mid3_d1000_05_mr098_r10_3_uai_GDCC_1e-09_n200_roTrue_s0: Arguments: Namespace(method='GDCC_1e-09', numruns='200', seed='0', output='../results/synthetic/s123/', rewrite=True, removeoutliers=True, filepath=['../models/synthetic/s123/random_mc2_n8_mid3_d1000_05_mr098_r10_3.uai'])
2026-02-06 13:14:28,507|INFO|random_mc2_n6_mid3_d1000_05_mr098_r10_150_uai_GDCC_1e-09_n200_roFalse_s0: Arguments: Namespace(method='GDCC_1e-09', numruns='200', seed='0', output='../results/synthetic/s123/', rewrite=True, removeoutliers=False, filepath=['../models/synthetic/s123/random_mc2_n6_mid3_d1000_05_mr098_r10_150.uai'])
2026-02-06 13:14:28,508|INFO|random_mc2_n9_mid3_d1000_05_mr098_r10_192_uai_GDCC_1e-09_n200_roTrue_s0: Arguments: Namespace(method='GDCC_1e-09', numruns='200', seed='0', output='../results/synthetic/s123/', rewrite=True, removeoutliers=True, filepath=['../models/synthetic/s123/random_mc2_n9_mid3_d1000_05_mr098_r10_192.uai'])
2026-02-06 13:14:28,524|INFO|random_mc2_n9_mid3_d1000_05_mr098_r10_122_uai_GDCC_1e-09_n200_roTrue_s0: Arguments: Namespace(method='GDCC_1e-09', numruns='200', seed='0', output='../results/synthetic/s123/', rewrite=True, removeoutliers=True, filepath=['../models/synthetic/s123/random_mc2_n9_mid3_d1000_05_mr098_r10_122.uai'])
2026-02-06 13:14:28,485|INFO|random_mc2_n5_mid3_d1000_05_mr098_r10_178_uai_GDCC_1e-09_n200_roFalse_s0: Loading model from ../models/synthetic/s123/random_mc2_n5_mid3_d1000_05_mr098_r10_178.uai
2026-02-06 13:14:28,513|INFO|random_mc2_n5_mid3_d1000_05_mr098_r10_178_uai_GDCC_1e-09_n200_roFalse_s0: Loading data from ../models/synthetic/s123/random_mc2_n5_mid3_d1000_05_mr098_r10_178.csv
2026-02-06 13:14:28,495|INFO|random_mc2_n5_mid3_d1000_05_mr098_r10_152_uai_GDCC_1e-09_n200_roTrue_s0: Loading model from ../models/synthetic/s123/random_mc2_n5_mid3_d1000_05_mr098_r10_152.uai
2026-02-06 13:14:28,504|INFO|random_mc2_n5_mid3_d1000_05_mr098_r10_152_uai_GDCC_1e-09_n200_roTrue_s0: Loading data from ../models/synthetic/s123/random_mc2_n5_mid3_d1000_05_mr098_r10_152.csv
2026-02-06 13:14:28,503|INFO|random_mc2_n5_mid3_d1000_05_mr098_r10_15_uai_GDCC_1e-09_n200_roFalse_s0: Loading model from ../models/synthetic/s123/random_mc2_n5_mid3_d1000_05_mr098_r10_15.uai
2026-02-06 13:14:28,506|INFO|random_mc2_n8_mid3_d1000_05_mr098_r10_3_uai_GDCC_1e-09_n200_roTrue_s0: Loading model from ../models/synthetic/s123/random_mc2_n8_mid3_d1000_05_mr098_r10_3.uai
2026-02-06 13:14:28,533|INFO|random_mc2_n8_mid3_d1000_05_mr098_r10_3_uai_GDCC_1e-09_n200_roTrue_s0: Loading data from ../models/synthetic/s123/random_mc2_n8_mid3_d1000_05_mr098_r10_3.csv
2026-02-06 13:14:28,544|INFO|random_mc2_n8_mid3_d1000_05_mr098_r10_3_uai_GDCC_1e-09_n200_roTrue_s0: PNS(V5,V7) exact: (0.0133650763190615, 0.0741909892031331)
2026-02-06 13:14:28,507|INFO|random_mc2_n6_mid3_d1000_05_mr098_r10_150_uai_GDCC_1e-09_n200_roFalse_s0: Loading model from ../models/synthetic/s123/random_mc2_n6_mid3_d1000_05_mr098_r10_150.uai
2026-02-06 13:14:28,528|INFO|random_mc2_n6_mid3_d1000_05_mr098_r10_150_uai_GDCC_1e-09_n200_roFalse_s0: Loading data from ../models/synthetic/s123/random_mc2_n6_mid3_d1000_05_mr098_r10_150.csv
2026-02-06 13:14:28,508|INFO|random_mc2_n9_mid3_d1000_05_mr098_r10_192_uai_GDCC_1e-09_n200_roTrue_s0: Loading model from ../models/synthetic/s123/random_mc2_n9_mid3_d1000_05_mr098_r10_192.uai
2026-02-06 13:14:28,554|INFO|random_mc2_n5_mid3_d1000_05_mr098_r10_15_uai_GDCC_1e-09_n200_roFalse_s0: Loading data from ../models/synthetic/s123/random_mc2_n5_mid3_d1000_05_mr098_r10_15.csv
2026-02-06 13:14:28,524|INFO|random_mc2_n9_mid3_d1000_05_mr098_r10_122_uai_GDCC_1e-09_n200_roTrue_s0: Loading model from ../models/synthetic/s123/random_mc2_n9_mid3_d1000_05_mr098_r10_122.uai
2026-02-06 13:14:28,585|INFO|random_mc2_n5_mid3_d1000_05_mr098_r10_15_uai_GDCC_1e-09_n200_roFalse_s0: PNS(V1,V2) exact: (0.190870353918592, 0.3460951275809139)
2026-02-06 13:14:28,586|INFO|random_mc2_n9_mid3_d1000_05_mr098_r10_192_uai_GDCC_1e-09_n200_roTrue_s0: Loading data from ../models/synthetic/s123/random_mc2_n9_mid3_d1000_05_mr098_r10_192.csv
2026-02-06 13:14:28,599|INFO|random_mc2_n7_mid3_d1000_05_mr098_r10_5_uai_GDCC_1e-09_n200_roTrue_s0: Arguments: Namespace(method='GDCC_1e-09', numruns='200', seed='0', output='../results/synthetic/s123/', rewrite=True, removeoutliers=True, filepath=['../models/synthetic/s123/random_mc2_n7_mid3_d1000_05_mr098_r10_5.uai'])
2026-02-06 13:14:28,617|INFO|random_mc2_n7_mid3_d1000_05_mr098_r10_20_uai_GDCC_1e-09_n200_roFalse_s0: Arguments: Namespace(method='GDCC_1e-09', numruns='200', seed='0', output='../results/synthetic/s123/', rewrite=True, removeoutliers=False, filepath=['../models/synthetic/s123/random_mc2_n7_mid3_d1000_05_mr098_r10_20.uai'])
2026-02-06 13:14:28,619|INFO|random_mc2_n5_mid3_d1000_05_mr098_r10_58_uai_GDCC_1e-09_n200_roTrue_s0: Arguments: Namespace(method='GDCC_1e-09', numruns='200', seed='0', output='../results/synthetic/s123/', rewrite=True, removeoutliers=True, filepath=['../models/synthetic/s123/random_mc2_n5_mid3_d1000_05_mr098_r10_58.uai'])
2026-02-06 13:14:28,636|INFO|random_mc2_n6_mid3_d1000_05_mr098_r10_190_uai_GDCC_1e-09_n200_roFalse_s0: Arguments: Namespace(method='GDCC_1e-09', numruns='200', seed='0', output='../results/synthetic/s123/', rewrite=True, removeoutliers=False, filepath=['../models/synthetic/s123/random_mc2_n6_mid3_d1000_05_mr098_r10_190.uai'])
2026-02-06 13:14:28,599|INFO|random_mc2_n7_mid3_d1000_05_mr098_r10_5_uai_GDCC_1e-09_n200_roTrue_s0: Loading model from ../models/synthetic/s123/random_mc2_n7_mid3_d1000_05_mr098_r10_5.uai
2026-02-06 13:14:28,614|INFO|random_mc2_n7_mid3_d1000_05_mr098_r10_5_uai_GDCC_1e-09_n200_roTrue_s0: Loading data from ../models/synthetic/s123/random_mc2_n7_mid3_d1000_05_mr098_r10_5.csv
2026-02-06 13:14:28,617|INFO|random_mc2_n7_mid3_d1000_05_mr098_r10_20_uai_GDCC_1e-09_n200_roFalse_s0: Loading model from ../models/synthetic/s123/random_mc2_n7_mid3_d1000_05_mr098_r10_20.uai
2026-02-06 13:14:28,628|INFO|random_mc2_n7_mid3_d1000_05_mr098_r10_20_uai_GDCC_1e-09_n200_roFalse_s0: Loading data from ../models/synthetic/s123/random_mc2_n7_mid3_d1000_05_mr098_r10_20.csv
2026-02-06 13:14:28,619|INFO|random_mc2_n5_mid3_d1000_05_mr098_r10_58_uai_GDCC_1e-09_n200_roTrue_s0: Loading model from ../models/synthetic/s123/random_mc2_n5_mid3_d1000_05_mr098_r10_58.uai
2026-02-06 13:14:28,631|INFO|random_mc2_n5_mid3_d1000_05_mr098_r10_58_uai_GDCC_1e-09_n200_roTrue_s0: Loading data from ../models/synthetic/s123/random_mc2_n5_mid3_d1000_05_mr098_r10_58.csv
2026-02-06 13:14:28,642|INFO|random_mc2_n5_mid3_d1000_05_mr098_r10_58_uai_GDCC_1e-09_n200_roTrue_s0: PNS(V1,V4) exact: (0.0036215301384, 0.042303308980416)
2026-02-06 13:14:28,636|INFO|random_mc2_n6_mid3_d1000_05_mr098_r10_190_uai_GDCC_1e-09_n200_roFalse_s0: Loading model from ../models/synthetic/s123/random_mc2_n6_mid3_d1000_05_mr098_r10_190.uai
2026-02-06 13:14:28,646|INFO|random_mc2_n6_mid3_d1000_05_mr098_r10_190_uai_GDCC_1e-09_n200_roFalse_s0: Loading data from ../models/synthetic/s123/random_mc2_n6_mid3_d1000_05_mr098_r10_190.csv
2026-02-06 13:14:28,656|INFO|random_mc2_n6_mid3_d1000_05_mr098_r10_190_uai_GDCC_1e-09_n200_roFalse_s0: PNS(V1,V3) exact: (0.6666155524875482, 0.789958677372704)
2026-02-06 13:14:28,766|INFO|random_mc2_n9_mid3_d1000_05_mr098_r10_122_uai_GDCC_1e-09_n200_roTrue_s0: Loading data from ../models/synthetic/s123/random_mc2_n9_mid3_d1000_05_mr098_r10_122.csv
2026-02-06 13:14:29,713|INFO|random_mc2_n9_mid3_d1000_05_mr098_r10_32_uai_GDCC_1e-09_n200_roTrue_s0: Arguments: Namespace(method='GDCC_1e-09', numruns='200', seed='0', output='../results/synthetic/s123/', rewrite=True, removeoutliers=True, filepath=['../models/synthetic/s123/random_mc2_n9_mid3_d1000_05_mr098_r10_32.uai'])
2026-02-06 13:14:29,713|INFO|random_mc2_n9_mid3_d1000_05_mr098_r10_32_uai_GDCC_1e-09_n200_roTrue_s0: Loading model from ../models/synthetic/s123/random_mc2_n9_mid3_d1000_05_mr098_r10_32.uai
2026-02-06 13:14:29,731|INFO|random_mc2_n9_mid3_d1000_05_mr098_r10_32_uai_GDCC_1e-09_n200_roTrue_s0: Loading data from ../models/synthetic/s123/random_mc2_n9_mid3_d1000_05_mr098_r10_32.csv
2026-02-06 13:14:29,741|INFO|random_mc2_n9_mid3_d1000_05_mr098_r10_32_uai_GDCC_1e-09_n200_roTrue_s0: PNS(V1,V3) exact: (0.0, 0.0)
2026-02-06 13:14:29,741|ERROR|random_mc2_n9_mid3_d1000_05_mr098_r10_32_uai_GDCC_1e-09_n200_roTrue_s0: Model does not have any cause-effect path.
2026-02-06 13:14:29,918|INFO|random_mc2_n6_mid3_d1000_05_mr098_r10_23_uai_GDCC_1e-09_n200_roTrue_s0: Arguments: Namespace(method='GDCC_1e-09', numruns='200', seed='0', output='../results/synthetic/s123/', rewrite=True, removeoutliers=True, filepath=['../models/synthetic/s123/random_mc2_n6_mid3_d1000_05_mr098_r10_23.uai'])
2026-02-06 13:14:29,919|INFO|random_mc2_n6_mid3_d1000_05_mr098_r10_23_uai_GDCC_1e-09_n200_roTrue_s0: Loading model from ../models/synthetic/s123/random_mc2_n6_mid3_d1000_05_mr098_r10_23.uai
2026-02-06 13:14:29,927|INFO|random_mc2_n6_mid3_d1000_05_mr098_r10_23_uai_GDCC_1e-09_n200_roTrue_s0: Loading data from ../models/synthetic/s123/random_mc2_n6_mid3_d1000_05_mr098_r10_23.csv
2026-02-06 13:14:29,943|INFO|random_mc2_n6_mid3_d1000_05_mr098_r10_23_uai_GDCC_1e-09_n200_roTrue_s0: PNS(V0,V5) exact: (0.0, 0.206564908524544)
2026-02-06 13:14:39,126|INFO|random_mc2_n5_mid3_d1000_05_mr098_r10_81_uai_GDCC_1e-09_n200_roTrue_s0: Arguments: Namespace(method='GDCC_1e-09', numruns='200', seed='0', output='../results/synthetic/s123/', rewrite=True, removeoutliers=True, filepath=['../models/synthetic/s123/random_mc2_n5_mid3_d1000_05_mr098_r10_81.uai'])
2026-02-06 13:14:39,126|INFO|random_mc2_n5_mid3_d1000_05_mr098_r10_81_uai_GDCC_1e-09_n200_roTrue_s0: Loading model from ../models/synthetic/s123/random_mc2_n5_mid3_d1000_05_mr098_r10_81.uai
2026-02-06 13:14:39,139|INFO|random_mc2_n5_mid3_d1000_05_mr098_r10_81_uai_GDCC_1e-09_n200_roTrue_s0: Loading data from ../models/synthetic/s123/random_mc2_n5_mid3_d1000_05_mr098_r10_81.csv
2026-02-06 13:14:39,191|INFO|random_mc2_n5_mid3_d1000_05_mr098_r10_176_uai_GDCC_1e-09_n200_roTrue_s0: Arguments: Namespace(method='GDCC_1e-09', numruns='200', seed='0', output='../results/synthetic/s123/', rewrite=True, removeoutliers=True, filepath=['../models/synthetic/s123/random_mc2_n5_mid3_d1000_05_mr098_r10_176.uai'])
2026-02-06 13:14:39,213|INFO|random_mc2_n8_mid3_d1000_05_mr098_r10_39_uai_GDCC_1e-09_n200_roFalse_s0: Arguments: Namespace(method='GDCC_1e-09', numruns='200', seed='0', output='../results/synthetic/s123/', rewrite=True, removeoutliers=False, filepath=['../models/synthetic/s123/random_mc2_n8_mid3_d1000_05_mr098_r10_39.uai'])
2026-02-06 13:14:39,221|INFO|random_mc2_n8_mid3_d1000_05_mr098_r10_32_uai_GDCC_1e-09_n200_roFalse_s0: Arguments: Namespace(method='GDCC_1e-09', numruns='200', seed='0', output='../results/synthetic/s123/', rewrite=True, removeoutliers=False, filepath=['../models/synthetic/s123/random_mc2_n8_mid3_d1000_05_mr098_r10_32.uai'])
2026-02-06 13:14:39,191|INFO|random_mc2_n5_mid3_d1000_05_mr098_r10_176_uai_GDCC_1e-09_n200_roTrue_s0: Loading model from ../models/synthetic/s123/random_mc2_n5_mid3_d1000_05_mr098_r10_176.uai
2026-02-06 13:14:39,198|INFO|random_mc2_n5_mid3_d1000_05_mr098_r10_176_uai_GDCC_1e-09_n200_roTrue_s0: Loading data from ../models/synthetic/s123/random_mc2_n5_mid3_d1000_05_mr098_r10_176.csv
2026-02-06 13:14:39,213|INFO|random_mc2_n8_mid3_d1000_05_mr098_r10_39_uai_GDCC_1e-09_n200_roFalse_s0: Loading model from ../models/synthetic/s123/random_mc2_n8_mid3_d1000_05_mr098_r10_39.uai
2026-02-06 13:14:39,226|INFO|random_mc2_n8_mid3_d1000_05_mr098_r10_39_uai_GDCC_1e-09_n200_roFalse_s0: Loading data from ../models/synthetic/s123/random_mc2_n8_mid3_d1000_05_mr098_r10_39.csv
2026-02-06 13:14:39,222|INFO|random_mc2_n8_mid3_d1000_05_mr098_r10_32_uai_GDCC_1e-09_n200_roFalse_s0: Loading model from ../models/synthetic/s123/random_mc2_n8_mid3_d1000_05_mr098_r10_32.uai
2026-02-06 13:14:39,243|INFO|random_mc2_n8_mid3_d1000_05_mr098_r10_32_uai_GDCC_1e-09_n200_roFalse_s0: Loading data from ../models/synthetic/s123/random_mc2_n8_mid3_d1000_05_mr098_r10_32.csv
2026-02-06 13:14:40,719|INFO|random_mc2_n5_mid3_d1000_05_mr098_r10_116_uai_GDCC_1e-09_n200_roTrue_s0: Arguments: Namespace(method='GDCC_1e-09', numruns='200', seed='0', output='../results/synthetic/s123/', rewrite=True, removeoutliers=True, filepath=['../models/synthetic/s123/random_mc2_n5_mid3_d1000_05_mr098_r10_116.uai'])
2026-02-06 13:14:40,722|INFO|random_mc2_n6_mid3_d1000_05_mr098_r10_151_uai_GDCC_1e-09_n200_roFalse_s0: Arguments: Namespace(method='GDCC_1e-09', numruns='200', seed='0', output='../results/synthetic/s123/', rewrite=True, removeoutliers=False, filepath=['../models/synthetic/s123/random_mc2_n6_mid3_d1000_05_mr098_r10_151.uai'])
2026-02-06 13:14:40,736|INFO|random_mc2_n5_mid3_d1000_05_mr098_r10_102_uai_GDCC_1e-09_n200_roTrue_s0: Arguments: Namespace(method='GDCC_1e-09', numruns='200', seed='0', output='../results/synthetic/s123/', rewrite=True, removeoutliers=True, filepath=['../models/synthetic/s123/random_mc2_n5_mid3_d1000_05_mr098_r10_102.uai'])
2026-02-06 13:14:40,719|INFO|random_mc2_n5_mid3_d1000_05_mr098_r10_116_uai_GDCC_1e-09_n200_roTrue_s0: Loading model from ../models/synthetic/s123/random_mc2_n5_mid3_d1000_05_mr098_r10_116.uai
2026-02-06 13:14:40,726|INFO|random_mc2_n5_mid3_d1000_05_mr098_r10_116_uai_GDCC_1e-09_n200_roTrue_s0: Loading data from ../models/synthetic/s123/random_mc2_n5_mid3_d1000_05_mr098_r10_116.csv
2026-02-06 13:14:40,736|INFO|random_mc2_n5_mid3_d1000_05_mr098_r10_116_uai_GDCC_1e-09_n200_roTrue_s0: PNS(V1,V3) exact: (0.0, 0.0017957419812)
2026-02-06 13:14:40,722|INFO|random_mc2_n6_mid3_d1000_05_mr098_r10_151_uai_GDCC_1e-09_n200_roFalse_s0: Loading model from ../models/synthetic/s123/random_mc2_n6_mid3_d1000_05_mr098_r10_151.uai
2026-02-06 13:14:40,736|INFO|random_mc2_n5_mid3_d1000_05_mr098_r10_102_uai_GDCC_1e-09_n200_roTrue_s0: Loading model from ../models/synthetic/s123/random_mc2_n5_mid3_d1000_05_mr098_r10_102.uai
2026-02-06 13:14:40,741|INFO|random_mc2_n5_mid3_d1000_05_mr098_r10_102_uai_GDCC_1e-09_n200_roTrue_s0: Loading data from ../models/synthetic/s123/random_mc2_n5_mid3_d1000_05_mr098_r10_102.csv
2026-02-06 13:14:40,755|INFO|random_mc2_n5_mid3_d1000_05_mr098_r10_102_uai_GDCC_1e-09_n200_roTrue_s0: PNS(V3,V0) exact: (0.2629687949824, 0.477036655678528)
2026-02-06 13:14:40,801|INFO|random_mc2_n9_mid3_d1000_05_mr098_r10_1_uai_GDCC_1e-09_n200_roFalse_s0: Arguments: Namespace(method='GDCC_1e-09', numruns='200', seed='0', output='../results/synthetic/s123/', rewrite=True, removeoutliers=False, filepath=['../models/synthetic/s123/random_mc2_n9_mid3_d1000_05_mr098_r10_1.uai'])
2026-02-06 13:14:40,801|INFO|random_mc2_n9_mid3_d1000_05_mr098_r10_1_uai_GDCC_1e-09_n200_roFalse_s0: Loading model from ../models/synthetic/s123/random_mc2_n9_mid3_d1000_05_mr098_r10_1.uai
2026-02-06 13:14:40,851|INFO|random_mc2_n9_mid3_d1000_05_mr098_r10_1_uai_GDCC_1e-09_n200_roFalse_s0: Loading data from ../models/synthetic/s123/random_mc2_n9_mid3_d1000_05_mr098_r10_1.csv
2026-02-06 13:14:40,861|INFO|random_mc2_n9_mid3_d1000_05_mr098_r10_1_uai_GDCC_1e-09_n200_roFalse_s0: PNS(V6,V2) exact: (0.156075015699298, 0.162433592078674)
2026-02-06 13:14:40,861|INFO|random_mc2_n7_mid3_d1000_05_mr098_r10_49_uai_GDCC_1e-09_n200_roFalse_s0: Arguments: Namespace(method='GDCC_1e-09', numruns='200', seed='0', output='../results/synthetic/s123/', rewrite=True, removeoutliers=False, filepath=['../models/synthetic/s123/random_mc2_n7_mid3_d1000_05_mr098_r10_49.uai'])
2026-02-06 13:14:40,861|INFO|random_mc2_n7_mid3_d1000_05_mr098_r10_49_uai_GDCC_1e-09_n200_roFalse_s0: Loading model from ../models/synthetic/s123/random_mc2_n7_mid3_d1000_05_mr098_r10_49.uai
2026-02-06 13:14:40,873|INFO|random_mc2_n7_mid3_d1000_05_mr098_r10_49_uai_GDCC_1e-09_n200_roFalse_s0: Loading data from ../models/synthetic/s123/random_mc2_n7_mid3_d1000_05_mr098_r10_49.csv
2026-02-06 13:14:40,884|INFO|random_mc2_n7_mid3_d1000_05_mr098_r10_49_uai_GDCC_1e-09_n200_roFalse_s0: PNS(V4,V3) exact: (0.0163816299, 0.4155382627)
2026-02-06 13:14:40,952|INFO|random_mc2_n6_mid3_d1000_05_mr098_r10_151_uai_GDCC_1e-09_n200_roFalse_s0: Loading data from ../models/synthetic/s123/random_mc2_n6_mid3_d1000_05_mr098_r10_151.csv
2026-02-06 13:14:41,057|INFO|random_mc2_n5_mid3_d1000_05_mr098_r10_111_uai_GDCC_1e-09_n200_roFalse_s0: Arguments: Namespace(method='GDCC_1e-09', numruns='200', seed='0', output='../results/synthetic/s123/', rewrite=True, removeoutliers=False, filepath=['../models/synthetic/s123/random_mc2_n5_mid3_d1000_05_mr098_r10_111.uai'])
2026-02-06 13:14:41,057|INFO|random_mc2_n5_mid3_d1000_05_mr098_r10_111_uai_GDCC_1e-09_n200_roFalse_s0: Loading model from ../models/synthetic/s123/random_mc2_n5_mid3_d1000_05_mr098_r10_111.uai
2026-02-06 13:14:41,066|INFO|random_mc2_n5_mid3_d1000_05_mr098_r10_111_uai_GDCC_1e-09_n200_roFalse_s0: Loading data from ../models/synthetic/s123/random_mc2_n5_mid3_d1000_05_mr098_r10_111.csv
2026-02-06 13:14:41,991|INFO|random_mc2_n5_mid3_d1000_05_mr098_r10_80_uai_GDCC_1e-09_n200_roTrue_s0: Arguments: Namespace(method='GDCC_1e-09', numruns='200', seed='0', output='../results/synthetic/s123/', rewrite=True, removeoutliers=True, filepath=['../models/synthetic/s123/random_mc2_n5_mid3_d1000_05_mr098_r10_80.uai'])
2026-02-06 13:14:41,991|INFO|random_mc2_n5_mid3_d1000_05_mr098_r10_80_uai_GDCC_1e-09_n200_roTrue_s0: Loading model from ../models/synthetic/s123/random_mc2_n5_mid3_d1000_05_mr098_r10_80.uai
2026-02-06 13:14:42,002|INFO|random_mc2_n5_mid3_d1000_05_mr098_r10_80_uai_GDCC_1e-09_n200_roTrue_s0: Loading data from ../models/synthetic/s123/random_mc2_n5_mid3_d1000_05_mr098_r10_80.csv
2026-02-06 13:14:42,016|INFO|random_mc2_n5_mid3_d1000_05_mr098_r10_80_uai_GDCC_1e-09_n200_roTrue_s0: PNS(V1,V4) exact: (0.950554689425868, 0.970786964773004)
2026-02-06 13:14:42,033|INFO|random_mc2_n6_mid3_d1000_05_mr098_r10_95_uai_GDCC_1e-09_n200_roFalse_s0: Arguments: Namespace(method='GDCC_1e-09', numruns='200', seed='0', output='../results/synthetic/s123/', rewrite=True, removeoutliers=False, filepath=['../models/synthetic/s123/random_mc2_n6_mid3_d1000_05_mr098_r10_95.uai'])
2026-02-06 13:14:42,065|INFO|random_mc2_n7_mid3_d1000_05_mr098_r10_25_uai_GDCC_1e-09_n200_roTrue_s0: Arguments: Namespace(method='GDCC_1e-09', numruns='200', seed='0', output='../results/synthetic/s123/', rewrite=True, removeoutliers=True, filepath=['../models/synthetic/s123/random_mc2_n7_mid3_d1000_05_mr098_r10_25.uai'])
2026-02-06 13:14:42,033|INFO|random_mc2_n6_mid3_d1000_05_mr098_r10_95_uai_GDCC_1e-09_n200_roFalse_s0: Loading model from ../models/synthetic/s123/random_mc2_n6_mid3_d1000_05_mr098_r10_95.uai
2026-02-06 13:14:42,045|INFO|random_mc2_n6_mid3_d1000_05_mr098_r10_95_uai_GDCC_1e-09_n200_roFalse_s0: Loading data from ../models/synthetic/s123/random_mc2_n6_mid3_d1000_05_mr098_r10_95.csv
2026-02-06 13:14:42,056|INFO|random_mc2_n6_mid3_d1000_05_mr098_r10_95_uai_GDCC_1e-09_n200_roFalse_s0: PNS(V0,V3) exact: (0.0125035191999999, 0.0125035191999999)
2026-02-06 13:14:42,065|INFO|random_mc2_n7_mid3_d1000_05_mr098_r10_25_uai_GDCC_1e-09_n200_roTrue_s0: Loading model from ../models/synthetic/s123/random_mc2_n7_mid3_d1000_05_mr098_r10_25.uai
2026-02-06 13:14:42,081|INFO|random_mc2_n7_mid3_d1000_05_mr098_r10_25_uai_GDCC_1e-09_n200_roTrue_s0: Loading data from ../models/synthetic/s123/random_mc2_n7_mid3_d1000_05_mr098_r10_25.csv
2026-02-06 13:14:42,123|INFO|random_mc2_n5_mid3_d1000_05_mr098_r10_48_uai_GDCC_1e-09_n200_roFalse_s0: Arguments: Namespace(method='GDCC_1e-09', numruns='200', seed='0', output='../results/synthetic/s123/', rewrite=True, removeoutliers=False, filepath=['../models/synthetic/s123/random_mc2_n5_mid3_d1000_05_mr098_r10_48.uai'])
2026-02-06 13:14:42,163|INFO|random_mc2_n5_mid3_d1000_05_mr098_r10_86_uai_GDCC_1e-09_n200_roTrue_s0: Arguments: Namespace(method='GDCC_1e-09', numruns='200', seed='0', output='../results/synthetic/s123/', rewrite=True, removeoutliers=True, filepath=['../models/synthetic/s123/random_mc2_n5_mid3_d1000_05_mr098_r10_86.uai'])
2026-02-06 13:14:42,124|INFO|random_mc2_n5_mid3_d1000_05_mr098_r10_48_uai_GDCC_1e-09_n200_roFalse_s0: Loading model from ../models/synthetic/s123/random_mc2_n5_mid3_d1000_05_mr098_r10_48.uai
2026-02-06 13:14:42,129|INFO|random_mc2_n5_mid3_d1000_05_mr098_r10_48_uai_GDCC_1e-09_n200_roFalse_s0: Loading data from ../models/synthetic/s123/random_mc2_n5_mid3_d1000_05_mr098_r10_48.csv
2026-02-06 13:14:42,145|INFO|random_mc2_n5_mid3_d1000_05_mr098_r10_48_uai_GDCC_1e-09_n200_roFalse_s0: PNS(V0,V4) exact: (0.3710704247999999, 0.4223098252000001)
2026-02-06 13:14:42,176|INFO|random_mc2_n5_mid3_d1000_05_mr098_r10_105_uai_GDCC_1e-09_n200_roFalse_s0: Arguments: Namespace(method='GDCC_1e-09', numruns='200', seed='0', output='../results/synthetic/s123/', rewrite=True, removeoutliers=False, filepath=['../models/synthetic/s123/random_mc2_n5_mid3_d1000_05_mr098_r10_105.uai'])
2026-02-06 13:14:42,188|INFO|random_mc2_n7_mid3_d1000_05_mr098_r10_15_uai_GDCC_1e-09_n200_roTrue_s0: Arguments: Namespace(method='GDCC_1e-09', numruns='200', seed='0', output='../results/synthetic/s123/', rewrite=True, removeoutliers=True, filepath=['../models/synthetic/s123/random_mc2_n7_mid3_d1000_05_mr098_r10_15.uai'])
2026-02-06 13:14:42,193|INFO|random_mc2_n7_mid3_d1000_05_mr098_r10_56_uai_GDCC_1e-09_n200_roTrue_s0: Arguments: Namespace(method='GDCC_1e-09', numruns='200', seed='0', output='../results/synthetic/s123/', rewrite=True, removeoutliers=True, filepath=['../models/synthetic/s123/random_mc2_n7_mid3_d1000_05_mr098_r10_56.uai'])
2026-02-06 13:14:42,196|INFO|random_mc2_n5_mid3_d1000_05_mr098_r10_132_uai_GDCC_1e-09_n200_roTrue_s0: Arguments: Namespace(method='GDCC_1e-09', numruns='200', seed='0', output='../results/synthetic/s123/', rewrite=True, removeoutliers=True, filepath=['../models/synthetic/s123/random_mc2_n5_mid3_d1000_05_mr098_r10_132.uai'])
2026-02-06 13:14:42,163|INFO|random_mc2_n5_mid3_d1000_05_mr098_r10_86_uai_GDCC_1e-09_n200_roTrue_s0: Loading model from ../models/synthetic/s123/random_mc2_n5_mid3_d1000_05_mr098_r10_86.uai
2026-02-06 13:14:42,169|INFO|random_mc2_n5_mid3_d1000_05_mr098_r10_86_uai_GDCC_1e-09_n200_roTrue_s0: Loading data from ../models/synthetic/s123/random_mc2_n5_mid3_d1000_05_mr098_r10_86.csv
2026-02-06 13:14:42,179|INFO|random_mc2_n5_mid3_d1000_05_mr098_r10_86_uai_GDCC_1e-09_n200_roTrue_s0: PNS(V3,V4) exact: (0.104073125, 0.2262469198)
2026-02-06 13:14:42,176|INFO|random_mc2_n5_mid3_d1000_05_mr098_r10_105_uai_GDCC_1e-09_n200_roFalse_s0: Loading model from ../models/synthetic/s123/random_mc2_n5_mid3_d1000_05_mr098_r10_105.uai
2026-02-06 13:14:42,183|INFO|random_mc2_n5_mid3_d1000_05_mr098_r10_105_uai_GDCC_1e-09_n200_roFalse_s0: Loading data from ../models/synthetic/s123/random_mc2_n5_mid3_d1000_05_mr098_r10_105.csv
2026-02-06 13:14:42,189|INFO|random_mc2_n7_mid3_d1000_05_mr098_r10_15_uai_GDCC_1e-09_n200_roTrue_s0: Loading model from ../models/synthetic/s123/random_mc2_n7_mid3_d1000_05_mr098_r10_15.uai
2026-02-06 13:14:42,199|INFO|random_mc2_n7_mid3_d1000_05_mr098_r10_15_uai_GDCC_1e-09_n200_roTrue_s0: Loading data from ../models/synthetic/s123/random_mc2_n7_mid3_d1000_05_mr098_r10_15.csv
2026-02-06 13:14:42,209|INFO|random_mc2_n7_mid3_d1000_05_mr098_r10_15_uai_GDCC_1e-09_n200_roTrue_s0: PNS(V0,V6) exact: (0.3220170880214336, 0.5255000671372351)
2026-02-06 13:14:42,193|INFO|random_mc2_n7_mid3_d1000_05_mr098_r10_56_uai_GDCC_1e-09_n200_roTrue_s0: Loading model from ../models/synthetic/s123/random_mc2_n7_mid3_d1000_05_mr098_r10_56.uai
2026-02-06 13:14:42,207|INFO|random_mc2_n7_mid3_d1000_05_mr098_r10_56_uai_GDCC_1e-09_n200_roTrue_s0: Loading data from ../models/synthetic/s123/random_mc2_n7_mid3_d1000_05_mr098_r10_56.csv
2026-02-06 13:14:42,196|INFO|random_mc2_n5_mid3_d1000_05_mr098_r10_132_uai_GDCC_1e-09_n200_roTrue_s0: Loading model from ../models/synthetic/s123/random_mc2_n5_mid3_d1000_05_mr098_r10_132.uai
2026-02-06 13:14:42,210|INFO|random_mc2_n5_mid3_d1000_05_mr098_r10_132_uai_GDCC_1e-09_n200_roTrue_s0: Loading data from ../models/synthetic/s123/random_mc2_n5_mid3_d1000_05_mr098_r10_132.csv
2026-02-06 13:14:42,224|INFO|random_mc2_n5_mid3_d1000_05_mr098_r10_132_uai_GDCC_1e-09_n200_roTrue_s0: PNS(V0,V2) exact: (0.0, 0.0)
2026-02-06 13:14:42,224|ERROR|random_mc2_n5_mid3_d1000_05_mr098_r10_132_uai_GDCC_1e-09_n200_roTrue_s0: Model does not have any cause-effect path.
2026-02-06 13:14:42,389|INFO|random_mc2_n9_mid3_d1000_05_mr098_r10_121_uai_GDCC_1e-09_n200_roFalse_s0: Arguments: Namespace(method='GDCC_1e-09', numruns='200', seed='0', output='../results/synthetic/s123/', rewrite=True, removeoutliers=False, filepath=['../models/synthetic/s123/random_mc2_n9_mid3_d1000_05_mr098_r10_121.uai'])
2026-02-06 13:14:42,400|INFO|random_mc2_n6_mid3_d1000_05_mr098_r10_101_uai_GDCC_1e-09_n200_roFalse_s0: Arguments: Namespace(method='GDCC_1e-09', numruns='200', seed='0', output='../results/synthetic/s123/', rewrite=True, removeoutliers=False, filepath=['../models/synthetic/s123/random_mc2_n6_mid3_d1000_05_mr098_r10_101.uai'])
2026-02-06 13:14:42,389|INFO|random_mc2_n9_mid3_d1000_05_mr098_r10_121_uai_GDCC_1e-09_n200_roFalse_s0: Loading model from ../models/synthetic/s123/random_mc2_n9_mid3_d1000_05_mr098_r10_121.uai
2026-02-06 13:14:42,400|INFO|random_mc2_n9_mid3_d1000_05_mr098_r10_121_uai_GDCC_1e-09_n200_roFalse_s0: Loading data from ../models/synthetic/s123/random_mc2_n9_mid3_d1000_05_mr098_r10_121.csv
2026-02-06 13:14:42,400|INFO|random_mc2_n6_mid3_d1000_05_mr098_r10_101_uai_GDCC_1e-09_n200_roFalse_s0: Loading model from ../models/synthetic/s123/random_mc2_n6_mid3_d1000_05_mr098_r10_101.uai
2026-02-06 13:14:42,410|INFO|random_mc2_n6_mid3_d1000_05_mr098_r10_101_uai_GDCC_1e-09_n200_roFalse_s0: Loading data from ../models/synthetic/s123/random_mc2_n6_mid3_d1000_05_mr098_r10_101.csv
2026-02-06 13:14:42,469|INFO|random_mc2_n9_mid3_d1000_05_mr098_r10_119_uai_GDCC_1e-09_n200_roTrue_s0: Arguments: Namespace(method='GDCC_1e-09', numruns='200', seed='0', output='../results/synthetic/s123/', rewrite=True, removeoutliers=True, filepath=['../models/synthetic/s123/random_mc2_n9_mid3_d1000_05_mr098_r10_119.uai'])
2026-02-06 13:14:42,483|INFO|random_mc2_n5_mid3_d1000_05_mr098_r10_79_uai_GDCC_1e-09_n200_roFalse_s0: Arguments: Namespace(method='GDCC_1e-09', numruns='200', seed='0', output='../results/synthetic/s123/', rewrite=True, removeoutliers=False, filepath=['../models/synthetic/s123/random_mc2_n5_mid3_d1000_05_mr098_r10_79.uai'])
2026-02-06 13:14:42,484|INFO|random_mc2_n5_mid3_d1000_05_mr098_r10_159_uai_GDCC_1e-09_n200_roFalse_s0: Arguments: Namespace(method='GDCC_1e-09', numruns='200', seed='0', output='../results/synthetic/s123/', rewrite=True, removeoutliers=False, filepath=['../models/synthetic/s123/random_mc2_n5_mid3_d1000_05_mr098_r10_159.uai'])
2026-02-06 13:14:42,489|INFO|random_mc2_n5_mid3_d1000_05_mr098_r10_138_uai_GDCC_1e-09_n200_roFalse_s0: Arguments: Namespace(method='GDCC_1e-09', numruns='200', seed='0', output='../results/synthetic/s123/', rewrite=True, removeoutliers=False, filepath=['../models/synthetic/s123/random_mc2_n5_mid3_d1000_05_mr098_r10_138.uai'])
2026-02-06 13:14:42,469|INFO|random_mc2_n9_mid3_d1000_05_mr098_r10_119_uai_GDCC_1e-09_n200_roTrue_s0: Loading model from ../models/synthetic/s123/random_mc2_n9_mid3_d1000_05_mr098_r10_119.uai
2026-02-06 13:14:42,482|INFO|random_mc2_n9_mid3_d1000_05_mr098_r10_119_uai_GDCC_1e-09_n200_roTrue_s0: Loading data from ../models/synthetic/s123/random_mc2_n9_mid3_d1000_05_mr098_r10_119.csv
2026-02-06 13:14:42,493|INFO|random_mc2_n9_mid3_d1000_05_mr098_r10_119_uai_GDCC_1e-09_n200_roTrue_s0: PNS(V0,V8) exact: (0.0742677176, 0.0951852808999999)
2026-02-06 13:14:42,519|INFO|random_mc2_n9_mid3_d1000_05_mr098_r10_176_uai_GDCC_1e-09_n200_roTrue_s0: Arguments: Namespace(method='GDCC_1e-09', numruns='200', seed='0', output='../results/synthetic/s123/', rewrite=True, removeoutliers=True, filepath=['../models/synthetic/s123/random_mc2_n9_mid3_d1000_05_mr098_r10_176.uai'])
2026-02-06 13:14:42,483|INFO|random_mc2_n5_mid3_d1000_05_mr098_r10_79_uai_GDCC_1e-09_n200_roFalse_s0: Loading model from ../models/synthetic/s123/random_mc2_n5_mid3_d1000_05_mr098_r10_79.uai
2026-02-06 13:14:42,491|INFO|random_mc2_n5_mid3_d1000_05_mr098_r10_79_uai_GDCC_1e-09_n200_roFalse_s0: Loading data from ../models/synthetic/s123/random_mc2_n5_mid3_d1000_05_mr098_r10_79.csv
2026-02-06 13:14:42,517|INFO|random_mc2_n5_mid3_d1000_05_mr098_r10_79_uai_GDCC_1e-09_n200_roFalse_s0: PNS(V3,V2) exact: (0.00904271675736, 0.016636195438368)
2026-02-06 13:14:42,485|INFO|random_mc2_n5_mid3_d1000_05_mr098_r10_159_uai_GDCC_1e-09_n200_roFalse_s0: Loading model from ../models/synthetic/s123/random_mc2_n5_mid3_d1000_05_mr098_r10_159.uai
2026-02-06 13:14:42,495|INFO|random_mc2_n5_mid3_d1000_05_mr098_r10_159_uai_GDCC_1e-09_n200_roFalse_s0: Loading data from ../models/synthetic/s123/random_mc2_n5_mid3_d1000_05_mr098_r10_159.csv
2026-02-06 13:14:42,505|INFO|random_mc2_n5_mid3_d1000_05_mr098_r10_159_uai_GDCC_1e-09_n200_roFalse_s0: PNS(V0,V2) exact: (0.1049462695, 0.4703933717)
2026-02-06 13:14:42,489|INFO|random_mc2_n5_mid3_d1000_05_mr098_r10_138_uai_GDCC_1e-09_n200_roFalse_s0: Loading model from ../models/synthetic/s123/random_mc2_n5_mid3_d1000_05_mr098_r10_138.uai
2026-02-06 13:14:42,508|INFO|random_mc2_n5_mid3_d1000_05_mr098_r10_138_uai_GDCC_1e-09_n200_roFalse_s0: Loading data from ../models/synthetic/s123/random_mc2_n5_mid3_d1000_05_mr098_r10_138.csv
2026-02-06 13:14:42,520|INFO|random_mc2_n5_mid3_d1000_05_mr098_r10_138_uai_GDCC_1e-09_n200_roFalse_s0: PNS(V4,V0) exact: (0.01751032725, 0.049784487675)
2026-02-06 13:14:42,548|INFO|random_mc2_n6_mid3_d1000_05_mr098_r10_40_uai_GDCC_1e-09_n200_roFalse_s0: Arguments: Namespace(method='GDCC_1e-09', numruns='200', seed='0', output='../results/synthetic/s123/', rewrite=True, removeoutliers=False, filepath=['../models/synthetic/s123/random_mc2_n6_mid3_d1000_05_mr098_r10_40.uai'])
2026-02-06 13:14:42,553|INFO|random_mc2_n5_mid3_d1000_05_mr098_r10_56_uai_GDCC_1e-09_n200_roFalse_s0: Arguments: Namespace(method='GDCC_1e-09', numruns='200', seed='0', output='../results/synthetic/s123/', rewrite=True, removeoutliers=False, filepath=['../models/synthetic/s123/random_mc2_n5_mid3_d1000_05_mr098_r10_56.uai'])
2026-02-06 13:14:42,519|INFO|random_mc2_n9_mid3_d1000_05_mr098_r10_176_uai_GDCC_1e-09_n200_roTrue_s0: Loading model from ../models/synthetic/s123/random_mc2_n9_mid3_d1000_05_mr098_r10_176.uai
2026-02-06 13:14:42,538|INFO|random_mc2_n9_mid3_d1000_05_mr098_r10_176_uai_GDCC_1e-09_n200_roTrue_s0: Loading data from ../models/synthetic/s123/random_mc2_n9_mid3_d1000_05_mr098_r10_176.csv
2026-02-06 13:14:42,573|INFO|random_mc2_n5_mid3_d1000_05_mr098_r10_163_uai_GDCC_1e-09_n200_roFalse_s0: Arguments: Namespace(method='GDCC_1e-09', numruns='200', seed='0', output='../results/synthetic/s123/', rewrite=True, removeoutliers=False, filepath=['../models/synthetic/s123/random_mc2_n5_mid3_d1000_05_mr098_r10_163.uai'])
2026-02-06 13:14:42,549|INFO|random_mc2_n6_mid3_d1000_05_mr098_r10_40_uai_GDCC_1e-09_n200_roFalse_s0: Loading model from ../models/synthetic/s123/random_mc2_n6_mid3_d1000_05_mr098_r10_40.uai
2026-02-06 13:14:42,555|INFO|random_mc2_n6_mid3_d1000_05_mr098_r10_40_uai_GDCC_1e-09_n200_roFalse_s0: Loading data from ../models/synthetic/s123/random_mc2_n6_mid3_d1000_05_mr098_r10_40.csv
2026-02-06 13:14:42,566|INFO|random_mc2_n6_mid3_d1000_05_mr098_r10_40_uai_GDCC_1e-09_n200_roFalse_s0: PNS(V1,V5) exact: (0.0, 0.0896543509)
2026-02-06 13:14:42,591|INFO|random_mc2_n7_mid3_d1000_05_mr098_r10_55_uai_GDCC_1e-09_n200_roFalse_s0: Arguments: Namespace(method='GDCC_1e-09', numruns='200', seed='0', output='../results/synthetic/s123/', rewrite=True, removeoutliers=False, filepath=['../models/synthetic/s123/random_mc2_n7_mid3_d1000_05_mr098_r10_55.uai'])
2026-02-06 13:14:42,553|INFO|random_mc2_n5_mid3_d1000_05_mr098_r10_56_uai_GDCC_1e-09_n200_roFalse_s0: Loading model from ../models/synthetic/s123/random_mc2_n5_mid3_d1000_05_mr098_r10_56.uai
2026-02-06 13:14:42,561|INFO|random_mc2_n5_mid3_d1000_05_mr098_r10_56_uai_GDCC_1e-09_n200_roFalse_s0: Loading data from ../models/synthetic/s123/random_mc2_n5_mid3_d1000_05_mr098_r10_56.csv
2026-02-06 13:14:42,571|INFO|random_mc2_n5_mid3_d1000_05_mr098_r10_56_uai_GDCC_1e-09_n200_roFalse_s0: PNS(V1,V4) exact: (0.0, 0.2134055570999999)
2026-02-06 13:14:42,574|INFO|random_mc2_n5_mid3_d1000_05_mr098_r10_163_uai_GDCC_1e-09_n200_roFalse_s0: Loading model from ../models/synthetic/s123/random_mc2_n5_mid3_d1000_05_mr098_r10_163.uai
2026-02-06 13:14:42,581|INFO|random_mc2_n5_mid3_d1000_05_mr098_r10_163_uai_GDCC_1e-09_n200_roFalse_s0: Loading data from ../models/synthetic/s123/random_mc2_n5_mid3_d1000_05_mr098_r10_163.csv
2026-02-06 13:14:42,592|INFO|random_mc2_n5_mid3_d1000_05_mr098_r10_163_uai_GDCC_1e-09_n200_roFalse_s0: PNS(V0,V4) exact: (0.0140736103, 0.0557529839)
2026-02-06 13:14:42,592|INFO|random_mc2_n7_mid3_d1000_05_mr098_r10_55_uai_GDCC_1e-09_n200_roFalse_s0: Loading model from ../models/synthetic/s123/random_mc2_n7_mid3_d1000_05_mr098_r10_55.uai
2026-02-06 13:14:42,600|INFO|random_mc2_n7_mid3_d1000_05_mr098_r10_55_uai_GDCC_1e-09_n200_roFalse_s0: Loading data from ../models/synthetic/s123/random_mc2_n7_mid3_d1000_05_mr098_r10_55.csv
2026-02-06 13:14:42,610|INFO|random_mc2_n7_mid3_d1000_05_mr098_r10_55_uai_GDCC_1e-09_n200_roFalse_s0: PNS(V1,V2) exact: (0.0, 0.16491582811524)
2026-02-06 13:14:50,904|INFO|random_mc2_n5_mid3_d1000_05_mr098_r10_160_uai_GDCC_1e-09_n200_roTrue_s0: Arguments: Namespace(method='GDCC_1e-09', numruns='200', seed='0', output='../results/synthetic/s123/', rewrite=True, removeoutliers=True, filepath=['../models/synthetic/s123/random_mc2_n5_mid3_d1000_05_mr098_r10_160.uai'])
2026-02-06 13:14:50,904|INFO|random_mc2_n5_mid3_d1000_05_mr098_r10_160_uai_GDCC_1e-09_n200_roTrue_s0: Loading model from ../models/synthetic/s123/random_mc2_n5_mid3_d1000_05_mr098_r10_160.uai
2026-02-06 13:14:50,908|INFO|random_mc2_n5_mid3_d1000_05_mr098_r10_160_uai_GDCC_1e-09_n200_roTrue_s0: Loading data from ../models/synthetic/s123/random_mc2_n5_mid3_d1000_05_mr098_r10_160.csv
2026-02-06 13:14:51,113|INFO|random_mc2_n5_mid3_d1000_05_mr098_r10_194_uai_GDCC_1e-09_n200_roTrue_s0: Arguments: Namespace(method='GDCC_1e-09', numruns='200', seed='0', output='../results/synthetic/s123/', rewrite=True, removeoutliers=True, filepath=['../models/synthetic/s123/random_mc2_n5_mid3_d1000_05_mr098_r10_194.uai'])
2026-02-06 13:14:51,113|INFO|random_mc2_n5_mid3_d1000_05_mr098_r10_194_uai_GDCC_1e-09_n200_roTrue_s0: Loading model from ../models/synthetic/s123/random_mc2_n5_mid3_d1000_05_mr098_r10_194.uai
2026-02-06 13:14:51,118|INFO|random_mc2_n5_mid3_d1000_05_mr098_r10_194_uai_GDCC_1e-09_n200_roTrue_s0: Loading data from ../models/synthetic/s123/random_mc2_n5_mid3_d1000_05_mr098_r10_194.csv
2026-02-06 13:14:51,128|INFO|random_mc2_n5_mid3_d1000_05_mr098_r10_194_uai_GDCC_1e-09_n200_roTrue_s0: PNS(V3,V2) exact: (0.01055616190497, 0.096865567581924)
2026-02-06 13:14:51,679|INFO|random_mc2_n5_mid3_d1000_05_mr098_r10_11_uai_GDCC_1e-09_n200_roTrue_s0: Arguments: Namespace(method='GDCC_1e-09', numruns='200', seed='0', output='../results/synthetic/s123/', rewrite=True, removeoutliers=True, filepath=['../models/synthetic/s123/random_mc2_n5_mid3_d1000_05_mr098_r10_11.uai'])
2026-02-06 13:14:51,716|INFO|random_mc2_n9_mid3_d1000_05_mr098_r10_184_uai_GDCC_1e-09_n200_roFalse_s0: Arguments: Namespace(method='GDCC_1e-09', numruns='200', seed='0', output='../results/synthetic/s123/', rewrite=True, removeoutliers=False, filepath=['../models/synthetic/s123/random_mc2_n9_mid3_d1000_05_mr098_r10_184.uai'])
2026-02-06 13:14:51,680|INFO|random_mc2_n5_mid3_d1000_05_mr098_r10_11_uai_GDCC_1e-09_n200_roTrue_s0: Loading model from ../models/synthetic/s123/random_mc2_n5_mid3_d1000_05_mr098_r10_11.uai
2026-02-06 13:14:51,686|INFO|random_mc2_n5_mid3_d1000_05_mr098_r10_11_uai_GDCC_1e-09_n200_roTrue_s0: Loading data from ../models/synthetic/s123/random_mc2_n5_mid3_d1000_05_mr098_r10_11.csv
2026-02-06 13:14:51,716|INFO|random_mc2_n9_mid3_d1000_05_mr098_r10_184_uai_GDCC_1e-09_n200_roFalse_s0: Loading model from ../models/synthetic/s123/random_mc2_n9_mid3_d1000_05_mr098_r10_184.uai
2026-02-06 13:14:51,735|INFO|random_mc2_n9_mid3_d1000_05_mr098_r10_184_uai_GDCC_1e-09_n200_roFalse_s0: Loading data from ../models/synthetic/s123/random_mc2_n9_mid3_d1000_05_mr098_r10_184.csv
2026-02-06 13:14:51,811|INFO|random_mc2_n6_mid3_d1000_05_mr098_r10_21_uai_GDCC_1e-09_n200_roTrue_s0: Arguments: Namespace(method='GDCC_1e-09', numruns='200', seed='0', output='../results/synthetic/s123/', rewrite=True, removeoutliers=True, filepath=['../models/synthetic/s123/random_mc2_n6_mid3_d1000_05_mr098_r10_21.uai'])
2026-02-06 13:14:51,818|INFO|random_mc2_n7_mid3_d1000_05_mr098_r10_5_uai_GDCC_1e-09_n200_roFalse_s0: Arguments: Namespace(method='GDCC_1e-09', numruns='200', seed='0', output='../results/synthetic/s123/', rewrite=True, removeoutliers=False, filepath=['../models/synthetic/s123/random_mc2_n7_mid3_d1000_05_mr098_r10_5.uai'])
2026-02-06 13:14:51,811|INFO|random_mc2_n6_mid3_d1000_05_mr098_r10_21_uai_GDCC_1e-09_n200_roTrue_s0: Loading model from ../models/synthetic/s123/random_mc2_n6_mid3_d1000_05_mr098_r10_21.uai
2026-02-06 13:14:51,821|INFO|random_mc2_n6_mid3_d1000_05_mr098_r10_21_uai_GDCC_1e-09_n200_roTrue_s0: Loading data from ../models/synthetic/s123/random_mc2_n6_mid3_d1000_05_mr098_r10_21.csv
2026-02-06 13:14:51,832|INFO|random_mc2_n6_mid3_d1000_05_mr098_r10_21_uai_GDCC_1e-09_n200_roTrue_s0: PNS(V1,V4) exact: (0.0, 0.1268215988678439)
2026-02-06 13:14:51,819|INFO|random_mc2_n7_mid3_d1000_05_mr098_r10_5_uai_GDCC_1e-09_n200_roFalse_s0: Loading model from ../models/synthetic/s123/random_mc2_n7_mid3_d1000_05_mr098_r10_5.uai
2026-02-06 13:14:51,835|INFO|random_mc2_n7_mid3_d1000_05_mr098_r10_5_uai_GDCC_1e-09_n200_roFalse_s0: Loading data from ../models/synthetic/s123/random_mc2_n7_mid3_d1000_05_mr098_r10_5.csv
2026-02-06 13:14:53,045|INFO|random_mc2_n6_mid3_d1000_05_mr098_r10_11_uai_GDCC_1e-09_n200_roFalse_s0: Arguments: Namespace(method='GDCC_1e-09', numruns='200', seed='0', output='../results/synthetic/s123/', rewrite=True, removeoutliers=False, filepath=['../models/synthetic/s123/random_mc2_n6_mid3_d1000_05_mr098_r10_11.uai'])
2026-02-06 13:14:53,046|INFO|random_mc2_n6_mid3_d1000_05_mr098_r10_11_uai_GDCC_1e-09_n200_roFalse_s0: Loading model from ../models/synthetic/s123/random_mc2_n6_mid3_d1000_05_mr098_r10_11.uai
2026-02-06 13:14:53,060|INFO|random_mc2_n6_mid3_d1000_05_mr098_r10_11_uai_GDCC_1e-09_n200_roFalse_s0: Loading data from ../models/synthetic/s123/random_mc2_n6_mid3_d1000_05_mr098_r10_11.csv
2026-02-06 13:14:53,071|INFO|random_mc2_n6_mid3_d1000_05_mr098_r10_11_uai_GDCC_1e-09_n200_roFalse_s0: PNS(V5,V0) exact: (0.226887276, 0.345199661)
2026-02-06 13:14:53,097|INFO|random_mc2_n8_mid3_d1000_05_mr098_r10_160_uai_GDCC_1e-09_n200_roFalse_s0: Arguments: Namespace(method='GDCC_1e-09', numruns='200', seed='0', output='../results/synthetic/s123/', rewrite=True, removeoutliers=False, filepath=['../models/synthetic/s123/random_mc2_n8_mid3_d1000_05_mr098_r10_160.uai'])
2026-02-06 13:14:53,097|INFO|random_mc2_n8_mid3_d1000_05_mr098_r10_160_uai_GDCC_1e-09_n200_roFalse_s0: Loading model from ../models/synthetic/s123/random_mc2_n8_mid3_d1000_05_mr098_r10_160.uai
2026-02-06 13:14:53,121|INFO|random_mc2_n8_mid3_d1000_05_mr098_r10_160_uai_GDCC_1e-09_n200_roFalse_s0: Loading data from ../models/synthetic/s123/random_mc2_n8_mid3_d1000_05_mr098_r10_160.csv
2026-02-06 13:14:53,239|INFO|random_mc2_n8_mid3_d1000_05_mr098_r10_153_uai_GDCC_1e-09_n200_roTrue_s0: Arguments: Namespace(method='GDCC_1e-09', numruns='200', seed='0', output='../results/synthetic/s123/', rewrite=True, removeoutliers=True, filepath=['../models/synthetic/s123/random_mc2_n8_mid3_d1000_05_mr098_r10_153.uai'])
2026-02-06 13:14:53,239|INFO|random_mc2_n8_mid3_d1000_05_mr098_r10_153_uai_GDCC_1e-09_n200_roTrue_s0: Loading model from ../models/synthetic/s123/random_mc2_n8_mid3_d1000_05_mr098_r10_153.uai
2026-02-06 13:14:53,265|INFO|random_mc2_n8_mid3_d1000_05_mr098_r10_153_uai_GDCC_1e-09_n200_roTrue_s0: Loading data from ../models/synthetic/s123/random_mc2_n8_mid3_d1000_05_mr098_r10_153.csv
2026-02-06 13:14:53,281|INFO|random_mc2_n6_mid3_d1000_05_mr098_r10_134_uai_GDCC_1e-09_n200_roFalse_s0: Arguments: Namespace(method='GDCC_1e-09', numruns='200', seed='0', output='../results/synthetic/s123/', rewrite=True, removeoutliers=False, filepath=['../models/synthetic/s123/random_mc2_n6_mid3_d1000_05_mr098_r10_134.uai'])
2026-02-06 13:14:53,282|INFO|random_mc2_n6_mid3_d1000_05_mr098_r10_134_uai_GDCC_1e-09_n200_roFalse_s0: Loading model from ../models/synthetic/s123/random_mc2_n6_mid3_d1000_05_mr098_r10_134.uai
2026-02-06 13:14:53,292|INFO|random_mc2_n6_mid3_d1000_05_mr098_r10_134_uai_GDCC_1e-09_n200_roFalse_s0: Loading data from ../models/synthetic/s123/random_mc2_n6_mid3_d1000_05_mr098_r10_134.csv
2026-02-06 13:14:53,304|INFO|random_mc2_n6_mid3_d1000_05_mr098_r10_134_uai_GDCC_1e-09_n200_roFalse_s0: PNS(V3,V1) exact: (0.0, 0.0)
2026-02-06 13:14:53,304|ERROR|random_mc2_n6_mid3_d1000_05_mr098_r10_134_uai_GDCC_1e-09_n200_roFalse_s0: Model does not have any cause-effect path.
2026-02-06 13:14:55,260|INFO|random_mc2_n6_mid3_d1000_05_mr098_r10_68_uai_GDCC_1e-09_n200_roTrue_s0: Arguments: Namespace(method='GDCC_1e-09', numruns='200', seed='0', output='../results/synthetic/s123/', rewrite=True, removeoutliers=True, filepath=['../models/synthetic/s123/random_mc2_n6_mid3_d1000_05_mr098_r10_68.uai'])
2026-02-06 13:14:55,260|INFO|random_mc2_n6_mid3_d1000_05_mr098_r10_68_uai_GDCC_1e-09_n200_roTrue_s0: Loading model from ../models/synthetic/s123/random_mc2_n6_mid3_d1000_05_mr098_r10_68.uai
2026-02-06 13:14:55,284|INFO|random_mc2_n6_mid3_d1000_05_mr098_r10_68_uai_GDCC_1e-09_n200_roTrue_s0: Loading data from ../models/synthetic/s123/random_mc2_n6_mid3_d1000_05_mr098_r10_68.csv
2026-02-06 13:14:55,300|INFO|random_mc2_n9_mid3_d1000_05_mr098_r10_126_uai_GDCC_1e-09_n200_roTrue_s0: Arguments: Namespace(method='GDCC_1e-09', numruns='200', seed='0', output='../results/synthetic/s123/', rewrite=True, removeoutliers=True, filepath=['../models/synthetic/s123/random_mc2_n9_mid3_d1000_05_mr098_r10_126.uai'])
2026-02-06 13:14:55,301|INFO|random_mc2_n5_mid3_d1000_05_mr098_r10_161_uai_GDCC_1e-09_n200_roFalse_s0: Arguments: Namespace(method='GDCC_1e-09', numruns='200', seed='0', output='../results/synthetic/s123/', rewrite=True, removeoutliers=False, filepath=['../models/synthetic/s123/random_mc2_n5_mid3_d1000_05_mr098_r10_161.uai'])
2026-02-06 13:14:55,305|INFO|random_mc2_n5_mid3_d1000_05_mr098_r10_144_uai_GDCC_1e-09_n200_roTrue_s0: Arguments: Namespace(method='GDCC_1e-09', numruns='200', seed='0', output='../results/synthetic/s123/', rewrite=True, removeoutliers=True, filepath=['../models/synthetic/s123/random_mc2_n5_mid3_d1000_05_mr098_r10_144.uai'])
2026-02-06 13:14:55,311|INFO|random_mc2_n6_mid3_d1000_05_mr098_r10_68_uai_GDCC_1e-09_n200_roTrue_s0: PNS(V0,V1) exact: (0.0, 0.1486868319875199)
2026-02-06 13:14:55,300|INFO|random_mc2_n9_mid3_d1000_05_mr098_r10_126_uai_GDCC_1e-09_n200_roTrue_s0: Loading model from ../models/synthetic/s123/random_mc2_n9_mid3_d1000_05_mr098_r10_126.uai
2026-02-06 13:14:55,325|INFO|random_mc2_n9_mid3_d1000_05_mr098_r10_126_uai_GDCC_1e-09_n200_roTrue_s0: Loading data from ../models/synthetic/s123/random_mc2_n9_mid3_d1000_05_mr098_r10_126.csv
2026-02-06 13:14:55,302|INFO|random_mc2_n5_mid3_d1000_05_mr098_r10_161_uai_GDCC_1e-09_n200_roFalse_s0: Loading model from ../models/synthetic/s123/random_mc2_n5_mid3_d1000_05_mr098_r10_161.uai
2026-02-06 13:14:55,307|INFO|random_mc2_n5_mid3_d1000_05_mr098_r10_161_uai_GDCC_1e-09_n200_roFalse_s0: Loading data from ../models/synthetic/s123/random_mc2_n5_mid3_d1000_05_mr098_r10_161.csv
2026-02-06 13:14:55,317|INFO|random_mc2_n5_mid3_d1000_05_mr098_r10_161_uai_GDCC_1e-09_n200_roFalse_s0: PNS(V1,V0) exact: (0.0, 0.0)
2026-02-06 13:14:55,317|ERROR|random_mc2_n5_mid3_d1000_05_mr098_r10_161_uai_GDCC_1e-09_n200_roFalse_s0: Model does not have any cause-effect path.
2026-02-06 13:14:55,306|INFO|random_mc2_n5_mid3_d1000_05_mr098_r10_144_uai_GDCC_1e-09_n200_roTrue_s0: Loading model from ../models/synthetic/s123/random_mc2_n5_mid3_d1000_05_mr098_r10_144.uai
2026-02-06 13:14:55,316|INFO|random_mc2_n5_mid3_d1000_05_mr098_r10_144_uai_GDCC_1e-09_n200_roTrue_s0: Loading data from ../models/synthetic/s123/random_mc2_n5_mid3_d1000_05_mr098_r10_144.csv
2026-02-06 13:14:55,326|INFO|random_mc2_n5_mid3_d1000_05_mr098_r10_144_uai_GDCC_1e-09_n200_roTrue_s0: PNS(V3,V1) exact: (0.385300924512895, 0.578062212781675)
2026-02-06 13:14:55,352|INFO|random_mc2_n5_mid3_d1000_05_mr098_r10_167_uai_GDCC_1e-09_n200_roTrue_s0: Arguments: Namespace(method='GDCC_1e-09', numruns='200', seed='0', output='../results/synthetic/s123/', rewrite=True, removeoutliers=True, filepath=['../models/synthetic/s123/random_mc2_n5_mid3_d1000_05_mr098_r10_167.uai'])
2026-02-06 13:14:55,356|INFO|random_mc2_n5_mid3_d1000_05_mr098_r10_27_uai_GDCC_1e-09_n200_roFalse_s0: Arguments: Namespace(method='GDCC_1e-09', numruns='200', seed='0', output='../results/synthetic/s123/', rewrite=True, removeoutliers=False, filepath=['../models/synthetic/s123/random_mc2_n5_mid3_d1000_05_mr098_r10_27.uai'])
2026-02-06 13:14:55,370|INFO|random_mc2_n5_mid3_d1000_05_mr098_r10_19_uai_GDCC_1e-09_n200_roFalse_s0: Arguments: Namespace(method='GDCC_1e-09', numruns='200', seed='0', output='../results/synthetic/s123/', rewrite=True, removeoutliers=False, filepath=['../models/synthetic/s123/random_mc2_n5_mid3_d1000_05_mr098_r10_19.uai'])
2026-02-06 13:14:55,378|INFO|random_mc2_n5_mid3_d1000_05_mr098_r10_121_uai_GDCC_1e-09_n200_roFalse_s0: Arguments: Namespace(method='GDCC_1e-09', numruns='200', seed='0', output='../results/synthetic/s123/', rewrite=True, removeoutliers=False, filepath=['../models/synthetic/s123/random_mc2_n5_mid3_d1000_05_mr098_r10_121.uai'])
2026-02-06 13:14:55,352|INFO|random_mc2_n5_mid3_d1000_05_mr098_r10_167_uai_GDCC_1e-09_n200_roTrue_s0: Loading model from ../models/synthetic/s123/random_mc2_n5_mid3_d1000_05_mr098_r10_167.uai
2026-02-06 13:14:55,362|INFO|random_mc2_n5_mid3_d1000_05_mr098_r10_167_uai_GDCC_1e-09_n200_roTrue_s0: Loading data from ../models/synthetic/s123/random_mc2_n5_mid3_d1000_05_mr098_r10_167.csv
2026-02-06 13:14:55,372|INFO|random_mc2_n5_mid3_d1000_05_mr098_r10_167_uai_GDCC_1e-09_n200_roTrue_s0: PNS(V4,V0) exact: (0.2132341014888, 0.2977026872446)
2026-02-06 13:14:55,356|INFO|random_mc2_n5_mid3_d1000_05_mr098_r10_27_uai_GDCC_1e-09_n200_roFalse_s0: Loading model from ../models/synthetic/s123/random_mc2_n5_mid3_d1000_05_mr098_r10_27.uai
2026-02-06 13:14:55,365|INFO|random_mc2_n5_mid3_d1000_05_mr098_r10_27_uai_GDCC_1e-09_n200_roFalse_s0: Loading data from ../models/synthetic/s123/random_mc2_n5_mid3_d1000_05_mr098_r10_27.csv
2026-02-06 13:14:55,376|INFO|random_mc2_n5_mid3_d1000_05_mr098_r10_27_uai_GDCC_1e-09_n200_roFalse_s0: PNS(V4,V3) exact: (0.072092966, 0.40936737)
2026-02-06 13:14:55,371|INFO|random_mc2_n5_mid3_d1000_05_mr098_r10_19_uai_GDCC_1e-09_n200_roFalse_s0: Loading model from ../models/synthetic/s123/random_mc2_n5_mid3_d1000_05_mr098_r10_19.uai
2026-02-06 13:14:55,376|INFO|random_mc2_n5_mid3_d1000_05_mr098_r10_19_uai_GDCC_1e-09_n200_roFalse_s0: Loading data from ../models/synthetic/s123/random_mc2_n5_mid3_d1000_05_mr098_r10_19.csv
2026-02-06 13:14:55,386|INFO|random_mc2_n5_mid3_d1000_05_mr098_r10_19_uai_GDCC_1e-09_n200_roFalse_s0: PNS(V0,V4) exact: (0.23991, 0.53735)
2026-02-06 13:14:55,379|INFO|random_mc2_n5_mid3_d1000_05_mr098_r10_121_uai_GDCC_1e-09_n200_roFalse_s0: Loading model from ../models/synthetic/s123/random_mc2_n5_mid3_d1000_05_mr098_r10_121.uai
2026-02-06 13:14:55,390|INFO|random_mc2_n5_mid3_d1000_05_mr098_r10_121_uai_GDCC_1e-09_n200_roFalse_s0: Loading data from ../models/synthetic/s123/random_mc2_n5_mid3_d1000_05_mr098_r10_121.csv
2026-02-06 13:14:55,400|INFO|random_mc2_n5_mid3_d1000_05_mr098_r10_121_uai_GDCC_1e-09_n200_roFalse_s0: PNS(V3,V1) exact: (0.21434, 0.2800931238639491)
2026-02-06 13:14:55,506|INFO|random_mc2_n6_mid3_d1000_05_mr098_r10_142_uai_GDCC_1e-09_n200_roTrue_s0: Arguments: Namespace(method='GDCC_1e-09', numruns='200', seed='0', output='../results/synthetic/s123/', rewrite=True, removeoutliers=True, filepath=['../models/synthetic/s123/random_mc2_n6_mid3_d1000_05_mr098_r10_142.uai'])
2026-02-06 13:14:55,511|INFO|random_mc2_n8_mid3_d1000_05_mr098_r10_160_uai_GDCC_1e-09_n200_roTrue_s0: Arguments: Namespace(method='GDCC_1e-09', numruns='200', seed='0', output='../results/synthetic/s123/', rewrite=True, removeoutliers=True, filepath=['../models/synthetic/s123/random_mc2_n8_mid3_d1000_05_mr098_r10_160.uai'])
2026-02-06 13:14:55,506|INFO|random_mc2_n6_mid3_d1000_05_mr098_r10_142_uai_GDCC_1e-09_n200_roTrue_s0: Loading model from ../models/synthetic/s123/random_mc2_n6_mid3_d1000_05_mr098_r10_142.uai
2026-02-06 13:14:55,515|INFO|random_mc2_n6_mid3_d1000_05_mr098_r10_142_uai_GDCC_1e-09_n200_roTrue_s0: Loading data from ../models/synthetic/s123/random_mc2_n6_mid3_d1000_05_mr098_r10_142.csv
2026-02-06 13:14:55,527|INFO|random_mc2_n6_mid3_d1000_05_mr098_r10_142_uai_GDCC_1e-09_n200_roTrue_s0: PNS(V0,V5) exact: (0.98933, 0.99047)
2026-02-06 13:14:55,511|INFO|random_mc2_n8_mid3_d1000_05_mr098_r10_160_uai_GDCC_1e-09_n200_roTrue_s0: Loading model from ../models/synthetic/s123/random_mc2_n8_mid3_d1000_05_mr098_r10_160.uai
2026-02-06 13:14:55,533|INFO|random_mc2_n8_mid3_d1000_05_mr098_r10_160_uai_GDCC_1e-09_n200_roTrue_s0: Loading data from ../models/synthetic/s123/random_mc2_n8_mid3_d1000_05_mr098_r10_160.csv
2026-02-06 13:14:55,621|INFO|random_mc2_n6_mid3_d1000_05_mr098_r10_143_uai_GDCC_1e-09_n200_roTrue_s0: Arguments: Namespace(method='GDCC_1e-09', numruns='200', seed='0', output='../results/synthetic/s123/', rewrite=True, removeoutliers=True, filepath=['../models/synthetic/s123/random_mc2_n6_mid3_d1000_05_mr098_r10_143.uai'])
2026-02-06 13:14:55,623|INFO|random_mc2_n5_mid3_d1000_05_mr098_r10_180_uai_GDCC_1e-09_n200_roTrue_s0: Arguments: Namespace(method='GDCC_1e-09', numruns='200', seed='0', output='../results/synthetic/s123/', rewrite=True, removeoutliers=True, filepath=['../models/synthetic/s123/random_mc2_n5_mid3_d1000_05_mr098_r10_180.uai'])
2026-02-06 13:14:55,630|INFO|random_mc2_n5_mid3_d1000_05_mr098_r10_83_uai_GDCC_1e-09_n200_roTrue_s0: Arguments: Namespace(method='GDCC_1e-09', numruns='200', seed='0', output='../results/synthetic/s123/', rewrite=True, removeoutliers=True, filepath=['../models/synthetic/s123/random_mc2_n5_mid3_d1000_05_mr098_r10_83.uai'])
2026-02-06 13:14:55,631|INFO|random_mc2_n8_mid3_d1000_05_mr098_r10_190_uai_GDCC_1e-09_n200_roTrue_s0: Arguments: Namespace(method='GDCC_1e-09', numruns='200', seed='0', output='../results/synthetic/s123/', rewrite=True, removeoutliers=True, filepath=['../models/synthetic/s123/random_mc2_n8_mid3_d1000_05_mr098_r10_190.uai'])
2026-02-06 13:14:55,622|INFO|random_mc2_n6_mid3_d1000_05_mr098_r10_143_uai_GDCC_1e-09_n200_roTrue_s0: Loading model from ../models/synthetic/s123/random_mc2_n6_mid3_d1000_05_mr098_r10_143.uai
2026-02-06 13:14:55,632|INFO|random_mc2_n6_mid3_d1000_05_mr098_r10_143_uai_GDCC_1e-09_n200_roTrue_s0: Loading data from ../models/synthetic/s123/random_mc2_n6_mid3_d1000_05_mr098_r10_143.csv
2026-02-06 13:14:55,623|INFO|random_mc2_n5_mid3_d1000_05_mr098_r10_180_uai_GDCC_1e-09_n200_roTrue_s0: Loading model from ../models/synthetic/s123/random_mc2_n5_mid3_d1000_05_mr098_r10_180.uai
2026-02-06 13:14:55,628|INFO|random_mc2_n5_mid3_d1000_05_mr098_r10_180_uai_GDCC_1e-09_n200_roTrue_s0: Loading data from ../models/synthetic/s123/random_mc2_n5_mid3_d1000_05_mr098_r10_180.csv
2026-02-06 13:14:55,631|INFO|random_mc2_n5_mid3_d1000_05_mr098_r10_83_uai_GDCC_1e-09_n200_roTrue_s0: Loading model from ../models/synthetic/s123/random_mc2_n5_mid3_d1000_05_mr098_r10_83.uai
2026-02-06 13:14:55,639|INFO|random_mc2_n5_mid3_d1000_05_mr098_r10_83_uai_GDCC_1e-09_n200_roTrue_s0: Loading data from ../models/synthetic/s123/random_mc2_n5_mid3_d1000_05_mr098_r10_83.csv
2026-02-06 13:14:55,631|INFO|random_mc2_n8_mid3_d1000_05_mr098_r10_190_uai_GDCC_1e-09_n200_roTrue_s0: Loading model from ../models/synthetic/s123/random_mc2_n8_mid3_d1000_05_mr098_r10_190.uai
2026-02-06 13:14:55,654|INFO|random_mc2_n8_mid3_d1000_05_mr098_r10_190_uai_GDCC_1e-09_n200_roTrue_s0: Loading data from ../models/synthetic/s123/random_mc2_n8_mid3_d1000_05_mr098_r10_190.csv
2026-02-06 13:14:55,711|INFO|random_mc2_n8_mid3_d1000_05_mr098_r10_134_uai_GDCC_1e-09_n200_roTrue_s0: Arguments: Namespace(method='GDCC_1e-09', numruns='200', seed='0', output='../results/synthetic/s123/', rewrite=True, removeoutliers=True, filepath=['../models/synthetic/s123/random_mc2_n8_mid3_d1000_05_mr098_r10_134.uai'])
2026-02-06 13:14:55,722|INFO|random_mc2_n6_mid3_d1000_05_mr098_r10_172_uai_GDCC_1e-09_n200_roTrue_s0: Arguments: Namespace(method='GDCC_1e-09', numruns='200', seed='0', output='../results/synthetic/s123/', rewrite=True, removeoutliers=True, filepath=['../models/synthetic/s123/random_mc2_n6_mid3_d1000_05_mr098_r10_172.uai'])
2026-02-06 13:14:55,726|INFO|random_mc2_n5_mid3_d1000_05_mr098_r10_175_uai_GDCC_1e-09_n200_roTrue_s0: Arguments: Namespace(method='GDCC_1e-09', numruns='200', seed='0', output='../results/synthetic/s123/', rewrite=True, removeoutliers=True, filepath=['../models/synthetic/s123/random_mc2_n5_mid3_d1000_05_mr098_r10_175.uai'])
2026-02-06 13:14:55,730|INFO|random_mc2_n7_mid3_d1000_05_mr098_r10_59_uai_GDCC_1e-09_n200_roTrue_s0: Arguments: Namespace(method='GDCC_1e-09', numruns='200', seed='0', output='../results/synthetic/s123/', rewrite=True, removeoutliers=True, filepath=['../models/synthetic/s123/random_mc2_n7_mid3_d1000_05_mr098_r10_59.uai'])
2026-02-06 13:14:55,711|INFO|random_mc2_n8_mid3_d1000_05_mr098_r10_134_uai_GDCC_1e-09_n200_roTrue_s0: Loading model from ../models/synthetic/s123/random_mc2_n8_mid3_d1000_05_mr098_r10_134.uai
2026-02-06 13:14:55,722|INFO|random_mc2_n6_mid3_d1000_05_mr098_r10_172_uai_GDCC_1e-09_n200_roTrue_s0: Loading model from ../models/synthetic/s123/random_mc2_n6_mid3_d1000_05_mr098_r10_172.uai
2026-02-06 13:14:55,731|INFO|random_mc2_n6_mid3_d1000_05_mr098_r10_172_uai_GDCC_1e-09_n200_roTrue_s0: Loading data from ../models/synthetic/s123/random_mc2_n6_mid3_d1000_05_mr098_r10_172.csv
2026-02-06 13:14:55,727|INFO|random_mc2_n5_mid3_d1000_05_mr098_r10_175_uai_GDCC_1e-09_n200_roTrue_s0: Loading model from ../models/synthetic/s123/random_mc2_n5_mid3_d1000_05_mr098_r10_175.uai
2026-02-06 13:14:55,739|INFO|random_mc2_n5_mid3_d1000_05_mr098_r10_175_uai_GDCC_1e-09_n200_roTrue_s0: Loading data from ../models/synthetic/s123/random_mc2_n5_mid3_d1000_05_mr098_r10_175.csv
2026-02-06 13:14:55,749|INFO|random_mc2_n5_mid3_d1000_05_mr098_r10_175_uai_GDCC_1e-09_n200_roTrue_s0: PNS(V1,V3) exact: (0.1001090864, 0.4819853936000001)
2026-02-06 13:14:55,730|INFO|random_mc2_n7_mid3_d1000_05_mr098_r10_59_uai_GDCC_1e-09_n200_roTrue_s0: Loading model from ../models/synthetic/s123/random_mc2_n7_mid3_d1000_05_mr098_r10_59.uai
2026-02-06 13:14:55,793|INFO|random_mc2_n9_mid3_d1000_05_mr098_r10_160_uai_GDCC_1e-09_n200_roFalse_s0: Arguments: Namespace(method='GDCC_1e-09', numruns='200', seed='0', output='../results/synthetic/s123/', rewrite=True, removeoutliers=False, filepath=['../models/synthetic/s123/random_mc2_n9_mid3_d1000_05_mr098_r10_160.uai'])
2026-02-06 13:14:55,798|INFO|random_mc2_n7_mid3_d1000_05_mr098_r10_60_uai_GDCC_1e-09_n200_roFalse_s0: Arguments: Namespace(method='GDCC_1e-09', numruns='200', seed='0', output='../results/synthetic/s123/', rewrite=True, removeoutliers=False, filepath=['../models/synthetic/s123/random_mc2_n7_mid3_d1000_05_mr098_r10_60.uai'])
2026-02-06 13:14:55,828|INFO|random_mc2_n7_mid3_d1000_05_mr098_r10_59_uai_GDCC_1e-09_n200_roTrue_s0: Loading data from ../models/synthetic/s123/random_mc2_n7_mid3_d1000_05_mr098_r10_59.csv
2026-02-06 13:14:55,793|INFO|random_mc2_n9_mid3_d1000_05_mr098_r10_160_uai_GDCC_1e-09_n200_roFalse_s0: Loading model from ../models/synthetic/s123/random_mc2_n9_mid3_d1000_05_mr098_r10_160.uai
2026-02-06 13:14:55,810|INFO|random_mc2_n9_mid3_d1000_05_mr098_r10_160_uai_GDCC_1e-09_n200_roFalse_s0: Loading data from ../models/synthetic/s123/random_mc2_n9_mid3_d1000_05_mr098_r10_160.csv
2026-02-06 13:14:55,798|INFO|random_mc2_n7_mid3_d1000_05_mr098_r10_60_uai_GDCC_1e-09_n200_roFalse_s0: Loading model from ../models/synthetic/s123/random_mc2_n7_mid3_d1000_05_mr098_r10_60.uai
2026-02-06 13:14:55,811|INFO|random_mc2_n7_mid3_d1000_05_mr098_r10_60_uai_GDCC_1e-09_n200_roFalse_s0: Loading data from ../models/synthetic/s123/random_mc2_n7_mid3_d1000_05_mr098_r10_60.csv
2026-02-06 13:14:56,147|INFO|random_mc2_n8_mid3_d1000_05_mr098_r10_134_uai_GDCC_1e-09_n200_roTrue_s0: Loading data from ../models/synthetic/s123/random_mc2_n8_mid3_d1000_05_mr098_r10_134.csv
2026-02-06 13:15:00,693|INFO|random_mc2_n7_mid3_d1000_05_mr098_r10_47_uai_GDCC_1e-09_n200_roFalse_s0: Arguments: Namespace(method='GDCC_1e-09', numruns='200', seed='0', output='../results/synthetic/s123/', rewrite=True, removeoutliers=False, filepath=['../models/synthetic/s123/random_mc2_n7_mid3_d1000_05_mr098_r10_47.uai'])
2026-02-06 13:15:00,693|INFO|random_mc2_n7_mid3_d1000_05_mr098_r10_47_uai_GDCC_1e-09_n200_roFalse_s0: Loading model from ../models/synthetic/s123/random_mc2_n7_mid3_d1000_05_mr098_r10_47.uai
2026-02-06 13:15:00,705|INFO|random_mc2_n7_mid3_d1000_05_mr098_r10_47_uai_GDCC_1e-09_n200_roFalse_s0: Loading data from ../models/synthetic/s123/random_mc2_n7_mid3_d1000_05_mr098_r10_47.csv
2026-02-06 13:15:00,719|INFO|random_mc2_n7_mid3_d1000_05_mr098_r10_47_uai_GDCC_1e-09_n200_roFalse_s0: PNS(V3,V6) exact: (0.1989106159359959, 0.311362706666494)
2026-02-06 13:15:00,982|INFO|random_mc2_n5_mid3_d1000_05_mr098_r10_82_uai_GDCC_1e-09_n200_roTrue_s0: Arguments: Namespace(method='GDCC_1e-09', numruns='200', seed='0', output='../results/synthetic/s123/', rewrite=True, removeoutliers=True, filepath=['../models/synthetic/s123/random_mc2_n5_mid3_d1000_05_mr098_r10_82.uai'])
2026-02-06 13:15:00,982|INFO|random_mc2_n5_mid3_d1000_05_mr098_r10_82_uai_GDCC_1e-09_n200_roTrue_s0: Loading model from ../models/synthetic/s123/random_mc2_n5_mid3_d1000_05_mr098_r10_82.uai
2026-02-06 13:15:00,990|INFO|random_mc2_n5_mid3_d1000_05_mr098_r10_82_uai_GDCC_1e-09_n200_roTrue_s0: Loading data from ../models/synthetic/s123/random_mc2_n5_mid3_d1000_05_mr098_r10_82.csv
2026-02-06 13:15:03,648|INFO|random_mc2_n7_mid3_d1000_05_mr098_r10_95_uai_GDCC_1e-09_n200_roFalse_s0: Arguments: Namespace(method='GDCC_1e-09', numruns='200', seed='0', output='../results/synthetic/s123/', rewrite=True, removeoutliers=False, filepath=['../models/synthetic/s123/random_mc2_n7_mid3_d1000_05_mr098_r10_95.uai'])
2026-02-06 13:15:03,657|INFO|random_mc2_n5_mid3_d1000_05_mr098_r10_66_uai_GDCC_1e-09_n200_roTrue_s0: Arguments: Namespace(method='GDCC_1e-09', numruns='200', seed='0', output='../results/synthetic/s123/', rewrite=True, removeoutliers=True, filepath=['../models/synthetic/s123/random_mc2_n5_mid3_d1000_05_mr098_r10_66.uai'])
2026-02-06 13:15:03,672|INFO|random_mc2_n7_mid3_d1000_05_mr098_r10_195_uai_GDCC_1e-09_n200_roTrue_s0: Arguments: Namespace(method='GDCC_1e-09', numruns='200', seed='0', output='../results/synthetic/s123/', rewrite=True, removeoutliers=True, filepath=['../models/synthetic/s123/random_mc2_n7_mid3_d1000_05_mr098_r10_195.uai'])
2026-02-06 13:15:03,680|INFO|random_mc2_n6_mid3_d1000_05_mr098_r10_8_uai_GDCC_1e-09_n200_roFalse_s0: Arguments: Namespace(method='GDCC_1e-09', numruns='200', seed='0', output='../results/synthetic/s123/', rewrite=True, removeoutliers=False, filepath=['../models/synthetic/s123/random_mc2_n6_mid3_d1000_05_mr098_r10_8.uai'])
2026-02-06 13:15:03,648|INFO|random_mc2_n7_mid3_d1000_05_mr098_r10_95_uai_GDCC_1e-09_n200_roFalse_s0: Loading model from ../models/synthetic/s123/random_mc2_n7_mid3_d1000_05_mr098_r10_95.uai
2026-02-06 13:15:03,659|INFO|random_mc2_n7_mid3_d1000_05_mr098_r10_95_uai_GDCC_1e-09_n200_roFalse_s0: Loading data from ../models/synthetic/s123/random_mc2_n7_mid3_d1000_05_mr098_r10_95.csv
2026-02-06 13:15:03,671|INFO|random_mc2_n7_mid3_d1000_05_mr098_r10_95_uai_GDCC_1e-09_n200_roFalse_s0: PNS(V0,V3) exact: (0.0119746197391619, 0.3426762898101421)
2026-02-06 13:15:03,657|INFO|random_mc2_n5_mid3_d1000_05_mr098_r10_66_uai_GDCC_1e-09_n200_roTrue_s0: Loading model from ../models/synthetic/s123/random_mc2_n5_mid3_d1000_05_mr098_r10_66.uai
2026-02-06 13:15:03,684|INFO|random_mc2_n5_mid3_d1000_05_mr098_r10_66_uai_GDCC_1e-09_n200_roTrue_s0: Loading data from ../models/synthetic/s123/random_mc2_n5_mid3_d1000_05_mr098_r10_66.csv
2026-02-06 13:15:03,705|INFO|random_mc2_n5_mid3_d1000_05_mr098_r10_66_uai_GDCC_1e-09_n200_roTrue_s0: PNS(V4,V1) exact: (0.7079657650000001, 0.8388291600000001)
2026-02-06 13:15:03,673|INFO|random_mc2_n7_mid3_d1000_05_mr098_r10_195_uai_GDCC_1e-09_n200_roTrue_s0: Loading model from ../models/synthetic/s123/random_mc2_n7_mid3_d1000_05_mr098_r10_195.uai
2026-02-06 13:15:03,691|INFO|random_mc2_n7_mid3_d1000_05_mr098_r10_195_uai_GDCC_1e-09_n200_roTrue_s0: Loading data from ../models/synthetic/s123/random_mc2_n7_mid3_d1000_05_mr098_r10_195.csv
2026-02-06 13:15:03,680|INFO|random_mc2_n6_mid3_d1000_05_mr098_r10_8_uai_GDCC_1e-09_n200_roFalse_s0: Loading model from ../models/synthetic/s123/random_mc2_n6_mid3_d1000_05_mr098_r10_8.uai
2026-02-06 13:15:03,687|INFO|random_mc2_n6_mid3_d1000_05_mr098_r10_8_uai_GDCC_1e-09_n200_roFalse_s0: Loading data from ../models/synthetic/s123/random_mc2_n6_mid3_d1000_05_mr098_r10_8.csv
2026-02-06 13:15:03,707|INFO|random_mc2_n6_mid3_d1000_05_mr098_r10_8_uai_GDCC_1e-09_n200_roFalse_s0: PNS(V0,V3) exact: (0.0, 0.0)
2026-02-06 13:15:03,707|ERROR|random_mc2_n6_mid3_d1000_05_mr098_r10_8_uai_GDCC_1e-09_n200_roFalse_s0: Model does not have any cause-effect path.
2026-02-06 13:15:04,322|INFO|random_mc2_n6_mid3_d1000_05_mr098_r10_27_uai_GDCC_1e-09_n200_roTrue_s0: Arguments: Namespace(method='GDCC_1e-09', numruns='200', seed='0', output='../results/synthetic/s123/', rewrite=True, removeoutliers=True, filepath=['../models/synthetic/s123/random_mc2_n6_mid3_d1000_05_mr098_r10_27.uai'])
2026-02-06 13:15:04,322|INFO|random_mc2_n6_mid3_d1000_05_mr098_r10_27_uai_GDCC_1e-09_n200_roTrue_s0: Loading model from ../models/synthetic/s123/random_mc2_n6_mid3_d1000_05_mr098_r10_27.uai
2026-02-06 13:15:04,329|INFO|random_mc2_n6_mid3_d1000_05_mr098_r10_27_uai_GDCC_1e-09_n200_roTrue_s0: Loading data from ../models/synthetic/s123/random_mc2_n6_mid3_d1000_05_mr098_r10_27.csv
2026-02-06 13:15:04,339|INFO|random_mc2_n6_mid3_d1000_05_mr098_r10_27_uai_GDCC_1e-09_n200_roTrue_s0: PNS(V1,V2) exact: (0.150982245685575, 0.150982245685575)
2026-02-06 13:15:04,411|INFO|random_mc2_n6_mid3_d1000_05_mr098_r10_87_uai_GDCC_1e-09_n200_roTrue_s0: Arguments: Namespace(method='GDCC_1e-09', numruns='200', seed='0', output='../results/synthetic/s123/', rewrite=True, removeoutliers=True, filepath=['../models/synthetic/s123/random_mc2_n6_mid3_d1000_05_mr098_r10_87.uai'])
2026-02-06 13:15:04,412|INFO|random_mc2_n6_mid3_d1000_05_mr098_r10_87_uai_GDCC_1e-09_n200_roTrue_s0: Loading model from ../models/synthetic/s123/random_mc2_n6_mid3_d1000_05_mr098_r10_87.uai
2026-02-06 13:15:04,421|INFO|random_mc2_n6_mid3_d1000_05_mr098_r10_87_uai_GDCC_1e-09_n200_roTrue_s0: Loading data from ../models/synthetic/s123/random_mc2_n6_mid3_d1000_05_mr098_r10_87.csv
2026-02-06 13:15:04,657|INFO|random_mc2_n5_mid3_d1000_05_mr098_r10_197_uai_GDCC_1e-09_n200_roFalse_s0: Arguments: Namespace(method='GDCC_1e-09', numruns='200', seed='0', output='../results/synthetic/s123/', rewrite=True, removeoutliers=False, filepath=['../models/synthetic/s123/random_mc2_n5_mid3_d1000_05_mr098_r10_197.uai'])
2026-02-06 13:15:04,661|INFO|random_mc2_n7_mid3_d1000_05_mr098_r10_170_uai_GDCC_1e-09_n200_roFalse_s0: Arguments: Namespace(method='GDCC_1e-09', numruns='200', seed='0', output='../results/synthetic/s123/', rewrite=True, removeoutliers=False, filepath=['../models/synthetic/s123/random_mc2_n7_mid3_d1000_05_mr098_r10_170.uai'])
2026-02-06 13:15:04,657|INFO|random_mc2_n5_mid3_d1000_05_mr098_r10_197_uai_GDCC_1e-09_n200_roFalse_s0: Loading model from ../models/synthetic/s123/random_mc2_n5_mid3_d1000_05_mr098_r10_197.uai
2026-02-06 13:15:04,664|INFO|random_mc2_n5_mid3_d1000_05_mr098_r10_197_uai_GDCC_1e-09_n200_roFalse_s0: Loading data from ../models/synthetic/s123/random_mc2_n5_mid3_d1000_05_mr098_r10_197.csv
2026-02-06 13:15:04,675|INFO|random_mc2_n5_mid3_d1000_05_mr098_r10_197_uai_GDCC_1e-09_n200_roFalse_s0: PNS(V0,V2) exact: (0.0654547499999999, 0.0866559)
2026-02-06 13:15:04,661|INFO|random_mc2_n7_mid3_d1000_05_mr098_r10_170_uai_GDCC_1e-09_n200_roFalse_s0: Loading model from ../models/synthetic/s123/random_mc2_n7_mid3_d1000_05_mr098_r10_170.uai
2026-02-06 13:15:04,672|INFO|random_mc2_n7_mid3_d1000_05_mr098_r10_170_uai_GDCC_1e-09_n200_roFalse_s0: Loading data from ../models/synthetic/s123/random_mc2_n7_mid3_d1000_05_mr098_r10_170.csv
2026-02-06 13:15:04,683|INFO|random_mc2_n7_mid3_d1000_05_mr098_r10_170_uai_GDCC_1e-09_n200_roFalse_s0: PNS(V1,V3) exact: (0.0061237, 0.1216942)
2026-02-06 13:15:09,989|INFO|random_mc2_n8_mid3_d1000_05_mr098_r10_134_uai_GDCC_1e-09_n200_roFalse_s0: Arguments: Namespace(method='GDCC_1e-09', numruns='200', seed='0', output='../results/synthetic/s123/', rewrite=True, removeoutliers=False, filepath=['../models/synthetic/s123/random_mc2_n8_mid3_d1000_05_mr098_r10_134.uai'])
2026-02-06 13:15:10,022|INFO|random_mc2_n5_mid3_d1000_05_mr098_r10_192_uai_GDCC_1e-09_n200_roFalse_s0: Arguments: Namespace(method='GDCC_1e-09', numruns='200', seed='0', output='../results/synthetic/s123/', rewrite=True, removeoutliers=False, filepath=['../models/synthetic/s123/random_mc2_n5_mid3_d1000_05_mr098_r10_192.uai'])
2026-02-06 13:15:10,027|INFO|random_mc2_n6_mid3_d1000_05_mr098_r10_194_uai_GDCC_1e-09_n200_roTrue_s0: Arguments: Namespace(method='GDCC_1e-09', numruns='200', seed='0', output='../results/synthetic/s123/', rewrite=True, removeoutliers=True, filepath=['../models/synthetic/s123/random_mc2_n6_mid3_d1000_05_mr098_r10_194.uai'])
2026-02-06 13:15:09,989|INFO|random_mc2_n8_mid3_d1000_05_mr098_r10_134_uai_GDCC_1e-09_n200_roFalse_s0: Loading model from ../models/synthetic/s123/random_mc2_n8_mid3_d1000_05_mr098_r10_134.uai
2026-02-06 13:15:10,052|INFO|random_mc2_n9_mid3_d1000_05_mr098_r10_20_uai_GDCC_1e-09_n200_roFalse_s0: Arguments: Namespace(method='GDCC_1e-09', numruns='200', seed='0', output='../results/synthetic/s123/', rewrite=True, removeoutliers=False, filepath=['../models/synthetic/s123/random_mc2_n9_mid3_d1000_05_mr098_r10_20.uai'])
2026-02-06 13:15:10,022|INFO|random_mc2_n5_mid3_d1000_05_mr098_r10_192_uai_GDCC_1e-09_n200_roFalse_s0: Loading model from ../models/synthetic/s123/random_mc2_n5_mid3_d1000_05_mr098_r10_192.uai
2026-02-06 13:15:10,028|INFO|random_mc2_n5_mid3_d1000_05_mr098_r10_192_uai_GDCC_1e-09_n200_roFalse_s0: Loading data from ../models/synthetic/s123/random_mc2_n5_mid3_d1000_05_mr098_r10_192.csv
2026-02-06 13:15:10,040|INFO|random_mc2_n5_mid3_d1000_05_mr098_r10_192_uai_GDCC_1e-09_n200_roFalse_s0: PNS(V0,V2) exact: (0.019158534066672, 0.243463236618182)
2026-02-06 13:15:10,027|INFO|random_mc2_n6_mid3_d1000_05_mr098_r10_194_uai_GDCC_1e-09_n200_roTrue_s0: Loading model from ../models/synthetic/s123/random_mc2_n6_mid3_d1000_05_mr098_r10_194.uai
2026-02-06 13:15:10,043|INFO|random_mc2_n6_mid3_d1000_05_mr098_r10_194_uai_GDCC_1e-09_n200_roTrue_s0: Loading data from ../models/synthetic/s123/random_mc2_n6_mid3_d1000_05_mr098_r10_194.csv
2026-02-06 13:15:10,083|INFO|random_mc2_n5_mid3_d1000_05_mr098_r10_109_uai_GDCC_1e-09_n200_roFalse_s0: Arguments: Namespace(method='GDCC_1e-09', numruns='200', seed='0', output='../results/synthetic/s123/', rewrite=True, removeoutliers=False, filepath=['../models/synthetic/s123/random_mc2_n5_mid3_d1000_05_mr098_r10_109.uai'])
2026-02-06 13:15:10,052|INFO|random_mc2_n9_mid3_d1000_05_mr098_r10_20_uai_GDCC_1e-09_n200_roFalse_s0: Loading model from ../models/synthetic/s123/random_mc2_n9_mid3_d1000_05_mr098_r10_20.uai
2026-02-06 13:15:10,091|INFO|random_mc2_n5_mid3_d1000_05_mr098_r10_176_uai_GDCC_1e-09_n200_roFalse_s0: Arguments: Namespace(method='GDCC_1e-09', numruns='200', seed='0', output='../results/synthetic/s123/', rewrite=True, removeoutliers=False, filepath=['../models/synthetic/s123/random_mc2_n5_mid3_d1000_05_mr098_r10_176.uai'])
2026-02-06 13:15:10,100|INFO|random_mc2_n5_mid3_d1000_05_mr098_r10_53_uai_GDCC_1e-09_n200_roTrue_s0: Arguments: Namespace(method='GDCC_1e-09', numruns='200', seed='0', output='../results/synthetic/s123/', rewrite=True, removeoutliers=True, filepath=['../models/synthetic/s123/random_mc2_n5_mid3_d1000_05_mr098_r10_53.uai'])
2026-02-06 13:15:10,083|INFO|random_mc2_n5_mid3_d1000_05_mr098_r10_109_uai_GDCC_1e-09_n200_roFalse_s0: Loading model from ../models/synthetic/s123/random_mc2_n5_mid3_d1000_05_mr098_r10_109.uai
2026-02-06 13:15:10,089|INFO|random_mc2_n5_mid3_d1000_05_mr098_r10_109_uai_GDCC_1e-09_n200_roFalse_s0: Loading data from ../models/synthetic/s123/random_mc2_n5_mid3_d1000_05_mr098_r10_109.csv
2026-02-06 13:15:10,099|INFO|random_mc2_n5_mid3_d1000_05_mr098_r10_109_uai_GDCC_1e-09_n200_roFalse_s0: PNS(V0,V4) exact: (0.0, 0.0)
2026-02-06 13:15:10,099|ERROR|random_mc2_n5_mid3_d1000_05_mr098_r10_109_uai_GDCC_1e-09_n200_roFalse_s0: Model does not have any cause-effect path.
2026-02-06 13:15:10,091|INFO|random_mc2_n5_mid3_d1000_05_mr098_r10_176_uai_GDCC_1e-09_n200_roFalse_s0: Loading model from ../models/synthetic/s123/random_mc2_n5_mid3_d1000_05_mr098_r10_176.uai
2026-02-06 13:15:10,097|INFO|random_mc2_n5_mid3_d1000_05_mr098_r10_176_uai_GDCC_1e-09_n200_roFalse_s0: Loading data from ../models/synthetic/s123/random_mc2_n5_mid3_d1000_05_mr098_r10_176.csv
2026-02-06 13:15:10,133|INFO|random_mc2_n5_mid3_d1000_05_mr098_r10_100_uai_GDCC_1e-09_n200_roFalse_s0: Arguments: Namespace(method='GDCC_1e-09', numruns='200', seed='0', output='../results/synthetic/s123/', rewrite=True, removeoutliers=False, filepath=['../models/synthetic/s123/random_mc2_n5_mid3_d1000_05_mr098_r10_100.uai'])
2026-02-06 13:15:10,100|INFO|random_mc2_n5_mid3_d1000_05_mr098_r10_53_uai_GDCC_1e-09_n200_roTrue_s0: Loading model from ../models/synthetic/s123/random_mc2_n5_mid3_d1000_05_mr098_r10_53.uai
2026-02-06 13:15:10,115|INFO|random_mc2_n5_mid3_d1000_05_mr098_r10_53_uai_GDCC_1e-09_n200_roTrue_s0: Loading data from ../models/synthetic/s123/random_mc2_n5_mid3_d1000_05_mr098_r10_53.csv
2026-02-06 13:15:10,125|INFO|random_mc2_n5_mid3_d1000_05_mr098_r10_53_uai_GDCC_1e-09_n200_roTrue_s0: PNS(V0,V1) exact: (0.0, 0.0)
2026-02-06 13:15:10,125|ERROR|random_mc2_n5_mid3_d1000_05_mr098_r10_53_uai_GDCC_1e-09_n200_roTrue_s0: Model does not have any cause-effect path.
2026-02-06 13:15:10,144|INFO|random_mc2_n6_mid3_d1000_05_mr098_r10_186_uai_GDCC_1e-09_n200_roTrue_s0: Arguments: Namespace(method='GDCC_1e-09', numruns='200', seed='0', output='../results/synthetic/s123/', rewrite=True, removeoutliers=True, filepath=['../models/synthetic/s123/random_mc2_n6_mid3_d1000_05_mr098_r10_186.uai'])
2026-02-06 13:15:10,152|INFO|random_mc2_n5_mid3_d1000_05_mr098_r10_122_uai_GDCC_1e-09_n200_roTrue_s0: Arguments: Namespace(method='GDCC_1e-09', numruns='200', seed='0', output='../results/synthetic/s123/', rewrite=True, removeoutliers=True, filepath=['../models/synthetic/s123/random_mc2_n5_mid3_d1000_05_mr098_r10_122.uai'])
2026-02-06 13:15:10,155|INFO|random_mc2_n8_mid3_d1000_05_mr098_r10_119_uai_GDCC_1e-09_n200_roFalse_s0: Arguments: Namespace(method='GDCC_1e-09', numruns='200', seed='0', output='../results/synthetic/s123/', rewrite=True, removeoutliers=False, filepath=['../models/synthetic/s123/random_mc2_n8_mid3_d1000_05_mr098_r10_119.uai'])
2026-02-06 13:15:10,170|INFO|random_mc2_n5_mid3_d1000_05_mr098_r10_10_uai_GDCC_1e-09_n200_roFalse_s0: Arguments: Namespace(method='GDCC_1e-09', numruns='200', seed='0', output='../results/synthetic/s123/', rewrite=True, removeoutliers=False, filepath=['../models/synthetic/s123/random_mc2_n5_mid3_d1000_05_mr098_r10_10.uai'])
2026-02-06 13:15:10,133|INFO|random_mc2_n5_mid3_d1000_05_mr098_r10_100_uai_GDCC_1e-09_n200_roFalse_s0: Loading model from ../models/synthetic/s123/random_mc2_n5_mid3_d1000_05_mr098_r10_100.uai
2026-02-06 13:15:10,143|INFO|random_mc2_n5_mid3_d1000_05_mr098_r10_100_uai_GDCC_1e-09_n200_roFalse_s0: Loading data from ../models/synthetic/s123/random_mc2_n5_mid3_d1000_05_mr098_r10_100.csv
2026-02-06 13:15:10,174|INFO|random_mc2_n5_mid3_d1000_05_mr098_r10_87_uai_GDCC_1e-09_n200_roTrue_s0: Arguments: Namespace(method='GDCC_1e-09', numruns='200', seed='0', output='../results/synthetic/s123/', rewrite=True, removeoutliers=True, filepath=['../models/synthetic/s123/random_mc2_n5_mid3_d1000_05_mr098_r10_87.uai'])
2026-02-06 13:15:10,175|INFO|random_mc2_n8_mid3_d1000_05_mr098_r10_131_uai_GDCC_1e-09_n200_roTrue_s0: Arguments: Namespace(method='GDCC_1e-09', numruns='200', seed='0', output='../results/synthetic/s123/', rewrite=True, removeoutliers=True, filepath=['../models/synthetic/s123/random_mc2_n8_mid3_d1000_05_mr098_r10_131.uai'])
2026-02-06 13:15:10,177|INFO|random_mc2_n5_mid3_d1000_05_mr098_r10_86_uai_GDCC_1e-09_n200_roFalse_s0: Arguments: Namespace(method='GDCC_1e-09', numruns='200', seed='0', output='../results/synthetic/s123/', rewrite=True, removeoutliers=False, filepath=['../models/synthetic/s123/random_mc2_n5_mid3_d1000_05_mr098_r10_86.uai'])
2026-02-06 13:15:10,144|INFO|random_mc2_n6_mid3_d1000_05_mr098_r10_186_uai_GDCC_1e-09_n200_roTrue_s0: Loading model from ../models/synthetic/s123/random_mc2_n6_mid3_d1000_05_mr098_r10_186.uai
2026-02-06 13:15:10,172|INFO|random_mc2_n6_mid3_d1000_05_mr098_r10_186_uai_GDCC_1e-09_n200_roTrue_s0: Loading data from ../models/synthetic/s123/random_mc2_n6_mid3_d1000_05_mr098_r10_186.csv
2026-02-06 13:15:10,184|INFO|random_mc2_n7_mid3_d1000_05_mr098_r10_154_uai_GDCC_1e-09_n200_roFalse_s0: Arguments: Namespace(method='GDCC_1e-09', numruns='200', seed='0', output='../results/synthetic/s123/', rewrite=True, removeoutliers=False, filepath=['../models/synthetic/s123/random_mc2_n7_mid3_d1000_05_mr098_r10_154.uai'])
2026-02-06 13:15:10,186|INFO|random_mc2_n6_mid3_d1000_05_mr098_r10_154_uai_GDCC_1e-09_n200_roTrue_s0: Arguments: Namespace(method='GDCC_1e-09', numruns='200', seed='0', output='../results/synthetic/s123/', rewrite=True, removeoutliers=True, filepath=['../models/synthetic/s123/random_mc2_n6_mid3_d1000_05_mr098_r10_154.uai'])
2026-02-06 13:15:10,188|INFO|random_mc2_n7_mid3_d1000_05_mr098_r10_93_uai_GDCC_1e-09_n200_roTrue_s0: Arguments: Namespace(method='GDCC_1e-09', numruns='200', seed='0', output='../results/synthetic/s123/', rewrite=True, removeoutliers=True, filepath=['../models/synthetic/s123/random_mc2_n7_mid3_d1000_05_mr098_r10_93.uai'])
2026-02-06 13:15:10,192|INFO|random_mc2_n6_mid3_d1000_05_mr098_r10_86_uai_GDCC_1e-09_n200_roTrue_s0: Arguments: Namespace(method='GDCC_1e-09', numruns='200', seed='0', output='../results/synthetic/s123/', rewrite=True, removeoutliers=True, filepath=['../models/synthetic/s123/random_mc2_n6_mid3_d1000_05_mr098_r10_86.uai'])
2026-02-06 13:15:10,152|INFO|random_mc2_n5_mid3_d1000_05_mr098_r10_122_uai_GDCC_1e-09_n200_roTrue_s0: Loading model from ../models/synthetic/s123/random_mc2_n5_mid3_d1000_05_mr098_r10_122.uai
2026-02-06 13:15:10,158|INFO|random_mc2_n5_mid3_d1000_05_mr098_r10_122_uai_GDCC_1e-09_n200_roTrue_s0: Loading data from ../models/synthetic/s123/random_mc2_n5_mid3_d1000_05_mr098_r10_122.csv
2026-02-06 13:15:10,168|INFO|random_mc2_n5_mid3_d1000_05_mr098_r10_122_uai_GDCC_1e-09_n200_roTrue_s0: PNS(V0,V3) exact: (0.0, 0.30162)
2026-02-06 13:15:10,194|INFO|random_mc2_n7_mid3_d1000_05_mr098_r10_37_uai_GDCC_1e-09_n200_roTrue_s0: Arguments: Namespace(method='GDCC_1e-09', numruns='200', seed='0', output='../results/synthetic/s123/', rewrite=True, removeoutliers=True, filepath=['../models/synthetic/s123/random_mc2_n7_mid3_d1000_05_mr098_r10_37.uai'])
2026-02-06 13:15:10,155|INFO|random_mc2_n8_mid3_d1000_05_mr098_r10_119_uai_GDCC_1e-09_n200_roFalse_s0: Loading model from ../models/synthetic/s123/random_mc2_n8_mid3_d1000_05_mr098_r10_119.uai
2026-02-06 13:15:10,209|INFO|random_mc2_n8_mid3_d1000_05_mr098_r10_119_uai_GDCC_1e-09_n200_roFalse_s0: Loading data from ../models/synthetic/s123/random_mc2_n8_mid3_d1000_05_mr098_r10_119.csv
2026-02-06 13:15:10,170|INFO|random_mc2_n5_mid3_d1000_05_mr098_r10_10_uai_GDCC_1e-09_n200_roFalse_s0: Loading model from ../models/synthetic/s123/random_mc2_n5_mid3_d1000_05_mr098_r10_10.uai
2026-02-06 13:15:10,180|INFO|random_mc2_n5_mid3_d1000_05_mr098_r10_10_uai_GDCC_1e-09_n200_roFalse_s0: Loading data from ../models/synthetic/s123/random_mc2_n5_mid3_d1000_05_mr098_r10_10.csv
2026-02-06 13:15:10,174|INFO|random_mc2_n5_mid3_d1000_05_mr098_r10_87_uai_GDCC_1e-09_n200_roTrue_s0: Loading model from ../models/synthetic/s123/random_mc2_n5_mid3_d1000_05_mr098_r10_87.uai
2026-02-06 13:15:10,198|INFO|random_mc2_n5_mid3_d1000_05_mr098_r10_87_uai_GDCC_1e-09_n200_roTrue_s0: Loading data from ../models/synthetic/s123/random_mc2_n5_mid3_d1000_05_mr098_r10_87.csv
2026-02-06 13:15:10,175|INFO|random_mc2_n8_mid3_d1000_05_mr098_r10_131_uai_GDCC_1e-09_n200_roTrue_s0: Loading model from ../models/synthetic/s123/random_mc2_n8_mid3_d1000_05_mr098_r10_131.uai
2026-02-06 13:15:10,192|INFO|random_mc2_n8_mid3_d1000_05_mr098_r10_131_uai_GDCC_1e-09_n200_roTrue_s0: Loading data from ../models/synthetic/s123/random_mc2_n8_mid3_d1000_05_mr098_r10_131.csv
2026-02-06 13:15:10,201|INFO|random_mc2_n8_mid3_d1000_05_mr098_r10_131_uai_GDCC_1e-09_n200_roTrue_s0: PNS(V2,V4) exact: (0.0110083727479793, 0.2116947943241336)
2026-02-06 13:15:10,178|INFO|random_mc2_n5_mid3_d1000_05_mr098_r10_86_uai_GDCC_1e-09_n200_roFalse_s0: Loading model from ../models/synthetic/s123/random_mc2_n5_mid3_d1000_05_mr098_r10_86.uai
2026-02-06 13:15:10,183|INFO|random_mc2_n5_mid3_d1000_05_mr098_r10_86_uai_GDCC_1e-09_n200_roFalse_s0: Loading data from ../models/synthetic/s123/random_mc2_n5_mid3_d1000_05_mr098_r10_86.csv
2026-02-06 13:15:10,194|INFO|random_mc2_n5_mid3_d1000_05_mr098_r10_86_uai_GDCC_1e-09_n200_roFalse_s0: PNS(V3,V4) exact: (0.104073125, 0.2262469198)
2026-02-06 13:15:10,185|INFO|random_mc2_n7_mid3_d1000_05_mr098_r10_154_uai_GDCC_1e-09_n200_roFalse_s0: Loading model from ../models/synthetic/s123/random_mc2_n7_mid3_d1000_05_mr098_r10_154.uai
2026-02-06 13:15:10,195|INFO|random_mc2_n7_mid3_d1000_05_mr098_r10_154_uai_GDCC_1e-09_n200_roFalse_s0: Loading data from ../models/synthetic/s123/random_mc2_n7_mid3_d1000_05_mr098_r10_154.csv
2026-02-06 13:15:10,186|INFO|random_mc2_n6_mid3_d1000_05_mr098_r10_154_uai_GDCC_1e-09_n200_roTrue_s0: Loading model from ../models/synthetic/s123/random_mc2_n6_mid3_d1000_05_mr098_r10_154.uai
2026-02-06 13:15:10,199|INFO|random_mc2_n6_mid3_d1000_05_mr098_r10_154_uai_GDCC_1e-09_n200_roTrue_s0: Loading data from ../models/synthetic/s123/random_mc2_n6_mid3_d1000_05_mr098_r10_154.csv
2026-02-06 13:15:10,189|INFO|random_mc2_n7_mid3_d1000_05_mr098_r10_93_uai_GDCC_1e-09_n200_roTrue_s0: Loading model from ../models/synthetic/s123/random_mc2_n7_mid3_d1000_05_mr098_r10_93.uai
2026-02-06 13:15:10,197|INFO|random_mc2_n7_mid3_d1000_05_mr098_r10_93_uai_GDCC_1e-09_n200_roTrue_s0: Loading data from ../models/synthetic/s123/random_mc2_n7_mid3_d1000_05_mr098_r10_93.csv
2026-02-06 13:15:10,192|INFO|random_mc2_n6_mid3_d1000_05_mr098_r10_86_uai_GDCC_1e-09_n200_roTrue_s0: Loading model from ../models/synthetic/s123/random_mc2_n6_mid3_d1000_05_mr098_r10_86.uai
2026-02-06 13:15:10,202|INFO|random_mc2_n6_mid3_d1000_05_mr098_r10_86_uai_GDCC_1e-09_n200_roTrue_s0: Loading data from ../models/synthetic/s123/random_mc2_n6_mid3_d1000_05_mr098_r10_86.csv
2026-02-06 13:15:10,194|INFO|random_mc2_n7_mid3_d1000_05_mr098_r10_37_uai_GDCC_1e-09_n200_roTrue_s0: Loading model from ../models/synthetic/s123/random_mc2_n7_mid3_d1000_05_mr098_r10_37.uai
2026-02-06 13:15:10,219|INFO|random_mc2_n7_mid3_d1000_05_mr098_r10_37_uai_GDCC_1e-09_n200_roTrue_s0: Loading data from ../models/synthetic/s123/random_mc2_n7_mid3_d1000_05_mr098_r10_37.csv
2026-02-06 13:15:10,230|INFO|random_mc2_n7_mid3_d1000_05_mr098_r10_37_uai_GDCC_1e-09_n200_roTrue_s0: PNS(V3,V2) exact: (0.0, 0.0282189836918879)
2026-02-06 13:15:10,289|INFO|random_mc2_n9_mid3_d1000_05_mr098_r10_20_uai_GDCC_1e-09_n200_roFalse_s0: Loading data from ../models/synthetic/s123/random_mc2_n9_mid3_d1000_05_mr098_r10_20.csv
2026-02-06 13:15:10,424|INFO|random_mc2_n8_mid3_d1000_05_mr098_r10_134_uai_GDCC_1e-09_n200_roFalse_s0: Loading data from ../models/synthetic/s123/random_mc2_n8_mid3_d1000_05_mr098_r10_134.csv
2026-02-06 13:15:11,287|INFO|random_mc2_n6_mid3_d1000_05_mr098_r10_99_uai_GDCC_1e-09_n200_roTrue_s0: Arguments: Namespace(method='GDCC_1e-09', numruns='200', seed='0', output='../results/synthetic/s123/', rewrite=True, removeoutliers=True, filepath=['../models/synthetic/s123/random_mc2_n6_mid3_d1000_05_mr098_r10_99.uai'])
2026-02-06 13:15:11,287|INFO|random_mc2_n6_mid3_d1000_05_mr098_r10_99_uai_GDCC_1e-09_n200_roTrue_s0: Loading model from ../models/synthetic/s123/random_mc2_n6_mid3_d1000_05_mr098_r10_99.uai
2026-02-06 13:15:11,292|INFO|random_mc2_n6_mid3_d1000_05_mr098_r10_99_uai_GDCC_1e-09_n200_roTrue_s0: Loading data from ../models/synthetic/s123/random_mc2_n6_mid3_d1000_05_mr098_r10_99.csv
2026-02-06 13:15:11,300|INFO|random_mc2_n6_mid3_d1000_05_mr098_r10_99_uai_GDCC_1e-09_n200_roTrue_s0: PNS(V0,V1) exact: (0.0, 0.0)
2026-02-06 13:15:11,300|ERROR|random_mc2_n6_mid3_d1000_05_mr098_r10_99_uai_GDCC_1e-09_n200_roTrue_s0: Model does not have any cause-effect path.
2026-02-06 13:15:11,641|INFO|random_mc2_n7_mid3_d1000_05_mr098_r10_20_uai_GDCC_1e-09_n200_roTrue_s0: Arguments: Namespace(method='GDCC_1e-09', numruns='200', seed='0', output='../results/synthetic/s123/', rewrite=True, removeoutliers=True, filepath=['../models/synthetic/s123/random_mc2_n7_mid3_d1000_05_mr098_r10_20.uai'])
2026-02-06 13:15:11,641|INFO|random_mc2_n7_mid3_d1000_05_mr098_r10_20_uai_GDCC_1e-09_n200_roTrue_s0: Loading model from ../models/synthetic/s123/random_mc2_n7_mid3_d1000_05_mr098_r10_20.uai
2026-02-06 13:15:11,651|INFO|random_mc2_n7_mid3_d1000_05_mr098_r10_20_uai_GDCC_1e-09_n200_roTrue_s0: Loading data from ../models/synthetic/s123/random_mc2_n7_mid3_d1000_05_mr098_r10_20.csv
2026-02-06 13:15:16,174|INFO|random_mc2_n7_mid3_d1000_05_mr098_r10_65_uai_GDCC_1e-09_n200_roTrue_s0: Arguments: Namespace(method='GDCC_1e-09', numruns='200', seed='0', output='../results/synthetic/s123/', rewrite=True, removeoutliers=True, filepath=['../models/synthetic/s123/random_mc2_n7_mid3_d1000_05_mr098_r10_65.uai'])
2026-02-06 13:15:16,190|INFO|random_mc2_n5_mid3_d1000_05_mr098_r10_43_uai_GDCC_1e-09_n200_roTrue_s0: Arguments: Namespace(method='GDCC_1e-09', numruns='200', seed='0', output='../results/synthetic/s123/', rewrite=True, removeoutliers=True, filepath=['../models/synthetic/s123/random_mc2_n5_mid3_d1000_05_mr098_r10_43.uai'])
2026-02-06 13:15:16,207|INFO|random_mc2_n9_mid3_d1000_05_mr098_r10_1_uai_GDCC_1e-09_n200_roTrue_s0: Arguments: Namespace(method='GDCC_1e-09', numruns='200', seed='0', output='../results/synthetic/s123/', rewrite=True, removeoutliers=True, filepath=['../models/synthetic/s123/random_mc2_n9_mid3_d1000_05_mr098_r10_1.uai'])
2026-02-06 13:15:16,174|INFO|random_mc2_n7_mid3_d1000_05_mr098_r10_65_uai_GDCC_1e-09_n200_roTrue_s0: Loading model from ../models/synthetic/s123/random_mc2_n7_mid3_d1000_05_mr098_r10_65.uai
2026-02-06 13:15:16,186|INFO|random_mc2_n7_mid3_d1000_05_mr098_r10_65_uai_GDCC_1e-09_n200_roTrue_s0: Loading data from ../models/synthetic/s123/random_mc2_n7_mid3_d1000_05_mr098_r10_65.csv
2026-02-06 13:15:16,198|INFO|random_mc2_n7_mid3_d1000_05_mr098_r10_65_uai_GDCC_1e-09_n200_roTrue_s0: PNS(V1,V0) exact: (0.1520312774315468, 0.2103249985205253)
2026-02-06 13:15:16,226|INFO|random_mc2_n5_mid3_d1000_05_mr098_r10_109_uai_GDCC_1e-09_n200_roTrue_s0: Arguments: Namespace(method='GDCC_1e-09', numruns='200', seed='0', output='../results/synthetic/s123/', rewrite=True, removeoutliers=True, filepath=['../models/synthetic/s123/random_mc2_n5_mid3_d1000_05_mr098_r10_109.uai'])
2026-02-06 13:15:16,190|INFO|random_mc2_n5_mid3_d1000_05_mr098_r10_43_uai_GDCC_1e-09_n200_roTrue_s0: Loading model from ../models/synthetic/s123/random_mc2_n5_mid3_d1000_05_mr098_r10_43.uai
2026-02-06 13:15:16,197|INFO|random_mc2_n5_mid3_d1000_05_mr098_r10_43_uai_GDCC_1e-09_n200_roTrue_s0: Loading data from ../models/synthetic/s123/random_mc2_n5_mid3_d1000_05_mr098_r10_43.csv
2026-02-06 13:15:16,208|INFO|random_mc2_n5_mid3_d1000_05_mr098_r10_43_uai_GDCC_1e-09_n200_roTrue_s0: PNS(V4,V2) exact: (0.2198675521, 0.3328360903)
2026-02-06 13:15:16,242|INFO|random_mc2_n5_mid3_d1000_05_mr098_r10_35_uai_GDCC_1e-09_n200_roTrue_s0: Arguments: Namespace(method='GDCC_1e-09', numruns='200', seed='0', output='../results/synthetic/s123/', rewrite=True, removeoutliers=True, filepath=['../models/synthetic/s123/random_mc2_n5_mid3_d1000_05_mr098_r10_35.uai'])
2026-02-06 13:15:16,207|INFO|random_mc2_n9_mid3_d1000_05_mr098_r10_1_uai_GDCC_1e-09_n200_roTrue_s0: Loading model from ../models/synthetic/s123/random_mc2_n9_mid3_d1000_05_mr098_r10_1.uai
2026-02-06 13:15:16,257|INFO|random_mc2_n9_mid3_d1000_05_mr098_r10_1_uai_GDCC_1e-09_n200_roTrue_s0: Loading data from ../models/synthetic/s123/random_mc2_n9_mid3_d1000_05_mr098_r10_1.csv
2026-02-06 13:15:16,226|INFO|random_mc2_n5_mid3_d1000_05_mr098_r10_109_uai_GDCC_1e-09_n200_roTrue_s0: Loading model from ../models/synthetic/s123/random_mc2_n5_mid3_d1000_05_mr098_r10_109.uai
2026-02-06 13:15:16,232|INFO|random_mc2_n5_mid3_d1000_05_mr098_r10_109_uai_GDCC_1e-09_n200_roTrue_s0: Loading data from ../models/synthetic/s123/random_mc2_n5_mid3_d1000_05_mr098_r10_109.csv
2026-02-06 13:15:16,242|INFO|random_mc2_n5_mid3_d1000_05_mr098_r10_109_uai_GDCC_1e-09_n200_roTrue_s0: PNS(V0,V4) exact: (0.0, 0.0)
2026-02-06 13:15:16,268|INFO|random_mc2_n9_mid3_d1000_05_mr098_r10_1_uai_GDCC_1e-09_n200_roTrue_s0: PNS(V6,V2) exact: (0.156075015699298, 0.162433592078674)
2026-02-06 13:15:16,242|ERROR|random_mc2_n5_mid3_d1000_05_mr098_r10_109_uai_GDCC_1e-09_n200_roTrue_s0: Model does not have any cause-effect path.
2026-02-06 13:15:16,281|INFO|random_mc2_n6_mid3_d1000_05_mr098_r10_195_uai_GDCC_1e-09_n200_roFalse_s0: Arguments: Namespace(method='GDCC_1e-09', numruns='200', seed='0', output='../results/synthetic/s123/', rewrite=True, removeoutliers=False, filepath=['../models/synthetic/s123/random_mc2_n6_mid3_d1000_05_mr098_r10_195.uai'])
2026-02-06 13:15:16,243|INFO|random_mc2_n5_mid3_d1000_05_mr098_r10_35_uai_GDCC_1e-09_n200_roTrue_s0: Loading model from ../models/synthetic/s123/random_mc2_n5_mid3_d1000_05_mr098_r10_35.uai
2026-02-06 13:15:16,248|INFO|random_mc2_n5_mid3_d1000_05_mr098_r10_35_uai_GDCC_1e-09_n200_roTrue_s0: Loading data from ../models/synthetic/s123/random_mc2_n5_mid3_d1000_05_mr098_r10_35.csv
2026-02-06 13:15:16,257|INFO|random_mc2_n5_mid3_d1000_05_mr098_r10_35_uai_GDCC_1e-09_n200_roTrue_s0: PNS(V1,V0) exact: (0.0068097203999999, 0.1260976746)
2026-02-06 13:15:16,303|INFO|random_mc2_n9_mid3_d1000_05_mr098_r10_138_uai_GDCC_1e-09_n200_roFalse_s0: Arguments: Namespace(method='GDCC_1e-09', numruns='200', seed='0', output='../results/synthetic/s123/', rewrite=True, removeoutliers=False, filepath=['../models/synthetic/s123/random_mc2_n9_mid3_d1000_05_mr098_r10_138.uai'])
2026-02-06 13:15:16,319|INFO|random_mc2_n6_mid3_d1000_05_mr098_r10_18_uai_GDCC_1e-09_n200_roTrue_s0: Arguments: Namespace(method='GDCC_1e-09', numruns='200', seed='0', output='../results/synthetic/s123/', rewrite=True, removeoutliers=True, filepath=['../models/synthetic/s123/random_mc2_n6_mid3_d1000_05_mr098_r10_18.uai'])
2026-02-06 13:15:16,281|INFO|random_mc2_n6_mid3_d1000_05_mr098_r10_195_uai_GDCC_1e-09_n200_roFalse_s0: Loading model from ../models/synthetic/s123/random_mc2_n6_mid3_d1000_05_mr098_r10_195.uai
2026-02-06 13:15:16,289|INFO|random_mc2_n6_mid3_d1000_05_mr098_r10_195_uai_GDCC_1e-09_n200_roFalse_s0: Loading data from ../models/synthetic/s123/random_mc2_n6_mid3_d1000_05_mr098_r10_195.csv
2026-02-06 13:15:16,298|INFO|random_mc2_n6_mid3_d1000_05_mr098_r10_195_uai_GDCC_1e-09_n200_roFalse_s0: PNS(V1,V5) exact: (0.3611165594, 0.4092761430999999)
2026-02-06 13:15:16,304|INFO|random_mc2_n9_mid3_d1000_05_mr098_r10_138_uai_GDCC_1e-09_n200_roFalse_s0: Loading model from ../models/synthetic/s123/random_mc2_n9_mid3_d1000_05_mr098_r10_138.uai
2026-02-06 13:15:16,317|INFO|random_mc2_n9_mid3_d1000_05_mr098_r10_138_uai_GDCC_1e-09_n200_roFalse_s0: Loading data from ../models/synthetic/s123/random_mc2_n9_mid3_d1000_05_mr098_r10_138.csv
2026-02-06 13:15:16,328|INFO|random_mc2_n9_mid3_d1000_05_mr098_r10_138_uai_GDCC_1e-09_n200_roFalse_s0: PNS(V2,V8) exact: (0.3533990588217299, 0.3586598451414463)
2026-02-06 13:15:16,319|INFO|random_mc2_n6_mid3_d1000_05_mr098_r10_18_uai_GDCC_1e-09_n200_roTrue_s0: Loading model from ../models/synthetic/s123/random_mc2_n6_mid3_d1000_05_mr098_r10_18.uai
2026-02-06 13:15:16,330|INFO|random_mc2_n6_mid3_d1000_05_mr098_r10_18_uai_GDCC_1e-09_n200_roTrue_s0: Loading data from ../models/synthetic/s123/random_mc2_n6_mid3_d1000_05_mr098_r10_18.csv
2026-02-06 13:15:16,339|INFO|random_mc2_n6_mid3_d1000_05_mr098_r10_18_uai_GDCC_1e-09_n200_roTrue_s0: PNS(V3,V5) exact: (0.0, 0.0426073822)
2026-02-06 13:15:21,713|INFO|random_mc2_n6_mid3_d1000_05_mr098_r10_190_uai_GDCC_1e-09_n200_roTrue_s0: Arguments: Namespace(method='GDCC_1e-09', numruns='200', seed='0', output='../results/synthetic/s123/', rewrite=True, removeoutliers=True, filepath=['../models/synthetic/s123/random_mc2_n6_mid3_d1000_05_mr098_r10_190.uai'])
2026-02-06 13:15:21,713|INFO|random_mc2_n6_mid3_d1000_05_mr098_r10_190_uai_GDCC_1e-09_n200_roTrue_s0: Loading model from ../models/synthetic/s123/random_mc2_n6_mid3_d1000_05_mr098_r10_190.uai
2026-02-06 13:15:21,723|INFO|random_mc2_n6_mid3_d1000_05_mr098_r10_190_uai_GDCC_1e-09_n200_roTrue_s0: Loading data from ../models/synthetic/s123/random_mc2_n6_mid3_d1000_05_mr098_r10_190.csv
2026-02-06 13:15:21,732|INFO|random_mc2_n6_mid3_d1000_05_mr098_r10_190_uai_GDCC_1e-09_n200_roTrue_s0: PNS(V1,V3) exact: (0.6666155524875482, 0.789958677372704)
2026-02-06 13:15:22,339|INFO|random_mc2_n9_mid3_d1000_05_mr098_r10_118_uai_GDCC_1e-09_n200_roFalse_s0: Arguments: Namespace(method='GDCC_1e-09', numruns='200', seed='0', output='../results/synthetic/s123/', rewrite=True, removeoutliers=False, filepath=['../models/synthetic/s123/random_mc2_n9_mid3_d1000_05_mr098_r10_118.uai'])
2026-02-06 13:15:22,339|INFO|random_mc2_n9_mid3_d1000_05_mr098_r10_118_uai_GDCC_1e-09_n200_roFalse_s0: Loading model from ../models/synthetic/s123/random_mc2_n9_mid3_d1000_05_mr098_r10_118.uai
2026-02-06 13:15:22,355|INFO|random_mc2_n9_mid3_d1000_05_mr098_r10_118_uai_GDCC_1e-09_n200_roFalse_s0: Loading data from ../models/synthetic/s123/random_mc2_n9_mid3_d1000_05_mr098_r10_118.csv
2026-02-06 13:15:24,511|INFO|random_mc2_n6_mid3_d1000_05_mr098_r10_119_uai_GDCC_1e-09_n200_roTrue_s0: Arguments: Namespace(method='GDCC_1e-09', numruns='200', seed='0', output='../results/synthetic/s123/', rewrite=True, removeoutliers=True, filepath=['../models/synthetic/s123/random_mc2_n6_mid3_d1000_05_mr098_r10_119.uai'])
2026-02-06 13:15:24,512|INFO|random_mc2_n6_mid3_d1000_05_mr098_r10_165_uai_GDCC_1e-09_n200_roFalse_s0: Arguments: Namespace(method='GDCC_1e-09', numruns='200', seed='0', output='../results/synthetic/s123/', rewrite=True, removeoutliers=False, filepath=['../models/synthetic/s123/random_mc2_n6_mid3_d1000_05_mr098_r10_165.uai'])
2026-02-06 13:15:24,526|INFO|random_mc2_n8_mid3_d1000_05_mr098_r10_153_uai_GDCC_1e-09_n200_roFalse_s0: Arguments: Namespace(method='GDCC_1e-09', numruns='200', seed='0', output='../results/synthetic/s123/', rewrite=True, removeoutliers=False, filepath=['../models/synthetic/s123/random_mc2_n8_mid3_d1000_05_mr098_r10_153.uai'])
2026-02-06 13:15:24,512|INFO|random_mc2_n6_mid3_d1000_05_mr098_r10_119_uai_GDCC_1e-09_n200_roTrue_s0: Loading model from ../models/synthetic/s123/random_mc2_n6_mid3_d1000_05_mr098_r10_119.uai
2026-02-06 13:15:24,519|INFO|random_mc2_n6_mid3_d1000_05_mr098_r10_119_uai_GDCC_1e-09_n200_roTrue_s0: Loading data from ../models/synthetic/s123/random_mc2_n6_mid3_d1000_05_mr098_r10_119.csv
2026-02-06 13:15:24,552|INFO|random_mc2_n5_mid3_d1000_05_mr098_r10_114_uai_GDCC_1e-09_n200_roFalse_s0: Arguments: Namespace(method='GDCC_1e-09', numruns='200', seed='0', output='../results/synthetic/s123/', rewrite=True, removeoutliers=False, filepath=['../models/synthetic/s123/random_mc2_n5_mid3_d1000_05_mr098_r10_114.uai'])
2026-02-06 13:15:24,512|INFO|random_mc2_n6_mid3_d1000_05_mr098_r10_165_uai_GDCC_1e-09_n200_roFalse_s0: Loading model from ../models/synthetic/s123/random_mc2_n6_mid3_d1000_05_mr098_r10_165.uai
2026-02-06 13:15:24,521|INFO|random_mc2_n6_mid3_d1000_05_mr098_r10_165_uai_GDCC_1e-09_n200_roFalse_s0: Loading data from ../models/synthetic/s123/random_mc2_n6_mid3_d1000_05_mr098_r10_165.csv
2026-02-06 13:15:24,532|INFO|random_mc2_n6_mid3_d1000_05_mr098_r10_165_uai_GDCC_1e-09_n200_roFalse_s0: PNS(V3,V2) exact: (0.0, 0.0558513235759999)
2026-02-06 13:15:24,553|INFO|random_mc2_n6_mid3_d1000_05_mr098_r10_15_uai_GDCC_1e-09_n200_roTrue_s0: Arguments: Namespace(method='GDCC_1e-09', numruns='200', seed='0', output='../results/synthetic/s123/', rewrite=True, removeoutliers=True, filepath=['../models/synthetic/s123/random_mc2_n6_mid3_d1000_05_mr098_r10_15.uai'])
2026-02-06 13:15:24,526|INFO|random_mc2_n8_mid3_d1000_05_mr098_r10_153_uai_GDCC_1e-09_n200_roFalse_s0: Loading model from ../models/synthetic/s123/random_mc2_n8_mid3_d1000_05_mr098_r10_153.uai
2026-02-06 13:15:24,550|INFO|random_mc2_n8_mid3_d1000_05_mr098_r10_153_uai_GDCC_1e-09_n200_roFalse_s0: Loading data from ../models/synthetic/s123/random_mc2_n8_mid3_d1000_05_mr098_r10_153.csv
2026-02-06 13:15:24,552|INFO|random_mc2_n5_mid3_d1000_05_mr098_r10_114_uai_GDCC_1e-09_n200_roFalse_s0: Loading model from ../models/synthetic/s123/random_mc2_n5_mid3_d1000_05_mr098_r10_114.uai
2026-02-06 13:15:24,574|INFO|random_mc2_n5_mid3_d1000_05_mr098_r10_114_uai_GDCC_1e-09_n200_roFalse_s0: Loading data from ../models/synthetic/s123/random_mc2_n5_mid3_d1000_05_mr098_r10_114.csv
2026-02-06 13:15:24,591|INFO|random_mc2_n5_mid3_d1000_05_mr098_r10_41_uai_GDCC_1e-09_n200_roFalse_s0: Arguments: Namespace(method='GDCC_1e-09', numruns='200', seed='0', output='../results/synthetic/s123/', rewrite=True, removeoutliers=False, filepath=['../models/synthetic/s123/random_mc2_n5_mid3_d1000_05_mr098_r10_41.uai'])
2026-02-06 13:15:24,553|INFO|random_mc2_n6_mid3_d1000_05_mr098_r10_15_uai_GDCC_1e-09_n200_roTrue_s0: Loading model from ../models/synthetic/s123/random_mc2_n6_mid3_d1000_05_mr098_r10_15.uai
2026-02-06 13:15:24,558|INFO|random_mc2_n6_mid3_d1000_05_mr098_r10_15_uai_GDCC_1e-09_n200_roTrue_s0: Loading data from ../models/synthetic/s123/random_mc2_n6_mid3_d1000_05_mr098_r10_15.csv
2026-02-06 13:15:24,566|INFO|random_mc2_n6_mid3_d1000_05_mr098_r10_15_uai_GDCC_1e-09_n200_roTrue_s0: PNS(V2,V5) exact: (5.70302784e-05, 0.0612875741534)
2026-02-06 13:15:24,611|INFO|random_mc2_n6_mid3_d1000_05_mr098_r10_1_uai_GDCC_1e-09_n200_roFalse_s0: Arguments: Namespace(method='GDCC_1e-09', numruns='200', seed='0', output='../results/synthetic/s123/', rewrite=True, removeoutliers=False, filepath=['../models/synthetic/s123/random_mc2_n6_mid3_d1000_05_mr098_r10_1.uai'])
2026-02-06 13:15:24,616|INFO|random_mc2_n7_mid3_d1000_05_mr098_r10_184_uai_GDCC_1e-09_n200_roTrue_s0: Arguments: Namespace(method='GDCC_1e-09', numruns='200', seed='0', output='../results/synthetic/s123/', rewrite=True, removeoutliers=True, filepath=['../models/synthetic/s123/random_mc2_n7_mid3_d1000_05_mr098_r10_184.uai'])
2026-02-06 13:15:24,623|INFO|random_mc2_n5_mid3_d1000_05_mr098_r10_187_uai_GDCC_1e-09_n200_roFalse_s0: Arguments: Namespace(method='GDCC_1e-09', numruns='200', seed='0', output='../results/synthetic/s123/', rewrite=True, removeoutliers=False, filepath=['../models/synthetic/s123/random_mc2_n5_mid3_d1000_05_mr098_r10_187.uai'])
2026-02-06 13:15:24,591|INFO|random_mc2_n5_mid3_d1000_05_mr098_r10_41_uai_GDCC_1e-09_n200_roFalse_s0: Loading model from ../models/synthetic/s123/random_mc2_n5_mid3_d1000_05_mr098_r10_41.uai
2026-02-06 13:15:24,600|INFO|random_mc2_n5_mid3_d1000_05_mr098_r10_41_uai_GDCC_1e-09_n200_roFalse_s0: Loading data from ../models/synthetic/s123/random_mc2_n5_mid3_d1000_05_mr098_r10_41.csv
2026-02-06 13:15:24,611|INFO|random_mc2_n5_mid3_d1000_05_mr098_r10_41_uai_GDCC_1e-09_n200_roFalse_s0: PNS(V1,V4) exact: (0.0160025338999999, 0.0160025338999999)
2026-02-06 13:15:24,638|INFO|random_mc2_n6_mid3_d1000_05_mr098_r10_193_uai_GDCC_1e-09_n200_roTrue_s0: Arguments: Namespace(method='GDCC_1e-09', numruns='200', seed='0', output='../results/synthetic/s123/', rewrite=True, removeoutliers=True, filepath=['../models/synthetic/s123/random_mc2_n6_mid3_d1000_05_mr098_r10_193.uai'])
2026-02-06 13:15:24,642|INFO|random_mc2_n7_mid3_d1000_05_mr098_r10_89_uai_GDCC_1e-09_n200_roTrue_s0: Arguments: Namespace(method='GDCC_1e-09', numruns='200', seed='0', output='../results/synthetic/s123/', rewrite=True, removeoutliers=True, filepath=['../models/synthetic/s123/random_mc2_n7_mid3_d1000_05_mr098_r10_89.uai'])
2026-02-06 13:15:24,651|INFO|random_mc2_n9_mid3_d1000_05_mr098_r10_182_uai_GDCC_1e-09_n200_roTrue_s0: Arguments: Namespace(method='GDCC_1e-09', numruns='200', seed='0', output='../results/synthetic/s123/', rewrite=True, removeoutliers=True, filepath=['../models/synthetic/s123/random_mc2_n9_mid3_d1000_05_mr098_r10_182.uai'])
2026-02-06 13:15:24,611|INFO|random_mc2_n6_mid3_d1000_05_mr098_r10_1_uai_GDCC_1e-09_n200_roFalse_s0: Loading model from ../models/synthetic/s123/random_mc2_n6_mid3_d1000_05_mr098_r10_1.uai
2026-02-06 13:15:24,651|INFO|random_mc2_n5_mid3_d1000_05_mr098_r10_77_uai_GDCC_1e-09_n200_roTrue_s0: Arguments: Namespace(method='GDCC_1e-09', numruns='200', seed='0', output='../results/synthetic/s123/', rewrite=True, removeoutliers=True, filepath=['../models/synthetic/s123/random_mc2_n5_mid3_d1000_05_mr098_r10_77.uai'])
2026-02-06 13:15:24,630|INFO|random_mc2_n6_mid3_d1000_05_mr098_r10_1_uai_GDCC_1e-09_n200_roFalse_s0: Loading data from ../models/synthetic/s123/random_mc2_n6_mid3_d1000_05_mr098_r10_1.csv
2026-02-06 13:15:24,641|INFO|random_mc2_n6_mid3_d1000_05_mr098_r10_1_uai_GDCC_1e-09_n200_roFalse_s0: PNS(V1,V5) exact: (0.4916268825, 0.6244381053000002)
2026-02-06 13:15:24,655|INFO|random_mc2_n6_mid3_d1000_05_mr098_r10_79_uai_GDCC_1e-09_n200_roTrue_s0: Arguments: Namespace(method='GDCC_1e-09', numruns='200', seed='0', output='../results/synthetic/s123/', rewrite=True, removeoutliers=True, filepath=['../models/synthetic/s123/random_mc2_n6_mid3_d1000_05_mr098_r10_79.uai'])
2026-02-06 13:15:24,616|INFO|random_mc2_n7_mid3_d1000_05_mr098_r10_184_uai_GDCC_1e-09_n200_roTrue_s0: Loading model from ../models/synthetic/s123/random_mc2_n7_mid3_d1000_05_mr098_r10_184.uai
2026-02-06 13:15:24,628|INFO|random_mc2_n7_mid3_d1000_05_mr098_r10_184_uai_GDCC_1e-09_n200_roTrue_s0: Loading data from ../models/synthetic/s123/random_mc2_n7_mid3_d1000_05_mr098_r10_184.csv
2026-02-06 13:15:24,639|INFO|random_mc2_n7_mid3_d1000_05_mr098_r10_184_uai_GDCC_1e-09_n200_roTrue_s0: PNS(V0,V3) exact: (0.0039488823224993, 0.0144327631225721)
2026-02-06 13:15:24,624|INFO|random_mc2_n5_mid3_d1000_05_mr098_r10_187_uai_GDCC_1e-09_n200_roFalse_s0: Loading model from ../models/synthetic/s123/random_mc2_n5_mid3_d1000_05_mr098_r10_187.uai
2026-02-06 13:15:24,646|INFO|random_mc2_n5_mid3_d1000_05_mr098_r10_187_uai_GDCC_1e-09_n200_roFalse_s0: Loading data from ../models/synthetic/s123/random_mc2_n5_mid3_d1000_05_mr098_r10_187.csv
2026-02-06 13:15:24,663|INFO|random_mc2_n7_mid3_d1000_05_mr098_r10_154_uai_GDCC_1e-09_n200_roTrue_s0: Arguments: Namespace(method='GDCC_1e-09', numruns='200', seed='0', output='../results/synthetic/s123/', rewrite=True, removeoutliers=True, filepath=['../models/synthetic/s123/random_mc2_n7_mid3_d1000_05_mr098_r10_154.uai'])
2026-02-06 13:15:24,663|INFO|random_mc2_n9_mid3_d1000_05_mr098_r10_25_uai_GDCC_1e-09_n200_roTrue_s0: Arguments: Namespace(method='GDCC_1e-09', numruns='200', seed='0', output='../results/synthetic/s123/', rewrite=True, removeoutliers=True, filepath=['../models/synthetic/s123/random_mc2_n9_mid3_d1000_05_mr098_r10_25.uai'])
2026-02-06 13:15:24,664|INFO|random_mc2_n5_mid3_d1000_05_mr098_r10_37_uai_GDCC_1e-09_n200_roFalse_s0: Arguments: Namespace(method='GDCC_1e-09', numruns='200', seed='0', output='../results/synthetic/s123/', rewrite=True, removeoutliers=False, filepath=['../models/synthetic/s123/random_mc2_n5_mid3_d1000_05_mr098_r10_37.uai'])
2026-02-06 13:15:24,665|INFO|random_mc2_n5_mid3_d1000_05_mr098_r10_195_uai_GDCC_1e-09_n200_roTrue_s0: Arguments: Namespace(method='GDCC_1e-09', numruns='200', seed='0', output='../results/synthetic/s123/', rewrite=True, removeoutliers=True, filepath=['../models/synthetic/s123/random_mc2_n5_mid3_d1000_05_mr098_r10_195.uai'])
2026-02-06 13:15:24,666|INFO|random_mc2_n6_mid3_d1000_05_mr098_r10_25_uai_GDCC_1e-09_n200_roFalse_s0: Arguments: Namespace(method='GDCC_1e-09', numruns='200', seed='0', output='../results/synthetic/s123/', rewrite=True, removeoutliers=False, filepath=['../models/synthetic/s123/random_mc2_n6_mid3_d1000_05_mr098_r10_25.uai'])
2026-02-06 13:15:24,669|INFO|random_mc2_n6_mid3_d1000_05_mr098_r10_2_uai_GDCC_1e-09_n200_roFalse_s0: Arguments: Namespace(method='GDCC_1e-09', numruns='200', seed='0', output='../results/synthetic/s123/', rewrite=True, removeoutliers=False, filepath=['../models/synthetic/s123/random_mc2_n6_mid3_d1000_05_mr098_r10_2.uai'])
2026-02-06 13:15:24,639|INFO|random_mc2_n6_mid3_d1000_05_mr098_r10_193_uai_GDCC_1e-09_n200_roTrue_s0: Loading model from ../models/synthetic/s123/random_mc2_n6_mid3_d1000_05_mr098_r10_193.uai
2026-02-06 13:15:24,649|INFO|random_mc2_n6_mid3_d1000_05_mr098_r10_193_uai_GDCC_1e-09_n200_roTrue_s0: Loading data from ../models/synthetic/s123/random_mc2_n6_mid3_d1000_05_mr098_r10_193.csv
2026-02-06 13:15:24,658|INFO|random_mc2_n6_mid3_d1000_05_mr098_r10_193_uai_GDCC_1e-09_n200_roTrue_s0: PNS(V0,V4) exact: (0.0, 0.238593816)
2026-02-06 13:15:24,642|INFO|random_mc2_n7_mid3_d1000_05_mr098_r10_89_uai_GDCC_1e-09_n200_roTrue_s0: Loading model from ../models/synthetic/s123/random_mc2_n7_mid3_d1000_05_mr098_r10_89.uai
2026-02-06 13:15:24,657|INFO|random_mc2_n7_mid3_d1000_05_mr098_r10_89_uai_GDCC_1e-09_n200_roTrue_s0: Loading data from ../models/synthetic/s123/random_mc2_n7_mid3_d1000_05_mr098_r10_89.csv
2026-02-06 13:15:24,667|INFO|random_mc2_n7_mid3_d1000_05_mr098_r10_89_uai_GDCC_1e-09_n200_roTrue_s0: PNS(V3,V5) exact: (0.004984755025224, 0.0216545809382499)
2026-02-06 13:15:24,651|INFO|random_mc2_n9_mid3_d1000_05_mr098_r10_182_uai_GDCC_1e-09_n200_roTrue_s0: Loading model from ../models/synthetic/s123/random_mc2_n9_mid3_d1000_05_mr098_r10_182.uai
2026-02-06 13:15:24,672|INFO|random_mc2_n9_mid3_d1000_05_mr098_r10_182_uai_GDCC_1e-09_n200_roTrue_s0: Loading data from ../models/synthetic/s123/random_mc2_n9_mid3_d1000_05_mr098_r10_182.csv
2026-02-06 13:15:24,651|INFO|random_mc2_n5_mid3_d1000_05_mr098_r10_77_uai_GDCC_1e-09_n200_roTrue_s0: Loading model from ../models/synthetic/s123/random_mc2_n5_mid3_d1000_05_mr098_r10_77.uai
2026-02-06 13:15:24,656|INFO|random_mc2_n5_mid3_d1000_05_mr098_r10_77_uai_GDCC_1e-09_n200_roTrue_s0: Loading data from ../models/synthetic/s123/random_mc2_n5_mid3_d1000_05_mr098_r10_77.csv
2026-02-06 13:15:24,665|INFO|random_mc2_n5_mid3_d1000_05_mr098_r10_77_uai_GDCC_1e-09_n200_roTrue_s0: PNS(V0,V4) exact: (0.0008196438446000002, 0.0193377889897999)
2026-02-06 13:15:24,655|INFO|random_mc2_n6_mid3_d1000_05_mr098_r10_79_uai_GDCC_1e-09_n200_roTrue_s0: Loading model from ../models/synthetic/s123/random_mc2_n6_mid3_d1000_05_mr098_r10_79.uai
2026-02-06 13:15:24,661|INFO|random_mc2_n6_mid3_d1000_05_mr098_r10_79_uai_GDCC_1e-09_n200_roTrue_s0: Loading data from ../models/synthetic/s123/random_mc2_n6_mid3_d1000_05_mr098_r10_79.csv
2026-02-06 13:15:24,671|INFO|random_mc2_n6_mid3_d1000_05_mr098_r10_79_uai_GDCC_1e-09_n200_roTrue_s0: PNS(V3,V5) exact: (0.3677803281, 0.4747158748)
2026-02-06 13:15:24,663|INFO|random_mc2_n7_mid3_d1000_05_mr098_r10_154_uai_GDCC_1e-09_n200_roTrue_s0: Loading model from ../models/synthetic/s123/random_mc2_n7_mid3_d1000_05_mr098_r10_154.uai
2026-02-06 13:15:24,672|INFO|random_mc2_n7_mid3_d1000_05_mr098_r10_154_uai_GDCC_1e-09_n200_roTrue_s0: Loading data from ../models/synthetic/s123/random_mc2_n7_mid3_d1000_05_mr098_r10_154.csv
2026-02-06 13:15:24,664|INFO|random_mc2_n5_mid3_d1000_05_mr098_r10_37_uai_GDCC_1e-09_n200_roFalse_s0: Loading model from ../models/synthetic/s123/random_mc2_n5_mid3_d1000_05_mr098_r10_37.uai
2026-02-06 13:15:24,664|INFO|random_mc2_n9_mid3_d1000_05_mr098_r10_25_uai_GDCC_1e-09_n200_roTrue_s0: Loading model from ../models/synthetic/s123/random_mc2_n9_mid3_d1000_05_mr098_r10_25.uai
2026-02-06 13:15:24,672|INFO|random_mc2_n5_mid3_d1000_05_mr098_r10_37_uai_GDCC_1e-09_n200_roFalse_s0: Loading data from ../models/synthetic/s123/random_mc2_n5_mid3_d1000_05_mr098_r10_37.csv
2026-02-06 13:15:24,682|INFO|random_mc2_n5_mid3_d1000_05_mr098_r10_37_uai_GDCC_1e-09_n200_roFalse_s0: PNS(V1,V4) exact: (0.0030091049999999, 0.160852525)
2026-02-06 13:15:24,665|INFO|random_mc2_n5_mid3_d1000_05_mr098_r10_195_uai_GDCC_1e-09_n200_roTrue_s0: Loading model from ../models/synthetic/s123/random_mc2_n5_mid3_d1000_05_mr098_r10_195.uai
2026-02-06 13:15:24,669|INFO|random_mc2_n5_mid3_d1000_05_mr098_r10_195_uai_GDCC_1e-09_n200_roTrue_s0: Loading data from ../models/synthetic/s123/random_mc2_n5_mid3_d1000_05_mr098_r10_195.csv
2026-02-06 13:15:24,678|INFO|random_mc2_n5_mid3_d1000_05_mr098_r10_195_uai_GDCC_1e-09_n200_roTrue_s0: PNS(V0,V4) exact: (0.131789906, 0.3518961976)
2026-02-06 13:15:24,666|INFO|random_mc2_n6_mid3_d1000_05_mr098_r10_25_uai_GDCC_1e-09_n200_roFalse_s0: Loading model from ../models/synthetic/s123/random_mc2_n6_mid3_d1000_05_mr098_r10_25.uai
2026-02-06 13:15:24,695|INFO|random_mc2_n6_mid3_d1000_05_mr098_r10_25_uai_GDCC_1e-09_n200_roFalse_s0: Loading data from ../models/synthetic/s123/random_mc2_n6_mid3_d1000_05_mr098_r10_25.csv
2026-02-06 13:15:24,670|INFO|random_mc2_n6_mid3_d1000_05_mr098_r10_2_uai_GDCC_1e-09_n200_roFalse_s0: Loading model from ../models/synthetic/s123/random_mc2_n6_mid3_d1000_05_mr098_r10_2.uai
2026-02-06 13:15:24,682|INFO|random_mc2_n6_mid3_d1000_05_mr098_r10_2_uai_GDCC_1e-09_n200_roFalse_s0: Loading data from ../models/synthetic/s123/random_mc2_n6_mid3_d1000_05_mr098_r10_2.csv
2026-02-06 13:15:24,884|INFO|random_mc2_n9_mid3_d1000_05_mr098_r10_25_uai_GDCC_1e-09_n200_roTrue_s0: Loading data from ../models/synthetic/s123/random_mc2_n9_mid3_d1000_05_mr098_r10_25.csv
2026-02-06 13:15:29,212|INFO|random_mc2_n7_mid3_d1000_05_mr098_r10_127_uai_GDCC_1e-09_n200_roTrue_s0: Arguments: Namespace(method='GDCC_1e-09', numruns='200', seed='0', output='../results/synthetic/s123/', rewrite=True, removeoutliers=True, filepath=['../models/synthetic/s123/random_mc2_n7_mid3_d1000_05_mr098_r10_127.uai'])
2026-02-06 13:15:29,212|INFO|random_mc2_n7_mid3_d1000_05_mr098_r10_127_uai_GDCC_1e-09_n200_roTrue_s0: Loading model from ../models/synthetic/s123/random_mc2_n7_mid3_d1000_05_mr098_r10_127.uai
2026-02-06 13:15:29,225|INFO|random_mc2_n7_mid3_d1000_05_mr098_r10_127_uai_GDCC_1e-09_n200_roTrue_s0: Loading data from ../models/synthetic/s123/random_mc2_n7_mid3_d1000_05_mr098_r10_127.csv
2026-02-06 13:15:29,240|INFO|random_mc2_n7_mid3_d1000_05_mr098_r10_127_uai_GDCC_1e-09_n200_roTrue_s0: PNS(V4,V5) exact: (0.2021747419002779, 0.288697593484274)
2026-02-06 13:15:29,291|INFO|random_mc2_n8_mid3_d1000_05_mr098_r10_63_uai_GDCC_1e-09_n200_roFalse_s0: Arguments: Namespace(method='GDCC_1e-09', numruns='200', seed='0', output='../results/synthetic/s123/', rewrite=True, removeoutliers=False, filepath=['../models/synthetic/s123/random_mc2_n8_mid3_d1000_05_mr098_r10_63.uai'])
2026-02-06 13:15:29,291|INFO|random_mc2_n8_mid3_d1000_05_mr098_r10_63_uai_GDCC_1e-09_n200_roFalse_s0: Loading model from ../models/synthetic/s123/random_mc2_n8_mid3_d1000_05_mr098_r10_63.uai
2026-02-06 13:15:29,303|INFO|random_mc2_n8_mid3_d1000_05_mr098_r10_63_uai_GDCC_1e-09_n200_roFalse_s0: Loading data from ../models/synthetic/s123/random_mc2_n8_mid3_d1000_05_mr098_r10_63.csv
2026-02-06 13:15:29,312|INFO|random_mc2_n8_mid3_d1000_05_mr098_r10_63_uai_GDCC_1e-09_n200_roFalse_s0: PNS(V1,V6) exact: (0.0, 0.122153736431654)
2026-02-06 13:15:29,425|INFO|random_mc2_n6_mid3_d1000_05_mr098_r10_137_uai_GDCC_1e-09_n200_roTrue_s0: Arguments: Namespace(method='GDCC_1e-09', numruns='200', seed='0', output='../results/synthetic/s123/', rewrite=True, removeoutliers=True, filepath=['../models/synthetic/s123/random_mc2_n6_mid3_d1000_05_mr098_r10_137.uai'])
2026-02-06 13:15:29,433|INFO|random_mc2_n9_mid3_d1000_05_mr098_r10_168_uai_GDCC_1e-09_n200_roTrue_s0: Arguments: Namespace(method='GDCC_1e-09', numruns='200', seed='0', output='../results/synthetic/s123/', rewrite=True, removeoutliers=True, filepath=['../models/synthetic/s123/random_mc2_n9_mid3_d1000_05_mr098_r10_168.uai'])
2026-02-06 13:15:29,445|INFO|random_mc2_n9_mid3_d1000_05_mr098_r10_32_uai_GDCC_1e-09_n200_roFalse_s0: Arguments: Namespace(method='GDCC_1e-09', numruns='200', seed='0', output='../results/synthetic/s123/', rewrite=True, removeoutliers=False, filepath=['../models/synthetic/s123/random_mc2_n9_mid3_d1000_05_mr098_r10_32.uai'])
2026-02-06 13:15:29,458|INFO|random_mc2_n8_mid3_d1000_05_mr098_r10_16_uai_GDCC_1e-09_n200_roFalse_s0: Arguments: Namespace(method='GDCC_1e-09', numruns='200', seed='0', output='../results/synthetic/s123/', rewrite=True, removeoutliers=False, filepath=['../models/synthetic/s123/random_mc2_n8_mid3_d1000_05_mr098_r10_16.uai'])
2026-02-06 13:15:29,459|INFO|random_mc2_n6_mid3_d1000_05_mr098_r10_187_uai_GDCC_1e-09_n200_roFalse_s0: Arguments: Namespace(method='GDCC_1e-09', numruns='200', seed='0', output='../results/synthetic/s123/', rewrite=True, removeoutliers=False, filepath=['../models/synthetic/s123/random_mc2_n6_mid3_d1000_05_mr098_r10_187.uai'])
2026-02-06 13:15:29,425|INFO|random_mc2_n6_mid3_d1000_05_mr098_r10_137_uai_GDCC_1e-09_n200_roTrue_s0: Loading model from ../models/synthetic/s123/random_mc2_n6_mid3_d1000_05_mr098_r10_137.uai
2026-02-06 13:15:29,432|INFO|random_mc2_n6_mid3_d1000_05_mr098_r10_137_uai_GDCC_1e-09_n200_roTrue_s0: Loading data from ../models/synthetic/s123/random_mc2_n6_mid3_d1000_05_mr098_r10_137.csv
2026-02-06 13:15:29,446|INFO|random_mc2_n6_mid3_d1000_05_mr098_r10_137_uai_GDCC_1e-09_n200_roTrue_s0: PNS(V0,V3) exact: (0.0, 0.3125)
2026-02-06 13:15:29,468|INFO|random_mc2_n7_mid3_d1000_05_mr098_r10_159_uai_GDCC_1e-09_n200_roFalse_s0: Arguments: Namespace(method='GDCC_1e-09', numruns='200', seed='0', output='../results/synthetic/s123/', rewrite=True, removeoutliers=False, filepath=['../models/synthetic/s123/random_mc2_n7_mid3_d1000_05_mr098_r10_159.uai'])
2026-02-06 13:15:29,433|INFO|random_mc2_n9_mid3_d1000_05_mr098_r10_168_uai_GDCC_1e-09_n200_roTrue_s0: Loading model from ../models/synthetic/s123/random_mc2_n9_mid3_d1000_05_mr098_r10_168.uai
2026-02-06 13:15:29,470|INFO|random_mc2_n9_mid3_d1000_05_mr098_r10_168_uai_GDCC_1e-09_n200_roTrue_s0: Loading data from ../models/synthetic/s123/random_mc2_n9_mid3_d1000_05_mr098_r10_168.csv
2026-02-06 13:15:29,445|INFO|random_mc2_n9_mid3_d1000_05_mr098_r10_32_uai_GDCC_1e-09_n200_roFalse_s0: Loading model from ../models/synthetic/s123/random_mc2_n9_mid3_d1000_05_mr098_r10_32.uai
2026-02-06 13:15:29,465|INFO|random_mc2_n9_mid3_d1000_05_mr098_r10_32_uai_GDCC_1e-09_n200_roFalse_s0: Loading data from ../models/synthetic/s123/random_mc2_n9_mid3_d1000_05_mr098_r10_32.csv
2026-02-06 13:15:29,475|INFO|random_mc2_n9_mid3_d1000_05_mr098_r10_32_uai_GDCC_1e-09_n200_roFalse_s0: PNS(V1,V3) exact: (0.0, 0.0)
2026-02-06 13:15:29,475|ERROR|random_mc2_n9_mid3_d1000_05_mr098_r10_32_uai_GDCC_1e-09_n200_roFalse_s0: Model does not have any cause-effect path.
2026-02-06 13:15:29,458|INFO|random_mc2_n8_mid3_d1000_05_mr098_r10_16_uai_GDCC_1e-09_n200_roFalse_s0: Loading model from ../models/synthetic/s123/random_mc2_n8_mid3_d1000_05_mr098_r10_16.uai
2026-02-06 13:15:29,465|INFO|random_mc2_n8_mid3_d1000_05_mr098_r10_16_uai_GDCC_1e-09_n200_roFalse_s0: Loading data from ../models/synthetic/s123/random_mc2_n8_mid3_d1000_05_mr098_r10_16.csv
2026-02-06 13:15:29,474|INFO|random_mc2_n8_mid3_d1000_05_mr098_r10_16_uai_GDCC_1e-09_n200_roFalse_s0: PNS(V4,V3) exact: (0.6700026795146372, 0.6700026795146372)
2026-02-06 13:15:29,459|INFO|random_mc2_n6_mid3_d1000_05_mr098_r10_187_uai_GDCC_1e-09_n200_roFalse_s0: Loading model from ../models/synthetic/s123/random_mc2_n6_mid3_d1000_05_mr098_r10_187.uai
2026-02-06 13:15:29,478|INFO|random_mc2_n6_mid3_d1000_05_mr098_r10_187_uai_GDCC_1e-09_n200_roFalse_s0: Loading data from ../models/synthetic/s123/random_mc2_n6_mid3_d1000_05_mr098_r10_187.csv
2026-02-06 13:15:29,468|INFO|random_mc2_n7_mid3_d1000_05_mr098_r10_159_uai_GDCC_1e-09_n200_roFalse_s0: Loading model from ../models/synthetic/s123/random_mc2_n7_mid3_d1000_05_mr098_r10_159.uai
2026-02-06 13:15:29,481|INFO|random_mc2_n7_mid3_d1000_05_mr098_r10_159_uai_GDCC_1e-09_n200_roFalse_s0: Loading data from ../models/synthetic/s123/random_mc2_n7_mid3_d1000_05_mr098_r10_159.csv
2026-02-06 13:15:31,425|INFO|random_mc2_n7_mid3_d1000_05_mr098_r10_39_uai_GDCC_1e-09_n200_roFalse_s0: Arguments: Namespace(method='GDCC_1e-09', numruns='200', seed='0', output='../results/synthetic/s123/', rewrite=True, removeoutliers=False, filepath=['../models/synthetic/s123/random_mc2_n7_mid3_d1000_05_mr098_r10_39.uai'])
2026-02-06 13:15:31,426|INFO|random_mc2_n7_mid3_d1000_05_mr098_r10_39_uai_GDCC_1e-09_n200_roFalse_s0: Loading model from ../models/synthetic/s123/random_mc2_n7_mid3_d1000_05_mr098_r10_39.uai
2026-02-06 13:15:31,438|INFO|random_mc2_n7_mid3_d1000_05_mr098_r10_39_uai_GDCC_1e-09_n200_roFalse_s0: Loading data from ../models/synthetic/s123/random_mc2_n7_mid3_d1000_05_mr098_r10_39.csv
2026-02-06 13:15:31,448|INFO|random_mc2_n7_mid3_d1000_05_mr098_r10_39_uai_GDCC_1e-09_n200_roFalse_s0: PNS(V3,V5) exact: (0.0, 0.338230713)
2026-02-06 13:15:32,174|INFO|random_mc2_n8_mid3_d1000_05_mr098_r10_48_uai_GDCC_1e-09_n200_roFalse_s0: Arguments: Namespace(method='GDCC_1e-09', numruns='200', seed='0', output='../results/synthetic/s123/', rewrite=True, removeoutliers=False, filepath=['../models/synthetic/s123/random_mc2_n8_mid3_d1000_05_mr098_r10_48.uai'])
2026-02-06 13:15:32,174|INFO|random_mc2_n8_mid3_d1000_05_mr098_r10_48_uai_GDCC_1e-09_n200_roFalse_s0: Loading model from ../models/synthetic/s123/random_mc2_n8_mid3_d1000_05_mr098_r10_48.uai
2026-02-06 13:15:32,184|INFO|random_mc2_n8_mid3_d1000_05_mr098_r10_48_uai_GDCC_1e-09_n200_roFalse_s0: Loading data from ../models/synthetic/s123/random_mc2_n8_mid3_d1000_05_mr098_r10_48.csv
2026-02-06 13:15:32,198|INFO|random_mc2_n8_mid3_d1000_05_mr098_r10_48_uai_GDCC_1e-09_n200_roFalse_s0: PNS(V3,V0) exact: (0.1524285448463559, 0.220079197754316)
2026-02-06 13:15:38,738|INFO|random_mc2_n5_mid3_d1000_05_mr098_r10_16_uai_GDCC_1e-09_n200_roFalse_s0: Arguments: Namespace(method='GDCC_1e-09', numruns='200', seed='0', output='../results/synthetic/s123/', rewrite=True, removeoutliers=False, filepath=['../models/synthetic/s123/random_mc2_n5_mid3_d1000_05_mr098_r10_16.uai'])
2026-02-06 13:15:38,753|INFO|random_mc2_n5_mid3_d1000_05_mr098_r10_49_uai_GDCC_1e-09_n200_roFalse_s0: Arguments: Namespace(method='GDCC_1e-09', numruns='200', seed='0', output='../results/synthetic/s123/', rewrite=True, removeoutliers=False, filepath=['../models/synthetic/s123/random_mc2_n5_mid3_d1000_05_mr098_r10_49.uai'])
2026-02-06 13:15:38,738|INFO|random_mc2_n5_mid3_d1000_05_mr098_r10_16_uai_GDCC_1e-09_n200_roFalse_s0: Loading model from ../models/synthetic/s123/random_mc2_n5_mid3_d1000_05_mr098_r10_16.uai
2026-02-06 13:15:38,746|INFO|random_mc2_n5_mid3_d1000_05_mr098_r10_16_uai_GDCC_1e-09_n200_roFalse_s0: Loading data from ../models/synthetic/s123/random_mc2_n5_mid3_d1000_05_mr098_r10_16.csv
2026-02-06 13:15:38,760|INFO|random_mc2_n5_mid3_d1000_05_mr098_r10_16_uai_GDCC_1e-09_n200_roFalse_s0: PNS(V4,V3) exact: (0.4152505784, 0.4639742588)
2026-02-06 13:15:38,753|INFO|random_mc2_n5_mid3_d1000_05_mr098_r10_49_uai_GDCC_1e-09_n200_roFalse_s0: Loading model from ../models/synthetic/s123/random_mc2_n5_mid3_d1000_05_mr098_r10_49.uai
2026-02-06 13:15:38,759|INFO|random_mc2_n5_mid3_d1000_05_mr098_r10_49_uai_GDCC_1e-09_n200_roFalse_s0: Loading data from ../models/synthetic/s123/random_mc2_n5_mid3_d1000_05_mr098_r10_49.csv
2026-02-06 13:15:38,851|INFO|random_mc2_n5_mid3_d1000_05_mr098_r10_126_uai_GDCC_1e-09_n200_roTrue_s0: Arguments: Namespace(method='GDCC_1e-09', numruns='200', seed='0', output='../results/synthetic/s123/', rewrite=True, removeoutliers=True, filepath=['../models/synthetic/s123/random_mc2_n5_mid3_d1000_05_mr098_r10_126.uai'])
2026-02-06 13:15:38,851|INFO|random_mc2_n5_mid3_d1000_05_mr098_r10_126_uai_GDCC_1e-09_n200_roTrue_s0: Loading model from ../models/synthetic/s123/random_mc2_n5_mid3_d1000_05_mr098_r10_126.uai
2026-02-06 13:15:38,862|INFO|random_mc2_n5_mid3_d1000_05_mr098_r10_126_uai_GDCC_1e-09_n200_roTrue_s0: Loading data from ../models/synthetic/s123/random_mc2_n5_mid3_d1000_05_mr098_r10_126.csv
2026-02-06 13:15:38,874|INFO|random_mc2_n5_mid3_d1000_05_mr098_r10_126_uai_GDCC_1e-09_n200_roTrue_s0: PNS(V4,V0) exact: (0.425783788558646, 0.655405962193344)
2026-02-06 13:15:39,010|INFO|random_mc2_n6_mid3_d1000_05_mr098_r10_28_uai_GDCC_1e-09_n200_roFalse_s0: Arguments: Namespace(method='GDCC_1e-09', numruns='200', seed='0', output='../results/synthetic/s123/', rewrite=True, removeoutliers=False, filepath=['../models/synthetic/s123/random_mc2_n6_mid3_d1000_05_mr098_r10_28.uai'])
2026-02-06 13:15:39,021|INFO|random_mc2_n7_mid3_d1000_05_mr098_r10_123_uai_GDCC_1e-09_n200_roTrue_s0: Arguments: Namespace(method='GDCC_1e-09', numruns='200', seed='0', output='../results/synthetic/s123/', rewrite=True, removeoutliers=True, filepath=['../models/synthetic/s123/random_mc2_n7_mid3_d1000_05_mr098_r10_123.uai'])
2026-02-06 13:15:39,047|INFO|random_mc2_n5_mid3_d1000_05_mr098_r10_79_uai_GDCC_1e-09_n200_roTrue_s0: Arguments: Namespace(method='GDCC_1e-09', numruns='200', seed='0', output='../results/synthetic/s123/', rewrite=True, removeoutliers=True, filepath=['../models/synthetic/s123/random_mc2_n5_mid3_d1000_05_mr098_r10_79.uai'])
2026-02-06 13:15:39,010|INFO|random_mc2_n6_mid3_d1000_05_mr098_r10_28_uai_GDCC_1e-09_n200_roFalse_s0: Loading model from ../models/synthetic/s123/random_mc2_n6_mid3_d1000_05_mr098_r10_28.uai
2026-02-06 13:15:39,020|INFO|random_mc2_n6_mid3_d1000_05_mr098_r10_28_uai_GDCC_1e-09_n200_roFalse_s0: Loading data from ../models/synthetic/s123/random_mc2_n6_mid3_d1000_05_mr098_r10_28.csv
2026-02-06 13:15:39,030|INFO|random_mc2_n6_mid3_d1000_05_mr098_r10_28_uai_GDCC_1e-09_n200_roFalse_s0: PNS(V3,V2) exact: (0.36156, 0.53922)
2026-02-06 13:15:39,021|INFO|random_mc2_n7_mid3_d1000_05_mr098_r10_123_uai_GDCC_1e-09_n200_roTrue_s0: Loading model from ../models/synthetic/s123/random_mc2_n7_mid3_d1000_05_mr098_r10_123.uai
2026-02-06 13:15:39,032|INFO|random_mc2_n7_mid3_d1000_05_mr098_r10_123_uai_GDCC_1e-09_n200_roTrue_s0: Loading data from ../models/synthetic/s123/random_mc2_n7_mid3_d1000_05_mr098_r10_123.csv
2026-02-06 13:15:39,041|INFO|random_mc2_n7_mid3_d1000_05_mr098_r10_123_uai_GDCC_1e-09_n200_roTrue_s0: PNS(V0,V6) exact: (0.0106816021871762, 0.1499524833352205)
2026-02-06 13:15:39,047|INFO|random_mc2_n5_mid3_d1000_05_mr098_r10_79_uai_GDCC_1e-09_n200_roTrue_s0: Loading model from ../models/synthetic/s123/random_mc2_n5_mid3_d1000_05_mr098_r10_79.uai
2026-02-06 13:15:39,054|INFO|random_mc2_n5_mid3_d1000_05_mr098_r10_79_uai_GDCC_1e-09_n200_roTrue_s0: Loading data from ../models/synthetic/s123/random_mc2_n5_mid3_d1000_05_mr098_r10_79.csv
2026-02-06 13:15:39,063|INFO|random_mc2_n5_mid3_d1000_05_mr098_r10_79_uai_GDCC_1e-09_n200_roTrue_s0: PNS(V3,V2) exact: (0.00904271675736, 0.016636195438368)
2026-02-06 13:15:39,113|INFO|random_mc2_n9_mid3_d1000_05_mr098_r10_118_uai_GDCC_1e-09_n200_roTrue_s0: Arguments: Namespace(method='GDCC_1e-09', numruns='200', seed='0', output='../results/synthetic/s123/', rewrite=True, removeoutliers=True, filepath=['../models/synthetic/s123/random_mc2_n9_mid3_d1000_05_mr098_r10_118.uai'])
2026-02-06 13:15:39,113|INFO|random_mc2_n9_mid3_d1000_05_mr098_r10_118_uai_GDCC_1e-09_n200_roTrue_s0: Loading model from ../models/synthetic/s123/random_mc2_n9_mid3_d1000_05_mr098_r10_118.uai
2026-02-06 13:15:39,129|INFO|random_mc2_n9_mid3_d1000_05_mr098_r10_118_uai_GDCC_1e-09_n200_roTrue_s0: Loading data from ../models/synthetic/s123/random_mc2_n9_mid3_d1000_05_mr098_r10_118.csv
2026-02-06 13:15:39,164|INFO|random_mc2_n7_mid3_d1000_05_mr098_r10_177_uai_GDCC_1e-09_n200_roTrue_s0: Arguments: Namespace(method='GDCC_1e-09', numruns='200', seed='0', output='../results/synthetic/s123/', rewrite=True, removeoutliers=True, filepath=['../models/synthetic/s123/random_mc2_n7_mid3_d1000_05_mr098_r10_177.uai'])
2026-02-06 13:15:39,166|INFO|random_mc2_n6_mid3_d1000_05_mr098_r10_79_uai_GDCC_1e-09_n200_roFalse_s0: Arguments: Namespace(method='GDCC_1e-09', numruns='200', seed='0', output='../results/synthetic/s123/', rewrite=True, removeoutliers=False, filepath=['../models/synthetic/s123/random_mc2_n6_mid3_d1000_05_mr098_r10_79.uai'])
2026-02-06 13:15:39,174|INFO|random_mc2_n7_mid3_d1000_05_mr098_r10_29_uai_GDCC_1e-09_n200_roFalse_s0: Arguments: Namespace(method='GDCC_1e-09', numruns='200', seed='0', output='../results/synthetic/s123/', rewrite=True, removeoutliers=False, filepath=['../models/synthetic/s123/random_mc2_n7_mid3_d1000_05_mr098_r10_29.uai'])
2026-02-06 13:15:39,178|INFO|random_mc2_n9_mid3_d1000_05_mr098_r10_20_uai_GDCC_1e-09_n200_roTrue_s0: Arguments: Namespace(method='GDCC_1e-09', numruns='200', seed='0', output='../results/synthetic/s123/', rewrite=True, removeoutliers=True, filepath=['../models/synthetic/s123/random_mc2_n9_mid3_d1000_05_mr098_r10_20.uai'])
2026-02-06 13:15:39,186|INFO|random_mc2_n6_mid3_d1000_05_mr098_r10_182_uai_GDCC_1e-09_n200_roFalse_s0: Arguments: Namespace(method='GDCC_1e-09', numruns='200', seed='0', output='../results/synthetic/s123/', rewrite=True, removeoutliers=False, filepath=['../models/synthetic/s123/random_mc2_n6_mid3_d1000_05_mr098_r10_182.uai'])
2026-02-06 13:15:39,164|INFO|random_mc2_n7_mid3_d1000_05_mr098_r10_177_uai_GDCC_1e-09_n200_roTrue_s0: Loading model from ../models/synthetic/s123/random_mc2_n7_mid3_d1000_05_mr098_r10_177.uai
2026-02-06 13:15:39,172|INFO|random_mc2_n7_mid3_d1000_05_mr098_r10_177_uai_GDCC_1e-09_n200_roTrue_s0: Loading data from ../models/synthetic/s123/random_mc2_n7_mid3_d1000_05_mr098_r10_177.csv
2026-02-06 13:15:39,181|INFO|random_mc2_n7_mid3_d1000_05_mr098_r10_177_uai_GDCC_1e-09_n200_roTrue_s0: PNS(V1,V5) exact: (0.0, 0.0)
2026-02-06 13:15:39,181|ERROR|random_mc2_n7_mid3_d1000_05_mr098_r10_177_uai_GDCC_1e-09_n200_roTrue_s0: Model does not have any cause-effect path.
2026-02-06 13:15:39,166|INFO|random_mc2_n6_mid3_d1000_05_mr098_r10_79_uai_GDCC_1e-09_n200_roFalse_s0: Loading model from ../models/synthetic/s123/random_mc2_n6_mid3_d1000_05_mr098_r10_79.uai
2026-02-06 13:15:39,173|INFO|random_mc2_n6_mid3_d1000_05_mr098_r10_79_uai_GDCC_1e-09_n200_roFalse_s0: Loading data from ../models/synthetic/s123/random_mc2_n6_mid3_d1000_05_mr098_r10_79.csv
2026-02-06 13:15:39,182|INFO|random_mc2_n6_mid3_d1000_05_mr098_r10_79_uai_GDCC_1e-09_n200_roFalse_s0: PNS(V3,V5) exact: (0.3677803281, 0.4747158748)
2026-02-06 13:15:39,174|INFO|random_mc2_n7_mid3_d1000_05_mr098_r10_29_uai_GDCC_1e-09_n200_roFalse_s0: Loading model from ../models/synthetic/s123/random_mc2_n7_mid3_d1000_05_mr098_r10_29.uai
2026-02-06 13:15:39,191|INFO|random_mc2_n7_mid3_d1000_05_mr098_r10_29_uai_GDCC_1e-09_n200_roFalse_s0: Loading data from ../models/synthetic/s123/random_mc2_n7_mid3_d1000_05_mr098_r10_29.csv
2026-02-06 13:15:39,178|INFO|random_mc2_n9_mid3_d1000_05_mr098_r10_20_uai_GDCC_1e-09_n200_roTrue_s0: Loading model from ../models/synthetic/s123/random_mc2_n9_mid3_d1000_05_mr098_r10_20.uai
2026-02-06 13:15:39,186|INFO|random_mc2_n6_mid3_d1000_05_mr098_r10_182_uai_GDCC_1e-09_n200_roFalse_s0: Loading model from ../models/synthetic/s123/random_mc2_n6_mid3_d1000_05_mr098_r10_182.uai
2026-02-06 13:15:39,201|INFO|random_mc2_n6_mid3_d1000_05_mr098_r10_182_uai_GDCC_1e-09_n200_roFalse_s0: Loading data from ../models/synthetic/s123/random_mc2_n6_mid3_d1000_05_mr098_r10_182.csv
2026-02-06 13:15:39,211|INFO|random_mc2_n6_mid3_d1000_05_mr098_r10_182_uai_GDCC_1e-09_n200_roFalse_s0: PNS(V4,V5) exact: (0.2591310333408, 0.3907790126200001)
2026-02-06 13:15:39,237|INFO|random_mc2_n7_mid3_d1000_05_mr098_r10_163_uai_GDCC_1e-09_n200_roFalse_s0: Arguments: Namespace(method='GDCC_1e-09', numruns='200', seed='0', output='../results/synthetic/s123/', rewrite=True, removeoutliers=False, filepath=['../models/synthetic/s123/random_mc2_n7_mid3_d1000_05_mr098_r10_163.uai'])
2026-02-06 13:15:39,257|INFO|random_mc2_n6_mid3_d1000_05_mr098_r10_112_uai_GDCC_1e-09_n200_roFalse_s0: Arguments: Namespace(method='GDCC_1e-09', numruns='200', seed='0', output='../results/synthetic/s123/', rewrite=True, removeoutliers=False, filepath=['../models/synthetic/s123/random_mc2_n6_mid3_d1000_05_mr098_r10_112.uai'])
2026-02-06 13:15:39,238|INFO|random_mc2_n7_mid3_d1000_05_mr098_r10_163_uai_GDCC_1e-09_n200_roFalse_s0: Loading model from ../models/synthetic/s123/random_mc2_n7_mid3_d1000_05_mr098_r10_163.uai
2026-02-06 13:15:39,251|INFO|random_mc2_n7_mid3_d1000_05_mr098_r10_163_uai_GDCC_1e-09_n200_roFalse_s0: Loading data from ../models/synthetic/s123/random_mc2_n7_mid3_d1000_05_mr098_r10_163.csv
2026-02-06 13:15:39,261|INFO|random_mc2_n7_mid3_d1000_05_mr098_r10_163_uai_GDCC_1e-09_n200_roFalse_s0: PNS(V0,V4) exact: (0.043281704345418, 0.2976756657121581)
2026-02-06 13:15:39,285|INFO|random_mc2_n8_mid3_d1000_05_mr098_r10_122_uai_GDCC_1e-09_n200_roFalse_s0: Arguments: Namespace(method='GDCC_1e-09', numruns='200', seed='0', output='../results/synthetic/s123/', rewrite=True, removeoutliers=False, filepath=['../models/synthetic/s123/random_mc2_n8_mid3_d1000_05_mr098_r10_122.uai'])
2026-02-06 13:15:39,288|INFO|random_mc2_n6_mid3_d1000_05_mr098_r10_136_uai_GDCC_1e-09_n200_roFalse_s0: Arguments: Namespace(method='GDCC_1e-09', numruns='200', seed='0', output='../results/synthetic/s123/', rewrite=True, removeoutliers=False, filepath=['../models/synthetic/s123/random_mc2_n6_mid3_d1000_05_mr098_r10_136.uai'])
2026-02-06 13:15:39,257|INFO|random_mc2_n6_mid3_d1000_05_mr098_r10_112_uai_GDCC_1e-09_n200_roFalse_s0: Loading model from ../models/synthetic/s123/random_mc2_n6_mid3_d1000_05_mr098_r10_112.uai
2026-02-06 13:15:39,266|INFO|random_mc2_n6_mid3_d1000_05_mr098_r10_112_uai_GDCC_1e-09_n200_roFalse_s0: Loading data from ../models/synthetic/s123/random_mc2_n6_mid3_d1000_05_mr098_r10_112.csv
2026-02-06 13:15:39,285|INFO|random_mc2_n8_mid3_d1000_05_mr098_r10_122_uai_GDCC_1e-09_n200_roFalse_s0: Loading model from ../models/synthetic/s123/random_mc2_n8_mid3_d1000_05_mr098_r10_122.uai
2026-02-06 13:15:39,294|INFO|random_mc2_n8_mid3_d1000_05_mr098_r10_122_uai_GDCC_1e-09_n200_roFalse_s0: Loading data from ../models/synthetic/s123/random_mc2_n8_mid3_d1000_05_mr098_r10_122.csv
2026-02-06 13:15:39,289|INFO|random_mc2_n6_mid3_d1000_05_mr098_r10_136_uai_GDCC_1e-09_n200_roFalse_s0: Loading model from ../models/synthetic/s123/random_mc2_n6_mid3_d1000_05_mr098_r10_136.uai
2026-02-06 13:15:39,298|INFO|random_mc2_n6_mid3_d1000_05_mr098_r10_136_uai_GDCC_1e-09_n200_roFalse_s0: Loading data from ../models/synthetic/s123/random_mc2_n6_mid3_d1000_05_mr098_r10_136.csv
2026-02-06 13:15:39,350|INFO|random_mc2_n9_mid3_d1000_05_mr098_r10_107_uai_GDCC_1e-09_n200_roTrue_s0: Arguments: Namespace(method='GDCC_1e-09', numruns='200', seed='0', output='../results/synthetic/s123/', rewrite=True, removeoutliers=True, filepath=['../models/synthetic/s123/random_mc2_n9_mid3_d1000_05_mr098_r10_107.uai'])
2026-02-06 13:15:39,351|INFO|random_mc2_n9_mid3_d1000_05_mr098_r10_107_uai_GDCC_1e-09_n200_roTrue_s0: Loading model from ../models/synthetic/s123/random_mc2_n9_mid3_d1000_05_mr098_r10_107.uai
2026-02-06 13:15:39,414|INFO|random_mc2_n9_mid3_d1000_05_mr098_r10_20_uai_GDCC_1e-09_n200_roTrue_s0: Loading data from ../models/synthetic/s123/random_mc2_n9_mid3_d1000_05_mr098_r10_20.csv
2026-02-06 13:15:39,420|INFO|random_mc2_n5_mid3_d1000_05_mr098_r10_38_uai_GDCC_1e-09_n200_roTrue_s0: Arguments: Namespace(method='GDCC_1e-09', numruns='200', seed='0', output='../results/synthetic/s123/', rewrite=True, removeoutliers=True, filepath=['../models/synthetic/s123/random_mc2_n5_mid3_d1000_05_mr098_r10_38.uai'])
2026-02-06 13:15:39,427|INFO|random_mc2_n9_mid3_d1000_05_mr098_r10_163_uai_GDCC_1e-09_n200_roFalse_s0: Arguments: Namespace(method='GDCC_1e-09', numruns='200', seed='0', output='../results/synthetic/s123/', rewrite=True, removeoutliers=False, filepath=['../models/synthetic/s123/random_mc2_n9_mid3_d1000_05_mr098_r10_163.uai'])
2026-02-06 13:15:39,447|INFO|random_mc2_n9_mid3_d1000_05_mr098_r10_2_uai_GDCC_1e-09_n200_roFalse_s0: Arguments: Namespace(method='GDCC_1e-09', numruns='200', seed='0', output='../results/synthetic/s123/', rewrite=True, removeoutliers=False, filepath=['../models/synthetic/s123/random_mc2_n9_mid3_d1000_05_mr098_r10_2.uai'])
2026-02-06 13:15:39,421|INFO|random_mc2_n5_mid3_d1000_05_mr098_r10_38_uai_GDCC_1e-09_n200_roTrue_s0: Loading model from ../models/synthetic/s123/random_mc2_n5_mid3_d1000_05_mr098_r10_38.uai
2026-02-06 13:15:39,426|INFO|random_mc2_n5_mid3_d1000_05_mr098_r10_38_uai_GDCC_1e-09_n200_roTrue_s0: Loading data from ../models/synthetic/s123/random_mc2_n5_mid3_d1000_05_mr098_r10_38.csv
2026-02-06 13:15:39,434|INFO|random_mc2_n5_mid3_d1000_05_mr098_r10_38_uai_GDCC_1e-09_n200_roTrue_s0: PNS(V4,V3) exact: (0.71565, 0.7250800000000001)
2026-02-06 13:15:39,428|INFO|random_mc2_n9_mid3_d1000_05_mr098_r10_163_uai_GDCC_1e-09_n200_roFalse_s0: Loading model from ../models/synthetic/s123/random_mc2_n9_mid3_d1000_05_mr098_r10_163.uai
2026-02-06 13:15:39,456|INFO|random_mc2_n9_mid3_d1000_05_mr098_r10_163_uai_GDCC_1e-09_n200_roFalse_s0: Loading data from ../models/synthetic/s123/random_mc2_n9_mid3_d1000_05_mr098_r10_163.csv
2026-02-06 13:15:39,447|INFO|random_mc2_n9_mid3_d1000_05_mr098_r10_2_uai_GDCC_1e-09_n200_roFalse_s0: Loading model from ../models/synthetic/s123/random_mc2_n9_mid3_d1000_05_mr098_r10_2.uai
2026-02-06 13:15:39,463|INFO|random_mc2_n9_mid3_d1000_05_mr098_r10_2_uai_GDCC_1e-09_n200_roFalse_s0: Loading data from ../models/synthetic/s123/random_mc2_n9_mid3_d1000_05_mr098_r10_2.csv
2026-02-06 13:15:39,779|INFO|random_mc2_n9_mid3_d1000_05_mr098_r10_107_uai_GDCC_1e-09_n200_roTrue_s0: Loading data from ../models/synthetic/s123/random_mc2_n9_mid3_d1000_05_mr098_r10_107.csv
2026-02-06 13:15:41,906|INFO|random_mc2_n6_mid3_d1000_05_mr098_r10_160_uai_GDCC_1e-09_n200_roFalse_s0: Arguments: Namespace(method='GDCC_1e-09', numruns='200', seed='0', output='../results/synthetic/s123/', rewrite=True, removeoutliers=False, filepath=['../models/synthetic/s123/random_mc2_n6_mid3_d1000_05_mr098_r10_160.uai'])
2026-02-06 13:15:41,907|INFO|random_mc2_n6_mid3_d1000_05_mr098_r10_160_uai_GDCC_1e-09_n200_roFalse_s0: Loading model from ../models/synthetic/s123/random_mc2_n6_mid3_d1000_05_mr098_r10_160.uai
2026-02-06 13:15:41,934|INFO|random_mc2_n6_mid3_d1000_05_mr098_r10_160_uai_GDCC_1e-09_n200_roFalse_s0: Loading data from ../models/synthetic/s123/random_mc2_n6_mid3_d1000_05_mr098_r10_160.csv
2026-02-06 13:15:42,762|INFO|random_mc2_n5_mid3_d1000_05_mr098_r10_2_uai_GDCC_1e-09_n200_roFalse_s0: Arguments: Namespace(method='GDCC_1e-09', numruns='200', seed='0', output='../results/synthetic/s123/', rewrite=True, removeoutliers=False, filepath=['../models/synthetic/s123/random_mc2_n5_mid3_d1000_05_mr098_r10_2.uai'])
2026-02-06 13:15:42,788|INFO|random_mc2_n7_mid3_d1000_05_mr098_r10_9_uai_GDCC_1e-09_n200_roTrue_s0: Arguments: Namespace(method='GDCC_1e-09', numruns='200', seed='0', output='../results/synthetic/s123/', rewrite=True, removeoutliers=True, filepath=['../models/synthetic/s123/random_mc2_n7_mid3_d1000_05_mr098_r10_9.uai'])
2026-02-06 13:15:42,763|INFO|random_mc2_n5_mid3_d1000_05_mr098_r10_2_uai_GDCC_1e-09_n200_roFalse_s0: Loading model from ../models/synthetic/s123/random_mc2_n5_mid3_d1000_05_mr098_r10_2.uai
2026-02-06 13:15:42,769|INFO|random_mc2_n5_mid3_d1000_05_mr098_r10_2_uai_GDCC_1e-09_n200_roFalse_s0: Loading data from ../models/synthetic/s123/random_mc2_n5_mid3_d1000_05_mr098_r10_2.csv
2026-02-06 13:15:42,782|INFO|random_mc2_n5_mid3_d1000_05_mr098_r10_2_uai_GDCC_1e-09_n200_roFalse_s0: PNS(V1,V2) exact: (0.0, 0.0)
2026-02-06 13:15:42,782|ERROR|random_mc2_n5_mid3_d1000_05_mr098_r10_2_uai_GDCC_1e-09_n200_roFalse_s0: Model does not have any cause-effect path.
2026-02-06 13:15:42,788|INFO|random_mc2_n7_mid3_d1000_05_mr098_r10_9_uai_GDCC_1e-09_n200_roTrue_s0: Loading model from ../models/synthetic/s123/random_mc2_n7_mid3_d1000_05_mr098_r10_9.uai
2026-02-06 13:15:42,801|INFO|random_mc2_n7_mid3_d1000_05_mr098_r10_9_uai_GDCC_1e-09_n200_roTrue_s0: Loading data from ../models/synthetic/s123/random_mc2_n7_mid3_d1000_05_mr098_r10_9.csv
2026-02-06 13:15:42,810|INFO|random_mc2_n7_mid3_d1000_05_mr098_r10_9_uai_GDCC_1e-09_n200_roTrue_s0: PNS(V2,V3) exact: (0.034282230913595, 0.271965748446975)
2026-02-06 13:15:42,869|INFO|random_mc2_n5_mid3_d1000_05_mr098_r10_151_uai_GDCC_1e-09_n200_roTrue_s0: Arguments: Namespace(method='GDCC_1e-09', numruns='200', seed='0', output='../results/synthetic/s123/', rewrite=True, removeoutliers=True, filepath=['../models/synthetic/s123/random_mc2_n5_mid3_d1000_05_mr098_r10_151.uai'])
2026-02-06 13:15:42,895|INFO|random_mc2_n6_mid3_d1000_05_mr098_r10_91_uai_GDCC_1e-09_n200_roFalse_s0: Arguments: Namespace(method='GDCC_1e-09', numruns='200', seed='0', output='../results/synthetic/s123/', rewrite=True, removeoutliers=False, filepath=['../models/synthetic/s123/random_mc2_n6_mid3_d1000_05_mr098_r10_91.uai'])
2026-02-06 13:15:42,869|INFO|random_mc2_n5_mid3_d1000_05_mr098_r10_151_uai_GDCC_1e-09_n200_roTrue_s0: Loading model from ../models/synthetic/s123/random_mc2_n5_mid3_d1000_05_mr098_r10_151.uai
2026-02-06 13:15:42,878|INFO|random_mc2_n5_mid3_d1000_05_mr098_r10_151_uai_GDCC_1e-09_n200_roTrue_s0: Loading data from ../models/synthetic/s123/random_mc2_n5_mid3_d1000_05_mr098_r10_151.csv
2026-02-06 13:15:42,890|INFO|random_mc2_n5_mid3_d1000_05_mr098_r10_151_uai_GDCC_1e-09_n200_roTrue_s0: PNS(V1,V2) exact: (0.0, 0.3129183631)
2026-02-06 13:15:42,896|INFO|random_mc2_n6_mid3_d1000_05_mr098_r10_91_uai_GDCC_1e-09_n200_roFalse_s0: Loading model from ../models/synthetic/s123/random_mc2_n6_mid3_d1000_05_mr098_r10_91.uai
2026-02-06 13:15:42,906|INFO|random_mc2_n6_mid3_d1000_05_mr098_r10_91_uai_GDCC_1e-09_n200_roFalse_s0: Loading data from ../models/synthetic/s123/random_mc2_n6_mid3_d1000_05_mr098_r10_91.csv
2026-02-06 13:15:42,916|INFO|random_mc2_n6_mid3_d1000_05_mr098_r10_91_uai_GDCC_1e-09_n200_roFalse_s0: PNS(V0,V4) exact: (0.0014168071017796, 0.103549899791906)
2026-02-06 13:15:42,953|INFO|random_mc2_n5_mid3_d1000_05_mr098_r10_193_uai_GDCC_1e-09_n200_roFalse_s0: Arguments: Namespace(method='GDCC_1e-09', numruns='200', seed='0', output='../results/synthetic/s123/', rewrite=True, removeoutliers=False, filepath=['../models/synthetic/s123/random_mc2_n5_mid3_d1000_05_mr098_r10_193.uai'])
2026-02-06 13:15:42,953|INFO|random_mc2_n5_mid3_d1000_05_mr098_r10_193_uai_GDCC_1e-09_n200_roFalse_s0: Loading model from ../models/synthetic/s123/random_mc2_n5_mid3_d1000_05_mr098_r10_193.uai
2026-02-06 13:15:42,962|INFO|random_mc2_n5_mid3_d1000_05_mr098_r10_193_uai_GDCC_1e-09_n200_roFalse_s0: Loading data from ../models/synthetic/s123/random_mc2_n5_mid3_d1000_05_mr098_r10_193.csv
2026-02-06 13:15:43,044|INFO|random_mc2_n5_mid3_d1000_05_mr098_r10_62_uai_GDCC_1e-09_n200_roFalse_s0: Arguments: Namespace(method='GDCC_1e-09', numruns='200', seed='0', output='../results/synthetic/s123/', rewrite=True, removeoutliers=False, filepath=['../models/synthetic/s123/random_mc2_n5_mid3_d1000_05_mr098_r10_62.uai'])
2026-02-06 13:15:43,044|INFO|random_mc2_n5_mid3_d1000_05_mr098_r10_62_uai_GDCC_1e-09_n200_roFalse_s0: Loading model from ../models/synthetic/s123/random_mc2_n5_mid3_d1000_05_mr098_r10_62.uai
2026-02-06 13:15:43,051|INFO|random_mc2_n5_mid3_d1000_05_mr098_r10_62_uai_GDCC_1e-09_n200_roFalse_s0: Loading data from ../models/synthetic/s123/random_mc2_n5_mid3_d1000_05_mr098_r10_62.csv
2026-02-06 13:15:43,060|INFO|random_mc2_n5_mid3_d1000_05_mr098_r10_62_uai_GDCC_1e-09_n200_roFalse_s0: PNS(V2,V4) exact: (0.0, 0.13103)
2026-02-06 13:15:43,139|INFO|random_mc2_n6_mid3_d1000_05_mr098_r10_103_uai_GDCC_1e-09_n200_roFalse_s0: Arguments: Namespace(method='GDCC_1e-09', numruns='200', seed='0', output='../results/synthetic/s123/', rewrite=True, removeoutliers=False, filepath=['../models/synthetic/s123/random_mc2_n6_mid3_d1000_05_mr098_r10_103.uai'])
2026-02-06 13:15:43,169|INFO|random_mc2_n6_mid3_d1000_05_mr098_r10_149_uai_GDCC_1e-09_n200_roFalse_s0: Arguments: Namespace(method='GDCC_1e-09', numruns='200', seed='0', output='../results/synthetic/s123/', rewrite=True, removeoutliers=False, filepath=['../models/synthetic/s123/random_mc2_n6_mid3_d1000_05_mr098_r10_149.uai'])
2026-02-06 13:15:43,175|INFO|random_mc2_n8_mid3_d1000_05_mr098_r10_156_uai_GDCC_1e-09_n200_roTrue_s0: Arguments: Namespace(method='GDCC_1e-09', numruns='200', seed='0', output='../results/synthetic/s123/', rewrite=True, removeoutliers=True, filepath=['../models/synthetic/s123/random_mc2_n8_mid3_d1000_05_mr098_r10_156.uai'])
2026-02-06 13:15:43,139|INFO|random_mc2_n6_mid3_d1000_05_mr098_r10_103_uai_GDCC_1e-09_n200_roFalse_s0: Loading model from ../models/synthetic/s123/random_mc2_n6_mid3_d1000_05_mr098_r10_103.uai
2026-02-06 13:15:43,153|INFO|random_mc2_n6_mid3_d1000_05_mr098_r10_103_uai_GDCC_1e-09_n200_roFalse_s0: Loading data from ../models/synthetic/s123/random_mc2_n6_mid3_d1000_05_mr098_r10_103.csv
2026-02-06 13:15:43,170|INFO|random_mc2_n6_mid3_d1000_05_mr098_r10_149_uai_GDCC_1e-09_n200_roFalse_s0: Loading model from ../models/synthetic/s123/random_mc2_n6_mid3_d1000_05_mr098_r10_149.uai
2026-02-06 13:15:43,182|INFO|random_mc2_n6_mid3_d1000_05_mr098_r10_149_uai_GDCC_1e-09_n200_roFalse_s0: Loading data from ../models/synthetic/s123/random_mc2_n6_mid3_d1000_05_mr098_r10_149.csv
2026-02-06 13:15:43,192|INFO|random_mc2_n6_mid3_d1000_05_mr098_r10_149_uai_GDCC_1e-09_n200_roFalse_s0: PNS(V2,V5) exact: (0.6597397735, 0.811257382)
2026-02-06 13:15:43,176|INFO|random_mc2_n8_mid3_d1000_05_mr098_r10_156_uai_GDCC_1e-09_n200_roTrue_s0: Loading model from ../models/synthetic/s123/random_mc2_n8_mid3_d1000_05_mr098_r10_156.uai
2026-02-06 13:15:43,208|INFO|random_mc2_n8_mid3_d1000_05_mr098_r10_156_uai_GDCC_1e-09_n200_roTrue_s0: Loading data from ../models/synthetic/s123/random_mc2_n8_mid3_d1000_05_mr098_r10_156.csv
2026-02-06 13:15:51,894|INFO|random_mc2_n6_mid3_d1000_05_mr098_r10_147_uai_GDCC_1e-09_n200_roFalse_s0: Arguments: Namespace(method='GDCC_1e-09', numruns='200', seed='0', output='../results/synthetic/s123/', rewrite=True, removeoutliers=False, filepath=['../models/synthetic/s123/random_mc2_n6_mid3_d1000_05_mr098_r10_147.uai'])
2026-02-06 13:15:51,894|INFO|random_mc2_n6_mid3_d1000_05_mr098_r10_147_uai_GDCC_1e-09_n200_roFalse_s0: Loading model from ../models/synthetic/s123/random_mc2_n6_mid3_d1000_05_mr098_r10_147.uai
2026-02-06 13:15:51,905|INFO|random_mc2_n6_mid3_d1000_05_mr098_r10_147_uai_GDCC_1e-09_n200_roFalse_s0: Loading data from ../models/synthetic/s123/random_mc2_n6_mid3_d1000_05_mr098_r10_147.csv
2026-02-06 13:15:51,971|INFO|random_mc2_n8_mid3_d1000_05_mr098_r10_156_uai_GDCC_1e-09_n200_roFalse_s0: Arguments: Namespace(method='GDCC_1e-09', numruns='200', seed='0', output='../results/synthetic/s123/', rewrite=True, removeoutliers=False, filepath=['../models/synthetic/s123/random_mc2_n8_mid3_d1000_05_mr098_r10_156.uai'])
2026-02-06 13:15:51,972|INFO|random_mc2_n5_mid3_d1000_05_mr098_r10_118_uai_GDCC_1e-09_n200_roFalse_s0: Arguments: Namespace(method='GDCC_1e-09', numruns='200', seed='0', output='../results/synthetic/s123/', rewrite=True, removeoutliers=False, filepath=['../models/synthetic/s123/random_mc2_n5_mid3_d1000_05_mr098_r10_118.uai'])
2026-02-06 13:15:51,972|INFO|random_mc2_n8_mid3_d1000_05_mr098_r10_156_uai_GDCC_1e-09_n200_roFalse_s0: Loading model from ../models/synthetic/s123/random_mc2_n8_mid3_d1000_05_mr098_r10_156.uai
2026-02-06 13:15:52,005|INFO|random_mc2_n8_mid3_d1000_05_mr098_r10_156_uai_GDCC_1e-09_n200_roFalse_s0: Loading data from ../models/synthetic/s123/random_mc2_n8_mid3_d1000_05_mr098_r10_156.csv
2026-02-06 13:15:51,973|INFO|random_mc2_n5_mid3_d1000_05_mr098_r10_118_uai_GDCC_1e-09_n200_roFalse_s0: Loading model from ../models/synthetic/s123/random_mc2_n5_mid3_d1000_05_mr098_r10_118.uai
2026-02-06 13:15:51,980|INFO|random_mc2_n5_mid3_d1000_05_mr098_r10_118_uai_GDCC_1e-09_n200_roFalse_s0: Loading data from ../models/synthetic/s123/random_mc2_n5_mid3_d1000_05_mr098_r10_118.csv
2026-02-06 13:15:51,990|INFO|random_mc2_n5_mid3_d1000_05_mr098_r10_118_uai_GDCC_1e-09_n200_roFalse_s0: PNS(V1,V2) exact: (0.07441581471588, 0.209057882285592)
2026-02-06 13:15:52,480|INFO|random_mc2_n6_mid3_d1000_05_mr098_r10_88_uai_GDCC_1e-09_n200_roTrue_s0: Arguments: Namespace(method='GDCC_1e-09', numruns='200', seed='0', output='../results/synthetic/s123/', rewrite=True, removeoutliers=True, filepath=['../models/synthetic/s123/random_mc2_n6_mid3_d1000_05_mr098_r10_88.uai'])
2026-02-06 13:15:52,480|INFO|random_mc2_n6_mid3_d1000_05_mr098_r10_88_uai_GDCC_1e-09_n200_roTrue_s0: Loading model from ../models/synthetic/s123/random_mc2_n6_mid3_d1000_05_mr098_r10_88.uai
2026-02-06 13:15:52,494|INFO|random_mc2_n6_mid3_d1000_05_mr098_r10_88_uai_GDCC_1e-09_n200_roTrue_s0: Loading data from ../models/synthetic/s123/random_mc2_n6_mid3_d1000_05_mr098_r10_88.csv
2026-02-06 13:15:52,921|INFO|random_mc2_n6_mid3_d1000_05_mr098_r10_146_uai_GDCC_1e-09_n200_roFalse_s0: Arguments: Namespace(method='GDCC_1e-09', numruns='200', seed='0', output='../results/synthetic/s123/', rewrite=True, removeoutliers=False, filepath=['../models/synthetic/s123/random_mc2_n6_mid3_d1000_05_mr098_r10_146.uai'])
2026-02-06 13:15:52,925|INFO|random_mc2_n5_mid3_d1000_05_mr098_r10_74_uai_GDCC_1e-09_n200_roTrue_s0: Arguments: Namespace(method='GDCC_1e-09', numruns='200', seed='0', output='../results/synthetic/s123/', rewrite=True, removeoutliers=True, filepath=['../models/synthetic/s123/random_mc2_n5_mid3_d1000_05_mr098_r10_74.uai'])
2026-02-06 13:15:52,946|INFO|random_mc2_n6_mid3_d1000_05_mr098_r10_133_uai_GDCC_1e-09_n200_roFalse_s0: Arguments: Namespace(method='GDCC_1e-09', numruns='200', seed='0', output='../results/synthetic/s123/', rewrite=True, removeoutliers=False, filepath=['../models/synthetic/s123/random_mc2_n6_mid3_d1000_05_mr098_r10_133.uai'])
2026-02-06 13:15:52,921|INFO|random_mc2_n6_mid3_d1000_05_mr098_r10_146_uai_GDCC_1e-09_n200_roFalse_s0: Loading model from ../models/synthetic/s123/random_mc2_n6_mid3_d1000_05_mr098_r10_146.uai
2026-02-06 13:15:52,933|INFO|random_mc2_n6_mid3_d1000_05_mr098_r10_146_uai_GDCC_1e-09_n200_roFalse_s0: Loading data from ../models/synthetic/s123/random_mc2_n6_mid3_d1000_05_mr098_r10_146.csv
2026-02-06 13:15:52,943|INFO|random_mc2_n6_mid3_d1000_05_mr098_r10_146_uai_GDCC_1e-09_n200_roFalse_s0: PNS(V5,V3) exact: (0.4629754663000001, 0.4943296704000001)
2026-02-06 13:15:52,925|INFO|random_mc2_n5_mid3_d1000_05_mr098_r10_74_uai_GDCC_1e-09_n200_roTrue_s0: Loading model from ../models/synthetic/s123/random_mc2_n5_mid3_d1000_05_mr098_r10_74.uai
2026-02-06 13:15:52,938|INFO|random_mc2_n5_mid3_d1000_05_mr098_r10_74_uai_GDCC_1e-09_n200_roTrue_s0: Loading data from ../models/synthetic/s123/random_mc2_n5_mid3_d1000_05_mr098_r10_74.csv
2026-02-06 13:15:52,948|INFO|random_mc2_n5_mid3_d1000_05_mr098_r10_74_uai_GDCC_1e-09_n200_roTrue_s0: PNS(V1,V3) exact: (0.242259660626, 0.50518708548)
2026-02-06 13:15:52,946|INFO|random_mc2_n6_mid3_d1000_05_mr098_r10_133_uai_GDCC_1e-09_n200_roFalse_s0: Loading model from ../models/synthetic/s123/random_mc2_n6_mid3_d1000_05_mr098_r10_133.uai
2026-02-06 13:15:53,019|INFO|random_mc2_n7_mid3_d1000_05_mr098_r10_197_uai_GDCC_1e-09_n200_roTrue_s0: Arguments: Namespace(method='GDCC_1e-09', numruns='200', seed='0', output='../results/synthetic/s123/', rewrite=True, removeoutliers=True, filepath=['../models/synthetic/s123/random_mc2_n7_mid3_d1000_05_mr098_r10_197.uai'])
2026-02-06 13:15:53,025|INFO|random_mc2_n7_mid3_d1000_05_mr098_r10_28_uai_GDCC_1e-09_n200_roTrue_s0: Arguments: Namespace(method='GDCC_1e-09', numruns='200', seed='0', output='../results/synthetic/s123/', rewrite=True, removeoutliers=True, filepath=['../models/synthetic/s123/random_mc2_n7_mid3_d1000_05_mr098_r10_28.uai'])
2026-02-06 13:15:53,046|INFO|random_mc2_n9_mid3_d1000_05_mr098_r10_27_uai_GDCC_1e-09_n200_roFalse_s0: Arguments: Namespace(method='GDCC_1e-09', numruns='200', seed='0', output='../results/synthetic/s123/', rewrite=True, removeoutliers=False, filepath=['../models/synthetic/s123/random_mc2_n9_mid3_d1000_05_mr098_r10_27.uai'])
2026-02-06 13:15:53,019|INFO|random_mc2_n7_mid3_d1000_05_mr098_r10_197_uai_GDCC_1e-09_n200_roTrue_s0: Loading model from ../models/synthetic/s123/random_mc2_n7_mid3_d1000_05_mr098_r10_197.uai
2026-02-06 13:15:53,029|INFO|random_mc2_n7_mid3_d1000_05_mr098_r10_197_uai_GDCC_1e-09_n200_roTrue_s0: Loading data from ../models/synthetic/s123/random_mc2_n7_mid3_d1000_05_mr098_r10_197.csv
2026-02-06 13:15:53,037|INFO|random_mc2_n7_mid3_d1000_05_mr098_r10_197_uai_GDCC_1e-09_n200_roTrue_s0: PNS(V4,V6) exact: (0.0077679086795427, 0.0129274736640678)
2026-02-06 13:15:53,026|INFO|random_mc2_n7_mid3_d1000_05_mr098_r10_28_uai_GDCC_1e-09_n200_roTrue_s0: Loading model from ../models/synthetic/s123/random_mc2_n7_mid3_d1000_05_mr098_r10_28.uai
2026-02-06 13:15:53,045|INFO|random_mc2_n7_mid3_d1000_05_mr098_r10_28_uai_GDCC_1e-09_n200_roTrue_s0: Loading data from ../models/synthetic/s123/random_mc2_n7_mid3_d1000_05_mr098_r10_28.csv
2026-02-06 13:15:53,046|INFO|random_mc2_n9_mid3_d1000_05_mr098_r10_27_uai_GDCC_1e-09_n200_roFalse_s0: Loading model from ../models/synthetic/s123/random_mc2_n9_mid3_d1000_05_mr098_r10_27.uai
2026-02-06 13:15:53,070|INFO|random_mc2_n9_mid3_d1000_05_mr098_r10_27_uai_GDCC_1e-09_n200_roFalse_s0: Loading data from ../models/synthetic/s123/random_mc2_n9_mid3_d1000_05_mr098_r10_27.csv
2026-02-06 13:15:53,117|INFO|random_mc2_n6_mid3_d1000_05_mr098_r10_175_uai_GDCC_1e-09_n200_roTrue_s0: Arguments: Namespace(method='GDCC_1e-09', numruns='200', seed='0', output='../results/synthetic/s123/', rewrite=True, removeoutliers=True, filepath=['../models/synthetic/s123/random_mc2_n6_mid3_d1000_05_mr098_r10_175.uai'])
2026-02-06 13:15:53,126|INFO|random_mc2_n6_mid3_d1000_05_mr098_r10_160_uai_GDCC_1e-09_n200_roTrue_s0: Arguments: Namespace(method='GDCC_1e-09', numruns='200', seed='0', output='../results/synthetic/s123/', rewrite=True, removeoutliers=True, filepath=['../models/synthetic/s123/random_mc2_n6_mid3_d1000_05_mr098_r10_160.uai'])
2026-02-06 13:15:53,147|INFO|random_mc2_n6_mid3_d1000_05_mr098_r10_12_uai_GDCC_1e-09_n200_roTrue_s0: Arguments: Namespace(method='GDCC_1e-09', numruns='200', seed='0', output='../results/synthetic/s123/', rewrite=True, removeoutliers=True, filepath=['../models/synthetic/s123/random_mc2_n6_mid3_d1000_05_mr098_r10_12.uai'])
2026-02-06 13:15:53,155|INFO|random_mc2_n6_mid3_d1000_05_mr098_r10_38_uai_GDCC_1e-09_n200_roTrue_s0: Arguments: Namespace(method='GDCC_1e-09', numruns='200', seed='0', output='../results/synthetic/s123/', rewrite=True, removeoutliers=True, filepath=['../models/synthetic/s123/random_mc2_n6_mid3_d1000_05_mr098_r10_38.uai'])
2026-02-06 13:15:53,117|INFO|random_mc2_n6_mid3_d1000_05_mr098_r10_175_uai_GDCC_1e-09_n200_roTrue_s0: Loading model from ../models/synthetic/s123/random_mc2_n6_mid3_d1000_05_mr098_r10_175.uai
2026-02-06 13:15:53,161|INFO|random_mc2_n6_mid3_d1000_05_mr098_r10_133_uai_GDCC_1e-09_n200_roFalse_s0: Loading data from ../models/synthetic/s123/random_mc2_n6_mid3_d1000_05_mr098_r10_133.csv
2026-02-06 13:15:53,126|INFO|random_mc2_n6_mid3_d1000_05_mr098_r10_160_uai_GDCC_1e-09_n200_roTrue_s0: Loading model from ../models/synthetic/s123/random_mc2_n6_mid3_d1000_05_mr098_r10_160.uai
2026-02-06 13:15:53,154|INFO|random_mc2_n6_mid3_d1000_05_mr098_r10_160_uai_GDCC_1e-09_n200_roTrue_s0: Loading data from ../models/synthetic/s123/random_mc2_n6_mid3_d1000_05_mr098_r10_160.csv
2026-02-06 13:15:53,179|INFO|random_mc2_n5_mid3_d1000_05_mr098_r10_166_uai_GDCC_1e-09_n200_roTrue_s0: Arguments: Namespace(method='GDCC_1e-09', numruns='200', seed='0', output='../results/synthetic/s123/', rewrite=True, removeoutliers=True, filepath=['../models/synthetic/s123/random_mc2_n5_mid3_d1000_05_mr098_r10_166.uai'])
2026-02-06 13:15:53,184|INFO|random_mc2_n5_mid3_d1000_05_mr098_r10_182_uai_GDCC_1e-09_n200_roFalse_s0: Arguments: Namespace(method='GDCC_1e-09', numruns='200', seed='0', output='../results/synthetic/s123/', rewrite=True, removeoutliers=False, filepath=['../models/synthetic/s123/random_mc2_n5_mid3_d1000_05_mr098_r10_182.uai'])
2026-02-06 13:15:53,148|INFO|random_mc2_n6_mid3_d1000_05_mr098_r10_12_uai_GDCC_1e-09_n200_roTrue_s0: Loading model from ../models/synthetic/s123/random_mc2_n6_mid3_d1000_05_mr098_r10_12.uai
2026-02-06 13:15:53,159|INFO|random_mc2_n6_mid3_d1000_05_mr098_r10_12_uai_GDCC_1e-09_n200_roTrue_s0: Loading data from ../models/synthetic/s123/random_mc2_n6_mid3_d1000_05_mr098_r10_12.csv
2026-02-06 13:15:53,195|INFO|random_mc2_n7_mid3_d1000_05_mr098_r10_56_uai_GDCC_1e-09_n200_roFalse_s0: Arguments: Namespace(method='GDCC_1e-09', numruns='200', seed='0', output='../results/synthetic/s123/', rewrite=True, removeoutliers=False, filepath=['../models/synthetic/s123/random_mc2_n7_mid3_d1000_05_mr098_r10_56.uai'])
2026-02-06 13:15:53,156|INFO|random_mc2_n6_mid3_d1000_05_mr098_r10_38_uai_GDCC_1e-09_n200_roTrue_s0: Loading model from ../models/synthetic/s123/random_mc2_n6_mid3_d1000_05_mr098_r10_38.uai
2026-02-06 13:15:53,163|INFO|random_mc2_n6_mid3_d1000_05_mr098_r10_38_uai_GDCC_1e-09_n200_roTrue_s0: Loading data from ../models/synthetic/s123/random_mc2_n6_mid3_d1000_05_mr098_r10_38.csv
2026-02-06 13:15:53,175|INFO|random_mc2_n6_mid3_d1000_05_mr098_r10_38_uai_GDCC_1e-09_n200_roTrue_s0: PNS(V0,V3) exact: (0.0032650838421653, 0.0300094630044194)
2026-02-06 13:15:53,216|INFO|random_mc2_n6_mid3_d1000_05_mr098_r10_175_uai_GDCC_1e-09_n200_roTrue_s0: Loading data from ../models/synthetic/s123/random_mc2_n6_mid3_d1000_05_mr098_r10_175.csv
2026-02-06 13:15:53,179|INFO|random_mc2_n5_mid3_d1000_05_mr098_r10_166_uai_GDCC_1e-09_n200_roTrue_s0: Loading model from ../models/synthetic/s123/random_mc2_n5_mid3_d1000_05_mr098_r10_166.uai
2026-02-06 13:15:53,195|INFO|random_mc2_n5_mid3_d1000_05_mr098_r10_166_uai_GDCC_1e-09_n200_roTrue_s0: Loading data from ../models/synthetic/s123/random_mc2_n5_mid3_d1000_05_mr098_r10_166.csv
2026-02-06 13:15:53,223|INFO|random_mc2_n5_mid3_d1000_05_mr098_r10_129_uai_GDCC_1e-09_n200_roFalse_s0: Arguments: Namespace(method='GDCC_1e-09', numruns='200', seed='0', output='../results/synthetic/s123/', rewrite=True, removeoutliers=False, filepath=['../models/synthetic/s123/random_mc2_n5_mid3_d1000_05_mr098_r10_129.uai'])
2026-02-06 13:15:53,184|INFO|random_mc2_n5_mid3_d1000_05_mr098_r10_182_uai_GDCC_1e-09_n200_roFalse_s0: Loading model from ../models/synthetic/s123/random_mc2_n5_mid3_d1000_05_mr098_r10_182.uai
2026-02-06 13:15:53,191|INFO|random_mc2_n5_mid3_d1000_05_mr098_r10_182_uai_GDCC_1e-09_n200_roFalse_s0: Loading data from ../models/synthetic/s123/random_mc2_n5_mid3_d1000_05_mr098_r10_182.csv
2026-02-06 13:15:53,195|INFO|random_mc2_n7_mid3_d1000_05_mr098_r10_56_uai_GDCC_1e-09_n200_roFalse_s0: Loading model from ../models/synthetic/s123/random_mc2_n7_mid3_d1000_05_mr098_r10_56.uai
2026-02-06 13:15:53,209|INFO|random_mc2_n7_mid3_d1000_05_mr098_r10_56_uai_GDCC_1e-09_n200_roFalse_s0: Loading data from ../models/synthetic/s123/random_mc2_n7_mid3_d1000_05_mr098_r10_56.csv
2026-02-06 13:15:53,238|INFO|random_mc2_n5_mid3_d1000_05_mr098_r10_168_uai_GDCC_1e-09_n200_roFalse_s0: Arguments: Namespace(method='GDCC_1e-09', numruns='200', seed='0', output='../results/synthetic/s123/', rewrite=True, removeoutliers=False, filepath=['../models/synthetic/s123/random_mc2_n5_mid3_d1000_05_mr098_r10_168.uai'])
2026-02-06 13:15:53,241|INFO|random_mc2_n8_mid3_d1000_05_mr098_r10_177_uai_GDCC_1e-09_n200_roTrue_s0: Arguments: Namespace(method='GDCC_1e-09', numruns='200', seed='0', output='../results/synthetic/s123/', rewrite=True, removeoutliers=True, filepath=['../models/synthetic/s123/random_mc2_n8_mid3_d1000_05_mr098_r10_177.uai'])
2026-02-06 13:15:53,223|INFO|random_mc2_n5_mid3_d1000_05_mr098_r10_129_uai_GDCC_1e-09_n200_roFalse_s0: Loading model from ../models/synthetic/s123/random_mc2_n5_mid3_d1000_05_mr098_r10_129.uai
2026-02-06 13:15:53,232|INFO|random_mc2_n5_mid3_d1000_05_mr098_r10_129_uai_GDCC_1e-09_n200_roFalse_s0: Loading data from ../models/synthetic/s123/random_mc2_n5_mid3_d1000_05_mr098_r10_129.csv
2026-02-06 13:15:53,239|INFO|random_mc2_n5_mid3_d1000_05_mr098_r10_168_uai_GDCC_1e-09_n200_roFalse_s0: Loading model from ../models/synthetic/s123/random_mc2_n5_mid3_d1000_05_mr098_r10_168.uai
2026-02-06 13:15:53,245|INFO|random_mc2_n5_mid3_d1000_05_mr098_r10_168_uai_GDCC_1e-09_n200_roFalse_s0: Loading data from ../models/synthetic/s123/random_mc2_n5_mid3_d1000_05_mr098_r10_168.csv
2026-02-06 13:15:53,241|INFO|random_mc2_n8_mid3_d1000_05_mr098_r10_177_uai_GDCC_1e-09_n200_roTrue_s0: Loading model from ../models/synthetic/s123/random_mc2_n8_mid3_d1000_05_mr098_r10_177.uai
2026-02-06 13:15:53,336|INFO|random_mc2_n8_mid3_d1000_05_mr098_r10_177_uai_GDCC_1e-09_n200_roTrue_s0: Loading data from ../models/synthetic/s123/random_mc2_n8_mid3_d1000_05_mr098_r10_177.csv
2026-02-06 13:15:53,404|INFO|random_mc2_n6_mid3_d1000_05_mr098_r10_174_uai_GDCC_1e-09_n200_roFalse_s0: Arguments: Namespace(method='GDCC_1e-09', numruns='200', seed='0', output='../results/synthetic/s123/', rewrite=True, removeoutliers=False, filepath=['../models/synthetic/s123/random_mc2_n6_mid3_d1000_05_mr098_r10_174.uai'])
2026-02-06 13:15:53,404|INFO|random_mc2_n6_mid3_d1000_05_mr098_r10_174_uai_GDCC_1e-09_n200_roFalse_s0: Loading model from ../models/synthetic/s123/random_mc2_n6_mid3_d1000_05_mr098_r10_174.uai
2026-02-06 13:15:53,414|INFO|random_mc2_n6_mid3_d1000_05_mr098_r10_174_uai_GDCC_1e-09_n200_roFalse_s0: Loading data from ../models/synthetic/s123/random_mc2_n6_mid3_d1000_05_mr098_r10_174.csv
2026-02-06 13:15:53,499|INFO|random_mc2_n7_mid3_d1000_05_mr098_r10_131_uai_GDCC_1e-09_n200_roTrue_s0: Arguments: Namespace(method='GDCC_1e-09', numruns='200', seed='0', output='../results/synthetic/s123/', rewrite=True, removeoutliers=True, filepath=['../models/synthetic/s123/random_mc2_n7_mid3_d1000_05_mr098_r10_131.uai'])
2026-02-06 13:15:53,499|INFO|random_mc2_n7_mid3_d1000_05_mr098_r10_131_uai_GDCC_1e-09_n200_roTrue_s0: Loading model from ../models/synthetic/s123/random_mc2_n7_mid3_d1000_05_mr098_r10_131.uai
2026-02-06 13:15:53,512|INFO|random_mc2_n7_mid3_d1000_05_mr098_r10_131_uai_GDCC_1e-09_n200_roTrue_s0: Loading data from ../models/synthetic/s123/random_mc2_n7_mid3_d1000_05_mr098_r10_131.csv
2026-02-06 13:15:53,523|INFO|random_mc2_n7_mid3_d1000_05_mr098_r10_131_uai_GDCC_1e-09_n200_roTrue_s0: PNS(V4,V5) exact: (0.0019772565152803, 0.1646117945558058)
2026-02-06 13:15:55,429|INFO|random_mc2_n6_mid3_d1000_05_mr098_r10_136_uai_GDCC_1e-09_n200_roTrue_s0: Arguments: Namespace(method='GDCC_1e-09', numruns='200', seed='0', output='../results/synthetic/s123/', rewrite=True, removeoutliers=True, filepath=['../models/synthetic/s123/random_mc2_n6_mid3_d1000_05_mr098_r10_136.uai'])
2026-02-06 13:15:55,435|INFO|random_mc2_n5_mid3_d1000_05_mr098_r10_26_uai_GDCC_1e-09_n200_roFalse_s0: Arguments: Namespace(method='GDCC_1e-09', numruns='200', seed='0', output='../results/synthetic/s123/', rewrite=True, removeoutliers=False, filepath=['../models/synthetic/s123/random_mc2_n5_mid3_d1000_05_mr098_r10_26.uai'])
2026-02-06 13:15:55,429|INFO|random_mc2_n6_mid3_d1000_05_mr098_r10_136_uai_GDCC_1e-09_n200_roTrue_s0: Loading model from ../models/synthetic/s123/random_mc2_n6_mid3_d1000_05_mr098_r10_136.uai
2026-02-06 13:15:55,438|INFO|random_mc2_n6_mid3_d1000_05_mr098_r10_136_uai_GDCC_1e-09_n200_roTrue_s0: Loading data from ../models/synthetic/s123/random_mc2_n6_mid3_d1000_05_mr098_r10_136.csv
2026-02-06 13:15:55,435|INFO|random_mc2_n5_mid3_d1000_05_mr098_r10_26_uai_GDCC_1e-09_n200_roFalse_s0: Loading model from ../models/synthetic/s123/random_mc2_n5_mid3_d1000_05_mr098_r10_26.uai
2026-02-06 13:15:55,439|INFO|random_mc2_n5_mid3_d1000_05_mr098_r10_26_uai_GDCC_1e-09_n200_roFalse_s0: Loading data from ../models/synthetic/s123/random_mc2_n5_mid3_d1000_05_mr098_r10_26.csv
2026-02-06 13:15:55,576|INFO|random_mc2_n5_mid3_d1000_05_mr098_r10_84_uai_GDCC_1e-09_n200_roFalse_s0: Arguments: Namespace(method='GDCC_1e-09', numruns='200', seed='0', output='../results/synthetic/s123/', rewrite=True, removeoutliers=False, filepath=['../models/synthetic/s123/random_mc2_n5_mid3_d1000_05_mr098_r10_84.uai'])
2026-02-06 13:15:55,581|INFO|random_mc2_n5_mid3_d1000_05_mr098_r10_103_uai_GDCC_1e-09_n200_roTrue_s0: Arguments: Namespace(method='GDCC_1e-09', numruns='200', seed='0', output='../results/synthetic/s123/', rewrite=True, removeoutliers=True, filepath=['../models/synthetic/s123/random_mc2_n5_mid3_d1000_05_mr098_r10_103.uai'])
2026-02-06 13:15:55,576|INFO|random_mc2_n5_mid3_d1000_05_mr098_r10_84_uai_GDCC_1e-09_n200_roFalse_s0: Loading model from ../models/synthetic/s123/random_mc2_n5_mid3_d1000_05_mr098_r10_84.uai
2026-02-06 13:15:55,586|INFO|random_mc2_n5_mid3_d1000_05_mr098_r10_84_uai_GDCC_1e-09_n200_roFalse_s0: Loading data from ../models/synthetic/s123/random_mc2_n5_mid3_d1000_05_mr098_r10_84.csv
2026-02-06 13:15:55,581|INFO|random_mc2_n5_mid3_d1000_05_mr098_r10_103_uai_GDCC_1e-09_n200_roTrue_s0: Loading model from ../models/synthetic/s123/random_mc2_n5_mid3_d1000_05_mr098_r10_103.uai
2026-02-06 13:15:55,593|INFO|random_mc2_n5_mid3_d1000_05_mr098_r10_103_uai_GDCC_1e-09_n200_roTrue_s0: Loading data from ../models/synthetic/s123/random_mc2_n5_mid3_d1000_05_mr098_r10_103.csv
2026-02-06 13:15:55,605|INFO|random_mc2_n5_mid3_d1000_05_mr098_r10_103_uai_GDCC_1e-09_n200_roTrue_s0: PNS(V0,V4) exact: (0.055654259616004, 0.150953979930874)
2026-02-06 13:15:55,696|INFO|random_mc2_n6_mid3_d1000_05_mr098_r10_110_uai_GDCC_1e-09_n200_roFalse_s0: Arguments: Namespace(method='GDCC_1e-09', numruns='200', seed='0', output='../results/synthetic/s123/', rewrite=True, removeoutliers=False, filepath=['../models/synthetic/s123/random_mc2_n6_mid3_d1000_05_mr098_r10_110.uai'])
2026-02-06 13:15:55,697|INFO|random_mc2_n6_mid3_d1000_05_mr098_r10_110_uai_GDCC_1e-09_n200_roFalse_s0: Loading model from ../models/synthetic/s123/random_mc2_n6_mid3_d1000_05_mr098_r10_110.uai
2026-02-06 13:15:55,723|INFO|random_mc2_n6_mid3_d1000_05_mr098_r10_110_uai_GDCC_1e-09_n200_roFalse_s0: Loading data from ../models/synthetic/s123/random_mc2_n6_mid3_d1000_05_mr098_r10_110.csv
2026-02-06 13:15:55,748|INFO|random_mc2_n9_mid3_d1000_05_mr098_r10_198_uai_GDCC_1e-09_n200_roFalse_s0: Arguments: Namespace(method='GDCC_1e-09', numruns='200', seed='0', output='../results/synthetic/s123/', rewrite=True, removeoutliers=False, filepath=['../models/synthetic/s123/random_mc2_n9_mid3_d1000_05_mr098_r10_198.uai'])
2026-02-06 13:15:55,755|INFO|random_mc2_n6_mid3_d1000_05_mr098_r10_85_uai_GDCC_1e-09_n200_roTrue_s0: Arguments: Namespace(method='GDCC_1e-09', numruns='200', seed='0', output='../results/synthetic/s123/', rewrite=True, removeoutliers=True, filepath=['../models/synthetic/s123/random_mc2_n6_mid3_d1000_05_mr098_r10_85.uai'])
2026-02-06 13:15:55,757|INFO|random_mc2_n8_mid3_d1000_05_mr098_r10_188_uai_GDCC_1e-09_n200_roFalse_s0: Arguments: Namespace(method='GDCC_1e-09', numruns='200', seed='0', output='../results/synthetic/s123/', rewrite=True, removeoutliers=False, filepath=['../models/synthetic/s123/random_mc2_n8_mid3_d1000_05_mr098_r10_188.uai'])
2026-02-06 13:15:55,749|INFO|random_mc2_n9_mid3_d1000_05_mr098_r10_198_uai_GDCC_1e-09_n200_roFalse_s0: Loading model from ../models/synthetic/s123/random_mc2_n9_mid3_d1000_05_mr098_r10_198.uai
2026-02-06 13:15:55,762|INFO|random_mc2_n9_mid3_d1000_05_mr098_r10_198_uai_GDCC_1e-09_n200_roFalse_s0: Loading data from ../models/synthetic/s123/random_mc2_n9_mid3_d1000_05_mr098_r10_198.csv
2026-02-06 13:15:55,755|INFO|random_mc2_n6_mid3_d1000_05_mr098_r10_85_uai_GDCC_1e-09_n200_roTrue_s0: Loading model from ../models/synthetic/s123/random_mc2_n6_mid3_d1000_05_mr098_r10_85.uai
2026-02-06 13:15:55,757|INFO|random_mc2_n8_mid3_d1000_05_mr098_r10_188_uai_GDCC_1e-09_n200_roFalse_s0: Loading model from ../models/synthetic/s123/random_mc2_n8_mid3_d1000_05_mr098_r10_188.uai
2026-02-06 13:15:55,772|INFO|random_mc2_n8_mid3_d1000_05_mr098_r10_188_uai_GDCC_1e-09_n200_roFalse_s0: Loading data from ../models/synthetic/s123/random_mc2_n8_mid3_d1000_05_mr098_r10_188.csv
2026-02-06 13:15:55,848|INFO|random_mc2_n6_mid3_d1000_05_mr098_r10_85_uai_GDCC_1e-09_n200_roTrue_s0: Loading data from ../models/synthetic/s123/random_mc2_n6_mid3_d1000_05_mr098_r10_85.csv
2026-02-06 13:16:02,762|INFO|random_mc2_n7_mid3_d1000_05_mr098_r10_185_uai_GDCC_1e-09_n200_roFalse_s0: Arguments: Namespace(method='GDCC_1e-09', numruns='200', seed='0', output='../results/synthetic/s123/', rewrite=True, removeoutliers=False, filepath=['../models/synthetic/s123/random_mc2_n7_mid3_d1000_05_mr098_r10_185.uai'])
2026-02-06 13:16:02,762|INFO|random_mc2_n7_mid3_d1000_05_mr098_r10_185_uai_GDCC_1e-09_n200_roFalse_s0: Loading model from ../models/synthetic/s123/random_mc2_n7_mid3_d1000_05_mr098_r10_185.uai
2026-02-06 13:16:02,778|INFO|random_mc2_n7_mid3_d1000_05_mr098_r10_185_uai_GDCC_1e-09_n200_roFalse_s0: Loading data from ../models/synthetic/s123/random_mc2_n7_mid3_d1000_05_mr098_r10_185.csv
2026-02-06 13:16:02,792|INFO|random_mc2_n7_mid3_d1000_05_mr098_r10_185_uai_GDCC_1e-09_n200_roFalse_s0: PNS(V4,V5) exact: (0.026299086270706, 0.362919468953052)
2026-02-06 13:16:04,073|INFO|random_mc2_n5_mid3_d1000_05_mr098_r10_149_uai_GDCC_1e-09_n200_roTrue_s0: Arguments: Namespace(method='GDCC_1e-09', numruns='200', seed='0', output='../results/synthetic/s123/', rewrite=True, removeoutliers=True, filepath=['../models/synthetic/s123/random_mc2_n5_mid3_d1000_05_mr098_r10_149.uai'])
2026-02-06 13:16:04,073|INFO|random_mc2_n5_mid3_d1000_05_mr098_r10_149_uai_GDCC_1e-09_n200_roTrue_s0: Loading model from ../models/synthetic/s123/random_mc2_n5_mid3_d1000_05_mr098_r10_149.uai
2026-02-06 13:16:04,079|INFO|random_mc2_n5_mid3_d1000_05_mr098_r10_149_uai_GDCC_1e-09_n200_roTrue_s0: Loading data from ../models/synthetic/s123/random_mc2_n5_mid3_d1000_05_mr098_r10_149.csv
2026-02-06 13:16:04,093|INFO|random_mc2_n5_mid3_d1000_05_mr098_r10_149_uai_GDCC_1e-09_n200_roTrue_s0: PNS(V3,V0) exact: (0.0, 0.014418359495816)
2026-02-06 13:16:04,294|INFO|random_mc2_n5_mid3_d1000_05_mr098_r10_58_uai_GDCC_1e-09_n200_roFalse_s0: Arguments: Namespace(method='GDCC_1e-09', numruns='200', seed='0', output='../results/synthetic/s123/', rewrite=True, removeoutliers=False, filepath=['../models/synthetic/s123/random_mc2_n5_mid3_d1000_05_mr098_r10_58.uai'])
2026-02-06 13:16:04,294|INFO|random_mc2_n8_mid3_d1000_05_mr098_r10_159_uai_GDCC_1e-09_n200_roFalse_s0: Arguments: Namespace(method='GDCC_1e-09', numruns='200', seed='0', output='../results/synthetic/s123/', rewrite=True, removeoutliers=False, filepath=['../models/synthetic/s123/random_mc2_n8_mid3_d1000_05_mr098_r10_159.uai'])
2026-02-06 13:16:04,307|INFO|random_mc2_n5_mid3_d1000_05_mr098_r10_46_uai_GDCC_1e-09_n200_roTrue_s0: Arguments: Namespace(method='GDCC_1e-09', numruns='200', seed='0', output='../results/synthetic/s123/', rewrite=True, removeoutliers=True, filepath=['../models/synthetic/s123/random_mc2_n5_mid3_d1000_05_mr098_r10_46.uai'])
2026-02-06 13:16:04,294|INFO|random_mc2_n5_mid3_d1000_05_mr098_r10_58_uai_GDCC_1e-09_n200_roFalse_s0: Loading model from ../models/synthetic/s123/random_mc2_n5_mid3_d1000_05_mr098_r10_58.uai
2026-02-06 13:16:04,307|INFO|random_mc2_n5_mid3_d1000_05_mr098_r10_58_uai_GDCC_1e-09_n200_roFalse_s0: Loading data from ../models/synthetic/s123/random_mc2_n5_mid3_d1000_05_mr098_r10_58.csv
2026-02-06 13:16:04,295|INFO|random_mc2_n8_mid3_d1000_05_mr098_r10_159_uai_GDCC_1e-09_n200_roFalse_s0: Loading model from ../models/synthetic/s123/random_mc2_n8_mid3_d1000_05_mr098_r10_159.uai
2026-02-06 13:16:04,326|INFO|random_mc2_n5_mid3_d1000_05_mr098_r10_58_uai_GDCC_1e-09_n200_roFalse_s0: PNS(V1,V4) exact: (0.0036215301384, 0.042303308980416)
2026-02-06 13:16:04,310|INFO|random_mc2_n8_mid3_d1000_05_mr098_r10_159_uai_GDCC_1e-09_n200_roFalse_s0: Loading data from ../models/synthetic/s123/random_mc2_n8_mid3_d1000_05_mr098_r10_159.csv
2026-02-06 13:16:04,307|INFO|random_mc2_n5_mid3_d1000_05_mr098_r10_46_uai_GDCC_1e-09_n200_roTrue_s0: Loading model from ../models/synthetic/s123/random_mc2_n5_mid3_d1000_05_mr098_r10_46.uai
2026-02-06 13:16:04,318|INFO|random_mc2_n5_mid3_d1000_05_mr098_r10_46_uai_GDCC_1e-09_n200_roTrue_s0: Loading data from ../models/synthetic/s123/random_mc2_n5_mid3_d1000_05_mr098_r10_46.csv
2026-02-06 13:16:04,330|INFO|random_mc2_n5_mid3_d1000_05_mr098_r10_46_uai_GDCC_1e-09_n200_roTrue_s0: PNS(V0,V4) exact: (0.6100050528559042, 0.6100050528559042)
2026-02-06 13:16:07,290|INFO|random_mc2_n9_mid3_d1000_05_mr098_r10_42_uai_GDCC_1e-09_n200_roFalse_s0: Arguments: Namespace(method='GDCC_1e-09', numruns='200', seed='0', output='../results/synthetic/s123/', rewrite=True, removeoutliers=False, filepath=['../models/synthetic/s123/random_mc2_n9_mid3_d1000_05_mr098_r10_42.uai'])
2026-02-06 13:16:07,314|INFO|random_mc2_n5_mid3_d1000_05_mr098_r10_74_uai_GDCC_1e-09_n200_roFalse_s0: Arguments: Namespace(method='GDCC_1e-09', numruns='200', seed='0', output='../results/synthetic/s123/', rewrite=True, removeoutliers=False, filepath=['../models/synthetic/s123/random_mc2_n5_mid3_d1000_05_mr098_r10_74.uai'])
2026-02-06 13:16:07,291|INFO|random_mc2_n9_mid3_d1000_05_mr098_r10_42_uai_GDCC_1e-09_n200_roFalse_s0: Loading model from ../models/synthetic/s123/random_mc2_n9_mid3_d1000_05_mr098_r10_42.uai
2026-02-06 13:16:07,302|INFO|random_mc2_n9_mid3_d1000_05_mr098_r10_42_uai_GDCC_1e-09_n200_roFalse_s0: Loading data from ../models/synthetic/s123/random_mc2_n9_mid3_d1000_05_mr098_r10_42.csv
2026-02-06 13:16:07,316|INFO|random_mc2_n9_mid3_d1000_05_mr098_r10_42_uai_GDCC_1e-09_n200_roFalse_s0: PNS(V4,V1) exact: (0.0055529329999999, 0.0881529485)
2026-02-06 13:16:07,314|INFO|random_mc2_n5_mid3_d1000_05_mr098_r10_74_uai_GDCC_1e-09_n200_roFalse_s0: Loading model from ../models/synthetic/s123/random_mc2_n5_mid3_d1000_05_mr098_r10_74.uai
2026-02-06 13:16:07,327|INFO|random_mc2_n5_mid3_d1000_05_mr098_r10_74_uai_GDCC_1e-09_n200_roFalse_s0: Loading data from ../models/synthetic/s123/random_mc2_n5_mid3_d1000_05_mr098_r10_74.csv
2026-02-06 13:16:07,337|INFO|random_mc2_n5_mid3_d1000_05_mr098_r10_74_uai_GDCC_1e-09_n200_roFalse_s0: PNS(V1,V3) exact: (0.242259660626, 0.50518708548)
2026-02-06 13:16:07,359|INFO|random_mc2_n7_mid3_d1000_05_mr098_r10_22_uai_GDCC_1e-09_n200_roFalse_s0: Arguments: Namespace(method='GDCC_1e-09', numruns='200', seed='0', output='../results/synthetic/s123/', rewrite=True, removeoutliers=False, filepath=['../models/synthetic/s123/random_mc2_n7_mid3_d1000_05_mr098_r10_22.uai'])
2026-02-06 13:16:07,366|INFO|random_mc2_n5_mid3_d1000_05_mr098_r10_37_uai_GDCC_1e-09_n200_roTrue_s0: Arguments: Namespace(method='GDCC_1e-09', numruns='200', seed='0', output='../results/synthetic/s123/', rewrite=True, removeoutliers=True, filepath=['../models/synthetic/s123/random_mc2_n5_mid3_d1000_05_mr098_r10_37.uai'])
2026-02-06 13:16:07,372|INFO|random_mc2_n7_mid3_d1000_05_mr098_r10_40_uai_GDCC_1e-09_n200_roFalse_s0: Arguments: Namespace(method='GDCC_1e-09', numruns='200', seed='0', output='../results/synthetic/s123/', rewrite=True, removeoutliers=False, filepath=['../models/synthetic/s123/random_mc2_n7_mid3_d1000_05_mr098_r10_40.uai'])
2026-02-06 13:16:07,385|INFO|random_mc2_n8_mid3_d1000_05_mr098_r10_121_uai_GDCC_1e-09_n200_roFalse_s0: Arguments: Namespace(method='GDCC_1e-09', numruns='200', seed='0', output='../results/synthetic/s123/', rewrite=True, removeoutliers=False, filepath=['../models/synthetic/s123/random_mc2_n8_mid3_d1000_05_mr098_r10_121.uai'])
2026-02-06 13:16:07,390|INFO|random_mc2_n6_mid3_d1000_05_mr098_r10_153_uai_GDCC_1e-09_n200_roFalse_s0: Arguments: Namespace(method='GDCC_1e-09', numruns='200', seed='0', output='../results/synthetic/s123/', rewrite=True, removeoutliers=False, filepath=['../models/synthetic/s123/random_mc2_n6_mid3_d1000_05_mr098_r10_153.uai'])
2026-02-06 13:16:07,359|INFO|random_mc2_n7_mid3_d1000_05_mr098_r10_22_uai_GDCC_1e-09_n200_roFalse_s0: Loading model from ../models/synthetic/s123/random_mc2_n7_mid3_d1000_05_mr098_r10_22.uai
2026-02-06 13:16:07,373|INFO|random_mc2_n7_mid3_d1000_05_mr098_r10_22_uai_GDCC_1e-09_n200_roFalse_s0: Loading data from ../models/synthetic/s123/random_mc2_n7_mid3_d1000_05_mr098_r10_22.csv
2026-02-06 13:16:07,384|INFO|random_mc2_n7_mid3_d1000_05_mr098_r10_22_uai_GDCC_1e-09_n200_roFalse_s0: PNS(V1,V0) exact: (0.4818094928831341, 0.6444694971595442)
2026-02-06 13:16:07,366|INFO|random_mc2_n5_mid3_d1000_05_mr098_r10_37_uai_GDCC_1e-09_n200_roTrue_s0: Loading model from ../models/synthetic/s123/random_mc2_n5_mid3_d1000_05_mr098_r10_37.uai
2026-02-06 13:16:07,375|INFO|random_mc2_n5_mid3_d1000_05_mr098_r10_37_uai_GDCC_1e-09_n200_roTrue_s0: Loading data from ../models/synthetic/s123/random_mc2_n5_mid3_d1000_05_mr098_r10_37.csv
2026-02-06 13:16:07,385|INFO|random_mc2_n5_mid3_d1000_05_mr098_r10_37_uai_GDCC_1e-09_n200_roTrue_s0: PNS(V1,V4) exact: (0.0030091049999999, 0.160852525)
2026-02-06 13:16:07,372|INFO|random_mc2_n7_mid3_d1000_05_mr098_r10_40_uai_GDCC_1e-09_n200_roFalse_s0: Loading model from ../models/synthetic/s123/random_mc2_n7_mid3_d1000_05_mr098_r10_40.uai
2026-02-06 13:16:07,402|INFO|random_mc2_n7_mid3_d1000_05_mr098_r10_40_uai_GDCC_1e-09_n200_roFalse_s0: Loading data from ../models/synthetic/s123/random_mc2_n7_mid3_d1000_05_mr098_r10_40.csv
2026-02-06 13:16:07,412|INFO|random_mc2_n7_mid3_d1000_05_mr098_r10_40_uai_GDCC_1e-09_n200_roFalse_s0: PNS(V2,V4) exact: (0.033682517015198, 0.145976403196258)
2026-02-06 13:16:07,385|INFO|random_mc2_n8_mid3_d1000_05_mr098_r10_121_uai_GDCC_1e-09_n200_roFalse_s0: Loading model from ../models/synthetic/s123/random_mc2_n8_mid3_d1000_05_mr098_r10_121.uai
2026-02-06 13:16:07,399|INFO|random_mc2_n8_mid3_d1000_05_mr098_r10_121_uai_GDCC_1e-09_n200_roFalse_s0: Loading data from ../models/synthetic/s123/random_mc2_n8_mid3_d1000_05_mr098_r10_121.csv
2026-02-06 13:16:07,390|INFO|random_mc2_n6_mid3_d1000_05_mr098_r10_153_uai_GDCC_1e-09_n200_roFalse_s0: Loading model from ../models/synthetic/s123/random_mc2_n6_mid3_d1000_05_mr098_r10_153.uai
2026-02-06 13:16:07,400|INFO|random_mc2_n6_mid3_d1000_05_mr098_r10_153_uai_GDCC_1e-09_n200_roFalse_s0: Loading data from ../models/synthetic/s123/random_mc2_n6_mid3_d1000_05_mr098_r10_153.csv
2026-02-06 13:16:07,432|INFO|random_mc2_n9_mid3_d1000_05_mr098_r10_163_uai_GDCC_1e-09_n200_roTrue_s0: Arguments: Namespace(method='GDCC_1e-09', numruns='200', seed='0', output='../results/synthetic/s123/', rewrite=True, removeoutliers=True, filepath=['../models/synthetic/s123/random_mc2_n9_mid3_d1000_05_mr098_r10_163.uai'])
2026-02-06 13:16:07,435|INFO|random_mc2_n6_mid3_d1000_05_mr098_r10_104_uai_GDCC_1e-09_n200_roFalse_s0: Arguments: Namespace(method='GDCC_1e-09', numruns='200', seed='0', output='../results/synthetic/s123/', rewrite=True, removeoutliers=False, filepath=['../models/synthetic/s123/random_mc2_n6_mid3_d1000_05_mr098_r10_104.uai'])
2026-02-06 13:16:07,442|INFO|random_mc2_n6_mid3_d1000_05_mr098_r10_42_uai_GDCC_1e-09_n200_roTrue_s0: Arguments: Namespace(method='GDCC_1e-09', numruns='200', seed='0', output='../results/synthetic/s123/', rewrite=True, removeoutliers=True, filepath=['../models/synthetic/s123/random_mc2_n6_mid3_d1000_05_mr098_r10_42.uai'])
2026-02-06 13:16:07,451|INFO|random_mc2_n7_mid3_d1000_05_mr098_r10_36_uai_GDCC_1e-09_n200_roTrue_s0: Arguments: Namespace(method='GDCC_1e-09', numruns='200', seed='0', output='../results/synthetic/s123/', rewrite=True, removeoutliers=True, filepath=['../models/synthetic/s123/random_mc2_n7_mid3_d1000_05_mr098_r10_36.uai'])
2026-02-06 13:16:07,458|INFO|random_mc2_n9_mid3_d1000_05_mr098_r10_162_uai_GDCC_1e-09_n200_roFalse_s0: Arguments: Namespace(method='GDCC_1e-09', numruns='200', seed='0', output='../results/synthetic/s123/', rewrite=True, removeoutliers=False, filepath=['../models/synthetic/s123/random_mc2_n9_mid3_d1000_05_mr098_r10_162.uai'])
2026-02-06 13:16:07,463|INFO|random_mc2_n6_mid3_d1000_05_mr098_r10_38_uai_GDCC_1e-09_n200_roFalse_s0: Arguments: Namespace(method='GDCC_1e-09', numruns='200', seed='0', output='../results/synthetic/s123/', rewrite=True, removeoutliers=False, filepath=['../models/synthetic/s123/random_mc2_n6_mid3_d1000_05_mr098_r10_38.uai'])
2026-02-06 13:16:07,465|INFO|random_mc2_n5_mid3_d1000_05_mr098_r10_124_uai_GDCC_1e-09_n200_roTrue_s0: Arguments: Namespace(method='GDCC_1e-09', numruns='200', seed='0', output='../results/synthetic/s123/', rewrite=True, removeoutliers=True, filepath=['../models/synthetic/s123/random_mc2_n5_mid3_d1000_05_mr098_r10_124.uai'])
2026-02-06 13:16:07,433|INFO|random_mc2_n9_mid3_d1000_05_mr098_r10_163_uai_GDCC_1e-09_n200_roTrue_s0: Loading model from ../models/synthetic/s123/random_mc2_n9_mid3_d1000_05_mr098_r10_163.uai
2026-02-06 13:16:07,460|INFO|random_mc2_n9_mid3_d1000_05_mr098_r10_163_uai_GDCC_1e-09_n200_roTrue_s0: Loading data from ../models/synthetic/s123/random_mc2_n9_mid3_d1000_05_mr098_r10_163.csv
2026-02-06 13:16:07,435|INFO|random_mc2_n6_mid3_d1000_05_mr098_r10_104_uai_GDCC_1e-09_n200_roFalse_s0: Loading model from ../models/synthetic/s123/random_mc2_n6_mid3_d1000_05_mr098_r10_104.uai
2026-02-06 13:16:07,462|INFO|random_mc2_n6_mid3_d1000_05_mr098_r10_104_uai_GDCC_1e-09_n200_roFalse_s0: Loading data from ../models/synthetic/s123/random_mc2_n6_mid3_d1000_05_mr098_r10_104.csv
2026-02-06 13:16:07,476|INFO|random_mc2_n5_mid3_d1000_05_mr098_r10_60_uai_GDCC_1e-09_n200_roTrue_s0: Arguments: Namespace(method='GDCC_1e-09', numruns='200', seed='0', output='../results/synthetic/s123/', rewrite=True, removeoutliers=True, filepath=['../models/synthetic/s123/random_mc2_n5_mid3_d1000_05_mr098_r10_60.uai'])
2026-02-06 13:16:07,442|INFO|random_mc2_n6_mid3_d1000_05_mr098_r10_42_uai_GDCC_1e-09_n200_roTrue_s0: Loading model from ../models/synthetic/s123/random_mc2_n6_mid3_d1000_05_mr098_r10_42.uai
2026-02-06 13:16:07,449|INFO|random_mc2_n6_mid3_d1000_05_mr098_r10_42_uai_GDCC_1e-09_n200_roTrue_s0: Loading data from ../models/synthetic/s123/random_mc2_n6_mid3_d1000_05_mr098_r10_42.csv
2026-02-06 13:16:07,459|INFO|random_mc2_n6_mid3_d1000_05_mr098_r10_42_uai_GDCC_1e-09_n200_roTrue_s0: PNS(V3,V2) exact: (0.2100591484485759, 0.483114152283904)
2026-02-06 13:16:07,452|INFO|random_mc2_n7_mid3_d1000_05_mr098_r10_36_uai_GDCC_1e-09_n200_roTrue_s0: Loading model from ../models/synthetic/s123/random_mc2_n7_mid3_d1000_05_mr098_r10_36.uai
2026-02-06 13:16:07,463|INFO|random_mc2_n7_mid3_d1000_05_mr098_r10_36_uai_GDCC_1e-09_n200_roTrue_s0: Loading data from ../models/synthetic/s123/random_mc2_n7_mid3_d1000_05_mr098_r10_36.csv
2026-02-06 13:16:07,475|INFO|random_mc2_n7_mid3_d1000_05_mr098_r10_36_uai_GDCC_1e-09_n200_roTrue_s0: PNS(V6,V2) exact: (0.0, 0.128261765483479)
2026-02-06 13:16:07,458|INFO|random_mc2_n9_mid3_d1000_05_mr098_r10_162_uai_GDCC_1e-09_n200_roFalse_s0: Loading model from ../models/synthetic/s123/random_mc2_n9_mid3_d1000_05_mr098_r10_162.uai
2026-02-06 13:16:07,463|INFO|random_mc2_n6_mid3_d1000_05_mr098_r10_38_uai_GDCC_1e-09_n200_roFalse_s0: Loading model from ../models/synthetic/s123/random_mc2_n6_mid3_d1000_05_mr098_r10_38.uai
2026-02-06 13:16:07,472|INFO|random_mc2_n6_mid3_d1000_05_mr098_r10_38_uai_GDCC_1e-09_n200_roFalse_s0: Loading data from ../models/synthetic/s123/random_mc2_n6_mid3_d1000_05_mr098_r10_38.csv
2026-02-06 13:16:07,482|INFO|random_mc2_n6_mid3_d1000_05_mr098_r10_38_uai_GDCC_1e-09_n200_roFalse_s0: PNS(V0,V3) exact: (0.0032650838421653, 0.0300094630044194)
2026-02-06 13:16:07,465|INFO|random_mc2_n5_mid3_d1000_05_mr098_r10_124_uai_GDCC_1e-09_n200_roTrue_s0: Loading model from ../models/synthetic/s123/random_mc2_n5_mid3_d1000_05_mr098_r10_124.uai
2026-02-06 13:16:07,479|INFO|random_mc2_n5_mid3_d1000_05_mr098_r10_124_uai_GDCC_1e-09_n200_roTrue_s0: Loading data from ../models/synthetic/s123/random_mc2_n5_mid3_d1000_05_mr098_r10_124.csv
2026-02-06 13:16:07,496|INFO|random_mc2_n5_mid3_d1000_05_mr098_r10_124_uai_GDCC_1e-09_n200_roTrue_s0: PNS(V4,V1) exact: (0.00019924659568, 0.05078698676936)
2026-02-06 13:16:07,476|INFO|random_mc2_n5_mid3_d1000_05_mr098_r10_60_uai_GDCC_1e-09_n200_roTrue_s0: Loading model from ../models/synthetic/s123/random_mc2_n5_mid3_d1000_05_mr098_r10_60.uai
2026-02-06 13:16:07,486|INFO|random_mc2_n5_mid3_d1000_05_mr098_r10_60_uai_GDCC_1e-09_n200_roTrue_s0: Loading data from ../models/synthetic/s123/random_mc2_n5_mid3_d1000_05_mr098_r10_60.csv
2026-02-06 13:16:07,536|INFO|random_mc2_n5_mid3_d1000_05_mr098_r10_29_uai_GDCC_1e-09_n200_roTrue_s0: Arguments: Namespace(method='GDCC_1e-09', numruns='200', seed='0', output='../results/synthetic/s123/', rewrite=True, removeoutliers=True, filepath=['../models/synthetic/s123/random_mc2_n5_mid3_d1000_05_mr098_r10_29.uai'])
2026-02-06 13:16:07,536|INFO|random_mc2_n5_mid3_d1000_05_mr098_r10_29_uai_GDCC_1e-09_n200_roTrue_s0: Loading model from ../models/synthetic/s123/random_mc2_n5_mid3_d1000_05_mr098_r10_29.uai
2026-02-06 13:16:07,545|INFO|random_mc2_n5_mid3_d1000_05_mr098_r10_29_uai_GDCC_1e-09_n200_roTrue_s0: Loading data from ../models/synthetic/s123/random_mc2_n5_mid3_d1000_05_mr098_r10_29.csv
2026-02-06 13:16:07,585|INFO|random_mc2_n5_mid3_d1000_05_mr098_r10_162_uai_GDCC_1e-09_n200_roTrue_s0: Arguments: Namespace(method='GDCC_1e-09', numruns='200', seed='0', output='../results/synthetic/s123/', rewrite=True, removeoutliers=True, filepath=['../models/synthetic/s123/random_mc2_n5_mid3_d1000_05_mr098_r10_162.uai'])
2026-02-06 13:16:07,585|INFO|random_mc2_n5_mid3_d1000_05_mr098_r10_162_uai_GDCC_1e-09_n200_roTrue_s0: Loading model from ../models/synthetic/s123/random_mc2_n5_mid3_d1000_05_mr098_r10_162.uai
2026-02-06 13:16:07,591|INFO|random_mc2_n5_mid3_d1000_05_mr098_r10_162_uai_GDCC_1e-09_n200_roTrue_s0: Loading data from ../models/synthetic/s123/random_mc2_n5_mid3_d1000_05_mr098_r10_162.csv
2026-02-06 13:16:07,600|INFO|random_mc2_n5_mid3_d1000_05_mr098_r10_162_uai_GDCC_1e-09_n200_roTrue_s0: PNS(V3,V1) exact: (0.02702942159625, 0.05577743562975)
2026-02-06 13:16:07,844|INFO|random_mc2_n5_mid3_d1000_05_mr098_r10_51_uai_GDCC_1e-09_n200_roTrue_s0: Arguments: Namespace(method='GDCC_1e-09', numruns='200', seed='0', output='../results/synthetic/s123/', rewrite=True, removeoutliers=True, filepath=['../models/synthetic/s123/random_mc2_n5_mid3_d1000_05_mr098_r10_51.uai'])
2026-02-06 13:16:07,868|INFO|random_mc2_n7_mid3_d1000_05_mr098_r10_98_uai_GDCC_1e-09_n200_roFalse_s0: Arguments: Namespace(method='GDCC_1e-09', numruns='200', seed='0', output='../results/synthetic/s123/', rewrite=True, removeoutliers=False, filepath=['../models/synthetic/s123/random_mc2_n7_mid3_d1000_05_mr098_r10_98.uai'])
2026-02-06 13:16:07,844|INFO|random_mc2_n5_mid3_d1000_05_mr098_r10_51_uai_GDCC_1e-09_n200_roTrue_s0: Loading model from ../models/synthetic/s123/random_mc2_n5_mid3_d1000_05_mr098_r10_51.uai
2026-02-06 13:16:07,848|INFO|random_mc2_n5_mid3_d1000_05_mr098_r10_51_uai_GDCC_1e-09_n200_roTrue_s0: Loading data from ../models/synthetic/s123/random_mc2_n5_mid3_d1000_05_mr098_r10_51.csv
2026-02-06 13:16:07,858|INFO|random_mc2_n5_mid3_d1000_05_mr098_r10_51_uai_GDCC_1e-09_n200_roTrue_s0: PNS(V2,V4) exact: (0.0, 0.17763)
2026-02-06 13:16:07,900|INFO|random_mc2_n9_mid3_d1000_05_mr098_r10_162_uai_GDCC_1e-09_n200_roFalse_s0: Loading data from ../models/synthetic/s123/random_mc2_n9_mid3_d1000_05_mr098_r10_162.csv
2026-02-06 13:16:07,869|INFO|random_mc2_n7_mid3_d1000_05_mr098_r10_98_uai_GDCC_1e-09_n200_roFalse_s0: Loading model from ../models/synthetic/s123/random_mc2_n7_mid3_d1000_05_mr098_r10_98.uai
2026-02-06 13:16:07,878|INFO|random_mc2_n7_mid3_d1000_05_mr098_r10_98_uai_GDCC_1e-09_n200_roFalse_s0: Loading data from ../models/synthetic/s123/random_mc2_n7_mid3_d1000_05_mr098_r10_98.csv
2026-02-06 13:16:08,268|INFO|random_mc2_n9_mid3_d1000_05_mr098_r10_27_uai_GDCC_1e-09_n200_roTrue_s0: Arguments: Namespace(method='GDCC_1e-09', numruns='200', seed='0', output='../results/synthetic/s123/', rewrite=True, removeoutliers=True, filepath=['../models/synthetic/s123/random_mc2_n9_mid3_d1000_05_mr098_r10_27.uai'])
2026-02-06 13:16:08,269|INFO|random_mc2_n9_mid3_d1000_05_mr098_r10_27_uai_GDCC_1e-09_n200_roTrue_s0: Loading model from ../models/synthetic/s123/random_mc2_n9_mid3_d1000_05_mr098_r10_27.uai
2026-02-06 13:16:08,292|INFO|random_mc2_n9_mid3_d1000_05_mr098_r10_27_uai_GDCC_1e-09_n200_roTrue_s0: Loading data from ../models/synthetic/s123/random_mc2_n9_mid3_d1000_05_mr098_r10_27.csv
2026-02-06 13:16:08,326|INFO|random_mc2_n5_mid3_d1000_05_mr098_r10_89_uai_GDCC_1e-09_n200_roTrue_s0: Arguments: Namespace(method='GDCC_1e-09', numruns='200', seed='0', output='../results/synthetic/s123/', rewrite=True, removeoutliers=True, filepath=['../models/synthetic/s123/random_mc2_n5_mid3_d1000_05_mr098_r10_89.uai'])
2026-02-06 13:16:08,327|INFO|random_mc2_n5_mid3_d1000_05_mr098_r10_89_uai_GDCC_1e-09_n200_roTrue_s0: Loading model from ../models/synthetic/s123/random_mc2_n5_mid3_d1000_05_mr098_r10_89.uai
2026-02-06 13:16:08,332|INFO|random_mc2_n5_mid3_d1000_05_mr098_r10_89_uai_GDCC_1e-09_n200_roTrue_s0: Loading data from ../models/synthetic/s123/random_mc2_n5_mid3_d1000_05_mr098_r10_89.csv
2026-02-06 13:16:08,342|INFO|random_mc2_n5_mid3_d1000_05_mr098_r10_89_uai_GDCC_1e-09_n200_roTrue_s0: PNS(V1,V3) exact: (0.0, 0.1946041664)
2026-02-06 13:16:08,368|INFO|random_mc2_n6_mid3_d1000_05_mr098_r10_36_uai_GDCC_1e-09_n200_roFalse_s0: Arguments: Namespace(method='GDCC_1e-09', numruns='200', seed='0', output='../results/synthetic/s123/', rewrite=True, removeoutliers=False, filepath=['../models/synthetic/s123/random_mc2_n6_mid3_d1000_05_mr098_r10_36.uai'])
2026-02-06 13:16:08,376|INFO|random_mc2_n5_mid3_d1000_05_mr098_r10_39_uai_GDCC_1e-09_n200_roTrue_s0: Arguments: Namespace(method='GDCC_1e-09', numruns='200', seed='0', output='../results/synthetic/s123/', rewrite=True, removeoutliers=True, filepath=['../models/synthetic/s123/random_mc2_n5_mid3_d1000_05_mr098_r10_39.uai'])
2026-02-06 13:16:08,396|INFO|random_mc2_n5_mid3_d1000_05_mr098_r10_126_uai_GDCC_1e-09_n200_roFalse_s0: Arguments: Namespace(method='GDCC_1e-09', numruns='200', seed='0', output='../results/synthetic/s123/', rewrite=True, removeoutliers=False, filepath=['../models/synthetic/s123/random_mc2_n5_mid3_d1000_05_mr098_r10_126.uai'])
2026-02-06 13:16:08,368|INFO|random_mc2_n6_mid3_d1000_05_mr098_r10_36_uai_GDCC_1e-09_n200_roFalse_s0: Loading model from ../models/synthetic/s123/random_mc2_n6_mid3_d1000_05_mr098_r10_36.uai
2026-02-06 13:16:08,379|INFO|random_mc2_n6_mid3_d1000_05_mr098_r10_36_uai_GDCC_1e-09_n200_roFalse_s0: Loading data from ../models/synthetic/s123/random_mc2_n6_mid3_d1000_05_mr098_r10_36.csv
2026-02-06 13:16:08,388|INFO|random_mc2_n6_mid3_d1000_05_mr098_r10_36_uai_GDCC_1e-09_n200_roFalse_s0: PNS(V1,V4) exact: (0.0029094796518842, 0.0163840107745321)
2026-02-06 13:16:08,377|INFO|random_mc2_n5_mid3_d1000_05_mr098_r10_39_uai_GDCC_1e-09_n200_roTrue_s0: Loading model from ../models/synthetic/s123/random_mc2_n5_mid3_d1000_05_mr098_r10_39.uai
2026-02-06 13:16:08,385|INFO|random_mc2_n5_mid3_d1000_05_mr098_r10_39_uai_GDCC_1e-09_n200_roTrue_s0: Loading data from ../models/synthetic/s123/random_mc2_n5_mid3_d1000_05_mr098_r10_39.csv
2026-02-06 13:16:08,394|INFO|random_mc2_n5_mid3_d1000_05_mr098_r10_39_uai_GDCC_1e-09_n200_roTrue_s0: PNS(V1,V4) exact: (0.0280539, 0.03752366)
2026-02-06 13:16:08,397|INFO|random_mc2_n5_mid3_d1000_05_mr098_r10_126_uai_GDCC_1e-09_n200_roFalse_s0: Loading model from ../models/synthetic/s123/random_mc2_n5_mid3_d1000_05_mr098_r10_126.uai
2026-02-06 13:16:08,406|INFO|random_mc2_n5_mid3_d1000_05_mr098_r10_126_uai_GDCC_1e-09_n200_roFalse_s0: Loading data from ../models/synthetic/s123/random_mc2_n5_mid3_d1000_05_mr098_r10_126.csv
2026-02-06 13:16:08,414|INFO|random_mc2_n5_mid3_d1000_05_mr098_r10_126_uai_GDCC_1e-09_n200_roFalse_s0: PNS(V4,V0) exact: (0.425783788558646, 0.655405962193344)
2026-02-06 13:16:08,454|INFO|random_mc2_n5_mid3_d1000_05_mr098_r10_177_uai_GDCC_1e-09_n200_roFalse_s0: Arguments: Namespace(method='GDCC_1e-09', numruns='200', seed='0', output='../results/synthetic/s123/', rewrite=True, removeoutliers=False, filepath=['../models/synthetic/s123/random_mc2_n5_mid3_d1000_05_mr098_r10_177.uai'])
2026-02-06 13:16:08,455|INFO|random_mc2_n5_mid3_d1000_05_mr098_r10_177_uai_GDCC_1e-09_n200_roFalse_s0: Loading model from ../models/synthetic/s123/random_mc2_n5_mid3_d1000_05_mr098_r10_177.uai
2026-02-06 13:16:08,464|INFO|random_mc2_n5_mid3_d1000_05_mr098_r10_177_uai_GDCC_1e-09_n200_roFalse_s0: Loading data from ../models/synthetic/s123/random_mc2_n5_mid3_d1000_05_mr098_r10_177.csv
2026-02-06 13:16:08,473|INFO|random_mc2_n5_mid3_d1000_05_mr098_r10_177_uai_GDCC_1e-09_n200_roFalse_s0: PNS(V3,V1) exact: (0.00095494328811, 0.305507837236473)
2026-02-06 13:16:13,047|INFO|random_mc2_n6_mid3_d1000_05_mr098_r10_108_uai_GDCC_1e-09_n200_roFalse_s0: Arguments: Namespace(method='GDCC_1e-09', numruns='200', seed='0', output='../results/synthetic/s123/', rewrite=True, removeoutliers=False, filepath=['../models/synthetic/s123/random_mc2_n6_mid3_d1000_05_mr098_r10_108.uai'])
2026-02-06 13:16:13,047|INFO|random_mc2_n6_mid3_d1000_05_mr098_r10_108_uai_GDCC_1e-09_n200_roFalse_s0: Loading model from ../models/synthetic/s123/random_mc2_n6_mid3_d1000_05_mr098_r10_108.uai
2026-02-06 13:16:13,057|INFO|random_mc2_n6_mid3_d1000_05_mr098_r10_108_uai_GDCC_1e-09_n200_roFalse_s0: Loading data from ../models/synthetic/s123/random_mc2_n6_mid3_d1000_05_mr098_r10_108.csv
2026-02-06 13:16:14,230|INFO|random_mc2_n7_mid3_d1000_05_mr098_r10_155_uai_GDCC_1e-09_n200_roTrue_s0: Arguments: Namespace(method='GDCC_1e-09', numruns='200', seed='0', output='../results/synthetic/s123/', rewrite=True, removeoutliers=True, filepath=['../models/synthetic/s123/random_mc2_n7_mid3_d1000_05_mr098_r10_155.uai'])
2026-02-06 13:16:14,230|INFO|random_mc2_n7_mid3_d1000_05_mr098_r10_155_uai_GDCC_1e-09_n200_roTrue_s0: Loading model from ../models/synthetic/s123/random_mc2_n7_mid3_d1000_05_mr098_r10_155.uai
2026-02-06 13:16:14,243|INFO|random_mc2_n7_mid3_d1000_05_mr098_r10_155_uai_GDCC_1e-09_n200_roTrue_s0: Loading data from ../models/synthetic/s123/random_mc2_n7_mid3_d1000_05_mr098_r10_155.csv
2026-02-06 13:16:16,309|INFO|random_mc2_n9_mid3_d1000_05_mr098_r10_29_uai_GDCC_1e-09_n200_roFalse_s0: Arguments: Namespace(method='GDCC_1e-09', numruns='200', seed='0', output='../results/synthetic/s123/', rewrite=True, removeoutliers=False, filepath=['../models/synthetic/s123/random_mc2_n9_mid3_d1000_05_mr098_r10_29.uai'])
2026-02-06 13:16:16,314|INFO|random_mc2_n5_mid3_d1000_05_mr098_r10_42_uai_GDCC_1e-09_n200_roTrue_s0: Arguments: Namespace(method='GDCC_1e-09', numruns='200', seed='0', output='../results/synthetic/s123/', rewrite=True, removeoutliers=True, filepath=['../models/synthetic/s123/random_mc2_n5_mid3_d1000_05_mr098_r10_42.uai'])
2026-02-06 13:16:16,309|INFO|random_mc2_n9_mid3_d1000_05_mr098_r10_29_uai_GDCC_1e-09_n200_roFalse_s0: Loading model from ../models/synthetic/s123/random_mc2_n9_mid3_d1000_05_mr098_r10_29.uai
2026-02-06 13:16:16,330|INFO|random_mc2_n9_mid3_d1000_05_mr098_r10_29_uai_GDCC_1e-09_n200_roFalse_s0: Loading data from ../models/synthetic/s123/random_mc2_n9_mid3_d1000_05_mr098_r10_29.csv
2026-02-06 13:16:16,314|INFO|random_mc2_n5_mid3_d1000_05_mr098_r10_42_uai_GDCC_1e-09_n200_roTrue_s0: Loading model from ../models/synthetic/s123/random_mc2_n5_mid3_d1000_05_mr098_r10_42.uai
2026-02-06 13:16:16,336|INFO|random_mc2_n5_mid3_d1000_05_mr098_r10_42_uai_GDCC_1e-09_n200_roTrue_s0: Loading data from ../models/synthetic/s123/random_mc2_n5_mid3_d1000_05_mr098_r10_42.csv
2026-02-06 13:16:16,356|INFO|random_mc2_n8_mid3_d1000_05_mr098_r10_35_uai_GDCC_1e-09_n200_roFalse_s0: Arguments: Namespace(method='GDCC_1e-09', numruns='200', seed='0', output='../results/synthetic/s123/', rewrite=True, removeoutliers=False, filepath=['../models/synthetic/s123/random_mc2_n8_mid3_d1000_05_mr098_r10_35.uai'])
2026-02-06 13:16:16,357|INFO|random_mc2_n8_mid3_d1000_05_mr098_r10_35_uai_GDCC_1e-09_n200_roFalse_s0: Loading model from ../models/synthetic/s123/random_mc2_n8_mid3_d1000_05_mr098_r10_35.uai
2026-02-06 13:16:16,580|INFO|random_mc2_n8_mid3_d1000_05_mr098_r10_35_uai_GDCC_1e-09_n200_roFalse_s0: Loading data from ../models/synthetic/s123/random_mc2_n8_mid3_d1000_05_mr098_r10_35.csv
2026-02-06 13:16:20,958|INFO|random_mc2_n7_mid3_d1000_05_mr098_r10_153_uai_GDCC_1e-09_n200_roTrue_s0: Arguments: Namespace(method='GDCC_1e-09', numruns='200', seed='0', output='../results/synthetic/s123/', rewrite=True, removeoutliers=True, filepath=['../models/synthetic/s123/random_mc2_n7_mid3_d1000_05_mr098_r10_153.uai'])
2026-02-06 13:16:20,962|INFO|random_mc2_n8_mid3_d1000_05_mr098_r10_174_uai_GDCC_1e-09_n200_roTrue_s0: Arguments: Namespace(method='GDCC_1e-09', numruns='200', seed='0', output='../results/synthetic/s123/', rewrite=True, removeoutliers=True, filepath=['../models/synthetic/s123/random_mc2_n8_mid3_d1000_05_mr098_r10_174.uai'])
2026-02-06 13:16:20,972|INFO|random_mc2_n5_mid3_d1000_05_mr098_r10_168_uai_GDCC_1e-09_n200_roTrue_s0: Arguments: Namespace(method='GDCC_1e-09', numruns='200', seed='0', output='../results/synthetic/s123/', rewrite=True, removeoutliers=True, filepath=['../models/synthetic/s123/random_mc2_n5_mid3_d1000_05_mr098_r10_168.uai'])
2026-02-06 13:16:20,979|INFO|random_mc2_n5_mid3_d1000_05_mr098_r10_167_uai_GDCC_1e-09_n200_roFalse_s0: Arguments: Namespace(method='GDCC_1e-09', numruns='200', seed='0', output='../results/synthetic/s123/', rewrite=True, removeoutliers=False, filepath=['../models/synthetic/s123/random_mc2_n5_mid3_d1000_05_mr098_r10_167.uai'])
2026-02-06 13:16:20,958|INFO|random_mc2_n7_mid3_d1000_05_mr098_r10_153_uai_GDCC_1e-09_n200_roTrue_s0: Loading model from ../models/synthetic/s123/random_mc2_n7_mid3_d1000_05_mr098_r10_153.uai
2026-02-06 13:16:20,971|INFO|random_mc2_n7_mid3_d1000_05_mr098_r10_153_uai_GDCC_1e-09_n200_roTrue_s0: Loading data from ../models/synthetic/s123/random_mc2_n7_mid3_d1000_05_mr098_r10_153.csv
2026-02-06 13:16:20,962|INFO|random_mc2_n8_mid3_d1000_05_mr098_r10_174_uai_GDCC_1e-09_n200_roTrue_s0: Loading model from ../models/synthetic/s123/random_mc2_n8_mid3_d1000_05_mr098_r10_174.uai
2026-02-06 13:16:20,973|INFO|random_mc2_n5_mid3_d1000_05_mr098_r10_168_uai_GDCC_1e-09_n200_roTrue_s0: Loading model from ../models/synthetic/s123/random_mc2_n5_mid3_d1000_05_mr098_r10_168.uai
2026-02-06 13:16:20,979|INFO|random_mc2_n5_mid3_d1000_05_mr098_r10_168_uai_GDCC_1e-09_n200_roTrue_s0: Loading data from ../models/synthetic/s123/random_mc2_n5_mid3_d1000_05_mr098_r10_168.csv
2026-02-06 13:16:20,980|INFO|random_mc2_n5_mid3_d1000_05_mr098_r10_167_uai_GDCC_1e-09_n200_roFalse_s0: Loading model from ../models/synthetic/s123/random_mc2_n5_mid3_d1000_05_mr098_r10_167.uai
2026-02-06 13:16:20,989|INFO|random_mc2_n5_mid3_d1000_05_mr098_r10_167_uai_GDCC_1e-09_n200_roFalse_s0: Loading data from ../models/synthetic/s123/random_mc2_n5_mid3_d1000_05_mr098_r10_167.csv
2026-02-06 13:16:21,000|INFO|random_mc2_n5_mid3_d1000_05_mr098_r10_167_uai_GDCC_1e-09_n200_roFalse_s0: PNS(V4,V0) exact: (0.2132341014888, 0.2977026872446)
2026-02-06 13:16:21,266|INFO|random_mc2_n8_mid3_d1000_05_mr098_r10_174_uai_GDCC_1e-09_n200_roTrue_s0: Loading data from ../models/synthetic/s123/random_mc2_n8_mid3_d1000_05_mr098_r10_174.csv
2026-02-06 13:16:21,615|INFO|random_mc2_n5_mid3_d1000_05_mr098_r10_77_uai_GDCC_1e-09_n200_roFalse_s0: Arguments: Namespace(method='GDCC_1e-09', numruns='200', seed='0', output='../results/synthetic/s123/', rewrite=True, removeoutliers=False, filepath=['../models/synthetic/s123/random_mc2_n5_mid3_d1000_05_mr098_r10_77.uai'])
2026-02-06 13:16:21,615|INFO|random_mc2_n5_mid3_d1000_05_mr098_r10_77_uai_GDCC_1e-09_n200_roFalse_s0: Loading model from ../models/synthetic/s123/random_mc2_n5_mid3_d1000_05_mr098_r10_77.uai
2026-02-06 13:16:21,620|INFO|random_mc2_n5_mid3_d1000_05_mr098_r10_77_uai_GDCC_1e-09_n200_roFalse_s0: Loading data from ../models/synthetic/s123/random_mc2_n5_mid3_d1000_05_mr098_r10_77.csv
2026-02-06 13:16:21,628|INFO|random_mc2_n5_mid3_d1000_05_mr098_r10_77_uai_GDCC_1e-09_n200_roFalse_s0: PNS(V0,V4) exact: (0.0008196438446000002, 0.0193377889897999)
2026-02-06 13:16:21,795|INFO|random_mc2_n5_mid3_d1000_05_mr098_r10_183_uai_GDCC_1e-09_n200_roTrue_s0: Arguments: Namespace(method='GDCC_1e-09', numruns='200', seed='0', output='../results/synthetic/s123/', rewrite=True, removeoutliers=True, filepath=['../models/synthetic/s123/random_mc2_n5_mid3_d1000_05_mr098_r10_183.uai'])
2026-02-06 13:16:21,825|INFO|random_mc2_n7_mid3_d1000_05_mr098_r10_199_uai_GDCC_1e-09_n200_roFalse_s0: Arguments: Namespace(method='GDCC_1e-09', numruns='200', seed='0', output='../results/synthetic/s123/', rewrite=True, removeoutliers=False, filepath=['../models/synthetic/s123/random_mc2_n7_mid3_d1000_05_mr098_r10_199.uai'])
2026-02-06 13:16:21,795|INFO|random_mc2_n5_mid3_d1000_05_mr098_r10_183_uai_GDCC_1e-09_n200_roTrue_s0: Loading model from ../models/synthetic/s123/random_mc2_n5_mid3_d1000_05_mr098_r10_183.uai
2026-02-06 13:16:21,806|INFO|random_mc2_n5_mid3_d1000_05_mr098_r10_183_uai_GDCC_1e-09_n200_roTrue_s0: Loading data from ../models/synthetic/s123/random_mc2_n5_mid3_d1000_05_mr098_r10_183.csv
2026-02-06 13:16:21,816|INFO|random_mc2_n5_mid3_d1000_05_mr098_r10_183_uai_GDCC_1e-09_n200_roTrue_s0: PNS(V0,V4) exact: (0.346001198451296, 0.346001198451296)
2026-02-06 13:16:21,825|INFO|random_mc2_n7_mid3_d1000_05_mr098_r10_199_uai_GDCC_1e-09_n200_roFalse_s0: Loading model from ../models/synthetic/s123/random_mc2_n7_mid3_d1000_05_mr098_r10_199.uai
2026-02-06 13:16:21,832|INFO|random_mc2_n7_mid3_d1000_05_mr098_r10_199_uai_GDCC_1e-09_n200_roFalse_s0: Loading data from ../models/synthetic/s123/random_mc2_n7_mid3_d1000_05_mr098_r10_199.csv
2026-02-06 13:16:21,842|INFO|random_mc2_n7_mid3_d1000_05_mr098_r10_199_uai_GDCC_1e-09_n200_roFalse_s0: PNS(V2,V0) exact: (0.00178489968384, 0.013822421418624)
2026-02-06 13:16:21,970|INFO|random_mc2_n6_mid3_d1000_05_mr098_r10_164_uai_GDCC_1e-09_n200_roTrue_s0: Arguments: Namespace(method='GDCC_1e-09', numruns='200', seed='0', output='../results/synthetic/s123/', rewrite=True, removeoutliers=True, filepath=['../models/synthetic/s123/random_mc2_n6_mid3_d1000_05_mr098_r10_164.uai'])
2026-02-06 13:16:21,991|INFO|random_mc2_n5_mid3_d1000_05_mr098_r10_100_uai_GDCC_1e-09_n200_roTrue_s0: Arguments: Namespace(method='GDCC_1e-09', numruns='200', seed='0', output='../results/synthetic/s123/', rewrite=True, removeoutliers=True, filepath=['../models/synthetic/s123/random_mc2_n5_mid3_d1000_05_mr098_r10_100.uai'])
2026-02-06 13:16:21,971|INFO|random_mc2_n6_mid3_d1000_05_mr098_r10_164_uai_GDCC_1e-09_n200_roTrue_s0: Loading model from ../models/synthetic/s123/random_mc2_n6_mid3_d1000_05_mr098_r10_164.uai
2026-02-06 13:16:21,978|INFO|random_mc2_n6_mid3_d1000_05_mr098_r10_164_uai_GDCC_1e-09_n200_roTrue_s0: Loading data from ../models/synthetic/s123/random_mc2_n6_mid3_d1000_05_mr098_r10_164.csv
2026-02-06 13:16:21,989|INFO|random_mc2_n6_mid3_d1000_05_mr098_r10_164_uai_GDCC_1e-09_n200_roTrue_s0: PNS(V4,V3) exact: (0.19591, 0.25606)
2026-02-06 13:16:21,992|INFO|random_mc2_n5_mid3_d1000_05_mr098_r10_100_uai_GDCC_1e-09_n200_roTrue_s0: Loading model from ../models/synthetic/s123/random_mc2_n5_mid3_d1000_05_mr098_r10_100.uai
2026-02-06 13:16:22,001|INFO|random_mc2_n5_mid3_d1000_05_mr098_r10_100_uai_GDCC_1e-09_n200_roTrue_s0: Loading data from ../models/synthetic/s123/random_mc2_n5_mid3_d1000_05_mr098_r10_100.csv
2026-02-06 13:16:22,086|INFO|random_mc2_n9_mid3_d1000_05_mr098_r10_11_uai_GDCC_1e-09_n200_roTrue_s0: Arguments: Namespace(method='GDCC_1e-09', numruns='200', seed='0', output='../results/synthetic/s123/', rewrite=True, removeoutliers=True, filepath=['../models/synthetic/s123/random_mc2_n9_mid3_d1000_05_mr098_r10_11.uai'])
2026-02-06 13:16:22,087|INFO|random_mc2_n9_mid3_d1000_05_mr098_r10_11_uai_GDCC_1e-09_n200_roTrue_s0: Loading model from ../models/synthetic/s123/random_mc2_n9_mid3_d1000_05_mr098_r10_11.uai
2026-02-06 13:16:22,112|INFO|random_mc2_n9_mid3_d1000_05_mr098_r10_11_uai_GDCC_1e-09_n200_roTrue_s0: Loading data from ../models/synthetic/s123/random_mc2_n9_mid3_d1000_05_mr098_r10_11.csv
2026-02-06 13:16:22,148|INFO|random_mc2_n5_mid3_d1000_05_mr098_r10_10_uai_GDCC_1e-09_n200_roTrue_s0: Arguments: Namespace(method='GDCC_1e-09', numruns='200', seed='0', output='../results/synthetic/s123/', rewrite=True, removeoutliers=True, filepath=['../models/synthetic/s123/random_mc2_n5_mid3_d1000_05_mr098_r10_10.uai'])
2026-02-06 13:16:22,187|INFO|random_mc2_n5_mid3_d1000_05_mr098_r10_164_uai_GDCC_1e-09_n200_roFalse_s0: Arguments: Namespace(method='GDCC_1e-09', numruns='200', seed='0', output='../results/synthetic/s123/', rewrite=True, removeoutliers=False, filepath=['../models/synthetic/s123/random_mc2_n5_mid3_d1000_05_mr098_r10_164.uai'])
2026-02-06 13:16:22,148|INFO|random_mc2_n5_mid3_d1000_05_mr098_r10_10_uai_GDCC_1e-09_n200_roTrue_s0: Loading model from ../models/synthetic/s123/random_mc2_n5_mid3_d1000_05_mr098_r10_10.uai
2026-02-06 13:16:22,157|INFO|random_mc2_n5_mid3_d1000_05_mr098_r10_10_uai_GDCC_1e-09_n200_roTrue_s0: Loading data from ../models/synthetic/s123/random_mc2_n5_mid3_d1000_05_mr098_r10_10.csv
2026-02-06 13:16:22,204|INFO|random_mc2_n7_mid3_d1000_05_mr098_r10_51_uai_GDCC_1e-09_n200_roFalse_s0: Arguments: Namespace(method='GDCC_1e-09', numruns='200', seed='0', output='../results/synthetic/s123/', rewrite=True, removeoutliers=False, filepath=['../models/synthetic/s123/random_mc2_n7_mid3_d1000_05_mr098_r10_51.uai'])
2026-02-06 13:16:22,187|INFO|random_mc2_n5_mid3_d1000_05_mr098_r10_164_uai_GDCC_1e-09_n200_roFalse_s0: Loading model from ../models/synthetic/s123/random_mc2_n5_mid3_d1000_05_mr098_r10_164.uai
2026-02-06 13:16:22,193|INFO|random_mc2_n5_mid3_d1000_05_mr098_r10_164_uai_GDCC_1e-09_n200_roFalse_s0: Loading data from ../models/synthetic/s123/random_mc2_n5_mid3_d1000_05_mr098_r10_164.csv
2026-02-06 13:16:22,232|INFO|random_mc2_n6_mid3_d1000_05_mr098_r10_150_uai_GDCC_1e-09_n200_roTrue_s0: Arguments: Namespace(method='GDCC_1e-09', numruns='200', seed='0', output='../results/synthetic/s123/', rewrite=True, removeoutliers=True, filepath=['../models/synthetic/s123/random_mc2_n6_mid3_d1000_05_mr098_r10_150.uai'])
2026-02-06 13:16:22,236|INFO|random_mc2_n5_mid3_d1000_05_mr098_r10_46_uai_GDCC_1e-09_n200_roFalse_s0: Arguments: Namespace(method='GDCC_1e-09', numruns='200', seed='0', output='../results/synthetic/s123/', rewrite=True, removeoutliers=False, filepath=['../models/synthetic/s123/random_mc2_n5_mid3_d1000_05_mr098_r10_46.uai'])
2026-02-06 13:16:22,237|INFO|random_mc2_n6_mid3_d1000_05_mr098_r10_91_uai_GDCC_1e-09_n200_roTrue_s0: Arguments: Namespace(method='GDCC_1e-09', numruns='200', seed='0', output='../results/synthetic/s123/', rewrite=True, removeoutliers=True, filepath=['../models/synthetic/s123/random_mc2_n6_mid3_d1000_05_mr098_r10_91.uai'])
2026-02-06 13:16:22,243|INFO|random_mc2_n6_mid3_d1000_05_mr098_r10_167_uai_GDCC_1e-09_n200_roTrue_s0: Arguments: Namespace(method='GDCC_1e-09', numruns='200', seed='0', output='../results/synthetic/s123/', rewrite=True, removeoutliers=True, filepath=['../models/synthetic/s123/random_mc2_n6_mid3_d1000_05_mr098_r10_167.uai'])
2026-02-06 13:16:22,204|INFO|random_mc2_n7_mid3_d1000_05_mr098_r10_51_uai_GDCC_1e-09_n200_roFalse_s0: Loading model from ../models/synthetic/s123/random_mc2_n7_mid3_d1000_05_mr098_r10_51.uai
2026-02-06 13:16:22,220|INFO|random_mc2_n7_mid3_d1000_05_mr098_r10_51_uai_GDCC_1e-09_n200_roFalse_s0: Loading data from ../models/synthetic/s123/random_mc2_n7_mid3_d1000_05_mr098_r10_51.csv
2026-02-06 13:16:22,232|INFO|random_mc2_n6_mid3_d1000_05_mr098_r10_150_uai_GDCC_1e-09_n200_roTrue_s0: Loading model from ../models/synthetic/s123/random_mc2_n6_mid3_d1000_05_mr098_r10_150.uai
2026-02-06 13:16:22,251|INFO|random_mc2_n6_mid3_d1000_05_mr098_r10_150_uai_GDCC_1e-09_n200_roTrue_s0: Loading data from ../models/synthetic/s123/random_mc2_n6_mid3_d1000_05_mr098_r10_150.csv
2026-02-06 13:16:22,274|INFO|random_mc2_n6_mid3_d1000_05_mr098_r10_110_uai_GDCC_1e-09_n200_roTrue_s0: Arguments: Namespace(method='GDCC_1e-09', numruns='200', seed='0', output='../results/synthetic/s123/', rewrite=True, removeoutliers=True, filepath=['../models/synthetic/s123/random_mc2_n6_mid3_d1000_05_mr098_r10_110.uai'])
2026-02-06 13:16:22,236|INFO|random_mc2_n5_mid3_d1000_05_mr098_r10_46_uai_GDCC_1e-09_n200_roFalse_s0: Loading model from ../models/synthetic/s123/random_mc2_n5_mid3_d1000_05_mr098_r10_46.uai
2026-02-06 13:16:22,245|INFO|random_mc2_n5_mid3_d1000_05_mr098_r10_46_uai_GDCC_1e-09_n200_roFalse_s0: Loading data from ../models/synthetic/s123/random_mc2_n5_mid3_d1000_05_mr098_r10_46.csv
2026-02-06 13:16:22,255|INFO|random_mc2_n5_mid3_d1000_05_mr098_r10_46_uai_GDCC_1e-09_n200_roFalse_s0: PNS(V0,V4) exact: (0.6100050528559042, 0.6100050528559042)
2026-02-06 13:16:22,237|INFO|random_mc2_n6_mid3_d1000_05_mr098_r10_91_uai_GDCC_1e-09_n200_roTrue_s0: Loading model from ../models/synthetic/s123/random_mc2_n6_mid3_d1000_05_mr098_r10_91.uai
2026-02-06 13:16:22,247|INFO|random_mc2_n6_mid3_d1000_05_mr098_r10_91_uai_GDCC_1e-09_n200_roTrue_s0: Loading data from ../models/synthetic/s123/random_mc2_n6_mid3_d1000_05_mr098_r10_91.csv
2026-02-06 13:16:22,258|INFO|random_mc2_n6_mid3_d1000_05_mr098_r10_91_uai_GDCC_1e-09_n200_roTrue_s0: PNS(V0,V4) exact: (0.0014168071017796, 0.103549899791906)
2026-02-06 13:16:22,279|INFO|random_mc2_n6_mid3_d1000_05_mr098_r10_121_uai_GDCC_1e-09_n200_roFalse_s0: Arguments: Namespace(method='GDCC_1e-09', numruns='200', seed='0', output='../results/synthetic/s123/', rewrite=True, removeoutliers=False, filepath=['../models/synthetic/s123/random_mc2_n6_mid3_d1000_05_mr098_r10_121.uai'])
2026-02-06 13:16:22,280|INFO|random_mc2_n9_mid3_d1000_05_mr098_r10_116_uai_GDCC_1e-09_n200_roFalse_s0: Arguments: Namespace(method='GDCC_1e-09', numruns='200', seed='0', output='../results/synthetic/s123/', rewrite=True, removeoutliers=False, filepath=['../models/synthetic/s123/random_mc2_n9_mid3_d1000_05_mr098_r10_116.uai'])
2026-02-06 13:16:22,243|INFO|random_mc2_n6_mid3_d1000_05_mr098_r10_167_uai_GDCC_1e-09_n200_roTrue_s0: Loading model from ../models/synthetic/s123/random_mc2_n6_mid3_d1000_05_mr098_r10_167.uai
2026-02-06 13:16:22,254|INFO|random_mc2_n6_mid3_d1000_05_mr098_r10_167_uai_GDCC_1e-09_n200_roTrue_s0: Loading data from ../models/synthetic/s123/random_mc2_n6_mid3_d1000_05_mr098_r10_167.csv
2026-02-06 13:16:22,265|INFO|random_mc2_n6_mid3_d1000_05_mr098_r10_167_uai_GDCC_1e-09_n200_roTrue_s0: PNS(V2,V1) exact: (0.0056271242, 0.1343609088)
2026-02-06 13:16:22,285|INFO|random_mc2_n6_mid3_d1000_05_mr098_r10_181_uai_GDCC_1e-09_n200_roFalse_s0: Arguments: Namespace(method='GDCC_1e-09', numruns='200', seed='0', output='../results/synthetic/s123/', rewrite=True, removeoutliers=False, filepath=['../models/synthetic/s123/random_mc2_n6_mid3_d1000_05_mr098_r10_181.uai'])
2026-02-06 13:16:22,288|INFO|random_mc2_n8_mid3_d1000_05_mr098_r10_159_uai_GDCC_1e-09_n200_roTrue_s0: Arguments: Namespace(method='GDCC_1e-09', numruns='200', seed='0', output='../results/synthetic/s123/', rewrite=True, removeoutliers=True, filepath=['../models/synthetic/s123/random_mc2_n8_mid3_d1000_05_mr098_r10_159.uai'])
2026-02-06 13:16:22,290|INFO|random_mc2_n8_mid3_d1000_05_mr098_r10_28_uai_GDCC_1e-09_n200_roTrue_s0: Arguments: Namespace(method='GDCC_1e-09', numruns='200', seed='0', output='../results/synthetic/s123/', rewrite=True, removeoutliers=True, filepath=['../models/synthetic/s123/random_mc2_n8_mid3_d1000_05_mr098_r10_28.uai'])
2026-02-06 13:16:22,292|INFO|random_mc2_n5_mid3_d1000_05_mr098_r10_17_uai_GDCC_1e-09_n200_roTrue_s0: Arguments: Namespace(method='GDCC_1e-09', numruns='200', seed='0', output='../results/synthetic/s123/', rewrite=True, removeoutliers=True, filepath=['../models/synthetic/s123/random_mc2_n5_mid3_d1000_05_mr098_r10_17.uai'])
2026-02-06 13:16:22,295|INFO|random_mc2_n7_mid3_d1000_05_mr098_r10_49_uai_GDCC_1e-09_n200_roTrue_s0: Arguments: Namespace(method='GDCC_1e-09', numruns='200', seed='0', output='../results/synthetic/s123/', rewrite=True, removeoutliers=True, filepath=['../models/synthetic/s123/random_mc2_n7_mid3_d1000_05_mr098_r10_49.uai'])
2026-02-06 13:16:22,274|INFO|random_mc2_n6_mid3_d1000_05_mr098_r10_110_uai_GDCC_1e-09_n200_roTrue_s0: Loading model from ../models/synthetic/s123/random_mc2_n6_mid3_d1000_05_mr098_r10_110.uai
2026-02-06 13:16:22,301|INFO|random_mc2_n6_mid3_d1000_05_mr098_r10_110_uai_GDCC_1e-09_n200_roTrue_s0: Loading data from ../models/synthetic/s123/random_mc2_n6_mid3_d1000_05_mr098_r10_110.csv
2026-02-06 13:16:22,279|INFO|random_mc2_n6_mid3_d1000_05_mr098_r10_121_uai_GDCC_1e-09_n200_roFalse_s0: Loading model from ../models/synthetic/s123/random_mc2_n6_mid3_d1000_05_mr098_r10_121.uai
2026-02-06 13:16:22,293|INFO|random_mc2_n6_mid3_d1000_05_mr098_r10_121_uai_GDCC_1e-09_n200_roFalse_s0: Loading data from ../models/synthetic/s123/random_mc2_n6_mid3_d1000_05_mr098_r10_121.csv
2026-02-06 13:16:22,280|INFO|random_mc2_n9_mid3_d1000_05_mr098_r10_116_uai_GDCC_1e-09_n200_roFalse_s0: Loading model from ../models/synthetic/s123/random_mc2_n9_mid3_d1000_05_mr098_r10_116.uai
2026-02-06 13:16:22,298|INFO|random_mc2_n9_mid3_d1000_05_mr098_r10_116_uai_GDCC_1e-09_n200_roFalse_s0: Loading data from ../models/synthetic/s123/random_mc2_n9_mid3_d1000_05_mr098_r10_116.csv
2026-02-06 13:16:22,307|INFO|random_mc2_n9_mid3_d1000_05_mr098_r10_116_uai_GDCC_1e-09_n200_roFalse_s0: PNS(V2,V0) exact: (0.0201090016271876, 0.1746422034672741)
2026-02-06 13:16:22,286|INFO|random_mc2_n6_mid3_d1000_05_mr098_r10_181_uai_GDCC_1e-09_n200_roFalse_s0: Loading model from ../models/synthetic/s123/random_mc2_n6_mid3_d1000_05_mr098_r10_181.uai
2026-02-06 13:16:22,294|INFO|random_mc2_n6_mid3_d1000_05_mr098_r10_181_uai_GDCC_1e-09_n200_roFalse_s0: Loading data from ../models/synthetic/s123/random_mc2_n6_mid3_d1000_05_mr098_r10_181.csv
2026-02-06 13:16:22,288|INFO|random_mc2_n8_mid3_d1000_05_mr098_r10_159_uai_GDCC_1e-09_n200_roTrue_s0: Loading model from ../models/synthetic/s123/random_mc2_n8_mid3_d1000_05_mr098_r10_159.uai
2026-02-06 13:16:22,301|INFO|random_mc2_n8_mid3_d1000_05_mr098_r10_159_uai_GDCC_1e-09_n200_roTrue_s0: Loading data from ../models/synthetic/s123/random_mc2_n8_mid3_d1000_05_mr098_r10_159.csv
2026-02-06 13:16:22,291|INFO|random_mc2_n8_mid3_d1000_05_mr098_r10_28_uai_GDCC_1e-09_n200_roTrue_s0: Loading model from ../models/synthetic/s123/random_mc2_n8_mid3_d1000_05_mr098_r10_28.uai
2026-02-06 13:16:22,292|INFO|random_mc2_n5_mid3_d1000_05_mr098_r10_17_uai_GDCC_1e-09_n200_roTrue_s0: Loading model from ../models/synthetic/s123/random_mc2_n5_mid3_d1000_05_mr098_r10_17.uai
2026-02-06 13:16:22,299|INFO|random_mc2_n5_mid3_d1000_05_mr098_r10_17_uai_GDCC_1e-09_n200_roTrue_s0: Loading data from ../models/synthetic/s123/random_mc2_n5_mid3_d1000_05_mr098_r10_17.csv
2026-02-06 13:16:22,309|INFO|random_mc2_n5_mid3_d1000_05_mr098_r10_17_uai_GDCC_1e-09_n200_roTrue_s0: PNS(V2,V0) exact: (0.0009668192, 0.0226223524444999)
2026-02-06 13:16:22,295|INFO|random_mc2_n7_mid3_d1000_05_mr098_r10_49_uai_GDCC_1e-09_n200_roTrue_s0: Loading model from ../models/synthetic/s123/random_mc2_n7_mid3_d1000_05_mr098_r10_49.uai
2026-02-06 13:16:22,306|INFO|random_mc2_n7_mid3_d1000_05_mr098_r10_49_uai_GDCC_1e-09_n200_roTrue_s0: Loading data from ../models/synthetic/s123/random_mc2_n7_mid3_d1000_05_mr098_r10_49.csv
2026-02-06 13:16:22,316|INFO|random_mc2_n7_mid3_d1000_05_mr098_r10_49_uai_GDCC_1e-09_n200_roTrue_s0: PNS(V4,V3) exact: (0.0163816299, 0.4155382627)
2026-02-06 13:16:22,528|INFO|random_mc2_n8_mid3_d1000_05_mr098_r10_28_uai_GDCC_1e-09_n200_roTrue_s0: Loading data from ../models/synthetic/s123/random_mc2_n8_mid3_d1000_05_mr098_r10_28.csv
2026-02-06 13:16:23,109|INFO|random_mc2_n5_mid3_d1000_05_mr098_r10_162_uai_GDCC_1e-09_n200_roFalse_s0: Arguments: Namespace(method='GDCC_1e-09', numruns='200', seed='0', output='../results/synthetic/s123/', rewrite=True, removeoutliers=False, filepath=['../models/synthetic/s123/random_mc2_n5_mid3_d1000_05_mr098_r10_162.uai'])
2026-02-06 13:16:23,109|INFO|random_mc2_n5_mid3_d1000_05_mr098_r10_162_uai_GDCC_1e-09_n200_roFalse_s0: Loading model from ../models/synthetic/s123/random_mc2_n5_mid3_d1000_05_mr098_r10_162.uai
2026-02-06 13:16:23,114|INFO|random_mc2_n5_mid3_d1000_05_mr098_r10_162_uai_GDCC_1e-09_n200_roFalse_s0: Loading data from ../models/synthetic/s123/random_mc2_n5_mid3_d1000_05_mr098_r10_162.csv
2026-02-06 13:16:23,126|INFO|random_mc2_n5_mid3_d1000_05_mr098_r10_162_uai_GDCC_1e-09_n200_roFalse_s0: PNS(V3,V1) exact: (0.02702942159625, 0.05577743562975)
2026-02-06 13:16:24,000|INFO|random_mc2_n6_mid3_d1000_05_mr098_r10_152_uai_GDCC_1e-09_n200_roFalse_s0: Arguments: Namespace(method='GDCC_1e-09', numruns='200', seed='0', output='../results/synthetic/s123/', rewrite=True, removeoutliers=False, filepath=['../models/synthetic/s123/random_mc2_n6_mid3_d1000_05_mr098_r10_152.uai'])
2026-02-06 13:16:24,000|INFO|random_mc2_n6_mid3_d1000_05_mr098_r10_152_uai_GDCC_1e-09_n200_roFalse_s0: Loading model from ../models/synthetic/s123/random_mc2_n6_mid3_d1000_05_mr098_r10_152.uai
2026-02-06 13:16:24,099|INFO|random_mc2_n6_mid3_d1000_05_mr098_r10_152_uai_GDCC_1e-09_n200_roFalse_s0: Loading data from ../models/synthetic/s123/random_mc2_n6_mid3_d1000_05_mr098_r10_152.csv
2026-02-06 13:16:28,785|INFO|random_mc2_n5_mid3_d1000_05_mr098_r10_172_uai_GDCC_1e-09_n200_roFalse_s0: Arguments: Namespace(method='GDCC_1e-09', numruns='200', seed='0', output='../results/synthetic/s123/', rewrite=True, removeoutliers=False, filepath=['../models/synthetic/s123/random_mc2_n5_mid3_d1000_05_mr098_r10_172.uai'])
2026-02-06 13:16:28,821|INFO|random_mc2_n7_mid3_d1000_05_mr098_r10_53_uai_GDCC_1e-09_n200_roTrue_s0: Arguments: Namespace(method='GDCC_1e-09', numruns='200', seed='0', output='../results/synthetic/s123/', rewrite=True, removeoutliers=True, filepath=['../models/synthetic/s123/random_mc2_n7_mid3_d1000_05_mr098_r10_53.uai'])
2026-02-06 13:16:28,786|INFO|random_mc2_n5_mid3_d1000_05_mr098_r10_172_uai_GDCC_1e-09_n200_roFalse_s0: Loading model from ../models/synthetic/s123/random_mc2_n5_mid3_d1000_05_mr098_r10_172.uai
2026-02-06 13:16:28,794|INFO|random_mc2_n5_mid3_d1000_05_mr098_r10_172_uai_GDCC_1e-09_n200_roFalse_s0: Loading data from ../models/synthetic/s123/random_mc2_n5_mid3_d1000_05_mr098_r10_172.csv
2026-02-06 13:16:28,808|INFO|random_mc2_n5_mid3_d1000_05_mr098_r10_172_uai_GDCC_1e-09_n200_roFalse_s0: PNS(V2,V4) exact: (0.3028800000000001, 0.4415600000000001)
2026-02-06 13:16:28,830|INFO|random_mc2_n5_mid3_d1000_05_mr098_r10_43_uai_GDCC_1e-09_n200_roFalse_s0: Arguments: Namespace(method='GDCC_1e-09', numruns='200', seed='0', output='../results/synthetic/s123/', rewrite=True, removeoutliers=False, filepath=['../models/synthetic/s123/random_mc2_n5_mid3_d1000_05_mr098_r10_43.uai'])
2026-02-06 13:16:28,821|INFO|random_mc2_n7_mid3_d1000_05_mr098_r10_53_uai_GDCC_1e-09_n200_roTrue_s0: Loading model from ../models/synthetic/s123/random_mc2_n7_mid3_d1000_05_mr098_r10_53.uai
2026-02-06 13:16:28,835|INFO|random_mc2_n7_mid3_d1000_05_mr098_r10_53_uai_GDCC_1e-09_n200_roTrue_s0: Loading data from ../models/synthetic/s123/random_mc2_n7_mid3_d1000_05_mr098_r10_53.csv
2026-02-06 13:16:28,830|INFO|random_mc2_n5_mid3_d1000_05_mr098_r10_43_uai_GDCC_1e-09_n200_roFalse_s0: Loading model from ../models/synthetic/s123/random_mc2_n5_mid3_d1000_05_mr098_r10_43.uai
2026-02-06 13:16:28,835|INFO|random_mc2_n5_mid3_d1000_05_mr098_r10_43_uai_GDCC_1e-09_n200_roFalse_s0: Loading data from ../models/synthetic/s123/random_mc2_n5_mid3_d1000_05_mr098_r10_43.csv
2026-02-06 13:16:28,844|INFO|random_mc2_n5_mid3_d1000_05_mr098_r10_43_uai_GDCC_1e-09_n200_roFalse_s0: PNS(V4,V2) exact: (0.2198675521, 0.3328360903)
2026-02-06 13:16:33,686|INFO|random_mc2_n9_mid3_d1000_05_mr098_r10_134_uai_GDCC_1e-09_n200_roTrue_s0: Arguments: Namespace(method='GDCC_1e-09', numruns='200', seed='0', output='../results/synthetic/s123/', rewrite=True, removeoutliers=True, filepath=['../models/synthetic/s123/random_mc2_n9_mid3_d1000_05_mr098_r10_134.uai'])
2026-02-06 13:16:33,725|INFO|random_mc2_n7_mid3_d1000_05_mr098_r10_150_uai_GDCC_1e-09_n200_roTrue_s0: Arguments: Namespace(method='GDCC_1e-09', numruns='200', seed='0', output='../results/synthetic/s123/', rewrite=True, removeoutliers=True, filepath=['../models/synthetic/s123/random_mc2_n7_mid3_d1000_05_mr098_r10_150.uai'])
2026-02-06 13:16:33,687|INFO|random_mc2_n9_mid3_d1000_05_mr098_r10_134_uai_GDCC_1e-09_n200_roTrue_s0: Loading model from ../models/synthetic/s123/random_mc2_n9_mid3_d1000_05_mr098_r10_134.uai
2026-02-06 13:16:33,732|INFO|random_mc2_n5_mid3_d1000_05_mr098_r10_169_uai_GDCC_1e-09_n200_roFalse_s0: Arguments: Namespace(method='GDCC_1e-09', numruns='200', seed='0', output='../results/synthetic/s123/', rewrite=True, removeoutliers=False, filepath=['../models/synthetic/s123/random_mc2_n5_mid3_d1000_05_mr098_r10_169.uai'])
2026-02-06 13:16:33,739|INFO|random_mc2_n5_mid3_d1000_05_mr098_r10_117_uai_GDCC_1e-09_n200_roFalse_s0: Arguments: Namespace(method='GDCC_1e-09', numruns='200', seed='0', output='../results/synthetic/s123/', rewrite=True, removeoutliers=False, filepath=['../models/synthetic/s123/random_mc2_n5_mid3_d1000_05_mr098_r10_117.uai'])
2026-02-06 13:16:33,745|INFO|random_mc2_n7_mid3_d1000_05_mr098_r10_127_uai_GDCC_1e-09_n200_roFalse_s0: Arguments: Namespace(method='GDCC_1e-09', numruns='200', seed='0', output='../results/synthetic/s123/', rewrite=True, removeoutliers=False, filepath=['../models/synthetic/s123/random_mc2_n7_mid3_d1000_05_mr098_r10_127.uai'])
2026-02-06 13:16:33,725|INFO|random_mc2_n7_mid3_d1000_05_mr098_r10_150_uai_GDCC_1e-09_n200_roTrue_s0: Loading model from ../models/synthetic/s123/random_mc2_n7_mid3_d1000_05_mr098_r10_150.uai
2026-02-06 13:16:33,732|INFO|random_mc2_n5_mid3_d1000_05_mr098_r10_169_uai_GDCC_1e-09_n200_roFalse_s0: Loading model from ../models/synthetic/s123/random_mc2_n5_mid3_d1000_05_mr098_r10_169.uai
2026-02-06 13:16:33,739|INFO|random_mc2_n5_mid3_d1000_05_mr098_r10_169_uai_GDCC_1e-09_n200_roFalse_s0: Loading data from ../models/synthetic/s123/random_mc2_n5_mid3_d1000_05_mr098_r10_169.csv
2026-02-06 13:16:33,757|INFO|random_mc2_n5_mid3_d1000_05_mr098_r10_169_uai_GDCC_1e-09_n200_roFalse_s0: PNS(V0,V3) exact: (0.16386, 0.49872)
2026-02-06 13:16:33,739|INFO|random_mc2_n5_mid3_d1000_05_mr098_r10_117_uai_GDCC_1e-09_n200_roFalse_s0: Loading model from ../models/synthetic/s123/random_mc2_n5_mid3_d1000_05_mr098_r10_117.uai
2026-02-06 13:16:33,746|INFO|random_mc2_n5_mid3_d1000_05_mr098_r10_117_uai_GDCC_1e-09_n200_roFalse_s0: Loading data from ../models/synthetic/s123/random_mc2_n5_mid3_d1000_05_mr098_r10_117.csv
2026-02-06 13:16:33,745|INFO|random_mc2_n7_mid3_d1000_05_mr098_r10_127_uai_GDCC_1e-09_n200_roFalse_s0: Loading model from ../models/synthetic/s123/random_mc2_n7_mid3_d1000_05_mr098_r10_127.uai
2026-02-06 13:16:33,758|INFO|random_mc2_n7_mid3_d1000_05_mr098_r10_127_uai_GDCC_1e-09_n200_roFalse_s0: Loading data from ../models/synthetic/s123/random_mc2_n7_mid3_d1000_05_mr098_r10_127.csv
2026-02-06 13:16:33,769|INFO|random_mc2_n7_mid3_d1000_05_mr098_r10_127_uai_GDCC_1e-09_n200_roFalse_s0: PNS(V4,V5) exact: (0.2021747419002779, 0.288697593484274)
2026-02-06 13:16:33,821|INFO|random_mc2_n7_mid3_d1000_05_mr098_r10_150_uai_GDCC_1e-09_n200_roTrue_s0: Loading data from ../models/synthetic/s123/random_mc2_n7_mid3_d1000_05_mr098_r10_150.csv
2026-02-06 13:16:33,913|INFO|random_mc2_n9_mid3_d1000_05_mr098_r10_134_uai_GDCC_1e-09_n200_roTrue_s0: Loading data from ../models/synthetic/s123/random_mc2_n9_mid3_d1000_05_mr098_r10_134.csv
2026-02-06 13:16:33,917|INFO|random_mc2_n6_mid3_d1000_05_mr098_r10_86_uai_GDCC_1e-09_n200_roFalse_s0: Arguments: Namespace(method='GDCC_1e-09', numruns='200', seed='0', output='../results/synthetic/s123/', rewrite=True, removeoutliers=False, filepath=['../models/synthetic/s123/random_mc2_n6_mid3_d1000_05_mr098_r10_86.uai'])
2026-02-06 13:16:33,917|INFO|random_mc2_n6_mid3_d1000_05_mr098_r10_86_uai_GDCC_1e-09_n200_roFalse_s0: Loading model from ../models/synthetic/s123/random_mc2_n6_mid3_d1000_05_mr098_r10_86.uai
2026-02-06 13:16:33,928|INFO|random_mc2_n6_mid3_d1000_05_mr098_r10_86_uai_GDCC_1e-09_n200_roFalse_s0: Loading data from ../models/synthetic/s123/random_mc2_n6_mid3_d1000_05_mr098_r10_86.csv
2026-02-06 13:16:34,946|INFO|random_mc2_n6_mid3_d1000_05_mr098_r10_125_uai_GDCC_1e-09_n200_roTrue_s0: Arguments: Namespace(method='GDCC_1e-09', numruns='200', seed='0', output='../results/synthetic/s123/', rewrite=True, removeoutliers=True, filepath=['../models/synthetic/s123/random_mc2_n6_mid3_d1000_05_mr098_r10_125.uai'])
2026-02-06 13:16:34,946|INFO|random_mc2_n6_mid3_d1000_05_mr098_r10_125_uai_GDCC_1e-09_n200_roTrue_s0: Loading model from ../models/synthetic/s123/random_mc2_n6_mid3_d1000_05_mr098_r10_125.uai
2026-02-06 13:16:34,960|INFO|random_mc2_n6_mid3_d1000_05_mr098_r10_125_uai_GDCC_1e-09_n200_roTrue_s0: Loading data from ../models/synthetic/s123/random_mc2_n6_mid3_d1000_05_mr098_r10_125.csv
2026-02-06 13:16:35,195|INFO|random_mc2_n7_mid3_d1000_05_mr098_r10_91_uai_GDCC_1e-09_n200_roFalse_s0: Arguments: Namespace(method='GDCC_1e-09', numruns='200', seed='0', output='../results/synthetic/s123/', rewrite=True, removeoutliers=False, filepath=['../models/synthetic/s123/random_mc2_n7_mid3_d1000_05_mr098_r10_91.uai'])
2026-02-06 13:16:35,196|INFO|random_mc2_n8_mid3_d1000_05_mr098_r10_35_uai_GDCC_1e-09_n200_roTrue_s0: Arguments: Namespace(method='GDCC_1e-09', numruns='200', seed='0', output='../results/synthetic/s123/', rewrite=True, removeoutliers=True, filepath=['../models/synthetic/s123/random_mc2_n8_mid3_d1000_05_mr098_r10_35.uai'])
2026-02-06 13:16:35,195|INFO|random_mc2_n7_mid3_d1000_05_mr098_r10_91_uai_GDCC_1e-09_n200_roFalse_s0: Loading model from ../models/synthetic/s123/random_mc2_n7_mid3_d1000_05_mr098_r10_91.uai
2026-02-06 13:16:35,196|INFO|random_mc2_n8_mid3_d1000_05_mr098_r10_35_uai_GDCC_1e-09_n200_roTrue_s0: Loading model from ../models/synthetic/s123/random_mc2_n8_mid3_d1000_05_mr098_r10_35.uai
2026-02-06 13:16:35,237|INFO|random_mc2_n6_mid3_d1000_05_mr098_r10_167_uai_GDCC_1e-09_n200_roFalse_s0: Arguments: Namespace(method='GDCC_1e-09', numruns='200', seed='0', output='../results/synthetic/s123/', rewrite=True, removeoutliers=False, filepath=['../models/synthetic/s123/random_mc2_n6_mid3_d1000_05_mr098_r10_167.uai'])
2026-02-06 13:16:35,249|INFO|random_mc2_n8_mid3_d1000_05_mr098_r10_2_uai_GDCC_1e-09_n200_roTrue_s0: Arguments: Namespace(method='GDCC_1e-09', numruns='200', seed='0', output='../results/synthetic/s123/', rewrite=True, removeoutliers=True, filepath=['../models/synthetic/s123/random_mc2_n8_mid3_d1000_05_mr098_r10_2.uai'])
2026-02-06 13:16:35,255|INFO|random_mc2_n7_mid3_d1000_05_mr098_r10_91_uai_GDCC_1e-09_n200_roFalse_s0: Loading data from ../models/synthetic/s123/random_mc2_n7_mid3_d1000_05_mr098_r10_91.csv
2026-02-06 13:16:35,237|INFO|random_mc2_n6_mid3_d1000_05_mr098_r10_167_uai_GDCC_1e-09_n200_roFalse_s0: Loading model from ../models/synthetic/s123/random_mc2_n6_mid3_d1000_05_mr098_r10_167.uai
2026-02-06 13:16:35,248|INFO|random_mc2_n6_mid3_d1000_05_mr098_r10_167_uai_GDCC_1e-09_n200_roFalse_s0: Loading data from ../models/synthetic/s123/random_mc2_n6_mid3_d1000_05_mr098_r10_167.csv
2026-02-06 13:16:35,258|INFO|random_mc2_n6_mid3_d1000_05_mr098_r10_167_uai_GDCC_1e-09_n200_roFalse_s0: PNS(V2,V1) exact: (0.0056271242, 0.1343609088)
2026-02-06 13:16:35,250|INFO|random_mc2_n8_mid3_d1000_05_mr098_r10_2_uai_GDCC_1e-09_n200_roTrue_s0: Loading model from ../models/synthetic/s123/random_mc2_n8_mid3_d1000_05_mr098_r10_2.uai
2026-02-06 13:16:35,268|INFO|random_mc2_n8_mid3_d1000_05_mr098_r10_2_uai_GDCC_1e-09_n200_roTrue_s0: Loading data from ../models/synthetic/s123/random_mc2_n8_mid3_d1000_05_mr098_r10_2.csv
2026-02-06 13:16:35,279|INFO|random_mc2_n8_mid3_d1000_05_mr098_r10_2_uai_GDCC_1e-09_n200_roTrue_s0: PNS(V1,V5) exact: (0.0, 0.0)
2026-02-06 13:16:35,279|ERROR|random_mc2_n8_mid3_d1000_05_mr098_r10_2_uai_GDCC_1e-09_n200_roTrue_s0: Model does not have any cause-effect path.
2026-02-06 13:16:35,292|INFO|random_mc2_n8_mid3_d1000_05_mr098_r10_177_uai_GDCC_1e-09_n200_roFalse_s0: Arguments: Namespace(method='GDCC_1e-09', numruns='200', seed='0', output='../results/synthetic/s123/', rewrite=True, removeoutliers=False, filepath=['../models/synthetic/s123/random_mc2_n8_mid3_d1000_05_mr098_r10_177.uai'])
2026-02-06 13:16:35,292|INFO|random_mc2_n8_mid3_d1000_05_mr098_r10_177_uai_GDCC_1e-09_n200_roFalse_s0: Loading model from ../models/synthetic/s123/random_mc2_n8_mid3_d1000_05_mr098_r10_177.uai
2026-02-06 13:16:35,364|INFO|random_mc2_n5_mid3_d1000_05_mr098_r10_188_uai_GDCC_1e-09_n200_roFalse_s0: Arguments: Namespace(method='GDCC_1e-09', numruns='200', seed='0', output='../results/synthetic/s123/', rewrite=True, removeoutliers=False, filepath=['../models/synthetic/s123/random_mc2_n5_mid3_d1000_05_mr098_r10_188.uai'])
2026-02-06 13:16:35,379|INFO|random_mc2_n9_mid3_d1000_05_mr098_r10_200_uai_GDCC_1e-09_n200_roFalse_s0: Arguments: Namespace(method='GDCC_1e-09', numruns='200', seed='0', output='../results/synthetic/s123/', rewrite=True, removeoutliers=False, filepath=['../models/synthetic/s123/random_mc2_n9_mid3_d1000_05_mr098_r10_200.uai'])
2026-02-06 13:16:35,386|INFO|random_mc2_n5_mid3_d1000_05_mr098_r10_115_uai_GDCC_1e-09_n200_roTrue_s0: Arguments: Namespace(method='GDCC_1e-09', numruns='200', seed='0', output='../results/synthetic/s123/', rewrite=True, removeoutliers=True, filepath=['../models/synthetic/s123/random_mc2_n5_mid3_d1000_05_mr098_r10_115.uai'])
2026-02-06 13:16:35,387|INFO|random_mc2_n8_mid3_d1000_05_mr098_r10_177_uai_GDCC_1e-09_n200_roFalse_s0: Loading data from ../models/synthetic/s123/random_mc2_n8_mid3_d1000_05_mr098_r10_177.csv
2026-02-06 13:16:35,403|INFO|random_mc2_n9_mid3_d1000_05_mr098_r10_45_uai_GDCC_1e-09_n200_roTrue_s0: Arguments: Namespace(method='GDCC_1e-09', numruns='200', seed='0', output='../results/synthetic/s123/', rewrite=True, removeoutliers=True, filepath=['../models/synthetic/s123/random_mc2_n9_mid3_d1000_05_mr098_r10_45.uai'])
2026-02-06 13:16:35,364|INFO|random_mc2_n5_mid3_d1000_05_mr098_r10_188_uai_GDCC_1e-09_n200_roFalse_s0: Loading model from ../models/synthetic/s123/random_mc2_n5_mid3_d1000_05_mr098_r10_188.uai
2026-02-06 13:16:35,370|INFO|random_mc2_n5_mid3_d1000_05_mr098_r10_188_uai_GDCC_1e-09_n200_roFalse_s0: Loading data from ../models/synthetic/s123/random_mc2_n5_mid3_d1000_05_mr098_r10_188.csv
2026-02-06 13:16:35,404|INFO|random_mc2_n5_mid3_d1000_05_mr098_r10_196_uai_GDCC_1e-09_n200_roTrue_s0: Arguments: Namespace(method='GDCC_1e-09', numruns='200', seed='0', output='../results/synthetic/s123/', rewrite=True, removeoutliers=True, filepath=['../models/synthetic/s123/random_mc2_n5_mid3_d1000_05_mr098_r10_196.uai'])
2026-02-06 13:16:35,379|INFO|random_mc2_n5_mid3_d1000_05_mr098_r10_188_uai_GDCC_1e-09_n200_roFalse_s0: PNS(V3,V4) exact: (0.0, 0.049356796840515)
2026-02-06 13:16:35,379|INFO|random_mc2_n9_mid3_d1000_05_mr098_r10_200_uai_GDCC_1e-09_n200_roFalse_s0: Loading model from ../models/synthetic/s123/random_mc2_n9_mid3_d1000_05_mr098_r10_200.uai
2026-02-06 13:16:35,392|INFO|random_mc2_n9_mid3_d1000_05_mr098_r10_200_uai_GDCC_1e-09_n200_roFalse_s0: Loading data from ../models/synthetic/s123/random_mc2_n9_mid3_d1000_05_mr098_r10_200.csv
2026-02-06 13:16:35,402|INFO|random_mc2_n9_mid3_d1000_05_mr098_r10_200_uai_GDCC_1e-09_n200_roFalse_s0: PNS(V3,V7) exact: (0.391618276478432, 0.4586153655851721)
2026-02-06 13:16:35,422|INFO|random_mc2_n8_mid3_d1000_05_mr098_r10_35_uai_GDCC_1e-09_n200_roTrue_s0: Loading data from ../models/synthetic/s123/random_mc2_n8_mid3_d1000_05_mr098_r10_35.csv
2026-02-06 13:16:35,386|INFO|random_mc2_n5_mid3_d1000_05_mr098_r10_115_uai_GDCC_1e-09_n200_roTrue_s0: Loading model from ../models/synthetic/s123/random_mc2_n5_mid3_d1000_05_mr098_r10_115.uai
2026-02-06 13:16:35,398|INFO|random_mc2_n5_mid3_d1000_05_mr098_r10_115_uai_GDCC_1e-09_n200_roTrue_s0: Loading data from ../models/synthetic/s123/random_mc2_n5_mid3_d1000_05_mr098_r10_115.csv
2026-02-06 13:16:35,403|INFO|random_mc2_n9_mid3_d1000_05_mr098_r10_45_uai_GDCC_1e-09_n200_roTrue_s0: Loading model from ../models/synthetic/s123/random_mc2_n9_mid3_d1000_05_mr098_r10_45.uai
2026-02-06 13:16:35,412|INFO|random_mc2_n9_mid3_d1000_05_mr098_r10_45_uai_GDCC_1e-09_n200_roTrue_s0: Loading data from ../models/synthetic/s123/random_mc2_n9_mid3_d1000_05_mr098_r10_45.csv
2026-02-06 13:16:35,421|INFO|random_mc2_n9_mid3_d1000_05_mr098_r10_45_uai_GDCC_1e-09_n200_roTrue_s0: PNS(V4,V5) exact: (0.0019792379219094, 0.0020994991224765)
2026-02-06 13:16:35,405|INFO|random_mc2_n5_mid3_d1000_05_mr098_r10_196_uai_GDCC_1e-09_n200_roTrue_s0: Loading model from ../models/synthetic/s123/random_mc2_n5_mid3_d1000_05_mr098_r10_196.uai
2026-02-06 13:16:35,420|INFO|random_mc2_n5_mid3_d1000_05_mr098_r10_196_uai_GDCC_1e-09_n200_roTrue_s0: Loading data from ../models/synthetic/s123/random_mc2_n5_mid3_d1000_05_mr098_r10_196.csv
2026-02-06 13:16:35,580|INFO|random_mc2_n5_mid3_d1000_05_mr098_r10_82_uai_GDCC_1e-09_n200_roFalse_s0: Arguments: Namespace(method='GDCC_1e-09', numruns='200', seed='0', output='../results/synthetic/s123/', rewrite=True, removeoutliers=False, filepath=['../models/synthetic/s123/random_mc2_n5_mid3_d1000_05_mr098_r10_82.uai'])
2026-02-06 13:16:35,580|INFO|random_mc2_n5_mid3_d1000_05_mr098_r10_82_uai_GDCC_1e-09_n200_roFalse_s0: Loading model from ../models/synthetic/s123/random_mc2_n5_mid3_d1000_05_mr098_r10_82.uai
2026-02-06 13:16:35,589|INFO|random_mc2_n5_mid3_d1000_05_mr098_r10_82_uai_GDCC_1e-09_n200_roFalse_s0: Loading data from ../models/synthetic/s123/random_mc2_n5_mid3_d1000_05_mr098_r10_82.csv
2026-02-06 13:16:35,621|INFO|random_mc2_n9_mid3_d1000_05_mr098_r10_2_uai_GDCC_1e-09_n200_roTrue_s0: Arguments: Namespace(method='GDCC_1e-09', numruns='200', seed='0', output='../results/synthetic/s123/', rewrite=True, removeoutliers=True, filepath=['../models/synthetic/s123/random_mc2_n9_mid3_d1000_05_mr098_r10_2.uai'])
2026-02-06 13:16:35,622|INFO|random_mc2_n5_mid3_d1000_05_mr098_r10_177_uai_GDCC_1e-09_n200_roTrue_s0: Arguments: Namespace(method='GDCC_1e-09', numruns='200', seed='0', output='../results/synthetic/s123/', rewrite=True, removeoutliers=True, filepath=['../models/synthetic/s123/random_mc2_n5_mid3_d1000_05_mr098_r10_177.uai'])
2026-02-06 13:16:35,622|INFO|random_mc2_n9_mid3_d1000_05_mr098_r10_2_uai_GDCC_1e-09_n200_roTrue_s0: Loading model from ../models/synthetic/s123/random_mc2_n9_mid3_d1000_05_mr098_r10_2.uai
2026-02-06 13:16:35,639|INFO|random_mc2_n9_mid3_d1000_05_mr098_r10_2_uai_GDCC_1e-09_n200_roTrue_s0: Loading data from ../models/synthetic/s123/random_mc2_n9_mid3_d1000_05_mr098_r10_2.csv
2026-02-06 13:16:35,623|INFO|random_mc2_n5_mid3_d1000_05_mr098_r10_177_uai_GDCC_1e-09_n200_roTrue_s0: Loading model from ../models/synthetic/s123/random_mc2_n5_mid3_d1000_05_mr098_r10_177.uai
2026-02-06 13:16:35,632|INFO|random_mc2_n5_mid3_d1000_05_mr098_r10_177_uai_GDCC_1e-09_n200_roTrue_s0: Loading data from ../models/synthetic/s123/random_mc2_n5_mid3_d1000_05_mr098_r10_177.csv
2026-02-06 13:16:35,642|INFO|random_mc2_n5_mid3_d1000_05_mr098_r10_177_uai_GDCC_1e-09_n200_roTrue_s0: PNS(V3,V1) exact: (0.00095494328811, 0.305507837236473)
2026-02-06 13:16:35,692|INFO|random_mc2_n6_mid3_d1000_05_mr098_r10_197_uai_GDCC_1e-09_n200_roFalse_s0: Arguments: Namespace(method='GDCC_1e-09', numruns='200', seed='0', output='../results/synthetic/s123/', rewrite=True, removeoutliers=False, filepath=['../models/synthetic/s123/random_mc2_n6_mid3_d1000_05_mr098_r10_197.uai'])
2026-02-06 13:16:35,692|INFO|random_mc2_n6_mid3_d1000_05_mr098_r10_197_uai_GDCC_1e-09_n200_roFalse_s0: Loading model from ../models/synthetic/s123/random_mc2_n6_mid3_d1000_05_mr098_r10_197.uai
2026-02-06 13:16:35,703|INFO|random_mc2_n6_mid3_d1000_05_mr098_r10_197_uai_GDCC_1e-09_n200_roFalse_s0: Loading data from ../models/synthetic/s123/random_mc2_n6_mid3_d1000_05_mr098_r10_197.csv
2026-02-06 13:16:35,747|INFO|random_mc2_n5_mid3_d1000_05_mr098_r10_140_uai_GDCC_1e-09_n200_roFalse_s0: Arguments: Namespace(method='GDCC_1e-09', numruns='200', seed='0', output='../results/synthetic/s123/', rewrite=True, removeoutliers=False, filepath=['../models/synthetic/s123/random_mc2_n5_mid3_d1000_05_mr098_r10_140.uai'])
2026-02-06 13:16:35,748|INFO|random_mc2_n8_mid3_d1000_05_mr098_r10_169_uai_GDCC_1e-09_n200_roFalse_s0: Arguments: Namespace(method='GDCC_1e-09', numruns='200', seed='0', output='../results/synthetic/s123/', rewrite=True, removeoutliers=False, filepath=['../models/synthetic/s123/random_mc2_n8_mid3_d1000_05_mr098_r10_169.uai'])
2026-02-06 13:16:35,749|INFO|random_mc2_n6_mid3_d1000_05_mr098_r10_44_uai_GDCC_1e-09_n200_roTrue_s0: Arguments: Namespace(method='GDCC_1e-09', numruns='200', seed='0', output='../results/synthetic/s123/', rewrite=True, removeoutliers=True, filepath=['../models/synthetic/s123/random_mc2_n6_mid3_d1000_05_mr098_r10_44.uai'])
2026-02-06 13:16:35,752|INFO|random_mc2_n9_mid3_d1000_05_mr098_r10_126_uai_GDCC_1e-09_n200_roFalse_s0: Arguments: Namespace(method='GDCC_1e-09', numruns='200', seed='0', output='../results/synthetic/s123/', rewrite=True, removeoutliers=False, filepath=['../models/synthetic/s123/random_mc2_n9_mid3_d1000_05_mr098_r10_126.uai'])
2026-02-06 13:16:35,747|INFO|random_mc2_n5_mid3_d1000_05_mr098_r10_140_uai_GDCC_1e-09_n200_roFalse_s0: Loading model from ../models/synthetic/s123/random_mc2_n5_mid3_d1000_05_mr098_r10_140.uai
2026-02-06 13:16:35,753|INFO|random_mc2_n5_mid3_d1000_05_mr098_r10_140_uai_GDCC_1e-09_n200_roFalse_s0: Loading data from ../models/synthetic/s123/random_mc2_n5_mid3_d1000_05_mr098_r10_140.csv
2026-02-06 13:16:35,762|INFO|random_mc2_n5_mid3_d1000_05_mr098_r10_140_uai_GDCC_1e-09_n200_roFalse_s0: PNS(V1,V4) exact: (0.06441808679475, 0.469169366245215)
2026-02-06 13:16:35,749|INFO|random_mc2_n6_mid3_d1000_05_mr098_r10_44_uai_GDCC_1e-09_n200_roTrue_s0: Loading model from ../models/synthetic/s123/random_mc2_n6_mid3_d1000_05_mr098_r10_44.uai
2026-02-06 13:16:35,756|INFO|random_mc2_n6_mid3_d1000_05_mr098_r10_44_uai_GDCC_1e-09_n200_roTrue_s0: Loading data from ../models/synthetic/s123/random_mc2_n6_mid3_d1000_05_mr098_r10_44.csv
2026-02-06 13:16:35,764|INFO|random_mc2_n6_mid3_d1000_05_mr098_r10_44_uai_GDCC_1e-09_n200_roTrue_s0: PNS(V3,V5) exact: (0.0558153164, 0.3842657125)
2026-02-06 13:16:35,748|INFO|random_mc2_n8_mid3_d1000_05_mr098_r10_169_uai_GDCC_1e-09_n200_roFalse_s0: Loading model from ../models/synthetic/s123/random_mc2_n8_mid3_d1000_05_mr098_r10_169.uai
2026-02-06 13:16:35,752|INFO|random_mc2_n9_mid3_d1000_05_mr098_r10_126_uai_GDCC_1e-09_n200_roFalse_s0: Loading model from ../models/synthetic/s123/random_mc2_n9_mid3_d1000_05_mr098_r10_126.uai
2026-02-06 13:16:35,774|INFO|random_mc2_n9_mid3_d1000_05_mr098_r10_126_uai_GDCC_1e-09_n200_roFalse_s0: Loading data from ../models/synthetic/s123/random_mc2_n9_mid3_d1000_05_mr098_r10_126.csv
2026-02-06 13:16:35,793|INFO|random_mc2_n8_mid3_d1000_05_mr098_r10_169_uai_GDCC_1e-09_n200_roFalse_s0: Loading data from ../models/synthetic/s123/random_mc2_n8_mid3_d1000_05_mr098_r10_169.csv
2026-02-06 13:16:35,835|INFO|random_mc2_n9_mid3_d1000_05_mr098_r10_141_uai_GDCC_1e-09_n200_roFalse_s0: Arguments: Namespace(method='GDCC_1e-09', numruns='200', seed='0', output='../results/synthetic/s123/', rewrite=True, removeoutliers=False, filepath=['../models/synthetic/s123/random_mc2_n9_mid3_d1000_05_mr098_r10_141.uai'])
2026-02-06 13:16:35,858|INFO|random_mc2_n6_mid3_d1000_05_mr098_r10_60_uai_GDCC_1e-09_n200_roFalse_s0: Arguments: Namespace(method='GDCC_1e-09', numruns='200', seed='0', output='../results/synthetic/s123/', rewrite=True, removeoutliers=False, filepath=['../models/synthetic/s123/random_mc2_n6_mid3_d1000_05_mr098_r10_60.uai'])
2026-02-06 13:16:35,836|INFO|random_mc2_n9_mid3_d1000_05_mr098_r10_141_uai_GDCC_1e-09_n200_roFalse_s0: Loading model from ../models/synthetic/s123/random_mc2_n9_mid3_d1000_05_mr098_r10_141.uai
2026-02-06 13:16:35,848|INFO|random_mc2_n9_mid3_d1000_05_mr098_r10_141_uai_GDCC_1e-09_n200_roFalse_s0: Loading data from ../models/synthetic/s123/random_mc2_n9_mid3_d1000_05_mr098_r10_141.csv
2026-02-06 13:16:35,858|INFO|random_mc2_n6_mid3_d1000_05_mr098_r10_60_uai_GDCC_1e-09_n200_roFalse_s0: Loading model from ../models/synthetic/s123/random_mc2_n6_mid3_d1000_05_mr098_r10_60.uai
2026-02-06 13:16:35,872|INFO|random_mc2_n6_mid3_d1000_05_mr098_r10_60_uai_GDCC_1e-09_n200_roFalse_s0: Loading data from ../models/synthetic/s123/random_mc2_n6_mid3_d1000_05_mr098_r10_60.csv
2026-02-06 13:16:35,883|INFO|random_mc2_n6_mid3_d1000_05_mr098_r10_60_uai_GDCC_1e-09_n200_roFalse_s0: PNS(V2,V1) exact: (0.01063473235, 0.0254823380132)
2026-02-06 13:16:41,145|INFO|random_mc2_n7_mid3_d1000_05_mr098_r10_19_uai_GDCC_1e-09_n200_roTrue_s0: Arguments: Namespace(method='GDCC_1e-09', numruns='200', seed='0', output='../results/synthetic/s123/', rewrite=True, removeoutliers=True, filepath=['../models/synthetic/s123/random_mc2_n7_mid3_d1000_05_mr098_r10_19.uai'])
2026-02-06 13:16:41,156|INFO|random_mc2_n5_mid3_d1000_05_mr098_r10_84_uai_GDCC_1e-09_n200_roTrue_s0: Arguments: Namespace(method='GDCC_1e-09', numruns='200', seed='0', output='../results/synthetic/s123/', rewrite=True, removeoutliers=True, filepath=['../models/synthetic/s123/random_mc2_n5_mid3_d1000_05_mr098_r10_84.uai'])
2026-02-06 13:16:41,145|INFO|random_mc2_n7_mid3_d1000_05_mr098_r10_19_uai_GDCC_1e-09_n200_roTrue_s0: Loading model from ../models/synthetic/s123/random_mc2_n7_mid3_d1000_05_mr098_r10_19.uai
2026-02-06 13:16:41,161|INFO|random_mc2_n7_mid3_d1000_05_mr098_r10_19_uai_GDCC_1e-09_n200_roTrue_s0: Loading data from ../models/synthetic/s123/random_mc2_n7_mid3_d1000_05_mr098_r10_19.csv
2026-02-06 13:16:41,157|INFO|random_mc2_n5_mid3_d1000_05_mr098_r10_84_uai_GDCC_1e-09_n200_roTrue_s0: Loading model from ../models/synthetic/s123/random_mc2_n5_mid3_d1000_05_mr098_r10_84.uai
2026-02-06 13:16:41,167|INFO|random_mc2_n5_mid3_d1000_05_mr098_r10_84_uai_GDCC_1e-09_n200_roTrue_s0: Loading data from ../models/synthetic/s123/random_mc2_n5_mid3_d1000_05_mr098_r10_84.csv
2026-02-06 13:16:41,205|INFO|random_mc2_n5_mid3_d1000_05_mr098_r10_107_uai_GDCC_1e-09_n200_roFalse_s0: Arguments: Namespace(method='GDCC_1e-09', numruns='200', seed='0', output='../results/synthetic/s123/', rewrite=True, removeoutliers=False, filepath=['../models/synthetic/s123/random_mc2_n5_mid3_d1000_05_mr098_r10_107.uai'])
2026-02-06 13:16:41,206|INFO|random_mc2_n5_mid3_d1000_05_mr098_r10_107_uai_GDCC_1e-09_n200_roFalse_s0: Loading model from ../models/synthetic/s123/random_mc2_n5_mid3_d1000_05_mr098_r10_107.uai
2026-02-06 13:16:41,221|INFO|random_mc2_n5_mid3_d1000_05_mr098_r10_107_uai_GDCC_1e-09_n200_roFalse_s0: Loading data from ../models/synthetic/s123/random_mc2_n5_mid3_d1000_05_mr098_r10_107.csv
2026-02-06 13:16:43,937|INFO|random_mc2_n5_mid3_d1000_05_mr098_r10_155_uai_GDCC_1e-09_n200_roTrue_s0: Arguments: Namespace(method='GDCC_1e-09', numruns='200', seed='0', output='../results/synthetic/s123/', rewrite=True, removeoutliers=True, filepath=['../models/synthetic/s123/random_mc2_n5_mid3_d1000_05_mr098_r10_155.uai'])
2026-02-06 13:16:43,938|INFO|random_mc2_n5_mid3_d1000_05_mr098_r10_155_uai_GDCC_1e-09_n200_roTrue_s0: Loading model from ../models/synthetic/s123/random_mc2_n5_mid3_d1000_05_mr098_r10_155.uai
2026-02-06 13:16:43,943|INFO|random_mc2_n5_mid3_d1000_05_mr098_r10_155_uai_GDCC_1e-09_n200_roTrue_s0: Loading data from ../models/synthetic/s123/random_mc2_n5_mid3_d1000_05_mr098_r10_155.csv
2026-02-06 13:16:45,585|INFO|random_mc2_n5_mid3_d1000_05_mr098_r10_107_uai_GDCC_1e-09_n200_roTrue_s0: Arguments: Namespace(method='GDCC_1e-09', numruns='200', seed='0', output='../results/synthetic/s123/', rewrite=True, removeoutliers=True, filepath=['../models/synthetic/s123/random_mc2_n5_mid3_d1000_05_mr098_r10_107.uai'])
2026-02-06 13:16:45,586|INFO|random_mc2_n5_mid3_d1000_05_mr098_r10_107_uai_GDCC_1e-09_n200_roTrue_s0: Loading model from ../models/synthetic/s123/random_mc2_n5_mid3_d1000_05_mr098_r10_107.uai
2026-02-06 13:16:45,600|INFO|random_mc2_n5_mid3_d1000_05_mr098_r10_107_uai_GDCC_1e-09_n200_roTrue_s0: Loading data from ../models/synthetic/s123/random_mc2_n5_mid3_d1000_05_mr098_r10_107.csv
2026-02-06 13:16:46,899|INFO|random_mc2_n6_mid3_d1000_05_mr098_r10_23_uai_GDCC_1e-09_n200_roFalse_s0: Arguments: Namespace(method='GDCC_1e-09', numruns='200', seed='0', output='../results/synthetic/s123/', rewrite=True, removeoutliers=False, filepath=['../models/synthetic/s123/random_mc2_n6_mid3_d1000_05_mr098_r10_23.uai'])
2026-02-06 13:16:46,930|INFO|random_mc2_n6_mid3_d1000_05_mr098_r10_47_uai_GDCC_1e-09_n200_roTrue_s0: Arguments: Namespace(method='GDCC_1e-09', numruns='200', seed='0', output='../results/synthetic/s123/', rewrite=True, removeoutliers=True, filepath=['../models/synthetic/s123/random_mc2_n6_mid3_d1000_05_mr098_r10_47.uai'])
2026-02-06 13:16:46,900|INFO|random_mc2_n6_mid3_d1000_05_mr098_r10_23_uai_GDCC_1e-09_n200_roFalse_s0: Loading model from ../models/synthetic/s123/random_mc2_n6_mid3_d1000_05_mr098_r10_23.uai
2026-02-06 13:16:46,913|INFO|random_mc2_n6_mid3_d1000_05_mr098_r10_23_uai_GDCC_1e-09_n200_roFalse_s0: Loading data from ../models/synthetic/s123/random_mc2_n6_mid3_d1000_05_mr098_r10_23.csv
2026-02-06 13:16:46,928|INFO|random_mc2_n6_mid3_d1000_05_mr098_r10_23_uai_GDCC_1e-09_n200_roFalse_s0: PNS(V0,V5) exact: (0.0, 0.206564908524544)
2026-02-06 13:16:46,931|INFO|random_mc2_n6_mid3_d1000_05_mr098_r10_47_uai_GDCC_1e-09_n200_roTrue_s0: Loading model from ../models/synthetic/s123/random_mc2_n6_mid3_d1000_05_mr098_r10_47.uai
2026-02-06 13:16:46,942|INFO|random_mc2_n6_mid3_d1000_05_mr098_r10_47_uai_GDCC_1e-09_n200_roTrue_s0: Loading data from ../models/synthetic/s123/random_mc2_n6_mid3_d1000_05_mr098_r10_47.csv
2026-02-06 13:16:46,955|INFO|random_mc2_n6_mid3_d1000_05_mr098_r10_47_uai_GDCC_1e-09_n200_roTrue_s0: PNS(V5,V4) exact: (0.0, 0.3303686772)
2026-02-06 13:16:47,021|INFO|random_mc2_n9_mid3_d1000_05_mr098_r10_25_uai_GDCC_1e-09_n200_roFalse_s0: Arguments: Namespace(method='GDCC_1e-09', numruns='200', seed='0', output='../results/synthetic/s123/', rewrite=True, removeoutliers=False, filepath=['../models/synthetic/s123/random_mc2_n9_mid3_d1000_05_mr098_r10_25.uai'])
2026-02-06 13:16:47,031|INFO|random_mc2_n8_mid3_d1000_05_mr098_r10_190_uai_GDCC_1e-09_n200_roFalse_s0: Arguments: Namespace(method='GDCC_1e-09', numruns='200', seed='0', output='../results/synthetic/s123/', rewrite=True, removeoutliers=False, filepath=['../models/synthetic/s123/random_mc2_n8_mid3_d1000_05_mr098_r10_190.uai'])
2026-02-06 13:16:47,036|INFO|random_mc2_n6_mid3_d1000_05_mr098_r10_113_uai_GDCC_1e-09_n200_roFalse_s0: Arguments: Namespace(method='GDCC_1e-09', numruns='200', seed='0', output='../results/synthetic/s123/', rewrite=True, removeoutliers=False, filepath=['../models/synthetic/s123/random_mc2_n6_mid3_d1000_05_mr098_r10_113.uai'])
2026-02-06 13:16:47,021|INFO|random_mc2_n9_mid3_d1000_05_mr098_r10_25_uai_GDCC_1e-09_n200_roFalse_s0: Loading model from ../models/synthetic/s123/random_mc2_n9_mid3_d1000_05_mr098_r10_25.uai
2026-02-06 13:16:47,031|INFO|random_mc2_n8_mid3_d1000_05_mr098_r10_190_uai_GDCC_1e-09_n200_roFalse_s0: Loading model from ../models/synthetic/s123/random_mc2_n8_mid3_d1000_05_mr098_r10_190.uai
2026-02-06 13:16:47,055|INFO|random_mc2_n8_mid3_d1000_05_mr098_r10_190_uai_GDCC_1e-09_n200_roFalse_s0: Loading data from ../models/synthetic/s123/random_mc2_n8_mid3_d1000_05_mr098_r10_190.csv
2026-02-06 13:16:47,036|INFO|random_mc2_n6_mid3_d1000_05_mr098_r10_113_uai_GDCC_1e-09_n200_roFalse_s0: Loading model from ../models/synthetic/s123/random_mc2_n6_mid3_d1000_05_mr098_r10_113.uai
2026-02-06 13:16:47,047|INFO|random_mc2_n6_mid3_d1000_05_mr098_r10_113_uai_GDCC_1e-09_n200_roFalse_s0: Loading data from ../models/synthetic/s123/random_mc2_n6_mid3_d1000_05_mr098_r10_113.csv
2026-02-06 13:16:47,243|INFO|random_mc2_n9_mid3_d1000_05_mr098_r10_25_uai_GDCC_1e-09_n200_roFalse_s0: Loading data from ../models/synthetic/s123/random_mc2_n9_mid3_d1000_05_mr098_r10_25.csv
2026-02-06 13:16:48,096|INFO|random_mc2_n5_mid3_d1000_05_mr098_r10_159_uai_GDCC_1e-09_n200_roTrue_s0: Arguments: Namespace(method='GDCC_1e-09', numruns='200', seed='0', output='../results/synthetic/s123/', rewrite=True, removeoutliers=True, filepath=['../models/synthetic/s123/random_mc2_n5_mid3_d1000_05_mr098_r10_159.uai'])
2026-02-06 13:16:48,096|INFO|random_mc2_n5_mid3_d1000_05_mr098_r10_159_uai_GDCC_1e-09_n200_roTrue_s0: Loading model from ../models/synthetic/s123/random_mc2_n5_mid3_d1000_05_mr098_r10_159.uai
2026-02-06 13:16:48,106|INFO|random_mc2_n5_mid3_d1000_05_mr098_r10_159_uai_GDCC_1e-09_n200_roTrue_s0: Loading data from ../models/synthetic/s123/random_mc2_n5_mid3_d1000_05_mr098_r10_159.csv
2026-02-06 13:16:48,117|INFO|random_mc2_n5_mid3_d1000_05_mr098_r10_159_uai_GDCC_1e-09_n200_roTrue_s0: PNS(V0,V2) exact: (0.1049462695, 0.4703933717)
2026-02-06 13:16:48,145|INFO|random_mc2_n6_mid3_d1000_05_mr098_r10_72_uai_GDCC_1e-09_n200_roFalse_s0: Arguments: Namespace(method='GDCC_1e-09', numruns='200', seed='0', output='../results/synthetic/s123/', rewrite=True, removeoutliers=False, filepath=['../models/synthetic/s123/random_mc2_n6_mid3_d1000_05_mr098_r10_72.uai'])
2026-02-06 13:16:48,145|INFO|random_mc2_n6_mid3_d1000_05_mr098_r10_72_uai_GDCC_1e-09_n200_roFalse_s0: Loading model from ../models/synthetic/s123/random_mc2_n6_mid3_d1000_05_mr098_r10_72.uai
2026-02-06 13:16:48,155|INFO|random_mc2_n6_mid3_d1000_05_mr098_r10_72_uai_GDCC_1e-09_n200_roFalse_s0: Loading data from ../models/synthetic/s123/random_mc2_n6_mid3_d1000_05_mr098_r10_72.csv
2026-02-06 13:16:48,166|INFO|random_mc2_n6_mid3_d1000_05_mr098_r10_72_uai_GDCC_1e-09_n200_roFalse_s0: PNS(V1,V5) exact: (0.0139420482, 0.0995220407)
2026-02-06 13:16:48,278|INFO|random_mc2_n6_mid3_d1000_05_mr098_r10_185_uai_GDCC_1e-09_n200_roTrue_s0: Arguments: Namespace(method='GDCC_1e-09', numruns='200', seed='0', output='../results/synthetic/s123/', rewrite=True, removeoutliers=True, filepath=['../models/synthetic/s123/random_mc2_n6_mid3_d1000_05_mr098_r10_185.uai'])
2026-02-06 13:16:48,296|INFO|random_mc2_n5_mid3_d1000_05_mr098_r10_200_uai_GDCC_1e-09_n200_roTrue_s0: Arguments: Namespace(method='GDCC_1e-09', numruns='200', seed='0', output='../results/synthetic/s123/', rewrite=True, removeoutliers=True, filepath=['../models/synthetic/s123/random_mc2_n5_mid3_d1000_05_mr098_r10_200.uai'])
2026-02-06 13:16:48,279|INFO|random_mc2_n6_mid3_d1000_05_mr098_r10_185_uai_GDCC_1e-09_n200_roTrue_s0: Loading model from ../models/synthetic/s123/random_mc2_n6_mid3_d1000_05_mr098_r10_185.uai
2026-02-06 13:16:48,292|INFO|random_mc2_n6_mid3_d1000_05_mr098_r10_185_uai_GDCC_1e-09_n200_roTrue_s0: Loading data from ../models/synthetic/s123/random_mc2_n6_mid3_d1000_05_mr098_r10_185.csv
2026-02-06 13:16:48,296|INFO|random_mc2_n5_mid3_d1000_05_mr098_r10_200_uai_GDCC_1e-09_n200_roTrue_s0: Loading model from ../models/synthetic/s123/random_mc2_n5_mid3_d1000_05_mr098_r10_200.uai
2026-02-06 13:16:48,412|INFO|random_mc2_n5_mid3_d1000_05_mr098_r10_200_uai_GDCC_1e-09_n200_roTrue_s0: Loading data from ../models/synthetic/s123/random_mc2_n5_mid3_d1000_05_mr098_r10_200.csv
2026-02-06 13:16:48,474|INFO|random_mc2_n6_mid3_d1000_05_mr098_r10_108_uai_GDCC_1e-09_n200_roTrue_s0: Arguments: Namespace(method='GDCC_1e-09', numruns='200', seed='0', output='../results/synthetic/s123/', rewrite=True, removeoutliers=True, filepath=['../models/synthetic/s123/random_mc2_n6_mid3_d1000_05_mr098_r10_108.uai'])
2026-02-06 13:16:48,475|INFO|random_mc2_n6_mid3_d1000_05_mr098_r10_108_uai_GDCC_1e-09_n200_roTrue_s0: Loading model from ../models/synthetic/s123/random_mc2_n6_mid3_d1000_05_mr098_r10_108.uai
2026-02-06 13:16:48,484|INFO|random_mc2_n6_mid3_d1000_05_mr098_r10_108_uai_GDCC_1e-09_n200_roTrue_s0: Loading data from ../models/synthetic/s123/random_mc2_n6_mid3_d1000_05_mr098_r10_108.csv
2026-02-06 13:16:49,046|INFO|random_mc2_n5_mid3_d1000_05_mr098_r10_75_uai_GDCC_1e-09_n200_roTrue_s0: Arguments: Namespace(method='GDCC_1e-09', numruns='200', seed='0', output='../results/synthetic/s123/', rewrite=True, removeoutliers=True, filepath=['../models/synthetic/s123/random_mc2_n5_mid3_d1000_05_mr098_r10_75.uai'])
2026-02-06 13:16:49,050|INFO|random_mc2_n6_mid3_d1000_05_mr098_r10_182_uai_GDCC_1e-09_n200_roTrue_s0: Arguments: Namespace(method='GDCC_1e-09', numruns='200', seed='0', output='../results/synthetic/s123/', rewrite=True, removeoutliers=True, filepath=['../models/synthetic/s123/random_mc2_n6_mid3_d1000_05_mr098_r10_182.uai'])
2026-02-06 13:16:49,050|INFO|random_mc2_n6_mid3_d1000_05_mr098_r10_182_uai_GDCC_1e-09_n200_roTrue_s0: Loading model from ../models/synthetic/s123/random_mc2_n6_mid3_d1000_05_mr098_r10_182.uai
2026-02-06 13:16:49,046|INFO|random_mc2_n5_mid3_d1000_05_mr098_r10_75_uai_GDCC_1e-09_n200_roTrue_s0: Loading model from ../models/synthetic/s123/random_mc2_n5_mid3_d1000_05_mr098_r10_75.uai
2026-02-06 13:16:49,053|INFO|random_mc2_n5_mid3_d1000_05_mr098_r10_75_uai_GDCC_1e-09_n200_roTrue_s0: Loading data from ../models/synthetic/s123/random_mc2_n5_mid3_d1000_05_mr098_r10_75.csv
2026-02-06 13:16:49,063|INFO|random_mc2_n5_mid3_d1000_05_mr098_r10_75_uai_GDCC_1e-09_n200_roTrue_s0: PNS(V1,V0) exact: (0.0, 0.0820279325)
2026-02-06 13:16:49,065|INFO|random_mc2_n6_mid3_d1000_05_mr098_r10_182_uai_GDCC_1e-09_n200_roTrue_s0: Loading data from ../models/synthetic/s123/random_mc2_n6_mid3_d1000_05_mr098_r10_182.csv
2026-02-06 13:16:49,075|INFO|random_mc2_n6_mid3_d1000_05_mr098_r10_182_uai_GDCC_1e-09_n200_roTrue_s0: PNS(V4,V5) exact: (0.2591310333408, 0.3907790126200001)
2026-02-06 13:16:49,105|INFO|random_mc2_n5_mid3_d1000_05_mr098_r10_41_uai_GDCC_1e-09_n200_roTrue_s0: Arguments: Namespace(method='GDCC_1e-09', numruns='200', seed='0', output='../results/synthetic/s123/', rewrite=True, removeoutliers=True, filepath=['../models/synthetic/s123/random_mc2_n5_mid3_d1000_05_mr098_r10_41.uai'])
2026-02-06 13:16:49,105|INFO|random_mc2_n5_mid3_d1000_05_mr098_r10_41_uai_GDCC_1e-09_n200_roTrue_s0: Loading model from ../models/synthetic/s123/random_mc2_n5_mid3_d1000_05_mr098_r10_41.uai
2026-02-06 13:16:49,115|INFO|random_mc2_n5_mid3_d1000_05_mr098_r10_41_uai_GDCC_1e-09_n200_roTrue_s0: Loading data from ../models/synthetic/s123/random_mc2_n5_mid3_d1000_05_mr098_r10_41.csv
2026-02-06 13:16:49,132|INFO|random_mc2_n5_mid3_d1000_05_mr098_r10_41_uai_GDCC_1e-09_n200_roTrue_s0: PNS(V1,V4) exact: (0.0160025338999999, 0.0160025338999999)
2026-02-06 13:16:49,189|INFO|random_mc2_n6_mid3_d1000_05_mr098_r10_60_uai_GDCC_1e-09_n200_roTrue_s0: Arguments: Namespace(method='GDCC_1e-09', numruns='200', seed='0', output='../results/synthetic/s123/', rewrite=True, removeoutliers=True, filepath=['../models/synthetic/s123/random_mc2_n6_mid3_d1000_05_mr098_r10_60.uai'])
2026-02-06 13:16:49,190|INFO|random_mc2_n6_mid3_d1000_05_mr098_r10_60_uai_GDCC_1e-09_n200_roTrue_s0: Loading model from ../models/synthetic/s123/random_mc2_n6_mid3_d1000_05_mr098_r10_60.uai
2026-02-06 13:16:49,203|INFO|random_mc2_n6_mid3_d1000_05_mr098_r10_60_uai_GDCC_1e-09_n200_roTrue_s0: Loading data from ../models/synthetic/s123/random_mc2_n6_mid3_d1000_05_mr098_r10_60.csv
2026-02-06 13:16:49,214|INFO|random_mc2_n6_mid3_d1000_05_mr098_r10_60_uai_GDCC_1e-09_n200_roTrue_s0: PNS(V2,V1) exact: (0.01063473235, 0.0254823380132)
2026-02-06 13:16:49,253|INFO|random_mc2_n7_mid3_d1000_05_mr098_r10_96_uai_GDCC_1e-09_n200_roTrue_s0: Arguments: Namespace(method='GDCC_1e-09', numruns='200', seed='0', output='../results/synthetic/s123/', rewrite=True, removeoutliers=True, filepath=['../models/synthetic/s123/random_mc2_n7_mid3_d1000_05_mr098_r10_96.uai'])
2026-02-06 13:16:49,257|INFO|random_mc2_n5_mid3_d1000_05_mr098_r10_173_uai_GDCC_1e-09_n200_roTrue_s0: Arguments: Namespace(method='GDCC_1e-09', numruns='200', seed='0', output='../results/synthetic/s123/', rewrite=True, removeoutliers=True, filepath=['../models/synthetic/s123/random_mc2_n5_mid3_d1000_05_mr098_r10_173.uai'])
2026-02-06 13:16:49,270|INFO|random_mc2_n6_mid3_d1000_05_mr098_r10_193_uai_GDCC_1e-09_n200_roFalse_s0: Arguments: Namespace(method='GDCC_1e-09', numruns='200', seed='0', output='../results/synthetic/s123/', rewrite=True, removeoutliers=False, filepath=['../models/synthetic/s123/random_mc2_n6_mid3_d1000_05_mr098_r10_193.uai'])
2026-02-06 13:16:49,276|INFO|random_mc2_n7_mid3_d1000_05_mr098_r10_25_uai_GDCC_1e-09_n200_roFalse_s0: Arguments: Namespace(method='GDCC_1e-09', numruns='200', seed='0', output='../results/synthetic/s123/', rewrite=True, removeoutliers=False, filepath=['../models/synthetic/s123/random_mc2_n7_mid3_d1000_05_mr098_r10_25.uai'])
2026-02-06 13:16:49,253|INFO|random_mc2_n7_mid3_d1000_05_mr098_r10_96_uai_GDCC_1e-09_n200_roTrue_s0: Loading model from ../models/synthetic/s123/random_mc2_n7_mid3_d1000_05_mr098_r10_96.uai
2026-02-06 13:16:49,273|INFO|random_mc2_n7_mid3_d1000_05_mr098_r10_96_uai_GDCC_1e-09_n200_roTrue_s0: Loading data from ../models/synthetic/s123/random_mc2_n7_mid3_d1000_05_mr098_r10_96.csv
2026-02-06 13:16:49,257|INFO|random_mc2_n5_mid3_d1000_05_mr098_r10_173_uai_GDCC_1e-09_n200_roTrue_s0: Loading model from ../models/synthetic/s123/random_mc2_n5_mid3_d1000_05_mr098_r10_173.uai
2026-02-06 13:16:49,263|INFO|random_mc2_n5_mid3_d1000_05_mr098_r10_173_uai_GDCC_1e-09_n200_roTrue_s0: Loading data from ../models/synthetic/s123/random_mc2_n5_mid3_d1000_05_mr098_r10_173.csv
2026-02-06 13:16:49,274|INFO|random_mc2_n5_mid3_d1000_05_mr098_r10_173_uai_GDCC_1e-09_n200_roTrue_s0: PNS(V1,V2) exact: (0.1236554301, 0.4222693768)
2026-02-06 13:16:49,270|INFO|random_mc2_n6_mid3_d1000_05_mr098_r10_193_uai_GDCC_1e-09_n200_roFalse_s0: Loading model from ../models/synthetic/s123/random_mc2_n6_mid3_d1000_05_mr098_r10_193.uai
2026-02-06 13:16:49,281|INFO|random_mc2_n6_mid3_d1000_05_mr098_r10_193_uai_GDCC_1e-09_n200_roFalse_s0: Loading data from ../models/synthetic/s123/random_mc2_n6_mid3_d1000_05_mr098_r10_193.csv
2026-02-06 13:16:49,290|INFO|random_mc2_n6_mid3_d1000_05_mr098_r10_193_uai_GDCC_1e-09_n200_roFalse_s0: PNS(V0,V4) exact: (0.0, 0.238593816)
2026-02-06 13:16:49,311|INFO|random_mc2_n8_mid3_d1000_05_mr098_r10_189_uai_GDCC_1e-09_n200_roTrue_s0: Arguments: Namespace(method='GDCC_1e-09', numruns='200', seed='0', output='../results/synthetic/s123/', rewrite=True, removeoutliers=True, filepath=['../models/synthetic/s123/random_mc2_n8_mid3_d1000_05_mr098_r10_189.uai'])
2026-02-06 13:16:49,276|INFO|random_mc2_n7_mid3_d1000_05_mr098_r10_25_uai_GDCC_1e-09_n200_roFalse_s0: Loading model from ../models/synthetic/s123/random_mc2_n7_mid3_d1000_05_mr098_r10_25.uai
2026-02-06 13:16:49,291|INFO|random_mc2_n7_mid3_d1000_05_mr098_r10_25_uai_GDCC_1e-09_n200_roFalse_s0: Loading data from ../models/synthetic/s123/random_mc2_n7_mid3_d1000_05_mr098_r10_25.csv
2026-02-06 13:16:49,311|INFO|random_mc2_n8_mid3_d1000_05_mr098_r10_189_uai_GDCC_1e-09_n200_roTrue_s0: Loading model from ../models/synthetic/s123/random_mc2_n8_mid3_d1000_05_mr098_r10_189.uai
2026-02-06 13:16:49,323|INFO|random_mc2_n8_mid3_d1000_05_mr098_r10_189_uai_GDCC_1e-09_n200_roTrue_s0: Loading data from ../models/synthetic/s123/random_mc2_n8_mid3_d1000_05_mr098_r10_189.csv
2026-02-06 13:16:49,334|INFO|random_mc2_n8_mid3_d1000_05_mr098_r10_189_uai_GDCC_1e-09_n200_roTrue_s0: PNS(V4,V7) exact: (0.0, 0.0)
2026-02-06 13:16:49,419|INFO|random_mc2_n6_mid3_d1000_05_mr098_r10_24_uai_GDCC_1e-09_n200_roTrue_s0: Arguments: Namespace(method='GDCC_1e-09', numruns='200', seed='0', output='../results/synthetic/s123/', rewrite=True, removeoutliers=True, filepath=['../models/synthetic/s123/random_mc2_n6_mid3_d1000_05_mr098_r10_24.uai'])
2026-02-06 13:16:49,434|INFO|random_mc2_n6_mid3_d1000_05_mr098_r10_200_uai_GDCC_1e-09_n200_roTrue_s0: Arguments: Namespace(method='GDCC_1e-09', numruns='200', seed='0', output='../results/synthetic/s123/', rewrite=True, removeoutliers=True, filepath=['../models/synthetic/s123/random_mc2_n6_mid3_d1000_05_mr098_r10_200.uai'])
2026-02-06 13:16:49,420|INFO|random_mc2_n6_mid3_d1000_05_mr098_r10_24_uai_GDCC_1e-09_n200_roTrue_s0: Loading model from ../models/synthetic/s123/random_mc2_n6_mid3_d1000_05_mr098_r10_24.uai
2026-02-06 13:16:49,433|INFO|random_mc2_n6_mid3_d1000_05_mr098_r10_24_uai_GDCC_1e-09_n200_roTrue_s0: Loading data from ../models/synthetic/s123/random_mc2_n6_mid3_d1000_05_mr098_r10_24.csv
2026-02-06 13:16:49,435|INFO|random_mc2_n6_mid3_d1000_05_mr098_r10_200_uai_GDCC_1e-09_n200_roTrue_s0: Loading model from ../models/synthetic/s123/random_mc2_n6_mid3_d1000_05_mr098_r10_200.uai
2026-02-06 13:16:49,463|INFO|random_mc2_n6_mid3_d1000_05_mr098_r10_200_uai_GDCC_1e-09_n200_roTrue_s0: Loading data from ../models/synthetic/s123/random_mc2_n6_mid3_d1000_05_mr098_r10_200.csv
2026-02-06 13:16:49,476|INFO|random_mc2_n6_mid3_d1000_05_mr098_r10_147_uai_GDCC_1e-09_n200_roTrue_s0: Arguments: Namespace(method='GDCC_1e-09', numruns='200', seed='0', output='../results/synthetic/s123/', rewrite=True, removeoutliers=True, filepath=['../models/synthetic/s123/random_mc2_n6_mid3_d1000_05_mr098_r10_147.uai'])
2026-02-06 13:16:49,476|INFO|random_mc2_n6_mid3_d1000_05_mr098_r10_147_uai_GDCC_1e-09_n200_roTrue_s0: Loading model from ../models/synthetic/s123/random_mc2_n6_mid3_d1000_05_mr098_r10_147.uai
2026-02-06 13:16:49,486|INFO|random_mc2_n6_mid3_d1000_05_mr098_r10_147_uai_GDCC_1e-09_n200_roTrue_s0: Loading data from ../models/synthetic/s123/random_mc2_n6_mid3_d1000_05_mr098_r10_147.csv
2026-02-06 13:16:49,543|INFO|random_mc2_n6_mid3_d1000_05_mr098_r10_200_uai_GDCC_1e-09_n200_roFalse_s0: Arguments: Namespace(method='GDCC_1e-09', numruns='200', seed='0', output='../results/synthetic/s123/', rewrite=True, removeoutliers=False, filepath=['../models/synthetic/s123/random_mc2_n6_mid3_d1000_05_mr098_r10_200.uai'])
2026-02-06 13:16:49,578|INFO|random_mc2_n6_mid3_d1000_05_mr098_r10_96_uai_GDCC_1e-09_n200_roTrue_s0: Arguments: Namespace(method='GDCC_1e-09', numruns='200', seed='0', output='../results/synthetic/s123/', rewrite=True, removeoutliers=True, filepath=['../models/synthetic/s123/random_mc2_n6_mid3_d1000_05_mr098_r10_96.uai'])
2026-02-06 13:16:49,544|INFO|random_mc2_n6_mid3_d1000_05_mr098_r10_200_uai_GDCC_1e-09_n200_roFalse_s0: Loading model from ../models/synthetic/s123/random_mc2_n6_mid3_d1000_05_mr098_r10_200.uai
2026-02-06 13:16:49,572|INFO|random_mc2_n6_mid3_d1000_05_mr098_r10_200_uai_GDCC_1e-09_n200_roFalse_s0: Loading data from ../models/synthetic/s123/random_mc2_n6_mid3_d1000_05_mr098_r10_200.csv
2026-02-06 13:16:49,578|INFO|random_mc2_n6_mid3_d1000_05_mr098_r10_96_uai_GDCC_1e-09_n200_roTrue_s0: Loading model from ../models/synthetic/s123/random_mc2_n6_mid3_d1000_05_mr098_r10_96.uai
2026-02-06 13:16:49,586|INFO|random_mc2_n6_mid3_d1000_05_mr098_r10_96_uai_GDCC_1e-09_n200_roTrue_s0: Loading data from ../models/synthetic/s123/random_mc2_n6_mid3_d1000_05_mr098_r10_96.csv
2026-02-06 13:16:49,595|INFO|random_mc2_n6_mid3_d1000_05_mr098_r10_96_uai_GDCC_1e-09_n200_roTrue_s0: PNS(V4,V3) exact: (0.55047, 0.55047)
2026-02-06 13:16:49,665|INFO|random_mc2_n5_mid3_d1000_05_mr098_r10_113_uai_GDCC_1e-09_n200_roTrue_s0: Arguments: Namespace(method='GDCC_1e-09', numruns='200', seed='0', output='../results/synthetic/s123/', rewrite=True, removeoutliers=True, filepath=['../models/synthetic/s123/random_mc2_n5_mid3_d1000_05_mr098_r10_113.uai'])
2026-02-06 13:16:49,665|INFO|random_mc2_n5_mid3_d1000_05_mr098_r10_113_uai_GDCC_1e-09_n200_roTrue_s0: Loading model from ../models/synthetic/s123/random_mc2_n5_mid3_d1000_05_mr098_r10_113.uai
2026-02-06 13:16:49,670|INFO|random_mc2_n5_mid3_d1000_05_mr098_r10_113_uai_GDCC_1e-09_n200_roTrue_s0: Loading data from ../models/synthetic/s123/random_mc2_n5_mid3_d1000_05_mr098_r10_113.csv
2026-02-06 13:16:49,681|INFO|random_mc2_n5_mid3_d1000_05_mr098_r10_113_uai_GDCC_1e-09_n200_roTrue_s0: PNS(V3,V1) exact: (0.3215531011, 0.5646456533000002)
2026-02-06 13:16:53,482|INFO|random_mc2_n6_mid3_d1000_05_mr098_r10_88_uai_GDCC_1e-09_n200_roFalse_s0: Arguments: Namespace(method='GDCC_1e-09', numruns='200', seed='0', output='../results/synthetic/s123/', rewrite=True, removeoutliers=False, filepath=['../models/synthetic/s123/random_mc2_n6_mid3_d1000_05_mr098_r10_88.uai'])
2026-02-06 13:16:53,489|INFO|random_mc2_n8_mid3_d1000_05_mr098_r10_76_uai_GDCC_1e-09_n200_roFalse_s0: Arguments: Namespace(method='GDCC_1e-09', numruns='200', seed='0', output='../results/synthetic/s123/', rewrite=True, removeoutliers=False, filepath=['../models/synthetic/s123/random_mc2_n8_mid3_d1000_05_mr098_r10_76.uai'])
2026-02-06 13:16:53,495|INFO|random_mc2_n7_mid3_d1000_05_mr098_r10_150_uai_GDCC_1e-09_n200_roFalse_s0: Arguments: Namespace(method='GDCC_1e-09', numruns='200', seed='0', output='../results/synthetic/s123/', rewrite=True, removeoutliers=False, filepath=['../models/synthetic/s123/random_mc2_n7_mid3_d1000_05_mr098_r10_150.uai'])
2026-02-06 13:16:53,482|INFO|random_mc2_n6_mid3_d1000_05_mr098_r10_88_uai_GDCC_1e-09_n200_roFalse_s0: Loading model from ../models/synthetic/s123/random_mc2_n6_mid3_d1000_05_mr098_r10_88.uai
2026-02-06 13:16:53,496|INFO|random_mc2_n6_mid3_d1000_05_mr098_r10_88_uai_GDCC_1e-09_n200_roFalse_s0: Loading data from ../models/synthetic/s123/random_mc2_n6_mid3_d1000_05_mr098_r10_88.csv
2026-02-06 13:16:53,489|INFO|random_mc2_n8_mid3_d1000_05_mr098_r10_76_uai_GDCC_1e-09_n200_roFalse_s0: Loading model from ../models/synthetic/s123/random_mc2_n8_mid3_d1000_05_mr098_r10_76.uai
2026-02-06 13:16:53,498|INFO|random_mc2_n8_mid3_d1000_05_mr098_r10_76_uai_GDCC_1e-09_n200_roFalse_s0: Loading data from ../models/synthetic/s123/random_mc2_n8_mid3_d1000_05_mr098_r10_76.csv
2026-02-06 13:16:53,508|INFO|random_mc2_n8_mid3_d1000_05_mr098_r10_76_uai_GDCC_1e-09_n200_roFalse_s0: PNS(V5,V4) exact: (0.400195964582856, 0.4868895953108599)
2026-02-06 13:16:53,495|INFO|random_mc2_n7_mid3_d1000_05_mr098_r10_150_uai_GDCC_1e-09_n200_roFalse_s0: Loading model from ../models/synthetic/s123/random_mc2_n7_mid3_d1000_05_mr098_r10_150.uai
2026-02-06 13:16:53,588|INFO|random_mc2_n7_mid3_d1000_05_mr098_r10_150_uai_GDCC_1e-09_n200_roFalse_s0: Loading data from ../models/synthetic/s123/random_mc2_n7_mid3_d1000_05_mr098_r10_150.csv
2026-02-06 13:16:54,159|INFO|random_mc2_n8_mid3_d1000_05_mr098_r10_38_uai_GDCC_1e-09_n200_roFalse_s0: Arguments: Namespace(method='GDCC_1e-09', numruns='200', seed='0', output='../results/synthetic/s123/', rewrite=True, removeoutliers=False, filepath=['../models/synthetic/s123/random_mc2_n8_mid3_d1000_05_mr098_r10_38.uai'])
2026-02-06 13:16:54,159|INFO|random_mc2_n8_mid3_d1000_05_mr098_r10_38_uai_GDCC_1e-09_n200_roFalse_s0: Loading model from ../models/synthetic/s123/random_mc2_n8_mid3_d1000_05_mr098_r10_38.uai
2026-02-06 13:16:54,186|INFO|random_mc2_n8_mid3_d1000_05_mr098_r10_38_uai_GDCC_1e-09_n200_roFalse_s0: Loading data from ../models/synthetic/s123/random_mc2_n8_mid3_d1000_05_mr098_r10_38.csv
2026-02-06 13:16:55,988|INFO|random_mc2_n5_mid3_d1000_05_mr098_r10_55_uai_GDCC_1e-09_n200_roFalse_s0: Arguments: Namespace(method='GDCC_1e-09', numruns='200', seed='0', output='../results/synthetic/s123/', rewrite=True, removeoutliers=False, filepath=['../models/synthetic/s123/random_mc2_n5_mid3_d1000_05_mr098_r10_55.uai'])
2026-02-06 13:16:55,988|INFO|random_mc2_n5_mid3_d1000_05_mr098_r10_55_uai_GDCC_1e-09_n200_roFalse_s0: Loading model from ../models/synthetic/s123/random_mc2_n5_mid3_d1000_05_mr098_r10_55.uai
2026-02-06 13:16:55,994|INFO|random_mc2_n5_mid3_d1000_05_mr098_r10_55_uai_GDCC_1e-09_n200_roFalse_s0: Loading data from ../models/synthetic/s123/random_mc2_n5_mid3_d1000_05_mr098_r10_55.csv
2026-02-06 13:16:56,006|INFO|random_mc2_n5_mid3_d1000_05_mr098_r10_55_uai_GDCC_1e-09_n200_roFalse_s0: PNS(V2,V3) exact: (0.2402970184, 0.3589271115)
2026-02-06 13:16:58,995|INFO|random_mc2_n5_mid3_d1000_05_mr098_r10_67_uai_GDCC_1e-09_n200_roFalse_s0: Arguments: Namespace(method='GDCC_1e-09', numruns='200', seed='0', output='../results/synthetic/s123/', rewrite=True, removeoutliers=False, filepath=['../models/synthetic/s123/random_mc2_n5_mid3_d1000_05_mr098_r10_67.uai'])
2026-02-06 13:16:59,025|INFO|random_mc2_n6_mid3_d1000_05_mr098_r10_186_uai_GDCC_1e-09_n200_roFalse_s0: Arguments: Namespace(method='GDCC_1e-09', numruns='200', seed='0', output='../results/synthetic/s123/', rewrite=True, removeoutliers=False, filepath=['../models/synthetic/s123/random_mc2_n6_mid3_d1000_05_mr098_r10_186.uai'])
2026-02-06 13:16:58,995|INFO|random_mc2_n5_mid3_d1000_05_mr098_r10_67_uai_GDCC_1e-09_n200_roFalse_s0: Loading model from ../models/synthetic/s123/random_mc2_n5_mid3_d1000_05_mr098_r10_67.uai
2026-02-06 13:16:59,001|INFO|random_mc2_n5_mid3_d1000_05_mr098_r10_67_uai_GDCC_1e-09_n200_roFalse_s0: Loading data from ../models/synthetic/s123/random_mc2_n5_mid3_d1000_05_mr098_r10_67.csv
2026-02-06 13:16:59,026|INFO|random_mc2_n6_mid3_d1000_05_mr098_r10_186_uai_GDCC_1e-09_n200_roFalse_s0: Loading model from ../models/synthetic/s123/random_mc2_n6_mid3_d1000_05_mr098_r10_186.uai
2026-02-06 13:16:59,053|INFO|random_mc2_n6_mid3_d1000_05_mr098_r10_186_uai_GDCC_1e-09_n200_roFalse_s0: Loading data from ../models/synthetic/s123/random_mc2_n6_mid3_d1000_05_mr098_r10_186.csv
2026-02-06 13:16:59,076|INFO|random_mc2_n7_mid3_d1000_05_mr098_r10_9_uai_GDCC_1e-09_n200_roFalse_s0: Arguments: Namespace(method='GDCC_1e-09', numruns='200', seed='0', output='../results/synthetic/s123/', rewrite=True, removeoutliers=False, filepath=['../models/synthetic/s123/random_mc2_n7_mid3_d1000_05_mr098_r10_9.uai'])
2026-02-06 13:16:59,113|INFO|random_mc2_n9_mid3_d1000_05_mr098_r10_133_uai_GDCC_1e-09_n200_roFalse_s0: Arguments: Namespace(method='GDCC_1e-09', numruns='200', seed='0', output='../results/synthetic/s123/', rewrite=True, removeoutliers=False, filepath=['../models/synthetic/s123/random_mc2_n9_mid3_d1000_05_mr098_r10_133.uai'])
2026-02-06 13:16:59,076|INFO|random_mc2_n7_mid3_d1000_05_mr098_r10_9_uai_GDCC_1e-09_n200_roFalse_s0: Loading model from ../models/synthetic/s123/random_mc2_n7_mid3_d1000_05_mr098_r10_9.uai
2026-02-06 13:16:59,091|INFO|random_mc2_n7_mid3_d1000_05_mr098_r10_9_uai_GDCC_1e-09_n200_roFalse_s0: Loading data from ../models/synthetic/s123/random_mc2_n7_mid3_d1000_05_mr098_r10_9.csv
2026-02-06 13:16:59,102|INFO|random_mc2_n7_mid3_d1000_05_mr098_r10_9_uai_GDCC_1e-09_n200_roFalse_s0: PNS(V2,V3) exact: (0.034282230913595, 0.271965748446975)
2026-02-06 13:16:59,114|INFO|random_mc2_n9_mid3_d1000_05_mr098_r10_133_uai_GDCC_1e-09_n200_roFalse_s0: Loading model from ../models/synthetic/s123/random_mc2_n9_mid3_d1000_05_mr098_r10_133.uai
2026-02-06 13:16:59,127|INFO|random_mc2_n9_mid3_d1000_05_mr098_r10_133_uai_GDCC_1e-09_n200_roFalse_s0: Loading data from ../models/synthetic/s123/random_mc2_n9_mid3_d1000_05_mr098_r10_133.csv
2026-02-06 13:16:59,175|INFO|random_mc2_n5_mid3_d1000_05_mr098_r10_171_uai_GDCC_1e-09_n200_roFalse_s0: Arguments: Namespace(method='GDCC_1e-09', numruns='200', seed='0', output='../results/synthetic/s123/', rewrite=True, removeoutliers=False, filepath=['../models/synthetic/s123/random_mc2_n5_mid3_d1000_05_mr098_r10_171.uai'])
2026-02-06 13:16:59,175|INFO|random_mc2_n5_mid3_d1000_05_mr098_r10_171_uai_GDCC_1e-09_n200_roFalse_s0: Loading model from ../models/synthetic/s123/random_mc2_n5_mid3_d1000_05_mr098_r10_171.uai
2026-02-06 13:16:59,181|INFO|random_mc2_n5_mid3_d1000_05_mr098_r10_171_uai_GDCC_1e-09_n200_roFalse_s0: Loading data from ../models/synthetic/s123/random_mc2_n5_mid3_d1000_05_mr098_r10_171.csv
2026-02-06 13:16:59,190|INFO|random_mc2_n5_mid3_d1000_05_mr098_r10_171_uai_GDCC_1e-09_n200_roFalse_s0: PNS(V1,V3) exact: (0.1863474158, 0.2259063265)
2026-02-06 13:17:00,105|INFO|random_mc2_n5_mid3_d1000_05_mr098_r10_154_uai_GDCC_1e-09_n200_roFalse_s0: Arguments: Namespace(method='GDCC_1e-09', numruns='200', seed='0', output='../results/synthetic/s123/', rewrite=True, removeoutliers=False, filepath=['../models/synthetic/s123/random_mc2_n5_mid3_d1000_05_mr098_r10_154.uai'])
2026-02-06 13:17:00,133|INFO|random_mc2_n8_mid3_d1000_05_mr098_r10_26_uai_GDCC_1e-09_n200_roTrue_s0: Arguments: Namespace(method='GDCC_1e-09', numruns='200', seed='0', output='../results/synthetic/s123/', rewrite=True, removeoutliers=True, filepath=['../models/synthetic/s123/random_mc2_n8_mid3_d1000_05_mr098_r10_26.uai'])
2026-02-06 13:17:00,105|INFO|random_mc2_n5_mid3_d1000_05_mr098_r10_154_uai_GDCC_1e-09_n200_roFalse_s0: Loading model from ../models/synthetic/s123/random_mc2_n5_mid3_d1000_05_mr098_r10_154.uai
2026-02-06 13:17:00,118|INFO|random_mc2_n5_mid3_d1000_05_mr098_r10_154_uai_GDCC_1e-09_n200_roFalse_s0: Loading data from ../models/synthetic/s123/random_mc2_n5_mid3_d1000_05_mr098_r10_154.csv
2026-02-06 13:17:00,162|INFO|random_mc2_n5_mid3_d1000_05_mr098_r10_68_uai_GDCC_1e-09_n200_roTrue_s0: Arguments: Namespace(method='GDCC_1e-09', numruns='200', seed='0', output='../results/synthetic/s123/', rewrite=True, removeoutliers=True, filepath=['../models/synthetic/s123/random_mc2_n5_mid3_d1000_05_mr098_r10_68.uai'])
2026-02-06 13:17:00,134|INFO|random_mc2_n8_mid3_d1000_05_mr098_r10_26_uai_GDCC_1e-09_n200_roTrue_s0: Loading model from ../models/synthetic/s123/random_mc2_n8_mid3_d1000_05_mr098_r10_26.uai
2026-02-06 13:17:00,155|INFO|random_mc2_n8_mid3_d1000_05_mr098_r10_26_uai_GDCC_1e-09_n200_roTrue_s0: Loading data from ../models/synthetic/s123/random_mc2_n8_mid3_d1000_05_mr098_r10_26.csv
2026-02-06 13:17:00,197|INFO|random_mc2_n5_mid3_d1000_05_mr098_r10_104_uai_GDCC_1e-09_n200_roFalse_s0: Arguments: Namespace(method='GDCC_1e-09', numruns='200', seed='0', output='../results/synthetic/s123/', rewrite=True, removeoutliers=False, filepath=['../models/synthetic/s123/random_mc2_n5_mid3_d1000_05_mr098_r10_104.uai'])
2026-02-06 13:17:00,163|INFO|random_mc2_n5_mid3_d1000_05_mr098_r10_68_uai_GDCC_1e-09_n200_roTrue_s0: Loading model from ../models/synthetic/s123/random_mc2_n5_mid3_d1000_05_mr098_r10_68.uai
2026-02-06 13:17:00,167|INFO|random_mc2_n5_mid3_d1000_05_mr098_r10_68_uai_GDCC_1e-09_n200_roTrue_s0: Loading data from ../models/synthetic/s123/random_mc2_n5_mid3_d1000_05_mr098_r10_68.csv
2026-02-06 13:17:00,210|INFO|random_mc2_n7_mid3_d1000_05_mr098_r10_42_uai_GDCC_1e-09_n200_roTrue_s0: Arguments: Namespace(method='GDCC_1e-09', numruns='200', seed='0', output='../results/synthetic/s123/', rewrite=True, removeoutliers=True, filepath=['../models/synthetic/s123/random_mc2_n7_mid3_d1000_05_mr098_r10_42.uai'])
2026-02-06 13:17:00,198|INFO|random_mc2_n5_mid3_d1000_05_mr098_r10_104_uai_GDCC_1e-09_n200_roFalse_s0: Loading model from ../models/synthetic/s123/random_mc2_n5_mid3_d1000_05_mr098_r10_104.uai
2026-02-06 13:17:00,202|INFO|random_mc2_n5_mid3_d1000_05_mr098_r10_104_uai_GDCC_1e-09_n200_roFalse_s0: Loading data from ../models/synthetic/s123/random_mc2_n5_mid3_d1000_05_mr098_r10_104.csv
2026-02-06 13:17:00,211|INFO|random_mc2_n5_mid3_d1000_05_mr098_r10_104_uai_GDCC_1e-09_n200_roFalse_s0: PNS(V3,V4) exact: (0.12079, 0.5248300000000001)
2026-02-06 13:17:00,210|INFO|random_mc2_n7_mid3_d1000_05_mr098_r10_42_uai_GDCC_1e-09_n200_roTrue_s0: Loading model from ../models/synthetic/s123/random_mc2_n7_mid3_d1000_05_mr098_r10_42.uai
2026-02-06 13:17:00,220|INFO|random_mc2_n7_mid3_d1000_05_mr098_r10_42_uai_GDCC_1e-09_n200_roTrue_s0: Loading data from ../models/synthetic/s123/random_mc2_n7_mid3_d1000_05_mr098_r10_42.csv
2026-02-06 13:17:00,229|INFO|random_mc2_n7_mid3_d1000_05_mr098_r10_42_uai_GDCC_1e-09_n200_roTrue_s0: PNS(V0,V3) exact: (0.0, 0.0)
2026-02-06 13:17:00,229|ERROR|random_mc2_n7_mid3_d1000_05_mr098_r10_42_uai_GDCC_1e-09_n200_roTrue_s0: Model does not have any cause-effect path.
2026-02-06 13:17:02,538|INFO|random_mc2_n7_mid3_d1000_05_mr098_r10_126_uai_GDCC_1e-09_n200_roFalse_s0: Arguments: Namespace(method='GDCC_1e-09', numruns='200', seed='0', output='../results/synthetic/s123/', rewrite=True, removeoutliers=False, filepath=['../models/synthetic/s123/random_mc2_n7_mid3_d1000_05_mr098_r10_126.uai'])
2026-02-06 13:17:02,539|INFO|random_mc2_n7_mid3_d1000_05_mr098_r10_126_uai_GDCC_1e-09_n200_roFalse_s0: Loading model from ../models/synthetic/s123/random_mc2_n7_mid3_d1000_05_mr098_r10_126.uai
2026-02-06 13:17:02,551|INFO|random_mc2_n7_mid3_d1000_05_mr098_r10_126_uai_GDCC_1e-09_n200_roFalse_s0: Loading data from ../models/synthetic/s123/random_mc2_n7_mid3_d1000_05_mr098_r10_126.csv
2026-02-06 13:17:02,564|INFO|random_mc2_n7_mid3_d1000_05_mr098_r10_126_uai_GDCC_1e-09_n200_roFalse_s0: PNS(V0,V1) exact: (0.2650857268885659, 0.4244970236778398)
2026-02-06 13:17:02,642|INFO|random_mc2_n9_mid3_d1000_05_mr098_r10_122_uai_GDCC_1e-09_n200_roFalse_s0: Arguments: Namespace(method='GDCC_1e-09', numruns='200', seed='0', output='../results/synthetic/s123/', rewrite=True, removeoutliers=False, filepath=['../models/synthetic/s123/random_mc2_n9_mid3_d1000_05_mr098_r10_122.uai'])
2026-02-06 13:17:02,642|INFO|random_mc2_n9_mid3_d1000_05_mr098_r10_122_uai_GDCC_1e-09_n200_roFalse_s0: Loading model from ../models/synthetic/s123/random_mc2_n9_mid3_d1000_05_mr098_r10_122.uai
2026-02-06 13:17:02,684|INFO|random_mc2_n5_mid3_d1000_05_mr098_r10_170_uai_GDCC_1e-09_n200_roTrue_s0: Arguments: Namespace(method='GDCC_1e-09', numruns='200', seed='0', output='../results/synthetic/s123/', rewrite=True, removeoutliers=True, filepath=['../models/synthetic/s123/random_mc2_n5_mid3_d1000_05_mr098_r10_170.uai'])
2026-02-06 13:17:02,687|INFO|random_mc2_n8_mid3_d1000_05_mr098_r10_13_uai_GDCC_1e-09_n200_roFalse_s0: Arguments: Namespace(method='GDCC_1e-09', numruns='200', seed='0', output='../results/synthetic/s123/', rewrite=True, removeoutliers=False, filepath=['../models/synthetic/s123/random_mc2_n8_mid3_d1000_05_mr098_r10_13.uai'])
2026-02-06 13:17:02,689|INFO|random_mc2_n6_mid3_d1000_05_mr098_r10_169_uai_GDCC_1e-09_n200_roTrue_s0: Arguments: Namespace(method='GDCC_1e-09', numruns='200', seed='0', output='../results/synthetic/s123/', rewrite=True, removeoutliers=True, filepath=['../models/synthetic/s123/random_mc2_n6_mid3_d1000_05_mr098_r10_169.uai'])
2026-02-06 13:17:02,697|INFO|random_mc2_n6_mid3_d1000_05_mr098_r10_179_uai_GDCC_1e-09_n200_roTrue_s0: Arguments: Namespace(method='GDCC_1e-09', numruns='200', seed='0', output='../results/synthetic/s123/', rewrite=True, removeoutliers=True, filepath=['../models/synthetic/s123/random_mc2_n6_mid3_d1000_05_mr098_r10_179.uai'])
2026-02-06 13:17:02,684|INFO|random_mc2_n5_mid3_d1000_05_mr098_r10_170_uai_GDCC_1e-09_n200_roTrue_s0: Loading model from ../models/synthetic/s123/random_mc2_n5_mid3_d1000_05_mr098_r10_170.uai
2026-02-06 13:17:02,690|INFO|random_mc2_n5_mid3_d1000_05_mr098_r10_170_uai_GDCC_1e-09_n200_roTrue_s0: Loading data from ../models/synthetic/s123/random_mc2_n5_mid3_d1000_05_mr098_r10_170.csv
2026-02-06 13:17:02,687|INFO|random_mc2_n8_mid3_d1000_05_mr098_r10_13_uai_GDCC_1e-09_n200_roFalse_s0: Loading model from ../models/synthetic/s123/random_mc2_n8_mid3_d1000_05_mr098_r10_13.uai
2026-02-06 13:17:02,696|INFO|random_mc2_n8_mid3_d1000_05_mr098_r10_13_uai_GDCC_1e-09_n200_roFalse_s0: Loading data from ../models/synthetic/s123/random_mc2_n8_mid3_d1000_05_mr098_r10_13.csv
2026-02-06 13:17:02,689|INFO|random_mc2_n6_mid3_d1000_05_mr098_r10_169_uai_GDCC_1e-09_n200_roTrue_s0: Loading model from ../models/synthetic/s123/random_mc2_n6_mid3_d1000_05_mr098_r10_169.uai
2026-02-06 13:17:02,696|INFO|random_mc2_n6_mid3_d1000_05_mr098_r10_169_uai_GDCC_1e-09_n200_roTrue_s0: Loading data from ../models/synthetic/s123/random_mc2_n6_mid3_d1000_05_mr098_r10_169.csv
2026-02-06 13:17:02,706|INFO|random_mc2_n6_mid3_d1000_05_mr098_r10_169_uai_GDCC_1e-09_n200_roTrue_s0: PNS(V2,V3) exact: (0.0, 0.039991749496806)
2026-02-06 13:17:02,697|INFO|random_mc2_n6_mid3_d1000_05_mr098_r10_179_uai_GDCC_1e-09_n200_roTrue_s0: Loading model from ../models/synthetic/s123/random_mc2_n6_mid3_d1000_05_mr098_r10_179.uai
2026-02-06 13:17:02,743|INFO|random_mc2_n6_mid3_d1000_05_mr098_r10_128_uai_GDCC_1e-09_n200_roFalse_s0: Arguments: Namespace(method='GDCC_1e-09', numruns='200', seed='0', output='../results/synthetic/s123/', rewrite=True, removeoutliers=False, filepath=['../models/synthetic/s123/random_mc2_n6_mid3_d1000_05_mr098_r10_128.uai'])
2026-02-06 13:17:02,745|INFO|random_mc2_n5_mid3_d1000_05_mr098_r10_40_uai_GDCC_1e-09_n200_roTrue_s0: Arguments: Namespace(method='GDCC_1e-09', numruns='200', seed='0', output='../results/synthetic/s123/', rewrite=True, removeoutliers=True, filepath=['../models/synthetic/s123/random_mc2_n5_mid3_d1000_05_mr098_r10_40.uai'])
2026-02-06 13:17:02,761|INFO|random_mc2_n5_mid3_d1000_05_mr098_r10_164_uai_GDCC_1e-09_n200_roTrue_s0: Arguments: Namespace(method='GDCC_1e-09', numruns='200', seed='0', output='../results/synthetic/s123/', rewrite=True, removeoutliers=True, filepath=['../models/synthetic/s123/random_mc2_n5_mid3_d1000_05_mr098_r10_164.uai'])
2026-02-06 13:17:02,773|INFO|random_mc2_n5_mid3_d1000_05_mr098_r10_83_uai_GDCC_1e-09_n200_roFalse_s0: Arguments: Namespace(method='GDCC_1e-09', numruns='200', seed='0', output='../results/synthetic/s123/', rewrite=True, removeoutliers=False, filepath=['../models/synthetic/s123/random_mc2_n5_mid3_d1000_05_mr098_r10_83.uai'])
2026-02-06 13:17:02,743|INFO|random_mc2_n6_mid3_d1000_05_mr098_r10_128_uai_GDCC_1e-09_n200_roFalse_s0: Loading model from ../models/synthetic/s123/random_mc2_n6_mid3_d1000_05_mr098_r10_128.uai
2026-02-06 13:17:02,753|INFO|random_mc2_n6_mid3_d1000_05_mr098_r10_128_uai_GDCC_1e-09_n200_roFalse_s0: Loading data from ../models/synthetic/s123/random_mc2_n6_mid3_d1000_05_mr098_r10_128.csv
2026-02-06 13:17:02,763|INFO|random_mc2_n6_mid3_d1000_05_mr098_r10_128_uai_GDCC_1e-09_n200_roFalse_s0: PNS(V0,V4) exact: (0.38097471340495, 0.457162013037466)
2026-02-06 13:17:02,745|INFO|random_mc2_n5_mid3_d1000_05_mr098_r10_40_uai_GDCC_1e-09_n200_roTrue_s0: Loading model from ../models/synthetic/s123/random_mc2_n5_mid3_d1000_05_mr098_r10_40.uai
2026-02-06 13:17:02,751|INFO|random_mc2_n5_mid3_d1000_05_mr098_r10_40_uai_GDCC_1e-09_n200_roTrue_s0: Loading data from ../models/synthetic/s123/random_mc2_n5_mid3_d1000_05_mr098_r10_40.csv
2026-02-06 13:17:02,793|INFO|random_mc2_n5_mid3_d1000_05_mr098_r10_119_uai_GDCC_1e-09_n200_roFalse_s0: Arguments: Namespace(method='GDCC_1e-09', numruns='200', seed='0', output='../results/synthetic/s123/', rewrite=True, removeoutliers=False, filepath=['../models/synthetic/s123/random_mc2_n5_mid3_d1000_05_mr098_r10_119.uai'])
2026-02-06 13:17:02,761|INFO|random_mc2_n5_mid3_d1000_05_mr098_r10_164_uai_GDCC_1e-09_n200_roTrue_s0: Loading model from ../models/synthetic/s123/random_mc2_n5_mid3_d1000_05_mr098_r10_164.uai
2026-02-06 13:17:02,801|INFO|random_mc2_n5_mid3_d1000_05_mr098_r10_182_uai_GDCC_1e-09_n200_roTrue_s0: Arguments: Namespace(method='GDCC_1e-09', numruns='200', seed='0', output='../results/synthetic/s123/', rewrite=True, removeoutliers=True, filepath=['../models/synthetic/s123/random_mc2_n5_mid3_d1000_05_mr098_r10_182.uai'])
2026-02-06 13:17:02,768|INFO|random_mc2_n5_mid3_d1000_05_mr098_r10_164_uai_GDCC_1e-09_n200_roTrue_s0: Loading data from ../models/synthetic/s123/random_mc2_n5_mid3_d1000_05_mr098_r10_164.csv
2026-02-06 13:17:02,774|INFO|random_mc2_n5_mid3_d1000_05_mr098_r10_83_uai_GDCC_1e-09_n200_roFalse_s0: Loading model from ../models/synthetic/s123/random_mc2_n5_mid3_d1000_05_mr098_r10_83.uai
2026-02-06 13:17:02,782|INFO|random_mc2_n5_mid3_d1000_05_mr098_r10_83_uai_GDCC_1e-09_n200_roFalse_s0: Loading data from ../models/synthetic/s123/random_mc2_n5_mid3_d1000_05_mr098_r10_83.csv
2026-02-06 13:17:02,826|INFO|random_mc2_n8_mid3_d1000_05_mr098_r10_151_uai_GDCC_1e-09_n200_roFalse_s0: Arguments: Namespace(method='GDCC_1e-09', numruns='200', seed='0', output='../results/synthetic/s123/', rewrite=True, removeoutliers=False, filepath=['../models/synthetic/s123/random_mc2_n8_mid3_d1000_05_mr098_r10_151.uai'])
2026-02-06 13:17:02,793|INFO|random_mc2_n5_mid3_d1000_05_mr098_r10_119_uai_GDCC_1e-09_n200_roFalse_s0: Loading model from ../models/synthetic/s123/random_mc2_n5_mid3_d1000_05_mr098_r10_119.uai
2026-02-06 13:17:02,801|INFO|random_mc2_n5_mid3_d1000_05_mr098_r10_119_uai_GDCC_1e-09_n200_roFalse_s0: Loading data from ../models/synthetic/s123/random_mc2_n5_mid3_d1000_05_mr098_r10_119.csv
2026-02-06 13:17:02,833|INFO|random_mc2_n8_mid3_d1000_05_mr098_r10_175_uai_GDCC_1e-09_n200_roTrue_s0: Arguments: Namespace(method='GDCC_1e-09', numruns='200', seed='0', output='../results/synthetic/s123/', rewrite=True, removeoutliers=True, filepath=['../models/synthetic/s123/random_mc2_n8_mid3_d1000_05_mr098_r10_175.uai'])
2026-02-06 13:17:02,801|INFO|random_mc2_n5_mid3_d1000_05_mr098_r10_182_uai_GDCC_1e-09_n200_roTrue_s0: Loading model from ../models/synthetic/s123/random_mc2_n5_mid3_d1000_05_mr098_r10_182.uai
2026-02-06 13:17:02,807|INFO|random_mc2_n5_mid3_d1000_05_mr098_r10_182_uai_GDCC_1e-09_n200_roTrue_s0: Loading data from ../models/synthetic/s123/random_mc2_n5_mid3_d1000_05_mr098_r10_182.csv
2026-02-06 13:17:02,852|INFO|random_mc2_n7_mid3_d1000_05_mr098_r10_89_uai_GDCC_1e-09_n200_roFalse_s0: Arguments: Namespace(method='GDCC_1e-09', numruns='200', seed='0', output='../results/synthetic/s123/', rewrite=True, removeoutliers=False, filepath=['../models/synthetic/s123/random_mc2_n7_mid3_d1000_05_mr098_r10_89.uai'])
2026-02-06 13:17:02,826|INFO|random_mc2_n8_mid3_d1000_05_mr098_r10_151_uai_GDCC_1e-09_n200_roFalse_s0: Loading model from ../models/synthetic/s123/random_mc2_n8_mid3_d1000_05_mr098_r10_151.uai
2026-02-06 13:17:02,834|INFO|random_mc2_n8_mid3_d1000_05_mr098_r10_175_uai_GDCC_1e-09_n200_roTrue_s0: Loading model from ../models/synthetic/s123/random_mc2_n8_mid3_d1000_05_mr098_r10_175.uai
2026-02-06 13:17:02,872|INFO|random_mc2_n8_mid3_d1000_05_mr098_r10_175_uai_GDCC_1e-09_n200_roTrue_s0: Loading data from ../models/synthetic/s123/random_mc2_n8_mid3_d1000_05_mr098_r10_175.csv
2026-02-06 13:17:02,889|INFO|random_mc2_n9_mid3_d1000_05_mr098_r10_122_uai_GDCC_1e-09_n200_roFalse_s0: Loading data from ../models/synthetic/s123/random_mc2_n9_mid3_d1000_05_mr098_r10_122.csv
2026-02-06 13:17:02,852|INFO|random_mc2_n7_mid3_d1000_05_mr098_r10_89_uai_GDCC_1e-09_n200_roFalse_s0: Loading model from ../models/synthetic/s123/random_mc2_n7_mid3_d1000_05_mr098_r10_89.uai
2026-02-06 13:17:02,866|INFO|random_mc2_n7_mid3_d1000_05_mr098_r10_89_uai_GDCC_1e-09_n200_roFalse_s0: Loading data from ../models/synthetic/s123/random_mc2_n7_mid3_d1000_05_mr098_r10_89.csv
2026-02-06 13:17:02,876|INFO|random_mc2_n7_mid3_d1000_05_mr098_r10_89_uai_GDCC_1e-09_n200_roFalse_s0: PNS(V3,V5) exact: (0.004984755025224, 0.0216545809382499)
2026-02-06 13:17:02,909|INFO|random_mc2_n6_mid3_d1000_05_mr098_r10_179_uai_GDCC_1e-09_n200_roTrue_s0: Loading data from ../models/synthetic/s123/random_mc2_n6_mid3_d1000_05_mr098_r10_179.csv
2026-02-06 13:17:03,049|INFO|random_mc2_n8_mid3_d1000_05_mr098_r10_151_uai_GDCC_1e-09_n200_roFalse_s0: Loading data from ../models/synthetic/s123/random_mc2_n8_mid3_d1000_05_mr098_r10_151.csv
2026-02-06 13:17:04,481|INFO|random_mc2_n9_mid3_d1000_05_mr098_r10_146_uai_GDCC_1e-09_n200_roTrue_s0: Arguments: Namespace(method='GDCC_1e-09', numruns='200', seed='0', output='../results/synthetic/s123/', rewrite=True, removeoutliers=True, filepath=['../models/synthetic/s123/random_mc2_n9_mid3_d1000_05_mr098_r10_146.uai'])
2026-02-06 13:17:04,481|INFO|random_mc2_n9_mid3_d1000_05_mr098_r10_146_uai_GDCC_1e-09_n200_roTrue_s0: Loading model from ../models/synthetic/s123/random_mc2_n9_mid3_d1000_05_mr098_r10_146.uai
2026-02-06 13:17:04,498|INFO|random_mc2_n9_mid3_d1000_05_mr098_r10_146_uai_GDCC_1e-09_n200_roTrue_s0: Loading data from ../models/synthetic/s123/random_mc2_n9_mid3_d1000_05_mr098_r10_146.csv
2026-02-06 13:17:05,781|INFO|random_mc2_n7_mid3_d1000_05_mr098_r10_2_uai_GDCC_1e-09_n200_roFalse_s0: Arguments: Namespace(method='GDCC_1e-09', numruns='200', seed='0', output='../results/synthetic/s123/', rewrite=True, removeoutliers=False, filepath=['../models/synthetic/s123/random_mc2_n7_mid3_d1000_05_mr098_r10_2.uai'])
2026-02-06 13:17:05,782|INFO|random_mc2_n5_mid3_d1000_05_mr098_r10_150_uai_GDCC_1e-09_n200_roFalse_s0: Arguments: Namespace(method='GDCC_1e-09', numruns='200', seed='0', output='../results/synthetic/s123/', rewrite=True, removeoutliers=False, filepath=['../models/synthetic/s123/random_mc2_n5_mid3_d1000_05_mr098_r10_150.uai'])
2026-02-06 13:17:05,786|INFO|random_mc2_n9_mid3_d1000_05_mr098_r10_119_uai_GDCC_1e-09_n200_roFalse_s0: Arguments: Namespace(method='GDCC_1e-09', numruns='200', seed='0', output='../results/synthetic/s123/', rewrite=True, removeoutliers=False, filepath=['../models/synthetic/s123/random_mc2_n9_mid3_d1000_05_mr098_r10_119.uai'])
2026-02-06 13:17:05,781|INFO|random_mc2_n7_mid3_d1000_05_mr098_r10_2_uai_GDCC_1e-09_n200_roFalse_s0: Loading model from ../models/synthetic/s123/random_mc2_n7_mid3_d1000_05_mr098_r10_2.uai
2026-02-06 13:17:05,796|INFO|random_mc2_n7_mid3_d1000_05_mr098_r10_2_uai_GDCC_1e-09_n200_roFalse_s0: Loading data from ../models/synthetic/s123/random_mc2_n7_mid3_d1000_05_mr098_r10_2.csv
2026-02-06 13:17:05,806|INFO|random_mc2_n7_mid3_d1000_05_mr098_r10_2_uai_GDCC_1e-09_n200_roFalse_s0: PNS(V6,V5) exact: (0.17496630889, 0.198271938213)
2026-02-06 13:17:05,782|INFO|random_mc2_n5_mid3_d1000_05_mr098_r10_150_uai_GDCC_1e-09_n200_roFalse_s0: Loading model from ../models/synthetic/s123/random_mc2_n5_mid3_d1000_05_mr098_r10_150.uai
2026-02-06 13:17:05,791|INFO|random_mc2_n5_mid3_d1000_05_mr098_r10_150_uai_GDCC_1e-09_n200_roFalse_s0: Loading data from ../models/synthetic/s123/random_mc2_n5_mid3_d1000_05_mr098_r10_150.csv
2026-02-06 13:17:05,786|INFO|random_mc2_n9_mid3_d1000_05_mr098_r10_119_uai_GDCC_1e-09_n200_roFalse_s0: Loading model from ../models/synthetic/s123/random_mc2_n9_mid3_d1000_05_mr098_r10_119.uai
2026-02-06 13:17:05,800|INFO|random_mc2_n9_mid3_d1000_05_mr098_r10_119_uai_GDCC_1e-09_n200_roFalse_s0: Loading data from ../models/synthetic/s123/random_mc2_n9_mid3_d1000_05_mr098_r10_119.csv
2026-02-06 13:17:05,811|INFO|random_mc2_n9_mid3_d1000_05_mr098_r10_119_uai_GDCC_1e-09_n200_roFalse_s0: PNS(V0,V8) exact: (0.0742677176, 0.0951852808999999)
2026-02-06 13:17:06,341|INFO|random_mc2_n8_mid3_d1000_05_mr098_r10_118_uai_GDCC_1e-09_n200_roTrue_s0: Arguments: Namespace(method='GDCC_1e-09', numruns='200', seed='0', output='../results/synthetic/s123/', rewrite=True, removeoutliers=True, filepath=['../models/synthetic/s123/random_mc2_n8_mid3_d1000_05_mr098_r10_118.uai'])
2026-02-06 13:17:06,341|INFO|random_mc2_n8_mid3_d1000_05_mr098_r10_118_uai_GDCC_1e-09_n200_roTrue_s0: Loading model from ../models/synthetic/s123/random_mc2_n8_mid3_d1000_05_mr098_r10_118.uai
2026-02-06 13:17:06,569|INFO|random_mc2_n8_mid3_d1000_05_mr098_r10_118_uai_GDCC_1e-09_n200_roTrue_s0: Loading data from ../models/synthetic/s123/random_mc2_n8_mid3_d1000_05_mr098_r10_118.csv
2026-02-06 13:17:12,208|INFO|random_mc2_n6_mid3_d1000_05_mr098_r10_42_uai_GDCC_1e-09_n200_roFalse_s0: Arguments: Namespace(method='GDCC_1e-09', numruns='200', seed='0', output='../results/synthetic/s123/', rewrite=True, removeoutliers=False, filepath=['../models/synthetic/s123/random_mc2_n6_mid3_d1000_05_mr098_r10_42.uai'])
2026-02-06 13:17:12,209|INFO|random_mc2_n6_mid3_d1000_05_mr098_r10_42_uai_GDCC_1e-09_n200_roFalse_s0: Loading model from ../models/synthetic/s123/random_mc2_n6_mid3_d1000_05_mr098_r10_42.uai
2026-02-06 13:17:12,217|INFO|random_mc2_n6_mid3_d1000_05_mr098_r10_42_uai_GDCC_1e-09_n200_roFalse_s0: Loading data from ../models/synthetic/s123/random_mc2_n6_mid3_d1000_05_mr098_r10_42.csv
2026-02-06 13:17:12,230|INFO|random_mc2_n6_mid3_d1000_05_mr098_r10_42_uai_GDCC_1e-09_n200_roFalse_s0: PNS(V3,V2) exact: (0.2100591484485759, 0.483114152283904)
2026-02-06 13:17:12,273|INFO|random_mc2_n8_mid3_d1000_05_mr098_r10_152_uai_GDCC_1e-09_n200_roTrue_s0: Arguments: Namespace(method='GDCC_1e-09', numruns='200', seed='0', output='../results/synthetic/s123/', rewrite=True, removeoutliers=True, filepath=['../models/synthetic/s123/random_mc2_n8_mid3_d1000_05_mr098_r10_152.uai'])
2026-02-06 13:17:12,295|INFO|random_mc2_n5_mid3_d1000_05_mr098_r10_26_uai_GDCC_1e-09_n200_roTrue_s0: Arguments: Namespace(method='GDCC_1e-09', numruns='200', seed='0', output='../results/synthetic/s123/', rewrite=True, removeoutliers=True, filepath=['../models/synthetic/s123/random_mc2_n5_mid3_d1000_05_mr098_r10_26.uai'])
2026-02-06 13:17:12,273|INFO|random_mc2_n8_mid3_d1000_05_mr098_r10_152_uai_GDCC_1e-09_n200_roTrue_s0: Loading model from ../models/synthetic/s123/random_mc2_n8_mid3_d1000_05_mr098_r10_152.uai
2026-02-06 13:17:12,288|INFO|random_mc2_n8_mid3_d1000_05_mr098_r10_152_uai_GDCC_1e-09_n200_roTrue_s0: Loading data from ../models/synthetic/s123/random_mc2_n8_mid3_d1000_05_mr098_r10_152.csv
2026-02-06 13:17:12,296|INFO|random_mc2_n5_mid3_d1000_05_mr098_r10_26_uai_GDCC_1e-09_n200_roTrue_s0: Loading model from ../models/synthetic/s123/random_mc2_n5_mid3_d1000_05_mr098_r10_26.uai
2026-02-06 13:17:12,301|INFO|random_mc2_n5_mid3_d1000_05_mr098_r10_26_uai_GDCC_1e-09_n200_roTrue_s0: Loading data from ../models/synthetic/s123/random_mc2_n5_mid3_d1000_05_mr098_r10_26.csv
2026-02-06 13:17:12,359|INFO|random_mc2_n6_mid3_d1000_05_mr098_r10_164_uai_GDCC_1e-09_n200_roFalse_s0: Arguments: Namespace(method='GDCC_1e-09', numruns='200', seed='0', output='../results/synthetic/s123/', rewrite=True, removeoutliers=False, filepath=['../models/synthetic/s123/random_mc2_n6_mid3_d1000_05_mr098_r10_164.uai'])
2026-02-06 13:17:12,374|INFO|random_mc2_n6_mid3_d1000_05_mr098_r10_173_uai_GDCC_1e-09_n200_roTrue_s0: Arguments: Namespace(method='GDCC_1e-09', numruns='200', seed='0', output='../results/synthetic/s123/', rewrite=True, removeoutliers=True, filepath=['../models/synthetic/s123/random_mc2_n6_mid3_d1000_05_mr098_r10_173.uai'])
2026-02-06 13:17:12,378|INFO|random_mc2_n5_mid3_d1000_05_mr098_r10_95_uai_GDCC_1e-09_n200_roFalse_s0: Arguments: Namespace(method='GDCC_1e-09', numruns='200', seed='0', output='../results/synthetic/s123/', rewrite=True, removeoutliers=False, filepath=['../models/synthetic/s123/random_mc2_n5_mid3_d1000_05_mr098_r10_95.uai'])
2026-02-06 13:17:12,359|INFO|random_mc2_n6_mid3_d1000_05_mr098_r10_164_uai_GDCC_1e-09_n200_roFalse_s0: Loading model from ../models/synthetic/s123/random_mc2_n6_mid3_d1000_05_mr098_r10_164.uai
2026-02-06 13:17:12,367|INFO|random_mc2_n6_mid3_d1000_05_mr098_r10_164_uai_GDCC_1e-09_n200_roFalse_s0: Loading data from ../models/synthetic/s123/random_mc2_n6_mid3_d1000_05_mr098_r10_164.csv
2026-02-06 13:17:12,377|INFO|random_mc2_n6_mid3_d1000_05_mr098_r10_164_uai_GDCC_1e-09_n200_roFalse_s0: PNS(V4,V3) exact: (0.19591, 0.25606)
2026-02-06 13:17:12,374|INFO|random_mc2_n6_mid3_d1000_05_mr098_r10_173_uai_GDCC_1e-09_n200_roTrue_s0: Loading model from ../models/synthetic/s123/random_mc2_n6_mid3_d1000_05_mr098_r10_173.uai
2026-02-06 13:17:12,386|INFO|random_mc2_n6_mid3_d1000_05_mr098_r10_173_uai_GDCC_1e-09_n200_roTrue_s0: Loading data from ../models/synthetic/s123/random_mc2_n6_mid3_d1000_05_mr098_r10_173.csv
2026-02-06 13:17:12,398|INFO|random_mc2_n6_mid3_d1000_05_mr098_r10_173_uai_GDCC_1e-09_n200_roTrue_s0: PNS(V0,V1) exact: (0.1087817342113937, 0.3199727789499366)
2026-02-06 13:17:12,378|INFO|random_mc2_n5_mid3_d1000_05_mr098_r10_95_uai_GDCC_1e-09_n200_roFalse_s0: Loading model from ../models/synthetic/s123/random_mc2_n5_mid3_d1000_05_mr098_r10_95.uai
2026-02-06 13:17:12,386|INFO|random_mc2_n5_mid3_d1000_05_mr098_r10_95_uai_GDCC_1e-09_n200_roFalse_s0: Loading data from ../models/synthetic/s123/random_mc2_n5_mid3_d1000_05_mr098_r10_95.csv
2026-02-06 13:17:12,396|INFO|random_mc2_n5_mid3_d1000_05_mr098_r10_95_uai_GDCC_1e-09_n200_roFalse_s0: PNS(V2,V3) exact: (0.0, 0.0190074356112)
2026-02-06 13:17:12,425|INFO|random_mc2_n6_mid3_d1000_05_mr098_r10_133_uai_GDCC_1e-09_n200_roTrue_s0: Arguments: Namespace(method='GDCC_1e-09', numruns='200', seed='0', output='../results/synthetic/s123/', rewrite=True, removeoutliers=True, filepath=['../models/synthetic/s123/random_mc2_n6_mid3_d1000_05_mr098_r10_133.uai'])
2026-02-06 13:17:12,429|INFO|random_mc2_n5_mid3_d1000_05_mr098_r10_186_uai_GDCC_1e-09_n200_roFalse_s0: Arguments: Namespace(method='GDCC_1e-09', numruns='200', seed='0', output='../results/synthetic/s123/', rewrite=True, removeoutliers=False, filepath=['../models/synthetic/s123/random_mc2_n5_mid3_d1000_05_mr098_r10_186.uai'])
2026-02-06 13:17:12,451|INFO|random_mc2_n6_mid3_d1000_05_mr098_r10_144_uai_GDCC_1e-09_n200_roFalse_s0: Arguments: Namespace(method='GDCC_1e-09', numruns='200', seed='0', output='../results/synthetic/s123/', rewrite=True, removeoutliers=False, filepath=['../models/synthetic/s123/random_mc2_n6_mid3_d1000_05_mr098_r10_144.uai'])
2026-02-06 13:17:12,425|INFO|random_mc2_n6_mid3_d1000_05_mr098_r10_133_uai_GDCC_1e-09_n200_roTrue_s0: Loading model from ../models/synthetic/s123/random_mc2_n6_mid3_d1000_05_mr098_r10_133.uai
2026-02-06 13:17:12,429|INFO|random_mc2_n5_mid3_d1000_05_mr098_r10_186_uai_GDCC_1e-09_n200_roFalse_s0: Loading model from ../models/synthetic/s123/random_mc2_n5_mid3_d1000_05_mr098_r10_186.uai
2026-02-06 13:17:12,440|INFO|random_mc2_n5_mid3_d1000_05_mr098_r10_186_uai_GDCC_1e-09_n200_roFalse_s0: Loading data from ../models/synthetic/s123/random_mc2_n5_mid3_d1000_05_mr098_r10_186.csv
2026-02-06 13:17:12,450|INFO|random_mc2_n5_mid3_d1000_05_mr098_r10_186_uai_GDCC_1e-09_n200_roFalse_s0: PNS(V3,V1) exact: (0.68198788120285, 0.68198788120285)
2026-02-06 13:17:12,451|INFO|random_mc2_n6_mid3_d1000_05_mr098_r10_144_uai_GDCC_1e-09_n200_roFalse_s0: Loading model from ../models/synthetic/s123/random_mc2_n6_mid3_d1000_05_mr098_r10_144.uai
2026-02-06 13:17:12,461|INFO|random_mc2_n6_mid3_d1000_05_mr098_r10_144_uai_GDCC_1e-09_n200_roFalse_s0: Loading data from ../models/synthetic/s123/random_mc2_n6_mid3_d1000_05_mr098_r10_144.csv
2026-02-06 13:17:12,472|INFO|random_mc2_n6_mid3_d1000_05_mr098_r10_144_uai_GDCC_1e-09_n200_roFalse_s0: PNS(V1,V4) exact: (0.0105806483115999, 0.0362963028616)
2026-02-06 13:17:12,568|INFO|random_mc2_n6_mid3_d1000_05_mr098_r10_139_uai_GDCC_1e-09_n200_roTrue_s0: Arguments: Namespace(method='GDCC_1e-09', numruns='200', seed='0', output='../results/synthetic/s123/', rewrite=True, removeoutliers=True, filepath=['../models/synthetic/s123/random_mc2_n6_mid3_d1000_05_mr098_r10_139.uai'])
2026-02-06 13:17:12,569|INFO|random_mc2_n6_mid3_d1000_05_mr098_r10_139_uai_GDCC_1e-09_n200_roTrue_s0: Loading model from ../models/synthetic/s123/random_mc2_n6_mid3_d1000_05_mr098_r10_139.uai
2026-02-06 13:17:12,577|INFO|random_mc2_n6_mid3_d1000_05_mr098_r10_139_uai_GDCC_1e-09_n200_roTrue_s0: Loading data from ../models/synthetic/s123/random_mc2_n6_mid3_d1000_05_mr098_r10_139.csv
2026-02-06 13:17:12,587|INFO|random_mc2_n6_mid3_d1000_05_mr098_r10_139_uai_GDCC_1e-09_n200_roTrue_s0: PNS(V0,V4) exact: (0.00014340000000000004, 0.0143472)
2026-02-06 13:17:12,647|INFO|random_mc2_n6_mid3_d1000_05_mr098_r10_133_uai_GDCC_1e-09_n200_roTrue_s0: Loading data from ../models/synthetic/s123/random_mc2_n6_mid3_d1000_05_mr098_r10_133.csv
2026-02-06 13:17:14,909|INFO|random_mc2_n7_mid3_d1000_05_mr098_r10_81_uai_GDCC_1e-09_n200_roTrue_s0: Arguments: Namespace(method='GDCC_1e-09', numruns='200', seed='0', output='../results/synthetic/s123/', rewrite=True, removeoutliers=True, filepath=['../models/synthetic/s123/random_mc2_n7_mid3_d1000_05_mr098_r10_81.uai'])
2026-02-06 13:17:14,909|INFO|random_mc2_n7_mid3_d1000_05_mr098_r10_81_uai_GDCC_1e-09_n200_roTrue_s0: Loading model from ../models/synthetic/s123/random_mc2_n7_mid3_d1000_05_mr098_r10_81.uai
2026-02-06 13:17:14,924|INFO|random_mc2_n7_mid3_d1000_05_mr098_r10_81_uai_GDCC_1e-09_n200_roTrue_s0: Loading data from ../models/synthetic/s123/random_mc2_n7_mid3_d1000_05_mr098_r10_81.csv
2026-02-06 13:17:14,936|INFO|random_mc2_n7_mid3_d1000_05_mr098_r10_81_uai_GDCC_1e-09_n200_roTrue_s0: PNS(V4,V5) exact: (4.627372247959759e-07, 0.1171699848954117)
2026-02-06 13:17:16,774|INFO|random_mc2_n5_mid3_d1000_05_mr098_r10_44_uai_GDCC_1e-09_n200_roFalse_s0: Arguments: Namespace(method='GDCC_1e-09', numruns='200', seed='0', output='../results/synthetic/s123/', rewrite=True, removeoutliers=False, filepath=['../models/synthetic/s123/random_mc2_n5_mid3_d1000_05_mr098_r10_44.uai'])
2026-02-06 13:17:16,785|INFO|random_mc2_n8_mid3_d1000_05_mr098_r10_29_uai_GDCC_1e-09_n200_roFalse_s0: Arguments: Namespace(method='GDCC_1e-09', numruns='200', seed='0', output='../results/synthetic/s123/', rewrite=True, removeoutliers=False, filepath=['../models/synthetic/s123/random_mc2_n8_mid3_d1000_05_mr098_r10_29.uai'])
2026-02-06 13:17:16,774|INFO|random_mc2_n5_mid3_d1000_05_mr098_r10_44_uai_GDCC_1e-09_n200_roFalse_s0: Loading model from ../models/synthetic/s123/random_mc2_n5_mid3_d1000_05_mr098_r10_44.uai
2026-02-06 13:17:16,785|INFO|random_mc2_n5_mid3_d1000_05_mr098_r10_44_uai_GDCC_1e-09_n200_roFalse_s0: Loading data from ../models/synthetic/s123/random_mc2_n5_mid3_d1000_05_mr098_r10_44.csv
2026-02-06 13:17:16,798|INFO|random_mc2_n5_mid3_d1000_05_mr098_r10_44_uai_GDCC_1e-09_n200_roFalse_s0: PNS(V1,V3) exact: (0.01686, 0.02828)
2026-02-06 13:17:16,817|INFO|random_mc2_n5_mid3_d1000_05_mr098_r10_28_uai_GDCC_1e-09_n200_roFalse_s0: Arguments: Namespace(method='GDCC_1e-09', numruns='200', seed='0', output='../results/synthetic/s123/', rewrite=True, removeoutliers=False, filepath=['../models/synthetic/s123/random_mc2_n5_mid3_d1000_05_mr098_r10_28.uai'])
2026-02-06 13:17:16,785|INFO|random_mc2_n8_mid3_d1000_05_mr098_r10_29_uai_GDCC_1e-09_n200_roFalse_s0: Loading model from ../models/synthetic/s123/random_mc2_n8_mid3_d1000_05_mr098_r10_29.uai
2026-02-06 13:17:16,797|INFO|random_mc2_n8_mid3_d1000_05_mr098_r10_29_uai_GDCC_1e-09_n200_roFalse_s0: Loading data from ../models/synthetic/s123/random_mc2_n8_mid3_d1000_05_mr098_r10_29.csv
2026-02-06 13:17:16,818|INFO|random_mc2_n5_mid3_d1000_05_mr098_r10_28_uai_GDCC_1e-09_n200_roFalse_s0: Loading model from ../models/synthetic/s123/random_mc2_n5_mid3_d1000_05_mr098_r10_28.uai
2026-02-06 13:17:16,830|INFO|random_mc2_n5_mid3_d1000_05_mr098_r10_28_uai_GDCC_1e-09_n200_roFalse_s0: Loading data from ../models/synthetic/s123/random_mc2_n5_mid3_d1000_05_mr098_r10_28.csv
2026-02-06 13:17:16,868|INFO|random_mc2_n6_mid3_d1000_05_mr098_r10_11_uai_GDCC_1e-09_n200_roTrue_s0: Arguments: Namespace(method='GDCC_1e-09', numruns='200', seed='0', output='../results/synthetic/s123/', rewrite=True, removeoutliers=True, filepath=['../models/synthetic/s123/random_mc2_n6_mid3_d1000_05_mr098_r10_11.uai'])
2026-02-06 13:17:16,875|INFO|random_mc2_n5_mid3_d1000_05_mr098_r10_8_uai_GDCC_1e-09_n200_roTrue_s0: Arguments: Namespace(method='GDCC_1e-09', numruns='200', seed='0', output='../results/synthetic/s123/', rewrite=True, removeoutliers=True, filepath=['../models/synthetic/s123/random_mc2_n5_mid3_d1000_05_mr098_r10_8.uai'])
2026-02-06 13:17:16,890|INFO|random_mc2_n5_mid3_d1000_05_mr098_r10_169_uai_GDCC_1e-09_n200_roTrue_s0: Arguments: Namespace(method='GDCC_1e-09', numruns='200', seed='0', output='../results/synthetic/s123/', rewrite=True, removeoutliers=True, filepath=['../models/synthetic/s123/random_mc2_n5_mid3_d1000_05_mr098_r10_169.uai'])
2026-02-06 13:17:16,892|INFO|random_mc2_n6_mid3_d1000_05_mr098_r10_162_uai_GDCC_1e-09_n200_roFalse_s0: Arguments: Namespace(method='GDCC_1e-09', numruns='200', seed='0', output='../results/synthetic/s123/', rewrite=True, removeoutliers=False, filepath=['../models/synthetic/s123/random_mc2_n6_mid3_d1000_05_mr098_r10_162.uai'])
2026-02-06 13:17:16,868|INFO|random_mc2_n6_mid3_d1000_05_mr098_r10_11_uai_GDCC_1e-09_n200_roTrue_s0: Loading model from ../models/synthetic/s123/random_mc2_n6_mid3_d1000_05_mr098_r10_11.uai
2026-02-06 13:17:16,879|INFO|random_mc2_n6_mid3_d1000_05_mr098_r10_11_uai_GDCC_1e-09_n200_roTrue_s0: Loading data from ../models/synthetic/s123/random_mc2_n6_mid3_d1000_05_mr098_r10_11.csv
2026-02-06 13:17:16,889|INFO|random_mc2_n6_mid3_d1000_05_mr098_r10_11_uai_GDCC_1e-09_n200_roTrue_s0: PNS(V5,V0) exact: (0.226887276, 0.345199661)
2026-02-06 13:17:16,875|INFO|random_mc2_n5_mid3_d1000_05_mr098_r10_8_uai_GDCC_1e-09_n200_roTrue_s0: Loading model from ../models/synthetic/s123/random_mc2_n5_mid3_d1000_05_mr098_r10_8.uai
2026-02-06 13:17:16,882|INFO|random_mc2_n5_mid3_d1000_05_mr098_r10_8_uai_GDCC_1e-09_n200_roTrue_s0: Loading data from ../models/synthetic/s123/random_mc2_n5_mid3_d1000_05_mr098_r10_8.csv
2026-02-06 13:17:16,890|INFO|random_mc2_n5_mid3_d1000_05_mr098_r10_8_uai_GDCC_1e-09_n200_roTrue_s0: PNS(V2,V4) exact: (0.1708037925, 0.4919019990000001)
2026-02-06 13:17:16,891|INFO|random_mc2_n5_mid3_d1000_05_mr098_r10_169_uai_GDCC_1e-09_n200_roTrue_s0: Loading model from ../models/synthetic/s123/random_mc2_n5_mid3_d1000_05_mr098_r10_169.uai
2026-02-06 13:17:16,894|INFO|random_mc2_n5_mid3_d1000_05_mr098_r10_169_uai_GDCC_1e-09_n200_roTrue_s0: Loading data from ../models/synthetic/s123/random_mc2_n5_mid3_d1000_05_mr098_r10_169.csv
2026-02-06 13:17:16,903|INFO|random_mc2_n5_mid3_d1000_05_mr098_r10_169_uai_GDCC_1e-09_n200_roTrue_s0: PNS(V0,V3) exact: (0.16386, 0.49872)
2026-02-06 13:17:16,892|INFO|random_mc2_n6_mid3_d1000_05_mr098_r10_162_uai_GDCC_1e-09_n200_roFalse_s0: Loading model from ../models/synthetic/s123/random_mc2_n6_mid3_d1000_05_mr098_r10_162.uai
2026-02-06 13:17:16,907|INFO|random_mc2_n6_mid3_d1000_05_mr098_r10_162_uai_GDCC_1e-09_n200_roFalse_s0: Loading data from ../models/synthetic/s123/random_mc2_n6_mid3_d1000_05_mr098_r10_162.csv
2026-02-06 13:17:16,917|INFO|random_mc2_n6_mid3_d1000_05_mr098_r10_162_uai_GDCC_1e-09_n200_roFalse_s0: PNS(V1,V5) exact: (0.15777013681104, 0.3907870473200001)
2026-02-06 13:17:16,935|INFO|random_mc2_n5_mid3_d1000_05_mr098_r10_149_uai_GDCC_1e-09_n200_roFalse_s0: Arguments: Namespace(method='GDCC_1e-09', numruns='200', seed='0', output='../results/synthetic/s123/', rewrite=True, removeoutliers=False, filepath=['../models/synthetic/s123/random_mc2_n5_mid3_d1000_05_mr098_r10_149.uai'])
2026-02-06 13:17:16,938|INFO|random_mc2_n6_mid3_d1000_05_mr098_r10_153_uai_GDCC_1e-09_n200_roTrue_s0: Arguments: Namespace(method='GDCC_1e-09', numruns='200', seed='0', output='../results/synthetic/s123/', rewrite=True, removeoutliers=True, filepath=['../models/synthetic/s123/random_mc2_n6_mid3_d1000_05_mr098_r10_153.uai'])
2026-02-06 13:17:16,949|INFO|random_mc2_n7_mid3_d1000_05_mr098_r10_61_uai_GDCC_1e-09_n200_roTrue_s0: Arguments: Namespace(method='GDCC_1e-09', numruns='200', seed='0', output='../results/synthetic/s123/', rewrite=True, removeoutliers=True, filepath=['../models/synthetic/s123/random_mc2_n7_mid3_d1000_05_mr098_r10_61.uai'])
2026-02-06 13:17:16,960|INFO|random_mc2_n9_mid3_d1000_05_mr098_r10_28_uai_GDCC_1e-09_n200_roTrue_s0: Arguments: Namespace(method='GDCC_1e-09', numruns='200', seed='0', output='../results/synthetic/s123/', rewrite=True, removeoutliers=True, filepath=['../models/synthetic/s123/random_mc2_n9_mid3_d1000_05_mr098_r10_28.uai'])
2026-02-06 13:17:16,961|INFO|random_mc2_n6_mid3_d1000_05_mr098_r10_119_uai_GDCC_1e-09_n200_roFalse_s0: Arguments: Namespace(method='GDCC_1e-09', numruns='200', seed='0', output='../results/synthetic/s123/', rewrite=True, removeoutliers=False, filepath=['../models/synthetic/s123/random_mc2_n6_mid3_d1000_05_mr098_r10_119.uai'])
2026-02-06 13:17:16,967|INFO|random_mc2_n7_mid3_d1000_05_mr098_r10_54_uai_GDCC_1e-09_n200_roFalse_s0: Arguments: Namespace(method='GDCC_1e-09', numruns='200', seed='0', output='../results/synthetic/s123/', rewrite=True, removeoutliers=False, filepath=['../models/synthetic/s123/random_mc2_n7_mid3_d1000_05_mr098_r10_54.uai'])
2026-02-06 13:17:16,967|INFO|random_mc2_n6_mid3_d1000_05_mr098_r10_40_uai_GDCC_1e-09_n200_roTrue_s0: Arguments: Namespace(method='GDCC_1e-09', numruns='200', seed='0', output='../results/synthetic/s123/', rewrite=True, removeoutliers=True, filepath=['../models/synthetic/s123/random_mc2_n6_mid3_d1000_05_mr098_r10_40.uai'])
2026-02-06 13:17:16,935|INFO|random_mc2_n5_mid3_d1000_05_mr098_r10_149_uai_GDCC_1e-09_n200_roFalse_s0: Loading model from ../models/synthetic/s123/random_mc2_n5_mid3_d1000_05_mr098_r10_149.uai
2026-02-06 13:17:16,940|INFO|random_mc2_n5_mid3_d1000_05_mr098_r10_149_uai_GDCC_1e-09_n200_roFalse_s0: Loading data from ../models/synthetic/s123/random_mc2_n5_mid3_d1000_05_mr098_r10_149.csv
2026-02-06 13:17:16,949|INFO|random_mc2_n5_mid3_d1000_05_mr098_r10_149_uai_GDCC_1e-09_n200_roFalse_s0: PNS(V3,V0) exact: (0.0, 0.014418359495816)
2026-02-06 13:17:16,939|INFO|random_mc2_n6_mid3_d1000_05_mr098_r10_153_uai_GDCC_1e-09_n200_roTrue_s0: Loading model from ../models/synthetic/s123/random_mc2_n6_mid3_d1000_05_mr098_r10_153.uai
2026-02-06 13:17:16,948|INFO|random_mc2_n6_mid3_d1000_05_mr098_r10_153_uai_GDCC_1e-09_n200_roTrue_s0: Loading data from ../models/synthetic/s123/random_mc2_n6_mid3_d1000_05_mr098_r10_153.csv
2026-02-06 13:17:16,985|INFO|random_mc2_n6_mid3_d1000_05_mr098_r10_137_uai_GDCC_1e-09_n200_roFalse_s0: Arguments: Namespace(method='GDCC_1e-09', numruns='200', seed='0', output='../results/synthetic/s123/', rewrite=True, removeoutliers=False, filepath=['../models/synthetic/s123/random_mc2_n6_mid3_d1000_05_mr098_r10_137.uai'])
2026-02-06 13:17:16,949|INFO|random_mc2_n7_mid3_d1000_05_mr098_r10_61_uai_GDCC_1e-09_n200_roTrue_s0: Loading model from ../models/synthetic/s123/random_mc2_n7_mid3_d1000_05_mr098_r10_61.uai
2026-02-06 13:17:16,963|INFO|random_mc2_n7_mid3_d1000_05_mr098_r10_61_uai_GDCC_1e-09_n200_roTrue_s0: Loading data from ../models/synthetic/s123/random_mc2_n7_mid3_d1000_05_mr098_r10_61.csv
2026-02-06 13:17:16,960|INFO|random_mc2_n9_mid3_d1000_05_mr098_r10_28_uai_GDCC_1e-09_n200_roTrue_s0: Loading model from ../models/synthetic/s123/random_mc2_n9_mid3_d1000_05_mr098_r10_28.uai
2026-02-06 13:17:16,979|INFO|random_mc2_n9_mid3_d1000_05_mr098_r10_28_uai_GDCC_1e-09_n200_roTrue_s0: Loading data from ../models/synthetic/s123/random_mc2_n9_mid3_d1000_05_mr098_r10_28.csv
2026-02-06 13:17:16,961|INFO|random_mc2_n6_mid3_d1000_05_mr098_r10_119_uai_GDCC_1e-09_n200_roFalse_s0: Loading model from ../models/synthetic/s123/random_mc2_n6_mid3_d1000_05_mr098_r10_119.uai
2026-02-06 13:17:16,969|INFO|random_mc2_n6_mid3_d1000_05_mr098_r10_119_uai_GDCC_1e-09_n200_roFalse_s0: Loading data from ../models/synthetic/s123/random_mc2_n6_mid3_d1000_05_mr098_r10_119.csv
2026-02-06 13:17:16,968|INFO|random_mc2_n6_mid3_d1000_05_mr098_r10_40_uai_GDCC_1e-09_n200_roTrue_s0: Loading model from ../models/synthetic/s123/random_mc2_n6_mid3_d1000_05_mr098_r10_40.uai
2026-02-06 13:17:16,967|INFO|random_mc2_n7_mid3_d1000_05_mr098_r10_54_uai_GDCC_1e-09_n200_roFalse_s0: Loading model from ../models/synthetic/s123/random_mc2_n7_mid3_d1000_05_mr098_r10_54.uai
2026-02-06 13:17:16,984|INFO|random_mc2_n7_mid3_d1000_05_mr098_r10_54_uai_GDCC_1e-09_n200_roFalse_s0: Loading data from ../models/synthetic/s123/random_mc2_n7_mid3_d1000_05_mr098_r10_54.csv
2026-02-06 13:17:16,974|INFO|random_mc2_n6_mid3_d1000_05_mr098_r10_40_uai_GDCC_1e-09_n200_roTrue_s0: Loading data from ../models/synthetic/s123/random_mc2_n6_mid3_d1000_05_mr098_r10_40.csv
2026-02-06 13:17:16,983|INFO|random_mc2_n6_mid3_d1000_05_mr098_r10_40_uai_GDCC_1e-09_n200_roTrue_s0: PNS(V1,V5) exact: (0.0, 0.0896543509)
2026-02-06 13:17:16,986|INFO|random_mc2_n6_mid3_d1000_05_mr098_r10_137_uai_GDCC_1e-09_n200_roFalse_s0: Loading model from ../models/synthetic/s123/random_mc2_n6_mid3_d1000_05_mr098_r10_137.uai
2026-02-06 13:17:16,990|INFO|random_mc2_n6_mid3_d1000_05_mr098_r10_137_uai_GDCC_1e-09_n200_roFalse_s0: Loading data from ../models/synthetic/s123/random_mc2_n6_mid3_d1000_05_mr098_r10_137.csv
2026-02-06 13:17:17,000|INFO|random_mc2_n6_mid3_d1000_05_mr098_r10_137_uai_GDCC_1e-09_n200_roFalse_s0: PNS(V0,V3) exact: (0.0, 0.3125)
2026-02-06 13:17:17,156|INFO|random_mc2_n7_mid3_d1000_05_mr098_r10_53_uai_GDCC_1e-09_n200_roFalse_s0: Arguments: Namespace(method='GDCC_1e-09', numruns='200', seed='0', output='../results/synthetic/s123/', rewrite=True, removeoutliers=False, filepath=['../models/synthetic/s123/random_mc2_n7_mid3_d1000_05_mr098_r10_53.uai'])
2026-02-06 13:17:17,156|INFO|random_mc2_n7_mid3_d1000_05_mr098_r10_53_uai_GDCC_1e-09_n200_roFalse_s0: Loading model from ../models/synthetic/s123/random_mc2_n7_mid3_d1000_05_mr098_r10_53.uai
2026-02-06 13:17:17,170|INFO|random_mc2_n7_mid3_d1000_05_mr098_r10_53_uai_GDCC_1e-09_n200_roFalse_s0: Loading data from ../models/synthetic/s123/random_mc2_n7_mid3_d1000_05_mr098_r10_53.csv
2026-02-06 13:17:18,337|INFO|random_mc2_n8_mid3_d1000_05_mr098_r10_121_uai_GDCC_1e-09_n200_roTrue_s0: Arguments: Namespace(method='GDCC_1e-09', numruns='200', seed='0', output='../results/synthetic/s123/', rewrite=True, removeoutliers=True, filepath=['../models/synthetic/s123/random_mc2_n8_mid3_d1000_05_mr098_r10_121.uai'])
2026-02-06 13:17:18,339|INFO|random_mc2_n5_mid3_d1000_05_mr098_r10_188_uai_GDCC_1e-09_n200_roTrue_s0: Arguments: Namespace(method='GDCC_1e-09', numruns='200', seed='0', output='../results/synthetic/s123/', rewrite=True, removeoutliers=True, filepath=['../models/synthetic/s123/random_mc2_n5_mid3_d1000_05_mr098_r10_188.uai'])
2026-02-06 13:17:18,337|INFO|random_mc2_n8_mid3_d1000_05_mr098_r10_121_uai_GDCC_1e-09_n200_roTrue_s0: Loading model from ../models/synthetic/s123/random_mc2_n8_mid3_d1000_05_mr098_r10_121.uai
2026-02-06 13:17:18,353|INFO|random_mc2_n8_mid3_d1000_05_mr098_r10_121_uai_GDCC_1e-09_n200_roTrue_s0: Loading data from ../models/synthetic/s123/random_mc2_n8_mid3_d1000_05_mr098_r10_121.csv
2026-02-06 13:17:18,339|INFO|random_mc2_n5_mid3_d1000_05_mr098_r10_188_uai_GDCC_1e-09_n200_roTrue_s0: Loading model from ../models/synthetic/s123/random_mc2_n5_mid3_d1000_05_mr098_r10_188.uai
2026-02-06 13:17:18,346|INFO|random_mc2_n5_mid3_d1000_05_mr098_r10_188_uai_GDCC_1e-09_n200_roTrue_s0: Loading data from ../models/synthetic/s123/random_mc2_n5_mid3_d1000_05_mr098_r10_188.csv
2026-02-06 13:17:18,358|INFO|random_mc2_n5_mid3_d1000_05_mr098_r10_188_uai_GDCC_1e-09_n200_roTrue_s0: PNS(V3,V4) exact: (0.0, 0.049356796840515)
2026-02-06 13:17:18,399|INFO|random_mc2_n9_mid3_d1000_05_mr098_r10_136_uai_GDCC_1e-09_n200_roFalse_s0: Arguments: Namespace(method='GDCC_1e-09', numruns='200', seed='0', output='../results/synthetic/s123/', rewrite=True, removeoutliers=False, filepath=['../models/synthetic/s123/random_mc2_n9_mid3_d1000_05_mr098_r10_136.uai'])
2026-02-06 13:17:18,399|INFO|random_mc2_n9_mid3_d1000_05_mr098_r10_136_uai_GDCC_1e-09_n200_roFalse_s0: Loading model from ../models/synthetic/s123/random_mc2_n9_mid3_d1000_05_mr098_r10_136.uai
2026-02-06 13:17:18,423|INFO|random_mc2_n9_mid3_d1000_05_mr098_r10_136_uai_GDCC_1e-09_n200_roFalse_s0: Loading data from ../models/synthetic/s123/random_mc2_n9_mid3_d1000_05_mr098_r10_136.csv
2026-02-06 13:17:25,159|INFO|random_mc2_n6_mid3_d1000_05_mr098_r10_12_uai_GDCC_1e-09_n200_roFalse_s0: Arguments: Namespace(method='GDCC_1e-09', numruns='200', seed='0', output='../results/synthetic/s123/', rewrite=True, removeoutliers=False, filepath=['../models/synthetic/s123/random_mc2_n6_mid3_d1000_05_mr098_r10_12.uai'])
2026-02-06 13:17:25,159|INFO|random_mc2_n6_mid3_d1000_05_mr098_r10_12_uai_GDCC_1e-09_n200_roFalse_s0: Loading model from ../models/synthetic/s123/random_mc2_n6_mid3_d1000_05_mr098_r10_12.uai
2026-02-06 13:17:25,172|INFO|random_mc2_n6_mid3_d1000_05_mr098_r10_12_uai_GDCC_1e-09_n200_roFalse_s0: Loading data from ../models/synthetic/s123/random_mc2_n6_mid3_d1000_05_mr098_r10_12.csv
2026-02-06 13:17:25,280|INFO|random_mc2_n6_mid3_d1000_05_mr098_r10_112_uai_GDCC_1e-09_n200_roTrue_s0: Arguments: Namespace(method='GDCC_1e-09', numruns='200', seed='0', output='../results/synthetic/s123/', rewrite=True, removeoutliers=True, filepath=['../models/synthetic/s123/random_mc2_n6_mid3_d1000_05_mr098_r10_112.uai'])
2026-02-06 13:17:25,296|INFO|random_mc2_n5_mid3_d1000_05_mr098_r10_125_uai_GDCC_1e-09_n200_roTrue_s0: Arguments: Namespace(method='GDCC_1e-09', numruns='200', seed='0', output='../results/synthetic/s123/', rewrite=True, removeoutliers=True, filepath=['../models/synthetic/s123/random_mc2_n5_mid3_d1000_05_mr098_r10_125.uai'])
2026-02-06 13:17:25,280|INFO|random_mc2_n6_mid3_d1000_05_mr098_r10_112_uai_GDCC_1e-09_n200_roTrue_s0: Loading model from ../models/synthetic/s123/random_mc2_n6_mid3_d1000_05_mr098_r10_112.uai
2026-02-06 13:17:25,290|INFO|random_mc2_n6_mid3_d1000_05_mr098_r10_112_uai_GDCC_1e-09_n200_roTrue_s0: Loading data from ../models/synthetic/s123/random_mc2_n6_mid3_d1000_05_mr098_r10_112.csv
2026-02-06 13:17:25,296|INFO|random_mc2_n5_mid3_d1000_05_mr098_r10_125_uai_GDCC_1e-09_n200_roTrue_s0: Loading model from ../models/synthetic/s123/random_mc2_n5_mid3_d1000_05_mr098_r10_125.uai
2026-02-06 13:17:25,302|INFO|random_mc2_n5_mid3_d1000_05_mr098_r10_125_uai_GDCC_1e-09_n200_roTrue_s0: Loading data from ../models/synthetic/s123/random_mc2_n5_mid3_d1000_05_mr098_r10_125.csv
2026-02-06 13:17:25,313|INFO|random_mc2_n5_mid3_d1000_05_mr098_r10_125_uai_GDCC_1e-09_n200_roTrue_s0: PNS(V2,V4) exact: (0.0, 0.3332024784999999)
2026-02-06 13:17:25,381|INFO|random_mc2_n5_mid3_d1000_05_mr098_r10_112_uai_GDCC_1e-09_n200_roFalse_s0: Arguments: Namespace(method='GDCC_1e-09', numruns='200', seed='0', output='../results/synthetic/s123/', rewrite=True, removeoutliers=False, filepath=['../models/synthetic/s123/random_mc2_n5_mid3_d1000_05_mr098_r10_112.uai'])
2026-02-06 13:17:25,384|INFO|random_mc2_n6_mid3_d1000_05_mr098_r10_115_uai_GDCC_1e-09_n200_roTrue_s0: Arguments: Namespace(method='GDCC_1e-09', numruns='200', seed='0', output='../results/synthetic/s123/', rewrite=True, removeoutliers=True, filepath=['../models/synthetic/s123/random_mc2_n6_mid3_d1000_05_mr098_r10_115.uai'])
2026-02-06 13:17:25,392|INFO|random_mc2_n8_mid3_d1000_05_mr098_r10_122_uai_GDCC_1e-09_n200_roTrue_s0: Arguments: Namespace(method='GDCC_1e-09', numruns='200', seed='0', output='../results/synthetic/s123/', rewrite=True, removeoutliers=True, filepath=['../models/synthetic/s123/random_mc2_n8_mid3_d1000_05_mr098_r10_122.uai'])
2026-02-06 13:17:25,397|INFO|random_mc2_n5_mid3_d1000_05_mr098_r10_127_uai_GDCC_1e-09_n200_roFalse_s0: Arguments: Namespace(method='GDCC_1e-09', numruns='200', seed='0', output='../results/synthetic/s123/', rewrite=True, removeoutliers=False, filepath=['../models/synthetic/s123/random_mc2_n5_mid3_d1000_05_mr098_r10_127.uai'])
2026-02-06 13:17:25,398|INFO|random_mc2_n5_mid3_d1000_05_mr098_r10_4_uai_GDCC_1e-09_n200_roFalse_s0: Arguments: Namespace(method='GDCC_1e-09', numruns='200', seed='0', output='../results/synthetic/s123/', rewrite=True, removeoutliers=False, filepath=['../models/synthetic/s123/random_mc2_n5_mid3_d1000_05_mr098_r10_4.uai'])
2026-02-06 13:17:25,404|INFO|random_mc2_n6_mid3_d1000_05_mr098_r10_17_uai_GDCC_1e-09_n200_roFalse_s0: Arguments: Namespace(method='GDCC_1e-09', numruns='200', seed='0', output='../results/synthetic/s123/', rewrite=True, removeoutliers=False, filepath=['../models/synthetic/s123/random_mc2_n6_mid3_d1000_05_mr098_r10_17.uai'])
2026-02-06 13:17:25,407|INFO|random_mc2_n6_mid3_d1000_05_mr098_r10_127_uai_GDCC_1e-09_n200_roTrue_s0: Arguments: Namespace(method='GDCC_1e-09', numruns='200', seed='0', output='../results/synthetic/s123/', rewrite=True, removeoutliers=True, filepath=['../models/synthetic/s123/random_mc2_n6_mid3_d1000_05_mr098_r10_127.uai'])
2026-02-06 13:17:25,417|INFO|random_mc2_n6_mid3_d1000_05_mr098_r10_134_uai_GDCC_1e-09_n200_roTrue_s0: Arguments: Namespace(method='GDCC_1e-09', numruns='200', seed='0', output='../results/synthetic/s123/', rewrite=True, removeoutliers=True, filepath=['../models/synthetic/s123/random_mc2_n6_mid3_d1000_05_mr098_r10_134.uai'])
2026-02-06 13:17:25,381|INFO|random_mc2_n5_mid3_d1000_05_mr098_r10_112_uai_GDCC_1e-09_n200_roFalse_s0: Loading model from ../models/synthetic/s123/random_mc2_n5_mid3_d1000_05_mr098_r10_112.uai
2026-02-06 13:17:25,388|INFO|random_mc2_n5_mid3_d1000_05_mr098_r10_112_uai_GDCC_1e-09_n200_roFalse_s0: Loading data from ../models/synthetic/s123/random_mc2_n5_mid3_d1000_05_mr098_r10_112.csv
2026-02-06 13:17:25,384|INFO|random_mc2_n6_mid3_d1000_05_mr098_r10_115_uai_GDCC_1e-09_n200_roTrue_s0: Loading model from ../models/synthetic/s123/random_mc2_n6_mid3_d1000_05_mr098_r10_115.uai
2026-02-06 13:17:25,401|INFO|random_mc2_n6_mid3_d1000_05_mr098_r10_115_uai_GDCC_1e-09_n200_roTrue_s0: Loading data from ../models/synthetic/s123/random_mc2_n6_mid3_d1000_05_mr098_r10_115.csv
2026-02-06 13:17:25,392|INFO|random_mc2_n8_mid3_d1000_05_mr098_r10_122_uai_GDCC_1e-09_n200_roTrue_s0: Loading model from ../models/synthetic/s123/random_mc2_n8_mid3_d1000_05_mr098_r10_122.uai
2026-02-06 13:17:25,403|INFO|random_mc2_n8_mid3_d1000_05_mr098_r10_122_uai_GDCC_1e-09_n200_roTrue_s0: Loading data from ../models/synthetic/s123/random_mc2_n8_mid3_d1000_05_mr098_r10_122.csv
2026-02-06 13:17:25,397|INFO|random_mc2_n5_mid3_d1000_05_mr098_r10_127_uai_GDCC_1e-09_n200_roFalse_s0: Loading model from ../models/synthetic/s123/random_mc2_n5_mid3_d1000_05_mr098_r10_127.uai
2026-02-06 13:17:25,419|INFO|random_mc2_n5_mid3_d1000_05_mr098_r10_127_uai_GDCC_1e-09_n200_roFalse_s0: Loading data from ../models/synthetic/s123/random_mc2_n5_mid3_d1000_05_mr098_r10_127.csv
2026-02-06 13:17:25,398|INFO|random_mc2_n5_mid3_d1000_05_mr098_r10_4_uai_GDCC_1e-09_n200_roFalse_s0: Loading model from ../models/synthetic/s123/random_mc2_n5_mid3_d1000_05_mr098_r10_4.uai
2026-02-06 13:17:25,405|INFO|random_mc2_n5_mid3_d1000_05_mr098_r10_4_uai_GDCC_1e-09_n200_roFalse_s0: Loading data from ../models/synthetic/s123/random_mc2_n5_mid3_d1000_05_mr098_r10_4.csv
2026-02-06 13:17:25,415|INFO|random_mc2_n5_mid3_d1000_05_mr098_r10_4_uai_GDCC_1e-09_n200_roFalse_s0: PNS(V1,V3) exact: (0.008115440172339, 0.040113058343352)
2026-02-06 13:17:25,404|INFO|random_mc2_n6_mid3_d1000_05_mr098_r10_17_uai_GDCC_1e-09_n200_roFalse_s0: Loading model from ../models/synthetic/s123/random_mc2_n6_mid3_d1000_05_mr098_r10_17.uai
2026-02-06 13:17:25,412|INFO|random_mc2_n6_mid3_d1000_05_mr098_r10_17_uai_GDCC_1e-09_n200_roFalse_s0: Loading data from ../models/synthetic/s123/random_mc2_n6_mid3_d1000_05_mr098_r10_17.csv
2026-02-06 13:17:25,422|INFO|random_mc2_n6_mid3_d1000_05_mr098_r10_17_uai_GDCC_1e-09_n200_roFalse_s0: PNS(V5,V0) exact: (0.068749296, 0.1201185324)
2026-02-06 13:17:25,407|INFO|random_mc2_n6_mid3_d1000_05_mr098_r10_127_uai_GDCC_1e-09_n200_roTrue_s0: Loading model from ../models/synthetic/s123/random_mc2_n6_mid3_d1000_05_mr098_r10_127.uai
2026-02-06 13:17:25,414|INFO|random_mc2_n6_mid3_d1000_05_mr098_r10_127_uai_GDCC_1e-09_n200_roTrue_s0: Loading data from ../models/synthetic/s123/random_mc2_n6_mid3_d1000_05_mr098_r10_127.csv
2026-02-06 13:17:25,417|INFO|random_mc2_n6_mid3_d1000_05_mr098_r10_134_uai_GDCC_1e-09_n200_roTrue_s0: Loading model from ../models/synthetic/s123/random_mc2_n6_mid3_d1000_05_mr098_r10_134.uai
2026-02-06 13:17:25,427|INFO|random_mc2_n6_mid3_d1000_05_mr098_r10_134_uai_GDCC_1e-09_n200_roTrue_s0: Loading data from ../models/synthetic/s123/random_mc2_n6_mid3_d1000_05_mr098_r10_134.csv
2026-02-06 13:17:25,438|INFO|random_mc2_n6_mid3_d1000_05_mr098_r10_134_uai_GDCC_1e-09_n200_roTrue_s0: PNS(V3,V1) exact: (0.0, 0.0)
2026-02-06 13:17:25,438|ERROR|random_mc2_n6_mid3_d1000_05_mr098_r10_134_uai_GDCC_1e-09_n200_roTrue_s0: Model does not have any cause-effect path.
2026-02-06 13:17:27,259|INFO|random_mc2_n5_mid3_d1000_05_mr098_r10_78_uai_GDCC_1e-09_n200_roTrue_s0: Arguments: Namespace(method='GDCC_1e-09', numruns='200', seed='0', output='../results/synthetic/s123/', rewrite=True, removeoutliers=True, filepath=['../models/synthetic/s123/random_mc2_n5_mid3_d1000_05_mr098_r10_78.uai'])
2026-02-06 13:17:27,259|INFO|random_mc2_n5_mid3_d1000_05_mr098_r10_78_uai_GDCC_1e-09_n200_roTrue_s0: Loading model from ../models/synthetic/s123/random_mc2_n5_mid3_d1000_05_mr098_r10_78.uai
2026-02-06 13:17:27,264|INFO|random_mc2_n5_mid3_d1000_05_mr098_r10_78_uai_GDCC_1e-09_n200_roTrue_s0: Loading data from ../models/synthetic/s123/random_mc2_n5_mid3_d1000_05_mr098_r10_78.csv
2026-02-06 13:17:27,274|INFO|random_mc2_n5_mid3_d1000_05_mr098_r10_78_uai_GDCC_1e-09_n200_roTrue_s0: PNS(V0,V2) exact: (0.163, 0.163)
2026-02-06 13:17:31,233|INFO|random_mc2_n6_mid3_d1000_05_mr098_r10_46_uai_GDCC_1e-09_n200_roTrue_s0: Arguments: Namespace(method='GDCC_1e-09', numruns='200', seed='0', output='../results/synthetic/s123/', rewrite=True, removeoutliers=True, filepath=['../models/synthetic/s123/random_mc2_n6_mid3_d1000_05_mr098_r10_46.uai'])
2026-02-06 13:17:31,255|INFO|random_mc2_n6_mid3_d1000_05_mr098_r10_21_uai_GDCC_1e-09_n200_roFalse_s0: Arguments: Namespace(method='GDCC_1e-09', numruns='200', seed='0', output='../results/synthetic/s123/', rewrite=True, removeoutliers=False, filepath=['../models/synthetic/s123/random_mc2_n6_mid3_d1000_05_mr098_r10_21.uai'])
2026-02-06 13:17:31,234|INFO|random_mc2_n6_mid3_d1000_05_mr098_r10_46_uai_GDCC_1e-09_n200_roTrue_s0: Loading model from ../models/synthetic/s123/random_mc2_n6_mid3_d1000_05_mr098_r10_46.uai
2026-02-06 13:17:31,242|INFO|random_mc2_n6_mid3_d1000_05_mr098_r10_46_uai_GDCC_1e-09_n200_roTrue_s0: Loading data from ../models/synthetic/s123/random_mc2_n6_mid3_d1000_05_mr098_r10_46.csv
2026-02-06 13:17:31,255|INFO|random_mc2_n6_mid3_d1000_05_mr098_r10_46_uai_GDCC_1e-09_n200_roTrue_s0: PNS(V5,V4) exact: (0.1425212815, 0.1433881685)
2026-02-06 13:17:31,292|INFO|random_mc2_n6_mid3_d1000_05_mr098_r10_126_uai_GDCC_1e-09_n200_roFalse_s0: Arguments: Namespace(method='GDCC_1e-09', numruns='200', seed='0', output='../results/synthetic/s123/', rewrite=True, removeoutliers=False, filepath=['../models/synthetic/s123/random_mc2_n6_mid3_d1000_05_mr098_r10_126.uai'])
2026-02-06 13:17:31,255|INFO|random_mc2_n6_mid3_d1000_05_mr098_r10_21_uai_GDCC_1e-09_n200_roFalse_s0: Loading model from ../models/synthetic/s123/random_mc2_n6_mid3_d1000_05_mr098_r10_21.uai
2026-02-06 13:17:31,265|INFO|random_mc2_n6_mid3_d1000_05_mr098_r10_21_uai_GDCC_1e-09_n200_roFalse_s0: Loading data from ../models/synthetic/s123/random_mc2_n6_mid3_d1000_05_mr098_r10_21.csv
2026-02-06 13:17:31,273|INFO|random_mc2_n6_mid3_d1000_05_mr098_r10_21_uai_GDCC_1e-09_n200_roFalse_s0: PNS(V1,V4) exact: (0.0, 0.1268215988678439)
2026-02-06 13:17:31,301|INFO|random_mc2_n7_mid3_d1000_05_mr098_r10_155_uai_GDCC_1e-09_n200_roFalse_s0: Arguments: Namespace(method='GDCC_1e-09', numruns='200', seed='0', output='../results/synthetic/s123/', rewrite=True, removeoutliers=False, filepath=['../models/synthetic/s123/random_mc2_n7_mid3_d1000_05_mr098_r10_155.uai'])
2026-02-06 13:17:31,328|INFO|random_mc2_n8_mid3_d1000_05_mr098_r10_191_uai_GDCC_1e-09_n200_roFalse_s0: Arguments: Namespace(method='GDCC_1e-09', numruns='200', seed='0', output='../results/synthetic/s123/', rewrite=True, removeoutliers=False, filepath=['../models/synthetic/s123/random_mc2_n8_mid3_d1000_05_mr098_r10_191.uai'])
2026-02-06 13:17:31,292|INFO|random_mc2_n6_mid3_d1000_05_mr098_r10_126_uai_GDCC_1e-09_n200_roFalse_s0: Loading model from ../models/synthetic/s123/random_mc2_n6_mid3_d1000_05_mr098_r10_126.uai
2026-02-06 13:17:31,313|INFO|random_mc2_n6_mid3_d1000_05_mr098_r10_126_uai_GDCC_1e-09_n200_roFalse_s0: Loading data from ../models/synthetic/s123/random_mc2_n6_mid3_d1000_05_mr098_r10_126.csv
2026-02-06 13:17:31,302|INFO|random_mc2_n7_mid3_d1000_05_mr098_r10_155_uai_GDCC_1e-09_n200_roFalse_s0: Loading model from ../models/synthetic/s123/random_mc2_n7_mid3_d1000_05_mr098_r10_155.uai
2026-02-06 13:17:31,315|INFO|random_mc2_n7_mid3_d1000_05_mr098_r10_155_uai_GDCC_1e-09_n200_roFalse_s0: Loading data from ../models/synthetic/s123/random_mc2_n7_mid3_d1000_05_mr098_r10_155.csv
2026-02-06 13:17:31,328|INFO|random_mc2_n8_mid3_d1000_05_mr098_r10_191_uai_GDCC_1e-09_n200_roFalse_s0: Loading model from ../models/synthetic/s123/random_mc2_n8_mid3_d1000_05_mr098_r10_191.uai
2026-02-06 13:17:31,353|INFO|random_mc2_n8_mid3_d1000_05_mr098_r10_191_uai_GDCC_1e-09_n200_roFalse_s0: Loading data from ../models/synthetic/s123/random_mc2_n8_mid3_d1000_05_mr098_r10_191.csv
2026-02-06 13:17:31,363|INFO|random_mc2_n8_mid3_d1000_05_mr098_r10_191_uai_GDCC_1e-09_n200_roFalse_s0: PNS(V0,V7) exact: (0.2271504888, 0.2985032774)
2026-02-06 13:17:31,402|INFO|random_mc2_n9_mid3_d1000_05_mr098_r10_160_uai_GDCC_1e-09_n200_roTrue_s0: Arguments: Namespace(method='GDCC_1e-09', numruns='200', seed='0', output='../results/synthetic/s123/', rewrite=True, removeoutliers=True, filepath=['../models/synthetic/s123/random_mc2_n9_mid3_d1000_05_mr098_r10_160.uai'])
2026-02-06 13:17:31,418|INFO|random_mc2_n6_mid3_d1000_05_mr098_r10_178_uai_GDCC_1e-09_n200_roFalse_s0: Arguments: Namespace(method='GDCC_1e-09', numruns='200', seed='0', output='../results/synthetic/s123/', rewrite=True, removeoutliers=False, filepath=['../models/synthetic/s123/random_mc2_n6_mid3_d1000_05_mr098_r10_178.uai'])
2026-02-06 13:17:31,422|INFO|random_mc2_n5_mid3_d1000_05_mr098_r10_160_uai_GDCC_1e-09_n200_roFalse_s0: Arguments: Namespace(method='GDCC_1e-09', numruns='200', seed='0', output='../results/synthetic/s123/', rewrite=True, removeoutliers=False, filepath=['../models/synthetic/s123/random_mc2_n5_mid3_d1000_05_mr098_r10_160.uai'])
2026-02-06 13:17:31,427|INFO|random_mc2_n7_mid3_d1000_05_mr098_r10_39_uai_GDCC_1e-09_n200_roTrue_s0: Arguments: Namespace(method='GDCC_1e-09', numruns='200', seed='0', output='../results/synthetic/s123/', rewrite=True, removeoutliers=True, filepath=['../models/synthetic/s123/random_mc2_n7_mid3_d1000_05_mr098_r10_39.uai'])
2026-02-06 13:17:31,431|INFO|random_mc2_n6_mid3_d1000_05_mr098_r10_46_uai_GDCC_1e-09_n200_roFalse_s0: Arguments: Namespace(method='GDCC_1e-09', numruns='200', seed='0', output='../results/synthetic/s123/', rewrite=True, removeoutliers=False, filepath=['../models/synthetic/s123/random_mc2_n6_mid3_d1000_05_mr098_r10_46.uai'])
2026-02-06 13:17:31,440|INFO|random_mc2_n6_mid3_d1000_05_mr098_r10_126_uai_GDCC_1e-09_n200_roTrue_s0: Arguments: Namespace(method='GDCC_1e-09', numruns='200', seed='0', output='../results/synthetic/s123/', rewrite=True, removeoutliers=True, filepath=['../models/synthetic/s123/random_mc2_n6_mid3_d1000_05_mr098_r10_126.uai'])
2026-02-06 13:17:31,402|INFO|random_mc2_n9_mid3_d1000_05_mr098_r10_160_uai_GDCC_1e-09_n200_roTrue_s0: Loading model from ../models/synthetic/s123/random_mc2_n9_mid3_d1000_05_mr098_r10_160.uai
2026-02-06 13:17:31,421|INFO|random_mc2_n9_mid3_d1000_05_mr098_r10_160_uai_GDCC_1e-09_n200_roTrue_s0: Loading data from ../models/synthetic/s123/random_mc2_n9_mid3_d1000_05_mr098_r10_160.csv
2026-02-06 13:17:31,445|INFO|random_mc2_n9_mid3_d1000_05_mr098_r10_176_uai_GDCC_1e-09_n200_roFalse_s0: Arguments: Namespace(method='GDCC_1e-09', numruns='200', seed='0', output='../results/synthetic/s123/', rewrite=True, removeoutliers=False, filepath=['../models/synthetic/s123/random_mc2_n9_mid3_d1000_05_mr098_r10_176.uai'])
2026-02-06 13:17:31,449|INFO|random_mc2_n6_mid3_d1000_05_mr098_r10_127_uai_GDCC_1e-09_n200_roFalse_s0: Arguments: Namespace(method='GDCC_1e-09', numruns='200', seed='0', output='../results/synthetic/s123/', rewrite=True, removeoutliers=False, filepath=['../models/synthetic/s123/random_mc2_n6_mid3_d1000_05_mr098_r10_127.uai'])
2026-02-06 13:17:31,452|INFO|random_mc2_n5_mid3_d1000_05_mr098_r10_153_uai_GDCC_1e-09_n200_roTrue_s0: Arguments: Namespace(method='GDCC_1e-09', numruns='200', seed='0', output='../results/synthetic/s123/', rewrite=True, removeoutliers=True, filepath=['../models/synthetic/s123/random_mc2_n5_mid3_d1000_05_mr098_r10_153.uai'])
2026-02-06 13:17:31,453|INFO|random_mc2_n5_mid3_d1000_05_mr098_r10_17_uai_GDCC_1e-09_n200_roFalse_s0: Arguments: Namespace(method='GDCC_1e-09', numruns='200', seed='0', output='../results/synthetic/s123/', rewrite=True, removeoutliers=False, filepath=['../models/synthetic/s123/random_mc2_n5_mid3_d1000_05_mr098_r10_17.uai'])
2026-02-06 13:17:31,418|INFO|random_mc2_n6_mid3_d1000_05_mr098_r10_178_uai_GDCC_1e-09_n200_roFalse_s0: Loading model from ../models/synthetic/s123/random_mc2_n6_mid3_d1000_05_mr098_r10_178.uai
2026-02-06 13:17:31,430|INFO|random_mc2_n6_mid3_d1000_05_mr098_r10_178_uai_GDCC_1e-09_n200_roFalse_s0: Loading data from ../models/synthetic/s123/random_mc2_n6_mid3_d1000_05_mr098_r10_178.csv
2026-02-06 13:17:31,439|INFO|random_mc2_n6_mid3_d1000_05_mr098_r10_178_uai_GDCC_1e-09_n200_roFalse_s0: PNS(V3,V5) exact: (0.1134567257784353, 0.3551658025191099)
2026-02-06 13:17:31,422|INFO|random_mc2_n5_mid3_d1000_05_mr098_r10_160_uai_GDCC_1e-09_n200_roFalse_s0: Loading model from ../models/synthetic/s123/random_mc2_n5_mid3_d1000_05_mr098_r10_160.uai
2026-02-06 13:17:31,427|INFO|random_mc2_n5_mid3_d1000_05_mr098_r10_160_uai_GDCC_1e-09_n200_roFalse_s0: Loading data from ../models/synthetic/s123/random_mc2_n5_mid3_d1000_05_mr098_r10_160.csv
2026-02-06 13:17:31,466|INFO|random_mc2_n5_mid3_d1000_05_mr098_r10_90_uai_GDCC_1e-09_n200_roFalse_s0: Arguments: Namespace(method='GDCC_1e-09', numruns='200', seed='0', output='../results/synthetic/s123/', rewrite=True, removeoutliers=False, filepath=['../models/synthetic/s123/random_mc2_n5_mid3_d1000_05_mr098_r10_90.uai'])
2026-02-06 13:17:31,427|INFO|random_mc2_n7_mid3_d1000_05_mr098_r10_39_uai_GDCC_1e-09_n200_roTrue_s0: Loading model from ../models/synthetic/s123/random_mc2_n7_mid3_d1000_05_mr098_r10_39.uai
2026-02-06 13:17:31,441|INFO|random_mc2_n7_mid3_d1000_05_mr098_r10_39_uai_GDCC_1e-09_n200_roTrue_s0: Loading data from ../models/synthetic/s123/random_mc2_n7_mid3_d1000_05_mr098_r10_39.csv
2026-02-06 13:17:31,452|INFO|random_mc2_n7_mid3_d1000_05_mr098_r10_39_uai_GDCC_1e-09_n200_roTrue_s0: PNS(V3,V5) exact: (0.0, 0.338230713)
2026-02-06 13:17:31,470|INFO|random_mc2_n6_mid3_d1000_05_mr098_r10_41_uai_GDCC_1e-09_n200_roTrue_s0: Arguments: Namespace(method='GDCC_1e-09', numruns='200', seed='0', output='../results/synthetic/s123/', rewrite=True, removeoutliers=True, filepath=['../models/synthetic/s123/random_mc2_n6_mid3_d1000_05_mr098_r10_41.uai'])
2026-02-06 13:17:31,432|INFO|random_mc2_n6_mid3_d1000_05_mr098_r10_46_uai_GDCC_1e-09_n200_roFalse_s0: Loading model from ../models/synthetic/s123/random_mc2_n6_mid3_d1000_05_mr098_r10_46.uai
2026-02-06 13:17:31,441|INFO|random_mc2_n6_mid3_d1000_05_mr098_r10_46_uai_GDCC_1e-09_n200_roFalse_s0: Loading data from ../models/synthetic/s123/random_mc2_n6_mid3_d1000_05_mr098_r10_46.csv
2026-02-06 13:17:31,452|INFO|random_mc2_n6_mid3_d1000_05_mr098_r10_46_uai_GDCC_1e-09_n200_roFalse_s0: PNS(V5,V4) exact: (0.1425212815, 0.1433881685)
2026-02-06 13:17:31,477|INFO|random_mc2_n6_mid3_d1000_05_mr098_r10_195_uai_GDCC_1e-09_n200_roTrue_s0: Arguments: Namespace(method='GDCC_1e-09', numruns='200', seed='0', output='../results/synthetic/s123/', rewrite=True, removeoutliers=True, filepath=['../models/synthetic/s123/random_mc2_n6_mid3_d1000_05_mr098_r10_195.uai'])
2026-02-06 13:17:31,440|INFO|random_mc2_n6_mid3_d1000_05_mr098_r10_126_uai_GDCC_1e-09_n200_roTrue_s0: Loading model from ../models/synthetic/s123/random_mc2_n6_mid3_d1000_05_mr098_r10_126.uai
2026-02-06 13:17:31,461|INFO|random_mc2_n6_mid3_d1000_05_mr098_r10_126_uai_GDCC_1e-09_n200_roTrue_s0: Loading data from ../models/synthetic/s123/random_mc2_n6_mid3_d1000_05_mr098_r10_126.csv
2026-02-06 13:17:31,445|INFO|random_mc2_n9_mid3_d1000_05_mr098_r10_176_uai_GDCC_1e-09_n200_roFalse_s0: Loading model from ../models/synthetic/s123/random_mc2_n9_mid3_d1000_05_mr098_r10_176.uai
2026-02-06 13:17:31,464|INFO|random_mc2_n9_mid3_d1000_05_mr098_r10_176_uai_GDCC_1e-09_n200_roFalse_s0: Loading data from ../models/synthetic/s123/random_mc2_n9_mid3_d1000_05_mr098_r10_176.csv
2026-02-06 13:17:31,449|INFO|random_mc2_n6_mid3_d1000_05_mr098_r10_127_uai_GDCC_1e-09_n200_roFalse_s0: Loading model from ../models/synthetic/s123/random_mc2_n6_mid3_d1000_05_mr098_r10_127.uai
2026-02-06 13:17:31,456|INFO|random_mc2_n6_mid3_d1000_05_mr098_r10_127_uai_GDCC_1e-09_n200_roFalse_s0: Loading data from ../models/synthetic/s123/random_mc2_n6_mid3_d1000_05_mr098_r10_127.csv
2026-02-06 13:17:31,452|INFO|random_mc2_n5_mid3_d1000_05_mr098_r10_153_uai_GDCC_1e-09_n200_roTrue_s0: Loading model from ../models/synthetic/s123/random_mc2_n5_mid3_d1000_05_mr098_r10_153.uai
2026-02-06 13:17:31,458|INFO|random_mc2_n5_mid3_d1000_05_mr098_r10_153_uai_GDCC_1e-09_n200_roTrue_s0: Loading data from ../models/synthetic/s123/random_mc2_n5_mid3_d1000_05_mr098_r10_153.csv
2026-02-06 13:17:31,469|INFO|random_mc2_n5_mid3_d1000_05_mr098_r10_153_uai_GDCC_1e-09_n200_roTrue_s0: PNS(V3,V2) exact: (0.014386402, 0.118614199)
2026-02-06 13:17:31,454|INFO|random_mc2_n5_mid3_d1000_05_mr098_r10_17_uai_GDCC_1e-09_n200_roFalse_s0: Loading model from ../models/synthetic/s123/random_mc2_n5_mid3_d1000_05_mr098_r10_17.uai
2026-02-06 13:17:31,461|INFO|random_mc2_n5_mid3_d1000_05_mr098_r10_17_uai_GDCC_1e-09_n200_roFalse_s0: Loading data from ../models/synthetic/s123/random_mc2_n5_mid3_d1000_05_mr098_r10_17.csv
2026-02-06 13:17:31,472|INFO|random_mc2_n5_mid3_d1000_05_mr098_r10_17_uai_GDCC_1e-09_n200_roFalse_s0: PNS(V2,V0) exact: (0.0009668192, 0.0226223524444999)
2026-02-06 13:17:31,467|INFO|random_mc2_n5_mid3_d1000_05_mr098_r10_90_uai_GDCC_1e-09_n200_roFalse_s0: Loading model from ../models/synthetic/s123/random_mc2_n5_mid3_d1000_05_mr098_r10_90.uai
2026-02-06 13:17:31,476|INFO|random_mc2_n5_mid3_d1000_05_mr098_r10_90_uai_GDCC_1e-09_n200_roFalse_s0: Loading data from ../models/synthetic/s123/random_mc2_n5_mid3_d1000_05_mr098_r10_90.csv
2026-02-06 13:17:31,487|INFO|random_mc2_n5_mid3_d1000_05_mr098_r10_90_uai_GDCC_1e-09_n200_roFalse_s0: PNS(V2,V3) exact: (0.70713, 0.8487600000000001)
2026-02-06 13:17:31,471|INFO|random_mc2_n6_mid3_d1000_05_mr098_r10_41_uai_GDCC_1e-09_n200_roTrue_s0: Loading model from ../models/synthetic/s123/random_mc2_n6_mid3_d1000_05_mr098_r10_41.uai
2026-02-06 13:17:31,482|INFO|random_mc2_n6_mid3_d1000_05_mr098_r10_41_uai_GDCC_1e-09_n200_roTrue_s0: Loading data from ../models/synthetic/s123/random_mc2_n6_mid3_d1000_05_mr098_r10_41.csv
2026-02-06 13:17:31,493|INFO|random_mc2_n6_mid3_d1000_05_mr098_r10_41_uai_GDCC_1e-09_n200_roTrue_s0: PNS(V5,V3) exact: (0.119982256826749, 0.4934547656320461)
2026-02-06 13:17:31,478|INFO|random_mc2_n6_mid3_d1000_05_mr098_r10_195_uai_GDCC_1e-09_n200_roTrue_s0: Loading model from ../models/synthetic/s123/random_mc2_n6_mid3_d1000_05_mr098_r10_195.uai
2026-02-06 13:17:31,485|INFO|random_mc2_n6_mid3_d1000_05_mr098_r10_195_uai_GDCC_1e-09_n200_roTrue_s0: Loading data from ../models/synthetic/s123/random_mc2_n6_mid3_d1000_05_mr098_r10_195.csv
2026-02-06 13:17:31,495|INFO|random_mc2_n6_mid3_d1000_05_mr098_r10_195_uai_GDCC_1e-09_n200_roTrue_s0: PNS(V1,V5) exact: (0.3611165594, 0.4092761430999999)
2026-02-06 13:17:35,341|INFO|random_mc2_n8_mid3_d1000_05_mr098_r10_76_uai_GDCC_1e-09_n200_roTrue_s0: Arguments: Namespace(method='GDCC_1e-09', numruns='200', seed='0', output='../results/synthetic/s123/', rewrite=True, removeoutliers=True, filepath=['../models/synthetic/s123/random_mc2_n8_mid3_d1000_05_mr098_r10_76.uai'])
2026-02-06 13:17:35,341|INFO|random_mc2_n8_mid3_d1000_05_mr098_r10_76_uai_GDCC_1e-09_n200_roTrue_s0: Loading model from ../models/synthetic/s123/random_mc2_n8_mid3_d1000_05_mr098_r10_76.uai
2026-02-06 13:17:35,351|INFO|random_mc2_n8_mid3_d1000_05_mr098_r10_76_uai_GDCC_1e-09_n200_roTrue_s0: Loading data from ../models/synthetic/s123/random_mc2_n8_mid3_d1000_05_mr098_r10_76.csv
2026-02-06 13:17:35,363|INFO|random_mc2_n8_mid3_d1000_05_mr098_r10_76_uai_GDCC_1e-09_n200_roTrue_s0: PNS(V5,V4) exact: (0.400195964582856, 0.4868895953108599)
2026-02-06 13:17:37,604|INFO|random_mc2_n5_mid3_d1000_05_mr098_r10_63_uai_GDCC_1e-09_n200_roFalse_s0: Arguments: Namespace(method='GDCC_1e-09', numruns='200', seed='0', output='../results/synthetic/s123/', rewrite=True, removeoutliers=False, filepath=['../models/synthetic/s123/random_mc2_n5_mid3_d1000_05_mr098_r10_63.uai'])
2026-02-06 13:17:37,604|INFO|random_mc2_n5_mid3_d1000_05_mr098_r10_63_uai_GDCC_1e-09_n200_roFalse_s0: Loading model from ../models/synthetic/s123/random_mc2_n5_mid3_d1000_05_mr098_r10_63.uai
2026-02-06 13:17:37,609|INFO|random_mc2_n5_mid3_d1000_05_mr098_r10_63_uai_GDCC_1e-09_n200_roFalse_s0: Loading data from ../models/synthetic/s123/random_mc2_n5_mid3_d1000_05_mr098_r10_63.csv
2026-02-06 13:17:37,623|INFO|random_mc2_n5_mid3_d1000_05_mr098_r10_63_uai_GDCC_1e-09_n200_roFalse_s0: PNS(V4,V1) exact: (0.0, 0.1702281)
2026-02-06 13:17:38,041|INFO|random_mc2_n8_mid3_d1000_05_mr098_r10_174_uai_GDCC_1e-09_n200_roFalse_s0: Arguments: Namespace(method='GDCC_1e-09', numruns='200', seed='0', output='../results/synthetic/s123/', rewrite=True, removeoutliers=False, filepath=['../models/synthetic/s123/random_mc2_n8_mid3_d1000_05_mr098_r10_174.uai'])
2026-02-06 13:17:38,058|INFO|random_mc2_n5_mid3_d1000_05_mr098_r10_29_uai_GDCC_1e-09_n200_roFalse_s0: Arguments: Namespace(method='GDCC_1e-09', numruns='200', seed='0', output='../results/synthetic/s123/', rewrite=True, removeoutliers=False, filepath=['../models/synthetic/s123/random_mc2_n5_mid3_d1000_05_mr098_r10_29.uai'])
2026-02-06 13:17:38,041|INFO|random_mc2_n8_mid3_d1000_05_mr098_r10_174_uai_GDCC_1e-09_n200_roFalse_s0: Loading model from ../models/synthetic/s123/random_mc2_n8_mid3_d1000_05_mr098_r10_174.uai
2026-02-06 13:17:38,058|INFO|random_mc2_n5_mid3_d1000_05_mr098_r10_29_uai_GDCC_1e-09_n200_roFalse_s0: Loading model from ../models/synthetic/s123/random_mc2_n5_mid3_d1000_05_mr098_r10_29.uai
2026-02-06 13:17:38,067|INFO|random_mc2_n5_mid3_d1000_05_mr098_r10_29_uai_GDCC_1e-09_n200_roFalse_s0: Loading data from ../models/synthetic/s123/random_mc2_n5_mid3_d1000_05_mr098_r10_29.csv
2026-02-06 13:17:38,105|INFO|random_mc2_n5_mid3_d1000_05_mr098_r10_156_uai_GDCC_1e-09_n200_roFalse_s0: Arguments: Namespace(method='GDCC_1e-09', numruns='200', seed='0', output='../results/synthetic/s123/', rewrite=True, removeoutliers=False, filepath=['../models/synthetic/s123/random_mc2_n5_mid3_d1000_05_mr098_r10_156.uai'])
2026-02-06 13:17:38,107|INFO|random_mc2_n5_mid3_d1000_05_mr098_r10_180_uai_GDCC_1e-09_n200_roFalse_s0: Arguments: Namespace(method='GDCC_1e-09', numruns='200', seed='0', output='../results/synthetic/s123/', rewrite=True, removeoutliers=False, filepath=['../models/synthetic/s123/random_mc2_n5_mid3_d1000_05_mr098_r10_180.uai'])
2026-02-06 13:17:38,105|INFO|random_mc2_n5_mid3_d1000_05_mr098_r10_156_uai_GDCC_1e-09_n200_roFalse_s0: Loading model from ../models/synthetic/s123/random_mc2_n5_mid3_d1000_05_mr098_r10_156.uai
2026-02-06 13:17:38,109|INFO|random_mc2_n5_mid3_d1000_05_mr098_r10_156_uai_GDCC_1e-09_n200_roFalse_s0: Loading data from ../models/synthetic/s123/random_mc2_n5_mid3_d1000_05_mr098_r10_156.csv
2026-02-06 13:17:38,118|INFO|random_mc2_n5_mid3_d1000_05_mr098_r10_156_uai_GDCC_1e-09_n200_roFalse_s0: PNS(V0,V3) exact: (0.013315773, 0.1754779742999999)
2026-02-06 13:17:38,107|INFO|random_mc2_n5_mid3_d1000_05_mr098_r10_180_uai_GDCC_1e-09_n200_roFalse_s0: Loading model from ../models/synthetic/s123/random_mc2_n5_mid3_d1000_05_mr098_r10_180.uai
2026-02-06 13:17:38,111|INFO|random_mc2_n5_mid3_d1000_05_mr098_r10_180_uai_GDCC_1e-09_n200_roFalse_s0: Loading data from ../models/synthetic/s123/random_mc2_n5_mid3_d1000_05_mr098_r10_180.csv
2026-02-06 13:17:38,152|INFO|random_mc2_n6_mid3_d1000_05_mr098_r10_154_uai_GDCC_1e-09_n200_roFalse_s0: Arguments: Namespace(method='GDCC_1e-09', numruns='200', seed='0', output='../results/synthetic/s123/', rewrite=True, removeoutliers=False, filepath=['../models/synthetic/s123/random_mc2_n6_mid3_d1000_05_mr098_r10_154.uai'])
2026-02-06 13:17:38,153|INFO|random_mc2_n5_mid3_d1000_05_mr098_r10_114_uai_GDCC_1e-09_n200_roTrue_s0: Arguments: Namespace(method='GDCC_1e-09', numruns='200', seed='0', output='../results/synthetic/s123/', rewrite=True, removeoutliers=True, filepath=['../models/synthetic/s123/random_mc2_n5_mid3_d1000_05_mr098_r10_114.uai'])
2026-02-06 13:17:38,160|INFO|random_mc2_n5_mid3_d1000_05_mr098_r10_179_uai_GDCC_1e-09_n200_roFalse_s0: Arguments: Namespace(method='GDCC_1e-09', numruns='200', seed='0', output='../results/synthetic/s123/', rewrite=True, removeoutliers=False, filepath=['../models/synthetic/s123/random_mc2_n5_mid3_d1000_05_mr098_r10_179.uai'])
2026-02-06 13:17:38,153|INFO|random_mc2_n6_mid3_d1000_05_mr098_r10_154_uai_GDCC_1e-09_n200_roFalse_s0: Loading model from ../models/synthetic/s123/random_mc2_n6_mid3_d1000_05_mr098_r10_154.uai
2026-02-06 13:17:38,165|INFO|random_mc2_n6_mid3_d1000_05_mr098_r10_154_uai_GDCC_1e-09_n200_roFalse_s0: Loading data from ../models/synthetic/s123/random_mc2_n6_mid3_d1000_05_mr098_r10_154.csv
2026-02-06 13:17:38,153|INFO|random_mc2_n5_mid3_d1000_05_mr098_r10_114_uai_GDCC_1e-09_n200_roTrue_s0: Loading model from ../models/synthetic/s123/random_mc2_n5_mid3_d1000_05_mr098_r10_114.uai
2026-02-06 13:17:38,175|INFO|random_mc2_n5_mid3_d1000_05_mr098_r10_114_uai_GDCC_1e-09_n200_roTrue_s0: Loading data from ../models/synthetic/s123/random_mc2_n5_mid3_d1000_05_mr098_r10_114.csv
2026-02-06 13:17:38,161|INFO|random_mc2_n5_mid3_d1000_05_mr098_r10_179_uai_GDCC_1e-09_n200_roFalse_s0: Loading model from ../models/synthetic/s123/random_mc2_n5_mid3_d1000_05_mr098_r10_179.uai
2026-02-06 13:17:38,167|INFO|random_mc2_n5_mid3_d1000_05_mr098_r10_179_uai_GDCC_1e-09_n200_roFalse_s0: Loading data from ../models/synthetic/s123/random_mc2_n5_mid3_d1000_05_mr098_r10_179.csv
2026-02-06 13:17:38,176|INFO|random_mc2_n5_mid3_d1000_05_mr098_r10_179_uai_GDCC_1e-09_n200_roFalse_s0: PNS(V2,V4) exact: (0.00847, 0.3191)
2026-02-06 13:17:38,250|INFO|random_mc2_n9_mid3_d1000_05_mr098_r10_107_uai_GDCC_1e-09_n200_roFalse_s0: Arguments: Namespace(method='GDCC_1e-09', numruns='200', seed='0', output='../results/synthetic/s123/', rewrite=True, removeoutliers=False, filepath=['../models/synthetic/s123/random_mc2_n9_mid3_d1000_05_mr098_r10_107.uai'])
2026-02-06 13:17:38,288|INFO|random_mc2_n6_mid3_d1000_05_mr098_r10_116_uai_GDCC_1e-09_n200_roFalse_s0: Arguments: Namespace(method='GDCC_1e-09', numruns='200', seed='0', output='../results/synthetic/s123/', rewrite=True, removeoutliers=False, filepath=['../models/synthetic/s123/random_mc2_n6_mid3_d1000_05_mr098_r10_116.uai'])
2026-02-06 13:17:38,251|INFO|random_mc2_n9_mid3_d1000_05_mr098_r10_107_uai_GDCC_1e-09_n200_roFalse_s0: Loading model from ../models/synthetic/s123/random_mc2_n9_mid3_d1000_05_mr098_r10_107.uai
2026-02-06 13:17:38,288|INFO|random_mc2_n6_mid3_d1000_05_mr098_r10_116_uai_GDCC_1e-09_n200_roFalse_s0: Loading model from ../models/synthetic/s123/random_mc2_n6_mid3_d1000_05_mr098_r10_116.uai
2026-02-06 13:17:38,297|INFO|random_mc2_n6_mid3_d1000_05_mr098_r10_116_uai_GDCC_1e-09_n200_roFalse_s0: Loading data from ../models/synthetic/s123/random_mc2_n6_mid3_d1000_05_mr098_r10_116.csv
2026-02-06 13:17:38,307|INFO|random_mc2_n6_mid3_d1000_05_mr098_r10_116_uai_GDCC_1e-09_n200_roFalse_s0: PNS(V5,V1) exact: (0.0050404107, 0.1627079522999999)
2026-02-06 13:17:38,347|INFO|random_mc2_n8_mid3_d1000_05_mr098_r10_174_uai_GDCC_1e-09_n200_roFalse_s0: Loading data from ../models/synthetic/s123/random_mc2_n8_mid3_d1000_05_mr098_r10_174.csv
2026-02-06 13:17:38,391|INFO|random_mc2_n7_mid3_d1000_05_mr098_r10_120_uai_GDCC_1e-09_n200_roTrue_s0: Arguments: Namespace(method='GDCC_1e-09', numruns='200', seed='0', output='../results/synthetic/s123/', rewrite=True, removeoutliers=True, filepath=['../models/synthetic/s123/random_mc2_n7_mid3_d1000_05_mr098_r10_120.uai'])
2026-02-06 13:17:38,391|INFO|random_mc2_n7_mid3_d1000_05_mr098_r10_120_uai_GDCC_1e-09_n200_roTrue_s0: Loading model from ../models/synthetic/s123/random_mc2_n7_mid3_d1000_05_mr098_r10_120.uai
2026-02-06 13:17:38,397|INFO|random_mc2_n7_mid3_d1000_05_mr098_r10_120_uai_GDCC_1e-09_n200_roTrue_s0: Loading data from ../models/synthetic/s123/random_mc2_n7_mid3_d1000_05_mr098_r10_120.csv
2026-02-06 13:17:38,407|INFO|random_mc2_n7_mid3_d1000_05_mr098_r10_120_uai_GDCC_1e-09_n200_roTrue_s0: PNS(V4,V0) exact: (0.0, 0.2777528032372082)
2026-02-06 13:17:38,668|INFO|random_mc2_n9_mid3_d1000_05_mr098_r10_107_uai_GDCC_1e-09_n200_roFalse_s0: Loading data from ../models/synthetic/s123/random_mc2_n9_mid3_d1000_05_mr098_r10_107.csv
2026-02-06 13:17:44,782|INFO|random_mc2_n5_mid3_d1000_05_mr098_r10_165_uai_GDCC_1e-09_n200_roFalse_s0: Arguments: Namespace(method='GDCC_1e-09', numruns='200', seed='0', output='../results/synthetic/s123/', rewrite=True, removeoutliers=False, filepath=['../models/synthetic/s123/random_mc2_n5_mid3_d1000_05_mr098_r10_165.uai'])
2026-02-06 13:17:44,814|INFO|random_mc2_n5_mid3_d1000_05_mr098_r10_48_uai_GDCC_1e-09_n200_roTrue_s0: Arguments: Namespace(method='GDCC_1e-09', numruns='200', seed='0', output='../results/synthetic/s123/', rewrite=True, removeoutliers=True, filepath=['../models/synthetic/s123/random_mc2_n5_mid3_d1000_05_mr098_r10_48.uai'])
2026-02-06 13:17:44,782|INFO|random_mc2_n5_mid3_d1000_05_mr098_r10_165_uai_GDCC_1e-09_n200_roFalse_s0: Loading model from ../models/synthetic/s123/random_mc2_n5_mid3_d1000_05_mr098_r10_165.uai
2026-02-06 13:17:44,790|INFO|random_mc2_n5_mid3_d1000_05_mr098_r10_165_uai_GDCC_1e-09_n200_roFalse_s0: Loading data from ../models/synthetic/s123/random_mc2_n5_mid3_d1000_05_mr098_r10_165.csv
2026-02-06 13:17:44,804|INFO|random_mc2_n5_mid3_d1000_05_mr098_r10_165_uai_GDCC_1e-09_n200_roFalse_s0: PNS(V1,V2) exact: (0.93297, 0.93333)
2026-02-06 13:17:44,814|INFO|random_mc2_n5_mid3_d1000_05_mr098_r10_48_uai_GDCC_1e-09_n200_roTrue_s0: Loading model from ../models/synthetic/s123/random_mc2_n5_mid3_d1000_05_mr098_r10_48.uai
2026-02-06 13:17:44,819|INFO|random_mc2_n5_mid3_d1000_05_mr098_r10_48_uai_GDCC_1e-09_n200_roTrue_s0: Loading data from ../models/synthetic/s123/random_mc2_n5_mid3_d1000_05_mr098_r10_48.csv
2026-02-06 13:17:44,828|INFO|random_mc2_n5_mid3_d1000_05_mr098_r10_48_uai_GDCC_1e-09_n200_roTrue_s0: PNS(V0,V4) exact: (0.3710704247999999, 0.4223098252000001)
2026-02-06 13:17:44,890|INFO|random_mc2_n8_mid3_d1000_05_mr098_r10_3_uai_GDCC_1e-09_n200_roFalse_s0: Arguments: Namespace(method='GDCC_1e-09', numruns='200', seed='0', output='../results/synthetic/s123/', rewrite=True, removeoutliers=False, filepath=['../models/synthetic/s123/random_mc2_n8_mid3_d1000_05_mr098_r10_3.uai'])
2026-02-06 13:17:44,890|INFO|random_mc2_n8_mid3_d1000_05_mr098_r10_3_uai_GDCC_1e-09_n200_roFalse_s0: Loading model from ../models/synthetic/s123/random_mc2_n8_mid3_d1000_05_mr098_r10_3.uai
2026-02-06 13:17:44,901|INFO|random_mc2_n8_mid3_d1000_05_mr098_r10_3_uai_GDCC_1e-09_n200_roFalse_s0: Loading data from ../models/synthetic/s123/random_mc2_n8_mid3_d1000_05_mr098_r10_3.csv
2026-02-06 13:17:44,910|INFO|random_mc2_n8_mid3_d1000_05_mr098_r10_3_uai_GDCC_1e-09_n200_roFalse_s0: PNS(V5,V7) exact: (0.0133650763190615, 0.0741909892031331)
2026-02-06 13:17:44,943|INFO|random_mc2_n6_mid3_d1000_05_mr098_r10_152_uai_GDCC_1e-09_n200_roTrue_s0: Arguments: Namespace(method='GDCC_1e-09', numruns='200', seed='0', output='../results/synthetic/s123/', rewrite=True, removeoutliers=True, filepath=['../models/synthetic/s123/random_mc2_n6_mid3_d1000_05_mr098_r10_152.uai'])
2026-02-06 13:17:44,961|INFO|random_mc2_n8_mid3_d1000_05_mr098_r10_2_uai_GDCC_1e-09_n200_roFalse_s0: Arguments: Namespace(method='GDCC_1e-09', numruns='200', seed='0', output='../results/synthetic/s123/', rewrite=True, removeoutliers=False, filepath=['../models/synthetic/s123/random_mc2_n8_mid3_d1000_05_mr098_r10_2.uai'])
2026-02-06 13:17:44,943|INFO|random_mc2_n6_mid3_d1000_05_mr098_r10_152_uai_GDCC_1e-09_n200_roTrue_s0: Loading model from ../models/synthetic/s123/random_mc2_n6_mid3_d1000_05_mr098_r10_152.uai
2026-02-06 13:17:44,962|INFO|random_mc2_n8_mid3_d1000_05_mr098_r10_2_uai_GDCC_1e-09_n200_roFalse_s0: Loading model from ../models/synthetic/s123/random_mc2_n8_mid3_d1000_05_mr098_r10_2.uai
2026-02-06 13:17:44,980|INFO|random_mc2_n8_mid3_d1000_05_mr098_r10_2_uai_GDCC_1e-09_n200_roFalse_s0: Loading data from ../models/synthetic/s123/random_mc2_n8_mid3_d1000_05_mr098_r10_2.csv
2026-02-06 13:17:44,989|INFO|random_mc2_n8_mid3_d1000_05_mr098_r10_2_uai_GDCC_1e-09_n200_roFalse_s0: PNS(V1,V5) exact: (0.0, 0.0)
2026-02-06 13:17:44,989|ERROR|random_mc2_n8_mid3_d1000_05_mr098_r10_2_uai_GDCC_1e-09_n200_roFalse_s0: Model does not have any cause-effect path.
2026-02-06 13:17:45,044|INFO|random_mc2_n6_mid3_d1000_05_mr098_r10_152_uai_GDCC_1e-09_n200_roTrue_s0: Loading data from ../models/synthetic/s123/random_mc2_n6_mid3_d1000_05_mr098_r10_152.csv
2026-02-06 13:17:45,092|INFO|random_mc2_n6_mid3_d1000_05_mr098_r10_10_uai_GDCC_1e-09_n200_roTrue_s0: Arguments: Namespace(method='GDCC_1e-09', numruns='200', seed='0', output='../results/synthetic/s123/', rewrite=True, removeoutliers=True, filepath=['../models/synthetic/s123/random_mc2_n6_mid3_d1000_05_mr098_r10_10.uai'])
2026-02-06 13:17:45,093|INFO|random_mc2_n6_mid3_d1000_05_mr098_r10_10_uai_GDCC_1e-09_n200_roTrue_s0: Loading model from ../models/synthetic/s123/random_mc2_n6_mid3_d1000_05_mr098_r10_10.uai
2026-02-06 13:17:45,115|INFO|random_mc2_n6_mid3_d1000_05_mr098_r10_10_uai_GDCC_1e-09_n200_roTrue_s0: Loading data from ../models/synthetic/s123/random_mc2_n6_mid3_d1000_05_mr098_r10_10.csv
2026-02-06 13:17:45,161|INFO|random_mc2_n5_mid3_d1000_05_mr098_r10_99_uai_GDCC_1e-09_n200_roFalse_s0: Arguments: Namespace(method='GDCC_1e-09', numruns='200', seed='0', output='../results/synthetic/s123/', rewrite=True, removeoutliers=False, filepath=['../models/synthetic/s123/random_mc2_n5_mid3_d1000_05_mr098_r10_99.uai'])
2026-02-06 13:17:45,170|INFO|random_mc2_n6_mid3_d1000_05_mr098_r10_144_uai_GDCC_1e-09_n200_roTrue_s0: Arguments: Namespace(method='GDCC_1e-09', numruns='200', seed='0', output='../results/synthetic/s123/', rewrite=True, removeoutliers=True, filepath=['../models/synthetic/s123/random_mc2_n6_mid3_d1000_05_mr098_r10_144.uai'])
2026-02-06 13:17:45,161|INFO|random_mc2_n5_mid3_d1000_05_mr098_r10_99_uai_GDCC_1e-09_n200_roFalse_s0: Loading model from ../models/synthetic/s123/random_mc2_n5_mid3_d1000_05_mr098_r10_99.uai
2026-02-06 13:17:45,166|INFO|random_mc2_n5_mid3_d1000_05_mr098_r10_99_uai_GDCC_1e-09_n200_roFalse_s0: Loading data from ../models/synthetic/s123/random_mc2_n5_mid3_d1000_05_mr098_r10_99.csv
2026-02-06 13:17:45,175|INFO|random_mc2_n5_mid3_d1000_05_mr098_r10_99_uai_GDCC_1e-09_n200_roFalse_s0: PNS(V0,V4) exact: (0.0, 0.09976)
2026-02-06 13:17:45,208|INFO|random_mc2_n5_mid3_d1000_05_mr098_r10_6_uai_GDCC_1e-09_n200_roFalse_s0: Arguments: Namespace(method='GDCC_1e-09', numruns='200', seed='0', output='../results/synthetic/s123/', rewrite=True, removeoutliers=False, filepath=['../models/synthetic/s123/random_mc2_n5_mid3_d1000_05_mr098_r10_6.uai'])
2026-02-06 13:17:45,170|INFO|random_mc2_n6_mid3_d1000_05_mr098_r10_144_uai_GDCC_1e-09_n200_roTrue_s0: Loading model from ../models/synthetic/s123/random_mc2_n6_mid3_d1000_05_mr098_r10_144.uai
2026-02-06 13:17:45,179|INFO|random_mc2_n6_mid3_d1000_05_mr098_r10_144_uai_GDCC_1e-09_n200_roTrue_s0: Loading data from ../models/synthetic/s123/random_mc2_n6_mid3_d1000_05_mr098_r10_144.csv
2026-02-06 13:17:45,210|INFO|random_mc2_n6_mid3_d1000_05_mr098_r10_80_uai_GDCC_1e-09_n200_roFalse_s0: Arguments: Namespace(method='GDCC_1e-09', numruns='200', seed='0', output='../results/synthetic/s123/', rewrite=True, removeoutliers=False, filepath=['../models/synthetic/s123/random_mc2_n6_mid3_d1000_05_mr098_r10_80.uai'])
2026-02-06 13:17:45,188|INFO|random_mc2_n6_mid3_d1000_05_mr098_r10_144_uai_GDCC_1e-09_n200_roTrue_s0: PNS(V1,V4) exact: (0.0105806483115999, 0.0362963028616)
2026-02-06 13:17:45,209|INFO|random_mc2_n5_mid3_d1000_05_mr098_r10_6_uai_GDCC_1e-09_n200_roFalse_s0: Loading model from ../models/synthetic/s123/random_mc2_n5_mid3_d1000_05_mr098_r10_6.uai
2026-02-06 13:17:45,220|INFO|random_mc2_n5_mid3_d1000_05_mr098_r10_6_uai_GDCC_1e-09_n200_roFalse_s0: Loading data from ../models/synthetic/s123/random_mc2_n5_mid3_d1000_05_mr098_r10_6.csv
2026-02-06 13:17:45,210|INFO|random_mc2_n6_mid3_d1000_05_mr098_r10_80_uai_GDCC_1e-09_n200_roFalse_s0: Loading model from ../models/synthetic/s123/random_mc2_n6_mid3_d1000_05_mr098_r10_80.uai
2026-02-06 13:17:45,218|INFO|random_mc2_n6_mid3_d1000_05_mr098_r10_80_uai_GDCC_1e-09_n200_roFalse_s0: Loading data from ../models/synthetic/s123/random_mc2_n6_mid3_d1000_05_mr098_r10_80.csv
2026-02-06 13:17:45,259|INFO|random_mc2_n5_mid3_d1000_05_mr098_r10_34_uai_GDCC_1e-09_n200_roTrue_s0: Arguments: Namespace(method='GDCC_1e-09', numruns='200', seed='0', output='../results/synthetic/s123/', rewrite=True, removeoutliers=True, filepath=['../models/synthetic/s123/random_mc2_n5_mid3_d1000_05_mr098_r10_34.uai'])
2026-02-06 13:17:45,281|INFO|random_mc2_n5_mid3_d1000_05_mr098_r10_170_uai_GDCC_1e-09_n200_roFalse_s0: Arguments: Namespace(method='GDCC_1e-09', numruns='200', seed='0', output='../results/synthetic/s123/', rewrite=True, removeoutliers=False, filepath=['../models/synthetic/s123/random_mc2_n5_mid3_d1000_05_mr098_r10_170.uai'])
2026-02-06 13:17:45,297|INFO|random_mc2_n5_mid3_d1000_05_mr098_r10_200_uai_GDCC_1e-09_n200_roFalse_s0: Arguments: Namespace(method='GDCC_1e-09', numruns='200', seed='0', output='../results/synthetic/s123/', rewrite=True, removeoutliers=False, filepath=['../models/synthetic/s123/random_mc2_n5_mid3_d1000_05_mr098_r10_200.uai'])
2026-02-06 13:17:45,259|INFO|random_mc2_n5_mid3_d1000_05_mr098_r10_34_uai_GDCC_1e-09_n200_roTrue_s0: Loading model from ../models/synthetic/s123/random_mc2_n5_mid3_d1000_05_mr098_r10_34.uai
2026-02-06 13:17:45,266|INFO|random_mc2_n5_mid3_d1000_05_mr098_r10_34_uai_GDCC_1e-09_n200_roTrue_s0: Loading data from ../models/synthetic/s123/random_mc2_n5_mid3_d1000_05_mr098_r10_34.csv
2026-02-06 13:17:45,277|INFO|random_mc2_n5_mid3_d1000_05_mr098_r10_34_uai_GDCC_1e-09_n200_roTrue_s0: PNS(V0,V3) exact: (0.41137714, 0.41137714)
2026-02-06 13:17:45,300|INFO|random_mc2_n6_mid3_d1000_05_mr098_r10_20_uai_GDCC_1e-09_n200_roTrue_s0: Arguments: Namespace(method='GDCC_1e-09', numruns='200', seed='0', output='../results/synthetic/s123/', rewrite=True, removeoutliers=True, filepath=['../models/synthetic/s123/random_mc2_n6_mid3_d1000_05_mr098_r10_20.uai'])
2026-02-06 13:17:45,301|INFO|random_mc2_n9_mid3_d1000_05_mr098_r10_104_uai_GDCC_1e-09_n200_roTrue_s0: Arguments: Namespace(method='GDCC_1e-09', numruns='200', seed='0', output='../results/synthetic/s123/', rewrite=True, removeoutliers=True, filepath=['../models/synthetic/s123/random_mc2_n9_mid3_d1000_05_mr098_r10_104.uai'])
2026-02-06 13:17:45,311|INFO|random_mc2_n6_mid3_d1000_05_mr098_r10_58_uai_GDCC_1e-09_n200_roTrue_s0: Arguments: Namespace(method='GDCC_1e-09', numruns='200', seed='0', output='../results/synthetic/s123/', rewrite=True, removeoutliers=True, filepath=['../models/synthetic/s123/random_mc2_n6_mid3_d1000_05_mr098_r10_58.uai'])
2026-02-06 13:17:45,319|INFO|random_mc2_n5_mid3_d1000_05_mr098_r10_125_uai_GDCC_1e-09_n200_roFalse_s0: Arguments: Namespace(method='GDCC_1e-09', numruns='200', seed='0', output='../results/synthetic/s123/', rewrite=True, removeoutliers=False, filepath=['../models/synthetic/s123/random_mc2_n5_mid3_d1000_05_mr098_r10_125.uai'])
2026-02-06 13:17:45,281|INFO|random_mc2_n5_mid3_d1000_05_mr098_r10_170_uai_GDCC_1e-09_n200_roFalse_s0: Loading model from ../models/synthetic/s123/random_mc2_n5_mid3_d1000_05_mr098_r10_170.uai
2026-02-06 13:17:45,287|INFO|random_mc2_n5_mid3_d1000_05_mr098_r10_170_uai_GDCC_1e-09_n200_roFalse_s0: Loading data from ../models/synthetic/s123/random_mc2_n5_mid3_d1000_05_mr098_r10_170.csv
2026-02-06 13:17:45,298|INFO|random_mc2_n5_mid3_d1000_05_mr098_r10_200_uai_GDCC_1e-09_n200_roFalse_s0: Loading model from ../models/synthetic/s123/random_mc2_n5_mid3_d1000_05_mr098_r10_200.uai
2026-02-06 13:17:45,300|INFO|random_mc2_n6_mid3_d1000_05_mr098_r10_20_uai_GDCC_1e-09_n200_roTrue_s0: Loading model from ../models/synthetic/s123/random_mc2_n6_mid3_d1000_05_mr098_r10_20.uai
2026-02-06 13:17:45,314|INFO|random_mc2_n6_mid3_d1000_05_mr098_r10_20_uai_GDCC_1e-09_n200_roTrue_s0: Loading data from ../models/synthetic/s123/random_mc2_n6_mid3_d1000_05_mr098_r10_20.csv
2026-02-06 13:17:45,301|INFO|random_mc2_n9_mid3_d1000_05_mr098_r10_104_uai_GDCC_1e-09_n200_roTrue_s0: Loading model from ../models/synthetic/s123/random_mc2_n9_mid3_d1000_05_mr098_r10_104.uai
2026-02-06 13:17:45,325|INFO|random_mc2_n9_mid3_d1000_05_mr098_r10_104_uai_GDCC_1e-09_n200_roTrue_s0: Loading data from ../models/synthetic/s123/random_mc2_n9_mid3_d1000_05_mr098_r10_104.csv
2026-02-06 13:17:45,312|INFO|random_mc2_n6_mid3_d1000_05_mr098_r10_58_uai_GDCC_1e-09_n200_roTrue_s0: Loading model from ../models/synthetic/s123/random_mc2_n6_mid3_d1000_05_mr098_r10_58.uai
2026-02-06 13:17:45,318|INFO|random_mc2_n6_mid3_d1000_05_mr098_r10_58_uai_GDCC_1e-09_n200_roTrue_s0: Loading data from ../models/synthetic/s123/random_mc2_n6_mid3_d1000_05_mr098_r10_58.csv
2026-02-06 13:17:45,328|INFO|random_mc2_n6_mid3_d1000_05_mr098_r10_58_uai_GDCC_1e-09_n200_roTrue_s0: PNS(V3,V2) exact: (0.0, 0.0)
2026-02-06 13:17:45,328|ERROR|random_mc2_n6_mid3_d1000_05_mr098_r10_58_uai_GDCC_1e-09_n200_roTrue_s0: Model does not have any cause-effect path.
2026-02-06 13:17:45,353|INFO|random_mc2_n6_mid3_d1000_05_mr098_r10_17_uai_GDCC_1e-09_n200_roTrue_s0: Arguments: Namespace(method='GDCC_1e-09', numruns='200', seed='0', output='../results/synthetic/s123/', rewrite=True, removeoutliers=True, filepath=['../models/synthetic/s123/random_mc2_n6_mid3_d1000_05_mr098_r10_17.uai'])
2026-02-06 13:17:45,320|INFO|random_mc2_n5_mid3_d1000_05_mr098_r10_125_uai_GDCC_1e-09_n200_roFalse_s0: Loading model from ../models/synthetic/s123/random_mc2_n5_mid3_d1000_05_mr098_r10_125.uai
2026-02-06 13:17:45,326|INFO|random_mc2_n5_mid3_d1000_05_mr098_r10_125_uai_GDCC_1e-09_n200_roFalse_s0: Loading data from ../models/synthetic/s123/random_mc2_n5_mid3_d1000_05_mr098_r10_125.csv
2026-02-06 13:17:45,335|INFO|random_mc2_n5_mid3_d1000_05_mr098_r10_125_uai_GDCC_1e-09_n200_roFalse_s0: PNS(V2,V4) exact: (0.0, 0.3332024784999999)
2026-02-06 13:17:45,391|INFO|random_mc2_n5_mid3_d1000_05_mr098_r10_200_uai_GDCC_1e-09_n200_roFalse_s0: Loading data from ../models/synthetic/s123/random_mc2_n5_mid3_d1000_05_mr098_r10_200.csv
2026-02-06 13:17:45,353|INFO|random_mc2_n6_mid3_d1000_05_mr098_r10_17_uai_GDCC_1e-09_n200_roTrue_s0: Loading model from ../models/synthetic/s123/random_mc2_n6_mid3_d1000_05_mr098_r10_17.uai
2026-02-06 13:17:45,360|INFO|random_mc2_n6_mid3_d1000_05_mr098_r10_17_uai_GDCC_1e-09_n200_roTrue_s0: Loading data from ../models/synthetic/s123/random_mc2_n6_mid3_d1000_05_mr098_r10_17.csv
2026-02-06 13:17:45,369|INFO|random_mc2_n6_mid3_d1000_05_mr098_r10_17_uai_GDCC_1e-09_n200_roTrue_s0: PNS(V5,V0) exact: (0.068749296, 0.1201185324)
2026-02-06 13:17:45,722|INFO|random_mc2_n5_mid3_d1000_05_mr098_r10_124_uai_GDCC_1e-09_n200_roFalse_s0: Arguments: Namespace(method='GDCC_1e-09', numruns='200', seed='0', output='../results/synthetic/s123/', rewrite=True, removeoutliers=False, filepath=['../models/synthetic/s123/random_mc2_n5_mid3_d1000_05_mr098_r10_124.uai'])
2026-02-06 13:17:45,723|INFO|random_mc2_n5_mid3_d1000_05_mr098_r10_124_uai_GDCC_1e-09_n200_roFalse_s0: Loading model from ../models/synthetic/s123/random_mc2_n5_mid3_d1000_05_mr098_r10_124.uai
2026-02-06 13:17:45,730|INFO|random_mc2_n5_mid3_d1000_05_mr098_r10_124_uai_GDCC_1e-09_n200_roFalse_s0: Loading data from ../models/synthetic/s123/random_mc2_n5_mid3_d1000_05_mr098_r10_124.csv
2026-02-06 13:17:45,742|INFO|random_mc2_n5_mid3_d1000_05_mr098_r10_124_uai_GDCC_1e-09_n200_roFalse_s0: PNS(V4,V1) exact: (0.00019924659568, 0.05078698676936)
2026-02-06 13:17:47,942|INFO|random_mc2_n6_mid3_d1000_05_mr098_r10_139_uai_GDCC_1e-09_n200_roFalse_s0: Arguments: Namespace(method='GDCC_1e-09', numruns='200', seed='0', output='../results/synthetic/s123/', rewrite=True, removeoutliers=False, filepath=['../models/synthetic/s123/random_mc2_n6_mid3_d1000_05_mr098_r10_139.uai'])
2026-02-06 13:17:47,942|INFO|random_mc2_n6_mid3_d1000_05_mr098_r10_139_uai_GDCC_1e-09_n200_roFalse_s0: Loading model from ../models/synthetic/s123/random_mc2_n6_mid3_d1000_05_mr098_r10_139.uai
2026-02-06 13:17:47,950|INFO|random_mc2_n6_mid3_d1000_05_mr098_r10_139_uai_GDCC_1e-09_n200_roFalse_s0: Loading data from ../models/synthetic/s123/random_mc2_n6_mid3_d1000_05_mr098_r10_139.csv
2026-02-06 13:17:47,965|INFO|random_mc2_n6_mid3_d1000_05_mr098_r10_139_uai_GDCC_1e-09_n200_roFalse_s0: PNS(V0,V4) exact: (0.00014340000000000004, 0.0143472)
2026-02-06 13:17:51,076|INFO|random_mc2_n9_mid3_d1000_05_mr098_r10_198_uai_GDCC_1e-09_n200_roTrue_s0: Arguments: Namespace(method='GDCC_1e-09', numruns='200', seed='0', output='../results/synthetic/s123/', rewrite=True, removeoutliers=True, filepath=['../models/synthetic/s123/random_mc2_n9_mid3_d1000_05_mr098_r10_198.uai'])
2026-02-06 13:17:51,098|INFO|random_mc2_n8_mid3_d1000_05_mr098_r10_1_uai_GDCC_1e-09_n200_roTrue_s0: Arguments: Namespace(method='GDCC_1e-09', numruns='200', seed='0', output='../results/synthetic/s123/', rewrite=True, removeoutliers=True, filepath=['../models/synthetic/s123/random_mc2_n8_mid3_d1000_05_mr098_r10_1.uai'])
2026-02-06 13:17:51,076|INFO|random_mc2_n9_mid3_d1000_05_mr098_r10_198_uai_GDCC_1e-09_n200_roTrue_s0: Loading model from ../models/synthetic/s123/random_mc2_n9_mid3_d1000_05_mr098_r10_198.uai
2026-02-06 13:17:51,088|INFO|random_mc2_n9_mid3_d1000_05_mr098_r10_198_uai_GDCC_1e-09_n200_roTrue_s0: Loading data from ../models/synthetic/s123/random_mc2_n9_mid3_d1000_05_mr098_r10_198.csv
2026-02-06 13:17:51,099|INFO|random_mc2_n8_mid3_d1000_05_mr098_r10_1_uai_GDCC_1e-09_n200_roTrue_s0: Loading model from ../models/synthetic/s123/random_mc2_n8_mid3_d1000_05_mr098_r10_1.uai
2026-02-06 13:17:51,121|INFO|random_mc2_n8_mid3_d1000_05_mr098_r10_1_uai_GDCC_1e-09_n200_roTrue_s0: Loading data from ../models/synthetic/s123/random_mc2_n8_mid3_d1000_05_mr098_r10_1.csv
2026-02-06 13:17:51,166|INFO|random_mc2_n7_mid3_d1000_05_mr098_r10_145_uai_GDCC_1e-09_n200_roFalse_s0: Arguments: Namespace(method='GDCC_1e-09', numruns='200', seed='0', output='../results/synthetic/s123/', rewrite=True, removeoutliers=False, filepath=['../models/synthetic/s123/random_mc2_n7_mid3_d1000_05_mr098_r10_145.uai'])
2026-02-06 13:17:51,181|INFO|random_mc2_n9_mid3_d1000_05_mr098_r10_184_uai_GDCC_1e-09_n200_roTrue_s0: Arguments: Namespace(method='GDCC_1e-09', numruns='200', seed='0', output='../results/synthetic/s123/', rewrite=True, removeoutliers=True, filepath=['../models/synthetic/s123/random_mc2_n9_mid3_d1000_05_mr098_r10_184.uai'])
2026-02-06 13:17:51,194|INFO|random_mc2_n8_mid3_d1000_05_mr098_r10_38_uai_GDCC_1e-09_n200_roTrue_s0: Arguments: Namespace(method='GDCC_1e-09', numruns='200', seed='0', output='../results/synthetic/s123/', rewrite=True, removeoutliers=True, filepath=['../models/synthetic/s123/random_mc2_n8_mid3_d1000_05_mr098_r10_38.uai'])
2026-02-06 13:17:51,205|INFO|random_mc2_n7_mid3_d1000_05_mr098_r10_40_uai_GDCC_1e-09_n200_roTrue_s0: Arguments: Namespace(method='GDCC_1e-09', numruns='200', seed='0', output='../results/synthetic/s123/', rewrite=True, removeoutliers=True, filepath=['../models/synthetic/s123/random_mc2_n7_mid3_d1000_05_mr098_r10_40.uai'])
2026-02-06 13:17:51,166|INFO|random_mc2_n7_mid3_d1000_05_mr098_r10_145_uai_GDCC_1e-09_n200_roFalse_s0: Loading model from ../models/synthetic/s123/random_mc2_n7_mid3_d1000_05_mr098_r10_145.uai
2026-02-06 13:17:51,175|INFO|random_mc2_n7_mid3_d1000_05_mr098_r10_145_uai_GDCC_1e-09_n200_roFalse_s0: Loading data from ../models/synthetic/s123/random_mc2_n7_mid3_d1000_05_mr098_r10_145.csv
2026-02-06 13:17:51,186|INFO|random_mc2_n7_mid3_d1000_05_mr098_r10_145_uai_GDCC_1e-09_n200_roFalse_s0: PNS(V2,V5) exact: (0.024162408524618, 0.062781303718492)
2026-02-06 13:17:51,207|INFO|random_mc2_n6_mid3_d1000_05_mr098_r10_156_uai_GDCC_1e-09_n200_roFalse_s0: Arguments: Namespace(method='GDCC_1e-09', numruns='200', seed='0', output='../results/synthetic/s123/', rewrite=True, removeoutliers=False, filepath=['../models/synthetic/s123/random_mc2_n6_mid3_d1000_05_mr098_r10_156.uai'])
2026-02-06 13:17:51,210|INFO|random_mc2_n8_mid3_d1000_05_mr098_r10_188_uai_GDCC_1e-09_n200_roTrue_s0: Arguments: Namespace(method='GDCC_1e-09', numruns='200', seed='0', output='../results/synthetic/s123/', rewrite=True, removeoutliers=True, filepath=['../models/synthetic/s123/random_mc2_n8_mid3_d1000_05_mr098_r10_188.uai'])
2026-02-06 13:17:51,211|INFO|random_mc2_n5_mid3_d1000_05_mr098_r10_23_uai_GDCC_1e-09_n200_roFalse_s0: Arguments: Namespace(method='GDCC_1e-09', numruns='200', seed='0', output='../results/synthetic/s123/', rewrite=True, removeoutliers=False, filepath=['../models/synthetic/s123/random_mc2_n5_mid3_d1000_05_mr098_r10_23.uai'])
2026-02-06 13:17:51,214|INFO|random_mc2_n5_mid3_d1000_05_mr098_r10_115_uai_GDCC_1e-09_n200_roFalse_s0: Arguments: Namespace(method='GDCC_1e-09', numruns='200', seed='0', output='../results/synthetic/s123/', rewrite=True, removeoutliers=False, filepath=['../models/synthetic/s123/random_mc2_n5_mid3_d1000_05_mr098_r10_115.uai'])
2026-02-06 13:17:51,181|INFO|random_mc2_n9_mid3_d1000_05_mr098_r10_184_uai_GDCC_1e-09_n200_roTrue_s0: Loading model from ../models/synthetic/s123/random_mc2_n9_mid3_d1000_05_mr098_r10_184.uai
2026-02-06 13:17:51,199|INFO|random_mc2_n9_mid3_d1000_05_mr098_r10_184_uai_GDCC_1e-09_n200_roTrue_s0: Loading data from ../models/synthetic/s123/random_mc2_n9_mid3_d1000_05_mr098_r10_184.csv
2026-02-06 13:17:51,195|INFO|random_mc2_n8_mid3_d1000_05_mr098_r10_38_uai_GDCC_1e-09_n200_roTrue_s0: Loading model from ../models/synthetic/s123/random_mc2_n8_mid3_d1000_05_mr098_r10_38.uai
2026-02-06 13:17:51,223|INFO|random_mc2_n8_mid3_d1000_05_mr098_r10_38_uai_GDCC_1e-09_n200_roTrue_s0: Loading data from ../models/synthetic/s123/random_mc2_n8_mid3_d1000_05_mr098_r10_38.csv
2026-02-06 13:17:51,206|INFO|random_mc2_n7_mid3_d1000_05_mr098_r10_40_uai_GDCC_1e-09_n200_roTrue_s0: Loading model from ../models/synthetic/s123/random_mc2_n7_mid3_d1000_05_mr098_r10_40.uai
2026-02-06 13:17:51,236|INFO|random_mc2_n7_mid3_d1000_05_mr098_r10_40_uai_GDCC_1e-09_n200_roTrue_s0: Loading data from ../models/synthetic/s123/random_mc2_n7_mid3_d1000_05_mr098_r10_40.csv
2026-02-06 13:17:51,246|INFO|random_mc2_n7_mid3_d1000_05_mr098_r10_40_uai_GDCC_1e-09_n200_roTrue_s0: PNS(V2,V4) exact: (0.033682517015198, 0.145976403196258)
2026-02-06 13:17:51,207|INFO|random_mc2_n6_mid3_d1000_05_mr098_r10_156_uai_GDCC_1e-09_n200_roFalse_s0: Loading model from ../models/synthetic/s123/random_mc2_n6_mid3_d1000_05_mr098_r10_156.uai
2026-02-06 13:17:51,219|INFO|random_mc2_n6_mid3_d1000_05_mr098_r10_156_uai_GDCC_1e-09_n200_roFalse_s0: Loading data from ../models/synthetic/s123/random_mc2_n6_mid3_d1000_05_mr098_r10_156.csv
2026-02-06 13:17:51,210|INFO|random_mc2_n8_mid3_d1000_05_mr098_r10_188_uai_GDCC_1e-09_n200_roTrue_s0: Loading model from ../models/synthetic/s123/random_mc2_n8_mid3_d1000_05_mr098_r10_188.uai
2026-02-06 13:17:51,225|INFO|random_mc2_n8_mid3_d1000_05_mr098_r10_188_uai_GDCC_1e-09_n200_roTrue_s0: Loading data from ../models/synthetic/s123/random_mc2_n8_mid3_d1000_05_mr098_r10_188.csv
2026-02-06 13:17:51,211|INFO|random_mc2_n5_mid3_d1000_05_mr098_r10_23_uai_GDCC_1e-09_n200_roFalse_s0: Loading model from ../models/synthetic/s123/random_mc2_n5_mid3_d1000_05_mr098_r10_23.uai
2026-02-06 13:17:51,218|INFO|random_mc2_n5_mid3_d1000_05_mr098_r10_23_uai_GDCC_1e-09_n200_roFalse_s0: Loading data from ../models/synthetic/s123/random_mc2_n5_mid3_d1000_05_mr098_r10_23.csv
2026-02-06 13:17:51,227|INFO|random_mc2_n5_mid3_d1000_05_mr098_r10_23_uai_GDCC_1e-09_n200_roFalse_s0: PNS(V4,V1) exact: (0.0, 0.07268)
2026-02-06 13:17:51,214|INFO|random_mc2_n5_mid3_d1000_05_mr098_r10_115_uai_GDCC_1e-09_n200_roFalse_s0: Loading model from ../models/synthetic/s123/random_mc2_n5_mid3_d1000_05_mr098_r10_115.uai
2026-02-06 13:17:51,227|INFO|random_mc2_n5_mid3_d1000_05_mr098_r10_115_uai_GDCC_1e-09_n200_roFalse_s0: Loading data from ../models/synthetic/s123/random_mc2_n5_mid3_d1000_05_mr098_r10_115.csv
2026-02-06 13:17:56,388|INFO|random_mc2_n7_mid3_d1000_05_mr098_r10_195_uai_GDCC_1e-09_n200_roFalse_s0: Arguments: Namespace(method='GDCC_1e-09', numruns='200', seed='0', output='../results/synthetic/s123/', rewrite=True, removeoutliers=False, filepath=['../models/synthetic/s123/random_mc2_n7_mid3_d1000_05_mr098_r10_195.uai'])
2026-02-06 13:17:56,388|INFO|random_mc2_n7_mid3_d1000_05_mr098_r10_195_uai_GDCC_1e-09_n200_roFalse_s0: Loading model from ../models/synthetic/s123/random_mc2_n7_mid3_d1000_05_mr098_r10_195.uai
2026-02-06 13:17:56,404|INFO|random_mc2_n7_mid3_d1000_05_mr098_r10_195_uai_GDCC_1e-09_n200_roFalse_s0: Loading data from ../models/synthetic/s123/random_mc2_n7_mid3_d1000_05_mr098_r10_195.csv
2026-02-06 13:17:57,734|INFO|random_mc2_n8_mid3_d1000_05_mr098_r10_13_uai_GDCC_1e-09_n200_roTrue_s0: Arguments: Namespace(method='GDCC_1e-09', numruns='200', seed='0', output='../results/synthetic/s123/', rewrite=True, removeoutliers=True, filepath=['../models/synthetic/s123/random_mc2_n8_mid3_d1000_05_mr098_r10_13.uai'])
2026-02-06 13:17:57,749|INFO|random_mc2_n6_mid3_d1000_05_mr098_r10_72_uai_GDCC_1e-09_n200_roTrue_s0: Arguments: Namespace(method='GDCC_1e-09', numruns='200', seed='0', output='../results/synthetic/s123/', rewrite=True, removeoutliers=True, filepath=['../models/synthetic/s123/random_mc2_n6_mid3_d1000_05_mr098_r10_72.uai'])
2026-02-06 13:17:57,754|INFO|random_mc2_n5_mid3_d1000_05_mr098_r10_99_uai_GDCC_1e-09_n200_roTrue_s0: Arguments: Namespace(method='GDCC_1e-09', numruns='200', seed='0', output='../results/synthetic/s123/', rewrite=True, removeoutliers=True, filepath=['../models/synthetic/s123/random_mc2_n5_mid3_d1000_05_mr098_r10_99.uai'])
2026-02-06 13:17:57,734|INFO|random_mc2_n8_mid3_d1000_05_mr098_r10_13_uai_GDCC_1e-09_n200_roTrue_s0: Loading model from ../models/synthetic/s123/random_mc2_n8_mid3_d1000_05_mr098_r10_13.uai
2026-02-06 13:17:57,744|INFO|random_mc2_n8_mid3_d1000_05_mr098_r10_13_uai_GDCC_1e-09_n200_roTrue_s0: Loading data from ../models/synthetic/s123/random_mc2_n8_mid3_d1000_05_mr098_r10_13.csv
2026-02-06 13:17:57,749|INFO|random_mc2_n6_mid3_d1000_05_mr098_r10_72_uai_GDCC_1e-09_n200_roTrue_s0: Loading model from ../models/synthetic/s123/random_mc2_n6_mid3_d1000_05_mr098_r10_72.uai
2026-02-06 13:17:57,759|INFO|random_mc2_n6_mid3_d1000_05_mr098_r10_72_uai_GDCC_1e-09_n200_roTrue_s0: Loading data from ../models/synthetic/s123/random_mc2_n6_mid3_d1000_05_mr098_r10_72.csv
2026-02-06 13:17:57,770|INFO|random_mc2_n6_mid3_d1000_05_mr098_r10_72_uai_GDCC_1e-09_n200_roTrue_s0: PNS(V1,V5) exact: (0.0139420482, 0.0995220407)
2026-02-06 13:17:57,754|INFO|random_mc2_n5_mid3_d1000_05_mr098_r10_99_uai_GDCC_1e-09_n200_roTrue_s0: Loading model from ../models/synthetic/s123/random_mc2_n5_mid3_d1000_05_mr098_r10_99.uai
2026-02-06 13:17:57,760|INFO|random_mc2_n5_mid3_d1000_05_mr098_r10_99_uai_GDCC_1e-09_n200_roTrue_s0: Loading data from ../models/synthetic/s123/random_mc2_n5_mid3_d1000_05_mr098_r10_99.csv
2026-02-06 13:17:57,770|INFO|random_mc2_n5_mid3_d1000_05_mr098_r10_99_uai_GDCC_1e-09_n200_roTrue_s0: PNS(V0,V4) exact: (0.0, 0.09976)
2026-02-06 13:17:57,812|INFO|random_mc2_n5_mid3_d1000_05_mr098_r10_137_uai_GDCC_1e-09_n200_roFalse_s0: Arguments: Namespace(method='GDCC_1e-09', numruns='200', seed='0', output='../results/synthetic/s123/', rewrite=True, removeoutliers=False, filepath=['../models/synthetic/s123/random_mc2_n5_mid3_d1000_05_mr098_r10_137.uai'])
2026-02-06 13:17:57,843|INFO|random_mc2_n6_mid3_d1000_05_mr098_r10_10_uai_GDCC_1e-09_n200_roFalse_s0: Arguments: Namespace(method='GDCC_1e-09', numruns='200', seed='0', output='../results/synthetic/s123/', rewrite=True, removeoutliers=False, filepath=['../models/synthetic/s123/random_mc2_n6_mid3_d1000_05_mr098_r10_10.uai'])
2026-02-06 13:17:57,812|INFO|random_mc2_n5_mid3_d1000_05_mr098_r10_137_uai_GDCC_1e-09_n200_roFalse_s0: Loading model from ../models/synthetic/s123/random_mc2_n5_mid3_d1000_05_mr098_r10_137.uai
2026-02-06 13:17:57,820|INFO|random_mc2_n5_mid3_d1000_05_mr098_r10_137_uai_GDCC_1e-09_n200_roFalse_s0: Loading data from ../models/synthetic/s123/random_mc2_n5_mid3_d1000_05_mr098_r10_137.csv
2026-02-06 13:17:57,830|INFO|random_mc2_n5_mid3_d1000_05_mr098_r10_137_uai_GDCC_1e-09_n200_roFalse_s0: PNS(V4,V3) exact: (0.3143626878, 0.4271408892000001)
2026-02-06 13:17:57,862|INFO|random_mc2_n12_mid3_d1000_05_mr098_r10_154_uai_GDCC_1e-09_n200_roFalse_s0: Arguments: Namespace(method='GDCC_1e-09', numruns='200', seed='0', output='../results/synthetic/s123/', rewrite=True, removeoutliers=False, filepath=['../models/synthetic/s123/random_mc2_n12_mid3_d1000_05_mr098_r10_154.uai'])
2026-02-06 13:17:57,844|INFO|random_mc2_n6_mid3_d1000_05_mr098_r10_10_uai_GDCC_1e-09_n200_roFalse_s0: Loading model from ../models/synthetic/s123/random_mc2_n6_mid3_d1000_05_mr098_r10_10.uai
2026-02-06 13:17:57,866|INFO|random_mc2_n6_mid3_d1000_05_mr098_r10_10_uai_GDCC_1e-09_n200_roFalse_s0: Loading data from ../models/synthetic/s123/random_mc2_n6_mid3_d1000_05_mr098_r10_10.csv
2026-02-06 13:17:57,863|INFO|random_mc2_n12_mid3_d1000_05_mr098_r10_154_uai_GDCC_1e-09_n200_roFalse_s0: Loading model from ../models/synthetic/s123/random_mc2_n12_mid3_d1000_05_mr098_r10_154.uai
2026-02-06 13:17:57,894|INFO|random_mc2_n12_mid3_d1000_05_mr098_r10_154_uai_GDCC_1e-09_n200_roFalse_s0: Loading data from ../models/synthetic/s123/random_mc2_n12_mid3_d1000_05_mr098_r10_154.csv
2026-02-06 13:17:57,905|INFO|random_mc2_n12_mid3_d1000_05_mr098_r10_154_uai_GDCC_1e-09_n200_roFalse_s0: PNS(V5,V6) exact: (0.0078950452954415, 0.2507379400197757)
2026-02-06 13:17:57,952|INFO|random_mc2_n8_mid3_d1000_05_mr098_r10_189_uai_GDCC_1e-09_n200_roFalse_s0: Arguments: Namespace(method='GDCC_1e-09', numruns='200', seed='0', output='../results/synthetic/s123/', rewrite=True, removeoutliers=False, filepath=['../models/synthetic/s123/random_mc2_n8_mid3_d1000_05_mr098_r10_189.uai'])
2026-02-06 13:17:57,952|INFO|random_mc2_n8_mid3_d1000_05_mr098_r10_189_uai_GDCC_1e-09_n200_roFalse_s0: Loading model from ../models/synthetic/s123/random_mc2_n8_mid3_d1000_05_mr098_r10_189.uai
2026-02-06 13:17:57,962|INFO|random_mc2_n8_mid3_d1000_05_mr098_r10_189_uai_GDCC_1e-09_n200_roFalse_s0: Loading data from ../models/synthetic/s123/random_mc2_n8_mid3_d1000_05_mr098_r10_189.csv
2026-02-06 13:17:57,972|INFO|random_mc2_n8_mid3_d1000_05_mr098_r10_189_uai_GDCC_1e-09_n200_roFalse_s0: PNS(V4,V7) exact: (0.0, 0.0)
2026-02-06 13:17:58,347|INFO|random_mc2_n7_mid3_d1000_05_mr098_r10_69_uai_GDCC_1e-09_n200_roFalse_s0: Arguments: Namespace(method='GDCC_1e-09', numruns='200', seed='0', output='../results/synthetic/s123/', rewrite=True, removeoutliers=False, filepath=['../models/synthetic/s123/random_mc2_n7_mid3_d1000_05_mr098_r10_69.uai'])
2026-02-06 13:17:58,348|INFO|random_mc2_n7_mid3_d1000_05_mr098_r10_69_uai_GDCC_1e-09_n200_roFalse_s0: Loading model from ../models/synthetic/s123/random_mc2_n7_mid3_d1000_05_mr098_r10_69.uai
2026-02-06 13:17:58,354|INFO|random_mc2_n7_mid3_d1000_05_mr098_r10_69_uai_GDCC_1e-09_n200_roFalse_s0: Loading data from ../models/synthetic/s123/random_mc2_n7_mid3_d1000_05_mr098_r10_69.csv
2026-02-06 13:17:58,385|INFO|random_mc2_n5_mid3_d1000_05_mr098_r10_120_uai_GDCC_1e-09_n200_roTrue_s0: Arguments: Namespace(method='GDCC_1e-09', numruns='200', seed='0', output='../results/synthetic/s123/', rewrite=True, removeoutliers=True, filepath=['../models/synthetic/s123/random_mc2_n5_mid3_d1000_05_mr098_r10_120.uai'])
2026-02-06 13:17:58,393|INFO|random_mc2_n6_mid3_d1000_05_mr098_r10_145_uai_GDCC_1e-09_n200_roTrue_s0: Arguments: Namespace(method='GDCC_1e-09', numruns='200', seed='0', output='../results/synthetic/s123/', rewrite=True, removeoutliers=True, filepath=['../models/synthetic/s123/random_mc2_n6_mid3_d1000_05_mr098_r10_145.uai'])
2026-02-06 13:17:58,407|INFO|random_mc2_n5_mid3_d1000_05_mr098_r10_110_uai_GDCC_1e-09_n200_roFalse_s0: Arguments: Namespace(method='GDCC_1e-09', numruns='200', seed='0', output='../results/synthetic/s123/', rewrite=True, removeoutliers=False, filepath=['../models/synthetic/s123/random_mc2_n5_mid3_d1000_05_mr098_r10_110.uai'])
2026-02-06 13:17:58,386|INFO|random_mc2_n5_mid3_d1000_05_mr098_r10_120_uai_GDCC_1e-09_n200_roTrue_s0: Loading model from ../models/synthetic/s123/random_mc2_n5_mid3_d1000_05_mr098_r10_120.uai
2026-02-06 13:17:58,391|INFO|random_mc2_n5_mid3_d1000_05_mr098_r10_120_uai_GDCC_1e-09_n200_roTrue_s0: Loading data from ../models/synthetic/s123/random_mc2_n5_mid3_d1000_05_mr098_r10_120.csv
2026-02-06 13:17:58,401|INFO|random_mc2_n5_mid3_d1000_05_mr098_r10_120_uai_GDCC_1e-09_n200_roTrue_s0: PNS(V3,V1) exact: (0.39503, 0.60644)
2026-02-06 13:17:58,393|INFO|random_mc2_n6_mid3_d1000_05_mr098_r10_145_uai_GDCC_1e-09_n200_roTrue_s0: Loading model from ../models/synthetic/s123/random_mc2_n6_mid3_d1000_05_mr098_r10_145.uai
2026-02-06 13:17:58,412|INFO|random_mc2_n6_mid3_d1000_05_mr098_r10_145_uai_GDCC_1e-09_n200_roTrue_s0: Loading data from ../models/synthetic/s123/random_mc2_n6_mid3_d1000_05_mr098_r10_145.csv
2026-02-06 13:17:58,407|INFO|random_mc2_n5_mid3_d1000_05_mr098_r10_110_uai_GDCC_1e-09_n200_roFalse_s0: Loading model from ../models/synthetic/s123/random_mc2_n5_mid3_d1000_05_mr098_r10_110.uai
2026-02-06 13:17:58,419|INFO|random_mc2_n5_mid3_d1000_05_mr098_r10_110_uai_GDCC_1e-09_n200_roFalse_s0: Loading data from ../models/synthetic/s123/random_mc2_n5_mid3_d1000_05_mr098_r10_110.csv
2026-02-06 13:17:58,501|INFO|random_mc2_n8_mid3_d1000_05_mr098_r10_152_uai_GDCC_1e-09_n200_roFalse_s0: Arguments: Namespace(method='GDCC_1e-09', numruns='200', seed='0', output='../results/synthetic/s123/', rewrite=True, removeoutliers=False, filepath=['../models/synthetic/s123/random_mc2_n8_mid3_d1000_05_mr098_r10_152.uai'])
2026-02-06 13:17:58,501|INFO|random_mc2_n8_mid3_d1000_05_mr098_r10_152_uai_GDCC_1e-09_n200_roFalse_s0: Loading model from ../models/synthetic/s123/random_mc2_n8_mid3_d1000_05_mr098_r10_152.uai
2026-02-06 13:17:58,515|INFO|random_mc2_n8_mid3_d1000_05_mr098_r10_152_uai_GDCC_1e-09_n200_roFalse_s0: Loading data from ../models/synthetic/s123/random_mc2_n8_mid3_d1000_05_mr098_r10_152.csv
2026-02-06 13:17:58,573|INFO|random_mc2_n7_mid3_d1000_05_mr098_r10_97_uai_GDCC_1e-09_n200_roTrue_s0: Arguments: Namespace(method='GDCC_1e-09', numruns='200', seed='0', output='../results/synthetic/s123/', rewrite=True, removeoutliers=True, filepath=['../models/synthetic/s123/random_mc2_n7_mid3_d1000_05_mr098_r10_97.uai'])
2026-02-06 13:17:58,580|INFO|random_mc2_n5_mid3_d1000_05_mr098_r10_141_uai_GDCC_1e-09_n200_roFalse_s0: Arguments: Namespace(method='GDCC_1e-09', numruns='200', seed='0', output='../results/synthetic/s123/', rewrite=True, removeoutliers=False, filepath=['../models/synthetic/s123/random_mc2_n5_mid3_d1000_05_mr098_r10_141.uai'])
2026-02-06 13:17:58,584|INFO|random_mc2_n8_mid3_d1000_05_mr098_r10_30_uai_GDCC_1e-09_n200_roTrue_s0: Arguments: Namespace(method='GDCC_1e-09', numruns='200', seed='0', output='../results/synthetic/s123/', rewrite=True, removeoutliers=True, filepath=['../models/synthetic/s123/random_mc2_n8_mid3_d1000_05_mr098_r10_30.uai'])
2026-02-06 13:17:58,573|INFO|random_mc2_n7_mid3_d1000_05_mr098_r10_97_uai_GDCC_1e-09_n200_roTrue_s0: Loading model from ../models/synthetic/s123/random_mc2_n7_mid3_d1000_05_mr098_r10_97.uai
2026-02-06 13:17:58,598|INFO|random_mc2_n7_mid3_d1000_05_mr098_r10_97_uai_GDCC_1e-09_n200_roTrue_s0: Loading data from ../models/synthetic/s123/random_mc2_n7_mid3_d1000_05_mr098_r10_97.csv
2026-02-06 13:17:58,608|INFO|random_mc2_n7_mid3_d1000_05_mr098_r10_97_uai_GDCC_1e-09_n200_roTrue_s0: PNS(V4,V6) exact: (0.0215633261719529, 0.03488625941917)
2026-02-06 13:17:58,581|INFO|random_mc2_n5_mid3_d1000_05_mr098_r10_141_uai_GDCC_1e-09_n200_roFalse_s0: Loading model from ../models/synthetic/s123/random_mc2_n5_mid3_d1000_05_mr098_r10_141.uai
2026-02-06 13:17:58,589|INFO|random_mc2_n5_mid3_d1000_05_mr098_r10_141_uai_GDCC_1e-09_n200_roFalse_s0: Loading data from ../models/synthetic/s123/random_mc2_n5_mid3_d1000_05_mr098_r10_141.csv
2026-02-06 13:17:58,599|INFO|random_mc2_n5_mid3_d1000_05_mr098_r10_141_uai_GDCC_1e-09_n200_roFalse_s0: PNS(V1,V4) exact: (0.0017244544, 0.2307695208999999)
2026-02-06 13:17:58,584|INFO|random_mc2_n8_mid3_d1000_05_mr098_r10_30_uai_GDCC_1e-09_n200_roTrue_s0: Loading model from ../models/synthetic/s123/random_mc2_n8_mid3_d1000_05_mr098_r10_30.uai
2026-02-06 13:17:58,603|INFO|random_mc2_n8_mid3_d1000_05_mr098_r10_30_uai_GDCC_1e-09_n200_roTrue_s0: Loading data from ../models/synthetic/s123/random_mc2_n8_mid3_d1000_05_mr098_r10_30.csv
2026-02-06 13:17:58,699|INFO|random_mc2_n5_mid3_d1000_05_mr098_r10_67_uai_GDCC_1e-09_n200_roTrue_s0: Arguments: Namespace(method='GDCC_1e-09', numruns='200', seed='0', output='../results/synthetic/s123/', rewrite=True, removeoutliers=True, filepath=['../models/synthetic/s123/random_mc2_n5_mid3_d1000_05_mr098_r10_67.uai'])
2026-02-06 13:17:58,699|INFO|random_mc2_n5_mid3_d1000_05_mr098_r10_67_uai_GDCC_1e-09_n200_roTrue_s0: Loading model from ../models/synthetic/s123/random_mc2_n5_mid3_d1000_05_mr098_r10_67.uai
2026-02-06 13:17:58,705|INFO|random_mc2_n5_mid3_d1000_05_mr098_r10_67_uai_GDCC_1e-09_n200_roTrue_s0: Loading data from ../models/synthetic/s123/random_mc2_n5_mid3_d1000_05_mr098_r10_67.csv
2026-02-06 13:17:58,788|INFO|random_mc2_n5_mid3_d1000_05_mr098_r10_66_uai_GDCC_1e-09_n200_roFalse_s0: Arguments: Namespace(method='GDCC_1e-09', numruns='200', seed='0', output='../results/synthetic/s123/', rewrite=True, removeoutliers=False, filepath=['../models/synthetic/s123/random_mc2_n5_mid3_d1000_05_mr098_r10_66.uai'])
2026-02-06 13:17:58,790|INFO|random_mc2_n6_mid3_d1000_05_mr098_r10_20_uai_GDCC_1e-09_n200_roFalse_s0: Arguments: Namespace(method='GDCC_1e-09', numruns='200', seed='0', output='../results/synthetic/s123/', rewrite=True, removeoutliers=False, filepath=['../models/synthetic/s123/random_mc2_n6_mid3_d1000_05_mr098_r10_20.uai'])
2026-02-06 13:17:58,788|INFO|random_mc2_n5_mid3_d1000_05_mr098_r10_66_uai_GDCC_1e-09_n200_roFalse_s0: Loading model from ../models/synthetic/s123/random_mc2_n5_mid3_d1000_05_mr098_r10_66.uai
2026-02-06 13:17:58,794|INFO|random_mc2_n5_mid3_d1000_05_mr098_r10_66_uai_GDCC_1e-09_n200_roFalse_s0: Loading data from ../models/synthetic/s123/random_mc2_n5_mid3_d1000_05_mr098_r10_66.csv
2026-02-06 13:17:58,805|INFO|random_mc2_n5_mid3_d1000_05_mr098_r10_66_uai_GDCC_1e-09_n200_roFalse_s0: PNS(V4,V1) exact: (0.7079657650000001, 0.8388291600000001)
2026-02-06 13:17:58,790|INFO|random_mc2_n6_mid3_d1000_05_mr098_r10_20_uai_GDCC_1e-09_n200_roFalse_s0: Loading model from ../models/synthetic/s123/random_mc2_n6_mid3_d1000_05_mr098_r10_20.uai
2026-02-06 13:17:58,805|INFO|random_mc2_n6_mid3_d1000_05_mr098_r10_20_uai_GDCC_1e-09_n200_roFalse_s0: Loading data from ../models/synthetic/s123/random_mc2_n6_mid3_d1000_05_mr098_r10_20.csv
2026-02-06 13:17:58,861|INFO|random_mc2_n5_mid3_d1000_05_mr098_r10_129_uai_GDCC_1e-09_n200_roTrue_s0: Arguments: Namespace(method='GDCC_1e-09', numruns='200', seed='0', output='../results/synthetic/s123/', rewrite=True, removeoutliers=True, filepath=['../models/synthetic/s123/random_mc2_n5_mid3_d1000_05_mr098_r10_129.uai'])
2026-02-06 13:17:58,862|INFO|random_mc2_n5_mid3_d1000_05_mr098_r10_129_uai_GDCC_1e-09_n200_roTrue_s0: Loading model from ../models/synthetic/s123/random_mc2_n5_mid3_d1000_05_mr098_r10_129.uai
2026-02-06 13:17:58,870|INFO|random_mc2_n5_mid3_d1000_05_mr098_r10_129_uai_GDCC_1e-09_n200_roTrue_s0: Loading data from ../models/synthetic/s123/random_mc2_n5_mid3_d1000_05_mr098_r10_129.csv
2026-02-06 13:18:03,696|INFO|random_mc2_n9_mid3_d1000_05_mr098_r10_11_uai_GDCC_1e-09_n200_roFalse_s0: Arguments: Namespace(method='GDCC_1e-09', numruns='200', seed='0', output='../results/synthetic/s123/', rewrite=True, removeoutliers=False, filepath=['../models/synthetic/s123/random_mc2_n9_mid3_d1000_05_mr098_r10_11.uai'])
2026-02-06 13:18:03,707|INFO|random_mc2_n9_mid3_d1000_05_mr098_r10_140_uai_GDCC_1e-09_n200_roFalse_s0: Arguments: Namespace(method='GDCC_1e-09', numruns='200', seed='0', output='../results/synthetic/s123/', rewrite=True, removeoutliers=False, filepath=['../models/synthetic/s123/random_mc2_n9_mid3_d1000_05_mr098_r10_140.uai'])
2026-02-06 13:18:03,709|INFO|random_mc2_n5_mid3_d1000_05_mr098_r10_152_uai_GDCC_1e-09_n200_roFalse_s0: Arguments: Namespace(method='GDCC_1e-09', numruns='200', seed='0', output='../results/synthetic/s123/', rewrite=True, removeoutliers=False, filepath=['../models/synthetic/s123/random_mc2_n5_mid3_d1000_05_mr098_r10_152.uai'])
2026-02-06 13:18:03,696|INFO|random_mc2_n9_mid3_d1000_05_mr098_r10_11_uai_GDCC_1e-09_n200_roFalse_s0: Loading model from ../models/synthetic/s123/random_mc2_n9_mid3_d1000_05_mr098_r10_11.uai
2026-02-06 13:18:03,723|INFO|random_mc2_n9_mid3_d1000_05_mr098_r10_11_uai_GDCC_1e-09_n200_roFalse_s0: Loading data from ../models/synthetic/s123/random_mc2_n9_mid3_d1000_05_mr098_r10_11.csv
2026-02-06 13:18:03,707|INFO|random_mc2_n9_mid3_d1000_05_mr098_r10_140_uai_GDCC_1e-09_n200_roFalse_s0: Loading model from ../models/synthetic/s123/random_mc2_n9_mid3_d1000_05_mr098_r10_140.uai
2026-02-06 13:18:03,738|INFO|random_mc2_n9_mid3_d1000_05_mr098_r10_140_uai_GDCC_1e-09_n200_roFalse_s0: Loading data from ../models/synthetic/s123/random_mc2_n9_mid3_d1000_05_mr098_r10_140.csv
2026-02-06 13:18:03,709|INFO|random_mc2_n5_mid3_d1000_05_mr098_r10_152_uai_GDCC_1e-09_n200_roFalse_s0: Loading model from ../models/synthetic/s123/random_mc2_n5_mid3_d1000_05_mr098_r10_152.uai
2026-02-06 13:18:03,720|INFO|random_mc2_n5_mid3_d1000_05_mr098_r10_152_uai_GDCC_1e-09_n200_roFalse_s0: Loading data from ../models/synthetic/s123/random_mc2_n5_mid3_d1000_05_mr098_r10_152.csv
2026-02-06 13:18:03,750|INFO|random_mc2_n5_mid3_d1000_05_mr098_r10_31_uai_GDCC_1e-09_n200_roFalse_s0: Arguments: Namespace(method='GDCC_1e-09', numruns='200', seed='0', output='../results/synthetic/s123/', rewrite=True, removeoutliers=False, filepath=['../models/synthetic/s123/random_mc2_n5_mid3_d1000_05_mr098_r10_31.uai'])
2026-02-06 13:18:03,789|INFO|random_mc2_n5_mid3_d1000_05_mr098_r10_47_uai_GDCC_1e-09_n200_roFalse_s0: Arguments: Namespace(method='GDCC_1e-09', numruns='200', seed='0', output='../results/synthetic/s123/', rewrite=True, removeoutliers=False, filepath=['../models/synthetic/s123/random_mc2_n5_mid3_d1000_05_mr098_r10_47.uai'])
2026-02-06 13:18:03,750|INFO|random_mc2_n5_mid3_d1000_05_mr098_r10_31_uai_GDCC_1e-09_n200_roFalse_s0: Loading model from ../models/synthetic/s123/random_mc2_n5_mid3_d1000_05_mr098_r10_31.uai
2026-02-06 13:18:03,757|INFO|random_mc2_n5_mid3_d1000_05_mr098_r10_31_uai_GDCC_1e-09_n200_roFalse_s0: Loading data from ../models/synthetic/s123/random_mc2_n5_mid3_d1000_05_mr098_r10_31.csv
2026-02-06 13:18:03,767|INFO|random_mc2_n5_mid3_d1000_05_mr098_r10_31_uai_GDCC_1e-09_n200_roFalse_s0: PNS(V1,V2) exact: (0.0035429652, 0.2563315488)
2026-02-06 13:18:03,807|INFO|random_mc2_n9_mid3_d1000_05_mr098_r10_200_uai_GDCC_1e-09_n200_roTrue_s0: Arguments: Namespace(method='GDCC_1e-09', numruns='200', seed='0', output='../results/synthetic/s123/', rewrite=True, removeoutliers=True, filepath=['../models/synthetic/s123/random_mc2_n9_mid3_d1000_05_mr098_r10_200.uai'])
2026-02-06 13:18:03,820|INFO|random_mc2_n8_mid3_d1000_05_mr098_r10_173_uai_GDCC_1e-09_n200_roFalse_s0: Arguments: Namespace(method='GDCC_1e-09', numruns='200', seed='0', output='../results/synthetic/s123/', rewrite=True, removeoutliers=False, filepath=['../models/synthetic/s123/random_mc2_n8_mid3_d1000_05_mr098_r10_173.uai'])
2026-02-06 13:18:03,789|INFO|random_mc2_n5_mid3_d1000_05_mr098_r10_47_uai_GDCC_1e-09_n200_roFalse_s0: Loading model from ../models/synthetic/s123/random_mc2_n5_mid3_d1000_05_mr098_r10_47.uai
2026-02-06 13:18:03,795|INFO|random_mc2_n5_mid3_d1000_05_mr098_r10_47_uai_GDCC_1e-09_n200_roFalse_s0: Loading data from ../models/synthetic/s123/random_mc2_n5_mid3_d1000_05_mr098_r10_47.csv
2026-02-06 13:18:03,805|INFO|random_mc2_n5_mid3_d1000_05_mr098_r10_47_uai_GDCC_1e-09_n200_roFalse_s0: PNS(V2,V3) exact: (0.1161899999999999, 0.1161899999999999)
2026-02-06 13:18:03,807|INFO|random_mc2_n9_mid3_d1000_05_mr098_r10_200_uai_GDCC_1e-09_n200_roTrue_s0: Loading model from ../models/synthetic/s123/random_mc2_n9_mid3_d1000_05_mr098_r10_200.uai
2026-02-06 13:18:03,820|INFO|random_mc2_n9_mid3_d1000_05_mr098_r10_200_uai_GDCC_1e-09_n200_roTrue_s0: Loading data from ../models/synthetic/s123/random_mc2_n9_mid3_d1000_05_mr098_r10_200.csv
2026-02-06 13:18:03,830|INFO|random_mc2_n9_mid3_d1000_05_mr098_r10_200_uai_GDCC_1e-09_n200_roTrue_s0: PNS(V3,V7) exact: (0.391618276478432, 0.4586153655851721)
2026-02-06 13:18:03,821|INFO|random_mc2_n8_mid3_d1000_05_mr098_r10_173_uai_GDCC_1e-09_n200_roFalse_s0: Loading model from ../models/synthetic/s123/random_mc2_n8_mid3_d1000_05_mr098_r10_173.uai
2026-02-06 13:18:03,841|INFO|random_mc2_n8_mid3_d1000_05_mr098_r10_173_uai_GDCC_1e-09_n200_roFalse_s0: Loading data from ../models/synthetic/s123/random_mc2_n8_mid3_d1000_05_mr098_r10_173.csv
2026-02-06 13:18:03,919|INFO|random_mc2_n5_mid3_d1000_05_mr098_r10_117_uai_GDCC_1e-09_n200_roTrue_s0: Arguments: Namespace(method='GDCC_1e-09', numruns='200', seed='0', output='../results/synthetic/s123/', rewrite=True, removeoutliers=True, filepath=['../models/synthetic/s123/random_mc2_n5_mid3_d1000_05_mr098_r10_117.uai'])
2026-02-06 13:18:03,925|INFO|random_mc2_n5_mid3_d1000_05_mr098_r10_131_uai_GDCC_1e-09_n200_roFalse_s0: Arguments: Namespace(method='GDCC_1e-09', numruns='200', seed='0', output='../results/synthetic/s123/', rewrite=True, removeoutliers=False, filepath=['../models/synthetic/s123/random_mc2_n5_mid3_d1000_05_mr098_r10_131.uai'])
2026-02-06 13:18:03,919|INFO|random_mc2_n5_mid3_d1000_05_mr098_r10_117_uai_GDCC_1e-09_n200_roTrue_s0: Loading model from ../models/synthetic/s123/random_mc2_n5_mid3_d1000_05_mr098_r10_117.uai
2026-02-06 13:18:03,926|INFO|random_mc2_n5_mid3_d1000_05_mr098_r10_117_uai_GDCC_1e-09_n200_roTrue_s0: Loading data from ../models/synthetic/s123/random_mc2_n5_mid3_d1000_05_mr098_r10_117.csv
2026-02-06 13:18:03,925|INFO|random_mc2_n5_mid3_d1000_05_mr098_r10_131_uai_GDCC_1e-09_n200_roFalse_s0: Loading model from ../models/synthetic/s123/random_mc2_n5_mid3_d1000_05_mr098_r10_131.uai
2026-02-06 13:18:03,931|INFO|random_mc2_n5_mid3_d1000_05_mr098_r10_131_uai_GDCC_1e-09_n200_roFalse_s0: Loading data from ../models/synthetic/s123/random_mc2_n5_mid3_d1000_05_mr098_r10_131.csv
2026-02-06 13:18:03,941|INFO|random_mc2_n5_mid3_d1000_05_mr098_r10_131_uai_GDCC_1e-09_n200_roFalse_s0: PNS(V2,V4) exact: (0.0, 0.3999999999999999)
2026-02-06 13:18:04,003|INFO|random_mc2_n6_mid3_d1000_05_mr098_r10_89_uai_GDCC_1e-09_n200_roFalse_s0: Arguments: Namespace(method='GDCC_1e-09', numruns='200', seed='0', output='../results/synthetic/s123/', rewrite=True, removeoutliers=False, filepath=['../models/synthetic/s123/random_mc2_n6_mid3_d1000_05_mr098_r10_89.uai'])
2026-02-06 13:18:04,003|INFO|random_mc2_n6_mid3_d1000_05_mr098_r10_89_uai_GDCC_1e-09_n200_roFalse_s0: Loading model from ../models/synthetic/s123/random_mc2_n6_mid3_d1000_05_mr098_r10_89.uai
2026-02-06 13:18:04,013|INFO|random_mc2_n6_mid3_d1000_05_mr098_r10_89_uai_GDCC_1e-09_n200_roFalse_s0: Loading data from ../models/synthetic/s123/random_mc2_n6_mid3_d1000_05_mr098_r10_89.csv
2026-02-06 13:18:06,681|INFO|random_mc2_n7_mid3_d1000_05_mr098_r10_60_uai_GDCC_1e-09_n200_roTrue_s0: Arguments: Namespace(method='GDCC_1e-09', numruns='200', seed='0', output='../results/synthetic/s123/', rewrite=True, removeoutliers=True, filepath=['../models/synthetic/s123/random_mc2_n7_mid3_d1000_05_mr098_r10_60.uai'])
2026-02-06 13:18:06,681|INFO|random_mc2_n7_mid3_d1000_05_mr098_r10_60_uai_GDCC_1e-09_n200_roTrue_s0: Loading model from ../models/synthetic/s123/random_mc2_n7_mid3_d1000_05_mr098_r10_60.uai
2026-02-06 13:18:06,694|INFO|random_mc2_n7_mid3_d1000_05_mr098_r10_60_uai_GDCC_1e-09_n200_roTrue_s0: Loading data from ../models/synthetic/s123/random_mc2_n7_mid3_d1000_05_mr098_r10_60.csv
2026-02-06 13:18:08,838|INFO|random_mc2_n5_mid3_d1000_05_mr098_r10_128_uai_GDCC_1e-09_n200_roTrue_s0: Arguments: Namespace(method='GDCC_1e-09', numruns='200', seed='0', output='../results/synthetic/s123/', rewrite=True, removeoutliers=True, filepath=['../models/synthetic/s123/random_mc2_n5_mid3_d1000_05_mr098_r10_128.uai'])
2026-02-06 13:18:08,838|INFO|random_mc2_n5_mid3_d1000_05_mr098_r10_128_uai_GDCC_1e-09_n200_roTrue_s0: Loading model from ../models/synthetic/s123/random_mc2_n5_mid3_d1000_05_mr098_r10_128.uai
2026-02-06 13:18:08,843|INFO|random_mc2_n5_mid3_d1000_05_mr098_r10_128_uai_GDCC_1e-09_n200_roTrue_s0: Loading data from ../models/synthetic/s123/random_mc2_n5_mid3_d1000_05_mr098_r10_128.csv
2026-02-06 13:18:08,855|INFO|random_mc2_n5_mid3_d1000_05_mr098_r10_128_uai_GDCC_1e-09_n200_roTrue_s0: PNS(V2,V0) exact: (0.0, 0.0565271411)
2026-02-06 13:18:11,207|INFO|random_mc2_n9_mid3_d1000_05_mr098_r10_42_uai_GDCC_1e-09_n200_roTrue_s0: Arguments: Namespace(method='GDCC_1e-09', numruns='200', seed='0', output='../results/synthetic/s123/', rewrite=True, removeoutliers=True, filepath=['../models/synthetic/s123/random_mc2_n9_mid3_d1000_05_mr098_r10_42.uai'])
2026-02-06 13:18:11,209|INFO|random_mc2_n6_mid3_d1000_05_mr098_r10_159_uai_GDCC_1e-09_n200_roTrue_s0: Arguments: Namespace(method='GDCC_1e-09', numruns='200', seed='0', output='../results/synthetic/s123/', rewrite=True, removeoutliers=True, filepath=['../models/synthetic/s123/random_mc2_n6_mid3_d1000_05_mr098_r10_159.uai'])
2026-02-06 13:18:11,210|INFO|random_mc2_n6_mid3_d1000_05_mr098_r10_82_uai_GDCC_1e-09_n200_roFalse_s0: Arguments: Namespace(method='GDCC_1e-09', numruns='200', seed='0', output='../results/synthetic/s123/', rewrite=True, removeoutliers=False, filepath=['../models/synthetic/s123/random_mc2_n6_mid3_d1000_05_mr098_r10_82.uai'])
2026-02-06 13:18:11,234|INFO|random_mc2_n6_mid3_d1000_05_mr098_r10_2_uai_GDCC_1e-09_n200_roTrue_s0: Arguments: Namespace(method='GDCC_1e-09', numruns='200', seed='0', output='../results/synthetic/s123/', rewrite=True, removeoutliers=True, filepath=['../models/synthetic/s123/random_mc2_n6_mid3_d1000_05_mr098_r10_2.uai'])
2026-02-06 13:18:11,242|INFO|random_mc2_n8_mid3_d1000_05_mr098_r10_16_uai_GDCC_1e-09_n200_roTrue_s0: Arguments: Namespace(method='GDCC_1e-09', numruns='200', seed='0', output='../results/synthetic/s123/', rewrite=True, removeoutliers=True, filepath=['../models/synthetic/s123/random_mc2_n8_mid3_d1000_05_mr098_r10_16.uai'])
2026-02-06 13:18:11,207|INFO|random_mc2_n9_mid3_d1000_05_mr098_r10_42_uai_GDCC_1e-09_n200_roTrue_s0: Loading model from ../models/synthetic/s123/random_mc2_n9_mid3_d1000_05_mr098_r10_42.uai
2026-02-06 13:18:11,219|INFO|random_mc2_n9_mid3_d1000_05_mr098_r10_42_uai_GDCC_1e-09_n200_roTrue_s0: Loading data from ../models/synthetic/s123/random_mc2_n9_mid3_d1000_05_mr098_r10_42.csv
2026-02-06 13:18:11,231|INFO|random_mc2_n9_mid3_d1000_05_mr098_r10_42_uai_GDCC_1e-09_n200_roTrue_s0: PNS(V4,V1) exact: (0.0055529329999999, 0.0881529485)
2026-02-06 13:18:11,210|INFO|random_mc2_n6_mid3_d1000_05_mr098_r10_159_uai_GDCC_1e-09_n200_roTrue_s0: Loading model from ../models/synthetic/s123/random_mc2_n6_mid3_d1000_05_mr098_r10_159.uai
2026-02-06 13:18:11,219|INFO|random_mc2_n6_mid3_d1000_05_mr098_r10_159_uai_GDCC_1e-09_n200_roTrue_s0: Loading data from ../models/synthetic/s123/random_mc2_n6_mid3_d1000_05_mr098_r10_159.csv
2026-02-06 13:18:11,211|INFO|random_mc2_n6_mid3_d1000_05_mr098_r10_82_uai_GDCC_1e-09_n200_roFalse_s0: Loading model from ../models/synthetic/s123/random_mc2_n6_mid3_d1000_05_mr098_r10_82.uai
2026-02-06 13:18:11,221|INFO|random_mc2_n6_mid3_d1000_05_mr098_r10_82_uai_GDCC_1e-09_n200_roFalse_s0: Loading data from ../models/synthetic/s123/random_mc2_n6_mid3_d1000_05_mr098_r10_82.csv
2026-02-06 13:18:11,234|INFO|random_mc2_n6_mid3_d1000_05_mr098_r10_2_uai_GDCC_1e-09_n200_roTrue_s0: Loading model from ../models/synthetic/s123/random_mc2_n6_mid3_d1000_05_mr098_r10_2.uai
2026-02-06 13:18:11,248|INFO|random_mc2_n6_mid3_d1000_05_mr098_r10_2_uai_GDCC_1e-09_n200_roTrue_s0: Loading data from ../models/synthetic/s123/random_mc2_n6_mid3_d1000_05_mr098_r10_2.csv
2026-02-06 13:18:11,242|INFO|random_mc2_n8_mid3_d1000_05_mr098_r10_16_uai_GDCC_1e-09_n200_roTrue_s0: Loading model from ../models/synthetic/s123/random_mc2_n8_mid3_d1000_05_mr098_r10_16.uai
2026-02-06 13:18:11,251|INFO|random_mc2_n8_mid3_d1000_05_mr098_r10_16_uai_GDCC_1e-09_n200_roTrue_s0: Loading data from ../models/synthetic/s123/random_mc2_n8_mid3_d1000_05_mr098_r10_16.csv
2026-02-06 13:18:11,263|INFO|random_mc2_n8_mid3_d1000_05_mr098_r10_16_uai_GDCC_1e-09_n200_roTrue_s0: PNS(V4,V3) exact: (0.6700026795146372, 0.6700026795146372)
2026-02-06 13:18:11,283|INFO|random_mc2_n6_mid3_d1000_05_mr098_r10_111_uai_GDCC_1e-09_n200_roFalse_s0: Arguments: Namespace(method='GDCC_1e-09', numruns='200', seed='0', output='../results/synthetic/s123/', rewrite=True, removeoutliers=False, filepath=['../models/synthetic/s123/random_mc2_n6_mid3_d1000_05_mr098_r10_111.uai'])
2026-02-06 13:18:11,300|INFO|random_mc2_n5_mid3_d1000_05_mr098_r10_184_uai_GDCC_1e-09_n200_roFalse_s0: Arguments: Namespace(method='GDCC_1e-09', numruns='200', seed='0', output='../results/synthetic/s123/', rewrite=True, removeoutliers=False, filepath=['../models/synthetic/s123/random_mc2_n5_mid3_d1000_05_mr098_r10_184.uai'])
2026-02-06 13:18:11,302|INFO|random_mc2_n6_mid3_d1000_05_mr098_r10_189_uai_GDCC_1e-09_n200_roFalse_s0: Arguments: Namespace(method='GDCC_1e-09', numruns='200', seed='0', output='../results/synthetic/s123/', rewrite=True, removeoutliers=False, filepath=['../models/synthetic/s123/random_mc2_n6_mid3_d1000_05_mr098_r10_189.uai'])
2026-02-06 13:18:11,305|INFO|random_mc2_n7_mid3_d1000_05_mr098_r10_153_uai_GDCC_1e-09_n200_roFalse_s0: Arguments: Namespace(method='GDCC_1e-09', numruns='200', seed='0', output='../results/synthetic/s123/', rewrite=True, removeoutliers=False, filepath=['../models/synthetic/s123/random_mc2_n7_mid3_d1000_05_mr098_r10_153.uai'])
2026-02-06 13:18:11,317|INFO|random_mc2_n5_mid3_d1000_05_mr098_r10_110_uai_GDCC_1e-09_n200_roTrue_s0: Arguments: Namespace(method='GDCC_1e-09', numruns='200', seed='0', output='../results/synthetic/s123/', rewrite=True, removeoutliers=True, filepath=['../models/synthetic/s123/random_mc2_n5_mid3_d1000_05_mr098_r10_110.uai'])
2026-02-06 13:18:11,317|INFO|random_mc2_n6_mid3_d1000_05_mr098_r10_94_uai_GDCC_1e-09_n200_roTrue_s0: Arguments: Namespace(method='GDCC_1e-09', numruns='200', seed='0', output='../results/synthetic/s123/', rewrite=True, removeoutliers=True, filepath=['../models/synthetic/s123/random_mc2_n6_mid3_d1000_05_mr098_r10_94.uai'])
2026-02-06 13:18:11,319|INFO|random_mc2_n6_mid3_d1000_05_mr098_r10_100_uai_GDCC_1e-09_n200_roTrue_s0: Arguments: Namespace(method='GDCC_1e-09', numruns='200', seed='0', output='../results/synthetic/s123/', rewrite=True, removeoutliers=True, filepath=['../models/synthetic/s123/random_mc2_n6_mid3_d1000_05_mr098_r10_100.uai'])
2026-02-06 13:18:11,321|INFO|random_mc2_n7_mid3_d1000_05_mr098_r10_120_uai_GDCC_1e-09_n200_roFalse_s0: Arguments: Namespace(method='GDCC_1e-09', numruns='200', seed='0', output='../results/synthetic/s123/', rewrite=True, removeoutliers=False, filepath=['../models/synthetic/s123/random_mc2_n7_mid3_d1000_05_mr098_r10_120.uai'])
2026-02-06 13:18:11,322|INFO|random_mc2_n5_mid3_d1000_05_mr098_r10_11_uai_GDCC_1e-09_n200_roFalse_s0: Arguments: Namespace(method='GDCC_1e-09', numruns='200', seed='0', output='../results/synthetic/s123/', rewrite=True, removeoutliers=False, filepath=['../models/synthetic/s123/random_mc2_n5_mid3_d1000_05_mr098_r10_11.uai'])
2026-02-06 13:18:11,283|INFO|random_mc2_n6_mid3_d1000_05_mr098_r10_111_uai_GDCC_1e-09_n200_roFalse_s0: Loading model from ../models/synthetic/s123/random_mc2_n6_mid3_d1000_05_mr098_r10_111.uai
2026-02-06 13:18:11,290|INFO|random_mc2_n6_mid3_d1000_05_mr098_r10_111_uai_GDCC_1e-09_n200_roFalse_s0: Loading data from ../models/synthetic/s123/random_mc2_n6_mid3_d1000_05_mr098_r10_111.csv
2026-02-06 13:18:11,300|INFO|random_mc2_n6_mid3_d1000_05_mr098_r10_111_uai_GDCC_1e-09_n200_roFalse_s0: PNS(V2,V0) exact: (0.0, 0.0)
2026-02-06 13:18:11,300|ERROR|random_mc2_n6_mid3_d1000_05_mr098_r10_111_uai_GDCC_1e-09_n200_roFalse_s0: Model does not have any cause-effect path.
2026-02-06 13:18:11,335|INFO|random_mc2_n9_mid3_d1000_05_mr098_r10_10_uai_GDCC_1e-09_n200_roTrue_s0: Arguments: Namespace(method='GDCC_1e-09', numruns='200', seed='0', output='../results/synthetic/s123/', rewrite=True, removeoutliers=True, filepath=['../models/synthetic/s123/random_mc2_n9_mid3_d1000_05_mr098_r10_10.uai'])
2026-02-06 13:18:11,300|INFO|random_mc2_n5_mid3_d1000_05_mr098_r10_184_uai_GDCC_1e-09_n200_roFalse_s0: Loading model from ../models/synthetic/s123/random_mc2_n5_mid3_d1000_05_mr098_r10_184.uai
2026-02-06 13:18:11,306|INFO|random_mc2_n5_mid3_d1000_05_mr098_r10_184_uai_GDCC_1e-09_n200_roFalse_s0: Loading data from ../models/synthetic/s123/random_mc2_n5_mid3_d1000_05_mr098_r10_184.csv
2026-02-06 13:18:11,316|INFO|random_mc2_n5_mid3_d1000_05_mr098_r10_184_uai_GDCC_1e-09_n200_roFalse_s0: PNS(V3,V4) exact: (0.0, 0.0)
2026-02-06 13:18:11,316|ERROR|random_mc2_n5_mid3_d1000_05_mr098_r10_184_uai_GDCC_1e-09_n200_roFalse_s0: Model does not have any cause-effect path.
2026-02-06 13:18:11,303|INFO|random_mc2_n6_mid3_d1000_05_mr098_r10_189_uai_GDCC_1e-09_n200_roFalse_s0: Loading model from ../models/synthetic/s123/random_mc2_n6_mid3_d1000_05_mr098_r10_189.uai
2026-02-06 13:18:11,314|INFO|random_mc2_n6_mid3_d1000_05_mr098_r10_189_uai_GDCC_1e-09_n200_roFalse_s0: Loading data from ../models/synthetic/s123/random_mc2_n6_mid3_d1000_05_mr098_r10_189.csv
2026-02-06 13:18:11,325|INFO|random_mc2_n6_mid3_d1000_05_mr098_r10_189_uai_GDCC_1e-09_n200_roFalse_s0: PNS(V3,V1) exact: (0.6089314630473477, 0.6883287464300636)
2026-02-06 13:18:11,306|INFO|random_mc2_n7_mid3_d1000_05_mr098_r10_153_uai_GDCC_1e-09_n200_roFalse_s0: Loading model from ../models/synthetic/s123/random_mc2_n7_mid3_d1000_05_mr098_r10_153.uai
2026-02-06 13:18:11,318|INFO|random_mc2_n7_mid3_d1000_05_mr098_r10_153_uai_GDCC_1e-09_n200_roFalse_s0: Loading data from ../models/synthetic/s123/random_mc2_n7_mid3_d1000_05_mr098_r10_153.csv
2026-02-06 13:18:11,317|INFO|random_mc2_n5_mid3_d1000_05_mr098_r10_110_uai_GDCC_1e-09_n200_roTrue_s0: Loading model from ../models/synthetic/s123/random_mc2_n5_mid3_d1000_05_mr098_r10_110.uai
2026-02-06 13:18:11,329|INFO|random_mc2_n5_mid3_d1000_05_mr098_r10_110_uai_GDCC_1e-09_n200_roTrue_s0: Loading data from ../models/synthetic/s123/random_mc2_n5_mid3_d1000_05_mr098_r10_110.csv
2026-02-06 13:18:11,317|INFO|random_mc2_n6_mid3_d1000_05_mr098_r10_94_uai_GDCC_1e-09_n200_roTrue_s0: Loading model from ../models/synthetic/s123/random_mc2_n6_mid3_d1000_05_mr098_r10_94.uai
2026-02-06 13:18:11,335|INFO|random_mc2_n6_mid3_d1000_05_mr098_r10_94_uai_GDCC_1e-09_n200_roTrue_s0: Loading data from ../models/synthetic/s123/random_mc2_n6_mid3_d1000_05_mr098_r10_94.csv
2026-02-06 13:18:11,346|INFO|random_mc2_n6_mid3_d1000_05_mr098_r10_94_uai_GDCC_1e-09_n200_roTrue_s0: PNS(V0,V5) exact: (0.0335349828721959, 0.1506232608719497)
2026-02-06 13:18:11,319|INFO|random_mc2_n6_mid3_d1000_05_mr098_r10_100_uai_GDCC_1e-09_n200_roTrue_s0: Loading model from ../models/synthetic/s123/random_mc2_n6_mid3_d1000_05_mr098_r10_100.uai
2026-02-06 13:18:11,333|INFO|random_mc2_n6_mid3_d1000_05_mr098_r10_100_uai_GDCC_1e-09_n200_roTrue_s0: Loading data from ../models/synthetic/s123/random_mc2_n6_mid3_d1000_05_mr098_r10_100.csv
2026-02-06 13:18:11,343|INFO|random_mc2_n6_mid3_d1000_05_mr098_r10_100_uai_GDCC_1e-09_n200_roTrue_s0: PNS(V1,V4) exact: (0.171264845032, 0.302367839752)
2026-02-06 13:18:11,321|INFO|random_mc2_n7_mid3_d1000_05_mr098_r10_120_uai_GDCC_1e-09_n200_roFalse_s0: Loading model from ../models/synthetic/s123/random_mc2_n7_mid3_d1000_05_mr098_r10_120.uai
2026-02-06 13:18:11,327|INFO|random_mc2_n7_mid3_d1000_05_mr098_r10_120_uai_GDCC_1e-09_n200_roFalse_s0: Loading data from ../models/synthetic/s123/random_mc2_n7_mid3_d1000_05_mr098_r10_120.csv
2026-02-06 13:18:11,337|INFO|random_mc2_n7_mid3_d1000_05_mr098_r10_120_uai_GDCC_1e-09_n200_roFalse_s0: PNS(V4,V0) exact: (0.0, 0.2777528032372082)
2026-02-06 13:18:11,322|INFO|random_mc2_n5_mid3_d1000_05_mr098_r10_11_uai_GDCC_1e-09_n200_roFalse_s0: Loading model from ../models/synthetic/s123/random_mc2_n5_mid3_d1000_05_mr098_r10_11.uai
2026-02-06 13:18:11,327|INFO|random_mc2_n5_mid3_d1000_05_mr098_r10_11_uai_GDCC_1e-09_n200_roFalse_s0: Loading data from ../models/synthetic/s123/random_mc2_n5_mid3_d1000_05_mr098_r10_11.csv
2026-02-06 13:18:11,336|INFO|random_mc2_n9_mid3_d1000_05_mr098_r10_10_uai_GDCC_1e-09_n200_roTrue_s0: Loading model from ../models/synthetic/s123/random_mc2_n9_mid3_d1000_05_mr098_r10_10.uai
2026-02-06 13:18:11,369|INFO|random_mc2_n9_mid3_d1000_05_mr098_r10_10_uai_GDCC_1e-09_n200_roTrue_s0: Loading data from ../models/synthetic/s123/random_mc2_n9_mid3_d1000_05_mr098_r10_10.csv
2026-02-06 13:18:11,402|INFO|random_mc2_n6_mid3_d1000_05_mr098_r10_187_uai_GDCC_1e-09_n200_roTrue_s0: Arguments: Namespace(method='GDCC_1e-09', numruns='200', seed='0', output='../results/synthetic/s123/', rewrite=True, removeoutliers=True, filepath=['../models/synthetic/s123/random_mc2_n6_mid3_d1000_05_mr098_r10_187.uai'])
2026-02-06 13:18:11,406|INFO|random_mc2_n6_mid3_d1000_05_mr098_r10_156_uai_GDCC_1e-09_n200_roTrue_s0: Arguments: Namespace(method='GDCC_1e-09', numruns='200', seed='0', output='../results/synthetic/s123/', rewrite=True, removeoutliers=True, filepath=['../models/synthetic/s123/random_mc2_n6_mid3_d1000_05_mr098_r10_156.uai'])
2026-02-06 13:18:11,416|INFO|random_mc2_n7_mid3_d1000_05_mr098_r10_47_uai_GDCC_1e-09_n200_roTrue_s0: Arguments: Namespace(method='GDCC_1e-09', numruns='200', seed='0', output='../results/synthetic/s123/', rewrite=True, removeoutliers=True, filepath=['../models/synthetic/s123/random_mc2_n7_mid3_d1000_05_mr098_r10_47.uai'])
2026-02-06 13:18:11,402|INFO|random_mc2_n6_mid3_d1000_05_mr098_r10_187_uai_GDCC_1e-09_n200_roTrue_s0: Loading model from ../models/synthetic/s123/random_mc2_n6_mid3_d1000_05_mr098_r10_187.uai
2026-02-06 13:18:11,423|INFO|random_mc2_n6_mid3_d1000_05_mr098_r10_187_uai_GDCC_1e-09_n200_roTrue_s0: Loading data from ../models/synthetic/s123/random_mc2_n6_mid3_d1000_05_mr098_r10_187.csv
2026-02-06 13:18:11,406|INFO|random_mc2_n6_mid3_d1000_05_mr098_r10_156_uai_GDCC_1e-09_n200_roTrue_s0: Loading model from ../models/synthetic/s123/random_mc2_n6_mid3_d1000_05_mr098_r10_156.uai
2026-02-06 13:18:11,417|INFO|random_mc2_n6_mid3_d1000_05_mr098_r10_156_uai_GDCC_1e-09_n200_roTrue_s0: Loading data from ../models/synthetic/s123/random_mc2_n6_mid3_d1000_05_mr098_r10_156.csv
2026-02-06 13:18:11,416|INFO|random_mc2_n7_mid3_d1000_05_mr098_r10_47_uai_GDCC_1e-09_n200_roTrue_s0: Loading model from ../models/synthetic/s123/random_mc2_n7_mid3_d1000_05_mr098_r10_47.uai
2026-02-06 13:18:11,428|INFO|random_mc2_n7_mid3_d1000_05_mr098_r10_47_uai_GDCC_1e-09_n200_roTrue_s0: Loading data from ../models/synthetic/s123/random_mc2_n7_mid3_d1000_05_mr098_r10_47.csv
2026-02-06 13:18:11,440|INFO|random_mc2_n7_mid3_d1000_05_mr098_r10_47_uai_GDCC_1e-09_n200_roTrue_s0: PNS(V3,V6) exact: (0.1989106159359959, 0.311362706666494)
2026-02-06 13:18:16,643|INFO|random_mc2_n6_mid3_d1000_05_mr098_r10_95_uai_GDCC_1e-09_n200_roTrue_s0: Arguments: Namespace(method='GDCC_1e-09', numruns='200', seed='0', output='../results/synthetic/s123/', rewrite=True, removeoutliers=True, filepath=['../models/synthetic/s123/random_mc2_n6_mid3_d1000_05_mr098_r10_95.uai'])
2026-02-06 13:18:16,644|INFO|random_mc2_n6_mid3_d1000_05_mr098_r10_95_uai_GDCC_1e-09_n200_roTrue_s0: Loading model from ../models/synthetic/s123/random_mc2_n6_mid3_d1000_05_mr098_r10_95.uai
2026-02-06 13:18:16,654|INFO|random_mc2_n6_mid3_d1000_05_mr098_r10_95_uai_GDCC_1e-09_n200_roTrue_s0: Loading data from ../models/synthetic/s123/random_mc2_n6_mid3_d1000_05_mr098_r10_95.csv
2026-02-06 13:18:16,665|INFO|random_mc2_n6_mid3_d1000_05_mr098_r10_95_uai_GDCC_1e-09_n200_roTrue_s0: PNS(V0,V3) exact: (0.0125035191999999, 0.0125035191999999)
2026-02-06 13:18:16,704|INFO|random_mc2_n6_mid3_d1000_05_mr098_r10_141_uai_GDCC_1e-09_n200_roTrue_s0: Arguments: Namespace(method='GDCC_1e-09', numruns='200', seed='0', output='../results/synthetic/s123/', rewrite=True, removeoutliers=True, filepath=['../models/synthetic/s123/random_mc2_n6_mid3_d1000_05_mr098_r10_141.uai'])
2026-02-06 13:18:16,731|INFO|random_mc2_n6_mid3_d1000_05_mr098_r10_184_uai_GDCC_1e-09_n200_roTrue_s0: Arguments: Namespace(method='GDCC_1e-09', numruns='200', seed='0', output='../results/synthetic/s123/', rewrite=True, removeoutliers=True, filepath=['../models/synthetic/s123/random_mc2_n6_mid3_d1000_05_mr098_r10_184.uai'])
2026-02-06 13:18:16,732|INFO|random_mc2_n7_mid3_d1000_05_mr098_r10_126_uai_GDCC_1e-09_n200_roTrue_s0: Arguments: Namespace(method='GDCC_1e-09', numruns='200', seed='0', output='../results/synthetic/s123/', rewrite=True, removeoutliers=True, filepath=['../models/synthetic/s123/random_mc2_n7_mid3_d1000_05_mr098_r10_126.uai'])
2026-02-06 13:18:16,738|INFO|random_mc2_n6_mid3_d1000_05_mr098_r10_185_uai_GDCC_1e-09_n200_roFalse_s0: Arguments: Namespace(method='GDCC_1e-09', numruns='200', seed='0', output='../results/synthetic/s123/', rewrite=True, removeoutliers=False, filepath=['../models/synthetic/s123/random_mc2_n6_mid3_d1000_05_mr098_r10_185.uai'])
2026-02-06 13:18:16,741|INFO|random_mc2_n5_mid3_d1000_05_mr098_r10_12_uai_GDCC_1e-09_n200_roFalse_s0: Arguments: Namespace(method='GDCC_1e-09', numruns='200', seed='0', output='../results/synthetic/s123/', rewrite=True, removeoutliers=False, filepath=['../models/synthetic/s123/random_mc2_n5_mid3_d1000_05_mr098_r10_12.uai'])
2026-02-06 13:18:16,704|INFO|random_mc2_n6_mid3_d1000_05_mr098_r10_141_uai_GDCC_1e-09_n200_roTrue_s0: Loading model from ../models/synthetic/s123/random_mc2_n6_mid3_d1000_05_mr098_r10_141.uai
2026-02-06 13:18:16,746|INFO|random_mc2_n5_mid3_d1000_05_mr098_r10_131_uai_GDCC_1e-09_n200_roTrue_s0: Arguments: Namespace(method='GDCC_1e-09', numruns='200', seed='0', output='../results/synthetic/s123/', rewrite=True, removeoutliers=True, filepath=['../models/synthetic/s123/random_mc2_n5_mid3_d1000_05_mr098_r10_131.uai'])
2026-02-06 13:18:16,756|INFO|random_mc2_n6_mid3_d1000_05_mr098_r10_141_uai_GDCC_1e-09_n200_roTrue_s0: Loading data from ../models/synthetic/s123/random_mc2_n6_mid3_d1000_05_mr098_r10_141.csv
2026-02-06 13:18:16,766|INFO|random_mc2_n6_mid3_d1000_05_mr098_r10_141_uai_GDCC_1e-09_n200_roTrue_s0: PNS(V1,V4) exact: (0.2486475012, 0.2716618306)
2026-02-06 13:18:16,732|INFO|random_mc2_n6_mid3_d1000_05_mr098_r10_184_uai_GDCC_1e-09_n200_roTrue_s0: Loading model from ../models/synthetic/s123/random_mc2_n6_mid3_d1000_05_mr098_r10_184.uai
2026-02-06 13:18:16,738|INFO|random_mc2_n6_mid3_d1000_05_mr098_r10_184_uai_GDCC_1e-09_n200_roTrue_s0: Loading data from ../models/synthetic/s123/random_mc2_n6_mid3_d1000_05_mr098_r10_184.csv
2026-02-06 13:18:16,747|INFO|random_mc2_n6_mid3_d1000_05_mr098_r10_184_uai_GDCC_1e-09_n200_roTrue_s0: PNS(V5,V4) exact: (0.0, 0.0008714266998319998)
2026-02-06 13:18:16,733|INFO|random_mc2_n7_mid3_d1000_05_mr098_r10_126_uai_GDCC_1e-09_n200_roTrue_s0: Loading model from ../models/synthetic/s123/random_mc2_n7_mid3_d1000_05_mr098_r10_126.uai
2026-02-06 13:18:16,745|INFO|random_mc2_n7_mid3_d1000_05_mr098_r10_126_uai_GDCC_1e-09_n200_roTrue_s0: Loading data from ../models/synthetic/s123/random_mc2_n7_mid3_d1000_05_mr098_r10_126.csv
2026-02-06 13:18:16,755|INFO|random_mc2_n7_mid3_d1000_05_mr098_r10_126_uai_GDCC_1e-09_n200_roTrue_s0: PNS(V0,V1) exact: (0.2650857268885659, 0.4244970236778398)
2026-02-06 13:18:16,738|INFO|random_mc2_n6_mid3_d1000_05_mr098_r10_185_uai_GDCC_1e-09_n200_roFalse_s0: Loading model from ../models/synthetic/s123/random_mc2_n6_mid3_d1000_05_mr098_r10_185.uai
2026-02-06 13:18:16,750|INFO|random_mc2_n6_mid3_d1000_05_mr098_r10_185_uai_GDCC_1e-09_n200_roFalse_s0: Loading data from ../models/synthetic/s123/random_mc2_n6_mid3_d1000_05_mr098_r10_185.csv
2026-02-06 13:18:16,741|INFO|random_mc2_n5_mid3_d1000_05_mr098_r10_12_uai_GDCC_1e-09_n200_roFalse_s0: Loading model from ../models/synthetic/s123/random_mc2_n5_mid3_d1000_05_mr098_r10_12.uai
2026-02-06 13:18:16,746|INFO|random_mc2_n5_mid3_d1000_05_mr098_r10_12_uai_GDCC_1e-09_n200_roFalse_s0: Loading data from ../models/synthetic/s123/random_mc2_n5_mid3_d1000_05_mr098_r10_12.csv
2026-02-06 13:18:16,755|INFO|random_mc2_n5_mid3_d1000_05_mr098_r10_12_uai_GDCC_1e-09_n200_roFalse_s0: PNS(V4,V2) exact: (0.007306159, 0.014175791)
2026-02-06 13:18:16,746|INFO|random_mc2_n5_mid3_d1000_05_mr098_r10_131_uai_GDCC_1e-09_n200_roTrue_s0: Loading model from ../models/synthetic/s123/random_mc2_n5_mid3_d1000_05_mr098_r10_131.uai
2026-02-06 13:18:16,751|INFO|random_mc2_n5_mid3_d1000_05_mr098_r10_131_uai_GDCC_1e-09_n200_roTrue_s0: Loading data from ../models/synthetic/s123/random_mc2_n5_mid3_d1000_05_mr098_r10_131.csv
2026-02-06 13:18:16,761|INFO|random_mc2_n5_mid3_d1000_05_mr098_r10_131_uai_GDCC_1e-09_n200_roTrue_s0: PNS(V2,V4) exact: (0.0, 0.3999999999999999)
2026-02-06 13:18:16,868|INFO|random_mc2_n5_mid3_d1000_05_mr098_r10_122_uai_GDCC_1e-09_n200_roFalse_s0: Arguments: Namespace(method='GDCC_1e-09', numruns='200', seed='0', output='../results/synthetic/s123/', rewrite=True, removeoutliers=False, filepath=['../models/synthetic/s123/random_mc2_n5_mid3_d1000_05_mr098_r10_122.uai'])
2026-02-06 13:18:16,869|INFO|random_mc2_n5_mid3_d1000_05_mr098_r10_40_uai_GDCC_1e-09_n200_roFalse_s0: Arguments: Namespace(method='GDCC_1e-09', numruns='200', seed='0', output='../results/synthetic/s123/', rewrite=True, removeoutliers=False, filepath=['../models/synthetic/s123/random_mc2_n5_mid3_d1000_05_mr098_r10_40.uai'])
2026-02-06 13:18:16,872|INFO|random_mc2_n9_mid3_d1000_05_mr098_r10_132_uai_GDCC_1e-09_n200_roFalse_s0: Arguments: Namespace(method='GDCC_1e-09', numruns='200', seed='0', output='../results/synthetic/s123/', rewrite=True, removeoutliers=False, filepath=['../models/synthetic/s123/random_mc2_n9_mid3_d1000_05_mr098_r10_132.uai'])
2026-02-06 13:18:16,892|INFO|random_mc2_n7_mid3_d1000_05_mr098_r10_139_uai_GDCC_1e-09_n200_roFalse_s0: Arguments: Namespace(method='GDCC_1e-09', numruns='200', seed='0', output='../results/synthetic/s123/', rewrite=True, removeoutliers=False, filepath=['../models/synthetic/s123/random_mc2_n7_mid3_d1000_05_mr098_r10_139.uai'])
2026-02-06 13:18:16,868|INFO|random_mc2_n5_mid3_d1000_05_mr098_r10_122_uai_GDCC_1e-09_n200_roFalse_s0: Loading model from ../models/synthetic/s123/random_mc2_n5_mid3_d1000_05_mr098_r10_122.uai
2026-02-06 13:18:16,873|INFO|random_mc2_n5_mid3_d1000_05_mr098_r10_122_uai_GDCC_1e-09_n200_roFalse_s0: Loading data from ../models/synthetic/s123/random_mc2_n5_mid3_d1000_05_mr098_r10_122.csv
2026-02-06 13:18:16,883|INFO|random_mc2_n5_mid3_d1000_05_mr098_r10_122_uai_GDCC_1e-09_n200_roFalse_s0: PNS(V0,V3) exact: (0.0, 0.30162)
2026-02-06 13:18:16,869|INFO|random_mc2_n5_mid3_d1000_05_mr098_r10_40_uai_GDCC_1e-09_n200_roFalse_s0: Loading model from ../models/synthetic/s123/random_mc2_n5_mid3_d1000_05_mr098_r10_40.uai
2026-02-06 13:18:16,875|INFO|random_mc2_n5_mid3_d1000_05_mr098_r10_40_uai_GDCC_1e-09_n200_roFalse_s0: Loading data from ../models/synthetic/s123/random_mc2_n5_mid3_d1000_05_mr098_r10_40.csv
2026-02-06 13:18:16,872|INFO|random_mc2_n9_mid3_d1000_05_mr098_r10_132_uai_GDCC_1e-09_n200_roFalse_s0: Loading model from ../models/synthetic/s123/random_mc2_n9_mid3_d1000_05_mr098_r10_132.uai
2026-02-06 13:18:16,893|INFO|random_mc2_n7_mid3_d1000_05_mr098_r10_139_uai_GDCC_1e-09_n200_roFalse_s0: Loading model from ../models/synthetic/s123/random_mc2_n7_mid3_d1000_05_mr098_r10_139.uai
2026-02-06 13:18:16,900|INFO|random_mc2_n7_mid3_d1000_05_mr098_r10_139_uai_GDCC_1e-09_n200_roFalse_s0: Loading data from ../models/synthetic/s123/random_mc2_n7_mid3_d1000_05_mr098_r10_139.csv
2026-02-06 13:18:16,909|INFO|random_mc2_n7_mid3_d1000_05_mr098_r10_139_uai_GDCC_1e-09_n200_roFalse_s0: PNS(V6,V2) exact: (3.4571033774154675e-05, 0.0010797131415254)
2026-02-06 13:18:17,092|INFO|random_mc2_n9_mid3_d1000_05_mr098_r10_132_uai_GDCC_1e-09_n200_roFalse_s0: Loading data from ../models/synthetic/s123/random_mc2_n9_mid3_d1000_05_mr098_r10_132.csv
2026-02-06 13:18:19,173|INFO|random_mc2_n5_mid3_d1000_05_mr098_r10_155_uai_GDCC_1e-09_n200_roFalse_s0: Arguments: Namespace(method='GDCC_1e-09', numruns='200', seed='0', output='../results/synthetic/s123/', rewrite=True, removeoutliers=False, filepath=['../models/synthetic/s123/random_mc2_n5_mid3_d1000_05_mr098_r10_155.uai'])
2026-02-06 13:18:19,174|INFO|random_mc2_n5_mid3_d1000_05_mr098_r10_155_uai_GDCC_1e-09_n200_roFalse_s0: Loading model from ../models/synthetic/s123/random_mc2_n5_mid3_d1000_05_mr098_r10_155.uai
2026-02-06 13:18:19,180|INFO|random_mc2_n5_mid3_d1000_05_mr098_r10_155_uai_GDCC_1e-09_n200_roFalse_s0: Loading data from ../models/synthetic/s123/random_mc2_n5_mid3_d1000_05_mr098_r10_155.csv
2026-02-06 13:18:25,828|INFO|random_mc2_n5_mid3_d1000_05_mr098_r10_189_uai_GDCC_1e-09_n200_roTrue_s0: Arguments: Namespace(method='GDCC_1e-09', numruns='200', seed='0', output='../results/synthetic/s123/', rewrite=True, removeoutliers=True, filepath=['../models/synthetic/s123/random_mc2_n5_mid3_d1000_05_mr098_r10_189.uai'])
2026-02-06 13:18:25,864|INFO|random_mc2_n6_mid3_d1000_05_mr098_r10_107_uai_GDCC_1e-09_n200_roFalse_s0: Arguments: Namespace(method='GDCC_1e-09', numruns='200', seed='0', output='../results/synthetic/s123/', rewrite=True, removeoutliers=False, filepath=['../models/synthetic/s123/random_mc2_n6_mid3_d1000_05_mr098_r10_107.uai'])
2026-02-06 13:18:25,828|INFO|random_mc2_n5_mid3_d1000_05_mr098_r10_189_uai_GDCC_1e-09_n200_roTrue_s0: Loading model from ../models/synthetic/s123/random_mc2_n5_mid3_d1000_05_mr098_r10_189.uai
2026-02-06 13:18:25,833|INFO|random_mc2_n5_mid3_d1000_05_mr098_r10_189_uai_GDCC_1e-09_n200_roTrue_s0: Loading data from ../models/synthetic/s123/random_mc2_n5_mid3_d1000_05_mr098_r10_189.csv
2026-02-06 13:18:25,847|INFO|random_mc2_n5_mid3_d1000_05_mr098_r10_189_uai_GDCC_1e-09_n200_roTrue_s0: PNS(V0,V1) exact: (0.0, 0.0)
2026-02-06 13:18:25,865|INFO|random_mc2_n6_mid3_d1000_05_mr098_r10_107_uai_GDCC_1e-09_n200_roFalse_s0: Loading model from ../models/synthetic/s123/random_mc2_n6_mid3_d1000_05_mr098_r10_107.uai
2026-02-06 13:18:25,876|INFO|random_mc2_n6_mid3_d1000_05_mr098_r10_107_uai_GDCC_1e-09_n200_roFalse_s0: Loading data from ../models/synthetic/s123/random_mc2_n6_mid3_d1000_05_mr098_r10_107.csv
2026-02-06 13:18:25,886|INFO|random_mc2_n6_mid3_d1000_05_mr098_r10_107_uai_GDCC_1e-09_n200_roFalse_s0: PNS(V2,V4) exact: (0.0692122168437381, 0.3642803790180109)
2026-02-06 13:18:25,908|INFO|random_mc2_n9_mid3_d1000_05_mr098_r10_12_uai_GDCC_1e-09_n200_roTrue_s0: Arguments: Namespace(method='GDCC_1e-09', numruns='200', seed='0', output='../results/synthetic/s123/', rewrite=True, removeoutliers=True, filepath=['../models/synthetic/s123/random_mc2_n9_mid3_d1000_05_mr098_r10_12.uai'])
2026-02-06 13:18:25,923|INFO|random_mc2_n5_mid3_d1000_05_mr098_r10_137_uai_GDCC_1e-09_n200_roTrue_s0: Arguments: Namespace(method='GDCC_1e-09', numruns='200', seed='0', output='../results/synthetic/s123/', rewrite=True, removeoutliers=True, filepath=['../models/synthetic/s123/random_mc2_n5_mid3_d1000_05_mr098_r10_137.uai'])
2026-02-06 13:18:25,926|INFO|random_mc2_n9_mid3_d1000_05_mr098_r10_132_uai_GDCC_1e-09_n200_roTrue_s0: Arguments: Namespace(method='GDCC_1e-09', numruns='200', seed='0', output='../results/synthetic/s123/', rewrite=True, removeoutliers=True, filepath=['../models/synthetic/s123/random_mc2_n9_mid3_d1000_05_mr098_r10_132.uai'])
2026-02-06 13:18:25,928|INFO|random_mc2_n7_mid3_d1000_05_mr098_r10_131_uai_GDCC_1e-09_n200_roFalse_s0: Arguments: Namespace(method='GDCC_1e-09', numruns='200', seed='0', output='../results/synthetic/s123/', rewrite=True, removeoutliers=False, filepath=['../models/synthetic/s123/random_mc2_n7_mid3_d1000_05_mr098_r10_131.uai'])
2026-02-06 13:18:25,930|INFO|random_mc2_n5_mid3_d1000_05_mr098_r10_195_uai_GDCC_1e-09_n200_roFalse_s0: Arguments: Namespace(method='GDCC_1e-09', numruns='200', seed='0', output='../results/synthetic/s123/', rewrite=True, removeoutliers=False, filepath=['../models/synthetic/s123/random_mc2_n5_mid3_d1000_05_mr098_r10_195.uai'])
2026-02-06 13:18:25,908|INFO|random_mc2_n9_mid3_d1000_05_mr098_r10_12_uai_GDCC_1e-09_n200_roTrue_s0: Loading model from ../models/synthetic/s123/random_mc2_n9_mid3_d1000_05_mr098_r10_12.uai
2026-02-06 13:18:25,920|INFO|random_mc2_n9_mid3_d1000_05_mr098_r10_12_uai_GDCC_1e-09_n200_roTrue_s0: Loading data from ../models/synthetic/s123/random_mc2_n9_mid3_d1000_05_mr098_r10_12.csv
2026-02-06 13:18:25,931|INFO|random_mc2_n9_mid3_d1000_05_mr098_r10_12_uai_GDCC_1e-09_n200_roTrue_s0: PNS(V5,V0) exact: (0.1261695765081492, 0.2521556712400733)
2026-02-06 13:18:25,923|INFO|random_mc2_n5_mid3_d1000_05_mr098_r10_137_uai_GDCC_1e-09_n200_roTrue_s0: Loading model from ../models/synthetic/s123/random_mc2_n5_mid3_d1000_05_mr098_r10_137.uai
2026-02-06 13:18:25,931|INFO|random_mc2_n5_mid3_d1000_05_mr098_r10_137_uai_GDCC_1e-09_n200_roTrue_s0: Loading data from ../models/synthetic/s123/random_mc2_n5_mid3_d1000_05_mr098_r10_137.csv
2026-02-06 13:18:25,940|INFO|random_mc2_n5_mid3_d1000_05_mr098_r10_137_uai_GDCC_1e-09_n200_roTrue_s0: PNS(V4,V3) exact: (0.3143626878, 0.4271408892000001)
2026-02-06 13:18:25,926|INFO|random_mc2_n9_mid3_d1000_05_mr098_r10_132_uai_GDCC_1e-09_n200_roTrue_s0: Loading model from ../models/synthetic/s123/random_mc2_n9_mid3_d1000_05_mr098_r10_132.uai
2026-02-06 13:18:25,929|INFO|random_mc2_n7_mid3_d1000_05_mr098_r10_131_uai_GDCC_1e-09_n200_roFalse_s0: Loading model from ../models/synthetic/s123/random_mc2_n7_mid3_d1000_05_mr098_r10_131.uai
2026-02-06 13:18:25,942|INFO|random_mc2_n7_mid3_d1000_05_mr098_r10_131_uai_GDCC_1e-09_n200_roFalse_s0: Loading data from ../models/synthetic/s123/random_mc2_n7_mid3_d1000_05_mr098_r10_131.csv
2026-02-06 13:18:25,951|INFO|random_mc2_n7_mid3_d1000_05_mr098_r10_131_uai_GDCC_1e-09_n200_roFalse_s0: PNS(V4,V5) exact: (0.0019772565152803, 0.1646117945558058)
2026-02-06 13:18:25,930|INFO|random_mc2_n5_mid3_d1000_05_mr098_r10_195_uai_GDCC_1e-09_n200_roFalse_s0: Loading model from ../models/synthetic/s123/random_mc2_n5_mid3_d1000_05_mr098_r10_195.uai
2026-02-06 13:18:25,935|INFO|random_mc2_n5_mid3_d1000_05_mr098_r10_195_uai_GDCC_1e-09_n200_roFalse_s0: Loading data from ../models/synthetic/s123/random_mc2_n5_mid3_d1000_05_mr098_r10_195.csv
2026-02-06 13:18:25,943|INFO|random_mc2_n5_mid3_d1000_05_mr098_r10_195_uai_GDCC_1e-09_n200_roFalse_s0: PNS(V0,V4) exact: (0.131789906, 0.3518961976)
2026-02-06 13:18:26,001|INFO|random_mc2_n5_mid3_d1000_05_mr098_r10_55_uai_GDCC_1e-09_n200_roTrue_s0: Arguments: Namespace(method='GDCC_1e-09', numruns='200', seed='0', output='../results/synthetic/s123/', rewrite=True, removeoutliers=True, filepath=['../models/synthetic/s123/random_mc2_n5_mid3_d1000_05_mr098_r10_55.uai'])
2026-02-06 13:18:26,003|INFO|random_mc2_n7_mid3_d1000_05_mr098_r10_22_uai_GDCC_1e-09_n200_roTrue_s0: Arguments: Namespace(method='GDCC_1e-09', numruns='200', seed='0', output='../results/synthetic/s123/', rewrite=True, removeoutliers=True, filepath=['../models/synthetic/s123/random_mc2_n7_mid3_d1000_05_mr098_r10_22.uai'])
2026-02-06 13:18:26,002|INFO|random_mc2_n5_mid3_d1000_05_mr098_r10_55_uai_GDCC_1e-09_n200_roTrue_s0: Loading model from ../models/synthetic/s123/random_mc2_n5_mid3_d1000_05_mr098_r10_55.uai
2026-02-06 13:18:26,007|INFO|random_mc2_n5_mid3_d1000_05_mr098_r10_55_uai_GDCC_1e-09_n200_roTrue_s0: Loading data from ../models/synthetic/s123/random_mc2_n5_mid3_d1000_05_mr098_r10_55.csv
2026-02-06 13:18:26,016|INFO|random_mc2_n5_mid3_d1000_05_mr098_r10_55_uai_GDCC_1e-09_n200_roTrue_s0: PNS(V2,V3) exact: (0.2402970184, 0.3589271115)
2026-02-06 13:18:26,003|INFO|random_mc2_n7_mid3_d1000_05_mr098_r10_22_uai_GDCC_1e-09_n200_roTrue_s0: Loading model from ../models/synthetic/s123/random_mc2_n7_mid3_d1000_05_mr098_r10_22.uai
2026-02-06 13:18:26,015|INFO|random_mc2_n7_mid3_d1000_05_mr098_r10_22_uai_GDCC_1e-09_n200_roTrue_s0: Loading data from ../models/synthetic/s123/random_mc2_n7_mid3_d1000_05_mr098_r10_22.csv
2026-02-06 13:18:26,024|INFO|random_mc2_n7_mid3_d1000_05_mr098_r10_22_uai_GDCC_1e-09_n200_roTrue_s0: PNS(V1,V0) exact: (0.4818094928831341, 0.6444694971595442)
2026-02-06 13:18:26,098|INFO|random_mc2_n5_mid3_d1000_05_mr098_r10_154_uai_GDCC_1e-09_n200_roTrue_s0: Arguments: Namespace(method='GDCC_1e-09', numruns='200', seed='0', output='../results/synthetic/s123/', rewrite=True, removeoutliers=True, filepath=['../models/synthetic/s123/random_mc2_n5_mid3_d1000_05_mr098_r10_154.uai'])
2026-02-06 13:18:26,098|INFO|random_mc2_n5_mid3_d1000_05_mr098_r10_154_uai_GDCC_1e-09_n200_roTrue_s0: Loading model from ../models/synthetic/s123/random_mc2_n5_mid3_d1000_05_mr098_r10_154.uai
2026-02-06 13:18:26,111|INFO|random_mc2_n5_mid3_d1000_05_mr098_r10_154_uai_GDCC_1e-09_n200_roTrue_s0: Loading data from ../models/synthetic/s123/random_mc2_n5_mid3_d1000_05_mr098_r10_154.csv
2026-02-06 13:18:26,144|INFO|random_mc2_n9_mid3_d1000_05_mr098_r10_132_uai_GDCC_1e-09_n200_roTrue_s0: Loading data from ../models/synthetic/s123/random_mc2_n9_mid3_d1000_05_mr098_r10_132.csv
2026-02-06 13:18:26,177|INFO|random_mc2_n5_mid3_d1000_05_mr098_r10_196_uai_GDCC_1e-09_n200_roFalse_s0: Arguments: Namespace(method='GDCC_1e-09', numruns='200', seed='0', output='../results/synthetic/s123/', rewrite=True, removeoutliers=False, filepath=['../models/synthetic/s123/random_mc2_n5_mid3_d1000_05_mr098_r10_196.uai'])
2026-02-06 13:18:26,214|INFO|random_mc2_n5_mid3_d1000_05_mr098_r10_197_uai_GDCC_1e-09_n200_roTrue_s0: Arguments: Namespace(method='GDCC_1e-09', numruns='200', seed='0', output='../results/synthetic/s123/', rewrite=True, removeoutliers=True, filepath=['../models/synthetic/s123/random_mc2_n5_mid3_d1000_05_mr098_r10_197.uai'])
2026-02-06 13:18:26,177|INFO|random_mc2_n5_mid3_d1000_05_mr098_r10_196_uai_GDCC_1e-09_n200_roFalse_s0: Loading model from ../models/synthetic/s123/random_mc2_n5_mid3_d1000_05_mr098_r10_196.uai
2026-02-06 13:18:26,193|INFO|random_mc2_n5_mid3_d1000_05_mr098_r10_196_uai_GDCC_1e-09_n200_roFalse_s0: Loading data from ../models/synthetic/s123/random_mc2_n5_mid3_d1000_05_mr098_r10_196.csv
2026-02-06 13:18:26,224|INFO|random_mc2_n7_mid3_d1000_05_mr098_r10_196_uai_GDCC_1e-09_n200_roFalse_s0: Arguments: Namespace(method='GDCC_1e-09', numruns='200', seed='0', output='../results/synthetic/s123/', rewrite=True, removeoutliers=False, filepath=['../models/synthetic/s123/random_mc2_n7_mid3_d1000_05_mr098_r10_196.uai'])
2026-02-06 13:18:26,232|INFO|random_mc2_n5_mid3_d1000_05_mr098_r10_187_uai_GDCC_1e-09_n200_roTrue_s0: Arguments: Namespace(method='GDCC_1e-09', numruns='200', seed='0', output='../results/synthetic/s123/', rewrite=True, removeoutliers=True, filepath=['../models/synthetic/s123/random_mc2_n5_mid3_d1000_05_mr098_r10_187.uai'])
2026-02-06 13:18:26,233|INFO|random_mc2_n5_mid3_d1000_05_mr098_r10_184_uai_GDCC_1e-09_n200_roTrue_s0: Arguments: Namespace(method='GDCC_1e-09', numruns='200', seed='0', output='../results/synthetic/s123/', rewrite=True, removeoutliers=True, filepath=['../models/synthetic/s123/random_mc2_n5_mid3_d1000_05_mr098_r10_184.uai'])
2026-02-06 13:18:26,246|INFO|random_mc2_n6_mid3_d1000_05_mr098_r10_175_uai_GDCC_1e-09_n200_roFalse_s0: Arguments: Namespace(method='GDCC_1e-09', numruns='200', seed='0', output='../results/synthetic/s123/', rewrite=True, removeoutliers=False, filepath=['../models/synthetic/s123/random_mc2_n6_mid3_d1000_05_mr098_r10_175.uai'])
2026-02-06 13:18:26,214|INFO|random_mc2_n5_mid3_d1000_05_mr098_r10_197_uai_GDCC_1e-09_n200_roTrue_s0: Loading model from ../models/synthetic/s123/random_mc2_n5_mid3_d1000_05_mr098_r10_197.uai
2026-02-06 13:18:26,220|INFO|random_mc2_n5_mid3_d1000_05_mr098_r10_197_uai_GDCC_1e-09_n200_roTrue_s0: Loading data from ../models/synthetic/s123/random_mc2_n5_mid3_d1000_05_mr098_r10_197.csv
2026-02-06 13:18:26,230|INFO|random_mc2_n5_mid3_d1000_05_mr098_r10_197_uai_GDCC_1e-09_n200_roTrue_s0: PNS(V0,V2) exact: (0.0654547499999999, 0.0866559)
2026-02-06 13:18:26,254|INFO|random_mc2_n5_mid3_d1000_05_mr098_r10_174_uai_GDCC_1e-09_n200_roTrue_s0: Arguments: Namespace(method='GDCC_1e-09', numruns='200', seed='0', output='../results/synthetic/s123/', rewrite=True, removeoutliers=True, filepath=['../models/synthetic/s123/random_mc2_n5_mid3_d1000_05_mr098_r10_174.uai'])
2026-02-06 13:18:26,258|INFO|random_mc2_n6_mid3_d1000_05_mr098_r10_169_uai_GDCC_1e-09_n200_roFalse_s0: Arguments: Namespace(method='GDCC_1e-09', numruns='200', seed='0', output='../results/synthetic/s123/', rewrite=True, removeoutliers=False, filepath=['../models/synthetic/s123/random_mc2_n6_mid3_d1000_05_mr098_r10_169.uai'])
2026-02-06 13:18:26,224|INFO|random_mc2_n7_mid3_d1000_05_mr098_r10_196_uai_GDCC_1e-09_n200_roFalse_s0: Loading model from ../models/synthetic/s123/random_mc2_n7_mid3_d1000_05_mr098_r10_196.uai
2026-02-06 13:18:26,233|INFO|random_mc2_n5_mid3_d1000_05_mr098_r10_187_uai_GDCC_1e-09_n200_roTrue_s0: Loading model from ../models/synthetic/s123/random_mc2_n5_mid3_d1000_05_mr098_r10_187.uai
2026-02-06 13:18:26,233|INFO|random_mc2_n5_mid3_d1000_05_mr098_r10_184_uai_GDCC_1e-09_n200_roTrue_s0: Loading model from ../models/synthetic/s123/random_mc2_n5_mid3_d1000_05_mr098_r10_184.uai
2026-02-06 13:18:26,255|INFO|random_mc2_n5_mid3_d1000_05_mr098_r10_187_uai_GDCC_1e-09_n200_roTrue_s0: Loading data from ../models/synthetic/s123/random_mc2_n5_mid3_d1000_05_mr098_r10_187.csv
2026-02-06 13:18:26,238|INFO|random_mc2_n5_mid3_d1000_05_mr098_r10_184_uai_GDCC_1e-09_n200_roTrue_s0: Loading data from ../models/synthetic/s123/random_mc2_n5_mid3_d1000_05_mr098_r10_184.csv
2026-02-06 13:18:26,248|INFO|random_mc2_n5_mid3_d1000_05_mr098_r10_184_uai_GDCC_1e-09_n200_roTrue_s0: PNS(V3,V4) exact: (0.0, 0.0)
2026-02-06 13:18:26,248|ERROR|random_mc2_n5_mid3_d1000_05_mr098_r10_184_uai_GDCC_1e-09_n200_roTrue_s0: Model does not have any cause-effect path.
2026-02-06 13:18:26,247|INFO|random_mc2_n6_mid3_d1000_05_mr098_r10_175_uai_GDCC_1e-09_n200_roFalse_s0: Loading model from ../models/synthetic/s123/random_mc2_n6_mid3_d1000_05_mr098_r10_175.uai
2026-02-06 13:18:26,254|INFO|random_mc2_n5_mid3_d1000_05_mr098_r10_174_uai_GDCC_1e-09_n200_roTrue_s0: Loading model from ../models/synthetic/s123/random_mc2_n5_mid3_d1000_05_mr098_r10_174.uai
2026-02-06 13:18:26,265|INFO|random_mc2_n5_mid3_d1000_05_mr098_r10_174_uai_GDCC_1e-09_n200_roTrue_s0: Loading data from ../models/synthetic/s123/random_mc2_n5_mid3_d1000_05_mr098_r10_174.csv
2026-02-06 13:18:26,275|INFO|random_mc2_n5_mid3_d1000_05_mr098_r10_174_uai_GDCC_1e-09_n200_roTrue_s0: PNS(V1,V3) exact: (0.497273609538846, 0.62213966937114)
2026-02-06 13:18:26,258|INFO|random_mc2_n6_mid3_d1000_05_mr098_r10_169_uai_GDCC_1e-09_n200_roFalse_s0: Loading model from ../models/synthetic/s123/random_mc2_n6_mid3_d1000_05_mr098_r10_169.uai
2026-02-06 13:18:26,265|INFO|random_mc2_n6_mid3_d1000_05_mr098_r10_169_uai_GDCC_1e-09_n200_roFalse_s0: Loading data from ../models/synthetic/s123/random_mc2_n6_mid3_d1000_05_mr098_r10_169.csv
2026-02-06 13:18:26,276|INFO|random_mc2_n6_mid3_d1000_05_mr098_r10_169_uai_GDCC_1e-09_n200_roFalse_s0: PNS(V2,V3) exact: (0.0, 0.039991749496806)
2026-02-06 13:18:26,328|INFO|random_mc2_n7_mid3_d1000_05_mr098_r10_196_uai_GDCC_1e-09_n200_roFalse_s0: Loading data from ../models/synthetic/s123/random_mc2_n7_mid3_d1000_05_mr098_r10_196.csv
2026-02-06 13:18:26,345|INFO|random_mc2_n6_mid3_d1000_05_mr098_r10_175_uai_GDCC_1e-09_n200_roFalse_s0: Loading data from ../models/synthetic/s123/random_mc2_n6_mid3_d1000_05_mr098_r10_175.csv
2026-02-06 13:18:27,071|INFO|random_mc2_n6_mid3_d1000_05_mr098_r10_13_uai_GDCC_1e-09_n200_roFalse_s0: Arguments: Namespace(method='GDCC_1e-09', numruns='200', seed='0', output='../results/synthetic/s123/', rewrite=True, removeoutliers=False, filepath=['../models/synthetic/s123/random_mc2_n6_mid3_d1000_05_mr098_r10_13.uai'])
2026-02-06 13:18:27,071|INFO|random_mc2_n6_mid3_d1000_05_mr098_r10_13_uai_GDCC_1e-09_n200_roFalse_s0: Loading model from ../models/synthetic/s123/random_mc2_n6_mid3_d1000_05_mr098_r10_13.uai
2026-02-06 13:18:27,079|INFO|random_mc2_n6_mid3_d1000_05_mr098_r10_13_uai_GDCC_1e-09_n200_roFalse_s0: Loading data from ../models/synthetic/s123/random_mc2_n6_mid3_d1000_05_mr098_r10_13.csv
2026-02-06 13:18:29,647|INFO|random_mc2_n9_mid3_d1000_05_mr098_r10_146_uai_GDCC_1e-09_n200_roFalse_s0: Arguments: Namespace(method='GDCC_1e-09', numruns='200', seed='0', output='../results/synthetic/s123/', rewrite=True, removeoutliers=False, filepath=['../models/synthetic/s123/random_mc2_n9_mid3_d1000_05_mr098_r10_146.uai'])
2026-02-06 13:18:29,648|INFO|random_mc2_n9_mid3_d1000_05_mr098_r10_146_uai_GDCC_1e-09_n200_roFalse_s0: Loading model from ../models/synthetic/s123/random_mc2_n9_mid3_d1000_05_mr098_r10_146.uai
2026-02-06 13:18:29,666|INFO|random_mc2_n9_mid3_d1000_05_mr098_r10_146_uai_GDCC_1e-09_n200_roFalse_s0: Loading data from ../models/synthetic/s123/random_mc2_n9_mid3_d1000_05_mr098_r10_146.csv
2026-02-06 13:18:29,873|INFO|random_mc2_n9_mid3_d1000_05_mr098_r10_137_uai_GDCC_1e-09_n200_roFalse_s0: Arguments: Namespace(method='GDCC_1e-09', numruns='200', seed='0', output='../results/synthetic/s123/', rewrite=True, removeoutliers=False, filepath=['../models/synthetic/s123/random_mc2_n9_mid3_d1000_05_mr098_r10_137.uai'])
2026-02-06 13:18:29,875|INFO|random_mc2_n7_mid3_d1000_05_mr098_r10_36_uai_GDCC_1e-09_n200_roFalse_s0: Arguments: Namespace(method='GDCC_1e-09', numruns='200', seed='0', output='../results/synthetic/s123/', rewrite=True, removeoutliers=False, filepath=['../models/synthetic/s123/random_mc2_n7_mid3_d1000_05_mr098_r10_36.uai'])
2026-02-06 13:18:29,881|INFO|random_mc2_n9_mid3_d1000_05_mr098_r10_166_uai_GDCC_1e-09_n200_roFalse_s0: Arguments: Namespace(method='GDCC_1e-09', numruns='200', seed='0', output='../results/synthetic/s123/', rewrite=True, removeoutliers=False, filepath=['../models/synthetic/s123/random_mc2_n9_mid3_d1000_05_mr098_r10_166.uai'])
2026-02-06 13:18:29,873|INFO|random_mc2_n9_mid3_d1000_05_mr098_r10_137_uai_GDCC_1e-09_n200_roFalse_s0: Loading model from ../models/synthetic/s123/random_mc2_n9_mid3_d1000_05_mr098_r10_137.uai
2026-02-06 13:18:29,875|INFO|random_mc2_n7_mid3_d1000_05_mr098_r10_36_uai_GDCC_1e-09_n200_roFalse_s0: Loading model from ../models/synthetic/s123/random_mc2_n7_mid3_d1000_05_mr098_r10_36.uai
2026-02-06 13:18:29,885|INFO|random_mc2_n7_mid3_d1000_05_mr098_r10_36_uai_GDCC_1e-09_n200_roFalse_s0: Loading data from ../models/synthetic/s123/random_mc2_n7_mid3_d1000_05_mr098_r10_36.csv
2026-02-06 13:18:29,899|INFO|random_mc2_n7_mid3_d1000_05_mr098_r10_36_uai_GDCC_1e-09_n200_roFalse_s0: PNS(V6,V2) exact: (0.0, 0.128261765483479)
2026-02-06 13:18:29,881|INFO|random_mc2_n9_mid3_d1000_05_mr098_r10_166_uai_GDCC_1e-09_n200_roFalse_s0: Loading model from ../models/synthetic/s123/random_mc2_n9_mid3_d1000_05_mr098_r10_166.uai
2026-02-06 13:18:29,903|INFO|random_mc2_n9_mid3_d1000_05_mr098_r10_166_uai_GDCC_1e-09_n200_roFalse_s0: Loading data from ../models/synthetic/s123/random_mc2_n9_mid3_d1000_05_mr098_r10_166.csv
2026-02-06 13:18:29,964|INFO|random_mc2_n7_mid3_d1000_05_mr098_r10_184_uai_GDCC_1e-09_n200_roFalse_s0: Arguments: Namespace(method='GDCC_1e-09', numruns='200', seed='0', output='../results/synthetic/s123/', rewrite=True, removeoutliers=False, filepath=['../models/synthetic/s123/random_mc2_n7_mid3_d1000_05_mr098_r10_184.uai'])
2026-02-06 13:18:29,978|INFO|random_mc2_n6_mid3_d1000_05_mr098_r10_68_uai_GDCC_1e-09_n200_roFalse_s0: Arguments: Namespace(method='GDCC_1e-09', numruns='200', seed='0', output='../results/synthetic/s123/', rewrite=True, removeoutliers=False, filepath=['../models/synthetic/s123/random_mc2_n6_mid3_d1000_05_mr098_r10_68.uai'])
2026-02-06 13:18:29,964|INFO|random_mc2_n7_mid3_d1000_05_mr098_r10_184_uai_GDCC_1e-09_n200_roFalse_s0: Loading model from ../models/synthetic/s123/random_mc2_n7_mid3_d1000_05_mr098_r10_184.uai
2026-02-06 13:18:29,976|INFO|random_mc2_n7_mid3_d1000_05_mr098_r10_184_uai_GDCC_1e-09_n200_roFalse_s0: Loading data from ../models/synthetic/s123/random_mc2_n7_mid3_d1000_05_mr098_r10_184.csv
2026-02-06 13:18:29,985|INFO|random_mc2_n7_mid3_d1000_05_mr098_r10_184_uai_GDCC_1e-09_n200_roFalse_s0: PNS(V0,V3) exact: (0.0039488823224993, 0.0144327631225721)
2026-02-06 13:18:29,978|INFO|random_mc2_n6_mid3_d1000_05_mr098_r10_68_uai_GDCC_1e-09_n200_roFalse_s0: Loading model from ../models/synthetic/s123/random_mc2_n6_mid3_d1000_05_mr098_r10_68.uai
2026-02-06 13:18:29,988|INFO|random_mc2_n6_mid3_d1000_05_mr098_r10_68_uai_GDCC_1e-09_n200_roFalse_s0: Loading data from ../models/synthetic/s123/random_mc2_n6_mid3_d1000_05_mr098_r10_68.csv
2026-02-06 13:18:29,997|INFO|random_mc2_n6_mid3_d1000_05_mr098_r10_68_uai_GDCC_1e-09_n200_roFalse_s0: PNS(V0,V1) exact: (0.0, 0.1486868319875199)
2026-02-06 13:18:30,044|INFO|random_mc2_n7_mid3_d1000_05_mr098_r10_55_uai_GDCC_1e-09_n200_roTrue_s0: Arguments: Namespace(method='GDCC_1e-09', numruns='200', seed='0', output='../results/synthetic/s123/', rewrite=True, removeoutliers=True, filepath=['../models/synthetic/s123/random_mc2_n7_mid3_d1000_05_mr098_r10_55.uai'])
2026-02-06 13:18:30,058|INFO|random_mc2_n9_mid3_d1000_05_mr098_r10_182_uai_GDCC_1e-09_n200_roFalse_s0: Arguments: Namespace(method='GDCC_1e-09', numruns='200', seed='0', output='../results/synthetic/s123/', rewrite=True, removeoutliers=False, filepath=['../models/synthetic/s123/random_mc2_n9_mid3_d1000_05_mr098_r10_182.uai'])
2026-02-06 13:18:30,061|INFO|random_mc2_n5_mid3_d1000_05_mr098_r10_75_uai_GDCC_1e-09_n200_roFalse_s0: Arguments: Namespace(method='GDCC_1e-09', numruns='200', seed='0', output='../results/synthetic/s123/', rewrite=True, removeoutliers=False, filepath=['../models/synthetic/s123/random_mc2_n5_mid3_d1000_05_mr098_r10_75.uai'])
2026-02-06 13:18:30,063|INFO|random_mc2_n5_mid3_d1000_05_mr098_r10_132_uai_GDCC_1e-09_n200_roFalse_s0: Arguments: Namespace(method='GDCC_1e-09', numruns='200', seed='0', output='../results/synthetic/s123/', rewrite=True, removeoutliers=False, filepath=['../models/synthetic/s123/random_mc2_n5_mid3_d1000_05_mr098_r10_132.uai'])
2026-02-06 13:18:30,066|INFO|random_mc2_n5_mid3_d1000_05_mr098_r10_191_uai_GDCC_1e-09_n200_roFalse_s0: Arguments: Namespace(method='GDCC_1e-09', numruns='200', seed='0', output='../results/synthetic/s123/', rewrite=True, removeoutliers=False, filepath=['../models/synthetic/s123/random_mc2_n5_mid3_d1000_05_mr098_r10_191.uai'])
2026-02-06 13:18:30,044|INFO|random_mc2_n7_mid3_d1000_05_mr098_r10_55_uai_GDCC_1e-09_n200_roTrue_s0: Loading model from ../models/synthetic/s123/random_mc2_n7_mid3_d1000_05_mr098_r10_55.uai
2026-02-06 13:18:30,053|INFO|random_mc2_n7_mid3_d1000_05_mr098_r10_55_uai_GDCC_1e-09_n200_roTrue_s0: Loading data from ../models/synthetic/s123/random_mc2_n7_mid3_d1000_05_mr098_r10_55.csv
2026-02-06 13:18:30,062|INFO|random_mc2_n7_mid3_d1000_05_mr098_r10_55_uai_GDCC_1e-09_n200_roTrue_s0: PNS(V1,V2) exact: (0.0, 0.16491582811524)
2026-02-06 13:18:30,059|INFO|random_mc2_n9_mid3_d1000_05_mr098_r10_182_uai_GDCC_1e-09_n200_roFalse_s0: Loading model from ../models/synthetic/s123/random_mc2_n9_mid3_d1000_05_mr098_r10_182.uai
2026-02-06 13:18:30,078|INFO|random_mc2_n9_mid3_d1000_05_mr098_r10_182_uai_GDCC_1e-09_n200_roFalse_s0: Loading data from ../models/synthetic/s123/random_mc2_n9_mid3_d1000_05_mr098_r10_182.csv
2026-02-06 13:18:30,061|INFO|random_mc2_n5_mid3_d1000_05_mr098_r10_75_uai_GDCC_1e-09_n200_roFalse_s0: Loading model from ../models/synthetic/s123/random_mc2_n5_mid3_d1000_05_mr098_r10_75.uai
2026-02-06 13:18:30,066|INFO|random_mc2_n5_mid3_d1000_05_mr098_r10_75_uai_GDCC_1e-09_n200_roFalse_s0: Loading data from ../models/synthetic/s123/random_mc2_n5_mid3_d1000_05_mr098_r10_75.csv
2026-02-06 13:18:30,075|INFO|random_mc2_n5_mid3_d1000_05_mr098_r10_75_uai_GDCC_1e-09_n200_roFalse_s0: PNS(V1,V0) exact: (0.0, 0.0820279325)
2026-02-06 13:18:30,063|INFO|random_mc2_n5_mid3_d1000_05_mr098_r10_132_uai_GDCC_1e-09_n200_roFalse_s0: Loading model from ../models/synthetic/s123/random_mc2_n5_mid3_d1000_05_mr098_r10_132.uai
2026-02-06 13:18:30,067|INFO|random_mc2_n5_mid3_d1000_05_mr098_r10_132_uai_GDCC_1e-09_n200_roFalse_s0: Loading data from ../models/synthetic/s123/random_mc2_n5_mid3_d1000_05_mr098_r10_132.csv
2026-02-06 13:18:30,076|INFO|random_mc2_n5_mid3_d1000_05_mr098_r10_132_uai_GDCC_1e-09_n200_roFalse_s0: PNS(V0,V2) exact: (0.0, 0.0)
2026-02-06 13:18:30,076|ERROR|random_mc2_n5_mid3_d1000_05_mr098_r10_132_uai_GDCC_1e-09_n200_roFalse_s0: Model does not have any cause-effect path.
2026-02-06 13:18:30,104|INFO|random_mc2_n9_mid3_d1000_05_mr098_r10_137_uai_GDCC_1e-09_n200_roFalse_s0: Loading data from ../models/synthetic/s123/random_mc2_n9_mid3_d1000_05_mr098_r10_137.csv
2026-02-06 13:18:30,066|INFO|random_mc2_n5_mid3_d1000_05_mr098_r10_191_uai_GDCC_1e-09_n200_roFalse_s0: Loading model from ../models/synthetic/s123/random_mc2_n5_mid3_d1000_05_mr098_r10_191.uai
2026-02-06 13:18:30,070|INFO|random_mc2_n5_mid3_d1000_05_mr098_r10_191_uai_GDCC_1e-09_n200_roFalse_s0: Loading data from ../models/synthetic/s123/random_mc2_n5_mid3_d1000_05_mr098_r10_191.csv
2026-02-06 13:18:37,815|INFO|random_mc2_n9_mid3_d1000_05_mr098_r10_177_uai_GDCC_1e-09_n200_roTrue_s0: Arguments: Namespace(method='GDCC_1e-09', numruns='200', seed='0', output='../results/synthetic/s123/', rewrite=True, removeoutliers=True, filepath=['../models/synthetic/s123/random_mc2_n9_mid3_d1000_05_mr098_r10_177.uai'])
2026-02-06 13:18:37,815|INFO|random_mc2_n9_mid3_d1000_05_mr098_r10_177_uai_GDCC_1e-09_n200_roTrue_s0: Loading model from ../models/synthetic/s123/random_mc2_n9_mid3_d1000_05_mr098_r10_177.uai
2026-02-06 13:18:37,835|INFO|random_mc2_n9_mid3_d1000_05_mr098_r10_177_uai_GDCC_1e-09_n200_roTrue_s0: Loading data from ../models/synthetic/s123/random_mc2_n9_mid3_d1000_05_mr098_r10_177.csv
2026-02-06 13:18:40,405|INFO|random_mc2_n5_mid3_d1000_05_mr098_r10_181_uai_GDCC_1e-09_n200_roTrue_s0: Arguments: Namespace(method='GDCC_1e-09', numruns='200', seed='0', output='../results/synthetic/s123/', rewrite=True, removeoutliers=True, filepath=['../models/synthetic/s123/random_mc2_n5_mid3_d1000_05_mr098_r10_181.uai'])
2026-02-06 13:18:40,405|INFO|random_mc2_n5_mid3_d1000_05_mr098_r10_181_uai_GDCC_1e-09_n200_roTrue_s0: Loading model from ../models/synthetic/s123/random_mc2_n5_mid3_d1000_05_mr098_r10_181.uai
2026-02-06 13:18:40,420|INFO|random_mc2_n5_mid3_d1000_05_mr098_r10_181_uai_GDCC_1e-09_n200_roTrue_s0: Loading data from ../models/synthetic/s123/random_mc2_n5_mid3_d1000_05_mr098_r10_181.csv
2026-02-06 13:18:40,566|INFO|random_mc2_n5_mid3_d1000_05_mr098_r10_183_uai_GDCC_1e-09_n200_roFalse_s0: Arguments: Namespace(method='GDCC_1e-09', numruns='200', seed='0', output='../results/synthetic/s123/', rewrite=True, removeoutliers=False, filepath=['../models/synthetic/s123/random_mc2_n5_mid3_d1000_05_mr098_r10_183.uai'])
2026-02-06 13:18:40,567|INFO|random_mc2_n5_mid3_d1000_05_mr098_r10_24_uai_GDCC_1e-09_n200_roTrue_s0: Arguments: Namespace(method='GDCC_1e-09', numruns='200', seed='0', output='../results/synthetic/s123/', rewrite=True, removeoutliers=True, filepath=['../models/synthetic/s123/random_mc2_n5_mid3_d1000_05_mr098_r10_24.uai'])
2026-02-06 13:18:40,568|INFO|random_mc2_n5_mid3_d1000_05_mr098_r10_150_uai_GDCC_1e-09_n200_roTrue_s0: Arguments: Namespace(method='GDCC_1e-09', numruns='200', seed='0', output='../results/synthetic/s123/', rewrite=True, removeoutliers=True, filepath=['../models/synthetic/s123/random_mc2_n5_mid3_d1000_05_mr098_r10_150.uai'])
2026-02-06 13:18:40,570|INFO|random_mc2_n6_mid3_d1000_05_mr098_r10_189_uai_GDCC_1e-09_n200_roTrue_s0: Arguments: Namespace(method='GDCC_1e-09', numruns='200', seed='0', output='../results/synthetic/s123/', rewrite=True, removeoutliers=True, filepath=['../models/synthetic/s123/random_mc2_n6_mid3_d1000_05_mr098_r10_189.uai'])
2026-02-06 13:18:40,593|INFO|random_mc2_n5_mid3_d1000_05_mr098_r10_38_uai_GDCC_1e-09_n200_roFalse_s0: Arguments: Namespace(method='GDCC_1e-09', numruns='200', seed='0', output='../results/synthetic/s123/', rewrite=True, removeoutliers=False, filepath=['../models/synthetic/s123/random_mc2_n5_mid3_d1000_05_mr098_r10_38.uai'])
2026-02-06 13:18:40,566|INFO|random_mc2_n5_mid3_d1000_05_mr098_r10_183_uai_GDCC_1e-09_n200_roFalse_s0: Loading model from ../models/synthetic/s123/random_mc2_n5_mid3_d1000_05_mr098_r10_183.uai
2026-02-06 13:18:40,586|INFO|random_mc2_n5_mid3_d1000_05_mr098_r10_183_uai_GDCC_1e-09_n200_roFalse_s0: Loading data from ../models/synthetic/s123/random_mc2_n5_mid3_d1000_05_mr098_r10_183.csv
2026-02-06 13:18:40,599|INFO|random_mc2_n5_mid3_d1000_05_mr098_r10_183_uai_GDCC_1e-09_n200_roFalse_s0: PNS(V0,V4) exact: (0.346001198451296, 0.346001198451296)
2026-02-06 13:18:40,567|INFO|random_mc2_n5_mid3_d1000_05_mr098_r10_24_uai_GDCC_1e-09_n200_roTrue_s0: Loading model from ../models/synthetic/s123/random_mc2_n5_mid3_d1000_05_mr098_r10_24.uai
2026-02-06 13:18:40,584|INFO|random_mc2_n5_mid3_d1000_05_mr098_r10_24_uai_GDCC_1e-09_n200_roTrue_s0: Loading data from ../models/synthetic/s123/random_mc2_n5_mid3_d1000_05_mr098_r10_24.csv
2026-02-06 13:18:40,599|INFO|random_mc2_n5_mid3_d1000_05_mr098_r10_24_uai_GDCC_1e-09_n200_roTrue_s0: PNS(V4,V0) exact: (0.0, 0.003928219827024)
2026-02-06 13:18:40,568|INFO|random_mc2_n5_mid3_d1000_05_mr098_r10_150_uai_GDCC_1e-09_n200_roTrue_s0: Loading model from ../models/synthetic/s123/random_mc2_n5_mid3_d1000_05_mr098_r10_150.uai
2026-02-06 13:18:40,583|INFO|random_mc2_n5_mid3_d1000_05_mr098_r10_150_uai_GDCC_1e-09_n200_roTrue_s0: Loading data from ../models/synthetic/s123/random_mc2_n5_mid3_d1000_05_mr098_r10_150.csv
2026-02-06 13:18:40,570|INFO|random_mc2_n6_mid3_d1000_05_mr098_r10_189_uai_GDCC_1e-09_n200_roTrue_s0: Loading model from ../models/synthetic/s123/random_mc2_n6_mid3_d1000_05_mr098_r10_189.uai
2026-02-06 13:18:40,587|INFO|random_mc2_n6_mid3_d1000_05_mr098_r10_189_uai_GDCC_1e-09_n200_roTrue_s0: Loading data from ../models/synthetic/s123/random_mc2_n6_mid3_d1000_05_mr098_r10_189.csv
2026-02-06 13:18:40,601|INFO|random_mc2_n6_mid3_d1000_05_mr098_r10_189_uai_GDCC_1e-09_n200_roTrue_s0: PNS(V3,V1) exact: (0.6089314630473477, 0.6883287464300636)
2026-02-06 13:18:40,617|INFO|random_mc2_n6_mid3_d1000_05_mr098_r10_163_uai_GDCC_1e-09_n200_roTrue_s0: Arguments: Namespace(method='GDCC_1e-09', numruns='200', seed='0', output='../results/synthetic/s123/', rewrite=True, removeoutliers=True, filepath=['../models/synthetic/s123/random_mc2_n6_mid3_d1000_05_mr098_r10_163.uai'])
2026-02-06 13:18:40,619|INFO|random_mc2_n6_mid3_d1000_05_mr098_r10_177_uai_GDCC_1e-09_n200_roFalse_s0: Arguments: Namespace(method='GDCC_1e-09', numruns='200', seed='0', output='../results/synthetic/s123/', rewrite=True, removeoutliers=False, filepath=['../models/synthetic/s123/random_mc2_n6_mid3_d1000_05_mr098_r10_177.uai'])
2026-02-06 13:18:40,594|INFO|random_mc2_n5_mid3_d1000_05_mr098_r10_38_uai_GDCC_1e-09_n200_roFalse_s0: Loading model from ../models/synthetic/s123/random_mc2_n5_mid3_d1000_05_mr098_r10_38.uai
2026-02-06 13:18:40,602|INFO|random_mc2_n5_mid3_d1000_05_mr098_r10_38_uai_GDCC_1e-09_n200_roFalse_s0: Loading data from ../models/synthetic/s123/random_mc2_n5_mid3_d1000_05_mr098_r10_38.csv
2026-02-06 13:18:40,614|INFO|random_mc2_n5_mid3_d1000_05_mr098_r10_38_uai_GDCC_1e-09_n200_roFalse_s0: PNS(V4,V3) exact: (0.71565, 0.7250800000000001)
2026-02-06 13:18:40,644|INFO|random_mc2_n8_mid3_d1000_05_mr098_r10_12_uai_GDCC_1e-09_n200_roFalse_s0: Arguments: Namespace(method='GDCC_1e-09', numruns='200', seed='0', output='../results/synthetic/s123/', rewrite=True, removeoutliers=False, filepath=['../models/synthetic/s123/random_mc2_n8_mid3_d1000_05_mr098_r10_12.uai'])
2026-02-06 13:18:40,617|INFO|random_mc2_n6_mid3_d1000_05_mr098_r10_163_uai_GDCC_1e-09_n200_roTrue_s0: Loading model from ../models/synthetic/s123/random_mc2_n6_mid3_d1000_05_mr098_r10_163.uai
2026-02-06 13:18:40,631|INFO|random_mc2_n6_mid3_d1000_05_mr098_r10_163_uai_GDCC_1e-09_n200_roTrue_s0: Loading data from ../models/synthetic/s123/random_mc2_n6_mid3_d1000_05_mr098_r10_163.csv
2026-02-06 13:18:40,619|INFO|random_mc2_n6_mid3_d1000_05_mr098_r10_177_uai_GDCC_1e-09_n200_roFalse_s0: Loading model from ../models/synthetic/s123/random_mc2_n6_mid3_d1000_05_mr098_r10_177.uai
2026-02-06 13:18:40,626|INFO|random_mc2_n6_mid3_d1000_05_mr098_r10_177_uai_GDCC_1e-09_n200_roFalse_s0: Loading data from ../models/synthetic/s123/random_mc2_n6_mid3_d1000_05_mr098_r10_177.csv
2026-02-06 13:18:40,644|INFO|random_mc2_n8_mid3_d1000_05_mr098_r10_12_uai_GDCC_1e-09_n200_roFalse_s0: Loading model from ../models/synthetic/s123/random_mc2_n8_mid3_d1000_05_mr098_r10_12.uai
2026-02-06 13:18:40,655|INFO|random_mc2_n8_mid3_d1000_05_mr098_r10_12_uai_GDCC_1e-09_n200_roFalse_s0: Loading data from ../models/synthetic/s123/random_mc2_n8_mid3_d1000_05_mr098_r10_12.csv
2026-02-06 13:18:40,706|INFO|random_mc2_n5_mid3_d1000_05_mr098_r10_144_uai_GDCC_1e-09_n200_roFalse_s0: Arguments: Namespace(method='GDCC_1e-09', numruns='200', seed='0', output='../results/synthetic/s123/', rewrite=True, removeoutliers=False, filepath=['../models/synthetic/s123/random_mc2_n5_mid3_d1000_05_mr098_r10_144.uai'])
2026-02-06 13:18:40,707|INFO|random_mc2_n5_mid3_d1000_05_mr098_r10_144_uai_GDCC_1e-09_n200_roFalse_s0: Loading model from ../models/synthetic/s123/random_mc2_n5_mid3_d1000_05_mr098_r10_144.uai
2026-02-06 13:18:40,717|INFO|random_mc2_n5_mid3_d1000_05_mr098_r10_144_uai_GDCC_1e-09_n200_roFalse_s0: Loading data from ../models/synthetic/s123/random_mc2_n5_mid3_d1000_05_mr098_r10_144.csv
2026-02-06 13:18:40,728|INFO|random_mc2_n5_mid3_d1000_05_mr098_r10_144_uai_GDCC_1e-09_n200_roFalse_s0: PNS(V3,V1) exact: (0.385300924512895, 0.578062212781675)
2026-02-06 13:18:40,765|INFO|random_mc2_n5_mid3_d1000_05_mr098_r10_20_uai_GDCC_1e-09_n200_roFalse_s0: Arguments: Namespace(method='GDCC_1e-09', numruns='200', seed='0', output='../results/synthetic/s123/', rewrite=True, removeoutliers=False, filepath=['../models/synthetic/s123/random_mc2_n5_mid3_d1000_05_mr098_r10_20.uai'])
2026-02-06 13:18:40,800|INFO|random_mc2_n8_mid3_d1000_05_mr098_r10_118_uai_GDCC_1e-09_n200_roFalse_s0: Arguments: Namespace(method='GDCC_1e-09', numruns='200', seed='0', output='../results/synthetic/s123/', rewrite=True, removeoutliers=False, filepath=['../models/synthetic/s123/random_mc2_n8_mid3_d1000_05_mr098_r10_118.uai'])
2026-02-06 13:18:40,765|INFO|random_mc2_n5_mid3_d1000_05_mr098_r10_20_uai_GDCC_1e-09_n200_roFalse_s0: Loading model from ../models/synthetic/s123/random_mc2_n5_mid3_d1000_05_mr098_r10_20.uai
2026-02-06 13:18:40,773|INFO|random_mc2_n5_mid3_d1000_05_mr098_r10_20_uai_GDCC_1e-09_n200_roFalse_s0: Loading data from ../models/synthetic/s123/random_mc2_n5_mid3_d1000_05_mr098_r10_20.csv
2026-02-06 13:18:40,829|INFO|random_mc2_n6_mid3_d1000_05_mr098_r10_117_uai_GDCC_1e-09_n200_roTrue_s0: Arguments: Namespace(method='GDCC_1e-09', numruns='200', seed='0', output='../results/synthetic/s123/', rewrite=True, removeoutliers=True, filepath=['../models/synthetic/s123/random_mc2_n6_mid3_d1000_05_mr098_r10_117.uai'])
2026-02-06 13:18:40,800|INFO|random_mc2_n8_mid3_d1000_05_mr098_r10_118_uai_GDCC_1e-09_n200_roFalse_s0: Loading model from ../models/synthetic/s123/random_mc2_n8_mid3_d1000_05_mr098_r10_118.uai
2026-02-06 13:18:40,829|INFO|random_mc2_n6_mid3_d1000_05_mr098_r10_117_uai_GDCC_1e-09_n200_roTrue_s0: Loading model from ../models/synthetic/s123/random_mc2_n6_mid3_d1000_05_mr098_r10_117.uai
2026-02-06 13:18:40,842|INFO|random_mc2_n6_mid3_d1000_05_mr098_r10_117_uai_GDCC_1e-09_n200_roTrue_s0: Loading data from ../models/synthetic/s123/random_mc2_n6_mid3_d1000_05_mr098_r10_117.csv
2026-02-06 13:18:40,869|INFO|random_mc2_n6_mid3_d1000_05_mr098_r10_163_uai_GDCC_1e-09_n200_roFalse_s0: Arguments: Namespace(method='GDCC_1e-09', numruns='200', seed='0', output='../results/synthetic/s123/', rewrite=True, removeoutliers=False, filepath=['../models/synthetic/s123/random_mc2_n6_mid3_d1000_05_mr098_r10_163.uai'])
2026-02-06 13:18:40,877|INFO|random_mc2_n5_mid3_d1000_05_mr098_r10_89_uai_GDCC_1e-09_n200_roFalse_s0: Arguments: Namespace(method='GDCC_1e-09', numruns='200', seed='0', output='../results/synthetic/s123/', rewrite=True, removeoutliers=False, filepath=['../models/synthetic/s123/random_mc2_n5_mid3_d1000_05_mr098_r10_89.uai'])
2026-02-06 13:18:40,888|INFO|random_mc2_n8_mid3_d1000_05_mr098_r10_146_uai_GDCC_1e-09_n200_roFalse_s0: Arguments: Namespace(method='GDCC_1e-09', numruns='200', seed='0', output='../results/synthetic/s123/', rewrite=True, removeoutliers=False, filepath=['../models/synthetic/s123/random_mc2_n8_mid3_d1000_05_mr098_r10_146.uai'])
2026-02-06 13:18:40,889|INFO|random_mc2_n5_mid3_d1000_05_mr098_r10_190_uai_GDCC_1e-09_n200_roTrue_s0: Arguments: Namespace(method='GDCC_1e-09', numruns='200', seed='0', output='../results/synthetic/s123/', rewrite=True, removeoutliers=True, filepath=['../models/synthetic/s123/random_mc2_n5_mid3_d1000_05_mr098_r10_190.uai'])
2026-02-06 13:18:40,893|INFO|random_mc2_n6_mid3_d1000_05_mr098_r10_101_uai_GDCC_1e-09_n200_roTrue_s0: Arguments: Namespace(method='GDCC_1e-09', numruns='200', seed='0', output='../results/synthetic/s123/', rewrite=True, removeoutliers=True, filepath=['../models/synthetic/s123/random_mc2_n6_mid3_d1000_05_mr098_r10_101.uai'])
2026-02-06 13:18:40,870|INFO|random_mc2_n6_mid3_d1000_05_mr098_r10_163_uai_GDCC_1e-09_n200_roFalse_s0: Loading model from ../models/synthetic/s123/random_mc2_n6_mid3_d1000_05_mr098_r10_163.uai
2026-02-06 13:18:40,880|INFO|random_mc2_n6_mid3_d1000_05_mr098_r10_163_uai_GDCC_1e-09_n200_roFalse_s0: Loading data from ../models/synthetic/s123/random_mc2_n6_mid3_d1000_05_mr098_r10_163.csv
2026-02-06 13:18:40,913|INFO|random_mc2_n7_mid3_d1000_05_mr098_r10_68_uai_GDCC_1e-09_n200_roFalse_s0: Arguments: Namespace(method='GDCC_1e-09', numruns='200', seed='0', output='../results/synthetic/s123/', rewrite=True, removeoutliers=False, filepath=['../models/synthetic/s123/random_mc2_n7_mid3_d1000_05_mr098_r10_68.uai'])
2026-02-06 13:18:40,877|INFO|random_mc2_n5_mid3_d1000_05_mr098_r10_89_uai_GDCC_1e-09_n200_roFalse_s0: Loading model from ../models/synthetic/s123/random_mc2_n5_mid3_d1000_05_mr098_r10_89.uai
2026-02-06 13:18:40,884|INFO|random_mc2_n5_mid3_d1000_05_mr098_r10_89_uai_GDCC_1e-09_n200_roFalse_s0: Loading data from ../models/synthetic/s123/random_mc2_n5_mid3_d1000_05_mr098_r10_89.csv
2026-02-06 13:18:40,894|INFO|random_mc2_n5_mid3_d1000_05_mr098_r10_89_uai_GDCC_1e-09_n200_roFalse_s0: PNS(V1,V3) exact: (0.0, 0.1946041664)
2026-02-06 13:18:40,888|INFO|random_mc2_n8_mid3_d1000_05_mr098_r10_146_uai_GDCC_1e-09_n200_roFalse_s0: Loading model from ../models/synthetic/s123/random_mc2_n8_mid3_d1000_05_mr098_r10_146.uai
2026-02-06 13:18:40,904|INFO|random_mc2_n8_mid3_d1000_05_mr098_r10_146_uai_GDCC_1e-09_n200_roFalse_s0: Loading data from ../models/synthetic/s123/random_mc2_n8_mid3_d1000_05_mr098_r10_146.csv
2026-02-06 13:18:40,890|INFO|random_mc2_n5_mid3_d1000_05_mr098_r10_190_uai_GDCC_1e-09_n200_roTrue_s0: Loading model from ../models/synthetic/s123/random_mc2_n5_mid3_d1000_05_mr098_r10_190.uai
2026-02-06 13:18:40,895|INFO|random_mc2_n5_mid3_d1000_05_mr098_r10_190_uai_GDCC_1e-09_n200_roTrue_s0: Loading data from ../models/synthetic/s123/random_mc2_n5_mid3_d1000_05_mr098_r10_190.csv
2026-02-06 13:18:40,906|INFO|random_mc2_n5_mid3_d1000_05_mr098_r10_190_uai_GDCC_1e-09_n200_roTrue_s0: PNS(V1,V2) exact: (1.5659726400000003e-05, 0.144498480129584)
2026-02-06 13:18:40,893|INFO|random_mc2_n6_mid3_d1000_05_mr098_r10_101_uai_GDCC_1e-09_n200_roTrue_s0: Loading model from ../models/synthetic/s123/random_mc2_n6_mid3_d1000_05_mr098_r10_101.uai
2026-02-06 13:18:40,903|INFO|random_mc2_n6_mid3_d1000_05_mr098_r10_101_uai_GDCC_1e-09_n200_roTrue_s0: Loading data from ../models/synthetic/s123/random_mc2_n6_mid3_d1000_05_mr098_r10_101.csv
2026-02-06 13:18:40,913|INFO|random_mc2_n7_mid3_d1000_05_mr098_r10_68_uai_GDCC_1e-09_n200_roFalse_s0: Loading model from ../models/synthetic/s123/random_mc2_n7_mid3_d1000_05_mr098_r10_68.uai
2026-02-06 13:18:40,997|INFO|random_mc2_n7_mid3_d1000_05_mr098_r10_68_uai_GDCC_1e-09_n200_roFalse_s0: Loading data from ../models/synthetic/s123/random_mc2_n7_mid3_d1000_05_mr098_r10_68.csv
2026-02-06 13:18:41,035|INFO|random_mc2_n8_mid3_d1000_05_mr098_r10_118_uai_GDCC_1e-09_n200_roFalse_s0: Loading data from ../models/synthetic/s123/random_mc2_n8_mid3_d1000_05_mr098_r10_118.csv
2026-02-06 13:18:43,086|INFO|random_mc2_n6_mid3_d1000_05_mr098_r10_143_uai_GDCC_1e-09_n200_roFalse_s0: Arguments: Namespace(method='GDCC_1e-09', numruns='200', seed='0', output='../results/synthetic/s123/', rewrite=True, removeoutliers=False, filepath=['../models/synthetic/s123/random_mc2_n6_mid3_d1000_05_mr098_r10_143.uai'])
2026-02-06 13:18:43,087|INFO|random_mc2_n6_mid3_d1000_05_mr098_r10_71_uai_GDCC_1e-09_n200_roFalse_s0: Arguments: Namespace(method='GDCC_1e-09', numruns='200', seed='0', output='../results/synthetic/s123/', rewrite=True, removeoutliers=False, filepath=['../models/synthetic/s123/random_mc2_n6_mid3_d1000_05_mr098_r10_71.uai'])
2026-02-06 13:18:43,093|INFO|random_mc2_n6_mid3_d1000_05_mr098_r10_81_uai_GDCC_1e-09_n200_roFalse_s0: Arguments: Namespace(method='GDCC_1e-09', numruns='200', seed='0', output='../results/synthetic/s123/', rewrite=True, removeoutliers=False, filepath=['../models/synthetic/s123/random_mc2_n6_mid3_d1000_05_mr098_r10_81.uai'])
2026-02-06 13:18:43,086|INFO|random_mc2_n6_mid3_d1000_05_mr098_r10_143_uai_GDCC_1e-09_n200_roFalse_s0: Loading model from ../models/synthetic/s123/random_mc2_n6_mid3_d1000_05_mr098_r10_143.uai
2026-02-06 13:18:43,097|INFO|random_mc2_n6_mid3_d1000_05_mr098_r10_143_uai_GDCC_1e-09_n200_roFalse_s0: Loading data from ../models/synthetic/s123/random_mc2_n6_mid3_d1000_05_mr098_r10_143.csv
2026-02-06 13:18:43,087|INFO|random_mc2_n6_mid3_d1000_05_mr098_r10_71_uai_GDCC_1e-09_n200_roFalse_s0: Loading model from ../models/synthetic/s123/random_mc2_n6_mid3_d1000_05_mr098_r10_71.uai
2026-02-06 13:18:43,098|INFO|random_mc2_n6_mid3_d1000_05_mr098_r10_71_uai_GDCC_1e-09_n200_roFalse_s0: Loading data from ../models/synthetic/s123/random_mc2_n6_mid3_d1000_05_mr098_r10_71.csv
2026-02-06 13:18:43,108|INFO|random_mc2_n6_mid3_d1000_05_mr098_r10_71_uai_GDCC_1e-09_n200_roFalse_s0: PNS(V0,V3) exact: (0.5001600000000002, 0.6072)
2026-02-06 13:18:43,094|INFO|random_mc2_n6_mid3_d1000_05_mr098_r10_81_uai_GDCC_1e-09_n200_roFalse_s0: Loading model from ../models/synthetic/s123/random_mc2_n6_mid3_d1000_05_mr098_r10_81.uai
2026-02-06 13:18:43,103|INFO|random_mc2_n6_mid3_d1000_05_mr098_r10_81_uai_GDCC_1e-09_n200_roFalse_s0: Loading data from ../models/synthetic/s123/random_mc2_n6_mid3_d1000_05_mr098_r10_81.csv
2026-02-06 13:18:43,112|INFO|random_mc2_n6_mid3_d1000_05_mr098_r10_81_uai_GDCC_1e-09_n200_roFalse_s0: PNS(V0,V1) exact: (0.3372099000000001, 0.3372099000000001)
2026-02-06 13:18:43,177|INFO|random_mc2_n5_mid3_d1000_05_mr098_r10_44_uai_GDCC_1e-09_n200_roTrue_s0: Arguments: Namespace(method='GDCC_1e-09', numruns='200', seed='0', output='../results/synthetic/s123/', rewrite=True, removeoutliers=True, filepath=['../models/synthetic/s123/random_mc2_n5_mid3_d1000_05_mr098_r10_44.uai'])
2026-02-06 13:18:43,184|INFO|random_mc2_n6_mid3_d1000_05_mr098_r10_44_uai_GDCC_1e-09_n200_roFalse_s0: Arguments: Namespace(method='GDCC_1e-09', numruns='200', seed='0', output='../results/synthetic/s123/', rewrite=True, removeoutliers=False, filepath=['../models/synthetic/s123/random_mc2_n6_mid3_d1000_05_mr098_r10_44.uai'])
2026-02-06 13:18:43,187|INFO|random_mc2_n6_mid3_d1000_05_mr098_r10_28_uai_GDCC_1e-09_n200_roTrue_s0: Arguments: Namespace(method='GDCC_1e-09', numruns='200', seed='0', output='../results/synthetic/s123/', rewrite=True, removeoutliers=True, filepath=['../models/synthetic/s123/random_mc2_n6_mid3_d1000_05_mr098_r10_28.uai'])
2026-02-06 13:18:43,194|INFO|random_mc2_n5_mid3_d1000_05_mr098_r10_87_uai_GDCC_1e-09_n200_roFalse_s0: Arguments: Namespace(method='GDCC_1e-09', numruns='200', seed='0', output='../results/synthetic/s123/', rewrite=True, removeoutliers=False, filepath=['../models/synthetic/s123/random_mc2_n5_mid3_d1000_05_mr098_r10_87.uai'])
2026-02-06 13:18:43,205|INFO|random_mc2_n12_mid3_d1000_05_mr098_r10_154_uai_GDCC_1e-09_n200_roTrue_s0: Arguments: Namespace(method='GDCC_1e-09', numruns='200', seed='0', output='../results/synthetic/s123/', rewrite=True, removeoutliers=True, filepath=['../models/synthetic/s123/random_mc2_n12_mid3_d1000_05_mr098_r10_154.uai'])
2026-02-06 13:18:43,178|INFO|random_mc2_n5_mid3_d1000_05_mr098_r10_44_uai_GDCC_1e-09_n200_roTrue_s0: Loading model from ../models/synthetic/s123/random_mc2_n5_mid3_d1000_05_mr098_r10_44.uai
2026-02-06 13:18:43,188|INFO|random_mc2_n5_mid3_d1000_05_mr098_r10_44_uai_GDCC_1e-09_n200_roTrue_s0: Loading data from ../models/synthetic/s123/random_mc2_n5_mid3_d1000_05_mr098_r10_44.csv
2026-02-06 13:18:43,200|INFO|random_mc2_n5_mid3_d1000_05_mr098_r10_44_uai_GDCC_1e-09_n200_roTrue_s0: PNS(V1,V3) exact: (0.01686, 0.02828)
2026-02-06 13:18:43,184|INFO|random_mc2_n6_mid3_d1000_05_mr098_r10_44_uai_GDCC_1e-09_n200_roFalse_s0: Loading model from ../models/synthetic/s123/random_mc2_n6_mid3_d1000_05_mr098_r10_44.uai
2026-02-06 13:18:43,192|INFO|random_mc2_n6_mid3_d1000_05_mr098_r10_44_uai_GDCC_1e-09_n200_roFalse_s0: Loading data from ../models/synthetic/s123/random_mc2_n6_mid3_d1000_05_mr098_r10_44.csv
2026-02-06 13:18:43,202|INFO|random_mc2_n6_mid3_d1000_05_mr098_r10_44_uai_GDCC_1e-09_n200_roFalse_s0: PNS(V3,V5) exact: (0.0558153164, 0.3842657125)
2026-02-06 13:18:43,188|INFO|random_mc2_n6_mid3_d1000_05_mr098_r10_28_uai_GDCC_1e-09_n200_roTrue_s0: Loading model from ../models/synthetic/s123/random_mc2_n6_mid3_d1000_05_mr098_r10_28.uai
2026-02-06 13:18:43,198|INFO|random_mc2_n6_mid3_d1000_05_mr098_r10_28_uai_GDCC_1e-09_n200_roTrue_s0: Loading data from ../models/synthetic/s123/random_mc2_n6_mid3_d1000_05_mr098_r10_28.csv
2026-02-06 13:18:43,211|INFO|random_mc2_n6_mid3_d1000_05_mr098_r10_28_uai_GDCC_1e-09_n200_roTrue_s0: PNS(V3,V2) exact: (0.36156, 0.53922)
2026-02-06 13:18:43,195|INFO|random_mc2_n5_mid3_d1000_05_mr098_r10_87_uai_GDCC_1e-09_n200_roFalse_s0: Loading model from ../models/synthetic/s123/random_mc2_n5_mid3_d1000_05_mr098_r10_87.uai
2026-02-06 13:18:43,217|INFO|random_mc2_n5_mid3_d1000_05_mr098_r10_87_uai_GDCC_1e-09_n200_roFalse_s0: Loading data from ../models/synthetic/s123/random_mc2_n5_mid3_d1000_05_mr098_r10_87.csv
2026-02-06 13:18:43,206|INFO|random_mc2_n12_mid3_d1000_05_mr098_r10_154_uai_GDCC_1e-09_n200_roTrue_s0: Loading model from ../models/synthetic/s123/random_mc2_n12_mid3_d1000_05_mr098_r10_154.uai
2026-02-06 13:18:43,238|INFO|random_mc2_n12_mid3_d1000_05_mr098_r10_154_uai_GDCC_1e-09_n200_roTrue_s0: Loading data from ../models/synthetic/s123/random_mc2_n12_mid3_d1000_05_mr098_r10_154.csv
2026-02-06 13:18:43,249|INFO|random_mc2_n12_mid3_d1000_05_mr098_r10_154_uai_GDCC_1e-09_n200_roTrue_s0: PNS(V5,V6) exact: (0.0078950452954415, 0.2507379400197757)
2026-02-06 13:18:43,321|INFO|random_mc2_n7_mid3_d1000_05_mr098_r10_170_uai_GDCC_1e-09_n200_roTrue_s0: Arguments: Namespace(method='GDCC_1e-09', numruns='200', seed='0', output='../results/synthetic/s123/', rewrite=True, removeoutliers=True, filepath=['../models/synthetic/s123/random_mc2_n7_mid3_d1000_05_mr098_r10_170.uai'])
2026-02-06 13:18:43,339|INFO|random_mc2_n7_mid3_d1000_05_mr098_r10_68_uai_GDCC_1e-09_n200_roTrue_s0: Arguments: Namespace(method='GDCC_1e-09', numruns='200', seed='0', output='../results/synthetic/s123/', rewrite=True, removeoutliers=True, filepath=['../models/synthetic/s123/random_mc2_n7_mid3_d1000_05_mr098_r10_68.uai'])
2026-02-06 13:18:43,322|INFO|random_mc2_n7_mid3_d1000_05_mr098_r10_170_uai_GDCC_1e-09_n200_roTrue_s0: Loading model from ../models/synthetic/s123/random_mc2_n7_mid3_d1000_05_mr098_r10_170.uai
2026-02-06 13:18:43,332|INFO|random_mc2_n7_mid3_d1000_05_mr098_r10_170_uai_GDCC_1e-09_n200_roTrue_s0: Loading data from ../models/synthetic/s123/random_mc2_n7_mid3_d1000_05_mr098_r10_170.csv
2026-02-06 13:18:43,344|INFO|random_mc2_n7_mid3_d1000_05_mr098_r10_170_uai_GDCC_1e-09_n200_roTrue_s0: PNS(V1,V3) exact: (0.0061237, 0.1216942)
2026-02-06 13:18:43,339|INFO|random_mc2_n7_mid3_d1000_05_mr098_r10_68_uai_GDCC_1e-09_n200_roTrue_s0: Loading model from ../models/synthetic/s123/random_mc2_n7_mid3_d1000_05_mr098_r10_68.uai
2026-02-06 13:18:43,422|INFO|random_mc2_n7_mid3_d1000_05_mr098_r10_68_uai_GDCC_1e-09_n200_roTrue_s0: Loading data from ../models/synthetic/s123/random_mc2_n7_mid3_d1000_05_mr098_r10_68.csv
2026-02-06 13:18:48,278|INFO|random_mc2_n8_mid3_d1000_05_mr098_r10_116_uai_GDCC_1e-09_n200_roFalse_s0: Arguments: Namespace(method='GDCC_1e-09', numruns='200', seed='0', output='../results/synthetic/s123/', rewrite=True, removeoutliers=False, filepath=['../models/synthetic/s123/random_mc2_n8_mid3_d1000_05_mr098_r10_116.uai'])
2026-02-06 13:18:48,278|INFO|random_mc2_n8_mid3_d1000_05_mr098_r10_116_uai_GDCC_1e-09_n200_roFalse_s0: Loading model from ../models/synthetic/s123/random_mc2_n8_mid3_d1000_05_mr098_r10_116.uai
2026-02-06 13:18:48,296|INFO|random_mc2_n8_mid3_d1000_05_mr098_r10_116_uai_GDCC_1e-09_n200_roFalse_s0: Loading data from ../models/synthetic/s123/random_mc2_n8_mid3_d1000_05_mr098_r10_116.csv
2026-02-06 13:18:50,589|INFO|random_mc2_n6_mid3_d1000_05_mr098_r10_107_uai_GDCC_1e-09_n200_roTrue_s0: Arguments: Namespace(method='GDCC_1e-09', numruns='200', seed='0', output='../results/synthetic/s123/', rewrite=True, removeoutliers=True, filepath=['../models/synthetic/s123/random_mc2_n6_mid3_d1000_05_mr098_r10_107.uai'])
2026-02-06 13:18:50,590|INFO|random_mc2_n6_mid3_d1000_05_mr098_r10_107_uai_GDCC_1e-09_n200_roTrue_s0: Loading model from ../models/synthetic/s123/random_mc2_n6_mid3_d1000_05_mr098_r10_107.uai
2026-02-06 13:18:50,602|INFO|random_mc2_n6_mid3_d1000_05_mr098_r10_107_uai_GDCC_1e-09_n200_roTrue_s0: Loading data from ../models/synthetic/s123/random_mc2_n6_mid3_d1000_05_mr098_r10_107.csv
2026-02-06 13:18:50,613|INFO|random_mc2_n6_mid3_d1000_05_mr098_r10_107_uai_GDCC_1e-09_n200_roTrue_s0: PNS(V2,V4) exact: (0.0692122168437381, 0.3642803790180109)
2026-02-06 13:18:54,580|INFO|random_mc2_n5_mid3_d1000_05_mr098_r10_62_uai_GDCC_1e-09_n200_roTrue_s0: Arguments: Namespace(method='GDCC_1e-09', numruns='200', seed='0', output='../results/synthetic/s123/', rewrite=True, removeoutliers=True, filepath=['../models/synthetic/s123/random_mc2_n5_mid3_d1000_05_mr098_r10_62.uai'])
2026-02-06 13:18:54,587|INFO|random_mc2_n5_mid3_d1000_05_mr098_r10_22_uai_GDCC_1e-09_n200_roFalse_s0: Arguments: Namespace(method='GDCC_1e-09', numruns='200', seed='0', output='../results/synthetic/s123/', rewrite=True, removeoutliers=False, filepath=['../models/synthetic/s123/random_mc2_n5_mid3_d1000_05_mr098_r10_22.uai'])
2026-02-06 13:18:54,600|INFO|random_mc2_n7_mid3_d1000_05_mr098_r10_24_uai_GDCC_1e-09_n200_roFalse_s0: Arguments: Namespace(method='GDCC_1e-09', numruns='200', seed='0', output='../results/synthetic/s123/', rewrite=True, removeoutliers=False, filepath=['../models/synthetic/s123/random_mc2_n7_mid3_d1000_05_mr098_r10_24.uai'])
2026-02-06 13:18:54,601|INFO|random_mc2_n5_mid3_d1000_05_mr098_r10_156_uai_GDCC_1e-09_n200_roTrue_s0: Arguments: Namespace(method='GDCC_1e-09', numruns='200', seed='0', output='../results/synthetic/s123/', rewrite=True, removeoutliers=True, filepath=['../models/synthetic/s123/random_mc2_n5_mid3_d1000_05_mr098_r10_156.uai'])
2026-02-06 13:18:54,604|INFO|random_mc2_n7_mid3_d1000_05_mr098_r10_92_uai_GDCC_1e-09_n200_roTrue_s0: Arguments: Namespace(method='GDCC_1e-09', numruns='200', seed='0', output='../results/synthetic/s123/', rewrite=True, removeoutliers=True, filepath=['../models/synthetic/s123/random_mc2_n7_mid3_d1000_05_mr098_r10_92.uai'])
2026-02-06 13:18:54,619|INFO|random_mc2_n7_mid3_d1000_05_mr098_r10_199_uai_GDCC_1e-09_n200_roTrue_s0: Arguments: Namespace(method='GDCC_1e-09', numruns='200', seed='0', output='../results/synthetic/s123/', rewrite=True, removeoutliers=True, filepath=['../models/synthetic/s123/random_mc2_n7_mid3_d1000_05_mr098_r10_199.uai'])
2026-02-06 13:18:54,580|INFO|random_mc2_n5_mid3_d1000_05_mr098_r10_62_uai_GDCC_1e-09_n200_roTrue_s0: Loading model from ../models/synthetic/s123/random_mc2_n5_mid3_d1000_05_mr098_r10_62.uai
2026-02-06 13:18:54,588|INFO|random_mc2_n5_mid3_d1000_05_mr098_r10_62_uai_GDCC_1e-09_n200_roTrue_s0: Loading data from ../models/synthetic/s123/random_mc2_n5_mid3_d1000_05_mr098_r10_62.csv
2026-02-06 13:18:54,603|INFO|random_mc2_n5_mid3_d1000_05_mr098_r10_62_uai_GDCC_1e-09_n200_roTrue_s0: PNS(V2,V4) exact: (0.0, 0.13103)
2026-02-06 13:18:54,587|INFO|random_mc2_n5_mid3_d1000_05_mr098_r10_22_uai_GDCC_1e-09_n200_roFalse_s0: Loading model from ../models/synthetic/s123/random_mc2_n5_mid3_d1000_05_mr098_r10_22.uai
2026-02-06 13:18:54,593|INFO|random_mc2_n5_mid3_d1000_05_mr098_r10_22_uai_GDCC_1e-09_n200_roFalse_s0: Loading data from ../models/synthetic/s123/random_mc2_n5_mid3_d1000_05_mr098_r10_22.csv
2026-02-06 13:18:54,603|INFO|random_mc2_n5_mid3_d1000_05_mr098_r10_22_uai_GDCC_1e-09_n200_roFalse_s0: PNS(V2,V3) exact: (0.01716, 0.07782)
2026-02-06 13:18:54,628|INFO|random_mc2_n6_mid3_d1000_05_mr098_r10_109_uai_GDCC_1e-09_n200_roFalse_s0: Arguments: Namespace(method='GDCC_1e-09', numruns='200', seed='0', output='../results/synthetic/s123/', rewrite=True, removeoutliers=False, filepath=['../models/synthetic/s123/random_mc2_n6_mid3_d1000_05_mr098_r10_109.uai'])
2026-02-06 13:18:54,600|INFO|random_mc2_n7_mid3_d1000_05_mr098_r10_24_uai_GDCC_1e-09_n200_roFalse_s0: Loading model from ../models/synthetic/s123/random_mc2_n7_mid3_d1000_05_mr098_r10_24.uai
2026-02-06 13:18:54,610|INFO|random_mc2_n7_mid3_d1000_05_mr098_r10_24_uai_GDCC_1e-09_n200_roFalse_s0: Loading data from ../models/synthetic/s123/random_mc2_n7_mid3_d1000_05_mr098_r10_24.csv
2026-02-06 13:18:54,619|INFO|random_mc2_n7_mid3_d1000_05_mr098_r10_24_uai_GDCC_1e-09_n200_roFalse_s0: PNS(V3,V2) exact: (0.0, 0.0745211048481239)
2026-02-06 13:18:54,602|INFO|random_mc2_n5_mid3_d1000_05_mr098_r10_156_uai_GDCC_1e-09_n200_roTrue_s0: Loading model from ../models/synthetic/s123/random_mc2_n5_mid3_d1000_05_mr098_r10_156.uai
2026-02-06 13:18:54,606|INFO|random_mc2_n5_mid3_d1000_05_mr098_r10_156_uai_GDCC_1e-09_n200_roTrue_s0: Loading data from ../models/synthetic/s123/random_mc2_n5_mid3_d1000_05_mr098_r10_156.csv
2026-02-06 13:18:54,615|INFO|random_mc2_n5_mid3_d1000_05_mr098_r10_156_uai_GDCC_1e-09_n200_roTrue_s0: PNS(V0,V3) exact: (0.013315773, 0.1754779742999999)
2026-02-06 13:18:54,643|INFO|random_mc2_n9_mid3_d1000_05_mr098_r10_177_uai_GDCC_1e-09_n200_roFalse_s0: Arguments: Namespace(method='GDCC_1e-09', numruns='200', seed='0', output='../results/synthetic/s123/', rewrite=True, removeoutliers=False, filepath=['../models/synthetic/s123/random_mc2_n9_mid3_d1000_05_mr098_r10_177.uai'])
2026-02-06 13:18:54,605|INFO|random_mc2_n7_mid3_d1000_05_mr098_r10_92_uai_GDCC_1e-09_n200_roTrue_s0: Loading model from ../models/synthetic/s123/random_mc2_n7_mid3_d1000_05_mr098_r10_92.uai
2026-02-06 13:18:54,653|INFO|random_mc2_n5_mid3_d1000_05_mr098_r10_198_uai_GDCC_1e-09_n200_roFalse_s0: Arguments: Namespace(method='GDCC_1e-09', numruns='200', seed='0', output='../results/synthetic/s123/', rewrite=True, removeoutliers=False, filepath=['../models/synthetic/s123/random_mc2_n5_mid3_d1000_05_mr098_r10_198.uai'])
2026-02-06 13:18:54,654|INFO|random_mc2_n7_mid3_d1000_05_mr098_r10_96_uai_GDCC_1e-09_n200_roFalse_s0: Arguments: Namespace(method='GDCC_1e-09', numruns='200', seed='0', output='../results/synthetic/s123/', rewrite=True, removeoutliers=False, filepath=['../models/synthetic/s123/random_mc2_n7_mid3_d1000_05_mr098_r10_96.uai'])
2026-02-06 13:18:54,619|INFO|random_mc2_n7_mid3_d1000_05_mr098_r10_199_uai_GDCC_1e-09_n200_roTrue_s0: Loading model from ../models/synthetic/s123/random_mc2_n7_mid3_d1000_05_mr098_r10_199.uai
2026-02-06 13:18:54,626|INFO|random_mc2_n7_mid3_d1000_05_mr098_r10_199_uai_GDCC_1e-09_n200_roTrue_s0: Loading data from ../models/synthetic/s123/random_mc2_n7_mid3_d1000_05_mr098_r10_199.csv
2026-02-06 13:18:54,636|INFO|random_mc2_n7_mid3_d1000_05_mr098_r10_199_uai_GDCC_1e-09_n200_roTrue_s0: PNS(V2,V0) exact: (0.00178489968384, 0.013822421418624)
2026-02-06 13:18:54,628|INFO|random_mc2_n6_mid3_d1000_05_mr098_r10_109_uai_GDCC_1e-09_n200_roFalse_s0: Loading model from ../models/synthetic/s123/random_mc2_n6_mid3_d1000_05_mr098_r10_109.uai
2026-02-06 13:18:54,643|INFO|random_mc2_n9_mid3_d1000_05_mr098_r10_177_uai_GDCC_1e-09_n200_roFalse_s0: Loading model from ../models/synthetic/s123/random_mc2_n9_mid3_d1000_05_mr098_r10_177.uai
2026-02-06 13:18:54,683|INFO|random_mc2_n9_mid3_d1000_05_mr098_r10_192_uai_GDCC_1e-09_n200_roFalse_s0: Arguments: Namespace(method='GDCC_1e-09', numruns='200', seed='0', output='../results/synthetic/s123/', rewrite=True, removeoutliers=False, filepath=['../models/synthetic/s123/random_mc2_n9_mid3_d1000_05_mr098_r10_192.uai'])
2026-02-06 13:18:54,663|INFO|random_mc2_n9_mid3_d1000_05_mr098_r10_177_uai_GDCC_1e-09_n200_roFalse_s0: Loading data from ../models/synthetic/s123/random_mc2_n9_mid3_d1000_05_mr098_r10_177.csv
2026-02-06 13:18:54,654|INFO|random_mc2_n5_mid3_d1000_05_mr098_r10_198_uai_GDCC_1e-09_n200_roFalse_s0: Loading model from ../models/synthetic/s123/random_mc2_n5_mid3_d1000_05_mr098_r10_198.uai
2026-02-06 13:18:54,659|INFO|random_mc2_n5_mid3_d1000_05_mr098_r10_198_uai_GDCC_1e-09_n200_roFalse_s0: Loading data from ../models/synthetic/s123/random_mc2_n5_mid3_d1000_05_mr098_r10_198.csv
2026-02-06 13:18:54,668|INFO|random_mc2_n5_mid3_d1000_05_mr098_r10_198_uai_GDCC_1e-09_n200_roFalse_s0: PNS(V1,V2) exact: (0.0023041834999999, 0.0397455824)
2026-02-06 13:18:54,655|INFO|random_mc2_n7_mid3_d1000_05_mr098_r10_96_uai_GDCC_1e-09_n200_roFalse_s0: Loading model from ../models/synthetic/s123/random_mc2_n7_mid3_d1000_05_mr098_r10_96.uai
2026-02-06 13:18:54,674|INFO|random_mc2_n7_mid3_d1000_05_mr098_r10_96_uai_GDCC_1e-09_n200_roFalse_s0: Loading data from ../models/synthetic/s123/random_mc2_n7_mid3_d1000_05_mr098_r10_96.csv
2026-02-06 13:18:54,701|INFO|random_mc2_n7_mid3_d1000_05_mr098_r10_92_uai_GDCC_1e-09_n200_roTrue_s0: Loading data from ../models/synthetic/s123/random_mc2_n7_mid3_d1000_05_mr098_r10_92.csv
2026-02-06 13:18:54,704|INFO|random_mc2_n5_mid3_d1000_05_mr098_r10_63_uai_GDCC_1e-09_n200_roTrue_s0: Arguments: Namespace(method='GDCC_1e-09', numruns='200', seed='0', output='../results/synthetic/s123/', rewrite=True, removeoutliers=True, filepath=['../models/synthetic/s123/random_mc2_n5_mid3_d1000_05_mr098_r10_63.uai'])
2026-02-06 13:18:54,721|INFO|random_mc2_n6_mid3_d1000_05_mr098_r10_181_uai_GDCC_1e-09_n200_roTrue_s0: Arguments: Namespace(method='GDCC_1e-09', numruns='200', seed='0', output='../results/synthetic/s123/', rewrite=True, removeoutliers=True, filepath=['../models/synthetic/s123/random_mc2_n6_mid3_d1000_05_mr098_r10_181.uai'])
2026-02-06 13:18:54,683|INFO|random_mc2_n9_mid3_d1000_05_mr098_r10_192_uai_GDCC_1e-09_n200_roFalse_s0: Loading model from ../models/synthetic/s123/random_mc2_n9_mid3_d1000_05_mr098_r10_192.uai
2026-02-06 13:18:54,705|INFO|random_mc2_n5_mid3_d1000_05_mr098_r10_63_uai_GDCC_1e-09_n200_roTrue_s0: Loading model from ../models/synthetic/s123/random_mc2_n5_mid3_d1000_05_mr098_r10_63.uai
2026-02-06 13:18:54,709|INFO|random_mc2_n5_mid3_d1000_05_mr098_r10_63_uai_GDCC_1e-09_n200_roTrue_s0: Loading data from ../models/synthetic/s123/random_mc2_n5_mid3_d1000_05_mr098_r10_63.csv
2026-02-06 13:18:54,720|INFO|random_mc2_n5_mid3_d1000_05_mr098_r10_63_uai_GDCC_1e-09_n200_roTrue_s0: PNS(V4,V1) exact: (0.0, 0.1702281)
2026-02-06 13:18:54,746|INFO|random_mc2_n9_mid3_d1000_05_mr098_r10_192_uai_GDCC_1e-09_n200_roFalse_s0: Loading data from ../models/synthetic/s123/random_mc2_n9_mid3_d1000_05_mr098_r10_192.csv
2026-02-06 13:18:54,752|INFO|random_mc2_n8_mid3_d1000_05_mr098_r10_125_uai_GDCC_1e-09_n200_roTrue_s0: Arguments: Namespace(method='GDCC_1e-09', numruns='200', seed='0', output='../results/synthetic/s123/', rewrite=True, removeoutliers=True, filepath=['../models/synthetic/s123/random_mc2_n8_mid3_d1000_05_mr098_r10_125.uai'])
2026-02-06 13:18:54,721|INFO|random_mc2_n6_mid3_d1000_05_mr098_r10_181_uai_GDCC_1e-09_n200_roTrue_s0: Loading model from ../models/synthetic/s123/random_mc2_n6_mid3_d1000_05_mr098_r10_181.uai
2026-02-06 13:18:54,731|INFO|random_mc2_n6_mid3_d1000_05_mr098_r10_181_uai_GDCC_1e-09_n200_roTrue_s0: Loading data from ../models/synthetic/s123/random_mc2_n6_mid3_d1000_05_mr098_r10_181.csv
2026-02-06 13:18:54,752|INFO|random_mc2_n8_mid3_d1000_05_mr098_r10_125_uai_GDCC_1e-09_n200_roTrue_s0: Loading model from ../models/synthetic/s123/random_mc2_n8_mid3_d1000_05_mr098_r10_125.uai
2026-02-06 13:18:54,837|INFO|random_mc2_n6_mid3_d1000_05_mr098_r10_109_uai_GDCC_1e-09_n200_roFalse_s0: Loading data from ../models/synthetic/s123/random_mc2_n6_mid3_d1000_05_mr098_r10_109.csv
2026-02-06 13:18:54,848|INFO|random_mc2_n6_mid3_d1000_05_mr098_r10_36_uai_GDCC_1e-09_n200_roTrue_s0: Arguments: Namespace(method='GDCC_1e-09', numruns='200', seed='0', output='../results/synthetic/s123/', rewrite=True, removeoutliers=True, filepath=['../models/synthetic/s123/random_mc2_n6_mid3_d1000_05_mr098_r10_36.uai'])
2026-02-06 13:18:54,858|INFO|random_mc2_n5_mid3_d1000_05_mr098_r10_157_uai_GDCC_1e-09_n200_roFalse_s0: Arguments: Namespace(method='GDCC_1e-09', numruns='200', seed='0', output='../results/synthetic/s123/', rewrite=True, removeoutliers=False, filepath=['../models/synthetic/s123/random_mc2_n5_mid3_d1000_05_mr098_r10_157.uai'])
2026-02-06 13:18:54,864|INFO|random_mc2_n7_mid3_d1000_05_mr098_r10_90_uai_GDCC_1e-09_n200_roTrue_s0: Arguments: Namespace(method='GDCC_1e-09', numruns='200', seed='0', output='../results/synthetic/s123/', rewrite=True, removeoutliers=True, filepath=['../models/synthetic/s123/random_mc2_n7_mid3_d1000_05_mr098_r10_90.uai'])
2026-02-06 13:18:54,870|INFO|random_mc2_n8_mid3_d1000_05_mr098_r10_125_uai_GDCC_1e-09_n200_roFalse_s0: Arguments: Namespace(method='GDCC_1e-09', numruns='200', seed='0', output='../results/synthetic/s123/', rewrite=True, removeoutliers=False, filepath=['../models/synthetic/s123/random_mc2_n8_mid3_d1000_05_mr098_r10_125.uai'])
2026-02-06 13:18:54,848|INFO|random_mc2_n6_mid3_d1000_05_mr098_r10_36_uai_GDCC_1e-09_n200_roTrue_s0: Loading model from ../models/synthetic/s123/random_mc2_n6_mid3_d1000_05_mr098_r10_36.uai
2026-02-06 13:18:54,861|INFO|random_mc2_n6_mid3_d1000_05_mr098_r10_36_uai_GDCC_1e-09_n200_roTrue_s0: Loading data from ../models/synthetic/s123/random_mc2_n6_mid3_d1000_05_mr098_r10_36.csv
2026-02-06 13:18:54,871|INFO|random_mc2_n6_mid3_d1000_05_mr098_r10_36_uai_GDCC_1e-09_n200_roTrue_s0: PNS(V1,V4) exact: (0.0029094796518842, 0.0163840107745321)
2026-02-06 13:18:54,858|INFO|random_mc2_n5_mid3_d1000_05_mr098_r10_157_uai_GDCC_1e-09_n200_roFalse_s0: Loading model from ../models/synthetic/s123/random_mc2_n5_mid3_d1000_05_mr098_r10_157.uai
2026-02-06 13:18:54,866|INFO|random_mc2_n5_mid3_d1000_05_mr098_r10_157_uai_GDCC_1e-09_n200_roFalse_s0: Loading data from ../models/synthetic/s123/random_mc2_n5_mid3_d1000_05_mr098_r10_157.csv
2026-02-06 13:18:54,865|INFO|random_mc2_n7_mid3_d1000_05_mr098_r10_90_uai_GDCC_1e-09_n200_roTrue_s0: Loading model from ../models/synthetic/s123/random_mc2_n7_mid3_d1000_05_mr098_r10_90.uai
2026-02-06 13:18:54,876|INFO|random_mc2_n7_mid3_d1000_05_mr098_r10_90_uai_GDCC_1e-09_n200_roTrue_s0: Loading data from ../models/synthetic/s123/random_mc2_n7_mid3_d1000_05_mr098_r10_90.csv
2026-02-06 13:18:54,870|INFO|random_mc2_n8_mid3_d1000_05_mr098_r10_125_uai_GDCC_1e-09_n200_roFalse_s0: Loading model from ../models/synthetic/s123/random_mc2_n8_mid3_d1000_05_mr098_r10_125.uai
2026-02-06 13:18:54,969|INFO|random_mc2_n8_mid3_d1000_05_mr098_r10_125_uai_GDCC_1e-09_n200_roTrue_s0: Loading data from ../models/synthetic/s123/random_mc2_n8_mid3_d1000_05_mr098_r10_125.csv
2026-02-06 13:18:55,085|INFO|random_mc2_n8_mid3_d1000_05_mr098_r10_125_uai_GDCC_1e-09_n200_roFalse_s0: Loading data from ../models/synthetic/s123/random_mc2_n8_mid3_d1000_05_mr098_r10_125.csv
2026-02-06 13:18:56,013|INFO|random_mc2_n5_mid3_d1000_05_mr098_r10_34_uai_GDCC_1e-09_n200_roFalse_s0: Arguments: Namespace(method='GDCC_1e-09', numruns='200', seed='0', output='../results/synthetic/s123/', rewrite=True, removeoutliers=False, filepath=['../models/synthetic/s123/random_mc2_n5_mid3_d1000_05_mr098_r10_34.uai'])
2026-02-06 13:18:56,032|INFO|random_mc2_n6_mid3_d1000_05_mr098_r10_19_uai_GDCC_1e-09_n200_roFalse_s0: Arguments: Namespace(method='GDCC_1e-09', numruns='200', seed='0', output='../results/synthetic/s123/', rewrite=True, removeoutliers=False, filepath=['../models/synthetic/s123/random_mc2_n6_mid3_d1000_05_mr098_r10_19.uai'])
2026-02-06 13:18:56,013|INFO|random_mc2_n5_mid3_d1000_05_mr098_r10_34_uai_GDCC_1e-09_n200_roFalse_s0: Loading model from ../models/synthetic/s123/random_mc2_n5_mid3_d1000_05_mr098_r10_34.uai
2026-02-06 13:18:56,019|INFO|random_mc2_n5_mid3_d1000_05_mr098_r10_34_uai_GDCC_1e-09_n200_roFalse_s0: Loading data from ../models/synthetic/s123/random_mc2_n5_mid3_d1000_05_mr098_r10_34.csv
2026-02-06 13:18:56,028|INFO|random_mc2_n5_mid3_d1000_05_mr098_r10_34_uai_GDCC_1e-09_n200_roFalse_s0: PNS(V0,V3) exact: (0.41137714, 0.41137714)
2026-02-06 13:18:56,032|INFO|random_mc2_n6_mid3_d1000_05_mr098_r10_19_uai_GDCC_1e-09_n200_roFalse_s0: Loading model from ../models/synthetic/s123/random_mc2_n6_mid3_d1000_05_mr098_r10_19.uai
2026-02-06 13:18:56,121|INFO|random_mc2_n6_mid3_d1000_05_mr098_r10_173_uai_GDCC_1e-09_n200_roFalse_s0: Arguments: Namespace(method='GDCC_1e-09', numruns='200', seed='0', output='../results/synthetic/s123/', rewrite=True, removeoutliers=False, filepath=['../models/synthetic/s123/random_mc2_n6_mid3_d1000_05_mr098_r10_173.uai'])
2026-02-06 13:18:56,145|INFO|random_mc2_n6_mid3_d1000_05_mr098_r10_113_uai_GDCC_1e-09_n200_roTrue_s0: Arguments: Namespace(method='GDCC_1e-09', numruns='200', seed='0', output='../results/synthetic/s123/', rewrite=True, removeoutliers=True, filepath=['../models/synthetic/s123/random_mc2_n6_mid3_d1000_05_mr098_r10_113.uai'])
2026-02-06 13:18:56,147|INFO|random_mc2_n5_mid3_d1000_05_mr098_r10_4_uai_GDCC_1e-09_n200_roTrue_s0: Arguments: Namespace(method='GDCC_1e-09', numruns='200', seed='0', output='../results/synthetic/s123/', rewrite=True, removeoutliers=True, filepath=['../models/synthetic/s123/random_mc2_n5_mid3_d1000_05_mr098_r10_4.uai'])
2026-02-06 13:18:56,121|INFO|random_mc2_n6_mid3_d1000_05_mr098_r10_173_uai_GDCC_1e-09_n200_roFalse_s0: Loading model from ../models/synthetic/s123/random_mc2_n6_mid3_d1000_05_mr098_r10_173.uai
2026-02-06 13:18:56,133|INFO|random_mc2_n6_mid3_d1000_05_mr098_r10_173_uai_GDCC_1e-09_n200_roFalse_s0: Loading data from ../models/synthetic/s123/random_mc2_n6_mid3_d1000_05_mr098_r10_173.csv
2026-02-06 13:18:56,143|INFO|random_mc2_n6_mid3_d1000_05_mr098_r10_173_uai_GDCC_1e-09_n200_roFalse_s0: PNS(V0,V1) exact: (0.1087817342113937, 0.3199727789499366)
2026-02-06 13:18:56,145|INFO|random_mc2_n6_mid3_d1000_05_mr098_r10_113_uai_GDCC_1e-09_n200_roTrue_s0: Loading model from ../models/synthetic/s123/random_mc2_n6_mid3_d1000_05_mr098_r10_113.uai
2026-02-06 13:18:56,155|INFO|random_mc2_n6_mid3_d1000_05_mr098_r10_113_uai_GDCC_1e-09_n200_roTrue_s0: Loading data from ../models/synthetic/s123/random_mc2_n6_mid3_d1000_05_mr098_r10_113.csv
2026-02-06 13:18:56,147|INFO|random_mc2_n5_mid3_d1000_05_mr098_r10_4_uai_GDCC_1e-09_n200_roTrue_s0: Loading model from ../models/synthetic/s123/random_mc2_n5_mid3_d1000_05_mr098_r10_4.uai
2026-02-06 13:18:56,152|INFO|random_mc2_n5_mid3_d1000_05_mr098_r10_4_uai_GDCC_1e-09_n200_roTrue_s0: Loading data from ../models/synthetic/s123/random_mc2_n5_mid3_d1000_05_mr098_r10_4.csv
2026-02-06 13:18:56,162|INFO|random_mc2_n5_mid3_d1000_05_mr098_r10_4_uai_GDCC_1e-09_n200_roTrue_s0: PNS(V1,V3) exact: (0.008115440172339, 0.040113058343352)
2026-02-06 13:18:56,203|INFO|random_mc2_n6_mid3_d1000_05_mr098_r10_115_uai_GDCC_1e-09_n200_roFalse_s0: Arguments: Namespace(method='GDCC_1e-09', numruns='200', seed='0', output='../results/synthetic/s123/', rewrite=True, removeoutliers=False, filepath=['../models/synthetic/s123/random_mc2_n6_mid3_d1000_05_mr098_r10_115.uai'])
2026-02-06 13:18:56,220|INFO|random_mc2_n9_mid3_d1000_05_mr098_r10_134_uai_GDCC_1e-09_n200_roFalse_s0: Arguments: Namespace(method='GDCC_1e-09', numruns='200', seed='0', output='../results/synthetic/s123/', rewrite=True, removeoutliers=False, filepath=['../models/synthetic/s123/random_mc2_n9_mid3_d1000_05_mr098_r10_134.uai'])
2026-02-06 13:18:56,229|INFO|random_mc2_n5_mid3_d1000_05_mr098_r10_105_uai_GDCC_1e-09_n200_roTrue_s0: Arguments: Namespace(method='GDCC_1e-09', numruns='200', seed='0', output='../results/synthetic/s123/', rewrite=True, removeoutliers=True, filepath=['../models/synthetic/s123/random_mc2_n5_mid3_d1000_05_mr098_r10_105.uai'])
2026-02-06 13:18:56,203|INFO|random_mc2_n6_mid3_d1000_05_mr098_r10_115_uai_GDCC_1e-09_n200_roFalse_s0: Loading model from ../models/synthetic/s123/random_mc2_n6_mid3_d1000_05_mr098_r10_115.uai
2026-02-06 13:18:56,219|INFO|random_mc2_n6_mid3_d1000_05_mr098_r10_115_uai_GDCC_1e-09_n200_roFalse_s0: Loading data from ../models/synthetic/s123/random_mc2_n6_mid3_d1000_05_mr098_r10_115.csv
2026-02-06 13:18:56,220|INFO|random_mc2_n9_mid3_d1000_05_mr098_r10_134_uai_GDCC_1e-09_n200_roFalse_s0: Loading model from ../models/synthetic/s123/random_mc2_n9_mid3_d1000_05_mr098_r10_134.uai
2026-02-06 13:18:56,264|INFO|random_mc2_n6_mid3_d1000_05_mr098_r10_19_uai_GDCC_1e-09_n200_roFalse_s0: Loading data from ../models/synthetic/s123/random_mc2_n6_mid3_d1000_05_mr098_r10_19.csv
2026-02-06 13:18:56,268|INFO|random_mc2_n9_mid3_d1000_05_mr098_r10_141_uai_GDCC_1e-09_n200_roTrue_s0: Arguments: Namespace(method='GDCC_1e-09', numruns='200', seed='0', output='../results/synthetic/s123/', rewrite=True, removeoutliers=True, filepath=['../models/synthetic/s123/random_mc2_n9_mid3_d1000_05_mr098_r10_141.uai'])
2026-02-06 13:18:56,229|INFO|random_mc2_n5_mid3_d1000_05_mr098_r10_105_uai_GDCC_1e-09_n200_roTrue_s0: Loading model from ../models/synthetic/s123/random_mc2_n5_mid3_d1000_05_mr098_r10_105.uai
2026-02-06 13:18:56,236|INFO|random_mc2_n5_mid3_d1000_05_mr098_r10_105_uai_GDCC_1e-09_n200_roTrue_s0: Loading data from ../models/synthetic/s123/random_mc2_n5_mid3_d1000_05_mr098_r10_105.csv
2026-02-06 13:18:56,269|INFO|random_mc2_n9_mid3_d1000_05_mr098_r10_141_uai_GDCC_1e-09_n200_roTrue_s0: Loading model from ../models/synthetic/s123/random_mc2_n9_mid3_d1000_05_mr098_r10_141.uai
2026-02-06 13:18:56,282|INFO|random_mc2_n9_mid3_d1000_05_mr098_r10_141_uai_GDCC_1e-09_n200_roTrue_s0: Loading data from ../models/synthetic/s123/random_mc2_n9_mid3_d1000_05_mr098_r10_141.csv
2026-02-06 13:18:56,365|INFO|random_mc2_n7_mid3_d1000_05_mr098_r10_90_uai_GDCC_1e-09_n200_roFalse_s0: Arguments: Namespace(method='GDCC_1e-09', numruns='200', seed='0', output='../results/synthetic/s123/', rewrite=True, removeoutliers=False, filepath=['../models/synthetic/s123/random_mc2_n7_mid3_d1000_05_mr098_r10_90.uai'])
2026-02-06 13:18:56,366|INFO|random_mc2_n7_mid3_d1000_05_mr098_r10_90_uai_GDCC_1e-09_n200_roFalse_s0: Loading model from ../models/synthetic/s123/random_mc2_n7_mid3_d1000_05_mr098_r10_90.uai
2026-02-06 13:18:56,377|INFO|random_mc2_n7_mid3_d1000_05_mr098_r10_90_uai_GDCC_1e-09_n200_roFalse_s0: Loading data from ../models/synthetic/s123/random_mc2_n7_mid3_d1000_05_mr098_r10_90.csv
2026-02-06 13:18:56,448|INFO|random_mc2_n9_mid3_d1000_05_mr098_r10_134_uai_GDCC_1e-09_n200_roFalse_s0: Loading data from ../models/synthetic/s123/random_mc2_n9_mid3_d1000_05_mr098_r10_134.csv
2026-02-06 13:18:58,670|INFO|random_mc2_n5_mid3_d1000_05_mr098_r10_71_uai_GDCC_1e-09_n200_roTrue_s0: Arguments: Namespace(method='GDCC_1e-09', numruns='200', seed='0', output='../results/synthetic/s123/', rewrite=True, removeoutliers=True, filepath=['../models/synthetic/s123/random_mc2_n5_mid3_d1000_05_mr098_r10_71.uai'])
2026-02-06 13:18:58,670|INFO|random_mc2_n5_mid3_d1000_05_mr098_r10_71_uai_GDCC_1e-09_n200_roTrue_s0: Loading model from ../models/synthetic/s123/random_mc2_n5_mid3_d1000_05_mr098_r10_71.uai
2026-02-06 13:18:58,674|INFO|random_mc2_n5_mid3_d1000_05_mr098_r10_71_uai_GDCC_1e-09_n200_roTrue_s0: Loading data from ../models/synthetic/s123/random_mc2_n5_mid3_d1000_05_mr098_r10_71.csv
2026-02-06 13:18:58,685|INFO|random_mc2_n5_mid3_d1000_05_mr098_r10_71_uai_GDCC_1e-09_n200_roTrue_s0: PNS(V1,V0) exact: (0.0, 0.0786183533)
2026-02-06 13:19:01,133|INFO|random_mc2_n5_mid3_d1000_05_mr098_r10_15_uai_GDCC_1e-09_n200_roTrue_s0: Arguments: Namespace(method='GDCC_1e-09', numruns='200', seed='0', output='../results/synthetic/s123/', rewrite=True, removeoutliers=True, filepath=['../models/synthetic/s123/random_mc2_n5_mid3_d1000_05_mr098_r10_15.uai'])
2026-02-06 13:19:01,133|INFO|random_mc2_n5_mid3_d1000_05_mr098_r10_15_uai_GDCC_1e-09_n200_roTrue_s0: Loading model from ../models/synthetic/s123/random_mc2_n5_mid3_d1000_05_mr098_r10_15.uai
2026-02-06 13:19:01,144|INFO|random_mc2_n5_mid3_d1000_05_mr098_r10_15_uai_GDCC_1e-09_n200_roTrue_s0: Loading data from ../models/synthetic/s123/random_mc2_n5_mid3_d1000_05_mr098_r10_15.csv
2026-02-06 13:19:01,156|INFO|random_mc2_n5_mid3_d1000_05_mr098_r10_15_uai_GDCC_1e-09_n200_roTrue_s0: PNS(V1,V2) exact: (0.190870353918592, 0.3460951275809139)
2026-02-06 13:19:07,787|INFO|random_mc2_n5_mid3_d1000_05_mr098_r10_193_uai_GDCC_1e-09_n200_roTrue_s0: Arguments: Namespace(method='GDCC_1e-09', numruns='200', seed='0', output='../results/synthetic/s123/', rewrite=True, removeoutliers=True, filepath=['../models/synthetic/s123/random_mc2_n5_mid3_d1000_05_mr098_r10_193.uai'])
2026-02-06 13:19:07,788|INFO|random_mc2_n5_mid3_d1000_05_mr098_r10_193_uai_GDCC_1e-09_n200_roTrue_s0: Loading model from ../models/synthetic/s123/random_mc2_n5_mid3_d1000_05_mr098_r10_193.uai
2026-02-06 13:19:07,797|INFO|random_mc2_n5_mid3_d1000_05_mr098_r10_193_uai_GDCC_1e-09_n200_roTrue_s0: Loading data from ../models/synthetic/s123/random_mc2_n5_mid3_d1000_05_mr098_r10_193.csv
2026-02-06 13:19:07,937|INFO|random_mc2_n5_mid3_d1000_05_mr098_r10_140_uai_GDCC_1e-09_n200_roTrue_s0: Arguments: Namespace(method='GDCC_1e-09', numruns='200', seed='0', output='../results/synthetic/s123/', rewrite=True, removeoutliers=True, filepath=['../models/synthetic/s123/random_mc2_n5_mid3_d1000_05_mr098_r10_140.uai'])
2026-02-06 13:19:07,947|INFO|random_mc2_n9_mid3_d1000_05_mr098_r10_162_uai_GDCC_1e-09_n200_roTrue_s0: Arguments: Namespace(method='GDCC_1e-09', numruns='200', seed='0', output='../results/synthetic/s123/', rewrite=True, removeoutliers=True, filepath=['../models/synthetic/s123/random_mc2_n9_mid3_d1000_05_mr098_r10_162.uai'])
2026-02-06 13:19:07,953|INFO|random_mc2_n5_mid3_d1000_05_mr098_r10_104_uai_GDCC_1e-09_n200_roTrue_s0: Arguments: Namespace(method='GDCC_1e-09', numruns='200', seed='0', output='../results/synthetic/s123/', rewrite=True, removeoutliers=True, filepath=['../models/synthetic/s123/random_mc2_n5_mid3_d1000_05_mr098_r10_104.uai'])
2026-02-06 13:19:07,937|INFO|random_mc2_n5_mid3_d1000_05_mr098_r10_140_uai_GDCC_1e-09_n200_roTrue_s0: Loading model from ../models/synthetic/s123/random_mc2_n5_mid3_d1000_05_mr098_r10_140.uai
2026-02-06 13:19:07,943|INFO|random_mc2_n5_mid3_d1000_05_mr098_r10_140_uai_GDCC_1e-09_n200_roTrue_s0: Loading data from ../models/synthetic/s123/random_mc2_n5_mid3_d1000_05_mr098_r10_140.csv
2026-02-06 13:19:07,953|INFO|random_mc2_n5_mid3_d1000_05_mr098_r10_140_uai_GDCC_1e-09_n200_roTrue_s0: PNS(V1,V4) exact: (0.06441808679475, 0.469169366245215)
2026-02-06 13:19:07,947|INFO|random_mc2_n9_mid3_d1000_05_mr098_r10_162_uai_GDCC_1e-09_n200_roTrue_s0: Loading model from ../models/synthetic/s123/random_mc2_n9_mid3_d1000_05_mr098_r10_162.uai
2026-02-06 13:19:07,953|INFO|random_mc2_n5_mid3_d1000_05_mr098_r10_104_uai_GDCC_1e-09_n200_roTrue_s0: Loading model from ../models/synthetic/s123/random_mc2_n5_mid3_d1000_05_mr098_r10_104.uai
2026-02-06 13:19:07,958|INFO|random_mc2_n5_mid3_d1000_05_mr098_r10_104_uai_GDCC_1e-09_n200_roTrue_s0: Loading data from ../models/synthetic/s123/random_mc2_n5_mid3_d1000_05_mr098_r10_104.csv
2026-02-06 13:19:07,966|INFO|random_mc2_n5_mid3_d1000_05_mr098_r10_104_uai_GDCC_1e-09_n200_roTrue_s0: PNS(V3,V4) exact: (0.12079, 0.5248300000000001)
2026-02-06 13:19:08,081|INFO|random_mc2_n5_mid3_d1000_05_mr098_r10_45_uai_GDCC_1e-09_n200_roFalse_s0: Arguments: Namespace(method='GDCC_1e-09', numruns='200', seed='0', output='../results/synthetic/s123/', rewrite=True, removeoutliers=False, filepath=['../models/synthetic/s123/random_mc2_n5_mid3_d1000_05_mr098_r10_45.uai'])
2026-02-06 13:19:08,119|INFO|random_mc2_n5_mid3_d1000_05_mr098_r10_85_uai_GDCC_1e-09_n200_roTrue_s0: Arguments: Namespace(method='GDCC_1e-09', numruns='200', seed='0', output='../results/synthetic/s123/', rewrite=True, removeoutliers=True, filepath=['../models/synthetic/s123/random_mc2_n5_mid3_d1000_05_mr098_r10_85.uai'])
2026-02-06 13:19:08,081|INFO|random_mc2_n5_mid3_d1000_05_mr098_r10_45_uai_GDCC_1e-09_n200_roFalse_s0: Loading model from ../models/synthetic/s123/random_mc2_n5_mid3_d1000_05_mr098_r10_45.uai
2026-02-06 13:19:08,090|INFO|random_mc2_n5_mid3_d1000_05_mr098_r10_45_uai_GDCC_1e-09_n200_roFalse_s0: Loading data from ../models/synthetic/s123/random_mc2_n5_mid3_d1000_05_mr098_r10_45.csv
2026-02-06 13:19:08,098|INFO|random_mc2_n5_mid3_d1000_05_mr098_r10_45_uai_GDCC_1e-09_n200_roFalse_s0: PNS(V1,V2) exact: (0.0940954230999999, 0.5326951514)
2026-02-06 13:19:08,129|INFO|random_mc2_n6_mid3_d1000_05_mr098_r10_25_uai_GDCC_1e-09_n200_roTrue_s0: Arguments: Namespace(method='GDCC_1e-09', numruns='200', seed='0', output='../results/synthetic/s123/', rewrite=True, removeoutliers=True, filepath=['../models/synthetic/s123/random_mc2_n6_mid3_d1000_05_mr098_r10_25.uai'])
2026-02-06 13:19:08,154|INFO|random_mc2_n8_mid3_d1000_05_mr098_r10_63_uai_GDCC_1e-09_n200_roTrue_s0: Arguments: Namespace(method='GDCC_1e-09', numruns='200', seed='0', output='../results/synthetic/s123/', rewrite=True, removeoutliers=True, filepath=['../models/synthetic/s123/random_mc2_n8_mid3_d1000_05_mr098_r10_63.uai'])
2026-02-06 13:19:08,119|INFO|random_mc2_n5_mid3_d1000_05_mr098_r10_85_uai_GDCC_1e-09_n200_roTrue_s0: Loading model from ../models/synthetic/s123/random_mc2_n5_mid3_d1000_05_mr098_r10_85.uai
2026-02-06 13:19:08,133|INFO|random_mc2_n5_mid3_d1000_05_mr098_r10_85_uai_GDCC_1e-09_n200_roTrue_s0: Loading data from ../models/synthetic/s123/random_mc2_n5_mid3_d1000_05_mr098_r10_85.csv
2026-02-06 13:19:08,160|INFO|random_mc2_n6_mid3_d1000_05_mr098_r10_105_uai_GDCC_1e-09_n200_roFalse_s0: Arguments: Namespace(method='GDCC_1e-09', numruns='200', seed='0', output='../results/synthetic/s123/', rewrite=True, removeoutliers=False, filepath=['../models/synthetic/s123/random_mc2_n6_mid3_d1000_05_mr098_r10_105.uai'])
2026-02-06 13:19:08,129|INFO|random_mc2_n6_mid3_d1000_05_mr098_r10_25_uai_GDCC_1e-09_n200_roTrue_s0: Loading model from ../models/synthetic/s123/random_mc2_n6_mid3_d1000_05_mr098_r10_25.uai
2026-02-06 13:19:08,159|INFO|random_mc2_n6_mid3_d1000_05_mr098_r10_25_uai_GDCC_1e-09_n200_roTrue_s0: Loading data from ../models/synthetic/s123/random_mc2_n6_mid3_d1000_05_mr098_r10_25.csv
2026-02-06 13:19:08,171|INFO|random_mc2_n6_mid3_d1000_05_mr098_r10_135_uai_GDCC_1e-09_n200_roFalse_s0: Arguments: Namespace(method='GDCC_1e-09', numruns='200', seed='0', output='../results/synthetic/s123/', rewrite=True, removeoutliers=False, filepath=['../models/synthetic/s123/random_mc2_n6_mid3_d1000_05_mr098_r10_135.uai'])
2026-02-06 13:19:08,172|INFO|random_mc2_n9_mid3_d1000_05_mr098_r10_166_uai_GDCC_1e-09_n200_roTrue_s0: Arguments: Namespace(method='GDCC_1e-09', numruns='200', seed='0', output='../results/synthetic/s123/', rewrite=True, removeoutliers=True, filepath=['../models/synthetic/s123/random_mc2_n9_mid3_d1000_05_mr098_r10_166.uai'])
2026-02-06 13:19:08,184|INFO|random_mc2_n8_mid3_d1000_05_mr098_r10_131_uai_GDCC_1e-09_n200_roFalse_s0: Arguments: Namespace(method='GDCC_1e-09', numruns='200', seed='0', output='../results/synthetic/s123/', rewrite=True, removeoutliers=False, filepath=['../models/synthetic/s123/random_mc2_n8_mid3_d1000_05_mr098_r10_131.uai'])
2026-02-06 13:19:08,154|INFO|random_mc2_n8_mid3_d1000_05_mr098_r10_63_uai_GDCC_1e-09_n200_roTrue_s0: Loading model from ../models/synthetic/s123/random_mc2_n8_mid3_d1000_05_mr098_r10_63.uai
2026-02-06 13:19:08,167|INFO|random_mc2_n8_mid3_d1000_05_mr098_r10_63_uai_GDCC_1e-09_n200_roTrue_s0: Loading data from ../models/synthetic/s123/random_mc2_n8_mid3_d1000_05_mr098_r10_63.csv
2026-02-06 13:19:08,177|INFO|random_mc2_n8_mid3_d1000_05_mr098_r10_63_uai_GDCC_1e-09_n200_roTrue_s0: PNS(V1,V6) exact: (0.0, 0.122153736431654)
2026-02-06 13:19:08,160|INFO|random_mc2_n6_mid3_d1000_05_mr098_r10_105_uai_GDCC_1e-09_n200_roFalse_s0: Loading model from ../models/synthetic/s123/random_mc2_n6_mid3_d1000_05_mr098_r10_105.uai
2026-02-06 13:19:08,177|INFO|random_mc2_n6_mid3_d1000_05_mr098_r10_105_uai_GDCC_1e-09_n200_roFalse_s0: Loading data from ../models/synthetic/s123/random_mc2_n6_mid3_d1000_05_mr098_r10_105.csv
2026-02-06 13:19:08,189|INFO|random_mc2_n6_mid3_d1000_05_mr098_r10_105_uai_GDCC_1e-09_n200_roFalse_s0: PNS(V3,V4) exact: (0.491766269274686, 0.586709709951746)
2026-02-06 13:19:08,172|INFO|random_mc2_n6_mid3_d1000_05_mr098_r10_135_uai_GDCC_1e-09_n200_roFalse_s0: Loading model from ../models/synthetic/s123/random_mc2_n6_mid3_d1000_05_mr098_r10_135.uai
2026-02-06 13:19:08,180|INFO|random_mc2_n6_mid3_d1000_05_mr098_r10_135_uai_GDCC_1e-09_n200_roFalse_s0: Loading data from ../models/synthetic/s123/random_mc2_n6_mid3_d1000_05_mr098_r10_135.csv
2026-02-06 13:19:08,173|INFO|random_mc2_n9_mid3_d1000_05_mr098_r10_166_uai_GDCC_1e-09_n200_roTrue_s0: Loading model from ../models/synthetic/s123/random_mc2_n9_mid3_d1000_05_mr098_r10_166.uai
2026-02-06 13:19:08,194|INFO|random_mc2_n9_mid3_d1000_05_mr098_r10_166_uai_GDCC_1e-09_n200_roTrue_s0: Loading data from ../models/synthetic/s123/random_mc2_n9_mid3_d1000_05_mr098_r10_166.csv
2026-02-06 13:19:08,184|INFO|random_mc2_n8_mid3_d1000_05_mr098_r10_131_uai_GDCC_1e-09_n200_roFalse_s0: Loading model from ../models/synthetic/s123/random_mc2_n8_mid3_d1000_05_mr098_r10_131.uai
2026-02-06 13:19:08,199|INFO|random_mc2_n8_mid3_d1000_05_mr098_r10_131_uai_GDCC_1e-09_n200_roFalse_s0: Loading data from ../models/synthetic/s123/random_mc2_n8_mid3_d1000_05_mr098_r10_131.csv
2026-02-06 13:19:08,209|INFO|random_mc2_n8_mid3_d1000_05_mr098_r10_131_uai_GDCC_1e-09_n200_roFalse_s0: PNS(V2,V4) exact: (0.0110083727479793, 0.2116947943241336)
2026-02-06 13:19:08,242|INFO|random_mc2_n6_mid3_d1000_05_mr098_r10_22_uai_GDCC_1e-09_n200_roTrue_s0: Arguments: Namespace(method='GDCC_1e-09', numruns='200', seed='0', output='../results/synthetic/s123/', rewrite=True, removeoutliers=True, filepath=['../models/synthetic/s123/random_mc2_n6_mid3_d1000_05_mr098_r10_22.uai'])
2026-02-06 13:19:08,256|INFO|random_mc2_n9_mid3_d1000_05_mr098_r10_10_uai_GDCC_1e-09_n200_roFalse_s0: Arguments: Namespace(method='GDCC_1e-09', numruns='200', seed='0', output='../results/synthetic/s123/', rewrite=True, removeoutliers=False, filepath=['../models/synthetic/s123/random_mc2_n9_mid3_d1000_05_mr098_r10_10.uai'])
2026-02-06 13:19:08,270|INFO|random_mc2_n7_mid3_d1000_05_mr098_r10_97_uai_GDCC_1e-09_n200_roFalse_s0: Arguments: Namespace(method='GDCC_1e-09', numruns='200', seed='0', output='../results/synthetic/s123/', rewrite=True, removeoutliers=False, filepath=['../models/synthetic/s123/random_mc2_n7_mid3_d1000_05_mr098_r10_97.uai'])
2026-02-06 13:19:08,243|INFO|random_mc2_n6_mid3_d1000_05_mr098_r10_22_uai_GDCC_1e-09_n200_roTrue_s0: Loading model from ../models/synthetic/s123/random_mc2_n6_mid3_d1000_05_mr098_r10_22.uai
2026-02-06 13:19:08,252|INFO|random_mc2_n6_mid3_d1000_05_mr098_r10_22_uai_GDCC_1e-09_n200_roTrue_s0: Loading data from ../models/synthetic/s123/random_mc2_n6_mid3_d1000_05_mr098_r10_22.csv
2026-02-06 13:19:08,256|INFO|random_mc2_n9_mid3_d1000_05_mr098_r10_10_uai_GDCC_1e-09_n200_roFalse_s0: Loading model from ../models/synthetic/s123/random_mc2_n9_mid3_d1000_05_mr098_r10_10.uai
2026-02-06 13:19:08,289|INFO|random_mc2_n9_mid3_d1000_05_mr098_r10_10_uai_GDCC_1e-09_n200_roFalse_s0: Loading data from ../models/synthetic/s123/random_mc2_n9_mid3_d1000_05_mr098_r10_10.csv
2026-02-06 13:19:08,306|INFO|random_mc2_n7_mid3_d1000_05_mr098_r10_62_uai_GDCC_1e-09_n200_roFalse_s0: Arguments: Namespace(method='GDCC_1e-09', numruns='200', seed='0', output='../results/synthetic/s123/', rewrite=True, removeoutliers=False, filepath=['../models/synthetic/s123/random_mc2_n7_mid3_d1000_05_mr098_r10_62.uai'])
2026-02-06 13:19:08,271|INFO|random_mc2_n7_mid3_d1000_05_mr098_r10_97_uai_GDCC_1e-09_n200_roFalse_s0: Loading model from ../models/synthetic/s123/random_mc2_n7_mid3_d1000_05_mr098_r10_97.uai
2026-02-06 13:19:08,295|INFO|random_mc2_n7_mid3_d1000_05_mr098_r10_97_uai_GDCC_1e-09_n200_roFalse_s0: Loading data from ../models/synthetic/s123/random_mc2_n7_mid3_d1000_05_mr098_r10_97.csv
2026-02-06 13:19:08,306|INFO|random_mc2_n7_mid3_d1000_05_mr098_r10_97_uai_GDCC_1e-09_n200_roFalse_s0: PNS(V4,V6) exact: (0.0215633261719529, 0.03488625941917)
2026-02-06 13:19:08,335|INFO|random_mc2_n7_mid3_d1000_05_mr098_r10_34_uai_GDCC_1e-09_n200_roFalse_s0: Arguments: Namespace(method='GDCC_1e-09', numruns='200', seed='0', output='../results/synthetic/s123/', rewrite=True, removeoutliers=False, filepath=['../models/synthetic/s123/random_mc2_n7_mid3_d1000_05_mr098_r10_34.uai'])
2026-02-06 13:19:08,342|INFO|random_mc2_n5_mid3_d1000_05_mr098_r10_163_uai_GDCC_1e-09_n200_roTrue_s0: Arguments: Namespace(method='GDCC_1e-09', numruns='200', seed='0', output='../results/synthetic/s123/', rewrite=True, removeoutliers=True, filepath=['../models/synthetic/s123/random_mc2_n5_mid3_d1000_05_mr098_r10_163.uai'])
2026-02-06 13:19:08,306|INFO|random_mc2_n7_mid3_d1000_05_mr098_r10_62_uai_GDCC_1e-09_n200_roFalse_s0: Loading model from ../models/synthetic/s123/random_mc2_n7_mid3_d1000_05_mr098_r10_62.uai
2026-02-06 13:19:08,335|INFO|random_mc2_n7_mid3_d1000_05_mr098_r10_34_uai_GDCC_1e-09_n200_roFalse_s0: Loading model from ../models/synthetic/s123/random_mc2_n7_mid3_d1000_05_mr098_r10_34.uai
2026-02-06 13:19:08,348|INFO|random_mc2_n7_mid3_d1000_05_mr098_r10_34_uai_GDCC_1e-09_n200_roFalse_s0: Loading data from ../models/synthetic/s123/random_mc2_n7_mid3_d1000_05_mr098_r10_34.csv
2026-02-06 13:19:08,359|INFO|random_mc2_n7_mid3_d1000_05_mr098_r10_34_uai_GDCC_1e-09_n200_roFalse_s0: PNS(V2,V1) exact: (0.0696133230233768, 0.2443864534772551)
2026-02-06 13:19:08,378|INFO|random_mc2_n9_mid3_d1000_05_mr098_r10_162_uai_GDCC_1e-09_n200_roTrue_s0: Loading data from ../models/synthetic/s123/random_mc2_n9_mid3_d1000_05_mr098_r10_162.csv
2026-02-06 13:19:08,342|INFO|random_mc2_n5_mid3_d1000_05_mr098_r10_163_uai_GDCC_1e-09_n200_roTrue_s0: Loading model from ../models/synthetic/s123/random_mc2_n5_mid3_d1000_05_mr098_r10_163.uai
2026-02-06 13:19:08,348|INFO|random_mc2_n5_mid3_d1000_05_mr098_r10_163_uai_GDCC_1e-09_n200_roTrue_s0: Loading data from ../models/synthetic/s123/random_mc2_n5_mid3_d1000_05_mr098_r10_163.csv
2026-02-06 13:19:08,359|INFO|random_mc2_n5_mid3_d1000_05_mr098_r10_163_uai_GDCC_1e-09_n200_roTrue_s0: PNS(V0,V4) exact: (0.0140736103, 0.0557529839)
2026-02-06 13:19:08,404|INFO|random_mc2_n7_mid3_d1000_05_mr098_r10_62_uai_GDCC_1e-09_n200_roFalse_s0: Loading data from ../models/synthetic/s123/random_mc2_n7_mid3_d1000_05_mr098_r10_62.csv
2026-02-06 13:19:09,132|INFO|random_mc2_n5_mid3_d1000_05_mr098_r10_47_uai_GDCC_1e-09_n200_roTrue_s0: Arguments: Namespace(method='GDCC_1e-09', numruns='200', seed='0', output='../results/synthetic/s123/', rewrite=True, removeoutliers=True, filepath=['../models/synthetic/s123/random_mc2_n5_mid3_d1000_05_mr098_r10_47.uai'])
2026-02-06 13:19:09,132|INFO|random_mc2_n5_mid3_d1000_05_mr098_r10_47_uai_GDCC_1e-09_n200_roTrue_s0: Loading model from ../models/synthetic/s123/random_mc2_n5_mid3_d1000_05_mr098_r10_47.uai
2026-02-06 13:19:09,137|INFO|random_mc2_n5_mid3_d1000_05_mr098_r10_47_uai_GDCC_1e-09_n200_roTrue_s0: Loading data from ../models/synthetic/s123/random_mc2_n5_mid3_d1000_05_mr098_r10_47.csv
2026-02-06 13:19:09,146|INFO|random_mc2_n5_mid3_d1000_05_mr098_r10_47_uai_GDCC_1e-09_n200_roTrue_s0: PNS(V2,V3) exact: (0.1161899999999999, 0.1161899999999999)
2026-02-06 13:19:09,374|INFO|random_mc2_n5_mid3_d1000_05_mr098_r10_51_uai_GDCC_1e-09_n200_roFalse_s0: Arguments: Namespace(method='GDCC_1e-09', numruns='200', seed='0', output='../results/synthetic/s123/', rewrite=True, removeoutliers=False, filepath=['../models/synthetic/s123/random_mc2_n5_mid3_d1000_05_mr098_r10_51.uai'])
2026-02-06 13:19:09,383|INFO|random_mc2_n7_mid3_d1000_05_mr098_r10_80_uai_GDCC_1e-09_n200_roTrue_s0: Arguments: Namespace(method='GDCC_1e-09', numruns='200', seed='0', output='../results/synthetic/s123/', rewrite=True, removeoutliers=True, filepath=['../models/synthetic/s123/random_mc2_n7_mid3_d1000_05_mr098_r10_80.uai'])
2026-02-06 13:19:09,406|INFO|random_mc2_n6_mid3_d1000_05_mr098_r10_179_uai_GDCC_1e-09_n200_roFalse_s0: Arguments: Namespace(method='GDCC_1e-09', numruns='200', seed='0', output='../results/synthetic/s123/', rewrite=True, removeoutliers=False, filepath=['../models/synthetic/s123/random_mc2_n6_mid3_d1000_05_mr098_r10_179.uai'])
2026-02-06 13:19:09,413|INFO|random_mc2_n6_mid3_d1000_05_mr098_r10_82_uai_GDCC_1e-09_n200_roTrue_s0: Arguments: Namespace(method='GDCC_1e-09', numruns='200', seed='0', output='../results/synthetic/s123/', rewrite=True, removeoutliers=True, filepath=['../models/synthetic/s123/random_mc2_n6_mid3_d1000_05_mr098_r10_82.uai'])
2026-02-06 13:19:09,374|INFO|random_mc2_n5_mid3_d1000_05_mr098_r10_51_uai_GDCC_1e-09_n200_roFalse_s0: Loading model from ../models/synthetic/s123/random_mc2_n5_mid3_d1000_05_mr098_r10_51.uai
2026-02-06 13:19:09,379|INFO|random_mc2_n5_mid3_d1000_05_mr098_r10_51_uai_GDCC_1e-09_n200_roFalse_s0: Loading data from ../models/synthetic/s123/random_mc2_n5_mid3_d1000_05_mr098_r10_51.csv
2026-02-06 13:19:09,415|INFO|random_mc2_n5_mid3_d1000_05_mr098_r10_194_uai_GDCC_1e-09_n200_roFalse_s0: Arguments: Namespace(method='GDCC_1e-09', numruns='200', seed='0', output='../results/synthetic/s123/', rewrite=True, removeoutliers=False, filepath=['../models/synthetic/s123/random_mc2_n5_mid3_d1000_05_mr098_r10_194.uai'])
2026-02-06 13:19:09,390|INFO|random_mc2_n5_mid3_d1000_05_mr098_r10_51_uai_GDCC_1e-09_n200_roFalse_s0: PNS(V2,V4) exact: (0.0, 0.17763)
2026-02-06 13:19:09,383|INFO|random_mc2_n7_mid3_d1000_05_mr098_r10_80_uai_GDCC_1e-09_n200_roTrue_s0: Loading model from ../models/synthetic/s123/random_mc2_n7_mid3_d1000_05_mr098_r10_80.uai
2026-02-06 13:19:09,400|INFO|random_mc2_n7_mid3_d1000_05_mr098_r10_80_uai_GDCC_1e-09_n200_roTrue_s0: Loading data from ../models/synthetic/s123/random_mc2_n7_mid3_d1000_05_mr098_r10_80.csv
2026-02-06 13:19:09,414|INFO|random_mc2_n7_mid3_d1000_05_mr098_r10_80_uai_GDCC_1e-09_n200_roTrue_s0: PNS(V0,V6) exact: (0.03946968674409, 0.2126297216363641)
2026-02-06 13:19:09,441|INFO|random_mc2_n7_mid3_d1000_05_mr098_r10_95_uai_GDCC_1e-09_n200_roTrue_s0: Arguments: Namespace(method='GDCC_1e-09', numruns='200', seed='0', output='../results/synthetic/s123/', rewrite=True, removeoutliers=True, filepath=['../models/synthetic/s123/random_mc2_n7_mid3_d1000_05_mr098_r10_95.uai'])
2026-02-06 13:19:09,406|INFO|random_mc2_n6_mid3_d1000_05_mr098_r10_179_uai_GDCC_1e-09_n200_roFalse_s0: Loading model from ../models/synthetic/s123/random_mc2_n6_mid3_d1000_05_mr098_r10_179.uai
2026-02-06 13:19:09,413|INFO|random_mc2_n6_mid3_d1000_05_mr098_r10_82_uai_GDCC_1e-09_n200_roTrue_s0: Loading model from ../models/synthetic/s123/random_mc2_n6_mid3_d1000_05_mr098_r10_82.uai
2026-02-06 13:19:09,426|INFO|random_mc2_n6_mid3_d1000_05_mr098_r10_82_uai_GDCC_1e-09_n200_roTrue_s0: Loading data from ../models/synthetic/s123/random_mc2_n6_mid3_d1000_05_mr098_r10_82.csv
2026-02-06 13:19:09,415|INFO|random_mc2_n5_mid3_d1000_05_mr098_r10_194_uai_GDCC_1e-09_n200_roFalse_s0: Loading model from ../models/synthetic/s123/random_mc2_n5_mid3_d1000_05_mr098_r10_194.uai
2026-02-06 13:19:09,420|INFO|random_mc2_n5_mid3_d1000_05_mr098_r10_194_uai_GDCC_1e-09_n200_roFalse_s0: Loading data from ../models/synthetic/s123/random_mc2_n5_mid3_d1000_05_mr098_r10_194.csv
2026-02-06 13:19:09,431|INFO|random_mc2_n5_mid3_d1000_05_mr098_r10_194_uai_GDCC_1e-09_n200_roFalse_s0: PNS(V3,V2) exact: (0.01055616190497, 0.096865567581924)
2026-02-06 13:19:09,460|INFO|random_mc2_n6_mid3_d1000_05_mr098_r10_168_uai_GDCC_1e-09_n200_roFalse_s0: Arguments: Namespace(method='GDCC_1e-09', numruns='200', seed='0', output='../results/synthetic/s123/', rewrite=True, removeoutliers=False, filepath=['../models/synthetic/s123/random_mc2_n6_mid3_d1000_05_mr098_r10_168.uai'])
2026-02-06 13:19:09,471|INFO|random_mc2_n7_mid3_d1000_05_mr098_r10_145_uai_GDCC_1e-09_n200_roTrue_s0: Arguments: Namespace(method='GDCC_1e-09', numruns='200', seed='0', output='../results/synthetic/s123/', rewrite=True, removeoutliers=True, filepath=['../models/synthetic/s123/random_mc2_n7_mid3_d1000_05_mr098_r10_145.uai'])
2026-02-06 13:19:09,478|INFO|random_mc2_n6_mid3_d1000_05_mr098_r10_80_uai_GDCC_1e-09_n200_roTrue_s0: Arguments: Namespace(method='GDCC_1e-09', numruns='200', seed='0', output='../results/synthetic/s123/', rewrite=True, removeoutliers=True, filepath=['../models/synthetic/s123/random_mc2_n6_mid3_d1000_05_mr098_r10_80.uai'])
2026-02-06 13:19:09,442|INFO|random_mc2_n7_mid3_d1000_05_mr098_r10_95_uai_GDCC_1e-09_n200_roTrue_s0: Loading model from ../models/synthetic/s123/random_mc2_n7_mid3_d1000_05_mr098_r10_95.uai
2026-02-06 13:19:09,450|INFO|random_mc2_n7_mid3_d1000_05_mr098_r10_95_uai_GDCC_1e-09_n200_roTrue_s0: Loading data from ../models/synthetic/s123/random_mc2_n7_mid3_d1000_05_mr098_r10_95.csv
2026-02-06 13:19:09,462|INFO|random_mc2_n7_mid3_d1000_05_mr098_r10_95_uai_GDCC_1e-09_n200_roTrue_s0: PNS(V0,V3) exact: (0.0119746197391619, 0.3426762898101421)
2026-02-06 13:19:09,491|INFO|random_mc2_n6_mid3_d1000_05_mr098_r10_148_uai_GDCC_1e-09_n200_roFalse_s0: Arguments: Namespace(method='GDCC_1e-09', numruns='200', seed='0', output='../results/synthetic/s123/', rewrite=True, removeoutliers=False, filepath=['../models/synthetic/s123/random_mc2_n6_mid3_d1000_05_mr098_r10_148.uai'])
2026-02-06 13:19:09,460|INFO|random_mc2_n6_mid3_d1000_05_mr098_r10_168_uai_GDCC_1e-09_n200_roFalse_s0: Loading model from ../models/synthetic/s123/random_mc2_n6_mid3_d1000_05_mr098_r10_168.uai
2026-02-06 13:19:09,469|INFO|random_mc2_n6_mid3_d1000_05_mr098_r10_168_uai_GDCC_1e-09_n200_roFalse_s0: Loading data from ../models/synthetic/s123/random_mc2_n6_mid3_d1000_05_mr098_r10_168.csv
2026-02-06 13:19:09,471|INFO|random_mc2_n7_mid3_d1000_05_mr098_r10_145_uai_GDCC_1e-09_n200_roTrue_s0: Loading model from ../models/synthetic/s123/random_mc2_n7_mid3_d1000_05_mr098_r10_145.uai
2026-02-06 13:19:09,480|INFO|random_mc2_n7_mid3_d1000_05_mr098_r10_145_uai_GDCC_1e-09_n200_roTrue_s0: Loading data from ../models/synthetic/s123/random_mc2_n7_mid3_d1000_05_mr098_r10_145.csv
2026-02-06 13:19:09,491|INFO|random_mc2_n7_mid3_d1000_05_mr098_r10_145_uai_GDCC_1e-09_n200_roTrue_s0: PNS(V2,V5) exact: (0.024162408524618, 0.062781303718492)
2026-02-06 13:19:09,479|INFO|random_mc2_n6_mid3_d1000_05_mr098_r10_80_uai_GDCC_1e-09_n200_roTrue_s0: Loading model from ../models/synthetic/s123/random_mc2_n6_mid3_d1000_05_mr098_r10_80.uai
2026-02-06 13:19:09,487|INFO|random_mc2_n6_mid3_d1000_05_mr098_r10_80_uai_GDCC_1e-09_n200_roTrue_s0: Loading data from ../models/synthetic/s123/random_mc2_n6_mid3_d1000_05_mr098_r10_80.csv
2026-02-06 13:19:09,491|INFO|random_mc2_n6_mid3_d1000_05_mr098_r10_148_uai_GDCC_1e-09_n200_roFalse_s0: Loading model from ../models/synthetic/s123/random_mc2_n6_mid3_d1000_05_mr098_r10_148.uai
2026-02-06 13:19:09,498|INFO|random_mc2_n6_mid3_d1000_05_mr098_r10_148_uai_GDCC_1e-09_n200_roFalse_s0: Loading data from ../models/synthetic/s123/random_mc2_n6_mid3_d1000_05_mr098_r10_148.csv
2026-02-06 13:19:09,509|INFO|random_mc2_n6_mid3_d1000_05_mr098_r10_148_uai_GDCC_1e-09_n200_roFalse_s0: PNS(V0,V5) exact: (0.0, 0.0279858302999999)
2026-02-06 13:19:09,618|INFO|random_mc2_n6_mid3_d1000_05_mr098_r10_179_uai_GDCC_1e-09_n200_roFalse_s0: Loading data from ../models/synthetic/s123/random_mc2_n6_mid3_d1000_05_mr098_r10_179.csv
2026-02-06 13:19:11,267|INFO|random_mc2_n6_mid3_d1000_05_mr098_r10_41_uai_GDCC_1e-09_n200_roFalse_s0: Arguments: Namespace(method='GDCC_1e-09', numruns='200', seed='0', output='../results/synthetic/s123/', rewrite=True, removeoutliers=False, filepath=['../models/synthetic/s123/random_mc2_n6_mid3_d1000_05_mr098_r10_41.uai'])
2026-02-06 13:19:11,267|INFO|random_mc2_n6_mid3_d1000_05_mr098_r10_41_uai_GDCC_1e-09_n200_roFalse_s0: Loading model from ../models/synthetic/s123/random_mc2_n6_mid3_d1000_05_mr098_r10_41.uai
2026-02-06 13:19:11,279|INFO|random_mc2_n6_mid3_d1000_05_mr098_r10_41_uai_GDCC_1e-09_n200_roFalse_s0: Loading data from ../models/synthetic/s123/random_mc2_n6_mid3_d1000_05_mr098_r10_41.csv
2026-02-06 13:19:11,292|INFO|random_mc2_n6_mid3_d1000_05_mr098_r10_41_uai_GDCC_1e-09_n200_roFalse_s0: PNS(V5,V3) exact: (0.119982256826749, 0.4934547656320461)
2026-02-06 13:19:19,717|INFO|random_mc2_n5_mid3_d1000_05_mr098_r10_61_uai_GDCC_1e-09_n200_roTrue_s0: Arguments: Namespace(method='GDCC_1e-09', numruns='200', seed='0', output='../results/synthetic/s123/', rewrite=True, removeoutliers=True, filepath=['../models/synthetic/s123/random_mc2_n5_mid3_d1000_05_mr098_r10_61.uai'])
2026-02-06 13:19:19,718|INFO|random_mc2_n5_mid3_d1000_05_mr098_r10_61_uai_GDCC_1e-09_n200_roTrue_s0: Loading model from ../models/synthetic/s123/random_mc2_n5_mid3_d1000_05_mr098_r10_61.uai
2026-02-06 13:19:19,725|INFO|random_mc2_n5_mid3_d1000_05_mr098_r10_61_uai_GDCC_1e-09_n200_roTrue_s0: Loading data from ../models/synthetic/s123/random_mc2_n5_mid3_d1000_05_mr098_r10_61.csv
2026-02-06 13:19:20,288|INFO|random_mc2_n6_mid3_d1000_05_mr098_r10_135_uai_GDCC_1e-09_n200_roTrue_s0: Arguments: Namespace(method='GDCC_1e-09', numruns='200', seed='0', output='../results/synthetic/s123/', rewrite=True, removeoutliers=True, filepath=['../models/synthetic/s123/random_mc2_n6_mid3_d1000_05_mr098_r10_135.uai'])
2026-02-06 13:19:20,289|INFO|random_mc2_n6_mid3_d1000_05_mr098_r10_135_uai_GDCC_1e-09_n200_roTrue_s0: Loading model from ../models/synthetic/s123/random_mc2_n6_mid3_d1000_05_mr098_r10_135.uai
2026-02-06 13:19:20,300|INFO|random_mc2_n6_mid3_d1000_05_mr098_r10_135_uai_GDCC_1e-09_n200_roTrue_s0: Loading data from ../models/synthetic/s123/random_mc2_n6_mid3_d1000_05_mr098_r10_135.csv
2026-02-06 13:19:20,777|INFO|random_mc2_n6_mid3_d1000_05_mr098_r10_100_uai_GDCC_1e-09_n200_roFalse_s0: Arguments: Namespace(method='GDCC_1e-09', numruns='200', seed='0', output='../results/synthetic/s123/', rewrite=True, removeoutliers=False, filepath=['../models/synthetic/s123/random_mc2_n6_mid3_d1000_05_mr098_r10_100.uai'])
2026-02-06 13:19:20,779|INFO|random_mc2_n7_mid3_d1000_05_mr098_r10_6_uai_GDCC_1e-09_n200_roTrue_s0: Arguments: Namespace(method='GDCC_1e-09', numruns='200', seed='0', output='../results/synthetic/s123/', rewrite=True, removeoutliers=True, filepath=['../models/synthetic/s123/random_mc2_n7_mid3_d1000_05_mr098_r10_6.uai'])
2026-02-06 13:19:20,777|INFO|random_mc2_n6_mid3_d1000_05_mr098_r10_100_uai_GDCC_1e-09_n200_roFalse_s0: Loading model from ../models/synthetic/s123/random_mc2_n6_mid3_d1000_05_mr098_r10_100.uai
2026-02-06 13:19:20,792|INFO|random_mc2_n6_mid3_d1000_05_mr098_r10_100_uai_GDCC_1e-09_n200_roFalse_s0: Loading data from ../models/synthetic/s123/random_mc2_n6_mid3_d1000_05_mr098_r10_100.csv
2026-02-06 13:19:20,779|INFO|random_mc2_n7_mid3_d1000_05_mr098_r10_6_uai_GDCC_1e-09_n200_roTrue_s0: Loading model from ../models/synthetic/s123/random_mc2_n7_mid3_d1000_05_mr098_r10_6.uai
2026-02-06 13:19:20,805|INFO|random_mc2_n6_mid3_d1000_05_mr098_r10_100_uai_GDCC_1e-09_n200_roFalse_s0: PNS(V1,V4) exact: (0.171264845032, 0.302367839752)
2026-02-06 13:19:20,796|INFO|random_mc2_n7_mid3_d1000_05_mr098_r10_6_uai_GDCC_1e-09_n200_roTrue_s0: Loading data from ../models/synthetic/s123/random_mc2_n7_mid3_d1000_05_mr098_r10_6.csv
2026-02-06 13:19:20,809|INFO|random_mc2_n7_mid3_d1000_05_mr098_r10_6_uai_GDCC_1e-09_n200_roTrue_s0: PNS(V2,V3) exact: (0.0, 0.0284169509445683)
2026-02-06 13:19:21,867|INFO|random_mc2_n5_mid3_d1000_05_mr098_r10_6_uai_GDCC_1e-09_n200_roTrue_s0: Arguments: Namespace(method='GDCC_1e-09', numruns='200', seed='0', output='../results/synthetic/s123/', rewrite=True, removeoutliers=True, filepath=['../models/synthetic/s123/random_mc2_n5_mid3_d1000_05_mr098_r10_6.uai'])
2026-02-06 13:19:21,867|INFO|random_mc2_n5_mid3_d1000_05_mr098_r10_6_uai_GDCC_1e-09_n200_roTrue_s0: Loading model from ../models/synthetic/s123/random_mc2_n5_mid3_d1000_05_mr098_r10_6.uai
2026-02-06 13:19:21,880|INFO|random_mc2_n5_mid3_d1000_05_mr098_r10_6_uai_GDCC_1e-09_n200_roTrue_s0: Loading data from ../models/synthetic/s123/random_mc2_n5_mid3_d1000_05_mr098_r10_6.csv
2026-02-06 13:19:21,938|INFO|random_mc2_n6_mid3_d1000_05_mr098_r10_178_uai_GDCC_1e-09_n200_roTrue_s0: Arguments: Namespace(method='GDCC_1e-09', numruns='200', seed='0', output='../results/synthetic/s123/', rewrite=True, removeoutliers=True, filepath=['../models/synthetic/s123/random_mc2_n6_mid3_d1000_05_mr098_r10_178.uai'])
2026-02-06 13:19:21,946|INFO|random_mc2_n5_mid3_d1000_05_mr098_r10_53_uai_GDCC_1e-09_n200_roFalse_s0: Arguments: Namespace(method='GDCC_1e-09', numruns='200', seed='0', output='../results/synthetic/s123/', rewrite=True, removeoutliers=False, filepath=['../models/synthetic/s123/random_mc2_n5_mid3_d1000_05_mr098_r10_53.uai'])
2026-02-06 13:19:21,947|INFO|random_mc2_n7_mid3_d1000_05_mr098_r10_196_uai_GDCC_1e-09_n200_roTrue_s0: Arguments: Namespace(method='GDCC_1e-09', numruns='200', seed='0', output='../results/synthetic/s123/', rewrite=True, removeoutliers=True, filepath=['../models/synthetic/s123/random_mc2_n7_mid3_d1000_05_mr098_r10_196.uai'])
2026-02-06 13:19:21,952|INFO|random_mc2_n7_mid3_d1000_05_mr098_r10_93_uai_GDCC_1e-09_n200_roFalse_s0: Arguments: Namespace(method='GDCC_1e-09', numruns='200', seed='0', output='../results/synthetic/s123/', rewrite=True, removeoutliers=False, filepath=['../models/synthetic/s123/random_mc2_n7_mid3_d1000_05_mr098_r10_93.uai'])
2026-02-06 13:19:21,955|INFO|random_mc2_n5_mid3_d1000_05_mr098_r10_128_uai_GDCC_1e-09_n200_roFalse_s0: Arguments: Namespace(method='GDCC_1e-09', numruns='200', seed='0', output='../results/synthetic/s123/', rewrite=True, removeoutliers=False, filepath=['../models/synthetic/s123/random_mc2_n5_mid3_d1000_05_mr098_r10_128.uai'])
2026-02-06 13:19:21,938|INFO|random_mc2_n6_mid3_d1000_05_mr098_r10_178_uai_GDCC_1e-09_n200_roTrue_s0: Loading model from ../models/synthetic/s123/random_mc2_n6_mid3_d1000_05_mr098_r10_178.uai
2026-02-06 13:19:21,950|INFO|random_mc2_n6_mid3_d1000_05_mr098_r10_178_uai_GDCC_1e-09_n200_roTrue_s0: Loading data from ../models/synthetic/s123/random_mc2_n6_mid3_d1000_05_mr098_r10_178.csv
2026-02-06 13:19:21,959|INFO|random_mc2_n6_mid3_d1000_05_mr098_r10_178_uai_GDCC_1e-09_n200_roTrue_s0: PNS(V3,V5) exact: (0.1134567257784353, 0.3551658025191099)
2026-02-06 13:19:21,982|INFO|random_mc2_n5_mid3_d1000_05_mr098_r10_121_uai_GDCC_1e-09_n200_roTrue_s0: Arguments: Namespace(method='GDCC_1e-09', numruns='200', seed='0', output='../results/synthetic/s123/', rewrite=True, removeoutliers=True, filepath=['../models/synthetic/s123/random_mc2_n5_mid3_d1000_05_mr098_r10_121.uai'])
2026-02-06 13:19:21,946|INFO|random_mc2_n5_mid3_d1000_05_mr098_r10_53_uai_GDCC_1e-09_n200_roFalse_s0: Loading model from ../models/synthetic/s123/random_mc2_n5_mid3_d1000_05_mr098_r10_53.uai
2026-02-06 13:19:21,951|INFO|random_mc2_n5_mid3_d1000_05_mr098_r10_53_uai_GDCC_1e-09_n200_roFalse_s0: Loading data from ../models/synthetic/s123/random_mc2_n5_mid3_d1000_05_mr098_r10_53.csv
2026-02-06 13:19:21,960|INFO|random_mc2_n5_mid3_d1000_05_mr098_r10_53_uai_GDCC_1e-09_n200_roFalse_s0: PNS(V0,V1) exact: (0.0, 0.0)
2026-02-06 13:19:21,947|INFO|random_mc2_n7_mid3_d1000_05_mr098_r10_196_uai_GDCC_1e-09_n200_roTrue_s0: Loading model from ../models/synthetic/s123/random_mc2_n7_mid3_d1000_05_mr098_r10_196.uai
2026-02-06 13:19:21,960|ERROR|random_mc2_n5_mid3_d1000_05_mr098_r10_53_uai_GDCC_1e-09_n200_roFalse_s0: Model does not have any cause-effect path.
2026-02-06 13:19:21,952|INFO|random_mc2_n7_mid3_d1000_05_mr098_r10_93_uai_GDCC_1e-09_n200_roFalse_s0: Loading model from ../models/synthetic/s123/random_mc2_n7_mid3_d1000_05_mr098_r10_93.uai
2026-02-06 13:19:21,960|INFO|random_mc2_n7_mid3_d1000_05_mr098_r10_93_uai_GDCC_1e-09_n200_roFalse_s0: Loading data from ../models/synthetic/s123/random_mc2_n7_mid3_d1000_05_mr098_r10_93.csv
2026-02-06 13:19:21,955|INFO|random_mc2_n5_mid3_d1000_05_mr098_r10_128_uai_GDCC_1e-09_n200_roFalse_s0: Loading model from ../models/synthetic/s123/random_mc2_n5_mid3_d1000_05_mr098_r10_128.uai
2026-02-06 13:19:21,960|INFO|random_mc2_n5_mid3_d1000_05_mr098_r10_128_uai_GDCC_1e-09_n200_roFalse_s0: Loading data from ../models/synthetic/s123/random_mc2_n5_mid3_d1000_05_mr098_r10_128.csv
2026-02-06 13:19:21,970|INFO|random_mc2_n5_mid3_d1000_05_mr098_r10_128_uai_GDCC_1e-09_n200_roFalse_s0: PNS(V2,V0) exact: (0.0, 0.0565271411)
2026-02-06 13:19:22,007|INFO|random_mc2_n7_mid3_d1000_05_mr098_r10_65_uai_GDCC_1e-09_n200_roFalse_s0: Arguments: Namespace(method='GDCC_1e-09', numruns='200', seed='0', output='../results/synthetic/s123/', rewrite=True, removeoutliers=False, filepath=['../models/synthetic/s123/random_mc2_n7_mid3_d1000_05_mr098_r10_65.uai'])
2026-02-06 13:19:22,012|INFO|random_mc2_n5_mid3_d1000_05_mr098_r10_18_uai_GDCC_1e-09_n200_roTrue_s0: Arguments: Namespace(method='GDCC_1e-09', numruns='200', seed='0', output='../results/synthetic/s123/', rewrite=True, removeoutliers=True, filepath=['../models/synthetic/s123/random_mc2_n5_mid3_d1000_05_mr098_r10_18.uai'])
2026-02-06 13:19:21,982|INFO|random_mc2_n5_mid3_d1000_05_mr098_r10_121_uai_GDCC_1e-09_n200_roTrue_s0: Loading model from ../models/synthetic/s123/random_mc2_n5_mid3_d1000_05_mr098_r10_121.uai
2026-02-06 13:19:21,993|INFO|random_mc2_n5_mid3_d1000_05_mr098_r10_121_uai_GDCC_1e-09_n200_roTrue_s0: Loading data from ../models/synthetic/s123/random_mc2_n5_mid3_d1000_05_mr098_r10_121.csv
2026-02-06 13:19:22,007|INFO|random_mc2_n5_mid3_d1000_05_mr098_r10_121_uai_GDCC_1e-09_n200_roTrue_s0: PNS(V3,V1) exact: (0.21434, 0.2800931238639491)
2026-02-06 13:19:22,027|INFO|random_mc2_n6_mid3_d1000_05_mr098_r10_149_uai_GDCC_1e-09_n200_roTrue_s0: Arguments: Namespace(method='GDCC_1e-09', numruns='200', seed='0', output='../results/synthetic/s123/', rewrite=True, removeoutliers=True, filepath=['../models/synthetic/s123/random_mc2_n6_mid3_d1000_05_mr098_r10_149.uai'])
2026-02-06 13:19:22,035|INFO|random_mc2_n7_mid3_d1000_05_mr098_r10_2_uai_GDCC_1e-09_n200_roTrue_s0: Arguments: Namespace(method='GDCC_1e-09', numruns='200', seed='0', output='../results/synthetic/s123/', rewrite=True, removeoutliers=True, filepath=['../models/synthetic/s123/random_mc2_n7_mid3_d1000_05_mr098_r10_2.uai'])
2026-02-06 13:19:22,043|INFO|random_mc2_n7_mid3_d1000_05_mr098_r10_196_uai_GDCC_1e-09_n200_roTrue_s0: Loading data from ../models/synthetic/s123/random_mc2_n7_mid3_d1000_05_mr098_r10_196.csv
2026-02-06 13:19:22,007|INFO|random_mc2_n7_mid3_d1000_05_mr098_r10_65_uai_GDCC_1e-09_n200_roFalse_s0: Loading model from ../models/synthetic/s123/random_mc2_n7_mid3_d1000_05_mr098_r10_65.uai
2026-02-06 13:19:22,018|INFO|random_mc2_n7_mid3_d1000_05_mr098_r10_65_uai_GDCC_1e-09_n200_roFalse_s0: Loading data from ../models/synthetic/s123/random_mc2_n7_mid3_d1000_05_mr098_r10_65.csv
2026-02-06 13:19:22,030|INFO|random_mc2_n7_mid3_d1000_05_mr098_r10_65_uai_GDCC_1e-09_n200_roFalse_s0: PNS(V1,V0) exact: (0.1520312774315468, 0.2103249985205253)
2026-02-06 13:19:22,048|INFO|random_mc2_n5_mid3_d1000_05_mr098_r10_141_uai_GDCC_1e-09_n200_roTrue_s0: Arguments: Namespace(method='GDCC_1e-09', numruns='200', seed='0', output='../results/synthetic/s123/', rewrite=True, removeoutliers=True, filepath=['../models/synthetic/s123/random_mc2_n5_mid3_d1000_05_mr098_r10_141.uai'])
2026-02-06 13:19:22,052|INFO|random_mc2_n6_mid3_d1000_05_mr098_r10_104_uai_GDCC_1e-09_n200_roTrue_s0: Arguments: Namespace(method='GDCC_1e-09', numruns='200', seed='0', output='../results/synthetic/s123/', rewrite=True, removeoutliers=True, filepath=['../models/synthetic/s123/random_mc2_n6_mid3_d1000_05_mr098_r10_104.uai'])
2026-02-06 13:19:22,012|INFO|random_mc2_n5_mid3_d1000_05_mr098_r10_18_uai_GDCC_1e-09_n200_roTrue_s0: Loading model from ../models/synthetic/s123/random_mc2_n5_mid3_d1000_05_mr098_r10_18.uai
2026-02-06 13:19:22,025|INFO|random_mc2_n5_mid3_d1000_05_mr098_r10_18_uai_GDCC_1e-09_n200_roTrue_s0: Loading data from ../models/synthetic/s123/random_mc2_n5_mid3_d1000_05_mr098_r10_18.csv
2026-02-06 13:19:22,036|INFO|random_mc2_n5_mid3_d1000_05_mr098_r10_18_uai_GDCC_1e-09_n200_roTrue_s0: PNS(V1,V3) exact: (0.3568015083512, 0.5052594691711998)
2026-02-06 13:19:22,053|INFO|random_mc2_n9_mid3_d1000_05_mr098_r10_140_uai_GDCC_1e-09_n200_roTrue_s0: Arguments: Namespace(method='GDCC_1e-09', numruns='200', seed='0', output='../results/synthetic/s123/', rewrite=True, removeoutliers=True, filepath=['../models/synthetic/s123/random_mc2_n9_mid3_d1000_05_mr098_r10_140.uai'])
2026-02-06 13:19:22,054|INFO|random_mc2_n6_mid3_d1000_05_mr098_r10_142_uai_GDCC_1e-09_n200_roFalse_s0: Arguments: Namespace(method='GDCC_1e-09', numruns='200', seed='0', output='../results/synthetic/s123/', rewrite=True, removeoutliers=False, filepath=['../models/synthetic/s123/random_mc2_n6_mid3_d1000_05_mr098_r10_142.uai'])
2026-02-06 13:19:22,027|INFO|random_mc2_n6_mid3_d1000_05_mr098_r10_149_uai_GDCC_1e-09_n200_roTrue_s0: Loading model from ../models/synthetic/s123/random_mc2_n6_mid3_d1000_05_mr098_r10_149.uai
2026-02-06 13:19:22,040|INFO|random_mc2_n6_mid3_d1000_05_mr098_r10_149_uai_GDCC_1e-09_n200_roTrue_s0: Loading data from ../models/synthetic/s123/random_mc2_n6_mid3_d1000_05_mr098_r10_149.csv
2026-02-06 13:19:22,051|INFO|random_mc2_n6_mid3_d1000_05_mr098_r10_149_uai_GDCC_1e-09_n200_roTrue_s0: PNS(V2,V5) exact: (0.6597397735, 0.811257382)
2026-02-06 13:19:22,036|INFO|random_mc2_n7_mid3_d1000_05_mr098_r10_2_uai_GDCC_1e-09_n200_roTrue_s0: Loading model from ../models/synthetic/s123/random_mc2_n7_mid3_d1000_05_mr098_r10_2.uai
2026-02-06 13:19:22,050|INFO|random_mc2_n7_mid3_d1000_05_mr098_r10_2_uai_GDCC_1e-09_n200_roTrue_s0: Loading data from ../models/synthetic/s123/random_mc2_n7_mid3_d1000_05_mr098_r10_2.csv
2026-02-06 13:19:22,061|INFO|random_mc2_n7_mid3_d1000_05_mr098_r10_2_uai_GDCC_1e-09_n200_roTrue_s0: PNS(V6,V5) exact: (0.17496630889, 0.198271938213)
2026-02-06 13:19:22,048|INFO|random_mc2_n5_mid3_d1000_05_mr098_r10_141_uai_GDCC_1e-09_n200_roTrue_s0: Loading model from ../models/synthetic/s123/random_mc2_n5_mid3_d1000_05_mr098_r10_141.uai
2026-02-06 13:19:22,057|INFO|random_mc2_n5_mid3_d1000_05_mr098_r10_141_uai_GDCC_1e-09_n200_roTrue_s0: Loading data from ../models/synthetic/s123/random_mc2_n5_mid3_d1000_05_mr098_r10_141.csv
2026-02-06 13:19:22,068|INFO|random_mc2_n5_mid3_d1000_05_mr098_r10_141_uai_GDCC_1e-09_n200_roTrue_s0: PNS(V1,V4) exact: (0.0017244544, 0.2307695208999999)
2026-02-06 13:19:22,052|INFO|random_mc2_n6_mid3_d1000_05_mr098_r10_104_uai_GDCC_1e-09_n200_roTrue_s0: Loading model from ../models/synthetic/s123/random_mc2_n6_mid3_d1000_05_mr098_r10_104.uai
2026-02-06 13:19:22,079|INFO|random_mc2_n6_mid3_d1000_05_mr098_r10_104_uai_GDCC_1e-09_n200_roTrue_s0: Loading data from ../models/synthetic/s123/random_mc2_n6_mid3_d1000_05_mr098_r10_104.csv
2026-02-06 13:19:22,053|INFO|random_mc2_n9_mid3_d1000_05_mr098_r10_140_uai_GDCC_1e-09_n200_roTrue_s0: Loading model from ../models/synthetic/s123/random_mc2_n9_mid3_d1000_05_mr098_r10_140.uai
2026-02-06 13:19:22,082|INFO|random_mc2_n9_mid3_d1000_05_mr098_r10_140_uai_GDCC_1e-09_n200_roTrue_s0: Loading data from ../models/synthetic/s123/random_mc2_n9_mid3_d1000_05_mr098_r10_140.csv
2026-02-06 13:19:22,054|INFO|random_mc2_n6_mid3_d1000_05_mr098_r10_142_uai_GDCC_1e-09_n200_roFalse_s0: Loading model from ../models/synthetic/s123/random_mc2_n6_mid3_d1000_05_mr098_r10_142.uai
2026-02-06 13:19:22,062|INFO|random_mc2_n6_mid3_d1000_05_mr098_r10_142_uai_GDCC_1e-09_n200_roFalse_s0: Loading data from ../models/synthetic/s123/random_mc2_n6_mid3_d1000_05_mr098_r10_142.csv
2026-02-06 13:19:22,072|INFO|random_mc2_n6_mid3_d1000_05_mr098_r10_142_uai_GDCC_1e-09_n200_roFalse_s0: PNS(V0,V5) exact: (0.98933, 0.99047)
2026-02-06 13:19:22,747|INFO|random_mc2_n6_mid3_d1000_05_mr098_r10_87_uai_GDCC_1e-09_n200_roFalse_s0: Arguments: Namespace(method='GDCC_1e-09', numruns='200', seed='0', output='../results/synthetic/s123/', rewrite=True, removeoutliers=False, filepath=['../models/synthetic/s123/random_mc2_n6_mid3_d1000_05_mr098_r10_87.uai'])
2026-02-06 13:19:22,749|INFO|random_mc2_n7_mid3_d1000_05_mr098_r10_34_uai_GDCC_1e-09_n200_roTrue_s0: Arguments: Namespace(method='GDCC_1e-09', numruns='200', seed='0', output='../results/synthetic/s123/', rewrite=True, removeoutliers=True, filepath=['../models/synthetic/s123/random_mc2_n7_mid3_d1000_05_mr098_r10_34.uai'])
2026-02-06 13:19:22,765|INFO|random_mc2_n7_mid3_d1000_05_mr098_r10_29_uai_GDCC_1e-09_n200_roTrue_s0: Arguments: Namespace(method='GDCC_1e-09', numruns='200', seed='0', output='../results/synthetic/s123/', rewrite=True, removeoutliers=True, filepath=['../models/synthetic/s123/random_mc2_n7_mid3_d1000_05_mr098_r10_29.uai'])
2026-02-06 13:19:22,772|INFO|random_mc2_n6_mid3_d1000_05_mr098_r10_27_uai_GDCC_1e-09_n200_roFalse_s0: Arguments: Namespace(method='GDCC_1e-09', numruns='200', seed='0', output='../results/synthetic/s123/', rewrite=True, removeoutliers=False, filepath=['../models/synthetic/s123/random_mc2_n6_mid3_d1000_05_mr098_r10_27.uai'])
2026-02-06 13:19:22,747|INFO|random_mc2_n6_mid3_d1000_05_mr098_r10_87_uai_GDCC_1e-09_n200_roFalse_s0: Loading model from ../models/synthetic/s123/random_mc2_n6_mid3_d1000_05_mr098_r10_87.uai
2026-02-06 13:19:22,756|INFO|random_mc2_n6_mid3_d1000_05_mr098_r10_87_uai_GDCC_1e-09_n200_roFalse_s0: Loading data from ../models/synthetic/s123/random_mc2_n6_mid3_d1000_05_mr098_r10_87.csv
2026-02-06 13:19:22,749|INFO|random_mc2_n7_mid3_d1000_05_mr098_r10_34_uai_GDCC_1e-09_n200_roTrue_s0: Loading model from ../models/synthetic/s123/random_mc2_n7_mid3_d1000_05_mr098_r10_34.uai
2026-02-06 13:19:22,760|INFO|random_mc2_n7_mid3_d1000_05_mr098_r10_34_uai_GDCC_1e-09_n200_roTrue_s0: Loading data from ../models/synthetic/s123/random_mc2_n7_mid3_d1000_05_mr098_r10_34.csv
2026-02-06 13:19:22,771|INFO|random_mc2_n7_mid3_d1000_05_mr098_r10_34_uai_GDCC_1e-09_n200_roTrue_s0: PNS(V2,V1) exact: (0.0696133230233768, 0.2443864534772551)
2026-02-06 13:19:22,766|INFO|random_mc2_n7_mid3_d1000_05_mr098_r10_29_uai_GDCC_1e-09_n200_roTrue_s0: Loading model from ../models/synthetic/s123/random_mc2_n7_mid3_d1000_05_mr098_r10_29.uai
2026-02-06 13:19:22,785|INFO|random_mc2_n7_mid3_d1000_05_mr098_r10_29_uai_GDCC_1e-09_n200_roTrue_s0: Loading data from ../models/synthetic/s123/random_mc2_n7_mid3_d1000_05_mr098_r10_29.csv
2026-02-06 13:19:22,772|INFO|random_mc2_n6_mid3_d1000_05_mr098_r10_27_uai_GDCC_1e-09_n200_roFalse_s0: Loading model from ../models/synthetic/s123/random_mc2_n6_mid3_d1000_05_mr098_r10_27.uai
2026-02-06 13:19:22,779|INFO|random_mc2_n6_mid3_d1000_05_mr098_r10_27_uai_GDCC_1e-09_n200_roFalse_s0: Loading data from ../models/synthetic/s123/random_mc2_n6_mid3_d1000_05_mr098_r10_27.csv
2026-02-06 13:19:22,788|INFO|random_mc2_n6_mid3_d1000_05_mr098_r10_27_uai_GDCC_1e-09_n200_roFalse_s0: PNS(V1,V2) exact: (0.150982245685575, 0.150982245685575)
2026-02-06 13:19:22,820|INFO|random_mc2_n9_mid3_d1000_05_mr098_r10_121_uai_GDCC_1e-09_n200_roTrue_s0: Arguments: Namespace(method='GDCC_1e-09', numruns='200', seed='0', output='../results/synthetic/s123/', rewrite=True, removeoutliers=True, filepath=['../models/synthetic/s123/random_mc2_n9_mid3_d1000_05_mr098_r10_121.uai'])
2026-02-06 13:19:22,831|INFO|random_mc2_n5_mid3_d1000_05_mr098_r10_190_uai_GDCC_1e-09_n200_roFalse_s0: Arguments: Namespace(method='GDCC_1e-09', numruns='200', seed='0', output='../results/synthetic/s123/', rewrite=True, removeoutliers=False, filepath=['../models/synthetic/s123/random_mc2_n5_mid3_d1000_05_mr098_r10_190.uai'])
2026-02-06 13:19:22,848|INFO|random_mc2_n6_mid3_d1000_05_mr098_r10_194_uai_GDCC_1e-09_n200_roFalse_s0: Arguments: Namespace(method='GDCC_1e-09', numruns='200', seed='0', output='../results/synthetic/s123/', rewrite=True, removeoutliers=False, filepath=['../models/synthetic/s123/random_mc2_n6_mid3_d1000_05_mr098_r10_194.uai'])
2026-02-06 13:19:22,855|INFO|random_mc2_n5_mid3_d1000_05_mr098_r10_113_uai_GDCC_1e-09_n200_roFalse_s0: Arguments: Namespace(method='GDCC_1e-09', numruns='200', seed='0', output='../results/synthetic/s123/', rewrite=True, removeoutliers=False, filepath=['../models/synthetic/s123/random_mc2_n5_mid3_d1000_05_mr098_r10_113.uai'])
2026-02-06 13:19:22,820|INFO|random_mc2_n9_mid3_d1000_05_mr098_r10_121_uai_GDCC_1e-09_n200_roTrue_s0: Loading model from ../models/synthetic/s123/random_mc2_n9_mid3_d1000_05_mr098_r10_121.uai
2026-02-06 13:19:22,832|INFO|random_mc2_n9_mid3_d1000_05_mr098_r10_121_uai_GDCC_1e-09_n200_roTrue_s0: Loading data from ../models/synthetic/s123/random_mc2_n9_mid3_d1000_05_mr098_r10_121.csv
2026-02-06 13:19:22,831|INFO|random_mc2_n5_mid3_d1000_05_mr098_r10_190_uai_GDCC_1e-09_n200_roFalse_s0: Loading model from ../models/synthetic/s123/random_mc2_n5_mid3_d1000_05_mr098_r10_190.uai
2026-02-06 13:19:22,837|INFO|random_mc2_n5_mid3_d1000_05_mr098_r10_190_uai_GDCC_1e-09_n200_roFalse_s0: Loading data from ../models/synthetic/s123/random_mc2_n5_mid3_d1000_05_mr098_r10_190.csv
2026-02-06 13:19:22,846|INFO|random_mc2_n5_mid3_d1000_05_mr098_r10_190_uai_GDCC_1e-09_n200_roFalse_s0: PNS(V1,V2) exact: (1.5659726400000003e-05, 0.144498480129584)
2026-02-06 13:19:22,848|INFO|random_mc2_n6_mid3_d1000_05_mr098_r10_194_uai_GDCC_1e-09_n200_roFalse_s0: Loading model from ../models/synthetic/s123/random_mc2_n6_mid3_d1000_05_mr098_r10_194.uai
2026-02-06 13:19:22,863|INFO|random_mc2_n6_mid3_d1000_05_mr098_r10_194_uai_GDCC_1e-09_n200_roFalse_s0: Loading data from ../models/synthetic/s123/random_mc2_n6_mid3_d1000_05_mr098_r10_194.csv
2026-02-06 13:19:22,855|INFO|random_mc2_n5_mid3_d1000_05_mr098_r10_113_uai_GDCC_1e-09_n200_roFalse_s0: Loading model from ../models/synthetic/s123/random_mc2_n5_mid3_d1000_05_mr098_r10_113.uai
2026-02-06 13:19:22,860|INFO|random_mc2_n5_mid3_d1000_05_mr098_r10_113_uai_GDCC_1e-09_n200_roFalse_s0: Loading data from ../models/synthetic/s123/random_mc2_n5_mid3_d1000_05_mr098_r10_113.csv
2026-02-06 13:19:22,870|INFO|random_mc2_n5_mid3_d1000_05_mr098_r10_113_uai_GDCC_1e-09_n200_roFalse_s0: PNS(V3,V1) exact: (0.3215531011, 0.5646456533000002)
2026-02-06 13:19:22,928|INFO|random_mc2_n5_mid3_d1000_05_mr098_r10_12_uai_GDCC_1e-09_n200_roTrue_s0: Arguments: Namespace(method='GDCC_1e-09', numruns='200', seed='0', output='../results/synthetic/s123/', rewrite=True, removeoutliers=True, filepath=['../models/synthetic/s123/random_mc2_n5_mid3_d1000_05_mr098_r10_12.uai'])
2026-02-06 13:19:22,946|INFO|random_mc2_n7_mid3_d1000_05_mr098_r10_69_uai_GDCC_1e-09_n200_roTrue_s0: Arguments: Namespace(method='GDCC_1e-09', numruns='200', seed='0', output='../results/synthetic/s123/', rewrite=True, removeoutliers=True, filepath=['../models/synthetic/s123/random_mc2_n7_mid3_d1000_05_mr098_r10_69.uai'])
2026-02-06 13:19:22,928|INFO|random_mc2_n5_mid3_d1000_05_mr098_r10_12_uai_GDCC_1e-09_n200_roTrue_s0: Loading model from ../models/synthetic/s123/random_mc2_n5_mid3_d1000_05_mr098_r10_12.uai
2026-02-06 13:19:22,933|INFO|random_mc2_n5_mid3_d1000_05_mr098_r10_12_uai_GDCC_1e-09_n200_roTrue_s0: Loading data from ../models/synthetic/s123/random_mc2_n5_mid3_d1000_05_mr098_r10_12.csv
2026-02-06 13:19:22,944|INFO|random_mc2_n5_mid3_d1000_05_mr098_r10_12_uai_GDCC_1e-09_n200_roTrue_s0: PNS(V4,V2) exact: (0.007306159, 0.014175791)
2026-02-06 13:19:22,946|INFO|random_mc2_n7_mid3_d1000_05_mr098_r10_69_uai_GDCC_1e-09_n200_roTrue_s0: Loading model from ../models/synthetic/s123/random_mc2_n7_mid3_d1000_05_mr098_r10_69.uai
2026-02-06 13:19:22,952|INFO|random_mc2_n7_mid3_d1000_05_mr098_r10_69_uai_GDCC_1e-09_n200_roTrue_s0: Loading data from ../models/synthetic/s123/random_mc2_n7_mid3_d1000_05_mr098_r10_69.csv
2026-02-06 13:19:23,008|INFO|random_mc2_n7_mid3_d1000_05_mr098_r10_139_uai_GDCC_1e-09_n200_roTrue_s0: Arguments: Namespace(method='GDCC_1e-09', numruns='200', seed='0', output='../results/synthetic/s123/', rewrite=True, removeoutliers=True, filepath=['../models/synthetic/s123/random_mc2_n7_mid3_d1000_05_mr098_r10_139.uai'])
2026-02-06 13:19:23,009|INFO|random_mc2_n7_mid3_d1000_05_mr098_r10_139_uai_GDCC_1e-09_n200_roTrue_s0: Loading model from ../models/synthetic/s123/random_mc2_n7_mid3_d1000_05_mr098_r10_139.uai
2026-02-06 13:19:23,016|INFO|random_mc2_n7_mid3_d1000_05_mr098_r10_139_uai_GDCC_1e-09_n200_roTrue_s0: Loading data from ../models/synthetic/s123/random_mc2_n7_mid3_d1000_05_mr098_r10_139.csv
2026-02-06 13:19:23,029|INFO|random_mc2_n7_mid3_d1000_05_mr098_r10_139_uai_GDCC_1e-09_n200_roTrue_s0: PNS(V6,V2) exact: (3.4571033774154675e-05, 0.0010797131415254)
2026-02-06 13:19:30,231|INFO|random_mc2_n9_mid3_d1000_05_mr098_r10_91_uai_GDCC_1e-09_n200_roTrue_s0: Arguments: Namespace(method='GDCC_1e-09', numruns='200', seed='0', output='../results/synthetic/s123/', rewrite=True, removeoutliers=True, filepath=['../models/synthetic/s123/random_mc2_n9_mid3_d1000_05_mr098_r10_91.uai'])
2026-02-06 13:19:30,231|INFO|random_mc2_n9_mid3_d1000_05_mr098_r10_91_uai_GDCC_1e-09_n200_roTrue_s0: Loading model from ../models/synthetic/s123/random_mc2_n9_mid3_d1000_05_mr098_r10_91.uai
2026-02-06 13:19:30,247|INFO|random_mc2_n9_mid3_d1000_05_mr098_r10_91_uai_GDCC_1e-09_n200_roTrue_s0: Loading data from ../models/synthetic/s123/random_mc2_n9_mid3_d1000_05_mr098_r10_91.csv
2026-02-06 13:19:30,256|INFO|random_mc2_n9_mid3_d1000_05_mr098_r10_91_uai_GDCC_1e-09_n200_roTrue_s0: PNS(V2,V3) exact: (0.8057637300690249, 0.8686928265038563)
2026-02-06 13:19:32,421|INFO|random_mc2_n5_mid3_d1000_05_mr098_r10_153_uai_GDCC_1e-09_n200_roFalse_s0: Arguments: Namespace(method='GDCC_1e-09', numruns='200', seed='0', output='../results/synthetic/s123/', rewrite=True, removeoutliers=False, filepath=['../models/synthetic/s123/random_mc2_n5_mid3_d1000_05_mr098_r10_153.uai'])
2026-02-06 13:19:32,422|INFO|random_mc2_n5_mid3_d1000_05_mr098_r10_153_uai_GDCC_1e-09_n200_roFalse_s0: Loading model from ../models/synthetic/s123/random_mc2_n5_mid3_d1000_05_mr098_r10_153.uai
2026-02-06 13:19:32,428|INFO|random_mc2_n5_mid3_d1000_05_mr098_r10_153_uai_GDCC_1e-09_n200_roFalse_s0: Loading data from ../models/synthetic/s123/random_mc2_n5_mid3_d1000_05_mr098_r10_153.csv
2026-02-06 13:19:32,439|INFO|random_mc2_n5_mid3_d1000_05_mr098_r10_153_uai_GDCC_1e-09_n200_roFalse_s0: PNS(V3,V2) exact: (0.014386402, 0.118614199)
2026-02-06 13:19:32,993|INFO|random_mc2_n5_mid3_d1000_05_mr098_r10_95_uai_GDCC_1e-09_n200_roTrue_s0: Arguments: Namespace(method='GDCC_1e-09', numruns='200', seed='0', output='../results/synthetic/s123/', rewrite=True, removeoutliers=True, filepath=['../models/synthetic/s123/random_mc2_n5_mid3_d1000_05_mr098_r10_95.uai'])
2026-02-06 13:19:32,994|INFO|random_mc2_n8_mid3_d1000_05_mr098_r10_175_uai_GDCC_1e-09_n200_roFalse_s0: Arguments: Namespace(method='GDCC_1e-09', numruns='200', seed='0', output='../results/synthetic/s123/', rewrite=True, removeoutliers=False, filepath=['../models/synthetic/s123/random_mc2_n8_mid3_d1000_05_mr098_r10_175.uai'])
2026-02-06 13:19:32,993|INFO|random_mc2_n5_mid3_d1000_05_mr098_r10_95_uai_GDCC_1e-09_n200_roTrue_s0: Loading model from ../models/synthetic/s123/random_mc2_n5_mid3_d1000_05_mr098_r10_95.uai
2026-02-06 13:19:33,000|INFO|random_mc2_n5_mid3_d1000_05_mr098_r10_95_uai_GDCC_1e-09_n200_roTrue_s0: Loading data from ../models/synthetic/s123/random_mc2_n5_mid3_d1000_05_mr098_r10_95.csv
2026-02-06 13:19:33,013|INFO|random_mc2_n5_mid3_d1000_05_mr098_r10_95_uai_GDCC_1e-09_n200_roTrue_s0: PNS(V2,V3) exact: (0.0, 0.0190074356112)
2026-02-06 13:19:32,995|INFO|random_mc2_n8_mid3_d1000_05_mr098_r10_175_uai_GDCC_1e-09_n200_roFalse_s0: Loading model from ../models/synthetic/s123/random_mc2_n8_mid3_d1000_05_mr098_r10_175.uai
2026-02-06 13:19:33,033|INFO|random_mc2_n8_mid3_d1000_05_mr098_r10_175_uai_GDCC_1e-09_n200_roFalse_s0: Loading data from ../models/synthetic/s123/random_mc2_n8_mid3_d1000_05_mr098_r10_175.csv
2026-02-06 13:19:33,088|INFO|random_mc2_n9_mid3_d1000_05_mr098_r10_45_uai_GDCC_1e-09_n200_roFalse_s0: Arguments: Namespace(method='GDCC_1e-09', numruns='200', seed='0', output='../results/synthetic/s123/', rewrite=True, removeoutliers=False, filepath=['../models/synthetic/s123/random_mc2_n9_mid3_d1000_05_mr098_r10_45.uai'])
2026-02-06 13:19:33,088|INFO|random_mc2_n9_mid3_d1000_05_mr098_r10_45_uai_GDCC_1e-09_n200_roFalse_s0: Loading model from ../models/synthetic/s123/random_mc2_n9_mid3_d1000_05_mr098_r10_45.uai
2026-02-06 13:19:33,098|INFO|random_mc2_n9_mid3_d1000_05_mr098_r10_45_uai_GDCC_1e-09_n200_roFalse_s0: Loading data from ../models/synthetic/s123/random_mc2_n9_mid3_d1000_05_mr098_r10_45.csv
2026-02-06 13:19:33,109|INFO|random_mc2_n9_mid3_d1000_05_mr098_r10_45_uai_GDCC_1e-09_n200_roFalse_s0: PNS(V4,V5) exact: (0.0019792379219094, 0.0020994991224765)
2026-02-06 13:19:34,645|INFO|random_mc2_n5_mid3_d1000_05_mr098_r10_198_uai_GDCC_1e-09_n200_roTrue_s0: Arguments: Namespace(method='GDCC_1e-09', numruns='200', seed='0', output='../results/synthetic/s123/', rewrite=True, removeoutliers=True, filepath=['../models/synthetic/s123/random_mc2_n5_mid3_d1000_05_mr098_r10_198.uai'])
2026-02-06 13:19:34,646|INFO|random_mc2_n5_mid3_d1000_05_mr098_r10_198_uai_GDCC_1e-09_n200_roTrue_s0: Loading model from ../models/synthetic/s123/random_mc2_n5_mid3_d1000_05_mr098_r10_198.uai
2026-02-06 13:19:34,652|INFO|random_mc2_n5_mid3_d1000_05_mr098_r10_198_uai_GDCC_1e-09_n200_roTrue_s0: Loading data from ../models/synthetic/s123/random_mc2_n5_mid3_d1000_05_mr098_r10_198.csv
2026-02-06 13:19:34,664|INFO|random_mc2_n5_mid3_d1000_05_mr098_r10_198_uai_GDCC_1e-09_n200_roTrue_s0: PNS(V1,V2) exact: (0.0023041834999999, 0.0397455824)
2026-02-06 13:19:36,371|INFO|random_mc2_n5_mid3_d1000_05_mr098_r10_42_uai_GDCC_1e-09_n200_roFalse_s0: Arguments: Namespace(method='GDCC_1e-09', numruns='200', seed='0', output='../results/synthetic/s123/', rewrite=True, removeoutliers=False, filepath=['../models/synthetic/s123/random_mc2_n5_mid3_d1000_05_mr098_r10_42.uai'])
2026-02-06 13:19:36,380|INFO|random_mc2_n5_mid3_d1000_05_mr098_r10_138_uai_GDCC_1e-09_n200_roTrue_s0: Arguments: Namespace(method='GDCC_1e-09', numruns='200', seed='0', output='../results/synthetic/s123/', rewrite=True, removeoutliers=True, filepath=['../models/synthetic/s123/random_mc2_n5_mid3_d1000_05_mr098_r10_138.uai'])
2026-02-06 13:19:36,391|INFO|random_mc2_n5_mid3_d1000_05_mr098_r10_120_uai_GDCC_1e-09_n200_roFalse_s0: Arguments: Namespace(method='GDCC_1e-09', numruns='200', seed='0', output='../results/synthetic/s123/', rewrite=True, removeoutliers=False, filepath=['../models/synthetic/s123/random_mc2_n5_mid3_d1000_05_mr098_r10_120.uai'])
2026-02-06 13:19:36,397|INFO|random_mc2_n5_mid3_d1000_05_mr098_r10_28_uai_GDCC_1e-09_n200_roTrue_s0: Arguments: Namespace(method='GDCC_1e-09', numruns='200', seed='0', output='../results/synthetic/s123/', rewrite=True, removeoutliers=True, filepath=['../models/synthetic/s123/random_mc2_n5_mid3_d1000_05_mr098_r10_28.uai'])
2026-02-06 13:19:36,407|INFO|random_mc2_n9_mid3_d1000_05_mr098_r10_29_uai_GDCC_1e-09_n200_roTrue_s0: Arguments: Namespace(method='GDCC_1e-09', numruns='200', seed='0', output='../results/synthetic/s123/', rewrite=True, removeoutliers=True, filepath=['../models/synthetic/s123/random_mc2_n9_mid3_d1000_05_mr098_r10_29.uai'])
2026-02-06 13:19:36,371|INFO|random_mc2_n5_mid3_d1000_05_mr098_r10_42_uai_GDCC_1e-09_n200_roFalse_s0: Loading model from ../models/synthetic/s123/random_mc2_n5_mid3_d1000_05_mr098_r10_42.uai
2026-02-06 13:19:36,392|INFO|random_mc2_n5_mid3_d1000_05_mr098_r10_42_uai_GDCC_1e-09_n200_roFalse_s0: Loading data from ../models/synthetic/s123/random_mc2_n5_mid3_d1000_05_mr098_r10_42.csv
2026-02-06 13:19:36,410|INFO|random_mc2_n5_mid3_d1000_05_mr098_r10_16_uai_GDCC_1e-09_n200_roTrue_s0: Arguments: Namespace(method='GDCC_1e-09', numruns='200', seed='0', output='../results/synthetic/s123/', rewrite=True, removeoutliers=True, filepath=['../models/synthetic/s123/random_mc2_n5_mid3_d1000_05_mr098_r10_16.uai'])
2026-02-06 13:19:36,414|INFO|random_mc2_n8_mid3_d1000_05_mr098_r10_48_uai_GDCC_1e-09_n200_roTrue_s0: Arguments: Namespace(method='GDCC_1e-09', numruns='200', seed='0', output='../results/synthetic/s123/', rewrite=True, removeoutliers=True, filepath=['../models/synthetic/s123/random_mc2_n8_mid3_d1000_05_mr098_r10_48.uai'])
2026-02-06 13:19:36,380|INFO|random_mc2_n5_mid3_d1000_05_mr098_r10_138_uai_GDCC_1e-09_n200_roTrue_s0: Loading model from ../models/synthetic/s123/random_mc2_n5_mid3_d1000_05_mr098_r10_138.uai
2026-02-06 13:19:36,386|INFO|random_mc2_n5_mid3_d1000_05_mr098_r10_138_uai_GDCC_1e-09_n200_roTrue_s0: Loading data from ../models/synthetic/s123/random_mc2_n5_mid3_d1000_05_mr098_r10_138.csv
2026-02-06 13:19:36,398|INFO|random_mc2_n5_mid3_d1000_05_mr098_r10_138_uai_GDCC_1e-09_n200_roTrue_s0: PNS(V4,V0) exact: (0.01751032725, 0.049784487675)
2026-02-06 13:19:36,391|INFO|random_mc2_n5_mid3_d1000_05_mr098_r10_120_uai_GDCC_1e-09_n200_roFalse_s0: Loading model from ../models/synthetic/s123/random_mc2_n5_mid3_d1000_05_mr098_r10_120.uai
2026-02-06 13:19:36,396|INFO|random_mc2_n5_mid3_d1000_05_mr098_r10_120_uai_GDCC_1e-09_n200_roFalse_s0: Loading data from ../models/synthetic/s123/random_mc2_n5_mid3_d1000_05_mr098_r10_120.csv
2026-02-06 13:19:36,405|INFO|random_mc2_n5_mid3_d1000_05_mr098_r10_120_uai_GDCC_1e-09_n200_roFalse_s0: PNS(V3,V1) exact: (0.39503, 0.60644)
2026-02-06 13:19:36,397|INFO|random_mc2_n5_mid3_d1000_05_mr098_r10_28_uai_GDCC_1e-09_n200_roTrue_s0: Loading model from ../models/synthetic/s123/random_mc2_n5_mid3_d1000_05_mr098_r10_28.uai
2026-02-06 13:19:36,410|INFO|random_mc2_n5_mid3_d1000_05_mr098_r10_28_uai_GDCC_1e-09_n200_roTrue_s0: Loading data from ../models/synthetic/s123/random_mc2_n5_mid3_d1000_05_mr098_r10_28.csv
2026-02-06 13:19:36,437|INFO|random_mc2_n5_mid3_d1000_05_mr098_r10_151_uai_GDCC_1e-09_n200_roFalse_s0: Arguments: Namespace(method='GDCC_1e-09', numruns='200', seed='0', output='../results/synthetic/s123/', rewrite=True, removeoutliers=False, filepath=['../models/synthetic/s123/random_mc2_n5_mid3_d1000_05_mr098_r10_151.uai'])
2026-02-06 13:19:36,439|INFO|random_mc2_n9_mid3_d1000_05_mr098_r10_168_uai_GDCC_1e-09_n200_roFalse_s0: Arguments: Namespace(method='GDCC_1e-09', numruns='200', seed='0', output='../results/synthetic/s123/', rewrite=True, removeoutliers=False, filepath=['../models/synthetic/s123/random_mc2_n9_mid3_d1000_05_mr098_r10_168.uai'])
2026-02-06 13:19:36,441|INFO|random_mc2_n8_mid3_d1000_05_mr098_r10_28_uai_GDCC_1e-09_n200_roFalse_s0: Arguments: Namespace(method='GDCC_1e-09', numruns='200', seed='0', output='../results/synthetic/s123/', rewrite=True, removeoutliers=False, filepath=['../models/synthetic/s123/random_mc2_n8_mid3_d1000_05_mr098_r10_28.uai'])
2026-02-06 13:19:36,444|INFO|random_mc2_n8_mid3_d1000_05_mr098_r10_119_uai_GDCC_1e-09_n200_roTrue_s0: Arguments: Namespace(method='GDCC_1e-09', numruns='200', seed='0', output='../results/synthetic/s123/', rewrite=True, removeoutliers=True, filepath=['../models/synthetic/s123/random_mc2_n8_mid3_d1000_05_mr098_r10_119.uai'])
2026-02-06 13:19:36,407|INFO|random_mc2_n9_mid3_d1000_05_mr098_r10_29_uai_GDCC_1e-09_n200_roTrue_s0: Loading model from ../models/synthetic/s123/random_mc2_n9_mid3_d1000_05_mr098_r10_29.uai
2026-02-06 13:19:36,424|INFO|random_mc2_n9_mid3_d1000_05_mr098_r10_29_uai_GDCC_1e-09_n200_roTrue_s0: Loading data from ../models/synthetic/s123/random_mc2_n9_mid3_d1000_05_mr098_r10_29.csv
2026-02-06 13:19:36,450|INFO|random_mc2_n8_mid3_d1000_05_mr098_r10_127_uai_GDCC_1e-09_n200_roTrue_s0: Arguments: Namespace(method='GDCC_1e-09', numruns='200', seed='0', output='../results/synthetic/s123/', rewrite=True, removeoutliers=True, filepath=['../models/synthetic/s123/random_mc2_n8_mid3_d1000_05_mr098_r10_127.uai'])
2026-02-06 13:19:36,410|INFO|random_mc2_n5_mid3_d1000_05_mr098_r10_16_uai_GDCC_1e-09_n200_roTrue_s0: Loading model from ../models/synthetic/s123/random_mc2_n5_mid3_d1000_05_mr098_r10_16.uai
2026-02-06 13:19:36,417|INFO|random_mc2_n5_mid3_d1000_05_mr098_r10_16_uai_GDCC_1e-09_n200_roTrue_s0: Loading data from ../models/synthetic/s123/random_mc2_n5_mid3_d1000_05_mr098_r10_16.csv
2026-02-06 13:19:36,427|INFO|random_mc2_n5_mid3_d1000_05_mr098_r10_16_uai_GDCC_1e-09_n200_roTrue_s0: PNS(V4,V3) exact: (0.4152505784, 0.4639742588)
2026-02-06 13:19:36,414|INFO|random_mc2_n8_mid3_d1000_05_mr098_r10_48_uai_GDCC_1e-09_n200_roTrue_s0: Loading model from ../models/synthetic/s123/random_mc2_n8_mid3_d1000_05_mr098_r10_48.uai
2026-02-06 13:19:36,424|INFO|random_mc2_n8_mid3_d1000_05_mr098_r10_48_uai_GDCC_1e-09_n200_roTrue_s0: Loading data from ../models/synthetic/s123/random_mc2_n8_mid3_d1000_05_mr098_r10_48.csv
2026-02-06 13:19:36,434|INFO|random_mc2_n8_mid3_d1000_05_mr098_r10_48_uai_GDCC_1e-09_n200_roTrue_s0: PNS(V3,V0) exact: (0.1524285448463559, 0.220079197754316)
2026-02-06 13:19:36,457|INFO|random_mc2_n7_mid3_d1000_05_mr098_r10_46_uai_GDCC_1e-09_n200_roFalse_s0: Arguments: Namespace(method='GDCC_1e-09', numruns='200', seed='0', output='../results/synthetic/s123/', rewrite=True, removeoutliers=False, filepath=['../models/synthetic/s123/random_mc2_n7_mid3_d1000_05_mr098_r10_46.uai'])
2026-02-06 13:19:36,466|INFO|random_mc2_n6_mid3_d1000_05_mr098_r10_140_uai_GDCC_1e-09_n200_roFalse_s0: Arguments: Namespace(method='GDCC_1e-09', numruns='200', seed='0', output='../results/synthetic/s123/', rewrite=True, removeoutliers=False, filepath=['../models/synthetic/s123/random_mc2_n6_mid3_d1000_05_mr098_r10_140.uai'])
2026-02-06 13:19:36,437|INFO|random_mc2_n5_mid3_d1000_05_mr098_r10_151_uai_GDCC_1e-09_n200_roFalse_s0: Loading model from ../models/synthetic/s123/random_mc2_n5_mid3_d1000_05_mr098_r10_151.uai
2026-02-06 13:19:36,447|INFO|random_mc2_n5_mid3_d1000_05_mr098_r10_151_uai_GDCC_1e-09_n200_roFalse_s0: Loading data from ../models/synthetic/s123/random_mc2_n5_mid3_d1000_05_mr098_r10_151.csv
2026-02-06 13:19:36,458|INFO|random_mc2_n5_mid3_d1000_05_mr098_r10_151_uai_GDCC_1e-09_n200_roFalse_s0: PNS(V1,V2) exact: (0.0, 0.3129183631)
2026-02-06 13:19:36,440|INFO|random_mc2_n9_mid3_d1000_05_mr098_r10_168_uai_GDCC_1e-09_n200_roFalse_s0: Loading model from ../models/synthetic/s123/random_mc2_n9_mid3_d1000_05_mr098_r10_168.uai
2026-02-06 13:19:36,481|INFO|random_mc2_n9_mid3_d1000_05_mr098_r10_168_uai_GDCC_1e-09_n200_roFalse_s0: Loading data from ../models/synthetic/s123/random_mc2_n9_mid3_d1000_05_mr098_r10_168.csv
2026-02-06 13:19:36,441|INFO|random_mc2_n8_mid3_d1000_05_mr098_r10_28_uai_GDCC_1e-09_n200_roFalse_s0: Loading model from ../models/synthetic/s123/random_mc2_n8_mid3_d1000_05_mr098_r10_28.uai
2026-02-06 13:19:36,445|INFO|random_mc2_n8_mid3_d1000_05_mr098_r10_119_uai_GDCC_1e-09_n200_roTrue_s0: Loading model from ../models/synthetic/s123/random_mc2_n8_mid3_d1000_05_mr098_r10_119.uai
2026-02-06 13:19:36,450|INFO|random_mc2_n8_mid3_d1000_05_mr098_r10_127_uai_GDCC_1e-09_n200_roTrue_s0: Loading model from ../models/synthetic/s123/random_mc2_n8_mid3_d1000_05_mr098_r10_127.uai
2026-02-06 13:19:36,457|INFO|random_mc2_n7_mid3_d1000_05_mr098_r10_46_uai_GDCC_1e-09_n200_roFalse_s0: Loading model from ../models/synthetic/s123/random_mc2_n7_mid3_d1000_05_mr098_r10_46.uai
2026-02-06 13:19:36,467|INFO|random_mc2_n7_mid3_d1000_05_mr098_r10_46_uai_GDCC_1e-09_n200_roFalse_s0: Loading data from ../models/synthetic/s123/random_mc2_n7_mid3_d1000_05_mr098_r10_46.csv
2026-02-06 13:19:36,477|INFO|random_mc2_n7_mid3_d1000_05_mr098_r10_46_uai_GDCC_1e-09_n200_roFalse_s0: PNS(V1,V4) exact: (0.00791105, 0.013410082)
2026-02-06 13:19:36,501|INFO|random_mc2_n8_mid3_d1000_05_mr098_r10_127_uai_GDCC_1e-09_n200_roTrue_s0: Loading data from ../models/synthetic/s123/random_mc2_n8_mid3_d1000_05_mr098_r10_127.csv
2026-02-06 13:19:36,504|INFO|random_mc2_n8_mid3_d1000_05_mr098_r10_119_uai_GDCC_1e-09_n200_roTrue_s0: Loading data from ../models/synthetic/s123/random_mc2_n8_mid3_d1000_05_mr098_r10_119.csv
2026-02-06 13:19:36,466|INFO|random_mc2_n6_mid3_d1000_05_mr098_r10_140_uai_GDCC_1e-09_n200_roFalse_s0: Loading model from ../models/synthetic/s123/random_mc2_n6_mid3_d1000_05_mr098_r10_140.uai
2026-02-06 13:19:36,479|INFO|random_mc2_n6_mid3_d1000_05_mr098_r10_140_uai_GDCC_1e-09_n200_roFalse_s0: Loading data from ../models/synthetic/s123/random_mc2_n6_mid3_d1000_05_mr098_r10_140.csv
2026-02-06 13:19:36,523|INFO|random_mc2_n6_mid3_d1000_05_mr098_r10_94_uai_GDCC_1e-09_n200_roFalse_s0: Arguments: Namespace(method='GDCC_1e-09', numruns='200', seed='0', output='../results/synthetic/s123/', rewrite=True, removeoutliers=False, filepath=['../models/synthetic/s123/random_mc2_n6_mid3_d1000_05_mr098_r10_94.uai'])
2026-02-06 13:19:36,529|INFO|random_mc2_n8_mid3_d1000_05_mr098_r10_146_uai_GDCC_1e-09_n200_roTrue_s0: Arguments: Namespace(method='GDCC_1e-09', numruns='200', seed='0', output='../results/synthetic/s123/', rewrite=True, removeoutliers=True, filepath=['../models/synthetic/s123/random_mc2_n8_mid3_d1000_05_mr098_r10_146.uai'])
2026-02-06 13:19:36,523|INFO|random_mc2_n6_mid3_d1000_05_mr098_r10_94_uai_GDCC_1e-09_n200_roFalse_s0: Loading model from ../models/synthetic/s123/random_mc2_n6_mid3_d1000_05_mr098_r10_94.uai
2026-02-06 13:19:36,540|INFO|random_mc2_n6_mid3_d1000_05_mr098_r10_94_uai_GDCC_1e-09_n200_roFalse_s0: Loading data from ../models/synthetic/s123/random_mc2_n6_mid3_d1000_05_mr098_r10_94.csv
2026-02-06 13:19:36,550|INFO|random_mc2_n6_mid3_d1000_05_mr098_r10_94_uai_GDCC_1e-09_n200_roFalse_s0: PNS(V0,V5) exact: (0.0335349828721959, 0.1506232608719497)
2026-02-06 13:19:36,564|INFO|random_mc2_n7_mid3_d1000_05_mr098_r10_163_uai_GDCC_1e-09_n200_roTrue_s0: Arguments: Namespace(method='GDCC_1e-09', numruns='200', seed='0', output='../results/synthetic/s123/', rewrite=True, removeoutliers=True, filepath=['../models/synthetic/s123/random_mc2_n7_mid3_d1000_05_mr098_r10_163.uai'])
2026-02-06 13:19:36,530|INFO|random_mc2_n8_mid3_d1000_05_mr098_r10_146_uai_GDCC_1e-09_n200_roTrue_s0: Loading model from ../models/synthetic/s123/random_mc2_n8_mid3_d1000_05_mr098_r10_146.uai
2026-02-06 13:19:36,546|INFO|random_mc2_n8_mid3_d1000_05_mr098_r10_146_uai_GDCC_1e-09_n200_roTrue_s0: Loading data from ../models/synthetic/s123/random_mc2_n8_mid3_d1000_05_mr098_r10_146.csv
2026-02-06 13:19:36,580|INFO|random_mc2_n6_mid3_d1000_05_mr098_r10_8_uai_GDCC_1e-09_n200_roTrue_s0: Arguments: Namespace(method='GDCC_1e-09', numruns='200', seed='0', output='../results/synthetic/s123/', rewrite=True, removeoutliers=True, filepath=['../models/synthetic/s123/random_mc2_n6_mid3_d1000_05_mr098_r10_8.uai'])
2026-02-06 13:19:36,565|INFO|random_mc2_n7_mid3_d1000_05_mr098_r10_163_uai_GDCC_1e-09_n200_roTrue_s0: Loading model from ../models/synthetic/s123/random_mc2_n7_mid3_d1000_05_mr098_r10_163.uai
2026-02-06 13:19:36,579|INFO|random_mc2_n7_mid3_d1000_05_mr098_r10_163_uai_GDCC_1e-09_n200_roTrue_s0: Loading data from ../models/synthetic/s123/random_mc2_n7_mid3_d1000_05_mr098_r10_163.csv
2026-02-06 13:19:36,592|INFO|random_mc2_n7_mid3_d1000_05_mr098_r10_163_uai_GDCC_1e-09_n200_roTrue_s0: PNS(V0,V4) exact: (0.043281704345418, 0.2976756657121581)
2026-02-06 13:19:36,618|INFO|random_mc2_n5_mid3_d1000_05_mr098_r10_166_uai_GDCC_1e-09_n200_roFalse_s0: Arguments: Namespace(method='GDCC_1e-09', numruns='200', seed='0', output='../results/synthetic/s123/', rewrite=True, removeoutliers=False, filepath=['../models/synthetic/s123/random_mc2_n5_mid3_d1000_05_mr098_r10_166.uai'])
2026-02-06 13:19:36,580|INFO|random_mc2_n6_mid3_d1000_05_mr098_r10_8_uai_GDCC_1e-09_n200_roTrue_s0: Loading model from ../models/synthetic/s123/random_mc2_n6_mid3_d1000_05_mr098_r10_8.uai
2026-02-06 13:19:36,586|INFO|random_mc2_n6_mid3_d1000_05_mr098_r10_8_uai_GDCC_1e-09_n200_roTrue_s0: Loading data from ../models/synthetic/s123/random_mc2_n6_mid3_d1000_05_mr098_r10_8.csv
2026-02-06 13:19:36,597|INFO|random_mc2_n6_mid3_d1000_05_mr098_r10_8_uai_GDCC_1e-09_n200_roTrue_s0: PNS(V0,V3) exact: (0.0, 0.0)
2026-02-06 13:19:36,597|ERROR|random_mc2_n6_mid3_d1000_05_mr098_r10_8_uai_GDCC_1e-09_n200_roTrue_s0: Model does not have any cause-effect path.
2026-02-06 13:19:36,629|INFO|random_mc2_n5_mid3_d1000_05_mr098_r10_178_uai_GDCC_1e-09_n200_roTrue_s0: Arguments: Namespace(method='GDCC_1e-09', numruns='200', seed='0', output='../results/synthetic/s123/', rewrite=True, removeoutliers=True, filepath=['../models/synthetic/s123/random_mc2_n5_mid3_d1000_05_mr098_r10_178.uai'])
2026-02-06 13:19:36,619|INFO|random_mc2_n5_mid3_d1000_05_mr098_r10_166_uai_GDCC_1e-09_n200_roFalse_s0: Loading model from ../models/synthetic/s123/random_mc2_n5_mid3_d1000_05_mr098_r10_166.uai
2026-02-06 13:19:36,635|INFO|random_mc2_n5_mid3_d1000_05_mr098_r10_166_uai_GDCC_1e-09_n200_roFalse_s0: Loading data from ../models/synthetic/s123/random_mc2_n5_mid3_d1000_05_mr098_r10_166.csv
2026-02-06 13:19:36,662|INFO|random_mc2_n8_mid3_d1000_05_mr098_r10_173_uai_GDCC_1e-09_n200_roTrue_s0: Arguments: Namespace(method='GDCC_1e-09', numruns='200', seed='0', output='../results/synthetic/s123/', rewrite=True, removeoutliers=True, filepath=['../models/synthetic/s123/random_mc2_n8_mid3_d1000_05_mr098_r10_173.uai'])
2026-02-06 13:19:36,629|INFO|random_mc2_n5_mid3_d1000_05_mr098_r10_178_uai_GDCC_1e-09_n200_roTrue_s0: Loading model from ../models/synthetic/s123/random_mc2_n5_mid3_d1000_05_mr098_r10_178.uai
2026-02-06 13:19:36,657|INFO|random_mc2_n5_mid3_d1000_05_mr098_r10_178_uai_GDCC_1e-09_n200_roTrue_s0: Loading data from ../models/synthetic/s123/random_mc2_n5_mid3_d1000_05_mr098_r10_178.csv
2026-02-06 13:19:36,682|INFO|random_mc2_n8_mid3_d1000_05_mr098_r10_28_uai_GDCC_1e-09_n200_roFalse_s0: Loading data from ../models/synthetic/s123/random_mc2_n8_mid3_d1000_05_mr098_r10_28.csv
2026-02-06 13:19:36,689|INFO|random_mc2_n7_mid3_d1000_05_mr098_r10_177_uai_GDCC_1e-09_n200_roFalse_s0: Arguments: Namespace(method='GDCC_1e-09', numruns='200', seed='0', output='../results/synthetic/s123/', rewrite=True, removeoutliers=False, filepath=['../models/synthetic/s123/random_mc2_n7_mid3_d1000_05_mr098_r10_177.uai'])
2026-02-06 13:19:36,691|INFO|random_mc2_n9_mid3_d1000_05_mr098_r10_116_uai_GDCC_1e-09_n200_roTrue_s0: Arguments: Namespace(method='GDCC_1e-09', numruns='200', seed='0', output='../results/synthetic/s123/', rewrite=True, removeoutliers=True, filepath=['../models/synthetic/s123/random_mc2_n9_mid3_d1000_05_mr098_r10_116.uai'])
2026-02-06 13:19:36,662|INFO|random_mc2_n8_mid3_d1000_05_mr098_r10_173_uai_GDCC_1e-09_n200_roTrue_s0: Loading model from ../models/synthetic/s123/random_mc2_n8_mid3_d1000_05_mr098_r10_173.uai
2026-02-06 13:19:36,682|INFO|random_mc2_n8_mid3_d1000_05_mr098_r10_173_uai_GDCC_1e-09_n200_roTrue_s0: Loading data from ../models/synthetic/s123/random_mc2_n8_mid3_d1000_05_mr098_r10_173.csv
2026-02-06 13:19:36,715|INFO|random_mc2_n9_mid3_d1000_05_mr098_r10_137_uai_GDCC_1e-09_n200_roTrue_s0: Arguments: Namespace(method='GDCC_1e-09', numruns='200', seed='0', output='../results/synthetic/s123/', rewrite=True, removeoutliers=True, filepath=['../models/synthetic/s123/random_mc2_n9_mid3_d1000_05_mr098_r10_137.uai'])
2026-02-06 13:19:36,689|INFO|random_mc2_n7_mid3_d1000_05_mr098_r10_177_uai_GDCC_1e-09_n200_roFalse_s0: Loading model from ../models/synthetic/s123/random_mc2_n7_mid3_d1000_05_mr098_r10_177.uai
2026-02-06 13:19:36,697|INFO|random_mc2_n7_mid3_d1000_05_mr098_r10_177_uai_GDCC_1e-09_n200_roFalse_s0: Loading data from ../models/synthetic/s123/random_mc2_n7_mid3_d1000_05_mr098_r10_177.csv
2026-02-06 13:19:36,708|INFO|random_mc2_n7_mid3_d1000_05_mr098_r10_177_uai_GDCC_1e-09_n200_roFalse_s0: PNS(V1,V5) exact: (0.0, 0.0)
2026-02-06 13:19:36,709|ERROR|random_mc2_n7_mid3_d1000_05_mr098_r10_177_uai_GDCC_1e-09_n200_roFalse_s0: Model does not have any cause-effect path.
2026-02-06 13:19:36,691|INFO|random_mc2_n9_mid3_d1000_05_mr098_r10_116_uai_GDCC_1e-09_n200_roTrue_s0: Loading model from ../models/synthetic/s123/random_mc2_n9_mid3_d1000_05_mr098_r10_116.uai
2026-02-06 13:19:36,709|INFO|random_mc2_n9_mid3_d1000_05_mr098_r10_116_uai_GDCC_1e-09_n200_roTrue_s0: Loading data from ../models/synthetic/s123/random_mc2_n9_mid3_d1000_05_mr098_r10_116.csv
2026-02-06 13:19:36,719|INFO|random_mc2_n9_mid3_d1000_05_mr098_r10_116_uai_GDCC_1e-09_n200_roTrue_s0: PNS(V2,V0) exact: (0.0201090016271876, 0.1746422034672741)
2026-02-06 13:19:36,715|INFO|random_mc2_n9_mid3_d1000_05_mr098_r10_137_uai_GDCC_1e-09_n200_roTrue_s0: Loading model from ../models/synthetic/s123/random_mc2_n9_mid3_d1000_05_mr098_r10_137.uai
2026-02-06 13:19:36,944|INFO|random_mc2_n9_mid3_d1000_05_mr098_r10_137_uai_GDCC_1e-09_n200_roTrue_s0: Loading data from ../models/synthetic/s123/random_mc2_n9_mid3_d1000_05_mr098_r10_137.csv
2026-02-06 13:19:40,103|INFO|random_mc2_n5_mid3_d1000_05_mr098_r10_85_uai_GDCC_1e-09_n200_roFalse_s0: Arguments: Namespace(method='GDCC_1e-09', numruns='200', seed='0', output='../results/synthetic/s123/', rewrite=True, removeoutliers=False, filepath=['../models/synthetic/s123/random_mc2_n5_mid3_d1000_05_mr098_r10_85.uai'])
2026-02-06 13:19:40,103|INFO|random_mc2_n5_mid3_d1000_05_mr098_r10_85_uai_GDCC_1e-09_n200_roFalse_s0: Loading model from ../models/synthetic/s123/random_mc2_n5_mid3_d1000_05_mr098_r10_85.uai
2026-02-06 13:19:40,117|INFO|random_mc2_n5_mid3_d1000_05_mr098_r10_85_uai_GDCC_1e-09_n200_roFalse_s0: Loading data from ../models/synthetic/s123/random_mc2_n5_mid3_d1000_05_mr098_r10_85.csv
2026-02-06 13:19:42,351|INFO|random_mc2_n5_mid3_d1000_05_mr098_r10_171_uai_GDCC_1e-09_n200_roTrue_s0: Arguments: Namespace(method='GDCC_1e-09', numruns='200', seed='0', output='../results/synthetic/s123/', rewrite=True, removeoutliers=True, filepath=['../models/synthetic/s123/random_mc2_n5_mid3_d1000_05_mr098_r10_171.uai'])
2026-02-06 13:19:42,351|INFO|random_mc2_n5_mid3_d1000_05_mr098_r10_171_uai_GDCC_1e-09_n200_roTrue_s0: Loading model from ../models/synthetic/s123/random_mc2_n5_mid3_d1000_05_mr098_r10_171.uai
2026-02-06 13:19:42,358|INFO|random_mc2_n5_mid3_d1000_05_mr098_r10_171_uai_GDCC_1e-09_n200_roTrue_s0: Loading data from ../models/synthetic/s123/random_mc2_n5_mid3_d1000_05_mr098_r10_171.csv
2026-02-06 13:19:42,369|INFO|random_mc2_n5_mid3_d1000_05_mr098_r10_171_uai_GDCC_1e-09_n200_roTrue_s0: PNS(V1,V3) exact: (0.1863474158, 0.2259063265)
2026-02-06 13:19:44,796|INFO|random_mc2_n5_mid3_d1000_05_mr098_r10_174_uai_GDCC_1e-09_n200_roFalse_s0: Arguments: Namespace(method='GDCC_1e-09', numruns='200', seed='0', output='../results/synthetic/s123/', rewrite=True, removeoutliers=False, filepath=['../models/synthetic/s123/random_mc2_n5_mid3_d1000_05_mr098_r10_174.uai'])
2026-02-06 13:19:44,824|INFO|random_mc2_n6_mid3_d1000_05_mr098_r10_140_uai_GDCC_1e-09_n200_roTrue_s0: Arguments: Namespace(method='GDCC_1e-09', numruns='200', seed='0', output='../results/synthetic/s123/', rewrite=True, removeoutliers=True, filepath=['../models/synthetic/s123/random_mc2_n6_mid3_d1000_05_mr098_r10_140.uai'])
2026-02-06 13:19:44,828|INFO|random_mc2_n5_mid3_d1000_05_mr098_r10_172_uai_GDCC_1e-09_n200_roTrue_s0: Arguments: Namespace(method='GDCC_1e-09', numruns='200', seed='0', output='../results/synthetic/s123/', rewrite=True, removeoutliers=True, filepath=['../models/synthetic/s123/random_mc2_n5_mid3_d1000_05_mr098_r10_172.uai'])
2026-02-06 13:19:44,796|INFO|random_mc2_n5_mid3_d1000_05_mr098_r10_174_uai_GDCC_1e-09_n200_roFalse_s0: Loading model from ../models/synthetic/s123/random_mc2_n5_mid3_d1000_05_mr098_r10_174.uai
2026-02-06 13:19:44,808|INFO|random_mc2_n5_mid3_d1000_05_mr098_r10_174_uai_GDCC_1e-09_n200_roFalse_s0: Loading data from ../models/synthetic/s123/random_mc2_n5_mid3_d1000_05_mr098_r10_174.csv
2026-02-06 13:19:44,820|INFO|random_mc2_n5_mid3_d1000_05_mr098_r10_174_uai_GDCC_1e-09_n200_roFalse_s0: PNS(V1,V3) exact: (0.497273609538846, 0.62213966937114)
2026-02-06 13:19:44,825|INFO|random_mc2_n6_mid3_d1000_05_mr098_r10_140_uai_GDCC_1e-09_n200_roTrue_s0: Loading model from ../models/synthetic/s123/random_mc2_n6_mid3_d1000_05_mr098_r10_140.uai
2026-02-06 13:19:44,839|INFO|random_mc2_n6_mid3_d1000_05_mr098_r10_140_uai_GDCC_1e-09_n200_roTrue_s0: Loading data from ../models/synthetic/s123/random_mc2_n6_mid3_d1000_05_mr098_r10_140.csv
2026-02-06 13:19:44,828|INFO|random_mc2_n5_mid3_d1000_05_mr098_r10_172_uai_GDCC_1e-09_n200_roTrue_s0: Loading model from ../models/synthetic/s123/random_mc2_n5_mid3_d1000_05_mr098_r10_172.uai
2026-02-06 13:19:44,838|INFO|random_mc2_n5_mid3_d1000_05_mr098_r10_172_uai_GDCC_1e-09_n200_roTrue_s0: Loading data from ../models/synthetic/s123/random_mc2_n5_mid3_d1000_05_mr098_r10_172.csv
2026-02-06 13:19:44,849|INFO|random_mc2_n5_mid3_d1000_05_mr098_r10_172_uai_GDCC_1e-09_n200_roTrue_s0: PNS(V2,V4) exact: (0.3028800000000001, 0.4415600000000001)
2026-02-06 13:19:45,949|INFO|random_mc2_n6_mid3_d1000_05_mr098_r10_128_uai_GDCC_1e-09_n200_roTrue_s0: Arguments: Namespace(method='GDCC_1e-09', numruns='200', seed='0', output='../results/synthetic/s123/', rewrite=True, removeoutliers=True, filepath=['../models/synthetic/s123/random_mc2_n6_mid3_d1000_05_mr098_r10_128.uai'])
2026-02-06 13:19:45,950|INFO|random_mc2_n6_mid3_d1000_05_mr098_r10_128_uai_GDCC_1e-09_n200_roTrue_s0: Loading model from ../models/synthetic/s123/random_mc2_n6_mid3_d1000_05_mr098_r10_128.uai
2026-02-06 13:19:45,961|INFO|random_mc2_n6_mid3_d1000_05_mr098_r10_128_uai_GDCC_1e-09_n200_roTrue_s0: Loading data from ../models/synthetic/s123/random_mc2_n6_mid3_d1000_05_mr098_r10_128.csv
2026-02-06 13:19:45,973|INFO|random_mc2_n6_mid3_d1000_05_mr098_r10_128_uai_GDCC_1e-09_n200_roTrue_s0: PNS(V0,V4) exact: (0.38097471340495, 0.457162013037466)
2026-02-06 13:19:50,148|INFO|random_mc2_n6_mid3_d1000_05_mr098_r10_174_uai_GDCC_1e-09_n200_roTrue_s0: Arguments: Namespace(method='GDCC_1e-09', numruns='200', seed='0', output='../results/synthetic/s123/', rewrite=True, removeoutliers=True, filepath=['../models/synthetic/s123/random_mc2_n6_mid3_d1000_05_mr098_r10_174.uai'])
2026-02-06 13:19:50,168|INFO|random_mc2_n8_mid3_d1000_05_mr098_r10_169_uai_GDCC_1e-09_n200_roTrue_s0: Arguments: Namespace(method='GDCC_1e-09', numruns='200', seed='0', output='../results/synthetic/s123/', rewrite=True, removeoutliers=True, filepath=['../models/synthetic/s123/random_mc2_n8_mid3_d1000_05_mr098_r10_169.uai'])
2026-02-06 13:19:50,170|INFO|random_mc2_n6_mid3_d1000_05_mr098_r10_146_uai_GDCC_1e-09_n200_roTrue_s0: Arguments: Namespace(method='GDCC_1e-09', numruns='200', seed='0', output='../results/synthetic/s123/', rewrite=True, removeoutliers=True, filepath=['../models/synthetic/s123/random_mc2_n6_mid3_d1000_05_mr098_r10_146.uai'])
2026-02-06 13:19:50,170|INFO|random_mc2_n9_mid3_d1000_05_mr098_r10_28_uai_GDCC_1e-09_n200_roFalse_s0: Arguments: Namespace(method='GDCC_1e-09', numruns='200', seed='0', output='../results/synthetic/s123/', rewrite=True, removeoutliers=False, filepath=['../models/synthetic/s123/random_mc2_n9_mid3_d1000_05_mr098_r10_28.uai'])
2026-02-06 13:19:50,178|INFO|random_mc2_n5_mid3_d1000_05_mr098_r10_81_uai_GDCC_1e-09_n200_roFalse_s0: Arguments: Namespace(method='GDCC_1e-09', numruns='200', seed='0', output='../results/synthetic/s123/', rewrite=True, removeoutliers=False, filepath=['../models/synthetic/s123/random_mc2_n5_mid3_d1000_05_mr098_r10_81.uai'])
2026-02-06 13:19:50,148|INFO|random_mc2_n6_mid3_d1000_05_mr098_r10_174_uai_GDCC_1e-09_n200_roTrue_s0: Loading model from ../models/synthetic/s123/random_mc2_n6_mid3_d1000_05_mr098_r10_174.uai
2026-02-06 13:19:50,160|INFO|random_mc2_n6_mid3_d1000_05_mr098_r10_174_uai_GDCC_1e-09_n200_roTrue_s0: Loading data from ../models/synthetic/s123/random_mc2_n6_mid3_d1000_05_mr098_r10_174.csv
2026-02-06 13:19:50,168|INFO|random_mc2_n8_mid3_d1000_05_mr098_r10_169_uai_GDCC_1e-09_n200_roTrue_s0: Loading model from ../models/synthetic/s123/random_mc2_n8_mid3_d1000_05_mr098_r10_169.uai
2026-02-06 13:19:50,170|INFO|random_mc2_n6_mid3_d1000_05_mr098_r10_146_uai_GDCC_1e-09_n200_roTrue_s0: Loading model from ../models/synthetic/s123/random_mc2_n6_mid3_d1000_05_mr098_r10_146.uai
2026-02-06 13:19:50,171|INFO|random_mc2_n9_mid3_d1000_05_mr098_r10_28_uai_GDCC_1e-09_n200_roFalse_s0: Loading model from ../models/synthetic/s123/random_mc2_n9_mid3_d1000_05_mr098_r10_28.uai
2026-02-06 13:19:50,180|INFO|random_mc2_n6_mid3_d1000_05_mr098_r10_146_uai_GDCC_1e-09_n200_roTrue_s0: Loading data from ../models/synthetic/s123/random_mc2_n6_mid3_d1000_05_mr098_r10_146.csv
2026-02-06 13:19:50,189|INFO|random_mc2_n9_mid3_d1000_05_mr098_r10_28_uai_GDCC_1e-09_n200_roFalse_s0: Loading data from ../models/synthetic/s123/random_mc2_n9_mid3_d1000_05_mr098_r10_28.csv
2026-02-06 13:19:50,189|INFO|random_mc2_n6_mid3_d1000_05_mr098_r10_146_uai_GDCC_1e-09_n200_roTrue_s0: PNS(V5,V3) exact: (0.4629754663000001, 0.4943296704000001)
2026-02-06 13:19:50,213|INFO|random_mc2_n8_mid3_d1000_05_mr098_r10_169_uai_GDCC_1e-09_n200_roTrue_s0: Loading data from ../models/synthetic/s123/random_mc2_n8_mid3_d1000_05_mr098_r10_169.csv
2026-02-06 13:19:50,178|INFO|random_mc2_n5_mid3_d1000_05_mr098_r10_81_uai_GDCC_1e-09_n200_roFalse_s0: Loading model from ../models/synthetic/s123/random_mc2_n5_mid3_d1000_05_mr098_r10_81.uai
2026-02-06 13:19:50,188|INFO|random_mc2_n5_mid3_d1000_05_mr098_r10_81_uai_GDCC_1e-09_n200_roFalse_s0: Loading data from ../models/synthetic/s123/random_mc2_n5_mid3_d1000_05_mr098_r10_81.csv
2026-02-06 13:19:50,242|INFO|random_mc2_n6_mid3_d1000_05_mr098_r10_22_uai_GDCC_1e-09_n200_roFalse_s0: Arguments: Namespace(method='GDCC_1e-09', numruns='200', seed='0', output='../results/synthetic/s123/', rewrite=True, removeoutliers=False, filepath=['../models/synthetic/s123/random_mc2_n6_mid3_d1000_05_mr098_r10_22.uai'])
2026-02-06 13:19:50,242|INFO|random_mc2_n6_mid3_d1000_05_mr098_r10_22_uai_GDCC_1e-09_n200_roFalse_s0: Loading model from ../models/synthetic/s123/random_mc2_n6_mid3_d1000_05_mr098_r10_22.uai
2026-02-06 13:19:50,252|INFO|random_mc2_n6_mid3_d1000_05_mr098_r10_22_uai_GDCC_1e-09_n200_roFalse_s0: Loading data from ../models/synthetic/s123/random_mc2_n6_mid3_d1000_05_mr098_r10_22.csv
2026-02-06 13:19:50,591|INFO|random_mc2_n7_mid3_d1000_05_mr098_r10_80_uai_GDCC_1e-09_n200_roFalse_s0: Arguments: Namespace(method='GDCC_1e-09', numruns='200', seed='0', output='../results/synthetic/s123/', rewrite=True, removeoutliers=False, filepath=['../models/synthetic/s123/random_mc2_n7_mid3_d1000_05_mr098_r10_80.uai'])
2026-02-06 13:19:50,594|INFO|random_mc2_n9_mid3_d1000_05_mr098_r10_133_uai_GDCC_1e-09_n200_roTrue_s0: Arguments: Namespace(method='GDCC_1e-09', numruns='200', seed='0', output='../results/synthetic/s123/', rewrite=True, removeoutliers=True, filepath=['../models/synthetic/s123/random_mc2_n9_mid3_d1000_05_mr098_r10_133.uai'])
2026-02-06 13:19:50,625|INFO|random_mc2_n8_mid3_d1000_05_mr098_r10_32_uai_GDCC_1e-09_n200_roTrue_s0: Arguments: Namespace(method='GDCC_1e-09', numruns='200', seed='0', output='../results/synthetic/s123/', rewrite=True, removeoutliers=True, filepath=['../models/synthetic/s123/random_mc2_n8_mid3_d1000_05_mr098_r10_32.uai'])
2026-02-06 13:19:50,592|INFO|random_mc2_n7_mid3_d1000_05_mr098_r10_80_uai_GDCC_1e-09_n200_roFalse_s0: Loading model from ../models/synthetic/s123/random_mc2_n7_mid3_d1000_05_mr098_r10_80.uai
2026-02-06 13:19:50,631|INFO|random_mc2_n5_mid3_d1000_05_mr098_r10_49_uai_GDCC_1e-09_n200_roTrue_s0: Arguments: Namespace(method='GDCC_1e-09', numruns='200', seed='0', output='../results/synthetic/s123/', rewrite=True, removeoutliers=True, filepath=['../models/synthetic/s123/random_mc2_n5_mid3_d1000_05_mr098_r10_49.uai'])
2026-02-06 13:19:50,609|INFO|random_mc2_n7_mid3_d1000_05_mr098_r10_80_uai_GDCC_1e-09_n200_roFalse_s0: Loading data from ../models/synthetic/s123/random_mc2_n7_mid3_d1000_05_mr098_r10_80.csv
2026-02-06 13:19:50,620|INFO|random_mc2_n7_mid3_d1000_05_mr098_r10_80_uai_GDCC_1e-09_n200_roFalse_s0: PNS(V0,V6) exact: (0.03946968674409, 0.2126297216363641)
2026-02-06 13:19:50,632|INFO|random_mc2_n5_mid3_d1000_05_mr098_r10_20_uai_GDCC_1e-09_n200_roTrue_s0: Arguments: Namespace(method='GDCC_1e-09', numruns='200', seed='0', output='../results/synthetic/s123/', rewrite=True, removeoutliers=True, filepath=['../models/synthetic/s123/random_mc2_n5_mid3_d1000_05_mr098_r10_20.uai'])
2026-02-06 13:19:50,594|INFO|random_mc2_n9_mid3_d1000_05_mr098_r10_133_uai_GDCC_1e-09_n200_roTrue_s0: Loading model from ../models/synthetic/s123/random_mc2_n9_mid3_d1000_05_mr098_r10_133.uai
2026-02-06 13:19:50,609|INFO|random_mc2_n9_mid3_d1000_05_mr098_r10_133_uai_GDCC_1e-09_n200_roTrue_s0: Loading data from ../models/synthetic/s123/random_mc2_n9_mid3_d1000_05_mr098_r10_133.csv
2026-02-06 13:19:50,625|INFO|random_mc2_n8_mid3_d1000_05_mr098_r10_32_uai_GDCC_1e-09_n200_roTrue_s0: Loading model from ../models/synthetic/s123/random_mc2_n8_mid3_d1000_05_mr098_r10_32.uai
2026-02-06 13:19:50,647|INFO|random_mc2_n8_mid3_d1000_05_mr098_r10_32_uai_GDCC_1e-09_n200_roTrue_s0: Loading data from ../models/synthetic/s123/random_mc2_n8_mid3_d1000_05_mr098_r10_32.csv
2026-02-06 13:19:50,632|INFO|random_mc2_n5_mid3_d1000_05_mr098_r10_49_uai_GDCC_1e-09_n200_roTrue_s0: Loading model from ../models/synthetic/s123/random_mc2_n5_mid3_d1000_05_mr098_r10_49.uai
2026-02-06 13:19:50,637|INFO|random_mc2_n5_mid3_d1000_05_mr098_r10_49_uai_GDCC_1e-09_n200_roTrue_s0: Loading data from ../models/synthetic/s123/random_mc2_n5_mid3_d1000_05_mr098_r10_49.csv
2026-02-06 13:19:50,633|INFO|random_mc2_n5_mid3_d1000_05_mr098_r10_20_uai_GDCC_1e-09_n200_roTrue_s0: Loading model from ../models/synthetic/s123/random_mc2_n5_mid3_d1000_05_mr098_r10_20.uai
2026-02-06 13:19:50,640|INFO|random_mc2_n5_mid3_d1000_05_mr098_r10_20_uai_GDCC_1e-09_n200_roTrue_s0: Loading data from ../models/synthetic/s123/random_mc2_n5_mid3_d1000_05_mr098_r10_20.csv
2026-02-06 13:19:50,687|INFO|random_mc2_n5_mid3_d1000_05_mr098_r10_39_uai_GDCC_1e-09_n200_roFalse_s0: Arguments: Namespace(method='GDCC_1e-09', numruns='200', seed='0', output='../results/synthetic/s123/', rewrite=True, removeoutliers=False, filepath=['../models/synthetic/s123/random_mc2_n5_mid3_d1000_05_mr098_r10_39.uai'])
2026-02-06 13:19:50,687|INFO|random_mc2_n5_mid3_d1000_05_mr098_r10_39_uai_GDCC_1e-09_n200_roFalse_s0: Loading model from ../models/synthetic/s123/random_mc2_n5_mid3_d1000_05_mr098_r10_39.uai
2026-02-06 13:19:50,695|INFO|random_mc2_n5_mid3_d1000_05_mr098_r10_39_uai_GDCC_1e-09_n200_roFalse_s0: Loading data from ../models/synthetic/s123/random_mc2_n5_mid3_d1000_05_mr098_r10_39.csv
2026-02-06 13:19:50,707|INFO|random_mc2_n5_mid3_d1000_05_mr098_r10_39_uai_GDCC_1e-09_n200_roFalse_s0: PNS(V1,V4) exact: (0.0280539, 0.03752366)
2026-02-06 13:19:50,731|INFO|random_mc2_n5_mid3_d1000_05_mr098_r10_191_uai_GDCC_1e-09_n200_roTrue_s0: Arguments: Namespace(method='GDCC_1e-09', numruns='200', seed='0', output='../results/synthetic/s123/', rewrite=True, removeoutliers=True, filepath=['../models/synthetic/s123/random_mc2_n5_mid3_d1000_05_mr098_r10_191.uai'])
2026-02-06 13:19:50,731|INFO|random_mc2_n5_mid3_d1000_05_mr098_r10_191_uai_GDCC_1e-09_n200_roTrue_s0: Loading model from ../models/synthetic/s123/random_mc2_n5_mid3_d1000_05_mr098_r10_191.uai
2026-02-06 13:19:50,736|INFO|random_mc2_n5_mid3_d1000_05_mr098_r10_191_uai_GDCC_1e-09_n200_roTrue_s0: Loading data from ../models/synthetic/s123/random_mc2_n5_mid3_d1000_05_mr098_r10_191.csv
2026-02-06 13:19:50,853|INFO|random_mc2_n5_mid3_d1000_05_mr098_r10_189_uai_GDCC_1e-09_n200_roFalse_s0: Arguments: Namespace(method='GDCC_1e-09', numruns='200', seed='0', output='../results/synthetic/s123/', rewrite=True, removeoutliers=False, filepath=['../models/synthetic/s123/random_mc2_n5_mid3_d1000_05_mr098_r10_189.uai'])
2026-02-06 13:19:50,871|INFO|random_mc2_n5_mid3_d1000_05_mr098_r10_8_uai_GDCC_1e-09_n200_roFalse_s0: Arguments: Namespace(method='GDCC_1e-09', numruns='200', seed='0', output='../results/synthetic/s123/', rewrite=True, removeoutliers=False, filepath=['../models/synthetic/s123/random_mc2_n5_mid3_d1000_05_mr098_r10_8.uai'])
2026-02-06 13:19:50,873|INFO|random_mc2_n6_mid3_d1000_05_mr098_r10_15_uai_GDCC_1e-09_n200_roFalse_s0: Arguments: Namespace(method='GDCC_1e-09', numruns='200', seed='0', output='../results/synthetic/s123/', rewrite=True, removeoutliers=False, filepath=['../models/synthetic/s123/random_mc2_n6_mid3_d1000_05_mr098_r10_15.uai'])
2026-02-06 13:19:50,853|INFO|random_mc2_n5_mid3_d1000_05_mr098_r10_189_uai_GDCC_1e-09_n200_roFalse_s0: Loading model from ../models/synthetic/s123/random_mc2_n5_mid3_d1000_05_mr098_r10_189.uai
2026-02-06 13:19:50,893|INFO|random_mc2_n9_mid3_d1000_05_mr098_r10_136_uai_GDCC_1e-09_n200_roTrue_s0: Arguments: Namespace(method='GDCC_1e-09', numruns='200', seed='0', output='../results/synthetic/s123/', rewrite=True, removeoutliers=True, filepath=['../models/synthetic/s123/random_mc2_n9_mid3_d1000_05_mr098_r10_136.uai'])
2026-02-06 13:19:50,858|INFO|random_mc2_n5_mid3_d1000_05_mr098_r10_189_uai_GDCC_1e-09_n200_roFalse_s0: Loading data from ../models/synthetic/s123/random_mc2_n5_mid3_d1000_05_mr098_r10_189.csv
2026-02-06 13:19:50,868|INFO|random_mc2_n5_mid3_d1000_05_mr098_r10_189_uai_GDCC_1e-09_n200_roFalse_s0: PNS(V0,V1) exact: (0.0, 0.0)
2026-02-06 13:19:50,872|INFO|random_mc2_n5_mid3_d1000_05_mr098_r10_8_uai_GDCC_1e-09_n200_roFalse_s0: Loading model from ../models/synthetic/s123/random_mc2_n5_mid3_d1000_05_mr098_r10_8.uai
2026-02-06 13:19:50,878|INFO|random_mc2_n5_mid3_d1000_05_mr098_r10_8_uai_GDCC_1e-09_n200_roFalse_s0: Loading data from ../models/synthetic/s123/random_mc2_n5_mid3_d1000_05_mr098_r10_8.csv
2026-02-06 13:19:50,887|INFO|random_mc2_n5_mid3_d1000_05_mr098_r10_8_uai_GDCC_1e-09_n200_roFalse_s0: PNS(V2,V4) exact: (0.1708037925, 0.4919019990000001)
2026-02-06 13:19:50,873|INFO|random_mc2_n6_mid3_d1000_05_mr098_r10_15_uai_GDCC_1e-09_n200_roFalse_s0: Loading model from ../models/synthetic/s123/random_mc2_n6_mid3_d1000_05_mr098_r10_15.uai
2026-02-06 13:19:50,879|INFO|random_mc2_n6_mid3_d1000_05_mr098_r10_15_uai_GDCC_1e-09_n200_roFalse_s0: Loading data from ../models/synthetic/s123/random_mc2_n6_mid3_d1000_05_mr098_r10_15.csv
2026-02-06 13:19:50,889|INFO|random_mc2_n6_mid3_d1000_05_mr098_r10_15_uai_GDCC_1e-09_n200_roFalse_s0: PNS(V2,V5) exact: (5.70302784e-05, 0.0612875741534)
2026-02-06 13:19:50,926|INFO|random_mc2_n6_mid3_d1000_05_mr098_r10_1_uai_GDCC_1e-09_n200_roTrue_s0: Arguments: Namespace(method='GDCC_1e-09', numruns='200', seed='0', output='../results/synthetic/s123/', rewrite=True, removeoutliers=True, filepath=['../models/synthetic/s123/random_mc2_n6_mid3_d1000_05_mr098_r10_1.uai'])
2026-02-06 13:19:50,932|INFO|random_mc2_n7_mid3_d1000_05_mr098_r10_92_uai_GDCC_1e-09_n200_roFalse_s0: Arguments: Namespace(method='GDCC_1e-09', numruns='200', seed='0', output='../results/synthetic/s123/', rewrite=True, removeoutliers=False, filepath=['../models/synthetic/s123/random_mc2_n7_mid3_d1000_05_mr098_r10_92.uai'])
2026-02-06 13:19:50,893|INFO|random_mc2_n9_mid3_d1000_05_mr098_r10_136_uai_GDCC_1e-09_n200_roTrue_s0: Loading model from ../models/synthetic/s123/random_mc2_n9_mid3_d1000_05_mr098_r10_136.uai
2026-02-06 13:19:50,915|INFO|random_mc2_n9_mid3_d1000_05_mr098_r10_136_uai_GDCC_1e-09_n200_roTrue_s0: Loading data from ../models/synthetic/s123/random_mc2_n9_mid3_d1000_05_mr098_r10_136.csv
2026-02-06 13:19:50,926|INFO|random_mc2_n6_mid3_d1000_05_mr098_r10_1_uai_GDCC_1e-09_n200_roTrue_s0: Loading model from ../models/synthetic/s123/random_mc2_n6_mid3_d1000_05_mr098_r10_1.uai
2026-02-06 13:19:50,965|INFO|random_mc2_n8_mid3_d1000_05_mr098_r10_39_uai_GDCC_1e-09_n200_roTrue_s0: Arguments: Namespace(method='GDCC_1e-09', numruns='200', seed='0', output='../results/synthetic/s123/', rewrite=True, removeoutliers=True, filepath=['../models/synthetic/s123/random_mc2_n8_mid3_d1000_05_mr098_r10_39.uai'])
2026-02-06 13:19:50,944|INFO|random_mc2_n6_mid3_d1000_05_mr098_r10_1_uai_GDCC_1e-09_n200_roTrue_s0: Loading data from ../models/synthetic/s123/random_mc2_n6_mid3_d1000_05_mr098_r10_1.csv
2026-02-06 13:19:50,953|INFO|random_mc2_n6_mid3_d1000_05_mr098_r10_1_uai_GDCC_1e-09_n200_roTrue_s0: PNS(V1,V5) exact: (0.4916268825, 0.6244381053000002)
2026-02-06 13:19:50,933|INFO|random_mc2_n7_mid3_d1000_05_mr098_r10_92_uai_GDCC_1e-09_n200_roFalse_s0: Loading model from ../models/synthetic/s123/random_mc2_n7_mid3_d1000_05_mr098_r10_92.uai
2026-02-06 13:19:50,987|INFO|random_mc2_n5_mid3_d1000_05_mr098_r10_19_uai_GDCC_1e-09_n200_roTrue_s0: Arguments: Namespace(method='GDCC_1e-09', numruns='200', seed='0', output='../results/synthetic/s123/', rewrite=True, removeoutliers=True, filepath=['../models/synthetic/s123/random_mc2_n5_mid3_d1000_05_mr098_r10_19.uai'])
2026-02-06 13:19:50,992|INFO|random_mc2_n6_mid3_d1000_05_mr098_r10_47_uai_GDCC_1e-09_n200_roFalse_s0: Arguments: Namespace(method='GDCC_1e-09', numruns='200', seed='0', output='../results/synthetic/s123/', rewrite=True, removeoutliers=False, filepath=['../models/synthetic/s123/random_mc2_n6_mid3_d1000_05_mr098_r10_47.uai'])
2026-02-06 13:19:50,965|INFO|random_mc2_n8_mid3_d1000_05_mr098_r10_39_uai_GDCC_1e-09_n200_roTrue_s0: Loading model from ../models/synthetic/s123/random_mc2_n8_mid3_d1000_05_mr098_r10_39.uai
2026-02-06 13:19:50,978|INFO|random_mc2_n8_mid3_d1000_05_mr098_r10_39_uai_GDCC_1e-09_n200_roTrue_s0: Loading data from ../models/synthetic/s123/random_mc2_n8_mid3_d1000_05_mr098_r10_39.csv
2026-02-06 13:19:51,010|INFO|random_mc2_n9_mid3_d1000_05_mr098_r10_152_uai_GDCC_1e-09_n200_roTrue_s0: Arguments: Namespace(method='GDCC_1e-09', numruns='200', seed='0', output='../results/synthetic/s123/', rewrite=True, removeoutliers=True, filepath=['../models/synthetic/s123/random_mc2_n9_mid3_d1000_05_mr098_r10_152.uai'])
2026-02-06 13:19:51,020|INFO|random_mc2_n5_mid3_d1000_05_mr098_r10_173_uai_GDCC_1e-09_n200_roFalse_s0: Arguments: Namespace(method='GDCC_1e-09', numruns='200', seed='0', output='../results/synthetic/s123/', rewrite=True, removeoutliers=False, filepath=['../models/synthetic/s123/random_mc2_n5_mid3_d1000_05_mr098_r10_173.uai'])
2026-02-06 13:19:50,987|INFO|random_mc2_n5_mid3_d1000_05_mr098_r10_19_uai_GDCC_1e-09_n200_roTrue_s0: Loading model from ../models/synthetic/s123/random_mc2_n5_mid3_d1000_05_mr098_r10_19.uai
2026-02-06 13:19:50,997|INFO|random_mc2_n5_mid3_d1000_05_mr098_r10_19_uai_GDCC_1e-09_n200_roTrue_s0: Loading data from ../models/synthetic/s123/random_mc2_n5_mid3_d1000_05_mr098_r10_19.csv
2026-02-06 13:19:51,007|INFO|random_mc2_n5_mid3_d1000_05_mr098_r10_19_uai_GDCC_1e-09_n200_roTrue_s0: PNS(V0,V4) exact: (0.23991, 0.53735)
2026-02-06 13:19:50,992|INFO|random_mc2_n6_mid3_d1000_05_mr098_r10_47_uai_GDCC_1e-09_n200_roFalse_s0: Loading model from ../models/synthetic/s123/random_mc2_n6_mid3_d1000_05_mr098_r10_47.uai
2026-02-06 13:19:51,002|INFO|random_mc2_n6_mid3_d1000_05_mr098_r10_47_uai_GDCC_1e-09_n200_roFalse_s0: Loading data from ../models/synthetic/s123/random_mc2_n6_mid3_d1000_05_mr098_r10_47.csv
2026-02-06 13:19:51,011|INFO|random_mc2_n6_mid3_d1000_05_mr098_r10_47_uai_GDCC_1e-09_n200_roFalse_s0: PNS(V5,V4) exact: (0.0, 0.3303686772)
2026-02-06 13:19:51,033|INFO|random_mc2_n7_mid3_d1000_05_mr098_r10_92_uai_GDCC_1e-09_n200_roFalse_s0: Loading data from ../models/synthetic/s123/random_mc2_n7_mid3_d1000_05_mr098_r10_92.csv
2026-02-06 13:19:51,010|INFO|random_mc2_n9_mid3_d1000_05_mr098_r10_152_uai_GDCC_1e-09_n200_roTrue_s0: Loading model from ../models/synthetic/s123/random_mc2_n9_mid3_d1000_05_mr098_r10_152.uai
2026-02-06 13:19:51,041|INFO|random_mc2_n9_mid3_d1000_05_mr098_r10_152_uai_GDCC_1e-09_n200_roTrue_s0: Loading data from ../models/synthetic/s123/random_mc2_n9_mid3_d1000_05_mr098_r10_152.csv
2026-02-06 13:19:51,050|INFO|random_mc2_n6_mid3_d1000_05_mr098_r10_162_uai_GDCC_1e-09_n200_roTrue_s0: Arguments: Namespace(method='GDCC_1e-09', numruns='200', seed='0', output='../results/synthetic/s123/', rewrite=True, removeoutliers=True, filepath=['../models/synthetic/s123/random_mc2_n6_mid3_d1000_05_mr098_r10_162.uai'])
2026-02-06 13:19:51,050|INFO|random_mc2_n9_mid3_d1000_05_mr098_r10_152_uai_GDCC_1e-09_n200_roTrue_s0: PNS(V4,V6) exact: (0.0985718975711222, 0.2731262523008737)
2026-02-06 13:19:51,020|INFO|random_mc2_n5_mid3_d1000_05_mr098_r10_173_uai_GDCC_1e-09_n200_roFalse_s0: Loading model from ../models/synthetic/s123/random_mc2_n5_mid3_d1000_05_mr098_r10_173.uai
2026-02-06 13:19:51,026|INFO|random_mc2_n5_mid3_d1000_05_mr098_r10_173_uai_GDCC_1e-09_n200_roFalse_s0: Loading data from ../models/synthetic/s123/random_mc2_n5_mid3_d1000_05_mr098_r10_173.csv
2026-02-06 13:19:51,035|INFO|random_mc2_n5_mid3_d1000_05_mr098_r10_173_uai_GDCC_1e-09_n200_roFalse_s0: PNS(V1,V2) exact: (0.1236554301, 0.4222693768)
2026-02-06 13:19:51,050|INFO|random_mc2_n6_mid3_d1000_05_mr098_r10_162_uai_GDCC_1e-09_n200_roTrue_s0: Loading model from ../models/synthetic/s123/random_mc2_n6_mid3_d1000_05_mr098_r10_162.uai
2026-02-06 13:19:51,065|INFO|random_mc2_n6_mid3_d1000_05_mr098_r10_162_uai_GDCC_1e-09_n200_roTrue_s0: Loading data from ../models/synthetic/s123/random_mc2_n6_mid3_d1000_05_mr098_r10_162.csv
2026-02-06 13:19:51,075|INFO|random_mc2_n6_mid3_d1000_05_mr098_r10_162_uai_GDCC_1e-09_n200_roTrue_s0: PNS(V1,V5) exact: (0.15777013681104, 0.3907870473200001)
2026-02-06 13:19:52,674|INFO|random_mc2_n5_mid3_d1000_05_mr098_r10_24_uai_GDCC_1e-09_n200_roFalse_s0: Arguments: Namespace(method='GDCC_1e-09', numruns='200', seed='0', output='../results/synthetic/s123/', rewrite=True, removeoutliers=False, filepath=['../models/synthetic/s123/random_mc2_n5_mid3_d1000_05_mr098_r10_24.uai'])
2026-02-06 13:19:52,674|INFO|random_mc2_n5_mid3_d1000_05_mr098_r10_24_uai_GDCC_1e-09_n200_roFalse_s0: Loading model from ../models/synthetic/s123/random_mc2_n5_mid3_d1000_05_mr098_r10_24.uai
2026-02-06 13:19:52,684|INFO|random_mc2_n5_mid3_d1000_05_mr098_r10_24_uai_GDCC_1e-09_n200_roFalse_s0: Loading data from ../models/synthetic/s123/random_mc2_n5_mid3_d1000_05_mr098_r10_24.csv
2026-02-06 13:19:52,699|INFO|random_mc2_n5_mid3_d1000_05_mr098_r10_24_uai_GDCC_1e-09_n200_roFalse_s0: PNS(V4,V0) exact: (0.0, 0.003928219827024)
2026-02-06 13:19:56,847|INFO|random_mc2_n8_mid3_d1000_05_mr098_r10_1_uai_GDCC_1e-09_n200_roFalse_s0: Arguments: Namespace(method='GDCC_1e-09', numruns='200', seed='0', output='../results/synthetic/s123/', rewrite=True, removeoutliers=False, filepath=['../models/synthetic/s123/random_mc2_n8_mid3_d1000_05_mr098_r10_1.uai'])
2026-02-06 13:19:56,858|INFO|random_mc2_n5_mid3_d1000_05_mr098_r10_130_uai_GDCC_1e-09_n200_roTrue_s0: Arguments: Namespace(method='GDCC_1e-09', numruns='200', seed='0', output='../results/synthetic/s123/', rewrite=True, removeoutliers=True, filepath=['../models/synthetic/s123/random_mc2_n5_mid3_d1000_05_mr098_r10_130.uai'])
2026-02-06 13:19:56,859|INFO|random_mc2_n5_mid3_d1000_05_mr098_r10_27_uai_GDCC_1e-09_n200_roTrue_s0: Arguments: Namespace(method='GDCC_1e-09', numruns='200', seed='0', output='../results/synthetic/s123/', rewrite=True, removeoutliers=True, filepath=['../models/synthetic/s123/random_mc2_n5_mid3_d1000_05_mr098_r10_27.uai'])
2026-02-06 13:19:56,848|INFO|random_mc2_n8_mid3_d1000_05_mr098_r10_1_uai_GDCC_1e-09_n200_roFalse_s0: Loading model from ../models/synthetic/s123/random_mc2_n8_mid3_d1000_05_mr098_r10_1.uai
2026-02-06 13:19:56,870|INFO|random_mc2_n8_mid3_d1000_05_mr098_r10_1_uai_GDCC_1e-09_n200_roFalse_s0: Loading data from ../models/synthetic/s123/random_mc2_n8_mid3_d1000_05_mr098_r10_1.csv
2026-02-06 13:19:56,859|INFO|random_mc2_n5_mid3_d1000_05_mr098_r10_130_uai_GDCC_1e-09_n200_roTrue_s0: Loading model from ../models/synthetic/s123/random_mc2_n5_mid3_d1000_05_mr098_r10_130.uai
2026-02-06 13:19:56,864|INFO|random_mc2_n5_mid3_d1000_05_mr098_r10_130_uai_GDCC_1e-09_n200_roTrue_s0: Loading data from ../models/synthetic/s123/random_mc2_n5_mid3_d1000_05_mr098_r10_130.csv
2026-02-06 13:19:56,875|INFO|random_mc2_n5_mid3_d1000_05_mr098_r10_130_uai_GDCC_1e-09_n200_roTrue_s0: PNS(V2,V1) exact: (0.0, 0.24110001)
2026-02-06 13:19:56,859|INFO|random_mc2_n5_mid3_d1000_05_mr098_r10_27_uai_GDCC_1e-09_n200_roTrue_s0: Loading model from ../models/synthetic/s123/random_mc2_n5_mid3_d1000_05_mr098_r10_27.uai
2026-02-06 13:19:56,868|INFO|random_mc2_n5_mid3_d1000_05_mr098_r10_27_uai_GDCC_1e-09_n200_roTrue_s0: Loading data from ../models/synthetic/s123/random_mc2_n5_mid3_d1000_05_mr098_r10_27.csv
2026-02-06 13:19:56,876|INFO|random_mc2_n5_mid3_d1000_05_mr098_r10_27_uai_GDCC_1e-09_n200_roTrue_s0: PNS(V4,V3) exact: (0.072092966, 0.40936737)
2026-02-06 13:19:57,012|INFO|random_mc2_n7_mid3_d1000_05_mr098_r10_28_uai_GDCC_1e-09_n200_roFalse_s0: Arguments: Namespace(method='GDCC_1e-09', numruns='200', seed='0', output='../results/synthetic/s123/', rewrite=True, removeoutliers=False, filepath=['../models/synthetic/s123/random_mc2_n7_mid3_d1000_05_mr098_r10_28.uai'])
2026-02-06 13:19:57,012|INFO|random_mc2_n7_mid3_d1000_05_mr098_r10_28_uai_GDCC_1e-09_n200_roFalse_s0: Loading model from ../models/synthetic/s123/random_mc2_n7_mid3_d1000_05_mr098_r10_28.uai
2026-02-06 13:19:57,030|INFO|random_mc2_n7_mid3_d1000_05_mr098_r10_28_uai_GDCC_1e-09_n200_roFalse_s0: Loading data from ../models/synthetic/s123/random_mc2_n7_mid3_d1000_05_mr098_r10_28.csv
2026-02-06 13:20:01,297|INFO|random_mc2_n5_mid3_d1000_05_mr098_r10_181_uai_GDCC_1e-09_n200_roFalse_s0: Arguments: Namespace(method='GDCC_1e-09', numruns='200', seed='0', output='../results/synthetic/s123/', rewrite=True, removeoutliers=False, filepath=['../models/synthetic/s123/random_mc2_n5_mid3_d1000_05_mr098_r10_181.uai'])
2026-02-06 13:20:01,297|INFO|random_mc2_n5_mid3_d1000_05_mr098_r10_181_uai_GDCC_1e-09_n200_roFalse_s0: Loading model from ../models/synthetic/s123/random_mc2_n5_mid3_d1000_05_mr098_r10_181.uai
2026-02-06 13:20:01,313|INFO|random_mc2_n5_mid3_d1000_05_mr098_r10_181_uai_GDCC_1e-09_n200_roFalse_s0: Loading data from ../models/synthetic/s123/random_mc2_n5_mid3_d1000_05_mr098_r10_181.csv
2026-02-06 13:20:02,318|INFO|random_mc2_n6_mid3_d1000_05_mr098_r10_125_uai_GDCC_1e-09_n200_roFalse_s0: Arguments: Namespace(method='GDCC_1e-09', numruns='200', seed='0', output='../results/synthetic/s123/', rewrite=True, removeoutliers=False, filepath=['../models/synthetic/s123/random_mc2_n6_mid3_d1000_05_mr098_r10_125.uai'])
2026-02-06 13:20:02,318|INFO|random_mc2_n6_mid3_d1000_05_mr098_r10_125_uai_GDCC_1e-09_n200_roFalse_s0: Loading model from ../models/synthetic/s123/random_mc2_n6_mid3_d1000_05_mr098_r10_125.uai
2026-02-06 13:20:02,331|INFO|random_mc2_n6_mid3_d1000_05_mr098_r10_125_uai_GDCC_1e-09_n200_roFalse_s0: Loading data from ../models/synthetic/s123/random_mc2_n6_mid3_d1000_05_mr098_r10_125.csv
2026-02-06 13:20:02,499|INFO|random_mc2_n8_mid3_d1000_05_mr098_r10_116_uai_GDCC_1e-09_n200_roTrue_s0: Arguments: Namespace(method='GDCC_1e-09', numruns='200', seed='0', output='../results/synthetic/s123/', rewrite=True, removeoutliers=True, filepath=['../models/synthetic/s123/random_mc2_n8_mid3_d1000_05_mr098_r10_116.uai'])
2026-02-06 13:20:02,526|INFO|random_mc2_n8_mid3_d1000_05_mr098_r10_191_uai_GDCC_1e-09_n200_roTrue_s0: Arguments: Namespace(method='GDCC_1e-09', numruns='200', seed='0', output='../results/synthetic/s123/', rewrite=True, removeoutliers=True, filepath=['../models/synthetic/s123/random_mc2_n8_mid3_d1000_05_mr098_r10_191.uai'])
2026-02-06 13:20:02,499|INFO|random_mc2_n8_mid3_d1000_05_mr098_r10_116_uai_GDCC_1e-09_n200_roTrue_s0: Loading model from ../models/synthetic/s123/random_mc2_n8_mid3_d1000_05_mr098_r10_116.uai
2026-02-06 13:20:02,517|INFO|random_mc2_n8_mid3_d1000_05_mr098_r10_116_uai_GDCC_1e-09_n200_roTrue_s0: Loading data from ../models/synthetic/s123/random_mc2_n8_mid3_d1000_05_mr098_r10_116.csv
2026-02-06 13:20:02,540|INFO|random_mc2_n9_mid3_d1000_05_mr098_r10_12_uai_GDCC_1e-09_n200_roFalse_s0: Arguments: Namespace(method='GDCC_1e-09', numruns='200', seed='0', output='../results/synthetic/s123/', rewrite=True, removeoutliers=False, filepath=['../models/synthetic/s123/random_mc2_n9_mid3_d1000_05_mr098_r10_12.uai'])
2026-02-06 13:20:02,556|INFO|random_mc2_n5_mid3_d1000_05_mr098_r10_116_uai_GDCC_1e-09_n200_roFalse_s0: Arguments: Namespace(method='GDCC_1e-09', numruns='200', seed='0', output='../results/synthetic/s123/', rewrite=True, removeoutliers=False, filepath=['../models/synthetic/s123/random_mc2_n5_mid3_d1000_05_mr098_r10_116.uai'])
2026-02-06 13:20:02,526|INFO|random_mc2_n8_mid3_d1000_05_mr098_r10_191_uai_GDCC_1e-09_n200_roTrue_s0: Loading model from ../models/synthetic/s123/random_mc2_n8_mid3_d1000_05_mr098_r10_191.uai
2026-02-06 13:20:02,552|INFO|random_mc2_n8_mid3_d1000_05_mr098_r10_191_uai_GDCC_1e-09_n200_roTrue_s0: Loading data from ../models/synthetic/s123/random_mc2_n8_mid3_d1000_05_mr098_r10_191.csv
2026-02-06 13:20:02,562|INFO|random_mc2_n8_mid3_d1000_05_mr098_r10_191_uai_GDCC_1e-09_n200_roTrue_s0: PNS(V0,V7) exact: (0.2271504888, 0.2985032774)
2026-02-06 13:20:02,573|INFO|random_mc2_n7_mid3_d1000_05_mr098_r10_6_uai_GDCC_1e-09_n200_roFalse_s0: Arguments: Namespace(method='GDCC_1e-09', numruns='200', seed='0', output='../results/synthetic/s123/', rewrite=True, removeoutliers=False, filepath=['../models/synthetic/s123/random_mc2_n7_mid3_d1000_05_mr098_r10_6.uai'])
2026-02-06 13:20:02,541|INFO|random_mc2_n9_mid3_d1000_05_mr098_r10_12_uai_GDCC_1e-09_n200_roFalse_s0: Loading model from ../models/synthetic/s123/random_mc2_n9_mid3_d1000_05_mr098_r10_12.uai
2026-02-06 13:20:02,553|INFO|random_mc2_n9_mid3_d1000_05_mr098_r10_12_uai_GDCC_1e-09_n200_roFalse_s0: Loading data from ../models/synthetic/s123/random_mc2_n9_mid3_d1000_05_mr098_r10_12.csv
2026-02-06 13:20:02,563|INFO|random_mc2_n9_mid3_d1000_05_mr098_r10_12_uai_GDCC_1e-09_n200_roFalse_s0: PNS(V5,V0) exact: (0.1261695765081492, 0.2521556712400733)
2026-02-06 13:20:02,556|INFO|random_mc2_n5_mid3_d1000_05_mr098_r10_116_uai_GDCC_1e-09_n200_roFalse_s0: Loading model from ../models/synthetic/s123/random_mc2_n5_mid3_d1000_05_mr098_r10_116.uai
2026-02-06 13:20:02,561|INFO|random_mc2_n5_mid3_d1000_05_mr098_r10_116_uai_GDCC_1e-09_n200_roFalse_s0: Loading data from ../models/synthetic/s123/random_mc2_n5_mid3_d1000_05_mr098_r10_116.csv
2026-02-06 13:20:02,569|INFO|random_mc2_n5_mid3_d1000_05_mr098_r10_116_uai_GDCC_1e-09_n200_roFalse_s0: PNS(V1,V3) exact: (0.0, 0.0017957419812)
2026-02-06 13:20:02,574|INFO|random_mc2_n7_mid3_d1000_05_mr098_r10_6_uai_GDCC_1e-09_n200_roFalse_s0: Loading model from ../models/synthetic/s123/random_mc2_n7_mid3_d1000_05_mr098_r10_6.uai
2026-02-06 13:20:02,588|INFO|random_mc2_n7_mid3_d1000_05_mr098_r10_6_uai_GDCC_1e-09_n200_roFalse_s0: Loading data from ../models/synthetic/s123/random_mc2_n7_mid3_d1000_05_mr098_r10_6.csv
2026-02-06 13:20:02,599|INFO|random_mc2_n7_mid3_d1000_05_mr098_r10_6_uai_GDCC_1e-09_n200_roFalse_s0: PNS(V2,V3) exact: (0.0, 0.0284169509445683)
2026-02-06 13:20:02,873|INFO|random_mc2_n5_mid3_d1000_05_mr098_r10_186_uai_GDCC_1e-09_n200_roTrue_s0: Arguments: Namespace(method='GDCC_1e-09', numruns='200', seed='0', output='../results/synthetic/s123/', rewrite=True, removeoutliers=True, filepath=['../models/synthetic/s123/random_mc2_n5_mid3_d1000_05_mr098_r10_186.uai'])
2026-02-06 13:20:02,873|INFO|random_mc2_n5_mid3_d1000_05_mr098_r10_186_uai_GDCC_1e-09_n200_roTrue_s0: Loading model from ../models/synthetic/s123/random_mc2_n5_mid3_d1000_05_mr098_r10_186.uai
2026-02-06 13:20:02,884|INFO|random_mc2_n5_mid3_d1000_05_mr098_r10_186_uai_GDCC_1e-09_n200_roTrue_s0: Loading data from ../models/synthetic/s123/random_mc2_n5_mid3_d1000_05_mr098_r10_186.csv
2026-02-06 13:20:02,893|INFO|random_mc2_n5_mid3_d1000_05_mr098_r10_186_uai_GDCC_1e-09_n200_roTrue_s0: PNS(V3,V1) exact: (0.68198788120285, 0.68198788120285)
2026-02-06 13:20:02,956|INFO|random_mc2_n6_mid3_d1000_05_mr098_r10_99_uai_GDCC_1e-09_n200_roFalse_s0: Arguments: Namespace(method='GDCC_1e-09', numruns='200', seed='0', output='../results/synthetic/s123/', rewrite=True, removeoutliers=False, filepath=['../models/synthetic/s123/random_mc2_n6_mid3_d1000_05_mr098_r10_99.uai'])
2026-02-06 13:20:02,956|INFO|random_mc2_n6_mid3_d1000_05_mr098_r10_99_uai_GDCC_1e-09_n200_roFalse_s0: Loading model from ../models/synthetic/s123/random_mc2_n6_mid3_d1000_05_mr098_r10_99.uai
2026-02-06 13:20:02,961|INFO|random_mc2_n6_mid3_d1000_05_mr098_r10_99_uai_GDCC_1e-09_n200_roFalse_s0: Loading data from ../models/synthetic/s123/random_mc2_n6_mid3_d1000_05_mr098_r10_99.csv
2026-02-06 13:20:02,970|INFO|random_mc2_n6_mid3_d1000_05_mr098_r10_99_uai_GDCC_1e-09_n200_roFalse_s0: PNS(V0,V1) exact: (0.0, 0.0)
2026-02-06 13:20:02,970|ERROR|random_mc2_n6_mid3_d1000_05_mr098_r10_99_uai_GDCC_1e-09_n200_roFalse_s0: Model does not have any cause-effect path.
2026-02-06 13:20:03,004|INFO|random_mc2_n9_mid3_d1000_05_mr098_r10_104_uai_GDCC_1e-09_n200_roFalse_s0: Arguments: Namespace(method='GDCC_1e-09', numruns='200', seed='0', output='../results/synthetic/s123/', rewrite=True, removeoutliers=False, filepath=['../models/synthetic/s123/random_mc2_n9_mid3_d1000_05_mr098_r10_104.uai'])
2026-02-06 13:20:03,005|INFO|random_mc2_n5_mid3_d1000_05_mr098_r10_103_uai_GDCC_1e-09_n200_roFalse_s0: Arguments: Namespace(method='GDCC_1e-09', numruns='200', seed='0', output='../results/synthetic/s123/', rewrite=True, removeoutliers=False, filepath=['../models/synthetic/s123/random_mc2_n5_mid3_d1000_05_mr098_r10_103.uai'])
2026-02-06 13:20:03,040|INFO|random_mc2_n7_mid3_d1000_05_mr098_r10_159_uai_GDCC_1e-09_n200_roTrue_s0: Arguments: Namespace(method='GDCC_1e-09', numruns='200', seed='0', output='../results/synthetic/s123/', rewrite=True, removeoutliers=True, filepath=['../models/synthetic/s123/random_mc2_n7_mid3_d1000_05_mr098_r10_159.uai'])
2026-02-06 13:20:03,005|INFO|random_mc2_n9_mid3_d1000_05_mr098_r10_104_uai_GDCC_1e-09_n200_roFalse_s0: Loading model from ../models/synthetic/s123/random_mc2_n9_mid3_d1000_05_mr098_r10_104.uai
2026-02-06 13:20:03,028|INFO|random_mc2_n9_mid3_d1000_05_mr098_r10_104_uai_GDCC_1e-09_n200_roFalse_s0: Loading data from ../models/synthetic/s123/random_mc2_n9_mid3_d1000_05_mr098_r10_104.csv
2026-02-06 13:20:03,005|INFO|random_mc2_n5_mid3_d1000_05_mr098_r10_103_uai_GDCC_1e-09_n200_roFalse_s0: Loading model from ../models/synthetic/s123/random_mc2_n5_mid3_d1000_05_mr098_r10_103.uai
2026-02-06 13:20:03,015|INFO|random_mc2_n5_mid3_d1000_05_mr098_r10_103_uai_GDCC_1e-09_n200_roFalse_s0: Loading data from ../models/synthetic/s123/random_mc2_n5_mid3_d1000_05_mr098_r10_103.csv
2026-02-06 13:20:03,024|INFO|random_mc2_n5_mid3_d1000_05_mr098_r10_103_uai_GDCC_1e-09_n200_roFalse_s0: PNS(V0,V4) exact: (0.055654259616004, 0.150953979930874)
2026-02-06 13:20:03,040|INFO|random_mc2_n7_mid3_d1000_05_mr098_r10_159_uai_GDCC_1e-09_n200_roTrue_s0: Loading model from ../models/synthetic/s123/random_mc2_n7_mid3_d1000_05_mr098_r10_159.uai
2026-02-06 13:20:03,053|INFO|random_mc2_n7_mid3_d1000_05_mr098_r10_159_uai_GDCC_1e-09_n200_roTrue_s0: Loading data from ../models/synthetic/s123/random_mc2_n7_mid3_d1000_05_mr098_r10_159.csv
2026-02-06 13:20:03,119|INFO|random_mc2_n6_mid3_d1000_05_mr098_r10_148_uai_GDCC_1e-09_n200_roTrue_s0: Arguments: Namespace(method='GDCC_1e-09', numruns='200', seed='0', output='../results/synthetic/s123/', rewrite=True, removeoutliers=True, filepath=['../models/synthetic/s123/random_mc2_n6_mid3_d1000_05_mr098_r10_148.uai'])
2026-02-06 13:20:03,121|INFO|random_mc2_n7_mid3_d1000_05_mr098_r10_91_uai_GDCC_1e-09_n200_roTrue_s0: Arguments: Namespace(method='GDCC_1e-09', numruns='200', seed='0', output='../results/synthetic/s123/', rewrite=True, removeoutliers=True, filepath=['../models/synthetic/s123/random_mc2_n7_mid3_d1000_05_mr098_r10_91.uai'])
2026-02-06 13:20:03,122|INFO|random_mc2_n6_mid3_d1000_05_mr098_r10_151_uai_GDCC_1e-09_n200_roTrue_s0: Arguments: Namespace(method='GDCC_1e-09', numruns='200', seed='0', output='../results/synthetic/s123/', rewrite=True, removeoutliers=True, filepath=['../models/synthetic/s123/random_mc2_n6_mid3_d1000_05_mr098_r10_151.uai'])
2026-02-06 13:20:03,125|INFO|random_mc2_n6_mid3_d1000_05_mr098_r10_165_uai_GDCC_1e-09_n200_roTrue_s0: Arguments: Namespace(method='GDCC_1e-09', numruns='200', seed='0', output='../results/synthetic/s123/', rewrite=True, removeoutliers=True, filepath=['../models/synthetic/s123/random_mc2_n6_mid3_d1000_05_mr098_r10_165.uai'])
2026-02-06 13:20:03,119|INFO|random_mc2_n6_mid3_d1000_05_mr098_r10_148_uai_GDCC_1e-09_n200_roTrue_s0: Loading model from ../models/synthetic/s123/random_mc2_n6_mid3_d1000_05_mr098_r10_148.uai
2026-02-06 13:20:03,126|INFO|random_mc2_n6_mid3_d1000_05_mr098_r10_148_uai_GDCC_1e-09_n200_roTrue_s0: Loading data from ../models/synthetic/s123/random_mc2_n6_mid3_d1000_05_mr098_r10_148.csv
2026-02-06 13:20:03,135|INFO|random_mc2_n6_mid3_d1000_05_mr098_r10_148_uai_GDCC_1e-09_n200_roTrue_s0: PNS(V0,V5) exact: (0.0, 0.0279858302999999)
2026-02-06 13:20:03,121|INFO|random_mc2_n7_mid3_d1000_05_mr098_r10_91_uai_GDCC_1e-09_n200_roTrue_s0: Loading model from ../models/synthetic/s123/random_mc2_n7_mid3_d1000_05_mr098_r10_91.uai
2026-02-06 13:20:03,123|INFO|random_mc2_n6_mid3_d1000_05_mr098_r10_151_uai_GDCC_1e-09_n200_roTrue_s0: Loading model from ../models/synthetic/s123/random_mc2_n6_mid3_d1000_05_mr098_r10_151.uai
2026-02-06 13:20:03,125|INFO|random_mc2_n6_mid3_d1000_05_mr098_r10_165_uai_GDCC_1e-09_n200_roTrue_s0: Loading model from ../models/synthetic/s123/random_mc2_n6_mid3_d1000_05_mr098_r10_165.uai
2026-02-06 13:20:03,133|INFO|random_mc2_n6_mid3_d1000_05_mr098_r10_165_uai_GDCC_1e-09_n200_roTrue_s0: Loading data from ../models/synthetic/s123/random_mc2_n6_mid3_d1000_05_mr098_r10_165.csv
2026-02-06 13:20:03,142|INFO|random_mc2_n6_mid3_d1000_05_mr098_r10_165_uai_GDCC_1e-09_n200_roTrue_s0: PNS(V3,V2) exact: (0.0, 0.0558513235759999)
2026-02-06 13:20:03,176|INFO|random_mc2_n7_mid3_d1000_05_mr098_r10_59_uai_GDCC_1e-09_n200_roFalse_s0: Arguments: Namespace(method='GDCC_1e-09', numruns='200', seed='0', output='../results/synthetic/s123/', rewrite=True, removeoutliers=False, filepath=['../models/synthetic/s123/random_mc2_n7_mid3_d1000_05_mr098_r10_59.uai'])
2026-02-06 13:20:03,177|INFO|random_mc2_n7_mid3_d1000_05_mr098_r10_91_uai_GDCC_1e-09_n200_roTrue_s0: Loading data from ../models/synthetic/s123/random_mc2_n7_mid3_d1000_05_mr098_r10_91.csv
2026-02-06 13:20:03,176|INFO|random_mc2_n7_mid3_d1000_05_mr098_r10_59_uai_GDCC_1e-09_n200_roFalse_s0: Loading model from ../models/synthetic/s123/random_mc2_n7_mid3_d1000_05_mr098_r10_59.uai
2026-02-06 13:20:03,255|INFO|random_mc2_n8_mid3_d1000_05_mr098_r10_151_uai_GDCC_1e-09_n200_roTrue_s0: Arguments: Namespace(method='GDCC_1e-09', numruns='200', seed='0', output='../results/synthetic/s123/', rewrite=True, removeoutliers=True, filepath=['../models/synthetic/s123/random_mc2_n8_mid3_d1000_05_mr098_r10_151.uai'])
2026-02-06 13:20:03,257|INFO|random_mc2_n5_mid3_d1000_05_mr098_r10_118_uai_GDCC_1e-09_n200_roTrue_s0: Arguments: Namespace(method='GDCC_1e-09', numruns='200', seed='0', output='../results/synthetic/s123/', rewrite=True, removeoutliers=True, filepath=['../models/synthetic/s123/random_mc2_n5_mid3_d1000_05_mr098_r10_118.uai'])
2026-02-06 13:20:03,260|INFO|random_mc2_n6_mid3_d1000_05_mr098_r10_89_uai_GDCC_1e-09_n200_roTrue_s0: Arguments: Namespace(method='GDCC_1e-09', numruns='200', seed='0', output='../results/synthetic/s123/', rewrite=True, removeoutliers=True, filepath=['../models/synthetic/s123/random_mc2_n6_mid3_d1000_05_mr098_r10_89.uai'])
2026-02-06 13:20:03,262|INFO|random_mc2_n6_mid3_d1000_05_mr098_r10_58_uai_GDCC_1e-09_n200_roFalse_s0: Arguments: Namespace(method='GDCC_1e-09', numruns='200', seed='0', output='../results/synthetic/s123/', rewrite=True, removeoutliers=False, filepath=['../models/synthetic/s123/random_mc2_n6_mid3_d1000_05_mr098_r10_58.uai'])
2026-02-06 13:20:03,271|INFO|random_mc2_n5_mid3_d1000_05_mr098_r10_25_uai_GDCC_1e-09_n200_roFalse_s0: Arguments: Namespace(method='GDCC_1e-09', numruns='200', seed='0', output='../results/synthetic/s123/', rewrite=True, removeoutliers=False, filepath=['../models/synthetic/s123/random_mc2_n5_mid3_d1000_05_mr098_r10_25.uai'])
2026-02-06 13:20:03,274|INFO|random_mc2_n7_mid3_d1000_05_mr098_r10_59_uai_GDCC_1e-09_n200_roFalse_s0: Loading data from ../models/synthetic/s123/random_mc2_n7_mid3_d1000_05_mr098_r10_59.csv
2026-02-06 13:20:03,255|INFO|random_mc2_n8_mid3_d1000_05_mr098_r10_151_uai_GDCC_1e-09_n200_roTrue_s0: Loading model from ../models/synthetic/s123/random_mc2_n8_mid3_d1000_05_mr098_r10_151.uai
2026-02-06 13:20:03,257|INFO|random_mc2_n5_mid3_d1000_05_mr098_r10_118_uai_GDCC_1e-09_n200_roTrue_s0: Loading model from ../models/synthetic/s123/random_mc2_n5_mid3_d1000_05_mr098_r10_118.uai
2026-02-06 13:20:03,263|INFO|random_mc2_n5_mid3_d1000_05_mr098_r10_118_uai_GDCC_1e-09_n200_roTrue_s0: Loading data from ../models/synthetic/s123/random_mc2_n5_mid3_d1000_05_mr098_r10_118.csv
2026-02-06 13:20:03,271|INFO|random_mc2_n5_mid3_d1000_05_mr098_r10_118_uai_GDCC_1e-09_n200_roTrue_s0: PNS(V1,V2) exact: (0.07441581471588, 0.209057882285592)
2026-02-06 13:20:03,260|INFO|random_mc2_n6_mid3_d1000_05_mr098_r10_89_uai_GDCC_1e-09_n200_roTrue_s0: Loading model from ../models/synthetic/s123/random_mc2_n6_mid3_d1000_05_mr098_r10_89.uai
2026-02-06 13:20:03,268|INFO|random_mc2_n6_mid3_d1000_05_mr098_r10_89_uai_GDCC_1e-09_n200_roTrue_s0: Loading data from ../models/synthetic/s123/random_mc2_n6_mid3_d1000_05_mr098_r10_89.csv
2026-02-06 13:20:03,262|INFO|random_mc2_n6_mid3_d1000_05_mr098_r10_58_uai_GDCC_1e-09_n200_roFalse_s0: Loading model from ../models/synthetic/s123/random_mc2_n6_mid3_d1000_05_mr098_r10_58.uai
2026-02-06 13:20:03,267|INFO|random_mc2_n6_mid3_d1000_05_mr098_r10_58_uai_GDCC_1e-09_n200_roFalse_s0: Loading data from ../models/synthetic/s123/random_mc2_n6_mid3_d1000_05_mr098_r10_58.csv
2026-02-06 13:20:03,276|INFO|random_mc2_n6_mid3_d1000_05_mr098_r10_58_uai_GDCC_1e-09_n200_roFalse_s0: PNS(V3,V2) exact: (0.0, 0.0)
2026-02-06 13:20:03,277|ERROR|random_mc2_n6_mid3_d1000_05_mr098_r10_58_uai_GDCC_1e-09_n200_roFalse_s0: Model does not have any cause-effect path.
2026-02-06 13:20:03,271|INFO|random_mc2_n5_mid3_d1000_05_mr098_r10_25_uai_GDCC_1e-09_n200_roFalse_s0: Loading model from ../models/synthetic/s123/random_mc2_n5_mid3_d1000_05_mr098_r10_25.uai
2026-02-06 13:20:03,275|INFO|random_mc2_n5_mid3_d1000_05_mr098_r10_25_uai_GDCC_1e-09_n200_roFalse_s0: Loading data from ../models/synthetic/s123/random_mc2_n5_mid3_d1000_05_mr098_r10_25.csv
2026-02-06 13:20:03,283|INFO|random_mc2_n5_mid3_d1000_05_mr098_r10_25_uai_GDCC_1e-09_n200_roFalse_s0: PNS(V1,V4) exact: (0.0216, 0.0216)
2026-02-06 13:20:03,361|INFO|random_mc2_n6_mid3_d1000_05_mr098_r10_151_uai_GDCC_1e-09_n200_roTrue_s0: Loading data from ../models/synthetic/s123/random_mc2_n6_mid3_d1000_05_mr098_r10_151.csv
2026-02-06 13:20:03,481|INFO|random_mc2_n8_mid3_d1000_05_mr098_r10_151_uai_GDCC_1e-09_n200_roTrue_s0: Loading data from ../models/synthetic/s123/random_mc2_n8_mid3_d1000_05_mr098_r10_151.csv
