2026-02-02 16:15:22,639|INFO|random_mc2_n5_mid3_d1000_05_mr098_r10_22_uai_GDCC_1e-09_n200_roFalse_s0: Loading model from ../models/synthetic/s123/random_mc2_n5_mid3_d1000_05_mr098_r10_22.uai
2026-02-02 16:15:22,649|INFO|random_mc2_n5_mid3_d1000_05_mr098_r10_22_uai_GDCC_1e-09_n200_roFalse_s0: Loading data from ../models/synthetic/s123/random_mc2_n5_mid3_d1000_05_mr098_r10_22.csv
2026-02-02 16:15:22,664|INFO|random_mc2_n5_mid3_d1000_05_mr098_r10_22_uai_GDCC_1e-09_n200_roFalse_s0: PNS(V2,V3) exact: (0.01716, 0.07782)
2026-02-02 16:15:29,861|INFO|random_mc2_n9_mid3_d1000_05_mr098_r10_32_uai_GDCC_1e-09_n200_roTrue_s0: Loading model from ../models/synthetic/s123/random_mc2_n9_mid3_d1000_05_mr098_r10_32.uai
2026-02-02 16:15:29,892|INFO|random_mc2_n9_mid3_d1000_05_mr098_r10_32_uai_GDCC_1e-09_n200_roTrue_s0: Loading data from ../models/synthetic/s123/random_mc2_n9_mid3_d1000_05_mr098_r10_32.csv
2026-02-02 16:15:29,910|INFO|random_mc2_n9_mid3_d1000_05_mr098_r10_32_uai_GDCC_1e-09_n200_roTrue_s0: PNS(V1,V3) exact: (0.0, 0.0)
2026-02-02 16:15:29,911|ERROR|random_mc2_n9_mid3_d1000_05_mr098_r10_32_uai_GDCC_1e-09_n200_roTrue_s0: Model does not have any cause-effect path.
2026-02-02 16:15:34,734|INFO|random_mc2_n7_mid3_d1000_05_mr098_r10_170_uai_GDCC_1e-09_n200_roTrue_s0: Loading model from ../models/synthetic/s123/random_mc2_n7_mid3_d1000_05_mr098_r10_170.uai
2026-02-02 16:15:34,736|INFO|random_mc2_n7_mid3_d1000_05_mr098_r10_29_uai_GDCC_1e-09_n200_roTrue_s0: Loading model from ../models/synthetic/s123/random_mc2_n7_mid3_d1000_05_mr098_r10_29.uai
2026-02-02 16:15:34,753|INFO|random_mc2_n7_mid3_d1000_05_mr098_r10_170_uai_GDCC_1e-09_n200_roTrue_s0: Loading data from ../models/synthetic/s123/random_mc2_n7_mid3_d1000_05_mr098_r10_170.csv
2026-02-02 16:15:34,762|INFO|random_mc2_n7_mid3_d1000_05_mr098_r10_29_uai_GDCC_1e-09_n200_roTrue_s0: Loading data from ../models/synthetic/s123/random_mc2_n7_mid3_d1000_05_mr098_r10_29.csv
2026-02-02 16:15:34,774|INFO|random_mc2_n7_mid3_d1000_05_mr098_r10_170_uai_GDCC_1e-09_n200_roTrue_s0: PNS(V1,V3) exact: (0.0061237, 0.1216942)
2026-02-02 16:15:34,778|ERROR|random_mc2_n7_mid3_d1000_05_mr098_r10_29_uai_GDCC_1e-09_n200_roTrue_s0: File exists, not rewriting.
2026-02-02 16:15:34,832|INFO|random_mc2_n9_mid3_d1000_05_mr098_r10_198_uai_GDCC_1e-09_n200_roTrue_s0: Loading model from ../models/synthetic/s123/random_mc2_n9_mid3_d1000_05_mr098_r10_198.uai
2026-02-02 16:15:34,857|INFO|random_mc2_n6_mid3_d1000_05_mr098_r10_112_uai_GDCC_1e-09_n200_roFalse_s0: Loading model from ../models/synthetic/s123/random_mc2_n6_mid3_d1000_05_mr098_r10_112.uai
2026-02-02 16:15:34,870|INFO|random_mc2_n6_mid3_d1000_05_mr098_r10_182_uai_GDCC_1e-09_n200_roFalse_s0: Loading model from ../models/synthetic/s123/random_mc2_n6_mid3_d1000_05_mr098_r10_182.uai
2026-02-02 16:15:34,847|INFO|random_mc2_n9_mid3_d1000_05_mr098_r10_198_uai_GDCC_1e-09_n200_roTrue_s0: Loading data from ../models/synthetic/s123/random_mc2_n9_mid3_d1000_05_mr098_r10_198.csv
2026-02-02 16:15:34,857|ERROR|random_mc2_n9_mid3_d1000_05_mr098_r10_198_uai_GDCC_1e-09_n200_roTrue_s0: File exists, not rewriting.
2026-02-02 16:15:34,870|INFO|random_mc2_n6_mid3_d1000_05_mr098_r10_112_uai_GDCC_1e-09_n200_roFalse_s0: Loading data from ../models/synthetic/s123/random_mc2_n6_mid3_d1000_05_mr098_r10_112.csv
2026-02-02 16:15:34,879|ERROR|random_mc2_n6_mid3_d1000_05_mr098_r10_112_uai_GDCC_1e-09_n200_roFalse_s0: File exists, not rewriting.
2026-02-02 16:15:34,888|INFO|random_mc2_n6_mid3_d1000_05_mr098_r10_182_uai_GDCC_1e-09_n200_roFalse_s0: Loading data from ../models/synthetic/s123/random_mc2_n6_mid3_d1000_05_mr098_r10_182.csv
2026-02-02 16:15:34,905|INFO|random_mc2_n6_mid3_d1000_05_mr098_r10_182_uai_GDCC_1e-09_n200_roFalse_s0: PNS(V4,V5) exact: (0.2591310333408, 0.3907790126200001)
2026-02-02 16:15:36,165|INFO|random_mc2_n7_mid3_d1000_05_mr098_r10_2_uai_GDCC_1e-09_n200_roTrue_s0: Loading model from ../models/synthetic/s123/random_mc2_n7_mid3_d1000_05_mr098_r10_2.uai
2026-02-02 16:15:36,200|INFO|random_mc2_n7_mid3_d1000_05_mr098_r10_25_uai_GDCC_1e-09_n200_roFalse_s0: Loading model from ../models/synthetic/s123/random_mc2_n7_mid3_d1000_05_mr098_r10_25.uai
2026-02-02 16:15:36,192|INFO|random_mc2_n7_mid3_d1000_05_mr098_r10_2_uai_GDCC_1e-09_n200_roTrue_s0: Loading data from ../models/synthetic/s123/random_mc2_n7_mid3_d1000_05_mr098_r10_2.csv
2026-02-02 16:15:36,210|INFO|random_mc2_n7_mid3_d1000_05_mr098_r10_2_uai_GDCC_1e-09_n200_roTrue_s0: PNS(V6,V5) exact: (0.17496630889, 0.198271938213)
2026-02-02 16:15:36,223|INFO|random_mc2_n7_mid3_d1000_05_mr098_r10_25_uai_GDCC_1e-09_n200_roFalse_s0: Loading data from ../models/synthetic/s123/random_mc2_n7_mid3_d1000_05_mr098_r10_25.csv
2026-02-02 16:15:36,232|ERROR|random_mc2_n7_mid3_d1000_05_mr098_r10_25_uai_GDCC_1e-09_n200_roFalse_s0: File exists, not rewriting.
2026-02-02 16:15:36,330|INFO|random_mc2_n6_mid3_d1000_05_mr098_r10_187_uai_GDCC_1e-09_n200_roTrue_s0: Loading model from ../models/synthetic/s123/random_mc2_n6_mid3_d1000_05_mr098_r10_187.uai
2026-02-02 16:15:36,341|INFO|random_mc2_n5_mid3_d1000_05_mr098_r10_25_uai_GDCC_1e-09_n200_roTrue_s0: Loading model from ../models/synthetic/s123/random_mc2_n5_mid3_d1000_05_mr098_r10_25.uai
2026-02-02 16:15:36,360|INFO|random_mc2_n6_mid3_d1000_05_mr098_r10_187_uai_GDCC_1e-09_n200_roTrue_s0: Loading data from ../models/synthetic/s123/random_mc2_n6_mid3_d1000_05_mr098_r10_187.csv
2026-02-02 16:15:36,368|ERROR|random_mc2_n6_mid3_d1000_05_mr098_r10_187_uai_GDCC_1e-09_n200_roTrue_s0: File exists, not rewriting.
2026-02-02 16:15:36,348|INFO|random_mc2_n5_mid3_d1000_05_mr098_r10_25_uai_GDCC_1e-09_n200_roTrue_s0: Loading data from ../models/synthetic/s123/random_mc2_n5_mid3_d1000_05_mr098_r10_25.csv
2026-02-02 16:15:36,362|INFO|random_mc2_n5_mid3_d1000_05_mr098_r10_25_uai_GDCC_1e-09_n200_roTrue_s0: PNS(V1,V4) exact: (0.0216, 0.0216)
2026-02-02 16:15:37,303|INFO|random_mc2_n5_mid3_d1000_05_mr098_r10_60_uai_GDCC_1e-09_n200_roFalse_s0: Loading model from ../models/synthetic/s123/random_mc2_n5_mid3_d1000_05_mr098_r10_60.uai
2026-02-02 16:15:37,335|INFO|random_mc2_n7_mid3_d1000_05_mr098_r10_25_uai_GDCC_1e-09_n200_roTrue_s0: Loading model from ../models/synthetic/s123/random_mc2_n7_mid3_d1000_05_mr098_r10_25.uai
2026-02-02 16:15:37,321|INFO|random_mc2_n5_mid3_d1000_05_mr098_r10_60_uai_GDCC_1e-09_n200_roFalse_s0: Loading data from ../models/synthetic/s123/random_mc2_n5_mid3_d1000_05_mr098_r10_60.csv
2026-02-02 16:15:37,332|ERROR|random_mc2_n5_mid3_d1000_05_mr098_r10_60_uai_GDCC_1e-09_n200_roFalse_s0: File exists, not rewriting.
2026-02-02 16:15:37,360|INFO|random_mc2_n7_mid3_d1000_05_mr098_r10_25_uai_GDCC_1e-09_n200_roTrue_s0: Loading data from ../models/synthetic/s123/random_mc2_n7_mid3_d1000_05_mr098_r10_25.csv
2026-02-02 16:15:37,373|ERROR|random_mc2_n7_mid3_d1000_05_mr098_r10_25_uai_GDCC_1e-09_n200_roTrue_s0: File exists, not rewriting.
2026-02-02 16:15:37,385|INFO|random_mc2_n5_mid3_d1000_05_mr098_r10_25_uai_GDCC_1e-09_n200_roFalse_s0: Loading model from ../models/synthetic/s123/random_mc2_n5_mid3_d1000_05_mr098_r10_25.uai
2026-02-02 16:15:37,391|INFO|random_mc2_n5_mid3_d1000_05_mr098_r10_169_uai_GDCC_1e-09_n200_roTrue_s0: Loading model from ../models/synthetic/s123/random_mc2_n5_mid3_d1000_05_mr098_r10_169.uai
2026-02-02 16:15:37,393|INFO|random_mc2_n5_mid3_d1000_05_mr098_r10_25_uai_GDCC_1e-09_n200_roFalse_s0: Loading data from ../models/synthetic/s123/random_mc2_n5_mid3_d1000_05_mr098_r10_25.csv
2026-02-02 16:15:37,407|INFO|random_mc2_n5_mid3_d1000_05_mr098_r10_25_uai_GDCC_1e-09_n200_roFalse_s0: PNS(V1,V4) exact: (0.0216, 0.0216)
2026-02-02 16:15:37,399|INFO|random_mc2_n5_mid3_d1000_05_mr098_r10_169_uai_GDCC_1e-09_n200_roTrue_s0: Loading data from ../models/synthetic/s123/random_mc2_n5_mid3_d1000_05_mr098_r10_169.csv
2026-02-02 16:15:37,413|INFO|random_mc2_n5_mid3_d1000_05_mr098_r10_169_uai_GDCC_1e-09_n200_roTrue_s0: PNS(V0,V3) exact: (0.16386, 0.49872)
2026-02-02 16:15:37,514|INFO|random_mc2_n5_mid3_d1000_05_mr098_r10_125_uai_GDCC_1e-09_n200_roFalse_s0: Loading model from ../models/synthetic/s123/random_mc2_n5_mid3_d1000_05_mr098_r10_125.uai
2026-02-02 16:15:37,521|INFO|random_mc2_n7_mid3_d1000_05_mr098_r10_24_uai_GDCC_1e-09_n200_roFalse_s0: Loading model from ../models/synthetic/s123/random_mc2_n7_mid3_d1000_05_mr098_r10_24.uai
2026-02-02 16:15:37,526|INFO|random_mc2_n6_mid3_d1000_05_mr098_r10_182_uai_GDCC_1e-09_n200_roTrue_s0: Loading model from ../models/synthetic/s123/random_mc2_n6_mid3_d1000_05_mr098_r10_182.uai
2026-02-02 16:15:37,538|INFO|random_mc2_n6_mid3_d1000_05_mr098_r10_181_uai_GDCC_1e-09_n200_roTrue_s0: Loading model from ../models/synthetic/s123/random_mc2_n6_mid3_d1000_05_mr098_r10_181.uai
2026-02-02 16:15:37,524|INFO|random_mc2_n5_mid3_d1000_05_mr098_r10_125_uai_GDCC_1e-09_n200_roFalse_s0: Loading data from ../models/synthetic/s123/random_mc2_n5_mid3_d1000_05_mr098_r10_125.csv
2026-02-02 16:15:37,540|INFO|random_mc2_n5_mid3_d1000_05_mr098_r10_125_uai_GDCC_1e-09_n200_roFalse_s0: PNS(V2,V4) exact: (0.0, 0.3332024784999999)
2026-02-02 16:15:37,538|INFO|random_mc2_n7_mid3_d1000_05_mr098_r10_24_uai_GDCC_1e-09_n200_roFalse_s0: Loading data from ../models/synthetic/s123/random_mc2_n7_mid3_d1000_05_mr098_r10_24.csv
2026-02-02 16:15:37,554|INFO|random_mc2_n7_mid3_d1000_05_mr098_r10_24_uai_GDCC_1e-09_n200_roFalse_s0: PNS(V3,V2) exact: (0.0, 0.0745211048481239)
2026-02-02 16:15:37,549|INFO|random_mc2_n6_mid3_d1000_05_mr098_r10_182_uai_GDCC_1e-09_n200_roTrue_s0: Loading data from ../models/synthetic/s123/random_mc2_n6_mid3_d1000_05_mr098_r10_182.csv
2026-02-02 16:15:37,564|INFO|random_mc2_n6_mid3_d1000_05_mr098_r10_182_uai_GDCC_1e-09_n200_roTrue_s0: PNS(V4,V5) exact: (0.2591310333408, 0.3907790126200001)
2026-02-02 16:15:37,570|INFO|random_mc2_n9_mid3_d1000_05_mr098_r10_28_uai_GDCC_1e-09_n200_roTrue_s0: Loading model from ../models/synthetic/s123/random_mc2_n9_mid3_d1000_05_mr098_r10_28.uai
2026-02-02 16:15:37,553|INFO|random_mc2_n6_mid3_d1000_05_mr098_r10_181_uai_GDCC_1e-09_n200_roTrue_s0: Loading data from ../models/synthetic/s123/random_mc2_n6_mid3_d1000_05_mr098_r10_181.csv
2026-02-02 16:15:37,561|ERROR|random_mc2_n6_mid3_d1000_05_mr098_r10_181_uai_GDCC_1e-09_n200_roTrue_s0: File exists, not rewriting.
2026-02-02 16:15:37,588|INFO|random_mc2_n5_mid3_d1000_05_mr098_r10_184_uai_GDCC_1e-09_n200_roFalse_s0: Loading model from ../models/synthetic/s123/random_mc2_n5_mid3_d1000_05_mr098_r10_184.uai
2026-02-02 16:15:37,600|INFO|random_mc2_n9_mid3_d1000_05_mr098_r10_28_uai_GDCC_1e-09_n200_roTrue_s0: Loading data from ../models/synthetic/s123/random_mc2_n9_mid3_d1000_05_mr098_r10_28.csv
2026-02-02 16:15:37,611|ERROR|random_mc2_n9_mid3_d1000_05_mr098_r10_28_uai_GDCC_1e-09_n200_roTrue_s0: File exists, not rewriting.
2026-02-02 16:15:37,597|INFO|random_mc2_n5_mid3_d1000_05_mr098_r10_184_uai_GDCC_1e-09_n200_roFalse_s0: Loading data from ../models/synthetic/s123/random_mc2_n5_mid3_d1000_05_mr098_r10_184.csv
2026-02-02 16:15:37,615|INFO|random_mc2_n5_mid3_d1000_05_mr098_r10_184_uai_GDCC_1e-09_n200_roFalse_s0: PNS(V3,V4) exact: (0.0, 0.0)
2026-02-02 16:15:37,615|ERROR|random_mc2_n5_mid3_d1000_05_mr098_r10_184_uai_GDCC_1e-09_n200_roFalse_s0: Model does not have any cause-effect path.
2026-02-02 16:15:37,677|INFO|random_mc2_n9_mid3_d1000_05_mr098_r10_192_uai_GDCC_1e-09_n200_roTrue_s0: Loading model from ../models/synthetic/s123/random_mc2_n9_mid3_d1000_05_mr098_r10_192.uai
2026-02-02 16:15:37,684|INFO|random_mc2_n9_mid3_d1000_05_mr098_r10_29_uai_GDCC_1e-09_n200_roFalse_s0: Loading model from ../models/synthetic/s123/random_mc2_n9_mid3_d1000_05_mr098_r10_29.uai
2026-02-02 16:15:37,685|INFO|random_mc2_n7_mid3_d1000_05_mr098_r10_20_uai_GDCC_1e-09_n200_roFalse_s0: Loading model from ../models/synthetic/s123/random_mc2_n7_mid3_d1000_05_mr098_r10_20.uai
2026-02-02 16:15:37,711|INFO|random_mc2_n9_mid3_d1000_05_mr098_r10_29_uai_GDCC_1e-09_n200_roFalse_s0: Loading data from ../models/synthetic/s123/random_mc2_n9_mid3_d1000_05_mr098_r10_29.csv
2026-02-02 16:15:37,721|ERROR|random_mc2_n9_mid3_d1000_05_mr098_r10_29_uai_GDCC_1e-09_n200_roFalse_s0: File exists, not rewriting.
2026-02-02 16:15:37,703|INFO|random_mc2_n7_mid3_d1000_05_mr098_r10_20_uai_GDCC_1e-09_n200_roFalse_s0: Loading data from ../models/synthetic/s123/random_mc2_n7_mid3_d1000_05_mr098_r10_20.csv
2026-02-02 16:15:37,712|ERROR|random_mc2_n7_mid3_d1000_05_mr098_r10_20_uai_GDCC_1e-09_n200_roFalse_s0: File exists, not rewriting.
2026-02-02 16:15:37,733|INFO|random_mc2_n6_mid3_d1000_05_mr098_r10_115_uai_GDCC_1e-09_n200_roTrue_s0: Loading model from ../models/synthetic/s123/random_mc2_n6_mid3_d1000_05_mr098_r10_115.uai
2026-02-02 16:15:37,739|INFO|random_mc2_n6_mid3_d1000_05_mr098_r10_17_uai_GDCC_1e-09_n200_roTrue_s0: Loading model from ../models/synthetic/s123/random_mc2_n6_mid3_d1000_05_mr098_r10_17.uai
2026-02-02 16:15:37,767|INFO|random_mc2_n6_mid3_d1000_05_mr098_r10_189_uai_GDCC_1e-09_n200_roFalse_s0: Loading model from ../models/synthetic/s123/random_mc2_n6_mid3_d1000_05_mr098_r10_189.uai
2026-02-02 16:15:37,760|INFO|random_mc2_n6_mid3_d1000_05_mr098_r10_115_uai_GDCC_1e-09_n200_roTrue_s0: Loading data from ../models/synthetic/s123/random_mc2_n6_mid3_d1000_05_mr098_r10_115.csv
2026-02-02 16:15:37,772|ERROR|random_mc2_n6_mid3_d1000_05_mr098_r10_115_uai_GDCC_1e-09_n200_roTrue_s0: File exists, not rewriting.
2026-02-02 16:15:37,751|INFO|random_mc2_n6_mid3_d1000_05_mr098_r10_17_uai_GDCC_1e-09_n200_roTrue_s0: Loading data from ../models/synthetic/s123/random_mc2_n6_mid3_d1000_05_mr098_r10_17.csv
2026-02-02 16:15:37,772|INFO|random_mc2_n6_mid3_d1000_05_mr098_r10_17_uai_GDCC_1e-09_n200_roTrue_s0: PNS(V5,V0) exact: (0.068749296, 0.1201185324)
2026-02-02 16:15:37,781|INFO|random_mc2_n9_mid3_d1000_05_mr098_r10_192_uai_GDCC_1e-09_n200_roTrue_s0: Loading data from ../models/synthetic/s123/random_mc2_n9_mid3_d1000_05_mr098_r10_192.csv
2026-02-02 16:15:37,791|ERROR|random_mc2_n9_mid3_d1000_05_mr098_r10_192_uai_GDCC_1e-09_n200_roTrue_s0: File exists, not rewriting.
2026-02-02 16:15:37,785|INFO|random_mc2_n6_mid3_d1000_05_mr098_r10_189_uai_GDCC_1e-09_n200_roFalse_s0: Loading data from ../models/synthetic/s123/random_mc2_n6_mid3_d1000_05_mr098_r10_189.csv
2026-02-02 16:15:37,801|INFO|random_mc2_n6_mid3_d1000_05_mr098_r10_189_uai_GDCC_1e-09_n200_roFalse_s0: PNS(V3,V1) exact: (0.6089314630473477, 0.6883287464300636)
2026-02-02 16:15:37,822|INFO|random_mc2_n5_mid3_d1000_05_mr098_r10_140_uai_GDCC_1e-09_n200_roFalse_s0: Loading model from ../models/synthetic/s123/random_mc2_n5_mid3_d1000_05_mr098_r10_140.uai
2026-02-02 16:15:37,832|INFO|random_mc2_n5_mid3_d1000_05_mr098_r10_140_uai_GDCC_1e-09_n200_roFalse_s0: Loading data from ../models/synthetic/s123/random_mc2_n5_mid3_d1000_05_mr098_r10_140.csv
2026-02-02 16:15:37,849|INFO|random_mc2_n5_mid3_d1000_05_mr098_r10_140_uai_GDCC_1e-09_n200_roFalse_s0: PNS(V1,V4) exact: (0.06441808679475, 0.469169366245215)
2026-02-02 16:15:37,973|INFO|random_mc2_n6_mid3_d1000_05_mr098_r10_116_uai_GDCC_1e-09_n200_roFalse_s0: Loading model from ../models/synthetic/s123/random_mc2_n6_mid3_d1000_05_mr098_r10_116.uai
2026-02-02 16:15:37,993|INFO|random_mc2_n6_mid3_d1000_05_mr098_r10_184_uai_GDCC_1e-09_n200_roFalse_s0: Loading model from ../models/synthetic/s123/random_mc2_n6_mid3_d1000_05_mr098_r10_184.uai
2026-02-02 16:15:37,988|INFO|random_mc2_n6_mid3_d1000_05_mr098_r10_116_uai_GDCC_1e-09_n200_roFalse_s0: Loading data from ../models/synthetic/s123/random_mc2_n6_mid3_d1000_05_mr098_r10_116.csv
2026-02-02 16:15:38,006|INFO|random_mc2_n6_mid3_d1000_05_mr098_r10_116_uai_GDCC_1e-09_n200_roFalse_s0: PNS(V5,V1) exact: (0.0050404107, 0.1627079522999999)
2026-02-02 16:15:38,002|INFO|random_mc2_n6_mid3_d1000_05_mr098_r10_184_uai_GDCC_1e-09_n200_roFalse_s0: Loading data from ../models/synthetic/s123/random_mc2_n6_mid3_d1000_05_mr098_r10_184.csv
2026-02-02 16:15:38,018|INFO|random_mc2_n6_mid3_d1000_05_mr098_r10_184_uai_GDCC_1e-09_n200_roFalse_s0: PNS(V5,V4) exact: (0.0, 0.0008714266998319998)
2026-02-02 16:15:41,138|INFO|random_mc2_n5_mid3_d1000_05_mr098_r10_61_uai_GDCC_1e-09_n200_roFalse_s0: Loading model from ../models/synthetic/s123/random_mc2_n5_mid3_d1000_05_mr098_r10_61.uai
2026-02-02 16:15:41,149|INFO|random_mc2_n5_mid3_d1000_05_mr098_r10_61_uai_GDCC_1e-09_n200_roFalse_s0: Loading data from ../models/synthetic/s123/random_mc2_n5_mid3_d1000_05_mr098_r10_61.csv
2026-02-02 16:15:41,157|ERROR|random_mc2_n5_mid3_d1000_05_mr098_r10_61_uai_GDCC_1e-09_n200_roFalse_s0: File exists, not rewriting.
2026-02-02 16:15:52,585|INFO|random_mc2_n7_mid3_d1000_05_mr098_r10_42_uai_GDCC_1e-09_n200_roTrue_s0: Loading model from ../models/synthetic/s123/random_mc2_n7_mid3_d1000_05_mr098_r10_42.uai
2026-02-02 16:15:52,596|INFO|random_mc2_n7_mid3_d1000_05_mr098_r10_42_uai_GDCC_1e-09_n200_roTrue_s0: Loading data from ../models/synthetic/s123/random_mc2_n7_mid3_d1000_05_mr098_r10_42.csv
2026-02-02 16:15:52,612|INFO|random_mc2_n7_mid3_d1000_05_mr098_r10_42_uai_GDCC_1e-09_n200_roTrue_s0: PNS(V0,V3) exact: (0.0, 0.0)
2026-02-02 16:15:52,612|ERROR|random_mc2_n7_mid3_d1000_05_mr098_r10_42_uai_GDCC_1e-09_n200_roTrue_s0: Model does not have any cause-effect path.
2026-02-02 16:15:59,136|INFO|random_mc2_n5_mid3_d1000_05_mr098_r10_114_uai_GDCC_1e-09_n200_roFalse_s0: Loading model from ../models/synthetic/s123/random_mc2_n5_mid3_d1000_05_mr098_r10_114.uai
2026-02-02 16:15:59,169|INFO|random_mc2_n5_mid3_d1000_05_mr098_r10_114_uai_GDCC_1e-09_n200_roFalse_s0: Loading data from ../models/synthetic/s123/random_mc2_n5_mid3_d1000_05_mr098_r10_114.csv
2026-02-02 16:15:59,182|ERROR|random_mc2_n5_mid3_d1000_05_mr098_r10_114_uai_GDCC_1e-09_n200_roFalse_s0: File exists, not rewriting.
2026-02-02 16:16:00,712|INFO|random_mc2_n6_mid3_d1000_05_mr098_r10_112_uai_GDCC_1e-09_n200_roTrue_s0: Loading model from ../models/synthetic/s123/random_mc2_n6_mid3_d1000_05_mr098_r10_112.uai
2026-02-02 16:16:00,719|INFO|random_mc2_n7_mid3_d1000_05_mr098_r10_49_uai_GDCC_1e-09_n200_roFalse_s0: Loading model from ../models/synthetic/s123/random_mc2_n7_mid3_d1000_05_mr098_r10_49.uai
2026-02-02 16:16:00,729|INFO|random_mc2_n5_mid3_d1000_05_mr098_r10_170_uai_GDCC_1e-09_n200_roFalse_s0: Loading model from ../models/synthetic/s123/random_mc2_n5_mid3_d1000_05_mr098_r10_170.uai
2026-02-02 16:16:00,730|INFO|random_mc2_n6_mid3_d1000_05_mr098_r10_112_uai_GDCC_1e-09_n200_roTrue_s0: Loading data from ../models/synthetic/s123/random_mc2_n6_mid3_d1000_05_mr098_r10_112.csv
2026-02-02 16:16:00,744|ERROR|random_mc2_n6_mid3_d1000_05_mr098_r10_112_uai_GDCC_1e-09_n200_roTrue_s0: File exists, not rewriting.
2026-02-02 16:16:00,737|INFO|random_mc2_n7_mid3_d1000_05_mr098_r10_49_uai_GDCC_1e-09_n200_roFalse_s0: Loading data from ../models/synthetic/s123/random_mc2_n7_mid3_d1000_05_mr098_r10_49.csv
2026-02-02 16:16:00,756|INFO|random_mc2_n7_mid3_d1000_05_mr098_r10_49_uai_GDCC_1e-09_n200_roFalse_s0: PNS(V4,V3) exact: (0.0163816299, 0.4155382627)
2026-02-02 16:16:00,739|INFO|random_mc2_n5_mid3_d1000_05_mr098_r10_170_uai_GDCC_1e-09_n200_roFalse_s0: Loading data from ../models/synthetic/s123/random_mc2_n5_mid3_d1000_05_mr098_r10_170.csv
2026-02-02 16:16:00,749|ERROR|random_mc2_n5_mid3_d1000_05_mr098_r10_170_uai_GDCC_1e-09_n200_roFalse_s0: File exists, not rewriting.
2026-02-02 16:16:00,816|INFO|random_mc2_n7_mid3_d1000_05_mr098_r10_47_uai_GDCC_1e-09_n200_roFalse_s0: Loading model from ../models/synthetic/s123/random_mc2_n7_mid3_d1000_05_mr098_r10_47.uai
2026-02-02 16:16:00,833|INFO|random_mc2_n7_mid3_d1000_05_mr098_r10_47_uai_GDCC_1e-09_n200_roFalse_s0: Loading data from ../models/synthetic/s123/random_mc2_n7_mid3_d1000_05_mr098_r10_47.csv
2026-02-02 16:16:00,848|INFO|random_mc2_n7_mid3_d1000_05_mr098_r10_47_uai_GDCC_1e-09_n200_roFalse_s0: PNS(V3,V6) exact: (0.1989106159359959, 0.311362706666494)
2026-02-02 16:16:00,858|INFO|random_mc2_n7_mid3_d1000_05_mr098_r10_51_uai_GDCC_1e-09_n200_roTrue_s0: Loading model from ../models/synthetic/s123/random_mc2_n7_mid3_d1000_05_mr098_r10_51.uai
2026-02-02 16:16:00,885|INFO|random_mc2_n7_mid3_d1000_05_mr098_r10_51_uai_GDCC_1e-09_n200_roTrue_s0: Loading data from ../models/synthetic/s123/random_mc2_n7_mid3_d1000_05_mr098_r10_51.csv
2026-02-02 16:16:00,897|ERROR|random_mc2_n7_mid3_d1000_05_mr098_r10_51_uai_GDCC_1e-09_n200_roTrue_s0: File exists, not rewriting.
2026-02-02 16:16:01,856|INFO|random_mc2_n6_mid3_d1000_05_mr098_r10_200_uai_GDCC_1e-09_n200_roFalse_s0: Loading model from ../models/synthetic/s123/random_mc2_n6_mid3_d1000_05_mr098_r10_200.uai
2026-02-02 16:16:01,892|INFO|random_mc2_n5_mid3_d1000_05_mr098_r10_160_uai_GDCC_1e-09_n200_roTrue_s0: Loading model from ../models/synthetic/s123/random_mc2_n5_mid3_d1000_05_mr098_r10_160.uai
2026-02-02 16:16:01,901|INFO|random_mc2_n6_mid3_d1000_05_mr098_r10_200_uai_GDCC_1e-09_n200_roFalse_s0: Loading data from ../models/synthetic/s123/random_mc2_n6_mid3_d1000_05_mr098_r10_200.csv
2026-02-02 16:16:01,909|INFO|random_mc2_n6_mid3_d1000_05_mr098_r10_193_uai_GDCC_1e-09_n200_roFalse_s0: Loading model from ../models/synthetic/s123/random_mc2_n6_mid3_d1000_05_mr098_r10_193.uai
2026-02-02 16:16:01,913|ERROR|random_mc2_n6_mid3_d1000_05_mr098_r10_200_uai_GDCC_1e-09_n200_roFalse_s0: File exists, not rewriting.
2026-02-02 16:16:01,926|INFO|random_mc2_n5_mid3_d1000_05_mr098_r10_18_uai_GDCC_1e-09_n200_roTrue_s0: Loading model from ../models/synthetic/s123/random_mc2_n5_mid3_d1000_05_mr098_r10_18.uai
2026-02-02 16:16:01,902|INFO|random_mc2_n5_mid3_d1000_05_mr098_r10_160_uai_GDCC_1e-09_n200_roTrue_s0: Loading data from ../models/synthetic/s123/random_mc2_n5_mid3_d1000_05_mr098_r10_160.csv
2026-02-02 16:16:01,914|ERROR|random_mc2_n5_mid3_d1000_05_mr098_r10_160_uai_GDCC_1e-09_n200_roTrue_s0: File exists, not rewriting.
2026-02-02 16:16:01,927|INFO|random_mc2_n6_mid3_d1000_05_mr098_r10_193_uai_GDCC_1e-09_n200_roFalse_s0: Loading data from ../models/synthetic/s123/random_mc2_n6_mid3_d1000_05_mr098_r10_193.csv
2026-02-02 16:16:01,944|INFO|random_mc2_n6_mid3_d1000_05_mr098_r10_193_uai_GDCC_1e-09_n200_roFalse_s0: PNS(V0,V4) exact: (0.0, 0.238593816)
2026-02-02 16:16:01,947|INFO|random_mc2_n5_mid3_d1000_05_mr098_r10_18_uai_GDCC_1e-09_n200_roTrue_s0: Loading data from ../models/synthetic/s123/random_mc2_n5_mid3_d1000_05_mr098_r10_18.csv
2026-02-02 16:16:01,964|INFO|random_mc2_n5_mid3_d1000_05_mr098_r10_18_uai_GDCC_1e-09_n200_roTrue_s0: PNS(V1,V3) exact: (0.3568015083512, 0.5052594691711998)
2026-02-02 16:16:04,194|INFO|random_mc2_n6_mid3_d1000_05_mr098_r10_22_uai_GDCC_1e-09_n200_roTrue_s0: Loading model from ../models/synthetic/s123/random_mc2_n6_mid3_d1000_05_mr098_r10_22.uai
2026-02-02 16:16:04,196|INFO|random_mc2_n5_mid3_d1000_05_mr098_r10_18_uai_GDCC_1e-09_n200_roFalse_s0: Loading model from ../models/synthetic/s123/random_mc2_n5_mid3_d1000_05_mr098_r10_18.uai
2026-02-02 16:16:04,202|INFO|random_mc2_n6_mid3_d1000_05_mr098_r10_126_uai_GDCC_1e-09_n200_roFalse_s0: Loading model from ../models/synthetic/s123/random_mc2_n6_mid3_d1000_05_mr098_r10_126.uai
2026-02-02 16:16:04,213|INFO|random_mc2_n7_mid3_d1000_05_mr098_r10_5_uai_GDCC_1e-09_n200_roFalse_s0: Loading model from ../models/synthetic/s123/random_mc2_n7_mid3_d1000_05_mr098_r10_5.uai
2026-02-02 16:16:04,218|INFO|random_mc2_n5_mid3_d1000_05_mr098_r10_125_uai_GDCC_1e-09_n200_roTrue_s0: Loading model from ../models/synthetic/s123/random_mc2_n5_mid3_d1000_05_mr098_r10_125.uai
2026-02-02 16:16:04,212|INFO|random_mc2_n6_mid3_d1000_05_mr098_r10_22_uai_GDCC_1e-09_n200_roTrue_s0: Loading data from ../models/synthetic/s123/random_mc2_n6_mid3_d1000_05_mr098_r10_22.csv
2026-02-02 16:16:04,226|ERROR|random_mc2_n6_mid3_d1000_05_mr098_r10_22_uai_GDCC_1e-09_n200_roTrue_s0: File exists, not rewriting.
2026-02-02 16:16:04,218|INFO|random_mc2_n5_mid3_d1000_05_mr098_r10_18_uai_GDCC_1e-09_n200_roFalse_s0: Loading data from ../models/synthetic/s123/random_mc2_n5_mid3_d1000_05_mr098_r10_18.csv
2026-02-02 16:16:04,234|INFO|random_mc2_n5_mid3_d1000_05_mr098_r10_18_uai_GDCC_1e-09_n200_roFalse_s0: PNS(V1,V3) exact: (0.3568015083512, 0.5052594691711998)
2026-02-02 16:16:04,233|INFO|random_mc2_n6_mid3_d1000_05_mr098_r10_126_uai_GDCC_1e-09_n200_roFalse_s0: Loading data from ../models/synthetic/s123/random_mc2_n6_mid3_d1000_05_mr098_r10_126.csv
2026-02-02 16:16:04,242|ERROR|random_mc2_n6_mid3_d1000_05_mr098_r10_126_uai_GDCC_1e-09_n200_roFalse_s0: File exists, not rewriting.
2026-02-02 16:16:04,231|INFO|random_mc2_n7_mid3_d1000_05_mr098_r10_5_uai_GDCC_1e-09_n200_roFalse_s0: Loading data from ../models/synthetic/s123/random_mc2_n7_mid3_d1000_05_mr098_r10_5.csv
2026-02-02 16:16:04,238|ERROR|random_mc2_n7_mid3_d1000_05_mr098_r10_5_uai_GDCC_1e-09_n200_roFalse_s0: File exists, not rewriting.
2026-02-02 16:16:04,228|INFO|random_mc2_n5_mid3_d1000_05_mr098_r10_125_uai_GDCC_1e-09_n200_roTrue_s0: Loading data from ../models/synthetic/s123/random_mc2_n5_mid3_d1000_05_mr098_r10_125.csv
2026-02-02 16:16:04,244|INFO|random_mc2_n5_mid3_d1000_05_mr098_r10_125_uai_GDCC_1e-09_n200_roTrue_s0: PNS(V2,V4) exact: (0.0, 0.3332024784999999)
2026-02-02 16:16:05,880|INFO|random_mc2_n6_mid3_d1000_05_mr098_r10_24_uai_GDCC_1e-09_n200_roFalse_s0: Loading model from ../models/synthetic/s123/random_mc2_n6_mid3_d1000_05_mr098_r10_24.uai
2026-02-02 16:16:05,903|INFO|random_mc2_n5_mid3_d1000_05_mr098_r10_38_uai_GDCC_1e-09_n200_roTrue_s0: Loading model from ../models/synthetic/s123/random_mc2_n5_mid3_d1000_05_mr098_r10_38.uai
2026-02-02 16:16:05,908|INFO|random_mc2_n5_mid3_d1000_05_mr098_r10_105_uai_GDCC_1e-09_n200_roFalse_s0: Loading model from ../models/synthetic/s123/random_mc2_n5_mid3_d1000_05_mr098_r10_105.uai
2026-02-02 16:16:05,916|INFO|random_mc2_n5_mid3_d1000_05_mr098_r10_71_uai_GDCC_1e-09_n200_roTrue_s0: Loading model from ../models/synthetic/s123/random_mc2_n5_mid3_d1000_05_mr098_r10_71.uai
2026-02-02 16:16:05,904|INFO|random_mc2_n6_mid3_d1000_05_mr098_r10_24_uai_GDCC_1e-09_n200_roFalse_s0: Loading data from ../models/synthetic/s123/random_mc2_n6_mid3_d1000_05_mr098_r10_24.csv
2026-02-02 16:16:05,918|ERROR|random_mc2_n6_mid3_d1000_05_mr098_r10_24_uai_GDCC_1e-09_n200_roFalse_s0: File exists, not rewriting.
2026-02-02 16:16:05,930|INFO|random_mc2_n7_mid3_d1000_05_mr098_r10_90_uai_GDCC_1e-09_n200_roTrue_s0: Loading model from ../models/synthetic/s123/random_mc2_n7_mid3_d1000_05_mr098_r10_90.uai
2026-02-02 16:16:05,934|INFO|random_mc2_n5_mid3_d1000_05_mr098_r10_67_uai_GDCC_1e-09_n200_roFalse_s0: Loading model from ../models/synthetic/s123/random_mc2_n5_mid3_d1000_05_mr098_r10_67.uai
2026-02-02 16:16:05,913|INFO|random_mc2_n5_mid3_d1000_05_mr098_r10_38_uai_GDCC_1e-09_n200_roTrue_s0: Loading data from ../models/synthetic/s123/random_mc2_n5_mid3_d1000_05_mr098_r10_38.csv
2026-02-02 16:16:05,927|INFO|random_mc2_n5_mid3_d1000_05_mr098_r10_38_uai_GDCC_1e-09_n200_roTrue_s0: PNS(V4,V3) exact: (0.71565, 0.7250800000000001)
2026-02-02 16:16:05,919|INFO|random_mc2_n5_mid3_d1000_05_mr098_r10_105_uai_GDCC_1e-09_n200_roFalse_s0: Loading data from ../models/synthetic/s123/random_mc2_n5_mid3_d1000_05_mr098_r10_105.csv
2026-02-02 16:16:05,927|ERROR|random_mc2_n5_mid3_d1000_05_mr098_r10_105_uai_GDCC_1e-09_n200_roFalse_s0: File exists, not rewriting.
2026-02-02 16:16:05,925|INFO|random_mc2_n5_mid3_d1000_05_mr098_r10_71_uai_GDCC_1e-09_n200_roTrue_s0: Loading data from ../models/synthetic/s123/random_mc2_n5_mid3_d1000_05_mr098_r10_71.csv
2026-02-02 16:16:05,942|INFO|random_mc2_n5_mid3_d1000_05_mr098_r10_71_uai_GDCC_1e-09_n200_roTrue_s0: PNS(V1,V0) exact: (0.0, 0.0786183533)
2026-02-02 16:16:05,947|INFO|random_mc2_n7_mid3_d1000_05_mr098_r10_90_uai_GDCC_1e-09_n200_roTrue_s0: Loading data from ../models/synthetic/s123/random_mc2_n7_mid3_d1000_05_mr098_r10_90.csv
2026-02-02 16:16:05,957|ERROR|random_mc2_n7_mid3_d1000_05_mr098_r10_90_uai_GDCC_1e-09_n200_roTrue_s0: File exists, not rewriting.
2026-02-02 16:16:05,942|INFO|random_mc2_n5_mid3_d1000_05_mr098_r10_67_uai_GDCC_1e-09_n200_roFalse_s0: Loading data from ../models/synthetic/s123/random_mc2_n5_mid3_d1000_05_mr098_r10_67.csv
2026-02-02 16:16:05,950|ERROR|random_mc2_n5_mid3_d1000_05_mr098_r10_67_uai_GDCC_1e-09_n200_roFalse_s0: File exists, not rewriting.
2026-02-02 16:16:06,008|INFO|random_mc2_n6_mid3_d1000_05_mr098_r10_38_uai_GDCC_1e-09_n200_roFalse_s0: Loading model from ../models/synthetic/s123/random_mc2_n6_mid3_d1000_05_mr098_r10_38.uai
2026-02-02 16:16:06,011|INFO|random_mc2_n7_mid3_d1000_05_mr098_r10_68_uai_GDCC_1e-09_n200_roTrue_s0: Loading model from ../models/synthetic/s123/random_mc2_n7_mid3_d1000_05_mr098_r10_68.uai
2026-02-02 16:16:06,022|INFO|random_mc2_n6_mid3_d1000_05_mr098_r10_38_uai_GDCC_1e-09_n200_roFalse_s0: Loading data from ../models/synthetic/s123/random_mc2_n6_mid3_d1000_05_mr098_r10_38.csv
2026-02-02 16:16:06,042|INFO|random_mc2_n6_mid3_d1000_05_mr098_r10_38_uai_GDCC_1e-09_n200_roFalse_s0: PNS(V0,V3) exact: (0.0032650838421653, 0.0300094630044194)
2026-02-02 16:16:06,070|INFO|random_mc2_n5_mid3_d1000_05_mr098_r10_100_uai_GDCC_1e-09_n200_roTrue_s0: Loading model from ../models/synthetic/s123/random_mc2_n5_mid3_d1000_05_mr098_r10_100.uai
2026-02-02 16:16:06,085|INFO|random_mc2_n6_mid3_d1000_05_mr098_r10_36_uai_GDCC_1e-09_n200_roTrue_s0: Loading model from ../models/synthetic/s123/random_mc2_n6_mid3_d1000_05_mr098_r10_36.uai
2026-02-02 16:16:06,105|INFO|random_mc2_n5_mid3_d1000_05_mr098_r10_39_uai_GDCC_1e-09_n200_roTrue_s0: Loading model from ../models/synthetic/s123/random_mc2_n5_mid3_d1000_05_mr098_r10_39.uai
2026-02-02 16:16:06,084|INFO|random_mc2_n5_mid3_d1000_05_mr098_r10_100_uai_GDCC_1e-09_n200_roTrue_s0: Loading data from ../models/synthetic/s123/random_mc2_n5_mid3_d1000_05_mr098_r10_100.csv
2026-02-02 16:16:06,092|ERROR|random_mc2_n5_mid3_d1000_05_mr098_r10_100_uai_GDCC_1e-09_n200_roTrue_s0: File exists, not rewriting.
2026-02-02 16:16:06,124|INFO|random_mc2_n7_mid3_d1000_05_mr098_r10_68_uai_GDCC_1e-09_n200_roTrue_s0: Loading data from ../models/synthetic/s123/random_mc2_n7_mid3_d1000_05_mr098_r10_68.csv
2026-02-02 16:16:06,097|INFO|random_mc2_n6_mid3_d1000_05_mr098_r10_36_uai_GDCC_1e-09_n200_roTrue_s0: Loading data from ../models/synthetic/s123/random_mc2_n6_mid3_d1000_05_mr098_r10_36.csv
2026-02-02 16:16:06,124|INFO|random_mc2_n6_mid3_d1000_05_mr098_r10_36_uai_GDCC_1e-09_n200_roTrue_s0: PNS(V1,V4) exact: (0.0029094796518842, 0.0163840107745321)
2026-02-02 16:16:06,131|ERROR|random_mc2_n7_mid3_d1000_05_mr098_r10_68_uai_GDCC_1e-09_n200_roTrue_s0: File exists, not rewriting.
2026-02-02 16:16:06,115|INFO|random_mc2_n5_mid3_d1000_05_mr098_r10_39_uai_GDCC_1e-09_n200_roTrue_s0: Loading data from ../models/synthetic/s123/random_mc2_n5_mid3_d1000_05_mr098_r10_39.csv
2026-02-02 16:16:06,126|INFO|random_mc2_n5_mid3_d1000_05_mr098_r10_39_uai_GDCC_1e-09_n200_roTrue_s0: PNS(V1,V4) exact: (0.0280539, 0.03752366)
2026-02-02 16:16:06,156|INFO|random_mc2_n6_mid3_d1000_05_mr098_r10_135_uai_GDCC_1e-09_n200_roTrue_s0: Loading model from ../models/synthetic/s123/random_mc2_n6_mid3_d1000_05_mr098_r10_135.uai
2026-02-02 16:16:06,168|INFO|random_mc2_n8_mid3_d1000_05_mr098_r10_116_uai_GDCC_1e-09_n200_roTrue_s0: Loading model from ../models/synthetic/s123/random_mc2_n8_mid3_d1000_05_mr098_r10_116.uai
2026-02-02 16:16:06,166|INFO|random_mc2_n6_mid3_d1000_05_mr098_r10_135_uai_GDCC_1e-09_n200_roTrue_s0: Loading data from ../models/synthetic/s123/random_mc2_n6_mid3_d1000_05_mr098_r10_135.csv
2026-02-02 16:16:06,195|INFO|random_mc2_n5_mid3_d1000_05_mr098_r10_35_uai_GDCC_1e-09_n200_roTrue_s0: Loading model from ../models/synthetic/s123/random_mc2_n5_mid3_d1000_05_mr098_r10_35.uai
2026-02-02 16:16:06,175|ERROR|random_mc2_n6_mid3_d1000_05_mr098_r10_135_uai_GDCC_1e-09_n200_roTrue_s0: File exists, not rewriting.
2026-02-02 16:16:06,188|INFO|random_mc2_n8_mid3_d1000_05_mr098_r10_116_uai_GDCC_1e-09_n200_roTrue_s0: Loading data from ../models/synthetic/s123/random_mc2_n8_mid3_d1000_05_mr098_r10_116.csv
2026-02-02 16:16:06,195|ERROR|random_mc2_n8_mid3_d1000_05_mr098_r10_116_uai_GDCC_1e-09_n200_roTrue_s0: File exists, not rewriting.
2026-02-02 16:16:06,202|INFO|random_mc2_n5_mid3_d1000_05_mr098_r10_35_uai_GDCC_1e-09_n200_roTrue_s0: Loading data from ../models/synthetic/s123/random_mc2_n5_mid3_d1000_05_mr098_r10_35.csv
2026-02-02 16:16:06,216|INFO|random_mc2_n5_mid3_d1000_05_mr098_r10_35_uai_GDCC_1e-09_n200_roTrue_s0: PNS(V1,V0) exact: (0.0068097203999999, 0.1260976746)
2026-02-02 16:16:10,618|INFO|random_mc2_n8_mid3_d1000_05_mr098_r10_12_uai_GDCC_1e-09_n200_roTrue_s0: Loading model from ../models/synthetic/s123/random_mc2_n8_mid3_d1000_05_mr098_r10_12.uai
2026-02-02 16:16:10,629|INFO|random_mc2_n8_mid3_d1000_05_mr098_r10_12_uai_GDCC_1e-09_n200_roTrue_s0: Loading data from ../models/synthetic/s123/random_mc2_n8_mid3_d1000_05_mr098_r10_12.csv
2026-02-02 16:16:10,637|ERROR|random_mc2_n8_mid3_d1000_05_mr098_r10_12_uai_GDCC_1e-09_n200_roTrue_s0: File exists, not rewriting.
2026-02-02 16:16:14,782|INFO|random_mc2_n8_mid3_d1000_05_mr098_r10_131_uai_GDCC_1e-09_n200_roTrue_s0: Loading model from ../models/synthetic/s123/random_mc2_n8_mid3_d1000_05_mr098_r10_131.uai
2026-02-02 16:16:14,800|INFO|random_mc2_n8_mid3_d1000_05_mr098_r10_131_uai_GDCC_1e-09_n200_roTrue_s0: Loading data from ../models/synthetic/s123/random_mc2_n8_mid3_d1000_05_mr098_r10_131.csv
2026-02-02 16:16:14,811|INFO|random_mc2_n8_mid3_d1000_05_mr098_r10_131_uai_GDCC_1e-09_n200_roTrue_s0: PNS(V2,V4) exact: (0.0110083727479793, 0.2116947943241336)
2026-02-02 16:16:23,063|INFO|random_mc2_n5_mid3_d1000_05_mr098_r10_40_uai_GDCC_1e-09_n200_roTrue_s0: Loading model from ../models/synthetic/s123/random_mc2_n5_mid3_d1000_05_mr098_r10_40.uai
2026-02-02 16:16:23,087|INFO|random_mc2_n5_mid3_d1000_05_mr098_r10_40_uai_GDCC_1e-09_n200_roFalse_s0: Loading model from ../models/synthetic/s123/random_mc2_n5_mid3_d1000_05_mr098_r10_40.uai
2026-02-02 16:16:23,097|INFO|random_mc2_n6_mid3_d1000_05_mr098_r10_71_uai_GDCC_1e-09_n200_roFalse_s0: Loading model from ../models/synthetic/s123/random_mc2_n6_mid3_d1000_05_mr098_r10_71.uai
2026-02-02 16:16:23,099|INFO|random_mc2_n5_mid3_d1000_05_mr098_r10_150_uai_GDCC_1e-09_n200_roFalse_s0: Loading model from ../models/synthetic/s123/random_mc2_n5_mid3_d1000_05_mr098_r10_150.uai
2026-02-02 16:16:23,076|INFO|random_mc2_n5_mid3_d1000_05_mr098_r10_40_uai_GDCC_1e-09_n200_roTrue_s0: Loading data from ../models/synthetic/s123/random_mc2_n5_mid3_d1000_05_mr098_r10_40.csv
2026-02-02 16:16:23,103|INFO|random_mc2_n5_mid3_d1000_05_mr098_r10_111_uai_GDCC_1e-09_n200_roTrue_s0: Loading model from ../models/synthetic/s123/random_mc2_n5_mid3_d1000_05_mr098_r10_111.uai
2026-02-02 16:16:23,090|ERROR|random_mc2_n5_mid3_d1000_05_mr098_r10_40_uai_GDCC_1e-09_n200_roTrue_s0: File exists, not rewriting.
2026-02-02 16:16:23,107|INFO|random_mc2_n6_mid3_d1000_05_mr098_r10_86_uai_GDCC_1e-09_n200_roTrue_s0: Loading model from ../models/synthetic/s123/random_mc2_n6_mid3_d1000_05_mr098_r10_86.uai
2026-02-02 16:16:23,095|INFO|random_mc2_n5_mid3_d1000_05_mr098_r10_40_uai_GDCC_1e-09_n200_roFalse_s0: Loading data from ../models/synthetic/s123/random_mc2_n5_mid3_d1000_05_mr098_r10_40.csv
2026-02-02 16:16:23,105|ERROR|random_mc2_n5_mid3_d1000_05_mr098_r10_40_uai_GDCC_1e-09_n200_roFalse_s0: File exists, not rewriting.
2026-02-02 16:16:23,111|INFO|random_mc2_n6_mid3_d1000_05_mr098_r10_71_uai_GDCC_1e-09_n200_roFalse_s0: Loading data from ../models/synthetic/s123/random_mc2_n6_mid3_d1000_05_mr098_r10_71.csv
2026-02-02 16:16:23,124|INFO|random_mc2_n6_mid3_d1000_05_mr098_r10_71_uai_GDCC_1e-09_n200_roFalse_s0: PNS(V0,V3) exact: (0.5001600000000002, 0.6072)
2026-02-02 16:16:23,111|INFO|random_mc2_n5_mid3_d1000_05_mr098_r10_150_uai_GDCC_1e-09_n200_roFalse_s0: Loading data from ../models/synthetic/s123/random_mc2_n5_mid3_d1000_05_mr098_r10_150.csv
2026-02-02 16:16:23,121|ERROR|random_mc2_n5_mid3_d1000_05_mr098_r10_150_uai_GDCC_1e-09_n200_roFalse_s0: File exists, not rewriting.
2026-02-02 16:16:23,115|INFO|random_mc2_n5_mid3_d1000_05_mr098_r10_111_uai_GDCC_1e-09_n200_roTrue_s0: Loading data from ../models/synthetic/s123/random_mc2_n5_mid3_d1000_05_mr098_r10_111.csv
2026-02-02 16:16:23,123|ERROR|random_mc2_n5_mid3_d1000_05_mr098_r10_111_uai_GDCC_1e-09_n200_roTrue_s0: File exists, not rewriting.
2026-02-02 16:16:23,120|INFO|random_mc2_n6_mid3_d1000_05_mr098_r10_86_uai_GDCC_1e-09_n200_roTrue_s0: Loading data from ../models/synthetic/s123/random_mc2_n6_mid3_d1000_05_mr098_r10_86.csv
2026-02-02 16:16:23,128|ERROR|random_mc2_n6_mid3_d1000_05_mr098_r10_86_uai_GDCC_1e-09_n200_roTrue_s0: File exists, not rewriting.
2026-02-02 16:16:23,159|INFO|random_mc2_n5_mid3_d1000_05_mr098_r10_194_uai_GDCC_1e-09_n200_roFalse_s0: Loading model from ../models/synthetic/s123/random_mc2_n5_mid3_d1000_05_mr098_r10_194.uai
2026-02-02 16:16:23,164|INFO|random_mc2_n6_mid3_d1000_05_mr098_r10_143_uai_GDCC_1e-09_n200_roTrue_s0: Loading model from ../models/synthetic/s123/random_mc2_n6_mid3_d1000_05_mr098_r10_143.uai
2026-02-02 16:16:23,175|INFO|random_mc2_n8_mid3_d1000_05_mr098_r10_134_uai_GDCC_1e-09_n200_roFalse_s0: Loading model from ../models/synthetic/s123/random_mc2_n8_mid3_d1000_05_mr098_r10_134.uai
2026-02-02 16:16:23,169|INFO|random_mc2_n5_mid3_d1000_05_mr098_r10_194_uai_GDCC_1e-09_n200_roFalse_s0: Loading data from ../models/synthetic/s123/random_mc2_n5_mid3_d1000_05_mr098_r10_194.csv
2026-02-02 16:16:23,186|INFO|random_mc2_n5_mid3_d1000_05_mr098_r10_194_uai_GDCC_1e-09_n200_roFalse_s0: PNS(V3,V2) exact: (0.01055616190497, 0.096865567581924)
2026-02-02 16:16:23,177|INFO|random_mc2_n6_mid3_d1000_05_mr098_r10_143_uai_GDCC_1e-09_n200_roTrue_s0: Loading data from ../models/synthetic/s123/random_mc2_n6_mid3_d1000_05_mr098_r10_143.csv
2026-02-02 16:16:23,188|ERROR|random_mc2_n6_mid3_d1000_05_mr098_r10_143_uai_GDCC_1e-09_n200_roTrue_s0: File exists, not rewriting.
2026-02-02 16:16:23,618|INFO|random_mc2_n8_mid3_d1000_05_mr098_r10_134_uai_GDCC_1e-09_n200_roFalse_s0: Loading data from ../models/synthetic/s123/random_mc2_n8_mid3_d1000_05_mr098_r10_134.csv
2026-02-02 16:16:23,626|ERROR|random_mc2_n8_mid3_d1000_05_mr098_r10_134_uai_GDCC_1e-09_n200_roFalse_s0: File exists, not rewriting.
2026-02-02 16:16:25,667|INFO|random_mc2_n6_mid3_d1000_05_mr098_r10_81_uai_GDCC_1e-09_n200_roTrue_s0: Loading model from ../models/synthetic/s123/random_mc2_n6_mid3_d1000_05_mr098_r10_81.uai
2026-02-02 16:16:25,686|INFO|random_mc2_n8_mid3_d1000_05_mr098_r10_159_uai_GDCC_1e-09_n200_roFalse_s0: Loading model from ../models/synthetic/s123/random_mc2_n8_mid3_d1000_05_mr098_r10_159.uai
2026-02-02 16:16:25,687|INFO|random_mc2_n9_mid3_d1000_05_mr098_r10_146_uai_GDCC_1e-09_n200_roTrue_s0: Loading model from ../models/synthetic/s123/random_mc2_n9_mid3_d1000_05_mr098_r10_146.uai
2026-02-02 16:16:25,698|INFO|random_mc2_n6_mid3_d1000_05_mr098_r10_175_uai_GDCC_1e-09_n200_roTrue_s0: Loading model from ../models/synthetic/s123/random_mc2_n6_mid3_d1000_05_mr098_r10_175.uai
2026-02-02 16:16:25,688|INFO|random_mc2_n6_mid3_d1000_05_mr098_r10_81_uai_GDCC_1e-09_n200_roTrue_s0: Loading data from ../models/synthetic/s123/random_mc2_n6_mid3_d1000_05_mr098_r10_81.csv
2026-02-02 16:16:25,708|INFO|random_mc2_n6_mid3_d1000_05_mr098_r10_81_uai_GDCC_1e-09_n200_roTrue_s0: PNS(V0,V1) exact: (0.3372099000000001, 0.3372099000000001)
2026-02-02 16:16:25,720|INFO|random_mc2_n5_mid3_d1000_05_mr098_r10_164_uai_GDCC_1e-09_n200_roTrue_s0: Loading model from ../models/synthetic/s123/random_mc2_n5_mid3_d1000_05_mr098_r10_164.uai
2026-02-02 16:16:25,710|INFO|random_mc2_n8_mid3_d1000_05_mr098_r10_159_uai_GDCC_1e-09_n200_roFalse_s0: Loading data from ../models/synthetic/s123/random_mc2_n8_mid3_d1000_05_mr098_r10_159.csv
2026-02-02 16:16:25,721|ERROR|random_mc2_n8_mid3_d1000_05_mr098_r10_159_uai_GDCC_1e-09_n200_roFalse_s0: File exists, not rewriting.
2026-02-02 16:16:25,720|INFO|random_mc2_n9_mid3_d1000_05_mr098_r10_146_uai_GDCC_1e-09_n200_roTrue_s0: Loading data from ../models/synthetic/s123/random_mc2_n9_mid3_d1000_05_mr098_r10_146.csv
2026-02-02 16:16:25,733|ERROR|random_mc2_n9_mid3_d1000_05_mr098_r10_146_uai_GDCC_1e-09_n200_roTrue_s0: File exists, not rewriting.
2026-02-02 16:16:25,732|INFO|random_mc2_n5_mid3_d1000_05_mr098_r10_164_uai_GDCC_1e-09_n200_roTrue_s0: Loading data from ../models/synthetic/s123/random_mc2_n5_mid3_d1000_05_mr098_r10_164.csv
2026-02-02 16:16:25,742|ERROR|random_mc2_n5_mid3_d1000_05_mr098_r10_164_uai_GDCC_1e-09_n200_roTrue_s0: File exists, not rewriting.
2026-02-02 16:16:25,812|INFO|random_mc2_n6_mid3_d1000_05_mr098_r10_175_uai_GDCC_1e-09_n200_roTrue_s0: Loading data from ../models/synthetic/s123/random_mc2_n6_mid3_d1000_05_mr098_r10_175.csv
2026-02-02 16:16:25,821|ERROR|random_mc2_n6_mid3_d1000_05_mr098_r10_175_uai_GDCC_1e-09_n200_roTrue_s0: File exists, not rewriting.
2026-02-02 16:16:26,890|INFO|random_mc2_n6_mid3_d1000_05_mr098_r10_133_uai_GDCC_1e-09_n200_roTrue_s0: Loading model from ../models/synthetic/s123/random_mc2_n6_mid3_d1000_05_mr098_r10_133.uai
2026-02-02 16:16:27,117|INFO|random_mc2_n6_mid3_d1000_05_mr098_r10_133_uai_GDCC_1e-09_n200_roTrue_s0: Loading data from ../models/synthetic/s123/random_mc2_n6_mid3_d1000_05_mr098_r10_133.csv
2026-02-02 16:16:27,124|ERROR|random_mc2_n6_mid3_d1000_05_mr098_r10_133_uai_GDCC_1e-09_n200_roTrue_s0: File exists, not rewriting.
2026-02-02 16:16:29,279|INFO|random_mc2_n7_mid3_d1000_05_mr098_r10_40_uai_GDCC_1e-09_n200_roFalse_s0: Loading model from ../models/synthetic/s123/random_mc2_n7_mid3_d1000_05_mr098_r10_40.uai
2026-02-02 16:16:29,312|INFO|random_mc2_n5_mid3_d1000_05_mr098_r10_122_uai_GDCC_1e-09_n200_roTrue_s0: Loading model from ../models/synthetic/s123/random_mc2_n5_mid3_d1000_05_mr098_r10_122.uai
2026-02-02 16:16:29,341|INFO|random_mc2_n7_mid3_d1000_05_mr098_r10_40_uai_GDCC_1e-09_n200_roFalse_s0: Loading data from ../models/synthetic/s123/random_mc2_n7_mid3_d1000_05_mr098_r10_40.csv
2026-02-02 16:16:29,323|INFO|random_mc2_n5_mid3_d1000_05_mr098_r10_122_uai_GDCC_1e-09_n200_roTrue_s0: Loading data from ../models/synthetic/s123/random_mc2_n5_mid3_d1000_05_mr098_r10_122.csv
2026-02-02 16:16:29,345|INFO|random_mc2_n5_mid3_d1000_05_mr098_r10_122_uai_GDCC_1e-09_n200_roTrue_s0: PNS(V0,V3) exact: (0.0, 0.30162)
2026-02-02 16:16:29,369|INFO|random_mc2_n7_mid3_d1000_05_mr098_r10_40_uai_GDCC_1e-09_n200_roFalse_s0: PNS(V2,V4) exact: (0.033682517015198, 0.145976403196258)
2026-02-02 16:16:30,218|INFO|random_mc2_n7_mid3_d1000_05_mr098_r10_89_uai_GDCC_1e-09_n200_roTrue_s0: Loading model from ../models/synthetic/s123/random_mc2_n7_mid3_d1000_05_mr098_r10_89.uai
2026-02-02 16:16:30,234|INFO|random_mc2_n7_mid3_d1000_05_mr098_r10_89_uai_GDCC_1e-09_n200_roTrue_s0: Loading data from ../models/synthetic/s123/random_mc2_n7_mid3_d1000_05_mr098_r10_89.csv
2026-02-02 16:16:30,244|INFO|random_mc2_n7_mid3_d1000_05_mr098_r10_89_uai_GDCC_1e-09_n200_roTrue_s0: PNS(V3,V5) exact: (0.004984755025224, 0.0216545809382499)
2026-02-02 16:16:30,292|INFO|random_mc2_n6_mid3_d1000_05_mr098_r10_121_uai_GDCC_1e-09_n200_roTrue_s0: Loading model from ../models/synthetic/s123/random_mc2_n6_mid3_d1000_05_mr098_r10_121.uai
2026-02-02 16:16:30,308|INFO|random_mc2_n6_mid3_d1000_05_mr098_r10_121_uai_GDCC_1e-09_n200_roTrue_s0: Loading data from ../models/synthetic/s123/random_mc2_n6_mid3_d1000_05_mr098_r10_121.csv
2026-02-02 16:16:30,317|ERROR|random_mc2_n6_mid3_d1000_05_mr098_r10_121_uai_GDCC_1e-09_n200_roTrue_s0: File exists, not rewriting.
2026-02-02 16:16:30,414|INFO|random_mc2_n5_mid3_d1000_05_mr098_r10_186_uai_GDCC_1e-09_n200_roFalse_s0: Loading model from ../models/synthetic/s123/random_mc2_n5_mid3_d1000_05_mr098_r10_186.uai
2026-02-02 16:16:30,419|INFO|random_mc2_n5_mid3_d1000_05_mr098_r10_118_uai_GDCC_1e-09_n200_roTrue_s0: Loading model from ../models/synthetic/s123/random_mc2_n5_mid3_d1000_05_mr098_r10_118.uai
2026-02-02 16:16:30,427|INFO|random_mc2_n5_mid3_d1000_05_mr098_r10_186_uai_GDCC_1e-09_n200_roFalse_s0: Loading data from ../models/synthetic/s123/random_mc2_n5_mid3_d1000_05_mr098_r10_186.csv
2026-02-02 16:16:30,440|INFO|random_mc2_n5_mid3_d1000_05_mr098_r10_186_uai_GDCC_1e-09_n200_roFalse_s0: PNS(V3,V1) exact: (0.68198788120285, 0.68198788120285)
2026-02-02 16:16:30,427|INFO|random_mc2_n5_mid3_d1000_05_mr098_r10_118_uai_GDCC_1e-09_n200_roTrue_s0: Loading data from ../models/synthetic/s123/random_mc2_n5_mid3_d1000_05_mr098_r10_118.csv
2026-02-02 16:16:30,440|INFO|random_mc2_n5_mid3_d1000_05_mr098_r10_118_uai_GDCC_1e-09_n200_roTrue_s0: PNS(V1,V2) exact: (0.07441581471588, 0.209057882285592)
2026-02-02 16:16:30,492|INFO|random_mc2_n5_mid3_d1000_05_mr098_r10_62_uai_GDCC_1e-09_n200_roTrue_s0: Loading model from ../models/synthetic/s123/random_mc2_n5_mid3_d1000_05_mr098_r10_62.uai
2026-02-02 16:16:30,501|INFO|random_mc2_n5_mid3_d1000_05_mr098_r10_59_uai_GDCC_1e-09_n200_roFalse_s0: Loading model from ../models/synthetic/s123/random_mc2_n5_mid3_d1000_05_mr098_r10_59.uai
2026-02-02 16:16:30,502|INFO|random_mc2_n7_mid3_d1000_05_mr098_r10_6_uai_GDCC_1e-09_n200_roFalse_s0: Loading model from ../models/synthetic/s123/random_mc2_n7_mid3_d1000_05_mr098_r10_6.uai
2026-02-02 16:16:30,511|INFO|random_mc2_n6_mid3_d1000_05_mr098_r10_194_uai_GDCC_1e-09_n200_roFalse_s0: Loading model from ../models/synthetic/s123/random_mc2_n6_mid3_d1000_05_mr098_r10_194.uai
2026-02-02 16:16:30,501|INFO|random_mc2_n5_mid3_d1000_05_mr098_r10_62_uai_GDCC_1e-09_n200_roTrue_s0: Loading data from ../models/synthetic/s123/random_mc2_n5_mid3_d1000_05_mr098_r10_62.csv
2026-02-02 16:16:30,515|INFO|random_mc2_n5_mid3_d1000_05_mr098_r10_62_uai_GDCC_1e-09_n200_roTrue_s0: PNS(V2,V4) exact: (0.0, 0.13103)
2026-02-02 16:16:30,508|INFO|random_mc2_n5_mid3_d1000_05_mr098_r10_59_uai_GDCC_1e-09_n200_roFalse_s0: Loading data from ../models/synthetic/s123/random_mc2_n5_mid3_d1000_05_mr098_r10_59.csv
2026-02-02 16:16:30,519|INFO|random_mc2_n5_mid3_d1000_05_mr098_r10_59_uai_GDCC_1e-09_n200_roFalse_s0: PNS(V2,V4) exact: (0.0, 0.0673840516)
2026-02-02 16:16:30,527|INFO|random_mc2_n7_mid3_d1000_05_mr098_r10_6_uai_GDCC_1e-09_n200_roFalse_s0: Loading data from ../models/synthetic/s123/random_mc2_n7_mid3_d1000_05_mr098_r10_6.csv
2026-02-02 16:16:30,543|INFO|random_mc2_n7_mid3_d1000_05_mr098_r10_6_uai_GDCC_1e-09_n200_roFalse_s0: PNS(V2,V3) exact: (0.0, 0.0284169509445683)
2026-02-02 16:16:30,528|INFO|random_mc2_n6_mid3_d1000_05_mr098_r10_194_uai_GDCC_1e-09_n200_roFalse_s0: Loading data from ../models/synthetic/s123/random_mc2_n6_mid3_d1000_05_mr098_r10_194.csv
2026-02-02 16:16:30,536|ERROR|random_mc2_n6_mid3_d1000_05_mr098_r10_194_uai_GDCC_1e-09_n200_roFalse_s0: File exists, not rewriting.
2026-02-02 16:16:30,577|INFO|random_mc2_n5_mid3_d1000_05_mr098_r10_27_uai_GDCC_1e-09_n200_roFalse_s0: Loading model from ../models/synthetic/s123/random_mc2_n5_mid3_d1000_05_mr098_r10_27.uai
2026-02-02 16:16:30,584|INFO|random_mc2_n5_mid3_d1000_05_mr098_r10_27_uai_GDCC_1e-09_n200_roTrue_s0: Loading model from ../models/synthetic/s123/random_mc2_n5_mid3_d1000_05_mr098_r10_27.uai
2026-02-02 16:16:30,586|INFO|random_mc2_n5_mid3_d1000_05_mr098_r10_23_uai_GDCC_1e-09_n200_roTrue_s0: Loading model from ../models/synthetic/s123/random_mc2_n5_mid3_d1000_05_mr098_r10_23.uai
2026-02-02 16:16:30,588|INFO|random_mc2_n5_mid3_d1000_05_mr098_r10_27_uai_GDCC_1e-09_n200_roFalse_s0: Loading data from ../models/synthetic/s123/random_mc2_n5_mid3_d1000_05_mr098_r10_27.csv
2026-02-02 16:16:30,601|INFO|random_mc2_n5_mid3_d1000_05_mr098_r10_27_uai_GDCC_1e-09_n200_roFalse_s0: PNS(V4,V3) exact: (0.072092966, 0.40936737)
2026-02-02 16:16:30,594|INFO|random_mc2_n5_mid3_d1000_05_mr098_r10_27_uai_GDCC_1e-09_n200_roTrue_s0: Loading data from ../models/synthetic/s123/random_mc2_n5_mid3_d1000_05_mr098_r10_27.csv
2026-02-02 16:16:30,607|INFO|random_mc2_n5_mid3_d1000_05_mr098_r10_27_uai_GDCC_1e-09_n200_roTrue_s0: PNS(V4,V3) exact: (0.072092966, 0.40936737)
2026-02-02 16:16:30,594|INFO|random_mc2_n5_mid3_d1000_05_mr098_r10_23_uai_GDCC_1e-09_n200_roTrue_s0: Loading data from ../models/synthetic/s123/random_mc2_n5_mid3_d1000_05_mr098_r10_23.csv
2026-02-02 16:16:30,609|INFO|random_mc2_n5_mid3_d1000_05_mr098_r10_23_uai_GDCC_1e-09_n200_roTrue_s0: PNS(V4,V1) exact: (0.0, 0.07268)
2026-02-02 16:16:30,685|INFO|random_mc2_n5_mid3_d1000_05_mr098_r10_188_uai_GDCC_1e-09_n200_roTrue_s0: Loading model from ../models/synthetic/s123/random_mc2_n5_mid3_d1000_05_mr098_r10_188.uai
2026-02-02 16:16:30,694|INFO|random_mc2_n7_mid3_d1000_05_mr098_r10_46_uai_GDCC_1e-09_n200_roTrue_s0: Loading model from ../models/synthetic/s123/random_mc2_n7_mid3_d1000_05_mr098_r10_46.uai
2026-02-02 16:16:30,693|INFO|random_mc2_n5_mid3_d1000_05_mr098_r10_188_uai_GDCC_1e-09_n200_roTrue_s0: Loading data from ../models/synthetic/s123/random_mc2_n5_mid3_d1000_05_mr098_r10_188.csv
2026-02-02 16:16:30,707|INFO|random_mc2_n5_mid3_d1000_05_mr098_r10_188_uai_GDCC_1e-09_n200_roTrue_s0: PNS(V3,V4) exact: (0.0, 0.049356796840515)
2026-02-02 16:16:30,709|INFO|random_mc2_n7_mid3_d1000_05_mr098_r10_46_uai_GDCC_1e-09_n200_roTrue_s0: Loading data from ../models/synthetic/s123/random_mc2_n7_mid3_d1000_05_mr098_r10_46.csv
2026-02-02 16:16:30,723|INFO|random_mc2_n7_mid3_d1000_05_mr098_r10_46_uai_GDCC_1e-09_n200_roTrue_s0: PNS(V1,V4) exact: (0.00791105, 0.013410082)
2026-02-02 16:16:42,155|INFO|random_mc2_n6_mid3_d1000_05_mr098_r10_46_uai_GDCC_1e-09_n200_roFalse_s0: Loading model from ../models/synthetic/s123/random_mc2_n6_mid3_d1000_05_mr098_r10_46.uai
2026-02-02 16:16:42,171|INFO|random_mc2_n6_mid3_d1000_05_mr098_r10_46_uai_GDCC_1e-09_n200_roFalse_s0: Loading data from ../models/synthetic/s123/random_mc2_n6_mid3_d1000_05_mr098_r10_46.csv
2026-02-02 16:16:42,189|INFO|random_mc2_n6_mid3_d1000_05_mr098_r10_46_uai_GDCC_1e-09_n200_roFalse_s0: PNS(V5,V4) exact: (0.1425212815, 0.1433881685)
2026-02-02 16:16:44,388|INFO|random_mc2_n6_mid3_d1000_05_mr098_r10_25_uai_GDCC_1e-09_n200_roFalse_s0: Loading model from ../models/synthetic/s123/random_mc2_n6_mid3_d1000_05_mr098_r10_25.uai
2026-02-02 16:16:44,391|INFO|random_mc2_n7_mid3_d1000_05_mr098_r10_96_uai_GDCC_1e-09_n200_roFalse_s0: Loading model from ../models/synthetic/s123/random_mc2_n7_mid3_d1000_05_mr098_r10_96.uai
2026-02-02 16:16:44,406|INFO|random_mc2_n5_mid3_d1000_05_mr098_r10_35_uai_GDCC_1e-09_n200_roFalse_s0: Loading model from ../models/synthetic/s123/random_mc2_n5_mid3_d1000_05_mr098_r10_35.uai
2026-02-02 16:16:44,412|INFO|random_mc2_n5_mid3_d1000_05_mr098_r10_192_uai_GDCC_1e-09_n200_roTrue_s0: Loading model from ../models/synthetic/s123/random_mc2_n5_mid3_d1000_05_mr098_r10_192.uai
2026-02-02 16:16:44,419|INFO|random_mc2_n6_mid3_d1000_05_mr098_r10_25_uai_GDCC_1e-09_n200_roFalse_s0: Loading data from ../models/synthetic/s123/random_mc2_n6_mid3_d1000_05_mr098_r10_25.csv
2026-02-02 16:16:44,426|ERROR|random_mc2_n6_mid3_d1000_05_mr098_r10_25_uai_GDCC_1e-09_n200_roFalse_s0: File exists, not rewriting.
2026-02-02 16:16:44,410|INFO|random_mc2_n7_mid3_d1000_05_mr098_r10_96_uai_GDCC_1e-09_n200_roFalse_s0: Loading data from ../models/synthetic/s123/random_mc2_n7_mid3_d1000_05_mr098_r10_96.csv
2026-02-02 16:16:44,419|ERROR|random_mc2_n7_mid3_d1000_05_mr098_r10_96_uai_GDCC_1e-09_n200_roFalse_s0: File exists, not rewriting.
2026-02-02 16:16:44,412|INFO|random_mc2_n5_mid3_d1000_05_mr098_r10_35_uai_GDCC_1e-09_n200_roFalse_s0: Loading data from ../models/synthetic/s123/random_mc2_n5_mid3_d1000_05_mr098_r10_35.csv
2026-02-02 16:16:44,423|INFO|random_mc2_n5_mid3_d1000_05_mr098_r10_35_uai_GDCC_1e-09_n200_roFalse_s0: PNS(V1,V0) exact: (0.0068097203999999, 0.1260976746)
2026-02-02 16:16:44,446|INFO|random_mc2_n7_mid3_d1000_05_mr098_r10_91_uai_GDCC_1e-09_n200_roFalse_s0: Loading model from ../models/synthetic/s123/random_mc2_n7_mid3_d1000_05_mr098_r10_91.uai
2026-02-02 16:16:44,448|INFO|random_mc2_n5_mid3_d1000_05_mr098_r10_161_uai_GDCC_1e-09_n200_roFalse_s0: Loading model from ../models/synthetic/s123/random_mc2_n5_mid3_d1000_05_mr098_r10_161.uai
2026-02-02 16:16:44,450|INFO|random_mc2_n7_mid3_d1000_05_mr098_r10_93_uai_GDCC_1e-09_n200_roFalse_s0: Loading model from ../models/synthetic/s123/random_mc2_n7_mid3_d1000_05_mr098_r10_93.uai
2026-02-02 16:16:44,419|INFO|random_mc2_n5_mid3_d1000_05_mr098_r10_192_uai_GDCC_1e-09_n200_roTrue_s0: Loading data from ../models/synthetic/s123/random_mc2_n5_mid3_d1000_05_mr098_r10_192.csv
2026-02-02 16:16:44,428|INFO|random_mc2_n5_mid3_d1000_05_mr098_r10_192_uai_GDCC_1e-09_n200_roTrue_s0: PNS(V0,V2) exact: (0.019158534066672, 0.243463236618182)
2026-02-02 16:16:44,460|INFO|random_mc2_n5_mid3_d1000_05_mr098_r10_68_uai_GDCC_1e-09_n200_roTrue_s0: Loading model from ../models/synthetic/s123/random_mc2_n5_mid3_d1000_05_mr098_r10_68.uai
2026-02-02 16:16:44,479|INFO|random_mc2_n5_mid3_d1000_05_mr098_r10_12_uai_GDCC_1e-09_n200_roFalse_s0: Loading model from ../models/synthetic/s123/random_mc2_n5_mid3_d1000_05_mr098_r10_12.uai
2026-02-02 16:16:44,453|INFO|random_mc2_n5_mid3_d1000_05_mr098_r10_161_uai_GDCC_1e-09_n200_roFalse_s0: Loading data from ../models/synthetic/s123/random_mc2_n5_mid3_d1000_05_mr098_r10_161.csv
2026-02-02 16:16:44,463|INFO|random_mc2_n5_mid3_d1000_05_mr098_r10_161_uai_GDCC_1e-09_n200_roFalse_s0: PNS(V1,V0) exact: (0.0, 0.0)
2026-02-02 16:16:44,463|ERROR|random_mc2_n5_mid3_d1000_05_mr098_r10_161_uai_GDCC_1e-09_n200_roFalse_s0: Model does not have any cause-effect path.
2026-02-02 16:16:44,458|INFO|random_mc2_n7_mid3_d1000_05_mr098_r10_93_uai_GDCC_1e-09_n200_roFalse_s0: Loading data from ../models/synthetic/s123/random_mc2_n7_mid3_d1000_05_mr098_r10_93.csv
2026-02-02 16:16:44,464|ERROR|random_mc2_n7_mid3_d1000_05_mr098_r10_93_uai_GDCC_1e-09_n200_roFalse_s0: File exists, not rewriting.
2026-02-02 16:16:44,465|INFO|random_mc2_n5_mid3_d1000_05_mr098_r10_68_uai_GDCC_1e-09_n200_roTrue_s0: Loading data from ../models/synthetic/s123/random_mc2_n5_mid3_d1000_05_mr098_r10_68.csv
2026-02-02 16:16:44,471|ERROR|random_mc2_n5_mid3_d1000_05_mr098_r10_68_uai_GDCC_1e-09_n200_roTrue_s0: File exists, not rewriting.
2026-02-02 16:16:44,504|INFO|random_mc2_n7_mid3_d1000_05_mr098_r10_91_uai_GDCC_1e-09_n200_roFalse_s0: Loading data from ../models/synthetic/s123/random_mc2_n7_mid3_d1000_05_mr098_r10_91.csv
2026-02-02 16:16:44,511|ERROR|random_mc2_n7_mid3_d1000_05_mr098_r10_91_uai_GDCC_1e-09_n200_roFalse_s0: File exists, not rewriting.
2026-02-02 16:16:44,484|INFO|random_mc2_n5_mid3_d1000_05_mr098_r10_12_uai_GDCC_1e-09_n200_roFalse_s0: Loading data from ../models/synthetic/s123/random_mc2_n5_mid3_d1000_05_mr098_r10_12.csv
2026-02-02 16:16:44,493|INFO|random_mc2_n5_mid3_d1000_05_mr098_r10_12_uai_GDCC_1e-09_n200_roFalse_s0: PNS(V4,V2) exact: (0.007306159, 0.014175791)
2026-02-02 16:16:44,744|INFO|random_mc2_n5_mid3_d1000_05_mr098_r10_112_uai_GDCC_1e-09_n200_roFalse_s0: Loading model from ../models/synthetic/s123/random_mc2_n5_mid3_d1000_05_mr098_r10_112.uai
2026-02-02 16:16:44,752|INFO|random_mc2_n5_mid3_d1000_05_mr098_r10_112_uai_GDCC_1e-09_n200_roFalse_s0: Loading data from ../models/synthetic/s123/random_mc2_n5_mid3_d1000_05_mr098_r10_112.csv
2026-02-02 16:16:44,758|ERROR|random_mc2_n5_mid3_d1000_05_mr098_r10_112_uai_GDCC_1e-09_n200_roFalse_s0: File exists, not rewriting.
2026-02-02 16:16:46,216|INFO|random_mc2_n5_mid3_d1000_05_mr098_r10_78_uai_GDCC_1e-09_n200_roTrue_s0: Loading model from ../models/synthetic/s123/random_mc2_n5_mid3_d1000_05_mr098_r10_78.uai
2026-02-02 16:16:46,219|INFO|random_mc2_n6_mid3_d1000_05_mr098_r10_142_uai_GDCC_1e-09_n200_roFalse_s0: Loading model from ../models/synthetic/s123/random_mc2_n6_mid3_d1000_05_mr098_r10_142.uai
2026-02-02 16:16:46,222|INFO|random_mc2_n5_mid3_d1000_05_mr098_r10_162_uai_GDCC_1e-09_n200_roTrue_s0: Loading model from ../models/synthetic/s123/random_mc2_n5_mid3_d1000_05_mr098_r10_162.uai
2026-02-02 16:16:46,222|INFO|random_mc2_n8_mid3_d1000_05_mr098_r10_125_uai_GDCC_1e-09_n200_roTrue_s0: Loading model from ../models/synthetic/s123/random_mc2_n8_mid3_d1000_05_mr098_r10_125.uai
2026-02-02 16:16:46,224|INFO|random_mc2_n5_mid3_d1000_05_mr098_r10_173_uai_GDCC_1e-09_n200_roFalse_s0: Loading model from ../models/synthetic/s123/random_mc2_n5_mid3_d1000_05_mr098_r10_173.uai
2026-02-02 16:16:46,226|INFO|random_mc2_n5_mid3_d1000_05_mr098_r10_78_uai_GDCC_1e-09_n200_roTrue_s0: Loading data from ../models/synthetic/s123/random_mc2_n5_mid3_d1000_05_mr098_r10_78.csv
2026-02-02 16:16:46,240|INFO|random_mc2_n5_mid3_d1000_05_mr098_r10_78_uai_GDCC_1e-09_n200_roTrue_s0: PNS(V0,V2) exact: (0.163, 0.163)
2026-02-02 16:16:46,234|INFO|random_mc2_n6_mid3_d1000_05_mr098_r10_142_uai_GDCC_1e-09_n200_roFalse_s0: Loading data from ../models/synthetic/s123/random_mc2_n6_mid3_d1000_05_mr098_r10_142.csv
2026-02-02 16:16:46,250|INFO|random_mc2_n6_mid3_d1000_05_mr098_r10_142_uai_GDCC_1e-09_n200_roFalse_s0: PNS(V0,V5) exact: (0.98933, 0.99047)
2026-02-02 16:16:46,233|INFO|random_mc2_n5_mid3_d1000_05_mr098_r10_162_uai_GDCC_1e-09_n200_roTrue_s0: Loading data from ../models/synthetic/s123/random_mc2_n5_mid3_d1000_05_mr098_r10_162.csv
2026-02-02 16:16:46,234|INFO|random_mc2_n5_mid3_d1000_05_mr098_r10_173_uai_GDCC_1e-09_n200_roFalse_s0: Loading data from ../models/synthetic/s123/random_mc2_n5_mid3_d1000_05_mr098_r10_173.csv
2026-02-02 16:16:46,247|INFO|random_mc2_n5_mid3_d1000_05_mr098_r10_162_uai_GDCC_1e-09_n200_roTrue_s0: PNS(V3,V1) exact: (0.02702942159625, 0.05577743562975)
2026-02-02 16:16:46,248|INFO|random_mc2_n5_mid3_d1000_05_mr098_r10_173_uai_GDCC_1e-09_n200_roFalse_s0: PNS(V1,V2) exact: (0.1236554301, 0.4222693768)
2026-02-02 16:16:46,464|INFO|random_mc2_n8_mid3_d1000_05_mr098_r10_125_uai_GDCC_1e-09_n200_roTrue_s0: Loading data from ../models/synthetic/s123/random_mc2_n8_mid3_d1000_05_mr098_r10_125.csv
2026-02-02 16:16:46,471|ERROR|random_mc2_n8_mid3_d1000_05_mr098_r10_125_uai_GDCC_1e-09_n200_roTrue_s0: File exists, not rewriting.
2026-02-02 16:16:48,373|INFO|random_mc2_n8_mid3_d1000_05_mr098_r10_152_uai_GDCC_1e-09_n200_roTrue_s0: Loading model from ../models/synthetic/s123/random_mc2_n8_mid3_d1000_05_mr098_r10_152.uai
2026-02-02 16:16:48,397|INFO|random_mc2_n5_mid3_d1000_05_mr098_r10_41_uai_GDCC_1e-09_n200_roTrue_s0: Loading model from ../models/synthetic/s123/random_mc2_n5_mid3_d1000_05_mr098_r10_41.uai
2026-02-02 16:16:48,391|INFO|random_mc2_n8_mid3_d1000_05_mr098_r10_152_uai_GDCC_1e-09_n200_roTrue_s0: Loading data from ../models/synthetic/s123/random_mc2_n8_mid3_d1000_05_mr098_r10_152.csv
2026-02-02 16:16:48,405|ERROR|random_mc2_n8_mid3_d1000_05_mr098_r10_152_uai_GDCC_1e-09_n200_roTrue_s0: File exists, not rewriting.
2026-02-02 16:16:48,408|INFO|random_mc2_n5_mid3_d1000_05_mr098_r10_41_uai_GDCC_1e-09_n200_roTrue_s0: Loading data from ../models/synthetic/s123/random_mc2_n5_mid3_d1000_05_mr098_r10_41.csv
2026-02-02 16:16:48,423|INFO|random_mc2_n5_mid3_d1000_05_mr098_r10_41_uai_GDCC_1e-09_n200_roTrue_s0: PNS(V1,V4) exact: (0.0160025338999999, 0.0160025338999999)
2026-02-02 16:16:48,690|INFO|random_mc2_n8_mid3_d1000_05_mr098_r10_16_uai_GDCC_1e-09_n200_roFalse_s0: Loading model from ../models/synthetic/s123/random_mc2_n8_mid3_d1000_05_mr098_r10_16.uai
2026-02-02 16:16:48,701|INFO|random_mc2_n8_mid3_d1000_05_mr098_r10_16_uai_GDCC_1e-09_n200_roFalse_s0: Loading data from ../models/synthetic/s123/random_mc2_n8_mid3_d1000_05_mr098_r10_16.csv
2026-02-02 16:16:48,714|INFO|random_mc2_n8_mid3_d1000_05_mr098_r10_16_uai_GDCC_1e-09_n200_roFalse_s0: PNS(V4,V3) exact: (0.6700026795146372, 0.6700026795146372)
2026-02-02 16:16:50,471|INFO|random_mc2_n8_mid3_d1000_05_mr098_r10_160_uai_GDCC_1e-09_n200_roFalse_s0: Loading model from ../models/synthetic/s123/random_mc2_n8_mid3_d1000_05_mr098_r10_160.uai
2026-02-02 16:16:50,495|INFO|random_mc2_n8_mid3_d1000_05_mr098_r10_160_uai_GDCC_1e-09_n200_roFalse_s0: Loading data from ../models/synthetic/s123/random_mc2_n8_mid3_d1000_05_mr098_r10_160.csv
2026-02-02 16:16:50,506|ERROR|random_mc2_n8_mid3_d1000_05_mr098_r10_160_uai_GDCC_1e-09_n200_roFalse_s0: File exists, not rewriting.
2026-02-02 16:16:50,890|INFO|random_mc2_n8_mid3_d1000_05_mr098_r10_175_uai_GDCC_1e-09_n200_roTrue_s0: Loading model from ../models/synthetic/s123/random_mc2_n8_mid3_d1000_05_mr098_r10_175.uai
2026-02-02 16:16:50,899|INFO|random_mc2_n8_mid3_d1000_05_mr098_r10_177_uai_GDCC_1e-09_n200_roTrue_s0: Loading model from ../models/synthetic/s123/random_mc2_n8_mid3_d1000_05_mr098_r10_177.uai
2026-02-02 16:16:50,902|INFO|random_mc2_n6_mid3_d1000_05_mr098_r10_85_uai_GDCC_1e-09_n200_roFalse_s0: Loading model from ../models/synthetic/s123/random_mc2_n6_mid3_d1000_05_mr098_r10_85.uai
2026-02-02 16:16:50,928|INFO|random_mc2_n8_mid3_d1000_05_mr098_r10_175_uai_GDCC_1e-09_n200_roTrue_s0: Loading data from ../models/synthetic/s123/random_mc2_n8_mid3_d1000_05_mr098_r10_175.csv
2026-02-02 16:16:50,938|ERROR|random_mc2_n8_mid3_d1000_05_mr098_r10_175_uai_GDCC_1e-09_n200_roTrue_s0: File exists, not rewriting.
2026-02-02 16:16:50,995|INFO|random_mc2_n8_mid3_d1000_05_mr098_r10_177_uai_GDCC_1e-09_n200_roTrue_s0: Loading data from ../models/synthetic/s123/random_mc2_n8_mid3_d1000_05_mr098_r10_177.csv
2026-02-02 16:16:50,997|INFO|random_mc2_n6_mid3_d1000_05_mr098_r10_85_uai_GDCC_1e-09_n200_roFalse_s0: Loading data from ../models/synthetic/s123/random_mc2_n6_mid3_d1000_05_mr098_r10_85.csv
2026-02-02 16:16:51,005|ERROR|random_mc2_n8_mid3_d1000_05_mr098_r10_177_uai_GDCC_1e-09_n200_roTrue_s0: File exists, not rewriting.
2026-02-02 16:16:51,005|ERROR|random_mc2_n6_mid3_d1000_05_mr098_r10_85_uai_GDCC_1e-09_n200_roFalse_s0: File exists, not rewriting.
2026-02-02 16:16:51,274|INFO|random_mc2_n8_mid3_d1000_05_mr098_r10_173_uai_GDCC_1e-09_n200_roTrue_s0: Loading model from ../models/synthetic/s123/random_mc2_n8_mid3_d1000_05_mr098_r10_173.uai
2026-02-02 16:16:51,291|INFO|random_mc2_n6_mid3_d1000_05_mr098_r10_147_uai_GDCC_1e-09_n200_roFalse_s0: Loading model from ../models/synthetic/s123/random_mc2_n6_mid3_d1000_05_mr098_r10_147.uai
2026-02-02 16:16:51,300|INFO|random_mc2_n6_mid3_d1000_05_mr098_r10_148_uai_GDCC_1e-09_n200_roTrue_s0: Loading model from ../models/synthetic/s123/random_mc2_n6_mid3_d1000_05_mr098_r10_148.uai
2026-02-02 16:16:51,295|INFO|random_mc2_n8_mid3_d1000_05_mr098_r10_173_uai_GDCC_1e-09_n200_roTrue_s0: Loading data from ../models/synthetic/s123/random_mc2_n8_mid3_d1000_05_mr098_r10_173.csv
2026-02-02 16:16:51,305|ERROR|random_mc2_n8_mid3_d1000_05_mr098_r10_173_uai_GDCC_1e-09_n200_roTrue_s0: File exists, not rewriting.
2026-02-02 16:16:51,302|INFO|random_mc2_n6_mid3_d1000_05_mr098_r10_147_uai_GDCC_1e-09_n200_roFalse_s0: Loading data from ../models/synthetic/s123/random_mc2_n6_mid3_d1000_05_mr098_r10_147.csv
2026-02-02 16:16:51,308|ERROR|random_mc2_n6_mid3_d1000_05_mr098_r10_147_uai_GDCC_1e-09_n200_roFalse_s0: File exists, not rewriting.
2026-02-02 16:16:51,308|INFO|random_mc2_n6_mid3_d1000_05_mr098_r10_148_uai_GDCC_1e-09_n200_roTrue_s0: Loading data from ../models/synthetic/s123/random_mc2_n6_mid3_d1000_05_mr098_r10_148.csv
2026-02-02 16:16:51,319|INFO|random_mc2_n6_mid3_d1000_05_mr098_r10_148_uai_GDCC_1e-09_n200_roTrue_s0: PNS(V0,V5) exact: (0.0, 0.0279858302999999)
2026-02-02 16:16:51,420|INFO|random_mc2_n5_mid3_d1000_05_mr098_r10_176_uai_GDCC_1e-09_n200_roFalse_s0: Loading model from ../models/synthetic/s123/random_mc2_n5_mid3_d1000_05_mr098_r10_176.uai
2026-02-02 16:16:51,445|INFO|random_mc2_n6_mid3_d1000_05_mr098_r10_149_uai_GDCC_1e-09_n200_roFalse_s0: Loading model from ../models/synthetic/s123/random_mc2_n6_mid3_d1000_05_mr098_r10_149.uai
2026-02-02 16:16:51,448|INFO|random_mc2_n8_mid3_d1000_05_mr098_r10_191_uai_GDCC_1e-09_n200_roFalse_s0: Loading model from ../models/synthetic/s123/random_mc2_n8_mid3_d1000_05_mr098_r10_191.uai
2026-02-02 16:16:51,425|INFO|random_mc2_n5_mid3_d1000_05_mr098_r10_176_uai_GDCC_1e-09_n200_roFalse_s0: Loading data from ../models/synthetic/s123/random_mc2_n5_mid3_d1000_05_mr098_r10_176.csv
2026-02-02 16:16:51,432|ERROR|random_mc2_n5_mid3_d1000_05_mr098_r10_176_uai_GDCC_1e-09_n200_roFalse_s0: File exists, not rewriting.
2026-02-02 16:16:51,466|INFO|random_mc2_n6_mid3_d1000_05_mr098_r10_151_uai_GDCC_1e-09_n200_roTrue_s0: Loading model from ../models/synthetic/s123/random_mc2_n6_mid3_d1000_05_mr098_r10_151.uai
2026-02-02 16:16:51,458|INFO|random_mc2_n6_mid3_d1000_05_mr098_r10_149_uai_GDCC_1e-09_n200_roFalse_s0: Loading data from ../models/synthetic/s123/random_mc2_n6_mid3_d1000_05_mr098_r10_149.csv
2026-02-02 16:16:51,471|INFO|random_mc2_n6_mid3_d1000_05_mr098_r10_149_uai_GDCC_1e-09_n200_roFalse_s0: PNS(V2,V5) exact: (0.6597397735, 0.811257382)
2026-02-02 16:16:51,475|INFO|random_mc2_n8_mid3_d1000_05_mr098_r10_191_uai_GDCC_1e-09_n200_roFalse_s0: Loading data from ../models/synthetic/s123/random_mc2_n8_mid3_d1000_05_mr098_r10_191.csv
2026-02-02 16:16:51,487|INFO|random_mc2_n8_mid3_d1000_05_mr098_r10_191_uai_GDCC_1e-09_n200_roFalse_s0: PNS(V0,V7) exact: (0.2271504888, 0.2985032774)
2026-02-02 16:16:51,705|INFO|random_mc2_n6_mid3_d1000_05_mr098_r10_151_uai_GDCC_1e-09_n200_roTrue_s0: Loading data from ../models/synthetic/s123/random_mc2_n6_mid3_d1000_05_mr098_r10_151.csv
2026-02-02 16:16:51,713|ERROR|random_mc2_n6_mid3_d1000_05_mr098_r10_151_uai_GDCC_1e-09_n200_roTrue_s0: File exists, not rewriting.
2026-02-02 16:16:56,315|INFO|random_mc2_n6_mid3_d1000_05_mr098_r10_94_uai_GDCC_1e-09_n200_roFalse_s0: Loading model from ../models/synthetic/s123/random_mc2_n6_mid3_d1000_05_mr098_r10_94.uai
2026-02-02 16:16:56,332|INFO|random_mc2_n6_mid3_d1000_05_mr098_r10_94_uai_GDCC_1e-09_n200_roFalse_s0: Loading data from ../models/synthetic/s123/random_mc2_n6_mid3_d1000_05_mr098_r10_94.csv
2026-02-02 16:16:56,344|INFO|random_mc2_n6_mid3_d1000_05_mr098_r10_94_uai_GDCC_1e-09_n200_roFalse_s0: PNS(V0,V5) exact: (0.0335349828721959, 0.1506232608719497)
2026-02-02 16:16:57,889|INFO|random_mc2_n5_mid3_d1000_05_mr098_r10_90_uai_GDCC_1e-09_n200_roFalse_s0: Loading model from ../models/synthetic/s123/random_mc2_n5_mid3_d1000_05_mr098_r10_90.uai
2026-02-02 16:16:57,898|INFO|random_mc2_n5_mid3_d1000_05_mr098_r10_90_uai_GDCC_1e-09_n200_roFalse_s0: Loading data from ../models/synthetic/s123/random_mc2_n5_mid3_d1000_05_mr098_r10_90.csv
2026-02-02 16:16:57,909|INFO|random_mc2_n5_mid3_d1000_05_mr098_r10_90_uai_GDCC_1e-09_n200_roFalse_s0: PNS(V2,V3) exact: (0.70713, 0.8487600000000001)
2026-02-02 16:17:02,620|INFO|random_mc2_n5_mid3_d1000_05_mr098_r10_89_uai_GDCC_1e-09_n200_roFalse_s0: Loading model from ../models/synthetic/s123/random_mc2_n5_mid3_d1000_05_mr098_r10_89.uai
2026-02-02 16:17:02,654|INFO|random_mc2_n7_mid3_d1000_05_mr098_r10_123_uai_GDCC_1e-09_n200_roTrue_s0: Loading model from ../models/synthetic/s123/random_mc2_n7_mid3_d1000_05_mr098_r10_123.uai
2026-02-02 16:17:02,630|INFO|random_mc2_n5_mid3_d1000_05_mr098_r10_89_uai_GDCC_1e-09_n200_roFalse_s0: Loading data from ../models/synthetic/s123/random_mc2_n5_mid3_d1000_05_mr098_r10_89.csv
2026-02-02 16:17:02,646|INFO|random_mc2_n5_mid3_d1000_05_mr098_r10_89_uai_GDCC_1e-09_n200_roFalse_s0: PNS(V1,V3) exact: (0.0, 0.1946041664)
2026-02-02 16:17:02,661|INFO|random_mc2_n5_mid3_d1000_05_mr098_r10_179_uai_GDCC_1e-09_n200_roTrue_s0: Loading model from ../models/synthetic/s123/random_mc2_n5_mid3_d1000_05_mr098_r10_179.uai
2026-02-02 16:17:02,669|INFO|random_mc2_n5_mid3_d1000_05_mr098_r10_8_uai_GDCC_1e-09_n200_roTrue_s0: Loading model from ../models/synthetic/s123/random_mc2_n5_mid3_d1000_05_mr098_r10_8.uai
2026-02-02 16:17:02,671|INFO|random_mc2_n8_mid3_d1000_05_mr098_r10_76_uai_GDCC_1e-09_n200_roFalse_s0: Loading model from ../models/synthetic/s123/random_mc2_n8_mid3_d1000_05_mr098_r10_76.uai
2026-02-02 16:17:02,676|INFO|random_mc2_n5_mid3_d1000_05_mr098_r10_152_uai_GDCC_1e-09_n200_roFalse_s0: Loading model from ../models/synthetic/s123/random_mc2_n5_mid3_d1000_05_mr098_r10_152.uai
2026-02-02 16:17:02,667|INFO|random_mc2_n7_mid3_d1000_05_mr098_r10_123_uai_GDCC_1e-09_n200_roTrue_s0: Loading data from ../models/synthetic/s123/random_mc2_n7_mid3_d1000_05_mr098_r10_123.csv
2026-02-02 16:17:02,679|INFO|random_mc2_n7_mid3_d1000_05_mr098_r10_123_uai_GDCC_1e-09_n200_roTrue_s0: PNS(V0,V6) exact: (0.0106816021871762, 0.1499524833352205)
2026-02-02 16:17:02,669|INFO|random_mc2_n5_mid3_d1000_05_mr098_r10_179_uai_GDCC_1e-09_n200_roTrue_s0: Loading data from ../models/synthetic/s123/random_mc2_n5_mid3_d1000_05_mr098_r10_179.csv
2026-02-02 16:17:02,681|INFO|random_mc2_n5_mid3_d1000_05_mr098_r10_179_uai_GDCC_1e-09_n200_roTrue_s0: PNS(V2,V4) exact: (0.00847, 0.3191)
2026-02-02 16:17:02,678|INFO|random_mc2_n5_mid3_d1000_05_mr098_r10_8_uai_GDCC_1e-09_n200_roTrue_s0: Loading data from ../models/synthetic/s123/random_mc2_n5_mid3_d1000_05_mr098_r10_8.csv
2026-02-02 16:17:02,691|INFO|random_mc2_n5_mid3_d1000_05_mr098_r10_8_uai_GDCC_1e-09_n200_roTrue_s0: PNS(V2,V4) exact: (0.1708037925, 0.4919019990000001)
2026-02-02 16:17:02,682|INFO|random_mc2_n8_mid3_d1000_05_mr098_r10_76_uai_GDCC_1e-09_n200_roFalse_s0: Loading data from ../models/synthetic/s123/random_mc2_n8_mid3_d1000_05_mr098_r10_76.csv
2026-02-02 16:17:02,695|INFO|random_mc2_n8_mid3_d1000_05_mr098_r10_76_uai_GDCC_1e-09_n200_roFalse_s0: PNS(V5,V4) exact: (0.400195964582856, 0.4868895953108599)
2026-02-02 16:17:02,686|INFO|random_mc2_n5_mid3_d1000_05_mr098_r10_152_uai_GDCC_1e-09_n200_roFalse_s0: Loading data from ../models/synthetic/s123/random_mc2_n5_mid3_d1000_05_mr098_r10_152.csv
2026-02-02 16:17:02,694|ERROR|random_mc2_n5_mid3_d1000_05_mr098_r10_152_uai_GDCC_1e-09_n200_roFalse_s0: File exists, not rewriting.
2026-02-02 16:17:02,748|INFO|random_mc2_n8_mid3_d1000_05_mr098_r10_63_uai_GDCC_1e-09_n200_roFalse_s0: Loading model from ../models/synthetic/s123/random_mc2_n8_mid3_d1000_05_mr098_r10_63.uai
2026-02-02 16:17:02,768|INFO|random_mc2_n6_mid3_d1000_05_mr098_r10_152_uai_GDCC_1e-09_n200_roFalse_s0: Loading model from ../models/synthetic/s123/random_mc2_n6_mid3_d1000_05_mr098_r10_152.uai
2026-02-02 16:17:02,762|INFO|random_mc2_n8_mid3_d1000_05_mr098_r10_63_uai_GDCC_1e-09_n200_roFalse_s0: Loading data from ../models/synthetic/s123/random_mc2_n8_mid3_d1000_05_mr098_r10_63.csv
2026-02-02 16:17:02,774|INFO|random_mc2_n8_mid3_d1000_05_mr098_r10_63_uai_GDCC_1e-09_n200_roFalse_s0: PNS(V1,V6) exact: (0.0, 0.122153736431654)
2026-02-02 16:17:02,851|INFO|random_mc2_n5_mid3_d1000_05_mr098_r10_45_uai_GDCC_1e-09_n200_roFalse_s0: Loading model from ../models/synthetic/s123/random_mc2_n5_mid3_d1000_05_mr098_r10_45.uai
2026-02-02 16:17:02,870|INFO|random_mc2_n6_mid3_d1000_05_mr098_r10_152_uai_GDCC_1e-09_n200_roFalse_s0: Loading data from ../models/synthetic/s123/random_mc2_n6_mid3_d1000_05_mr098_r10_152.csv
2026-02-02 16:17:02,877|ERROR|random_mc2_n6_mid3_d1000_05_mr098_r10_152_uai_GDCC_1e-09_n200_roFalse_s0: File exists, not rewriting.
2026-02-02 16:17:02,862|INFO|random_mc2_n5_mid3_d1000_05_mr098_r10_45_uai_GDCC_1e-09_n200_roFalse_s0: Loading data from ../models/synthetic/s123/random_mc2_n5_mid3_d1000_05_mr098_r10_45.csv
2026-02-02 16:17:02,874|INFO|random_mc2_n5_mid3_d1000_05_mr098_r10_45_uai_GDCC_1e-09_n200_roFalse_s0: PNS(V1,V2) exact: (0.0940954230999999, 0.5326951514)
2026-02-02 16:17:03,851|INFO|random_mc2_n7_mid3_d1000_05_mr098_r10_145_uai_GDCC_1e-09_n200_roTrue_s0: Loading model from ../models/synthetic/s123/random_mc2_n7_mid3_d1000_05_mr098_r10_145.uai
2026-02-02 16:17:03,852|INFO|random_mc2_n5_mid3_d1000_05_mr098_r10_49_uai_GDCC_1e-09_n200_roTrue_s0: Loading model from ../models/synthetic/s123/random_mc2_n5_mid3_d1000_05_mr098_r10_49.uai
2026-02-02 16:17:03,863|INFO|random_mc2_n7_mid3_d1000_05_mr098_r10_145_uai_GDCC_1e-09_n200_roTrue_s0: Loading data from ../models/synthetic/s123/random_mc2_n7_mid3_d1000_05_mr098_r10_145.csv
2026-02-02 16:17:03,877|INFO|random_mc2_n7_mid3_d1000_05_mr098_r10_145_uai_GDCC_1e-09_n200_roTrue_s0: PNS(V2,V5) exact: (0.024162408524618, 0.062781303718492)
2026-02-02 16:17:03,860|INFO|random_mc2_n5_mid3_d1000_05_mr098_r10_49_uai_GDCC_1e-09_n200_roTrue_s0: Loading data from ../models/synthetic/s123/random_mc2_n5_mid3_d1000_05_mr098_r10_49.csv
2026-02-02 16:17:03,867|ERROR|random_mc2_n5_mid3_d1000_05_mr098_r10_49_uai_GDCC_1e-09_n200_roTrue_s0: File exists, not rewriting.
2026-02-02 16:17:03,950|INFO|random_mc2_n9_mid3_d1000_05_mr098_r10_119_uai_GDCC_1e-09_n200_roFalse_s0: Loading model from ../models/synthetic/s123/random_mc2_n9_mid3_d1000_05_mr098_r10_119.uai
2026-02-02 16:17:03,953|INFO|random_mc2_n5_mid3_d1000_05_mr098_r10_155_uai_GDCC_1e-09_n200_roFalse_s0: Loading model from ../models/synthetic/s123/random_mc2_n5_mid3_d1000_05_mr098_r10_155.uai
2026-02-02 16:17:03,965|INFO|random_mc2_n7_mid3_d1000_05_mr098_r10_153_uai_GDCC_1e-09_n200_roTrue_s0: Loading model from ../models/synthetic/s123/random_mc2_n7_mid3_d1000_05_mr098_r10_153.uai
2026-02-02 16:17:03,963|INFO|random_mc2_n9_mid3_d1000_05_mr098_r10_119_uai_GDCC_1e-09_n200_roFalse_s0: Loading data from ../models/synthetic/s123/random_mc2_n9_mid3_d1000_05_mr098_r10_119.csv
2026-02-02 16:17:03,975|INFO|random_mc2_n9_mid3_d1000_05_mr098_r10_119_uai_GDCC_1e-09_n200_roFalse_s0: PNS(V0,V8) exact: (0.0742677176, 0.0951852808999999)
2026-02-02 16:17:03,960|INFO|random_mc2_n5_mid3_d1000_05_mr098_r10_155_uai_GDCC_1e-09_n200_roFalse_s0: Loading data from ../models/synthetic/s123/random_mc2_n5_mid3_d1000_05_mr098_r10_155.csv
2026-02-02 16:17:03,966|ERROR|random_mc2_n5_mid3_d1000_05_mr098_r10_155_uai_GDCC_1e-09_n200_roFalse_s0: File exists, not rewriting.
2026-02-02 16:17:03,978|INFO|random_mc2_n7_mid3_d1000_05_mr098_r10_153_uai_GDCC_1e-09_n200_roTrue_s0: Loading data from ../models/synthetic/s123/random_mc2_n7_mid3_d1000_05_mr098_r10_153.csv
2026-02-02 16:17:03,985|ERROR|random_mc2_n7_mid3_d1000_05_mr098_r10_153_uai_GDCC_1e-09_n200_roTrue_s0: File exists, not rewriting.
2026-02-02 16:17:04,874|INFO|random_mc2_n9_mid3_d1000_05_mr098_r10_136_uai_GDCC_1e-09_n200_roFalse_s0: Loading model from ../models/synthetic/s123/random_mc2_n9_mid3_d1000_05_mr098_r10_136.uai
2026-02-02 16:17:04,887|INFO|random_mc2_n5_mid3_d1000_05_mr098_r10_49_uai_GDCC_1e-09_n200_roFalse_s0: Loading model from ../models/synthetic/s123/random_mc2_n5_mid3_d1000_05_mr098_r10_49.uai
2026-02-02 16:17:04,892|INFO|random_mc2_n9_mid3_d1000_05_mr098_r10_137_uai_GDCC_1e-09_n200_roTrue_s0: Loading model from ../models/synthetic/s123/random_mc2_n9_mid3_d1000_05_mr098_r10_137.uai
2026-02-02 16:17:04,899|INFO|random_mc2_n9_mid3_d1000_05_mr098_r10_136_uai_GDCC_1e-09_n200_roFalse_s0: Loading data from ../models/synthetic/s123/random_mc2_n9_mid3_d1000_05_mr098_r10_136.csv
2026-02-02 16:17:04,907|ERROR|random_mc2_n9_mid3_d1000_05_mr098_r10_136_uai_GDCC_1e-09_n200_roFalse_s0: File exists, not rewriting.
2026-02-02 16:17:04,894|INFO|random_mc2_n5_mid3_d1000_05_mr098_r10_49_uai_GDCC_1e-09_n200_roFalse_s0: Loading data from ../models/synthetic/s123/random_mc2_n5_mid3_d1000_05_mr098_r10_49.csv
2026-02-02 16:17:04,901|ERROR|random_mc2_n5_mid3_d1000_05_mr098_r10_49_uai_GDCC_1e-09_n200_roFalse_s0: File exists, not rewriting.
2026-02-02 16:17:05,123|INFO|random_mc2_n9_mid3_d1000_05_mr098_r10_137_uai_GDCC_1e-09_n200_roTrue_s0: Loading data from ../models/synthetic/s123/random_mc2_n9_mid3_d1000_05_mr098_r10_137.csv
2026-02-02 16:17:05,131|ERROR|random_mc2_n9_mid3_d1000_05_mr098_r10_137_uai_GDCC_1e-09_n200_roTrue_s0: File exists, not rewriting.
2026-02-02 16:17:07,377|INFO|random_mc2_n5_mid3_d1000_05_mr098_r10_182_uai_GDCC_1e-09_n200_roTrue_s0: Loading model from ../models/synthetic/s123/random_mc2_n5_mid3_d1000_05_mr098_r10_182.uai
2026-02-02 16:17:07,384|INFO|random_mc2_n5_mid3_d1000_05_mr098_r10_182_uai_GDCC_1e-09_n200_roTrue_s0: Loading data from ../models/synthetic/s123/random_mc2_n5_mid3_d1000_05_mr098_r10_182.csv
2026-02-02 16:17:07,394|ERROR|random_mc2_n5_mid3_d1000_05_mr098_r10_182_uai_GDCC_1e-09_n200_roTrue_s0: File exists, not rewriting.
2026-02-02 16:17:07,574|INFO|random_mc2_n6_mid3_d1000_05_mr098_r10_104_uai_GDCC_1e-09_n200_roTrue_s0: Loading model from ../models/synthetic/s123/random_mc2_n6_mid3_d1000_05_mr098_r10_104.uai
2026-02-02 16:17:07,596|INFO|random_mc2_n5_mid3_d1000_05_mr098_r10_53_uai_GDCC_1e-09_n200_roTrue_s0: Loading model from ../models/synthetic/s123/random_mc2_n5_mid3_d1000_05_mr098_r10_53.uai
2026-02-02 16:17:07,599|INFO|random_mc2_n6_mid3_d1000_05_mr098_r10_105_uai_GDCC_1e-09_n200_roTrue_s0: Loading model from ../models/synthetic/s123/random_mc2_n6_mid3_d1000_05_mr098_r10_105.uai
2026-02-02 16:17:07,615|INFO|random_mc2_n6_mid3_d1000_05_mr098_r10_104_uai_GDCC_1e-09_n200_roTrue_s0: Loading data from ../models/synthetic/s123/random_mc2_n6_mid3_d1000_05_mr098_r10_104.csv
2026-02-02 16:17:07,624|ERROR|random_mc2_n6_mid3_d1000_05_mr098_r10_104_uai_GDCC_1e-09_n200_roTrue_s0: File exists, not rewriting.
2026-02-02 16:17:07,604|INFO|random_mc2_n5_mid3_d1000_05_mr098_r10_53_uai_GDCC_1e-09_n200_roTrue_s0: Loading data from ../models/synthetic/s123/random_mc2_n5_mid3_d1000_05_mr098_r10_53.csv
2026-02-02 16:17:07,619|INFO|random_mc2_n5_mid3_d1000_05_mr098_r10_53_uai_GDCC_1e-09_n200_roTrue_s0: PNS(V0,V1) exact: (0.0, 0.0)
2026-02-02 16:17:07,620|ERROR|random_mc2_n5_mid3_d1000_05_mr098_r10_53_uai_GDCC_1e-09_n200_roTrue_s0: Model does not have any cause-effect path.
2026-02-02 16:17:07,637|INFO|random_mc2_n6_mid3_d1000_05_mr098_r10_108_uai_GDCC_1e-09_n200_roTrue_s0: Loading model from ../models/synthetic/s123/random_mc2_n6_mid3_d1000_05_mr098_r10_108.uai
2026-02-02 16:17:07,624|INFO|random_mc2_n6_mid3_d1000_05_mr098_r10_105_uai_GDCC_1e-09_n200_roTrue_s0: Loading data from ../models/synthetic/s123/random_mc2_n6_mid3_d1000_05_mr098_r10_105.csv
2026-02-02 16:17:07,639|INFO|random_mc2_n6_mid3_d1000_05_mr098_r10_105_uai_GDCC_1e-09_n200_roTrue_s0: PNS(V3,V4) exact: (0.491766269274686, 0.586709709951746)
2026-02-02 16:17:07,674|INFO|random_mc2_n9_mid3_d1000_05_mr098_r10_141_uai_GDCC_1e-09_n200_roTrue_s0: Loading model from ../models/synthetic/s123/random_mc2_n9_mid3_d1000_05_mr098_r10_141.uai
2026-02-02 16:17:07,647|INFO|random_mc2_n6_mid3_d1000_05_mr098_r10_108_uai_GDCC_1e-09_n200_roTrue_s0: Loading data from ../models/synthetic/s123/random_mc2_n6_mid3_d1000_05_mr098_r10_108.csv
2026-02-02 16:17:07,655|ERROR|random_mc2_n6_mid3_d1000_05_mr098_r10_108_uai_GDCC_1e-09_n200_roTrue_s0: File exists, not rewriting.
2026-02-02 16:17:07,688|INFO|random_mc2_n9_mid3_d1000_05_mr098_r10_141_uai_GDCC_1e-09_n200_roTrue_s0: Loading data from ../models/synthetic/s123/random_mc2_n9_mid3_d1000_05_mr098_r10_141.csv
2026-02-02 16:17:07,695|ERROR|random_mc2_n9_mid3_d1000_05_mr098_r10_141_uai_GDCC_1e-09_n200_roTrue_s0: File exists, not rewriting.
2026-02-02 16:17:07,863|INFO|random_mc2_n7_mid3_d1000_05_mr098_r10_19_uai_GDCC_1e-09_n200_roFalse_s0: Loading model from ../models/synthetic/s123/random_mc2_n7_mid3_d1000_05_mr098_r10_19.uai
2026-02-02 16:17:07,876|INFO|random_mc2_n7_mid3_d1000_05_mr098_r10_19_uai_GDCC_1e-09_n200_roFalse_s0: Loading data from ../models/synthetic/s123/random_mc2_n7_mid3_d1000_05_mr098_r10_19.csv
2026-02-02 16:17:07,885|ERROR|random_mc2_n7_mid3_d1000_05_mr098_r10_19_uai_GDCC_1e-09_n200_roFalse_s0: File exists, not rewriting.
2026-02-02 16:17:08,080|INFO|random_mc2_n6_mid3_d1000_05_mr098_r10_107_uai_GDCC_1e-09_n200_roTrue_s0: Loading model from ../models/synthetic/s123/random_mc2_n6_mid3_d1000_05_mr098_r10_107.uai
2026-02-02 16:17:08,088|INFO|random_mc2_n5_mid3_d1000_05_mr098_r10_55_uai_GDCC_1e-09_n200_roTrue_s0: Loading model from ../models/synthetic/s123/random_mc2_n5_mid3_d1000_05_mr098_r10_55.uai
2026-02-02 16:17:08,092|INFO|random_mc2_n6_mid3_d1000_05_mr098_r10_107_uai_GDCC_1e-09_n200_roTrue_s0: Loading data from ../models/synthetic/s123/random_mc2_n6_mid3_d1000_05_mr098_r10_107.csv
2026-02-02 16:17:08,103|INFO|random_mc2_n6_mid3_d1000_05_mr098_r10_107_uai_GDCC_1e-09_n200_roTrue_s0: PNS(V2,V4) exact: (0.0692122168437381, 0.3642803790180109)
2026-02-02 16:17:08,122|INFO|random_mc2_n7_mid3_d1000_05_mr098_r10_185_uai_GDCC_1e-09_n200_roTrue_s0: Loading model from ../models/synthetic/s123/random_mc2_n7_mid3_d1000_05_mr098_r10_185.uai
2026-02-02 16:17:08,094|INFO|random_mc2_n5_mid3_d1000_05_mr098_r10_55_uai_GDCC_1e-09_n200_roTrue_s0: Loading data from ../models/synthetic/s123/random_mc2_n5_mid3_d1000_05_mr098_r10_55.csv
2026-02-02 16:17:08,104|INFO|random_mc2_n5_mid3_d1000_05_mr098_r10_55_uai_GDCC_1e-09_n200_roTrue_s0: PNS(V2,V3) exact: (0.2402970184, 0.3589271115)
2026-02-02 16:17:08,140|INFO|random_mc2_n7_mid3_d1000_05_mr098_r10_185_uai_GDCC_1e-09_n200_roTrue_s0: Loading data from ../models/synthetic/s123/random_mc2_n7_mid3_d1000_05_mr098_r10_185.csv
2026-02-02 16:17:08,152|INFO|random_mc2_n7_mid3_d1000_05_mr098_r10_185_uai_GDCC_1e-09_n200_roTrue_s0: PNS(V4,V5) exact: (0.026299086270706, 0.362919468953052)
2026-02-02 16:17:08,167|INFO|random_mc2_n5_mid3_d1000_05_mr098_r10_103_uai_GDCC_1e-09_n200_roFalse_s0: Loading model from ../models/synthetic/s123/random_mc2_n5_mid3_d1000_05_mr098_r10_103.uai
2026-02-02 16:17:08,178|INFO|random_mc2_n5_mid3_d1000_05_mr098_r10_103_uai_GDCC_1e-09_n200_roFalse_s0: Loading data from ../models/synthetic/s123/random_mc2_n5_mid3_d1000_05_mr098_r10_103.csv
2026-02-02 16:17:08,189|INFO|random_mc2_n5_mid3_d1000_05_mr098_r10_103_uai_GDCC_1e-09_n200_roFalse_s0: PNS(V0,V4) exact: (0.055654259616004, 0.150953979930874)
2026-02-02 16:17:08,690|INFO|random_mc2_n5_mid3_d1000_05_mr098_r10_103_uai_GDCC_1e-09_n200_roTrue_s0: Loading model from ../models/synthetic/s123/random_mc2_n5_mid3_d1000_05_mr098_r10_103.uai
2026-02-02 16:17:08,702|INFO|random_mc2_n5_mid3_d1000_05_mr098_r10_103_uai_GDCC_1e-09_n200_roTrue_s0: Loading data from ../models/synthetic/s123/random_mc2_n5_mid3_d1000_05_mr098_r10_103.csv
2026-02-02 16:17:08,712|INFO|random_mc2_n5_mid3_d1000_05_mr098_r10_103_uai_GDCC_1e-09_n200_roTrue_s0: PNS(V0,V4) exact: (0.055654259616004, 0.150953979930874)
2026-02-02 16:17:10,126|INFO|random_mc2_n7_mid3_d1000_05_mr098_r10_199_uai_GDCC_1e-09_n200_roTrue_s0: Loading model from ../models/synthetic/s123/random_mc2_n7_mid3_d1000_05_mr098_r10_199.uai
2026-02-02 16:17:10,133|INFO|random_mc2_n7_mid3_d1000_05_mr098_r10_199_uai_GDCC_1e-09_n200_roTrue_s0: Loading data from ../models/synthetic/s123/random_mc2_n7_mid3_d1000_05_mr098_r10_199.csv
2026-02-02 16:17:10,143|INFO|random_mc2_n7_mid3_d1000_05_mr098_r10_199_uai_GDCC_1e-09_n200_roTrue_s0: PNS(V2,V0) exact: (0.00178489968384, 0.013822421418624)
2026-02-02 16:17:19,333|INFO|random_mc2_n7_mid3_d1000_05_mr098_r10_196_uai_GDCC_1e-09_n200_roTrue_s0: Loading model from ../models/synthetic/s123/random_mc2_n7_mid3_d1000_05_mr098_r10_196.uai
2026-02-02 16:17:19,347|INFO|random_mc2_n9_mid3_d1000_05_mr098_r10_42_uai_GDCC_1e-09_n200_roFalse_s0: Loading model from ../models/synthetic/s123/random_mc2_n9_mid3_d1000_05_mr098_r10_42.uai
2026-02-02 16:17:19,356|INFO|random_mc2_n5_mid3_d1000_05_mr098_r10_24_uai_GDCC_1e-09_n200_roTrue_s0: Loading model from ../models/synthetic/s123/random_mc2_n5_mid3_d1000_05_mr098_r10_24.uai
2026-02-02 16:17:19,380|INFO|random_mc2_n7_mid3_d1000_05_mr098_r10_22_uai_GDCC_1e-09_n200_roTrue_s0: Loading model from ../models/synthetic/s123/random_mc2_n7_mid3_d1000_05_mr098_r10_22.uai
2026-02-02 16:17:19,358|INFO|random_mc2_n9_mid3_d1000_05_mr098_r10_42_uai_GDCC_1e-09_n200_roFalse_s0: Loading data from ../models/synthetic/s123/random_mc2_n9_mid3_d1000_05_mr098_r10_42.csv
2026-02-02 16:17:19,371|INFO|random_mc2_n9_mid3_d1000_05_mr098_r10_42_uai_GDCC_1e-09_n200_roFalse_s0: PNS(V4,V1) exact: (0.0055529329999999, 0.0881529485)
2026-02-02 16:17:19,366|INFO|random_mc2_n5_mid3_d1000_05_mr098_r10_24_uai_GDCC_1e-09_n200_roTrue_s0: Loading data from ../models/synthetic/s123/random_mc2_n5_mid3_d1000_05_mr098_r10_24.csv
2026-02-02 16:17:19,376|INFO|random_mc2_n5_mid3_d1000_05_mr098_r10_24_uai_GDCC_1e-09_n200_roTrue_s0: PNS(V4,V0) exact: (0.0, 0.003928219827024)
2026-02-02 16:17:19,393|INFO|random_mc2_n7_mid3_d1000_05_mr098_r10_22_uai_GDCC_1e-09_n200_roTrue_s0: Loading data from ../models/synthetic/s123/random_mc2_n7_mid3_d1000_05_mr098_r10_22.csv
2026-02-02 16:17:19,404|INFO|random_mc2_n7_mid3_d1000_05_mr098_r10_22_uai_GDCC_1e-09_n200_roTrue_s0: PNS(V1,V0) exact: (0.4818094928831341, 0.6444694971595442)
2026-02-02 16:17:19,436|INFO|random_mc2_n7_mid3_d1000_05_mr098_r10_196_uai_GDCC_1e-09_n200_roTrue_s0: Loading data from ../models/synthetic/s123/random_mc2_n7_mid3_d1000_05_mr098_r10_196.csv
2026-02-02 16:17:19,444|ERROR|random_mc2_n7_mid3_d1000_05_mr098_r10_196_uai_GDCC_1e-09_n200_roTrue_s0: File exists, not rewriting.
2026-02-02 16:17:19,474|INFO|random_mc2_n5_mid3_d1000_05_mr098_r10_58_uai_GDCC_1e-09_n200_roFalse_s0: Loading model from ../models/synthetic/s123/random_mc2_n5_mid3_d1000_05_mr098_r10_58.uai
2026-02-02 16:17:19,488|INFO|random_mc2_n8_mid3_d1000_05_mr098_r10_13_uai_GDCC_1e-09_n200_roFalse_s0: Loading model from ../models/synthetic/s123/random_mc2_n8_mid3_d1000_05_mr098_r10_13.uai
2026-02-02 16:17:19,497|INFO|random_mc2_n6_mid3_d1000_05_mr098_r10_195_uai_GDCC_1e-09_n200_roTrue_s0: Loading model from ../models/synthetic/s123/random_mc2_n6_mid3_d1000_05_mr098_r10_195.uai
2026-02-02 16:17:19,513|INFO|random_mc2_n5_mid3_d1000_05_mr098_r10_112_uai_GDCC_1e-09_n200_roTrue_s0: Loading model from ../models/synthetic/s123/random_mc2_n5_mid3_d1000_05_mr098_r10_112.uai
2026-02-02 16:17:19,486|INFO|random_mc2_n5_mid3_d1000_05_mr098_r10_58_uai_GDCC_1e-09_n200_roFalse_s0: Loading data from ../models/synthetic/s123/random_mc2_n5_mid3_d1000_05_mr098_r10_58.csv
2026-02-02 16:17:19,498|INFO|random_mc2_n5_mid3_d1000_05_mr098_r10_58_uai_GDCC_1e-09_n200_roFalse_s0: PNS(V1,V4) exact: (0.0036215301384, 0.042303308980416)
2026-02-02 16:17:19,498|INFO|random_mc2_n8_mid3_d1000_05_mr098_r10_13_uai_GDCC_1e-09_n200_roFalse_s0: Loading data from ../models/synthetic/s123/random_mc2_n8_mid3_d1000_05_mr098_r10_13.csv
2026-02-02 16:17:19,505|ERROR|random_mc2_n8_mid3_d1000_05_mr098_r10_13_uai_GDCC_1e-09_n200_roFalse_s0: File exists, not rewriting.
2026-02-02 16:17:19,529|INFO|random_mc2_n5_mid3_d1000_05_mr098_r10_187_uai_GDCC_1e-09_n200_roTrue_s0: Loading model from ../models/synthetic/s123/random_mc2_n5_mid3_d1000_05_mr098_r10_187.uai
2026-02-02 16:17:19,532|INFO|random_mc2_n6_mid3_d1000_05_mr098_r10_96_uai_GDCC_1e-09_n200_roTrue_s0: Loading model from ../models/synthetic/s123/random_mc2_n6_mid3_d1000_05_mr098_r10_96.uai
2026-02-02 16:17:19,504|INFO|random_mc2_n6_mid3_d1000_05_mr098_r10_195_uai_GDCC_1e-09_n200_roTrue_s0: Loading data from ../models/synthetic/s123/random_mc2_n6_mid3_d1000_05_mr098_r10_195.csv
2026-02-02 16:17:19,514|INFO|random_mc2_n6_mid3_d1000_05_mr098_r10_195_uai_GDCC_1e-09_n200_roTrue_s0: PNS(V1,V5) exact: (0.3611165594, 0.4092761430999999)
2026-02-02 16:17:19,551|INFO|random_mc2_n7_mid3_d1000_05_mr098_r10_36_uai_GDCC_1e-09_n200_roTrue_s0: Loading model from ../models/synthetic/s123/random_mc2_n7_mid3_d1000_05_mr098_r10_36.uai
2026-02-02 16:17:19,520|INFO|random_mc2_n5_mid3_d1000_05_mr098_r10_112_uai_GDCC_1e-09_n200_roTrue_s0: Loading data from ../models/synthetic/s123/random_mc2_n5_mid3_d1000_05_mr098_r10_112.csv
2026-02-02 16:17:19,526|ERROR|random_mc2_n5_mid3_d1000_05_mr098_r10_112_uai_GDCC_1e-09_n200_roTrue_s0: File exists, not rewriting.
2026-02-02 16:17:19,554|INFO|random_mc2_n5_mid3_d1000_05_mr098_r10_176_uai_GDCC_1e-09_n200_roTrue_s0: Loading model from ../models/synthetic/s123/random_mc2_n5_mid3_d1000_05_mr098_r10_176.uai
2026-02-02 16:17:19,556|INFO|random_mc2_n6_mid3_d1000_05_mr098_r10_1_uai_GDCC_1e-09_n200_roFalse_s0: Loading model from ../models/synthetic/s123/random_mc2_n6_mid3_d1000_05_mr098_r10_1.uai
2026-02-02 16:17:19,557|INFO|random_mc2_n9_mid3_d1000_05_mr098_r10_192_uai_GDCC_1e-09_n200_roFalse_s0: Loading model from ../models/synthetic/s123/random_mc2_n9_mid3_d1000_05_mr098_r10_192.uai
2026-02-02 16:17:19,552|INFO|random_mc2_n5_mid3_d1000_05_mr098_r10_187_uai_GDCC_1e-09_n200_roTrue_s0: Loading data from ../models/synthetic/s123/random_mc2_n5_mid3_d1000_05_mr098_r10_187.csv
2026-02-02 16:17:19,560|ERROR|random_mc2_n5_mid3_d1000_05_mr098_r10_187_uai_GDCC_1e-09_n200_roTrue_s0: File exists, not rewriting.
2026-02-02 16:17:19,540|INFO|random_mc2_n6_mid3_d1000_05_mr098_r10_96_uai_GDCC_1e-09_n200_roTrue_s0: Loading data from ../models/synthetic/s123/random_mc2_n6_mid3_d1000_05_mr098_r10_96.csv
2026-02-02 16:17:19,552|INFO|random_mc2_n6_mid3_d1000_05_mr098_r10_96_uai_GDCC_1e-09_n200_roTrue_s0: PNS(V4,V3) exact: (0.55047, 0.55047)
2026-02-02 16:17:19,574|INFO|random_mc2_n7_mid3_d1000_05_mr098_r10_36_uai_GDCC_1e-09_n200_roFalse_s0: Loading model from ../models/synthetic/s123/random_mc2_n7_mid3_d1000_05_mr098_r10_36.uai
2026-02-02 16:17:19,575|INFO|random_mc2_n6_mid3_d1000_05_mr098_r10_109_uai_GDCC_1e-09_n200_roFalse_s0: Loading model from ../models/synthetic/s123/random_mc2_n6_mid3_d1000_05_mr098_r10_109.uai
2026-02-02 16:17:19,563|INFO|random_mc2_n7_mid3_d1000_05_mr098_r10_36_uai_GDCC_1e-09_n200_roTrue_s0: Loading data from ../models/synthetic/s123/random_mc2_n7_mid3_d1000_05_mr098_r10_36.csv
2026-02-02 16:17:19,574|INFO|random_mc2_n7_mid3_d1000_05_mr098_r10_36_uai_GDCC_1e-09_n200_roTrue_s0: PNS(V6,V2) exact: (0.0, 0.128261765483479)
2026-02-02 16:17:19,559|INFO|random_mc2_n5_mid3_d1000_05_mr098_r10_176_uai_GDCC_1e-09_n200_roTrue_s0: Loading data from ../models/synthetic/s123/random_mc2_n5_mid3_d1000_05_mr098_r10_176.csv
2026-02-02 16:17:19,566|ERROR|random_mc2_n5_mid3_d1000_05_mr098_r10_176_uai_GDCC_1e-09_n200_roTrue_s0: File exists, not rewriting.
2026-02-02 16:17:19,575|INFO|random_mc2_n6_mid3_d1000_05_mr098_r10_1_uai_GDCC_1e-09_n200_roFalse_s0: Loading data from ../models/synthetic/s123/random_mc2_n6_mid3_d1000_05_mr098_r10_1.csv
2026-02-02 16:17:19,586|INFO|random_mc2_n6_mid3_d1000_05_mr098_r10_1_uai_GDCC_1e-09_n200_roFalse_s0: PNS(V1,V5) exact: (0.4916268825, 0.6244381053000002)
2026-02-02 16:17:19,585|INFO|random_mc2_n7_mid3_d1000_05_mr098_r10_36_uai_GDCC_1e-09_n200_roFalse_s0: Loading data from ../models/synthetic/s123/random_mc2_n7_mid3_d1000_05_mr098_r10_36.csv
2026-02-02 16:17:19,596|INFO|random_mc2_n7_mid3_d1000_05_mr098_r10_36_uai_GDCC_1e-09_n200_roFalse_s0: PNS(V6,V2) exact: (0.0, 0.128261765483479)
2026-02-02 16:17:19,622|INFO|random_mc2_n9_mid3_d1000_05_mr098_r10_192_uai_GDCC_1e-09_n200_roFalse_s0: Loading data from ../models/synthetic/s123/random_mc2_n9_mid3_d1000_05_mr098_r10_192.csv
2026-02-02 16:17:19,629|ERROR|random_mc2_n9_mid3_d1000_05_mr098_r10_192_uai_GDCC_1e-09_n200_roFalse_s0: File exists, not rewriting.
2026-02-02 16:17:19,651|INFO|random_mc2_n9_mid3_d1000_05_mr098_r10_121_uai_GDCC_1e-09_n200_roTrue_s0: Loading model from ../models/synthetic/s123/random_mc2_n9_mid3_d1000_05_mr098_r10_121.uai
2026-02-02 16:17:19,662|INFO|random_mc2_n9_mid3_d1000_05_mr098_r10_121_uai_GDCC_1e-09_n200_roTrue_s0: Loading data from ../models/synthetic/s123/random_mc2_n9_mid3_d1000_05_mr098_r10_121.csv
2026-02-02 16:17:19,670|ERROR|random_mc2_n9_mid3_d1000_05_mr098_r10_121_uai_GDCC_1e-09_n200_roTrue_s0: File exists, not rewriting.
2026-02-02 16:17:19,786|INFO|random_mc2_n6_mid3_d1000_05_mr098_r10_109_uai_GDCC_1e-09_n200_roFalse_s0: Loading data from ../models/synthetic/s123/random_mc2_n6_mid3_d1000_05_mr098_r10_109.csv
2026-02-02 16:17:19,794|ERROR|random_mc2_n6_mid3_d1000_05_mr098_r10_109_uai_GDCC_1e-09_n200_roFalse_s0: File exists, not rewriting.
2026-02-02 16:17:20,456|INFO|random_mc2_n5_mid3_d1000_05_mr098_r10_77_uai_GDCC_1e-09_n200_roTrue_s0: Loading model from ../models/synthetic/s123/random_mc2_n5_mid3_d1000_05_mr098_r10_77.uai
2026-02-02 16:17:20,463|INFO|random_mc2_n5_mid3_d1000_05_mr098_r10_77_uai_GDCC_1e-09_n200_roTrue_s0: Loading data from ../models/synthetic/s123/random_mc2_n5_mid3_d1000_05_mr098_r10_77.csv
2026-02-02 16:17:20,473|INFO|random_mc2_n5_mid3_d1000_05_mr098_r10_77_uai_GDCC_1e-09_n200_roTrue_s0: PNS(V0,V4) exact: (0.0008196438446000002, 0.0193377889897999)
2026-02-02 16:17:21,920|INFO|random_mc2_n8_mid3_d1000_05_mr098_r10_12_uai_GDCC_1e-09_n200_roFalse_s0: Loading model from ../models/synthetic/s123/random_mc2_n8_mid3_d1000_05_mr098_r10_12.uai
2026-02-02 16:17:21,930|INFO|random_mc2_n8_mid3_d1000_05_mr098_r10_12_uai_GDCC_1e-09_n200_roFalse_s0: Loading data from ../models/synthetic/s123/random_mc2_n8_mid3_d1000_05_mr098_r10_12.csv
2026-02-02 16:17:21,937|ERROR|random_mc2_n8_mid3_d1000_05_mr098_r10_12_uai_GDCC_1e-09_n200_roFalse_s0: File exists, not rewriting.
2026-02-02 16:17:22,062|INFO|random_mc2_n5_mid3_d1000_05_mr098_r10_67_uai_GDCC_1e-09_n200_roTrue_s0: Loading model from ../models/synthetic/s123/random_mc2_n5_mid3_d1000_05_mr098_r10_67.uai
2026-02-02 16:17:22,094|INFO|random_mc2_n6_mid3_d1000_05_mr098_r10_21_uai_GDCC_1e-09_n200_roTrue_s0: Loading model from ../models/synthetic/s123/random_mc2_n6_mid3_d1000_05_mr098_r10_21.uai
2026-02-02 16:17:22,068|INFO|random_mc2_n5_mid3_d1000_05_mr098_r10_67_uai_GDCC_1e-09_n200_roTrue_s0: Loading data from ../models/synthetic/s123/random_mc2_n5_mid3_d1000_05_mr098_r10_67.csv
2026-02-02 16:17:22,074|ERROR|random_mc2_n5_mid3_d1000_05_mr098_r10_67_uai_GDCC_1e-09_n200_roTrue_s0: File exists, not rewriting.
2026-02-02 16:17:22,105|INFO|random_mc2_n6_mid3_d1000_05_mr098_r10_21_uai_GDCC_1e-09_n200_roTrue_s0: Loading data from ../models/synthetic/s123/random_mc2_n6_mid3_d1000_05_mr098_r10_21.csv
2026-02-02 16:17:22,117|INFO|random_mc2_n6_mid3_d1000_05_mr098_r10_21_uai_GDCC_1e-09_n200_roTrue_s0: PNS(V1,V4) exact: (0.0, 0.1268215988678439)
2026-02-02 16:17:23,050|INFO|random_mc2_n6_mid3_d1000_05_mr098_r10_128_uai_GDCC_1e-09_n200_roFalse_s0: Loading model from ../models/synthetic/s123/random_mc2_n6_mid3_d1000_05_mr098_r10_128.uai
2026-02-02 16:17:23,053|INFO|random_mc2_n6_mid3_d1000_05_mr098_r10_23_uai_GDCC_1e-09_n200_roTrue_s0: Loading model from ../models/synthetic/s123/random_mc2_n6_mid3_d1000_05_mr098_r10_23.uai
2026-02-02 16:17:23,061|INFO|random_mc2_n5_mid3_d1000_05_mr098_r10_71_uai_GDCC_1e-09_n200_roFalse_s0: Loading model from ../models/synthetic/s123/random_mc2_n5_mid3_d1000_05_mr098_r10_71.uai
2026-02-02 16:17:23,070|INFO|random_mc2_n6_mid3_d1000_05_mr098_r10_36_uai_GDCC_1e-09_n200_roFalse_s0: Loading model from ../models/synthetic/s123/random_mc2_n6_mid3_d1000_05_mr098_r10_36.uai
2026-02-02 16:17:23,062|INFO|random_mc2_n6_mid3_d1000_05_mr098_r10_128_uai_GDCC_1e-09_n200_roFalse_s0: Loading data from ../models/synthetic/s123/random_mc2_n6_mid3_d1000_05_mr098_r10_128.csv
2026-02-02 16:17:23,077|INFO|random_mc2_n6_mid3_d1000_05_mr098_r10_128_uai_GDCC_1e-09_n200_roFalse_s0: PNS(V0,V4) exact: (0.38097471340495, 0.457162013037466)
2026-02-02 16:17:23,064|INFO|random_mc2_n6_mid3_d1000_05_mr098_r10_23_uai_GDCC_1e-09_n200_roTrue_s0: Loading data from ../models/synthetic/s123/random_mc2_n6_mid3_d1000_05_mr098_r10_23.csv
2026-02-02 16:17:23,077|INFO|random_mc2_n6_mid3_d1000_05_mr098_r10_23_uai_GDCC_1e-09_n200_roTrue_s0: PNS(V0,V5) exact: (0.0, 0.206564908524544)
2026-02-02 16:17:23,068|INFO|random_mc2_n5_mid3_d1000_05_mr098_r10_71_uai_GDCC_1e-09_n200_roFalse_s0: Loading data from ../models/synthetic/s123/random_mc2_n5_mid3_d1000_05_mr098_r10_71.csv
2026-02-02 16:17:23,081|INFO|random_mc2_n5_mid3_d1000_05_mr098_r10_71_uai_GDCC_1e-09_n200_roFalse_s0: PNS(V1,V0) exact: (0.0, 0.0786183533)
2026-02-02 16:17:23,102|INFO|random_mc2_n6_mid3_d1000_05_mr098_r10_38_uai_GDCC_1e-09_n200_roTrue_s0: Loading model from ../models/synthetic/s123/random_mc2_n6_mid3_d1000_05_mr098_r10_38.uai
2026-02-02 16:17:23,082|INFO|random_mc2_n6_mid3_d1000_05_mr098_r10_36_uai_GDCC_1e-09_n200_roFalse_s0: Loading data from ../models/synthetic/s123/random_mc2_n6_mid3_d1000_05_mr098_r10_36.csv
2026-02-02 16:17:23,093|INFO|random_mc2_n6_mid3_d1000_05_mr098_r10_36_uai_GDCC_1e-09_n200_roFalse_s0: PNS(V1,V4) exact: (0.0029094796518842, 0.0163840107745321)
2026-02-02 16:17:23,112|INFO|random_mc2_n6_mid3_d1000_05_mr098_r10_38_uai_GDCC_1e-09_n200_roTrue_s0: Loading data from ../models/synthetic/s123/random_mc2_n6_mid3_d1000_05_mr098_r10_38.csv
2026-02-02 16:17:23,124|INFO|random_mc2_n6_mid3_d1000_05_mr098_r10_38_uai_GDCC_1e-09_n200_roTrue_s0: PNS(V0,V3) exact: (0.0032650838421653, 0.0300094630044194)
2026-02-02 16:17:23,148|INFO|random_mc2_n7_mid3_d1000_05_mr098_r10_93_uai_GDCC_1e-09_n200_roTrue_s0: Loading model from ../models/synthetic/s123/random_mc2_n7_mid3_d1000_05_mr098_r10_93.uai
2026-02-02 16:17:23,156|INFO|random_mc2_n7_mid3_d1000_05_mr098_r10_93_uai_GDCC_1e-09_n200_roTrue_s0: Loading data from ../models/synthetic/s123/random_mc2_n7_mid3_d1000_05_mr098_r10_93.csv
2026-02-02 16:17:23,163|ERROR|random_mc2_n7_mid3_d1000_05_mr098_r10_93_uai_GDCC_1e-09_n200_roTrue_s0: File exists, not rewriting.
2026-02-02 16:17:23,258|INFO|random_mc2_n6_mid3_d1000_05_mr098_r10_42_uai_GDCC_1e-09_n200_roTrue_s0: Loading model from ../models/synthetic/s123/random_mc2_n6_mid3_d1000_05_mr098_r10_42.uai
2026-02-02 16:17:23,265|INFO|random_mc2_n6_mid3_d1000_05_mr098_r10_42_uai_GDCC_1e-09_n200_roTrue_s0: Loading data from ../models/synthetic/s123/random_mc2_n6_mid3_d1000_05_mr098_r10_42.csv
2026-02-02 16:17:23,274|INFO|random_mc2_n6_mid3_d1000_05_mr098_r10_42_uai_GDCC_1e-09_n200_roTrue_s0: PNS(V3,V2) exact: (0.2100591484485759, 0.483114152283904)
2026-02-02 16:17:23,302|INFO|random_mc2_n8_mid3_d1000_05_mr098_r10_119_uai_GDCC_1e-09_n200_roTrue_s0: Loading model from ../models/synthetic/s123/random_mc2_n8_mid3_d1000_05_mr098_r10_119.uai
2026-02-02 16:17:23,322|INFO|random_mc2_n7_mid3_d1000_05_mr098_r10_92_uai_GDCC_1e-09_n200_roTrue_s0: Loading model from ../models/synthetic/s123/random_mc2_n7_mid3_d1000_05_mr098_r10_92.uai
2026-02-02 16:17:23,355|INFO|random_mc2_n8_mid3_d1000_05_mr098_r10_119_uai_GDCC_1e-09_n200_roTrue_s0: Loading data from ../models/synthetic/s123/random_mc2_n8_mid3_d1000_05_mr098_r10_119.csv
2026-02-02 16:17:23,361|ERROR|random_mc2_n8_mid3_d1000_05_mr098_r10_119_uai_GDCC_1e-09_n200_roTrue_s0: File exists, not rewriting.
2026-02-02 16:17:23,419|INFO|random_mc2_n7_mid3_d1000_05_mr098_r10_92_uai_GDCC_1e-09_n200_roTrue_s0: Loading data from ../models/synthetic/s123/random_mc2_n7_mid3_d1000_05_mr098_r10_92.csv
2026-02-02 16:17:23,425|ERROR|random_mc2_n7_mid3_d1000_05_mr098_r10_92_uai_GDCC_1e-09_n200_roTrue_s0: File exists, not rewriting.
2026-02-02 16:17:30,977|INFO|random_mc2_n9_mid3_d1000_05_mr098_r10_10_uai_GDCC_1e-09_n200_roTrue_s0: Loading model from ../models/synthetic/s123/random_mc2_n9_mid3_d1000_05_mr098_r10_10.uai
2026-02-02 16:17:31,009|INFO|random_mc2_n9_mid3_d1000_05_mr098_r10_10_uai_GDCC_1e-09_n200_roTrue_s0: Loading data from ../models/synthetic/s123/random_mc2_n9_mid3_d1000_05_mr098_r10_10.csv
2026-02-02 16:17:31,017|ERROR|random_mc2_n9_mid3_d1000_05_mr098_r10_10_uai_GDCC_1e-09_n200_roTrue_s0: File exists, not rewriting.
2026-02-02 16:17:32,100|INFO|random_mc2_n9_mid3_d1000_05_mr098_r10_118_uai_GDCC_1e-09_n200_roTrue_s0: Loading model from ../models/synthetic/s123/random_mc2_n9_mid3_d1000_05_mr098_r10_118.uai
2026-02-02 16:17:32,116|INFO|random_mc2_n9_mid3_d1000_05_mr098_r10_118_uai_GDCC_1e-09_n200_roTrue_s0: Loading data from ../models/synthetic/s123/random_mc2_n9_mid3_d1000_05_mr098_r10_118.csv
2026-02-02 16:17:32,121|ERROR|random_mc2_n9_mid3_d1000_05_mr098_r10_118_uai_GDCC_1e-09_n200_roTrue_s0: File exists, not rewriting.
2026-02-02 16:17:34,517|INFO|random_mc2_n5_mid3_d1000_05_mr098_r10_10_uai_GDCC_1e-09_n200_roFalse_s0: Loading model from ../models/synthetic/s123/random_mc2_n5_mid3_d1000_05_mr098_r10_10.uai
2026-02-02 16:17:34,531|INFO|random_mc2_n6_mid3_d1000_05_mr098_r10_144_uai_GDCC_1e-09_n200_roTrue_s0: Loading model from ../models/synthetic/s123/random_mc2_n6_mid3_d1000_05_mr098_r10_144.uai
2026-02-02 16:17:34,544|INFO|random_mc2_n5_mid3_d1000_05_mr098_r10_84_uai_GDCC_1e-09_n200_roFalse_s0: Loading model from ../models/synthetic/s123/random_mc2_n5_mid3_d1000_05_mr098_r10_84.uai
2026-02-02 16:17:34,527|INFO|random_mc2_n5_mid3_d1000_05_mr098_r10_10_uai_GDCC_1e-09_n200_roFalse_s0: Loading data from ../models/synthetic/s123/random_mc2_n5_mid3_d1000_05_mr098_r10_10.csv
2026-02-02 16:17:34,536|ERROR|random_mc2_n5_mid3_d1000_05_mr098_r10_10_uai_GDCC_1e-09_n200_roFalse_s0: File exists, not rewriting.
2026-02-02 16:17:34,540|INFO|random_mc2_n6_mid3_d1000_05_mr098_r10_144_uai_GDCC_1e-09_n200_roTrue_s0: Loading data from ../models/synthetic/s123/random_mc2_n6_mid3_d1000_05_mr098_r10_144.csv
2026-02-02 16:17:34,549|INFO|random_mc2_n6_mid3_d1000_05_mr098_r10_144_uai_GDCC_1e-09_n200_roTrue_s0: PNS(V1,V4) exact: (0.0105806483115999, 0.0362963028616)
2026-02-02 16:17:34,553|INFO|random_mc2_n5_mid3_d1000_05_mr098_r10_84_uai_GDCC_1e-09_n200_roFalse_s0: Loading data from ../models/synthetic/s123/random_mc2_n5_mid3_d1000_05_mr098_r10_84.csv
2026-02-02 16:17:34,558|ERROR|random_mc2_n5_mid3_d1000_05_mr098_r10_84_uai_GDCC_1e-09_n200_roFalse_s0: File exists, not rewriting.
2026-02-02 16:17:34,593|INFO|random_mc2_n6_mid3_d1000_05_mr098_r10_85_uai_GDCC_1e-09_n200_roTrue_s0: Loading model from ../models/synthetic/s123/random_mc2_n6_mid3_d1000_05_mr098_r10_85.uai
2026-02-02 16:17:34,599|INFO|random_mc2_n6_mid3_d1000_05_mr098_r10_68_uai_GDCC_1e-09_n200_roTrue_s0: Loading model from ../models/synthetic/s123/random_mc2_n6_mid3_d1000_05_mr098_r10_68.uai
2026-02-02 16:17:34,604|INFO|random_mc2_n8_mid3_d1000_05_mr098_r10_1_uai_GDCC_1e-09_n200_roTrue_s0: Loading model from ../models/synthetic/s123/random_mc2_n8_mid3_d1000_05_mr098_r10_1.uai
2026-02-02 16:17:34,609|INFO|random_mc2_n6_mid3_d1000_05_mr098_r10_68_uai_GDCC_1e-09_n200_roTrue_s0: Loading data from ../models/synthetic/s123/random_mc2_n6_mid3_d1000_05_mr098_r10_68.csv
2026-02-02 16:17:34,618|INFO|random_mc2_n6_mid3_d1000_05_mr098_r10_68_uai_GDCC_1e-09_n200_roTrue_s0: PNS(V0,V1) exact: (0.0, 0.1486868319875199)
2026-02-02 16:17:34,627|INFO|random_mc2_n8_mid3_d1000_05_mr098_r10_1_uai_GDCC_1e-09_n200_roTrue_s0: Loading data from ../models/synthetic/s123/random_mc2_n8_mid3_d1000_05_mr098_r10_1.csv
2026-02-02 16:17:34,633|ERROR|random_mc2_n8_mid3_d1000_05_mr098_r10_1_uai_GDCC_1e-09_n200_roTrue_s0: File exists, not rewriting.
2026-02-02 16:17:34,685|INFO|random_mc2_n6_mid3_d1000_05_mr098_r10_85_uai_GDCC_1e-09_n200_roTrue_s0: Loading data from ../models/synthetic/s123/random_mc2_n6_mid3_d1000_05_mr098_r10_85.csv
2026-02-02 16:17:34,692|ERROR|random_mc2_n6_mid3_d1000_05_mr098_r10_85_uai_GDCC_1e-09_n200_roTrue_s0: File exists, not rewriting.
2026-02-02 16:17:34,695|INFO|random_mc2_n5_mid3_d1000_05_mr098_r10_38_uai_GDCC_1e-09_n200_roFalse_s0: Loading model from ../models/synthetic/s123/random_mc2_n5_mid3_d1000_05_mr098_r10_38.uai
2026-02-02 16:17:34,703|INFO|random_mc2_n6_mid3_d1000_05_mr098_r10_148_uai_GDCC_1e-09_n200_roFalse_s0: Loading model from ../models/synthetic/s123/random_mc2_n6_mid3_d1000_05_mr098_r10_148.uai
2026-02-02 16:17:34,704|INFO|random_mc2_n5_mid3_d1000_05_mr098_r10_175_uai_GDCC_1e-09_n200_roTrue_s0: Loading model from ../models/synthetic/s123/random_mc2_n5_mid3_d1000_05_mr098_r10_175.uai
2026-02-02 16:17:34,700|INFO|random_mc2_n5_mid3_d1000_05_mr098_r10_38_uai_GDCC_1e-09_n200_roFalse_s0: Loading data from ../models/synthetic/s123/random_mc2_n5_mid3_d1000_05_mr098_r10_38.csv
2026-02-02 16:17:34,711|INFO|random_mc2_n5_mid3_d1000_05_mr098_r10_38_uai_GDCC_1e-09_n200_roFalse_s0: PNS(V4,V3) exact: (0.71565, 0.7250800000000001)
2026-02-02 16:17:34,710|INFO|random_mc2_n6_mid3_d1000_05_mr098_r10_148_uai_GDCC_1e-09_n200_roFalse_s0: Loading data from ../models/synthetic/s123/random_mc2_n6_mid3_d1000_05_mr098_r10_148.csv
2026-02-02 16:17:34,720|INFO|random_mc2_n6_mid3_d1000_05_mr098_r10_148_uai_GDCC_1e-09_n200_roFalse_s0: PNS(V0,V5) exact: (0.0, 0.0279858302999999)
2026-02-02 16:17:34,718|INFO|random_mc2_n5_mid3_d1000_05_mr098_r10_175_uai_GDCC_1e-09_n200_roTrue_s0: Loading data from ../models/synthetic/s123/random_mc2_n5_mid3_d1000_05_mr098_r10_175.csv
2026-02-02 16:17:34,728|INFO|random_mc2_n5_mid3_d1000_05_mr098_r10_175_uai_GDCC_1e-09_n200_roTrue_s0: PNS(V1,V3) exact: (0.1001090864, 0.4819853936000001)
2026-02-02 16:17:34,752|INFO|random_mc2_n8_mid3_d1000_05_mr098_r10_160_uai_GDCC_1e-09_n200_roTrue_s0: Loading model from ../models/synthetic/s123/random_mc2_n8_mid3_d1000_05_mr098_r10_160.uai
2026-02-02 16:17:34,764|INFO|random_mc2_n6_mid3_d1000_05_mr098_r10_99_uai_GDCC_1e-09_n200_roFalse_s0: Loading model from ../models/synthetic/s123/random_mc2_n6_mid3_d1000_05_mr098_r10_99.uai
2026-02-02 16:17:34,779|INFO|random_mc2_n6_mid3_d1000_05_mr098_r10_142_uai_GDCC_1e-09_n200_roTrue_s0: Loading model from ../models/synthetic/s123/random_mc2_n6_mid3_d1000_05_mr098_r10_142.uai
2026-02-02 16:17:34,788|INFO|random_mc2_n5_mid3_d1000_05_mr098_r10_11_uai_GDCC_1e-09_n200_roTrue_s0: Loading model from ../models/synthetic/s123/random_mc2_n5_mid3_d1000_05_mr098_r10_11.uai
2026-02-02 16:17:34,774|INFO|random_mc2_n8_mid3_d1000_05_mr098_r10_160_uai_GDCC_1e-09_n200_roTrue_s0: Loading data from ../models/synthetic/s123/random_mc2_n8_mid3_d1000_05_mr098_r10_160.csv
2026-02-02 16:17:34,781|ERROR|random_mc2_n8_mid3_d1000_05_mr098_r10_160_uai_GDCC_1e-09_n200_roTrue_s0: File exists, not rewriting.
2026-02-02 16:17:34,792|INFO|random_mc2_n8_mid3_d1000_05_mr098_r10_2_uai_GDCC_1e-09_n200_roTrue_s0: Loading model from ../models/synthetic/s123/random_mc2_n8_mid3_d1000_05_mr098_r10_2.uai
2026-02-02 16:17:34,770|INFO|random_mc2_n6_mid3_d1000_05_mr098_r10_99_uai_GDCC_1e-09_n200_roFalse_s0: Loading data from ../models/synthetic/s123/random_mc2_n6_mid3_d1000_05_mr098_r10_99.csv
2026-02-02 16:17:34,779|INFO|random_mc2_n6_mid3_d1000_05_mr098_r10_99_uai_GDCC_1e-09_n200_roFalse_s0: PNS(V0,V1) exact: (0.0, 0.0)
2026-02-02 16:17:34,779|ERROR|random_mc2_n6_mid3_d1000_05_mr098_r10_99_uai_GDCC_1e-09_n200_roFalse_s0: Model does not have any cause-effect path.
2026-02-02 16:17:34,787|INFO|random_mc2_n6_mid3_d1000_05_mr098_r10_142_uai_GDCC_1e-09_n200_roTrue_s0: Loading data from ../models/synthetic/s123/random_mc2_n6_mid3_d1000_05_mr098_r10_142.csv
2026-02-02 16:17:34,803|INFO|random_mc2_n6_mid3_d1000_05_mr098_r10_142_uai_GDCC_1e-09_n200_roTrue_s0: PNS(V0,V5) exact: (0.98933, 0.99047)
2026-02-02 16:17:34,793|INFO|random_mc2_n5_mid3_d1000_05_mr098_r10_11_uai_GDCC_1e-09_n200_roTrue_s0: Loading data from ../models/synthetic/s123/random_mc2_n5_mid3_d1000_05_mr098_r10_11.csv
2026-02-02 16:17:34,799|ERROR|random_mc2_n5_mid3_d1000_05_mr098_r10_11_uai_GDCC_1e-09_n200_roTrue_s0: File exists, not rewriting.
2026-02-02 16:17:34,811|INFO|random_mc2_n8_mid3_d1000_05_mr098_r10_2_uai_GDCC_1e-09_n200_roTrue_s0: Loading data from ../models/synthetic/s123/random_mc2_n8_mid3_d1000_05_mr098_r10_2.csv
2026-02-02 16:17:34,836|INFO|random_mc2_n8_mid3_d1000_05_mr098_r10_2_uai_GDCC_1e-09_n200_roTrue_s0: PNS(V1,V5) exact: (0.0, 0.0)
2026-02-02 16:17:34,836|ERROR|random_mc2_n8_mid3_d1000_05_mr098_r10_2_uai_GDCC_1e-09_n200_roTrue_s0: Model does not have any cause-effect path.
2026-02-02 16:17:34,838|INFO|random_mc2_n8_mid3_d1000_05_mr098_r10_2_uai_GDCC_1e-09_n200_roFalse_s0: Loading model from ../models/synthetic/s123/random_mc2_n8_mid3_d1000_05_mr098_r10_2.uai
2026-02-02 16:17:34,848|INFO|random_mc2_n6_mid3_d1000_05_mr098_r10_81_uai_GDCC_1e-09_n200_roFalse_s0: Loading model from ../models/synthetic/s123/random_mc2_n6_mid3_d1000_05_mr098_r10_81.uai
2026-02-02 16:17:34,866|INFO|random_mc2_n5_mid3_d1000_05_mr098_r10_85_uai_GDCC_1e-09_n200_roTrue_s0: Loading model from ../models/synthetic/s123/random_mc2_n5_mid3_d1000_05_mr098_r10_85.uai
2026-02-02 16:17:34,858|INFO|random_mc2_n8_mid3_d1000_05_mr098_r10_2_uai_GDCC_1e-09_n200_roFalse_s0: Loading data from ../models/synthetic/s123/random_mc2_n8_mid3_d1000_05_mr098_r10_2.csv
2026-02-02 16:17:34,868|INFO|random_mc2_n8_mid3_d1000_05_mr098_r10_2_uai_GDCC_1e-09_n200_roFalse_s0: PNS(V1,V5) exact: (0.0, 0.0)
2026-02-02 16:17:34,868|ERROR|random_mc2_n8_mid3_d1000_05_mr098_r10_2_uai_GDCC_1e-09_n200_roFalse_s0: Model does not have any cause-effect path.
2026-02-02 16:17:34,858|INFO|random_mc2_n6_mid3_d1000_05_mr098_r10_81_uai_GDCC_1e-09_n200_roFalse_s0: Loading data from ../models/synthetic/s123/random_mc2_n6_mid3_d1000_05_mr098_r10_81.csv
2026-02-02 16:17:34,868|INFO|random_mc2_n6_mid3_d1000_05_mr098_r10_81_uai_GDCC_1e-09_n200_roFalse_s0: PNS(V0,V1) exact: (0.3372099000000001, 0.3372099000000001)
2026-02-02 16:17:34,881|INFO|random_mc2_n5_mid3_d1000_05_mr098_r10_85_uai_GDCC_1e-09_n200_roTrue_s0: Loading data from ../models/synthetic/s123/random_mc2_n5_mid3_d1000_05_mr098_r10_85.csv
2026-02-02 16:17:34,889|ERROR|random_mc2_n5_mid3_d1000_05_mr098_r10_85_uai_GDCC_1e-09_n200_roTrue_s0: File exists, not rewriting.
2026-02-02 16:17:35,541|INFO|random_mc2_n9_mid3_d1000_05_mr098_r10_119_uai_GDCC_1e-09_n200_roTrue_s0: Loading model from ../models/synthetic/s123/random_mc2_n9_mid3_d1000_05_mr098_r10_119.uai
2026-02-02 16:17:35,555|INFO|random_mc2_n9_mid3_d1000_05_mr098_r10_104_uai_GDCC_1e-09_n200_roTrue_s0: Loading model from ../models/synthetic/s123/random_mc2_n9_mid3_d1000_05_mr098_r10_104.uai
2026-02-02 16:17:35,554|INFO|random_mc2_n9_mid3_d1000_05_mr098_r10_119_uai_GDCC_1e-09_n200_roTrue_s0: Loading data from ../models/synthetic/s123/random_mc2_n9_mid3_d1000_05_mr098_r10_119.csv
2026-02-02 16:17:35,566|INFO|random_mc2_n9_mid3_d1000_05_mr098_r10_119_uai_GDCC_1e-09_n200_roTrue_s0: PNS(V0,V8) exact: (0.0742677176, 0.0951852808999999)
2026-02-02 16:17:35,580|INFO|random_mc2_n9_mid3_d1000_05_mr098_r10_104_uai_GDCC_1e-09_n200_roTrue_s0: Loading data from ../models/synthetic/s123/random_mc2_n9_mid3_d1000_05_mr098_r10_104.csv
2026-02-02 16:17:35,587|ERROR|random_mc2_n9_mid3_d1000_05_mr098_r10_104_uai_GDCC_1e-09_n200_roTrue_s0: File exists, not rewriting.
2026-02-02 16:17:37,639|INFO|random_mc2_n8_mid3_d1000_05_mr098_r10_26_uai_GDCC_1e-09_n200_roFalse_s0: Loading model from ../models/synthetic/s123/random_mc2_n8_mid3_d1000_05_mr098_r10_26.uai
2026-02-02 16:17:37,642|INFO|random_mc2_n6_mid3_d1000_05_mr098_r10_162_uai_GDCC_1e-09_n200_roFalse_s0: Loading model from ../models/synthetic/s123/random_mc2_n6_mid3_d1000_05_mr098_r10_162.uai
2026-02-02 16:17:37,643|INFO|random_mc2_n7_mid3_d1000_05_mr098_r10_139_uai_GDCC_1e-09_n200_roFalse_s0: Loading model from ../models/synthetic/s123/random_mc2_n7_mid3_d1000_05_mr098_r10_139.uai
2026-02-02 16:17:37,663|INFO|random_mc2_n8_mid3_d1000_05_mr098_r10_26_uai_GDCC_1e-09_n200_roFalse_s0: Loading data from ../models/synthetic/s123/random_mc2_n8_mid3_d1000_05_mr098_r10_26.csv
2026-02-02 16:17:37,674|ERROR|random_mc2_n8_mid3_d1000_05_mr098_r10_26_uai_GDCC_1e-09_n200_roFalse_s0: File exists, not rewriting.
2026-02-02 16:17:37,660|INFO|random_mc2_n6_mid3_d1000_05_mr098_r10_162_uai_GDCC_1e-09_n200_roFalse_s0: Loading data from ../models/synthetic/s123/random_mc2_n6_mid3_d1000_05_mr098_r10_162.csv
2026-02-02 16:17:37,674|INFO|random_mc2_n6_mid3_d1000_05_mr098_r10_162_uai_GDCC_1e-09_n200_roFalse_s0: PNS(V1,V5) exact: (0.15777013681104, 0.3907870473200001)
2026-02-02 16:17:37,653|INFO|random_mc2_n7_mid3_d1000_05_mr098_r10_139_uai_GDCC_1e-09_n200_roFalse_s0: Loading data from ../models/synthetic/s123/random_mc2_n7_mid3_d1000_05_mr098_r10_139.csv
2026-02-02 16:17:37,669|INFO|random_mc2_n7_mid3_d1000_05_mr098_r10_139_uai_GDCC_1e-09_n200_roFalse_s0: PNS(V6,V2) exact: (3.4571033774154675e-05, 0.0010797131415254)
2026-02-02 16:17:37,685|INFO|random_mc2_n5_mid3_d1000_05_mr098_r10_166_uai_GDCC_1e-09_n200_roFalse_s0: Loading model from ../models/synthetic/s123/random_mc2_n5_mid3_d1000_05_mr098_r10_166.uai
2026-02-02 16:17:37,702|INFO|random_mc2_n5_mid3_d1000_05_mr098_r10_166_uai_GDCC_1e-09_n200_roFalse_s0: Loading data from ../models/synthetic/s123/random_mc2_n5_mid3_d1000_05_mr098_r10_166.csv
2026-02-02 16:17:37,711|ERROR|random_mc2_n5_mid3_d1000_05_mr098_r10_166_uai_GDCC_1e-09_n200_roFalse_s0: File exists, not rewriting.
2026-02-02 16:17:37,791|INFO|random_mc2_n9_mid3_d1000_05_mr098_r10_107_uai_GDCC_1e-09_n200_roTrue_s0: Loading model from ../models/synthetic/s123/random_mc2_n9_mid3_d1000_05_mr098_r10_107.uai
2026-02-02 16:17:37,800|INFO|random_mc2_n5_mid3_d1000_05_mr098_r10_111_uai_GDCC_1e-09_n200_roFalse_s0: Loading model from ../models/synthetic/s123/random_mc2_n5_mid3_d1000_05_mr098_r10_111.uai
2026-02-02 16:17:37,807|INFO|random_mc2_n5_mid3_d1000_05_mr098_r10_153_uai_GDCC_1e-09_n200_roFalse_s0: Loading model from ../models/synthetic/s123/random_mc2_n5_mid3_d1000_05_mr098_r10_153.uai
2026-02-02 16:17:37,810|INFO|random_mc2_n5_mid3_d1000_05_mr098_r10_111_uai_GDCC_1e-09_n200_roFalse_s0: Loading data from ../models/synthetic/s123/random_mc2_n5_mid3_d1000_05_mr098_r10_111.csv
2026-02-02 16:17:37,819|ERROR|random_mc2_n5_mid3_d1000_05_mr098_r10_111_uai_GDCC_1e-09_n200_roFalse_s0: File exists, not rewriting.
2026-02-02 16:17:37,830|INFO|random_mc2_n5_mid3_d1000_05_mr098_r10_153_uai_GDCC_1e-09_n200_roFalse_s0: Loading data from ../models/synthetic/s123/random_mc2_n5_mid3_d1000_05_mr098_r10_153.csv
2026-02-02 16:17:37,849|INFO|random_mc2_n9_mid3_d1000_05_mr098_r10_11_uai_GDCC_1e-09_n200_roTrue_s0: Loading model from ../models/synthetic/s123/random_mc2_n9_mid3_d1000_05_mr098_r10_11.uai
2026-02-02 16:17:37,862|INFO|random_mc2_n5_mid3_d1000_05_mr098_r10_153_uai_GDCC_1e-09_n200_roFalse_s0: PNS(V3,V2) exact: (0.014386402, 0.118614199)
2026-02-02 16:17:37,883|INFO|random_mc2_n6_mid3_d1000_05_mr098_r10_103_uai_GDCC_1e-09_n200_roTrue_s0: Loading model from ../models/synthetic/s123/random_mc2_n6_mid3_d1000_05_mr098_r10_103.uai
2026-02-02 16:17:37,876|INFO|random_mc2_n9_mid3_d1000_05_mr098_r10_11_uai_GDCC_1e-09_n200_roTrue_s0: Loading data from ../models/synthetic/s123/random_mc2_n9_mid3_d1000_05_mr098_r10_11.csv
2026-02-02 16:17:37,884|ERROR|random_mc2_n9_mid3_d1000_05_mr098_r10_11_uai_GDCC_1e-09_n200_roTrue_s0: File exists, not rewriting.
2026-02-02 16:17:37,897|INFO|random_mc2_n6_mid3_d1000_05_mr098_r10_103_uai_GDCC_1e-09_n200_roTrue_s0: Loading data from ../models/synthetic/s123/random_mc2_n6_mid3_d1000_05_mr098_r10_103.csv
2026-02-02 16:17:37,906|ERROR|random_mc2_n6_mid3_d1000_05_mr098_r10_103_uai_GDCC_1e-09_n200_roTrue_s0: File exists, not rewriting.
2026-02-02 16:17:38,217|INFO|random_mc2_n9_mid3_d1000_05_mr098_r10_107_uai_GDCC_1e-09_n200_roTrue_s0: Loading data from ../models/synthetic/s123/random_mc2_n9_mid3_d1000_05_mr098_r10_107.csv
2026-02-02 16:17:38,225|ERROR|random_mc2_n9_mid3_d1000_05_mr098_r10_107_uai_GDCC_1e-09_n200_roTrue_s0: File exists, not rewriting.
2026-02-02 16:17:42,274|INFO|random_mc2_n9_mid3_d1000_05_mr098_r10_152_uai_GDCC_1e-09_n200_roFalse_s0: Loading model from ../models/synthetic/s123/random_mc2_n9_mid3_d1000_05_mr098_r10_152.uai
2026-02-02 16:17:42,307|INFO|random_mc2_n9_mid3_d1000_05_mr098_r10_152_uai_GDCC_1e-09_n200_roFalse_s0: Loading data from ../models/synthetic/s123/random_mc2_n9_mid3_d1000_05_mr098_r10_152.csv
2026-02-02 16:17:42,316|INFO|random_mc2_n9_mid3_d1000_05_mr098_r10_152_uai_GDCC_1e-09_n200_roFalse_s0: PNS(V4,V6) exact: (0.0985718975711222, 0.2731262523008737)
2026-02-02 16:17:42,827|INFO|random_mc2_n5_mid3_d1000_05_mr098_r10_20_uai_GDCC_1e-09_n200_roFalse_s0: Loading model from ../models/synthetic/s123/random_mc2_n5_mid3_d1000_05_mr098_r10_20.uai
2026-02-02 16:17:42,834|INFO|random_mc2_n5_mid3_d1000_05_mr098_r10_20_uai_GDCC_1e-09_n200_roFalse_s0: Loading data from ../models/synthetic/s123/random_mc2_n5_mid3_d1000_05_mr098_r10_20.csv
2026-02-02 16:17:42,840|ERROR|random_mc2_n5_mid3_d1000_05_mr098_r10_20_uai_GDCC_1e-09_n200_roFalse_s0: File exists, not rewriting.
2026-02-02 16:17:49,753|INFO|random_mc2_n7_mid3_d1000_05_mr098_r10_69_uai_GDCC_1e-09_n200_roTrue_s0: Loading model from ../models/synthetic/s123/random_mc2_n7_mid3_d1000_05_mr098_r10_69.uai
2026-02-02 16:17:49,761|INFO|random_mc2_n7_mid3_d1000_05_mr098_r10_69_uai_GDCC_1e-09_n200_roTrue_s0: Loading data from ../models/synthetic/s123/random_mc2_n7_mid3_d1000_05_mr098_r10_69.csv
2026-02-02 16:17:49,774|ERROR|random_mc2_n7_mid3_d1000_05_mr098_r10_69_uai_GDCC_1e-09_n200_roTrue_s0: File exists, not rewriting.
2026-02-02 16:17:49,796|INFO|random_mc2_n5_mid3_d1000_05_mr098_r10_137_uai_GDCC_1e-09_n200_roTrue_s0: Loading model from ../models/synthetic/s123/random_mc2_n5_mid3_d1000_05_mr098_r10_137.uai
2026-02-02 16:17:49,804|INFO|random_mc2_n5_mid3_d1000_05_mr098_r10_137_uai_GDCC_1e-09_n200_roTrue_s0: Loading data from ../models/synthetic/s123/random_mc2_n5_mid3_d1000_05_mr098_r10_137.csv
2026-02-02 16:17:49,816|INFO|random_mc2_n5_mid3_d1000_05_mr098_r10_137_uai_GDCC_1e-09_n200_roTrue_s0: PNS(V4,V3) exact: (0.3143626878, 0.4271408892000001)
2026-02-02 16:17:49,837|INFO|random_mc2_n6_mid3_d1000_05_mr098_r10_169_uai_GDCC_1e-09_n200_roTrue_s0: Loading model from ../models/synthetic/s123/random_mc2_n6_mid3_d1000_05_mr098_r10_169.uai
2026-02-02 16:17:49,845|INFO|random_mc2_n6_mid3_d1000_05_mr098_r10_169_uai_GDCC_1e-09_n200_roTrue_s0: Loading data from ../models/synthetic/s123/random_mc2_n6_mid3_d1000_05_mr098_r10_169.csv
2026-02-02 16:17:49,856|INFO|random_mc2_n6_mid3_d1000_05_mr098_r10_169_uai_GDCC_1e-09_n200_roTrue_s0: PNS(V2,V3) exact: (0.0, 0.039991749496806)
2026-02-02 16:17:49,979|INFO|random_mc2_n7_mid3_d1000_05_mr098_r10_159_uai_GDCC_1e-09_n200_roTrue_s0: Loading model from ../models/synthetic/s123/random_mc2_n7_mid3_d1000_05_mr098_r10_159.uai
2026-02-02 16:17:49,997|INFO|random_mc2_n6_mid3_d1000_05_mr098_r10_107_uai_GDCC_1e-09_n200_roFalse_s0: Loading model from ../models/synthetic/s123/random_mc2_n6_mid3_d1000_05_mr098_r10_107.uai
2026-02-02 16:17:49,993|INFO|random_mc2_n7_mid3_d1000_05_mr098_r10_159_uai_GDCC_1e-09_n200_roTrue_s0: Loading data from ../models/synthetic/s123/random_mc2_n7_mid3_d1000_05_mr098_r10_159.csv
2026-02-02 16:17:49,999|ERROR|random_mc2_n7_mid3_d1000_05_mr098_r10_159_uai_GDCC_1e-09_n200_roTrue_s0: File exists, not rewriting.
2026-02-02 16:17:50,009|INFO|random_mc2_n6_mid3_d1000_05_mr098_r10_107_uai_GDCC_1e-09_n200_roFalse_s0: Loading data from ../models/synthetic/s123/random_mc2_n6_mid3_d1000_05_mr098_r10_107.csv
2026-02-02 16:17:50,018|INFO|random_mc2_n6_mid3_d1000_05_mr098_r10_107_uai_GDCC_1e-09_n200_roFalse_s0: PNS(V2,V4) exact: (0.0692122168437381, 0.3642803790180109)
2026-02-02 16:17:50,174|INFO|random_mc2_n9_mid3_d1000_05_mr098_r10_160_uai_GDCC_1e-09_n200_roTrue_s0: Loading model from ../models/synthetic/s123/random_mc2_n9_mid3_d1000_05_mr098_r10_160.uai
2026-02-02 16:17:50,208|INFO|random_mc2_n5_mid3_d1000_05_mr098_r10_4_uai_GDCC_1e-09_n200_roFalse_s0: Loading model from ../models/synthetic/s123/random_mc2_n5_mid3_d1000_05_mr098_r10_4.uai
2026-02-02 16:17:50,193|INFO|random_mc2_n9_mid3_d1000_05_mr098_r10_160_uai_GDCC_1e-09_n200_roTrue_s0: Loading data from ../models/synthetic/s123/random_mc2_n9_mid3_d1000_05_mr098_r10_160.csv
2026-02-02 16:17:50,201|ERROR|random_mc2_n9_mid3_d1000_05_mr098_r10_160_uai_GDCC_1e-09_n200_roTrue_s0: File exists, not rewriting.
2026-02-02 16:17:50,236|INFO|random_mc2_n9_mid3_d1000_05_mr098_r10_25_uai_GDCC_1e-09_n200_roTrue_s0: Loading model from ../models/synthetic/s123/random_mc2_n9_mid3_d1000_05_mr098_r10_25.uai
2026-02-02 16:17:50,214|INFO|random_mc2_n5_mid3_d1000_05_mr098_r10_4_uai_GDCC_1e-09_n200_roFalse_s0: Loading data from ../models/synthetic/s123/random_mc2_n5_mid3_d1000_05_mr098_r10_4.csv
2026-02-02 16:17:50,226|INFO|random_mc2_n5_mid3_d1000_05_mr098_r10_4_uai_GDCC_1e-09_n200_roFalse_s0: PNS(V1,V3) exact: (0.008115440172339, 0.040113058343352)
2026-02-02 16:17:50,270|INFO|random_mc2_n5_mid3_d1000_05_mr098_r10_24_uai_GDCC_1e-09_n200_roFalse_s0: Loading model from ../models/synthetic/s123/random_mc2_n5_mid3_d1000_05_mr098_r10_24.uai
2026-02-02 16:17:50,272|INFO|random_mc2_n5_mid3_d1000_05_mr098_r10_184_uai_GDCC_1e-09_n200_roTrue_s0: Loading model from ../models/synthetic/s123/random_mc2_n5_mid3_d1000_05_mr098_r10_184.uai
2026-02-02 16:17:50,278|INFO|random_mc2_n6_mid3_d1000_05_mr098_r10_179_uai_GDCC_1e-09_n200_roTrue_s0: Loading model from ../models/synthetic/s123/random_mc2_n6_mid3_d1000_05_mr098_r10_179.uai
2026-02-02 16:17:50,279|INFO|random_mc2_n5_mid3_d1000_05_mr098_r10_193_uai_GDCC_1e-09_n200_roTrue_s0: Loading model from ../models/synthetic/s123/random_mc2_n5_mid3_d1000_05_mr098_r10_193.uai
2026-02-02 16:17:50,279|INFO|random_mc2_n7_mid3_d1000_05_mr098_r10_163_uai_GDCC_1e-09_n200_roFalse_s0: Loading model from ../models/synthetic/s123/random_mc2_n7_mid3_d1000_05_mr098_r10_163.uai
2026-02-02 16:17:50,280|INFO|random_mc2_n5_mid3_d1000_05_mr098_r10_24_uai_GDCC_1e-09_n200_roFalse_s0: Loading data from ../models/synthetic/s123/random_mc2_n5_mid3_d1000_05_mr098_r10_24.csv
2026-02-02 16:17:50,289|INFO|random_mc2_n5_mid3_d1000_05_mr098_r10_24_uai_GDCC_1e-09_n200_roFalse_s0: PNS(V4,V0) exact: (0.0, 0.003928219827024)
2026-02-02 16:17:50,276|INFO|random_mc2_n5_mid3_d1000_05_mr098_r10_184_uai_GDCC_1e-09_n200_roTrue_s0: Loading data from ../models/synthetic/s123/random_mc2_n5_mid3_d1000_05_mr098_r10_184.csv
2026-02-02 16:17:50,287|INFO|random_mc2_n5_mid3_d1000_05_mr098_r10_184_uai_GDCC_1e-09_n200_roTrue_s0: PNS(V3,V4) exact: (0.0, 0.0)
2026-02-02 16:17:50,287|ERROR|random_mc2_n5_mid3_d1000_05_mr098_r10_184_uai_GDCC_1e-09_n200_roTrue_s0: Model does not have any cause-effect path.
2026-02-02 16:17:50,293|INFO|random_mc2_n7_mid3_d1000_05_mr098_r10_163_uai_GDCC_1e-09_n200_roFalse_s0: Loading data from ../models/synthetic/s123/random_mc2_n7_mid3_d1000_05_mr098_r10_163.csv
2026-02-02 16:17:50,303|INFO|random_mc2_n7_mid3_d1000_05_mr098_r10_163_uai_GDCC_1e-09_n200_roFalse_s0: PNS(V0,V4) exact: (0.043281704345418, 0.2976756657121581)
2026-02-02 16:17:50,288|INFO|random_mc2_n5_mid3_d1000_05_mr098_r10_193_uai_GDCC_1e-09_n200_roTrue_s0: Loading data from ../models/synthetic/s123/random_mc2_n5_mid3_d1000_05_mr098_r10_193.csv
2026-02-02 16:17:50,294|ERROR|random_mc2_n5_mid3_d1000_05_mr098_r10_193_uai_GDCC_1e-09_n200_roTrue_s0: File exists, not rewriting.
2026-02-02 16:17:50,328|INFO|random_mc2_n9_mid3_d1000_05_mr098_r10_176_uai_GDCC_1e-09_n200_roTrue_s0: Loading model from ../models/synthetic/s123/random_mc2_n9_mid3_d1000_05_mr098_r10_176.uai
2026-02-02 16:17:50,330|INFO|random_mc2_n6_mid3_d1000_05_mr098_r10_186_uai_GDCC_1e-09_n200_roFalse_s0: Loading model from ../models/synthetic/s123/random_mc2_n6_mid3_d1000_05_mr098_r10_186.uai
2026-02-02 16:17:50,335|INFO|random_mc2_n5_mid3_d1000_05_mr098_r10_51_uai_GDCC_1e-09_n200_roTrue_s0: Loading model from ../models/synthetic/s123/random_mc2_n5_mid3_d1000_05_mr098_r10_51.uai
2026-02-02 16:17:50,365|INFO|random_mc2_n5_mid3_d1000_05_mr098_r10_173_uai_GDCC_1e-09_n200_roTrue_s0: Loading model from ../models/synthetic/s123/random_mc2_n5_mid3_d1000_05_mr098_r10_173.uai
2026-02-02 16:17:50,347|INFO|random_mc2_n9_mid3_d1000_05_mr098_r10_176_uai_GDCC_1e-09_n200_roTrue_s0: Loading data from ../models/synthetic/s123/random_mc2_n9_mid3_d1000_05_mr098_r10_176.csv
2026-02-02 16:17:50,353|ERROR|random_mc2_n9_mid3_d1000_05_mr098_r10_176_uai_GDCC_1e-09_n200_roTrue_s0: File exists, not rewriting.
2026-02-02 16:17:50,356|INFO|random_mc2_n6_mid3_d1000_05_mr098_r10_186_uai_GDCC_1e-09_n200_roFalse_s0: Loading data from ../models/synthetic/s123/random_mc2_n6_mid3_d1000_05_mr098_r10_186.csv
2026-02-02 16:17:50,363|ERROR|random_mc2_n6_mid3_d1000_05_mr098_r10_186_uai_GDCC_1e-09_n200_roFalse_s0: File exists, not rewriting.
2026-02-02 16:17:50,370|INFO|random_mc2_n5_mid3_d1000_05_mr098_r10_128_uai_GDCC_1e-09_n200_roFalse_s0: Loading model from ../models/synthetic/s123/random_mc2_n5_mid3_d1000_05_mr098_r10_128.uai
2026-02-02 16:17:50,341|INFO|random_mc2_n5_mid3_d1000_05_mr098_r10_51_uai_GDCC_1e-09_n200_roTrue_s0: Loading data from ../models/synthetic/s123/random_mc2_n5_mid3_d1000_05_mr098_r10_51.csv
2026-02-02 16:17:50,351|INFO|random_mc2_n5_mid3_d1000_05_mr098_r10_51_uai_GDCC_1e-09_n200_roTrue_s0: PNS(V2,V4) exact: (0.0, 0.17763)
2026-02-02 16:17:50,371|INFO|random_mc2_n5_mid3_d1000_05_mr098_r10_173_uai_GDCC_1e-09_n200_roTrue_s0: Loading data from ../models/synthetic/s123/random_mc2_n5_mid3_d1000_05_mr098_r10_173.csv
2026-02-02 16:17:50,381|INFO|random_mc2_n5_mid3_d1000_05_mr098_r10_173_uai_GDCC_1e-09_n200_roTrue_s0: PNS(V1,V2) exact: (0.1236554301, 0.4222693768)
2026-02-02 16:17:50,376|INFO|random_mc2_n5_mid3_d1000_05_mr098_r10_128_uai_GDCC_1e-09_n200_roFalse_s0: Loading data from ../models/synthetic/s123/random_mc2_n5_mid3_d1000_05_mr098_r10_128.csv
2026-02-02 16:17:50,388|INFO|random_mc2_n5_mid3_d1000_05_mr098_r10_128_uai_GDCC_1e-09_n200_roFalse_s0: PNS(V2,V0) exact: (0.0, 0.0565271411)
2026-02-02 16:17:50,436|INFO|random_mc2_n7_mid3_d1000_05_mr098_r10_59_uai_GDCC_1e-09_n200_roFalse_s0: Loading model from ../models/synthetic/s123/random_mc2_n7_mid3_d1000_05_mr098_r10_59.uai
2026-02-02 16:17:50,461|INFO|random_mc2_n9_mid3_d1000_05_mr098_r10_25_uai_GDCC_1e-09_n200_roTrue_s0: Loading data from ../models/synthetic/s123/random_mc2_n9_mid3_d1000_05_mr098_r10_25.csv
2026-02-02 16:17:50,469|ERROR|random_mc2_n9_mid3_d1000_05_mr098_r10_25_uai_GDCC_1e-09_n200_roTrue_s0: File exists, not rewriting.
2026-02-02 16:17:50,489|INFO|random_mc2_n6_mid3_d1000_05_mr098_r10_179_uai_GDCC_1e-09_n200_roTrue_s0: Loading data from ../models/synthetic/s123/random_mc2_n6_mid3_d1000_05_mr098_r10_179.csv
2026-02-02 16:17:50,495|ERROR|random_mc2_n6_mid3_d1000_05_mr098_r10_179_uai_GDCC_1e-09_n200_roTrue_s0: File exists, not rewriting.
2026-02-02 16:17:50,534|INFO|random_mc2_n7_mid3_d1000_05_mr098_r10_59_uai_GDCC_1e-09_n200_roFalse_s0: Loading data from ../models/synthetic/s123/random_mc2_n7_mid3_d1000_05_mr098_r10_59.csv
2026-02-02 16:17:50,541|ERROR|random_mc2_n7_mid3_d1000_05_mr098_r10_59_uai_GDCC_1e-09_n200_roFalse_s0: File exists, not rewriting.
2026-02-02 16:17:51,599|INFO|random_mc2_n5_mid3_d1000_05_mr098_r10_197_uai_GDCC_1e-09_n200_roTrue_s0: Loading model from ../models/synthetic/s123/random_mc2_n5_mid3_d1000_05_mr098_r10_197.uai
2026-02-02 16:17:51,601|INFO|random_mc2_n5_mid3_d1000_05_mr098_r10_2_uai_GDCC_1e-09_n200_roTrue_s0: Loading model from ../models/synthetic/s123/random_mc2_n5_mid3_d1000_05_mr098_r10_2.uai
2026-02-02 16:17:51,606|INFO|random_mc2_n5_mid3_d1000_05_mr098_r10_197_uai_GDCC_1e-09_n200_roTrue_s0: Loading data from ../models/synthetic/s123/random_mc2_n5_mid3_d1000_05_mr098_r10_197.csv
2026-02-02 16:17:51,617|INFO|random_mc2_n5_mid3_d1000_05_mr098_r10_197_uai_GDCC_1e-09_n200_roTrue_s0: PNS(V0,V2) exact: (0.0654547499999999, 0.0866559)
2026-02-02 16:17:51,606|INFO|random_mc2_n5_mid3_d1000_05_mr098_r10_2_uai_GDCC_1e-09_n200_roTrue_s0: Loading data from ../models/synthetic/s123/random_mc2_n5_mid3_d1000_05_mr098_r10_2.csv
2026-02-02 16:17:51,641|INFO|random_mc2_n6_mid3_d1000_05_mr098_r10_186_uai_GDCC_1e-09_n200_roTrue_s0: Loading model from ../models/synthetic/s123/random_mc2_n6_mid3_d1000_05_mr098_r10_186.uai
2026-02-02 16:17:51,616|INFO|random_mc2_n5_mid3_d1000_05_mr098_r10_2_uai_GDCC_1e-09_n200_roTrue_s0: PNS(V1,V2) exact: (0.0, 0.0)
2026-02-02 16:17:51,616|ERROR|random_mc2_n5_mid3_d1000_05_mr098_r10_2_uai_GDCC_1e-09_n200_roTrue_s0: Model does not have any cause-effect path.
2026-02-02 16:17:51,668|INFO|random_mc2_n6_mid3_d1000_05_mr098_r10_186_uai_GDCC_1e-09_n200_roTrue_s0: Loading data from ../models/synthetic/s123/random_mc2_n6_mid3_d1000_05_mr098_r10_186.csv
2026-02-02 16:17:51,676|ERROR|random_mc2_n6_mid3_d1000_05_mr098_r10_186_uai_GDCC_1e-09_n200_roTrue_s0: File exists, not rewriting.
2026-02-02 16:17:51,721|INFO|random_mc2_n7_mid3_d1000_05_mr098_r10_22_uai_GDCC_1e-09_n200_roFalse_s0: Loading model from ../models/synthetic/s123/random_mc2_n7_mid3_d1000_05_mr098_r10_22.uai
2026-02-02 16:17:51,722|INFO|random_mc2_n9_mid3_d1000_05_mr098_r10_12_uai_GDCC_1e-09_n200_roTrue_s0: Loading model from ../models/synthetic/s123/random_mc2_n9_mid3_d1000_05_mr098_r10_12.uai
2026-02-02 16:17:51,734|INFO|random_mc2_n7_mid3_d1000_05_mr098_r10_22_uai_GDCC_1e-09_n200_roFalse_s0: Loading data from ../models/synthetic/s123/random_mc2_n7_mid3_d1000_05_mr098_r10_22.csv
2026-02-02 16:17:51,748|INFO|random_mc2_n7_mid3_d1000_05_mr098_r10_22_uai_GDCC_1e-09_n200_roFalse_s0: PNS(V1,V0) exact: (0.4818094928831341, 0.6444694971595442)
2026-02-02 16:17:51,735|INFO|random_mc2_n9_mid3_d1000_05_mr098_r10_12_uai_GDCC_1e-09_n200_roTrue_s0: Loading data from ../models/synthetic/s123/random_mc2_n9_mid3_d1000_05_mr098_r10_12.csv
2026-02-02 16:17:51,747|INFO|random_mc2_n9_mid3_d1000_05_mr098_r10_12_uai_GDCC_1e-09_n200_roTrue_s0: PNS(V5,V0) exact: (0.1261695765081492, 0.2521556712400733)
2026-02-02 16:17:51,787|INFO|random_mc2_n5_mid3_d1000_05_mr098_r10_83_uai_GDCC_1e-09_n200_roTrue_s0: Loading model from ../models/synthetic/s123/random_mc2_n5_mid3_d1000_05_mr098_r10_83.uai
2026-02-02 16:17:51,795|INFO|random_mc2_n5_mid3_d1000_05_mr098_r10_83_uai_GDCC_1e-09_n200_roTrue_s0: Loading data from ../models/synthetic/s123/random_mc2_n5_mid3_d1000_05_mr098_r10_83.csv
2026-02-02 16:17:51,803|ERROR|random_mc2_n5_mid3_d1000_05_mr098_r10_83_uai_GDCC_1e-09_n200_roTrue_s0: File exists, not rewriting.
2026-02-02 16:17:51,834|INFO|random_mc2_n6_mid3_d1000_05_mr098_r10_108_uai_GDCC_1e-09_n200_roFalse_s0: Loading model from ../models/synthetic/s123/random_mc2_n6_mid3_d1000_05_mr098_r10_108.uai
2026-02-02 16:17:51,868|INFO|random_mc2_n5_mid3_d1000_05_mr098_r10_141_uai_GDCC_1e-09_n200_roTrue_s0: Loading model from ../models/synthetic/s123/random_mc2_n5_mid3_d1000_05_mr098_r10_141.uai
2026-02-02 16:17:51,844|INFO|random_mc2_n6_mid3_d1000_05_mr098_r10_108_uai_GDCC_1e-09_n200_roFalse_s0: Loading data from ../models/synthetic/s123/random_mc2_n6_mid3_d1000_05_mr098_r10_108.csv
2026-02-02 16:17:51,852|ERROR|random_mc2_n6_mid3_d1000_05_mr098_r10_108_uai_GDCC_1e-09_n200_roFalse_s0: File exists, not rewriting.
2026-02-02 16:17:51,879|INFO|random_mc2_n6_mid3_d1000_05_mr098_r10_105_uai_GDCC_1e-09_n200_roFalse_s0: Loading model from ../models/synthetic/s123/random_mc2_n6_mid3_d1000_05_mr098_r10_105.uai
2026-02-02 16:17:51,877|INFO|random_mc2_n5_mid3_d1000_05_mr098_r10_141_uai_GDCC_1e-09_n200_roTrue_s0: Loading data from ../models/synthetic/s123/random_mc2_n5_mid3_d1000_05_mr098_r10_141.csv
2026-02-02 16:17:51,888|INFO|random_mc2_n5_mid3_d1000_05_mr098_r10_141_uai_GDCC_1e-09_n200_roTrue_s0: PNS(V1,V4) exact: (0.0017244544, 0.2307695208999999)
2026-02-02 16:17:51,897|INFO|random_mc2_n6_mid3_d1000_05_mr098_r10_105_uai_GDCC_1e-09_n200_roFalse_s0: Loading data from ../models/synthetic/s123/random_mc2_n6_mid3_d1000_05_mr098_r10_105.csv
2026-02-02 16:17:51,908|INFO|random_mc2_n6_mid3_d1000_05_mr098_r10_105_uai_GDCC_1e-09_n200_roFalse_s0: PNS(V3,V4) exact: (0.491766269274686, 0.586709709951746)
2026-02-02 16:17:52,981|INFO|random_mc2_n9_mid3_d1000_05_mr098_r10_91_uai_GDCC_1e-09_n200_roTrue_s0: Loading model from ../models/synthetic/s123/random_mc2_n9_mid3_d1000_05_mr098_r10_91.uai
2026-02-02 16:17:52,999|INFO|random_mc2_n9_mid3_d1000_05_mr098_r10_91_uai_GDCC_1e-09_n200_roTrue_s0: Loading data from ../models/synthetic/s123/random_mc2_n9_mid3_d1000_05_mr098_r10_91.csv
2026-02-02 16:17:53,010|INFO|random_mc2_n9_mid3_d1000_05_mr098_r10_91_uai_GDCC_1e-09_n200_roTrue_s0: PNS(V2,V3) exact: (0.8057637300690249, 0.8686928265038563)
2026-02-02 16:17:53,555|INFO|random_mc2_n7_mid3_d1000_05_mr098_r10_37_uai_GDCC_1e-09_n200_roTrue_s0: Loading model from ../models/synthetic/s123/random_mc2_n7_mid3_d1000_05_mr098_r10_37.uai
2026-02-02 16:17:53,580|INFO|random_mc2_n7_mid3_d1000_05_mr098_r10_37_uai_GDCC_1e-09_n200_roTrue_s0: Loading data from ../models/synthetic/s123/random_mc2_n7_mid3_d1000_05_mr098_r10_37.csv
2026-02-02 16:17:53,591|INFO|random_mc2_n7_mid3_d1000_05_mr098_r10_37_uai_GDCC_1e-09_n200_roTrue_s0: PNS(V3,V2) exact: (0.0, 0.0282189836918879)
2026-02-02 16:18:03,248|INFO|random_mc2_n5_mid3_d1000_05_mr098_r10_191_uai_GDCC_1e-09_n200_roFalse_s0: Loading model from ../models/synthetic/s123/random_mc2_n5_mid3_d1000_05_mr098_r10_191.uai
2026-02-02 16:18:03,255|INFO|random_mc2_n5_mid3_d1000_05_mr098_r10_191_uai_GDCC_1e-09_n200_roFalse_s0: Loading data from ../models/synthetic/s123/random_mc2_n5_mid3_d1000_05_mr098_r10_191.csv
2026-02-02 16:18:03,267|ERROR|random_mc2_n5_mid3_d1000_05_mr098_r10_191_uai_GDCC_1e-09_n200_roFalse_s0: File exists, not rewriting.
2026-02-02 16:18:03,344|INFO|random_mc2_n5_mid3_d1000_05_mr098_r10_115_uai_GDCC_1e-09_n200_roFalse_s0: Loading model from ../models/synthetic/s123/random_mc2_n5_mid3_d1000_05_mr098_r10_115.uai
2026-02-02 16:18:03,383|INFO|random_mc2_n5_mid3_d1000_05_mr098_r10_63_uai_GDCC_1e-09_n200_roFalse_s0: Loading model from ../models/synthetic/s123/random_mc2_n5_mid3_d1000_05_mr098_r10_63.uai
2026-02-02 16:18:03,355|INFO|random_mc2_n5_mid3_d1000_05_mr098_r10_115_uai_GDCC_1e-09_n200_roFalse_s0: Loading data from ../models/synthetic/s123/random_mc2_n5_mid3_d1000_05_mr098_r10_115.csv
2026-02-02 16:18:03,362|ERROR|random_mc2_n5_mid3_d1000_05_mr098_r10_115_uai_GDCC_1e-09_n200_roFalse_s0: File exists, not rewriting.
2026-02-02 16:18:03,388|INFO|random_mc2_n5_mid3_d1000_05_mr098_r10_63_uai_GDCC_1e-09_n200_roFalse_s0: Loading data from ../models/synthetic/s123/random_mc2_n5_mid3_d1000_05_mr098_r10_63.csv
2026-02-02 16:18:03,401|INFO|random_mc2_n5_mid3_d1000_05_mr098_r10_63_uai_GDCC_1e-09_n200_roFalse_s0: PNS(V4,V1) exact: (0.0, 0.1702281)
2026-02-02 16:18:03,428|INFO|random_mc2_n6_mid3_d1000_05_mr098_r10_19_uai_GDCC_1e-09_n200_roTrue_s0: Loading model from ../models/synthetic/s123/random_mc2_n6_mid3_d1000_05_mr098_r10_19.uai
2026-02-02 16:18:03,442|INFO|random_mc2_n6_mid3_d1000_05_mr098_r10_184_uai_GDCC_1e-09_n200_roTrue_s0: Loading model from ../models/synthetic/s123/random_mc2_n6_mid3_d1000_05_mr098_r10_184.uai
2026-02-02 16:18:03,449|INFO|random_mc2_n6_mid3_d1000_05_mr098_r10_184_uai_GDCC_1e-09_n200_roTrue_s0: Loading data from ../models/synthetic/s123/random_mc2_n6_mid3_d1000_05_mr098_r10_184.csv
2026-02-02 16:18:03,461|INFO|random_mc2_n6_mid3_d1000_05_mr098_r10_184_uai_GDCC_1e-09_n200_roTrue_s0: PNS(V5,V4) exact: (0.0, 0.0008714266998319998)
2026-02-02 16:18:03,655|INFO|random_mc2_n5_mid3_d1000_05_mr098_r10_42_uai_GDCC_1e-09_n200_roFalse_s0: Loading model from ../models/synthetic/s123/random_mc2_n5_mid3_d1000_05_mr098_r10_42.uai
2026-02-02 16:18:03,662|INFO|random_mc2_n6_mid3_d1000_05_mr098_r10_19_uai_GDCC_1e-09_n200_roTrue_s0: Loading data from ../models/synthetic/s123/random_mc2_n6_mid3_d1000_05_mr098_r10_19.csv
2026-02-02 16:18:03,669|ERROR|random_mc2_n6_mid3_d1000_05_mr098_r10_19_uai_GDCC_1e-09_n200_roTrue_s0: File exists, not rewriting.
2026-02-02 16:18:03,675|INFO|random_mc2_n5_mid3_d1000_05_mr098_r10_42_uai_GDCC_1e-09_n200_roFalse_s0: Loading data from ../models/synthetic/s123/random_mc2_n5_mid3_d1000_05_mr098_r10_42.csv
2026-02-02 16:18:03,681|ERROR|random_mc2_n5_mid3_d1000_05_mr098_r10_42_uai_GDCC_1e-09_n200_roFalse_s0: File exists, not rewriting.
2026-02-02 16:18:04,046|INFO|random_mc2_n7_mid3_d1000_05_mr098_r10_53_uai_GDCC_1e-09_n200_roFalse_s0: Loading model from ../models/synthetic/s123/random_mc2_n7_mid3_d1000_05_mr098_r10_53.uai
2026-02-02 16:18:04,080|INFO|random_mc2_n7_mid3_d1000_05_mr098_r10_62_uai_GDCC_1e-09_n200_roTrue_s0: Loading model from ../models/synthetic/s123/random_mc2_n7_mid3_d1000_05_mr098_r10_62.uai
2026-02-02 16:18:04,060|INFO|random_mc2_n7_mid3_d1000_05_mr098_r10_53_uai_GDCC_1e-09_n200_roFalse_s0: Loading data from ../models/synthetic/s123/random_mc2_n7_mid3_d1000_05_mr098_r10_53.csv
2026-02-02 16:18:04,067|ERROR|random_mc2_n7_mid3_d1000_05_mr098_r10_53_uai_GDCC_1e-09_n200_roFalse_s0: File exists, not rewriting.
2026-02-02 16:18:04,179|INFO|random_mc2_n7_mid3_d1000_05_mr098_r10_62_uai_GDCC_1e-09_n200_roTrue_s0: Loading data from ../models/synthetic/s123/random_mc2_n7_mid3_d1000_05_mr098_r10_62.csv
2026-02-02 16:18:04,186|ERROR|random_mc2_n7_mid3_d1000_05_mr098_r10_62_uai_GDCC_1e-09_n200_roTrue_s0: File exists, not rewriting.
2026-02-02 16:18:04,318|INFO|random_mc2_n5_mid3_d1000_05_mr098_r10_124_uai_GDCC_1e-09_n200_roTrue_s0: Loading model from ../models/synthetic/s123/random_mc2_n5_mid3_d1000_05_mr098_r10_124.uai
2026-02-02 16:18:04,323|INFO|random_mc2_n8_mid3_d1000_05_mr098_r10_174_uai_GDCC_1e-09_n200_roFalse_s0: Loading model from ../models/synthetic/s123/random_mc2_n8_mid3_d1000_05_mr098_r10_174.uai
2026-02-02 16:18:04,327|INFO|random_mc2_n6_mid3_d1000_05_mr098_r10_22_uai_GDCC_1e-09_n200_roFalse_s0: Loading model from ../models/synthetic/s123/random_mc2_n6_mid3_d1000_05_mr098_r10_22.uai
2026-02-02 16:18:04,327|INFO|random_mc2_n5_mid3_d1000_05_mr098_r10_124_uai_GDCC_1e-09_n200_roTrue_s0: Loading data from ../models/synthetic/s123/random_mc2_n5_mid3_d1000_05_mr098_r10_124.csv
2026-02-02 16:18:04,338|INFO|random_mc2_n5_mid3_d1000_05_mr098_r10_124_uai_GDCC_1e-09_n200_roTrue_s0: PNS(V4,V1) exact: (0.00019924659568, 0.05078698676936)
2026-02-02 16:18:04,337|INFO|random_mc2_n6_mid3_d1000_05_mr098_r10_22_uai_GDCC_1e-09_n200_roFalse_s0: Loading data from ../models/synthetic/s123/random_mc2_n6_mid3_d1000_05_mr098_r10_22.csv
2026-02-02 16:18:04,343|ERROR|random_mc2_n6_mid3_d1000_05_mr098_r10_22_uai_GDCC_1e-09_n200_roFalse_s0: File exists, not rewriting.
2026-02-02 16:18:04,473|INFO|random_mc2_n5_mid3_d1000_05_mr098_r10_31_uai_GDCC_1e-09_n200_roFalse_s0: Loading model from ../models/synthetic/s123/random_mc2_n5_mid3_d1000_05_mr098_r10_31.uai
2026-02-02 16:18:04,487|INFO|random_mc2_n7_mid3_d1000_05_mr098_r10_92_uai_GDCC_1e-09_n200_roFalse_s0: Loading model from ../models/synthetic/s123/random_mc2_n7_mid3_d1000_05_mr098_r10_92.uai
2026-02-02 16:18:04,479|INFO|random_mc2_n5_mid3_d1000_05_mr098_r10_31_uai_GDCC_1e-09_n200_roFalse_s0: Loading data from ../models/synthetic/s123/random_mc2_n5_mid3_d1000_05_mr098_r10_31.csv
2026-02-02 16:18:04,491|INFO|random_mc2_n5_mid3_d1000_05_mr098_r10_31_uai_GDCC_1e-09_n200_roFalse_s0: PNS(V1,V2) exact: (0.0035429652, 0.2563315488)
2026-02-02 16:18:04,526|INFO|random_mc2_n7_mid3_d1000_05_mr098_r10_90_uai_GDCC_1e-09_n200_roFalse_s0: Loading model from ../models/synthetic/s123/random_mc2_n7_mid3_d1000_05_mr098_r10_90.uai
2026-02-02 16:18:04,527|INFO|random_mc2_n5_mid3_d1000_05_mr098_r10_31_uai_GDCC_1e-09_n200_roTrue_s0: Loading model from ../models/synthetic/s123/random_mc2_n5_mid3_d1000_05_mr098_r10_31.uai
2026-02-02 16:18:04,530|INFO|random_mc2_n6_mid3_d1000_05_mr098_r10_41_uai_GDCC_1e-09_n200_roTrue_s0: Loading model from ../models/synthetic/s123/random_mc2_n6_mid3_d1000_05_mr098_r10_41.uai
2026-02-02 16:18:04,534|INFO|random_mc2_n6_mid3_d1000_05_mr098_r10_27_uai_GDCC_1e-09_n200_roFalse_s0: Loading model from ../models/synthetic/s123/random_mc2_n6_mid3_d1000_05_mr098_r10_27.uai
2026-02-02 16:18:04,536|INFO|random_mc2_n7_mid3_d1000_05_mr098_r10_90_uai_GDCC_1e-09_n200_roFalse_s0: Loading data from ../models/synthetic/s123/random_mc2_n7_mid3_d1000_05_mr098_r10_90.csv
2026-02-02 16:18:04,543|ERROR|random_mc2_n7_mid3_d1000_05_mr098_r10_90_uai_GDCC_1e-09_n200_roFalse_s0: File exists, not rewriting.
2026-02-02 16:18:04,533|INFO|random_mc2_n5_mid3_d1000_05_mr098_r10_31_uai_GDCC_1e-09_n200_roTrue_s0: Loading data from ../models/synthetic/s123/random_mc2_n5_mid3_d1000_05_mr098_r10_31.csv
2026-02-02 16:18:04,544|INFO|random_mc2_n5_mid3_d1000_05_mr098_r10_31_uai_GDCC_1e-09_n200_roTrue_s0: PNS(V1,V2) exact: (0.0035429652, 0.2563315488)
2026-02-02 16:18:04,541|INFO|random_mc2_n6_mid3_d1000_05_mr098_r10_41_uai_GDCC_1e-09_n200_roTrue_s0: Loading data from ../models/synthetic/s123/random_mc2_n6_mid3_d1000_05_mr098_r10_41.csv
2026-02-02 16:18:04,551|INFO|random_mc2_n6_mid3_d1000_05_mr098_r10_41_uai_GDCC_1e-09_n200_roTrue_s0: PNS(V5,V3) exact: (0.119982256826749, 0.4934547656320461)
2026-02-02 16:18:04,542|INFO|random_mc2_n6_mid3_d1000_05_mr098_r10_27_uai_GDCC_1e-09_n200_roFalse_s0: Loading data from ../models/synthetic/s123/random_mc2_n6_mid3_d1000_05_mr098_r10_27.csv
2026-02-02 16:18:04,553|INFO|random_mc2_n6_mid3_d1000_05_mr098_r10_27_uai_GDCC_1e-09_n200_roFalse_s0: PNS(V1,V2) exact: (0.150982245685575, 0.150982245685575)
2026-02-02 16:18:04,583|INFO|random_mc2_n7_mid3_d1000_05_mr098_r10_92_uai_GDCC_1e-09_n200_roFalse_s0: Loading data from ../models/synthetic/s123/random_mc2_n7_mid3_d1000_05_mr098_r10_92.csv
2026-02-02 16:18:04,589|ERROR|random_mc2_n7_mid3_d1000_05_mr098_r10_92_uai_GDCC_1e-09_n200_roFalse_s0: File exists, not rewriting.
2026-02-02 16:18:04,606|INFO|random_mc2_n7_mid3_d1000_05_mr098_r10_54_uai_GDCC_1e-09_n200_roFalse_s0: Loading model from ../models/synthetic/s123/random_mc2_n7_mid3_d1000_05_mr098_r10_54.uai
2026-02-02 16:18:04,627|INFO|random_mc2_n8_mid3_d1000_05_mr098_r10_174_uai_GDCC_1e-09_n200_roFalse_s0: Loading data from ../models/synthetic/s123/random_mc2_n8_mid3_d1000_05_mr098_r10_174.csv
2026-02-02 16:18:04,635|ERROR|random_mc2_n8_mid3_d1000_05_mr098_r10_174_uai_GDCC_1e-09_n200_roFalse_s0: File exists, not rewriting.
2026-02-02 16:18:04,623|INFO|random_mc2_n7_mid3_d1000_05_mr098_r10_54_uai_GDCC_1e-09_n200_roFalse_s0: Loading data from ../models/synthetic/s123/random_mc2_n7_mid3_d1000_05_mr098_r10_54.csv
2026-02-02 16:18:04,630|ERROR|random_mc2_n7_mid3_d1000_05_mr098_r10_54_uai_GDCC_1e-09_n200_roFalse_s0: File exists, not rewriting.
2026-02-02 16:18:04,647|INFO|random_mc2_n5_mid3_d1000_05_mr098_r10_66_uai_GDCC_1e-09_n200_roFalse_s0: Loading model from ../models/synthetic/s123/random_mc2_n5_mid3_d1000_05_mr098_r10_66.uai
2026-02-02 16:18:04,666|INFO|random_mc2_n6_mid3_d1000_05_mr098_r10_135_uai_GDCC_1e-09_n200_roFalse_s0: Loading model from ../models/synthetic/s123/random_mc2_n6_mid3_d1000_05_mr098_r10_135.uai
2026-02-02 16:18:04,652|INFO|random_mc2_n5_mid3_d1000_05_mr098_r10_66_uai_GDCC_1e-09_n200_roFalse_s0: Loading data from ../models/synthetic/s123/random_mc2_n5_mid3_d1000_05_mr098_r10_66.csv
2026-02-02 16:18:04,662|INFO|random_mc2_n5_mid3_d1000_05_mr098_r10_66_uai_GDCC_1e-09_n200_roFalse_s0: PNS(V4,V1) exact: (0.7079657650000001, 0.8388291600000001)
2026-02-02 16:18:04,675|INFO|random_mc2_n6_mid3_d1000_05_mr098_r10_135_uai_GDCC_1e-09_n200_roFalse_s0: Loading data from ../models/synthetic/s123/random_mc2_n6_mid3_d1000_05_mr098_r10_135.csv
2026-02-02 16:18:04,681|ERROR|random_mc2_n6_mid3_d1000_05_mr098_r10_135_uai_GDCC_1e-09_n200_roFalse_s0: File exists, not rewriting.
2026-02-02 16:18:04,719|INFO|random_mc2_n5_mid3_d1000_05_mr098_r10_12_uai_GDCC_1e-09_n200_roTrue_s0: Loading model from ../models/synthetic/s123/random_mc2_n5_mid3_d1000_05_mr098_r10_12.uai
2026-02-02 16:18:04,724|INFO|random_mc2_n5_mid3_d1000_05_mr098_r10_12_uai_GDCC_1e-09_n200_roTrue_s0: Loading data from ../models/synthetic/s123/random_mc2_n5_mid3_d1000_05_mr098_r10_12.csv
2026-02-02 16:18:04,734|INFO|random_mc2_n5_mid3_d1000_05_mr098_r10_12_uai_GDCC_1e-09_n200_roTrue_s0: PNS(V4,V2) exact: (0.007306159, 0.014175791)
2026-02-02 16:18:04,884|INFO|random_mc2_n6_mid3_d1000_05_mr098_r10_42_uai_GDCC_1e-09_n200_roFalse_s0: Loading model from ../models/synthetic/s123/random_mc2_n6_mid3_d1000_05_mr098_r10_42.uai
2026-02-02 16:18:04,891|INFO|random_mc2_n5_mid3_d1000_05_mr098_r10_81_uai_GDCC_1e-09_n200_roTrue_s0: Loading model from ../models/synthetic/s123/random_mc2_n5_mid3_d1000_05_mr098_r10_81.uai
2026-02-02 16:18:04,892|INFO|random_mc2_n6_mid3_d1000_05_mr098_r10_42_uai_GDCC_1e-09_n200_roFalse_s0: Loading data from ../models/synthetic/s123/random_mc2_n6_mid3_d1000_05_mr098_r10_42.csv
2026-02-02 16:18:04,901|INFO|random_mc2_n6_mid3_d1000_05_mr098_r10_42_uai_GDCC_1e-09_n200_roFalse_s0: PNS(V3,V2) exact: (0.2100591484485759, 0.483114152283904)
2026-02-02 16:18:04,928|INFO|random_mc2_n8_mid3_d1000_05_mr098_r10_122_uai_GDCC_1e-09_n200_roTrue_s0: Loading model from ../models/synthetic/s123/random_mc2_n8_mid3_d1000_05_mr098_r10_122.uai
2026-02-02 16:18:04,900|INFO|random_mc2_n5_mid3_d1000_05_mr098_r10_81_uai_GDCC_1e-09_n200_roTrue_s0: Loading data from ../models/synthetic/s123/random_mc2_n5_mid3_d1000_05_mr098_r10_81.csv
2026-02-02 16:18:04,906|ERROR|random_mc2_n5_mid3_d1000_05_mr098_r10_81_uai_GDCC_1e-09_n200_roTrue_s0: File exists, not rewriting.
2026-02-02 16:18:04,937|INFO|random_mc2_n8_mid3_d1000_05_mr098_r10_122_uai_GDCC_1e-09_n200_roTrue_s0: Loading data from ../models/synthetic/s123/random_mc2_n8_mid3_d1000_05_mr098_r10_122.csv
2026-02-02 16:18:04,944|ERROR|random_mc2_n8_mid3_d1000_05_mr098_r10_122_uai_GDCC_1e-09_n200_roTrue_s0: File exists, not rewriting.
2026-02-02 16:18:05,550|INFO|random_mc2_n5_mid3_d1000_05_mr098_r10_175_uai_GDCC_1e-09_n200_roFalse_s0: Loading model from ../models/synthetic/s123/random_mc2_n5_mid3_d1000_05_mr098_r10_175.uai
2026-02-02 16:18:05,586|INFO|random_mc2_n5_mid3_d1000_05_mr098_r10_149_uai_GDCC_1e-09_n200_roTrue_s0: Loading model from ../models/synthetic/s123/random_mc2_n5_mid3_d1000_05_mr098_r10_149.uai
2026-02-02 16:18:05,563|INFO|random_mc2_n5_mid3_d1000_05_mr098_r10_175_uai_GDCC_1e-09_n200_roFalse_s0: Loading data from ../models/synthetic/s123/random_mc2_n5_mid3_d1000_05_mr098_r10_175.csv
2026-02-02 16:18:05,579|INFO|random_mc2_n5_mid3_d1000_05_mr098_r10_175_uai_GDCC_1e-09_n200_roFalse_s0: PNS(V1,V3) exact: (0.1001090864, 0.4819853936000001)
2026-02-02 16:18:05,616|INFO|random_mc2_n5_mid3_d1000_05_mr098_r10_196_uai_GDCC_1e-09_n200_roFalse_s0: Loading model from ../models/synthetic/s123/random_mc2_n5_mid3_d1000_05_mr098_r10_196.uai
2026-02-02 16:18:05,622|INFO|random_mc2_n5_mid3_d1000_05_mr098_r10_84_uai_GDCC_1e-09_n200_roTrue_s0: Loading model from ../models/synthetic/s123/random_mc2_n5_mid3_d1000_05_mr098_r10_84.uai
2026-02-02 16:18:05,625|INFO|random_mc2_n6_mid3_d1000_05_mr098_r10_72_uai_GDCC_1e-09_n200_roTrue_s0: Loading model from ../models/synthetic/s123/random_mc2_n6_mid3_d1000_05_mr098_r10_72.uai
2026-02-02 16:18:05,592|INFO|random_mc2_n5_mid3_d1000_05_mr098_r10_149_uai_GDCC_1e-09_n200_roTrue_s0: Loading data from ../models/synthetic/s123/random_mc2_n5_mid3_d1000_05_mr098_r10_149.csv
2026-02-02 16:18:05,603|INFO|random_mc2_n5_mid3_d1000_05_mr098_r10_149_uai_GDCC_1e-09_n200_roTrue_s0: PNS(V3,V0) exact: (0.0, 0.014418359495816)
2026-02-02 16:18:05,634|INFO|random_mc2_n5_mid3_d1000_05_mr098_r10_195_uai_GDCC_1e-09_n200_roTrue_s0: Loading model from ../models/synthetic/s123/random_mc2_n5_mid3_d1000_05_mr098_r10_195.uai
2026-02-02 16:18:05,633|INFO|random_mc2_n5_mid3_d1000_05_mr098_r10_196_uai_GDCC_1e-09_n200_roFalse_s0: Loading data from ../models/synthetic/s123/random_mc2_n5_mid3_d1000_05_mr098_r10_196.csv
2026-02-02 16:18:05,640|ERROR|random_mc2_n5_mid3_d1000_05_mr098_r10_196_uai_GDCC_1e-09_n200_roFalse_s0: File exists, not rewriting.
2026-02-02 16:18:05,631|INFO|random_mc2_n5_mid3_d1000_05_mr098_r10_84_uai_GDCC_1e-09_n200_roTrue_s0: Loading data from ../models/synthetic/s123/random_mc2_n5_mid3_d1000_05_mr098_r10_84.csv
2026-02-02 16:18:05,639|ERROR|random_mc2_n5_mid3_d1000_05_mr098_r10_84_uai_GDCC_1e-09_n200_roTrue_s0: File exists, not rewriting.
2026-02-02 16:18:05,635|INFO|random_mc2_n6_mid3_d1000_05_mr098_r10_72_uai_GDCC_1e-09_n200_roTrue_s0: Loading data from ../models/synthetic/s123/random_mc2_n6_mid3_d1000_05_mr098_r10_72.csv
2026-02-02 16:18:05,646|INFO|random_mc2_n6_mid3_d1000_05_mr098_r10_72_uai_GDCC_1e-09_n200_roTrue_s0: PNS(V1,V5) exact: (0.0139420482, 0.0995220407)
2026-02-02 16:18:05,640|INFO|random_mc2_n5_mid3_d1000_05_mr098_r10_195_uai_GDCC_1e-09_n200_roTrue_s0: Loading data from ../models/synthetic/s123/random_mc2_n5_mid3_d1000_05_mr098_r10_195.csv
2026-02-02 16:18:05,651|INFO|random_mc2_n5_mid3_d1000_05_mr098_r10_195_uai_GDCC_1e-09_n200_roTrue_s0: PNS(V0,V4) exact: (0.131789906, 0.3518961976)
2026-02-02 16:18:14,939|INFO|random_mc2_n5_mid3_d1000_05_mr098_r10_83_uai_GDCC_1e-09_n200_roFalse_s0: Loading model from ../models/synthetic/s123/random_mc2_n5_mid3_d1000_05_mr098_r10_83.uai
2026-02-02 16:18:14,947|INFO|random_mc2_n5_mid3_d1000_05_mr098_r10_83_uai_GDCC_1e-09_n200_roFalse_s0: Loading data from ../models/synthetic/s123/random_mc2_n5_mid3_d1000_05_mr098_r10_83.csv
2026-02-02 16:18:14,953|ERROR|random_mc2_n5_mid3_d1000_05_mr098_r10_83_uai_GDCC_1e-09_n200_roFalse_s0: File exists, not rewriting.
2026-02-02 16:18:16,031|INFO|random_mc2_n7_mid3_d1000_05_mr098_r10_145_uai_GDCC_1e-09_n200_roFalse_s0: Loading model from ../models/synthetic/s123/random_mc2_n7_mid3_d1000_05_mr098_r10_145.uai
2026-02-02 16:18:16,039|INFO|random_mc2_n7_mid3_d1000_05_mr098_r10_145_uai_GDCC_1e-09_n200_roFalse_s0: Loading data from ../models/synthetic/s123/random_mc2_n7_mid3_d1000_05_mr098_r10_145.csv
2026-02-02 16:18:16,051|INFO|random_mc2_n7_mid3_d1000_05_mr098_r10_145_uai_GDCC_1e-09_n200_roFalse_s0: PNS(V2,V5) exact: (0.024162408524618, 0.062781303718492)
2026-02-02 16:18:17,452|INFO|random_mc2_n5_mid3_d1000_05_mr098_r10_118_uai_GDCC_1e-09_n200_roFalse_s0: Loading model from ../models/synthetic/s123/random_mc2_n5_mid3_d1000_05_mr098_r10_118.uai
2026-02-02 16:18:17,463|INFO|random_mc2_n5_mid3_d1000_05_mr098_r10_118_uai_GDCC_1e-09_n200_roFalse_s0: Loading data from ../models/synthetic/s123/random_mc2_n5_mid3_d1000_05_mr098_r10_118.csv
2026-02-02 16:18:17,477|INFO|random_mc2_n5_mid3_d1000_05_mr098_r10_118_uai_GDCC_1e-09_n200_roFalse_s0: PNS(V1,V2) exact: (0.07441581471588, 0.209057882285592)
2026-02-02 16:18:17,628|INFO|random_mc2_n6_mid3_d1000_05_mr098_r10_95_uai_GDCC_1e-09_n200_roTrue_s0: Loading model from ../models/synthetic/s123/random_mc2_n6_mid3_d1000_05_mr098_r10_95.uai
2026-02-02 16:18:17,631|INFO|random_mc2_n8_mid3_d1000_05_mr098_r10_151_uai_GDCC_1e-09_n200_roTrue_s0: Loading model from ../models/synthetic/s123/random_mc2_n8_mid3_d1000_05_mr098_r10_151.uai
2026-02-02 16:18:17,639|INFO|random_mc2_n8_mid3_d1000_05_mr098_r10_191_uai_GDCC_1e-09_n200_roTrue_s0: Loading model from ../models/synthetic/s123/random_mc2_n8_mid3_d1000_05_mr098_r10_191.uai
2026-02-02 16:18:17,641|INFO|random_mc2_n6_mid3_d1000_05_mr098_r10_95_uai_GDCC_1e-09_n200_roTrue_s0: Loading data from ../models/synthetic/s123/random_mc2_n6_mid3_d1000_05_mr098_r10_95.csv
2026-02-02 16:18:17,654|INFO|random_mc2_n6_mid3_d1000_05_mr098_r10_95_uai_GDCC_1e-09_n200_roTrue_s0: PNS(V0,V3) exact: (0.0125035191999999, 0.0125035191999999)
2026-02-02 16:18:17,676|INFO|random_mc2_n9_mid3_d1000_05_mr098_r10_116_uai_GDCC_1e-09_n200_roTrue_s0: Loading model from ../models/synthetic/s123/random_mc2_n9_mid3_d1000_05_mr098_r10_116.uai
2026-02-02 16:18:17,666|INFO|random_mc2_n8_mid3_d1000_05_mr098_r10_191_uai_GDCC_1e-09_n200_roTrue_s0: Loading data from ../models/synthetic/s123/random_mc2_n8_mid3_d1000_05_mr098_r10_191.csv
2026-02-02 16:18:17,675|INFO|random_mc2_n8_mid3_d1000_05_mr098_r10_191_uai_GDCC_1e-09_n200_roTrue_s0: PNS(V0,V7) exact: (0.2271504888, 0.2985032774)
2026-02-02 16:18:17,694|INFO|random_mc2_n9_mid3_d1000_05_mr098_r10_116_uai_GDCC_1e-09_n200_roTrue_s0: Loading data from ../models/synthetic/s123/random_mc2_n9_mid3_d1000_05_mr098_r10_116.csv
2026-02-02 16:18:17,705|INFO|random_mc2_n9_mid3_d1000_05_mr098_r10_116_uai_GDCC_1e-09_n200_roTrue_s0: PNS(V2,V0) exact: (0.0201090016271876, 0.1746422034672741)
2026-02-02 16:18:17,859|INFO|random_mc2_n8_mid3_d1000_05_mr098_r10_151_uai_GDCC_1e-09_n200_roTrue_s0: Loading data from ../models/synthetic/s123/random_mc2_n8_mid3_d1000_05_mr098_r10_151.csv
2026-02-02 16:18:17,867|ERROR|random_mc2_n8_mid3_d1000_05_mr098_r10_151_uai_GDCC_1e-09_n200_roTrue_s0: File exists, not rewriting.
2026-02-02 16:18:18,336|INFO|random_mc2_n5_mid3_d1000_05_mr098_r10_89_uai_GDCC_1e-09_n200_roTrue_s0: Loading model from ../models/synthetic/s123/random_mc2_n5_mid3_d1000_05_mr098_r10_89.uai
2026-02-02 16:18:18,339|INFO|random_mc2_n5_mid3_d1000_05_mr098_r10_46_uai_GDCC_1e-09_n200_roTrue_s0: Loading model from ../models/synthetic/s123/random_mc2_n5_mid3_d1000_05_mr098_r10_46.uai
2026-02-02 16:18:18,343|INFO|random_mc2_n5_mid3_d1000_05_mr098_r10_89_uai_GDCC_1e-09_n200_roTrue_s0: Loading data from ../models/synthetic/s123/random_mc2_n5_mid3_d1000_05_mr098_r10_89.csv
2026-02-02 16:18:18,353|INFO|random_mc2_n5_mid3_d1000_05_mr098_r10_89_uai_GDCC_1e-09_n200_roTrue_s0: PNS(V1,V3) exact: (0.0, 0.1946041664)
2026-02-02 16:18:18,349|INFO|random_mc2_n5_mid3_d1000_05_mr098_r10_46_uai_GDCC_1e-09_n200_roTrue_s0: Loading data from ../models/synthetic/s123/random_mc2_n5_mid3_d1000_05_mr098_r10_46.csv
2026-02-02 16:18:18,360|INFO|random_mc2_n5_mid3_d1000_05_mr098_r10_46_uai_GDCC_1e-09_n200_roTrue_s0: PNS(V0,V4) exact: (0.6100050528559042, 0.6100050528559042)
2026-02-02 16:18:19,050|INFO|random_mc2_n5_mid3_d1000_05_mr098_r10_95_uai_GDCC_1e-09_n200_roFalse_s0: Loading model from ../models/synthetic/s123/random_mc2_n5_mid3_d1000_05_mr098_r10_95.uai
2026-02-02 16:18:19,058|INFO|random_mc2_n5_mid3_d1000_05_mr098_r10_95_uai_GDCC_1e-09_n200_roFalse_s0: Loading data from ../models/synthetic/s123/random_mc2_n5_mid3_d1000_05_mr098_r10_95.csv
2026-02-02 16:18:19,069|INFO|random_mc2_n5_mid3_d1000_05_mr098_r10_95_uai_GDCC_1e-09_n200_roFalse_s0: PNS(V2,V3) exact: (0.0, 0.0190074356112)
2026-02-02 16:18:19,375|INFO|random_mc2_n7_mid3_d1000_05_mr098_r10_139_uai_GDCC_1e-09_n200_roTrue_s0: Loading model from ../models/synthetic/s123/random_mc2_n7_mid3_d1000_05_mr098_r10_139.uai
2026-02-02 16:18:19,384|INFO|random_mc2_n7_mid3_d1000_05_mr098_r10_139_uai_GDCC_1e-09_n200_roTrue_s0: Loading data from ../models/synthetic/s123/random_mc2_n7_mid3_d1000_05_mr098_r10_139.csv
2026-02-02 16:18:19,395|INFO|random_mc2_n7_mid3_d1000_05_mr098_r10_139_uai_GDCC_1e-09_n200_roTrue_s0: PNS(V6,V2) exact: (3.4571033774154675e-05, 0.0010797131415254)
2026-02-02 16:18:19,464|INFO|random_mc2_n6_mid3_d1000_05_mr098_r10_160_uai_GDCC_1e-09_n200_roFalse_s0: Loading model from ../models/synthetic/s123/random_mc2_n6_mid3_d1000_05_mr098_r10_160.uai
2026-02-02 16:18:19,473|INFO|random_mc2_n9_mid3_d1000_05_mr098_r10_141_uai_GDCC_1e-09_n200_roFalse_s0: Loading model from ../models/synthetic/s123/random_mc2_n9_mid3_d1000_05_mr098_r10_141.uai
2026-02-02 16:18:19,492|INFO|random_mc2_n6_mid3_d1000_05_mr098_r10_160_uai_GDCC_1e-09_n200_roFalse_s0: Loading data from ../models/synthetic/s123/random_mc2_n6_mid3_d1000_05_mr098_r10_160.csv
2026-02-02 16:18:19,498|ERROR|random_mc2_n6_mid3_d1000_05_mr098_r10_160_uai_GDCC_1e-09_n200_roFalse_s0: File exists, not rewriting.
2026-02-02 16:18:19,486|INFO|random_mc2_n9_mid3_d1000_05_mr098_r10_141_uai_GDCC_1e-09_n200_roFalse_s0: Loading data from ../models/synthetic/s123/random_mc2_n9_mid3_d1000_05_mr098_r10_141.csv
2026-02-02 16:18:19,492|ERROR|random_mc2_n9_mid3_d1000_05_mr098_r10_141_uai_GDCC_1e-09_n200_roFalse_s0: File exists, not rewriting.
2026-02-02 16:18:19,678|INFO|random_mc2_n5_mid3_d1000_05_mr098_r10_48_uai_GDCC_1e-09_n200_roFalse_s0: Loading model from ../models/synthetic/s123/random_mc2_n5_mid3_d1000_05_mr098_r10_48.uai
2026-02-02 16:18:19,682|INFO|random_mc2_n7_mid3_d1000_05_mr098_r10_177_uai_GDCC_1e-09_n200_roFalse_s0: Loading model from ../models/synthetic/s123/random_mc2_n7_mid3_d1000_05_mr098_r10_177.uai
2026-02-02 16:18:19,688|INFO|random_mc2_n6_mid3_d1000_05_mr098_r10_165_uai_GDCC_1e-09_n200_roTrue_s0: Loading model from ../models/synthetic/s123/random_mc2_n6_mid3_d1000_05_mr098_r10_165.uai
2026-02-02 16:18:19,684|INFO|random_mc2_n5_mid3_d1000_05_mr098_r10_48_uai_GDCC_1e-09_n200_roFalse_s0: Loading data from ../models/synthetic/s123/random_mc2_n5_mid3_d1000_05_mr098_r10_48.csv
2026-02-02 16:18:19,694|INFO|random_mc2_n5_mid3_d1000_05_mr098_r10_48_uai_GDCC_1e-09_n200_roFalse_s0: PNS(V0,V4) exact: (0.3710704247999999, 0.4223098252000001)
2026-02-02 16:18:19,689|INFO|random_mc2_n7_mid3_d1000_05_mr098_r10_177_uai_GDCC_1e-09_n200_roFalse_s0: Loading data from ../models/synthetic/s123/random_mc2_n7_mid3_d1000_05_mr098_r10_177.csv
2026-02-02 16:18:19,701|INFO|random_mc2_n7_mid3_d1000_05_mr098_r10_177_uai_GDCC_1e-09_n200_roFalse_s0: PNS(V1,V5) exact: (0.0, 0.0)
2026-02-02 16:18:19,701|ERROR|random_mc2_n7_mid3_d1000_05_mr098_r10_177_uai_GDCC_1e-09_n200_roFalse_s0: Model does not have any cause-effect path.
2026-02-02 16:18:19,698|INFO|random_mc2_n6_mid3_d1000_05_mr098_r10_165_uai_GDCC_1e-09_n200_roTrue_s0: Loading data from ../models/synthetic/s123/random_mc2_n6_mid3_d1000_05_mr098_r10_165.csv
2026-02-02 16:18:19,708|INFO|random_mc2_n6_mid3_d1000_05_mr098_r10_165_uai_GDCC_1e-09_n200_roTrue_s0: PNS(V3,V2) exact: (0.0, 0.0558513235759999)
2026-02-02 16:18:19,759|INFO|random_mc2_n5_mid3_d1000_05_mr098_r10_168_uai_GDCC_1e-09_n200_roFalse_s0: Loading model from ../models/synthetic/s123/random_mc2_n5_mid3_d1000_05_mr098_r10_168.uai
2026-02-02 16:18:19,791|INFO|random_mc2_n5_mid3_d1000_05_mr098_r10_182_uai_GDCC_1e-09_n200_roFalse_s0: Loading model from ../models/synthetic/s123/random_mc2_n5_mid3_d1000_05_mr098_r10_182.uai
2026-02-02 16:18:19,798|INFO|random_mc2_n9_mid3_d1000_05_mr098_r10_138_uai_GDCC_1e-09_n200_roFalse_s0: Loading model from ../models/synthetic/s123/random_mc2_n9_mid3_d1000_05_mr098_r10_138.uai
2026-02-02 16:18:19,765|INFO|random_mc2_n5_mid3_d1000_05_mr098_r10_168_uai_GDCC_1e-09_n200_roFalse_s0: Loading data from ../models/synthetic/s123/random_mc2_n5_mid3_d1000_05_mr098_r10_168.csv
2026-02-02 16:18:19,771|ERROR|random_mc2_n5_mid3_d1000_05_mr098_r10_168_uai_GDCC_1e-09_n200_roFalse_s0: File exists, not rewriting.
2026-02-02 16:18:19,798|INFO|random_mc2_n5_mid3_d1000_05_mr098_r10_182_uai_GDCC_1e-09_n200_roFalse_s0: Loading data from ../models/synthetic/s123/random_mc2_n5_mid3_d1000_05_mr098_r10_182.csv
2026-02-02 16:18:19,805|ERROR|random_mc2_n5_mid3_d1000_05_mr098_r10_182_uai_GDCC_1e-09_n200_roFalse_s0: File exists, not rewriting.
2026-02-02 16:18:19,811|INFO|random_mc2_n9_mid3_d1000_05_mr098_r10_138_uai_GDCC_1e-09_n200_roFalse_s0: Loading data from ../models/synthetic/s123/random_mc2_n9_mid3_d1000_05_mr098_r10_138.csv
2026-02-02 16:18:19,823|INFO|random_mc2_n9_mid3_d1000_05_mr098_r10_138_uai_GDCC_1e-09_n200_roFalse_s0: PNS(V2,V8) exact: (0.3533990588217299, 0.3586598451414463)
2026-02-02 16:18:19,844|INFO|random_mc2_n12_mid3_d1000_05_mr098_r10_154_uai_GDCC_1e-09_n200_roFalse_s0: Loading model from ../models/synthetic/s123/random_mc2_n12_mid3_d1000_05_mr098_r10_154.uai
2026-02-02 16:18:19,853|INFO|random_mc2_n7_mid3_d1000_05_mr098_r10_185_uai_GDCC_1e-09_n200_roFalse_s0: Loading model from ../models/synthetic/s123/random_mc2_n7_mid3_d1000_05_mr098_r10_185.uai
2026-02-02 16:18:19,885|INFO|random_mc2_n5_mid3_d1000_05_mr098_r10_120_uai_GDCC_1e-09_n200_roTrue_s0: Loading model from ../models/synthetic/s123/random_mc2_n5_mid3_d1000_05_mr098_r10_120.uai
2026-02-02 16:18:19,870|INFO|random_mc2_n7_mid3_d1000_05_mr098_r10_185_uai_GDCC_1e-09_n200_roFalse_s0: Loading data from ../models/synthetic/s123/random_mc2_n7_mid3_d1000_05_mr098_r10_185.csv
2026-02-02 16:18:19,882|INFO|random_mc2_n7_mid3_d1000_05_mr098_r10_185_uai_GDCC_1e-09_n200_roFalse_s0: PNS(V4,V5) exact: (0.026299086270706, 0.362919468953052)
2026-02-02 16:18:19,896|INFO|random_mc2_n12_mid3_d1000_05_mr098_r10_154_uai_GDCC_1e-09_n200_roFalse_s0: Loading data from ../models/synthetic/s123/random_mc2_n12_mid3_d1000_05_mr098_r10_154.csv
2026-02-02 16:18:19,908|INFO|random_mc2_n12_mid3_d1000_05_mr098_r10_154_uai_GDCC_1e-09_n200_roFalse_s0: PNS(V5,V6) exact: (0.0078950452954415, 0.2507379400197757)
2026-02-02 16:18:19,924|INFO|random_mc2_n5_mid3_d1000_05_mr098_r10_17_uai_GDCC_1e-09_n200_roTrue_s0: Loading model from ../models/synthetic/s123/random_mc2_n5_mid3_d1000_05_mr098_r10_17.uai
2026-02-02 16:18:19,890|INFO|random_mc2_n5_mid3_d1000_05_mr098_r10_120_uai_GDCC_1e-09_n200_roTrue_s0: Loading data from ../models/synthetic/s123/random_mc2_n5_mid3_d1000_05_mr098_r10_120.csv
2026-02-02 16:18:19,901|INFO|random_mc2_n5_mid3_d1000_05_mr098_r10_120_uai_GDCC_1e-09_n200_roTrue_s0: PNS(V3,V1) exact: (0.39503, 0.60644)
2026-02-02 16:18:19,932|INFO|random_mc2_n5_mid3_d1000_05_mr098_r10_17_uai_GDCC_1e-09_n200_roTrue_s0: Loading data from ../models/synthetic/s123/random_mc2_n5_mid3_d1000_05_mr098_r10_17.csv
2026-02-02 16:18:19,943|INFO|random_mc2_n5_mid3_d1000_05_mr098_r10_17_uai_GDCC_1e-09_n200_roTrue_s0: PNS(V2,V0) exact: (0.0009668192, 0.0226223524444999)
2026-02-02 16:18:20,167|INFO|random_mc2_n7_mid3_d1000_05_mr098_r10_194_uai_GDCC_1e-09_n200_roTrue_s0: Loading model from ../models/synthetic/s123/random_mc2_n7_mid3_d1000_05_mr098_r10_194.uai
2026-02-02 16:18:20,170|INFO|random_mc2_n6_mid3_d1000_05_mr098_r10_169_uai_GDCC_1e-09_n200_roFalse_s0: Loading model from ../models/synthetic/s123/random_mc2_n6_mid3_d1000_05_mr098_r10_169.uai
2026-02-02 16:18:20,192|INFO|random_mc2_n7_mid3_d1000_05_mr098_r10_194_uai_GDCC_1e-09_n200_roTrue_s0: Loading data from ../models/synthetic/s123/random_mc2_n7_mid3_d1000_05_mr098_r10_194.csv
2026-02-02 16:18:20,201|ERROR|random_mc2_n7_mid3_d1000_05_mr098_r10_194_uai_GDCC_1e-09_n200_roTrue_s0: File exists, not rewriting.
2026-02-02 16:18:20,179|INFO|random_mc2_n6_mid3_d1000_05_mr098_r10_169_uai_GDCC_1e-09_n200_roFalse_s0: Loading data from ../models/synthetic/s123/random_mc2_n6_mid3_d1000_05_mr098_r10_169.csv
2026-02-02 16:18:20,194|INFO|random_mc2_n6_mid3_d1000_05_mr098_r10_169_uai_GDCC_1e-09_n200_roFalse_s0: PNS(V2,V3) exact: (0.0, 0.039991749496806)
2026-02-02 16:18:20,246|INFO|random_mc2_n9_mid3_d1000_05_mr098_r10_177_uai_GDCC_1e-09_n200_roTrue_s0: Loading model from ../models/synthetic/s123/random_mc2_n9_mid3_d1000_05_mr098_r10_177.uai
2026-02-02 16:18:20,265|INFO|random_mc2_n9_mid3_d1000_05_mr098_r10_177_uai_GDCC_1e-09_n200_roTrue_s0: Loading data from ../models/synthetic/s123/random_mc2_n9_mid3_d1000_05_mr098_r10_177.csv
2026-02-02 16:18:20,271|ERROR|random_mc2_n9_mid3_d1000_05_mr098_r10_177_uai_GDCC_1e-09_n200_roTrue_s0: File exists, not rewriting.
2026-02-02 16:18:20,317|INFO|random_mc2_n7_mid3_d1000_05_mr098_r10_195_uai_GDCC_1e-09_n200_roFalse_s0: Loading model from ../models/synthetic/s123/random_mc2_n7_mid3_d1000_05_mr098_r10_195.uai
2026-02-02 16:18:20,331|INFO|random_mc2_n6_mid3_d1000_05_mr098_r10_10_uai_GDCC_1e-09_n200_roTrue_s0: Loading model from ../models/synthetic/s123/random_mc2_n6_mid3_d1000_05_mr098_r10_10.uai
2026-02-02 16:18:20,349|INFO|random_mc2_n6_mid3_d1000_05_mr098_r10_109_uai_GDCC_1e-09_n200_roTrue_s0: Loading model from ../models/synthetic/s123/random_mc2_n6_mid3_d1000_05_mr098_r10_109.uai
2026-02-02 16:18:20,335|INFO|random_mc2_n7_mid3_d1000_05_mr098_r10_195_uai_GDCC_1e-09_n200_roFalse_s0: Loading data from ../models/synthetic/s123/random_mc2_n7_mid3_d1000_05_mr098_r10_195.csv
2026-02-02 16:18:20,342|ERROR|random_mc2_n7_mid3_d1000_05_mr098_r10_195_uai_GDCC_1e-09_n200_roFalse_s0: File exists, not rewriting.
2026-02-02 16:18:20,370|INFO|random_mc2_n9_mid3_d1000_05_mr098_r10_162_uai_GDCC_1e-09_n200_roFalse_s0: Loading model from ../models/synthetic/s123/random_mc2_n9_mid3_d1000_05_mr098_r10_162.uai
2026-02-02 16:18:20,354|INFO|random_mc2_n6_mid3_d1000_05_mr098_r10_10_uai_GDCC_1e-09_n200_roTrue_s0: Loading data from ../models/synthetic/s123/random_mc2_n6_mid3_d1000_05_mr098_r10_10.csv
2026-02-02 16:18:20,361|ERROR|random_mc2_n6_mid3_d1000_05_mr098_r10_10_uai_GDCC_1e-09_n200_roTrue_s0: File exists, not rewriting.
2026-02-02 16:18:20,569|INFO|random_mc2_n6_mid3_d1000_05_mr098_r10_109_uai_GDCC_1e-09_n200_roTrue_s0: Loading data from ../models/synthetic/s123/random_mc2_n6_mid3_d1000_05_mr098_r10_109.csv
2026-02-02 16:18:20,577|ERROR|random_mc2_n6_mid3_d1000_05_mr098_r10_109_uai_GDCC_1e-09_n200_roTrue_s0: File exists, not rewriting.
2026-02-02 16:18:20,814|INFO|random_mc2_n9_mid3_d1000_05_mr098_r10_162_uai_GDCC_1e-09_n200_roFalse_s0: Loading data from ../models/synthetic/s123/random_mc2_n9_mid3_d1000_05_mr098_r10_162.csv
2026-02-02 16:18:20,823|ERROR|random_mc2_n9_mid3_d1000_05_mr098_r10_162_uai_GDCC_1e-09_n200_roFalse_s0: File exists, not rewriting.
2026-02-02 16:18:25,604|INFO|random_mc2_n5_mid3_d1000_05_mr098_r10_120_uai_GDCC_1e-09_n200_roFalse_s0: Loading model from ../models/synthetic/s123/random_mc2_n5_mid3_d1000_05_mr098_r10_120.uai
2026-02-02 16:18:25,609|INFO|random_mc2_n5_mid3_d1000_05_mr098_r10_120_uai_GDCC_1e-09_n200_roFalse_s0: Loading data from ../models/synthetic/s123/random_mc2_n5_mid3_d1000_05_mr098_r10_120.csv
2026-02-02 16:18:25,618|INFO|random_mc2_n5_mid3_d1000_05_mr098_r10_120_uai_GDCC_1e-09_n200_roFalse_s0: PNS(V3,V1) exact: (0.39503, 0.60644)
2026-02-02 16:18:26,863|INFO|random_mc2_n9_mid3_d1000_05_mr098_r10_200_uai_GDCC_1e-09_n200_roFalse_s0: Loading model from ../models/synthetic/s123/random_mc2_n9_mid3_d1000_05_mr098_r10_200.uai
2026-02-02 16:18:26,876|INFO|random_mc2_n9_mid3_d1000_05_mr098_r10_200_uai_GDCC_1e-09_n200_roFalse_s0: Loading data from ../models/synthetic/s123/random_mc2_n9_mid3_d1000_05_mr098_r10_200.csv
2026-02-02 16:18:26,888|INFO|random_mc2_n9_mid3_d1000_05_mr098_r10_200_uai_GDCC_1e-09_n200_roFalse_s0: PNS(V3,V7) exact: (0.391618276478432, 0.4586153655851721)
2026-02-02 16:18:31,135|INFO|random_mc2_n6_mid3_d1000_05_mr098_r10_11_uai_GDCC_1e-09_n200_roTrue_s0: Loading model from ../models/synthetic/s123/random_mc2_n6_mid3_d1000_05_mr098_r10_11.uai
2026-02-02 16:18:31,173|INFO|random_mc2_n6_mid3_d1000_05_mr098_r10_190_uai_GDCC_1e-09_n200_roTrue_s0: Loading model from ../models/synthetic/s123/random_mc2_n6_mid3_d1000_05_mr098_r10_190.uai
2026-02-02 16:18:31,147|INFO|random_mc2_n6_mid3_d1000_05_mr098_r10_11_uai_GDCC_1e-09_n200_roTrue_s0: Loading data from ../models/synthetic/s123/random_mc2_n6_mid3_d1000_05_mr098_r10_11.csv
2026-02-02 16:18:31,160|INFO|random_mc2_n6_mid3_d1000_05_mr098_r10_11_uai_GDCC_1e-09_n200_roTrue_s0: PNS(V5,V0) exact: (0.226887276, 0.345199661)
2026-02-02 16:18:31,178|INFO|random_mc2_n8_mid3_d1000_05_mr098_r10_146_uai_GDCC_1e-09_n200_roFalse_s0: Loading model from ../models/synthetic/s123/random_mc2_n8_mid3_d1000_05_mr098_r10_146.uai
2026-02-02 16:18:31,183|INFO|random_mc2_n6_mid3_d1000_05_mr098_r10_190_uai_GDCC_1e-09_n200_roTrue_s0: Loading data from ../models/synthetic/s123/random_mc2_n6_mid3_d1000_05_mr098_r10_190.csv
2026-02-02 16:18:31,194|INFO|random_mc2_n6_mid3_d1000_05_mr098_r10_190_uai_GDCC_1e-09_n200_roTrue_s0: PNS(V1,V3) exact: (0.6666155524875482, 0.789958677372704)
2026-02-02 16:18:31,195|INFO|random_mc2_n8_mid3_d1000_05_mr098_r10_146_uai_GDCC_1e-09_n200_roFalse_s0: Loading data from ../models/synthetic/s123/random_mc2_n8_mid3_d1000_05_mr098_r10_146.csv
2026-02-02 16:18:31,202|ERROR|random_mc2_n8_mid3_d1000_05_mr098_r10_146_uai_GDCC_1e-09_n200_roFalse_s0: File exists, not rewriting.
2026-02-02 16:18:31,254|INFO|random_mc2_n9_mid3_d1000_05_mr098_r10_29_uai_GDCC_1e-09_n200_roTrue_s0: Loading model from ../models/synthetic/s123/random_mc2_n9_mid3_d1000_05_mr098_r10_29.uai
2026-02-02 16:18:31,271|INFO|random_mc2_n9_mid3_d1000_05_mr098_r10_29_uai_GDCC_1e-09_n200_roTrue_s0: Loading data from ../models/synthetic/s123/random_mc2_n9_mid3_d1000_05_mr098_r10_29.csv
2026-02-02 16:18:31,278|ERROR|random_mc2_n9_mid3_d1000_05_mr098_r10_29_uai_GDCC_1e-09_n200_roTrue_s0: File exists, not rewriting.
2026-02-02 16:18:31,342|INFO|random_mc2_n7_mid3_d1000_05_mr098_r10_150_uai_GDCC_1e-09_n200_roTrue_s0: Loading model from ../models/synthetic/s123/random_mc2_n7_mid3_d1000_05_mr098_r10_150.uai
2026-02-02 16:18:31,366|INFO|random_mc2_n6_mid3_d1000_05_mr098_r10_88_uai_GDCC_1e-09_n200_roFalse_s0: Loading model from ../models/synthetic/s123/random_mc2_n6_mid3_d1000_05_mr098_r10_88.uai
2026-02-02 16:18:31,380|INFO|random_mc2_n6_mid3_d1000_05_mr098_r10_88_uai_GDCC_1e-09_n200_roFalse_s0: Loading data from ../models/synthetic/s123/random_mc2_n6_mid3_d1000_05_mr098_r10_88.csv
2026-02-02 16:18:31,387|ERROR|random_mc2_n6_mid3_d1000_05_mr098_r10_88_uai_GDCC_1e-09_n200_roFalse_s0: File exists, not rewriting.
2026-02-02 16:18:31,438|INFO|random_mc2_n7_mid3_d1000_05_mr098_r10_150_uai_GDCC_1e-09_n200_roTrue_s0: Loading data from ../models/synthetic/s123/random_mc2_n7_mid3_d1000_05_mr098_r10_150.csv
2026-02-02 16:18:31,445|ERROR|random_mc2_n7_mid3_d1000_05_mr098_r10_150_uai_GDCC_1e-09_n200_roTrue_s0: File exists, not rewriting.
2026-02-02 16:18:31,534|INFO|random_mc2_n5_mid3_d1000_05_mr098_r10_87_uai_GDCC_1e-09_n200_roTrue_s0: Loading model from ../models/synthetic/s123/random_mc2_n5_mid3_d1000_05_mr098_r10_87.uai
2026-02-02 16:18:31,558|INFO|random_mc2_n5_mid3_d1000_05_mr098_r10_87_uai_GDCC_1e-09_n200_roTrue_s0: Loading data from ../models/synthetic/s123/random_mc2_n5_mid3_d1000_05_mr098_r10_87.csv
2026-02-02 16:18:31,565|ERROR|random_mc2_n5_mid3_d1000_05_mr098_r10_87_uai_GDCC_1e-09_n200_roTrue_s0: File exists, not rewriting.
2026-02-02 16:18:32,083|INFO|random_mc2_n6_mid3_d1000_05_mr098_r10_150_uai_GDCC_1e-09_n200_roTrue_s0: Loading model from ../models/synthetic/s123/random_mc2_n6_mid3_d1000_05_mr098_r10_150.uai
2026-02-02 16:18:32,102|INFO|random_mc2_n6_mid3_d1000_05_mr098_r10_150_uai_GDCC_1e-09_n200_roTrue_s0: Loading data from ../models/synthetic/s123/random_mc2_n6_mid3_d1000_05_mr098_r10_150.csv
2026-02-02 16:18:32,109|ERROR|random_mc2_n6_mid3_d1000_05_mr098_r10_150_uai_GDCC_1e-09_n200_roTrue_s0: File exists, not rewriting.
2026-02-02 16:18:32,744|INFO|random_mc2_n7_mid3_d1000_05_mr098_r10_184_uai_GDCC_1e-09_n200_roTrue_s0: Loading model from ../models/synthetic/s123/random_mc2_n7_mid3_d1000_05_mr098_r10_184.uai
2026-02-02 16:18:32,757|INFO|random_mc2_n7_mid3_d1000_05_mr098_r10_184_uai_GDCC_1e-09_n200_roTrue_s0: Loading data from ../models/synthetic/s123/random_mc2_n7_mid3_d1000_05_mr098_r10_184.csv
2026-02-02 16:18:32,770|INFO|random_mc2_n7_mid3_d1000_05_mr098_r10_184_uai_GDCC_1e-09_n200_roTrue_s0: PNS(V0,V3) exact: (0.0039488823224993, 0.0144327631225721)
2026-02-02 16:18:32,975|INFO|random_mc2_n7_mid3_d1000_05_mr098_r10_2_uai_GDCC_1e-09_n200_roFalse_s0: Loading model from ../models/synthetic/s123/random_mc2_n7_mid3_d1000_05_mr098_r10_2.uai
2026-02-02 16:18:33,008|INFO|random_mc2_n5_mid3_d1000_05_mr098_r10_26_uai_GDCC_1e-09_n200_roTrue_s0: Loading model from ../models/synthetic/s123/random_mc2_n5_mid3_d1000_05_mr098_r10_26.uai
2026-02-02 16:18:32,990|INFO|random_mc2_n7_mid3_d1000_05_mr098_r10_2_uai_GDCC_1e-09_n200_roFalse_s0: Loading data from ../models/synthetic/s123/random_mc2_n7_mid3_d1000_05_mr098_r10_2.csv
2026-02-02 16:18:33,002|INFO|random_mc2_n7_mid3_d1000_05_mr098_r10_2_uai_GDCC_1e-09_n200_roFalse_s0: PNS(V6,V5) exact: (0.17496630889, 0.198271938213)
2026-02-02 16:18:33,014|INFO|random_mc2_n5_mid3_d1000_05_mr098_r10_26_uai_GDCC_1e-09_n200_roTrue_s0: Loading data from ../models/synthetic/s123/random_mc2_n5_mid3_d1000_05_mr098_r10_26.csv
2026-02-02 16:18:33,021|ERROR|random_mc2_n5_mid3_d1000_05_mr098_r10_26_uai_GDCC_1e-09_n200_roTrue_s0: File exists, not rewriting.
2026-02-02 16:18:33,894|INFO|random_mc2_n6_mid3_d1000_05_mr098_r10_1_uai_GDCC_1e-09_n200_roTrue_s0: Loading model from ../models/synthetic/s123/random_mc2_n6_mid3_d1000_05_mr098_r10_1.uai
2026-02-02 16:18:33,913|INFO|random_mc2_n6_mid3_d1000_05_mr098_r10_1_uai_GDCC_1e-09_n200_roTrue_s0: Loading data from ../models/synthetic/s123/random_mc2_n6_mid3_d1000_05_mr098_r10_1.csv
2026-02-02 16:18:33,928|INFO|random_mc2_n6_mid3_d1000_05_mr098_r10_1_uai_GDCC_1e-09_n200_roTrue_s0: PNS(V1,V5) exact: (0.4916268825, 0.6244381053000002)
2026-02-02 16:18:34,031|INFO|random_mc2_n6_mid3_d1000_05_mr098_r10_185_uai_GDCC_1e-09_n200_roTrue_s0: Loading model from ../models/synthetic/s123/random_mc2_n6_mid3_d1000_05_mr098_r10_185.uai
2026-02-02 16:18:34,038|INFO|random_mc2_n5_mid3_d1000_05_mr098_r10_59_uai_GDCC_1e-09_n200_roTrue_s0: Loading model from ../models/synthetic/s123/random_mc2_n5_mid3_d1000_05_mr098_r10_59.uai
2026-02-02 16:18:34,043|INFO|random_mc2_n6_mid3_d1000_05_mr098_r10_185_uai_GDCC_1e-09_n200_roTrue_s0: Loading data from ../models/synthetic/s123/random_mc2_n6_mid3_d1000_05_mr098_r10_185.csv
2026-02-02 16:18:34,051|ERROR|random_mc2_n6_mid3_d1000_05_mr098_r10_185_uai_GDCC_1e-09_n200_roTrue_s0: File exists, not rewriting.
2026-02-02 16:18:34,043|INFO|random_mc2_n5_mid3_d1000_05_mr098_r10_59_uai_GDCC_1e-09_n200_roTrue_s0: Loading data from ../models/synthetic/s123/random_mc2_n5_mid3_d1000_05_mr098_r10_59.csv
2026-02-02 16:18:34,054|INFO|random_mc2_n5_mid3_d1000_05_mr098_r10_59_uai_GDCC_1e-09_n200_roTrue_s0: PNS(V2,V4) exact: (0.0, 0.0673840516)
2026-02-02 16:18:34,201|INFO|random_mc2_n6_mid3_d1000_05_mr098_r10_187_uai_GDCC_1e-09_n200_roFalse_s0: Loading model from ../models/synthetic/s123/random_mc2_n6_mid3_d1000_05_mr098_r10_187.uai
2026-02-02 16:18:34,222|INFO|random_mc2_n6_mid3_d1000_05_mr098_r10_187_uai_GDCC_1e-09_n200_roFalse_s0: Loading data from ../models/synthetic/s123/random_mc2_n6_mid3_d1000_05_mr098_r10_187.csv
2026-02-02 16:18:34,229|ERROR|random_mc2_n6_mid3_d1000_05_mr098_r10_187_uai_GDCC_1e-09_n200_roFalse_s0: File exists, not rewriting.
2026-02-02 16:18:34,254|INFO|random_mc2_n7_mid3_d1000_05_mr098_r10_80_uai_GDCC_1e-09_n200_roFalse_s0: Loading model from ../models/synthetic/s123/random_mc2_n7_mid3_d1000_05_mr098_r10_80.uai
2026-02-02 16:18:34,271|INFO|random_mc2_n7_mid3_d1000_05_mr098_r10_80_uai_GDCC_1e-09_n200_roFalse_s0: Loading data from ../models/synthetic/s123/random_mc2_n7_mid3_d1000_05_mr098_r10_80.csv
2026-02-02 16:18:34,280|INFO|random_mc2_n7_mid3_d1000_05_mr098_r10_80_uai_GDCC_1e-09_n200_roFalse_s0: PNS(V0,V6) exact: (0.03946968674409, 0.2126297216363641)
2026-02-02 16:18:34,338|INFO|random_mc2_n7_mid3_d1000_05_mr098_r10_53_uai_GDCC_1e-09_n200_roTrue_s0: Loading model from ../models/synthetic/s123/random_mc2_n7_mid3_d1000_05_mr098_r10_53.uai
2026-02-02 16:18:34,345|INFO|random_mc2_n6_mid3_d1000_05_mr098_r10_137_uai_GDCC_1e-09_n200_roFalse_s0: Loading model from ../models/synthetic/s123/random_mc2_n6_mid3_d1000_05_mr098_r10_137.uai
2026-02-02 16:18:34,355|INFO|random_mc2_n5_mid3_d1000_05_mr098_r10_28_uai_GDCC_1e-09_n200_roTrue_s0: Loading model from ../models/synthetic/s123/random_mc2_n5_mid3_d1000_05_mr098_r10_28.uai
2026-02-02 16:18:34,362|INFO|random_mc2_n7_mid3_d1000_05_mr098_r10_81_uai_GDCC_1e-09_n200_roTrue_s0: Loading model from ../models/synthetic/s123/random_mc2_n7_mid3_d1000_05_mr098_r10_81.uai
2026-02-02 16:18:34,352|INFO|random_mc2_n7_mid3_d1000_05_mr098_r10_53_uai_GDCC_1e-09_n200_roTrue_s0: Loading data from ../models/synthetic/s123/random_mc2_n7_mid3_d1000_05_mr098_r10_53.csv
2026-02-02 16:18:34,358|ERROR|random_mc2_n7_mid3_d1000_05_mr098_r10_53_uai_GDCC_1e-09_n200_roTrue_s0: File exists, not rewriting.
2026-02-02 16:18:34,350|INFO|random_mc2_n6_mid3_d1000_05_mr098_r10_137_uai_GDCC_1e-09_n200_roFalse_s0: Loading data from ../models/synthetic/s123/random_mc2_n6_mid3_d1000_05_mr098_r10_137.csv
2026-02-02 16:18:34,360|INFO|random_mc2_n6_mid3_d1000_05_mr098_r10_137_uai_GDCC_1e-09_n200_roFalse_s0: PNS(V0,V3) exact: (0.0, 0.3125)
2026-02-02 16:18:34,387|INFO|random_mc2_n5_mid3_d1000_05_mr098_r10_174_uai_GDCC_1e-09_n200_roTrue_s0: Loading model from ../models/synthetic/s123/random_mc2_n5_mid3_d1000_05_mr098_r10_174.uai
2026-02-02 16:18:34,368|INFO|random_mc2_n5_mid3_d1000_05_mr098_r10_28_uai_GDCC_1e-09_n200_roTrue_s0: Loading data from ../models/synthetic/s123/random_mc2_n5_mid3_d1000_05_mr098_r10_28.csv
2026-02-02 16:18:34,374|ERROR|random_mc2_n5_mid3_d1000_05_mr098_r10_28_uai_GDCC_1e-09_n200_roTrue_s0: File exists, not rewriting.
2026-02-02 16:18:34,376|INFO|random_mc2_n7_mid3_d1000_05_mr098_r10_81_uai_GDCC_1e-09_n200_roTrue_s0: Loading data from ../models/synthetic/s123/random_mc2_n7_mid3_d1000_05_mr098_r10_81.csv
2026-02-02 16:18:34,387|INFO|random_mc2_n7_mid3_d1000_05_mr098_r10_81_uai_GDCC_1e-09_n200_roTrue_s0: PNS(V4,V5) exact: (4.627372247959759e-07, 0.1171699848954117)
2026-02-02 16:18:34,398|INFO|random_mc2_n5_mid3_d1000_05_mr098_r10_174_uai_GDCC_1e-09_n200_roTrue_s0: Loading data from ../models/synthetic/s123/random_mc2_n5_mid3_d1000_05_mr098_r10_174.csv
2026-02-02 16:18:34,408|INFO|random_mc2_n5_mid3_d1000_05_mr098_r10_174_uai_GDCC_1e-09_n200_roTrue_s0: PNS(V1,V3) exact: (0.497273609538846, 0.62213966937114)
2026-02-02 16:18:34,472|INFO|random_mc2_n5_mid3_d1000_05_mr098_r10_74_uai_GDCC_1e-09_n200_roTrue_s0: Loading model from ../models/synthetic/s123/random_mc2_n5_mid3_d1000_05_mr098_r10_74.uai
2026-02-02 16:18:34,484|INFO|random_mc2_n5_mid3_d1000_05_mr098_r10_74_uai_GDCC_1e-09_n200_roTrue_s0: Loading data from ../models/synthetic/s123/random_mc2_n5_mid3_d1000_05_mr098_r10_74.csv
2026-02-02 16:18:34,494|INFO|random_mc2_n5_mid3_d1000_05_mr098_r10_74_uai_GDCC_1e-09_n200_roTrue_s0: PNS(V1,V3) exact: (0.242259660626, 0.50518708548)
2026-02-02 16:18:34,556|INFO|random_mc2_n7_mid3_d1000_05_mr098_r10_98_uai_GDCC_1e-09_n200_roTrue_s0: Loading model from ../models/synthetic/s123/random_mc2_n7_mid3_d1000_05_mr098_r10_98.uai
2026-02-02 16:18:34,565|INFO|random_mc2_n7_mid3_d1000_05_mr098_r10_98_uai_GDCC_1e-09_n200_roTrue_s0: Loading data from ../models/synthetic/s123/random_mc2_n7_mid3_d1000_05_mr098_r10_98.csv
2026-02-02 16:18:34,571|ERROR|random_mc2_n7_mid3_d1000_05_mr098_r10_98_uai_GDCC_1e-09_n200_roTrue_s0: File exists, not rewriting.
2026-02-02 16:18:34,623|INFO|random_mc2_n6_mid3_d1000_05_mr098_r10_121_uai_GDCC_1e-09_n200_roFalse_s0: Loading model from ../models/synthetic/s123/random_mc2_n6_mid3_d1000_05_mr098_r10_121.uai
2026-02-02 16:18:34,626|INFO|random_mc2_n5_mid3_d1000_05_mr098_r10_15_uai_GDCC_1e-09_n200_roFalse_s0: Loading model from ../models/synthetic/s123/random_mc2_n5_mid3_d1000_05_mr098_r10_15.uai
2026-02-02 16:18:34,632|INFO|random_mc2_n5_mid3_d1000_05_mr098_r10_34_uai_GDCC_1e-09_n200_roFalse_s0: Loading model from ../models/synthetic/s123/random_mc2_n5_mid3_d1000_05_mr098_r10_34.uai
2026-02-02 16:18:34,635|INFO|random_mc2_n5_mid3_d1000_05_mr098_r10_192_uai_GDCC_1e-09_n200_roFalse_s0: Loading model from ../models/synthetic/s123/random_mc2_n5_mid3_d1000_05_mr098_r10_192.uai
2026-02-02 16:18:34,638|INFO|random_mc2_n6_mid3_d1000_05_mr098_r10_121_uai_GDCC_1e-09_n200_roFalse_s0: Loading data from ../models/synthetic/s123/random_mc2_n6_mid3_d1000_05_mr098_r10_121.csv
2026-02-02 16:18:34,645|ERROR|random_mc2_n6_mid3_d1000_05_mr098_r10_121_uai_GDCC_1e-09_n200_roFalse_s0: File exists, not rewriting.
2026-02-02 16:18:34,639|INFO|random_mc2_n5_mid3_d1000_05_mr098_r10_15_uai_GDCC_1e-09_n200_roFalse_s0: Loading data from ../models/synthetic/s123/random_mc2_n5_mid3_d1000_05_mr098_r10_15.csv
2026-02-02 16:18:34,650|INFO|random_mc2_n5_mid3_d1000_05_mr098_r10_15_uai_GDCC_1e-09_n200_roFalse_s0: PNS(V1,V2) exact: (0.190870353918592, 0.3460951275809139)
2026-02-02 16:18:34,638|INFO|random_mc2_n5_mid3_d1000_05_mr098_r10_34_uai_GDCC_1e-09_n200_roFalse_s0: Loading data from ../models/synthetic/s123/random_mc2_n5_mid3_d1000_05_mr098_r10_34.csv
2026-02-02 16:18:34,648|INFO|random_mc2_n5_mid3_d1000_05_mr098_r10_34_uai_GDCC_1e-09_n200_roFalse_s0: PNS(V0,V3) exact: (0.41137714, 0.41137714)
2026-02-02 16:18:34,640|INFO|random_mc2_n5_mid3_d1000_05_mr098_r10_192_uai_GDCC_1e-09_n200_roFalse_s0: Loading data from ../models/synthetic/s123/random_mc2_n5_mid3_d1000_05_mr098_r10_192.csv
2026-02-02 16:18:34,650|INFO|random_mc2_n5_mid3_d1000_05_mr098_r10_192_uai_GDCC_1e-09_n200_roFalse_s0: PNS(V0,V2) exact: (0.019158534066672, 0.243463236618182)
2026-02-02 16:18:34,963|INFO|random_mc2_n8_mid3_d1000_05_mr098_r10_122_uai_GDCC_1e-09_n200_roFalse_s0: Loading model from ../models/synthetic/s123/random_mc2_n8_mid3_d1000_05_mr098_r10_122.uai
2026-02-02 16:18:34,973|INFO|random_mc2_n8_mid3_d1000_05_mr098_r10_122_uai_GDCC_1e-09_n200_roFalse_s0: Loading data from ../models/synthetic/s123/random_mc2_n8_mid3_d1000_05_mr098_r10_122.csv
2026-02-02 16:18:34,983|ERROR|random_mc2_n8_mid3_d1000_05_mr098_r10_122_uai_GDCC_1e-09_n200_roFalse_s0: File exists, not rewriting.
2026-02-02 16:18:35,894|INFO|random_mc2_n7_mid3_d1000_05_mr098_r10_98_uai_GDCC_1e-09_n200_roFalse_s0: Loading model from ../models/synthetic/s123/random_mc2_n7_mid3_d1000_05_mr098_r10_98.uai
2026-02-02 16:18:35,905|INFO|random_mc2_n7_mid3_d1000_05_mr098_r10_98_uai_GDCC_1e-09_n200_roFalse_s0: Loading data from ../models/synthetic/s123/random_mc2_n7_mid3_d1000_05_mr098_r10_98.csv
2026-02-02 16:18:35,911|ERROR|random_mc2_n7_mid3_d1000_05_mr098_r10_98_uai_GDCC_1e-09_n200_roFalse_s0: File exists, not rewriting.
2026-02-02 16:18:37,638|INFO|random_mc2_n6_mid3_d1000_05_mr098_r10_141_uai_GDCC_1e-09_n200_roTrue_s0: Loading model from ../models/synthetic/s123/random_mc2_n6_mid3_d1000_05_mr098_r10_141.uai
2026-02-02 16:18:37,694|INFO|random_mc2_n6_mid3_d1000_05_mr098_r10_141_uai_GDCC_1e-09_n200_roTrue_s0: Loading data from ../models/synthetic/s123/random_mc2_n6_mid3_d1000_05_mr098_r10_141.csv
2026-02-02 16:18:37,706|INFO|random_mc2_n6_mid3_d1000_05_mr098_r10_141_uai_GDCC_1e-09_n200_roTrue_s0: PNS(V1,V4) exact: (0.2486475012, 0.2716618306)
2026-02-02 16:18:44,816|INFO|random_mc2_n5_mid3_d1000_05_mr098_r10_78_uai_GDCC_1e-09_n200_roFalse_s0: Loading model from ../models/synthetic/s123/random_mc2_n5_mid3_d1000_05_mr098_r10_78.uai
2026-02-02 16:18:44,847|INFO|random_mc2_n5_mid3_d1000_05_mr098_r10_81_uai_GDCC_1e-09_n200_roFalse_s0: Loading model from ../models/synthetic/s123/random_mc2_n5_mid3_d1000_05_mr098_r10_81.uai
2026-02-02 16:18:44,855|INFO|random_mc2_n8_mid3_d1000_05_mr098_r10_189_uai_GDCC_1e-09_n200_roTrue_s0: Loading model from ../models/synthetic/s123/random_mc2_n8_mid3_d1000_05_mr098_r10_189.uai
2026-02-02 16:18:44,823|INFO|random_mc2_n5_mid3_d1000_05_mr098_r10_78_uai_GDCC_1e-09_n200_roFalse_s0: Loading data from ../models/synthetic/s123/random_mc2_n5_mid3_d1000_05_mr098_r10_78.csv
2026-02-02 16:18:44,836|INFO|random_mc2_n5_mid3_d1000_05_mr098_r10_78_uai_GDCC_1e-09_n200_roFalse_s0: PNS(V0,V2) exact: (0.163, 0.163)
2026-02-02 16:18:44,857|INFO|random_mc2_n8_mid3_d1000_05_mr098_r10_153_uai_GDCC_1e-09_n200_roTrue_s0: Loading model from ../models/synthetic/s123/random_mc2_n8_mid3_d1000_05_mr098_r10_153.uai
2026-02-02 16:18:44,859|INFO|random_mc2_n5_mid3_d1000_05_mr098_r10_81_uai_GDCC_1e-09_n200_roFalse_s0: Loading data from ../models/synthetic/s123/random_mc2_n5_mid3_d1000_05_mr098_r10_81.csv
2026-02-02 16:18:44,865|ERROR|random_mc2_n5_mid3_d1000_05_mr098_r10_81_uai_GDCC_1e-09_n200_roFalse_s0: File exists, not rewriting.
2026-02-02 16:18:44,867|INFO|random_mc2_n8_mid3_d1000_05_mr098_r10_189_uai_GDCC_1e-09_n200_roTrue_s0: Loading data from ../models/synthetic/s123/random_mc2_n8_mid3_d1000_05_mr098_r10_189.csv
2026-02-02 16:18:44,877|INFO|random_mc2_n8_mid3_d1000_05_mr098_r10_189_uai_GDCC_1e-09_n200_roTrue_s0: PNS(V4,V7) exact: (0.0, 0.0)
2026-02-02 16:18:44,881|INFO|random_mc2_n8_mid3_d1000_05_mr098_r10_153_uai_GDCC_1e-09_n200_roTrue_s0: Loading data from ../models/synthetic/s123/random_mc2_n8_mid3_d1000_05_mr098_r10_153.csv
2026-02-02 16:18:44,888|ERROR|random_mc2_n8_mid3_d1000_05_mr098_r10_153_uai_GDCC_1e-09_n200_roTrue_s0: File exists, not rewriting.
2026-02-02 16:18:44,906|INFO|random_mc2_n8_mid3_d1000_05_mr098_r10_151_uai_GDCC_1e-09_n200_roFalse_s0: Loading model from ../models/synthetic/s123/random_mc2_n8_mid3_d1000_05_mr098_r10_151.uai
2026-02-02 16:18:44,926|INFO|random_mc2_n5_mid3_d1000_05_mr098_r10_177_uai_GDCC_1e-09_n200_roFalse_s0: Loading model from ../models/synthetic/s123/random_mc2_n5_mid3_d1000_05_mr098_r10_177.uai
2026-02-02 16:18:44,936|INFO|random_mc2_n5_mid3_d1000_05_mr098_r10_177_uai_GDCC_1e-09_n200_roFalse_s0: Loading data from ../models/synthetic/s123/random_mc2_n5_mid3_d1000_05_mr098_r10_177.csv
2026-02-02 16:18:44,946|INFO|random_mc2_n5_mid3_d1000_05_mr098_r10_177_uai_GDCC_1e-09_n200_roFalse_s0: PNS(V3,V1) exact: (0.00095494328811, 0.305507837236473)
2026-02-02 16:18:44,986|INFO|random_mc2_n5_mid3_d1000_05_mr098_r10_121_uai_GDCC_1e-09_n200_roTrue_s0: Loading model from ../models/synthetic/s123/random_mc2_n5_mid3_d1000_05_mr098_r10_121.uai
2026-02-02 16:18:44,995|INFO|random_mc2_n5_mid3_d1000_05_mr098_r10_39_uai_GDCC_1e-09_n200_roFalse_s0: Loading model from ../models/synthetic/s123/random_mc2_n5_mid3_d1000_05_mr098_r10_39.uai
2026-02-02 16:18:44,997|INFO|random_mc2_n5_mid3_d1000_05_mr098_r10_121_uai_GDCC_1e-09_n200_roTrue_s0: Loading data from ../models/synthetic/s123/random_mc2_n5_mid3_d1000_05_mr098_r10_121.csv
2026-02-02 16:18:45,007|INFO|random_mc2_n5_mid3_d1000_05_mr098_r10_121_uai_GDCC_1e-09_n200_roTrue_s0: PNS(V3,V1) exact: (0.21434, 0.2800931238639491)
2026-02-02 16:18:45,004|INFO|random_mc2_n5_mid3_d1000_05_mr098_r10_39_uai_GDCC_1e-09_n200_roFalse_s0: Loading data from ../models/synthetic/s123/random_mc2_n5_mid3_d1000_05_mr098_r10_39.csv
2026-02-02 16:18:45,014|INFO|random_mc2_n5_mid3_d1000_05_mr098_r10_39_uai_GDCC_1e-09_n200_roFalse_s0: PNS(V1,V4) exact: (0.0280539, 0.03752366)
2026-02-02 16:18:45,131|INFO|random_mc2_n8_mid3_d1000_05_mr098_r10_151_uai_GDCC_1e-09_n200_roFalse_s0: Loading data from ../models/synthetic/s123/random_mc2_n8_mid3_d1000_05_mr098_r10_151.csv
2026-02-02 16:18:45,139|ERROR|random_mc2_n8_mid3_d1000_05_mr098_r10_151_uai_GDCC_1e-09_n200_roFalse_s0: File exists, not rewriting.
2026-02-02 16:18:45,314|INFO|random_mc2_n8_mid3_d1000_05_mr098_r10_30_uai_GDCC_1e-09_n200_roTrue_s0: Loading model from ../models/synthetic/s123/random_mc2_n8_mid3_d1000_05_mr098_r10_30.uai
2026-02-02 16:18:45,317|INFO|random_mc2_n8_mid3_d1000_05_mr098_r10_173_uai_GDCC_1e-09_n200_roFalse_s0: Loading model from ../models/synthetic/s123/random_mc2_n8_mid3_d1000_05_mr098_r10_173.uai
2026-02-02 16:18:45,347|INFO|random_mc2_n6_mid3_d1000_05_mr098_r10_86_uai_GDCC_1e-09_n200_roFalse_s0: Loading model from ../models/synthetic/s123/random_mc2_n6_mid3_d1000_05_mr098_r10_86.uai
2026-02-02 16:18:45,333|INFO|random_mc2_n8_mid3_d1000_05_mr098_r10_30_uai_GDCC_1e-09_n200_roTrue_s0: Loading data from ../models/synthetic/s123/random_mc2_n8_mid3_d1000_05_mr098_r10_30.csv
2026-02-02 16:18:45,340|ERROR|random_mc2_n8_mid3_d1000_05_mr098_r10_30_uai_GDCC_1e-09_n200_roTrue_s0: File exists, not rewriting.
2026-02-02 16:18:45,337|INFO|random_mc2_n8_mid3_d1000_05_mr098_r10_173_uai_GDCC_1e-09_n200_roFalse_s0: Loading data from ../models/synthetic/s123/random_mc2_n8_mid3_d1000_05_mr098_r10_173.csv
2026-02-02 16:18:45,343|ERROR|random_mc2_n8_mid3_d1000_05_mr098_r10_173_uai_GDCC_1e-09_n200_roFalse_s0: File exists, not rewriting.
2026-02-02 16:18:45,357|INFO|random_mc2_n6_mid3_d1000_05_mr098_r10_86_uai_GDCC_1e-09_n200_roFalse_s0: Loading data from ../models/synthetic/s123/random_mc2_n6_mid3_d1000_05_mr098_r10_86.csv
2026-02-02 16:18:45,363|ERROR|random_mc2_n6_mid3_d1000_05_mr098_r10_86_uai_GDCC_1e-09_n200_roFalse_s0: File exists, not rewriting.
2026-02-02 16:18:46,771|INFO|random_mc2_n9_mid3_d1000_05_mr098_r10_166_uai_GDCC_1e-09_n200_roTrue_s0: Loading model from ../models/synthetic/s123/random_mc2_n9_mid3_d1000_05_mr098_r10_166.uai
2026-02-02 16:18:46,793|INFO|random_mc2_n9_mid3_d1000_05_mr098_r10_166_uai_GDCC_1e-09_n200_roTrue_s0: Loading data from ../models/synthetic/s123/random_mc2_n9_mid3_d1000_05_mr098_r10_166.csv
2026-02-02 16:18:46,799|ERROR|random_mc2_n9_mid3_d1000_05_mr098_r10_166_uai_GDCC_1e-09_n200_roTrue_s0: File exists, not rewriting.
2026-02-02 16:18:47,399|INFO|random_mc2_n8_mid3_d1000_05_mr098_r10_48_uai_GDCC_1e-09_n200_roTrue_s0: Loading model from ../models/synthetic/s123/random_mc2_n8_mid3_d1000_05_mr098_r10_48.uai
2026-02-02 16:18:47,410|INFO|random_mc2_n8_mid3_d1000_05_mr098_r10_48_uai_GDCC_1e-09_n200_roTrue_s0: Loading data from ../models/synthetic/s123/random_mc2_n8_mid3_d1000_05_mr098_r10_48.csv
2026-02-02 16:18:47,426|INFO|random_mc2_n8_mid3_d1000_05_mr098_r10_48_uai_GDCC_1e-09_n200_roTrue_s0: PNS(V3,V0) exact: (0.1524285448463559, 0.220079197754316)
2026-02-02 16:18:47,450|INFO|random_mc2_n6_mid3_d1000_05_mr098_r10_91_uai_GDCC_1e-09_n200_roTrue_s0: Loading model from ../models/synthetic/s123/random_mc2_n6_mid3_d1000_05_mr098_r10_91.uai
2026-02-02 16:18:47,454|INFO|random_mc2_n8_mid3_d1000_05_mr098_r10_32_uai_GDCC_1e-09_n200_roFalse_s0: Loading model from ../models/synthetic/s123/random_mc2_n8_mid3_d1000_05_mr098_r10_32.uai
2026-02-02 16:18:47,460|INFO|random_mc2_n6_mid3_d1000_05_mr098_r10_91_uai_GDCC_1e-09_n200_roTrue_s0: Loading data from ../models/synthetic/s123/random_mc2_n6_mid3_d1000_05_mr098_r10_91.csv
2026-02-02 16:18:47,473|INFO|random_mc2_n6_mid3_d1000_05_mr098_r10_91_uai_GDCC_1e-09_n200_roTrue_s0: PNS(V0,V4) exact: (0.0014168071017796, 0.103549899791906)
2026-02-02 16:18:47,477|INFO|random_mc2_n8_mid3_d1000_05_mr098_r10_32_uai_GDCC_1e-09_n200_roFalse_s0: Loading data from ../models/synthetic/s123/random_mc2_n8_mid3_d1000_05_mr098_r10_32.csv
2026-02-02 16:18:47,485|ERROR|random_mc2_n8_mid3_d1000_05_mr098_r10_32_uai_GDCC_1e-09_n200_roFalse_s0: File exists, not rewriting.
2026-02-02 16:18:47,819|INFO|random_mc2_n5_mid3_d1000_05_mr098_r10_200_uai_GDCC_1e-09_n200_roTrue_s0: Loading model from ../models/synthetic/s123/random_mc2_n5_mid3_d1000_05_mr098_r10_200.uai
2026-02-02 16:18:47,832|INFO|random_mc2_n7_mid3_d1000_05_mr098_r10_123_uai_GDCC_1e-09_n200_roFalse_s0: Loading model from ../models/synthetic/s123/random_mc2_n7_mid3_d1000_05_mr098_r10_123.uai
2026-02-02 16:18:47,842|INFO|random_mc2_n7_mid3_d1000_05_mr098_r10_123_uai_GDCC_1e-09_n200_roFalse_s0: Loading data from ../models/synthetic/s123/random_mc2_n7_mid3_d1000_05_mr098_r10_123.csv
2026-02-02 16:18:47,853|INFO|random_mc2_n7_mid3_d1000_05_mr098_r10_123_uai_GDCC_1e-09_n200_roFalse_s0: PNS(V0,V6) exact: (0.0106816021871762, 0.1499524833352205)
2026-02-02 16:18:47,914|INFO|random_mc2_n5_mid3_d1000_05_mr098_r10_200_uai_GDCC_1e-09_n200_roTrue_s0: Loading data from ../models/synthetic/s123/random_mc2_n5_mid3_d1000_05_mr098_r10_200.csv
2026-02-02 16:18:47,925|ERROR|random_mc2_n5_mid3_d1000_05_mr098_r10_200_uai_GDCC_1e-09_n200_roTrue_s0: File exists, not rewriting.
2026-02-02 16:18:48,083|INFO|random_mc2_n8_mid3_d1000_05_mr098_r10_3_uai_GDCC_1e-09_n200_roFalse_s0: Loading model from ../models/synthetic/s123/random_mc2_n8_mid3_d1000_05_mr098_r10_3.uai
2026-02-02 16:18:48,114|INFO|random_mc2_n8_mid3_d1000_05_mr098_r10_39_uai_GDCC_1e-09_n200_roFalse_s0: Loading model from ../models/synthetic/s123/random_mc2_n8_mid3_d1000_05_mr098_r10_39.uai
2026-02-02 16:18:48,094|INFO|random_mc2_n8_mid3_d1000_05_mr098_r10_3_uai_GDCC_1e-09_n200_roFalse_s0: Loading data from ../models/synthetic/s123/random_mc2_n8_mid3_d1000_05_mr098_r10_3.csv
2026-02-02 16:18:48,103|INFO|random_mc2_n8_mid3_d1000_05_mr098_r10_3_uai_GDCC_1e-09_n200_roFalse_s0: PNS(V5,V7) exact: (0.0133650763190615, 0.0741909892031331)
2026-02-02 16:18:48,134|INFO|random_mc2_n5_mid3_d1000_05_mr098_r10_180_uai_GDCC_1e-09_n200_roFalse_s0: Loading model from ../models/synthetic/s123/random_mc2_n5_mid3_d1000_05_mr098_r10_180.uai
2026-02-02 16:18:48,127|INFO|random_mc2_n8_mid3_d1000_05_mr098_r10_39_uai_GDCC_1e-09_n200_roFalse_s0: Loading data from ../models/synthetic/s123/random_mc2_n8_mid3_d1000_05_mr098_r10_39.csv
2026-02-02 16:18:48,133|ERROR|random_mc2_n8_mid3_d1000_05_mr098_r10_39_uai_GDCC_1e-09_n200_roFalse_s0: File exists, not rewriting.
2026-02-02 16:18:48,159|INFO|random_mc2_n5_mid3_d1000_05_mr098_r10_99_uai_GDCC_1e-09_n200_roTrue_s0: Loading model from ../models/synthetic/s123/random_mc2_n5_mid3_d1000_05_mr098_r10_99.uai
2026-02-02 16:18:48,169|INFO|random_mc2_n5_mid3_d1000_05_mr098_r10_110_uai_GDCC_1e-09_n200_roTrue_s0: Loading model from ../models/synthetic/s123/random_mc2_n5_mid3_d1000_05_mr098_r10_110.uai
2026-02-02 16:18:48,139|INFO|random_mc2_n5_mid3_d1000_05_mr098_r10_180_uai_GDCC_1e-09_n200_roFalse_s0: Loading data from ../models/synthetic/s123/random_mc2_n5_mid3_d1000_05_mr098_r10_180.csv
2026-02-02 16:18:48,145|ERROR|random_mc2_n5_mid3_d1000_05_mr098_r10_180_uai_GDCC_1e-09_n200_roFalse_s0: File exists, not rewriting.
2026-02-02 16:18:48,165|INFO|random_mc2_n5_mid3_d1000_05_mr098_r10_99_uai_GDCC_1e-09_n200_roTrue_s0: Loading data from ../models/synthetic/s123/random_mc2_n5_mid3_d1000_05_mr098_r10_99.csv
2026-02-02 16:18:48,174|INFO|random_mc2_n5_mid3_d1000_05_mr098_r10_99_uai_GDCC_1e-09_n200_roTrue_s0: PNS(V0,V4) exact: (0.0, 0.09976)
2026-02-02 16:18:48,181|INFO|random_mc2_n5_mid3_d1000_05_mr098_r10_110_uai_GDCC_1e-09_n200_roTrue_s0: Loading data from ../models/synthetic/s123/random_mc2_n5_mid3_d1000_05_mr098_r10_110.csv
2026-02-02 16:18:48,186|ERROR|random_mc2_n5_mid3_d1000_05_mr098_r10_110_uai_GDCC_1e-09_n200_roTrue_s0: File exists, not rewriting.
2026-02-02 16:18:48,235|INFO|random_mc2_n6_mid3_d1000_05_mr098_r10_99_uai_GDCC_1e-09_n200_roTrue_s0: Loading model from ../models/synthetic/s123/random_mc2_n6_mid3_d1000_05_mr098_r10_99.uai
2026-02-02 16:18:48,242|INFO|random_mc2_n9_mid3_d1000_05_mr098_r10_11_uai_GDCC_1e-09_n200_roFalse_s0: Loading model from ../models/synthetic/s123/random_mc2_n9_mid3_d1000_05_mr098_r10_11.uai
2026-02-02 16:18:48,240|INFO|random_mc2_n6_mid3_d1000_05_mr098_r10_99_uai_GDCC_1e-09_n200_roTrue_s0: Loading data from ../models/synthetic/s123/random_mc2_n6_mid3_d1000_05_mr098_r10_99.csv
2026-02-02 16:18:48,249|INFO|random_mc2_n6_mid3_d1000_05_mr098_r10_99_uai_GDCC_1e-09_n200_roTrue_s0: PNS(V0,V1) exact: (0.0, 0.0)
2026-02-02 16:18:48,249|ERROR|random_mc2_n6_mid3_d1000_05_mr098_r10_99_uai_GDCC_1e-09_n200_roTrue_s0: Model does not have any cause-effect path.
2026-02-02 16:18:48,268|INFO|random_mc2_n9_mid3_d1000_05_mr098_r10_11_uai_GDCC_1e-09_n200_roFalse_s0: Loading data from ../models/synthetic/s123/random_mc2_n9_mid3_d1000_05_mr098_r10_11.csv
2026-02-02 16:18:48,274|ERROR|random_mc2_n9_mid3_d1000_05_mr098_r10_11_uai_GDCC_1e-09_n200_roFalse_s0: File exists, not rewriting.
2026-02-02 16:18:48,382|INFO|random_mc2_n9_mid3_d1000_05_mr098_r10_136_uai_GDCC_1e-09_n200_roTrue_s0: Loading model from ../models/synthetic/s123/random_mc2_n9_mid3_d1000_05_mr098_r10_136.uai
2026-02-02 16:18:48,384|INFO|random_mc2_n9_mid3_d1000_05_mr098_r10_160_uai_GDCC_1e-09_n200_roFalse_s0: Loading model from ../models/synthetic/s123/random_mc2_n9_mid3_d1000_05_mr098_r10_160.uai
2026-02-02 16:18:48,388|INFO|random_mc2_n5_mid3_d1000_05_mr098_r10_168_uai_GDCC_1e-09_n200_roTrue_s0: Loading model from ../models/synthetic/s123/random_mc2_n5_mid3_d1000_05_mr098_r10_168.uai
2026-02-02 16:18:48,405|INFO|random_mc2_n9_mid3_d1000_05_mr098_r10_136_uai_GDCC_1e-09_n200_roTrue_s0: Loading data from ../models/synthetic/s123/random_mc2_n9_mid3_d1000_05_mr098_r10_136.csv
2026-02-02 16:18:48,411|ERROR|random_mc2_n9_mid3_d1000_05_mr098_r10_136_uai_GDCC_1e-09_n200_roTrue_s0: File exists, not rewriting.
2026-02-02 16:18:48,402|INFO|random_mc2_n9_mid3_d1000_05_mr098_r10_160_uai_GDCC_1e-09_n200_roFalse_s0: Loading data from ../models/synthetic/s123/random_mc2_n9_mid3_d1000_05_mr098_r10_160.csv
2026-02-02 16:18:48,410|ERROR|random_mc2_n9_mid3_d1000_05_mr098_r10_160_uai_GDCC_1e-09_n200_roFalse_s0: File exists, not rewriting.
2026-02-02 16:18:48,394|INFO|random_mc2_n5_mid3_d1000_05_mr098_r10_168_uai_GDCC_1e-09_n200_roTrue_s0: Loading data from ../models/synthetic/s123/random_mc2_n5_mid3_d1000_05_mr098_r10_168.csv
2026-02-02 16:18:48,409|ERROR|random_mc2_n5_mid3_d1000_05_mr098_r10_168_uai_GDCC_1e-09_n200_roTrue_s0: File exists, not rewriting.
2026-02-02 16:18:48,452|INFO|random_mc2_n9_mid3_d1000_05_mr098_r10_140_uai_GDCC_1e-09_n200_roTrue_s0: Loading model from ../models/synthetic/s123/random_mc2_n9_mid3_d1000_05_mr098_r10_140.uai
2026-02-02 16:18:48,481|INFO|random_mc2_n9_mid3_d1000_05_mr098_r10_140_uai_GDCC_1e-09_n200_roTrue_s0: Loading data from ../models/synthetic/s123/random_mc2_n9_mid3_d1000_05_mr098_r10_140.csv
2026-02-02 16:18:48,487|ERROR|random_mc2_n9_mid3_d1000_05_mr098_r10_140_uai_GDCC_1e-09_n200_roTrue_s0: File exists, not rewriting.
2026-02-02 16:18:48,541|INFO|random_mc2_n6_mid3_d1000_05_mr098_r10_164_uai_GDCC_1e-09_n200_roFalse_s0: Loading model from ../models/synthetic/s123/random_mc2_n6_mid3_d1000_05_mr098_r10_164.uai
2026-02-02 16:18:48,547|INFO|random_mc2_n6_mid3_d1000_05_mr098_r10_168_uai_GDCC_1e-09_n200_roFalse_s0: Loading model from ../models/synthetic/s123/random_mc2_n6_mid3_d1000_05_mr098_r10_168.uai
2026-02-02 16:18:48,548|INFO|random_mc2_n6_mid3_d1000_05_mr098_r10_164_uai_GDCC_1e-09_n200_roFalse_s0: Loading data from ../models/synthetic/s123/random_mc2_n6_mid3_d1000_05_mr098_r10_164.csv
2026-02-02 16:18:48,557|INFO|random_mc2_n6_mid3_d1000_05_mr098_r10_164_uai_GDCC_1e-09_n200_roFalse_s0: PNS(V4,V3) exact: (0.19591, 0.25606)
2026-02-02 16:18:48,557|INFO|random_mc2_n6_mid3_d1000_05_mr098_r10_168_uai_GDCC_1e-09_n200_roFalse_s0: Loading data from ../models/synthetic/s123/random_mc2_n6_mid3_d1000_05_mr098_r10_168.csv
2026-02-02 16:18:48,564|ERROR|random_mc2_n6_mid3_d1000_05_mr098_r10_168_uai_GDCC_1e-09_n200_roFalse_s0: File exists, not rewriting.
2026-02-02 16:18:57,170|INFO|random_mc2_n5_mid3_d1000_05_mr098_r10_197_uai_GDCC_1e-09_n200_roFalse_s0: Loading model from ../models/synthetic/s123/random_mc2_n5_mid3_d1000_05_mr098_r10_197.uai
2026-02-02 16:18:57,176|INFO|random_mc2_n5_mid3_d1000_05_mr098_r10_197_uai_GDCC_1e-09_n200_roFalse_s0: Loading data from ../models/synthetic/s123/random_mc2_n5_mid3_d1000_05_mr098_r10_197.csv
2026-02-02 16:18:57,185|INFO|random_mc2_n5_mid3_d1000_05_mr098_r10_197_uai_GDCC_1e-09_n200_roFalse_s0: PNS(V0,V2) exact: (0.0654547499999999, 0.0866559)
2026-02-02 16:18:58,727|INFO|random_mc2_n9_mid3_d1000_05_mr098_r10_184_uai_GDCC_1e-09_n200_roFalse_s0: Loading model from ../models/synthetic/s123/random_mc2_n9_mid3_d1000_05_mr098_r10_184.uai
2026-02-02 16:18:58,729|INFO|random_mc2_n5_mid3_d1000_05_mr098_r10_183_uai_GDCC_1e-09_n200_roTrue_s0: Loading model from ../models/synthetic/s123/random_mc2_n5_mid3_d1000_05_mr098_r10_183.uai
2026-02-02 16:18:58,735|INFO|random_mc2_n7_mid3_d1000_05_mr098_r10_97_uai_GDCC_1e-09_n200_roTrue_s0: Loading model from ../models/synthetic/s123/random_mc2_n7_mid3_d1000_05_mr098_r10_97.uai
2026-02-02 16:18:58,736|INFO|random_mc2_n9_mid3_d1000_05_mr098_r10_168_uai_GDCC_1e-09_n200_roTrue_s0: Loading model from ../models/synthetic/s123/random_mc2_n9_mid3_d1000_05_mr098_r10_168.uai
2026-02-02 16:18:58,745|INFO|random_mc2_n9_mid3_d1000_05_mr098_r10_184_uai_GDCC_1e-09_n200_roFalse_s0: Loading data from ../models/synthetic/s123/random_mc2_n9_mid3_d1000_05_mr098_r10_184.csv
2026-02-02 16:18:58,751|ERROR|random_mc2_n9_mid3_d1000_05_mr098_r10_184_uai_GDCC_1e-09_n200_roFalse_s0: File exists, not rewriting.
2026-02-02 16:18:58,740|INFO|random_mc2_n5_mid3_d1000_05_mr098_r10_183_uai_GDCC_1e-09_n200_roTrue_s0: Loading data from ../models/synthetic/s123/random_mc2_n5_mid3_d1000_05_mr098_r10_183.csv
2026-02-02 16:18:58,769|INFO|random_mc2_n7_mid3_d1000_05_mr098_r10_19_uai_GDCC_1e-09_n200_roTrue_s0: Loading model from ../models/synthetic/s123/random_mc2_n7_mid3_d1000_05_mr098_r10_19.uai
2026-02-02 16:18:58,753|INFO|random_mc2_n5_mid3_d1000_05_mr098_r10_183_uai_GDCC_1e-09_n200_roTrue_s0: PNS(V0,V4) exact: (0.346001198451296, 0.346001198451296)
2026-02-02 16:18:58,759|INFO|random_mc2_n7_mid3_d1000_05_mr098_r10_97_uai_GDCC_1e-09_n200_roTrue_s0: Loading data from ../models/synthetic/s123/random_mc2_n7_mid3_d1000_05_mr098_r10_97.csv
2026-02-02 16:18:58,771|INFO|random_mc2_n7_mid3_d1000_05_mr098_r10_97_uai_GDCC_1e-09_n200_roTrue_s0: PNS(V4,V6) exact: (0.0215633261719529, 0.03488625941917)
2026-02-02 16:18:58,773|INFO|random_mc2_n9_mid3_d1000_05_mr098_r10_168_uai_GDCC_1e-09_n200_roTrue_s0: Loading data from ../models/synthetic/s123/random_mc2_n9_mid3_d1000_05_mr098_r10_168.csv
2026-02-02 16:18:58,781|ERROR|random_mc2_n9_mid3_d1000_05_mr098_r10_168_uai_GDCC_1e-09_n200_roTrue_s0: File exists, not rewriting.
2026-02-02 16:18:58,800|INFO|random_mc2_n6_mid3_d1000_05_mr098_r10_113_uai_GDCC_1e-09_n200_roFalse_s0: Loading model from ../models/synthetic/s123/random_mc2_n6_mid3_d1000_05_mr098_r10_113.uai
2026-02-02 16:18:58,782|INFO|random_mc2_n7_mid3_d1000_05_mr098_r10_19_uai_GDCC_1e-09_n200_roTrue_s0: Loading data from ../models/synthetic/s123/random_mc2_n7_mid3_d1000_05_mr098_r10_19.csv
2026-02-02 16:18:58,788|ERROR|random_mc2_n7_mid3_d1000_05_mr098_r10_19_uai_GDCC_1e-09_n200_roTrue_s0: File exists, not rewriting.
2026-02-02 16:18:58,834|INFO|random_mc2_n7_mid3_d1000_05_mr098_r10_20_uai_GDCC_1e-09_n200_roTrue_s0: Loading model from ../models/synthetic/s123/random_mc2_n7_mid3_d1000_05_mr098_r10_20.uai
2026-02-02 16:18:58,836|INFO|random_mc2_n9_mid3_d1000_05_mr098_r10_1_uai_GDCC_1e-09_n200_roTrue_s0: Loading model from ../models/synthetic/s123/random_mc2_n9_mid3_d1000_05_mr098_r10_1.uai
2026-02-02 16:18:58,838|INFO|random_mc2_n9_mid3_d1000_05_mr098_r10_45_uai_GDCC_1e-09_n200_roTrue_s0: Loading model from ../models/synthetic/s123/random_mc2_n9_mid3_d1000_05_mr098_r10_45.uai
2026-02-02 16:18:58,810|INFO|random_mc2_n6_mid3_d1000_05_mr098_r10_113_uai_GDCC_1e-09_n200_roFalse_s0: Loading data from ../models/synthetic/s123/random_mc2_n6_mid3_d1000_05_mr098_r10_113.csv
2026-02-02 16:18:58,816|ERROR|random_mc2_n6_mid3_d1000_05_mr098_r10_113_uai_GDCC_1e-09_n200_roFalse_s0: File exists, not rewriting.
2026-02-02 16:18:58,844|INFO|random_mc2_n7_mid3_d1000_05_mr098_r10_20_uai_GDCC_1e-09_n200_roTrue_s0: Loading data from ../models/synthetic/s123/random_mc2_n7_mid3_d1000_05_mr098_r10_20.csv
2026-02-02 16:18:58,850|ERROR|random_mc2_n7_mid3_d1000_05_mr098_r10_20_uai_GDCC_1e-09_n200_roTrue_s0: File exists, not rewriting.
2026-02-02 16:18:58,876|INFO|random_mc2_n5_mid3_d1000_05_mr098_r10_122_uai_GDCC_1e-09_n200_roFalse_s0: Loading model from ../models/synthetic/s123/random_mc2_n5_mid3_d1000_05_mr098_r10_122.uai
2026-02-02 16:18:58,847|INFO|random_mc2_n9_mid3_d1000_05_mr098_r10_45_uai_GDCC_1e-09_n200_roTrue_s0: Loading data from ../models/synthetic/s123/random_mc2_n9_mid3_d1000_05_mr098_r10_45.csv
2026-02-02 16:18:58,858|INFO|random_mc2_n9_mid3_d1000_05_mr098_r10_45_uai_GDCC_1e-09_n200_roTrue_s0: PNS(V4,V5) exact: (0.0019792379219094, 0.0020994991224765)
2026-02-02 16:18:58,884|INFO|random_mc2_n9_mid3_d1000_05_mr098_r10_1_uai_GDCC_1e-09_n200_roTrue_s0: Loading data from ../models/synthetic/s123/random_mc2_n9_mid3_d1000_05_mr098_r10_1.csv
2026-02-02 16:18:58,894|INFO|random_mc2_n9_mid3_d1000_05_mr098_r10_1_uai_GDCC_1e-09_n200_roTrue_s0: PNS(V6,V2) exact: (0.156075015699298, 0.162433592078674)
2026-02-02 16:18:58,882|INFO|random_mc2_n5_mid3_d1000_05_mr098_r10_122_uai_GDCC_1e-09_n200_roFalse_s0: Loading data from ../models/synthetic/s123/random_mc2_n5_mid3_d1000_05_mr098_r10_122.csv
2026-02-02 16:18:58,891|INFO|random_mc2_n5_mid3_d1000_05_mr098_r10_122_uai_GDCC_1e-09_n200_roFalse_s0: PNS(V0,V3) exact: (0.0, 0.30162)
2026-02-02 16:18:59,037|INFO|random_mc2_n9_mid3_d1000_05_mr098_r10_91_uai_GDCC_1e-09_n200_roFalse_s0: Loading model from ../models/synthetic/s123/random_mc2_n9_mid3_d1000_05_mr098_r10_91.uai
2026-02-02 16:18:59,054|INFO|random_mc2_n9_mid3_d1000_05_mr098_r10_91_uai_GDCC_1e-09_n200_roFalse_s0: Loading data from ../models/synthetic/s123/random_mc2_n9_mid3_d1000_05_mr098_r10_91.csv
2026-02-02 16:18:59,065|INFO|random_mc2_n9_mid3_d1000_05_mr098_r10_91_uai_GDCC_1e-09_n200_roFalse_s0: PNS(V2,V3) exact: (0.8057637300690249, 0.8686928265038563)
2026-02-02 16:18:59,082|INFO|random_mc2_n7_mid3_d1000_05_mr098_r10_59_uai_GDCC_1e-09_n200_roTrue_s0: Loading model from ../models/synthetic/s123/random_mc2_n7_mid3_d1000_05_mr098_r10_59.uai
2026-02-02 16:18:59,179|INFO|random_mc2_n7_mid3_d1000_05_mr098_r10_59_uai_GDCC_1e-09_n200_roTrue_s0: Loading data from ../models/synthetic/s123/random_mc2_n7_mid3_d1000_05_mr098_r10_59.csv
2026-02-02 16:18:59,188|ERROR|random_mc2_n7_mid3_d1000_05_mr098_r10_59_uai_GDCC_1e-09_n200_roTrue_s0: File exists, not rewriting.
2026-02-02 16:19:01,016|INFO|random_mc2_n6_mid3_d1000_05_mr098_r10_113_uai_GDCC_1e-09_n200_roTrue_s0: Loading model from ../models/synthetic/s123/random_mc2_n6_mid3_d1000_05_mr098_r10_113.uai
2026-02-02 16:19:01,022|INFO|random_mc2_n7_mid3_d1000_05_mr098_r10_131_uai_GDCC_1e-09_n200_roFalse_s0: Loading model from ../models/synthetic/s123/random_mc2_n7_mid3_d1000_05_mr098_r10_131.uai
2026-02-02 16:19:01,027|INFO|random_mc2_n6_mid3_d1000_05_mr098_r10_113_uai_GDCC_1e-09_n200_roTrue_s0: Loading data from ../models/synthetic/s123/random_mc2_n6_mid3_d1000_05_mr098_r10_113.csv
2026-02-02 16:19:01,034|ERROR|random_mc2_n6_mid3_d1000_05_mr098_r10_113_uai_GDCC_1e-09_n200_roTrue_s0: File exists, not rewriting.
2026-02-02 16:19:01,036|INFO|random_mc2_n7_mid3_d1000_05_mr098_r10_131_uai_GDCC_1e-09_n200_roFalse_s0: Loading data from ../models/synthetic/s123/random_mc2_n7_mid3_d1000_05_mr098_r10_131.csv
2026-02-02 16:19:01,046|INFO|random_mc2_n7_mid3_d1000_05_mr098_r10_131_uai_GDCC_1e-09_n200_roFalse_s0: PNS(V4,V5) exact: (0.0019772565152803, 0.1646117945558058)
2026-02-02 16:19:01,071|INFO|random_mc2_n5_mid3_d1000_05_mr098_r10_85_uai_GDCC_1e-09_n200_roFalse_s0: Loading model from ../models/synthetic/s123/random_mc2_n5_mid3_d1000_05_mr098_r10_85.uai
2026-02-02 16:19:01,083|INFO|random_mc2_n5_mid3_d1000_05_mr098_r10_85_uai_GDCC_1e-09_n200_roFalse_s0: Loading data from ../models/synthetic/s123/random_mc2_n5_mid3_d1000_05_mr098_r10_85.csv
2026-02-02 16:19:01,088|ERROR|random_mc2_n5_mid3_d1000_05_mr098_r10_85_uai_GDCC_1e-09_n200_roFalse_s0: File exists, not rewriting.
2026-02-02 16:19:01,257|INFO|random_mc2_n6_mid3_d1000_05_mr098_r10_127_uai_GDCC_1e-09_n200_roTrue_s0: Loading model from ../models/synthetic/s123/random_mc2_n6_mid3_d1000_05_mr098_r10_127.uai
2026-02-02 16:19:01,263|INFO|random_mc2_n6_mid3_d1000_05_mr098_r10_127_uai_GDCC_1e-09_n200_roTrue_s0: Loading data from ../models/synthetic/s123/random_mc2_n6_mid3_d1000_05_mr098_r10_127.csv
2026-02-02 16:19:01,270|ERROR|random_mc2_n6_mid3_d1000_05_mr098_r10_127_uai_GDCC_1e-09_n200_roTrue_s0: File exists, not rewriting.
2026-02-02 16:19:01,402|INFO|random_mc2_n5_mid3_d1000_05_mr098_r10_34_uai_GDCC_1e-09_n200_roTrue_s0: Loading model from ../models/synthetic/s123/random_mc2_n5_mid3_d1000_05_mr098_r10_34.uai
2026-02-02 16:19:01,406|INFO|random_mc2_n5_mid3_d1000_05_mr098_r10_127_uai_GDCC_1e-09_n200_roTrue_s0: Loading model from ../models/synthetic/s123/random_mc2_n5_mid3_d1000_05_mr098_r10_127.uai
2026-02-02 16:19:01,407|INFO|random_mc2_n5_mid3_d1000_05_mr098_r10_34_uai_GDCC_1e-09_n200_roTrue_s0: Loading data from ../models/synthetic/s123/random_mc2_n5_mid3_d1000_05_mr098_r10_34.csv
2026-02-02 16:19:01,418|INFO|random_mc2_n5_mid3_d1000_05_mr098_r10_34_uai_GDCC_1e-09_n200_roTrue_s0: PNS(V0,V3) exact: (0.41137714, 0.41137714)
2026-02-02 16:19:01,424|INFO|random_mc2_n5_mid3_d1000_05_mr098_r10_127_uai_GDCC_1e-09_n200_roTrue_s0: Loading data from ../models/synthetic/s123/random_mc2_n5_mid3_d1000_05_mr098_r10_127.csv
2026-02-02 16:19:01,430|ERROR|random_mc2_n5_mid3_d1000_05_mr098_r10_127_uai_GDCC_1e-09_n200_roTrue_s0: File exists, not rewriting.
2026-02-02 16:19:01,656|INFO|random_mc2_n6_mid3_d1000_05_mr098_r10_127_uai_GDCC_1e-09_n200_roFalse_s0: Loading model from ../models/synthetic/s123/random_mc2_n6_mid3_d1000_05_mr098_r10_127.uai
2026-02-02 16:19:01,661|INFO|random_mc2_n6_mid3_d1000_05_mr098_r10_127_uai_GDCC_1e-09_n200_roFalse_s0: Loading data from ../models/synthetic/s123/random_mc2_n6_mid3_d1000_05_mr098_r10_127.csv
2026-02-02 16:19:01,671|ERROR|random_mc2_n6_mid3_d1000_05_mr098_r10_127_uai_GDCC_1e-09_n200_roFalse_s0: File exists, not rewriting.
2026-02-02 16:19:01,750|INFO|random_mc2_n6_mid3_d1000_05_mr098_r10_185_uai_GDCC_1e-09_n200_roFalse_s0: Loading model from ../models/synthetic/s123/random_mc2_n6_mid3_d1000_05_mr098_r10_185.uai
2026-02-02 16:19:01,757|INFO|random_mc2_n7_mid3_d1000_05_mr098_r10_40_uai_GDCC_1e-09_n200_roTrue_s0: Loading model from ../models/synthetic/s123/random_mc2_n7_mid3_d1000_05_mr098_r10_40.uai
2026-02-02 16:19:01,762|INFO|random_mc2_n6_mid3_d1000_05_mr098_r10_185_uai_GDCC_1e-09_n200_roFalse_s0: Loading data from ../models/synthetic/s123/random_mc2_n6_mid3_d1000_05_mr098_r10_185.csv
2026-02-02 16:19:01,793|INFO|random_mc2_n6_mid3_d1000_05_mr098_r10_25_uai_GDCC_1e-09_n200_roTrue_s0: Loading model from ../models/synthetic/s123/random_mc2_n6_mid3_d1000_05_mr098_r10_25.uai
2026-02-02 16:19:01,795|INFO|random_mc2_n7_mid3_d1000_05_mr098_r10_56_uai_GDCC_1e-09_n200_roFalse_s0: Loading model from ../models/synthetic/s123/random_mc2_n7_mid3_d1000_05_mr098_r10_56.uai
2026-02-02 16:19:01,768|ERROR|random_mc2_n6_mid3_d1000_05_mr098_r10_185_uai_GDCC_1e-09_n200_roFalse_s0: File exists, not rewriting.
2026-02-02 16:19:01,787|INFO|random_mc2_n7_mid3_d1000_05_mr098_r10_40_uai_GDCC_1e-09_n200_roTrue_s0: Loading data from ../models/synthetic/s123/random_mc2_n7_mid3_d1000_05_mr098_r10_40.csv
2026-02-02 16:19:01,797|INFO|random_mc2_n7_mid3_d1000_05_mr098_r10_40_uai_GDCC_1e-09_n200_roTrue_s0: PNS(V2,V4) exact: (0.033682517015198, 0.145976403196258)
2026-02-02 16:19:01,823|INFO|random_mc2_n6_mid3_d1000_05_mr098_r10_25_uai_GDCC_1e-09_n200_roTrue_s0: Loading data from ../models/synthetic/s123/random_mc2_n6_mid3_d1000_05_mr098_r10_25.csv
2026-02-02 16:19:01,829|ERROR|random_mc2_n6_mid3_d1000_05_mr098_r10_25_uai_GDCC_1e-09_n200_roTrue_s0: File exists, not rewriting.
2026-02-02 16:19:01,808|INFO|random_mc2_n7_mid3_d1000_05_mr098_r10_56_uai_GDCC_1e-09_n200_roFalse_s0: Loading data from ../models/synthetic/s123/random_mc2_n7_mid3_d1000_05_mr098_r10_56.csv
2026-02-02 16:19:01,814|ERROR|random_mc2_n7_mid3_d1000_05_mr098_r10_56_uai_GDCC_1e-09_n200_roFalse_s0: File exists, not rewriting.
2026-02-02 16:19:01,871|INFO|random_mc2_n5_mid3_d1000_05_mr098_r10_113_uai_GDCC_1e-09_n200_roFalse_s0: Loading model from ../models/synthetic/s123/random_mc2_n5_mid3_d1000_05_mr098_r10_113.uai
2026-02-02 16:19:01,883|INFO|random_mc2_n6_mid3_d1000_05_mr098_r10_125_uai_GDCC_1e-09_n200_roFalse_s0: Loading model from ../models/synthetic/s123/random_mc2_n6_mid3_d1000_05_mr098_r10_125.uai
2026-02-02 16:19:01,891|INFO|random_mc2_n7_mid3_d1000_05_mr098_r10_51_uai_GDCC_1e-09_n200_roFalse_s0: Loading model from ../models/synthetic/s123/random_mc2_n7_mid3_d1000_05_mr098_r10_51.uai
2026-02-02 16:19:01,877|INFO|random_mc2_n5_mid3_d1000_05_mr098_r10_113_uai_GDCC_1e-09_n200_roFalse_s0: Loading data from ../models/synthetic/s123/random_mc2_n5_mid3_d1000_05_mr098_r10_113.csv
2026-02-02 16:19:01,888|INFO|random_mc2_n5_mid3_d1000_05_mr098_r10_113_uai_GDCC_1e-09_n200_roFalse_s0: PNS(V3,V1) exact: (0.3215531011, 0.5646456533000002)
2026-02-02 16:19:01,896|INFO|random_mc2_n6_mid3_d1000_05_mr098_r10_125_uai_GDCC_1e-09_n200_roFalse_s0: Loading data from ../models/synthetic/s123/random_mc2_n6_mid3_d1000_05_mr098_r10_125.csv
2026-02-02 16:19:01,903|ERROR|random_mc2_n6_mid3_d1000_05_mr098_r10_125_uai_GDCC_1e-09_n200_roFalse_s0: File exists, not rewriting.
2026-02-02 16:19:01,906|INFO|random_mc2_n7_mid3_d1000_05_mr098_r10_51_uai_GDCC_1e-09_n200_roFalse_s0: Loading data from ../models/synthetic/s123/random_mc2_n7_mid3_d1000_05_mr098_r10_51.csv
2026-02-02 16:19:01,913|ERROR|random_mc2_n7_mid3_d1000_05_mr098_r10_51_uai_GDCC_1e-09_n200_roFalse_s0: File exists, not rewriting.
2026-02-02 16:19:01,948|INFO|random_mc2_n5_mid3_d1000_05_mr098_r10_138_uai_GDCC_1e-09_n200_roFalse_s0: Loading model from ../models/synthetic/s123/random_mc2_n5_mid3_d1000_05_mr098_r10_138.uai
2026-02-02 16:19:01,971|INFO|random_mc2_n6_mid3_d1000_05_mr098_r10_119_uai_GDCC_1e-09_n200_roTrue_s0: Loading model from ../models/synthetic/s123/random_mc2_n6_mid3_d1000_05_mr098_r10_119.uai
2026-02-02 16:19:01,974|INFO|random_mc2_n7_mid3_d1000_05_mr098_r10_95_uai_GDCC_1e-09_n200_roFalse_s0: Loading model from ../models/synthetic/s123/random_mc2_n7_mid3_d1000_05_mr098_r10_95.uai
2026-02-02 16:19:01,954|INFO|random_mc2_n5_mid3_d1000_05_mr098_r10_138_uai_GDCC_1e-09_n200_roFalse_s0: Loading data from ../models/synthetic/s123/random_mc2_n5_mid3_d1000_05_mr098_r10_138.csv
2026-02-02 16:19:01,966|INFO|random_mc2_n5_mid3_d1000_05_mr098_r10_138_uai_GDCC_1e-09_n200_roFalse_s0: PNS(V4,V0) exact: (0.01751032725, 0.049784487675)
2026-02-02 16:19:01,980|INFO|random_mc2_n6_mid3_d1000_05_mr098_r10_119_uai_GDCC_1e-09_n200_roTrue_s0: Loading data from ../models/synthetic/s123/random_mc2_n6_mid3_d1000_05_mr098_r10_119.csv
2026-02-02 16:19:01,986|ERROR|random_mc2_n6_mid3_d1000_05_mr098_r10_119_uai_GDCC_1e-09_n200_roTrue_s0: File exists, not rewriting.
2026-02-02 16:19:01,982|INFO|random_mc2_n7_mid3_d1000_05_mr098_r10_95_uai_GDCC_1e-09_n200_roFalse_s0: Loading data from ../models/synthetic/s123/random_mc2_n7_mid3_d1000_05_mr098_r10_95.csv
2026-02-02 16:19:01,995|INFO|random_mc2_n7_mid3_d1000_05_mr098_r10_95_uai_GDCC_1e-09_n200_roFalse_s0: PNS(V0,V3) exact: (0.0119746197391619, 0.3426762898101421)
2026-02-02 16:19:06,888|INFO|random_mc2_n8_mid3_d1000_05_mr098_r10_118_uai_GDCC_1e-09_n200_roFalse_s0: Loading model from ../models/synthetic/s123/random_mc2_n8_mid3_d1000_05_mr098_r10_118.uai
2026-02-02 16:19:07,116|INFO|random_mc2_n8_mid3_d1000_05_mr098_r10_118_uai_GDCC_1e-09_n200_roFalse_s0: Loading data from ../models/synthetic/s123/random_mc2_n8_mid3_d1000_05_mr098_r10_118.csv
2026-02-02 16:19:07,124|ERROR|random_mc2_n8_mid3_d1000_05_mr098_r10_118_uai_GDCC_1e-09_n200_roFalse_s0: File exists, not rewriting.
2026-02-02 16:19:09,405|INFO|random_mc2_n8_mid3_d1000_05_mr098_r10_175_uai_GDCC_1e-09_n200_roFalse_s0: Loading model from ../models/synthetic/s123/random_mc2_n8_mid3_d1000_05_mr098_r10_175.uai
2026-02-02 16:19:09,443|INFO|random_mc2_n8_mid3_d1000_05_mr098_r10_175_uai_GDCC_1e-09_n200_roFalse_s0: Loading data from ../models/synthetic/s123/random_mc2_n8_mid3_d1000_05_mr098_r10_175.csv
2026-02-02 16:19:09,454|ERROR|random_mc2_n8_mid3_d1000_05_mr098_r10_175_uai_GDCC_1e-09_n200_roFalse_s0: File exists, not rewriting.
2026-02-02 16:19:12,780|INFO|random_mc2_n5_mid3_d1000_05_mr098_r10_43_uai_GDCC_1e-09_n200_roTrue_s0: Loading model from ../models/synthetic/s123/random_mc2_n5_mid3_d1000_05_mr098_r10_43.uai
2026-02-02 16:19:12,781|INFO|random_mc2_n8_mid3_d1000_05_mr098_r10_127_uai_GDCC_1e-09_n200_roTrue_s0: Loading model from ../models/synthetic/s123/random_mc2_n8_mid3_d1000_05_mr098_r10_127.uai
2026-02-02 16:19:12,782|INFO|random_mc2_n8_mid3_d1000_05_mr098_r10_121_uai_GDCC_1e-09_n200_roTrue_s0: Loading model from ../models/synthetic/s123/random_mc2_n8_mid3_d1000_05_mr098_r10_121.uai
2026-02-02 16:19:12,795|INFO|random_mc2_n8_mid3_d1000_05_mr098_r10_125_uai_GDCC_1e-09_n200_roFalse_s0: Loading model from ../models/synthetic/s123/random_mc2_n8_mid3_d1000_05_mr098_r10_125.uai
2026-02-02 16:19:12,798|INFO|random_mc2_n6_mid3_d1000_05_mr098_r10_12_uai_GDCC_1e-09_n200_roFalse_s0: Loading model from ../models/synthetic/s123/random_mc2_n6_mid3_d1000_05_mr098_r10_12.uai
2026-02-02 16:19:12,815|INFO|random_mc2_n6_mid3_d1000_05_mr098_r10_139_uai_GDCC_1e-09_n200_roTrue_s0: Loading model from ../models/synthetic/s123/random_mc2_n6_mid3_d1000_05_mr098_r10_139.uai
2026-02-02 16:19:12,786|INFO|random_mc2_n5_mid3_d1000_05_mr098_r10_43_uai_GDCC_1e-09_n200_roTrue_s0: Loading data from ../models/synthetic/s123/random_mc2_n5_mid3_d1000_05_mr098_r10_43.csv
2026-02-02 16:19:12,800|INFO|random_mc2_n5_mid3_d1000_05_mr098_r10_43_uai_GDCC_1e-09_n200_roTrue_s0: PNS(V4,V2) exact: (0.2198675521, 0.3328360903)
2026-02-02 16:19:12,797|INFO|random_mc2_n8_mid3_d1000_05_mr098_r10_121_uai_GDCC_1e-09_n200_roTrue_s0: Loading data from ../models/synthetic/s123/random_mc2_n8_mid3_d1000_05_mr098_r10_121.csv
2026-02-02 16:19:12,803|ERROR|random_mc2_n8_mid3_d1000_05_mr098_r10_121_uai_GDCC_1e-09_n200_roTrue_s0: File exists, not rewriting.
2026-02-02 16:19:12,811|INFO|random_mc2_n6_mid3_d1000_05_mr098_r10_12_uai_GDCC_1e-09_n200_roFalse_s0: Loading data from ../models/synthetic/s123/random_mc2_n6_mid3_d1000_05_mr098_r10_12.csv
2026-02-02 16:19:12,817|ERROR|random_mc2_n6_mid3_d1000_05_mr098_r10_12_uai_GDCC_1e-09_n200_roFalse_s0: File exists, not rewriting.
2026-02-02 16:19:12,842|INFO|random_mc2_n8_mid3_d1000_05_mr098_r10_127_uai_GDCC_1e-09_n200_roTrue_s0: Loading data from ../models/synthetic/s123/random_mc2_n8_mid3_d1000_05_mr098_r10_127.csv
2026-02-02 16:19:12,848|ERROR|random_mc2_n8_mid3_d1000_05_mr098_r10_127_uai_GDCC_1e-09_n200_roTrue_s0: File exists, not rewriting.
2026-02-02 16:19:12,822|INFO|random_mc2_n6_mid3_d1000_05_mr098_r10_139_uai_GDCC_1e-09_n200_roTrue_s0: Loading data from ../models/synthetic/s123/random_mc2_n6_mid3_d1000_05_mr098_r10_139.csv
2026-02-02 16:19:12,832|INFO|random_mc2_n6_mid3_d1000_05_mr098_r10_139_uai_GDCC_1e-09_n200_roTrue_s0: PNS(V0,V4) exact: (0.00014340000000000004, 0.0143472)
2026-02-02 16:19:12,871|INFO|random_mc2_n5_mid3_d1000_05_mr098_r10_193_uai_GDCC_1e-09_n200_roFalse_s0: Loading model from ../models/synthetic/s123/random_mc2_n5_mid3_d1000_05_mr098_r10_193.uai
2026-02-02 16:19:12,893|INFO|random_mc2_n8_mid3_d1000_05_mr098_r10_119_uai_GDCC_1e-09_n200_roFalse_s0: Loading model from ../models/synthetic/s123/random_mc2_n8_mid3_d1000_05_mr098_r10_119.uai
2026-02-02 16:19:12,896|INFO|random_mc2_n7_mid3_d1000_05_mr098_r10_9_uai_GDCC_1e-09_n200_roTrue_s0: Loading model from ../models/synthetic/s123/random_mc2_n7_mid3_d1000_05_mr098_r10_9.uai
2026-02-02 16:19:12,880|INFO|random_mc2_n5_mid3_d1000_05_mr098_r10_193_uai_GDCC_1e-09_n200_roFalse_s0: Loading data from ../models/synthetic/s123/random_mc2_n5_mid3_d1000_05_mr098_r10_193.csv
2026-02-02 16:19:12,887|ERROR|random_mc2_n5_mid3_d1000_05_mr098_r10_193_uai_GDCC_1e-09_n200_roFalse_s0: File exists, not rewriting.
2026-02-02 16:19:12,910|INFO|random_mc2_n7_mid3_d1000_05_mr098_r10_9_uai_GDCC_1e-09_n200_roTrue_s0: Loading data from ../models/synthetic/s123/random_mc2_n7_mid3_d1000_05_mr098_r10_9.csv
2026-02-02 16:19:12,922|INFO|random_mc2_n7_mid3_d1000_05_mr098_r10_9_uai_GDCC_1e-09_n200_roTrue_s0: PNS(V2,V3) exact: (0.034282230913595, 0.271965748446975)
2026-02-02 16:19:12,947|INFO|random_mc2_n8_mid3_d1000_05_mr098_r10_119_uai_GDCC_1e-09_n200_roFalse_s0: Loading data from ../models/synthetic/s123/random_mc2_n8_mid3_d1000_05_mr098_r10_119.csv
2026-02-02 16:19:12,948|INFO|random_mc2_n6_mid3_d1000_05_mr098_r10_13_uai_GDCC_1e-09_n200_roTrue_s0: Loading model from ../models/synthetic/s123/random_mc2_n6_mid3_d1000_05_mr098_r10_13.uai
2026-02-02 16:19:12,954|ERROR|random_mc2_n8_mid3_d1000_05_mr098_r10_119_uai_GDCC_1e-09_n200_roFalse_s0: File exists, not rewriting.
2026-02-02 16:19:12,955|INFO|random_mc2_n6_mid3_d1000_05_mr098_r10_13_uai_GDCC_1e-09_n200_roTrue_s0: Loading data from ../models/synthetic/s123/random_mc2_n6_mid3_d1000_05_mr098_r10_13.csv
2026-02-02 16:19:12,962|ERROR|random_mc2_n6_mid3_d1000_05_mr098_r10_13_uai_GDCC_1e-09_n200_roTrue_s0: File exists, not rewriting.
2026-02-02 16:19:13,011|INFO|random_mc2_n8_mid3_d1000_05_mr098_r10_125_uai_GDCC_1e-09_n200_roFalse_s0: Loading data from ../models/synthetic/s123/random_mc2_n8_mid3_d1000_05_mr098_r10_125.csv
2026-02-02 16:19:13,018|ERROR|random_mc2_n8_mid3_d1000_05_mr098_r10_125_uai_GDCC_1e-09_n200_roFalse_s0: File exists, not rewriting.
2026-02-02 16:19:13,026|INFO|random_mc2_n6_mid3_d1000_05_mr098_r10_60_uai_GDCC_1e-09_n200_roTrue_s0: Loading model from ../models/synthetic/s123/random_mc2_n6_mid3_d1000_05_mr098_r10_60.uai
2026-02-02 16:19:13,041|INFO|random_mc2_n6_mid3_d1000_05_mr098_r10_60_uai_GDCC_1e-09_n200_roTrue_s0: Loading data from ../models/synthetic/s123/random_mc2_n6_mid3_d1000_05_mr098_r10_60.csv
2026-02-02 16:19:13,052|INFO|random_mc2_n6_mid3_d1000_05_mr098_r10_60_uai_GDCC_1e-09_n200_roTrue_s0: PNS(V2,V1) exact: (0.01063473235, 0.0254823380132)
2026-02-02 16:19:13,652|INFO|random_mc2_n5_mid3_d1000_05_mr098_r10_87_uai_GDCC_1e-09_n200_roFalse_s0: Loading model from ../models/synthetic/s123/random_mc2_n5_mid3_d1000_05_mr098_r10_87.uai
2026-02-02 16:19:13,670|INFO|random_mc2_n6_mid3_d1000_05_mr098_r10_87_uai_GDCC_1e-09_n200_roTrue_s0: Loading model from ../models/synthetic/s123/random_mc2_n6_mid3_d1000_05_mr098_r10_87.uai
2026-02-02 16:19:13,672|INFO|random_mc2_n8_mid3_d1000_05_mr098_r10_32_uai_GDCC_1e-09_n200_roTrue_s0: Loading model from ../models/synthetic/s123/random_mc2_n8_mid3_d1000_05_mr098_r10_32.uai
2026-02-02 16:19:13,676|INFO|random_mc2_n6_mid3_d1000_05_mr098_r10_159_uai_GDCC_1e-09_n200_roTrue_s0: Loading model from ../models/synthetic/s123/random_mc2_n6_mid3_d1000_05_mr098_r10_159.uai
2026-02-02 16:19:13,679|INFO|random_mc2_n5_mid3_d1000_05_mr098_r10_165_uai_GDCC_1e-09_n200_roFalse_s0: Loading model from ../models/synthetic/s123/random_mc2_n5_mid3_d1000_05_mr098_r10_165.uai
2026-02-02 16:19:13,675|INFO|random_mc2_n5_mid3_d1000_05_mr098_r10_87_uai_GDCC_1e-09_n200_roFalse_s0: Loading data from ../models/synthetic/s123/random_mc2_n5_mid3_d1000_05_mr098_r10_87.csv
2026-02-02 16:19:13,681|ERROR|random_mc2_n5_mid3_d1000_05_mr098_r10_87_uai_GDCC_1e-09_n200_roFalse_s0: File exists, not rewriting.
2026-02-02 16:19:13,679|INFO|random_mc2_n6_mid3_d1000_05_mr098_r10_87_uai_GDCC_1e-09_n200_roTrue_s0: Loading data from ../models/synthetic/s123/random_mc2_n6_mid3_d1000_05_mr098_r10_87.csv
2026-02-02 16:19:13,686|ERROR|random_mc2_n6_mid3_d1000_05_mr098_r10_87_uai_GDCC_1e-09_n200_roTrue_s0: File exists, not rewriting.
2026-02-02 16:19:13,693|INFO|random_mc2_n8_mid3_d1000_05_mr098_r10_32_uai_GDCC_1e-09_n200_roTrue_s0: Loading data from ../models/synthetic/s123/random_mc2_n8_mid3_d1000_05_mr098_r10_32.csv
2026-02-02 16:19:13,700|ERROR|random_mc2_n8_mid3_d1000_05_mr098_r10_32_uai_GDCC_1e-09_n200_roTrue_s0: File exists, not rewriting.
2026-02-02 16:19:13,686|INFO|random_mc2_n6_mid3_d1000_05_mr098_r10_159_uai_GDCC_1e-09_n200_roTrue_s0: Loading data from ../models/synthetic/s123/random_mc2_n6_mid3_d1000_05_mr098_r10_159.csv
2026-02-02 16:19:13,692|ERROR|random_mc2_n6_mid3_d1000_05_mr098_r10_159_uai_GDCC_1e-09_n200_roTrue_s0: File exists, not rewriting.
2026-02-02 16:19:13,687|INFO|random_mc2_n5_mid3_d1000_05_mr098_r10_165_uai_GDCC_1e-09_n200_roFalse_s0: Loading data from ../models/synthetic/s123/random_mc2_n5_mid3_d1000_05_mr098_r10_165.csv
2026-02-02 16:19:13,696|INFO|random_mc2_n5_mid3_d1000_05_mr098_r10_165_uai_GDCC_1e-09_n200_roFalse_s0: PNS(V1,V2) exact: (0.93297, 0.93333)
2026-02-02 16:19:13,791|INFO|random_mc2_n5_mid3_d1000_05_mr098_r10_47_uai_GDCC_1e-09_n200_roFalse_s0: Loading model from ../models/synthetic/s123/random_mc2_n5_mid3_d1000_05_mr098_r10_47.uai
2026-02-02 16:19:13,797|INFO|random_mc2_n5_mid3_d1000_05_mr098_r10_47_uai_GDCC_1e-09_n200_roFalse_s0: Loading data from ../models/synthetic/s123/random_mc2_n5_mid3_d1000_05_mr098_r10_47.csv
2026-02-02 16:19:13,806|INFO|random_mc2_n5_mid3_d1000_05_mr098_r10_47_uai_GDCC_1e-09_n200_roFalse_s0: PNS(V2,V3) exact: (0.1161899999999999, 0.1161899999999999)
2026-02-02 16:19:15,180|INFO|random_mc2_n5_mid3_d1000_05_mr098_r10_90_uai_GDCC_1e-09_n200_roTrue_s0: Loading model from ../models/synthetic/s123/random_mc2_n5_mid3_d1000_05_mr098_r10_90.uai
2026-02-02 16:19:15,183|INFO|random_mc2_n5_mid3_d1000_05_mr098_r10_17_uai_GDCC_1e-09_n200_roFalse_s0: Loading model from ../models/synthetic/s123/random_mc2_n5_mid3_d1000_05_mr098_r10_17.uai
2026-02-02 16:19:15,196|INFO|random_mc2_n5_mid3_d1000_05_mr098_r10_90_uai_GDCC_1e-09_n200_roTrue_s0: Loading data from ../models/synthetic/s123/random_mc2_n5_mid3_d1000_05_mr098_r10_90.csv
2026-02-02 16:19:15,211|INFO|random_mc2_n5_mid3_d1000_05_mr098_r10_90_uai_GDCC_1e-09_n200_roTrue_s0: PNS(V2,V3) exact: (0.70713, 0.8487600000000001)
2026-02-02 16:19:15,194|INFO|random_mc2_n5_mid3_d1000_05_mr098_r10_17_uai_GDCC_1e-09_n200_roFalse_s0: Loading data from ../models/synthetic/s123/random_mc2_n5_mid3_d1000_05_mr098_r10_17.csv
2026-02-02 16:19:15,211|INFO|random_mc2_n5_mid3_d1000_05_mr098_r10_17_uai_GDCC_1e-09_n200_roFalse_s0: PNS(V2,V0) exact: (0.0009668192, 0.0226223524444999)
2026-02-02 16:19:15,225|INFO|random_mc2_n6_mid3_d1000_05_mr098_r10_15_uai_GDCC_1e-09_n200_roFalse_s0: Loading model from ../models/synthetic/s123/random_mc2_n6_mid3_d1000_05_mr098_r10_15.uai
2026-02-02 16:19:15,228|INFO|random_mc2_n5_mid3_d1000_05_mr098_r10_95_uai_GDCC_1e-09_n200_roTrue_s0: Loading model from ../models/synthetic/s123/random_mc2_n5_mid3_d1000_05_mr098_r10_95.uai
2026-02-02 16:19:15,230|INFO|random_mc2_n5_mid3_d1000_05_mr098_r10_156_uai_GDCC_1e-09_n200_roTrue_s0: Loading model from ../models/synthetic/s123/random_mc2_n5_mid3_d1000_05_mr098_r10_156.uai
2026-02-02 16:19:15,260|INFO|random_mc2_n9_mid3_d1000_05_mr098_r10_122_uai_GDCC_1e-09_n200_roTrue_s0: Loading model from ../models/synthetic/s123/random_mc2_n9_mid3_d1000_05_mr098_r10_122.uai
2026-02-02 16:19:15,232|INFO|random_mc2_n6_mid3_d1000_05_mr098_r10_15_uai_GDCC_1e-09_n200_roFalse_s0: Loading data from ../models/synthetic/s123/random_mc2_n6_mid3_d1000_05_mr098_r10_15.csv
2026-02-02 16:19:15,242|INFO|random_mc2_n6_mid3_d1000_05_mr098_r10_15_uai_GDCC_1e-09_n200_roFalse_s0: PNS(V2,V5) exact: (5.70302784e-05, 0.0612875741534)
2026-02-02 16:19:15,235|INFO|random_mc2_n5_mid3_d1000_05_mr098_r10_95_uai_GDCC_1e-09_n200_roTrue_s0: Loading data from ../models/synthetic/s123/random_mc2_n5_mid3_d1000_05_mr098_r10_95.csv
2026-02-02 16:19:15,245|INFO|random_mc2_n5_mid3_d1000_05_mr098_r10_95_uai_GDCC_1e-09_n200_roTrue_s0: PNS(V2,V3) exact: (0.0, 0.0190074356112)
2026-02-02 16:19:15,237|INFO|random_mc2_n5_mid3_d1000_05_mr098_r10_156_uai_GDCC_1e-09_n200_roTrue_s0: Loading data from ../models/synthetic/s123/random_mc2_n5_mid3_d1000_05_mr098_r10_156.csv
2026-02-02 16:19:15,251|INFO|random_mc2_n5_mid3_d1000_05_mr098_r10_156_uai_GDCC_1e-09_n200_roTrue_s0: PNS(V0,V3) exact: (0.013315773, 0.1754779742999999)
2026-02-02 16:19:15,340|INFO|random_mc2_n9_mid3_d1000_05_mr098_r10_138_uai_GDCC_1e-09_n200_roTrue_s0: Loading model from ../models/synthetic/s123/random_mc2_n9_mid3_d1000_05_mr098_r10_138.uai
2026-02-02 16:19:15,344|INFO|random_mc2_n9_mid3_d1000_05_mr098_r10_133_uai_GDCC_1e-09_n200_roFalse_s0: Loading model from ../models/synthetic/s123/random_mc2_n9_mid3_d1000_05_mr098_r10_133.uai
2026-02-02 16:19:15,351|INFO|random_mc2_n7_mid3_d1000_05_mr098_r10_163_uai_GDCC_1e-09_n200_roTrue_s0: Loading model from ../models/synthetic/s123/random_mc2_n7_mid3_d1000_05_mr098_r10_163.uai
2026-02-02 16:19:15,356|INFO|random_mc2_n6_mid3_d1000_05_mr098_r10_104_uai_GDCC_1e-09_n200_roFalse_s0: Loading model from ../models/synthetic/s123/random_mc2_n6_mid3_d1000_05_mr098_r10_104.uai
2026-02-02 16:19:15,361|INFO|random_mc2_n5_mid3_d1000_05_mr098_r10_105_uai_GDCC_1e-09_n200_roTrue_s0: Loading model from ../models/synthetic/s123/random_mc2_n5_mid3_d1000_05_mr098_r10_105.uai
2026-02-02 16:19:15,353|INFO|random_mc2_n9_mid3_d1000_05_mr098_r10_138_uai_GDCC_1e-09_n200_roTrue_s0: Loading data from ../models/synthetic/s123/random_mc2_n9_mid3_d1000_05_mr098_r10_138.csv
2026-02-02 16:19:15,366|INFO|random_mc2_n9_mid3_d1000_05_mr098_r10_138_uai_GDCC_1e-09_n200_roTrue_s0: PNS(V2,V8) exact: (0.3533990588217299, 0.3586598451414463)
2026-02-02 16:19:15,358|INFO|random_mc2_n9_mid3_d1000_05_mr098_r10_133_uai_GDCC_1e-09_n200_roFalse_s0: Loading data from ../models/synthetic/s123/random_mc2_n9_mid3_d1000_05_mr098_r10_133.csv
2026-02-02 16:19:15,365|ERROR|random_mc2_n9_mid3_d1000_05_mr098_r10_133_uai_GDCC_1e-09_n200_roFalse_s0: File exists, not rewriting.
2026-02-02 16:19:15,365|INFO|random_mc2_n7_mid3_d1000_05_mr098_r10_163_uai_GDCC_1e-09_n200_roTrue_s0: Loading data from ../models/synthetic/s123/random_mc2_n7_mid3_d1000_05_mr098_r10_163.csv
2026-02-02 16:19:15,378|INFO|random_mc2_n7_mid3_d1000_05_mr098_r10_163_uai_GDCC_1e-09_n200_roTrue_s0: PNS(V0,V4) exact: (0.043281704345418, 0.2976756657121581)
2026-02-02 16:19:15,384|INFO|random_mc2_n6_mid3_d1000_05_mr098_r10_104_uai_GDCC_1e-09_n200_roFalse_s0: Loading data from ../models/synthetic/s123/random_mc2_n6_mid3_d1000_05_mr098_r10_104.csv
2026-02-02 16:19:15,392|ERROR|random_mc2_n6_mid3_d1000_05_mr098_r10_104_uai_GDCC_1e-09_n200_roFalse_s0: File exists, not rewriting.
2026-02-02 16:19:15,368|INFO|random_mc2_n5_mid3_d1000_05_mr098_r10_105_uai_GDCC_1e-09_n200_roTrue_s0: Loading data from ../models/synthetic/s123/random_mc2_n5_mid3_d1000_05_mr098_r10_105.csv
2026-02-02 16:19:15,375|ERROR|random_mc2_n5_mid3_d1000_05_mr098_r10_105_uai_GDCC_1e-09_n200_roTrue_s0: File exists, not rewriting.
2026-02-02 16:19:15,510|INFO|random_mc2_n9_mid3_d1000_05_mr098_r10_122_uai_GDCC_1e-09_n200_roTrue_s0: Loading data from ../models/synthetic/s123/random_mc2_n9_mid3_d1000_05_mr098_r10_122.csv
2026-02-02 16:19:15,520|ERROR|random_mc2_n9_mid3_d1000_05_mr098_r10_122_uai_GDCC_1e-09_n200_roTrue_s0: File exists, not rewriting.
2026-02-02 16:19:17,233|INFO|random_mc2_n9_mid3_d1000_05_mr098_r10_198_uai_GDCC_1e-09_n200_roFalse_s0: Loading model from ../models/synthetic/s123/random_mc2_n9_mid3_d1000_05_mr098_r10_198.uai
2026-02-02 16:19:17,245|INFO|random_mc2_n9_mid3_d1000_05_mr098_r10_198_uai_GDCC_1e-09_n200_roFalse_s0: Loading data from ../models/synthetic/s123/random_mc2_n9_mid3_d1000_05_mr098_r10_198.csv
2026-02-02 16:19:17,251|ERROR|random_mc2_n9_mid3_d1000_05_mr098_r10_198_uai_GDCC_1e-09_n200_roFalse_s0: File exists, not rewriting.
2026-02-02 16:19:19,819|INFO|random_mc2_n6_mid3_d1000_05_mr098_r10_180_uai_GDCC_1e-09_n200_roTrue_s0: Loading model from ../models/synthetic/s123/random_mc2_n6_mid3_d1000_05_mr098_r10_180.uai
2026-02-02 16:19:19,832|INFO|random_mc2_n6_mid3_d1000_05_mr098_r10_180_uai_GDCC_1e-09_n200_roTrue_s0: Loading data from ../models/synthetic/s123/random_mc2_n6_mid3_d1000_05_mr098_r10_180.csv
2026-02-02 16:19:19,840|ERROR|random_mc2_n6_mid3_d1000_05_mr098_r10_180_uai_GDCC_1e-09_n200_roTrue_s0: File exists, not rewriting.
2026-02-02 16:19:27,138|INFO|random_mc2_n8_mid3_d1000_05_mr098_r10_152_uai_GDCC_1e-09_n200_roFalse_s0: Loading model from ../models/synthetic/s123/random_mc2_n8_mid3_d1000_05_mr098_r10_152.uai
2026-02-02 16:19:27,168|INFO|random_mc2_n6_mid3_d1000_05_mr098_r10_145_uai_GDCC_1e-09_n200_roTrue_s0: Loading model from ../models/synthetic/s123/random_mc2_n6_mid3_d1000_05_mr098_r10_145.uai
2026-02-02 16:19:27,174|INFO|random_mc2_n9_mid3_d1000_05_mr098_r10_177_uai_GDCC_1e-09_n200_roFalse_s0: Loading model from ../models/synthetic/s123/random_mc2_n9_mid3_d1000_05_mr098_r10_177.uai
2026-02-02 16:19:27,153|INFO|random_mc2_n8_mid3_d1000_05_mr098_r10_152_uai_GDCC_1e-09_n200_roFalse_s0: Loading data from ../models/synthetic/s123/random_mc2_n8_mid3_d1000_05_mr098_r10_152.csv
2026-02-02 16:19:27,162|ERROR|random_mc2_n8_mid3_d1000_05_mr098_r10_152_uai_GDCC_1e-09_n200_roFalse_s0: File exists, not rewriting.
2026-02-02 16:19:27,187|INFO|random_mc2_n6_mid3_d1000_05_mr098_r10_145_uai_GDCC_1e-09_n200_roTrue_s0: Loading data from ../models/synthetic/s123/random_mc2_n6_mid3_d1000_05_mr098_r10_145.csv
2026-02-02 16:19:27,193|ERROR|random_mc2_n6_mid3_d1000_05_mr098_r10_145_uai_GDCC_1e-09_n200_roTrue_s0: File exists, not rewriting.
2026-02-02 16:19:27,193|INFO|random_mc2_n9_mid3_d1000_05_mr098_r10_177_uai_GDCC_1e-09_n200_roFalse_s0: Loading data from ../models/synthetic/s123/random_mc2_n9_mid3_d1000_05_mr098_r10_177.csv
2026-02-02 16:19:27,199|ERROR|random_mc2_n9_mid3_d1000_05_mr098_r10_177_uai_GDCC_1e-09_n200_roFalse_s0: File exists, not rewriting.
2026-02-02 16:19:27,218|INFO|random_mc2_n9_mid3_d1000_05_mr098_r10_2_uai_GDCC_1e-09_n200_roFalse_s0: Loading model from ../models/synthetic/s123/random_mc2_n9_mid3_d1000_05_mr098_r10_2.uai
2026-02-02 16:19:27,252|INFO|random_mc2_n5_mid3_d1000_05_mr098_r10_124_uai_GDCC_1e-09_n200_roFalse_s0: Loading model from ../models/synthetic/s123/random_mc2_n5_mid3_d1000_05_mr098_r10_124.uai
2026-02-02 16:19:27,234|INFO|random_mc2_n9_mid3_d1000_05_mr098_r10_2_uai_GDCC_1e-09_n200_roFalse_s0: Loading data from ../models/synthetic/s123/random_mc2_n9_mid3_d1000_05_mr098_r10_2.csv
2026-02-02 16:19:27,240|ERROR|random_mc2_n9_mid3_d1000_05_mr098_r10_2_uai_GDCC_1e-09_n200_roFalse_s0: File exists, not rewriting.
2026-02-02 16:19:27,259|INFO|random_mc2_n5_mid3_d1000_05_mr098_r10_124_uai_GDCC_1e-09_n200_roFalse_s0: Loading data from ../models/synthetic/s123/random_mc2_n5_mid3_d1000_05_mr098_r10_124.csv
2026-02-02 16:19:27,269|INFO|random_mc2_n5_mid3_d1000_05_mr098_r10_124_uai_GDCC_1e-09_n200_roFalse_s0: PNS(V4,V1) exact: (0.00019924659568, 0.05078698676936)
2026-02-02 16:19:27,353|INFO|random_mc2_n7_mid3_d1000_05_mr098_r10_6_uai_GDCC_1e-09_n200_roTrue_s0: Loading model from ../models/synthetic/s123/random_mc2_n7_mid3_d1000_05_mr098_r10_6.uai
2026-02-02 16:19:27,367|INFO|random_mc2_n9_mid3_d1000_05_mr098_r10_45_uai_GDCC_1e-09_n200_roFalse_s0: Loading model from ../models/synthetic/s123/random_mc2_n9_mid3_d1000_05_mr098_r10_45.uai
2026-02-02 16:19:27,387|INFO|random_mc2_n6_mid3_d1000_05_mr098_r10_13_uai_GDCC_1e-09_n200_roFalse_s0: Loading model from ../models/synthetic/s123/random_mc2_n6_mid3_d1000_05_mr098_r10_13.uai
2026-02-02 16:19:27,369|INFO|random_mc2_n7_mid3_d1000_05_mr098_r10_6_uai_GDCC_1e-09_n200_roTrue_s0: Loading data from ../models/synthetic/s123/random_mc2_n7_mid3_d1000_05_mr098_r10_6.csv
2026-02-02 16:19:27,378|INFO|random_mc2_n7_mid3_d1000_05_mr098_r10_6_uai_GDCC_1e-09_n200_roTrue_s0: PNS(V2,V3) exact: (0.0, 0.0284169509445683)
2026-02-02 16:19:27,376|INFO|random_mc2_n9_mid3_d1000_05_mr098_r10_45_uai_GDCC_1e-09_n200_roFalse_s0: Loading data from ../models/synthetic/s123/random_mc2_n9_mid3_d1000_05_mr098_r10_45.csv
2026-02-02 16:19:27,386|INFO|random_mc2_n9_mid3_d1000_05_mr098_r10_45_uai_GDCC_1e-09_n200_roFalse_s0: PNS(V4,V5) exact: (0.0019792379219094, 0.0020994991224765)
2026-02-02 16:19:27,426|INFO|random_mc2_n5_mid3_d1000_05_mr098_r10_151_uai_GDCC_1e-09_n200_roTrue_s0: Loading model from ../models/synthetic/s123/random_mc2_n5_mid3_d1000_05_mr098_r10_151.uai
2026-02-02 16:19:27,395|INFO|random_mc2_n6_mid3_d1000_05_mr098_r10_13_uai_GDCC_1e-09_n200_roFalse_s0: Loading data from ../models/synthetic/s123/random_mc2_n6_mid3_d1000_05_mr098_r10_13.csv
2026-02-02 16:19:27,401|ERROR|random_mc2_n6_mid3_d1000_05_mr098_r10_13_uai_GDCC_1e-09_n200_roFalse_s0: File exists, not rewriting.
2026-02-02 16:19:27,435|INFO|random_mc2_n7_mid3_d1000_05_mr098_r10_61_uai_GDCC_1e-09_n200_roTrue_s0: Loading model from ../models/synthetic/s123/random_mc2_n7_mid3_d1000_05_mr098_r10_61.uai
2026-02-02 16:19:27,442|INFO|random_mc2_n6_mid3_d1000_05_mr098_r10_18_uai_GDCC_1e-09_n200_roFalse_s0: Loading model from ../models/synthetic/s123/random_mc2_n6_mid3_d1000_05_mr098_r10_18.uai
2026-02-02 16:19:27,452|INFO|random_mc2_n7_mid3_d1000_05_mr098_r10_55_uai_GDCC_1e-09_n200_roFalse_s0: Loading model from ../models/synthetic/s123/random_mc2_n7_mid3_d1000_05_mr098_r10_55.uai
2026-02-02 16:19:27,435|INFO|random_mc2_n5_mid3_d1000_05_mr098_r10_151_uai_GDCC_1e-09_n200_roTrue_s0: Loading data from ../models/synthetic/s123/random_mc2_n5_mid3_d1000_05_mr098_r10_151.csv
2026-02-02 16:19:27,445|INFO|random_mc2_n5_mid3_d1000_05_mr098_r10_151_uai_GDCC_1e-09_n200_roTrue_s0: PNS(V1,V2) exact: (0.0, 0.3129183631)
2026-02-02 16:19:27,450|INFO|random_mc2_n7_mid3_d1000_05_mr098_r10_61_uai_GDCC_1e-09_n200_roTrue_s0: Loading data from ../models/synthetic/s123/random_mc2_n7_mid3_d1000_05_mr098_r10_61.csv
2026-02-02 16:19:27,456|ERROR|random_mc2_n7_mid3_d1000_05_mr098_r10_61_uai_GDCC_1e-09_n200_roTrue_s0: File exists, not rewriting.
2026-02-02 16:19:27,452|INFO|random_mc2_n6_mid3_d1000_05_mr098_r10_18_uai_GDCC_1e-09_n200_roFalse_s0: Loading data from ../models/synthetic/s123/random_mc2_n6_mid3_d1000_05_mr098_r10_18.csv
2026-02-02 16:19:27,463|INFO|random_mc2_n6_mid3_d1000_05_mr098_r10_18_uai_GDCC_1e-09_n200_roFalse_s0: PNS(V3,V5) exact: (0.0, 0.0426073822)
2026-02-02 16:19:27,484|INFO|random_mc2_n5_mid3_d1000_05_mr098_r10_163_uai_GDCC_1e-09_n200_roFalse_s0: Loading model from ../models/synthetic/s123/random_mc2_n5_mid3_d1000_05_mr098_r10_163.uai
2026-02-02 16:19:27,486|INFO|random_mc2_n5_mid3_d1000_05_mr098_r10_53_uai_GDCC_1e-09_n200_roFalse_s0: Loading model from ../models/synthetic/s123/random_mc2_n5_mid3_d1000_05_mr098_r10_53.uai
2026-02-02 16:19:27,490|INFO|random_mc2_n6_mid3_d1000_05_mr098_r10_153_uai_GDCC_1e-09_n200_roFalse_s0: Loading model from ../models/synthetic/s123/random_mc2_n6_mid3_d1000_05_mr098_r10_153.uai
2026-02-02 16:19:27,460|INFO|random_mc2_n7_mid3_d1000_05_mr098_r10_55_uai_GDCC_1e-09_n200_roFalse_s0: Loading data from ../models/synthetic/s123/random_mc2_n7_mid3_d1000_05_mr098_r10_55.csv
2026-02-02 16:19:27,471|INFO|random_mc2_n7_mid3_d1000_05_mr098_r10_55_uai_GDCC_1e-09_n200_roFalse_s0: PNS(V1,V2) exact: (0.0, 0.16491582811524)
2026-02-02 16:19:27,497|INFO|random_mc2_n6_mid3_d1000_05_mr098_r10_115_uai_GDCC_1e-09_n200_roFalse_s0: Loading model from ../models/synthetic/s123/random_mc2_n6_mid3_d1000_05_mr098_r10_115.uai
2026-02-02 16:19:27,500|INFO|random_mc2_n8_mid3_d1000_05_mr098_r10_146_uai_GDCC_1e-09_n200_roTrue_s0: Loading model from ../models/synthetic/s123/random_mc2_n8_mid3_d1000_05_mr098_r10_146.uai
2026-02-02 16:19:27,491|INFO|random_mc2_n5_mid3_d1000_05_mr098_r10_163_uai_GDCC_1e-09_n200_roFalse_s0: Loading data from ../models/synthetic/s123/random_mc2_n5_mid3_d1000_05_mr098_r10_163.csv
2026-02-02 16:19:27,502|INFO|random_mc2_n5_mid3_d1000_05_mr098_r10_163_uai_GDCC_1e-09_n200_roFalse_s0: PNS(V0,V4) exact: (0.0140736103, 0.0557529839)
2026-02-02 16:19:27,491|INFO|random_mc2_n5_mid3_d1000_05_mr098_r10_53_uai_GDCC_1e-09_n200_roFalse_s0: Loading data from ../models/synthetic/s123/random_mc2_n5_mid3_d1000_05_mr098_r10_53.csv
2026-02-02 16:19:27,502|INFO|random_mc2_n5_mid3_d1000_05_mr098_r10_53_uai_GDCC_1e-09_n200_roFalse_s0: PNS(V0,V1) exact: (0.0, 0.0)
2026-02-02 16:19:27,502|ERROR|random_mc2_n5_mid3_d1000_05_mr098_r10_53_uai_GDCC_1e-09_n200_roFalse_s0: Model does not have any cause-effect path.
2026-02-02 16:19:27,500|INFO|random_mc2_n6_mid3_d1000_05_mr098_r10_153_uai_GDCC_1e-09_n200_roFalse_s0: Loading data from ../models/synthetic/s123/random_mc2_n6_mid3_d1000_05_mr098_r10_153.csv
2026-02-02 16:19:27,507|ERROR|random_mc2_n6_mid3_d1000_05_mr098_r10_153_uai_GDCC_1e-09_n200_roFalse_s0: File exists, not rewriting.
2026-02-02 16:19:27,514|INFO|random_mc2_n6_mid3_d1000_05_mr098_r10_115_uai_GDCC_1e-09_n200_roFalse_s0: Loading data from ../models/synthetic/s123/random_mc2_n6_mid3_d1000_05_mr098_r10_115.csv
2026-02-02 16:19:27,520|ERROR|random_mc2_n6_mid3_d1000_05_mr098_r10_115_uai_GDCC_1e-09_n200_roFalse_s0: File exists, not rewriting.
2026-02-02 16:19:27,516|INFO|random_mc2_n8_mid3_d1000_05_mr098_r10_146_uai_GDCC_1e-09_n200_roTrue_s0: Loading data from ../models/synthetic/s123/random_mc2_n8_mid3_d1000_05_mr098_r10_146.csv
2026-02-02 16:19:27,523|ERROR|random_mc2_n8_mid3_d1000_05_mr098_r10_146_uai_GDCC_1e-09_n200_roTrue_s0: File exists, not rewriting.
2026-02-02 16:19:27,598|INFO|random_mc2_n9_mid3_d1000_05_mr098_r10_2_uai_GDCC_1e-09_n200_roTrue_s0: Loading model from ../models/synthetic/s123/random_mc2_n9_mid3_d1000_05_mr098_r10_2.uai
2026-02-02 16:19:27,616|INFO|random_mc2_n9_mid3_d1000_05_mr098_r10_2_uai_GDCC_1e-09_n200_roTrue_s0: Loading data from ../models/synthetic/s123/random_mc2_n9_mid3_d1000_05_mr098_r10_2.csv
2026-02-02 16:19:27,623|ERROR|random_mc2_n9_mid3_d1000_05_mr098_r10_2_uai_GDCC_1e-09_n200_roTrue_s0: File exists, not rewriting.
2026-02-02 16:19:28,737|INFO|random_mc2_n5_mid3_d1000_05_mr098_r10_110_uai_GDCC_1e-09_n200_roFalse_s0: Loading model from ../models/synthetic/s123/random_mc2_n5_mid3_d1000_05_mr098_r10_110.uai
2026-02-02 16:19:28,747|INFO|random_mc2_n7_mid3_d1000_05_mr098_r10_47_uai_GDCC_1e-09_n200_roTrue_s0: Loading model from ../models/synthetic/s123/random_mc2_n7_mid3_d1000_05_mr098_r10_47.uai
2026-02-02 16:19:28,751|INFO|random_mc2_n6_mid3_d1000_05_mr098_r10_189_uai_GDCC_1e-09_n200_roTrue_s0: Loading model from ../models/synthetic/s123/random_mc2_n6_mid3_d1000_05_mr098_r10_189.uai
2026-02-02 16:19:28,772|INFO|random_mc2_n5_mid3_d1000_05_mr098_r10_144_uai_GDCC_1e-09_n200_roTrue_s0: Loading model from ../models/synthetic/s123/random_mc2_n5_mid3_d1000_05_mr098_r10_144.uai
2026-02-02 16:19:28,750|INFO|random_mc2_n5_mid3_d1000_05_mr098_r10_110_uai_GDCC_1e-09_n200_roFalse_s0: Loading data from ../models/synthetic/s123/random_mc2_n5_mid3_d1000_05_mr098_r10_110.csv
2026-02-02 16:19:28,756|ERROR|random_mc2_n5_mid3_d1000_05_mr098_r10_110_uai_GDCC_1e-09_n200_roFalse_s0: File exists, not rewriting.
2026-02-02 16:19:28,759|INFO|random_mc2_n7_mid3_d1000_05_mr098_r10_47_uai_GDCC_1e-09_n200_roTrue_s0: Loading data from ../models/synthetic/s123/random_mc2_n7_mid3_d1000_05_mr098_r10_47.csv
2026-02-02 16:19:28,770|INFO|random_mc2_n7_mid3_d1000_05_mr098_r10_47_uai_GDCC_1e-09_n200_roTrue_s0: PNS(V3,V6) exact: (0.1989106159359959, 0.311362706666494)
2026-02-02 16:19:28,761|INFO|random_mc2_n6_mid3_d1000_05_mr098_r10_189_uai_GDCC_1e-09_n200_roTrue_s0: Loading data from ../models/synthetic/s123/random_mc2_n6_mid3_d1000_05_mr098_r10_189.csv
2026-02-02 16:19:28,771|INFO|random_mc2_n6_mid3_d1000_05_mr098_r10_189_uai_GDCC_1e-09_n200_roTrue_s0: PNS(V3,V1) exact: (0.6089314630473477, 0.6883287464300636)
2026-02-02 16:19:28,783|INFO|random_mc2_n5_mid3_d1000_05_mr098_r10_144_uai_GDCC_1e-09_n200_roTrue_s0: Loading data from ../models/synthetic/s123/random_mc2_n5_mid3_d1000_05_mr098_r10_144.csv
2026-02-02 16:19:28,793|INFO|random_mc2_n5_mid3_d1000_05_mr098_r10_144_uai_GDCC_1e-09_n200_roTrue_s0: PNS(V3,V1) exact: (0.385300924512895, 0.578062212781675)
2026-02-02 16:19:28,854|INFO|random_mc2_n6_mid3_d1000_05_mr098_r10_133_uai_GDCC_1e-09_n200_roFalse_s0: Loading model from ../models/synthetic/s123/random_mc2_n6_mid3_d1000_05_mr098_r10_133.uai
2026-02-02 16:19:28,866|INFO|random_mc2_n5_mid3_d1000_05_mr098_r10_126_uai_GDCC_1e-09_n200_roTrue_s0: Loading model from ../models/synthetic/s123/random_mc2_n5_mid3_d1000_05_mr098_r10_126.uai
2026-02-02 16:19:28,891|INFO|random_mc2_n7_mid3_d1000_05_mr098_r10_65_uai_GDCC_1e-09_n200_roTrue_s0: Loading model from ../models/synthetic/s123/random_mc2_n7_mid3_d1000_05_mr098_r10_65.uai
2026-02-02 16:19:28,905|INFO|random_mc2_n5_mid3_d1000_05_mr098_r10_37_uai_GDCC_1e-09_n200_roFalse_s0: Loading model from ../models/synthetic/s123/random_mc2_n5_mid3_d1000_05_mr098_r10_37.uai
2026-02-02 16:19:28,876|INFO|random_mc2_n5_mid3_d1000_05_mr098_r10_126_uai_GDCC_1e-09_n200_roTrue_s0: Loading data from ../models/synthetic/s123/random_mc2_n5_mid3_d1000_05_mr098_r10_126.csv
2026-02-02 16:19:28,886|INFO|random_mc2_n5_mid3_d1000_05_mr098_r10_126_uai_GDCC_1e-09_n200_roTrue_s0: PNS(V4,V0) exact: (0.425783788558646, 0.655405962193344)
2026-02-02 16:19:28,901|INFO|random_mc2_n7_mid3_d1000_05_mr098_r10_65_uai_GDCC_1e-09_n200_roTrue_s0: Loading data from ../models/synthetic/s123/random_mc2_n7_mid3_d1000_05_mr098_r10_65.csv
2026-02-02 16:19:28,911|INFO|random_mc2_n7_mid3_d1000_05_mr098_r10_65_uai_GDCC_1e-09_n200_roTrue_s0: PNS(V1,V0) exact: (0.1520312774315468, 0.2103249985205253)
2026-02-02 16:19:28,940|INFO|random_mc2_n7_mid3_d1000_05_mr098_r10_81_uai_GDCC_1e-09_n200_roFalse_s0: Loading model from ../models/synthetic/s123/random_mc2_n7_mid3_d1000_05_mr098_r10_81.uai
2026-02-02 16:19:28,914|INFO|random_mc2_n5_mid3_d1000_05_mr098_r10_37_uai_GDCC_1e-09_n200_roFalse_s0: Loading data from ../models/synthetic/s123/random_mc2_n5_mid3_d1000_05_mr098_r10_37.csv
2026-02-02 16:19:28,925|INFO|random_mc2_n5_mid3_d1000_05_mr098_r10_37_uai_GDCC_1e-09_n200_roFalse_s0: PNS(V1,V4) exact: (0.0030091049999999, 0.160852525)
2026-02-02 16:19:28,954|INFO|random_mc2_n6_mid3_d1000_05_mr098_r10_11_uai_GDCC_1e-09_n200_roFalse_s0: Loading model from ../models/synthetic/s123/random_mc2_n6_mid3_d1000_05_mr098_r10_11.uai
2026-02-02 16:19:28,954|INFO|random_mc2_n7_mid3_d1000_05_mr098_r10_81_uai_GDCC_1e-09_n200_roFalse_s0: Loading data from ../models/synthetic/s123/random_mc2_n7_mid3_d1000_05_mr098_r10_81.csv
2026-02-02 16:19:28,964|INFO|random_mc2_n7_mid3_d1000_05_mr098_r10_81_uai_GDCC_1e-09_n200_roFalse_s0: PNS(V4,V5) exact: (4.627372247959759e-07, 0.1171699848954117)
2026-02-02 16:19:28,966|INFO|random_mc2_n6_mid3_d1000_05_mr098_r10_11_uai_GDCC_1e-09_n200_roFalse_s0: Loading data from ../models/synthetic/s123/random_mc2_n6_mid3_d1000_05_mr098_r10_11.csv
2026-02-02 16:19:28,974|INFO|random_mc2_n6_mid3_d1000_05_mr098_r10_11_uai_GDCC_1e-09_n200_roFalse_s0: PNS(V5,V0) exact: (0.226887276, 0.345199661)
2026-02-02 16:19:29,009|INFO|random_mc2_n5_mid3_d1000_05_mr098_r10_77_uai_GDCC_1e-09_n200_roFalse_s0: Loading model from ../models/synthetic/s123/random_mc2_n5_mid3_d1000_05_mr098_r10_77.uai
2026-02-02 16:19:29,015|INFO|random_mc2_n5_mid3_d1000_05_mr098_r10_77_uai_GDCC_1e-09_n200_roFalse_s0: Loading data from ../models/synthetic/s123/random_mc2_n5_mid3_d1000_05_mr098_r10_77.csv
2026-02-02 16:19:29,024|INFO|random_mc2_n5_mid3_d1000_05_mr098_r10_77_uai_GDCC_1e-09_n200_roFalse_s0: PNS(V0,V4) exact: (0.0008196438446000002, 0.0193377889897999)
2026-02-02 16:19:29,072|INFO|random_mc2_n6_mid3_d1000_05_mr098_r10_133_uai_GDCC_1e-09_n200_roFalse_s0: Loading data from ../models/synthetic/s123/random_mc2_n6_mid3_d1000_05_mr098_r10_133.csv
2026-02-02 16:19:29,079|ERROR|random_mc2_n6_mid3_d1000_05_mr098_r10_133_uai_GDCC_1e-09_n200_roFalse_s0: File exists, not rewriting.
2026-02-02 16:19:29,746|INFO|random_mc2_n6_mid3_d1000_05_mr098_r10_60_uai_GDCC_1e-09_n200_roFalse_s0: Loading model from ../models/synthetic/s123/random_mc2_n6_mid3_d1000_05_mr098_r10_60.uai
2026-02-02 16:19:29,760|INFO|random_mc2_n6_mid3_d1000_05_mr098_r10_60_uai_GDCC_1e-09_n200_roFalse_s0: Loading data from ../models/synthetic/s123/random_mc2_n6_mid3_d1000_05_mr098_r10_60.csv
2026-02-02 16:19:29,771|INFO|random_mc2_n6_mid3_d1000_05_mr098_r10_60_uai_GDCC_1e-09_n200_roFalse_s0: PNS(V2,V1) exact: (0.01063473235, 0.0254823380132)
2026-02-02 16:19:37,401|INFO|random_mc2_n6_mid3_d1000_05_mr098_r10_154_uai_GDCC_1e-09_n200_roFalse_s0: Loading model from ../models/synthetic/s123/random_mc2_n6_mid3_d1000_05_mr098_r10_154.uai
2026-02-02 16:19:37,414|INFO|random_mc2_n6_mid3_d1000_05_mr098_r10_154_uai_GDCC_1e-09_n200_roFalse_s0: Loading data from ../models/synthetic/s123/random_mc2_n6_mid3_d1000_05_mr098_r10_154.csv
2026-02-02 16:19:37,420|ERROR|random_mc2_n6_mid3_d1000_05_mr098_r10_154_uai_GDCC_1e-09_n200_roFalse_s0: File exists, not rewriting.
2026-02-02 16:19:40,622|INFO|random_mc2_n9_mid3_d1000_05_mr098_r10_182_uai_GDCC_1e-09_n200_roTrue_s0: Loading model from ../models/synthetic/s123/random_mc2_n9_mid3_d1000_05_mr098_r10_182.uai
2026-02-02 16:19:40,642|INFO|random_mc2_n9_mid3_d1000_05_mr098_r10_182_uai_GDCC_1e-09_n200_roTrue_s0: Loading data from ../models/synthetic/s123/random_mc2_n9_mid3_d1000_05_mr098_r10_182.csv
2026-02-02 16:19:40,654|ERROR|random_mc2_n9_mid3_d1000_05_mr098_r10_182_uai_GDCC_1e-09_n200_roTrue_s0: File exists, not rewriting.
2026-02-02 16:19:41,172|INFO|random_mc2_n5_mid3_d1000_05_mr098_r10_127_uai_GDCC_1e-09_n200_roFalse_s0: Loading model from ../models/synthetic/s123/random_mc2_n5_mid3_d1000_05_mr098_r10_127.uai
2026-02-02 16:19:41,203|INFO|random_mc2_n5_mid3_d1000_05_mr098_r10_149_uai_GDCC_1e-09_n200_roFalse_s0: Loading model from ../models/synthetic/s123/random_mc2_n5_mid3_d1000_05_mr098_r10_149.uai
2026-02-02 16:19:41,190|INFO|random_mc2_n5_mid3_d1000_05_mr098_r10_127_uai_GDCC_1e-09_n200_roFalse_s0: Loading data from ../models/synthetic/s123/random_mc2_n5_mid3_d1000_05_mr098_r10_127.csv
2026-02-02 16:19:41,200|ERROR|random_mc2_n5_mid3_d1000_05_mr098_r10_127_uai_GDCC_1e-09_n200_roFalse_s0: File exists, not rewriting.
2026-02-02 16:19:41,238|INFO|random_mc2_n5_mid3_d1000_05_mr098_r10_109_uai_GDCC_1e-09_n200_roFalse_s0: Loading model from ../models/synthetic/s123/random_mc2_n5_mid3_d1000_05_mr098_r10_109.uai
2026-02-02 16:19:41,209|INFO|random_mc2_n5_mid3_d1000_05_mr098_r10_149_uai_GDCC_1e-09_n200_roFalse_s0: Loading data from ../models/synthetic/s123/random_mc2_n5_mid3_d1000_05_mr098_r10_149.csv
2026-02-02 16:19:41,218|INFO|random_mc2_n5_mid3_d1000_05_mr098_r10_149_uai_GDCC_1e-09_n200_roFalse_s0: PNS(V3,V0) exact: (0.0, 0.014418359495816)
2026-02-02 16:19:41,248|INFO|random_mc2_n9_mid3_d1000_05_mr098_r10_132_uai_GDCC_1e-09_n200_roFalse_s0: Loading model from ../models/synthetic/s123/random_mc2_n9_mid3_d1000_05_mr098_r10_132.uai
2026-02-02 16:19:41,243|INFO|random_mc2_n5_mid3_d1000_05_mr098_r10_109_uai_GDCC_1e-09_n200_roFalse_s0: Loading data from ../models/synthetic/s123/random_mc2_n5_mid3_d1000_05_mr098_r10_109.csv
2026-02-02 16:19:41,254|INFO|random_mc2_n5_mid3_d1000_05_mr098_r10_109_uai_GDCC_1e-09_n200_roFalse_s0: PNS(V0,V4) exact: (0.0, 0.0)
2026-02-02 16:19:41,254|ERROR|random_mc2_n5_mid3_d1000_05_mr098_r10_109_uai_GDCC_1e-09_n200_roFalse_s0: Model does not have any cause-effect path.
2026-02-02 16:19:41,323|INFO|random_mc2_n9_mid3_d1000_05_mr098_r10_134_uai_GDCC_1e-09_n200_roTrue_s0: Loading model from ../models/synthetic/s123/random_mc2_n9_mid3_d1000_05_mr098_r10_134.uai
2026-02-02 16:19:41,326|INFO|random_mc2_n6_mid3_d1000_05_mr098_r10_101_uai_GDCC_1e-09_n200_roTrue_s0: Loading model from ../models/synthetic/s123/random_mc2_n6_mid3_d1000_05_mr098_r10_101.uai
2026-02-02 16:19:41,351|INFO|random_mc2_n5_mid3_d1000_05_mr098_r10_74_uai_GDCC_1e-09_n200_roFalse_s0: Loading model from ../models/synthetic/s123/random_mc2_n5_mid3_d1000_05_mr098_r10_74.uai
2026-02-02 16:19:41,360|INFO|random_mc2_n6_mid3_d1000_05_mr098_r10_8_uai_GDCC_1e-09_n200_roFalse_s0: Loading model from ../models/synthetic/s123/random_mc2_n6_mid3_d1000_05_mr098_r10_8.uai
2026-02-02 16:19:41,336|INFO|random_mc2_n6_mid3_d1000_05_mr098_r10_101_uai_GDCC_1e-09_n200_roTrue_s0: Loading data from ../models/synthetic/s123/random_mc2_n6_mid3_d1000_05_mr098_r10_101.csv
2026-02-02 16:19:41,343|ERROR|random_mc2_n6_mid3_d1000_05_mr098_r10_101_uai_GDCC_1e-09_n200_roTrue_s0: File exists, not rewriting.
2026-02-02 16:19:41,364|INFO|random_mc2_n5_mid3_d1000_05_mr098_r10_74_uai_GDCC_1e-09_n200_roFalse_s0: Loading data from ../models/synthetic/s123/random_mc2_n5_mid3_d1000_05_mr098_r10_74.csv
2026-02-02 16:19:41,374|INFO|random_mc2_n5_mid3_d1000_05_mr098_r10_74_uai_GDCC_1e-09_n200_roFalse_s0: PNS(V1,V3) exact: (0.242259660626, 0.50518708548)
2026-02-02 16:19:41,398|INFO|random_mc2_n5_mid3_d1000_05_mr098_r10_153_uai_GDCC_1e-09_n200_roTrue_s0: Loading model from ../models/synthetic/s123/random_mc2_n5_mid3_d1000_05_mr098_r10_153.uai
2026-02-02 16:19:41,365|INFO|random_mc2_n6_mid3_d1000_05_mr098_r10_8_uai_GDCC_1e-09_n200_roFalse_s0: Loading data from ../models/synthetic/s123/random_mc2_n6_mid3_d1000_05_mr098_r10_8.csv
2026-02-02 16:19:41,375|INFO|random_mc2_n6_mid3_d1000_05_mr098_r10_8_uai_GDCC_1e-09_n200_roFalse_s0: PNS(V0,V3) exact: (0.0, 0.0)
2026-02-02 16:19:41,375|ERROR|random_mc2_n6_mid3_d1000_05_mr098_r10_8_uai_GDCC_1e-09_n200_roFalse_s0: Model does not have any cause-effect path.
2026-02-02 16:19:41,408|INFO|random_mc2_n6_mid3_d1000_05_mr098_r10_162_uai_GDCC_1e-09_n200_roTrue_s0: Loading model from ../models/synthetic/s123/random_mc2_n6_mid3_d1000_05_mr098_r10_162.uai
2026-02-02 16:19:41,404|INFO|random_mc2_n5_mid3_d1000_05_mr098_r10_153_uai_GDCC_1e-09_n200_roTrue_s0: Loading data from ../models/synthetic/s123/random_mc2_n5_mid3_d1000_05_mr098_r10_153.csv
2026-02-02 16:19:41,413|INFO|random_mc2_n5_mid3_d1000_05_mr098_r10_153_uai_GDCC_1e-09_n200_roTrue_s0: PNS(V3,V2) exact: (0.014386402, 0.118614199)
2026-02-02 16:19:41,446|INFO|random_mc2_n8_mid3_d1000_05_mr098_r10_177_uai_GDCC_1e-09_n200_roFalse_s0: Loading model from ../models/synthetic/s123/random_mc2_n8_mid3_d1000_05_mr098_r10_177.uai
2026-02-02 16:19:41,424|INFO|random_mc2_n6_mid3_d1000_05_mr098_r10_162_uai_GDCC_1e-09_n200_roTrue_s0: Loading data from ../models/synthetic/s123/random_mc2_n6_mid3_d1000_05_mr098_r10_162.csv
2026-02-02 16:19:41,434|INFO|random_mc2_n6_mid3_d1000_05_mr098_r10_162_uai_GDCC_1e-09_n200_roTrue_s0: PNS(V1,V5) exact: (0.15777013681104, 0.3907870473200001)
2026-02-02 16:19:41,450|INFO|random_mc2_n6_mid3_d1000_05_mr098_r10_82_uai_GDCC_1e-09_n200_roTrue_s0: Loading model from ../models/synthetic/s123/random_mc2_n6_mid3_d1000_05_mr098_r10_82.uai
2026-02-02 16:19:41,467|INFO|random_mc2_n9_mid3_d1000_05_mr098_r10_132_uai_GDCC_1e-09_n200_roFalse_s0: Loading data from ../models/synthetic/s123/random_mc2_n9_mid3_d1000_05_mr098_r10_132.csv
2026-02-02 16:19:41,474|ERROR|random_mc2_n9_mid3_d1000_05_mr098_r10_132_uai_GDCC_1e-09_n200_roFalse_s0: File exists, not rewriting.
2026-02-02 16:19:41,461|INFO|random_mc2_n6_mid3_d1000_05_mr098_r10_82_uai_GDCC_1e-09_n200_roTrue_s0: Loading data from ../models/synthetic/s123/random_mc2_n6_mid3_d1000_05_mr098_r10_82.csv
2026-02-02 16:19:41,467|ERROR|random_mc2_n6_mid3_d1000_05_mr098_r10_82_uai_GDCC_1e-09_n200_roTrue_s0: File exists, not rewriting.
2026-02-02 16:19:41,532|INFO|random_mc2_n8_mid3_d1000_05_mr098_r10_3_uai_GDCC_1e-09_n200_roTrue_s0: Loading model from ../models/synthetic/s123/random_mc2_n8_mid3_d1000_05_mr098_r10_3.uai
2026-02-02 16:19:41,541|INFO|random_mc2_n8_mid3_d1000_05_mr098_r10_177_uai_GDCC_1e-09_n200_roFalse_s0: Loading data from ../models/synthetic/s123/random_mc2_n8_mid3_d1000_05_mr098_r10_177.csv
2026-02-02 16:19:41,548|ERROR|random_mc2_n8_mid3_d1000_05_mr098_r10_177_uai_GDCC_1e-09_n200_roFalse_s0: File exists, not rewriting.
2026-02-02 16:19:41,554|INFO|random_mc2_n9_mid3_d1000_05_mr098_r10_134_uai_GDCC_1e-09_n200_roTrue_s0: Loading data from ../models/synthetic/s123/random_mc2_n9_mid3_d1000_05_mr098_r10_134.csv
2026-02-02 16:19:41,561|ERROR|random_mc2_n9_mid3_d1000_05_mr098_r10_134_uai_GDCC_1e-09_n200_roTrue_s0: File exists, not rewriting.
2026-02-02 16:19:41,542|INFO|random_mc2_n8_mid3_d1000_05_mr098_r10_3_uai_GDCC_1e-09_n200_roTrue_s0: Loading data from ../models/synthetic/s123/random_mc2_n8_mid3_d1000_05_mr098_r10_3.csv
2026-02-02 16:19:41,551|INFO|random_mc2_n8_mid3_d1000_05_mr098_r10_3_uai_GDCC_1e-09_n200_roTrue_s0: PNS(V5,V7) exact: (0.0133650763190615, 0.0741909892031331)
2026-02-02 16:19:41,740|INFO|random_mc2_n9_mid3_d1000_05_mr098_r10_122_uai_GDCC_1e-09_n200_roFalse_s0: Loading model from ../models/synthetic/s123/random_mc2_n9_mid3_d1000_05_mr098_r10_122.uai
2026-02-02 16:19:41,741|INFO|random_mc2_n5_mid3_d1000_05_mr098_r10_181_uai_GDCC_1e-09_n200_roFalse_s0: Loading model from ../models/synthetic/s123/random_mc2_n5_mid3_d1000_05_mr098_r10_181.uai
2026-02-02 16:19:41,769|INFO|random_mc2_n5_mid3_d1000_05_mr098_r10_46_uai_GDCC_1e-09_n200_roFalse_s0: Loading model from ../models/synthetic/s123/random_mc2_n5_mid3_d1000_05_mr098_r10_46.uai
2026-02-02 16:19:41,773|INFO|random_mc2_n7_mid3_d1000_05_mr098_r10_177_uai_GDCC_1e-09_n200_roTrue_s0: Loading model from ../models/synthetic/s123/random_mc2_n7_mid3_d1000_05_mr098_r10_177.uai
2026-02-02 16:19:41,781|INFO|random_mc2_n9_mid3_d1000_05_mr098_r10_126_uai_GDCC_1e-09_n200_roTrue_s0: Loading model from ../models/synthetic/s123/random_mc2_n9_mid3_d1000_05_mr098_r10_126.uai
2026-02-02 16:19:41,758|INFO|random_mc2_n5_mid3_d1000_05_mr098_r10_181_uai_GDCC_1e-09_n200_roFalse_s0: Loading data from ../models/synthetic/s123/random_mc2_n5_mid3_d1000_05_mr098_r10_181.csv
2026-02-02 16:19:41,765|ERROR|random_mc2_n5_mid3_d1000_05_mr098_r10_181_uai_GDCC_1e-09_n200_roFalse_s0: File exists, not rewriting.
2026-02-02 16:19:41,798|INFO|random_mc2_n6_mid3_d1000_05_mr098_r10_160_uai_GDCC_1e-09_n200_roTrue_s0: Loading model from ../models/synthetic/s123/random_mc2_n6_mid3_d1000_05_mr098_r10_160.uai
2026-02-02 16:19:41,779|INFO|random_mc2_n5_mid3_d1000_05_mr098_r10_46_uai_GDCC_1e-09_n200_roFalse_s0: Loading data from ../models/synthetic/s123/random_mc2_n5_mid3_d1000_05_mr098_r10_46.csv
2026-02-02 16:19:41,789|INFO|random_mc2_n5_mid3_d1000_05_mr098_r10_46_uai_GDCC_1e-09_n200_roFalse_s0: PNS(V0,V4) exact: (0.6100050528559042, 0.6100050528559042)
2026-02-02 16:19:41,780|INFO|random_mc2_n7_mid3_d1000_05_mr098_r10_177_uai_GDCC_1e-09_n200_roTrue_s0: Loading data from ../models/synthetic/s123/random_mc2_n7_mid3_d1000_05_mr098_r10_177.csv
2026-02-02 16:19:41,791|INFO|random_mc2_n7_mid3_d1000_05_mr098_r10_177_uai_GDCC_1e-09_n200_roTrue_s0: PNS(V1,V5) exact: (0.0, 0.0)
2026-02-02 16:19:41,791|ERROR|random_mc2_n7_mid3_d1000_05_mr098_r10_177_uai_GDCC_1e-09_n200_roTrue_s0: Model does not have any cause-effect path.
2026-02-02 16:19:41,804|INFO|random_mc2_n9_mid3_d1000_05_mr098_r10_126_uai_GDCC_1e-09_n200_roTrue_s0: Loading data from ../models/synthetic/s123/random_mc2_n9_mid3_d1000_05_mr098_r10_126.csv
2026-02-02 16:19:41,810|ERROR|random_mc2_n9_mid3_d1000_05_mr098_r10_126_uai_GDCC_1e-09_n200_roTrue_s0: File exists, not rewriting.
2026-02-02 16:19:41,826|INFO|random_mc2_n6_mid3_d1000_05_mr098_r10_160_uai_GDCC_1e-09_n200_roTrue_s0: Loading data from ../models/synthetic/s123/random_mc2_n6_mid3_d1000_05_mr098_r10_160.csv
2026-02-02 16:19:41,833|ERROR|random_mc2_n6_mid3_d1000_05_mr098_r10_160_uai_GDCC_1e-09_n200_roTrue_s0: File exists, not rewriting.
2026-02-02 16:19:41,857|INFO|random_mc2_n9_mid3_d1000_05_mr098_r10_137_uai_GDCC_1e-09_n200_roFalse_s0: Loading model from ../models/synthetic/s123/random_mc2_n9_mid3_d1000_05_mr098_r10_137.uai
2026-02-02 16:19:41,993|INFO|random_mc2_n9_mid3_d1000_05_mr098_r10_122_uai_GDCC_1e-09_n200_roFalse_s0: Loading data from ../models/synthetic/s123/random_mc2_n9_mid3_d1000_05_mr098_r10_122.csv
2026-02-02 16:19:42,001|ERROR|random_mc2_n9_mid3_d1000_05_mr098_r10_122_uai_GDCC_1e-09_n200_roFalse_s0: File exists, not rewriting.
2026-02-02 16:19:42,090|INFO|random_mc2_n9_mid3_d1000_05_mr098_r10_137_uai_GDCC_1e-09_n200_roFalse_s0: Loading data from ../models/synthetic/s123/random_mc2_n9_mid3_d1000_05_mr098_r10_137.csv
2026-02-02 16:19:42,096|ERROR|random_mc2_n9_mid3_d1000_05_mr098_r10_137_uai_GDCC_1e-09_n200_roFalse_s0: File exists, not rewriting.
2026-02-02 16:19:42,510|INFO|random_mc2_n7_mid3_d1000_05_mr098_r10_28_uai_GDCC_1e-09_n200_roTrue_s0: Loading model from ../models/synthetic/s123/random_mc2_n7_mid3_d1000_05_mr098_r10_28.uai
2026-02-02 16:19:42,520|INFO|random_mc2_n5_mid3_d1000_05_mr098_r10_157_uai_GDCC_1e-09_n200_roFalse_s0: Loading model from ../models/synthetic/s123/random_mc2_n5_mid3_d1000_05_mr098_r10_157.uai
2026-02-02 16:19:42,530|INFO|random_mc2_n7_mid3_d1000_05_mr098_r10_28_uai_GDCC_1e-09_n200_roTrue_s0: Loading data from ../models/synthetic/s123/random_mc2_n7_mid3_d1000_05_mr098_r10_28.csv
2026-02-02 16:19:42,536|ERROR|random_mc2_n7_mid3_d1000_05_mr098_r10_28_uai_GDCC_1e-09_n200_roTrue_s0: File exists, not rewriting.
2026-02-02 16:19:42,527|INFO|random_mc2_n5_mid3_d1000_05_mr098_r10_157_uai_GDCC_1e-09_n200_roFalse_s0: Loading data from ../models/synthetic/s123/random_mc2_n5_mid3_d1000_05_mr098_r10_157.csv
2026-02-02 16:19:42,533|ERROR|random_mc2_n5_mid3_d1000_05_mr098_r10_157_uai_GDCC_1e-09_n200_roFalse_s0: File exists, not rewriting.
2026-02-02 16:19:42,571|INFO|random_mc2_n5_mid3_d1000_05_mr098_r10_191_uai_GDCC_1e-09_n200_roTrue_s0: Loading model from ../models/synthetic/s123/random_mc2_n5_mid3_d1000_05_mr098_r10_191.uai
2026-02-02 16:19:42,588|INFO|random_mc2_n6_mid3_d1000_05_mr098_r10_18_uai_GDCC_1e-09_n200_roTrue_s0: Loading model from ../models/synthetic/s123/random_mc2_n6_mid3_d1000_05_mr098_r10_18.uai
2026-02-02 16:19:42,575|INFO|random_mc2_n5_mid3_d1000_05_mr098_r10_191_uai_GDCC_1e-09_n200_roTrue_s0: Loading data from ../models/synthetic/s123/random_mc2_n5_mid3_d1000_05_mr098_r10_191.csv
2026-02-02 16:19:42,582|ERROR|random_mc2_n5_mid3_d1000_05_mr098_r10_191_uai_GDCC_1e-09_n200_roTrue_s0: File exists, not rewriting.
2026-02-02 16:19:42,598|INFO|random_mc2_n6_mid3_d1000_05_mr098_r10_18_uai_GDCC_1e-09_n200_roTrue_s0: Loading data from ../models/synthetic/s123/random_mc2_n6_mid3_d1000_05_mr098_r10_18.csv
2026-02-02 16:19:42,608|INFO|random_mc2_n6_mid3_d1000_05_mr098_r10_18_uai_GDCC_1e-09_n200_roTrue_s0: PNS(V3,V5) exact: (0.0, 0.0426073822)
2026-02-02 16:19:42,640|INFO|random_mc2_n6_mid3_d1000_05_mr098_r10_80_uai_GDCC_1e-09_n200_roTrue_s0: Loading model from ../models/synthetic/s123/random_mc2_n6_mid3_d1000_05_mr098_r10_80.uai
2026-02-02 16:19:42,643|INFO|random_mc2_n9_mid3_d1000_05_mr098_r10_184_uai_GDCC_1e-09_n200_roTrue_s0: Loading model from ../models/synthetic/s123/random_mc2_n9_mid3_d1000_05_mr098_r10_184.uai
2026-02-02 16:19:42,651|INFO|random_mc2_n7_mid3_d1000_05_mr098_r10_195_uai_GDCC_1e-09_n200_roTrue_s0: Loading model from ../models/synthetic/s123/random_mc2_n7_mid3_d1000_05_mr098_r10_195.uai
2026-02-02 16:19:42,668|INFO|random_mc2_n6_mid3_d1000_05_mr098_r10_110_uai_GDCC_1e-09_n200_roFalse_s0: Loading model from ../models/synthetic/s123/random_mc2_n6_mid3_d1000_05_mr098_r10_110.uai
2026-02-02 16:19:42,648|INFO|random_mc2_n6_mid3_d1000_05_mr098_r10_80_uai_GDCC_1e-09_n200_roTrue_s0: Loading data from ../models/synthetic/s123/random_mc2_n6_mid3_d1000_05_mr098_r10_80.csv
2026-02-02 16:19:42,654|ERROR|random_mc2_n6_mid3_d1000_05_mr098_r10_80_uai_GDCC_1e-09_n200_roTrue_s0: File exists, not rewriting.
2026-02-02 16:19:42,660|INFO|random_mc2_n9_mid3_d1000_05_mr098_r10_184_uai_GDCC_1e-09_n200_roTrue_s0: Loading data from ../models/synthetic/s123/random_mc2_n9_mid3_d1000_05_mr098_r10_184.csv
2026-02-02 16:19:42,666|ERROR|random_mc2_n9_mid3_d1000_05_mr098_r10_184_uai_GDCC_1e-09_n200_roTrue_s0: File exists, not rewriting.
2026-02-02 16:19:42,668|INFO|random_mc2_n7_mid3_d1000_05_mr098_r10_195_uai_GDCC_1e-09_n200_roTrue_s0: Loading data from ../models/synthetic/s123/random_mc2_n7_mid3_d1000_05_mr098_r10_195.csv
2026-02-02 16:19:42,674|ERROR|random_mc2_n7_mid3_d1000_05_mr098_r10_195_uai_GDCC_1e-09_n200_roTrue_s0: File exists, not rewriting.
2026-02-02 16:19:42,696|INFO|random_mc2_n6_mid3_d1000_05_mr098_r10_110_uai_GDCC_1e-09_n200_roFalse_s0: Loading data from ../models/synthetic/s123/random_mc2_n6_mid3_d1000_05_mr098_r10_110.csv
2026-02-02 16:19:42,703|ERROR|random_mc2_n6_mid3_d1000_05_mr098_r10_110_uai_GDCC_1e-09_n200_roFalse_s0: File exists, not rewriting.
2026-02-02 16:19:47,702|INFO|random_mc2_n7_mid3_d1000_05_mr098_r10_126_uai_GDCC_1e-09_n200_roFalse_s0: Loading model from ../models/synthetic/s123/random_mc2_n7_mid3_d1000_05_mr098_r10_126.uai
2026-02-02 16:19:47,715|INFO|random_mc2_n7_mid3_d1000_05_mr098_r10_126_uai_GDCC_1e-09_n200_roFalse_s0: Loading data from ../models/synthetic/s123/random_mc2_n7_mid3_d1000_05_mr098_r10_126.csv
2026-02-02 16:19:47,725|INFO|random_mc2_n7_mid3_d1000_05_mr098_r10_126_uai_GDCC_1e-09_n200_roFalse_s0: PNS(V0,V1) exact: (0.2650857268885659, 0.4244970236778398)
2026-02-02 16:19:50,818|INFO|random_mc2_n6_mid3_d1000_05_mr098_r10_89_uai_GDCC_1e-09_n200_roTrue_s0: Loading model from ../models/synthetic/s123/random_mc2_n6_mid3_d1000_05_mr098_r10_89.uai
2026-02-02 16:19:50,827|INFO|random_mc2_n6_mid3_d1000_05_mr098_r10_89_uai_GDCC_1e-09_n200_roTrue_s0: Loading data from ../models/synthetic/s123/random_mc2_n6_mid3_d1000_05_mr098_r10_89.csv
2026-02-02 16:19:50,835|ERROR|random_mc2_n6_mid3_d1000_05_mr098_r10_89_uai_GDCC_1e-09_n200_roTrue_s0: File exists, not rewriting.
2026-02-02 16:19:55,365|INFO|random_mc2_n5_mid3_d1000_05_mr098_r10_66_uai_GDCC_1e-09_n200_roTrue_s0: Loading model from ../models/synthetic/s123/random_mc2_n5_mid3_d1000_05_mr098_r10_66.uai
2026-02-02 16:19:55,370|INFO|random_mc2_n5_mid3_d1000_05_mr098_r10_66_uai_GDCC_1e-09_n200_roTrue_s0: Loading data from ../models/synthetic/s123/random_mc2_n5_mid3_d1000_05_mr098_r10_66.csv
2026-02-02 16:19:55,380|INFO|random_mc2_n5_mid3_d1000_05_mr098_r10_66_uai_GDCC_1e-09_n200_roTrue_s0: PNS(V4,V1) exact: (0.7079657650000001, 0.8388291600000001)
2026-02-02 16:19:55,433|INFO|random_mc2_n5_mid3_d1000_05_mr098_r10_104_uai_GDCC_1e-09_n200_roFalse_s0: Loading model from ../models/synthetic/s123/random_mc2_n5_mid3_d1000_05_mr098_r10_104.uai
2026-02-02 16:19:55,439|INFO|random_mc2_n7_mid3_d1000_05_mr098_r10_54_uai_GDCC_1e-09_n200_roTrue_s0: Loading model from ../models/synthetic/s123/random_mc2_n7_mid3_d1000_05_mr098_r10_54.uai
2026-02-02 16:19:55,446|INFO|random_mc2_n5_mid3_d1000_05_mr098_r10_55_uai_GDCC_1e-09_n200_roFalse_s0: Loading model from ../models/synthetic/s123/random_mc2_n5_mid3_d1000_05_mr098_r10_55.uai
2026-02-02 16:19:55,467|INFO|random_mc2_n6_mid3_d1000_05_mr098_r10_28_uai_GDCC_1e-09_n200_roTrue_s0: Loading model from ../models/synthetic/s123/random_mc2_n6_mid3_d1000_05_mr098_r10_28.uai
2026-02-02 16:19:55,437|INFO|random_mc2_n5_mid3_d1000_05_mr098_r10_104_uai_GDCC_1e-09_n200_roFalse_s0: Loading data from ../models/synthetic/s123/random_mc2_n5_mid3_d1000_05_mr098_r10_104.csv
2026-02-02 16:19:55,446|INFO|random_mc2_n5_mid3_d1000_05_mr098_r10_104_uai_GDCC_1e-09_n200_roFalse_s0: PNS(V3,V4) exact: (0.12079, 0.5248300000000001)
2026-02-02 16:19:55,456|INFO|random_mc2_n7_mid3_d1000_05_mr098_r10_54_uai_GDCC_1e-09_n200_roTrue_s0: Loading data from ../models/synthetic/s123/random_mc2_n7_mid3_d1000_05_mr098_r10_54.csv
2026-02-02 16:19:55,462|ERROR|random_mc2_n7_mid3_d1000_05_mr098_r10_54_uai_GDCC_1e-09_n200_roTrue_s0: File exists, not rewriting.
2026-02-02 16:19:55,452|INFO|random_mc2_n5_mid3_d1000_05_mr098_r10_55_uai_GDCC_1e-09_n200_roFalse_s0: Loading data from ../models/synthetic/s123/random_mc2_n5_mid3_d1000_05_mr098_r10_55.csv
2026-02-02 16:19:55,462|INFO|random_mc2_n5_mid3_d1000_05_mr098_r10_55_uai_GDCC_1e-09_n200_roFalse_s0: PNS(V2,V3) exact: (0.2402970184, 0.3589271115)
2026-02-02 16:19:55,500|INFO|random_mc2_n7_mid3_d1000_05_mr098_r10_55_uai_GDCC_1e-09_n200_roTrue_s0: Loading model from ../models/synthetic/s123/random_mc2_n7_mid3_d1000_05_mr098_r10_55.uai
2026-02-02 16:19:55,477|INFO|random_mc2_n6_mid3_d1000_05_mr098_r10_28_uai_GDCC_1e-09_n200_roTrue_s0: Loading data from ../models/synthetic/s123/random_mc2_n6_mid3_d1000_05_mr098_r10_28.csv
2026-02-02 16:19:55,485|INFO|random_mc2_n6_mid3_d1000_05_mr098_r10_28_uai_GDCC_1e-09_n200_roTrue_s0: PNS(V3,V2) exact: (0.36156, 0.53922)
2026-02-02 16:19:55,508|INFO|random_mc2_n7_mid3_d1000_05_mr098_r10_55_uai_GDCC_1e-09_n200_roTrue_s0: Loading data from ../models/synthetic/s123/random_mc2_n7_mid3_d1000_05_mr098_r10_55.csv
2026-02-02 16:19:55,517|INFO|random_mc2_n7_mid3_d1000_05_mr098_r10_55_uai_GDCC_1e-09_n200_roTrue_s0: PNS(V1,V2) exact: (0.0, 0.16491582811524)
2026-02-02 16:19:55,594|INFO|random_mc2_n8_mid3_d1000_05_mr098_r10_131_uai_GDCC_1e-09_n200_roFalse_s0: Loading model from ../models/synthetic/s123/random_mc2_n8_mid3_d1000_05_mr098_r10_131.uai
2026-02-02 16:19:55,606|INFO|random_mc2_n5_mid3_d1000_05_mr098_r10_75_uai_GDCC_1e-09_n200_roTrue_s0: Loading model from ../models/synthetic/s123/random_mc2_n5_mid3_d1000_05_mr098_r10_75.uai
2026-02-02 16:19:55,622|INFO|random_mc2_n5_mid3_d1000_05_mr098_r10_63_uai_GDCC_1e-09_n200_roTrue_s0: Loading model from ../models/synthetic/s123/random_mc2_n5_mid3_d1000_05_mr098_r10_63.uai
2026-02-02 16:19:55,625|INFO|random_mc2_n5_mid3_d1000_05_mr098_r10_159_uai_GDCC_1e-09_n200_roTrue_s0: Loading model from ../models/synthetic/s123/random_mc2_n5_mid3_d1000_05_mr098_r10_159.uai
2026-02-02 16:19:55,632|INFO|random_mc2_n7_mid3_d1000_05_mr098_r10_91_uai_GDCC_1e-09_n200_roTrue_s0: Loading model from ../models/synthetic/s123/random_mc2_n7_mid3_d1000_05_mr098_r10_91.uai
2026-02-02 16:19:55,611|INFO|random_mc2_n8_mid3_d1000_05_mr098_r10_131_uai_GDCC_1e-09_n200_roFalse_s0: Loading data from ../models/synthetic/s123/random_mc2_n8_mid3_d1000_05_mr098_r10_131.csv
2026-02-02 16:19:55,622|INFO|random_mc2_n8_mid3_d1000_05_mr098_r10_131_uai_GDCC_1e-09_n200_roFalse_s0: PNS(V2,V4) exact: (0.0110083727479793, 0.2116947943241336)
2026-02-02 16:19:55,612|INFO|random_mc2_n5_mid3_d1000_05_mr098_r10_75_uai_GDCC_1e-09_n200_roTrue_s0: Loading data from ../models/synthetic/s123/random_mc2_n5_mid3_d1000_05_mr098_r10_75.csv
2026-02-02 16:19:55,623|INFO|random_mc2_n5_mid3_d1000_05_mr098_r10_75_uai_GDCC_1e-09_n200_roTrue_s0: PNS(V1,V0) exact: (0.0, 0.0820279325)
2026-02-02 16:19:55,649|INFO|random_mc2_n5_mid3_d1000_05_mr098_r10_195_uai_GDCC_1e-09_n200_roFalse_s0: Loading model from ../models/synthetic/s123/random_mc2_n5_mid3_d1000_05_mr098_r10_195.uai
2026-02-02 16:19:55,655|INFO|random_mc2_n5_mid3_d1000_05_mr098_r10_162_uai_GDCC_1e-09_n200_roFalse_s0: Loading model from ../models/synthetic/s123/random_mc2_n5_mid3_d1000_05_mr098_r10_162.uai
2026-02-02 16:19:55,627|INFO|random_mc2_n5_mid3_d1000_05_mr098_r10_63_uai_GDCC_1e-09_n200_roTrue_s0: Loading data from ../models/synthetic/s123/random_mc2_n5_mid3_d1000_05_mr098_r10_63.csv
2026-02-02 16:19:55,638|INFO|random_mc2_n5_mid3_d1000_05_mr098_r10_63_uai_GDCC_1e-09_n200_roTrue_s0: PNS(V4,V1) exact: (0.0, 0.1702281)
2026-02-02 16:19:55,634|INFO|random_mc2_n5_mid3_d1000_05_mr098_r10_159_uai_GDCC_1e-09_n200_roTrue_s0: Loading data from ../models/synthetic/s123/random_mc2_n5_mid3_d1000_05_mr098_r10_159.csv
2026-02-02 16:19:55,644|INFO|random_mc2_n5_mid3_d1000_05_mr098_r10_159_uai_GDCC_1e-09_n200_roTrue_s0: PNS(V0,V2) exact: (0.1049462695, 0.4703933717)
2026-02-02 16:19:55,654|INFO|random_mc2_n5_mid3_d1000_05_mr098_r10_195_uai_GDCC_1e-09_n200_roFalse_s0: Loading data from ../models/synthetic/s123/random_mc2_n5_mid3_d1000_05_mr098_r10_195.csv
2026-02-02 16:19:55,664|INFO|random_mc2_n5_mid3_d1000_05_mr098_r10_195_uai_GDCC_1e-09_n200_roFalse_s0: PNS(V0,V4) exact: (0.131789906, 0.3518961976)
2026-02-02 16:19:55,691|INFO|random_mc2_n7_mid3_d1000_05_mr098_r10_91_uai_GDCC_1e-09_n200_roTrue_s0: Loading data from ../models/synthetic/s123/random_mc2_n7_mid3_d1000_05_mr098_r10_91.csv
2026-02-02 16:19:55,660|INFO|random_mc2_n5_mid3_d1000_05_mr098_r10_162_uai_GDCC_1e-09_n200_roFalse_s0: Loading data from ../models/synthetic/s123/random_mc2_n5_mid3_d1000_05_mr098_r10_162.csv
2026-02-02 16:19:55,670|INFO|random_mc2_n5_mid3_d1000_05_mr098_r10_162_uai_GDCC_1e-09_n200_roFalse_s0: PNS(V3,V1) exact: (0.02702942159625, 0.05577743562975)
2026-02-02 16:19:55,697|ERROR|random_mc2_n7_mid3_d1000_05_mr098_r10_91_uai_GDCC_1e-09_n200_roTrue_s0: File exists, not rewriting.
2026-02-02 16:19:55,749|INFO|random_mc2_n6_mid3_d1000_05_mr098_r10_143_uai_GDCC_1e-09_n200_roFalse_s0: Loading model from ../models/synthetic/s123/random_mc2_n6_mid3_d1000_05_mr098_r10_143.uai
2026-02-02 16:19:55,763|INFO|random_mc2_n7_mid3_d1000_05_mr098_r10_127_uai_GDCC_1e-09_n200_roFalse_s0: Loading model from ../models/synthetic/s123/random_mc2_n7_mid3_d1000_05_mr098_r10_127.uai
2026-02-02 16:19:55,764|INFO|random_mc2_n6_mid3_d1000_05_mr098_r10_41_uai_GDCC_1e-09_n200_roFalse_s0: Loading model from ../models/synthetic/s123/random_mc2_n6_mid3_d1000_05_mr098_r10_41.uai
2026-02-02 16:19:55,767|INFO|random_mc2_n6_mid3_d1000_05_mr098_r10_58_uai_GDCC_1e-09_n200_roTrue_s0: Loading model from ../models/synthetic/s123/random_mc2_n6_mid3_d1000_05_mr098_r10_58.uai
2026-02-02 16:19:55,769|INFO|random_mc2_n6_mid3_d1000_05_mr098_r10_140_uai_GDCC_1e-09_n200_roTrue_s0: Loading model from ../models/synthetic/s123/random_mc2_n6_mid3_d1000_05_mr098_r10_140.uai
2026-02-02 16:19:55,770|INFO|random_mc2_n6_mid3_d1000_05_mr098_r10_150_uai_GDCC_1e-09_n200_roFalse_s0: Loading model from ../models/synthetic/s123/random_mc2_n6_mid3_d1000_05_mr098_r10_150.uai
2026-02-02 16:19:55,775|INFO|random_mc2_n5_mid3_d1000_05_mr098_r10_82_uai_GDCC_1e-09_n200_roFalse_s0: Loading model from ../models/synthetic/s123/random_mc2_n5_mid3_d1000_05_mr098_r10_82.uai
2026-02-02 16:19:55,759|INFO|random_mc2_n6_mid3_d1000_05_mr098_r10_143_uai_GDCC_1e-09_n200_roFalse_s0: Loading data from ../models/synthetic/s123/random_mc2_n6_mid3_d1000_05_mr098_r10_143.csv
2026-02-02 16:19:55,765|ERROR|random_mc2_n6_mid3_d1000_05_mr098_r10_143_uai_GDCC_1e-09_n200_roFalse_s0: File exists, not rewriting.
2026-02-02 16:19:55,775|INFO|random_mc2_n7_mid3_d1000_05_mr098_r10_127_uai_GDCC_1e-09_n200_roFalse_s0: Loading data from ../models/synthetic/s123/random_mc2_n7_mid3_d1000_05_mr098_r10_127.csv
2026-02-02 16:19:55,784|INFO|random_mc2_n7_mid3_d1000_05_mr098_r10_127_uai_GDCC_1e-09_n200_roFalse_s0: PNS(V4,V5) exact: (0.2021747419002779, 0.288697593484274)
2026-02-02 16:19:55,776|INFO|random_mc2_n6_mid3_d1000_05_mr098_r10_41_uai_GDCC_1e-09_n200_roFalse_s0: Loading data from ../models/synthetic/s123/random_mc2_n6_mid3_d1000_05_mr098_r10_41.csv
2026-02-02 16:19:55,785|INFO|random_mc2_n6_mid3_d1000_05_mr098_r10_41_uai_GDCC_1e-09_n200_roFalse_s0: PNS(V5,V3) exact: (0.119982256826749, 0.4934547656320461)
2026-02-02 16:19:55,773|INFO|random_mc2_n6_mid3_d1000_05_mr098_r10_58_uai_GDCC_1e-09_n200_roTrue_s0: Loading data from ../models/synthetic/s123/random_mc2_n6_mid3_d1000_05_mr098_r10_58.csv
2026-02-02 16:19:55,782|INFO|random_mc2_n6_mid3_d1000_05_mr098_r10_58_uai_GDCC_1e-09_n200_roTrue_s0: PNS(V3,V2) exact: (0.0, 0.0)
2026-02-02 16:19:55,782|ERROR|random_mc2_n6_mid3_d1000_05_mr098_r10_58_uai_GDCC_1e-09_n200_roTrue_s0: Model does not have any cause-effect path.
2026-02-02 16:19:55,781|INFO|random_mc2_n6_mid3_d1000_05_mr098_r10_140_uai_GDCC_1e-09_n200_roTrue_s0: Loading data from ../models/synthetic/s123/random_mc2_n6_mid3_d1000_05_mr098_r10_140.csv
2026-02-02 16:19:55,787|ERROR|random_mc2_n6_mid3_d1000_05_mr098_r10_140_uai_GDCC_1e-09_n200_roTrue_s0: File exists, not rewriting.
2026-02-02 16:19:55,789|INFO|random_mc2_n6_mid3_d1000_05_mr098_r10_150_uai_GDCC_1e-09_n200_roFalse_s0: Loading data from ../models/synthetic/s123/random_mc2_n6_mid3_d1000_05_mr098_r10_150.csv
2026-02-02 16:19:55,796|ERROR|random_mc2_n6_mid3_d1000_05_mr098_r10_150_uai_GDCC_1e-09_n200_roFalse_s0: File exists, not rewriting.
2026-02-02 16:19:55,783|INFO|random_mc2_n5_mid3_d1000_05_mr098_r10_82_uai_GDCC_1e-09_n200_roFalse_s0: Loading data from ../models/synthetic/s123/random_mc2_n5_mid3_d1000_05_mr098_r10_82.csv
2026-02-02 16:19:55,789|ERROR|random_mc2_n5_mid3_d1000_05_mr098_r10_82_uai_GDCC_1e-09_n200_roFalse_s0: File exists, not rewriting.
2026-02-02 16:19:55,868|INFO|random_mc2_n6_mid3_d1000_05_mr098_r10_15_uai_GDCC_1e-09_n200_roTrue_s0: Loading model from ../models/synthetic/s123/random_mc2_n6_mid3_d1000_05_mr098_r10_15.uai
2026-02-02 16:19:55,873|INFO|random_mc2_n6_mid3_d1000_05_mr098_r10_15_uai_GDCC_1e-09_n200_roTrue_s0: Loading data from ../models/synthetic/s123/random_mc2_n6_mid3_d1000_05_mr098_r10_15.csv
2026-02-02 16:19:55,882|INFO|random_mc2_n6_mid3_d1000_05_mr098_r10_15_uai_GDCC_1e-09_n200_roTrue_s0: PNS(V2,V5) exact: (5.70302784e-05, 0.0612875741534)
2026-02-02 16:19:55,931|INFO|random_mc2_n5_mid3_d1000_05_mr098_r10_8_uai_GDCC_1e-09_n200_roFalse_s0: Loading model from ../models/synthetic/s123/random_mc2_n5_mid3_d1000_05_mr098_r10_8.uai
2026-02-02 16:19:55,937|INFO|random_mc2_n5_mid3_d1000_05_mr098_r10_8_uai_GDCC_1e-09_n200_roFalse_s0: Loading data from ../models/synthetic/s123/random_mc2_n5_mid3_d1000_05_mr098_r10_8.csv
2026-02-02 16:19:55,946|INFO|random_mc2_n5_mid3_d1000_05_mr098_r10_8_uai_GDCC_1e-09_n200_roFalse_s0: PNS(V2,V4) exact: (0.1708037925, 0.4919019990000001)
2026-02-02 16:19:56,008|INFO|random_mc2_n9_mid3_d1000_05_mr098_r10_126_uai_GDCC_1e-09_n200_roFalse_s0: Loading model from ../models/synthetic/s123/random_mc2_n9_mid3_d1000_05_mr098_r10_126.uai
2026-02-02 16:19:56,018|INFO|random_mc2_n6_mid3_d1000_05_mr098_r10_158_uai_GDCC_1e-09_n200_roFalse_s0: Loading model from ../models/synthetic/s123/random_mc2_n6_mid3_d1000_05_mr098_r10_158.uai
2026-02-02 16:19:56,018|INFO|random_mc2_n8_mid3_d1000_05_mr098_r10_38_uai_GDCC_1e-09_n200_roTrue_s0: Loading model from ../models/synthetic/s123/random_mc2_n8_mid3_d1000_05_mr098_r10_38.uai
2026-02-02 16:19:56,022|INFO|random_mc2_n6_mid3_d1000_05_mr098_r10_152_uai_GDCC_1e-09_n200_roTrue_s0: Loading model from ../models/synthetic/s123/random_mc2_n6_mid3_d1000_05_mr098_r10_152.uai
2026-02-02 16:19:56,028|INFO|random_mc2_n5_mid3_d1000_05_mr098_r10_198_uai_GDCC_1e-09_n200_roFalse_s0: Loading model from ../models/synthetic/s123/random_mc2_n5_mid3_d1000_05_mr098_r10_198.uai
2026-02-02 16:19:56,042|INFO|random_mc2_n8_mid3_d1000_05_mr098_r10_35_uai_GDCC_1e-09_n200_roFalse_s0: Loading model from ../models/synthetic/s123/random_mc2_n8_mid3_d1000_05_mr098_r10_35.uai
2026-02-02 16:19:56,030|INFO|random_mc2_n9_mid3_d1000_05_mr098_r10_126_uai_GDCC_1e-09_n200_roFalse_s0: Loading data from ../models/synthetic/s123/random_mc2_n9_mid3_d1000_05_mr098_r10_126.csv
2026-02-02 16:19:56,037|ERROR|random_mc2_n9_mid3_d1000_05_mr098_r10_126_uai_GDCC_1e-09_n200_roFalse_s0: File exists, not rewriting.
2026-02-02 16:19:56,047|INFO|random_mc2_n8_mid3_d1000_05_mr098_r10_38_uai_GDCC_1e-09_n200_roTrue_s0: Loading data from ../models/synthetic/s123/random_mc2_n8_mid3_d1000_05_mr098_r10_38.csv
2026-02-02 16:19:56,053|ERROR|random_mc2_n8_mid3_d1000_05_mr098_r10_38_uai_GDCC_1e-09_n200_roTrue_s0: File exists, not rewriting.
2026-02-02 16:19:56,024|INFO|random_mc2_n6_mid3_d1000_05_mr098_r10_158_uai_GDCC_1e-09_n200_roFalse_s0: Loading data from ../models/synthetic/s123/random_mc2_n6_mid3_d1000_05_mr098_r10_158.csv
2026-02-02 16:19:56,035|INFO|random_mc2_n6_mid3_d1000_05_mr098_r10_158_uai_GDCC_1e-09_n200_roFalse_s0: PNS(V3,V5) exact: (8.867665431e-05, 0.009532690396884)
2026-02-02 16:19:56,033|INFO|random_mc2_n5_mid3_d1000_05_mr098_r10_198_uai_GDCC_1e-09_n200_roFalse_s0: Loading data from ../models/synthetic/s123/random_mc2_n5_mid3_d1000_05_mr098_r10_198.csv
2026-02-02 16:19:56,042|INFO|random_mc2_n5_mid3_d1000_05_mr098_r10_198_uai_GDCC_1e-09_n200_roFalse_s0: PNS(V1,V2) exact: (0.0023041834999999, 0.0397455824)
2026-02-02 16:19:56,115|INFO|random_mc2_n6_mid3_d1000_05_mr098_r10_152_uai_GDCC_1e-09_n200_roTrue_s0: Loading data from ../models/synthetic/s123/random_mc2_n6_mid3_d1000_05_mr098_r10_152.csv
2026-02-02 16:19:56,122|ERROR|random_mc2_n6_mid3_d1000_05_mr098_r10_152_uai_GDCC_1e-09_n200_roTrue_s0: File exists, not rewriting.
2026-02-02 16:19:56,269|INFO|random_mc2_n8_mid3_d1000_05_mr098_r10_35_uai_GDCC_1e-09_n200_roFalse_s0: Loading data from ../models/synthetic/s123/random_mc2_n8_mid3_d1000_05_mr098_r10_35.csv
2026-02-02 16:19:56,278|ERROR|random_mc2_n8_mid3_d1000_05_mr098_r10_35_uai_GDCC_1e-09_n200_roFalse_s0: File exists, not rewriting.
2026-02-02 16:19:57,667|INFO|random_mc2_n5_mid3_d1000_05_mr098_r10_166_uai_GDCC_1e-09_n200_roTrue_s0: Loading model from ../models/synthetic/s123/random_mc2_n5_mid3_d1000_05_mr098_r10_166.uai
2026-02-02 16:19:57,683|INFO|random_mc2_n5_mid3_d1000_05_mr098_r10_166_uai_GDCC_1e-09_n200_roTrue_s0: Loading data from ../models/synthetic/s123/random_mc2_n5_mid3_d1000_05_mr098_r10_166.csv
2026-02-02 16:19:57,688|ERROR|random_mc2_n5_mid3_d1000_05_mr098_r10_166_uai_GDCC_1e-09_n200_roTrue_s0: File exists, not rewriting.
2026-02-02 16:20:00,952|INFO|random_mc2_n6_mid3_d1000_05_mr098_r10_101_uai_GDCC_1e-09_n200_roFalse_s0: Loading model from ../models/synthetic/s123/random_mc2_n6_mid3_d1000_05_mr098_r10_101.uai
2026-02-02 16:20:00,962|INFO|random_mc2_n6_mid3_d1000_05_mr098_r10_101_uai_GDCC_1e-09_n200_roFalse_s0: Loading data from ../models/synthetic/s123/random_mc2_n6_mid3_d1000_05_mr098_r10_101.csv
2026-02-02 16:20:00,970|ERROR|random_mc2_n6_mid3_d1000_05_mr098_r10_101_uai_GDCC_1e-09_n200_roFalse_s0: File exists, not rewriting.
2026-02-02 16:20:08,249|INFO|random_mc2_n6_mid3_d1000_05_mr098_r10_158_uai_GDCC_1e-09_n200_roTrue_s0: Loading model from ../models/synthetic/s123/random_mc2_n6_mid3_d1000_05_mr098_r10_158.uai
2026-02-02 16:20:08,255|INFO|random_mc2_n6_mid3_d1000_05_mr098_r10_158_uai_GDCC_1e-09_n200_roTrue_s0: Loading data from ../models/synthetic/s123/random_mc2_n6_mid3_d1000_05_mr098_r10_158.csv
2026-02-02 16:20:08,264|INFO|random_mc2_n6_mid3_d1000_05_mr098_r10_158_uai_GDCC_1e-09_n200_roTrue_s0: PNS(V3,V5) exact: (8.867665431e-05, 0.009532690396884)
2026-02-02 16:20:10,182|INFO|random_mc2_n7_mid3_d1000_05_mr098_r10_170_uai_GDCC_1e-09_n200_roFalse_s0: Loading model from ../models/synthetic/s123/random_mc2_n7_mid3_d1000_05_mr098_r10_170.uai
2026-02-02 16:20:10,193|INFO|random_mc2_n7_mid3_d1000_05_mr098_r10_170_uai_GDCC_1e-09_n200_roFalse_s0: Loading data from ../models/synthetic/s123/random_mc2_n7_mid3_d1000_05_mr098_r10_170.csv
2026-02-02 16:20:10,207|INFO|random_mc2_n7_mid3_d1000_05_mr098_r10_170_uai_GDCC_1e-09_n200_roFalse_s0: PNS(V1,V3) exact: (0.0061237, 0.1216942)
2026-02-02 16:20:10,361|INFO|random_mc2_n6_mid3_d1000_05_mr098_r10_181_uai_GDCC_1e-09_n200_roFalse_s0: Loading model from ../models/synthetic/s123/random_mc2_n6_mid3_d1000_05_mr098_r10_181.uai
2026-02-02 16:20:10,363|INFO|random_mc2_n6_mid3_d1000_05_mr098_r10_172_uai_GDCC_1e-09_n200_roFalse_s0: Loading model from ../models/synthetic/s123/random_mc2_n6_mid3_d1000_05_mr098_r10_172.uai
2026-02-02 16:20:10,364|INFO|random_mc2_n6_mid3_d1000_05_mr098_r10_172_uai_GDCC_1e-09_n200_roTrue_s0: Loading model from ../models/synthetic/s123/random_mc2_n6_mid3_d1000_05_mr098_r10_172.uai
2026-02-02 16:20:10,371|INFO|random_mc2_n6_mid3_d1000_05_mr098_r10_181_uai_GDCC_1e-09_n200_roFalse_s0: Loading data from ../models/synthetic/s123/random_mc2_n6_mid3_d1000_05_mr098_r10_181.csv
2026-02-02 16:20:10,376|ERROR|random_mc2_n6_mid3_d1000_05_mr098_r10_181_uai_GDCC_1e-09_n200_roFalse_s0: File exists, not rewriting.
2026-02-02 16:20:10,372|INFO|random_mc2_n6_mid3_d1000_05_mr098_r10_172_uai_GDCC_1e-09_n200_roFalse_s0: Loading data from ../models/synthetic/s123/random_mc2_n6_mid3_d1000_05_mr098_r10_172.csv
2026-02-02 16:20:10,378|ERROR|random_mc2_n6_mid3_d1000_05_mr098_r10_172_uai_GDCC_1e-09_n200_roFalse_s0: File exists, not rewriting.
2026-02-02 16:20:10,373|INFO|random_mc2_n6_mid3_d1000_05_mr098_r10_172_uai_GDCC_1e-09_n200_roTrue_s0: Loading data from ../models/synthetic/s123/random_mc2_n6_mid3_d1000_05_mr098_r10_172.csv
2026-02-02 16:20:10,379|ERROR|random_mc2_n6_mid3_d1000_05_mr098_r10_172_uai_GDCC_1e-09_n200_roTrue_s0: File exists, not rewriting.
2026-02-02 16:20:10,421|INFO|random_mc2_n5_mid3_d1000_05_mr098_r10_181_uai_GDCC_1e-09_n200_roTrue_s0: Loading model from ../models/synthetic/s123/random_mc2_n5_mid3_d1000_05_mr098_r10_181.uai
2026-02-02 16:20:10,437|INFO|random_mc2_n5_mid3_d1000_05_mr098_r10_181_uai_GDCC_1e-09_n200_roTrue_s0: Loading data from ../models/synthetic/s123/random_mc2_n5_mid3_d1000_05_mr098_r10_181.csv
2026-02-02 16:20:10,443|ERROR|random_mc2_n5_mid3_d1000_05_mr098_r10_181_uai_GDCC_1e-09_n200_roTrue_s0: File exists, not rewriting.
2026-02-02 16:20:10,549|INFO|random_mc2_n5_mid3_d1000_05_mr098_r10_183_uai_GDCC_1e-09_n200_roFalse_s0: Loading model from ../models/synthetic/s123/random_mc2_n5_mid3_d1000_05_mr098_r10_183.uai
2026-02-02 16:20:10,550|INFO|random_mc2_n7_mid3_d1000_05_mr098_r10_15_uai_GDCC_1e-09_n200_roFalse_s0: Loading model from ../models/synthetic/s123/random_mc2_n7_mid3_d1000_05_mr098_r10_15.uai
2026-02-02 16:20:10,560|INFO|random_mc2_n7_mid3_d1000_05_mr098_r10_15_uai_GDCC_1e-09_n200_roFalse_s0: Loading data from ../models/synthetic/s123/random_mc2_n7_mid3_d1000_05_mr098_r10_15.csv
2026-02-02 16:20:10,560|INFO|random_mc2_n5_mid3_d1000_05_mr098_r10_183_uai_GDCC_1e-09_n200_roFalse_s0: Loading data from ../models/synthetic/s123/random_mc2_n5_mid3_d1000_05_mr098_r10_183.csv
2026-02-02 16:20:10,570|INFO|random_mc2_n7_mid3_d1000_05_mr098_r10_15_uai_GDCC_1e-09_n200_roFalse_s0: PNS(V0,V6) exact: (0.3220170880214336, 0.5255000671372351)
2026-02-02 16:20:10,571|INFO|random_mc2_n5_mid3_d1000_05_mr098_r10_183_uai_GDCC_1e-09_n200_roFalse_s0: PNS(V0,V4) exact: (0.346001198451296, 0.346001198451296)
2026-02-02 16:20:10,607|INFO|random_mc2_n5_mid3_d1000_05_mr098_r10_196_uai_GDCC_1e-09_n200_roTrue_s0: Loading model from ../models/synthetic/s123/random_mc2_n5_mid3_d1000_05_mr098_r10_196.uai
2026-02-02 16:20:10,610|INFO|random_mc2_n5_mid3_d1000_05_mr098_r10_6_uai_GDCC_1e-09_n200_roFalse_s0: Loading model from ../models/synthetic/s123/random_mc2_n5_mid3_d1000_05_mr098_r10_6.uai
2026-02-02 16:20:10,613|INFO|random_mc2_n5_mid3_d1000_05_mr098_r10_16_uai_GDCC_1e-09_n200_roTrue_s0: Loading model from ../models/synthetic/s123/random_mc2_n5_mid3_d1000_05_mr098_r10_16.uai
2026-02-02 16:20:10,642|INFO|random_mc2_n6_mid3_d1000_05_mr098_r10_47_uai_GDCC_1e-09_n200_roTrue_s0: Loading model from ../models/synthetic/s123/random_mc2_n6_mid3_d1000_05_mr098_r10_47.uai
2026-02-02 16:20:10,624|INFO|random_mc2_n5_mid3_d1000_05_mr098_r10_196_uai_GDCC_1e-09_n200_roTrue_s0: Loading data from ../models/synthetic/s123/random_mc2_n5_mid3_d1000_05_mr098_r10_196.csv
2026-02-02 16:20:10,631|ERROR|random_mc2_n5_mid3_d1000_05_mr098_r10_196_uai_GDCC_1e-09_n200_roTrue_s0: File exists, not rewriting.
2026-02-02 16:20:10,622|INFO|random_mc2_n5_mid3_d1000_05_mr098_r10_6_uai_GDCC_1e-09_n200_roFalse_s0: Loading data from ../models/synthetic/s123/random_mc2_n5_mid3_d1000_05_mr098_r10_6.csv
2026-02-02 16:20:10,628|ERROR|random_mc2_n5_mid3_d1000_05_mr098_r10_6_uai_GDCC_1e-09_n200_roFalse_s0: File exists, not rewriting.
2026-02-02 16:20:10,620|INFO|random_mc2_n5_mid3_d1000_05_mr098_r10_16_uai_GDCC_1e-09_n200_roTrue_s0: Loading data from ../models/synthetic/s123/random_mc2_n5_mid3_d1000_05_mr098_r10_16.csv
2026-02-02 16:20:10,629|INFO|random_mc2_n5_mid3_d1000_05_mr098_r10_16_uai_GDCC_1e-09_n200_roTrue_s0: PNS(V4,V3) exact: (0.4152505784, 0.4639742588)
2026-02-02 16:20:10,678|INFO|random_mc2_n9_mid3_d1000_05_mr098_r10_27_uai_GDCC_1e-09_n200_roFalse_s0: Loading model from ../models/synthetic/s123/random_mc2_n9_mid3_d1000_05_mr098_r10_27.uai
2026-02-02 16:20:10,655|INFO|random_mc2_n6_mid3_d1000_05_mr098_r10_47_uai_GDCC_1e-09_n200_roTrue_s0: Loading data from ../models/synthetic/s123/random_mc2_n6_mid3_d1000_05_mr098_r10_47.csv
2026-02-02 16:20:10,667|INFO|random_mc2_n6_mid3_d1000_05_mr098_r10_47_uai_GDCC_1e-09_n200_roTrue_s0: PNS(V5,V4) exact: (0.0, 0.3303686772)
2026-02-02 16:20:10,702|INFO|random_mc2_n9_mid3_d1000_05_mr098_r10_27_uai_GDCC_1e-09_n200_roFalse_s0: Loading data from ../models/synthetic/s123/random_mc2_n9_mid3_d1000_05_mr098_r10_27.csv
2026-02-02 16:20:10,708|ERROR|random_mc2_n9_mid3_d1000_05_mr098_r10_27_uai_GDCC_1e-09_n200_roFalse_s0: File exists, not rewriting.
2026-02-02 16:20:10,731|INFO|random_mc2_n5_mid3_d1000_05_mr098_r10_117_uai_GDCC_1e-09_n200_roTrue_s0: Loading model from ../models/synthetic/s123/random_mc2_n5_mid3_d1000_05_mr098_r10_117.uai
2026-02-02 16:20:10,768|INFO|random_mc2_n8_mid3_d1000_05_mr098_r10_153_uai_GDCC_1e-09_n200_roFalse_s0: Loading model from ../models/synthetic/s123/random_mc2_n8_mid3_d1000_05_mr098_r10_153.uai
2026-02-02 16:20:10,736|INFO|random_mc2_n5_mid3_d1000_05_mr098_r10_117_uai_GDCC_1e-09_n200_roTrue_s0: Loading data from ../models/synthetic/s123/random_mc2_n5_mid3_d1000_05_mr098_r10_117.csv
2026-02-02 16:20:10,742|ERROR|random_mc2_n5_mid3_d1000_05_mr098_r10_117_uai_GDCC_1e-09_n200_roTrue_s0: File exists, not rewriting.
2026-02-02 16:20:10,773|INFO|random_mc2_n6_mid3_d1000_05_mr098_r10_40_uai_GDCC_1e-09_n200_roFalse_s0: Loading model from ../models/synthetic/s123/random_mc2_n6_mid3_d1000_05_mr098_r10_40.uai
2026-02-02 16:20:10,790|INFO|random_mc2_n5_mid3_d1000_05_mr098_r10_62_uai_GDCC_1e-09_n200_roFalse_s0: Loading model from ../models/synthetic/s123/random_mc2_n5_mid3_d1000_05_mr098_r10_62.uai
2026-02-02 16:20:10,803|INFO|random_mc2_n7_mid3_d1000_05_mr098_r10_46_uai_GDCC_1e-09_n200_roFalse_s0: Loading model from ../models/synthetic/s123/random_mc2_n7_mid3_d1000_05_mr098_r10_46.uai
2026-02-02 16:20:10,805|INFO|random_mc2_n7_mid3_d1000_05_mr098_r10_49_uai_GDCC_1e-09_n200_roTrue_s0: Loading model from ../models/synthetic/s123/random_mc2_n7_mid3_d1000_05_mr098_r10_49.uai
2026-02-02 16:20:10,796|INFO|random_mc2_n8_mid3_d1000_05_mr098_r10_153_uai_GDCC_1e-09_n200_roFalse_s0: Loading data from ../models/synthetic/s123/random_mc2_n8_mid3_d1000_05_mr098_r10_153.csv
2026-02-02 16:20:10,804|ERROR|random_mc2_n8_mid3_d1000_05_mr098_r10_153_uai_GDCC_1e-09_n200_roFalse_s0: File exists, not rewriting.
2026-02-02 16:20:10,779|INFO|random_mc2_n6_mid3_d1000_05_mr098_r10_40_uai_GDCC_1e-09_n200_roFalse_s0: Loading data from ../models/synthetic/s123/random_mc2_n6_mid3_d1000_05_mr098_r10_40.csv
2026-02-02 16:20:10,788|INFO|random_mc2_n6_mid3_d1000_05_mr098_r10_40_uai_GDCC_1e-09_n200_roFalse_s0: PNS(V1,V5) exact: (0.0, 0.0896543509)
2026-02-02 16:20:10,825|INFO|random_mc2_n5_mid3_d1000_05_mr098_r10_130_uai_GDCC_1e-09_n200_roTrue_s0: Loading model from ../models/synthetic/s123/random_mc2_n5_mid3_d1000_05_mr098_r10_130.uai
2026-02-02 16:20:10,798|INFO|random_mc2_n5_mid3_d1000_05_mr098_r10_62_uai_GDCC_1e-09_n200_roFalse_s0: Loading data from ../models/synthetic/s123/random_mc2_n5_mid3_d1000_05_mr098_r10_62.csv
2026-02-02 16:20:10,807|INFO|random_mc2_n5_mid3_d1000_05_mr098_r10_62_uai_GDCC_1e-09_n200_roFalse_s0: PNS(V2,V4) exact: (0.0, 0.13103)
2026-02-02 16:20:10,812|INFO|random_mc2_n7_mid3_d1000_05_mr098_r10_46_uai_GDCC_1e-09_n200_roFalse_s0: Loading data from ../models/synthetic/s123/random_mc2_n7_mid3_d1000_05_mr098_r10_46.csv
2026-02-02 16:20:10,822|INFO|random_mc2_n7_mid3_d1000_05_mr098_r10_46_uai_GDCC_1e-09_n200_roFalse_s0: PNS(V1,V4) exact: (0.00791105, 0.013410082)
2026-02-02 16:20:10,815|INFO|random_mc2_n7_mid3_d1000_05_mr098_r10_49_uai_GDCC_1e-09_n200_roTrue_s0: Loading data from ../models/synthetic/s123/random_mc2_n7_mid3_d1000_05_mr098_r10_49.csv
2026-02-02 16:20:10,825|INFO|random_mc2_n7_mid3_d1000_05_mr098_r10_49_uai_GDCC_1e-09_n200_roTrue_s0: PNS(V4,V3) exact: (0.0163816299, 0.4155382627)
2026-02-02 16:20:10,830|INFO|random_mc2_n5_mid3_d1000_05_mr098_r10_130_uai_GDCC_1e-09_n200_roTrue_s0: Loading data from ../models/synthetic/s123/random_mc2_n5_mid3_d1000_05_mr098_r10_130.csv
2026-02-02 16:20:10,841|INFO|random_mc2_n5_mid3_d1000_05_mr098_r10_130_uai_GDCC_1e-09_n200_roTrue_s0: PNS(V2,V1) exact: (0.0, 0.24110001)
2026-02-02 16:20:10,874|INFO|random_mc2_n6_mid3_d1000_05_mr098_r10_145_uai_GDCC_1e-09_n200_roFalse_s0: Loading model from ../models/synthetic/s123/random_mc2_n6_mid3_d1000_05_mr098_r10_145.uai
2026-02-02 16:20:10,894|INFO|random_mc2_n6_mid3_d1000_05_mr098_r10_145_uai_GDCC_1e-09_n200_roFalse_s0: Loading data from ../models/synthetic/s123/random_mc2_n6_mid3_d1000_05_mr098_r10_145.csv
2026-02-02 16:20:10,907|ERROR|random_mc2_n6_mid3_d1000_05_mr098_r10_145_uai_GDCC_1e-09_n200_roFalse_s0: File exists, not rewriting.
2026-02-02 16:20:10,978|INFO|random_mc2_n7_mid3_d1000_05_mr098_r10_96_uai_GDCC_1e-09_n200_roTrue_s0: Loading model from ../models/synthetic/s123/random_mc2_n7_mid3_d1000_05_mr098_r10_96.uai
2026-02-02 16:20:10,981|INFO|random_mc2_n5_mid3_d1000_05_mr098_r10_6_uai_GDCC_1e-09_n200_roTrue_s0: Loading model from ../models/synthetic/s123/random_mc2_n5_mid3_d1000_05_mr098_r10_6.uai
2026-02-02 16:20:10,984|INFO|random_mc2_n6_mid3_d1000_05_mr098_r10_58_uai_GDCC_1e-09_n200_roFalse_s0: Loading model from ../models/synthetic/s123/random_mc2_n6_mid3_d1000_05_mr098_r10_58.uai
2026-02-02 16:20:10,986|INFO|random_mc2_n5_mid3_d1000_05_mr098_r10_56_uai_GDCC_1e-09_n200_roFalse_s0: Loading model from ../models/synthetic/s123/random_mc2_n5_mid3_d1000_05_mr098_r10_56.uai
2026-02-02 16:20:10,988|INFO|random_mc2_n5_mid3_d1000_05_mr098_r10_169_uai_GDCC_1e-09_n200_roFalse_s0: Loading model from ../models/synthetic/s123/random_mc2_n5_mid3_d1000_05_mr098_r10_169.uai
2026-02-02 16:20:10,999|INFO|random_mc2_n8_mid3_d1000_05_mr098_r10_13_uai_GDCC_1e-09_n200_roTrue_s0: Loading model from ../models/synthetic/s123/random_mc2_n8_mid3_d1000_05_mr098_r10_13.uai
2026-02-02 16:20:11,003|INFO|random_mc2_n6_mid3_d1000_05_mr098_r10_136_uai_GDCC_1e-09_n200_roFalse_s0: Loading model from ../models/synthetic/s123/random_mc2_n6_mid3_d1000_05_mr098_r10_136.uai
2026-02-02 16:20:10,999|INFO|random_mc2_n7_mid3_d1000_05_mr098_r10_96_uai_GDCC_1e-09_n200_roTrue_s0: Loading data from ../models/synthetic/s123/random_mc2_n7_mid3_d1000_05_mr098_r10_96.csv
2026-02-02 16:20:11,006|ERROR|random_mc2_n7_mid3_d1000_05_mr098_r10_96_uai_GDCC_1e-09_n200_roTrue_s0: File exists, not rewriting.
2026-02-02 16:20:10,995|INFO|random_mc2_n5_mid3_d1000_05_mr098_r10_6_uai_GDCC_1e-09_n200_roTrue_s0: Loading data from ../models/synthetic/s123/random_mc2_n5_mid3_d1000_05_mr098_r10_6.csv
2026-02-02 16:20:11,001|ERROR|random_mc2_n5_mid3_d1000_05_mr098_r10_6_uai_GDCC_1e-09_n200_roTrue_s0: File exists, not rewriting.
2026-02-02 16:20:10,991|INFO|random_mc2_n6_mid3_d1000_05_mr098_r10_58_uai_GDCC_1e-09_n200_roFalse_s0: Loading data from ../models/synthetic/s123/random_mc2_n6_mid3_d1000_05_mr098_r10_58.csv
2026-02-02 16:20:11,002|INFO|random_mc2_n6_mid3_d1000_05_mr098_r10_58_uai_GDCC_1e-09_n200_roFalse_s0: PNS(V3,V2) exact: (0.0, 0.0)
2026-02-02 16:20:11,002|ERROR|random_mc2_n6_mid3_d1000_05_mr098_r10_58_uai_GDCC_1e-09_n200_roFalse_s0: Model does not have any cause-effect path.
2026-02-02 16:20:10,995|INFO|random_mc2_n5_mid3_d1000_05_mr098_r10_56_uai_GDCC_1e-09_n200_roFalse_s0: Loading data from ../models/synthetic/s123/random_mc2_n5_mid3_d1000_05_mr098_r10_56.csv
2026-02-02 16:20:11,007|INFO|random_mc2_n5_mid3_d1000_05_mr098_r10_56_uai_GDCC_1e-09_n200_roFalse_s0: PNS(V1,V4) exact: (0.0, 0.2134055570999999)
2026-02-02 16:20:10,994|INFO|random_mc2_n5_mid3_d1000_05_mr098_r10_169_uai_GDCC_1e-09_n200_roFalse_s0: Loading data from ../models/synthetic/s123/random_mc2_n5_mid3_d1000_05_mr098_r10_169.csv
2026-02-02 16:20:11,012|INFO|random_mc2_n5_mid3_d1000_05_mr098_r10_169_uai_GDCC_1e-09_n200_roFalse_s0: PNS(V0,V3) exact: (0.16386, 0.49872)
2026-02-02 16:20:11,009|INFO|random_mc2_n8_mid3_d1000_05_mr098_r10_13_uai_GDCC_1e-09_n200_roTrue_s0: Loading data from ../models/synthetic/s123/random_mc2_n8_mid3_d1000_05_mr098_r10_13.csv
2026-02-02 16:20:11,016|ERROR|random_mc2_n8_mid3_d1000_05_mr098_r10_13_uai_GDCC_1e-09_n200_roTrue_s0: File exists, not rewriting.
2026-02-02 16:20:11,013|INFO|random_mc2_n6_mid3_d1000_05_mr098_r10_136_uai_GDCC_1e-09_n200_roFalse_s0: Loading data from ../models/synthetic/s123/random_mc2_n6_mid3_d1000_05_mr098_r10_136.csv
2026-02-02 16:20:11,020|ERROR|random_mc2_n6_mid3_d1000_05_mr098_r10_136_uai_GDCC_1e-09_n200_roFalse_s0: File exists, not rewriting.
2026-02-02 16:20:11,054|INFO|random_mc2_n6_mid3_d1000_05_mr098_r10_111_uai_GDCC_1e-09_n200_roFalse_s0: Loading model from ../models/synthetic/s123/random_mc2_n6_mid3_d1000_05_mr098_r10_111.uai
2026-02-02 16:20:11,060|INFO|random_mc2_n6_mid3_d1000_05_mr098_r10_111_uai_GDCC_1e-09_n200_roFalse_s0: Loading data from ../models/synthetic/s123/random_mc2_n6_mid3_d1000_05_mr098_r10_111.csv
2026-02-02 16:20:11,071|INFO|random_mc2_n6_mid3_d1000_05_mr098_r10_111_uai_GDCC_1e-09_n200_roFalse_s0: PNS(V2,V0) exact: (0.0, 0.0)
2026-02-02 16:20:11,072|ERROR|random_mc2_n6_mid3_d1000_05_mr098_r10_111_uai_GDCC_1e-09_n200_roFalse_s0: Model does not have any cause-effect path.
2026-02-02 16:20:11,881|INFO|random_mc2_n8_mid3_d1000_05_mr098_r10_190_uai_GDCC_1e-09_n200_roFalse_s0: Loading model from ../models/synthetic/s123/random_mc2_n8_mid3_d1000_05_mr098_r10_190.uai
2026-02-02 16:20:11,903|INFO|random_mc2_n8_mid3_d1000_05_mr098_r10_190_uai_GDCC_1e-09_n200_roFalse_s0: Loading data from ../models/synthetic/s123/random_mc2_n8_mid3_d1000_05_mr098_r10_190.csv
2026-02-02 16:20:11,912|ERROR|random_mc2_n8_mid3_d1000_05_mr098_r10_190_uai_GDCC_1e-09_n200_roFalse_s0: File exists, not rewriting.
2026-02-02 16:20:18,914|INFO|random_mc2_n5_mid3_d1000_05_mr098_r10_177_uai_GDCC_1e-09_n200_roTrue_s0: Loading model from ../models/synthetic/s123/random_mc2_n5_mid3_d1000_05_mr098_r10_177.uai
2026-02-02 16:20:18,925|INFO|random_mc2_n5_mid3_d1000_05_mr098_r10_177_uai_GDCC_1e-09_n200_roTrue_s0: Loading data from ../models/synthetic/s123/random_mc2_n5_mid3_d1000_05_mr098_r10_177.csv
2026-02-02 16:20:18,934|INFO|random_mc2_n5_mid3_d1000_05_mr098_r10_177_uai_GDCC_1e-09_n200_roTrue_s0: PNS(V3,V1) exact: (0.00095494328811, 0.305507837236473)
2026-02-02 16:20:23,327|INFO|random_mc2_n6_mid3_d1000_05_mr098_r10_28_uai_GDCC_1e-09_n200_roFalse_s0: Loading model from ../models/synthetic/s123/random_mc2_n6_mid3_d1000_05_mr098_r10_28.uai
2026-02-02 16:20:23,338|INFO|random_mc2_n6_mid3_d1000_05_mr098_r10_28_uai_GDCC_1e-09_n200_roFalse_s0: Loading data from ../models/synthetic/s123/random_mc2_n6_mid3_d1000_05_mr098_r10_28.csv
2026-02-02 16:20:23,350|INFO|random_mc2_n6_mid3_d1000_05_mr098_r10_28_uai_GDCC_1e-09_n200_roFalse_s0: PNS(V3,V2) exact: (0.36156, 0.53922)
slurmstepd: error: *** JOB 243475 ON nodo11 CANCELLED AT 2026-02-02T16:20:24 ***
