2026-02-02 16:15:19,655|INFO|random_mc2_n5_mid3_d1000_05_mr098_r10_164_uai_GDCC_1e-07_n200_roFalse_s0: Loading model from ../models/synthetic/s123/random_mc2_n5_mid3_d1000_05_mr098_r10_164.uai
2026-02-02 16:15:19,665|INFO|random_mc2_n5_mid3_d1000_05_mr098_r10_164_uai_GDCC_1e-07_n200_roFalse_s0: Loading data from ../models/synthetic/s123/random_mc2_n5_mid3_d1000_05_mr098_r10_164.csv
2026-02-02 16:15:19,679|ERROR|random_mc2_n5_mid3_d1000_05_mr098_r10_164_uai_GDCC_1e-07_n200_roFalse_s0: File exists, not rewriting.
2026-02-02 16:15:19,771|INFO|random_mc2_n6_mid3_d1000_05_mr098_r10_1_uai_GDCC_1e-07_n200_roFalse_s0: Loading model from ../models/synthetic/s123/random_mc2_n6_mid3_d1000_05_mr098_r10_1.uai
2026-02-02 16:15:19,793|INFO|random_mc2_n6_mid3_d1000_05_mr098_r10_1_uai_GDCC_1e-07_n200_roFalse_s0: Loading data from ../models/synthetic/s123/random_mc2_n6_mid3_d1000_05_mr098_r10_1.csv
2026-02-02 16:15:19,803|INFO|random_mc2_n6_mid3_d1000_05_mr098_r10_1_uai_GDCC_1e-07_n200_roFalse_s0: PNS(V1,V5) exact: (0.4916268825, 0.6244381053000002)
2026-02-02 16:15:36,625|INFO|random_mc2_n6_mid3_d1000_05_mr098_r10_100_uai_GDCC_1e-07_n200_roFalse_s0: Loading model from ../models/synthetic/s123/random_mc2_n6_mid3_d1000_05_mr098_r10_100.uai
2026-02-02 16:15:36,647|INFO|random_mc2_n6_mid3_d1000_05_mr098_r10_100_uai_GDCC_1e-07_n200_roFalse_s0: Loading data from ../models/synthetic/s123/random_mc2_n6_mid3_d1000_05_mr098_r10_100.csv
2026-02-02 16:15:36,667|INFO|random_mc2_n6_mid3_d1000_05_mr098_r10_100_uai_GDCC_1e-07_n200_roFalse_s0: PNS(V1,V4) exact: (0.171264845032, 0.302367839752)
2026-02-02 16:15:37,967|INFO|random_mc2_n6_mid3_d1000_05_mr098_r10_81_uai_GDCC_1e-07_n200_roFalse_s0: Loading model from ../models/synthetic/s123/random_mc2_n6_mid3_d1000_05_mr098_r10_81.uai
2026-02-02 16:15:37,981|INFO|random_mc2_n6_mid3_d1000_05_mr098_r10_81_uai_GDCC_1e-07_n200_roFalse_s0: Loading data from ../models/synthetic/s123/random_mc2_n6_mid3_d1000_05_mr098_r10_81.csv
2026-02-02 16:15:38,000|INFO|random_mc2_n6_mid3_d1000_05_mr098_r10_81_uai_GDCC_1e-07_n200_roFalse_s0: PNS(V0,V1) exact: (0.3372099000000001, 0.3372099000000001)
2026-02-02 16:15:38,266|INFO|random_mc2_n6_mid3_d1000_05_mr098_r10_200_uai_GDCC_1e-07_n200_roTrue_s0: Loading model from ../models/synthetic/s123/random_mc2_n6_mid3_d1000_05_mr098_r10_200.uai
2026-02-02 16:15:38,306|INFO|random_mc2_n6_mid3_d1000_05_mr098_r10_200_uai_GDCC_1e-07_n200_roTrue_s0: Loading data from ../models/synthetic/s123/random_mc2_n6_mid3_d1000_05_mr098_r10_200.csv
2026-02-02 16:15:38,314|ERROR|random_mc2_n6_mid3_d1000_05_mr098_r10_200_uai_GDCC_1e-07_n200_roTrue_s0: File exists, not rewriting.
2026-02-02 16:15:38,700|INFO|random_mc2_n6_mid3_d1000_05_mr098_r10_150_uai_GDCC_1e-07_n200_roTrue_s0: Loading model from ../models/synthetic/s123/random_mc2_n6_mid3_d1000_05_mr098_r10_150.uai
2026-02-02 16:15:38,722|INFO|random_mc2_n6_mid3_d1000_05_mr098_r10_150_uai_GDCC_1e-07_n200_roTrue_s0: Loading data from ../models/synthetic/s123/random_mc2_n6_mid3_d1000_05_mr098_r10_150.csv
2026-02-02 16:15:38,739|ERROR|random_mc2_n6_mid3_d1000_05_mr098_r10_150_uai_GDCC_1e-07_n200_roTrue_s0: File exists, not rewriting.
2026-02-02 16:15:41,199|INFO|random_mc2_n8_mid3_d1000_05_mr098_r10_38_uai_GDCC_1e-07_n200_roFalse_s0: Loading model from ../models/synthetic/s123/random_mc2_n8_mid3_d1000_05_mr098_r10_38.uai
2026-02-02 16:15:41,248|INFO|random_mc2_n8_mid3_d1000_05_mr098_r10_38_uai_GDCC_1e-07_n200_roFalse_s0: Loading data from ../models/synthetic/s123/random_mc2_n8_mid3_d1000_05_mr098_r10_38.csv
2026-02-02 16:15:41,260|ERROR|random_mc2_n8_mid3_d1000_05_mr098_r10_38_uai_GDCC_1e-07_n200_roFalse_s0: File exists, not rewriting.
2026-02-02 16:15:45,252|INFO|random_mc2_n7_mid3_d1000_05_mr098_r10_155_uai_GDCC_1e-07_n200_roFalse_s0: Loading model from ../models/synthetic/s123/random_mc2_n7_mid3_d1000_05_mr098_r10_155.uai
2026-02-02 16:15:45,303|INFO|random_mc2_n7_mid3_d1000_05_mr098_r10_155_uai_GDCC_1e-07_n200_roFalse_s0: Loading data from ../models/synthetic/s123/random_mc2_n7_mid3_d1000_05_mr098_r10_155.csv
2026-02-02 16:15:45,321|ERROR|random_mc2_n7_mid3_d1000_05_mr098_r10_155_uai_GDCC_1e-07_n200_roFalse_s0: File exists, not rewriting.
2026-02-02 16:15:49,686|INFO|random_mc2_n5_mid3_d1000_05_mr098_r10_74_uai_GDCC_1e-07_n200_roTrue_s0: Loading model from ../models/synthetic/s123/random_mc2_n5_mid3_d1000_05_mr098_r10_74.uai
2026-02-02 16:15:49,720|INFO|random_mc2_n5_mid3_d1000_05_mr098_r10_74_uai_GDCC_1e-07_n200_roTrue_s0: Loading data from ../models/synthetic/s123/random_mc2_n5_mid3_d1000_05_mr098_r10_74.csv
2026-02-02 16:15:49,746|INFO|random_mc2_n5_mid3_d1000_05_mr098_r10_74_uai_GDCC_1e-07_n200_roTrue_s0: PNS(V1,V3) exact: (0.242259660626, 0.50518708548)
2026-02-02 16:15:49,821|INFO|random_mc2_n6_mid3_d1000_05_mr098_r10_160_uai_GDCC_1e-07_n200_roTrue_s0: Loading model from ../models/synthetic/s123/random_mc2_n6_mid3_d1000_05_mr098_r10_160.uai
2026-02-02 16:15:49,858|INFO|random_mc2_n6_mid3_d1000_05_mr098_r10_160_uai_GDCC_1e-07_n200_roTrue_s0: Loading data from ../models/synthetic/s123/random_mc2_n6_mid3_d1000_05_mr098_r10_160.csv
2026-02-02 16:15:49,882|ERROR|random_mc2_n6_mid3_d1000_05_mr098_r10_160_uai_GDCC_1e-07_n200_roTrue_s0: File exists, not rewriting.
2026-02-02 16:15:56,290|INFO|random_mc2_n6_mid3_d1000_05_mr098_r10_11_uai_GDCC_1e-07_n200_roFalse_s0: Loading model from ../models/synthetic/s123/random_mc2_n6_mid3_d1000_05_mr098_r10_11.uai
2026-02-02 16:15:56,303|INFO|random_mc2_n6_mid3_d1000_05_mr098_r10_11_uai_GDCC_1e-07_n200_roFalse_s0: Loading data from ../models/synthetic/s123/random_mc2_n6_mid3_d1000_05_mr098_r10_11.csv
2026-02-02 16:15:56,322|INFO|random_mc2_n6_mid3_d1000_05_mr098_r10_11_uai_GDCC_1e-07_n200_roFalse_s0: PNS(V5,V0) exact: (0.226887276, 0.345199661)
2026-02-02 16:15:56,983|INFO|random_mc2_n7_mid3_d1000_05_mr098_r10_59_uai_GDCC_1e-07_n200_roTrue_s0: Loading model from ../models/synthetic/s123/random_mc2_n7_mid3_d1000_05_mr098_r10_59.uai
2026-02-02 16:15:57,104|INFO|random_mc2_n7_mid3_d1000_05_mr098_r10_59_uai_GDCC_1e-07_n200_roTrue_s0: Loading data from ../models/synthetic/s123/random_mc2_n7_mid3_d1000_05_mr098_r10_59.csv
2026-02-02 16:15:57,110|ERROR|random_mc2_n7_mid3_d1000_05_mr098_r10_59_uai_GDCC_1e-07_n200_roTrue_s0: File exists, not rewriting.
2026-02-02 16:15:59,271|INFO|random_mc2_n6_mid3_d1000_05_mr098_r10_141_uai_GDCC_1e-07_n200_roTrue_s0: Loading model from ../models/synthetic/s123/random_mc2_n6_mid3_d1000_05_mr098_r10_141.uai
2026-02-02 16:15:59,326|INFO|random_mc2_n6_mid3_d1000_05_mr098_r10_141_uai_GDCC_1e-07_n200_roTrue_s0: Loading data from ../models/synthetic/s123/random_mc2_n6_mid3_d1000_05_mr098_r10_141.csv
2026-02-02 16:15:59,347|INFO|random_mc2_n6_mid3_d1000_05_mr098_r10_141_uai_GDCC_1e-07_n200_roTrue_s0: PNS(V1,V4) exact: (0.2486475012, 0.2716618306)
2026-02-02 16:16:06,403|INFO|random_mc2_n5_mid3_d1000_05_mr098_r10_6_uai_GDCC_1e-07_n200_roFalse_s0: Loading model from ../models/synthetic/s123/random_mc2_n5_mid3_d1000_05_mr098_r10_6.uai
2026-02-02 16:16:06,417|INFO|random_mc2_n5_mid3_d1000_05_mr098_r10_6_uai_GDCC_1e-07_n200_roFalse_s0: Loading data from ../models/synthetic/s123/random_mc2_n5_mid3_d1000_05_mr098_r10_6.csv
2026-02-02 16:16:06,424|ERROR|random_mc2_n5_mid3_d1000_05_mr098_r10_6_uai_GDCC_1e-07_n200_roFalse_s0: File exists, not rewriting.
2026-02-02 16:16:06,838|INFO|random_mc2_n6_mid3_d1000_05_mr098_r10_46_uai_GDCC_1e-07_n200_roFalse_s0: Loading model from ../models/synthetic/s123/random_mc2_n6_mid3_d1000_05_mr098_r10_46.uai
2026-02-02 16:16:06,858|INFO|random_mc2_n6_mid3_d1000_05_mr098_r10_46_uai_GDCC_1e-07_n200_roFalse_s0: Loading data from ../models/synthetic/s123/random_mc2_n6_mid3_d1000_05_mr098_r10_46.csv
2026-02-02 16:16:06,886|INFO|random_mc2_n6_mid3_d1000_05_mr098_r10_46_uai_GDCC_1e-07_n200_roFalse_s0: PNS(V5,V4) exact: (0.1425212815, 0.1433881685)
2026-02-02 16:16:10,039|INFO|random_mc2_n6_mid3_d1000_05_mr098_r10_68_uai_GDCC_1e-07_n200_roFalse_s0: Loading model from ../models/synthetic/s123/random_mc2_n6_mid3_d1000_05_mr098_r10_68.uai
2026-02-02 16:16:10,079|INFO|random_mc2_n6_mid3_d1000_05_mr098_r10_68_uai_GDCC_1e-07_n200_roFalse_s0: Loading data from ../models/synthetic/s123/random_mc2_n6_mid3_d1000_05_mr098_r10_68.csv
2026-02-02 16:16:10,113|INFO|random_mc2_n6_mid3_d1000_05_mr098_r10_68_uai_GDCC_1e-07_n200_roFalse_s0: PNS(V0,V1) exact: (0.0, 0.1486868319875199)
2026-02-02 16:16:10,275|INFO|random_mc2_n6_mid3_d1000_05_mr098_r10_22_uai_GDCC_1e-07_n200_roFalse_s0: Loading model from ../models/synthetic/s123/random_mc2_n6_mid3_d1000_05_mr098_r10_22.uai
2026-02-02 16:16:10,294|INFO|random_mc2_n6_mid3_d1000_05_mr098_r10_22_uai_GDCC_1e-07_n200_roFalse_s0: Loading data from ../models/synthetic/s123/random_mc2_n6_mid3_d1000_05_mr098_r10_22.csv
2026-02-02 16:16:10,313|ERROR|random_mc2_n6_mid3_d1000_05_mr098_r10_22_uai_GDCC_1e-07_n200_roFalse_s0: File exists, not rewriting.
2026-02-02 16:16:10,399|INFO|random_mc2_n7_mid3_d1000_05_mr098_r10_68_uai_GDCC_1e-07_n200_roFalse_s0: Loading model from ../models/synthetic/s123/random_mc2_n7_mid3_d1000_05_mr098_r10_68.uai
2026-02-02 16:16:10,507|INFO|random_mc2_n7_mid3_d1000_05_mr098_r10_68_uai_GDCC_1e-07_n200_roFalse_s0: Loading data from ../models/synthetic/s123/random_mc2_n7_mid3_d1000_05_mr098_r10_68.csv
2026-02-02 16:16:10,523|ERROR|random_mc2_n7_mid3_d1000_05_mr098_r10_68_uai_GDCC_1e-07_n200_roFalse_s0: File exists, not rewriting.
2026-02-02 16:16:11,105|INFO|random_mc2_n5_mid3_d1000_05_mr098_r10_40_uai_GDCC_1e-07_n200_roTrue_s0: Loading model from ../models/synthetic/s123/random_mc2_n5_mid3_d1000_05_mr098_r10_40.uai
2026-02-02 16:16:11,119|INFO|random_mc2_n5_mid3_d1000_05_mr098_r10_40_uai_GDCC_1e-07_n200_roTrue_s0: Loading data from ../models/synthetic/s123/random_mc2_n5_mid3_d1000_05_mr098_r10_40.csv
2026-02-02 16:16:11,130|ERROR|random_mc2_n5_mid3_d1000_05_mr098_r10_40_uai_GDCC_1e-07_n200_roTrue_s0: File exists, not rewriting.
2026-02-02 16:16:11,378|INFO|random_mc2_n6_mid3_d1000_05_mr098_r10_95_uai_GDCC_1e-07_n200_roFalse_s0: Loading model from ../models/synthetic/s123/random_mc2_n6_mid3_d1000_05_mr098_r10_95.uai
2026-02-02 16:16:11,394|INFO|random_mc2_n6_mid3_d1000_05_mr098_r10_95_uai_GDCC_1e-07_n200_roFalse_s0: Loading data from ../models/synthetic/s123/random_mc2_n6_mid3_d1000_05_mr098_r10_95.csv
2026-02-02 16:16:11,415|INFO|random_mc2_n6_mid3_d1000_05_mr098_r10_95_uai_GDCC_1e-07_n200_roFalse_s0: PNS(V0,V3) exact: (0.0125035191999999, 0.0125035191999999)
2026-02-02 16:16:11,435|INFO|random_mc2_n5_mid3_d1000_05_mr098_r10_116_uai_GDCC_1e-07_n200_roFalse_s0: Loading model from ../models/synthetic/s123/random_mc2_n5_mid3_d1000_05_mr098_r10_116.uai
2026-02-02 16:16:11,443|INFO|random_mc2_n5_mid3_d1000_05_mr098_r10_116_uai_GDCC_1e-07_n200_roFalse_s0: Loading data from ../models/synthetic/s123/random_mc2_n5_mid3_d1000_05_mr098_r10_116.csv
2026-02-02 16:16:11,462|INFO|random_mc2_n5_mid3_d1000_05_mr098_r10_116_uai_GDCC_1e-07_n200_roFalse_s0: PNS(V1,V3) exact: (0.0, 0.0017957419812)
2026-02-02 16:16:12,017|INFO|random_mc2_n7_mid3_d1000_05_mr098_r10_145_uai_GDCC_1e-07_n200_roTrue_s0: Loading model from ../models/synthetic/s123/random_mc2_n7_mid3_d1000_05_mr098_r10_145.uai
2026-02-02 16:16:12,036|INFO|random_mc2_n7_mid3_d1000_05_mr098_r10_145_uai_GDCC_1e-07_n200_roTrue_s0: Loading data from ../models/synthetic/s123/random_mc2_n7_mid3_d1000_05_mr098_r10_145.csv
2026-02-02 16:16:12,066|INFO|random_mc2_n7_mid3_d1000_05_mr098_r10_145_uai_GDCC_1e-07_n200_roTrue_s0: PNS(V2,V5) exact: (0.024162408524618, 0.062781303718492)
2026-02-02 16:16:12,445|INFO|random_mc2_n7_mid3_d1000_05_mr098_r10_29_uai_GDCC_1e-07_n200_roTrue_s0: Loading model from ../models/synthetic/s123/random_mc2_n7_mid3_d1000_05_mr098_r10_29.uai
2026-02-02 16:16:12,462|INFO|random_mc2_n7_mid3_d1000_05_mr098_r10_29_uai_GDCC_1e-07_n200_roTrue_s0: Loading data from ../models/synthetic/s123/random_mc2_n7_mid3_d1000_05_mr098_r10_29.csv
2026-02-02 16:16:12,477|ERROR|random_mc2_n7_mid3_d1000_05_mr098_r10_29_uai_GDCC_1e-07_n200_roTrue_s0: File exists, not rewriting.
2026-02-02 16:16:12,932|INFO|random_mc2_n7_mid3_d1000_05_mr098_r10_93_uai_GDCC_1e-07_n200_roFalse_s0: Loading model from ../models/synthetic/s123/random_mc2_n7_mid3_d1000_05_mr098_r10_93.uai
2026-02-02 16:16:12,941|INFO|random_mc2_n7_mid3_d1000_05_mr098_r10_93_uai_GDCC_1e-07_n200_roFalse_s0: Loading data from ../models/synthetic/s123/random_mc2_n7_mid3_d1000_05_mr098_r10_93.csv
2026-02-02 16:16:12,949|ERROR|random_mc2_n7_mid3_d1000_05_mr098_r10_93_uai_GDCC_1e-07_n200_roFalse_s0: File exists, not rewriting.
2026-02-02 16:16:25,070|INFO|random_mc2_n5_mid3_d1000_05_mr098_r10_81_uai_GDCC_1e-07_n200_roFalse_s0: Loading model from ../models/synthetic/s123/random_mc2_n5_mid3_d1000_05_mr098_r10_81.uai
2026-02-02 16:16:25,087|INFO|random_mc2_n5_mid3_d1000_05_mr098_r10_81_uai_GDCC_1e-07_n200_roFalse_s0: Loading data from ../models/synthetic/s123/random_mc2_n5_mid3_d1000_05_mr098_r10_81.csv
2026-02-02 16:16:25,099|ERROR|random_mc2_n5_mid3_d1000_05_mr098_r10_81_uai_GDCC_1e-07_n200_roFalse_s0: File exists, not rewriting.
2026-02-02 16:16:27,888|INFO|random_mc2_n6_mid3_d1000_05_mr098_r10_25_uai_GDCC_1e-07_n200_roFalse_s0: Loading model from ../models/synthetic/s123/random_mc2_n6_mid3_d1000_05_mr098_r10_25.uai
2026-02-02 16:16:27,908|INFO|random_mc2_n7_mid3_d1000_05_mr098_r10_62_uai_GDCC_1e-07_n200_roTrue_s0: Loading model from ../models/synthetic/s123/random_mc2_n7_mid3_d1000_05_mr098_r10_62.uai
2026-02-02 16:16:27,913|INFO|random_mc2_n6_mid3_d1000_05_mr098_r10_168_uai_GDCC_1e-07_n200_roFalse_s0: Loading model from ../models/synthetic/s123/random_mc2_n6_mid3_d1000_05_mr098_r10_168.uai
2026-02-02 16:16:27,927|INFO|random_mc2_n6_mid3_d1000_05_mr098_r10_25_uai_GDCC_1e-07_n200_roFalse_s0: Loading data from ../models/synthetic/s123/random_mc2_n6_mid3_d1000_05_mr098_r10_25.csv
2026-02-02 16:16:27,941|ERROR|random_mc2_n6_mid3_d1000_05_mr098_r10_25_uai_GDCC_1e-07_n200_roFalse_s0: File exists, not rewriting.
2026-02-02 16:16:27,924|INFO|random_mc2_n6_mid3_d1000_05_mr098_r10_168_uai_GDCC_1e-07_n200_roFalse_s0: Loading data from ../models/synthetic/s123/random_mc2_n6_mid3_d1000_05_mr098_r10_168.csv
2026-02-02 16:16:27,937|ERROR|random_mc2_n6_mid3_d1000_05_mr098_r10_168_uai_GDCC_1e-07_n200_roFalse_s0: File exists, not rewriting.
2026-02-02 16:16:28,018|INFO|random_mc2_n7_mid3_d1000_05_mr098_r10_62_uai_GDCC_1e-07_n200_roTrue_s0: Loading data from ../models/synthetic/s123/random_mc2_n7_mid3_d1000_05_mr098_r10_62.csv
2026-02-02 16:16:28,026|ERROR|random_mc2_n7_mid3_d1000_05_mr098_r10_62_uai_GDCC_1e-07_n200_roTrue_s0: File exists, not rewriting.
2026-02-02 16:16:28,781|INFO|random_mc2_n9_mid3_d1000_05_mr098_r10_119_uai_GDCC_1e-07_n200_roFalse_s0: Loading model from ../models/synthetic/s123/random_mc2_n9_mid3_d1000_05_mr098_r10_119.uai
2026-02-02 16:16:28,795|INFO|random_mc2_n9_mid3_d1000_05_mr098_r10_119_uai_GDCC_1e-07_n200_roFalse_s0: Loading data from ../models/synthetic/s123/random_mc2_n9_mid3_d1000_05_mr098_r10_119.csv
2026-02-02 16:16:28,806|INFO|random_mc2_n9_mid3_d1000_05_mr098_r10_119_uai_GDCC_1e-07_n200_roFalse_s0: PNS(V0,V8) exact: (0.0742677176, 0.0951852808999999)
2026-02-02 16:16:30,689|INFO|random_mc2_n6_mid3_d1000_05_mr098_r10_44_uai_GDCC_1e-07_n200_roFalse_s0: Loading model from ../models/synthetic/s123/random_mc2_n6_mid3_d1000_05_mr098_r10_44.uai
2026-02-02 16:16:30,701|INFO|random_mc2_n6_mid3_d1000_05_mr098_r10_44_uai_GDCC_1e-07_n200_roFalse_s0: Loading data from ../models/synthetic/s123/random_mc2_n6_mid3_d1000_05_mr098_r10_44.csv
2026-02-02 16:16:30,714|INFO|random_mc2_n6_mid3_d1000_05_mr098_r10_44_uai_GDCC_1e-07_n200_roFalse_s0: PNS(V3,V5) exact: (0.0558153164, 0.3842657125)
2026-02-02 16:16:32,121|INFO|random_mc2_n5_mid3_d1000_05_mr098_r10_53_uai_GDCC_1e-07_n200_roTrue_s0: Loading model from ../models/synthetic/s123/random_mc2_n5_mid3_d1000_05_mr098_r10_53.uai
2026-02-02 16:16:32,143|INFO|random_mc2_n5_mid3_d1000_05_mr098_r10_53_uai_GDCC_1e-07_n200_roTrue_s0: Loading data from ../models/synthetic/s123/random_mc2_n5_mid3_d1000_05_mr098_r10_53.csv
2026-02-02 16:16:32,177|INFO|random_mc2_n5_mid3_d1000_05_mr098_r10_53_uai_GDCC_1e-07_n200_roTrue_s0: PNS(V0,V1) exact: (0.0, 0.0)
2026-02-02 16:16:32,178|ERROR|random_mc2_n5_mid3_d1000_05_mr098_r10_53_uai_GDCC_1e-07_n200_roTrue_s0: Model does not have any cause-effect path.
2026-02-02 16:16:32,183|INFO|random_mc2_n5_mid3_d1000_05_mr098_r10_84_uai_GDCC_1e-07_n200_roFalse_s0: Loading model from ../models/synthetic/s123/random_mc2_n5_mid3_d1000_05_mr098_r10_84.uai
2026-02-02 16:16:32,201|INFO|random_mc2_n5_mid3_d1000_05_mr098_r10_84_uai_GDCC_1e-07_n200_roFalse_s0: Loading data from ../models/synthetic/s123/random_mc2_n5_mid3_d1000_05_mr098_r10_84.csv
2026-02-02 16:16:32,217|ERROR|random_mc2_n5_mid3_d1000_05_mr098_r10_84_uai_GDCC_1e-07_n200_roFalse_s0: File exists, not rewriting.
2026-02-02 16:16:40,344|INFO|random_mc2_n7_mid3_d1000_05_mr098_r10_194_uai_GDCC_1e-07_n200_roTrue_s0: Loading model from ../models/synthetic/s123/random_mc2_n7_mid3_d1000_05_mr098_r10_194.uai
2026-02-02 16:16:40,368|INFO|random_mc2_n7_mid3_d1000_05_mr098_r10_194_uai_GDCC_1e-07_n200_roTrue_s0: Loading data from ../models/synthetic/s123/random_mc2_n7_mid3_d1000_05_mr098_r10_194.csv
2026-02-02 16:16:40,381|ERROR|random_mc2_n7_mid3_d1000_05_mr098_r10_194_uai_GDCC_1e-07_n200_roTrue_s0: File exists, not rewriting.
2026-02-02 16:16:42,532|INFO|random_mc2_n6_mid3_d1000_05_mr098_r10_40_uai_GDCC_1e-07_n200_roFalse_s0: Loading model from ../models/synthetic/s123/random_mc2_n6_mid3_d1000_05_mr098_r10_40.uai
2026-02-02 16:16:42,541|INFO|random_mc2_n6_mid3_d1000_05_mr098_r10_40_uai_GDCC_1e-07_n200_roFalse_s0: Loading data from ../models/synthetic/s123/random_mc2_n6_mid3_d1000_05_mr098_r10_40.csv
2026-02-02 16:16:42,553|INFO|random_mc2_n6_mid3_d1000_05_mr098_r10_40_uai_GDCC_1e-07_n200_roFalse_s0: PNS(V1,V5) exact: (0.0, 0.0896543509)
2026-02-02 16:16:43,884|INFO|random_mc2_n9_mid3_d1000_05_mr098_r10_42_uai_GDCC_1e-07_n200_roFalse_s0: Loading model from ../models/synthetic/s123/random_mc2_n9_mid3_d1000_05_mr098_r10_42.uai
2026-02-02 16:16:43,896|INFO|random_mc2_n9_mid3_d1000_05_mr098_r10_42_uai_GDCC_1e-07_n200_roFalse_s0: Loading data from ../models/synthetic/s123/random_mc2_n9_mid3_d1000_05_mr098_r10_42.csv
2026-02-02 16:16:43,908|INFO|random_mc2_n9_mid3_d1000_05_mr098_r10_42_uai_GDCC_1e-07_n200_roFalse_s0: PNS(V4,V1) exact: (0.0055529329999999, 0.0881529485)
2026-02-02 16:16:47,863|INFO|random_mc2_n5_mid3_d1000_05_mr098_r10_149_uai_GDCC_1e-07_n200_roFalse_s0: Loading model from ../models/synthetic/s123/random_mc2_n5_mid3_d1000_05_mr098_r10_149.uai
2026-02-02 16:16:47,878|INFO|random_mc2_n5_mid3_d1000_05_mr098_r10_149_uai_GDCC_1e-07_n200_roFalse_s0: Loading data from ../models/synthetic/s123/random_mc2_n5_mid3_d1000_05_mr098_r10_149.csv
2026-02-02 16:16:47,911|INFO|random_mc2_n5_mid3_d1000_05_mr098_r10_149_uai_GDCC_1e-07_n200_roFalse_s0: PNS(V3,V0) exact: (0.0, 0.014418359495816)
2026-02-02 16:16:51,572|INFO|random_mc2_n7_mid3_d1000_05_mr098_r10_34_uai_GDCC_1e-07_n200_roFalse_s0: Loading model from ../models/synthetic/s123/random_mc2_n7_mid3_d1000_05_mr098_r10_34.uai
2026-02-02 16:16:51,591|INFO|random_mc2_n7_mid3_d1000_05_mr098_r10_34_uai_GDCC_1e-07_n200_roFalse_s0: Loading data from ../models/synthetic/s123/random_mc2_n7_mid3_d1000_05_mr098_r10_34.csv
2026-02-02 16:16:51,606|INFO|random_mc2_n7_mid3_d1000_05_mr098_r10_34_uai_GDCC_1e-07_n200_roFalse_s0: PNS(V2,V1) exact: (0.0696133230233768, 0.2443864534772551)
2026-02-02 16:16:51,687|INFO|random_mc2_n5_mid3_d1000_05_mr098_r10_34_uai_GDCC_1e-07_n200_roFalse_s0: Loading model from ../models/synthetic/s123/random_mc2_n5_mid3_d1000_05_mr098_r10_34.uai
2026-02-02 16:16:51,693|INFO|random_mc2_n5_mid3_d1000_05_mr098_r10_34_uai_GDCC_1e-07_n200_roFalse_s0: Loading data from ../models/synthetic/s123/random_mc2_n5_mid3_d1000_05_mr098_r10_34.csv
2026-02-02 16:16:51,704|INFO|random_mc2_n5_mid3_d1000_05_mr098_r10_34_uai_GDCC_1e-07_n200_roFalse_s0: PNS(V0,V3) exact: (0.41137714, 0.41137714)
2026-02-02 16:16:55,982|INFO|random_mc2_n5_mid3_d1000_05_mr098_r10_163_uai_GDCC_1e-07_n200_roFalse_s0: Loading model from ../models/synthetic/s123/random_mc2_n5_mid3_d1000_05_mr098_r10_163.uai
2026-02-02 16:16:55,989|INFO|random_mc2_n5_mid3_d1000_05_mr098_r10_163_uai_GDCC_1e-07_n200_roFalse_s0: Loading data from ../models/synthetic/s123/random_mc2_n5_mid3_d1000_05_mr098_r10_163.csv
2026-02-02 16:16:56,001|INFO|random_mc2_n5_mid3_d1000_05_mr098_r10_163_uai_GDCC_1e-07_n200_roFalse_s0: PNS(V0,V4) exact: (0.0140736103, 0.0557529839)
2026-02-02 16:16:56,962|INFO|random_mc2_n7_mid3_d1000_05_mr098_r10_123_uai_GDCC_1e-07_n200_roTrue_s0: Loading model from ../models/synthetic/s123/random_mc2_n7_mid3_d1000_05_mr098_r10_123.uai
2026-02-02 16:16:56,978|INFO|random_mc2_n7_mid3_d1000_05_mr098_r10_123_uai_GDCC_1e-07_n200_roTrue_s0: Loading data from ../models/synthetic/s123/random_mc2_n7_mid3_d1000_05_mr098_r10_123.csv
2026-02-02 16:16:56,995|INFO|random_mc2_n7_mid3_d1000_05_mr098_r10_123_uai_GDCC_1e-07_n200_roTrue_s0: PNS(V0,V6) exact: (0.0106816021871762, 0.1499524833352205)
2026-02-02 16:16:59,344|INFO|random_mc2_n6_mid3_d1000_05_mr098_r10_150_uai_GDCC_1e-07_n200_roFalse_s0: Loading model from ../models/synthetic/s123/random_mc2_n6_mid3_d1000_05_mr098_r10_150.uai
2026-02-02 16:16:59,369|INFO|random_mc2_n6_mid3_d1000_05_mr098_r10_150_uai_GDCC_1e-07_n200_roFalse_s0: Loading data from ../models/synthetic/s123/random_mc2_n6_mid3_d1000_05_mr098_r10_150.csv
2026-02-02 16:16:59,398|ERROR|random_mc2_n6_mid3_d1000_05_mr098_r10_150_uai_GDCC_1e-07_n200_roFalse_s0: File exists, not rewriting.
2026-02-02 16:17:00,465|INFO|random_mc2_n5_mid3_d1000_05_mr098_r10_184_uai_GDCC_1e-07_n200_roFalse_s0: Loading model from ../models/synthetic/s123/random_mc2_n5_mid3_d1000_05_mr098_r10_184.uai
2026-02-02 16:17:00,476|INFO|random_mc2_n5_mid3_d1000_05_mr098_r10_184_uai_GDCC_1e-07_n200_roFalse_s0: Loading data from ../models/synthetic/s123/random_mc2_n5_mid3_d1000_05_mr098_r10_184.csv
2026-02-02 16:17:00,491|INFO|random_mc2_n5_mid3_d1000_05_mr098_r10_184_uai_GDCC_1e-07_n200_roFalse_s0: PNS(V3,V4) exact: (0.0, 0.0)
2026-02-02 16:17:00,492|ERROR|random_mc2_n5_mid3_d1000_05_mr098_r10_184_uai_GDCC_1e-07_n200_roFalse_s0: Model does not have any cause-effect path.
2026-02-02 16:17:00,557|INFO|random_mc2_n9_mid3_d1000_05_mr098_r10_198_uai_GDCC_1e-07_n200_roFalse_s0: Loading model from ../models/synthetic/s123/random_mc2_n9_mid3_d1000_05_mr098_r10_198.uai
2026-02-02 16:17:00,574|INFO|random_mc2_n8_mid3_d1000_05_mr098_r10_76_uai_GDCC_1e-07_n200_roFalse_s0: Loading model from ../models/synthetic/s123/random_mc2_n8_mid3_d1000_05_mr098_r10_76.uai
2026-02-02 16:17:00,574|INFO|random_mc2_n9_mid3_d1000_05_mr098_r10_198_uai_GDCC_1e-07_n200_roFalse_s0: Loading data from ../models/synthetic/s123/random_mc2_n9_mid3_d1000_05_mr098_r10_198.csv
2026-02-02 16:17:00,585|ERROR|random_mc2_n9_mid3_d1000_05_mr098_r10_198_uai_GDCC_1e-07_n200_roFalse_s0: File exists, not rewriting.
2026-02-02 16:17:00,590|INFO|random_mc2_n8_mid3_d1000_05_mr098_r10_76_uai_GDCC_1e-07_n200_roFalse_s0: Loading data from ../models/synthetic/s123/random_mc2_n8_mid3_d1000_05_mr098_r10_76.csv
2026-02-02 16:17:00,607|INFO|random_mc2_n8_mid3_d1000_05_mr098_r10_76_uai_GDCC_1e-07_n200_roFalse_s0: PNS(V5,V4) exact: (0.400195964582856, 0.4868895953108599)
2026-02-02 16:17:01,149|INFO|random_mc2_n5_mid3_d1000_05_mr098_r10_2_uai_GDCC_1e-07_n200_roFalse_s0: Loading model from ../models/synthetic/s123/random_mc2_n5_mid3_d1000_05_mr098_r10_2.uai
2026-02-02 16:17:01,158|INFO|random_mc2_n5_mid3_d1000_05_mr098_r10_2_uai_GDCC_1e-07_n200_roFalse_s0: Loading data from ../models/synthetic/s123/random_mc2_n5_mid3_d1000_05_mr098_r10_2.csv
2026-02-02 16:17:01,177|INFO|random_mc2_n5_mid3_d1000_05_mr098_r10_2_uai_GDCC_1e-07_n200_roFalse_s0: PNS(V1,V2) exact: (0.0, 0.0)
2026-02-02 16:17:01,177|ERROR|random_mc2_n5_mid3_d1000_05_mr098_r10_2_uai_GDCC_1e-07_n200_roFalse_s0: Model does not have any cause-effect path.
2026-02-02 16:17:01,404|INFO|random_mc2_n7_mid3_d1000_05_mr098_r10_42_uai_GDCC_1e-07_n200_roFalse_s0: Loading model from ../models/synthetic/s123/random_mc2_n7_mid3_d1000_05_mr098_r10_42.uai
2026-02-02 16:17:01,439|INFO|random_mc2_n7_mid3_d1000_05_mr098_r10_42_uai_GDCC_1e-07_n200_roFalse_s0: Loading data from ../models/synthetic/s123/random_mc2_n7_mid3_d1000_05_mr098_r10_42.csv
2026-02-02 16:17:01,492|INFO|random_mc2_n7_mid3_d1000_05_mr098_r10_42_uai_GDCC_1e-07_n200_roFalse_s0: PNS(V0,V3) exact: (0.0, 0.0)
2026-02-02 16:17:01,493|ERROR|random_mc2_n7_mid3_d1000_05_mr098_r10_42_uai_GDCC_1e-07_n200_roFalse_s0: Model does not have any cause-effect path.
2026-02-02 16:17:02,297|INFO|random_mc2_n6_mid3_d1000_05_mr098_r10_89_uai_GDCC_1e-07_n200_roTrue_s0: Loading model from ../models/synthetic/s123/random_mc2_n6_mid3_d1000_05_mr098_r10_89.uai
2026-02-02 16:17:02,311|INFO|random_mc2_n6_mid3_d1000_05_mr098_r10_89_uai_GDCC_1e-07_n200_roTrue_s0: Loading data from ../models/synthetic/s123/random_mc2_n6_mid3_d1000_05_mr098_r10_89.csv
2026-02-02 16:17:02,321|ERROR|random_mc2_n6_mid3_d1000_05_mr098_r10_89_uai_GDCC_1e-07_n200_roTrue_s0: File exists, not rewriting.
2026-02-02 16:17:05,684|INFO|random_mc2_n5_mid3_d1000_05_mr098_r10_156_uai_GDCC_1e-07_n200_roFalse_s0: Loading model from ../models/synthetic/s123/random_mc2_n5_mid3_d1000_05_mr098_r10_156.uai
2026-02-02 16:17:05,692|INFO|random_mc2_n5_mid3_d1000_05_mr098_r10_169_uai_GDCC_1e-07_n200_roTrue_s0: Loading model from ../models/synthetic/s123/random_mc2_n5_mid3_d1000_05_mr098_r10_169.uai
2026-02-02 16:17:05,697|INFO|random_mc2_n5_mid3_d1000_05_mr098_r10_156_uai_GDCC_1e-07_n200_roFalse_s0: Loading data from ../models/synthetic/s123/random_mc2_n5_mid3_d1000_05_mr098_r10_156.csv
2026-02-02 16:17:05,706|INFO|random_mc2_n5_mid3_d1000_05_mr098_r10_169_uai_GDCC_1e-07_n200_roTrue_s0: Loading data from ../models/synthetic/s123/random_mc2_n5_mid3_d1000_05_mr098_r10_169.csv
2026-02-02 16:17:05,736|INFO|random_mc2_n5_mid3_d1000_05_mr098_r10_156_uai_GDCC_1e-07_n200_roFalse_s0: PNS(V0,V3) exact: (0.013315773, 0.1754779742999999)
2026-02-02 16:17:05,745|INFO|random_mc2_n5_mid3_d1000_05_mr098_r10_169_uai_GDCC_1e-07_n200_roTrue_s0: PNS(V0,V3) exact: (0.16386, 0.49872)
2026-02-02 16:17:07,878|INFO|random_mc2_n5_mid3_d1000_05_mr098_r10_77_uai_GDCC_1e-07_n200_roTrue_s0: Loading model from ../models/synthetic/s123/random_mc2_n5_mid3_d1000_05_mr098_r10_77.uai
2026-02-02 16:17:07,891|INFO|random_mc2_n7_mid3_d1000_05_mr098_r10_92_uai_GDCC_1e-07_n200_roFalse_s0: Loading model from ../models/synthetic/s123/random_mc2_n7_mid3_d1000_05_mr098_r10_92.uai
2026-02-02 16:17:07,891|INFO|random_mc2_n5_mid3_d1000_05_mr098_r10_77_uai_GDCC_1e-07_n200_roTrue_s0: Loading data from ../models/synthetic/s123/random_mc2_n5_mid3_d1000_05_mr098_r10_77.csv
2026-02-02 16:17:07,910|INFO|random_mc2_n5_mid3_d1000_05_mr098_r10_77_uai_GDCC_1e-07_n200_roTrue_s0: PNS(V0,V4) exact: (0.0008196438446000002, 0.0193377889897999)
2026-02-02 16:17:07,999|INFO|random_mc2_n7_mid3_d1000_05_mr098_r10_92_uai_GDCC_1e-07_n200_roFalse_s0: Loading data from ../models/synthetic/s123/random_mc2_n7_mid3_d1000_05_mr098_r10_92.csv
2026-02-02 16:17:08,018|ERROR|random_mc2_n7_mid3_d1000_05_mr098_r10_92_uai_GDCC_1e-07_n200_roFalse_s0: File exists, not rewriting.
2026-02-02 16:17:08,218|INFO|random_mc2_n5_mid3_d1000_05_mr098_r10_188_uai_GDCC_1e-07_n200_roTrue_s0: Loading model from ../models/synthetic/s123/random_mc2_n5_mid3_d1000_05_mr098_r10_188.uai
2026-02-02 16:17:08,222|INFO|random_mc2_n5_mid3_d1000_05_mr098_r10_188_uai_GDCC_1e-07_n200_roTrue_s0: Loading data from ../models/synthetic/s123/random_mc2_n5_mid3_d1000_05_mr098_r10_188.csv
2026-02-02 16:17:08,232|INFO|random_mc2_n5_mid3_d1000_05_mr098_r10_188_uai_GDCC_1e-07_n200_roTrue_s0: PNS(V3,V4) exact: (0.0, 0.049356796840515)
2026-02-02 16:17:08,401|INFO|random_mc2_n5_mid3_d1000_05_mr098_r10_86_uai_GDCC_1e-07_n200_roFalse_s0: Loading model from ../models/synthetic/s123/random_mc2_n5_mid3_d1000_05_mr098_r10_86.uai
2026-02-02 16:17:08,407|INFO|random_mc2_n5_mid3_d1000_05_mr098_r10_86_uai_GDCC_1e-07_n200_roFalse_s0: Loading data from ../models/synthetic/s123/random_mc2_n5_mid3_d1000_05_mr098_r10_86.csv
2026-02-02 16:17:08,423|INFO|random_mc2_n5_mid3_d1000_05_mr098_r10_86_uai_GDCC_1e-07_n200_roFalse_s0: PNS(V3,V4) exact: (0.104073125, 0.2262469198)
2026-02-02 16:17:09,636|INFO|random_mc2_n6_mid3_d1000_05_mr098_r10_177_uai_GDCC_1e-07_n200_roFalse_s0: Loading model from ../models/synthetic/s123/random_mc2_n6_mid3_d1000_05_mr098_r10_177.uai
2026-02-02 16:17:09,640|INFO|random_mc2_n6_mid3_d1000_05_mr098_r10_177_uai_GDCC_1e-07_n200_roFalse_s0: Loading data from ../models/synthetic/s123/random_mc2_n6_mid3_d1000_05_mr098_r10_177.csv
2026-02-02 16:17:09,646|ERROR|random_mc2_n6_mid3_d1000_05_mr098_r10_177_uai_GDCC_1e-07_n200_roFalse_s0: File exists, not rewriting.
2026-02-02 16:17:14,021|INFO|random_mc2_n5_mid3_d1000_05_mr098_r10_110_uai_GDCC_1e-07_n200_roFalse_s0: Loading model from ../models/synthetic/s123/random_mc2_n5_mid3_d1000_05_mr098_r10_110.uai
2026-02-02 16:17:14,037|INFO|random_mc2_n5_mid3_d1000_05_mr098_r10_110_uai_GDCC_1e-07_n200_roFalse_s0: Loading data from ../models/synthetic/s123/random_mc2_n5_mid3_d1000_05_mr098_r10_110.csv
2026-02-02 16:17:14,048|ERROR|random_mc2_n5_mid3_d1000_05_mr098_r10_110_uai_GDCC_1e-07_n200_roFalse_s0: File exists, not rewriting.
2026-02-02 16:17:19,914|INFO|random_mc2_n6_mid3_d1000_05_mr098_r10_148_uai_GDCC_1e-07_n200_roFalse_s0: Loading model from ../models/synthetic/s123/random_mc2_n6_mid3_d1000_05_mr098_r10_148.uai
2026-02-02 16:17:19,922|INFO|random_mc2_n6_mid3_d1000_05_mr098_r10_148_uai_GDCC_1e-07_n200_roFalse_s0: Loading data from ../models/synthetic/s123/random_mc2_n6_mid3_d1000_05_mr098_r10_148.csv
2026-02-02 16:17:19,934|INFO|random_mc2_n6_mid3_d1000_05_mr098_r10_148_uai_GDCC_1e-07_n200_roFalse_s0: PNS(V0,V5) exact: (0.0, 0.0279858302999999)
2026-02-02 16:17:21,472|INFO|random_mc2_n5_mid3_d1000_05_mr098_r10_100_uai_GDCC_1e-07_n200_roFalse_s0: Loading model from ../models/synthetic/s123/random_mc2_n5_mid3_d1000_05_mr098_r10_100.uai
2026-02-02 16:17:21,482|INFO|random_mc2_n5_mid3_d1000_05_mr098_r10_100_uai_GDCC_1e-07_n200_roFalse_s0: Loading data from ../models/synthetic/s123/random_mc2_n5_mid3_d1000_05_mr098_r10_100.csv
2026-02-02 16:17:21,492|ERROR|random_mc2_n5_mid3_d1000_05_mr098_r10_100_uai_GDCC_1e-07_n200_roFalse_s0: File exists, not rewriting.
2026-02-02 16:17:22,418|INFO|random_mc2_n5_mid3_d1000_05_mr098_r10_125_uai_GDCC_1e-07_n200_roTrue_s0: Loading model from ../models/synthetic/s123/random_mc2_n5_mid3_d1000_05_mr098_r10_125.uai
2026-02-02 16:17:22,428|INFO|random_mc2_n5_mid3_d1000_05_mr098_r10_125_uai_GDCC_1e-07_n200_roTrue_s0: Loading data from ../models/synthetic/s123/random_mc2_n5_mid3_d1000_05_mr098_r10_125.csv
2026-02-02 16:17:22,440|INFO|random_mc2_n5_mid3_d1000_05_mr098_r10_125_uai_GDCC_1e-07_n200_roTrue_s0: PNS(V2,V4) exact: (0.0, 0.3332024784999999)
2026-02-02 16:17:22,632|INFO|random_mc2_n9_mid3_d1000_05_mr098_r10_121_uai_GDCC_1e-07_n200_roTrue_s0: Loading model from ../models/synthetic/s123/random_mc2_n9_mid3_d1000_05_mr098_r10_121.uai
2026-02-02 16:17:22,649|INFO|random_mc2_n9_mid3_d1000_05_mr098_r10_121_uai_GDCC_1e-07_n200_roTrue_s0: Loading data from ../models/synthetic/s123/random_mc2_n9_mid3_d1000_05_mr098_r10_121.csv
2026-02-02 16:17:22,659|ERROR|random_mc2_n9_mid3_d1000_05_mr098_r10_121_uai_GDCC_1e-07_n200_roTrue_s0: File exists, not rewriting.
2026-02-02 16:17:23,247|INFO|random_mc2_n8_mid3_d1000_05_mr098_r10_30_uai_GDCC_1e-07_n200_roTrue_s0: Loading model from ../models/synthetic/s123/random_mc2_n8_mid3_d1000_05_mr098_r10_30.uai
2026-02-02 16:17:23,266|INFO|random_mc2_n8_mid3_d1000_05_mr098_r10_30_uai_GDCC_1e-07_n200_roTrue_s0: Loading data from ../models/synthetic/s123/random_mc2_n8_mid3_d1000_05_mr098_r10_30.csv
2026-02-02 16:17:23,275|ERROR|random_mc2_n8_mid3_d1000_05_mr098_r10_30_uai_GDCC_1e-07_n200_roTrue_s0: File exists, not rewriting.
2026-02-02 16:17:26,311|INFO|random_mc2_n9_mid3_d1000_05_mr098_r10_10_uai_GDCC_1e-07_n200_roFalse_s0: Loading model from ../models/synthetic/s123/random_mc2_n9_mid3_d1000_05_mr098_r10_10.uai
2026-02-02 16:17:26,356|INFO|random_mc2_n9_mid3_d1000_05_mr098_r10_10_uai_GDCC_1e-07_n200_roFalse_s0: Loading data from ../models/synthetic/s123/random_mc2_n9_mid3_d1000_05_mr098_r10_10.csv
2026-02-02 16:17:26,368|ERROR|random_mc2_n9_mid3_d1000_05_mr098_r10_10_uai_GDCC_1e-07_n200_roFalse_s0: File exists, not rewriting.
2026-02-02 16:17:30,215|INFO|random_mc2_n9_mid3_d1000_05_mr098_r10_126_uai_GDCC_1e-07_n200_roTrue_s0: Loading model from ../models/synthetic/s123/random_mc2_n9_mid3_d1000_05_mr098_r10_126.uai
2026-02-02 16:17:30,237|INFO|random_mc2_n9_mid3_d1000_05_mr098_r10_126_uai_GDCC_1e-07_n200_roTrue_s0: Loading data from ../models/synthetic/s123/random_mc2_n9_mid3_d1000_05_mr098_r10_126.csv
2026-02-02 16:17:30,246|ERROR|random_mc2_n9_mid3_d1000_05_mr098_r10_126_uai_GDCC_1e-07_n200_roTrue_s0: File exists, not rewriting.
2026-02-02 16:17:30,873|INFO|random_mc2_n6_mid3_d1000_05_mr098_r10_58_uai_GDCC_1e-07_n200_roFalse_s0: Loading model from ../models/synthetic/s123/random_mc2_n6_mid3_d1000_05_mr098_r10_58.uai
2026-02-02 16:17:30,890|INFO|random_mc2_n6_mid3_d1000_05_mr098_r10_58_uai_GDCC_1e-07_n200_roFalse_s0: Loading data from ../models/synthetic/s123/random_mc2_n6_mid3_d1000_05_mr098_r10_58.csv
2026-02-02 16:17:30,910|INFO|random_mc2_n6_mid3_d1000_05_mr098_r10_58_uai_GDCC_1e-07_n200_roFalse_s0: PNS(V3,V2) exact: (0.0, 0.0)
2026-02-02 16:17:30,910|ERROR|random_mc2_n6_mid3_d1000_05_mr098_r10_58_uai_GDCC_1e-07_n200_roFalse_s0: Model does not have any cause-effect path.
2026-02-02 16:17:32,086|INFO|random_mc2_n5_mid3_d1000_05_mr098_r10_129_uai_GDCC_1e-07_n200_roFalse_s0: Loading model from ../models/synthetic/s123/random_mc2_n5_mid3_d1000_05_mr098_r10_129.uai
2026-02-02 16:17:32,095|INFO|random_mc2_n5_mid3_d1000_05_mr098_r10_129_uai_GDCC_1e-07_n200_roFalse_s0: Loading data from ../models/synthetic/s123/random_mc2_n5_mid3_d1000_05_mr098_r10_129.csv
2026-02-02 16:17:32,100|ERROR|random_mc2_n5_mid3_d1000_05_mr098_r10_129_uai_GDCC_1e-07_n200_roFalse_s0: File exists, not rewriting.
2026-02-02 16:17:34,600|INFO|random_mc2_n6_mid3_d1000_05_mr098_r10_179_uai_GDCC_1e-07_n200_roTrue_s0: Loading model from ../models/synthetic/s123/random_mc2_n6_mid3_d1000_05_mr098_r10_179.uai
2026-02-02 16:17:34,819|INFO|random_mc2_n6_mid3_d1000_05_mr098_r10_179_uai_GDCC_1e-07_n200_roTrue_s0: Loading data from ../models/synthetic/s123/random_mc2_n6_mid3_d1000_05_mr098_r10_179.csv
2026-02-02 16:17:34,830|ERROR|random_mc2_n6_mid3_d1000_05_mr098_r10_179_uai_GDCC_1e-07_n200_roTrue_s0: File exists, not rewriting.
2026-02-02 16:17:35,701|INFO|random_mc2_n9_mid3_d1000_05_mr098_r10_27_uai_GDCC_1e-07_n200_roFalse_s0: Loading model from ../models/synthetic/s123/random_mc2_n9_mid3_d1000_05_mr098_r10_27.uai
2026-02-02 16:17:35,727|INFO|random_mc2_n9_mid3_d1000_05_mr098_r10_27_uai_GDCC_1e-07_n200_roFalse_s0: Loading data from ../models/synthetic/s123/random_mc2_n9_mid3_d1000_05_mr098_r10_27.csv
2026-02-02 16:17:35,737|ERROR|random_mc2_n9_mid3_d1000_05_mr098_r10_27_uai_GDCC_1e-07_n200_roFalse_s0: File exists, not rewriting.
2026-02-02 16:17:36,196|INFO|random_mc2_n8_mid3_d1000_05_mr098_r10_169_uai_GDCC_1e-07_n200_roFalse_s0: Loading model from ../models/synthetic/s123/random_mc2_n8_mid3_d1000_05_mr098_r10_169.uai
2026-02-02 16:17:36,251|INFO|random_mc2_n8_mid3_d1000_05_mr098_r10_169_uai_GDCC_1e-07_n200_roFalse_s0: Loading data from ../models/synthetic/s123/random_mc2_n8_mid3_d1000_05_mr098_r10_169.csv
2026-02-02 16:17:36,266|ERROR|random_mc2_n8_mid3_d1000_05_mr098_r10_169_uai_GDCC_1e-07_n200_roFalse_s0: File exists, not rewriting.
2026-02-02 16:17:36,972|INFO|random_mc2_n8_mid3_d1000_05_mr098_r10_177_uai_GDCC_1e-07_n200_roTrue_s0: Loading model from ../models/synthetic/s123/random_mc2_n8_mid3_d1000_05_mr098_r10_177.uai
2026-02-02 16:17:37,074|INFO|random_mc2_n8_mid3_d1000_05_mr098_r10_177_uai_GDCC_1e-07_n200_roTrue_s0: Loading data from ../models/synthetic/s123/random_mc2_n8_mid3_d1000_05_mr098_r10_177.csv
2026-02-02 16:17:37,087|ERROR|random_mc2_n8_mid3_d1000_05_mr098_r10_177_uai_GDCC_1e-07_n200_roTrue_s0: File exists, not rewriting.
2026-02-02 16:17:37,124|INFO|random_mc2_n5_mid3_d1000_05_mr098_r10_105_uai_GDCC_1e-07_n200_roFalse_s0: Loading model from ../models/synthetic/s123/random_mc2_n5_mid3_d1000_05_mr098_r10_105.uai
2026-02-02 16:17:37,134|INFO|random_mc2_n5_mid3_d1000_05_mr098_r10_105_uai_GDCC_1e-07_n200_roFalse_s0: Loading data from ../models/synthetic/s123/random_mc2_n5_mid3_d1000_05_mr098_r10_105.csv
2026-02-02 16:17:37,144|ERROR|random_mc2_n5_mid3_d1000_05_mr098_r10_105_uai_GDCC_1e-07_n200_roFalse_s0: File exists, not rewriting.
2026-02-02 16:17:37,209|INFO|random_mc2_n5_mid3_d1000_05_mr098_r10_174_uai_GDCC_1e-07_n200_roTrue_s0: Loading model from ../models/synthetic/s123/random_mc2_n5_mid3_d1000_05_mr098_r10_174.uai
2026-02-02 16:17:37,218|INFO|random_mc2_n6_mid3_d1000_05_mr098_r10_148_uai_GDCC_1e-07_n200_roTrue_s0: Loading model from ../models/synthetic/s123/random_mc2_n6_mid3_d1000_05_mr098_r10_148.uai
2026-02-02 16:17:37,221|INFO|random_mc2_n5_mid3_d1000_05_mr098_r10_174_uai_GDCC_1e-07_n200_roTrue_s0: Loading data from ../models/synthetic/s123/random_mc2_n5_mid3_d1000_05_mr098_r10_174.csv
2026-02-02 16:17:37,233|INFO|random_mc2_n5_mid3_d1000_05_mr098_r10_174_uai_GDCC_1e-07_n200_roTrue_s0: PNS(V1,V3) exact: (0.497273609538846, 0.62213966937114)
2026-02-02 16:17:37,228|INFO|random_mc2_n6_mid3_d1000_05_mr098_r10_148_uai_GDCC_1e-07_n200_roTrue_s0: Loading data from ../models/synthetic/s123/random_mc2_n6_mid3_d1000_05_mr098_r10_148.csv
2026-02-02 16:17:37,240|INFO|random_mc2_n6_mid3_d1000_05_mr098_r10_148_uai_GDCC_1e-07_n200_roTrue_s0: PNS(V0,V5) exact: (0.0, 0.0279858302999999)
2026-02-02 16:17:37,318|INFO|random_mc2_n6_mid3_d1000_05_mr098_r10_125_uai_GDCC_1e-07_n200_roFalse_s0: Loading model from ../models/synthetic/s123/random_mc2_n6_mid3_d1000_05_mr098_r10_125.uai
2026-02-02 16:17:37,321|INFO|random_mc2_n6_mid3_d1000_05_mr098_r10_128_uai_GDCC_1e-07_n200_roTrue_s0: Loading model from ../models/synthetic/s123/random_mc2_n6_mid3_d1000_05_mr098_r10_128.uai
2026-02-02 16:17:37,335|INFO|random_mc2_n6_mid3_d1000_05_mr098_r10_125_uai_GDCC_1e-07_n200_roFalse_s0: Loading data from ../models/synthetic/s123/random_mc2_n6_mid3_d1000_05_mr098_r10_125.csv
2026-02-02 16:17:37,345|ERROR|random_mc2_n6_mid3_d1000_05_mr098_r10_125_uai_GDCC_1e-07_n200_roFalse_s0: File exists, not rewriting.
2026-02-02 16:17:37,333|INFO|random_mc2_n6_mid3_d1000_05_mr098_r10_128_uai_GDCC_1e-07_n200_roTrue_s0: Loading data from ../models/synthetic/s123/random_mc2_n6_mid3_d1000_05_mr098_r10_128.csv
2026-02-02 16:17:37,349|INFO|random_mc2_n6_mid3_d1000_05_mr098_r10_128_uai_GDCC_1e-07_n200_roTrue_s0: PNS(V0,V4) exact: (0.38097471340495, 0.457162013037466)
2026-02-02 16:17:38,188|INFO|random_mc2_n7_mid3_d1000_05_mr098_r10_197_uai_GDCC_1e-07_n200_roTrue_s0: Loading model from ../models/synthetic/s123/random_mc2_n7_mid3_d1000_05_mr098_r10_197.uai
2026-02-02 16:17:38,199|INFO|random_mc2_n7_mid3_d1000_05_mr098_r10_197_uai_GDCC_1e-07_n200_roTrue_s0: Loading data from ../models/synthetic/s123/random_mc2_n7_mid3_d1000_05_mr098_r10_197.csv
2026-02-02 16:17:38,210|INFO|random_mc2_n7_mid3_d1000_05_mr098_r10_197_uai_GDCC_1e-07_n200_roTrue_s0: PNS(V4,V6) exact: (0.0077679086795427, 0.0129274736640678)
2026-02-02 16:17:41,263|INFO|random_mc2_n6_mid3_d1000_05_mr098_r10_44_uai_GDCC_1e-07_n200_roTrue_s0: Loading model from ../models/synthetic/s123/random_mc2_n6_mid3_d1000_05_mr098_r10_44.uai
2026-02-02 16:17:41,271|INFO|random_mc2_n6_mid3_d1000_05_mr098_r10_44_uai_GDCC_1e-07_n200_roTrue_s0: Loading data from ../models/synthetic/s123/random_mc2_n6_mid3_d1000_05_mr098_r10_44.csv
2026-02-02 16:17:41,283|INFO|random_mc2_n6_mid3_d1000_05_mr098_r10_44_uai_GDCC_1e-07_n200_roTrue_s0: PNS(V3,V5) exact: (0.0558153164, 0.3842657125)
2026-02-02 16:17:42,693|INFO|random_mc2_n7_mid3_d1000_05_mr098_r10_49_uai_GDCC_1e-07_n200_roFalse_s0: Loading model from ../models/synthetic/s123/random_mc2_n7_mid3_d1000_05_mr098_r10_49.uai
2026-02-02 16:17:42,705|INFO|random_mc2_n7_mid3_d1000_05_mr098_r10_49_uai_GDCC_1e-07_n200_roFalse_s0: Loading data from ../models/synthetic/s123/random_mc2_n7_mid3_d1000_05_mr098_r10_49.csv
2026-02-02 16:17:42,714|INFO|random_mc2_n7_mid3_d1000_05_mr098_r10_49_uai_GDCC_1e-07_n200_roFalse_s0: PNS(V4,V3) exact: (0.0163816299, 0.4155382627)
2026-02-02 16:17:43,597|INFO|random_mc2_n8_mid3_d1000_05_mr098_r10_188_uai_GDCC_1e-07_n200_roFalse_s0: Loading model from ../models/synthetic/s123/random_mc2_n8_mid3_d1000_05_mr098_r10_188.uai
2026-02-02 16:17:43,619|INFO|random_mc2_n8_mid3_d1000_05_mr098_r10_188_uai_GDCC_1e-07_n200_roFalse_s0: Loading data from ../models/synthetic/s123/random_mc2_n8_mid3_d1000_05_mr098_r10_188.csv
2026-02-02 16:17:43,632|ERROR|random_mc2_n8_mid3_d1000_05_mr098_r10_188_uai_GDCC_1e-07_n200_roFalse_s0: File exists, not rewriting.
2026-02-02 16:17:51,785|INFO|random_mc2_n6_mid3_d1000_05_mr098_r10_116_uai_GDCC_1e-07_n200_roTrue_s0: Loading model from ../models/synthetic/s123/random_mc2_n6_mid3_d1000_05_mr098_r10_116.uai
2026-02-02 16:17:51,799|INFO|random_mc2_n6_mid3_d1000_05_mr098_r10_127_uai_GDCC_1e-07_n200_roTrue_s0: Loading model from ../models/synthetic/s123/random_mc2_n6_mid3_d1000_05_mr098_r10_127.uai
2026-02-02 16:17:51,795|INFO|random_mc2_n6_mid3_d1000_05_mr098_r10_116_uai_GDCC_1e-07_n200_roTrue_s0: Loading data from ../models/synthetic/s123/random_mc2_n6_mid3_d1000_05_mr098_r10_116.csv
2026-02-02 16:17:51,807|INFO|random_mc2_n6_mid3_d1000_05_mr098_r10_116_uai_GDCC_1e-07_n200_roTrue_s0: PNS(V5,V1) exact: (0.0050404107, 0.1627079522999999)
2026-02-02 16:17:51,806|INFO|random_mc2_n6_mid3_d1000_05_mr098_r10_127_uai_GDCC_1e-07_n200_roTrue_s0: Loading data from ../models/synthetic/s123/random_mc2_n6_mid3_d1000_05_mr098_r10_127.csv
2026-02-02 16:17:51,814|ERROR|random_mc2_n6_mid3_d1000_05_mr098_r10_127_uai_GDCC_1e-07_n200_roTrue_s0: File exists, not rewriting.
2026-02-02 16:17:53,557|INFO|random_mc2_n9_mid3_d1000_05_mr098_r10_107_uai_GDCC_1e-07_n200_roFalse_s0: Loading model from ../models/synthetic/s123/random_mc2_n9_mid3_d1000_05_mr098_r10_107.uai
2026-02-02 16:17:53,608|INFO|random_mc2_n5_mid3_d1000_05_mr098_r10_155_uai_GDCC_1e-07_n200_roFalse_s0: Loading model from ../models/synthetic/s123/random_mc2_n5_mid3_d1000_05_mr098_r10_155.uai
2026-02-02 16:17:53,614|INFO|random_mc2_n5_mid3_d1000_05_mr098_r10_155_uai_GDCC_1e-07_n200_roFalse_s0: Loading data from ../models/synthetic/s123/random_mc2_n5_mid3_d1000_05_mr098_r10_155.csv
2026-02-02 16:17:53,622|ERROR|random_mc2_n5_mid3_d1000_05_mr098_r10_155_uai_GDCC_1e-07_n200_roFalse_s0: File exists, not rewriting.
2026-02-02 16:17:53,985|INFO|random_mc2_n9_mid3_d1000_05_mr098_r10_107_uai_GDCC_1e-07_n200_roFalse_s0: Loading data from ../models/synthetic/s123/random_mc2_n9_mid3_d1000_05_mr098_r10_107.csv
2026-02-02 16:17:53,999|ERROR|random_mc2_n9_mid3_d1000_05_mr098_r10_107_uai_GDCC_1e-07_n200_roFalse_s0: File exists, not rewriting.
2026-02-02 16:17:54,210|INFO|random_mc2_n6_mid3_d1000_05_mr098_r10_136_uai_GDCC_1e-07_n200_roFalse_s0: Loading model from ../models/synthetic/s123/random_mc2_n6_mid3_d1000_05_mr098_r10_136.uai
2026-02-02 16:17:54,235|INFO|random_mc2_n5_mid3_d1000_05_mr098_r10_77_uai_GDCC_1e-07_n200_roFalse_s0: Loading model from ../models/synthetic/s123/random_mc2_n5_mid3_d1000_05_mr098_r10_77.uai
2026-02-02 16:17:54,228|INFO|random_mc2_n6_mid3_d1000_05_mr098_r10_136_uai_GDCC_1e-07_n200_roFalse_s0: Loading data from ../models/synthetic/s123/random_mc2_n6_mid3_d1000_05_mr098_r10_136.csv
2026-02-02 16:17:54,246|ERROR|random_mc2_n6_mid3_d1000_05_mr098_r10_136_uai_GDCC_1e-07_n200_roFalse_s0: File exists, not rewriting.
2026-02-02 16:17:54,244|INFO|random_mc2_n5_mid3_d1000_05_mr098_r10_77_uai_GDCC_1e-07_n200_roFalse_s0: Loading data from ../models/synthetic/s123/random_mc2_n5_mid3_d1000_05_mr098_r10_77.csv
2026-02-02 16:17:54,259|INFO|random_mc2_n5_mid3_d1000_05_mr098_r10_77_uai_GDCC_1e-07_n200_roFalse_s0: PNS(V0,V4) exact: (0.0008196438446000002, 0.0193377889897999)
2026-02-02 16:17:59,796|INFO|random_mc2_n5_mid3_d1000_05_mr098_r10_41_uai_GDCC_1e-07_n200_roTrue_s0: Loading model from ../models/synthetic/s123/random_mc2_n5_mid3_d1000_05_mr098_r10_41.uai
2026-02-02 16:17:59,825|INFO|random_mc2_n5_mid3_d1000_05_mr098_r10_41_uai_GDCC_1e-07_n200_roTrue_s0: Loading data from ../models/synthetic/s123/random_mc2_n5_mid3_d1000_05_mr098_r10_41.csv
2026-02-02 16:17:59,850|INFO|random_mc2_n5_mid3_d1000_05_mr098_r10_41_uai_GDCC_1e-07_n200_roTrue_s0: PNS(V1,V4) exact: (0.0160025338999999, 0.0160025338999999)
2026-02-02 16:18:02,397|INFO|random_mc2_n5_mid3_d1000_05_mr098_r10_167_uai_GDCC_1e-07_n200_roFalse_s0: Loading model from ../models/synthetic/s123/random_mc2_n5_mid3_d1000_05_mr098_r10_167.uai
2026-02-02 16:18:02,412|INFO|random_mc2_n5_mid3_d1000_05_mr098_r10_167_uai_GDCC_1e-07_n200_roFalse_s0: Loading data from ../models/synthetic/s123/random_mc2_n5_mid3_d1000_05_mr098_r10_167.csv
2026-02-02 16:18:02,427|INFO|random_mc2_n5_mid3_d1000_05_mr098_r10_167_uai_GDCC_1e-07_n200_roFalse_s0: PNS(V4,V0) exact: (0.2132341014888, 0.2977026872446)
2026-02-02 16:18:02,462|INFO|random_mc2_n5_mid3_d1000_05_mr098_r10_20_uai_GDCC_1e-07_n200_roFalse_s0: Loading model from ../models/synthetic/s123/random_mc2_n5_mid3_d1000_05_mr098_r10_20.uai
2026-02-02 16:18:02,470|INFO|random_mc2_n5_mid3_d1000_05_mr098_r10_20_uai_GDCC_1e-07_n200_roFalse_s0: Loading data from ../models/synthetic/s123/random_mc2_n5_mid3_d1000_05_mr098_r10_20.csv
2026-02-02 16:18:02,478|ERROR|random_mc2_n5_mid3_d1000_05_mr098_r10_20_uai_GDCC_1e-07_n200_roFalse_s0: File exists, not rewriting.
2026-02-02 16:18:04,132|INFO|random_mc2_n6_mid3_d1000_05_mr098_r10_71_uai_GDCC_1e-07_n200_roFalse_s0: Loading model from ../models/synthetic/s123/random_mc2_n6_mid3_d1000_05_mr098_r10_71.uai
2026-02-02 16:18:04,146|INFO|random_mc2_n6_mid3_d1000_05_mr098_r10_71_uai_GDCC_1e-07_n200_roFalse_s0: Loading data from ../models/synthetic/s123/random_mc2_n6_mid3_d1000_05_mr098_r10_71.csv
2026-02-02 16:18:04,160|INFO|random_mc2_n6_mid3_d1000_05_mr098_r10_71_uai_GDCC_1e-07_n200_roFalse_s0: PNS(V0,V3) exact: (0.5001600000000002, 0.6072)
2026-02-02 16:18:04,238|INFO|random_mc2_n6_mid3_d1000_05_mr098_r10_23_uai_GDCC_1e-07_n200_roTrue_s0: Loading model from ../models/synthetic/s123/random_mc2_n6_mid3_d1000_05_mr098_r10_23.uai
2026-02-02 16:18:04,248|INFO|random_mc2_n6_mid3_d1000_05_mr098_r10_23_uai_GDCC_1e-07_n200_roTrue_s0: Loading data from ../models/synthetic/s123/random_mc2_n6_mid3_d1000_05_mr098_r10_23.csv
2026-02-02 16:18:04,263|INFO|random_mc2_n6_mid3_d1000_05_mr098_r10_23_uai_GDCC_1e-07_n200_roTrue_s0: PNS(V0,V5) exact: (0.0, 0.206564908524544)
2026-02-02 16:18:04,283|INFO|random_mc2_n5_mid3_d1000_05_mr098_r10_62_uai_GDCC_1e-07_n200_roFalse_s0: Loading model from ../models/synthetic/s123/random_mc2_n5_mid3_d1000_05_mr098_r10_62.uai
2026-02-02 16:18:04,290|INFO|random_mc2_n5_mid3_d1000_05_mr098_r10_62_uai_GDCC_1e-07_n200_roFalse_s0: Loading data from ../models/synthetic/s123/random_mc2_n5_mid3_d1000_05_mr098_r10_62.csv
2026-02-02 16:18:04,303|INFO|random_mc2_n5_mid3_d1000_05_mr098_r10_62_uai_GDCC_1e-07_n200_roFalse_s0: PNS(V2,V4) exact: (0.0, 0.13103)
2026-02-02 16:18:05,792|INFO|random_mc2_n8_mid3_d1000_05_mr098_r10_127_uai_GDCC_1e-07_n200_roFalse_s0: Loading model from ../models/synthetic/s123/random_mc2_n8_mid3_d1000_05_mr098_r10_127.uai
2026-02-02 16:18:05,844|INFO|random_mc2_n8_mid3_d1000_05_mr098_r10_127_uai_GDCC_1e-07_n200_roFalse_s0: Loading data from ../models/synthetic/s123/random_mc2_n8_mid3_d1000_05_mr098_r10_127.csv
2026-02-02 16:18:05,854|ERROR|random_mc2_n8_mid3_d1000_05_mr098_r10_127_uai_GDCC_1e-07_n200_roFalse_s0: File exists, not rewriting.
2026-02-02 16:18:06,883|INFO|random_mc2_n6_mid3_d1000_05_mr098_r10_158_uai_GDCC_1e-07_n200_roTrue_s0: Loading model from ../models/synthetic/s123/random_mc2_n6_mid3_d1000_05_mr098_r10_158.uai
2026-02-02 16:18:06,892|INFO|random_mc2_n6_mid3_d1000_05_mr098_r10_158_uai_GDCC_1e-07_n200_roTrue_s0: Loading data from ../models/synthetic/s123/random_mc2_n6_mid3_d1000_05_mr098_r10_158.csv
2026-02-02 16:18:06,911|INFO|random_mc2_n6_mid3_d1000_05_mr098_r10_158_uai_GDCC_1e-07_n200_roTrue_s0: PNS(V3,V5) exact: (8.867665431e-05, 0.009532690396884)
2026-02-02 16:18:07,309|INFO|random_mc2_n6_mid3_d1000_05_mr098_r10_137_uai_GDCC_1e-07_n200_roFalse_s0: Loading model from ../models/synthetic/s123/random_mc2_n6_mid3_d1000_05_mr098_r10_137.uai
2026-02-02 16:18:07,321|INFO|random_mc2_n6_mid3_d1000_05_mr098_r10_137_uai_GDCC_1e-07_n200_roFalse_s0: Loading data from ../models/synthetic/s123/random_mc2_n6_mid3_d1000_05_mr098_r10_137.csv
2026-02-02 16:18:07,342|INFO|random_mc2_n6_mid3_d1000_05_mr098_r10_137_uai_GDCC_1e-07_n200_roFalse_s0: PNS(V0,V3) exact: (0.0, 0.3125)
2026-02-02 16:18:07,349|INFO|random_mc2_n6_mid3_d1000_05_mr098_r10_136_uai_GDCC_1e-07_n200_roTrue_s0: Loading model from ../models/synthetic/s123/random_mc2_n6_mid3_d1000_05_mr098_r10_136.uai
2026-02-02 16:18:07,366|INFO|random_mc2_n5_mid3_d1000_05_mr098_r10_195_uai_GDCC_1e-07_n200_roTrue_s0: Loading model from ../models/synthetic/s123/random_mc2_n5_mid3_d1000_05_mr098_r10_195.uai
2026-02-02 16:18:07,367|INFO|random_mc2_n6_mid3_d1000_05_mr098_r10_136_uai_GDCC_1e-07_n200_roTrue_s0: Loading data from ../models/synthetic/s123/random_mc2_n6_mid3_d1000_05_mr098_r10_136.csv
2026-02-02 16:18:07,381|ERROR|random_mc2_n6_mid3_d1000_05_mr098_r10_136_uai_GDCC_1e-07_n200_roTrue_s0: File exists, not rewriting.
2026-02-02 16:18:07,375|INFO|random_mc2_n5_mid3_d1000_05_mr098_r10_195_uai_GDCC_1e-07_n200_roTrue_s0: Loading data from ../models/synthetic/s123/random_mc2_n5_mid3_d1000_05_mr098_r10_195.csv
2026-02-02 16:18:07,390|INFO|random_mc2_n5_mid3_d1000_05_mr098_r10_195_uai_GDCC_1e-07_n200_roTrue_s0: PNS(V0,V4) exact: (0.131789906, 0.3518961976)
2026-02-02 16:18:07,497|INFO|random_mc2_n7_mid3_d1000_05_mr098_r10_120_uai_GDCC_1e-07_n200_roFalse_s0: Loading model from ../models/synthetic/s123/random_mc2_n7_mid3_d1000_05_mr098_r10_120.uai
2026-02-02 16:18:07,509|INFO|random_mc2_n7_mid3_d1000_05_mr098_r10_120_uai_GDCC_1e-07_n200_roFalse_s0: Loading data from ../models/synthetic/s123/random_mc2_n7_mid3_d1000_05_mr098_r10_120.csv
2026-02-02 16:18:07,529|INFO|random_mc2_n7_mid3_d1000_05_mr098_r10_120_uai_GDCC_1e-07_n200_roFalse_s0: PNS(V4,V0) exact: (0.0, 0.2777528032372082)
2026-02-02 16:18:07,547|INFO|random_mc2_n7_mid3_d1000_05_mr098_r10_24_uai_GDCC_1e-07_n200_roTrue_s0: Loading model from ../models/synthetic/s123/random_mc2_n7_mid3_d1000_05_mr098_r10_24.uai
2026-02-02 16:18:07,561|INFO|random_mc2_n7_mid3_d1000_05_mr098_r10_24_uai_GDCC_1e-07_n200_roTrue_s0: Loading data from ../models/synthetic/s123/random_mc2_n7_mid3_d1000_05_mr098_r10_24.csv
2026-02-02 16:18:07,579|INFO|random_mc2_n7_mid3_d1000_05_mr098_r10_24_uai_GDCC_1e-07_n200_roTrue_s0: PNS(V3,V2) exact: (0.0, 0.0745211048481239)
2026-02-02 16:18:12,561|INFO|random_mc2_n7_mid3_d1000_05_mr098_r10_68_uai_GDCC_1e-07_n200_roTrue_s0: Loading model from ../models/synthetic/s123/random_mc2_n7_mid3_d1000_05_mr098_r10_68.uai
2026-02-02 16:18:12,647|INFO|random_mc2_n7_mid3_d1000_05_mr098_r10_68_uai_GDCC_1e-07_n200_roTrue_s0: Loading data from ../models/synthetic/s123/random_mc2_n7_mid3_d1000_05_mr098_r10_68.csv
2026-02-02 16:18:12,655|ERROR|random_mc2_n7_mid3_d1000_05_mr098_r10_68_uai_GDCC_1e-07_n200_roTrue_s0: File exists, not rewriting.
2026-02-02 16:18:13,119|INFO|random_mc2_n6_mid3_d1000_05_mr098_r10_149_uai_GDCC_1e-07_n200_roTrue_s0: Loading model from ../models/synthetic/s123/random_mc2_n6_mid3_d1000_05_mr098_r10_149.uai
2026-02-02 16:18:13,133|INFO|random_mc2_n6_mid3_d1000_05_mr098_r10_149_uai_GDCC_1e-07_n200_roTrue_s0: Loading data from ../models/synthetic/s123/random_mc2_n6_mid3_d1000_05_mr098_r10_149.csv
2026-02-02 16:18:13,144|INFO|random_mc2_n6_mid3_d1000_05_mr098_r10_149_uai_GDCC_1e-07_n200_roTrue_s0: PNS(V2,V5) exact: (0.6597397735, 0.811257382)
2026-02-02 16:18:15,905|INFO|random_mc2_n6_mid3_d1000_05_mr098_r10_143_uai_GDCC_1e-07_n200_roTrue_s0: Loading model from ../models/synthetic/s123/random_mc2_n6_mid3_d1000_05_mr098_r10_143.uai
2026-02-02 16:18:15,915|INFO|random_mc2_n6_mid3_d1000_05_mr098_r10_143_uai_GDCC_1e-07_n200_roTrue_s0: Loading data from ../models/synthetic/s123/random_mc2_n6_mid3_d1000_05_mr098_r10_143.csv
2026-02-02 16:18:15,923|ERROR|random_mc2_n6_mid3_d1000_05_mr098_r10_143_uai_GDCC_1e-07_n200_roTrue_s0: File exists, not rewriting.
2026-02-02 16:18:20,289|INFO|random_mc2_n5_mid3_d1000_05_mr098_r10_198_uai_GDCC_1e-07_n200_roTrue_s0: Loading model from ../models/synthetic/s123/random_mc2_n5_mid3_d1000_05_mr098_r10_198.uai
2026-02-02 16:18:20,294|INFO|random_mc2_n5_mid3_d1000_05_mr098_r10_198_uai_GDCC_1e-07_n200_roTrue_s0: Loading data from ../models/synthetic/s123/random_mc2_n5_mid3_d1000_05_mr098_r10_198.csv
2026-02-02 16:18:20,304|INFO|random_mc2_n5_mid3_d1000_05_mr098_r10_198_uai_GDCC_1e-07_n200_roTrue_s0: PNS(V1,V2) exact: (0.0023041834999999, 0.0397455824)
2026-02-02 16:18:23,762|INFO|random_mc2_n8_mid3_d1000_05_mr098_r10_39_uai_GDCC_1e-07_n200_roFalse_s0: Loading model from ../models/synthetic/s123/random_mc2_n8_mid3_d1000_05_mr098_r10_39.uai
2026-02-02 16:18:23,776|INFO|random_mc2_n8_mid3_d1000_05_mr098_r10_39_uai_GDCC_1e-07_n200_roFalse_s0: Loading data from ../models/synthetic/s123/random_mc2_n8_mid3_d1000_05_mr098_r10_39.csv
2026-02-02 16:18:23,784|ERROR|random_mc2_n8_mid3_d1000_05_mr098_r10_39_uai_GDCC_1e-07_n200_roFalse_s0: File exists, not rewriting.
2026-02-02 16:18:26,828|INFO|random_mc2_n5_mid3_d1000_05_mr098_r10_10_uai_GDCC_1e-07_n200_roTrue_s0: Loading model from ../models/synthetic/s123/random_mc2_n5_mid3_d1000_05_mr098_r10_10.uai
2026-02-02 16:18:26,837|INFO|random_mc2_n5_mid3_d1000_05_mr098_r10_10_uai_GDCC_1e-07_n200_roTrue_s0: Loading data from ../models/synthetic/s123/random_mc2_n5_mid3_d1000_05_mr098_r10_10.csv
2026-02-02 16:18:26,845|ERROR|random_mc2_n5_mid3_d1000_05_mr098_r10_10_uai_GDCC_1e-07_n200_roTrue_s0: File exists, not rewriting.
2026-02-02 16:18:27,203|INFO|random_mc2_n6_mid3_d1000_05_mr098_r10_18_uai_GDCC_1e-07_n200_roFalse_s0: Loading model from ../models/synthetic/s123/random_mc2_n6_mid3_d1000_05_mr098_r10_18.uai
2026-02-02 16:18:27,220|INFO|random_mc2_n6_mid3_d1000_05_mr098_r10_18_uai_GDCC_1e-07_n200_roFalse_s0: Loading data from ../models/synthetic/s123/random_mc2_n6_mid3_d1000_05_mr098_r10_18.csv
2026-02-02 16:18:27,233|INFO|random_mc2_n6_mid3_d1000_05_mr098_r10_18_uai_GDCC_1e-07_n200_roFalse_s0: PNS(V3,V5) exact: (0.0, 0.0426073822)
2026-02-02 16:18:27,354|INFO|random_mc2_n6_mid3_d1000_05_mr098_r10_87_uai_GDCC_1e-07_n200_roTrue_s0: Loading model from ../models/synthetic/s123/random_mc2_n6_mid3_d1000_05_mr098_r10_87.uai
2026-02-02 16:18:27,368|INFO|random_mc2_n6_mid3_d1000_05_mr098_r10_87_uai_GDCC_1e-07_n200_roTrue_s0: Loading data from ../models/synthetic/s123/random_mc2_n6_mid3_d1000_05_mr098_r10_87.csv
2026-02-02 16:18:27,378|ERROR|random_mc2_n6_mid3_d1000_05_mr098_r10_87_uai_GDCC_1e-07_n200_roTrue_s0: File exists, not rewriting.
2026-02-02 16:18:27,719|INFO|random_mc2_n5_mid3_d1000_05_mr098_r10_11_uai_GDCC_1e-07_n200_roFalse_s0: Loading model from ../models/synthetic/s123/random_mc2_n5_mid3_d1000_05_mr098_r10_11.uai
2026-02-02 16:18:27,725|INFO|random_mc2_n5_mid3_d1000_05_mr098_r10_11_uai_GDCC_1e-07_n200_roFalse_s0: Loading data from ../models/synthetic/s123/random_mc2_n5_mid3_d1000_05_mr098_r10_11.csv
2026-02-02 16:18:27,734|ERROR|random_mc2_n5_mid3_d1000_05_mr098_r10_11_uai_GDCC_1e-07_n200_roFalse_s0: File exists, not rewriting.
2026-02-02 16:18:28,916|INFO|random_mc2_n9_mid3_d1000_05_mr098_r10_2_uai_GDCC_1e-07_n200_roFalse_s0: Loading model from ../models/synthetic/s123/random_mc2_n9_mid3_d1000_05_mr098_r10_2.uai
2026-02-02 16:18:28,939|INFO|random_mc2_n9_mid3_d1000_05_mr098_r10_2_uai_GDCC_1e-07_n200_roFalse_s0: Loading data from ../models/synthetic/s123/random_mc2_n9_mid3_d1000_05_mr098_r10_2.csv
2026-02-02 16:18:28,951|ERROR|random_mc2_n9_mid3_d1000_05_mr098_r10_2_uai_GDCC_1e-07_n200_roFalse_s0: File exists, not rewriting.
2026-02-02 16:18:30,992|INFO|random_mc2_n6_mid3_d1000_05_mr098_r10_10_uai_GDCC_1e-07_n200_roTrue_s0: Loading model from ../models/synthetic/s123/random_mc2_n6_mid3_d1000_05_mr098_r10_10.uai
2026-02-02 16:18:31,027|INFO|random_mc2_n6_mid3_d1000_05_mr098_r10_10_uai_GDCC_1e-07_n200_roTrue_s0: Loading data from ../models/synthetic/s123/random_mc2_n6_mid3_d1000_05_mr098_r10_10.csv
2026-02-02 16:18:31,043|ERROR|random_mc2_n6_mid3_d1000_05_mr098_r10_10_uai_GDCC_1e-07_n200_roTrue_s0: File exists, not rewriting.
2026-02-02 16:18:34,615|INFO|random_mc2_n9_mid3_d1000_05_mr098_r10_177_uai_GDCC_1e-07_n200_roTrue_s0: Loading model from ../models/synthetic/s123/random_mc2_n9_mid3_d1000_05_mr098_r10_177.uai
2026-02-02 16:18:34,635|INFO|random_mc2_n9_mid3_d1000_05_mr098_r10_177_uai_GDCC_1e-07_n200_roTrue_s0: Loading data from ../models/synthetic/s123/random_mc2_n9_mid3_d1000_05_mr098_r10_177.csv
2026-02-02 16:18:34,643|ERROR|random_mc2_n9_mid3_d1000_05_mr098_r10_177_uai_GDCC_1e-07_n200_roTrue_s0: File exists, not rewriting.
2026-02-02 16:18:34,661|INFO|random_mc2_n7_mid3_d1000_05_mr098_r10_51_uai_GDCC_1e-07_n200_roFalse_s0: Loading model from ../models/synthetic/s123/random_mc2_n7_mid3_d1000_05_mr098_r10_51.uai
2026-02-02 16:18:34,677|INFO|random_mc2_n7_mid3_d1000_05_mr098_r10_51_uai_GDCC_1e-07_n200_roFalse_s0: Loading data from ../models/synthetic/s123/random_mc2_n7_mid3_d1000_05_mr098_r10_51.csv
2026-02-02 16:18:34,683|ERROR|random_mc2_n7_mid3_d1000_05_mr098_r10_51_uai_GDCC_1e-07_n200_roFalse_s0: File exists, not rewriting.
2026-02-02 16:18:35,424|INFO|random_mc2_n5_mid3_d1000_05_mr098_r10_61_uai_GDCC_1e-07_n200_roTrue_s0: Loading model from ../models/synthetic/s123/random_mc2_n5_mid3_d1000_05_mr098_r10_61.uai
2026-02-02 16:18:35,435|INFO|random_mc2_n5_mid3_d1000_05_mr098_r10_61_uai_GDCC_1e-07_n200_roTrue_s0: Loading data from ../models/synthetic/s123/random_mc2_n5_mid3_d1000_05_mr098_r10_61.csv
2026-02-02 16:18:35,442|ERROR|random_mc2_n5_mid3_d1000_05_mr098_r10_61_uai_GDCC_1e-07_n200_roTrue_s0: File exists, not rewriting.
2026-02-02 16:18:35,767|INFO|random_mc2_n5_mid3_d1000_05_mr098_r10_59_uai_GDCC_1e-07_n200_roTrue_s0: Loading model from ../models/synthetic/s123/random_mc2_n5_mid3_d1000_05_mr098_r10_59.uai
2026-02-02 16:18:35,776|INFO|random_mc2_n5_mid3_d1000_05_mr098_r10_59_uai_GDCC_1e-07_n200_roTrue_s0: Loading data from ../models/synthetic/s123/random_mc2_n5_mid3_d1000_05_mr098_r10_59.csv
2026-02-02 16:18:35,791|INFO|random_mc2_n5_mid3_d1000_05_mr098_r10_59_uai_GDCC_1e-07_n200_roTrue_s0: PNS(V2,V4) exact: (0.0, 0.0673840516)
2026-02-02 16:18:36,544|INFO|random_mc2_n5_mid3_d1000_05_mr098_r10_51_uai_GDCC_1e-07_n200_roTrue_s0: Loading model from ../models/synthetic/s123/random_mc2_n5_mid3_d1000_05_mr098_r10_51.uai
2026-02-02 16:18:36,555|INFO|random_mc2_n5_mid3_d1000_05_mr098_r10_51_uai_GDCC_1e-07_n200_roTrue_s0: Loading data from ../models/synthetic/s123/random_mc2_n5_mid3_d1000_05_mr098_r10_51.csv
2026-02-02 16:18:36,572|INFO|random_mc2_n5_mid3_d1000_05_mr098_r10_51_uai_GDCC_1e-07_n200_roTrue_s0: PNS(V2,V4) exact: (0.0, 0.17763)
2026-02-02 16:18:36,774|INFO|random_mc2_n8_mid3_d1000_05_mr098_r10_26_uai_GDCC_1e-07_n200_roFalse_s0: Loading model from ../models/synthetic/s123/random_mc2_n8_mid3_d1000_05_mr098_r10_26.uai
2026-02-02 16:18:36,798|INFO|random_mc2_n8_mid3_d1000_05_mr098_r10_26_uai_GDCC_1e-07_n200_roFalse_s0: Loading data from ../models/synthetic/s123/random_mc2_n8_mid3_d1000_05_mr098_r10_26.csv
2026-02-02 16:18:36,807|ERROR|random_mc2_n8_mid3_d1000_05_mr098_r10_26_uai_GDCC_1e-07_n200_roFalse_s0: File exists, not rewriting.
2026-02-02 16:18:37,643|INFO|random_mc2_n6_mid3_d1000_05_mr098_r10_117_uai_GDCC_1e-07_n200_roTrue_s0: Loading model from ../models/synthetic/s123/random_mc2_n6_mid3_d1000_05_mr098_r10_117.uai
2026-02-02 16:18:37,653|INFO|random_mc2_n6_mid3_d1000_05_mr098_r10_117_uai_GDCC_1e-07_n200_roTrue_s0: Loading data from ../models/synthetic/s123/random_mc2_n6_mid3_d1000_05_mr098_r10_117.csv
2026-02-02 16:18:37,659|ERROR|random_mc2_n6_mid3_d1000_05_mr098_r10_117_uai_GDCC_1e-07_n200_roTrue_s0: File exists, not rewriting.
2026-02-02 16:18:38,149|INFO|random_mc2_n5_mid3_d1000_05_mr098_r10_188_uai_GDCC_1e-07_n200_roFalse_s0: Loading model from ../models/synthetic/s123/random_mc2_n5_mid3_d1000_05_mr098_r10_188.uai
2026-02-02 16:18:38,162|INFO|random_mc2_n8_mid3_d1000_05_mr098_r10_118_uai_GDCC_1e-07_n200_roTrue_s0: Loading model from ../models/synthetic/s123/random_mc2_n8_mid3_d1000_05_mr098_r10_118.uai
2026-02-02 16:18:38,162|INFO|random_mc2_n5_mid3_d1000_05_mr098_r10_188_uai_GDCC_1e-07_n200_roFalse_s0: Loading data from ../models/synthetic/s123/random_mc2_n5_mid3_d1000_05_mr098_r10_188.csv
2026-02-02 16:18:38,181|INFO|random_mc2_n5_mid3_d1000_05_mr098_r10_188_uai_GDCC_1e-07_n200_roFalse_s0: PNS(V3,V4) exact: (0.0, 0.049356796840515)
2026-02-02 16:18:38,287|INFO|random_mc2_n7_mid3_d1000_05_mr098_r10_98_uai_GDCC_1e-07_n200_roFalse_s0: Loading model from ../models/synthetic/s123/random_mc2_n7_mid3_d1000_05_mr098_r10_98.uai
2026-02-02 16:18:38,302|INFO|random_mc2_n7_mid3_d1000_05_mr098_r10_98_uai_GDCC_1e-07_n200_roFalse_s0: Loading data from ../models/synthetic/s123/random_mc2_n7_mid3_d1000_05_mr098_r10_98.csv
2026-02-02 16:18:38,312|ERROR|random_mc2_n7_mid3_d1000_05_mr098_r10_98_uai_GDCC_1e-07_n200_roFalse_s0: File exists, not rewriting.
2026-02-02 16:18:38,332|INFO|random_mc2_n5_mid3_d1000_05_mr098_r10_193_uai_GDCC_1e-07_n200_roFalse_s0: Loading model from ../models/synthetic/s123/random_mc2_n5_mid3_d1000_05_mr098_r10_193.uai
2026-02-02 16:18:38,347|INFO|random_mc2_n5_mid3_d1000_05_mr098_r10_193_uai_GDCC_1e-07_n200_roFalse_s0: Loading data from ../models/synthetic/s123/random_mc2_n5_mid3_d1000_05_mr098_r10_193.csv
2026-02-02 16:18:38,356|ERROR|random_mc2_n5_mid3_d1000_05_mr098_r10_193_uai_GDCC_1e-07_n200_roFalse_s0: File exists, not rewriting.
2026-02-02 16:18:38,402|INFO|random_mc2_n8_mid3_d1000_05_mr098_r10_118_uai_GDCC_1e-07_n200_roTrue_s0: Loading data from ../models/synthetic/s123/random_mc2_n8_mid3_d1000_05_mr098_r10_118.csv
2026-02-02 16:18:38,413|ERROR|random_mc2_n8_mid3_d1000_05_mr098_r10_118_uai_GDCC_1e-07_n200_roTrue_s0: File exists, not rewriting.
2026-02-02 16:18:41,887|INFO|random_mc2_n6_mid3_d1000_05_mr098_r10_105_uai_GDCC_1e-07_n200_roTrue_s0: Loading model from ../models/synthetic/s123/random_mc2_n6_mid3_d1000_05_mr098_r10_105.uai
2026-02-02 16:18:41,910|INFO|random_mc2_n6_mid3_d1000_05_mr098_r10_105_uai_GDCC_1e-07_n200_roTrue_s0: Loading data from ../models/synthetic/s123/random_mc2_n6_mid3_d1000_05_mr098_r10_105.csv
2026-02-02 16:18:41,924|INFO|random_mc2_n6_mid3_d1000_05_mr098_r10_105_uai_GDCC_1e-07_n200_roTrue_s0: PNS(V3,V4) exact: (0.491766269274686, 0.586709709951746)
2026-02-02 16:18:45,516|INFO|random_mc2_n6_mid3_d1000_05_mr098_r10_168_uai_GDCC_1e-07_n200_roTrue_s0: Loading model from ../models/synthetic/s123/random_mc2_n6_mid3_d1000_05_mr098_r10_168.uai
2026-02-02 16:18:45,524|INFO|random_mc2_n6_mid3_d1000_05_mr098_r10_168_uai_GDCC_1e-07_n200_roTrue_s0: Loading data from ../models/synthetic/s123/random_mc2_n6_mid3_d1000_05_mr098_r10_168.csv
2026-02-02 16:18:45,533|ERROR|random_mc2_n6_mid3_d1000_05_mr098_r10_168_uai_GDCC_1e-07_n200_roTrue_s0: File exists, not rewriting.
2026-02-02 16:18:48,178|INFO|random_mc2_n6_mid3_d1000_05_mr098_r10_42_uai_GDCC_1e-07_n200_roFalse_s0: Loading model from ../models/synthetic/s123/random_mc2_n6_mid3_d1000_05_mr098_r10_42.uai
2026-02-02 16:18:48,184|INFO|random_mc2_n6_mid3_d1000_05_mr098_r10_42_uai_GDCC_1e-07_n200_roFalse_s0: Loading data from ../models/synthetic/s123/random_mc2_n6_mid3_d1000_05_mr098_r10_42.csv
2026-02-02 16:18:48,194|INFO|random_mc2_n6_mid3_d1000_05_mr098_r10_42_uai_GDCC_1e-07_n200_roFalse_s0: PNS(V3,V2) exact: (0.2100591484485759, 0.483114152283904)
2026-02-02 16:18:48,501|INFO|random_mc2_n6_mid3_d1000_05_mr098_r10_60_uai_GDCC_1e-07_n200_roTrue_s0: Loading model from ../models/synthetic/s123/random_mc2_n6_mid3_d1000_05_mr098_r10_60.uai
2026-02-02 16:18:48,514|INFO|random_mc2_n6_mid3_d1000_05_mr098_r10_60_uai_GDCC_1e-07_n200_roTrue_s0: Loading data from ../models/synthetic/s123/random_mc2_n6_mid3_d1000_05_mr098_r10_60.csv
2026-02-02 16:18:48,522|INFO|random_mc2_n6_mid3_d1000_05_mr098_r10_60_uai_GDCC_1e-07_n200_roTrue_s0: PNS(V2,V1) exact: (0.01063473235, 0.0254823380132)
2026-02-02 16:18:55,807|INFO|random_mc2_n5_mid3_d1000_05_mr098_r10_27_uai_GDCC_1e-07_n200_roTrue_s0: Loading model from ../models/synthetic/s123/random_mc2_n5_mid3_d1000_05_mr098_r10_27.uai
2026-02-02 16:18:55,816|INFO|random_mc2_n5_mid3_d1000_05_mr098_r10_27_uai_GDCC_1e-07_n200_roTrue_s0: Loading data from ../models/synthetic/s123/random_mc2_n5_mid3_d1000_05_mr098_r10_27.csv
2026-02-02 16:18:55,827|INFO|random_mc2_n5_mid3_d1000_05_mr098_r10_27_uai_GDCC_1e-07_n200_roTrue_s0: PNS(V4,V3) exact: (0.072092966, 0.40936737)
2026-02-02 16:18:58,933|INFO|random_mc2_n5_mid3_d1000_05_mr098_r10_29_uai_GDCC_1e-07_n200_roFalse_s0: Loading model from ../models/synthetic/s123/random_mc2_n5_mid3_d1000_05_mr098_r10_29.uai
2026-02-02 16:18:58,945|INFO|random_mc2_n5_mid3_d1000_05_mr098_r10_29_uai_GDCC_1e-07_n200_roFalse_s0: Loading data from ../models/synthetic/s123/random_mc2_n5_mid3_d1000_05_mr098_r10_29.csv
2026-02-02 16:18:58,952|ERROR|random_mc2_n5_mid3_d1000_05_mr098_r10_29_uai_GDCC_1e-07_n200_roFalse_s0: File exists, not rewriting.
2026-02-02 16:18:59,105|INFO|random_mc2_n5_mid3_d1000_05_mr098_r10_10_uai_GDCC_1e-07_n200_roFalse_s0: Loading model from ../models/synthetic/s123/random_mc2_n5_mid3_d1000_05_mr098_r10_10.uai
2026-02-02 16:18:59,114|INFO|random_mc2_n5_mid3_d1000_05_mr098_r10_10_uai_GDCC_1e-07_n200_roFalse_s0: Loading data from ../models/synthetic/s123/random_mc2_n5_mid3_d1000_05_mr098_r10_10.csv
2026-02-02 16:18:59,122|ERROR|random_mc2_n5_mid3_d1000_05_mr098_r10_10_uai_GDCC_1e-07_n200_roFalse_s0: File exists, not rewriting.
2026-02-02 16:18:59,242|INFO|random_mc2_n8_mid3_d1000_05_mr098_r10_173_uai_GDCC_1e-07_n200_roTrue_s0: Loading model from ../models/synthetic/s123/random_mc2_n8_mid3_d1000_05_mr098_r10_173.uai
2026-02-02 16:18:59,265|INFO|random_mc2_n8_mid3_d1000_05_mr098_r10_173_uai_GDCC_1e-07_n200_roTrue_s0: Loading data from ../models/synthetic/s123/random_mc2_n8_mid3_d1000_05_mr098_r10_173.csv
2026-02-02 16:18:59,277|ERROR|random_mc2_n8_mid3_d1000_05_mr098_r10_173_uai_GDCC_1e-07_n200_roTrue_s0: File exists, not rewriting.
2026-02-02 16:18:59,288|INFO|random_mc2_n5_mid3_d1000_05_mr098_r10_66_uai_GDCC_1e-07_n200_roTrue_s0: Loading model from ../models/synthetic/s123/random_mc2_n5_mid3_d1000_05_mr098_r10_66.uai
2026-02-02 16:18:59,295|INFO|random_mc2_n5_mid3_d1000_05_mr098_r10_66_uai_GDCC_1e-07_n200_roTrue_s0: Loading data from ../models/synthetic/s123/random_mc2_n5_mid3_d1000_05_mr098_r10_66.csv
2026-02-02 16:18:59,312|INFO|random_mc2_n5_mid3_d1000_05_mr098_r10_66_uai_GDCC_1e-07_n200_roTrue_s0: PNS(V4,V1) exact: (0.7079657650000001, 0.8388291600000001)
2026-02-02 16:18:59,784|INFO|random_mc2_n5_mid3_d1000_05_mr098_r10_176_uai_GDCC_1e-07_n200_roTrue_s0: Loading model from ../models/synthetic/s123/random_mc2_n5_mid3_d1000_05_mr098_r10_176.uai
2026-02-02 16:18:59,793|INFO|random_mc2_n5_mid3_d1000_05_mr098_r10_176_uai_GDCC_1e-07_n200_roTrue_s0: Loading data from ../models/synthetic/s123/random_mc2_n5_mid3_d1000_05_mr098_r10_176.csv
2026-02-02 16:18:59,804|ERROR|random_mc2_n5_mid3_d1000_05_mr098_r10_176_uai_GDCC_1e-07_n200_roTrue_s0: File exists, not rewriting.
2026-02-02 16:18:59,838|INFO|random_mc2_n5_mid3_d1000_05_mr098_r10_118_uai_GDCC_1e-07_n200_roFalse_s0: Loading model from ../models/synthetic/s123/random_mc2_n5_mid3_d1000_05_mr098_r10_118.uai
2026-02-02 16:18:59,848|INFO|random_mc2_n5_mid3_d1000_05_mr098_r10_118_uai_GDCC_1e-07_n200_roFalse_s0: Loading data from ../models/synthetic/s123/random_mc2_n5_mid3_d1000_05_mr098_r10_118.csv
2026-02-02 16:18:59,862|INFO|random_mc2_n5_mid3_d1000_05_mr098_r10_118_uai_GDCC_1e-07_n200_roFalse_s0: PNS(V1,V2) exact: (0.07441581471588, 0.209057882285592)
2026-02-02 16:19:02,114|INFO|random_mc2_n6_mid3_d1000_05_mr098_r10_85_uai_GDCC_1e-07_n200_roFalse_s0: Loading model from ../models/synthetic/s123/random_mc2_n6_mid3_d1000_05_mr098_r10_85.uai
2026-02-02 16:19:02,211|INFO|random_mc2_n6_mid3_d1000_05_mr098_r10_85_uai_GDCC_1e-07_n200_roFalse_s0: Loading data from ../models/synthetic/s123/random_mc2_n6_mid3_d1000_05_mr098_r10_85.csv
2026-02-02 16:19:02,218|ERROR|random_mc2_n6_mid3_d1000_05_mr098_r10_85_uai_GDCC_1e-07_n200_roFalse_s0: File exists, not rewriting.
2026-02-02 16:19:02,550|INFO|random_mc2_n5_mid3_d1000_05_mr098_r10_47_uai_GDCC_1e-07_n200_roFalse_s0: Loading model from ../models/synthetic/s123/random_mc2_n5_mid3_d1000_05_mr098_r10_47.uai
2026-02-02 16:19:02,565|INFO|random_mc2_n5_mid3_d1000_05_mr098_r10_47_uai_GDCC_1e-07_n200_roFalse_s0: Loading data from ../models/synthetic/s123/random_mc2_n5_mid3_d1000_05_mr098_r10_47.csv
2026-02-02 16:19:02,588|INFO|random_mc2_n5_mid3_d1000_05_mr098_r10_47_uai_GDCC_1e-07_n200_roFalse_s0: PNS(V2,V3) exact: (0.1161899999999999, 0.1161899999999999)
2026-02-02 16:19:05,738|INFO|random_mc2_n5_mid3_d1000_05_mr098_r10_23_uai_GDCC_1e-07_n200_roTrue_s0: Loading model from ../models/synthetic/s123/random_mc2_n5_mid3_d1000_05_mr098_r10_23.uai
2026-02-02 16:19:05,744|INFO|random_mc2_n5_mid3_d1000_05_mr098_r10_23_uai_GDCC_1e-07_n200_roTrue_s0: Loading data from ../models/synthetic/s123/random_mc2_n5_mid3_d1000_05_mr098_r10_23.csv
2026-02-02 16:19:05,756|INFO|random_mc2_n5_mid3_d1000_05_mr098_r10_23_uai_GDCC_1e-07_n200_roTrue_s0: PNS(V4,V1) exact: (0.0, 0.07268)
2026-02-02 16:19:05,933|INFO|random_mc2_n7_mid3_d1000_05_mr098_r10_54_uai_GDCC_1e-07_n200_roTrue_s0: Loading model from ../models/synthetic/s123/random_mc2_n7_mid3_d1000_05_mr098_r10_54.uai
2026-02-02 16:19:05,955|INFO|random_mc2_n7_mid3_d1000_05_mr098_r10_54_uai_GDCC_1e-07_n200_roTrue_s0: Loading data from ../models/synthetic/s123/random_mc2_n7_mid3_d1000_05_mr098_r10_54.csv
2026-02-02 16:19:05,968|ERROR|random_mc2_n7_mid3_d1000_05_mr098_r10_54_uai_GDCC_1e-07_n200_roTrue_s0: File exists, not rewriting.
2026-02-02 16:19:06,390|INFO|random_mc2_n9_mid3_d1000_05_mr098_r10_25_uai_GDCC_1e-07_n200_roFalse_s0: Loading model from ../models/synthetic/s123/random_mc2_n9_mid3_d1000_05_mr098_r10_25.uai
2026-02-02 16:19:06,459|INFO|random_mc2_n5_mid3_d1000_05_mr098_r10_80_uai_GDCC_1e-07_n200_roFalse_s0: Loading model from ../models/synthetic/s123/random_mc2_n5_mid3_d1000_05_mr098_r10_80.uai
2026-02-02 16:19:06,472|INFO|random_mc2_n5_mid3_d1000_05_mr098_r10_80_uai_GDCC_1e-07_n200_roFalse_s0: Loading data from ../models/synthetic/s123/random_mc2_n5_mid3_d1000_05_mr098_r10_80.csv
2026-02-02 16:19:06,486|INFO|random_mc2_n5_mid3_d1000_05_mr098_r10_80_uai_GDCC_1e-07_n200_roFalse_s0: PNS(V1,V4) exact: (0.950554689425868, 0.970786964773004)
2026-02-02 16:19:06,612|INFO|random_mc2_n9_mid3_d1000_05_mr098_r10_25_uai_GDCC_1e-07_n200_roFalse_s0: Loading data from ../models/synthetic/s123/random_mc2_n9_mid3_d1000_05_mr098_r10_25.csv
2026-02-02 16:19:06,622|ERROR|random_mc2_n9_mid3_d1000_05_mr098_r10_25_uai_GDCC_1e-07_n200_roFalse_s0: File exists, not rewriting.
2026-02-02 16:19:06,988|INFO|random_mc2_n6_mid3_d1000_05_mr098_r10_146_uai_GDCC_1e-07_n200_roFalse_s0: Loading model from ../models/synthetic/s123/random_mc2_n6_mid3_d1000_05_mr098_r10_146.uai
2026-02-02 16:19:07,000|INFO|random_mc2_n6_mid3_d1000_05_mr098_r10_146_uai_GDCC_1e-07_n200_roFalse_s0: Loading data from ../models/synthetic/s123/random_mc2_n6_mid3_d1000_05_mr098_r10_146.csv
2026-02-02 16:19:07,012|INFO|random_mc2_n6_mid3_d1000_05_mr098_r10_146_uai_GDCC_1e-07_n200_roFalse_s0: PNS(V5,V3) exact: (0.4629754663000001, 0.4943296704000001)
2026-02-02 16:19:07,152|INFO|random_mc2_n5_mid3_d1000_05_mr098_r10_83_uai_GDCC_1e-07_n200_roFalse_s0: Loading model from ../models/synthetic/s123/random_mc2_n5_mid3_d1000_05_mr098_r10_83.uai
2026-02-02 16:19:07,162|INFO|random_mc2_n5_mid3_d1000_05_mr098_r10_84_uai_GDCC_1e-07_n200_roTrue_s0: Loading model from ../models/synthetic/s123/random_mc2_n5_mid3_d1000_05_mr098_r10_84.uai
2026-02-02 16:19:07,165|INFO|random_mc2_n5_mid3_d1000_05_mr098_r10_83_uai_GDCC_1e-07_n200_roFalse_s0: Loading data from ../models/synthetic/s123/random_mc2_n5_mid3_d1000_05_mr098_r10_83.csv
2026-02-02 16:19:07,177|ERROR|random_mc2_n5_mid3_d1000_05_mr098_r10_83_uai_GDCC_1e-07_n200_roFalse_s0: File exists, not rewriting.
2026-02-02 16:19:07,173|INFO|random_mc2_n5_mid3_d1000_05_mr098_r10_84_uai_GDCC_1e-07_n200_roTrue_s0: Loading data from ../models/synthetic/s123/random_mc2_n5_mid3_d1000_05_mr098_r10_84.csv
2026-02-02 16:19:07,181|ERROR|random_mc2_n5_mid3_d1000_05_mr098_r10_84_uai_GDCC_1e-07_n200_roTrue_s0: File exists, not rewriting.
2026-02-02 16:19:07,215|INFO|random_mc2_n7_mid3_d1000_05_mr098_r10_145_uai_GDCC_1e-07_n200_roFalse_s0: Loading model from ../models/synthetic/s123/random_mc2_n7_mid3_d1000_05_mr098_r10_145.uai
2026-02-02 16:19:07,226|INFO|random_mc2_n7_mid3_d1000_05_mr098_r10_145_uai_GDCC_1e-07_n200_roFalse_s0: Loading data from ../models/synthetic/s123/random_mc2_n7_mid3_d1000_05_mr098_r10_145.csv
2026-02-02 16:19:07,240|INFO|random_mc2_n7_mid3_d1000_05_mr098_r10_145_uai_GDCC_1e-07_n200_roFalse_s0: PNS(V2,V5) exact: (0.024162408524618, 0.062781303718492)
2026-02-02 16:19:09,496|INFO|random_mc2_n8_mid3_d1000_05_mr098_r10_16_uai_GDCC_1e-07_n200_roTrue_s0: Loading model from ../models/synthetic/s123/random_mc2_n8_mid3_d1000_05_mr098_r10_16.uai
2026-02-02 16:19:09,503|INFO|random_mc2_n8_mid3_d1000_05_mr098_r10_16_uai_GDCC_1e-07_n200_roTrue_s0: Loading data from ../models/synthetic/s123/random_mc2_n8_mid3_d1000_05_mr098_r10_16.csv
2026-02-02 16:19:09,515|INFO|random_mc2_n8_mid3_d1000_05_mr098_r10_16_uai_GDCC_1e-07_n200_roTrue_s0: PNS(V4,V3) exact: (0.6700026795146372, 0.6700026795146372)
2026-02-02 16:19:09,611|INFO|random_mc2_n9_mid3_d1000_05_mr098_r10_45_uai_GDCC_1e-07_n200_roFalse_s0: Loading model from ../models/synthetic/s123/random_mc2_n9_mid3_d1000_05_mr098_r10_45.uai
2026-02-02 16:19:09,622|INFO|random_mc2_n9_mid3_d1000_05_mr098_r10_45_uai_GDCC_1e-07_n200_roFalse_s0: Loading data from ../models/synthetic/s123/random_mc2_n9_mid3_d1000_05_mr098_r10_45.csv
2026-02-02 16:19:09,645|INFO|random_mc2_n9_mid3_d1000_05_mr098_r10_45_uai_GDCC_1e-07_n200_roFalse_s0: PNS(V4,V5) exact: (0.0019792379219094, 0.0020994991224765)
2026-02-02 16:19:15,362|INFO|random_mc2_n5_mid3_d1000_05_mr098_r10_17_uai_GDCC_1e-07_n200_roFalse_s0: Loading model from ../models/synthetic/s123/random_mc2_n5_mid3_d1000_05_mr098_r10_17.uai
2026-02-02 16:19:15,369|INFO|random_mc2_n5_mid3_d1000_05_mr098_r10_17_uai_GDCC_1e-07_n200_roFalse_s0: Loading data from ../models/synthetic/s123/random_mc2_n5_mid3_d1000_05_mr098_r10_17.csv
2026-02-02 16:19:15,383|INFO|random_mc2_n5_mid3_d1000_05_mr098_r10_17_uai_GDCC_1e-07_n200_roFalse_s0: PNS(V2,V0) exact: (0.0009668192, 0.0226223524444999)
2026-02-02 16:19:16,589|INFO|random_mc2_n9_mid3_d1000_05_mr098_r10_20_uai_GDCC_1e-07_n200_roTrue_s0: Loading model from ../models/synthetic/s123/random_mc2_n9_mid3_d1000_05_mr098_r10_20.uai
2026-02-02 16:19:16,824|INFO|random_mc2_n9_mid3_d1000_05_mr098_r10_20_uai_GDCC_1e-07_n200_roTrue_s0: Loading data from ../models/synthetic/s123/random_mc2_n9_mid3_d1000_05_mr098_r10_20.csv
2026-02-02 16:19:16,832|ERROR|random_mc2_n9_mid3_d1000_05_mr098_r10_20_uai_GDCC_1e-07_n200_roTrue_s0: File exists, not rewriting.
2026-02-02 16:19:19,867|INFO|random_mc2_n5_mid3_d1000_05_mr098_r10_23_uai_GDCC_1e-07_n200_roFalse_s0: Loading model from ../models/synthetic/s123/random_mc2_n5_mid3_d1000_05_mr098_r10_23.uai
2026-02-02 16:19:19,872|INFO|random_mc2_n5_mid3_d1000_05_mr098_r10_23_uai_GDCC_1e-07_n200_roFalse_s0: Loading data from ../models/synthetic/s123/random_mc2_n5_mid3_d1000_05_mr098_r10_23.csv
2026-02-02 16:19:19,883|INFO|random_mc2_n5_mid3_d1000_05_mr098_r10_23_uai_GDCC_1e-07_n200_roFalse_s0: PNS(V4,V1) exact: (0.0, 0.07268)
2026-02-02 16:19:27,076|INFO|random_mc2_n9_mid3_d1000_05_mr098_r10_137_uai_GDCC_1e-07_n200_roFalse_s0: Loading model from ../models/synthetic/s123/random_mc2_n9_mid3_d1000_05_mr098_r10_137.uai
2026-02-02 16:19:27,305|INFO|random_mc2_n9_mid3_d1000_05_mr098_r10_137_uai_GDCC_1e-07_n200_roFalse_s0: Loading data from ../models/synthetic/s123/random_mc2_n9_mid3_d1000_05_mr098_r10_137.csv
2026-02-02 16:19:27,313|ERROR|random_mc2_n9_mid3_d1000_05_mr098_r10_137_uai_GDCC_1e-07_n200_roFalse_s0: File exists, not rewriting.
2026-02-02 16:19:28,410|INFO|random_mc2_n8_mid3_d1000_05_mr098_r10_152_uai_GDCC_1e-07_n200_roTrue_s0: Loading model from ../models/synthetic/s123/random_mc2_n8_mid3_d1000_05_mr098_r10_152.uai
2026-02-02 16:19:28,431|INFO|random_mc2_n8_mid3_d1000_05_mr098_r10_152_uai_GDCC_1e-07_n200_roTrue_s0: Loading data from ../models/synthetic/s123/random_mc2_n8_mid3_d1000_05_mr098_r10_152.csv
2026-02-02 16:19:28,442|ERROR|random_mc2_n8_mid3_d1000_05_mr098_r10_152_uai_GDCC_1e-07_n200_roTrue_s0: File exists, not rewriting.
2026-02-02 16:19:28,678|INFO|random_mc2_n7_mid3_d1000_05_mr098_r10_194_uai_GDCC_1e-07_n200_roFalse_s0: Loading model from ../models/synthetic/s123/random_mc2_n7_mid3_d1000_05_mr098_r10_194.uai
2026-02-02 16:19:28,694|INFO|random_mc2_n7_mid3_d1000_05_mr098_r10_194_uai_GDCC_1e-07_n200_roFalse_s0: Loading data from ../models/synthetic/s123/random_mc2_n7_mid3_d1000_05_mr098_r10_194.csv
2026-02-02 16:19:28,701|ERROR|random_mc2_n7_mid3_d1000_05_mr098_r10_194_uai_GDCC_1e-07_n200_roFalse_s0: File exists, not rewriting.
2026-02-02 16:19:29,695|INFO|random_mc2_n9_mid3_d1000_05_mr098_r10_177_uai_GDCC_1e-07_n200_roFalse_s0: Loading model from ../models/synthetic/s123/random_mc2_n9_mid3_d1000_05_mr098_r10_177.uai
2026-02-02 16:19:29,715|INFO|random_mc2_n9_mid3_d1000_05_mr098_r10_177_uai_GDCC_1e-07_n200_roFalse_s0: Loading data from ../models/synthetic/s123/random_mc2_n9_mid3_d1000_05_mr098_r10_177.csv
2026-02-02 16:19:29,720|ERROR|random_mc2_n9_mid3_d1000_05_mr098_r10_177_uai_GDCC_1e-07_n200_roFalse_s0: File exists, not rewriting.
2026-02-02 16:19:31,460|INFO|random_mc2_n6_mid3_d1000_05_mr098_r10_41_uai_GDCC_1e-07_n200_roTrue_s0: Loading model from ../models/synthetic/s123/random_mc2_n6_mid3_d1000_05_mr098_r10_41.uai
2026-02-02 16:19:31,474|INFO|random_mc2_n6_mid3_d1000_05_mr098_r10_41_uai_GDCC_1e-07_n200_roTrue_s0: Loading data from ../models/synthetic/s123/random_mc2_n6_mid3_d1000_05_mr098_r10_41.csv
2026-02-02 16:19:31,489|INFO|random_mc2_n6_mid3_d1000_05_mr098_r10_41_uai_GDCC_1e-07_n200_roTrue_s0: PNS(V5,V3) exact: (0.119982256826749, 0.4934547656320461)
2026-02-02 16:19:31,801|INFO|random_mc2_n6_mid3_d1000_05_mr098_r10_200_uai_GDCC_1e-07_n200_roFalse_s0: Loading model from ../models/synthetic/s123/random_mc2_n6_mid3_d1000_05_mr098_r10_200.uai
2026-02-02 16:19:31,835|INFO|random_mc2_n6_mid3_d1000_05_mr098_r10_200_uai_GDCC_1e-07_n200_roFalse_s0: Loading data from ../models/synthetic/s123/random_mc2_n6_mid3_d1000_05_mr098_r10_200.csv
2026-02-02 16:19:31,846|ERROR|random_mc2_n6_mid3_d1000_05_mr098_r10_200_uai_GDCC_1e-07_n200_roFalse_s0: File exists, not rewriting.
2026-02-02 16:19:31,856|INFO|random_mc2_n5_mid3_d1000_05_mr098_r10_28_uai_GDCC_1e-07_n200_roTrue_s0: Loading model from ../models/synthetic/s123/random_mc2_n5_mid3_d1000_05_mr098_r10_28.uai
2026-02-02 16:19:31,874|INFO|random_mc2_n5_mid3_d1000_05_mr098_r10_28_uai_GDCC_1e-07_n200_roTrue_s0: Loading data from ../models/synthetic/s123/random_mc2_n5_mid3_d1000_05_mr098_r10_28.csv
2026-02-02 16:19:31,887|ERROR|random_mc2_n5_mid3_d1000_05_mr098_r10_28_uai_GDCC_1e-07_n200_roTrue_s0: File exists, not rewriting.
2026-02-02 16:19:31,936|INFO|random_mc2_n9_mid3_d1000_05_mr098_r10_141_uai_GDCC_1e-07_n200_roFalse_s0: Loading model from ../models/synthetic/s123/random_mc2_n9_mid3_d1000_05_mr098_r10_141.uai
2026-02-02 16:19:31,955|INFO|random_mc2_n9_mid3_d1000_05_mr098_r10_141_uai_GDCC_1e-07_n200_roFalse_s0: Loading data from ../models/synthetic/s123/random_mc2_n9_mid3_d1000_05_mr098_r10_141.csv
2026-02-02 16:19:31,965|ERROR|random_mc2_n9_mid3_d1000_05_mr098_r10_141_uai_GDCC_1e-07_n200_roFalse_s0: File exists, not rewriting.
2026-02-02 16:19:32,193|INFO|random_mc2_n5_mid3_d1000_05_mr098_r10_104_uai_GDCC_1e-07_n200_roFalse_s0: Loading model from ../models/synthetic/s123/random_mc2_n5_mid3_d1000_05_mr098_r10_104.uai
2026-02-02 16:19:32,203|INFO|random_mc2_n5_mid3_d1000_05_mr098_r10_104_uai_GDCC_1e-07_n200_roFalse_s0: Loading data from ../models/synthetic/s123/random_mc2_n5_mid3_d1000_05_mr098_r10_104.csv
2026-02-02 16:19:32,220|INFO|random_mc2_n5_mid3_d1000_05_mr098_r10_104_uai_GDCC_1e-07_n200_roFalse_s0: PNS(V3,V4) exact: (0.12079, 0.5248300000000001)
2026-02-02 16:19:32,594|INFO|random_mc2_n5_mid3_d1000_05_mr098_r10_159_uai_GDCC_1e-07_n200_roTrue_s0: Loading model from ../models/synthetic/s123/random_mc2_n5_mid3_d1000_05_mr098_r10_159.uai
2026-02-02 16:19:32,607|INFO|random_mc2_n5_mid3_d1000_05_mr098_r10_159_uai_GDCC_1e-07_n200_roTrue_s0: Loading data from ../models/synthetic/s123/random_mc2_n5_mid3_d1000_05_mr098_r10_159.csv
2026-02-02 16:19:32,620|INFO|random_mc2_n5_mid3_d1000_05_mr098_r10_159_uai_GDCC_1e-07_n200_roTrue_s0: PNS(V0,V2) exact: (0.1049462695, 0.4703933717)
2026-02-02 16:19:34,067|INFO|random_mc2_n5_mid3_d1000_05_mr098_r10_194_uai_GDCC_1e-07_n200_roFalse_s0: Loading model from ../models/synthetic/s123/random_mc2_n5_mid3_d1000_05_mr098_r10_194.uai
2026-02-02 16:19:34,071|INFO|random_mc2_n5_mid3_d1000_05_mr098_r10_152_uai_GDCC_1e-07_n200_roTrue_s0: Loading model from ../models/synthetic/s123/random_mc2_n5_mid3_d1000_05_mr098_r10_152.uai
2026-02-02 16:19:34,079|INFO|random_mc2_n5_mid3_d1000_05_mr098_r10_194_uai_GDCC_1e-07_n200_roFalse_s0: Loading data from ../models/synthetic/s123/random_mc2_n5_mid3_d1000_05_mr098_r10_194.csv
2026-02-02 16:19:34,100|INFO|random_mc2_n5_mid3_d1000_05_mr098_r10_194_uai_GDCC_1e-07_n200_roFalse_s0: PNS(V3,V2) exact: (0.01055616190497, 0.096865567581924)
2026-02-02 16:19:34,089|INFO|random_mc2_n5_mid3_d1000_05_mr098_r10_152_uai_GDCC_1e-07_n200_roTrue_s0: Loading data from ../models/synthetic/s123/random_mc2_n5_mid3_d1000_05_mr098_r10_152.csv
2026-02-02 16:19:34,101|ERROR|random_mc2_n5_mid3_d1000_05_mr098_r10_152_uai_GDCC_1e-07_n200_roTrue_s0: File exists, not rewriting.
2026-02-02 16:19:37,254|INFO|random_mc2_n6_mid3_d1000_05_mr098_r10_21_uai_GDCC_1e-07_n200_roTrue_s0: Loading model from ../models/synthetic/s123/random_mc2_n6_mid3_d1000_05_mr098_r10_21.uai
2026-02-02 16:19:37,265|INFO|random_mc2_n6_mid3_d1000_05_mr098_r10_21_uai_GDCC_1e-07_n200_roTrue_s0: Loading data from ../models/synthetic/s123/random_mc2_n6_mid3_d1000_05_mr098_r10_21.csv
2026-02-02 16:19:37,278|INFO|random_mc2_n6_mid3_d1000_05_mr098_r10_21_uai_GDCC_1e-07_n200_roTrue_s0: PNS(V1,V4) exact: (0.0, 0.1268215988678439)
2026-02-02 16:19:37,529|INFO|random_mc2_n5_mid3_d1000_05_mr098_r10_12_uai_GDCC_1e-07_n200_roTrue_s0: Loading model from ../models/synthetic/s123/random_mc2_n5_mid3_d1000_05_mr098_r10_12.uai
2026-02-02 16:19:37,537|INFO|random_mc2_n5_mid3_d1000_05_mr098_r10_12_uai_GDCC_1e-07_n200_roTrue_s0: Loading data from ../models/synthetic/s123/random_mc2_n5_mid3_d1000_05_mr098_r10_12.csv
2026-02-02 16:19:37,559|INFO|random_mc2_n5_mid3_d1000_05_mr098_r10_12_uai_GDCC_1e-07_n200_roTrue_s0: PNS(V4,V2) exact: (0.007306159, 0.014175791)
2026-02-02 16:19:37,704|INFO|random_mc2_n7_mid3_d1000_05_mr098_r10_199_uai_GDCC_1e-07_n200_roFalse_s0: Loading model from ../models/synthetic/s123/random_mc2_n7_mid3_d1000_05_mr098_r10_199.uai
2026-02-02 16:19:37,718|INFO|random_mc2_n7_mid3_d1000_05_mr098_r10_199_uai_GDCC_1e-07_n200_roFalse_s0: Loading data from ../models/synthetic/s123/random_mc2_n7_mid3_d1000_05_mr098_r10_199.csv
2026-02-02 16:19:37,741|INFO|random_mc2_n7_mid3_d1000_05_mr098_r10_199_uai_GDCC_1e-07_n200_roFalse_s0: PNS(V2,V0) exact: (0.00178489968384, 0.013822421418624)
2026-02-02 16:19:38,128|INFO|random_mc2_n5_mid3_d1000_05_mr098_r10_46_uai_GDCC_1e-07_n200_roTrue_s0: Loading model from ../models/synthetic/s123/random_mc2_n5_mid3_d1000_05_mr098_r10_46.uai
2026-02-02 16:19:38,145|INFO|random_mc2_n5_mid3_d1000_05_mr098_r10_46_uai_GDCC_1e-07_n200_roTrue_s0: Loading data from ../models/synthetic/s123/random_mc2_n5_mid3_d1000_05_mr098_r10_46.csv
2026-02-02 16:19:38,164|INFO|random_mc2_n5_mid3_d1000_05_mr098_r10_46_uai_GDCC_1e-07_n200_roTrue_s0: PNS(V0,V4) exact: (0.6100050528559042, 0.6100050528559042)
2026-02-02 16:19:38,186|INFO|random_mc2_n7_mid3_d1000_05_mr098_r10_49_uai_GDCC_1e-07_n200_roTrue_s0: Loading model from ../models/synthetic/s123/random_mc2_n7_mid3_d1000_05_mr098_r10_49.uai
2026-02-02 16:19:38,199|INFO|random_mc2_n7_mid3_d1000_05_mr098_r10_49_uai_GDCC_1e-07_n200_roTrue_s0: Loading data from ../models/synthetic/s123/random_mc2_n7_mid3_d1000_05_mr098_r10_49.csv
2026-02-02 16:19:38,218|INFO|random_mc2_n7_mid3_d1000_05_mr098_r10_49_uai_GDCC_1e-07_n200_roTrue_s0: PNS(V4,V3) exact: (0.0163816299, 0.4155382627)
2026-02-02 16:19:38,713|INFO|random_mc2_n5_mid3_d1000_05_mr098_r10_53_uai_GDCC_1e-07_n200_roFalse_s0: Loading model from ../models/synthetic/s123/random_mc2_n5_mid3_d1000_05_mr098_r10_53.uai
2026-02-02 16:19:38,721|INFO|random_mc2_n5_mid3_d1000_05_mr098_r10_53_uai_GDCC_1e-07_n200_roFalse_s0: Loading data from ../models/synthetic/s123/random_mc2_n5_mid3_d1000_05_mr098_r10_53.csv
2026-02-02 16:19:38,735|INFO|random_mc2_n5_mid3_d1000_05_mr098_r10_53_uai_GDCC_1e-07_n200_roFalse_s0: PNS(V0,V1) exact: (0.0, 0.0)
2026-02-02 16:19:38,735|ERROR|random_mc2_n5_mid3_d1000_05_mr098_r10_53_uai_GDCC_1e-07_n200_roFalse_s0: Model does not have any cause-effect path.
2026-02-02 16:19:40,272|INFO|random_mc2_n6_mid3_d1000_05_mr098_r10_177_uai_GDCC_1e-07_n200_roTrue_s0: Loading model from ../models/synthetic/s123/random_mc2_n6_mid3_d1000_05_mr098_r10_177.uai
2026-02-02 16:19:40,277|INFO|random_mc2_n6_mid3_d1000_05_mr098_r10_177_uai_GDCC_1e-07_n200_roTrue_s0: Loading data from ../models/synthetic/s123/random_mc2_n6_mid3_d1000_05_mr098_r10_177.csv
2026-02-02 16:19:40,283|ERROR|random_mc2_n6_mid3_d1000_05_mr098_r10_177_uai_GDCC_1e-07_n200_roTrue_s0: File exists, not rewriting.
2026-02-02 16:19:41,898|INFO|random_mc2_n5_mid3_d1000_05_mr098_r10_79_uai_GDCC_1e-07_n200_roFalse_s0: Loading model from ../models/synthetic/s123/random_mc2_n5_mid3_d1000_05_mr098_r10_79.uai
2026-02-02 16:19:41,905|INFO|random_mc2_n5_mid3_d1000_05_mr098_r10_79_uai_GDCC_1e-07_n200_roFalse_s0: Loading data from ../models/synthetic/s123/random_mc2_n5_mid3_d1000_05_mr098_r10_79.csv
2026-02-02 16:19:41,913|INFO|random_mc2_n5_mid3_d1000_05_mr098_r10_79_uai_GDCC_1e-07_n200_roFalse_s0: PNS(V3,V2) exact: (0.00904271675736, 0.016636195438368)
2026-02-02 16:19:47,389|INFO|random_mc2_n8_mid3_d1000_05_mr098_r10_134_uai_GDCC_1e-07_n200_roFalse_s0: Loading model from ../models/synthetic/s123/random_mc2_n8_mid3_d1000_05_mr098_r10_134.uai
2026-02-02 16:19:47,819|INFO|random_mc2_n8_mid3_d1000_05_mr098_r10_134_uai_GDCC_1e-07_n200_roFalse_s0: Loading data from ../models/synthetic/s123/random_mc2_n8_mid3_d1000_05_mr098_r10_134.csv
2026-02-02 16:19:47,827|ERROR|random_mc2_n8_mid3_d1000_05_mr098_r10_134_uai_GDCC_1e-07_n200_roFalse_s0: File exists, not rewriting.
2026-02-02 16:19:49,795|INFO|random_mc2_n6_mid3_d1000_05_mr098_r10_163_uai_GDCC_1e-07_n200_roFalse_s0: Loading model from ../models/synthetic/s123/random_mc2_n6_mid3_d1000_05_mr098_r10_163.uai
2026-02-02 16:19:49,809|INFO|random_mc2_n6_mid3_d1000_05_mr098_r10_163_uai_GDCC_1e-07_n200_roFalse_s0: Loading data from ../models/synthetic/s123/random_mc2_n6_mid3_d1000_05_mr098_r10_163.csv
2026-02-02 16:19:49,818|ERROR|random_mc2_n6_mid3_d1000_05_mr098_r10_163_uai_GDCC_1e-07_n200_roFalse_s0: File exists, not rewriting.
2026-02-02 16:19:50,339|INFO|random_mc2_n5_mid3_d1000_05_mr098_r10_126_uai_GDCC_1e-07_n200_roTrue_s0: Loading model from ../models/synthetic/s123/random_mc2_n5_mid3_d1000_05_mr098_r10_126.uai
2026-02-02 16:19:50,348|INFO|random_mc2_n5_mid3_d1000_05_mr098_r10_126_uai_GDCC_1e-07_n200_roTrue_s0: Loading data from ../models/synthetic/s123/random_mc2_n5_mid3_d1000_05_mr098_r10_126.csv
2026-02-02 16:19:50,357|INFO|random_mc2_n5_mid3_d1000_05_mr098_r10_126_uai_GDCC_1e-07_n200_roTrue_s0: PNS(V4,V0) exact: (0.425783788558646, 0.655405962193344)
2026-02-02 16:19:56,111|INFO|random_mc2_n7_mid3_d1000_05_mr098_r10_159_uai_GDCC_1e-07_n200_roTrue_s0: Loading model from ../models/synthetic/s123/random_mc2_n7_mid3_d1000_05_mr098_r10_159.uai
2026-02-02 16:19:56,124|INFO|random_mc2_n7_mid3_d1000_05_mr098_r10_159_uai_GDCC_1e-07_n200_roTrue_s0: Loading data from ../models/synthetic/s123/random_mc2_n7_mid3_d1000_05_mr098_r10_159.csv
2026-02-02 16:19:56,129|ERROR|random_mc2_n7_mid3_d1000_05_mr098_r10_159_uai_GDCC_1e-07_n200_roTrue_s0: File exists, not rewriting.
2026-02-02 16:19:56,427|INFO|random_mc2_n6_mid3_d1000_05_mr098_r10_160_uai_GDCC_1e-07_n200_roFalse_s0: Loading model from ../models/synthetic/s123/random_mc2_n6_mid3_d1000_05_mr098_r10_160.uai
2026-02-02 16:19:56,462|INFO|random_mc2_n6_mid3_d1000_05_mr098_r10_160_uai_GDCC_1e-07_n200_roFalse_s0: Loading data from ../models/synthetic/s123/random_mc2_n6_mid3_d1000_05_mr098_r10_160.csv
2026-02-02 16:19:56,473|ERROR|random_mc2_n6_mid3_d1000_05_mr098_r10_160_uai_GDCC_1e-07_n200_roFalse_s0: File exists, not rewriting.
2026-02-02 16:19:57,668|INFO|random_mc2_n7_mid3_d1000_05_mr098_r10_37_uai_GDCC_1e-07_n200_roTrue_s0: Loading model from ../models/synthetic/s123/random_mc2_n7_mid3_d1000_05_mr098_r10_37.uai
2026-02-02 16:19:57,694|INFO|random_mc2_n7_mid3_d1000_05_mr098_r10_37_uai_GDCC_1e-07_n200_roTrue_s0: Loading data from ../models/synthetic/s123/random_mc2_n7_mid3_d1000_05_mr098_r10_37.csv
2026-02-02 16:19:57,707|INFO|random_mc2_n7_mid3_d1000_05_mr098_r10_37_uai_GDCC_1e-07_n200_roTrue_s0: PNS(V3,V2) exact: (0.0, 0.0282189836918879)
2026-02-02 16:20:00,426|INFO|random_mc2_n6_mid3_d1000_05_mr098_r10_46_uai_GDCC_1e-07_n200_roTrue_s0: Loading model from ../models/synthetic/s123/random_mc2_n6_mid3_d1000_05_mr098_r10_46.uai
2026-02-02 16:20:00,435|INFO|random_mc2_n6_mid3_d1000_05_mr098_r10_46_uai_GDCC_1e-07_n200_roTrue_s0: Loading data from ../models/synthetic/s123/random_mc2_n6_mid3_d1000_05_mr098_r10_46.csv
2026-02-02 16:20:00,447|INFO|random_mc2_n6_mid3_d1000_05_mr098_r10_46_uai_GDCC_1e-07_n200_roTrue_s0: PNS(V5,V4) exact: (0.1425212815, 0.1433881685)
2026-02-02 16:20:01,766|INFO|random_mc2_n5_mid3_d1000_05_mr098_r10_103_uai_GDCC_1e-07_n200_roFalse_s0: Loading model from ../models/synthetic/s123/random_mc2_n5_mid3_d1000_05_mr098_r10_103.uai
2026-02-02 16:20:01,781|INFO|random_mc2_n5_mid3_d1000_05_mr098_r10_103_uai_GDCC_1e-07_n200_roFalse_s0: Loading data from ../models/synthetic/s123/random_mc2_n5_mid3_d1000_05_mr098_r10_103.csv
2026-02-02 16:20:01,797|INFO|random_mc2_n5_mid3_d1000_05_mr098_r10_103_uai_GDCC_1e-07_n200_roFalse_s0: PNS(V0,V4) exact: (0.055654259616004, 0.150953979930874)
2026-02-02 16:20:03,096|INFO|random_mc2_n7_mid3_d1000_05_mr098_r10_139_uai_GDCC_1e-07_n200_roTrue_s0: Loading model from ../models/synthetic/s123/random_mc2_n7_mid3_d1000_05_mr098_r10_139.uai
2026-02-02 16:20:03,108|INFO|random_mc2_n7_mid3_d1000_05_mr098_r10_139_uai_GDCC_1e-07_n200_roTrue_s0: Loading data from ../models/synthetic/s123/random_mc2_n7_mid3_d1000_05_mr098_r10_139.csv
2026-02-02 16:20:03,121|INFO|random_mc2_n7_mid3_d1000_05_mr098_r10_139_uai_GDCC_1e-07_n200_roTrue_s0: PNS(V6,V2) exact: (3.4571033774154675e-05, 0.0010797131415254)
2026-02-02 16:20:04,325|INFO|random_mc2_n9_mid3_d1000_05_mr098_r10_184_uai_GDCC_1e-07_n200_roFalse_s0: Loading model from ../models/synthetic/s123/random_mc2_n9_mid3_d1000_05_mr098_r10_184.uai
2026-02-02 16:20:04,350|INFO|random_mc2_n9_mid3_d1000_05_mr098_r10_184_uai_GDCC_1e-07_n200_roFalse_s0: Loading data from ../models/synthetic/s123/random_mc2_n9_mid3_d1000_05_mr098_r10_184.csv
2026-02-02 16:20:04,380|ERROR|random_mc2_n9_mid3_d1000_05_mr098_r10_184_uai_GDCC_1e-07_n200_roFalse_s0: File exists, not rewriting.
2026-02-02 16:20:04,565|INFO|random_mc2_n8_mid3_d1000_05_mr098_r10_2_uai_GDCC_1e-07_n200_roFalse_s0: Loading model from ../models/synthetic/s123/random_mc2_n8_mid3_d1000_05_mr098_r10_2.uai
2026-02-02 16:20:04,586|INFO|random_mc2_n8_mid3_d1000_05_mr098_r10_2_uai_GDCC_1e-07_n200_roFalse_s0: Loading data from ../models/synthetic/s123/random_mc2_n8_mid3_d1000_05_mr098_r10_2.csv
2026-02-02 16:20:04,604|INFO|random_mc2_n8_mid3_d1000_05_mr098_r10_2_uai_GDCC_1e-07_n200_roFalse_s0: PNS(V1,V5) exact: (0.0, 0.0)
2026-02-02 16:20:04,604|ERROR|random_mc2_n8_mid3_d1000_05_mr098_r10_2_uai_GDCC_1e-07_n200_roFalse_s0: Model does not have any cause-effect path.
2026-02-02 16:20:04,706|INFO|random_mc2_n9_mid3_d1000_05_mr098_r10_152_uai_GDCC_1e-07_n200_roTrue_s0: Loading model from ../models/synthetic/s123/random_mc2_n9_mid3_d1000_05_mr098_r10_152.uai
2026-02-02 16:20:04,738|INFO|random_mc2_n7_mid3_d1000_05_mr098_r10_184_uai_GDCC_1e-07_n200_roFalse_s0: Loading model from ../models/synthetic/s123/random_mc2_n7_mid3_d1000_05_mr098_r10_184.uai
2026-02-02 16:20:04,746|INFO|random_mc2_n9_mid3_d1000_05_mr098_r10_152_uai_GDCC_1e-07_n200_roTrue_s0: Loading data from ../models/synthetic/s123/random_mc2_n9_mid3_d1000_05_mr098_r10_152.csv
2026-02-02 16:20:04,762|INFO|random_mc2_n9_mid3_d1000_05_mr098_r10_152_uai_GDCC_1e-07_n200_roTrue_s0: PNS(V4,V6) exact: (0.0985718975711222, 0.2731262523008737)
2026-02-02 16:20:04,754|INFO|random_mc2_n7_mid3_d1000_05_mr098_r10_184_uai_GDCC_1e-07_n200_roFalse_s0: Loading data from ../models/synthetic/s123/random_mc2_n7_mid3_d1000_05_mr098_r10_184.csv
2026-02-02 16:20:04,772|INFO|random_mc2_n7_mid3_d1000_05_mr098_r10_184_uai_GDCC_1e-07_n200_roFalse_s0: PNS(V0,V3) exact: (0.0039488823224993, 0.0144327631225721)
2026-02-02 16:20:04,806|INFO|random_mc2_n6_mid3_d1000_05_mr098_r10_8_uai_GDCC_1e-07_n200_roFalse_s0: Loading model from ../models/synthetic/s123/random_mc2_n6_mid3_d1000_05_mr098_r10_8.uai
2026-02-02 16:20:04,817|INFO|random_mc2_n6_mid3_d1000_05_mr098_r10_8_uai_GDCC_1e-07_n200_roFalse_s0: Loading data from ../models/synthetic/s123/random_mc2_n6_mid3_d1000_05_mr098_r10_8.csv
2026-02-02 16:20:04,833|INFO|random_mc2_n6_mid3_d1000_05_mr098_r10_8_uai_GDCC_1e-07_n200_roFalse_s0: PNS(V0,V3) exact: (0.0, 0.0)
2026-02-02 16:20:04,833|ERROR|random_mc2_n6_mid3_d1000_05_mr098_r10_8_uai_GDCC_1e-07_n200_roFalse_s0: Model does not have any cause-effect path.
2026-02-02 16:20:05,043|INFO|random_mc2_n8_mid3_d1000_05_mr098_r10_153_uai_GDCC_1e-07_n200_roFalse_s0: Loading model from ../models/synthetic/s123/random_mc2_n8_mid3_d1000_05_mr098_r10_153.uai
2026-02-02 16:20:05,051|INFO|random_mc2_n7_mid3_d1000_05_mr098_r10_153_uai_GDCC_1e-07_n200_roTrue_s0: Loading model from ../models/synthetic/s123/random_mc2_n7_mid3_d1000_05_mr098_r10_153.uai
2026-02-02 16:20:05,074|INFO|random_mc2_n8_mid3_d1000_05_mr098_r10_153_uai_GDCC_1e-07_n200_roFalse_s0: Loading data from ../models/synthetic/s123/random_mc2_n8_mid3_d1000_05_mr098_r10_153.csv
2026-02-02 16:20:05,088|ERROR|random_mc2_n8_mid3_d1000_05_mr098_r10_153_uai_GDCC_1e-07_n200_roFalse_s0: File exists, not rewriting.
2026-02-02 16:20:05,086|INFO|random_mc2_n7_mid3_d1000_05_mr098_r10_153_uai_GDCC_1e-07_n200_roTrue_s0: Loading data from ../models/synthetic/s123/random_mc2_n7_mid3_d1000_05_mr098_r10_153.csv
2026-02-02 16:20:05,100|ERROR|random_mc2_n7_mid3_d1000_05_mr098_r10_153_uai_GDCC_1e-07_n200_roTrue_s0: File exists, not rewriting.
2026-02-02 16:20:05,173|INFO|random_mc2_n7_mid3_d1000_05_mr098_r10_15_uai_GDCC_1e-07_n200_roFalse_s0: Loading model from ../models/synthetic/s123/random_mc2_n7_mid3_d1000_05_mr098_r10_15.uai
2026-02-02 16:20:05,191|INFO|random_mc2_n7_mid3_d1000_05_mr098_r10_15_uai_GDCC_1e-07_n200_roFalse_s0: Loading data from ../models/synthetic/s123/random_mc2_n7_mid3_d1000_05_mr098_r10_15.csv
2026-02-02 16:20:05,217|INFO|random_mc2_n7_mid3_d1000_05_mr098_r10_15_uai_GDCC_1e-07_n200_roFalse_s0: PNS(V0,V6) exact: (0.3220170880214336, 0.5255000671372351)
2026-02-02 16:20:05,387|INFO|random_mc2_n5_mid3_d1000_05_mr098_r10_168_uai_GDCC_1e-07_n200_roFalse_s0: Loading model from ../models/synthetic/s123/random_mc2_n5_mid3_d1000_05_mr098_r10_168.uai
2026-02-02 16:20:05,395|INFO|random_mc2_n5_mid3_d1000_05_mr098_r10_168_uai_GDCC_1e-07_n200_roFalse_s0: Loading data from ../models/synthetic/s123/random_mc2_n5_mid3_d1000_05_mr098_r10_168.csv
2026-02-02 16:20:05,404|ERROR|random_mc2_n5_mid3_d1000_05_mr098_r10_168_uai_GDCC_1e-07_n200_roFalse_s0: File exists, not rewriting.
2026-02-02 16:20:07,160|INFO|random_mc2_n7_mid3_d1000_05_mr098_r10_5_uai_GDCC_1e-07_n200_roFalse_s0: Loading model from ../models/synthetic/s123/random_mc2_n7_mid3_d1000_05_mr098_r10_5.uai
2026-02-02 16:20:07,184|INFO|random_mc2_n7_mid3_d1000_05_mr098_r10_5_uai_GDCC_1e-07_n200_roFalse_s0: Loading data from ../models/synthetic/s123/random_mc2_n7_mid3_d1000_05_mr098_r10_5.csv
2026-02-02 16:20:07,196|ERROR|random_mc2_n7_mid3_d1000_05_mr098_r10_5_uai_GDCC_1e-07_n200_roFalse_s0: File exists, not rewriting.
2026-02-02 16:20:08,630|INFO|random_mc2_n7_mid3_d1000_05_mr098_r10_56_uai_GDCC_1e-07_n200_roTrue_s0: Loading model from ../models/synthetic/s123/random_mc2_n7_mid3_d1000_05_mr098_r10_56.uai
2026-02-02 16:20:08,644|INFO|random_mc2_n7_mid3_d1000_05_mr098_r10_56_uai_GDCC_1e-07_n200_roTrue_s0: Loading data from ../models/synthetic/s123/random_mc2_n7_mid3_d1000_05_mr098_r10_56.csv
2026-02-02 16:20:08,655|ERROR|random_mc2_n7_mid3_d1000_05_mr098_r10_56_uai_GDCC_1e-07_n200_roTrue_s0: File exists, not rewriting.
2026-02-02 16:20:10,837|INFO|random_mc2_n9_mid3_d1000_05_mr098_r10_198_uai_GDCC_1e-07_n200_roTrue_s0: Loading model from ../models/synthetic/s123/random_mc2_n9_mid3_d1000_05_mr098_r10_198.uai
2026-02-02 16:20:10,849|INFO|random_mc2_n9_mid3_d1000_05_mr098_r10_198_uai_GDCC_1e-07_n200_roTrue_s0: Loading data from ../models/synthetic/s123/random_mc2_n9_mid3_d1000_05_mr098_r10_198.csv
2026-02-02 16:20:10,855|ERROR|random_mc2_n9_mid3_d1000_05_mr098_r10_198_uai_GDCC_1e-07_n200_roTrue_s0: File exists, not rewriting.
2026-02-02 16:20:11,208|INFO|random_mc2_n5_mid3_d1000_05_mr098_r10_25_uai_GDCC_1e-07_n200_roFalse_s0: Loading model from ../models/synthetic/s123/random_mc2_n5_mid3_d1000_05_mr098_r10_25.uai
2026-02-02 16:20:11,212|INFO|random_mc2_n5_mid3_d1000_05_mr098_r10_25_uai_GDCC_1e-07_n200_roFalse_s0: Loading data from ../models/synthetic/s123/random_mc2_n5_mid3_d1000_05_mr098_r10_25.csv
2026-02-02 16:20:11,220|INFO|random_mc2_n5_mid3_d1000_05_mr098_r10_25_uai_GDCC_1e-07_n200_roFalse_s0: PNS(V1,V4) exact: (0.0216, 0.0216)
2026-02-02 16:20:16,013|INFO|random_mc2_n8_mid3_d1000_05_mr098_r10_152_uai_GDCC_1e-07_n200_roFalse_s0: Loading model from ../models/synthetic/s123/random_mc2_n8_mid3_d1000_05_mr098_r10_152.uai
2026-02-02 16:20:16,036|INFO|random_mc2_n8_mid3_d1000_05_mr098_r10_152_uai_GDCC_1e-07_n200_roFalse_s0: Loading data from ../models/synthetic/s123/random_mc2_n8_mid3_d1000_05_mr098_r10_152.csv
2026-02-02 16:20:16,043|ERROR|random_mc2_n8_mid3_d1000_05_mr098_r10_152_uai_GDCC_1e-07_n200_roFalse_s0: File exists, not rewriting.
2026-02-02 16:20:18,920|INFO|random_mc2_n5_mid3_d1000_05_mr098_r10_45_uai_GDCC_1e-07_n200_roFalse_s0: Loading model from ../models/synthetic/s123/random_mc2_n5_mid3_d1000_05_mr098_r10_45.uai
2026-02-02 16:20:18,929|INFO|random_mc2_n5_mid3_d1000_05_mr098_r10_45_uai_GDCC_1e-07_n200_roFalse_s0: Loading data from ../models/synthetic/s123/random_mc2_n5_mid3_d1000_05_mr098_r10_45.csv
2026-02-02 16:20:18,940|INFO|random_mc2_n5_mid3_d1000_05_mr098_r10_45_uai_GDCC_1e-07_n200_roFalse_s0: PNS(V1,V2) exact: (0.0940954230999999, 0.5326951514)
2026-02-02 16:20:22,172|INFO|random_mc2_n6_mid3_d1000_05_mr098_r10_12_uai_GDCC_1e-07_n200_roTrue_s0: Loading model from ../models/synthetic/s123/random_mc2_n6_mid3_d1000_05_mr098_r10_12.uai
2026-02-02 16:20:22,189|INFO|random_mc2_n6_mid3_d1000_05_mr098_r10_12_uai_GDCC_1e-07_n200_roTrue_s0: Loading data from ../models/synthetic/s123/random_mc2_n6_mid3_d1000_05_mr098_r10_12.csv
2026-02-02 16:20:22,203|ERROR|random_mc2_n6_mid3_d1000_05_mr098_r10_12_uai_GDCC_1e-07_n200_roTrue_s0: File exists, not rewriting.
2026-02-02 16:20:22,238|INFO|random_mc2_n9_mid3_d1000_05_mr098_r10_140_uai_GDCC_1e-07_n200_roFalse_s0: Loading model from ../models/synthetic/s123/random_mc2_n9_mid3_d1000_05_mr098_r10_140.uai
2026-02-02 16:20:22,268|INFO|random_mc2_n9_mid3_d1000_05_mr098_r10_140_uai_GDCC_1e-07_n200_roFalse_s0: Loading data from ../models/synthetic/s123/random_mc2_n9_mid3_d1000_05_mr098_r10_140.csv
2026-02-02 16:20:22,273|ERROR|random_mc2_n9_mid3_d1000_05_mr098_r10_140_uai_GDCC_1e-07_n200_roFalse_s0: File exists, not rewriting.
slurmstepd: error: *** JOB 243474 ON nodo09 CANCELLED AT 2026-02-02T16:20:24 ***
