2026-02-02 16:24:23,524|INFO|random_mc2_n5_mid3_d1000_05_mr098_r10_129_uai_GDCC_1e-05_n200_roTrue_s0: Loading model from ../models/synthetic/s123/random_mc2_n5_mid3_d1000_05_mr098_r10_129.uai
2026-02-02 16:24:23,539|INFO|random_mc2_n5_mid3_d1000_05_mr098_r10_129_uai_GDCC_1e-05_n200_roTrue_s0: Loading data from ../models/synthetic/s123/random_mc2_n5_mid3_d1000_05_mr098_r10_129.csv
2026-02-02 16:24:37,305|INFO|random_mc2_n7_mid3_d1000_05_mr098_r10_5_uai_GDCC_1e-05_n200_roTrue_s0: Loading model from ../models/synthetic/s123/random_mc2_n7_mid3_d1000_05_mr098_r10_5.uai
2026-02-02 16:24:37,338|INFO|random_mc2_n7_mid3_d1000_05_mr098_r10_5_uai_GDCC_1e-05_n200_roTrue_s0: Loading data from ../models/synthetic/s123/random_mc2_n7_mid3_d1000_05_mr098_r10_5.csv
2026-02-02 16:24:38,840|INFO|random_mc2_n8_mid3_d1000_05_mr098_r10_151_uai_GDCC_1e-05_n200_roTrue_s0: Loading model from ../models/synthetic/s123/random_mc2_n8_mid3_d1000_05_mr098_r10_151.uai
2026-02-02 16:24:38,846|INFO|random_mc2_n6_mid3_d1000_05_mr098_r10_151_uai_GDCC_1e-05_n200_roTrue_s0: Loading model from ../models/synthetic/s123/random_mc2_n6_mid3_d1000_05_mr098_r10_151.uai
2026-02-02 16:24:39,121|INFO|random_mc2_n8_mid3_d1000_05_mr098_r10_151_uai_GDCC_1e-05_n200_roTrue_s0: Loading data from ../models/synthetic/s123/random_mc2_n8_mid3_d1000_05_mr098_r10_151.csv
2026-02-02 16:24:39,132|INFO|random_mc2_n6_mid3_d1000_05_mr098_r10_151_uai_GDCC_1e-05_n200_roTrue_s0: Loading data from ../models/synthetic/s123/random_mc2_n6_mid3_d1000_05_mr098_r10_151.csv
2026-02-02 16:24:40,315|INFO|random_mc2_n6_mid3_d1000_05_mr098_r10_41_uai_GDCC_1e-05_n200_roTrue_s0: Loading model from ../models/synthetic/s123/random_mc2_n6_mid3_d1000_05_mr098_r10_41.uai
2026-02-02 16:24:40,351|INFO|random_mc2_n7_mid3_d1000_05_mr098_r10_24_uai_GDCC_1e-05_n200_roFalse_s0: Loading model from ../models/synthetic/s123/random_mc2_n7_mid3_d1000_05_mr098_r10_24.uai
2026-02-02 16:24:40,333|INFO|random_mc2_n6_mid3_d1000_05_mr098_r10_41_uai_GDCC_1e-05_n200_roTrue_s0: Loading data from ../models/synthetic/s123/random_mc2_n6_mid3_d1000_05_mr098_r10_41.csv
2026-02-02 16:24:40,351|INFO|random_mc2_n6_mid3_d1000_05_mr098_r10_41_uai_GDCC_1e-05_n200_roTrue_s0: PNS(V5,V3) exact: (0.119982256826749, 0.4934547656320461)
2026-02-02 16:24:40,366|INFO|random_mc2_n7_mid3_d1000_05_mr098_r10_24_uai_GDCC_1e-05_n200_roFalse_s0: Loading data from ../models/synthetic/s123/random_mc2_n7_mid3_d1000_05_mr098_r10_24.csv
2026-02-02 16:24:40,385|INFO|random_mc2_n7_mid3_d1000_05_mr098_r10_24_uai_GDCC_1e-05_n200_roFalse_s0: PNS(V3,V2) exact: (0.0, 0.0745211048481239)
2026-02-02 16:24:42,368|INFO|random_mc2_n6_mid3_d1000_05_mr098_r10_148_uai_GDCC_1e-05_n200_roFalse_s0: Loading model from ../models/synthetic/s123/random_mc2_n6_mid3_d1000_05_mr098_r10_148.uai
2026-02-02 16:24:42,388|INFO|random_mc2_n6_mid3_d1000_05_mr098_r10_148_uai_GDCC_1e-05_n200_roFalse_s0: Loading data from ../models/synthetic/s123/random_mc2_n6_mid3_d1000_05_mr098_r10_148.csv
2026-02-02 16:24:42,406|INFO|random_mc2_n6_mid3_d1000_05_mr098_r10_148_uai_GDCC_1e-05_n200_roFalse_s0: PNS(V0,V5) exact: (0.0, 0.0279858302999999)
2026-02-02 16:24:50,485|INFO|random_mc2_n6_mid3_d1000_05_mr098_r10_11_uai_GDCC_1e-05_n200_roFalse_s0: Loading model from ../models/synthetic/s123/random_mc2_n6_mid3_d1000_05_mr098_r10_11.uai
2026-02-02 16:24:50,523|INFO|random_mc2_n6_mid3_d1000_05_mr098_r10_11_uai_GDCC_1e-05_n200_roFalse_s0: Loading data from ../models/synthetic/s123/random_mc2_n6_mid3_d1000_05_mr098_r10_11.csv
2026-02-02 16:24:50,551|INFO|random_mc2_n6_mid3_d1000_05_mr098_r10_11_uai_GDCC_1e-05_n200_roFalse_s0: PNS(V5,V0) exact: (0.226887276, 0.345199661)
2026-02-02 16:24:56,042|INFO|random_mc2_n6_mid3_d1000_05_mr098_r10_72_uai_GDCC_1e-05_n200_roFalse_s0: Loading model from ../models/synthetic/s123/random_mc2_n6_mid3_d1000_05_mr098_r10_72.uai
2026-02-02 16:24:56,068|INFO|random_mc2_n6_mid3_d1000_05_mr098_r10_72_uai_GDCC_1e-05_n200_roFalse_s0: Loading data from ../models/synthetic/s123/random_mc2_n6_mid3_d1000_05_mr098_r10_72.csv
2026-02-02 16:24:56,091|INFO|random_mc2_n6_mid3_d1000_05_mr098_r10_72_uai_GDCC_1e-05_n200_roFalse_s0: PNS(V1,V5) exact: (0.0139420482, 0.0995220407)
2026-02-02 16:24:56,158|INFO|random_mc2_n7_mid3_d1000_05_mr098_r10_95_uai_GDCC_1e-05_n200_roFalse_s0: Loading model from ../models/synthetic/s123/random_mc2_n7_mid3_d1000_05_mr098_r10_95.uai
2026-02-02 16:24:56,179|INFO|random_mc2_n7_mid3_d1000_05_mr098_r10_95_uai_GDCC_1e-05_n200_roFalse_s0: Loading data from ../models/synthetic/s123/random_mc2_n7_mid3_d1000_05_mr098_r10_95.csv
2026-02-02 16:24:56,202|INFO|random_mc2_n7_mid3_d1000_05_mr098_r10_177_uai_GDCC_1e-05_n200_roTrue_s0: Loading model from ../models/synthetic/s123/random_mc2_n7_mid3_d1000_05_mr098_r10_177.uai
2026-02-02 16:24:56,206|INFO|random_mc2_n7_mid3_d1000_05_mr098_r10_95_uai_GDCC_1e-05_n200_roFalse_s0: PNS(V0,V3) exact: (0.0119746197391619, 0.3426762898101421)
2026-02-02 16:24:56,228|INFO|random_mc2_n7_mid3_d1000_05_mr098_r10_177_uai_GDCC_1e-05_n200_roTrue_s0: Loading data from ../models/synthetic/s123/random_mc2_n7_mid3_d1000_05_mr098_r10_177.csv
2026-02-02 16:24:56,251|INFO|random_mc2_n7_mid3_d1000_05_mr098_r10_177_uai_GDCC_1e-05_n200_roTrue_s0: PNS(V1,V5) exact: (0.0, 0.0)
2026-02-02 16:24:56,251|ERROR|random_mc2_n7_mid3_d1000_05_mr098_r10_177_uai_GDCC_1e-05_n200_roTrue_s0: Model does not have any cause-effect path.
2026-02-02 16:24:56,375|INFO|random_mc2_n5_mid3_d1000_05_mr098_r10_107_uai_GDCC_1e-05_n200_roTrue_s0: Loading model from ../models/synthetic/s123/random_mc2_n5_mid3_d1000_05_mr098_r10_107.uai
2026-02-02 16:24:56,414|INFO|random_mc2_n6_mid3_d1000_05_mr098_r10_17_uai_GDCC_1e-05_n200_roTrue_s0: Loading model from ../models/synthetic/s123/random_mc2_n6_mid3_d1000_05_mr098_r10_17.uai
2026-02-02 16:24:56,396|INFO|random_mc2_n5_mid3_d1000_05_mr098_r10_107_uai_GDCC_1e-05_n200_roTrue_s0: Loading data from ../models/synthetic/s123/random_mc2_n5_mid3_d1000_05_mr098_r10_107.csv
2026-02-02 16:24:56,434|INFO|random_mc2_n8_mid3_d1000_05_mr098_r10_122_uai_GDCC_1e-05_n200_roTrue_s0: Loading model from ../models/synthetic/s123/random_mc2_n8_mid3_d1000_05_mr098_r10_122.uai
2026-02-02 16:24:56,427|INFO|random_mc2_n6_mid3_d1000_05_mr098_r10_17_uai_GDCC_1e-05_n200_roTrue_s0: Loading data from ../models/synthetic/s123/random_mc2_n6_mid3_d1000_05_mr098_r10_17.csv
2026-02-02 16:24:56,450|INFO|random_mc2_n6_mid3_d1000_05_mr098_r10_17_uai_GDCC_1e-05_n200_roTrue_s0: PNS(V5,V0) exact: (0.068749296, 0.1201185324)
2026-02-02 16:24:56,451|INFO|random_mc2_n8_mid3_d1000_05_mr098_r10_122_uai_GDCC_1e-05_n200_roTrue_s0: Loading data from ../models/synthetic/s123/random_mc2_n8_mid3_d1000_05_mr098_r10_122.csv
2026-02-02 16:25:00,176|INFO|random_mc2_n6_mid3_d1000_05_mr098_r10_27_uai_GDCC_1e-05_n200_roFalse_s0: Loading model from ../models/synthetic/s123/random_mc2_n6_mid3_d1000_05_mr098_r10_27.uai
2026-02-02 16:25:00,185|INFO|random_mc2_n6_mid3_d1000_05_mr098_r10_27_uai_GDCC_1e-05_n200_roFalse_s0: Loading data from ../models/synthetic/s123/random_mc2_n6_mid3_d1000_05_mr098_r10_27.csv
2026-02-02 16:25:00,194|INFO|random_mc2_n6_mid3_d1000_05_mr098_r10_27_uai_GDCC_1e-05_n200_roFalse_s0: PNS(V1,V2) exact: (0.150982245685575, 0.150982245685575)
2026-02-02 16:25:01,269|INFO|random_mc2_n7_mid3_d1000_05_mr098_r10_55_uai_GDCC_1e-05_n200_roTrue_s0: Loading model from ../models/synthetic/s123/random_mc2_n7_mid3_d1000_05_mr098_r10_55.uai
2026-02-02 16:25:01,310|INFO|random_mc2_n7_mid3_d1000_05_mr098_r10_55_uai_GDCC_1e-05_n200_roTrue_s0: Loading data from ../models/synthetic/s123/random_mc2_n7_mid3_d1000_05_mr098_r10_55.csv
2026-02-02 16:25:01,342|INFO|random_mc2_n7_mid3_d1000_05_mr098_r10_55_uai_GDCC_1e-05_n200_roTrue_s0: PNS(V1,V2) exact: (0.0, 0.16491582811524)
2026-02-02 16:25:02,204|INFO|random_mc2_n5_mid3_d1000_05_mr098_r10_160_uai_GDCC_1e-05_n200_roFalse_s0: Loading model from ../models/synthetic/s123/random_mc2_n5_mid3_d1000_05_mr098_r10_160.uai
2026-02-02 16:25:02,226|INFO|random_mc2_n5_mid3_d1000_05_mr098_r10_160_uai_GDCC_1e-05_n200_roFalse_s0: Loading data from ../models/synthetic/s123/random_mc2_n5_mid3_d1000_05_mr098_r10_160.csv
2026-02-02 16:25:07,840|INFO|random_mc2_n7_mid3_d1000_05_mr098_r10_98_uai_GDCC_1e-05_n200_roTrue_s0: Loading model from ../models/synthetic/s123/random_mc2_n7_mid3_d1000_05_mr098_r10_98.uai
2026-02-02 16:25:07,843|INFO|random_mc2_n9_mid3_d1000_05_mr098_r10_166_uai_GDCC_1e-05_n200_roTrue_s0: Loading model from ../models/synthetic/s123/random_mc2_n9_mid3_d1000_05_mr098_r10_166.uai
2026-02-02 16:25:07,869|INFO|random_mc2_n7_mid3_d1000_05_mr098_r10_98_uai_GDCC_1e-05_n200_roTrue_s0: Loading data from ../models/synthetic/s123/random_mc2_n7_mid3_d1000_05_mr098_r10_98.csv
2026-02-02 16:25:07,894|INFO|random_mc2_n9_mid3_d1000_05_mr098_r10_166_uai_GDCC_1e-05_n200_roTrue_s0: Loading data from ../models/synthetic/s123/random_mc2_n9_mid3_d1000_05_mr098_r10_166.csv
2026-02-02 16:25:08,031|INFO|random_mc2_n5_mid3_d1000_05_mr098_r10_163_uai_GDCC_1e-05_n200_roFalse_s0: Loading model from ../models/synthetic/s123/random_mc2_n5_mid3_d1000_05_mr098_r10_163.uai
2026-02-02 16:25:08,051|INFO|random_mc2_n5_mid3_d1000_05_mr098_r10_163_uai_GDCC_1e-05_n200_roFalse_s0: Loading data from ../models/synthetic/s123/random_mc2_n5_mid3_d1000_05_mr098_r10_163.csv
2026-02-02 16:25:08,077|INFO|random_mc2_n5_mid3_d1000_05_mr098_r10_163_uai_GDCC_1e-05_n200_roFalse_s0: PNS(V0,V4) exact: (0.0140736103, 0.0557529839)
2026-02-02 16:25:08,085|INFO|random_mc2_n5_mid3_d1000_05_mr098_r10_43_uai_GDCC_1e-05_n200_roTrue_s0: Loading model from ../models/synthetic/s123/random_mc2_n5_mid3_d1000_05_mr098_r10_43.uai
2026-02-02 16:25:08,109|INFO|random_mc2_n5_mid3_d1000_05_mr098_r10_43_uai_GDCC_1e-05_n200_roTrue_s0: Loading data from ../models/synthetic/s123/random_mc2_n5_mid3_d1000_05_mr098_r10_43.csv
2026-02-02 16:25:08,133|INFO|random_mc2_n5_mid3_d1000_05_mr098_r10_43_uai_GDCC_1e-05_n200_roTrue_s0: PNS(V4,V2) exact: (0.2198675521, 0.3328360903)
2026-02-02 16:25:08,612|INFO|random_mc2_n5_mid3_d1000_05_mr098_r10_184_uai_GDCC_1e-05_n200_roFalse_s0: Loading model from ../models/synthetic/s123/random_mc2_n5_mid3_d1000_05_mr098_r10_184.uai
2026-02-02 16:25:08,637|INFO|random_mc2_n5_mid3_d1000_05_mr098_r10_184_uai_GDCC_1e-05_n200_roFalse_s0: Loading data from ../models/synthetic/s123/random_mc2_n5_mid3_d1000_05_mr098_r10_184.csv
2026-02-02 16:25:08,656|INFO|random_mc2_n5_mid3_d1000_05_mr098_r10_184_uai_GDCC_1e-05_n200_roFalse_s0: PNS(V3,V4) exact: (0.0, 0.0)
2026-02-02 16:25:08,656|ERROR|random_mc2_n5_mid3_d1000_05_mr098_r10_184_uai_GDCC_1e-05_n200_roFalse_s0: Model does not have any cause-effect path.
2026-02-02 16:25:09,042|INFO|random_mc2_n7_mid3_d1000_05_mr098_r10_42_uai_GDCC_1e-05_n200_roTrue_s0: Loading model from ../models/synthetic/s123/random_mc2_n7_mid3_d1000_05_mr098_r10_42.uai
2026-02-02 16:25:09,082|INFO|random_mc2_n7_mid3_d1000_05_mr098_r10_37_uai_GDCC_1e-05_n200_roFalse_s0: Loading model from ../models/synthetic/s123/random_mc2_n7_mid3_d1000_05_mr098_r10_37.uai
2026-02-02 16:25:09,060|INFO|random_mc2_n7_mid3_d1000_05_mr098_r10_42_uai_GDCC_1e-05_n200_roTrue_s0: Loading data from ../models/synthetic/s123/random_mc2_n7_mid3_d1000_05_mr098_r10_42.csv
2026-02-02 16:25:09,079|INFO|random_mc2_n7_mid3_d1000_05_mr098_r10_42_uai_GDCC_1e-05_n200_roTrue_s0: PNS(V0,V3) exact: (0.0, 0.0)
2026-02-02 16:25:09,079|ERROR|random_mc2_n7_mid3_d1000_05_mr098_r10_42_uai_GDCC_1e-05_n200_roTrue_s0: Model does not have any cause-effect path.
2026-02-02 16:25:09,113|INFO|random_mc2_n7_mid3_d1000_05_mr098_r10_37_uai_GDCC_1e-05_n200_roFalse_s0: Loading data from ../models/synthetic/s123/random_mc2_n7_mid3_d1000_05_mr098_r10_37.csv
2026-02-02 16:25:09,134|INFO|random_mc2_n7_mid3_d1000_05_mr098_r10_37_uai_GDCC_1e-05_n200_roFalse_s0: PNS(V3,V2) exact: (0.0, 0.0282189836918879)
2026-02-02 16:25:10,977|INFO|random_mc2_n6_mid3_d1000_05_mr098_r10_100_uai_GDCC_1e-05_n200_roTrue_s0: Loading model from ../models/synthetic/s123/random_mc2_n6_mid3_d1000_05_mr098_r10_100.uai
2026-02-02 16:25:10,977|INFO|random_mc2_n8_mid3_d1000_05_mr098_r10_188_uai_GDCC_1e-05_n200_roTrue_s0: Loading model from ../models/synthetic/s123/random_mc2_n8_mid3_d1000_05_mr098_r10_188.uai
2026-02-02 16:25:11,004|INFO|random_mc2_n6_mid3_d1000_05_mr098_r10_100_uai_GDCC_1e-05_n200_roTrue_s0: Loading data from ../models/synthetic/s123/random_mc2_n6_mid3_d1000_05_mr098_r10_100.csv
2026-02-02 16:25:11,006|INFO|random_mc2_n8_mid3_d1000_05_mr098_r10_188_uai_GDCC_1e-05_n200_roTrue_s0: Loading data from ../models/synthetic/s123/random_mc2_n8_mid3_d1000_05_mr098_r10_188.csv
2026-02-02 16:25:11,030|INFO|random_mc2_n6_mid3_d1000_05_mr098_r10_100_uai_GDCC_1e-05_n200_roTrue_s0: PNS(V1,V4) exact: (0.171264845032, 0.302367839752)
2026-02-02 16:25:11,128|INFO|random_mc2_n5_mid3_d1000_05_mr098_r10_48_uai_GDCC_1e-05_n200_roTrue_s0: Loading model from ../models/synthetic/s123/random_mc2_n5_mid3_d1000_05_mr098_r10_48.uai
2026-02-02 16:25:11,140|INFO|random_mc2_n5_mid3_d1000_05_mr098_r10_48_uai_GDCC_1e-05_n200_roTrue_s0: Loading data from ../models/synthetic/s123/random_mc2_n5_mid3_d1000_05_mr098_r10_48.csv
2026-02-02 16:25:11,160|INFO|random_mc2_n5_mid3_d1000_05_mr098_r10_48_uai_GDCC_1e-05_n200_roTrue_s0: PNS(V0,V4) exact: (0.3710704247999999, 0.4223098252000001)
2026-02-02 16:25:11,202|INFO|random_mc2_n5_mid3_d1000_05_mr098_r10_117_uai_GDCC_1e-05_n200_roFalse_s0: Loading model from ../models/synthetic/s123/random_mc2_n5_mid3_d1000_05_mr098_r10_117.uai
2026-02-02 16:25:11,213|INFO|random_mc2_n5_mid3_d1000_05_mr098_r10_117_uai_GDCC_1e-05_n200_roFalse_s0: Loading data from ../models/synthetic/s123/random_mc2_n5_mid3_d1000_05_mr098_r10_117.csv
2026-02-02 16:25:11,257|INFO|random_mc2_n6_mid3_d1000_05_mr098_r10_135_uai_GDCC_1e-05_n200_roFalse_s0: Loading model from ../models/synthetic/s123/random_mc2_n6_mid3_d1000_05_mr098_r10_135.uai
2026-02-02 16:25:11,275|INFO|random_mc2_n6_mid3_d1000_05_mr098_r10_135_uai_GDCC_1e-05_n200_roFalse_s0: Loading data from ../models/synthetic/s123/random_mc2_n6_mid3_d1000_05_mr098_r10_135.csv
2026-02-02 16:25:11,348|INFO|random_mc2_n5_mid3_d1000_05_mr098_r10_109_uai_GDCC_1e-05_n200_roTrue_s0: Loading model from ../models/synthetic/s123/random_mc2_n5_mid3_d1000_05_mr098_r10_109.uai
2026-02-02 16:25:11,363|INFO|random_mc2_n5_mid3_d1000_05_mr098_r10_109_uai_GDCC_1e-05_n200_roTrue_s0: Loading data from ../models/synthetic/s123/random_mc2_n5_mid3_d1000_05_mr098_r10_109.csv
2026-02-02 16:25:11,394|INFO|random_mc2_n5_mid3_d1000_05_mr098_r10_109_uai_GDCC_1e-05_n200_roTrue_s0: PNS(V0,V4) exact: (0.0, 0.0)
2026-02-02 16:25:11,394|ERROR|random_mc2_n5_mid3_d1000_05_mr098_r10_109_uai_GDCC_1e-05_n200_roTrue_s0: Model does not have any cause-effect path.
2026-02-02 16:25:11,725|INFO|random_mc2_n8_mid3_d1000_05_mr098_r10_16_uai_GDCC_1e-05_n200_roFalse_s0: Loading model from ../models/synthetic/s123/random_mc2_n8_mid3_d1000_05_mr098_r10_16.uai
2026-02-02 16:25:11,757|INFO|random_mc2_n6_mid3_d1000_05_mr098_r10_12_uai_GDCC_1e-05_n200_roFalse_s0: Loading model from ../models/synthetic/s123/random_mc2_n6_mid3_d1000_05_mr098_r10_12.uai
2026-02-02 16:25:11,752|INFO|random_mc2_n8_mid3_d1000_05_mr098_r10_16_uai_GDCC_1e-05_n200_roFalse_s0: Loading data from ../models/synthetic/s123/random_mc2_n8_mid3_d1000_05_mr098_r10_16.csv
2026-02-02 16:25:11,777|INFO|random_mc2_n8_mid3_d1000_05_mr098_r10_16_uai_GDCC_1e-05_n200_roFalse_s0: PNS(V4,V3) exact: (0.6700026795146372, 0.6700026795146372)
2026-02-02 16:25:11,784|INFO|random_mc2_n6_mid3_d1000_05_mr098_r10_12_uai_GDCC_1e-05_n200_roFalse_s0: Loading data from ../models/synthetic/s123/random_mc2_n6_mid3_d1000_05_mr098_r10_12.csv
2026-02-02 16:25:11,883|INFO|random_mc2_n5_mid3_d1000_05_mr098_r10_24_uai_GDCC_1e-05_n200_roFalse_s0: Loading model from ../models/synthetic/s123/random_mc2_n5_mid3_d1000_05_mr098_r10_24.uai
2026-02-02 16:25:11,912|INFO|random_mc2_n5_mid3_d1000_05_mr098_r10_182_uai_GDCC_1e-05_n200_roFalse_s0: Loading model from ../models/synthetic/s123/random_mc2_n5_mid3_d1000_05_mr098_r10_182.uai
2026-02-02 16:25:11,903|INFO|random_mc2_n5_mid3_d1000_05_mr098_r10_24_uai_GDCC_1e-05_n200_roFalse_s0: Loading data from ../models/synthetic/s123/random_mc2_n5_mid3_d1000_05_mr098_r10_24.csv
2026-02-02 16:25:11,934|INFO|random_mc2_n5_mid3_d1000_05_mr098_r10_24_uai_GDCC_1e-05_n200_roFalse_s0: PNS(V4,V0) exact: (0.0, 0.003928219827024)
2026-02-02 16:25:11,928|INFO|random_mc2_n5_mid3_d1000_05_mr098_r10_182_uai_GDCC_1e-05_n200_roFalse_s0: Loading data from ../models/synthetic/s123/random_mc2_n5_mid3_d1000_05_mr098_r10_182.csv
2026-02-02 16:25:11,958|INFO|random_mc2_n6_mid3_d1000_05_mr098_r10_154_uai_GDCC_1e-05_n200_roFalse_s0: Loading model from ../models/synthetic/s123/random_mc2_n6_mid3_d1000_05_mr098_r10_154.uai
2026-02-02 16:25:11,972|INFO|random_mc2_n8_mid3_d1000_05_mr098_r10_29_uai_GDCC_1e-05_n200_roFalse_s0: Loading model from ../models/synthetic/s123/random_mc2_n8_mid3_d1000_05_mr098_r10_29.uai
2026-02-02 16:25:11,981|INFO|random_mc2_n6_mid3_d1000_05_mr098_r10_154_uai_GDCC_1e-05_n200_roFalse_s0: Loading data from ../models/synthetic/s123/random_mc2_n6_mid3_d1000_05_mr098_r10_154.csv
2026-02-02 16:25:12,012|INFO|random_mc2_n5_mid3_d1000_05_mr098_r10_180_uai_GDCC_1e-05_n200_roFalse_s0: Loading model from ../models/synthetic/s123/random_mc2_n5_mid3_d1000_05_mr098_r10_180.uai
2026-02-02 16:25:11,991|INFO|random_mc2_n8_mid3_d1000_05_mr098_r10_29_uai_GDCC_1e-05_n200_roFalse_s0: Loading data from ../models/synthetic/s123/random_mc2_n8_mid3_d1000_05_mr098_r10_29.csv
2026-02-02 16:25:12,023|INFO|random_mc2_n5_mid3_d1000_05_mr098_r10_180_uai_GDCC_1e-05_n200_roFalse_s0: Loading data from ../models/synthetic/s123/random_mc2_n5_mid3_d1000_05_mr098_r10_180.csv
2026-02-02 16:25:12,218|INFO|random_mc2_n7_mid3_d1000_05_mr098_r10_22_uai_GDCC_1e-05_n200_roFalse_s0: Loading model from ../models/synthetic/s123/random_mc2_n7_mid3_d1000_05_mr098_r10_22.uai
2026-02-02 16:25:12,238|INFO|random_mc2_n7_mid3_d1000_05_mr098_r10_22_uai_GDCC_1e-05_n200_roFalse_s0: Loading data from ../models/synthetic/s123/random_mc2_n7_mid3_d1000_05_mr098_r10_22.csv
2026-02-02 16:25:12,267|INFO|random_mc2_n7_mid3_d1000_05_mr098_r10_22_uai_GDCC_1e-05_n200_roFalse_s0: PNS(V1,V0) exact: (0.4818094928831341, 0.6444694971595442)
2026-02-02 16:25:12,370|INFO|random_mc2_n6_mid3_d1000_05_mr098_r10_108_uai_GDCC_1e-05_n200_roTrue_s0: Loading model from ../models/synthetic/s123/random_mc2_n6_mid3_d1000_05_mr098_r10_108.uai
2026-02-02 16:25:12,380|INFO|random_mc2_n5_mid3_d1000_05_mr098_r10_141_uai_GDCC_1e-05_n200_roTrue_s0: Loading model from ../models/synthetic/s123/random_mc2_n5_mid3_d1000_05_mr098_r10_141.uai
2026-02-02 16:25:12,385|INFO|random_mc2_n6_mid3_d1000_05_mr098_r10_108_uai_GDCC_1e-05_n200_roTrue_s0: Loading data from ../models/synthetic/s123/random_mc2_n6_mid3_d1000_05_mr098_r10_108.csv
2026-02-02 16:25:12,394|INFO|random_mc2_n5_mid3_d1000_05_mr098_r10_141_uai_GDCC_1e-05_n200_roTrue_s0: Loading data from ../models/synthetic/s123/random_mc2_n5_mid3_d1000_05_mr098_r10_141.csv
2026-02-02 16:25:12,420|INFO|random_mc2_n5_mid3_d1000_05_mr098_r10_141_uai_GDCC_1e-05_n200_roTrue_s0: PNS(V1,V4) exact: (0.0017244544, 0.2307695208999999)
2026-02-02 16:25:13,096|INFO|random_mc2_n5_mid3_d1000_05_mr098_r10_174_uai_GDCC_1e-05_n200_roTrue_s0: Loading model from ../models/synthetic/s123/random_mc2_n5_mid3_d1000_05_mr098_r10_174.uai
2026-02-02 16:25:13,132|INFO|random_mc2_n5_mid3_d1000_05_mr098_r10_195_uai_GDCC_1e-05_n200_roTrue_s0: Loading model from ../models/synthetic/s123/random_mc2_n5_mid3_d1000_05_mr098_r10_195.uai
2026-02-02 16:25:13,111|INFO|random_mc2_n5_mid3_d1000_05_mr098_r10_174_uai_GDCC_1e-05_n200_roTrue_s0: Loading data from ../models/synthetic/s123/random_mc2_n5_mid3_d1000_05_mr098_r10_174.csv
2026-02-02 16:25:13,135|INFO|random_mc2_n5_mid3_d1000_05_mr098_r10_174_uai_GDCC_1e-05_n200_roTrue_s0: PNS(V1,V3) exact: (0.497273609538846, 0.62213966937114)
2026-02-02 16:25:13,145|INFO|random_mc2_n5_mid3_d1000_05_mr098_r10_195_uai_GDCC_1e-05_n200_roTrue_s0: Loading data from ../models/synthetic/s123/random_mc2_n5_mid3_d1000_05_mr098_r10_195.csv
2026-02-02 16:25:13,198|INFO|random_mc2_n5_mid3_d1000_05_mr098_r10_195_uai_GDCC_1e-05_n200_roTrue_s0: PNS(V0,V4) exact: (0.131789906, 0.3518961976)
2026-02-02 16:25:13,653|INFO|random_mc2_n5_mid3_d1000_05_mr098_r10_107_uai_GDCC_1e-05_n200_roFalse_s0: Loading model from ../models/synthetic/s123/random_mc2_n5_mid3_d1000_05_mr098_r10_107.uai
2026-02-02 16:25:13,656|INFO|random_mc2_n7_mid3_d1000_05_mr098_r10_6_uai_GDCC_1e-05_n200_roTrue_s0: Loading model from ../models/synthetic/s123/random_mc2_n7_mid3_d1000_05_mr098_r10_6.uai
2026-02-02 16:25:13,670|INFO|random_mc2_n5_mid3_d1000_05_mr098_r10_107_uai_GDCC_1e-05_n200_roFalse_s0: Loading data from ../models/synthetic/s123/random_mc2_n5_mid3_d1000_05_mr098_r10_107.csv
2026-02-02 16:25:13,676|INFO|random_mc2_n7_mid3_d1000_05_mr098_r10_6_uai_GDCC_1e-05_n200_roTrue_s0: Loading data from ../models/synthetic/s123/random_mc2_n7_mid3_d1000_05_mr098_r10_6.csv
2026-02-02 16:25:13,695|INFO|random_mc2_n7_mid3_d1000_05_mr098_r10_6_uai_GDCC_1e-05_n200_roTrue_s0: PNS(V2,V3) exact: (0.0, 0.0284169509445683)
2026-02-02 16:25:13,715|INFO|random_mc2_n6_mid3_d1000_05_mr098_r10_145_uai_GDCC_1e-05_n200_roTrue_s0: Loading model from ../models/synthetic/s123/random_mc2_n6_mid3_d1000_05_mr098_r10_145.uai
2026-02-02 16:25:13,740|INFO|random_mc2_n6_mid3_d1000_05_mr098_r10_145_uai_GDCC_1e-05_n200_roTrue_s0: Loading data from ../models/synthetic/s123/random_mc2_n6_mid3_d1000_05_mr098_r10_145.csv
2026-02-02 16:25:13,839|INFO|random_mc2_n7_mid3_d1000_05_mr098_r10_155_uai_GDCC_1e-05_n200_roFalse_s0: Loading model from ../models/synthetic/s123/random_mc2_n7_mid3_d1000_05_mr098_r10_155.uai
2026-02-02 16:25:13,855|INFO|random_mc2_n7_mid3_d1000_05_mr098_r10_155_uai_GDCC_1e-05_n200_roFalse_s0: Loading data from ../models/synthetic/s123/random_mc2_n7_mid3_d1000_05_mr098_r10_155.csv
2026-02-02 16:25:14,004|INFO|random_mc2_n5_mid3_d1000_05_mr098_r10_45_uai_GDCC_1e-05_n200_roFalse_s0: Loading model from ../models/synthetic/s123/random_mc2_n5_mid3_d1000_05_mr098_r10_45.uai
2026-02-02 16:25:14,018|INFO|random_mc2_n5_mid3_d1000_05_mr098_r10_45_uai_GDCC_1e-05_n200_roFalse_s0: Loading data from ../models/synthetic/s123/random_mc2_n5_mid3_d1000_05_mr098_r10_45.csv
2026-02-02 16:25:14,049|INFO|random_mc2_n5_mid3_d1000_05_mr098_r10_45_uai_GDCC_1e-05_n200_roFalse_s0: PNS(V1,V2) exact: (0.0940954230999999, 0.5326951514)
2026-02-02 16:25:14,318|INFO|random_mc2_n6_mid3_d1000_05_mr098_r10_137_uai_GDCC_1e-05_n200_roTrue_s0: Loading model from ../models/synthetic/s123/random_mc2_n6_mid3_d1000_05_mr098_r10_137.uai
2026-02-02 16:25:14,330|INFO|random_mc2_n6_mid3_d1000_05_mr098_r10_137_uai_GDCC_1e-05_n200_roTrue_s0: Loading data from ../models/synthetic/s123/random_mc2_n6_mid3_d1000_05_mr098_r10_137.csv
2026-02-02 16:25:14,347|INFO|random_mc2_n6_mid3_d1000_05_mr098_r10_137_uai_GDCC_1e-05_n200_roTrue_s0: PNS(V0,V3) exact: (0.0, 0.3125)
2026-02-02 16:25:14,577|INFO|random_mc2_n7_mid3_d1000_05_mr098_r10_170_uai_GDCC_1e-05_n200_roFalse_s0: Loading model from ../models/synthetic/s123/random_mc2_n7_mid3_d1000_05_mr098_r10_170.uai
2026-02-02 16:25:14,596|INFO|random_mc2_n7_mid3_d1000_05_mr098_r10_170_uai_GDCC_1e-05_n200_roFalse_s0: Loading data from ../models/synthetic/s123/random_mc2_n7_mid3_d1000_05_mr098_r10_170.csv
2026-02-02 16:25:14,616|INFO|random_mc2_n7_mid3_d1000_05_mr098_r10_170_uai_GDCC_1e-05_n200_roFalse_s0: PNS(V1,V3) exact: (0.0061237, 0.1216942)
2026-02-02 16:25:14,834|INFO|random_mc2_n6_mid3_d1000_05_mr098_r10_85_uai_GDCC_1e-05_n200_roTrue_s0: Loading model from ../models/synthetic/s123/random_mc2_n6_mid3_d1000_05_mr098_r10_85.uai
2026-02-02 16:25:14,840|INFO|random_mc2_n5_mid3_d1000_05_mr098_r10_124_uai_GDCC_1e-05_n200_roTrue_s0: Loading model from ../models/synthetic/s123/random_mc2_n5_mid3_d1000_05_mr098_r10_124.uai
2026-02-02 16:25:14,860|INFO|random_mc2_n5_mid3_d1000_05_mr098_r10_124_uai_GDCC_1e-05_n200_roTrue_s0: Loading data from ../models/synthetic/s123/random_mc2_n5_mid3_d1000_05_mr098_r10_124.csv
2026-02-02 16:25:14,876|INFO|random_mc2_n5_mid3_d1000_05_mr098_r10_124_uai_GDCC_1e-05_n200_roTrue_s0: PNS(V4,V1) exact: (0.00019924659568, 0.05078698676936)
2026-02-02 16:25:14,942|INFO|random_mc2_n6_mid3_d1000_05_mr098_r10_85_uai_GDCC_1e-05_n200_roTrue_s0: Loading data from ../models/synthetic/s123/random_mc2_n6_mid3_d1000_05_mr098_r10_85.csv
2026-02-02 16:25:15,070|INFO|random_mc2_n6_mid3_d1000_05_mr098_r10_94_uai_GDCC_1e-05_n200_roFalse_s0: Loading model from ../models/synthetic/s123/random_mc2_n6_mid3_d1000_05_mr098_r10_94.uai
2026-02-02 16:25:15,097|INFO|random_mc2_n6_mid3_d1000_05_mr098_r10_94_uai_GDCC_1e-05_n200_roFalse_s0: Loading data from ../models/synthetic/s123/random_mc2_n6_mid3_d1000_05_mr098_r10_94.csv
2026-02-02 16:25:15,121|INFO|random_mc2_n6_mid3_d1000_05_mr098_r10_94_uai_GDCC_1e-05_n200_roFalse_s0: PNS(V0,V5) exact: (0.0335349828721959, 0.1506232608719497)
2026-02-02 16:25:15,173|INFO|random_mc2_n6_mid3_d1000_05_mr098_r10_145_uai_GDCC_1e-05_n200_roFalse_s0: Loading model from ../models/synthetic/s123/random_mc2_n6_mid3_d1000_05_mr098_r10_145.uai
2026-02-02 16:25:15,204|INFO|random_mc2_n6_mid3_d1000_05_mr098_r10_145_uai_GDCC_1e-05_n200_roFalse_s0: Loading data from ../models/synthetic/s123/random_mc2_n6_mid3_d1000_05_mr098_r10_145.csv
2026-02-02 16:25:15,874|INFO|random_mc2_n5_mid3_d1000_05_mr098_r10_170_uai_GDCC_1e-05_n200_roFalse_s0: Loading model from ../models/synthetic/s123/random_mc2_n5_mid3_d1000_05_mr098_r10_170.uai
2026-02-02 16:25:15,881|INFO|random_mc2_n5_mid3_d1000_05_mr098_r10_170_uai_GDCC_1e-05_n200_roFalse_s0: Loading data from ../models/synthetic/s123/random_mc2_n5_mid3_d1000_05_mr098_r10_170.csv
2026-02-02 16:25:18,849|INFO|random_mc2_n6_mid3_d1000_05_mr098_r10_194_uai_GDCC_1e-05_n200_roTrue_s0: Loading model from ../models/synthetic/s123/random_mc2_n6_mid3_d1000_05_mr098_r10_194.uai
2026-02-02 16:25:18,884|INFO|random_mc2_n6_mid3_d1000_05_mr098_r10_194_uai_GDCC_1e-05_n200_roTrue_s0: Loading data from ../models/synthetic/s123/random_mc2_n6_mid3_d1000_05_mr098_r10_194.csv
2026-02-02 16:25:26,619|INFO|random_mc2_n5_mid3_d1000_05_mr098_r10_172_uai_GDCC_1e-05_n200_roTrue_s0: Loading model from ../models/synthetic/s123/random_mc2_n5_mid3_d1000_05_mr098_r10_172.uai
2026-02-02 16:25:26,636|INFO|random_mc2_n5_mid3_d1000_05_mr098_r10_172_uai_GDCC_1e-05_n200_roTrue_s0: Loading data from ../models/synthetic/s123/random_mc2_n5_mid3_d1000_05_mr098_r10_172.csv
2026-02-02 16:25:26,656|INFO|random_mc2_n5_mid3_d1000_05_mr098_r10_172_uai_GDCC_1e-05_n200_roTrue_s0: PNS(V2,V4) exact: (0.3028800000000001, 0.4415600000000001)
2026-02-02 16:25:26,689|INFO|random_mc2_n5_mid3_d1000_05_mr098_r10_170_uai_GDCC_1e-05_n200_roTrue_s0: Loading model from ../models/synthetic/s123/random_mc2_n5_mid3_d1000_05_mr098_r10_170.uai
2026-02-02 16:25:26,693|INFO|random_mc2_n6_mid3_d1000_05_mr098_r10_119_uai_GDCC_1e-05_n200_roFalse_s0: Loading model from ../models/synthetic/s123/random_mc2_n6_mid3_d1000_05_mr098_r10_119.uai
2026-02-02 16:25:26,710|INFO|random_mc2_n6_mid3_d1000_05_mr098_r10_133_uai_GDCC_1e-05_n200_roFalse_s0: Loading model from ../models/synthetic/s123/random_mc2_n6_mid3_d1000_05_mr098_r10_133.uai
2026-02-02 16:25:26,700|INFO|random_mc2_n5_mid3_d1000_05_mr098_r10_170_uai_GDCC_1e-05_n200_roTrue_s0: Loading data from ../models/synthetic/s123/random_mc2_n5_mid3_d1000_05_mr098_r10_170.csv
2026-02-02 16:25:26,706|INFO|random_mc2_n6_mid3_d1000_05_mr098_r10_119_uai_GDCC_1e-05_n200_roFalse_s0: Loading data from ../models/synthetic/s123/random_mc2_n6_mid3_d1000_05_mr098_r10_119.csv
2026-02-02 16:25:26,928|INFO|random_mc2_n6_mid3_d1000_05_mr098_r10_133_uai_GDCC_1e-05_n200_roFalse_s0: Loading data from ../models/synthetic/s123/random_mc2_n6_mid3_d1000_05_mr098_r10_133.csv
2026-02-02 16:25:29,453|INFO|random_mc2_n9_mid3_d1000_05_mr098_r10_118_uai_GDCC_1e-05_n200_roFalse_s0: Loading model from ../models/synthetic/s123/random_mc2_n9_mid3_d1000_05_mr098_r10_118.uai
2026-02-02 16:25:29,484|INFO|random_mc2_n9_mid3_d1000_05_mr098_r10_118_uai_GDCC_1e-05_n200_roFalse_s0: Loading data from ../models/synthetic/s123/random_mc2_n9_mid3_d1000_05_mr098_r10_118.csv
2026-02-02 16:25:30,280|INFO|random_mc2_n8_mid3_d1000_05_mr098_r10_121_uai_GDCC_1e-05_n200_roTrue_s0: Loading model from ../models/synthetic/s123/random_mc2_n8_mid3_d1000_05_mr098_r10_121.uai
2026-02-02 16:25:30,294|INFO|random_mc2_n8_mid3_d1000_05_mr098_r10_121_uai_GDCC_1e-05_n200_roTrue_s0: Loading data from ../models/synthetic/s123/random_mc2_n8_mid3_d1000_05_mr098_r10_121.csv
2026-02-02 16:25:36,873|INFO|random_mc2_n5_mid3_d1000_05_mr098_r10_175_uai_GDCC_1e-05_n200_roFalse_s0: Loading model from ../models/synthetic/s123/random_mc2_n5_mid3_d1000_05_mr098_r10_175.uai
2026-02-02 16:25:36,881|INFO|random_mc2_n5_mid3_d1000_05_mr098_r10_60_uai_GDCC_1e-05_n200_roFalse_s0: Loading model from ../models/synthetic/s123/random_mc2_n5_mid3_d1000_05_mr098_r10_60.uai
2026-02-02 16:25:36,886|INFO|random_mc2_n5_mid3_d1000_05_mr098_r10_81_uai_GDCC_1e-05_n200_roFalse_s0: Loading model from ../models/synthetic/s123/random_mc2_n5_mid3_d1000_05_mr098_r10_81.uai
2026-02-02 16:25:36,911|INFO|random_mc2_n5_mid3_d1000_05_mr098_r10_22_uai_GDCC_1e-05_n200_roFalse_s0: Loading model from ../models/synthetic/s123/random_mc2_n5_mid3_d1000_05_mr098_r10_22.uai
2026-02-02 16:25:36,890|INFO|random_mc2_n5_mid3_d1000_05_mr098_r10_175_uai_GDCC_1e-05_n200_roFalse_s0: Loading data from ../models/synthetic/s123/random_mc2_n5_mid3_d1000_05_mr098_r10_175.csv
2026-02-02 16:25:36,913|INFO|random_mc2_n8_mid3_d1000_05_mr098_r10_190_uai_GDCC_1e-05_n200_roTrue_s0: Loading model from ../models/synthetic/s123/random_mc2_n8_mid3_d1000_05_mr098_r10_190.uai
2026-02-02 16:25:36,906|INFO|random_mc2_n5_mid3_d1000_05_mr098_r10_175_uai_GDCC_1e-05_n200_roFalse_s0: PNS(V1,V3) exact: (0.1001090864, 0.4819853936000001)
2026-02-02 16:25:36,894|INFO|random_mc2_n5_mid3_d1000_05_mr098_r10_60_uai_GDCC_1e-05_n200_roFalse_s0: Loading data from ../models/synthetic/s123/random_mc2_n5_mid3_d1000_05_mr098_r10_60.csv
2026-02-02 16:25:36,900|INFO|random_mc2_n5_mid3_d1000_05_mr098_r10_81_uai_GDCC_1e-05_n200_roFalse_s0: Loading data from ../models/synthetic/s123/random_mc2_n5_mid3_d1000_05_mr098_r10_81.csv
2026-02-02 16:25:36,920|INFO|random_mc2_n5_mid3_d1000_05_mr098_r10_22_uai_GDCC_1e-05_n200_roFalse_s0: Loading data from ../models/synthetic/s123/random_mc2_n5_mid3_d1000_05_mr098_r10_22.csv
2026-02-02 16:25:36,932|INFO|random_mc2_n5_mid3_d1000_05_mr098_r10_22_uai_GDCC_1e-05_n200_roFalse_s0: PNS(V2,V3) exact: (0.01716, 0.07782)
2026-02-02 16:25:36,938|INFO|random_mc2_n8_mid3_d1000_05_mr098_r10_190_uai_GDCC_1e-05_n200_roTrue_s0: Loading data from ../models/synthetic/s123/random_mc2_n8_mid3_d1000_05_mr098_r10_190.csv
2026-02-02 16:25:37,039|INFO|random_mc2_n7_mid3_d1000_05_mr098_r10_159_uai_GDCC_1e-05_n200_roFalse_s0: Loading model from ../models/synthetic/s123/random_mc2_n7_mid3_d1000_05_mr098_r10_159.uai
2026-02-02 16:25:37,044|INFO|random_mc2_n6_mid3_d1000_05_mr098_r10_71_uai_GDCC_1e-05_n200_roTrue_s0: Loading model from ../models/synthetic/s123/random_mc2_n6_mid3_d1000_05_mr098_r10_71.uai
2026-02-02 16:25:37,056|INFO|random_mc2_n7_mid3_d1000_05_mr098_r10_159_uai_GDCC_1e-05_n200_roFalse_s0: Loading data from ../models/synthetic/s123/random_mc2_n7_mid3_d1000_05_mr098_r10_159.csv
2026-02-02 16:25:37,058|INFO|random_mc2_n6_mid3_d1000_05_mr098_r10_71_uai_GDCC_1e-05_n200_roTrue_s0: Loading data from ../models/synthetic/s123/random_mc2_n6_mid3_d1000_05_mr098_r10_71.csv
2026-02-02 16:25:37,073|INFO|random_mc2_n6_mid3_d1000_05_mr098_r10_71_uai_GDCC_1e-05_n200_roTrue_s0: PNS(V0,V3) exact: (0.5001600000000002, 0.6072)
2026-02-02 16:25:37,128|INFO|random_mc2_n8_mid3_d1000_05_mr098_r10_153_uai_GDCC_1e-05_n200_roTrue_s0: Loading model from ../models/synthetic/s123/random_mc2_n8_mid3_d1000_05_mr098_r10_153.uai
2026-02-02 16:25:37,155|INFO|random_mc2_n8_mid3_d1000_05_mr098_r10_153_uai_GDCC_1e-05_n200_roTrue_s0: Loading data from ../models/synthetic/s123/random_mc2_n8_mid3_d1000_05_mr098_r10_153.csv
2026-02-02 16:25:40,146|INFO|random_mc2_n7_mid3_d1000_05_mr098_r10_62_uai_GDCC_1e-05_n200_roTrue_s0: Loading model from ../models/synthetic/s123/random_mc2_n7_mid3_d1000_05_mr098_r10_62.uai
2026-02-02 16:25:40,187|INFO|random_mc2_n5_mid3_d1000_05_mr098_r10_77_uai_GDCC_1e-05_n200_roTrue_s0: Loading model from ../models/synthetic/s123/random_mc2_n5_mid3_d1000_05_mr098_r10_77.uai
2026-02-02 16:25:40,206|INFO|random_mc2_n5_mid3_d1000_05_mr098_r10_77_uai_GDCC_1e-05_n200_roTrue_s0: Loading data from ../models/synthetic/s123/random_mc2_n5_mid3_d1000_05_mr098_r10_77.csv
2026-02-02 16:25:40,222|INFO|random_mc2_n5_mid3_d1000_05_mr098_r10_77_uai_GDCC_1e-05_n200_roTrue_s0: PNS(V0,V4) exact: (0.0008196438446000002, 0.0193377889897999)
2026-02-02 16:25:40,258|INFO|random_mc2_n7_mid3_d1000_05_mr098_r10_62_uai_GDCC_1e-05_n200_roTrue_s0: Loading data from ../models/synthetic/s123/random_mc2_n7_mid3_d1000_05_mr098_r10_62.csv
2026-02-02 16:25:40,265|INFO|random_mc2_n6_mid3_d1000_05_mr098_r10_186_uai_GDCC_1e-05_n200_roFalse_s0: Loading model from ../models/synthetic/s123/random_mc2_n6_mid3_d1000_05_mr098_r10_186.uai
2026-02-02 16:25:40,296|INFO|random_mc2_n6_mid3_d1000_05_mr098_r10_186_uai_GDCC_1e-05_n200_roFalse_s0: Loading data from ../models/synthetic/s123/random_mc2_n6_mid3_d1000_05_mr098_r10_186.csv
2026-02-02 16:25:40,489|INFO|random_mc2_n7_mid3_d1000_05_mr098_r10_42_uai_GDCC_1e-05_n200_roFalse_s0: Loading model from ../models/synthetic/s123/random_mc2_n7_mid3_d1000_05_mr098_r10_42.uai
2026-02-02 16:25:40,505|INFO|random_mc2_n7_mid3_d1000_05_mr098_r10_42_uai_GDCC_1e-05_n200_roFalse_s0: Loading data from ../models/synthetic/s123/random_mc2_n7_mid3_d1000_05_mr098_r10_42.csv
2026-02-02 16:25:40,530|INFO|random_mc2_n7_mid3_d1000_05_mr098_r10_42_uai_GDCC_1e-05_n200_roFalse_s0: PNS(V0,V3) exact: (0.0, 0.0)
2026-02-02 16:25:40,530|ERROR|random_mc2_n7_mid3_d1000_05_mr098_r10_42_uai_GDCC_1e-05_n200_roFalse_s0: Model does not have any cause-effect path.
2026-02-02 16:25:40,984|INFO|random_mc2_n6_mid3_d1000_05_mr098_r10_8_uai_GDCC_1e-05_n200_roFalse_s0: Loading model from ../models/synthetic/s123/random_mc2_n6_mid3_d1000_05_mr098_r10_8.uai
2026-02-02 16:25:40,994|INFO|random_mc2_n6_mid3_d1000_05_mr098_r10_8_uai_GDCC_1e-05_n200_roFalse_s0: Loading data from ../models/synthetic/s123/random_mc2_n6_mid3_d1000_05_mr098_r10_8.csv
2026-02-02 16:25:41,011|INFO|random_mc2_n6_mid3_d1000_05_mr098_r10_8_uai_GDCC_1e-05_n200_roFalse_s0: PNS(V0,V3) exact: (0.0, 0.0)
2026-02-02 16:25:41,011|ERROR|random_mc2_n6_mid3_d1000_05_mr098_r10_8_uai_GDCC_1e-05_n200_roFalse_s0: Model does not have any cause-effect path.
2026-02-02 16:25:41,062|INFO|random_mc2_n7_mid3_d1000_05_mr098_r10_127_uai_GDCC_1e-05_n200_roFalse_s0: Loading model from ../models/synthetic/s123/random_mc2_n7_mid3_d1000_05_mr098_r10_127.uai
2026-02-02 16:25:41,082|INFO|random_mc2_n7_mid3_d1000_05_mr098_r10_127_uai_GDCC_1e-05_n200_roFalse_s0: Loading data from ../models/synthetic/s123/random_mc2_n7_mid3_d1000_05_mr098_r10_127.csv
2026-02-02 16:25:41,099|INFO|random_mc2_n7_mid3_d1000_05_mr098_r10_127_uai_GDCC_1e-05_n200_roFalse_s0: PNS(V4,V5) exact: (0.2021747419002779, 0.288697593484274)
2026-02-02 16:25:41,191|INFO|random_mc2_n9_mid3_d1000_05_mr098_r10_12_uai_GDCC_1e-05_n200_roFalse_s0: Loading model from ../models/synthetic/s123/random_mc2_n9_mid3_d1000_05_mr098_r10_12.uai
2026-02-02 16:25:41,214|INFO|random_mc2_n9_mid3_d1000_05_mr098_r10_12_uai_GDCC_1e-05_n200_roFalse_s0: Loading data from ../models/synthetic/s123/random_mc2_n9_mid3_d1000_05_mr098_r10_12.csv
2026-02-02 16:25:41,234|INFO|random_mc2_n9_mid3_d1000_05_mr098_r10_12_uai_GDCC_1e-05_n200_roFalse_s0: PNS(V5,V0) exact: (0.1261695765081492, 0.2521556712400733)
2026-02-02 16:25:42,764|INFO|random_mc2_n5_mid3_d1000_05_mr098_r10_15_uai_GDCC_1e-05_n200_roFalse_s0: Loading model from ../models/synthetic/s123/random_mc2_n5_mid3_d1000_05_mr098_r10_15.uai
2026-02-02 16:25:42,795|INFO|random_mc2_n5_mid3_d1000_05_mr098_r10_15_uai_GDCC_1e-05_n200_roFalse_s0: Loading data from ../models/synthetic/s123/random_mc2_n5_mid3_d1000_05_mr098_r10_15.csv
2026-02-02 16:25:42,823|INFO|random_mc2_n5_mid3_d1000_05_mr098_r10_15_uai_GDCC_1e-05_n200_roFalse_s0: PNS(V1,V2) exact: (0.190870353918592, 0.3460951275809139)
2026-02-02 16:25:43,372|INFO|random_mc2_n5_mid3_d1000_05_mr098_r10_156_uai_GDCC_1e-05_n200_roFalse_s0: Loading model from ../models/synthetic/s123/random_mc2_n5_mid3_d1000_05_mr098_r10_156.uai
2026-02-02 16:25:43,395|INFO|random_mc2_n7_mid3_d1000_05_mr098_r10_80_uai_GDCC_1e-05_n200_roFalse_s0: Loading model from ../models/synthetic/s123/random_mc2_n7_mid3_d1000_05_mr098_r10_80.uai
2026-02-02 16:25:43,383|INFO|random_mc2_n5_mid3_d1000_05_mr098_r10_156_uai_GDCC_1e-05_n200_roFalse_s0: Loading data from ../models/synthetic/s123/random_mc2_n5_mid3_d1000_05_mr098_r10_156.csv
2026-02-02 16:25:43,404|INFO|random_mc2_n5_mid3_d1000_05_mr098_r10_156_uai_GDCC_1e-05_n200_roFalse_s0: PNS(V0,V3) exact: (0.013315773, 0.1754779742999999)
2026-02-02 16:25:43,411|INFO|random_mc2_n7_mid3_d1000_05_mr098_r10_80_uai_GDCC_1e-05_n200_roFalse_s0: Loading data from ../models/synthetic/s123/random_mc2_n7_mid3_d1000_05_mr098_r10_80.csv
2026-02-02 16:25:43,420|INFO|random_mc2_n7_mid3_d1000_05_mr098_r10_80_uai_GDCC_1e-05_n200_roFalse_s0: PNS(V0,V6) exact: (0.03946968674409, 0.2126297216363641)
2026-02-02 16:25:44,491|INFO|random_mc2_n6_mid3_d1000_05_mr098_r10_80_uai_GDCC_1e-05_n200_roTrue_s0: Loading model from ../models/synthetic/s123/random_mc2_n6_mid3_d1000_05_mr098_r10_80.uai
2026-02-02 16:25:44,505|INFO|random_mc2_n6_mid3_d1000_05_mr098_r10_80_uai_GDCC_1e-05_n200_roTrue_s0: Loading data from ../models/synthetic/s123/random_mc2_n6_mid3_d1000_05_mr098_r10_80.csv
2026-02-02 16:25:44,568|INFO|random_mc2_n5_mid3_d1000_05_mr098_r10_56_uai_GDCC_1e-05_n200_roTrue_s0: Loading model from ../models/synthetic/s123/random_mc2_n5_mid3_d1000_05_mr098_r10_56.uai
2026-02-02 16:25:44,581|INFO|random_mc2_n5_mid3_d1000_05_mr098_r10_56_uai_GDCC_1e-05_n200_roTrue_s0: Loading data from ../models/synthetic/s123/random_mc2_n5_mid3_d1000_05_mr098_r10_56.csv
2026-02-02 16:25:44,602|INFO|random_mc2_n5_mid3_d1000_05_mr098_r10_56_uai_GDCC_1e-05_n200_roTrue_s0: PNS(V1,V4) exact: (0.0, 0.2134055570999999)
2026-02-02 16:25:44,633|INFO|random_mc2_n8_mid3_d1000_05_mr098_r10_2_uai_GDCC_1e-05_n200_roTrue_s0: Loading model from ../models/synthetic/s123/random_mc2_n8_mid3_d1000_05_mr098_r10_2.uai
2026-02-02 16:25:44,651|INFO|random_mc2_n6_mid3_d1000_05_mr098_r10_99_uai_GDCC_1e-05_n200_roFalse_s0: Loading model from ../models/synthetic/s123/random_mc2_n6_mid3_d1000_05_mr098_r10_99.uai
2026-02-02 16:25:44,656|INFO|random_mc2_n8_mid3_d1000_05_mr098_r10_2_uai_GDCC_1e-05_n200_roTrue_s0: Loading data from ../models/synthetic/s123/random_mc2_n8_mid3_d1000_05_mr098_r10_2.csv
2026-02-02 16:25:44,678|INFO|random_mc2_n8_mid3_d1000_05_mr098_r10_2_uai_GDCC_1e-05_n200_roTrue_s0: PNS(V1,V5) exact: (0.0, 0.0)
2026-02-02 16:25:44,678|ERROR|random_mc2_n8_mid3_d1000_05_mr098_r10_2_uai_GDCC_1e-05_n200_roTrue_s0: Model does not have any cause-effect path.
2026-02-02 16:25:44,659|INFO|random_mc2_n6_mid3_d1000_05_mr098_r10_99_uai_GDCC_1e-05_n200_roFalse_s0: Loading data from ../models/synthetic/s123/random_mc2_n6_mid3_d1000_05_mr098_r10_99.csv
2026-02-02 16:25:44,674|INFO|random_mc2_n6_mid3_d1000_05_mr098_r10_99_uai_GDCC_1e-05_n200_roFalse_s0: PNS(V0,V1) exact: (0.0, 0.0)
2026-02-02 16:25:44,675|ERROR|random_mc2_n6_mid3_d1000_05_mr098_r10_99_uai_GDCC_1e-05_n200_roFalse_s0: Model does not have any cause-effect path.
2026-02-02 16:25:48,327|INFO|random_mc2_n9_mid3_d1000_05_mr098_r10_160_uai_GDCC_1e-05_n200_roTrue_s0: Loading model from ../models/synthetic/s123/random_mc2_n9_mid3_d1000_05_mr098_r10_160.uai
2026-02-02 16:25:48,355|INFO|random_mc2_n9_mid3_d1000_05_mr098_r10_160_uai_GDCC_1e-05_n200_roTrue_s0: Loading data from ../models/synthetic/s123/random_mc2_n9_mid3_d1000_05_mr098_r10_160.csv
2026-02-02 16:25:48,395|INFO|random_mc2_n5_mid3_d1000_05_mr098_r10_176_uai_GDCC_1e-05_n200_roTrue_s0: Loading model from ../models/synthetic/s123/random_mc2_n5_mid3_d1000_05_mr098_r10_176.uai
2026-02-02 16:25:48,403|INFO|random_mc2_n5_mid3_d1000_05_mr098_r10_194_uai_GDCC_1e-05_n200_roTrue_s0: Loading model from ../models/synthetic/s123/random_mc2_n5_mid3_d1000_05_mr098_r10_194.uai
2026-02-02 16:25:48,408|INFO|random_mc2_n5_mid3_d1000_05_mr098_r10_176_uai_GDCC_1e-05_n200_roTrue_s0: Loading data from ../models/synthetic/s123/random_mc2_n5_mid3_d1000_05_mr098_r10_176.csv
2026-02-02 16:25:48,418|INFO|random_mc2_n5_mid3_d1000_05_mr098_r10_194_uai_GDCC_1e-05_n200_roTrue_s0: Loading data from ../models/synthetic/s123/random_mc2_n5_mid3_d1000_05_mr098_r10_194.csv
2026-02-02 16:25:48,432|INFO|random_mc2_n5_mid3_d1000_05_mr098_r10_194_uai_GDCC_1e-05_n200_roTrue_s0: PNS(V3,V2) exact: (0.01055616190497, 0.096865567581924)
2026-02-02 16:25:48,577|INFO|random_mc2_n9_mid3_d1000_05_mr098_r10_25_uai_GDCC_1e-05_n200_roFalse_s0: Loading model from ../models/synthetic/s123/random_mc2_n9_mid3_d1000_05_mr098_r10_25.uai
2026-02-02 16:25:48,803|INFO|random_mc2_n9_mid3_d1000_05_mr098_r10_25_uai_GDCC_1e-05_n200_roFalse_s0: Loading data from ../models/synthetic/s123/random_mc2_n9_mid3_d1000_05_mr098_r10_25.csv
2026-02-02 16:25:53,325|INFO|random_mc2_n5_mid3_d1000_05_mr098_r10_166_uai_GDCC_1e-05_n200_roTrue_s0: Loading model from ../models/synthetic/s123/random_mc2_n5_mid3_d1000_05_mr098_r10_166.uai
2026-02-02 16:25:53,356|INFO|random_mc2_n7_mid3_d1000_05_mr098_r10_62_uai_GDCC_1e-05_n200_roFalse_s0: Loading model from ../models/synthetic/s123/random_mc2_n7_mid3_d1000_05_mr098_r10_62.uai
2026-02-02 16:25:53,344|INFO|random_mc2_n5_mid3_d1000_05_mr098_r10_166_uai_GDCC_1e-05_n200_roTrue_s0: Loading data from ../models/synthetic/s123/random_mc2_n5_mid3_d1000_05_mr098_r10_166.csv
2026-02-02 16:25:53,458|INFO|random_mc2_n7_mid3_d1000_05_mr098_r10_62_uai_GDCC_1e-05_n200_roFalse_s0: Loading data from ../models/synthetic/s123/random_mc2_n7_mid3_d1000_05_mr098_r10_62.csv
2026-02-02 16:25:54,598|INFO|random_mc2_n5_mid3_d1000_05_mr098_r10_26_uai_GDCC_1e-05_n200_roFalse_s0: Loading model from ../models/synthetic/s123/random_mc2_n5_mid3_d1000_05_mr098_r10_26.uai
2026-02-02 16:25:54,603|INFO|random_mc2_n5_mid3_d1000_05_mr098_r10_26_uai_GDCC_1e-05_n200_roFalse_s0: Loading data from ../models/synthetic/s123/random_mc2_n5_mid3_d1000_05_mr098_r10_26.csv
2026-02-02 16:25:55,525|INFO|random_mc2_n9_mid3_d1000_05_mr098_r10_162_uai_GDCC_1e-05_n200_roTrue_s0: Loading model from ../models/synthetic/s123/random_mc2_n9_mid3_d1000_05_mr098_r10_162.uai
2026-02-02 16:25:55,964|INFO|random_mc2_n9_mid3_d1000_05_mr098_r10_162_uai_GDCC_1e-05_n200_roTrue_s0: Loading data from ../models/synthetic/s123/random_mc2_n9_mid3_d1000_05_mr098_r10_162.csv
2026-02-02 16:25:56,055|INFO|random_mc2_n9_mid3_d1000_05_mr098_r10_176_uai_GDCC_1e-05_n200_roFalse_s0: Loading model from ../models/synthetic/s123/random_mc2_n9_mid3_d1000_05_mr098_r10_176.uai
2026-02-02 16:25:56,093|INFO|random_mc2_n9_mid3_d1000_05_mr098_r10_192_uai_GDCC_1e-05_n200_roFalse_s0: Loading model from ../models/synthetic/s123/random_mc2_n9_mid3_d1000_05_mr098_r10_192.uai
2026-02-02 16:25:56,079|INFO|random_mc2_n9_mid3_d1000_05_mr098_r10_176_uai_GDCC_1e-05_n200_roFalse_s0: Loading data from ../models/synthetic/s123/random_mc2_n9_mid3_d1000_05_mr098_r10_176.csv
2026-02-02 16:25:56,097|INFO|random_mc2_n7_mid3_d1000_05_mr098_r10_81_uai_GDCC_1e-05_n200_roFalse_s0: Loading model from ../models/synthetic/s123/random_mc2_n7_mid3_d1000_05_mr098_r10_81.uai
2026-02-02 16:25:56,108|INFO|random_mc2_n7_mid3_d1000_05_mr098_r10_145_uai_GDCC_1e-05_n200_roFalse_s0: Loading model from ../models/synthetic/s123/random_mc2_n7_mid3_d1000_05_mr098_r10_145.uai
2026-02-02 16:25:56,117|INFO|random_mc2_n7_mid3_d1000_05_mr098_r10_81_uai_GDCC_1e-05_n200_roFalse_s0: Loading data from ../models/synthetic/s123/random_mc2_n7_mid3_d1000_05_mr098_r10_81.csv
2026-02-02 16:25:56,129|INFO|random_mc2_n7_mid3_d1000_05_mr098_r10_81_uai_GDCC_1e-05_n200_roFalse_s0: PNS(V4,V5) exact: (4.627372247959759e-07, 0.1171699848954117)
2026-02-02 16:25:56,124|INFO|random_mc2_n7_mid3_d1000_05_mr098_r10_145_uai_GDCC_1e-05_n200_roFalse_s0: Loading data from ../models/synthetic/s123/random_mc2_n7_mid3_d1000_05_mr098_r10_145.csv
2026-02-02 16:25:56,138|INFO|random_mc2_n7_mid3_d1000_05_mr098_r10_145_uai_GDCC_1e-05_n200_roFalse_s0: PNS(V2,V5) exact: (0.024162408524618, 0.062781303718492)
2026-02-02 16:25:56,160|INFO|random_mc2_n9_mid3_d1000_05_mr098_r10_192_uai_GDCC_1e-05_n200_roFalse_s0: Loading data from ../models/synthetic/s123/random_mc2_n9_mid3_d1000_05_mr098_r10_192.csv
2026-02-02 16:25:56,278|INFO|random_mc2_n6_mid3_d1000_05_mr098_r10_195_uai_GDCC_1e-05_n200_roTrue_s0: Loading model from ../models/synthetic/s123/random_mc2_n6_mid3_d1000_05_mr098_r10_195.uai
2026-02-02 16:25:56,285|INFO|random_mc2_n7_mid3_d1000_05_mr098_r10_95_uai_GDCC_1e-05_n200_roTrue_s0: Loading model from ../models/synthetic/s123/random_mc2_n7_mid3_d1000_05_mr098_r10_95.uai
2026-02-02 16:25:56,290|INFO|random_mc2_n6_mid3_d1000_05_mr098_r10_195_uai_GDCC_1e-05_n200_roTrue_s0: Loading data from ../models/synthetic/s123/random_mc2_n6_mid3_d1000_05_mr098_r10_195.csv
2026-02-02 16:25:56,306|INFO|random_mc2_n6_mid3_d1000_05_mr098_r10_195_uai_GDCC_1e-05_n200_roTrue_s0: PNS(V1,V5) exact: (0.3611165594, 0.4092761430999999)
2026-02-02 16:25:56,298|INFO|random_mc2_n7_mid3_d1000_05_mr098_r10_95_uai_GDCC_1e-05_n200_roTrue_s0: Loading data from ../models/synthetic/s123/random_mc2_n7_mid3_d1000_05_mr098_r10_95.csv
2026-02-02 16:25:56,313|INFO|random_mc2_n7_mid3_d1000_05_mr098_r10_95_uai_GDCC_1e-05_n200_roTrue_s0: PNS(V0,V3) exact: (0.0119746197391619, 0.3426762898101421)
2026-02-02 16:25:56,349|INFO|random_mc2_n9_mid3_d1000_05_mr098_r10_91_uai_GDCC_1e-05_n200_roTrue_s0: Loading model from ../models/synthetic/s123/random_mc2_n9_mid3_d1000_05_mr098_r10_91.uai
2026-02-02 16:25:56,354|INFO|random_mc2_n5_mid3_d1000_05_mr098_r10_10_uai_GDCC_1e-05_n200_roTrue_s0: Loading model from ../models/synthetic/s123/random_mc2_n5_mid3_d1000_05_mr098_r10_10.uai
2026-02-02 16:25:56,371|INFO|random_mc2_n9_mid3_d1000_05_mr098_r10_91_uai_GDCC_1e-05_n200_roTrue_s0: Loading data from ../models/synthetic/s123/random_mc2_n9_mid3_d1000_05_mr098_r10_91.csv
2026-02-02 16:25:56,387|INFO|random_mc2_n9_mid3_d1000_05_mr098_r10_91_uai_GDCC_1e-05_n200_roTrue_s0: PNS(V2,V3) exact: (0.8057637300690249, 0.8686928265038563)
2026-02-02 16:25:56,373|INFO|random_mc2_n5_mid3_d1000_05_mr098_r10_10_uai_GDCC_1e-05_n200_roTrue_s0: Loading data from ../models/synthetic/s123/random_mc2_n5_mid3_d1000_05_mr098_r10_10.csv
2026-02-02 16:25:56,574|INFO|random_mc2_n5_mid3_d1000_05_mr098_r10_104_uai_GDCC_1e-05_n200_roTrue_s0: Loading model from ../models/synthetic/s123/random_mc2_n5_mid3_d1000_05_mr098_r10_104.uai
2026-02-02 16:25:56,600|INFO|random_mc2_n5_mid3_d1000_05_mr098_r10_104_uai_GDCC_1e-05_n200_roTrue_s0: Loading data from ../models/synthetic/s123/random_mc2_n5_mid3_d1000_05_mr098_r10_104.csv
2026-02-02 16:25:56,622|INFO|random_mc2_n5_mid3_d1000_05_mr098_r10_104_uai_GDCC_1e-05_n200_roTrue_s0: PNS(V3,V4) exact: (0.12079, 0.5248300000000001)
2026-02-02 16:25:56,646|INFO|random_mc2_n7_mid3_d1000_05_mr098_r10_29_uai_GDCC_1e-05_n200_roFalse_s0: Loading model from ../models/synthetic/s123/random_mc2_n7_mid3_d1000_05_mr098_r10_29.uai
2026-02-02 16:25:56,669|INFO|random_mc2_n7_mid3_d1000_05_mr098_r10_29_uai_GDCC_1e-05_n200_roFalse_s0: Loading data from ../models/synthetic/s123/random_mc2_n7_mid3_d1000_05_mr098_r10_29.csv
2026-02-02 16:25:56,693|INFO|random_mc2_n9_mid3_d1000_05_mr098_r10_184_uai_GDCC_1e-05_n200_roTrue_s0: Loading model from ../models/synthetic/s123/random_mc2_n9_mid3_d1000_05_mr098_r10_184.uai
2026-02-02 16:25:56,714|INFO|random_mc2_n9_mid3_d1000_05_mr098_r10_184_uai_GDCC_1e-05_n200_roTrue_s0: Loading data from ../models/synthetic/s123/random_mc2_n9_mid3_d1000_05_mr098_r10_184.csv
2026-02-02 16:25:56,853|INFO|random_mc2_n6_mid3_d1000_05_mr098_r10_79_uai_GDCC_1e-05_n200_roFalse_s0: Loading model from ../models/synthetic/s123/random_mc2_n6_mid3_d1000_05_mr098_r10_79.uai
2026-02-02 16:25:56,865|INFO|random_mc2_n6_mid3_d1000_05_mr098_r10_79_uai_GDCC_1e-05_n200_roFalse_s0: Loading data from ../models/synthetic/s123/random_mc2_n6_mid3_d1000_05_mr098_r10_79.csv
2026-02-02 16:25:56,881|INFO|random_mc2_n6_mid3_d1000_05_mr098_r10_79_uai_GDCC_1e-05_n200_roFalse_s0: PNS(V3,V5) exact: (0.3677803281, 0.4747158748)
2026-02-02 16:25:57,025|INFO|random_mc2_n5_mid3_d1000_05_mr098_r10_111_uai_GDCC_1e-05_n200_roFalse_s0: Loading model from ../models/synthetic/s123/random_mc2_n5_mid3_d1000_05_mr098_r10_111.uai
2026-02-02 16:25:57,038|INFO|random_mc2_n5_mid3_d1000_05_mr098_r10_111_uai_GDCC_1e-05_n200_roFalse_s0: Loading data from ../models/synthetic/s123/random_mc2_n5_mid3_d1000_05_mr098_r10_111.csv
2026-02-02 16:25:57,185|INFO|random_mc2_n7_mid3_d1000_05_mr098_r10_47_uai_GDCC_1e-05_n200_roFalse_s0: Loading model from ../models/synthetic/s123/random_mc2_n7_mid3_d1000_05_mr098_r10_47.uai
2026-02-02 16:25:57,200|INFO|random_mc2_n7_mid3_d1000_05_mr098_r10_47_uai_GDCC_1e-05_n200_roFalse_s0: Loading data from ../models/synthetic/s123/random_mc2_n7_mid3_d1000_05_mr098_r10_47.csv
2026-02-02 16:25:57,218|INFO|random_mc2_n7_mid3_d1000_05_mr098_r10_47_uai_GDCC_1e-05_n200_roFalse_s0: PNS(V3,V6) exact: (0.1989106159359959, 0.311362706666494)
2026-02-02 16:25:57,266|INFO|random_mc2_n5_mid3_d1000_05_mr098_r10_164_uai_GDCC_1e-05_n200_roFalse_s0: Loading model from ../models/synthetic/s123/random_mc2_n5_mid3_d1000_05_mr098_r10_164.uai
2026-02-02 16:25:57,285|INFO|random_mc2_n7_mid3_d1000_05_mr098_r10_195_uai_GDCC_1e-05_n200_roFalse_s0: Loading model from ../models/synthetic/s123/random_mc2_n7_mid3_d1000_05_mr098_r10_195.uai
2026-02-02 16:25:57,277|INFO|random_mc2_n5_mid3_d1000_05_mr098_r10_164_uai_GDCC_1e-05_n200_roFalse_s0: Loading data from ../models/synthetic/s123/random_mc2_n5_mid3_d1000_05_mr098_r10_164.csv
2026-02-02 16:25:57,306|INFO|random_mc2_n7_mid3_d1000_05_mr098_r10_195_uai_GDCC_1e-05_n200_roFalse_s0: Loading data from ../models/synthetic/s123/random_mc2_n7_mid3_d1000_05_mr098_r10_195.csv
2026-02-02 16:25:57,377|INFO|random_mc2_n5_mid3_d1000_05_mr098_r10_74_uai_GDCC_1e-05_n200_roFalse_s0: Loading model from ../models/synthetic/s123/random_mc2_n5_mid3_d1000_05_mr098_r10_74.uai
2026-02-02 16:25:57,394|INFO|random_mc2_n5_mid3_d1000_05_mr098_r10_74_uai_GDCC_1e-05_n200_roFalse_s0: Loading data from ../models/synthetic/s123/random_mc2_n5_mid3_d1000_05_mr098_r10_74.csv
2026-02-02 16:25:57,411|INFO|random_mc2_n5_mid3_d1000_05_mr098_r10_74_uai_GDCC_1e-05_n200_roFalse_s0: PNS(V1,V3) exact: (0.242259660626, 0.50518708548)
2026-02-02 16:25:58,669|INFO|random_mc2_n5_mid3_d1000_05_mr098_r10_34_uai_GDCC_1e-05_n200_roFalse_s0: Loading model from ../models/synthetic/s123/random_mc2_n5_mid3_d1000_05_mr098_r10_34.uai
2026-02-02 16:25:58,693|INFO|random_mc2_n5_mid3_d1000_05_mr098_r10_34_uai_GDCC_1e-05_n200_roFalse_s0: Loading data from ../models/synthetic/s123/random_mc2_n5_mid3_d1000_05_mr098_r10_34.csv
2026-02-02 16:25:58,713|INFO|random_mc2_n5_mid3_d1000_05_mr098_r10_34_uai_GDCC_1e-05_n200_roFalse_s0: PNS(V0,V3) exact: (0.41137714, 0.41137714)
2026-02-02 16:25:58,780|INFO|random_mc2_n8_mid3_d1000_05_mr098_r10_16_uai_GDCC_1e-05_n200_roTrue_s0: Loading model from ../models/synthetic/s123/random_mc2_n8_mid3_d1000_05_mr098_r10_16.uai
2026-02-02 16:25:58,795|INFO|random_mc2_n8_mid3_d1000_05_mr098_r10_118_uai_GDCC_1e-05_n200_roTrue_s0: Loading model from ../models/synthetic/s123/random_mc2_n8_mid3_d1000_05_mr098_r10_118.uai
2026-02-02 16:25:58,801|INFO|random_mc2_n6_mid3_d1000_05_mr098_r10_153_uai_GDCC_1e-05_n200_roFalse_s0: Loading model from ../models/synthetic/s123/random_mc2_n6_mid3_d1000_05_mr098_r10_153.uai
2026-02-02 16:25:58,794|INFO|random_mc2_n8_mid3_d1000_05_mr098_r10_16_uai_GDCC_1e-05_n200_roTrue_s0: Loading data from ../models/synthetic/s123/random_mc2_n8_mid3_d1000_05_mr098_r10_16.csv
2026-02-02 16:25:58,813|INFO|random_mc2_n8_mid3_d1000_05_mr098_r10_16_uai_GDCC_1e-05_n200_roTrue_s0: PNS(V4,V3) exact: (0.6700026795146372, 0.6700026795146372)
2026-02-02 16:25:58,837|INFO|random_mc2_n7_mid3_d1000_05_mr098_r10_19_uai_GDCC_1e-05_n200_roTrue_s0: Loading model from ../models/synthetic/s123/random_mc2_n7_mid3_d1000_05_mr098_r10_19.uai
2026-02-02 16:25:58,816|INFO|random_mc2_n6_mid3_d1000_05_mr098_r10_153_uai_GDCC_1e-05_n200_roFalse_s0: Loading data from ../models/synthetic/s123/random_mc2_n6_mid3_d1000_05_mr098_r10_153.csv
2026-02-02 16:25:58,856|INFO|random_mc2_n7_mid3_d1000_05_mr098_r10_19_uai_GDCC_1e-05_n200_roTrue_s0: Loading data from ../models/synthetic/s123/random_mc2_n7_mid3_d1000_05_mr098_r10_19.csv
2026-02-02 16:25:59,029|INFO|random_mc2_n8_mid3_d1000_05_mr098_r10_118_uai_GDCC_1e-05_n200_roTrue_s0: Loading data from ../models/synthetic/s123/random_mc2_n8_mid3_d1000_05_mr098_r10_118.csv
2026-02-02 16:26:05,476|INFO|random_mc2_n8_mid3_d1000_05_mr098_r10_76_uai_GDCC_1e-05_n200_roFalse_s0: Loading model from ../models/synthetic/s123/random_mc2_n8_mid3_d1000_05_mr098_r10_76.uai
2026-02-02 16:26:05,486|INFO|random_mc2_n8_mid3_d1000_05_mr098_r10_76_uai_GDCC_1e-05_n200_roFalse_s0: Loading data from ../models/synthetic/s123/random_mc2_n8_mid3_d1000_05_mr098_r10_76.csv
2026-02-02 16:26:05,498|INFO|random_mc2_n8_mid3_d1000_05_mr098_r10_76_uai_GDCC_1e-05_n200_roFalse_s0: PNS(V5,V4) exact: (0.400195964582856, 0.4868895953108599)
2026-02-02 16:26:08,478|INFO|random_mc2_n5_mid3_d1000_05_mr098_r10_186_uai_GDCC_1e-05_n200_roTrue_s0: Loading model from ../models/synthetic/s123/random_mc2_n5_mid3_d1000_05_mr098_r10_186.uai
2026-02-02 16:26:08,481|INFO|random_mc2_n6_mid3_d1000_05_mr098_r10_109_uai_GDCC_1e-05_n200_roFalse_s0: Loading model from ../models/synthetic/s123/random_mc2_n6_mid3_d1000_05_mr098_r10_109.uai
2026-02-02 16:26:08,510|INFO|random_mc2_n5_mid3_d1000_05_mr098_r10_117_uai_GDCC_1e-05_n200_roTrue_s0: Loading model from ../models/synthetic/s123/random_mc2_n5_mid3_d1000_05_mr098_r10_117.uai
2026-02-02 16:26:08,499|INFO|random_mc2_n5_mid3_d1000_05_mr098_r10_186_uai_GDCC_1e-05_n200_roTrue_s0: Loading data from ../models/synthetic/s123/random_mc2_n5_mid3_d1000_05_mr098_r10_186.csv
2026-02-02 16:26:08,522|INFO|random_mc2_n5_mid3_d1000_05_mr098_r10_186_uai_GDCC_1e-05_n200_roTrue_s0: PNS(V3,V1) exact: (0.68198788120285, 0.68198788120285)
2026-02-02 16:26:08,544|INFO|random_mc2_n5_mid3_d1000_05_mr098_r10_102_uai_GDCC_1e-05_n200_roFalse_s0: Loading model from ../models/synthetic/s123/random_mc2_n5_mid3_d1000_05_mr098_r10_102.uai
2026-02-02 16:26:08,519|INFO|random_mc2_n5_mid3_d1000_05_mr098_r10_117_uai_GDCC_1e-05_n200_roTrue_s0: Loading data from ../models/synthetic/s123/random_mc2_n5_mid3_d1000_05_mr098_r10_117.csv
2026-02-02 16:26:08,577|INFO|random_mc2_n6_mid3_d1000_05_mr098_r10_181_uai_GDCC_1e-05_n200_roTrue_s0: Loading model from ../models/synthetic/s123/random_mc2_n6_mid3_d1000_05_mr098_r10_181.uai
2026-02-02 16:26:08,558|INFO|random_mc2_n5_mid3_d1000_05_mr098_r10_102_uai_GDCC_1e-05_n200_roFalse_s0: Loading data from ../models/synthetic/s123/random_mc2_n5_mid3_d1000_05_mr098_r10_102.csv
2026-02-02 16:26:08,577|INFO|random_mc2_n5_mid3_d1000_05_mr098_r10_102_uai_GDCC_1e-05_n200_roFalse_s0: PNS(V3,V0) exact: (0.2629687949824, 0.477036655678528)
2026-02-02 16:26:08,591|INFO|random_mc2_n6_mid3_d1000_05_mr098_r10_19_uai_GDCC_1e-05_n200_roTrue_s0: Loading model from ../models/synthetic/s123/random_mc2_n6_mid3_d1000_05_mr098_r10_19.uai
2026-02-02 16:26:08,597|INFO|random_mc2_n6_mid3_d1000_05_mr098_r10_116_uai_GDCC_1e-05_n200_roFalse_s0: Loading model from ../models/synthetic/s123/random_mc2_n6_mid3_d1000_05_mr098_r10_116.uai
2026-02-02 16:26:08,612|INFO|random_mc2_n5_mid3_d1000_05_mr098_r10_165_uai_GDCC_1e-05_n200_roTrue_s0: Loading model from ../models/synthetic/s123/random_mc2_n5_mid3_d1000_05_mr098_r10_165.uai
2026-02-02 16:26:08,595|INFO|random_mc2_n6_mid3_d1000_05_mr098_r10_181_uai_GDCC_1e-05_n200_roTrue_s0: Loading data from ../models/synthetic/s123/random_mc2_n6_mid3_d1000_05_mr098_r10_181.csv
2026-02-02 16:26:08,611|INFO|random_mc2_n6_mid3_d1000_05_mr098_r10_116_uai_GDCC_1e-05_n200_roFalse_s0: Loading data from ../models/synthetic/s123/random_mc2_n6_mid3_d1000_05_mr098_r10_116.csv
2026-02-02 16:26:08,626|INFO|random_mc2_n6_mid3_d1000_05_mr098_r10_116_uai_GDCC_1e-05_n200_roFalse_s0: PNS(V5,V1) exact: (0.0050404107, 0.1627079522999999)
2026-02-02 16:26:08,624|INFO|random_mc2_n5_mid3_d1000_05_mr098_r10_165_uai_GDCC_1e-05_n200_roTrue_s0: Loading data from ../models/synthetic/s123/random_mc2_n5_mid3_d1000_05_mr098_r10_165.csv
2026-02-02 16:26:08,639|INFO|random_mc2_n5_mid3_d1000_05_mr098_r10_165_uai_GDCC_1e-05_n200_roTrue_s0: PNS(V1,V2) exact: (0.93297, 0.93333)
2026-02-02 16:26:08,698|INFO|random_mc2_n6_mid3_d1000_05_mr098_r10_109_uai_GDCC_1e-05_n200_roFalse_s0: Loading data from ../models/synthetic/s123/random_mc2_n6_mid3_d1000_05_mr098_r10_109.csv
2026-02-02 16:26:08,797|INFO|random_mc2_n9_mid3_d1000_05_mr098_r10_11_uai_GDCC_1e-05_n200_roFalse_s0: Loading model from ../models/synthetic/s123/random_mc2_n9_mid3_d1000_05_mr098_r10_11.uai
2026-02-02 16:26:08,828|INFO|random_mc2_n6_mid3_d1000_05_mr098_r10_19_uai_GDCC_1e-05_n200_roTrue_s0: Loading data from ../models/synthetic/s123/random_mc2_n6_mid3_d1000_05_mr098_r10_19.csv
2026-02-02 16:26:08,826|INFO|random_mc2_n9_mid3_d1000_05_mr098_r10_11_uai_GDCC_1e-05_n200_roFalse_s0: Loading data from ../models/synthetic/s123/random_mc2_n9_mid3_d1000_05_mr098_r10_11.csv
2026-02-02 16:26:08,850|INFO|random_mc2_n9_mid3_d1000_05_mr098_r10_192_uai_GDCC_1e-05_n200_roTrue_s0: Loading model from ../models/synthetic/s123/random_mc2_n9_mid3_d1000_05_mr098_r10_192.uai
2026-02-02 16:26:08,922|INFO|random_mc2_n9_mid3_d1000_05_mr098_r10_192_uai_GDCC_1e-05_n200_roTrue_s0: Loading data from ../models/synthetic/s123/random_mc2_n9_mid3_d1000_05_mr098_r10_192.csv
2026-02-02 16:26:09,024|INFO|random_mc2_n7_mid3_d1000_05_mr098_r10_53_uai_GDCC_1e-05_n200_roFalse_s0: Loading model from ../models/synthetic/s123/random_mc2_n7_mid3_d1000_05_mr098_r10_53.uai
2026-02-02 16:26:09,046|INFO|random_mc2_n7_mid3_d1000_05_mr098_r10_53_uai_GDCC_1e-05_n200_roFalse_s0: Loading data from ../models/synthetic/s123/random_mc2_n7_mid3_d1000_05_mr098_r10_53.csv
2026-02-02 16:26:09,091|INFO|random_mc2_n9_mid3_d1000_05_mr098_r10_126_uai_GDCC_1e-05_n200_roFalse_s0: Loading model from ../models/synthetic/s123/random_mc2_n9_mid3_d1000_05_mr098_r10_126.uai
2026-02-02 16:26:09,116|INFO|random_mc2_n9_mid3_d1000_05_mr098_r10_126_uai_GDCC_1e-05_n200_roFalse_s0: Loading data from ../models/synthetic/s123/random_mc2_n9_mid3_d1000_05_mr098_r10_126.csv
2026-02-02 16:26:09,259|INFO|random_mc2_n8_mid3_d1000_05_mr098_r10_159_uai_GDCC_1e-05_n200_roFalse_s0: Loading model from ../models/synthetic/s123/random_mc2_n8_mid3_d1000_05_mr098_r10_159.uai
2026-02-02 16:26:09,277|INFO|random_mc2_n8_mid3_d1000_05_mr098_r10_159_uai_GDCC_1e-05_n200_roFalse_s0: Loading data from ../models/synthetic/s123/random_mc2_n8_mid3_d1000_05_mr098_r10_159.csv
2026-02-02 16:26:09,667|INFO|random_mc2_n9_mid3_d1000_05_mr098_r10_29_uai_GDCC_1e-05_n200_roFalse_s0: Loading model from ../models/synthetic/s123/random_mc2_n9_mid3_d1000_05_mr098_r10_29.uai
2026-02-02 16:26:09,669|INFO|random_mc2_n5_mid3_d1000_05_mr098_r10_152_uai_GDCC_1e-05_n200_roTrue_s0: Loading model from ../models/synthetic/s123/random_mc2_n5_mid3_d1000_05_mr098_r10_152.uai
2026-02-02 16:26:09,692|INFO|random_mc2_n9_mid3_d1000_05_mr098_r10_29_uai_GDCC_1e-05_n200_roFalse_s0: Loading data from ../models/synthetic/s123/random_mc2_n9_mid3_d1000_05_mr098_r10_29.csv
2026-02-02 16:26:09,683|INFO|random_mc2_n5_mid3_d1000_05_mr098_r10_152_uai_GDCC_1e-05_n200_roTrue_s0: Loading data from ../models/synthetic/s123/random_mc2_n5_mid3_d1000_05_mr098_r10_152.csv
2026-02-02 16:26:09,718|INFO|random_mc2_n6_mid3_d1000_05_mr098_r10_193_uai_GDCC_1e-05_n200_roTrue_s0: Loading model from ../models/synthetic/s123/random_mc2_n6_mid3_d1000_05_mr098_r10_193.uai
2026-02-02 16:26:09,736|INFO|random_mc2_n6_mid3_d1000_05_mr098_r10_94_uai_GDCC_1e-05_n200_roTrue_s0: Loading model from ../models/synthetic/s123/random_mc2_n6_mid3_d1000_05_mr098_r10_94.uai
2026-02-02 16:26:09,732|INFO|random_mc2_n6_mid3_d1000_05_mr098_r10_193_uai_GDCC_1e-05_n200_roTrue_s0: Loading data from ../models/synthetic/s123/random_mc2_n6_mid3_d1000_05_mr098_r10_193.csv
2026-02-02 16:26:09,748|INFO|random_mc2_n6_mid3_d1000_05_mr098_r10_193_uai_GDCC_1e-05_n200_roTrue_s0: PNS(V0,V4) exact: (0.0, 0.238593816)
2026-02-02 16:26:09,761|INFO|random_mc2_n6_mid3_d1000_05_mr098_r10_94_uai_GDCC_1e-05_n200_roTrue_s0: Loading data from ../models/synthetic/s123/random_mc2_n6_mid3_d1000_05_mr098_r10_94.csv
2026-02-02 16:26:09,782|INFO|random_mc2_n6_mid3_d1000_05_mr098_r10_94_uai_GDCC_1e-05_n200_roTrue_s0: PNS(V0,V5) exact: (0.0335349828721959, 0.1506232608719497)
2026-02-02 16:26:12,391|INFO|random_mc2_n6_mid3_d1000_05_mr098_r10_112_uai_GDCC_1e-05_n200_roFalse_s0: Loading model from ../models/synthetic/s123/random_mc2_n6_mid3_d1000_05_mr098_r10_112.uai
2026-02-02 16:26:12,420|INFO|random_mc2_n6_mid3_d1000_05_mr098_r10_190_uai_GDCC_1e-05_n200_roFalse_s0: Loading model from ../models/synthetic/s123/random_mc2_n6_mid3_d1000_05_mr098_r10_190.uai
2026-02-02 16:26:12,407|INFO|random_mc2_n6_mid3_d1000_05_mr098_r10_112_uai_GDCC_1e-05_n200_roFalse_s0: Loading data from ../models/synthetic/s123/random_mc2_n6_mid3_d1000_05_mr098_r10_112.csv
2026-02-02 16:26:12,455|INFO|random_mc2_n6_mid3_d1000_05_mr098_r10_28_uai_GDCC_1e-05_n200_roTrue_s0: Loading model from ../models/synthetic/s123/random_mc2_n6_mid3_d1000_05_mr098_r10_28.uai
2026-02-02 16:26:12,433|INFO|random_mc2_n6_mid3_d1000_05_mr098_r10_190_uai_GDCC_1e-05_n200_roFalse_s0: Loading data from ../models/synthetic/s123/random_mc2_n6_mid3_d1000_05_mr098_r10_190.csv
2026-02-02 16:26:12,449|INFO|random_mc2_n6_mid3_d1000_05_mr098_r10_190_uai_GDCC_1e-05_n200_roFalse_s0: PNS(V1,V3) exact: (0.6666155524875482, 0.789958677372704)
2026-02-02 16:26:12,468|INFO|random_mc2_n6_mid3_d1000_05_mr098_r10_28_uai_GDCC_1e-05_n200_roTrue_s0: Loading data from ../models/synthetic/s123/random_mc2_n6_mid3_d1000_05_mr098_r10_28.csv
2026-02-02 16:26:12,482|INFO|random_mc2_n6_mid3_d1000_05_mr098_r10_28_uai_GDCC_1e-05_n200_roTrue_s0: PNS(V3,V2) exact: (0.36156, 0.53922)
2026-02-02 16:26:12,545|INFO|random_mc2_n5_mid3_d1000_05_mr098_r10_122_uai_GDCC_1e-05_n200_roTrue_s0: Loading model from ../models/synthetic/s123/random_mc2_n5_mid3_d1000_05_mr098_r10_122.uai
2026-02-02 16:26:12,551|INFO|random_mc2_n5_mid3_d1000_05_mr098_r10_122_uai_GDCC_1e-05_n200_roTrue_s0: Loading data from ../models/synthetic/s123/random_mc2_n5_mid3_d1000_05_mr098_r10_122.csv
2026-02-02 16:26:12,561|INFO|random_mc2_n5_mid3_d1000_05_mr098_r10_122_uai_GDCC_1e-05_n200_roTrue_s0: PNS(V0,V3) exact: (0.0, 0.30162)
2026-02-02 16:26:16,867|INFO|random_mc2_n8_mid3_d1000_05_mr098_r10_146_uai_GDCC_1e-05_n200_roFalse_s0: Loading model from ../models/synthetic/s123/random_mc2_n8_mid3_d1000_05_mr098_r10_146.uai
2026-02-02 16:26:16,883|INFO|random_mc2_n8_mid3_d1000_05_mr098_r10_146_uai_GDCC_1e-05_n200_roFalse_s0: Loading data from ../models/synthetic/s123/random_mc2_n8_mid3_d1000_05_mr098_r10_146.csv
2026-02-02 16:26:16,972|INFO|random_mc2_n5_mid3_d1000_05_mr098_r10_4_uai_GDCC_1e-05_n200_roTrue_s0: Loading model from ../models/synthetic/s123/random_mc2_n5_mid3_d1000_05_mr098_r10_4.uai
2026-02-02 16:26:16,997|INFO|random_mc2_n6_mid3_d1000_05_mr098_r10_127_uai_GDCC_1e-05_n200_roFalse_s0: Loading model from ../models/synthetic/s123/random_mc2_n6_mid3_d1000_05_mr098_r10_127.uai
2026-02-02 16:26:16,984|INFO|random_mc2_n5_mid3_d1000_05_mr098_r10_4_uai_GDCC_1e-05_n200_roTrue_s0: Loading data from ../models/synthetic/s123/random_mc2_n5_mid3_d1000_05_mr098_r10_4.csv
2026-02-02 16:26:16,999|INFO|random_mc2_n5_mid3_d1000_05_mr098_r10_4_uai_GDCC_1e-05_n200_roTrue_s0: PNS(V1,V3) exact: (0.008115440172339, 0.040113058343352)
2026-02-02 16:26:17,004|INFO|random_mc2_n6_mid3_d1000_05_mr098_r10_127_uai_GDCC_1e-05_n200_roFalse_s0: Loading data from ../models/synthetic/s123/random_mc2_n6_mid3_d1000_05_mr098_r10_127.csv
2026-02-02 16:26:17,134|INFO|random_mc2_n5_mid3_d1000_05_mr098_r10_38_uai_GDCC_1e-05_n200_roTrue_s0: Loading model from ../models/synthetic/s123/random_mc2_n5_mid3_d1000_05_mr098_r10_38.uai
2026-02-02 16:26:17,145|INFO|random_mc2_n5_mid3_d1000_05_mr098_r10_38_uai_GDCC_1e-05_n200_roTrue_s0: Loading data from ../models/synthetic/s123/random_mc2_n5_mid3_d1000_05_mr098_r10_38.csv
2026-02-02 16:26:17,157|INFO|random_mc2_n5_mid3_d1000_05_mr098_r10_38_uai_GDCC_1e-05_n200_roTrue_s0: PNS(V4,V3) exact: (0.71565, 0.7250800000000001)
2026-02-02 16:26:17,196|INFO|random_mc2_n9_mid3_d1000_05_mr098_r10_176_uai_GDCC_1e-05_n200_roTrue_s0: Loading model from ../models/synthetic/s123/random_mc2_n9_mid3_d1000_05_mr098_r10_176.uai
2026-02-02 16:26:17,220|INFO|random_mc2_n9_mid3_d1000_05_mr098_r10_176_uai_GDCC_1e-05_n200_roTrue_s0: Loading data from ../models/synthetic/s123/random_mc2_n9_mid3_d1000_05_mr098_r10_176.csv
2026-02-02 16:26:19,032|INFO|random_mc2_n7_mid3_d1000_05_mr098_r10_61_uai_GDCC_1e-05_n200_roTrue_s0: Loading model from ../models/synthetic/s123/random_mc2_n7_mid3_d1000_05_mr098_r10_61.uai
2026-02-02 16:26:19,049|INFO|random_mc2_n7_mid3_d1000_05_mr098_r10_61_uai_GDCC_1e-05_n200_roTrue_s0: Loading data from ../models/synthetic/s123/random_mc2_n7_mid3_d1000_05_mr098_r10_61.csv
2026-02-02 16:26:19,096|INFO|random_mc2_n5_mid3_d1000_05_mr098_r10_196_uai_GDCC_1e-05_n200_roFalse_s0: Loading model from ../models/synthetic/s123/random_mc2_n5_mid3_d1000_05_mr098_r10_196.uai
2026-02-02 16:26:19,116|INFO|random_mc2_n5_mid3_d1000_05_mr098_r10_196_uai_GDCC_1e-05_n200_roFalse_s0: Loading data from ../models/synthetic/s123/random_mc2_n5_mid3_d1000_05_mr098_r10_196.csv
2026-02-02 16:26:20,004|INFO|random_mc2_n5_mid3_d1000_05_mr098_r10_193_uai_GDCC_1e-05_n200_roFalse_s0: Loading model from ../models/synthetic/s123/random_mc2_n5_mid3_d1000_05_mr098_r10_193.uai
2026-02-02 16:26:20,019|INFO|random_mc2_n5_mid3_d1000_05_mr098_r10_193_uai_GDCC_1e-05_n200_roFalse_s0: Loading data from ../models/synthetic/s123/random_mc2_n5_mid3_d1000_05_mr098_r10_193.csv
2026-02-02 16:26:20,704|INFO|random_mc2_n7_mid3_d1000_05_mr098_r10_126_uai_GDCC_1e-05_n200_roFalse_s0: Loading model from ../models/synthetic/s123/random_mc2_n7_mid3_d1000_05_mr098_r10_126.uai
2026-02-02 16:26:20,720|INFO|random_mc2_n7_mid3_d1000_05_mr098_r10_126_uai_GDCC_1e-05_n200_roFalse_s0: Loading data from ../models/synthetic/s123/random_mc2_n7_mid3_d1000_05_mr098_r10_126.csv
2026-02-02 16:26:20,734|INFO|random_mc2_n7_mid3_d1000_05_mr098_r10_126_uai_GDCC_1e-05_n200_roFalse_s0: PNS(V0,V1) exact: (0.2650857268885659, 0.4244970236778398)
2026-02-02 16:26:20,901|INFO|random_mc2_n6_mid3_d1000_05_mr098_r10_109_uai_GDCC_1e-05_n200_roTrue_s0: Loading model from ../models/synthetic/s123/random_mc2_n6_mid3_d1000_05_mr098_r10_109.uai
2026-02-02 16:26:21,121|INFO|random_mc2_n6_mid3_d1000_05_mr098_r10_109_uai_GDCC_1e-05_n200_roTrue_s0: Loading data from ../models/synthetic/s123/random_mc2_n6_mid3_d1000_05_mr098_r10_109.csv
2026-02-02 16:26:22,240|INFO|random_mc2_n7_mid3_d1000_05_mr098_r10_9_uai_GDCC_1e-05_n200_roFalse_s0: Loading model from ../models/synthetic/s123/random_mc2_n7_mid3_d1000_05_mr098_r10_9.uai
2026-02-02 16:26:22,241|INFO|random_mc2_n5_mid3_d1000_05_mr098_r10_153_uai_GDCC_1e-05_n200_roFalse_s0: Loading model from ../models/synthetic/s123/random_mc2_n5_mid3_d1000_05_mr098_r10_153.uai
2026-02-02 16:26:22,265|INFO|random_mc2_n6_mid3_d1000_05_mr098_r10_158_uai_GDCC_1e-05_n200_roFalse_s0: Loading model from ../models/synthetic/s123/random_mc2_n6_mid3_d1000_05_mr098_r10_158.uai
2026-02-02 16:26:22,270|INFO|random_mc2_n7_mid3_d1000_05_mr098_r10_9_uai_GDCC_1e-05_n200_roFalse_s0: Loading data from ../models/synthetic/s123/random_mc2_n7_mid3_d1000_05_mr098_r10_9.csv
2026-02-02 16:26:22,259|INFO|random_mc2_n5_mid3_d1000_05_mr098_r10_153_uai_GDCC_1e-05_n200_roFalse_s0: Loading data from ../models/synthetic/s123/random_mc2_n5_mid3_d1000_05_mr098_r10_153.csv
2026-02-02 16:26:22,279|INFO|random_mc2_n5_mid3_d1000_05_mr098_r10_153_uai_GDCC_1e-05_n200_roFalse_s0: PNS(V3,V2) exact: (0.014386402, 0.118614199)
2026-02-02 16:26:22,292|INFO|random_mc2_n7_mid3_d1000_05_mr098_r10_9_uai_GDCC_1e-05_n200_roFalse_s0: PNS(V2,V3) exact: (0.034282230913595, 0.271965748446975)
2026-02-02 16:26:22,277|INFO|random_mc2_n6_mid3_d1000_05_mr098_r10_158_uai_GDCC_1e-05_n200_roFalse_s0: Loading data from ../models/synthetic/s123/random_mc2_n6_mid3_d1000_05_mr098_r10_158.csv
2026-02-02 16:26:22,293|INFO|random_mc2_n6_mid3_d1000_05_mr098_r10_158_uai_GDCC_1e-05_n200_roFalse_s0: PNS(V3,V5) exact: (8.867665431e-05, 0.009532690396884)
2026-02-02 16:26:22,541|INFO|random_mc2_n9_mid3_d1000_05_mr098_r10_134_uai_GDCC_1e-05_n200_roTrue_s0: Loading model from ../models/synthetic/s123/random_mc2_n9_mid3_d1000_05_mr098_r10_134.uai
2026-02-02 16:26:22,553|INFO|random_mc2_n6_mid3_d1000_05_mr098_r10_113_uai_GDCC_1e-05_n200_roFalse_s0: Loading model from ../models/synthetic/s123/random_mc2_n6_mid3_d1000_05_mr098_r10_113.uai
2026-02-02 16:26:22,572|INFO|random_mc2_n6_mid3_d1000_05_mr098_r10_113_uai_GDCC_1e-05_n200_roFalse_s0: Loading data from ../models/synthetic/s123/random_mc2_n6_mid3_d1000_05_mr098_r10_113.csv
2026-02-02 16:26:22,794|INFO|random_mc2_n9_mid3_d1000_05_mr098_r10_134_uai_GDCC_1e-05_n200_roTrue_s0: Loading data from ../models/synthetic/s123/random_mc2_n9_mid3_d1000_05_mr098_r10_134.csv
2026-02-02 16:26:24,488|INFO|random_mc2_n5_mid3_d1000_05_mr098_r10_20_uai_GDCC_1e-05_n200_roTrue_s0: Loading model from ../models/synthetic/s123/random_mc2_n5_mid3_d1000_05_mr098_r10_20.uai
2026-02-02 16:26:24,502|INFO|random_mc2_n5_mid3_d1000_05_mr098_r10_20_uai_GDCC_1e-05_n200_roTrue_s0: Loading data from ../models/synthetic/s123/random_mc2_n5_mid3_d1000_05_mr098_r10_20.csv
2026-02-02 16:26:27,734|INFO|random_mc2_n6_mid3_d1000_05_mr098_r10_134_uai_GDCC_1e-05_n200_roTrue_s0: Loading model from ../models/synthetic/s123/random_mc2_n6_mid3_d1000_05_mr098_r10_134.uai
2026-02-02 16:26:27,748|INFO|random_mc2_n6_mid3_d1000_05_mr098_r10_134_uai_GDCC_1e-05_n200_roTrue_s0: Loading data from ../models/synthetic/s123/random_mc2_n6_mid3_d1000_05_mr098_r10_134.csv
2026-02-02 16:26:27,764|INFO|random_mc2_n6_mid3_d1000_05_mr098_r10_134_uai_GDCC_1e-05_n200_roTrue_s0: PNS(V3,V1) exact: (0.0, 0.0)
2026-02-02 16:26:27,765|ERROR|random_mc2_n6_mid3_d1000_05_mr098_r10_134_uai_GDCC_1e-05_n200_roTrue_s0: Model does not have any cause-effect path.
2026-02-02 16:26:27,819|INFO|random_mc2_n7_mid3_d1000_05_mr098_r10_131_uai_GDCC_1e-05_n200_roFalse_s0: Loading model from ../models/synthetic/s123/random_mc2_n7_mid3_d1000_05_mr098_r10_131.uai
2026-02-02 16:26:27,854|INFO|random_mc2_n5_mid3_d1000_05_mr098_r10_25_uai_GDCC_1e-05_n200_roFalse_s0: Loading model from ../models/synthetic/s123/random_mc2_n5_mid3_d1000_05_mr098_r10_25.uai
2026-02-02 16:26:27,837|INFO|random_mc2_n7_mid3_d1000_05_mr098_r10_131_uai_GDCC_1e-05_n200_roFalse_s0: Loading data from ../models/synthetic/s123/random_mc2_n7_mid3_d1000_05_mr098_r10_131.csv
2026-02-02 16:26:27,856|INFO|random_mc2_n7_mid3_d1000_05_mr098_r10_131_uai_GDCC_1e-05_n200_roFalse_s0: PNS(V4,V5) exact: (0.0019772565152803, 0.1646117945558058)
2026-02-02 16:26:27,859|INFO|random_mc2_n5_mid3_d1000_05_mr098_r10_25_uai_GDCC_1e-05_n200_roFalse_s0: Loading data from ../models/synthetic/s123/random_mc2_n5_mid3_d1000_05_mr098_r10_25.csv
2026-02-02 16:26:27,871|INFO|random_mc2_n5_mid3_d1000_05_mr098_r10_25_uai_GDCC_1e-05_n200_roFalse_s0: PNS(V1,V4) exact: (0.0216, 0.0216)
2026-02-02 16:26:28,061|INFO|random_mc2_n6_mid3_d1000_05_mr098_r10_40_uai_GDCC_1e-05_n200_roTrue_s0: Loading model from ../models/synthetic/s123/random_mc2_n6_mid3_d1000_05_mr098_r10_40.uai
2026-02-02 16:26:28,072|INFO|random_mc2_n6_mid3_d1000_05_mr098_r10_40_uai_GDCC_1e-05_n200_roTrue_s0: Loading data from ../models/synthetic/s123/random_mc2_n6_mid3_d1000_05_mr098_r10_40.csv
2026-02-02 16:26:28,086|INFO|random_mc2_n6_mid3_d1000_05_mr098_r10_40_uai_GDCC_1e-05_n200_roTrue_s0: PNS(V1,V5) exact: (0.0, 0.0896543509)
2026-02-02 16:26:28,114|INFO|random_mc2_n6_mid3_d1000_05_mr098_r10_134_uai_GDCC_1e-05_n200_roFalse_s0: Loading model from ../models/synthetic/s123/random_mc2_n6_mid3_d1000_05_mr098_r10_134.uai
2026-02-02 16:26:28,126|INFO|random_mc2_n6_mid3_d1000_05_mr098_r10_134_uai_GDCC_1e-05_n200_roFalse_s0: Loading data from ../models/synthetic/s123/random_mc2_n6_mid3_d1000_05_mr098_r10_134.csv
2026-02-02 16:26:28,139|INFO|random_mc2_n6_mid3_d1000_05_mr098_r10_134_uai_GDCC_1e-05_n200_roFalse_s0: PNS(V3,V1) exact: (0.0, 0.0)
2026-02-02 16:26:28,139|ERROR|random_mc2_n6_mid3_d1000_05_mr098_r10_134_uai_GDCC_1e-05_n200_roFalse_s0: Model does not have any cause-effect path.
2026-02-02 16:26:28,180|INFO|random_mc2_n8_mid3_d1000_05_mr098_r10_125_uai_GDCC_1e-05_n200_roTrue_s0: Loading model from ../models/synthetic/s123/random_mc2_n8_mid3_d1000_05_mr098_r10_125.uai
2026-02-02 16:26:28,255|INFO|random_mc2_n5_mid3_d1000_05_mr098_r10_137_uai_GDCC_1e-05_n200_roTrue_s0: Loading model from ../models/synthetic/s123/random_mc2_n5_mid3_d1000_05_mr098_r10_137.uai
2026-02-02 16:26:28,281|INFO|random_mc2_n5_mid3_d1000_05_mr098_r10_188_uai_GDCC_1e-05_n200_roTrue_s0: Loading model from ../models/synthetic/s123/random_mc2_n5_mid3_d1000_05_mr098_r10_188.uai
2026-02-02 16:26:28,268|INFO|random_mc2_n5_mid3_d1000_05_mr098_r10_137_uai_GDCC_1e-05_n200_roTrue_s0: Loading data from ../models/synthetic/s123/random_mc2_n5_mid3_d1000_05_mr098_r10_137.csv
2026-02-02 16:26:28,288|INFO|random_mc2_n5_mid3_d1000_05_mr098_r10_137_uai_GDCC_1e-05_n200_roTrue_s0: PNS(V4,V3) exact: (0.3143626878, 0.4271408892000001)
2026-02-02 16:26:28,290|INFO|random_mc2_n5_mid3_d1000_05_mr098_r10_188_uai_GDCC_1e-05_n200_roTrue_s0: Loading data from ../models/synthetic/s123/random_mc2_n5_mid3_d1000_05_mr098_r10_188.csv
2026-02-02 16:26:28,304|INFO|random_mc2_n5_mid3_d1000_05_mr098_r10_188_uai_GDCC_1e-05_n200_roTrue_s0: PNS(V3,V4) exact: (0.0, 0.049356796840515)
2026-02-02 16:26:28,345|INFO|random_mc2_n5_mid3_d1000_05_mr098_r10_140_uai_GDCC_1e-05_n200_roTrue_s0: Loading model from ../models/synthetic/s123/random_mc2_n5_mid3_d1000_05_mr098_r10_140.uai
2026-02-02 16:26:28,353|INFO|random_mc2_n5_mid3_d1000_05_mr098_r10_140_uai_GDCC_1e-05_n200_roTrue_s0: Loading data from ../models/synthetic/s123/random_mc2_n5_mid3_d1000_05_mr098_r10_140.csv
2026-02-02 16:26:28,368|INFO|random_mc2_n5_mid3_d1000_05_mr098_r10_140_uai_GDCC_1e-05_n200_roTrue_s0: PNS(V1,V4) exact: (0.06441808679475, 0.469169366245215)
2026-02-02 16:26:28,400|INFO|random_mc2_n8_mid3_d1000_05_mr098_r10_125_uai_GDCC_1e-05_n200_roTrue_s0: Loading data from ../models/synthetic/s123/random_mc2_n8_mid3_d1000_05_mr098_r10_125.csv
2026-02-02 16:26:28,406|INFO|random_mc2_n7_mid3_d1000_05_mr098_r10_65_uai_GDCC_1e-05_n200_roFalse_s0: Loading model from ../models/synthetic/s123/random_mc2_n7_mid3_d1000_05_mr098_r10_65.uai
2026-02-02 16:26:28,421|INFO|random_mc2_n5_mid3_d1000_05_mr098_r10_35_uai_GDCC_1e-05_n200_roFalse_s0: Loading model from ../models/synthetic/s123/random_mc2_n5_mid3_d1000_05_mr098_r10_35.uai
2026-02-02 16:26:28,423|INFO|random_mc2_n7_mid3_d1000_05_mr098_r10_65_uai_GDCC_1e-05_n200_roFalse_s0: Loading data from ../models/synthetic/s123/random_mc2_n7_mid3_d1000_05_mr098_r10_65.csv
2026-02-02 16:26:28,446|INFO|random_mc2_n6_mid3_d1000_05_mr098_r10_2_uai_GDCC_1e-05_n200_roTrue_s0: Loading model from ../models/synthetic/s123/random_mc2_n6_mid3_d1000_05_mr098_r10_2.uai
2026-02-02 16:26:28,450|INFO|random_mc2_n7_mid3_d1000_05_mr098_r10_19_uai_GDCC_1e-05_n200_roFalse_s0: Loading model from ../models/synthetic/s123/random_mc2_n7_mid3_d1000_05_mr098_r10_19.uai
2026-02-02 16:26:28,452|INFO|random_mc2_n7_mid3_d1000_05_mr098_r10_65_uai_GDCC_1e-05_n200_roFalse_s0: PNS(V1,V0) exact: (0.1520312774315468, 0.2103249985205253)
2026-02-02 16:26:28,431|INFO|random_mc2_n5_mid3_d1000_05_mr098_r10_35_uai_GDCC_1e-05_n200_roFalse_s0: Loading data from ../models/synthetic/s123/random_mc2_n5_mid3_d1000_05_mr098_r10_35.csv
2026-02-02 16:26:28,461|INFO|random_mc2_n5_mid3_d1000_05_mr098_r10_85_uai_GDCC_1e-05_n200_roTrue_s0: Loading model from ../models/synthetic/s123/random_mc2_n5_mid3_d1000_05_mr098_r10_85.uai
2026-02-02 16:26:28,457|INFO|random_mc2_n5_mid3_d1000_05_mr098_r10_35_uai_GDCC_1e-05_n200_roFalse_s0: PNS(V1,V0) exact: (0.0068097203999999, 0.1260976746)
2026-02-02 16:26:28,474|INFO|random_mc2_n5_mid3_d1000_05_mr098_r10_115_uai_GDCC_1e-05_n200_roFalse_s0: Loading model from ../models/synthetic/s123/random_mc2_n5_mid3_d1000_05_mr098_r10_115.uai
2026-02-02 16:26:28,468|INFO|random_mc2_n6_mid3_d1000_05_mr098_r10_2_uai_GDCC_1e-05_n200_roTrue_s0: Loading data from ../models/synthetic/s123/random_mc2_n6_mid3_d1000_05_mr098_r10_2.csv
2026-02-02 16:26:28,467|INFO|random_mc2_n7_mid3_d1000_05_mr098_r10_19_uai_GDCC_1e-05_n200_roFalse_s0: Loading data from ../models/synthetic/s123/random_mc2_n7_mid3_d1000_05_mr098_r10_19.csv
2026-02-02 16:26:28,479|INFO|random_mc2_n5_mid3_d1000_05_mr098_r10_85_uai_GDCC_1e-05_n200_roTrue_s0: Loading data from ../models/synthetic/s123/random_mc2_n5_mid3_d1000_05_mr098_r10_85.csv
2026-02-02 16:26:28,491|INFO|random_mc2_n5_mid3_d1000_05_mr098_r10_115_uai_GDCC_1e-05_n200_roFalse_s0: Loading data from ../models/synthetic/s123/random_mc2_n5_mid3_d1000_05_mr098_r10_115.csv
2026-02-02 16:26:37,249|INFO|random_mc2_n5_mid3_d1000_05_mr098_r10_20_uai_GDCC_1e-05_n200_roFalse_s0: Loading model from ../models/synthetic/s123/random_mc2_n5_mid3_d1000_05_mr098_r10_20.uai
2026-02-02 16:26:37,252|INFO|random_mc2_n9_mid3_d1000_05_mr098_r10_182_uai_GDCC_1e-05_n200_roFalse_s0: Loading model from ../models/synthetic/s123/random_mc2_n9_mid3_d1000_05_mr098_r10_182.uai
2026-02-02 16:26:37,261|INFO|random_mc2_n6_mid3_d1000_05_mr098_r10_1_uai_GDCC_1e-05_n200_roTrue_s0: Loading model from ../models/synthetic/s123/random_mc2_n6_mid3_d1000_05_mr098_r10_1.uai
2026-02-02 16:26:37,262|INFO|random_mc2_n9_mid3_d1000_05_mr098_r10_107_uai_GDCC_1e-05_n200_roFalse_s0: Loading model from ../models/synthetic/s123/random_mc2_n9_mid3_d1000_05_mr098_r10_107.uai
2026-02-02 16:26:37,262|INFO|random_mc2_n5_mid3_d1000_05_mr098_r10_20_uai_GDCC_1e-05_n200_roFalse_s0: Loading data from ../models/synthetic/s123/random_mc2_n5_mid3_d1000_05_mr098_r10_20.csv
2026-02-02 16:26:37,277|INFO|random_mc2_n9_mid3_d1000_05_mr098_r10_182_uai_GDCC_1e-05_n200_roFalse_s0: Loading data from ../models/synthetic/s123/random_mc2_n9_mid3_d1000_05_mr098_r10_182.csv
2026-02-02 16:26:37,281|INFO|random_mc2_n6_mid3_d1000_05_mr098_r10_1_uai_GDCC_1e-05_n200_roTrue_s0: Loading data from ../models/synthetic/s123/random_mc2_n6_mid3_d1000_05_mr098_r10_1.csv
2026-02-02 16:26:37,296|INFO|random_mc2_n6_mid3_d1000_05_mr098_r10_1_uai_GDCC_1e-05_n200_roTrue_s0: PNS(V1,V5) exact: (0.4916268825, 0.6244381053000002)
2026-02-02 16:26:37,688|INFO|random_mc2_n9_mid3_d1000_05_mr098_r10_107_uai_GDCC_1e-05_n200_roFalse_s0: Loading data from ../models/synthetic/s123/random_mc2_n9_mid3_d1000_05_mr098_r10_107.csv
2026-02-02 16:26:38,328|INFO|random_mc2_n7_mid3_d1000_05_mr098_r10_6_uai_GDCC_1e-05_n200_roFalse_s0: Loading model from ../models/synthetic/s123/random_mc2_n7_mid3_d1000_05_mr098_r10_6.uai
2026-02-02 16:26:38,343|INFO|random_mc2_n7_mid3_d1000_05_mr098_r10_6_uai_GDCC_1e-05_n200_roFalse_s0: Loading data from ../models/synthetic/s123/random_mc2_n7_mid3_d1000_05_mr098_r10_6.csv
2026-02-02 16:26:38,352|INFO|random_mc2_n7_mid3_d1000_05_mr098_r10_6_uai_GDCC_1e-05_n200_roFalse_s0: PNS(V2,V3) exact: (0.0, 0.0284169509445683)
2026-02-02 16:26:38,756|INFO|random_mc2_n7_mid3_d1000_05_mr098_r10_196_uai_GDCC_1e-05_n200_roFalse_s0: Loading model from ../models/synthetic/s123/random_mc2_n7_mid3_d1000_05_mr098_r10_196.uai
2026-02-02 16:26:38,760|INFO|random_mc2_n7_mid3_d1000_05_mr098_r10_25_uai_GDCC_1e-05_n200_roTrue_s0: Loading model from ../models/synthetic/s123/random_mc2_n7_mid3_d1000_05_mr098_r10_25.uai
2026-02-02 16:26:38,779|INFO|random_mc2_n7_mid3_d1000_05_mr098_r10_25_uai_GDCC_1e-05_n200_roTrue_s0: Loading data from ../models/synthetic/s123/random_mc2_n7_mid3_d1000_05_mr098_r10_25.csv
2026-02-02 16:26:38,825|INFO|random_mc2_n5_mid3_d1000_05_mr098_r10_85_uai_GDCC_1e-05_n200_roFalse_s0: Loading model from ../models/synthetic/s123/random_mc2_n5_mid3_d1000_05_mr098_r10_85.uai
2026-02-02 16:26:38,829|INFO|random_mc2_n8_mid3_d1000_05_mr098_r10_32_uai_GDCC_1e-05_n200_roFalse_s0: Loading model from ../models/synthetic/s123/random_mc2_n8_mid3_d1000_05_mr098_r10_32.uai
2026-02-02 16:26:38,849|INFO|random_mc2_n5_mid3_d1000_05_mr098_r10_155_uai_GDCC_1e-05_n200_roFalse_s0: Loading model from ../models/synthetic/s123/random_mc2_n5_mid3_d1000_05_mr098_r10_155.uai
2026-02-02 16:26:38,863|INFO|random_mc2_n7_mid3_d1000_05_mr098_r10_196_uai_GDCC_1e-05_n200_roFalse_s0: Loading data from ../models/synthetic/s123/random_mc2_n7_mid3_d1000_05_mr098_r10_196.csv
2026-02-02 16:26:38,842|INFO|random_mc2_n5_mid3_d1000_05_mr098_r10_85_uai_GDCC_1e-05_n200_roFalse_s0: Loading data from ../models/synthetic/s123/random_mc2_n5_mid3_d1000_05_mr098_r10_85.csv
2026-02-02 16:26:38,855|INFO|random_mc2_n8_mid3_d1000_05_mr098_r10_32_uai_GDCC_1e-05_n200_roFalse_s0: Loading data from ../models/synthetic/s123/random_mc2_n8_mid3_d1000_05_mr098_r10_32.csv
2026-02-02 16:26:38,861|INFO|random_mc2_n5_mid3_d1000_05_mr098_r10_155_uai_GDCC_1e-05_n200_roFalse_s0: Loading data from ../models/synthetic/s123/random_mc2_n5_mid3_d1000_05_mr098_r10_155.csv
2026-02-02 16:26:38,984|INFO|random_mc2_n9_mid3_d1000_05_mr098_r10_116_uai_GDCC_1e-05_n200_roTrue_s0: Loading model from ../models/synthetic/s123/random_mc2_n9_mid3_d1000_05_mr098_r10_116.uai
2026-02-02 16:26:39,009|INFO|random_mc2_n5_mid3_d1000_05_mr098_r10_179_uai_GDCC_1e-05_n200_roTrue_s0: Loading model from ../models/synthetic/s123/random_mc2_n5_mid3_d1000_05_mr098_r10_179.uai
2026-02-02 16:26:39,006|INFO|random_mc2_n9_mid3_d1000_05_mr098_r10_116_uai_GDCC_1e-05_n200_roTrue_s0: Loading data from ../models/synthetic/s123/random_mc2_n9_mid3_d1000_05_mr098_r10_116.csv
2026-02-02 16:26:39,022|INFO|random_mc2_n9_mid3_d1000_05_mr098_r10_116_uai_GDCC_1e-05_n200_roTrue_s0: PNS(V2,V0) exact: (0.0201090016271876, 0.1746422034672741)
2026-02-02 16:26:39,021|INFO|random_mc2_n5_mid3_d1000_05_mr098_r10_179_uai_GDCC_1e-05_n200_roTrue_s0: Loading data from ../models/synthetic/s123/random_mc2_n5_mid3_d1000_05_mr098_r10_179.csv
2026-02-02 16:26:39,037|INFO|random_mc2_n5_mid3_d1000_05_mr098_r10_179_uai_GDCC_1e-05_n200_roTrue_s0: PNS(V2,V4) exact: (0.00847, 0.3191)
2026-02-02 16:26:39,112|INFO|random_mc2_n9_mid3_d1000_05_mr098_r10_133_uai_GDCC_1e-05_n200_roTrue_s0: Loading model from ../models/synthetic/s123/random_mc2_n9_mid3_d1000_05_mr098_r10_133.uai
2026-02-02 16:26:39,139|INFO|random_mc2_n9_mid3_d1000_05_mr098_r10_133_uai_GDCC_1e-05_n200_roTrue_s0: Loading data from ../models/synthetic/s123/random_mc2_n9_mid3_d1000_05_mr098_r10_133.csv
2026-02-02 16:26:39,247|INFO|random_mc2_n5_mid3_d1000_05_mr098_r10_150_uai_GDCC_1e-05_n200_roTrue_s0: Loading model from ../models/synthetic/s123/random_mc2_n5_mid3_d1000_05_mr098_r10_150.uai
2026-02-02 16:26:39,273|INFO|random_mc2_n5_mid3_d1000_05_mr098_r10_150_uai_GDCC_1e-05_n200_roTrue_s0: Loading data from ../models/synthetic/s123/random_mc2_n5_mid3_d1000_05_mr098_r10_150.csv
2026-02-02 16:26:39,337|INFO|random_mc2_n7_mid3_d1000_05_mr098_r10_46_uai_GDCC_1e-05_n200_roFalse_s0: Loading model from ../models/synthetic/s123/random_mc2_n7_mid3_d1000_05_mr098_r10_46.uai
2026-02-02 16:26:39,339|INFO|random_mc2_n7_mid3_d1000_05_mr098_r10_34_uai_GDCC_1e-05_n200_roTrue_s0: Loading model from ../models/synthetic/s123/random_mc2_n7_mid3_d1000_05_mr098_r10_34.uai
2026-02-02 16:26:39,357|INFO|random_mc2_n7_mid3_d1000_05_mr098_r10_46_uai_GDCC_1e-05_n200_roFalse_s0: Loading data from ../models/synthetic/s123/random_mc2_n7_mid3_d1000_05_mr098_r10_46.csv
2026-02-02 16:26:39,373|INFO|random_mc2_n7_mid3_d1000_05_mr098_r10_46_uai_GDCC_1e-05_n200_roFalse_s0: PNS(V1,V4) exact: (0.00791105, 0.013410082)
2026-02-02 16:26:39,358|INFO|random_mc2_n7_mid3_d1000_05_mr098_r10_34_uai_GDCC_1e-05_n200_roTrue_s0: Loading data from ../models/synthetic/s123/random_mc2_n7_mid3_d1000_05_mr098_r10_34.csv
2026-02-02 16:26:39,378|INFO|random_mc2_n7_mid3_d1000_05_mr098_r10_34_uai_GDCC_1e-05_n200_roTrue_s0: PNS(V2,V1) exact: (0.0696133230233768, 0.2443864534772551)
2026-02-02 16:26:39,382|INFO|random_mc2_n6_mid3_d1000_05_mr098_r10_167_uai_GDCC_1e-05_n200_roTrue_s0: Loading model from ../models/synthetic/s123/random_mc2_n6_mid3_d1000_05_mr098_r10_167.uai
2026-02-02 16:26:39,387|INFO|random_mc2_n5_mid3_d1000_05_mr098_r10_200_uai_GDCC_1e-05_n200_roFalse_s0: Loading model from ../models/synthetic/s123/random_mc2_n5_mid3_d1000_05_mr098_r10_200.uai
2026-02-02 16:26:39,417|INFO|random_mc2_n5_mid3_d1000_05_mr098_r10_159_uai_GDCC_1e-05_n200_roTrue_s0: Loading model from ../models/synthetic/s123/random_mc2_n5_mid3_d1000_05_mr098_r10_159.uai
2026-02-02 16:26:39,405|INFO|random_mc2_n6_mid3_d1000_05_mr098_r10_167_uai_GDCC_1e-05_n200_roTrue_s0: Loading data from ../models/synthetic/s123/random_mc2_n6_mid3_d1000_05_mr098_r10_167.csv
2026-02-02 16:26:39,423|INFO|random_mc2_n6_mid3_d1000_05_mr098_r10_167_uai_GDCC_1e-05_n200_roTrue_s0: PNS(V2,V1) exact: (0.0056271242, 0.1343609088)
2026-02-02 16:26:39,455|INFO|random_mc2_n5_mid3_d1000_05_mr098_r10_18_uai_GDCC_1e-05_n200_roTrue_s0: Loading model from ../models/synthetic/s123/random_mc2_n5_mid3_d1000_05_mr098_r10_18.uai
2026-02-02 16:26:39,432|INFO|random_mc2_n5_mid3_d1000_05_mr098_r10_159_uai_GDCC_1e-05_n200_roTrue_s0: Loading data from ../models/synthetic/s123/random_mc2_n5_mid3_d1000_05_mr098_r10_159.csv
2026-02-02 16:26:39,455|INFO|random_mc2_n5_mid3_d1000_05_mr098_r10_159_uai_GDCC_1e-05_n200_roTrue_s0: PNS(V0,V2) exact: (0.1049462695, 0.4703933717)
2026-02-02 16:26:39,487|INFO|random_mc2_n5_mid3_d1000_05_mr098_r10_200_uai_GDCC_1e-05_n200_roFalse_s0: Loading data from ../models/synthetic/s123/random_mc2_n5_mid3_d1000_05_mr098_r10_200.csv
2026-02-02 16:26:39,492|INFO|random_mc2_n5_mid3_d1000_05_mr098_r10_103_uai_GDCC_1e-05_n200_roTrue_s0: Loading model from ../models/synthetic/s123/random_mc2_n5_mid3_d1000_05_mr098_r10_103.uai
2026-02-02 16:26:39,482|INFO|random_mc2_n5_mid3_d1000_05_mr098_r10_18_uai_GDCC_1e-05_n200_roTrue_s0: Loading data from ../models/synthetic/s123/random_mc2_n5_mid3_d1000_05_mr098_r10_18.csv
2026-02-02 16:26:39,497|INFO|random_mc2_n5_mid3_d1000_05_mr098_r10_18_uai_GDCC_1e-05_n200_roTrue_s0: PNS(V1,V3) exact: (0.3568015083512, 0.5052594691711998)
2026-02-02 16:26:39,500|INFO|random_mc2_n6_mid3_d1000_05_mr098_r10_105_uai_GDCC_1e-05_n200_roFalse_s0: Loading model from ../models/synthetic/s123/random_mc2_n6_mid3_d1000_05_mr098_r10_105.uai
2026-02-02 16:26:39,514|INFO|random_mc2_n5_mid3_d1000_05_mr098_r10_103_uai_GDCC_1e-05_n200_roTrue_s0: Loading data from ../models/synthetic/s123/random_mc2_n5_mid3_d1000_05_mr098_r10_103.csv
2026-02-02 16:26:39,527|INFO|random_mc2_n5_mid3_d1000_05_mr098_r10_103_uai_GDCC_1e-05_n200_roTrue_s0: PNS(V0,V4) exact: (0.055654259616004, 0.150953979930874)
2026-02-02 16:26:39,527|INFO|random_mc2_n6_mid3_d1000_05_mr098_r10_105_uai_GDCC_1e-05_n200_roFalse_s0: Loading data from ../models/synthetic/s123/random_mc2_n6_mid3_d1000_05_mr098_r10_105.csv
2026-02-02 16:26:39,542|INFO|random_mc2_n6_mid3_d1000_05_mr098_r10_105_uai_GDCC_1e-05_n200_roFalse_s0: PNS(V3,V4) exact: (0.491766269274686, 0.586709709951746)
2026-02-02 16:26:45,301|INFO|random_mc2_n7_mid3_d1000_05_mr098_r10_92_uai_GDCC_1e-05_n200_roTrue_s0: Loading model from ../models/synthetic/s123/random_mc2_n7_mid3_d1000_05_mr098_r10_92.uai
2026-02-02 16:26:45,305|INFO|random_mc2_n5_mid3_d1000_05_mr098_r10_77_uai_GDCC_1e-05_n200_roFalse_s0: Loading model from ../models/synthetic/s123/random_mc2_n5_mid3_d1000_05_mr098_r10_77.uai
2026-02-02 16:26:45,328|INFO|random_mc2_n5_mid3_d1000_05_mr098_r10_48_uai_GDCC_1e-05_n200_roFalse_s0: Loading model from ../models/synthetic/s123/random_mc2_n5_mid3_d1000_05_mr098_r10_48.uai
2026-02-02 16:26:45,333|INFO|random_mc2_n7_mid3_d1000_05_mr098_r10_199_uai_GDCC_1e-05_n200_roFalse_s0: Loading model from ../models/synthetic/s123/random_mc2_n7_mid3_d1000_05_mr098_r10_199.uai
2026-02-02 16:26:45,314|INFO|random_mc2_n5_mid3_d1000_05_mr098_r10_77_uai_GDCC_1e-05_n200_roFalse_s0: Loading data from ../models/synthetic/s123/random_mc2_n5_mid3_d1000_05_mr098_r10_77.csv
2026-02-02 16:26:45,337|INFO|random_mc2_n5_mid3_d1000_05_mr098_r10_77_uai_GDCC_1e-05_n200_roFalse_s0: PNS(V0,V4) exact: (0.0008196438446000002, 0.0193377889897999)
2026-02-02 16:26:45,337|INFO|random_mc2_n5_mid3_d1000_05_mr098_r10_48_uai_GDCC_1e-05_n200_roFalse_s0: Loading data from ../models/synthetic/s123/random_mc2_n5_mid3_d1000_05_mr098_r10_48.csv
2026-02-02 16:26:45,354|INFO|random_mc2_n5_mid3_d1000_05_mr098_r10_48_uai_GDCC_1e-05_n200_roFalse_s0: PNS(V0,V4) exact: (0.3710704247999999, 0.4223098252000001)
2026-02-02 16:26:45,347|INFO|random_mc2_n7_mid3_d1000_05_mr098_r10_199_uai_GDCC_1e-05_n200_roFalse_s0: Loading data from ../models/synthetic/s123/random_mc2_n7_mid3_d1000_05_mr098_r10_199.csv
2026-02-02 16:26:45,362|INFO|random_mc2_n7_mid3_d1000_05_mr098_r10_199_uai_GDCC_1e-05_n200_roFalse_s0: PNS(V2,V0) exact: (0.00178489968384, 0.013822421418624)
2026-02-02 16:26:45,406|INFO|random_mc2_n7_mid3_d1000_05_mr098_r10_92_uai_GDCC_1e-05_n200_roTrue_s0: Loading data from ../models/synthetic/s123/random_mc2_n7_mid3_d1000_05_mr098_r10_92.csv
2026-02-02 16:26:45,459|INFO|random_mc2_n7_mid3_d1000_05_mr098_r10_28_uai_GDCC_1e-05_n200_roFalse_s0: Loading model from ../models/synthetic/s123/random_mc2_n7_mid3_d1000_05_mr098_r10_28.uai
2026-02-02 16:26:45,482|INFO|random_mc2_n7_mid3_d1000_05_mr098_r10_28_uai_GDCC_1e-05_n200_roFalse_s0: Loading data from ../models/synthetic/s123/random_mc2_n7_mid3_d1000_05_mr098_r10_28.csv
2026-02-02 16:26:46,878|INFO|random_mc2_n5_mid3_d1000_05_mr098_r10_167_uai_GDCC_1e-05_n200_roTrue_s0: Loading model from ../models/synthetic/s123/random_mc2_n5_mid3_d1000_05_mr098_r10_167.uai
2026-02-02 16:26:46,886|INFO|random_mc2_n5_mid3_d1000_05_mr098_r10_62_uai_GDCC_1e-05_n200_roFalse_s0: Loading model from ../models/synthetic/s123/random_mc2_n5_mid3_d1000_05_mr098_r10_62.uai
2026-02-02 16:26:46,890|INFO|random_mc2_n5_mid3_d1000_05_mr098_r10_167_uai_GDCC_1e-05_n200_roTrue_s0: Loading data from ../models/synthetic/s123/random_mc2_n5_mid3_d1000_05_mr098_r10_167.csv
2026-02-02 16:26:46,907|INFO|random_mc2_n5_mid3_d1000_05_mr098_r10_167_uai_GDCC_1e-05_n200_roTrue_s0: PNS(V4,V0) exact: (0.2132341014888, 0.2977026872446)
2026-02-02 16:26:46,896|INFO|random_mc2_n5_mid3_d1000_05_mr098_r10_62_uai_GDCC_1e-05_n200_roFalse_s0: Loading data from ../models/synthetic/s123/random_mc2_n5_mid3_d1000_05_mr098_r10_62.csv
2026-02-02 16:26:46,910|INFO|random_mc2_n5_mid3_d1000_05_mr098_r10_62_uai_GDCC_1e-05_n200_roFalse_s0: PNS(V2,V4) exact: (0.0, 0.13103)
2026-02-02 16:26:47,029|INFO|random_mc2_n6_mid3_d1000_05_mr098_r10_104_uai_GDCC_1e-05_n200_roTrue_s0: Loading model from ../models/synthetic/s123/random_mc2_n6_mid3_d1000_05_mr098_r10_104.uai
2026-02-02 16:26:47,061|INFO|random_mc2_n9_mid3_d1000_05_mr098_r10_177_uai_GDCC_1e-05_n200_roTrue_s0: Loading model from ../models/synthetic/s123/random_mc2_n9_mid3_d1000_05_mr098_r10_177.uai
2026-02-02 16:26:47,059|INFO|random_mc2_n6_mid3_d1000_05_mr098_r10_104_uai_GDCC_1e-05_n200_roTrue_s0: Loading data from ../models/synthetic/s123/random_mc2_n6_mid3_d1000_05_mr098_r10_104.csv
2026-02-02 16:26:47,085|INFO|random_mc2_n9_mid3_d1000_05_mr098_r10_177_uai_GDCC_1e-05_n200_roTrue_s0: Loading data from ../models/synthetic/s123/random_mc2_n9_mid3_d1000_05_mr098_r10_177.csv
2026-02-02 16:26:48,376|INFO|random_mc2_n6_mid3_d1000_05_mr098_r10_42_uai_GDCC_1e-05_n200_roFalse_s0: Loading model from ../models/synthetic/s123/random_mc2_n6_mid3_d1000_05_mr098_r10_42.uai
2026-02-02 16:26:48,391|INFO|random_mc2_n6_mid3_d1000_05_mr098_r10_42_uai_GDCC_1e-05_n200_roFalse_s0: Loading data from ../models/synthetic/s123/random_mc2_n6_mid3_d1000_05_mr098_r10_42.csv
2026-02-02 16:26:48,417|INFO|random_mc2_n8_mid3_d1000_05_mr098_r10_189_uai_GDCC_1e-05_n200_roFalse_s0: Loading model from ../models/synthetic/s123/random_mc2_n8_mid3_d1000_05_mr098_r10_189.uai
2026-02-02 16:26:48,406|INFO|random_mc2_n6_mid3_d1000_05_mr098_r10_42_uai_GDCC_1e-05_n200_roFalse_s0: PNS(V3,V2) exact: (0.2100591484485759, 0.483114152283904)
2026-02-02 16:26:48,436|INFO|random_mc2_n8_mid3_d1000_05_mr098_r10_189_uai_GDCC_1e-05_n200_roFalse_s0: Loading data from ../models/synthetic/s123/random_mc2_n8_mid3_d1000_05_mr098_r10_189.csv
2026-02-02 16:26:48,454|INFO|random_mc2_n8_mid3_d1000_05_mr098_r10_189_uai_GDCC_1e-05_n200_roFalse_s0: PNS(V4,V7) exact: (0.0, 0.0)
2026-02-02 16:26:48,496|INFO|random_mc2_n5_mid3_d1000_05_mr098_r10_44_uai_GDCC_1e-05_n200_roTrue_s0: Loading model from ../models/synthetic/s123/random_mc2_n5_mid3_d1000_05_mr098_r10_44.uai
2026-02-02 16:26:48,516|INFO|random_mc2_n8_mid3_d1000_05_mr098_r10_173_uai_GDCC_1e-05_n200_roFalse_s0: Loading model from ../models/synthetic/s123/random_mc2_n8_mid3_d1000_05_mr098_r10_173.uai
2026-02-02 16:26:48,513|INFO|random_mc2_n5_mid3_d1000_05_mr098_r10_44_uai_GDCC_1e-05_n200_roTrue_s0: Loading data from ../models/synthetic/s123/random_mc2_n5_mid3_d1000_05_mr098_r10_44.csv
2026-02-02 16:26:48,527|INFO|random_mc2_n5_mid3_d1000_05_mr098_r10_44_uai_GDCC_1e-05_n200_roTrue_s0: PNS(V1,V3) exact: (0.01686, 0.02828)
2026-02-02 16:26:48,541|INFO|random_mc2_n8_mid3_d1000_05_mr098_r10_173_uai_GDCC_1e-05_n200_roFalse_s0: Loading data from ../models/synthetic/s123/random_mc2_n8_mid3_d1000_05_mr098_r10_173.csv
2026-02-02 16:26:48,637|INFO|random_mc2_n9_mid3_d1000_05_mr098_r10_118_uai_GDCC_1e-05_n200_roTrue_s0: Loading model from ../models/synthetic/s123/random_mc2_n9_mid3_d1000_05_mr098_r10_118.uai
2026-02-02 16:26:48,652|INFO|random_mc2_n9_mid3_d1000_05_mr098_r10_118_uai_GDCC_1e-05_n200_roTrue_s0: Loading data from ../models/synthetic/s123/random_mc2_n9_mid3_d1000_05_mr098_r10_118.csv
2026-02-02 16:26:48,777|INFO|random_mc2_n6_mid3_d1000_05_mr098_r10_1_uai_GDCC_1e-05_n200_roFalse_s0: Loading model from ../models/synthetic/s123/random_mc2_n6_mid3_d1000_05_mr098_r10_1.uai
2026-02-02 16:26:48,813|INFO|random_mc2_n6_mid3_d1000_05_mr098_r10_1_uai_GDCC_1e-05_n200_roFalse_s0: Loading data from ../models/synthetic/s123/random_mc2_n6_mid3_d1000_05_mr098_r10_1.csv
2026-02-02 16:26:48,841|INFO|random_mc2_n6_mid3_d1000_05_mr098_r10_1_uai_GDCC_1e-05_n200_roFalse_s0: PNS(V1,V5) exact: (0.4916268825, 0.6244381053000002)
2026-02-02 16:26:48,942|INFO|random_mc2_n8_mid3_d1000_05_mr098_r10_12_uai_GDCC_1e-05_n200_roTrue_s0: Loading model from ../models/synthetic/s123/random_mc2_n8_mid3_d1000_05_mr098_r10_12.uai
2026-02-02 16:26:48,957|INFO|random_mc2_n8_mid3_d1000_05_mr098_r10_12_uai_GDCC_1e-05_n200_roTrue_s0: Loading data from ../models/synthetic/s123/random_mc2_n8_mid3_d1000_05_mr098_r10_12.csv
2026-02-02 16:26:53,556|INFO|random_mc2_n7_mid3_d1000_05_mr098_r10_40_uai_GDCC_1e-05_n200_roTrue_s0: Loading model from ../models/synthetic/s123/random_mc2_n7_mid3_d1000_05_mr098_r10_40.uai
2026-02-02 16:26:53,590|INFO|random_mc2_n7_mid3_d1000_05_mr098_r10_40_uai_GDCC_1e-05_n200_roTrue_s0: Loading data from ../models/synthetic/s123/random_mc2_n7_mid3_d1000_05_mr098_r10_40.csv
2026-02-02 16:26:53,609|INFO|random_mc2_n7_mid3_d1000_05_mr098_r10_40_uai_GDCC_1e-05_n200_roTrue_s0: PNS(V2,V4) exact: (0.033682517015198, 0.145976403196258)
2026-02-02 16:26:53,613|INFO|random_mc2_n6_mid3_d1000_05_mr098_r10_197_uai_GDCC_1e-05_n200_roFalse_s0: Loading model from ../models/synthetic/s123/random_mc2_n6_mid3_d1000_05_mr098_r10_197.uai
2026-02-02 16:26:53,632|INFO|random_mc2_n6_mid3_d1000_05_mr098_r10_197_uai_GDCC_1e-05_n200_roFalse_s0: Loading data from ../models/synthetic/s123/random_mc2_n6_mid3_d1000_05_mr098_r10_197.csv
2026-02-02 16:26:54,780|INFO|random_mc2_n5_mid3_d1000_05_mr098_r10_75_uai_GDCC_1e-05_n200_roTrue_s0: Loading model from ../models/synthetic/s123/random_mc2_n5_mid3_d1000_05_mr098_r10_75.uai
2026-02-02 16:26:54,797|INFO|random_mc2_n5_mid3_d1000_05_mr098_r10_75_uai_GDCC_1e-05_n200_roTrue_s0: Loading data from ../models/synthetic/s123/random_mc2_n5_mid3_d1000_05_mr098_r10_75.csv
2026-02-02 16:26:54,817|INFO|random_mc2_n5_mid3_d1000_05_mr098_r10_75_uai_GDCC_1e-05_n200_roTrue_s0: PNS(V1,V0) exact: (0.0, 0.0820279325)
2026-02-02 16:26:58,800|INFO|random_mc2_n5_mid3_d1000_05_mr098_r10_119_uai_GDCC_1e-05_n200_roFalse_s0: Loading model from ../models/synthetic/s123/random_mc2_n5_mid3_d1000_05_mr098_r10_119.uai
2026-02-02 16:26:58,807|INFO|random_mc2_n5_mid3_d1000_05_mr098_r10_119_uai_GDCC_1e-05_n200_roFalse_s0: Loading data from ../models/synthetic/s123/random_mc2_n5_mid3_d1000_05_mr098_r10_119.csv
2026-02-02 16:26:59,538|INFO|random_mc2_n8_mid3_d1000_05_mr098_r10_63_uai_GDCC_1e-05_n200_roTrue_s0: Loading model from ../models/synthetic/s123/random_mc2_n8_mid3_d1000_05_mr098_r10_63.uai
2026-02-02 16:26:59,545|INFO|random_mc2_n7_mid3_d1000_05_mr098_r10_163_uai_GDCC_1e-05_n200_roFalse_s0: Loading model from ../models/synthetic/s123/random_mc2_n7_mid3_d1000_05_mr098_r10_163.uai
2026-02-02 16:26:59,553|INFO|random_mc2_n6_mid3_d1000_05_mr098_r10_117_uai_GDCC_1e-05_n200_roTrue_s0: Loading model from ../models/synthetic/s123/random_mc2_n6_mid3_d1000_05_mr098_r10_117.uai
2026-02-02 16:26:59,554|INFO|random_mc2_n8_mid3_d1000_05_mr098_r10_63_uai_GDCC_1e-05_n200_roTrue_s0: Loading data from ../models/synthetic/s123/random_mc2_n8_mid3_d1000_05_mr098_r10_63.csv
2026-02-02 16:26:59,569|INFO|random_mc2_n8_mid3_d1000_05_mr098_r10_63_uai_GDCC_1e-05_n200_roTrue_s0: PNS(V1,V6) exact: (0.0, 0.122153736431654)
2026-02-02 16:26:59,562|INFO|random_mc2_n7_mid3_d1000_05_mr098_r10_163_uai_GDCC_1e-05_n200_roFalse_s0: Loading data from ../models/synthetic/s123/random_mc2_n7_mid3_d1000_05_mr098_r10_163.csv
2026-02-02 16:26:59,578|INFO|random_mc2_n7_mid3_d1000_05_mr098_r10_163_uai_GDCC_1e-05_n200_roFalse_s0: PNS(V0,V4) exact: (0.043281704345418, 0.2976756657121581)
2026-02-02 16:26:59,565|INFO|random_mc2_n6_mid3_d1000_05_mr098_r10_117_uai_GDCC_1e-05_n200_roTrue_s0: Loading data from ../models/synthetic/s123/random_mc2_n6_mid3_d1000_05_mr098_r10_117.csv
2026-02-02 16:26:59,599|INFO|random_mc2_n8_mid3_d1000_05_mr098_r10_119_uai_GDCC_1e-05_n200_roFalse_s0: Loading model from ../models/synthetic/s123/random_mc2_n8_mid3_d1000_05_mr098_r10_119.uai
2026-02-02 16:26:59,658|INFO|random_mc2_n8_mid3_d1000_05_mr098_r10_119_uai_GDCC_1e-05_n200_roFalse_s0: Loading data from ../models/synthetic/s123/random_mc2_n8_mid3_d1000_05_mr098_r10_119.csv
2026-02-02 16:26:59,679|INFO|random_mc2_n5_mid3_d1000_05_mr098_r10_181_uai_GDCC_1e-05_n200_roFalse_s0: Loading model from ../models/synthetic/s123/random_mc2_n5_mid3_d1000_05_mr098_r10_181.uai
2026-02-02 16:26:59,699|INFO|random_mc2_n5_mid3_d1000_05_mr098_r10_181_uai_GDCC_1e-05_n200_roFalse_s0: Loading data from ../models/synthetic/s123/random_mc2_n5_mid3_d1000_05_mr098_r10_181.csv
2026-02-02 16:26:59,802|INFO|random_mc2_n5_mid3_d1000_05_mr098_r10_119_uai_GDCC_1e-05_n200_roTrue_s0: Loading model from ../models/synthetic/s123/random_mc2_n5_mid3_d1000_05_mr098_r10_119.uai
2026-02-02 16:26:59,824|INFO|random_mc2_n6_mid3_d1000_05_mr098_r10_22_uai_GDCC_1e-05_n200_roTrue_s0: Loading model from ../models/synthetic/s123/random_mc2_n6_mid3_d1000_05_mr098_r10_22.uai
2026-02-02 16:26:59,813|INFO|random_mc2_n5_mid3_d1000_05_mr098_r10_119_uai_GDCC_1e-05_n200_roTrue_s0: Loading data from ../models/synthetic/s123/random_mc2_n5_mid3_d1000_05_mr098_r10_119.csv
2026-02-02 16:26:59,837|INFO|random_mc2_n6_mid3_d1000_05_mr098_r10_22_uai_GDCC_1e-05_n200_roTrue_s0: Loading data from ../models/synthetic/s123/random_mc2_n6_mid3_d1000_05_mr098_r10_22.csv
2026-02-02 16:26:59,908|INFO|random_mc2_n6_mid3_d1000_05_mr098_r10_150_uai_GDCC_1e-05_n200_roTrue_s0: Loading model from ../models/synthetic/s123/random_mc2_n6_mid3_d1000_05_mr098_r10_150.uai
2026-02-02 16:26:59,931|INFO|random_mc2_n6_mid3_d1000_05_mr098_r10_150_uai_GDCC_1e-05_n200_roTrue_s0: Loading data from ../models/synthetic/s123/random_mc2_n6_mid3_d1000_05_mr098_r10_150.csv
2026-02-02 16:26:59,958|INFO|random_mc2_n7_mid3_d1000_05_mr098_r10_150_uai_GDCC_1e-05_n200_roFalse_s0: Loading model from ../models/synthetic/s123/random_mc2_n7_mid3_d1000_05_mr098_r10_150.uai
2026-02-02 16:27:00,048|INFO|random_mc2_n5_mid3_d1000_05_mr098_r10_38_uai_GDCC_1e-05_n200_roFalse_s0: Loading model from ../models/synthetic/s123/random_mc2_n5_mid3_d1000_05_mr098_r10_38.uai
2026-02-02 16:27:00,059|INFO|random_mc2_n7_mid3_d1000_05_mr098_r10_150_uai_GDCC_1e-05_n200_roFalse_s0: Loading data from ../models/synthetic/s123/random_mc2_n7_mid3_d1000_05_mr098_r10_150.csv
2026-02-02 16:27:00,058|INFO|random_mc2_n5_mid3_d1000_05_mr098_r10_38_uai_GDCC_1e-05_n200_roFalse_s0: Loading data from ../models/synthetic/s123/random_mc2_n5_mid3_d1000_05_mr098_r10_38.csv
2026-02-02 16:27:00,072|INFO|random_mc2_n5_mid3_d1000_05_mr098_r10_38_uai_GDCC_1e-05_n200_roFalse_s0: PNS(V4,V3) exact: (0.71565, 0.7250800000000001)
2026-02-02 16:27:00,156|INFO|random_mc2_n6_mid3_d1000_05_mr098_r10_168_uai_GDCC_1e-05_n200_roTrue_s0: Loading model from ../models/synthetic/s123/random_mc2_n6_mid3_d1000_05_mr098_r10_168.uai
2026-02-02 16:27:00,171|INFO|random_mc2_n6_mid3_d1000_05_mr098_r10_168_uai_GDCC_1e-05_n200_roTrue_s0: Loading data from ../models/synthetic/s123/random_mc2_n6_mid3_d1000_05_mr098_r10_168.csv
2026-02-02 16:27:04,153|INFO|random_mc2_n5_mid3_d1000_05_mr098_r10_155_uai_GDCC_1e-05_n200_roTrue_s0: Loading model from ../models/synthetic/s123/random_mc2_n5_mid3_d1000_05_mr098_r10_155.uai
2026-02-02 16:27:04,169|INFO|random_mc2_n5_mid3_d1000_05_mr098_r10_155_uai_GDCC_1e-05_n200_roTrue_s0: Loading data from ../models/synthetic/s123/random_mc2_n5_mid3_d1000_05_mr098_r10_155.csv
2026-02-02 16:27:04,221|INFO|random_mc2_n7_mid3_d1000_05_mr098_r10_89_uai_GDCC_1e-05_n200_roFalse_s0: Loading model from ../models/synthetic/s123/random_mc2_n7_mid3_d1000_05_mr098_r10_89.uai
2026-02-02 16:27:04,244|INFO|random_mc2_n7_mid3_d1000_05_mr098_r10_89_uai_GDCC_1e-05_n200_roFalse_s0: Loading data from ../models/synthetic/s123/random_mc2_n7_mid3_d1000_05_mr098_r10_89.csv
2026-02-02 16:27:04,269|INFO|random_mc2_n7_mid3_d1000_05_mr098_r10_89_uai_GDCC_1e-05_n200_roFalse_s0: PNS(V3,V5) exact: (0.004984755025224, 0.0216545809382499)
2026-02-02 16:27:04,359|INFO|random_mc2_n5_mid3_d1000_05_mr098_r10_150_uai_GDCC_1e-05_n200_roFalse_s0: Loading model from ../models/synthetic/s123/random_mc2_n5_mid3_d1000_05_mr098_r10_150.uai
2026-02-02 16:27:04,373|INFO|random_mc2_n5_mid3_d1000_05_mr098_r10_150_uai_GDCC_1e-05_n200_roFalse_s0: Loading data from ../models/synthetic/s123/random_mc2_n5_mid3_d1000_05_mr098_r10_150.csv
2026-02-02 16:27:04,430|INFO|random_mc2_n9_mid3_d1000_05_mr098_r10_121_uai_GDCC_1e-05_n200_roTrue_s0: Loading model from ../models/synthetic/s123/random_mc2_n9_mid3_d1000_05_mr098_r10_121.uai
2026-02-02 16:27:04,448|INFO|random_mc2_n9_mid3_d1000_05_mr098_r10_121_uai_GDCC_1e-05_n200_roTrue_s0: Loading data from ../models/synthetic/s123/random_mc2_n9_mid3_d1000_05_mr098_r10_121.csv
2026-02-02 16:27:05,465|INFO|random_mc2_n5_mid3_d1000_05_mr098_r10_189_uai_GDCC_1e-05_n200_roTrue_s0: Loading model from ../models/synthetic/s123/random_mc2_n5_mid3_d1000_05_mr098_r10_189.uai
2026-02-02 16:27:05,484|INFO|random_mc2_n5_mid3_d1000_05_mr098_r10_189_uai_GDCC_1e-05_n200_roTrue_s0: Loading data from ../models/synthetic/s123/random_mc2_n5_mid3_d1000_05_mr098_r10_189.csv
2026-02-02 16:27:05,502|INFO|random_mc2_n5_mid3_d1000_05_mr098_r10_189_uai_GDCC_1e-05_n200_roTrue_s0: PNS(V0,V1) exact: (0.0, 0.0)
2026-02-02 16:27:08,912|INFO|random_mc2_n6_mid3_d1000_05_mr098_r10_197_uai_GDCC_1e-05_n200_roTrue_s0: Loading model from ../models/synthetic/s123/random_mc2_n6_mid3_d1000_05_mr098_r10_197.uai
2026-02-02 16:27:08,934|INFO|random_mc2_n8_mid3_d1000_05_mr098_r10_1_uai_GDCC_1e-05_n200_roFalse_s0: Loading model from ../models/synthetic/s123/random_mc2_n8_mid3_d1000_05_mr098_r10_1.uai
2026-02-02 16:27:08,928|INFO|random_mc2_n6_mid3_d1000_05_mr098_r10_197_uai_GDCC_1e-05_n200_roTrue_s0: Loading data from ../models/synthetic/s123/random_mc2_n6_mid3_d1000_05_mr098_r10_197.csv
2026-02-02 16:27:08,961|INFO|random_mc2_n6_mid3_d1000_05_mr098_r10_177_uai_GDCC_1e-05_n200_roFalse_s0: Loading model from ../models/synthetic/s123/random_mc2_n6_mid3_d1000_05_mr098_r10_177.uai
2026-02-02 16:27:08,961|INFO|random_mc2_n8_mid3_d1000_05_mr098_r10_1_uai_GDCC_1e-05_n200_roFalse_s0: Loading data from ../models/synthetic/s123/random_mc2_n8_mid3_d1000_05_mr098_r10_1.csv
2026-02-02 16:27:08,970|INFO|random_mc2_n6_mid3_d1000_05_mr098_r10_177_uai_GDCC_1e-05_n200_roFalse_s0: Loading data from ../models/synthetic/s123/random_mc2_n6_mid3_d1000_05_mr098_r10_177.csv
2026-02-02 16:27:09,013|INFO|random_mc2_n5_mid3_d1000_05_mr098_r10_51_uai_GDCC_1e-05_n200_roTrue_s0: Loading model from ../models/synthetic/s123/random_mc2_n5_mid3_d1000_05_mr098_r10_51.uai
2026-02-02 16:27:09,023|INFO|random_mc2_n5_mid3_d1000_05_mr098_r10_51_uai_GDCC_1e-05_n200_roTrue_s0: Loading data from ../models/synthetic/s123/random_mc2_n5_mid3_d1000_05_mr098_r10_51.csv
2026-02-02 16:27:09,040|INFO|random_mc2_n5_mid3_d1000_05_mr098_r10_51_uai_GDCC_1e-05_n200_roTrue_s0: PNS(V2,V4) exact: (0.0, 0.17763)
2026-02-02 16:27:09,179|INFO|random_mc2_n5_mid3_d1000_05_mr098_r10_95_uai_GDCC_1e-05_n200_roFalse_s0: Loading model from ../models/synthetic/s123/random_mc2_n5_mid3_d1000_05_mr098_r10_95.uai
2026-02-02 16:27:09,205|INFO|random_mc2_n6_mid3_d1000_05_mr098_r10_8_uai_GDCC_1e-05_n200_roTrue_s0: Loading model from ../models/synthetic/s123/random_mc2_n6_mid3_d1000_05_mr098_r10_8.uai
2026-02-02 16:27:09,190|INFO|random_mc2_n5_mid3_d1000_05_mr098_r10_95_uai_GDCC_1e-05_n200_roFalse_s0: Loading data from ../models/synthetic/s123/random_mc2_n5_mid3_d1000_05_mr098_r10_95.csv
2026-02-02 16:27:09,205|INFO|random_mc2_n5_mid3_d1000_05_mr098_r10_95_uai_GDCC_1e-05_n200_roFalse_s0: PNS(V2,V3) exact: (0.0, 0.0190074356112)
2026-02-02 16:27:09,213|INFO|random_mc2_n6_mid3_d1000_05_mr098_r10_8_uai_GDCC_1e-05_n200_roTrue_s0: Loading data from ../models/synthetic/s123/random_mc2_n6_mid3_d1000_05_mr098_r10_8.csv
2026-02-02 16:27:09,226|INFO|random_mc2_n6_mid3_d1000_05_mr098_r10_8_uai_GDCC_1e-05_n200_roTrue_s0: PNS(V0,V3) exact: (0.0, 0.0)
2026-02-02 16:27:09,226|ERROR|random_mc2_n6_mid3_d1000_05_mr098_r10_8_uai_GDCC_1e-05_n200_roTrue_s0: Model does not have any cause-effect path.
2026-02-02 16:27:09,349|INFO|random_mc2_n5_mid3_d1000_05_mr098_r10_149_uai_GDCC_1e-05_n200_roFalse_s0: Loading model from ../models/synthetic/s123/random_mc2_n5_mid3_d1000_05_mr098_r10_149.uai
2026-02-02 16:27:09,356|INFO|random_mc2_n5_mid3_d1000_05_mr098_r10_149_uai_GDCC_1e-05_n200_roFalse_s0: Loading data from ../models/synthetic/s123/random_mc2_n5_mid3_d1000_05_mr098_r10_149.csv
2026-02-02 16:27:09,370|INFO|random_mc2_n5_mid3_d1000_05_mr098_r10_149_uai_GDCC_1e-05_n200_roFalse_s0: PNS(V3,V0) exact: (0.0, 0.014418359495816)
2026-02-02 16:27:09,409|INFO|random_mc2_n6_mid3_d1000_05_mr098_r10_60_uai_GDCC_1e-05_n200_roTrue_s0: Loading model from ../models/synthetic/s123/random_mc2_n6_mid3_d1000_05_mr098_r10_60.uai
2026-02-02 16:27:09,443|INFO|random_mc2_n9_mid3_d1000_05_mr098_r10_119_uai_GDCC_1e-05_n200_roFalse_s0: Loading model from ../models/synthetic/s123/random_mc2_n9_mid3_d1000_05_mr098_r10_119.uai
2026-02-02 16:27:09,425|INFO|random_mc2_n6_mid3_d1000_05_mr098_r10_60_uai_GDCC_1e-05_n200_roTrue_s0: Loading data from ../models/synthetic/s123/random_mc2_n6_mid3_d1000_05_mr098_r10_60.csv
2026-02-02 16:27:09,436|INFO|random_mc2_n6_mid3_d1000_05_mr098_r10_60_uai_GDCC_1e-05_n200_roTrue_s0: PNS(V2,V1) exact: (0.01063473235, 0.0254823380132)
2026-02-02 16:27:09,457|INFO|random_mc2_n9_mid3_d1000_05_mr098_r10_119_uai_GDCC_1e-05_n200_roFalse_s0: Loading data from ../models/synthetic/s123/random_mc2_n9_mid3_d1000_05_mr098_r10_119.csv
2026-02-02 16:27:09,471|INFO|random_mc2_n9_mid3_d1000_05_mr098_r10_119_uai_GDCC_1e-05_n200_roFalse_s0: PNS(V0,V8) exact: (0.0742677176, 0.0951852808999999)
2026-02-02 16:27:09,498|INFO|random_mc2_n6_mid3_d1000_05_mr098_r10_18_uai_GDCC_1e-05_n200_roTrue_s0: Loading model from ../models/synthetic/s123/random_mc2_n6_mid3_d1000_05_mr098_r10_18.uai
2026-02-02 16:27:09,523|INFO|random_mc2_n8_mid3_d1000_05_mr098_r10_134_uai_GDCC_1e-05_n200_roTrue_s0: Loading model from ../models/synthetic/s123/random_mc2_n8_mid3_d1000_05_mr098_r10_134.uai
2026-02-02 16:27:09,526|INFO|random_mc2_n6_mid3_d1000_05_mr098_r10_121_uai_GDCC_1e-05_n200_roTrue_s0: Loading model from ../models/synthetic/s123/random_mc2_n6_mid3_d1000_05_mr098_r10_121.uai
2026-02-02 16:27:09,512|INFO|random_mc2_n6_mid3_d1000_05_mr098_r10_18_uai_GDCC_1e-05_n200_roTrue_s0: Loading data from ../models/synthetic/s123/random_mc2_n6_mid3_d1000_05_mr098_r10_18.csv
2026-02-02 16:27:09,524|INFO|random_mc2_n6_mid3_d1000_05_mr098_r10_18_uai_GDCC_1e-05_n200_roTrue_s0: PNS(V3,V5) exact: (0.0, 0.0426073822)
2026-02-02 16:27:09,542|INFO|random_mc2_n6_mid3_d1000_05_mr098_r10_121_uai_GDCC_1e-05_n200_roTrue_s0: Loading data from ../models/synthetic/s123/random_mc2_n6_mid3_d1000_05_mr098_r10_121.csv
2026-02-02 16:27:09,622|INFO|random_mc2_n6_mid3_d1000_05_mr098_r10_163_uai_GDCC_1e-05_n200_roFalse_s0: Loading model from ../models/synthetic/s123/random_mc2_n6_mid3_d1000_05_mr098_r10_163.uai
2026-02-02 16:27:09,636|INFO|random_mc2_n5_mid3_d1000_05_mr098_r10_188_uai_GDCC_1e-05_n200_roFalse_s0: Loading model from ../models/synthetic/s123/random_mc2_n5_mid3_d1000_05_mr098_r10_188.uai
2026-02-02 16:27:09,653|INFO|random_mc2_n8_mid3_d1000_05_mr098_r10_177_uai_GDCC_1e-05_n200_roTrue_s0: Loading model from ../models/synthetic/s123/random_mc2_n8_mid3_d1000_05_mr098_r10_177.uai
2026-02-02 16:27:09,634|INFO|random_mc2_n6_mid3_d1000_05_mr098_r10_163_uai_GDCC_1e-05_n200_roFalse_s0: Loading data from ../models/synthetic/s123/random_mc2_n6_mid3_d1000_05_mr098_r10_163.csv
2026-02-02 16:27:09,646|INFO|random_mc2_n5_mid3_d1000_05_mr098_r10_188_uai_GDCC_1e-05_n200_roFalse_s0: Loading data from ../models/synthetic/s123/random_mc2_n5_mid3_d1000_05_mr098_r10_188.csv
2026-02-02 16:27:09,661|INFO|random_mc2_n5_mid3_d1000_05_mr098_r10_188_uai_GDCC_1e-05_n200_roFalse_s0: PNS(V3,V4) exact: (0.0, 0.049356796840515)
2026-02-02 16:27:09,690|INFO|random_mc2_n5_mid3_d1000_05_mr098_r10_121_uai_GDCC_1e-05_n200_roTrue_s0: Loading model from ../models/synthetic/s123/random_mc2_n5_mid3_d1000_05_mr098_r10_121.uai
2026-02-02 16:27:09,704|INFO|random_mc2_n5_mid3_d1000_05_mr098_r10_121_uai_GDCC_1e-05_n200_roTrue_s0: Loading data from ../models/synthetic/s123/random_mc2_n5_mid3_d1000_05_mr098_r10_121.csv
2026-02-02 16:27:09,721|INFO|random_mc2_n5_mid3_d1000_05_mr098_r10_121_uai_GDCC_1e-05_n200_roTrue_s0: PNS(V3,V1) exact: (0.21434, 0.2800931238639491)
2026-02-02 16:27:09,753|INFO|random_mc2_n8_mid3_d1000_05_mr098_r10_177_uai_GDCC_1e-05_n200_roTrue_s0: Loading data from ../models/synthetic/s123/random_mc2_n8_mid3_d1000_05_mr098_r10_177.csv
2026-02-02 16:27:09,963|INFO|random_mc2_n8_mid3_d1000_05_mr098_r10_134_uai_GDCC_1e-05_n200_roTrue_s0: Loading data from ../models/synthetic/s123/random_mc2_n8_mid3_d1000_05_mr098_r10_134.csv
2026-02-02 16:27:10,017|INFO|random_mc2_n8_mid3_d1000_05_mr098_r10_174_uai_GDCC_1e-05_n200_roTrue_s0: Loading model from ../models/synthetic/s123/random_mc2_n8_mid3_d1000_05_mr098_r10_174.uai
2026-02-02 16:27:10,329|INFO|random_mc2_n8_mid3_d1000_05_mr098_r10_174_uai_GDCC_1e-05_n200_roTrue_s0: Loading data from ../models/synthetic/s123/random_mc2_n8_mid3_d1000_05_mr098_r10_174.csv
2026-02-02 16:27:14,061|INFO|random_mc2_n8_mid3_d1000_05_mr098_r10_175_uai_GDCC_1e-05_n200_roTrue_s0: Loading model from ../models/synthetic/s123/random_mc2_n8_mid3_d1000_05_mr098_r10_175.uai
2026-02-02 16:27:14,109|INFO|random_mc2_n8_mid3_d1000_05_mr098_r10_175_uai_GDCC_1e-05_n200_roTrue_s0: Loading data from ../models/synthetic/s123/random_mc2_n8_mid3_d1000_05_mr098_r10_175.csv
2026-02-02 16:27:14,116|INFO|random_mc2_n6_mid3_d1000_05_mr098_r10_178_uai_GDCC_1e-05_n200_roTrue_s0: Loading model from ../models/synthetic/s123/random_mc2_n6_mid3_d1000_05_mr098_r10_178.uai
2026-02-02 16:27:14,146|INFO|random_mc2_n7_mid3_d1000_05_mr098_r10_159_uai_GDCC_1e-05_n200_roTrue_s0: Loading model from ../models/synthetic/s123/random_mc2_n7_mid3_d1000_05_mr098_r10_159.uai
2026-02-02 16:27:14,139|INFO|random_mc2_n6_mid3_d1000_05_mr098_r10_178_uai_GDCC_1e-05_n200_roTrue_s0: Loading data from ../models/synthetic/s123/random_mc2_n6_mid3_d1000_05_mr098_r10_178.csv
2026-02-02 16:27:14,156|INFO|random_mc2_n6_mid3_d1000_05_mr098_r10_178_uai_GDCC_1e-05_n200_roTrue_s0: PNS(V3,V5) exact: (0.1134567257784353, 0.3551658025191099)
2026-02-02 16:27:14,174|INFO|random_mc2_n7_mid3_d1000_05_mr098_r10_159_uai_GDCC_1e-05_n200_roTrue_s0: Loading data from ../models/synthetic/s123/random_mc2_n7_mid3_d1000_05_mr098_r10_159.csv
2026-02-02 16:27:14,951|INFO|random_mc2_n7_mid3_d1000_05_mr098_r10_28_uai_GDCC_1e-05_n200_roTrue_s0: Loading model from ../models/synthetic/s123/random_mc2_n7_mid3_d1000_05_mr098_r10_28.uai
2026-02-02 16:27:14,974|INFO|random_mc2_n7_mid3_d1000_05_mr098_r10_28_uai_GDCC_1e-05_n200_roTrue_s0: Loading data from ../models/synthetic/s123/random_mc2_n7_mid3_d1000_05_mr098_r10_28.csv
2026-02-02 16:27:15,377|INFO|random_mc2_n5_mid3_d1000_05_mr098_r10_178_uai_GDCC_1e-05_n200_roTrue_s0: Loading model from ../models/synthetic/s123/random_mc2_n5_mid3_d1000_05_mr098_r10_178.uai
2026-02-02 16:27:15,410|INFO|random_mc2_n5_mid3_d1000_05_mr098_r10_178_uai_GDCC_1e-05_n200_roTrue_s0: Loading data from ../models/synthetic/s123/random_mc2_n5_mid3_d1000_05_mr098_r10_178.csv
2026-02-02 16:27:16,081|INFO|random_mc2_n5_mid3_d1000_05_mr098_r10_46_uai_GDCC_1e-05_n200_roFalse_s0: Loading model from ../models/synthetic/s123/random_mc2_n5_mid3_d1000_05_mr098_r10_46.uai
2026-02-02 16:27:16,084|INFO|random_mc2_n5_mid3_d1000_05_mr098_r10_157_uai_GDCC_1e-05_n200_roTrue_s0: Loading model from ../models/synthetic/s123/random_mc2_n5_mid3_d1000_05_mr098_r10_157.uai
2026-02-02 16:27:16,091|INFO|random_mc2_n5_mid3_d1000_05_mr098_r10_68_uai_GDCC_1e-05_n200_roTrue_s0: Loading model from ../models/synthetic/s123/random_mc2_n5_mid3_d1000_05_mr098_r10_68.uai
2026-02-02 16:27:16,093|INFO|random_mc2_n5_mid3_d1000_05_mr098_r10_46_uai_GDCC_1e-05_n200_roFalse_s0: Loading data from ../models/synthetic/s123/random_mc2_n5_mid3_d1000_05_mr098_r10_46.csv
2026-02-02 16:27:16,107|INFO|random_mc2_n5_mid3_d1000_05_mr098_r10_46_uai_GDCC_1e-05_n200_roFalse_s0: PNS(V0,V4) exact: (0.6100050528559042, 0.6100050528559042)
2026-02-02 16:27:16,098|INFO|random_mc2_n5_mid3_d1000_05_mr098_r10_157_uai_GDCC_1e-05_n200_roTrue_s0: Loading data from ../models/synthetic/s123/random_mc2_n5_mid3_d1000_05_mr098_r10_157.csv
2026-02-02 16:27:16,099|INFO|random_mc2_n5_mid3_d1000_05_mr098_r10_68_uai_GDCC_1e-05_n200_roTrue_s0: Loading data from ../models/synthetic/s123/random_mc2_n5_mid3_d1000_05_mr098_r10_68.csv
2026-02-02 16:27:16,187|INFO|random_mc2_n5_mid3_d1000_05_mr098_r10_80_uai_GDCC_1e-05_n200_roTrue_s0: Loading model from ../models/synthetic/s123/random_mc2_n5_mid3_d1000_05_mr098_r10_80.uai
2026-02-02 16:27:16,202|INFO|random_mc2_n5_mid3_d1000_05_mr098_r10_80_uai_GDCC_1e-05_n200_roTrue_s0: Loading data from ../models/synthetic/s123/random_mc2_n5_mid3_d1000_05_mr098_r10_80.csv
2026-02-02 16:27:16,215|INFO|random_mc2_n5_mid3_d1000_05_mr098_r10_80_uai_GDCC_1e-05_n200_roTrue_s0: PNS(V1,V4) exact: (0.950554689425868, 0.970786964773004)
2026-02-02 16:27:16,436|INFO|random_mc2_n8_mid3_d1000_05_mr098_r10_35_uai_GDCC_1e-05_n200_roTrue_s0: Loading model from ../models/synthetic/s123/random_mc2_n8_mid3_d1000_05_mr098_r10_35.uai
2026-02-02 16:27:16,669|INFO|random_mc2_n8_mid3_d1000_05_mr098_r10_35_uai_GDCC_1e-05_n200_roTrue_s0: Loading data from ../models/synthetic/s123/random_mc2_n8_mid3_d1000_05_mr098_r10_35.csv
2026-02-02 16:27:16,679|INFO|random_mc2_n7_mid3_d1000_05_mr098_r10_39_uai_GDCC_1e-05_n200_roTrue_s0: Loading model from ../models/synthetic/s123/random_mc2_n7_mid3_d1000_05_mr098_r10_39.uai
2026-02-02 16:27:16,697|INFO|random_mc2_n7_mid3_d1000_05_mr098_r10_39_uai_GDCC_1e-05_n200_roTrue_s0: Loading data from ../models/synthetic/s123/random_mc2_n7_mid3_d1000_05_mr098_r10_39.csv
2026-02-02 16:27:16,712|INFO|random_mc2_n7_mid3_d1000_05_mr098_r10_39_uai_GDCC_1e-05_n200_roTrue_s0: PNS(V3,V5) exact: (0.0, 0.338230713)
2026-02-02 16:27:16,771|INFO|random_mc2_n8_mid3_d1000_05_mr098_r10_156_uai_GDCC_1e-05_n200_roFalse_s0: Loading model from ../models/synthetic/s123/random_mc2_n8_mid3_d1000_05_mr098_r10_156.uai
2026-02-02 16:27:16,787|INFO|random_mc2_n9_mid3_d1000_05_mr098_r10_200_uai_GDCC_1e-05_n200_roFalse_s0: Loading model from ../models/synthetic/s123/random_mc2_n9_mid3_d1000_05_mr098_r10_200.uai
2026-02-02 16:27:16,805|INFO|random_mc2_n8_mid3_d1000_05_mr098_r10_156_uai_GDCC_1e-05_n200_roFalse_s0: Loading data from ../models/synthetic/s123/random_mc2_n8_mid3_d1000_05_mr098_r10_156.csv
2026-02-02 16:27:16,804|INFO|random_mc2_n9_mid3_d1000_05_mr098_r10_200_uai_GDCC_1e-05_n200_roFalse_s0: Loading data from ../models/synthetic/s123/random_mc2_n9_mid3_d1000_05_mr098_r10_200.csv
2026-02-02 16:27:16,821|INFO|random_mc2_n9_mid3_d1000_05_mr098_r10_200_uai_GDCC_1e-05_n200_roFalse_s0: PNS(V3,V7) exact: (0.391618276478432, 0.4586153655851721)
2026-02-02 16:27:16,838|INFO|random_mc2_n5_mid3_d1000_05_mr098_r10_103_uai_GDCC_1e-05_n200_roFalse_s0: Loading model from ../models/synthetic/s123/random_mc2_n5_mid3_d1000_05_mr098_r10_103.uai
2026-02-02 16:27:16,861|INFO|random_mc2_n5_mid3_d1000_05_mr098_r10_82_uai_GDCC_1e-05_n200_roFalse_s0: Loading model from ../models/synthetic/s123/random_mc2_n5_mid3_d1000_05_mr098_r10_82.uai
2026-02-02 16:27:16,857|INFO|random_mc2_n5_mid3_d1000_05_mr098_r10_103_uai_GDCC_1e-05_n200_roFalse_s0: Loading data from ../models/synthetic/s123/random_mc2_n5_mid3_d1000_05_mr098_r10_103.csv
2026-02-02 16:27:16,877|INFO|random_mc2_n5_mid3_d1000_05_mr098_r10_103_uai_GDCC_1e-05_n200_roFalse_s0: PNS(V0,V4) exact: (0.055654259616004, 0.150953979930874)
2026-02-02 16:27:16,871|INFO|random_mc2_n5_mid3_d1000_05_mr098_r10_82_uai_GDCC_1e-05_n200_roFalse_s0: Loading data from ../models/synthetic/s123/random_mc2_n5_mid3_d1000_05_mr098_r10_82.csv
2026-02-02 16:27:20,156|INFO|random_mc2_n6_mid3_d1000_05_mr098_r10_140_uai_GDCC_1e-05_n200_roTrue_s0: Loading model from ../models/synthetic/s123/random_mc2_n6_mid3_d1000_05_mr098_r10_140.uai
2026-02-02 16:27:20,168|INFO|random_mc2_n6_mid3_d1000_05_mr098_r10_140_uai_GDCC_1e-05_n200_roTrue_s0: Loading data from ../models/synthetic/s123/random_mc2_n6_mid3_d1000_05_mr098_r10_140.csv
2026-02-02 16:27:22,436|INFO|random_mc2_n6_mid3_d1000_05_mr098_r10_21_uai_GDCC_1e-05_n200_roTrue_s0: Loading model from ../models/synthetic/s123/random_mc2_n6_mid3_d1000_05_mr098_r10_21.uai
2026-02-02 16:27:22,447|INFO|random_mc2_n6_mid3_d1000_05_mr098_r10_137_uai_GDCC_1e-05_n200_roFalse_s0: Loading model from ../models/synthetic/s123/random_mc2_n6_mid3_d1000_05_mr098_r10_137.uai
2026-02-02 16:27:22,458|INFO|random_mc2_n6_mid3_d1000_05_mr098_r10_21_uai_GDCC_1e-05_n200_roTrue_s0: Loading data from ../models/synthetic/s123/random_mc2_n6_mid3_d1000_05_mr098_r10_21.csv
2026-02-02 16:27:22,472|INFO|random_mc2_n6_mid3_d1000_05_mr098_r10_21_uai_GDCC_1e-05_n200_roTrue_s0: PNS(V1,V4) exact: (0.0, 0.1268215988678439)
2026-02-02 16:27:22,455|INFO|random_mc2_n6_mid3_d1000_05_mr098_r10_137_uai_GDCC_1e-05_n200_roFalse_s0: Loading data from ../models/synthetic/s123/random_mc2_n6_mid3_d1000_05_mr098_r10_137.csv
2026-02-02 16:27:22,471|INFO|random_mc2_n6_mid3_d1000_05_mr098_r10_137_uai_GDCC_1e-05_n200_roFalse_s0: PNS(V0,V3) exact: (0.0, 0.3125)
2026-02-02 16:27:22,554|INFO|random_mc2_n5_mid3_d1000_05_mr098_r10_193_uai_GDCC_1e-05_n200_roTrue_s0: Loading model from ../models/synthetic/s123/random_mc2_n5_mid3_d1000_05_mr098_r10_193.uai
2026-02-02 16:27:22,568|INFO|random_mc2_n5_mid3_d1000_05_mr098_r10_193_uai_GDCC_1e-05_n200_roTrue_s0: Loading data from ../models/synthetic/s123/random_mc2_n5_mid3_d1000_05_mr098_r10_193.csv
2026-02-02 16:27:26,407|INFO|random_mc2_n8_mid3_d1000_05_mr098_r10_191_uai_GDCC_1e-05_n200_roFalse_s0: Loading model from ../models/synthetic/s123/random_mc2_n8_mid3_d1000_05_mr098_r10_191.uai
2026-02-02 16:27:26,442|INFO|random_mc2_n8_mid3_d1000_05_mr098_r10_191_uai_GDCC_1e-05_n200_roFalse_s0: Loading data from ../models/synthetic/s123/random_mc2_n8_mid3_d1000_05_mr098_r10_191.csv
2026-02-02 16:27:26,465|INFO|random_mc2_n8_mid3_d1000_05_mr098_r10_191_uai_GDCC_1e-05_n200_roFalse_s0: PNS(V0,V7) exact: (0.2271504888, 0.2985032774)
2026-02-02 16:27:29,962|INFO|random_mc2_n5_mid3_d1000_05_mr098_r10_127_uai_GDCC_1e-05_n200_roFalse_s0: Loading model from ../models/synthetic/s123/random_mc2_n5_mid3_d1000_05_mr098_r10_127.uai
2026-02-02 16:27:29,981|INFO|random_mc2_n5_mid3_d1000_05_mr098_r10_127_uai_GDCC_1e-05_n200_roFalse_s0: Loading data from ../models/synthetic/s123/random_mc2_n5_mid3_d1000_05_mr098_r10_127.csv
2026-02-02 16:27:30,124|INFO|random_mc2_n8_mid3_d1000_05_mr098_r10_173_uai_GDCC_1e-05_n200_roTrue_s0: Loading model from ../models/synthetic/s123/random_mc2_n8_mid3_d1000_05_mr098_r10_173.uai
2026-02-02 16:27:30,129|INFO|random_mc2_n9_mid3_d1000_05_mr098_r10_104_uai_GDCC_1e-05_n200_roTrue_s0: Loading model from ../models/synthetic/s123/random_mc2_n9_mid3_d1000_05_mr098_r10_104.uai
2026-02-02 16:27:30,132|INFO|random_mc2_n5_mid3_d1000_05_mr098_r10_125_uai_GDCC_1e-05_n200_roFalse_s0: Loading model from ../models/synthetic/s123/random_mc2_n5_mid3_d1000_05_mr098_r10_125.uai
2026-02-02 16:27:30,146|INFO|random_mc2_n7_mid3_d1000_05_mr098_r10_127_uai_GDCC_1e-05_n200_roTrue_s0: Loading model from ../models/synthetic/s123/random_mc2_n7_mid3_d1000_05_mr098_r10_127.uai
2026-02-02 16:27:30,151|INFO|random_mc2_n8_mid3_d1000_05_mr098_r10_173_uai_GDCC_1e-05_n200_roTrue_s0: Loading data from ../models/synthetic/s123/random_mc2_n8_mid3_d1000_05_mr098_r10_173.csv
2026-02-02 16:27:30,159|INFO|random_mc2_n9_mid3_d1000_05_mr098_r10_104_uai_GDCC_1e-05_n200_roTrue_s0: Loading data from ../models/synthetic/s123/random_mc2_n9_mid3_d1000_05_mr098_r10_104.csv
2026-02-02 16:27:30,142|INFO|random_mc2_n5_mid3_d1000_05_mr098_r10_125_uai_GDCC_1e-05_n200_roFalse_s0: Loading data from ../models/synthetic/s123/random_mc2_n5_mid3_d1000_05_mr098_r10_125.csv
2026-02-02 16:27:30,154|INFO|random_mc2_n5_mid3_d1000_05_mr098_r10_125_uai_GDCC_1e-05_n200_roFalse_s0: PNS(V2,V4) exact: (0.0, 0.3332024784999999)
2026-02-02 16:27:30,185|INFO|random_mc2_n8_mid3_d1000_05_mr098_r10_125_uai_GDCC_1e-05_n200_roFalse_s0: Loading model from ../models/synthetic/s123/random_mc2_n8_mid3_d1000_05_mr098_r10_125.uai
2026-02-02 16:27:30,161|INFO|random_mc2_n7_mid3_d1000_05_mr098_r10_127_uai_GDCC_1e-05_n200_roTrue_s0: Loading data from ../models/synthetic/s123/random_mc2_n7_mid3_d1000_05_mr098_r10_127.csv
2026-02-02 16:27:30,177|INFO|random_mc2_n7_mid3_d1000_05_mr098_r10_127_uai_GDCC_1e-05_n200_roTrue_s0: PNS(V4,V5) exact: (0.2021747419002779, 0.288697593484274)
2026-02-02 16:27:30,222|INFO|random_mc2_n5_mid3_d1000_05_mr098_r10_99_uai_GDCC_1e-05_n200_roFalse_s0: Loading model from ../models/synthetic/s123/random_mc2_n5_mid3_d1000_05_mr098_r10_99.uai
2026-02-02 16:27:30,230|INFO|random_mc2_n5_mid3_d1000_05_mr098_r10_99_uai_GDCC_1e-05_n200_roFalse_s0: Loading data from ../models/synthetic/s123/random_mc2_n5_mid3_d1000_05_mr098_r10_99.csv
2026-02-02 16:27:30,243|INFO|random_mc2_n5_mid3_d1000_05_mr098_r10_99_uai_GDCC_1e-05_n200_roFalse_s0: PNS(V0,V4) exact: (0.0, 0.09976)
2026-02-02 16:27:30,347|INFO|random_mc2_n9_mid3_d1000_05_mr098_r10_198_uai_GDCC_1e-05_n200_roTrue_s0: Loading model from ../models/synthetic/s123/random_mc2_n9_mid3_d1000_05_mr098_r10_198.uai
2026-02-02 16:27:30,361|INFO|random_mc2_n9_mid3_d1000_05_mr098_r10_198_uai_GDCC_1e-05_n200_roTrue_s0: Loading data from ../models/synthetic/s123/random_mc2_n9_mid3_d1000_05_mr098_r10_198.csv
2026-02-02 16:27:30,406|INFO|random_mc2_n8_mid3_d1000_05_mr098_r10_125_uai_GDCC_1e-05_n200_roFalse_s0: Loading data from ../models/synthetic/s123/random_mc2_n8_mid3_d1000_05_mr098_r10_125.csv
2026-02-02 16:27:30,494|INFO|random_mc2_n9_mid3_d1000_05_mr098_r10_163_uai_GDCC_1e-05_n200_roFalse_s0: Loading model from ../models/synthetic/s123/random_mc2_n9_mid3_d1000_05_mr098_r10_163.uai
2026-02-02 16:27:30,526|INFO|random_mc2_n9_mid3_d1000_05_mr098_r10_163_uai_GDCC_1e-05_n200_roFalse_s0: Loading data from ../models/synthetic/s123/random_mc2_n9_mid3_d1000_05_mr098_r10_163.csv
2026-02-02 16:27:30,625|INFO|random_mc2_n6_mid3_d1000_05_mr098_r10_36_uai_GDCC_1e-05_n200_roFalse_s0: Loading model from ../models/synthetic/s123/random_mc2_n6_mid3_d1000_05_mr098_r10_36.uai
2026-02-02 16:27:30,638|INFO|random_mc2_n6_mid3_d1000_05_mr098_r10_36_uai_GDCC_1e-05_n200_roFalse_s0: Loading data from ../models/synthetic/s123/random_mc2_n6_mid3_d1000_05_mr098_r10_36.csv
2026-02-02 16:27:30,655|INFO|random_mc2_n6_mid3_d1000_05_mr098_r10_36_uai_GDCC_1e-05_n200_roFalse_s0: PNS(V1,V4) exact: (0.0029094796518842, 0.0163840107745321)
2026-02-02 16:27:30,720|INFO|random_mc2_n6_mid3_d1000_05_mr098_r10_116_uai_GDCC_1e-05_n200_roTrue_s0: Loading model from ../models/synthetic/s123/random_mc2_n6_mid3_d1000_05_mr098_r10_116.uai
2026-02-02 16:27:30,733|INFO|random_mc2_n6_mid3_d1000_05_mr098_r10_116_uai_GDCC_1e-05_n200_roTrue_s0: Loading data from ../models/synthetic/s123/random_mc2_n6_mid3_d1000_05_mr098_r10_116.csv
2026-02-02 16:27:30,747|INFO|random_mc2_n6_mid3_d1000_05_mr098_r10_116_uai_GDCC_1e-05_n200_roTrue_s0: PNS(V5,V1) exact: (0.0050404107, 0.1627079522999999)
2026-02-02 16:27:31,097|INFO|random_mc2_n6_mid3_d1000_05_mr098_r10_148_uai_GDCC_1e-05_n200_roTrue_s0: Loading model from ../models/synthetic/s123/random_mc2_n6_mid3_d1000_05_mr098_r10_148.uai
2026-02-02 16:27:31,109|INFO|random_mc2_n8_mid3_d1000_05_mr098_r10_76_uai_GDCC_1e-05_n200_roTrue_s0: Loading model from ../models/synthetic/s123/random_mc2_n8_mid3_d1000_05_mr098_r10_76.uai
2026-02-02 16:27:31,114|INFO|random_mc2_n9_mid3_d1000_05_mr098_r10_182_uai_GDCC_1e-05_n200_roTrue_s0: Loading model from ../models/synthetic/s123/random_mc2_n9_mid3_d1000_05_mr098_r10_182.uai
2026-02-02 16:27:31,105|INFO|random_mc2_n6_mid3_d1000_05_mr098_r10_148_uai_GDCC_1e-05_n200_roTrue_s0: Loading data from ../models/synthetic/s123/random_mc2_n6_mid3_d1000_05_mr098_r10_148.csv
2026-02-02 16:27:31,118|INFO|random_mc2_n6_mid3_d1000_05_mr098_r10_148_uai_GDCC_1e-05_n200_roTrue_s0: PNS(V0,V5) exact: (0.0, 0.0279858302999999)
2026-02-02 16:27:31,120|INFO|random_mc2_n8_mid3_d1000_05_mr098_r10_76_uai_GDCC_1e-05_n200_roTrue_s0: Loading data from ../models/synthetic/s123/random_mc2_n8_mid3_d1000_05_mr098_r10_76.csv
2026-02-02 16:27:31,133|INFO|random_mc2_n8_mid3_d1000_05_mr098_r10_76_uai_GDCC_1e-05_n200_roTrue_s0: PNS(V5,V4) exact: (0.400195964582856, 0.4868895953108599)
2026-02-02 16:27:31,152|INFO|random_mc2_n6_mid3_d1000_05_mr098_r10_172_uai_GDCC_1e-05_n200_roTrue_s0: Loading model from ../models/synthetic/s123/random_mc2_n6_mid3_d1000_05_mr098_r10_172.uai
2026-02-02 16:27:31,137|INFO|random_mc2_n9_mid3_d1000_05_mr098_r10_182_uai_GDCC_1e-05_n200_roTrue_s0: Loading data from ../models/synthetic/s123/random_mc2_n9_mid3_d1000_05_mr098_r10_182.csv
2026-02-02 16:27:31,158|INFO|random_mc2_n8_mid3_d1000_05_mr098_r10_12_uai_GDCC_1e-05_n200_roFalse_s0: Loading model from ../models/synthetic/s123/random_mc2_n8_mid3_d1000_05_mr098_r10_12.uai
2026-02-02 16:27:31,166|INFO|random_mc2_n6_mid3_d1000_05_mr098_r10_172_uai_GDCC_1e-05_n200_roTrue_s0: Loading data from ../models/synthetic/s123/random_mc2_n6_mid3_d1000_05_mr098_r10_172.csv
2026-02-02 16:27:31,174|INFO|random_mc2_n8_mid3_d1000_05_mr098_r10_12_uai_GDCC_1e-05_n200_roFalse_s0: Loading data from ../models/synthetic/s123/random_mc2_n8_mid3_d1000_05_mr098_r10_12.csv
2026-02-02 16:27:37,507|INFO|random_mc2_n5_mid3_d1000_05_mr098_r10_121_uai_GDCC_1e-05_n200_roFalse_s0: Loading model from ../models/synthetic/s123/random_mc2_n5_mid3_d1000_05_mr098_r10_121.uai
2026-02-02 16:27:37,529|INFO|random_mc2_n5_mid3_d1000_05_mr098_r10_121_uai_GDCC_1e-05_n200_roFalse_s0: Loading data from ../models/synthetic/s123/random_mc2_n5_mid3_d1000_05_mr098_r10_121.csv
2026-02-02 16:27:37,548|INFO|random_mc2_n5_mid3_d1000_05_mr098_r10_121_uai_GDCC_1e-05_n200_roFalse_s0: PNS(V3,V1) exact: (0.21434, 0.2800931238639491)
2026-02-02 16:27:38,566|INFO|random_mc2_n6_mid3_d1000_05_mr098_r10_182_uai_GDCC_1e-05_n200_roTrue_s0: Loading model from ../models/synthetic/s123/random_mc2_n6_mid3_d1000_05_mr098_r10_182.uai
2026-02-02 16:27:38,595|INFO|random_mc2_n6_mid3_d1000_05_mr098_r10_103_uai_GDCC_1e-05_n200_roTrue_s0: Loading model from ../models/synthetic/s123/random_mc2_n6_mid3_d1000_05_mr098_r10_103.uai
2026-02-02 16:27:38,604|INFO|random_mc2_n8_mid3_d1000_05_mr098_r10_156_uai_GDCC_1e-05_n200_roTrue_s0: Loading model from ../models/synthetic/s123/random_mc2_n8_mid3_d1000_05_mr098_r10_156.uai
2026-02-02 16:27:38,586|INFO|random_mc2_n6_mid3_d1000_05_mr098_r10_182_uai_GDCC_1e-05_n200_roTrue_s0: Loading data from ../models/synthetic/s123/random_mc2_n6_mid3_d1000_05_mr098_r10_182.csv
2026-02-02 16:27:38,602|INFO|random_mc2_n6_mid3_d1000_05_mr098_r10_182_uai_GDCC_1e-05_n200_roTrue_s0: PNS(V4,V5) exact: (0.2591310333408, 0.3907790126200001)
2026-02-02 16:27:38,620|INFO|random_mc2_n6_mid3_d1000_05_mr098_r10_19_uai_GDCC_1e-05_n200_roFalse_s0: Loading model from ../models/synthetic/s123/random_mc2_n6_mid3_d1000_05_mr098_r10_19.uai
2026-02-02 16:27:38,610|INFO|random_mc2_n6_mid3_d1000_05_mr098_r10_103_uai_GDCC_1e-05_n200_roTrue_s0: Loading data from ../models/synthetic/s123/random_mc2_n6_mid3_d1000_05_mr098_r10_103.csv
2026-02-02 16:27:38,640|INFO|random_mc2_n8_mid3_d1000_05_mr098_r10_156_uai_GDCC_1e-05_n200_roTrue_s0: Loading data from ../models/synthetic/s123/random_mc2_n8_mid3_d1000_05_mr098_r10_156.csv
2026-02-02 16:27:38,699|INFO|random_mc2_n6_mid3_d1000_05_mr098_r10_189_uai_GDCC_1e-05_n200_roTrue_s0: Loading model from ../models/synthetic/s123/random_mc2_n6_mid3_d1000_05_mr098_r10_189.uai
2026-02-02 16:27:38,712|INFO|random_mc2_n6_mid3_d1000_05_mr098_r10_189_uai_GDCC_1e-05_n200_roTrue_s0: Loading data from ../models/synthetic/s123/random_mc2_n6_mid3_d1000_05_mr098_r10_189.csv
2026-02-02 16:27:38,725|INFO|random_mc2_n6_mid3_d1000_05_mr098_r10_189_uai_GDCC_1e-05_n200_roTrue_s0: PNS(V3,V1) exact: (0.6089314630473477, 0.6883287464300636)
2026-02-02 16:27:38,750|INFO|random_mc2_n7_mid3_d1000_05_mr098_r10_53_uai_GDCC_1e-05_n200_roTrue_s0: Loading model from ../models/synthetic/s123/random_mc2_n7_mid3_d1000_05_mr098_r10_53.uai
2026-02-02 16:27:38,768|INFO|random_mc2_n7_mid3_d1000_05_mr098_r10_53_uai_GDCC_1e-05_n200_roTrue_s0: Loading data from ../models/synthetic/s123/random_mc2_n7_mid3_d1000_05_mr098_r10_53.csv
2026-02-02 16:27:38,825|INFO|random_mc2_n7_mid3_d1000_05_mr098_r10_68_uai_GDCC_1e-05_n200_roFalse_s0: Loading model from ../models/synthetic/s123/random_mc2_n7_mid3_d1000_05_mr098_r10_68.uai
2026-02-02 16:27:38,850|INFO|random_mc2_n6_mid3_d1000_05_mr098_r10_174_uai_GDCC_1e-05_n200_roFalse_s0: Loading model from ../models/synthetic/s123/random_mc2_n6_mid3_d1000_05_mr098_r10_174.uai
2026-02-02 16:27:38,851|INFO|random_mc2_n6_mid3_d1000_05_mr098_r10_19_uai_GDCC_1e-05_n200_roFalse_s0: Loading data from ../models/synthetic/s123/random_mc2_n6_mid3_d1000_05_mr098_r10_19.csv
2026-02-02 16:27:38,853|INFO|random_mc2_n6_mid3_d1000_05_mr098_r10_110_uai_GDCC_1e-05_n200_roFalse_s0: Loading model from ../models/synthetic/s123/random_mc2_n6_mid3_d1000_05_mr098_r10_110.uai
2026-02-02 16:27:38,862|INFO|random_mc2_n6_mid3_d1000_05_mr098_r10_174_uai_GDCC_1e-05_n200_roFalse_s0: Loading data from ../models/synthetic/s123/random_mc2_n6_mid3_d1000_05_mr098_r10_174.csv
2026-02-02 16:27:38,881|INFO|random_mc2_n6_mid3_d1000_05_mr098_r10_110_uai_GDCC_1e-05_n200_roFalse_s0: Loading data from ../models/synthetic/s123/random_mc2_n6_mid3_d1000_05_mr098_r10_110.csv
2026-02-02 16:27:38,909|INFO|random_mc2_n7_mid3_d1000_05_mr098_r10_68_uai_GDCC_1e-05_n200_roFalse_s0: Loading data from ../models/synthetic/s123/random_mc2_n7_mid3_d1000_05_mr098_r10_68.csv
2026-02-02 16:27:38,976|INFO|random_mc2_n7_mid3_d1000_05_mr098_r10_47_uai_GDCC_1e-05_n200_roTrue_s0: Loading model from ../models/synthetic/s123/random_mc2_n7_mid3_d1000_05_mr098_r10_47.uai
2026-02-02 16:27:38,982|INFO|random_mc2_n5_mid3_d1000_05_mr098_r10_40_uai_GDCC_1e-05_n200_roFalse_s0: Loading model from ../models/synthetic/s123/random_mc2_n5_mid3_d1000_05_mr098_r10_40.uai
2026-02-02 16:27:38,990|INFO|random_mc2_n7_mid3_d1000_05_mr098_r10_47_uai_GDCC_1e-05_n200_roTrue_s0: Loading data from ../models/synthetic/s123/random_mc2_n7_mid3_d1000_05_mr098_r10_47.csv
2026-02-02 16:27:39,002|INFO|random_mc2_n7_mid3_d1000_05_mr098_r10_47_uai_GDCC_1e-05_n200_roTrue_s0: PNS(V3,V6) exact: (0.1989106159359959, 0.311362706666494)
2026-02-02 16:27:38,991|INFO|random_mc2_n5_mid3_d1000_05_mr098_r10_40_uai_GDCC_1e-05_n200_roFalse_s0: Loading data from ../models/synthetic/s123/random_mc2_n5_mid3_d1000_05_mr098_r10_40.csv
2026-02-02 16:27:39,041|INFO|random_mc2_n5_mid3_d1000_05_mr098_r10_29_uai_GDCC_1e-05_n200_roFalse_s0: Loading model from ../models/synthetic/s123/random_mc2_n5_mid3_d1000_05_mr098_r10_29.uai
2026-02-02 16:27:39,069|INFO|random_mc2_n7_mid3_d1000_05_mr098_r10_139_uai_GDCC_1e-05_n200_roTrue_s0: Loading model from ../models/synthetic/s123/random_mc2_n7_mid3_d1000_05_mr098_r10_139.uai
2026-02-02 16:27:39,080|INFO|random_mc2_n5_mid3_d1000_05_mr098_r10_51_uai_GDCC_1e-05_n200_roFalse_s0: Loading model from ../models/synthetic/s123/random_mc2_n5_mid3_d1000_05_mr098_r10_51.uai
2026-02-02 16:27:39,051|INFO|random_mc2_n5_mid3_d1000_05_mr098_r10_29_uai_GDCC_1e-05_n200_roFalse_s0: Loading data from ../models/synthetic/s123/random_mc2_n5_mid3_d1000_05_mr098_r10_29.csv
2026-02-02 16:27:39,078|INFO|random_mc2_n7_mid3_d1000_05_mr098_r10_139_uai_GDCC_1e-05_n200_roTrue_s0: Loading data from ../models/synthetic/s123/random_mc2_n7_mid3_d1000_05_mr098_r10_139.csv
2026-02-02 16:27:39,092|INFO|random_mc2_n7_mid3_d1000_05_mr098_r10_139_uai_GDCC_1e-05_n200_roTrue_s0: PNS(V6,V2) exact: (3.4571033774154675e-05, 0.0010797131415254)
2026-02-02 16:27:39,086|INFO|random_mc2_n5_mid3_d1000_05_mr098_r10_51_uai_GDCC_1e-05_n200_roFalse_s0: Loading data from ../models/synthetic/s123/random_mc2_n5_mid3_d1000_05_mr098_r10_51.csv
2026-02-02 16:27:39,097|INFO|random_mc2_n5_mid3_d1000_05_mr098_r10_51_uai_GDCC_1e-05_n200_roFalse_s0: PNS(V2,V4) exact: (0.0, 0.17763)
2026-02-02 16:27:39,121|INFO|random_mc2_n9_mid3_d1000_05_mr098_r10_32_uai_GDCC_1e-05_n200_roTrue_s0: Loading model from ../models/synthetic/s123/random_mc2_n9_mid3_d1000_05_mr098_r10_32.uai
2026-02-02 16:27:39,126|INFO|random_mc2_n5_mid3_d1000_05_mr098_r10_144_uai_GDCC_1e-05_n200_roTrue_s0: Loading model from ../models/synthetic/s123/random_mc2_n5_mid3_d1000_05_mr098_r10_144.uai
2026-02-02 16:27:39,142|INFO|random_mc2_n9_mid3_d1000_05_mr098_r10_32_uai_GDCC_1e-05_n200_roTrue_s0: Loading data from ../models/synthetic/s123/random_mc2_n9_mid3_d1000_05_mr098_r10_32.csv
2026-02-02 16:27:39,156|INFO|random_mc2_n9_mid3_d1000_05_mr098_r10_32_uai_GDCC_1e-05_n200_roTrue_s0: PNS(V1,V3) exact: (0.0, 0.0)
2026-02-02 16:27:39,156|ERROR|random_mc2_n9_mid3_d1000_05_mr098_r10_32_uai_GDCC_1e-05_n200_roTrue_s0: Model does not have any cause-effect path.
2026-02-02 16:27:39,138|INFO|random_mc2_n5_mid3_d1000_05_mr098_r10_144_uai_GDCC_1e-05_n200_roTrue_s0: Loading data from ../models/synthetic/s123/random_mc2_n5_mid3_d1000_05_mr098_r10_144.csv
2026-02-02 16:27:39,151|INFO|random_mc2_n5_mid3_d1000_05_mr098_r10_144_uai_GDCC_1e-05_n200_roTrue_s0: PNS(V3,V1) exact: (0.385300924512895, 0.578062212781675)
2026-02-02 16:27:39,485|INFO|random_mc2_n8_mid3_d1000_05_mr098_r10_175_uai_GDCC_1e-05_n200_roFalse_s0: Loading model from ../models/synthetic/s123/random_mc2_n8_mid3_d1000_05_mr098_r10_175.uai
2026-02-02 16:27:39,524|INFO|random_mc2_n8_mid3_d1000_05_mr098_r10_175_uai_GDCC_1e-05_n200_roFalse_s0: Loading data from ../models/synthetic/s123/random_mc2_n8_mid3_d1000_05_mr098_r10_175.csv
2026-02-02 16:27:39,562|INFO|random_mc2_n7_mid3_d1000_05_mr098_r10_197_uai_GDCC_1e-05_n200_roTrue_s0: Loading model from ../models/synthetic/s123/random_mc2_n7_mid3_d1000_05_mr098_r10_197.uai
2026-02-02 16:27:39,574|INFO|random_mc2_n7_mid3_d1000_05_mr098_r10_197_uai_GDCC_1e-05_n200_roTrue_s0: Loading data from ../models/synthetic/s123/random_mc2_n7_mid3_d1000_05_mr098_r10_197.csv
2026-02-02 16:27:39,586|INFO|random_mc2_n7_mid3_d1000_05_mr098_r10_197_uai_GDCC_1e-05_n200_roTrue_s0: PNS(V4,V6) exact: (0.0077679086795427, 0.0129274736640678)
2026-02-02 16:27:39,653|INFO|random_mc2_n8_mid3_d1000_05_mr098_r10_188_uai_GDCC_1e-05_n200_roFalse_s0: Loading model from ../models/synthetic/s123/random_mc2_n8_mid3_d1000_05_mr098_r10_188.uai
2026-02-02 16:27:39,669|INFO|random_mc2_n8_mid3_d1000_05_mr098_r10_188_uai_GDCC_1e-05_n200_roFalse_s0: Loading data from ../models/synthetic/s123/random_mc2_n8_mid3_d1000_05_mr098_r10_188.csv
2026-02-02 16:27:40,140|INFO|random_mc2_n5_mid3_d1000_05_mr098_r10_41_uai_GDCC_1e-05_n200_roTrue_s0: Loading model from ../models/synthetic/s123/random_mc2_n5_mid3_d1000_05_mr098_r10_41.uai
2026-02-02 16:27:40,151|INFO|random_mc2_n5_mid3_d1000_05_mr098_r10_41_uai_GDCC_1e-05_n200_roTrue_s0: Loading data from ../models/synthetic/s123/random_mc2_n5_mid3_d1000_05_mr098_r10_41.csv
2026-02-02 16:27:40,167|INFO|random_mc2_n5_mid3_d1000_05_mr098_r10_41_uai_GDCC_1e-05_n200_roTrue_s0: PNS(V1,V4) exact: (0.0160025338999999, 0.0160025338999999)
2026-02-02 16:27:40,200|INFO|random_mc2_n6_mid3_d1000_05_mr098_r10_167_uai_GDCC_1e-05_n200_roFalse_s0: Loading model from ../models/synthetic/s123/random_mc2_n6_mid3_d1000_05_mr098_r10_167.uai
2026-02-02 16:27:40,211|INFO|random_mc2_n6_mid3_d1000_05_mr098_r10_167_uai_GDCC_1e-05_n200_roFalse_s0: Loading data from ../models/synthetic/s123/random_mc2_n6_mid3_d1000_05_mr098_r10_167.csv
2026-02-02 16:27:40,229|INFO|random_mc2_n6_mid3_d1000_05_mr098_r10_167_uai_GDCC_1e-05_n200_roFalse_s0: PNS(V2,V1) exact: (0.0056271242, 0.1343609088)
2026-02-02 16:27:45,303|INFO|random_mc2_n6_mid3_d1000_05_mr098_r10_180_uai_GDCC_1e-05_n200_roTrue_s0: Loading model from ../models/synthetic/s123/random_mc2_n6_mid3_d1000_05_mr098_r10_180.uai
2026-02-02 16:27:45,325|INFO|random_mc2_n6_mid3_d1000_05_mr098_r10_180_uai_GDCC_1e-05_n200_roTrue_s0: Loading data from ../models/synthetic/s123/random_mc2_n6_mid3_d1000_05_mr098_r10_180.csv
2026-02-02 16:27:45,352|INFO|random_mc2_n8_mid3_d1000_05_mr098_r10_189_uai_GDCC_1e-05_n200_roTrue_s0: Loading model from ../models/synthetic/s123/random_mc2_n8_mid3_d1000_05_mr098_r10_189.uai
2026-02-02 16:27:45,369|INFO|random_mc2_n8_mid3_d1000_05_mr098_r10_189_uai_GDCC_1e-05_n200_roTrue_s0: Loading data from ../models/synthetic/s123/random_mc2_n8_mid3_d1000_05_mr098_r10_189.csv
2026-02-02 16:27:45,392|INFO|random_mc2_n8_mid3_d1000_05_mr098_r10_189_uai_GDCC_1e-05_n200_roTrue_s0: PNS(V4,V7) exact: (0.0, 0.0)
2026-02-02 16:27:45,526|INFO|random_mc2_n5_mid3_d1000_05_mr098_r10_197_uai_GDCC_1e-05_n200_roTrue_s0: Loading model from ../models/synthetic/s123/random_mc2_n5_mid3_d1000_05_mr098_r10_197.uai
2026-02-02 16:27:45,565|INFO|random_mc2_n5_mid3_d1000_05_mr098_r10_8_uai_GDCC_1e-05_n200_roTrue_s0: Loading model from ../models/synthetic/s123/random_mc2_n5_mid3_d1000_05_mr098_r10_8.uai
2026-02-02 16:27:45,535|INFO|random_mc2_n5_mid3_d1000_05_mr098_r10_197_uai_GDCC_1e-05_n200_roTrue_s0: Loading data from ../models/synthetic/s123/random_mc2_n5_mid3_d1000_05_mr098_r10_197.csv
2026-02-02 16:27:45,548|INFO|random_mc2_n5_mid3_d1000_05_mr098_r10_197_uai_GDCC_1e-05_n200_roTrue_s0: PNS(V0,V2) exact: (0.0654547499999999, 0.0866559)
2026-02-02 16:27:45,576|INFO|random_mc2_n5_mid3_d1000_05_mr098_r10_8_uai_GDCC_1e-05_n200_roTrue_s0: Loading data from ../models/synthetic/s123/random_mc2_n5_mid3_d1000_05_mr098_r10_8.csv
2026-02-02 16:27:45,589|INFO|random_mc2_n5_mid3_d1000_05_mr098_r10_8_uai_GDCC_1e-05_n200_roTrue_s0: PNS(V2,V4) exact: (0.1708037925, 0.4919019990000001)
2026-02-02 16:27:45,615|INFO|random_mc2_n5_mid3_d1000_05_mr098_r10_58_uai_GDCC_1e-05_n200_roTrue_s0: Loading model from ../models/synthetic/s123/random_mc2_n5_mid3_d1000_05_mr098_r10_58.uai
2026-02-02 16:27:45,632|INFO|random_mc2_n5_mid3_d1000_05_mr098_r10_58_uai_GDCC_1e-05_n200_roTrue_s0: Loading data from ../models/synthetic/s123/random_mc2_n5_mid3_d1000_05_mr098_r10_58.csv
2026-02-02 16:27:45,647|INFO|random_mc2_n5_mid3_d1000_05_mr098_r10_58_uai_GDCC_1e-05_n200_roTrue_s0: PNS(V1,V4) exact: (0.0036215301384, 0.042303308980416)
2026-02-02 16:27:45,742|INFO|random_mc2_n6_mid3_d1000_05_mr098_r10_146_uai_GDCC_1e-05_n200_roTrue_s0: Loading model from ../models/synthetic/s123/random_mc2_n6_mid3_d1000_05_mr098_r10_146.uai
2026-02-02 16:27:45,775|INFO|random_mc2_n5_mid3_d1000_05_mr098_r10_66_uai_GDCC_1e-05_n200_roTrue_s0: Loading model from ../models/synthetic/s123/random_mc2_n5_mid3_d1000_05_mr098_r10_66.uai
2026-02-02 16:27:45,754|INFO|random_mc2_n6_mid3_d1000_05_mr098_r10_146_uai_GDCC_1e-05_n200_roTrue_s0: Loading data from ../models/synthetic/s123/random_mc2_n6_mid3_d1000_05_mr098_r10_146.csv
2026-02-02 16:27:45,767|INFO|random_mc2_n6_mid3_d1000_05_mr098_r10_146_uai_GDCC_1e-05_n200_roTrue_s0: PNS(V5,V3) exact: (0.4629754663000001, 0.4943296704000001)
2026-02-02 16:27:45,781|INFO|random_mc2_n5_mid3_d1000_05_mr098_r10_66_uai_GDCC_1e-05_n200_roTrue_s0: Loading data from ../models/synthetic/s123/random_mc2_n5_mid3_d1000_05_mr098_r10_66.csv
2026-02-02 16:27:45,794|INFO|random_mc2_n5_mid3_d1000_05_mr098_r10_66_uai_GDCC_1e-05_n200_roTrue_s0: PNS(V4,V1) exact: (0.7079657650000001, 0.8388291600000001)
2026-02-02 16:27:45,923|INFO|random_mc2_n5_mid3_d1000_05_mr098_r10_180_uai_GDCC_1e-05_n200_roTrue_s0: Loading model from ../models/synthetic/s123/random_mc2_n5_mid3_d1000_05_mr098_r10_180.uai
2026-02-02 16:27:45,929|INFO|random_mc2_n8_mid3_d1000_05_mr098_r10_28_uai_GDCC_1e-05_n200_roFalse_s0: Loading model from ../models/synthetic/s123/random_mc2_n8_mid3_d1000_05_mr098_r10_28.uai
2026-02-02 16:27:45,948|INFO|random_mc2_n6_mid3_d1000_05_mr098_r10_101_uai_GDCC_1e-05_n200_roTrue_s0: Loading model from ../models/synthetic/s123/random_mc2_n6_mid3_d1000_05_mr098_r10_101.uai
2026-02-02 16:27:45,928|INFO|random_mc2_n5_mid3_d1000_05_mr098_r10_180_uai_GDCC_1e-05_n200_roTrue_s0: Loading data from ../models/synthetic/s123/random_mc2_n5_mid3_d1000_05_mr098_r10_180.csv
2026-02-02 16:27:45,959|INFO|random_mc2_n6_mid3_d1000_05_mr098_r10_101_uai_GDCC_1e-05_n200_roTrue_s0: Loading data from ../models/synthetic/s123/random_mc2_n6_mid3_d1000_05_mr098_r10_101.csv
2026-02-02 16:27:46,167|INFO|random_mc2_n8_mid3_d1000_05_mr098_r10_28_uai_GDCC_1e-05_n200_roFalse_s0: Loading data from ../models/synthetic/s123/random_mc2_n8_mid3_d1000_05_mr098_r10_28.csv
2026-02-02 16:27:48,695|INFO|random_mc2_n7_mid3_d1000_05_mr098_r10_81_uai_GDCC_1e-05_n200_roTrue_s0: Loading model from ../models/synthetic/s123/random_mc2_n7_mid3_d1000_05_mr098_r10_81.uai
2026-02-02 16:27:48,716|INFO|random_mc2_n7_mid3_d1000_05_mr098_r10_81_uai_GDCC_1e-05_n200_roTrue_s0: Loading data from ../models/synthetic/s123/random_mc2_n7_mid3_d1000_05_mr098_r10_81.csv
2026-02-02 16:27:48,733|INFO|random_mc2_n7_mid3_d1000_05_mr098_r10_81_uai_GDCC_1e-05_n200_roTrue_s0: PNS(V4,V5) exact: (4.627372247959759e-07, 0.1171699848954117)
2026-02-02 16:27:48,771|INFO|random_mc2_n5_mid3_d1000_05_mr098_r10_195_uai_GDCC_1e-05_n200_roFalse_s0: Loading model from ../models/synthetic/s123/random_mc2_n5_mid3_d1000_05_mr098_r10_195.uai
2026-02-02 16:27:48,789|INFO|random_mc2_n6_mid3_d1000_05_mr098_r10_40_uai_GDCC_1e-05_n200_roFalse_s0: Loading model from ../models/synthetic/s123/random_mc2_n6_mid3_d1000_05_mr098_r10_40.uai
2026-02-02 16:27:48,788|INFO|random_mc2_n5_mid3_d1000_05_mr098_r10_195_uai_GDCC_1e-05_n200_roFalse_s0: Loading data from ../models/synthetic/s123/random_mc2_n5_mid3_d1000_05_mr098_r10_195.csv
2026-02-02 16:27:48,804|INFO|random_mc2_n5_mid3_d1000_05_mr098_r10_195_uai_GDCC_1e-05_n200_roFalse_s0: PNS(V0,V4) exact: (0.131789906, 0.3518961976)
2026-02-02 16:27:48,798|INFO|random_mc2_n6_mid3_d1000_05_mr098_r10_40_uai_GDCC_1e-05_n200_roFalse_s0: Loading data from ../models/synthetic/s123/random_mc2_n6_mid3_d1000_05_mr098_r10_40.csv
2026-02-02 16:27:48,815|INFO|random_mc2_n6_mid3_d1000_05_mr098_r10_40_uai_GDCC_1e-05_n200_roFalse_s0: PNS(V1,V5) exact: (0.0, 0.0896543509)
2026-02-02 16:27:48,872|INFO|random_mc2_n7_mid3_d1000_05_mr098_r10_15_uai_GDCC_1e-05_n200_roFalse_s0: Loading model from ../models/synthetic/s123/random_mc2_n7_mid3_d1000_05_mr098_r10_15.uai
2026-02-02 16:27:48,888|INFO|random_mc2_n7_mid3_d1000_05_mr098_r10_15_uai_GDCC_1e-05_n200_roFalse_s0: Loading data from ../models/synthetic/s123/random_mc2_n7_mid3_d1000_05_mr098_r10_15.csv
2026-02-02 16:27:48,911|INFO|random_mc2_n7_mid3_d1000_05_mr098_r10_15_uai_GDCC_1e-05_n200_roFalse_s0: PNS(V0,V6) exact: (0.3220170880214336, 0.5255000671372351)
2026-02-02 16:27:50,426|INFO|random_mc2_n9_mid3_d1000_05_mr098_r10_10_uai_GDCC_1e-05_n200_roFalse_s0: Loading model from ../models/synthetic/s123/random_mc2_n9_mid3_d1000_05_mr098_r10_10.uai
2026-02-02 16:27:50,458|INFO|random_mc2_n9_mid3_d1000_05_mr098_r10_10_uai_GDCC_1e-05_n200_roFalse_s0: Loading data from ../models/synthetic/s123/random_mc2_n9_mid3_d1000_05_mr098_r10_10.csv
2026-02-02 16:27:56,105|INFO|random_mc2_n5_mid3_d1000_05_mr098_r10_80_uai_GDCC_1e-05_n200_roFalse_s0: Loading model from ../models/synthetic/s123/random_mc2_n5_mid3_d1000_05_mr098_r10_80.uai
2026-02-02 16:27:56,132|INFO|random_mc2_n5_mid3_d1000_05_mr098_r10_80_uai_GDCC_1e-05_n200_roFalse_s0: Loading data from ../models/synthetic/s123/random_mc2_n5_mid3_d1000_05_mr098_r10_80.csv
2026-02-02 16:27:56,153|INFO|random_mc2_n5_mid3_d1000_05_mr098_r10_80_uai_GDCC_1e-05_n200_roFalse_s0: PNS(V1,V4) exact: (0.950554689425868, 0.970786964773004)
2026-02-02 16:28:00,979|INFO|random_mc2_n7_mid3_d1000_05_mr098_r10_91_uai_GDCC_1e-05_n200_roFalse_s0: Loading model from ../models/synthetic/s123/random_mc2_n7_mid3_d1000_05_mr098_r10_91.uai
2026-02-02 16:28:01,036|INFO|random_mc2_n7_mid3_d1000_05_mr098_r10_91_uai_GDCC_1e-05_n200_roFalse_s0: Loading data from ../models/synthetic/s123/random_mc2_n7_mid3_d1000_05_mr098_r10_91.csv
2026-02-02 16:28:01,226|INFO|random_mc2_n9_mid3_d1000_05_mr098_r10_140_uai_GDCC_1e-05_n200_roFalse_s0: Loading model from ../models/synthetic/s123/random_mc2_n9_mid3_d1000_05_mr098_r10_140.uai
2026-02-02 16:28:01,232|INFO|random_mc2_n5_mid3_d1000_05_mr098_r10_187_uai_GDCC_1e-05_n200_roFalse_s0: Loading model from ../models/synthetic/s123/random_mc2_n5_mid3_d1000_05_mr098_r10_187.uai
2026-02-02 16:28:01,256|INFO|random_mc2_n5_mid3_d1000_05_mr098_r10_49_uai_GDCC_1e-05_n200_roTrue_s0: Loading model from ../models/synthetic/s123/random_mc2_n5_mid3_d1000_05_mr098_r10_49.uai
2026-02-02 16:28:01,261|INFO|random_mc2_n9_mid3_d1000_05_mr098_r10_140_uai_GDCC_1e-05_n200_roFalse_s0: Loading data from ../models/synthetic/s123/random_mc2_n9_mid3_d1000_05_mr098_r10_140.csv
2026-02-02 16:28:01,263|INFO|random_mc2_n5_mid3_d1000_05_mr098_r10_187_uai_GDCC_1e-05_n200_roFalse_s0: Loading data from ../models/synthetic/s123/random_mc2_n5_mid3_d1000_05_mr098_r10_187.csv
2026-02-02 16:28:01,268|INFO|random_mc2_n5_mid3_d1000_05_mr098_r10_49_uai_GDCC_1e-05_n200_roTrue_s0: Loading data from ../models/synthetic/s123/random_mc2_n5_mid3_d1000_05_mr098_r10_49.csv
2026-02-02 16:28:01,299|INFO|random_mc2_n8_mid3_d1000_05_mr098_r10_30_uai_GDCC_1e-05_n200_roFalse_s0: Loading model from ../models/synthetic/s123/random_mc2_n8_mid3_d1000_05_mr098_r10_30.uai
2026-02-02 16:28:01,325|INFO|random_mc2_n9_mid3_d1000_05_mr098_r10_45_uai_GDCC_1e-05_n200_roFalse_s0: Loading model from ../models/synthetic/s123/random_mc2_n9_mid3_d1000_05_mr098_r10_45.uai
2026-02-02 16:28:01,332|INFO|random_mc2_n6_mid3_d1000_05_mr098_r10_95_uai_GDCC_1e-05_n200_roFalse_s0: Loading model from ../models/synthetic/s123/random_mc2_n6_mid3_d1000_05_mr098_r10_95.uai
2026-02-02 16:28:01,320|INFO|random_mc2_n8_mid3_d1000_05_mr098_r10_30_uai_GDCC_1e-05_n200_roFalse_s0: Loading data from ../models/synthetic/s123/random_mc2_n8_mid3_d1000_05_mr098_r10_30.csv
2026-02-02 16:28:01,337|INFO|random_mc2_n9_mid3_d1000_05_mr098_r10_45_uai_GDCC_1e-05_n200_roFalse_s0: Loading data from ../models/synthetic/s123/random_mc2_n9_mid3_d1000_05_mr098_r10_45.csv
2026-02-02 16:28:01,354|INFO|random_mc2_n9_mid3_d1000_05_mr098_r10_45_uai_GDCC_1e-05_n200_roFalse_s0: PNS(V4,V5) exact: (0.0019792379219094, 0.0020994991224765)
2026-02-02 16:28:01,347|INFO|random_mc2_n6_mid3_d1000_05_mr098_r10_95_uai_GDCC_1e-05_n200_roFalse_s0: Loading data from ../models/synthetic/s123/random_mc2_n6_mid3_d1000_05_mr098_r10_95.csv
2026-02-02 16:28:01,367|INFO|random_mc2_n6_mid3_d1000_05_mr098_r10_95_uai_GDCC_1e-05_n200_roFalse_s0: PNS(V0,V3) exact: (0.0125035191999999, 0.0125035191999999)
2026-02-02 16:28:01,420|INFO|random_mc2_n9_mid3_d1000_05_mr098_r10_121_uai_GDCC_1e-05_n200_roFalse_s0: Loading model from ../models/synthetic/s123/random_mc2_n9_mid3_d1000_05_mr098_r10_121.uai
2026-02-02 16:28:01,434|INFO|random_mc2_n5_mid3_d1000_05_mr098_r10_112_uai_GDCC_1e-05_n200_roFalse_s0: Loading model from ../models/synthetic/s123/random_mc2_n5_mid3_d1000_05_mr098_r10_112.uai
2026-02-02 16:28:01,439|INFO|random_mc2_n9_mid3_d1000_05_mr098_r10_121_uai_GDCC_1e-05_n200_roFalse_s0: Loading data from ../models/synthetic/s123/random_mc2_n9_mid3_d1000_05_mr098_r10_121.csv
2026-02-02 16:28:01,446|INFO|random_mc2_n5_mid3_d1000_05_mr098_r10_112_uai_GDCC_1e-05_n200_roFalse_s0: Loading data from ../models/synthetic/s123/random_mc2_n5_mid3_d1000_05_mr098_r10_112.csv
2026-02-02 16:28:01,538|INFO|random_mc2_n8_mid3_d1000_05_mr098_r10_159_uai_GDCC_1e-05_n200_roTrue_s0: Loading model from ../models/synthetic/s123/random_mc2_n8_mid3_d1000_05_mr098_r10_159.uai
2026-02-02 16:28:01,560|INFO|random_mc2_n8_mid3_d1000_05_mr098_r10_159_uai_GDCC_1e-05_n200_roTrue_s0: Loading data from ../models/synthetic/s123/random_mc2_n8_mid3_d1000_05_mr098_r10_159.csv
2026-02-02 16:28:01,711|INFO|random_mc2_n5_mid3_d1000_05_mr098_r10_47_uai_GDCC_1e-05_n200_roTrue_s0: Loading model from ../models/synthetic/s123/random_mc2_n5_mid3_d1000_05_mr098_r10_47.uai
2026-02-02 16:28:01,723|INFO|random_mc2_n5_mid3_d1000_05_mr098_r10_47_uai_GDCC_1e-05_n200_roTrue_s0: Loading data from ../models/synthetic/s123/random_mc2_n5_mid3_d1000_05_mr098_r10_47.csv
2026-02-02 16:28:01,739|INFO|random_mc2_n5_mid3_d1000_05_mr098_r10_47_uai_GDCC_1e-05_n200_roTrue_s0: PNS(V2,V3) exact: (0.1161899999999999, 0.1161899999999999)
2026-02-02 16:28:01,838|INFO|random_mc2_n5_mid3_d1000_05_mr098_r10_192_uai_GDCC_1e-05_n200_roTrue_s0: Loading model from ../models/synthetic/s123/random_mc2_n5_mid3_d1000_05_mr098_r10_192.uai
2026-02-02 16:28:01,850|INFO|random_mc2_n5_mid3_d1000_05_mr098_r10_192_uai_GDCC_1e-05_n200_roTrue_s0: Loading data from ../models/synthetic/s123/random_mc2_n5_mid3_d1000_05_mr098_r10_192.csv
2026-02-02 16:28:01,868|INFO|random_mc2_n5_mid3_d1000_05_mr098_r10_192_uai_GDCC_1e-05_n200_roTrue_s0: PNS(V0,V2) exact: (0.019158534066672, 0.243463236618182)
2026-02-02 16:28:01,892|INFO|random_mc2_n7_mid3_d1000_05_mr098_r10_185_uai_GDCC_1e-05_n200_roTrue_s0: Loading model from ../models/synthetic/s123/random_mc2_n7_mid3_d1000_05_mr098_r10_185.uai
2026-02-02 16:28:01,911|INFO|random_mc2_n9_mid3_d1000_05_mr098_r10_152_uai_GDCC_1e-05_n200_roTrue_s0: Loading model from ../models/synthetic/s123/random_mc2_n9_mid3_d1000_05_mr098_r10_152.uai
2026-02-02 16:28:01,931|INFO|random_mc2_n6_mid3_d1000_05_mr098_r10_173_uai_GDCC_1e-05_n200_roTrue_s0: Loading model from ../models/synthetic/s123/random_mc2_n6_mid3_d1000_05_mr098_r10_173.uai
2026-02-02 16:28:01,914|INFO|random_mc2_n7_mid3_d1000_05_mr098_r10_185_uai_GDCC_1e-05_n200_roTrue_s0: Loading data from ../models/synthetic/s123/random_mc2_n7_mid3_d1000_05_mr098_r10_185.csv
2026-02-02 16:28:01,928|INFO|random_mc2_n7_mid3_d1000_05_mr098_r10_185_uai_GDCC_1e-05_n200_roTrue_s0: PNS(V4,V5) exact: (0.026299086270706, 0.362919468953052)
2026-02-02 16:28:01,947|INFO|random_mc2_n9_mid3_d1000_05_mr098_r10_152_uai_GDCC_1e-05_n200_roTrue_s0: Loading data from ../models/synthetic/s123/random_mc2_n9_mid3_d1000_05_mr098_r10_152.csv
2026-02-02 16:28:01,961|INFO|random_mc2_n9_mid3_d1000_05_mr098_r10_152_uai_GDCC_1e-05_n200_roTrue_s0: PNS(V4,V6) exact: (0.0985718975711222, 0.2731262523008737)
2026-02-02 16:28:01,947|INFO|random_mc2_n6_mid3_d1000_05_mr098_r10_173_uai_GDCC_1e-05_n200_roTrue_s0: Loading data from ../models/synthetic/s123/random_mc2_n6_mid3_d1000_05_mr098_r10_173.csv
2026-02-02 16:28:01,963|INFO|random_mc2_n6_mid3_d1000_05_mr098_r10_173_uai_GDCC_1e-05_n200_roTrue_s0: PNS(V0,V1) exact: (0.1087817342113937, 0.3199727789499366)
2026-02-02 16:28:02,043|INFO|random_mc2_n8_mid3_d1000_05_mr098_r10_48_uai_GDCC_1e-05_n200_roTrue_s0: Loading model from ../models/synthetic/s123/random_mc2_n8_mid3_d1000_05_mr098_r10_48.uai
2026-02-02 16:28:02,058|INFO|random_mc2_n8_mid3_d1000_05_mr098_r10_48_uai_GDCC_1e-05_n200_roTrue_s0: Loading data from ../models/synthetic/s123/random_mc2_n8_mid3_d1000_05_mr098_r10_48.csv
2026-02-02 16:28:02,078|INFO|random_mc2_n8_mid3_d1000_05_mr098_r10_48_uai_GDCC_1e-05_n200_roTrue_s0: PNS(V3,V0) exact: (0.1524285448463559, 0.220079197754316)
2026-02-02 16:28:07,141|INFO|random_mc2_n9_mid3_d1000_05_mr098_r10_122_uai_GDCC_1e-05_n200_roTrue_s0: Loading model from ../models/synthetic/s123/random_mc2_n9_mid3_d1000_05_mr098_r10_122.uai
2026-02-02 16:28:07,166|INFO|random_mc2_n5_mid3_d1000_05_mr098_r10_86_uai_GDCC_1e-05_n200_roTrue_s0: Loading model from ../models/synthetic/s123/random_mc2_n5_mid3_d1000_05_mr098_r10_86.uai
2026-02-02 16:28:07,200|INFO|random_mc2_n7_mid3_d1000_05_mr098_r10_89_uai_GDCC_1e-05_n200_roTrue_s0: Loading model from ../models/synthetic/s123/random_mc2_n7_mid3_d1000_05_mr098_r10_89.uai
2026-02-02 16:28:07,180|INFO|random_mc2_n5_mid3_d1000_05_mr098_r10_86_uai_GDCC_1e-05_n200_roTrue_s0: Loading data from ../models/synthetic/s123/random_mc2_n5_mid3_d1000_05_mr098_r10_86.csv
2026-02-02 16:28:07,208|INFO|random_mc2_n5_mid3_d1000_05_mr098_r10_86_uai_GDCC_1e-05_n200_roTrue_s0: PNS(V3,V4) exact: (0.104073125, 0.2262469198)
2026-02-02 16:28:07,219|INFO|random_mc2_n7_mid3_d1000_05_mr098_r10_89_uai_GDCC_1e-05_n200_roTrue_s0: Loading data from ../models/synthetic/s123/random_mc2_n7_mid3_d1000_05_mr098_r10_89.csv
2026-02-02 16:28:07,241|INFO|random_mc2_n7_mid3_d1000_05_mr098_r10_89_uai_GDCC_1e-05_n200_roTrue_s0: PNS(V3,V5) exact: (0.004984755025224, 0.0216545809382499)
2026-02-02 16:28:07,252|INFO|random_mc2_n8_mid3_d1000_05_mr098_r10_26_uai_GDCC_1e-05_n200_roTrue_s0: Loading model from ../models/synthetic/s123/random_mc2_n8_mid3_d1000_05_mr098_r10_26.uai
2026-02-02 16:28:07,276|INFO|random_mc2_n8_mid3_d1000_05_mr098_r10_26_uai_GDCC_1e-05_n200_roTrue_s0: Loading data from ../models/synthetic/s123/random_mc2_n8_mid3_d1000_05_mr098_r10_26.csv
2026-02-02 16:28:07,408|INFO|random_mc2_n9_mid3_d1000_05_mr098_r10_122_uai_GDCC_1e-05_n200_roTrue_s0: Loading data from ../models/synthetic/s123/random_mc2_n9_mid3_d1000_05_mr098_r10_122.csv
2026-02-02 16:28:09,697|INFO|random_mc2_n7_mid3_d1000_05_mr098_r10_59_uai_GDCC_1e-05_n200_roFalse_s0: Loading model from ../models/synthetic/s123/random_mc2_n7_mid3_d1000_05_mr098_r10_59.uai
2026-02-02 16:28:09,703|INFO|random_mc2_n6_mid3_d1000_05_mr098_r10_179_uai_GDCC_1e-05_n200_roTrue_s0: Loading model from ../models/synthetic/s123/random_mc2_n6_mid3_d1000_05_mr098_r10_179.uai
2026-02-02 16:28:09,749|INFO|random_mc2_n6_mid3_d1000_05_mr098_r10_186_uai_GDCC_1e-05_n200_roTrue_s0: Loading model from ../models/synthetic/s123/random_mc2_n6_mid3_d1000_05_mr098_r10_186.uai
2026-02-02 16:28:09,777|INFO|random_mc2_n6_mid3_d1000_05_mr098_r10_186_uai_GDCC_1e-05_n200_roTrue_s0: Loading data from ../models/synthetic/s123/random_mc2_n6_mid3_d1000_05_mr098_r10_186.csv
2026-02-02 16:28:09,792|INFO|random_mc2_n5_mid3_d1000_05_mr098_r10_113_uai_GDCC_1e-05_n200_roTrue_s0: Loading model from ../models/synthetic/s123/random_mc2_n5_mid3_d1000_05_mr098_r10_113.uai
2026-02-02 16:28:09,798|INFO|random_mc2_n7_mid3_d1000_05_mr098_r10_59_uai_GDCC_1e-05_n200_roFalse_s0: Loading data from ../models/synthetic/s123/random_mc2_n7_mid3_d1000_05_mr098_r10_59.csv
2026-02-02 16:28:09,800|INFO|random_mc2_n8_mid3_d1000_05_mr098_r10_146_uai_GDCC_1e-05_n200_roTrue_s0: Loading model from ../models/synthetic/s123/random_mc2_n8_mid3_d1000_05_mr098_r10_146.uai
2026-02-02 16:28:09,812|INFO|random_mc2_n6_mid3_d1000_05_mr098_r10_152_uai_GDCC_1e-05_n200_roFalse_s0: Loading model from ../models/synthetic/s123/random_mc2_n6_mid3_d1000_05_mr098_r10_152.uai
2026-02-02 16:28:09,799|INFO|random_mc2_n5_mid3_d1000_05_mr098_r10_113_uai_GDCC_1e-05_n200_roTrue_s0: Loading data from ../models/synthetic/s123/random_mc2_n5_mid3_d1000_05_mr098_r10_113.csv
2026-02-02 16:28:09,812|INFO|random_mc2_n5_mid3_d1000_05_mr098_r10_113_uai_GDCC_1e-05_n200_roTrue_s0: PNS(V3,V1) exact: (0.3215531011, 0.5646456533000002)
2026-02-02 16:28:09,819|INFO|random_mc2_n8_mid3_d1000_05_mr098_r10_146_uai_GDCC_1e-05_n200_roTrue_s0: Loading data from ../models/synthetic/s123/random_mc2_n8_mid3_d1000_05_mr098_r10_146.csv
2026-02-02 16:28:09,866|INFO|random_mc2_n8_mid3_d1000_05_mr098_r10_38_uai_GDCC_1e-05_n200_roFalse_s0: Loading model from ../models/synthetic/s123/random_mc2_n8_mid3_d1000_05_mr098_r10_38.uai
2026-02-02 16:28:09,894|INFO|random_mc2_n5_mid3_d1000_05_mr098_r10_120_uai_GDCC_1e-05_n200_roTrue_s0: Loading model from ../models/synthetic/s123/random_mc2_n5_mid3_d1000_05_mr098_r10_120.uai
2026-02-02 16:28:09,896|INFO|random_mc2_n8_mid3_d1000_05_mr098_r10_38_uai_GDCC_1e-05_n200_roFalse_s0: Loading data from ../models/synthetic/s123/random_mc2_n8_mid3_d1000_05_mr098_r10_38.csv
2026-02-02 16:28:09,910|INFO|random_mc2_n6_mid3_d1000_05_mr098_r10_152_uai_GDCC_1e-05_n200_roFalse_s0: Loading data from ../models/synthetic/s123/random_mc2_n6_mid3_d1000_05_mr098_r10_152.csv
2026-02-02 16:28:09,910|INFO|random_mc2_n6_mid3_d1000_05_mr098_r10_107_uai_GDCC_1e-05_n200_roTrue_s0: Loading model from ../models/synthetic/s123/random_mc2_n6_mid3_d1000_05_mr098_r10_107.uai
2026-02-02 16:28:09,918|INFO|random_mc2_n6_mid3_d1000_05_mr098_r10_146_uai_GDCC_1e-05_n200_roFalse_s0: Loading model from ../models/synthetic/s123/random_mc2_n6_mid3_d1000_05_mr098_r10_146.uai
2026-02-02 16:28:09,923|INFO|random_mc2_n6_mid3_d1000_05_mr098_r10_179_uai_GDCC_1e-05_n200_roTrue_s0: Loading data from ../models/synthetic/s123/random_mc2_n6_mid3_d1000_05_mr098_r10_179.csv
2026-02-02 16:28:09,899|INFO|random_mc2_n5_mid3_d1000_05_mr098_r10_120_uai_GDCC_1e-05_n200_roTrue_s0: Loading data from ../models/synthetic/s123/random_mc2_n5_mid3_d1000_05_mr098_r10_120.csv
2026-02-02 16:28:09,910|INFO|random_mc2_n5_mid3_d1000_05_mr098_r10_120_uai_GDCC_1e-05_n200_roTrue_s0: PNS(V3,V1) exact: (0.39503, 0.60644)
2026-02-02 16:28:09,923|INFO|random_mc2_n6_mid3_d1000_05_mr098_r10_107_uai_GDCC_1e-05_n200_roTrue_s0: Loading data from ../models/synthetic/s123/random_mc2_n6_mid3_d1000_05_mr098_r10_107.csv
2026-02-02 16:28:09,936|INFO|random_mc2_n6_mid3_d1000_05_mr098_r10_107_uai_GDCC_1e-05_n200_roTrue_s0: PNS(V2,V4) exact: (0.0692122168437381, 0.3642803790180109)
2026-02-02 16:28:09,930|INFO|random_mc2_n6_mid3_d1000_05_mr098_r10_146_uai_GDCC_1e-05_n200_roFalse_s0: Loading data from ../models/synthetic/s123/random_mc2_n6_mid3_d1000_05_mr098_r10_146.csv
2026-02-02 16:28:09,942|INFO|random_mc2_n6_mid3_d1000_05_mr098_r10_146_uai_GDCC_1e-05_n200_roFalse_s0: PNS(V5,V3) exact: (0.4629754663000001, 0.4943296704000001)
2026-02-02 16:28:10,025|INFO|random_mc2_n5_mid3_d1000_05_mr098_r10_171_uai_GDCC_1e-05_n200_roTrue_s0: Loading model from ../models/synthetic/s123/random_mc2_n5_mid3_d1000_05_mr098_r10_171.uai
2026-02-02 16:28:10,033|INFO|random_mc2_n5_mid3_d1000_05_mr098_r10_171_uai_GDCC_1e-05_n200_roTrue_s0: Loading data from ../models/synthetic/s123/random_mc2_n5_mid3_d1000_05_mr098_r10_171.csv
2026-02-02 16:28:10,045|INFO|random_mc2_n5_mid3_d1000_05_mr098_r10_171_uai_GDCC_1e-05_n200_roTrue_s0: PNS(V1,V3) exact: (0.1863474158, 0.2259063265)
2026-02-02 16:28:10,203|INFO|random_mc2_n5_mid3_d1000_05_mr098_r10_122_uai_GDCC_1e-05_n200_roFalse_s0: Loading model from ../models/synthetic/s123/random_mc2_n5_mid3_d1000_05_mr098_r10_122.uai
2026-02-02 16:28:10,216|INFO|random_mc2_n5_mid3_d1000_05_mr098_r10_122_uai_GDCC_1e-05_n200_roFalse_s0: Loading data from ../models/synthetic/s123/random_mc2_n5_mid3_d1000_05_mr098_r10_122.csv
2026-02-02 16:28:10,258|INFO|random_mc2_n5_mid3_d1000_05_mr098_r10_122_uai_GDCC_1e-05_n200_roFalse_s0: PNS(V0,V3) exact: (0.0, 0.30162)
2026-02-02 16:28:10,266|INFO|random_mc2_n6_mid3_d1000_05_mr098_r10_23_uai_GDCC_1e-05_n200_roTrue_s0: Loading model from ../models/synthetic/s123/random_mc2_n6_mid3_d1000_05_mr098_r10_23.uai
2026-02-02 16:28:10,296|INFO|random_mc2_n9_mid3_d1000_05_mr098_r10_28_uai_GDCC_1e-05_n200_roFalse_s0: Loading model from ../models/synthetic/s123/random_mc2_n9_mid3_d1000_05_mr098_r10_28.uai
2026-02-02 16:28:10,283|INFO|random_mc2_n6_mid3_d1000_05_mr098_r10_23_uai_GDCC_1e-05_n200_roTrue_s0: Loading data from ../models/synthetic/s123/random_mc2_n6_mid3_d1000_05_mr098_r10_23.csv
2026-02-02 16:28:10,308|INFO|random_mc2_n6_mid3_d1000_05_mr098_r10_23_uai_GDCC_1e-05_n200_roTrue_s0: PNS(V0,V5) exact: (0.0, 0.206564908524544)
2026-02-02 16:28:10,326|INFO|random_mc2_n5_mid3_d1000_05_mr098_r10_116_uai_GDCC_1e-05_n200_roTrue_s0: Loading model from ../models/synthetic/s123/random_mc2_n5_mid3_d1000_05_mr098_r10_116.uai
2026-02-02 16:28:10,332|INFO|random_mc2_n7_mid3_d1000_05_mr098_r10_60_uai_GDCC_1e-05_n200_roFalse_s0: Loading model from ../models/synthetic/s123/random_mc2_n7_mid3_d1000_05_mr098_r10_60.uai
2026-02-02 16:28:10,327|INFO|random_mc2_n9_mid3_d1000_05_mr098_r10_28_uai_GDCC_1e-05_n200_roFalse_s0: Loading data from ../models/synthetic/s123/random_mc2_n9_mid3_d1000_05_mr098_r10_28.csv
2026-02-02 16:28:10,334|INFO|random_mc2_n5_mid3_d1000_05_mr098_r10_116_uai_GDCC_1e-05_n200_roTrue_s0: Loading data from ../models/synthetic/s123/random_mc2_n5_mid3_d1000_05_mr098_r10_116.csv
2026-02-02 16:28:10,353|INFO|random_mc2_n5_mid3_d1000_05_mr098_r10_116_uai_GDCC_1e-05_n200_roTrue_s0: PNS(V1,V3) exact: (0.0, 0.0017957419812)
2026-02-02 16:28:10,353|INFO|random_mc2_n7_mid3_d1000_05_mr098_r10_60_uai_GDCC_1e-05_n200_roFalse_s0: Loading data from ../models/synthetic/s123/random_mc2_n7_mid3_d1000_05_mr098_r10_60.csv
2026-02-02 16:28:11,408|INFO|random_mc2_n5_mid3_d1000_05_mr098_r10_173_uai_GDCC_1e-05_n200_roTrue_s0: Loading model from ../models/synthetic/s123/random_mc2_n5_mid3_d1000_05_mr098_r10_173.uai
2026-02-02 16:28:11,415|INFO|random_mc2_n5_mid3_d1000_05_mr098_r10_173_uai_GDCC_1e-05_n200_roTrue_s0: Loading data from ../models/synthetic/s123/random_mc2_n5_mid3_d1000_05_mr098_r10_173.csv
2026-02-02 16:28:11,429|INFO|random_mc2_n5_mid3_d1000_05_mr098_r10_173_uai_GDCC_1e-05_n200_roTrue_s0: PNS(V1,V2) exact: (0.1236554301, 0.4222693768)
2026-02-02 16:28:11,898|INFO|random_mc2_n5_mid3_d1000_05_mr098_r10_90_uai_GDCC_1e-05_n200_roFalse_s0: Loading model from ../models/synthetic/s123/random_mc2_n5_mid3_d1000_05_mr098_r10_90.uai
2026-02-02 16:28:11,920|INFO|random_mc2_n6_mid3_d1000_05_mr098_r10_91_uai_GDCC_1e-05_n200_roTrue_s0: Loading model from ../models/synthetic/s123/random_mc2_n6_mid3_d1000_05_mr098_r10_91.uai
2026-02-02 16:28:11,927|INFO|random_mc2_n5_mid3_d1000_05_mr098_r10_105_uai_GDCC_1e-05_n200_roTrue_s0: Loading model from ../models/synthetic/s123/random_mc2_n5_mid3_d1000_05_mr098_r10_105.uai
2026-02-02 16:28:11,916|INFO|random_mc2_n5_mid3_d1000_05_mr098_r10_90_uai_GDCC_1e-05_n200_roFalse_s0: Loading data from ../models/synthetic/s123/random_mc2_n5_mid3_d1000_05_mr098_r10_90.csv
2026-02-02 16:28:11,936|INFO|random_mc2_n5_mid3_d1000_05_mr098_r10_90_uai_GDCC_1e-05_n200_roFalse_s0: PNS(V2,V3) exact: (0.70713, 0.8487600000000001)
2026-02-02 16:28:11,937|INFO|random_mc2_n6_mid3_d1000_05_mr098_r10_91_uai_GDCC_1e-05_n200_roTrue_s0: Loading data from ../models/synthetic/s123/random_mc2_n6_mid3_d1000_05_mr098_r10_91.csv
2026-02-02 16:28:11,955|INFO|random_mc2_n6_mid3_d1000_05_mr098_r10_91_uai_GDCC_1e-05_n200_roTrue_s0: PNS(V0,V4) exact: (0.0014168071017796, 0.103549899791906)
2026-02-02 16:28:11,943|INFO|random_mc2_n5_mid3_d1000_05_mr098_r10_105_uai_GDCC_1e-05_n200_roTrue_s0: Loading data from ../models/synthetic/s123/random_mc2_n5_mid3_d1000_05_mr098_r10_105.csv
2026-02-02 16:28:12,748|INFO|random_mc2_n9_mid3_d1000_05_mr098_r10_119_uai_GDCC_1e-05_n200_roTrue_s0: Loading model from ../models/synthetic/s123/random_mc2_n9_mid3_d1000_05_mr098_r10_119.uai
2026-02-02 16:28:12,768|INFO|random_mc2_n9_mid3_d1000_05_mr098_r10_119_uai_GDCC_1e-05_n200_roTrue_s0: Loading data from ../models/synthetic/s123/random_mc2_n9_mid3_d1000_05_mr098_r10_119.csv
2026-02-02 16:28:12,785|INFO|random_mc2_n9_mid3_d1000_05_mr098_r10_119_uai_GDCC_1e-05_n200_roTrue_s0: PNS(V0,V8) exact: (0.0742677176, 0.0951852808999999)
2026-02-02 16:28:12,790|INFO|random_mc2_n7_mid3_d1000_05_mr098_r10_93_uai_GDCC_1e-05_n200_roTrue_s0: Loading model from ../models/synthetic/s123/random_mc2_n7_mid3_d1000_05_mr098_r10_93.uai
2026-02-02 16:28:12,807|INFO|random_mc2_n5_mid3_d1000_05_mr098_r10_194_uai_GDCC_1e-05_n200_roFalse_s0: Loading model from ../models/synthetic/s123/random_mc2_n5_mid3_d1000_05_mr098_r10_194.uai
2026-02-02 16:28:12,805|INFO|random_mc2_n7_mid3_d1000_05_mr098_r10_93_uai_GDCC_1e-05_n200_roTrue_s0: Loading data from ../models/synthetic/s123/random_mc2_n7_mid3_d1000_05_mr098_r10_93.csv
2026-02-02 16:28:12,823|INFO|random_mc2_n5_mid3_d1000_05_mr098_r10_194_uai_GDCC_1e-05_n200_roFalse_s0: Loading data from ../models/synthetic/s123/random_mc2_n5_mid3_d1000_05_mr098_r10_194.csv
2026-02-02 16:28:12,839|INFO|random_mc2_n5_mid3_d1000_05_mr098_r10_194_uai_GDCC_1e-05_n200_roFalse_s0: PNS(V3,V2) exact: (0.01055616190497, 0.096865567581924)
2026-02-02 16:28:12,864|INFO|random_mc2_n6_mid3_d1000_05_mr098_r10_185_uai_GDCC_1e-05_n200_roTrue_s0: Loading model from ../models/synthetic/s123/random_mc2_n6_mid3_d1000_05_mr098_r10_185.uai
2026-02-02 16:28:12,885|INFO|random_mc2_n6_mid3_d1000_05_mr098_r10_185_uai_GDCC_1e-05_n200_roTrue_s0: Loading data from ../models/synthetic/s123/random_mc2_n6_mid3_d1000_05_mr098_r10_185.csv
2026-02-02 16:28:13,377|INFO|random_mc2_n6_mid3_d1000_05_mr098_r10_150_uai_GDCC_1e-05_n200_roFalse_s0: Loading model from ../models/synthetic/s123/random_mc2_n6_mid3_d1000_05_mr098_r10_150.uai
2026-02-02 16:28:13,402|INFO|random_mc2_n6_mid3_d1000_05_mr098_r10_150_uai_GDCC_1e-05_n200_roFalse_s0: Loading data from ../models/synthetic/s123/random_mc2_n6_mid3_d1000_05_mr098_r10_150.csv
2026-02-02 16:28:13,560|INFO|random_mc2_n5_mid3_d1000_05_mr098_r10_154_uai_GDCC_1e-05_n200_roTrue_s0: Loading model from ../models/synthetic/s123/random_mc2_n5_mid3_d1000_05_mr098_r10_154.uai
2026-02-02 16:28:13,575|INFO|random_mc2_n5_mid3_d1000_05_mr098_r10_154_uai_GDCC_1e-05_n200_roTrue_s0: Loading data from ../models/synthetic/s123/random_mc2_n5_mid3_d1000_05_mr098_r10_154.csv
2026-02-02 16:28:13,760|INFO|random_mc2_n6_mid3_d1000_05_mr098_r10_128_uai_GDCC_1e-05_n200_roFalse_s0: Loading model from ../models/synthetic/s123/random_mc2_n6_mid3_d1000_05_mr098_r10_128.uai
2026-02-02 16:28:13,776|INFO|random_mc2_n6_mid3_d1000_05_mr098_r10_128_uai_GDCC_1e-05_n200_roFalse_s0: Loading data from ../models/synthetic/s123/random_mc2_n6_mid3_d1000_05_mr098_r10_128.csv
2026-02-02 16:28:13,801|INFO|random_mc2_n6_mid3_d1000_05_mr098_r10_128_uai_GDCC_1e-05_n200_roFalse_s0: PNS(V0,V4) exact: (0.38097471340495, 0.457162013037466)
2026-02-02 16:28:14,761|INFO|random_mc2_n6_mid3_d1000_05_mr098_r10_184_uai_GDCC_1e-05_n200_roFalse_s0: Loading model from ../models/synthetic/s123/random_mc2_n6_mid3_d1000_05_mr098_r10_184.uai
2026-02-02 16:28:14,780|INFO|random_mc2_n6_mid3_d1000_05_mr098_r10_184_uai_GDCC_1e-05_n200_roFalse_s0: Loading data from ../models/synthetic/s123/random_mc2_n6_mid3_d1000_05_mr098_r10_184.csv
2026-02-02 16:28:14,802|INFO|random_mc2_n6_mid3_d1000_05_mr098_r10_184_uai_GDCC_1e-05_n200_roFalse_s0: PNS(V5,V4) exact: (0.0, 0.0008714266998319998)
2026-02-02 16:28:16,722|INFO|random_mc2_n9_mid3_d1000_05_mr098_r10_27_uai_GDCC_1e-05_n200_roTrue_s0: Loading model from ../models/synthetic/s123/random_mc2_n9_mid3_d1000_05_mr098_r10_27.uai
2026-02-02 16:28:16,747|INFO|random_mc2_n9_mid3_d1000_05_mr098_r10_27_uai_GDCC_1e-05_n200_roTrue_s0: Loading data from ../models/synthetic/s123/random_mc2_n9_mid3_d1000_05_mr098_r10_27.csv
2026-02-02 16:28:16,801|INFO|random_mc2_n5_mid3_d1000_05_mr098_r10_181_uai_GDCC_1e-05_n200_roTrue_s0: Loading model from ../models/synthetic/s123/random_mc2_n5_mid3_d1000_05_mr098_r10_181.uai
2026-02-02 16:28:16,818|INFO|random_mc2_n5_mid3_d1000_05_mr098_r10_181_uai_GDCC_1e-05_n200_roTrue_s0: Loading data from ../models/synthetic/s123/random_mc2_n5_mid3_d1000_05_mr098_r10_181.csv
2026-02-02 16:28:16,964|INFO|random_mc2_n7_mid3_d1000_05_mr098_r10_65_uai_GDCC_1e-05_n200_roTrue_s0: Loading model from ../models/synthetic/s123/random_mc2_n7_mid3_d1000_05_mr098_r10_65.uai
2026-02-02 16:28:16,978|INFO|random_mc2_n7_mid3_d1000_05_mr098_r10_65_uai_GDCC_1e-05_n200_roTrue_s0: Loading data from ../models/synthetic/s123/random_mc2_n7_mid3_d1000_05_mr098_r10_65.csv
2026-02-02 16:28:16,997|INFO|random_mc2_n7_mid3_d1000_05_mr098_r10_65_uai_GDCC_1e-05_n200_roTrue_s0: PNS(V1,V0) exact: (0.1520312774315468, 0.2103249985205253)
2026-02-02 16:28:19,518|INFO|random_mc2_n9_mid3_d1000_05_mr098_r10_28_uai_GDCC_1e-05_n200_roTrue_s0: Loading model from ../models/synthetic/s123/random_mc2_n9_mid3_d1000_05_mr098_r10_28.uai
2026-02-02 16:28:19,540|INFO|random_mc2_n9_mid3_d1000_05_mr098_r10_28_uai_GDCC_1e-05_n200_roTrue_s0: Loading data from ../models/synthetic/s123/random_mc2_n9_mid3_d1000_05_mr098_r10_28.csv
2026-02-02 16:28:22,102|INFO|random_mc2_n7_mid3_d1000_05_mr098_r10_37_uai_GDCC_1e-05_n200_roTrue_s0: Loading model from ../models/synthetic/s123/random_mc2_n7_mid3_d1000_05_mr098_r10_37.uai
2026-02-02 16:28:22,126|INFO|random_mc2_n7_mid3_d1000_05_mr098_r10_37_uai_GDCC_1e-05_n200_roTrue_s0: Loading data from ../models/synthetic/s123/random_mc2_n7_mid3_d1000_05_mr098_r10_37.csv
2026-02-02 16:28:22,135|INFO|random_mc2_n7_mid3_d1000_05_mr098_r10_37_uai_GDCC_1e-05_n200_roTrue_s0: PNS(V3,V2) exact: (0.0, 0.0282189836918879)
2026-02-02 16:28:26,042|INFO|random_mc2_n8_mid3_d1000_05_mr098_r10_38_uai_GDCC_1e-05_n200_roTrue_s0: Loading model from ../models/synthetic/s123/random_mc2_n8_mid3_d1000_05_mr098_r10_38.uai
2026-02-02 16:28:26,081|INFO|random_mc2_n8_mid3_d1000_05_mr098_r10_38_uai_GDCC_1e-05_n200_roTrue_s0: Loading data from ../models/synthetic/s123/random_mc2_n8_mid3_d1000_05_mr098_r10_38.csv
2026-02-02 16:28:27,981|INFO|random_mc2_n6_mid3_d1000_05_mr098_r10_104_uai_GDCC_1e-05_n200_roFalse_s0: Loading model from ../models/synthetic/s123/random_mc2_n6_mid3_d1000_05_mr098_r10_104.uai
2026-02-02 16:28:28,019|INFO|random_mc2_n6_mid3_d1000_05_mr098_r10_104_uai_GDCC_1e-05_n200_roFalse_s0: Loading data from ../models/synthetic/s123/random_mc2_n6_mid3_d1000_05_mr098_r10_104.csv
2026-02-02 16:28:29,219|INFO|random_mc2_n5_mid3_d1000_05_mr098_r10_53_uai_GDCC_1e-05_n200_roTrue_s0: Loading model from ../models/synthetic/s123/random_mc2_n5_mid3_d1000_05_mr098_r10_53.uai
2026-02-02 16:28:29,226|INFO|random_mc2_n5_mid3_d1000_05_mr098_r10_84_uai_GDCC_1e-05_n200_roFalse_s0: Loading model from ../models/synthetic/s123/random_mc2_n5_mid3_d1000_05_mr098_r10_84.uai
2026-02-02 16:28:29,245|INFO|random_mc2_n8_mid3_d1000_05_mr098_r10_131_uai_GDCC_1e-05_n200_roFalse_s0: Loading model from ../models/synthetic/s123/random_mc2_n8_mid3_d1000_05_mr098_r10_131.uai
2026-02-02 16:28:29,229|INFO|random_mc2_n5_mid3_d1000_05_mr098_r10_53_uai_GDCC_1e-05_n200_roTrue_s0: Loading data from ../models/synthetic/s123/random_mc2_n5_mid3_d1000_05_mr098_r10_53.csv
2026-02-02 16:28:29,244|INFO|random_mc2_n5_mid3_d1000_05_mr098_r10_53_uai_GDCC_1e-05_n200_roTrue_s0: PNS(V0,V1) exact: (0.0, 0.0)
2026-02-02 16:28:29,244|ERROR|random_mc2_n5_mid3_d1000_05_mr098_r10_53_uai_GDCC_1e-05_n200_roTrue_s0: Model does not have any cause-effect path.
2026-02-02 16:28:29,240|INFO|random_mc2_n5_mid3_d1000_05_mr098_r10_84_uai_GDCC_1e-05_n200_roFalse_s0: Loading data from ../models/synthetic/s123/random_mc2_n5_mid3_d1000_05_mr098_r10_84.csv
2026-02-02 16:28:29,269|INFO|random_mc2_n5_mid3_d1000_05_mr098_r10_16_uai_GDCC_1e-05_n200_roTrue_s0: Loading model from ../models/synthetic/s123/random_mc2_n5_mid3_d1000_05_mr098_r10_16.uai
2026-02-02 16:28:29,265|INFO|random_mc2_n8_mid3_d1000_05_mr098_r10_131_uai_GDCC_1e-05_n200_roFalse_s0: Loading data from ../models/synthetic/s123/random_mc2_n8_mid3_d1000_05_mr098_r10_131.csv
2026-02-02 16:28:29,280|INFO|random_mc2_n8_mid3_d1000_05_mr098_r10_131_uai_GDCC_1e-05_n200_roFalse_s0: PNS(V2,V4) exact: (0.0110083727479793, 0.2116947943241336)
2026-02-02 16:28:29,282|INFO|random_mc2_n5_mid3_d1000_05_mr098_r10_16_uai_GDCC_1e-05_n200_roTrue_s0: Loading data from ../models/synthetic/s123/random_mc2_n5_mid3_d1000_05_mr098_r10_16.csv
2026-02-02 16:28:29,298|INFO|random_mc2_n5_mid3_d1000_05_mr098_r10_16_uai_GDCC_1e-05_n200_roTrue_s0: PNS(V4,V3) exact: (0.4152505784, 0.4639742588)
2026-02-02 16:28:29,319|INFO|random_mc2_n5_mid3_d1000_05_mr098_r10_37_uai_GDCC_1e-05_n200_roFalse_s0: Loading model from ../models/synthetic/s123/random_mc2_n5_mid3_d1000_05_mr098_r10_37.uai
2026-02-02 16:28:29,331|INFO|random_mc2_n5_mid3_d1000_05_mr098_r10_37_uai_GDCC_1e-05_n200_roFalse_s0: Loading data from ../models/synthetic/s123/random_mc2_n5_mid3_d1000_05_mr098_r10_37.csv
2026-02-02 16:28:29,343|INFO|random_mc2_n5_mid3_d1000_05_mr098_r10_37_uai_GDCC_1e-05_n200_roFalse_s0: PNS(V1,V4) exact: (0.0030091049999999, 0.160852525)
2026-02-02 16:28:29,461|INFO|random_mc2_n5_mid3_d1000_05_mr098_r10_24_uai_GDCC_1e-05_n200_roTrue_s0: Loading model from ../models/synthetic/s123/random_mc2_n5_mid3_d1000_05_mr098_r10_24.uai
2026-02-02 16:28:29,479|INFO|random_mc2_n5_mid3_d1000_05_mr098_r10_24_uai_GDCC_1e-05_n200_roTrue_s0: Loading data from ../models/synthetic/s123/random_mc2_n5_mid3_d1000_05_mr098_r10_24.csv
2026-02-02 16:28:29,496|INFO|random_mc2_n5_mid3_d1000_05_mr098_r10_24_uai_GDCC_1e-05_n200_roTrue_s0: PNS(V4,V0) exact: (0.0, 0.003928219827024)
2026-02-02 16:28:29,620|INFO|random_mc2_n6_mid3_d1000_05_mr098_r10_13_uai_GDCC_1e-05_n200_roFalse_s0: Loading model from ../models/synthetic/s123/random_mc2_n6_mid3_d1000_05_mr098_r10_13.uai
2026-02-02 16:28:29,630|INFO|random_mc2_n6_mid3_d1000_05_mr098_r10_13_uai_GDCC_1e-05_n200_roFalse_s0: Loading data from ../models/synthetic/s123/random_mc2_n6_mid3_d1000_05_mr098_r10_13.csv
2026-02-02 16:28:29,671|INFO|random_mc2_n7_mid3_d1000_05_mr098_r10_91_uai_GDCC_1e-05_n200_roTrue_s0: Loading model from ../models/synthetic/s123/random_mc2_n7_mid3_d1000_05_mr098_r10_91.uai
2026-02-02 16:28:29,737|INFO|random_mc2_n7_mid3_d1000_05_mr098_r10_91_uai_GDCC_1e-05_n200_roTrue_s0: Loading data from ../models/synthetic/s123/random_mc2_n7_mid3_d1000_05_mr098_r10_91.csv
2026-02-02 16:28:29,882|INFO|random_mc2_n7_mid3_d1000_05_mr098_r10_56_uai_GDCC_1e-05_n200_roFalse_s0: Loading model from ../models/synthetic/s123/random_mc2_n7_mid3_d1000_05_mr098_r10_56.uai
2026-02-02 16:28:29,913|INFO|random_mc2_n7_mid3_d1000_05_mr098_r10_56_uai_GDCC_1e-05_n200_roFalse_s0: Loading data from ../models/synthetic/s123/random_mc2_n7_mid3_d1000_05_mr098_r10_56.csv
2026-02-02 16:28:29,980|INFO|random_mc2_n7_mid3_d1000_05_mr098_r10_55_uai_GDCC_1e-05_n200_roFalse_s0: Loading model from ../models/synthetic/s123/random_mc2_n7_mid3_d1000_05_mr098_r10_55.uai
2026-02-02 16:28:29,996|INFO|random_mc2_n7_mid3_d1000_05_mr098_r10_55_uai_GDCC_1e-05_n200_roFalse_s0: Loading data from ../models/synthetic/s123/random_mc2_n7_mid3_d1000_05_mr098_r10_55.csv
2026-02-02 16:28:30,014|INFO|random_mc2_n7_mid3_d1000_05_mr098_r10_55_uai_GDCC_1e-05_n200_roFalse_s0: PNS(V1,V2) exact: (0.0, 0.16491582811524)
2026-02-02 16:28:30,225|INFO|random_mc2_n6_mid3_d1000_05_mr098_r10_193_uai_GDCC_1e-05_n200_roFalse_s0: Loading model from ../models/synthetic/s123/random_mc2_n6_mid3_d1000_05_mr098_r10_193.uai
2026-02-02 16:28:30,262|INFO|random_mc2_n6_mid3_d1000_05_mr098_r10_58_uai_GDCC_1e-05_n200_roTrue_s0: Loading model from ../models/synthetic/s123/random_mc2_n6_mid3_d1000_05_mr098_r10_58.uai
2026-02-02 16:28:30,242|INFO|random_mc2_n6_mid3_d1000_05_mr098_r10_193_uai_GDCC_1e-05_n200_roFalse_s0: Loading data from ../models/synthetic/s123/random_mc2_n6_mid3_d1000_05_mr098_r10_193.csv
2026-02-02 16:28:30,255|INFO|random_mc2_n6_mid3_d1000_05_mr098_r10_193_uai_GDCC_1e-05_n200_roFalse_s0: PNS(V0,V4) exact: (0.0, 0.238593816)
2026-02-02 16:28:30,276|INFO|random_mc2_n6_mid3_d1000_05_mr098_r10_10_uai_GDCC_1e-05_n200_roFalse_s0: Loading model from ../models/synthetic/s123/random_mc2_n6_mid3_d1000_05_mr098_r10_10.uai
2026-02-02 16:28:30,274|INFO|random_mc2_n6_mid3_d1000_05_mr098_r10_58_uai_GDCC_1e-05_n200_roTrue_s0: Loading data from ../models/synthetic/s123/random_mc2_n6_mid3_d1000_05_mr098_r10_58.csv
2026-02-02 16:28:30,290|INFO|random_mc2_n6_mid3_d1000_05_mr098_r10_58_uai_GDCC_1e-05_n200_roTrue_s0: PNS(V3,V2) exact: (0.0, 0.0)
2026-02-02 16:28:30,290|ERROR|random_mc2_n6_mid3_d1000_05_mr098_r10_58_uai_GDCC_1e-05_n200_roTrue_s0: Model does not have any cause-effect path.
2026-02-02 16:28:30,309|INFO|random_mc2_n6_mid3_d1000_05_mr098_r10_25_uai_GDCC_1e-05_n200_roTrue_s0: Loading model from ../models/synthetic/s123/random_mc2_n6_mid3_d1000_05_mr098_r10_25.uai
2026-02-02 16:28:30,301|INFO|random_mc2_n6_mid3_d1000_05_mr098_r10_10_uai_GDCC_1e-05_n200_roFalse_s0: Loading data from ../models/synthetic/s123/random_mc2_n6_mid3_d1000_05_mr098_r10_10.csv
2026-02-02 16:28:30,345|INFO|random_mc2_n6_mid3_d1000_05_mr098_r10_25_uai_GDCC_1e-05_n200_roTrue_s0: Loading data from ../models/synthetic/s123/random_mc2_n6_mid3_d1000_05_mr098_r10_25.csv
2026-02-02 16:28:30,371|INFO|random_mc2_n6_mid3_d1000_05_mr098_r10_160_uai_GDCC_1e-05_n200_roFalse_s0: Loading model from ../models/synthetic/s123/random_mc2_n6_mid3_d1000_05_mr098_r10_160.uai
2026-02-02 16:28:30,409|INFO|random_mc2_n6_mid3_d1000_05_mr098_r10_135_uai_GDCC_1e-05_n200_roTrue_s0: Loading model from ../models/synthetic/s123/random_mc2_n6_mid3_d1000_05_mr098_r10_135.uai
2026-02-02 16:28:30,404|INFO|random_mc2_n6_mid3_d1000_05_mr098_r10_160_uai_GDCC_1e-05_n200_roFalse_s0: Loading data from ../models/synthetic/s123/random_mc2_n6_mid3_d1000_05_mr098_r10_160.csv
2026-02-02 16:28:30,426|INFO|random_mc2_n6_mid3_d1000_05_mr098_r10_135_uai_GDCC_1e-05_n200_roTrue_s0: Loading data from ../models/synthetic/s123/random_mc2_n6_mid3_d1000_05_mr098_r10_135.csv
2026-02-02 16:28:30,578|INFO|random_mc2_n5_mid3_d1000_05_mr098_r10_100_uai_GDCC_1e-05_n200_roTrue_s0: Loading model from ../models/synthetic/s123/random_mc2_n5_mid3_d1000_05_mr098_r10_100.uai
2026-02-02 16:28:30,590|INFO|random_mc2_n5_mid3_d1000_05_mr098_r10_100_uai_GDCC_1e-05_n200_roTrue_s0: Loading data from ../models/synthetic/s123/random_mc2_n5_mid3_d1000_05_mr098_r10_100.csv
2026-02-02 16:28:32,658|INFO|random_mc2_n6_mid3_d1000_05_mr098_r10_85_uai_GDCC_1e-05_n200_roFalse_s0: Loading model from ../models/synthetic/s123/random_mc2_n6_mid3_d1000_05_mr098_r10_85.uai
2026-02-02 16:28:32,751|INFO|random_mc2_n6_mid3_d1000_05_mr098_r10_85_uai_GDCC_1e-05_n200_roFalse_s0: Loading data from ../models/synthetic/s123/random_mc2_n6_mid3_d1000_05_mr098_r10_85.csv
2026-02-02 16:28:38,123|INFO|random_mc2_n5_mid3_d1000_05_mr098_r10_66_uai_GDCC_1e-05_n200_roFalse_s0: Loading model from ../models/synthetic/s123/random_mc2_n5_mid3_d1000_05_mr098_r10_66.uai
2026-02-02 16:28:38,126|INFO|random_mc2_n7_mid3_d1000_05_mr098_r10_90_uai_GDCC_1e-05_n200_roFalse_s0: Loading model from ../models/synthetic/s123/random_mc2_n7_mid3_d1000_05_mr098_r10_90.uai
2026-02-02 16:28:38,133|INFO|random_mc2_n5_mid3_d1000_05_mr098_r10_66_uai_GDCC_1e-05_n200_roFalse_s0: Loading data from ../models/synthetic/s123/random_mc2_n5_mid3_d1000_05_mr098_r10_66.csv
2026-02-02 16:28:38,153|INFO|random_mc2_n5_mid3_d1000_05_mr098_r10_66_uai_GDCC_1e-05_n200_roFalse_s0: PNS(V4,V1) exact: (0.7079657650000001, 0.8388291600000001)
2026-02-02 16:28:38,140|INFO|random_mc2_n7_mid3_d1000_05_mr098_r10_90_uai_GDCC_1e-05_n200_roFalse_s0: Loading data from ../models/synthetic/s123/random_mc2_n7_mid3_d1000_05_mr098_r10_90.csv
2026-02-02 16:28:39,982|INFO|random_mc2_n5_mid3_d1000_05_mr098_r10_113_uai_GDCC_1e-05_n200_roFalse_s0: Loading model from ../models/synthetic/s123/random_mc2_n5_mid3_d1000_05_mr098_r10_113.uai
2026-02-02 16:28:39,993|INFO|random_mc2_n5_mid3_d1000_05_mr098_r10_113_uai_GDCC_1e-05_n200_roFalse_s0: Loading data from ../models/synthetic/s123/random_mc2_n5_mid3_d1000_05_mr098_r10_113.csv
2026-02-02 16:28:40,008|INFO|random_mc2_n5_mid3_d1000_05_mr098_r10_113_uai_GDCC_1e-05_n200_roFalse_s0: PNS(V3,V1) exact: (0.3215531011, 0.5646456533000002)
2026-02-02 16:28:40,089|INFO|random_mc2_n5_mid3_d1000_05_mr098_r10_161_uai_GDCC_1e-05_n200_roFalse_s0: Loading model from ../models/synthetic/s123/random_mc2_n5_mid3_d1000_05_mr098_r10_161.uai
2026-02-02 16:28:40,116|INFO|random_mc2_n5_mid3_d1000_05_mr098_r10_17_uai_GDCC_1e-05_n200_roFalse_s0: Loading model from ../models/synthetic/s123/random_mc2_n5_mid3_d1000_05_mr098_r10_17.uai
2026-02-02 16:28:40,098|INFO|random_mc2_n5_mid3_d1000_05_mr098_r10_161_uai_GDCC_1e-05_n200_roFalse_s0: Loading data from ../models/synthetic/s123/random_mc2_n5_mid3_d1000_05_mr098_r10_161.csv
2026-02-02 16:28:40,113|INFO|random_mc2_n5_mid3_d1000_05_mr098_r10_161_uai_GDCC_1e-05_n200_roFalse_s0: PNS(V1,V0) exact: (0.0, 0.0)
2026-02-02 16:28:40,113|ERROR|random_mc2_n5_mid3_d1000_05_mr098_r10_161_uai_GDCC_1e-05_n200_roFalse_s0: Model does not have any cause-effect path.
2026-02-02 16:28:40,129|INFO|random_mc2_n5_mid3_d1000_05_mr098_r10_17_uai_GDCC_1e-05_n200_roFalse_s0: Loading data from ../models/synthetic/s123/random_mc2_n5_mid3_d1000_05_mr098_r10_17.csv
2026-02-02 16:28:40,143|INFO|random_mc2_n5_mid3_d1000_05_mr098_r10_17_uai_GDCC_1e-05_n200_roFalse_s0: PNS(V2,V0) exact: (0.0009668192, 0.0226223524444999)
2026-02-02 16:28:40,181|INFO|random_mc2_n6_mid3_d1000_05_mr098_r10_28_uai_GDCC_1e-05_n200_roFalse_s0: Loading model from ../models/synthetic/s123/random_mc2_n6_mid3_d1000_05_mr098_r10_28.uai
2026-02-02 16:28:40,188|INFO|random_mc2_n6_mid3_d1000_05_mr098_r10_11_uai_GDCC_1e-05_n200_roTrue_s0: Loading model from ../models/synthetic/s123/random_mc2_n6_mid3_d1000_05_mr098_r10_11.uai
2026-02-02 16:28:40,193|INFO|random_mc2_n6_mid3_d1000_05_mr098_r10_28_uai_GDCC_1e-05_n200_roFalse_s0: Loading data from ../models/synthetic/s123/random_mc2_n6_mid3_d1000_05_mr098_r10_28.csv
2026-02-02 16:28:40,207|INFO|random_mc2_n6_mid3_d1000_05_mr098_r10_28_uai_GDCC_1e-05_n200_roFalse_s0: PNS(V3,V2) exact: (0.36156, 0.53922)
2026-02-02 16:28:40,201|INFO|random_mc2_n6_mid3_d1000_05_mr098_r10_11_uai_GDCC_1e-05_n200_roTrue_s0: Loading data from ../models/synthetic/s123/random_mc2_n6_mid3_d1000_05_mr098_r10_11.csv
2026-02-02 16:28:40,214|INFO|random_mc2_n6_mid3_d1000_05_mr098_r10_11_uai_GDCC_1e-05_n200_roTrue_s0: PNS(V5,V0) exact: (0.226887276, 0.345199661)
2026-02-02 16:28:40,603|INFO|random_mc2_n6_mid3_d1000_05_mr098_r10_149_uai_GDCC_1e-05_n200_roFalse_s0: Loading model from ../models/synthetic/s123/random_mc2_n6_mid3_d1000_05_mr098_r10_149.uai
2026-02-02 16:28:40,624|INFO|random_mc2_n6_mid3_d1000_05_mr098_r10_149_uai_GDCC_1e-05_n200_roFalse_s0: Loading data from ../models/synthetic/s123/random_mc2_n6_mid3_d1000_05_mr098_r10_149.csv
2026-02-02 16:28:40,639|INFO|random_mc2_n6_mid3_d1000_05_mr098_r10_149_uai_GDCC_1e-05_n200_roFalse_s0: PNS(V2,V5) exact: (0.6597397735, 0.811257382)
2026-02-02 16:28:40,787|INFO|random_mc2_n5_mid3_d1000_05_mr098_r10_19_uai_GDCC_1e-05_n200_roFalse_s0: Loading model from ../models/synthetic/s123/random_mc2_n5_mid3_d1000_05_mr098_r10_19.uai
2026-02-02 16:28:40,798|INFO|random_mc2_n5_mid3_d1000_05_mr098_r10_19_uai_GDCC_1e-05_n200_roFalse_s0: Loading data from ../models/synthetic/s123/random_mc2_n5_mid3_d1000_05_mr098_r10_19.csv
2026-02-02 16:28:40,812|INFO|random_mc2_n5_mid3_d1000_05_mr098_r10_19_uai_GDCC_1e-05_n200_roFalse_s0: PNS(V0,V4) exact: (0.23991, 0.53735)
2026-02-02 16:28:40,848|INFO|random_mc2_n5_mid3_d1000_05_mr098_r10_111_uai_GDCC_1e-05_n200_roTrue_s0: Loading model from ../models/synthetic/s123/random_mc2_n5_mid3_d1000_05_mr098_r10_111.uai
2026-02-02 16:28:40,858|INFO|random_mc2_n6_mid3_d1000_05_mr098_r10_15_uai_GDCC_1e-05_n200_roTrue_s0: Loading model from ../models/synthetic/s123/random_mc2_n6_mid3_d1000_05_mr098_r10_15.uai
2026-02-02 16:28:40,861|INFO|random_mc2_n5_mid3_d1000_05_mr098_r10_111_uai_GDCC_1e-05_n200_roTrue_s0: Loading data from ../models/synthetic/s123/random_mc2_n5_mid3_d1000_05_mr098_r10_111.csv
2026-02-02 16:28:40,869|INFO|random_mc2_n6_mid3_d1000_05_mr098_r10_15_uai_GDCC_1e-05_n200_roTrue_s0: Loading data from ../models/synthetic/s123/random_mc2_n6_mid3_d1000_05_mr098_r10_15.csv
2026-02-02 16:28:40,885|INFO|random_mc2_n6_mid3_d1000_05_mr098_r10_15_uai_GDCC_1e-05_n200_roTrue_s0: PNS(V2,V5) exact: (5.70302784e-05, 0.0612875741534)
2026-02-02 16:28:40,911|INFO|random_mc2_n9_mid3_d1000_05_mr098_r10_146_uai_GDCC_1e-05_n200_roFalse_s0: Loading model from ../models/synthetic/s123/random_mc2_n9_mid3_d1000_05_mr098_r10_146.uai
2026-02-02 16:28:40,935|INFO|random_mc2_n9_mid3_d1000_05_mr098_r10_146_uai_GDCC_1e-05_n200_roFalse_s0: Loading data from ../models/synthetic/s123/random_mc2_n9_mid3_d1000_05_mr098_r10_146.csv
2026-02-02 16:28:40,986|INFO|random_mc2_n5_mid3_d1000_05_mr098_r10_28_uai_GDCC_1e-05_n200_roFalse_s0: Loading model from ../models/synthetic/s123/random_mc2_n5_mid3_d1000_05_mr098_r10_28.uai
2026-02-02 16:28:41,006|INFO|random_mc2_n5_mid3_d1000_05_mr098_r10_62_uai_GDCC_1e-05_n200_roTrue_s0: Loading model from ../models/synthetic/s123/random_mc2_n5_mid3_d1000_05_mr098_r10_62.uai
2026-02-02 16:28:41,004|INFO|random_mc2_n5_mid3_d1000_05_mr098_r10_28_uai_GDCC_1e-05_n200_roFalse_s0: Loading data from ../models/synthetic/s123/random_mc2_n5_mid3_d1000_05_mr098_r10_28.csv
2026-02-02 16:28:41,018|INFO|random_mc2_n5_mid3_d1000_05_mr098_r10_62_uai_GDCC_1e-05_n200_roTrue_s0: Loading data from ../models/synthetic/s123/random_mc2_n5_mid3_d1000_05_mr098_r10_62.csv
2026-02-02 16:28:41,047|INFO|random_mc2_n6_mid3_d1000_05_mr098_r10_96_uai_GDCC_1e-05_n200_roTrue_s0: Loading model from ../models/synthetic/s123/random_mc2_n6_mid3_d1000_05_mr098_r10_96.uai
2026-02-02 16:28:41,031|INFO|random_mc2_n5_mid3_d1000_05_mr098_r10_62_uai_GDCC_1e-05_n200_roTrue_s0: PNS(V2,V4) exact: (0.0, 0.13103)
2026-02-02 16:28:41,059|INFO|random_mc2_n6_mid3_d1000_05_mr098_r10_96_uai_GDCC_1e-05_n200_roTrue_s0: Loading data from ../models/synthetic/s123/random_mc2_n6_mid3_d1000_05_mr098_r10_96.csv
2026-02-02 16:28:41,073|INFO|random_mc2_n6_mid3_d1000_05_mr098_r10_96_uai_GDCC_1e-05_n200_roTrue_s0: PNS(V4,V3) exact: (0.55047, 0.55047)
2026-02-02 16:28:41,107|INFO|random_mc2_n5_mid3_d1000_05_mr098_r10_83_uai_GDCC_1e-05_n200_roFalse_s0: Loading model from ../models/synthetic/s123/random_mc2_n5_mid3_d1000_05_mr098_r10_83.uai
2026-02-02 16:28:41,120|INFO|random_mc2_n5_mid3_d1000_05_mr098_r10_83_uai_GDCC_1e-05_n200_roFalse_s0: Loading data from ../models/synthetic/s123/random_mc2_n5_mid3_d1000_05_mr098_r10_83.csv
2026-02-02 16:28:42,122|INFO|random_mc2_n5_mid3_d1000_05_mr098_r10_191_uai_GDCC_1e-05_n200_roTrue_s0: Loading model from ../models/synthetic/s123/random_mc2_n5_mid3_d1000_05_mr098_r10_191.uai
2026-02-02 16:28:42,134|INFO|random_mc2_n5_mid3_d1000_05_mr098_r10_191_uai_GDCC_1e-05_n200_roTrue_s0: Loading data from ../models/synthetic/s123/random_mc2_n5_mid3_d1000_05_mr098_r10_191.csv
2026-02-02 16:28:42,229|INFO|random_mc2_n5_mid3_d1000_05_mr098_r10_35_uai_GDCC_1e-05_n200_roTrue_s0: Loading model from ../models/synthetic/s123/random_mc2_n5_mid3_d1000_05_mr098_r10_35.uai
2026-02-02 16:28:42,240|INFO|random_mc2_n5_mid3_d1000_05_mr098_r10_35_uai_GDCC_1e-05_n200_roTrue_s0: Loading data from ../models/synthetic/s123/random_mc2_n5_mid3_d1000_05_mr098_r10_35.csv
2026-02-02 16:28:42,255|INFO|random_mc2_n5_mid3_d1000_05_mr098_r10_35_uai_GDCC_1e-05_n200_roTrue_s0: PNS(V1,V0) exact: (0.0068097203999999, 0.1260976746)
2026-02-02 16:28:42,465|INFO|random_mc2_n8_mid3_d1000_05_mr098_r10_160_uai_GDCC_1e-05_n200_roTrue_s0: Loading model from ../models/synthetic/s123/random_mc2_n8_mid3_d1000_05_mr098_r10_160.uai
2026-02-02 16:28:42,497|INFO|random_mc2_n5_mid3_d1000_05_mr098_r10_114_uai_GDCC_1e-05_n200_roFalse_s0: Loading model from ../models/synthetic/s123/random_mc2_n5_mid3_d1000_05_mr098_r10_114.uai
2026-02-02 16:28:42,495|INFO|random_mc2_n8_mid3_d1000_05_mr098_r10_160_uai_GDCC_1e-05_n200_roTrue_s0: Loading data from ../models/synthetic/s123/random_mc2_n8_mid3_d1000_05_mr098_r10_160.csv
2026-02-02 16:28:42,520|INFO|random_mc2_n6_mid3_d1000_05_mr098_r10_105_uai_GDCC_1e-05_n200_roTrue_s0: Loading model from ../models/synthetic/s123/random_mc2_n6_mid3_d1000_05_mr098_r10_105.uai
2026-02-02 16:28:42,528|INFO|random_mc2_n5_mid3_d1000_05_mr098_r10_114_uai_GDCC_1e-05_n200_roFalse_s0: Loading data from ../models/synthetic/s123/random_mc2_n5_mid3_d1000_05_mr098_r10_114.csv
2026-02-02 16:28:42,543|INFO|random_mc2_n6_mid3_d1000_05_mr098_r10_105_uai_GDCC_1e-05_n200_roTrue_s0: Loading data from ../models/synthetic/s123/random_mc2_n6_mid3_d1000_05_mr098_r10_105.csv
2026-02-02 16:28:42,557|INFO|random_mc2_n6_mid3_d1000_05_mr098_r10_105_uai_GDCC_1e-05_n200_roTrue_s0: PNS(V3,V4) exact: (0.491766269274686, 0.586709709951746)
2026-02-02 16:28:42,761|INFO|random_mc2_n6_mid3_d1000_05_mr098_r10_15_uai_GDCC_1e-05_n200_roFalse_s0: Loading model from ../models/synthetic/s123/random_mc2_n6_mid3_d1000_05_mr098_r10_15.uai
2026-02-02 16:28:42,768|INFO|random_mc2_n9_mid3_d1000_05_mr098_r10_200_uai_GDCC_1e-05_n200_roTrue_s0: Loading model from ../models/synthetic/s123/random_mc2_n9_mid3_d1000_05_mr098_r10_200.uai
2026-02-02 16:28:42,784|INFO|random_mc2_n8_mid3_d1000_05_mr098_r10_63_uai_GDCC_1e-05_n200_roFalse_s0: Loading model from ../models/synthetic/s123/random_mc2_n8_mid3_d1000_05_mr098_r10_63.uai
2026-02-02 16:28:42,792|INFO|random_mc2_n7_mid3_d1000_05_mr098_r10_59_uai_GDCC_1e-05_n200_roTrue_s0: Loading model from ../models/synthetic/s123/random_mc2_n7_mid3_d1000_05_mr098_r10_59.uai
2026-02-02 16:28:42,794|INFO|random_mc2_n6_mid3_d1000_05_mr098_r10_139_uai_GDCC_1e-05_n200_roFalse_s0: Loading model from ../models/synthetic/s123/random_mc2_n6_mid3_d1000_05_mr098_r10_139.uai
2026-02-02 16:28:42,795|INFO|random_mc2_n5_mid3_d1000_05_mr098_r10_184_uai_GDCC_1e-05_n200_roTrue_s0: Loading model from ../models/synthetic/s123/random_mc2_n5_mid3_d1000_05_mr098_r10_184.uai
2026-02-02 16:28:42,772|INFO|random_mc2_n6_mid3_d1000_05_mr098_r10_15_uai_GDCC_1e-05_n200_roFalse_s0: Loading data from ../models/synthetic/s123/random_mc2_n6_mid3_d1000_05_mr098_r10_15.csv
2026-02-02 16:28:42,785|INFO|random_mc2_n6_mid3_d1000_05_mr098_r10_15_uai_GDCC_1e-05_n200_roFalse_s0: PNS(V2,V5) exact: (5.70302784e-05, 0.0612875741534)
2026-02-02 16:28:42,784|INFO|random_mc2_n9_mid3_d1000_05_mr098_r10_200_uai_GDCC_1e-05_n200_roTrue_s0: Loading data from ../models/synthetic/s123/random_mc2_n9_mid3_d1000_05_mr098_r10_200.csv
2026-02-02 16:28:42,798|INFO|random_mc2_n9_mid3_d1000_05_mr098_r10_200_uai_GDCC_1e-05_n200_roTrue_s0: PNS(V3,V7) exact: (0.391618276478432, 0.4586153655851721)
2026-02-02 16:28:42,802|INFO|random_mc2_n8_mid3_d1000_05_mr098_r10_63_uai_GDCC_1e-05_n200_roFalse_s0: Loading data from ../models/synthetic/s123/random_mc2_n8_mid3_d1000_05_mr098_r10_63.csv
2026-02-02 16:28:42,821|INFO|random_mc2_n8_mid3_d1000_05_mr098_r10_63_uai_GDCC_1e-05_n200_roFalse_s0: PNS(V1,V6) exact: (0.0, 0.122153736431654)
2026-02-02 16:28:42,805|INFO|random_mc2_n6_mid3_d1000_05_mr098_r10_139_uai_GDCC_1e-05_n200_roFalse_s0: Loading data from ../models/synthetic/s123/random_mc2_n6_mid3_d1000_05_mr098_r10_139.csv
2026-02-02 16:28:42,812|INFO|random_mc2_n5_mid3_d1000_05_mr098_r10_184_uai_GDCC_1e-05_n200_roTrue_s0: Loading data from ../models/synthetic/s123/random_mc2_n5_mid3_d1000_05_mr098_r10_184.csv
2026-02-02 16:28:42,823|INFO|random_mc2_n6_mid3_d1000_05_mr098_r10_139_uai_GDCC_1e-05_n200_roFalse_s0: PNS(V0,V4) exact: (0.00014340000000000004, 0.0143472)
2026-02-02 16:28:42,825|INFO|random_mc2_n5_mid3_d1000_05_mr098_r10_184_uai_GDCC_1e-05_n200_roTrue_s0: PNS(V3,V4) exact: (0.0, 0.0)
2026-02-02 16:28:42,825|ERROR|random_mc2_n5_mid3_d1000_05_mr098_r10_184_uai_GDCC_1e-05_n200_roTrue_s0: Model does not have any cause-effect path.
2026-02-02 16:28:42,897|INFO|random_mc2_n7_mid3_d1000_05_mr098_r10_59_uai_GDCC_1e-05_n200_roTrue_s0: Loading data from ../models/synthetic/s123/random_mc2_n7_mid3_d1000_05_mr098_r10_59.csv
2026-02-02 16:28:42,951|INFO|random_mc2_n8_mid3_d1000_05_mr098_r10_13_uai_GDCC_1e-05_n200_roFalse_s0: Loading model from ../models/synthetic/s123/random_mc2_n8_mid3_d1000_05_mr098_r10_13.uai
2026-02-02 16:28:42,968|INFO|random_mc2_n8_mid3_d1000_05_mr098_r10_13_uai_GDCC_1e-05_n200_roFalse_s0: Loading data from ../models/synthetic/s123/random_mc2_n8_mid3_d1000_05_mr098_r10_13.csv
2026-02-02 16:28:43,138|INFO|random_mc2_n6_mid3_d1000_05_mr098_r10_149_uai_GDCC_1e-05_n200_roTrue_s0: Loading model from ../models/synthetic/s123/random_mc2_n6_mid3_d1000_05_mr098_r10_149.uai
2026-02-02 16:28:43,150|INFO|random_mc2_n6_mid3_d1000_05_mr098_r10_149_uai_GDCC_1e-05_n200_roTrue_s0: Loading data from ../models/synthetic/s123/random_mc2_n6_mid3_d1000_05_mr098_r10_149.csv
2026-02-02 16:28:43,161|INFO|random_mc2_n6_mid3_d1000_05_mr098_r10_149_uai_GDCC_1e-05_n200_roTrue_s0: PNS(V2,V5) exact: (0.6597397735, 0.811257382)
2026-02-02 16:28:44,927|INFO|random_mc2_n5_mid3_d1000_05_mr098_r10_79_uai_GDCC_1e-05_n200_roTrue_s0: Loading model from ../models/synthetic/s123/random_mc2_n5_mid3_d1000_05_mr098_r10_79.uai
2026-02-02 16:28:44,929|INFO|random_mc2_n9_mid3_d1000_05_mr098_r10_29_uai_GDCC_1e-05_n200_roTrue_s0: Loading model from ../models/synthetic/s123/random_mc2_n9_mid3_d1000_05_mr098_r10_29.uai
2026-02-02 16:28:44,940|INFO|random_mc2_n5_mid3_d1000_05_mr098_r10_79_uai_GDCC_1e-05_n200_roTrue_s0: Loading data from ../models/synthetic/s123/random_mc2_n5_mid3_d1000_05_mr098_r10_79.csv
2026-02-02 16:28:44,954|INFO|random_mc2_n9_mid3_d1000_05_mr098_r10_29_uai_GDCC_1e-05_n200_roTrue_s0: Loading data from ../models/synthetic/s123/random_mc2_n9_mid3_d1000_05_mr098_r10_29.csv
2026-02-02 16:28:44,954|INFO|random_mc2_n5_mid3_d1000_05_mr098_r10_79_uai_GDCC_1e-05_n200_roTrue_s0: PNS(V3,V2) exact: (0.00904271675736, 0.016636195438368)
2026-02-02 16:28:46,446|INFO|random_mc2_n7_mid3_d1000_05_mr098_r10_49_uai_GDCC_1e-05_n200_roFalse_s0: Loading model from ../models/synthetic/s123/random_mc2_n7_mid3_d1000_05_mr098_r10_49.uai
2026-02-02 16:28:46,461|INFO|random_mc2_n7_mid3_d1000_05_mr098_r10_49_uai_GDCC_1e-05_n200_roFalse_s0: Loading data from ../models/synthetic/s123/random_mc2_n7_mid3_d1000_05_mr098_r10_49.csv
2026-02-02 16:28:46,486|INFO|random_mc2_n7_mid3_d1000_05_mr098_r10_49_uai_GDCC_1e-05_n200_roFalse_s0: PNS(V4,V3) exact: (0.0163816299, 0.4155382627)
2026-02-02 16:28:50,652|INFO|random_mc2_n8_mid3_d1000_05_mr098_r10_160_uai_GDCC_1e-05_n200_roFalse_s0: Loading model from ../models/synthetic/s123/random_mc2_n8_mid3_d1000_05_mr098_r10_160.uai
2026-02-02 16:28:50,678|INFO|random_mc2_n8_mid3_d1000_05_mr098_r10_160_uai_GDCC_1e-05_n200_roFalse_s0: Loading data from ../models/synthetic/s123/random_mc2_n8_mid3_d1000_05_mr098_r10_160.csv
2026-02-02 16:28:52,368|INFO|random_mc2_n5_mid3_d1000_05_mr098_r10_4_uai_GDCC_1e-05_n200_roFalse_s0: Loading model from ../models/synthetic/s123/random_mc2_n5_mid3_d1000_05_mr098_r10_4.uai
2026-02-02 16:28:52,387|INFO|random_mc2_n5_mid3_d1000_05_mr098_r10_4_uai_GDCC_1e-05_n200_roFalse_s0: Loading data from ../models/synthetic/s123/random_mc2_n5_mid3_d1000_05_mr098_r10_4.csv
2026-02-02 16:28:52,401|INFO|random_mc2_n5_mid3_d1000_05_mr098_r10_4_uai_GDCC_1e-05_n200_roFalse_s0: PNS(V1,V3) exact: (0.008115440172339, 0.040113058343352)
2026-02-02 16:28:53,555|INFO|random_mc2_n5_mid3_d1000_05_mr098_r10_144_uai_GDCC_1e-05_n200_roFalse_s0: Loading model from ../models/synthetic/s123/random_mc2_n5_mid3_d1000_05_mr098_r10_144.uai
2026-02-02 16:28:53,565|INFO|random_mc2_n5_mid3_d1000_05_mr098_r10_144_uai_GDCC_1e-05_n200_roFalse_s0: Loading data from ../models/synthetic/s123/random_mc2_n5_mid3_d1000_05_mr098_r10_144.csv
2026-02-02 16:28:53,585|INFO|random_mc2_n5_mid3_d1000_05_mr098_r10_144_uai_GDCC_1e-05_n200_roFalse_s0: PNS(V3,V1) exact: (0.385300924512895, 0.578062212781675)
2026-02-02 16:28:53,841|INFO|random_mc2_n5_mid3_d1000_05_mr098_r10_10_uai_GDCC_1e-05_n200_roFalse_s0: Loading model from ../models/synthetic/s123/random_mc2_n5_mid3_d1000_05_mr098_r10_10.uai
2026-02-02 16:28:53,856|INFO|random_mc2_n5_mid3_d1000_05_mr098_r10_10_uai_GDCC_1e-05_n200_roFalse_s0: Loading data from ../models/synthetic/s123/random_mc2_n5_mid3_d1000_05_mr098_r10_10.csv
2026-02-02 16:28:54,195|INFO|random_mc2_n7_mid3_d1000_05_mr098_r10_49_uai_GDCC_1e-05_n200_roTrue_s0: Loading model from ../models/synthetic/s123/random_mc2_n7_mid3_d1000_05_mr098_r10_49.uai
2026-02-02 16:28:54,216|INFO|random_mc2_n7_mid3_d1000_05_mr098_r10_49_uai_GDCC_1e-05_n200_roTrue_s0: Loading data from ../models/synthetic/s123/random_mc2_n7_mid3_d1000_05_mr098_r10_49.csv
2026-02-02 16:28:54,235|INFO|random_mc2_n7_mid3_d1000_05_mr098_r10_49_uai_GDCC_1e-05_n200_roTrue_s0: PNS(V4,V3) exact: (0.0163816299, 0.4155382627)
2026-02-02 16:28:54,269|INFO|random_mc2_n5_mid3_d1000_05_mr098_r10_118_uai_GDCC_1e-05_n200_roFalse_s0: Loading model from ../models/synthetic/s123/random_mc2_n5_mid3_d1000_05_mr098_r10_118.uai
2026-02-02 16:28:54,280|INFO|random_mc2_n5_mid3_d1000_05_mr098_r10_118_uai_GDCC_1e-05_n200_roFalse_s0: Loading data from ../models/synthetic/s123/random_mc2_n5_mid3_d1000_05_mr098_r10_118.csv
2026-02-02 16:28:54,299|INFO|random_mc2_n5_mid3_d1000_05_mr098_r10_118_uai_GDCC_1e-05_n200_roFalse_s0: PNS(V1,V2) exact: (0.07441581471588, 0.209057882285592)
2026-02-02 16:28:54,509|INFO|random_mc2_n8_mid3_d1000_05_mr098_r10_3_uai_GDCC_1e-05_n200_roFalse_s0: Loading model from ../models/synthetic/s123/random_mc2_n8_mid3_d1000_05_mr098_r10_3.uai
2026-02-02 16:28:54,524|INFO|random_mc2_n8_mid3_d1000_05_mr098_r10_3_uai_GDCC_1e-05_n200_roFalse_s0: Loading data from ../models/synthetic/s123/random_mc2_n8_mid3_d1000_05_mr098_r10_3.csv
2026-02-02 16:28:54,540|INFO|random_mc2_n8_mid3_d1000_05_mr098_r10_3_uai_GDCC_1e-05_n200_roFalse_s0: PNS(V5,V7) exact: (0.0133650763190615, 0.0741909892031331)
2026-02-02 16:28:55,859|INFO|random_mc2_n5_mid3_d1000_05_mr098_r10_40_uai_GDCC_1e-05_n200_roTrue_s0: Loading model from ../models/synthetic/s123/random_mc2_n5_mid3_d1000_05_mr098_r10_40.uai
2026-02-02 16:28:55,865|INFO|random_mc2_n5_mid3_d1000_05_mr098_r10_131_uai_GDCC_1e-05_n200_roTrue_s0: Loading model from ../models/synthetic/s123/random_mc2_n5_mid3_d1000_05_mr098_r10_131.uai
2026-02-02 16:28:55,868|INFO|random_mc2_n5_mid3_d1000_05_mr098_r10_61_uai_GDCC_1e-05_n200_roTrue_s0: Loading model from ../models/synthetic/s123/random_mc2_n5_mid3_d1000_05_mr098_r10_61.uai
2026-02-02 16:28:55,868|INFO|random_mc2_n5_mid3_d1000_05_mr098_r10_40_uai_GDCC_1e-05_n200_roTrue_s0: Loading data from ../models/synthetic/s123/random_mc2_n5_mid3_d1000_05_mr098_r10_40.csv
2026-02-02 16:28:55,873|INFO|random_mc2_n5_mid3_d1000_05_mr098_r10_131_uai_GDCC_1e-05_n200_roTrue_s0: Loading data from ../models/synthetic/s123/random_mc2_n5_mid3_d1000_05_mr098_r10_131.csv
2026-02-02 16:28:55,886|INFO|random_mc2_n5_mid3_d1000_05_mr098_r10_131_uai_GDCC_1e-05_n200_roTrue_s0: PNS(V2,V4) exact: (0.0, 0.3999999999999999)
2026-02-02 16:28:55,880|INFO|random_mc2_n5_mid3_d1000_05_mr098_r10_61_uai_GDCC_1e-05_n200_roTrue_s0: Loading data from ../models/synthetic/s123/random_mc2_n5_mid3_d1000_05_mr098_r10_61.csv
2026-02-02 16:28:56,013|INFO|random_mc2_n5_mid3_d1000_05_mr098_r10_78_uai_GDCC_1e-05_n200_roTrue_s0: Loading model from ../models/synthetic/s123/random_mc2_n5_mid3_d1000_05_mr098_r10_78.uai
2026-02-02 16:28:56,019|INFO|random_mc2_n5_mid3_d1000_05_mr098_r10_78_uai_GDCC_1e-05_n200_roTrue_s0: Loading data from ../models/synthetic/s123/random_mc2_n5_mid3_d1000_05_mr098_r10_78.csv
2026-02-02 16:28:56,034|INFO|random_mc2_n5_mid3_d1000_05_mr098_r10_78_uai_GDCC_1e-05_n200_roTrue_s0: PNS(V0,V2) exact: (0.163, 0.163)
2026-02-02 16:28:56,069|INFO|random_mc2_n6_mid3_d1000_05_mr098_r10_111_uai_GDCC_1e-05_n200_roFalse_s0: Loading model from ../models/synthetic/s123/random_mc2_n6_mid3_d1000_05_mr098_r10_111.uai
2026-02-02 16:28:56,077|INFO|random_mc2_n6_mid3_d1000_05_mr098_r10_111_uai_GDCC_1e-05_n200_roFalse_s0: Loading data from ../models/synthetic/s123/random_mc2_n6_mid3_d1000_05_mr098_r10_111.csv
2026-02-02 16:28:56,093|INFO|random_mc2_n6_mid3_d1000_05_mr098_r10_111_uai_GDCC_1e-05_n200_roFalse_s0: PNS(V2,V0) exact: (0.0, 0.0)
2026-02-02 16:28:56,093|ERROR|random_mc2_n6_mid3_d1000_05_mr098_r10_111_uai_GDCC_1e-05_n200_roFalse_s0: Model does not have any cause-effect path.
2026-02-02 16:28:57,560|INFO|random_mc2_n5_mid3_d1000_05_mr098_r10_186_uai_GDCC_1e-05_n200_roFalse_s0: Loading model from ../models/synthetic/s123/random_mc2_n5_mid3_d1000_05_mr098_r10_186.uai
2026-02-02 16:28:57,586|INFO|random_mc2_n8_mid3_d1000_05_mr098_r10_151_uai_GDCC_1e-05_n200_roFalse_s0: Loading model from ../models/synthetic/s123/random_mc2_n8_mid3_d1000_05_mr098_r10_151.uai
2026-02-02 16:28:57,578|INFO|random_mc2_n5_mid3_d1000_05_mr098_r10_186_uai_GDCC_1e-05_n200_roFalse_s0: Loading data from ../models/synthetic/s123/random_mc2_n5_mid3_d1000_05_mr098_r10_186.csv
2026-02-02 16:28:57,598|INFO|random_mc2_n5_mid3_d1000_05_mr098_r10_186_uai_GDCC_1e-05_n200_roFalse_s0: PNS(V3,V1) exact: (0.68198788120285, 0.68198788120285)
2026-02-02 16:28:57,610|INFO|random_mc2_n5_mid3_d1000_05_mr098_r10_89_uai_GDCC_1e-05_n200_roTrue_s0: Loading model from ../models/synthetic/s123/random_mc2_n5_mid3_d1000_05_mr098_r10_89.uai
2026-02-02 16:28:57,620|INFO|random_mc2_n6_mid3_d1000_05_mr098_r10_99_uai_GDCC_1e-05_n200_roTrue_s0: Loading model from ../models/synthetic/s123/random_mc2_n6_mid3_d1000_05_mr098_r10_99.uai
2026-02-02 16:28:57,624|INFO|random_mc2_n5_mid3_d1000_05_mr098_r10_89_uai_GDCC_1e-05_n200_roTrue_s0: Loading data from ../models/synthetic/s123/random_mc2_n5_mid3_d1000_05_mr098_r10_89.csv
2026-02-02 16:28:57,640|INFO|random_mc2_n5_mid3_d1000_05_mr098_r10_89_uai_GDCC_1e-05_n200_roTrue_s0: PNS(V1,V3) exact: (0.0, 0.1946041664)
2026-02-02 16:28:57,632|INFO|random_mc2_n6_mid3_d1000_05_mr098_r10_99_uai_GDCC_1e-05_n200_roTrue_s0: Loading data from ../models/synthetic/s123/random_mc2_n6_mid3_d1000_05_mr098_r10_99.csv
2026-02-02 16:28:57,646|INFO|random_mc2_n6_mid3_d1000_05_mr098_r10_99_uai_GDCC_1e-05_n200_roTrue_s0: PNS(V0,V1) exact: (0.0, 0.0)
2026-02-02 16:28:57,646|ERROR|random_mc2_n6_mid3_d1000_05_mr098_r10_99_uai_GDCC_1e-05_n200_roTrue_s0: Model does not have any cause-effect path.
2026-02-02 16:28:57,763|INFO|random_mc2_n8_mid3_d1000_05_mr098_r10_134_uai_GDCC_1e-05_n200_roFalse_s0: Loading model from ../models/synthetic/s123/random_mc2_n8_mid3_d1000_05_mr098_r10_134.uai
2026-02-02 16:28:57,789|INFO|random_mc2_n5_mid3_d1000_05_mr098_r10_162_uai_GDCC_1e-05_n200_roTrue_s0: Loading model from ../models/synthetic/s123/random_mc2_n5_mid3_d1000_05_mr098_r10_162.uai
2026-02-02 16:28:57,818|INFO|random_mc2_n8_mid3_d1000_05_mr098_r10_151_uai_GDCC_1e-05_n200_roFalse_s0: Loading data from ../models/synthetic/s123/random_mc2_n8_mid3_d1000_05_mr098_r10_151.csv
2026-02-02 16:28:57,800|INFO|random_mc2_n5_mid3_d1000_05_mr098_r10_162_uai_GDCC_1e-05_n200_roTrue_s0: Loading data from ../models/synthetic/s123/random_mc2_n5_mid3_d1000_05_mr098_r10_162.csv
2026-02-02 16:28:57,812|INFO|random_mc2_n5_mid3_d1000_05_mr098_r10_162_uai_GDCC_1e-05_n200_roTrue_s0: PNS(V3,V1) exact: (0.02702942159625, 0.05577743562975)
2026-02-02 16:28:57,854|INFO|random_mc2_n5_mid3_d1000_05_mr098_r10_8_uai_GDCC_1e-05_n200_roFalse_s0: Loading model from ../models/synthetic/s123/random_mc2_n5_mid3_d1000_05_mr098_r10_8.uai
2026-02-02 16:28:57,878|INFO|random_mc2_n5_mid3_d1000_05_mr098_r10_105_uai_GDCC_1e-05_n200_roFalse_s0: Loading model from ../models/synthetic/s123/random_mc2_n5_mid3_d1000_05_mr098_r10_105.uai
2026-02-02 16:28:57,867|INFO|random_mc2_n5_mid3_d1000_05_mr098_r10_8_uai_GDCC_1e-05_n200_roFalse_s0: Loading data from ../models/synthetic/s123/random_mc2_n5_mid3_d1000_05_mr098_r10_8.csv
2026-02-02 16:28:57,886|INFO|random_mc2_n5_mid3_d1000_05_mr098_r10_8_uai_GDCC_1e-05_n200_roFalse_s0: PNS(V2,V4) exact: (0.1708037925, 0.4919019990000001)
2026-02-02 16:28:57,894|INFO|random_mc2_n5_mid3_d1000_05_mr098_r10_105_uai_GDCC_1e-05_n200_roFalse_s0: Loading data from ../models/synthetic/s123/random_mc2_n5_mid3_d1000_05_mr098_r10_105.csv
2026-02-02 16:28:58,207|INFO|random_mc2_n8_mid3_d1000_05_mr098_r10_134_uai_GDCC_1e-05_n200_roFalse_s0: Loading data from ../models/synthetic/s123/random_mc2_n8_mid3_d1000_05_mr098_r10_134.csv
2026-02-02 16:29:02,897|INFO|random_mc2_n6_mid3_d1000_05_mr098_r10_126_uai_GDCC_1e-05_n200_roFalse_s0: Loading model from ../models/synthetic/s123/random_mc2_n6_mid3_d1000_05_mr098_r10_126.uai
2026-02-02 16:29:02,919|INFO|random_mc2_n7_mid3_d1000_05_mr098_r10_126_uai_GDCC_1e-05_n200_roTrue_s0: Loading model from ../models/synthetic/s123/random_mc2_n7_mid3_d1000_05_mr098_r10_126.uai
2026-02-02 16:29:02,929|INFO|random_mc2_n6_mid3_d1000_05_mr098_r10_126_uai_GDCC_1e-05_n200_roFalse_s0: Loading data from ../models/synthetic/s123/random_mc2_n6_mid3_d1000_05_mr098_r10_126.csv
2026-02-02 16:29:02,947|INFO|random_mc2_n7_mid3_d1000_05_mr098_r10_126_uai_GDCC_1e-05_n200_roTrue_s0: Loading data from ../models/synthetic/s123/random_mc2_n7_mid3_d1000_05_mr098_r10_126.csv
2026-02-02 16:29:02,962|INFO|random_mc2_n7_mid3_d1000_05_mr098_r10_126_uai_GDCC_1e-05_n200_roTrue_s0: PNS(V0,V1) exact: (0.2650857268885659, 0.4244970236778398)
2026-02-02 16:29:03,701|INFO|random_mc2_n6_mid3_d1000_05_mr098_r10_44_uai_GDCC_1e-05_n200_roTrue_s0: Loading model from ../models/synthetic/s123/random_mc2_n6_mid3_d1000_05_mr098_r10_44.uai
2026-02-02 16:29:03,709|INFO|random_mc2_n6_mid3_d1000_05_mr098_r10_44_uai_GDCC_1e-05_n200_roTrue_s0: Loading data from ../models/synthetic/s123/random_mc2_n6_mid3_d1000_05_mr098_r10_44.csv
2026-02-02 16:29:03,719|INFO|random_mc2_n6_mid3_d1000_05_mr098_r10_44_uai_GDCC_1e-05_n200_roTrue_s0: PNS(V3,V5) exact: (0.0558153164, 0.3842657125)
2026-02-02 16:29:05,202|INFO|random_mc2_n5_mid3_d1000_05_mr098_r10_165_uai_GDCC_1e-05_n200_roFalse_s0: Loading model from ../models/synthetic/s123/random_mc2_n5_mid3_d1000_05_mr098_r10_165.uai
2026-02-02 16:29:05,217|INFO|random_mc2_n8_mid3_d1000_05_mr098_r10_26_uai_GDCC_1e-05_n200_roFalse_s0: Loading model from ../models/synthetic/s123/random_mc2_n8_mid3_d1000_05_mr098_r10_26.uai
2026-02-02 16:29:05,219|INFO|random_mc2_n5_mid3_d1000_05_mr098_r10_165_uai_GDCC_1e-05_n200_roFalse_s0: Loading data from ../models/synthetic/s123/random_mc2_n5_mid3_d1000_05_mr098_r10_165.csv
2026-02-02 16:29:05,241|INFO|random_mc2_n5_mid3_d1000_05_mr098_r10_165_uai_GDCC_1e-05_n200_roFalse_s0: PNS(V1,V2) exact: (0.93297, 0.93333)
2026-02-02 16:29:05,247|INFO|random_mc2_n8_mid3_d1000_05_mr098_r10_26_uai_GDCC_1e-05_n200_roFalse_s0: Loading data from ../models/synthetic/s123/random_mc2_n8_mid3_d1000_05_mr098_r10_26.csv
2026-02-02 16:29:07,351|INFO|random_mc2_n7_mid3_d1000_05_mr098_r10_97_uai_GDCC_1e-05_n200_roFalse_s0: Loading model from ../models/synthetic/s123/random_mc2_n7_mid3_d1000_05_mr098_r10_97.uai
2026-02-02 16:29:07,383|INFO|random_mc2_n7_mid3_d1000_05_mr098_r10_97_uai_GDCC_1e-05_n200_roFalse_s0: Loading data from ../models/synthetic/s123/random_mc2_n7_mid3_d1000_05_mr098_r10_97.csv
2026-02-02 16:29:07,395|INFO|random_mc2_n9_mid3_d1000_05_mr098_r10_133_uai_GDCC_1e-05_n200_roFalse_s0: Loading model from ../models/synthetic/s123/random_mc2_n9_mid3_d1000_05_mr098_r10_133.uai
2026-02-02 16:29:07,404|INFO|random_mc2_n7_mid3_d1000_05_mr098_r10_97_uai_GDCC_1e-05_n200_roFalse_s0: PNS(V4,V6) exact: (0.0215633261719529, 0.03488625941917)
2026-02-02 16:29:07,405|INFO|random_mc2_n8_mid3_d1000_05_mr098_r10_30_uai_GDCC_1e-05_n200_roTrue_s0: Loading model from ../models/synthetic/s123/random_mc2_n8_mid3_d1000_05_mr098_r10_30.uai
2026-02-02 16:29:07,414|INFO|random_mc2_n9_mid3_d1000_05_mr098_r10_133_uai_GDCC_1e-05_n200_roFalse_s0: Loading data from ../models/synthetic/s123/random_mc2_n9_mid3_d1000_05_mr098_r10_133.csv
2026-02-02 16:29:07,427|INFO|random_mc2_n8_mid3_d1000_05_mr098_r10_30_uai_GDCC_1e-05_n200_roTrue_s0: Loading data from ../models/synthetic/s123/random_mc2_n8_mid3_d1000_05_mr098_r10_30.csv
2026-02-02 16:29:09,852|INFO|random_mc2_n5_mid3_d1000_05_mr098_r10_11_uai_GDCC_1e-05_n200_roTrue_s0: Loading model from ../models/synthetic/s123/random_mc2_n5_mid3_d1000_05_mr098_r10_11.uai
2026-02-02 16:29:09,855|INFO|random_mc2_n7_mid3_d1000_05_mr098_r10_54_uai_GDCC_1e-05_n200_roTrue_s0: Loading model from ../models/synthetic/s123/random_mc2_n7_mid3_d1000_05_mr098_r10_54.uai
2026-02-02 16:29:09,874|INFO|random_mc2_n5_mid3_d1000_05_mr098_r10_11_uai_GDCC_1e-05_n200_roTrue_s0: Loading data from ../models/synthetic/s123/random_mc2_n5_mid3_d1000_05_mr098_r10_11.csv
2026-02-02 16:29:09,887|INFO|random_mc2_n7_mid3_d1000_05_mr098_r10_54_uai_GDCC_1e-05_n200_roTrue_s0: Loading data from ../models/synthetic/s123/random_mc2_n7_mid3_d1000_05_mr098_r10_54.csv
2026-02-02 16:29:09,945|INFO|random_mc2_n6_mid3_d1000_05_mr098_r10_200_uai_GDCC_1e-05_n200_roTrue_s0: Loading model from ../models/synthetic/s123/random_mc2_n6_mid3_d1000_05_mr098_r10_200.uai
2026-02-02 16:29:09,971|INFO|random_mc2_n6_mid3_d1000_05_mr098_r10_195_uai_GDCC_1e-05_n200_roFalse_s0: Loading model from ../models/synthetic/s123/random_mc2_n6_mid3_d1000_05_mr098_r10_195.uai
2026-02-02 16:29:09,979|INFO|random_mc2_n6_mid3_d1000_05_mr098_r10_200_uai_GDCC_1e-05_n200_roTrue_s0: Loading data from ../models/synthetic/s123/random_mc2_n6_mid3_d1000_05_mr098_r10_200.csv
2026-02-02 16:29:09,983|INFO|random_mc2_n6_mid3_d1000_05_mr098_r10_195_uai_GDCC_1e-05_n200_roFalse_s0: Loading data from ../models/synthetic/s123/random_mc2_n6_mid3_d1000_05_mr098_r10_195.csv
2026-02-02 16:29:10,002|INFO|random_mc2_n6_mid3_d1000_05_mr098_r10_195_uai_GDCC_1e-05_n200_roFalse_s0: PNS(V1,V5) exact: (0.3611165594, 0.4092761430999999)
2026-02-02 16:29:10,128|INFO|random_mc2_n9_mid3_d1000_05_mr098_r10_2_uai_GDCC_1e-05_n200_roFalse_s0: Loading model from ../models/synthetic/s123/random_mc2_n9_mid3_d1000_05_mr098_r10_2.uai
2026-02-02 16:29:10,152|INFO|random_mc2_n9_mid3_d1000_05_mr098_r10_2_uai_GDCC_1e-05_n200_roFalse_s0: Loading data from ../models/synthetic/s123/random_mc2_n9_mid3_d1000_05_mr098_r10_2.csv
2026-02-02 16:29:10,288|INFO|random_mc2_n6_mid3_d1000_05_mr098_r10_165_uai_GDCC_1e-05_n200_roFalse_s0: Loading model from ../models/synthetic/s123/random_mc2_n6_mid3_d1000_05_mr098_r10_165.uai
2026-02-02 16:29:10,306|INFO|random_mc2_n6_mid3_d1000_05_mr098_r10_165_uai_GDCC_1e-05_n200_roFalse_s0: Loading data from ../models/synthetic/s123/random_mc2_n6_mid3_d1000_05_mr098_r10_165.csv
2026-02-02 16:29:10,323|INFO|random_mc2_n6_mid3_d1000_05_mr098_r10_165_uai_GDCC_1e-05_n200_roFalse_s0: PNS(V3,V2) exact: (0.0, 0.0558513235759999)
2026-02-02 16:29:11,163|INFO|random_mc2_n6_mid3_d1000_05_mr098_r10_121_uai_GDCC_1e-05_n200_roFalse_s0: Loading model from ../models/synthetic/s123/random_mc2_n6_mid3_d1000_05_mr098_r10_121.uai
2026-02-02 16:29:11,190|INFO|random_mc2_n6_mid3_d1000_05_mr098_r10_121_uai_GDCC_1e-05_n200_roFalse_s0: Loading data from ../models/synthetic/s123/random_mc2_n6_mid3_d1000_05_mr098_r10_121.csv
2026-02-02 16:29:12,784|INFO|random_mc2_n6_mid3_d1000_05_mr098_r10_179_uai_GDCC_1e-05_n200_roFalse_s0: Loading model from ../models/synthetic/s123/random_mc2_n6_mid3_d1000_05_mr098_r10_179.uai
2026-02-02 16:29:12,887|INFO|random_mc2_n9_mid3_d1000_05_mr098_r10_104_uai_GDCC_1e-05_n200_roFalse_s0: Loading model from ../models/synthetic/s123/random_mc2_n9_mid3_d1000_05_mr098_r10_104.uai
2026-02-02 16:29:12,898|INFO|random_mc2_n7_mid3_d1000_05_mr098_r10_153_uai_GDCC_1e-05_n200_roFalse_s0: Loading model from ../models/synthetic/s123/random_mc2_n7_mid3_d1000_05_mr098_r10_153.uai
2026-02-02 16:29:12,918|INFO|random_mc2_n5_mid3_d1000_05_mr098_r10_151_uai_GDCC_1e-05_n200_roFalse_s0: Loading model from ../models/synthetic/s123/random_mc2_n5_mid3_d1000_05_mr098_r10_151.uai
2026-02-02 16:29:12,913|INFO|random_mc2_n9_mid3_d1000_05_mr098_r10_104_uai_GDCC_1e-05_n200_roFalse_s0: Loading data from ../models/synthetic/s123/random_mc2_n9_mid3_d1000_05_mr098_r10_104.csv
2026-02-02 16:29:12,912|INFO|random_mc2_n7_mid3_d1000_05_mr098_r10_153_uai_GDCC_1e-05_n200_roFalse_s0: Loading data from ../models/synthetic/s123/random_mc2_n7_mid3_d1000_05_mr098_r10_153.csv
2026-02-02 16:29:12,929|INFO|random_mc2_n5_mid3_d1000_05_mr098_r10_151_uai_GDCC_1e-05_n200_roFalse_s0: Loading data from ../models/synthetic/s123/random_mc2_n5_mid3_d1000_05_mr098_r10_151.csv
2026-02-02 16:29:12,941|INFO|random_mc2_n5_mid3_d1000_05_mr098_r10_151_uai_GDCC_1e-05_n200_roFalse_s0: PNS(V1,V2) exact: (0.0, 0.3129183631)
2026-02-02 16:29:12,958|INFO|random_mc2_n5_mid3_d1000_05_mr098_r10_197_uai_GDCC_1e-05_n200_roFalse_s0: Loading model from ../models/synthetic/s123/random_mc2_n5_mid3_d1000_05_mr098_r10_197.uai
2026-02-02 16:29:12,995|INFO|random_mc2_n8_mid3_d1000_05_mr098_r10_174_uai_GDCC_1e-05_n200_roFalse_s0: Loading model from ../models/synthetic/s123/random_mc2_n8_mid3_d1000_05_mr098_r10_174.uai
2026-02-02 16:29:12,967|INFO|random_mc2_n5_mid3_d1000_05_mr098_r10_197_uai_GDCC_1e-05_n200_roFalse_s0: Loading data from ../models/synthetic/s123/random_mc2_n5_mid3_d1000_05_mr098_r10_197.csv
2026-02-02 16:29:12,980|INFO|random_mc2_n5_mid3_d1000_05_mr098_r10_197_uai_GDCC_1e-05_n200_roFalse_s0: PNS(V0,V2) exact: (0.0654547499999999, 0.0866559)
2026-02-02 16:29:12,999|INFO|random_mc2_n6_mid3_d1000_05_mr098_r10_179_uai_GDCC_1e-05_n200_roFalse_s0: Loading data from ../models/synthetic/s123/random_mc2_n6_mid3_d1000_05_mr098_r10_179.csv
2026-02-02 16:29:13,078|INFO|random_mc2_n5_mid3_d1000_05_mr098_r10_6_uai_GDCC_1e-05_n200_roTrue_s0: Loading model from ../models/synthetic/s123/random_mc2_n5_mid3_d1000_05_mr098_r10_6.uai
2026-02-02 16:29:13,086|INFO|random_mc2_n5_mid3_d1000_05_mr098_r10_153_uai_GDCC_1e-05_n200_roTrue_s0: Loading model from ../models/synthetic/s123/random_mc2_n5_mid3_d1000_05_mr098_r10_153.uai
2026-02-02 16:29:13,107|INFO|random_mc2_n9_mid3_d1000_05_mr098_r10_136_uai_GDCC_1e-05_n200_roTrue_s0: Loading model from ../models/synthetic/s123/random_mc2_n9_mid3_d1000_05_mr098_r10_136.uai
2026-02-02 16:29:13,094|INFO|random_mc2_n5_mid3_d1000_05_mr098_r10_6_uai_GDCC_1e-05_n200_roTrue_s0: Loading data from ../models/synthetic/s123/random_mc2_n5_mid3_d1000_05_mr098_r10_6.csv
2026-02-02 16:29:13,094|INFO|random_mc2_n5_mid3_d1000_05_mr098_r10_153_uai_GDCC_1e-05_n200_roTrue_s0: Loading data from ../models/synthetic/s123/random_mc2_n5_mid3_d1000_05_mr098_r10_153.csv
2026-02-02 16:29:13,111|INFO|random_mc2_n5_mid3_d1000_05_mr098_r10_153_uai_GDCC_1e-05_n200_roTrue_s0: PNS(V3,V2) exact: (0.014386402, 0.118614199)
2026-02-02 16:29:13,137|INFO|random_mc2_n5_mid3_d1000_05_mr098_r10_191_uai_GDCC_1e-05_n200_roFalse_s0: Loading model from ../models/synthetic/s123/random_mc2_n5_mid3_d1000_05_mr098_r10_191.uai
2026-02-02 16:29:13,130|INFO|random_mc2_n9_mid3_d1000_05_mr098_r10_136_uai_GDCC_1e-05_n200_roTrue_s0: Loading data from ../models/synthetic/s123/random_mc2_n9_mid3_d1000_05_mr098_r10_136.csv
2026-02-02 16:29:13,142|INFO|random_mc2_n5_mid3_d1000_05_mr098_r10_191_uai_GDCC_1e-05_n200_roFalse_s0: Loading data from ../models/synthetic/s123/random_mc2_n5_mid3_d1000_05_mr098_r10_191.csv
2026-02-02 16:29:13,185|INFO|random_mc2_n5_mid3_d1000_05_mr098_r10_132_uai_GDCC_1e-05_n200_roTrue_s0: Loading model from ../models/synthetic/s123/random_mc2_n5_mid3_d1000_05_mr098_r10_132.uai
2026-02-02 16:29:13,202|INFO|random_mc2_n6_mid3_d1000_05_mr098_r10_185_uai_GDCC_1e-05_n200_roFalse_s0: Loading model from ../models/synthetic/s123/random_mc2_n6_mid3_d1000_05_mr098_r10_185.uai
2026-02-02 16:29:13,193|INFO|random_mc2_n5_mid3_d1000_05_mr098_r10_132_uai_GDCC_1e-05_n200_roTrue_s0: Loading data from ../models/synthetic/s123/random_mc2_n5_mid3_d1000_05_mr098_r10_132.csv
2026-02-02 16:29:13,205|INFO|random_mc2_n5_mid3_d1000_05_mr098_r10_132_uai_GDCC_1e-05_n200_roTrue_s0: PNS(V0,V2) exact: (0.0, 0.0)
2026-02-02 16:29:13,205|ERROR|random_mc2_n5_mid3_d1000_05_mr098_r10_132_uai_GDCC_1e-05_n200_roTrue_s0: Model does not have any cause-effect path.
2026-02-02 16:29:13,230|INFO|random_mc2_n6_mid3_d1000_05_mr098_r10_125_uai_GDCC_1e-05_n200_roTrue_s0: Loading model from ../models/synthetic/s123/random_mc2_n6_mid3_d1000_05_mr098_r10_125.uai
2026-02-02 16:29:13,216|INFO|random_mc2_n6_mid3_d1000_05_mr098_r10_185_uai_GDCC_1e-05_n200_roFalse_s0: Loading data from ../models/synthetic/s123/random_mc2_n6_mid3_d1000_05_mr098_r10_185.csv
2026-02-02 16:29:13,256|INFO|random_mc2_n7_mid3_d1000_05_mr098_r10_93_uai_GDCC_1e-05_n200_roFalse_s0: Loading model from ../models/synthetic/s123/random_mc2_n7_mid3_d1000_05_mr098_r10_93.uai
2026-02-02 16:29:13,245|INFO|random_mc2_n6_mid3_d1000_05_mr098_r10_125_uai_GDCC_1e-05_n200_roTrue_s0: Loading data from ../models/synthetic/s123/random_mc2_n6_mid3_d1000_05_mr098_r10_125.csv
2026-02-02 16:29:13,273|INFO|random_mc2_n7_mid3_d1000_05_mr098_r10_93_uai_GDCC_1e-05_n200_roFalse_s0: Loading data from ../models/synthetic/s123/random_mc2_n7_mid3_d1000_05_mr098_r10_93.csv
2026-02-02 16:29:13,314|INFO|random_mc2_n8_mid3_d1000_05_mr098_r10_174_uai_GDCC_1e-05_n200_roFalse_s0: Loading data from ../models/synthetic/s123/random_mc2_n8_mid3_d1000_05_mr098_r10_174.csv
2026-02-02 16:29:13,590|INFO|random_mc2_n6_mid3_d1000_05_mr098_r10_13_uai_GDCC_1e-05_n200_roTrue_s0: Loading model from ../models/synthetic/s123/random_mc2_n6_mid3_d1000_05_mr098_r10_13.uai
2026-02-02 16:29:13,600|INFO|random_mc2_n6_mid3_d1000_05_mr098_r10_13_uai_GDCC_1e-05_n200_roTrue_s0: Loading data from ../models/synthetic/s123/random_mc2_n6_mid3_d1000_05_mr098_r10_13.csv
2026-02-02 16:29:13,635|INFO|random_mc2_n7_mid3_d1000_05_mr098_r10_9_uai_GDCC_1e-05_n200_roTrue_s0: Loading model from ../models/synthetic/s123/random_mc2_n7_mid3_d1000_05_mr098_r10_9.uai
2026-02-02 16:29:13,673|INFO|random_mc2_n5_mid3_d1000_05_mr098_r10_116_uai_GDCC_1e-05_n200_roFalse_s0: Loading model from ../models/synthetic/s123/random_mc2_n5_mid3_d1000_05_mr098_r10_116.uai
2026-02-02 16:29:13,652|INFO|random_mc2_n7_mid3_d1000_05_mr098_r10_9_uai_GDCC_1e-05_n200_roTrue_s0: Loading data from ../models/synthetic/s123/random_mc2_n7_mid3_d1000_05_mr098_r10_9.csv
2026-02-02 16:29:13,669|INFO|random_mc2_n7_mid3_d1000_05_mr098_r10_9_uai_GDCC_1e-05_n200_roTrue_s0: PNS(V2,V3) exact: (0.034282230913595, 0.271965748446975)
2026-02-02 16:29:13,682|INFO|random_mc2_n5_mid3_d1000_05_mr098_r10_116_uai_GDCC_1e-05_n200_roFalse_s0: Loading data from ../models/synthetic/s123/random_mc2_n5_mid3_d1000_05_mr098_r10_116.csv
2026-02-02 16:29:13,698|INFO|random_mc2_n5_mid3_d1000_05_mr098_r10_116_uai_GDCC_1e-05_n200_roFalse_s0: PNS(V1,V3) exact: (0.0, 0.0017957419812)
2026-02-02 16:29:14,527|INFO|random_mc2_n5_mid3_d1000_05_mr098_r10_11_uai_GDCC_1e-05_n200_roFalse_s0: Loading model from ../models/synthetic/s123/random_mc2_n5_mid3_d1000_05_mr098_r10_11.uai
2026-02-02 16:29:14,532|INFO|random_mc2_n5_mid3_d1000_05_mr098_r10_11_uai_GDCC_1e-05_n200_roFalse_s0: Loading data from ../models/synthetic/s123/random_mc2_n5_mid3_d1000_05_mr098_r10_11.csv
2026-02-02 16:29:16,091|INFO|random_mc2_n5_mid3_d1000_05_mr098_r10_131_uai_GDCC_1e-05_n200_roFalse_s0: Loading model from ../models/synthetic/s123/random_mc2_n5_mid3_d1000_05_mr098_r10_131.uai
2026-02-02 16:29:16,106|INFO|random_mc2_n5_mid3_d1000_05_mr098_r10_131_uai_GDCC_1e-05_n200_roFalse_s0: Loading data from ../models/synthetic/s123/random_mc2_n5_mid3_d1000_05_mr098_r10_131.csv
2026-02-02 16:29:16,132|INFO|random_mc2_n5_mid3_d1000_05_mr098_r10_131_uai_GDCC_1e-05_n200_roFalse_s0: PNS(V2,V4) exact: (0.0, 0.3999999999999999)
2026-02-02 16:29:18,055|INFO|random_mc2_n5_mid3_d1000_05_mr098_r10_154_uai_GDCC_1e-05_n200_roFalse_s0: Loading model from ../models/synthetic/s123/random_mc2_n5_mid3_d1000_05_mr098_r10_154.uai
2026-02-02 16:29:18,073|INFO|random_mc2_n5_mid3_d1000_05_mr098_r10_154_uai_GDCC_1e-05_n200_roFalse_s0: Loading data from ../models/synthetic/s123/random_mc2_n5_mid3_d1000_05_mr098_r10_154.csv
2026-02-02 16:29:19,688|INFO|random_mc2_n6_mid3_d1000_05_mr098_r10_160_uai_GDCC_1e-05_n200_roTrue_s0: Loading model from ../models/synthetic/s123/random_mc2_n6_mid3_d1000_05_mr098_r10_160.uai
2026-02-02 16:29:19,727|INFO|random_mc2_n6_mid3_d1000_05_mr098_r10_160_uai_GDCC_1e-05_n200_roTrue_s0: Loading data from ../models/synthetic/s123/random_mc2_n6_mid3_d1000_05_mr098_r10_160.csv
2026-02-02 16:29:20,429|INFO|random_mc2_n6_mid3_d1000_05_mr098_r10_119_uai_GDCC_1e-05_n200_roTrue_s0: Loading model from ../models/synthetic/s123/random_mc2_n6_mid3_d1000_05_mr098_r10_119.uai
2026-02-02 16:29:20,442|INFO|random_mc2_n6_mid3_d1000_05_mr098_r10_119_uai_GDCC_1e-05_n200_roTrue_s0: Loading data from ../models/synthetic/s123/random_mc2_n6_mid3_d1000_05_mr098_r10_119.csv
2026-02-02 16:29:20,667|INFO|random_mc2_n5_mid3_d1000_05_mr098_r10_26_uai_GDCC_1e-05_n200_roTrue_s0: Loading model from ../models/synthetic/s123/random_mc2_n5_mid3_d1000_05_mr098_r10_26.uai
2026-02-02 16:29:20,678|INFO|random_mc2_n5_mid3_d1000_05_mr098_r10_26_uai_GDCC_1e-05_n200_roTrue_s0: Loading data from ../models/synthetic/s123/random_mc2_n5_mid3_d1000_05_mr098_r10_26.csv
2026-02-02 16:29:21,105|INFO|random_mc2_n5_mid3_d1000_05_mr098_r10_174_uai_GDCC_1e-05_n200_roFalse_s0: Loading model from ../models/synthetic/s123/random_mc2_n5_mid3_d1000_05_mr098_r10_174.uai
2026-02-02 16:29:21,118|INFO|random_mc2_n5_mid3_d1000_05_mr098_r10_174_uai_GDCC_1e-05_n200_roFalse_s0: Loading data from ../models/synthetic/s123/random_mc2_n5_mid3_d1000_05_mr098_r10_174.csv
2026-02-02 16:29:21,133|INFO|random_mc2_n5_mid3_d1000_05_mr098_r10_174_uai_GDCC_1e-05_n200_roFalse_s0: PNS(V1,V3) exact: (0.497273609538846, 0.62213966937114)
2026-02-02 16:29:22,570|INFO|random_mc2_n5_mid3_d1000_05_mr098_r10_68_uai_GDCC_1e-05_n200_roFalse_s0: Loading model from ../models/synthetic/s123/random_mc2_n5_mid3_d1000_05_mr098_r10_68.uai
2026-02-02 16:29:22,604|INFO|random_mc2_n7_mid3_d1000_05_mr098_r10_51_uai_GDCC_1e-05_n200_roTrue_s0: Loading model from ../models/synthetic/s123/random_mc2_n7_mid3_d1000_05_mr098_r10_51.uai
2026-02-02 16:29:22,587|INFO|random_mc2_n5_mid3_d1000_05_mr098_r10_68_uai_GDCC_1e-05_n200_roFalse_s0: Loading data from ../models/synthetic/s123/random_mc2_n5_mid3_d1000_05_mr098_r10_68.csv
2026-02-02 16:29:22,612|INFO|random_mc2_n6_mid3_d1000_05_mr098_r10_24_uai_GDCC_1e-05_n200_roFalse_s0: Loading model from ../models/synthetic/s123/random_mc2_n6_mid3_d1000_05_mr098_r10_24.uai
2026-02-02 16:29:22,628|INFO|random_mc2_n7_mid3_d1000_05_mr098_r10_51_uai_GDCC_1e-05_n200_roTrue_s0: Loading data from ../models/synthetic/s123/random_mc2_n7_mid3_d1000_05_mr098_r10_51.csv
2026-02-02 16:29:22,630|INFO|random_mc2_n6_mid3_d1000_05_mr098_r10_24_uai_GDCC_1e-05_n200_roFalse_s0: Loading data from ../models/synthetic/s123/random_mc2_n6_mid3_d1000_05_mr098_r10_24.csv
2026-02-02 16:29:22,791|INFO|random_mc2_n5_mid3_d1000_05_mr098_r10_12_uai_GDCC_1e-05_n200_roTrue_s0: Loading model from ../models/synthetic/s123/random_mc2_n5_mid3_d1000_05_mr098_r10_12.uai
2026-02-02 16:29:22,801|INFO|random_mc2_n5_mid3_d1000_05_mr098_r10_12_uai_GDCC_1e-05_n200_roTrue_s0: Loading data from ../models/synthetic/s123/random_mc2_n5_mid3_d1000_05_mr098_r10_12.csv
2026-02-02 16:29:22,817|INFO|random_mc2_n5_mid3_d1000_05_mr098_r10_12_uai_GDCC_1e-05_n200_roTrue_s0: PNS(V4,V2) exact: (0.007306159, 0.014175791)
2026-02-02 16:29:22,835|INFO|random_mc2_n5_mid3_d1000_05_mr098_r10_102_uai_GDCC_1e-05_n200_roTrue_s0: Loading model from ../models/synthetic/s123/random_mc2_n5_mid3_d1000_05_mr098_r10_102.uai
2026-02-02 16:29:22,844|INFO|random_mc2_n5_mid3_d1000_05_mr098_r10_102_uai_GDCC_1e-05_n200_roTrue_s0: Loading data from ../models/synthetic/s123/random_mc2_n5_mid3_d1000_05_mr098_r10_102.csv
2026-02-02 16:29:22,859|INFO|random_mc2_n5_mid3_d1000_05_mr098_r10_102_uai_GDCC_1e-05_n200_roTrue_s0: PNS(V3,V0) exact: (0.2629687949824, 0.477036655678528)
2026-02-02 16:29:25,012|INFO|random_mc2_n5_mid3_d1000_05_mr098_r10_128_uai_GDCC_1e-05_n200_roFalse_s0: Loading model from ../models/synthetic/s123/random_mc2_n5_mid3_d1000_05_mr098_r10_128.uai
2026-02-02 16:29:25,021|INFO|random_mc2_n7_mid3_d1000_05_mr098_r10_25_uai_GDCC_1e-05_n200_roFalse_s0: Loading model from ../models/synthetic/s123/random_mc2_n7_mid3_d1000_05_mr098_r10_25.uai
2026-02-02 16:29:25,023|INFO|random_mc2_n5_mid3_d1000_05_mr098_r10_128_uai_GDCC_1e-05_n200_roFalse_s0: Loading data from ../models/synthetic/s123/random_mc2_n5_mid3_d1000_05_mr098_r10_128.csv
2026-02-02 16:29:25,045|INFO|random_mc2_n5_mid3_d1000_05_mr098_r10_128_uai_GDCC_1e-05_n200_roFalse_s0: PNS(V2,V0) exact: (0.0, 0.0565271411)
2026-02-02 16:29:25,050|INFO|random_mc2_n7_mid3_d1000_05_mr098_r10_25_uai_GDCC_1e-05_n200_roFalse_s0: Loading data from ../models/synthetic/s123/random_mc2_n7_mid3_d1000_05_mr098_r10_25.csv
2026-02-02 16:29:25,496|INFO|random_mc2_n6_mid3_d1000_05_mr098_r10_71_uai_GDCC_1e-05_n200_roFalse_s0: Loading model from ../models/synthetic/s123/random_mc2_n6_mid3_d1000_05_mr098_r10_71.uai
2026-02-02 16:29:25,506|INFO|random_mc2_n6_mid3_d1000_05_mr098_r10_71_uai_GDCC_1e-05_n200_roFalse_s0: Loading data from ../models/synthetic/s123/random_mc2_n6_mid3_d1000_05_mr098_r10_71.csv
2026-02-02 16:29:25,515|INFO|random_mc2_n6_mid3_d1000_05_mr098_r10_71_uai_GDCC_1e-05_n200_roFalse_s0: PNS(V0,V3) exact: (0.5001600000000002, 0.6072)
2026-02-02 16:29:25,683|INFO|random_mc2_n8_mid3_d1000_05_mr098_r10_131_uai_GDCC_1e-05_n200_roTrue_s0: Loading model from ../models/synthetic/s123/random_mc2_n8_mid3_d1000_05_mr098_r10_131.uai
2026-02-02 16:29:25,702|INFO|random_mc2_n8_mid3_d1000_05_mr098_r10_131_uai_GDCC_1e-05_n200_roTrue_s0: Loading data from ../models/synthetic/s123/random_mc2_n8_mid3_d1000_05_mr098_r10_131.csv
2026-02-02 16:29:25,717|INFO|random_mc2_n8_mid3_d1000_05_mr098_r10_131_uai_GDCC_1e-05_n200_roTrue_s0: PNS(V2,V4) exact: (0.0110083727479793, 0.2116947943241336)
2026-02-02 16:29:25,741|INFO|random_mc2_n5_mid3_d1000_05_mr098_r10_95_uai_GDCC_1e-05_n200_roTrue_s0: Loading model from ../models/synthetic/s123/random_mc2_n5_mid3_d1000_05_mr098_r10_95.uai
2026-02-02 16:29:25,751|INFO|random_mc2_n5_mid3_d1000_05_mr098_r10_95_uai_GDCC_1e-05_n200_roTrue_s0: Loading data from ../models/synthetic/s123/random_mc2_n5_mid3_d1000_05_mr098_r10_95.csv
2026-02-02 16:29:25,764|INFO|random_mc2_n5_mid3_d1000_05_mr098_r10_95_uai_GDCC_1e-05_n200_roTrue_s0: PNS(V2,V3) exact: (0.0, 0.0190074356112)
2026-02-02 16:29:26,160|INFO|random_mc2_n5_mid3_d1000_05_mr098_r10_22_uai_GDCC_1e-05_n200_roTrue_s0: Loading model from ../models/synthetic/s123/random_mc2_n5_mid3_d1000_05_mr098_r10_22.uai
2026-02-02 16:29:26,171|INFO|random_mc2_n5_mid3_d1000_05_mr098_r10_22_uai_GDCC_1e-05_n200_roTrue_s0: Loading data from ../models/synthetic/s123/random_mc2_n5_mid3_d1000_05_mr098_r10_22.csv
2026-02-02 16:29:26,188|INFO|random_mc2_n5_mid3_d1000_05_mr098_r10_22_uai_GDCC_1e-05_n200_roTrue_s0: PNS(V2,V3) exact: (0.01716, 0.07782)
2026-02-02 16:29:26,327|INFO|random_mc2_n8_mid3_d1000_05_mr098_r10_116_uai_GDCC_1e-05_n200_roFalse_s0: Loading model from ../models/synthetic/s123/random_mc2_n8_mid3_d1000_05_mr098_r10_116.uai
2026-02-02 16:29:26,351|INFO|random_mc2_n8_mid3_d1000_05_mr098_r10_116_uai_GDCC_1e-05_n200_roFalse_s0: Loading data from ../models/synthetic/s123/random_mc2_n8_mid3_d1000_05_mr098_r10_116.csv
2026-02-02 16:29:26,371|INFO|random_mc2_n6_mid3_d1000_05_mr098_r10_156_uai_GDCC_1e-05_n200_roTrue_s0: Loading model from ../models/synthetic/s123/random_mc2_n6_mid3_d1000_05_mr098_r10_156.uai
2026-02-02 16:29:26,385|INFO|random_mc2_n6_mid3_d1000_05_mr098_r10_156_uai_GDCC_1e-05_n200_roTrue_s0: Loading data from ../models/synthetic/s123/random_mc2_n6_mid3_d1000_05_mr098_r10_156.csv
2026-02-02 16:29:26,839|INFO|random_mc2_n6_mid3_d1000_05_mr098_r10_100_uai_GDCC_1e-05_n200_roFalse_s0: Loading model from ../models/synthetic/s123/random_mc2_n6_mid3_d1000_05_mr098_r10_100.uai
2026-02-02 16:29:26,862|INFO|random_mc2_n6_mid3_d1000_05_mr098_r10_100_uai_GDCC_1e-05_n200_roFalse_s0: Loading data from ../models/synthetic/s123/random_mc2_n6_mid3_d1000_05_mr098_r10_100.csv
2026-02-02 16:29:26,878|INFO|random_mc2_n6_mid3_d1000_05_mr098_r10_100_uai_GDCC_1e-05_n200_roFalse_s0: PNS(V1,V4) exact: (0.171264845032, 0.302367839752)
2026-02-02 16:29:28,475|INFO|random_mc2_n6_mid3_d1000_05_mr098_r10_46_uai_GDCC_1e-05_n200_roTrue_s0: Loading model from ../models/synthetic/s123/random_mc2_n6_mid3_d1000_05_mr098_r10_46.uai
2026-02-02 16:29:28,478|INFO|random_mc2_n9_mid3_d1000_05_mr098_r10_10_uai_GDCC_1e-05_n200_roTrue_s0: Loading model from ../models/synthetic/s123/random_mc2_n9_mid3_d1000_05_mr098_r10_10.uai
2026-02-02 16:29:28,489|INFO|random_mc2_n6_mid3_d1000_05_mr098_r10_46_uai_GDCC_1e-05_n200_roTrue_s0: Loading data from ../models/synthetic/s123/random_mc2_n6_mid3_d1000_05_mr098_r10_46.csv
2026-02-02 16:29:28,506|INFO|random_mc2_n6_mid3_d1000_05_mr098_r10_46_uai_GDCC_1e-05_n200_roTrue_s0: PNS(V5,V4) exact: (0.1425212815, 0.1433881685)
2026-02-02 16:29:28,513|INFO|random_mc2_n9_mid3_d1000_05_mr098_r10_10_uai_GDCC_1e-05_n200_roTrue_s0: Loading data from ../models/synthetic/s123/random_mc2_n9_mid3_d1000_05_mr098_r10_10.csv
2026-02-02 16:29:31,914|INFO|random_mc2_n7_mid3_d1000_05_mr098_r10_20_uai_GDCC_1e-05_n200_roFalse_s0: Loading model from ../models/synthetic/s123/random_mc2_n7_mid3_d1000_05_mr098_r10_20.uai
2026-02-02 16:29:31,934|INFO|random_mc2_n7_mid3_d1000_05_mr098_r10_20_uai_GDCC_1e-05_n200_roFalse_s0: Loading data from ../models/synthetic/s123/random_mc2_n7_mid3_d1000_05_mr098_r10_20.csv
2026-02-02 16:29:31,955|INFO|random_mc2_n7_mid3_d1000_05_mr098_r10_36_uai_GDCC_1e-05_n200_roTrue_s0: Loading model from ../models/synthetic/s123/random_mc2_n7_mid3_d1000_05_mr098_r10_36.uai
2026-02-02 16:29:31,979|INFO|random_mc2_n7_mid3_d1000_05_mr098_r10_36_uai_GDCC_1e-05_n200_roTrue_s0: Loading data from ../models/synthetic/s123/random_mc2_n7_mid3_d1000_05_mr098_r10_36.csv
2026-02-02 16:29:31,997|INFO|random_mc2_n7_mid3_d1000_05_mr098_r10_36_uai_GDCC_1e-05_n200_roTrue_s0: PNS(V6,V2) exact: (0.0, 0.128261765483479)
2026-02-02 16:29:33,643|INFO|random_mc2_n5_mid3_d1000_05_mr098_r10_79_uai_GDCC_1e-05_n200_roFalse_s0: Loading model from ../models/synthetic/s123/random_mc2_n5_mid3_d1000_05_mr098_r10_79.uai
2026-02-02 16:29:33,644|INFO|random_mc2_n5_mid3_d1000_05_mr098_r10_99_uai_GDCC_1e-05_n200_roTrue_s0: Loading model from ../models/synthetic/s123/random_mc2_n5_mid3_d1000_05_mr098_r10_99.uai
2026-02-02 16:29:33,657|INFO|random_mc2_n5_mid3_d1000_05_mr098_r10_79_uai_GDCC_1e-05_n200_roFalse_s0: Loading data from ../models/synthetic/s123/random_mc2_n5_mid3_d1000_05_mr098_r10_79.csv
2026-02-02 16:29:33,683|INFO|random_mc2_n5_mid3_d1000_05_mr098_r10_163_uai_GDCC_1e-05_n200_roTrue_s0: Loading model from ../models/synthetic/s123/random_mc2_n5_mid3_d1000_05_mr098_r10_163.uai
2026-02-02 16:29:33,676|INFO|random_mc2_n5_mid3_d1000_05_mr098_r10_79_uai_GDCC_1e-05_n200_roFalse_s0: PNS(V3,V2) exact: (0.00904271675736, 0.016636195438368)
2026-02-02 16:29:33,659|INFO|random_mc2_n5_mid3_d1000_05_mr098_r10_99_uai_GDCC_1e-05_n200_roTrue_s0: Loading data from ../models/synthetic/s123/random_mc2_n5_mid3_d1000_05_mr098_r10_99.csv
2026-02-02 16:29:33,682|INFO|random_mc2_n5_mid3_d1000_05_mr098_r10_99_uai_GDCC_1e-05_n200_roTrue_s0: PNS(V0,V4) exact: (0.0, 0.09976)
2026-02-02 16:29:33,694|INFO|random_mc2_n5_mid3_d1000_05_mr098_r10_163_uai_GDCC_1e-05_n200_roTrue_s0: Loading data from ../models/synthetic/s123/random_mc2_n5_mid3_d1000_05_mr098_r10_163.csv
2026-02-02 16:29:33,713|INFO|random_mc2_n5_mid3_d1000_05_mr098_r10_163_uai_GDCC_1e-05_n200_roTrue_s0: PNS(V0,V4) exact: (0.0140736103, 0.0557529839)
2026-02-02 16:29:35,938|INFO|random_mc2_n5_mid3_d1000_05_mr098_r10_110_uai_GDCC_1e-05_n200_roFalse_s0: Loading model from ../models/synthetic/s123/random_mc2_n5_mid3_d1000_05_mr098_r10_110.uai
2026-02-02 16:29:35,966|INFO|random_mc2_n5_mid3_d1000_05_mr098_r10_110_uai_GDCC_1e-05_n200_roFalse_s0: Loading data from ../models/synthetic/s123/random_mc2_n5_mid3_d1000_05_mr098_r10_110.csv
2026-02-02 16:29:36,400|INFO|random_mc2_n6_mid3_d1000_05_mr098_r10_110_uai_GDCC_1e-05_n200_roTrue_s0: Loading model from ../models/synthetic/s123/random_mc2_n6_mid3_d1000_05_mr098_r10_110.uai
2026-02-02 16:29:36,426|INFO|random_mc2_n6_mid3_d1000_05_mr098_r10_110_uai_GDCC_1e-05_n200_roTrue_s0: Loading data from ../models/synthetic/s123/random_mc2_n6_mid3_d1000_05_mr098_r10_110.csv
2026-02-02 16:29:37,146|INFO|random_mc2_n5_mid3_d1000_05_mr098_r10_152_uai_GDCC_1e-05_n200_roFalse_s0: Loading model from ../models/synthetic/s123/random_mc2_n5_mid3_d1000_05_mr098_r10_152.uai
2026-02-02 16:29:37,161|INFO|random_mc2_n6_mid3_d1000_05_mr098_r10_111_uai_GDCC_1e-05_n200_roTrue_s0: Loading model from ../models/synthetic/s123/random_mc2_n6_mid3_d1000_05_mr098_r10_111.uai
2026-02-02 16:29:37,173|INFO|random_mc2_n5_mid3_d1000_05_mr098_r10_152_uai_GDCC_1e-05_n200_roFalse_s0: Loading data from ../models/synthetic/s123/random_mc2_n5_mid3_d1000_05_mr098_r10_152.csv
2026-02-02 16:29:37,195|INFO|random_mc2_n5_mid3_d1000_05_mr098_r10_2_uai_GDCC_1e-05_n200_roTrue_s0: Loading model from ../models/synthetic/s123/random_mc2_n5_mid3_d1000_05_mr098_r10_2.uai
2026-02-02 16:29:37,182|INFO|random_mc2_n6_mid3_d1000_05_mr098_r10_111_uai_GDCC_1e-05_n200_roTrue_s0: Loading data from ../models/synthetic/s123/random_mc2_n6_mid3_d1000_05_mr098_r10_111.csv
2026-02-02 16:29:37,207|INFO|random_mc2_n6_mid3_d1000_05_mr098_r10_111_uai_GDCC_1e-05_n200_roTrue_s0: PNS(V2,V0) exact: (0.0, 0.0)
2026-02-02 16:29:37,207|ERROR|random_mc2_n6_mid3_d1000_05_mr098_r10_111_uai_GDCC_1e-05_n200_roTrue_s0: Model does not have any cause-effect path.
2026-02-02 16:29:37,213|INFO|random_mc2_n5_mid3_d1000_05_mr098_r10_2_uai_GDCC_1e-05_n200_roTrue_s0: Loading data from ../models/synthetic/s123/random_mc2_n5_mid3_d1000_05_mr098_r10_2.csv
2026-02-02 16:29:37,230|INFO|random_mc2_n5_mid3_d1000_05_mr098_r10_2_uai_GDCC_1e-05_n200_roTrue_s0: PNS(V1,V2) exact: (0.0, 0.0)
2026-02-02 16:29:37,230|ERROR|random_mc2_n5_mid3_d1000_05_mr098_r10_2_uai_GDCC_1e-05_n200_roTrue_s0: Model does not have any cause-effect path.
2026-02-02 16:29:37,253|INFO|random_mc2_n6_mid3_d1000_05_mr098_r10_140_uai_GDCC_1e-05_n200_roFalse_s0: Loading model from ../models/synthetic/s123/random_mc2_n6_mid3_d1000_05_mr098_r10_140.uai
2026-02-02 16:29:37,277|INFO|random_mc2_n6_mid3_d1000_05_mr098_r10_140_uai_GDCC_1e-05_n200_roFalse_s0: Loading data from ../models/synthetic/s123/random_mc2_n6_mid3_d1000_05_mr098_r10_140.csv
2026-02-02 16:29:37,503|INFO|random_mc2_n5_mid3_d1000_05_mr098_r10_156_uai_GDCC_1e-05_n200_roTrue_s0: Loading model from ../models/synthetic/s123/random_mc2_n5_mid3_d1000_05_mr098_r10_156.uai
2026-02-02 16:29:37,518|INFO|random_mc2_n5_mid3_d1000_05_mr098_r10_156_uai_GDCC_1e-05_n200_roTrue_s0: Loading data from ../models/synthetic/s123/random_mc2_n5_mid3_d1000_05_mr098_r10_156.csv
2026-02-02 16:29:37,531|INFO|random_mc2_n5_mid3_d1000_05_mr098_r10_156_uai_GDCC_1e-05_n200_roTrue_s0: PNS(V0,V3) exact: (0.013315773, 0.1754779742999999)
2026-02-02 16:29:37,656|INFO|random_mc2_n8_mid3_d1000_05_mr098_r10_177_uai_GDCC_1e-05_n200_roFalse_s0: Loading model from ../models/synthetic/s123/random_mc2_n8_mid3_d1000_05_mr098_r10_177.uai
2026-02-02 16:29:37,755|INFO|random_mc2_n8_mid3_d1000_05_mr098_r10_177_uai_GDCC_1e-05_n200_roFalse_s0: Loading data from ../models/synthetic/s123/random_mc2_n8_mid3_d1000_05_mr098_r10_177.csv
2026-02-02 16:29:40,378|INFO|random_mc2_n9_mid3_d1000_05_mr098_r10_27_uai_GDCC_1e-05_n200_roFalse_s0: Loading model from ../models/synthetic/s123/random_mc2_n9_mid3_d1000_05_mr098_r10_27.uai
2026-02-02 16:29:40,416|INFO|random_mc2_n7_mid3_d1000_05_mr098_r10_185_uai_GDCC_1e-05_n200_roFalse_s0: Loading model from ../models/synthetic/s123/random_mc2_n7_mid3_d1000_05_mr098_r10_185.uai
2026-02-02 16:29:40,409|INFO|random_mc2_n9_mid3_d1000_05_mr098_r10_27_uai_GDCC_1e-05_n200_roFalse_s0: Loading data from ../models/synthetic/s123/random_mc2_n9_mid3_d1000_05_mr098_r10_27.csv
2026-02-02 16:29:40,436|INFO|random_mc2_n7_mid3_d1000_05_mr098_r10_185_uai_GDCC_1e-05_n200_roFalse_s0: Loading data from ../models/synthetic/s123/random_mc2_n7_mid3_d1000_05_mr098_r10_185.csv
2026-02-02 16:29:40,454|INFO|random_mc2_n7_mid3_d1000_05_mr098_r10_185_uai_GDCC_1e-05_n200_roFalse_s0: PNS(V4,V5) exact: (0.026299086270706, 0.362919468953052)
2026-02-02 16:29:42,564|INFO|random_mc2_n7_mid3_d1000_05_mr098_r10_199_uai_GDCC_1e-05_n200_roTrue_s0: Loading model from ../models/synthetic/s123/random_mc2_n7_mid3_d1000_05_mr098_r10_199.uai
2026-02-02 16:29:42,593|INFO|random_mc2_n7_mid3_d1000_05_mr098_r10_199_uai_GDCC_1e-05_n200_roTrue_s0: Loading data from ../models/synthetic/s123/random_mc2_n7_mid3_d1000_05_mr098_r10_199.csv
2026-02-02 16:29:42,632|INFO|random_mc2_n5_mid3_d1000_05_mr098_r10_49_uai_GDCC_1e-05_n200_roFalse_s0: Loading model from ../models/synthetic/s123/random_mc2_n5_mid3_d1000_05_mr098_r10_49.uai
2026-02-02 16:29:42,652|INFO|random_mc2_n7_mid3_d1000_05_mr098_r10_199_uai_GDCC_1e-05_n200_roTrue_s0: PNS(V2,V0) exact: (0.00178489968384, 0.013822421418624)
2026-02-02 16:29:42,645|INFO|random_mc2_n5_mid3_d1000_05_mr098_r10_49_uai_GDCC_1e-05_n200_roFalse_s0: Loading data from ../models/synthetic/s123/random_mc2_n5_mid3_d1000_05_mr098_r10_49.csv
2026-02-02 16:29:43,117|INFO|random_mc2_n5_mid3_d1000_05_mr098_r10_71_uai_GDCC_1e-05_n200_roTrue_s0: Loading model from ../models/synthetic/s123/random_mc2_n5_mid3_d1000_05_mr098_r10_71.uai
2026-02-02 16:29:43,125|INFO|random_mc2_n5_mid3_d1000_05_mr098_r10_71_uai_GDCC_1e-05_n200_roTrue_s0: Loading data from ../models/synthetic/s123/random_mc2_n5_mid3_d1000_05_mr098_r10_71.csv
2026-02-02 16:29:43,145|INFO|random_mc2_n5_mid3_d1000_05_mr098_r10_71_uai_GDCC_1e-05_n200_roTrue_s0: PNS(V1,V0) exact: (0.0, 0.0786183533)
2026-02-02 16:29:45,393|INFO|random_mc2_n6_mid3_d1000_05_mr098_r10_81_uai_GDCC_1e-05_n200_roTrue_s0: Loading model from ../models/synthetic/s123/random_mc2_n6_mid3_d1000_05_mr098_r10_81.uai
2026-02-02 16:29:45,412|INFO|random_mc2_n8_mid3_d1000_05_mr098_r10_35_uai_GDCC_1e-05_n200_roFalse_s0: Loading model from ../models/synthetic/s123/random_mc2_n8_mid3_d1000_05_mr098_r10_35.uai
2026-02-02 16:29:45,410|INFO|random_mc2_n6_mid3_d1000_05_mr098_r10_81_uai_GDCC_1e-05_n200_roTrue_s0: Loading data from ../models/synthetic/s123/random_mc2_n6_mid3_d1000_05_mr098_r10_81.csv
2026-02-02 16:29:45,429|INFO|random_mc2_n6_mid3_d1000_05_mr098_r10_81_uai_GDCC_1e-05_n200_roTrue_s0: PNS(V0,V1) exact: (0.3372099000000001, 0.3372099000000001)
2026-02-02 16:29:45,640|INFO|random_mc2_n5_mid3_d1000_05_mr098_r10_126_uai_GDCC_1e-05_n200_roTrue_s0: Loading model from ../models/synthetic/s123/random_mc2_n5_mid3_d1000_05_mr098_r10_126.uai
2026-02-02 16:29:45,643|INFO|random_mc2_n8_mid3_d1000_05_mr098_r10_35_uai_GDCC_1e-05_n200_roFalse_s0: Loading data from ../models/synthetic/s123/random_mc2_n8_mid3_d1000_05_mr098_r10_35.csv
2026-02-02 16:29:45,659|INFO|random_mc2_n5_mid3_d1000_05_mr098_r10_126_uai_GDCC_1e-05_n200_roTrue_s0: Loading data from ../models/synthetic/s123/random_mc2_n5_mid3_d1000_05_mr098_r10_126.csv
2026-02-02 16:29:45,681|INFO|random_mc2_n5_mid3_d1000_05_mr098_r10_126_uai_GDCC_1e-05_n200_roTrue_s0: PNS(V4,V0) exact: (0.425783788558646, 0.655405962193344)
2026-02-02 16:29:46,588|INFO|random_mc2_n9_mid3_d1000_05_mr098_r10_45_uai_GDCC_1e-05_n200_roTrue_s0: Loading model from ../models/synthetic/s123/random_mc2_n9_mid3_d1000_05_mr098_r10_45.uai
2026-02-02 16:29:46,612|INFO|random_mc2_n7_mid3_d1000_05_mr098_r10_60_uai_GDCC_1e-05_n200_roTrue_s0: Loading model from ../models/synthetic/s123/random_mc2_n7_mid3_d1000_05_mr098_r10_60.uai
2026-02-02 16:29:46,604|INFO|random_mc2_n9_mid3_d1000_05_mr098_r10_45_uai_GDCC_1e-05_n200_roTrue_s0: Loading data from ../models/synthetic/s123/random_mc2_n9_mid3_d1000_05_mr098_r10_45.csv
2026-02-02 16:29:46,624|INFO|random_mc2_n9_mid3_d1000_05_mr098_r10_45_uai_GDCC_1e-05_n200_roTrue_s0: PNS(V4,V5) exact: (0.0019792379219094, 0.0020994991224765)
2026-02-02 16:29:46,629|INFO|random_mc2_n7_mid3_d1000_05_mr098_r10_60_uai_GDCC_1e-05_n200_roTrue_s0: Loading data from ../models/synthetic/s123/random_mc2_n7_mid3_d1000_05_mr098_r10_60.csv
2026-02-02 16:29:46,896|INFO|random_mc2_n5_mid3_d1000_05_mr098_r10_183_uai_GDCC_1e-05_n200_roTrue_s0: Loading model from ../models/synthetic/s123/random_mc2_n5_mid3_d1000_05_mr098_r10_183.uai
2026-02-02 16:29:46,907|INFO|random_mc2_n5_mid3_d1000_05_mr098_r10_183_uai_GDCC_1e-05_n200_roTrue_s0: Loading data from ../models/synthetic/s123/random_mc2_n5_mid3_d1000_05_mr098_r10_183.csv
2026-02-02 16:29:46,920|INFO|random_mc2_n5_mid3_d1000_05_mr098_r10_183_uai_GDCC_1e-05_n200_roTrue_s0: PNS(V0,V4) exact: (0.346001198451296, 0.346001198451296)
2026-02-02 16:29:47,385|INFO|random_mc2_n7_mid3_d1000_05_mr098_r10_51_uai_GDCC_1e-05_n200_roFalse_s0: Loading model from ../models/synthetic/s123/random_mc2_n7_mid3_d1000_05_mr098_r10_51.uai
2026-02-02 16:29:47,405|INFO|random_mc2_n7_mid3_d1000_05_mr098_r10_51_uai_GDCC_1e-05_n200_roFalse_s0: Loading data from ../models/synthetic/s123/random_mc2_n7_mid3_d1000_05_mr098_r10_51.csv
2026-02-02 16:29:47,456|INFO|random_mc2_n5_mid3_d1000_05_mr098_r10_196_uai_GDCC_1e-05_n200_roTrue_s0: Loading model from ../models/synthetic/s123/random_mc2_n5_mid3_d1000_05_mr098_r10_196.uai
2026-02-02 16:29:47,482|INFO|random_mc2_n5_mid3_d1000_05_mr098_r10_196_uai_GDCC_1e-05_n200_roTrue_s0: Loading data from ../models/synthetic/s123/random_mc2_n5_mid3_d1000_05_mr098_r10_196.csv
2026-02-02 16:29:47,692|INFO|random_mc2_n5_mid3_d1000_05_mr098_r10_178_uai_GDCC_1e-05_n200_roFalse_s0: Loading model from ../models/synthetic/s123/random_mc2_n5_mid3_d1000_05_mr098_r10_178.uai
2026-02-02 16:29:47,717|INFO|random_mc2_n6_mid3_d1000_05_mr098_r10_36_uai_GDCC_1e-05_n200_roTrue_s0: Loading model from ../models/synthetic/s123/random_mc2_n6_mid3_d1000_05_mr098_r10_36.uai
2026-02-02 16:29:47,728|INFO|random_mc2_n6_mid3_d1000_05_mr098_r10_17_uai_GDCC_1e-05_n200_roFalse_s0: Loading model from ../models/synthetic/s123/random_mc2_n6_mid3_d1000_05_mr098_r10_17.uai
2026-02-02 16:29:47,729|INFO|random_mc2_n5_mid3_d1000_05_mr098_r10_178_uai_GDCC_1e-05_n200_roFalse_s0: Loading data from ../models/synthetic/s123/random_mc2_n5_mid3_d1000_05_mr098_r10_178.csv
2026-02-02 16:29:47,736|INFO|random_mc2_n6_mid3_d1000_05_mr098_r10_36_uai_GDCC_1e-05_n200_roTrue_s0: Loading data from ../models/synthetic/s123/random_mc2_n6_mid3_d1000_05_mr098_r10_36.csv
2026-02-02 16:29:47,754|INFO|random_mc2_n6_mid3_d1000_05_mr098_r10_36_uai_GDCC_1e-05_n200_roTrue_s0: PNS(V1,V4) exact: (0.0029094796518842, 0.0163840107745321)
2026-02-02 16:29:47,760|INFO|random_mc2_n5_mid3_d1000_05_mr098_r10_160_uai_GDCC_1e-05_n200_roTrue_s0: Loading model from ../models/synthetic/s123/random_mc2_n5_mid3_d1000_05_mr098_r10_160.uai
2026-02-02 16:29:47,765|INFO|random_mc2_n5_mid3_d1000_05_mr098_r10_75_uai_GDCC_1e-05_n200_roFalse_s0: Loading model from ../models/synthetic/s123/random_mc2_n5_mid3_d1000_05_mr098_r10_75.uai
2026-02-02 16:29:47,739|INFO|random_mc2_n6_mid3_d1000_05_mr098_r10_17_uai_GDCC_1e-05_n200_roFalse_s0: Loading data from ../models/synthetic/s123/random_mc2_n6_mid3_d1000_05_mr098_r10_17.csv
2026-02-02 16:29:47,760|INFO|random_mc2_n6_mid3_d1000_05_mr098_r10_17_uai_GDCC_1e-05_n200_roFalse_s0: PNS(V5,V0) exact: (0.068749296, 0.1201185324)
2026-02-02 16:29:47,772|INFO|random_mc2_n5_mid3_d1000_05_mr098_r10_115_uai_GDCC_1e-05_n200_roTrue_s0: Loading model from ../models/synthetic/s123/random_mc2_n5_mid3_d1000_05_mr098_r10_115.uai
2026-02-02 16:29:47,778|INFO|random_mc2_n5_mid3_d1000_05_mr098_r10_25_uai_GDCC_1e-05_n200_roTrue_s0: Loading model from ../models/synthetic/s123/random_mc2_n5_mid3_d1000_05_mr098_r10_25.uai
2026-02-02 16:29:47,770|INFO|random_mc2_n5_mid3_d1000_05_mr098_r10_160_uai_GDCC_1e-05_n200_roTrue_s0: Loading data from ../models/synthetic/s123/random_mc2_n5_mid3_d1000_05_mr098_r10_160.csv
2026-02-02 16:29:47,777|INFO|random_mc2_n5_mid3_d1000_05_mr098_r10_75_uai_GDCC_1e-05_n200_roFalse_s0: Loading data from ../models/synthetic/s123/random_mc2_n5_mid3_d1000_05_mr098_r10_75.csv
2026-02-02 16:29:47,793|INFO|random_mc2_n5_mid3_d1000_05_mr098_r10_75_uai_GDCC_1e-05_n200_roFalse_s0: PNS(V1,V0) exact: (0.0, 0.0820279325)
2026-02-02 16:29:47,790|INFO|random_mc2_n5_mid3_d1000_05_mr098_r10_115_uai_GDCC_1e-05_n200_roTrue_s0: Loading data from ../models/synthetic/s123/random_mc2_n5_mid3_d1000_05_mr098_r10_115.csv
2026-02-02 16:29:47,815|INFO|random_mc2_n5_mid3_d1000_05_mr098_r10_166_uai_GDCC_1e-05_n200_roFalse_s0: Loading model from ../models/synthetic/s123/random_mc2_n5_mid3_d1000_05_mr098_r10_166.uai
2026-02-02 16:29:47,788|INFO|random_mc2_n5_mid3_d1000_05_mr098_r10_25_uai_GDCC_1e-05_n200_roTrue_s0: Loading data from ../models/synthetic/s123/random_mc2_n5_mid3_d1000_05_mr098_r10_25.csv
2026-02-02 16:29:47,805|INFO|random_mc2_n5_mid3_d1000_05_mr098_r10_25_uai_GDCC_1e-05_n200_roTrue_s0: PNS(V1,V4) exact: (0.0216, 0.0216)
2026-02-02 16:29:47,836|INFO|random_mc2_n5_mid3_d1000_05_mr098_r10_166_uai_GDCC_1e-05_n200_roFalse_s0: Loading data from ../models/synthetic/s123/random_mc2_n5_mid3_d1000_05_mr098_r10_166.csv
2026-02-02 16:29:48,495|INFO|random_mc2_n5_mid3_d1000_05_mr098_r10_168_uai_GDCC_1e-05_n200_roFalse_s0: Loading model from ../models/synthetic/s123/random_mc2_n5_mid3_d1000_05_mr098_r10_168.uai
2026-02-02 16:29:48,506|INFO|random_mc2_n9_mid3_d1000_05_mr098_r10_137_uai_GDCC_1e-05_n200_roTrue_s0: Loading model from ../models/synthetic/s123/random_mc2_n9_mid3_d1000_05_mr098_r10_137.uai
2026-02-02 16:29:48,505|INFO|random_mc2_n5_mid3_d1000_05_mr098_r10_168_uai_GDCC_1e-05_n200_roFalse_s0: Loading data from ../models/synthetic/s123/random_mc2_n5_mid3_d1000_05_mr098_r10_168.csv
2026-02-02 16:29:48,562|INFO|random_mc2_n5_mid3_d1000_05_mr098_r10_43_uai_GDCC_1e-05_n200_roFalse_s0: Loading model from ../models/synthetic/s123/random_mc2_n5_mid3_d1000_05_mr098_r10_43.uai
2026-02-02 16:29:48,568|INFO|random_mc2_n5_mid3_d1000_05_mr098_r10_43_uai_GDCC_1e-05_n200_roFalse_s0: Loading data from ../models/synthetic/s123/random_mc2_n5_mid3_d1000_05_mr098_r10_43.csv
2026-02-02 16:29:48,583|INFO|random_mc2_n5_mid3_d1000_05_mr098_r10_43_uai_GDCC_1e-05_n200_roFalse_s0: PNS(V4,V2) exact: (0.2198675521, 0.3328360903)
2026-02-02 16:29:48,739|INFO|random_mc2_n9_mid3_d1000_05_mr098_r10_137_uai_GDCC_1e-05_n200_roTrue_s0: Loading data from ../models/synthetic/s123/random_mc2_n9_mid3_d1000_05_mr098_r10_137.csv
2026-02-02 16:29:51,882|INFO|random_mc2_n9_mid3_d1000_05_mr098_r10_132_uai_GDCC_1e-05_n200_roFalse_s0: Loading model from ../models/synthetic/s123/random_mc2_n9_mid3_d1000_05_mr098_r10_132.uai
2026-02-02 16:29:51,895|INFO|random_mc2_n5_mid3_d1000_05_mr098_r10_110_uai_GDCC_1e-05_n200_roTrue_s0: Loading model from ../models/synthetic/s123/random_mc2_n5_mid3_d1000_05_mr098_r10_110.uai
2026-02-02 16:29:51,898|INFO|random_mc2_n7_mid3_d1000_05_mr098_r10_154_uai_GDCC_1e-05_n200_roFalse_s0: Loading model from ../models/synthetic/s123/random_mc2_n7_mid3_d1000_05_mr098_r10_154.uai
2026-02-02 16:29:51,911|INFO|random_mc2_n5_mid3_d1000_05_mr098_r10_110_uai_GDCC_1e-05_n200_roTrue_s0: Loading data from ../models/synthetic/s123/random_mc2_n5_mid3_d1000_05_mr098_r10_110.csv
2026-02-02 16:29:51,936|INFO|random_mc2_n5_mid3_d1000_05_mr098_r10_31_uai_GDCC_1e-05_n200_roFalse_s0: Loading model from ../models/synthetic/s123/random_mc2_n5_mid3_d1000_05_mr098_r10_31.uai
2026-02-02 16:29:51,913|INFO|random_mc2_n7_mid3_d1000_05_mr098_r10_154_uai_GDCC_1e-05_n200_roFalse_s0: Loading data from ../models/synthetic/s123/random_mc2_n7_mid3_d1000_05_mr098_r10_154.csv
2026-02-02 16:29:51,951|INFO|random_mc2_n6_mid3_d1000_05_mr098_r10_139_uai_GDCC_1e-05_n200_roTrue_s0: Loading model from ../models/synthetic/s123/random_mc2_n6_mid3_d1000_05_mr098_r10_139.uai
2026-02-02 16:29:51,956|INFO|random_mc2_n5_mid3_d1000_05_mr098_r10_31_uai_GDCC_1e-05_n200_roFalse_s0: Loading data from ../models/synthetic/s123/random_mc2_n5_mid3_d1000_05_mr098_r10_31.csv
2026-02-02 16:29:51,977|INFO|random_mc2_n5_mid3_d1000_05_mr098_r10_31_uai_GDCC_1e-05_n200_roFalse_s0: PNS(V1,V2) exact: (0.0035429652, 0.2563315488)
2026-02-02 16:29:51,966|INFO|random_mc2_n6_mid3_d1000_05_mr098_r10_139_uai_GDCC_1e-05_n200_roTrue_s0: Loading data from ../models/synthetic/s123/random_mc2_n6_mid3_d1000_05_mr098_r10_139.csv
2026-02-02 16:29:51,985|INFO|random_mc2_n6_mid3_d1000_05_mr098_r10_139_uai_GDCC_1e-05_n200_roTrue_s0: PNS(V0,V4) exact: (0.00014340000000000004, 0.0143472)
2026-02-02 16:29:52,120|INFO|random_mc2_n9_mid3_d1000_05_mr098_r10_132_uai_GDCC_1e-05_n200_roFalse_s0: Loading data from ../models/synthetic/s123/random_mc2_n9_mid3_d1000_05_mr098_r10_132.csv
2026-02-02 16:29:53,968|INFO|random_mc2_n8_mid3_d1000_05_mr098_r10_119_uai_GDCC_1e-05_n200_roTrue_s0: Loading model from ../models/synthetic/s123/random_mc2_n8_mid3_d1000_05_mr098_r10_119.uai
2026-02-02 16:29:54,029|INFO|random_mc2_n8_mid3_d1000_05_mr098_r10_119_uai_GDCC_1e-05_n200_roTrue_s0: Loading data from ../models/synthetic/s123/random_mc2_n8_mid3_d1000_05_mr098_r10_119.csv
2026-02-02 16:29:54,133|INFO|random_mc2_n7_mid3_d1000_05_mr098_r10_80_uai_GDCC_1e-05_n200_roTrue_s0: Loading model from ../models/synthetic/s123/random_mc2_n7_mid3_d1000_05_mr098_r10_80.uai
2026-02-02 16:29:54,140|INFO|random_mc2_n5_mid3_d1000_05_mr098_r10_161_uai_GDCC_1e-05_n200_roTrue_s0: Loading model from ../models/synthetic/s123/random_mc2_n5_mid3_d1000_05_mr098_r10_161.uai
2026-02-02 16:29:54,154|INFO|random_mc2_n7_mid3_d1000_05_mr098_r10_80_uai_GDCC_1e-05_n200_roTrue_s0: Loading data from ../models/synthetic/s123/random_mc2_n7_mid3_d1000_05_mr098_r10_80.csv
2026-02-02 16:29:54,169|INFO|random_mc2_n7_mid3_d1000_05_mr098_r10_80_uai_GDCC_1e-05_n200_roTrue_s0: PNS(V0,V6) exact: (0.03946968674409, 0.2126297216363641)
2026-02-02 16:29:54,149|INFO|random_mc2_n5_mid3_d1000_05_mr098_r10_161_uai_GDCC_1e-05_n200_roTrue_s0: Loading data from ../models/synthetic/s123/random_mc2_n5_mid3_d1000_05_mr098_r10_161.csv
2026-02-02 16:29:54,168|INFO|random_mc2_n5_mid3_d1000_05_mr098_r10_161_uai_GDCC_1e-05_n200_roTrue_s0: PNS(V1,V0) exact: (0.0, 0.0)
2026-02-02 16:29:54,168|ERROR|random_mc2_n5_mid3_d1000_05_mr098_r10_161_uai_GDCC_1e-05_n200_roTrue_s0: Model does not have any cause-effect path.
2026-02-02 16:29:54,227|INFO|random_mc2_n5_mid3_d1000_05_mr098_r10_41_uai_GDCC_1e-05_n200_roFalse_s0: Loading model from ../models/synthetic/s123/random_mc2_n5_mid3_d1000_05_mr098_r10_41.uai
2026-02-02 16:29:54,245|INFO|random_mc2_n5_mid3_d1000_05_mr098_r10_41_uai_GDCC_1e-05_n200_roFalse_s0: Loading data from ../models/synthetic/s123/random_mc2_n5_mid3_d1000_05_mr098_r10_41.csv
2026-02-02 16:29:54,269|INFO|random_mc2_n5_mid3_d1000_05_mr098_r10_41_uai_GDCC_1e-05_n200_roFalse_s0: PNS(V1,V4) exact: (0.0160025338999999, 0.0160025338999999)
2026-02-02 16:29:55,166|INFO|random_mc2_n8_mid3_d1000_05_mr098_r10_118_uai_GDCC_1e-05_n200_roFalse_s0: Loading model from ../models/synthetic/s123/random_mc2_n8_mid3_d1000_05_mr098_r10_118.uai
2026-02-02 16:29:55,241|INFO|random_mc2_n5_mid3_d1000_05_mr098_r10_28_uai_GDCC_1e-05_n200_roTrue_s0: Loading model from ../models/synthetic/s123/random_mc2_n5_mid3_d1000_05_mr098_r10_28.uai
2026-02-02 16:29:55,257|INFO|random_mc2_n5_mid3_d1000_05_mr098_r10_28_uai_GDCC_1e-05_n200_roTrue_s0: Loading data from ../models/synthetic/s123/random_mc2_n5_mid3_d1000_05_mr098_r10_28.csv
2026-02-02 16:29:55,310|INFO|random_mc2_n5_mid3_d1000_05_mr098_r10_39_uai_GDCC_1e-05_n200_roTrue_s0: Loading model from ../models/synthetic/s123/random_mc2_n5_mid3_d1000_05_mr098_r10_39.uai
2026-02-02 16:29:55,321|INFO|random_mc2_n5_mid3_d1000_05_mr098_r10_39_uai_GDCC_1e-05_n200_roTrue_s0: Loading data from ../models/synthetic/s123/random_mc2_n5_mid3_d1000_05_mr098_r10_39.csv
2026-02-02 16:29:55,336|INFO|random_mc2_n5_mid3_d1000_05_mr098_r10_39_uai_GDCC_1e-05_n200_roTrue_s0: PNS(V1,V4) exact: (0.0280539, 0.03752366)
2026-02-02 16:29:55,402|INFO|random_mc2_n8_mid3_d1000_05_mr098_r10_118_uai_GDCC_1e-05_n200_roFalse_s0: Loading data from ../models/synthetic/s123/random_mc2_n8_mid3_d1000_05_mr098_r10_118.csv
2026-02-02 16:29:56,194|INFO|random_mc2_n6_mid3_d1000_05_mr098_r10_177_uai_GDCC_1e-05_n200_roTrue_s0: Loading model from ../models/synthetic/s123/random_mc2_n6_mid3_d1000_05_mr098_r10_177.uai
2026-02-02 16:29:56,204|INFO|random_mc2_n6_mid3_d1000_05_mr098_r10_177_uai_GDCC_1e-05_n200_roTrue_s0: Loading data from ../models/synthetic/s123/random_mc2_n6_mid3_d1000_05_mr098_r10_177.csv
2026-02-02 16:29:56,420|INFO|random_mc2_n5_mid3_d1000_05_mr098_r10_56_uai_GDCC_1e-05_n200_roFalse_s0: Loading model from ../models/synthetic/s123/random_mc2_n5_mid3_d1000_05_mr098_r10_56.uai
2026-02-02 16:29:56,431|INFO|random_mc2_n5_mid3_d1000_05_mr098_r10_112_uai_GDCC_1e-05_n200_roTrue_s0: Loading model from ../models/synthetic/s123/random_mc2_n5_mid3_d1000_05_mr098_r10_112.uai
2026-02-02 16:29:56,436|INFO|random_mc2_n5_mid3_d1000_05_mr098_r10_56_uai_GDCC_1e-05_n200_roFalse_s0: Loading data from ../models/synthetic/s123/random_mc2_n5_mid3_d1000_05_mr098_r10_56.csv
2026-02-02 16:29:56,460|INFO|random_mc2_n5_mid3_d1000_05_mr098_r10_56_uai_GDCC_1e-05_n200_roFalse_s0: PNS(V1,V4) exact: (0.0, 0.2134055570999999)
2026-02-02 16:29:56,441|INFO|random_mc2_n5_mid3_d1000_05_mr098_r10_112_uai_GDCC_1e-05_n200_roTrue_s0: Loading data from ../models/synthetic/s123/random_mc2_n5_mid3_d1000_05_mr098_r10_112.csv
2026-02-02 16:29:57,579|INFO|random_mc2_n8_mid3_d1000_05_mr098_r10_28_uai_GDCC_1e-05_n200_roTrue_s0: Loading model from ../models/synthetic/s123/random_mc2_n8_mid3_d1000_05_mr098_r10_28.uai
2026-02-02 16:29:57,809|INFO|random_mc2_n8_mid3_d1000_05_mr098_r10_28_uai_GDCC_1e-05_n200_roTrue_s0: Loading data from ../models/synthetic/s123/random_mc2_n8_mid3_d1000_05_mr098_r10_28.csv
2026-02-02 16:29:59,307|INFO|random_mc2_n5_mid3_d1000_05_mr098_r10_130_uai_GDCC_1e-05_n200_roTrue_s0: Loading model from ../models/synthetic/s123/random_mc2_n5_mid3_d1000_05_mr098_r10_130.uai
2026-02-02 16:29:59,324|INFO|random_mc2_n5_mid3_d1000_05_mr098_r10_130_uai_GDCC_1e-05_n200_roTrue_s0: Loading data from ../models/synthetic/s123/random_mc2_n5_mid3_d1000_05_mr098_r10_130.csv
2026-02-02 16:29:59,344|INFO|random_mc2_n5_mid3_d1000_05_mr098_r10_130_uai_GDCC_1e-05_n200_roTrue_s0: PNS(V2,V1) exact: (0.0, 0.24110001)
2026-02-02 16:29:59,359|INFO|random_mc2_n6_mid3_d1000_05_mr098_r10_112_uai_GDCC_1e-05_n200_roTrue_s0: Loading model from ../models/synthetic/s123/random_mc2_n6_mid3_d1000_05_mr098_r10_112.uai
2026-02-02 16:29:59,377|INFO|random_mc2_n6_mid3_d1000_05_mr098_r10_112_uai_GDCC_1e-05_n200_roTrue_s0: Loading data from ../models/synthetic/s123/random_mc2_n6_mid3_d1000_05_mr098_r10_112.csv
2026-02-02 16:30:00,297|INFO|random_mc2_n6_mid3_d1000_05_mr098_r10_41_uai_GDCC_1e-05_n200_roFalse_s0: Loading model from ../models/synthetic/s123/random_mc2_n6_mid3_d1000_05_mr098_r10_41.uai
2026-02-02 16:30:00,313|INFO|random_mc2_n6_mid3_d1000_05_mr098_r10_41_uai_GDCC_1e-05_n200_roFalse_s0: Loading data from ../models/synthetic/s123/random_mc2_n6_mid3_d1000_05_mr098_r10_41.csv
2026-02-02 16:30:00,330|INFO|random_mc2_n6_mid3_d1000_05_mr098_r10_41_uai_GDCC_1e-05_n200_roFalse_s0: PNS(V5,V3) exact: (0.119982256826749, 0.4934547656320461)
2026-02-02 16:30:00,546|INFO|random_mc2_n9_mid3_d1000_05_mr098_r10_140_uai_GDCC_1e-05_n200_roTrue_s0: Loading model from ../models/synthetic/s123/random_mc2_n9_mid3_d1000_05_mr098_r10_140.uai
2026-02-02 16:30:00,582|INFO|random_mc2_n9_mid3_d1000_05_mr098_r10_140_uai_GDCC_1e-05_n200_roTrue_s0: Loading data from ../models/synthetic/s123/random_mc2_n9_mid3_d1000_05_mr098_r10_140.csv
2026-02-02 16:30:00,596|INFO|random_mc2_n9_mid3_d1000_05_mr098_r10_42_uai_GDCC_1e-05_n200_roFalse_s0: Loading model from ../models/synthetic/s123/random_mc2_n9_mid3_d1000_05_mr098_r10_42.uai
2026-02-02 16:30:00,611|INFO|random_mc2_n9_mid3_d1000_05_mr098_r10_42_uai_GDCC_1e-05_n200_roFalse_s0: Loading data from ../models/synthetic/s123/random_mc2_n9_mid3_d1000_05_mr098_r10_42.csv
2026-02-02 16:30:00,626|INFO|random_mc2_n9_mid3_d1000_05_mr098_r10_42_uai_GDCC_1e-05_n200_roFalse_s0: PNS(V4,V1) exact: (0.0055529329999999, 0.0881529485)
2026-02-02 16:30:02,370|INFO|random_mc2_n6_mid3_d1000_05_mr098_r10_88_uai_GDCC_1e-05_n200_roTrue_s0: Loading model from ../models/synthetic/s123/random_mc2_n6_mid3_d1000_05_mr098_r10_88.uai
2026-02-02 16:30:02,391|INFO|random_mc2_n6_mid3_d1000_05_mr098_r10_88_uai_GDCC_1e-05_n200_roTrue_s0: Loading data from ../models/synthetic/s123/random_mc2_n6_mid3_d1000_05_mr098_r10_88.csv
2026-02-02 16:30:05,497|INFO|random_mc2_n7_mid3_d1000_05_mr098_r10_97_uai_GDCC_1e-05_n200_roTrue_s0: Loading model from ../models/synthetic/s123/random_mc2_n7_mid3_d1000_05_mr098_r10_97.uai
2026-02-02 16:30:05,504|INFO|random_mc2_n8_mid3_d1000_05_mr098_r10_3_uai_GDCC_1e-05_n200_roTrue_s0: Loading model from ../models/synthetic/s123/random_mc2_n8_mid3_d1000_05_mr098_r10_3.uai
2026-02-02 16:30:05,531|INFO|random_mc2_n5_mid3_d1000_05_mr098_r10_200_uai_GDCC_1e-05_n200_roTrue_s0: Loading model from ../models/synthetic/s123/random_mc2_n5_mid3_d1000_05_mr098_r10_200.uai
2026-02-02 16:30:05,527|INFO|random_mc2_n7_mid3_d1000_05_mr098_r10_97_uai_GDCC_1e-05_n200_roTrue_s0: Loading data from ../models/synthetic/s123/random_mc2_n7_mid3_d1000_05_mr098_r10_97.csv
2026-02-02 16:30:05,537|INFO|random_mc2_n5_mid3_d1000_05_mr098_r10_74_uai_GDCC_1e-05_n200_roTrue_s0: Loading model from ../models/synthetic/s123/random_mc2_n5_mid3_d1000_05_mr098_r10_74.uai
2026-02-02 16:30:05,541|INFO|random_mc2_n7_mid3_d1000_05_mr098_r10_97_uai_GDCC_1e-05_n200_roTrue_s0: PNS(V4,V6) exact: (0.0215633261719529, 0.03488625941917)
2026-02-02 16:30:05,522|INFO|random_mc2_n8_mid3_d1000_05_mr098_r10_3_uai_GDCC_1e-05_n200_roTrue_s0: Loading data from ../models/synthetic/s123/random_mc2_n8_mid3_d1000_05_mr098_r10_3.csv
2026-02-02 16:30:05,541|INFO|random_mc2_n8_mid3_d1000_05_mr098_r10_3_uai_GDCC_1e-05_n200_roTrue_s0: PNS(V5,V7) exact: (0.0133650763190615, 0.0741909892031331)
2026-02-02 16:30:05,556|INFO|random_mc2_n5_mid3_d1000_05_mr098_r10_74_uai_GDCC_1e-05_n200_roTrue_s0: Loading data from ../models/synthetic/s123/random_mc2_n5_mid3_d1000_05_mr098_r10_74.csv
2026-02-02 16:30:05,574|INFO|random_mc2_n5_mid3_d1000_05_mr098_r10_74_uai_GDCC_1e-05_n200_roTrue_s0: PNS(V1,V3) exact: (0.242259660626, 0.50518708548)
2026-02-02 16:30:05,615|INFO|random_mc2_n5_mid3_d1000_05_mr098_r10_126_uai_GDCC_1e-05_n200_roFalse_s0: Loading model from ../models/synthetic/s123/random_mc2_n5_mid3_d1000_05_mr098_r10_126.uai
2026-02-02 16:30:05,633|INFO|random_mc2_n5_mid3_d1000_05_mr098_r10_200_uai_GDCC_1e-05_n200_roTrue_s0: Loading data from ../models/synthetic/s123/random_mc2_n5_mid3_d1000_05_mr098_r10_200.csv
2026-02-02 16:30:05,638|INFO|random_mc2_n5_mid3_d1000_05_mr098_r10_126_uai_GDCC_1e-05_n200_roFalse_s0: Loading data from ../models/synthetic/s123/random_mc2_n5_mid3_d1000_05_mr098_r10_126.csv
2026-02-02 16:30:05,657|INFO|random_mc2_n5_mid3_d1000_05_mr098_r10_126_uai_GDCC_1e-05_n200_roFalse_s0: PNS(V4,V0) exact: (0.425783788558646, 0.655405962193344)
2026-02-02 16:30:05,665|INFO|random_mc2_n8_mid3_d1000_05_mr098_r10_1_uai_GDCC_1e-05_n200_roTrue_s0: Loading model from ../models/synthetic/s123/random_mc2_n8_mid3_d1000_05_mr098_r10_1.uai
2026-02-02 16:30:05,700|INFO|random_mc2_n8_mid3_d1000_05_mr098_r10_1_uai_GDCC_1e-05_n200_roTrue_s0: Loading data from ../models/synthetic/s123/random_mc2_n8_mid3_d1000_05_mr098_r10_1.csv
2026-02-02 16:30:07,405|INFO|random_mc2_n6_mid3_d1000_05_mr098_r10_87_uai_GDCC_1e-05_n200_roFalse_s0: Loading model from ../models/synthetic/s123/random_mc2_n6_mid3_d1000_05_mr098_r10_87.uai
2026-02-02 16:30:07,421|INFO|random_mc2_n9_mid3_d1000_05_mr098_r10_134_uai_GDCC_1e-05_n200_roFalse_s0: Loading model from ../models/synthetic/s123/random_mc2_n9_mid3_d1000_05_mr098_r10_134.uai
2026-02-02 16:30:07,426|INFO|random_mc2_n6_mid3_d1000_05_mr098_r10_87_uai_GDCC_1e-05_n200_roFalse_s0: Loading data from ../models/synthetic/s123/random_mc2_n6_mid3_d1000_05_mr098_r10_87.csv
2026-02-02 16:30:07,657|INFO|random_mc2_n9_mid3_d1000_05_mr098_r10_134_uai_GDCC_1e-05_n200_roFalse_s0: Loading data from ../models/synthetic/s123/random_mc2_n9_mid3_d1000_05_mr098_r10_134.csv
2026-02-02 16:30:07,977|INFO|random_mc2_n5_mid3_d1000_05_mr098_r10_177_uai_GDCC_1e-05_n200_roFalse_s0: Loading model from ../models/synthetic/s123/random_mc2_n5_mid3_d1000_05_mr098_r10_177.uai
2026-02-02 16:30:07,989|INFO|random_mc2_n5_mid3_d1000_05_mr098_r10_177_uai_GDCC_1e-05_n200_roFalse_s0: Loading data from ../models/synthetic/s123/random_mc2_n5_mid3_d1000_05_mr098_r10_177.csv
2026-02-02 16:30:08,006|INFO|random_mc2_n5_mid3_d1000_05_mr098_r10_177_uai_GDCC_1e-05_n200_roFalse_s0: PNS(V3,V1) exact: (0.00095494328811, 0.305507837236473)
2026-02-02 16:30:08,440|INFO|random_mc2_n7_mid3_d1000_05_mr098_r10_177_uai_GDCC_1e-05_n200_roFalse_s0: Loading model from ../models/synthetic/s123/random_mc2_n7_mid3_d1000_05_mr098_r10_177.uai
2026-02-02 16:30:08,448|INFO|random_mc2_n7_mid3_d1000_05_mr098_r10_177_uai_GDCC_1e-05_n200_roFalse_s0: Loading data from ../models/synthetic/s123/random_mc2_n7_mid3_d1000_05_mr098_r10_177.csv
2026-02-02 16:30:08,460|INFO|random_mc2_n7_mid3_d1000_05_mr098_r10_177_uai_GDCC_1e-05_n200_roFalse_s0: PNS(V1,V5) exact: (0.0, 0.0)
2026-02-02 16:30:08,460|ERROR|random_mc2_n7_mid3_d1000_05_mr098_r10_177_uai_GDCC_1e-05_n200_roFalse_s0: Model does not have any cause-effect path.
2026-02-02 16:30:08,897|INFO|random_mc2_n6_mid3_d1000_05_mr098_r10_68_uai_GDCC_1e-05_n200_roTrue_s0: Loading model from ../models/synthetic/s123/random_mc2_n6_mid3_d1000_05_mr098_r10_68.uai
2026-02-02 16:30:08,913|INFO|random_mc2_n6_mid3_d1000_05_mr098_r10_68_uai_GDCC_1e-05_n200_roTrue_s0: Loading data from ../models/synthetic/s123/random_mc2_n6_mid3_d1000_05_mr098_r10_68.csv
2026-02-02 16:30:08,929|INFO|random_mc2_n6_mid3_d1000_05_mr098_r10_68_uai_GDCC_1e-05_n200_roTrue_s0: PNS(V0,V1) exact: (0.0, 0.1486868319875199)
2026-02-02 16:30:09,000|INFO|random_mc2_n6_mid3_d1000_05_mr098_r10_159_uai_GDCC_1e-05_n200_roFalse_s0: Loading model from ../models/synthetic/s123/random_mc2_n6_mid3_d1000_05_mr098_r10_159.uai
2026-02-02 16:30:09,013|INFO|random_mc2_n6_mid3_d1000_05_mr098_r10_159_uai_GDCC_1e-05_n200_roFalse_s0: Loading data from ../models/synthetic/s123/random_mc2_n6_mid3_d1000_05_mr098_r10_159.csv
2026-02-02 16:30:12,989|INFO|random_mc2_n6_mid3_d1000_05_mr098_r10_147_uai_GDCC_1e-05_n200_roFalse_s0: Loading model from ../models/synthetic/s123/random_mc2_n6_mid3_d1000_05_mr098_r10_147.uai
2026-02-02 16:30:13,008|INFO|random_mc2_n6_mid3_d1000_05_mr098_r10_147_uai_GDCC_1e-05_n200_roFalse_s0: Loading data from ../models/synthetic/s123/random_mc2_n6_mid3_d1000_05_mr098_r10_147.csv
2026-02-02 16:30:13,066|INFO|random_mc2_n9_mid3_d1000_05_mr098_r10_162_uai_GDCC_1e-05_n200_roFalse_s0: Loading model from ../models/synthetic/s123/random_mc2_n9_mid3_d1000_05_mr098_r10_162.uai
2026-02-02 16:30:13,108|INFO|random_mc2_n6_mid3_d1000_05_mr098_r10_21_uai_GDCC_1e-05_n200_roFalse_s0: Loading model from ../models/synthetic/s123/random_mc2_n6_mid3_d1000_05_mr098_r10_21.uai
2026-02-02 16:30:13,117|INFO|random_mc2_n5_mid3_d1000_05_mr098_r10_198_uai_GDCC_1e-05_n200_roFalse_s0: Loading model from ../models/synthetic/s123/random_mc2_n5_mid3_d1000_05_mr098_r10_198.uai
2026-02-02 16:30:13,124|INFO|random_mc2_n6_mid3_d1000_05_mr098_r10_21_uai_GDCC_1e-05_n200_roFalse_s0: Loading data from ../models/synthetic/s123/random_mc2_n6_mid3_d1000_05_mr098_r10_21.csv
2026-02-02 16:30:13,145|INFO|random_mc2_n6_mid3_d1000_05_mr098_r10_21_uai_GDCC_1e-05_n200_roFalse_s0: PNS(V1,V4) exact: (0.0, 0.1268215988678439)
2026-02-02 16:30:13,124|INFO|random_mc2_n5_mid3_d1000_05_mr098_r10_198_uai_GDCC_1e-05_n200_roFalse_s0: Loading data from ../models/synthetic/s123/random_mc2_n5_mid3_d1000_05_mr098_r10_198.csv
2026-02-02 16:30:13,145|INFO|random_mc2_n5_mid3_d1000_05_mr098_r10_198_uai_GDCC_1e-05_n200_roFalse_s0: PNS(V1,V2) exact: (0.0023041834999999, 0.0397455824)
2026-02-02 16:30:13,190|INFO|random_mc2_n6_mid3_d1000_05_mr098_r10_46_uai_GDCC_1e-05_n200_roFalse_s0: Loading model from ../models/synthetic/s123/random_mc2_n6_mid3_d1000_05_mr098_r10_46.uai
2026-02-02 16:30:13,203|INFO|random_mc2_n6_mid3_d1000_05_mr098_r10_46_uai_GDCC_1e-05_n200_roFalse_s0: Loading data from ../models/synthetic/s123/random_mc2_n6_mid3_d1000_05_mr098_r10_46.csv
2026-02-02 16:30:13,216|INFO|random_mc2_n6_mid3_d1000_05_mr098_r10_46_uai_GDCC_1e-05_n200_roFalse_s0: PNS(V5,V4) exact: (0.1425212815, 0.1433881685)
2026-02-02 16:30:13,746|INFO|random_mc2_n9_mid3_d1000_05_mr098_r10_162_uai_GDCC_1e-05_n200_roFalse_s0: Loading data from ../models/synthetic/s123/random_mc2_n9_mid3_d1000_05_mr098_r10_162.csv
2026-02-02 16:30:17,035|INFO|random_mc2_n7_mid3_d1000_05_mr098_r10_120_uai_GDCC_1e-05_n200_roTrue_s0: Loading model from ../models/synthetic/s123/random_mc2_n7_mid3_d1000_05_mr098_r10_120.uai
2026-02-02 16:30:17,042|INFO|random_mc2_n6_mid3_d1000_05_mr098_r10_38_uai_GDCC_1e-05_n200_roTrue_s0: Loading model from ../models/synthetic/s123/random_mc2_n6_mid3_d1000_05_mr098_r10_38.uai
2026-02-02 16:30:17,052|INFO|random_mc2_n7_mid3_d1000_05_mr098_r10_120_uai_GDCC_1e-05_n200_roTrue_s0: Loading data from ../models/synthetic/s123/random_mc2_n7_mid3_d1000_05_mr098_r10_120.csv
2026-02-02 16:30:17,068|INFO|random_mc2_n7_mid3_d1000_05_mr098_r10_120_uai_GDCC_1e-05_n200_roTrue_s0: PNS(V4,V0) exact: (0.0, 0.2777528032372082)
2026-02-02 16:30:17,061|INFO|random_mc2_n6_mid3_d1000_05_mr098_r10_38_uai_GDCC_1e-05_n200_roTrue_s0: Loading data from ../models/synthetic/s123/random_mc2_n6_mid3_d1000_05_mr098_r10_38.csv
2026-02-02 16:30:17,078|INFO|random_mc2_n6_mid3_d1000_05_mr098_r10_38_uai_GDCC_1e-05_n200_roTrue_s0: PNS(V0,V3) exact: (0.0032650838421653, 0.0300094630044194)
2026-02-02 16:30:19,227|INFO|random_mc2_n6_mid3_d1000_05_mr098_r10_187_uai_GDCC_1e-05_n200_roFalse_s0: Loading model from ../models/synthetic/s123/random_mc2_n6_mid3_d1000_05_mr098_r10_187.uai
2026-02-02 16:30:19,248|INFO|random_mc2_n6_mid3_d1000_05_mr098_r10_187_uai_GDCC_1e-05_n200_roFalse_s0: Loading data from ../models/synthetic/s123/random_mc2_n6_mid3_d1000_05_mr098_r10_187.csv
2026-02-02 16:30:19,746|INFO|random_mc2_n9_mid3_d1000_05_mr098_r10_177_uai_GDCC_1e-05_n200_roFalse_s0: Loading model from ../models/synthetic/s123/random_mc2_n9_mid3_d1000_05_mr098_r10_177.uai
2026-02-02 16:30:19,754|INFO|random_mc2_n6_mid3_d1000_05_mr098_r10_133_uai_GDCC_1e-05_n200_roTrue_s0: Loading model from ../models/synthetic/s123/random_mc2_n6_mid3_d1000_05_mr098_r10_133.uai
2026-02-02 16:30:19,772|INFO|random_mc2_n9_mid3_d1000_05_mr098_r10_177_uai_GDCC_1e-05_n200_roFalse_s0: Loading data from ../models/synthetic/s123/random_mc2_n9_mid3_d1000_05_mr098_r10_177.csv
2026-02-02 16:30:19,973|INFO|random_mc2_n6_mid3_d1000_05_mr098_r10_133_uai_GDCC_1e-05_n200_roTrue_s0: Loading data from ../models/synthetic/s123/random_mc2_n6_mid3_d1000_05_mr098_r10_133.csv
2026-02-02 16:30:20,120|INFO|random_mc2_n5_mid3_d1000_05_mr098_r10_109_uai_GDCC_1e-05_n200_roFalse_s0: Loading model from ../models/synthetic/s123/random_mc2_n5_mid3_d1000_05_mr098_r10_109.uai
2026-02-02 16:30:20,128|INFO|random_mc2_n5_mid3_d1000_05_mr098_r10_109_uai_GDCC_1e-05_n200_roFalse_s0: Loading data from ../models/synthetic/s123/random_mc2_n5_mid3_d1000_05_mr098_r10_109.csv
2026-02-02 16:30:20,147|INFO|random_mc2_n5_mid3_d1000_05_mr098_r10_109_uai_GDCC_1e-05_n200_roFalse_s0: PNS(V0,V4) exact: (0.0, 0.0)
2026-02-02 16:30:20,147|ERROR|random_mc2_n5_mid3_d1000_05_mr098_r10_109_uai_GDCC_1e-05_n200_roFalse_s0: Model does not have any cause-effect path.
2026-02-02 16:30:20,492|INFO|random_mc2_n7_mid3_d1000_05_mr098_r10_194_uai_GDCC_1e-05_n200_roFalse_s0: Loading model from ../models/synthetic/s123/random_mc2_n7_mid3_d1000_05_mr098_r10_194.uai
2026-02-02 16:30:20,504|INFO|random_mc2_n7_mid3_d1000_05_mr098_r10_39_uai_GDCC_1e-05_n200_roFalse_s0: Loading model from ../models/synthetic/s123/random_mc2_n7_mid3_d1000_05_mr098_r10_39.uai
2026-02-02 16:30:20,511|INFO|random_mc2_n7_mid3_d1000_05_mr098_r10_194_uai_GDCC_1e-05_n200_roFalse_s0: Loading data from ../models/synthetic/s123/random_mc2_n7_mid3_d1000_05_mr098_r10_194.csv
2026-02-02 16:30:20,521|INFO|random_mc2_n7_mid3_d1000_05_mr098_r10_39_uai_GDCC_1e-05_n200_roFalse_s0: Loading data from ../models/synthetic/s123/random_mc2_n7_mid3_d1000_05_mr098_r10_39.csv
2026-02-02 16:30:20,537|INFO|random_mc2_n7_mid3_d1000_05_mr098_r10_39_uai_GDCC_1e-05_n200_roFalse_s0: PNS(V3,V5) exact: (0.0, 0.338230713)
2026-02-02 16:30:20,584|INFO|random_mc2_n5_mid3_d1000_05_mr098_r10_164_uai_GDCC_1e-05_n200_roTrue_s0: Loading model from ../models/synthetic/s123/random_mc2_n5_mid3_d1000_05_mr098_r10_164.uai
2026-02-02 16:30:20,593|INFO|random_mc2_n5_mid3_d1000_05_mr098_r10_164_uai_GDCC_1e-05_n200_roTrue_s0: Loading data from ../models/synthetic/s123/random_mc2_n5_mid3_d1000_05_mr098_r10_164.csv
2026-02-02 16:30:20,739|INFO|random_mc2_n6_mid3_d1000_05_mr098_r10_27_uai_GDCC_1e-05_n200_roTrue_s0: Loading model from ../models/synthetic/s123/random_mc2_n6_mid3_d1000_05_mr098_r10_27.uai
2026-02-02 16:30:20,751|INFO|random_mc2_n6_mid3_d1000_05_mr098_r10_27_uai_GDCC_1e-05_n200_roTrue_s0: Loading data from ../models/synthetic/s123/random_mc2_n6_mid3_d1000_05_mr098_r10_27.csv
2026-02-02 16:30:20,771|INFO|random_mc2_n6_mid3_d1000_05_mr098_r10_27_uai_GDCC_1e-05_n200_roTrue_s0: PNS(V1,V2) exact: (0.150982245685575, 0.150982245685575)
2026-02-02 16:30:20,820|INFO|random_mc2_n6_mid3_d1000_05_mr098_r10_42_uai_GDCC_1e-05_n200_roTrue_s0: Loading model from ../models/synthetic/s123/random_mc2_n6_mid3_d1000_05_mr098_r10_42.uai
2026-02-02 16:30:20,833|INFO|random_mc2_n6_mid3_d1000_05_mr098_r10_42_uai_GDCC_1e-05_n200_roTrue_s0: Loading data from ../models/synthetic/s123/random_mc2_n6_mid3_d1000_05_mr098_r10_42.csv
2026-02-02 16:30:20,849|INFO|random_mc2_n6_mid3_d1000_05_mr098_r10_42_uai_GDCC_1e-05_n200_roTrue_s0: PNS(V3,V2) exact: (0.2100591484485759, 0.483114152283904)
2026-02-02 16:30:20,882|INFO|random_mc2_n7_mid3_d1000_05_mr098_r10_69_uai_GDCC_1e-05_n200_roFalse_s0: Loading model from ../models/synthetic/s123/random_mc2_n7_mid3_d1000_05_mr098_r10_69.uai
2026-02-02 16:30:20,893|INFO|random_mc2_n7_mid3_d1000_05_mr098_r10_69_uai_GDCC_1e-05_n200_roFalse_s0: Loading data from ../models/synthetic/s123/random_mc2_n7_mid3_d1000_05_mr098_r10_69.csv
2026-02-02 16:30:20,928|INFO|random_mc2_n9_mid3_d1000_05_mr098_r10_152_uai_GDCC_1e-05_n200_roFalse_s0: Loading model from ../models/synthetic/s123/random_mc2_n9_mid3_d1000_05_mr098_r10_152.uai
2026-02-02 16:30:20,961|INFO|random_mc2_n9_mid3_d1000_05_mr098_r10_1_uai_GDCC_1e-05_n200_roFalse_s0: Loading model from ../models/synthetic/s123/random_mc2_n9_mid3_d1000_05_mr098_r10_1.uai
2026-02-02 16:30:20,965|INFO|random_mc2_n9_mid3_d1000_05_mr098_r10_152_uai_GDCC_1e-05_n200_roFalse_s0: Loading data from ../models/synthetic/s123/random_mc2_n9_mid3_d1000_05_mr098_r10_152.csv
2026-02-02 16:30:20,993|INFO|random_mc2_n9_mid3_d1000_05_mr098_r10_152_uai_GDCC_1e-05_n200_roFalse_s0: PNS(V4,V6) exact: (0.0985718975711222, 0.2731262523008737)
2026-02-02 16:30:21,014|INFO|random_mc2_n9_mid3_d1000_05_mr098_r10_1_uai_GDCC_1e-05_n200_roFalse_s0: Loading data from ../models/synthetic/s123/random_mc2_n9_mid3_d1000_05_mr098_r10_1.csv
2026-02-02 16:30:21,036|INFO|random_mc2_n9_mid3_d1000_05_mr098_r10_1_uai_GDCC_1e-05_n200_roFalse_s0: PNS(V6,V2) exact: (0.156075015699298, 0.162433592078674)
2026-02-02 16:30:21,040|INFO|random_mc2_n5_mid3_d1000_05_mr098_r10_58_uai_GDCC_1e-05_n200_roFalse_s0: Loading model from ../models/synthetic/s123/random_mc2_n5_mid3_d1000_05_mr098_r10_58.uai
2026-02-02 16:30:21,063|INFO|random_mc2_n5_mid3_d1000_05_mr098_r10_67_uai_GDCC_1e-05_n200_roFalse_s0: Loading model from ../models/synthetic/s123/random_mc2_n5_mid3_d1000_05_mr098_r10_67.uai
2026-02-02 16:30:21,058|INFO|random_mc2_n5_mid3_d1000_05_mr098_r10_58_uai_GDCC_1e-05_n200_roFalse_s0: Loading data from ../models/synthetic/s123/random_mc2_n5_mid3_d1000_05_mr098_r10_58.csv
2026-02-02 16:30:21,075|INFO|random_mc2_n5_mid3_d1000_05_mr098_r10_58_uai_GDCC_1e-05_n200_roFalse_s0: PNS(V1,V4) exact: (0.0036215301384, 0.042303308980416)
2026-02-02 16:30:21,094|INFO|random_mc2_n9_mid3_d1000_05_mr098_r10_146_uai_GDCC_1e-05_n200_roTrue_s0: Loading model from ../models/synthetic/s123/random_mc2_n9_mid3_d1000_05_mr098_r10_146.uai
2026-02-02 16:30:21,072|INFO|random_mc2_n5_mid3_d1000_05_mr098_r10_67_uai_GDCC_1e-05_n200_roFalse_s0: Loading data from ../models/synthetic/s123/random_mc2_n5_mid3_d1000_05_mr098_r10_67.csv
2026-02-02 16:30:21,117|INFO|random_mc2_n9_mid3_d1000_05_mr098_r10_146_uai_GDCC_1e-05_n200_roTrue_s0: Loading data from ../models/synthetic/s123/random_mc2_n9_mid3_d1000_05_mr098_r10_146.csv
2026-02-02 16:30:21,142|INFO|random_mc2_n6_mid3_d1000_05_mr098_r10_68_uai_GDCC_1e-05_n200_roFalse_s0: Loading model from ../models/synthetic/s123/random_mc2_n6_mid3_d1000_05_mr098_r10_68.uai
2026-02-02 16:30:21,157|INFO|random_mc2_n6_mid3_d1000_05_mr098_r10_68_uai_GDCC_1e-05_n200_roFalse_s0: Loading data from ../models/synthetic/s123/random_mc2_n6_mid3_d1000_05_mr098_r10_68.csv
2026-02-02 16:30:21,173|INFO|random_mc2_n6_mid3_d1000_05_mr098_r10_68_uai_GDCC_1e-05_n200_roFalse_s0: PNS(V0,V1) exact: (0.0, 0.1486868319875199)
2026-02-02 16:30:21,210|INFO|random_mc2_n6_mid3_d1000_05_mr098_r10_101_uai_GDCC_1e-05_n200_roFalse_s0: Loading model from ../models/synthetic/s123/random_mc2_n6_mid3_d1000_05_mr098_r10_101.uai
2026-02-02 16:30:21,226|INFO|random_mc2_n6_mid3_d1000_05_mr098_r10_101_uai_GDCC_1e-05_n200_roFalse_s0: Loading data from ../models/synthetic/s123/random_mc2_n6_mid3_d1000_05_mr098_r10_101.csv
2026-02-02 16:30:22,685|INFO|random_mc2_n6_mid3_d1000_05_mr098_r10_158_uai_GDCC_1e-05_n200_roTrue_s0: Loading model from ../models/synthetic/s123/random_mc2_n6_mid3_d1000_05_mr098_r10_158.uai
2026-02-02 16:30:22,699|INFO|random_mc2_n6_mid3_d1000_05_mr098_r10_158_uai_GDCC_1e-05_n200_roTrue_s0: Loading data from ../models/synthetic/s123/random_mc2_n6_mid3_d1000_05_mr098_r10_158.csv
2026-02-02 16:30:22,721|INFO|random_mc2_n6_mid3_d1000_05_mr098_r10_158_uai_GDCC_1e-05_n200_roTrue_s0: PNS(V3,V5) exact: (8.867665431e-05, 0.009532690396884)
2026-02-02 16:30:22,736|INFO|random_mc2_n7_mid3_d1000_05_mr098_r10_154_uai_GDCC_1e-05_n200_roTrue_s0: Loading model from ../models/synthetic/s123/random_mc2_n7_mid3_d1000_05_mr098_r10_154.uai
2026-02-02 16:30:22,740|INFO|random_mc2_n5_mid3_d1000_05_mr098_r10_169_uai_GDCC_1e-05_n200_roTrue_s0: Loading model from ../models/synthetic/s123/random_mc2_n5_mid3_d1000_05_mr098_r10_169.uai
2026-02-02 16:30:22,751|INFO|random_mc2_n5_mid3_d1000_05_mr098_r10_118_uai_GDCC_1e-05_n200_roTrue_s0: Loading model from ../models/synthetic/s123/random_mc2_n5_mid3_d1000_05_mr098_r10_118.uai
2026-02-02 16:30:22,753|INFO|random_mc2_n7_mid3_d1000_05_mr098_r10_154_uai_GDCC_1e-05_n200_roTrue_s0: Loading data from ../models/synthetic/s123/random_mc2_n7_mid3_d1000_05_mr098_r10_154.csv
2026-02-02 16:30:22,752|INFO|random_mc2_n5_mid3_d1000_05_mr098_r10_169_uai_GDCC_1e-05_n200_roTrue_s0: Loading data from ../models/synthetic/s123/random_mc2_n5_mid3_d1000_05_mr098_r10_169.csv
2026-02-02 16:30:22,770|INFO|random_mc2_n5_mid3_d1000_05_mr098_r10_169_uai_GDCC_1e-05_n200_roTrue_s0: PNS(V0,V3) exact: (0.16386, 0.49872)
2026-02-02 16:30:22,762|INFO|random_mc2_n5_mid3_d1000_05_mr098_r10_118_uai_GDCC_1e-05_n200_roTrue_s0: Loading data from ../models/synthetic/s123/random_mc2_n5_mid3_d1000_05_mr098_r10_118.csv
2026-02-02 16:30:22,779|INFO|random_mc2_n5_mid3_d1000_05_mr098_r10_118_uai_GDCC_1e-05_n200_roTrue_s0: PNS(V1,V2) exact: (0.07441581471588, 0.209057882285592)
2026-02-02 16:30:24,148|INFO|random_mc2_n6_mid3_d1000_05_mr098_r10_47_uai_GDCC_1e-05_n200_roFalse_s0: Loading model from ../models/synthetic/s123/random_mc2_n6_mid3_d1000_05_mr098_r10_47.uai
2026-02-02 16:30:24,174|INFO|random_mc2_n8_mid3_d1000_05_mr098_r10_121_uai_GDCC_1e-05_n200_roFalse_s0: Loading model from ../models/synthetic/s123/random_mc2_n8_mid3_d1000_05_mr098_r10_121.uai
2026-02-02 16:30:24,169|INFO|random_mc2_n6_mid3_d1000_05_mr098_r10_47_uai_GDCC_1e-05_n200_roFalse_s0: Loading data from ../models/synthetic/s123/random_mc2_n6_mid3_d1000_05_mr098_r10_47.csv
2026-02-02 16:30:24,191|INFO|random_mc2_n6_mid3_d1000_05_mr098_r10_47_uai_GDCC_1e-05_n200_roFalse_s0: PNS(V5,V4) exact: (0.0, 0.3303686772)
2026-02-02 16:30:24,194|INFO|random_mc2_n12_mid3_d1000_05_mr098_r10_154_uai_GDCC_1e-05_n200_roFalse_s0: Loading model from ../models/synthetic/s123/random_mc2_n12_mid3_d1000_05_mr098_r10_154.uai
2026-02-02 16:30:24,192|INFO|random_mc2_n8_mid3_d1000_05_mr098_r10_121_uai_GDCC_1e-05_n200_roFalse_s0: Loading data from ../models/synthetic/s123/random_mc2_n8_mid3_d1000_05_mr098_r10_121.csv
2026-02-02 16:30:24,232|INFO|random_mc2_n12_mid3_d1000_05_mr098_r10_154_uai_GDCC_1e-05_n200_roFalse_s0: Loading data from ../models/synthetic/s123/random_mc2_n12_mid3_d1000_05_mr098_r10_154.csv
2026-02-02 16:30:24,248|INFO|random_mc2_n12_mid3_d1000_05_mr098_r10_154_uai_GDCC_1e-05_n200_roFalse_s0: PNS(V5,V6) exact: (0.0078950452954415, 0.2507379400197757)
2026-02-02 16:30:25,436|INFO|random_mc2_n6_mid3_d1000_05_mr098_r10_89_uai_GDCC_1e-05_n200_roTrue_s0: Loading model from ../models/synthetic/s123/random_mc2_n6_mid3_d1000_05_mr098_r10_89.uai
2026-02-02 16:30:25,457|INFO|random_mc2_n6_mid3_d1000_05_mr098_r10_89_uai_GDCC_1e-05_n200_roTrue_s0: Loading data from ../models/synthetic/s123/random_mc2_n6_mid3_d1000_05_mr098_r10_89.csv
2026-02-02 16:30:25,745|INFO|random_mc2_n5_mid3_d1000_05_mr098_r10_177_uai_GDCC_1e-05_n200_roTrue_s0: Loading model from ../models/synthetic/s123/random_mc2_n5_mid3_d1000_05_mr098_r10_177.uai
2026-02-02 16:30:25,758|INFO|random_mc2_n5_mid3_d1000_05_mr098_r10_84_uai_GDCC_1e-05_n200_roTrue_s0: Loading model from ../models/synthetic/s123/random_mc2_n5_mid3_d1000_05_mr098_r10_84.uai
2026-02-02 16:30:25,764|INFO|random_mc2_n5_mid3_d1000_05_mr098_r10_177_uai_GDCC_1e-05_n200_roTrue_s0: Loading data from ../models/synthetic/s123/random_mc2_n5_mid3_d1000_05_mr098_r10_177.csv
2026-02-02 16:30:25,782|INFO|random_mc2_n5_mid3_d1000_05_mr098_r10_177_uai_GDCC_1e-05_n200_roTrue_s0: PNS(V3,V1) exact: (0.00095494328811, 0.305507837236473)
2026-02-02 16:30:25,773|INFO|random_mc2_n5_mid3_d1000_05_mr098_r10_84_uai_GDCC_1e-05_n200_roTrue_s0: Loading data from ../models/synthetic/s123/random_mc2_n5_mid3_d1000_05_mr098_r10_84.csv
2026-02-02 16:30:28,175|INFO|random_mc2_n5_mid3_d1000_05_mr098_r10_171_uai_GDCC_1e-05_n200_roFalse_s0: Loading model from ../models/synthetic/s123/random_mc2_n5_mid3_d1000_05_mr098_r10_171.uai
2026-02-02 16:30:28,183|INFO|random_mc2_n5_mid3_d1000_05_mr098_r10_129_uai_GDCC_1e-05_n200_roFalse_s0: Loading model from ../models/synthetic/s123/random_mc2_n5_mid3_d1000_05_mr098_r10_129.uai
2026-02-02 16:30:28,185|INFO|random_mc2_n5_mid3_d1000_05_mr098_r10_171_uai_GDCC_1e-05_n200_roFalse_s0: Loading data from ../models/synthetic/s123/random_mc2_n5_mid3_d1000_05_mr098_r10_171.csv
2026-02-02 16:30:28,203|INFO|random_mc2_n5_mid3_d1000_05_mr098_r10_171_uai_GDCC_1e-05_n200_roFalse_s0: PNS(V1,V3) exact: (0.1863474158, 0.2259063265)
2026-02-02 16:30:28,195|INFO|random_mc2_n5_mid3_d1000_05_mr098_r10_129_uai_GDCC_1e-05_n200_roFalse_s0: Loading data from ../models/synthetic/s123/random_mc2_n5_mid3_d1000_05_mr098_r10_129.csv
2026-02-02 16:30:28,767|INFO|random_mc2_n5_mid3_d1000_05_mr098_r10_83_uai_GDCC_1e-05_n200_roTrue_s0: Loading model from ../models/synthetic/s123/random_mc2_n5_mid3_d1000_05_mr098_r10_83.uai
2026-02-02 16:30:28,779|INFO|random_mc2_n5_mid3_d1000_05_mr098_r10_83_uai_GDCC_1e-05_n200_roTrue_s0: Loading data from ../models/synthetic/s123/random_mc2_n5_mid3_d1000_05_mr098_r10_83.csv
2026-02-02 16:30:28,995|INFO|random_mc2_n5_mid3_d1000_05_mr098_r10_6_uai_GDCC_1e-05_n200_roFalse_s0: Loading model from ../models/synthetic/s123/random_mc2_n5_mid3_d1000_05_mr098_r10_6.uai
2026-02-02 16:30:29,001|INFO|random_mc2_n6_mid3_d1000_05_mr098_r10_23_uai_GDCC_1e-05_n200_roFalse_s0: Loading model from ../models/synthetic/s123/random_mc2_n6_mid3_d1000_05_mr098_r10_23.uai
2026-02-02 16:30:29,010|INFO|random_mc2_n5_mid3_d1000_05_mr098_r10_6_uai_GDCC_1e-05_n200_roFalse_s0: Loading data from ../models/synthetic/s123/random_mc2_n5_mid3_d1000_05_mr098_r10_6.csv
2026-02-02 16:30:29,012|INFO|random_mc2_n6_mid3_d1000_05_mr098_r10_23_uai_GDCC_1e-05_n200_roFalse_s0: Loading data from ../models/synthetic/s123/random_mc2_n6_mid3_d1000_05_mr098_r10_23.csv
2026-02-02 16:30:29,026|INFO|random_mc2_n6_mid3_d1000_05_mr098_r10_23_uai_GDCC_1e-05_n200_roFalse_s0: PNS(V0,V5) exact: (0.0, 0.206564908524544)
2026-02-02 16:30:29,166|INFO|random_mc2_n6_mid3_d1000_05_mr098_r10_127_uai_GDCC_1e-05_n200_roTrue_s0: Loading model from ../models/synthetic/s123/random_mc2_n6_mid3_d1000_05_mr098_r10_127.uai
2026-02-02 16:30:29,175|INFO|random_mc2_n6_mid3_d1000_05_mr098_r10_127_uai_GDCC_1e-05_n200_roTrue_s0: Loading data from ../models/synthetic/s123/random_mc2_n6_mid3_d1000_05_mr098_r10_127.csv
2026-02-02 16:30:30,055|INFO|random_mc2_n6_mid3_d1000_05_mr098_r10_143_uai_GDCC_1e-05_n200_roTrue_s0: Loading model from ../models/synthetic/s123/random_mc2_n6_mid3_d1000_05_mr098_r10_143.uai
2026-02-02 16:30:30,067|INFO|random_mc2_n6_mid3_d1000_05_mr098_r10_143_uai_GDCC_1e-05_n200_roTrue_s0: Loading data from ../models/synthetic/s123/random_mc2_n6_mid3_d1000_05_mr098_r10_143.csv
2026-02-02 16:30:35,395|INFO|random_mc2_n6_mid3_d1000_05_mr098_r10_164_uai_GDCC_1e-05_n200_roTrue_s0: Loading model from ../models/synthetic/s123/random_mc2_n6_mid3_d1000_05_mr098_r10_164.uai
2026-02-02 16:30:35,402|INFO|random_mc2_n6_mid3_d1000_05_mr098_r10_181_uai_GDCC_1e-05_n200_roFalse_s0: Loading model from ../models/synthetic/s123/random_mc2_n6_mid3_d1000_05_mr098_r10_181.uai
2026-02-02 16:30:35,416|INFO|random_mc2_n6_mid3_d1000_05_mr098_r10_164_uai_GDCC_1e-05_n200_roTrue_s0: Loading data from ../models/synthetic/s123/random_mc2_n6_mid3_d1000_05_mr098_r10_164.csv
2026-02-02 16:30:35,438|INFO|random_mc2_n6_mid3_d1000_05_mr098_r10_164_uai_GDCC_1e-05_n200_roTrue_s0: PNS(V4,V3) exact: (0.19591, 0.25606)
2026-02-02 16:30:35,441|INFO|random_mc2_n9_mid3_d1000_05_mr098_r10_32_uai_GDCC_1e-05_n200_roFalse_s0: Loading model from ../models/synthetic/s123/random_mc2_n9_mid3_d1000_05_mr098_r10_32.uai
2026-02-02 16:30:35,416|INFO|random_mc2_n6_mid3_d1000_05_mr098_r10_181_uai_GDCC_1e-05_n200_roFalse_s0: Loading data from ../models/synthetic/s123/random_mc2_n6_mid3_d1000_05_mr098_r10_181.csv
2026-02-02 16:30:35,467|INFO|random_mc2_n9_mid3_d1000_05_mr098_r10_32_uai_GDCC_1e-05_n200_roFalse_s0: Loading data from ../models/synthetic/s123/random_mc2_n9_mid3_d1000_05_mr098_r10_32.csv
2026-02-02 16:30:35,489|INFO|random_mc2_n9_mid3_d1000_05_mr098_r10_32_uai_GDCC_1e-05_n200_roFalse_s0: PNS(V1,V3) exact: (0.0, 0.0)
2026-02-02 16:30:35,490|ERROR|random_mc2_n9_mid3_d1000_05_mr098_r10_32_uai_GDCC_1e-05_n200_roFalse_s0: Model does not have any cause-effect path.
2026-02-02 16:30:35,495|INFO|random_mc2_n7_mid3_d1000_05_mr098_r10_29_uai_GDCC_1e-05_n200_roTrue_s0: Loading model from ../models/synthetic/s123/random_mc2_n7_mid3_d1000_05_mr098_r10_29.uai
2026-02-02 16:30:35,525|INFO|random_mc2_n7_mid3_d1000_05_mr098_r10_29_uai_GDCC_1e-05_n200_roTrue_s0: Loading data from ../models/synthetic/s123/random_mc2_n7_mid3_d1000_05_mr098_r10_29.csv
2026-02-02 16:30:35,559|INFO|random_mc2_n5_mid3_d1000_05_mr098_r10_59_uai_GDCC_1e-05_n200_roTrue_s0: Loading model from ../models/synthetic/s123/random_mc2_n5_mid3_d1000_05_mr098_r10_59.uai
2026-02-02 16:30:35,570|INFO|random_mc2_n5_mid3_d1000_05_mr098_r10_100_uai_GDCC_1e-05_n200_roFalse_s0: Loading model from ../models/synthetic/s123/random_mc2_n5_mid3_d1000_05_mr098_r10_100.uai
2026-02-02 16:30:35,572|INFO|random_mc2_n5_mid3_d1000_05_mr098_r10_59_uai_GDCC_1e-05_n200_roTrue_s0: Loading data from ../models/synthetic/s123/random_mc2_n5_mid3_d1000_05_mr098_r10_59.csv
2026-02-02 16:30:35,588|INFO|random_mc2_n5_mid3_d1000_05_mr098_r10_59_uai_GDCC_1e-05_n200_roTrue_s0: PNS(V2,V4) exact: (0.0, 0.0673840516)
2026-02-02 16:30:35,586|INFO|random_mc2_n5_mid3_d1000_05_mr098_r10_100_uai_GDCC_1e-05_n200_roFalse_s0: Loading data from ../models/synthetic/s123/random_mc2_n5_mid3_d1000_05_mr098_r10_100.csv
2026-02-02 16:30:35,617|INFO|random_mc2_n6_mid3_d1000_05_mr098_r10_182_uai_GDCC_1e-05_n200_roFalse_s0: Loading model from ../models/synthetic/s123/random_mc2_n6_mid3_d1000_05_mr098_r10_182.uai
2026-02-02 16:30:35,624|INFO|random_mc2_n9_mid3_d1000_05_mr098_r10_116_uai_GDCC_1e-05_n200_roFalse_s0: Loading model from ../models/synthetic/s123/random_mc2_n9_mid3_d1000_05_mr098_r10_116.uai
2026-02-02 16:30:35,634|INFO|random_mc2_n6_mid3_d1000_05_mr098_r10_182_uai_GDCC_1e-05_n200_roFalse_s0: Loading data from ../models/synthetic/s123/random_mc2_n6_mid3_d1000_05_mr098_r10_182.csv
2026-02-02 16:30:35,652|INFO|random_mc2_n6_mid3_d1000_05_mr098_r10_182_uai_GDCC_1e-05_n200_roFalse_s0: PNS(V4,V5) exact: (0.2591310333408, 0.3907790126200001)
2026-02-02 16:30:35,648|INFO|random_mc2_n9_mid3_d1000_05_mr098_r10_116_uai_GDCC_1e-05_n200_roFalse_s0: Loading data from ../models/synthetic/s123/random_mc2_n9_mid3_d1000_05_mr098_r10_116.csv
2026-02-02 16:30:35,663|INFO|random_mc2_n9_mid3_d1000_05_mr098_r10_116_uai_GDCC_1e-05_n200_roFalse_s0: PNS(V2,V0) exact: (0.0201090016271876, 0.1746422034672741)
2026-02-02 16:30:35,678|INFO|random_mc2_n5_mid3_d1000_05_mr098_r10_138_uai_GDCC_1e-05_n200_roFalse_s0: Loading model from ../models/synthetic/s123/random_mc2_n5_mid3_d1000_05_mr098_r10_138.uai
2026-02-02 16:30:35,687|INFO|random_mc2_n5_mid3_d1000_05_mr098_r10_138_uai_GDCC_1e-05_n200_roFalse_s0: Loading data from ../models/synthetic/s123/random_mc2_n5_mid3_d1000_05_mr098_r10_138.csv
2026-02-02 16:30:35,703|INFO|random_mc2_n5_mid3_d1000_05_mr098_r10_138_uai_GDCC_1e-05_n200_roFalse_s0: PNS(V4,V0) exact: (0.01751032725, 0.049784487675)
2026-02-02 16:30:37,285|INFO|random_mc2_n7_mid3_d1000_05_mr098_r10_92_uai_GDCC_1e-05_n200_roFalse_s0: Loading model from ../models/synthetic/s123/random_mc2_n7_mid3_d1000_05_mr098_r10_92.uai
2026-02-02 16:30:37,354|INFO|random_mc2_n5_mid3_d1000_05_mr098_r10_42_uai_GDCC_1e-05_n200_roFalse_s0: Loading model from ../models/synthetic/s123/random_mc2_n5_mid3_d1000_05_mr098_r10_42.uai
2026-02-02 16:30:37,387|INFO|random_mc2_n7_mid3_d1000_05_mr098_r10_92_uai_GDCC_1e-05_n200_roFalse_s0: Loading data from ../models/synthetic/s123/random_mc2_n7_mid3_d1000_05_mr098_r10_92.csv
2026-02-02 16:30:37,377|INFO|random_mc2_n5_mid3_d1000_05_mr098_r10_42_uai_GDCC_1e-05_n200_roFalse_s0: Loading data from ../models/synthetic/s123/random_mc2_n5_mid3_d1000_05_mr098_r10_42.csv
2026-02-02 16:30:40,911|INFO|random_mc2_n6_mid3_d1000_05_mr098_r10_141_uai_GDCC_1e-05_n200_roFalse_s0: Loading model from ../models/synthetic/s123/random_mc2_n6_mid3_d1000_05_mr098_r10_141.uai
2026-02-02 16:30:40,960|INFO|random_mc2_n6_mid3_d1000_05_mr098_r10_141_uai_GDCC_1e-05_n200_roFalse_s0: Loading data from ../models/synthetic/s123/random_mc2_n6_mid3_d1000_05_mr098_r10_141.csv
2026-02-02 16:30:40,968|INFO|random_mc2_n6_mid3_d1000_05_mr098_r10_141_uai_GDCC_1e-05_n200_roFalse_s0: PNS(V1,V4) exact: (0.2486475012, 0.2716618306)
2026-02-02 16:30:41,735|INFO|random_mc2_n5_mid3_d1000_05_mr098_r10_46_uai_GDCC_1e-05_n200_roTrue_s0: Loading model from ../models/synthetic/s123/random_mc2_n5_mid3_d1000_05_mr098_r10_46.uai
2026-02-02 16:30:41,769|INFO|random_mc2_n9_mid3_d1000_05_mr098_r10_166_uai_GDCC_1e-05_n200_roFalse_s0: Loading model from ../models/synthetic/s123/random_mc2_n9_mid3_d1000_05_mr098_r10_166.uai
2026-02-02 16:30:41,756|INFO|random_mc2_n5_mid3_d1000_05_mr098_r10_46_uai_GDCC_1e-05_n200_roTrue_s0: Loading data from ../models/synthetic/s123/random_mc2_n5_mid3_d1000_05_mr098_r10_46.csv
2026-02-02 16:30:41,778|INFO|random_mc2_n5_mid3_d1000_05_mr098_r10_46_uai_GDCC_1e-05_n200_roTrue_s0: PNS(V0,V4) exact: (0.6100050528559042, 0.6100050528559042)
2026-02-02 16:30:41,798|INFO|random_mc2_n9_mid3_d1000_05_mr098_r10_166_uai_GDCC_1e-05_n200_roFalse_s0: Loading data from ../models/synthetic/s123/random_mc2_n9_mid3_d1000_05_mr098_r10_166.csv
2026-02-02 16:30:41,911|INFO|random_mc2_n5_mid3_d1000_05_mr098_r10_55_uai_GDCC_1e-05_n200_roTrue_s0: Loading model from ../models/synthetic/s123/random_mc2_n5_mid3_d1000_05_mr098_r10_55.uai
2026-02-02 16:30:41,928|INFO|random_mc2_n7_mid3_d1000_05_mr098_r10_56_uai_GDCC_1e-05_n200_roTrue_s0: Loading model from ../models/synthetic/s123/random_mc2_n7_mid3_d1000_05_mr098_r10_56.uai
2026-02-02 16:30:41,924|INFO|random_mc2_n5_mid3_d1000_05_mr098_r10_55_uai_GDCC_1e-05_n200_roTrue_s0: Loading data from ../models/synthetic/s123/random_mc2_n5_mid3_d1000_05_mr098_r10_55.csv
2026-02-02 16:30:41,941|INFO|random_mc2_n5_mid3_d1000_05_mr098_r10_55_uai_GDCC_1e-05_n200_roTrue_s0: PNS(V2,V3) exact: (0.2402970184, 0.3589271115)
2026-02-02 16:30:41,948|INFO|random_mc2_n7_mid3_d1000_05_mr098_r10_56_uai_GDCC_1e-05_n200_roTrue_s0: Loading data from ../models/synthetic/s123/random_mc2_n7_mid3_d1000_05_mr098_r10_56.csv
2026-02-02 16:30:41,992|INFO|random_mc2_n9_mid3_d1000_05_mr098_r10_25_uai_GDCC_1e-05_n200_roTrue_s0: Loading model from ../models/synthetic/s123/random_mc2_n9_mid3_d1000_05_mr098_r10_25.uai
2026-02-02 16:30:42,213|INFO|random_mc2_n9_mid3_d1000_05_mr098_r10_25_uai_GDCC_1e-05_n200_roTrue_s0: Loading data from ../models/synthetic/s123/random_mc2_n9_mid3_d1000_05_mr098_r10_25.csv
2026-02-02 16:30:44,608|INFO|random_mc2_n5_mid3_d1000_05_mr098_r10_53_uai_GDCC_1e-05_n200_roFalse_s0: Loading model from ../models/synthetic/s123/random_mc2_n5_mid3_d1000_05_mr098_r10_53.uai
2026-02-02 16:30:44,632|INFO|random_mc2_n7_mid3_d1000_05_mr098_r10_15_uai_GDCC_1e-05_n200_roTrue_s0: Loading model from ../models/synthetic/s123/random_mc2_n7_mid3_d1000_05_mr098_r10_15.uai
2026-02-02 16:30:44,622|INFO|random_mc2_n5_mid3_d1000_05_mr098_r10_53_uai_GDCC_1e-05_n200_roFalse_s0: Loading data from ../models/synthetic/s123/random_mc2_n5_mid3_d1000_05_mr098_r10_53.csv
2026-02-02 16:30:44,653|INFO|random_mc2_n5_mid3_d1000_05_mr098_r10_53_uai_GDCC_1e-05_n200_roFalse_s0: PNS(V0,V1) exact: (0.0, 0.0)
2026-02-02 16:30:44,653|ERROR|random_mc2_n5_mid3_d1000_05_mr098_r10_53_uai_GDCC_1e-05_n200_roFalse_s0: Model does not have any cause-effect path.
2026-02-02 16:30:44,648|INFO|random_mc2_n7_mid3_d1000_05_mr098_r10_15_uai_GDCC_1e-05_n200_roTrue_s0: Loading data from ../models/synthetic/s123/random_mc2_n7_mid3_d1000_05_mr098_r10_15.csv
2026-02-02 16:30:44,666|INFO|random_mc2_n7_mid3_d1000_05_mr098_r10_15_uai_GDCC_1e-05_n200_roTrue_s0: PNS(V0,V6) exact: (0.3220170880214336, 0.5255000671372351)
2026-02-02 16:30:46,347|INFO|random_mc2_n6_mid3_d1000_05_mr098_r10_151_uai_GDCC_1e-05_n200_roFalse_s0: Loading model from ../models/synthetic/s123/random_mc2_n6_mid3_d1000_05_mr098_r10_151.uai
2026-02-02 16:30:46,352|INFO|random_mc2_n6_mid3_d1000_05_mr098_r10_20_uai_GDCC_1e-05_n200_roFalse_s0: Loading model from ../models/synthetic/s123/random_mc2_n6_mid3_d1000_05_mr098_r10_20.uai
2026-02-02 16:30:46,375|INFO|random_mc2_n6_mid3_d1000_05_mr098_r10_47_uai_GDCC_1e-05_n200_roTrue_s0: Loading model from ../models/synthetic/s123/random_mc2_n6_mid3_d1000_05_mr098_r10_47.uai
2026-02-02 16:30:46,377|INFO|random_mc2_n6_mid3_d1000_05_mr098_r10_20_uai_GDCC_1e-05_n200_roFalse_s0: Loading data from ../models/synthetic/s123/random_mc2_n6_mid3_d1000_05_mr098_r10_20.csv
2026-02-02 16:30:46,392|INFO|random_mc2_n6_mid3_d1000_05_mr098_r10_47_uai_GDCC_1e-05_n200_roTrue_s0: Loading data from ../models/synthetic/s123/random_mc2_n6_mid3_d1000_05_mr098_r10_47.csv
2026-02-02 16:30:46,410|INFO|random_mc2_n6_mid3_d1000_05_mr098_r10_47_uai_GDCC_1e-05_n200_roTrue_s0: PNS(V5,V4) exact: (0.0, 0.3303686772)
2026-02-02 16:30:46,598|INFO|random_mc2_n6_mid3_d1000_05_mr098_r10_151_uai_GDCC_1e-05_n200_roFalse_s0: Loading data from ../models/synthetic/s123/random_mc2_n6_mid3_d1000_05_mr098_r10_151.csv
2026-02-02 16:30:49,203|INFO|random_mc2_n5_mid3_d1000_05_mr098_r10_87_uai_GDCC_1e-05_n200_roFalse_s0: Loading model from ../models/synthetic/s123/random_mc2_n5_mid3_d1000_05_mr098_r10_87.uai
2026-02-02 16:30:49,207|INFO|random_mc2_n5_mid3_d1000_05_mr098_r10_173_uai_GDCC_1e-05_n200_roFalse_s0: Loading model from ../models/synthetic/s123/random_mc2_n5_mid3_d1000_05_mr098_r10_173.uai
2026-02-02 16:30:49,222|INFO|random_mc2_n6_mid3_d1000_05_mr098_r10_175_uai_GDCC_1e-05_n200_roFalse_s0: Loading model from ../models/synthetic/s123/random_mc2_n6_mid3_d1000_05_mr098_r10_175.uai
2026-02-02 16:30:49,232|INFO|random_mc2_n5_mid3_d1000_05_mr098_r10_87_uai_GDCC_1e-05_n200_roFalse_s0: Loading data from ../models/synthetic/s123/random_mc2_n5_mid3_d1000_05_mr098_r10_87.csv
2026-02-02 16:30:49,225|INFO|random_mc2_n5_mid3_d1000_05_mr098_r10_173_uai_GDCC_1e-05_n200_roFalse_s0: Loading data from ../models/synthetic/s123/random_mc2_n5_mid3_d1000_05_mr098_r10_173.csv
2026-02-02 16:30:49,244|INFO|random_mc2_n5_mid3_d1000_05_mr098_r10_173_uai_GDCC_1e-05_n200_roFalse_s0: PNS(V1,V2) exact: (0.1236554301, 0.4222693768)
2026-02-02 16:30:49,328|INFO|random_mc2_n6_mid3_d1000_05_mr098_r10_175_uai_GDCC_1e-05_n200_roFalse_s0: Loading data from ../models/synthetic/s123/random_mc2_n6_mid3_d1000_05_mr098_r10_175.csv
2026-02-02 16:30:51,631|INFO|random_mc2_n5_mid3_d1000_05_mr098_r10_47_uai_GDCC_1e-05_n200_roFalse_s0: Loading model from ../models/synthetic/s123/random_mc2_n5_mid3_d1000_05_mr098_r10_47.uai
2026-02-02 16:30:51,637|INFO|random_mc2_n5_mid3_d1000_05_mr098_r10_47_uai_GDCC_1e-05_n200_roFalse_s0: Loading data from ../models/synthetic/s123/random_mc2_n5_mid3_d1000_05_mr098_r10_47.csv
2026-02-02 16:30:51,651|INFO|random_mc2_n5_mid3_d1000_05_mr098_r10_47_uai_GDCC_1e-05_n200_roFalse_s0: PNS(V2,V3) exact: (0.1161899999999999, 0.1161899999999999)
2026-02-02 16:30:52,009|INFO|random_mc2_n6_mid3_d1000_05_mr098_r10_80_uai_GDCC_1e-05_n200_roFalse_s0: Loading model from ../models/synthetic/s123/random_mc2_n6_mid3_d1000_05_mr098_r10_80.uai
2026-02-02 16:30:52,029|INFO|random_mc2_n6_mid3_d1000_05_mr098_r10_80_uai_GDCC_1e-05_n200_roFalse_s0: Loading data from ../models/synthetic/s123/random_mc2_n6_mid3_d1000_05_mr098_r10_80.csv
2026-02-02 16:30:53,302|INFO|random_mc2_n6_mid3_d1000_05_mr098_r10_108_uai_GDCC_1e-05_n200_roFalse_s0: Loading model from ../models/synthetic/s123/random_mc2_n6_mid3_d1000_05_mr098_r10_108.uai
2026-02-02 16:30:53,319|INFO|random_mc2_n6_mid3_d1000_05_mr098_r10_108_uai_GDCC_1e-05_n200_roFalse_s0: Loading data from ../models/synthetic/s123/random_mc2_n6_mid3_d1000_05_mr098_r10_108.csv
2026-02-02 16:30:53,442|INFO|random_mc2_n6_mid3_d1000_05_mr098_r10_169_uai_GDCC_1e-05_n200_roTrue_s0: Loading model from ../models/synthetic/s123/random_mc2_n6_mid3_d1000_05_mr098_r10_169.uai
2026-02-02 16:30:53,452|INFO|random_mc2_n6_mid3_d1000_05_mr098_r10_169_uai_GDCC_1e-05_n200_roTrue_s0: Loading data from ../models/synthetic/s123/random_mc2_n6_mid3_d1000_05_mr098_r10_169.csv
2026-02-02 16:30:53,472|INFO|random_mc2_n6_mid3_d1000_05_mr098_r10_169_uai_GDCC_1e-05_n200_roTrue_s0: PNS(V2,V3) exact: (0.0, 0.039991749496806)
2026-02-02 16:30:53,586|INFO|random_mc2_n5_mid3_d1000_05_mr098_r10_189_uai_GDCC_1e-05_n200_roFalse_s0: Loading model from ../models/synthetic/s123/random_mc2_n5_mid3_d1000_05_mr098_r10_189.uai
2026-02-02 16:30:53,615|INFO|random_mc2_n5_mid3_d1000_05_mr098_r10_44_uai_GDCC_1e-05_n200_roFalse_s0: Loading model from ../models/synthetic/s123/random_mc2_n5_mid3_d1000_05_mr098_r10_44.uai
2026-02-02 16:30:53,599|INFO|random_mc2_n5_mid3_d1000_05_mr098_r10_189_uai_GDCC_1e-05_n200_roFalse_s0: Loading data from ../models/synthetic/s123/random_mc2_n5_mid3_d1000_05_mr098_r10_189.csv
2026-02-02 16:30:53,615|INFO|random_mc2_n5_mid3_d1000_05_mr098_r10_189_uai_GDCC_1e-05_n200_roFalse_s0: PNS(V0,V1) exact: (0.0, 0.0)
2026-02-02 16:30:53,633|INFO|random_mc2_n5_mid3_d1000_05_mr098_r10_44_uai_GDCC_1e-05_n200_roFalse_s0: Loading data from ../models/synthetic/s123/random_mc2_n5_mid3_d1000_05_mr098_r10_44.csv
2026-02-02 16:30:53,647|INFO|random_mc2_n5_mid3_d1000_05_mr098_r10_44_uai_GDCC_1e-05_n200_roFalse_s0: PNS(V1,V3) exact: (0.01686, 0.02828)
2026-02-02 16:30:53,857|INFO|random_mc2_n9_mid3_d1000_05_mr098_r10_20_uai_GDCC_1e-05_n200_roFalse_s0: Loading model from ../models/synthetic/s123/random_mc2_n9_mid3_d1000_05_mr098_r10_20.uai
2026-02-02 16:30:53,905|INFO|random_mc2_n9_mid3_d1000_05_mr098_r10_12_uai_GDCC_1e-05_n200_roTrue_s0: Loading model from ../models/synthetic/s123/random_mc2_n9_mid3_d1000_05_mr098_r10_12.uai
2026-02-02 16:30:53,931|INFO|random_mc2_n8_mid3_d1000_05_mr098_r10_190_uai_GDCC_1e-05_n200_roFalse_s0: Loading model from ../models/synthetic/s123/random_mc2_n8_mid3_d1000_05_mr098_r10_190.uai
2026-02-02 16:30:53,924|INFO|random_mc2_n9_mid3_d1000_05_mr098_r10_12_uai_GDCC_1e-05_n200_roTrue_s0: Loading data from ../models/synthetic/s123/random_mc2_n9_mid3_d1000_05_mr098_r10_12.csv
2026-02-02 16:30:53,947|INFO|random_mc2_n9_mid3_d1000_05_mr098_r10_12_uai_GDCC_1e-05_n200_roTrue_s0: PNS(V5,V0) exact: (0.1261695765081492, 0.2521556712400733)
2026-02-02 16:30:53,957|INFO|random_mc2_n8_mid3_d1000_05_mr098_r10_190_uai_GDCC_1e-05_n200_roFalse_s0: Loading data from ../models/synthetic/s123/random_mc2_n8_mid3_d1000_05_mr098_r10_190.csv
2026-02-02 16:30:54,104|INFO|random_mc2_n9_mid3_d1000_05_mr098_r10_20_uai_GDCC_1e-05_n200_roFalse_s0: Loading data from ../models/synthetic/s123/random_mc2_n9_mid3_d1000_05_mr098_r10_20.csv
2026-02-02 16:30:54,109|INFO|random_mc2_n9_mid3_d1000_05_mr098_r10_122_uai_GDCC_1e-05_n200_roFalse_s0: Loading model from ../models/synthetic/s123/random_mc2_n9_mid3_d1000_05_mr098_r10_122.uai
2026-02-02 16:30:54,342|INFO|random_mc2_n5_mid3_d1000_05_mr098_r10_42_uai_GDCC_1e-05_n200_roTrue_s0: Loading model from ../models/synthetic/s123/random_mc2_n5_mid3_d1000_05_mr098_r10_42.uai
2026-02-02 16:30:54,356|INFO|random_mc2_n7_mid3_d1000_05_mr098_r10_139_uai_GDCC_1e-05_n200_roFalse_s0: Loading model from ../models/synthetic/s123/random_mc2_n7_mid3_d1000_05_mr098_r10_139.uai
2026-02-02 16:30:54,362|INFO|random_mc2_n6_mid3_d1000_05_mr098_r10_20_uai_GDCC_1e-05_n200_roTrue_s0: Loading model from ../models/synthetic/s123/random_mc2_n6_mid3_d1000_05_mr098_r10_20.uai
2026-02-02 16:30:54,365|INFO|random_mc2_n9_mid3_d1000_05_mr098_r10_122_uai_GDCC_1e-05_n200_roFalse_s0: Loading data from ../models/synthetic/s123/random_mc2_n9_mid3_d1000_05_mr098_r10_122.csv
2026-02-02 16:30:54,367|INFO|random_mc2_n5_mid3_d1000_05_mr098_r10_42_uai_GDCC_1e-05_n200_roTrue_s0: Loading data from ../models/synthetic/s123/random_mc2_n5_mid3_d1000_05_mr098_r10_42.csv
2026-02-02 16:30:54,370|INFO|random_mc2_n7_mid3_d1000_05_mr098_r10_139_uai_GDCC_1e-05_n200_roFalse_s0: Loading data from ../models/synthetic/s123/random_mc2_n7_mid3_d1000_05_mr098_r10_139.csv
2026-02-02 16:30:54,384|INFO|random_mc2_n7_mid3_d1000_05_mr098_r10_139_uai_GDCC_1e-05_n200_roFalse_s0: PNS(V6,V2) exact: (3.4571033774154675e-05, 0.0010797131415254)
2026-02-02 16:30:54,401|INFO|random_mc2_n7_mid3_d1000_05_mr098_r10_194_uai_GDCC_1e-05_n200_roTrue_s0: Loading model from ../models/synthetic/s123/random_mc2_n7_mid3_d1000_05_mr098_r10_194.uai
2026-02-02 16:30:54,381|INFO|random_mc2_n6_mid3_d1000_05_mr098_r10_20_uai_GDCC_1e-05_n200_roTrue_s0: Loading data from ../models/synthetic/s123/random_mc2_n6_mid3_d1000_05_mr098_r10_20.csv
2026-02-02 16:30:54,421|INFO|random_mc2_n6_mid3_d1000_05_mr098_r10_88_uai_GDCC_1e-05_n200_roFalse_s0: Loading model from ../models/synthetic/s123/random_mc2_n6_mid3_d1000_05_mr098_r10_88.uai
2026-02-02 16:30:54,423|INFO|random_mc2_n5_mid3_d1000_05_mr098_r10_120_uai_GDCC_1e-05_n200_roFalse_s0: Loading model from ../models/synthetic/s123/random_mc2_n5_mid3_d1000_05_mr098_r10_120.uai
2026-02-02 16:30:54,418|INFO|random_mc2_n7_mid3_d1000_05_mr098_r10_194_uai_GDCC_1e-05_n200_roTrue_s0: Loading data from ../models/synthetic/s123/random_mc2_n7_mid3_d1000_05_mr098_r10_194.csv
2026-02-02 16:30:54,439|INFO|random_mc2_n6_mid3_d1000_05_mr098_r10_88_uai_GDCC_1e-05_n200_roFalse_s0: Loading data from ../models/synthetic/s123/random_mc2_n6_mid3_d1000_05_mr098_r10_88.csv
2026-02-02 16:30:54,432|INFO|random_mc2_n5_mid3_d1000_05_mr098_r10_120_uai_GDCC_1e-05_n200_roFalse_s0: Loading data from ../models/synthetic/s123/random_mc2_n5_mid3_d1000_05_mr098_r10_120.csv
2026-02-02 16:30:54,448|INFO|random_mc2_n5_mid3_d1000_05_mr098_r10_120_uai_GDCC_1e-05_n200_roFalse_s0: PNS(V3,V1) exact: (0.39503, 0.60644)
2026-02-02 16:30:54,526|INFO|random_mc2_n9_mid3_d1000_05_mr098_r10_20_uai_GDCC_1e-05_n200_roTrue_s0: Loading model from ../models/synthetic/s123/random_mc2_n9_mid3_d1000_05_mr098_r10_20.uai
2026-02-02 16:30:54,566|INFO|random_mc2_n5_mid3_d1000_05_mr098_r10_63_uai_GDCC_1e-05_n200_roTrue_s0: Loading model from ../models/synthetic/s123/random_mc2_n5_mid3_d1000_05_mr098_r10_63.uai
2026-02-02 16:30:54,590|INFO|random_mc2_n8_mid3_d1000_05_mr098_r10_48_uai_GDCC_1e-05_n200_roFalse_s0: Loading model from ../models/synthetic/s123/random_mc2_n8_mid3_d1000_05_mr098_r10_48.uai
2026-02-02 16:30:54,574|INFO|random_mc2_n5_mid3_d1000_05_mr098_r10_63_uai_GDCC_1e-05_n200_roTrue_s0: Loading data from ../models/synthetic/s123/random_mc2_n5_mid3_d1000_05_mr098_r10_63.csv
2026-02-02 16:30:54,589|INFO|random_mc2_n5_mid3_d1000_05_mr098_r10_63_uai_GDCC_1e-05_n200_roTrue_s0: PNS(V4,V1) exact: (0.0, 0.1702281)
2026-02-02 16:30:54,604|INFO|random_mc2_n8_mid3_d1000_05_mr098_r10_48_uai_GDCC_1e-05_n200_roFalse_s0: Loading data from ../models/synthetic/s123/random_mc2_n8_mid3_d1000_05_mr098_r10_48.csv
2026-02-02 16:30:54,625|INFO|random_mc2_n8_mid3_d1000_05_mr098_r10_48_uai_GDCC_1e-05_n200_roFalse_s0: PNS(V3,V0) exact: (0.1524285448463559, 0.220079197754316)
2026-02-02 16:30:54,653|INFO|random_mc2_n7_mid3_d1000_05_mr098_r10_90_uai_GDCC_1e-05_n200_roTrue_s0: Loading model from ../models/synthetic/s123/random_mc2_n7_mid3_d1000_05_mr098_r10_90.uai
2026-02-02 16:30:54,676|INFO|random_mc2_n7_mid3_d1000_05_mr098_r10_90_uai_GDCC_1e-05_n200_roTrue_s0: Loading data from ../models/synthetic/s123/random_mc2_n7_mid3_d1000_05_mr098_r10_90.csv
2026-02-02 16:30:54,771|INFO|random_mc2_n9_mid3_d1000_05_mr098_r10_20_uai_GDCC_1e-05_n200_roTrue_s0: Loading data from ../models/synthetic/s123/random_mc2_n9_mid3_d1000_05_mr098_r10_20.csv
2026-02-02 16:30:54,787|INFO|random_mc2_n5_mid3_d1000_05_mr098_r10_172_uai_GDCC_1e-05_n200_roFalse_s0: Loading model from ../models/synthetic/s123/random_mc2_n5_mid3_d1000_05_mr098_r10_172.uai
2026-02-02 16:30:54,800|INFO|random_mc2_n5_mid3_d1000_05_mr098_r10_172_uai_GDCC_1e-05_n200_roFalse_s0: Loading data from ../models/synthetic/s123/random_mc2_n5_mid3_d1000_05_mr098_r10_172.csv
2026-02-02 16:30:54,816|INFO|random_mc2_n5_mid3_d1000_05_mr098_r10_172_uai_GDCC_1e-05_n200_roFalse_s0: PNS(V2,V4) exact: (0.3028800000000001, 0.4415600000000001)
2026-02-02 16:30:56,484|INFO|random_mc2_n6_mid3_d1000_05_mr098_r10_91_uai_GDCC_1e-05_n200_roFalse_s0: Loading model from ../models/synthetic/s123/random_mc2_n6_mid3_d1000_05_mr098_r10_91.uai
2026-02-02 16:30:56,556|INFO|random_mc2_n7_mid3_d1000_05_mr098_r10_40_uai_GDCC_1e-05_n200_roFalse_s0: Loading model from ../models/synthetic/s123/random_mc2_n7_mid3_d1000_05_mr098_r10_40.uai
2026-02-02 16:30:56,561|INFO|random_mc2_n6_mid3_d1000_05_mr098_r10_91_uai_GDCC_1e-05_n200_roFalse_s0: Loading data from ../models/synthetic/s123/random_mc2_n6_mid3_d1000_05_mr098_r10_91.csv
2026-02-02 16:30:56,582|INFO|random_mc2_n5_mid3_d1000_05_mr098_r10_86_uai_GDCC_1e-05_n200_roFalse_s0: Loading model from ../models/synthetic/s123/random_mc2_n5_mid3_d1000_05_mr098_r10_86.uai
2026-02-02 16:30:56,586|INFO|random_mc2_n6_mid3_d1000_05_mr098_r10_91_uai_GDCC_1e-05_n200_roFalse_s0: PNS(V0,V4) exact: (0.0014168071017796, 0.103549899791906)
2026-02-02 16:30:56,594|INFO|random_mc2_n6_mid3_d1000_05_mr098_r10_178_uai_GDCC_1e-05_n200_roFalse_s0: Loading model from ../models/synthetic/s123/random_mc2_n6_mid3_d1000_05_mr098_r10_178.uai
2026-02-02 16:30:56,601|INFO|random_mc2_n7_mid3_d1000_05_mr098_r10_40_uai_GDCC_1e-05_n200_roFalse_s0: Loading data from ../models/synthetic/s123/random_mc2_n7_mid3_d1000_05_mr098_r10_40.csv
2026-02-02 16:30:56,597|INFO|random_mc2_n5_mid3_d1000_05_mr098_r10_86_uai_GDCC_1e-05_n200_roFalse_s0: Loading data from ../models/synthetic/s123/random_mc2_n5_mid3_d1000_05_mr098_r10_86.csv
2026-02-02 16:30:56,613|INFO|random_mc2_n5_mid3_d1000_05_mr098_r10_86_uai_GDCC_1e-05_n200_roFalse_s0: PNS(V3,V4) exact: (0.104073125, 0.2262469198)
2026-02-02 16:30:56,624|INFO|random_mc2_n7_mid3_d1000_05_mr098_r10_40_uai_GDCC_1e-05_n200_roFalse_s0: PNS(V2,V4) exact: (0.033682517015198, 0.145976403196258)
2026-02-02 16:30:56,613|INFO|random_mc2_n6_mid3_d1000_05_mr098_r10_178_uai_GDCC_1e-05_n200_roFalse_s0: Loading data from ../models/synthetic/s123/random_mc2_n6_mid3_d1000_05_mr098_r10_178.csv
2026-02-02 16:30:56,633|INFO|random_mc2_n6_mid3_d1000_05_mr098_r10_178_uai_GDCC_1e-05_n200_roFalse_s0: PNS(V3,V5) exact: (0.1134567257784353, 0.3551658025191099)
2026-02-02 16:30:56,728|INFO|random_mc2_n5_mid3_d1000_05_mr098_r10_137_uai_GDCC_1e-05_n200_roFalse_s0: Loading model from ../models/synthetic/s123/random_mc2_n5_mid3_d1000_05_mr098_r10_137.uai
2026-02-02 16:30:56,744|INFO|random_mc2_n6_mid3_d1000_05_mr098_r10_173_uai_GDCC_1e-05_n200_roFalse_s0: Loading model from ../models/synthetic/s123/random_mc2_n6_mid3_d1000_05_mr098_r10_173.uai
2026-02-02 16:30:56,741|INFO|random_mc2_n5_mid3_d1000_05_mr098_r10_137_uai_GDCC_1e-05_n200_roFalse_s0: Loading data from ../models/synthetic/s123/random_mc2_n5_mid3_d1000_05_mr098_r10_137.csv
2026-02-02 16:30:56,758|INFO|random_mc2_n5_mid3_d1000_05_mr098_r10_137_uai_GDCC_1e-05_n200_roFalse_s0: PNS(V4,V3) exact: (0.3143626878, 0.4271408892000001)
2026-02-02 16:30:56,760|INFO|random_mc2_n6_mid3_d1000_05_mr098_r10_173_uai_GDCC_1e-05_n200_roFalse_s0: Loading data from ../models/synthetic/s123/random_mc2_n6_mid3_d1000_05_mr098_r10_173.csv
2026-02-02 16:30:56,778|INFO|random_mc2_n6_mid3_d1000_05_mr098_r10_173_uai_GDCC_1e-05_n200_roFalse_s0: PNS(V0,V1) exact: (0.1087817342113937, 0.3199727789499366)
2026-02-02 16:31:02,027|INFO|random_mc2_n6_mid3_d1000_05_mr098_r10_128_uai_GDCC_1e-05_n200_roTrue_s0: Loading model from ../models/synthetic/s123/random_mc2_n6_mid3_d1000_05_mr098_r10_128.uai
2026-02-02 16:31:02,037|INFO|random_mc2_n6_mid3_d1000_05_mr098_r10_128_uai_GDCC_1e-05_n200_roTrue_s0: Loading data from ../models/synthetic/s123/random_mc2_n6_mid3_d1000_05_mr098_r10_128.csv
2026-02-02 16:31:02,051|INFO|random_mc2_n6_mid3_d1000_05_mr098_r10_128_uai_GDCC_1e-05_n200_roTrue_s0: PNS(V0,V4) exact: (0.38097471340495, 0.457162013037466)
2026-02-02 16:31:04,614|INFO|random_mc2_n6_mid3_d1000_05_mr098_r10_72_uai_GDCC_1e-05_n200_roTrue_s0: Loading model from ../models/synthetic/s123/random_mc2_n6_mid3_d1000_05_mr098_r10_72.uai
2026-02-02 16:31:04,635|INFO|random_mc2_n7_mid3_d1000_05_mr098_r10_61_uai_GDCC_1e-05_n200_roFalse_s0: Loading model from ../models/synthetic/s123/random_mc2_n7_mid3_d1000_05_mr098_r10_61.uai
2026-02-02 16:31:04,650|INFO|random_mc2_n6_mid3_d1000_05_mr098_r10_115_uai_GDCC_1e-05_n200_roTrue_s0: Loading model from ../models/synthetic/s123/random_mc2_n6_mid3_d1000_05_mr098_r10_115.uai
2026-02-02 16:31:04,652|INFO|random_mc2_n5_mid3_d1000_05_mr098_r10_89_uai_GDCC_1e-05_n200_roFalse_s0: Loading model from ../models/synthetic/s123/random_mc2_n5_mid3_d1000_05_mr098_r10_89.uai
2026-02-02 16:31:04,631|INFO|random_mc2_n6_mid3_d1000_05_mr098_r10_72_uai_GDCC_1e-05_n200_roTrue_s0: Loading data from ../models/synthetic/s123/random_mc2_n6_mid3_d1000_05_mr098_r10_72.csv
2026-02-02 16:31:04,667|INFO|random_mc2_n6_mid3_d1000_05_mr098_r10_72_uai_GDCC_1e-05_n200_roTrue_s0: PNS(V1,V5) exact: (0.0139420482, 0.0995220407)
2026-02-02 16:31:04,655|INFO|random_mc2_n7_mid3_d1000_05_mr098_r10_61_uai_GDCC_1e-05_n200_roFalse_s0: Loading data from ../models/synthetic/s123/random_mc2_n7_mid3_d1000_05_mr098_r10_61.csv
2026-02-02 16:31:04,676|INFO|random_mc2_n7_mid3_d1000_05_mr098_r10_163_uai_GDCC_1e-05_n200_roTrue_s0: Loading model from ../models/synthetic/s123/random_mc2_n7_mid3_d1000_05_mr098_r10_163.uai
2026-02-02 16:31:04,680|INFO|random_mc2_n6_mid3_d1000_05_mr098_r10_113_uai_GDCC_1e-05_n200_roTrue_s0: Loading model from ../models/synthetic/s123/random_mc2_n6_mid3_d1000_05_mr098_r10_113.uai
2026-02-02 16:31:04,668|INFO|random_mc2_n6_mid3_d1000_05_mr098_r10_115_uai_GDCC_1e-05_n200_roTrue_s0: Loading data from ../models/synthetic/s123/random_mc2_n6_mid3_d1000_05_mr098_r10_115.csv
2026-02-02 16:31:04,662|INFO|random_mc2_n5_mid3_d1000_05_mr098_r10_89_uai_GDCC_1e-05_n200_roFalse_s0: Loading data from ../models/synthetic/s123/random_mc2_n5_mid3_d1000_05_mr098_r10_89.csv
2026-02-02 16:31:04,679|INFO|random_mc2_n5_mid3_d1000_05_mr098_r10_89_uai_GDCC_1e-05_n200_roFalse_s0: PNS(V1,V3) exact: (0.0, 0.1946041664)
2026-02-02 16:31:04,698|INFO|random_mc2_n7_mid3_d1000_05_mr098_r10_163_uai_GDCC_1e-05_n200_roTrue_s0: Loading data from ../models/synthetic/s123/random_mc2_n7_mid3_d1000_05_mr098_r10_163.csv
2026-02-02 16:31:04,712|INFO|random_mc2_n7_mid3_d1000_05_mr098_r10_163_uai_GDCC_1e-05_n200_roTrue_s0: PNS(V0,V4) exact: (0.043281704345418, 0.2976756657121581)
2026-02-02 16:31:04,697|INFO|random_mc2_n6_mid3_d1000_05_mr098_r10_113_uai_GDCC_1e-05_n200_roTrue_s0: Loading data from ../models/synthetic/s123/random_mc2_n6_mid3_d1000_05_mr098_r10_113.csv
2026-02-02 16:31:04,762|INFO|random_mc2_n6_mid3_d1000_05_mr098_r10_107_uai_GDCC_1e-05_n200_roFalse_s0: Loading model from ../models/synthetic/s123/random_mc2_n6_mid3_d1000_05_mr098_r10_107.uai
2026-02-02 16:31:04,776|INFO|random_mc2_n6_mid3_d1000_05_mr098_r10_107_uai_GDCC_1e-05_n200_roFalse_s0: Loading data from ../models/synthetic/s123/random_mc2_n6_mid3_d1000_05_mr098_r10_107.csv
2026-02-02 16:31:04,789|INFO|random_mc2_n6_mid3_d1000_05_mr098_r10_107_uai_GDCC_1e-05_n200_roFalse_s0: PNS(V2,V4) exact: (0.0692122168437381, 0.3642803790180109)
2026-02-02 16:31:04,923|INFO|random_mc2_n9_mid3_d1000_05_mr098_r10_42_uai_GDCC_1e-05_n200_roTrue_s0: Loading model from ../models/synthetic/s123/random_mc2_n9_mid3_d1000_05_mr098_r10_42.uai
2026-02-02 16:31:04,939|INFO|random_mc2_n9_mid3_d1000_05_mr098_r10_42_uai_GDCC_1e-05_n200_roTrue_s0: Loading data from ../models/synthetic/s123/random_mc2_n9_mid3_d1000_05_mr098_r10_42.csv
2026-02-02 16:31:04,952|INFO|random_mc2_n9_mid3_d1000_05_mr098_r10_42_uai_GDCC_1e-05_n200_roTrue_s0: PNS(V4,V1) exact: (0.0055529329999999, 0.0881529485)
2026-02-02 16:31:04,966|INFO|random_mc2_n9_mid3_d1000_05_mr098_r10_11_uai_GDCC_1e-05_n200_roTrue_s0: Loading model from ../models/synthetic/s123/random_mc2_n9_mid3_d1000_05_mr098_r10_11.uai
2026-02-02 16:31:04,996|INFO|random_mc2_n9_mid3_d1000_05_mr098_r10_11_uai_GDCC_1e-05_n200_roTrue_s0: Loading data from ../models/synthetic/s123/random_mc2_n9_mid3_d1000_05_mr098_r10_11.csv
2026-02-02 16:31:05,396|INFO|random_mc2_n5_mid3_d1000_05_mr098_r10_168_uai_GDCC_1e-05_n200_roTrue_s0: Loading model from ../models/synthetic/s123/random_mc2_n5_mid3_d1000_05_mr098_r10_168.uai
2026-02-02 16:31:05,404|INFO|random_mc2_n5_mid3_d1000_05_mr098_r10_168_uai_GDCC_1e-05_n200_roTrue_s0: Loading data from ../models/synthetic/s123/random_mc2_n5_mid3_d1000_05_mr098_r10_168.csv
2026-02-02 16:31:05,586|INFO|random_mc2_n7_mid3_d1000_05_mr098_r10_54_uai_GDCC_1e-05_n200_roFalse_s0: Loading model from ../models/synthetic/s123/random_mc2_n7_mid3_d1000_05_mr098_r10_54.uai
2026-02-02 16:31:05,611|INFO|random_mc2_n7_mid3_d1000_05_mr098_r10_54_uai_GDCC_1e-05_n200_roFalse_s0: Loading data from ../models/synthetic/s123/random_mc2_n7_mid3_d1000_05_mr098_r10_54.csv
2026-02-02 16:31:08,875|INFO|random_mc2_n5_mid3_d1000_05_mr098_r10_12_uai_GDCC_1e-05_n200_roFalse_s0: Loading model from ../models/synthetic/s123/random_mc2_n5_mid3_d1000_05_mr098_r10_12.uai
2026-02-02 16:31:08,891|INFO|random_mc2_n5_mid3_d1000_05_mr098_r10_12_uai_GDCC_1e-05_n200_roFalse_s0: Loading data from ../models/synthetic/s123/random_mc2_n5_mid3_d1000_05_mr098_r10_12.csv
2026-02-02 16:31:08,917|INFO|random_mc2_n5_mid3_d1000_05_mr098_r10_12_uai_GDCC_1e-05_n200_roFalse_s0: PNS(V4,V2) exact: (0.007306159, 0.014175791)
2026-02-02 16:31:08,980|INFO|random_mc2_n9_mid3_d1000_05_mr098_r10_91_uai_GDCC_1e-05_n200_roFalse_s0: Loading model from ../models/synthetic/s123/random_mc2_n9_mid3_d1000_05_mr098_r10_91.uai
2026-02-02 16:31:08,985|INFO|random_mc2_n6_mid3_d1000_05_mr098_r10_162_uai_GDCC_1e-05_n200_roTrue_s0: Loading model from ../models/synthetic/s123/random_mc2_n6_mid3_d1000_05_mr098_r10_162.uai
2026-02-02 16:31:09,007|INFO|random_mc2_n9_mid3_d1000_05_mr098_r10_91_uai_GDCC_1e-05_n200_roFalse_s0: Loading data from ../models/synthetic/s123/random_mc2_n9_mid3_d1000_05_mr098_r10_91.csv
2026-02-02 16:31:09,009|INFO|random_mc2_n6_mid3_d1000_05_mr098_r10_162_uai_GDCC_1e-05_n200_roTrue_s0: Loading data from ../models/synthetic/s123/random_mc2_n6_mid3_d1000_05_mr098_r10_162.csv
2026-02-02 16:31:09,027|INFO|random_mc2_n9_mid3_d1000_05_mr098_r10_91_uai_GDCC_1e-05_n200_roFalse_s0: PNS(V2,V3) exact: (0.8057637300690249, 0.8686928265038563)
2026-02-02 16:31:09,027|INFO|random_mc2_n6_mid3_d1000_05_mr098_r10_162_uai_GDCC_1e-05_n200_roTrue_s0: PNS(V1,V5) exact: (0.15777013681104, 0.3907870473200001)
2026-02-02 16:31:09,522|INFO|random_mc2_n5_mid3_d1000_05_mr098_r10_23_uai_GDCC_1e-05_n200_roTrue_s0: Loading model from ../models/synthetic/s123/random_mc2_n5_mid3_d1000_05_mr098_r10_23.uai
2026-02-02 16:31:09,549|INFO|random_mc2_n6_mid3_d1000_05_mr098_r10_169_uai_GDCC_1e-05_n200_roFalse_s0: Loading model from ../models/synthetic/s123/random_mc2_n6_mid3_d1000_05_mr098_r10_169.uai
2026-02-02 16:31:09,533|INFO|random_mc2_n5_mid3_d1000_05_mr098_r10_23_uai_GDCC_1e-05_n200_roTrue_s0: Loading data from ../models/synthetic/s123/random_mc2_n5_mid3_d1000_05_mr098_r10_23.csv
2026-02-02 16:31:09,557|INFO|random_mc2_n5_mid3_d1000_05_mr098_r10_23_uai_GDCC_1e-05_n200_roTrue_s0: PNS(V4,V1) exact: (0.0, 0.07268)
2026-02-02 16:31:09,562|INFO|random_mc2_n6_mid3_d1000_05_mr098_r10_169_uai_GDCC_1e-05_n200_roFalse_s0: Loading data from ../models/synthetic/s123/random_mc2_n6_mid3_d1000_05_mr098_r10_169.csv
2026-02-02 16:31:09,581|INFO|random_mc2_n6_mid3_d1000_05_mr098_r10_169_uai_GDCC_1e-05_n200_roFalse_s0: PNS(V2,V3) exact: (0.0, 0.039991749496806)
2026-02-02 16:31:11,968|INFO|random_mc2_n7_mid3_d1000_05_mr098_r10_170_uai_GDCC_1e-05_n200_roTrue_s0: Loading model from ../models/synthetic/s123/random_mc2_n7_mid3_d1000_05_mr098_r10_170.uai
2026-02-02 16:31:11,978|INFO|random_mc2_n5_mid3_d1000_05_mr098_r10_16_uai_GDCC_1e-05_n200_roFalse_s0: Loading model from ../models/synthetic/s123/random_mc2_n5_mid3_d1000_05_mr098_r10_16.uai
2026-02-02 16:31:11,984|INFO|random_mc2_n7_mid3_d1000_05_mr098_r10_170_uai_GDCC_1e-05_n200_roTrue_s0: Loading data from ../models/synthetic/s123/random_mc2_n7_mid3_d1000_05_mr098_r10_170.csv
2026-02-02 16:31:12,002|INFO|random_mc2_n7_mid3_d1000_05_mr098_r10_170_uai_GDCC_1e-05_n200_roTrue_s0: PNS(V1,V3) exact: (0.0061237, 0.1216942)
2026-02-02 16:31:11,986|INFO|random_mc2_n5_mid3_d1000_05_mr098_r10_16_uai_GDCC_1e-05_n200_roFalse_s0: Loading data from ../models/synthetic/s123/random_mc2_n5_mid3_d1000_05_mr098_r10_16.csv
2026-02-02 16:31:12,002|INFO|random_mc2_n5_mid3_d1000_05_mr098_r10_16_uai_GDCC_1e-05_n200_roFalse_s0: PNS(V4,V3) exact: (0.4152505784, 0.4639742588)
2026-02-02 16:31:12,243|INFO|random_mc2_n6_mid3_d1000_05_mr098_r10_168_uai_GDCC_1e-05_n200_roFalse_s0: Loading model from ../models/synthetic/s123/random_mc2_n6_mid3_d1000_05_mr098_r10_168.uai
2026-02-02 16:31:12,269|INFO|random_mc2_n6_mid3_d1000_05_mr098_r10_136_uai_GDCC_1e-05_n200_roFalse_s0: Loading model from ../models/synthetic/s123/random_mc2_n6_mid3_d1000_05_mr098_r10_136.uai
2026-02-02 16:31:12,253|INFO|random_mc2_n6_mid3_d1000_05_mr098_r10_168_uai_GDCC_1e-05_n200_roFalse_s0: Loading data from ../models/synthetic/s123/random_mc2_n6_mid3_d1000_05_mr098_r10_168.csv
2026-02-02 16:31:12,280|INFO|random_mc2_n6_mid3_d1000_05_mr098_r10_136_uai_GDCC_1e-05_n200_roFalse_s0: Loading data from ../models/synthetic/s123/random_mc2_n6_mid3_d1000_05_mr098_r10_136.csv
2026-02-02 16:31:12,362|INFO|random_mc2_n12_mid3_d1000_05_mr098_r10_154_uai_GDCC_1e-05_n200_roTrue_s0: Loading model from ../models/synthetic/s123/random_mc2_n12_mid3_d1000_05_mr098_r10_154.uai
2026-02-02 16:31:12,394|INFO|random_mc2_n12_mid3_d1000_05_mr098_r10_154_uai_GDCC_1e-05_n200_roTrue_s0: Loading data from ../models/synthetic/s123/random_mc2_n12_mid3_d1000_05_mr098_r10_154.csv
2026-02-02 16:31:12,406|INFO|random_mc2_n12_mid3_d1000_05_mr098_r10_154_uai_GDCC_1e-05_n200_roTrue_s0: PNS(V5,V6) exact: (0.0078950452954415, 0.2507379400197757)
2026-02-02 16:31:12,464|INFO|random_mc2_n6_mid3_d1000_05_mr098_r10_103_uai_GDCC_1e-05_n200_roFalse_s0: Loading model from ../models/synthetic/s123/random_mc2_n6_mid3_d1000_05_mr098_r10_103.uai
2026-02-02 16:31:12,476|INFO|random_mc2_n6_mid3_d1000_05_mr098_r10_103_uai_GDCC_1e-05_n200_roFalse_s0: Loading data from ../models/synthetic/s123/random_mc2_n6_mid3_d1000_05_mr098_r10_103.csv
2026-02-02 16:31:13,689|INFO|random_mc2_n5_mid3_d1000_05_mr098_r10_78_uai_GDCC_1e-05_n200_roFalse_s0: Loading model from ../models/synthetic/s123/random_mc2_n5_mid3_d1000_05_mr098_r10_78.uai
2026-02-02 16:31:13,712|INFO|random_mc2_n5_mid3_d1000_05_mr098_r10_71_uai_GDCC_1e-05_n200_roFalse_s0: Loading model from ../models/synthetic/s123/random_mc2_n5_mid3_d1000_05_mr098_r10_71.uai
2026-02-02 16:31:13,698|INFO|random_mc2_n5_mid3_d1000_05_mr098_r10_78_uai_GDCC_1e-05_n200_roFalse_s0: Loading data from ../models/synthetic/s123/random_mc2_n5_mid3_d1000_05_mr098_r10_78.csv
2026-02-02 16:31:13,720|INFO|random_mc2_n5_mid3_d1000_05_mr098_r10_78_uai_GDCC_1e-05_n200_roFalse_s0: PNS(V0,V2) exact: (0.163, 0.163)
2026-02-02 16:31:13,738|INFO|random_mc2_n5_mid3_d1000_05_mr098_r10_192_uai_GDCC_1e-05_n200_roFalse_s0: Loading model from ../models/synthetic/s123/random_mc2_n5_mid3_d1000_05_mr098_r10_192.uai
2026-02-02 16:31:13,723|INFO|random_mc2_n5_mid3_d1000_05_mr098_r10_71_uai_GDCC_1e-05_n200_roFalse_s0: Loading data from ../models/synthetic/s123/random_mc2_n5_mid3_d1000_05_mr098_r10_71.csv
2026-02-02 16:31:13,740|INFO|random_mc2_n5_mid3_d1000_05_mr098_r10_71_uai_GDCC_1e-05_n200_roFalse_s0: PNS(V1,V0) exact: (0.0, 0.0786183533)
2026-02-02 16:31:13,747|INFO|random_mc2_n5_mid3_d1000_05_mr098_r10_192_uai_GDCC_1e-05_n200_roFalse_s0: Loading data from ../models/synthetic/s123/random_mc2_n5_mid3_d1000_05_mr098_r10_192.csv
2026-02-02 16:31:13,763|INFO|random_mc2_n5_mid3_d1000_05_mr098_r10_192_uai_GDCC_1e-05_n200_roFalse_s0: PNS(V0,V2) exact: (0.019158534066672, 0.243463236618182)
2026-02-02 16:31:15,511|INFO|random_mc2_n7_mid3_d1000_05_mr098_r10_131_uai_GDCC_1e-05_n200_roTrue_s0: Loading model from ../models/synthetic/s123/random_mc2_n7_mid3_d1000_05_mr098_r10_131.uai
2026-02-02 16:31:15,544|INFO|random_mc2_n7_mid3_d1000_05_mr098_r10_131_uai_GDCC_1e-05_n200_roTrue_s0: Loading data from ../models/synthetic/s123/random_mc2_n7_mid3_d1000_05_mr098_r10_131.csv
2026-02-02 16:31:15,566|INFO|random_mc2_n7_mid3_d1000_05_mr098_r10_131_uai_GDCC_1e-05_n200_roTrue_s0: PNS(V4,V5) exact: (0.0019772565152803, 0.1646117945558058)
2026-02-02 16:31:17,927|INFO|random_mc2_n7_mid3_d1000_05_mr098_r10_184_uai_GDCC_1e-05_n200_roFalse_s0: Loading model from ../models/synthetic/s123/random_mc2_n7_mid3_d1000_05_mr098_r10_184.uai
2026-02-02 16:31:17,950|INFO|random_mc2_n7_mid3_d1000_05_mr098_r10_184_uai_GDCC_1e-05_n200_roFalse_s0: Loading data from ../models/synthetic/s123/random_mc2_n7_mid3_d1000_05_mr098_r10_184.csv
2026-02-02 16:31:17,973|INFO|random_mc2_n7_mid3_d1000_05_mr098_r10_184_uai_GDCC_1e-05_n200_roFalse_s0: PNS(V0,V3) exact: (0.0039488823224993, 0.0144327631225721)
2026-02-02 16:31:18,123|INFO|random_mc2_n7_mid3_d1000_05_mr098_r10_20_uai_GDCC_1e-05_n200_roTrue_s0: Loading model from ../models/synthetic/s123/random_mc2_n7_mid3_d1000_05_mr098_r10_20.uai
2026-02-02 16:31:18,137|INFO|random_mc2_n7_mid3_d1000_05_mr098_r10_20_uai_GDCC_1e-05_n200_roTrue_s0: Loading data from ../models/synthetic/s123/random_mc2_n7_mid3_d1000_05_mr098_r10_20.csv
2026-02-02 16:31:18,716|INFO|random_mc2_n5_mid3_d1000_05_mr098_r10_39_uai_GDCC_1e-05_n200_roFalse_s0: Loading model from ../models/synthetic/s123/random_mc2_n5_mid3_d1000_05_mr098_r10_39.uai
2026-02-02 16:31:18,727|INFO|random_mc2_n5_mid3_d1000_05_mr098_r10_39_uai_GDCC_1e-05_n200_roFalse_s0: Loading data from ../models/synthetic/s123/random_mc2_n5_mid3_d1000_05_mr098_r10_39.csv
2026-02-02 16:31:18,738|INFO|random_mc2_n5_mid3_d1000_05_mr098_r10_39_uai_GDCC_1e-05_n200_roFalse_s0: PNS(V1,V4) exact: (0.0280539, 0.03752366)
2026-02-02 16:31:18,785|INFO|random_mc2_n7_mid3_d1000_05_mr098_r10_98_uai_GDCC_1e-05_n200_roFalse_s0: Loading model from ../models/synthetic/s123/random_mc2_n7_mid3_d1000_05_mr098_r10_98.uai
2026-02-02 16:31:18,795|INFO|random_mc2_n7_mid3_d1000_05_mr098_r10_98_uai_GDCC_1e-05_n200_roFalse_s0: Loading data from ../models/synthetic/s123/random_mc2_n7_mid3_d1000_05_mr098_r10_98.csv
2026-02-02 16:31:20,143|INFO|random_mc2_n6_mid3_d1000_05_mr098_r10_58_uai_GDCC_1e-05_n200_roFalse_s0: Loading model from ../models/synthetic/s123/random_mc2_n6_mid3_d1000_05_mr098_r10_58.uai
2026-02-02 16:31:20,149|INFO|random_mc2_n6_mid3_d1000_05_mr098_r10_58_uai_GDCC_1e-05_n200_roFalse_s0: Loading data from ../models/synthetic/s123/random_mc2_n6_mid3_d1000_05_mr098_r10_58.csv
2026-02-02 16:31:20,158|INFO|random_mc2_n6_mid3_d1000_05_mr098_r10_58_uai_GDCC_1e-05_n200_roFalse_s0: PNS(V3,V2) exact: (0.0, 0.0)
2026-02-02 16:31:20,158|ERROR|random_mc2_n6_mid3_d1000_05_mr098_r10_58_uai_GDCC_1e-05_n200_roFalse_s0: Model does not have any cause-effect path.
2026-02-02 16:31:20,272|INFO|random_mc2_n6_mid3_d1000_05_mr098_r10_115_uai_GDCC_1e-05_n200_roFalse_s0: Loading model from ../models/synthetic/s123/random_mc2_n6_mid3_d1000_05_mr098_r10_115.uai
2026-02-02 16:31:20,283|INFO|random_mc2_n6_mid3_d1000_05_mr098_r10_184_uai_GDCC_1e-05_n200_roTrue_s0: Loading model from ../models/synthetic/s123/random_mc2_n6_mid3_d1000_05_mr098_r10_184.uai
2026-02-02 16:31:20,297|INFO|random_mc2_n6_mid3_d1000_05_mr098_r10_115_uai_GDCC_1e-05_n200_roFalse_s0: Loading data from ../models/synthetic/s123/random_mc2_n6_mid3_d1000_05_mr098_r10_115.csv
2026-02-02 16:31:20,294|INFO|random_mc2_n6_mid3_d1000_05_mr098_r10_184_uai_GDCC_1e-05_n200_roTrue_s0: Loading data from ../models/synthetic/s123/random_mc2_n6_mid3_d1000_05_mr098_r10_184.csv
2026-02-02 16:31:20,310|INFO|random_mc2_n6_mid3_d1000_05_mr098_r10_184_uai_GDCC_1e-05_n200_roTrue_s0: PNS(V5,V4) exact: (0.0, 0.0008714266998319998)
2026-02-02 16:31:20,347|INFO|random_mc2_n8_mid3_d1000_05_mr098_r10_116_uai_GDCC_1e-05_n200_roTrue_s0: Loading model from ../models/synthetic/s123/random_mc2_n8_mid3_d1000_05_mr098_r10_116.uai
2026-02-02 16:31:20,358|INFO|random_mc2_n6_mid3_d1000_05_mr098_r10_200_uai_GDCC_1e-05_n200_roFalse_s0: Loading model from ../models/synthetic/s123/random_mc2_n6_mid3_d1000_05_mr098_r10_200.uai
2026-02-02 16:31:20,376|INFO|random_mc2_n8_mid3_d1000_05_mr098_r10_116_uai_GDCC_1e-05_n200_roTrue_s0: Loading data from ../models/synthetic/s123/random_mc2_n8_mid3_d1000_05_mr098_r10_116.csv
2026-02-02 16:31:20,400|INFO|random_mc2_n6_mid3_d1000_05_mr098_r10_200_uai_GDCC_1e-05_n200_roFalse_s0: Loading data from ../models/synthetic/s123/random_mc2_n6_mid3_d1000_05_mr098_r10_200.csv
2026-02-02 16:31:21,073|INFO|random_mc2_n9_mid3_d1000_05_mr098_r10_126_uai_GDCC_1e-05_n200_roTrue_s0: Loading model from ../models/synthetic/s123/random_mc2_n9_mid3_d1000_05_mr098_r10_126.uai
2026-02-02 16:31:21,100|INFO|random_mc2_n9_mid3_d1000_05_mr098_r10_126_uai_GDCC_1e-05_n200_roTrue_s0: Loading data from ../models/synthetic/s123/random_mc2_n9_mid3_d1000_05_mr098_r10_126.csv
2026-02-02 16:31:21,163|INFO|random_mc2_n5_mid3_d1000_05_mr098_r10_81_uai_GDCC_1e-05_n200_roTrue_s0: Loading model from ../models/synthetic/s123/random_mc2_n5_mid3_d1000_05_mr098_r10_81.uai
2026-02-02 16:31:21,193|INFO|random_mc2_n6_mid3_d1000_05_mr098_r10_81_uai_GDCC_1e-05_n200_roFalse_s0: Loading model from ../models/synthetic/s123/random_mc2_n6_mid3_d1000_05_mr098_r10_81.uai
2026-02-02 16:31:21,179|INFO|random_mc2_n5_mid3_d1000_05_mr098_r10_81_uai_GDCC_1e-05_n200_roTrue_s0: Loading data from ../models/synthetic/s123/random_mc2_n5_mid3_d1000_05_mr098_r10_81.csv
2026-02-02 16:31:21,211|INFO|random_mc2_n6_mid3_d1000_05_mr098_r10_81_uai_GDCC_1e-05_n200_roFalse_s0: Loading data from ../models/synthetic/s123/random_mc2_n6_mid3_d1000_05_mr098_r10_81.csv
2026-02-02 16:31:21,224|INFO|random_mc2_n6_mid3_d1000_05_mr098_r10_81_uai_GDCC_1e-05_n200_roFalse_s0: PNS(V0,V1) exact: (0.3372099000000001, 0.3372099000000001)
2026-02-02 16:31:23,067|INFO|random_mc2_n5_mid3_d1000_05_mr098_r10_90_uai_GDCC_1e-05_n200_roTrue_s0: Loading model from ../models/synthetic/s123/random_mc2_n5_mid3_d1000_05_mr098_r10_90.uai
2026-02-02 16:31:23,101|INFO|random_mc2_n8_mid3_d1000_05_mr098_r10_29_uai_GDCC_1e-05_n200_roTrue_s0: Loading model from ../models/synthetic/s123/random_mc2_n8_mid3_d1000_05_mr098_r10_29.uai
2026-02-02 16:31:23,086|INFO|random_mc2_n5_mid3_d1000_05_mr098_r10_90_uai_GDCC_1e-05_n200_roTrue_s0: Loading data from ../models/synthetic/s123/random_mc2_n5_mid3_d1000_05_mr098_r10_90.csv
2026-02-02 16:31:23,102|INFO|random_mc2_n5_mid3_d1000_05_mr098_r10_90_uai_GDCC_1e-05_n200_roTrue_s0: PNS(V2,V3) exact: (0.70713, 0.8487600000000001)
2026-02-02 16:31:23,110|INFO|random_mc2_n5_mid3_d1000_05_mr098_r10_31_uai_GDCC_1e-05_n200_roTrue_s0: Loading model from ../models/synthetic/s123/random_mc2_n5_mid3_d1000_05_mr098_r10_31.uai
2026-02-02 16:31:23,118|INFO|random_mc2_n8_mid3_d1000_05_mr098_r10_29_uai_GDCC_1e-05_n200_roTrue_s0: Loading data from ../models/synthetic/s123/random_mc2_n8_mid3_d1000_05_mr098_r10_29.csv
2026-02-02 16:31:23,121|INFO|random_mc2_n5_mid3_d1000_05_mr098_r10_31_uai_GDCC_1e-05_n200_roTrue_s0: Loading data from ../models/synthetic/s123/random_mc2_n5_mid3_d1000_05_mr098_r10_31.csv
2026-02-02 16:31:23,136|INFO|random_mc2_n5_mid3_d1000_05_mr098_r10_31_uai_GDCC_1e-05_n200_roTrue_s0: PNS(V1,V2) exact: (0.0035429652, 0.2563315488)
2026-02-02 16:31:23,930|INFO|random_mc2_n6_mid3_d1000_05_mr098_r10_163_uai_GDCC_1e-05_n200_roTrue_s0: Loading model from ../models/synthetic/s123/random_mc2_n6_mid3_d1000_05_mr098_r10_163.uai
2026-02-02 16:31:23,949|INFO|random_mc2_n6_mid3_d1000_05_mr098_r10_163_uai_GDCC_1e-05_n200_roTrue_s0: Loading data from ../models/synthetic/s123/random_mc2_n6_mid3_d1000_05_mr098_r10_163.csv
2026-02-02 16:31:24,084|INFO|random_mc2_n9_mid3_d1000_05_mr098_r10_168_uai_GDCC_1e-05_n200_roTrue_s0: Loading model from ../models/synthetic/s123/random_mc2_n9_mid3_d1000_05_mr098_r10_168.uai
2026-02-02 16:31:24,087|INFO|random_mc2_n6_mid3_d1000_05_mr098_r10_154_uai_GDCC_1e-05_n200_roTrue_s0: Loading model from ../models/synthetic/s123/random_mc2_n6_mid3_d1000_05_mr098_r10_154.uai
2026-02-02 16:31:24,090|INFO|random_mc2_n7_mid3_d1000_05_mr098_r10_2_uai_GDCC_1e-05_n200_roTrue_s0: Loading model from ../models/synthetic/s123/random_mc2_n7_mid3_d1000_05_mr098_r10_2.uai
2026-02-02 16:31:24,125|INFO|random_mc2_n9_mid3_d1000_05_mr098_r10_168_uai_GDCC_1e-05_n200_roTrue_s0: Loading data from ../models/synthetic/s123/random_mc2_n9_mid3_d1000_05_mr098_r10_168.csv
2026-02-02 16:31:24,104|INFO|random_mc2_n6_mid3_d1000_05_mr098_r10_154_uai_GDCC_1e-05_n200_roTrue_s0: Loading data from ../models/synthetic/s123/random_mc2_n6_mid3_d1000_05_mr098_r10_154.csv
2026-02-02 16:31:24,108|INFO|random_mc2_n7_mid3_d1000_05_mr098_r10_2_uai_GDCC_1e-05_n200_roTrue_s0: Loading data from ../models/synthetic/s123/random_mc2_n7_mid3_d1000_05_mr098_r10_2.csv
2026-02-02 16:31:24,122|INFO|random_mc2_n7_mid3_d1000_05_mr098_r10_2_uai_GDCC_1e-05_n200_roTrue_s0: PNS(V6,V5) exact: (0.17496630889, 0.198271938213)
2026-02-02 16:31:24,324|INFO|random_mc2_n9_mid3_d1000_05_mr098_r10_132_uai_GDCC_1e-05_n200_roTrue_s0: Loading model from ../models/synthetic/s123/random_mc2_n9_mid3_d1000_05_mr098_r10_132.uai
2026-02-02 16:31:24,342|INFO|random_mc2_n5_mid3_d1000_05_mr098_r10_34_uai_GDCC_1e-05_n200_roTrue_s0: Loading model from ../models/synthetic/s123/random_mc2_n5_mid3_d1000_05_mr098_r10_34.uai
2026-02-02 16:31:24,357|INFO|random_mc2_n9_mid3_d1000_05_mr098_r10_141_uai_GDCC_1e-05_n200_roTrue_s0: Loading model from ../models/synthetic/s123/random_mc2_n9_mid3_d1000_05_mr098_r10_141.uai
2026-02-02 16:31:24,351|INFO|random_mc2_n5_mid3_d1000_05_mr098_r10_34_uai_GDCC_1e-05_n200_roTrue_s0: Loading data from ../models/synthetic/s123/random_mc2_n5_mid3_d1000_05_mr098_r10_34.csv
2026-02-02 16:31:24,364|INFO|random_mc2_n5_mid3_d1000_05_mr098_r10_34_uai_GDCC_1e-05_n200_roTrue_s0: PNS(V0,V3) exact: (0.41137714, 0.41137714)
2026-02-02 16:31:24,372|INFO|random_mc2_n9_mid3_d1000_05_mr098_r10_141_uai_GDCC_1e-05_n200_roTrue_s0: Loading data from ../models/synthetic/s123/random_mc2_n9_mid3_d1000_05_mr098_r10_141.csv
2026-02-02 16:31:24,443|INFO|random_mc2_n6_mid3_d1000_05_mr098_r10_2_uai_GDCC_1e-05_n200_roFalse_s0: Loading model from ../models/synthetic/s123/random_mc2_n6_mid3_d1000_05_mr098_r10_2.uai
2026-02-02 16:31:24,476|INFO|random_mc2_n5_mid3_d1000_05_mr098_r10_59_uai_GDCC_1e-05_n200_roFalse_s0: Loading model from ../models/synthetic/s123/random_mc2_n5_mid3_d1000_05_mr098_r10_59.uai
2026-02-02 16:31:24,459|INFO|random_mc2_n6_mid3_d1000_05_mr098_r10_2_uai_GDCC_1e-05_n200_roFalse_s0: Loading data from ../models/synthetic/s123/random_mc2_n6_mid3_d1000_05_mr098_r10_2.csv
2026-02-02 16:31:24,481|INFO|random_mc2_n5_mid3_d1000_05_mr098_r10_59_uai_GDCC_1e-05_n200_roFalse_s0: Loading data from ../models/synthetic/s123/random_mc2_n5_mid3_d1000_05_mr098_r10_59.csv
2026-02-02 16:31:24,493|INFO|random_mc2_n5_mid3_d1000_05_mr098_r10_59_uai_GDCC_1e-05_n200_roFalse_s0: PNS(V2,V4) exact: (0.0, 0.0673840516)
2026-02-02 16:31:24,547|INFO|random_mc2_n9_mid3_d1000_05_mr098_r10_132_uai_GDCC_1e-05_n200_roTrue_s0: Loading data from ../models/synthetic/s123/random_mc2_n9_mid3_d1000_05_mr098_r10_132.csv
2026-02-02 16:31:24,627|INFO|random_mc2_n5_mid3_d1000_05_mr098_r10_169_uai_GDCC_1e-05_n200_roFalse_s0: Loading model from ../models/synthetic/s123/random_mc2_n5_mid3_d1000_05_mr098_r10_169.uai
2026-02-02 16:31:24,660|INFO|random_mc2_n5_mid3_d1000_05_mr098_r10_141_uai_GDCC_1e-05_n200_roFalse_s0: Loading model from ../models/synthetic/s123/random_mc2_n5_mid3_d1000_05_mr098_r10_141.uai
2026-02-02 16:31:24,634|INFO|random_mc2_n5_mid3_d1000_05_mr098_r10_169_uai_GDCC_1e-05_n200_roFalse_s0: Loading data from ../models/synthetic/s123/random_mc2_n5_mid3_d1000_05_mr098_r10_169.csv
2026-02-02 16:31:24,649|INFO|random_mc2_n5_mid3_d1000_05_mr098_r10_169_uai_GDCC_1e-05_n200_roFalse_s0: PNS(V0,V3) exact: (0.16386, 0.49872)
2026-02-02 16:31:24,671|INFO|random_mc2_n5_mid3_d1000_05_mr098_r10_141_uai_GDCC_1e-05_n200_roFalse_s0: Loading data from ../models/synthetic/s123/random_mc2_n5_mid3_d1000_05_mr098_r10_141.csv
2026-02-02 16:31:24,687|INFO|random_mc2_n5_mid3_d1000_05_mr098_r10_141_uai_GDCC_1e-05_n200_roFalse_s0: PNS(V1,V4) exact: (0.0017244544, 0.2307695208999999)
2026-02-02 16:31:28,211|INFO|random_mc2_n6_mid3_d1000_05_mr098_r10_180_uai_GDCC_1e-05_n200_roFalse_s0: Loading model from ../models/synthetic/s123/random_mc2_n6_mid3_d1000_05_mr098_r10_180.uai
2026-02-02 16:31:28,223|INFO|random_mc2_n6_mid3_d1000_05_mr098_r10_180_uai_GDCC_1e-05_n200_roFalse_s0: Loading data from ../models/synthetic/s123/random_mc2_n6_mid3_d1000_05_mr098_r10_180.csv
2026-02-02 16:31:32,374|INFO|random_mc2_n6_mid3_d1000_05_mr098_r10_125_uai_GDCC_1e-05_n200_roFalse_s0: Loading model from ../models/synthetic/s123/random_mc2_n6_mid3_d1000_05_mr098_r10_125.uai
2026-02-02 16:31:32,377|INFO|random_mc2_n8_mid3_d1000_05_mr098_r10_152_uai_GDCC_1e-05_n200_roTrue_s0: Loading model from ../models/synthetic/s123/random_mc2_n8_mid3_d1000_05_mr098_r10_152.uai
2026-02-02 16:31:32,387|INFO|random_mc2_n7_mid3_d1000_05_mr098_r10_5_uai_GDCC_1e-05_n200_roFalse_s0: Loading model from ../models/synthetic/s123/random_mc2_n7_mid3_d1000_05_mr098_r10_5.uai
2026-02-02 16:31:32,388|INFO|random_mc2_n6_mid3_d1000_05_mr098_r10_125_uai_GDCC_1e-05_n200_roFalse_s0: Loading data from ../models/synthetic/s123/random_mc2_n6_mid3_d1000_05_mr098_r10_125.csv
2026-02-02 16:31:32,391|INFO|random_mc2_n8_mid3_d1000_05_mr098_r10_152_uai_GDCC_1e-05_n200_roTrue_s0: Loading data from ../models/synthetic/s123/random_mc2_n8_mid3_d1000_05_mr098_r10_152.csv
2026-02-02 16:31:32,402|INFO|random_mc2_n7_mid3_d1000_05_mr098_r10_5_uai_GDCC_1e-05_n200_roFalse_s0: Loading data from ../models/synthetic/s123/random_mc2_n7_mid3_d1000_05_mr098_r10_5.csv
2026-02-02 16:31:32,481|INFO|random_mc2_n5_mid3_d1000_05_mr098_r10_157_uai_GDCC_1e-05_n200_roFalse_s0: Loading model from ../models/synthetic/s123/random_mc2_n5_mid3_d1000_05_mr098_r10_157.uai
2026-02-02 16:31:32,515|INFO|random_mc2_n6_mid3_d1000_05_mr098_r10_96_uai_GDCC_1e-05_n200_roFalse_s0: Loading model from ../models/synthetic/s123/random_mc2_n6_mid3_d1000_05_mr098_r10_96.uai
2026-02-02 16:31:32,489|INFO|random_mc2_n5_mid3_d1000_05_mr098_r10_157_uai_GDCC_1e-05_n200_roFalse_s0: Loading data from ../models/synthetic/s123/random_mc2_n5_mid3_d1000_05_mr098_r10_157.csv
2026-02-02 16:31:32,542|INFO|random_mc2_n5_mid3_d1000_05_mr098_r10_190_uai_GDCC_1e-05_n200_roFalse_s0: Loading model from ../models/synthetic/s123/random_mc2_n5_mid3_d1000_05_mr098_r10_190.uai
2026-02-02 16:31:32,548|INFO|random_mc2_n5_mid3_d1000_05_mr098_r10_190_uai_GDCC_1e-05_n200_roTrue_s0: Loading model from ../models/synthetic/s123/random_mc2_n5_mid3_d1000_05_mr098_r10_190.uai
2026-02-02 16:31:32,554|INFO|random_mc2_n6_mid3_d1000_05_mr098_r10_82_uai_GDCC_1e-05_n200_roFalse_s0: Loading model from ../models/synthetic/s123/random_mc2_n6_mid3_d1000_05_mr098_r10_82.uai
2026-02-02 16:31:32,523|INFO|random_mc2_n6_mid3_d1000_05_mr098_r10_96_uai_GDCC_1e-05_n200_roFalse_s0: Loading data from ../models/synthetic/s123/random_mc2_n6_mid3_d1000_05_mr098_r10_96.csv
2026-02-02 16:31:32,533|INFO|random_mc2_n6_mid3_d1000_05_mr098_r10_96_uai_GDCC_1e-05_n200_roFalse_s0: PNS(V4,V3) exact: (0.55047, 0.55047)
2026-02-02 16:31:32,566|INFO|random_mc2_n6_mid3_d1000_05_mr098_r10_194_uai_GDCC_1e-05_n200_roFalse_s0: Loading model from ../models/synthetic/s123/random_mc2_n6_mid3_d1000_05_mr098_r10_194.uai
2026-02-02 16:31:32,548|INFO|random_mc2_n5_mid3_d1000_05_mr098_r10_190_uai_GDCC_1e-05_n200_roFalse_s0: Loading data from ../models/synthetic/s123/random_mc2_n5_mid3_d1000_05_mr098_r10_190.csv
2026-02-02 16:31:32,559|INFO|random_mc2_n5_mid3_d1000_05_mr098_r10_190_uai_GDCC_1e-05_n200_roFalse_s0: PNS(V1,V2) exact: (1.5659726400000003e-05, 0.144498480129584)
2026-02-02 16:31:32,554|INFO|random_mc2_n5_mid3_d1000_05_mr098_r10_190_uai_GDCC_1e-05_n200_roTrue_s0: Loading data from ../models/synthetic/s123/random_mc2_n5_mid3_d1000_05_mr098_r10_190.csv
2026-02-02 16:31:32,563|INFO|random_mc2_n5_mid3_d1000_05_mr098_r10_190_uai_GDCC_1e-05_n200_roTrue_s0: PNS(V1,V2) exact: (1.5659726400000003e-05, 0.144498480129584)
2026-02-02 16:31:32,566|INFO|random_mc2_n6_mid3_d1000_05_mr098_r10_82_uai_GDCC_1e-05_n200_roFalse_s0: Loading data from ../models/synthetic/s123/random_mc2_n6_mid3_d1000_05_mr098_r10_82.csv
2026-02-02 16:31:32,582|INFO|random_mc2_n6_mid3_d1000_05_mr098_r10_194_uai_GDCC_1e-05_n200_roFalse_s0: Loading data from ../models/synthetic/s123/random_mc2_n6_mid3_d1000_05_mr098_r10_194.csv
2026-02-02 16:31:32,651|INFO|random_mc2_n5_mid3_d1000_05_mr098_r10_19_uai_GDCC_1e-05_n200_roTrue_s0: Loading model from ../models/synthetic/s123/random_mc2_n5_mid3_d1000_05_mr098_r10_19.uai
2026-02-02 16:31:32,656|INFO|random_mc2_n6_mid3_d1000_05_mr098_r10_82_uai_GDCC_1e-05_n200_roTrue_s0: Loading model from ../models/synthetic/s123/random_mc2_n6_mid3_d1000_05_mr098_r10_82.uai
2026-02-02 16:31:32,668|INFO|random_mc2_n5_mid3_d1000_05_mr098_r10_198_uai_GDCC_1e-05_n200_roTrue_s0: Loading model from ../models/synthetic/s123/random_mc2_n5_mid3_d1000_05_mr098_r10_198.uai
2026-02-02 16:31:32,656|INFO|random_mc2_n5_mid3_d1000_05_mr098_r10_19_uai_GDCC_1e-05_n200_roTrue_s0: Loading data from ../models/synthetic/s123/random_mc2_n5_mid3_d1000_05_mr098_r10_19.csv
2026-02-02 16:31:32,665|INFO|random_mc2_n5_mid3_d1000_05_mr098_r10_19_uai_GDCC_1e-05_n200_roTrue_s0: PNS(V0,V4) exact: (0.23991, 0.53735)
2026-02-02 16:31:32,668|INFO|random_mc2_n6_mid3_d1000_05_mr098_r10_82_uai_GDCC_1e-05_n200_roTrue_s0: Loading data from ../models/synthetic/s123/random_mc2_n6_mid3_d1000_05_mr098_r10_82.csv
2026-02-02 16:31:32,701|INFO|random_mc2_n7_mid3_d1000_05_mr098_r10_196_uai_GDCC_1e-05_n200_roTrue_s0: Loading model from ../models/synthetic/s123/random_mc2_n7_mid3_d1000_05_mr098_r10_196.uai
2026-02-02 16:31:32,674|INFO|random_mc2_n5_mid3_d1000_05_mr098_r10_198_uai_GDCC_1e-05_n200_roTrue_s0: Loading data from ../models/synthetic/s123/random_mc2_n5_mid3_d1000_05_mr098_r10_198.csv
2026-02-02 16:31:32,683|INFO|random_mc2_n5_mid3_d1000_05_mr098_r10_198_uai_GDCC_1e-05_n200_roTrue_s0: PNS(V1,V2) exact: (0.0023041834999999, 0.0397455824)
2026-02-02 16:31:32,756|INFO|random_mc2_n5_mid3_d1000_05_mr098_r10_63_uai_GDCC_1e-05_n200_roFalse_s0: Loading model from ../models/synthetic/s123/random_mc2_n5_mid3_d1000_05_mr098_r10_63.uai
2026-02-02 16:31:32,778|INFO|random_mc2_n7_mid3_d1000_05_mr098_r10_68_uai_GDCC_1e-05_n200_roTrue_s0: Loading model from ../models/synthetic/s123/random_mc2_n7_mid3_d1000_05_mr098_r10_68.uai
2026-02-02 16:31:32,761|INFO|random_mc2_n5_mid3_d1000_05_mr098_r10_63_uai_GDCC_1e-05_n200_roFalse_s0: Loading data from ../models/synthetic/s123/random_mc2_n5_mid3_d1000_05_mr098_r10_63.csv
2026-02-02 16:31:32,772|INFO|random_mc2_n5_mid3_d1000_05_mr098_r10_63_uai_GDCC_1e-05_n200_roFalse_s0: PNS(V4,V1) exact: (0.0, 0.1702281)
2026-02-02 16:31:32,797|INFO|random_mc2_n7_mid3_d1000_05_mr098_r10_196_uai_GDCC_1e-05_n200_roTrue_s0: Loading data from ../models/synthetic/s123/random_mc2_n7_mid3_d1000_05_mr098_r10_196.csv
2026-02-02 16:31:32,860|INFO|random_mc2_n7_mid3_d1000_05_mr098_r10_68_uai_GDCC_1e-05_n200_roTrue_s0: Loading data from ../models/synthetic/s123/random_mc2_n7_mid3_d1000_05_mr098_r10_68.csv
2026-02-02 16:31:33,446|INFO|random_mc2_n5_mid3_d1000_05_mr098_r10_162_uai_GDCC_1e-05_n200_roFalse_s0: Loading model from ../models/synthetic/s123/random_mc2_n5_mid3_d1000_05_mr098_r10_162.uai
2026-02-02 16:31:33,462|INFO|random_mc2_n5_mid3_d1000_05_mr098_r10_162_uai_GDCC_1e-05_n200_roFalse_s0: Loading data from ../models/synthetic/s123/random_mc2_n5_mid3_d1000_05_mr098_r10_162.csv
2026-02-02 16:31:33,480|INFO|random_mc2_n5_mid3_d1000_05_mr098_r10_162_uai_GDCC_1e-05_n200_roFalse_s0: PNS(V3,V1) exact: (0.02702942159625, 0.05577743562975)
2026-02-02 16:31:36,006|INFO|random_mc2_n7_mid3_d1000_05_mr098_r10_34_uai_GDCC_1e-05_n200_roFalse_s0: Loading model from ../models/synthetic/s123/random_mc2_n7_mid3_d1000_05_mr098_r10_34.uai
2026-02-02 16:31:36,017|INFO|random_mc2_n7_mid3_d1000_05_mr098_r10_34_uai_GDCC_1e-05_n200_roFalse_s0: Loading data from ../models/synthetic/s123/random_mc2_n7_mid3_d1000_05_mr098_r10_34.csv
2026-02-02 16:31:36,028|INFO|random_mc2_n7_mid3_d1000_05_mr098_r10_34_uai_GDCC_1e-05_n200_roFalse_s0: PNS(V2,V1) exact: (0.0696133230233768, 0.2443864534772551)
2026-02-02 16:31:36,763|INFO|random_mc2_n7_mid3_d1000_05_mr098_r10_120_uai_GDCC_1e-05_n200_roFalse_s0: Loading model from ../models/synthetic/s123/random_mc2_n7_mid3_d1000_05_mr098_r10_120.uai
2026-02-02 16:31:36,772|INFO|random_mc2_n7_mid3_d1000_05_mr098_r10_120_uai_GDCC_1e-05_n200_roFalse_s0: Loading data from ../models/synthetic/s123/random_mc2_n7_mid3_d1000_05_mr098_r10_120.csv
2026-02-02 16:31:36,788|INFO|random_mc2_n7_mid3_d1000_05_mr098_r10_120_uai_GDCC_1e-05_n200_roFalse_s0: PNS(V4,V0) exact: (0.0, 0.2777528032372082)
2026-02-02 16:31:36,812|INFO|random_mc2_n6_mid3_d1000_05_mr098_r10_89_uai_GDCC_1e-05_n200_roFalse_s0: Loading model from ../models/synthetic/s123/random_mc2_n6_mid3_d1000_05_mr098_r10_89.uai
2026-02-02 16:31:36,817|INFO|random_mc2_n5_mid3_d1000_05_mr098_r10_82_uai_GDCC_1e-05_n200_roTrue_s0: Loading model from ../models/synthetic/s123/random_mc2_n5_mid3_d1000_05_mr098_r10_82.uai
2026-02-02 16:31:36,846|INFO|random_mc2_n8_mid3_d1000_05_mr098_r10_13_uai_GDCC_1e-05_n200_roTrue_s0: Loading model from ../models/synthetic/s123/random_mc2_n8_mid3_d1000_05_mr098_r10_13.uai
2026-02-02 16:31:36,822|INFO|random_mc2_n6_mid3_d1000_05_mr098_r10_89_uai_GDCC_1e-05_n200_roFalse_s0: Loading data from ../models/synthetic/s123/random_mc2_n6_mid3_d1000_05_mr098_r10_89.csv
2026-02-02 16:31:36,827|INFO|random_mc2_n5_mid3_d1000_05_mr098_r10_82_uai_GDCC_1e-05_n200_roTrue_s0: Loading data from ../models/synthetic/s123/random_mc2_n5_mid3_d1000_05_mr098_r10_82.csv
2026-02-02 16:31:36,858|INFO|random_mc2_n8_mid3_d1000_05_mr098_r10_13_uai_GDCC_1e-05_n200_roTrue_s0: Loading data from ../models/synthetic/s123/random_mc2_n8_mid3_d1000_05_mr098_r10_13.csv
2026-02-02 16:31:36,972|INFO|random_mc2_n6_mid3_d1000_05_mr098_r10_12_uai_GDCC_1e-05_n200_roTrue_s0: Loading model from ../models/synthetic/s123/random_mc2_n6_mid3_d1000_05_mr098_r10_12.uai
2026-02-02 16:31:37,009|INFO|random_mc2_n5_mid3_d1000_05_mr098_r10_27_uai_GDCC_1e-05_n200_roTrue_s0: Loading model from ../models/synthetic/s123/random_mc2_n5_mid3_d1000_05_mr098_r10_27.uai
2026-02-02 16:31:36,987|INFO|random_mc2_n6_mid3_d1000_05_mr098_r10_12_uai_GDCC_1e-05_n200_roTrue_s0: Loading data from ../models/synthetic/s123/random_mc2_n6_mid3_d1000_05_mr098_r10_12.csv
2026-02-02 16:31:37,020|INFO|random_mc2_n5_mid3_d1000_05_mr098_r10_27_uai_GDCC_1e-05_n200_roTrue_s0: Loading data from ../models/synthetic/s123/random_mc2_n5_mid3_d1000_05_mr098_r10_27.csv
2026-02-02 16:31:37,036|INFO|random_mc2_n5_mid3_d1000_05_mr098_r10_27_uai_GDCC_1e-05_n200_roTrue_s0: PNS(V4,V3) exact: (0.072092966, 0.40936737)
2026-02-02 16:31:37,176|INFO|random_mc2_n6_mid3_d1000_05_mr098_r10_153_uai_GDCC_1e-05_n200_roTrue_s0: Loading model from ../models/synthetic/s123/random_mc2_n6_mid3_d1000_05_mr098_r10_153.uai
2026-02-02 16:31:37,189|INFO|random_mc2_n6_mid3_d1000_05_mr098_r10_153_uai_GDCC_1e-05_n200_roTrue_s0: Loading data from ../models/synthetic/s123/random_mc2_n6_mid3_d1000_05_mr098_r10_153.csv
2026-02-02 16:31:37,550|INFO|random_mc2_n5_mid3_d1000_05_mr098_r10_60_uai_GDCC_1e-05_n200_roTrue_s0: Loading model from ../models/synthetic/s123/random_mc2_n5_mid3_d1000_05_mr098_r10_60.uai
2026-02-02 16:31:37,563|INFO|random_mc2_n5_mid3_d1000_05_mr098_r10_60_uai_GDCC_1e-05_n200_roTrue_s0: Loading data from ../models/synthetic/s123/random_mc2_n5_mid3_d1000_05_mr098_r10_60.csv
2026-02-02 16:31:37,843|INFO|random_mc2_n8_mid3_d1000_05_mr098_r10_153_uai_GDCC_1e-05_n200_roFalse_s0: Loading model from ../models/synthetic/s123/random_mc2_n8_mid3_d1000_05_mr098_r10_153.uai
2026-02-02 16:31:37,873|INFO|random_mc2_n8_mid3_d1000_05_mr098_r10_153_uai_GDCC_1e-05_n200_roFalse_s0: Loading data from ../models/synthetic/s123/random_mc2_n8_mid3_d1000_05_mr098_r10_153.csv
2026-02-02 16:31:40,382|INFO|random_mc2_n7_mid3_d1000_05_mr098_r10_195_uai_GDCC_1e-05_n200_roTrue_s0: Loading model from ../models/synthetic/s123/random_mc2_n7_mid3_d1000_05_mr098_r10_195.uai
2026-02-02 16:31:40,396|INFO|random_mc2_n6_mid3_d1000_05_mr098_r10_95_uai_GDCC_1e-05_n200_roTrue_s0: Loading model from ../models/synthetic/s123/random_mc2_n6_mid3_d1000_05_mr098_r10_95.uai
2026-02-02 16:31:40,403|INFO|random_mc2_n7_mid3_d1000_05_mr098_r10_195_uai_GDCC_1e-05_n200_roTrue_s0: Loading data from ../models/synthetic/s123/random_mc2_n7_mid3_d1000_05_mr098_r10_195.csv
2026-02-02 16:31:40,410|INFO|random_mc2_n6_mid3_d1000_05_mr098_r10_95_uai_GDCC_1e-05_n200_roTrue_s0: Loading data from ../models/synthetic/s123/random_mc2_n6_mid3_d1000_05_mr098_r10_95.csv
2026-02-02 16:31:40,423|INFO|random_mc2_n6_mid3_d1000_05_mr098_r10_95_uai_GDCC_1e-05_n200_roTrue_s0: PNS(V0,V3) exact: (0.0125035191999999, 0.0125035191999999)
2026-02-02 16:31:41,041|INFO|random_mc2_n5_mid3_d1000_05_mr098_r10_127_uai_GDCC_1e-05_n200_roTrue_s0: Loading model from ../models/synthetic/s123/random_mc2_n5_mid3_d1000_05_mr098_r10_127.uai
2026-02-02 16:31:41,068|INFO|random_mc2_n5_mid3_d1000_05_mr098_r10_127_uai_GDCC_1e-05_n200_roTrue_s0: Loading data from ../models/synthetic/s123/random_mc2_n5_mid3_d1000_05_mr098_r10_127.csv
2026-02-02 16:31:41,098|INFO|random_mc2_n9_mid3_d1000_05_mr098_r10_2_uai_GDCC_1e-05_n200_roTrue_s0: Loading model from ../models/synthetic/s123/random_mc2_n9_mid3_d1000_05_mr098_r10_2.uai
2026-02-02 16:31:41,126|INFO|random_mc2_n9_mid3_d1000_05_mr098_r10_2_uai_GDCC_1e-05_n200_roTrue_s0: Loading data from ../models/synthetic/s123/random_mc2_n9_mid3_d1000_05_mr098_r10_2.csv
2026-02-02 16:31:44,197|INFO|random_mc2_n7_mid3_d1000_05_mr098_r10_150_uai_GDCC_1e-05_n200_roTrue_s0: Loading model from ../models/synthetic/s123/random_mc2_n7_mid3_d1000_05_mr098_r10_150.uai
2026-02-02 16:31:44,289|INFO|random_mc2_n7_mid3_d1000_05_mr098_r10_150_uai_GDCC_1e-05_n200_roTrue_s0: Loading data from ../models/synthetic/s123/random_mc2_n7_mid3_d1000_05_mr098_r10_150.csv
2026-02-02 16:31:44,760|INFO|random_mc2_n6_mid3_d1000_05_mr098_r10_147_uai_GDCC_1e-05_n200_roTrue_s0: Loading model from ../models/synthetic/s123/random_mc2_n6_mid3_d1000_05_mr098_r10_147.uai
2026-02-02 16:31:44,776|INFO|random_mc2_n6_mid3_d1000_05_mr098_r10_147_uai_GDCC_1e-05_n200_roTrue_s0: Loading data from ../models/synthetic/s123/random_mc2_n6_mid3_d1000_05_mr098_r10_147.csv
2026-02-02 16:31:44,826|INFO|random_mc2_n5_mid3_d1000_05_mr098_r10_17_uai_GDCC_1e-05_n200_roTrue_s0: Loading model from ../models/synthetic/s123/random_mc2_n5_mid3_d1000_05_mr098_r10_17.uai
2026-02-02 16:31:44,842|INFO|random_mc2_n5_mid3_d1000_05_mr098_r10_17_uai_GDCC_1e-05_n200_roTrue_s0: Loading data from ../models/synthetic/s123/random_mc2_n5_mid3_d1000_05_mr098_r10_17.csv
2026-02-02 16:31:44,857|INFO|random_mc2_n5_mid3_d1000_05_mr098_r10_17_uai_GDCC_1e-05_n200_roTrue_s0: PNS(V2,V0) exact: (0.0009668192, 0.0226223524444999)
2026-02-02 16:31:45,107|INFO|random_mc2_n6_mid3_d1000_05_mr098_r10_156_uai_GDCC_1e-05_n200_roFalse_s0: Loading model from ../models/synthetic/s123/random_mc2_n6_mid3_d1000_05_mr098_r10_156.uai
2026-02-02 16:31:45,134|INFO|random_mc2_n6_mid3_d1000_05_mr098_r10_136_uai_GDCC_1e-05_n200_roTrue_s0: Loading model from ../models/synthetic/s123/random_mc2_n6_mid3_d1000_05_mr098_r10_136.uai
2026-02-02 16:31:45,120|INFO|random_mc2_n6_mid3_d1000_05_mr098_r10_156_uai_GDCC_1e-05_n200_roFalse_s0: Loading data from ../models/synthetic/s123/random_mc2_n6_mid3_d1000_05_mr098_r10_156.csv
2026-02-02 16:31:45,145|INFO|random_mc2_n6_mid3_d1000_05_mr098_r10_136_uai_GDCC_1e-05_n200_roTrue_s0: Loading data from ../models/synthetic/s123/random_mc2_n6_mid3_d1000_05_mr098_r10_136.csv
2026-02-02 16:31:45,207|INFO|random_mc2_n7_mid3_d1000_05_mr098_r10_153_uai_GDCC_1e-05_n200_roTrue_s0: Loading model from ../models/synthetic/s123/random_mc2_n7_mid3_d1000_05_mr098_r10_153.uai
2026-02-02 16:31:45,219|INFO|random_mc2_n7_mid3_d1000_05_mr098_r10_153_uai_GDCC_1e-05_n200_roTrue_s0: Loading data from ../models/synthetic/s123/random_mc2_n7_mid3_d1000_05_mr098_r10_153.csv
2026-02-02 16:31:45,288|INFO|random_mc2_n5_mid3_d1000_05_mr098_r10_29_uai_GDCC_1e-05_n200_roTrue_s0: Loading model from ../models/synthetic/s123/random_mc2_n5_mid3_d1000_05_mr098_r10_29.uai
2026-02-02 16:31:45,301|INFO|random_mc2_n8_mid3_d1000_05_mr098_r10_127_uai_GDCC_1e-05_n200_roFalse_s0: Loading model from ../models/synthetic/s123/random_mc2_n8_mid3_d1000_05_mr098_r10_127.uai
2026-02-02 16:31:45,298|INFO|random_mc2_n5_mid3_d1000_05_mr098_r10_29_uai_GDCC_1e-05_n200_roTrue_s0: Loading data from ../models/synthetic/s123/random_mc2_n5_mid3_d1000_05_mr098_r10_29.csv
2026-02-02 16:31:45,354|INFO|random_mc2_n8_mid3_d1000_05_mr098_r10_127_uai_GDCC_1e-05_n200_roFalse_s0: Loading data from ../models/synthetic/s123/random_mc2_n8_mid3_d1000_05_mr098_r10_127.csv
2026-02-02 16:31:45,356|INFO|random_mc2_n5_mid3_d1000_05_mr098_r10_18_uai_GDCC_1e-05_n200_roFalse_s0: Loading model from ../models/synthetic/s123/random_mc2_n5_mid3_d1000_05_mr098_r10_18.uai
2026-02-02 16:31:45,371|INFO|random_mc2_n5_mid3_d1000_05_mr098_r10_18_uai_GDCC_1e-05_n200_roFalse_s0: Loading data from ../models/synthetic/s123/random_mc2_n5_mid3_d1000_05_mr098_r10_18.csv
2026-02-02 16:31:45,382|INFO|random_mc2_n5_mid3_d1000_05_mr098_r10_18_uai_GDCC_1e-05_n200_roFalse_s0: PNS(V1,V3) exact: (0.3568015083512, 0.5052594691711998)
2026-02-02 16:31:45,420|INFO|random_mc2_n7_mid3_d1000_05_mr098_r10_123_uai_GDCC_1e-05_n200_roFalse_s0: Loading model from ../models/synthetic/s123/random_mc2_n7_mid3_d1000_05_mr098_r10_123.uai
2026-02-02 16:31:45,430|INFO|random_mc2_n5_mid3_d1000_05_mr098_r10_2_uai_GDCC_1e-05_n200_roFalse_s0: Loading model from ../models/synthetic/s123/random_mc2_n5_mid3_d1000_05_mr098_r10_2.uai
2026-02-02 16:31:45,432|INFO|random_mc2_n7_mid3_d1000_05_mr098_r10_123_uai_GDCC_1e-05_n200_roFalse_s0: Loading data from ../models/synthetic/s123/random_mc2_n7_mid3_d1000_05_mr098_r10_123.csv
2026-02-02 16:31:45,444|INFO|random_mc2_n7_mid3_d1000_05_mr098_r10_123_uai_GDCC_1e-05_n200_roFalse_s0: PNS(V0,V6) exact: (0.0106816021871762, 0.1499524833352205)
2026-02-02 16:31:45,437|INFO|random_mc2_n5_mid3_d1000_05_mr098_r10_2_uai_GDCC_1e-05_n200_roFalse_s0: Loading data from ../models/synthetic/s123/random_mc2_n5_mid3_d1000_05_mr098_r10_2.csv
2026-02-02 16:31:45,448|INFO|random_mc2_n5_mid3_d1000_05_mr098_r10_2_uai_GDCC_1e-05_n200_roFalse_s0: PNS(V1,V2) exact: (0.0, 0.0)
2026-02-02 16:31:45,449|ERROR|random_mc2_n5_mid3_d1000_05_mr098_r10_2_uai_GDCC_1e-05_n200_roFalse_s0: Model does not have any cause-effect path.
2026-02-02 16:31:47,530|INFO|random_mc2_n6_mid3_d1000_05_mr098_r10_10_uai_GDCC_1e-05_n200_roTrue_s0: Loading model from ../models/synthetic/s123/random_mc2_n6_mid3_d1000_05_mr098_r10_10.uai
2026-02-02 16:31:47,558|INFO|random_mc2_n6_mid3_d1000_05_mr098_r10_10_uai_GDCC_1e-05_n200_roTrue_s0: Loading data from ../models/synthetic/s123/random_mc2_n6_mid3_d1000_05_mr098_r10_10.csv
2026-02-02 16:31:47,617|INFO|random_mc2_n6_mid3_d1000_05_mr098_r10_18_uai_GDCC_1e-05_n200_roFalse_s0: Loading model from ../models/synthetic/s123/random_mc2_n6_mid3_d1000_05_mr098_r10_18.uai
2026-02-02 16:31:47,640|INFO|random_mc2_n5_mid3_d1000_05_mr098_r10_182_uai_GDCC_1e-05_n200_roTrue_s0: Loading model from ../models/synthetic/s123/random_mc2_n5_mid3_d1000_05_mr098_r10_182.uai
2026-02-02 16:31:47,634|INFO|random_mc2_n6_mid3_d1000_05_mr098_r10_18_uai_GDCC_1e-05_n200_roFalse_s0: Loading data from ../models/synthetic/s123/random_mc2_n6_mid3_d1000_05_mr098_r10_18.csv
2026-02-02 16:31:47,652|INFO|random_mc2_n6_mid3_d1000_05_mr098_r10_18_uai_GDCC_1e-05_n200_roFalse_s0: PNS(V3,V5) exact: (0.0, 0.0426073822)
2026-02-02 16:31:47,651|INFO|random_mc2_n5_mid3_d1000_05_mr098_r10_182_uai_GDCC_1e-05_n200_roTrue_s0: Loading data from ../models/synthetic/s123/random_mc2_n5_mid3_d1000_05_mr098_r10_182.csv
2026-02-02 16:31:47,757|INFO|random_mc2_n5_mid3_d1000_05_mr098_r10_114_uai_GDCC_1e-05_n200_roTrue_s0: Loading model from ../models/synthetic/s123/random_mc2_n5_mid3_d1000_05_mr098_r10_114.uai
2026-02-02 16:31:47,785|INFO|random_mc2_n5_mid3_d1000_05_mr098_r10_114_uai_GDCC_1e-05_n200_roTrue_s0: Loading data from ../models/synthetic/s123/random_mc2_n5_mid3_d1000_05_mr098_r10_114.csv
2026-02-02 16:31:48,027|INFO|random_mc2_n5_mid3_d1000_05_mr098_r10_140_uai_GDCC_1e-05_n200_roFalse_s0: Loading model from ../models/synthetic/s123/random_mc2_n5_mid3_d1000_05_mr098_r10_140.uai
2026-02-02 16:31:48,042|INFO|random_mc2_n6_mid3_d1000_05_mr098_r10_86_uai_GDCC_1e-05_n200_roFalse_s0: Loading model from ../models/synthetic/s123/random_mc2_n6_mid3_d1000_05_mr098_r10_86.uai
2026-02-02 16:31:48,044|INFO|random_mc2_n7_mid3_d1000_05_mr098_r10_22_uai_GDCC_1e-05_n200_roTrue_s0: Loading model from ../models/synthetic/s123/random_mc2_n7_mid3_d1000_05_mr098_r10_22.uai
2026-02-02 16:31:48,057|INFO|random_mc2_n5_mid3_d1000_05_mr098_r10_130_uai_GDCC_1e-05_n200_roFalse_s0: Loading model from ../models/synthetic/s123/random_mc2_n5_mid3_d1000_05_mr098_r10_130.uai
2026-02-02 16:31:48,038|INFO|random_mc2_n5_mid3_d1000_05_mr098_r10_140_uai_GDCC_1e-05_n200_roFalse_s0: Loading data from ../models/synthetic/s123/random_mc2_n5_mid3_d1000_05_mr098_r10_140.csv
2026-02-02 16:31:48,057|INFO|random_mc2_n5_mid3_d1000_05_mr098_r10_140_uai_GDCC_1e-05_n200_roFalse_s0: PNS(V1,V4) exact: (0.06441808679475, 0.469169366245215)
2026-02-02 16:31:48,069|INFO|random_mc2_n6_mid3_d1000_05_mr098_r10_38_uai_GDCC_1e-05_n200_roFalse_s0: Loading model from ../models/synthetic/s123/random_mc2_n6_mid3_d1000_05_mr098_r10_38.uai
2026-02-02 16:31:48,060|INFO|random_mc2_n6_mid3_d1000_05_mr098_r10_86_uai_GDCC_1e-05_n200_roFalse_s0: Loading data from ../models/synthetic/s123/random_mc2_n6_mid3_d1000_05_mr098_r10_86.csv
2026-02-02 16:31:48,064|INFO|random_mc2_n7_mid3_d1000_05_mr098_r10_22_uai_GDCC_1e-05_n200_roTrue_s0: Loading data from ../models/synthetic/s123/random_mc2_n7_mid3_d1000_05_mr098_r10_22.csv
2026-02-02 16:31:48,082|INFO|random_mc2_n7_mid3_d1000_05_mr098_r10_22_uai_GDCC_1e-05_n200_roTrue_s0: PNS(V1,V0) exact: (0.4818094928831341, 0.6444694971595442)
2026-02-02 16:31:48,088|INFO|random_mc2_n6_mid3_d1000_05_mr098_r10_162_uai_GDCC_1e-05_n200_roFalse_s0: Loading model from ../models/synthetic/s123/random_mc2_n6_mid3_d1000_05_mr098_r10_162.uai
2026-02-02 16:31:48,073|INFO|random_mc2_n5_mid3_d1000_05_mr098_r10_130_uai_GDCC_1e-05_n200_roFalse_s0: Loading data from ../models/synthetic/s123/random_mc2_n5_mid3_d1000_05_mr098_r10_130.csv
2026-02-02 16:31:48,092|INFO|random_mc2_n5_mid3_d1000_05_mr098_r10_130_uai_GDCC_1e-05_n200_roFalse_s0: PNS(V2,V1) exact: (0.0, 0.24110001)
2026-02-02 16:31:48,086|INFO|random_mc2_n6_mid3_d1000_05_mr098_r10_38_uai_GDCC_1e-05_n200_roFalse_s0: Loading data from ../models/synthetic/s123/random_mc2_n6_mid3_d1000_05_mr098_r10_38.csv
2026-02-02 16:31:48,103|INFO|random_mc2_n6_mid3_d1000_05_mr098_r10_38_uai_GDCC_1e-05_n200_roFalse_s0: PNS(V0,V3) exact: (0.0032650838421653, 0.0300094630044194)
2026-02-02 16:31:48,119|INFO|random_mc2_n6_mid3_d1000_05_mr098_r10_162_uai_GDCC_1e-05_n200_roFalse_s0: Loading data from ../models/synthetic/s123/random_mc2_n6_mid3_d1000_05_mr098_r10_162.csv
2026-02-02 16:31:48,134|INFO|random_mc2_n6_mid3_d1000_05_mr098_r10_162_uai_GDCC_1e-05_n200_roFalse_s0: PNS(V1,V5) exact: (0.15777013681104, 0.3907870473200001)
2026-02-02 16:31:48,172|INFO|random_mc2_n6_mid3_d1000_05_mr098_r10_144_uai_GDCC_1e-05_n200_roFalse_s0: Loading model from ../models/synthetic/s123/random_mc2_n6_mid3_d1000_05_mr098_r10_144.uai
2026-02-02 16:31:48,187|INFO|random_mc2_n6_mid3_d1000_05_mr098_r10_144_uai_GDCC_1e-05_n200_roFalse_s0: Loading data from ../models/synthetic/s123/random_mc2_n6_mid3_d1000_05_mr098_r10_144.csv
2026-02-02 16:31:48,203|INFO|random_mc2_n6_mid3_d1000_05_mr098_r10_144_uai_GDCC_1e-05_n200_roFalse_s0: PNS(V1,V4) exact: (0.0105806483115999, 0.0362963028616)
2026-02-02 16:31:51,948|INFO|random_mc2_n9_mid3_d1000_05_mr098_r10_138_uai_GDCC_1e-05_n200_roTrue_s0: Loading model from ../models/synthetic/s123/random_mc2_n9_mid3_d1000_05_mr098_r10_138.uai
2026-02-02 16:31:51,959|INFO|random_mc2_n9_mid3_d1000_05_mr098_r10_138_uai_GDCC_1e-05_n200_roTrue_s0: Loading data from ../models/synthetic/s123/random_mc2_n9_mid3_d1000_05_mr098_r10_138.csv
2026-02-02 16:31:51,968|INFO|random_mc2_n9_mid3_d1000_05_mr098_r10_138_uai_GDCC_1e-05_n200_roTrue_s0: PNS(V2,V8) exact: (0.3533990588217299, 0.3586598451414463)
2026-02-02 16:31:59,310|INFO|random_mc2_n5_mid3_d1000_05_mr098_r10_176_uai_GDCC_1e-05_n200_roFalse_s0: Loading model from ../models/synthetic/s123/random_mc2_n5_mid3_d1000_05_mr098_r10_176.uai
2026-02-02 16:31:59,322|INFO|random_mc2_n5_mid3_d1000_05_mr098_r10_176_uai_GDCC_1e-05_n200_roFalse_s0: Loading data from ../models/synthetic/s123/random_mc2_n5_mid3_d1000_05_mr098_r10_176.csv
2026-02-02 16:31:59,356|INFO|random_mc2_n8_mid3_d1000_05_mr098_r10_32_uai_GDCC_1e-05_n200_roTrue_s0: Loading model from ../models/synthetic/s123/random_mc2_n8_mid3_d1000_05_mr098_r10_32.uai
2026-02-02 16:31:59,381|INFO|random_mc2_n8_mid3_d1000_05_mr098_r10_32_uai_GDCC_1e-05_n200_roTrue_s0: Loading data from ../models/synthetic/s123/random_mc2_n8_mid3_d1000_05_mr098_r10_32.csv
2026-02-02 16:31:59,448|INFO|random_mc2_n6_mid3_d1000_05_mr098_r10_172_uai_GDCC_1e-05_n200_roFalse_s0: Loading model from ../models/synthetic/s123/random_mc2_n6_mid3_d1000_05_mr098_r10_172.uai
2026-02-02 16:31:59,483|INFO|random_mc2_n8_mid3_d1000_05_mr098_r10_127_uai_GDCC_1e-05_n200_roTrue_s0: Loading model from ../models/synthetic/s123/random_mc2_n8_mid3_d1000_05_mr098_r10_127.uai
2026-02-02 16:31:59,463|INFO|random_mc2_n6_mid3_d1000_05_mr098_r10_172_uai_GDCC_1e-05_n200_roFalse_s0: Loading data from ../models/synthetic/s123/random_mc2_n6_mid3_d1000_05_mr098_r10_172.csv
2026-02-02 16:31:59,497|INFO|random_mc2_n6_mid3_d1000_05_mr098_r10_152_uai_GDCC_1e-05_n200_roTrue_s0: Loading model from ../models/synthetic/s123/random_mc2_n6_mid3_d1000_05_mr098_r10_152.uai
2026-02-02 16:31:59,541|INFO|random_mc2_n8_mid3_d1000_05_mr098_r10_127_uai_GDCC_1e-05_n200_roTrue_s0: Loading data from ../models/synthetic/s123/random_mc2_n8_mid3_d1000_05_mr098_r10_127.csv
2026-02-02 16:31:59,595|INFO|random_mc2_n8_mid3_d1000_05_mr098_r10_152_uai_GDCC_1e-05_n200_roFalse_s0: Loading model from ../models/synthetic/s123/random_mc2_n8_mid3_d1000_05_mr098_r10_152.uai
2026-02-02 16:31:59,596|INFO|random_mc2_n6_mid3_d1000_05_mr098_r10_152_uai_GDCC_1e-05_n200_roTrue_s0: Loading data from ../models/synthetic/s123/random_mc2_n6_mid3_d1000_05_mr098_r10_152.csv
2026-02-02 16:31:59,615|INFO|random_mc2_n8_mid3_d1000_05_mr098_r10_152_uai_GDCC_1e-05_n200_roFalse_s0: Loading data from ../models/synthetic/s123/random_mc2_n8_mid3_d1000_05_mr098_r10_152.csv
2026-02-02 16:31:59,769|INFO|random_mc2_n5_mid3_d1000_05_mr098_r10_61_uai_GDCC_1e-05_n200_roFalse_s0: Loading model from ../models/synthetic/s123/random_mc2_n5_mid3_d1000_05_mr098_r10_61.uai
2026-02-02 16:31:59,772|INFO|random_mc2_n5_mid3_d1000_05_mr098_r10_124_uai_GDCC_1e-05_n200_roFalse_s0: Loading model from ../models/synthetic/s123/random_mc2_n5_mid3_d1000_05_mr098_r10_124.uai
2026-02-02 16:31:59,804|INFO|random_mc2_n5_mid3_d1000_05_mr098_r10_55_uai_GDCC_1e-05_n200_roFalse_s0: Loading model from ../models/synthetic/s123/random_mc2_n5_mid3_d1000_05_mr098_r10_55.uai
2026-02-02 16:31:59,779|INFO|random_mc2_n5_mid3_d1000_05_mr098_r10_61_uai_GDCC_1e-05_n200_roFalse_s0: Loading data from ../models/synthetic/s123/random_mc2_n5_mid3_d1000_05_mr098_r10_61.csv
2026-02-02 16:31:59,783|INFO|random_mc2_n5_mid3_d1000_05_mr098_r10_124_uai_GDCC_1e-05_n200_roFalse_s0: Loading data from ../models/synthetic/s123/random_mc2_n5_mid3_d1000_05_mr098_r10_124.csv
2026-02-02 16:31:59,796|INFO|random_mc2_n5_mid3_d1000_05_mr098_r10_124_uai_GDCC_1e-05_n200_roFalse_s0: PNS(V4,V1) exact: (0.00019924659568, 0.05078698676936)
2026-02-02 16:31:59,836|INFO|random_mc2_n7_mid3_d1000_05_mr098_r10_96_uai_GDCC_1e-05_n200_roFalse_s0: Loading model from ../models/synthetic/s123/random_mc2_n7_mid3_d1000_05_mr098_r10_96.uai
2026-02-02 16:31:59,814|INFO|random_mc2_n5_mid3_d1000_05_mr098_r10_55_uai_GDCC_1e-05_n200_roFalse_s0: Loading data from ../models/synthetic/s123/random_mc2_n5_mid3_d1000_05_mr098_r10_55.csv
2026-02-02 16:31:59,827|INFO|random_mc2_n5_mid3_d1000_05_mr098_r10_55_uai_GDCC_1e-05_n200_roFalse_s0: PNS(V2,V3) exact: (0.2402970184, 0.3589271115)
2026-02-02 16:31:59,855|INFO|random_mc2_n7_mid3_d1000_05_mr098_r10_96_uai_GDCC_1e-05_n200_roFalse_s0: Loading data from ../models/synthetic/s123/random_mc2_n7_mid3_d1000_05_mr098_r10_96.csv
2026-02-02 16:31:59,920|INFO|random_mc2_n9_mid3_d1000_05_mr098_r10_141_uai_GDCC_1e-05_n200_roFalse_s0: Loading model from ../models/synthetic/s123/random_mc2_n9_mid3_d1000_05_mr098_r10_141.uai
2026-02-02 16:31:59,938|INFO|random_mc2_n9_mid3_d1000_05_mr098_r10_141_uai_GDCC_1e-05_n200_roFalse_s0: Loading data from ../models/synthetic/s123/random_mc2_n9_mid3_d1000_05_mr098_r10_141.csv
2026-02-02 16:31:59,965|INFO|random_mc2_n6_mid3_d1000_05_mr098_r10_142_uai_GDCC_1e-05_n200_roTrue_s0: Loading model from ../models/synthetic/s123/random_mc2_n6_mid3_d1000_05_mr098_r10_142.uai
2026-02-02 16:31:59,998|INFO|random_mc2_n8_mid3_d1000_05_mr098_r10_2_uai_GDCC_1e-05_n200_roFalse_s0: Loading model from ../models/synthetic/s123/random_mc2_n8_mid3_d1000_05_mr098_r10_2.uai
2026-02-02 16:31:59,974|INFO|random_mc2_n6_mid3_d1000_05_mr098_r10_142_uai_GDCC_1e-05_n200_roTrue_s0: Loading data from ../models/synthetic/s123/random_mc2_n6_mid3_d1000_05_mr098_r10_142.csv
2026-02-02 16:31:59,985|INFO|random_mc2_n6_mid3_d1000_05_mr098_r10_142_uai_GDCC_1e-05_n200_roTrue_s0: PNS(V0,V5) exact: (0.98933, 0.99047)
2026-02-02 16:32:00,018|INFO|random_mc2_n8_mid3_d1000_05_mr098_r10_2_uai_GDCC_1e-05_n200_roFalse_s0: Loading data from ../models/synthetic/s123/random_mc2_n8_mid3_d1000_05_mr098_r10_2.csv
2026-02-02 16:32:00,029|INFO|random_mc2_n8_mid3_d1000_05_mr098_r10_2_uai_GDCC_1e-05_n200_roFalse_s0: PNS(V1,V5) exact: (0.0, 0.0)
2026-02-02 16:32:00,029|ERROR|random_mc2_n8_mid3_d1000_05_mr098_r10_2_uai_GDCC_1e-05_n200_roFalse_s0: Model does not have any cause-effect path.
2026-02-02 16:32:00,096|INFO|random_mc2_n6_mid3_d1000_05_mr098_r10_141_uai_GDCC_1e-05_n200_roTrue_s0: Loading model from ../models/synthetic/s123/random_mc2_n6_mid3_d1000_05_mr098_r10_141.uai
2026-02-02 16:32:00,148|INFO|random_mc2_n6_mid3_d1000_05_mr098_r10_141_uai_GDCC_1e-05_n200_roTrue_s0: Loading data from ../models/synthetic/s123/random_mc2_n6_mid3_d1000_05_mr098_r10_141.csv
2026-02-02 16:32:00,159|INFO|random_mc2_n6_mid3_d1000_05_mr098_r10_141_uai_GDCC_1e-05_n200_roTrue_s0: PNS(V1,V4) exact: (0.2486475012, 0.2716618306)
2026-02-02 16:32:00,185|INFO|random_mc2_n5_mid3_d1000_05_mr098_r10_159_uai_GDCC_1e-05_n200_roFalse_s0: Loading model from ../models/synthetic/s123/random_mc2_n5_mid3_d1000_05_mr098_r10_159.uai
2026-02-02 16:32:00,196|INFO|random_mc2_n5_mid3_d1000_05_mr098_r10_159_uai_GDCC_1e-05_n200_roFalse_s0: Loading data from ../models/synthetic/s123/random_mc2_n5_mid3_d1000_05_mr098_r10_159.csv
2026-02-02 16:32:00,206|INFO|random_mc2_n5_mid3_d1000_05_mr098_r10_159_uai_GDCC_1e-05_n200_roFalse_s0: PNS(V0,V2) exact: (0.1049462695, 0.4703933717)
2026-02-02 16:32:00,237|INFO|random_mc2_n5_mid3_d1000_05_mr098_r10_151_uai_GDCC_1e-05_n200_roTrue_s0: Loading model from ../models/synthetic/s123/random_mc2_n5_mid3_d1000_05_mr098_r10_151.uai
2026-02-02 16:32:00,243|INFO|random_mc2_n9_mid3_d1000_05_mr098_r10_136_uai_GDCC_1e-05_n200_roFalse_s0: Loading model from ../models/synthetic/s123/random_mc2_n9_mid3_d1000_05_mr098_r10_136.uai
2026-02-02 16:32:00,259|INFO|random_mc2_n5_mid3_d1000_05_mr098_r10_187_uai_GDCC_1e-05_n200_roTrue_s0: Loading model from ../models/synthetic/s123/random_mc2_n5_mid3_d1000_05_mr098_r10_187.uai
2026-02-02 16:32:00,275|INFO|random_mc2_n7_mid3_d1000_05_mr098_r10_155_uai_GDCC_1e-05_n200_roTrue_s0: Loading model from ../models/synthetic/s123/random_mc2_n7_mid3_d1000_05_mr098_r10_155.uai
2026-02-02 16:32:00,247|INFO|random_mc2_n5_mid3_d1000_05_mr098_r10_151_uai_GDCC_1e-05_n200_roTrue_s0: Loading data from ../models/synthetic/s123/random_mc2_n5_mid3_d1000_05_mr098_r10_151.csv
2026-02-02 16:32:00,256|INFO|random_mc2_n5_mid3_d1000_05_mr098_r10_151_uai_GDCC_1e-05_n200_roTrue_s0: PNS(V1,V2) exact: (0.0, 0.3129183631)
2026-02-02 16:32:00,265|INFO|random_mc2_n9_mid3_d1000_05_mr098_r10_136_uai_GDCC_1e-05_n200_roFalse_s0: Loading data from ../models/synthetic/s123/random_mc2_n9_mid3_d1000_05_mr098_r10_136.csv
2026-02-02 16:32:00,302|INFO|random_mc2_n5_mid3_d1000_05_mr098_r10_187_uai_GDCC_1e-05_n200_roTrue_s0: Loading data from ../models/synthetic/s123/random_mc2_n5_mid3_d1000_05_mr098_r10_187.csv
2026-02-02 16:32:00,288|INFO|random_mc2_n7_mid3_d1000_05_mr098_r10_155_uai_GDCC_1e-05_n200_roTrue_s0: Loading data from ../models/synthetic/s123/random_mc2_n7_mid3_d1000_05_mr098_r10_155.csv
2026-02-02 16:32:00,780|INFO|random_mc2_n5_mid3_d1000_05_mr098_r10_23_uai_GDCC_1e-05_n200_roFalse_s0: Loading model from ../models/synthetic/s123/random_mc2_n5_mid3_d1000_05_mr098_r10_23.uai
2026-02-02 16:32:00,786|INFO|random_mc2_n5_mid3_d1000_05_mr098_r10_23_uai_GDCC_1e-05_n200_roFalse_s0: Loading data from ../models/synthetic/s123/random_mc2_n5_mid3_d1000_05_mr098_r10_23.csv
2026-02-02 16:32:00,797|INFO|random_mc2_n5_mid3_d1000_05_mr098_r10_23_uai_GDCC_1e-05_n200_roFalse_s0: PNS(V4,V1) exact: (0.0, 0.07268)
2026-02-02 16:32:00,861|INFO|random_mc2_n9_mid3_d1000_05_mr098_r10_138_uai_GDCC_1e-05_n200_roFalse_s0: Loading model from ../models/synthetic/s123/random_mc2_n9_mid3_d1000_05_mr098_r10_138.uai
2026-02-02 16:32:00,872|INFO|random_mc2_n6_mid3_d1000_05_mr098_r10_25_uai_GDCC_1e-05_n200_roFalse_s0: Loading model from ../models/synthetic/s123/random_mc2_n6_mid3_d1000_05_mr098_r10_25.uai
2026-02-02 16:32:00,876|INFO|random_mc2_n9_mid3_d1000_05_mr098_r10_138_uai_GDCC_1e-05_n200_roFalse_s0: Loading data from ../models/synthetic/s123/random_mc2_n9_mid3_d1000_05_mr098_r10_138.csv
2026-02-02 16:32:00,888|INFO|random_mc2_n9_mid3_d1000_05_mr098_r10_138_uai_GDCC_1e-05_n200_roFalse_s0: PNS(V2,V8) exact: (0.3533990588217299, 0.3586598451414463)
2026-02-02 16:32:00,903|INFO|random_mc2_n6_mid3_d1000_05_mr098_r10_25_uai_GDCC_1e-05_n200_roFalse_s0: Loading data from ../models/synthetic/s123/random_mc2_n6_mid3_d1000_05_mr098_r10_25.csv
2026-02-02 16:32:00,965|INFO|random_mc2_n9_mid3_d1000_05_mr098_r10_160_uai_GDCC_1e-05_n200_roFalse_s0: Loading model from ../models/synthetic/s123/random_mc2_n9_mid3_d1000_05_mr098_r10_160.uai
2026-02-02 16:32:00,985|INFO|random_mc2_n9_mid3_d1000_05_mr098_r10_160_uai_GDCC_1e-05_n200_roFalse_s0: Loading data from ../models/synthetic/s123/random_mc2_n9_mid3_d1000_05_mr098_r10_160.csv
2026-02-02 16:32:01,047|INFO|random_mc2_n5_mid3_d1000_05_mr098_r10_175_uai_GDCC_1e-05_n200_roTrue_s0: Loading model from ../models/synthetic/s123/random_mc2_n5_mid3_d1000_05_mr098_r10_175.uai
2026-02-02 16:32:01,064|INFO|random_mc2_n5_mid3_d1000_05_mr098_r10_175_uai_GDCC_1e-05_n200_roTrue_s0: Loading data from ../models/synthetic/s123/random_mc2_n5_mid3_d1000_05_mr098_r10_175.csv
2026-02-02 16:32:01,076|INFO|random_mc2_n5_mid3_d1000_05_mr098_r10_175_uai_GDCC_1e-05_n200_roTrue_s0: PNS(V1,V3) exact: (0.1001090864, 0.4819853936000001)
2026-02-02 16:32:01,154|INFO|random_mc2_n6_mid3_d1000_05_mr098_r10_144_uai_GDCC_1e-05_n200_roTrue_s0: Loading model from ../models/synthetic/s123/random_mc2_n6_mid3_d1000_05_mr098_r10_144.uai
2026-02-02 16:32:01,175|INFO|random_mc2_n6_mid3_d1000_05_mr098_r10_175_uai_GDCC_1e-05_n200_roTrue_s0: Loading model from ../models/synthetic/s123/random_mc2_n6_mid3_d1000_05_mr098_r10_175.uai
2026-02-02 16:32:01,166|INFO|random_mc2_n6_mid3_d1000_05_mr098_r10_144_uai_GDCC_1e-05_n200_roTrue_s0: Loading data from ../models/synthetic/s123/random_mc2_n6_mid3_d1000_05_mr098_r10_144.csv
2026-02-02 16:32:01,178|INFO|random_mc2_n6_mid3_d1000_05_mr098_r10_144_uai_GDCC_1e-05_n200_roTrue_s0: PNS(V1,V4) exact: (0.0105806483115999, 0.0362963028616)
2026-02-02 16:32:01,279|INFO|random_mc2_n6_mid3_d1000_05_mr098_r10_175_uai_GDCC_1e-05_n200_roTrue_s0: Loading data from ../models/synthetic/s123/random_mc2_n6_mid3_d1000_05_mr098_r10_175.csv
2026-02-02 16:32:03,403|INFO|random_mc2_n6_mid3_d1000_05_mr098_r10_190_uai_GDCC_1e-05_n200_roTrue_s0: Loading model from ../models/synthetic/s123/random_mc2_n6_mid3_d1000_05_mr098_r10_190.uai
2026-02-02 16:32:03,424|INFO|random_mc2_n6_mid3_d1000_05_mr098_r10_190_uai_GDCC_1e-05_n200_roTrue_s0: Loading data from ../models/synthetic/s123/random_mc2_n6_mid3_d1000_05_mr098_r10_190.csv
2026-02-02 16:32:03,444|INFO|random_mc2_n6_mid3_d1000_05_mr098_r10_44_uai_GDCC_1e-05_n200_roFalse_s0: Loading model from ../models/synthetic/s123/random_mc2_n6_mid3_d1000_05_mr098_r10_44.uai
2026-02-02 16:32:03,448|INFO|random_mc2_n6_mid3_d1000_05_mr098_r10_190_uai_GDCC_1e-05_n200_roTrue_s0: PNS(V1,V3) exact: (0.6666155524875482, 0.789958677372704)
2026-02-02 16:32:03,456|INFO|random_mc2_n6_mid3_d1000_05_mr098_r10_44_uai_GDCC_1e-05_n200_roFalse_s0: Loading data from ../models/synthetic/s123/random_mc2_n6_mid3_d1000_05_mr098_r10_44.csv
2026-02-02 16:32:03,475|INFO|random_mc2_n6_mid3_d1000_05_mr098_r10_44_uai_GDCC_1e-05_n200_roFalse_s0: PNS(V3,V5) exact: (0.0558153164, 0.3842657125)
2026-02-02 16:32:03,501|INFO|random_mc2_n6_mid3_d1000_05_mr098_r10_22_uai_GDCC_1e-05_n200_roFalse_s0: Loading model from ../models/synthetic/s123/random_mc2_n6_mid3_d1000_05_mr098_r10_22.uai
2026-02-02 16:32:03,537|INFO|random_mc2_n6_mid3_d1000_05_mr098_r10_79_uai_GDCC_1e-05_n200_roTrue_s0: Loading model from ../models/synthetic/s123/random_mc2_n6_mid3_d1000_05_mr098_r10_79.uai
2026-02-02 16:32:03,515|INFO|random_mc2_n6_mid3_d1000_05_mr098_r10_22_uai_GDCC_1e-05_n200_roFalse_s0: Loading data from ../models/synthetic/s123/random_mc2_n6_mid3_d1000_05_mr098_r10_22.csv
2026-02-02 16:32:03,550|INFO|random_mc2_n6_mid3_d1000_05_mr098_r10_79_uai_GDCC_1e-05_n200_roTrue_s0: Loading data from ../models/synthetic/s123/random_mc2_n6_mid3_d1000_05_mr098_r10_79.csv
2026-02-02 16:32:03,566|INFO|random_mc2_n6_mid3_d1000_05_mr098_r10_79_uai_GDCC_1e-05_n200_roTrue_s0: PNS(V3,V5) exact: (0.3677803281, 0.4747158748)
2026-02-02 16:32:07,574|INFO|random_mc2_n9_mid3_d1000_05_mr098_r10_137_uai_GDCC_1e-05_n200_roFalse_s0: Loading model from ../models/synthetic/s123/random_mc2_n9_mid3_d1000_05_mr098_r10_137.uai
2026-02-02 16:32:07,803|INFO|random_mc2_n9_mid3_d1000_05_mr098_r10_137_uai_GDCC_1e-05_n200_roFalse_s0: Loading data from ../models/synthetic/s123/random_mc2_n9_mid3_d1000_05_mr098_r10_137.csv
2026-02-02 16:32:09,112|INFO|random_mc2_n5_mid3_d1000_05_mr098_r10_67_uai_GDCC_1e-05_n200_roTrue_s0: Loading model from ../models/synthetic/s123/random_mc2_n5_mid3_d1000_05_mr098_r10_67.uai
2026-02-02 16:32:09,115|INFO|random_mc2_n8_mid3_d1000_05_mr098_r10_39_uai_GDCC_1e-05_n200_roFalse_s0: Loading model from ../models/synthetic/s123/random_mc2_n8_mid3_d1000_05_mr098_r10_39.uai
2026-02-02 16:32:09,116|INFO|random_mc2_n6_mid3_d1000_05_mr098_r10_174_uai_GDCC_1e-05_n200_roTrue_s0: Loading model from ../models/synthetic/s123/random_mc2_n6_mid3_d1000_05_mr098_r10_174.uai
2026-02-02 16:32:09,124|INFO|random_mc2_n6_mid3_d1000_05_mr098_r10_86_uai_GDCC_1e-05_n200_roTrue_s0: Loading model from ../models/synthetic/s123/random_mc2_n6_mid3_d1000_05_mr098_r10_86.uai
2026-02-02 16:32:09,124|INFO|random_mc2_n8_mid3_d1000_05_mr098_r10_122_uai_GDCC_1e-05_n200_roFalse_s0: Loading model from ../models/synthetic/s123/random_mc2_n8_mid3_d1000_05_mr098_r10_122.uai
2026-02-02 16:32:09,117|INFO|random_mc2_n5_mid3_d1000_05_mr098_r10_67_uai_GDCC_1e-05_n200_roTrue_s0: Loading data from ../models/synthetic/s123/random_mc2_n5_mid3_d1000_05_mr098_r10_67.csv
2026-02-02 16:32:09,128|INFO|random_mc2_n8_mid3_d1000_05_mr098_r10_39_uai_GDCC_1e-05_n200_roFalse_s0: Loading data from ../models/synthetic/s123/random_mc2_n8_mid3_d1000_05_mr098_r10_39.csv
2026-02-02 16:32:09,126|INFO|random_mc2_n6_mid3_d1000_05_mr098_r10_174_uai_GDCC_1e-05_n200_roTrue_s0: Loading data from ../models/synthetic/s123/random_mc2_n6_mid3_d1000_05_mr098_r10_174.csv
2026-02-02 16:32:09,133|INFO|random_mc2_n8_mid3_d1000_05_mr098_r10_122_uai_GDCC_1e-05_n200_roFalse_s0: Loading data from ../models/synthetic/s123/random_mc2_n8_mid3_d1000_05_mr098_r10_122.csv
2026-02-02 16:32:09,134|INFO|random_mc2_n6_mid3_d1000_05_mr098_r10_86_uai_GDCC_1e-05_n200_roTrue_s0: Loading data from ../models/synthetic/s123/random_mc2_n6_mid3_d1000_05_mr098_r10_86.csv
2026-02-02 16:32:09,195|INFO|random_mc2_n6_mid3_d1000_05_mr098_r10_143_uai_GDCC_1e-05_n200_roFalse_s0: Loading model from ../models/synthetic/s123/random_mc2_n6_mid3_d1000_05_mr098_r10_143.uai
2026-02-02 16:32:09,213|INFO|random_mc2_n6_mid3_d1000_05_mr098_r10_187_uai_GDCC_1e-05_n200_roTrue_s0: Loading model from ../models/synthetic/s123/random_mc2_n6_mid3_d1000_05_mr098_r10_187.uai
2026-02-02 16:32:09,221|INFO|random_mc2_n8_mid3_d1000_05_mr098_r10_39_uai_GDCC_1e-05_n200_roTrue_s0: Loading model from ../models/synthetic/s123/random_mc2_n8_mid3_d1000_05_mr098_r10_39.uai
2026-02-02 16:32:09,229|INFO|random_mc2_n6_mid3_d1000_05_mr098_r10_165_uai_GDCC_1e-05_n200_roTrue_s0: Loading model from ../models/synthetic/s123/random_mc2_n6_mid3_d1000_05_mr098_r10_165.uai
2026-02-02 16:32:09,205|INFO|random_mc2_n6_mid3_d1000_05_mr098_r10_143_uai_GDCC_1e-05_n200_roFalse_s0: Loading data from ../models/synthetic/s123/random_mc2_n6_mid3_d1000_05_mr098_r10_143.csv
2026-02-02 16:32:09,235|INFO|random_mc2_n6_mid3_d1000_05_mr098_r10_187_uai_GDCC_1e-05_n200_roTrue_s0: Loading data from ../models/synthetic/s123/random_mc2_n6_mid3_d1000_05_mr098_r10_187.csv
2026-02-02 16:32:09,235|INFO|random_mc2_n8_mid3_d1000_05_mr098_r10_39_uai_GDCC_1e-05_n200_roTrue_s0: Loading data from ../models/synthetic/s123/random_mc2_n8_mid3_d1000_05_mr098_r10_39.csv
2026-02-02 16:32:09,238|INFO|random_mc2_n6_mid3_d1000_05_mr098_r10_165_uai_GDCC_1e-05_n200_roTrue_s0: Loading data from ../models/synthetic/s123/random_mc2_n6_mid3_d1000_05_mr098_r10_165.csv
2026-02-02 16:32:09,247|INFO|random_mc2_n6_mid3_d1000_05_mr098_r10_165_uai_GDCC_1e-05_n200_roTrue_s0: PNS(V3,V2) exact: (0.0, 0.0558513235759999)
2026-02-02 16:32:09,303|INFO|random_mc2_n8_mid3_d1000_05_mr098_r10_169_uai_GDCC_1e-05_n200_roTrue_s0: Loading model from ../models/synthetic/s123/random_mc2_n8_mid3_d1000_05_mr098_r10_169.uai
2026-02-02 16:32:09,350|INFO|random_mc2_n8_mid3_d1000_05_mr098_r10_169_uai_GDCC_1e-05_n200_roTrue_s0: Loading data from ../models/synthetic/s123/random_mc2_n8_mid3_d1000_05_mr098_r10_169.csv
2026-02-02 16:32:09,434|INFO|random_mc2_n7_mid3_d1000_05_mr098_r10_123_uai_GDCC_1e-05_n200_roTrue_s0: Loading model from ../models/synthetic/s123/random_mc2_n7_mid3_d1000_05_mr098_r10_123.uai
2026-02-02 16:32:09,449|INFO|random_mc2_n5_mid3_d1000_05_mr098_r10_183_uai_GDCC_1e-05_n200_roFalse_s0: Loading model from ../models/synthetic/s123/random_mc2_n5_mid3_d1000_05_mr098_r10_183.uai
2026-02-02 16:32:09,445|INFO|random_mc2_n7_mid3_d1000_05_mr098_r10_123_uai_GDCC_1e-05_n200_roTrue_s0: Loading data from ../models/synthetic/s123/random_mc2_n7_mid3_d1000_05_mr098_r10_123.csv
2026-02-02 16:32:09,455|INFO|random_mc2_n7_mid3_d1000_05_mr098_r10_123_uai_GDCC_1e-05_n200_roTrue_s0: PNS(V0,V6) exact: (0.0106816021871762, 0.1499524833352205)
2026-02-02 16:32:09,461|INFO|random_mc2_n5_mid3_d1000_05_mr098_r10_183_uai_GDCC_1e-05_n200_roFalse_s0: Loading data from ../models/synthetic/s123/random_mc2_n5_mid3_d1000_05_mr098_r10_183.csv
2026-02-02 16:32:09,470|INFO|random_mc2_n5_mid3_d1000_05_mr098_r10_183_uai_GDCC_1e-05_n200_roFalse_s0: PNS(V0,V4) exact: (0.346001198451296, 0.346001198451296)
2026-02-02 16:32:09,670|INFO|random_mc2_n7_mid3_d1000_05_mr098_r10_69_uai_GDCC_1e-05_n200_roTrue_s0: Loading model from ../models/synthetic/s123/random_mc2_n7_mid3_d1000_05_mr098_r10_69.uai
2026-02-02 16:32:09,677|INFO|random_mc2_n7_mid3_d1000_05_mr098_r10_69_uai_GDCC_1e-05_n200_roTrue_s0: Loading data from ../models/synthetic/s123/random_mc2_n7_mid3_d1000_05_mr098_r10_69.csv
2026-02-02 16:32:09,915|INFO|random_mc2_n6_mid3_d1000_05_mr098_r10_24_uai_GDCC_1e-05_n200_roTrue_s0: Loading model from ../models/synthetic/s123/random_mc2_n6_mid3_d1000_05_mr098_r10_24.uai
2026-02-02 16:32:09,932|INFO|random_mc2_n6_mid3_d1000_05_mr098_r10_24_uai_GDCC_1e-05_n200_roTrue_s0: Loading data from ../models/synthetic/s123/random_mc2_n6_mid3_d1000_05_mr098_r10_24.csv
2026-02-02 16:32:10,326|INFO|random_mc2_n8_mid3_d1000_05_mr098_r10_191_uai_GDCC_1e-05_n200_roTrue_s0: Loading model from ../models/synthetic/s123/random_mc2_n8_mid3_d1000_05_mr098_r10_191.uai
2026-02-02 16:32:10,327|INFO|random_mc2_n9_mid3_d1000_05_mr098_r10_198_uai_GDCC_1e-05_n200_roFalse_s0: Loading model from ../models/synthetic/s123/random_mc2_n9_mid3_d1000_05_mr098_r10_198.uai
2026-02-02 16:32:10,329|INFO|random_mc2_n5_mid3_d1000_05_mr098_r10_37_uai_GDCC_1e-05_n200_roTrue_s0: Loading model from ../models/synthetic/s123/random_mc2_n5_mid3_d1000_05_mr098_r10_37.uai
2026-02-02 16:32:10,332|INFO|random_mc2_n5_mid3_d1000_05_mr098_r10_15_uai_GDCC_1e-05_n200_roTrue_s0: Loading model from ../models/synthetic/s123/random_mc2_n5_mid3_d1000_05_mr098_r10_15.uai
2026-02-02 16:32:10,354|INFO|random_mc2_n8_mid3_d1000_05_mr098_r10_191_uai_GDCC_1e-05_n200_roTrue_s0: Loading data from ../models/synthetic/s123/random_mc2_n8_mid3_d1000_05_mr098_r10_191.csv
2026-02-02 16:32:10,365|INFO|random_mc2_n8_mid3_d1000_05_mr098_r10_191_uai_GDCC_1e-05_n200_roTrue_s0: PNS(V0,V7) exact: (0.2271504888, 0.2985032774)
2026-02-02 16:32:10,340|INFO|random_mc2_n9_mid3_d1000_05_mr098_r10_198_uai_GDCC_1e-05_n200_roFalse_s0: Loading data from ../models/synthetic/s123/random_mc2_n9_mid3_d1000_05_mr098_r10_198.csv
2026-02-02 16:32:10,339|INFO|random_mc2_n5_mid3_d1000_05_mr098_r10_37_uai_GDCC_1e-05_n200_roTrue_s0: Loading data from ../models/synthetic/s123/random_mc2_n5_mid3_d1000_05_mr098_r10_37.csv
2026-02-02 16:32:10,350|INFO|random_mc2_n5_mid3_d1000_05_mr098_r10_37_uai_GDCC_1e-05_n200_roTrue_s0: PNS(V1,V4) exact: (0.0030091049999999, 0.160852525)
2026-02-02 16:32:10,348|INFO|random_mc2_n5_mid3_d1000_05_mr098_r10_15_uai_GDCC_1e-05_n200_roTrue_s0: Loading data from ../models/synthetic/s123/random_mc2_n5_mid3_d1000_05_mr098_r10_15.csv
2026-02-02 16:32:10,362|INFO|random_mc2_n5_mid3_d1000_05_mr098_r10_15_uai_GDCC_1e-05_n200_roTrue_s0: PNS(V1,V2) exact: (0.190870353918592, 0.3460951275809139)
2026-02-02 16:32:10,434|INFO|random_mc2_n7_mid3_d1000_05_mr098_r10_46_uai_GDCC_1e-05_n200_roTrue_s0: Loading model from ../models/synthetic/s123/random_mc2_n7_mid3_d1000_05_mr098_r10_46.uai
2026-02-02 16:32:10,440|INFO|random_mc2_n7_mid3_d1000_05_mr098_r10_24_uai_GDCC_1e-05_n200_roTrue_s0: Loading model from ../models/synthetic/s123/random_mc2_n7_mid3_d1000_05_mr098_r10_24.uai
2026-02-02 16:32:10,445|INFO|random_mc2_n9_mid3_d1000_05_mr098_r10_184_uai_GDCC_1e-05_n200_roFalse_s0: Loading model from ../models/synthetic/s123/random_mc2_n9_mid3_d1000_05_mr098_r10_184.uai
2026-02-02 16:32:10,447|INFO|random_mc2_n7_mid3_d1000_05_mr098_r10_46_uai_GDCC_1e-05_n200_roTrue_s0: Loading data from ../models/synthetic/s123/random_mc2_n7_mid3_d1000_05_mr098_r10_46.csv
2026-02-02 16:32:10,458|INFO|random_mc2_n7_mid3_d1000_05_mr098_r10_46_uai_GDCC_1e-05_n200_roTrue_s0: PNS(V1,V4) exact: (0.00791105, 0.013410082)
2026-02-02 16:32:10,453|INFO|random_mc2_n7_mid3_d1000_05_mr098_r10_24_uai_GDCC_1e-05_n200_roTrue_s0: Loading data from ../models/synthetic/s123/random_mc2_n7_mid3_d1000_05_mr098_r10_24.csv
2026-02-02 16:32:10,465|INFO|random_mc2_n7_mid3_d1000_05_mr098_r10_24_uai_GDCC_1e-05_n200_roTrue_s0: PNS(V3,V2) exact: (0.0, 0.0745211048481239)
2026-02-02 16:32:10,465|INFO|random_mc2_n9_mid3_d1000_05_mr098_r10_184_uai_GDCC_1e-05_n200_roFalse_s0: Loading data from ../models/synthetic/s123/random_mc2_n9_mid3_d1000_05_mr098_r10_184.csv
2026-02-02 16:32:14,908|INFO|random_mc2_n5_mid3_d1000_05_mr098_r10_149_uai_GDCC_1e-05_n200_roTrue_s0: Loading model from ../models/synthetic/s123/random_mc2_n5_mid3_d1000_05_mr098_r10_149.uai
2026-02-02 16:32:14,929|INFO|random_mc2_n9_mid3_d1000_05_mr098_r10_107_uai_GDCC_1e-05_n200_roTrue_s0: Loading model from ../models/synthetic/s123/random_mc2_n9_mid3_d1000_05_mr098_r10_107.uai
2026-02-02 16:32:14,914|INFO|random_mc2_n5_mid3_d1000_05_mr098_r10_149_uai_GDCC_1e-05_n200_roTrue_s0: Loading data from ../models/synthetic/s123/random_mc2_n5_mid3_d1000_05_mr098_r10_149.csv
2026-02-02 16:32:14,927|INFO|random_mc2_n5_mid3_d1000_05_mr098_r10_149_uai_GDCC_1e-05_n200_roTrue_s0: PNS(V3,V0) exact: (0.0, 0.014418359495816)
2026-02-02 16:32:15,021|INFO|random_mc2_n8_mid3_d1000_05_mr098_r10_169_uai_GDCC_1e-05_n200_roFalse_s0: Loading model from ../models/synthetic/s123/random_mc2_n8_mid3_d1000_05_mr098_r10_169.uai
2026-02-02 16:32:15,067|INFO|random_mc2_n8_mid3_d1000_05_mr098_r10_169_uai_GDCC_1e-05_n200_roFalse_s0: Loading data from ../models/synthetic/s123/random_mc2_n8_mid3_d1000_05_mr098_r10_169.csv
2026-02-02 16:32:15,352|INFO|random_mc2_n9_mid3_d1000_05_mr098_r10_107_uai_GDCC_1e-05_n200_roTrue_s0: Loading data from ../models/synthetic/s123/random_mc2_n9_mid3_d1000_05_mr098_r10_107.csv
2026-02-02 16:32:15,675|INFO|random_mc2_n6_mid3_d1000_05_mr098_r10_164_uai_GDCC_1e-05_n200_roFalse_s0: Loading model from ../models/synthetic/s123/random_mc2_n6_mid3_d1000_05_mr098_r10_164.uai
2026-02-02 16:32:15,692|INFO|random_mc2_n5_mid3_d1000_05_mr098_r10_27_uai_GDCC_1e-05_n200_roFalse_s0: Loading model from ../models/synthetic/s123/random_mc2_n5_mid3_d1000_05_mr098_r10_27.uai
2026-02-02 16:32:15,708|INFO|random_mc2_n6_mid3_d1000_05_mr098_r10_87_uai_GDCC_1e-05_n200_roTrue_s0: Loading model from ../models/synthetic/s123/random_mc2_n6_mid3_d1000_05_mr098_r10_87.uai
2026-02-02 16:32:15,682|INFO|random_mc2_n6_mid3_d1000_05_mr098_r10_164_uai_GDCC_1e-05_n200_roFalse_s0: Loading data from ../models/synthetic/s123/random_mc2_n6_mid3_d1000_05_mr098_r10_164.csv
2026-02-02 16:32:15,693|INFO|random_mc2_n6_mid3_d1000_05_mr098_r10_164_uai_GDCC_1e-05_n200_roFalse_s0: PNS(V4,V3) exact: (0.19591, 0.25606)
2026-02-02 16:32:15,702|INFO|random_mc2_n5_mid3_d1000_05_mr098_r10_27_uai_GDCC_1e-05_n200_roFalse_s0: Loading data from ../models/synthetic/s123/random_mc2_n5_mid3_d1000_05_mr098_r10_27.csv
2026-02-02 16:32:15,713|INFO|random_mc2_n5_mid3_d1000_05_mr098_r10_27_uai_GDCC_1e-05_n200_roFalse_s0: PNS(V4,V3) exact: (0.072092966, 0.40936737)
2026-02-02 16:32:15,718|INFO|random_mc2_n6_mid3_d1000_05_mr098_r10_87_uai_GDCC_1e-05_n200_roTrue_s0: Loading data from ../models/synthetic/s123/random_mc2_n6_mid3_d1000_05_mr098_r10_87.csv
2026-02-02 16:32:16,017|INFO|random_mc2_n6_mid3_d1000_05_mr098_r10_159_uai_GDCC_1e-05_n200_roTrue_s0: Loading model from ../models/synthetic/s123/random_mc2_n6_mid3_d1000_05_mr098_r10_159.uai
2026-02-02 16:32:16,027|INFO|random_mc2_n6_mid3_d1000_05_mr098_r10_159_uai_GDCC_1e-05_n200_roTrue_s0: Loading data from ../models/synthetic/s123/random_mc2_n6_mid3_d1000_05_mr098_r10_159.csv
2026-02-02 16:32:16,281|INFO|random_mc2_n7_mid3_d1000_05_mr098_r10_145_uai_GDCC_1e-05_n200_roTrue_s0: Loading model from ../models/synthetic/s123/random_mc2_n7_mid3_d1000_05_mr098_r10_145.uai
2026-02-02 16:32:16,285|INFO|random_mc2_n5_mid3_d1000_05_mr098_r10_179_uai_GDCC_1e-05_n200_roFalse_s0: Loading model from ../models/synthetic/s123/random_mc2_n5_mid3_d1000_05_mr098_r10_179.uai
2026-02-02 16:32:16,290|INFO|random_mc2_n7_mid3_d1000_05_mr098_r10_145_uai_GDCC_1e-05_n200_roTrue_s0: Loading data from ../models/synthetic/s123/random_mc2_n7_mid3_d1000_05_mr098_r10_145.csv
2026-02-02 16:32:16,300|INFO|random_mc2_n7_mid3_d1000_05_mr098_r10_145_uai_GDCC_1e-05_n200_roTrue_s0: PNS(V2,V5) exact: (0.024162408524618, 0.062781303718492)
2026-02-02 16:32:16,292|INFO|random_mc2_n5_mid3_d1000_05_mr098_r10_179_uai_GDCC_1e-05_n200_roFalse_s0: Loading data from ../models/synthetic/s123/random_mc2_n5_mid3_d1000_05_mr098_r10_179.csv
2026-02-02 16:32:16,302|INFO|random_mc2_n5_mid3_d1000_05_mr098_r10_179_uai_GDCC_1e-05_n200_roFalse_s0: PNS(V2,V4) exact: (0.00847, 0.3191)
2026-02-02 16:32:17,149|INFO|random_mc2_n9_mid3_d1000_05_mr098_r10_168_uai_GDCC_1e-05_n200_roFalse_s0: Loading model from ../models/synthetic/s123/random_mc2_n9_mid3_d1000_05_mr098_r10_168.uai
2026-02-02 16:32:17,152|INFO|random_mc2_n7_mid3_d1000_05_mr098_r10_96_uai_GDCC_1e-05_n200_roTrue_s0: Loading model from ../models/synthetic/s123/random_mc2_n7_mid3_d1000_05_mr098_r10_96.uai
2026-02-02 16:32:17,155|INFO|random_mc2_n5_mid3_d1000_05_mr098_r10_104_uai_GDCC_1e-05_n200_roFalse_s0: Loading model from ../models/synthetic/s123/random_mc2_n5_mid3_d1000_05_mr098_r10_104.uai
2026-02-02 16:32:17,158|INFO|random_mc2_n6_mid3_d1000_05_mr098_r10_126_uai_GDCC_1e-05_n200_roTrue_s0: Loading model from ../models/synthetic/s123/random_mc2_n6_mid3_d1000_05_mr098_r10_126.uai
2026-02-02 16:32:17,159|INFO|random_mc2_n7_mid3_d1000_05_mr098_r10_2_uai_GDCC_1e-05_n200_roFalse_s0: Loading model from ../models/synthetic/s123/random_mc2_n7_mid3_d1000_05_mr098_r10_2.uai
2026-02-02 16:32:17,184|INFO|random_mc2_n9_mid3_d1000_05_mr098_r10_168_uai_GDCC_1e-05_n200_roFalse_s0: Loading data from ../models/synthetic/s123/random_mc2_n9_mid3_d1000_05_mr098_r10_168.csv
2026-02-02 16:32:17,171|INFO|random_mc2_n7_mid3_d1000_05_mr098_r10_96_uai_GDCC_1e-05_n200_roTrue_s0: Loading data from ../models/synthetic/s123/random_mc2_n7_mid3_d1000_05_mr098_r10_96.csv
2026-02-02 16:32:17,159|INFO|random_mc2_n5_mid3_d1000_05_mr098_r10_104_uai_GDCC_1e-05_n200_roFalse_s0: Loading data from ../models/synthetic/s123/random_mc2_n5_mid3_d1000_05_mr098_r10_104.csv
2026-02-02 16:32:17,170|INFO|random_mc2_n5_mid3_d1000_05_mr098_r10_104_uai_GDCC_1e-05_n200_roFalse_s0: PNS(V3,V4) exact: (0.12079, 0.5248300000000001)
2026-02-02 16:32:17,177|INFO|random_mc2_n6_mid3_d1000_05_mr098_r10_126_uai_GDCC_1e-05_n200_roTrue_s0: Loading data from ../models/synthetic/s123/random_mc2_n6_mid3_d1000_05_mr098_r10_126.csv
2026-02-02 16:32:17,172|INFO|random_mc2_n7_mid3_d1000_05_mr098_r10_2_uai_GDCC_1e-05_n200_roFalse_s0: Loading data from ../models/synthetic/s123/random_mc2_n7_mid3_d1000_05_mr098_r10_2.csv
2026-02-02 16:32:17,180|INFO|random_mc2_n7_mid3_d1000_05_mr098_r10_2_uai_GDCC_1e-05_n200_roFalse_s0: PNS(V6,V5) exact: (0.17496630889, 0.198271938213)
2026-02-02 16:32:17,269|INFO|random_mc2_n5_mid3_d1000_05_mr098_r10_167_uai_GDCC_1e-05_n200_roFalse_s0: Loading model from ../models/synthetic/s123/random_mc2_n5_mid3_d1000_05_mr098_r10_167.uai
2026-02-02 16:32:17,295|INFO|random_mc2_n7_mid3_d1000_05_mr098_r10_184_uai_GDCC_1e-05_n200_roTrue_s0: Loading model from ../models/synthetic/s123/random_mc2_n7_mid3_d1000_05_mr098_r10_184.uai
2026-02-02 16:32:17,278|INFO|random_mc2_n5_mid3_d1000_05_mr098_r10_167_uai_GDCC_1e-05_n200_roFalse_s0: Loading data from ../models/synthetic/s123/random_mc2_n5_mid3_d1000_05_mr098_r10_167.csv
2026-02-02 16:32:17,287|INFO|random_mc2_n5_mid3_d1000_05_mr098_r10_167_uai_GDCC_1e-05_n200_roFalse_s0: PNS(V4,V0) exact: (0.2132341014888, 0.2977026872446)
2026-02-02 16:32:17,313|INFO|random_mc2_n5_mid3_d1000_05_mr098_r10_87_uai_GDCC_1e-05_n200_roTrue_s0: Loading model from ../models/synthetic/s123/random_mc2_n5_mid3_d1000_05_mr098_r10_87.uai
2026-02-02 16:32:17,307|INFO|random_mc2_n7_mid3_d1000_05_mr098_r10_184_uai_GDCC_1e-05_n200_roTrue_s0: Loading data from ../models/synthetic/s123/random_mc2_n7_mid3_d1000_05_mr098_r10_184.csv
2026-02-02 16:32:17,316|INFO|random_mc2_n7_mid3_d1000_05_mr098_r10_184_uai_GDCC_1e-05_n200_roTrue_s0: PNS(V0,V3) exact: (0.0039488823224993, 0.0144327631225721)
2026-02-02 16:32:17,335|INFO|random_mc2_n5_mid3_d1000_05_mr098_r10_87_uai_GDCC_1e-05_n200_roTrue_s0: Loading data from ../models/synthetic/s123/random_mc2_n5_mid3_d1000_05_mr098_r10_87.csv
2026-02-02 16:32:17,424|INFO|random_mc2_n6_mid3_d1000_05_mr098_r10_142_uai_GDCC_1e-05_n200_roFalse_s0: Loading model from ../models/synthetic/s123/random_mc2_n6_mid3_d1000_05_mr098_r10_142.uai
2026-02-02 16:32:17,438|INFO|random_mc2_n5_mid3_d1000_05_mr098_r10_125_uai_GDCC_1e-05_n200_roTrue_s0: Loading model from ../models/synthetic/s123/random_mc2_n5_mid3_d1000_05_mr098_r10_125.uai
2026-02-02 16:32:17,445|INFO|random_mc2_n6_mid3_d1000_05_mr098_r10_189_uai_GDCC_1e-05_n200_roFalse_s0: Loading model from ../models/synthetic/s123/random_mc2_n6_mid3_d1000_05_mr098_r10_189.uai
2026-02-02 16:32:17,432|INFO|random_mc2_n6_mid3_d1000_05_mr098_r10_142_uai_GDCC_1e-05_n200_roFalse_s0: Loading data from ../models/synthetic/s123/random_mc2_n6_mid3_d1000_05_mr098_r10_142.csv
2026-02-02 16:32:17,443|INFO|random_mc2_n6_mid3_d1000_05_mr098_r10_142_uai_GDCC_1e-05_n200_roFalse_s0: PNS(V0,V5) exact: (0.98933, 0.99047)
2026-02-02 16:32:17,444|INFO|random_mc2_n5_mid3_d1000_05_mr098_r10_125_uai_GDCC_1e-05_n200_roTrue_s0: Loading data from ../models/synthetic/s123/random_mc2_n5_mid3_d1000_05_mr098_r10_125.csv
2026-02-02 16:32:17,453|INFO|random_mc2_n5_mid3_d1000_05_mr098_r10_125_uai_GDCC_1e-05_n200_roTrue_s0: PNS(V2,V4) exact: (0.0, 0.3332024784999999)
2026-02-02 16:32:17,455|INFO|random_mc2_n6_mid3_d1000_05_mr098_r10_189_uai_GDCC_1e-05_n200_roFalse_s0: Loading data from ../models/synthetic/s123/random_mc2_n6_mid3_d1000_05_mr098_r10_189.csv
2026-02-02 16:32:17,465|INFO|random_mc2_n6_mid3_d1000_05_mr098_r10_189_uai_GDCC_1e-05_n200_roFalse_s0: PNS(V3,V1) exact: (0.6089314630473477, 0.6883287464300636)
2026-02-02 16:32:17,575|INFO|random_mc2_n5_mid3_d1000_05_mr098_r10_128_uai_GDCC_1e-05_n200_roTrue_s0: Loading model from ../models/synthetic/s123/random_mc2_n5_mid3_d1000_05_mr098_r10_128.uai
2026-02-02 16:32:17,589|INFO|random_mc2_n5_mid3_d1000_05_mr098_r10_138_uai_GDCC_1e-05_n200_roTrue_s0: Loading model from ../models/synthetic/s123/random_mc2_n5_mid3_d1000_05_mr098_r10_138.uai
2026-02-02 16:32:17,611|INFO|random_mc2_n5_mid3_d1000_05_mr098_r10_132_uai_GDCC_1e-05_n200_roFalse_s0: Loading model from ../models/synthetic/s123/random_mc2_n5_mid3_d1000_05_mr098_r10_132.uai
2026-02-02 16:32:17,580|INFO|random_mc2_n5_mid3_d1000_05_mr098_r10_128_uai_GDCC_1e-05_n200_roTrue_s0: Loading data from ../models/synthetic/s123/random_mc2_n5_mid3_d1000_05_mr098_r10_128.csv
2026-02-02 16:32:17,589|INFO|random_mc2_n5_mid3_d1000_05_mr098_r10_128_uai_GDCC_1e-05_n200_roTrue_s0: PNS(V2,V0) exact: (0.0, 0.0565271411)
2026-02-02 16:32:17,593|INFO|random_mc2_n5_mid3_d1000_05_mr098_r10_138_uai_GDCC_1e-05_n200_roTrue_s0: Loading data from ../models/synthetic/s123/random_mc2_n5_mid3_d1000_05_mr098_r10_138.csv
2026-02-02 16:32:17,601|INFO|random_mc2_n5_mid3_d1000_05_mr098_r10_138_uai_GDCC_1e-05_n200_roTrue_s0: PNS(V4,V0) exact: (0.01751032725, 0.049784487675)
2026-02-02 16:32:17,616|INFO|random_mc2_n5_mid3_d1000_05_mr098_r10_132_uai_GDCC_1e-05_n200_roFalse_s0: Loading data from ../models/synthetic/s123/random_mc2_n5_mid3_d1000_05_mr098_r10_132.csv
2026-02-02 16:32:17,626|INFO|random_mc2_n5_mid3_d1000_05_mr098_r10_132_uai_GDCC_1e-05_n200_roFalse_s0: PNS(V0,V2) exact: (0.0, 0.0)
2026-02-02 16:32:17,626|ERROR|random_mc2_n5_mid3_d1000_05_mr098_r10_132_uai_GDCC_1e-05_n200_roFalse_s0: Model does not have any cause-effect path.
2026-02-02 16:32:17,654|INFO|random_mc2_n9_mid3_d1000_05_mr098_r10_163_uai_GDCC_1e-05_n200_roTrue_s0: Loading model from ../models/synthetic/s123/random_mc2_n9_mid3_d1000_05_mr098_r10_163.uai
2026-02-02 16:32:17,668|INFO|random_mc2_n6_mid3_d1000_05_mr098_r10_117_uai_GDCC_1e-05_n200_roFalse_s0: Loading model from ../models/synthetic/s123/random_mc2_n6_mid3_d1000_05_mr098_r10_117.uai
2026-02-02 16:32:17,689|INFO|random_mc2_n9_mid3_d1000_05_mr098_r10_1_uai_GDCC_1e-05_n200_roTrue_s0: Loading model from ../models/synthetic/s123/random_mc2_n9_mid3_d1000_05_mr098_r10_1.uai
2026-02-02 16:32:17,692|INFO|random_mc2_n6_mid3_d1000_05_mr098_r10_60_uai_GDCC_1e-05_n200_roFalse_s0: Loading model from ../models/synthetic/s123/random_mc2_n6_mid3_d1000_05_mr098_r10_60.uai
2026-02-02 16:32:17,682|INFO|random_mc2_n9_mid3_d1000_05_mr098_r10_163_uai_GDCC_1e-05_n200_roTrue_s0: Loading data from ../models/synthetic/s123/random_mc2_n9_mid3_d1000_05_mr098_r10_163.csv
2026-02-02 16:32:17,677|INFO|random_mc2_n6_mid3_d1000_05_mr098_r10_117_uai_GDCC_1e-05_n200_roFalse_s0: Loading data from ../models/synthetic/s123/random_mc2_n6_mid3_d1000_05_mr098_r10_117.csv
2026-02-02 16:32:17,705|INFO|random_mc2_n6_mid3_d1000_05_mr098_r10_60_uai_GDCC_1e-05_n200_roFalse_s0: Loading data from ../models/synthetic/s123/random_mc2_n6_mid3_d1000_05_mr098_r10_60.csv
2026-02-02 16:32:17,713|INFO|random_mc2_n6_mid3_d1000_05_mr098_r10_60_uai_GDCC_1e-05_n200_roFalse_s0: PNS(V2,V1) exact: (0.01063473235, 0.0254823380132)
2026-02-02 16:32:17,739|INFO|random_mc2_n9_mid3_d1000_05_mr098_r10_1_uai_GDCC_1e-05_n200_roTrue_s0: Loading data from ../models/synthetic/s123/random_mc2_n9_mid3_d1000_05_mr098_r10_1.csv
2026-02-02 16:32:17,745|INFO|random_mc2_n7_mid3_d1000_05_mr098_r10_197_uai_GDCC_1e-05_n200_roFalse_s0: Loading model from ../models/synthetic/s123/random_mc2_n7_mid3_d1000_05_mr098_r10_197.uai
2026-02-02 16:32:17,750|INFO|random_mc2_n9_mid3_d1000_05_mr098_r10_1_uai_GDCC_1e-05_n200_roTrue_s0: PNS(V6,V2) exact: (0.156075015699298, 0.162433592078674)
2026-02-02 16:32:17,756|INFO|random_mc2_n7_mid3_d1000_05_mr098_r10_197_uai_GDCC_1e-05_n200_roFalse_s0: Loading data from ../models/synthetic/s123/random_mc2_n7_mid3_d1000_05_mr098_r10_197.csv
2026-02-02 16:32:17,765|INFO|random_mc2_n7_mid3_d1000_05_mr098_r10_197_uai_GDCC_1e-05_n200_roFalse_s0: PNS(V4,V6) exact: (0.0077679086795427, 0.0129274736640678)
2026-02-02 16:32:18,836|INFO|random_mc2_n5_mid3_d1000_05_mr098_r10_45_uai_GDCC_1e-05_n200_roTrue_s0: Loading model from ../models/synthetic/s123/random_mc2_n5_mid3_d1000_05_mr098_r10_45.uai
2026-02-02 16:32:18,848|INFO|random_mc2_n5_mid3_d1000_05_mr098_r10_45_uai_GDCC_1e-05_n200_roTrue_s0: Loading data from ../models/synthetic/s123/random_mc2_n5_mid3_d1000_05_mr098_r10_45.csv
2026-02-02 16:32:18,859|INFO|random_mc2_n5_mid3_d1000_05_mr098_r10_45_uai_GDCC_1e-05_n200_roTrue_s0: PNS(V1,V2) exact: (0.0940954230999999, 0.5326951514)
