2026-02-02 16:15:23,459|INFO|random_mc2_n8_mid3_d1000_05_mr098_r10_26_uai_GSCC_n200_roTrue_s0: Loading model from ../models/synthetic/s123/random_mc2_n8_mid3_d1000_05_mr098_r10_26.uai
2026-02-02 16:15:23,499|INFO|random_mc2_n8_mid3_d1000_05_mr098_r10_38_uai_GSCC_n200_roTrue_s0: Loading model from ../models/synthetic/s123/random_mc2_n8_mid3_d1000_05_mr098_r10_38.uai
2026-02-02 16:15:23,518|INFO|random_mc2_n8_mid3_d1000_05_mr098_r10_26_uai_GSCC_n200_roTrue_s0: Loading data from ../models/synthetic/s123/random_mc2_n8_mid3_d1000_05_mr098_r10_26.csv
2026-02-02 16:15:23,531|ERROR|random_mc2_n8_mid3_d1000_05_mr098_r10_26_uai_GSCC_n200_roTrue_s0: File exists, not rewriting.
2026-02-02 16:15:23,536|INFO|random_mc2_n8_mid3_d1000_05_mr098_r10_38_uai_GSCC_n200_roTrue_s0: Loading data from ../models/synthetic/s123/random_mc2_n8_mid3_d1000_05_mr098_r10_38.csv
2026-02-02 16:15:23,545|ERROR|random_mc2_n8_mid3_d1000_05_mr098_r10_38_uai_GSCC_n200_roTrue_s0: File exists, not rewriting.
2026-02-02 16:15:27,505|INFO|random_mc2_n6_mid3_d1000_05_mr098_r10_149_uai_GSCC_n200_roTrue_s0: Loading model from ../models/synthetic/s123/random_mc2_n6_mid3_d1000_05_mr098_r10_149.uai
2026-02-02 16:15:27,512|INFO|random_mc2_n5_mid3_d1000_05_mr098_r10_197_uai_GSCC_n200_roFalse_s0: Loading model from ../models/synthetic/s123/random_mc2_n5_mid3_d1000_05_mr098_r10_197.uai
2026-02-02 16:15:27,528|INFO|random_mc2_n6_mid3_d1000_05_mr098_r10_149_uai_GSCC_n200_roTrue_s0: Loading data from ../models/synthetic/s123/random_mc2_n6_mid3_d1000_05_mr098_r10_149.csv
2026-02-02 16:15:27,548|INFO|random_mc2_n6_mid3_d1000_05_mr098_r10_149_uai_GSCC_n200_roTrue_s0: PNS(V2,V5) exact: (0.6597397735, 0.811257382)
2026-02-02 16:15:27,525|INFO|random_mc2_n5_mid3_d1000_05_mr098_r10_197_uai_GSCC_n200_roFalse_s0: Loading data from ../models/synthetic/s123/random_mc2_n5_mid3_d1000_05_mr098_r10_197.csv
2026-02-02 16:15:27,543|INFO|random_mc2_n5_mid3_d1000_05_mr098_r10_197_uai_GSCC_n200_roFalse_s0: PNS(V0,V2) exact: (0.0654547499999999, 0.0866559)
2026-02-02 16:15:29,838|INFO|random_mc2_n7_mid3_d1000_05_mr098_r10_90_uai_GSCC_n200_roTrue_s0: Loading model from ../models/synthetic/s123/random_mc2_n7_mid3_d1000_05_mr098_r10_90.uai
2026-02-02 16:15:29,859|INFO|random_mc2_n7_mid3_d1000_05_mr098_r10_90_uai_GSCC_n200_roTrue_s0: Loading data from ../models/synthetic/s123/random_mc2_n7_mid3_d1000_05_mr098_r10_90.csv
2026-02-02 16:15:29,870|ERROR|random_mc2_n7_mid3_d1000_05_mr098_r10_90_uai_GSCC_n200_roTrue_s0: File exists, not rewriting.
2026-02-02 16:15:29,984|INFO|random_mc2_n6_mid3_d1000_05_mr098_r10_164_uai_GSCC_n200_roTrue_s0: Loading model from ../models/synthetic/s123/random_mc2_n6_mid3_d1000_05_mr098_r10_164.uai
2026-02-02 16:15:29,992|INFO|random_mc2_n6_mid3_d1000_05_mr098_r10_164_uai_GSCC_n200_roTrue_s0: Loading data from ../models/synthetic/s123/random_mc2_n6_mid3_d1000_05_mr098_r10_164.csv
2026-02-02 16:15:30,003|INFO|random_mc2_n6_mid3_d1000_05_mr098_r10_164_uai_GSCC_n200_roTrue_s0: PNS(V4,V3) exact: (0.19591, 0.25606)
2026-02-02 16:15:30,288|INFO|random_mc2_n6_mid3_d1000_05_mr098_r10_169_uai_GSCC_n200_roFalse_s0: Loading model from ../models/synthetic/s123/random_mc2_n6_mid3_d1000_05_mr098_r10_169.uai
2026-02-02 16:15:30,291|INFO|random_mc2_n6_mid3_d1000_05_mr098_r10_103_uai_GSCC_n200_roFalse_s0: Loading model from ../models/synthetic/s123/random_mc2_n6_mid3_d1000_05_mr098_r10_103.uai
2026-02-02 16:15:30,296|INFO|random_mc2_n5_mid3_d1000_05_mr098_r10_141_uai_GSCC_n200_roTrue_s0: Loading model from ../models/synthetic/s123/random_mc2_n5_mid3_d1000_05_mr098_r10_141.uai
2026-02-02 16:15:30,309|INFO|random_mc2_n8_mid3_d1000_05_mr098_r10_146_uai_GSCC_n200_roTrue_s0: Loading model from ../models/synthetic/s123/random_mc2_n8_mid3_d1000_05_mr098_r10_146.uai
2026-02-02 16:15:30,299|INFO|random_mc2_n6_mid3_d1000_05_mr098_r10_169_uai_GSCC_n200_roFalse_s0: Loading data from ../models/synthetic/s123/random_mc2_n6_mid3_d1000_05_mr098_r10_169.csv
2026-02-02 16:15:30,313|INFO|random_mc2_n6_mid3_d1000_05_mr098_r10_169_uai_GSCC_n200_roFalse_s0: PNS(V2,V3) exact: (0.0, 0.039991749496806)
2026-02-02 16:15:30,311|INFO|random_mc2_n6_mid3_d1000_05_mr098_r10_103_uai_GSCC_n200_roFalse_s0: Loading data from ../models/synthetic/s123/random_mc2_n6_mid3_d1000_05_mr098_r10_103.csv
2026-02-02 16:15:30,320|ERROR|random_mc2_n6_mid3_d1000_05_mr098_r10_103_uai_GSCC_n200_roFalse_s0: File exists, not rewriting.
2026-02-02 16:15:30,308|INFO|random_mc2_n5_mid3_d1000_05_mr098_r10_141_uai_GSCC_n200_roTrue_s0: Loading data from ../models/synthetic/s123/random_mc2_n5_mid3_d1000_05_mr098_r10_141.csv
2026-02-02 16:15:30,321|INFO|random_mc2_n5_mid3_d1000_05_mr098_r10_141_uai_GSCC_n200_roTrue_s0: PNS(V1,V4) exact: (0.0017244544, 0.2307695208999999)
2026-02-02 16:15:30,327|INFO|random_mc2_n8_mid3_d1000_05_mr098_r10_146_uai_GSCC_n200_roTrue_s0: Loading data from ../models/synthetic/s123/random_mc2_n8_mid3_d1000_05_mr098_r10_146.csv
2026-02-02 16:15:30,334|ERROR|random_mc2_n8_mid3_d1000_05_mr098_r10_146_uai_GSCC_n200_roTrue_s0: File exists, not rewriting.
2026-02-02 16:15:30,533|INFO|random_mc2_n6_mid3_d1000_05_mr098_r10_88_uai_GSCC_n200_roFalse_s0: Loading model from ../models/synthetic/s123/random_mc2_n6_mid3_d1000_05_mr098_r10_88.uai
2026-02-02 16:15:30,565|INFO|random_mc2_n6_mid3_d1000_05_mr098_r10_88_uai_GSCC_n200_roFalse_s0: Loading data from ../models/synthetic/s123/random_mc2_n6_mid3_d1000_05_mr098_r10_88.csv
2026-02-02 16:15:30,578|INFO|random_mc2_n5_mid3_d1000_05_mr098_r10_132_uai_GSCC_n200_roFalse_s0: Loading model from ../models/synthetic/s123/random_mc2_n5_mid3_d1000_05_mr098_r10_132.uai
2026-02-02 16:15:30,579|ERROR|random_mc2_n6_mid3_d1000_05_mr098_r10_88_uai_GSCC_n200_roFalse_s0: File exists, not rewriting.
2026-02-02 16:15:30,588|INFO|random_mc2_n6_mid3_d1000_05_mr098_r10_72_uai_GSCC_n200_roTrue_s0: Loading model from ../models/synthetic/s123/random_mc2_n6_mid3_d1000_05_mr098_r10_72.uai
2026-02-02 16:15:30,604|INFO|random_mc2_n5_mid3_d1000_05_mr098_r10_44_uai_GSCC_n200_roFalse_s0: Loading model from ../models/synthetic/s123/random_mc2_n5_mid3_d1000_05_mr098_r10_44.uai
2026-02-02 16:15:30,610|INFO|random_mc2_n7_mid3_d1000_05_mr098_r10_127_uai_GSCC_n200_roTrue_s0: Loading model from ../models/synthetic/s123/random_mc2_n7_mid3_d1000_05_mr098_r10_127.uai
2026-02-02 16:15:30,586|INFO|random_mc2_n5_mid3_d1000_05_mr098_r10_132_uai_GSCC_n200_roFalse_s0: Loading data from ../models/synthetic/s123/random_mc2_n5_mid3_d1000_05_mr098_r10_132.csv
2026-02-02 16:15:30,601|INFO|random_mc2_n5_mid3_d1000_05_mr098_r10_132_uai_GSCC_n200_roFalse_s0: PNS(V0,V2) exact: (0.0, 0.0)
2026-02-02 16:15:30,601|ERROR|random_mc2_n5_mid3_d1000_05_mr098_r10_132_uai_GSCC_n200_roFalse_s0: Model does not have any cause-effect path.
2026-02-02 16:15:30,604|INFO|random_mc2_n6_mid3_d1000_05_mr098_r10_72_uai_GSCC_n200_roTrue_s0: Loading data from ../models/synthetic/s123/random_mc2_n6_mid3_d1000_05_mr098_r10_72.csv
2026-02-02 16:15:30,628|INFO|random_mc2_n5_mid3_d1000_05_mr098_r10_4_uai_GSCC_n200_roFalse_s0: Loading model from ../models/synthetic/s123/random_mc2_n5_mid3_d1000_05_mr098_r10_4.uai
2026-02-02 16:15:30,619|INFO|random_mc2_n6_mid3_d1000_05_mr098_r10_72_uai_GSCC_n200_roTrue_s0: PNS(V1,V5) exact: (0.0139420482, 0.0995220407)
2026-02-02 16:15:30,630|INFO|random_mc2_n8_mid3_d1000_05_mr098_r10_122_uai_GSCC_n200_roTrue_s0: Loading model from ../models/synthetic/s123/random_mc2_n8_mid3_d1000_05_mr098_r10_122.uai
2026-02-02 16:15:30,637|INFO|random_mc2_n6_mid3_d1000_05_mr098_r10_71_uai_GSCC_n200_roFalse_s0: Loading model from ../models/synthetic/s123/random_mc2_n6_mid3_d1000_05_mr098_r10_71.uai
2026-02-02 16:15:30,620|INFO|random_mc2_n5_mid3_d1000_05_mr098_r10_44_uai_GSCC_n200_roFalse_s0: Loading data from ../models/synthetic/s123/random_mc2_n5_mid3_d1000_05_mr098_r10_44.csv
2026-02-02 16:15:30,641|INFO|random_mc2_n5_mid3_d1000_05_mr098_r10_44_uai_GSCC_n200_roFalse_s0: PNS(V1,V3) exact: (0.01686, 0.02828)
2026-02-02 16:15:30,629|INFO|random_mc2_n7_mid3_d1000_05_mr098_r10_127_uai_GSCC_n200_roTrue_s0: Loading data from ../models/synthetic/s123/random_mc2_n7_mid3_d1000_05_mr098_r10_127.csv
2026-02-02 16:15:30,658|INFO|random_mc2_n7_mid3_d1000_05_mr098_r10_127_uai_GSCC_n200_roTrue_s0: PNS(V4,V5) exact: (0.2021747419002779, 0.288697593484274)
2026-02-02 16:15:30,640|INFO|random_mc2_n5_mid3_d1000_05_mr098_r10_4_uai_GSCC_n200_roFalse_s0: Loading data from ../models/synthetic/s123/random_mc2_n5_mid3_d1000_05_mr098_r10_4.csv
2026-02-02 16:15:30,658|INFO|random_mc2_n5_mid3_d1000_05_mr098_r10_4_uai_GSCC_n200_roFalse_s0: PNS(V1,V3) exact: (0.008115440172339, 0.040113058343352)
trainable: ['V1', 'V5', 'V3']
2026-02-02 16:15:30,646|INFO|random_mc2_n8_mid3_d1000_05_mr098_r10_122_uai_GSCC_n200_roTrue_s0: Loading data from ../models/synthetic/s123/random_mc2_n8_mid3_d1000_05_mr098_r10_122.csv
2026-02-02 16:15:30,655|ERROR|random_mc2_n8_mid3_d1000_05_mr098_r10_122_uai_GSCC_n200_roTrue_s0: File exists, not rewriting.
2026-02-02 16:15:30,654|INFO|random_mc2_n6_mid3_d1000_05_mr098_r10_71_uai_GSCC_n200_roFalse_s0: Loading data from ../models/synthetic/s123/random_mc2_n6_mid3_d1000_05_mr098_r10_71.csv
2026-02-02 16:15:30,669|INFO|random_mc2_n6_mid3_d1000_05_mr098_r10_71_uai_GSCC_n200_roFalse_s0: PNS(V0,V3) exact: (0.5001600000000002, 0.6072)
2026-02-02 16:15:30,772|INFO|random_mc2_n6_mid3_d1000_05_mr098_r10_145_uai_GSCC_n200_roTrue_s0: Loading model from ../models/synthetic/s123/random_mc2_n6_mid3_d1000_05_mr098_r10_145.uai
trainable: ['V6', 'V0', 'V7', 'V8']
2026-02-02 16:15:30,789|INFO|random_mc2_n5_mid3_d1000_05_mr098_r10_162_uai_GSCC_n200_roFalse_s0: Loading model from ../models/synthetic/s123/random_mc2_n5_mid3_d1000_05_mr098_r10_162.uai
2026-02-02 16:15:30,794|INFO|random_mc2_n6_mid3_d1000_05_mr098_r10_145_uai_GSCC_n200_roTrue_s0: Loading data from ../models/synthetic/s123/random_mc2_n6_mid3_d1000_05_mr098_r10_145.csv
2026-02-02 16:15:30,804|ERROR|random_mc2_n6_mid3_d1000_05_mr098_r10_145_uai_GSCC_n200_roTrue_s0: File exists, not rewriting.
2026-02-02 16:15:30,796|INFO|random_mc2_n5_mid3_d1000_05_mr098_r10_162_uai_GSCC_n200_roFalse_s0: Loading data from ../models/synthetic/s123/random_mc2_n5_mid3_d1000_05_mr098_r10_162.csv
2026-02-02 16:15:30,814|INFO|random_mc2_n5_mid3_d1000_05_mr098_r10_162_uai_GSCC_n200_roFalse_s0: PNS(V3,V1) exact: (0.02702942159625, 0.05577743562975)
2026-02-02 16:15:30,835|INFO|random_mc2_n5_mid3_d1000_05_mr098_r10_170_uai_GSCC_n200_roTrue_s0: Loading model from ../models/synthetic/s123/random_mc2_n5_mid3_d1000_05_mr098_r10_170.uai
2026-02-02 16:15:30,844|INFO|random_mc2_n6_mid3_d1000_05_mr098_r10_58_uai_GSCC_n200_roTrue_s0: Loading model from ../models/synthetic/s123/random_mc2_n6_mid3_d1000_05_mr098_r10_58.uai
2026-02-02 16:15:30,842|INFO|random_mc2_n5_mid3_d1000_05_mr098_r10_170_uai_GSCC_n200_roTrue_s0: Loading data from ../models/synthetic/s123/random_mc2_n5_mid3_d1000_05_mr098_r10_170.csv
2026-02-02 16:15:30,852|ERROR|random_mc2_n5_mid3_d1000_05_mr098_r10_170_uai_GSCC_n200_roTrue_s0: File exists, not rewriting.
2026-02-02 16:15:30,853|INFO|random_mc2_n6_mid3_d1000_05_mr098_r10_58_uai_GSCC_n200_roTrue_s0: Loading data from ../models/synthetic/s123/random_mc2_n6_mid3_d1000_05_mr098_r10_58.csv
2026-02-02 16:15:30,864|INFO|random_mc2_n6_mid3_d1000_05_mr098_r10_58_uai_GSCC_n200_roTrue_s0: PNS(V3,V2) exact: (0.0, 0.0)
2026-02-02 16:15:30,865|ERROR|random_mc2_n6_mid3_d1000_05_mr098_r10_58_uai_GSCC_n200_roTrue_s0: Model does not have any cause-effect path.
trainable: ['V5', 'V0']
trainable: ['V6', 'V5', 'V7', 'V8']
trainable: ['V0', 'V3', 'V5']
trainable: ['V4', 'V5', 'V6']
trainable: ['V0', 'V6', 'V7', 'V8', 'V9']
trainable: ['V0', 'V2']
trainable: ['V4', 'V6', 'V5']
trainable: ['V7', 'V6', 'V2']
trainable: ['V5', 'V6', 'V0', 'V7']
2026-02-02 16:15:36,117|INFO|random_mc2_n5_mid3_d1000_05_mr098_r10_44_uai_GSCC_n200_roFalse_s0: [0.0194,0.0194]	 1 runs	 rmse=0.00926	 T_learn=5418 ms. 	 T_infer=49 ms.
2026-02-02 16:15:36,134|INFO|random_mc2_n5_mid3_d1000_05_mr098_r10_44_uai_GSCC_n200_roFalse_s0: Saving results to ../results/synthetic/s123/random_mc2_n5_mid3_d1000_05_mr098_r10_44_uai_GSCC_n200_roFalse_s0.csv
2026-02-02 16:15:36,269|INFO|random_mc2_n5_mid3_d1000_05_mr098_r10_44_uai_GSCC_n200_roFalse_s0: [0.0180,0.0194]	 2 runs	 rmse=0.00899	 T_learn=5455 ms. 	 T_infer=98 ms.
2026-02-02 16:15:36,274|INFO|random_mc2_n5_mid3_d1000_05_mr098_r10_44_uai_GSCC_n200_roFalse_s0: Saving results to ../results/synthetic/s123/random_mc2_n5_mid3_d1000_05_mr098_r10_44_uai_GSCC_n200_roFalse_s0.csv
2026-02-02 16:15:36,462|INFO|random_mc2_n5_mid3_d1000_05_mr098_r10_44_uai_GSCC_n200_roFalse_s0: [0.0180,0.0194]	 3 runs	 rmse=0.00893	 T_learn=5496 ms. 	 T_infer=147 ms.
2026-02-02 16:15:36,468|INFO|random_mc2_n5_mid3_d1000_05_mr098_r10_44_uai_GSCC_n200_roFalse_s0: Saving results to ../results/synthetic/s123/random_mc2_n5_mid3_d1000_05_mr098_r10_44_uai_GSCC_n200_roFalse_s0.csv
2026-02-02 16:15:36,494|INFO|random_mc2_n5_mid3_d1000_05_mr098_r10_141_uai_GSCC_n200_roTrue_s0: [0.1348,0.1348]	 1 runs	 rmse=0.16407	 T_learn=6124 ms. 	 T_infer=42 ms.
2026-02-02 16:15:36,503|INFO|random_mc2_n5_mid3_d1000_05_mr098_r10_141_uai_GSCC_n200_roTrue_s0: Saving results to ../results/synthetic/s123/random_mc2_n5_mid3_d1000_05_mr098_r10_141_uai_GSCC_n200_roTrue_s0.csv
2026-02-02 16:15:36,631|INFO|random_mc2_n5_mid3_d1000_05_mr098_r10_141_uai_GSCC_n200_roTrue_s0: [0.1294,0.1348]	 2 runs	 rmse=0.15969	 T_learn=6167 ms. 	 T_infer=84 ms.
2026-02-02 16:15:36,636|INFO|random_mc2_n5_mid3_d1000_05_mr098_r10_141_uai_GSCC_n200_roTrue_s0: Saving results to ../results/synthetic/s123/random_mc2_n5_mid3_d1000_05_mr098_r10_141_uai_GSCC_n200_roTrue_s0.csv
2026-02-02 16:15:36,712|INFO|random_mc2_n5_mid3_d1000_05_mr098_r10_44_uai_GSCC_n200_roFalse_s0: [0.0180,0.0194]	 4 runs	 rmse=0.00893	 T_learn=5544 ms. 	 T_infer=196 ms.
2026-02-02 16:15:36,717|INFO|random_mc2_n5_mid3_d1000_05_mr098_r10_44_uai_GSCC_n200_roFalse_s0: Saving results to ../results/synthetic/s123/random_mc2_n5_mid3_d1000_05_mr098_r10_44_uai_GSCC_n200_roFalse_s0.csv
2026-02-02 16:15:36,806|INFO|random_mc2_n5_mid3_d1000_05_mr098_r10_141_uai_GSCC_n200_roTrue_s0: [0.1294,0.1488]	 3 runs	 rmse=0.15169	 T_learn=6213 ms. 	 T_infer=123 ms.
2026-02-02 16:15:36,810|INFO|random_mc2_n5_mid3_d1000_05_mr098_r10_141_uai_GSCC_n200_roTrue_s0: Saving results to ../results/synthetic/s123/random_mc2_n5_mid3_d1000_05_mr098_r10_141_uai_GSCC_n200_roTrue_s0.csv
2026-02-02 16:15:37,014|INFO|random_mc2_n5_mid3_d1000_05_mr098_r10_44_uai_GSCC_n200_roFalse_s0: [0.0180,0.0205]	 5 runs	 rmse=0.00789	 T_learn=5598 ms. 	 T_infer=243 ms.
2026-02-02 16:15:37,019|INFO|random_mc2_n5_mid3_d1000_05_mr098_r10_44_uai_GSCC_n200_roFalse_s0: Saving results to ../results/synthetic/s123/random_mc2_n5_mid3_d1000_05_mr098_r10_44_uai_GSCC_n200_roFalse_s0.csv
2026-02-02 16:15:37,025|INFO|random_mc2_n5_mid3_d1000_05_mr098_r10_141_uai_GSCC_n200_roTrue_s0: [0.1294,0.1504]	 4 runs	 rmse=0.15083	 T_learn=6263 ms. 	 T_infer=165 ms.
2026-02-02 16:15:37,030|INFO|random_mc2_n5_mid3_d1000_05_mr098_r10_141_uai_GSCC_n200_roTrue_s0: Saving results to ../results/synthetic/s123/random_mc2_n5_mid3_d1000_05_mr098_r10_141_uai_GSCC_n200_roTrue_s0.csv
2026-02-02 16:15:37,291|INFO|random_mc2_n5_mid3_d1000_05_mr098_r10_141_uai_GSCC_n200_roTrue_s0: [0.1294,0.1504]	 5 runs	 rmse=0.15083	 T_learn=6319 ms. 	 T_infer=205 ms.
2026-02-02 16:15:37,298|INFO|random_mc2_n5_mid3_d1000_05_mr098_r10_141_uai_GSCC_n200_roTrue_s0: Saving results to ../results/synthetic/s123/random_mc2_n5_mid3_d1000_05_mr098_r10_141_uai_GSCC_n200_roTrue_s0.csv
2026-02-02 16:15:37,370|INFO|random_mc2_n5_mid3_d1000_05_mr098_r10_44_uai_GSCC_n200_roFalse_s0: [0.0180,0.0205]	 6 runs	 rmse=0.00789	 T_learn=5657 ms. 	 T_infer=292 ms.
2026-02-02 16:15:37,376|INFO|random_mc2_n5_mid3_d1000_05_mr098_r10_44_uai_GSCC_n200_roFalse_s0: Saving results to ../results/synthetic/s123/random_mc2_n5_mid3_d1000_05_mr098_r10_44_uai_GSCC_n200_roFalse_s0.csv
2026-02-02 16:15:37,471|INFO|random_mc2_n6_mid3_d1000_05_mr098_r10_169_uai_GSCC_n200_roFalse_s0: [0.0144,0.0144]	 1 runs	 rmse=0.02935	 T_learn=7120 ms. 	 T_infer=30 ms.
2026-02-02 16:15:37,483|INFO|random_mc2_n6_mid3_d1000_05_mr098_r10_169_uai_GSCC_n200_roFalse_s0: Saving results to ../results/synthetic/s123/random_mc2_n6_mid3_d1000_05_mr098_r10_169_uai_GSCC_n200_roFalse_s0.csv
2026-02-02 16:15:37,587|INFO|random_mc2_n6_mid3_d1000_05_mr098_r10_169_uai_GSCC_n200_roFalse_s0: [0.0144,0.0155]	 2 runs	 rmse=0.02843	 T_learn=7165 ms. 	 T_infer=59 ms.
2026-02-02 16:15:37,592|INFO|random_mc2_n6_mid3_d1000_05_mr098_r10_169_uai_GSCC_n200_roFalse_s0: Saving results to ../results/synthetic/s123/random_mc2_n6_mid3_d1000_05_mr098_r10_169_uai_GSCC_n200_roFalse_s0.csv
2026-02-02 16:15:37,603|INFO|random_mc2_n5_mid3_d1000_05_mr098_r10_141_uai_GSCC_n200_roTrue_s0: [0.1294,0.1504]	 6 runs	 rmse=0.15083	 T_learn=6378 ms. 	 T_infer=246 ms.
2026-02-02 16:15:37,611|INFO|random_mc2_n5_mid3_d1000_05_mr098_r10_141_uai_GSCC_n200_roTrue_s0: Saving results to ../results/synthetic/s123/random_mc2_n5_mid3_d1000_05_mr098_r10_141_uai_GSCC_n200_roTrue_s0.csv
2026-02-02 16:15:37,669|INFO|random_mc2_n6_mid3_d1000_05_mr098_r10_71_uai_GSCC_n200_roFalse_s0: [0.5739,0.5739]	 1 runs	 rmse=0.08092	 T_learn=6938 ms. 	 T_infer=54 ms.
2026-02-02 16:15:37,684|INFO|random_mc2_n6_mid3_d1000_05_mr098_r10_71_uai_GSCC_n200_roFalse_s0: Saving results to ../results/synthetic/s123/random_mc2_n6_mid3_d1000_05_mr098_r10_71_uai_GSCC_n200_roFalse_s0.csv
2026-02-02 16:15:37,728|INFO|random_mc2_n6_mid3_d1000_05_mr098_r10_169_uai_GSCC_n200_roFalse_s0: [0.0144,0.0155]	 3 runs	 rmse=0.02843	 T_learn=7213 ms. 	 T_infer=88 ms.
2026-02-02 16:15:37,734|INFO|random_mc2_n6_mid3_d1000_05_mr098_r10_169_uai_GSCC_n200_roFalse_s0: Saving results to ../results/synthetic/s123/random_mc2_n6_mid3_d1000_05_mr098_r10_169_uai_GSCC_n200_roFalse_s0.csv
2026-02-02 16:15:37,781|INFO|random_mc2_n5_mid3_d1000_05_mr098_r10_44_uai_GSCC_n200_roFalse_s0: [0.0180,0.0205]	 7 runs	 rmse=0.00789	 T_learn=5722 ms. 	 T_infer=339 ms.
2026-02-02 16:15:37,786|INFO|random_mc2_n5_mid3_d1000_05_mr098_r10_44_uai_GSCC_n200_roFalse_s0: Saving results to ../results/synthetic/s123/random_mc2_n5_mid3_d1000_05_mr098_r10_44_uai_GSCC_n200_roFalse_s0.csv
2026-02-02 16:15:37,842|INFO|random_mc2_n6_mid3_d1000_05_mr098_r10_71_uai_GSCC_n200_roFalse_s0: [0.5354,0.5739]	 2 runs	 rmse=0.04846	 T_learn=6988 ms. 	 T_infer=108 ms.
2026-02-02 16:15:37,848|INFO|random_mc2_n6_mid3_d1000_05_mr098_r10_71_uai_GSCC_n200_roFalse_s0: Saving results to ../results/synthetic/s123/random_mc2_n6_mid3_d1000_05_mr098_r10_71_uai_GSCC_n200_roFalse_s0.csv
2026-02-02 16:15:37,903|INFO|random_mc2_n6_mid3_d1000_05_mr098_r10_169_uai_GSCC_n200_roFalse_s0: [0.0144,0.0156]	 4 runs	 rmse=0.02835	 T_learn=7263 ms. 	 T_infer=119 ms.
2026-02-02 16:15:37,912|INFO|random_mc2_n6_mid3_d1000_05_mr098_r10_169_uai_GSCC_n200_roFalse_s0: Saving results to ../results/synthetic/s123/random_mc2_n6_mid3_d1000_05_mr098_r10_169_uai_GSCC_n200_roFalse_s0.csv
2026-02-02 16:15:37,960|INFO|random_mc2_n5_mid3_d1000_05_mr098_r10_141_uai_GSCC_n200_roTrue_s0: [0.1294,0.1504]	 7 runs	 rmse=0.15083	 T_learn=6441 ms. 	 T_infer=286 ms.
2026-02-02 16:15:37,966|INFO|random_mc2_n5_mid3_d1000_05_mr098_r10_141_uai_GSCC_n200_roTrue_s0: Saving results to ../results/synthetic/s123/random_mc2_n5_mid3_d1000_05_mr098_r10_141_uai_GSCC_n200_roTrue_s0.csv
2026-02-02 16:15:38,067|INFO|random_mc2_n6_mid3_d1000_05_mr098_r10_71_uai_GSCC_n200_roFalse_s0: [0.5354,0.5739]	 3 runs	 rmse=0.04846	 T_learn=7045 ms. 	 T_infer=162 ms.
2026-02-02 16:15:38,072|INFO|random_mc2_n6_mid3_d1000_05_mr098_r10_71_uai_GSCC_n200_roFalse_s0: Saving results to ../results/synthetic/s123/random_mc2_n6_mid3_d1000_05_mr098_r10_71_uai_GSCC_n200_roFalse_s0.csv
2026-02-02 16:15:38,115|INFO|random_mc2_n6_mid3_d1000_05_mr098_r10_169_uai_GSCC_n200_roFalse_s0: [0.0144,0.0162]	 5 runs	 rmse=0.02782	 T_learn=7316 ms. 	 T_infer=149 ms.
2026-02-02 16:15:38,120|INFO|random_mc2_n6_mid3_d1000_05_mr098_r10_169_uai_GSCC_n200_roFalse_s0: Saving results to ../results/synthetic/s123/random_mc2_n6_mid3_d1000_05_mr098_r10_169_uai_GSCC_n200_roFalse_s0.csv
2026-02-02 16:15:38,248|INFO|random_mc2_n5_mid3_d1000_05_mr098_r10_44_uai_GSCC_n200_roFalse_s0: [0.0178,0.0205]	 8 runs	 rmse=0.00785	 T_learn=5793 ms. 	 T_infer=391 ms.
2026-02-02 16:15:38,253|INFO|random_mc2_n5_mid3_d1000_05_mr098_r10_44_uai_GSCC_n200_roFalse_s0: Saving results to ../results/synthetic/s123/random_mc2_n5_mid3_d1000_05_mr098_r10_44_uai_GSCC_n200_roFalse_s0.csv
2026-02-02 16:15:38,353|INFO|random_mc2_n6_mid3_d1000_05_mr098_r10_71_uai_GSCC_n200_roFalse_s0: [0.5354,0.5928]	 4 runs	 rmse=0.03807	 T_learn=7110 ms. 	 T_infer=216 ms.
2026-02-02 16:15:38,357|INFO|random_mc2_n6_mid3_d1000_05_mr098_r10_169_uai_GSCC_n200_roFalse_s0: [0.0144,0.0162]	 6 runs	 rmse=0.02782	 T_learn=7373 ms. 	 T_infer=180 ms.
2026-02-02 16:15:38,360|INFO|random_mc2_n6_mid3_d1000_05_mr098_r10_71_uai_GSCC_n200_roFalse_s0: Saving results to ../results/synthetic/s123/random_mc2_n6_mid3_d1000_05_mr098_r10_71_uai_GSCC_n200_roFalse_s0.csv
2026-02-02 16:15:38,361|INFO|random_mc2_n5_mid3_d1000_05_mr098_r10_141_uai_GSCC_n200_roTrue_s0: [0.1294,0.1583]	 8 runs	 rmse=0.14679	 T_learn=6510 ms. 	 T_infer=326 ms.
2026-02-02 16:15:38,362|INFO|random_mc2_n6_mid3_d1000_05_mr098_r10_169_uai_GSCC_n200_roFalse_s0: Saving results to ../results/synthetic/s123/random_mc2_n6_mid3_d1000_05_mr098_r10_169_uai_GSCC_n200_roFalse_s0.csv
2026-02-02 16:15:38,368|INFO|random_mc2_n5_mid3_d1000_05_mr098_r10_141_uai_GSCC_n200_roTrue_s0: Saving results to ../results/synthetic/s123/random_mc2_n5_mid3_d1000_05_mr098_r10_141_uai_GSCC_n200_roTrue_s0.csv
2026-02-02 16:15:38,629|INFO|random_mc2_n6_mid3_d1000_05_mr098_r10_169_uai_GSCC_n200_roFalse_s0: [0.0144,0.0162]	 7 runs	 rmse=0.02782	 T_learn=7432 ms. 	 T_infer=208 ms.
2026-02-02 16:15:38,634|INFO|random_mc2_n6_mid3_d1000_05_mr098_r10_169_uai_GSCC_n200_roFalse_s0: Saving results to ../results/synthetic/s123/random_mc2_n6_mid3_d1000_05_mr098_r10_169_uai_GSCC_n200_roFalse_s0.csv
2026-02-02 16:15:38,700|INFO|random_mc2_n6_mid3_d1000_05_mr098_r10_71_uai_GSCC_n200_roFalse_s0: [0.5354,0.5928]	 5 runs	 rmse=0.03807	 T_learn=7181 ms. 	 T_infer=269 ms.
2026-02-02 16:15:38,706|INFO|random_mc2_n6_mid3_d1000_05_mr098_r10_71_uai_GSCC_n200_roFalse_s0: Saving results to ../results/synthetic/s123/random_mc2_n6_mid3_d1000_05_mr098_r10_71_uai_GSCC_n200_roFalse_s0.csv
2026-02-02 16:15:38,768|INFO|random_mc2_n5_mid3_d1000_05_mr098_r10_44_uai_GSCC_n200_roFalse_s0: [0.0174,0.0205]	 9 runs	 rmse=0.00781	 T_learn=5870 ms. 	 T_infer=437 ms.
2026-02-02 16:15:38,776|INFO|random_mc2_n5_mid3_d1000_05_mr098_r10_44_uai_GSCC_n200_roFalse_s0: Saving results to ../results/synthetic/s123/random_mc2_n5_mid3_d1000_05_mr098_r10_44_uai_GSCC_n200_roFalse_s0.csv
2026-02-02 16:15:38,809|INFO|random_mc2_n5_mid3_d1000_05_mr098_r10_141_uai_GSCC_n200_roTrue_s0: [0.1294,0.1583]	 9 runs	 rmse=0.14679	 T_learn=6583 ms. 	 T_infer=368 ms.
2026-02-02 16:15:38,815|INFO|random_mc2_n5_mid3_d1000_05_mr098_r10_141_uai_GSCC_n200_roTrue_s0: Saving results to ../results/synthetic/s123/random_mc2_n5_mid3_d1000_05_mr098_r10_141_uai_GSCC_n200_roTrue_s0.csv
2026-02-02 16:15:38,933|INFO|random_mc2_n6_mid3_d1000_05_mr098_r10_169_uai_GSCC_n200_roFalse_s0: [0.0132,0.0162]	 8 runs	 rmse=0.02721	 T_learn=7493 ms. 	 T_infer=238 ms.
2026-02-02 16:15:38,939|INFO|random_mc2_n6_mid3_d1000_05_mr098_r10_169_uai_GSCC_n200_roFalse_s0: Saving results to ../results/synthetic/s123/random_mc2_n6_mid3_d1000_05_mr098_r10_169_uai_GSCC_n200_roFalse_s0.csv
2026-02-02 16:15:39,056|INFO|random_mc2_n6_mid3_d1000_05_mr098_r10_72_uai_GSCC_n200_roTrue_s0: [0.0628,0.0628]	 1 runs	 rmse=0.06112	 T_learn=8378 ms. 	 T_infer=48 ms.
2026-02-02 16:15:39,070|INFO|random_mc2_n6_mid3_d1000_05_mr098_r10_72_uai_GSCC_n200_roTrue_s0: Saving results to ../results/synthetic/s123/random_mc2_n6_mid3_d1000_05_mr098_r10_72_uai_GSCC_n200_roTrue_s0.csv
2026-02-02 16:15:39,106|INFO|random_mc2_n6_mid3_d1000_05_mr098_r10_71_uai_GSCC_n200_roFalse_s0: [0.5354,0.5928]	 6 runs	 rmse=0.03807	 T_learn=7258 ms. 	 T_infer=323 ms.
2026-02-02 16:15:39,112|INFO|random_mc2_n6_mid3_d1000_05_mr098_r10_71_uai_GSCC_n200_roFalse_s0: Saving results to ../results/synthetic/s123/random_mc2_n6_mid3_d1000_05_mr098_r10_71_uai_GSCC_n200_roFalse_s0.csv
2026-02-02 16:15:39,229|INFO|random_mc2_n6_mid3_d1000_05_mr098_r10_72_uai_GSCC_n200_roTrue_s0: [0.0627,0.0628]	 2 runs	 rmse=0.06107	 T_learn=8441 ms. 	 T_infer=96 ms.
2026-02-02 16:15:39,238|INFO|random_mc2_n6_mid3_d1000_05_mr098_r10_72_uai_GSCC_n200_roTrue_s0: Saving results to ../results/synthetic/s123/random_mc2_n6_mid3_d1000_05_mr098_r10_72_uai_GSCC_n200_roTrue_s0.csv
2026-02-02 16:15:39,271|INFO|random_mc2_n6_mid3_d1000_05_mr098_r10_169_uai_GSCC_n200_roFalse_s0: [0.0132,0.0162]	 9 runs	 rmse=0.02721	 T_learn=7557 ms. 	 T_infer=267 ms.
2026-02-02 16:15:39,277|INFO|random_mc2_n6_mid3_d1000_05_mr098_r10_169_uai_GSCC_n200_roFalse_s0: Saving results to ../results/synthetic/s123/random_mc2_n6_mid3_d1000_05_mr098_r10_169_uai_GSCC_n200_roFalse_s0.csv
2026-02-02 16:15:39,304|INFO|random_mc2_n5_mid3_d1000_05_mr098_r10_141_uai_GSCC_n200_roTrue_s0: [0.1294,0.1658]	 10 runs	 rmse=0.14324	 T_learn=6663 ms. 	 T_infer=409 ms.
2026-02-02 16:15:39,311|INFO|random_mc2_n5_mid3_d1000_05_mr098_r10_141_uai_GSCC_n200_roTrue_s0: Saving results to ../results/synthetic/s123/random_mc2_n5_mid3_d1000_05_mr098_r10_141_uai_GSCC_n200_roTrue_s0.csv
2026-02-02 16:15:39,345|INFO|random_mc2_n5_mid3_d1000_05_mr098_r10_44_uai_GSCC_n200_roFalse_s0: [0.0174,0.0205]	 10 runs	 rmse=0.00781	 T_learn=5954 ms. 	 T_infer=486 ms.
2026-02-02 16:15:39,353|INFO|random_mc2_n5_mid3_d1000_05_mr098_r10_44_uai_GSCC_n200_roFalse_s0: Saving results to ../results/synthetic/s123/random_mc2_n5_mid3_d1000_05_mr098_r10_44_uai_GSCC_n200_roFalse_s0.csv
2026-02-02 16:15:39,449|INFO|random_mc2_n6_mid3_d1000_05_mr098_r10_72_uai_GSCC_n200_roTrue_s0: [0.0627,0.0687]	 3 runs	 rmse=0.05768	 T_learn=8508 ms. 	 T_infer=143 ms.
2026-02-02 16:15:39,459|INFO|random_mc2_n6_mid3_d1000_05_mr098_r10_72_uai_GSCC_n200_roTrue_s0: Saving results to ../results/synthetic/s123/random_mc2_n6_mid3_d1000_05_mr098_r10_72_uai_GSCC_n200_roTrue_s0.csv
2026-02-02 16:15:39,572|INFO|random_mc2_n6_mid3_d1000_05_mr098_r10_71_uai_GSCC_n200_roFalse_s0: [0.5354,0.5928]	 7 runs	 rmse=0.03807	 T_learn=7342 ms. 	 T_infer=377 ms.
2026-02-02 16:15:39,577|INFO|random_mc2_n6_mid3_d1000_05_mr098_r10_71_uai_GSCC_n200_roFalse_s0: Saving results to ../results/synthetic/s123/random_mc2_n6_mid3_d1000_05_mr098_r10_71_uai_GSCC_n200_roFalse_s0.csv
2026-02-02 16:15:39,641|INFO|random_mc2_n6_mid3_d1000_05_mr098_r10_169_uai_GSCC_n200_roFalse_s0: [0.0132,0.0162]	 10 runs	 rmse=0.02721	 T_learn=7624 ms. 	 T_infer=298 ms.
2026-02-02 16:15:39,646|INFO|random_mc2_n6_mid3_d1000_05_mr098_r10_169_uai_GSCC_n200_roFalse_s0: Saving results to ../results/synthetic/s123/random_mc2_n6_mid3_d1000_05_mr098_r10_169_uai_GSCC_n200_roFalse_s0.csv
2026-02-02 16:15:39,724|INFO|random_mc2_n6_mid3_d1000_05_mr098_r10_72_uai_GSCC_n200_roTrue_s0: [0.0627,0.0711]	 4 runs	 rmse=0.05645	 T_learn=8582 ms. 	 T_infer=192 ms.
2026-02-02 16:15:39,733|INFO|random_mc2_n6_mid3_d1000_05_mr098_r10_72_uai_GSCC_n200_roTrue_s0: Saving results to ../results/synthetic/s123/random_mc2_n6_mid3_d1000_05_mr098_r10_72_uai_GSCC_n200_roTrue_s0.csv
2026-02-02 16:15:39,843|INFO|random_mc2_n5_mid3_d1000_05_mr098_r10_141_uai_GSCC_n200_roTrue_s0: [0.1294,0.1717]	 11 runs	 rmse=0.14066	 T_learn=6746 ms. 	 T_infer=449 ms.
2026-02-02 16:15:39,850|INFO|random_mc2_n5_mid3_d1000_05_mr098_r10_141_uai_GSCC_n200_roTrue_s0: Saving results to ../results/synthetic/s123/random_mc2_n5_mid3_d1000_05_mr098_r10_141_uai_GSCC_n200_roTrue_s0.csv
2026-02-02 16:15:39,976|INFO|random_mc2_n5_mid3_d1000_05_mr098_r10_44_uai_GSCC_n200_roFalse_s0: [0.0174,0.0205]	 11 runs	 rmse=0.00781	 T_learn=6043 ms. 	 T_infer=534 ms.
2026-02-02 16:15:39,984|INFO|random_mc2_n5_mid3_d1000_05_mr098_r10_44_uai_GSCC_n200_roFalse_s0: Saving results to ../results/synthetic/s123/random_mc2_n5_mid3_d1000_05_mr098_r10_44_uai_GSCC_n200_roFalse_s0.csv
2026-02-02 16:15:40,040|INFO|random_mc2_n6_mid3_d1000_05_mr098_r10_169_uai_GSCC_n200_roFalse_s0: [0.0132,0.0162]	 11 runs	 rmse=0.02721	 T_learn=7693 ms. 	 T_infer=325 ms.
2026-02-02 16:15:40,047|INFO|random_mc2_n6_mid3_d1000_05_mr098_r10_169_uai_GSCC_n200_roFalse_s0: Saving results to ../results/synthetic/s123/random_mc2_n6_mid3_d1000_05_mr098_r10_169_uai_GSCC_n200_roFalse_s0.csv
2026-02-02 16:15:40,049|INFO|random_mc2_n6_mid3_d1000_05_mr098_r10_72_uai_GSCC_n200_roTrue_s0: [0.0627,0.0711]	 5 runs	 rmse=0.05645	 T_learn=8660 ms. 	 T_infer=238 ms.
2026-02-02 16:15:40,075|INFO|random_mc2_n6_mid3_d1000_05_mr098_r10_72_uai_GSCC_n200_roTrue_s0: Saving results to ../results/synthetic/s123/random_mc2_n6_mid3_d1000_05_mr098_r10_72_uai_GSCC_n200_roTrue_s0.csv
2026-02-02 16:15:40,093|INFO|random_mc2_n6_mid3_d1000_05_mr098_r10_71_uai_GSCC_n200_roFalse_s0: [0.5354,0.5928]	 8 runs	 rmse=0.03807	 T_learn=7431 ms. 	 T_infer=427 ms.
2026-02-02 16:15:40,101|INFO|random_mc2_n6_mid3_d1000_05_mr098_r10_71_uai_GSCC_n200_roFalse_s0: Saving results to ../results/synthetic/s123/random_mc2_n6_mid3_d1000_05_mr098_r10_71_uai_GSCC_n200_roFalse_s0.csv
2026-02-02 16:15:40,427|INFO|random_mc2_n5_mid3_d1000_05_mr098_r10_141_uai_GSCC_n200_roTrue_s0: [0.1294,0.1879]	 12 runs	 rmse=0.13466	 T_learn=6834 ms. 	 T_infer=489 ms.
2026-02-02 16:15:40,435|INFO|random_mc2_n5_mid3_d1000_05_mr098_r10_141_uai_GSCC_n200_roTrue_s0: Saving results to ../results/synthetic/s123/random_mc2_n5_mid3_d1000_05_mr098_r10_141_uai_GSCC_n200_roTrue_s0.csv
2026-02-02 16:15:40,446|INFO|random_mc2_n6_mid3_d1000_05_mr098_r10_72_uai_GSCC_n200_roTrue_s0: [0.0627,0.0711]	 6 runs	 rmse=0.05645	 T_learn=8745 ms. 	 T_infer=286 ms.
2026-02-02 16:15:40,453|INFO|random_mc2_n6_mid3_d1000_05_mr098_r10_72_uai_GSCC_n200_roTrue_s0: Saving results to ../results/synthetic/s123/random_mc2_n6_mid3_d1000_05_mr098_r10_72_uai_GSCC_n200_roTrue_s0.csv
2026-02-02 16:15:40,475|INFO|random_mc2_n6_mid3_d1000_05_mr098_r10_169_uai_GSCC_n200_roFalse_s0: [0.0132,0.0162]	 12 runs	 rmse=0.02721	 T_learn=7765 ms. 	 T_infer=356 ms.
2026-02-02 16:15:40,482|INFO|random_mc2_n6_mid3_d1000_05_mr098_r10_169_uai_GSCC_n200_roFalse_s0: Saving results to ../results/synthetic/s123/random_mc2_n6_mid3_d1000_05_mr098_r10_169_uai_GSCC_n200_roFalse_s0.csv
2026-02-02 16:15:40,663|INFO|random_mc2_n5_mid3_d1000_05_mr098_r10_44_uai_GSCC_n200_roFalse_s0: [0.0156,0.0205]	 12 runs	 rmse=0.00790	 T_learn=6138 ms. 	 T_infer=584 ms.
2026-02-02 16:15:40,669|INFO|random_mc2_n5_mid3_d1000_05_mr098_r10_44_uai_GSCC_n200_roFalse_s0: Saving results to ../results/synthetic/s123/random_mc2_n5_mid3_d1000_05_mr098_r10_44_uai_GSCC_n200_roFalse_s0.csv
2026-02-02 16:15:40,682|INFO|random_mc2_n6_mid3_d1000_05_mr098_r10_71_uai_GSCC_n200_roFalse_s0: [0.5354,0.6112]	 9 runs	 rmse=0.03545	 T_learn=7529 ms. 	 T_infer=483 ms.
2026-02-02 16:15:40,686|INFO|random_mc2_n6_mid3_d1000_05_mr098_r10_71_uai_GSCC_n200_roFalse_s0: Saving results to ../results/synthetic/s123/random_mc2_n6_mid3_d1000_05_mr098_r10_71_uai_GSCC_n200_roFalse_s0.csv
2026-02-02 16:15:40,878|INFO|random_mc2_n6_mid3_d1000_05_mr098_r10_72_uai_GSCC_n200_roTrue_s0: [0.0627,0.0711]	 7 runs	 rmse=0.05645	 T_learn=8836 ms. 	 T_infer=334 ms.
2026-02-02 16:15:40,883|INFO|random_mc2_n6_mid3_d1000_05_mr098_r10_72_uai_GSCC_n200_roTrue_s0: Saving results to ../results/synthetic/s123/random_mc2_n6_mid3_d1000_05_mr098_r10_72_uai_GSCC_n200_roTrue_s0.csv
2026-02-02 16:15:40,942|INFO|random_mc2_n6_mid3_d1000_05_mr098_r10_169_uai_GSCC_n200_roFalse_s0: [0.0132,0.0162]	 13 runs	 rmse=0.02721	 T_learn=7840 ms. 	 T_infer=385 ms.
2026-02-02 16:15:40,947|INFO|random_mc2_n6_mid3_d1000_05_mr098_r10_169_uai_GSCC_n200_roFalse_s0: Saving results to ../results/synthetic/s123/random_mc2_n6_mid3_d1000_05_mr098_r10_169_uai_GSCC_n200_roFalse_s0.csv
2026-02-02 16:15:41,059|INFO|random_mc2_n5_mid3_d1000_05_mr098_r10_141_uai_GSCC_n200_roTrue_s0: [0.1294,0.1888]	 13 runs	 rmse=0.13437	 T_learn=6927 ms. 	 T_infer=530 ms.
2026-02-02 16:15:41,063|INFO|random_mc2_n5_mid3_d1000_05_mr098_r10_141_uai_GSCC_n200_roTrue_s0: Saving results to ../results/synthetic/s123/random_mc2_n5_mid3_d1000_05_mr098_r10_141_uai_GSCC_n200_roTrue_s0.csv
2026-02-02 16:15:41,331|INFO|random_mc2_n6_mid3_d1000_05_mr098_r10_71_uai_GSCC_n200_roFalse_s0: [0.5354,0.6112]	 10 runs	 rmse=0.03545	 T_learn=7633 ms. 	 T_infer=541 ms.
2026-02-02 16:15:41,336|INFO|random_mc2_n6_mid3_d1000_05_mr098_r10_71_uai_GSCC_n200_roFalse_s0: Saving results to ../results/synthetic/s123/random_mc2_n6_mid3_d1000_05_mr098_r10_71_uai_GSCC_n200_roFalse_s0.csv
2026-02-02 16:15:41,368|INFO|random_mc2_n6_mid3_d1000_05_mr098_r10_72_uai_GSCC_n200_roTrue_s0: [0.0627,0.0752]	 8 runs	 rmse=0.05451	 T_learn=8934 ms. 	 T_infer=387 ms.
2026-02-02 16:15:41,372|INFO|random_mc2_n6_mid3_d1000_05_mr098_r10_72_uai_GSCC_n200_roTrue_s0: Saving results to ../results/synthetic/s123/random_mc2_n6_mid3_d1000_05_mr098_r10_72_uai_GSCC_n200_roTrue_s0.csv
2026-02-02 16:15:41,403|INFO|random_mc2_n5_mid3_d1000_05_mr098_r10_44_uai_GSCC_n200_roFalse_s0: [0.0156,0.0205]	 13 runs	 rmse=0.00790	 T_learn=6239 ms. 	 T_infer=633 ms.
2026-02-02 16:15:41,407|INFO|random_mc2_n5_mid3_d1000_05_mr098_r10_44_uai_GSCC_n200_roFalse_s0: Saving results to ../results/synthetic/s123/random_mc2_n5_mid3_d1000_05_mr098_r10_44_uai_GSCC_n200_roFalse_s0.csv
2026-02-02 16:15:41,443|INFO|random_mc2_n6_mid3_d1000_05_mr098_r10_169_uai_GSCC_n200_roFalse_s0: [0.0107,0.0162]	 14 runs	 rmse=0.02605	 T_learn=7919 ms. 	 T_infer=417 ms.
2026-02-02 16:15:41,448|INFO|random_mc2_n6_mid3_d1000_05_mr098_r10_169_uai_GSCC_n200_roFalse_s0: Saving results to ../results/synthetic/s123/random_mc2_n6_mid3_d1000_05_mr098_r10_169_uai_GSCC_n200_roFalse_s0.csv
2026-02-02 16:15:41,738|INFO|random_mc2_n5_mid3_d1000_05_mr098_r10_141_uai_GSCC_n200_roTrue_s0: [0.1294,0.1888]	 14 runs	 rmse=0.13437	 T_learn=7025 ms. 	 T_infer=576 ms.
2026-02-02 16:15:41,745|INFO|random_mc2_n5_mid3_d1000_05_mr098_r10_141_uai_GSCC_n200_roTrue_s0: Saving results to ../results/synthetic/s123/random_mc2_n5_mid3_d1000_05_mr098_r10_141_uai_GSCC_n200_roTrue_s0.csv
2026-02-02 16:15:41,905|INFO|random_mc2_n6_mid3_d1000_05_mr098_r10_72_uai_GSCC_n200_roTrue_s0: [0.0627,0.0752]	 9 runs	 rmse=0.05451	 T_learn=9037 ms. 	 T_infer=429 ms.
2026-02-02 16:15:41,910|INFO|random_mc2_n6_mid3_d1000_05_mr098_r10_72_uai_GSCC_n200_roTrue_s0: Saving results to ../results/synthetic/s123/random_mc2_n6_mid3_d1000_05_mr098_r10_72_uai_GSCC_n200_roTrue_s0.csv
2026-02-02 16:15:41,971|INFO|random_mc2_n6_mid3_d1000_05_mr098_r10_169_uai_GSCC_n200_roFalse_s0: [0.0103,0.0162]	 15 runs	 rmse=0.02590	 T_learn=8000 ms. 	 T_infer=442 ms.
2026-02-02 16:15:41,977|INFO|random_mc2_n6_mid3_d1000_05_mr098_r10_169_uai_GSCC_n200_roFalse_s0: Saving results to ../results/synthetic/s123/random_mc2_n6_mid3_d1000_05_mr098_r10_169_uai_GSCC_n200_roFalse_s0.csv
2026-02-02 16:15:42,039|INFO|random_mc2_n6_mid3_d1000_05_mr098_r10_71_uai_GSCC_n200_roFalse_s0: [0.5354,0.6112]	 11 runs	 rmse=0.03545	 T_learn=7746 ms. 	 T_infer=589 ms.
2026-02-02 16:15:42,045|INFO|random_mc2_n6_mid3_d1000_05_mr098_r10_71_uai_GSCC_n200_roFalse_s0: Saving results to ../results/synthetic/s123/random_mc2_n6_mid3_d1000_05_mr098_r10_71_uai_GSCC_n200_roFalse_s0.csv
2026-02-02 16:15:42,192|INFO|random_mc2_n5_mid3_d1000_05_mr098_r10_44_uai_GSCC_n200_roFalse_s0: [0.0156,0.0219]	 14 runs	 rmse=0.00655	 T_learn=6346 ms. 	 T_infer=677 ms.
2026-02-02 16:15:42,200|INFO|random_mc2_n5_mid3_d1000_05_mr098_r10_44_uai_GSCC_n200_roFalse_s0: Saving results to ../results/synthetic/s123/random_mc2_n5_mid3_d1000_05_mr098_r10_44_uai_GSCC_n200_roFalse_s0.csv
2026-02-02 16:15:42,458|INFO|random_mc2_n5_mid3_d1000_05_mr098_r10_141_uai_GSCC_n200_roTrue_s0: [0.1294,0.1888]	 15 runs	 rmse=0.13437	 T_learn=7127 ms. 	 T_infer=610 ms.
2026-02-02 16:15:42,468|INFO|random_mc2_n5_mid3_d1000_05_mr098_r10_141_uai_GSCC_n200_roTrue_s0: Saving results to ../results/synthetic/s123/random_mc2_n5_mid3_d1000_05_mr098_r10_141_uai_GSCC_n200_roTrue_s0.csv
2026-02-02 16:15:42,489|INFO|random_mc2_n6_mid3_d1000_05_mr098_r10_28_uai_GSCC_n200_roFalse_s0: Loading model from ../models/synthetic/s123/random_mc2_n6_mid3_d1000_05_mr098_r10_28.uai
2026-02-02 16:15:42,495|INFO|random_mc2_n6_mid3_d1000_05_mr098_r10_72_uai_GSCC_n200_roTrue_s0: [0.0627,0.0792]	 10 runs	 rmse=0.05286	 T_learn=9144 ms. 	 T_infer=477 ms.
2026-02-02 16:15:42,502|INFO|random_mc2_n6_mid3_d1000_05_mr098_r10_72_uai_GSCC_n200_roTrue_s0: Saving results to ../results/synthetic/s123/random_mc2_n6_mid3_d1000_05_mr098_r10_72_uai_GSCC_n200_roTrue_s0.csv
2026-02-02 16:15:42,510|INFO|random_mc2_n6_mid3_d1000_05_mr098_r10_28_uai_GSCC_n200_roFalse_s0: Loading data from ../models/synthetic/s123/random_mc2_n6_mid3_d1000_05_mr098_r10_28.csv
2026-02-02 16:15:42,533|INFO|random_mc2_n6_mid3_d1000_05_mr098_r10_169_uai_GSCC_n200_roFalse_s0: [0.0103,0.0162]	 16 runs	 rmse=0.02590	 T_learn=8082 ms. 	 T_infer=473 ms.
2026-02-02 16:15:42,538|INFO|random_mc2_n6_mid3_d1000_05_mr098_r10_28_uai_GSCC_n200_roFalse_s0: PNS(V3,V2) exact: (0.36156, 0.53922)
2026-02-02 16:15:42,543|INFO|random_mc2_n6_mid3_d1000_05_mr098_r10_169_uai_GSCC_n200_roFalse_s0: Saving results to ../results/synthetic/s123/random_mc2_n6_mid3_d1000_05_mr098_r10_169_uai_GSCC_n200_roFalse_s0.csv
2026-02-02 16:15:42,794|INFO|random_mc2_n6_mid3_d1000_05_mr098_r10_86_uai_GSCC_n200_roTrue_s0: Loading model from ../models/synthetic/s123/random_mc2_n6_mid3_d1000_05_mr098_r10_86.uai
2026-02-02 16:15:42,806|INFO|random_mc2_n6_mid3_d1000_05_mr098_r10_71_uai_GSCC_n200_roFalse_s0: [0.5354,0.6112]	 12 runs	 rmse=0.03545	 T_learn=7863 ms. 	 T_infer=643 ms.
2026-02-02 16:15:42,817|INFO|random_mc2_n6_mid3_d1000_05_mr098_r10_71_uai_GSCC_n200_roFalse_s0: Saving results to ../results/synthetic/s123/random_mc2_n6_mid3_d1000_05_mr098_r10_71_uai_GSCC_n200_roFalse_s0.csv
2026-02-02 16:15:42,814|INFO|random_mc2_n6_mid3_d1000_05_mr098_r10_86_uai_GSCC_n200_roTrue_s0: Loading data from ../models/synthetic/s123/random_mc2_n6_mid3_d1000_05_mr098_r10_86.csv
2026-02-02 16:15:42,828|ERROR|random_mc2_n6_mid3_d1000_05_mr098_r10_86_uai_GSCC_n200_roTrue_s0: File exists, not rewriting.
2026-02-02 16:15:43,039|INFO|random_mc2_n5_mid3_d1000_05_mr098_r10_44_uai_GSCC_n200_roFalse_s0: [0.0156,0.0244]	 15 runs	 rmse=0.00404	 T_learn=6459 ms. 	 T_infer=726 ms.
2026-02-02 16:15:43,053|INFO|random_mc2_n5_mid3_d1000_05_mr098_r10_44_uai_GSCC_n200_roFalse_s0: Saving results to ../results/synthetic/s123/random_mc2_n5_mid3_d1000_05_mr098_r10_44_uai_GSCC_n200_roFalse_s0.csv
2026-02-02 16:15:43,129|INFO|random_mc2_n6_mid3_d1000_05_mr098_r10_169_uai_GSCC_n200_roFalse_s0: [0.0103,0.0162]	 17 runs	 rmse=0.02590	 T_learn=8168 ms. 	 T_infer=500 ms.
2026-02-02 16:15:43,139|INFO|random_mc2_n6_mid3_d1000_05_mr098_r10_169_uai_GSCC_n200_roFalse_s0: Saving results to ../results/synthetic/s123/random_mc2_n6_mid3_d1000_05_mr098_r10_169_uai_GSCC_n200_roFalse_s0.csv
2026-02-02 16:15:43,139|INFO|random_mc2_n6_mid3_d1000_05_mr098_r10_72_uai_GSCC_n200_roTrue_s0: [0.0627,0.0792]	 11 runs	 rmse=0.05286	 T_learn=9257 ms. 	 T_infer=523 ms.
2026-02-02 16:15:43,147|INFO|random_mc2_n6_mid3_d1000_05_mr098_r10_72_uai_GSCC_n200_roTrue_s0: Saving results to ../results/synthetic/s123/random_mc2_n6_mid3_d1000_05_mr098_r10_72_uai_GSCC_n200_roTrue_s0.csv
2026-02-02 16:15:43,223|INFO|random_mc2_n5_mid3_d1000_05_mr098_r10_141_uai_GSCC_n200_roTrue_s0: [0.1294,0.1888]	 16 runs	 rmse=0.13437	 T_learn=7234 ms. 	 T_infer=648 ms.
2026-02-02 16:15:43,231|INFO|random_mc2_n5_mid3_d1000_05_mr098_r10_141_uai_GSCC_n200_roTrue_s0: Saving results to ../results/synthetic/s123/random_mc2_n5_mid3_d1000_05_mr098_r10_141_uai_GSCC_n200_roTrue_s0.csv
2026-02-02 16:15:43,638|INFO|random_mc2_n6_mid3_d1000_05_mr098_r10_71_uai_GSCC_n200_roFalse_s0: [0.5354,0.6112]	 13 runs	 rmse=0.03545	 T_learn=7988 ms. 	 T_infer=697 ms.
2026-02-02 16:15:43,645|INFO|random_mc2_n6_mid3_d1000_05_mr098_r10_71_uai_GSCC_n200_roFalse_s0: Saving results to ../results/synthetic/s123/random_mc2_n6_mid3_d1000_05_mr098_r10_71_uai_GSCC_n200_roFalse_s0.csv
2026-02-02 16:15:43,759|INFO|random_mc2_n6_mid3_d1000_05_mr098_r10_169_uai_GSCC_n200_roFalse_s0: [0.0103,0.0162]	 18 runs	 rmse=0.02590	 T_learn=8256 ms. 	 T_infer=532 ms.
2026-02-02 16:15:43,770|INFO|random_mc2_n6_mid3_d1000_05_mr098_r10_169_uai_GSCC_n200_roFalse_s0: Saving results to ../results/synthetic/s123/random_mc2_n6_mid3_d1000_05_mr098_r10_169_uai_GSCC_n200_roFalse_s0.csv
2026-02-02 16:15:43,841|INFO|random_mc2_n6_mid3_d1000_05_mr098_r10_72_uai_GSCC_n200_roTrue_s0: [0.0627,0.0792]	 12 runs	 rmse=0.05286	 T_learn=9376 ms. 	 T_infer=575 ms.
2026-02-02 16:15:43,856|INFO|random_mc2_n6_mid3_d1000_05_mr098_r10_72_uai_GSCC_n200_roTrue_s0: Saving results to ../results/synthetic/s123/random_mc2_n6_mid3_d1000_05_mr098_r10_72_uai_GSCC_n200_roTrue_s0.csv
2026-02-02 16:15:43,951|INFO|random_mc2_n5_mid3_d1000_05_mr098_r10_44_uai_GSCC_n200_roFalse_s0: [0.0156,0.0298]	 16 runs	 rmse=0.00196	 T_learn=6578 ms. 	 T_infer=778 ms.
2026-02-02 16:15:43,959|INFO|random_mc2_n5_mid3_d1000_05_mr098_r10_44_uai_GSCC_n200_roFalse_s0: Saving results to ../results/synthetic/s123/random_mc2_n5_mid3_d1000_05_mr098_r10_44_uai_GSCC_n200_roFalse_s0.csv
2026-02-02 16:15:44,032|INFO|random_mc2_n5_mid3_d1000_05_mr098_r10_141_uai_GSCC_n200_roTrue_s0: [0.1294,0.1888]	 17 runs	 rmse=0.13437	 T_learn=7346 ms. 	 T_infer=690 ms.
2026-02-02 16:15:44,042|INFO|random_mc2_n5_mid3_d1000_05_mr098_r10_141_uai_GSCC_n200_roTrue_s0: Saving results to ../results/synthetic/s123/random_mc2_n5_mid3_d1000_05_mr098_r10_141_uai_GSCC_n200_roTrue_s0.csv
2026-02-02 16:15:44,426|INFO|random_mc2_n6_mid3_d1000_05_mr098_r10_169_uai_GSCC_n200_roFalse_s0: [0.0103,0.0162]	 19 runs	 rmse=0.02590	 T_learn=8348 ms. 	 T_infer=564 ms.
2026-02-02 16:15:44,432|INFO|random_mc2_n6_mid3_d1000_05_mr098_r10_169_uai_GSCC_n200_roFalse_s0: Saving results to ../results/synthetic/s123/random_mc2_n6_mid3_d1000_05_mr098_r10_169_uai_GSCC_n200_roFalse_s0.csv
2026-02-02 16:15:44,528|INFO|random_mc2_n6_mid3_d1000_05_mr098_r10_71_uai_GSCC_n200_roFalse_s0: [0.5354,0.6112]	 14 runs	 rmse=0.03545	 T_learn=8119 ms. 	 T_infer=751 ms.
2026-02-02 16:15:44,534|INFO|random_mc2_n6_mid3_d1000_05_mr098_r10_71_uai_GSCC_n200_roFalse_s0: Saving results to ../results/synthetic/s123/random_mc2_n6_mid3_d1000_05_mr098_r10_71_uai_GSCC_n200_roFalse_s0.csv
2026-02-02 16:15:44,605|INFO|random_mc2_n6_mid3_d1000_05_mr098_r10_72_uai_GSCC_n200_roTrue_s0: [0.0627,0.0792]	 13 runs	 rmse=0.05286	 T_learn=9500 ms. 	 T_infer=624 ms.
2026-02-02 16:15:44,612|INFO|random_mc2_n6_mid3_d1000_05_mr098_r10_72_uai_GSCC_n200_roTrue_s0: Saving results to ../results/synthetic/s123/random_mc2_n6_mid3_d1000_05_mr098_r10_72_uai_GSCC_n200_roTrue_s0.csv
2026-02-02 16:15:44,891|INFO|random_mc2_n5_mid3_d1000_05_mr098_r10_141_uai_GSCC_n200_roTrue_s0: [0.1294,0.1888]	 18 runs	 rmse=0.13437	 T_learn=7462 ms. 	 T_infer=733 ms.
2026-02-02 16:15:44,903|INFO|random_mc2_n5_mid3_d1000_05_mr098_r10_141_uai_GSCC_n200_roTrue_s0: Saving results to ../results/synthetic/s123/random_mc2_n5_mid3_d1000_05_mr098_r10_141_uai_GSCC_n200_roTrue_s0.csv
2026-02-02 16:15:44,911|INFO|random_mc2_n5_mid3_d1000_05_mr098_r10_44_uai_GSCC_n200_roFalse_s0: [0.0156,0.0298]	 17 runs	 rmse=0.00196	 T_learn=6704 ms. 	 T_infer=826 ms.
2026-02-02 16:15:44,919|INFO|random_mc2_n5_mid3_d1000_05_mr098_r10_44_uai_GSCC_n200_roFalse_s0: Saving results to ../results/synthetic/s123/random_mc2_n5_mid3_d1000_05_mr098_r10_44_uai_GSCC_n200_roFalse_s0.csv
2026-02-02 16:15:45,117|INFO|random_mc2_n6_mid3_d1000_05_mr098_r10_169_uai_GSCC_n200_roFalse_s0: [0.0103,0.0162]	 20 runs	 rmse=0.02590	 T_learn=8442 ms. 	 T_infer=590 ms.
2026-02-02 16:15:45,125|INFO|random_mc2_n6_mid3_d1000_05_mr098_r10_169_uai_GSCC_n200_roFalse_s0: Saving results to ../results/synthetic/s123/random_mc2_n6_mid3_d1000_05_mr098_r10_169_uai_GSCC_n200_roFalse_s0.csv
2026-02-02 16:15:45,413|INFO|random_mc2_n6_mid3_d1000_05_mr098_r10_72_uai_GSCC_n200_roTrue_s0: [0.0627,0.0792]	 14 runs	 rmse=0.05286	 T_learn=9632 ms. 	 T_infer=668 ms.
2026-02-02 16:15:45,419|INFO|random_mc2_n6_mid3_d1000_05_mr098_r10_72_uai_GSCC_n200_roTrue_s0: Saving results to ../results/synthetic/s123/random_mc2_n6_mid3_d1000_05_mr098_r10_72_uai_GSCC_n200_roTrue_s0.csv
2026-02-02 16:15:45,478|INFO|random_mc2_n6_mid3_d1000_05_mr098_r10_71_uai_GSCC_n200_roFalse_s0: [0.5232,0.6112]	 15 runs	 rmse=0.02335	 T_learn=8257 ms. 	 T_infer=806 ms.
2026-02-02 16:15:45,489|INFO|random_mc2_n6_mid3_d1000_05_mr098_r10_71_uai_GSCC_n200_roFalse_s0: Saving results to ../results/synthetic/s123/random_mc2_n6_mid3_d1000_05_mr098_r10_71_uai_GSCC_n200_roFalse_s0.csv
2026-02-02 16:15:45,795|INFO|random_mc2_n5_mid3_d1000_05_mr098_r10_141_uai_GSCC_n200_roTrue_s0: [0.1294,0.1888]	 19 runs	 rmse=0.13437	 T_learn=7583 ms. 	 T_infer=770 ms.
2026-02-02 16:15:45,804|INFO|random_mc2_n5_mid3_d1000_05_mr098_r10_141_uai_GSCC_n200_roTrue_s0: Saving results to ../results/synthetic/s123/random_mc2_n5_mid3_d1000_05_mr098_r10_141_uai_GSCC_n200_roTrue_s0.csv
2026-02-02 16:15:45,842|INFO|random_mc2_n6_mid3_d1000_05_mr098_r10_169_uai_GSCC_n200_roFalse_s0: [0.0103,0.0162]	 21 runs	 rmse=0.02590	 T_learn=8539 ms. 	 T_infer=620 ms.
2026-02-02 16:15:45,850|INFO|random_mc2_n6_mid3_d1000_05_mr098_r10_169_uai_GSCC_n200_roFalse_s0: Saving results to ../results/synthetic/s123/random_mc2_n6_mid3_d1000_05_mr098_r10_169_uai_GSCC_n200_roFalse_s0.csv
2026-02-02 16:15:45,923|INFO|random_mc2_n5_mid3_d1000_05_mr098_r10_44_uai_GSCC_n200_roFalse_s0: [0.0156,0.0298]	 18 runs	 rmse=0.00196	 T_learn=6835 ms. 	 T_infer=872 ms.
2026-02-02 16:15:45,932|INFO|random_mc2_n5_mid3_d1000_05_mr098_r10_44_uai_GSCC_n200_roFalse_s0: Saving results to ../results/synthetic/s123/random_mc2_n5_mid3_d1000_05_mr098_r10_44_uai_GSCC_n200_roFalse_s0.csv
2026-02-02 16:15:46,273|INFO|random_mc2_n6_mid3_d1000_05_mr098_r10_72_uai_GSCC_n200_roTrue_s0: [0.0627,0.0792]	 15 runs	 rmse=0.05286	 T_learn=9769 ms. 	 T_infer=717 ms.
2026-02-02 16:15:46,278|INFO|random_mc2_n6_mid3_d1000_05_mr098_r10_72_uai_GSCC_n200_roTrue_s0: Saving results to ../results/synthetic/s123/random_mc2_n6_mid3_d1000_05_mr098_r10_72_uai_GSCC_n200_roTrue_s0.csv
trainable: ['V5', 'V0']
2026-02-02 16:15:46,489|INFO|random_mc2_n6_mid3_d1000_05_mr098_r10_71_uai_GSCC_n200_roFalse_s0: [0.5153,0.6112]	 16 runs	 rmse=0.01565	 T_learn=8401 ms. 	 T_infer=856 ms.
2026-02-02 16:15:46,494|INFO|random_mc2_n6_mid3_d1000_05_mr098_r10_71_uai_GSCC_n200_roFalse_s0: Saving results to ../results/synthetic/s123/random_mc2_n6_mid3_d1000_05_mr098_r10_71_uai_GSCC_n200_roFalse_s0.csv
2026-02-02 16:15:46,600|INFO|random_mc2_n6_mid3_d1000_05_mr098_r10_169_uai_GSCC_n200_roFalse_s0: [0.0103,0.0162]	 22 runs	 rmse=0.02590	 T_learn=8638 ms. 	 T_infer=651 ms.
2026-02-02 16:15:46,605|INFO|random_mc2_n6_mid3_d1000_05_mr098_r10_169_uai_GSCC_n200_roFalse_s0: Saving results to ../results/synthetic/s123/random_mc2_n6_mid3_d1000_05_mr098_r10_169_uai_GSCC_n200_roFalse_s0.csv
2026-02-02 16:15:46,743|INFO|random_mc2_n5_mid3_d1000_05_mr098_r10_141_uai_GSCC_n200_roTrue_s0: [0.1294,0.1888]	 20 runs	 rmse=0.13437	 T_learn=7709 ms. 	 T_infer=813 ms.
2026-02-02 16:15:46,749|INFO|random_mc2_n5_mid3_d1000_05_mr098_r10_141_uai_GSCC_n200_roTrue_s0: Saving results to ../results/synthetic/s123/random_mc2_n5_mid3_d1000_05_mr098_r10_141_uai_GSCC_n200_roTrue_s0.csv
2026-02-02 16:15:46,992|INFO|random_mc2_n5_mid3_d1000_05_mr098_r10_44_uai_GSCC_n200_roFalse_s0: [0.0156,0.0298]	 19 runs	 rmse=0.00196	 T_learn=6972 ms. 	 T_infer=923 ms.
2026-02-02 16:15:46,999|INFO|random_mc2_n5_mid3_d1000_05_mr098_r10_44_uai_GSCC_n200_roFalse_s0: Saving results to ../results/synthetic/s123/random_mc2_n5_mid3_d1000_05_mr098_r10_44_uai_GSCC_n200_roFalse_s0.csv
2026-02-02 16:15:47,184|INFO|random_mc2_n6_mid3_d1000_05_mr098_r10_72_uai_GSCC_n200_roTrue_s0: [0.0627,0.0792]	 16 runs	 rmse=0.05286	 T_learn=9910 ms. 	 T_infer=764 ms.
2026-02-02 16:15:47,196|INFO|random_mc2_n6_mid3_d1000_05_mr098_r10_72_uai_GSCC_n200_roTrue_s0: Saving results to ../results/synthetic/s123/random_mc2_n6_mid3_d1000_05_mr098_r10_72_uai_GSCC_n200_roTrue_s0.csv
2026-02-02 16:15:47,390|INFO|random_mc2_n6_mid3_d1000_05_mr098_r10_169_uai_GSCC_n200_roFalse_s0: [0.0103,0.0162]	 23 runs	 rmse=0.02590	 T_learn=8741 ms. 	 T_infer=682 ms.
2026-02-02 16:15:47,395|INFO|random_mc2_n6_mid3_d1000_05_mr098_r10_169_uai_GSCC_n200_roFalse_s0: Saving results to ../results/synthetic/s123/random_mc2_n6_mid3_d1000_05_mr098_r10_169_uai_GSCC_n200_roFalse_s0.csv
2026-02-02 16:15:47,557|INFO|random_mc2_n6_mid3_d1000_05_mr098_r10_71_uai_GSCC_n200_roFalse_s0: [0.5153,0.6112]	 17 runs	 rmse=0.01565	 T_learn=8552 ms. 	 T_infer=912 ms.
2026-02-02 16:15:47,561|INFO|random_mc2_n6_mid3_d1000_05_mr098_r10_71_uai_GSCC_n200_roFalse_s0: Saving results to ../results/synthetic/s123/random_mc2_n6_mid3_d1000_05_mr098_r10_71_uai_GSCC_n200_roFalse_s0.csv
2026-02-02 16:15:47,742|INFO|random_mc2_n5_mid3_d1000_05_mr098_r10_141_uai_GSCC_n200_roTrue_s0: [0.1294,0.1888]	 21 runs	 rmse=0.13437	 T_learn=7841 ms. 	 T_infer=861 ms.
2026-02-02 16:15:47,748|INFO|random_mc2_n5_mid3_d1000_05_mr098_r10_141_uai_GSCC_n200_roTrue_s0: Saving results to ../results/synthetic/s123/random_mc2_n5_mid3_d1000_05_mr098_r10_141_uai_GSCC_n200_roTrue_s0.csv
2026-02-02 16:15:48,117|INFO|random_mc2_n5_mid3_d1000_05_mr098_r10_44_uai_GSCC_n200_roFalse_s0: [0.0156,0.0298]	 20 runs	 rmse=0.00196	 T_learn=7116 ms. 	 T_infer=975 ms.
2026-02-02 16:15:48,125|INFO|random_mc2_n5_mid3_d1000_05_mr098_r10_44_uai_GSCC_n200_roFalse_s0: Saving results to ../results/synthetic/s123/random_mc2_n5_mid3_d1000_05_mr098_r10_44_uai_GSCC_n200_roFalse_s0.csv
2026-02-02 16:15:48,163|INFO|random_mc2_n6_mid3_d1000_05_mr098_r10_72_uai_GSCC_n200_roTrue_s0: [0.0627,0.0792]	 17 runs	 rmse=0.05286	 T_learn=10058 ms. 	 T_infer=819 ms.
2026-02-02 16:15:48,171|INFO|random_mc2_n6_mid3_d1000_05_mr098_r10_72_uai_GSCC_n200_roTrue_s0: Saving results to ../results/synthetic/s123/random_mc2_n6_mid3_d1000_05_mr098_r10_72_uai_GSCC_n200_roTrue_s0.csv
2026-02-02 16:15:48,214|INFO|random_mc2_n6_mid3_d1000_05_mr098_r10_169_uai_GSCC_n200_roFalse_s0: [0.0103,0.0162]	 24 runs	 rmse=0.02590	 T_learn=8846 ms. 	 T_infer=714 ms.
2026-02-02 16:15:48,222|INFO|random_mc2_n6_mid3_d1000_05_mr098_r10_169_uai_GSCC_n200_roFalse_s0: Saving results to ../results/synthetic/s123/random_mc2_n6_mid3_d1000_05_mr098_r10_169_uai_GSCC_n200_roFalse_s0.csv
2026-02-02 16:15:48,686|INFO|random_mc2_n6_mid3_d1000_05_mr098_r10_71_uai_GSCC_n200_roFalse_s0: [0.5153,0.6112]	 18 runs	 rmse=0.01565	 T_learn=8710 ms. 	 T_infer=966 ms.
2026-02-02 16:15:48,691|INFO|random_mc2_n6_mid3_d1000_05_mr098_r10_71_uai_GSCC_n200_roFalse_s0: Saving results to ../results/synthetic/s123/random_mc2_n6_mid3_d1000_05_mr098_r10_71_uai_GSCC_n200_roFalse_s0.csv
2026-02-02 16:15:48,784|INFO|random_mc2_n5_mid3_d1000_05_mr098_r10_141_uai_GSCC_n200_roTrue_s0: [0.1294,0.1888]	 22 runs	 rmse=0.13437	 T_learn=7977 ms. 	 T_infer=899 ms.
2026-02-02 16:15:48,790|INFO|random_mc2_n5_mid3_d1000_05_mr098_r10_141_uai_GSCC_n200_roTrue_s0: Saving results to ../results/synthetic/s123/random_mc2_n5_mid3_d1000_05_mr098_r10_141_uai_GSCC_n200_roTrue_s0.csv
2026-02-02 16:15:48,964|INFO|random_mc2_n6_mid3_d1000_05_mr098_r10_28_uai_GSCC_n200_roFalse_s0: [0.4969,0.4969]	 1 runs	 rmse=0.14178	 T_learn=6357 ms. 	 T_infer=51 ms.
2026-02-02 16:15:48,977|INFO|random_mc2_n6_mid3_d1000_05_mr098_r10_28_uai_GSCC_n200_roFalse_s0: Saving results to ../results/synthetic/s123/random_mc2_n6_mid3_d1000_05_mr098_r10_28_uai_GSCC_n200_roFalse_s0.csv
2026-02-02 16:15:49,071|INFO|random_mc2_n6_mid3_d1000_05_mr098_r10_169_uai_GSCC_n200_roFalse_s0: [0.0103,0.0162]	 25 runs	 rmse=0.02590	 T_learn=8953 ms. 	 T_infer=742 ms.
2026-02-02 16:15:49,076|INFO|random_mc2_n6_mid3_d1000_05_mr098_r10_169_uai_GSCC_n200_roFalse_s0: Saving results to ../results/synthetic/s123/random_mc2_n6_mid3_d1000_05_mr098_r10_169_uai_GSCC_n200_roFalse_s0.csv
2026-02-02 16:15:49,116|INFO|random_mc2_n6_mid3_d1000_05_mr098_r10_28_uai_GSCC_n200_roFalse_s0: [0.4969,0.5205]	 2 runs	 rmse=0.13659	 T_learn=6393 ms. 	 T_infer=102 ms.
2026-02-02 16:15:49,120|INFO|random_mc2_n6_mid3_d1000_05_mr098_r10_28_uai_GSCC_n200_roFalse_s0: Saving results to ../results/synthetic/s123/random_mc2_n6_mid3_d1000_05_mr098_r10_28_uai_GSCC_n200_roFalse_s0.csv
2026-02-02 16:15:49,186|INFO|random_mc2_n6_mid3_d1000_05_mr098_r10_72_uai_GSCC_n200_roTrue_s0: [0.0627,0.0792]	 18 runs	 rmse=0.05286	 T_learn=10212 ms. 	 T_infer=862 ms.
2026-02-02 16:15:49,192|INFO|random_mc2_n6_mid3_d1000_05_mr098_r10_72_uai_GSCC_n200_roTrue_s0: Saving results to ../results/synthetic/s123/random_mc2_n6_mid3_d1000_05_mr098_r10_72_uai_GSCC_n200_roTrue_s0.csv
2026-02-02 16:15:49,295|INFO|random_mc2_n5_mid3_d1000_05_mr098_r10_44_uai_GSCC_n200_roFalse_s0: [0.0156,0.0298]	 21 runs	 rmse=0.00196	 T_learn=7265 ms. 	 T_infer=1020 ms.
2026-02-02 16:15:49,300|INFO|random_mc2_n5_mid3_d1000_05_mr098_r10_44_uai_GSCC_n200_roFalse_s0: Saving results to ../results/synthetic/s123/random_mc2_n5_mid3_d1000_05_mr098_r10_44_uai_GSCC_n200_roFalse_s0.csv
2026-02-02 16:15:49,315|INFO|random_mc2_n6_mid3_d1000_05_mr098_r10_28_uai_GSCC_n200_roFalse_s0: [0.4969,0.5214]	 3 runs	 rmse=0.13647	 T_learn=6436 ms. 	 T_infer=152 ms.
2026-02-02 16:15:49,319|INFO|random_mc2_n6_mid3_d1000_05_mr098_r10_28_uai_GSCC_n200_roFalse_s0: Saving results to ../results/synthetic/s123/random_mc2_n6_mid3_d1000_05_mr098_r10_28_uai_GSCC_n200_roFalse_s0.csv
2026-02-02 16:15:49,570|INFO|random_mc2_n6_mid3_d1000_05_mr098_r10_28_uai_GSCC_n200_roFalse_s0: [0.4969,0.5214]	 4 runs	 rmse=0.13647	 T_learn=6485 ms. 	 T_infer=202 ms.
2026-02-02 16:15:49,573|INFO|random_mc2_n6_mid3_d1000_05_mr098_r10_28_uai_GSCC_n200_roFalse_s0: Saving results to ../results/synthetic/s123/random_mc2_n6_mid3_d1000_05_mr098_r10_28_uai_GSCC_n200_roFalse_s0.csv
2026-02-02 16:15:49,875|INFO|random_mc2_n5_mid3_d1000_05_mr098_r10_141_uai_GSCC_n200_roTrue_s0: [0.1294,0.1888]	 23 runs	 rmse=0.13437	 T_learn=8118 ms. 	 T_infer=943 ms.
2026-02-02 16:15:49,878|INFO|random_mc2_n6_mid3_d1000_05_mr098_r10_71_uai_GSCC_n200_roFalse_s0: [0.5153,0.6112]	 19 runs	 rmse=0.01565	 T_learn=8875 ms. 	 T_infer=1023 ms.
2026-02-02 16:15:49,881|INFO|random_mc2_n5_mid3_d1000_05_mr098_r10_141_uai_GSCC_n200_roTrue_s0: Saving results to ../results/synthetic/s123/random_mc2_n5_mid3_d1000_05_mr098_r10_141_uai_GSCC_n200_roTrue_s0.csv
2026-02-02 16:15:49,882|INFO|random_mc2_n6_mid3_d1000_05_mr098_r10_28_uai_GSCC_n200_roFalse_s0: [0.4969,0.5214]	 5 runs	 rmse=0.13647	 T_learn=6541 ms. 	 T_infer=253 ms.
2026-02-02 16:15:49,885|INFO|random_mc2_n6_mid3_d1000_05_mr098_r10_71_uai_GSCC_n200_roFalse_s0: Saving results to ../results/synthetic/s123/random_mc2_n6_mid3_d1000_05_mr098_r10_71_uai_GSCC_n200_roFalse_s0.csv
2026-02-02 16:15:49,886|INFO|random_mc2_n6_mid3_d1000_05_mr098_r10_28_uai_GSCC_n200_roFalse_s0: Saving results to ../results/synthetic/s123/random_mc2_n6_mid3_d1000_05_mr098_r10_28_uai_GSCC_n200_roFalse_s0.csv
2026-02-02 16:15:49,964|INFO|random_mc2_n6_mid3_d1000_05_mr098_r10_169_uai_GSCC_n200_roFalse_s0: [0.0103,0.0177]	 26 runs	 rmse=0.02455	 T_learn=9064 ms. 	 T_infer=777 ms.
2026-02-02 16:15:49,970|INFO|random_mc2_n6_mid3_d1000_05_mr098_r10_169_uai_GSCC_n200_roFalse_s0: Saving results to ../results/synthetic/s123/random_mc2_n6_mid3_d1000_05_mr098_r10_169_uai_GSCC_n200_roFalse_s0.csv
2026-02-02 16:15:50,254|INFO|random_mc2_n6_mid3_d1000_05_mr098_r10_28_uai_GSCC_n200_roFalse_s0: [0.4962,0.5214]	 6 runs	 rmse=0.13578	 T_learn=6604 ms. 	 T_infer=306 ms.
2026-02-02 16:15:50,260|INFO|random_mc2_n6_mid3_d1000_05_mr098_r10_28_uai_GSCC_n200_roFalse_s0: Saving results to ../results/synthetic/s123/random_mc2_n6_mid3_d1000_05_mr098_r10_28_uai_GSCC_n200_roFalse_s0.csv
2026-02-02 16:15:50,264|INFO|random_mc2_n6_mid3_d1000_05_mr098_r10_72_uai_GSCC_n200_roTrue_s0: [0.0627,0.0792]	 19 runs	 rmse=0.05286	 T_learn=10371 ms. 	 T_infer=912 ms.
2026-02-02 16:15:50,273|INFO|random_mc2_n6_mid3_d1000_05_mr098_r10_72_uai_GSCC_n200_roTrue_s0: Saving results to ../results/synthetic/s123/random_mc2_n6_mid3_d1000_05_mr098_r10_72_uai_GSCC_n200_roTrue_s0.csv
2026-02-02 16:15:50,526|INFO|random_mc2_n5_mid3_d1000_05_mr098_r10_44_uai_GSCC_n200_roFalse_s0: [0.0156,0.0298]	 22 runs	 rmse=0.00196	 T_learn=7421 ms. 	 T_infer=1071 ms.
2026-02-02 16:15:50,532|INFO|random_mc2_n5_mid3_d1000_05_mr098_r10_44_uai_GSCC_n200_roFalse_s0: Saving results to ../results/synthetic/s123/random_mc2_n5_mid3_d1000_05_mr098_r10_44_uai_GSCC_n200_roFalse_s0.csv
2026-02-02 16:15:50,683|INFO|random_mc2_n6_mid3_d1000_05_mr098_r10_28_uai_GSCC_n200_roFalse_s0: [0.4962,0.5214]	 7 runs	 rmse=0.13578	 T_learn=6673 ms. 	 T_infer=353 ms.
2026-02-02 16:15:50,690|INFO|random_mc2_n6_mid3_d1000_05_mr098_r10_28_uai_GSCC_n200_roFalse_s0: Saving results to ../results/synthetic/s123/random_mc2_n6_mid3_d1000_05_mr098_r10_28_uai_GSCC_n200_roFalse_s0.csv
2026-02-02 16:15:50,884|INFO|random_mc2_n6_mid3_d1000_05_mr098_r10_169_uai_GSCC_n200_roFalse_s0: [0.0103,0.0177]	 27 runs	 rmse=0.02455	 T_learn=9178 ms. 	 T_infer=800 ms.
2026-02-02 16:15:50,889|INFO|random_mc2_n6_mid3_d1000_05_mr098_r10_169_uai_GSCC_n200_roFalse_s0: Saving results to ../results/synthetic/s123/random_mc2_n6_mid3_d1000_05_mr098_r10_169_uai_GSCC_n200_roFalse_s0.csv
2026-02-02 16:15:51,005|INFO|random_mc2_n5_mid3_d1000_05_mr098_r10_141_uai_GSCC_n200_roTrue_s0: [0.1294,0.1888]	 24 runs	 rmse=0.13437	 T_learn=8265 ms. 	 T_infer=977 ms.
2026-02-02 16:15:51,010|INFO|random_mc2_n5_mid3_d1000_05_mr098_r10_141_uai_GSCC_n200_roTrue_s0: Saving results to ../results/synthetic/s123/random_mc2_n5_mid3_d1000_05_mr098_r10_141_uai_GSCC_n200_roTrue_s0.csv
2026-02-02 16:15:51,133|INFO|random_mc2_n6_mid3_d1000_05_mr098_r10_71_uai_GSCC_n200_roFalse_s0: [0.5153,0.6112]	 20 runs	 rmse=0.01565	 T_learn=9048 ms. 	 T_infer=1076 ms.
2026-02-02 16:15:51,138|INFO|random_mc2_n6_mid3_d1000_05_mr098_r10_71_uai_GSCC_n200_roFalse_s0: Saving results to ../results/synthetic/s123/random_mc2_n6_mid3_d1000_05_mr098_r10_71_uai_GSCC_n200_roFalse_s0.csv
2026-02-02 16:15:51,173|INFO|random_mc2_n6_mid3_d1000_05_mr098_r10_28_uai_GSCC_n200_roFalse_s0: [0.4962,0.5214]	 8 runs	 rmse=0.13578	 T_learn=6749 ms. 	 T_infer=408 ms.
2026-02-02 16:15:51,177|INFO|random_mc2_n6_mid3_d1000_05_mr098_r10_28_uai_GSCC_n200_roFalse_s0: Saving results to ../results/synthetic/s123/random_mc2_n6_mid3_d1000_05_mr098_r10_28_uai_GSCC_n200_roFalse_s0.csv
2026-02-02 16:15:51,399|INFO|random_mc2_n6_mid3_d1000_05_mr098_r10_72_uai_GSCC_n200_roTrue_s0: [0.0627,0.0792]	 20 runs	 rmse=0.05286	 T_learn=10537 ms. 	 T_infer=959 ms.
2026-02-02 16:15:51,405|INFO|random_mc2_n6_mid3_d1000_05_mr098_r10_72_uai_GSCC_n200_roTrue_s0: Saving results to ../results/synthetic/s123/random_mc2_n6_mid3_d1000_05_mr098_r10_72_uai_GSCC_n200_roTrue_s0.csv
2026-02-02 16:15:51,714|INFO|random_mc2_n6_mid3_d1000_05_mr098_r10_28_uai_GSCC_n200_roFalse_s0: [0.4962,0.5214]	 9 runs	 rmse=0.13578	 T_learn=6831 ms. 	 T_infer=454 ms.
2026-02-02 16:15:51,719|INFO|random_mc2_n6_mid3_d1000_05_mr098_r10_28_uai_GSCC_n200_roFalse_s0: Saving results to ../results/synthetic/s123/random_mc2_n6_mid3_d1000_05_mr098_r10_28_uai_GSCC_n200_roFalse_s0.csv
2026-02-02 16:15:51,812|INFO|random_mc2_n5_mid3_d1000_05_mr098_r10_44_uai_GSCC_n200_roFalse_s0: [0.0156,0.0298]	 23 runs	 rmse=0.00196	 T_learn=7583 ms. 	 T_infer=1118 ms.
2026-02-02 16:15:51,817|INFO|random_mc2_n5_mid3_d1000_05_mr098_r10_44_uai_GSCC_n200_roFalse_s0: Saving results to ../results/synthetic/s123/random_mc2_n5_mid3_d1000_05_mr098_r10_44_uai_GSCC_n200_roFalse_s0.csv
2026-02-02 16:15:51,840|INFO|random_mc2_n6_mid3_d1000_05_mr098_r10_169_uai_GSCC_n200_roFalse_s0: [0.0103,0.0177]	 28 runs	 rmse=0.02455	 T_learn=9294 ms. 	 T_infer=834 ms.
2026-02-02 16:15:51,844|INFO|random_mc2_n6_mid3_d1000_05_mr098_r10_169_uai_GSCC_n200_roFalse_s0: Saving results to ../results/synthetic/s123/random_mc2_n6_mid3_d1000_05_mr098_r10_169_uai_GSCC_n200_roFalse_s0.csv
2026-02-02 16:15:52,183|INFO|random_mc2_n5_mid3_d1000_05_mr098_r10_141_uai_GSCC_n200_roTrue_s0: [0.1294,0.1888]	 25 runs	 rmse=0.13437	 T_learn=8415 ms. 	 T_infer=1023 ms.
2026-02-02 16:15:52,188|INFO|random_mc2_n5_mid3_d1000_05_mr098_r10_141_uai_GSCC_n200_roTrue_s0: Saving results to ../results/synthetic/s123/random_mc2_n5_mid3_d1000_05_mr098_r10_141_uai_GSCC_n200_roTrue_s0.csv
2026-02-02 16:15:52,313|INFO|random_mc2_n6_mid3_d1000_05_mr098_r10_28_uai_GSCC_n200_roFalse_s0: [0.4962,0.5242]	 10 runs	 rmse=0.13544	 T_learn=6919 ms. 	 T_infer=506 ms.
2026-02-02 16:15:52,318|INFO|random_mc2_n6_mid3_d1000_05_mr098_r10_28_uai_GSCC_n200_roFalse_s0: Saving results to ../results/synthetic/s123/random_mc2_n6_mid3_d1000_05_mr098_r10_28_uai_GSCC_n200_roFalse_s0.csv
2026-02-02 16:15:52,450|INFO|random_mc2_n6_mid3_d1000_05_mr098_r10_71_uai_GSCC_n200_roFalse_s0: [0.5153,0.6112]	 21 runs	 rmse=0.01565	 T_learn=9228 ms. 	 T_infer=1132 ms.
2026-02-02 16:15:52,456|INFO|random_mc2_n6_mid3_d1000_05_mr098_r10_71_uai_GSCC_n200_roFalse_s0: Saving results to ../results/synthetic/s123/random_mc2_n6_mid3_d1000_05_mr098_r10_71_uai_GSCC_n200_roFalse_s0.csv
2026-02-02 16:15:52,516|INFO|random_mc2_n7_mid3_d1000_05_mr098_r10_93_uai_GSCC_n200_roFalse_s0: Loading model from ../models/synthetic/s123/random_mc2_n7_mid3_d1000_05_mr098_r10_93.uai
2026-02-02 16:15:52,529|INFO|random_mc2_n6_mid3_d1000_05_mr098_r10_104_uai_GSCC_n200_roFalse_s0: Loading model from ../models/synthetic/s123/random_mc2_n6_mid3_d1000_05_mr098_r10_104.uai
2026-02-02 16:15:52,527|INFO|random_mc2_n7_mid3_d1000_05_mr098_r10_93_uai_GSCC_n200_roFalse_s0: Loading data from ../models/synthetic/s123/random_mc2_n7_mid3_d1000_05_mr098_r10_93.csv
2026-02-02 16:15:52,534|ERROR|random_mc2_n7_mid3_d1000_05_mr098_r10_93_uai_GSCC_n200_roFalse_s0: File exists, not rewriting.
2026-02-02 16:15:52,562|INFO|random_mc2_n6_mid3_d1000_05_mr098_r10_104_uai_GSCC_n200_roFalse_s0: Loading data from ../models/synthetic/s123/random_mc2_n6_mid3_d1000_05_mr098_r10_104.csv
2026-02-02 16:15:52,571|ERROR|random_mc2_n6_mid3_d1000_05_mr098_r10_104_uai_GSCC_n200_roFalse_s0: File exists, not rewriting.
2026-02-02 16:15:52,589|INFO|random_mc2_n6_mid3_d1000_05_mr098_r10_72_uai_GSCC_n200_roTrue_s0: [0.0627,0.0792]	 21 runs	 rmse=0.05286	 T_learn=10709 ms. 	 T_infer=1012 ms.
2026-02-02 16:15:52,594|INFO|random_mc2_n6_mid3_d1000_05_mr098_r10_72_uai_GSCC_n200_roTrue_s0: Saving results to ../results/synthetic/s123/random_mc2_n6_mid3_d1000_05_mr098_r10_72_uai_GSCC_n200_roTrue_s0.csv
2026-02-02 16:15:52,595|INFO|random_mc2_n9_mid3_d1000_05_mr098_r10_118_uai_GSCC_n200_roFalse_s0: Loading model from ../models/synthetic/s123/random_mc2_n9_mid3_d1000_05_mr098_r10_118.uai
2026-02-02 16:15:52,604|INFO|random_mc2_n6_mid3_d1000_05_mr098_r10_79_uai_GSCC_n200_roFalse_s0: Loading model from ../models/synthetic/s123/random_mc2_n6_mid3_d1000_05_mr098_r10_79.uai
2026-02-02 16:15:52,619|INFO|random_mc2_n8_mid3_d1000_05_mr098_r10_118_uai_GSCC_n200_roFalse_s0: Loading model from ../models/synthetic/s123/random_mc2_n8_mid3_d1000_05_mr098_r10_118.uai
2026-02-02 16:15:52,631|INFO|random_mc2_n5_mid3_d1000_05_mr098_r10_129_uai_GSCC_n200_roFalse_s0: Loading model from ../models/synthetic/s123/random_mc2_n5_mid3_d1000_05_mr098_r10_129.uai
2026-02-02 16:15:52,612|INFO|random_mc2_n9_mid3_d1000_05_mr098_r10_118_uai_GSCC_n200_roFalse_s0: Loading data from ../models/synthetic/s123/random_mc2_n9_mid3_d1000_05_mr098_r10_118.csv
2026-02-02 16:15:52,622|ERROR|random_mc2_n9_mid3_d1000_05_mr098_r10_118_uai_GSCC_n200_roFalse_s0: File exists, not rewriting.
2026-02-02 16:15:52,639|INFO|random_mc2_n5_mid3_d1000_05_mr098_r10_150_uai_GSCC_n200_roTrue_s0: Loading model from ../models/synthetic/s123/random_mc2_n5_mid3_d1000_05_mr098_r10_150.uai
2026-02-02 16:15:52,612|INFO|random_mc2_n6_mid3_d1000_05_mr098_r10_79_uai_GSCC_n200_roFalse_s0: Loading data from ../models/synthetic/s123/random_mc2_n6_mid3_d1000_05_mr098_r10_79.csv
2026-02-02 16:15:52,625|INFO|random_mc2_n6_mid3_d1000_05_mr098_r10_79_uai_GSCC_n200_roFalse_s0: PNS(V3,V5) exact: (0.3677803281, 0.4747158748)
2026-02-02 16:15:52,659|INFO|random_mc2_n5_mid3_d1000_05_mr098_r10_41_uai_GSCC_n200_roFalse_s0: Loading model from ../models/synthetic/s123/random_mc2_n5_mid3_d1000_05_mr098_r10_41.uai
2026-02-02 16:15:52,668|INFO|random_mc2_n6_mid3_d1000_05_mr098_r10_145_uai_GSCC_n200_roFalse_s0: Loading model from ../models/synthetic/s123/random_mc2_n6_mid3_d1000_05_mr098_r10_145.uai
2026-02-02 16:15:52,641|INFO|random_mc2_n5_mid3_d1000_05_mr098_r10_129_uai_GSCC_n200_roFalse_s0: Loading data from ../models/synthetic/s123/random_mc2_n5_mid3_d1000_05_mr098_r10_129.csv
2026-02-02 16:15:52,649|ERROR|random_mc2_n5_mid3_d1000_05_mr098_r10_129_uai_GSCC_n200_roFalse_s0: File exists, not rewriting.
2026-02-02 16:15:52,672|INFO|random_mc2_n5_mid3_d1000_05_mr098_r10_102_uai_GSCC_n200_roTrue_s0: Loading model from ../models/synthetic/s123/random_mc2_n5_mid3_d1000_05_mr098_r10_102.uai
2026-02-02 16:15:52,677|INFO|random_mc2_n9_mid3_d1000_05_mr098_r10_10_uai_GSCC_n200_roTrue_s0: Loading model from ../models/synthetic/s123/random_mc2_n9_mid3_d1000_05_mr098_r10_10.uai
2026-02-02 16:15:52,648|INFO|random_mc2_n5_mid3_d1000_05_mr098_r10_150_uai_GSCC_n200_roTrue_s0: Loading data from ../models/synthetic/s123/random_mc2_n5_mid3_d1000_05_mr098_r10_150.csv
2026-02-02 16:15:52,655|ERROR|random_mc2_n5_mid3_d1000_05_mr098_r10_150_uai_GSCC_n200_roTrue_s0: File exists, not rewriting.
2026-02-02 16:15:52,669|INFO|random_mc2_n5_mid3_d1000_05_mr098_r10_41_uai_GSCC_n200_roFalse_s0: Loading data from ../models/synthetic/s123/random_mc2_n5_mid3_d1000_05_mr098_r10_41.csv
2026-02-02 16:15:52,684|INFO|random_mc2_n5_mid3_d1000_05_mr098_r10_41_uai_GSCC_n200_roFalse_s0: PNS(V1,V4) exact: (0.0160025338999999, 0.0160025338999999)
2026-02-02 16:15:52,687|INFO|random_mc2_n6_mid3_d1000_05_mr098_r10_145_uai_GSCC_n200_roFalse_s0: Loading data from ../models/synthetic/s123/random_mc2_n6_mid3_d1000_05_mr098_r10_145.csv
2026-02-02 16:15:52,693|ERROR|random_mc2_n6_mid3_d1000_05_mr098_r10_145_uai_GSCC_n200_roFalse_s0: File exists, not rewriting.
2026-02-02 16:15:52,681|INFO|random_mc2_n5_mid3_d1000_05_mr098_r10_102_uai_GSCC_n200_roTrue_s0: Loading data from ../models/synthetic/s123/random_mc2_n5_mid3_d1000_05_mr098_r10_102.csv
2026-02-02 16:15:52,692|INFO|random_mc2_n5_mid3_d1000_05_mr098_r10_102_uai_GSCC_n200_roTrue_s0: PNS(V3,V0) exact: (0.2629687949824, 0.477036655678528)
2026-02-02 16:15:52,719|INFO|random_mc2_n9_mid3_d1000_05_mr098_r10_10_uai_GSCC_n200_roTrue_s0: Loading data from ../models/synthetic/s123/random_mc2_n9_mid3_d1000_05_mr098_r10_10.csv
2026-02-02 16:15:52,728|ERROR|random_mc2_n9_mid3_d1000_05_mr098_r10_10_uai_GSCC_n200_roTrue_s0: File exists, not rewriting.
2026-02-02 16:15:52,863|INFO|random_mc2_n8_mid3_d1000_05_mr098_r10_118_uai_GSCC_n200_roFalse_s0: Loading data from ../models/synthetic/s123/random_mc2_n8_mid3_d1000_05_mr098_r10_118.csv
2026-02-02 16:15:52,871|ERROR|random_mc2_n8_mid3_d1000_05_mr098_r10_118_uai_GSCC_n200_roFalse_s0: File exists, not rewriting.
2026-02-02 16:15:52,963|INFO|random_mc2_n6_mid3_d1000_05_mr098_r10_169_uai_GSCC_n200_roFalse_s0: [0.0103,0.0177]	 29 runs	 rmse=0.02455	 T_learn=9413 ms. 	 T_infer=999 ms.
2026-02-02 16:15:52,968|INFO|random_mc2_n6_mid3_d1000_05_mr098_r10_169_uai_GSCC_n200_roFalse_s0: Saving results to ../results/synthetic/s123/random_mc2_n6_mid3_d1000_05_mr098_r10_169_uai_GSCC_n200_roFalse_s0.csv
2026-02-02 16:15:52,970|INFO|random_mc2_n6_mid3_d1000_05_mr098_r10_28_uai_GSCC_n200_roFalse_s0: [0.4962,0.5242]	 11 runs	 rmse=0.13544	 T_learn=7013 ms. 	 T_infer=558 ms.
2026-02-02 16:15:52,975|INFO|random_mc2_n6_mid3_d1000_05_mr098_r10_28_uai_GSCC_n200_roFalse_s0: Saving results to ../results/synthetic/s123/random_mc2_n6_mid3_d1000_05_mr098_r10_28_uai_GSCC_n200_roFalse_s0.csv
2026-02-02 16:15:53,164|INFO|random_mc2_n5_mid3_d1000_05_mr098_r10_44_uai_GSCC_n200_roFalse_s0: [0.0156,0.0298]	 24 runs	 rmse=0.00196	 T_learn=7751 ms. 	 T_infer=1179 ms.
2026-02-02 16:15:53,171|INFO|random_mc2_n5_mid3_d1000_05_mr098_r10_44_uai_GSCC_n200_roFalse_s0: Saving results to ../results/synthetic/s123/random_mc2_n5_mid3_d1000_05_mr098_r10_44_uai_GSCC_n200_roFalse_s0.csv
2026-02-02 16:15:53,415|INFO|random_mc2_n5_mid3_d1000_05_mr098_r10_141_uai_GSCC_n200_roTrue_s0: [0.1294,0.1888]	 26 runs	 rmse=0.13437	 T_learn=8570 ms. 	 T_infer=1072 ms.
2026-02-02 16:15:53,420|INFO|random_mc2_n5_mid3_d1000_05_mr098_r10_141_uai_GSCC_n200_roTrue_s0: Saving results to ../results/synthetic/s123/random_mc2_n5_mid3_d1000_05_mr098_r10_141_uai_GSCC_n200_roTrue_s0.csv
2026-02-02 16:15:53,689|INFO|random_mc2_n6_mid3_d1000_05_mr098_r10_28_uai_GSCC_n200_roFalse_s0: [0.4962,0.5395]	 12 runs	 rmse=0.13461	 T_learn=7114 ms. 	 T_infer=612 ms.
2026-02-02 16:15:53,694|INFO|random_mc2_n6_mid3_d1000_05_mr098_r10_28_uai_GSCC_n200_roFalse_s0: Saving results to ../results/synthetic/s123/random_mc2_n6_mid3_d1000_05_mr098_r10_28_uai_GSCC_n200_roFalse_s0.csv
2026-02-02 16:15:53,837|INFO|random_mc2_n6_mid3_d1000_05_mr098_r10_71_uai_GSCC_n200_roFalse_s0: [0.5153,0.6112]	 22 runs	 rmse=0.01565	 T_learn=9415 ms. 	 T_infer=1194 ms.
2026-02-02 16:15:53,843|INFO|random_mc2_n6_mid3_d1000_05_mr098_r10_71_uai_GSCC_n200_roFalse_s0: Saving results to ../results/synthetic/s123/random_mc2_n6_mid3_d1000_05_mr098_r10_71_uai_GSCC_n200_roFalse_s0.csv
2026-02-02 16:15:53,846|INFO|random_mc2_n6_mid3_d1000_05_mr098_r10_72_uai_GSCC_n200_roTrue_s0: [0.0627,0.0792]	 22 runs	 rmse=0.05286	 T_learn=10892 ms. 	 T_infer=1068 ms.
2026-02-02 16:15:53,851|INFO|random_mc2_n6_mid3_d1000_05_mr098_r10_72_uai_GSCC_n200_roTrue_s0: Saving results to ../results/synthetic/s123/random_mc2_n6_mid3_d1000_05_mr098_r10_72_uai_GSCC_n200_roTrue_s0.csv
2026-02-02 16:15:53,971|INFO|random_mc2_n7_mid3_d1000_05_mr098_r10_90_uai_GSCC_n200_roFalse_s0: Loading model from ../models/synthetic/s123/random_mc2_n7_mid3_d1000_05_mr098_r10_90.uai
2026-02-02 16:15:53,973|INFO|random_mc2_n5_mid3_d1000_05_mr098_r10_15_uai_GSCC_n200_roTrue_s0: Loading model from ../models/synthetic/s123/random_mc2_n5_mid3_d1000_05_mr098_r10_15.uai
2026-02-02 16:15:53,974|INFO|random_mc2_n6_mid3_d1000_05_mr098_r10_10_uai_GSCC_n200_roFalse_s0: Loading model from ../models/synthetic/s123/random_mc2_n6_mid3_d1000_05_mr098_r10_10.uai
2026-02-02 16:15:53,975|INFO|random_mc2_n8_mid3_d1000_05_mr098_r10_189_uai_GSCC_n200_roTrue_s0: Loading model from ../models/synthetic/s123/random_mc2_n8_mid3_d1000_05_mr098_r10_189.uai
2026-02-02 16:15:53,986|INFO|random_mc2_n6_mid3_d1000_05_mr098_r10_169_uai_GSCC_n200_roFalse_s0: [0.0099,0.0177]	 30 runs	 rmse=0.02441	 T_learn=9539 ms. 	 T_infer=892 ms.
2026-02-02 16:15:53,991|INFO|random_mc2_n6_mid3_d1000_05_mr098_r10_169_uai_GSCC_n200_roFalse_s0: Saving results to ../results/synthetic/s123/random_mc2_n6_mid3_d1000_05_mr098_r10_169_uai_GSCC_n200_roFalse_s0.csv
2026-02-02 16:15:53,988|INFO|random_mc2_n7_mid3_d1000_05_mr098_r10_90_uai_GSCC_n200_roFalse_s0: Loading data from ../models/synthetic/s123/random_mc2_n7_mid3_d1000_05_mr098_r10_90.csv
2026-02-02 16:15:53,998|ERROR|random_mc2_n7_mid3_d1000_05_mr098_r10_90_uai_GSCC_n200_roFalse_s0: File exists, not rewriting.
2026-02-02 16:15:53,992|INFO|random_mc2_n5_mid3_d1000_05_mr098_r10_15_uai_GSCC_n200_roTrue_s0: Loading data from ../models/synthetic/s123/random_mc2_n5_mid3_d1000_05_mr098_r10_15.csv
2026-02-02 16:15:54,007|INFO|random_mc2_n5_mid3_d1000_05_mr098_r10_15_uai_GSCC_n200_roTrue_s0: PNS(V1,V2) exact: (0.190870353918592, 0.3460951275809139)
2026-02-02 16:15:54,009|INFO|random_mc2_n6_mid3_d1000_05_mr098_r10_10_uai_GSCC_n200_roFalse_s0: Loading data from ../models/synthetic/s123/random_mc2_n6_mid3_d1000_05_mr098_r10_10.csv
2026-02-02 16:15:53,991|INFO|random_mc2_n8_mid3_d1000_05_mr098_r10_189_uai_GSCC_n200_roTrue_s0: Loading data from ../models/synthetic/s123/random_mc2_n8_mid3_d1000_05_mr098_r10_189.csv
2026-02-02 16:15:54,006|INFO|random_mc2_n8_mid3_d1000_05_mr098_r10_189_uai_GSCC_n200_roTrue_s0: PNS(V4,V7) exact: (0.0, 0.0)
2026-02-02 16:15:54,018|ERROR|random_mc2_n6_mid3_d1000_05_mr098_r10_10_uai_GSCC_n200_roFalse_s0: File exists, not rewriting.
2026-02-02 16:15:54,463|INFO|random_mc2_n6_mid3_d1000_05_mr098_r10_28_uai_GSCC_n200_roFalse_s0: [0.4962,0.5419]	 13 runs	 rmse=0.13464	 T_learn=7223 ms. 	 T_infer=661 ms.
2026-02-02 16:15:54,468|INFO|random_mc2_n6_mid3_d1000_05_mr098_r10_28_uai_GSCC_n200_roFalse_s0: Saving results to ../results/synthetic/s123/random_mc2_n6_mid3_d1000_05_mr098_r10_28_uai_GSCC_n200_roFalse_s0.csv
2026-02-02 16:15:54,562|INFO|random_mc2_n5_mid3_d1000_05_mr098_r10_44_uai_GSCC_n200_roFalse_s0: [0.0156,0.0298]	 25 runs	 rmse=0.00196	 T_learn=7925 ms. 	 T_infer=1216 ms.
2026-02-02 16:15:54,567|INFO|random_mc2_n5_mid3_d1000_05_mr098_r10_44_uai_GSCC_n200_roFalse_s0: Saving results to ../results/synthetic/s123/random_mc2_n5_mid3_d1000_05_mr098_r10_44_uai_GSCC_n200_roFalse_s0.csv
2026-02-02 16:15:54,693|INFO|random_mc2_n5_mid3_d1000_05_mr098_r10_141_uai_GSCC_n200_roTrue_s0: [0.1294,0.1888]	 27 runs	 rmse=0.13437	 T_learn=8731 ms. 	 T_infer=1111 ms.
2026-02-02 16:15:54,698|INFO|random_mc2_n5_mid3_d1000_05_mr098_r10_141_uai_GSCC_n200_roTrue_s0: Saving results to ../results/synthetic/s123/random_mc2_n5_mid3_d1000_05_mr098_r10_141_uai_GSCC_n200_roTrue_s0.csv
trainable: ['V6', 'V7', 'V0', 'V8']
trainable: ['V5', 'V2', 'V6']
trainable: ['V0', 'V5', 'V6']
2026-02-02 16:15:55,034|INFO|random_mc2_n6_mid3_d1000_05_mr098_r10_169_uai_GSCC_n200_roFalse_s0: [0.0099,0.0177]	 31 runs	 rmse=0.02441	 T_learn=9663 ms. 	 T_infer=919 ms.
2026-02-02 16:15:55,040|INFO|random_mc2_n6_mid3_d1000_05_mr098_r10_169_uai_GSCC_n200_roFalse_s0: Saving results to ../results/synthetic/s123/random_mc2_n6_mid3_d1000_05_mr098_r10_169_uai_GSCC_n200_roFalse_s0.csv
2026-02-02 16:15:55,134|INFO|random_mc2_n6_mid3_d1000_05_mr098_r10_72_uai_GSCC_n200_roTrue_s0: [0.0627,0.0792]	 23 runs	 rmse=0.05286	 T_learn=11076 ms. 	 T_infer=1099 ms.
2026-02-02 16:15:55,140|INFO|random_mc2_n6_mid3_d1000_05_mr098_r10_72_uai_GSCC_n200_roTrue_s0: Saving results to ../results/synthetic/s123/random_mc2_n6_mid3_d1000_05_mr098_r10_72_uai_GSCC_n200_roTrue_s0.csv
2026-02-02 16:15:55,269|INFO|random_mc2_n6_mid3_d1000_05_mr098_r10_71_uai_GSCC_n200_roFalse_s0: [0.5153,0.6112]	 23 runs	 rmse=0.01565	 T_learn=9608 ms. 	 T_infer=1231 ms.
2026-02-02 16:15:55,275|INFO|random_mc2_n6_mid3_d1000_05_mr098_r10_71_uai_GSCC_n200_roFalse_s0: Saving results to ../results/synthetic/s123/random_mc2_n6_mid3_d1000_05_mr098_r10_71_uai_GSCC_n200_roFalse_s0.csv
2026-02-02 16:15:55,295|INFO|random_mc2_n6_mid3_d1000_05_mr098_r10_28_uai_GSCC_n200_roFalse_s0: [0.4962,0.5473]	 14 runs	 rmse=0.13485	 T_learn=7338 ms. 	 T_infer=712 ms.
2026-02-02 16:15:55,299|INFO|random_mc2_n6_mid3_d1000_05_mr098_r10_28_uai_GSCC_n200_roFalse_s0: Saving results to ../results/synthetic/s123/random_mc2_n6_mid3_d1000_05_mr098_r10_28_uai_GSCC_n200_roFalse_s0.csv
2026-02-02 16:15:56,009|INFO|random_mc2_n5_mid3_d1000_05_mr098_r10_44_uai_GSCC_n200_roFalse_s0: [0.0156,0.0298]	 26 runs	 rmse=0.00196	 T_learn=8106 ms. 	 T_infer=1262 ms.
2026-02-02 16:15:56,014|INFO|random_mc2_n5_mid3_d1000_05_mr098_r10_44_uai_GSCC_n200_roFalse_s0: Saving results to ../results/synthetic/s123/random_mc2_n5_mid3_d1000_05_mr098_r10_44_uai_GSCC_n200_roFalse_s0.csv
2026-02-02 16:15:56,019|INFO|random_mc2_n5_mid3_d1000_05_mr098_r10_141_uai_GSCC_n200_roTrue_s0: [0.1294,0.1888]	 28 runs	 rmse=0.13437	 T_learn=8897 ms. 	 T_infer=1155 ms.
2026-02-02 16:15:56,024|INFO|random_mc2_n5_mid3_d1000_05_mr098_r10_141_uai_GSCC_n200_roTrue_s0: Saving results to ../results/synthetic/s123/random_mc2_n5_mid3_d1000_05_mr098_r10_141_uai_GSCC_n200_roTrue_s0.csv
2026-02-02 16:15:56,117|INFO|random_mc2_n6_mid3_d1000_05_mr098_r10_169_uai_GSCC_n200_roFalse_s0: [0.0099,0.0177]	 32 runs	 rmse=0.02441	 T_learn=9790 ms. 	 T_infer=950 ms.
2026-02-02 16:15:56,124|INFO|random_mc2_n6_mid3_d1000_05_mr098_r10_169_uai_GSCC_n200_roFalse_s0: Saving results to ../results/synthetic/s123/random_mc2_n6_mid3_d1000_05_mr098_r10_169_uai_GSCC_n200_roFalse_s0.csv
2026-02-02 16:15:56,181|INFO|random_mc2_n6_mid3_d1000_05_mr098_r10_28_uai_GSCC_n200_roFalse_s0: [0.4962,0.5473]	 15 runs	 rmse=0.13485	 T_learn=7458 ms. 	 T_infer=762 ms.
2026-02-02 16:15:56,187|INFO|random_mc2_n6_mid3_d1000_05_mr098_r10_28_uai_GSCC_n200_roFalse_s0: Saving results to ../results/synthetic/s123/random_mc2_n6_mid3_d1000_05_mr098_r10_28_uai_GSCC_n200_roFalse_s0.csv
trainable: ['V5', 'V4', 'V6']
trainable: ['V8', 'V9', 'V10', 'V0', 'V11', 'V12']
2026-02-02 16:15:56,481|INFO|random_mc2_n6_mid3_d1000_05_mr098_r10_72_uai_GSCC_n200_roTrue_s0: [0.0627,0.0792]	 24 runs	 rmse=0.05286	 T_learn=11265 ms. 	 T_infer=1152 ms.
2026-02-02 16:15:56,486|INFO|random_mc2_n6_mid3_d1000_05_mr098_r10_72_uai_GSCC_n200_roTrue_s0: Saving results to ../results/synthetic/s123/random_mc2_n6_mid3_d1000_05_mr098_r10_72_uai_GSCC_n200_roTrue_s0.csv
2026-02-02 16:15:56,769|INFO|random_mc2_n6_mid3_d1000_05_mr098_r10_71_uai_GSCC_n200_roFalse_s0: [0.5153,0.6112]	 24 runs	 rmse=0.01565	 T_learn=9813 ms. 	 T_infer=1289 ms.
2026-02-02 16:15:56,774|INFO|random_mc2_n6_mid3_d1000_05_mr098_r10_71_uai_GSCC_n200_roFalse_s0: Saving results to ../results/synthetic/s123/random_mc2_n6_mid3_d1000_05_mr098_r10_71_uai_GSCC_n200_roFalse_s0.csv
2026-02-02 16:15:57,129|INFO|random_mc2_n6_mid3_d1000_05_mr098_r10_28_uai_GSCC_n200_roFalse_s0: [0.4962,0.5473]	 16 runs	 rmse=0.13485	 T_learn=7586 ms. 	 T_infer=814 ms.
2026-02-02 16:15:57,134|INFO|random_mc2_n6_mid3_d1000_05_mr098_r10_28_uai_GSCC_n200_roFalse_s0: Saving results to ../results/synthetic/s123/random_mc2_n6_mid3_d1000_05_mr098_r10_28_uai_GSCC_n200_roFalse_s0.csv
2026-02-02 16:15:57,246|INFO|random_mc2_n6_mid3_d1000_05_mr098_r10_169_uai_GSCC_n200_roFalse_s0: [0.0099,0.0177]	 33 runs	 rmse=0.02441	 T_learn=9920 ms. 	 T_infer=992 ms.
2026-02-02 16:15:57,253|INFO|random_mc2_n6_mid3_d1000_05_mr098_r10_169_uai_GSCC_n200_roFalse_s0: Saving results to ../results/synthetic/s123/random_mc2_n6_mid3_d1000_05_mr098_r10_169_uai_GSCC_n200_roFalse_s0.csv
2026-02-02 16:15:57,376|INFO|random_mc2_n5_mid3_d1000_05_mr098_r10_141_uai_GSCC_n200_roTrue_s0: [0.1294,0.1888]	 29 runs	 rmse=0.13437	 T_learn=9066 ms. 	 T_infer=1182 ms.
2026-02-02 16:15:57,381|INFO|random_mc2_n5_mid3_d1000_05_mr098_r10_141_uai_GSCC_n200_roTrue_s0: Saving results to ../results/synthetic/s123/random_mc2_n5_mid3_d1000_05_mr098_r10_141_uai_GSCC_n200_roTrue_s0.csv
2026-02-02 16:15:57,522|INFO|random_mc2_n5_mid3_d1000_05_mr098_r10_44_uai_GSCC_n200_roFalse_s0: [0.0156,0.0298]	 27 runs	 rmse=0.00196	 T_learn=8294 ms. 	 T_infer=1320 ms.
2026-02-02 16:15:57,527|INFO|random_mc2_n5_mid3_d1000_05_mr098_r10_44_uai_GSCC_n200_roFalse_s0: Saving results to ../results/synthetic/s123/random_mc2_n5_mid3_d1000_05_mr098_r10_44_uai_GSCC_n200_roFalse_s0.csv
2026-02-02 16:15:57,868|INFO|random_mc2_n6_mid3_d1000_05_mr098_r10_72_uai_GSCC_n200_roTrue_s0: [0.0627,0.0792]	 25 runs	 rmse=0.05286	 T_learn=11459 ms. 	 T_infer=1188 ms.
2026-02-02 16:15:57,873|INFO|random_mc2_n6_mid3_d1000_05_mr098_r10_72_uai_GSCC_n200_roTrue_s0: Saving results to ../results/synthetic/s123/random_mc2_n6_mid3_d1000_05_mr098_r10_72_uai_GSCC_n200_roTrue_s0.csv
2026-02-02 16:15:58,127|INFO|random_mc2_n5_mid3_d1000_05_mr098_r10_102_uai_GSCC_n200_roTrue_s0: [0.3362,0.3362]	 1 runs	 rmse=0.15876	 T_learn=5403 ms. 	 T_infer=25 ms.
2026-02-02 16:15:58,133|INFO|random_mc2_n6_mid3_d1000_05_mr098_r10_28_uai_GSCC_n200_roFalse_s0: [0.4962,0.5473]	 17 runs	 rmse=0.13485	 T_learn=7721 ms. 	 T_infer=864 ms.
2026-02-02 16:15:58,138|INFO|random_mc2_n5_mid3_d1000_05_mr098_r10_102_uai_GSCC_n200_roTrue_s0: Saving results to ../results/synthetic/s123/random_mc2_n5_mid3_d1000_05_mr098_r10_102_uai_GSCC_n200_roTrue_s0.csv
2026-02-02 16:15:58,139|INFO|random_mc2_n6_mid3_d1000_05_mr098_r10_28_uai_GSCC_n200_roFalse_s0: Saving results to ../results/synthetic/s123/random_mc2_n6_mid3_d1000_05_mr098_r10_28_uai_GSCC_n200_roFalse_s0.csv
2026-02-02 16:15:58,229|INFO|random_mc2_n5_mid3_d1000_05_mr098_r10_102_uai_GSCC_n200_roTrue_s0: [0.3362,0.3406]	 2 runs	 rmse=0.15486	 T_learn=5445 ms. 	 T_infer=49 ms.
2026-02-02 16:15:58,233|INFO|random_mc2_n5_mid3_d1000_05_mr098_r10_102_uai_GSCC_n200_roTrue_s0: Saving results to ../results/synthetic/s123/random_mc2_n5_mid3_d1000_05_mr098_r10_102_uai_GSCC_n200_roTrue_s0.csv
2026-02-02 16:15:58,320|INFO|random_mc2_n6_mid3_d1000_05_mr098_r10_71_uai_GSCC_n200_roFalse_s0: [0.5153,0.6112]	 25 runs	 rmse=0.01565	 T_learn=10018 ms. 	 T_infer=1341 ms.
2026-02-02 16:15:58,326|INFO|random_mc2_n6_mid3_d1000_05_mr098_r10_71_uai_GSCC_n200_roFalse_s0: Saving results to ../results/synthetic/s123/random_mc2_n6_mid3_d1000_05_mr098_r10_71_uai_GSCC_n200_roFalse_s0.csv
2026-02-02 16:15:58,343|INFO|random_mc2_n5_mid3_d1000_05_mr098_r10_102_uai_GSCC_n200_roTrue_s0: [0.3362,0.3468]	 3 runs	 rmse=0.14940	 T_learn=5481 ms. 	 T_infer=74 ms.
2026-02-02 16:15:58,347|INFO|random_mc2_n5_mid3_d1000_05_mr098_r10_102_uai_GSCC_n200_roTrue_s0: Saving results to ../results/synthetic/s123/random_mc2_n5_mid3_d1000_05_mr098_r10_102_uai_GSCC_n200_roTrue_s0.csv
2026-02-02 16:15:58,393|INFO|random_mc2_n6_mid3_d1000_05_mr098_r10_169_uai_GSCC_n200_roFalse_s0: [0.0099,0.0177]	 34 runs	 rmse=0.02441	 T_learn=10053 ms. 	 T_infer=1008 ms.
2026-02-02 16:15:58,399|INFO|random_mc2_n6_mid3_d1000_05_mr098_r10_169_uai_GSCC_n200_roFalse_s0: Saving results to ../results/synthetic/s123/random_mc2_n6_mid3_d1000_05_mr098_r10_169_uai_GSCC_n200_roFalse_s0.csv
2026-02-02 16:15:58,483|INFO|random_mc2_n5_mid3_d1000_05_mr098_r10_102_uai_GSCC_n200_roTrue_s0: [0.3362,0.3533]	 4 runs	 rmse=0.14375	 T_learn=5518 ms. 	 T_infer=99 ms.
2026-02-02 16:15:58,490|INFO|random_mc2_n5_mid3_d1000_05_mr098_r10_102_uai_GSCC_n200_roTrue_s0: Saving results to ../results/synthetic/s123/random_mc2_n5_mid3_d1000_05_mr098_r10_102_uai_GSCC_n200_roTrue_s0.csv
2026-02-02 16:15:58,654|INFO|random_mc2_n5_mid3_d1000_05_mr098_r10_102_uai_GSCC_n200_roTrue_s0: [0.3362,0.3533]	 5 runs	 rmse=0.14375	 T_learn=5558 ms. 	 T_infer=124 ms.
2026-02-02 16:15:58,659|INFO|random_mc2_n5_mid3_d1000_05_mr098_r10_102_uai_GSCC_n200_roTrue_s0: Saving results to ../results/synthetic/s123/random_mc2_n5_mid3_d1000_05_mr098_r10_102_uai_GSCC_n200_roTrue_s0.csv
2026-02-02 16:15:58,781|INFO|random_mc2_n5_mid3_d1000_05_mr098_r10_141_uai_GSCC_n200_roTrue_s0: [0.1294,0.1888]	 30 runs	 rmse=0.13437	 T_learn=9242 ms. 	 T_infer=1224 ms.
2026-02-02 16:15:58,789|INFO|random_mc2_n5_mid3_d1000_05_mr098_r10_141_uai_GSCC_n200_roTrue_s0: Saving results to ../results/synthetic/s123/random_mc2_n5_mid3_d1000_05_mr098_r10_141_uai_GSCC_n200_roTrue_s0.csv
2026-02-02 16:15:58,850|INFO|random_mc2_n5_mid3_d1000_05_mr098_r10_102_uai_GSCC_n200_roTrue_s0: [0.3362,0.3627]	 6 runs	 rmse=0.13573	 T_learn=5602 ms. 	 T_infer=148 ms.
2026-02-02 16:15:58,855|INFO|random_mc2_n5_mid3_d1000_05_mr098_r10_102_uai_GSCC_n200_roTrue_s0: Saving results to ../results/synthetic/s123/random_mc2_n5_mid3_d1000_05_mr098_r10_102_uai_GSCC_n200_roTrue_s0.csv
2026-02-02 16:15:59,072|INFO|random_mc2_n5_mid3_d1000_05_mr098_r10_102_uai_GSCC_n200_roTrue_s0: [0.3362,0.3979]	 7 runs	 rmse=0.10782	 T_learn=5645 ms. 	 T_infer=174 ms.
2026-02-02 16:15:59,076|INFO|random_mc2_n5_mid3_d1000_05_mr098_r10_102_uai_GSCC_n200_roTrue_s0: Saving results to ../results/synthetic/s123/random_mc2_n5_mid3_d1000_05_mr098_r10_102_uai_GSCC_n200_roTrue_s0.csv
2026-02-02 16:15:59,079|INFO|random_mc2_n5_mid3_d1000_05_mr098_r10_44_uai_GSCC_n200_roFalse_s0: [0.0156,0.0298]	 28 runs	 rmse=0.00196	 T_learn=8485 ms. 	 T_infer=1360 ms.
2026-02-02 16:15:59,084|INFO|random_mc2_n5_mid3_d1000_05_mr098_r10_44_uai_GSCC_n200_roFalse_s0: Saving results to ../results/synthetic/s123/random_mc2_n5_mid3_d1000_05_mr098_r10_44_uai_GSCC_n200_roFalse_s0.csv
2026-02-02 16:15:59,196|INFO|random_mc2_n6_mid3_d1000_05_mr098_r10_28_uai_GSCC_n200_roFalse_s0: [0.4962,0.5473]	 18 runs	 rmse=0.13485	 T_learn=7862 ms. 	 T_infer=916 ms.
2026-02-02 16:15:59,202|INFO|random_mc2_n6_mid3_d1000_05_mr098_r10_28_uai_GSCC_n200_roFalse_s0: Saving results to ../results/synthetic/s123/random_mc2_n6_mid3_d1000_05_mr098_r10_28_uai_GSCC_n200_roFalse_s0.csv
2026-02-02 16:15:59,322|INFO|random_mc2_n5_mid3_d1000_05_mr098_r10_102_uai_GSCC_n200_roTrue_s0: [0.3362,0.3979]	 8 runs	 rmse=0.10782	 T_learn=5693 ms. 	 T_infer=197 ms.
2026-02-02 16:15:59,324|INFO|random_mc2_n6_mid3_d1000_05_mr098_r10_72_uai_GSCC_n200_roTrue_s0: [0.0627,0.0799]	 26 runs	 rmse=0.05258	 T_learn=11660 ms. 	 T_infer=1250 ms.
2026-02-02 16:15:59,331|INFO|random_mc2_n5_mid3_d1000_05_mr098_r10_102_uai_GSCC_n200_roTrue_s0: Saving results to ../results/synthetic/s123/random_mc2_n5_mid3_d1000_05_mr098_r10_102_uai_GSCC_n200_roTrue_s0.csv
2026-02-02 16:15:59,331|INFO|random_mc2_n6_mid3_d1000_05_mr098_r10_72_uai_GSCC_n200_roTrue_s0: Saving results to ../results/synthetic/s123/random_mc2_n6_mid3_d1000_05_mr098_r10_72_uai_GSCC_n200_roTrue_s0.csv
2026-02-02 16:15:59,577|INFO|random_mc2_n6_mid3_d1000_05_mr098_r10_169_uai_GSCC_n200_roFalse_s0: [0.0099,0.0177]	 35 runs	 rmse=0.02441	 T_learn=10189 ms. 	 T_infer=1042 ms.
2026-02-02 16:15:59,582|INFO|random_mc2_n6_mid3_d1000_05_mr098_r10_169_uai_GSCC_n200_roFalse_s0: Saving results to ../results/synthetic/s123/random_mc2_n6_mid3_d1000_05_mr098_r10_169_uai_GSCC_n200_roFalse_s0.csv
2026-02-02 16:15:59,600|INFO|random_mc2_n5_mid3_d1000_05_mr098_r10_102_uai_GSCC_n200_roTrue_s0: [0.3362,0.4055]	 9 runs	 rmse=0.10231	 T_learn=5740 ms. 	 T_infer=222 ms.
2026-02-02 16:15:59,606|INFO|random_mc2_n5_mid3_d1000_05_mr098_r10_102_uai_GSCC_n200_roTrue_s0: Saving results to ../results/synthetic/s123/random_mc2_n5_mid3_d1000_05_mr098_r10_102_uai_GSCC_n200_roTrue_s0.csv
2026-02-02 16:15:59,902|INFO|random_mc2_n5_mid3_d1000_05_mr098_r10_102_uai_GSCC_n200_roTrue_s0: [0.3362,0.4055]	 10 runs	 rmse=0.10231	 T_learn=5790 ms. 	 T_infer=246 ms.
2026-02-02 16:15:59,907|INFO|random_mc2_n5_mid3_d1000_05_mr098_r10_102_uai_GSCC_n200_roTrue_s0: Saving results to ../results/synthetic/s123/random_mc2_n5_mid3_d1000_05_mr098_r10_102_uai_GSCC_n200_roTrue_s0.csv
2026-02-02 16:15:59,937|INFO|random_mc2_n6_mid3_d1000_05_mr098_r10_71_uai_GSCC_n200_roFalse_s0: [0.5153,0.6112]	 26 runs	 rmse=0.01565	 T_learn=10230 ms. 	 T_infer=1398 ms.
2026-02-02 16:15:59,943|INFO|random_mc2_n6_mid3_d1000_05_mr098_r10_71_uai_GSCC_n200_roFalse_s0: Saving results to ../results/synthetic/s123/random_mc2_n6_mid3_d1000_05_mr098_r10_71_uai_GSCC_n200_roFalse_s0.csv
2026-02-02 16:16:00,228|INFO|random_mc2_n5_mid3_d1000_05_mr098_r10_102_uai_GSCC_n200_roTrue_s0: [0.3362,0.4055]	 11 runs	 rmse=0.10231	 T_learn=5841 ms. 	 T_infer=270 ms.
2026-02-02 16:16:00,232|INFO|random_mc2_n8_mid3_d1000_05_mr098_r10_152_uai_GSCC_n200_roTrue_s0: Loading model from ../models/synthetic/s123/random_mc2_n8_mid3_d1000_05_mr098_r10_152.uai
2026-02-02 16:16:00,235|INFO|random_mc2_n5_mid3_d1000_05_mr098_r10_102_uai_GSCC_n200_roTrue_s0: Saving results to ../results/synthetic/s123/random_mc2_n5_mid3_d1000_05_mr098_r10_102_uai_GSCC_n200_roTrue_s0.csv
2026-02-02 16:16:00,236|INFO|random_mc2_n5_mid3_d1000_05_mr098_r10_141_uai_GSCC_n200_roTrue_s0: [0.1294,0.1888]	 31 runs	 rmse=0.13437	 T_learn=9423 ms. 	 T_infer=1266 ms.
2026-02-02 16:16:00,242|INFO|random_mc2_n5_mid3_d1000_05_mr098_r10_141_uai_GSCC_n200_roTrue_s0: Saving results to ../results/synthetic/s123/random_mc2_n5_mid3_d1000_05_mr098_r10_141_uai_GSCC_n200_roTrue_s0.csv
2026-02-02 16:16:00,256|INFO|random_mc2_n8_mid3_d1000_05_mr098_r10_152_uai_GSCC_n200_roTrue_s0: Loading data from ../models/synthetic/s123/random_mc2_n8_mid3_d1000_05_mr098_r10_152.csv
2026-02-02 16:16:00,266|ERROR|random_mc2_n8_mid3_d1000_05_mr098_r10_152_uai_GSCC_n200_roTrue_s0: File exists, not rewriting.
2026-02-02 16:16:00,319|INFO|random_mc2_n6_mid3_d1000_05_mr098_r10_28_uai_GSCC_n200_roFalse_s0: [0.4825,0.5473]	 19 runs	 rmse=0.12121	 T_learn=8009 ms. 	 T_infer=970 ms.
2026-02-02 16:16:00,324|INFO|random_mc2_n6_mid3_d1000_05_mr098_r10_28_uai_GSCC_n200_roFalse_s0: Saving results to ../results/synthetic/s123/random_mc2_n6_mid3_d1000_05_mr098_r10_28_uai_GSCC_n200_roFalse_s0.csv
2026-02-02 16:16:00,582|INFO|random_mc2_n5_mid3_d1000_05_mr098_r10_102_uai_GSCC_n200_roTrue_s0: [0.3362,0.4055]	 12 runs	 rmse=0.10231	 T_learn=5894 ms. 	 T_infer=295 ms.
2026-02-02 16:16:00,588|INFO|random_mc2_n5_mid3_d1000_05_mr098_r10_102_uai_GSCC_n200_roTrue_s0: Saving results to ../results/synthetic/s123/random_mc2_n5_mid3_d1000_05_mr098_r10_102_uai_GSCC_n200_roTrue_s0.csv
2026-02-02 16:16:00,693|INFO|random_mc2_n5_mid3_d1000_05_mr098_r10_44_uai_GSCC_n200_roFalse_s0: [0.0156,0.0298]	 29 runs	 rmse=0.00196	 T_learn=8685 ms. 	 T_infer=1409 ms.
2026-02-02 16:16:00,698|INFO|random_mc2_n5_mid3_d1000_05_mr098_r10_44_uai_GSCC_n200_roFalse_s0: Saving results to ../results/synthetic/s123/random_mc2_n5_mid3_d1000_05_mr098_r10_44_uai_GSCC_n200_roFalse_s0.csv
2026-02-02 16:16:00,790|INFO|random_mc2_n6_mid3_d1000_05_mr098_r10_169_uai_GSCC_n200_roFalse_s0: [0.0099,0.0177]	 36 runs	 rmse=0.02441	 T_learn=10328 ms. 	 T_infer=1068 ms.
2026-02-02 16:16:00,795|INFO|random_mc2_n6_mid3_d1000_05_mr098_r10_169_uai_GSCC_n200_roFalse_s0: Saving results to ../results/synthetic/s123/random_mc2_n6_mid3_d1000_05_mr098_r10_169_uai_GSCC_n200_roFalse_s0.csv
2026-02-02 16:16:00,828|INFO|random_mc2_n6_mid3_d1000_05_mr098_r10_72_uai_GSCC_n200_roTrue_s0: [0.0627,0.0841]	 27 runs	 rmse=0.05117	 T_learn=11867 ms. 	 T_infer=1290 ms.
2026-02-02 16:16:00,833|INFO|random_mc2_n6_mid3_d1000_05_mr098_r10_72_uai_GSCC_n200_roTrue_s0: Saving results to ../results/synthetic/s123/random_mc2_n6_mid3_d1000_05_mr098_r10_72_uai_GSCC_n200_roTrue_s0.csv
2026-02-02 16:16:00,960|INFO|random_mc2_n5_mid3_d1000_05_mr098_r10_102_uai_GSCC_n200_roTrue_s0: [0.3362,0.4055]	 13 runs	 rmse=0.10231	 T_learn=5949 ms. 	 T_infer=317 ms.
2026-02-02 16:16:00,968|INFO|random_mc2_n5_mid3_d1000_05_mr098_r10_102_uai_GSCC_n200_roTrue_s0: Saving results to ../results/synthetic/s123/random_mc2_n5_mid3_d1000_05_mr098_r10_102_uai_GSCC_n200_roTrue_s0.csv
2026-02-02 16:16:01,368|INFO|random_mc2_n5_mid3_d1000_05_mr098_r10_102_uai_GSCC_n200_roTrue_s0: [0.3362,0.4055]	 14 runs	 rmse=0.10231	 T_learn=6007 ms. 	 T_infer=341 ms.
2026-02-02 16:16:01,373|INFO|random_mc2_n5_mid3_d1000_05_mr098_r10_102_uai_GSCC_n200_roTrue_s0: Saving results to ../results/synthetic/s123/random_mc2_n5_mid3_d1000_05_mr098_r10_102_uai_GSCC_n200_roTrue_s0.csv
2026-02-02 16:16:01,493|INFO|random_mc2_n6_mid3_d1000_05_mr098_r10_28_uai_GSCC_n200_roFalse_s0: [0.4825,0.5473]	 20 runs	 rmse=0.12121	 T_learn=8161 ms. 	 T_infer=1016 ms.
2026-02-02 16:16:01,499|INFO|random_mc2_n6_mid3_d1000_05_mr098_r10_28_uai_GSCC_n200_roFalse_s0: Saving results to ../results/synthetic/s123/random_mc2_n6_mid3_d1000_05_mr098_r10_28_uai_GSCC_n200_roFalse_s0.csv
2026-02-02 16:16:01,608|INFO|random_mc2_n6_mid3_d1000_05_mr098_r10_71_uai_GSCC_n200_roFalse_s0: [0.5153,0.6112]	 27 runs	 rmse=0.01565	 T_learn=10450 ms. 	 T_infer=1445 ms.
2026-02-02 16:16:01,615|INFO|random_mc2_n6_mid3_d1000_05_mr098_r10_71_uai_GSCC_n200_roFalse_s0: Saving results to ../results/synthetic/s123/random_mc2_n6_mid3_d1000_05_mr098_r10_71_uai_GSCC_n200_roFalse_s0.csv
2026-02-02 16:16:01,729|INFO|random_mc2_n5_mid3_d1000_05_mr098_r10_141_uai_GSCC_n200_roTrue_s0: [0.1294,0.1888]	 32 runs	 rmse=0.13437	 T_learn=9607 ms. 	 T_infer=1303 ms.
2026-02-02 16:16:01,733|INFO|random_mc2_n5_mid3_d1000_05_mr098_r10_141_uai_GSCC_n200_roTrue_s0: Saving results to ../results/synthetic/s123/random_mc2_n5_mid3_d1000_05_mr098_r10_141_uai_GSCC_n200_roTrue_s0.csv
2026-02-02 16:16:01,797|INFO|random_mc2_n5_mid3_d1000_05_mr098_r10_102_uai_GSCC_n200_roTrue_s0: [0.3362,0.4055]	 15 runs	 rmse=0.10231	 T_learn=6066 ms. 	 T_infer=364 ms.
2026-02-02 16:16:01,801|INFO|random_mc2_n5_mid3_d1000_05_mr098_r10_102_uai_GSCC_n200_roTrue_s0: Saving results to ../results/synthetic/s123/random_mc2_n5_mid3_d1000_05_mr098_r10_102_uai_GSCC_n200_roTrue_s0.csv
2026-02-02 16:16:02,034|INFO|random_mc2_n6_mid3_d1000_05_mr098_r10_169_uai_GSCC_n200_roFalse_s0: [0.0099,0.0177]	 37 runs	 rmse=0.02441	 T_learn=10468 ms. 	 T_infer=1099 ms.
2026-02-02 16:16:02,040|INFO|random_mc2_n6_mid3_d1000_05_mr098_r10_169_uai_GSCC_n200_roFalse_s0: Saving results to ../results/synthetic/s123/random_mc2_n6_mid3_d1000_05_mr098_r10_169_uai_GSCC_n200_roFalse_s0.csv
2026-02-02 16:16:02,261|INFO|random_mc2_n5_mid3_d1000_05_mr098_r10_102_uai_GSCC_n200_roTrue_s0: [0.3362,0.4055]	 16 runs	 rmse=0.10231	 T_learn=6127 ms. 	 T_infer=399 ms.
2026-02-02 16:16:02,269|INFO|random_mc2_n5_mid3_d1000_05_mr098_r10_102_uai_GSCC_n200_roTrue_s0: Saving results to ../results/synthetic/s123/random_mc2_n5_mid3_d1000_05_mr098_r10_102_uai_GSCC_n200_roTrue_s0.csv
2026-02-02 16:16:02,357|INFO|random_mc2_n5_mid3_d1000_05_mr098_r10_44_uai_GSCC_n200_roFalse_s0: [0.0156,0.0298]	 30 runs	 rmse=0.00196	 T_learn=8887 ms. 	 T_infer=1456 ms.
2026-02-02 16:16:02,363|INFO|random_mc2_n5_mid3_d1000_05_mr098_r10_44_uai_GSCC_n200_roFalse_s0: Saving results to ../results/synthetic/s123/random_mc2_n5_mid3_d1000_05_mr098_r10_44_uai_GSCC_n200_roFalse_s0.csv
2026-02-02 16:16:02,517|INFO|random_mc2_n6_mid3_d1000_05_mr098_r10_72_uai_GSCC_n200_roTrue_s0: [0.0627,0.0843]	 28 runs	 rmse=0.05109	 T_learn=12077 ms. 	 T_infer=1473 ms.
2026-02-02 16:16:02,522|INFO|random_mc2_n6_mid3_d1000_05_mr098_r10_72_uai_GSCC_n200_roTrue_s0: Saving results to ../results/synthetic/s123/random_mc2_n6_mid3_d1000_05_mr098_r10_72_uai_GSCC_n200_roTrue_s0.csv
2026-02-02 16:16:02,727|INFO|random_mc2_n6_mid3_d1000_05_mr098_r10_28_uai_GSCC_n200_roFalse_s0: [0.4825,0.5473]	 21 runs	 rmse=0.12121	 T_learn=8322 ms. 	 T_infer=1068 ms.
2026-02-02 16:16:02,733|INFO|random_mc2_n6_mid3_d1000_05_mr098_r10_28_uai_GSCC_n200_roFalse_s0: Saving results to ../results/synthetic/s123/random_mc2_n6_mid3_d1000_05_mr098_r10_28_uai_GSCC_n200_roFalse_s0.csv
2026-02-02 16:16:02,756|INFO|random_mc2_n5_mid3_d1000_05_mr098_r10_102_uai_GSCC_n200_roTrue_s0: [0.3362,0.4055]	 17 runs	 rmse=0.10231	 T_learn=6193 ms. 	 T_infer=421 ms.
2026-02-02 16:16:02,763|INFO|random_mc2_n5_mid3_d1000_05_mr098_r10_102_uai_GSCC_n200_roTrue_s0: Saving results to ../results/synthetic/s123/random_mc2_n5_mid3_d1000_05_mr098_r10_102_uai_GSCC_n200_roTrue_s0.csv
2026-02-02 16:16:03,265|INFO|random_mc2_n5_mid3_d1000_05_mr098_r10_102_uai_GSCC_n200_roTrue_s0: [0.3362,0.3979]	 18 runs	 rmse=0.10782	 T_learn=6258 ms. 	 T_infer=438 ms.
2026-02-02 16:16:03,271|INFO|random_mc2_n5_mid3_d1000_05_mr098_r10_102_uai_GSCC_n200_roTrue_s0: Saving results to ../results/synthetic/s123/random_mc2_n5_mid3_d1000_05_mr098_r10_102_uai_GSCC_n200_roTrue_s0.csv
2026-02-02 16:16:03,315|INFO|random_mc2_n6_mid3_d1000_05_mr098_r10_169_uai_GSCC_n200_roFalse_s0: [0.0099,0.0177]	 38 runs	 rmse=0.02441	 T_learn=10612 ms. 	 T_infer=1131 ms.
2026-02-02 16:16:03,328|INFO|random_mc2_n6_mid3_d1000_05_mr098_r10_169_uai_GSCC_n200_roFalse_s0: Saving results to ../results/synthetic/s123/random_mc2_n6_mid3_d1000_05_mr098_r10_169_uai_GSCC_n200_roFalse_s0.csv
2026-02-02 16:16:03,346|INFO|random_mc2_n6_mid3_d1000_05_mr098_r10_71_uai_GSCC_n200_roFalse_s0: [0.5153,0.6112]	 28 runs	 rmse=0.01565	 T_learn=10677 ms. 	 T_infer=1505 ms.
2026-02-02 16:16:03,354|INFO|random_mc2_n6_mid3_d1000_05_mr098_r10_71_uai_GSCC_n200_roFalse_s0: Saving results to ../results/synthetic/s123/random_mc2_n6_mid3_d1000_05_mr098_r10_71_uai_GSCC_n200_roFalse_s0.csv
2026-02-02 16:16:03,402|INFO|random_mc2_n5_mid3_d1000_05_mr098_r10_141_uai_GSCC_n200_roTrue_s0: [0.1294,0.1888]	 33 runs	 rmse=0.13437	 T_learn=9795 ms. 	 T_infer=1481 ms.
2026-02-02 16:16:03,408|INFO|random_mc2_n5_mid3_d1000_05_mr098_r10_141_uai_GSCC_n200_roTrue_s0: Saving results to ../results/synthetic/s123/random_mc2_n5_mid3_d1000_05_mr098_r10_141_uai_GSCC_n200_roTrue_s0.csv
2026-02-02 16:16:03,804|INFO|random_mc2_n5_mid3_d1000_05_mr098_r10_102_uai_GSCC_n200_roTrue_s0: [0.3362,0.3914]	 19 runs	 rmse=0.11263	 T_learn=6325 ms. 	 T_infer=466 ms.
2026-02-02 16:16:03,811|INFO|random_mc2_n5_mid3_d1000_05_mr098_r10_102_uai_GSCC_n200_roTrue_s0: Saving results to ../results/synthetic/s123/random_mc2_n5_mid3_d1000_05_mr098_r10_102_uai_GSCC_n200_roTrue_s0.csv
2026-02-02 16:16:04,019|INFO|random_mc2_n6_mid3_d1000_05_mr098_r10_28_uai_GSCC_n200_roFalse_s0: [0.4825,0.5473]	 22 runs	 rmse=0.12121	 T_learn=8487 ms. 	 T_infer=1120 ms.
2026-02-02 16:16:04,024|INFO|random_mc2_n6_mid3_d1000_05_mr098_r10_28_uai_GSCC_n200_roFalse_s0: Saving results to ../results/synthetic/s123/random_mc2_n6_mid3_d1000_05_mr098_r10_28_uai_GSCC_n200_roFalse_s0.csv
2026-02-02 16:16:04,082|INFO|random_mc2_n5_mid3_d1000_05_mr098_r10_44_uai_GSCC_n200_roFalse_s0: [0.0156,0.0298]	 31 runs	 rmse=0.00196	 T_learn=9100 ms. 	 T_infer=1506 ms.
2026-02-02 16:16:04,088|INFO|random_mc2_n5_mid3_d1000_05_mr098_r10_44_uai_GSCC_n200_roFalse_s0: Saving results to ../results/synthetic/s123/random_mc2_n5_mid3_d1000_05_mr098_r10_44_uai_GSCC_n200_roFalse_s0.csv
2026-02-02 16:16:04,120|INFO|random_mc2_n6_mid3_d1000_05_mr098_r10_72_uai_GSCC_n200_roTrue_s0: [0.0627,0.0843]	 29 runs	 rmse=0.05109	 T_learn=12294 ms. 	 T_infer=1380 ms.
2026-02-02 16:16:04,125|INFO|random_mc2_n6_mid3_d1000_05_mr098_r10_72_uai_GSCC_n200_roTrue_s0: Saving results to ../results/synthetic/s123/random_mc2_n6_mid3_d1000_05_mr098_r10_72_uai_GSCC_n200_roTrue_s0.csv
2026-02-02 16:16:04,375|INFO|random_mc2_n5_mid3_d1000_05_mr098_r10_102_uai_GSCC_n200_roTrue_s0: [0.3362,0.3914]	 20 runs	 rmse=0.11263	 T_learn=6395 ms. 	 T_infer=494 ms.
2026-02-02 16:16:04,380|INFO|random_mc2_n5_mid3_d1000_05_mr098_r10_102_uai_GSCC_n200_roTrue_s0: Saving results to ../results/synthetic/s123/random_mc2_n5_mid3_d1000_05_mr098_r10_102_uai_GSCC_n200_roTrue_s0.csv
2026-02-02 16:16:04,632|INFO|random_mc2_n6_mid3_d1000_05_mr098_r10_169_uai_GSCC_n200_roFalse_s0: [0.0093,0.0177]	 39 runs	 rmse=0.02418	 T_learn=10758 ms. 	 T_infer=1158 ms.
2026-02-02 16:16:04,637|INFO|random_mc2_n6_mid3_d1000_05_mr098_r10_169_uai_GSCC_n200_roFalse_s0: Saving results to ../results/synthetic/s123/random_mc2_n6_mid3_d1000_05_mr098_r10_169_uai_GSCC_n200_roFalse_s0.csv
2026-02-02 16:16:04,969|INFO|random_mc2_n5_mid3_d1000_05_mr098_r10_102_uai_GSCC_n200_roTrue_s0: [0.3316,0.3914]	 21 runs	 rmse=0.10972	 T_learn=6467 ms. 	 T_infer=517 ms.
2026-02-02 16:16:04,975|INFO|random_mc2_n5_mid3_d1000_05_mr098_r10_102_uai_GSCC_n200_roTrue_s0: Saving results to ../results/synthetic/s123/random_mc2_n5_mid3_d1000_05_mr098_r10_102_uai_GSCC_n200_roTrue_s0.csv
2026-02-02 16:16:04,989|INFO|random_mc2_n5_mid3_d1000_05_mr098_r10_141_uai_GSCC_n200_roTrue_s0: [0.1294,0.1888]	 34 runs	 rmse=0.13437	 T_learn=9990 ms. 	 T_infer=1385 ms.
2026-02-02 16:16:04,994|INFO|random_mc2_n5_mid3_d1000_05_mr098_r10_141_uai_GSCC_n200_roTrue_s0: Saving results to ../results/synthetic/s123/random_mc2_n5_mid3_d1000_05_mr098_r10_141_uai_GSCC_n200_roTrue_s0.csv
2026-02-02 16:16:05,142|INFO|random_mc2_n6_mid3_d1000_05_mr098_r10_71_uai_GSCC_n200_roFalse_s0: [0.5153,0.6112]	 29 runs	 rmse=0.01565	 T_learn=10910 ms. 	 T_infer=1555 ms.
2026-02-02 16:16:05,147|INFO|random_mc2_n6_mid3_d1000_05_mr098_r10_71_uai_GSCC_n200_roFalse_s0: Saving results to ../results/synthetic/s123/random_mc2_n6_mid3_d1000_05_mr098_r10_71_uai_GSCC_n200_roFalse_s0.csv
2026-02-02 16:16:05,366|INFO|random_mc2_n6_mid3_d1000_05_mr098_r10_28_uai_GSCC_n200_roFalse_s0: [0.4825,0.5473]	 23 runs	 rmse=0.12121	 T_learn=8660 ms. 	 T_infer=1168 ms.
2026-02-02 16:16:05,372|INFO|random_mc2_n6_mid3_d1000_05_mr098_r10_28_uai_GSCC_n200_roFalse_s0: Saving results to ../results/synthetic/s123/random_mc2_n6_mid3_d1000_05_mr098_r10_28_uai_GSCC_n200_roFalse_s0.csv
2026-02-02 16:16:05,589|INFO|random_mc2_n5_mid3_d1000_05_mr098_r10_102_uai_GSCC_n200_roTrue_s0: [0.3316,0.3914]	 22 runs	 rmse=0.10972	 T_learn=6540 ms. 	 T_infer=541 ms.
2026-02-02 16:16:05,594|INFO|random_mc2_n5_mid3_d1000_05_mr098_r10_102_uai_GSCC_n200_roTrue_s0: Saving results to ../results/synthetic/s123/random_mc2_n5_mid3_d1000_05_mr098_r10_102_uai_GSCC_n200_roTrue_s0.csv
2026-02-02 16:16:05,780|INFO|random_mc2_n6_mid3_d1000_05_mr098_r10_72_uai_GSCC_n200_roTrue_s0: [0.0627,0.0843]	 30 runs	 rmse=0.05109	 T_learn=12517 ms. 	 T_infer=1432 ms.
2026-02-02 16:16:05,785|INFO|random_mc2_n6_mid3_d1000_05_mr098_r10_72_uai_GSCC_n200_roTrue_s0: Saving results to ../results/synthetic/s123/random_mc2_n6_mid3_d1000_05_mr098_r10_72_uai_GSCC_n200_roTrue_s0.csv
2026-02-02 16:16:05,862|INFO|random_mc2_n5_mid3_d1000_05_mr098_r10_44_uai_GSCC_n200_roFalse_s0: [0.0156,0.0298]	 32 runs	 rmse=0.00196	 T_learn=9317 ms. 	 T_infer=1556 ms.
2026-02-02 16:16:05,867|INFO|random_mc2_n5_mid3_d1000_05_mr098_r10_44_uai_GSCC_n200_roFalse_s0: Saving results to ../results/synthetic/s123/random_mc2_n5_mid3_d1000_05_mr098_r10_44_uai_GSCC_n200_roFalse_s0.csv
2026-02-02 16:16:06,094|INFO|random_mc2_n6_mid3_d1000_05_mr098_r10_169_uai_GSCC_n200_roFalse_s0: [0.0093,0.0177]	 40 runs	 rmse=0.02418	 T_learn=10906 ms. 	 T_infer=1309 ms.
2026-02-02 16:16:06,100|INFO|random_mc2_n6_mid3_d1000_05_mr098_r10_169_uai_GSCC_n200_roFalse_s0: Saving results to ../results/synthetic/s123/random_mc2_n6_mid3_d1000_05_mr098_r10_169_uai_GSCC_n200_roFalse_s0.csv
2026-02-02 16:16:06,239|INFO|random_mc2_n5_mid3_d1000_05_mr098_r10_102_uai_GSCC_n200_roTrue_s0: [0.3168,0.3914]	 23 runs	 rmse=0.10112	 T_learn=6616 ms. 	 T_infer=569 ms.
2026-02-02 16:16:06,244|INFO|random_mc2_n5_mid3_d1000_05_mr098_r10_102_uai_GSCC_n200_roTrue_s0: Saving results to ../results/synthetic/s123/random_mc2_n5_mid3_d1000_05_mr098_r10_102_uai_GSCC_n200_roTrue_s0.csv
2026-02-02 16:16:06,622|INFO|random_mc2_n5_mid3_d1000_05_mr098_r10_141_uai_GSCC_n200_roTrue_s0: [0.1294,0.1888]	 35 runs	 rmse=0.13437	 T_learn=10189 ms. 	 T_infer=1430 ms.
2026-02-02 16:16:06,627|INFO|random_mc2_n5_mid3_d1000_05_mr098_r10_141_uai_GSCC_n200_roTrue_s0: Saving results to ../results/synthetic/s123/random_mc2_n5_mid3_d1000_05_mr098_r10_141_uai_GSCC_n200_roTrue_s0.csv
2026-02-02 16:16:06,773|INFO|random_mc2_n6_mid3_d1000_05_mr098_r10_28_uai_GSCC_n200_roFalse_s0: [0.4825,0.5473]	 24 runs	 rmse=0.12121	 T_learn=8842 ms. 	 T_infer=1218 ms.
2026-02-02 16:16:06,780|INFO|random_mc2_n6_mid3_d1000_05_mr098_r10_28_uai_GSCC_n200_roFalse_s0: Saving results to ../results/synthetic/s123/random_mc2_n6_mid3_d1000_05_mr098_r10_28_uai_GSCC_n200_roFalse_s0.csv
2026-02-02 16:16:06,913|INFO|random_mc2_n5_mid3_d1000_05_mr098_r10_102_uai_GSCC_n200_roTrue_s0: [0.3079,0.3979]	 24 runs	 rmse=0.09103	 T_learn=6694 ms. 	 T_infer=591 ms.
2026-02-02 16:16:06,918|INFO|random_mc2_n5_mid3_d1000_05_mr098_r10_102_uai_GSCC_n200_roTrue_s0: Saving results to ../results/synthetic/s123/random_mc2_n5_mid3_d1000_05_mr098_r10_102_uai_GSCC_n200_roTrue_s0.csv
2026-02-02 16:16:06,996|INFO|random_mc2_n6_mid3_d1000_05_mr098_r10_71_uai_GSCC_n200_roFalse_s0: [0.5153,0.6112]	 30 runs	 rmse=0.01565	 T_learn=11149 ms. 	 T_infer=1609 ms.
2026-02-02 16:16:07,001|INFO|random_mc2_n6_mid3_d1000_05_mr098_r10_71_uai_GSCC_n200_roFalse_s0: Saving results to ../results/synthetic/s123/random_mc2_n6_mid3_d1000_05_mr098_r10_71_uai_GSCC_n200_roFalse_s0.csv
2026-02-02 16:16:07,469|INFO|random_mc2_n6_mid3_d1000_05_mr098_r10_169_uai_GSCC_n200_roFalse_s0: [0.0093,0.0177]	 41 runs	 rmse=0.02418	 T_learn=11060 ms. 	 T_infer=1215 ms.
2026-02-02 16:16:07,477|INFO|random_mc2_n6_mid3_d1000_05_mr098_r10_169_uai_GSCC_n200_roFalse_s0: Saving results to ../results/synthetic/s123/random_mc2_n6_mid3_d1000_05_mr098_r10_169_uai_GSCC_n200_roFalse_s0.csv
2026-02-02 16:16:07,499|INFO|random_mc2_n6_mid3_d1000_05_mr098_r10_72_uai_GSCC_n200_roTrue_s0: [0.0627,0.0843]	 31 runs	 rmse=0.05109	 T_learn=12745 ms. 	 T_infer=1485 ms.
2026-02-02 16:16:07,504|INFO|random_mc2_n6_mid3_d1000_05_mr098_r10_72_uai_GSCC_n200_roTrue_s0: Saving results to ../results/synthetic/s123/random_mc2_n6_mid3_d1000_05_mr098_r10_72_uai_GSCC_n200_roTrue_s0.csv
2026-02-02 16:16:07,612|INFO|random_mc2_n5_mid3_d1000_05_mr098_r10_102_uai_GSCC_n200_roTrue_s0: [0.3034,0.3979]	 25 runs	 rmse=0.08892	 T_learn=6773 ms. 	 T_infer=614 ms.
2026-02-02 16:16:07,619|INFO|random_mc2_n5_mid3_d1000_05_mr098_r10_102_uai_GSCC_n200_roTrue_s0: Saving results to ../results/synthetic/s123/random_mc2_n5_mid3_d1000_05_mr098_r10_102_uai_GSCC_n200_roTrue_s0.csv
2026-02-02 16:16:07,689|INFO|random_mc2_n5_mid3_d1000_05_mr098_r10_44_uai_GSCC_n200_roFalse_s0: [0.0156,0.0298]	 33 runs	 rmse=0.00196	 T_learn=9539 ms. 	 T_infer=1600 ms.
2026-02-02 16:16:07,694|INFO|random_mc2_n5_mid3_d1000_05_mr098_r10_44_uai_GSCC_n200_roFalse_s0: Saving results to ../results/synthetic/s123/random_mc2_n5_mid3_d1000_05_mr098_r10_44_uai_GSCC_n200_roFalse_s0.csv
2026-02-02 16:16:08,241|INFO|random_mc2_n6_mid3_d1000_05_mr098_r10_28_uai_GSCC_n200_roFalse_s0: [0.4825,0.5473]	 25 runs	 rmse=0.12121	 T_learn=9028 ms. 	 T_infer=1275 ms.
2026-02-02 16:16:08,247|INFO|random_mc2_n6_mid3_d1000_05_mr098_r10_28_uai_GSCC_n200_roFalse_s0: Saving results to ../results/synthetic/s123/random_mc2_n6_mid3_d1000_05_mr098_r10_28_uai_GSCC_n200_roFalse_s0.csv
2026-02-02 16:16:08,299|INFO|random_mc2_n5_mid3_d1000_05_mr098_r10_141_uai_GSCC_n200_roTrue_s0: [0.1294,0.1946]	 36 runs	 rmse=0.13268	 T_learn=10391 ms. 	 T_infer=1469 ms.
2026-02-02 16:16:08,304|INFO|random_mc2_n5_mid3_d1000_05_mr098_r10_141_uai_GSCC_n200_roTrue_s0: Saving results to ../results/synthetic/s123/random_mc2_n5_mid3_d1000_05_mr098_r10_141_uai_GSCC_n200_roTrue_s0.csv
2026-02-02 16:16:08,337|INFO|random_mc2_n5_mid3_d1000_05_mr098_r10_102_uai_GSCC_n200_roTrue_s0: [0.3034,0.4055]	 26 runs	 rmse=0.08215	 T_learn=6855 ms. 	 T_infer=637 ms.
2026-02-02 16:16:08,347|INFO|random_mc2_n5_mid3_d1000_05_mr098_r10_102_uai_GSCC_n200_roTrue_s0: Saving results to ../results/synthetic/s123/random_mc2_n5_mid3_d1000_05_mr098_r10_102_uai_GSCC_n200_roTrue_s0.csv
2026-02-02 16:16:08,878|INFO|random_mc2_n6_mid3_d1000_05_mr098_r10_169_uai_GSCC_n200_roFalse_s0: [0.0093,0.0177]	 42 runs	 rmse=0.02418	 T_learn=11215 ms. 	 T_infer=1246 ms.
2026-02-02 16:16:08,884|INFO|random_mc2_n6_mid3_d1000_05_mr098_r10_169_uai_GSCC_n200_roFalse_s0: Saving results to ../results/synthetic/s123/random_mc2_n6_mid3_d1000_05_mr098_r10_169_uai_GSCC_n200_roFalse_s0.csv
2026-02-02 16:16:08,910|INFO|random_mc2_n6_mid3_d1000_05_mr098_r10_71_uai_GSCC_n200_roFalse_s0: [0.5153,0.6112]	 31 runs	 rmse=0.01565	 T_learn=11396 ms. 	 T_infer=1662 ms.
2026-02-02 16:16:08,915|INFO|random_mc2_n6_mid3_d1000_05_mr098_r10_71_uai_GSCC_n200_roFalse_s0: Saving results to ../results/synthetic/s123/random_mc2_n6_mid3_d1000_05_mr098_r10_71_uai_GSCC_n200_roFalse_s0.csv
2026-02-02 16:16:09,095|INFO|random_mc2_n5_mid3_d1000_05_mr098_r10_102_uai_GSCC_n200_roTrue_s0: [0.3034,0.4055]	 27 runs	 rmse=0.08215	 T_learn=6938 ms. 	 T_infer=664 ms.
2026-02-02 16:16:09,100|INFO|random_mc2_n5_mid3_d1000_05_mr098_r10_102_uai_GSCC_n200_roTrue_s0: Saving results to ../results/synthetic/s123/random_mc2_n5_mid3_d1000_05_mr098_r10_102_uai_GSCC_n200_roTrue_s0.csv
2026-02-02 16:16:09,264|INFO|random_mc2_n6_mid3_d1000_05_mr098_r10_72_uai_GSCC_n200_roTrue_s0: [0.0627,0.0843]	 32 runs	 rmse=0.05109	 T_learn=12978 ms. 	 T_infer=1527 ms.
2026-02-02 16:16:09,270|INFO|random_mc2_n6_mid3_d1000_05_mr098_r10_72_uai_GSCC_n200_roTrue_s0: Saving results to ../results/synthetic/s123/random_mc2_n6_mid3_d1000_05_mr098_r10_72_uai_GSCC_n200_roTrue_s0.csv
2026-02-02 16:16:09,573|INFO|random_mc2_n5_mid3_d1000_05_mr098_r10_44_uai_GSCC_n200_roFalse_s0: [0.0156,0.0298]	 34 runs	 rmse=0.00196	 T_learn=9765 ms. 	 T_infer=1653 ms.
2026-02-02 16:16:09,579|INFO|random_mc2_n5_mid3_d1000_05_mr098_r10_44_uai_GSCC_n200_roFalse_s0: Saving results to ../results/synthetic/s123/random_mc2_n5_mid3_d1000_05_mr098_r10_44_uai_GSCC_n200_roFalse_s0.csv
2026-02-02 16:16:09,759|INFO|random_mc2_n6_mid3_d1000_05_mr098_r10_28_uai_GSCC_n200_roFalse_s0: [0.4825,0.5473]	 26 runs	 rmse=0.12121	 T_learn=9219 ms. 	 T_infer=1321 ms.
2026-02-02 16:16:09,765|INFO|random_mc2_n6_mid3_d1000_05_mr098_r10_28_uai_GSCC_n200_roFalse_s0: Saving results to ../results/synthetic/s123/random_mc2_n6_mid3_d1000_05_mr098_r10_28_uai_GSCC_n200_roFalse_s0.csv
2026-02-02 16:16:09,881|INFO|random_mc2_n5_mid3_d1000_05_mr098_r10_102_uai_GSCC_n200_roTrue_s0: [0.3034,0.4055]	 28 runs	 rmse=0.08215	 T_learn=7024 ms. 	 T_infer=696 ms.
2026-02-02 16:16:09,887|INFO|random_mc2_n5_mid3_d1000_05_mr098_r10_102_uai_GSCC_n200_roTrue_s0: Saving results to ../results/synthetic/s123/random_mc2_n5_mid3_d1000_05_mr098_r10_102_uai_GSCC_n200_roTrue_s0.csv
2026-02-02 16:16:10,023|INFO|random_mc2_n5_mid3_d1000_05_mr098_r10_141_uai_GSCC_n200_roTrue_s0: [0.1294,0.1946]	 37 runs	 rmse=0.13268	 T_learn=10599 ms. 	 T_infer=1511 ms.
2026-02-02 16:16:10,029|INFO|random_mc2_n5_mid3_d1000_05_mr098_r10_141_uai_GSCC_n200_roTrue_s0: Saving results to ../results/synthetic/s123/random_mc2_n5_mid3_d1000_05_mr098_r10_141_uai_GSCC_n200_roTrue_s0.csv
2026-02-02 16:16:10,322|INFO|random_mc2_n6_mid3_d1000_05_mr098_r10_169_uai_GSCC_n200_roFalse_s0: [0.0093,0.0177]	 43 runs	 rmse=0.02418	 T_learn=11374 ms. 	 T_infer=1280 ms.
2026-02-02 16:16:10,327|INFO|random_mc2_n6_mid3_d1000_05_mr098_r10_169_uai_GSCC_n200_roFalse_s0: Saving results to ../results/synthetic/s123/random_mc2_n6_mid3_d1000_05_mr098_r10_169_uai_GSCC_n200_roFalse_s0.csv
2026-02-02 16:16:10,558|INFO|random_mc2_n8_mid3_d1000_05_mr098_r10_134_uai_GSCC_n200_roFalse_s0: Loading model from ../models/synthetic/s123/random_mc2_n8_mid3_d1000_05_mr098_r10_134.uai
2026-02-02 16:16:10,625|INFO|random_mc2_n6_mid3_d1000_05_mr098_r10_162_uai_GSCC_n200_roFalse_s0: Loading model from ../models/synthetic/s123/random_mc2_n6_mid3_d1000_05_mr098_r10_162.uai
2026-02-02 16:16:10,635|INFO|random_mc2_n6_mid3_d1000_05_mr098_r10_146_uai_GSCC_n200_roTrue_s0: Loading model from ../models/synthetic/s123/random_mc2_n6_mid3_d1000_05_mr098_r10_146.uai
2026-02-02 16:16:10,640|INFO|random_mc2_n6_mid3_d1000_05_mr098_r10_141_uai_GSCC_n200_roFalse_s0: Loading model from ../models/synthetic/s123/random_mc2_n6_mid3_d1000_05_mr098_r10_141.uai
2026-02-02 16:16:10,643|INFO|random_mc2_n6_mid3_d1000_05_mr098_r10_162_uai_GSCC_n200_roFalse_s0: Loading data from ../models/synthetic/s123/random_mc2_n6_mid3_d1000_05_mr098_r10_162.csv
2026-02-02 16:16:10,655|INFO|random_mc2_n6_mid3_d1000_05_mr098_r10_162_uai_GSCC_n200_roFalse_s0: PNS(V1,V5) exact: (0.15777013681104, 0.3907870473200001)
2026-02-02 16:16:10,646|INFO|random_mc2_n6_mid3_d1000_05_mr098_r10_146_uai_GSCC_n200_roTrue_s0: Loading data from ../models/synthetic/s123/random_mc2_n6_mid3_d1000_05_mr098_r10_146.csv
2026-02-02 16:16:10,658|INFO|random_mc2_n6_mid3_d1000_05_mr098_r10_146_uai_GSCC_n200_roTrue_s0: PNS(V5,V3) exact: (0.4629754663000001, 0.4943296704000001)
2026-02-02 16:16:10,690|INFO|random_mc2_n5_mid3_d1000_05_mr098_r10_102_uai_GSCC_n200_roTrue_s0: [0.3034,0.4055]	 29 runs	 rmse=0.08215	 T_learn=7111 ms. 	 T_infer=716 ms.
2026-02-02 16:16:10,695|INFO|random_mc2_n5_mid3_d1000_05_mr098_r10_102_uai_GSCC_n200_roTrue_s0: Saving results to ../results/synthetic/s123/random_mc2_n5_mid3_d1000_05_mr098_r10_102_uai_GSCC_n200_roTrue_s0.csv
2026-02-02 16:16:10,695|INFO|random_mc2_n6_mid3_d1000_05_mr098_r10_141_uai_GSCC_n200_roFalse_s0: Loading data from ../models/synthetic/s123/random_mc2_n6_mid3_d1000_05_mr098_r10_141.csv
2026-02-02 16:16:10,709|INFO|random_mc2_n6_mid3_d1000_05_mr098_r10_141_uai_GSCC_n200_roFalse_s0: PNS(V1,V4) exact: (0.2486475012, 0.2716618306)
2026-02-02 16:16:10,777|INFO|random_mc2_n6_mid3_d1000_05_mr098_r10_80_uai_GSCC_n200_roTrue_s0: Loading model from ../models/synthetic/s123/random_mc2_n6_mid3_d1000_05_mr098_r10_80.uai
2026-02-02 16:16:10,793|INFO|random_mc2_n6_mid3_d1000_05_mr098_r10_148_uai_GSCC_n200_roFalse_s0: Loading model from ../models/synthetic/s123/random_mc2_n6_mid3_d1000_05_mr098_r10_148.uai
2026-02-02 16:16:10,810|INFO|random_mc2_n5_mid3_d1000_05_mr098_r10_31_uai_GSCC_n200_roTrue_s0: Loading model from ../models/synthetic/s123/random_mc2_n5_mid3_d1000_05_mr098_r10_31.uai
2026-02-02 16:16:10,815|INFO|random_mc2_n6_mid3_d1000_05_mr098_r10_152_uai_GSCC_n200_roTrue_s0: Loading model from ../models/synthetic/s123/random_mc2_n6_mid3_d1000_05_mr098_r10_152.uai
2026-02-02 16:16:10,787|INFO|random_mc2_n6_mid3_d1000_05_mr098_r10_80_uai_GSCC_n200_roTrue_s0: Loading data from ../models/synthetic/s123/random_mc2_n6_mid3_d1000_05_mr098_r10_80.csv
2026-02-02 16:16:10,793|ERROR|random_mc2_n6_mid3_d1000_05_mr098_r10_80_uai_GSCC_n200_roTrue_s0: File exists, not rewriting.
2026-02-02 16:16:10,819|INFO|random_mc2_n5_mid3_d1000_05_mr098_r10_42_uai_GSCC_n200_roTrue_s0: Loading model from ../models/synthetic/s123/random_mc2_n5_mid3_d1000_05_mr098_r10_42.uai
2026-02-02 16:16:10,824|INFO|random_mc2_n5_mid3_d1000_05_mr098_r10_107_uai_GSCC_n200_roFalse_s0: Loading model from ../models/synthetic/s123/random_mc2_n5_mid3_d1000_05_mr098_r10_107.uai
2026-02-02 16:16:10,802|INFO|random_mc2_n6_mid3_d1000_05_mr098_r10_148_uai_GSCC_n200_roFalse_s0: Loading data from ../models/synthetic/s123/random_mc2_n6_mid3_d1000_05_mr098_r10_148.csv
2026-02-02 16:16:10,813|INFO|random_mc2_n6_mid3_d1000_05_mr098_r10_148_uai_GSCC_n200_roFalse_s0: PNS(V0,V5) exact: (0.0, 0.0279858302999999)
2026-02-02 16:16:10,818|INFO|random_mc2_n5_mid3_d1000_05_mr098_r10_31_uai_GSCC_n200_roTrue_s0: Loading data from ../models/synthetic/s123/random_mc2_n5_mid3_d1000_05_mr098_r10_31.csv
2026-02-02 16:16:10,829|INFO|random_mc2_n5_mid3_d1000_05_mr098_r10_31_uai_GSCC_n200_roTrue_s0: PNS(V1,V2) exact: (0.0035429652, 0.2563315488)
2026-02-02 16:16:10,850|INFO|random_mc2_n5_mid3_d1000_05_mr098_r10_42_uai_GSCC_n200_roTrue_s0: Loading data from ../models/synthetic/s123/random_mc2_n5_mid3_d1000_05_mr098_r10_42.csv
2026-02-02 16:16:10,857|ERROR|random_mc2_n5_mid3_d1000_05_mr098_r10_42_uai_GSCC_n200_roTrue_s0: File exists, not rewriting.
2026-02-02 16:16:10,838|INFO|random_mc2_n5_mid3_d1000_05_mr098_r10_107_uai_GSCC_n200_roFalse_s0: Loading data from ../models/synthetic/s123/random_mc2_n5_mid3_d1000_05_mr098_r10_107.csv
2026-02-02 16:16:10,845|ERROR|random_mc2_n5_mid3_d1000_05_mr098_r10_107_uai_GSCC_n200_roFalse_s0: File exists, not rewriting.
2026-02-02 16:16:10,890|INFO|random_mc2_n6_mid3_d1000_05_mr098_r10_71_uai_GSCC_n200_roFalse_s0: [0.5153,0.6112]	 32 runs	 rmse=0.01565	 T_learn=11649 ms. 	 T_infer=1721 ms.
2026-02-02 16:16:10,896|INFO|random_mc2_n6_mid3_d1000_05_mr098_r10_71_uai_GSCC_n200_roFalse_s0: Saving results to ../results/synthetic/s123/random_mc2_n6_mid3_d1000_05_mr098_r10_71_uai_GSCC_n200_roFalse_s0.csv
2026-02-02 16:16:10,918|INFO|random_mc2_n6_mid3_d1000_05_mr098_r10_152_uai_GSCC_n200_roTrue_s0: Loading data from ../models/synthetic/s123/random_mc2_n6_mid3_d1000_05_mr098_r10_152.csv
2026-02-02 16:16:10,925|ERROR|random_mc2_n6_mid3_d1000_05_mr098_r10_152_uai_GSCC_n200_roTrue_s0: File exists, not rewriting.
2026-02-02 16:16:11,009|INFO|random_mc2_n8_mid3_d1000_05_mr098_r10_134_uai_GSCC_n200_roFalse_s0: Loading data from ../models/synthetic/s123/random_mc2_n8_mid3_d1000_05_mr098_r10_134.csv
2026-02-02 16:16:11,018|ERROR|random_mc2_n8_mid3_d1000_05_mr098_r10_134_uai_GSCC_n200_roFalse_s0: File exists, not rewriting.
2026-02-02 16:16:11,094|INFO|random_mc2_n6_mid3_d1000_05_mr098_r10_72_uai_GSCC_n200_roTrue_s0: [0.0627,0.0843]	 33 runs	 rmse=0.05109	 T_learn=13217 ms. 	 T_infer=1585 ms.
2026-02-02 16:16:11,100|INFO|random_mc2_n6_mid3_d1000_05_mr098_r10_72_uai_GSCC_n200_roTrue_s0: Saving results to ../results/synthetic/s123/random_mc2_n6_mid3_d1000_05_mr098_r10_72_uai_GSCC_n200_roTrue_s0.csv
2026-02-02 16:16:11,338|INFO|random_mc2_n6_mid3_d1000_05_mr098_r10_28_uai_GSCC_n200_roFalse_s0: [0.4825,0.5473]	 27 runs	 rmse=0.12121	 T_learn=9418 ms. 	 T_infer=1374 ms.
2026-02-02 16:16:11,344|INFO|random_mc2_n6_mid3_d1000_05_mr098_r10_28_uai_GSCC_n200_roFalse_s0: Saving results to ../results/synthetic/s123/random_mc2_n6_mid3_d1000_05_mr098_r10_28_uai_GSCC_n200_roFalse_s0.csv
2026-02-02 16:16:11,517|INFO|random_mc2_n5_mid3_d1000_05_mr098_r10_44_uai_GSCC_n200_roFalse_s0: [0.0156,0.0298]	 35 runs	 rmse=0.00196	 T_learn=10001 ms. 	 T_infer=1701 ms.
2026-02-02 16:16:11,524|INFO|random_mc2_n5_mid3_d1000_05_mr098_r10_44_uai_GSCC_n200_roFalse_s0: Saving results to ../results/synthetic/s123/random_mc2_n5_mid3_d1000_05_mr098_r10_44_uai_GSCC_n200_roFalse_s0.csv
2026-02-02 16:16:11,554|INFO|random_mc2_n5_mid3_d1000_05_mr098_r10_102_uai_GSCC_n200_roTrue_s0: [0.3034,0.4055]	 30 runs	 rmse=0.08215	 T_learn=7200 ms. 	 T_infer=769 ms.
2026-02-02 16:16:11,560|INFO|random_mc2_n5_mid3_d1000_05_mr098_r10_102_uai_GSCC_n200_roTrue_s0: Saving results to ../results/synthetic/s123/random_mc2_n5_mid3_d1000_05_mr098_r10_102_uai_GSCC_n200_roTrue_s0.csv
2026-02-02 16:16:11,799|INFO|random_mc2_n5_mid3_d1000_05_mr098_r10_141_uai_GSCC_n200_roTrue_s0: [0.1294,0.1946]	 38 runs	 rmse=0.13268	 T_learn=10813 ms. 	 T_infer=1557 ms.
2026-02-02 16:16:11,804|INFO|random_mc2_n6_mid3_d1000_05_mr098_r10_169_uai_GSCC_n200_roFalse_s0: [0.0093,0.0205]	 44 runs	 rmse=0.02163	 T_learn=11534 ms. 	 T_infer=1316 ms.
2026-02-02 16:16:11,805|INFO|random_mc2_n5_mid3_d1000_05_mr098_r10_141_uai_GSCC_n200_roTrue_s0: Saving results to ../results/synthetic/s123/random_mc2_n5_mid3_d1000_05_mr098_r10_141_uai_GSCC_n200_roTrue_s0.csv
2026-02-02 16:16:11,809|INFO|random_mc2_n6_mid3_d1000_05_mr098_r10_169_uai_GSCC_n200_roFalse_s0: Saving results to ../results/synthetic/s123/random_mc2_n6_mid3_d1000_05_mr098_r10_169_uai_GSCC_n200_roFalse_s0.csv
2026-02-02 16:16:11,882|INFO|random_mc2_n8_mid3_d1000_05_mr098_r10_127_uai_GSCC_n200_roTrue_s0: Loading model from ../models/synthetic/s123/random_mc2_n8_mid3_d1000_05_mr098_r10_127.uai
2026-02-02 16:16:11,893|INFO|random_mc2_n6_mid3_d1000_05_mr098_r10_42_uai_GSCC_n200_roTrue_s0: Loading model from ../models/synthetic/s123/random_mc2_n6_mid3_d1000_05_mr098_r10_42.uai
2026-02-02 16:16:11,904|INFO|random_mc2_n6_mid3_d1000_05_mr098_r10_42_uai_GSCC_n200_roTrue_s0: Loading data from ../models/synthetic/s123/random_mc2_n6_mid3_d1000_05_mr098_r10_42.csv
2026-02-02 16:16:11,919|INFO|random_mc2_n6_mid3_d1000_05_mr098_r10_42_uai_GSCC_n200_roTrue_s0: PNS(V3,V2) exact: (0.2100591484485759, 0.483114152283904)
2026-02-02 16:16:11,951|INFO|random_mc2_n8_mid3_d1000_05_mr098_r10_127_uai_GSCC_n200_roTrue_s0: Loading data from ../models/synthetic/s123/random_mc2_n8_mid3_d1000_05_mr098_r10_127.csv
2026-02-02 16:16:11,960|ERROR|random_mc2_n8_mid3_d1000_05_mr098_r10_127_uai_GSCC_n200_roTrue_s0: File exists, not rewriting.
2026-02-02 16:16:12,556|INFO|random_mc2_n5_mid3_d1000_05_mr098_r10_102_uai_GSCC_n200_roTrue_s0: [0.3034,0.4055]	 31 runs	 rmse=0.08215	 T_learn=7297 ms. 	 T_infer=899 ms.
2026-02-02 16:16:12,561|INFO|random_mc2_n5_mid3_d1000_05_mr098_r10_102_uai_GSCC_n200_roTrue_s0: Saving results to ../results/synthetic/s123/random_mc2_n5_mid3_d1000_05_mr098_r10_102_uai_GSCC_n200_roTrue_s0.csv
trainable: ['V0', 'V6', 'V1']
trainable: ['V0', 'V6', 'V7', 'V8']
trainable: ['V0', 'V5', 'V6']
trainable: ['V1', 'V4']
2026-02-02 16:16:12,940|INFO|random_mc2_n6_mid3_d1000_05_mr098_r10_71_uai_GSCC_n200_roFalse_s0: [0.5153,0.6112]	 33 runs	 rmse=0.01565	 T_learn=11909 ms. 	 T_infer=1784 ms.
2026-02-02 16:16:12,946|INFO|random_mc2_n6_mid3_d1000_05_mr098_r10_71_uai_GSCC_n200_roFalse_s0: Saving results to ../results/synthetic/s123/random_mc2_n6_mid3_d1000_05_mr098_r10_71_uai_GSCC_n200_roFalse_s0.csv
2026-02-02 16:16:12,973|INFO|random_mc2_n6_mid3_d1000_05_mr098_r10_28_uai_GSCC_n200_roFalse_s0: [0.4825,0.5473]	 28 runs	 rmse=0.12121	 T_learn=9623 ms. 	 T_infer=1424 ms.
2026-02-02 16:16:12,979|INFO|random_mc2_n6_mid3_d1000_05_mr098_r10_28_uai_GSCC_n200_roFalse_s0: Saving results to ../results/synthetic/s123/random_mc2_n6_mid3_d1000_05_mr098_r10_28_uai_GSCC_n200_roFalse_s0.csv
2026-02-02 16:16:12,984|INFO|random_mc2_n6_mid3_d1000_05_mr098_r10_72_uai_GSCC_n200_roTrue_s0: [0.0627,0.0843]	 34 runs	 rmse=0.05109	 T_learn=13462 ms. 	 T_infer=1640 ms.
2026-02-02 16:16:12,990|INFO|random_mc2_n6_mid3_d1000_05_mr098_r10_72_uai_GSCC_n200_roTrue_s0: Saving results to ../results/synthetic/s123/random_mc2_n6_mid3_d1000_05_mr098_r10_72_uai_GSCC_n200_roTrue_s0.csv
2026-02-02 16:16:13,046|INFO|random_mc2_n9_mid3_d1000_05_mr098_r10_107_uai_GSCC_n200_roFalse_s0: Loading model from ../models/synthetic/s123/random_mc2_n9_mid3_d1000_05_mr098_r10_107.uai
2026-02-02 16:16:13,047|INFO|random_mc2_n5_mid3_d1000_05_mr098_r10_34_uai_GSCC_n200_roFalse_s0: Loading model from ../models/synthetic/s123/random_mc2_n5_mid3_d1000_05_mr098_r10_34.uai
2026-02-02 16:16:13,054|INFO|random_mc2_n5_mid3_d1000_05_mr098_r10_34_uai_GSCC_n200_roFalse_s0: Loading data from ../models/synthetic/s123/random_mc2_n5_mid3_d1000_05_mr098_r10_34.csv
2026-02-02 16:16:13,065|INFO|random_mc2_n5_mid3_d1000_05_mr098_r10_34_uai_GSCC_n200_roFalse_s0: PNS(V0,V3) exact: (0.41137714, 0.41137714)
trainable: ['V0', 'V6', 'V7', 'V8']
2026-02-02 16:16:13,328|INFO|random_mc2_n6_mid3_d1000_05_mr098_r10_169_uai_GSCC_n200_roFalse_s0: [0.0093,0.0205]	 45 runs	 rmse=0.02163	 T_learn=11700 ms. 	 T_infer=1353 ms.
2026-02-02 16:16:13,335|INFO|random_mc2_n6_mid3_d1000_05_mr098_r10_169_uai_GSCC_n200_roFalse_s0: Saving results to ../results/synthetic/s123/random_mc2_n6_mid3_d1000_05_mr098_r10_169_uai_GSCC_n200_roFalse_s0.csv
2026-02-02 16:16:13,445|INFO|random_mc2_n5_mid3_d1000_05_mr098_r10_102_uai_GSCC_n200_roTrue_s0: [0.3034,0.4055]	 32 runs	 rmse=0.08215	 T_learn=7392 ms. 	 T_infer=788 ms.
2026-02-02 16:16:13,449|INFO|random_mc2_n5_mid3_d1000_05_mr098_r10_102_uai_GSCC_n200_roTrue_s0: Saving results to ../results/synthetic/s123/random_mc2_n5_mid3_d1000_05_mr098_r10_102_uai_GSCC_n200_roTrue_s0.csv
2026-02-02 16:16:13,484|INFO|random_mc2_n9_mid3_d1000_05_mr098_r10_107_uai_GSCC_n200_roFalse_s0: Loading data from ../models/synthetic/s123/random_mc2_n9_mid3_d1000_05_mr098_r10_107.csv
2026-02-02 16:16:13,493|ERROR|random_mc2_n9_mid3_d1000_05_mr098_r10_107_uai_GSCC_n200_roFalse_s0: File exists, not rewriting.
2026-02-02 16:16:13,534|INFO|random_mc2_n5_mid3_d1000_05_mr098_r10_44_uai_GSCC_n200_roFalse_s0: [0.0156,0.0298]	 36 runs	 rmse=0.00196	 T_learn=10249 ms. 	 T_infer=1761 ms.
2026-02-02 16:16:13,539|INFO|random_mc2_n5_mid3_d1000_05_mr098_r10_44_uai_GSCC_n200_roFalse_s0: Saving results to ../results/synthetic/s123/random_mc2_n5_mid3_d1000_05_mr098_r10_44_uai_GSCC_n200_roFalse_s0.csv
2026-02-02 16:16:13,634|INFO|random_mc2_n5_mid3_d1000_05_mr098_r10_141_uai_GSCC_n200_roTrue_s0: [0.1294,0.1946]	 39 runs	 rmse=0.13268	 T_learn=11034 ms. 	 T_infer=1608 ms.
2026-02-02 16:16:13,640|INFO|random_mc2_n5_mid3_d1000_05_mr098_r10_141_uai_GSCC_n200_roTrue_s0: Saving results to ../results/synthetic/s123/random_mc2_n5_mid3_d1000_05_mr098_r10_141_uai_GSCC_n200_roTrue_s0.csv
trainable: ['V6', 'V7', 'V8', 'V5']
2026-02-02 16:16:14,360|INFO|random_mc2_n5_mid3_d1000_05_mr098_r10_102_uai_GSCC_n200_roTrue_s0: [0.3034,0.4055]	 33 runs	 rmse=0.08215	 T_learn=7488 ms. 	 T_infer=814 ms.
2026-02-02 16:16:14,366|INFO|random_mc2_n5_mid3_d1000_05_mr098_r10_102_uai_GSCC_n200_roTrue_s0: Saving results to ../results/synthetic/s123/random_mc2_n5_mid3_d1000_05_mr098_r10_102_uai_GSCC_n200_roTrue_s0.csv
2026-02-02 16:16:14,665|INFO|random_mc2_n6_mid3_d1000_05_mr098_r10_28_uai_GSCC_n200_roFalse_s0: [0.4825,0.5473]	 29 runs	 rmse=0.12121	 T_learn=9835 ms. 	 T_infer=1474 ms.
2026-02-02 16:16:14,671|INFO|random_mc2_n6_mid3_d1000_05_mr098_r10_28_uai_GSCC_n200_roFalse_s0: Saving results to ../results/synthetic/s123/random_mc2_n6_mid3_d1000_05_mr098_r10_28_uai_GSCC_n200_roFalse_s0.csv
2026-02-02 16:16:14,887|INFO|random_mc2_n6_mid3_d1000_05_mr098_r10_169_uai_GSCC_n200_roFalse_s0: [0.0093,0.0205]	 46 runs	 rmse=0.02163	 T_learn=11871 ms. 	 T_infer=1381 ms.
2026-02-02 16:16:14,896|INFO|random_mc2_n6_mid3_d1000_05_mr098_r10_169_uai_GSCC_n200_roFalse_s0: Saving results to ../results/synthetic/s123/random_mc2_n6_mid3_d1000_05_mr098_r10_169_uai_GSCC_n200_roFalse_s0.csv
2026-02-02 16:16:14,940|INFO|random_mc2_n6_mid3_d1000_05_mr098_r10_72_uai_GSCC_n200_roTrue_s0: [0.0627,0.0843]	 35 runs	 rmse=0.05109	 T_learn=13718 ms. 	 T_infer=1694 ms.
2026-02-02 16:16:14,946|INFO|random_mc2_n6_mid3_d1000_05_mr098_r10_72_uai_GSCC_n200_roTrue_s0: Saving results to ../results/synthetic/s123/random_mc2_n6_mid3_d1000_05_mr098_r10_72_uai_GSCC_n200_roTrue_s0.csv
trainable: ['V1', 'V2']
2026-02-02 16:16:15,061|INFO|random_mc2_n6_mid3_d1000_05_mr098_r10_71_uai_GSCC_n200_roFalse_s0: [0.5153,0.6112]	 34 runs	 rmse=0.01565	 T_learn=12180 ms. 	 T_infer=1844 ms.
2026-02-02 16:16:15,070|INFO|random_mc2_n6_mid3_d1000_05_mr098_r10_71_uai_GSCC_n200_roFalse_s0: Saving results to ../results/synthetic/s123/random_mc2_n6_mid3_d1000_05_mr098_r10_71_uai_GSCC_n200_roFalse_s0.csv
2026-02-02 16:16:15,301|INFO|random_mc2_n5_mid3_d1000_05_mr098_r10_102_uai_GSCC_n200_roTrue_s0: [0.3034,0.4055]	 34 runs	 rmse=0.08215	 T_learn=7586 ms. 	 T_infer=836 ms.
2026-02-02 16:16:15,307|INFO|random_mc2_n5_mid3_d1000_05_mr098_r10_102_uai_GSCC_n200_roTrue_s0: Saving results to ../results/synthetic/s123/random_mc2_n5_mid3_d1000_05_mr098_r10_102_uai_GSCC_n200_roTrue_s0.csv
2026-02-02 16:16:15,519|INFO|random_mc2_n5_mid3_d1000_05_mr098_r10_141_uai_GSCC_n200_roTrue_s0: [0.1294,0.1946]	 40 runs	 rmse=0.13268	 T_learn=11261 ms. 	 T_infer=1652 ms.
2026-02-02 16:16:15,525|INFO|random_mc2_n5_mid3_d1000_05_mr098_r10_141_uai_GSCC_n200_roTrue_s0: Saving results to ../results/synthetic/s123/random_mc2_n5_mid3_d1000_05_mr098_r10_141_uai_GSCC_n200_roTrue_s0.csv
2026-02-02 16:16:15,733|INFO|random_mc2_n5_mid3_d1000_05_mr098_r10_44_uai_GSCC_n200_roFalse_s0: [0.0156,0.0298]	 37 runs	 rmse=0.00196	 T_learn=10503 ms. 	 T_infer=1940 ms.
2026-02-02 16:16:15,740|INFO|random_mc2_n5_mid3_d1000_05_mr098_r10_44_uai_GSCC_n200_roFalse_s0: Saving results to ../results/synthetic/s123/random_mc2_n5_mid3_d1000_05_mr098_r10_44_uai_GSCC_n200_roFalse_s0.csv
2026-02-02 16:16:15,955|INFO|random_mc2_n5_mid3_d1000_05_mr098_r10_31_uai_GSCC_n200_roTrue_s0: [0.1067,0.1067]	 1 runs	 rmse=0.18175	 T_learn=5096 ms. 	 T_infer=22 ms.
2026-02-02 16:16:15,968|INFO|random_mc2_n5_mid3_d1000_05_mr098_r10_31_uai_GSCC_n200_roTrue_s0: Saving results to ../results/synthetic/s123/random_mc2_n5_mid3_d1000_05_mr098_r10_31_uai_GSCC_n200_roTrue_s0.csv
2026-02-02 16:16:16,044|INFO|random_mc2_n5_mid3_d1000_05_mr098_r10_31_uai_GSCC_n200_roTrue_s0: [0.1067,0.1125]	 2 runs	 rmse=0.17702	 T_learn=5128 ms. 	 T_infer=44 ms.
2026-02-02 16:16:16,049|INFO|random_mc2_n5_mid3_d1000_05_mr098_r10_31_uai_GSCC_n200_roTrue_s0: Saving results to ../results/synthetic/s123/random_mc2_n5_mid3_d1000_05_mr098_r10_31_uai_GSCC_n200_roTrue_s0.csv
2026-02-02 16:16:16,150|INFO|random_mc2_n5_mid3_d1000_05_mr098_r10_31_uai_GSCC_n200_roTrue_s0: [0.1067,0.1139]	 3 runs	 rmse=0.17585	 T_learn=5164 ms. 	 T_infer=65 ms.
2026-02-02 16:16:16,156|INFO|random_mc2_n5_mid3_d1000_05_mr098_r10_31_uai_GSCC_n200_roTrue_s0: Saving results to ../results/synthetic/s123/random_mc2_n5_mid3_d1000_05_mr098_r10_31_uai_GSCC_n200_roTrue_s0.csv
2026-02-02 16:16:16,193|INFO|random_mc2_n5_mid3_d1000_05_mr098_r10_169_uai_GSCC_n200_roTrue_s0: Loading model from ../models/synthetic/s123/random_mc2_n5_mid3_d1000_05_mr098_r10_169.uai
2026-02-02 16:16:16,201|INFO|random_mc2_n5_mid3_d1000_05_mr098_r10_169_uai_GSCC_n200_roTrue_s0: Loading data from ../models/synthetic/s123/random_mc2_n5_mid3_d1000_05_mr098_r10_169.csv
2026-02-02 16:16:16,229|INFO|random_mc2_n5_mid3_d1000_05_mr098_r10_169_uai_GSCC_n200_roTrue_s0: PNS(V0,V3) exact: (0.16386, 0.49872)
2026-02-02 16:16:16,273|INFO|random_mc2_n5_mid3_d1000_05_mr098_r10_102_uai_GSCC_n200_roTrue_s0: [0.3034,0.4055]	 35 runs	 rmse=0.08215	 T_learn=7687 ms. 	 T_infer=865 ms.
2026-02-02 16:16:16,279|INFO|random_mc2_n5_mid3_d1000_05_mr098_r10_102_uai_GSCC_n200_roTrue_s0: Saving results to ../results/synthetic/s123/random_mc2_n5_mid3_d1000_05_mr098_r10_102_uai_GSCC_n200_roTrue_s0.csv
2026-02-02 16:16:16,280|INFO|random_mc2_n5_mid3_d1000_05_mr098_r10_31_uai_GSCC_n200_roTrue_s0: [0.0918,0.1139]	 4 runs	 rmse=0.16756	 T_learn=5202 ms. 	 T_infer=86 ms.
2026-02-02 16:16:16,284|INFO|random_mc2_n5_mid3_d1000_05_mr098_r10_31_uai_GSCC_n200_roTrue_s0: Saving results to ../results/synthetic/s123/random_mc2_n5_mid3_d1000_05_mr098_r10_31_uai_GSCC_n200_roTrue_s0.csv
2026-02-02 16:16:16,417|INFO|random_mc2_n6_mid3_d1000_05_mr098_r10_28_uai_GSCC_n200_roFalse_s0: [0.4825,0.5473]	 30 runs	 rmse=0.12121	 T_learn=10054 ms. 	 T_infer=1527 ms.
2026-02-02 16:16:16,423|INFO|random_mc2_n6_mid3_d1000_05_mr098_r10_28_uai_GSCC_n200_roFalse_s0: Saving results to ../results/synthetic/s123/random_mc2_n6_mid3_d1000_05_mr098_r10_28_uai_GSCC_n200_roFalse_s0.csv
2026-02-02 16:16:16,432|INFO|random_mc2_n5_mid3_d1000_05_mr098_r10_31_uai_GSCC_n200_roTrue_s0: [0.0918,0.1139]	 5 runs	 rmse=0.16756	 T_learn=5241 ms. 	 T_infer=108 ms.
2026-02-02 16:16:16,436|INFO|random_mc2_n5_mid3_d1000_05_mr098_r10_31_uai_GSCC_n200_roTrue_s0: Saving results to ../results/synthetic/s123/random_mc2_n5_mid3_d1000_05_mr098_r10_31_uai_GSCC_n200_roTrue_s0.csv
2026-02-02 16:16:16,464|INFO|random_mc2_n6_mid3_d1000_05_mr098_r10_169_uai_GSCC_n200_roFalse_s0: [0.0093,0.0205]	 47 runs	 rmse=0.02163	 T_learn=12039 ms. 	 T_infer=1399 ms.
2026-02-02 16:16:16,469|INFO|random_mc2_n6_mid3_d1000_05_mr098_r10_169_uai_GSCC_n200_roFalse_s0: Saving results to ../results/synthetic/s123/random_mc2_n6_mid3_d1000_05_mr098_r10_169_uai_GSCC_n200_roFalse_s0.csv
2026-02-02 16:16:16,608|INFO|random_mc2_n5_mid3_d1000_05_mr098_r10_31_uai_GSCC_n200_roTrue_s0: [0.0918,0.1139]	 6 runs	 rmse=0.16756	 T_learn=5282 ms. 	 T_infer=131 ms.
2026-02-02 16:16:16,616|INFO|random_mc2_n5_mid3_d1000_05_mr098_r10_31_uai_GSCC_n200_roTrue_s0: Saving results to ../results/synthetic/s123/random_mc2_n5_mid3_d1000_05_mr098_r10_31_uai_GSCC_n200_roTrue_s0.csv
2026-02-02 16:16:16,812|INFO|random_mc2_n5_mid3_d1000_05_mr098_r10_31_uai_GSCC_n200_roTrue_s0: [0.0901,0.1139]	 7 runs	 rmse=0.16668	 T_learn=5326 ms. 	 T_infer=152 ms.
2026-02-02 16:16:16,818|INFO|random_mc2_n5_mid3_d1000_05_mr098_r10_31_uai_GSCC_n200_roTrue_s0: Saving results to ../results/synthetic/s123/random_mc2_n5_mid3_d1000_05_mr098_r10_31_uai_GSCC_n200_roTrue_s0.csv
2026-02-02 16:16:16,930|INFO|random_mc2_n6_mid3_d1000_05_mr098_r10_72_uai_GSCC_n200_roTrue_s0: [0.0627,0.0843]	 36 runs	 rmse=0.05109	 T_learn=13973 ms. 	 T_infer=1729 ms.
2026-02-02 16:16:16,936|INFO|random_mc2_n6_mid3_d1000_05_mr098_r10_72_uai_GSCC_n200_roTrue_s0: Saving results to ../results/synthetic/s123/random_mc2_n6_mid3_d1000_05_mr098_r10_72_uai_GSCC_n200_roTrue_s0.csv
2026-02-02 16:16:17,043|INFO|random_mc2_n5_mid3_d1000_05_mr098_r10_31_uai_GSCC_n200_roTrue_s0: [0.0901,0.1139]	 8 runs	 rmse=0.16668	 T_learn=5377 ms. 	 T_infer=174 ms.
2026-02-02 16:16:17,048|INFO|random_mc2_n5_mid3_d1000_05_mr098_r10_31_uai_GSCC_n200_roTrue_s0: Saving results to ../results/synthetic/s123/random_mc2_n5_mid3_d1000_05_mr098_r10_31_uai_GSCC_n200_roTrue_s0.csv
2026-02-02 16:16:17,269|INFO|random_mc2_n5_mid3_d1000_05_mr098_r10_102_uai_GSCC_n200_roTrue_s0: [0.3034,0.4056]	 36 runs	 rmse=0.08208	 T_learn=7790 ms. 	 T_infer=888 ms.
2026-02-02 16:16:17,284|INFO|random_mc2_n5_mid3_d1000_05_mr098_r10_102_uai_GSCC_n200_roTrue_s0: Saving results to ../results/synthetic/s123/random_mc2_n5_mid3_d1000_05_mr098_r10_102_uai_GSCC_n200_roTrue_s0.csv
2026-02-02 16:16:17,290|INFO|random_mc2_n5_mid3_d1000_05_mr098_r10_31_uai_GSCC_n200_roTrue_s0: [0.0901,0.1139]	 9 runs	 rmse=0.16668	 T_learn=5426 ms. 	 T_infer=194 ms.
2026-02-02 16:16:17,298|INFO|random_mc2_n5_mid3_d1000_05_mr098_r10_31_uai_GSCC_n200_roTrue_s0: Saving results to ../results/synthetic/s123/random_mc2_n5_mid3_d1000_05_mr098_r10_31_uai_GSCC_n200_roTrue_s0.csv
2026-02-02 16:16:17,357|INFO|random_mc2_n6_mid3_d1000_05_mr098_r10_71_uai_GSCC_n200_roFalse_s0: [0.5153,0.6112]	 35 runs	 rmse=0.01565	 T_learn=12453 ms. 	 T_infer=2014 ms.
2026-02-02 16:16:17,366|INFO|random_mc2_n6_mid3_d1000_05_mr098_r10_71_uai_GSCC_n200_roFalse_s0: Saving results to ../results/synthetic/s123/random_mc2_n6_mid3_d1000_05_mr098_r10_71_uai_GSCC_n200_roFalse_s0.csv
2026-02-02 16:16:17,425|INFO|random_mc2_n5_mid3_d1000_05_mr098_r10_141_uai_GSCC_n200_roTrue_s0: [0.1294,0.1946]	 41 runs	 rmse=0.13268	 T_learn=11488 ms. 	 T_infer=1673 ms.
2026-02-02 16:16:17,430|INFO|random_mc2_n5_mid3_d1000_05_mr098_r10_141_uai_GSCC_n200_roTrue_s0: Saving results to ../results/synthetic/s123/random_mc2_n5_mid3_d1000_05_mr098_r10_141_uai_GSCC_n200_roTrue_s0.csv
2026-02-02 16:16:17,564|INFO|random_mc2_n5_mid3_d1000_05_mr098_r10_31_uai_GSCC_n200_roTrue_s0: [0.0901,0.1139]	 10 runs	 rmse=0.16668	 T_learn=5476 ms. 	 T_infer=216 ms.
2026-02-02 16:16:17,569|INFO|random_mc2_n5_mid3_d1000_05_mr098_r10_31_uai_GSCC_n200_roTrue_s0: Saving results to ../results/synthetic/s123/random_mc2_n5_mid3_d1000_05_mr098_r10_31_uai_GSCC_n200_roTrue_s0.csv
2026-02-02 16:16:17,840|INFO|random_mc2_n5_mid3_d1000_05_mr098_r10_44_uai_GSCC_n200_roFalse_s0: [0.0156,0.0298]	 38 runs	 rmse=0.00196	 T_learn=10757 ms. 	 T_infer=1846 ms.
2026-02-02 16:16:17,847|INFO|random_mc2_n5_mid3_d1000_05_mr098_r10_44_uai_GSCC_n200_roFalse_s0: Saving results to ../results/synthetic/s123/random_mc2_n5_mid3_d1000_05_mr098_r10_44_uai_GSCC_n200_roFalse_s0.csv
2026-02-02 16:16:17,865|INFO|random_mc2_n5_mid3_d1000_05_mr098_r10_31_uai_GSCC_n200_roTrue_s0: [0.0901,0.1139]	 11 runs	 rmse=0.16668	 T_learn=5531 ms. 	 T_infer=240 ms.
2026-02-02 16:16:17,869|INFO|random_mc2_n5_mid3_d1000_05_mr098_r10_31_uai_GSCC_n200_roTrue_s0: Saving results to ../results/synthetic/s123/random_mc2_n5_mid3_d1000_05_mr098_r10_31_uai_GSCC_n200_roTrue_s0.csv
2026-02-02 16:16:18,072|INFO|random_mc2_n6_mid3_d1000_05_mr098_r10_169_uai_GSCC_n200_roFalse_s0: [0.0093,0.0205]	 48 runs	 rmse=0.02163	 T_learn=12214 ms. 	 T_infer=1428 ms.
2026-02-02 16:16:18,080|INFO|random_mc2_n6_mid3_d1000_05_mr098_r10_169_uai_GSCC_n200_roFalse_s0: Saving results to ../results/synthetic/s123/random_mc2_n6_mid3_d1000_05_mr098_r10_169_uai_GSCC_n200_roFalse_s0.csv
2026-02-02 16:16:18,186|INFO|random_mc2_n5_mid3_d1000_05_mr098_r10_31_uai_GSCC_n200_roTrue_s0: [0.0901,0.1139]	 12 runs	 rmse=0.16668	 T_learn=5588 ms. 	 T_infer=261 ms.
2026-02-02 16:16:18,191|INFO|random_mc2_n5_mid3_d1000_05_mr098_r10_31_uai_GSCC_n200_roTrue_s0: Saving results to ../results/synthetic/s123/random_mc2_n5_mid3_d1000_05_mr098_r10_31_uai_GSCC_n200_roTrue_s0.csv
trainable: ['V4', 'V1']
2026-02-02 16:16:18,231|INFO|random_mc2_n6_mid3_d1000_05_mr098_r10_28_uai_GSCC_n200_roFalse_s0: [0.4825,0.5473]	 31 runs	 rmse=0.12121	 T_learn=10280 ms. 	 T_infer=1582 ms.
2026-02-02 16:16:18,237|INFO|random_mc2_n6_mid3_d1000_05_mr098_r10_28_uai_GSCC_n200_roFalse_s0: Saving results to ../results/synthetic/s123/random_mc2_n6_mid3_d1000_05_mr098_r10_28_uai_GSCC_n200_roFalse_s0.csv
2026-02-02 16:16:18,296|INFO|random_mc2_n5_mid3_d1000_05_mr098_r10_102_uai_GSCC_n200_roTrue_s0: [0.3034,0.4056]	 37 runs	 rmse=0.08208	 T_learn=7893 ms. 	 T_infer=908 ms.
2026-02-02 16:16:18,301|INFO|random_mc2_n5_mid3_d1000_05_mr098_r10_102_uai_GSCC_n200_roTrue_s0: Saving results to ../results/synthetic/s123/random_mc2_n5_mid3_d1000_05_mr098_r10_102_uai_GSCC_n200_roTrue_s0.csv
2026-02-02 16:16:18,532|INFO|random_mc2_n5_mid3_d1000_05_mr098_r10_31_uai_GSCC_n200_roTrue_s0: [0.0901,0.1139]	 13 runs	 rmse=0.16668	 T_learn=5646 ms. 	 T_infer=282 ms.
2026-02-02 16:16:18,537|INFO|random_mc2_n5_mid3_d1000_05_mr098_r10_31_uai_GSCC_n200_roTrue_s0: Saving results to ../results/synthetic/s123/random_mc2_n5_mid3_d1000_05_mr098_r10_31_uai_GSCC_n200_roTrue_s0.csv
2026-02-02 16:16:18,904|INFO|random_mc2_n5_mid3_d1000_05_mr098_r10_31_uai_GSCC_n200_roTrue_s0: [0.0901,0.1267]	 14 runs	 rmse=0.15584	 T_learn=5706 ms. 	 T_infer=306 ms.
2026-02-02 16:16:18,914|INFO|random_mc2_n5_mid3_d1000_05_mr098_r10_31_uai_GSCC_n200_roTrue_s0: Saving results to ../results/synthetic/s123/random_mc2_n5_mid3_d1000_05_mr098_r10_31_uai_GSCC_n200_roTrue_s0.csv
2026-02-02 16:16:18,972|INFO|random_mc2_n6_mid3_d1000_05_mr098_r10_72_uai_GSCC_n200_roTrue_s0: [0.0627,0.0843]	 37 runs	 rmse=0.05109	 T_learn=14234 ms. 	 T_infer=1774 ms.
2026-02-02 16:16:18,978|INFO|random_mc2_n6_mid3_d1000_05_mr098_r10_72_uai_GSCC_n200_roTrue_s0: Saving results to ../results/synthetic/s123/random_mc2_n6_mid3_d1000_05_mr098_r10_72_uai_GSCC_n200_roTrue_s0.csv
2026-02-02 16:16:19,303|INFO|random_mc2_n5_mid3_d1000_05_mr098_r10_31_uai_GSCC_n200_roTrue_s0: [0.0901,0.1267]	 15 runs	 rmse=0.15584	 T_learn=5769 ms. 	 T_infer=327 ms.
2026-02-02 16:16:19,308|INFO|random_mc2_n5_mid3_d1000_05_mr098_r10_31_uai_GSCC_n200_roTrue_s0: Saving results to ../results/synthetic/s123/random_mc2_n5_mid3_d1000_05_mr098_r10_31_uai_GSCC_n200_roTrue_s0.csv
2026-02-02 16:16:19,347|INFO|random_mc2_n5_mid3_d1000_05_mr098_r10_102_uai_GSCC_n200_roTrue_s0: [0.3034,0.4056]	 38 runs	 rmse=0.08208	 T_learn=8001 ms. 	 T_infer=937 ms.
2026-02-02 16:16:19,353|INFO|random_mc2_n5_mid3_d1000_05_mr098_r10_102_uai_GSCC_n200_roTrue_s0: Saving results to ../results/synthetic/s123/random_mc2_n5_mid3_d1000_05_mr098_r10_102_uai_GSCC_n200_roTrue_s0.csv
2026-02-02 16:16:19,380|INFO|random_mc2_n5_mid3_d1000_05_mr098_r10_141_uai_GSCC_n200_roTrue_s0: [0.1294,0.1946]	 42 runs	 rmse=0.13268	 T_learn=11721 ms. 	 T_infer=1717 ms.
2026-02-02 16:16:19,385|INFO|random_mc2_n5_mid3_d1000_05_mr098_r10_141_uai_GSCC_n200_roTrue_s0: Saving results to ../results/synthetic/s123/random_mc2_n5_mid3_d1000_05_mr098_r10_141_uai_GSCC_n200_roTrue_s0.csv
2026-02-02 16:16:19,582|INFO|random_mc2_n6_mid3_d1000_05_mr098_r10_71_uai_GSCC_n200_roFalse_s0: [0.5153,0.6112]	 36 runs	 rmse=0.01565	 T_learn=12733 ms. 	 T_infer=1936 ms.
2026-02-02 16:16:19,588|INFO|random_mc2_n6_mid3_d1000_05_mr098_r10_71_uai_GSCC_n200_roFalse_s0: Saving results to ../results/synthetic/s123/random_mc2_n6_mid3_d1000_05_mr098_r10_71_uai_GSCC_n200_roFalse_s0.csv
2026-02-02 16:16:19,722|INFO|random_mc2_n5_mid3_d1000_05_mr098_r10_31_uai_GSCC_n200_roTrue_s0: [0.0901,0.1267]	 16 runs	 rmse=0.15584	 T_learn=5834 ms. 	 T_infer=349 ms.
2026-02-02 16:16:19,727|INFO|random_mc2_n5_mid3_d1000_05_mr098_r10_31_uai_GSCC_n200_roTrue_s0: Saving results to ../results/synthetic/s123/random_mc2_n5_mid3_d1000_05_mr098_r10_31_uai_GSCC_n200_roTrue_s0.csv
2026-02-02 16:16:19,857|INFO|random_mc2_n6_mid3_d1000_05_mr098_r10_169_uai_GSCC_n200_roFalse_s0: [0.0093,0.0205]	 49 runs	 rmse=0.02163	 T_learn=12392 ms. 	 T_infer=1599 ms.
2026-02-02 16:16:19,862|INFO|random_mc2_n6_mid3_d1000_05_mr098_r10_169_uai_GSCC_n200_roFalse_s0: Saving results to ../results/synthetic/s123/random_mc2_n6_mid3_d1000_05_mr098_r10_169_uai_GSCC_n200_roFalse_s0.csv
2026-02-02 16:16:19,898|INFO|random_mc2_n5_mid3_d1000_05_mr098_r10_169_uai_GSCC_n200_roTrue_s0: [0.2012,0.2012]	 1 runs	 rmse=0.29983	 T_learn=3648 ms. 	 T_infer=11 ms.
2026-02-02 16:16:19,910|INFO|random_mc2_n5_mid3_d1000_05_mr098_r10_169_uai_GSCC_n200_roTrue_s0: Saving results to ../results/synthetic/s123/random_mc2_n5_mid3_d1000_05_mr098_r10_169_uai_GSCC_n200_roTrue_s0.csv
2026-02-02 16:16:19,949|INFO|random_mc2_n5_mid3_d1000_05_mr098_r10_169_uai_GSCC_n200_roTrue_s0: [0.2012,0.2233]	 2 runs	 rmse=0.27792	 T_learn=3665 ms. 	 T_infer=21 ms.
2026-02-02 16:16:19,953|INFO|random_mc2_n5_mid3_d1000_05_mr098_r10_169_uai_GSCC_n200_roTrue_s0: Saving results to ../results/synthetic/s123/random_mc2_n5_mid3_d1000_05_mr098_r10_169_uai_GSCC_n200_roTrue_s0.csv
2026-02-02 16:16:20,003|INFO|random_mc2_n5_mid3_d1000_05_mr098_r10_169_uai_GSCC_n200_roTrue_s0: [0.1936,0.2233]	 3 runs	 rmse=0.27700	 T_learn=3683 ms. 	 T_infer=32 ms.
2026-02-02 16:16:20,006|INFO|random_mc2_n5_mid3_d1000_05_mr098_r10_44_uai_GSCC_n200_roFalse_s0: [0.0156,0.0298]	 39 runs	 rmse=0.00196	 T_learn=11021 ms. 	 T_infer=1895 ms.
2026-02-02 16:16:20,007|INFO|random_mc2_n5_mid3_d1000_05_mr098_r10_169_uai_GSCC_n200_roTrue_s0: Saving results to ../results/synthetic/s123/random_mc2_n5_mid3_d1000_05_mr098_r10_169_uai_GSCC_n200_roTrue_s0.csv
2026-02-02 16:16:20,013|INFO|random_mc2_n5_mid3_d1000_05_mr098_r10_44_uai_GSCC_n200_roFalse_s0: Saving results to ../results/synthetic/s123/random_mc2_n5_mid3_d1000_05_mr098_r10_44_uai_GSCC_n200_roFalse_s0.csv
2026-02-02 16:16:20,068|INFO|random_mc2_n5_mid3_d1000_05_mr098_r10_169_uai_GSCC_n200_roTrue_s0: [0.1936,0.2012]	 4 runs	 rmse=0.29898	 T_learn=3701 ms. 	 T_infer=42 ms.
2026-02-02 16:16:20,094|INFO|random_mc2_n6_mid3_d1000_05_mr098_r10_28_uai_GSCC_n200_roFalse_s0: [0.4825,0.5473]	 32 runs	 rmse=0.12121	 T_learn=10512 ms. 	 T_infer=1625 ms.
2026-02-02 16:16:20,101|INFO|random_mc2_n5_mid3_d1000_05_mr098_r10_169_uai_GSCC_n200_roTrue_s0: Saving results to ../results/synthetic/s123/random_mc2_n5_mid3_d1000_05_mr098_r10_169_uai_GSCC_n200_roTrue_s0.csv
2026-02-02 16:16:20,110|INFO|random_mc2_n6_mid3_d1000_05_mr098_r10_28_uai_GSCC_n200_roFalse_s0: Saving results to ../results/synthetic/s123/random_mc2_n6_mid3_d1000_05_mr098_r10_28_uai_GSCC_n200_roFalse_s0.csv
2026-02-02 16:16:20,162|INFO|random_mc2_n5_mid3_d1000_05_mr098_r10_31_uai_GSCC_n200_roTrue_s0: [0.0901,0.1267]	 17 runs	 rmse=0.15584	 T_learn=5900 ms. 	 T_infer=368 ms.
2026-02-02 16:16:20,168|INFO|random_mc2_n5_mid3_d1000_05_mr098_r10_31_uai_GSCC_n200_roTrue_s0: Saving results to ../results/synthetic/s123/random_mc2_n5_mid3_d1000_05_mr098_r10_31_uai_GSCC_n200_roTrue_s0.csv
2026-02-02 16:16:20,175|INFO|random_mc2_n5_mid3_d1000_05_mr098_r10_169_uai_GSCC_n200_roTrue_s0: [0.1985,0.2012]	 5 runs	 rmse=0.29951	 T_learn=3721 ms. 	 T_infer=53 ms.
2026-02-02 16:16:20,180|INFO|random_mc2_n5_mid3_d1000_05_mr098_r10_169_uai_GSCC_n200_roTrue_s0: Saving results to ../results/synthetic/s123/random_mc2_n5_mid3_d1000_05_mr098_r10_169_uai_GSCC_n200_roTrue_s0.csv
2026-02-02 16:16:20,264|INFO|random_mc2_n5_mid3_d1000_05_mr098_r10_169_uai_GSCC_n200_roTrue_s0: [0.1936,0.2012]	 6 runs	 rmse=0.29898	 T_learn=3742 ms. 	 T_infer=64 ms.
2026-02-02 16:16:20,268|INFO|random_mc2_n5_mid3_d1000_05_mr098_r10_169_uai_GSCC_n200_roTrue_s0: Saving results to ../results/synthetic/s123/random_mc2_n5_mid3_d1000_05_mr098_r10_169_uai_GSCC_n200_roTrue_s0.csv
2026-02-02 16:16:20,364|INFO|random_mc2_n5_mid3_d1000_05_mr098_r10_169_uai_GSCC_n200_roTrue_s0: [0.1586,0.2233]	 7 runs	 rmse=0.27545	 T_learn=3764 ms. 	 T_infer=74 ms.
2026-02-02 16:16:20,369|INFO|random_mc2_n5_mid3_d1000_05_mr098_r10_169_uai_GSCC_n200_roTrue_s0: Saving results to ../results/synthetic/s123/random_mc2_n5_mid3_d1000_05_mr098_r10_169_uai_GSCC_n200_roTrue_s0.csv
2026-02-02 16:16:20,418|INFO|random_mc2_n5_mid3_d1000_05_mr098_r10_102_uai_GSCC_n200_roTrue_s0: [0.3034,0.4056]	 39 runs	 rmse=0.08208	 T_learn=8108 ms. 	 T_infer=958 ms.
2026-02-02 16:16:20,423|INFO|random_mc2_n5_mid3_d1000_05_mr098_r10_102_uai_GSCC_n200_roTrue_s0: Saving results to ../results/synthetic/s123/random_mc2_n5_mid3_d1000_05_mr098_r10_102_uai_GSCC_n200_roTrue_s0.csv
2026-02-02 16:16:20,476|INFO|random_mc2_n5_mid3_d1000_05_mr098_r10_169_uai_GSCC_n200_roTrue_s0: [0.1389,0.2233]	 8 runs	 rmse=0.27652	 T_learn=3787 ms. 	 T_infer=85 ms.
2026-02-02 16:16:20,481|INFO|random_mc2_n5_mid3_d1000_05_mr098_r10_169_uai_GSCC_n200_roTrue_s0: Saving results to ../results/synthetic/s123/random_mc2_n5_mid3_d1000_05_mr098_r10_169_uai_GSCC_n200_roTrue_s0.csv
2026-02-02 16:16:20,601|INFO|random_mc2_n5_mid3_d1000_05_mr098_r10_169_uai_GSCC_n200_roTrue_s0: [0.1389,0.2233]	 9 runs	 rmse=0.27652	 T_learn=3811 ms. 	 T_infer=96 ms.
2026-02-02 16:16:20,605|INFO|random_mc2_n5_mid3_d1000_05_mr098_r10_169_uai_GSCC_n200_roTrue_s0: Saving results to ../results/synthetic/s123/random_mc2_n5_mid3_d1000_05_mr098_r10_169_uai_GSCC_n200_roTrue_s0.csv
2026-02-02 16:16:20,631|INFO|random_mc2_n5_mid3_d1000_05_mr098_r10_31_uai_GSCC_n200_roTrue_s0: [0.0901,0.1267]	 18 runs	 rmse=0.15584	 T_learn=5969 ms. 	 T_infer=394 ms.
2026-02-02 16:16:20,637|INFO|random_mc2_n5_mid3_d1000_05_mr098_r10_31_uai_GSCC_n200_roTrue_s0: Saving results to ../results/synthetic/s123/random_mc2_n5_mid3_d1000_05_mr098_r10_31_uai_GSCC_n200_roTrue_s0.csv
2026-02-02 16:16:20,737|INFO|random_mc2_n5_mid3_d1000_05_mr098_r10_169_uai_GSCC_n200_roTrue_s0: [0.1389,0.2233]	 10 runs	 rmse=0.27652	 T_learn=3837 ms. 	 T_infer=107 ms.
2026-02-02 16:16:20,742|INFO|random_mc2_n5_mid3_d1000_05_mr098_r10_169_uai_GSCC_n200_roTrue_s0: Saving results to ../results/synthetic/s123/random_mc2_n5_mid3_d1000_05_mr098_r10_169_uai_GSCC_n200_roTrue_s0.csv
2026-02-02 16:16:20,885|INFO|random_mc2_n5_mid3_d1000_05_mr098_r10_169_uai_GSCC_n200_roTrue_s0: [0.1389,0.2233]	 11 runs	 rmse=0.27652	 T_learn=3863 ms. 	 T_infer=117 ms.
2026-02-02 16:16:20,890|INFO|random_mc2_n5_mid3_d1000_05_mr098_r10_169_uai_GSCC_n200_roTrue_s0: Saving results to ../results/synthetic/s123/random_mc2_n5_mid3_d1000_05_mr098_r10_169_uai_GSCC_n200_roTrue_s0.csv
2026-02-02 16:16:21,044|INFO|random_mc2_n5_mid3_d1000_05_mr098_r10_169_uai_GSCC_n200_roTrue_s0: [0.1389,0.2233]	 12 runs	 rmse=0.27652	 T_learn=3891 ms. 	 T_infer=127 ms.
2026-02-02 16:16:21,049|INFO|random_mc2_n5_mid3_d1000_05_mr098_r10_169_uai_GSCC_n200_roTrue_s0: Saving results to ../results/synthetic/s123/random_mc2_n5_mid3_d1000_05_mr098_r10_169_uai_GSCC_n200_roTrue_s0.csv
2026-02-02 16:16:21,057|INFO|random_mc2_n6_mid3_d1000_05_mr098_r10_72_uai_GSCC_n200_roTrue_s0: [0.0627,0.0843]	 38 runs	 rmse=0.05109	 T_learn=14501 ms. 	 T_infer=1812 ms.
2026-02-02 16:16:21,062|INFO|random_mc2_n6_mid3_d1000_05_mr098_r10_72_uai_GSCC_n200_roTrue_s0: Saving results to ../results/synthetic/s123/random_mc2_n6_mid3_d1000_05_mr098_r10_72_uai_GSCC_n200_roTrue_s0.csv
2026-02-02 16:16:21,122|INFO|random_mc2_n5_mid3_d1000_05_mr098_r10_31_uai_GSCC_n200_roTrue_s0: [0.0901,0.1267]	 19 runs	 rmse=0.15584	 T_learn=6041 ms. 	 T_infer=413 ms.
2026-02-02 16:16:21,127|INFO|random_mc2_n5_mid3_d1000_05_mr098_r10_31_uai_GSCC_n200_roTrue_s0: Saving results to ../results/synthetic/s123/random_mc2_n5_mid3_d1000_05_mr098_r10_31_uai_GSCC_n200_roTrue_s0.csv
2026-02-02 16:16:21,216|INFO|random_mc2_n5_mid3_d1000_05_mr098_r10_169_uai_GSCC_n200_roTrue_s0: [0.1389,0.2233]	 13 runs	 rmse=0.27652	 T_learn=3919 ms. 	 T_infer=138 ms.
2026-02-02 16:16:21,220|INFO|random_mc2_n5_mid3_d1000_05_mr098_r10_169_uai_GSCC_n200_roTrue_s0: Saving results to ../results/synthetic/s123/random_mc2_n5_mid3_d1000_05_mr098_r10_169_uai_GSCC_n200_roTrue_s0.csv
2026-02-02 16:16:21,384|INFO|random_mc2_n5_mid3_d1000_05_mr098_r10_141_uai_GSCC_n200_roTrue_s0: [0.1294,0.1946]	 43 runs	 rmse=0.13268	 T_learn=11958 ms. 	 T_infer=1761 ms.
2026-02-02 16:16:21,389|INFO|random_mc2_n5_mid3_d1000_05_mr098_r10_141_uai_GSCC_n200_roTrue_s0: Saving results to ../results/synthetic/s123/random_mc2_n5_mid3_d1000_05_mr098_r10_141_uai_GSCC_n200_roTrue_s0.csv
2026-02-02 16:16:21,398|INFO|random_mc2_n5_mid3_d1000_05_mr098_r10_169_uai_GSCC_n200_roTrue_s0: [0.1389,0.2233]	 14 runs	 rmse=0.27652	 T_learn=3949 ms. 	 T_infer=148 ms.
2026-02-02 16:16:21,403|INFO|random_mc2_n5_mid3_d1000_05_mr098_r10_169_uai_GSCC_n200_roTrue_s0: Saving results to ../results/synthetic/s123/random_mc2_n5_mid3_d1000_05_mr098_r10_169_uai_GSCC_n200_roTrue_s0.csv
2026-02-02 16:16:21,514|INFO|random_mc2_n5_mid3_d1000_05_mr098_r10_102_uai_GSCC_n200_roTrue_s0: [0.3034,0.4056]	 40 runs	 rmse=0.08208	 T_learn=8218 ms. 	 T_infer=980 ms.
2026-02-02 16:16:21,519|INFO|random_mc2_n5_mid3_d1000_05_mr098_r10_102_uai_GSCC_n200_roTrue_s0: Saving results to ../results/synthetic/s123/random_mc2_n5_mid3_d1000_05_mr098_r10_102_uai_GSCC_n200_roTrue_s0.csv
2026-02-02 16:16:21,523|INFO|random_mc2_n6_mid3_d1000_05_mr098_r10_169_uai_GSCC_n200_roFalse_s0: [0.0093,0.0219]	 50 runs	 rmse=0.02037	 T_learn=12568 ms. 	 T_infer=1484 ms.
2026-02-02 16:16:21,528|INFO|random_mc2_n6_mid3_d1000_05_mr098_r10_169_uai_GSCC_n200_roFalse_s0: Saving results to ../results/synthetic/s123/random_mc2_n6_mid3_d1000_05_mr098_r10_169_uai_GSCC_n200_roFalse_s0.csv
2026-02-02 16:16:21,592|INFO|random_mc2_n5_mid3_d1000_05_mr098_r10_169_uai_GSCC_n200_roTrue_s0: [0.1389,0.2233]	 15 runs	 rmse=0.27652	 T_learn=3979 ms. 	 T_infer=159 ms.
2026-02-02 16:16:21,596|INFO|random_mc2_n5_mid3_d1000_05_mr098_r10_169_uai_GSCC_n200_roTrue_s0: Saving results to ../results/synthetic/s123/random_mc2_n5_mid3_d1000_05_mr098_r10_169_uai_GSCC_n200_roTrue_s0.csv
2026-02-02 16:16:21,636|INFO|random_mc2_n5_mid3_d1000_05_mr098_r10_31_uai_GSCC_n200_roTrue_s0: [0.0901,0.1267]	 20 runs	 rmse=0.15584	 T_learn=6115 ms. 	 T_infer=435 ms.
2026-02-02 16:16:21,641|INFO|random_mc2_n5_mid3_d1000_05_mr098_r10_31_uai_GSCC_n200_roTrue_s0: Saving results to ../results/synthetic/s123/random_mc2_n5_mid3_d1000_05_mr098_r10_31_uai_GSCC_n200_roTrue_s0.csv
2026-02-02 16:16:21,798|INFO|random_mc2_n5_mid3_d1000_05_mr098_r10_169_uai_GSCC_n200_roTrue_s0: [0.1389,0.2233]	 16 runs	 rmse=0.27652	 T_learn=4011 ms. 	 T_infer=170 ms.
2026-02-02 16:16:21,804|INFO|random_mc2_n5_mid3_d1000_05_mr098_r10_169_uai_GSCC_n200_roTrue_s0: Saving results to ../results/synthetic/s123/random_mc2_n5_mid3_d1000_05_mr098_r10_169_uai_GSCC_n200_roTrue_s0.csv
2026-02-02 16:16:21,852|INFO|random_mc2_n6_mid3_d1000_05_mr098_r10_71_uai_GSCC_n200_roFalse_s0: [0.5153,0.6112]	 37 runs	 rmse=0.01565	 T_learn=13017 ms. 	 T_infer=1980 ms.
2026-02-02 16:16:21,859|INFO|random_mc2_n6_mid3_d1000_05_mr098_r10_71_uai_GSCC_n200_roFalse_s0: Saving results to ../results/synthetic/s123/random_mc2_n6_mid3_d1000_05_mr098_r10_71_uai_GSCC_n200_roFalse_s0.csv
2026-02-02 16:16:22,017|INFO|random_mc2_n5_mid3_d1000_05_mr098_r10_169_uai_GSCC_n200_roTrue_s0: [0.1389,0.2233]	 17 runs	 rmse=0.27652	 T_learn=4043 ms. 	 T_infer=180 ms.
2026-02-02 16:16:22,022|INFO|random_mc2_n5_mid3_d1000_05_mr098_r10_169_uai_GSCC_n200_roTrue_s0: Saving results to ../results/synthetic/s123/random_mc2_n5_mid3_d1000_05_mr098_r10_169_uai_GSCC_n200_roTrue_s0.csv
2026-02-02 16:16:22,024|INFO|random_mc2_n6_mid3_d1000_05_mr098_r10_28_uai_GSCC_n200_roFalse_s0: [0.4825,0.5473]	 33 runs	 rmse=0.12117	 T_learn=10750 ms. 	 T_infer=1676 ms.
2026-02-02 16:16:22,031|INFO|random_mc2_n6_mid3_d1000_05_mr098_r10_28_uai_GSCC_n200_roFalse_s0: Saving results to ../results/synthetic/s123/random_mc2_n6_mid3_d1000_05_mr098_r10_28_uai_GSCC_n200_roFalse_s0.csv
2026-02-02 16:16:22,168|INFO|random_mc2_n5_mid3_d1000_05_mr098_r10_31_uai_GSCC_n200_roTrue_s0: [0.0901,0.1267]	 21 runs	 rmse=0.15584	 T_learn=6190 ms. 	 T_infer=453 ms.
2026-02-02 16:16:22,174|INFO|random_mc2_n5_mid3_d1000_05_mr098_r10_31_uai_GSCC_n200_roTrue_s0: Saving results to ../results/synthetic/s123/random_mc2_n5_mid3_d1000_05_mr098_r10_31_uai_GSCC_n200_roTrue_s0.csv
2026-02-02 16:16:22,219|INFO|random_mc2_n5_mid3_d1000_05_mr098_r10_44_uai_GSCC_n200_roFalse_s0: [0.0156,0.0298]	 40 runs	 rmse=0.00196	 T_learn=11285 ms. 	 T_infer=1941 ms.
2026-02-02 16:16:22,224|INFO|random_mc2_n5_mid3_d1000_05_mr098_r10_44_uai_GSCC_n200_roFalse_s0: Saving results to ../results/synthetic/s123/random_mc2_n5_mid3_d1000_05_mr098_r10_44_uai_GSCC_n200_roFalse_s0.csv
2026-02-02 16:16:22,246|INFO|random_mc2_n5_mid3_d1000_05_mr098_r10_169_uai_GSCC_n200_roTrue_s0: [0.1389,0.2233]	 18 runs	 rmse=0.27652	 T_learn=4077 ms. 	 T_infer=190 ms.
2026-02-02 16:16:22,251|INFO|random_mc2_n5_mid3_d1000_05_mr098_r10_169_uai_GSCC_n200_roTrue_s0: Saving results to ../results/synthetic/s123/random_mc2_n5_mid3_d1000_05_mr098_r10_169_uai_GSCC_n200_roTrue_s0.csv
2026-02-02 16:16:22,486|INFO|random_mc2_n5_mid3_d1000_05_mr098_r10_169_uai_GSCC_n200_roTrue_s0: [0.1389,0.2233]	 19 runs	 rmse=0.27652	 T_learn=4112 ms. 	 T_infer=200 ms.
2026-02-02 16:16:22,490|INFO|random_mc2_n5_mid3_d1000_05_mr098_r10_169_uai_GSCC_n200_roTrue_s0: Saving results to ../results/synthetic/s123/random_mc2_n5_mid3_d1000_05_mr098_r10_169_uai_GSCC_n200_roTrue_s0.csv
2026-02-02 16:16:22,643|INFO|random_mc2_n5_mid3_d1000_05_mr098_r10_102_uai_GSCC_n200_roTrue_s0: [0.3034,0.4056]	 41 runs	 rmse=0.08208	 T_learn=8330 ms. 	 T_infer=1012 ms.
2026-02-02 16:16:22,647|INFO|random_mc2_n5_mid3_d1000_05_mr098_r10_102_uai_GSCC_n200_roTrue_s0: Saving results to ../results/synthetic/s123/random_mc2_n5_mid3_d1000_05_mr098_r10_102_uai_GSCC_n200_roTrue_s0.csv
2026-02-02 16:16:22,732|INFO|random_mc2_n5_mid3_d1000_05_mr098_r10_31_uai_GSCC_n200_roTrue_s0: [0.0901,0.1267]	 22 runs	 rmse=0.15584	 T_learn=6268 ms. 	 T_infer=480 ms.
2026-02-02 16:16:22,738|INFO|random_mc2_n5_mid3_d1000_05_mr098_r10_31_uai_GSCC_n200_roTrue_s0: Saving results to ../results/synthetic/s123/random_mc2_n5_mid3_d1000_05_mr098_r10_31_uai_GSCC_n200_roTrue_s0.csv
2026-02-02 16:16:22,738|INFO|random_mc2_n5_mid3_d1000_05_mr098_r10_169_uai_GSCC_n200_roTrue_s0: [0.1389,0.2233]	 20 runs	 rmse=0.27652	 T_learn=4148 ms. 	 T_infer=212 ms.
2026-02-02 16:16:22,742|INFO|random_mc2_n5_mid3_d1000_05_mr098_r10_169_uai_GSCC_n200_roTrue_s0: Saving results to ../results/synthetic/s123/random_mc2_n5_mid3_d1000_05_mr098_r10_169_uai_GSCC_n200_roTrue_s0.csv
2026-02-02 16:16:23,002|INFO|random_mc2_n5_mid3_d1000_05_mr098_r10_169_uai_GSCC_n200_roTrue_s0: [0.1389,0.2233]	 21 runs	 rmse=0.27652	 T_learn=4185 ms. 	 T_infer=223 ms.
2026-02-02 16:16:23,007|INFO|random_mc2_n5_mid3_d1000_05_mr098_r10_169_uai_GSCC_n200_roTrue_s0: Saving results to ../results/synthetic/s123/random_mc2_n5_mid3_d1000_05_mr098_r10_169_uai_GSCC_n200_roTrue_s0.csv
2026-02-02 16:16:23,204|INFO|random_mc2_n6_mid3_d1000_05_mr098_r10_72_uai_GSCC_n200_roTrue_s0: [0.0627,0.0843]	 39 runs	 rmse=0.05109	 T_learn=14778 ms. 	 T_infer=1864 ms.
2026-02-02 16:16:23,210|INFO|random_mc2_n6_mid3_d1000_05_mr098_r10_72_uai_GSCC_n200_roTrue_s0: Saving results to ../results/synthetic/s123/random_mc2_n6_mid3_d1000_05_mr098_r10_72_uai_GSCC_n200_roTrue_s0.csv
2026-02-02 16:16:23,215|INFO|random_mc2_n6_mid3_d1000_05_mr098_r10_169_uai_GSCC_n200_roFalse_s0: [0.0093,0.0270]	 51 runs	 rmse=0.01597	 T_learn=12746 ms. 	 T_infer=1509 ms.
2026-02-02 16:16:23,221|INFO|random_mc2_n6_mid3_d1000_05_mr098_r10_169_uai_GSCC_n200_roFalse_s0: Saving results to ../results/synthetic/s123/random_mc2_n6_mid3_d1000_05_mr098_r10_169_uai_GSCC_n200_roFalse_s0.csv
2026-02-02 16:16:23,278|INFO|random_mc2_n5_mid3_d1000_05_mr098_r10_169_uai_GSCC_n200_roTrue_s0: [0.1389,0.2233]	 22 runs	 rmse=0.27652	 T_learn=4223 ms. 	 T_infer=233 ms.
2026-02-02 16:16:23,283|INFO|random_mc2_n5_mid3_d1000_05_mr098_r10_169_uai_GSCC_n200_roTrue_s0: Saving results to ../results/synthetic/s123/random_mc2_n5_mid3_d1000_05_mr098_r10_169_uai_GSCC_n200_roTrue_s0.csv
2026-02-02 16:16:23,316|INFO|random_mc2_n5_mid3_d1000_05_mr098_r10_31_uai_GSCC_n200_roTrue_s0: [0.0901,0.1267]	 23 runs	 rmse=0.15584	 T_learn=6349 ms. 	 T_infer=498 ms.
2026-02-02 16:16:23,321|INFO|random_mc2_n5_mid3_d1000_05_mr098_r10_31_uai_GSCC_n200_roTrue_s0: Saving results to ../results/synthetic/s123/random_mc2_n5_mid3_d1000_05_mr098_r10_31_uai_GSCC_n200_roTrue_s0.csv
2026-02-02 16:16:23,422|INFO|random_mc2_n5_mid3_d1000_05_mr098_r10_141_uai_GSCC_n200_roTrue_s0: [0.1294,0.1946]	 44 runs	 rmse=0.13268	 T_learn=12200 ms. 	 T_infer=1791 ms.
2026-02-02 16:16:23,427|INFO|random_mc2_n5_mid3_d1000_05_mr098_r10_141_uai_GSCC_n200_roTrue_s0: Saving results to ../results/synthetic/s123/random_mc2_n5_mid3_d1000_05_mr098_r10_141_uai_GSCC_n200_roTrue_s0.csv
2026-02-02 16:16:23,565|INFO|random_mc2_n5_mid3_d1000_05_mr098_r10_169_uai_GSCC_n200_roTrue_s0: [0.1389,0.2233]	 23 runs	 rmse=0.27652	 T_learn=4263 ms. 	 T_infer=242 ms.
2026-02-02 16:16:23,570|INFO|random_mc2_n5_mid3_d1000_05_mr098_r10_169_uai_GSCC_n200_roTrue_s0: Saving results to ../results/synthetic/s123/random_mc2_n5_mid3_d1000_05_mr098_r10_169_uai_GSCC_n200_roTrue_s0.csv
2026-02-02 16:16:23,795|INFO|random_mc2_n5_mid3_d1000_05_mr098_r10_102_uai_GSCC_n200_roTrue_s0: [0.3034,0.4056]	 42 runs	 rmse=0.08208	 T_learn=8444 ms. 	 T_infer=1034 ms.
2026-02-02 16:16:23,801|INFO|random_mc2_n5_mid3_d1000_05_mr098_r10_102_uai_GSCC_n200_roTrue_s0: Saving results to ../results/synthetic/s123/random_mc2_n5_mid3_d1000_05_mr098_r10_102_uai_GSCC_n200_roTrue_s0.csv
2026-02-02 16:16:23,864|INFO|random_mc2_n5_mid3_d1000_05_mr098_r10_169_uai_GSCC_n200_roTrue_s0: [0.1389,0.2233]	 24 runs	 rmse=0.27652	 T_learn=4303 ms. 	 T_infer=254 ms.
2026-02-02 16:16:23,869|INFO|random_mc2_n5_mid3_d1000_05_mr098_r10_169_uai_GSCC_n200_roTrue_s0: Saving results to ../results/synthetic/s123/random_mc2_n5_mid3_d1000_05_mr098_r10_169_uai_GSCC_n200_roTrue_s0.csv
2026-02-02 16:16:23,923|INFO|random_mc2_n5_mid3_d1000_05_mr098_r10_31_uai_GSCC_n200_roTrue_s0: [0.0901,0.1267]	 24 runs	 rmse=0.15584	 T_learn=6431 ms. 	 T_infer=519 ms.
2026-02-02 16:16:23,930|INFO|random_mc2_n5_mid3_d1000_05_mr098_r10_31_uai_GSCC_n200_roTrue_s0: Saving results to ../results/synthetic/s123/random_mc2_n5_mid3_d1000_05_mr098_r10_31_uai_GSCC_n200_roTrue_s0.csv
2026-02-02 16:16:24,005|INFO|random_mc2_n6_mid3_d1000_05_mr098_r10_28_uai_GSCC_n200_roFalse_s0: [0.4825,0.5473]	 34 runs	 rmse=0.12117	 T_learn=10996 ms. 	 T_infer=1729 ms.
2026-02-02 16:16:24,011|INFO|random_mc2_n6_mid3_d1000_05_mr098_r10_28_uai_GSCC_n200_roFalse_s0: Saving results to ../results/synthetic/s123/random_mc2_n6_mid3_d1000_05_mr098_r10_28_uai_GSCC_n200_roFalse_s0.csv
2026-02-02 16:16:24,175|INFO|random_mc2_n5_mid3_d1000_05_mr098_r10_169_uai_GSCC_n200_roTrue_s0: [0.1389,0.2233]	 25 runs	 rmse=0.27652	 T_learn=4344 ms. 	 T_infer=265 ms.
2026-02-02 16:16:24,182|INFO|random_mc2_n5_mid3_d1000_05_mr098_r10_169_uai_GSCC_n200_roTrue_s0: Saving results to ../results/synthetic/s123/random_mc2_n5_mid3_d1000_05_mr098_r10_169_uai_GSCC_n200_roTrue_s0.csv
2026-02-02 16:16:24,192|INFO|random_mc2_n6_mid3_d1000_05_mr098_r10_71_uai_GSCC_n200_roFalse_s0: [0.5153,0.6112]	 38 runs	 rmse=0.01565	 T_learn=13311 ms. 	 T_infer=2039 ms.
2026-02-02 16:16:24,197|INFO|random_mc2_n6_mid3_d1000_05_mr098_r10_71_uai_GSCC_n200_roFalse_s0: Saving results to ../results/synthetic/s123/random_mc2_n6_mid3_d1000_05_mr098_r10_71_uai_GSCC_n200_roFalse_s0.csv
2026-02-02 16:16:24,485|INFO|random_mc2_n5_mid3_d1000_05_mr098_r10_44_uai_GSCC_n200_roFalse_s0: [0.0156,0.0298]	 41 runs	 rmse=0.00196	 T_learn=11556 ms. 	 T_infer=1991 ms.
2026-02-02 16:16:24,491|INFO|random_mc2_n5_mid3_d1000_05_mr098_r10_44_uai_GSCC_n200_roFalse_s0: Saving results to ../results/synthetic/s123/random_mc2_n5_mid3_d1000_05_mr098_r10_44_uai_GSCC_n200_roFalse_s0.csv
2026-02-02 16:16:24,499|INFO|random_mc2_n5_mid3_d1000_05_mr098_r10_169_uai_GSCC_n200_roTrue_s0: [0.1389,0.2233]	 26 runs	 rmse=0.27652	 T_learn=4387 ms. 	 T_infer=275 ms.
2026-02-02 16:16:24,505|INFO|random_mc2_n5_mid3_d1000_05_mr098_r10_169_uai_GSCC_n200_roTrue_s0: Saving results to ../results/synthetic/s123/random_mc2_n5_mid3_d1000_05_mr098_r10_169_uai_GSCC_n200_roTrue_s0.csv
2026-02-02 16:16:24,558|INFO|random_mc2_n5_mid3_d1000_05_mr098_r10_31_uai_GSCC_n200_roTrue_s0: [0.0901,0.1267]	 25 runs	 rmse=0.15584	 T_learn=6517 ms. 	 T_infer=542 ms.
2026-02-02 16:16:24,563|INFO|random_mc2_n5_mid3_d1000_05_mr098_r10_31_uai_GSCC_n200_roTrue_s0: Saving results to ../results/synthetic/s123/random_mc2_n5_mid3_d1000_05_mr098_r10_31_uai_GSCC_n200_roTrue_s0.csv
2026-02-02 16:16:24,835|INFO|random_mc2_n5_mid3_d1000_05_mr098_r10_169_uai_GSCC_n200_roTrue_s0: [0.1389,0.2233]	 27 runs	 rmse=0.27652	 T_learn=4430 ms. 	 T_infer=287 ms.
2026-02-02 16:16:24,839|INFO|random_mc2_n5_mid3_d1000_05_mr098_r10_169_uai_GSCC_n200_roTrue_s0: Saving results to ../results/synthetic/s123/random_mc2_n5_mid3_d1000_05_mr098_r10_169_uai_GSCC_n200_roTrue_s0.csv
2026-02-02 16:16:24,948|INFO|random_mc2_n6_mid3_d1000_05_mr098_r10_169_uai_GSCC_n200_roFalse_s0: [0.0093,0.0304]	 52 runs	 rmse=0.01343	 T_learn=12929 ms. 	 T_infer=1545 ms.
2026-02-02 16:16:24,953|INFO|random_mc2_n6_mid3_d1000_05_mr098_r10_169_uai_GSCC_n200_roFalse_s0: Saving results to ../results/synthetic/s123/random_mc2_n6_mid3_d1000_05_mr098_r10_169_uai_GSCC_n200_roFalse_s0.csv
2026-02-02 16:16:25,114|INFO|random_mc2_n5_mid3_d1000_05_mr098_r10_102_uai_GSCC_n200_roTrue_s0: [0.3034,0.4056]	 43 runs	 rmse=0.08208	 T_learn=8559 ms. 	 T_infer=1198 ms.
2026-02-02 16:16:25,121|INFO|random_mc2_n5_mid3_d1000_05_mr098_r10_102_uai_GSCC_n200_roTrue_s0: Saving results to ../results/synthetic/s123/random_mc2_n5_mid3_d1000_05_mr098_r10_102_uai_GSCC_n200_roTrue_s0.csv
2026-02-02 16:16:25,181|INFO|random_mc2_n5_mid3_d1000_05_mr098_r10_169_uai_GSCC_n200_roTrue_s0: [0.1389,0.2233]	 28 runs	 rmse=0.27652	 T_learn=4475 ms. 	 T_infer=297 ms.
2026-02-02 16:16:25,186|INFO|random_mc2_n5_mid3_d1000_05_mr098_r10_169_uai_GSCC_n200_roTrue_s0: Saving results to ../results/synthetic/s123/random_mc2_n5_mid3_d1000_05_mr098_r10_169_uai_GSCC_n200_roTrue_s0.csv
2026-02-02 16:16:25,214|INFO|random_mc2_n5_mid3_d1000_05_mr098_r10_31_uai_GSCC_n200_roTrue_s0: [0.0901,0.1267]	 26 runs	 rmse=0.15584	 T_learn=6604 ms. 	 T_infer=563 ms.
2026-02-02 16:16:25,218|INFO|random_mc2_n5_mid3_d1000_05_mr098_r10_31_uai_GSCC_n200_roTrue_s0: Saving results to ../results/synthetic/s123/random_mc2_n5_mid3_d1000_05_mr098_r10_31_uai_GSCC_n200_roTrue_s0.csv
2026-02-02 16:16:25,508|INFO|random_mc2_n5_mid3_d1000_05_mr098_r10_141_uai_GSCC_n200_roTrue_s0: [0.1294,0.1946]	 45 runs	 rmse=0.13268	 T_learn=12446 ms. 	 T_infer=1834 ms.
2026-02-02 16:16:25,515|INFO|random_mc2_n5_mid3_d1000_05_mr098_r10_141_uai_GSCC_n200_roTrue_s0: Saving results to ../results/synthetic/s123/random_mc2_n5_mid3_d1000_05_mr098_r10_141_uai_GSCC_n200_roTrue_s0.csv
2026-02-02 16:16:25,542|INFO|random_mc2_n5_mid3_d1000_05_mr098_r10_169_uai_GSCC_n200_roTrue_s0: [0.1389,0.2233]	 29 runs	 rmse=0.27652	 T_learn=4520 ms. 	 T_infer=310 ms.
2026-02-02 16:16:25,547|INFO|random_mc2_n6_mid3_d1000_05_mr098_r10_72_uai_GSCC_n200_roTrue_s0: [0.0627,0.0843]	 40 runs	 rmse=0.05109	 T_learn=15057 ms. 	 T_infer=2057 ms.
2026-02-02 16:16:25,549|INFO|random_mc2_n5_mid3_d1000_05_mr098_r10_169_uai_GSCC_n200_roTrue_s0: Saving results to ../results/synthetic/s123/random_mc2_n5_mid3_d1000_05_mr098_r10_169_uai_GSCC_n200_roTrue_s0.csv
2026-02-02 16:16:25,552|INFO|random_mc2_n6_mid3_d1000_05_mr098_r10_72_uai_GSCC_n200_roTrue_s0: Saving results to ../results/synthetic/s123/random_mc2_n6_mid3_d1000_05_mr098_r10_72_uai_GSCC_n200_roTrue_s0.csv
2026-02-02 16:16:25,893|INFO|random_mc2_n5_mid3_d1000_05_mr098_r10_31_uai_GSCC_n200_roTrue_s0: [0.0901,0.1267]	 27 runs	 rmse=0.15584	 T_learn=6694 ms. 	 T_infer=585 ms.
2026-02-02 16:16:25,898|INFO|random_mc2_n5_mid3_d1000_05_mr098_r10_31_uai_GSCC_n200_roTrue_s0: Saving results to ../results/synthetic/s123/random_mc2_n5_mid3_d1000_05_mr098_r10_31_uai_GSCC_n200_roTrue_s0.csv
2026-02-02 16:16:25,915|INFO|random_mc2_n5_mid3_d1000_05_mr098_r10_169_uai_GSCC_n200_roTrue_s0: [0.1389,0.2233]	 30 runs	 rmse=0.27652	 T_learn=4567 ms. 	 T_infer=318 ms.
2026-02-02 16:16:25,920|INFO|random_mc2_n5_mid3_d1000_05_mr098_r10_169_uai_GSCC_n200_roTrue_s0: Saving results to ../results/synthetic/s123/random_mc2_n5_mid3_d1000_05_mr098_r10_169_uai_GSCC_n200_roTrue_s0.csv
2026-02-02 16:16:26,172|INFO|random_mc2_n6_mid3_d1000_05_mr098_r10_28_uai_GSCC_n200_roFalse_s0: [0.4825,0.5473]	 35 runs	 rmse=0.12117	 T_learn=11247 ms. 	 T_infer=1909 ms.
2026-02-02 16:16:26,179|INFO|random_mc2_n6_mid3_d1000_05_mr098_r10_28_uai_GSCC_n200_roFalse_s0: Saving results to ../results/synthetic/s123/random_mc2_n6_mid3_d1000_05_mr098_r10_28_uai_GSCC_n200_roFalse_s0.csv
2026-02-02 16:16:26,296|INFO|random_mc2_n5_mid3_d1000_05_mr098_r10_169_uai_GSCC_n200_roTrue_s0: [0.1389,0.2233]	 31 runs	 rmse=0.27652	 T_learn=4615 ms. 	 T_infer=328 ms.
2026-02-02 16:16:26,301|INFO|random_mc2_n5_mid3_d1000_05_mr098_r10_169_uai_GSCC_n200_roTrue_s0: Saving results to ../results/synthetic/s123/random_mc2_n5_mid3_d1000_05_mr098_r10_169_uai_GSCC_n200_roTrue_s0.csv
2026-02-02 16:16:26,323|INFO|random_mc2_n5_mid3_d1000_05_mr098_r10_102_uai_GSCC_n200_roTrue_s0: [0.3034,0.4056]	 44 runs	 rmse=0.08208	 T_learn=8676 ms. 	 T_infer=1084 ms.
2026-02-02 16:16:26,328|INFO|random_mc2_n5_mid3_d1000_05_mr098_r10_102_uai_GSCC_n200_roTrue_s0: Saving results to ../results/synthetic/s123/random_mc2_n5_mid3_d1000_05_mr098_r10_102_uai_GSCC_n200_roTrue_s0.csv
2026-02-02 16:16:26,595|INFO|random_mc2_n6_mid3_d1000_05_mr098_r10_71_uai_GSCC_n200_roFalse_s0: [0.5153,0.6112]	 39 runs	 rmse=0.01565	 T_learn=13613 ms. 	 T_infer=2097 ms.
2026-02-02 16:16:26,598|INFO|random_mc2_n5_mid3_d1000_05_mr098_r10_31_uai_GSCC_n200_roTrue_s0: [0.0901,0.1267]	 28 runs	 rmse=0.15584	 T_learn=6786 ms. 	 T_infer=607 ms.
2026-02-02 16:16:26,602|INFO|random_mc2_n6_mid3_d1000_05_mr098_r10_71_uai_GSCC_n200_roFalse_s0: Saving results to ../results/synthetic/s123/random_mc2_n6_mid3_d1000_05_mr098_r10_71_uai_GSCC_n200_roFalse_s0.csv
2026-02-02 16:16:26,604|INFO|random_mc2_n5_mid3_d1000_05_mr098_r10_31_uai_GSCC_n200_roTrue_s0: Saving results to ../results/synthetic/s123/random_mc2_n5_mid3_d1000_05_mr098_r10_31_uai_GSCC_n200_roTrue_s0.csv
2026-02-02 16:16:26,687|INFO|random_mc2_n5_mid3_d1000_05_mr098_r10_169_uai_GSCC_n200_roTrue_s0: [0.1389,0.2233]	 32 runs	 rmse=0.27652	 T_learn=4664 ms. 	 T_infer=337 ms.
2026-02-02 16:16:26,693|INFO|random_mc2_n5_mid3_d1000_05_mr098_r10_169_uai_GSCC_n200_roTrue_s0: Saving results to ../results/synthetic/s123/random_mc2_n5_mid3_d1000_05_mr098_r10_169_uai_GSCC_n200_roTrue_s0.csv
2026-02-02 16:16:26,708|INFO|random_mc2_n6_mid3_d1000_05_mr098_r10_169_uai_GSCC_n200_roFalse_s0: [0.0093,0.0304]	 53 runs	 rmse=0.01343	 T_learn=13113 ms. 	 T_infer=1570 ms.
2026-02-02 16:16:26,713|INFO|random_mc2_n6_mid3_d1000_05_mr098_r10_169_uai_GSCC_n200_roFalse_s0: Saving results to ../results/synthetic/s123/random_mc2_n6_mid3_d1000_05_mr098_r10_169_uai_GSCC_n200_roFalse_s0.csv
2026-02-02 16:16:26,811|INFO|random_mc2_n5_mid3_d1000_05_mr098_r10_44_uai_GSCC_n200_roFalse_s0: [0.0156,0.0298]	 42 runs	 rmse=0.00196	 T_learn=11833 ms. 	 T_infer=2042 ms.
2026-02-02 16:16:26,816|INFO|random_mc2_n5_mid3_d1000_05_mr098_r10_44_uai_GSCC_n200_roFalse_s0: Saving results to ../results/synthetic/s123/random_mc2_n5_mid3_d1000_05_mr098_r10_44_uai_GSCC_n200_roFalse_s0.csv
2026-02-02 16:16:26,910|INFO|random_mc2_n9_mid3_d1000_05_mr098_r10_29_uai_GSCC_n200_roFalse_s0: Loading model from ../models/synthetic/s123/random_mc2_n9_mid3_d1000_05_mr098_r10_29.uai
2026-02-02 16:16:26,938|INFO|random_mc2_n7_mid3_d1000_05_mr098_r10_20_uai_GSCC_n200_roTrue_s0: Loading model from ../models/synthetic/s123/random_mc2_n7_mid3_d1000_05_mr098_r10_20.uai
2026-02-02 16:16:26,927|INFO|random_mc2_n9_mid3_d1000_05_mr098_r10_29_uai_GSCC_n200_roFalse_s0: Loading data from ../models/synthetic/s123/random_mc2_n9_mid3_d1000_05_mr098_r10_29.csv
2026-02-02 16:16:26,934|ERROR|random_mc2_n9_mid3_d1000_05_mr098_r10_29_uai_GSCC_n200_roFalse_s0: File exists, not rewriting.
2026-02-02 16:16:26,956|INFO|random_mc2_n5_mid3_d1000_05_mr098_r10_74_uai_GSCC_n200_roTrue_s0: Loading model from ../models/synthetic/s123/random_mc2_n5_mid3_d1000_05_mr098_r10_74.uai
2026-02-02 16:16:26,964|INFO|random_mc2_n9_mid3_d1000_05_mr098_r10_132_uai_GSCC_n200_roFalse_s0: Loading model from ../models/synthetic/s123/random_mc2_n9_mid3_d1000_05_mr098_r10_132.uai
2026-02-02 16:16:26,950|INFO|random_mc2_n7_mid3_d1000_05_mr098_r10_20_uai_GSCC_n200_roTrue_s0: Loading data from ../models/synthetic/s123/random_mc2_n7_mid3_d1000_05_mr098_r10_20.csv
2026-02-02 16:16:26,957|ERROR|random_mc2_n7_mid3_d1000_05_mr098_r10_20_uai_GSCC_n200_roTrue_s0: File exists, not rewriting.
2026-02-02 16:16:26,971|INFO|random_mc2_n5_mid3_d1000_05_mr098_r10_74_uai_GSCC_n200_roTrue_s0: Loading data from ../models/synthetic/s123/random_mc2_n5_mid3_d1000_05_mr098_r10_74.csv
2026-02-02 16:16:26,983|INFO|random_mc2_n5_mid3_d1000_05_mr098_r10_74_uai_GSCC_n200_roTrue_s0: PNS(V1,V3) exact: (0.242259660626, 0.50518708548)
2026-02-02 16:16:27,093|INFO|random_mc2_n5_mid3_d1000_05_mr098_r10_169_uai_GSCC_n200_roTrue_s0: [0.1389,0.2233]	 33 runs	 rmse=0.27652	 T_learn=4714 ms. 	 T_infer=350 ms.
2026-02-02 16:16:27,098|INFO|random_mc2_n5_mid3_d1000_05_mr098_r10_169_uai_GSCC_n200_roTrue_s0: Saving results to ../results/synthetic/s123/random_mc2_n5_mid3_d1000_05_mr098_r10_169_uai_GSCC_n200_roTrue_s0.csv
2026-02-02 16:16:27,193|INFO|random_mc2_n9_mid3_d1000_05_mr098_r10_132_uai_GSCC_n200_roFalse_s0: Loading data from ../models/synthetic/s123/random_mc2_n9_mid3_d1000_05_mr098_r10_132.csv
2026-02-02 16:16:27,201|ERROR|random_mc2_n9_mid3_d1000_05_mr098_r10_132_uai_GSCC_n200_roFalse_s0: File exists, not rewriting.
2026-02-02 16:16:27,327|INFO|random_mc2_n5_mid3_d1000_05_mr098_r10_31_uai_GSCC_n200_roTrue_s0: [0.0901,0.1267]	 29 runs	 rmse=0.15584	 T_learn=6881 ms. 	 T_infer=628 ms.
2026-02-02 16:16:27,332|INFO|random_mc2_n5_mid3_d1000_05_mr098_r10_31_uai_GSCC_n200_roTrue_s0: Saving results to ../results/synthetic/s123/random_mc2_n5_mid3_d1000_05_mr098_r10_31_uai_GSCC_n200_roTrue_s0.csv
2026-02-02 16:16:27,508|INFO|random_mc2_n5_mid3_d1000_05_mr098_r10_169_uai_GSCC_n200_roTrue_s0: [0.1389,0.2233]	 34 runs	 rmse=0.27652	 T_learn=4765 ms. 	 T_infer=359 ms.
2026-02-02 16:16:27,513|INFO|random_mc2_n5_mid3_d1000_05_mr098_r10_169_uai_GSCC_n200_roTrue_s0: Saving results to ../results/synthetic/s123/random_mc2_n5_mid3_d1000_05_mr098_r10_169_uai_GSCC_n200_roTrue_s0.csv
2026-02-02 16:16:27,572|INFO|random_mc2_n5_mid3_d1000_05_mr098_r10_102_uai_GSCC_n200_roTrue_s0: [0.3034,0.4056]	 45 runs	 rmse=0.08208	 T_learn=8795 ms. 	 T_infer=1124 ms.
2026-02-02 16:16:27,578|INFO|random_mc2_n5_mid3_d1000_05_mr098_r10_102_uai_GSCC_n200_roTrue_s0: Saving results to ../results/synthetic/s123/random_mc2_n5_mid3_d1000_05_mr098_r10_102_uai_GSCC_n200_roTrue_s0.csv
2026-02-02 16:16:27,643|INFO|random_mc2_n5_mid3_d1000_05_mr098_r10_141_uai_GSCC_n200_roTrue_s0: [0.1294,0.1946]	 46 runs	 rmse=0.13268	 T_learn=12696 ms. 	 T_infer=1878 ms.
2026-02-02 16:16:27,651|INFO|random_mc2_n5_mid3_d1000_05_mr098_r10_141_uai_GSCC_n200_roTrue_s0: Saving results to ../results/synthetic/s123/random_mc2_n5_mid3_d1000_05_mr098_r10_141_uai_GSCC_n200_roTrue_s0.csv
2026-02-02 16:16:27,796|INFO|random_mc2_n6_mid3_d1000_05_mr098_r10_72_uai_GSCC_n200_roTrue_s0: [0.0627,0.0863]	 41 runs	 rmse=0.05053	 T_learn=15340 ms. 	 T_infer=1960 ms.
2026-02-02 16:16:27,802|INFO|random_mc2_n6_mid3_d1000_05_mr098_r10_72_uai_GSCC_n200_roTrue_s0: Saving results to ../results/synthetic/s123/random_mc2_n6_mid3_d1000_05_mr098_r10_72_uai_GSCC_n200_roTrue_s0.csv
2026-02-02 16:16:27,936|INFO|random_mc2_n5_mid3_d1000_05_mr098_r10_169_uai_GSCC_n200_roTrue_s0: [0.1389,0.2233]	 35 runs	 rmse=0.27652	 T_learn=4816 ms. 	 T_infer=371 ms.
2026-02-02 16:16:27,943|INFO|random_mc2_n5_mid3_d1000_05_mr098_r10_169_uai_GSCC_n200_roTrue_s0: Saving results to ../results/synthetic/s123/random_mc2_n5_mid3_d1000_05_mr098_r10_169_uai_GSCC_n200_roTrue_s0.csv
2026-02-02 16:16:28,080|INFO|random_mc2_n5_mid3_d1000_05_mr098_r10_31_uai_GSCC_n200_roTrue_s0: [0.0901,0.1267]	 30 runs	 rmse=0.15584	 T_learn=6978 ms. 	 T_infer=652 ms.
2026-02-02 16:16:28,085|INFO|random_mc2_n5_mid3_d1000_05_mr098_r10_31_uai_GSCC_n200_roTrue_s0: Saving results to ../results/synthetic/s123/random_mc2_n5_mid3_d1000_05_mr098_r10_31_uai_GSCC_n200_roTrue_s0.csv
2026-02-02 16:16:28,265|INFO|random_mc2_n6_mid3_d1000_05_mr098_r10_28_uai_GSCC_n200_roFalse_s0: [0.4825,0.5473]	 36 runs	 rmse=0.12117	 T_learn=11504 ms. 	 T_infer=1829 ms.
2026-02-02 16:16:28,271|INFO|random_mc2_n6_mid3_d1000_05_mr098_r10_28_uai_GSCC_n200_roFalse_s0: Saving results to ../results/synthetic/s123/random_mc2_n6_mid3_d1000_05_mr098_r10_28_uai_GSCC_n200_roFalse_s0.csv
2026-02-02 16:16:28,306|INFO|random_mc2_n5_mid3_d1000_05_mr098_r10_181_uai_GSCC_n200_roFalse_s0: Loading model from ../models/synthetic/s123/random_mc2_n5_mid3_d1000_05_mr098_r10_181.uai
2026-02-02 16:16:28,308|INFO|random_mc2_n7_mid3_d1000_05_mr098_r10_154_uai_GSCC_n200_roTrue_s0: Loading model from ../models/synthetic/s123/random_mc2_n7_mid3_d1000_05_mr098_r10_154.uai
2026-02-02 16:16:28,325|INFO|random_mc2_n5_mid3_d1000_05_mr098_r10_181_uai_GSCC_n200_roFalse_s0: Loading data from ../models/synthetic/s123/random_mc2_n5_mid3_d1000_05_mr098_r10_181.csv
2026-02-02 16:16:28,331|ERROR|random_mc2_n5_mid3_d1000_05_mr098_r10_181_uai_GSCC_n200_roFalse_s0: File exists, not rewriting.
2026-02-02 16:16:28,319|INFO|random_mc2_n7_mid3_d1000_05_mr098_r10_154_uai_GSCC_n200_roTrue_s0: Loading data from ../models/synthetic/s123/random_mc2_n7_mid3_d1000_05_mr098_r10_154.csv
2026-02-02 16:16:28,328|ERROR|random_mc2_n7_mid3_d1000_05_mr098_r10_154_uai_GSCC_n200_roTrue_s0: File exists, not rewriting.
2026-02-02 16:16:28,376|INFO|random_mc2_n5_mid3_d1000_05_mr098_r10_169_uai_GSCC_n200_roTrue_s0: [0.1389,0.2233]	 36 runs	 rmse=0.27652	 T_learn=4870 ms. 	 T_infer=380 ms.
2026-02-02 16:16:28,381|INFO|random_mc2_n5_mid3_d1000_05_mr098_r10_169_uai_GSCC_n200_roTrue_s0: Saving results to ../results/synthetic/s123/random_mc2_n5_mid3_d1000_05_mr098_r10_169_uai_GSCC_n200_roTrue_s0.csv
2026-02-02 16:16:28,511|INFO|random_mc2_n6_mid3_d1000_05_mr098_r10_169_uai_GSCC_n200_roFalse_s0: [0.0093,0.0307]	 54 runs	 rmse=0.01320	 T_learn=13301 ms. 	 T_infer=1610 ms.
2026-02-02 16:16:28,516|INFO|random_mc2_n6_mid3_d1000_05_mr098_r10_169_uai_GSCC_n200_roFalse_s0: Saving results to ../results/synthetic/s123/random_mc2_n6_mid3_d1000_05_mr098_r10_169_uai_GSCC_n200_roFalse_s0.csv
2026-02-02 16:16:28,826|INFO|random_mc2_n5_mid3_d1000_05_mr098_r10_169_uai_GSCC_n200_roTrue_s0: [0.1389,0.2233]	 37 runs	 rmse=0.27652	 T_learn=4924 ms. 	 T_infer=391 ms.
2026-02-02 16:16:28,831|INFO|random_mc2_n5_mid3_d1000_05_mr098_r10_169_uai_GSCC_n200_roTrue_s0: Saving results to ../results/synthetic/s123/random_mc2_n5_mid3_d1000_05_mr098_r10_169_uai_GSCC_n200_roTrue_s0.csv
2026-02-02 16:16:28,848|INFO|random_mc2_n5_mid3_d1000_05_mr098_r10_102_uai_GSCC_n200_roTrue_s0: [0.3034,0.4056]	 46 runs	 rmse=0.08208	 T_learn=8920 ms. 	 T_infer=1145 ms.
2026-02-02 16:16:28,854|INFO|random_mc2_n5_mid3_d1000_05_mr098_r10_102_uai_GSCC_n200_roTrue_s0: Saving results to ../results/synthetic/s123/random_mc2_n5_mid3_d1000_05_mr098_r10_102_uai_GSCC_n200_roTrue_s0.csv
2026-02-02 16:16:28,862|INFO|random_mc2_n5_mid3_d1000_05_mr098_r10_31_uai_GSCC_n200_roTrue_s0: [0.0901,0.1267]	 31 runs	 rmse=0.15584	 T_learn=7080 ms. 	 T_infer=674 ms.
2026-02-02 16:16:28,867|INFO|random_mc2_n5_mid3_d1000_05_mr098_r10_31_uai_GSCC_n200_roTrue_s0: Saving results to ../results/synthetic/s123/random_mc2_n5_mid3_d1000_05_mr098_r10_31_uai_GSCC_n200_roTrue_s0.csv
2026-02-02 16:16:28,891|INFO|random_mc2_n8_mid3_d1000_05_mr098_r10_169_uai_GSCC_n200_roFalse_s0: Loading model from ../models/synthetic/s123/random_mc2_n8_mid3_d1000_05_mr098_r10_169.uai
2026-02-02 16:16:28,943|INFO|random_mc2_n8_mid3_d1000_05_mr098_r10_169_uai_GSCC_n200_roFalse_s0: Loading data from ../models/synthetic/s123/random_mc2_n8_mid3_d1000_05_mr098_r10_169.csv
2026-02-02 16:16:28,949|ERROR|random_mc2_n8_mid3_d1000_05_mr098_r10_169_uai_GSCC_n200_roFalse_s0: File exists, not rewriting.
trainable: ['V0', 'V5', 'V6']
2026-02-02 16:16:29,065|INFO|random_mc2_n6_mid3_d1000_05_mr098_r10_71_uai_GSCC_n200_roFalse_s0: [0.5153,0.6112]	 40 runs	 rmse=0.01565	 T_learn=13919 ms. 	 T_infer=2156 ms.
2026-02-02 16:16:29,071|INFO|random_mc2_n6_mid3_d1000_05_mr098_r10_71_uai_GSCC_n200_roFalse_s0: Saving results to ../results/synthetic/s123/random_mc2_n6_mid3_d1000_05_mr098_r10_71_uai_GSCC_n200_roFalse_s0.csv
2026-02-02 16:16:29,105|INFO|random_mc2_n8_mid3_d1000_05_mr098_r10_116_uai_GSCC_n200_roFalse_s0: Loading model from ../models/synthetic/s123/random_mc2_n8_mid3_d1000_05_mr098_r10_116.uai
2026-02-02 16:16:29,115|INFO|random_mc2_n8_mid3_d1000_05_mr098_r10_121_uai_GSCC_n200_roFalse_s0: Loading model from ../models/synthetic/s123/random_mc2_n8_mid3_d1000_05_mr098_r10_121.uai
2026-02-02 16:16:29,130|INFO|random_mc2_n6_mid3_d1000_05_mr098_r10_158_uai_GSCC_n200_roFalse_s0: Loading model from ../models/synthetic/s123/random_mc2_n6_mid3_d1000_05_mr098_r10_158.uai
2026-02-02 16:16:29,135|INFO|random_mc2_n5_mid3_d1000_05_mr098_r10_137_uai_GSCC_n200_roFalse_s0: Loading model from ../models/synthetic/s123/random_mc2_n5_mid3_d1000_05_mr098_r10_137.uai
2026-02-02 16:16:29,134|INFO|random_mc2_n8_mid3_d1000_05_mr098_r10_116_uai_GSCC_n200_roFalse_s0: Loading data from ../models/synthetic/s123/random_mc2_n8_mid3_d1000_05_mr098_r10_116.csv
2026-02-02 16:16:29,140|INFO|random_mc2_n8_mid3_d1000_05_mr098_r10_121_uai_GSCC_n200_roFalse_s0: Loading data from ../models/synthetic/s123/random_mc2_n8_mid3_d1000_05_mr098_r10_121.csv
2026-02-02 16:16:29,166|ERROR|random_mc2_n8_mid3_d1000_05_mr098_r10_121_uai_GSCC_n200_roFalse_s0: File exists, not rewriting.
2026-02-02 16:16:29,168|ERROR|random_mc2_n8_mid3_d1000_05_mr098_r10_116_uai_GSCC_n200_roFalse_s0: File exists, not rewriting.
2026-02-02 16:16:29,146|INFO|random_mc2_n6_mid3_d1000_05_mr098_r10_158_uai_GSCC_n200_roFalse_s0: Loading data from ../models/synthetic/s123/random_mc2_n6_mid3_d1000_05_mr098_r10_158.csv
2026-02-02 16:16:29,157|INFO|random_mc2_n5_mid3_d1000_05_mr098_r10_137_uai_GSCC_n200_roFalse_s0: Loading data from ../models/synthetic/s123/random_mc2_n5_mid3_d1000_05_mr098_r10_137.csv
2026-02-02 16:16:29,182|INFO|random_mc2_n6_mid3_d1000_05_mr098_r10_158_uai_GSCC_n200_roFalse_s0: PNS(V3,V5) exact: (8.867665431e-05, 0.009532690396884)
2026-02-02 16:16:29,187|INFO|random_mc2_n5_mid3_d1000_05_mr098_r10_137_uai_GSCC_n200_roFalse_s0: PNS(V4,V3) exact: (0.3143626878, 0.4271408892000001)
2026-02-02 16:16:29,192|INFO|random_mc2_n5_mid3_d1000_05_mr098_r10_44_uai_GSCC_n200_roFalse_s0: [0.0156,0.0298]	 43 runs	 rmse=0.00196	 T_learn=12116 ms. 	 T_infer=2093 ms.
2026-02-02 16:16:29,203|INFO|random_mc2_n5_mid3_d1000_05_mr098_r10_44_uai_GSCC_n200_roFalse_s0: Saving results to ../results/synthetic/s123/random_mc2_n5_mid3_d1000_05_mr098_r10_44_uai_GSCC_n200_roFalse_s0.csv
2026-02-02 16:16:29,288|INFO|random_mc2_n5_mid3_d1000_05_mr098_r10_169_uai_GSCC_n200_roTrue_s0: [0.1389,0.2233]	 38 runs	 rmse=0.27652	 T_learn=4979 ms. 	 T_infer=402 ms.
2026-02-02 16:16:29,296|INFO|random_mc2_n5_mid3_d1000_05_mr098_r10_169_uai_GSCC_n200_roTrue_s0: Saving results to ../results/synthetic/s123/random_mc2_n5_mid3_d1000_05_mr098_r10_169_uai_GSCC_n200_roTrue_s0.csv
2026-02-02 16:16:29,665|INFO|random_mc2_n5_mid3_d1000_05_mr098_r10_31_uai_GSCC_n200_roTrue_s0: [0.0901,0.1267]	 32 runs	 rmse=0.15584	 T_learn=7183 ms. 	 T_infer=695 ms.
2026-02-02 16:16:29,671|INFO|random_mc2_n5_mid3_d1000_05_mr098_r10_31_uai_GSCC_n200_roTrue_s0: Saving results to ../results/synthetic/s123/random_mc2_n5_mid3_d1000_05_mr098_r10_31_uai_GSCC_n200_roTrue_s0.csv
2026-02-02 16:16:29,763|INFO|random_mc2_n5_mid3_d1000_05_mr098_r10_169_uai_GSCC_n200_roTrue_s0: [0.1389,0.2233]	 39 runs	 rmse=0.27652	 T_learn=5035 ms. 	 T_infer=411 ms.
2026-02-02 16:16:29,768|INFO|random_mc2_n5_mid3_d1000_05_mr098_r10_169_uai_GSCC_n200_roTrue_s0: Saving results to ../results/synthetic/s123/random_mc2_n5_mid3_d1000_05_mr098_r10_169_uai_GSCC_n200_roTrue_s0.csv
2026-02-02 16:16:29,970|INFO|random_mc2_n5_mid3_d1000_05_mr098_r10_141_uai_GSCC_n200_roTrue_s0: [0.1294,0.1946]	 47 runs	 rmse=0.13268	 T_learn=12952 ms. 	 T_infer=2063 ms.
2026-02-02 16:16:29,976|INFO|random_mc2_n5_mid3_d1000_05_mr098_r10_141_uai_GSCC_n200_roTrue_s0: Saving results to ../results/synthetic/s123/random_mc2_n5_mid3_d1000_05_mr098_r10_141_uai_GSCC_n200_roTrue_s0.csv
2026-02-02 16:16:30,127|INFO|random_mc2_n6_mid3_d1000_05_mr098_r10_72_uai_GSCC_n200_roTrue_s0: [0.0627,0.0863]	 42 runs	 rmse=0.05053	 T_learn=15634 ms. 	 T_infer=2032 ms.
2026-02-02 16:16:30,134|INFO|random_mc2_n6_mid3_d1000_05_mr098_r10_72_uai_GSCC_n200_roTrue_s0: Saving results to ../results/synthetic/s123/random_mc2_n6_mid3_d1000_05_mr098_r10_72_uai_GSCC_n200_roTrue_s0.csv
2026-02-02 16:16:30,137|INFO|random_mc2_n5_mid3_d1000_05_mr098_r10_102_uai_GSCC_n200_roTrue_s0: [0.3034,0.4056]	 47 runs	 rmse=0.08208	 T_learn=9045 ms. 	 T_infer=1158 ms.
2026-02-02 16:16:30,144|INFO|random_mc2_n5_mid3_d1000_05_mr098_r10_102_uai_GSCC_n200_roTrue_s0: Saving results to ../results/synthetic/s123/random_mc2_n5_mid3_d1000_05_mr098_r10_102_uai_GSCC_n200_roTrue_s0.csv
2026-02-02 16:16:30,244|INFO|random_mc2_n7_mid3_d1000_05_mr098_r10_69_uai_GSCC_n200_roFalse_s0: Loading model from ../models/synthetic/s123/random_mc2_n7_mid3_d1000_05_mr098_r10_69.uai
2026-02-02 16:16:30,249|INFO|random_mc2_n5_mid3_d1000_05_mr098_r10_169_uai_GSCC_n200_roTrue_s0: [0.1389,0.2233]	 40 runs	 rmse=0.27652	 T_learn=5092 ms. 	 T_infer=424 ms.
2026-02-02 16:16:30,254|INFO|random_mc2_n5_mid3_d1000_05_mr098_r10_169_uai_GSCC_n200_roTrue_s0: Saving results to ../results/synthetic/s123/random_mc2_n5_mid3_d1000_05_mr098_r10_169_uai_GSCC_n200_roTrue_s0.csv
2026-02-02 16:16:30,252|INFO|random_mc2_n7_mid3_d1000_05_mr098_r10_69_uai_GSCC_n200_roFalse_s0: Loading data from ../models/synthetic/s123/random_mc2_n7_mid3_d1000_05_mr098_r10_69.csv
2026-02-02 16:16:30,260|ERROR|random_mc2_n7_mid3_d1000_05_mr098_r10_69_uai_GSCC_n200_roFalse_s0: File exists, not rewriting.
2026-02-02 16:16:30,351|INFO|random_mc2_n6_mid3_d1000_05_mr098_r10_169_uai_GSCC_n200_roFalse_s0: [0.0093,0.0307]	 55 runs	 rmse=0.01320	 T_learn=13490 ms. 	 T_infer=1646 ms.
2026-02-02 16:16:30,357|INFO|random_mc2_n6_mid3_d1000_05_mr098_r10_169_uai_GSCC_n200_roFalse_s0: Saving results to ../results/synthetic/s123/random_mc2_n6_mid3_d1000_05_mr098_r10_169_uai_GSCC_n200_roFalse_s0.csv
2026-02-02 16:16:30,415|INFO|random_mc2_n6_mid3_d1000_05_mr098_r10_28_uai_GSCC_n200_roFalse_s0: [0.4825,0.5473]	 37 runs	 rmse=0.12117	 T_learn=11767 ms. 	 T_infer=1881 ms.
2026-02-02 16:16:30,422|INFO|random_mc2_n6_mid3_d1000_05_mr098_r10_28_uai_GSCC_n200_roFalse_s0: Saving results to ../results/synthetic/s123/random_mc2_n6_mid3_d1000_05_mr098_r10_28_uai_GSCC_n200_roFalse_s0.csv
2026-02-02 16:16:30,608|INFO|random_mc2_n8_mid3_d1000_05_mr098_r10_169_uai_GSCC_n200_roTrue_s0: Loading model from ../models/synthetic/s123/random_mc2_n8_mid3_d1000_05_mr098_r10_169.uai
2026-02-02 16:16:30,643|INFO|random_mc2_n5_mid3_d1000_05_mr098_r10_31_uai_GSCC_n200_roTrue_s0: [0.0901,0.1267]	 33 runs	 rmse=0.15584	 T_learn=7288 ms. 	 T_infer=866 ms.
2026-02-02 16:16:30,648|INFO|random_mc2_n5_mid3_d1000_05_mr098_r10_31_uai_GSCC_n200_roTrue_s0: Saving results to ../results/synthetic/s123/random_mc2_n5_mid3_d1000_05_mr098_r10_31_uai_GSCC_n200_roTrue_s0.csv
2026-02-02 16:16:30,655|INFO|random_mc2_n8_mid3_d1000_05_mr098_r10_169_uai_GSCC_n200_roTrue_s0: Loading data from ../models/synthetic/s123/random_mc2_n8_mid3_d1000_05_mr098_r10_169.csv
2026-02-02 16:16:30,662|ERROR|random_mc2_n8_mid3_d1000_05_mr098_r10_169_uai_GSCC_n200_roTrue_s0: File exists, not rewriting.
2026-02-02 16:16:30,744|INFO|random_mc2_n5_mid3_d1000_05_mr098_r10_169_uai_GSCC_n200_roTrue_s0: [0.1389,0.2233]	 41 runs	 rmse=0.27652	 T_learn=5150 ms. 	 T_infer=432 ms.
2026-02-02 16:16:30,750|INFO|random_mc2_n5_mid3_d1000_05_mr098_r10_169_uai_GSCC_n200_roTrue_s0: Saving results to ../results/synthetic/s123/random_mc2_n5_mid3_d1000_05_mr098_r10_169_uai_GSCC_n200_roTrue_s0.csv
trainable: ['V1', 'V0', 'V6']
trainable: ['V5', 'V6', 'V1']
2026-02-02 16:16:31,411|INFO|random_mc2_n5_mid3_d1000_05_mr098_r10_169_uai_GSCC_n200_roTrue_s0: [0.1389,0.2270]	 42 runs	 rmse=0.27291	 T_learn=5210 ms. 	 T_infer=602 ms.
2026-02-02 16:16:31,417|INFO|random_mc2_n5_mid3_d1000_05_mr098_r10_169_uai_GSCC_n200_roTrue_s0: Saving results to ../results/synthetic/s123/random_mc2_n5_mid3_d1000_05_mr098_r10_169_uai_GSCC_n200_roTrue_s0.csv
2026-02-02 16:16:31,451|INFO|random_mc2_n5_mid3_d1000_05_mr098_r10_102_uai_GSCC_n200_roTrue_s0: [0.3034,0.4056]	 48 runs	 rmse=0.08208	 T_learn=9171 ms. 	 T_infer=1181 ms.
2026-02-02 16:16:31,458|INFO|random_mc2_n5_mid3_d1000_05_mr098_r10_102_uai_GSCC_n200_roTrue_s0: Saving results to ../results/synthetic/s123/random_mc2_n5_mid3_d1000_05_mr098_r10_102_uai_GSCC_n200_roTrue_s0.csv
2026-02-02 16:16:31,494|INFO|random_mc2_n5_mid3_d1000_05_mr098_r10_31_uai_GSCC_n200_roTrue_s0: [0.0901,0.1267]	 34 runs	 rmse=0.15584	 T_learn=7397 ms. 	 T_infer=738 ms.
2026-02-02 16:16:31,499|INFO|random_mc2_n5_mid3_d1000_05_mr098_r10_31_uai_GSCC_n200_roTrue_s0: Saving results to ../results/synthetic/s123/random_mc2_n5_mid3_d1000_05_mr098_r10_31_uai_GSCC_n200_roTrue_s0.csv
2026-02-02 16:16:31,603|INFO|random_mc2_n6_mid3_d1000_05_mr098_r10_71_uai_GSCC_n200_roFalse_s0: [0.5153,0.6112]	 41 runs	 rmse=0.01565	 T_learn=14243 ms. 	 T_infer=2208 ms.
2026-02-02 16:16:31,609|INFO|random_mc2_n6_mid3_d1000_05_mr098_r10_71_uai_GSCC_n200_roFalse_s0: Saving results to ../results/synthetic/s123/random_mc2_n6_mid3_d1000_05_mr098_r10_71_uai_GSCC_n200_roFalse_s0.csv
2026-02-02 16:16:31,640|INFO|random_mc2_n5_mid3_d1000_05_mr098_r10_44_uai_GSCC_n200_roFalse_s0: [0.0156,0.0298]	 44 runs	 rmse=0.00196	 T_learn=12412 ms. 	 T_infer=2140 ms.
2026-02-02 16:16:31,646|INFO|random_mc2_n5_mid3_d1000_05_mr098_r10_44_uai_GSCC_n200_roFalse_s0: Saving results to ../results/synthetic/s123/random_mc2_n5_mid3_d1000_05_mr098_r10_44_uai_GSCC_n200_roFalse_s0.csv
2026-02-02 16:16:31,931|INFO|random_mc2_n5_mid3_d1000_05_mr098_r10_169_uai_GSCC_n200_roTrue_s0: [0.1389,0.2389]	 43 runs	 rmse=0.26097	 T_learn=5271 ms. 	 T_infer=453 ms.
2026-02-02 16:16:31,938|INFO|random_mc2_n5_mid3_d1000_05_mr098_r10_169_uai_GSCC_n200_roTrue_s0: Saving results to ../results/synthetic/s123/random_mc2_n5_mid3_d1000_05_mr098_r10_169_uai_GSCC_n200_roTrue_s0.csv
2026-02-02 16:16:32,217|INFO|random_mc2_n5_mid3_d1000_05_mr098_r10_141_uai_GSCC_n200_roTrue_s0: [0.1244,0.1946]	 48 runs	 rmse=0.12788	 T_learn=13214 ms. 	 T_infer=1979 ms.
2026-02-02 16:16:32,219|INFO|random_mc2_n6_mid3_d1000_05_mr098_r10_169_uai_GSCC_n200_roFalse_s0: [0.0093,0.0307]	 56 runs	 rmse=0.01320	 T_learn=13683 ms. 	 T_infer=1668 ms.
2026-02-02 16:16:32,223|INFO|random_mc2_n5_mid3_d1000_05_mr098_r10_141_uai_GSCC_n200_roTrue_s0: Saving results to ../results/synthetic/s123/random_mc2_n5_mid3_d1000_05_mr098_r10_141_uai_GSCC_n200_roTrue_s0.csv
2026-02-02 16:16:32,224|INFO|random_mc2_n6_mid3_d1000_05_mr098_r10_169_uai_GSCC_n200_roFalse_s0: Saving results to ../results/synthetic/s123/random_mc2_n6_mid3_d1000_05_mr098_r10_169_uai_GSCC_n200_roFalse_s0.csv
2026-02-02 16:16:32,369|INFO|random_mc2_n5_mid3_d1000_05_mr098_r10_31_uai_GSCC_n200_roTrue_s0: [0.0901,0.1267]	 35 runs	 rmse=0.15584	 T_learn=7507 ms. 	 T_infer=760 ms.
2026-02-02 16:16:32,374|INFO|random_mc2_n5_mid3_d1000_05_mr098_r10_31_uai_GSCC_n200_roTrue_s0: Saving results to ../results/synthetic/s123/random_mc2_n5_mid3_d1000_05_mr098_r10_31_uai_GSCC_n200_roTrue_s0.csv
2026-02-02 16:16:32,466|INFO|random_mc2_n5_mid3_d1000_05_mr098_r10_169_uai_GSCC_n200_roTrue_s0: [0.1389,0.2506]	 44 runs	 rmse=0.24940	 T_learn=5332 ms. 	 T_infer=466 ms.
2026-02-02 16:16:32,471|INFO|random_mc2_n5_mid3_d1000_05_mr098_r10_169_uai_GSCC_n200_roTrue_s0: Saving results to ../results/synthetic/s123/random_mc2_n5_mid3_d1000_05_mr098_r10_169_uai_GSCC_n200_roTrue_s0.csv
2026-02-02 16:16:32,489|INFO|random_mc2_n6_mid3_d1000_05_mr098_r10_72_uai_GSCC_n200_roTrue_s0: [0.0627,0.0891]	 43 runs	 rmse=0.04989	 T_learn=15932 ms. 	 T_infer=2057 ms.
2026-02-02 16:16:32,494|INFO|random_mc2_n6_mid3_d1000_05_mr098_r10_72_uai_GSCC_n200_roTrue_s0: Saving results to ../results/synthetic/s123/random_mc2_n6_mid3_d1000_05_mr098_r10_72_uai_GSCC_n200_roTrue_s0.csv
2026-02-02 16:16:32,627|INFO|random_mc2_n6_mid3_d1000_05_mr098_r10_28_uai_GSCC_n200_roFalse_s0: [0.4825,0.5473]	 38 runs	 rmse=0.12117	 T_learn=12038 ms. 	 T_infer=1934 ms.
2026-02-02 16:16:32,632|INFO|random_mc2_n6_mid3_d1000_05_mr098_r10_28_uai_GSCC_n200_roFalse_s0: Saving results to ../results/synthetic/s123/random_mc2_n6_mid3_d1000_05_mr098_r10_28_uai_GSCC_n200_roFalse_s0.csv
2026-02-02 16:16:32,801|INFO|random_mc2_n5_mid3_d1000_05_mr098_r10_102_uai_GSCC_n200_roTrue_s0: [0.3034,0.4056]	 49 runs	 rmse=0.08208	 T_learn=9303 ms. 	 T_infer=1210 ms.
2026-02-02 16:16:32,807|INFO|random_mc2_n5_mid3_d1000_05_mr098_r10_102_uai_GSCC_n200_roTrue_s0: Saving results to ../results/synthetic/s123/random_mc2_n5_mid3_d1000_05_mr098_r10_102_uai_GSCC_n200_roTrue_s0.csv
2026-02-02 16:16:33,008|INFO|random_mc2_n5_mid3_d1000_05_mr098_r10_169_uai_GSCC_n200_roTrue_s0: [0.1389,0.2506]	 45 runs	 rmse=0.24940	 T_learn=5395 ms. 	 T_infer=474 ms.
2026-02-02 16:16:33,014|INFO|random_mc2_n5_mid3_d1000_05_mr098_r10_169_uai_GSCC_n200_roTrue_s0: Saving results to ../results/synthetic/s123/random_mc2_n5_mid3_d1000_05_mr098_r10_169_uai_GSCC_n200_roTrue_s0.csv
2026-02-02 16:16:33,311|INFO|random_mc2_n5_mid3_d1000_05_mr098_r10_31_uai_GSCC_n200_roTrue_s0: [0.0901,0.1267]	 36 runs	 rmse=0.15584	 T_learn=7619 ms. 	 T_infer=824 ms.
2026-02-02 16:16:33,316|INFO|random_mc2_n5_mid3_d1000_05_mr098_r10_31_uai_GSCC_n200_roTrue_s0: Saving results to ../results/synthetic/s123/random_mc2_n5_mid3_d1000_05_mr098_r10_31_uai_GSCC_n200_roTrue_s0.csv
2026-02-02 16:16:33,564|INFO|random_mc2_n5_mid3_d1000_05_mr098_r10_169_uai_GSCC_n200_roTrue_s0: [0.1389,0.2506]	 46 runs	 rmse=0.24940	 T_learn=5458 ms. 	 T_infer=486 ms.
2026-02-02 16:16:33,569|INFO|random_mc2_n5_mid3_d1000_05_mr098_r10_169_uai_GSCC_n200_roTrue_s0: Saving results to ../results/synthetic/s123/random_mc2_n5_mid3_d1000_05_mr098_r10_169_uai_GSCC_n200_roTrue_s0.csv
2026-02-02 16:16:34,067|INFO|random_mc2_n5_mid3_d1000_05_mr098_r10_74_uai_GSCC_n200_roTrue_s0: [0.3446,0.3446]	 1 runs	 rmse=0.19042	 T_learn=6999 ms. 	 T_infer=79 ms.
2026-02-02 16:16:34,078|INFO|random_mc2_n5_mid3_d1000_05_mr098_r10_74_uai_GSCC_n200_roTrue_s0: Saving results to ../results/synthetic/s123/random_mc2_n5_mid3_d1000_05_mr098_r10_74_uai_GSCC_n200_roTrue_s0.csv
2026-02-02 16:16:34,131|INFO|random_mc2_n5_mid3_d1000_05_mr098_r10_169_uai_GSCC_n200_roTrue_s0: [0.1389,0.2506]	 47 runs	 rmse=0.24940	 T_learn=5523 ms. 	 T_infer=498 ms.
2026-02-02 16:16:34,138|INFO|random_mc2_n5_mid3_d1000_05_mr098_r10_169_uai_GSCC_n200_roTrue_s0: Saving results to ../results/synthetic/s123/random_mc2_n5_mid3_d1000_05_mr098_r10_169_uai_GSCC_n200_roTrue_s0.csv
2026-02-02 16:16:34,141|INFO|random_mc2_n5_mid3_d1000_05_mr098_r10_44_uai_GSCC_n200_roFalse_s0: [0.0156,0.0298]	 45 runs	 rmse=0.00196	 T_learn=12707 ms. 	 T_infer=2200 ms.
2026-02-02 16:16:34,146|INFO|random_mc2_n5_mid3_d1000_05_mr098_r10_44_uai_GSCC_n200_roFalse_s0: Saving results to ../results/synthetic/s123/random_mc2_n5_mid3_d1000_05_mr098_r10_44_uai_GSCC_n200_roFalse_s0.csv
2026-02-02 16:16:34,169|INFO|random_mc2_n5_mid3_d1000_05_mr098_r10_102_uai_GSCC_n200_roTrue_s0: [0.3034,0.4056]	 50 runs	 rmse=0.08208	 T_learn=9434 ms. 	 T_infer=1232 ms.
2026-02-02 16:16:34,175|INFO|random_mc2_n5_mid3_d1000_05_mr098_r10_102_uai_GSCC_n200_roTrue_s0: Saving results to ../results/synthetic/s123/random_mc2_n5_mid3_d1000_05_mr098_r10_102_uai_GSCC_n200_roTrue_s0.csv
2026-02-02 16:16:34,192|INFO|random_mc2_n6_mid3_d1000_05_mr098_r10_71_uai_GSCC_n200_roFalse_s0: [0.5153,0.6112]	 42 runs	 rmse=0.01565	 T_learn=14564 ms. 	 T_infer=2261 ms.
2026-02-02 16:16:34,197|INFO|random_mc2_n6_mid3_d1000_05_mr098_r10_71_uai_GSCC_n200_roFalse_s0: Saving results to ../results/synthetic/s123/random_mc2_n6_mid3_d1000_05_mr098_r10_71_uai_GSCC_n200_roFalse_s0.csv
2026-02-02 16:16:34,239|INFO|random_mc2_n5_mid3_d1000_05_mr098_r10_31_uai_GSCC_n200_roTrue_s0: [0.0901,0.1267]	 37 runs	 rmse=0.15584	 T_learn=7734 ms. 	 T_infer=808 ms.
2026-02-02 16:16:34,245|INFO|random_mc2_n5_mid3_d1000_05_mr098_r10_31_uai_GSCC_n200_roTrue_s0: Saving results to ../results/synthetic/s123/random_mc2_n5_mid3_d1000_05_mr098_r10_31_uai_GSCC_n200_roTrue_s0.csv
2026-02-02 16:16:34,253|INFO|random_mc2_n6_mid3_d1000_05_mr098_r10_169_uai_GSCC_n200_roFalse_s0: [0.0093,0.0307]	 57 runs	 rmse=0.01320	 T_learn=13879 ms. 	 T_infer=1832 ms.
2026-02-02 16:16:34,259|INFO|random_mc2_n6_mid3_d1000_05_mr098_r10_169_uai_GSCC_n200_roFalse_s0: Saving results to ../results/synthetic/s123/random_mc2_n6_mid3_d1000_05_mr098_r10_169_uai_GSCC_n200_roFalse_s0.csv
2026-02-02 16:16:34,299|INFO|random_mc2_n5_mid3_d1000_05_mr098_r10_74_uai_GSCC_n200_roTrue_s0: [0.3231,0.3446]	 2 runs	 rmse=0.17976	 T_learn=7064 ms. 	 T_infer=156 ms.
2026-02-02 16:16:34,303|INFO|random_mc2_n5_mid3_d1000_05_mr098_r10_74_uai_GSCC_n200_roTrue_s0: Saving results to ../results/synthetic/s123/random_mc2_n5_mid3_d1000_05_mr098_r10_74_uai_GSCC_n200_roTrue_s0.csv
2026-02-02 16:16:34,500|INFO|random_mc2_n5_mid3_d1000_05_mr098_r10_141_uai_GSCC_n200_roTrue_s0: [0.1214,0.1946]	 49 runs	 rmse=0.12502	 T_learn=13482 ms. 	 T_infer=2009 ms.
2026-02-02 16:16:34,505|INFO|random_mc2_n5_mid3_d1000_05_mr098_r10_141_uai_GSCC_n200_roTrue_s0: Saving results to ../results/synthetic/s123/random_mc2_n5_mid3_d1000_05_mr098_r10_141_uai_GSCC_n200_roTrue_s0.csv
2026-02-02 16:16:34,570|INFO|random_mc2_n5_mid3_d1000_05_mr098_r10_137_uai_GSCC_n200_roFalse_s0: [0.3898,0.3898]	 1 runs	 rmse=0.08419	 T_learn=5344 ms. 	 T_infer=30 ms.
2026-02-02 16:16:34,579|INFO|random_mc2_n5_mid3_d1000_05_mr098_r10_137_uai_GSCC_n200_roFalse_s0: Saving results to ../results/synthetic/s123/random_mc2_n5_mid3_d1000_05_mr098_r10_137_uai_GSCC_n200_roFalse_s0.csv
2026-02-02 16:16:34,615|INFO|random_mc2_n5_mid3_d1000_05_mr098_r10_74_uai_GSCC_n200_roTrue_s0: [0.3231,0.3446]	 3 runs	 rmse=0.17976	 T_learn=7140 ms. 	 T_infer=236 ms.
2026-02-02 16:16:34,619|INFO|random_mc2_n5_mid3_d1000_05_mr098_r10_74_uai_GSCC_n200_roTrue_s0: Saving results to ../results/synthetic/s123/random_mc2_n5_mid3_d1000_05_mr098_r10_74_uai_GSCC_n200_roTrue_s0.csv
2026-02-02 16:16:34,676|INFO|random_mc2_n5_mid3_d1000_05_mr098_r10_137_uai_GSCC_n200_roFalse_s0: [0.3864,0.3898]	 2 runs	 rmse=0.08116	 T_learn=5380 ms. 	 T_infer=60 ms.
2026-02-02 16:16:34,680|INFO|random_mc2_n5_mid3_d1000_05_mr098_r10_137_uai_GSCC_n200_roFalse_s0: Saving results to ../results/synthetic/s123/random_mc2_n5_mid3_d1000_05_mr098_r10_137_uai_GSCC_n200_roFalse_s0.csv
2026-02-02 16:16:34,711|INFO|random_mc2_n5_mid3_d1000_05_mr098_r10_169_uai_GSCC_n200_roTrue_s0: [0.1389,0.2506]	 48 runs	 rmse=0.24940	 T_learn=5589 ms. 	 T_infer=508 ms.
2026-02-02 16:16:34,716|INFO|random_mc2_n5_mid3_d1000_05_mr098_r10_169_uai_GSCC_n200_roTrue_s0: Saving results to ../results/synthetic/s123/random_mc2_n5_mid3_d1000_05_mr098_r10_169_uai_GSCC_n200_roTrue_s0.csv
2026-02-02 16:16:34,807|INFO|random_mc2_n6_mid3_d1000_05_mr098_r10_158_uai_GSCC_n200_roFalse_s0: [0.0252,0.0252]	 1 runs	 rmse=0.02957	 T_learn=5589 ms. 	 T_infer=26 ms.
2026-02-02 16:16:34,811|INFO|random_mc2_n5_mid3_d1000_05_mr098_r10_137_uai_GSCC_n200_roFalse_s0: [0.3861,0.3898]	 3 runs	 rmse=0.08082	 T_learn=5420 ms. 	 T_infer=90 ms.
2026-02-02 16:16:34,817|INFO|random_mc2_n5_mid3_d1000_05_mr098_r10_137_uai_GSCC_n200_roFalse_s0: Saving results to ../results/synthetic/s123/random_mc2_n5_mid3_d1000_05_mr098_r10_137_uai_GSCC_n200_roFalse_s0.csv
2026-02-02 16:16:34,818|INFO|random_mc2_n6_mid3_d1000_05_mr098_r10_158_uai_GSCC_n200_roFalse_s0: Saving results to ../results/synthetic/s123/random_mc2_n6_mid3_d1000_05_mr098_r10_158_uai_GSCC_n200_roFalse_s0.csv
2026-02-02 16:16:34,890|INFO|random_mc2_n6_mid3_d1000_05_mr098_r10_28_uai_GSCC_n200_roFalse_s0: [0.4825,0.5473]	 39 runs	 rmse=0.12117	 T_learn=12315 ms. 	 T_infer=1980 ms.
2026-02-02 16:16:34,896|INFO|random_mc2_n6_mid3_d1000_05_mr098_r10_28_uai_GSCC_n200_roFalse_s0: Saving results to ../results/synthetic/s123/random_mc2_n6_mid3_d1000_05_mr098_r10_28_uai_GSCC_n200_roFalse_s0.csv
2026-02-02 16:16:34,905|INFO|random_mc2_n6_mid3_d1000_05_mr098_r10_158_uai_GSCC_n200_roFalse_s0: [0.0241,0.0252]	 2 runs	 rmse=0.02869	 T_learn=5626 ms. 	 T_infer=51 ms.
2026-02-02 16:16:34,909|INFO|random_mc2_n6_mid3_d1000_05_mr098_r10_158_uai_GSCC_n200_roFalse_s0: Saving results to ../results/synthetic/s123/random_mc2_n6_mid3_d1000_05_mr098_r10_158_uai_GSCC_n200_roFalse_s0.csv
2026-02-02 16:16:34,909|INFO|random_mc2_n6_mid3_d1000_05_mr098_r10_72_uai_GSCC_n200_roTrue_s0: [0.0627,0.0903]	 44 runs	 rmse=0.04965	 T_learn=16235 ms. 	 T_infer=2112 ms.
2026-02-02 16:16:34,916|INFO|random_mc2_n6_mid3_d1000_05_mr098_r10_72_uai_GSCC_n200_roTrue_s0: Saving results to ../results/synthetic/s123/random_mc2_n6_mid3_d1000_05_mr098_r10_72_uai_GSCC_n200_roTrue_s0.csv
2026-02-02 16:16:34,981|INFO|random_mc2_n5_mid3_d1000_05_mr098_r10_137_uai_GSCC_n200_roFalse_s0: [0.3769,0.3898]	 4 runs	 rmse=0.07278	 T_learn=5464 ms. 	 T_infer=120 ms.
2026-02-02 16:16:34,985|INFO|random_mc2_n5_mid3_d1000_05_mr098_r10_137_uai_GSCC_n200_roFalse_s0: Saving results to ../results/synthetic/s123/random_mc2_n5_mid3_d1000_05_mr098_r10_137_uai_GSCC_n200_roFalse_s0.csv
2026-02-02 16:16:35,018|INFO|random_mc2_n5_mid3_d1000_05_mr098_r10_74_uai_GSCC_n200_roTrue_s0: [0.3432,0.3529]	 4 runs	 rmse=0.18269	 T_learn=7224 ms. 	 T_infer=314 ms.
2026-02-02 16:16:35,022|INFO|random_mc2_n5_mid3_d1000_05_mr098_r10_74_uai_GSCC_n200_roTrue_s0: Saving results to ../results/synthetic/s123/random_mc2_n5_mid3_d1000_05_mr098_r10_74_uai_GSCC_n200_roTrue_s0.csv
2026-02-02 16:16:35,023|INFO|random_mc2_n6_mid3_d1000_05_mr098_r10_158_uai_GSCC_n200_roFalse_s0: [0.0241,0.0252]	 3 runs	 rmse=0.02869	 T_learn=5664 ms. 	 T_infer=76 ms.
2026-02-02 16:16:35,027|INFO|random_mc2_n6_mid3_d1000_05_mr098_r10_158_uai_GSCC_n200_roFalse_s0: Saving results to ../results/synthetic/s123/random_mc2_n6_mid3_d1000_05_mr098_r10_158_uai_GSCC_n200_roFalse_s0.csv
2026-02-02 16:16:35,168|INFO|random_mc2_n6_mid3_d1000_05_mr098_r10_158_uai_GSCC_n200_roFalse_s0: [0.0241,0.0262]	 4 runs	 rmse=0.02928	 T_learn=5704 ms. 	 T_infer=101 ms.
2026-02-02 16:16:35,175|INFO|random_mc2_n6_mid3_d1000_05_mr098_r10_158_uai_GSCC_n200_roFalse_s0: Saving results to ../results/synthetic/s123/random_mc2_n6_mid3_d1000_05_mr098_r10_158_uai_GSCC_n200_roFalse_s0.csv
2026-02-02 16:16:35,181|INFO|random_mc2_n5_mid3_d1000_05_mr098_r10_137_uai_GSCC_n200_roFalse_s0: [0.3523,0.3898]	 5 runs	 rmse=0.05322	 T_learn=5511 ms. 	 T_infer=149 ms.
2026-02-02 16:16:35,187|INFO|random_mc2_n5_mid3_d1000_05_mr098_r10_137_uai_GSCC_n200_roFalse_s0: Saving results to ../results/synthetic/s123/random_mc2_n5_mid3_d1000_05_mr098_r10_137_uai_GSCC_n200_roFalse_s0.csv
2026-02-02 16:16:35,191|INFO|random_mc2_n5_mid3_d1000_05_mr098_r10_31_uai_GSCC_n200_roTrue_s0: [0.0901,0.1267]	 38 runs	 rmse=0.15584	 T_learn=7851 ms. 	 T_infer=828 ms.
2026-02-02 16:16:35,196|INFO|random_mc2_n5_mid3_d1000_05_mr098_r10_31_uai_GSCC_n200_roTrue_s0: Saving results to ../results/synthetic/s123/random_mc2_n5_mid3_d1000_05_mr098_r10_31_uai_GSCC_n200_roTrue_s0.csv
2026-02-02 16:16:35,302|INFO|random_mc2_n5_mid3_d1000_05_mr098_r10_169_uai_GSCC_n200_roTrue_s0: [0.1389,0.2506]	 49 runs	 rmse=0.24940	 T_learn=5656 ms. 	 T_infer=519 ms.
2026-02-02 16:16:35,309|INFO|random_mc2_n5_mid3_d1000_05_mr098_r10_169_uai_GSCC_n200_roTrue_s0: Saving results to ../results/synthetic/s123/random_mc2_n5_mid3_d1000_05_mr098_r10_169_uai_GSCC_n200_roTrue_s0.csv
2026-02-02 16:16:35,344|INFO|random_mc2_n6_mid3_d1000_05_mr098_r10_158_uai_GSCC_n200_roFalse_s0: [0.0241,0.0281]	 5 runs	 rmse=0.03040	 T_learn=5747 ms. 	 T_infer=126 ms.
2026-02-02 16:16:35,348|INFO|random_mc2_n6_mid3_d1000_05_mr098_r10_158_uai_GSCC_n200_roFalse_s0: Saving results to ../results/synthetic/s123/random_mc2_n6_mid3_d1000_05_mr098_r10_158_uai_GSCC_n200_roFalse_s0.csv
2026-02-02 16:16:35,418|INFO|random_mc2_n5_mid3_d1000_05_mr098_r10_137_uai_GSCC_n200_roFalse_s0: [0.3523,0.3898]	 6 runs	 rmse=0.05322	 T_learn=5561 ms. 	 T_infer=181 ms.
2026-02-02 16:16:35,423|INFO|random_mc2_n5_mid3_d1000_05_mr098_r10_137_uai_GSCC_n200_roFalse_s0: Saving results to ../results/synthetic/s123/random_mc2_n5_mid3_d1000_05_mr098_r10_137_uai_GSCC_n200_roFalse_s0.csv
2026-02-02 16:16:35,506|INFO|random_mc2_n5_mid3_d1000_05_mr098_r10_74_uai_GSCC_n200_roTrue_s0: [0.3432,0.3583]	 5 runs	 rmse=0.17820	 T_learn=7318 ms. 	 T_infer=390 ms.
2026-02-02 16:16:35,510|INFO|random_mc2_n5_mid3_d1000_05_mr098_r10_74_uai_GSCC_n200_roTrue_s0: Saving results to ../results/synthetic/s123/random_mc2_n5_mid3_d1000_05_mr098_r10_74_uai_GSCC_n200_roTrue_s0.csv
2026-02-02 16:16:35,544|INFO|random_mc2_n6_mid3_d1000_05_mr098_r10_158_uai_GSCC_n200_roFalse_s0: [0.0241,0.0281]	 6 runs	 rmse=0.03040	 T_learn=5791 ms. 	 T_infer=151 ms.
2026-02-02 16:16:35,548|INFO|random_mc2_n6_mid3_d1000_05_mr098_r10_158_uai_GSCC_n200_roFalse_s0: Saving results to ../results/synthetic/s123/random_mc2_n6_mid3_d1000_05_mr098_r10_158_uai_GSCC_n200_roFalse_s0.csv
2026-02-02 16:16:35,561|INFO|random_mc2_n5_mid3_d1000_05_mr098_r10_102_uai_GSCC_n200_roTrue_s0: [0.3034,0.4056]	 51 runs	 rmse=0.08208	 T_learn=9565 ms. 	 T_infer=1254 ms.
2026-02-02 16:16:35,566|INFO|random_mc2_n5_mid3_d1000_05_mr098_r10_102_uai_GSCC_n200_roTrue_s0: Saving results to ../results/synthetic/s123/random_mc2_n5_mid3_d1000_05_mr098_r10_102_uai_GSCC_n200_roTrue_s0.csv
2026-02-02 16:16:35,687|INFO|random_mc2_n5_mid3_d1000_05_mr098_r10_137_uai_GSCC_n200_roFalse_s0: [0.3523,0.3898]	 7 runs	 rmse=0.05322	 T_learn=5615 ms. 	 T_infer=210 ms.
2026-02-02 16:16:35,691|INFO|random_mc2_n5_mid3_d1000_05_mr098_r10_137_uai_GSCC_n200_roFalse_s0: Saving results to ../results/synthetic/s123/random_mc2_n5_mid3_d1000_05_mr098_r10_137_uai_GSCC_n200_roFalse_s0.csv
2026-02-02 16:16:35,771|INFO|random_mc2_n6_mid3_d1000_05_mr098_r10_158_uai_GSCC_n200_roFalse_s0: [0.0241,0.0286]	 7 runs	 rmse=0.03070	 T_learn=5838 ms. 	 T_infer=176 ms.
2026-02-02 16:16:35,776|INFO|random_mc2_n6_mid3_d1000_05_mr098_r10_158_uai_GSCC_n200_roFalse_s0: Saving results to ../results/synthetic/s123/random_mc2_n6_mid3_d1000_05_mr098_r10_158_uai_GSCC_n200_roFalse_s0.csv
2026-02-02 16:16:35,903|INFO|random_mc2_n5_mid3_d1000_05_mr098_r10_169_uai_GSCC_n200_roTrue_s0: [0.1389,0.2506]	 50 runs	 rmse=0.24940	 T_learn=5724 ms. 	 T_infer=527 ms.
2026-02-02 16:16:35,909|INFO|random_mc2_n5_mid3_d1000_05_mr098_r10_169_uai_GSCC_n200_roTrue_s0: Saving results to ../results/synthetic/s123/random_mc2_n5_mid3_d1000_05_mr098_r10_169_uai_GSCC_n200_roTrue_s0.csv
2026-02-02 16:16:35,988|INFO|random_mc2_n5_mid3_d1000_05_mr098_r10_137_uai_GSCC_n200_roFalse_s0: [0.3523,0.3898]	 8 runs	 rmse=0.05322	 T_learn=5672 ms. 	 T_infer=239 ms.
2026-02-02 16:16:35,992|INFO|random_mc2_n5_mid3_d1000_05_mr098_r10_137_uai_GSCC_n200_roFalse_s0: Saving results to ../results/synthetic/s123/random_mc2_n5_mid3_d1000_05_mr098_r10_137_uai_GSCC_n200_roFalse_s0.csv
2026-02-02 16:16:36,027|INFO|random_mc2_n6_mid3_d1000_05_mr098_r10_158_uai_GSCC_n200_roFalse_s0: [0.0241,0.0286]	 8 runs	 rmse=0.03070	 T_learn=5887 ms. 	 T_infer=202 ms.
2026-02-02 16:16:36,032|INFO|random_mc2_n6_mid3_d1000_05_mr098_r10_158_uai_GSCC_n200_roFalse_s0: Saving results to ../results/synthetic/s123/random_mc2_n6_mid3_d1000_05_mr098_r10_158_uai_GSCC_n200_roFalse_s0.csv
2026-02-02 16:16:36,080|INFO|random_mc2_n5_mid3_d1000_05_mr098_r10_74_uai_GSCC_n200_roTrue_s0: [0.3432,0.3648]	 6 runs	 rmse=0.17293	 T_learn=7421 ms. 	 T_infer=467 ms.
2026-02-02 16:16:36,085|INFO|random_mc2_n5_mid3_d1000_05_mr098_r10_74_uai_GSCC_n200_roTrue_s0: Saving results to ../results/synthetic/s123/random_mc2_n5_mid3_d1000_05_mr098_r10_74_uai_GSCC_n200_roTrue_s0.csv
2026-02-02 16:16:36,161|INFO|random_mc2_n5_mid3_d1000_05_mr098_r10_31_uai_GSCC_n200_roTrue_s0: [0.0901,0.1267]	 39 runs	 rmse=0.15584	 T_learn=7970 ms. 	 T_infer=846 ms.
2026-02-02 16:16:36,166|INFO|random_mc2_n5_mid3_d1000_05_mr098_r10_31_uai_GSCC_n200_roTrue_s0: Saving results to ../results/synthetic/s123/random_mc2_n5_mid3_d1000_05_mr098_r10_31_uai_GSCC_n200_roTrue_s0.csv
2026-02-02 16:16:36,179|INFO|random_mc2_n6_mid3_d1000_05_mr098_r10_169_uai_GSCC_n200_roFalse_s0: [0.0093,0.0307]	 58 runs	 rmse=0.01320	 T_learn=14078 ms. 	 T_infer=1721 ms.
2026-02-02 16:16:36,186|INFO|random_mc2_n6_mid3_d1000_05_mr098_r10_169_uai_GSCC_n200_roFalse_s0: Saving results to ../results/synthetic/s123/random_mc2_n6_mid3_d1000_05_mr098_r10_169_uai_GSCC_n200_roFalse_s0.csv
2026-02-02 16:16:36,313|INFO|random_mc2_n6_mid3_d1000_05_mr098_r10_158_uai_GSCC_n200_roFalse_s0: [0.0241,0.0286]	 9 runs	 rmse=0.03070	 T_learn=5939 ms. 	 T_infer=229 ms.
2026-02-02 16:16:36,317|INFO|random_mc2_n6_mid3_d1000_05_mr098_r10_158_uai_GSCC_n200_roFalse_s0: Saving results to ../results/synthetic/s123/random_mc2_n6_mid3_d1000_05_mr098_r10_158_uai_GSCC_n200_roFalse_s0.csv
2026-02-02 16:16:36,322|INFO|random_mc2_n5_mid3_d1000_05_mr098_r10_137_uai_GSCC_n200_roFalse_s0: [0.3523,0.3898]	 9 runs	 rmse=0.05322	 T_learn=5733 ms. 	 T_infer=269 ms.
2026-02-02 16:16:36,327|INFO|random_mc2_n5_mid3_d1000_05_mr098_r10_137_uai_GSCC_n200_roFalse_s0: Saving results to ../results/synthetic/s123/random_mc2_n5_mid3_d1000_05_mr098_r10_137_uai_GSCC_n200_roFalse_s0.csv
2026-02-02 16:16:36,517|INFO|random_mc2_n5_mid3_d1000_05_mr098_r10_169_uai_GSCC_n200_roTrue_s0: [0.1389,0.2506]	 51 runs	 rmse=0.24940	 T_learn=5793 ms. 	 T_infer=539 ms.
2026-02-02 16:16:36,524|INFO|random_mc2_n5_mid3_d1000_05_mr098_r10_169_uai_GSCC_n200_roTrue_s0: Saving results to ../results/synthetic/s123/random_mc2_n5_mid3_d1000_05_mr098_r10_169_uai_GSCC_n200_roTrue_s0.csv
2026-02-02 16:16:36,623|INFO|random_mc2_n6_mid3_d1000_05_mr098_r10_158_uai_GSCC_n200_roFalse_s0: [0.0241,0.0286]	 10 runs	 rmse=0.03070	 T_learn=5993 ms. 	 T_infer=252 ms.
2026-02-02 16:16:36,628|INFO|random_mc2_n6_mid3_d1000_05_mr098_r10_158_uai_GSCC_n200_roFalse_s0: Saving results to ../results/synthetic/s123/random_mc2_n6_mid3_d1000_05_mr098_r10_158_uai_GSCC_n200_roFalse_s0.csv
2026-02-02 16:16:36,688|INFO|random_mc2_n5_mid3_d1000_05_mr098_r10_44_uai_GSCC_n200_roFalse_s0: [0.0156,0.0298]	 46 runs	 rmse=0.00196	 T_learn=13011 ms. 	 T_infer=2238 ms.
2026-02-02 16:16:36,691|INFO|random_mc2_n5_mid3_d1000_05_mr098_r10_137_uai_GSCC_n200_roFalse_s0: [0.3523,0.3898]	 10 runs	 rmse=0.05322	 T_learn=5797 ms. 	 T_infer=300 ms.
2026-02-02 16:16:36,693|INFO|random_mc2_n5_mid3_d1000_05_mr098_r10_44_uai_GSCC_n200_roFalse_s0: Saving results to ../results/synthetic/s123/random_mc2_n5_mid3_d1000_05_mr098_r10_44_uai_GSCC_n200_roFalse_s0.csv
2026-02-02 16:16:36,695|INFO|random_mc2_n5_mid3_d1000_05_mr098_r10_137_uai_GSCC_n200_roFalse_s0: Saving results to ../results/synthetic/s123/random_mc2_n5_mid3_d1000_05_mr098_r10_137_uai_GSCC_n200_roFalse_s0.csv
2026-02-02 16:16:36,750|INFO|random_mc2_n5_mid3_d1000_05_mr098_r10_74_uai_GSCC_n200_roTrue_s0: [0.3231,0.3798]	 7 runs	 rmse=0.14914	 T_learn=7536 ms. 	 T_infer=550 ms.
2026-02-02 16:16:36,755|INFO|random_mc2_n5_mid3_d1000_05_mr098_r10_74_uai_GSCC_n200_roTrue_s0: Saving results to ../results/synthetic/s123/random_mc2_n5_mid3_d1000_05_mr098_r10_74_uai_GSCC_n200_roTrue_s0.csv
2026-02-02 16:16:36,815|INFO|random_mc2_n5_mid3_d1000_05_mr098_r10_141_uai_GSCC_n200_roTrue_s0: [0.1098,0.1946]	 50 runs	 rmse=0.11401	 T_learn=13752 ms. 	 T_infer=2040 ms.
2026-02-02 16:16:36,820|INFO|random_mc2_n5_mid3_d1000_05_mr098_r10_141_uai_GSCC_n200_roTrue_s0: Saving results to ../results/synthetic/s123/random_mc2_n5_mid3_d1000_05_mr098_r10_141_uai_GSCC_n200_roTrue_s0.csv
2026-02-02 16:16:36,840|INFO|random_mc2_n6_mid3_d1000_05_mr098_r10_71_uai_GSCC_n200_roFalse_s0: [0.5153,0.6112]	 43 runs	 rmse=0.01565	 T_learn=14893 ms. 	 T_infer=2314 ms.
2026-02-02 16:16:36,846|INFO|random_mc2_n6_mid3_d1000_05_mr098_r10_71_uai_GSCC_n200_roFalse_s0: Saving results to ../results/synthetic/s123/random_mc2_n6_mid3_d1000_05_mr098_r10_71_uai_GSCC_n200_roFalse_s0.csv
2026-02-02 16:16:36,961|INFO|random_mc2_n6_mid3_d1000_05_mr098_r10_158_uai_GSCC_n200_roFalse_s0: [0.0241,0.0302]	 11 runs	 rmse=0.03172	 T_learn=6048 ms. 	 T_infer=278 ms.
2026-02-02 16:16:36,965|INFO|random_mc2_n6_mid3_d1000_05_mr098_r10_158_uai_GSCC_n200_roFalse_s0: Saving results to ../results/synthetic/s123/random_mc2_n6_mid3_d1000_05_mr098_r10_158_uai_GSCC_n200_roFalse_s0.csv
2026-02-02 16:16:37,092|INFO|random_mc2_n5_mid3_d1000_05_mr098_r10_137_uai_GSCC_n200_roFalse_s0: [0.3523,0.3898]	 11 runs	 rmse=0.05322	 T_learn=5864 ms. 	 T_infer=329 ms.
2026-02-02 16:16:37,094|INFO|random_mc2_n5_mid3_d1000_05_mr098_r10_102_uai_GSCC_n200_roTrue_s0: [0.3034,0.4056]	 52 runs	 rmse=0.08208	 T_learn=9697 ms. 	 T_infer=1395 ms.
2026-02-02 16:16:37,096|INFO|random_mc2_n5_mid3_d1000_05_mr098_r10_137_uai_GSCC_n200_roFalse_s0: Saving results to ../results/synthetic/s123/random_mc2_n5_mid3_d1000_05_mr098_r10_137_uai_GSCC_n200_roFalse_s0.csv
2026-02-02 16:16:37,099|INFO|random_mc2_n5_mid3_d1000_05_mr098_r10_102_uai_GSCC_n200_roTrue_s0: Saving results to ../results/synthetic/s123/random_mc2_n5_mid3_d1000_05_mr098_r10_102_uai_GSCC_n200_roTrue_s0.csv
2026-02-02 16:16:37,145|INFO|random_mc2_n5_mid3_d1000_05_mr098_r10_169_uai_GSCC_n200_roTrue_s0: [0.1389,0.2506]	 52 runs	 rmse=0.24940	 T_learn=5864 ms. 	 T_infer=551 ms.
2026-02-02 16:16:37,151|INFO|random_mc2_n5_mid3_d1000_05_mr098_r10_169_uai_GSCC_n200_roTrue_s0: Saving results to ../results/synthetic/s123/random_mc2_n5_mid3_d1000_05_mr098_r10_169_uai_GSCC_n200_roTrue_s0.csv
2026-02-02 16:16:37,153|INFO|random_mc2_n5_mid3_d1000_05_mr098_r10_31_uai_GSCC_n200_roTrue_s0: [0.0901,0.1267]	 40 runs	 rmse=0.15584	 T_learn=8090 ms. 	 T_infer=867 ms.
2026-02-02 16:16:37,158|INFO|random_mc2_n5_mid3_d1000_05_mr098_r10_31_uai_GSCC_n200_roTrue_s0: Saving results to ../results/synthetic/s123/random_mc2_n5_mid3_d1000_05_mr098_r10_31_uai_GSCC_n200_roTrue_s0.csv
2026-02-02 16:16:37,218|INFO|random_mc2_n6_mid3_d1000_05_mr098_r10_28_uai_GSCC_n200_roFalse_s0: [0.4825,0.5473]	 40 runs	 rmse=0.12117	 T_learn=12600 ms. 	 T_infer=2037 ms.
2026-02-02 16:16:37,225|INFO|random_mc2_n6_mid3_d1000_05_mr098_r10_28_uai_GSCC_n200_roFalse_s0: Saving results to ../results/synthetic/s123/random_mc2_n6_mid3_d1000_05_mr098_r10_28_uai_GSCC_n200_roFalse_s0.csv
2026-02-02 16:16:37,326|INFO|random_mc2_n6_mid3_d1000_05_mr098_r10_158_uai_GSCC_n200_roFalse_s0: [0.0241,0.0302]	 12 runs	 rmse=0.03172	 T_learn=6106 ms. 	 T_infer=303 ms.
2026-02-02 16:16:37,331|INFO|random_mc2_n6_mid3_d1000_05_mr098_r10_158_uai_GSCC_n200_roFalse_s0: Saving results to ../results/synthetic/s123/random_mc2_n6_mid3_d1000_05_mr098_r10_158_uai_GSCC_n200_roFalse_s0.csv
2026-02-02 16:16:37,378|INFO|random_mc2_n6_mid3_d1000_05_mr098_r10_72_uai_GSCC_n200_roTrue_s0: [0.0627,0.0891]	 45 runs	 rmse=0.04989	 T_learn=16543 ms. 	 T_infer=2153 ms.
2026-02-02 16:16:37,384|INFO|random_mc2_n6_mid3_d1000_05_mr098_r10_72_uai_GSCC_n200_roTrue_s0: Saving results to ../results/synthetic/s123/random_mc2_n6_mid3_d1000_05_mr098_r10_72_uai_GSCC_n200_roTrue_s0.csv
2026-02-02 16:16:37,500|INFO|random_mc2_n5_mid3_d1000_05_mr098_r10_74_uai_GSCC_n200_roTrue_s0: [0.3231,0.3798]	 8 runs	 rmse=0.14914	 T_learn=7657 ms. 	 T_infer=624 ms.
2026-02-02 16:16:37,504|INFO|random_mc2_n5_mid3_d1000_05_mr098_r10_74_uai_GSCC_n200_roTrue_s0: Saving results to ../results/synthetic/s123/random_mc2_n5_mid3_d1000_05_mr098_r10_74_uai_GSCC_n200_roTrue_s0.csv
2026-02-02 16:16:37,527|INFO|random_mc2_n5_mid3_d1000_05_mr098_r10_137_uai_GSCC_n200_roFalse_s0: [0.3523,0.3898]	 12 runs	 rmse=0.05322	 T_learn=5936 ms. 	 T_infer=360 ms.
2026-02-02 16:16:37,532|INFO|random_mc2_n5_mid3_d1000_05_mr098_r10_137_uai_GSCC_n200_roFalse_s0: Saving results to ../results/synthetic/s123/random_mc2_n5_mid3_d1000_05_mr098_r10_137_uai_GSCC_n200_roFalse_s0.csv
2026-02-02 16:16:37,720|INFO|random_mc2_n6_mid3_d1000_05_mr098_r10_158_uai_GSCC_n200_roFalse_s0: [0.0241,0.0302]	 13 runs	 rmse=0.03172	 T_learn=6166 ms. 	 T_infer=329 ms.
2026-02-02 16:16:37,725|INFO|random_mc2_n6_mid3_d1000_05_mr098_r10_158_uai_GSCC_n200_roFalse_s0: Saving results to ../results/synthetic/s123/random_mc2_n6_mid3_d1000_05_mr098_r10_158_uai_GSCC_n200_roFalse_s0.csv
2026-02-02 16:16:37,786|INFO|random_mc2_n5_mid3_d1000_05_mr098_r10_169_uai_GSCC_n200_roTrue_s0: [0.1389,0.2506]	 53 runs	 rmse=0.24940	 T_learn=5935 ms. 	 T_infer=564 ms.
2026-02-02 16:16:37,793|INFO|random_mc2_n5_mid3_d1000_05_mr098_r10_169_uai_GSCC_n200_roTrue_s0: Saving results to ../results/synthetic/s123/random_mc2_n5_mid3_d1000_05_mr098_r10_169_uai_GSCC_n200_roTrue_s0.csv
2026-02-02 16:16:37,997|INFO|random_mc2_n5_mid3_d1000_05_mr098_r10_137_uai_GSCC_n200_roFalse_s0: [0.3523,0.3898]	 13 runs	 rmse=0.05322	 T_learn=6011 ms. 	 T_infer=391 ms.
2026-02-02 16:16:38,002|INFO|random_mc2_n5_mid3_d1000_05_mr098_r10_137_uai_GSCC_n200_roFalse_s0: Saving results to ../results/synthetic/s123/random_mc2_n5_mid3_d1000_05_mr098_r10_137_uai_GSCC_n200_roFalse_s0.csv
2026-02-02 16:16:38,139|INFO|random_mc2_n6_mid3_d1000_05_mr098_r10_169_uai_GSCC_n200_roFalse_s0: [0.0093,0.0307]	 59 runs	 rmse=0.01320	 T_learn=14282 ms. 	 T_infer=1749 ms.
2026-02-02 16:16:38,142|INFO|random_mc2_n6_mid3_d1000_05_mr098_r10_158_uai_GSCC_n200_roFalse_s0: [0.0241,0.0302]	 14 runs	 rmse=0.03172	 T_learn=6228 ms. 	 T_infer=354 ms.
2026-02-02 16:16:38,148|INFO|random_mc2_n6_mid3_d1000_05_mr098_r10_169_uai_GSCC_n200_roFalse_s0: Saving results to ../results/synthetic/s123/random_mc2_n6_mid3_d1000_05_mr098_r10_169_uai_GSCC_n200_roFalse_s0.csv
2026-02-02 16:16:38,148|INFO|random_mc2_n6_mid3_d1000_05_mr098_r10_158_uai_GSCC_n200_roFalse_s0: Saving results to ../results/synthetic/s123/random_mc2_n6_mid3_d1000_05_mr098_r10_158_uai_GSCC_n200_roFalse_s0.csv
2026-02-02 16:16:38,172|INFO|random_mc2_n5_mid3_d1000_05_mr098_r10_31_uai_GSCC_n200_roTrue_s0: [0.0901,0.1267]	 41 runs	 rmse=0.15584	 T_learn=8212 ms. 	 T_infer=892 ms.
2026-02-02 16:16:38,178|INFO|random_mc2_n5_mid3_d1000_05_mr098_r10_31_uai_GSCC_n200_roTrue_s0: Saving results to ../results/synthetic/s123/random_mc2_n5_mid3_d1000_05_mr098_r10_31_uai_GSCC_n200_roTrue_s0.csv
2026-02-02 16:16:38,340|INFO|random_mc2_n5_mid3_d1000_05_mr098_r10_74_uai_GSCC_n200_roTrue_s0: [0.3231,0.3798]	 9 runs	 rmse=0.14914	 T_learn=7790 ms. 	 T_infer=703 ms.
2026-02-02 16:16:38,346|INFO|random_mc2_n5_mid3_d1000_05_mr098_r10_74_uai_GSCC_n200_roTrue_s0: Saving results to ../results/synthetic/s123/random_mc2_n5_mid3_d1000_05_mr098_r10_74_uai_GSCC_n200_roTrue_s0.csv
2026-02-02 16:16:38,437|INFO|random_mc2_n5_mid3_d1000_05_mr098_r10_169_uai_GSCC_n200_roTrue_s0: [0.1389,0.2506]	 54 runs	 rmse=0.24940	 T_learn=6008 ms. 	 T_infer=571 ms.
2026-02-02 16:16:38,442|INFO|random_mc2_n5_mid3_d1000_05_mr098_r10_169_uai_GSCC_n200_roTrue_s0: Saving results to ../results/synthetic/s123/random_mc2_n5_mid3_d1000_05_mr098_r10_169_uai_GSCC_n200_roTrue_s0.csv
2026-02-02 16:16:38,498|INFO|random_mc2_n5_mid3_d1000_05_mr098_r10_137_uai_GSCC_n200_roFalse_s0: [0.3523,0.3898]	 14 runs	 rmse=0.05322	 T_learn=6088 ms. 	 T_infer=419 ms.
2026-02-02 16:16:38,502|INFO|random_mc2_n5_mid3_d1000_05_mr098_r10_137_uai_GSCC_n200_roFalse_s0: Saving results to ../results/synthetic/s123/random_mc2_n5_mid3_d1000_05_mr098_r10_137_uai_GSCC_n200_roFalse_s0.csv
2026-02-02 16:16:38,542|INFO|random_mc2_n5_mid3_d1000_05_mr098_r10_102_uai_GSCC_n200_roTrue_s0: [0.3034,0.4056]	 53 runs	 rmse=0.08208	 T_learn=9833 ms. 	 T_infer=1307 ms.
2026-02-02 16:16:38,548|INFO|random_mc2_n5_mid3_d1000_05_mr098_r10_102_uai_GSCC_n200_roTrue_s0: Saving results to ../results/synthetic/s123/random_mc2_n5_mid3_d1000_05_mr098_r10_102_uai_GSCC_n200_roTrue_s0.csv
2026-02-02 16:16:38,592|INFO|random_mc2_n6_mid3_d1000_05_mr098_r10_158_uai_GSCC_n200_roFalse_s0: [0.0241,0.0302]	 15 runs	 rmse=0.03172	 T_learn=6294 ms. 	 T_infer=378 ms.
2026-02-02 16:16:38,596|INFO|random_mc2_n6_mid3_d1000_05_mr098_r10_158_uai_GSCC_n200_roFalse_s0: Saving results to ../results/synthetic/s123/random_mc2_n6_mid3_d1000_05_mr098_r10_158_uai_GSCC_n200_roFalse_s0.csv
2026-02-02 16:16:39,037|INFO|random_mc2_n5_mid3_d1000_05_mr098_r10_137_uai_GSCC_n200_roFalse_s0: [0.3523,0.3898]	 15 runs	 rmse=0.05322	 T_learn=6169 ms. 	 T_infer=454 ms.
2026-02-02 16:16:39,043|INFO|random_mc2_n5_mid3_d1000_05_mr098_r10_137_uai_GSCC_n200_roFalse_s0: Saving results to ../results/synthetic/s123/random_mc2_n5_mid3_d1000_05_mr098_r10_137_uai_GSCC_n200_roFalse_s0.csv
2026-02-02 16:16:39,072|INFO|random_mc2_n6_mid3_d1000_05_mr098_r10_158_uai_GSCC_n200_roFalse_s0: [0.0241,0.0302]	 16 runs	 rmse=0.03172	 T_learn=6361 ms. 	 T_infer=408 ms.
2026-02-02 16:16:39,077|INFO|random_mc2_n6_mid3_d1000_05_mr098_r10_158_uai_GSCC_n200_roFalse_s0: Saving results to ../results/synthetic/s123/random_mc2_n6_mid3_d1000_05_mr098_r10_158_uai_GSCC_n200_roFalse_s0.csv
2026-02-02 16:16:39,096|INFO|random_mc2_n5_mid3_d1000_05_mr098_r10_169_uai_GSCC_n200_roTrue_s0: [0.1389,0.2506]	 55 runs	 rmse=0.24940	 T_learn=6082 ms. 	 T_infer=580 ms.
2026-02-02 16:16:39,103|INFO|random_mc2_n5_mid3_d1000_05_mr098_r10_169_uai_GSCC_n200_roTrue_s0: Saving results to ../results/synthetic/s123/random_mc2_n5_mid3_d1000_05_mr098_r10_169_uai_GSCC_n200_roTrue_s0.csv
2026-02-02 16:16:39,178|INFO|random_mc2_n5_mid3_d1000_05_mr098_r10_141_uai_GSCC_n200_roTrue_s0: [0.1098,0.1946]	 51 runs	 rmse=0.11401	 T_learn=14028 ms. 	 T_infer=2082 ms.
2026-02-02 16:16:39,183|INFO|random_mc2_n5_mid3_d1000_05_mr098_r10_141_uai_GSCC_n200_roTrue_s0: Saving results to ../results/synthetic/s123/random_mc2_n5_mid3_d1000_05_mr098_r10_141_uai_GSCC_n200_roTrue_s0.csv
2026-02-02 16:16:39,213|INFO|random_mc2_n5_mid3_d1000_05_mr098_r10_31_uai_GSCC_n200_roTrue_s0: [0.0901,0.1267]	 42 runs	 rmse=0.15584	 T_learn=8336 ms. 	 T_infer=911 ms.
2026-02-02 16:16:39,218|INFO|random_mc2_n5_mid3_d1000_05_mr098_r10_31_uai_GSCC_n200_roTrue_s0: Saving results to ../results/synthetic/s123/random_mc2_n5_mid3_d1000_05_mr098_r10_31_uai_GSCC_n200_roTrue_s0.csv
2026-02-02 16:16:39,266|INFO|random_mc2_n5_mid3_d1000_05_mr098_r10_74_uai_GSCC_n200_roTrue_s0: [0.3231,0.3798]	 10 runs	 rmse=0.14914	 T_learn=7930 ms. 	 T_infer=780 ms.
2026-02-02 16:16:39,270|INFO|random_mc2_n5_mid3_d1000_05_mr098_r10_74_uai_GSCC_n200_roTrue_s0: Saving results to ../results/synthetic/s123/random_mc2_n5_mid3_d1000_05_mr098_r10_74_uai_GSCC_n200_roTrue_s0.csv
2026-02-02 16:16:39,281|INFO|random_mc2_n5_mid3_d1000_05_mr098_r10_44_uai_GSCC_n200_roFalse_s0: [0.0156,0.0298]	 47 runs	 rmse=0.00196	 T_learn=13316 ms. 	 T_infer=2282 ms.
2026-02-02 16:16:39,286|INFO|random_mc2_n5_mid3_d1000_05_mr098_r10_44_uai_GSCC_n200_roFalse_s0: Saving results to ../results/synthetic/s123/random_mc2_n5_mid3_d1000_05_mr098_r10_44_uai_GSCC_n200_roFalse_s0.csv
2026-02-02 16:16:39,553|INFO|random_mc2_n6_mid3_d1000_05_mr098_r10_71_uai_GSCC_n200_roFalse_s0: [0.5153,0.6112]	 44 runs	 rmse=0.01565	 T_learn=15229 ms. 	 T_infer=2370 ms.
2026-02-02 16:16:39,559|INFO|random_mc2_n6_mid3_d1000_05_mr098_r10_71_uai_GSCC_n200_roFalse_s0: Saving results to ../results/synthetic/s123/random_mc2_n6_mid3_d1000_05_mr098_r10_71_uai_GSCC_n200_roFalse_s0.csv
2026-02-02 16:16:39,578|INFO|random_mc2_n6_mid3_d1000_05_mr098_r10_158_uai_GSCC_n200_roFalse_s0: [0.0241,0.0302]	 17 runs	 rmse=0.03172	 T_learn=6431 ms. 	 T_infer=431 ms.
2026-02-02 16:16:39,582|INFO|random_mc2_n6_mid3_d1000_05_mr098_r10_158_uai_GSCC_n200_roFalse_s0: Saving results to ../results/synthetic/s123/random_mc2_n6_mid3_d1000_05_mr098_r10_158_uai_GSCC_n200_roFalse_s0.csv
2026-02-02 16:16:39,601|INFO|random_mc2_n6_mid3_d1000_05_mr098_r10_28_uai_GSCC_n200_roFalse_s0: [0.4825,0.5473]	 41 runs	 rmse=0.12117	 T_learn=12890 ms. 	 T_infer=2086 ms.
2026-02-02 16:16:39,606|INFO|random_mc2_n6_mid3_d1000_05_mr098_r10_28_uai_GSCC_n200_roFalse_s0: Saving results to ../results/synthetic/s123/random_mc2_n6_mid3_d1000_05_mr098_r10_28_uai_GSCC_n200_roFalse_s0.csv
2026-02-02 16:16:39,609|INFO|random_mc2_n5_mid3_d1000_05_mr098_r10_137_uai_GSCC_n200_roFalse_s0: [0.3523,0.4020]	 16 runs	 rmse=0.04555	 T_learn=6256 ms. 	 T_infer=480 ms.
2026-02-02 16:16:39,614|INFO|random_mc2_n5_mid3_d1000_05_mr098_r10_137_uai_GSCC_n200_roFalse_s0: Saving results to ../results/synthetic/s123/random_mc2_n5_mid3_d1000_05_mr098_r10_137_uai_GSCC_n200_roFalse_s0.csv
2026-02-02 16:16:39,902|INFO|random_mc2_n6_mid3_d1000_05_mr098_r10_72_uai_GSCC_n200_roTrue_s0: [0.0627,0.0891]	 46 runs	 rmse=0.04989	 T_learn=16857 ms. 	 T_infer=2204 ms.
2026-02-02 16:16:39,907|INFO|random_mc2_n6_mid3_d1000_05_mr098_r10_72_uai_GSCC_n200_roTrue_s0: Saving results to ../results/synthetic/s123/random_mc2_n6_mid3_d1000_05_mr098_r10_72_uai_GSCC_n200_roTrue_s0.csv
2026-02-02 16:16:39,931|INFO|random_mc2_n5_mid3_d1000_05_mr098_r10_169_uai_GSCC_n200_roTrue_s0: [0.1389,0.2506]	 56 runs	 rmse=0.24940	 T_learn=6156 ms. 	 T_infer=753 ms.
2026-02-02 16:16:39,938|INFO|random_mc2_n5_mid3_d1000_05_mr098_r10_169_uai_GSCC_n200_roTrue_s0: Saving results to ../results/synthetic/s123/random_mc2_n5_mid3_d1000_05_mr098_r10_169_uai_GSCC_n200_roTrue_s0.csv
2026-02-02 16:16:40,014|INFO|random_mc2_n5_mid3_d1000_05_mr098_r10_102_uai_GSCC_n200_roTrue_s0: [0.3034,0.4056]	 54 runs	 rmse=0.08208	 T_learn=9972 ms. 	 T_infer=1327 ms.
2026-02-02 16:16:40,019|INFO|random_mc2_n5_mid3_d1000_05_mr098_r10_102_uai_GSCC_n200_roTrue_s0: Saving results to ../results/synthetic/s123/random_mc2_n5_mid3_d1000_05_mr098_r10_102_uai_GSCC_n200_roTrue_s0.csv
2026-02-02 16:16:40,108|INFO|random_mc2_n6_mid3_d1000_05_mr098_r10_158_uai_GSCC_n200_roFalse_s0: [0.0241,0.0302]	 18 runs	 rmse=0.03172	 T_learn=6502 ms. 	 T_infer=454 ms.
2026-02-02 16:16:40,114|INFO|random_mc2_n6_mid3_d1000_05_mr098_r10_158_uai_GSCC_n200_roFalse_s0: Saving results to ../results/synthetic/s123/random_mc2_n6_mid3_d1000_05_mr098_r10_158_uai_GSCC_n200_roFalse_s0.csv
2026-02-02 16:16:40,138|INFO|random_mc2_n6_mid3_d1000_05_mr098_r10_169_uai_GSCC_n200_roFalse_s0: [0.0093,0.0307]	 60 runs	 rmse=0.01320	 T_learn=14487 ms. 	 T_infer=1785 ms.
2026-02-02 16:16:40,144|INFO|random_mc2_n6_mid3_d1000_05_mr098_r10_169_uai_GSCC_n200_roFalse_s0: Saving results to ../results/synthetic/s123/random_mc2_n6_mid3_d1000_05_mr098_r10_169_uai_GSCC_n200_roFalse_s0.csv
2026-02-02 16:16:40,211|INFO|random_mc2_n5_mid3_d1000_05_mr098_r10_137_uai_GSCC_n200_roFalse_s0: [0.3523,0.4020]	 17 runs	 rmse=0.04555	 T_learn=6344 ms. 	 T_infer=508 ms.
2026-02-02 16:16:40,216|INFO|random_mc2_n5_mid3_d1000_05_mr098_r10_137_uai_GSCC_n200_roFalse_s0: Saving results to ../results/synthetic/s123/random_mc2_n5_mid3_d1000_05_mr098_r10_137_uai_GSCC_n200_roFalse_s0.csv
2026-02-02 16:16:40,277|INFO|random_mc2_n5_mid3_d1000_05_mr098_r10_31_uai_GSCC_n200_roTrue_s0: [0.0901,0.1267]	 43 runs	 rmse=0.15584	 T_learn=8464 ms. 	 T_infer=931 ms.
2026-02-02 16:16:40,282|INFO|random_mc2_n5_mid3_d1000_05_mr098_r10_31_uai_GSCC_n200_roTrue_s0: Saving results to ../results/synthetic/s123/random_mc2_n5_mid3_d1000_05_mr098_r10_31_uai_GSCC_n200_roTrue_s0.csv
2026-02-02 16:16:40,282|INFO|random_mc2_n5_mid3_d1000_05_mr098_r10_74_uai_GSCC_n200_roTrue_s0: [0.3231,0.3798]	 11 runs	 rmse=0.14914	 T_learn=8080 ms. 	 T_infer=862 ms.
2026-02-02 16:16:40,287|INFO|random_mc2_n5_mid3_d1000_05_mr098_r10_74_uai_GSCC_n200_roTrue_s0: Saving results to ../results/synthetic/s123/random_mc2_n5_mid3_d1000_05_mr098_r10_74_uai_GSCC_n200_roTrue_s0.csv
2026-02-02 16:16:40,617|INFO|random_mc2_n5_mid3_d1000_05_mr098_r10_169_uai_GSCC_n200_roTrue_s0: [0.1389,0.2506]	 57 runs	 rmse=0.24940	 T_learn=6232 ms. 	 T_infer=603 ms.
2026-02-02 16:16:40,623|INFO|random_mc2_n5_mid3_d1000_05_mr098_r10_169_uai_GSCC_n200_roTrue_s0: Saving results to ../results/synthetic/s123/random_mc2_n5_mid3_d1000_05_mr098_r10_169_uai_GSCC_n200_roTrue_s0.csv
2026-02-02 16:16:40,667|INFO|random_mc2_n6_mid3_d1000_05_mr098_r10_158_uai_GSCC_n200_roFalse_s0: [0.0241,0.0302]	 19 runs	 rmse=0.03172	 T_learn=6575 ms. 	 T_infer=479 ms.
2026-02-02 16:16:40,673|INFO|random_mc2_n6_mid3_d1000_05_mr098_r10_158_uai_GSCC_n200_roFalse_s0: Saving results to ../results/synthetic/s123/random_mc2_n6_mid3_d1000_05_mr098_r10_158_uai_GSCC_n200_roFalse_s0.csv
2026-02-02 16:16:40,848|INFO|random_mc2_n5_mid3_d1000_05_mr098_r10_137_uai_GSCC_n200_roFalse_s0: [0.3523,0.4020]	 18 runs	 rmse=0.04555	 T_learn=6436 ms. 	 T_infer=540 ms.
2026-02-02 16:16:40,853|INFO|random_mc2_n5_mid3_d1000_05_mr098_r10_137_uai_GSCC_n200_roFalse_s0: Saving results to ../results/synthetic/s123/random_mc2_n5_mid3_d1000_05_mr098_r10_137_uai_GSCC_n200_roFalse_s0.csv
2026-02-02 16:16:41,254|INFO|random_mc2_n6_mid3_d1000_05_mr098_r10_158_uai_GSCC_n200_roFalse_s0: [0.0241,0.0302]	 20 runs	 rmse=0.03172	 T_learn=6651 ms. 	 T_infer=505 ms.
2026-02-02 16:16:41,259|INFO|random_mc2_n6_mid3_d1000_05_mr098_r10_158_uai_GSCC_n200_roFalse_s0: Saving results to ../results/synthetic/s123/random_mc2_n6_mid3_d1000_05_mr098_r10_158_uai_GSCC_n200_roFalse_s0.csv
2026-02-02 16:16:41,314|INFO|random_mc2_n5_mid3_d1000_05_mr098_r10_169_uai_GSCC_n200_roTrue_s0: [0.1389,0.2506]	 58 runs	 rmse=0.24940	 T_learn=6309 ms. 	 T_infer=614 ms.
2026-02-02 16:16:41,319|INFO|random_mc2_n5_mid3_d1000_05_mr098_r10_169_uai_GSCC_n200_roTrue_s0: Saving results to ../results/synthetic/s123/random_mc2_n5_mid3_d1000_05_mr098_r10_169_uai_GSCC_n200_roTrue_s0.csv
2026-02-02 16:16:41,366|INFO|random_mc2_n5_mid3_d1000_05_mr098_r10_31_uai_GSCC_n200_roTrue_s0: [0.0901,0.1267]	 44 runs	 rmse=0.15584	 T_learn=8593 ms. 	 T_infer=955 ms.
2026-02-02 16:16:41,371|INFO|random_mc2_n5_mid3_d1000_05_mr098_r10_31_uai_GSCC_n200_roTrue_s0: Saving results to ../results/synthetic/s123/random_mc2_n5_mid3_d1000_05_mr098_r10_31_uai_GSCC_n200_roTrue_s0.csv
2026-02-02 16:16:41,386|INFO|random_mc2_n5_mid3_d1000_05_mr098_r10_74_uai_GSCC_n200_roTrue_s0: [0.3231,0.3798]	 12 runs	 rmse=0.14914	 T_learn=8240 ms. 	 T_infer=939 ms.
2026-02-02 16:16:41,390|INFO|random_mc2_n5_mid3_d1000_05_mr098_r10_74_uai_GSCC_n200_roTrue_s0: Saving results to ../results/synthetic/s123/random_mc2_n5_mid3_d1000_05_mr098_r10_74_uai_GSCC_n200_roTrue_s0.csv
2026-02-02 16:16:41,518|INFO|random_mc2_n5_mid3_d1000_05_mr098_r10_102_uai_GSCC_n200_roTrue_s0: [0.3034,0.4056]	 55 runs	 rmse=0.08208	 T_learn=10111 ms. 	 T_infer=1358 ms.
2026-02-02 16:16:41,520|INFO|random_mc2_n5_mid3_d1000_05_mr098_r10_137_uai_GSCC_n200_roFalse_s0: [0.3523,0.4020]	 19 runs	 rmse=0.04555	 T_learn=6532 ms. 	 T_infer=571 ms.
2026-02-02 16:16:41,523|INFO|random_mc2_n5_mid3_d1000_05_mr098_r10_102_uai_GSCC_n200_roTrue_s0: Saving results to ../results/synthetic/s123/random_mc2_n5_mid3_d1000_05_mr098_r10_102_uai_GSCC_n200_roTrue_s0.csv
2026-02-02 16:16:41,524|INFO|random_mc2_n5_mid3_d1000_05_mr098_r10_137_uai_GSCC_n200_roFalse_s0: Saving results to ../results/synthetic/s123/random_mc2_n5_mid3_d1000_05_mr098_r10_137_uai_GSCC_n200_roFalse_s0.csv
2026-02-02 16:16:41,586|INFO|random_mc2_n5_mid3_d1000_05_mr098_r10_141_uai_GSCC_n200_roTrue_s0: [0.1098,0.1946]	 52 runs	 rmse=0.11401	 T_learn=14309 ms. 	 T_infer=2122 ms.
2026-02-02 16:16:41,591|INFO|random_mc2_n5_mid3_d1000_05_mr098_r10_141_uai_GSCC_n200_roTrue_s0: Saving results to ../results/synthetic/s123/random_mc2_n5_mid3_d1000_05_mr098_r10_141_uai_GSCC_n200_roTrue_s0.csv
2026-02-02 16:16:41,866|INFO|random_mc2_n6_mid3_d1000_05_mr098_r10_158_uai_GSCC_n200_roFalse_s0: [0.0241,0.0302]	 21 runs	 rmse=0.03172	 T_learn=6729 ms. 	 T_infer=530 ms.
2026-02-02 16:16:41,874|INFO|random_mc2_n6_mid3_d1000_05_mr098_r10_158_uai_GSCC_n200_roFalse_s0: Saving results to ../results/synthetic/s123/random_mc2_n6_mid3_d1000_05_mr098_r10_158_uai_GSCC_n200_roFalse_s0.csv
2026-02-02 16:16:42,020|INFO|random_mc2_n5_mid3_d1000_05_mr098_r10_169_uai_GSCC_n200_roTrue_s0: [0.1389,0.2506]	 59 runs	 rmse=0.24940	 T_learn=6386 ms. 	 T_infer=623 ms.
2026-02-02 16:16:42,029|INFO|random_mc2_n5_mid3_d1000_05_mr098_r10_169_uai_GSCC_n200_roTrue_s0: Saving results to ../results/synthetic/s123/random_mc2_n5_mid3_d1000_05_mr098_r10_169_uai_GSCC_n200_roTrue_s0.csv
2026-02-02 16:16:42,041|INFO|random_mc2_n6_mid3_d1000_05_mr098_r10_28_uai_GSCC_n200_roFalse_s0: [0.4825,0.5473]	 42 runs	 rmse=0.12117	 T_learn=13188 ms. 	 T_infer=2137 ms.
2026-02-02 16:16:42,049|INFO|random_mc2_n6_mid3_d1000_05_mr098_r10_28_uai_GSCC_n200_roFalse_s0: Saving results to ../results/synthetic/s123/random_mc2_n6_mid3_d1000_05_mr098_r10_28_uai_GSCC_n200_roFalse_s0.csv
2026-02-02 16:16:42,051|INFO|random_mc2_n5_mid3_d1000_05_mr098_r10_44_uai_GSCC_n200_roFalse_s0: [0.0156,0.0298]	 48 runs	 rmse=0.00196	 T_learn=13632 ms. 	 T_infer=2450 ms.
2026-02-02 16:16:42,056|INFO|random_mc2_n5_mid3_d1000_05_mr098_r10_44_uai_GSCC_n200_roFalse_s0: Saving results to ../results/synthetic/s123/random_mc2_n5_mid3_d1000_05_mr098_r10_44_uai_GSCC_n200_roFalse_s0.csv
2026-02-02 16:16:42,166|INFO|random_mc2_n6_mid3_d1000_05_mr098_r10_169_uai_GSCC_n200_roFalse_s0: [0.0093,0.0307]	 61 runs	 rmse=0.01320	 T_learn=14694 ms. 	 T_infer=1814 ms.
2026-02-02 16:16:42,171|INFO|random_mc2_n5_mid3_d1000_05_mr098_r10_190_uai_GSCC_n200_roTrue_s0: Loading model from ../models/synthetic/s123/random_mc2_n5_mid3_d1000_05_mr098_r10_190.uai
2026-02-02 16:16:42,173|INFO|random_mc2_n6_mid3_d1000_05_mr098_r10_169_uai_GSCC_n200_roFalse_s0: Saving results to ../results/synthetic/s123/random_mc2_n6_mid3_d1000_05_mr098_r10_169_uai_GSCC_n200_roFalse_s0.csv
2026-02-02 16:16:42,194|INFO|random_mc2_n5_mid3_d1000_05_mr098_r10_195_uai_GSCC_n200_roFalse_s0: Loading model from ../models/synthetic/s123/random_mc2_n5_mid3_d1000_05_mr098_r10_195.uai
2026-02-02 16:16:42,182|INFO|random_mc2_n5_mid3_d1000_05_mr098_r10_190_uai_GSCC_n200_roTrue_s0: Loading data from ../models/synthetic/s123/random_mc2_n5_mid3_d1000_05_mr098_r10_190.csv
2026-02-02 16:16:42,199|INFO|random_mc2_n5_mid3_d1000_05_mr098_r10_190_uai_GSCC_n200_roTrue_s0: PNS(V1,V2) exact: (1.5659726400000003e-05, 0.144498480129584)
2026-02-02 16:16:42,222|INFO|random_mc2_n5_mid3_d1000_05_mr098_r10_137_uai_GSCC_n200_roFalse_s0: [0.3523,0.4020]	 20 runs	 rmse=0.04555	 T_learn=6632 ms. 	 T_infer=599 ms.
2026-02-02 16:16:42,228|INFO|random_mc2_n5_mid3_d1000_05_mr098_r10_137_uai_GSCC_n200_roFalse_s0: Saving results to ../results/synthetic/s123/random_mc2_n5_mid3_d1000_05_mr098_r10_137_uai_GSCC_n200_roFalse_s0.csv
2026-02-02 16:16:42,231|INFO|random_mc2_n8_mid3_d1000_05_mr098_r10_173_uai_GSCC_n200_roTrue_s0: Loading model from ../models/synthetic/s123/random_mc2_n8_mid3_d1000_05_mr098_r10_173.uai
2026-02-02 16:16:42,204|INFO|random_mc2_n5_mid3_d1000_05_mr098_r10_195_uai_GSCC_n200_roFalse_s0: Loading data from ../models/synthetic/s123/random_mc2_n5_mid3_d1000_05_mr098_r10_195.csv
2026-02-02 16:16:42,220|INFO|random_mc2_n5_mid3_d1000_05_mr098_r10_195_uai_GSCC_n200_roFalse_s0: PNS(V0,V4) exact: (0.131789906, 0.3518961976)
2026-02-02 16:16:42,263|INFO|random_mc2_n8_mid3_d1000_05_mr098_r10_173_uai_GSCC_n200_roTrue_s0: Loading data from ../models/synthetic/s123/random_mc2_n8_mid3_d1000_05_mr098_r10_173.csv
2026-02-02 16:16:42,273|ERROR|random_mc2_n8_mid3_d1000_05_mr098_r10_173_uai_GSCC_n200_roTrue_s0: File exists, not rewriting.
2026-02-02 16:16:42,318|INFO|random_mc2_n6_mid3_d1000_05_mr098_r10_71_uai_GSCC_n200_roFalse_s0: [0.5153,0.6112]	 45 runs	 rmse=0.01565	 T_learn=15570 ms. 	 T_infer=2418 ms.
2026-02-02 16:16:42,324|INFO|random_mc2_n6_mid3_d1000_05_mr098_r10_71_uai_GSCC_n200_roFalse_s0: Saving results to ../results/synthetic/s123/random_mc2_n6_mid3_d1000_05_mr098_r10_71_uai_GSCC_n200_roFalse_s0.csv
2026-02-02 16:16:42,476|INFO|random_mc2_n6_mid3_d1000_05_mr098_r10_72_uai_GSCC_n200_roTrue_s0: [0.0627,0.0903]	 47 runs	 rmse=0.04965	 T_learn=17177 ms. 	 T_infer=2249 ms.
2026-02-02 16:16:42,477|INFO|random_mc2_n5_mid3_d1000_05_mr098_r10_31_uai_GSCC_n200_roTrue_s0: [0.0901,0.1267]	 45 runs	 rmse=0.15584	 T_learn=8725 ms. 	 T_infer=974 ms.
2026-02-02 16:16:42,482|INFO|random_mc2_n6_mid3_d1000_05_mr098_r10_72_uai_GSCC_n200_roTrue_s0: Saving results to ../results/synthetic/s123/random_mc2_n6_mid3_d1000_05_mr098_r10_72_uai_GSCC_n200_roTrue_s0.csv
2026-02-02 16:16:42,483|INFO|random_mc2_n5_mid3_d1000_05_mr098_r10_31_uai_GSCC_n200_roTrue_s0: Saving results to ../results/synthetic/s123/random_mc2_n5_mid3_d1000_05_mr098_r10_31_uai_GSCC_n200_roTrue_s0.csv
2026-02-02 16:16:42,512|INFO|random_mc2_n6_mid3_d1000_05_mr098_r10_158_uai_GSCC_n200_roFalse_s0: [0.0241,0.0302]	 22 runs	 rmse=0.03172	 T_learn=6811 ms. 	 T_infer=556 ms.
2026-02-02 16:16:42,516|INFO|random_mc2_n6_mid3_d1000_05_mr098_r10_158_uai_GSCC_n200_roFalse_s0: Saving results to ../results/synthetic/s123/random_mc2_n6_mid3_d1000_05_mr098_r10_158_uai_GSCC_n200_roFalse_s0.csv
2026-02-02 16:16:42,574|INFO|random_mc2_n5_mid3_d1000_05_mr098_r10_74_uai_GSCC_n200_roTrue_s0: [0.3231,0.3798]	 13 runs	 rmse=0.14914	 T_learn=8410 ms. 	 T_infer=1014 ms.
2026-02-02 16:16:42,578|INFO|random_mc2_n5_mid3_d1000_05_mr098_r10_74_uai_GSCC_n200_roTrue_s0: Saving results to ../results/synthetic/s123/random_mc2_n5_mid3_d1000_05_mr098_r10_74_uai_GSCC_n200_roTrue_s0.csv
2026-02-02 16:16:42,741|INFO|random_mc2_n5_mid3_d1000_05_mr098_r10_169_uai_GSCC_n200_roTrue_s0: [0.1389,0.2506]	 60 runs	 rmse=0.24940	 T_learn=6465 ms. 	 T_infer=633 ms.
2026-02-02 16:16:42,746|INFO|random_mc2_n5_mid3_d1000_05_mr098_r10_169_uai_GSCC_n200_roTrue_s0: Saving results to ../results/synthetic/s123/random_mc2_n5_mid3_d1000_05_mr098_r10_169_uai_GSCC_n200_roTrue_s0.csv
2026-02-02 16:16:42,958|INFO|random_mc2_n5_mid3_d1000_05_mr098_r10_137_uai_GSCC_n200_roFalse_s0: [0.3523,0.4020]	 21 runs	 rmse=0.04555	 T_learn=6734 ms. 	 T_infer=627 ms.
2026-02-02 16:16:42,966|INFO|random_mc2_n5_mid3_d1000_05_mr098_r10_137_uai_GSCC_n200_roFalse_s0: Saving results to ../results/synthetic/s123/random_mc2_n5_mid3_d1000_05_mr098_r10_137_uai_GSCC_n200_roFalse_s0.csv
2026-02-02 16:16:43,054|INFO|random_mc2_n5_mid3_d1000_05_mr098_r10_102_uai_GSCC_n200_roTrue_s0: [0.3034,0.4056]	 56 runs	 rmse=0.08208	 T_learn=10253 ms. 	 T_infer=1389 ms.
2026-02-02 16:16:43,060|INFO|random_mc2_n5_mid3_d1000_05_mr098_r10_102_uai_GSCC_n200_roTrue_s0: Saving results to ../results/synthetic/s123/random_mc2_n5_mid3_d1000_05_mr098_r10_102_uai_GSCC_n200_roTrue_s0.csv
2026-02-02 16:16:43,182|INFO|random_mc2_n6_mid3_d1000_05_mr098_r10_158_uai_GSCC_n200_roFalse_s0: [0.0241,0.0322]	 23 runs	 rmse=0.03307	 T_learn=6893 ms. 	 T_infer=583 ms.
2026-02-02 16:16:43,188|INFO|random_mc2_n6_mid3_d1000_05_mr098_r10_158_uai_GSCC_n200_roFalse_s0: Saving results to ../results/synthetic/s123/random_mc2_n6_mid3_d1000_05_mr098_r10_158_uai_GSCC_n200_roFalse_s0.csv
2026-02-02 16:16:43,472|INFO|random_mc2_n5_mid3_d1000_05_mr098_r10_169_uai_GSCC_n200_roTrue_s0: [0.1389,0.2506]	 61 runs	 rmse=0.24940	 T_learn=6545 ms. 	 T_infer=646 ms.
2026-02-02 16:16:43,480|INFO|random_mc2_n5_mid3_d1000_05_mr098_r10_169_uai_GSCC_n200_roTrue_s0: Saving results to ../results/synthetic/s123/random_mc2_n5_mid3_d1000_05_mr098_r10_169_uai_GSCC_n200_roTrue_s0.csv
2026-02-02 16:16:43,735|INFO|random_mc2_n5_mid3_d1000_05_mr098_r10_137_uai_GSCC_n200_roFalse_s0: [0.3523,0.4020]	 22 runs	 rmse=0.04555	 T_learn=6841 ms. 	 T_infer=662 ms.
2026-02-02 16:16:43,740|INFO|random_mc2_n5_mid3_d1000_05_mr098_r10_137_uai_GSCC_n200_roFalse_s0: Saving results to ../results/synthetic/s123/random_mc2_n5_mid3_d1000_05_mr098_r10_137_uai_GSCC_n200_roFalse_s0.csv
2026-02-02 16:16:43,753|INFO|random_mc2_n5_mid3_d1000_05_mr098_r10_31_uai_GSCC_n200_roTrue_s0: [0.0901,0.1267]	 46 runs	 rmse=0.15584	 T_learn=8859 ms. 	 T_infer=1136 ms.
2026-02-02 16:16:43,758|INFO|random_mc2_n5_mid3_d1000_05_mr098_r10_31_uai_GSCC_n200_roTrue_s0: Saving results to ../results/synthetic/s123/random_mc2_n5_mid3_d1000_05_mr098_r10_31_uai_GSCC_n200_roTrue_s0.csv
2026-02-02 16:16:43,848|INFO|random_mc2_n5_mid3_d1000_05_mr098_r10_74_uai_GSCC_n200_roTrue_s0: [0.3231,0.3798]	 14 runs	 rmse=0.14914	 T_learn=8586 ms. 	 T_infer=1093 ms.
2026-02-02 16:16:43,852|INFO|random_mc2_n5_mid3_d1000_05_mr098_r10_74_uai_GSCC_n200_roTrue_s0: Saving results to ../results/synthetic/s123/random_mc2_n5_mid3_d1000_05_mr098_r10_74_uai_GSCC_n200_roTrue_s0.csv
2026-02-02 16:16:43,878|INFO|random_mc2_n6_mid3_d1000_05_mr098_r10_158_uai_GSCC_n200_roFalse_s0: [0.0241,0.0322]	 24 runs	 rmse=0.03307	 T_learn=6978 ms. 	 T_infer=606 ms.
2026-02-02 16:16:43,883|INFO|random_mc2_n6_mid3_d1000_05_mr098_r10_158_uai_GSCC_n200_roFalse_s0: Saving results to ../results/synthetic/s123/random_mc2_n6_mid3_d1000_05_mr098_r10_158_uai_GSCC_n200_roFalse_s0.csv
2026-02-02 16:16:44,014|INFO|random_mc2_n8_mid3_d1000_05_mr098_r10_122_uai_GSCC_n200_roFalse_s0: Loading model from ../models/synthetic/s123/random_mc2_n8_mid3_d1000_05_mr098_r10_122.uai
2026-02-02 16:16:44,032|INFO|random_mc2_n5_mid3_d1000_05_mr098_r10_82_uai_GSCC_n200_roFalse_s0: Loading model from ../models/synthetic/s123/random_mc2_n5_mid3_d1000_05_mr098_r10_82.uai
2026-02-02 16:16:44,035|INFO|random_mc2_n5_mid3_d1000_05_mr098_r10_141_uai_GSCC_n200_roTrue_s0: [0.1098,0.1946]	 53 runs	 rmse=0.11401	 T_learn=14592 ms. 	 T_infer=2161 ms.
2026-02-02 16:16:44,041|INFO|random_mc2_n5_mid3_d1000_05_mr098_r10_141_uai_GSCC_n200_roTrue_s0: Saving results to ../results/synthetic/s123/random_mc2_n5_mid3_d1000_05_mr098_r10_141_uai_GSCC_n200_roTrue_s0.csv
2026-02-02 16:16:44,047|INFO|random_mc2_n6_mid3_d1000_05_mr098_r10_153_uai_GSCC_n200_roFalse_s0: Loading model from ../models/synthetic/s123/random_mc2_n6_mid3_d1000_05_mr098_r10_153.uai
2026-02-02 16:16:44,024|INFO|random_mc2_n8_mid3_d1000_05_mr098_r10_122_uai_GSCC_n200_roFalse_s0: Loading data from ../models/synthetic/s123/random_mc2_n8_mid3_d1000_05_mr098_r10_122.csv
2026-02-02 16:16:44,031|ERROR|random_mc2_n8_mid3_d1000_05_mr098_r10_122_uai_GSCC_n200_roFalse_s0: File exists, not rewriting.
2026-02-02 16:16:44,056|INFO|random_mc2_n5_mid3_d1000_05_mr098_r10_184_uai_GSCC_n200_roFalse_s0: Loading model from ../models/synthetic/s123/random_mc2_n5_mid3_d1000_05_mr098_r10_184.uai
2026-02-02 16:16:44,071|INFO|random_mc2_n8_mid3_d1000_05_mr098_r10_160_uai_GSCC_n200_roTrue_s0: Loading model from ../models/synthetic/s123/random_mc2_n8_mid3_d1000_05_mr098_r10_160.uai
2026-02-02 16:16:44,042|INFO|random_mc2_n5_mid3_d1000_05_mr098_r10_82_uai_GSCC_n200_roFalse_s0: Loading data from ../models/synthetic/s123/random_mc2_n5_mid3_d1000_05_mr098_r10_82.csv
2026-02-02 16:16:44,048|ERROR|random_mc2_n5_mid3_d1000_05_mr098_r10_82_uai_GSCC_n200_roFalse_s0: File exists, not rewriting.
2026-02-02 16:16:44,058|INFO|random_mc2_n6_mid3_d1000_05_mr098_r10_153_uai_GSCC_n200_roFalse_s0: Loading data from ../models/synthetic/s123/random_mc2_n6_mid3_d1000_05_mr098_r10_153.csv
2026-02-02 16:16:44,064|ERROR|random_mc2_n6_mid3_d1000_05_mr098_r10_153_uai_GSCC_n200_roFalse_s0: File exists, not rewriting.
2026-02-02 16:16:44,062|INFO|random_mc2_n5_mid3_d1000_05_mr098_r10_184_uai_GSCC_n200_roFalse_s0: Loading data from ../models/synthetic/s123/random_mc2_n5_mid3_d1000_05_mr098_r10_184.csv
2026-02-02 16:16:44,073|INFO|random_mc2_n5_mid3_d1000_05_mr098_r10_184_uai_GSCC_n200_roFalse_s0: PNS(V3,V4) exact: (0.0, 0.0)
2026-02-02 16:16:44,074|ERROR|random_mc2_n5_mid3_d1000_05_mr098_r10_184_uai_GSCC_n200_roFalse_s0: Model does not have any cause-effect path.
2026-02-02 16:16:44,094|INFO|random_mc2_n8_mid3_d1000_05_mr098_r10_160_uai_GSCC_n200_roTrue_s0: Loading data from ../models/synthetic/s123/random_mc2_n8_mid3_d1000_05_mr098_r10_160.csv
2026-02-02 16:16:44,103|ERROR|random_mc2_n8_mid3_d1000_05_mr098_r10_160_uai_GSCC_n200_roTrue_s0: File exists, not rewriting.
2026-02-02 16:16:44,218|INFO|random_mc2_n5_mid3_d1000_05_mr098_r10_169_uai_GSCC_n200_roTrue_s0: [0.1389,0.2506]	 62 runs	 rmse=0.24940	 T_learn=6626 ms. 	 T_infer=657 ms.
2026-02-02 16:16:44,224|INFO|random_mc2_n5_mid3_d1000_05_mr098_r10_169_uai_GSCC_n200_roTrue_s0: Saving results to ../results/synthetic/s123/random_mc2_n5_mid3_d1000_05_mr098_r10_169_uai_GSCC_n200_roTrue_s0.csv
2026-02-02 16:16:44,234|INFO|random_mc2_n6_mid3_d1000_05_mr098_r10_169_uai_GSCC_n200_roFalse_s0: [0.0093,0.0307]	 62 runs	 rmse=0.01320	 T_learn=14903 ms. 	 T_infer=1852 ms.
2026-02-02 16:16:44,239|INFO|random_mc2_n6_mid3_d1000_05_mr098_r10_169_uai_GSCC_n200_roFalse_s0: Saving results to ../results/synthetic/s123/random_mc2_n6_mid3_d1000_05_mr098_r10_169_uai_GSCC_n200_roFalse_s0.csv
trainable: ['V2', 'V5', 'V6']
trainable: ['V5', 'V4', 'V6']
2026-02-02 16:16:44,534|INFO|random_mc2_n6_mid3_d1000_05_mr098_r10_28_uai_GSCC_n200_roFalse_s0: [0.4729,0.5473]	 43 runs	 rmse=0.11167	 T_learn=13490 ms. 	 T_infer=2183 ms.
2026-02-02 16:16:44,536|INFO|random_mc2_n5_mid3_d1000_05_mr098_r10_137_uai_GSCC_n200_roFalse_s0: [0.3523,0.4020]	 23 runs	 rmse=0.04555	 T_learn=6950 ms. 	 T_infer=687 ms.
2026-02-02 16:16:44,540|INFO|random_mc2_n6_mid3_d1000_05_mr098_r10_28_uai_GSCC_n200_roFalse_s0: Saving results to ../results/synthetic/s123/random_mc2_n6_mid3_d1000_05_mr098_r10_28_uai_GSCC_n200_roFalse_s0.csv
2026-02-02 16:16:44,541|INFO|random_mc2_n5_mid3_d1000_05_mr098_r10_137_uai_GSCC_n200_roFalse_s0: Saving results to ../results/synthetic/s123/random_mc2_n5_mid3_d1000_05_mr098_r10_137_uai_GSCC_n200_roFalse_s0.csv
2026-02-02 16:16:44,616|INFO|random_mc2_n6_mid3_d1000_05_mr098_r10_158_uai_GSCC_n200_roFalse_s0: [0.0241,0.0322]	 25 runs	 rmse=0.03307	 T_learn=7065 ms. 	 T_infer=646 ms.
2026-02-02 16:16:44,617|INFO|random_mc2_n5_mid3_d1000_05_mr098_r10_102_uai_GSCC_n200_roTrue_s0: [0.3034,0.4056]	 57 runs	 rmse=0.08208	 T_learn=10397 ms. 	 T_infer=1413 ms.
2026-02-02 16:16:44,621|INFO|random_mc2_n6_mid3_d1000_05_mr098_r10_158_uai_GSCC_n200_roFalse_s0: Saving results to ../results/synthetic/s123/random_mc2_n6_mid3_d1000_05_mr098_r10_158_uai_GSCC_n200_roFalse_s0.csv
2026-02-02 16:16:44,622|INFO|random_mc2_n5_mid3_d1000_05_mr098_r10_102_uai_GSCC_n200_roTrue_s0: Saving results to ../results/synthetic/s123/random_mc2_n5_mid3_d1000_05_mr098_r10_102_uai_GSCC_n200_roTrue_s0.csv
2026-02-02 16:16:44,770|INFO|random_mc2_n5_mid3_d1000_05_mr098_r10_44_uai_GSCC_n200_roFalse_s0: [0.0156,0.0298]	 49 runs	 rmse=0.00196	 T_learn=13955 ms. 	 T_infer=2391 ms.
2026-02-02 16:16:44,778|INFO|random_mc2_n5_mid3_d1000_05_mr098_r10_44_uai_GSCC_n200_roFalse_s0: Saving results to ../results/synthetic/s123/random_mc2_n5_mid3_d1000_05_mr098_r10_44_uai_GSCC_n200_roFalse_s0.csv
2026-02-02 16:16:44,918|INFO|random_mc2_n5_mid3_d1000_05_mr098_r10_31_uai_GSCC_n200_roTrue_s0: [0.0901,0.1267]	 47 runs	 rmse=0.15584	 T_learn=8996 ms. 	 T_infer=1023 ms.
2026-02-02 16:16:44,923|INFO|random_mc2_n5_mid3_d1000_05_mr098_r10_31_uai_GSCC_n200_roTrue_s0: Saving results to ../results/synthetic/s123/random_mc2_n5_mid3_d1000_05_mr098_r10_31_uai_GSCC_n200_roTrue_s0.csv
2026-02-02 16:16:44,971|INFO|random_mc2_n5_mid3_d1000_05_mr098_r10_169_uai_GSCC_n200_roTrue_s0: [0.1389,0.2506]	 63 runs	 rmse=0.24940	 T_learn=6708 ms. 	 T_infer=665 ms.
2026-02-02 16:16:44,976|INFO|random_mc2_n5_mid3_d1000_05_mr098_r10_169_uai_GSCC_n200_roTrue_s0: Saving results to ../results/synthetic/s123/random_mc2_n5_mid3_d1000_05_mr098_r10_169_uai_GSCC_n200_roTrue_s0.csv
2026-02-02 16:16:45,124|INFO|random_mc2_n6_mid3_d1000_05_mr098_r10_72_uai_GSCC_n200_roTrue_s0: [0.0627,0.0903]	 48 runs	 rmse=0.04965	 T_learn=17502 ms. 	 T_infer=2316 ms.
2026-02-02 16:16:45,131|INFO|random_mc2_n6_mid3_d1000_05_mr098_r10_72_uai_GSCC_n200_roTrue_s0: Saving results to ../results/synthetic/s123/random_mc2_n6_mid3_d1000_05_mr098_r10_72_uai_GSCC_n200_roTrue_s0.csv
2026-02-02 16:16:45,168|INFO|random_mc2_n6_mid3_d1000_05_mr098_r10_71_uai_GSCC_n200_roFalse_s0: [0.5153,0.6112]	 46 runs	 rmse=0.01565	 T_learn=15917 ms. 	 T_infer=2496 ms.
2026-02-02 16:16:45,173|INFO|random_mc2_n6_mid3_d1000_05_mr098_r10_71_uai_GSCC_n200_roFalse_s0: Saving results to ../results/synthetic/s123/random_mc2_n6_mid3_d1000_05_mr098_r10_71_uai_GSCC_n200_roFalse_s0.csv
2026-02-02 16:16:45,226|INFO|random_mc2_n5_mid3_d1000_05_mr098_r10_74_uai_GSCC_n200_roTrue_s0: [0.3231,0.3798]	 15 runs	 rmse=0.14914	 T_learn=8774 ms. 	 T_infer=1186 ms.
2026-02-02 16:16:45,231|INFO|random_mc2_n5_mid3_d1000_05_mr098_r10_74_uai_GSCC_n200_roTrue_s0: Saving results to ../results/synthetic/s123/random_mc2_n5_mid3_d1000_05_mr098_r10_74_uai_GSCC_n200_roTrue_s0.csv
2026-02-02 16:16:45,322|INFO|random_mc2_n5_mid3_d1000_05_mr098_r10_87_uai_GSCC_n200_roTrue_s0: Loading model from ../models/synthetic/s123/random_mc2_n5_mid3_d1000_05_mr098_r10_87.uai
2026-02-02 16:16:45,329|INFO|random_mc2_n6_mid3_d1000_05_mr098_r10_99_uai_GSCC_n200_roTrue_s0: Loading model from ../models/synthetic/s123/random_mc2_n6_mid3_d1000_05_mr098_r10_99.uai
2026-02-02 16:16:45,345|INFO|random_mc2_n5_mid3_d1000_05_mr098_r10_87_uai_GSCC_n200_roTrue_s0: Loading data from ../models/synthetic/s123/random_mc2_n5_mid3_d1000_05_mr098_r10_87.csv
2026-02-02 16:16:45,351|ERROR|random_mc2_n5_mid3_d1000_05_mr098_r10_87_uai_GSCC_n200_roTrue_s0: File exists, not rewriting.
2026-02-02 16:16:45,334|INFO|random_mc2_n6_mid3_d1000_05_mr098_r10_99_uai_GSCC_n200_roTrue_s0: Loading data from ../models/synthetic/s123/random_mc2_n6_mid3_d1000_05_mr098_r10_99.csv
2026-02-02 16:16:45,345|INFO|random_mc2_n6_mid3_d1000_05_mr098_r10_99_uai_GSCC_n200_roTrue_s0: PNS(V0,V1) exact: (0.0, 0.0)
2026-02-02 16:16:45,345|ERROR|random_mc2_n6_mid3_d1000_05_mr098_r10_99_uai_GSCC_n200_roTrue_s0: Model does not have any cause-effect path.
2026-02-02 16:16:45,376|INFO|random_mc2_n6_mid3_d1000_05_mr098_r10_158_uai_GSCC_n200_roFalse_s0: [0.0241,0.0322]	 26 runs	 rmse=0.03307	 T_learn=7153 ms. 	 T_infer=666 ms.
2026-02-02 16:16:45,381|INFO|random_mc2_n6_mid3_d1000_05_mr098_r10_158_uai_GSCC_n200_roFalse_s0: Saving results to ../results/synthetic/s123/random_mc2_n6_mid3_d1000_05_mr098_r10_158_uai_GSCC_n200_roFalse_s0.csv
2026-02-02 16:16:45,387|INFO|random_mc2_n5_mid3_d1000_05_mr098_r10_137_uai_GSCC_n200_roFalse_s0: [0.3523,0.4020]	 24 runs	 rmse=0.04555	 T_learn=7063 ms. 	 T_infer=732 ms.
2026-02-02 16:16:45,391|INFO|random_mc2_n5_mid3_d1000_05_mr098_r10_137_uai_GSCC_n200_roFalse_s0: Saving results to ../results/synthetic/s123/random_mc2_n5_mid3_d1000_05_mr098_r10_137_uai_GSCC_n200_roFalse_s0.csv
2026-02-02 16:16:45,734|INFO|random_mc2_n5_mid3_d1000_05_mr098_r10_169_uai_GSCC_n200_roTrue_s0: [0.1389,0.2506]	 64 runs	 rmse=0.24940	 T_learn=6791 ms. 	 T_infer=674 ms.
2026-02-02 16:16:45,740|INFO|random_mc2_n5_mid3_d1000_05_mr098_r10_169_uai_GSCC_n200_roTrue_s0: Saving results to ../results/synthetic/s123/random_mc2_n5_mid3_d1000_05_mr098_r10_169_uai_GSCC_n200_roTrue_s0.csv
2026-02-02 16:16:46,118|INFO|random_mc2_n5_mid3_d1000_05_mr098_r10_31_uai_GSCC_n200_roTrue_s0: [0.0901,0.1267]	 48 runs	 rmse=0.15584	 T_learn=9136 ms. 	 T_infer=1054 ms.
2026-02-02 16:16:46,123|INFO|random_mc2_n5_mid3_d1000_05_mr098_r10_31_uai_GSCC_n200_roTrue_s0: Saving results to ../results/synthetic/s123/random_mc2_n5_mid3_d1000_05_mr098_r10_31_uai_GSCC_n200_roTrue_s0.csv
2026-02-02 16:16:46,150|INFO|random_mc2_n6_mid3_d1000_05_mr098_r10_158_uai_GSCC_n200_roFalse_s0: [0.0241,0.0322]	 27 runs	 rmse=0.03307	 T_learn=7244 ms. 	 T_infer=679 ms.
2026-02-02 16:16:46,156|INFO|random_mc2_n6_mid3_d1000_05_mr098_r10_158_uai_GSCC_n200_roFalse_s0: Saving results to ../results/synthetic/s123/random_mc2_n6_mid3_d1000_05_mr098_r10_158_uai_GSCC_n200_roFalse_s0.csv
2026-02-02 16:16:46,209|INFO|random_mc2_n5_mid3_d1000_05_mr098_r10_102_uai_GSCC_n200_roTrue_s0: [0.3034,0.4056]	 58 runs	 rmse=0.08208	 T_learn=10545 ms. 	 T_infer=1438 ms.
2026-02-02 16:16:46,214|INFO|random_mc2_n5_mid3_d1000_05_mr098_r10_102_uai_GSCC_n200_roTrue_s0: Saving results to ../results/synthetic/s123/random_mc2_n5_mid3_d1000_05_mr098_r10_102_uai_GSCC_n200_roTrue_s0.csv
2026-02-02 16:16:46,268|INFO|random_mc2_n5_mid3_d1000_05_mr098_r10_137_uai_GSCC_n200_roFalse_s0: [0.3463,0.4020]	 25 runs	 rmse=0.04069	 T_learn=7183 ms. 	 T_infer=756 ms.
2026-02-02 16:16:46,272|INFO|random_mc2_n5_mid3_d1000_05_mr098_r10_137_uai_GSCC_n200_roFalse_s0: Saving results to ../results/synthetic/s123/random_mc2_n5_mid3_d1000_05_mr098_r10_137_uai_GSCC_n200_roFalse_s0.csv
2026-02-02 16:16:46,463|INFO|random_mc2_n6_mid3_d1000_05_mr098_r10_169_uai_GSCC_n200_roFalse_s0: [0.0093,0.0307]	 63 runs	 rmse=0.01320	 T_learn=15120 ms. 	 T_infer=2007 ms.
2026-02-02 16:16:46,469|INFO|random_mc2_n6_mid3_d1000_05_mr098_r10_169_uai_GSCC_n200_roFalse_s0: Saving results to ../results/synthetic/s123/random_mc2_n6_mid3_d1000_05_mr098_r10_169_uai_GSCC_n200_roFalse_s0.csv
2026-02-02 16:16:46,512|INFO|random_mc2_n5_mid3_d1000_05_mr098_r10_169_uai_GSCC_n200_roTrue_s0: [0.1389,0.2506]	 65 runs	 rmse=0.24940	 T_learn=6875 ms. 	 T_infer=688 ms.
2026-02-02 16:16:46,518|INFO|random_mc2_n5_mid3_d1000_05_mr098_r10_169_uai_GSCC_n200_roTrue_s0: Saving results to ../results/synthetic/s123/random_mc2_n5_mid3_d1000_05_mr098_r10_169_uai_GSCC_n200_roTrue_s0.csv
2026-02-02 16:16:46,554|INFO|random_mc2_n5_mid3_d1000_05_mr098_r10_141_uai_GSCC_n200_roTrue_s0: [0.1082,0.1946]	 54 runs	 rmse=0.11245	 T_learn=14882 ms. 	 T_infer=2223 ms.
2026-02-02 16:16:46,559|INFO|random_mc2_n5_mid3_d1000_05_mr098_r10_141_uai_GSCC_n200_roTrue_s0: Saving results to ../results/synthetic/s123/random_mc2_n5_mid3_d1000_05_mr098_r10_141_uai_GSCC_n200_roTrue_s0.csv
2026-02-02 16:16:46,692|INFO|random_mc2_n5_mid3_d1000_05_mr098_r10_74_uai_GSCC_n200_roTrue_s0: [0.3231,0.3798]	 16 runs	 rmse=0.14914	 T_learn=8975 ms. 	 T_infer=1259 ms.
2026-02-02 16:16:46,697|INFO|random_mc2_n5_mid3_d1000_05_mr098_r10_74_uai_GSCC_n200_roTrue_s0: Saving results to ../results/synthetic/s123/random_mc2_n5_mid3_d1000_05_mr098_r10_74_uai_GSCC_n200_roTrue_s0.csv
2026-02-02 16:16:46,957|INFO|random_mc2_n6_mid3_d1000_05_mr098_r10_158_uai_GSCC_n200_roFalse_s0: [0.0241,0.0322]	 28 runs	 rmse=0.03307	 T_learn=7337 ms. 	 T_infer=708 ms.
2026-02-02 16:16:46,963|INFO|random_mc2_n6_mid3_d1000_05_mr098_r10_158_uai_GSCC_n200_roFalse_s0: Saving results to ../results/synthetic/s123/random_mc2_n6_mid3_d1000_05_mr098_r10_158_uai_GSCC_n200_roFalse_s0.csv
2026-02-02 16:16:46,972|INFO|random_mc2_n5_mid3_d1000_05_mr098_r10_195_uai_GSCC_n200_roFalse_s0: [0.1200,0.1200]	 1 runs	 rmse=0.23216	 T_learn=4726 ms. 	 T_infer=17 ms.
2026-02-02 16:16:46,984|INFO|random_mc2_n5_mid3_d1000_05_mr098_r10_195_uai_GSCC_n200_roFalse_s0: Saving results to ../results/synthetic/s123/random_mc2_n5_mid3_d1000_05_mr098_r10_195_uai_GSCC_n200_roFalse_s0.csv
2026-02-02 16:16:47,046|INFO|random_mc2_n5_mid3_d1000_05_mr098_r10_195_uai_GSCC_n200_roFalse_s0: [0.1200,0.1327]	 2 runs	 rmse=0.21955	 T_learn=4755 ms. 	 T_infer=33 ms.
2026-02-02 16:16:47,050|INFO|random_mc2_n5_mid3_d1000_05_mr098_r10_195_uai_GSCC_n200_roFalse_s0: Saving results to ../results/synthetic/s123/random_mc2_n5_mid3_d1000_05_mr098_r10_195_uai_GSCC_n200_roFalse_s0.csv
2026-02-02 16:16:47,086|INFO|random_mc2_n6_mid3_d1000_05_mr098_r10_28_uai_GSCC_n200_roFalse_s0: [0.4729,0.5473]	 44 runs	 rmse=0.11167	 T_learn=13801 ms. 	 T_infer=2235 ms.
2026-02-02 16:16:47,092|INFO|random_mc2_n6_mid3_d1000_05_mr098_r10_28_uai_GSCC_n200_roFalse_s0: Saving results to ../results/synthetic/s123/random_mc2_n6_mid3_d1000_05_mr098_r10_28_uai_GSCC_n200_roFalse_s0.csv
2026-02-02 16:16:47,128|INFO|random_mc2_n5_mid3_d1000_05_mr098_r10_195_uai_GSCC_n200_roFalse_s0: [0.1186,0.1327]	 3 runs	 rmse=0.21964	 T_learn=4784 ms. 	 T_infer=49 ms.
2026-02-02 16:16:47,135|INFO|random_mc2_n5_mid3_d1000_05_mr098_r10_195_uai_GSCC_n200_roFalse_s0: Saving results to ../results/synthetic/s123/random_mc2_n5_mid3_d1000_05_mr098_r10_195_uai_GSCC_n200_roFalse_s0.csv
2026-02-02 16:16:47,169|INFO|random_mc2_n5_mid3_d1000_05_mr098_r10_137_uai_GSCC_n200_roFalse_s0: [0.3463,0.4020]	 26 runs	 rmse=0.04069	 T_learn=7303 ms. 	 T_infer=777 ms.
2026-02-02 16:16:47,175|INFO|random_mc2_n5_mid3_d1000_05_mr098_r10_137_uai_GSCC_n200_roFalse_s0: Saving results to ../results/synthetic/s123/random_mc2_n5_mid3_d1000_05_mr098_r10_137_uai_GSCC_n200_roFalse_s0.csv
2026-02-02 16:16:47,230|INFO|random_mc2_n5_mid3_d1000_05_mr098_r10_195_uai_GSCC_n200_roFalse_s0: [0.1186,0.1429]	 4 runs	 rmse=0.20942	 T_learn=4813 ms. 	 T_infer=66 ms.
2026-02-02 16:16:47,235|INFO|random_mc2_n5_mid3_d1000_05_mr098_r10_195_uai_GSCC_n200_roFalse_s0: Saving results to ../results/synthetic/s123/random_mc2_n5_mid3_d1000_05_mr098_r10_195_uai_GSCC_n200_roFalse_s0.csv
2026-02-02 16:16:47,327|INFO|random_mc2_n5_mid3_d1000_05_mr098_r10_31_uai_GSCC_n200_roTrue_s0: [0.0901,0.1267]	 49 runs	 rmse=0.15584	 T_learn=9278 ms. 	 T_infer=1061 ms.
2026-02-02 16:16:47,332|INFO|random_mc2_n5_mid3_d1000_05_mr098_r10_31_uai_GSCC_n200_roTrue_s0: Saving results to ../results/synthetic/s123/random_mc2_n5_mid3_d1000_05_mr098_r10_31_uai_GSCC_n200_roTrue_s0.csv
2026-02-02 16:16:47,348|INFO|random_mc2_n5_mid3_d1000_05_mr098_r10_195_uai_GSCC_n200_roFalse_s0: [0.1186,0.1526]	 5 runs	 rmse=0.19972	 T_learn=4843 ms. 	 T_infer=83 ms.
2026-02-02 16:16:47,352|INFO|random_mc2_n5_mid3_d1000_05_mr098_r10_195_uai_GSCC_n200_roFalse_s0: Saving results to ../results/synthetic/s123/random_mc2_n5_mid3_d1000_05_mr098_r10_195_uai_GSCC_n200_roFalse_s0.csv
2026-02-02 16:16:47,448|INFO|random_mc2_n5_mid3_d1000_05_mr098_r10_169_uai_GSCC_n200_roTrue_s0: [0.1389,0.2506]	 66 runs	 rmse=0.24940	 T_learn=6960 ms. 	 T_infer=845 ms.
2026-02-02 16:16:47,454|INFO|random_mc2_n5_mid3_d1000_05_mr098_r10_169_uai_GSCC_n200_roTrue_s0: Saving results to ../results/synthetic/s123/random_mc2_n5_mid3_d1000_05_mr098_r10_169_uai_GSCC_n200_roTrue_s0.csv
2026-02-02 16:16:47,516|INFO|random_mc2_n5_mid3_d1000_05_mr098_r10_195_uai_GSCC_n200_roFalse_s0: [0.1186,0.1755]	 6 runs	 rmse=0.17691	 T_learn=4877 ms. 	 T_infer=129 ms.
2026-02-02 16:16:47,522|INFO|random_mc2_n5_mid3_d1000_05_mr098_r10_195_uai_GSCC_n200_roFalse_s0: Saving results to ../results/synthetic/s123/random_mc2_n5_mid3_d1000_05_mr098_r10_195_uai_GSCC_n200_roFalse_s0.csv
2026-02-02 16:16:47,541|INFO|random_mc2_n5_mid3_d1000_05_mr098_r10_44_uai_GSCC_n200_roFalse_s0: [0.0156,0.0298]	 50 runs	 rmse=0.00196	 T_learn=14287 ms. 	 T_infer=2431 ms.
2026-02-02 16:16:47,546|INFO|random_mc2_n5_mid3_d1000_05_mr098_r10_44_uai_GSCC_n200_roFalse_s0: Saving results to ../results/synthetic/s123/random_mc2_n5_mid3_d1000_05_mr098_r10_44_uai_GSCC_n200_roFalse_s0.csv
2026-02-02 16:16:47,675|INFO|random_mc2_n5_mid3_d1000_05_mr098_r10_195_uai_GSCC_n200_roFalse_s0: [0.1186,0.1755]	 7 runs	 rmse=0.17691	 T_learn=4916 ms. 	 T_infer=114 ms.
2026-02-02 16:16:47,680|INFO|random_mc2_n5_mid3_d1000_05_mr098_r10_195_uai_GSCC_n200_roFalse_s0: Saving results to ../results/synthetic/s123/random_mc2_n5_mid3_d1000_05_mr098_r10_195_uai_GSCC_n200_roFalse_s0.csv
2026-02-02 16:16:47,802|INFO|random_mc2_n6_mid3_d1000_05_mr098_r10_158_uai_GSCC_n200_roFalse_s0: [0.0241,0.0322]	 29 runs	 rmse=0.03307	 T_learn=7442 ms. 	 T_infer=734 ms.
2026-02-02 16:16:47,807|INFO|random_mc2_n6_mid3_d1000_05_mr098_r10_158_uai_GSCC_n200_roFalse_s0: Saving results to ../results/synthetic/s123/random_mc2_n6_mid3_d1000_05_mr098_r10_158_uai_GSCC_n200_roFalse_s0.csv
2026-02-02 16:16:47,822|INFO|random_mc2_n5_mid3_d1000_05_mr098_r10_102_uai_GSCC_n200_roTrue_s0: [0.3034,0.4056]	 59 runs	 rmse=0.08208	 T_learn=10692 ms. 	 T_infer=1461 ms.
2026-02-02 16:16:47,828|INFO|random_mc2_n5_mid3_d1000_05_mr098_r10_102_uai_GSCC_n200_roTrue_s0: Saving results to ../results/synthetic/s123/random_mc2_n5_mid3_d1000_05_mr098_r10_102_uai_GSCC_n200_roTrue_s0.csv
2026-02-02 16:16:47,844|INFO|random_mc2_n5_mid3_d1000_05_mr098_r10_195_uai_GSCC_n200_roFalse_s0: [0.1186,0.1755]	 8 runs	 rmse=0.17691	 T_learn=4950 ms. 	 T_infer=130 ms.
2026-02-02 16:16:47,845|INFO|random_mc2_n5_mid3_d1000_05_mr098_r10_190_uai_GSCC_n200_roTrue_s0: [0.0482,0.0482]	 1 runs	 rmse=0.10767	 T_learn=5609 ms. 	 T_infer=27 ms.
2026-02-02 16:16:47,850|INFO|random_mc2_n5_mid3_d1000_05_mr098_r10_195_uai_GSCC_n200_roFalse_s0: Saving results to ../results/synthetic/s123/random_mc2_n5_mid3_d1000_05_mr098_r10_195_uai_GSCC_n200_roFalse_s0.csv
2026-02-02 16:16:47,859|INFO|random_mc2_n5_mid3_d1000_05_mr098_r10_190_uai_GSCC_n200_roTrue_s0: Saving results to ../results/synthetic/s123/random_mc2_n5_mid3_d1000_05_mr098_r10_190_uai_GSCC_n200_roTrue_s0.csv
2026-02-02 16:16:47,946|INFO|random_mc2_n5_mid3_d1000_05_mr098_r10_190_uai_GSCC_n200_roTrue_s0: [0.0482,0.0493]	 2 runs	 rmse=0.10670	 T_learn=5644 ms. 	 T_infer=52 ms.
2026-02-02 16:16:47,948|INFO|random_mc2_n6_mid3_d1000_05_mr098_r10_72_uai_GSCC_n200_roTrue_s0: [0.0627,0.0918]	 49 runs	 rmse=0.04939	 T_learn=17838 ms. 	 T_infer=2483 ms.
2026-02-02 16:16:47,951|INFO|random_mc2_n5_mid3_d1000_05_mr098_r10_190_uai_GSCC_n200_roTrue_s0: Saving results to ../results/synthetic/s123/random_mc2_n5_mid3_d1000_05_mr098_r10_190_uai_GSCC_n200_roTrue_s0.csv
2026-02-02 16:16:47,954|INFO|random_mc2_n6_mid3_d1000_05_mr098_r10_72_uai_GSCC_n200_roTrue_s0: Saving results to ../results/synthetic/s123/random_mc2_n6_mid3_d1000_05_mr098_r10_72_uai_GSCC_n200_roTrue_s0.csv
2026-02-02 16:16:48,031|INFO|random_mc2_n5_mid3_d1000_05_mr098_r10_195_uai_GSCC_n200_roFalse_s0: [0.1186,0.1755]	 9 runs	 rmse=0.17691	 T_learn=4986 ms. 	 T_infer=146 ms.
2026-02-02 16:16:48,036|INFO|random_mc2_n5_mid3_d1000_05_mr098_r10_195_uai_GSCC_n200_roFalse_s0: Saving results to ../results/synthetic/s123/random_mc2_n5_mid3_d1000_05_mr098_r10_195_uai_GSCC_n200_roFalse_s0.csv
2026-02-02 16:16:48,068|INFO|random_mc2_n5_mid3_d1000_05_mr098_r10_190_uai_GSCC_n200_roTrue_s0: [0.0482,0.0521]	 3 runs	 rmse=0.10424	 T_learn=5682 ms. 	 T_infer=78 ms.
2026-02-02 16:16:48,072|INFO|random_mc2_n5_mid3_d1000_05_mr098_r10_190_uai_GSCC_n200_roTrue_s0: Saving results to ../results/synthetic/s123/random_mc2_n5_mid3_d1000_05_mr098_r10_190_uai_GSCC_n200_roTrue_s0.csv
2026-02-02 16:16:48,111|INFO|random_mc2_n5_mid3_d1000_05_mr098_r10_137_uai_GSCC_n200_roFalse_s0: [0.3463,0.4020]	 27 runs	 rmse=0.04069	 T_learn=7429 ms. 	 T_infer=809 ms.
2026-02-02 16:16:48,117|INFO|random_mc2_n5_mid3_d1000_05_mr098_r10_137_uai_GSCC_n200_roFalse_s0: Saving results to ../results/synthetic/s123/random_mc2_n5_mid3_d1000_05_mr098_r10_137_uai_GSCC_n200_roFalse_s0.csv
2026-02-02 16:16:48,190|INFO|random_mc2_n6_mid3_d1000_05_mr098_r10_71_uai_GSCC_n200_roFalse_s0: [0.5153,0.6112]	 47 runs	 rmse=0.01565	 T_learn=16272 ms. 	 T_infer=2662 ms.
2026-02-02 16:16:48,196|INFO|random_mc2_n6_mid3_d1000_05_mr098_r10_71_uai_GSCC_n200_roFalse_s0: Saving results to ../results/synthetic/s123/random_mc2_n6_mid3_d1000_05_mr098_r10_71_uai_GSCC_n200_roFalse_s0.csv
2026-02-02 16:16:48,216|INFO|random_mc2_n5_mid3_d1000_05_mr098_r10_190_uai_GSCC_n200_roTrue_s0: [0.0482,0.0546]	 4 runs	 rmse=0.10197	 T_learn=5722 ms. 	 T_infer=104 ms.
2026-02-02 16:16:48,221|INFO|random_mc2_n5_mid3_d1000_05_mr098_r10_190_uai_GSCC_n200_roTrue_s0: Saving results to ../results/synthetic/s123/random_mc2_n5_mid3_d1000_05_mr098_r10_190_uai_GSCC_n200_roTrue_s0.csv
2026-02-02 16:16:48,233|INFO|random_mc2_n5_mid3_d1000_05_mr098_r10_74_uai_GSCC_n200_roTrue_s0: [0.3231,0.3798]	 17 runs	 rmse=0.14914	 T_learn=9183 ms. 	 T_infer=1329 ms.
2026-02-02 16:16:48,235|INFO|random_mc2_n5_mid3_d1000_05_mr098_r10_195_uai_GSCC_n200_roFalse_s0: [0.1186,0.1755]	 10 runs	 rmse=0.17691	 T_learn=5022 ms. 	 T_infer=162 ms.
2026-02-02 16:16:48,238|INFO|random_mc2_n5_mid3_d1000_05_mr098_r10_74_uai_GSCC_n200_roTrue_s0: Saving results to ../results/synthetic/s123/random_mc2_n5_mid3_d1000_05_mr098_r10_74_uai_GSCC_n200_roTrue_s0.csv
2026-02-02 16:16:48,239|INFO|random_mc2_n5_mid3_d1000_05_mr098_r10_195_uai_GSCC_n200_roFalse_s0: Saving results to ../results/synthetic/s123/random_mc2_n5_mid3_d1000_05_mr098_r10_195_uai_GSCC_n200_roFalse_s0.csv
2026-02-02 16:16:48,249|INFO|random_mc2_n5_mid3_d1000_05_mr098_r10_169_uai_GSCC_n200_roTrue_s0: [0.1389,0.2506]	 67 runs	 rmse=0.24940	 T_learn=7047 ms. 	 T_infer=708 ms.
2026-02-02 16:16:48,255|INFO|random_mc2_n5_mid3_d1000_05_mr098_r10_169_uai_GSCC_n200_roTrue_s0: Saving results to ../results/synthetic/s123/random_mc2_n5_mid3_d1000_05_mr098_r10_169_uai_GSCC_n200_roTrue_s0.csv
2026-02-02 16:16:48,395|INFO|random_mc2_n5_mid3_d1000_05_mr098_r10_190_uai_GSCC_n200_roTrue_s0: [0.0482,0.0546]	 5 runs	 rmse=0.10197	 T_learn=5764 ms. 	 T_infer=132 ms.
2026-02-02 16:16:48,400|INFO|random_mc2_n5_mid3_d1000_05_mr098_r10_190_uai_GSCC_n200_roTrue_s0: Saving results to ../results/synthetic/s123/random_mc2_n5_mid3_d1000_05_mr098_r10_190_uai_GSCC_n200_roTrue_s0.csv
2026-02-02 16:16:48,457|INFO|random_mc2_n5_mid3_d1000_05_mr098_r10_195_uai_GSCC_n200_roFalse_s0: [0.1186,0.1767]	 11 runs	 rmse=0.17570	 T_learn=5061 ms. 	 T_infer=180 ms.
2026-02-02 16:16:48,461|INFO|random_mc2_n5_mid3_d1000_05_mr098_r10_195_uai_GSCC_n200_roFalse_s0: Saving results to ../results/synthetic/s123/random_mc2_n5_mid3_d1000_05_mr098_r10_195_uai_GSCC_n200_roFalse_s0.csv
2026-02-02 16:16:48,564|INFO|random_mc2_n5_mid3_d1000_05_mr098_r10_31_uai_GSCC_n200_roTrue_s0: [0.0901,0.1267]	 50 runs	 rmse=0.15584	 T_learn=9424 ms. 	 T_infer=1086 ms.
2026-02-02 16:16:48,571|INFO|random_mc2_n5_mid3_d1000_05_mr098_r10_31_uai_GSCC_n200_roTrue_s0: Saving results to ../results/synthetic/s123/random_mc2_n5_mid3_d1000_05_mr098_r10_31_uai_GSCC_n200_roTrue_s0.csv
2026-02-02 16:16:48,585|INFO|random_mc2_n6_mid3_d1000_05_mr098_r10_169_uai_GSCC_n200_roFalse_s0: [0.0093,0.0307]	 64 runs	 rmse=0.01320	 T_learn=15336 ms. 	 T_infer=1900 ms.
2026-02-02 16:16:48,592|INFO|random_mc2_n6_mid3_d1000_05_mr098_r10_169_uai_GSCC_n200_roFalse_s0: Saving results to ../results/synthetic/s123/random_mc2_n6_mid3_d1000_05_mr098_r10_169_uai_GSCC_n200_roFalse_s0.csv
2026-02-02 16:16:48,602|INFO|random_mc2_n5_mid3_d1000_05_mr098_r10_190_uai_GSCC_n200_roTrue_s0: [0.0482,0.0546]	 6 runs	 rmse=0.10197	 T_learn=5809 ms. 	 T_infer=157 ms.
2026-02-02 16:16:48,607|INFO|random_mc2_n5_mid3_d1000_05_mr098_r10_190_uai_GSCC_n200_roTrue_s0: Saving results to ../results/synthetic/s123/random_mc2_n5_mid3_d1000_05_mr098_r10_190_uai_GSCC_n200_roTrue_s0.csv
2026-02-02 16:16:48,697|INFO|random_mc2_n5_mid3_d1000_05_mr098_r10_195_uai_GSCC_n200_roFalse_s0: [0.1186,0.1767]	 12 runs	 rmse=0.17570	 T_learn=5100 ms. 	 T_infer=196 ms.
2026-02-02 16:16:48,701|INFO|random_mc2_n5_mid3_d1000_05_mr098_r10_195_uai_GSCC_n200_roFalse_s0: Saving results to ../results/synthetic/s123/random_mc2_n5_mid3_d1000_05_mr098_r10_195_uai_GSCC_n200_roFalse_s0.csv
2026-02-02 16:16:48,797|INFO|random_mc2_n6_mid3_d1000_05_mr098_r10_158_uai_GSCC_n200_roFalse_s0: [0.0241,0.0322]	 30 runs	 rmse=0.03307	 T_learn=7539 ms. 	 T_infer=893 ms.
2026-02-02 16:16:48,802|INFO|random_mc2_n6_mid3_d1000_05_mr098_r10_158_uai_GSCC_n200_roFalse_s0: Saving results to ../results/synthetic/s123/random_mc2_n6_mid3_d1000_05_mr098_r10_158_uai_GSCC_n200_roFalse_s0.csv
2026-02-02 16:16:48,838|INFO|random_mc2_n5_mid3_d1000_05_mr098_r10_190_uai_GSCC_n200_roTrue_s0: [0.0482,0.0546]	 7 runs	 rmse=0.10197	 T_learn=5857 ms. 	 T_infer=183 ms.
2026-02-02 16:16:48,842|INFO|random_mc2_n5_mid3_d1000_05_mr098_r10_190_uai_GSCC_n200_roTrue_s0: Saving results to ../results/synthetic/s123/random_mc2_n5_mid3_d1000_05_mr098_r10_190_uai_GSCC_n200_roTrue_s0.csv
2026-02-02 16:16:48,953|INFO|random_mc2_n5_mid3_d1000_05_mr098_r10_195_uai_GSCC_n200_roFalse_s0: [0.1186,0.1767]	 13 runs	 rmse=0.17570	 T_learn=5142 ms. 	 T_infer=211 ms.
2026-02-02 16:16:48,958|INFO|random_mc2_n5_mid3_d1000_05_mr098_r10_195_uai_GSCC_n200_roFalse_s0: Saving results to ../results/synthetic/s123/random_mc2_n5_mid3_d1000_05_mr098_r10_195_uai_GSCC_n200_roFalse_s0.csv
2026-02-02 16:16:49,061|INFO|random_mc2_n5_mid3_d1000_05_mr098_r10_169_uai_GSCC_n200_roTrue_s0: [0.1389,0.2506]	 68 runs	 rmse=0.24940	 T_learn=7134 ms. 	 T_infer=718 ms.
2026-02-02 16:16:49,066|INFO|random_mc2_n5_mid3_d1000_05_mr098_r10_169_uai_GSCC_n200_roTrue_s0: Saving results to ../results/synthetic/s123/random_mc2_n5_mid3_d1000_05_mr098_r10_169_uai_GSCC_n200_roTrue_s0.csv
2026-02-02 16:16:49,082|INFO|random_mc2_n5_mid3_d1000_05_mr098_r10_137_uai_GSCC_n200_roFalse_s0: [0.3463,0.4020]	 28 runs	 rmse=0.04069	 T_learn=7556 ms. 	 T_infer=837 ms.
2026-02-02 16:16:49,087|INFO|random_mc2_n5_mid3_d1000_05_mr098_r10_137_uai_GSCC_n200_roFalse_s0: Saving results to ../results/synthetic/s123/random_mc2_n5_mid3_d1000_05_mr098_r10_137_uai_GSCC_n200_roFalse_s0.csv
2026-02-02 16:16:49,096|INFO|random_mc2_n5_mid3_d1000_05_mr098_r10_141_uai_GSCC_n200_roTrue_s0: [0.1082,0.1946]	 55 runs	 rmse=0.11245	 T_learn=15175 ms. 	 T_infer=2243 ms.
2026-02-02 16:16:49,100|INFO|random_mc2_n5_mid3_d1000_05_mr098_r10_190_uai_GSCC_n200_roTrue_s0: [0.0482,0.0561]	 8 runs	 rmse=0.10069	 T_learn=5906 ms. 	 T_infer=209 ms.
2026-02-02 16:16:49,102|INFO|random_mc2_n5_mid3_d1000_05_mr098_r10_141_uai_GSCC_n200_roTrue_s0: Saving results to ../results/synthetic/s123/random_mc2_n5_mid3_d1000_05_mr098_r10_141_uai_GSCC_n200_roTrue_s0.csv
2026-02-02 16:16:49,105|INFO|random_mc2_n5_mid3_d1000_05_mr098_r10_190_uai_GSCC_n200_roTrue_s0: Saving results to ../results/synthetic/s123/random_mc2_n5_mid3_d1000_05_mr098_r10_190_uai_GSCC_n200_roTrue_s0.csv
2026-02-02 16:16:49,233|INFO|random_mc2_n5_mid3_d1000_05_mr098_r10_195_uai_GSCC_n200_roFalse_s0: [0.1186,0.1767]	 14 runs	 rmse=0.17570	 T_learn=5186 ms. 	 T_infer=231 ms.
2026-02-02 16:16:49,240|INFO|random_mc2_n5_mid3_d1000_05_mr098_r10_195_uai_GSCC_n200_roFalse_s0: Saving results to ../results/synthetic/s123/random_mc2_n5_mid3_d1000_05_mr098_r10_195_uai_GSCC_n200_roFalse_s0.csv
2026-02-02 16:16:49,394|INFO|random_mc2_n5_mid3_d1000_05_mr098_r10_190_uai_GSCC_n200_roTrue_s0: [0.0482,0.0561]	 9 runs	 rmse=0.10069	 T_learn=5957 ms. 	 T_infer=237 ms.
2026-02-02 16:16:49,399|INFO|random_mc2_n5_mid3_d1000_05_mr098_r10_190_uai_GSCC_n200_roTrue_s0: Saving results to ../results/synthetic/s123/random_mc2_n5_mid3_d1000_05_mr098_r10_190_uai_GSCC_n200_roTrue_s0.csv
2026-02-02 16:16:49,529|INFO|random_mc2_n5_mid3_d1000_05_mr098_r10_195_uai_GSCC_n200_roFalse_s0: [0.1186,0.1767]	 15 runs	 rmse=0.17570	 T_learn=5231 ms. 	 T_infer=245 ms.
2026-02-02 16:16:49,534|INFO|random_mc2_n5_mid3_d1000_05_mr098_r10_195_uai_GSCC_n200_roFalse_s0: Saving results to ../results/synthetic/s123/random_mc2_n5_mid3_d1000_05_mr098_r10_195_uai_GSCC_n200_roFalse_s0.csv
2026-02-02 16:16:49,601|INFO|random_mc2_n5_mid3_d1000_05_mr098_r10_102_uai_GSCC_n200_roTrue_s0: [0.3034,0.4056]	 60 runs	 rmse=0.08208	 T_learn=10841 ms. 	 T_infer=1623 ms.
2026-02-02 16:16:49,606|INFO|random_mc2_n5_mid3_d1000_05_mr098_r10_102_uai_GSCC_n200_roTrue_s0: Saving results to ../results/synthetic/s123/random_mc2_n5_mid3_d1000_05_mr098_r10_102_uai_GSCC_n200_roTrue_s0.csv
2026-02-02 16:16:49,685|INFO|random_mc2_n6_mid3_d1000_05_mr098_r10_158_uai_GSCC_n200_roFalse_s0: [0.0241,0.0322]	 31 runs	 rmse=0.03307	 T_learn=7639 ms. 	 T_infer=784 ms.
2026-02-02 16:16:49,686|INFO|random_mc2_n6_mid3_d1000_05_mr098_r10_28_uai_GSCC_n200_roFalse_s0: [0.4729,0.5473]	 45 runs	 rmse=0.11167	 T_learn=14117 ms. 	 T_infer=2278 ms.
2026-02-02 16:16:49,690|INFO|random_mc2_n6_mid3_d1000_05_mr098_r10_158_uai_GSCC_n200_roFalse_s0: Saving results to ../results/synthetic/s123/random_mc2_n6_mid3_d1000_05_mr098_r10_158_uai_GSCC_n200_roFalse_s0.csv
2026-02-02 16:16:49,692|INFO|random_mc2_n6_mid3_d1000_05_mr098_r10_28_uai_GSCC_n200_roFalse_s0: Saving results to ../results/synthetic/s123/random_mc2_n6_mid3_d1000_05_mr098_r10_28_uai_GSCC_n200_roFalse_s0.csv
2026-02-02 16:16:49,717|INFO|random_mc2_n5_mid3_d1000_05_mr098_r10_190_uai_GSCC_n200_roTrue_s0: [0.0482,0.0613]	 10 runs	 rmse=0.09613	 T_learn=6013 ms. 	 T_infer=263 ms.
2026-02-02 16:16:49,722|INFO|random_mc2_n5_mid3_d1000_05_mr098_r10_190_uai_GSCC_n200_roTrue_s0: Saving results to ../results/synthetic/s123/random_mc2_n5_mid3_d1000_05_mr098_r10_190_uai_GSCC_n200_roTrue_s0.csv
2026-02-02 16:16:49,821|INFO|random_mc2_n5_mid3_d1000_05_mr098_r10_31_uai_GSCC_n200_roTrue_s0: [0.0901,0.1267]	 51 runs	 rmse=0.15584	 T_learn=9569 ms. 	 T_infer=1105 ms.
2026-02-02 16:16:49,826|INFO|random_mc2_n5_mid3_d1000_05_mr098_r10_31_uai_GSCC_n200_roTrue_s0: Saving results to ../results/synthetic/s123/random_mc2_n5_mid3_d1000_05_mr098_r10_31_uai_GSCC_n200_roTrue_s0.csv
2026-02-02 16:16:49,843|INFO|random_mc2_n5_mid3_d1000_05_mr098_r10_195_uai_GSCC_n200_roFalse_s0: [0.1186,0.1767]	 16 runs	 rmse=0.17570	 T_learn=5277 ms. 	 T_infer=263 ms.
2026-02-02 16:16:49,848|INFO|random_mc2_n5_mid3_d1000_05_mr098_r10_195_uai_GSCC_n200_roFalse_s0: Saving results to ../results/synthetic/s123/random_mc2_n5_mid3_d1000_05_mr098_r10_195_uai_GSCC_n200_roFalse_s0.csv
2026-02-02 16:16:49,863|INFO|random_mc2_n5_mid3_d1000_05_mr098_r10_74_uai_GSCC_n200_roTrue_s0: [0.3231,0.3798]	 18 runs	 rmse=0.14914	 T_learn=9400 ms. 	 T_infer=1408 ms.
2026-02-02 16:16:49,869|INFO|random_mc2_n5_mid3_d1000_05_mr098_r10_74_uai_GSCC_n200_roTrue_s0: Saving results to ../results/synthetic/s123/random_mc2_n5_mid3_d1000_05_mr098_r10_74_uai_GSCC_n200_roTrue_s0.csv
2026-02-02 16:16:49,885|INFO|random_mc2_n5_mid3_d1000_05_mr098_r10_169_uai_GSCC_n200_roTrue_s0: [0.1389,0.2506]	 69 runs	 rmse=0.24940	 T_learn=7223 ms. 	 T_infer=730 ms.
2026-02-02 16:16:49,892|INFO|random_mc2_n5_mid3_d1000_05_mr098_r10_169_uai_GSCC_n200_roTrue_s0: Saving results to ../results/synthetic/s123/random_mc2_n5_mid3_d1000_05_mr098_r10_169_uai_GSCC_n200_roTrue_s0.csv
2026-02-02 16:16:50,068|INFO|random_mc2_n5_mid3_d1000_05_mr098_r10_190_uai_GSCC_n200_roTrue_s0: [0.0482,0.0613]	 11 runs	 rmse=0.09613	 T_learn=6070 ms. 	 T_infer=290 ms.
2026-02-02 16:16:50,090|INFO|random_mc2_n5_mid3_d1000_05_mr098_r10_137_uai_GSCC_n200_roFalse_s0: [0.3463,0.4020]	 29 runs	 rmse=0.04069	 T_learn=7686 ms. 	 T_infer=872 ms.
2026-02-02 16:16:50,098|INFO|random_mc2_n5_mid3_d1000_05_mr098_r10_190_uai_GSCC_n200_roTrue_s0: Saving results to ../results/synthetic/s123/random_mc2_n5_mid3_d1000_05_mr098_r10_190_uai_GSCC_n200_roTrue_s0.csv
2026-02-02 16:16:50,099|INFO|random_mc2_n5_mid3_d1000_05_mr098_r10_137_uai_GSCC_n200_roFalse_s0: Saving results to ../results/synthetic/s123/random_mc2_n5_mid3_d1000_05_mr098_r10_137_uai_GSCC_n200_roFalse_s0.csv
2026-02-02 16:16:50,174|INFO|random_mc2_n5_mid3_d1000_05_mr098_r10_195_uai_GSCC_n200_roFalse_s0: [0.1186,0.1767]	 17 runs	 rmse=0.17570	 T_learn=5325 ms. 	 T_infer=278 ms.
2026-02-02 16:16:50,180|INFO|random_mc2_n5_mid3_d1000_05_mr098_r10_195_uai_GSCC_n200_roFalse_s0: Saving results to ../results/synthetic/s123/random_mc2_n5_mid3_d1000_05_mr098_r10_195_uai_GSCC_n200_roFalse_s0.csv
2026-02-02 16:16:50,356|INFO|random_mc2_n5_mid3_d1000_05_mr098_r10_44_uai_GSCC_n200_roFalse_s0: [0.0156,0.0298]	 51 runs	 rmse=0.00196	 T_learn=14618 ms. 	 T_infer=2479 ms.
2026-02-02 16:16:50,362|INFO|random_mc2_n5_mid3_d1000_05_mr098_r10_44_uai_GSCC_n200_roFalse_s0: Saving results to ../results/synthetic/s123/random_mc2_n5_mid3_d1000_05_mr098_r10_44_uai_GSCC_n200_roFalse_s0.csv
2026-02-02 16:16:50,471|INFO|random_mc2_n5_mid3_d1000_05_mr098_r10_190_uai_GSCC_n200_roTrue_s0: [0.0482,0.0620]	 12 runs	 rmse=0.09555	 T_learn=6128 ms. 	 T_infer=315 ms.
2026-02-02 16:16:50,476|INFO|random_mc2_n5_mid3_d1000_05_mr098_r10_190_uai_GSCC_n200_roTrue_s0: Saving results to ../results/synthetic/s123/random_mc2_n5_mid3_d1000_05_mr098_r10_190_uai_GSCC_n200_roTrue_s0.csv
2026-02-02 16:16:50,521|INFO|random_mc2_n5_mid3_d1000_05_mr098_r10_195_uai_GSCC_n200_roFalse_s0: [0.1186,0.1767]	 18 runs	 rmse=0.17570	 T_learn=5374 ms. 	 T_infer=292 ms.
2026-02-02 16:16:50,525|INFO|random_mc2_n5_mid3_d1000_05_mr098_r10_195_uai_GSCC_n200_roFalse_s0: Saving results to ../results/synthetic/s123/random_mc2_n5_mid3_d1000_05_mr098_r10_195_uai_GSCC_n200_roFalse_s0.csv
2026-02-02 16:16:50,598|INFO|random_mc2_n6_mid3_d1000_05_mr098_r10_158_uai_GSCC_n200_roFalse_s0: [0.0241,0.0322]	 32 runs	 rmse=0.03307	 T_learn=7741 ms. 	 T_infer=807 ms.
2026-02-02 16:16:50,603|INFO|random_mc2_n6_mid3_d1000_05_mr098_r10_158_uai_GSCC_n200_roFalse_s0: Saving results to ../results/synthetic/s123/random_mc2_n6_mid3_d1000_05_mr098_r10_158_uai_GSCC_n200_roFalse_s0.csv
2026-02-02 16:16:50,687|INFO|random_mc2_n6_mid3_d1000_05_mr098_r10_72_uai_GSCC_n200_roTrue_s0: [0.0627,0.0918]	 50 runs	 rmse=0.04939	 T_learn=18176 ms. 	 T_infer=2395 ms.
2026-02-02 16:16:50,692|INFO|random_mc2_n6_mid3_d1000_05_mr098_r10_72_uai_GSCC_n200_roTrue_s0: Saving results to ../results/synthetic/s123/random_mc2_n6_mid3_d1000_05_mr098_r10_72_uai_GSCC_n200_roTrue_s0.csv
2026-02-02 16:16:50,721|INFO|random_mc2_n5_mid3_d1000_05_mr098_r10_169_uai_GSCC_n200_roTrue_s0: [0.1389,0.2506]	 70 runs	 rmse=0.24940	 T_learn=7313 ms. 	 T_infer=739 ms.
2026-02-02 16:16:50,726|INFO|random_mc2_n5_mid3_d1000_05_mr098_r10_169_uai_GSCC_n200_roTrue_s0: Saving results to ../results/synthetic/s123/random_mc2_n5_mid3_d1000_05_mr098_r10_169_uai_GSCC_n200_roTrue_s0.csv
2026-02-02 16:16:50,744|INFO|random_mc2_n6_mid3_d1000_05_mr098_r10_169_uai_GSCC_n200_roFalse_s0: [0.0093,0.0307]	 65 runs	 rmse=0.01320	 T_learn=15555 ms. 	 T_infer=1934 ms.
2026-02-02 16:16:50,750|INFO|random_mc2_n6_mid3_d1000_05_mr098_r10_169_uai_GSCC_n200_roFalse_s0: Saving results to ../results/synthetic/s123/random_mc2_n6_mid3_d1000_05_mr098_r10_169_uai_GSCC_n200_roFalse_s0.csv
2026-02-02 16:16:50,877|INFO|random_mc2_n5_mid3_d1000_05_mr098_r10_190_uai_GSCC_n200_roTrue_s0: [0.0482,0.0620]	 13 runs	 rmse=0.09555	 T_learn=6189 ms. 	 T_infer=340 ms.
2026-02-02 16:16:50,881|INFO|random_mc2_n5_mid3_d1000_05_mr098_r10_190_uai_GSCC_n200_roTrue_s0: Saving results to ../results/synthetic/s123/random_mc2_n5_mid3_d1000_05_mr098_r10_190_uai_GSCC_n200_roTrue_s0.csv
2026-02-02 16:16:50,883|INFO|random_mc2_n5_mid3_d1000_05_mr098_r10_195_uai_GSCC_n200_roFalse_s0: [0.1186,0.1767]	 19 runs	 rmse=0.17570	 T_learn=5423 ms. 	 T_infer=308 ms.
2026-02-02 16:16:50,887|INFO|random_mc2_n5_mid3_d1000_05_mr098_r10_195_uai_GSCC_n200_roFalse_s0: Saving results to ../results/synthetic/s123/random_mc2_n5_mid3_d1000_05_mr098_r10_195_uai_GSCC_n200_roFalse_s0.csv
2026-02-02 16:16:51,108|INFO|random_mc2_n5_mid3_d1000_05_mr098_r10_31_uai_GSCC_n200_roTrue_s0: [0.0901,0.1267]	 52 runs	 rmse=0.15584	 T_learn=9719 ms. 	 T_infer=1132 ms.
2026-02-02 16:16:51,114|INFO|random_mc2_n5_mid3_d1000_05_mr098_r10_31_uai_GSCC_n200_roTrue_s0: Saving results to ../results/synthetic/s123/random_mc2_n5_mid3_d1000_05_mr098_r10_31_uai_GSCC_n200_roTrue_s0.csv
2026-02-02 16:16:51,133|INFO|random_mc2_n5_mid3_d1000_05_mr098_r10_137_uai_GSCC_n200_roFalse_s0: [0.3463,0.4020]	 30 runs	 rmse=0.04069	 T_learn=7821 ms. 	 T_infer=899 ms.
2026-02-02 16:16:51,138|INFO|random_mc2_n5_mid3_d1000_05_mr098_r10_137_uai_GSCC_n200_roFalse_s0: Saving results to ../results/synthetic/s123/random_mc2_n5_mid3_d1000_05_mr098_r10_137_uai_GSCC_n200_roFalse_s0.csv
2026-02-02 16:16:51,139|INFO|random_mc2_n6_mid3_d1000_05_mr098_r10_71_uai_GSCC_n200_roFalse_s0: [0.5153,0.6112]	 48 runs	 rmse=0.01565	 T_learn=16634 ms. 	 T_infer=2581 ms.
2026-02-02 16:16:51,144|INFO|random_mc2_n6_mid3_d1000_05_mr098_r10_71_uai_GSCC_n200_roFalse_s0: Saving results to ../results/synthetic/s123/random_mc2_n6_mid3_d1000_05_mr098_r10_71_uai_GSCC_n200_roFalse_s0.csv
2026-02-02 16:16:51,255|INFO|random_mc2_n5_mid3_d1000_05_mr098_r10_102_uai_GSCC_n200_roTrue_s0: [0.3034,0.4056]	 61 runs	 rmse=0.08208	 T_learn=10993 ms. 	 T_infer=1497 ms.
2026-02-02 16:16:51,260|INFO|random_mc2_n5_mid3_d1000_05_mr098_r10_102_uai_GSCC_n200_roTrue_s0: Saving results to ../results/synthetic/s123/random_mc2_n5_mid3_d1000_05_mr098_r10_102_uai_GSCC_n200_roTrue_s0.csv
2026-02-02 16:16:51,266|INFO|random_mc2_n5_mid3_d1000_05_mr098_r10_195_uai_GSCC_n200_roFalse_s0: [0.1186,0.1767]	 20 runs	 rmse=0.17570	 T_learn=5474 ms. 	 T_infer=328 ms.
2026-02-02 16:16:51,270|INFO|random_mc2_n5_mid3_d1000_05_mr098_r10_195_uai_GSCC_n200_roFalse_s0: Saving results to ../results/synthetic/s123/random_mc2_n5_mid3_d1000_05_mr098_r10_195_uai_GSCC_n200_roFalse_s0.csv
2026-02-02 16:16:51,310|INFO|random_mc2_n5_mid3_d1000_05_mr098_r10_190_uai_GSCC_n200_roTrue_s0: [0.0482,0.0669]	 14 runs	 rmse=0.09135	 T_learn=6252 ms. 	 T_infer=366 ms.
2026-02-02 16:16:51,315|INFO|random_mc2_n5_mid3_d1000_05_mr098_r10_190_uai_GSCC_n200_roTrue_s0: Saving results to ../results/synthetic/s123/random_mc2_n5_mid3_d1000_05_mr098_r10_190_uai_GSCC_n200_roTrue_s0.csv
2026-02-02 16:16:51,541|INFO|random_mc2_n6_mid3_d1000_05_mr098_r10_158_uai_GSCC_n200_roFalse_s0: [0.0241,0.0322]	 33 runs	 rmse=0.03307	 T_learn=7845 ms. 	 T_infer=833 ms.
2026-02-02 16:16:51,546|INFO|random_mc2_n6_mid3_d1000_05_mr098_r10_158_uai_GSCC_n200_roFalse_s0: Saving results to ../results/synthetic/s123/random_mc2_n6_mid3_d1000_05_mr098_r10_158_uai_GSCC_n200_roFalse_s0.csv
2026-02-02 16:16:51,569|INFO|random_mc2_n5_mid3_d1000_05_mr098_r10_169_uai_GSCC_n200_roTrue_s0: [0.1389,0.2506]	 71 runs	 rmse=0.24940	 T_learn=7403 ms. 	 T_infer=752 ms.
2026-02-02 16:16:51,575|INFO|random_mc2_n5_mid3_d1000_05_mr098_r10_169_uai_GSCC_n200_roTrue_s0: Saving results to ../results/synthetic/s123/random_mc2_n5_mid3_d1000_05_mr098_r10_169_uai_GSCC_n200_roTrue_s0.csv
2026-02-02 16:16:51,581|INFO|random_mc2_n5_mid3_d1000_05_mr098_r10_74_uai_GSCC_n200_roTrue_s0: [0.3231,0.3798]	 19 runs	 rmse=0.14914	 T_learn=9626 ms. 	 T_infer=1485 ms.
2026-02-02 16:16:51,585|INFO|random_mc2_n5_mid3_d1000_05_mr098_r10_74_uai_GSCC_n200_roTrue_s0: Saving results to ../results/synthetic/s123/random_mc2_n5_mid3_d1000_05_mr098_r10_74_uai_GSCC_n200_roTrue_s0.csv
2026-02-02 16:16:51,670|INFO|random_mc2_n5_mid3_d1000_05_mr098_r10_195_uai_GSCC_n200_roFalse_s0: [0.1186,0.1816]	 21 runs	 rmse=0.17084	 T_learn=5528 ms. 	 T_infer=346 ms.
2026-02-02 16:16:51,675|INFO|random_mc2_n5_mid3_d1000_05_mr098_r10_195_uai_GSCC_n200_roFalse_s0: Saving results to ../results/synthetic/s123/random_mc2_n5_mid3_d1000_05_mr098_r10_195_uai_GSCC_n200_roFalse_s0.csv
2026-02-02 16:16:51,776|INFO|random_mc2_n5_mid3_d1000_05_mr098_r10_190_uai_GSCC_n200_roTrue_s0: [0.0482,0.0669]	 15 runs	 rmse=0.09135	 T_learn=6317 ms. 	 T_infer=396 ms.
2026-02-02 16:16:51,780|INFO|random_mc2_n5_mid3_d1000_05_mr098_r10_190_uai_GSCC_n200_roTrue_s0: Saving results to ../results/synthetic/s123/random_mc2_n5_mid3_d1000_05_mr098_r10_190_uai_GSCC_n200_roTrue_s0.csv
2026-02-02 16:16:51,812|INFO|random_mc2_n5_mid3_d1000_05_mr098_r10_141_uai_GSCC_n200_roTrue_s0: [0.1082,0.1946]	 56 runs	 rmse=0.11245	 T_learn=15475 ms. 	 T_infer=2410 ms.
2026-02-02 16:16:51,818|INFO|random_mc2_n5_mid3_d1000_05_mr098_r10_141_uai_GSCC_n200_roTrue_s0: Saving results to ../results/synthetic/s123/random_mc2_n5_mid3_d1000_05_mr098_r10_141_uai_GSCC_n200_roTrue_s0.csv
2026-02-02 16:16:52,091|INFO|random_mc2_n5_mid3_d1000_05_mr098_r10_195_uai_GSCC_n200_roFalse_s0: [0.1186,0.1816]	 22 runs	 rmse=0.17084	 T_learn=5582 ms. 	 T_infer=362 ms.
2026-02-02 16:16:52,097|INFO|random_mc2_n5_mid3_d1000_05_mr098_r10_195_uai_GSCC_n200_roFalse_s0: Saving results to ../results/synthetic/s123/random_mc2_n5_mid3_d1000_05_mr098_r10_195_uai_GSCC_n200_roFalse_s0.csv
2026-02-02 16:16:52,272|INFO|random_mc2_n5_mid3_d1000_05_mr098_r10_190_uai_GSCC_n200_roTrue_s0: [0.0482,0.0669]	 16 runs	 rmse=0.09135	 T_learn=6384 ms. 	 T_infer=424 ms.
2026-02-02 16:16:52,277|INFO|random_mc2_n5_mid3_d1000_05_mr098_r10_190_uai_GSCC_n200_roTrue_s0: Saving results to ../results/synthetic/s123/random_mc2_n5_mid3_d1000_05_mr098_r10_190_uai_GSCC_n200_roTrue_s0.csv
2026-02-02 16:16:52,347|INFO|random_mc2_n5_mid3_d1000_05_mr098_r10_137_uai_GSCC_n200_roFalse_s0: [0.3463,0.4020]	 31 runs	 rmse=0.04069	 T_learn=7959 ms. 	 T_infer=1071 ms.
2026-02-02 16:16:52,353|INFO|random_mc2_n5_mid3_d1000_05_mr098_r10_137_uai_GSCC_n200_roFalse_s0: Saving results to ../results/synthetic/s123/random_mc2_n5_mid3_d1000_05_mr098_r10_137_uai_GSCC_n200_roFalse_s0.csv
2026-02-02 16:16:52,420|INFO|random_mc2_n5_mid3_d1000_05_mr098_r10_31_uai_GSCC_n200_roTrue_s0: [0.0901,0.1267]	 53 runs	 rmse=0.15584	 T_learn=9870 ms. 	 T_infer=1155 ms.
2026-02-02 16:16:52,425|INFO|random_mc2_n5_mid3_d1000_05_mr098_r10_31_uai_GSCC_n200_roTrue_s0: Saving results to ../results/synthetic/s123/random_mc2_n5_mid3_d1000_05_mr098_r10_31_uai_GSCC_n200_roTrue_s0.csv
2026-02-02 16:16:52,430|INFO|random_mc2_n5_mid3_d1000_05_mr098_r10_169_uai_GSCC_n200_roTrue_s0: [0.1389,0.2506]	 72 runs	 rmse=0.24940	 T_learn=7496 ms. 	 T_infer=762 ms.
2026-02-02 16:16:52,435|INFO|random_mc2_n5_mid3_d1000_05_mr098_r10_169_uai_GSCC_n200_roTrue_s0: Saving results to ../results/synthetic/s123/random_mc2_n5_mid3_d1000_05_mr098_r10_169_uai_GSCC_n200_roTrue_s0.csv
2026-02-02 16:16:52,484|INFO|random_mc2_n6_mid3_d1000_05_mr098_r10_28_uai_GSCC_n200_roFalse_s0: [0.4729,0.5473]	 46 runs	 rmse=0.11167	 T_learn=14437 ms. 	 T_infer=2472 ms.
2026-02-02 16:16:52,490|INFO|random_mc2_n6_mid3_d1000_05_mr098_r10_28_uai_GSCC_n200_roFalse_s0: Saving results to ../results/synthetic/s123/random_mc2_n6_mid3_d1000_05_mr098_r10_28_uai_GSCC_n200_roFalse_s0.csv
2026-02-02 16:16:52,513|INFO|random_mc2_n6_mid3_d1000_05_mr098_r10_158_uai_GSCC_n200_roFalse_s0: [0.0241,0.0327]	 34 runs	 rmse=0.03337	 T_learn=7952 ms. 	 T_infer=861 ms.
2026-02-02 16:16:52,519|INFO|random_mc2_n6_mid3_d1000_05_mr098_r10_158_uai_GSCC_n200_roFalse_s0: Saving results to ../results/synthetic/s123/random_mc2_n6_mid3_d1000_05_mr098_r10_158_uai_GSCC_n200_roFalse_s0.csv
2026-02-02 16:16:52,526|INFO|random_mc2_n5_mid3_d1000_05_mr098_r10_195_uai_GSCC_n200_roFalse_s0: [0.1186,0.1816]	 23 runs	 rmse=0.17084	 T_learn=5638 ms. 	 T_infer=373 ms.
2026-02-02 16:16:52,530|INFO|random_mc2_n5_mid3_d1000_05_mr098_r10_195_uai_GSCC_n200_roFalse_s0: Saving results to ../results/synthetic/s123/random_mc2_n5_mid3_d1000_05_mr098_r10_195_uai_GSCC_n200_roFalse_s0.csv
2026-02-02 16:16:52,791|INFO|random_mc2_n5_mid3_d1000_05_mr098_r10_190_uai_GSCC_n200_roTrue_s0: [0.0482,0.0669]	 17 runs	 rmse=0.09135	 T_learn=6455 ms. 	 T_infer=443 ms.
2026-02-02 16:16:52,796|INFO|random_mc2_n5_mid3_d1000_05_mr098_r10_190_uai_GSCC_n200_roTrue_s0: Saving results to ../results/synthetic/s123/random_mc2_n5_mid3_d1000_05_mr098_r10_190_uai_GSCC_n200_roTrue_s0.csv
2026-02-02 16:16:52,935|INFO|random_mc2_n6_mid3_d1000_05_mr098_r10_169_uai_GSCC_n200_roFalse_s0: [0.0093,0.0307]	 66 runs	 rmse=0.01320	 T_learn=15777 ms. 	 T_infer=1963 ms.
2026-02-02 16:16:52,940|INFO|random_mc2_n6_mid3_d1000_05_mr098_r10_169_uai_GSCC_n200_roFalse_s0: Saving results to ../results/synthetic/s123/random_mc2_n6_mid3_d1000_05_mr098_r10_169_uai_GSCC_n200_roFalse_s0.csv
2026-02-02 16:16:52,942|INFO|random_mc2_n5_mid3_d1000_05_mr098_r10_102_uai_GSCC_n200_roTrue_s0: [0.3034,0.4056]	 62 runs	 rmse=0.08208	 T_learn=11148 ms. 	 T_infer=1527 ms.
2026-02-02 16:16:52,947|INFO|random_mc2_n5_mid3_d1000_05_mr098_r10_102_uai_GSCC_n200_roTrue_s0: Saving results to ../results/synthetic/s123/random_mc2_n5_mid3_d1000_05_mr098_r10_102_uai_GSCC_n200_roTrue_s0.csv
2026-02-02 16:16:52,982|INFO|random_mc2_n5_mid3_d1000_05_mr098_r10_195_uai_GSCC_n200_roFalse_s0: [0.1186,0.1816]	 24 runs	 rmse=0.17084	 T_learn=5695 ms. 	 T_infer=394 ms.
2026-02-02 16:16:52,987|INFO|random_mc2_n5_mid3_d1000_05_mr098_r10_195_uai_GSCC_n200_roFalse_s0: Saving results to ../results/synthetic/s123/random_mc2_n5_mid3_d1000_05_mr098_r10_195_uai_GSCC_n200_roFalse_s0.csv
2026-02-02 16:16:53,228|INFO|random_mc2_n5_mid3_d1000_05_mr098_r10_44_uai_GSCC_n200_roFalse_s0: [0.0156,0.0298]	 52 runs	 rmse=0.00196	 T_learn=14957 ms. 	 T_infer=2527 ms.
2026-02-02 16:16:53,233|INFO|random_mc2_n5_mid3_d1000_05_mr098_r10_44_uai_GSCC_n200_roFalse_s0: Saving results to ../results/synthetic/s123/random_mc2_n5_mid3_d1000_05_mr098_r10_44_uai_GSCC_n200_roFalse_s0.csv
2026-02-02 16:16:53,301|INFO|random_mc2_n5_mid3_d1000_05_mr098_r10_169_uai_GSCC_n200_roTrue_s0: [0.1389,0.2506]	 73 runs	 rmse=0.24940	 T_learn=7588 ms. 	 T_infer=773 ms.
2026-02-02 16:16:53,307|INFO|random_mc2_n5_mid3_d1000_05_mr098_r10_169_uai_GSCC_n200_roTrue_s0: Saving results to ../results/synthetic/s123/random_mc2_n5_mid3_d1000_05_mr098_r10_169_uai_GSCC_n200_roTrue_s0.csv
2026-02-02 16:16:53,341|INFO|random_mc2_n5_mid3_d1000_05_mr098_r10_190_uai_GSCC_n200_roTrue_s0: [0.0482,0.0669]	 18 runs	 rmse=0.09135	 T_learn=6527 ms. 	 T_infer=473 ms.
2026-02-02 16:16:53,346|INFO|random_mc2_n5_mid3_d1000_05_mr098_r10_190_uai_GSCC_n200_roTrue_s0: Saving results to ../results/synthetic/s123/random_mc2_n5_mid3_d1000_05_mr098_r10_190_uai_GSCC_n200_roTrue_s0.csv
2026-02-02 16:16:53,383|INFO|random_mc2_n5_mid3_d1000_05_mr098_r10_74_uai_GSCC_n200_roTrue_s0: [0.3231,0.3798]	 20 runs	 rmse=0.14914	 T_learn=9861 ms. 	 T_infer=1563 ms.
2026-02-02 16:16:53,388|INFO|random_mc2_n5_mid3_d1000_05_mr098_r10_74_uai_GSCC_n200_roTrue_s0: Saving results to ../results/synthetic/s123/random_mc2_n5_mid3_d1000_05_mr098_r10_74_uai_GSCC_n200_roTrue_s0.csv
2026-02-02 16:16:53,449|INFO|random_mc2_n5_mid3_d1000_05_mr098_r10_137_uai_GSCC_n200_roFalse_s0: [0.3463,0.4020]	 32 runs	 rmse=0.04069	 T_learn=8101 ms. 	 T_infer=954 ms.
2026-02-02 16:16:53,453|INFO|random_mc2_n5_mid3_d1000_05_mr098_r10_195_uai_GSCC_n200_roFalse_s0: [0.1186,0.1816]	 25 runs	 rmse=0.17084	 T_learn=5753 ms. 	 T_infer=408 ms.
2026-02-02 16:16:53,455|INFO|random_mc2_n5_mid3_d1000_05_mr098_r10_137_uai_GSCC_n200_roFalse_s0: Saving results to ../results/synthetic/s123/random_mc2_n5_mid3_d1000_05_mr098_r10_137_uai_GSCC_n200_roFalse_s0.csv
2026-02-02 16:16:53,458|INFO|random_mc2_n5_mid3_d1000_05_mr098_r10_195_uai_GSCC_n200_roFalse_s0: Saving results to ../results/synthetic/s123/random_mc2_n5_mid3_d1000_05_mr098_r10_195_uai_GSCC_n200_roFalse_s0.csv
2026-02-02 16:16:53,476|INFO|random_mc2_n6_mid3_d1000_05_mr098_r10_72_uai_GSCC_n200_roTrue_s0: [0.0627,0.0918]	 51 runs	 rmse=0.04939	 T_learn=18519 ms. 	 T_infer=2442 ms.
2026-02-02 16:16:53,482|INFO|random_mc2_n6_mid3_d1000_05_mr098_r10_72_uai_GSCC_n200_roTrue_s0: Saving results to ../results/synthetic/s123/random_mc2_n6_mid3_d1000_05_mr098_r10_72_uai_GSCC_n200_roTrue_s0.csv
2026-02-02 16:16:53,513|INFO|random_mc2_n6_mid3_d1000_05_mr098_r10_158_uai_GSCC_n200_roFalse_s0: [0.0241,0.0327]	 35 runs	 rmse=0.03337	 T_learn=8060 ms. 	 T_infer=885 ms.
2026-02-02 16:16:53,518|INFO|random_mc2_n6_mid3_d1000_05_mr098_r10_158_uai_GSCC_n200_roFalse_s0: Saving results to ../results/synthetic/s123/random_mc2_n6_mid3_d1000_05_mr098_r10_158_uai_GSCC_n200_roFalse_s0.csv
2026-02-02 16:16:53,748|INFO|random_mc2_n5_mid3_d1000_05_mr098_r10_31_uai_GSCC_n200_roTrue_s0: [0.0901,0.1267]	 54 runs	 rmse=0.15584	 T_learn=10022 ms. 	 T_infer=1171 ms.
2026-02-02 16:16:53,753|INFO|random_mc2_n5_mid3_d1000_05_mr098_r10_31_uai_GSCC_n200_roTrue_s0: Saving results to ../results/synthetic/s123/random_mc2_n5_mid3_d1000_05_mr098_r10_31_uai_GSCC_n200_roTrue_s0.csv
2026-02-02 16:16:53,917|INFO|random_mc2_n5_mid3_d1000_05_mr098_r10_190_uai_GSCC_n200_roTrue_s0: [0.0482,0.0669]	 19 runs	 rmse=0.09135	 T_learn=6601 ms. 	 T_infer=496 ms.
2026-02-02 16:16:53,922|INFO|random_mc2_n5_mid3_d1000_05_mr098_r10_190_uai_GSCC_n200_roTrue_s0: Saving results to ../results/synthetic/s123/random_mc2_n5_mid3_d1000_05_mr098_r10_190_uai_GSCC_n200_roTrue_s0.csv
2026-02-02 16:16:53,941|INFO|random_mc2_n5_mid3_d1000_05_mr098_r10_195_uai_GSCC_n200_roFalse_s0: [0.1186,0.1816]	 26 runs	 rmse=0.17084	 T_learn=5813 ms. 	 T_infer=423 ms.
2026-02-02 16:16:53,947|INFO|random_mc2_n5_mid3_d1000_05_mr098_r10_195_uai_GSCC_n200_roFalse_s0: Saving results to ../results/synthetic/s123/random_mc2_n5_mid3_d1000_05_mr098_r10_195_uai_GSCC_n200_roFalse_s0.csv
2026-02-02 16:16:54,150|INFO|random_mc2_n6_mid3_d1000_05_mr098_r10_71_uai_GSCC_n200_roFalse_s0: [0.5153,0.6112]	 49 runs	 rmse=0.01565	 T_learn=17004 ms. 	 T_infer=2636 ms.
2026-02-02 16:16:54,155|INFO|random_mc2_n6_mid3_d1000_05_mr098_r10_71_uai_GSCC_n200_roFalse_s0: Saving results to ../results/synthetic/s123/random_mc2_n6_mid3_d1000_05_mr098_r10_71_uai_GSCC_n200_roFalse_s0.csv
2026-02-02 16:16:54,180|INFO|random_mc2_n5_mid3_d1000_05_mr098_r10_169_uai_GSCC_n200_roTrue_s0: [0.1389,0.2506]	 74 runs	 rmse=0.24940	 T_learn=7681 ms. 	 T_infer=780 ms.
2026-02-02 16:16:54,185|INFO|random_mc2_n5_mid3_d1000_05_mr098_r10_169_uai_GSCC_n200_roTrue_s0: Saving results to ../results/synthetic/s123/random_mc2_n5_mid3_d1000_05_mr098_r10_169_uai_GSCC_n200_roTrue_s0.csv
2026-02-02 16:16:54,448|INFO|random_mc2_n5_mid3_d1000_05_mr098_r10_195_uai_GSCC_n200_roFalse_s0: [0.1186,0.1816]	 27 runs	 rmse=0.17084	 T_learn=5874 ms. 	 T_infer=440 ms.
2026-02-02 16:16:54,451|INFO|random_mc2_n5_mid3_d1000_05_mr098_r10_141_uai_GSCC_n200_roTrue_s0: [0.1082,0.1946]	 57 runs	 rmse=0.11245	 T_learn=15781 ms. 	 T_infer=2328 ms.
2026-02-02 16:16:54,452|INFO|random_mc2_n5_mid3_d1000_05_mr098_r10_195_uai_GSCC_n200_roFalse_s0: Saving results to ../results/synthetic/s123/random_mc2_n5_mid3_d1000_05_mr098_r10_195_uai_GSCC_n200_roFalse_s0.csv
2026-02-02 16:16:54,456|INFO|random_mc2_n5_mid3_d1000_05_mr098_r10_141_uai_GSCC_n200_roTrue_s0: Saving results to ../results/synthetic/s123/random_mc2_n5_mid3_d1000_05_mr098_r10_141_uai_GSCC_n200_roTrue_s0.csv
2026-02-02 16:16:54,524|INFO|random_mc2_n5_mid3_d1000_05_mr098_r10_190_uai_GSCC_n200_roTrue_s0: [0.0482,0.0669]	 20 runs	 rmse=0.09135	 T_learn=6678 ms. 	 T_infer=525 ms.
2026-02-02 16:16:54,528|INFO|random_mc2_n5_mid3_d1000_05_mr098_r10_190_uai_GSCC_n200_roTrue_s0: Saving results to ../results/synthetic/s123/random_mc2_n5_mid3_d1000_05_mr098_r10_190_uai_GSCC_n200_roTrue_s0.csv
2026-02-02 16:16:54,540|INFO|random_mc2_n6_mid3_d1000_05_mr098_r10_158_uai_GSCC_n200_roFalse_s0: [0.0241,0.0327]	 36 runs	 rmse=0.03337	 T_learn=8171 ms. 	 T_infer=910 ms.
2026-02-02 16:16:54,544|INFO|random_mc2_n6_mid3_d1000_05_mr098_r10_158_uai_GSCC_n200_roFalse_s0: Saving results to ../results/synthetic/s123/random_mc2_n6_mid3_d1000_05_mr098_r10_158_uai_GSCC_n200_roFalse_s0.csv
2026-02-02 16:16:54,587|INFO|random_mc2_n5_mid3_d1000_05_mr098_r10_137_uai_GSCC_n200_roFalse_s0: [0.3463,0.4020]	 33 runs	 rmse=0.04069	 T_learn=8246 ms. 	 T_infer=987 ms.
2026-02-02 16:16:54,592|INFO|random_mc2_n5_mid3_d1000_05_mr098_r10_137_uai_GSCC_n200_roFalse_s0: Saving results to ../results/synthetic/s123/random_mc2_n5_mid3_d1000_05_mr098_r10_137_uai_GSCC_n200_roFalse_s0.csv
2026-02-02 16:16:54,657|INFO|random_mc2_n5_mid3_d1000_05_mr098_r10_102_uai_GSCC_n200_roTrue_s0: [0.3034,0.4056]	 63 runs	 rmse=0.08208	 T_learn=11305 ms. 	 T_infer=1552 ms.
2026-02-02 16:16:54,662|INFO|random_mc2_n5_mid3_d1000_05_mr098_r10_102_uai_GSCC_n200_roTrue_s0: Saving results to ../results/synthetic/s123/random_mc2_n5_mid3_d1000_05_mr098_r10_102_uai_GSCC_n200_roTrue_s0.csv
2026-02-02 16:16:54,975|INFO|random_mc2_n5_mid3_d1000_05_mr098_r10_195_uai_GSCC_n200_roFalse_s0: [0.1186,0.1816]	 28 runs	 rmse=0.17084	 T_learn=5937 ms. 	 T_infer=461 ms.
2026-02-02 16:16:54,981|INFO|random_mc2_n5_mid3_d1000_05_mr098_r10_195_uai_GSCC_n200_roFalse_s0: Saving results to ../results/synthetic/s123/random_mc2_n5_mid3_d1000_05_mr098_r10_195_uai_GSCC_n200_roFalse_s0.csv
2026-02-02 16:16:55,104|INFO|random_mc2_n5_mid3_d1000_05_mr098_r10_31_uai_GSCC_n200_roTrue_s0: [0.0901,0.1267]	 55 runs	 rmse=0.15584	 T_learn=10178 ms. 	 T_infer=1195 ms.
2026-02-02 16:16:55,109|INFO|random_mc2_n5_mid3_d1000_05_mr098_r10_31_uai_GSCC_n200_roTrue_s0: Saving results to ../results/synthetic/s123/random_mc2_n5_mid3_d1000_05_mr098_r10_31_uai_GSCC_n200_roTrue_s0.csv
2026-02-02 16:16:55,157|INFO|random_mc2_n6_mid3_d1000_05_mr098_r10_169_uai_GSCC_n200_roFalse_s0: [0.0093,0.0307]	 67 runs	 rmse=0.01320	 T_learn=16001 ms. 	 T_infer=1993 ms.
2026-02-02 16:16:55,158|INFO|random_mc2_n5_mid3_d1000_05_mr098_r10_190_uai_GSCC_n200_roTrue_s0: [0.0482,0.0673]	 21 runs	 rmse=0.09101	 T_learn=6758 ms. 	 T_infer=551 ms.
2026-02-02 16:16:55,163|INFO|random_mc2_n5_mid3_d1000_05_mr098_r10_190_uai_GSCC_n200_roTrue_s0: Saving results to ../results/synthetic/s123/random_mc2_n5_mid3_d1000_05_mr098_r10_190_uai_GSCC_n200_roTrue_s0.csv
2026-02-02 16:16:55,163|INFO|random_mc2_n6_mid3_d1000_05_mr098_r10_169_uai_GSCC_n200_roFalse_s0: Saving results to ../results/synthetic/s123/random_mc2_n6_mid3_d1000_05_mr098_r10_169_uai_GSCC_n200_roFalse_s0.csv
2026-02-02 16:16:55,209|INFO|random_mc2_n6_mid3_d1000_05_mr098_r10_28_uai_GSCC_n200_roFalse_s0: [0.4729,0.5473]	 47 runs	 rmse=0.11167	 T_learn=14768 ms. 	 T_infer=2388 ms.
2026-02-02 16:16:55,213|INFO|random_mc2_n6_mid3_d1000_05_mr098_r10_28_uai_GSCC_n200_roFalse_s0: Saving results to ../results/synthetic/s123/random_mc2_n6_mid3_d1000_05_mr098_r10_28_uai_GSCC_n200_roFalse_s0.csv
2026-02-02 16:16:55,217|INFO|random_mc2_n5_mid3_d1000_05_mr098_r10_169_uai_GSCC_n200_roTrue_s0: [0.1389,0.2506]	 75 runs	 rmse=0.24940	 T_learn=7776 ms. 	 T_infer=937 ms.
2026-02-02 16:16:55,223|INFO|random_mc2_n5_mid3_d1000_05_mr098_r10_169_uai_GSCC_n200_roTrue_s0: Saving results to ../results/synthetic/s123/random_mc2_n5_mid3_d1000_05_mr098_r10_169_uai_GSCC_n200_roTrue_s0.csv
2026-02-02 16:16:55,274|INFO|random_mc2_n5_mid3_d1000_05_mr098_r10_74_uai_GSCC_n200_roTrue_s0: [0.3231,0.3798]	 21 runs	 rmse=0.14914	 T_learn=10105 ms. 	 T_infer=1641 ms.
2026-02-02 16:16:55,278|INFO|random_mc2_n5_mid3_d1000_05_mr098_r10_74_uai_GSCC_n200_roTrue_s0: Saving results to ../results/synthetic/s123/random_mc2_n5_mid3_d1000_05_mr098_r10_74_uai_GSCC_n200_roTrue_s0.csv
2026-02-02 16:16:55,520|INFO|random_mc2_n5_mid3_d1000_05_mr098_r10_195_uai_GSCC_n200_roFalse_s0: [0.1186,0.1816]	 29 runs	 rmse=0.17084	 T_learn=6001 ms. 	 T_infer=475 ms.
2026-02-02 16:16:55,525|INFO|random_mc2_n5_mid3_d1000_05_mr098_r10_195_uai_GSCC_n200_roFalse_s0: Saving results to ../results/synthetic/s123/random_mc2_n5_mid3_d1000_05_mr098_r10_195_uai_GSCC_n200_roFalse_s0.csv
2026-02-02 16:16:55,591|INFO|random_mc2_n6_mid3_d1000_05_mr098_r10_158_uai_GSCC_n200_roFalse_s0: [0.0241,0.0327]	 37 runs	 rmse=0.03337	 T_learn=8284 ms. 	 T_infer=933 ms.
2026-02-02 16:16:55,595|INFO|random_mc2_n6_mid3_d1000_05_mr098_r10_158_uai_GSCC_n200_roFalse_s0: Saving results to ../results/synthetic/s123/random_mc2_n6_mid3_d1000_05_mr098_r10_158_uai_GSCC_n200_roFalse_s0.csv
2026-02-02 16:16:55,760|INFO|random_mc2_n5_mid3_d1000_05_mr098_r10_137_uai_GSCC_n200_roFalse_s0: [0.3463,0.4020]	 34 runs	 rmse=0.04069	 T_learn=8394 ms. 	 T_infer=1020 ms.
2026-02-02 16:16:55,765|INFO|random_mc2_n5_mid3_d1000_05_mr098_r10_137_uai_GSCC_n200_roFalse_s0: Saving results to ../results/synthetic/s123/random_mc2_n5_mid3_d1000_05_mr098_r10_137_uai_GSCC_n200_roFalse_s0.csv
2026-02-02 16:16:55,819|INFO|random_mc2_n5_mid3_d1000_05_mr098_r10_190_uai_GSCC_n200_roTrue_s0: [0.0482,0.0673]	 22 runs	 rmse=0.09101	 T_learn=6839 ms. 	 T_infer=575 ms.
2026-02-02 16:16:55,823|INFO|random_mc2_n5_mid3_d1000_05_mr098_r10_190_uai_GSCC_n200_roTrue_s0: Saving results to ../results/synthetic/s123/random_mc2_n5_mid3_d1000_05_mr098_r10_190_uai_GSCC_n200_roTrue_s0.csv
2026-02-02 16:16:56,078|INFO|random_mc2_n5_mid3_d1000_05_mr098_r10_195_uai_GSCC_n200_roFalse_s0: [0.1186,0.1816]	 30 runs	 rmse=0.17084	 T_learn=6067 ms. 	 T_infer=488 ms.
2026-02-02 16:16:56,084|INFO|random_mc2_n5_mid3_d1000_05_mr098_r10_195_uai_GSCC_n200_roFalse_s0: Saving results to ../results/synthetic/s123/random_mc2_n5_mid3_d1000_05_mr098_r10_195_uai_GSCC_n200_roFalse_s0.csv
2026-02-02 16:16:56,123|INFO|random_mc2_n5_mid3_d1000_05_mr098_r10_169_uai_GSCC_n200_roTrue_s0: [0.1389,0.2506]	 76 runs	 rmse=0.24940	 T_learn=7873 ms. 	 T_infer=803 ms.
2026-02-02 16:16:56,128|INFO|random_mc2_n5_mid3_d1000_05_mr098_r10_169_uai_GSCC_n200_roTrue_s0: Saving results to ../results/synthetic/s123/random_mc2_n5_mid3_d1000_05_mr098_r10_169_uai_GSCC_n200_roTrue_s0.csv
2026-02-02 16:16:56,158|INFO|random_mc2_n5_mid3_d1000_05_mr098_r10_44_uai_GSCC_n200_roFalse_s0: [0.0156,0.0298]	 53 runs	 rmse=0.00196	 T_learn=15302 ms. 	 T_infer=2579 ms.
2026-02-02 16:16:56,163|INFO|random_mc2_n5_mid3_d1000_05_mr098_r10_44_uai_GSCC_n200_roFalse_s0: Saving results to ../results/synthetic/s123/random_mc2_n5_mid3_d1000_05_mr098_r10_44_uai_GSCC_n200_roFalse_s0.csv
2026-02-02 16:16:56,313|INFO|random_mc2_n6_mid3_d1000_05_mr098_r10_144_uai_GSCC_n200_roTrue_s0: Loading model from ../models/synthetic/s123/random_mc2_n6_mid3_d1000_05_mr098_r10_144.uai
2026-02-02 16:16:56,320|INFO|random_mc2_n6_mid3_d1000_05_mr098_r10_72_uai_GSCC_n200_roTrue_s0: [0.0627,0.0918]	 52 runs	 rmse=0.04939	 T_learn=18865 ms. 	 T_infer=2491 ms.
2026-02-02 16:16:56,325|INFO|random_mc2_n6_mid3_d1000_05_mr098_r10_72_uai_GSCC_n200_roTrue_s0: Saving results to ../results/synthetic/s123/random_mc2_n6_mid3_d1000_05_mr098_r10_72_uai_GSCC_n200_roTrue_s0.csv
2026-02-02 16:16:56,324|INFO|random_mc2_n6_mid3_d1000_05_mr098_r10_144_uai_GSCC_n200_roTrue_s0: Loading data from ../models/synthetic/s123/random_mc2_n6_mid3_d1000_05_mr098_r10_144.csv
2026-02-02 16:16:56,334|INFO|random_mc2_n6_mid3_d1000_05_mr098_r10_144_uai_GSCC_n200_roTrue_s0: PNS(V1,V4) exact: (0.0105806483115999, 0.0362963028616)
2026-02-02 16:16:56,398|INFO|random_mc2_n5_mid3_d1000_05_mr098_r10_102_uai_GSCC_n200_roTrue_s0: [0.3034,0.4056]	 64 runs	 rmse=0.08208	 T_learn=11462 ms. 	 T_infer=1578 ms.
2026-02-02 16:16:56,403|INFO|random_mc2_n5_mid3_d1000_05_mr098_r10_102_uai_GSCC_n200_roTrue_s0: Saving results to ../results/synthetic/s123/random_mc2_n5_mid3_d1000_05_mr098_r10_102_uai_GSCC_n200_roTrue_s0.csv
2026-02-02 16:16:56,509|INFO|random_mc2_n5_mid3_d1000_05_mr098_r10_190_uai_GSCC_n200_roTrue_s0: [0.0482,0.0673]	 23 runs	 rmse=0.09101	 T_learn=6922 ms. 	 T_infer=602 ms.
2026-02-02 16:16:56,514|INFO|random_mc2_n5_mid3_d1000_05_mr098_r10_190_uai_GSCC_n200_roTrue_s0: Saving results to ../results/synthetic/s123/random_mc2_n5_mid3_d1000_05_mr098_r10_190_uai_GSCC_n200_roTrue_s0.csv
2026-02-02 16:16:56,609|INFO|random_mc2_n5_mid3_d1000_05_mr098_r10_31_uai_GSCC_n200_roTrue_s0: [0.0901,0.1267]	 56 runs	 rmse=0.15584	 T_learn=10335 ms. 	 T_infer=1342 ms.
2026-02-02 16:16:56,615|INFO|random_mc2_n5_mid3_d1000_05_mr098_r10_31_uai_GSCC_n200_roTrue_s0: Saving results to ../results/synthetic/s123/random_mc2_n5_mid3_d1000_05_mr098_r10_31_uai_GSCC_n200_roTrue_s0.csv
2026-02-02 16:16:56,658|INFO|random_mc2_n5_mid3_d1000_05_mr098_r10_195_uai_GSCC_n200_roFalse_s0: [0.1186,0.1816]	 31 runs	 rmse=0.17084	 T_learn=6134 ms. 	 T_infer=507 ms.
2026-02-02 16:16:56,663|INFO|random_mc2_n5_mid3_d1000_05_mr098_r10_195_uai_GSCC_n200_roFalse_s0: Saving results to ../results/synthetic/s123/random_mc2_n5_mid3_d1000_05_mr098_r10_195_uai_GSCC_n200_roFalse_s0.csv
2026-02-02 16:16:56,673|INFO|random_mc2_n6_mid3_d1000_05_mr098_r10_158_uai_GSCC_n200_roFalse_s0: [0.0241,0.0327]	 38 runs	 rmse=0.03337	 T_learn=8399 ms. 	 T_infer=963 ms.
2026-02-02 16:16:56,678|INFO|random_mc2_n6_mid3_d1000_05_mr098_r10_158_uai_GSCC_n200_roFalse_s0: Saving results to ../results/synthetic/s123/random_mc2_n6_mid3_d1000_05_mr098_r10_158_uai_GSCC_n200_roFalse_s0.csv
2026-02-02 16:16:56,963|INFO|random_mc2_n5_mid3_d1000_05_mr098_r10_137_uai_GSCC_n200_roFalse_s0: [0.3463,0.4020]	 35 runs	 rmse=0.04069	 T_learn=8545 ms. 	 T_infer=1047 ms.
2026-02-02 16:16:56,968|INFO|random_mc2_n5_mid3_d1000_05_mr098_r10_137_uai_GSCC_n200_roFalse_s0: Saving results to ../results/synthetic/s123/random_mc2_n5_mid3_d1000_05_mr098_r10_137_uai_GSCC_n200_roFalse_s0.csv
2026-02-02 16:16:57,042|INFO|random_mc2_n5_mid3_d1000_05_mr098_r10_169_uai_GSCC_n200_roTrue_s0: [0.1389,0.2506]	 77 runs	 rmse=0.24940	 T_learn=7970 ms. 	 T_infer=816 ms.
2026-02-02 16:16:57,048|INFO|random_mc2_n5_mid3_d1000_05_mr098_r10_169_uai_GSCC_n200_roTrue_s0: Saving results to ../results/synthetic/s123/random_mc2_n5_mid3_d1000_05_mr098_r10_169_uai_GSCC_n200_roTrue_s0.csv
2026-02-02 16:16:57,136|INFO|random_mc2_n5_mid3_d1000_05_mr098_r10_141_uai_GSCC_n200_roTrue_s0: [0.1082,0.1946]	 58 runs	 rmse=0.11245	 T_learn=16089 ms. 	 T_infer=2372 ms.
2026-02-02 16:16:57,142|INFO|random_mc2_n5_mid3_d1000_05_mr098_r10_141_uai_GSCC_n200_roTrue_s0: Saving results to ../results/synthetic/s123/random_mc2_n5_mid3_d1000_05_mr098_r10_141_uai_GSCC_n200_roTrue_s0.csv
2026-02-02 16:16:57,225|INFO|random_mc2_n6_mid3_d1000_05_mr098_r10_71_uai_GSCC_n200_roFalse_s0: [0.5153,0.6281]	 50 runs	 rmse=0.02577	 T_learn=17382 ms. 	 T_infer=2692 ms.
2026-02-02 16:16:57,226|INFO|random_mc2_n5_mid3_d1000_05_mr098_r10_190_uai_GSCC_n200_roTrue_s0: [0.0482,0.0673]	 24 runs	 rmse=0.09101	 T_learn=7008 ms. 	 T_infer=627 ms.
2026-02-02 16:16:57,230|INFO|random_mc2_n6_mid3_d1000_05_mr098_r10_71_uai_GSCC_n200_roFalse_s0: Saving results to ../results/synthetic/s123/random_mc2_n6_mid3_d1000_05_mr098_r10_71_uai_GSCC_n200_roFalse_s0.csv
2026-02-02 16:16:57,231|INFO|random_mc2_n5_mid3_d1000_05_mr098_r10_190_uai_GSCC_n200_roTrue_s0: Saving results to ../results/synthetic/s123/random_mc2_n5_mid3_d1000_05_mr098_r10_190_uai_GSCC_n200_roTrue_s0.csv
2026-02-02 16:16:57,249|INFO|random_mc2_n5_mid3_d1000_05_mr098_r10_74_uai_GSCC_n200_roTrue_s0: [0.3231,0.3798]	 22 runs	 rmse=0.14914	 T_learn=10358 ms. 	 T_infer=1718 ms.
2026-02-02 16:16:57,253|INFO|random_mc2_n5_mid3_d1000_05_mr098_r10_195_uai_GSCC_n200_roFalse_s0: [0.1186,0.1816]	 32 runs	 rmse=0.17084	 T_learn=6202 ms. 	 T_infer=522 ms.
2026-02-02 16:16:57,254|INFO|random_mc2_n5_mid3_d1000_05_mr098_r10_74_uai_GSCC_n200_roTrue_s0: Saving results to ../results/synthetic/s123/random_mc2_n5_mid3_d1000_05_mr098_r10_74_uai_GSCC_n200_roTrue_s0.csv
2026-02-02 16:16:57,258|INFO|random_mc2_n5_mid3_d1000_05_mr098_r10_195_uai_GSCC_n200_roFalse_s0: Saving results to ../results/synthetic/s123/random_mc2_n5_mid3_d1000_05_mr098_r10_195_uai_GSCC_n200_roFalse_s0.csv
2026-02-02 16:16:57,459|INFO|random_mc2_n6_mid3_d1000_05_mr098_r10_169_uai_GSCC_n200_roFalse_s0: [0.0093,0.0307]	 68 runs	 rmse=0.01320	 T_learn=16227 ms. 	 T_infer=2071 ms.
2026-02-02 16:16:57,464|INFO|random_mc2_n6_mid3_d1000_05_mr098_r10_169_uai_GSCC_n200_roFalse_s0: Saving results to ../results/synthetic/s123/random_mc2_n6_mid3_d1000_05_mr098_r10_169_uai_GSCC_n200_roFalse_s0.csv
2026-02-02 16:16:57,787|INFO|random_mc2_n6_mid3_d1000_05_mr098_r10_158_uai_GSCC_n200_roFalse_s0: [0.0241,0.0327]	 39 runs	 rmse=0.03337	 T_learn=8517 ms. 	 T_infer=992 ms.
2026-02-02 16:16:57,791|INFO|random_mc2_n6_mid3_d1000_05_mr098_r10_158_uai_GSCC_n200_roFalse_s0: Saving results to ../results/synthetic/s123/random_mc2_n6_mid3_d1000_05_mr098_r10_158_uai_GSCC_n200_roFalse_s0.csv
2026-02-02 16:16:57,871|INFO|random_mc2_n5_mid3_d1000_05_mr098_r10_195_uai_GSCC_n200_roFalse_s0: [0.1186,0.1816]	 33 runs	 rmse=0.17084	 T_learn=6272 ms. 	 T_infer=542 ms.
2026-02-02 16:16:57,875|INFO|random_mc2_n5_mid3_d1000_05_mr098_r10_195_uai_GSCC_n200_roFalse_s0: Saving results to ../results/synthetic/s123/random_mc2_n5_mid3_d1000_05_mr098_r10_195_uai_GSCC_n200_roFalse_s0.csv
2026-02-02 16:16:57,972|INFO|random_mc2_n5_mid3_d1000_05_mr098_r10_169_uai_GSCC_n200_roTrue_s0: [0.1389,0.2506]	 78 runs	 rmse=0.24940	 T_learn=8069 ms. 	 T_infer=824 ms.
2026-02-02 16:16:57,977|INFO|random_mc2_n5_mid3_d1000_05_mr098_r10_169_uai_GSCC_n200_roTrue_s0: Saving results to ../results/synthetic/s123/random_mc2_n5_mid3_d1000_05_mr098_r10_169_uai_GSCC_n200_roTrue_s0.csv
2026-02-02 16:16:57,982|INFO|random_mc2_n5_mid3_d1000_05_mr098_r10_190_uai_GSCC_n200_roTrue_s0: [0.0478,0.0673]	 25 runs	 rmse=0.09081	 T_learn=7098 ms. 	 T_infer=661 ms.
2026-02-02 16:16:57,986|INFO|random_mc2_n5_mid3_d1000_05_mr098_r10_190_uai_GSCC_n200_roTrue_s0: Saving results to ../results/synthetic/s123/random_mc2_n5_mid3_d1000_05_mr098_r10_190_uai_GSCC_n200_roTrue_s0.csv
trainable: ['V5', 'V3', 'V6']
2026-02-02 16:16:57,987|INFO|random_mc2_n6_mid3_d1000_05_mr098_r10_28_uai_GSCC_n200_roFalse_s0: [0.4729,0.5473]	 48 runs	 rmse=0.11167	 T_learn=15103 ms. 	 T_infer=2438 ms.
2026-02-02 16:16:57,992|INFO|random_mc2_n6_mid3_d1000_05_mr098_r10_28_uai_GSCC_n200_roFalse_s0: Saving results to ../results/synthetic/s123/random_mc2_n6_mid3_d1000_05_mr098_r10_28_uai_GSCC_n200_roFalse_s0.csv
2026-02-02 16:16:58,013|INFO|random_mc2_n5_mid3_d1000_05_mr098_r10_31_uai_GSCC_n200_roTrue_s0: [0.0901,0.1267]	 57 runs	 rmse=0.15584	 T_learn=10495 ms. 	 T_infer=1238 ms.
2026-02-02 16:16:58,018|INFO|random_mc2_n5_mid3_d1000_05_mr098_r10_31_uai_GSCC_n200_roTrue_s0: Saving results to ../results/synthetic/s123/random_mc2_n5_mid3_d1000_05_mr098_r10_31_uai_GSCC_n200_roTrue_s0.csv
2026-02-02 16:16:58,166|INFO|random_mc2_n6_mid3_d1000_05_mr098_r10_42_uai_GSCC_n200_roFalse_s0: Loading model from ../models/synthetic/s123/random_mc2_n6_mid3_d1000_05_mr098_r10_42.uai
2026-02-02 16:16:58,168|INFO|random_mc2_n5_mid3_d1000_05_mr098_r10_78_uai_GSCC_n200_roFalse_s0: Loading model from ../models/synthetic/s123/random_mc2_n5_mid3_d1000_05_mr098_r10_78.uai
2026-02-02 16:16:58,170|INFO|random_mc2_n9_mid3_d1000_05_mr098_r10_104_uai_GSCC_n200_roFalse_s0: Loading model from ../models/synthetic/s123/random_mc2_n9_mid3_d1000_05_mr098_r10_104.uai
2026-02-02 16:16:58,176|INFO|random_mc2_n8_mid3_d1000_05_mr098_r10_121_uai_GSCC_n200_roTrue_s0: Loading model from ../models/synthetic/s123/random_mc2_n8_mid3_d1000_05_mr098_r10_121.uai
2026-02-02 16:16:58,178|INFO|random_mc2_n5_mid3_d1000_05_mr098_r10_102_uai_GSCC_n200_roTrue_s0: [0.3034,0.4056]	 65 runs	 rmse=0.08208	 T_learn=11623 ms. 	 T_infer=1614 ms.
2026-02-02 16:16:58,178|INFO|random_mc2_n8_mid3_d1000_05_mr098_r10_152_uai_GSCC_n200_roFalse_s0: Loading model from ../models/synthetic/s123/random_mc2_n8_mid3_d1000_05_mr098_r10_152.uai
2026-02-02 16:16:58,184|INFO|random_mc2_n5_mid3_d1000_05_mr098_r10_102_uai_GSCC_n200_roTrue_s0: Saving results to ../results/synthetic/s123/random_mc2_n5_mid3_d1000_05_mr098_r10_102_uai_GSCC_n200_roTrue_s0.csv
2026-02-02 16:16:58,205|INFO|random_mc2_n5_mid3_d1000_05_mr098_r10_137_uai_GSCC_n200_roFalse_s0: [0.3463,0.4020]	 36 runs	 rmse=0.04069	 T_learn=8700 ms. 	 T_infer=1082 ms.
2026-02-02 16:16:58,175|INFO|random_mc2_n6_mid3_d1000_05_mr098_r10_42_uai_GSCC_n200_roFalse_s0: Loading data from ../models/synthetic/s123/random_mc2_n6_mid3_d1000_05_mr098_r10_42.csv
2026-02-02 16:16:58,206|INFO|random_mc2_n8_mid3_d1000_05_mr098_r10_39_uai_GSCC_n200_roTrue_s0: Loading model from ../models/synthetic/s123/random_mc2_n8_mid3_d1000_05_mr098_r10_39.uai
2026-02-02 16:16:58,184|INFO|random_mc2_n6_mid3_d1000_05_mr098_r10_42_uai_GSCC_n200_roFalse_s0: PNS(V3,V2) exact: (0.2100591484485759, 0.483114152283904)
2026-02-02 16:16:58,173|INFO|random_mc2_n5_mid3_d1000_05_mr098_r10_78_uai_GSCC_n200_roFalse_s0: Loading data from ../models/synthetic/s123/random_mc2_n5_mid3_d1000_05_mr098_r10_78.csv
2026-02-02 16:16:58,184|INFO|random_mc2_n5_mid3_d1000_05_mr098_r10_78_uai_GSCC_n200_roFalse_s0: PNS(V0,V2) exact: (0.163, 0.163)
2026-02-02 16:16:58,209|INFO|random_mc2_n5_mid3_d1000_05_mr098_r10_137_uai_GSCC_n200_roFalse_s0: Saving results to ../results/synthetic/s123/random_mc2_n5_mid3_d1000_05_mr098_r10_137_uai_GSCC_n200_roFalse_s0.csv
2026-02-02 16:16:58,194|INFO|random_mc2_n9_mid3_d1000_05_mr098_r10_104_uai_GSCC_n200_roFalse_s0: Loading data from ../models/synthetic/s123/random_mc2_n9_mid3_d1000_05_mr098_r10_104.csv
2026-02-02 16:16:58,202|ERROR|random_mc2_n9_mid3_d1000_05_mr098_r10_104_uai_GSCC_n200_roFalse_s0: File exists, not rewriting.
2026-02-02 16:16:58,191|INFO|random_mc2_n8_mid3_d1000_05_mr098_r10_121_uai_GSCC_n200_roTrue_s0: Loading data from ../models/synthetic/s123/random_mc2_n8_mid3_d1000_05_mr098_r10_121.csv
2026-02-02 16:16:58,197|ERROR|random_mc2_n8_mid3_d1000_05_mr098_r10_121_uai_GSCC_n200_roTrue_s0: File exists, not rewriting.
2026-02-02 16:16:58,193|INFO|random_mc2_n8_mid3_d1000_05_mr098_r10_152_uai_GSCC_n200_roFalse_s0: Loading data from ../models/synthetic/s123/random_mc2_n8_mid3_d1000_05_mr098_r10_152.csv
2026-02-02 16:16:58,200|ERROR|random_mc2_n8_mid3_d1000_05_mr098_r10_152_uai_GSCC_n200_roFalse_s0: File exists, not rewriting.
2026-02-02 16:16:58,219|INFO|random_mc2_n5_mid3_d1000_05_mr098_r10_100_uai_GSCC_n200_roTrue_s0: Loading model from ../models/synthetic/s123/random_mc2_n5_mid3_d1000_05_mr098_r10_100.uai
2026-02-02 16:16:58,220|INFO|random_mc2_n8_mid3_d1000_05_mr098_r10_39_uai_GSCC_n200_roTrue_s0: Loading data from ../models/synthetic/s123/random_mc2_n8_mid3_d1000_05_mr098_r10_39.csv
2026-02-02 16:16:58,226|ERROR|random_mc2_n8_mid3_d1000_05_mr098_r10_39_uai_GSCC_n200_roTrue_s0: File exists, not rewriting.
2026-02-02 16:16:58,229|INFO|random_mc2_n5_mid3_d1000_05_mr098_r10_100_uai_GSCC_n200_roTrue_s0: Loading data from ../models/synthetic/s123/random_mc2_n5_mid3_d1000_05_mr098_r10_100.csv
2026-02-02 16:16:58,235|ERROR|random_mc2_n5_mid3_d1000_05_mr098_r10_100_uai_GSCC_n200_roTrue_s0: File exists, not rewriting.
2026-02-02 16:16:58,656|INFO|random_mc2_n5_mid3_d1000_05_mr098_r10_195_uai_GSCC_n200_roFalse_s0: [0.1186,0.1816]	 34 runs	 rmse=0.17084	 T_learn=6345 ms. 	 T_infer=708 ms.
2026-02-02 16:16:58,660|INFO|random_mc2_n5_mid3_d1000_05_mr098_r10_195_uai_GSCC_n200_roFalse_s0: Saving results to ../results/synthetic/s123/random_mc2_n5_mid3_d1000_05_mr098_r10_195_uai_GSCC_n200_roFalse_s0.csv
2026-02-02 16:16:58,776|INFO|random_mc2_n5_mid3_d1000_05_mr098_r10_190_uai_GSCC_n200_roTrue_s0: [0.0427,0.0673]	 26 runs	 rmse=0.08820	 T_learn=7189 ms. 	 T_infer=699 ms.
2026-02-02 16:16:58,780|INFO|random_mc2_n5_mid3_d1000_05_mr098_r10_190_uai_GSCC_n200_roTrue_s0: Saving results to ../results/synthetic/s123/random_mc2_n5_mid3_d1000_05_mr098_r10_190_uai_GSCC_n200_roTrue_s0.csv
2026-02-02 16:16:58,911|INFO|random_mc2_n5_mid3_d1000_05_mr098_r10_169_uai_GSCC_n200_roTrue_s0: [0.1389,0.2506]	 79 runs	 rmse=0.24940	 T_learn=8168 ms. 	 T_infer=835 ms.
2026-02-02 16:16:58,917|INFO|random_mc2_n5_mid3_d1000_05_mr098_r10_169_uai_GSCC_n200_roTrue_s0: Saving results to ../results/synthetic/s123/random_mc2_n5_mid3_d1000_05_mr098_r10_169_uai_GSCC_n200_roTrue_s0.csv
2026-02-02 16:16:58,953|INFO|random_mc2_n6_mid3_d1000_05_mr098_r10_158_uai_GSCC_n200_roFalse_s0: [0.0241,0.0327]	 40 runs	 rmse=0.03337	 T_learn=8637 ms. 	 T_infer=1042 ms.
2026-02-02 16:16:58,959|INFO|random_mc2_n6_mid3_d1000_05_mr098_r10_158_uai_GSCC_n200_roFalse_s0: Saving results to ../results/synthetic/s123/random_mc2_n6_mid3_d1000_05_mr098_r10_158_uai_GSCC_n200_roFalse_s0.csv
2026-02-02 16:16:59,170|INFO|random_mc2_n5_mid3_d1000_05_mr098_r10_44_uai_GSCC_n200_roFalse_s0: [0.0156,0.0298]	 54 runs	 rmse=0.00196	 T_learn=15654 ms. 	 T_infer=2656 ms.
2026-02-02 16:16:59,176|INFO|random_mc2_n5_mid3_d1000_05_mr098_r10_44_uai_GSCC_n200_roFalse_s0: Saving results to ../results/synthetic/s123/random_mc2_n5_mid3_d1000_05_mr098_r10_44_uai_GSCC_n200_roFalse_s0.csv
2026-02-02 16:16:59,241|INFO|random_mc2_n6_mid3_d1000_05_mr098_r10_72_uai_GSCC_n200_roTrue_s0: [0.0627,0.0918]	 53 runs	 rmse=0.04939	 T_learn=19219 ms. 	 T_infer=2562 ms.
2026-02-02 16:16:59,248|INFO|random_mc2_n6_mid3_d1000_05_mr098_r10_72_uai_GSCC_n200_roTrue_s0: Saving results to ../results/synthetic/s123/random_mc2_n6_mid3_d1000_05_mr098_r10_72_uai_GSCC_n200_roTrue_s0.csv
2026-02-02 16:16:59,314|INFO|random_mc2_n5_mid3_d1000_05_mr098_r10_195_uai_GSCC_n200_roFalse_s0: [0.1186,0.1816]	 35 runs	 rmse=0.17084	 T_learn=6420 ms. 	 T_infer=578 ms.
2026-02-02 16:16:59,320|INFO|random_mc2_n5_mid3_d1000_05_mr098_r10_195_uai_GSCC_n200_roFalse_s0: Saving results to ../results/synthetic/s123/random_mc2_n5_mid3_d1000_05_mr098_r10_195_uai_GSCC_n200_roFalse_s0.csv
2026-02-02 16:16:59,338|INFO|random_mc2_n5_mid3_d1000_05_mr098_r10_74_uai_GSCC_n200_roTrue_s0: [0.3355,0.3798]	 23 runs	 rmse=0.15623	 T_learn=10625 ms. 	 T_infer=1817 ms.
2026-02-02 16:16:59,343|INFO|random_mc2_n5_mid3_d1000_05_mr098_r10_74_uai_GSCC_n200_roTrue_s0: Saving results to ../results/synthetic/s123/random_mc2_n5_mid3_d1000_05_mr098_r10_74_uai_GSCC_n200_roTrue_s0.csv
2026-02-02 16:16:59,463|INFO|random_mc2_n5_mid3_d1000_05_mr098_r10_31_uai_GSCC_n200_roTrue_s0: [0.0901,0.1267]	 58 runs	 rmse=0.15584	 T_learn=10659 ms. 	 T_infer=1281 ms.
2026-02-02 16:16:59,468|INFO|random_mc2_n5_mid3_d1000_05_mr098_r10_31_uai_GSCC_n200_roTrue_s0: Saving results to ../results/synthetic/s123/random_mc2_n5_mid3_d1000_05_mr098_r10_31_uai_GSCC_n200_roTrue_s0.csv
2026-02-02 16:16:59,497|INFO|random_mc2_n5_mid3_d1000_05_mr098_r10_137_uai_GSCC_n200_roFalse_s0: [0.3463,0.4020]	 37 runs	 rmse=0.04069	 T_learn=8862 ms. 	 T_infer=1125 ms.
2026-02-02 16:16:59,502|INFO|random_mc2_n5_mid3_d1000_05_mr098_r10_137_uai_GSCC_n200_roFalse_s0: Saving results to ../results/synthetic/s123/random_mc2_n5_mid3_d1000_05_mr098_r10_137_uai_GSCC_n200_roFalse_s0.csv
2026-02-02 16:16:59,592|INFO|random_mc2_n5_mid3_d1000_05_mr098_r10_190_uai_GSCC_n200_roTrue_s0: [0.0427,0.0673]	 27 runs	 rmse=0.08820	 T_learn=7286 ms. 	 T_infer=714 ms.
2026-02-02 16:16:59,597|INFO|random_mc2_n5_mid3_d1000_05_mr098_r10_190_uai_GSCC_n200_roTrue_s0: Saving results to ../results/synthetic/s123/random_mc2_n5_mid3_d1000_05_mr098_r10_190_uai_GSCC_n200_roTrue_s0.csv
trainable: ['V3', 'V4']
trainable: ['V6', 'V7', 'V8', 'V5']
2026-02-02 16:16:59,864|INFO|random_mc2_n5_mid3_d1000_05_mr098_r10_169_uai_GSCC_n200_roTrue_s0: [0.1389,0.2506]	 80 runs	 rmse=0.24940	 T_learn=8269 ms. 	 T_infer=846 ms.
2026-02-02 16:16:59,869|INFO|random_mc2_n5_mid3_d1000_05_mr098_r10_169_uai_GSCC_n200_roTrue_s0: Saving results to ../results/synthetic/s123/random_mc2_n5_mid3_d1000_05_mr098_r10_169_uai_GSCC_n200_roTrue_s0.csv
2026-02-02 16:16:59,892|INFO|random_mc2_n5_mid3_d1000_05_mr098_r10_141_uai_GSCC_n200_roTrue_s0: [0.1082,0.1946]	 59 runs	 rmse=0.11245	 T_learn=16404 ms. 	 T_infer=2434 ms.
2026-02-02 16:16:59,897|INFO|random_mc2_n5_mid3_d1000_05_mr098_r10_141_uai_GSCC_n200_roTrue_s0: Saving results to ../results/synthetic/s123/random_mc2_n5_mid3_d1000_05_mr098_r10_141_uai_GSCC_n200_roTrue_s0.csv
2026-02-02 16:16:59,910|INFO|random_mc2_n6_mid3_d1000_05_mr098_r10_169_uai_GSCC_n200_roFalse_s0: [0.0093,0.0307]	 69 runs	 rmse=0.01320	 T_learn=16457 ms. 	 T_infer=2216 ms.
2026-02-02 16:16:59,916|INFO|random_mc2_n6_mid3_d1000_05_mr098_r10_169_uai_GSCC_n200_roFalse_s0: Saving results to ../results/synthetic/s123/random_mc2_n6_mid3_d1000_05_mr098_r10_169_uai_GSCC_n200_roFalse_s0.csv
2026-02-02 16:16:59,986|INFO|random_mc2_n5_mid3_d1000_05_mr098_r10_195_uai_GSCC_n200_roFalse_s0: [0.1186,0.1816]	 36 runs	 rmse=0.17084	 T_learn=6495 ms. 	 T_infer=592 ms.
2026-02-02 16:16:59,991|INFO|random_mc2_n5_mid3_d1000_05_mr098_r10_195_uai_GSCC_n200_roFalse_s0: Saving results to ../results/synthetic/s123/random_mc2_n5_mid3_d1000_05_mr098_r10_195_uai_GSCC_n200_roFalse_s0.csv
2026-02-02 16:17:00,006|INFO|random_mc2_n5_mid3_d1000_05_mr098_r10_102_uai_GSCC_n200_roTrue_s0: [0.3034,0.4056]	 66 runs	 rmse=0.08208	 T_learn=11789 ms. 	 T_infer=1656 ms.
2026-02-02 16:17:00,012|INFO|random_mc2_n5_mid3_d1000_05_mr098_r10_102_uai_GSCC_n200_roTrue_s0: Saving results to ../results/synthetic/s123/random_mc2_n5_mid3_d1000_05_mr098_r10_102_uai_GSCC_n200_roTrue_s0.csv
2026-02-02 16:17:00,118|INFO|random_mc2_n6_mid3_d1000_05_mr098_r10_158_uai_GSCC_n200_roFalse_s0: [0.0241,0.0327]	 41 runs	 rmse=0.03337	 T_learn=8759 ms. 	 T_infer=1036 ms.
2026-02-02 16:17:00,125|INFO|random_mc2_n6_mid3_d1000_05_mr098_r10_158_uai_GSCC_n200_roFalse_s0: Saving results to ../results/synthetic/s123/random_mc2_n6_mid3_d1000_05_mr098_r10_158_uai_GSCC_n200_roFalse_s0.csv
2026-02-02 16:17:00,384|INFO|random_mc2_n6_mid3_d1000_05_mr098_r10_71_uai_GSCC_n200_roFalse_s0: [0.5153,0.6281]	 51 runs	 rmse=0.02577	 T_learn=17767 ms. 	 T_infer=2769 ms.
2026-02-02 16:17:00,390|INFO|random_mc2_n6_mid3_d1000_05_mr098_r10_71_uai_GSCC_n200_roFalse_s0: Saving results to ../results/synthetic/s123/random_mc2_n6_mid3_d1000_05_mr098_r10_71_uai_GSCC_n200_roFalse_s0.csv
2026-02-02 16:17:00,437|INFO|random_mc2_n5_mid3_d1000_05_mr098_r10_190_uai_GSCC_n200_roTrue_s0: [0.0406,0.0673]	 28 runs	 rmse=0.08721	 T_learn=7381 ms. 	 T_infer=745 ms.
2026-02-02 16:17:00,441|INFO|random_mc2_n5_mid3_d1000_05_mr098_r10_190_uai_GSCC_n200_roTrue_s0: Saving results to ../results/synthetic/s123/random_mc2_n5_mid3_d1000_05_mr098_r10_190_uai_GSCC_n200_roTrue_s0.csv
2026-02-02 16:17:00,677|INFO|random_mc2_n5_mid3_d1000_05_mr098_r10_195_uai_GSCC_n200_roFalse_s0: [0.1186,0.1816]	 37 runs	 rmse=0.17084	 T_learn=6572 ms. 	 T_infer=609 ms.
2026-02-02 16:17:00,682|INFO|random_mc2_n5_mid3_d1000_05_mr098_r10_195_uai_GSCC_n200_roFalse_s0: Saving results to ../results/synthetic/s123/random_mc2_n5_mid3_d1000_05_mr098_r10_195_uai_GSCC_n200_roFalse_s0.csv
2026-02-02 16:17:00,805|INFO|random_mc2_n5_mid3_d1000_05_mr098_r10_137_uai_GSCC_n200_roFalse_s0: [0.3463,0.4020]	 38 runs	 rmse=0.04069	 T_learn=9024 ms. 	 T_infer=1141 ms.
2026-02-02 16:17:00,810|INFO|random_mc2_n5_mid3_d1000_05_mr098_r10_137_uai_GSCC_n200_roFalse_s0: Saving results to ../results/synthetic/s123/random_mc2_n5_mid3_d1000_05_mr098_r10_137_uai_GSCC_n200_roFalse_s0.csv
2026-02-02 16:17:00,822|INFO|random_mc2_n6_mid3_d1000_05_mr098_r10_28_uai_GSCC_n200_roFalse_s0: [0.4729,0.5473]	 49 runs	 rmse=0.11167	 T_learn=15445 ms. 	 T_infer=2487 ms.
2026-02-02 16:17:00,827|INFO|random_mc2_n5_mid3_d1000_05_mr098_r10_169_uai_GSCC_n200_roTrue_s0: [0.1389,0.2506]	 81 runs	 rmse=0.24940	 T_learn=8370 ms. 	 T_infer=856 ms.
2026-02-02 16:17:00,827|INFO|random_mc2_n6_mid3_d1000_05_mr098_r10_28_uai_GSCC_n200_roFalse_s0: Saving results to ../results/synthetic/s123/random_mc2_n6_mid3_d1000_05_mr098_r10_28_uai_GSCC_n200_roFalse_s0.csv
2026-02-02 16:17:00,833|INFO|random_mc2_n5_mid3_d1000_05_mr098_r10_169_uai_GSCC_n200_roTrue_s0: Saving results to ../results/synthetic/s123/random_mc2_n5_mid3_d1000_05_mr098_r10_169_uai_GSCC_n200_roTrue_s0.csv
2026-02-02 16:17:00,915|INFO|random_mc2_n5_mid3_d1000_05_mr098_r10_31_uai_GSCC_n200_roTrue_s0: [0.0901,0.1267]	 59 runs	 rmse=0.15584	 T_learn=10824 ms. 	 T_infer=1281 ms.
2026-02-02 16:17:00,920|INFO|random_mc2_n5_mid3_d1000_05_mr098_r10_31_uai_GSCC_n200_roTrue_s0: Saving results to ../results/synthetic/s123/random_mc2_n5_mid3_d1000_05_mr098_r10_31_uai_GSCC_n200_roTrue_s0.csv
2026-02-02 16:17:01,308|INFO|random_mc2_n5_mid3_d1000_05_mr098_r10_190_uai_GSCC_n200_roTrue_s0: [0.0389,0.0673]	 29 runs	 rmse=0.08645	 T_learn=7481 ms. 	 T_infer=767 ms.
2026-02-02 16:17:01,312|INFO|random_mc2_n5_mid3_d1000_05_mr098_r10_190_uai_GSCC_n200_roTrue_s0: Saving results to ../results/synthetic/s123/random_mc2_n5_mid3_d1000_05_mr098_r10_190_uai_GSCC_n200_roTrue_s0.csv
2026-02-02 16:17:01,317|INFO|random_mc2_n6_mid3_d1000_05_mr098_r10_158_uai_GSCC_n200_roFalse_s0: [0.0241,0.0345]	 42 runs	 rmse=0.03466	 T_learn=8883 ms. 	 T_infer=1068 ms.
2026-02-02 16:17:01,323|INFO|random_mc2_n6_mid3_d1000_05_mr098_r10_158_uai_GSCC_n200_roFalse_s0: Saving results to ../results/synthetic/s123/random_mc2_n6_mid3_d1000_05_mr098_r10_158_uai_GSCC_n200_roFalse_s0.csv
2026-02-02 16:17:01,397|INFO|random_mc2_n5_mid3_d1000_05_mr098_r10_195_uai_GSCC_n200_roFalse_s0: [0.1186,0.1816]	 38 runs	 rmse=0.17084	 T_learn=6657 ms. 	 T_infer=630 ms.
2026-02-02 16:17:01,404|INFO|random_mc2_n5_mid3_d1000_05_mr098_r10_195_uai_GSCC_n200_roFalse_s0: Saving results to ../results/synthetic/s123/random_mc2_n5_mid3_d1000_05_mr098_r10_195_uai_GSCC_n200_roFalse_s0.csv
2026-02-02 16:17:01,507|INFO|random_mc2_n5_mid3_d1000_05_mr098_r10_74_uai_GSCC_n200_roTrue_s0: [0.3231,0.3798]	 24 runs	 rmse=0.14914	 T_learn=10899 ms. 	 T_infer=1890 ms.
2026-02-02 16:17:01,512|INFO|random_mc2_n5_mid3_d1000_05_mr098_r10_74_uai_GSCC_n200_roTrue_s0: Saving results to ../results/synthetic/s123/random_mc2_n5_mid3_d1000_05_mr098_r10_74_uai_GSCC_n200_roTrue_s0.csv
2026-02-02 16:17:01,804|INFO|random_mc2_n5_mid3_d1000_05_mr098_r10_169_uai_GSCC_n200_roTrue_s0: [0.1389,0.2506]	 82 runs	 rmse=0.24940	 T_learn=8473 ms. 	 T_infer=868 ms.
2026-02-02 16:17:01,809|INFO|random_mc2_n5_mid3_d1000_05_mr098_r10_169_uai_GSCC_n200_roTrue_s0: Saving results to ../results/synthetic/s123/random_mc2_n5_mid3_d1000_05_mr098_r10_169_uai_GSCC_n200_roTrue_s0.csv
2026-02-02 16:17:01,865|INFO|random_mc2_n6_mid3_d1000_05_mr098_r10_144_uai_GSCC_n200_roTrue_s0: [0.0214,0.0214]	 1 runs	 rmse=0.01842	 T_learn=5475 ms. 	 T_infer=50 ms.
2026-02-02 16:17:01,873|INFO|random_mc2_n6_mid3_d1000_05_mr098_r10_144_uai_GSCC_n200_roTrue_s0: Saving results to ../results/synthetic/s123/random_mc2_n6_mid3_d1000_05_mr098_r10_144_uai_GSCC_n200_roTrue_s0.csv
2026-02-02 16:17:01,968|INFO|random_mc2_n5_mid3_d1000_05_mr098_r10_102_uai_GSCC_n200_roTrue_s0: [0.3034,0.4056]	 67 runs	 rmse=0.08208	 T_learn=11954 ms. 	 T_infer=1791 ms.
2026-02-02 16:17:01,973|INFO|random_mc2_n5_mid3_d1000_05_mr098_r10_102_uai_GSCC_n200_roTrue_s0: Saving results to ../results/synthetic/s123/random_mc2_n5_mid3_d1000_05_mr098_r10_102_uai_GSCC_n200_roTrue_s0.csv
2026-02-02 16:17:02,019|INFO|random_mc2_n6_mid3_d1000_05_mr098_r10_144_uai_GSCC_n200_roTrue_s0: [0.0209,0.0214]	 2 runs	 rmse=0.01817	 T_learn=5521 ms. 	 T_infer=99 ms.
2026-02-02 16:17:02,023|INFO|random_mc2_n6_mid3_d1000_05_mr098_r10_144_uai_GSCC_n200_roTrue_s0: Saving results to ../results/synthetic/s123/random_mc2_n6_mid3_d1000_05_mr098_r10_144_uai_GSCC_n200_roTrue_s0.csv
2026-02-02 16:17:02,118|INFO|random_mc2_n5_mid3_d1000_05_mr098_r10_195_uai_GSCC_n200_roFalse_s0: [0.1186,0.1816]	 39 runs	 rmse=0.17084	 T_learn=6736 ms. 	 T_infer=635 ms.
2026-02-02 16:17:02,123|INFO|random_mc2_n5_mid3_d1000_05_mr098_r10_195_uai_GSCC_n200_roFalse_s0: Saving results to ../results/synthetic/s123/random_mc2_n5_mid3_d1000_05_mr098_r10_195_uai_GSCC_n200_roFalse_s0.csv
2026-02-02 16:17:02,144|INFO|random_mc2_n5_mid3_d1000_05_mr098_r10_137_uai_GSCC_n200_roFalse_s0: [0.3463,0.4020]	 39 runs	 rmse=0.04069	 T_learn=9190 ms. 	 T_infer=1167 ms.
2026-02-02 16:17:02,149|INFO|random_mc2_n5_mid3_d1000_05_mr098_r10_137_uai_GSCC_n200_roFalse_s0: Saving results to ../results/synthetic/s123/random_mc2_n5_mid3_d1000_05_mr098_r10_137_uai_GSCC_n200_roFalse_s0.csv
2026-02-02 16:17:02,197|INFO|random_mc2_n5_mid3_d1000_05_mr098_r10_190_uai_GSCC_n200_roTrue_s0: [0.0389,0.0673]	 30 runs	 rmse=0.08645	 T_learn=7581 ms. 	 T_infer=785 ms.
2026-02-02 16:17:02,201|INFO|random_mc2_n5_mid3_d1000_05_mr098_r10_190_uai_GSCC_n200_roTrue_s0: Saving results to ../results/synthetic/s123/random_mc2_n5_mid3_d1000_05_mr098_r10_190_uai_GSCC_n200_roTrue_s0.csv
2026-02-02 16:17:02,212|INFO|random_mc2_n5_mid3_d1000_05_mr098_r10_44_uai_GSCC_n200_roFalse_s0: [0.0156,0.0298]	 55 runs	 rmse=0.00196	 T_learn=16013 ms. 	 T_infer=2677 ms.
2026-02-02 16:17:02,213|INFO|random_mc2_n6_mid3_d1000_05_mr098_r10_72_uai_GSCC_n200_roTrue_s0: [0.0627,0.0918]	 54 runs	 rmse=0.04939	 T_learn=19580 ms. 	 T_infer=2605 ms.
2026-02-02 16:17:02,218|INFO|random_mc2_n5_mid3_d1000_05_mr098_r10_44_uai_GSCC_n200_roFalse_s0: Saving results to ../results/synthetic/s123/random_mc2_n5_mid3_d1000_05_mr098_r10_44_uai_GSCC_n200_roFalse_s0.csv
2026-02-02 16:17:02,218|INFO|random_mc2_n6_mid3_d1000_05_mr098_r10_72_uai_GSCC_n200_roTrue_s0: Saving results to ../results/synthetic/s123/random_mc2_n6_mid3_d1000_05_mr098_r10_72_uai_GSCC_n200_roTrue_s0.csv
2026-02-02 16:17:02,224|INFO|random_mc2_n6_mid3_d1000_05_mr098_r10_144_uai_GSCC_n200_roTrue_s0: [0.0192,0.0214]	 3 runs	 rmse=0.01723	 T_learn=5573 ms. 	 T_infer=150 ms.
2026-02-02 16:17:02,229|INFO|random_mc2_n6_mid3_d1000_05_mr098_r10_144_uai_GSCC_n200_roTrue_s0: Saving results to ../results/synthetic/s123/random_mc2_n6_mid3_d1000_05_mr098_r10_144_uai_GSCC_n200_roTrue_s0.csv
2026-02-02 16:17:02,234|INFO|random_mc2_n6_mid3_d1000_05_mr098_r10_169_uai_GSCC_n200_roFalse_s0: [0.0093,0.0307]	 70 runs	 rmse=0.01320	 T_learn=16689 ms. 	 T_infer=2086 ms.
2026-02-02 16:17:02,239|INFO|random_mc2_n6_mid3_d1000_05_mr098_r10_169_uai_GSCC_n200_roFalse_s0: Saving results to ../results/synthetic/s123/random_mc2_n6_mid3_d1000_05_mr098_r10_169_uai_GSCC_n200_roFalse_s0.csv
2026-02-02 16:17:02,390|INFO|random_mc2_n5_mid3_d1000_05_mr098_r10_31_uai_GSCC_n200_roTrue_s0: [0.0901,0.1267]	 60 runs	 rmse=0.15584	 T_learn=10992 ms. 	 T_infer=1302 ms.
2026-02-02 16:17:02,396|INFO|random_mc2_n5_mid3_d1000_05_mr098_r10_31_uai_GSCC_n200_roTrue_s0: Saving results to ../results/synthetic/s123/random_mc2_n5_mid3_d1000_05_mr098_r10_31_uai_GSCC_n200_roTrue_s0.csv
2026-02-02 16:17:02,487|INFO|random_mc2_n6_mid3_d1000_05_mr098_r10_144_uai_GSCC_n200_roTrue_s0: [0.0192,0.0214]	 4 runs	 rmse=0.01723	 T_learn=5631 ms. 	 T_infer=200 ms.
2026-02-02 16:17:02,493|INFO|random_mc2_n6_mid3_d1000_05_mr098_r10_144_uai_GSCC_n200_roTrue_s0: Saving results to ../results/synthetic/s123/random_mc2_n6_mid3_d1000_05_mr098_r10_144_uai_GSCC_n200_roTrue_s0.csv
2026-02-02 16:17:02,670|INFO|random_mc2_n6_mid3_d1000_05_mr098_r10_158_uai_GSCC_n200_roFalse_s0: [0.0241,0.0345]	 43 runs	 rmse=0.03466	 T_learn=9147 ms. 	 T_infer=1083 ms.
2026-02-02 16:17:02,674|INFO|random_mc2_n5_mid3_d1000_05_mr098_r10_141_uai_GSCC_n200_roTrue_s0: [0.1082,0.1946]	 60 runs	 rmse=0.11245	 T_learn=16725 ms. 	 T_infer=2456 ms.
2026-02-02 16:17:02,675|INFO|random_mc2_n6_mid3_d1000_05_mr098_r10_158_uai_GSCC_n200_roFalse_s0: Saving results to ../results/synthetic/s123/random_mc2_n6_mid3_d1000_05_mr098_r10_158_uai_GSCC_n200_roFalse_s0.csv
2026-02-02 16:17:02,679|INFO|random_mc2_n5_mid3_d1000_05_mr098_r10_141_uai_GSCC_n200_roTrue_s0: Saving results to ../results/synthetic/s123/random_mc2_n5_mid3_d1000_05_mr098_r10_141_uai_GSCC_n200_roTrue_s0.csv
2026-02-02 16:17:02,791|INFO|random_mc2_n5_mid3_d1000_05_mr098_r10_169_uai_GSCC_n200_roTrue_s0: [0.1389,0.2506]	 83 runs	 rmse=0.24940	 T_learn=8576 ms. 	 T_infer=878 ms.
2026-02-02 16:17:02,797|INFO|random_mc2_n5_mid3_d1000_05_mr098_r10_169_uai_GSCC_n200_roTrue_s0: Saving results to ../results/synthetic/s123/random_mc2_n5_mid3_d1000_05_mr098_r10_169_uai_GSCC_n200_roTrue_s0.csv
2026-02-02 16:17:02,807|INFO|random_mc2_n6_mid3_d1000_05_mr098_r10_144_uai_GSCC_n200_roTrue_s0: [0.0192,0.0214]	 5 runs	 rmse=0.01723	 T_learn=5693 ms. 	 T_infer=251 ms.
2026-02-02 16:17:02,812|INFO|random_mc2_n6_mid3_d1000_05_mr098_r10_144_uai_GSCC_n200_roTrue_s0: Saving results to ../results/synthetic/s123/random_mc2_n6_mid3_d1000_05_mr098_r10_144_uai_GSCC_n200_roTrue_s0.csv
2026-02-02 16:17:02,859|INFO|random_mc2_n5_mid3_d1000_05_mr098_r10_195_uai_GSCC_n200_roFalse_s0: [0.1186,0.1816]	 40 runs	 rmse=0.17084	 T_learn=6816 ms. 	 T_infer=656 ms.
2026-02-02 16:17:02,864|INFO|random_mc2_n5_mid3_d1000_05_mr098_r10_195_uai_GSCC_n200_roFalse_s0: Saving results to ../results/synthetic/s123/random_mc2_n5_mid3_d1000_05_mr098_r10_195_uai_GSCC_n200_roFalse_s0.csv
2026-02-02 16:17:03,181|INFO|random_mc2_n6_mid3_d1000_05_mr098_r10_144_uai_GSCC_n200_roTrue_s0: [0.0192,0.0214]	 6 runs	 rmse=0.01723	 T_learn=5762 ms. 	 T_infer=300 ms.
2026-02-02 16:17:03,185|INFO|random_mc2_n6_mid3_d1000_05_mr098_r10_144_uai_GSCC_n200_roTrue_s0: Saving results to ../results/synthetic/s123/random_mc2_n6_mid3_d1000_05_mr098_r10_144_uai_GSCC_n200_roTrue_s0.csv
2026-02-02 16:17:03,253|INFO|random_mc2_n5_mid3_d1000_05_mr098_r10_190_uai_GSCC_n200_roTrue_s0: [0.0389,0.0673]	 31 runs	 rmse=0.08645	 T_learn=7684 ms. 	 T_infer=949 ms.
2026-02-02 16:17:03,258|INFO|random_mc2_n5_mid3_d1000_05_mr098_r10_190_uai_GSCC_n200_roTrue_s0: Saving results to ../results/synthetic/s123/random_mc2_n5_mid3_d1000_05_mr098_r10_190_uai_GSCC_n200_roTrue_s0.csv
2026-02-02 16:17:03,524|INFO|random_mc2_n5_mid3_d1000_05_mr098_r10_137_uai_GSCC_n200_roFalse_s0: [0.3463,0.4020]	 40 runs	 rmse=0.04069	 T_learn=9363 ms. 	 T_infer=1202 ms.
2026-02-02 16:17:03,529|INFO|random_mc2_n5_mid3_d1000_05_mr098_r10_137_uai_GSCC_n200_roFalse_s0: Saving results to ../results/synthetic/s123/random_mc2_n5_mid3_d1000_05_mr098_r10_137_uai_GSCC_n200_roFalse_s0.csv
2026-02-02 16:17:03,586|INFO|random_mc2_n6_mid3_d1000_05_mr098_r10_71_uai_GSCC_n200_roFalse_s0: [0.5153,0.6281]	 52 runs	 rmse=0.02577	 T_learn=18159 ms. 	 T_infer=2804 ms.
2026-02-02 16:17:03,592|INFO|random_mc2_n6_mid3_d1000_05_mr098_r10_71_uai_GSCC_n200_roFalse_s0: Saving results to ../results/synthetic/s123/random_mc2_n6_mid3_d1000_05_mr098_r10_71_uai_GSCC_n200_roFalse_s0.csv
2026-02-02 16:17:03,609|INFO|random_mc2_n6_mid3_d1000_05_mr098_r10_144_uai_GSCC_n200_roTrue_s0: [0.0164,0.0214]	 7 runs	 rmse=0.01600	 T_learn=5836 ms. 	 T_infer=350 ms.
2026-02-02 16:17:03,612|INFO|random_mc2_n6_mid3_d1000_05_mr098_r10_144_uai_GSCC_n200_roTrue_s0: Saving results to ../results/synthetic/s123/random_mc2_n6_mid3_d1000_05_mr098_r10_144_uai_GSCC_n200_roTrue_s0.csv
2026-02-02 16:17:03,618|INFO|random_mc2_n5_mid3_d1000_05_mr098_r10_195_uai_GSCC_n200_roFalse_s0: [0.1186,0.1816]	 41 runs	 rmse=0.17084	 T_learn=6898 ms. 	 T_infer=672 ms.
2026-02-02 16:17:03,622|INFO|random_mc2_n5_mid3_d1000_05_mr098_r10_195_uai_GSCC_n200_roFalse_s0: Saving results to ../results/synthetic/s123/random_mc2_n5_mid3_d1000_05_mr098_r10_195_uai_GSCC_n200_roFalse_s0.csv
2026-02-02 16:17:03,715|INFO|random_mc2_n6_mid3_d1000_05_mr098_r10_28_uai_GSCC_n200_roFalse_s0: [0.4729,0.5473]	 50 runs	 rmse=0.11167	 T_learn=15795 ms. 	 T_infer=2538 ms.
2026-02-02 16:17:03,720|INFO|random_mc2_n6_mid3_d1000_05_mr098_r10_28_uai_GSCC_n200_roFalse_s0: Saving results to ../results/synthetic/s123/random_mc2_n6_mid3_d1000_05_mr098_r10_28_uai_GSCC_n200_roFalse_s0.csv
2026-02-02 16:17:03,748|INFO|random_mc2_n5_mid3_d1000_05_mr098_r10_74_uai_GSCC_n200_roTrue_s0: [0.3231,0.3798]	 25 runs	 rmse=0.14914	 T_learn=11178 ms. 	 T_infer=1957 ms.
2026-02-02 16:17:03,753|INFO|random_mc2_n5_mid3_d1000_05_mr098_r10_74_uai_GSCC_n200_roTrue_s0: Saving results to ../results/synthetic/s123/random_mc2_n5_mid3_d1000_05_mr098_r10_74_uai_GSCC_n200_roTrue_s0.csv
2026-02-02 16:17:03,820|INFO|random_mc2_n5_mid3_d1000_05_mr098_r10_102_uai_GSCC_n200_roTrue_s0: [0.3034,0.4056]	 68 runs	 rmse=0.08208	 T_learn=12119 ms. 	 T_infer=1681 ms.
2026-02-02 16:17:03,825|INFO|random_mc2_n5_mid3_d1000_05_mr098_r10_102_uai_GSCC_n200_roTrue_s0: Saving results to ../results/synthetic/s123/random_mc2_n5_mid3_d1000_05_mr098_r10_102_uai_GSCC_n200_roTrue_s0.csv
2026-02-02 16:17:03,894|INFO|random_mc2_n5_mid3_d1000_05_mr098_r10_31_uai_GSCC_n200_roTrue_s0: [0.0901,0.1267]	 61 runs	 rmse=0.15584	 T_learn=11161 ms. 	 T_infer=1328 ms.
2026-02-02 16:17:03,900|INFO|random_mc2_n5_mid3_d1000_05_mr098_r10_31_uai_GSCC_n200_roTrue_s0: Saving results to ../results/synthetic/s123/random_mc2_n5_mid3_d1000_05_mr098_r10_31_uai_GSCC_n200_roTrue_s0.csv
2026-02-02 16:17:03,925|INFO|random_mc2_n6_mid3_d1000_05_mr098_r10_158_uai_GSCC_n200_roFalse_s0: [0.0241,0.0345]	 44 runs	 rmse=0.03466	 T_learn=9279 ms. 	 T_infer=1117 ms.
2026-02-02 16:17:03,931|INFO|random_mc2_n6_mid3_d1000_05_mr098_r10_158_uai_GSCC_n200_roFalse_s0: Saving results to ../results/synthetic/s123/random_mc2_n6_mid3_d1000_05_mr098_r10_158_uai_GSCC_n200_roFalse_s0.csv
2026-02-02 16:17:03,953|INFO|random_mc2_n5_mid3_d1000_05_mr098_r10_169_uai_GSCC_n200_roTrue_s0: [0.1389,0.2506]	 84 runs	 rmse=0.24940	 T_learn=8681 ms. 	 T_infer=1050 ms.
2026-02-02 16:17:03,959|INFO|random_mc2_n5_mid3_d1000_05_mr098_r10_169_uai_GSCC_n200_roTrue_s0: Saving results to ../results/synthetic/s123/random_mc2_n5_mid3_d1000_05_mr098_r10_169_uai_GSCC_n200_roTrue_s0.csv
2026-02-02 16:17:04,091|INFO|random_mc2_n6_mid3_d1000_05_mr098_r10_144_uai_GSCC_n200_roTrue_s0: [0.0164,0.0214]	 8 runs	 rmse=0.01600	 T_learn=5916 ms. 	 T_infer=399 ms.
2026-02-02 16:17:04,095|INFO|random_mc2_n6_mid3_d1000_05_mr098_r10_144_uai_GSCC_n200_roTrue_s0: Saving results to ../results/synthetic/s123/random_mc2_n6_mid3_d1000_05_mr098_r10_144_uai_GSCC_n200_roTrue_s0.csv
2026-02-02 16:17:04,199|INFO|random_mc2_n5_mid3_d1000_05_mr098_r10_190_uai_GSCC_n200_roTrue_s0: [0.0389,0.0673]	 32 runs	 rmse=0.08645	 T_learn=7788 ms. 	 T_infer=837 ms.
2026-02-02 16:17:04,204|INFO|random_mc2_n5_mid3_d1000_05_mr098_r10_190_uai_GSCC_n200_roTrue_s0: Saving results to ../results/synthetic/s123/random_mc2_n5_mid3_d1000_05_mr098_r10_190_uai_GSCC_n200_roTrue_s0.csv
2026-02-02 16:17:04,390|INFO|random_mc2_n5_mid3_d1000_05_mr098_r10_195_uai_GSCC_n200_roFalse_s0: [0.1186,0.1948]	 42 runs	 rmse=0.15768	 T_learn=6981 ms. 	 T_infer=685 ms.
2026-02-02 16:17:04,395|INFO|random_mc2_n5_mid3_d1000_05_mr098_r10_195_uai_GSCC_n200_roFalse_s0: Saving results to ../results/synthetic/s123/random_mc2_n5_mid3_d1000_05_mr098_r10_195_uai_GSCC_n200_roFalse_s0.csv
2026-02-02 16:17:04,591|INFO|random_mc2_n6_mid3_d1000_05_mr098_r10_169_uai_GSCC_n200_roFalse_s0: [0.0093,0.0307]	 71 runs	 rmse=0.01320	 T_learn=16924 ms. 	 T_infer=2116 ms.
2026-02-02 16:17:04,597|INFO|random_mc2_n6_mid3_d1000_05_mr098_r10_169_uai_GSCC_n200_roFalse_s0: Saving results to ../results/synthetic/s123/random_mc2_n6_mid3_d1000_05_mr098_r10_169_uai_GSCC_n200_roFalse_s0.csv
2026-02-02 16:17:04,629|INFO|random_mc2_n6_mid3_d1000_05_mr098_r10_144_uai_GSCC_n200_roTrue_s0: [0.0164,0.0214]	 9 runs	 rmse=0.01600	 T_learn=6000 ms. 	 T_infer=450 ms.
2026-02-02 16:17:04,633|INFO|random_mc2_n6_mid3_d1000_05_mr098_r10_144_uai_GSCC_n200_roTrue_s0: Saving results to ../results/synthetic/s123/random_mc2_n6_mid3_d1000_05_mr098_r10_144_uai_GSCC_n200_roTrue_s0.csv
2026-02-02 16:17:04,930|INFO|random_mc2_n5_mid3_d1000_05_mr098_r10_137_uai_GSCC_n200_roFalse_s0: [0.3436,0.4020]	 41 runs	 rmse=0.03855	 T_learn=9535 ms. 	 T_infer=1228 ms.
2026-02-02 16:17:04,934|INFO|random_mc2_n5_mid3_d1000_05_mr098_r10_137_uai_GSCC_n200_roFalse_s0: Saving results to ../results/synthetic/s123/random_mc2_n5_mid3_d1000_05_mr098_r10_137_uai_GSCC_n200_roFalse_s0.csv
2026-02-02 16:17:04,964|INFO|random_mc2_n5_mid3_d1000_05_mr098_r10_169_uai_GSCC_n200_roTrue_s0: [0.1389,0.2506]	 85 runs	 rmse=0.24940	 T_learn=8788 ms. 	 T_infer=898 ms.
2026-02-02 16:17:04,970|INFO|random_mc2_n5_mid3_d1000_05_mr098_r10_169_uai_GSCC_n200_roTrue_s0: Saving results to ../results/synthetic/s123/random_mc2_n5_mid3_d1000_05_mr098_r10_169_uai_GSCC_n200_roTrue_s0.csv
2026-02-02 16:17:05,180|INFO|random_mc2_n5_mid3_d1000_05_mr098_r10_190_uai_GSCC_n200_roTrue_s0: [0.0389,0.0673]	 33 runs	 rmse=0.08645	 T_learn=7895 ms. 	 T_infer=869 ms.
2026-02-02 16:17:05,183|INFO|random_mc2_n5_mid3_d1000_05_mr098_r10_195_uai_GSCC_n200_roFalse_s0: [0.1186,0.1948]	 43 runs	 rmse=0.15768	 T_learn=7065 ms. 	 T_infer=704 ms.
2026-02-02 16:17:05,185|INFO|random_mc2_n5_mid3_d1000_05_mr098_r10_190_uai_GSCC_n200_roTrue_s0: Saving results to ../results/synthetic/s123/random_mc2_n5_mid3_d1000_05_mr098_r10_190_uai_GSCC_n200_roTrue_s0.csv
2026-02-02 16:17:05,189|INFO|random_mc2_n5_mid3_d1000_05_mr098_r10_195_uai_GSCC_n200_roFalse_s0: Saving results to ../results/synthetic/s123/random_mc2_n5_mid3_d1000_05_mr098_r10_195_uai_GSCC_n200_roFalse_s0.csv
2026-02-02 16:17:05,205|INFO|random_mc2_n6_mid3_d1000_05_mr098_r10_158_uai_GSCC_n200_roFalse_s0: [0.0241,0.0345]	 45 runs	 rmse=0.03466	 T_learn=9410 ms. 	 T_infer=1143 ms.
2026-02-02 16:17:05,209|INFO|random_mc2_n6_mid3_d1000_05_mr098_r10_158_uai_GSCC_n200_roFalse_s0: Saving results to ../results/synthetic/s123/random_mc2_n6_mid3_d1000_05_mr098_r10_158_uai_GSCC_n200_roFalse_s0.csv
2026-02-02 16:17:05,226|INFO|random_mc2_n6_mid3_d1000_05_mr098_r10_144_uai_GSCC_n200_roTrue_s0: [0.0164,0.0214]	 10 runs	 rmse=0.01600	 T_learn=6090 ms. 	 T_infer=503 ms.
2026-02-02 16:17:05,230|INFO|random_mc2_n6_mid3_d1000_05_mr098_r10_144_uai_GSCC_n200_roTrue_s0: Saving results to ../results/synthetic/s123/random_mc2_n6_mid3_d1000_05_mr098_r10_144_uai_GSCC_n200_roTrue_s0.csv
2026-02-02 16:17:05,233|INFO|random_mc2_n6_mid3_d1000_05_mr098_r10_72_uai_GSCC_n200_roTrue_s0: [0.0627,0.0918]	 55 runs	 rmse=0.04939	 T_learn=19946 ms. 	 T_infer=2648 ms.
2026-02-02 16:17:05,237|INFO|random_mc2_n6_mid3_d1000_05_mr098_r10_72_uai_GSCC_n200_roTrue_s0: Saving results to ../results/synthetic/s123/random_mc2_n6_mid3_d1000_05_mr098_r10_72_uai_GSCC_n200_roTrue_s0.csv
2026-02-02 16:17:05,313|INFO|random_mc2_n5_mid3_d1000_05_mr098_r10_44_uai_GSCC_n200_roFalse_s0: [0.0156,0.0298]	 56 runs	 rmse=0.00196	 T_learn=16376 ms. 	 T_infer=2733 ms.
2026-02-02 16:17:05,319|INFO|random_mc2_n5_mid3_d1000_05_mr098_r10_44_uai_GSCC_n200_roFalse_s0: Saving results to ../results/synthetic/s123/random_mc2_n5_mid3_d1000_05_mr098_r10_44_uai_GSCC_n200_roFalse_s0.csv
2026-02-02 16:17:05,423|INFO|random_mc2_n5_mid3_d1000_05_mr098_r10_31_uai_GSCC_n200_roTrue_s0: [0.0901,0.1267]	 62 runs	 rmse=0.15584	 T_learn=11333 ms. 	 T_infer=1351 ms.
2026-02-02 16:17:05,428|INFO|random_mc2_n5_mid3_d1000_05_mr098_r10_31_uai_GSCC_n200_roTrue_s0: Saving results to ../results/synthetic/s123/random_mc2_n5_mid3_d1000_05_mr098_r10_31_uai_GSCC_n200_roTrue_s0.csv
2026-02-02 16:17:05,505|INFO|random_mc2_n5_mid3_d1000_05_mr098_r10_141_uai_GSCC_n200_roTrue_s0: [0.1082,0.1946]	 61 runs	 rmse=0.11245	 T_learn=17052 ms. 	 T_infer=2498 ms.
2026-02-02 16:17:05,511|INFO|random_mc2_n5_mid3_d1000_05_mr098_r10_141_uai_GSCC_n200_roTrue_s0: Saving results to ../results/synthetic/s123/random_mc2_n5_mid3_d1000_05_mr098_r10_141_uai_GSCC_n200_roTrue_s0.csv
2026-02-02 16:17:05,700|INFO|random_mc2_n5_mid3_d1000_05_mr098_r10_102_uai_GSCC_n200_roTrue_s0: [0.3034,0.4056]	 69 runs	 rmse=0.08208	 T_learn=12287 ms. 	 T_infer=1707 ms.
2026-02-02 16:17:05,709|INFO|random_mc2_n5_mid3_d1000_05_mr098_r10_102_uai_GSCC_n200_roTrue_s0: Saving results to ../results/synthetic/s123/random_mc2_n5_mid3_d1000_05_mr098_r10_102_uai_GSCC_n200_roTrue_s0.csv
2026-02-02 16:17:05,878|INFO|random_mc2_n6_mid3_d1000_05_mr098_r10_144_uai_GSCC_n200_roTrue_s0: [0.0164,0.0214]	 11 runs	 rmse=0.01600	 T_learn=6185 ms. 	 T_infer=552 ms.
2026-02-02 16:17:05,883|INFO|random_mc2_n6_mid3_d1000_05_mr098_r10_144_uai_GSCC_n200_roTrue_s0: Saving results to ../results/synthetic/s123/random_mc2_n6_mid3_d1000_05_mr098_r10_144_uai_GSCC_n200_roTrue_s0.csv
2026-02-02 16:17:05,984|INFO|random_mc2_n5_mid3_d1000_05_mr098_r10_169_uai_GSCC_n200_roTrue_s0: [0.1389,0.2506]	 86 runs	 rmse=0.24940	 T_learn=8894 ms. 	 T_infer=908 ms.
2026-02-02 16:17:05,991|INFO|random_mc2_n5_mid3_d1000_05_mr098_r10_169_uai_GSCC_n200_roTrue_s0: Saving results to ../results/synthetic/s123/random_mc2_n5_mid3_d1000_05_mr098_r10_169_uai_GSCC_n200_roTrue_s0.csv
2026-02-02 16:17:05,994|INFO|random_mc2_n5_mid3_d1000_05_mr098_r10_195_uai_GSCC_n200_roFalse_s0: [0.1186,0.1948]	 44 runs	 rmse=0.15768	 T_learn=7151 ms. 	 T_infer=719 ms.
2026-02-02 16:17:06,000|INFO|random_mc2_n5_mid3_d1000_05_mr098_r10_195_uai_GSCC_n200_roFalse_s0: Saving results to ../results/synthetic/s123/random_mc2_n5_mid3_d1000_05_mr098_r10_195_uai_GSCC_n200_roFalse_s0.csv
2026-02-02 16:17:06,085|INFO|random_mc2_n5_mid3_d1000_05_mr098_r10_74_uai_GSCC_n200_roTrue_s0: [0.3355,0.3798]	 26 runs	 rmse=0.15623	 T_learn=11470 ms. 	 T_infer=2040 ms.
2026-02-02 16:17:06,090|INFO|random_mc2_n5_mid3_d1000_05_mr098_r10_74_uai_GSCC_n200_roTrue_s0: Saving results to ../results/synthetic/s123/random_mc2_n5_mid3_d1000_05_mr098_r10_74_uai_GSCC_n200_roTrue_s0.csv
2026-02-02 16:17:06,186|INFO|random_mc2_n5_mid3_d1000_05_mr098_r10_190_uai_GSCC_n200_roTrue_s0: [0.0389,0.0673]	 34 runs	 rmse=0.08645	 T_learn=8005 ms. 	 T_infer=891 ms.
2026-02-02 16:17:06,191|INFO|random_mc2_n5_mid3_d1000_05_mr098_r10_190_uai_GSCC_n200_roTrue_s0: Saving results to ../results/synthetic/s123/random_mc2_n5_mid3_d1000_05_mr098_r10_190_uai_GSCC_n200_roTrue_s0.csv
2026-02-02 16:17:06,372|INFO|random_mc2_n5_mid3_d1000_05_mr098_r10_137_uai_GSCC_n200_roFalse_s0: [0.3436,0.4020]	 42 runs	 rmse=0.03855	 T_learn=9713 ms. 	 T_infer=1259 ms.
2026-02-02 16:17:06,377|INFO|random_mc2_n5_mid3_d1000_05_mr098_r10_137_uai_GSCC_n200_roFalse_s0: Saving results to ../results/synthetic/s123/random_mc2_n5_mid3_d1000_05_mr098_r10_137_uai_GSCC_n200_roFalse_s0.csv
2026-02-02 16:17:06,505|INFO|random_mc2_n6_mid3_d1000_05_mr098_r10_158_uai_GSCC_n200_roFalse_s0: [0.0241,0.0345]	 46 runs	 rmse=0.03466	 T_learn=9544 ms. 	 T_infer=1161 ms.
2026-02-02 16:17:06,510|INFO|random_mc2_n6_mid3_d1000_05_mr098_r10_158_uai_GSCC_n200_roFalse_s0: Saving results to ../results/synthetic/s123/random_mc2_n6_mid3_d1000_05_mr098_r10_158_uai_GSCC_n200_roFalse_s0.csv
2026-02-02 16:17:06,581|INFO|random_mc2_n6_mid3_d1000_05_mr098_r10_144_uai_GSCC_n200_roTrue_s0: [0.0164,0.0214]	 12 runs	 rmse=0.01600	 T_learn=6286 ms. 	 T_infer=598 ms.
2026-02-02 16:17:06,586|INFO|random_mc2_n6_mid3_d1000_05_mr098_r10_144_uai_GSCC_n200_roTrue_s0: Saving results to ../results/synthetic/s123/random_mc2_n6_mid3_d1000_05_mr098_r10_144_uai_GSCC_n200_roTrue_s0.csv
2026-02-02 16:17:06,663|INFO|random_mc2_n6_mid3_d1000_05_mr098_r10_28_uai_GSCC_n200_roFalse_s0: [0.4729,0.5473]	 51 runs	 rmse=0.11167	 T_learn=16150 ms. 	 T_infer=2588 ms.
2026-02-02 16:17:06,669|INFO|random_mc2_n6_mid3_d1000_05_mr098_r10_28_uai_GSCC_n200_roFalse_s0: Saving results to ../results/synthetic/s123/random_mc2_n6_mid3_d1000_05_mr098_r10_28_uai_GSCC_n200_roFalse_s0.csv
2026-02-02 16:17:06,824|INFO|random_mc2_n5_mid3_d1000_05_mr098_r10_195_uai_GSCC_n200_roFalse_s0: [0.1186,0.1948]	 45 runs	 rmse=0.15768	 T_learn=7238 ms. 	 T_infer=737 ms.
2026-02-02 16:17:06,830|INFO|random_mc2_n5_mid3_d1000_05_mr098_r10_195_uai_GSCC_n200_roFalse_s0: Saving results to ../results/synthetic/s123/random_mc2_n5_mid3_d1000_05_mr098_r10_195_uai_GSCC_n200_roFalse_s0.csv
2026-02-02 16:17:06,842|INFO|random_mc2_n6_mid3_d1000_05_mr098_r10_71_uai_GSCC_n200_roFalse_s0: [0.5153,0.6281]	 53 runs	 rmse=0.02577	 T_learn=18552 ms. 	 T_infer=2857 ms.
2026-02-02 16:17:06,847|INFO|random_mc2_n6_mid3_d1000_05_mr098_r10_71_uai_GSCC_n200_roFalse_s0: Saving results to ../results/synthetic/s123/random_mc2_n6_mid3_d1000_05_mr098_r10_71_uai_GSCC_n200_roFalse_s0.csv
2026-02-02 16:17:06,969|INFO|random_mc2_n5_mid3_d1000_05_mr098_r10_31_uai_GSCC_n200_roTrue_s0: [0.0901,0.1267]	 63 runs	 rmse=0.15584	 T_learn=11507 ms. 	 T_infer=1368 ms.
2026-02-02 16:17:06,974|INFO|random_mc2_n5_mid3_d1000_05_mr098_r10_31_uai_GSCC_n200_roTrue_s0: Saving results to ../results/synthetic/s123/random_mc2_n5_mid3_d1000_05_mr098_r10_31_uai_GSCC_n200_roTrue_s0.csv
2026-02-02 16:17:06,977|INFO|random_mc2_n6_mid3_d1000_05_mr098_r10_169_uai_GSCC_n200_roFalse_s0: [0.0093,0.0307]	 72 runs	 rmse=0.01320	 T_learn=17161 ms. 	 T_infer=2143 ms.
2026-02-02 16:17:06,982|INFO|random_mc2_n6_mid3_d1000_05_mr098_r10_169_uai_GSCC_n200_roFalse_s0: Saving results to ../results/synthetic/s123/random_mc2_n6_mid3_d1000_05_mr098_r10_169_uai_GSCC_n200_roFalse_s0.csv
2026-02-02 16:17:07,017|INFO|random_mc2_n5_mid3_d1000_05_mr098_r10_169_uai_GSCC_n200_roTrue_s0: [0.1389,0.2506]	 87 runs	 rmse=0.24940	 T_learn=9002 ms. 	 T_infer=918 ms.
2026-02-02 16:17:07,023|INFO|random_mc2_n5_mid3_d1000_05_mr098_r10_169_uai_GSCC_n200_roTrue_s0: Saving results to ../results/synthetic/s123/random_mc2_n5_mid3_d1000_05_mr098_r10_169_uai_GSCC_n200_roTrue_s0.csv
2026-02-02 16:17:07,221|INFO|random_mc2_n5_mid3_d1000_05_mr098_r10_190_uai_GSCC_n200_roTrue_s0: [0.0389,0.0673]	 35 runs	 rmse=0.08645	 T_learn=8117 ms. 	 T_infer=918 ms.
2026-02-02 16:17:07,225|INFO|random_mc2_n5_mid3_d1000_05_mr098_r10_190_uai_GSCC_n200_roTrue_s0: Saving results to ../results/synthetic/s123/random_mc2_n5_mid3_d1000_05_mr098_r10_190_uai_GSCC_n200_roTrue_s0.csv
2026-02-02 16:17:07,343|INFO|random_mc2_n6_mid3_d1000_05_mr098_r10_144_uai_GSCC_n200_roTrue_s0: [0.0164,0.0214]	 13 runs	 rmse=0.01600	 T_learn=6392 ms. 	 T_infer=651 ms.
2026-02-02 16:17:07,347|INFO|random_mc2_n6_mid3_d1000_05_mr098_r10_144_uai_GSCC_n200_roTrue_s0: Saving results to ../results/synthetic/s123/random_mc2_n6_mid3_d1000_05_mr098_r10_144_uai_GSCC_n200_roTrue_s0.csv
2026-02-02 16:17:07,607|INFO|random_mc2_n5_mid3_d1000_05_mr098_r10_102_uai_GSCC_n200_roTrue_s0: [0.3034,0.4056]	 70 runs	 rmse=0.08208	 T_learn=12456 ms. 	 T_infer=1730 ms.
2026-02-02 16:17:07,612|INFO|random_mc2_n5_mid3_d1000_05_mr098_r10_102_uai_GSCC_n200_roTrue_s0: Saving results to ../results/synthetic/s123/random_mc2_n5_mid3_d1000_05_mr098_r10_102_uai_GSCC_n200_roTrue_s0.csv
2026-02-02 16:17:07,806|INFO|random_mc2_n5_mid3_d1000_05_mr098_r10_195_uai_GSCC_n200_roFalse_s0: [0.1186,0.1948]	 46 runs	 rmse=0.15768	 T_learn=7327 ms. 	 T_infer=887 ms.
2026-02-02 16:17:07,811|INFO|random_mc2_n5_mid3_d1000_05_mr098_r10_195_uai_GSCC_n200_roFalse_s0: Saving results to ../results/synthetic/s123/random_mc2_n5_mid3_d1000_05_mr098_r10_195_uai_GSCC_n200_roFalse_s0.csv
2026-02-02 16:17:07,833|INFO|random_mc2_n6_mid3_d1000_05_mr098_r10_158_uai_GSCC_n200_roFalse_s0: [0.0241,0.0345]	 47 runs	 rmse=0.03466	 T_learn=9678 ms. 	 T_infer=1188 ms.
2026-02-02 16:17:07,841|INFO|random_mc2_n6_mid3_d1000_05_mr098_r10_158_uai_GSCC_n200_roFalse_s0: Saving results to ../results/synthetic/s123/random_mc2_n6_mid3_d1000_05_mr098_r10_158_uai_GSCC_n200_roFalse_s0.csv
2026-02-02 16:17:07,991|INFO|random_mc2_n5_mid3_d1000_05_mr098_r10_137_uai_GSCC_n200_roFalse_s0: [0.3436,0.4020]	 43 runs	 rmse=0.03855	 T_learn=9892 ms. 	 T_infer=1435 ms.
2026-02-02 16:17:07,995|INFO|random_mc2_n5_mid3_d1000_05_mr098_r10_137_uai_GSCC_n200_roFalse_s0: Saving results to ../results/synthetic/s123/random_mc2_n5_mid3_d1000_05_mr098_r10_137_uai_GSCC_n200_roFalse_s0.csv
2026-02-02 16:17:08,061|INFO|random_mc2_n5_mid3_d1000_05_mr098_r10_169_uai_GSCC_n200_roTrue_s0: [0.1389,0.2506]	 88 runs	 rmse=0.24940	 T_learn=9111 ms. 	 T_infer=929 ms.
2026-02-02 16:17:08,068|INFO|random_mc2_n5_mid3_d1000_05_mr098_r10_169_uai_GSCC_n200_roTrue_s0: Saving results to ../results/synthetic/s123/random_mc2_n5_mid3_d1000_05_mr098_r10_169_uai_GSCC_n200_roTrue_s0.csv
2026-02-02 16:17:08,158|INFO|random_mc2_n6_mid3_d1000_05_mr098_r10_144_uai_GSCC_n200_roTrue_s0: [0.0164,0.0214]	 14 runs	 rmse=0.01600	 T_learn=6503 ms. 	 T_infer=700 ms.
2026-02-02 16:17:08,162|INFO|random_mc2_n6_mid3_d1000_05_mr098_r10_144_uai_GSCC_n200_roTrue_s0: Saving results to ../results/synthetic/s123/random_mc2_n6_mid3_d1000_05_mr098_r10_144_uai_GSCC_n200_roTrue_s0.csv
2026-02-02 16:17:08,281|INFO|random_mc2_n5_mid3_d1000_05_mr098_r10_190_uai_GSCC_n200_roTrue_s0: [0.0389,0.0673]	 36 runs	 rmse=0.08645	 T_learn=8230 ms. 	 T_infer=943 ms.
2026-02-02 16:17:08,286|INFO|random_mc2_n5_mid3_d1000_05_mr098_r10_190_uai_GSCC_n200_roTrue_s0: Saving results to ../results/synthetic/s123/random_mc2_n5_mid3_d1000_05_mr098_r10_190_uai_GSCC_n200_roTrue_s0.csv
2026-02-02 16:17:08,294|INFO|random_mc2_n6_mid3_d1000_05_mr098_r10_72_uai_GSCC_n200_roTrue_s0: [0.0627,0.0918]	 56 runs	 rmse=0.04939	 T_learn=20318 ms. 	 T_infer=2685 ms.
2026-02-02 16:17:08,299|INFO|random_mc2_n6_mid3_d1000_05_mr098_r10_72_uai_GSCC_n200_roTrue_s0: Saving results to ../results/synthetic/s123/random_mc2_n6_mid3_d1000_05_mr098_r10_72_uai_GSCC_n200_roTrue_s0.csv
2026-02-02 16:17:08,376|INFO|random_mc2_n5_mid3_d1000_05_mr098_r10_141_uai_GSCC_n200_roTrue_s0: [0.1082,0.1946]	 62 runs	 rmse=0.11245	 T_learn=17379 ms. 	 T_infer=2538 ms.
2026-02-02 16:17:08,381|INFO|random_mc2_n5_mid3_d1000_05_mr098_r10_141_uai_GSCC_n200_roTrue_s0: Saving results to ../results/synthetic/s123/random_mc2_n5_mid3_d1000_05_mr098_r10_141_uai_GSCC_n200_roTrue_s0.csv
2026-02-02 16:17:08,507|INFO|random_mc2_n5_mid3_d1000_05_mr098_r10_74_uai_GSCC_n200_roTrue_s0: [0.3231,0.3798]	 27 runs	 rmse=0.14914	 T_learn=11773 ms. 	 T_infer=2114 ms.
2026-02-02 16:17:08,512|INFO|random_mc2_n5_mid3_d1000_05_mr098_r10_74_uai_GSCC_n200_roTrue_s0: Saving results to ../results/synthetic/s123/random_mc2_n5_mid3_d1000_05_mr098_r10_74_uai_GSCC_n200_roTrue_s0.csv
2026-02-02 16:17:08,605|INFO|random_mc2_n5_mid3_d1000_05_mr098_r10_44_uai_GSCC_n200_roFalse_s0: [0.0156,0.0298]	 57 runs	 rmse=0.00196	 T_learn=16747 ms. 	 T_infer=2915 ms.
2026-02-02 16:17:08,610|INFO|random_mc2_n5_mid3_d1000_05_mr098_r10_44_uai_GSCC_n200_roFalse_s0: Saving results to ../results/synthetic/s123/random_mc2_n5_mid3_d1000_05_mr098_r10_44_uai_GSCC_n200_roFalse_s0.csv
2026-02-02 16:17:08,669|INFO|random_mc2_n5_mid3_d1000_05_mr098_r10_195_uai_GSCC_n200_roFalse_s0: [0.1186,0.1948]	 47 runs	 rmse=0.15768	 T_learn=7416 ms. 	 T_infer=769 ms.
2026-02-02 16:17:08,674|INFO|random_mc2_n5_mid3_d1000_05_mr098_r10_195_uai_GSCC_n200_roFalse_s0: Saving results to ../results/synthetic/s123/random_mc2_n5_mid3_d1000_05_mr098_r10_195_uai_GSCC_n200_roFalse_s0.csv
2026-02-02 16:17:08,688|INFO|random_mc2_n5_mid3_d1000_05_mr098_r10_31_uai_GSCC_n200_roTrue_s0: [0.0901,0.1267]	 64 runs	 rmse=0.15584	 T_learn=11682 ms. 	 T_infer=1538 ms.
2026-02-02 16:17:08,693|INFO|random_mc2_n5_mid3_d1000_05_mr098_r10_31_uai_GSCC_n200_roTrue_s0: Saving results to ../results/synthetic/s123/random_mc2_n5_mid3_d1000_05_mr098_r10_31_uai_GSCC_n200_roTrue_s0.csv
2026-02-02 16:17:09,028|INFO|random_mc2_n6_mid3_d1000_05_mr098_r10_144_uai_GSCC_n200_roTrue_s0: [0.0164,0.0214]	 15 runs	 rmse=0.01600	 T_learn=6620 ms. 	 T_infer=750 ms.
2026-02-02 16:17:09,033|INFO|random_mc2_n6_mid3_d1000_05_mr098_r10_144_uai_GSCC_n200_roTrue_s0: Saving results to ../results/synthetic/s123/random_mc2_n6_mid3_d1000_05_mr098_r10_144_uai_GSCC_n200_roTrue_s0.csv
2026-02-02 16:17:09,132|INFO|random_mc2_n5_mid3_d1000_05_mr098_r10_169_uai_GSCC_n200_roTrue_s0: [0.1389,0.2506]	 89 runs	 rmse=0.24940	 T_learn=9222 ms. 	 T_infer=954 ms.
2026-02-02 16:17:09,138|INFO|random_mc2_n5_mid3_d1000_05_mr098_r10_169_uai_GSCC_n200_roTrue_s0: Saving results to ../results/synthetic/s123/random_mc2_n5_mid3_d1000_05_mr098_r10_169_uai_GSCC_n200_roTrue_s0.csv
2026-02-02 16:17:09,200|INFO|random_mc2_n6_mid3_d1000_05_mr098_r10_158_uai_GSCC_n200_roFalse_s0: [0.0241,0.0356]	 48 runs	 rmse=0.03546	 T_learn=9818 ms. 	 T_infer=1219 ms.
2026-02-02 16:17:09,205|INFO|random_mc2_n6_mid3_d1000_05_mr098_r10_158_uai_GSCC_n200_roFalse_s0: Saving results to ../results/synthetic/s123/random_mc2_n6_mid3_d1000_05_mr098_r10_158_uai_GSCC_n200_roFalse_s0.csv
2026-02-02 16:17:09,373|INFO|random_mc2_n5_mid3_d1000_05_mr098_r10_190_uai_GSCC_n200_roTrue_s0: [0.0389,0.0673]	 37 runs	 rmse=0.08645	 T_learn=8347 ms. 	 T_infer=971 ms.
2026-02-02 16:17:09,378|INFO|random_mc2_n5_mid3_d1000_05_mr098_r10_190_uai_GSCC_n200_roTrue_s0: Saving results to ../results/synthetic/s123/random_mc2_n5_mid3_d1000_05_mr098_r10_190_uai_GSCC_n200_roTrue_s0.csv
2026-02-02 16:17:09,399|INFO|random_mc2_n6_mid3_d1000_05_mr098_r10_169_uai_GSCC_n200_roFalse_s0: [0.0093,0.0307]	 73 runs	 rmse=0.01320	 T_learn=17401 ms. 	 T_infer=2176 ms.
2026-02-02 16:17:09,404|INFO|random_mc2_n6_mid3_d1000_05_mr098_r10_169_uai_GSCC_n200_roFalse_s0: Saving results to ../results/synthetic/s123/random_mc2_n6_mid3_d1000_05_mr098_r10_169_uai_GSCC_n200_roFalse_s0.csv
2026-02-02 16:17:09,498|INFO|random_mc2_n5_mid3_d1000_05_mr098_r10_137_uai_GSCC_n200_roFalse_s0: [0.3436,0.4020]	 44 runs	 rmse=0.03855	 T_learn=10076 ms. 	 T_infer=1318 ms.
2026-02-02 16:17:09,503|INFO|random_mc2_n5_mid3_d1000_05_mr098_r10_137_uai_GSCC_n200_roFalse_s0: Saving results to ../results/synthetic/s123/random_mc2_n5_mid3_d1000_05_mr098_r10_137_uai_GSCC_n200_roFalse_s0.csv
2026-02-02 16:17:09,535|INFO|random_mc2_n5_mid3_d1000_05_mr098_r10_102_uai_GSCC_n200_roTrue_s0: [0.3034,0.4056]	 71 runs	 rmse=0.08208	 T_learn=12628 ms. 	 T_infer=1751 ms.
2026-02-02 16:17:09,540|INFO|random_mc2_n5_mid3_d1000_05_mr098_r10_102_uai_GSCC_n200_roTrue_s0: Saving results to ../results/synthetic/s123/random_mc2_n5_mid3_d1000_05_mr098_r10_102_uai_GSCC_n200_roTrue_s0.csv
2026-02-02 16:17:09,547|INFO|random_mc2_n5_mid3_d1000_05_mr098_r10_195_uai_GSCC_n200_roFalse_s0: [0.1186,0.1948]	 48 runs	 rmse=0.15768	 T_learn=7508 ms. 	 T_infer=781 ms.
2026-02-02 16:17:09,551|INFO|random_mc2_n5_mid3_d1000_05_mr098_r10_195_uai_GSCC_n200_roFalse_s0: Saving results to ../results/synthetic/s123/random_mc2_n5_mid3_d1000_05_mr098_r10_195_uai_GSCC_n200_roFalse_s0.csv
2026-02-02 16:17:09,671|INFO|random_mc2_n6_mid3_d1000_05_mr098_r10_28_uai_GSCC_n200_roFalse_s0: [0.4729,0.5473]	 52 runs	 rmse=0.11167	 T_learn=16513 ms. 	 T_infer=2639 ms.
2026-02-02 16:17:09,677|INFO|random_mc2_n6_mid3_d1000_05_mr098_r10_28_uai_GSCC_n200_roFalse_s0: Saving results to ../results/synthetic/s123/random_mc2_n6_mid3_d1000_05_mr098_r10_28_uai_GSCC_n200_roFalse_s0.csv
2026-02-02 16:17:09,956|INFO|random_mc2_n6_mid3_d1000_05_mr098_r10_144_uai_GSCC_n200_roTrue_s0: [0.0164,0.0214]	 16 runs	 rmse=0.01600	 T_learn=6742 ms. 	 T_infer=801 ms.
2026-02-02 16:17:09,960|INFO|random_mc2_n6_mid3_d1000_05_mr098_r10_144_uai_GSCC_n200_roTrue_s0: Saving results to ../results/synthetic/s123/random_mc2_n6_mid3_d1000_05_mr098_r10_144_uai_GSCC_n200_roTrue_s0.csv
2026-02-02 16:17:10,158|INFO|random_mc2_n6_mid3_d1000_05_mr098_r10_71_uai_GSCC_n200_roFalse_s0: [0.5153,0.6281]	 54 runs	 rmse=0.02577	 T_learn=18955 ms. 	 T_infer=2908 ms.
2026-02-02 16:17:10,164|INFO|random_mc2_n6_mid3_d1000_05_mr098_r10_71_uai_GSCC_n200_roFalse_s0: Saving results to ../results/synthetic/s123/random_mc2_n6_mid3_d1000_05_mr098_r10_71_uai_GSCC_n200_roFalse_s0.csv
2026-02-02 16:17:10,282|INFO|random_mc2_n5_mid3_d1000_05_mr098_r10_31_uai_GSCC_n200_roTrue_s0: [0.0901,0.1270]	 65 runs	 rmse=0.15565	 T_learn=11860 ms. 	 T_infer=1411 ms.
2026-02-02 16:17:10,287|INFO|random_mc2_n5_mid3_d1000_05_mr098_r10_31_uai_GSCC_n200_roTrue_s0: Saving results to ../results/synthetic/s123/random_mc2_n5_mid3_d1000_05_mr098_r10_31_uai_GSCC_n200_roTrue_s0.csv
2026-02-02 16:17:10,345|INFO|random_mc2_n5_mid3_d1000_05_mr098_r10_169_uai_GSCC_n200_roTrue_s0: [0.1389,0.2506]	 90 runs	 rmse=0.24940	 T_learn=9333 ms. 	 T_infer=1095 ms.
2026-02-02 16:17:10,351|INFO|random_mc2_n5_mid3_d1000_05_mr098_r10_169_uai_GSCC_n200_roTrue_s0: Saving results to ../results/synthetic/s123/random_mc2_n5_mid3_d1000_05_mr098_r10_169_uai_GSCC_n200_roTrue_s0.csv
2026-02-02 16:17:10,456|INFO|random_mc2_n5_mid3_d1000_05_mr098_r10_195_uai_GSCC_n200_roFalse_s0: [0.1186,0.1949]	 49 runs	 rmse=0.15753	 T_learn=7601 ms. 	 T_infer=812 ms.
2026-02-02 16:17:10,461|INFO|random_mc2_n5_mid3_d1000_05_mr098_r10_195_uai_GSCC_n200_roFalse_s0: Saving results to ../results/synthetic/s123/random_mc2_n5_mid3_d1000_05_mr098_r10_195_uai_GSCC_n200_roFalse_s0.csv
2026-02-02 16:17:10,497|INFO|random_mc2_n5_mid3_d1000_05_mr098_r10_190_uai_GSCC_n200_roTrue_s0: [0.0389,0.0673]	 38 runs	 rmse=0.08645	 T_learn=8465 ms. 	 T_infer=1001 ms.
2026-02-02 16:17:10,501|INFO|random_mc2_n5_mid3_d1000_05_mr098_r10_190_uai_GSCC_n200_roTrue_s0: Saving results to ../results/synthetic/s123/random_mc2_n5_mid3_d1000_05_mr098_r10_190_uai_GSCC_n200_roTrue_s0.csv
2026-02-02 16:17:10,588|INFO|random_mc2_n6_mid3_d1000_05_mr098_r10_158_uai_GSCC_n200_roFalse_s0: [0.0241,0.0356]	 49 runs	 rmse=0.03546	 T_learn=9957 ms. 	 T_infer=1244 ms.
2026-02-02 16:17:10,593|INFO|random_mc2_n6_mid3_d1000_05_mr098_r10_158_uai_GSCC_n200_roFalse_s0: Saving results to ../results/synthetic/s123/random_mc2_n6_mid3_d1000_05_mr098_r10_158_uai_GSCC_n200_roFalse_s0.csv
2026-02-02 16:17:10,942|INFO|random_mc2_n6_mid3_d1000_05_mr098_r10_144_uai_GSCC_n200_roTrue_s0: [0.0164,0.0214]	 17 runs	 rmse=0.01600	 T_learn=6869 ms. 	 T_infer=855 ms.
2026-02-02 16:17:10,949|INFO|random_mc2_n6_mid3_d1000_05_mr098_r10_144_uai_GSCC_n200_roTrue_s0: Saving results to ../results/synthetic/s123/random_mc2_n6_mid3_d1000_05_mr098_r10_144_uai_GSCC_n200_roTrue_s0.csv
2026-02-02 16:17:11,024|INFO|random_mc2_n5_mid3_d1000_05_mr098_r10_144_uai_GSCC_n200_roTrue_s0: Loading model from ../models/synthetic/s123/random_mc2_n5_mid3_d1000_05_mr098_r10_144.uai
2026-02-02 16:17:11,026|INFO|random_mc2_n9_mid3_d1000_05_mr098_r10_163_uai_GSCC_n200_roTrue_s0: Loading model from ../models/synthetic/s123/random_mc2_n9_mid3_d1000_05_mr098_r10_163.uai
2026-02-02 16:17:11,031|INFO|random_mc2_n7_mid3_d1000_05_mr098_r10_55_uai_GSCC_n200_roTrue_s0: Loading model from ../models/synthetic/s123/random_mc2_n7_mid3_d1000_05_mr098_r10_55.uai
2026-02-02 16:17:11,039|INFO|random_mc2_n5_mid3_d1000_05_mr098_r10_137_uai_GSCC_n200_roFalse_s0: [0.3436,0.4020]	 45 runs	 rmse=0.03855	 T_learn=10263 ms. 	 T_infer=1350 ms.
2026-02-02 16:17:11,044|INFO|random_mc2_n5_mid3_d1000_05_mr098_r10_137_uai_GSCC_n200_roFalse_s0: Saving results to ../results/synthetic/s123/random_mc2_n5_mid3_d1000_05_mr098_r10_137_uai_GSCC_n200_roFalse_s0.csv
2026-02-02 16:17:11,062|INFO|random_mc2_n5_mid3_d1000_05_mr098_r10_188_uai_GSCC_n200_roFalse_s0: Loading model from ../models/synthetic/s123/random_mc2_n5_mid3_d1000_05_mr098_r10_188.uai
2026-02-02 16:17:11,036|INFO|random_mc2_n5_mid3_d1000_05_mr098_r10_144_uai_GSCC_n200_roTrue_s0: Loading data from ../models/synthetic/s123/random_mc2_n5_mid3_d1000_05_mr098_r10_144.csv
2026-02-02 16:17:11,045|INFO|random_mc2_n5_mid3_d1000_05_mr098_r10_144_uai_GSCC_n200_roTrue_s0: PNS(V3,V1) exact: (0.385300924512895, 0.578062212781675)
2026-02-02 16:17:11,055|INFO|random_mc2_n9_mid3_d1000_05_mr098_r10_163_uai_GSCC_n200_roTrue_s0: Loading data from ../models/synthetic/s123/random_mc2_n9_mid3_d1000_05_mr098_r10_163.csv
2026-02-02 16:17:11,064|ERROR|random_mc2_n9_mid3_d1000_05_mr098_r10_163_uai_GSCC_n200_roTrue_s0: File exists, not rewriting.
2026-02-02 16:17:11,039|INFO|random_mc2_n7_mid3_d1000_05_mr098_r10_55_uai_GSCC_n200_roTrue_s0: Loading data from ../models/synthetic/s123/random_mc2_n7_mid3_d1000_05_mr098_r10_55.csv
2026-02-02 16:17:11,050|INFO|random_mc2_n7_mid3_d1000_05_mr098_r10_55_uai_GSCC_n200_roTrue_s0: PNS(V1,V2) exact: (0.0, 0.16491582811524)
2026-02-02 16:17:11,087|INFO|random_mc2_n8_mid3_d1000_05_mr098_r10_13_uai_GSCC_n200_roFalse_s0: Loading model from ../models/synthetic/s123/random_mc2_n8_mid3_d1000_05_mr098_r10_13.uai
2026-02-02 16:17:11,068|INFO|random_mc2_n5_mid3_d1000_05_mr098_r10_188_uai_GSCC_n200_roFalse_s0: Loading data from ../models/synthetic/s123/random_mc2_n5_mid3_d1000_05_mr098_r10_188.csv
2026-02-02 16:17:11,080|INFO|random_mc2_n5_mid3_d1000_05_mr098_r10_188_uai_GSCC_n200_roFalse_s0: PNS(V3,V4) exact: (0.0, 0.049356796840515)
2026-02-02 16:17:11,097|INFO|random_mc2_n8_mid3_d1000_05_mr098_r10_13_uai_GSCC_n200_roFalse_s0: Loading data from ../models/synthetic/s123/random_mc2_n8_mid3_d1000_05_mr098_r10_13.csv
2026-02-02 16:17:11,104|ERROR|random_mc2_n8_mid3_d1000_05_mr098_r10_13_uai_GSCC_n200_roFalse_s0: File exists, not rewriting.
2026-02-02 16:17:11,151|INFO|random_mc2_n5_mid3_d1000_05_mr098_r10_74_uai_GSCC_n200_roTrue_s0: [0.3355,0.3798]	 28 runs	 rmse=0.15623	 T_learn=12081 ms. 	 T_infer=2331 ms.
2026-02-02 16:17:11,156|INFO|random_mc2_n5_mid3_d1000_05_mr098_r10_74_uai_GSCC_n200_roTrue_s0: Saving results to ../results/synthetic/s123/random_mc2_n5_mid3_d1000_05_mr098_r10_74_uai_GSCC_n200_roTrue_s0.csv
2026-02-02 16:17:11,298|INFO|random_mc2_n5_mid3_d1000_05_mr098_r10_141_uai_GSCC_n200_roTrue_s0: [0.1082,0.1946]	 63 runs	 rmse=0.11245	 T_learn=17713 ms. 	 T_infer=2583 ms.
2026-02-02 16:17:11,304|INFO|random_mc2_n5_mid3_d1000_05_mr098_r10_141_uai_GSCC_n200_roTrue_s0: Saving results to ../results/synthetic/s123/random_mc2_n5_mid3_d1000_05_mr098_r10_141_uai_GSCC_n200_roTrue_s0.csv
2026-02-02 16:17:11,374|INFO|random_mc2_n5_mid3_d1000_05_mr098_r10_195_uai_GSCC_n200_roFalse_s0: [0.1186,0.1949]	 50 runs	 rmse=0.15753	 T_learn=7696 ms. 	 T_infer=819 ms.
2026-02-02 16:17:11,379|INFO|random_mc2_n5_mid3_d1000_05_mr098_r10_195_uai_GSCC_n200_roFalse_s0: Saving results to ../results/synthetic/s123/random_mc2_n5_mid3_d1000_05_mr098_r10_195_uai_GSCC_n200_roFalse_s0.csv
2026-02-02 16:17:11,423|INFO|random_mc2_n5_mid3_d1000_05_mr098_r10_169_uai_GSCC_n200_roTrue_s0: [0.1389,0.2506]	 91 runs	 rmse=0.24940	 T_learn=9444 ms. 	 T_infer=961 ms.
2026-02-02 16:17:11,429|INFO|random_mc2_n5_mid3_d1000_05_mr098_r10_169_uai_GSCC_n200_roTrue_s0: Saving results to ../results/synthetic/s123/random_mc2_n5_mid3_d1000_05_mr098_r10_169_uai_GSCC_n200_roTrue_s0.csv
2026-02-02 16:17:11,501|INFO|random_mc2_n5_mid3_d1000_05_mr098_r10_102_uai_GSCC_n200_roTrue_s0: [0.3034,0.4056]	 72 runs	 rmse=0.08208	 T_learn=12803 ms. 	 T_infer=1787 ms.
2026-02-02 16:17:11,506|INFO|random_mc2_n5_mid3_d1000_05_mr098_r10_102_uai_GSCC_n200_roTrue_s0: Saving results to ../results/synthetic/s123/random_mc2_n5_mid3_d1000_05_mr098_r10_102_uai_GSCC_n200_roTrue_s0.csv
2026-02-02 16:17:11,576|INFO|random_mc2_n6_mid3_d1000_05_mr098_r10_72_uai_GSCC_n200_roTrue_s0: [0.0627,0.0918]	 57 runs	 rmse=0.04939	 T_learn=20694 ms. 	 T_infer=2901 ms.
2026-02-02 16:17:11,581|INFO|random_mc2_n6_mid3_d1000_05_mr098_r10_72_uai_GSCC_n200_roTrue_s0: Saving results to ../results/synthetic/s123/random_mc2_n6_mid3_d1000_05_mr098_r10_72_uai_GSCC_n200_roTrue_s0.csv
2026-02-02 16:17:11,657|INFO|random_mc2_n5_mid3_d1000_05_mr098_r10_190_uai_GSCC_n200_roTrue_s0: [0.0389,0.0673]	 39 runs	 rmse=0.08645	 T_learn=8587 ms. 	 T_infer=1033 ms.
2026-02-02 16:17:11,661|INFO|random_mc2_n5_mid3_d1000_05_mr098_r10_190_uai_GSCC_n200_roTrue_s0: Saving results to ../results/synthetic/s123/random_mc2_n5_mid3_d1000_05_mr098_r10_190_uai_GSCC_n200_roTrue_s0.csv
2026-02-02 16:17:11,824|INFO|random_mc2_n5_mid3_d1000_05_mr098_r10_44_uai_GSCC_n200_roFalse_s0: [0.0156,0.0298]	 58 runs	 rmse=0.00196	 T_learn=17119 ms. 	 T_infer=2842 ms.
2026-02-02 16:17:11,830|INFO|random_mc2_n5_mid3_d1000_05_mr098_r10_44_uai_GSCC_n200_roFalse_s0: Saving results to ../results/synthetic/s123/random_mc2_n5_mid3_d1000_05_mr098_r10_44_uai_GSCC_n200_roFalse_s0.csv
2026-02-02 16:17:11,935|INFO|random_mc2_n5_mid3_d1000_05_mr098_r10_31_uai_GSCC_n200_roTrue_s0: [0.0901,0.1270]	 66 runs	 rmse=0.15565	 T_learn=12042 ms. 	 T_infer=1466 ms.
2026-02-02 16:17:11,941|INFO|random_mc2_n5_mid3_d1000_05_mr098_r10_31_uai_GSCC_n200_roTrue_s0: Saving results to ../results/synthetic/s123/random_mc2_n5_mid3_d1000_05_mr098_r10_31_uai_GSCC_n200_roTrue_s0.csv
2026-02-02 16:17:11,997|INFO|random_mc2_n6_mid3_d1000_05_mr098_r10_144_uai_GSCC_n200_roTrue_s0: [0.0164,0.0214]	 18 runs	 rmse=0.01600	 T_learn=7005 ms. 	 T_infer=913 ms.
2026-02-02 16:17:11,999|INFO|random_mc2_n6_mid3_d1000_05_mr098_r10_169_uai_GSCC_n200_roFalse_s0: [0.0093,0.0307]	 74 runs	 rmse=0.01320	 T_learn=17644 ms. 	 T_infer=2351 ms.
2026-02-02 16:17:12,001|INFO|random_mc2_n6_mid3_d1000_05_mr098_r10_144_uai_GSCC_n200_roTrue_s0: Saving results to ../results/synthetic/s123/random_mc2_n6_mid3_d1000_05_mr098_r10_144_uai_GSCC_n200_roTrue_s0.csv
2026-02-02 16:17:12,004|INFO|random_mc2_n6_mid3_d1000_05_mr098_r10_169_uai_GSCC_n200_roFalse_s0: Saving results to ../results/synthetic/s123/random_mc2_n6_mid3_d1000_05_mr098_r10_169_uai_GSCC_n200_roFalse_s0.csv
2026-02-02 16:17:12,022|INFO|random_mc2_n6_mid3_d1000_05_mr098_r10_158_uai_GSCC_n200_roFalse_s0: [0.0241,0.0356]	 50 runs	 rmse=0.03546	 T_learn=10099 ms. 	 T_infer=1286 ms.
2026-02-02 16:17:12,027|INFO|random_mc2_n6_mid3_d1000_05_mr098_r10_158_uai_GSCC_n200_roFalse_s0: Saving results to ../results/synthetic/s123/random_mc2_n6_mid3_d1000_05_mr098_r10_158_uai_GSCC_n200_roFalse_s0.csv
2026-02-02 16:17:12,321|INFO|random_mc2_n5_mid3_d1000_05_mr098_r10_195_uai_GSCC_n200_roFalse_s0: [0.1186,0.1949]	 51 runs	 rmse=0.15753	 T_learn=7793 ms. 	 T_infer=845 ms.
2026-02-02 16:17:12,327|INFO|random_mc2_n5_mid3_d1000_05_mr098_r10_195_uai_GSCC_n200_roFalse_s0: Saving results to ../results/synthetic/s123/random_mc2_n5_mid3_d1000_05_mr098_r10_195_uai_GSCC_n200_roFalse_s0.csv
2026-02-02 16:17:12,349|INFO|random_mc2_n5_mid3_d1000_05_mr098_r10_28_uai_GSCC_n200_roTrue_s0: Loading model from ../models/synthetic/s123/random_mc2_n5_mid3_d1000_05_mr098_r10_28.uai
2026-02-02 16:17:12,352|INFO|random_mc2_n5_mid3_d1000_05_mr098_r10_63_uai_GSCC_n200_roTrue_s0: Loading model from ../models/synthetic/s123/random_mc2_n5_mid3_d1000_05_mr098_r10_63.uai
2026-02-02 16:17:12,363|INFO|random_mc2_n5_mid3_d1000_05_mr098_r10_28_uai_GSCC_n200_roTrue_s0: Loading data from ../models/synthetic/s123/random_mc2_n5_mid3_d1000_05_mr098_r10_28.csv
2026-02-02 16:17:12,369|ERROR|random_mc2_n5_mid3_d1000_05_mr098_r10_28_uai_GSCC_n200_roTrue_s0: File exists, not rewriting.
2026-02-02 16:17:12,357|INFO|random_mc2_n5_mid3_d1000_05_mr098_r10_63_uai_GSCC_n200_roTrue_s0: Loading data from ../models/synthetic/s123/random_mc2_n5_mid3_d1000_05_mr098_r10_63.csv
2026-02-02 16:17:12,368|INFO|random_mc2_n5_mid3_d1000_05_mr098_r10_63_uai_GSCC_n200_roTrue_s0: PNS(V4,V1) exact: (0.0, 0.1702281)
trainable: ['V5', 'V6', 'V0', 'V7']
2026-02-02 16:17:12,515|INFO|random_mc2_n5_mid3_d1000_05_mr098_r10_169_uai_GSCC_n200_roTrue_s0: [0.1389,0.2506]	 92 runs	 rmse=0.24940	 T_learn=9557 ms. 	 T_infer=973 ms.
2026-02-02 16:17:12,521|INFO|random_mc2_n5_mid3_d1000_05_mr098_r10_169_uai_GSCC_n200_roTrue_s0: Saving results to ../results/synthetic/s123/random_mc2_n5_mid3_d1000_05_mr098_r10_169_uai_GSCC_n200_roTrue_s0.csv
trainable: ['V0', 'V7', 'V8', 'V9', 'V10']
trainable: ['V5', 'V2', 'V6']
2026-02-02 16:17:12,639|INFO|random_mc2_n5_mid3_d1000_05_mr098_r10_137_uai_GSCC_n200_roFalse_s0: [0.3436,0.4020]	 46 runs	 rmse=0.03855	 T_learn=10459 ms. 	 T_infer=1399 ms.
2026-02-02 16:17:12,644|INFO|random_mc2_n5_mid3_d1000_05_mr098_r10_137_uai_GSCC_n200_roFalse_s0: Saving results to ../results/synthetic/s123/random_mc2_n5_mid3_d1000_05_mr098_r10_137_uai_GSCC_n200_roFalse_s0.csv
2026-02-02 16:17:12,737|INFO|random_mc2_n6_mid3_d1000_05_mr098_r10_28_uai_GSCC_n200_roFalse_s0: [0.4729,0.5473]	 53 runs	 rmse=0.11167	 T_learn=16882 ms. 	 T_infer=2691 ms.
2026-02-02 16:17:12,742|INFO|random_mc2_n6_mid3_d1000_05_mr098_r10_28_uai_GSCC_n200_roFalse_s0: Saving results to ../results/synthetic/s123/random_mc2_n6_mid3_d1000_05_mr098_r10_28_uai_GSCC_n200_roFalse_s0.csv
2026-02-02 16:17:12,851|INFO|random_mc2_n5_mid3_d1000_05_mr098_r10_190_uai_GSCC_n200_roTrue_s0: [0.0389,0.0673]	 40 runs	 rmse=0.08645	 T_learn=8714 ms. 	 T_infer=1063 ms.
2026-02-02 16:17:12,856|INFO|random_mc2_n5_mid3_d1000_05_mr098_r10_190_uai_GSCC_n200_roTrue_s0: Saving results to ../results/synthetic/s123/random_mc2_n5_mid3_d1000_05_mr098_r10_190_uai_GSCC_n200_roTrue_s0.csv
2026-02-02 16:17:13,107|INFO|random_mc2_n6_mid3_d1000_05_mr098_r10_144_uai_GSCC_n200_roTrue_s0: [0.0164,0.0214]	 19 runs	 rmse=0.01600	 T_learn=7144 ms. 	 T_infer=967 ms.
2026-02-02 16:17:13,111|INFO|random_mc2_n6_mid3_d1000_05_mr098_r10_144_uai_GSCC_n200_roTrue_s0: Saving results to ../results/synthetic/s123/random_mc2_n6_mid3_d1000_05_mr098_r10_144_uai_GSCC_n200_roTrue_s0.csv
2026-02-02 16:17:13,302|INFO|random_mc2_n5_mid3_d1000_05_mr098_r10_195_uai_GSCC_n200_roFalse_s0: [0.1186,0.1949]	 52 runs	 rmse=0.15753	 T_learn=7891 ms. 	 T_infer=877 ms.
2026-02-02 16:17:13,307|INFO|random_mc2_n5_mid3_d1000_05_mr098_r10_195_uai_GSCC_n200_roFalse_s0: Saving results to ../results/synthetic/s123/random_mc2_n5_mid3_d1000_05_mr098_r10_195_uai_GSCC_n200_roFalse_s0.csv
2026-02-02 16:17:13,491|INFO|random_mc2_n6_mid3_d1000_05_mr098_r10_158_uai_GSCC_n200_roFalse_s0: [0.0241,0.0356]	 51 runs	 rmse=0.03546	 T_learn=10245 ms. 	 T_infer=1319 ms.
2026-02-02 16:17:13,497|INFO|random_mc2_n6_mid3_d1000_05_mr098_r10_158_uai_GSCC_n200_roFalse_s0: Saving results to ../results/synthetic/s123/random_mc2_n6_mid3_d1000_05_mr098_r10_158_uai_GSCC_n200_roFalse_s0.csv
2026-02-02 16:17:13,588|INFO|random_mc2_n6_mid3_d1000_05_mr098_r10_71_uai_GSCC_n200_roFalse_s0: [0.5153,0.6281]	 55 runs	 rmse=0.02577	 T_learn=19367 ms. 	 T_infer=3012 ms.
2026-02-02 16:17:13,593|INFO|random_mc2_n6_mid3_d1000_05_mr098_r10_71_uai_GSCC_n200_roFalse_s0: Saving results to ../results/synthetic/s123/random_mc2_n6_mid3_d1000_05_mr098_r10_71_uai_GSCC_n200_roFalse_s0.csv
2026-02-02 16:17:13,597|INFO|random_mc2_n5_mid3_d1000_05_mr098_r10_31_uai_GSCC_n200_roTrue_s0: [0.0901,0.1270]	 67 runs	 rmse=0.15565	 T_learn=12228 ms. 	 T_infer=1470 ms.
2026-02-02 16:17:13,602|INFO|random_mc2_n5_mid3_d1000_05_mr098_r10_31_uai_GSCC_n200_roTrue_s0: Saving results to ../results/synthetic/s123/random_mc2_n5_mid3_d1000_05_mr098_r10_31_uai_GSCC_n200_roTrue_s0.csv
2026-02-02 16:17:13,620|INFO|random_mc2_n5_mid3_d1000_05_mr098_r10_169_uai_GSCC_n200_roTrue_s0: [0.1389,0.2506]	 93 runs	 rmse=0.24940	 T_learn=9672 ms. 	 T_infer=985 ms.
2026-02-02 16:17:13,627|INFO|random_mc2_n5_mid3_d1000_05_mr098_r10_169_uai_GSCC_n200_roTrue_s0: Saving results to ../results/synthetic/s123/random_mc2_n5_mid3_d1000_05_mr098_r10_169_uai_GSCC_n200_roTrue_s0.csv
2026-02-02 16:17:13,652|INFO|random_mc2_n5_mid3_d1000_05_mr098_r10_102_uai_GSCC_n200_roTrue_s0: [0.3034,0.4056]	 73 runs	 rmse=0.08208	 T_learn=12981 ms. 	 T_infer=1967 ms.
2026-02-02 16:17:13,657|INFO|random_mc2_n5_mid3_d1000_05_mr098_r10_102_uai_GSCC_n200_roTrue_s0: Saving results to ../results/synthetic/s123/random_mc2_n5_mid3_d1000_05_mr098_r10_102_uai_GSCC_n200_roTrue_s0.csv
trainable: ['V2', 'V5', 'V0']
2026-02-02 16:17:13,780|INFO|random_mc2_n5_mid3_d1000_05_mr098_r10_74_uai_GSCC_n200_roTrue_s0: [0.3355,0.3798]	 29 runs	 rmse=0.15623	 T_learn=12407 ms. 	 T_infer=2299 ms.
2026-02-02 16:17:13,786|INFO|random_mc2_n5_mid3_d1000_05_mr098_r10_74_uai_GSCC_n200_roTrue_s0: Saving results to ../results/synthetic/s123/random_mc2_n5_mid3_d1000_05_mr098_r10_74_uai_GSCC_n200_roTrue_s0.csv
2026-02-02 16:17:14,076|INFO|random_mc2_n5_mid3_d1000_05_mr098_r10_190_uai_GSCC_n200_roTrue_s0: [0.0389,0.0673]	 41 runs	 rmse=0.08645	 T_learn=8841 ms. 	 T_infer=1093 ms.
2026-02-02 16:17:14,081|INFO|random_mc2_n5_mid3_d1000_05_mr098_r10_190_uai_GSCC_n200_roTrue_s0: Saving results to ../results/synthetic/s123/random_mc2_n5_mid3_d1000_05_mr098_r10_190_uai_GSCC_n200_roTrue_s0.csv
2026-02-02 16:17:14,261|INFO|random_mc2_n5_mid3_d1000_05_mr098_r10_137_uai_GSCC_n200_roFalse_s0: [0.3436,0.4020]	 47 runs	 rmse=0.03855	 T_learn=10655 ms. 	 T_infer=1421 ms.
2026-02-02 16:17:14,266|INFO|random_mc2_n6_mid3_d1000_05_mr098_r10_144_uai_GSCC_n200_roTrue_s0: [0.0153,0.0214]	 20 runs	 rmse=0.01565	 T_learn=7293 ms. 	 T_infer=1005 ms.
2026-02-02 16:17:14,266|INFO|random_mc2_n5_mid3_d1000_05_mr098_r10_137_uai_GSCC_n200_roFalse_s0: Saving results to ../results/synthetic/s123/random_mc2_n5_mid3_d1000_05_mr098_r10_137_uai_GSCC_n200_roFalse_s0.csv
2026-02-02 16:17:14,270|INFO|random_mc2_n6_mid3_d1000_05_mr098_r10_144_uai_GSCC_n200_roTrue_s0: Saving results to ../results/synthetic/s123/random_mc2_n6_mid3_d1000_05_mr098_r10_144_uai_GSCC_n200_roTrue_s0.csv
2026-02-02 16:17:14,276|INFO|random_mc2_n5_mid3_d1000_05_mr098_r10_195_uai_GSCC_n200_roFalse_s0: [0.1186,0.1949]	 53 runs	 rmse=0.15753	 T_learn=7991 ms. 	 T_infer=868 ms.
2026-02-02 16:17:14,281|INFO|random_mc2_n5_mid3_d1000_05_mr098_r10_195_uai_GSCC_n200_roFalse_s0: Saving results to ../results/synthetic/s123/random_mc2_n5_mid3_d1000_05_mr098_r10_195_uai_GSCC_n200_roFalse_s0.csv
2026-02-02 16:17:14,435|INFO|random_mc2_n5_mid3_d1000_05_mr098_r10_141_uai_GSCC_n200_roTrue_s0: [0.1082,0.1946]	 64 runs	 rmse=0.11245	 T_learn=18061 ms. 	 T_infer=2782 ms.
2026-02-02 16:17:14,440|INFO|random_mc2_n5_mid3_d1000_05_mr098_r10_141_uai_GSCC_n200_roTrue_s0: Saving results to ../results/synthetic/s123/random_mc2_n5_mid3_d1000_05_mr098_r10_141_uai_GSCC_n200_roTrue_s0.csv
2026-02-02 16:17:14,519|INFO|random_mc2_n6_mid3_d1000_05_mr098_r10_169_uai_GSCC_n200_roFalse_s0: [0.0093,0.0307]	 75 runs	 rmse=0.01320	 T_learn=17893 ms. 	 T_infer=2266 ms.
2026-02-02 16:17:14,525|INFO|random_mc2_n6_mid3_d1000_05_mr098_r10_169_uai_GSCC_n200_roFalse_s0: Saving results to ../results/synthetic/s123/random_mc2_n6_mid3_d1000_05_mr098_r10_169_uai_GSCC_n200_roFalse_s0.csv
2026-02-02 16:17:14,733|INFO|random_mc2_n5_mid3_d1000_05_mr098_r10_169_uai_GSCC_n200_roTrue_s0: [0.1389,0.2506]	 94 runs	 rmse=0.24940	 T_learn=9788 ms. 	 T_infer=991 ms.
2026-02-02 16:17:14,740|INFO|random_mc2_n5_mid3_d1000_05_mr098_r10_169_uai_GSCC_n200_roTrue_s0: Saving results to ../results/synthetic/s123/random_mc2_n5_mid3_d1000_05_mr098_r10_169_uai_GSCC_n200_roTrue_s0.csv
2026-02-02 16:17:14,786|INFO|random_mc2_n6_mid3_d1000_05_mr098_r10_72_uai_GSCC_n200_roTrue_s0: [0.0627,0.0918]	 58 runs	 rmse=0.04939	 T_learn=21086 ms. 	 T_infer=2813 ms.
2026-02-02 16:17:14,791|INFO|random_mc2_n6_mid3_d1000_05_mr098_r10_72_uai_GSCC_n200_roTrue_s0: Saving results to ../results/synthetic/s123/random_mc2_n6_mid3_d1000_05_mr098_r10_72_uai_GSCC_n200_roTrue_s0.csv
2026-02-02 16:17:15,090|INFO|random_mc2_n6_mid3_d1000_05_mr098_r10_158_uai_GSCC_n200_roFalse_s0: [0.0241,0.0356]	 52 runs	 rmse=0.03546	 T_learn=10392 ms. 	 T_infer=1446 ms.
2026-02-02 16:17:15,096|INFO|random_mc2_n6_mid3_d1000_05_mr098_r10_158_uai_GSCC_n200_roFalse_s0: Saving results to ../results/synthetic/s123/random_mc2_n6_mid3_d1000_05_mr098_r10_158_uai_GSCC_n200_roFalse_s0.csv
2026-02-02 16:17:15,123|INFO|random_mc2_n5_mid3_d1000_05_mr098_r10_44_uai_GSCC_n200_roFalse_s0: [0.0156,0.0298]	 59 runs	 rmse=0.00196	 T_learn=17507 ms. 	 T_infer=2905 ms.
2026-02-02 16:17:15,128|INFO|random_mc2_n5_mid3_d1000_05_mr098_r10_44_uai_GSCC_n200_roFalse_s0: Saving results to ../results/synthetic/s123/random_mc2_n5_mid3_d1000_05_mr098_r10_44_uai_GSCC_n200_roFalse_s0.csv
2026-02-02 16:17:15,273|INFO|random_mc2_n5_mid3_d1000_05_mr098_r10_195_uai_GSCC_n200_roFalse_s0: [0.1186,0.1949]	 54 runs	 rmse=0.15753	 T_learn=8092 ms. 	 T_infer=891 ms.
2026-02-02 16:17:15,278|INFO|random_mc2_n5_mid3_d1000_05_mr098_r10_195_uai_GSCC_n200_roFalse_s0: Saving results to ../results/synthetic/s123/random_mc2_n5_mid3_d1000_05_mr098_r10_195_uai_GSCC_n200_roFalse_s0.csv
2026-02-02 16:17:15,278|INFO|random_mc2_n5_mid3_d1000_05_mr098_r10_31_uai_GSCC_n200_roTrue_s0: [0.0901,0.1270]	 68 runs	 rmse=0.15565	 T_learn=12414 ms. 	 T_infer=1489 ms.
2026-02-02 16:17:15,283|INFO|random_mc2_n5_mid3_d1000_05_mr098_r10_31_uai_GSCC_n200_roTrue_s0: Saving results to ../results/synthetic/s123/random_mc2_n5_mid3_d1000_05_mr098_r10_31_uai_GSCC_n200_roTrue_s0.csv
2026-02-02 16:17:15,335|INFO|random_mc2_n5_mid3_d1000_05_mr098_r10_190_uai_GSCC_n200_roTrue_s0: [0.0389,0.0673]	 42 runs	 rmse=0.08645	 T_learn=8971 ms. 	 T_infer=1124 ms.
2026-02-02 16:17:15,340|INFO|random_mc2_n5_mid3_d1000_05_mr098_r10_190_uai_GSCC_n200_roTrue_s0: Saving results to ../results/synthetic/s123/random_mc2_n5_mid3_d1000_05_mr098_r10_190_uai_GSCC_n200_roTrue_s0.csv
2026-02-02 16:17:15,476|INFO|random_mc2_n6_mid3_d1000_05_mr098_r10_144_uai_GSCC_n200_roTrue_s0: [0.0153,0.0214]	 21 runs	 rmse=0.01565	 T_learn=7444 ms. 	 T_infer=1055 ms.
2026-02-02 16:17:15,480|INFO|random_mc2_n6_mid3_d1000_05_mr098_r10_144_uai_GSCC_n200_roTrue_s0: Saving results to ../results/synthetic/s123/random_mc2_n6_mid3_d1000_05_mr098_r10_144_uai_GSCC_n200_roTrue_s0.csv
2026-02-02 16:17:15,670|INFO|random_mc2_n5_mid3_d1000_05_mr098_r10_102_uai_GSCC_n200_roTrue_s0: [0.3034,0.4056]	 74 runs	 rmse=0.08208	 T_learn=13160 ms. 	 T_infer=1835 ms.
2026-02-02 16:17:15,679|INFO|random_mc2_n5_mid3_d1000_05_mr098_r10_102_uai_GSCC_n200_roTrue_s0: Saving results to ../results/synthetic/s123/random_mc2_n5_mid3_d1000_05_mr098_r10_102_uai_GSCC_n200_roTrue_s0.csv
2026-02-02 16:17:15,858|INFO|random_mc2_n6_mid3_d1000_05_mr098_r10_28_uai_GSCC_n200_roFalse_s0: [0.4729,0.5473]	 54 runs	 rmse=0.11167	 T_learn=17258 ms. 	 T_infer=2740 ms.
2026-02-02 16:17:15,862|INFO|random_mc2_n5_mid3_d1000_05_mr098_r10_169_uai_GSCC_n200_roTrue_s0: [0.1389,0.2506]	 95 runs	 rmse=0.24940	 T_learn=9904 ms. 	 T_infer=1005 ms.
2026-02-02 16:17:15,863|INFO|random_mc2_n6_mid3_d1000_05_mr098_r10_28_uai_GSCC_n200_roFalse_s0: Saving results to ../results/synthetic/s123/random_mc2_n6_mid3_d1000_05_mr098_r10_28_uai_GSCC_n200_roFalse_s0.csv
2026-02-02 16:17:15,868|INFO|random_mc2_n5_mid3_d1000_05_mr098_r10_169_uai_GSCC_n200_roTrue_s0: Saving results to ../results/synthetic/s123/random_mc2_n5_mid3_d1000_05_mr098_r10_169_uai_GSCC_n200_roTrue_s0.csv
2026-02-02 16:17:15,919|INFO|random_mc2_n5_mid3_d1000_05_mr098_r10_137_uai_GSCC_n200_roFalse_s0: [0.3436,0.4020]	 48 runs	 rmse=0.03855	 T_learn=10854 ms. 	 T_infer=1453 ms.
2026-02-02 16:17:15,924|INFO|random_mc2_n5_mid3_d1000_05_mr098_r10_137_uai_GSCC_n200_roFalse_s0: Saving results to ../results/synthetic/s123/random_mc2_n5_mid3_d1000_05_mr098_r10_137_uai_GSCC_n200_roFalse_s0.csv
2026-02-02 16:17:15,927|INFO|random_mc2_n5_mid3_d1000_05_mr098_r10_63_uai_GSCC_n200_roTrue_s0: [0.0470,0.0470]	 1 runs	 rmse=0.13189	 T_learn=3539 ms. 	 T_infer=15 ms.
2026-02-02 16:17:15,936|INFO|random_mc2_n5_mid3_d1000_05_mr098_r10_63_uai_GSCC_n200_roTrue_s0: Saving results to ../results/synthetic/s123/random_mc2_n5_mid3_d1000_05_mr098_r10_63_uai_GSCC_n200_roTrue_s0.csv
2026-02-02 16:17:15,987|INFO|random_mc2_n5_mid3_d1000_05_mr098_r10_63_uai_GSCC_n200_roTrue_s0: [0.0445,0.0470]	 2 runs	 rmse=0.13101	 T_learn=3562 ms. 	 T_infer=28 ms.
2026-02-02 16:17:15,991|INFO|random_mc2_n5_mid3_d1000_05_mr098_r10_63_uai_GSCC_n200_roTrue_s0: Saving results to ../results/synthetic/s123/random_mc2_n5_mid3_d1000_05_mr098_r10_63_uai_GSCC_n200_roTrue_s0.csv
2026-02-02 16:17:16,057|INFO|random_mc2_n5_mid3_d1000_05_mr098_r10_63_uai_GSCC_n200_roTrue_s0: [0.0399,0.0470]	 3 runs	 rmse=0.12955	 T_learn=3586 ms. 	 T_infer=42 ms.
2026-02-02 16:17:16,061|INFO|random_mc2_n5_mid3_d1000_05_mr098_r10_63_uai_GSCC_n200_roTrue_s0: Saving results to ../results/synthetic/s123/random_mc2_n5_mid3_d1000_05_mr098_r10_63_uai_GSCC_n200_roTrue_s0.csv
2026-02-02 16:17:16,143|INFO|random_mc2_n5_mid3_d1000_05_mr098_r10_63_uai_GSCC_n200_roTrue_s0: [0.0399,0.0470]	 4 runs	 rmse=0.12955	 T_learn=3611 ms. 	 T_infer=56 ms.
2026-02-02 16:17:16,147|INFO|random_mc2_n5_mid3_d1000_05_mr098_r10_63_uai_GSCC_n200_roTrue_s0: Saving results to ../results/synthetic/s123/random_mc2_n5_mid3_d1000_05_mr098_r10_63_uai_GSCC_n200_roTrue_s0.csv
2026-02-02 16:17:16,209|INFO|random_mc2_n5_mid3_d1000_05_mr098_r10_188_uai_GSCC_n200_roFalse_s0: [0.0117,0.0117]	 1 runs	 rmse=0.03944	 T_learn=5098 ms. 	 T_infer=24 ms.
2026-02-02 16:17:16,217|INFO|random_mc2_n5_mid3_d1000_05_mr098_r10_188_uai_GSCC_n200_roFalse_s0: Saving results to ../results/synthetic/s123/random_mc2_n5_mid3_d1000_05_mr098_r10_188_uai_GSCC_n200_roFalse_s0.csv
2026-02-02 16:17:16,247|INFO|random_mc2_n5_mid3_d1000_05_mr098_r10_63_uai_GSCC_n200_roTrue_s0: [0.0399,0.0470]	 5 runs	 rmse=0.12955	 T_learn=3638 ms. 	 T_infer=73 ms.
2026-02-02 16:17:16,251|INFO|random_mc2_n5_mid3_d1000_05_mr098_r10_63_uai_GSCC_n200_roTrue_s0: Saving results to ../results/synthetic/s123/random_mc2_n5_mid3_d1000_05_mr098_r10_63_uai_GSCC_n200_roTrue_s0.csv
2026-02-02 16:17:16,306|INFO|random_mc2_n5_mid3_d1000_05_mr098_r10_188_uai_GSCC_n200_roFalse_s0: [0.0073,0.0117]	 2 runs	 rmse=0.03837	 T_learn=5138 ms. 	 T_infer=47 ms.
2026-02-02 16:17:16,309|INFO|random_mc2_n5_mid3_d1000_05_mr098_r10_188_uai_GSCC_n200_roFalse_s0: Saving results to ../results/synthetic/s123/random_mc2_n5_mid3_d1000_05_mr098_r10_188_uai_GSCC_n200_roFalse_s0.csv
2026-02-02 16:17:16,365|INFO|random_mc2_n5_mid3_d1000_05_mr098_r10_63_uai_GSCC_n200_roTrue_s0: [0.0399,0.0470]	 6 runs	 rmse=0.12955	 T_learn=3667 ms. 	 T_infer=85 ms.
2026-02-02 16:17:16,369|INFO|random_mc2_n5_mid3_d1000_05_mr098_r10_63_uai_GSCC_n200_roTrue_s0: Saving results to ../results/synthetic/s123/random_mc2_n5_mid3_d1000_05_mr098_r10_63_uai_GSCC_n200_roTrue_s0.csv
2026-02-02 16:17:16,410|INFO|random_mc2_n5_mid3_d1000_05_mr098_r10_195_uai_GSCC_n200_roFalse_s0: [0.1114,0.1949]	 55 runs	 rmse=0.15829	 T_learn=8194 ms. 	 T_infer=1030 ms.
2026-02-02 16:17:16,414|INFO|random_mc2_n5_mid3_d1000_05_mr098_r10_195_uai_GSCC_n200_roFalse_s0: Saving results to ../results/synthetic/s123/random_mc2_n5_mid3_d1000_05_mr098_r10_195_uai_GSCC_n200_roFalse_s0.csv
2026-02-02 16:17:16,419|INFO|random_mc2_n5_mid3_d1000_05_mr098_r10_188_uai_GSCC_n200_roFalse_s0: [0.0073,0.0117]	 3 runs	 rmse=0.03837	 T_learn=5177 ms. 	 T_infer=70 ms.
2026-02-02 16:17:16,423|INFO|random_mc2_n5_mid3_d1000_05_mr098_r10_188_uai_GSCC_n200_roFalse_s0: Saving results to ../results/synthetic/s123/random_mc2_n5_mid3_d1000_05_mr098_r10_188_uai_GSCC_n200_roFalse_s0.csv
2026-02-02 16:17:16,495|INFO|random_mc2_n5_mid3_d1000_05_mr098_r10_63_uai_GSCC_n200_roTrue_s0: [0.0399,0.0470]	 7 runs	 rmse=0.12955	 T_learn=3695 ms. 	 T_infer=98 ms.
2026-02-02 16:17:16,499|INFO|random_mc2_n5_mid3_d1000_05_mr098_r10_63_uai_GSCC_n200_roTrue_s0: Saving results to ../results/synthetic/s123/random_mc2_n5_mid3_d1000_05_mr098_r10_63_uai_GSCC_n200_roTrue_s0.csv
2026-02-02 16:17:16,501|INFO|random_mc2_n5_mid3_d1000_05_mr098_r10_74_uai_GSCC_n200_roTrue_s0: [0.3355,0.3798]	 30 runs	 rmse=0.15623	 T_learn=12743 ms. 	 T_infer=2380 ms.
2026-02-02 16:17:16,506|INFO|random_mc2_n5_mid3_d1000_05_mr098_r10_74_uai_GSCC_n200_roTrue_s0: Saving results to ../results/synthetic/s123/random_mc2_n5_mid3_d1000_05_mr098_r10_74_uai_GSCC_n200_roTrue_s0.csv
2026-02-02 16:17:16,557|INFO|random_mc2_n5_mid3_d1000_05_mr098_r10_188_uai_GSCC_n200_roFalse_s0: [0.0064,0.0117]	 4 runs	 rmse=0.03820	 T_learn=5218 ms. 	 T_infer=93 ms.
2026-02-02 16:17:16,561|INFO|random_mc2_n5_mid3_d1000_05_mr098_r10_188_uai_GSCC_n200_roFalse_s0: Saving results to ../results/synthetic/s123/random_mc2_n5_mid3_d1000_05_mr098_r10_188_uai_GSCC_n200_roFalse_s0.csv
2026-02-02 16:17:16,600|INFO|random_mc2_n6_mid3_d1000_05_mr098_r10_158_uai_GSCC_n200_roFalse_s0: [0.0241,0.0370]	 53 runs	 rmse=0.03651	 T_learn=10542 ms. 	 T_infer=1354 ms.
2026-02-02 16:17:16,605|INFO|random_mc2_n6_mid3_d1000_05_mr098_r10_158_uai_GSCC_n200_roFalse_s0: Saving results to ../results/synthetic/s123/random_mc2_n6_mid3_d1000_05_mr098_r10_158_uai_GSCC_n200_roFalse_s0.csv
2026-02-02 16:17:16,641|INFO|random_mc2_n5_mid3_d1000_05_mr098_r10_63_uai_GSCC_n200_roTrue_s0: [0.0399,0.0477]	 8 runs	 rmse=0.12888	 T_learn=3724 ms. 	 T_infer=113 ms.
2026-02-02 16:17:16,646|INFO|random_mc2_n5_mid3_d1000_05_mr098_r10_63_uai_GSCC_n200_roTrue_s0: Saving results to ../results/synthetic/s123/random_mc2_n5_mid3_d1000_05_mr098_r10_63_uai_GSCC_n200_roTrue_s0.csv
2026-02-02 16:17:16,719|INFO|random_mc2_n5_mid3_d1000_05_mr098_r10_188_uai_GSCC_n200_roFalse_s0: [0.0051,0.0117]	 5 runs	 rmse=0.03800	 T_learn=5260 ms. 	 T_infer=116 ms.
2026-02-02 16:17:16,724|INFO|random_mc2_n5_mid3_d1000_05_mr098_r10_188_uai_GSCC_n200_roFalse_s0: Saving results to ../results/synthetic/s123/random_mc2_n5_mid3_d1000_05_mr098_r10_188_uai_GSCC_n200_roFalse_s0.csv
2026-02-02 16:17:16,744|INFO|random_mc2_n6_mid3_d1000_05_mr098_r10_144_uai_GSCC_n200_roTrue_s0: [0.0153,0.0214]	 22 runs	 rmse=0.01565	 T_learn=7599 ms. 	 T_infer=1108 ms.
2026-02-02 16:17:16,748|INFO|random_mc2_n6_mid3_d1000_05_mr098_r10_144_uai_GSCC_n200_roTrue_s0: Saving results to ../results/synthetic/s123/random_mc2_n6_mid3_d1000_05_mr098_r10_144_uai_GSCC_n200_roTrue_s0.csv
2026-02-02 16:17:16,757|INFO|random_mc2_n5_mid3_d1000_05_mr098_r10_190_uai_GSCC_n200_roTrue_s0: [0.0406,0.0673]	 43 runs	 rmse=0.08721	 T_learn=9104 ms. 	 T_infer=1283 ms.
2026-02-02 16:17:16,761|INFO|random_mc2_n5_mid3_d1000_05_mr098_r10_190_uai_GSCC_n200_roTrue_s0: Saving results to ../results/synthetic/s123/random_mc2_n5_mid3_d1000_05_mr098_r10_190_uai_GSCC_n200_roTrue_s0.csv
2026-02-02 16:17:16,803|INFO|random_mc2_n5_mid3_d1000_05_mr098_r10_63_uai_GSCC_n200_roTrue_s0: [0.0399,0.0477]	 9 runs	 rmse=0.12888	 T_learn=3755 ms. 	 T_infer=126 ms.
2026-02-02 16:17:16,808|INFO|random_mc2_n5_mid3_d1000_05_mr098_r10_63_uai_GSCC_n200_roTrue_s0: Saving results to ../results/synthetic/s123/random_mc2_n5_mid3_d1000_05_mr098_r10_63_uai_GSCC_n200_roTrue_s0.csv
2026-02-02 16:17:16,907|INFO|random_mc2_n5_mid3_d1000_05_mr098_r10_188_uai_GSCC_n200_roFalse_s0: [0.0034,0.0117]	 6 runs	 rmse=0.03781	 T_learn=5304 ms. 	 T_infer=139 ms.
2026-02-02 16:17:16,910|INFO|random_mc2_n5_mid3_d1000_05_mr098_r10_188_uai_GSCC_n200_roFalse_s0: Saving results to ../results/synthetic/s123/random_mc2_n5_mid3_d1000_05_mr098_r10_188_uai_GSCC_n200_roFalse_s0.csv
2026-02-02 16:17:16,980|INFO|random_mc2_n5_mid3_d1000_05_mr098_r10_63_uai_GSCC_n200_roTrue_s0: [0.0399,0.0572]	 10 runs	 rmse=0.11990	 T_learn=3786 ms. 	 T_infer=141 ms.
2026-02-02 16:17:16,980|INFO|random_mc2_n5_mid3_d1000_05_mr098_r10_31_uai_GSCC_n200_roTrue_s0: [0.0901,0.1270]	 69 runs	 rmse=0.15565	 T_learn=12604 ms. 	 T_infer=1508 ms.
2026-02-02 16:17:16,985|INFO|random_mc2_n5_mid3_d1000_05_mr098_r10_63_uai_GSCC_n200_roTrue_s0: Saving results to ../results/synthetic/s123/random_mc2_n5_mid3_d1000_05_mr098_r10_63_uai_GSCC_n200_roTrue_s0.csv
2026-02-02 16:17:16,985|INFO|random_mc2_n5_mid3_d1000_05_mr098_r10_31_uai_GSCC_n200_roTrue_s0: Saving results to ../results/synthetic/s123/random_mc2_n5_mid3_d1000_05_mr098_r10_31_uai_GSCC_n200_roTrue_s0.csv
2026-02-02 16:17:16,999|INFO|random_mc2_n5_mid3_d1000_05_mr098_r10_169_uai_GSCC_n200_roTrue_s0: [0.1389,0.2506]	 96 runs	 rmse=0.24940	 T_learn=10022 ms. 	 T_infer=1014 ms.
2026-02-02 16:17:17,005|INFO|random_mc2_n5_mid3_d1000_05_mr098_r10_169_uai_GSCC_n200_roTrue_s0: Saving results to ../results/synthetic/s123/random_mc2_n5_mid3_d1000_05_mr098_r10_169_uai_GSCC_n200_roTrue_s0.csv
2026-02-02 16:17:17,054|INFO|random_mc2_n6_mid3_d1000_05_mr098_r10_169_uai_GSCC_n200_roFalse_s0: [0.0093,0.0307]	 76 runs	 rmse=0.01315	 T_learn=18142 ms. 	 T_infer=2280 ms.
2026-02-02 16:17:17,059|INFO|random_mc2_n6_mid3_d1000_05_mr098_r10_169_uai_GSCC_n200_roFalse_s0: Saving results to ../results/synthetic/s123/random_mc2_n6_mid3_d1000_05_mr098_r10_169_uai_GSCC_n200_roFalse_s0.csv
2026-02-02 16:17:17,119|INFO|random_mc2_n5_mid3_d1000_05_mr098_r10_188_uai_GSCC_n200_roFalse_s0: [0.0027,0.0117]	 7 runs	 rmse=0.03776	 T_learn=5350 ms. 	 T_infer=163 ms.
2026-02-02 16:17:17,123|INFO|random_mc2_n5_mid3_d1000_05_mr098_r10_188_uai_GSCC_n200_roFalse_s0: Saving results to ../results/synthetic/s123/random_mc2_n5_mid3_d1000_05_mr098_r10_188_uai_GSCC_n200_roFalse_s0.csv
2026-02-02 16:17:17,171|INFO|random_mc2_n5_mid3_d1000_05_mr098_r10_63_uai_GSCC_n200_roTrue_s0: [0.0399,0.0618]	 11 runs	 rmse=0.11556	 T_learn=3818 ms. 	 T_infer=154 ms.
2026-02-02 16:17:17,175|INFO|random_mc2_n5_mid3_d1000_05_mr098_r10_63_uai_GSCC_n200_roTrue_s0: Saving results to ../results/synthetic/s123/random_mc2_n5_mid3_d1000_05_mr098_r10_63_uai_GSCC_n200_roTrue_s0.csv
2026-02-02 16:17:17,177|INFO|random_mc2_n6_mid3_d1000_05_mr098_r10_71_uai_GSCC_n200_roFalse_s0: [0.5153,0.6281]	 56 runs	 rmse=0.02577	 T_learn=19783 ms. 	 T_infer=3169 ms.
2026-02-02 16:17:17,182|INFO|random_mc2_n6_mid3_d1000_05_mr098_r10_71_uai_GSCC_n200_roFalse_s0: Saving results to ../results/synthetic/s123/random_mc2_n6_mid3_d1000_05_mr098_r10_71_uai_GSCC_n200_roFalse_s0.csv
2026-02-02 16:17:17,356|INFO|random_mc2_n5_mid3_d1000_05_mr098_r10_188_uai_GSCC_n200_roFalse_s0: [0.0027,0.0117]	 8 runs	 rmse=0.03776	 T_learn=5397 ms. 	 T_infer=186 ms.
2026-02-02 16:17:17,361|INFO|random_mc2_n5_mid3_d1000_05_mr098_r10_188_uai_GSCC_n200_roFalse_s0: Saving results to ../results/synthetic/s123/random_mc2_n5_mid3_d1000_05_mr098_r10_188_uai_GSCC_n200_roFalse_s0.csv
2026-02-02 16:17:17,376|INFO|random_mc2_n5_mid3_d1000_05_mr098_r10_63_uai_GSCC_n200_roTrue_s0: [0.0399,0.0618]	 12 runs	 rmse=0.11556	 T_learn=3851 ms. 	 T_infer=168 ms.
2026-02-02 16:17:17,381|INFO|random_mc2_n5_mid3_d1000_05_mr098_r10_63_uai_GSCC_n200_roTrue_s0: Saving results to ../results/synthetic/s123/random_mc2_n5_mid3_d1000_05_mr098_r10_63_uai_GSCC_n200_roTrue_s0.csv
2026-02-02 16:17:17,438|INFO|random_mc2_n5_mid3_d1000_05_mr098_r10_195_uai_GSCC_n200_roFalse_s0: [0.0935,0.1949]	 56 runs	 rmse=0.16159	 T_learn=8297 ms. 	 T_infer=920 ms.
2026-02-02 16:17:17,444|INFO|random_mc2_n5_mid3_d1000_05_mr098_r10_195_uai_GSCC_n200_roFalse_s0: Saving results to ../results/synthetic/s123/random_mc2_n5_mid3_d1000_05_mr098_r10_195_uai_GSCC_n200_roFalse_s0.csv
2026-02-02 16:17:17,462|INFO|random_mc2_n5_mid3_d1000_05_mr098_r10_141_uai_GSCC_n200_roTrue_s0: [0.1082,0.1946]	 65 runs	 rmse=0.11245	 T_learn=18406 ms. 	 T_infer=2677 ms.
2026-02-02 16:17:17,468|INFO|random_mc2_n5_mid3_d1000_05_mr098_r10_141_uai_GSCC_n200_roTrue_s0: Saving results to ../results/synthetic/s123/random_mc2_n5_mid3_d1000_05_mr098_r10_141_uai_GSCC_n200_roTrue_s0.csv
2026-02-02 16:17:17,597|INFO|random_mc2_n5_mid3_d1000_05_mr098_r10_63_uai_GSCC_n200_roTrue_s0: [0.0399,0.0618]	 13 runs	 rmse=0.11556	 T_learn=3886 ms. 	 T_infer=181 ms.
2026-02-02 16:17:17,601|INFO|random_mc2_n5_mid3_d1000_05_mr098_r10_63_uai_GSCC_n200_roTrue_s0: Saving results to ../results/synthetic/s123/random_mc2_n5_mid3_d1000_05_mr098_r10_63_uai_GSCC_n200_roTrue_s0.csv
2026-02-02 16:17:17,608|INFO|random_mc2_n5_mid3_d1000_05_mr098_r10_137_uai_GSCC_n200_roFalse_s0: [0.3436,0.4020]	 49 runs	 rmse=0.03855	 T_learn=11057 ms. 	 T_infer=1479 ms.
2026-02-02 16:17:17,612|INFO|random_mc2_n5_mid3_d1000_05_mr098_r10_137_uai_GSCC_n200_roFalse_s0: Saving results to ../results/synthetic/s123/random_mc2_n5_mid3_d1000_05_mr098_r10_137_uai_GSCC_n200_roFalse_s0.csv
2026-02-02 16:17:17,618|INFO|random_mc2_n5_mid3_d1000_05_mr098_r10_188_uai_GSCC_n200_roFalse_s0: [0.0027,0.0117]	 9 runs	 rmse=0.03776	 T_learn=5446 ms. 	 T_infer=208 ms.
2026-02-02 16:17:17,623|INFO|random_mc2_n5_mid3_d1000_05_mr098_r10_188_uai_GSCC_n200_roFalse_s0: Saving results to ../results/synthetic/s123/random_mc2_n5_mid3_d1000_05_mr098_r10_188_uai_GSCC_n200_roFalse_s0.csv
2026-02-02 16:17:17,731|INFO|random_mc2_n5_mid3_d1000_05_mr098_r10_102_uai_GSCC_n200_roTrue_s0: [0.3034,0.4056]	 75 runs	 rmse=0.08208	 T_learn=13340 ms. 	 T_infer=1871 ms.
2026-02-02 16:17:17,737|INFO|random_mc2_n5_mid3_d1000_05_mr098_r10_102_uai_GSCC_n200_roTrue_s0: Saving results to ../results/synthetic/s123/random_mc2_n5_mid3_d1000_05_mr098_r10_102_uai_GSCC_n200_roTrue_s0.csv
2026-02-02 16:17:17,832|INFO|random_mc2_n5_mid3_d1000_05_mr098_r10_63_uai_GSCC_n200_roTrue_s0: [0.0327,0.0618]	 14 runs	 rmse=0.11327	 T_learn=3921 ms. 	 T_infer=195 ms.
2026-02-02 16:17:17,837|INFO|random_mc2_n5_mid3_d1000_05_mr098_r10_63_uai_GSCC_n200_roTrue_s0: Saving results to ../results/synthetic/s123/random_mc2_n5_mid3_d1000_05_mr098_r10_63_uai_GSCC_n200_roTrue_s0.csv
2026-02-02 16:17:17,904|INFO|random_mc2_n5_mid3_d1000_05_mr098_r10_188_uai_GSCC_n200_roFalse_s0: [0.0027,0.0117]	 10 runs	 rmse=0.03776	 T_learn=5496 ms. 	 T_infer=231 ms.
2026-02-02 16:17:17,909|INFO|random_mc2_n5_mid3_d1000_05_mr098_r10_188_uai_GSCC_n200_roFalse_s0: Saving results to ../results/synthetic/s123/random_mc2_n5_mid3_d1000_05_mr098_r10_188_uai_GSCC_n200_roFalse_s0.csv
2026-02-02 16:17:18,035|INFO|random_mc2_n6_mid3_d1000_05_mr098_r10_72_uai_GSCC_n200_roTrue_s0: [0.0627,0.0918]	 59 runs	 rmse=0.04939	 T_learn=21476 ms. 	 T_infer=2854 ms.
2026-02-02 16:17:18,041|INFO|random_mc2_n6_mid3_d1000_05_mr098_r10_72_uai_GSCC_n200_roTrue_s0: Saving results to ../results/synthetic/s123/random_mc2_n6_mid3_d1000_05_mr098_r10_72_uai_GSCC_n200_roTrue_s0.csv
2026-02-02 16:17:18,058|INFO|random_mc2_n5_mid3_d1000_05_mr098_r10_190_uai_GSCC_n200_roTrue_s0: [0.0406,0.0673]	 44 runs	 rmse=0.08721	 T_learn=9237 ms. 	 T_infer=1163 ms.
2026-02-02 16:17:18,063|INFO|random_mc2_n6_mid3_d1000_05_mr098_r10_144_uai_GSCC_n200_roTrue_s0: [0.0153,0.0214]	 23 runs	 rmse=0.01565	 T_learn=7761 ms. 	 T_infer=1153 ms.
2026-02-02 16:17:18,064|INFO|random_mc2_n5_mid3_d1000_05_mr098_r10_190_uai_GSCC_n200_roTrue_s0: Saving results to ../results/synthetic/s123/random_mc2_n5_mid3_d1000_05_mr098_r10_190_uai_GSCC_n200_roTrue_s0.csv
2026-02-02 16:17:18,068|INFO|random_mc2_n6_mid3_d1000_05_mr098_r10_144_uai_GSCC_n200_roTrue_s0: Saving results to ../results/synthetic/s123/random_mc2_n6_mid3_d1000_05_mr098_r10_144_uai_GSCC_n200_roTrue_s0.csv
2026-02-02 16:17:18,083|INFO|random_mc2_n5_mid3_d1000_05_mr098_r10_63_uai_GSCC_n200_roTrue_s0: [0.0281,0.0618]	 15 runs	 rmse=0.11202	 T_learn=3957 ms. 	 T_infer=210 ms.
2026-02-02 16:17:18,088|INFO|random_mc2_n5_mid3_d1000_05_mr098_r10_63_uai_GSCC_n200_roTrue_s0: Saving results to ../results/synthetic/s123/random_mc2_n5_mid3_d1000_05_mr098_r10_63_uai_GSCC_n200_roTrue_s0.csv
2026-02-02 16:17:18,135|INFO|random_mc2_n6_mid3_d1000_05_mr098_r10_158_uai_GSCC_n200_roFalse_s0: [0.0241,0.0370]	 54 runs	 rmse=0.03651	 T_learn=10694 ms. 	 T_infer=1377 ms.
2026-02-02 16:17:18,140|INFO|random_mc2_n6_mid3_d1000_05_mr098_r10_158_uai_GSCC_n200_roFalse_s0: Saving results to ../results/synthetic/s123/random_mc2_n6_mid3_d1000_05_mr098_r10_158_uai_GSCC_n200_roFalse_s0.csv
2026-02-02 16:17:18,216|INFO|random_mc2_n5_mid3_d1000_05_mr098_r10_188_uai_GSCC_n200_roFalse_s0: [0.0027,0.0117]	 11 runs	 rmse=0.03776	 T_learn=5548 ms. 	 T_infer=255 ms.
2026-02-02 16:17:18,220|INFO|random_mc2_n5_mid3_d1000_05_mr098_r10_188_uai_GSCC_n200_roFalse_s0: Saving results to ../results/synthetic/s123/random_mc2_n5_mid3_d1000_05_mr098_r10_188_uai_GSCC_n200_roFalse_s0.csv
2026-02-02 16:17:18,297|INFO|random_mc2_n5_mid3_d1000_05_mr098_r10_169_uai_GSCC_n200_roTrue_s0: [0.1389,0.2506]	 97 runs	 rmse=0.24940	 T_learn=10141 ms. 	 T_infer=1173 ms.
2026-02-02 16:17:18,304|INFO|random_mc2_n5_mid3_d1000_05_mr098_r10_169_uai_GSCC_n200_roTrue_s0: Saving results to ../results/synthetic/s123/random_mc2_n5_mid3_d1000_05_mr098_r10_169_uai_GSCC_n200_roTrue_s0.csv
2026-02-02 16:17:18,348|INFO|random_mc2_n5_mid3_d1000_05_mr098_r10_63_uai_GSCC_n200_roTrue_s0: [0.0281,0.0572]	 16 runs	 rmse=0.11649	 T_learn=3994 ms. 	 T_infer=222 ms.
2026-02-02 16:17:18,353|INFO|random_mc2_n5_mid3_d1000_05_mr098_r10_63_uai_GSCC_n200_roTrue_s0: Saving results to ../results/synthetic/s123/random_mc2_n5_mid3_d1000_05_mr098_r10_63_uai_GSCC_n200_roTrue_s0.csv
2026-02-02 16:17:18,459|INFO|random_mc2_n5_mid3_d1000_05_mr098_r10_44_uai_GSCC_n200_roFalse_s0: [0.0156,0.0298]	 60 runs	 rmse=0.00196	 T_learn=17899 ms. 	 T_infer=2939 ms.
2026-02-02 16:17:18,463|INFO|random_mc2_n5_mid3_d1000_05_mr098_r10_44_uai_GSCC_n200_roFalse_s0: Saving results to ../results/synthetic/s123/random_mc2_n5_mid3_d1000_05_mr098_r10_44_uai_GSCC_n200_roFalse_s0.csv
2026-02-02 16:17:18,481|INFO|random_mc2_n5_mid3_d1000_05_mr098_r10_195_uai_GSCC_n200_roFalse_s0: [0.0935,0.1949]	 57 runs	 rmse=0.16159	 T_learn=8402 ms. 	 T_infer=932 ms.
2026-02-02 16:17:18,486|INFO|random_mc2_n5_mid3_d1000_05_mr098_r10_195_uai_GSCC_n200_roFalse_s0: Saving results to ../results/synthetic/s123/random_mc2_n5_mid3_d1000_05_mr098_r10_195_uai_GSCC_n200_roFalse_s0.csv
2026-02-02 16:17:18,552|INFO|random_mc2_n5_mid3_d1000_05_mr098_r10_188_uai_GSCC_n200_roFalse_s0: [0.0027,0.0117]	 12 runs	 rmse=0.03776	 T_learn=5601 ms. 	 T_infer=278 ms.
2026-02-02 16:17:18,556|INFO|random_mc2_n5_mid3_d1000_05_mr098_r10_188_uai_GSCC_n200_roFalse_s0: Saving results to ../results/synthetic/s123/random_mc2_n5_mid3_d1000_05_mr098_r10_188_uai_GSCC_n200_roFalse_s0.csv
2026-02-02 16:17:18,629|INFO|random_mc2_n5_mid3_d1000_05_mr098_r10_63_uai_GSCC_n200_roTrue_s0: [0.0327,0.0572]	 17 runs	 rmse=0.11770	 T_learn=4032 ms. 	 T_infer=238 ms.
2026-02-02 16:17:18,633|INFO|random_mc2_n5_mid3_d1000_05_mr098_r10_63_uai_GSCC_n200_roTrue_s0: Saving results to ../results/synthetic/s123/random_mc2_n5_mid3_d1000_05_mr098_r10_63_uai_GSCC_n200_roTrue_s0.csv
2026-02-02 16:17:18,704|INFO|random_mc2_n5_mid3_d1000_05_mr098_r10_31_uai_GSCC_n200_roTrue_s0: [0.0901,0.1270]	 70 runs	 rmse=0.15565	 T_learn=12796 ms. 	 T_infer=1527 ms.
2026-02-02 16:17:18,709|INFO|random_mc2_n5_mid3_d1000_05_mr098_r10_31_uai_GSCC_n200_roTrue_s0: Saving results to ../results/synthetic/s123/random_mc2_n5_mid3_d1000_05_mr098_r10_31_uai_GSCC_n200_roTrue_s0.csv
2026-02-02 16:17:18,913|INFO|random_mc2_n5_mid3_d1000_05_mr098_r10_188_uai_GSCC_n200_roFalse_s0: [0.0027,0.0117]	 13 runs	 rmse=0.03776	 T_learn=5657 ms. 	 T_infer=301 ms.
2026-02-02 16:17:18,918|INFO|random_mc2_n5_mid3_d1000_05_mr098_r10_188_uai_GSCC_n200_roFalse_s0: Saving results to ../results/synthetic/s123/random_mc2_n5_mid3_d1000_05_mr098_r10_188_uai_GSCC_n200_roFalse_s0.csv
2026-02-02 16:17:18,924|INFO|random_mc2_n5_mid3_d1000_05_mr098_r10_63_uai_GSCC_n200_roTrue_s0: [0.0327,0.0572]	 18 runs	 rmse=0.11770	 T_learn=4072 ms. 	 T_infer=252 ms.
2026-02-02 16:17:18,929|INFO|random_mc2_n5_mid3_d1000_05_mr098_r10_63_uai_GSCC_n200_roTrue_s0: Saving results to ../results/synthetic/s123/random_mc2_n5_mid3_d1000_05_mr098_r10_63_uai_GSCC_n200_roTrue_s0.csv
2026-02-02 16:17:19,159|INFO|random_mc2_n6_mid3_d1000_05_mr098_r10_28_uai_GSCC_n200_roFalse_s0: [0.4729,0.5473]	 55 runs	 rmse=0.11167	 T_learn=17639 ms. 	 T_infer=2914 ms.
2026-02-02 16:17:19,164|INFO|random_mc2_n6_mid3_d1000_05_mr098_r10_28_uai_GSCC_n200_roFalse_s0: Saving results to ../results/synthetic/s123/random_mc2_n6_mid3_d1000_05_mr098_r10_28_uai_GSCC_n200_roFalse_s0.csv
2026-02-02 16:17:19,236|INFO|random_mc2_n5_mid3_d1000_05_mr098_r10_63_uai_GSCC_n200_roTrue_s0: [0.0327,0.0572]	 19 runs	 rmse=0.11770	 T_learn=4112 ms. 	 T_infer=266 ms.
2026-02-02 16:17:19,240|INFO|random_mc2_n5_mid3_d1000_05_mr098_r10_63_uai_GSCC_n200_roTrue_s0: Saving results to ../results/synthetic/s123/random_mc2_n5_mid3_d1000_05_mr098_r10_63_uai_GSCC_n200_roTrue_s0.csv
2026-02-02 16:17:19,291|INFO|random_mc2_n5_mid3_d1000_05_mr098_r10_74_uai_GSCC_n200_roTrue_s0: [0.3355,0.3798]	 31 runs	 rmse=0.15623	 T_learn=13084 ms. 	 T_infer=2444 ms.
2026-02-02 16:17:19,296|INFO|random_mc2_n5_mid3_d1000_05_mr098_r10_74_uai_GSCC_n200_roTrue_s0: Saving results to ../results/synthetic/s123/random_mc2_n5_mid3_d1000_05_mr098_r10_74_uai_GSCC_n200_roTrue_s0.csv
2026-02-02 16:17:19,300|INFO|random_mc2_n5_mid3_d1000_05_mr098_r10_188_uai_GSCC_n200_roFalse_s0: [0.0027,0.0117]	 14 runs	 rmse=0.03776	 T_learn=5714 ms. 	 T_infer=325 ms.
2026-02-02 16:17:19,304|INFO|random_mc2_n5_mid3_d1000_05_mr098_r10_188_uai_GSCC_n200_roFalse_s0: Saving results to ../results/synthetic/s123/random_mc2_n5_mid3_d1000_05_mr098_r10_188_uai_GSCC_n200_roFalse_s0.csv
2026-02-02 16:17:19,323|INFO|random_mc2_n5_mid3_d1000_05_mr098_r10_137_uai_GSCC_n200_roFalse_s0: [0.3436,0.4020]	 50 runs	 rmse=0.03855	 T_learn=11262 ms. 	 T_infer=1506 ms.
2026-02-02 16:17:19,328|INFO|random_mc2_n5_mid3_d1000_05_mr098_r10_137_uai_GSCC_n200_roFalse_s0: Saving results to ../results/synthetic/s123/random_mc2_n5_mid3_d1000_05_mr098_r10_137_uai_GSCC_n200_roFalse_s0.csv
2026-02-02 16:17:19,391|INFO|random_mc2_n5_mid3_d1000_05_mr098_r10_190_uai_GSCC_n200_roTrue_s0: [0.0406,0.0673]	 45 runs	 rmse=0.08721	 T_learn=9373 ms. 	 T_infer=1191 ms.
2026-02-02 16:17:19,396|INFO|random_mc2_n5_mid3_d1000_05_mr098_r10_190_uai_GSCC_n200_roTrue_s0: Saving results to ../results/synthetic/s123/random_mc2_n5_mid3_d1000_05_mr098_r10_190_uai_GSCC_n200_roTrue_s0.csv
2026-02-02 16:17:19,443|INFO|random_mc2_n6_mid3_d1000_05_mr098_r10_144_uai_GSCC_n200_roTrue_s0: [0.0153,0.0214]	 24 runs	 rmse=0.01565	 T_learn=7926 ms. 	 T_infer=1209 ms.
2026-02-02 16:17:19,448|INFO|random_mc2_n6_mid3_d1000_05_mr098_r10_144_uai_GSCC_n200_roTrue_s0: Saving results to ../results/synthetic/s123/random_mc2_n6_mid3_d1000_05_mr098_r10_144_uai_GSCC_n200_roTrue_s0.csv
2026-02-02 16:17:19,455|INFO|random_mc2_n5_mid3_d1000_05_mr098_r10_169_uai_GSCC_n200_roTrue_s0: [0.1389,0.2506]	 98 runs	 rmse=0.24940	 T_learn=10260 ms. 	 T_infer=1032 ms.
2026-02-02 16:17:19,461|INFO|random_mc2_n5_mid3_d1000_05_mr098_r10_169_uai_GSCC_n200_roTrue_s0: Saving results to ../results/synthetic/s123/random_mc2_n5_mid3_d1000_05_mr098_r10_169_uai_GSCC_n200_roTrue_s0.csv
2026-02-02 16:17:19,545|INFO|random_mc2_n5_mid3_d1000_05_mr098_r10_195_uai_GSCC_n200_roFalse_s0: [0.0935,0.1949]	 58 runs	 rmse=0.16159	 T_learn=8508 ms. 	 T_infer=953 ms.
2026-02-02 16:17:19,550|INFO|random_mc2_n5_mid3_d1000_05_mr098_r10_195_uai_GSCC_n200_roFalse_s0: Saving results to ../results/synthetic/s123/random_mc2_n5_mid3_d1000_05_mr098_r10_195_uai_GSCC_n200_roFalse_s0.csv
2026-02-02 16:17:19,563|INFO|random_mc2_n5_mid3_d1000_05_mr098_r10_63_uai_GSCC_n200_roTrue_s0: [0.0327,0.0572]	 20 runs	 rmse=0.11770	 T_learn=4154 ms. 	 T_infer=281 ms.
2026-02-02 16:17:19,568|INFO|random_mc2_n5_mid3_d1000_05_mr098_r10_63_uai_GSCC_n200_roTrue_s0: Saving results to ../results/synthetic/s123/random_mc2_n5_mid3_d1000_05_mr098_r10_63_uai_GSCC_n200_roTrue_s0.csv
2026-02-02 16:17:19,619|INFO|random_mc2_n6_mid3_d1000_05_mr098_r10_169_uai_GSCC_n200_roFalse_s0: [0.0093,0.0314]	 77 runs	 rmse=0.01267	 T_learn=18395 ms. 	 T_infer=2307 ms.
2026-02-02 16:17:19,624|INFO|random_mc2_n6_mid3_d1000_05_mr098_r10_169_uai_GSCC_n200_roFalse_s0: Saving results to ../results/synthetic/s123/random_mc2_n6_mid3_d1000_05_mr098_r10_169_uai_GSCC_n200_roFalse_s0.csv
2026-02-02 16:17:19,696|INFO|random_mc2_n6_mid3_d1000_05_mr098_r10_158_uai_GSCC_n200_roFalse_s0: [0.0241,0.0370]	 55 runs	 rmse=0.03651	 T_learn=10847 ms. 	 T_infer=1403 ms.
2026-02-02 16:17:19,701|INFO|random_mc2_n6_mid3_d1000_05_mr098_r10_158_uai_GSCC_n200_roFalse_s0: Saving results to ../results/synthetic/s123/random_mc2_n6_mid3_d1000_05_mr098_r10_158_uai_GSCC_n200_roFalse_s0.csv
2026-02-02 16:17:19,711|INFO|random_mc2_n5_mid3_d1000_05_mr098_r10_188_uai_GSCC_n200_roFalse_s0: [0.0027,0.0117]	 15 runs	 rmse=0.03776	 T_learn=5773 ms. 	 T_infer=347 ms.
2026-02-02 16:17:19,715|INFO|random_mc2_n5_mid3_d1000_05_mr098_r10_188_uai_GSCC_n200_roFalse_s0: Saving results to ../results/synthetic/s123/random_mc2_n5_mid3_d1000_05_mr098_r10_188_uai_GSCC_n200_roFalse_s0.csv
2026-02-02 16:17:19,810|INFO|random_mc2_n5_mid3_d1000_05_mr098_r10_102_uai_GSCC_n200_roTrue_s0: [0.3034,0.4056]	 76 runs	 rmse=0.08208	 T_learn=13524 ms. 	 T_infer=1889 ms.
2026-02-02 16:17:19,815|INFO|random_mc2_n5_mid3_d1000_05_mr098_r10_102_uai_GSCC_n200_roTrue_s0: Saving results to ../results/synthetic/s123/random_mc2_n5_mid3_d1000_05_mr098_r10_102_uai_GSCC_n200_roTrue_s0.csv
2026-02-02 16:17:19,904|INFO|random_mc2_n5_mid3_d1000_05_mr098_r10_63_uai_GSCC_n200_roTrue_s0: [0.0327,0.0572]	 21 runs	 rmse=0.11770	 T_learn=4196 ms. 	 T_infer=294 ms.
2026-02-02 16:17:19,908|INFO|random_mc2_n5_mid3_d1000_05_mr098_r10_63_uai_GSCC_n200_roTrue_s0: Saving results to ../results/synthetic/s123/random_mc2_n5_mid3_d1000_05_mr098_r10_63_uai_GSCC_n200_roTrue_s0.csv
2026-02-02 16:17:20,149|INFO|random_mc2_n5_mid3_d1000_05_mr098_r10_188_uai_GSCC_n200_roFalse_s0: [0.0027,0.0117]	 16 runs	 rmse=0.03776	 T_learn=5833 ms. 	 T_infer=374 ms.
2026-02-02 16:17:20,156|INFO|random_mc2_n5_mid3_d1000_05_mr098_r10_188_uai_GSCC_n200_roFalse_s0: Saving results to ../results/synthetic/s123/random_mc2_n5_mid3_d1000_05_mr098_r10_188_uai_GSCC_n200_roFalse_s0.csv
2026-02-02 16:17:20,260|INFO|random_mc2_n5_mid3_d1000_05_mr098_r10_63_uai_GSCC_n200_roTrue_s0: [0.0327,0.0572]	 22 runs	 rmse=0.11770	 T_learn=4239 ms. 	 T_infer=308 ms.
2026-02-02 16:17:20,265|INFO|random_mc2_n5_mid3_d1000_05_mr098_r10_63_uai_GSCC_n200_roTrue_s0: Saving results to ../results/synthetic/s123/random_mc2_n5_mid3_d1000_05_mr098_r10_63_uai_GSCC_n200_roTrue_s0.csv
2026-02-02 16:17:20,534|INFO|random_mc2_n5_mid3_d1000_05_mr098_r10_141_uai_GSCC_n200_roTrue_s0: [0.1082,0.1946]	 66 runs	 rmse=0.11245	 T_learn=18754 ms. 	 T_infer=2718 ms.
2026-02-02 16:17:20,539|INFO|random_mc2_n5_mid3_d1000_05_mr098_r10_141_uai_GSCC_n200_roTrue_s0: Saving results to ../results/synthetic/s123/random_mc2_n5_mid3_d1000_05_mr098_r10_141_uai_GSCC_n200_roTrue_s0.csv
2026-02-02 16:17:20,612|INFO|random_mc2_n5_mid3_d1000_05_mr098_r10_188_uai_GSCC_n200_roFalse_s0: [0.0026,0.0117]	 17 runs	 rmse=0.03775	 T_learn=5896 ms. 	 T_infer=394 ms.
2026-02-02 16:17:20,616|INFO|random_mc2_n5_mid3_d1000_05_mr098_r10_188_uai_GSCC_n200_roFalse_s0: Saving results to ../results/synthetic/s123/random_mc2_n5_mid3_d1000_05_mr098_r10_188_uai_GSCC_n200_roFalse_s0.csv
2026-02-02 16:17:20,624|INFO|random_mc2_n5_mid3_d1000_05_mr098_r10_195_uai_GSCC_n200_roFalse_s0: [0.0935,0.1949]	 59 runs	 rmse=0.16159	 T_learn=8616 ms. 	 T_infer=965 ms.
2026-02-02 16:17:20,628|INFO|random_mc2_n5_mid3_d1000_05_mr098_r10_169_uai_GSCC_n200_roTrue_s0: [0.1389,0.2506]	 99 runs	 rmse=0.24940	 T_learn=10382 ms. 	 T_infer=1045 ms.
2026-02-02 16:17:20,629|INFO|random_mc2_n5_mid3_d1000_05_mr098_r10_195_uai_GSCC_n200_roFalse_s0: Saving results to ../results/synthetic/s123/random_mc2_n5_mid3_d1000_05_mr098_r10_195_uai_GSCC_n200_roFalse_s0.csv
2026-02-02 16:17:20,631|INFO|random_mc2_n5_mid3_d1000_05_mr098_r10_63_uai_GSCC_n200_roTrue_s0: [0.0327,0.0572]	 23 runs	 rmse=0.11770	 T_learn=4284 ms. 	 T_infer=322 ms.
2026-02-02 16:17:20,634|INFO|random_mc2_n5_mid3_d1000_05_mr098_r10_169_uai_GSCC_n200_roTrue_s0: Saving results to ../results/synthetic/s123/random_mc2_n5_mid3_d1000_05_mr098_r10_169_uai_GSCC_n200_roTrue_s0.csv
2026-02-02 16:17:20,636|INFO|random_mc2_n5_mid3_d1000_05_mr098_r10_63_uai_GSCC_n200_roTrue_s0: Saving results to ../results/synthetic/s123/random_mc2_n5_mid3_d1000_05_mr098_r10_63_uai_GSCC_n200_roTrue_s0.csv
2026-02-02 16:17:20,691|INFO|random_mc2_n6_mid3_d1000_05_mr098_r10_71_uai_GSCC_n200_roFalse_s0: [0.5153,0.6281]	 57 runs	 rmse=0.02577	 T_learn=20210 ms. 	 T_infer=3081 ms.
2026-02-02 16:17:20,696|INFO|random_mc2_n6_mid3_d1000_05_mr098_r10_71_uai_GSCC_n200_roFalse_s0: Saving results to ../results/synthetic/s123/random_mc2_n6_mid3_d1000_05_mr098_r10_71_uai_GSCC_n200_roFalse_s0.csv
2026-02-02 16:17:20,749|INFO|random_mc2_n5_mid3_d1000_05_mr098_r10_190_uai_GSCC_n200_roTrue_s0: [0.0406,0.0673]	 46 runs	 rmse=0.08721	 T_learn=9511 ms. 	 T_infer=1215 ms.
2026-02-02 16:17:20,754|INFO|random_mc2_n5_mid3_d1000_05_mr098_r10_190_uai_GSCC_n200_roTrue_s0: Saving results to ../results/synthetic/s123/random_mc2_n5_mid3_d1000_05_mr098_r10_190_uai_GSCC_n200_roTrue_s0.csv
2026-02-02 16:17:20,762|INFO|random_mc2_n5_mid3_d1000_05_mr098_r10_31_uai_GSCC_n200_roTrue_s0: [0.0901,0.1273]	 71 runs	 rmse=0.15535	 T_learn=12989 ms. 	 T_infer=1860 ms.
2026-02-02 16:17:20,767|INFO|random_mc2_n5_mid3_d1000_05_mr098_r10_31_uai_GSCC_n200_roTrue_s0: Saving results to ../results/synthetic/s123/random_mc2_n5_mid3_d1000_05_mr098_r10_31_uai_GSCC_n200_roTrue_s0.csv
2026-02-02 16:17:20,873|INFO|random_mc2_n6_mid3_d1000_05_mr098_r10_144_uai_GSCC_n200_roTrue_s0: [0.0153,0.0214]	 25 runs	 rmse=0.01565	 T_learn=8099 ms. 	 T_infer=1252 ms.
2026-02-02 16:17:20,878|INFO|random_mc2_n6_mid3_d1000_05_mr098_r10_144_uai_GSCC_n200_roTrue_s0: Saving results to ../results/synthetic/s123/random_mc2_n6_mid3_d1000_05_mr098_r10_144_uai_GSCC_n200_roTrue_s0.csv
2026-02-02 16:17:21,017|INFO|random_mc2_n5_mid3_d1000_05_mr098_r10_63_uai_GSCC_n200_roTrue_s0: [0.0327,0.0572]	 24 runs	 rmse=0.11770	 T_learn=4329 ms. 	 T_infer=335 ms.
2026-02-02 16:17:21,021|INFO|random_mc2_n5_mid3_d1000_05_mr098_r10_63_uai_GSCC_n200_roTrue_s0: Saving results to ../results/synthetic/s123/random_mc2_n5_mid3_d1000_05_mr098_r10_63_uai_GSCC_n200_roTrue_s0.csv
2026-02-02 16:17:21,078|INFO|random_mc2_n5_mid3_d1000_05_mr098_r10_137_uai_GSCC_n200_roFalse_s0: [0.3436,0.4020]	 51 runs	 rmse=0.03855	 T_learn=11475 ms. 	 T_infer=1537 ms.
2026-02-02 16:17:21,082|INFO|random_mc2_n5_mid3_d1000_05_mr098_r10_137_uai_GSCC_n200_roFalse_s0: Saving results to ../results/synthetic/s123/random_mc2_n5_mid3_d1000_05_mr098_r10_137_uai_GSCC_n200_roFalse_s0.csv
2026-02-02 16:17:21,097|INFO|random_mc2_n5_mid3_d1000_05_mr098_r10_188_uai_GSCC_n200_roFalse_s0: [0.0026,0.0117]	 18 runs	 rmse=0.03775	 T_learn=5960 ms. 	 T_infer=417 ms.
2026-02-02 16:17:21,101|INFO|random_mc2_n5_mid3_d1000_05_mr098_r10_188_uai_GSCC_n200_roFalse_s0: Saving results to ../results/synthetic/s123/random_mc2_n5_mid3_d1000_05_mr098_r10_188_uai_GSCC_n200_roFalse_s0.csv
2026-02-02 16:17:21,287|INFO|random_mc2_n6_mid3_d1000_05_mr098_r10_158_uai_GSCC_n200_roFalse_s0: [0.0241,0.0370]	 56 runs	 rmse=0.03651	 T_learn=11004 ms. 	 T_infer=1429 ms.
2026-02-02 16:17:21,294|INFO|random_mc2_n6_mid3_d1000_05_mr098_r10_158_uai_GSCC_n200_roFalse_s0: Saving results to ../results/synthetic/s123/random_mc2_n6_mid3_d1000_05_mr098_r10_158_uai_GSCC_n200_roFalse_s0.csv
2026-02-02 16:17:21,334|INFO|random_mc2_n6_mid3_d1000_05_mr098_r10_72_uai_GSCC_n200_roTrue_s0: [0.0627,0.0918]	 60 runs	 rmse=0.04939	 T_learn=21871 ms. 	 T_infer=2898 ms.
2026-02-02 16:17:21,338|INFO|random_mc2_n6_mid3_d1000_05_mr098_r10_72_uai_GSCC_n200_roTrue_s0: Saving results to ../results/synthetic/s123/random_mc2_n6_mid3_d1000_05_mr098_r10_72_uai_GSCC_n200_roTrue_s0.csv
2026-02-02 16:17:21,422|INFO|random_mc2_n5_mid3_d1000_05_mr098_r10_63_uai_GSCC_n200_roTrue_s0: [0.0327,0.0572]	 25 runs	 rmse=0.11770	 T_learn=4376 ms. 	 T_infer=355 ms.
2026-02-02 16:17:21,428|INFO|random_mc2_n5_mid3_d1000_05_mr098_r10_63_uai_GSCC_n200_roTrue_s0: Saving results to ../results/synthetic/s123/random_mc2_n5_mid3_d1000_05_mr098_r10_63_uai_GSCC_n200_roTrue_s0.csv
2026-02-02 16:17:21,609|INFO|random_mc2_n5_mid3_d1000_05_mr098_r10_188_uai_GSCC_n200_roFalse_s0: [0.0026,0.0117]	 19 runs	 rmse=0.03775	 T_learn=6025 ms. 	 T_infer=442 ms.
2026-02-02 16:17:21,613|INFO|random_mc2_n5_mid3_d1000_05_mr098_r10_188_uai_GSCC_n200_roFalse_s0: Saving results to ../results/synthetic/s123/random_mc2_n5_mid3_d1000_05_mr098_r10_188_uai_GSCC_n200_roFalse_s0.csv
2026-02-02 16:17:21,724|INFO|random_mc2_n5_mid3_d1000_05_mr098_r10_195_uai_GSCC_n200_roFalse_s0: [0.0935,0.1949]	 60 runs	 rmse=0.16159	 T_learn=8725 ms. 	 T_infer=986 ms.
2026-02-02 16:17:21,729|INFO|random_mc2_n5_mid3_d1000_05_mr098_r10_195_uai_GSCC_n200_roFalse_s0: Saving results to ../results/synthetic/s123/random_mc2_n5_mid3_d1000_05_mr098_r10_195_uai_GSCC_n200_roFalse_s0.csv
2026-02-02 16:17:21,811|INFO|random_mc2_n5_mid3_d1000_05_mr098_r10_169_uai_GSCC_n200_roTrue_s0: [0.1389,0.2506]	 100 runs	 rmse=0.24940	 T_learn=10503 ms. 	 T_infer=1055 ms.
2026-02-02 16:17:21,816|INFO|random_mc2_n5_mid3_d1000_05_mr098_r10_169_uai_GSCC_n200_roTrue_s0: Saving results to ../results/synthetic/s123/random_mc2_n5_mid3_d1000_05_mr098_r10_169_uai_GSCC_n200_roTrue_s0.csv
2026-02-02 16:17:21,840|INFO|random_mc2_n5_mid3_d1000_05_mr098_r10_63_uai_GSCC_n200_roTrue_s0: [0.0327,0.0572]	 26 runs	 rmse=0.11770	 T_learn=4424 ms. 	 T_infer=365 ms.
2026-02-02 16:17:21,845|INFO|random_mc2_n5_mid3_d1000_05_mr098_r10_63_uai_GSCC_n200_roTrue_s0: Saving results to ../results/synthetic/s123/random_mc2_n5_mid3_d1000_05_mr098_r10_63_uai_GSCC_n200_roTrue_s0.csv
2026-02-02 16:17:21,851|INFO|random_mc2_n5_mid3_d1000_05_mr098_r10_44_uai_GSCC_n200_roFalse_s0: [0.0156,0.0298]	 61 runs	 rmse=0.00196	 T_learn=18296 ms. 	 T_infer=2990 ms.
2026-02-02 16:17:21,856|INFO|random_mc2_n5_mid3_d1000_05_mr098_r10_44_uai_GSCC_n200_roFalse_s0: Saving results to ../results/synthetic/s123/random_mc2_n5_mid3_d1000_05_mr098_r10_44_uai_GSCC_n200_roFalse_s0.csv
2026-02-02 16:17:21,915|INFO|random_mc2_n5_mid3_d1000_05_mr098_r10_102_uai_GSCC_n200_roTrue_s0: [0.3034,0.4056]	 77 runs	 rmse=0.08208	 T_learn=13709 ms. 	 T_infer=1915 ms.
2026-02-02 16:17:21,921|INFO|random_mc2_n5_mid3_d1000_05_mr098_r10_102_uai_GSCC_n200_roTrue_s0: Saving results to ../results/synthetic/s123/random_mc2_n5_mid3_d1000_05_mr098_r10_102_uai_GSCC_n200_roTrue_s0.csv
2026-02-02 16:17:22,138|INFO|random_mc2_n5_mid3_d1000_05_mr098_r10_190_uai_GSCC_n200_roTrue_s0: [0.0406,0.0687]	 47 runs	 rmse=0.08594	 T_learn=9652 ms. 	 T_infer=1243 ms.
2026-02-02 16:17:22,143|INFO|random_mc2_n5_mid3_d1000_05_mr098_r10_190_uai_GSCC_n200_roTrue_s0: Saving results to ../results/synthetic/s123/random_mc2_n5_mid3_d1000_05_mr098_r10_190_uai_GSCC_n200_roTrue_s0.csv
2026-02-02 16:17:22,144|INFO|random_mc2_n5_mid3_d1000_05_mr098_r10_188_uai_GSCC_n200_roFalse_s0: [0.0026,0.0117]	 20 runs	 rmse=0.03775	 T_learn=6091 ms. 	 T_infer=464 ms.
2026-02-02 16:17:22,148|INFO|random_mc2_n5_mid3_d1000_05_mr098_r10_188_uai_GSCC_n200_roFalse_s0: Saving results to ../results/synthetic/s123/random_mc2_n5_mid3_d1000_05_mr098_r10_188_uai_GSCC_n200_roFalse_s0.csv
2026-02-02 16:17:22,172|INFO|random_mc2_n5_mid3_d1000_05_mr098_r10_74_uai_GSCC_n200_roTrue_s0: [0.3355,0.3798]	 32 runs	 rmse=0.15623	 T_learn=13436 ms. 	 T_infer=2523 ms.
2026-02-02 16:17:22,177|INFO|random_mc2_n5_mid3_d1000_05_mr098_r10_74_uai_GSCC_n200_roTrue_s0: Saving results to ../results/synthetic/s123/random_mc2_n5_mid3_d1000_05_mr098_r10_74_uai_GSCC_n200_roTrue_s0.csv
2026-02-02 16:17:22,218|INFO|random_mc2_n6_mid3_d1000_05_mr098_r10_169_uai_GSCC_n200_roFalse_s0: [0.0093,0.0314]	 78 runs	 rmse=0.01267	 T_learn=18650 ms. 	 T_infer=2339 ms.
2026-02-02 16:17:22,223|INFO|random_mc2_n6_mid3_d1000_05_mr098_r10_169_uai_GSCC_n200_roFalse_s0: Saving results to ../results/synthetic/s123/random_mc2_n6_mid3_d1000_05_mr098_r10_169_uai_GSCC_n200_roFalse_s0.csv
2026-02-02 16:17:22,273|INFO|random_mc2_n5_mid3_d1000_05_mr098_r10_63_uai_GSCC_n200_roTrue_s0: [0.0327,0.0572]	 27 runs	 rmse=0.11770	 T_learn=4473 ms. 	 T_infer=379 ms.
2026-02-02 16:17:22,278|INFO|random_mc2_n5_mid3_d1000_05_mr098_r10_63_uai_GSCC_n200_roTrue_s0: Saving results to ../results/synthetic/s123/random_mc2_n5_mid3_d1000_05_mr098_r10_63_uai_GSCC_n200_roTrue_s0.csv
2026-02-02 16:17:22,361|INFO|random_mc2_n6_mid3_d1000_05_mr098_r10_144_uai_GSCC_n200_roTrue_s0: [0.0153,0.0214]	 26 runs	 rmse=0.01565	 T_learn=8276 ms. 	 T_infer=1307 ms.
2026-02-02 16:17:22,366|INFO|random_mc2_n6_mid3_d1000_05_mr098_r10_144_uai_GSCC_n200_roTrue_s0: Saving results to ../results/synthetic/s123/random_mc2_n6_mid3_d1000_05_mr098_r10_144_uai_GSCC_n200_roTrue_s0.csv
2026-02-02 16:17:22,397|INFO|random_mc2_n6_mid3_d1000_05_mr098_r10_28_uai_GSCC_n200_roFalse_s0: [0.4723,0.5473]	 56 runs	 rmse=0.11103	 T_learn=18024 ms. 	 T_infer=2849 ms.
2026-02-02 16:17:22,402|INFO|random_mc2_n6_mid3_d1000_05_mr098_r10_28_uai_GSCC_n200_roFalse_s0: Saving results to ../results/synthetic/s123/random_mc2_n6_mid3_d1000_05_mr098_r10_28_uai_GSCC_n200_roFalse_s0.csv
2026-02-02 16:17:22,540|INFO|random_mc2_n5_mid3_d1000_05_mr098_r10_31_uai_GSCC_n200_roTrue_s0: [0.0901,0.1273]	 72 runs	 rmse=0.15535	 T_learn=13185 ms. 	 T_infer=1576 ms.
2026-02-02 16:17:22,544|INFO|random_mc2_n5_mid3_d1000_05_mr098_r10_31_uai_GSCC_n200_roTrue_s0: Saving results to ../results/synthetic/s123/random_mc2_n5_mid3_d1000_05_mr098_r10_31_uai_GSCC_n200_roTrue_s0.csv
2026-02-02 16:17:22,704|INFO|random_mc2_n5_mid3_d1000_05_mr098_r10_188_uai_GSCC_n200_roFalse_s0: [0.0026,0.0117]	 21 runs	 rmse=0.03775	 T_learn=6161 ms. 	 T_infer=487 ms.
2026-02-02 16:17:22,709|INFO|random_mc2_n5_mid3_d1000_05_mr098_r10_188_uai_GSCC_n200_roFalse_s0: Saving results to ../results/synthetic/s123/random_mc2_n5_mid3_d1000_05_mr098_r10_188_uai_GSCC_n200_roFalse_s0.csv
2026-02-02 16:17:22,719|INFO|random_mc2_n5_mid3_d1000_05_mr098_r10_63_uai_GSCC_n200_roTrue_s0: [0.0281,0.0572]	 28 runs	 rmse=0.11649	 T_learn=4523 ms. 	 T_infer=392 ms.
2026-02-02 16:17:22,724|INFO|random_mc2_n5_mid3_d1000_05_mr098_r10_63_uai_GSCC_n200_roTrue_s0: Saving results to ../results/synthetic/s123/random_mc2_n5_mid3_d1000_05_mr098_r10_63_uai_GSCC_n200_roTrue_s0.csv
2026-02-02 16:17:22,841|INFO|random_mc2_n5_mid3_d1000_05_mr098_r10_195_uai_GSCC_n200_roFalse_s0: [0.0911,0.1949]	 61 runs	 rmse=0.16216	 T_learn=8835 ms. 	 T_infer=1002 ms.
2026-02-02 16:17:22,846|INFO|random_mc2_n5_mid3_d1000_05_mr098_r10_195_uai_GSCC_n200_roFalse_s0: Saving results to ../results/synthetic/s123/random_mc2_n5_mid3_d1000_05_mr098_r10_195_uai_GSCC_n200_roFalse_s0.csv
2026-02-02 16:17:22,868|INFO|random_mc2_n5_mid3_d1000_05_mr098_r10_137_uai_GSCC_n200_roFalse_s0: [0.3436,0.4020]	 52 runs	 rmse=0.03855	 T_learn=11688 ms. 	 T_infer=1572 ms.
2026-02-02 16:17:22,873|INFO|random_mc2_n5_mid3_d1000_05_mr098_r10_137_uai_GSCC_n200_roFalse_s0: Saving results to ../results/synthetic/s123/random_mc2_n5_mid3_d1000_05_mr098_r10_137_uai_GSCC_n200_roFalse_s0.csv
2026-02-02 16:17:22,904|INFO|random_mc2_n7_mid3_d1000_05_mr098_r10_6_uai_GSCC_n200_roFalse_s0: Loading model from ../models/synthetic/s123/random_mc2_n7_mid3_d1000_05_mr098_r10_6.uai
2026-02-02 16:17:22,905|INFO|random_mc2_n6_mid3_d1000_05_mr098_r10_158_uai_GSCC_n200_roFalse_s0: [0.0241,0.0370]	 57 runs	 rmse=0.03651	 T_learn=11162 ms. 	 T_infer=1453 ms.
2026-02-02 16:17:22,906|INFO|random_mc2_n7_mid3_d1000_05_mr098_r10_65_uai_GSCC_n200_roTrue_s0: Loading model from ../models/synthetic/s123/random_mc2_n7_mid3_d1000_05_mr098_r10_65.uai
2026-02-02 16:17:22,910|INFO|random_mc2_n6_mid3_d1000_05_mr098_r10_158_uai_GSCC_n200_roFalse_s0: Saving results to ../results/synthetic/s123/random_mc2_n6_mid3_d1000_05_mr098_r10_158_uai_GSCC_n200_roFalse_s0.csv
2026-02-02 16:17:22,920|INFO|random_mc2_n7_mid3_d1000_05_mr098_r10_6_uai_GSCC_n200_roFalse_s0: Loading data from ../models/synthetic/s123/random_mc2_n7_mid3_d1000_05_mr098_r10_6.csv
2026-02-02 16:17:22,930|INFO|random_mc2_n7_mid3_d1000_05_mr098_r10_6_uai_GSCC_n200_roFalse_s0: PNS(V2,V3) exact: (0.0, 0.0284169509445683)
2026-02-02 16:17:22,916|INFO|random_mc2_n7_mid3_d1000_05_mr098_r10_65_uai_GSCC_n200_roTrue_s0: Loading data from ../models/synthetic/s123/random_mc2_n7_mid3_d1000_05_mr098_r10_65.csv
2026-02-02 16:17:22,925|INFO|random_mc2_n7_mid3_d1000_05_mr098_r10_65_uai_GSCC_n200_roTrue_s0: PNS(V1,V0) exact: (0.1520312774315468, 0.2103249985205253)
2026-02-02 16:17:23,006|INFO|random_mc2_n5_mid3_d1000_05_mr098_r10_169_uai_GSCC_n200_roTrue_s0: [0.1389,0.2506]	 101 runs	 rmse=0.24940	 T_learn=10625 ms. 	 T_infer=1068 ms.
2026-02-02 16:17:23,012|INFO|random_mc2_n5_mid3_d1000_05_mr098_r10_169_uai_GSCC_n200_roTrue_s0: Saving results to ../results/synthetic/s123/random_mc2_n5_mid3_d1000_05_mr098_r10_169_uai_GSCC_n200_roTrue_s0.csv
2026-02-02 16:17:23,181|INFO|random_mc2_n5_mid3_d1000_05_mr098_r10_63_uai_GSCC_n200_roTrue_s0: [0.0281,0.0620]	 29 runs	 rmse=0.11178	 T_learn=4574 ms. 	 T_infer=406 ms.
2026-02-02 16:17:23,185|INFO|random_mc2_n5_mid3_d1000_05_mr098_r10_63_uai_GSCC_n200_roTrue_s0: Saving results to ../results/synthetic/s123/random_mc2_n5_mid3_d1000_05_mr098_r10_63_uai_GSCC_n200_roTrue_s0.csv
2026-02-02 16:17:23,290|INFO|random_mc2_n5_mid3_d1000_05_mr098_r10_188_uai_GSCC_n200_roFalse_s0: [0.0026,0.0117]	 22 runs	 rmse=0.03775	 T_learn=6232 ms. 	 T_infer=509 ms.
2026-02-02 16:17:23,294|INFO|random_mc2_n5_mid3_d1000_05_mr098_r10_188_uai_GSCC_n200_roFalse_s0: Saving results to ../results/synthetic/s123/random_mc2_n5_mid3_d1000_05_mr098_r10_188_uai_GSCC_n200_roFalse_s0.csv
2026-02-02 16:17:23,553|INFO|random_mc2_n5_mid3_d1000_05_mr098_r10_190_uai_GSCC_n200_roTrue_s0: [0.0389,0.0729]	 48 runs	 rmse=0.08153	 T_learn=9795 ms. 	 T_infer=1266 ms.
2026-02-02 16:17:23,558|INFO|random_mc2_n5_mid3_d1000_05_mr098_r10_190_uai_GSCC_n200_roTrue_s0: Saving results to ../results/synthetic/s123/random_mc2_n5_mid3_d1000_05_mr098_r10_190_uai_GSCC_n200_roTrue_s0.csv
2026-02-02 16:17:23,654|INFO|random_mc2_n5_mid3_d1000_05_mr098_r10_141_uai_GSCC_n200_roTrue_s0: [0.1082,0.1946]	 67 runs	 rmse=0.11245	 T_learn=19106 ms. 	 T_infer=2763 ms.
2026-02-02 16:17:23,656|INFO|random_mc2_n5_mid3_d1000_05_mr098_r10_63_uai_GSCC_n200_roTrue_s0: [0.0281,0.0620]	 30 runs	 rmse=0.11178	 T_learn=4626 ms. 	 T_infer=420 ms.
2026-02-02 16:17:23,659|INFO|random_mc2_n5_mid3_d1000_05_mr098_r10_141_uai_GSCC_n200_roTrue_s0: Saving results to ../results/synthetic/s123/random_mc2_n5_mid3_d1000_05_mr098_r10_141_uai_GSCC_n200_roTrue_s0.csv
2026-02-02 16:17:23,661|INFO|random_mc2_n5_mid3_d1000_05_mr098_r10_63_uai_GSCC_n200_roTrue_s0: Saving results to ../results/synthetic/s123/random_mc2_n5_mid3_d1000_05_mr098_r10_63_uai_GSCC_n200_roTrue_s0.csv
2026-02-02 16:17:23,817|INFO|random_mc2_n8_mid3_d1000_05_mr098_r10_125_uai_GSCC_n200_roTrue_s0: Loading model from ../models/synthetic/s123/random_mc2_n8_mid3_d1000_05_mr098_r10_125.uai
2026-02-02 16:17:23,818|INFO|random_mc2_n9_mid3_d1000_05_mr098_r10_168_uai_GSCC_n200_roFalse_s0: Loading model from ../models/synthetic/s123/random_mc2_n9_mid3_d1000_05_mr098_r10_168.uai
2026-02-02 16:17:23,852|INFO|random_mc2_n9_mid3_d1000_05_mr098_r10_168_uai_GSCC_n200_roFalse_s0: Loading data from ../models/synthetic/s123/random_mc2_n9_mid3_d1000_05_mr098_r10_168.csv
2026-02-02 16:17:23,858|ERROR|random_mc2_n9_mid3_d1000_05_mr098_r10_168_uai_GSCC_n200_roFalse_s0: File exists, not rewriting.
2026-02-02 16:17:23,898|INFO|random_mc2_n5_mid3_d1000_05_mr098_r10_188_uai_GSCC_n200_roFalse_s0: [0.0020,0.0117]	 23 runs	 rmse=0.03772	 T_learn=6303 ms. 	 T_infer=532 ms.
2026-02-02 16:17:23,902|INFO|random_mc2_n5_mid3_d1000_05_mr098_r10_188_uai_GSCC_n200_roFalse_s0: Saving results to ../results/synthetic/s123/random_mc2_n5_mid3_d1000_05_mr098_r10_188_uai_GSCC_n200_roFalse_s0.csv
2026-02-02 16:17:23,904|INFO|random_mc2_n6_mid3_d1000_05_mr098_r10_144_uai_GSCC_n200_roTrue_s0: [0.0153,0.0214]	 27 runs	 rmse=0.01565	 T_learn=8458 ms. 	 T_infer=1356 ms.
2026-02-02 16:17:23,908|INFO|random_mc2_n6_mid3_d1000_05_mr098_r10_144_uai_GSCC_n200_roTrue_s0: Saving results to ../results/synthetic/s123/random_mc2_n6_mid3_d1000_05_mr098_r10_144_uai_GSCC_n200_roTrue_s0.csv
2026-02-02 16:17:23,916|INFO|random_mc2_n8_mid3_d1000_05_mr098_r10_173_uai_GSCC_n200_roFalse_s0: Loading model from ../models/synthetic/s123/random_mc2_n8_mid3_d1000_05_mr098_r10_173.uai
2026-02-02 16:17:23,935|INFO|random_mc2_n8_mid3_d1000_05_mr098_r10_173_uai_GSCC_n200_roFalse_s0: Loading data from ../models/synthetic/s123/random_mc2_n8_mid3_d1000_05_mr098_r10_173.csv
2026-02-02 16:17:23,941|ERROR|random_mc2_n8_mid3_d1000_05_mr098_r10_173_uai_GSCC_n200_roFalse_s0: File exists, not rewriting.
2026-02-02 16:17:23,980|INFO|random_mc2_n5_mid3_d1000_05_mr098_r10_195_uai_GSCC_n200_roFalse_s0: [0.0911,0.1949]	 62 runs	 rmse=0.16216	 T_learn=8948 ms. 	 T_infer=1020 ms.
2026-02-02 16:17:23,984|INFO|random_mc2_n5_mid3_d1000_05_mr098_r10_195_uai_GSCC_n200_roFalse_s0: Saving results to ../results/synthetic/s123/random_mc2_n5_mid3_d1000_05_mr098_r10_195_uai_GSCC_n200_roFalse_s0.csv
trainable: ['V7', 'V2', 'V8', 'V9', 'V10']
2026-02-02 16:17:24,034|INFO|random_mc2_n8_mid3_d1000_05_mr098_r10_125_uai_GSCC_n200_roTrue_s0: Loading data from ../models/synthetic/s123/random_mc2_n8_mid3_d1000_05_mr098_r10_125.csv
2026-02-02 16:17:24,040|ERROR|random_mc2_n8_mid3_d1000_05_mr098_r10_125_uai_GSCC_n200_roTrue_s0: File exists, not rewriting.
2026-02-02 16:17:24,050|INFO|random_mc2_n5_mid3_d1000_05_mr098_r10_102_uai_GSCC_n200_roTrue_s0: [0.3034,0.4056]	 78 runs	 rmse=0.08208	 T_learn=13898 ms. 	 T_infer=1941 ms.
2026-02-02 16:17:24,055|INFO|random_mc2_n5_mid3_d1000_05_mr098_r10_102_uai_GSCC_n200_roTrue_s0: Saving results to ../results/synthetic/s123/random_mc2_n5_mid3_d1000_05_mr098_r10_102_uai_GSCC_n200_roTrue_s0.csv
trainable: ['V7', 'V6', 'V8', 'V9', 'V10']
2026-02-02 16:17:24,146|INFO|random_mc2_n5_mid3_d1000_05_mr098_r10_63_uai_GSCC_n200_roTrue_s0: [0.0281,0.0620]	 31 runs	 rmse=0.11178	 T_learn=4678 ms. 	 T_infer=433 ms.
2026-02-02 16:17:24,151|INFO|random_mc2_n5_mid3_d1000_05_mr098_r10_63_uai_GSCC_n200_roTrue_s0: Saving results to ../results/synthetic/s123/random_mc2_n5_mid3_d1000_05_mr098_r10_63_uai_GSCC_n200_roTrue_s0.csv
2026-02-02 16:17:24,213|INFO|random_mc2_n5_mid3_d1000_05_mr098_r10_169_uai_GSCC_n200_roTrue_s0: [0.1389,0.2506]	 102 runs	 rmse=0.24940	 T_learn=10749 ms. 	 T_infer=1077 ms.
2026-02-02 16:17:24,218|INFO|random_mc2_n5_mid3_d1000_05_mr098_r10_169_uai_GSCC_n200_roTrue_s0: Saving results to ../results/synthetic/s123/random_mc2_n5_mid3_d1000_05_mr098_r10_169_uai_GSCC_n200_roTrue_s0.csv
2026-02-02 16:17:24,287|INFO|random_mc2_n6_mid3_d1000_05_mr098_r10_71_uai_GSCC_n200_roFalse_s0: [0.5153,0.6281]	 58 runs	 rmse=0.02577	 T_learn=20643 ms. 	 T_infer=3158 ms.
2026-02-02 16:17:24,291|INFO|random_mc2_n6_mid3_d1000_05_mr098_r10_71_uai_GSCC_n200_roFalse_s0: Saving results to ../results/synthetic/s123/random_mc2_n6_mid3_d1000_05_mr098_r10_71_uai_GSCC_n200_roFalse_s0.csv
2026-02-02 16:17:24,341|INFO|random_mc2_n5_mid3_d1000_05_mr098_r10_31_uai_GSCC_n200_roTrue_s0: [0.0901,0.1273]	 73 runs	 rmse=0.15535	 T_learn=13385 ms. 	 T_infer=1597 ms.
2026-02-02 16:17:24,346|INFO|random_mc2_n5_mid3_d1000_05_mr098_r10_31_uai_GSCC_n200_roTrue_s0: Saving results to ../results/synthetic/s123/random_mc2_n5_mid3_d1000_05_mr098_r10_31_uai_GSCC_n200_roTrue_s0.csv
2026-02-02 16:17:24,533|INFO|random_mc2_n5_mid3_d1000_05_mr098_r10_188_uai_GSCC_n200_roFalse_s0: [0.0011,0.0117]	 24 runs	 rmse=0.03768	 T_learn=6376 ms. 	 T_infer=558 ms.
2026-02-02 16:17:24,537|INFO|random_mc2_n5_mid3_d1000_05_mr098_r10_188_uai_GSCC_n200_roFalse_s0: Saving results to ../results/synthetic/s123/random_mc2_n5_mid3_d1000_05_mr098_r10_188_uai_GSCC_n200_roFalse_s0.csv
2026-02-02 16:17:24,570|INFO|random_mc2_n6_mid3_d1000_05_mr098_r10_158_uai_GSCC_n200_roFalse_s0: [0.0241,0.0370]	 58 runs	 rmse=0.03651	 T_learn=11323 ms. 	 T_infer=1499 ms.
2026-02-02 16:17:24,576|INFO|random_mc2_n6_mid3_d1000_05_mr098_r10_158_uai_GSCC_n200_roFalse_s0: Saving results to ../results/synthetic/s123/random_mc2_n6_mid3_d1000_05_mr098_r10_158_uai_GSCC_n200_roFalse_s0.csv
2026-02-02 16:17:24,656|INFO|random_mc2_n5_mid3_d1000_05_mr098_r10_63_uai_GSCC_n200_roTrue_s0: [0.0281,0.0620]	 32 runs	 rmse=0.11178	 T_learn=4732 ms. 	 T_infer=451 ms.
2026-02-02 16:17:24,660|INFO|random_mc2_n5_mid3_d1000_05_mr098_r10_63_uai_GSCC_n200_roTrue_s0: Saving results to ../results/synthetic/s123/random_mc2_n5_mid3_d1000_05_mr098_r10_63_uai_GSCC_n200_roTrue_s0.csv
2026-02-02 16:17:24,705|INFO|random_mc2_n6_mid3_d1000_05_mr098_r10_72_uai_GSCC_n200_roTrue_s0: [0.0627,0.0926]	 61 runs	 rmse=0.04927	 T_learn=22274 ms. 	 T_infer=2964 ms.
2026-02-02 16:17:24,710|INFO|random_mc2_n6_mid3_d1000_05_mr098_r10_72_uai_GSCC_n200_roTrue_s0: Saving results to ../results/synthetic/s123/random_mc2_n6_mid3_d1000_05_mr098_r10_72_uai_GSCC_n200_roTrue_s0.csv
2026-02-02 16:17:24,835|INFO|random_mc2_n5_mid3_d1000_05_mr098_r10_137_uai_GSCC_n200_roFalse_s0: [0.3436,0.4020]	 53 runs	 rmse=0.03855	 T_learn=11904 ms. 	 T_infer=1746 ms.
2026-02-02 16:17:24,840|INFO|random_mc2_n5_mid3_d1000_05_mr098_r10_137_uai_GSCC_n200_roFalse_s0: Saving results to ../results/synthetic/s123/random_mc2_n5_mid3_d1000_05_mr098_r10_137_uai_GSCC_n200_roFalse_s0.csv
2026-02-02 16:17:25,000|INFO|random_mc2_n5_mid3_d1000_05_mr098_r10_190_uai_GSCC_n200_roTrue_s0: [0.0389,0.0729]	 49 runs	 rmse=0.08153	 T_learn=9940 ms. 	 T_infer=1297 ms.
2026-02-02 16:17:25,004|INFO|random_mc2_n5_mid3_d1000_05_mr098_r10_190_uai_GSCC_n200_roTrue_s0: Saving results to ../results/synthetic/s123/random_mc2_n5_mid3_d1000_05_mr098_r10_190_uai_GSCC_n200_roTrue_s0.csv
2026-02-02 16:17:25,017|INFO|random_mc2_n6_mid3_d1000_05_mr098_r10_169_uai_GSCC_n200_roFalse_s0: [0.0093,0.0314]	 79 runs	 rmse=0.01267	 T_learn=18908 ms. 	 T_infer=2536 ms.
2026-02-02 16:17:25,023|INFO|random_mc2_n6_mid3_d1000_05_mr098_r10_169_uai_GSCC_n200_roFalse_s0: Saving results to ../results/synthetic/s123/random_mc2_n6_mid3_d1000_05_mr098_r10_169_uai_GSCC_n200_roFalse_s0.csv
2026-02-02 16:17:25,149|INFO|random_mc2_n5_mid3_d1000_05_mr098_r10_74_uai_GSCC_n200_roTrue_s0: [0.3355,0.3798]	 33 runs	 rmse=0.15623	 T_learn=13796 ms. 	 T_infer=2611 ms.
2026-02-02 16:17:25,154|INFO|random_mc2_n5_mid3_d1000_05_mr098_r10_74_uai_GSCC_n200_roTrue_s0: Saving results to ../results/synthetic/s123/random_mc2_n5_mid3_d1000_05_mr098_r10_74_uai_GSCC_n200_roTrue_s0.csv
2026-02-02 16:17:25,154|INFO|random_mc2_n5_mid3_d1000_05_mr098_r10_195_uai_GSCC_n200_roFalse_s0: [0.0911,0.1949]	 63 runs	 rmse=0.16216	 T_learn=9062 ms. 	 T_infer=1055 ms.
2026-02-02 16:17:25,159|INFO|random_mc2_n5_mid3_d1000_05_mr098_r10_195_uai_GSCC_n200_roFalse_s0: Saving results to ../results/synthetic/s123/random_mc2_n5_mid3_d1000_05_mr098_r10_195_uai_GSCC_n200_roFalse_s0.csv
2026-02-02 16:17:25,179|INFO|random_mc2_n5_mid3_d1000_05_mr098_r10_63_uai_GSCC_n200_roTrue_s0: [0.0281,0.0620]	 33 runs	 rmse=0.11178	 T_learn=4789 ms. 	 T_infer=462 ms.
2026-02-02 16:17:25,184|INFO|random_mc2_n5_mid3_d1000_05_mr098_r10_63_uai_GSCC_n200_roTrue_s0: Saving results to ../results/synthetic/s123/random_mc2_n5_mid3_d1000_05_mr098_r10_63_uai_GSCC_n200_roTrue_s0.csv
2026-02-02 16:17:25,195|INFO|random_mc2_n5_mid3_d1000_05_mr098_r10_188_uai_GSCC_n200_roFalse_s0: [0.0011,0.0117]	 25 runs	 rmse=0.03768	 T_learn=6452 ms. 	 T_infer=583 ms.
2026-02-02 16:17:25,200|INFO|random_mc2_n5_mid3_d1000_05_mr098_r10_188_uai_GSCC_n200_roFalse_s0: Saving results to ../results/synthetic/s123/random_mc2_n5_mid3_d1000_05_mr098_r10_188_uai_GSCC_n200_roFalse_s0.csv
2026-02-02 16:17:25,315|INFO|random_mc2_n5_mid3_d1000_05_mr098_r10_44_uai_GSCC_n200_roFalse_s0: [0.0156,0.0298]	 62 runs	 rmse=0.00196	 T_learn=18699 ms. 	 T_infer=3056 ms.
2026-02-02 16:17:25,320|INFO|random_mc2_n5_mid3_d1000_05_mr098_r10_44_uai_GSCC_n200_roFalse_s0: Saving results to ../results/synthetic/s123/random_mc2_n5_mid3_d1000_05_mr098_r10_44_uai_GSCC_n200_roFalse_s0.csv
2026-02-02 16:17:25,518|INFO|random_mc2_n6_mid3_d1000_05_mr098_r10_144_uai_GSCC_n200_roTrue_s0: [0.0153,0.0222]	 28 runs	 rmse=0.01490	 T_learn=8645 ms. 	 T_infer=1423 ms.
2026-02-02 16:17:25,523|INFO|random_mc2_n6_mid3_d1000_05_mr098_r10_144_uai_GSCC_n200_roTrue_s0: Saving results to ../results/synthetic/s123/random_mc2_n6_mid3_d1000_05_mr098_r10_144_uai_GSCC_n200_roTrue_s0.csv
2026-02-02 16:17:25,576|INFO|random_mc2_n5_mid3_d1000_05_mr098_r10_169_uai_GSCC_n200_roTrue_s0: [0.1389,0.2506]	 103 runs	 rmse=0.24940	 T_learn=10874 ms. 	 T_infer=1232 ms.
2026-02-02 16:17:25,582|INFO|random_mc2_n5_mid3_d1000_05_mr098_r10_169_uai_GSCC_n200_roTrue_s0: Saving results to ../results/synthetic/s123/random_mc2_n5_mid3_d1000_05_mr098_r10_169_uai_GSCC_n200_roTrue_s0.csv
2026-02-02 16:17:25,693|INFO|random_mc2_n6_mid3_d1000_05_mr098_r10_28_uai_GSCC_n200_roFalse_s0: [0.4723,0.5473]	 57 runs	 rmse=0.11103	 T_learn=18417 ms. 	 T_infer=2897 ms.
2026-02-02 16:17:25,699|INFO|random_mc2_n6_mid3_d1000_05_mr098_r10_28_uai_GSCC_n200_roFalse_s0: Saving results to ../results/synthetic/s123/random_mc2_n6_mid3_d1000_05_mr098_r10_28_uai_GSCC_n200_roFalse_s0.csv
2026-02-02 16:17:25,715|INFO|random_mc2_n5_mid3_d1000_05_mr098_r10_63_uai_GSCC_n200_roTrue_s0: [0.0281,0.0736]	 34 runs	 rmse=0.10060	 T_learn=4845 ms. 	 T_infer=475 ms.
2026-02-02 16:17:25,720|INFO|random_mc2_n5_mid3_d1000_05_mr098_r10_63_uai_GSCC_n200_roTrue_s0: Saving results to ../results/synthetic/s123/random_mc2_n5_mid3_d1000_05_mr098_r10_63_uai_GSCC_n200_roTrue_s0.csv
2026-02-02 16:17:25,879|INFO|random_mc2_n5_mid3_d1000_05_mr098_r10_188_uai_GSCC_n200_roFalse_s0: [0.0011,0.0117]	 26 runs	 rmse=0.03768	 T_learn=6528 ms. 	 T_infer=603 ms.
2026-02-02 16:17:25,883|INFO|random_mc2_n5_mid3_d1000_05_mr098_r10_188_uai_GSCC_n200_roFalse_s0: Saving results to ../results/synthetic/s123/random_mc2_n5_mid3_d1000_05_mr098_r10_188_uai_GSCC_n200_roFalse_s0.csv
2026-02-02 16:17:26,177|INFO|random_mc2_n5_mid3_d1000_05_mr098_r10_31_uai_GSCC_n200_roTrue_s0: [0.0901,0.1273]	 74 runs	 rmse=0.15535	 T_learn=13587 ms. 	 T_infer=1629 ms.
2026-02-02 16:17:26,182|INFO|random_mc2_n5_mid3_d1000_05_mr098_r10_31_uai_GSCC_n200_roTrue_s0: Saving results to ../results/synthetic/s123/random_mc2_n5_mid3_d1000_05_mr098_r10_31_uai_GSCC_n200_roTrue_s0.csv
2026-02-02 16:17:26,247|INFO|random_mc2_n6_mid3_d1000_05_mr098_r10_158_uai_GSCC_n200_roFalse_s0: [0.0241,0.0370]	 59 runs	 rmse=0.03651	 T_learn=11485 ms. 	 T_infer=1508 ms.
2026-02-02 16:17:26,251|INFO|random_mc2_n6_mid3_d1000_05_mr098_r10_158_uai_GSCC_n200_roFalse_s0: Saving results to ../results/synthetic/s123/random_mc2_n6_mid3_d1000_05_mr098_r10_158_uai_GSCC_n200_roFalse_s0.csv
2026-02-02 16:17:26,268|INFO|random_mc2_n5_mid3_d1000_05_mr098_r10_63_uai_GSCC_n200_roTrue_s0: [0.0281,0.0736]	 35 runs	 rmse=0.10060	 T_learn=4902 ms. 	 T_infer=491 ms.
2026-02-02 16:17:26,273|INFO|random_mc2_n5_mid3_d1000_05_mr098_r10_63_uai_GSCC_n200_roTrue_s0: Saving results to ../results/synthetic/s123/random_mc2_n5_mid3_d1000_05_mr098_r10_63_uai_GSCC_n200_roTrue_s0.csv
2026-02-02 16:17:26,370|INFO|random_mc2_n5_mid3_d1000_05_mr098_r10_102_uai_GSCC_n200_roTrue_s0: [0.3034,0.4056]	 79 runs	 rmse=0.08208	 T_learn=14092 ms. 	 T_infer=2120 ms.
2026-02-02 16:17:26,375|INFO|random_mc2_n5_mid3_d1000_05_mr098_r10_102_uai_GSCC_n200_roTrue_s0: Saving results to ../results/synthetic/s123/random_mc2_n5_mid3_d1000_05_mr098_r10_102_uai_GSCC_n200_roTrue_s0.csv
2026-02-02 16:17:26,463|INFO|random_mc2_n5_mid3_d1000_05_mr098_r10_195_uai_GSCC_n200_roFalse_s0: [0.0911,0.1949]	 64 runs	 rmse=0.16216	 T_learn=9177 ms. 	 T_infer=1189 ms.
2026-02-02 16:17:26,468|INFO|random_mc2_n5_mid3_d1000_05_mr098_r10_195_uai_GSCC_n200_roFalse_s0: Saving results to ../results/synthetic/s123/random_mc2_n5_mid3_d1000_05_mr098_r10_195_uai_GSCC_n200_roFalse_s0.csv
2026-02-02 16:17:26,477|INFO|random_mc2_n5_mid3_d1000_05_mr098_r10_190_uai_GSCC_n200_roTrue_s0: [0.0389,0.0741]	 50 runs	 rmse=0.08040	 T_learn=10089 ms. 	 T_infer=1324 ms.
2026-02-02 16:17:26,482|INFO|random_mc2_n5_mid3_d1000_05_mr098_r10_190_uai_GSCC_n200_roTrue_s0: Saving results to ../results/synthetic/s123/random_mc2_n5_mid3_d1000_05_mr098_r10_190_uai_GSCC_n200_roTrue_s0.csv
2026-02-02 16:17:26,592|INFO|random_mc2_n5_mid3_d1000_05_mr098_r10_188_uai_GSCC_n200_roFalse_s0: [0.0011,0.0117]	 27 runs	 rmse=0.03768	 T_learn=6610 ms. 	 T_infer=627 ms.
2026-02-02 16:17:26,597|INFO|random_mc2_n5_mid3_d1000_05_mr098_r10_188_uai_GSCC_n200_roFalse_s0: Saving results to ../results/synthetic/s123/random_mc2_n5_mid3_d1000_05_mr098_r10_188_uai_GSCC_n200_roFalse_s0.csv
2026-02-02 16:17:26,698|INFO|random_mc2_n5_mid3_d1000_05_mr098_r10_137_uai_GSCC_n200_roFalse_s0: [0.3436,0.4020]	 54 runs	 rmse=0.03855	 T_learn=12125 ms. 	 T_infer=1637 ms.
2026-02-02 16:17:26,703|INFO|random_mc2_n5_mid3_d1000_05_mr098_r10_137_uai_GSCC_n200_roFalse_s0: Saving results to ../results/synthetic/s123/random_mc2_n5_mid3_d1000_05_mr098_r10_137_uai_GSCC_n200_roFalse_s0.csv
2026-02-02 16:17:26,806|INFO|random_mc2_n5_mid3_d1000_05_mr098_r10_169_uai_GSCC_n200_roTrue_s0: [0.1389,0.2506]	 104 runs	 rmse=0.24940	 T_learn=11001 ms. 	 T_infer=1097 ms.
2026-02-02 16:17:26,812|INFO|random_mc2_n5_mid3_d1000_05_mr098_r10_169_uai_GSCC_n200_roTrue_s0: Saving results to ../results/synthetic/s123/random_mc2_n5_mid3_d1000_05_mr098_r10_169_uai_GSCC_n200_roTrue_s0.csv
2026-02-02 16:17:26,836|INFO|random_mc2_n5_mid3_d1000_05_mr098_r10_141_uai_GSCC_n200_roTrue_s0: [0.1082,0.1946]	 68 runs	 rmse=0.11245	 T_learn=19468 ms. 	 T_infer=2815 ms.
2026-02-02 16:17:26,839|INFO|random_mc2_n5_mid3_d1000_05_mr098_r10_63_uai_GSCC_n200_roTrue_s0: [0.0281,0.0736]	 36 runs	 rmse=0.10060	 T_learn=4964 ms. 	 T_infer=504 ms.
2026-02-02 16:17:26,841|INFO|random_mc2_n5_mid3_d1000_05_mr098_r10_141_uai_GSCC_n200_roTrue_s0: Saving results to ../results/synthetic/s123/random_mc2_n5_mid3_d1000_05_mr098_r10_141_uai_GSCC_n200_roTrue_s0.csv
2026-02-02 16:17:26,843|INFO|random_mc2_n5_mid3_d1000_05_mr098_r10_63_uai_GSCC_n200_roTrue_s0: Saving results to ../results/synthetic/s123/random_mc2_n5_mid3_d1000_05_mr098_r10_63_uai_GSCC_n200_roTrue_s0.csv
2026-02-02 16:17:27,178|INFO|random_mc2_n6_mid3_d1000_05_mr098_r10_144_uai_GSCC_n200_roTrue_s0: [0.0153,0.0222]	 29 runs	 rmse=0.01490	 T_learn=8839 ms. 	 T_infer=1460 ms.
2026-02-02 16:17:27,183|INFO|random_mc2_n6_mid3_d1000_05_mr098_r10_144_uai_GSCC_n200_roTrue_s0: Saving results to ../results/synthetic/s123/random_mc2_n6_mid3_d1000_05_mr098_r10_144_uai_GSCC_n200_roTrue_s0.csv
2026-02-02 16:17:27,326|INFO|random_mc2_n5_mid3_d1000_05_mr098_r10_188_uai_GSCC_n200_roFalse_s0: [0.0011,0.0117]	 28 runs	 rmse=0.03768	 T_learn=6689 ms. 	 T_infer=649 ms.
2026-02-02 16:17:27,330|INFO|random_mc2_n5_mid3_d1000_05_mr098_r10_188_uai_GSCC_n200_roFalse_s0: Saving results to ../results/synthetic/s123/random_mc2_n5_mid3_d1000_05_mr098_r10_188_uai_GSCC_n200_roFalse_s0.csv
2026-02-02 16:17:27,419|INFO|random_mc2_n5_mid3_d1000_05_mr098_r10_63_uai_GSCC_n200_roTrue_s0: [0.0281,0.0923]	 37 runs	 rmse=0.08286	 T_learn=5023 ms. 	 T_infer=517 ms.
2026-02-02 16:17:27,423|INFO|random_mc2_n5_mid3_d1000_05_mr098_r10_63_uai_GSCC_n200_roTrue_s0: Saving results to ../results/synthetic/s123/random_mc2_n5_mid3_d1000_05_mr098_r10_63_uai_GSCC_n200_roTrue_s0.csv
2026-02-02 16:17:27,649|INFO|random_mc2_n5_mid3_d1000_05_mr098_r10_195_uai_GSCC_n200_roFalse_s0: [0.0911,0.1949]	 65 runs	 rmse=0.16216	 T_learn=9294 ms. 	 T_infer=1064 ms.
2026-02-02 16:17:27,653|INFO|random_mc2_n5_mid3_d1000_05_mr098_r10_195_uai_GSCC_n200_roFalse_s0: Saving results to ../results/synthetic/s123/random_mc2_n5_mid3_d1000_05_mr098_r10_195_uai_GSCC_n200_roFalse_s0.csv
2026-02-02 16:17:27,689|INFO|random_mc2_n6_mid3_d1000_05_mr098_r10_169_uai_GSCC_n200_roFalse_s0: [0.0093,0.0314]	 80 runs	 rmse=0.01267	 T_learn=19171 ms. 	 T_infer=2403 ms.
2026-02-02 16:17:27,694|INFO|random_mc2_n6_mid3_d1000_05_mr098_r10_169_uai_GSCC_n200_roFalse_s0: Saving results to ../results/synthetic/s123/random_mc2_n6_mid3_d1000_05_mr098_r10_169_uai_GSCC_n200_roFalse_s0.csv
2026-02-02 16:17:27,952|INFO|random_mc2_n6_mid3_d1000_05_mr098_r10_71_uai_GSCC_n200_roFalse_s0: [0.5153,0.6281]	 59 runs	 rmse=0.02577	 T_learn=21089 ms. 	 T_infer=3215 ms.
2026-02-02 16:17:27,958|INFO|random_mc2_n6_mid3_d1000_05_mr098_r10_71_uai_GSCC_n200_roFalse_s0: Saving results to ../results/synthetic/s123/random_mc2_n6_mid3_d1000_05_mr098_r10_71_uai_GSCC_n200_roFalse_s0.csv
2026-02-02 16:17:27,985|INFO|random_mc2_n5_mid3_d1000_05_mr098_r10_190_uai_GSCC_n200_roTrue_s0: [0.0389,0.0746]	 51 runs	 rmse=0.07999	 T_learn=10239 ms. 	 T_infer=1352 ms.
2026-02-02 16:17:27,990|INFO|random_mc2_n5_mid3_d1000_05_mr098_r10_190_uai_GSCC_n200_roTrue_s0: Saving results to ../results/synthetic/s123/random_mc2_n5_mid3_d1000_05_mr098_r10_190_uai_GSCC_n200_roTrue_s0.csv
2026-02-02 16:17:28,033|INFO|random_mc2_n5_mid3_d1000_05_mr098_r10_31_uai_GSCC_n200_roTrue_s0: [0.0901,0.1273]	 75 runs	 rmse=0.15535	 T_learn=13791 ms. 	 T_infer=1646 ms.
2026-02-02 16:17:28,038|INFO|random_mc2_n5_mid3_d1000_05_mr098_r10_31_uai_GSCC_n200_roTrue_s0: Saving results to ../results/synthetic/s123/random_mc2_n5_mid3_d1000_05_mr098_r10_31_uai_GSCC_n200_roTrue_s0.csv
2026-02-02 16:17:28,052|INFO|random_mc2_n5_mid3_d1000_05_mr098_r10_169_uai_GSCC_n200_roTrue_s0: [0.1389,0.2506]	 105 runs	 rmse=0.24940	 T_learn=11127 ms. 	 T_infer=1114 ms.
2026-02-02 16:17:28,060|INFO|random_mc2_n5_mid3_d1000_05_mr098_r10_169_uai_GSCC_n200_roTrue_s0: Saving results to ../results/synthetic/s123/random_mc2_n5_mid3_d1000_05_mr098_r10_169_uai_GSCC_n200_roTrue_s0.csv
2026-02-02 16:17:28,088|INFO|random_mc2_n5_mid3_d1000_05_mr098_r10_188_uai_GSCC_n200_roFalse_s0: [0.0011,0.0117]	 29 runs	 rmse=0.03768	 T_learn=6771 ms. 	 T_infer=676 ms.
2026-02-02 16:17:28,090|INFO|random_mc2_n6_mid3_d1000_05_mr098_r10_158_uai_GSCC_n200_roFalse_s0: [0.0241,0.0370]	 60 runs	 rmse=0.03651	 T_learn=11654 ms. 	 T_infer=1670 ms.
2026-02-02 16:17:28,092|INFO|random_mc2_n5_mid3_d1000_05_mr098_r10_188_uai_GSCC_n200_roFalse_s0: Saving results to ../results/synthetic/s123/random_mc2_n5_mid3_d1000_05_mr098_r10_188_uai_GSCC_n200_roFalse_s0.csv
2026-02-02 16:17:28,095|INFO|random_mc2_n6_mid3_d1000_05_mr098_r10_158_uai_GSCC_n200_roFalse_s0: Saving results to ../results/synthetic/s123/random_mc2_n6_mid3_d1000_05_mr098_r10_158_uai_GSCC_n200_roFalse_s0.csv
2026-02-02 16:17:28,129|INFO|random_mc2_n6_mid3_d1000_05_mr098_r10_72_uai_GSCC_n200_roTrue_s0: [0.0627,0.0926]	 62 runs	 rmse=0.04927	 T_learn=22682 ms. 	 T_infer=3010 ms.
2026-02-02 16:17:28,134|INFO|random_mc2_n6_mid3_d1000_05_mr098_r10_72_uai_GSCC_n200_roTrue_s0: Saving results to ../results/synthetic/s123/random_mc2_n6_mid3_d1000_05_mr098_r10_72_uai_GSCC_n200_roTrue_s0.csv
2026-02-02 16:17:28,153|INFO|random_mc2_n5_mid3_d1000_05_mr098_r10_63_uai_GSCC_n200_roTrue_s0: [0.0281,0.0923]	 38 runs	 rmse=0.08286	 T_learn=5083 ms. 	 T_infer=669 ms.
2026-02-02 16:17:28,157|INFO|random_mc2_n5_mid3_d1000_05_mr098_r10_63_uai_GSCC_n200_roTrue_s0: Saving results to ../results/synthetic/s123/random_mc2_n5_mid3_d1000_05_mr098_r10_63_uai_GSCC_n200_roTrue_s0.csv
2026-02-02 16:17:28,215|INFO|random_mc2_n5_mid3_d1000_05_mr098_r10_74_uai_GSCC_n200_roTrue_s0: [0.3355,0.3798]	 34 runs	 rmse=0.15623	 T_learn=14169 ms. 	 T_infer=2689 ms.
2026-02-02 16:17:28,220|INFO|random_mc2_n5_mid3_d1000_05_mr098_r10_74_uai_GSCC_n200_roTrue_s0: Saving results to ../results/synthetic/s123/random_mc2_n5_mid3_d1000_05_mr098_r10_74_uai_GSCC_n200_roTrue_s0.csv
2026-02-02 16:17:28,560|INFO|random_mc2_n5_mid3_d1000_05_mr098_r10_102_uai_GSCC_n200_roTrue_s0: [0.3034,0.4164]	 80 runs	 rmse=0.07292	 T_learn=14285 ms. 	 T_infer=1992 ms.
2026-02-02 16:17:28,565|INFO|random_mc2_n5_mid3_d1000_05_mr098_r10_102_uai_GSCC_n200_roTrue_s0: Saving results to ../results/synthetic/s123/random_mc2_n5_mid3_d1000_05_mr098_r10_102_uai_GSCC_n200_roTrue_s0.csv
2026-02-02 16:17:28,591|INFO|random_mc2_n5_mid3_d1000_05_mr098_r10_137_uai_GSCC_n200_roFalse_s0: [0.3436,0.4020]	 55 runs	 rmse=0.03855	 T_learn=12347 ms. 	 T_infer=1666 ms.
2026-02-02 16:17:28,596|INFO|random_mc2_n5_mid3_d1000_05_mr098_r10_137_uai_GSCC_n200_roFalse_s0: Saving results to ../results/synthetic/s123/random_mc2_n5_mid3_d1000_05_mr098_r10_137_uai_GSCC_n200_roFalse_s0.csv
2026-02-02 16:17:28,766|INFO|random_mc2_n5_mid3_d1000_05_mr098_r10_63_uai_GSCC_n200_roTrue_s0: [0.0281,0.1045]	 39 runs	 rmse=0.07153	 T_learn=5144 ms. 	 T_infer=548 ms.
2026-02-02 16:17:28,771|INFO|random_mc2_n5_mid3_d1000_05_mr098_r10_63_uai_GSCC_n200_roTrue_s0: Saving results to ../results/synthetic/s123/random_mc2_n5_mid3_d1000_05_mr098_r10_63_uai_GSCC_n200_roTrue_s0.csv
2026-02-02 16:17:28,826|INFO|random_mc2_n5_mid3_d1000_05_mr098_r10_44_uai_GSCC_n200_roFalse_s0: [0.0156,0.0340]	 63 runs	 rmse=0.00590	 T_learn=19108 ms. 	 T_infer=3096 ms.
2026-02-02 16:17:28,830|INFO|random_mc2_n5_mid3_d1000_05_mr098_r10_44_uai_GSCC_n200_roFalse_s0: Saving results to ../results/synthetic/s123/random_mc2_n5_mid3_d1000_05_mr098_r10_44_uai_GSCC_n200_roFalse_s0.csv
2026-02-02 16:17:28,862|INFO|random_mc2_n5_mid3_d1000_05_mr098_r10_195_uai_GSCC_n200_roFalse_s0: [0.0911,0.1949]	 66 runs	 rmse=0.16216	 T_learn=9413 ms. 	 T_infer=1090 ms.
2026-02-02 16:17:28,868|INFO|random_mc2_n5_mid3_d1000_05_mr098_r10_195_uai_GSCC_n200_roFalse_s0: Saving results to ../results/synthetic/s123/random_mc2_n5_mid3_d1000_05_mr098_r10_195_uai_GSCC_n200_roFalse_s0.csv
2026-02-02 16:17:28,894|INFO|random_mc2_n6_mid3_d1000_05_mr098_r10_144_uai_GSCC_n200_roTrue_s0: [0.0153,0.0222]	 30 runs	 rmse=0.01490	 T_learn=9038 ms. 	 T_infer=1512 ms.
2026-02-02 16:17:28,899|INFO|random_mc2_n6_mid3_d1000_05_mr098_r10_144_uai_GSCC_n200_roTrue_s0: Saving results to ../results/synthetic/s123/random_mc2_n6_mid3_d1000_05_mr098_r10_144_uai_GSCC_n200_roTrue_s0.csv
2026-02-02 16:17:29,006|INFO|random_mc2_n5_mid3_d1000_05_mr098_r10_188_uai_GSCC_n200_roFalse_s0: [0.0011,0.0117]	 30 runs	 rmse=0.03768	 T_learn=6854 ms. 	 T_infer=831 ms.
2026-02-02 16:17:29,012|INFO|random_mc2_n5_mid3_d1000_05_mr098_r10_188_uai_GSCC_n200_roFalse_s0: Saving results to ../results/synthetic/s123/random_mc2_n5_mid3_d1000_05_mr098_r10_188_uai_GSCC_n200_roFalse_s0.csv
2026-02-02 16:17:29,040|INFO|random_mc2_n6_mid3_d1000_05_mr098_r10_28_uai_GSCC_n200_roFalse_s0: [0.4723,0.5473]	 58 runs	 rmse=0.11103	 T_learn=18818 ms. 	 T_infer=2940 ms.
2026-02-02 16:17:29,045|INFO|random_mc2_n6_mid3_d1000_05_mr098_r10_28_uai_GSCC_n200_roFalse_s0: Saving results to ../results/synthetic/s123/random_mc2_n6_mid3_d1000_05_mr098_r10_28_uai_GSCC_n200_roFalse_s0.csv
2026-02-02 16:17:29,308|INFO|random_mc2_n5_mid3_d1000_05_mr098_r10_169_uai_GSCC_n200_roTrue_s0: [0.1389,0.2506]	 106 runs	 rmse=0.24940	 T_learn=11257 ms. 	 T_infer=1119 ms.
2026-02-02 16:17:29,314|INFO|random_mc2_n5_mid3_d1000_05_mr098_r10_169_uai_GSCC_n200_roTrue_s0: Saving results to ../results/synthetic/s123/random_mc2_n5_mid3_d1000_05_mr098_r10_169_uai_GSCC_n200_roTrue_s0.csv
2026-02-02 16:17:29,418|INFO|random_mc2_n5_mid3_d1000_05_mr098_r10_63_uai_GSCC_n200_roTrue_s0: [0.0281,0.1148]	 40 runs	 rmse=0.06215	 T_learn=5207 ms. 	 T_infer=584 ms.
2026-02-02 16:17:29,423|INFO|random_mc2_n5_mid3_d1000_05_mr098_r10_63_uai_GSCC_n200_roTrue_s0: Saving results to ../results/synthetic/s123/random_mc2_n5_mid3_d1000_05_mr098_r10_63_uai_GSCC_n200_roTrue_s0.csv
2026-02-02 16:17:29,670|INFO|random_mc2_n5_mid3_d1000_05_mr098_r10_190_uai_GSCC_n200_roTrue_s0: [0.0389,0.0746]	 52 runs	 rmse=0.07999	 T_learn=10396 ms. 	 T_infer=1523 ms.
2026-02-02 16:17:29,675|INFO|random_mc2_n5_mid3_d1000_05_mr098_r10_190_uai_GSCC_n200_roTrue_s0: Saving results to ../results/synthetic/s123/random_mc2_n5_mid3_d1000_05_mr098_r10_190_uai_GSCC_n200_roTrue_s0.csv
2026-02-02 16:17:29,812|INFO|random_mc2_n5_mid3_d1000_05_mr098_r10_188_uai_GSCC_n200_roFalse_s0: [0.0011,0.0117]	 31 runs	 rmse=0.03768	 T_learn=6939 ms. 	 T_infer=716 ms.
2026-02-02 16:17:29,817|INFO|random_mc2_n5_mid3_d1000_05_mr098_r10_188_uai_GSCC_n200_roFalse_s0: Saving results to ../results/synthetic/s123/random_mc2_n5_mid3_d1000_05_mr098_r10_188_uai_GSCC_n200_roFalse_s0.csv
2026-02-02 16:17:29,818|INFO|random_mc2_n6_mid3_d1000_05_mr098_r10_158_uai_GSCC_n200_roFalse_s0: [0.0241,0.0370]	 61 runs	 rmse=0.03651	 T_learn=11822 ms. 	 T_infer=1556 ms.
2026-02-02 16:17:29,824|INFO|random_mc2_n6_mid3_d1000_05_mr098_r10_158_uai_GSCC_n200_roFalse_s0: Saving results to ../results/synthetic/s123/random_mc2_n6_mid3_d1000_05_mr098_r10_158_uai_GSCC_n200_roFalse_s0.csv
2026-02-02 16:17:29,912|INFO|random_mc2_n5_mid3_d1000_05_mr098_r10_31_uai_GSCC_n200_roTrue_s0: [0.0901,0.1273]	 76 runs	 rmse=0.15535	 T_learn=13998 ms. 	 T_infer=1667 ms.
2026-02-02 16:17:29,917|INFO|random_mc2_n5_mid3_d1000_05_mr098_r10_31_uai_GSCC_n200_roTrue_s0: Saving results to ../results/synthetic/s123/random_mc2_n5_mid3_d1000_05_mr098_r10_31_uai_GSCC_n200_roTrue_s0.csv
2026-02-02 16:17:30,056|INFO|random_mc2_n5_mid3_d1000_05_mr098_r10_141_uai_GSCC_n200_roTrue_s0: [0.1082,0.1946]	 69 runs	 rmse=0.11245	 T_learn=19834 ms. 	 T_infer=2848 ms.
2026-02-02 16:17:30,060|INFO|random_mc2_n5_mid3_d1000_05_mr098_r10_63_uai_GSCC_n200_roTrue_s0: [0.0281,0.1148]	 41 runs	 rmse=0.06215	 T_learn=5270 ms. 	 T_infer=574 ms.
2026-02-02 16:17:30,070|INFO|random_mc2_n5_mid3_d1000_05_mr098_r10_141_uai_GSCC_n200_roTrue_s0: Saving results to ../results/synthetic/s123/random_mc2_n5_mid3_d1000_05_mr098_r10_141_uai_GSCC_n200_roTrue_s0.csv
2026-02-02 16:17:30,072|INFO|random_mc2_n5_mid3_d1000_05_mr098_r10_63_uai_GSCC_n200_roTrue_s0: Saving results to ../results/synthetic/s123/random_mc2_n5_mid3_d1000_05_mr098_r10_63_uai_GSCC_n200_roTrue_s0.csv
2026-02-02 16:17:30,096|INFO|random_mc2_n5_mid3_d1000_05_mr098_r10_195_uai_GSCC_n200_roFalse_s0: [0.0911,0.1949]	 67 runs	 rmse=0.16216	 T_learn=9532 ms. 	 T_infer=1108 ms.
2026-02-02 16:17:30,101|INFO|random_mc2_n5_mid3_d1000_05_mr098_r10_195_uai_GSCC_n200_roFalse_s0: Saving results to ../results/synthetic/s123/random_mc2_n5_mid3_d1000_05_mr098_r10_195_uai_GSCC_n200_roFalse_s0.csv
2026-02-02 16:17:30,391|INFO|random_mc2_n6_mid3_d1000_05_mr098_r10_169_uai_GSCC_n200_roFalse_s0: [0.0093,0.0314]	 81 runs	 rmse=0.01267	 T_learn=19437 ms. 	 T_infer=2430 ms.
2026-02-02 16:17:30,395|INFO|random_mc2_n6_mid3_d1000_05_mr098_r10_169_uai_GSCC_n200_roFalse_s0: Saving results to ../results/synthetic/s123/random_mc2_n6_mid3_d1000_05_mr098_r10_169_uai_GSCC_n200_roFalse_s0.csv
2026-02-02 16:17:30,517|INFO|random_mc2_n5_mid3_d1000_05_mr098_r10_137_uai_GSCC_n200_roFalse_s0: [0.3436,0.4020]	 56 runs	 rmse=0.03855	 T_learn=12574 ms. 	 T_infer=1694 ms.
2026-02-02 16:17:30,522|INFO|random_mc2_n5_mid3_d1000_05_mr098_r10_137_uai_GSCC_n200_roFalse_s0: Saving results to ../results/synthetic/s123/random_mc2_n5_mid3_d1000_05_mr098_r10_137_uai_GSCC_n200_roFalse_s0.csv
2026-02-02 16:17:30,570|INFO|random_mc2_n5_mid3_d1000_05_mr098_r10_169_uai_GSCC_n200_roTrue_s0: [0.1389,0.2506]	 107 runs	 rmse=0.24940	 T_learn=11385 ms. 	 T_infer=1127 ms.
2026-02-02 16:17:30,576|INFO|random_mc2_n5_mid3_d1000_05_mr098_r10_169_uai_GSCC_n200_roTrue_s0: Saving results to ../results/synthetic/s123/random_mc2_n5_mid3_d1000_05_mr098_r10_169_uai_GSCC_n200_roTrue_s0.csv
2026-02-02 16:17:30,606|INFO|random_mc2_n7_mid3_d1000_05_mr098_r10_65_uai_GSCC_n200_roTrue_s0: [0.1953,0.1953]	 1 runs	 rmse=0.04582	 T_learn=7613 ms. 	 T_infer=64 ms.
2026-02-02 16:17:30,614|INFO|random_mc2_n7_mid3_d1000_05_mr098_r10_65_uai_GSCC_n200_roTrue_s0: Saving results to ../results/synthetic/s123/random_mc2_n7_mid3_d1000_05_mr098_r10_65_uai_GSCC_n200_roTrue_s0.csv
2026-02-02 16:17:30,643|INFO|random_mc2_n5_mid3_d1000_05_mr098_r10_188_uai_GSCC_n200_roFalse_s0: [0.0011,0.0117]	 32 runs	 rmse=0.03768	 T_learn=7025 ms. 	 T_infer=739 ms.
2026-02-02 16:17:30,647|INFO|random_mc2_n5_mid3_d1000_05_mr098_r10_188_uai_GSCC_n200_roFalse_s0: Saving results to ../results/synthetic/s123/random_mc2_n5_mid3_d1000_05_mr098_r10_188_uai_GSCC_n200_roFalse_s0.csv
2026-02-02 16:17:30,724|INFO|random_mc2_n5_mid3_d1000_05_mr098_r10_63_uai_GSCC_n200_roTrue_s0: [0.0281,0.1148]	 42 runs	 rmse=0.06215	 T_learn=5335 ms. 	 T_infer=587 ms.
2026-02-02 16:17:30,728|INFO|random_mc2_n5_mid3_d1000_05_mr098_r10_63_uai_GSCC_n200_roTrue_s0: Saving results to ../results/synthetic/s123/random_mc2_n5_mid3_d1000_05_mr098_r10_63_uai_GSCC_n200_roTrue_s0.csv
2026-02-02 16:17:30,774|INFO|random_mc2_n5_mid3_d1000_05_mr098_r10_102_uai_GSCC_n200_roTrue_s0: [0.3034,0.4164]	 81 runs	 rmse=0.07292	 T_learn=14478 ms. 	 T_infer=2016 ms.
2026-02-02 16:17:30,779|INFO|random_mc2_n5_mid3_d1000_05_mr098_r10_102_uai_GSCC_n200_roTrue_s0: Saving results to ../results/synthetic/s123/random_mc2_n5_mid3_d1000_05_mr098_r10_102_uai_GSCC_n200_roTrue_s0.csv
2026-02-02 16:17:30,791|INFO|random_mc2_n6_mid3_d1000_05_mr098_r10_144_uai_GSCC_n200_roTrue_s0: [0.0153,0.0222]	 31 runs	 rmse=0.01490	 T_learn=9240 ms. 	 T_infer=1691 ms.
2026-02-02 16:17:30,796|INFO|random_mc2_n6_mid3_d1000_05_mr098_r10_144_uai_GSCC_n200_roTrue_s0: Saving results to ../results/synthetic/s123/random_mc2_n6_mid3_d1000_05_mr098_r10_144_uai_GSCC_n200_roTrue_s0.csv
2026-02-02 16:17:30,817|INFO|random_mc2_n7_mid3_d1000_05_mr098_r10_65_uai_GSCC_n200_roTrue_s0: [0.1914,0.1953]	 2 runs	 rmse=0.04210	 T_learn=7689 ms. 	 T_infer=127 ms.
2026-02-02 16:17:30,821|INFO|random_mc2_n7_mid3_d1000_05_mr098_r10_65_uai_GSCC_n200_roTrue_s0: Saving results to ../results/synthetic/s123/random_mc2_n7_mid3_d1000_05_mr098_r10_65_uai_GSCC_n200_roTrue_s0.csv
2026-02-02 16:17:31,095|INFO|random_mc2_n7_mid3_d1000_05_mr098_r10_65_uai_GSCC_n200_roTrue_s0: [0.1851,0.1953]	 3 runs	 rmse=0.03630	 T_learn=7772 ms. 	 T_infer=191 ms.
2026-02-02 16:17:31,100|INFO|random_mc2_n7_mid3_d1000_05_mr098_r10_65_uai_GSCC_n200_roTrue_s0: Saving results to ../results/synthetic/s123/random_mc2_n7_mid3_d1000_05_mr098_r10_65_uai_GSCC_n200_roTrue_s0.csv
2026-02-02 16:17:31,226|INFO|random_mc2_n5_mid3_d1000_05_mr098_r10_190_uai_GSCC_n200_roTrue_s0: [0.0389,0.0746]	 53 runs	 rmse=0.07999	 T_learn=10550 ms. 	 T_infer=1398 ms.
2026-02-02 16:17:31,231|INFO|random_mc2_n5_mid3_d1000_05_mr098_r10_190_uai_GSCC_n200_roTrue_s0: Saving results to ../results/synthetic/s123/random_mc2_n5_mid3_d1000_05_mr098_r10_190_uai_GSCC_n200_roTrue_s0.csv
2026-02-02 16:17:31,338|INFO|random_mc2_n5_mid3_d1000_05_mr098_r10_195_uai_GSCC_n200_roFalse_s0: [0.0911,0.1949]	 68 runs	 rmse=0.16216	 T_learn=9653 ms. 	 T_infer=1116 ms.
2026-02-02 16:17:31,343|INFO|random_mc2_n5_mid3_d1000_05_mr098_r10_195_uai_GSCC_n200_roFalse_s0: Saving results to ../results/synthetic/s123/random_mc2_n5_mid3_d1000_05_mr098_r10_195_uai_GSCC_n200_roFalse_s0.csv
2026-02-02 16:17:31,389|INFO|random_mc2_n5_mid3_d1000_05_mr098_r10_74_uai_GSCC_n200_roTrue_s0: [0.3355,0.3798]	 35 runs	 rmse=0.15623	 T_learn=14553 ms. 	 T_infer=2785 ms.
2026-02-02 16:17:31,394|INFO|random_mc2_n5_mid3_d1000_05_mr098_r10_74_uai_GSCC_n200_roTrue_s0: Saving results to ../results/synthetic/s123/random_mc2_n5_mid3_d1000_05_mr098_r10_74_uai_GSCC_n200_roTrue_s0.csv
2026-02-02 16:17:31,396|INFO|random_mc2_n5_mid3_d1000_05_mr098_r10_63_uai_GSCC_n200_roTrue_s0: [0.0281,0.1148]	 43 runs	 rmse=0.06215	 T_learn=5400 ms. 	 T_infer=602 ms.
2026-02-02 16:17:31,400|INFO|random_mc2_n5_mid3_d1000_05_mr098_r10_63_uai_GSCC_n200_roTrue_s0: Saving results to ../results/synthetic/s123/random_mc2_n5_mid3_d1000_05_mr098_r10_63_uai_GSCC_n200_roTrue_s0.csv
2026-02-02 16:17:31,444|INFO|random_mc2_n7_mid3_d1000_05_mr098_r10_65_uai_GSCC_n200_roTrue_s0: [0.1851,0.1990]	 4 runs	 rmse=0.03494	 T_learn=7860 ms. 	 T_infer=255 ms.
2026-02-02 16:17:31,448|INFO|random_mc2_n7_mid3_d1000_05_mr098_r10_65_uai_GSCC_n200_roTrue_s0: Saving results to ../results/synthetic/s123/random_mc2_n7_mid3_d1000_05_mr098_r10_65_uai_GSCC_n200_roTrue_s0.csv
2026-02-02 16:17:31,501|INFO|random_mc2_n5_mid3_d1000_05_mr098_r10_188_uai_GSCC_n200_roFalse_s0: [0.0011,0.0117]	 33 runs	 rmse=0.03768	 T_learn=7113 ms. 	 T_infer=766 ms.
2026-02-02 16:17:31,505|INFO|random_mc2_n5_mid3_d1000_05_mr098_r10_188_uai_GSCC_n200_roFalse_s0: Saving results to ../results/synthetic/s123/random_mc2_n5_mid3_d1000_05_mr098_r10_188_uai_GSCC_n200_roFalse_s0.csv
2026-02-02 16:17:31,572|INFO|random_mc2_n6_mid3_d1000_05_mr098_r10_158_uai_GSCC_n200_roFalse_s0: [0.0241,0.0370]	 62 runs	 rmse=0.03651	 T_learn=11992 ms. 	 T_infer=1579 ms.
2026-02-02 16:17:31,577|INFO|random_mc2_n6_mid3_d1000_05_mr098_r10_158_uai_GSCC_n200_roFalse_s0: Saving results to ../results/synthetic/s123/random_mc2_n6_mid3_d1000_05_mr098_r10_158_uai_GSCC_n200_roFalse_s0.csv
2026-02-02 16:17:31,674|INFO|random_mc2_n6_mid3_d1000_05_mr098_r10_71_uai_GSCC_n200_roFalse_s0: [0.5153,0.6281]	 60 runs	 rmse=0.02577	 T_learn=21539 ms. 	 T_infer=3265 ms.
2026-02-02 16:17:31,679|INFO|random_mc2_n6_mid3_d1000_05_mr098_r10_71_uai_GSCC_n200_roFalse_s0: Saving results to ../results/synthetic/s123/random_mc2_n6_mid3_d1000_05_mr098_r10_71_uai_GSCC_n200_roFalse_s0.csv
2026-02-02 16:17:31,727|INFO|random_mc2_n6_mid3_d1000_05_mr098_r10_72_uai_GSCC_n200_roTrue_s0: [0.0627,0.0977]	 63 runs	 rmse=0.04881	 T_learn=23098 ms. 	 T_infer=3177 ms.
2026-02-02 16:17:31,732|INFO|random_mc2_n6_mid3_d1000_05_mr098_r10_72_uai_GSCC_n200_roTrue_s0: Saving results to ../results/synthetic/s123/random_mc2_n6_mid3_d1000_05_mr098_r10_72_uai_GSCC_n200_roTrue_s0.csv
2026-02-02 16:17:31,849|INFO|random_mc2_n5_mid3_d1000_05_mr098_r10_169_uai_GSCC_n200_roTrue_s0: [0.1389,0.2506]	 108 runs	 rmse=0.24940	 T_learn=11516 ms. 	 T_infer=1143 ms.
2026-02-02 16:17:31,856|INFO|random_mc2_n5_mid3_d1000_05_mr098_r10_169_uai_GSCC_n200_roTrue_s0: Saving results to ../results/synthetic/s123/random_mc2_n5_mid3_d1000_05_mr098_r10_169_uai_GSCC_n200_roTrue_s0.csv
2026-02-02 16:17:31,863|INFO|random_mc2_n7_mid3_d1000_05_mr098_r10_65_uai_GSCC_n200_roTrue_s0: [0.1851,0.1990]	 5 runs	 rmse=0.03494	 T_learn=7954 ms. 	 T_infer=320 ms.
2026-02-02 16:17:31,867|INFO|random_mc2_n7_mid3_d1000_05_mr098_r10_65_uai_GSCC_n200_roTrue_s0: Saving results to ../results/synthetic/s123/random_mc2_n7_mid3_d1000_05_mr098_r10_65_uai_GSCC_n200_roTrue_s0.csv
2026-02-02 16:17:31,943|INFO|random_mc2_n5_mid3_d1000_05_mr098_r10_31_uai_GSCC_n200_roTrue_s0: [0.0901,0.1273]	 77 runs	 rmse=0.15535	 T_learn=14207 ms. 	 T_infer=1816 ms.
2026-02-02 16:17:31,947|INFO|random_mc2_n5_mid3_d1000_05_mr098_r10_31_uai_GSCC_n200_roTrue_s0: Saving results to ../results/synthetic/s123/random_mc2_n5_mid3_d1000_05_mr098_r10_31_uai_GSCC_n200_roTrue_s0.csv
2026-02-02 16:17:32,081|INFO|random_mc2_n5_mid3_d1000_05_mr098_r10_63_uai_GSCC_n200_roTrue_s0: [0.0281,0.1148]	 44 runs	 rmse=0.06215	 T_learn=5467 ms. 	 T_infer=614 ms.
2026-02-02 16:17:32,086|INFO|random_mc2_n5_mid3_d1000_05_mr098_r10_63_uai_GSCC_n200_roTrue_s0: Saving results to ../results/synthetic/s123/random_mc2_n5_mid3_d1000_05_mr098_r10_63_uai_GSCC_n200_roTrue_s0.csv
2026-02-02 16:17:32,351|INFO|random_mc2_n7_mid3_d1000_05_mr098_r10_65_uai_GSCC_n200_roTrue_s0: [0.1851,0.1990]	 6 runs	 rmse=0.03494	 T_learn=8056 ms. 	 T_infer=382 ms.
2026-02-02 16:17:32,356|INFO|random_mc2_n7_mid3_d1000_05_mr098_r10_65_uai_GSCC_n200_roTrue_s0: Saving results to ../results/synthetic/s123/random_mc2_n7_mid3_d1000_05_mr098_r10_65_uai_GSCC_n200_roTrue_s0.csv
2026-02-02 16:17:32,380|INFO|random_mc2_n5_mid3_d1000_05_mr098_r10_188_uai_GSCC_n200_roFalse_s0: [0.0011,0.0117]	 34 runs	 rmse=0.03768	 T_learn=7202 ms. 	 T_infer=786 ms.
2026-02-02 16:17:32,385|INFO|random_mc2_n5_mid3_d1000_05_mr098_r10_188_uai_GSCC_n200_roFalse_s0: Saving results to ../results/synthetic/s123/random_mc2_n5_mid3_d1000_05_mr098_r10_188_uai_GSCC_n200_roFalse_s0.csv
2026-02-02 16:17:32,389|INFO|random_mc2_n5_mid3_d1000_05_mr098_r10_44_uai_GSCC_n200_roFalse_s0: [0.0156,0.0340]	 64 runs	 rmse=0.00590	 T_learn=19523 ms. 	 T_infer=3143 ms.
2026-02-02 16:17:32,394|INFO|random_mc2_n5_mid3_d1000_05_mr098_r10_44_uai_GSCC_n200_roFalse_s0: Saving results to ../results/synthetic/s123/random_mc2_n5_mid3_d1000_05_mr098_r10_44_uai_GSCC_n200_roFalse_s0.csv
2026-02-02 16:17:32,444|INFO|random_mc2_n6_mid3_d1000_05_mr098_r10_28_uai_GSCC_n200_roFalse_s0: [0.4703,0.5473]	 59 runs	 rmse=0.10906	 T_learn=19225 ms. 	 T_infer=2992 ms.
2026-02-02 16:17:32,449|INFO|random_mc2_n6_mid3_d1000_05_mr098_r10_28_uai_GSCC_n200_roFalse_s0: Saving results to ../results/synthetic/s123/random_mc2_n6_mid3_d1000_05_mr098_r10_28_uai_GSCC_n200_roFalse_s0.csv
2026-02-02 16:17:32,480|INFO|random_mc2_n5_mid3_d1000_05_mr098_r10_137_uai_GSCC_n200_roFalse_s0: [0.3436,0.4020]	 57 runs	 rmse=0.03855	 T_learn=12806 ms. 	 T_infer=1726 ms.
2026-02-02 16:17:32,485|INFO|random_mc2_n5_mid3_d1000_05_mr098_r10_137_uai_GSCC_n200_roFalse_s0: Saving results to ../results/synthetic/s123/random_mc2_n5_mid3_d1000_05_mr098_r10_137_uai_GSCC_n200_roFalse_s0.csv
2026-02-02 16:17:32,601|INFO|random_mc2_n5_mid3_d1000_05_mr098_r10_195_uai_GSCC_n200_roFalse_s0: [0.0911,0.1949]	 69 runs	 rmse=0.16216	 T_learn=9774 ms. 	 T_infer=1137 ms.
2026-02-02 16:17:32,606|INFO|random_mc2_n5_mid3_d1000_05_mr098_r10_195_uai_GSCC_n200_roFalse_s0: Saving results to ../results/synthetic/s123/random_mc2_n5_mid3_d1000_05_mr098_r10_195_uai_GSCC_n200_roFalse_s0.csv
2026-02-02 16:17:32,611|INFO|random_mc2_n6_mid3_d1000_05_mr098_r10_144_uai_GSCC_n200_roTrue_s0: [0.0153,0.0222]	 32 runs	 rmse=0.01490	 T_learn=9451 ms. 	 T_infer=1605 ms.
2026-02-02 16:17:32,616|INFO|random_mc2_n6_mid3_d1000_05_mr098_r10_144_uai_GSCC_n200_roTrue_s0: Saving results to ../results/synthetic/s123/random_mc2_n6_mid3_d1000_05_mr098_r10_144_uai_GSCC_n200_roTrue_s0.csv
2026-02-02 16:17:32,684|INFO|random_mc2_n7_mid3_d1000_05_mr098_r10_6_uai_GSCC_n200_roFalse_s0: [0.0172,0.0172]	 1 runs	 rmse=0.02052	 T_learn=9648 ms. 	 T_infer=102 ms.
2026-02-02 16:17:32,694|INFO|random_mc2_n7_mid3_d1000_05_mr098_r10_6_uai_GSCC_n200_roFalse_s0: Saving results to ../results/synthetic/s123/random_mc2_n7_mid3_d1000_05_mr098_r10_6_uai_GSCC_n200_roFalse_s0.csv
2026-02-02 16:17:32,785|INFO|random_mc2_n5_mid3_d1000_05_mr098_r10_63_uai_GSCC_n200_roTrue_s0: [0.0281,0.1148]	 45 runs	 rmse=0.06215	 T_learn=5534 ms. 	 T_infer=631 ms.
2026-02-02 16:17:32,790|INFO|random_mc2_n5_mid3_d1000_05_mr098_r10_63_uai_GSCC_n200_roTrue_s0: Saving results to ../results/synthetic/s123/random_mc2_n5_mid3_d1000_05_mr098_r10_63_uai_GSCC_n200_roTrue_s0.csv
2026-02-02 16:17:32,812|INFO|random_mc2_n5_mid3_d1000_05_mr098_r10_190_uai_GSCC_n200_roTrue_s0: [0.0389,0.0746]	 54 runs	 rmse=0.07999	 T_learn=10706 ms. 	 T_infer=1424 ms.
2026-02-02 16:17:32,817|INFO|random_mc2_n5_mid3_d1000_05_mr098_r10_190_uai_GSCC_n200_roTrue_s0: Saving results to ../results/synthetic/s123/random_mc2_n5_mid3_d1000_05_mr098_r10_190_uai_GSCC_n200_roTrue_s0.csv
2026-02-02 16:17:32,908|INFO|random_mc2_n7_mid3_d1000_05_mr098_r10_65_uai_GSCC_n200_roTrue_s0: [0.1851,0.1990]	 7 runs	 rmse=0.03494	 T_learn=8165 ms. 	 T_infer=443 ms.
2026-02-02 16:17:32,912|INFO|random_mc2_n7_mid3_d1000_05_mr098_r10_65_uai_GSCC_n200_roTrue_s0: Saving results to ../results/synthetic/s123/random_mc2_n7_mid3_d1000_05_mr098_r10_65_uai_GSCC_n200_roTrue_s0.csv
2026-02-02 16:17:33,004|INFO|random_mc2_n7_mid3_d1000_05_mr098_r10_6_uai_GSCC_n200_roFalse_s0: [0.0172,0.0199]	 2 runs	 rmse=0.01913	 T_learn=9754 ms. 	 T_infer=203 ms.
2026-02-02 16:17:33,009|INFO|random_mc2_n7_mid3_d1000_05_mr098_r10_6_uai_GSCC_n200_roFalse_s0: Saving results to ../results/synthetic/s123/random_mc2_n7_mid3_d1000_05_mr098_r10_6_uai_GSCC_n200_roFalse_s0.csv
2026-02-02 16:17:33,017|INFO|random_mc2_n5_mid3_d1000_05_mr098_r10_102_uai_GSCC_n200_roTrue_s0: [0.3034,0.4164]	 82 runs	 rmse=0.07292	 T_learn=14676 ms. 	 T_infer=2040 ms.
2026-02-02 16:17:33,022|INFO|random_mc2_n5_mid3_d1000_05_mr098_r10_102_uai_GSCC_n200_roTrue_s0: Saving results to ../results/synthetic/s123/random_mc2_n5_mid3_d1000_05_mr098_r10_102_uai_GSCC_n200_roTrue_s0.csv
2026-02-02 16:17:33,122|INFO|random_mc2_n6_mid3_d1000_05_mr098_r10_169_uai_GSCC_n200_roFalse_s0: [0.0093,0.0314]	 82 runs	 rmse=0.01267	 T_learn=19704 ms. 	 T_infer=2459 ms.
2026-02-02 16:17:33,127|INFO|random_mc2_n6_mid3_d1000_05_mr098_r10_169_uai_GSCC_n200_roFalse_s0: Saving results to ../results/synthetic/s123/random_mc2_n6_mid3_d1000_05_mr098_r10_169_uai_GSCC_n200_roFalse_s0.csv
2026-02-02 16:17:33,291|INFO|random_mc2_n5_mid3_d1000_05_mr098_r10_188_uai_GSCC_n200_roFalse_s0: [0.0011,0.0117]	 35 runs	 rmse=0.03768	 T_learn=7294 ms. 	 T_infer=814 ms.
2026-02-02 16:17:33,298|INFO|random_mc2_n5_mid3_d1000_05_mr098_r10_188_uai_GSCC_n200_roFalse_s0: Saving results to ../results/synthetic/s123/random_mc2_n5_mid3_d1000_05_mr098_r10_188_uai_GSCC_n200_roFalse_s0.csv
2026-02-02 16:17:33,330|INFO|random_mc2_n5_mid3_d1000_05_mr098_r10_141_uai_GSCC_n200_roTrue_s0: [0.1082,0.1946]	 70 runs	 rmse=0.11245	 T_learn=20205 ms. 	 T_infer=2889 ms.
2026-02-02 16:17:33,335|INFO|random_mc2_n5_mid3_d1000_05_mr098_r10_141_uai_GSCC_n200_roTrue_s0: Saving results to ../results/synthetic/s123/random_mc2_n5_mid3_d1000_05_mr098_r10_141_uai_GSCC_n200_roTrue_s0.csv
2026-02-02 16:17:33,353|INFO|random_mc2_n6_mid3_d1000_05_mr098_r10_158_uai_GSCC_n200_roFalse_s0: [0.0241,0.0370]	 63 runs	 rmse=0.03651	 T_learn=12161 ms. 	 T_infer=1606 ms.
2026-02-02 16:17:33,359|INFO|random_mc2_n6_mid3_d1000_05_mr098_r10_158_uai_GSCC_n200_roFalse_s0: Saving results to ../results/synthetic/s123/random_mc2_n6_mid3_d1000_05_mr098_r10_158_uai_GSCC_n200_roFalse_s0.csv
2026-02-02 16:17:33,382|INFO|random_mc2_n5_mid3_d1000_05_mr098_r10_169_uai_GSCC_n200_roTrue_s0: [0.1389,0.2506]	 109 runs	 rmse=0.24940	 T_learn=11648 ms. 	 T_infer=1394 ms.
2026-02-02 16:17:33,389|INFO|random_mc2_n5_mid3_d1000_05_mr098_r10_169_uai_GSCC_n200_roTrue_s0: Saving results to ../results/synthetic/s123/random_mc2_n5_mid3_d1000_05_mr098_r10_169_uai_GSCC_n200_roTrue_s0.csv
2026-02-02 16:17:33,433|INFO|random_mc2_n7_mid3_d1000_05_mr098_r10_6_uai_GSCC_n200_roFalse_s0: [0.0172,0.0285]	 3 runs	 rmse=0.01715	 T_learn=9872 ms. 	 T_infer=306 ms.
2026-02-02 16:17:33,438|INFO|random_mc2_n7_mid3_d1000_05_mr098_r10_6_uai_GSCC_n200_roFalse_s0: Saving results to ../results/synthetic/s123/random_mc2_n7_mid3_d1000_05_mr098_r10_6_uai_GSCC_n200_roFalse_s0.csv
2026-02-02 16:17:33,502|INFO|random_mc2_n5_mid3_d1000_05_mr098_r10_63_uai_GSCC_n200_roTrue_s0: [0.0281,0.1148]	 46 runs	 rmse=0.06215	 T_learn=5603 ms. 	 T_infer=643 ms.
2026-02-02 16:17:33,507|INFO|random_mc2_n5_mid3_d1000_05_mr098_r10_63_uai_GSCC_n200_roTrue_s0: Saving results to ../results/synthetic/s123/random_mc2_n5_mid3_d1000_05_mr098_r10_63_uai_GSCC_n200_roTrue_s0.csv
2026-02-02 16:17:33,534|INFO|random_mc2_n7_mid3_d1000_05_mr098_r10_65_uai_GSCC_n200_roTrue_s0: [0.1851,0.1990]	 8 runs	 rmse=0.03494	 T_learn=8279 ms. 	 T_infer=507 ms.
2026-02-02 16:17:33,538|INFO|random_mc2_n7_mid3_d1000_05_mr098_r10_65_uai_GSCC_n200_roTrue_s0: Saving results to ../results/synthetic/s123/random_mc2_n7_mid3_d1000_05_mr098_r10_65_uai_GSCC_n200_roTrue_s0.csv
2026-02-02 16:17:33,864|INFO|random_mc2_n5_mid3_d1000_05_mr098_r10_31_uai_GSCC_n200_roTrue_s0: [0.0901,0.1291]	 78 runs	 rmse=0.15387	 T_learn=14418 ms. 	 T_infer=1706 ms.
2026-02-02 16:17:33,869|INFO|random_mc2_n5_mid3_d1000_05_mr098_r10_31_uai_GSCC_n200_roTrue_s0: Saving results to ../results/synthetic/s123/random_mc2_n5_mid3_d1000_05_mr098_r10_31_uai_GSCC_n200_roTrue_s0.csv
2026-02-02 16:17:33,880|INFO|random_mc2_n5_mid3_d1000_05_mr098_r10_195_uai_GSCC_n200_roFalse_s0: [0.0911,0.1949]	 70 runs	 rmse=0.16216	 T_learn=9898 ms. 	 T_infer=1149 ms.
2026-02-02 16:17:33,886|INFO|random_mc2_n5_mid3_d1000_05_mr098_r10_195_uai_GSCC_n200_roFalse_s0: Saving results to ../results/synthetic/s123/random_mc2_n5_mid3_d1000_05_mr098_r10_195_uai_GSCC_n200_roFalse_s0.csv
2026-02-02 16:17:33,974|INFO|random_mc2_n7_mid3_d1000_05_mr098_r10_6_uai_GSCC_n200_roFalse_s0: [0.0172,0.0285]	 4 runs	 rmse=0.01715	 T_learn=10002 ms. 	 T_infer=406 ms.
2026-02-02 16:17:33,978|INFO|random_mc2_n7_mid3_d1000_05_mr098_r10_6_uai_GSCC_n200_roFalse_s0: Saving results to ../results/synthetic/s123/random_mc2_n7_mid3_d1000_05_mr098_r10_6_uai_GSCC_n200_roFalse_s0.csv
2026-02-02 16:17:34,227|INFO|random_mc2_n5_mid3_d1000_05_mr098_r10_188_uai_GSCC_n200_roFalse_s0: [0.0011,0.0117]	 36 runs	 rmse=0.03768	 T_learn=7389 ms. 	 T_infer=834 ms.
2026-02-02 16:17:34,230|INFO|random_mc2_n7_mid3_d1000_05_mr098_r10_65_uai_GSCC_n200_roTrue_s0: [0.1914,0.1990]	 9 runs	 rmse=0.04093	 T_learn=8402 ms. 	 T_infer=568 ms.
2026-02-02 16:17:34,232|INFO|random_mc2_n5_mid3_d1000_05_mr098_r10_188_uai_GSCC_n200_roFalse_s0: Saving results to ../results/synthetic/s123/random_mc2_n5_mid3_d1000_05_mr098_r10_188_uai_GSCC_n200_roFalse_s0.csv
2026-02-02 16:17:34,234|INFO|random_mc2_n7_mid3_d1000_05_mr098_r10_65_uai_GSCC_n200_roTrue_s0: Saving results to ../results/synthetic/s123/random_mc2_n7_mid3_d1000_05_mr098_r10_65_uai_GSCC_n200_roTrue_s0.csv
2026-02-02 16:17:34,238|INFO|random_mc2_n5_mid3_d1000_05_mr098_r10_63_uai_GSCC_n200_roTrue_s0: [0.0281,0.1148]	 47 runs	 rmse=0.06215	 T_learn=5673 ms. 	 T_infer=661 ms.
2026-02-02 16:17:34,243|INFO|random_mc2_n5_mid3_d1000_05_mr098_r10_63_uai_GSCC_n200_roTrue_s0: Saving results to ../results/synthetic/s123/random_mc2_n5_mid3_d1000_05_mr098_r10_63_uai_GSCC_n200_roTrue_s0.csv
2026-02-02 16:17:34,428|INFO|random_mc2_n5_mid3_d1000_05_mr098_r10_190_uai_GSCC_n200_roTrue_s0: [0.0406,0.0746]	 55 runs	 rmse=0.08081	 T_learn=10865 ms. 	 T_infer=1452 ms.
2026-02-02 16:17:34,434|INFO|random_mc2_n5_mid3_d1000_05_mr098_r10_190_uai_GSCC_n200_roTrue_s0: Saving results to ../results/synthetic/s123/random_mc2_n5_mid3_d1000_05_mr098_r10_190_uai_GSCC_n200_roTrue_s0.csv
2026-02-02 16:17:34,469|INFO|random_mc2_n5_mid3_d1000_05_mr098_r10_137_uai_GSCC_n200_roFalse_s0: [0.3436,0.4020]	 58 runs	 rmse=0.03855	 T_learn=13041 ms. 	 T_infer=1749 ms.
2026-02-02 16:17:34,475|INFO|random_mc2_n5_mid3_d1000_05_mr098_r10_137_uai_GSCC_n200_roFalse_s0: Saving results to ../results/synthetic/s123/random_mc2_n5_mid3_d1000_05_mr098_r10_137_uai_GSCC_n200_roFalse_s0.csv
2026-02-02 16:17:34,491|INFO|random_mc2_n6_mid3_d1000_05_mr098_r10_144_uai_GSCC_n200_roTrue_s0: [0.0153,0.0222]	 33 runs	 rmse=0.01490	 T_learn=9666 ms. 	 T_infer=1659 ms.
2026-02-02 16:17:34,496|INFO|random_mc2_n6_mid3_d1000_05_mr098_r10_144_uai_GSCC_n200_roTrue_s0: Saving results to ../results/synthetic/s123/random_mc2_n6_mid3_d1000_05_mr098_r10_144_uai_GSCC_n200_roTrue_s0.csv
2026-02-02 16:17:34,627|INFO|random_mc2_n5_mid3_d1000_05_mr098_r10_74_uai_GSCC_n200_roTrue_s0: [0.3355,0.3798]	 36 runs	 rmse=0.15623	 T_learn=14940 ms. 	 T_infer=2845 ms.
2026-02-02 16:17:34,631|INFO|random_mc2_n7_mid3_d1000_05_mr098_r10_6_uai_GSCC_n200_roFalse_s0: [0.0133,0.0285]	 5 runs	 rmse=0.01325	 T_learn=10145 ms. 	 T_infer=510 ms.
2026-02-02 16:17:34,632|INFO|random_mc2_n5_mid3_d1000_05_mr098_r10_74_uai_GSCC_n200_roTrue_s0: Saving results to ../results/synthetic/s123/random_mc2_n5_mid3_d1000_05_mr098_r10_74_uai_GSCC_n200_roTrue_s0.csv
2026-02-02 16:17:34,635|INFO|random_mc2_n7_mid3_d1000_05_mr098_r10_6_uai_GSCC_n200_roFalse_s0: Saving results to ../results/synthetic/s123/random_mc2_n7_mid3_d1000_05_mr098_r10_6_uai_GSCC_n200_roFalse_s0.csv
2026-02-02 16:17:34,682|INFO|random_mc2_n5_mid3_d1000_05_mr098_r10_169_uai_GSCC_n200_roTrue_s0: [0.1389,0.2506]	 110 runs	 rmse=0.24940	 T_learn=11780 ms. 	 T_infer=1161 ms.
2026-02-02 16:17:34,688|INFO|random_mc2_n5_mid3_d1000_05_mr098_r10_169_uai_GSCC_n200_roTrue_s0: Saving results to ../results/synthetic/s123/random_mc2_n5_mid3_d1000_05_mr098_r10_169_uai_GSCC_n200_roTrue_s0.csv
2026-02-02 16:17:34,988|INFO|random_mc2_n5_mid3_d1000_05_mr098_r10_63_uai_GSCC_n200_roTrue_s0: [0.0281,0.1148]	 48 runs	 rmse=0.06215	 T_learn=5745 ms. 	 T_infer=673 ms.
2026-02-02 16:17:34,993|INFO|random_mc2_n5_mid3_d1000_05_mr098_r10_63_uai_GSCC_n200_roTrue_s0: Saving results to ../results/synthetic/s123/random_mc2_n5_mid3_d1000_05_mr098_r10_63_uai_GSCC_n200_roTrue_s0.csv
2026-02-02 16:17:34,998|INFO|random_mc2_n7_mid3_d1000_05_mr098_r10_65_uai_GSCC_n200_roTrue_s0: [0.1851,0.1990]	 10 runs	 rmse=0.03494	 T_learn=8530 ms. 	 T_infer=637 ms.
2026-02-02 16:17:35,002|INFO|random_mc2_n7_mid3_d1000_05_mr098_r10_65_uai_GSCC_n200_roTrue_s0: Saving results to ../results/synthetic/s123/random_mc2_n7_mid3_d1000_05_mr098_r10_65_uai_GSCC_n200_roTrue_s0.csv
2026-02-02 16:17:35,168|INFO|random_mc2_n6_mid3_d1000_05_mr098_r10_158_uai_GSCC_n200_roFalse_s0: [0.0241,0.0370]	 64 runs	 rmse=0.03651	 T_learn=12335 ms. 	 T_infer=1636 ms.
2026-02-02 16:17:35,174|INFO|random_mc2_n6_mid3_d1000_05_mr098_r10_158_uai_GSCC_n200_roFalse_s0: Saving results to ../results/synthetic/s123/random_mc2_n6_mid3_d1000_05_mr098_r10_158_uai_GSCC_n200_roFalse_s0.csv
2026-02-02 16:17:35,188|INFO|random_mc2_n5_mid3_d1000_05_mr098_r10_188_uai_GSCC_n200_roFalse_s0: [0.0011,0.0117]	 37 runs	 rmse=0.03768	 T_learn=7484 ms. 	 T_infer=861 ms.
2026-02-02 16:17:35,193|INFO|random_mc2_n5_mid3_d1000_05_mr098_r10_188_uai_GSCC_n200_roFalse_s0: Saving results to ../results/synthetic/s123/random_mc2_n5_mid3_d1000_05_mr098_r10_188_uai_GSCC_n200_roFalse_s0.csv
2026-02-02 16:17:35,245|INFO|random_mc2_n6_mid3_d1000_05_mr098_r10_72_uai_GSCC_n200_roTrue_s0: [0.0627,0.0977]	 64 runs	 rmse=0.04881	 T_learn=23515 ms. 	 T_infer=3096 ms.
2026-02-02 16:17:35,250|INFO|random_mc2_n6_mid3_d1000_05_mr098_r10_72_uai_GSCC_n200_roTrue_s0: Saving results to ../results/synthetic/s123/random_mc2_n6_mid3_d1000_05_mr098_r10_72_uai_GSCC_n200_roTrue_s0.csv
2026-02-02 16:17:35,286|INFO|random_mc2_n8_mid3_d1000_05_mr098_r10_28_uai_GSCC_n200_roFalse_s0: Loading model from ../models/synthetic/s123/random_mc2_n8_mid3_d1000_05_mr098_r10_28.uai
2026-02-02 16:17:35,293|INFO|random_mc2_n5_mid3_d1000_05_mr098_r10_102_uai_GSCC_n200_roTrue_s0: [0.3034,0.4164]	 83 runs	 rmse=0.07292	 T_learn=14874 ms. 	 T_infer=2073 ms.
2026-02-02 16:17:35,299|INFO|random_mc2_n5_mid3_d1000_05_mr098_r10_102_uai_GSCC_n200_roTrue_s0: Saving results to ../results/synthetic/s123/random_mc2_n5_mid3_d1000_05_mr098_r10_102_uai_GSCC_n200_roTrue_s0.csv
2026-02-02 16:17:35,327|INFO|random_mc2_n8_mid3_d1000_05_mr098_r10_153_uai_GSCC_n200_roTrue_s0: Loading model from ../models/synthetic/s123/random_mc2_n8_mid3_d1000_05_mr098_r10_153.uai
2026-02-02 16:17:35,329|INFO|random_mc2_n6_mid3_d1000_05_mr098_r10_101_uai_GSCC_n200_roFalse_s0: Loading model from ../models/synthetic/s123/random_mc2_n6_mid3_d1000_05_mr098_r10_101.uai
2026-02-02 16:17:35,329|INFO|random_mc2_n5_mid3_d1000_05_mr098_r10_195_uai_GSCC_n200_roFalse_s0: [0.0911,0.1949]	 71 runs	 rmse=0.16216	 T_learn=10023 ms. 	 T_infer=1319 ms.
2026-02-02 16:17:35,334|INFO|random_mc2_n5_mid3_d1000_05_mr098_r10_195_uai_GSCC_n200_roFalse_s0: Saving results to ../results/synthetic/s123/random_mc2_n5_mid3_d1000_05_mr098_r10_195_uai_GSCC_n200_roFalse_s0.csv
2026-02-02 16:17:35,351|INFO|random_mc2_n8_mid3_d1000_05_mr098_r10_153_uai_GSCC_n200_roTrue_s0: Loading data from ../models/synthetic/s123/random_mc2_n8_mid3_d1000_05_mr098_r10_153.csv
2026-02-02 16:17:35,357|ERROR|random_mc2_n8_mid3_d1000_05_mr098_r10_153_uai_GSCC_n200_roTrue_s0: File exists, not rewriting.
2026-02-02 16:17:35,339|INFO|random_mc2_n6_mid3_d1000_05_mr098_r10_101_uai_GSCC_n200_roFalse_s0: Loading data from ../models/synthetic/s123/random_mc2_n6_mid3_d1000_05_mr098_r10_101.csv
2026-02-02 16:17:35,345|ERROR|random_mc2_n6_mid3_d1000_05_mr098_r10_101_uai_GSCC_n200_roFalse_s0: File exists, not rewriting.
2026-02-02 16:17:35,405|INFO|random_mc2_n7_mid3_d1000_05_mr098_r10_6_uai_GSCC_n200_roFalse_s0: [0.0093,0.0285]	 6 runs	 rmse=0.00935	 T_learn=10299 ms. 	 T_infer=615 ms.
2026-02-02 16:17:35,409|INFO|random_mc2_n7_mid3_d1000_05_mr098_r10_6_uai_GSCC_n200_roFalse_s0: Saving results to ../results/synthetic/s123/random_mc2_n7_mid3_d1000_05_mr098_r10_6_uai_GSCC_n200_roFalse_s0.csv
2026-02-02 16:17:35,461|INFO|random_mc2_n6_mid3_d1000_05_mr098_r10_71_uai_GSCC_n200_roFalse_s0: [0.5153,0.6281]	 61 runs	 rmse=0.02577	 T_learn=21997 ms. 	 T_infer=3324 ms.
2026-02-02 16:17:35,466|INFO|random_mc2_n6_mid3_d1000_05_mr098_r10_71_uai_GSCC_n200_roFalse_s0: Saving results to ../results/synthetic/s123/random_mc2_n6_mid3_d1000_05_mr098_r10_71_uai_GSCC_n200_roFalse_s0.csv
2026-02-02 16:17:35,531|INFO|random_mc2_n8_mid3_d1000_05_mr098_r10_28_uai_GSCC_n200_roFalse_s0: Loading data from ../models/synthetic/s123/random_mc2_n8_mid3_d1000_05_mr098_r10_28.csv
2026-02-02 16:17:35,537|ERROR|random_mc2_n8_mid3_d1000_05_mr098_r10_28_uai_GSCC_n200_roFalse_s0: File exists, not rewriting.
2026-02-02 16:17:35,756|INFO|random_mc2_n5_mid3_d1000_05_mr098_r10_63_uai_GSCC_n200_roTrue_s0: [0.0281,0.1148]	 49 runs	 rmse=0.06215	 T_learn=5817 ms. 	 T_infer=691 ms.
2026-02-02 16:17:35,762|INFO|random_mc2_n5_mid3_d1000_05_mr098_r10_63_uai_GSCC_n200_roTrue_s0: Saving results to ../results/synthetic/s123/random_mc2_n5_mid3_d1000_05_mr098_r10_63_uai_GSCC_n200_roTrue_s0.csv
2026-02-02 16:17:35,823|INFO|random_mc2_n5_mid3_d1000_05_mr098_r10_31_uai_GSCC_n200_roTrue_s0: [0.0901,0.1291]	 79 runs	 rmse=0.15387	 T_learn=14631 ms. 	 T_infer=1741 ms.
2026-02-02 16:17:35,829|INFO|random_mc2_n5_mid3_d1000_05_mr098_r10_31_uai_GSCC_n200_roTrue_s0: Saving results to ../results/synthetic/s123/random_mc2_n5_mid3_d1000_05_mr098_r10_31_uai_GSCC_n200_roTrue_s0.csv
2026-02-02 16:17:35,845|INFO|random_mc2_n7_mid3_d1000_05_mr098_r10_65_uai_GSCC_n200_roTrue_s0: [0.1851,0.2007]	 11 runs	 rmse=0.03443	 T_learn=8664 ms. 	 T_infer=708 ms.
2026-02-02 16:17:35,849|INFO|random_mc2_n7_mid3_d1000_05_mr098_r10_65_uai_GSCC_n200_roTrue_s0: Saving results to ../results/synthetic/s123/random_mc2_n7_mid3_d1000_05_mr098_r10_65_uai_GSCC_n200_roTrue_s0.csv
2026-02-02 16:17:35,912|INFO|random_mc2_n6_mid3_d1000_05_mr098_r10_28_uai_GSCC_n200_roFalse_s0: [0.4568,0.5473]	 60 runs	 rmse=0.09558	 T_learn=19638 ms. 	 T_infer=3050 ms.
2026-02-02 16:17:35,913|INFO|random_mc2_n6_mid3_d1000_05_mr098_r10_169_uai_GSCC_n200_roFalse_s0: [0.0093,0.0314]	 83 runs	 rmse=0.01267	 T_learn=19976 ms. 	 T_infer=2515 ms.
2026-02-02 16:17:35,918|INFO|random_mc2_n6_mid3_d1000_05_mr098_r10_28_uai_GSCC_n200_roFalse_s0: Saving results to ../results/synthetic/s123/random_mc2_n6_mid3_d1000_05_mr098_r10_28_uai_GSCC_n200_roFalse_s0.csv
2026-02-02 16:17:35,920|INFO|random_mc2_n6_mid3_d1000_05_mr098_r10_169_uai_GSCC_n200_roFalse_s0: Saving results to ../results/synthetic/s123/random_mc2_n6_mid3_d1000_05_mr098_r10_169_uai_GSCC_n200_roFalse_s0.csv
2026-02-02 16:17:35,994|INFO|random_mc2_n5_mid3_d1000_05_mr098_r10_169_uai_GSCC_n200_roTrue_s0: [0.1389,0.2506]	 111 runs	 rmse=0.24940	 T_learn=11914 ms. 	 T_infer=1172 ms.
2026-02-02 16:17:36,001|INFO|random_mc2_n5_mid3_d1000_05_mr098_r10_169_uai_GSCC_n200_roTrue_s0: Saving results to ../results/synthetic/s123/random_mc2_n5_mid3_d1000_05_mr098_r10_169_uai_GSCC_n200_roTrue_s0.csv
2026-02-02 16:17:36,026|INFO|random_mc2_n5_mid3_d1000_05_mr098_r10_44_uai_GSCC_n200_roFalse_s0: [0.0156,0.0340]	 65 runs	 rmse=0.00590	 T_learn=19945 ms. 	 T_infer=3211 ms.
2026-02-02 16:17:36,031|INFO|random_mc2_n5_mid3_d1000_05_mr098_r10_44_uai_GSCC_n200_roFalse_s0: Saving results to ../results/synthetic/s123/random_mc2_n5_mid3_d1000_05_mr098_r10_44_uai_GSCC_n200_roFalse_s0.csv
2026-02-02 16:17:36,086|INFO|random_mc2_n5_mid3_d1000_05_mr098_r10_190_uai_GSCC_n200_roTrue_s0: [0.0406,0.0746]	 56 runs	 rmse=0.08081	 T_learn=11027 ms. 	 T_infer=1491 ms.
2026-02-02 16:17:36,091|INFO|random_mc2_n5_mid3_d1000_05_mr098_r10_190_uai_GSCC_n200_roTrue_s0: Saving results to ../results/synthetic/s123/random_mc2_n5_mid3_d1000_05_mr098_r10_190_uai_GSCC_n200_roTrue_s0.csv
2026-02-02 16:17:36,185|INFO|random_mc2_n5_mid3_d1000_05_mr098_r10_188_uai_GSCC_n200_roFalse_s0: [0.0011,0.0117]	 38 runs	 rmse=0.03768	 T_learn=7581 ms. 	 T_infer=894 ms.
2026-02-02 16:17:36,189|INFO|random_mc2_n5_mid3_d1000_05_mr098_r10_188_uai_GSCC_n200_roFalse_s0: Saving results to ../results/synthetic/s123/random_mc2_n5_mid3_d1000_05_mr098_r10_188_uai_GSCC_n200_roFalse_s0.csv
2026-02-02 16:17:36,293|INFO|random_mc2_n7_mid3_d1000_05_mr098_r10_6_uai_GSCC_n200_roFalse_s0: [0.0093,0.0285]	 7 runs	 rmse=0.00935	 T_learn=10467 ms. 	 T_infer=716 ms.
2026-02-02 16:17:36,297|INFO|random_mc2_n7_mid3_d1000_05_mr098_r10_6_uai_GSCC_n200_roFalse_s0: Saving results to ../results/synthetic/s123/random_mc2_n7_mid3_d1000_05_mr098_r10_6_uai_GSCC_n200_roFalse_s0.csv
2026-02-02 16:17:36,452|INFO|random_mc2_n6_mid3_d1000_05_mr098_r10_144_uai_GSCC_n200_roTrue_s0: [0.0153,0.0222]	 34 runs	 rmse=0.01490	 T_learn=9892 ms. 	 T_infer=1729 ms.
2026-02-02 16:17:36,456|INFO|random_mc2_n6_mid3_d1000_05_mr098_r10_144_uai_GSCC_n200_roTrue_s0: Saving results to ../results/synthetic/s123/random_mc2_n6_mid3_d1000_05_mr098_r10_144_uai_GSCC_n200_roTrue_s0.csv
2026-02-02 16:17:36,507|INFO|random_mc2_n5_mid3_d1000_05_mr098_r10_137_uai_GSCC_n200_roFalse_s0: [0.3436,0.4020]	 59 runs	 rmse=0.03855	 T_learn=13279 ms. 	 T_infer=1794 ms.
2026-02-02 16:17:36,513|INFO|random_mc2_n5_mid3_d1000_05_mr098_r10_137_uai_GSCC_n200_roFalse_s0: Saving results to ../results/synthetic/s123/random_mc2_n5_mid3_d1000_05_mr098_r10_137_uai_GSCC_n200_roFalse_s0.csv
2026-02-02 16:17:36,666|INFO|random_mc2_n5_mid3_d1000_05_mr098_r10_195_uai_GSCC_n200_roFalse_s0: [0.0911,0.1949]	 72 runs	 rmse=0.16216	 T_learn=10150 ms. 	 T_infer=1204 ms.
2026-02-02 16:17:36,671|INFO|random_mc2_n5_mid3_d1000_05_mr098_r10_195_uai_GSCC_n200_roFalse_s0: Saving results to ../results/synthetic/s123/random_mc2_n5_mid3_d1000_05_mr098_r10_195_uai_GSCC_n200_roFalse_s0.csv
2026-02-02 16:17:36,680|INFO|random_mc2_n5_mid3_d1000_05_mr098_r10_63_uai_GSCC_n200_roTrue_s0: [0.0281,0.1148]	 50 runs	 rmse=0.06215	 T_learn=5890 ms. 	 T_infer=844 ms.
2026-02-02 16:17:36,685|INFO|random_mc2_n5_mid3_d1000_05_mr098_r10_63_uai_GSCC_n200_roTrue_s0: Saving results to ../results/synthetic/s123/random_mc2_n5_mid3_d1000_05_mr098_r10_63_uai_GSCC_n200_roTrue_s0.csv
2026-02-02 16:17:36,759|INFO|random_mc2_n7_mid3_d1000_05_mr098_r10_65_uai_GSCC_n200_roTrue_s0: [0.1851,0.2055]	 12 runs	 rmse=0.03341	 T_learn=8809 ms. 	 T_infer=765 ms.
2026-02-02 16:17:36,764|INFO|random_mc2_n7_mid3_d1000_05_mr098_r10_65_uai_GSCC_n200_roTrue_s0: Saving results to ../results/synthetic/s123/random_mc2_n7_mid3_d1000_05_mr098_r10_65_uai_GSCC_n200_roTrue_s0.csv
2026-02-02 16:17:36,772|INFO|random_mc2_n5_mid3_d1000_05_mr098_r10_141_uai_GSCC_n200_roTrue_s0: [0.1082,0.1946]	 71 runs	 rmse=0.11245	 T_learn=20582 ms. 	 T_infer=3060 ms.
2026-02-02 16:17:36,778|INFO|random_mc2_n5_mid3_d1000_05_mr098_r10_141_uai_GSCC_n200_roTrue_s0: Saving results to ../results/synthetic/s123/random_mc2_n5_mid3_d1000_05_mr098_r10_141_uai_GSCC_n200_roTrue_s0.csv
2026-02-02 16:17:37,033|INFO|random_mc2_n6_mid3_d1000_05_mr098_r10_158_uai_GSCC_n200_roFalse_s0: [0.0241,0.0370]	 65 runs	 rmse=0.03651	 T_learn=12512 ms. 	 T_infer=1682 ms.
2026-02-02 16:17:37,038|INFO|random_mc2_n6_mid3_d1000_05_mr098_r10_158_uai_GSCC_n200_roFalse_s0: Saving results to ../results/synthetic/s123/random_mc2_n6_mid3_d1000_05_mr098_r10_158_uai_GSCC_n200_roFalse_s0.csv
2026-02-02 16:17:37,198|INFO|random_mc2_n5_mid3_d1000_05_mr098_r10_188_uai_GSCC_n200_roFalse_s0: [0.0011,0.0117]	 39 runs	 rmse=0.03768	 T_learn=7680 ms. 	 T_infer=910 ms.
2026-02-02 16:17:37,202|INFO|random_mc2_n5_mid3_d1000_05_mr098_r10_188_uai_GSCC_n200_roFalse_s0: Saving results to ../results/synthetic/s123/random_mc2_n5_mid3_d1000_05_mr098_r10_188_uai_GSCC_n200_roFalse_s0.csv
2026-02-02 16:17:37,288|INFO|random_mc2_n7_mid3_d1000_05_mr098_r10_6_uai_GSCC_n200_roFalse_s0: [0.0093,0.0285]	 8 runs	 rmse=0.00935	 T_learn=10646 ms. 	 T_infer=812 ms.
2026-02-02 16:17:37,292|INFO|random_mc2_n7_mid3_d1000_05_mr098_r10_6_uai_GSCC_n200_roFalse_s0: Saving results to ../results/synthetic/s123/random_mc2_n7_mid3_d1000_05_mr098_r10_6_uai_GSCC_n200_roFalse_s0.csv
2026-02-02 16:17:37,317|INFO|random_mc2_n5_mid3_d1000_05_mr098_r10_169_uai_GSCC_n200_roTrue_s0: [0.1389,0.2506]	 112 runs	 rmse=0.24940	 T_learn=12048 ms. 	 T_infer=1182 ms.
2026-02-02 16:17:37,323|INFO|random_mc2_n5_mid3_d1000_05_mr098_r10_169_uai_GSCC_n200_roTrue_s0: Saving results to ../results/synthetic/s123/random_mc2_n5_mid3_d1000_05_mr098_r10_169_uai_GSCC_n200_roTrue_s0.csv
2026-02-02 16:17:37,468|INFO|random_mc2_n5_mid3_d1000_05_mr098_r10_63_uai_GSCC_n200_roTrue_s0: [0.0281,0.1148]	 51 runs	 rmse=0.06215	 T_learn=5964 ms. 	 T_infer=710 ms.
2026-02-02 16:17:37,472|INFO|random_mc2_n5_mid3_d1000_05_mr098_r10_63_uai_GSCC_n200_roTrue_s0: Saving results to ../results/synthetic/s123/random_mc2_n5_mid3_d1000_05_mr098_r10_63_uai_GSCC_n200_roTrue_s0.csv
2026-02-02 16:17:37,728|INFO|random_mc2_n5_mid3_d1000_05_mr098_r10_102_uai_GSCC_n200_roTrue_s0: [0.3034,0.4164]	 84 runs	 rmse=0.07292	 T_learn=15078 ms. 	 T_infer=2226 ms.
2026-02-02 16:17:37,735|INFO|random_mc2_n5_mid3_d1000_05_mr098_r10_102_uai_GSCC_n200_roTrue_s0: Saving results to ../results/synthetic/s123/random_mc2_n5_mid3_d1000_05_mr098_r10_102_uai_GSCC_n200_roTrue_s0.csv
2026-02-02 16:17:37,740|INFO|random_mc2_n7_mid3_d1000_05_mr098_r10_65_uai_GSCC_n200_roTrue_s0: [0.1851,0.2055]	 13 runs	 rmse=0.03341	 T_learn=8955 ms. 	 T_infer=829 ms.
2026-02-02 16:17:37,744|INFO|random_mc2_n7_mid3_d1000_05_mr098_r10_65_uai_GSCC_n200_roTrue_s0: Saving results to ../results/synthetic/s123/random_mc2_n7_mid3_d1000_05_mr098_r10_65_uai_GSCC_n200_roTrue_s0.csv
2026-02-02 16:17:37,770|INFO|random_mc2_n5_mid3_d1000_05_mr098_r10_190_uai_GSCC_n200_roTrue_s0: [0.0427,0.0746]	 57 runs	 rmse=0.08187	 T_learn=11192 ms. 	 T_infer=1513 ms.
2026-02-02 16:17:37,775|INFO|random_mc2_n5_mid3_d1000_05_mr098_r10_190_uai_GSCC_n200_roTrue_s0: Saving results to ../results/synthetic/s123/random_mc2_n5_mid3_d1000_05_mr098_r10_190_uai_GSCC_n200_roTrue_s0.csv
2026-02-02 16:17:37,799|INFO|random_mc2_n5_mid3_d1000_05_mr098_r10_31_uai_GSCC_n200_roTrue_s0: [0.0901,0.1368]	 80 runs	 rmse=0.14761	 T_learn=14849 ms. 	 T_infer=1752 ms.
2026-02-02 16:17:37,804|INFO|random_mc2_n5_mid3_d1000_05_mr098_r10_31_uai_GSCC_n200_roTrue_s0: Saving results to ../results/synthetic/s123/random_mc2_n5_mid3_d1000_05_mr098_r10_31_uai_GSCC_n200_roTrue_s0.csv
2026-02-02 16:17:37,976|INFO|random_mc2_n5_mid3_d1000_05_mr098_r10_74_uai_GSCC_n200_roTrue_s0: [0.3355,0.3798]	 37 runs	 rmse=0.15623	 T_learn=15344 ms. 	 T_infer=2940 ms.
2026-02-02 16:17:37,982|INFO|random_mc2_n5_mid3_d1000_05_mr098_r10_74_uai_GSCC_n200_roTrue_s0: Saving results to ../results/synthetic/s123/random_mc2_n5_mid3_d1000_05_mr098_r10_74_uai_GSCC_n200_roTrue_s0.csv
2026-02-02 16:17:37,997|INFO|random_mc2_n5_mid3_d1000_05_mr098_r10_195_uai_GSCC_n200_roFalse_s0: [0.0911,0.1949]	 73 runs	 rmse=0.16216	 T_learn=10277 ms. 	 T_infer=1199 ms.
2026-02-02 16:17:38,002|INFO|random_mc2_n5_mid3_d1000_05_mr098_r10_195_uai_GSCC_n200_roFalse_s0: Saving results to ../results/synthetic/s123/random_mc2_n5_mid3_d1000_05_mr098_r10_195_uai_GSCC_n200_roFalse_s0.csv
2026-02-02 16:17:38,233|INFO|random_mc2_n5_mid3_d1000_05_mr098_r10_188_uai_GSCC_n200_roFalse_s0: [0.0011,0.0117]	 40 runs	 rmse=0.03768	 T_learn=7779 ms. 	 T_infer=931 ms.
2026-02-02 16:17:38,237|INFO|random_mc2_n5_mid3_d1000_05_mr098_r10_188_uai_GSCC_n200_roFalse_s0: Saving results to ../results/synthetic/s123/random_mc2_n5_mid3_d1000_05_mr098_r10_188_uai_GSCC_n200_roFalse_s0.csv
2026-02-02 16:17:38,279|INFO|random_mc2_n5_mid3_d1000_05_mr098_r10_63_uai_GSCC_n200_roTrue_s0: [0.0281,0.1148]	 52 runs	 rmse=0.06215	 T_learn=6040 ms. 	 T_infer=729 ms.
2026-02-02 16:17:38,283|INFO|random_mc2_n5_mid3_d1000_05_mr098_r10_63_uai_GSCC_n200_roTrue_s0: Saving results to ../results/synthetic/s123/random_mc2_n5_mid3_d1000_05_mr098_r10_63_uai_GSCC_n200_roTrue_s0.csv
2026-02-02 16:17:38,401|INFO|random_mc2_n7_mid3_d1000_05_mr098_r10_6_uai_GSCC_n200_roFalse_s0: [0.0093,0.0285]	 9 runs	 rmse=0.00935	 T_learn=10837 ms. 	 T_infer=918 ms.
2026-02-02 16:17:38,405|INFO|random_mc2_n7_mid3_d1000_05_mr098_r10_6_uai_GSCC_n200_roFalse_s0: Saving results to ../results/synthetic/s123/random_mc2_n7_mid3_d1000_05_mr098_r10_6_uai_GSCC_n200_roFalse_s0.csv
2026-02-02 16:17:38,449|INFO|random_mc2_n6_mid3_d1000_05_mr098_r10_144_uai_GSCC_n200_roTrue_s0: [0.0153,0.0222]	 35 runs	 rmse=0.01490	 T_learn=10121 ms. 	 T_infer=1764 ms.
2026-02-02 16:17:38,454|INFO|random_mc2_n6_mid3_d1000_05_mr098_r10_144_uai_GSCC_n200_roTrue_s0: Saving results to ../results/synthetic/s123/random_mc2_n6_mid3_d1000_05_mr098_r10_144_uai_GSCC_n200_roTrue_s0.csv
2026-02-02 16:17:38,647|INFO|random_mc2_n5_mid3_d1000_05_mr098_r10_169_uai_GSCC_n200_roTrue_s0: [0.1389,0.2506]	 113 runs	 rmse=0.24940	 T_learn=12183 ms. 	 T_infer=1190 ms.
2026-02-02 16:17:38,653|INFO|random_mc2_n5_mid3_d1000_05_mr098_r10_169_uai_GSCC_n200_roTrue_s0: Saving results to ../results/synthetic/s123/random_mc2_n5_mid3_d1000_05_mr098_r10_169_uai_GSCC_n200_roTrue_s0.csv
2026-02-02 16:17:38,689|INFO|random_mc2_n5_mid3_d1000_05_mr098_r10_137_uai_GSCC_n200_roFalse_s0: [0.3436,0.4020]	 60 runs	 rmse=0.03855	 T_learn=13521 ms. 	 T_infer=1934 ms.
2026-02-02 16:17:38,694|INFO|random_mc2_n5_mid3_d1000_05_mr098_r10_137_uai_GSCC_n200_roFalse_s0: Saving results to ../results/synthetic/s123/random_mc2_n5_mid3_d1000_05_mr098_r10_137_uai_GSCC_n200_roFalse_s0.csv
2026-02-02 16:17:38,785|INFO|random_mc2_n7_mid3_d1000_05_mr098_r10_65_uai_GSCC_n200_roTrue_s0: [0.1851,0.2055]	 14 runs	 rmse=0.03341	 T_learn=9108 ms. 	 T_infer=888 ms.
2026-02-02 16:17:38,790|INFO|random_mc2_n7_mid3_d1000_05_mr098_r10_65_uai_GSCC_n200_roTrue_s0: Saving results to ../results/synthetic/s123/random_mc2_n7_mid3_d1000_05_mr098_r10_65_uai_GSCC_n200_roTrue_s0.csv
2026-02-02 16:17:38,838|INFO|random_mc2_n6_mid3_d1000_05_mr098_r10_72_uai_GSCC_n200_roTrue_s0: [0.0627,0.0977]	 65 runs	 rmse=0.04881	 T_learn=23947 ms. 	 T_infer=3155 ms.
2026-02-02 16:17:38,843|INFO|random_mc2_n6_mid3_d1000_05_mr098_r10_72_uai_GSCC_n200_roTrue_s0: Saving results to ../results/synthetic/s123/random_mc2_n6_mid3_d1000_05_mr098_r10_72_uai_GSCC_n200_roTrue_s0.csv
2026-02-02 16:17:38,859|INFO|random_mc2_n6_mid3_d1000_05_mr098_r10_169_uai_GSCC_n200_roFalse_s0: [0.0093,0.0314]	 84 runs	 rmse=0.01267	 T_learn=20254 ms. 	 T_infer=2662 ms.
2026-02-02 16:17:38,865|INFO|random_mc2_n6_mid3_d1000_05_mr098_r10_169_uai_GSCC_n200_roFalse_s0: Saving results to ../results/synthetic/s123/random_mc2_n6_mid3_d1000_05_mr098_r10_169_uai_GSCC_n200_roFalse_s0.csv
2026-02-02 16:17:39,032|INFO|random_mc2_n6_mid3_d1000_05_mr098_r10_158_uai_GSCC_n200_roFalse_s0: [0.0241,0.0370]	 66 runs	 rmse=0.03651	 T_learn=12689 ms. 	 T_infer=1817 ms.
2026-02-02 16:17:39,037|INFO|random_mc2_n6_mid3_d1000_05_mr098_r10_158_uai_GSCC_n200_roFalse_s0: Saving results to ../results/synthetic/s123/random_mc2_n6_mid3_d1000_05_mr098_r10_158_uai_GSCC_n200_roFalse_s0.csv
2026-02-02 16:17:39,098|INFO|random_mc2_n5_mid3_d1000_05_mr098_r10_63_uai_GSCC_n200_roTrue_s0: [0.0281,0.1148]	 53 runs	 rmse=0.06215	 T_learn=6116 ms. 	 T_infer=739 ms.
2026-02-02 16:17:39,103|INFO|random_mc2_n5_mid3_d1000_05_mr098_r10_63_uai_GSCC_n200_roTrue_s0: Saving results to ../results/synthetic/s123/random_mc2_n5_mid3_d1000_05_mr098_r10_63_uai_GSCC_n200_roTrue_s0.csv
2026-02-02 16:17:39,287|INFO|random_mc2_n5_mid3_d1000_05_mr098_r10_188_uai_GSCC_n200_roFalse_s0: [0.0011,0.0117]	 41 runs	 rmse=0.03768	 T_learn=7880 ms. 	 T_infer=949 ms.
2026-02-02 16:17:39,292|INFO|random_mc2_n5_mid3_d1000_05_mr098_r10_188_uai_GSCC_n200_roFalse_s0: Saving results to ../results/synthetic/s123/random_mc2_n5_mid3_d1000_05_mr098_r10_188_uai_GSCC_n200_roFalse_s0.csv
2026-02-02 16:17:39,305|INFO|random_mc2_n6_mid3_d1000_05_mr098_r10_71_uai_GSCC_n200_roFalse_s0: [0.5153,0.6281]	 62 runs	 rmse=0.02577	 T_learn=22465 ms. 	 T_infer=3372 ms.
2026-02-02 16:17:39,310|INFO|random_mc2_n6_mid3_d1000_05_mr098_r10_71_uai_GSCC_n200_roFalse_s0: Saving results to ../results/synthetic/s123/random_mc2_n6_mid3_d1000_05_mr098_r10_71_uai_GSCC_n200_roFalse_s0.csv
2026-02-02 16:17:39,347|INFO|random_mc2_n5_mid3_d1000_05_mr098_r10_195_uai_GSCC_n200_roFalse_s0: [0.0911,0.1949]	 74 runs	 rmse=0.16216	 T_learn=10407 ms. 	 T_infer=1215 ms.
2026-02-02 16:17:39,352|INFO|random_mc2_n5_mid3_d1000_05_mr098_r10_195_uai_GSCC_n200_roFalse_s0: Saving results to ../results/synthetic/s123/random_mc2_n5_mid3_d1000_05_mr098_r10_195_uai_GSCC_n200_roFalse_s0.csv
2026-02-02 16:17:39,436|INFO|random_mc2_n6_mid3_d1000_05_mr098_r10_28_uai_GSCC_n200_roFalse_s0: [0.4568,0.5473]	 61 runs	 rmse=0.09558	 T_learn=20059 ms. 	 T_infer=3097 ms.
2026-02-02 16:17:39,441|INFO|random_mc2_n6_mid3_d1000_05_mr098_r10_28_uai_GSCC_n200_roFalse_s0: Saving results to ../results/synthetic/s123/random_mc2_n6_mid3_d1000_05_mr098_r10_28_uai_GSCC_n200_roFalse_s0.csv
2026-02-02 16:17:39,480|INFO|random_mc2_n5_mid3_d1000_05_mr098_r10_190_uai_GSCC_n200_roTrue_s0: [0.0427,0.0746]	 58 runs	 rmse=0.08187	 T_learn=11360 ms. 	 T_infer=1537 ms.
2026-02-02 16:17:39,484|INFO|random_mc2_n5_mid3_d1000_05_mr098_r10_190_uai_GSCC_n200_roTrue_s0: Saving results to ../results/synthetic/s123/random_mc2_n5_mid3_d1000_05_mr098_r10_190_uai_GSCC_n200_roTrue_s0.csv
2026-02-02 16:17:39,622|INFO|random_mc2_n7_mid3_d1000_05_mr098_r10_6_uai_GSCC_n200_roFalse_s0: [0.0093,0.0285]	 10 runs	 rmse=0.00935	 T_learn=11039 ms. 	 T_infer=1016 ms.
2026-02-02 16:17:39,626|INFO|random_mc2_n7_mid3_d1000_05_mr098_r10_6_uai_GSCC_n200_roFalse_s0: Saving results to ../results/synthetic/s123/random_mc2_n7_mid3_d1000_05_mr098_r10_6_uai_GSCC_n200_roFalse_s0.csv
2026-02-02 16:17:39,799|INFO|random_mc2_n5_mid3_d1000_05_mr098_r10_31_uai_GSCC_n200_roTrue_s0: [0.0901,0.1399]	 81 runs	 rmse=0.14507	 T_learn=15067 ms. 	 T_infer=1777 ms.
2026-02-02 16:17:39,805|INFO|random_mc2_n5_mid3_d1000_05_mr098_r10_31_uai_GSCC_n200_roTrue_s0: Saving results to ../results/synthetic/s123/random_mc2_n5_mid3_d1000_05_mr098_r10_31_uai_GSCC_n200_roTrue_s0.csv
2026-02-02 16:17:39,861|INFO|random_mc2_n5_mid3_d1000_05_mr098_r10_44_uai_GSCC_n200_roFalse_s0: [0.0156,0.0340]	 66 runs	 rmse=0.00590	 T_learn=20374 ms. 	 T_infer=3400 ms.
2026-02-02 16:17:39,867|INFO|random_mc2_n5_mid3_d1000_05_mr098_r10_44_uai_GSCC_n200_roFalse_s0: Saving results to ../results/synthetic/s123/random_mc2_n5_mid3_d1000_05_mr098_r10_44_uai_GSCC_n200_roFalse_s0.csv
2026-02-02 16:17:39,906|INFO|random_mc2_n7_mid3_d1000_05_mr098_r10_65_uai_GSCC_n200_roTrue_s0: [0.1851,0.2055]	 15 runs	 rmse=0.03341	 T_learn=9268 ms. 	 T_infer=957 ms.
2026-02-02 16:17:39,910|INFO|random_mc2_n7_mid3_d1000_05_mr098_r10_65_uai_GSCC_n200_roTrue_s0: Saving results to ../results/synthetic/s123/random_mc2_n7_mid3_d1000_05_mr098_r10_65_uai_GSCC_n200_roTrue_s0.csv
2026-02-02 16:17:39,940|INFO|random_mc2_n5_mid3_d1000_05_mr098_r10_63_uai_GSCC_n200_roTrue_s0: [0.0281,0.1148]	 54 runs	 rmse=0.06215	 T_learn=6193 ms. 	 T_infer=760 ms.
2026-02-02 16:17:39,945|INFO|random_mc2_n5_mid3_d1000_05_mr098_r10_63_uai_GSCC_n200_roTrue_s0: Saving results to ../results/synthetic/s123/random_mc2_n5_mid3_d1000_05_mr098_r10_63_uai_GSCC_n200_roTrue_s0.csv
2026-02-02 16:17:40,057|INFO|random_mc2_n5_mid3_d1000_05_mr098_r10_102_uai_GSCC_n200_roTrue_s0: [0.3034,0.4164]	 85 runs	 rmse=0.07292	 T_learn=15282 ms. 	 T_infer=2118 ms.
2026-02-02 16:17:40,096|INFO|random_mc2_n5_mid3_d1000_05_mr098_r10_102_uai_GSCC_n200_roTrue_s0: Saving results to ../results/synthetic/s123/random_mc2_n5_mid3_d1000_05_mr098_r10_102_uai_GSCC_n200_roTrue_s0.csv
2026-02-02 16:17:40,128|INFO|random_mc2_n5_mid3_d1000_05_mr098_r10_141_uai_GSCC_n200_roTrue_s0: [0.1082,0.1946]	 72 runs	 rmse=0.11245	 T_learn=20961 ms. 	 T_infer=2971 ms.
2026-02-02 16:17:40,134|INFO|random_mc2_n5_mid3_d1000_05_mr098_r10_141_uai_GSCC_n200_roTrue_s0: Saving results to ../results/synthetic/s123/random_mc2_n5_mid3_d1000_05_mr098_r10_141_uai_GSCC_n200_roTrue_s0.csv
2026-02-02 16:17:40,226|INFO|random_mc2_n5_mid3_d1000_05_mr098_r10_169_uai_GSCC_n200_roTrue_s0: [0.1389,0.2506]	 114 runs	 rmse=0.24940	 T_learn=12319 ms. 	 T_infer=1437 ms.
2026-02-02 16:17:40,234|INFO|random_mc2_n5_mid3_d1000_05_mr098_r10_169_uai_GSCC_n200_roTrue_s0: Saving results to ../results/synthetic/s123/random_mc2_n5_mid3_d1000_05_mr098_r10_169_uai_GSCC_n200_roTrue_s0.csv
2026-02-02 16:17:40,496|INFO|random_mc2_n6_mid3_d1000_05_mr098_r10_144_uai_GSCC_n200_roTrue_s0: [0.0153,0.0222]	 36 runs	 rmse=0.01490	 T_learn=10351 ms. 	 T_infer=1812 ms.
2026-02-02 16:17:40,500|INFO|random_mc2_n6_mid3_d1000_05_mr098_r10_144_uai_GSCC_n200_roTrue_s0: Saving results to ../results/synthetic/s123/random_mc2_n6_mid3_d1000_05_mr098_r10_144_uai_GSCC_n200_roTrue_s0.csv
2026-02-02 16:17:40,509|INFO|random_mc2_n5_mid3_d1000_05_mr098_r10_188_uai_GSCC_n200_roFalse_s0: [0.0011,0.0117]	 42 runs	 rmse=0.03768	 T_learn=7983 ms. 	 T_infer=1114 ms.
2026-02-02 16:17:40,515|INFO|random_mc2_n5_mid3_d1000_05_mr098_r10_188_uai_GSCC_n200_roFalse_s0: Saving results to ../results/synthetic/s123/random_mc2_n5_mid3_d1000_05_mr098_r10_188_uai_GSCC_n200_roFalse_s0.csv
2026-02-02 16:17:40,721|INFO|random_mc2_n5_mid3_d1000_05_mr098_r10_195_uai_GSCC_n200_roFalse_s0: [0.0911,0.1949]	 75 runs	 rmse=0.16216	 T_learn=10539 ms. 	 T_infer=1237 ms.
2026-02-02 16:17:40,725|INFO|random_mc2_n5_mid3_d1000_05_mr098_r10_195_uai_GSCC_n200_roFalse_s0: Saving results to ../results/synthetic/s123/random_mc2_n5_mid3_d1000_05_mr098_r10_195_uai_GSCC_n200_roFalse_s0.csv
2026-02-02 16:17:40,779|INFO|random_mc2_n5_mid3_d1000_05_mr098_r10_137_uai_GSCC_n200_roFalse_s0: [0.3436,0.4020]	 61 runs	 rmse=0.03855	 T_learn=13765 ms. 	 T_infer=1841 ms.
2026-02-02 16:17:40,784|INFO|random_mc2_n5_mid3_d1000_05_mr098_r10_137_uai_GSCC_n200_roFalse_s0: Saving results to ../results/synthetic/s123/random_mc2_n5_mid3_d1000_05_mr098_r10_137_uai_GSCC_n200_roFalse_s0.csv
2026-02-02 16:17:40,795|INFO|random_mc2_n5_mid3_d1000_05_mr098_r10_63_uai_GSCC_n200_roTrue_s0: [0.0281,0.1148]	 55 runs	 rmse=0.06215	 T_learn=6271 ms. 	 T_infer=772 ms.
2026-02-02 16:17:40,800|INFO|random_mc2_n5_mid3_d1000_05_mr098_r10_63_uai_GSCC_n200_roTrue_s0: Saving results to ../results/synthetic/s123/random_mc2_n5_mid3_d1000_05_mr098_r10_63_uai_GSCC_n200_roTrue_s0.csv
2026-02-02 16:17:40,927|INFO|random_mc2_n6_mid3_d1000_05_mr098_r10_158_uai_GSCC_n200_roFalse_s0: [0.0241,0.0370]	 67 runs	 rmse=0.03651	 T_learn=12869 ms. 	 T_infer=1710 ms.
2026-02-02 16:17:40,933|INFO|random_mc2_n6_mid3_d1000_05_mr098_r10_158_uai_GSCC_n200_roFalse_s0: Saving results to ../results/synthetic/s123/random_mc2_n6_mid3_d1000_05_mr098_r10_158_uai_GSCC_n200_roFalse_s0.csv
2026-02-02 16:17:40,956|INFO|random_mc2_n7_mid3_d1000_05_mr098_r10_6_uai_GSCC_n200_roFalse_s0: [0.0093,0.0285]	 11 runs	 rmse=0.00935	 T_learn=11253 ms. 	 T_infer=1114 ms.
2026-02-02 16:17:40,960|INFO|random_mc2_n7_mid3_d1000_05_mr098_r10_6_uai_GSCC_n200_roFalse_s0: Saving results to ../results/synthetic/s123/random_mc2_n7_mid3_d1000_05_mr098_r10_6_uai_GSCC_n200_roFalse_s0.csv
2026-02-02 16:17:41,090|INFO|random_mc2_n7_mid3_d1000_05_mr098_r10_65_uai_GSCC_n200_roTrue_s0: [0.1851,0.2055]	 16 runs	 rmse=0.03341	 T_learn=9434 ms. 	 T_infer=1013 ms.
2026-02-02 16:17:41,094|INFO|random_mc2_n7_mid3_d1000_05_mr098_r10_65_uai_GSCC_n200_roTrue_s0: Saving results to ../results/synthetic/s123/random_mc2_n7_mid3_d1000_05_mr098_r10_65_uai_GSCC_n200_roTrue_s0.csv
2026-02-02 16:17:41,218|INFO|random_mc2_n5_mid3_d1000_05_mr098_r10_190_uai_GSCC_n200_roTrue_s0: [0.0427,0.0746]	 59 runs	 rmse=0.08187	 T_learn=11530 ms. 	 T_infer=1564 ms.
2026-02-02 16:17:41,223|INFO|random_mc2_n5_mid3_d1000_05_mr098_r10_190_uai_GSCC_n200_roTrue_s0: Saving results to ../results/synthetic/s123/random_mc2_n5_mid3_d1000_05_mr098_r10_190_uai_GSCC_n200_roTrue_s0.csv
2026-02-02 16:17:41,397|INFO|random_mc2_n5_mid3_d1000_05_mr098_r10_74_uai_GSCC_n200_roTrue_s0: [0.3231,0.3869]	 38 runs	 rmse=0.14327	 T_learn=15757 ms. 	 T_infer=3003 ms.
2026-02-02 16:17:41,402|INFO|random_mc2_n5_mid3_d1000_05_mr098_r10_74_uai_GSCC_n200_roTrue_s0: Saving results to ../results/synthetic/s123/random_mc2_n5_mid3_d1000_05_mr098_r10_74_uai_GSCC_n200_roTrue_s0.csv
2026-02-02 16:17:41,583|INFO|random_mc2_n5_mid3_d1000_05_mr098_r10_169_uai_GSCC_n200_roTrue_s0: [0.1389,0.2506]	 115 runs	 rmse=0.24940	 T_learn=12456 ms. 	 T_infer=1211 ms.
2026-02-02 16:17:41,590|INFO|random_mc2_n5_mid3_d1000_05_mr098_r10_169_uai_GSCC_n200_roTrue_s0: Saving results to ../results/synthetic/s123/random_mc2_n5_mid3_d1000_05_mr098_r10_169_uai_GSCC_n200_roTrue_s0.csv
2026-02-02 16:17:41,614|INFO|random_mc2_n5_mid3_d1000_05_mr098_r10_188_uai_GSCC_n200_roFalse_s0: [0.0011,0.0117]	 43 runs	 rmse=0.03768	 T_learn=8087 ms. 	 T_infer=994 ms.
2026-02-02 16:17:41,623|INFO|random_mc2_n5_mid3_d1000_05_mr098_r10_188_uai_GSCC_n200_roFalse_s0: Saving results to ../results/synthetic/s123/random_mc2_n5_mid3_d1000_05_mr098_r10_188_uai_GSCC_n200_roFalse_s0.csv
2026-02-02 16:17:41,662|INFO|random_mc2_n5_mid3_d1000_05_mr098_r10_63_uai_GSCC_n200_roTrue_s0: [0.0281,0.1148]	 56 runs	 rmse=0.06215	 T_learn=6350 ms. 	 T_infer=784 ms.
2026-02-02 16:17:41,668|INFO|random_mc2_n5_mid3_d1000_05_mr098_r10_63_uai_GSCC_n200_roTrue_s0: Saving results to ../results/synthetic/s123/random_mc2_n5_mid3_d1000_05_mr098_r10_63_uai_GSCC_n200_roTrue_s0.csv
2026-02-02 16:17:41,694|INFO|random_mc2_n6_mid3_d1000_05_mr098_r10_169_uai_GSCC_n200_roFalse_s0: [0.0093,0.0314]	 85 runs	 rmse=0.01267	 T_learn=20527 ms. 	 T_infer=2556 ms.
2026-02-02 16:17:41,699|INFO|random_mc2_n6_mid3_d1000_05_mr098_r10_169_uai_GSCC_n200_roFalse_s0: Saving results to ../results/synthetic/s123/random_mc2_n6_mid3_d1000_05_mr098_r10_169_uai_GSCC_n200_roFalse_s0.csv
2026-02-02 16:17:41,920|INFO|random_mc2_n5_mid3_d1000_05_mr098_r10_31_uai_GSCC_n200_roTrue_s0: [0.0901,0.1399]	 82 runs	 rmse=0.14507	 T_learn=15287 ms. 	 T_infer=1895 ms.
2026-02-02 16:17:41,925|INFO|random_mc2_n5_mid3_d1000_05_mr098_r10_31_uai_GSCC_n200_roTrue_s0: Saving results to ../results/synthetic/s123/random_mc2_n5_mid3_d1000_05_mr098_r10_31_uai_GSCC_n200_roTrue_s0.csv
2026-02-02 16:17:42,105|INFO|random_mc2_n5_mid3_d1000_05_mr098_r10_195_uai_GSCC_n200_roFalse_s0: [0.0911,0.1949]	 76 runs	 rmse=0.16216	 T_learn=10670 ms. 	 T_infer=1249 ms.
2026-02-02 16:17:42,111|INFO|random_mc2_n5_mid3_d1000_05_mr098_r10_195_uai_GSCC_n200_roFalse_s0: Saving results to ../results/synthetic/s123/random_mc2_n5_mid3_d1000_05_mr098_r10_195_uai_GSCC_n200_roFalse_s0.csv
2026-02-02 16:17:42,344|INFO|random_mc2_n7_mid3_d1000_05_mr098_r10_65_uai_GSCC_n200_roTrue_s0: [0.1851,0.2055]	 17 runs	 rmse=0.03341	 T_learn=9606 ms. 	 T_infer=1079 ms.
2026-02-02 16:17:42,348|INFO|random_mc2_n7_mid3_d1000_05_mr098_r10_65_uai_GSCC_n200_roTrue_s0: Saving results to ../results/synthetic/s123/random_mc2_n7_mid3_d1000_05_mr098_r10_65_uai_GSCC_n200_roTrue_s0.csv
2026-02-02 16:17:42,405|INFO|random_mc2_n7_mid3_d1000_05_mr098_r10_6_uai_GSCC_n200_roFalse_s0: [0.0093,0.0285]	 12 runs	 rmse=0.00935	 T_learn=11479 ms. 	 T_infer=1219 ms.
2026-02-02 16:17:42,409|INFO|random_mc2_n7_mid3_d1000_05_mr098_r10_6_uai_GSCC_n200_roFalse_s0: Saving results to ../results/synthetic/s123/random_mc2_n7_mid3_d1000_05_mr098_r10_6_uai_GSCC_n200_roFalse_s0.csv
2026-02-02 16:17:42,438|INFO|random_mc2_n5_mid3_d1000_05_mr098_r10_102_uai_GSCC_n200_roTrue_s0: [0.3034,0.4164]	 86 runs	 rmse=0.07292	 T_learn=15486 ms. 	 T_infer=2138 ms.
2026-02-02 16:17:42,443|INFO|random_mc2_n5_mid3_d1000_05_mr098_r10_102_uai_GSCC_n200_roTrue_s0: Saving results to ../results/synthetic/s123/random_mc2_n5_mid3_d1000_05_mr098_r10_102_uai_GSCC_n200_roTrue_s0.csv
2026-02-02 16:17:42,470|INFO|random_mc2_n6_mid3_d1000_05_mr098_r10_72_uai_GSCC_n200_roTrue_s0: [0.0627,0.0977]	 66 runs	 rmse=0.04881	 T_learn=24379 ms. 	 T_infer=3196 ms.
2026-02-02 16:17:42,476|INFO|random_mc2_n6_mid3_d1000_05_mr098_r10_72_uai_GSCC_n200_roTrue_s0: Saving results to ../results/synthetic/s123/random_mc2_n6_mid3_d1000_05_mr098_r10_72_uai_GSCC_n200_roTrue_s0.csv
2026-02-02 16:17:42,549|INFO|random_mc2_n5_mid3_d1000_05_mr098_r10_63_uai_GSCC_n200_roTrue_s0: [0.0281,0.1148]	 57 runs	 rmse=0.06215	 T_learn=6429 ms. 	 T_infer=800 ms.
2026-02-02 16:17:42,554|INFO|random_mc2_n5_mid3_d1000_05_mr098_r10_63_uai_GSCC_n200_roTrue_s0: Saving results to ../results/synthetic/s123/random_mc2_n5_mid3_d1000_05_mr098_r10_63_uai_GSCC_n200_roTrue_s0.csv
2026-02-02 16:17:42,597|INFO|random_mc2_n6_mid3_d1000_05_mr098_r10_144_uai_GSCC_n200_roTrue_s0: [0.0153,0.0222]	 37 runs	 rmse=0.01490	 T_learn=10587 ms. 	 T_infer=1860 ms.
2026-02-02 16:17:42,602|INFO|random_mc2_n6_mid3_d1000_05_mr098_r10_144_uai_GSCC_n200_roTrue_s0: Saving results to ../results/synthetic/s123/random_mc2_n6_mid3_d1000_05_mr098_r10_144_uai_GSCC_n200_roTrue_s0.csv
2026-02-02 16:17:42,753|INFO|random_mc2_n5_mid3_d1000_05_mr098_r10_188_uai_GSCC_n200_roFalse_s0: [0.0011,0.0117]	 44 runs	 rmse=0.03768	 T_learn=8194 ms. 	 T_infer=1023 ms.
2026-02-02 16:17:42,758|INFO|random_mc2_n5_mid3_d1000_05_mr098_r10_188_uai_GSCC_n200_roFalse_s0: Saving results to ../results/synthetic/s123/random_mc2_n5_mid3_d1000_05_mr098_r10_188_uai_GSCC_n200_roFalse_s0.csv
2026-02-02 16:17:42,852|INFO|random_mc2_n6_mid3_d1000_05_mr098_r10_158_uai_GSCC_n200_roFalse_s0: [0.0241,0.0370]	 68 runs	 rmse=0.03651	 T_learn=13051 ms. 	 T_infer=1737 ms.
2026-02-02 16:17:42,857|INFO|random_mc2_n6_mid3_d1000_05_mr098_r10_158_uai_GSCC_n200_roFalse_s0: Saving results to ../results/synthetic/s123/random_mc2_n6_mid3_d1000_05_mr098_r10_158_uai_GSCC_n200_roFalse_s0.csv
2026-02-02 16:17:42,901|INFO|random_mc2_n5_mid3_d1000_05_mr098_r10_137_uai_GSCC_n200_roFalse_s0: [0.3436,0.4020]	 62 runs	 rmse=0.03855	 T_learn=14013 ms. 	 T_infer=1870 ms.
2026-02-02 16:17:42,906|INFO|random_mc2_n5_mid3_d1000_05_mr098_r10_137_uai_GSCC_n200_roFalse_s0: Saving results to ../results/synthetic/s123/random_mc2_n5_mid3_d1000_05_mr098_r10_137_uai_GSCC_n200_roFalse_s0.csv
2026-02-02 16:17:42,955|INFO|random_mc2_n5_mid3_d1000_05_mr098_r10_169_uai_GSCC_n200_roTrue_s0: [0.1389,0.2506]	 116 runs	 rmse=0.24940	 T_learn=12596 ms. 	 T_infer=1226 ms.
2026-02-02 16:17:42,963|INFO|random_mc2_n5_mid3_d1000_05_mr098_r10_169_uai_GSCC_n200_roTrue_s0: Saving results to ../results/synthetic/s123/random_mc2_n5_mid3_d1000_05_mr098_r10_169_uai_GSCC_n200_roTrue_s0.csv
2026-02-02 16:17:43,101|INFO|random_mc2_n5_mid3_d1000_05_mr098_r10_190_uai_GSCC_n200_roTrue_s0: [0.0427,0.0746]	 60 runs	 rmse=0.08187	 T_learn=11701 ms. 	 T_infer=1708 ms.
2026-02-02 16:17:43,107|INFO|random_mc2_n5_mid3_d1000_05_mr098_r10_190_uai_GSCC_n200_roTrue_s0: Saving results to ../results/synthetic/s123/random_mc2_n5_mid3_d1000_05_mr098_r10_190_uai_GSCC_n200_roTrue_s0.csv
2026-02-02 16:17:43,160|INFO|random_mc2_n6_mid3_d1000_05_mr098_r10_28_uai_GSCC_n200_roFalse_s0: [0.4568,0.5473]	 62 runs	 rmse=0.09558	 T_learn=20488 ms. 	 T_infer=3290 ms.
2026-02-02 16:17:43,166|INFO|random_mc2_n6_mid3_d1000_05_mr098_r10_28_uai_GSCC_n200_roFalse_s0: Saving results to ../results/synthetic/s123/random_mc2_n6_mid3_d1000_05_mr098_r10_28_uai_GSCC_n200_roFalse_s0.csv
2026-02-02 16:17:43,200|INFO|random_mc2_n6_mid3_d1000_05_mr098_r10_71_uai_GSCC_n200_roFalse_s0: [0.5153,0.6281]	 63 runs	 rmse=0.02577	 T_learn=22936 ms. 	 T_infer=3419 ms.
2026-02-02 16:17:43,206|INFO|random_mc2_n6_mid3_d1000_05_mr098_r10_71_uai_GSCC_n200_roFalse_s0: Saving results to ../results/synthetic/s123/random_mc2_n6_mid3_d1000_05_mr098_r10_71_uai_GSCC_n200_roFalse_s0.csv
2026-02-02 16:17:43,444|INFO|random_mc2_n5_mid3_d1000_05_mr098_r10_63_uai_GSCC_n200_roTrue_s0: [0.0281,0.1148]	 58 runs	 rmse=0.06215	 T_learn=6511 ms. 	 T_infer=809 ms.
2026-02-02 16:17:43,449|INFO|random_mc2_n5_mid3_d1000_05_mr098_r10_63_uai_GSCC_n200_roTrue_s0: Saving results to ../results/synthetic/s123/random_mc2_n5_mid3_d1000_05_mr098_r10_63_uai_GSCC_n200_roTrue_s0.csv
2026-02-02 16:17:43,524|INFO|random_mc2_n5_mid3_d1000_05_mr098_r10_141_uai_GSCC_n200_roTrue_s0: [0.1037,0.1946]	 73 runs	 rmse=0.10820	 T_learn=21345 ms. 	 T_infer=3005 ms.
2026-02-02 16:17:43,529|INFO|random_mc2_n5_mid3_d1000_05_mr098_r10_141_uai_GSCC_n200_roTrue_s0: Saving results to ../results/synthetic/s123/random_mc2_n5_mid3_d1000_05_mr098_r10_141_uai_GSCC_n200_roTrue_s0.csv
2026-02-02 16:17:43,587|INFO|random_mc2_n5_mid3_d1000_05_mr098_r10_44_uai_GSCC_n200_roFalse_s0: [0.0156,0.0340]	 67 runs	 rmse=0.00590	 T_learn=20809 ms. 	 T_infer=3286 ms.
2026-02-02 16:17:43,592|INFO|random_mc2_n5_mid3_d1000_05_mr098_r10_44_uai_GSCC_n200_roFalse_s0: Saving results to ../results/synthetic/s123/random_mc2_n5_mid3_d1000_05_mr098_r10_44_uai_GSCC_n200_roFalse_s0.csv
2026-02-02 16:17:43,645|INFO|random_mc2_n5_mid3_d1000_05_mr098_r10_195_uai_GSCC_n200_roFalse_s0: [0.0911,0.1949]	 77 runs	 rmse=0.16216	 T_learn=10803 ms. 	 T_infer=1401 ms.
2026-02-02 16:17:43,650|INFO|random_mc2_n5_mid3_d1000_05_mr098_r10_195_uai_GSCC_n200_roFalse_s0: Saving results to ../results/synthetic/s123/random_mc2_n5_mid3_d1000_05_mr098_r10_195_uai_GSCC_n200_roFalse_s0.csv
2026-02-02 16:17:43,668|INFO|random_mc2_n7_mid3_d1000_05_mr098_r10_65_uai_GSCC_n200_roTrue_s0: [0.1851,0.2055]	 18 runs	 rmse=0.03341	 T_learn=9786 ms. 	 T_infer=1139 ms.
2026-02-02 16:17:43,672|INFO|random_mc2_n7_mid3_d1000_05_mr098_r10_65_uai_GSCC_n200_roTrue_s0: Saving results to ../results/synthetic/s123/random_mc2_n7_mid3_d1000_05_mr098_r10_65_uai_GSCC_n200_roTrue_s0.csv
2026-02-02 16:17:43,912|INFO|random_mc2_n5_mid3_d1000_05_mr098_r10_188_uai_GSCC_n200_roFalse_s0: [0.0011,0.0117]	 45 runs	 rmse=0.03768	 T_learn=8301 ms. 	 T_infer=1046 ms.
2026-02-02 16:17:43,916|INFO|random_mc2_n5_mid3_d1000_05_mr098_r10_188_uai_GSCC_n200_roFalse_s0: Saving results to ../results/synthetic/s123/random_mc2_n5_mid3_d1000_05_mr098_r10_188_uai_GSCC_n200_roFalse_s0.csv
2026-02-02 16:17:43,969|INFO|random_mc2_n7_mid3_d1000_05_mr098_r10_6_uai_GSCC_n200_roFalse_s0: [0.0093,0.0285]	 13 runs	 rmse=0.00935	 T_learn=11718 ms. 	 T_infer=1321 ms.
2026-02-02 16:17:43,973|INFO|random_mc2_n7_mid3_d1000_05_mr098_r10_6_uai_GSCC_n200_roFalse_s0: Saving results to ../results/synthetic/s123/random_mc2_n7_mid3_d1000_05_mr098_r10_6_uai_GSCC_n200_roFalse_s0.csv
2026-02-02 16:17:44,110|INFO|random_mc2_n5_mid3_d1000_05_mr098_r10_31_uai_GSCC_n200_roTrue_s0: [0.0901,0.1399]	 83 runs	 rmse=0.14507	 T_learn=15509 ms. 	 T_infer=1962 ms.
2026-02-02 16:17:44,115|INFO|random_mc2_n5_mid3_d1000_05_mr098_r10_31_uai_GSCC_n200_roTrue_s0: Saving results to ../results/synthetic/s123/random_mc2_n5_mid3_d1000_05_mr098_r10_31_uai_GSCC_n200_roTrue_s0.csv
2026-02-02 16:17:44,338|INFO|random_mc2_n5_mid3_d1000_05_mr098_r10_169_uai_GSCC_n200_roTrue_s0: [0.1389,0.2506]	 117 runs	 rmse=0.24940	 T_learn=12735 ms. 	 T_infer=1235 ms.
2026-02-02 16:17:44,345|INFO|random_mc2_n5_mid3_d1000_05_mr098_r10_169_uai_GSCC_n200_roTrue_s0: Saving results to ../results/synthetic/s123/random_mc2_n5_mid3_d1000_05_mr098_r10_169_uai_GSCC_n200_roTrue_s0.csv
2026-02-02 16:17:44,359|INFO|random_mc2_n5_mid3_d1000_05_mr098_r10_63_uai_GSCC_n200_roTrue_s0: [0.0281,0.1148]	 59 runs	 rmse=0.06215	 T_learn=6593 ms. 	 T_infer=828 ms.
2026-02-02 16:17:44,365|INFO|random_mc2_n5_mid3_d1000_05_mr098_r10_63_uai_GSCC_n200_roTrue_s0: Saving results to ../results/synthetic/s123/random_mc2_n5_mid3_d1000_05_mr098_r10_63_uai_GSCC_n200_roTrue_s0.csv
2026-02-02 16:17:44,562|INFO|random_mc2_n6_mid3_d1000_05_mr098_r10_169_uai_GSCC_n200_roFalse_s0: [0.0093,0.0314]	 86 runs	 rmse=0.01267	 T_learn=20806 ms. 	 T_infer=2585 ms.
2026-02-02 16:17:44,571|INFO|random_mc2_n6_mid3_d1000_05_mr098_r10_169_uai_GSCC_n200_roFalse_s0: Saving results to ../results/synthetic/s123/random_mc2_n6_mid3_d1000_05_mr098_r10_169_uai_GSCC_n200_roFalse_s0.csv
2026-02-02 16:17:44,757|INFO|random_mc2_n6_mid3_d1000_05_mr098_r10_144_uai_GSCC_n200_roTrue_s0: [0.0153,0.0222]	 38 runs	 rmse=0.01490	 T_learn=10829 ms. 	 T_infer=1913 ms.
2026-02-02 16:17:44,763|INFO|random_mc2_n6_mid3_d1000_05_mr098_r10_144_uai_GSCC_n200_roTrue_s0: Saving results to ../results/synthetic/s123/random_mc2_n6_mid3_d1000_05_mr098_r10_144_uai_GSCC_n200_roTrue_s0.csv
2026-02-02 16:17:44,802|INFO|random_mc2_n6_mid3_d1000_05_mr098_r10_158_uai_GSCC_n200_roFalse_s0: [0.0241,0.0370]	 69 runs	 rmse=0.03651	 T_learn=13234 ms. 	 T_infer=1761 ms.
2026-02-02 16:17:44,807|INFO|random_mc2_n6_mid3_d1000_05_mr098_r10_158_uai_GSCC_n200_roFalse_s0: Saving results to ../results/synthetic/s123/random_mc2_n6_mid3_d1000_05_mr098_r10_158_uai_GSCC_n200_roFalse_s0.csv
2026-02-02 16:17:44,816|INFO|random_mc2_n5_mid3_d1000_05_mr098_r10_102_uai_GSCC_n200_roTrue_s0: [0.3034,0.4242]	 87 runs	 rmse=0.06656	 T_learn=15693 ms. 	 T_infer=2166 ms.
2026-02-02 16:17:44,822|INFO|random_mc2_n5_mid3_d1000_05_mr098_r10_102_uai_GSCC_n200_roTrue_s0: Saving results to ../results/synthetic/s123/random_mc2_n5_mid3_d1000_05_mr098_r10_102_uai_GSCC_n200_roTrue_s0.csv
2026-02-02 16:17:44,895|INFO|random_mc2_n5_mid3_d1000_05_mr098_r10_190_uai_GSCC_n200_roTrue_s0: [0.0427,0.0746]	 61 runs	 rmse=0.08187	 T_learn=11874 ms. 	 T_infer=1615 ms.
2026-02-02 16:17:44,901|INFO|random_mc2_n5_mid3_d1000_05_mr098_r10_190_uai_GSCC_n200_roTrue_s0: Saving results to ../results/synthetic/s123/random_mc2_n5_mid3_d1000_05_mr098_r10_190_uai_GSCC_n200_roTrue_s0.csv
2026-02-02 16:17:45,048|INFO|random_mc2_n5_mid3_d1000_05_mr098_r10_74_uai_GSCC_n200_roTrue_s0: [0.3231,0.3869]	 39 runs	 rmse=0.14327	 T_learn=16176 ms. 	 T_infer=3226 ms.
2026-02-02 16:17:45,062|INFO|random_mc2_n7_mid3_d1000_05_mr098_r10_65_uai_GSCC_n200_roTrue_s0: [0.1851,0.2055]	 19 runs	 rmse=0.03341	 T_learn=9972 ms. 	 T_infer=1204 ms.
2026-02-02 16:17:45,063|INFO|random_mc2_n5_mid3_d1000_05_mr098_r10_137_uai_GSCC_n200_roFalse_s0: [0.3436,0.4020]	 63 runs	 rmse=0.03855	 T_learn=14263 ms. 	 T_infer=1905 ms.
2026-02-02 16:17:45,066|INFO|random_mc2_n5_mid3_d1000_05_mr098_r10_195_uai_GSCC_n200_roFalse_s0: [0.0911,0.1949]	 78 runs	 rmse=0.16216	 T_learn=10940 ms. 	 T_infer=1279 ms.
2026-02-02 16:17:45,067|INFO|random_mc2_n5_mid3_d1000_05_mr098_r10_74_uai_GSCC_n200_roTrue_s0: Saving results to ../results/synthetic/s123/random_mc2_n5_mid3_d1000_05_mr098_r10_74_uai_GSCC_n200_roTrue_s0.csv
2026-02-02 16:17:45,069|INFO|random_mc2_n7_mid3_d1000_05_mr098_r10_65_uai_GSCC_n200_roTrue_s0: Saving results to ../results/synthetic/s123/random_mc2_n7_mid3_d1000_05_mr098_r10_65_uai_GSCC_n200_roTrue_s0.csv
2026-02-02 16:17:45,070|INFO|random_mc2_n5_mid3_d1000_05_mr098_r10_137_uai_GSCC_n200_roFalse_s0: Saving results to ../results/synthetic/s123/random_mc2_n5_mid3_d1000_05_mr098_r10_137_uai_GSCC_n200_roFalse_s0.csv
2026-02-02 16:17:45,072|INFO|random_mc2_n5_mid3_d1000_05_mr098_r10_195_uai_GSCC_n200_roFalse_s0: Saving results to ../results/synthetic/s123/random_mc2_n5_mid3_d1000_05_mr098_r10_195_uai_GSCC_n200_roFalse_s0.csv
2026-02-02 16:17:45,093|INFO|random_mc2_n5_mid3_d1000_05_mr098_r10_188_uai_GSCC_n200_roFalse_s0: [0.0011,0.0117]	 46 runs	 rmse=0.03768	 T_learn=8410 ms. 	 T_infer=1068 ms.
2026-02-02 16:17:45,099|INFO|random_mc2_n5_mid3_d1000_05_mr098_r10_188_uai_GSCC_n200_roFalse_s0: Saving results to ../results/synthetic/s123/random_mc2_n5_mid3_d1000_05_mr098_r10_188_uai_GSCC_n200_roFalse_s0.csv
2026-02-02 16:17:45,291|INFO|random_mc2_n5_mid3_d1000_05_mr098_r10_63_uai_GSCC_n200_roTrue_s0: [0.0281,0.1148]	 60 runs	 rmse=0.06215	 T_learn=6678 ms. 	 T_infer=841 ms.
2026-02-02 16:17:45,418|INFO|random_mc2_n5_mid3_d1000_05_mr098_r10_63_uai_GSCC_n200_roTrue_s0: Saving results to ../results/synthetic/s123/random_mc2_n5_mid3_d1000_05_mr098_r10_63_uai_GSCC_n200_roTrue_s0.csv
2026-02-02 16:17:45,649|INFO|random_mc2_n7_mid3_d1000_05_mr098_r10_6_uai_GSCC_n200_roFalse_s0: [0.0093,0.0285]	 14 runs	 rmse=0.00935	 T_learn=11967 ms. 	 T_infer=1425 ms.
2026-02-02 16:17:45,654|INFO|random_mc2_n7_mid3_d1000_05_mr098_r10_6_uai_GSCC_n200_roFalse_s0: Saving results to ../results/synthetic/s123/random_mc2_n7_mid3_d1000_05_mr098_r10_6_uai_GSCC_n200_roFalse_s0.csv
2026-02-02 16:17:45,729|INFO|random_mc2_n5_mid3_d1000_05_mr098_r10_169_uai_GSCC_n200_roTrue_s0: [0.1389,0.2506]	 118 runs	 rmse=0.24940	 T_learn=12875 ms. 	 T_infer=1244 ms.
2026-02-02 16:17:45,736|INFO|random_mc2_n5_mid3_d1000_05_mr098_r10_169_uai_GSCC_n200_roTrue_s0: Saving results to ../results/synthetic/s123/random_mc2_n5_mid3_d1000_05_mr098_r10_169_uai_GSCC_n200_roTrue_s0.csv
2026-02-02 16:17:46,158|INFO|random_mc2_n6_mid3_d1000_05_mr098_r10_72_uai_GSCC_n200_roTrue_s0: [0.0627,0.0977]	 67 runs	 rmse=0.04881	 T_learn=24815 ms. 	 T_infer=3247 ms.
2026-02-02 16:17:46,165|INFO|random_mc2_n6_mid3_d1000_05_mr098_r10_72_uai_GSCC_n200_roTrue_s0: Saving results to ../results/synthetic/s123/random_mc2_n6_mid3_d1000_05_mr098_r10_72_uai_GSCC_n200_roTrue_s0.csv
2026-02-02 16:17:46,170|INFO|random_mc2_n5_mid3_d1000_05_mr098_r10_31_uai_GSCC_n200_roTrue_s0: [0.0901,0.1399]	 84 runs	 rmse=0.14507	 T_learn=15732 ms. 	 T_infer=1831 ms.
2026-02-02 16:17:46,175|INFO|random_mc2_n5_mid3_d1000_05_mr098_r10_31_uai_GSCC_n200_roTrue_s0: Saving results to ../results/synthetic/s123/random_mc2_n5_mid3_d1000_05_mr098_r10_31_uai_GSCC_n200_roTrue_s0.csv
2026-02-02 16:17:46,304|INFO|random_mc2_n5_mid3_d1000_05_mr098_r10_188_uai_GSCC_n200_roFalse_s0: [0.0011,0.0117]	 47 runs	 rmse=0.03768	 T_learn=8521 ms. 	 T_infer=1094 ms.
2026-02-02 16:17:46,309|INFO|random_mc2_n5_mid3_d1000_05_mr098_r10_188_uai_GSCC_n200_roFalse_s0: Saving results to ../results/synthetic/s123/random_mc2_n5_mid3_d1000_05_mr098_r10_188_uai_GSCC_n200_roFalse_s0.csv
2026-02-02 16:17:46,356|INFO|random_mc2_n5_mid3_d1000_05_mr098_r10_63_uai_GSCC_n200_roTrue_s0: [0.0281,0.1148]	 61 runs	 rmse=0.06215	 T_learn=6763 ms. 	 T_infer=853 ms.
2026-02-02 16:17:46,362|INFO|random_mc2_n5_mid3_d1000_05_mr098_r10_63_uai_GSCC_n200_roTrue_s0: Saving results to ../results/synthetic/s123/random_mc2_n5_mid3_d1000_05_mr098_r10_63_uai_GSCC_n200_roTrue_s0.csv
2026-02-02 16:17:46,525|INFO|random_mc2_n5_mid3_d1000_05_mr098_r10_195_uai_GSCC_n200_roFalse_s0: [0.0911,0.1949]	 79 runs	 rmse=0.16216	 T_learn=11076 ms. 	 T_infer=1317 ms.
2026-02-02 16:17:46,531|INFO|random_mc2_n5_mid3_d1000_05_mr098_r10_195_uai_GSCC_n200_roFalse_s0: Saving results to ../results/synthetic/s123/random_mc2_n5_mid3_d1000_05_mr098_r10_195_uai_GSCC_n200_roFalse_s0.csv
2026-02-02 16:17:46,535|INFO|random_mc2_n7_mid3_d1000_05_mr098_r10_65_uai_GSCC_n200_roTrue_s0: [0.1851,0.2055]	 20 runs	 rmse=0.03341	 T_learn=10163 ms. 	 T_infer=1274 ms.
2026-02-02 16:17:46,540|INFO|random_mc2_n7_mid3_d1000_05_mr098_r10_65_uai_GSCC_n200_roTrue_s0: Saving results to ../results/synthetic/s123/random_mc2_n7_mid3_d1000_05_mr098_r10_65_uai_GSCC_n200_roTrue_s0.csv
2026-02-02 16:17:46,646|INFO|random_mc2_n6_mid3_d1000_05_mr098_r10_96_uai_GSCC_n200_roTrue_s0: Loading model from ../models/synthetic/s123/random_mc2_n6_mid3_d1000_05_mr098_r10_96.uai
2026-02-02 16:17:46,672|INFO|random_mc2_n6_mid3_d1000_05_mr098_r10_38_uai_GSCC_n200_roFalse_s0: Loading model from ../models/synthetic/s123/random_mc2_n6_mid3_d1000_05_mr098_r10_38.uai
2026-02-02 16:17:46,680|INFO|random_mc2_n6_mid3_d1000_05_mr098_r10_152_uai_GSCC_n200_roFalse_s0: Loading model from ../models/synthetic/s123/random_mc2_n6_mid3_d1000_05_mr098_r10_152.uai
2026-02-02 16:17:46,654|INFO|random_mc2_n6_mid3_d1000_05_mr098_r10_96_uai_GSCC_n200_roTrue_s0: Loading data from ../models/synthetic/s123/random_mc2_n6_mid3_d1000_05_mr098_r10_96.csv
2026-02-02 16:17:46,666|INFO|random_mc2_n6_mid3_d1000_05_mr098_r10_96_uai_GSCC_n200_roTrue_s0: PNS(V4,V3) exact: (0.55047, 0.55047)
2026-02-02 16:17:46,680|INFO|random_mc2_n6_mid3_d1000_05_mr098_r10_38_uai_GSCC_n200_roFalse_s0: Loading data from ../models/synthetic/s123/random_mc2_n6_mid3_d1000_05_mr098_r10_38.csv
2026-02-02 16:17:46,691|INFO|random_mc2_n6_mid3_d1000_05_mr098_r10_38_uai_GSCC_n200_roFalse_s0: PNS(V0,V3) exact: (0.0032650838421653, 0.0300094630044194)
2026-02-02 16:17:46,729|INFO|random_mc2_n5_mid3_d1000_05_mr098_r10_190_uai_GSCC_n200_roTrue_s0: [0.0427,0.0746]	 62 runs	 rmse=0.08187	 T_learn=12050 ms. 	 T_infer=1652 ms.
2026-02-02 16:17:46,734|INFO|random_mc2_n5_mid3_d1000_05_mr098_r10_190_uai_GSCC_n200_roTrue_s0: Saving results to ../results/synthetic/s123/random_mc2_n5_mid3_d1000_05_mr098_r10_190_uai_GSCC_n200_roTrue_s0.csv
2026-02-02 16:17:46,783|INFO|random_mc2_n6_mid3_d1000_05_mr098_r10_152_uai_GSCC_n200_roFalse_s0: Loading data from ../models/synthetic/s123/random_mc2_n6_mid3_d1000_05_mr098_r10_152.csv
2026-02-02 16:17:46,788|INFO|random_mc2_n6_mid3_d1000_05_mr098_r10_28_uai_GSCC_n200_roFalse_s0: [0.4568,0.5473]	 63 runs	 rmse=0.09558	 T_learn=20918 ms. 	 T_infer=3191 ms.
2026-02-02 16:17:46,789|ERROR|random_mc2_n6_mid3_d1000_05_mr098_r10_152_uai_GSCC_n200_roFalse_s0: File exists, not rewriting.
2026-02-02 16:17:46,790|INFO|random_mc2_n6_mid3_d1000_05_mr098_r10_158_uai_GSCC_n200_roFalse_s0: [0.0241,0.0370]	 70 runs	 rmse=0.03651	 T_learn=13421 ms. 	 T_infer=1796 ms.
2026-02-02 16:17:46,793|INFO|random_mc2_n6_mid3_d1000_05_mr098_r10_28_uai_GSCC_n200_roFalse_s0: Saving results to ../results/synthetic/s123/random_mc2_n6_mid3_d1000_05_mr098_r10_28_uai_GSCC_n200_roFalse_s0.csv
2026-02-02 16:17:46,795|INFO|random_mc2_n6_mid3_d1000_05_mr098_r10_158_uai_GSCC_n200_roFalse_s0: Saving results to ../results/synthetic/s123/random_mc2_n6_mid3_d1000_05_mr098_r10_158_uai_GSCC_n200_roFalse_s0.csv
2026-02-02 16:17:46,975|INFO|random_mc2_n5_mid3_d1000_05_mr098_r10_141_uai_GSCC_n200_roTrue_s0: [0.0935,0.1946]	 74 runs	 rmse=0.09862	 T_learn=21735 ms. 	 T_infer=3057 ms.
2026-02-02 16:17:46,981|INFO|random_mc2_n5_mid3_d1000_05_mr098_r10_141_uai_GSCC_n200_roTrue_s0: Saving results to ../results/synthetic/s123/random_mc2_n5_mid3_d1000_05_mr098_r10_141_uai_GSCC_n200_roTrue_s0.csv
2026-02-02 16:17:46,991|INFO|random_mc2_n6_mid3_d1000_05_mr098_r10_144_uai_GSCC_n200_roTrue_s0: [0.0153,0.0222]	 39 runs	 rmse=0.01490	 T_learn=11078 ms. 	 T_infer=1979 ms.
2026-02-02 16:17:46,995|INFO|random_mc2_n6_mid3_d1000_05_mr098_r10_144_uai_GSCC_n200_roTrue_s0: Saving results to ../results/synthetic/s123/random_mc2_n6_mid3_d1000_05_mr098_r10_144_uai_GSCC_n200_roTrue_s0.csv
2026-02-02 16:17:47,166|INFO|random_mc2_n6_mid3_d1000_05_mr098_r10_71_uai_GSCC_n200_roFalse_s0: [0.5153,0.6281]	 64 runs	 rmse=0.02577	 T_learn=23412 ms. 	 T_infer=3484 ms.
2026-02-02 16:17:47,171|INFO|random_mc2_n6_mid3_d1000_05_mr098_r10_71_uai_GSCC_n200_roFalse_s0: Saving results to ../results/synthetic/s123/random_mc2_n6_mid3_d1000_05_mr098_r10_71_uai_GSCC_n200_roFalse_s0.csv
2026-02-02 16:17:47,241|INFO|random_mc2_n5_mid3_d1000_05_mr098_r10_102_uai_GSCC_n200_roTrue_s0: [0.3034,0.4242]	 88 runs	 rmse=0.06656	 T_learn=15901 ms. 	 T_infer=2210 ms.
2026-02-02 16:17:47,246|INFO|random_mc2_n5_mid3_d1000_05_mr098_r10_102_uai_GSCC_n200_roTrue_s0: Saving results to ../results/synthetic/s123/random_mc2_n5_mid3_d1000_05_mr098_r10_102_uai_GSCC_n200_roTrue_s0.csv
2026-02-02 16:17:47,267|INFO|random_mc2_n5_mid3_d1000_05_mr098_r10_137_uai_GSCC_n200_roFalse_s0: [0.3436,0.4054]	 64 runs	 rmse=0.03642	 T_learn=14518 ms. 	 T_infer=1942 ms.
2026-02-02 16:17:47,272|INFO|random_mc2_n5_mid3_d1000_05_mr098_r10_137_uai_GSCC_n200_roFalse_s0: Saving results to ../results/synthetic/s123/random_mc2_n5_mid3_d1000_05_mr098_r10_137_uai_GSCC_n200_roFalse_s0.csv
2026-02-02 16:17:47,282|INFO|random_mc2_n5_mid3_d1000_05_mr098_r10_169_uai_GSCC_n200_roTrue_s0: [0.1389,0.2547]	 119 runs	 rmse=0.24528	 T_learn=13018 ms. 	 T_infer=1403 ms.
2026-02-02 16:17:47,289|INFO|random_mc2_n5_mid3_d1000_05_mr098_r10_169_uai_GSCC_n200_roTrue_s0: Saving results to ../results/synthetic/s123/random_mc2_n5_mid3_d1000_05_mr098_r10_169_uai_GSCC_n200_roTrue_s0.csv
2026-02-02 16:17:47,319|INFO|random_mc2_n5_mid3_d1000_05_mr098_r10_63_uai_GSCC_n200_roTrue_s0: [0.0281,0.1148]	 62 runs	 rmse=0.06215	 T_learn=6848 ms. 	 T_infer=871 ms.
2026-02-02 16:17:47,324|INFO|random_mc2_n5_mid3_d1000_05_mr098_r10_63_uai_GSCC_n200_roTrue_s0: Saving results to ../results/synthetic/s123/random_mc2_n5_mid3_d1000_05_mr098_r10_63_uai_GSCC_n200_roTrue_s0.csv
2026-02-02 16:17:47,378|INFO|random_mc2_n5_mid3_d1000_05_mr098_r10_44_uai_GSCC_n200_roFalse_s0: [0.0156,0.0340]	 68 runs	 rmse=0.00590	 T_learn=21251 ms. 	 T_infer=3343 ms.
2026-02-02 16:17:47,383|INFO|random_mc2_n5_mid3_d1000_05_mr098_r10_44_uai_GSCC_n200_roFalse_s0: Saving results to ../results/synthetic/s123/random_mc2_n5_mid3_d1000_05_mr098_r10_44_uai_GSCC_n200_roFalse_s0.csv
2026-02-02 16:17:47,449|INFO|random_mc2_n7_mid3_d1000_05_mr098_r10_6_uai_GSCC_n200_roFalse_s0: [0.0093,0.0285]	 15 runs	 rmse=0.00935	 T_learn=12228 ms. 	 T_infer=1533 ms.
2026-02-02 16:17:47,453|INFO|random_mc2_n7_mid3_d1000_05_mr098_r10_6_uai_GSCC_n200_roFalse_s0: Saving results to ../results/synthetic/s123/random_mc2_n7_mid3_d1000_05_mr098_r10_6_uai_GSCC_n200_roFalse_s0.csv
2026-02-02 16:17:47,543|INFO|random_mc2_n5_mid3_d1000_05_mr098_r10_188_uai_GSCC_n200_roFalse_s0: [0.0011,0.0117]	 48 runs	 rmse=0.03768	 T_learn=8635 ms. 	 T_infer=1120 ms.
2026-02-02 16:17:47,548|INFO|random_mc2_n5_mid3_d1000_05_mr098_r10_188_uai_GSCC_n200_roFalse_s0: Saving results to ../results/synthetic/s123/random_mc2_n5_mid3_d1000_05_mr098_r10_188_uai_GSCC_n200_roFalse_s0.csv
2026-02-02 16:17:47,560|INFO|random_mc2_n6_mid3_d1000_05_mr098_r10_169_uai_GSCC_n200_roFalse_s0: [0.0093,0.0314]	 87 runs	 rmse=0.01267	 T_learn=21088 ms. 	 T_infer=2706 ms.
2026-02-02 16:17:47,565|INFO|random_mc2_n6_mid3_d1000_05_mr098_r10_169_uai_GSCC_n200_roFalse_s0: Saving results to ../results/synthetic/s123/random_mc2_n6_mid3_d1000_05_mr098_r10_169_uai_GSCC_n200_roFalse_s0.csv
trainable: ['V1', 'V2']
trainable: ['V2', 'V6', 'V7', 'V8']
2026-02-02 16:17:48,006|INFO|random_mc2_n5_mid3_d1000_05_mr098_r10_195_uai_GSCC_n200_roFalse_s0: [0.0911,0.1949]	 80 runs	 rmse=0.16216	 T_learn=11217 ms. 	 T_infer=1334 ms.
2026-02-02 16:17:48,011|INFO|random_mc2_n5_mid3_d1000_05_mr098_r10_195_uai_GSCC_n200_roFalse_s0: Saving results to ../results/synthetic/s123/random_mc2_n5_mid3_d1000_05_mr098_r10_195_uai_GSCC_n200_roFalse_s0.csv
2026-02-02 16:17:48,073|INFO|random_mc2_n7_mid3_d1000_05_mr098_r10_65_uai_GSCC_n200_roTrue_s0: [0.1851,0.2055]	 21 runs	 rmse=0.03341	 T_learn=10364 ms. 	 T_infer=1332 ms.
2026-02-02 16:17:48,078|INFO|random_mc2_n7_mid3_d1000_05_mr098_r10_65_uai_GSCC_n200_roTrue_s0: Saving results to ../results/synthetic/s123/random_mc2_n7_mid3_d1000_05_mr098_r10_65_uai_GSCC_n200_roTrue_s0.csv
2026-02-02 16:17:48,267|INFO|random_mc2_n5_mid3_d1000_05_mr098_r10_31_uai_GSCC_n200_roTrue_s0: [0.0901,0.1399]	 85 runs	 rmse=0.14507	 T_learn=15961 ms. 	 T_infer=1862 ms.
2026-02-02 16:17:48,273|INFO|random_mc2_n5_mid3_d1000_05_mr098_r10_31_uai_GSCC_n200_roTrue_s0: Saving results to ../results/synthetic/s123/random_mc2_n5_mid3_d1000_05_mr098_r10_31_uai_GSCC_n200_roTrue_s0.csv
2026-02-02 16:17:48,292|INFO|random_mc2_n5_mid3_d1000_05_mr098_r10_63_uai_GSCC_n200_roTrue_s0: [0.0281,0.1148]	 63 runs	 rmse=0.06215	 T_learn=6935 ms. 	 T_infer=881 ms.
2026-02-02 16:17:48,297|INFO|random_mc2_n5_mid3_d1000_05_mr098_r10_63_uai_GSCC_n200_roTrue_s0: Saving results to ../results/synthetic/s123/random_mc2_n5_mid3_d1000_05_mr098_r10_63_uai_GSCC_n200_roTrue_s0.csv
2026-02-02 16:17:48,580|INFO|random_mc2_n5_mid3_d1000_05_mr098_r10_190_uai_GSCC_n200_roTrue_s0: [0.0427,0.0746]	 63 runs	 rmse=0.08187	 T_learn=12229 ms. 	 T_infer=1666 ms.
2026-02-02 16:17:48,586|INFO|random_mc2_n5_mid3_d1000_05_mr098_r10_190_uai_GSCC_n200_roTrue_s0: Saving results to ../results/synthetic/s123/random_mc2_n5_mid3_d1000_05_mr098_r10_190_uai_GSCC_n200_roTrue_s0.csv
2026-02-02 16:17:48,666|INFO|random_mc2_n5_mid3_d1000_05_mr098_r10_74_uai_GSCC_n200_roTrue_s0: [0.3231,0.3870]	 40 runs	 rmse=0.14319	 T_learn=16605 ms. 	 T_infer=3169 ms.
2026-02-02 16:17:48,671|INFO|random_mc2_n5_mid3_d1000_05_mr098_r10_74_uai_GSCC_n200_roTrue_s0: Saving results to ../results/synthetic/s123/random_mc2_n5_mid3_d1000_05_mr098_r10_74_uai_GSCC_n200_roTrue_s0.csv
2026-02-02 16:17:48,696|INFO|random_mc2_n5_mid3_d1000_05_mr098_r10_169_uai_GSCC_n200_roTrue_s0: [0.1389,0.2547]	 120 runs	 rmse=0.24528	 T_learn=13160 ms. 	 T_infer=1265 ms.
2026-02-02 16:17:48,704|INFO|random_mc2_n5_mid3_d1000_05_mr098_r10_169_uai_GSCC_n200_roTrue_s0: Saving results to ../results/synthetic/s123/random_mc2_n5_mid3_d1000_05_mr098_r10_169_uai_GSCC_n200_roTrue_s0.csv
2026-02-02 16:17:48,806|INFO|random_mc2_n5_mid3_d1000_05_mr098_r10_188_uai_GSCC_n200_roFalse_s0: [0.0011,0.0117]	 49 runs	 rmse=0.03768	 T_learn=8749 ms. 	 T_infer=1143 ms.
2026-02-02 16:17:48,811|INFO|random_mc2_n5_mid3_d1000_05_mr098_r10_188_uai_GSCC_n200_roFalse_s0: Saving results to ../results/synthetic/s123/random_mc2_n5_mid3_d1000_05_mr098_r10_188_uai_GSCC_n200_roFalse_s0.csv
2026-02-02 16:17:48,817|INFO|random_mc2_n6_mid3_d1000_05_mr098_r10_158_uai_GSCC_n200_roFalse_s0: [0.0241,0.0370]	 71 runs	 rmse=0.03651	 T_learn=13611 ms. 	 T_infer=1832 ms.
2026-02-02 16:17:48,822|INFO|random_mc2_n6_mid3_d1000_05_mr098_r10_158_uai_GSCC_n200_roFalse_s0: Saving results to ../results/synthetic/s123/random_mc2_n6_mid3_d1000_05_mr098_r10_158_uai_GSCC_n200_roFalse_s0.csv
2026-02-02 16:17:49,280|INFO|random_mc2_n6_mid3_d1000_05_mr098_r10_144_uai_GSCC_n200_roTrue_s0: [0.0153,0.0222]	 40 runs	 rmse=0.01490	 T_learn=11337 ms. 	 T_infer=2025 ms.
2026-02-02 16:17:49,286|INFO|random_mc2_n6_mid3_d1000_05_mr098_r10_144_uai_GSCC_n200_roTrue_s0: Saving results to ../results/synthetic/s123/random_mc2_n6_mid3_d1000_05_mr098_r10_144_uai_GSCC_n200_roTrue_s0.csv
2026-02-02 16:17:49,286|INFO|random_mc2_n5_mid3_d1000_05_mr098_r10_63_uai_GSCC_n200_roTrue_s0: [0.0281,0.1148]	 64 runs	 rmse=0.06215	 T_learn=7022 ms. 	 T_infer=901 ms.
2026-02-02 16:17:49,291|INFO|random_mc2_n5_mid3_d1000_05_mr098_r10_63_uai_GSCC_n200_roTrue_s0: Saving results to ../results/synthetic/s123/random_mc2_n5_mid3_d1000_05_mr098_r10_63_uai_GSCC_n200_roTrue_s0.csv
2026-02-02 16:17:49,358|INFO|random_mc2_n7_mid3_d1000_05_mr098_r10_6_uai_GSCC_n200_roFalse_s0: [0.0093,0.0285]	 16 runs	 rmse=0.00935	 T_learn=12501 ms. 	 T_infer=1631 ms.
2026-02-02 16:17:49,362|INFO|random_mc2_n7_mid3_d1000_05_mr098_r10_6_uai_GSCC_n200_roFalse_s0: Saving results to ../results/synthetic/s123/random_mc2_n7_mid3_d1000_05_mr098_r10_6_uai_GSCC_n200_roFalse_s0.csv
2026-02-02 16:17:49,490|INFO|random_mc2_n5_mid3_d1000_05_mr098_r10_195_uai_GSCC_n200_roFalse_s0: [0.0911,0.1949]	 81 runs	 rmse=0.16216	 T_learn=11358 ms. 	 T_infer=1339 ms.
2026-02-02 16:17:49,496|INFO|random_mc2_n5_mid3_d1000_05_mr098_r10_195_uai_GSCC_n200_roFalse_s0: Saving results to ../results/synthetic/s123/random_mc2_n5_mid3_d1000_05_mr098_r10_195_uai_GSCC_n200_roFalse_s0.csv
2026-02-02 16:17:49,497|INFO|random_mc2_n5_mid3_d1000_05_mr098_r10_137_uai_GSCC_n200_roFalse_s0: [0.3436,0.4066]	 65 runs	 rmse=0.03570	 T_learn=14778 ms. 	 T_infer=1966 ms.
2026-02-02 16:17:49,503|INFO|random_mc2_n5_mid3_d1000_05_mr098_r10_137_uai_GSCC_n200_roFalse_s0: Saving results to ../results/synthetic/s123/random_mc2_n5_mid3_d1000_05_mr098_r10_137_uai_GSCC_n200_roFalse_s0.csv
2026-02-02 16:17:49,695|INFO|random_mc2_n7_mid3_d1000_05_mr098_r10_65_uai_GSCC_n200_roTrue_s0: [0.1851,0.2055]	 22 runs	 rmse=0.03341	 T_learn=10576 ms. 	 T_infer=1405 ms.
2026-02-02 16:17:49,700|INFO|random_mc2_n7_mid3_d1000_05_mr098_r10_65_uai_GSCC_n200_roTrue_s0: Saving results to ../results/synthetic/s123/random_mc2_n7_mid3_d1000_05_mr098_r10_65_uai_GSCC_n200_roTrue_s0.csv
2026-02-02 16:17:49,806|INFO|random_mc2_n5_mid3_d1000_05_mr098_r10_102_uai_GSCC_n200_roTrue_s0: [0.3034,0.4242]	 89 runs	 rmse=0.06656	 T_learn=16113 ms. 	 T_infer=2348 ms.
2026-02-02 16:17:49,812|INFO|random_mc2_n5_mid3_d1000_05_mr098_r10_102_uai_GSCC_n200_roTrue_s0: Saving results to ../results/synthetic/s123/random_mc2_n5_mid3_d1000_05_mr098_r10_102_uai_GSCC_n200_roTrue_s0.csv
2026-02-02 16:17:49,928|INFO|random_mc2_n6_mid3_d1000_05_mr098_r10_72_uai_GSCC_n200_roTrue_s0: [0.0627,0.0977]	 68 runs	 rmse=0.04881	 T_learn=25266 ms. 	 T_infer=3312 ms.
2026-02-02 16:17:49,933|INFO|random_mc2_n6_mid3_d1000_05_mr098_r10_72_uai_GSCC_n200_roTrue_s0: Saving results to ../results/synthetic/s123/random_mc2_n6_mid3_d1000_05_mr098_r10_72_uai_GSCC_n200_roTrue_s0.csv
2026-02-02 16:17:50,090|INFO|random_mc2_n5_mid3_d1000_05_mr098_r10_188_uai_GSCC_n200_roFalse_s0: [0.0011,0.0117]	 50 runs	 rmse=0.03768	 T_learn=8868 ms. 	 T_infer=1160 ms.
2026-02-02 16:17:50,097|INFO|random_mc2_n5_mid3_d1000_05_mr098_r10_188_uai_GSCC_n200_roFalse_s0: Saving results to ../results/synthetic/s123/random_mc2_n5_mid3_d1000_05_mr098_r10_188_uai_GSCC_n200_roFalse_s0.csv
2026-02-02 16:17:50,126|INFO|random_mc2_n5_mid3_d1000_05_mr098_r10_169_uai_GSCC_n200_roTrue_s0: [0.1389,0.2547]	 121 runs	 rmse=0.24528	 T_learn=13304 ms. 	 T_infer=1278 ms.
2026-02-02 16:17:50,134|INFO|random_mc2_n5_mid3_d1000_05_mr098_r10_169_uai_GSCC_n200_roTrue_s0: Saving results to ../results/synthetic/s123/random_mc2_n5_mid3_d1000_05_mr098_r10_169_uai_GSCC_n200_roTrue_s0.csv
2026-02-02 16:17:50,289|INFO|random_mc2_n5_mid3_d1000_05_mr098_r10_63_uai_GSCC_n200_roTrue_s0: [0.0281,0.1148]	 65 runs	 rmse=0.06215	 T_learn=7111 ms. 	 T_infer=909 ms.
2026-02-02 16:17:50,294|INFO|random_mc2_n5_mid3_d1000_05_mr098_r10_63_uai_GSCC_n200_roTrue_s0: Saving results to ../results/synthetic/s123/random_mc2_n5_mid3_d1000_05_mr098_r10_63_uai_GSCC_n200_roTrue_s0.csv
2026-02-02 16:17:50,386|INFO|random_mc2_n5_mid3_d1000_05_mr098_r10_31_uai_GSCC_n200_roTrue_s0: [0.0901,0.1399]	 86 runs	 rmse=0.14507	 T_learn=16191 ms. 	 T_infer=1883 ms.
2026-02-02 16:17:50,391|INFO|random_mc2_n5_mid3_d1000_05_mr098_r10_31_uai_GSCC_n200_roTrue_s0: Saving results to ../results/synthetic/s123/random_mc2_n5_mid3_d1000_05_mr098_r10_31_uai_GSCC_n200_roTrue_s0.csv
2026-02-02 16:17:50,462|INFO|random_mc2_n5_mid3_d1000_05_mr098_r10_190_uai_GSCC_n200_roTrue_s0: [0.0427,0.0746]	 64 runs	 rmse=0.08187	 T_learn=12411 ms. 	 T_infer=1695 ms.
2026-02-02 16:17:50,467|INFO|random_mc2_n5_mid3_d1000_05_mr098_r10_190_uai_GSCC_n200_roTrue_s0: Saving results to ../results/synthetic/s123/random_mc2_n5_mid3_d1000_05_mr098_r10_190_uai_GSCC_n200_roTrue_s0.csv
2026-02-02 16:17:50,470|INFO|random_mc2_n5_mid3_d1000_05_mr098_r10_141_uai_GSCC_n200_roTrue_s0: [0.0935,0.1946]	 75 runs	 rmse=0.09862	 T_learn=22130 ms. 	 T_infer=3093 ms.
2026-02-02 16:17:50,475|INFO|random_mc2_n5_mid3_d1000_05_mr098_r10_141_uai_GSCC_n200_roTrue_s0: Saving results to ../results/synthetic/s123/random_mc2_n5_mid3_d1000_05_mr098_r10_141_uai_GSCC_n200_roTrue_s0.csv
2026-02-02 16:17:50,481|INFO|random_mc2_n6_mid3_d1000_05_mr098_r10_28_uai_GSCC_n200_roFalse_s0: [0.4568,0.5473]	 64 runs	 rmse=0.09558	 T_learn=21359 ms. 	 T_infer=3247 ms.
2026-02-02 16:17:50,486|INFO|random_mc2_n6_mid3_d1000_05_mr098_r10_28_uai_GSCC_n200_roFalse_s0: Saving results to ../results/synthetic/s123/random_mc2_n6_mid3_d1000_05_mr098_r10_28_uai_GSCC_n200_roFalse_s0.csv
2026-02-02 16:17:50,660|INFO|random_mc2_n6_mid3_d1000_05_mr098_r10_169_uai_GSCC_n200_roFalse_s0: [0.0093,0.0314]	 88 runs	 rmse=0.01267	 T_learn=21371 ms. 	 T_infer=2811 ms.
2026-02-02 16:17:50,665|INFO|random_mc2_n6_mid3_d1000_05_mr098_r10_169_uai_GSCC_n200_roFalse_s0: Saving results to ../results/synthetic/s123/random_mc2_n6_mid3_d1000_05_mr098_r10_169_uai_GSCC_n200_roFalse_s0.csv
2026-02-02 16:17:50,862|INFO|random_mc2_n6_mid3_d1000_05_mr098_r10_158_uai_GSCC_n200_roFalse_s0: [0.0241,0.0370]	 72 runs	 rmse=0.03651	 T_learn=13805 ms. 	 T_infer=1845 ms.
2026-02-02 16:17:50,867|INFO|random_mc2_n6_mid3_d1000_05_mr098_r10_158_uai_GSCC_n200_roFalse_s0: Saving results to ../results/synthetic/s123/random_mc2_n6_mid3_d1000_05_mr098_r10_158_uai_GSCC_n200_roFalse_s0.csv
2026-02-02 16:17:50,990|INFO|random_mc2_n5_mid3_d1000_05_mr098_r10_195_uai_GSCC_n200_roFalse_s0: [0.0911,0.1949]	 82 runs	 rmse=0.16216	 T_learn=11499 ms. 	 T_infer=1353 ms.
2026-02-02 16:17:50,996|INFO|random_mc2_n5_mid3_d1000_05_mr098_r10_195_uai_GSCC_n200_roFalse_s0: Saving results to ../results/synthetic/s123/random_mc2_n5_mid3_d1000_05_mr098_r10_195_uai_GSCC_n200_roFalse_s0.csv
2026-02-02 16:17:51,230|INFO|random_mc2_n5_mid3_d1000_05_mr098_r10_44_uai_GSCC_n200_roFalse_s0: [0.0156,0.0340]	 69 runs	 rmse=0.00590	 T_learn=21696 ms. 	 T_infer=3403 ms.
2026-02-02 16:17:51,235|INFO|random_mc2_n5_mid3_d1000_05_mr098_r10_44_uai_GSCC_n200_roFalse_s0: Saving results to ../results/synthetic/s123/random_mc2_n5_mid3_d1000_05_mr098_r10_44_uai_GSCC_n200_roFalse_s0.csv
2026-02-02 16:17:51,306|INFO|random_mc2_n5_mid3_d1000_05_mr098_r10_63_uai_GSCC_n200_roTrue_s0: [0.0281,0.1148]	 66 runs	 rmse=0.06215	 T_learn=7200 ms. 	 T_infer=923 ms.
2026-02-02 16:17:51,311|INFO|random_mc2_n5_mid3_d1000_05_mr098_r10_63_uai_GSCC_n200_roTrue_s0: Saving results to ../results/synthetic/s123/random_mc2_n5_mid3_d1000_05_mr098_r10_63_uai_GSCC_n200_roTrue_s0.csv
2026-02-02 16:17:51,355|INFO|random_mc2_n6_mid3_d1000_05_mr098_r10_71_uai_GSCC_n200_roFalse_s0: [0.5153,0.6281]	 65 runs	 rmse=0.02577	 T_learn=23894 ms. 	 T_infer=3702 ms.
2026-02-02 16:17:51,360|INFO|random_mc2_n6_mid3_d1000_05_mr098_r10_71_uai_GSCC_n200_roFalse_s0: Saving results to ../results/synthetic/s123/random_mc2_n6_mid3_d1000_05_mr098_r10_71_uai_GSCC_n200_roFalse_s0.csv
2026-02-02 16:17:51,371|INFO|random_mc2_n7_mid3_d1000_05_mr098_r10_6_uai_GSCC_n200_roFalse_s0: [0.0093,0.0285]	 17 runs	 rmse=0.00935	 T_learn=12786 ms. 	 T_infer=1724 ms.
2026-02-02 16:17:51,375|INFO|random_mc2_n7_mid3_d1000_05_mr098_r10_6_uai_GSCC_n200_roFalse_s0: Saving results to ../results/synthetic/s123/random_mc2_n7_mid3_d1000_05_mr098_r10_6_uai_GSCC_n200_roFalse_s0.csv
2026-02-02 16:17:51,398|INFO|random_mc2_n5_mid3_d1000_05_mr098_r10_188_uai_GSCC_n200_roFalse_s0: [0.0011,0.0117]	 51 runs	 rmse=0.03768	 T_learn=8987 ms. 	 T_infer=1182 ms.
2026-02-02 16:17:51,402|INFO|random_mc2_n5_mid3_d1000_05_mr098_r10_188_uai_GSCC_n200_roFalse_s0: Saving results to ../results/synthetic/s123/random_mc2_n5_mid3_d1000_05_mr098_r10_188_uai_GSCC_n200_roFalse_s0.csv
2026-02-02 16:17:51,502|INFO|random_mc2_n7_mid3_d1000_05_mr098_r10_65_uai_GSCC_n200_roTrue_s0: [0.1851,0.2055]	 23 runs	 rmse=0.03341	 T_learn=10784 ms. 	 T_infer=1593 ms.
2026-02-02 16:17:51,507|INFO|random_mc2_n7_mid3_d1000_05_mr098_r10_65_uai_GSCC_n200_roTrue_s0: Saving results to ../results/synthetic/s123/random_mc2_n7_mid3_d1000_05_mr098_r10_65_uai_GSCC_n200_roTrue_s0.csv
2026-02-02 16:17:51,564|INFO|random_mc2_n5_mid3_d1000_05_mr098_r10_169_uai_GSCC_n200_roTrue_s0: [0.1389,0.2547]	 122 runs	 rmse=0.24528	 T_learn=13449 ms. 	 T_infer=1286 ms.
2026-02-02 16:17:51,572|INFO|random_mc2_n5_mid3_d1000_05_mr098_r10_169_uai_GSCC_n200_roTrue_s0: Saving results to ../results/synthetic/s123/random_mc2_n5_mid3_d1000_05_mr098_r10_169_uai_GSCC_n200_roTrue_s0.csv
2026-02-02 16:17:51,615|INFO|random_mc2_n6_mid3_d1000_05_mr098_r10_144_uai_GSCC_n200_roTrue_s0: [0.0153,0.0222]	 41 runs	 rmse=0.01490	 T_learn=11599 ms. 	 T_infer=2067 ms.
2026-02-02 16:17:51,619|INFO|random_mc2_n6_mid3_d1000_05_mr098_r10_144_uai_GSCC_n200_roTrue_s0: Saving results to ../results/synthetic/s123/random_mc2_n6_mid3_d1000_05_mr098_r10_144_uai_GSCC_n200_roTrue_s0.csv
2026-02-02 16:17:51,755|INFO|random_mc2_n5_mid3_d1000_05_mr098_r10_137_uai_GSCC_n200_roFalse_s0: [0.3436,0.4074]	 66 runs	 rmse=0.03523	 T_learn=15039 ms. 	 T_infer=1991 ms.
2026-02-02 16:17:51,760|INFO|random_mc2_n5_mid3_d1000_05_mr098_r10_137_uai_GSCC_n200_roFalse_s0: Saving results to ../results/synthetic/s123/random_mc2_n5_mid3_d1000_05_mr098_r10_137_uai_GSCC_n200_roFalse_s0.csv
2026-02-02 16:17:52,268|INFO|random_mc2_n5_mid3_d1000_05_mr098_r10_102_uai_GSCC_n200_roTrue_s0: [0.3034,0.4350]	 90 runs	 rmse=0.05838	 T_learn=16326 ms. 	 T_infer=2244 ms.
2026-02-02 16:17:52,274|INFO|random_mc2_n5_mid3_d1000_05_mr098_r10_102_uai_GSCC_n200_roTrue_s0: Saving results to ../results/synthetic/s123/random_mc2_n5_mid3_d1000_05_mr098_r10_102_uai_GSCC_n200_roTrue_s0.csv
2026-02-02 16:17:52,344|INFO|random_mc2_n5_mid3_d1000_05_mr098_r10_63_uai_GSCC_n200_roTrue_s0: [0.0281,0.1148]	 67 runs	 rmse=0.06215	 T_learn=7292 ms. 	 T_infer=942 ms.
2026-02-02 16:17:52,349|INFO|random_mc2_n5_mid3_d1000_05_mr098_r10_63_uai_GSCC_n200_roTrue_s0: Saving results to ../results/synthetic/s123/random_mc2_n5_mid3_d1000_05_mr098_r10_63_uai_GSCC_n200_roTrue_s0.csv
2026-02-02 16:17:52,357|INFO|random_mc2_n5_mid3_d1000_05_mr098_r10_74_uai_GSCC_n200_roTrue_s0: [0.3231,0.3975]	 41 runs	 rmse=0.13464	 T_learn=17045 ms. 	 T_infer=3245 ms.
2026-02-02 16:17:52,362|INFO|random_mc2_n5_mid3_d1000_05_mr098_r10_74_uai_GSCC_n200_roTrue_s0: Saving results to ../results/synthetic/s123/random_mc2_n5_mid3_d1000_05_mr098_r10_74_uai_GSCC_n200_roTrue_s0.csv
2026-02-02 16:17:52,374|INFO|random_mc2_n5_mid3_d1000_05_mr098_r10_190_uai_GSCC_n200_roTrue_s0: [0.0448,0.0746]	 65 runs	 rmse=0.08299	 T_learn=12594 ms. 	 T_infer=1724 ms.
2026-02-02 16:17:52,379|INFO|random_mc2_n5_mid3_d1000_05_mr098_r10_190_uai_GSCC_n200_roTrue_s0: Saving results to ../results/synthetic/s123/random_mc2_n5_mid3_d1000_05_mr098_r10_190_uai_GSCC_n200_roTrue_s0.csv
2026-02-02 16:17:52,526|INFO|random_mc2_n5_mid3_d1000_05_mr098_r10_31_uai_GSCC_n200_roTrue_s0: [0.0901,0.1399]	 87 runs	 rmse=0.14507	 T_learn=16423 ms. 	 T_infer=1902 ms.
2026-02-02 16:17:52,531|INFO|random_mc2_n5_mid3_d1000_05_mr098_r10_31_uai_GSCC_n200_roTrue_s0: Saving results to ../results/synthetic/s123/random_mc2_n5_mid3_d1000_05_mr098_r10_31_uai_GSCC_n200_roTrue_s0.csv
2026-02-02 16:17:52,632|INFO|random_mc2_n5_mid3_d1000_05_mr098_r10_195_uai_GSCC_n200_roFalse_s0: [0.0911,0.1949]	 83 runs	 rmse=0.16216	 T_learn=11641 ms. 	 T_infer=1494 ms.
2026-02-02 16:17:52,638|INFO|random_mc2_n5_mid3_d1000_05_mr098_r10_195_uai_GSCC_n200_roFalse_s0: Saving results to ../results/synthetic/s123/random_mc2_n5_mid3_d1000_05_mr098_r10_195_uai_GSCC_n200_roFalse_s0.csv
2026-02-02 16:17:52,846|INFO|random_mc2_n5_mid3_d1000_05_mr098_r10_188_uai_GSCC_n200_roFalse_s0: [0.0011,0.0117]	 52 runs	 rmse=0.03768	 T_learn=9107 ms. 	 T_infer=1324 ms.
2026-02-02 16:17:52,851|INFO|random_mc2_n5_mid3_d1000_05_mr098_r10_188_uai_GSCC_n200_roFalse_s0: Saving results to ../results/synthetic/s123/random_mc2_n5_mid3_d1000_05_mr098_r10_188_uai_GSCC_n200_roFalse_s0.csv
2026-02-02 16:17:53,018|INFO|random_mc2_n5_mid3_d1000_05_mr098_r10_169_uai_GSCC_n200_roTrue_s0: [0.1389,0.2547]	 123 runs	 rmse=0.24528	 T_learn=13596 ms. 	 T_infer=1299 ms.
2026-02-02 16:17:53,025|INFO|random_mc2_n5_mid3_d1000_05_mr098_r10_169_uai_GSCC_n200_roTrue_s0: Saving results to ../results/synthetic/s123/random_mc2_n5_mid3_d1000_05_mr098_r10_169_uai_GSCC_n200_roTrue_s0.csv
2026-02-02 16:17:53,047|INFO|random_mc2_n6_mid3_d1000_05_mr098_r10_158_uai_GSCC_n200_roFalse_s0: [0.0241,0.0370]	 73 runs	 rmse=0.03651	 T_learn=13998 ms. 	 T_infer=1987 ms.
2026-02-02 16:17:53,052|INFO|random_mc2_n6_mid3_d1000_05_mr098_r10_158_uai_GSCC_n200_roFalse_s0: Saving results to ../results/synthetic/s123/random_mc2_n6_mid3_d1000_05_mr098_r10_158_uai_GSCC_n200_roFalse_s0.csv
2026-02-02 16:17:53,240|INFO|random_mc2_n7_mid3_d1000_05_mr098_r10_65_uai_GSCC_n200_roTrue_s0: [0.1851,0.2055]	 24 runs	 rmse=0.03341	 T_learn=11003 ms. 	 T_infer=1514 ms.
2026-02-02 16:17:53,244|INFO|random_mc2_n7_mid3_d1000_05_mr098_r10_65_uai_GSCC_n200_roTrue_s0: Saving results to ../results/synthetic/s123/random_mc2_n7_mid3_d1000_05_mr098_r10_65_uai_GSCC_n200_roTrue_s0.csv
2026-02-02 16:17:53,390|INFO|random_mc2_n5_mid3_d1000_05_mr098_r10_63_uai_GSCC_n200_roTrue_s0: [0.0281,0.1148]	 68 runs	 rmse=0.06215	 T_learn=7384 ms. 	 T_infer=949 ms.
2026-02-02 16:17:53,396|INFO|random_mc2_n5_mid3_d1000_05_mr098_r10_63_uai_GSCC_n200_roTrue_s0: Saving results to ../results/synthetic/s123/random_mc2_n5_mid3_d1000_05_mr098_r10_63_uai_GSCC_n200_roTrue_s0.csv
2026-02-02 16:17:53,501|INFO|random_mc2_n7_mid3_d1000_05_mr098_r10_6_uai_GSCC_n200_roFalse_s0: [0.0093,0.0285]	 18 runs	 rmse=0.00935	 T_learn=13086 ms. 	 T_infer=1826 ms.
2026-02-02 16:17:53,505|INFO|random_mc2_n7_mid3_d1000_05_mr098_r10_6_uai_GSCC_n200_roFalse_s0: Saving results to ../results/synthetic/s123/random_mc2_n7_mid3_d1000_05_mr098_r10_6_uai_GSCC_n200_roFalse_s0.csv
2026-02-02 16:17:53,629|INFO|random_mc2_n6_mid3_d1000_05_mr098_r10_169_uai_GSCC_n200_roFalse_s0: [0.0093,0.0314]	 89 runs	 rmse=0.01267	 T_learn=21657 ms. 	 T_infer=2677 ms.
2026-02-02 16:17:53,634|INFO|random_mc2_n6_mid3_d1000_05_mr098_r10_169_uai_GSCC_n200_roFalse_s0: Saving results to ../results/synthetic/s123/random_mc2_n6_mid3_d1000_05_mr098_r10_169_uai_GSCC_n200_roFalse_s0.csv
2026-02-02 16:17:53,877|INFO|random_mc2_n6_mid3_d1000_05_mr098_r10_72_uai_GSCC_n200_roTrue_s0: [0.0627,0.0977]	 69 runs	 rmse=0.04881	 T_learn=25719 ms. 	 T_infer=3491 ms.
2026-02-02 16:17:53,882|INFO|random_mc2_n6_mid3_d1000_05_mr098_r10_72_uai_GSCC_n200_roTrue_s0: Saving results to ../results/synthetic/s123/random_mc2_n6_mid3_d1000_05_mr098_r10_72_uai_GSCC_n200_roTrue_s0.csv
2026-02-02 16:17:54,000|INFO|random_mc2_n5_mid3_d1000_05_mr098_r10_141_uai_GSCC_n200_roTrue_s0: [0.0935,0.1946]	 76 runs	 rmse=0.09862	 T_learn=22526 ms. 	 T_infer=3129 ms.
2026-02-02 16:17:54,001|INFO|random_mc2_n6_mid3_d1000_05_mr098_r10_144_uai_GSCC_n200_roTrue_s0: [0.0153,0.0222]	 42 runs	 rmse=0.01490	 T_learn=11865 ms. 	 T_infer=2116 ms.
2026-02-02 16:17:54,005|INFO|random_mc2_n5_mid3_d1000_05_mr098_r10_141_uai_GSCC_n200_roTrue_s0: Saving results to ../results/synthetic/s123/random_mc2_n5_mid3_d1000_05_mr098_r10_141_uai_GSCC_n200_roTrue_s0.csv
2026-02-02 16:17:54,005|INFO|random_mc2_n6_mid3_d1000_05_mr098_r10_144_uai_GSCC_n200_roTrue_s0: Saving results to ../results/synthetic/s123/random_mc2_n6_mid3_d1000_05_mr098_r10_144_uai_GSCC_n200_roTrue_s0.csv
2026-02-02 16:17:54,160|INFO|random_mc2_n5_mid3_d1000_05_mr098_r10_195_uai_GSCC_n200_roFalse_s0: [0.0911,0.1949]	 84 runs	 rmse=0.16216	 T_learn=11784 ms. 	 T_infer=1378 ms.
2026-02-02 16:17:54,165|INFO|random_mc2_n5_mid3_d1000_05_mr098_r10_195_uai_GSCC_n200_roFalse_s0: Saving results to ../results/synthetic/s123/random_mc2_n5_mid3_d1000_05_mr098_r10_195_uai_GSCC_n200_roFalse_s0.csv
2026-02-02 16:17:54,202|INFO|random_mc2_n5_mid3_d1000_05_mr098_r10_137_uai_GSCC_n200_roFalse_s0: [0.3436,0.4074]	 67 runs	 rmse=0.03523	 T_learn=15306 ms. 	 T_infer=2174 ms.
2026-02-02 16:17:54,204|INFO|random_mc2_n5_mid3_d1000_05_mr098_r10_188_uai_GSCC_n200_roFalse_s0: [0.0011,0.0117]	 53 runs	 rmse=0.03768	 T_learn=9227 ms. 	 T_infer=1234 ms.
2026-02-02 16:17:54,207|INFO|random_mc2_n5_mid3_d1000_05_mr098_r10_137_uai_GSCC_n200_roFalse_s0: Saving results to ../results/synthetic/s123/random_mc2_n5_mid3_d1000_05_mr098_r10_137_uai_GSCC_n200_roFalse_s0.csv
2026-02-02 16:17:54,210|INFO|random_mc2_n5_mid3_d1000_05_mr098_r10_188_uai_GSCC_n200_roFalse_s0: Saving results to ../results/synthetic/s123/random_mc2_n5_mid3_d1000_05_mr098_r10_188_uai_GSCC_n200_roFalse_s0.csv
2026-02-02 16:17:54,228|INFO|random_mc2_n6_mid3_d1000_05_mr098_r10_28_uai_GSCC_n200_roFalse_s0: [0.4568,0.5473]	 65 runs	 rmse=0.09558	 T_learn=21805 ms. 	 T_infer=3295 ms.
2026-02-02 16:17:54,233|INFO|random_mc2_n6_mid3_d1000_05_mr098_r10_28_uai_GSCC_n200_roFalse_s0: Saving results to ../results/synthetic/s123/random_mc2_n6_mid3_d1000_05_mr098_r10_28_uai_GSCC_n200_roFalse_s0.csv
2026-02-02 16:17:54,311|INFO|random_mc2_n5_mid3_d1000_05_mr098_r10_190_uai_GSCC_n200_roTrue_s0: [0.0448,0.0746]	 66 runs	 rmse=0.08299	 T_learn=12778 ms. 	 T_infer=1747 ms.
2026-02-02 16:17:54,315|INFO|random_mc2_n5_mid3_d1000_05_mr098_r10_190_uai_GSCC_n200_roTrue_s0: Saving results to ../results/synthetic/s123/random_mc2_n5_mid3_d1000_05_mr098_r10_190_uai_GSCC_n200_roTrue_s0.csv
2026-02-02 16:17:54,577|INFO|random_mc2_n5_mid3_d1000_05_mr098_r10_63_uai_GSCC_n200_roTrue_s0: [0.0281,0.1148]	 69 runs	 rmse=0.06215	 T_learn=7476 ms. 	 T_infer=1089 ms.
2026-02-02 16:17:54,583|INFO|random_mc2_n5_mid3_d1000_05_mr098_r10_63_uai_GSCC_n200_roTrue_s0: Saving results to ../results/synthetic/s123/random_mc2_n5_mid3_d1000_05_mr098_r10_63_uai_GSCC_n200_roTrue_s0.csv
2026-02-02 16:17:54,633|INFO|random_mc2_n5_mid3_d1000_05_mr098_r10_169_uai_GSCC_n200_roTrue_s0: [0.1389,0.2547]	 124 runs	 rmse=0.24528	 T_learn=13744 ms. 	 T_infer=1460 ms.
2026-02-02 16:17:54,641|INFO|random_mc2_n5_mid3_d1000_05_mr098_r10_169_uai_GSCC_n200_roTrue_s0: Saving results to ../results/synthetic/s123/random_mc2_n5_mid3_d1000_05_mr098_r10_169_uai_GSCC_n200_roTrue_s0.csv
2026-02-02 16:17:54,692|INFO|random_mc2_n5_mid3_d1000_05_mr098_r10_31_uai_GSCC_n200_roTrue_s0: [0.0901,0.1399]	 88 runs	 rmse=0.14507	 T_learn=16656 ms. 	 T_infer=1928 ms.
2026-02-02 16:17:54,697|INFO|random_mc2_n5_mid3_d1000_05_mr098_r10_31_uai_GSCC_n200_roTrue_s0: Saving results to ../results/synthetic/s123/random_mc2_n5_mid3_d1000_05_mr098_r10_31_uai_GSCC_n200_roTrue_s0.csv
2026-02-02 16:17:54,752|INFO|random_mc2_n5_mid3_d1000_05_mr098_r10_102_uai_GSCC_n200_roTrue_s0: [0.3034,0.4448]	 91 runs	 rmse=0.05177	 T_learn=16540 ms. 	 T_infer=2263 ms.
2026-02-02 16:17:54,757|INFO|random_mc2_n5_mid3_d1000_05_mr098_r10_102_uai_GSCC_n200_roTrue_s0: Saving results to ../results/synthetic/s123/random_mc2_n5_mid3_d1000_05_mr098_r10_102_uai_GSCC_n200_roTrue_s0.csv
2026-02-02 16:17:55,057|INFO|random_mc2_n7_mid3_d1000_05_mr098_r10_65_uai_GSCC_n200_roTrue_s0: [0.1851,0.2055]	 25 runs	 rmse=0.03341	 T_learn=11231 ms. 	 T_infer=1584 ms.
2026-02-02 16:17:55,092|INFO|random_mc2_n7_mid3_d1000_05_mr098_r10_65_uai_GSCC_n200_roTrue_s0: Saving results to ../results/synthetic/s123/random_mc2_n7_mid3_d1000_05_mr098_r10_65_uai_GSCC_n200_roTrue_s0.csv
2026-02-02 16:17:55,126|INFO|random_mc2_n5_mid3_d1000_05_mr098_r10_44_uai_GSCC_n200_roFalse_s0: [0.0156,0.0340]	 70 runs	 rmse=0.00590	 T_learn=22151 ms. 	 T_infer=3436 ms.
2026-02-02 16:17:55,132|INFO|random_mc2_n5_mid3_d1000_05_mr098_r10_44_uai_GSCC_n200_roFalse_s0: Saving results to ../results/synthetic/s123/random_mc2_n5_mid3_d1000_05_mr098_r10_44_uai_GSCC_n200_roFalse_s0.csv
2026-02-02 16:17:55,140|INFO|random_mc2_n6_mid3_d1000_05_mr098_r10_158_uai_GSCC_n200_roFalse_s0: [0.0241,0.0370]	 74 runs	 rmse=0.03651	 T_learn=14193 ms. 	 T_infer=1893 ms.
2026-02-02 16:17:55,146|INFO|random_mc2_n6_mid3_d1000_05_mr098_r10_158_uai_GSCC_n200_roFalse_s0: Saving results to ../results/synthetic/s123/random_mc2_n6_mid3_d1000_05_mr098_r10_158_uai_GSCC_n200_roFalse_s0.csv
2026-02-02 16:17:55,429|INFO|random_mc2_n6_mid3_d1000_05_mr098_r10_71_uai_GSCC_n200_roFalse_s0: [0.5153,0.6281]	 66 runs	 rmse=0.02577	 T_learn=24383 ms. 	 T_infer=3581 ms.
2026-02-02 16:17:55,435|INFO|random_mc2_n6_mid3_d1000_05_mr098_r10_71_uai_GSCC_n200_roFalse_s0: Saving results to ../results/synthetic/s123/random_mc2_n6_mid3_d1000_05_mr098_r10_71_uai_GSCC_n200_roFalse_s0.csv
2026-02-02 16:17:55,587|INFO|random_mc2_n5_mid3_d1000_05_mr098_r10_188_uai_GSCC_n200_roFalse_s0: [0.0011,0.0117]	 54 runs	 rmse=0.03768	 T_learn=9351 ms. 	 T_infer=1253 ms.
2026-02-02 16:17:55,592|INFO|random_mc2_n5_mid3_d1000_05_mr098_r10_188_uai_GSCC_n200_roFalse_s0: Saving results to ../results/synthetic/s123/random_mc2_n5_mid3_d1000_05_mr098_r10_188_uai_GSCC_n200_roFalse_s0.csv
2026-02-02 16:17:55,660|INFO|random_mc2_n5_mid3_d1000_05_mr098_r10_63_uai_GSCC_n200_roTrue_s0: [0.0281,0.1148]	 70 runs	 rmse=0.06215	 T_learn=7570 ms. 	 T_infer=983 ms.
2026-02-02 16:17:55,666|INFO|random_mc2_n5_mid3_d1000_05_mr098_r10_63_uai_GSCC_n200_roTrue_s0: Saving results to ../results/synthetic/s123/random_mc2_n5_mid3_d1000_05_mr098_r10_63_uai_GSCC_n200_roTrue_s0.csv
2026-02-02 16:17:55,711|INFO|random_mc2_n5_mid3_d1000_05_mr098_r10_195_uai_GSCC_n200_roFalse_s0: [0.0911,0.1949]	 85 runs	 rmse=0.16216	 T_learn=11931 ms. 	 T_infer=1399 ms.
2026-02-02 16:17:55,716|INFO|random_mc2_n5_mid3_d1000_05_mr098_r10_195_uai_GSCC_n200_roFalse_s0: Saving results to ../results/synthetic/s123/random_mc2_n5_mid3_d1000_05_mr098_r10_195_uai_GSCC_n200_roFalse_s0.csv
2026-02-02 16:17:55,748|INFO|random_mc2_n7_mid3_d1000_05_mr098_r10_6_uai_GSCC_n200_roFalse_s0: [0.0093,0.0285]	 19 runs	 rmse=0.00935	 T_learn=13400 ms. 	 T_infer=1928 ms.
2026-02-02 16:17:55,752|INFO|random_mc2_n7_mid3_d1000_05_mr098_r10_6_uai_GSCC_n200_roFalse_s0: Saving results to ../results/synthetic/s123/random_mc2_n7_mid3_d1000_05_mr098_r10_6_uai_GSCC_n200_roFalse_s0.csv
2026-02-02 16:17:56,108|INFO|random_mc2_n5_mid3_d1000_05_mr098_r10_169_uai_GSCC_n200_roTrue_s0: [0.1389,0.2547]	 125 runs	 rmse=0.24528	 T_learn=13893 ms. 	 T_infer=1318 ms.
2026-02-02 16:17:56,115|INFO|random_mc2_n5_mid3_d1000_05_mr098_r10_169_uai_GSCC_n200_roTrue_s0: Saving results to ../results/synthetic/s123/random_mc2_n5_mid3_d1000_05_mr098_r10_169_uai_GSCC_n200_roTrue_s0.csv
2026-02-02 16:17:56,128|INFO|random_mc2_n5_mid3_d1000_05_mr098_r10_74_uai_GSCC_n200_roTrue_s0: [0.3231,0.3975]	 42 runs	 rmse=0.13464	 T_learn=17491 ms. 	 T_infer=3320 ms.
2026-02-02 16:17:56,134|INFO|random_mc2_n5_mid3_d1000_05_mr098_r10_74_uai_GSCC_n200_roTrue_s0: Saving results to ../results/synthetic/s123/random_mc2_n5_mid3_d1000_05_mr098_r10_74_uai_GSCC_n200_roTrue_s0.csv
2026-02-02 16:17:56,395|INFO|random_mc2_n5_mid3_d1000_05_mr098_r10_190_uai_GSCC_n200_roTrue_s0: [0.0448,0.0746]	 67 runs	 rmse=0.08299	 T_learn=12966 ms. 	 T_infer=1892 ms.
2026-02-02 16:17:56,400|INFO|random_mc2_n5_mid3_d1000_05_mr098_r10_190_uai_GSCC_n200_roTrue_s0: Saving results to ../results/synthetic/s123/random_mc2_n5_mid3_d1000_05_mr098_r10_190_uai_GSCC_n200_roTrue_s0.csv
2026-02-02 16:17:56,530|INFO|random_mc2_n5_mid3_d1000_05_mr098_r10_137_uai_GSCC_n200_roFalse_s0: [0.3436,0.4074]	 68 runs	 rmse=0.03523	 T_learn=15577 ms. 	 T_infer=2052 ms.
2026-02-02 16:17:56,535|INFO|random_mc2_n5_mid3_d1000_05_mr098_r10_137_uai_GSCC_n200_roFalse_s0: Saving results to ../results/synthetic/s123/random_mc2_n5_mid3_d1000_05_mr098_r10_137_uai_GSCC_n200_roFalse_s0.csv
2026-02-02 16:17:56,583|INFO|random_mc2_n6_mid3_d1000_05_mr098_r10_144_uai_GSCC_n200_roTrue_s0: [0.0153,0.0222]	 43 runs	 rmse=0.01490	 T_learn=12136 ms. 	 T_infer=2306 ms.
2026-02-02 16:17:56,588|INFO|random_mc2_n6_mid3_d1000_05_mr098_r10_144_uai_GSCC_n200_roTrue_s0: Saving results to ../results/synthetic/s123/random_mc2_n6_mid3_d1000_05_mr098_r10_144_uai_GSCC_n200_roTrue_s0.csv
2026-02-02 16:17:56,627|INFO|random_mc2_n6_mid3_d1000_05_mr098_r10_169_uai_GSCC_n200_roFalse_s0: [0.0093,0.0314]	 90 runs	 rmse=0.01267	 T_learn=21946 ms. 	 T_infer=2703 ms.
2026-02-02 16:17:56,632|INFO|random_mc2_n6_mid3_d1000_05_mr098_r10_169_uai_GSCC_n200_roFalse_s0: Saving results to ../results/synthetic/s123/random_mc2_n6_mid3_d1000_05_mr098_r10_169_uai_GSCC_n200_roFalse_s0.csv
2026-02-02 16:17:56,751|INFO|random_mc2_n5_mid3_d1000_05_mr098_r10_63_uai_GSCC_n200_roTrue_s0: [0.0281,0.1148]	 71 runs	 rmse=0.06215	 T_learn=7665 ms. 	 T_infer=990 ms.
2026-02-02 16:17:56,756|INFO|random_mc2_n5_mid3_d1000_05_mr098_r10_63_uai_GSCC_n200_roTrue_s0: Saving results to ../results/synthetic/s123/random_mc2_n5_mid3_d1000_05_mr098_r10_63_uai_GSCC_n200_roTrue_s0.csv
2026-02-02 16:17:56,966|INFO|random_mc2_n7_mid3_d1000_05_mr098_r10_65_uai_GSCC_n200_roTrue_s0: [0.1851,0.2055]	 26 runs	 rmse=0.03341	 T_learn=11462 ms. 	 T_infer=1643 ms.
2026-02-02 16:17:56,971|INFO|random_mc2_n7_mid3_d1000_05_mr098_r10_65_uai_GSCC_n200_roTrue_s0: Saving results to ../results/synthetic/s123/random_mc2_n7_mid3_d1000_05_mr098_r10_65_uai_GSCC_n200_roTrue_s0.csv
2026-02-02 16:17:56,990|INFO|random_mc2_n5_mid3_d1000_05_mr098_r10_188_uai_GSCC_n200_roFalse_s0: [0.0011,0.0117]	 55 runs	 rmse=0.03768	 T_learn=9474 ms. 	 T_infer=1274 ms.
2026-02-02 16:17:56,995|INFO|random_mc2_n5_mid3_d1000_05_mr098_r10_188_uai_GSCC_n200_roFalse_s0: Saving results to ../results/synthetic/s123/random_mc2_n5_mid3_d1000_05_mr098_r10_188_uai_GSCC_n200_roFalse_s0.csv
2026-02-02 16:17:57,004|INFO|random_mc2_n5_mid3_d1000_05_mr098_r10_31_uai_GSCC_n200_roTrue_s0: [0.0901,0.1399]	 89 runs	 rmse=0.14507	 T_learn=16891 ms. 	 T_infer=2072 ms.
2026-02-02 16:17:57,010|INFO|random_mc2_n5_mid3_d1000_05_mr098_r10_31_uai_GSCC_n200_roTrue_s0: Saving results to ../results/synthetic/s123/random_mc2_n5_mid3_d1000_05_mr098_r10_31_uai_GSCC_n200_roTrue_s0.csv
2026-02-02 16:17:57,153|INFO|random_mc2_n8_mid3_d1000_05_mr098_r10_63_uai_GSCC_n200_roFalse_s0: Loading model from ../models/synthetic/s123/random_mc2_n8_mid3_d1000_05_mr098_r10_63.uai
2026-02-02 16:17:57,166|INFO|random_mc2_n8_mid3_d1000_05_mr098_r10_63_uai_GSCC_n200_roFalse_s0: Loading data from ../models/synthetic/s123/random_mc2_n8_mid3_d1000_05_mr098_r10_63.csv
2026-02-02 16:17:57,175|INFO|random_mc2_n8_mid3_d1000_05_mr098_r10_63_uai_GSCC_n200_roFalse_s0: PNS(V1,V6) exact: (0.0, 0.122153736431654)
2026-02-02 16:17:57,257|INFO|random_mc2_n6_mid3_d1000_05_mr098_r10_158_uai_GSCC_n200_roFalse_s0: [0.0241,0.0370]	 75 runs	 rmse=0.03651	 T_learn=14391 ms. 	 T_infer=1913 ms.
2026-02-02 16:17:57,262|INFO|random_mc2_n6_mid3_d1000_05_mr098_r10_158_uai_GSCC_n200_roFalse_s0: Saving results to ../results/synthetic/s123/random_mc2_n6_mid3_d1000_05_mr098_r10_158_uai_GSCC_n200_roFalse_s0.csv
2026-02-02 16:17:57,267|INFO|random_mc2_n5_mid3_d1000_05_mr098_r10_102_uai_GSCC_n200_roTrue_s0: [0.3034,0.4448]	 92 runs	 rmse=0.05177	 T_learn=16756 ms. 	 T_infer=2293 ms.
2026-02-02 16:17:57,272|INFO|random_mc2_n5_mid3_d1000_05_mr098_r10_102_uai_GSCC_n200_roTrue_s0: Saving results to ../results/synthetic/s123/random_mc2_n5_mid3_d1000_05_mr098_r10_102_uai_GSCC_n200_roTrue_s0.csv
2026-02-02 16:17:57,279|INFO|random_mc2_n5_mid3_d1000_05_mr098_r10_195_uai_GSCC_n200_roFalse_s0: [0.0911,0.1949]	 86 runs	 rmse=0.16216	 T_learn=12077 ms. 	 T_infer=1416 ms.
2026-02-02 16:17:57,284|INFO|random_mc2_n5_mid3_d1000_05_mr098_r10_195_uai_GSCC_n200_roFalse_s0: Saving results to ../results/synthetic/s123/random_mc2_n5_mid3_d1000_05_mr098_r10_195_uai_GSCC_n200_roFalse_s0.csv
2026-02-02 16:17:57,582|INFO|random_mc2_n5_mid3_d1000_05_mr098_r10_141_uai_GSCC_n200_roTrue_s0: [0.0935,0.1946]	 77 runs	 rmse=0.09862	 T_learn=22932 ms. 	 T_infer=3171 ms.
2026-02-02 16:17:57,588|INFO|random_mc2_n5_mid3_d1000_05_mr098_r10_141_uai_GSCC_n200_roTrue_s0: Saving results to ../results/synthetic/s123/random_mc2_n5_mid3_d1000_05_mr098_r10_141_uai_GSCC_n200_roTrue_s0.csv
2026-02-02 16:17:57,592|INFO|random_mc2_n5_mid3_d1000_05_mr098_r10_169_uai_GSCC_n200_roTrue_s0: [0.1389,0.2547]	 126 runs	 rmse=0.24528	 T_learn=14042 ms. 	 T_infer=1328 ms.
2026-02-02 16:17:57,601|INFO|random_mc2_n5_mid3_d1000_05_mr098_r10_169_uai_GSCC_n200_roTrue_s0: Saving results to ../results/synthetic/s123/random_mc2_n5_mid3_d1000_05_mr098_r10_169_uai_GSCC_n200_roTrue_s0.csv
2026-02-02 16:17:57,718|INFO|random_mc2_n6_mid3_d1000_05_mr098_r10_72_uai_GSCC_n200_roTrue_s0: [0.0627,0.0977]	 70 runs	 rmse=0.04881	 T_learn=26175 ms. 	 T_infer=3380 ms.
2026-02-02 16:17:57,724|INFO|random_mc2_n6_mid3_d1000_05_mr098_r10_72_uai_GSCC_n200_roTrue_s0: Saving results to ../results/synthetic/s123/random_mc2_n6_mid3_d1000_05_mr098_r10_72_uai_GSCC_n200_roTrue_s0.csv
2026-02-02 16:17:57,857|INFO|random_mc2_n5_mid3_d1000_05_mr098_r10_63_uai_GSCC_n200_roTrue_s0: [0.0281,0.1148]	 72 runs	 rmse=0.06215	 T_learn=7761 ms. 	 T_infer=1006 ms.
2026-02-02 16:17:57,862|INFO|random_mc2_n5_mid3_d1000_05_mr098_r10_63_uai_GSCC_n200_roTrue_s0: Saving results to ../results/synthetic/s123/random_mc2_n5_mid3_d1000_05_mr098_r10_63_uai_GSCC_n200_roTrue_s0.csv
2026-02-02 16:17:58,029|INFO|random_mc2_n6_mid3_d1000_05_mr098_r10_28_uai_GSCC_n200_roFalse_s0: [0.4568,0.5473]	 66 runs	 rmse=0.09558	 T_learn=22254 ms. 	 T_infer=3346 ms.
2026-02-02 16:17:58,034|INFO|random_mc2_n6_mid3_d1000_05_mr098_r10_28_uai_GSCC_n200_roFalse_s0: Saving results to ../results/synthetic/s123/random_mc2_n6_mid3_d1000_05_mr098_r10_28_uai_GSCC_n200_roFalse_s0.csv
2026-02-02 16:17:58,108|INFO|random_mc2_n7_mid3_d1000_05_mr098_r10_6_uai_GSCC_n200_roFalse_s0: [0.0093,0.0285]	 20 runs	 rmse=0.00935	 T_learn=13723 ms. 	 T_infer=2032 ms.
2026-02-02 16:17:58,112|INFO|random_mc2_n7_mid3_d1000_05_mr098_r10_6_uai_GSCC_n200_roFalse_s0: Saving results to ../results/synthetic/s123/random_mc2_n7_mid3_d1000_05_mr098_r10_6_uai_GSCC_n200_roFalse_s0.csv
2026-02-02 16:17:58,388|INFO|random_mc2_n5_mid3_d1000_05_mr098_r10_190_uai_GSCC_n200_roTrue_s0: [0.0448,0.0729]	 68 runs	 rmse=0.08448	 T_learn=13155 ms. 	 T_infer=1799 ms.
2026-02-02 16:17:58,393|INFO|random_mc2_n5_mid3_d1000_05_mr098_r10_190_uai_GSCC_n200_roTrue_s0: Saving results to ../results/synthetic/s123/random_mc2_n5_mid3_d1000_05_mr098_r10_190_uai_GSCC_n200_roTrue_s0.csv
2026-02-02 16:17:58,421|INFO|random_mc2_n5_mid3_d1000_05_mr098_r10_188_uai_GSCC_n200_roFalse_s0: [0.0011,0.0117]	 56 runs	 rmse=0.03768	 T_learn=9600 ms. 	 T_infer=1300 ms.
2026-02-02 16:17:58,425|INFO|random_mc2_n5_mid3_d1000_05_mr098_r10_188_uai_GSCC_n200_roFalse_s0: Saving results to ../results/synthetic/s123/random_mc2_n5_mid3_d1000_05_mr098_r10_188_uai_GSCC_n200_roFalse_s0.csv
2026-02-02 16:17:58,472|INFO|random_mc2_n5_mid3_d1000_05_mr098_r10_129_uai_GSCC_n200_roTrue_s0: Loading model from ../models/synthetic/s123/random_mc2_n5_mid3_d1000_05_mr098_r10_129.uai
2026-02-02 16:17:58,490|INFO|random_mc2_n6_mid3_d1000_05_mr098_r10_187_uai_GSCC_n200_roFalse_s0: Loading model from ../models/synthetic/s123/random_mc2_n6_mid3_d1000_05_mr098_r10_187.uai
2026-02-02 16:17:58,482|INFO|random_mc2_n5_mid3_d1000_05_mr098_r10_129_uai_GSCC_n200_roTrue_s0: Loading data from ../models/synthetic/s123/random_mc2_n5_mid3_d1000_05_mr098_r10_129.csv
2026-02-02 16:17:58,488|ERROR|random_mc2_n5_mid3_d1000_05_mr098_r10_129_uai_GSCC_n200_roTrue_s0: File exists, not rewriting.
2026-02-02 16:17:58,510|INFO|random_mc2_n6_mid3_d1000_05_mr098_r10_187_uai_GSCC_n200_roFalse_s0: Loading data from ../models/synthetic/s123/random_mc2_n6_mid3_d1000_05_mr098_r10_187.csv
2026-02-02 16:17:58,516|ERROR|random_mc2_n6_mid3_d1000_05_mr098_r10_187_uai_GSCC_n200_roFalse_s0: File exists, not rewriting.
trainable: ['V8', 'V2', 'V7', 'V9']
2026-02-02 16:17:58,870|INFO|random_mc2_n5_mid3_d1000_05_mr098_r10_195_uai_GSCC_n200_roFalse_s0: [0.0911,0.1949]	 87 runs	 rmse=0.16216	 T_learn=12225 ms. 	 T_infer=1438 ms.
2026-02-02 16:17:58,876|INFO|random_mc2_n5_mid3_d1000_05_mr098_r10_195_uai_GSCC_n200_roFalse_s0: Saving results to ../results/synthetic/s123/random_mc2_n5_mid3_d1000_05_mr098_r10_195_uai_GSCC_n200_roFalse_s0.csv
2026-02-02 16:17:58,893|INFO|random_mc2_n5_mid3_d1000_05_mr098_r10_137_uai_GSCC_n200_roFalse_s0: [0.3436,0.4074]	 69 runs	 rmse=0.03523	 T_learn=15849 ms. 	 T_infer=2086 ms.
2026-02-02 16:17:58,898|INFO|random_mc2_n5_mid3_d1000_05_mr098_r10_137_uai_GSCC_n200_roFalse_s0: Saving results to ../results/synthetic/s123/random_mc2_n5_mid3_d1000_05_mr098_r10_137_uai_GSCC_n200_roFalse_s0.csv
2026-02-02 16:17:58,934|INFO|random_mc2_n7_mid3_d1000_05_mr098_r10_65_uai_GSCC_n200_roTrue_s0: [0.1851,0.2121]	 27 runs	 rmse=0.03311	 T_learn=11698 ms. 	 T_infer=1726 ms.
2026-02-02 16:17:58,939|INFO|random_mc2_n7_mid3_d1000_05_mr098_r10_65_uai_GSCC_n200_roTrue_s0: Saving results to ../results/synthetic/s123/random_mc2_n7_mid3_d1000_05_mr098_r10_65_uai_GSCC_n200_roTrue_s0.csv
2026-02-02 16:17:58,987|INFO|random_mc2_n5_mid3_d1000_05_mr098_r10_63_uai_GSCC_n200_roTrue_s0: [0.0281,0.1045]	 73 runs	 rmse=0.07153	 T_learn=7858 ms. 	 T_infer=1028 ms.
2026-02-02 16:17:58,998|INFO|random_mc2_n5_mid3_d1000_05_mr098_r10_63_uai_GSCC_n200_roTrue_s0: Saving results to ../results/synthetic/s123/random_mc2_n5_mid3_d1000_05_mr098_r10_63_uai_GSCC_n200_roTrue_s0.csv
2026-02-02 16:17:59,080|INFO|random_mc2_n6_mid3_d1000_05_mr098_r10_144_uai_GSCC_n200_roTrue_s0: [0.0153,0.0222]	 44 runs	 rmse=0.01490	 T_learn=12411 ms. 	 T_infer=2217 ms.
2026-02-02 16:17:59,085|INFO|random_mc2_n6_mid3_d1000_05_mr098_r10_144_uai_GSCC_n200_roTrue_s0: Saving results to ../results/synthetic/s123/random_mc2_n6_mid3_d1000_05_mr098_r10_144_uai_GSCC_n200_roTrue_s0.csv
2026-02-02 16:17:59,091|INFO|random_mc2_n5_mid3_d1000_05_mr098_r10_44_uai_GSCC_n200_roFalse_s0: [0.0156,0.0340]	 71 runs	 rmse=0.00590	 T_learn=22609 ms. 	 T_infer=3501 ms.
2026-02-02 16:17:59,092|INFO|random_mc2_n5_mid3_d1000_05_mr098_r10_169_uai_GSCC_n200_roTrue_s0: [0.1389,0.2547]	 127 runs	 rmse=0.24528	 T_learn=14193 ms. 	 T_infer=1339 ms.
2026-02-02 16:17:59,096|INFO|random_mc2_n5_mid3_d1000_05_mr098_r10_44_uai_GSCC_n200_roFalse_s0: Saving results to ../results/synthetic/s123/random_mc2_n5_mid3_d1000_05_mr098_r10_44_uai_GSCC_n200_roFalse_s0.csv
2026-02-02 16:17:59,098|INFO|random_mc2_n5_mid3_d1000_05_mr098_r10_169_uai_GSCC_n200_roTrue_s0: Saving results to ../results/synthetic/s123/random_mc2_n5_mid3_d1000_05_mr098_r10_169_uai_GSCC_n200_roTrue_s0.csv
2026-02-02 16:17:59,224|INFO|random_mc2_n5_mid3_d1000_05_mr098_r10_31_uai_GSCC_n200_roTrue_s0: [0.0901,0.1399]	 90 runs	 rmse=0.14507	 T_learn=17130 ms. 	 T_infer=1975 ms.
2026-02-02 16:17:59,229|INFO|random_mc2_n5_mid3_d1000_05_mr098_r10_31_uai_GSCC_n200_roTrue_s0: Saving results to ../results/synthetic/s123/random_mc2_n5_mid3_d1000_05_mr098_r10_31_uai_GSCC_n200_roTrue_s0.csv
2026-02-02 16:17:59,423|INFO|random_mc2_n6_mid3_d1000_05_mr098_r10_158_uai_GSCC_n200_roFalse_s0: [0.0241,0.0370]	 76 runs	 rmse=0.03651	 T_learn=14592 ms. 	 T_infer=1960 ms.
2026-02-02 16:17:59,428|INFO|random_mc2_n6_mid3_d1000_05_mr098_r10_158_uai_GSCC_n200_roFalse_s0: Saving results to ../results/synthetic/s123/random_mc2_n6_mid3_d1000_05_mr098_r10_158_uai_GSCC_n200_roFalse_s0.csv
2026-02-02 16:17:59,580|INFO|random_mc2_n6_mid3_d1000_05_mr098_r10_71_uai_GSCC_n200_roFalse_s0: [0.5153,0.6281]	 67 runs	 rmse=0.02577	 T_learn=24879 ms. 	 T_infer=3649 ms.
2026-02-02 16:17:59,585|INFO|random_mc2_n6_mid3_d1000_05_mr098_r10_71_uai_GSCC_n200_roFalse_s0: Saving results to ../results/synthetic/s123/random_mc2_n6_mid3_d1000_05_mr098_r10_71_uai_GSCC_n200_roFalse_s0.csv
2026-02-02 16:17:59,676|INFO|random_mc2_n6_mid3_d1000_05_mr098_r10_169_uai_GSCC_n200_roFalse_s0: [0.0093,0.0314]	 91 runs	 rmse=0.01267	 T_learn=22236 ms. 	 T_infer=2754 ms.
2026-02-02 16:17:59,681|INFO|random_mc2_n6_mid3_d1000_05_mr098_r10_169_uai_GSCC_n200_roFalse_s0: Saving results to ../results/synthetic/s123/random_mc2_n6_mid3_d1000_05_mr098_r10_169_uai_GSCC_n200_roFalse_s0.csv
2026-02-02 16:17:59,880|INFO|random_mc2_n5_mid3_d1000_05_mr098_r10_188_uai_GSCC_n200_roFalse_s0: [0.0011,0.0117]	 57 runs	 rmse=0.03768	 T_learn=9728 ms. 	 T_infer=1326 ms.
2026-02-02 16:17:59,886|INFO|random_mc2_n5_mid3_d1000_05_mr098_r10_188_uai_GSCC_n200_roFalse_s0: Saving results to ../results/synthetic/s123/random_mc2_n5_mid3_d1000_05_mr098_r10_188_uai_GSCC_n200_roFalse_s0.csv
2026-02-02 16:17:59,959|INFO|random_mc2_n5_mid3_d1000_05_mr098_r10_102_uai_GSCC_n200_roTrue_s0: [0.3034,0.4448]	 93 runs	 rmse=0.05177	 T_learn=16975 ms. 	 T_infer=2468 ms.
2026-02-02 16:17:59,965|INFO|random_mc2_n5_mid3_d1000_05_mr098_r10_102_uai_GSCC_n200_roTrue_s0: Saving results to ../results/synthetic/s123/random_mc2_n5_mid3_d1000_05_mr098_r10_102_uai_GSCC_n200_roTrue_s0.csv
2026-02-02 16:18:00,015|INFO|random_mc2_n5_mid3_d1000_05_mr098_r10_74_uai_GSCC_n200_roTrue_s0: [0.3231,0.3975]	 43 runs	 rmse=0.13464	 T_learn=17947 ms. 	 T_infer=3426 ms.
2026-02-02 16:18:00,020|INFO|random_mc2_n5_mid3_d1000_05_mr098_r10_74_uai_GSCC_n200_roTrue_s0: Saving results to ../results/synthetic/s123/random_mc2_n5_mid3_d1000_05_mr098_r10_74_uai_GSCC_n200_roTrue_s0.csv
2026-02-02 16:18:00,150|INFO|random_mc2_n5_mid3_d1000_05_mr098_r10_63_uai_GSCC_n200_roTrue_s0: [0.0212,0.1045]	 74 runs	 rmse=0.06909	 T_learn=7969 ms. 	 T_infer=1041 ms.
2026-02-02 16:18:00,155|INFO|random_mc2_n5_mid3_d1000_05_mr098_r10_63_uai_GSCC_n200_roTrue_s0: Saving results to ../results/synthetic/s123/random_mc2_n5_mid3_d1000_05_mr098_r10_63_uai_GSCC_n200_roTrue_s0.csv
2026-02-02 16:18:00,413|INFO|random_mc2_n5_mid3_d1000_05_mr098_r10_190_uai_GSCC_n200_roTrue_s0: [0.0448,0.0729]	 69 runs	 rmse=0.08448	 T_learn=13350 ms. 	 T_infer=1825 ms.
2026-02-02 16:18:00,418|INFO|random_mc2_n5_mid3_d1000_05_mr098_r10_190_uai_GSCC_n200_roTrue_s0: Saving results to ../results/synthetic/s123/random_mc2_n5_mid3_d1000_05_mr098_r10_190_uai_GSCC_n200_roTrue_s0.csv
2026-02-02 16:18:00,489|INFO|random_mc2_n5_mid3_d1000_05_mr098_r10_195_uai_GSCC_n200_roFalse_s0: [0.0911,0.1949]	 88 runs	 rmse=0.16216	 T_learn=12377 ms. 	 T_infer=1461 ms.
2026-02-02 16:18:00,494|INFO|random_mc2_n5_mid3_d1000_05_mr098_r10_195_uai_GSCC_n200_roFalse_s0: Saving results to ../results/synthetic/s123/random_mc2_n5_mid3_d1000_05_mr098_r10_195_uai_GSCC_n200_roFalse_s0.csv
2026-02-02 16:18:00,594|INFO|random_mc2_n7_mid3_d1000_05_mr098_r10_6_uai_GSCC_n200_roFalse_s0: [0.0078,0.0285]	 21 runs	 rmse=0.00775	 T_learn=14063 ms. 	 T_infer=2142 ms.
2026-02-02 16:18:00,598|INFO|random_mc2_n7_mid3_d1000_05_mr098_r10_6_uai_GSCC_n200_roFalse_s0: Saving results to ../results/synthetic/s123/random_mc2_n7_mid3_d1000_05_mr098_r10_6_uai_GSCC_n200_roFalse_s0.csv
2026-02-02 16:18:00,600|INFO|random_mc2_n5_mid3_d1000_05_mr098_r10_169_uai_GSCC_n200_roTrue_s0: [0.1389,0.2506]	 128 runs	 rmse=0.24940	 T_learn=14345 ms. 	 T_infer=1351 ms.
2026-02-02 16:18:00,607|INFO|random_mc2_n5_mid3_d1000_05_mr098_r10_169_uai_GSCC_n200_roTrue_s0: Saving results to ../results/synthetic/s123/random_mc2_n5_mid3_d1000_05_mr098_r10_169_uai_GSCC_n200_roTrue_s0.csv
2026-02-02 16:18:00,959|INFO|random_mc2_n7_mid3_d1000_05_mr098_r10_65_uai_GSCC_n200_roTrue_s0: [0.1851,0.2121]	 28 runs	 rmse=0.03311	 T_learn=11944 ms. 	 T_infer=1773 ms.
2026-02-02 16:18:00,966|INFO|random_mc2_n7_mid3_d1000_05_mr098_r10_65_uai_GSCC_n200_roTrue_s0: Saving results to ../results/synthetic/s123/random_mc2_n7_mid3_d1000_05_mr098_r10_65_uai_GSCC_n200_roTrue_s0.csv
2026-02-02 16:18:01,292|INFO|random_mc2_n5_mid3_d1000_05_mr098_r10_137_uai_GSCC_n200_roFalse_s0: [0.3436,0.4091]	 70 runs	 rmse=0.03433	 T_learn=16127 ms. 	 T_infer=2116 ms.
2026-02-02 16:18:01,298|INFO|random_mc2_n5_mid3_d1000_05_mr098_r10_137_uai_GSCC_n200_roFalse_s0: Saving results to ../results/synthetic/s123/random_mc2_n5_mid3_d1000_05_mr098_r10_137_uai_GSCC_n200_roFalse_s0.csv
2026-02-02 16:18:01,303|INFO|random_mc2_n5_mid3_d1000_05_mr098_r10_63_uai_GSCC_n200_roTrue_s0: [0.0212,0.1045]	 75 runs	 rmse=0.06909	 T_learn=8067 ms. 	 T_infer=1050 ms.
2026-02-02 16:18:01,309|INFO|random_mc2_n5_mid3_d1000_05_mr098_r10_63_uai_GSCC_n200_roTrue_s0: Saving results to ../results/synthetic/s123/random_mc2_n5_mid3_d1000_05_mr098_r10_63_uai_GSCC_n200_roTrue_s0.csv
2026-02-02 16:18:01,353|INFO|random_mc2_n5_mid3_d1000_05_mr098_r10_141_uai_GSCC_n200_roTrue_s0: [0.0935,0.1946]	 78 runs	 rmse=0.09862	 T_learn=23339 ms. 	 T_infer=3358 ms.
2026-02-02 16:18:01,358|INFO|random_mc2_n5_mid3_d1000_05_mr098_r10_141_uai_GSCC_n200_roTrue_s0: Saving results to ../results/synthetic/s123/random_mc2_n5_mid3_d1000_05_mr098_r10_141_uai_GSCC_n200_roTrue_s0.csv
2026-02-02 16:18:01,359|INFO|random_mc2_n5_mid3_d1000_05_mr098_r10_188_uai_GSCC_n200_roFalse_s0: [0.0011,0.0117]	 58 runs	 rmse=0.03768	 T_learn=9856 ms. 	 T_infer=1344 ms.
2026-02-02 16:18:01,364|INFO|random_mc2_n5_mid3_d1000_05_mr098_r10_188_uai_GSCC_n200_roFalse_s0: Saving results to ../results/synthetic/s123/random_mc2_n5_mid3_d1000_05_mr098_r10_188_uai_GSCC_n200_roFalse_s0.csv
2026-02-02 16:18:01,461|INFO|random_mc2_n5_mid3_d1000_05_mr098_r10_31_uai_GSCC_n200_roTrue_s0: [0.0901,0.1399]	 91 runs	 rmse=0.14507	 T_learn=17372 ms. 	 T_infer=1990 ms.
2026-02-02 16:18:01,466|INFO|random_mc2_n5_mid3_d1000_05_mr098_r10_31_uai_GSCC_n200_roTrue_s0: Saving results to ../results/synthetic/s123/random_mc2_n5_mid3_d1000_05_mr098_r10_31_uai_GSCC_n200_roTrue_s0.csv
2026-02-02 16:18:01,601|INFO|random_mc2_n6_mid3_d1000_05_mr098_r10_158_uai_GSCC_n200_roFalse_s0: [0.0241,0.0370]	 77 runs	 rmse=0.03651	 T_learn=14796 ms. 	 T_infer=1969 ms.
2026-02-02 16:18:01,606|INFO|random_mc2_n6_mid3_d1000_05_mr098_r10_158_uai_GSCC_n200_roFalse_s0: Saving results to ../results/synthetic/s123/random_mc2_n6_mid3_d1000_05_mr098_r10_158_uai_GSCC_n200_roFalse_s0.csv
2026-02-02 16:18:01,636|INFO|random_mc2_n6_mid3_d1000_05_mr098_r10_72_uai_GSCC_n200_roTrue_s0: [0.0627,0.0977]	 71 runs	 rmse=0.04881	 T_learn=26639 ms. 	 T_infer=3448 ms.
2026-02-02 16:18:01,640|INFO|random_mc2_n6_mid3_d1000_05_mr098_r10_144_uai_GSCC_n200_roTrue_s0: [0.0153,0.0222]	 45 runs	 rmse=0.01490	 T_learn=12698 ms. 	 T_infer=2267 ms.
2026-02-02 16:18:01,641|INFO|random_mc2_n6_mid3_d1000_05_mr098_r10_72_uai_GSCC_n200_roTrue_s0: Saving results to ../results/synthetic/s123/random_mc2_n6_mid3_d1000_05_mr098_r10_72_uai_GSCC_n200_roTrue_s0.csv
2026-02-02 16:18:01,645|INFO|random_mc2_n6_mid3_d1000_05_mr098_r10_144_uai_GSCC_n200_roTrue_s0: Saving results to ../results/synthetic/s123/random_mc2_n6_mid3_d1000_05_mr098_r10_144_uai_GSCC_n200_roTrue_s0.csv
2026-02-02 16:18:01,892|INFO|random_mc2_n6_mid3_d1000_05_mr098_r10_28_uai_GSCC_n200_roFalse_s0: [0.4550,0.5473]	 67 runs	 rmse=0.09381	 T_learn=22711 ms. 	 T_infer=3400 ms.
2026-02-02 16:18:01,898|INFO|random_mc2_n6_mid3_d1000_05_mr098_r10_28_uai_GSCC_n200_roFalse_s0: Saving results to ../results/synthetic/s123/random_mc2_n6_mid3_d1000_05_mr098_r10_28_uai_GSCC_n200_roFalse_s0.csv
2026-02-02 16:18:02,241|INFO|random_mc2_n5_mid3_d1000_05_mr098_r10_195_uai_GSCC_n200_roFalse_s0: [0.0911,0.1949]	 89 runs	 rmse=0.16216	 T_learn=12530 ms. 	 T_infer=1593 ms.
2026-02-02 16:18:02,246|INFO|random_mc2_n5_mid3_d1000_05_mr098_r10_195_uai_GSCC_n200_roFalse_s0: Saving results to ../results/synthetic/s123/random_mc2_n5_mid3_d1000_05_mr098_r10_195_uai_GSCC_n200_roFalse_s0.csv
2026-02-02 16:18:02,274|INFO|random_mc2_n5_mid3_d1000_05_mr098_r10_169_uai_GSCC_n200_roTrue_s0: [0.1389,0.2506]	 129 runs	 rmse=0.24940	 T_learn=14497 ms. 	 T_infer=1514 ms.
2026-02-02 16:18:02,281|INFO|random_mc2_n5_mid3_d1000_05_mr098_r10_169_uai_GSCC_n200_roTrue_s0: Saving results to ../results/synthetic/s123/random_mc2_n5_mid3_d1000_05_mr098_r10_169_uai_GSCC_n200_roTrue_s0.csv
2026-02-02 16:18:02,460|INFO|random_mc2_n5_mid3_d1000_05_mr098_r10_190_uai_GSCC_n200_roTrue_s0: [0.0448,0.0729]	 70 runs	 rmse=0.08448	 T_learn=13545 ms. 	 T_infer=1847 ms.
2026-02-02 16:18:02,465|INFO|random_mc2_n5_mid3_d1000_05_mr098_r10_190_uai_GSCC_n200_roTrue_s0: Saving results to ../results/synthetic/s123/random_mc2_n5_mid3_d1000_05_mr098_r10_190_uai_GSCC_n200_roTrue_s0.csv
2026-02-02 16:18:02,525|INFO|random_mc2_n5_mid3_d1000_05_mr098_r10_102_uai_GSCC_n200_roTrue_s0: [0.3034,0.4448]	 94 runs	 rmse=0.05177	 T_learn=17196 ms. 	 T_infer=2340 ms.
2026-02-02 16:18:02,531|INFO|random_mc2_n5_mid3_d1000_05_mr098_r10_102_uai_GSCC_n200_roTrue_s0: Saving results to ../results/synthetic/s123/random_mc2_n5_mid3_d1000_05_mr098_r10_102_uai_GSCC_n200_roTrue_s0.csv
2026-02-02 16:18:02,612|INFO|random_mc2_n5_mid3_d1000_05_mr098_r10_63_uai_GSCC_n200_roTrue_s0: [0.0212,0.1045]	 76 runs	 rmse=0.06909	 T_learn=8167 ms. 	 T_infer=1204 ms.
2026-02-02 16:18:02,617|INFO|random_mc2_n5_mid3_d1000_05_mr098_r10_63_uai_GSCC_n200_roTrue_s0: Saving results to ../results/synthetic/s123/random_mc2_n5_mid3_d1000_05_mr098_r10_63_uai_GSCC_n200_roTrue_s0.csv
2026-02-02 16:18:02,746|INFO|random_mc2_n6_mid3_d1000_05_mr098_r10_169_uai_GSCC_n200_roFalse_s0: [0.0093,0.0314]	 92 runs	 rmse=0.01267	 T_learn=22531 ms. 	 T_infer=2769 ms.
2026-02-02 16:18:02,751|INFO|random_mc2_n6_mid3_d1000_05_mr098_r10_169_uai_GSCC_n200_roFalse_s0: Saving results to ../results/synthetic/s123/random_mc2_n6_mid3_d1000_05_mr098_r10_169_uai_GSCC_n200_roFalse_s0.csv
2026-02-02 16:18:03,004|INFO|random_mc2_n5_mid3_d1000_05_mr098_r10_188_uai_GSCC_n200_roFalse_s0: [0.0011,0.0117]	 59 runs	 rmse=0.03768	 T_learn=9986 ms. 	 T_infer=1510 ms.
2026-02-02 16:18:03,010|INFO|random_mc2_n5_mid3_d1000_05_mr098_r10_188_uai_GSCC_n200_roFalse_s0: Saving results to ../results/synthetic/s123/random_mc2_n5_mid3_d1000_05_mr098_r10_188_uai_GSCC_n200_roFalse_s0.csv
2026-02-02 16:18:03,058|INFO|random_mc2_n7_mid3_d1000_05_mr098_r10_65_uai_GSCC_n200_roTrue_s0: [0.1851,0.2121]	 29 runs	 rmse=0.03311	 T_learn=12199 ms. 	 T_infer=1837 ms.
2026-02-02 16:18:03,064|INFO|random_mc2_n7_mid3_d1000_05_mr098_r10_65_uai_GSCC_n200_roTrue_s0: Saving results to ../results/synthetic/s123/random_mc2_n7_mid3_d1000_05_mr098_r10_65_uai_GSCC_n200_roTrue_s0.csv
2026-02-02 16:18:03,094|INFO|random_mc2_n5_mid3_d1000_05_mr098_r10_44_uai_GSCC_n200_roFalse_s0: [0.0156,0.0340]	 72 runs	 rmse=0.00590	 T_learn=23074 ms. 	 T_infer=3534 ms.
2026-02-02 16:18:03,100|INFO|random_mc2_n5_mid3_d1000_05_mr098_r10_44_uai_GSCC_n200_roFalse_s0: Saving results to ../results/synthetic/s123/random_mc2_n5_mid3_d1000_05_mr098_r10_44_uai_GSCC_n200_roFalse_s0.csv
2026-02-02 16:18:03,313|INFO|random_mc2_n7_mid3_d1000_05_mr098_r10_6_uai_GSCC_n200_roFalse_s0: [0.0078,0.0285]	 22 runs	 rmse=0.00775	 T_learn=14411 ms. 	 T_infer=2366 ms.
2026-02-02 16:18:03,318|INFO|random_mc2_n7_mid3_d1000_05_mr098_r10_6_uai_GSCC_n200_roFalse_s0: Saving results to ../results/synthetic/s123/random_mc2_n7_mid3_d1000_05_mr098_r10_6_uai_GSCC_n200_roFalse_s0.csv
2026-02-02 16:18:03,719|INFO|random_mc2_n5_mid3_d1000_05_mr098_r10_31_uai_GSCC_n200_roTrue_s0: [0.0901,0.1399]	 92 runs	 rmse=0.14507	 T_learn=17617 ms. 	 T_infer=2007 ms.
2026-02-02 16:18:03,724|INFO|random_mc2_n5_mid3_d1000_05_mr098_r10_137_uai_GSCC_n200_roFalse_s0: [0.3436,0.4091]	 71 runs	 rmse=0.03433	 T_learn=16409 ms. 	 T_infer=2144 ms.
2026-02-02 16:18:03,724|INFO|random_mc2_n5_mid3_d1000_05_mr098_r10_31_uai_GSCC_n200_roTrue_s0: Saving results to ../results/synthetic/s123/random_mc2_n5_mid3_d1000_05_mr098_r10_31_uai_GSCC_n200_roTrue_s0.csv
2026-02-02 16:18:03,729|INFO|random_mc2_n5_mid3_d1000_05_mr098_r10_137_uai_GSCC_n200_roFalse_s0: Saving results to ../results/synthetic/s123/random_mc2_n5_mid3_d1000_05_mr098_r10_137_uai_GSCC_n200_roFalse_s0.csv
2026-02-02 16:18:03,775|INFO|random_mc2_n6_mid3_d1000_05_mr098_r10_71_uai_GSCC_n200_roFalse_s0: [0.5153,0.6281]	 68 runs	 rmse=0.02577	 T_learn=25380 ms. 	 T_infer=3689 ms.
2026-02-02 16:18:03,780|INFO|random_mc2_n6_mid3_d1000_05_mr098_r10_71_uai_GSCC_n200_roFalse_s0: Saving results to ../results/synthetic/s123/random_mc2_n6_mid3_d1000_05_mr098_r10_71_uai_GSCC_n200_roFalse_s0.csv
2026-02-02 16:18:03,793|INFO|random_mc2_n5_mid3_d1000_05_mr098_r10_63_uai_GSCC_n200_roTrue_s0: [0.0203,0.1148]	 77 runs	 rmse=0.05902	 T_learn=8269 ms. 	 T_infer=1074 ms.
2026-02-02 16:18:03,798|INFO|random_mc2_n5_mid3_d1000_05_mr098_r10_63_uai_GSCC_n200_roTrue_s0: Saving results to ../results/synthetic/s123/random_mc2_n5_mid3_d1000_05_mr098_r10_63_uai_GSCC_n200_roTrue_s0.csv
2026-02-02 16:18:03,806|INFO|random_mc2_n5_mid3_d1000_05_mr098_r10_169_uai_GSCC_n200_roTrue_s0: [0.1389,0.2506]	 130 runs	 rmse=0.24940	 T_learn=14651 ms. 	 T_infer=1371 ms.
2026-02-02 16:18:03,812|INFO|random_mc2_n5_mid3_d1000_05_mr098_r10_169_uai_GSCC_n200_roTrue_s0: Saving results to ../results/synthetic/s123/random_mc2_n5_mid3_d1000_05_mr098_r10_169_uai_GSCC_n200_roTrue_s0.csv
2026-02-02 16:18:03,878|INFO|random_mc2_n5_mid3_d1000_05_mr098_r10_195_uai_GSCC_n200_roFalse_s0: [0.0911,0.1949]	 90 runs	 rmse=0.16216	 T_learn=12683 ms. 	 T_infer=1478 ms.
2026-02-02 16:18:03,884|INFO|random_mc2_n5_mid3_d1000_05_mr098_r10_195_uai_GSCC_n200_roFalse_s0: Saving results to ../results/synthetic/s123/random_mc2_n5_mid3_d1000_05_mr098_r10_195_uai_GSCC_n200_roFalse_s0.csv
2026-02-02 16:18:03,951|INFO|random_mc2_n6_mid3_d1000_05_mr098_r10_158_uai_GSCC_n200_roFalse_s0: [0.0241,0.0370]	 78 runs	 rmse=0.03651	 T_learn=15000 ms. 	 T_infer=2141 ms.
2026-02-02 16:18:03,956|INFO|random_mc2_n6_mid3_d1000_05_mr098_r10_158_uai_GSCC_n200_roFalse_s0: Saving results to ../results/synthetic/s123/random_mc2_n6_mid3_d1000_05_mr098_r10_158_uai_GSCC_n200_roFalse_s0.csv
2026-02-02 16:18:03,967|INFO|random_mc2_n5_mid3_d1000_05_mr098_r10_74_uai_GSCC_n200_roTrue_s0: [0.3231,0.3975]	 44 runs	 rmse=0.13464	 T_learn=18413 ms. 	 T_infer=3481 ms.
2026-02-02 16:18:03,971|INFO|random_mc2_n5_mid3_d1000_05_mr098_r10_74_uai_GSCC_n200_roTrue_s0: Saving results to ../results/synthetic/s123/random_mc2_n5_mid3_d1000_05_mr098_r10_74_uai_GSCC_n200_roTrue_s0.csv
2026-02-02 16:18:04,242|INFO|random_mc2_n6_mid3_d1000_05_mr098_r10_144_uai_GSCC_n200_roTrue_s0: [0.0153,0.0214]	 46 runs	 rmse=0.01565	 T_learn=12984 ms. 	 T_infer=2311 ms.
2026-02-02 16:18:04,247|INFO|random_mc2_n6_mid3_d1000_05_mr098_r10_144_uai_GSCC_n200_roTrue_s0: Saving results to ../results/synthetic/s123/random_mc2_n6_mid3_d1000_05_mr098_r10_144_uai_GSCC_n200_roTrue_s0.csv
2026-02-02 16:18:04,528|INFO|random_mc2_n5_mid3_d1000_05_mr098_r10_188_uai_GSCC_n200_roFalse_s0: [0.0011,0.0117]	 60 runs	 rmse=0.03768	 T_learn=10118 ms. 	 T_infer=1386 ms.
2026-02-02 16:18:04,533|INFO|random_mc2_n5_mid3_d1000_05_mr098_r10_188_uai_GSCC_n200_roFalse_s0: Saving results to ../results/synthetic/s123/random_mc2_n5_mid3_d1000_05_mr098_r10_188_uai_GSCC_n200_roFalse_s0.csv
2026-02-02 16:18:04,544|INFO|random_mc2_n5_mid3_d1000_05_mr098_r10_190_uai_GSCC_n200_roTrue_s0: [0.0448,0.0729]	 71 runs	 rmse=0.08448	 T_learn=13744 ms. 	 T_infer=1880 ms.
2026-02-02 16:18:04,549|INFO|random_mc2_n5_mid3_d1000_05_mr098_r10_190_uai_GSCC_n200_roTrue_s0: Saving results to ../results/synthetic/s123/random_mc2_n5_mid3_d1000_05_mr098_r10_190_uai_GSCC_n200_roTrue_s0.csv
2026-02-02 16:18:04,989|INFO|random_mc2_n5_mid3_d1000_05_mr098_r10_63_uai_GSCC_n200_roTrue_s0: [0.0173,0.1148]	 78 runs	 rmse=0.05806	 T_learn=8371 ms. 	 T_infer=1089 ms.
2026-02-02 16:18:04,994|INFO|random_mc2_n5_mid3_d1000_05_mr098_r10_63_uai_GSCC_n200_roTrue_s0: Saving results to ../results/synthetic/s123/random_mc2_n5_mid3_d1000_05_mr098_r10_63_uai_GSCC_n200_roTrue_s0.csv
2026-02-02 16:18:05,024|INFO|random_mc2_n5_mid3_d1000_05_mr098_r10_141_uai_GSCC_n200_roTrue_s0: [0.0935,0.1946]	 79 runs	 rmse=0.09862	 T_learn=23753 ms. 	 T_infer=3252 ms.
2026-02-02 16:18:05,029|INFO|random_mc2_n5_mid3_d1000_05_mr098_r10_141_uai_GSCC_n200_roTrue_s0: Saving results to ../results/synthetic/s123/random_mc2_n5_mid3_d1000_05_mr098_r10_141_uai_GSCC_n200_roTrue_s0.csv
2026-02-02 16:18:05,118|INFO|random_mc2_n5_mid3_d1000_05_mr098_r10_102_uai_GSCC_n200_roTrue_s0: [0.3034,0.4448]	 95 runs	 rmse=0.05177	 T_learn=17421 ms. 	 T_infer=2362 ms.
2026-02-02 16:18:05,124|INFO|random_mc2_n5_mid3_d1000_05_mr098_r10_102_uai_GSCC_n200_roTrue_s0: Saving results to ../results/synthetic/s123/random_mc2_n5_mid3_d1000_05_mr098_r10_102_uai_GSCC_n200_roTrue_s0.csv
2026-02-02 16:18:05,224|INFO|random_mc2_n7_mid3_d1000_05_mr098_r10_65_uai_GSCC_n200_roTrue_s0: [0.1851,0.2055]	 30 runs	 rmse=0.03341	 T_learn=12454 ms. 	 T_infer=1905 ms.
2026-02-02 16:18:05,228|INFO|random_mc2_n7_mid3_d1000_05_mr098_r10_65_uai_GSCC_n200_roTrue_s0: Saving results to ../results/synthetic/s123/random_mc2_n7_mid3_d1000_05_mr098_r10_65_uai_GSCC_n200_roTrue_s0.csv
2026-02-02 16:18:05,351|INFO|random_mc2_n5_mid3_d1000_05_mr098_r10_169_uai_GSCC_n200_roTrue_s0: [0.1389,0.2506]	 131 runs	 rmse=0.24940	 T_learn=14806 ms. 	 T_infer=1383 ms.
2026-02-02 16:18:05,358|INFO|random_mc2_n5_mid3_d1000_05_mr098_r10_169_uai_GSCC_n200_roTrue_s0: Saving results to ../results/synthetic/s123/random_mc2_n5_mid3_d1000_05_mr098_r10_169_uai_GSCC_n200_roTrue_s0.csv
2026-02-02 16:18:05,537|INFO|random_mc2_n5_mid3_d1000_05_mr098_r10_195_uai_GSCC_n200_roFalse_s0: [0.0911,0.1949]	 91 runs	 rmse=0.16216	 T_learn=12837 ms. 	 T_infer=1500 ms.
2026-02-02 16:18:05,543|INFO|random_mc2_n5_mid3_d1000_05_mr098_r10_195_uai_GSCC_n200_roFalse_s0: Saving results to ../results/synthetic/s123/random_mc2_n5_mid3_d1000_05_mr098_r10_195_uai_GSCC_n200_roFalse_s0.csv
2026-02-02 16:18:05,585|INFO|random_mc2_n6_mid3_d1000_05_mr098_r10_72_uai_GSCC_n200_roTrue_s0: [0.0627,0.0977]	 72 runs	 rmse=0.04881	 T_learn=27099 ms. 	 T_infer=3484 ms.
2026-02-02 16:18:05,590|INFO|random_mc2_n6_mid3_d1000_05_mr098_r10_72_uai_GSCC_n200_roTrue_s0: Saving results to ../results/synthetic/s123/random_mc2_n6_mid3_d1000_05_mr098_r10_72_uai_GSCC_n200_roTrue_s0.csv
2026-02-02 16:18:05,813|INFO|random_mc2_n6_mid3_d1000_05_mr098_r10_28_uai_GSCC_n200_roFalse_s0: [0.4503,0.5473]	 68 runs	 rmse=0.08910	 T_learn=23178 ms. 	 T_infer=3448 ms.
2026-02-02 16:18:05,819|INFO|random_mc2_n6_mid3_d1000_05_mr098_r10_28_uai_GSCC_n200_roFalse_s0: Saving results to ../results/synthetic/s123/random_mc2_n6_mid3_d1000_05_mr098_r10_28_uai_GSCC_n200_roFalse_s0.csv
2026-02-02 16:18:06,003|INFO|random_mc2_n6_mid3_d1000_05_mr098_r10_169_uai_GSCC_n200_roFalse_s0: [0.0093,0.0314]	 93 runs	 rmse=0.01267	 T_learn=22829 ms. 	 T_infer=2953 ms.
2026-02-02 16:18:06,003|INFO|random_mc2_n5_mid3_d1000_05_mr098_r10_31_uai_GSCC_n200_roTrue_s0: [0.0901,0.1399]	 93 runs	 rmse=0.14507	 T_learn=17863 ms. 	 T_infer=2033 ms.
2026-02-02 16:18:06,009|INFO|random_mc2_n7_mid3_d1000_05_mr098_r10_6_uai_GSCC_n200_roFalse_s0: [0.0078,0.0285]	 23 runs	 rmse=0.00775	 T_learn=14769 ms. 	 T_infer=2334 ms.
2026-02-02 16:18:06,010|INFO|random_mc2_n6_mid3_d1000_05_mr098_r10_169_uai_GSCC_n200_roFalse_s0: Saving results to ../results/synthetic/s123/random_mc2_n6_mid3_d1000_05_mr098_r10_169_uai_GSCC_n200_roFalse_s0.csv
2026-02-02 16:18:06,010|INFO|random_mc2_n5_mid3_d1000_05_mr098_r10_31_uai_GSCC_n200_roTrue_s0: Saving results to ../results/synthetic/s123/random_mc2_n5_mid3_d1000_05_mr098_r10_31_uai_GSCC_n200_roTrue_s0.csv
2026-02-02 16:18:06,014|INFO|random_mc2_n7_mid3_d1000_05_mr098_r10_6_uai_GSCC_n200_roFalse_s0: Saving results to ../results/synthetic/s123/random_mc2_n7_mid3_d1000_05_mr098_r10_6_uai_GSCC_n200_roFalse_s0.csv
2026-02-02 16:18:06,079|INFO|random_mc2_n5_mid3_d1000_05_mr098_r10_188_uai_GSCC_n200_roFalse_s0: [0.0011,0.0117]	 61 runs	 rmse=0.03768	 T_learn=10252 ms. 	 T_infer=1413 ms.
2026-02-02 16:18:06,084|INFO|random_mc2_n5_mid3_d1000_05_mr098_r10_188_uai_GSCC_n200_roFalse_s0: Saving results to ../results/synthetic/s123/random_mc2_n5_mid3_d1000_05_mr098_r10_188_uai_GSCC_n200_roFalse_s0.csv
2026-02-02 16:18:06,184|INFO|random_mc2_n5_mid3_d1000_05_mr098_r10_137_uai_GSCC_n200_roFalse_s0: [0.3436,0.4112]	 72 runs	 rmse=0.03326	 T_learn=16691 ms. 	 T_infer=2173 ms.
2026-02-02 16:18:06,188|INFO|random_mc2_n6_mid3_d1000_05_mr098_r10_158_uai_GSCC_n200_roFalse_s0: [0.0241,0.0370]	 79 runs	 rmse=0.03651	 T_learn=15206 ms. 	 T_infer=2025 ms.
2026-02-02 16:18:06,189|INFO|random_mc2_n5_mid3_d1000_05_mr098_r10_137_uai_GSCC_n200_roFalse_s0: Saving results to ../results/synthetic/s123/random_mc2_n5_mid3_d1000_05_mr098_r10_137_uai_GSCC_n200_roFalse_s0.csv
2026-02-02 16:18:06,193|INFO|random_mc2_n6_mid3_d1000_05_mr098_r10_158_uai_GSCC_n200_roFalse_s0: Saving results to ../results/synthetic/s123/random_mc2_n6_mid3_d1000_05_mr098_r10_158_uai_GSCC_n200_roFalse_s0.csv
2026-02-02 16:18:06,201|INFO|random_mc2_n5_mid3_d1000_05_mr098_r10_63_uai_GSCC_n200_roTrue_s0: [0.0173,0.1148]	 79 runs	 rmse=0.05806	 T_learn=8474 ms. 	 T_infer=1104 ms.
2026-02-02 16:18:06,207|INFO|random_mc2_n5_mid3_d1000_05_mr098_r10_63_uai_GSCC_n200_roTrue_s0: Saving results to ../results/synthetic/s123/random_mc2_n5_mid3_d1000_05_mr098_r10_63_uai_GSCC_n200_roTrue_s0.csv
2026-02-02 16:18:06,658|INFO|random_mc2_n5_mid3_d1000_05_mr098_r10_190_uai_GSCC_n200_roTrue_s0: [0.0448,0.0722]	 72 runs	 rmse=0.08506	 T_learn=13943 ms. 	 T_infer=1910 ms.
2026-02-02 16:18:06,665|INFO|random_mc2_n5_mid3_d1000_05_mr098_r10_190_uai_GSCC_n200_roTrue_s0: Saving results to ../results/synthetic/s123/random_mc2_n5_mid3_d1000_05_mr098_r10_190_uai_GSCC_n200_roTrue_s0.csv
2026-02-02 16:18:06,905|INFO|random_mc2_n6_mid3_d1000_05_mr098_r10_144_uai_GSCC_n200_roTrue_s0: [0.0153,0.0222]	 47 runs	 rmse=0.01490	 T_learn=13276 ms. 	 T_infer=2366 ms.
2026-02-02 16:18:06,906|INFO|random_mc2_n5_mid3_d1000_05_mr098_r10_169_uai_GSCC_n200_roTrue_s0: [0.1389,0.2506]	 132 runs	 rmse=0.24940	 T_learn=14962 ms. 	 T_infer=1392 ms.
2026-02-02 16:18:06,910|INFO|random_mc2_n6_mid3_d1000_05_mr098_r10_144_uai_GSCC_n200_roTrue_s0: Saving results to ../results/synthetic/s123/random_mc2_n6_mid3_d1000_05_mr098_r10_144_uai_GSCC_n200_roTrue_s0.csv
2026-02-02 16:18:06,913|INFO|random_mc2_n5_mid3_d1000_05_mr098_r10_169_uai_GSCC_n200_roTrue_s0: Saving results to ../results/synthetic/s123/random_mc2_n5_mid3_d1000_05_mr098_r10_169_uai_GSCC_n200_roTrue_s0.csv
2026-02-02 16:18:07,218|INFO|random_mc2_n5_mid3_d1000_05_mr098_r10_195_uai_GSCC_n200_roFalse_s0: [0.0911,0.1949]	 92 runs	 rmse=0.16216	 T_learn=12995 ms. 	 T_infer=1517 ms.
2026-02-02 16:18:07,224|INFO|random_mc2_n5_mid3_d1000_05_mr098_r10_195_uai_GSCC_n200_roFalse_s0: Saving results to ../results/synthetic/s123/random_mc2_n5_mid3_d1000_05_mr098_r10_195_uai_GSCC_n200_roFalse_s0.csv
2026-02-02 16:18:07,286|INFO|random_mc2_n5_mid3_d1000_05_mr098_r10_44_uai_GSCC_n200_roFalse_s0: [0.0156,0.0340]	 73 runs	 rmse=0.00590	 T_learn=23546 ms. 	 T_infer=3714 ms.
2026-02-02 16:18:07,291|INFO|random_mc2_n5_mid3_d1000_05_mr098_r10_44_uai_GSCC_n200_roFalse_s0: Saving results to ../results/synthetic/s123/random_mc2_n5_mid3_d1000_05_mr098_r10_44_uai_GSCC_n200_roFalse_s0.csv
2026-02-02 16:18:07,429|INFO|random_mc2_n5_mid3_d1000_05_mr098_r10_63_uai_GSCC_n200_roTrue_s0: [0.0138,0.1148]	 80 runs	 rmse=0.05711	 T_learn=8578 ms. 	 T_infer=1118 ms.
2026-02-02 16:18:07,434|INFO|random_mc2_n5_mid3_d1000_05_mr098_r10_63_uai_GSCC_n200_roTrue_s0: Saving results to ../results/synthetic/s123/random_mc2_n5_mid3_d1000_05_mr098_r10_63_uai_GSCC_n200_roTrue_s0.csv
2026-02-02 16:18:07,457|INFO|random_mc2_n7_mid3_d1000_05_mr098_r10_65_uai_GSCC_n200_roTrue_s0: [0.1851,0.2055]	 31 runs	 rmse=0.03341	 T_learn=12718 ms. 	 T_infer=1964 ms.
2026-02-02 16:18:07,462|INFO|random_mc2_n7_mid3_d1000_05_mr098_r10_65_uai_GSCC_n200_roTrue_s0: Saving results to ../results/synthetic/s123/random_mc2_n7_mid3_d1000_05_mr098_r10_65_uai_GSCC_n200_roTrue_s0.csv
2026-02-02 16:18:07,656|INFO|random_mc2_n5_mid3_d1000_05_mr098_r10_188_uai_GSCC_n200_roFalse_s0: [0.0011,0.0117]	 62 runs	 rmse=0.03768	 T_learn=10387 ms. 	 T_infer=1436 ms.
2026-02-02 16:18:07,661|INFO|random_mc2_n5_mid3_d1000_05_mr098_r10_188_uai_GSCC_n200_roFalse_s0: Saving results to ../results/synthetic/s123/random_mc2_n5_mid3_d1000_05_mr098_r10_188_uai_GSCC_n200_roFalse_s0.csv
2026-02-02 16:18:07,738|INFO|random_mc2_n5_mid3_d1000_05_mr098_r10_102_uai_GSCC_n200_roTrue_s0: [0.3034,0.4448]	 96 runs	 rmse=0.05177	 T_learn=17647 ms. 	 T_infer=2387 ms.
2026-02-02 16:18:07,744|INFO|random_mc2_n5_mid3_d1000_05_mr098_r10_102_uai_GSCC_n200_roTrue_s0: Saving results to ../results/synthetic/s123/random_mc2_n5_mid3_d1000_05_mr098_r10_102_uai_GSCC_n200_roTrue_s0.csv
2026-02-02 16:18:08,003|INFO|random_mc2_n5_mid3_d1000_05_mr098_r10_74_uai_GSCC_n200_roTrue_s0: [0.3231,0.3975]	 45 runs	 rmse=0.13464	 T_learn=18888 ms. 	 T_infer=3557 ms.
2026-02-02 16:18:08,008|INFO|random_mc2_n5_mid3_d1000_05_mr098_r10_74_uai_GSCC_n200_roTrue_s0: Saving results to ../results/synthetic/s123/random_mc2_n5_mid3_d1000_05_mr098_r10_74_uai_GSCC_n200_roTrue_s0.csv
2026-02-02 16:18:08,036|INFO|random_mc2_n6_mid3_d1000_05_mr098_r10_71_uai_GSCC_n200_roFalse_s0: [0.5153,0.6281]	 69 runs	 rmse=0.02577	 T_learn=25888 ms. 	 T_infer=3748 ms.
2026-02-02 16:18:08,041|INFO|random_mc2_n6_mid3_d1000_05_mr098_r10_71_uai_GSCC_n200_roFalse_s0: Saving results to ../results/synthetic/s123/random_mc2_n6_mid3_d1000_05_mr098_r10_71_uai_GSCC_n200_roFalse_s0.csv
2026-02-02 16:18:08,441|INFO|random_mc2_n6_mid3_d1000_05_mr098_r10_158_uai_GSCC_n200_roFalse_s0: [0.0241,0.0370]	 80 runs	 rmse=0.03651	 T_learn=15415 ms. 	 T_infer=2039 ms.
2026-02-02 16:18:08,443|INFO|random_mc2_n5_mid3_d1000_05_mr098_r10_31_uai_GSCC_n200_roTrue_s0: [0.0901,0.1399]	 94 runs	 rmse=0.14507	 T_learn=18111 ms. 	 T_infer=2185 ms.
2026-02-02 16:18:08,447|INFO|random_mc2_n6_mid3_d1000_05_mr098_r10_158_uai_GSCC_n200_roFalse_s0: Saving results to ../results/synthetic/s123/random_mc2_n6_mid3_d1000_05_mr098_r10_158_uai_GSCC_n200_roFalse_s0.csv
2026-02-02 16:18:08,449|INFO|random_mc2_n5_mid3_d1000_05_mr098_r10_31_uai_GSCC_n200_roTrue_s0: Saving results to ../results/synthetic/s123/random_mc2_n5_mid3_d1000_05_mr098_r10_31_uai_GSCC_n200_roTrue_s0.csv
2026-02-02 16:18:08,621|INFO|random_mc2_n5_mid3_d1000_05_mr098_r10_169_uai_GSCC_n200_roTrue_s0: [0.1389,0.2547]	 133 runs	 rmse=0.24528	 T_learn=15119 ms. 	 T_infer=1551 ms.
2026-02-02 16:18:08,628|INFO|random_mc2_n5_mid3_d1000_05_mr098_r10_169_uai_GSCC_n200_roTrue_s0: Saving results to ../results/synthetic/s123/random_mc2_n5_mid3_d1000_05_mr098_r10_169_uai_GSCC_n200_roTrue_s0.csv
2026-02-02 16:18:08,674|INFO|random_mc2_n5_mid3_d1000_05_mr098_r10_63_uai_GSCC_n200_roTrue_s0: [0.0138,0.1148]	 81 runs	 rmse=0.05711	 T_learn=8683 ms. 	 T_infer=1135 ms.
2026-02-02 16:18:08,679|INFO|random_mc2_n5_mid3_d1000_05_mr098_r10_63_uai_GSCC_n200_roTrue_s0: Saving results to ../results/synthetic/s123/random_mc2_n5_mid3_d1000_05_mr098_r10_63_uai_GSCC_n200_roTrue_s0.csv
2026-02-02 16:18:08,743|INFO|random_mc2_n5_mid3_d1000_05_mr098_r10_141_uai_GSCC_n200_roTrue_s0: [0.0935,0.1946]	 80 runs	 rmse=0.09862	 T_learn=24174 ms. 	 T_infer=3293 ms.
2026-02-02 16:18:08,748|INFO|random_mc2_n5_mid3_d1000_05_mr098_r10_141_uai_GSCC_n200_roTrue_s0: Saving results to ../results/synthetic/s123/random_mc2_n5_mid3_d1000_05_mr098_r10_141_uai_GSCC_n200_roTrue_s0.csv
2026-02-02 16:18:08,804|INFO|random_mc2_n5_mid3_d1000_05_mr098_r10_137_uai_GSCC_n200_roFalse_s0: [0.3436,0.4112]	 73 runs	 rmse=0.03326	 T_learn=16978 ms. 	 T_infer=2328 ms.
2026-02-02 16:18:08,810|INFO|random_mc2_n5_mid3_d1000_05_mr098_r10_137_uai_GSCC_n200_roFalse_s0: Saving results to ../results/synthetic/s123/random_mc2_n5_mid3_d1000_05_mr098_r10_137_uai_GSCC_n200_roFalse_s0.csv
2026-02-02 16:18:08,821|INFO|random_mc2_n7_mid3_d1000_05_mr098_r10_6_uai_GSCC_n200_roFalse_s0: [0.0078,0.0285]	 24 runs	 rmse=0.00775	 T_learn=15140 ms. 	 T_infer=2436 ms.
2026-02-02 16:18:08,826|INFO|random_mc2_n7_mid3_d1000_05_mr098_r10_6_uai_GSCC_n200_roFalse_s0: Saving results to ../results/synthetic/s123/random_mc2_n7_mid3_d1000_05_mr098_r10_6_uai_GSCC_n200_roFalse_s0.csv
2026-02-02 16:18:08,912|INFO|random_mc2_n5_mid3_d1000_05_mr098_r10_195_uai_GSCC_n200_roFalse_s0: [0.0911,0.1949]	 93 runs	 rmse=0.16216	 T_learn=13151 ms. 	 T_infer=1531 ms.
2026-02-02 16:18:08,917|INFO|random_mc2_n5_mid3_d1000_05_mr098_r10_195_uai_GSCC_n200_roFalse_s0: Saving results to ../results/synthetic/s123/random_mc2_n5_mid3_d1000_05_mr098_r10_195_uai_GSCC_n200_roFalse_s0.csv
2026-02-02 16:18:08,933|INFO|random_mc2_n5_mid3_d1000_05_mr098_r10_190_uai_GSCC_n200_roTrue_s0: [0.0448,0.0722]	 73 runs	 rmse=0.08506	 T_learn=14144 ms. 	 T_infer=2067 ms.
2026-02-02 16:18:08,938|INFO|random_mc2_n5_mid3_d1000_05_mr098_r10_190_uai_GSCC_n200_roTrue_s0: Saving results to ../results/synthetic/s123/random_mc2_n5_mid3_d1000_05_mr098_r10_190_uai_GSCC_n200_roTrue_s0.csv
2026-02-02 16:18:09,135|INFO|random_mc2_n6_mid3_d1000_05_mr098_r10_169_uai_GSCC_n200_roFalse_s0: [0.0093,0.0314]	 94 runs	 rmse=0.01267	 T_learn=23133 ms. 	 T_infer=2821 ms.
2026-02-02 16:18:09,140|INFO|random_mc2_n6_mid3_d1000_05_mr098_r10_169_uai_GSCC_n200_roFalse_s0: Saving results to ../results/synthetic/s123/random_mc2_n6_mid3_d1000_05_mr098_r10_169_uai_GSCC_n200_roFalse_s0.csv
2026-02-02 16:18:09,260|INFO|random_mc2_n5_mid3_d1000_05_mr098_r10_188_uai_GSCC_n200_roFalse_s0: [0.0011,0.0117]	 63 runs	 rmse=0.03768	 T_learn=10523 ms. 	 T_infer=1462 ms.
2026-02-02 16:18:09,265|INFO|random_mc2_n5_mid3_d1000_05_mr098_r10_188_uai_GSCC_n200_roFalse_s0: Saving results to ../results/synthetic/s123/random_mc2_n5_mid3_d1000_05_mr098_r10_188_uai_GSCC_n200_roFalse_s0.csv
2026-02-02 16:18:09,588|INFO|random_mc2_n7_mid3_d1000_05_mr098_r10_59_uai_GSCC_n200_roFalse_s0: Loading model from ../models/synthetic/s123/random_mc2_n7_mid3_d1000_05_mr098_r10_59.uai
2026-02-02 16:18:09,590|INFO|random_mc2_n6_mid3_d1000_05_mr098_r10_136_uai_GSCC_n200_roTrue_s0: Loading model from ../models/synthetic/s123/random_mc2_n6_mid3_d1000_05_mr098_r10_136.uai
2026-02-02 16:18:09,590|INFO|random_mc2_n6_mid3_d1000_05_mr098_r10_72_uai_GSCC_n200_roTrue_s0: [0.0627,0.0977]	 73 runs	 rmse=0.04881	 T_learn=27568 ms. 	 T_infer=3531 ms.
2026-02-02 16:18:09,595|INFO|random_mc2_n6_mid3_d1000_05_mr098_r10_72_uai_GSCC_n200_roTrue_s0: Saving results to ../results/synthetic/s123/random_mc2_n6_mid3_d1000_05_mr098_r10_72_uai_GSCC_n200_roTrue_s0.csv
2026-02-02 16:18:09,598|INFO|random_mc2_n9_mid3_d1000_05_mr098_r10_166_uai_GSCC_n200_roFalse_s0: Loading model from ../models/synthetic/s123/random_mc2_n9_mid3_d1000_05_mr098_r10_166.uai
2026-02-02 16:18:09,616|INFO|random_mc2_n6_mid3_d1000_05_mr098_r10_144_uai_GSCC_n200_roTrue_s0: [0.0153,0.0222]	 48 runs	 rmse=0.01490	 T_learn=13570 ms. 	 T_infer=2413 ms.
2026-02-02 16:18:09,621|INFO|random_mc2_n6_mid3_d1000_05_mr098_r10_144_uai_GSCC_n200_roTrue_s0: Saving results to ../results/synthetic/s123/random_mc2_n6_mid3_d1000_05_mr098_r10_144_uai_GSCC_n200_roTrue_s0.csv
2026-02-02 16:18:09,599|INFO|random_mc2_n6_mid3_d1000_05_mr098_r10_136_uai_GSCC_n200_roTrue_s0: Loading data from ../models/synthetic/s123/random_mc2_n6_mid3_d1000_05_mr098_r10_136.csv
2026-02-02 16:18:09,606|ERROR|random_mc2_n6_mid3_d1000_05_mr098_r10_136_uai_GSCC_n200_roTrue_s0: File exists, not rewriting.
2026-02-02 16:18:09,619|INFO|random_mc2_n9_mid3_d1000_05_mr098_r10_166_uai_GSCC_n200_roFalse_s0: Loading data from ../models/synthetic/s123/random_mc2_n9_mid3_d1000_05_mr098_r10_166.csv
2026-02-02 16:18:09,627|ERROR|random_mc2_n9_mid3_d1000_05_mr098_r10_166_uai_GSCC_n200_roFalse_s0: File exists, not rewriting.
2026-02-02 16:18:09,687|INFO|random_mc2_n7_mid3_d1000_05_mr098_r10_59_uai_GSCC_n200_roFalse_s0: Loading data from ../models/synthetic/s123/random_mc2_n7_mid3_d1000_05_mr098_r10_59.csv
2026-02-02 16:18:09,693|ERROR|random_mc2_n7_mid3_d1000_05_mr098_r10_59_uai_GSCC_n200_roFalse_s0: File exists, not rewriting.
2026-02-02 16:18:09,765|INFO|random_mc2_n7_mid3_d1000_05_mr098_r10_65_uai_GSCC_n200_roTrue_s0: [0.1851,0.2055]	 32 runs	 rmse=0.03341	 T_learn=12986 ms. 	 T_infer=2035 ms.
2026-02-02 16:18:09,770|INFO|random_mc2_n7_mid3_d1000_05_mr098_r10_65_uai_GSCC_n200_roTrue_s0: Saving results to ../results/synthetic/s123/random_mc2_n7_mid3_d1000_05_mr098_r10_65_uai_GSCC_n200_roTrue_s0.csv
2026-02-02 16:18:09,914|INFO|random_mc2_n6_mid3_d1000_05_mr098_r10_28_uai_GSCC_n200_roFalse_s0: [0.4503,0.5473]	 69 runs	 rmse=0.08910	 T_learn=23650 ms. 	 T_infer=3624 ms.
2026-02-02 16:18:09,920|INFO|random_mc2_n6_mid3_d1000_05_mr098_r10_28_uai_GSCC_n200_roFalse_s0: Saving results to ../results/synthetic/s123/random_mc2_n6_mid3_d1000_05_mr098_r10_28_uai_GSCC_n200_roFalse_s0.csv
2026-02-02 16:18:09,934|INFO|random_mc2_n5_mid3_d1000_05_mr098_r10_63_uai_GSCC_n200_roTrue_s0: [0.0116,0.1148]	 82 runs	 rmse=0.05663	 T_learn=8788 ms. 	 T_infer=1151 ms.
2026-02-02 16:18:09,940|INFO|random_mc2_n5_mid3_d1000_05_mr098_r10_63_uai_GSCC_n200_roTrue_s0: Saving results to ../results/synthetic/s123/random_mc2_n5_mid3_d1000_05_mr098_r10_63_uai_GSCC_n200_roTrue_s0.csv
2026-02-02 16:18:10,199|INFO|random_mc2_n5_mid3_d1000_05_mr098_r10_169_uai_GSCC_n200_roTrue_s0: [0.1389,0.2604]	 134 runs	 rmse=0.23961	 T_learn=15277 ms. 	 T_infer=1413 ms.
2026-02-02 16:18:10,206|INFO|random_mc2_n5_mid3_d1000_05_mr098_r10_169_uai_GSCC_n200_roTrue_s0: Saving results to ../results/synthetic/s123/random_mc2_n5_mid3_d1000_05_mr098_r10_169_uai_GSCC_n200_roTrue_s0.csv
2026-02-02 16:18:10,409|INFO|random_mc2_n5_mid3_d1000_05_mr098_r10_102_uai_GSCC_n200_roTrue_s0: [0.3034,0.4448]	 97 runs	 rmse=0.05177	 T_learn=17873 ms. 	 T_infer=2438 ms.
2026-02-02 16:18:10,414|INFO|random_mc2_n5_mid3_d1000_05_mr098_r10_102_uai_GSCC_n200_roTrue_s0: Saving results to ../results/synthetic/s123/random_mc2_n5_mid3_d1000_05_mr098_r10_102_uai_GSCC_n200_roTrue_s0.csv
2026-02-02 16:18:10,747|INFO|random_mc2_n6_mid3_d1000_05_mr098_r10_158_uai_GSCC_n200_roFalse_s0: [0.0241,0.0370]	 81 runs	 rmse=0.03651	 T_learn=15626 ms. 	 T_infer=2089 ms.
2026-02-02 16:18:10,752|INFO|random_mc2_n6_mid3_d1000_05_mr098_r10_158_uai_GSCC_n200_roFalse_s0: Saving results to ../results/synthetic/s123/random_mc2_n6_mid3_d1000_05_mr098_r10_158_uai_GSCC_n200_roFalse_s0.csv
2026-02-02 16:18:10,776|INFO|random_mc2_n5_mid3_d1000_05_mr098_r10_31_uai_GSCC_n200_roTrue_s0: [0.0901,0.1423]	 95 runs	 rmse=0.14313	 T_learn=18361 ms. 	 T_infer=2077 ms.
2026-02-02 16:18:10,782|INFO|random_mc2_n5_mid3_d1000_05_mr098_r10_31_uai_GSCC_n200_roTrue_s0: Saving results to ../results/synthetic/s123/random_mc2_n5_mid3_d1000_05_mr098_r10_31_uai_GSCC_n200_roTrue_s0.csv
2026-02-02 16:18:10,802|INFO|random_mc2_n5_mid3_d1000_05_mr098_r10_195_uai_GSCC_n200_roFalse_s0: [0.0911,0.1949]	 94 runs	 rmse=0.16216	 T_learn=13310 ms. 	 T_infer=1727 ms.
2026-02-02 16:18:10,807|INFO|random_mc2_n5_mid3_d1000_05_mr098_r10_195_uai_GSCC_n200_roFalse_s0: Saving results to ../results/synthetic/s123/random_mc2_n5_mid3_d1000_05_mr098_r10_195_uai_GSCC_n200_roFalse_s0.csv
2026-02-02 16:18:10,894|INFO|random_mc2_n5_mid3_d1000_05_mr098_r10_188_uai_GSCC_n200_roFalse_s0: [0.0011,0.0117]	 64 runs	 rmse=0.03768	 T_learn=10662 ms. 	 T_infer=1490 ms.
2026-02-02 16:18:10,899|INFO|random_mc2_n5_mid3_d1000_05_mr098_r10_188_uai_GSCC_n200_roFalse_s0: Saving results to ../results/synthetic/s123/random_mc2_n5_mid3_d1000_05_mr098_r10_188_uai_GSCC_n200_roFalse_s0.csv
2026-02-02 16:18:11,101|INFO|random_mc2_n5_mid3_d1000_05_mr098_r10_190_uai_GSCC_n200_roTrue_s0: [0.0448,0.0729]	 74 runs	 rmse=0.08448	 T_learn=14348 ms. 	 T_infer=1960 ms.
2026-02-02 16:18:11,107|INFO|random_mc2_n5_mid3_d1000_05_mr098_r10_190_uai_GSCC_n200_roTrue_s0: Saving results to ../results/synthetic/s123/random_mc2_n5_mid3_d1000_05_mr098_r10_190_uai_GSCC_n200_roTrue_s0.csv
2026-02-02 16:18:11,213|INFO|random_mc2_n5_mid3_d1000_05_mr098_r10_63_uai_GSCC_n200_roTrue_s0: [0.0116,0.1148]	 83 runs	 rmse=0.05663	 T_learn=8896 ms. 	 T_infer=1165 ms.
2026-02-02 16:18:11,219|INFO|random_mc2_n5_mid3_d1000_05_mr098_r10_63_uai_GSCC_n200_roTrue_s0: Saving results to ../results/synthetic/s123/random_mc2_n5_mid3_d1000_05_mr098_r10_63_uai_GSCC_n200_roTrue_s0.csv
2026-02-02 16:18:11,340|INFO|random_mc2_n5_mid3_d1000_05_mr098_r10_137_uai_GSCC_n200_roFalse_s0: [0.3436,0.4112]	 74 runs	 rmse=0.03326	 T_learn=17269 ms. 	 T_infer=2239 ms.
2026-02-02 16:18:11,345|INFO|random_mc2_n5_mid3_d1000_05_mr098_r10_137_uai_GSCC_n200_roFalse_s0: Saving results to ../results/synthetic/s123/random_mc2_n5_mid3_d1000_05_mr098_r10_137_uai_GSCC_n200_roFalse_s0.csv
2026-02-02 16:18:11,418|INFO|random_mc2_n5_mid3_d1000_05_mr098_r10_44_uai_GSCC_n200_roFalse_s0: [0.0156,0.0340]	 74 runs	 rmse=0.00590	 T_learn=24022 ms. 	 T_infer=3651 ms.
2026-02-02 16:18:11,424|INFO|random_mc2_n5_mid3_d1000_05_mr098_r10_44_uai_GSCC_n200_roFalse_s0: Saving results to ../results/synthetic/s123/random_mc2_n5_mid3_d1000_05_mr098_r10_44_uai_GSCC_n200_roFalse_s0.csv
2026-02-02 16:18:11,750|INFO|random_mc2_n7_mid3_d1000_05_mr098_r10_6_uai_GSCC_n200_roFalse_s0: [0.0078,0.0285]	 25 runs	 rmse=0.00775	 T_learn=15521 ms. 	 T_infer=2543 ms.
2026-02-02 16:18:11,756|INFO|random_mc2_n7_mid3_d1000_05_mr098_r10_6_uai_GSCC_n200_roFalse_s0: Saving results to ../results/synthetic/s123/random_mc2_n7_mid3_d1000_05_mr098_r10_6_uai_GSCC_n200_roFalse_s0.csv
2026-02-02 16:18:11,789|INFO|random_mc2_n5_mid3_d1000_05_mr098_r10_169_uai_GSCC_n200_roTrue_s0: [0.1389,0.2547]	 135 runs	 rmse=0.24528	 T_learn=15436 ms. 	 T_infer=1425 ms.
2026-02-02 16:18:11,797|INFO|random_mc2_n5_mid3_d1000_05_mr098_r10_169_uai_GSCC_n200_roTrue_s0: Saving results to ../results/synthetic/s123/random_mc2_n5_mid3_d1000_05_mr098_r10_169_uai_GSCC_n200_roTrue_s0.csv
2026-02-02 16:18:12,138|INFO|random_mc2_n5_mid3_d1000_05_mr098_r10_74_uai_GSCC_n200_roTrue_s0: [0.3231,0.3975]	 46 runs	 rmse=0.13464	 T_learn=19374 ms. 	 T_infer=3644 ms.
2026-02-02 16:18:12,144|INFO|random_mc2_n5_mid3_d1000_05_mr098_r10_74_uai_GSCC_n200_roTrue_s0: Saving results to ../results/synthetic/s123/random_mc2_n5_mid3_d1000_05_mr098_r10_74_uai_GSCC_n200_roTrue_s0.csv
2026-02-02 16:18:12,153|INFO|random_mc2_n7_mid3_d1000_05_mr098_r10_65_uai_GSCC_n200_roTrue_s0: [0.1851,0.2055]	 33 runs	 rmse=0.03341	 T_learn=13270 ms. 	 T_infer=2099 ms.
2026-02-02 16:18:12,157|INFO|random_mc2_n7_mid3_d1000_05_mr098_r10_65_uai_GSCC_n200_roTrue_s0: Saving results to ../results/synthetic/s123/random_mc2_n7_mid3_d1000_05_mr098_r10_65_uai_GSCC_n200_roTrue_s0.csv
2026-02-02 16:18:12,316|INFO|random_mc2_n6_mid3_d1000_05_mr098_r10_169_uai_GSCC_n200_roFalse_s0: [0.0093,0.0314]	 95 runs	 rmse=0.01267	 T_learn=23438 ms. 	 T_infer=2870 ms.
2026-02-02 16:18:12,322|INFO|random_mc2_n6_mid3_d1000_05_mr098_r10_169_uai_GSCC_n200_roFalse_s0: Saving results to ../results/synthetic/s123/random_mc2_n6_mid3_d1000_05_mr098_r10_169_uai_GSCC_n200_roFalse_s0.csv
2026-02-02 16:18:12,372|INFO|random_mc2_n6_mid3_d1000_05_mr098_r10_71_uai_GSCC_n200_roFalse_s0: [0.5153,0.6281]	 70 runs	 rmse=0.02577	 T_learn=26405 ms. 	 T_infer=3814 ms.
2026-02-02 16:18:12,378|INFO|random_mc2_n6_mid3_d1000_05_mr098_r10_71_uai_GSCC_n200_roFalse_s0: Saving results to ../results/synthetic/s123/random_mc2_n6_mid3_d1000_05_mr098_r10_71_uai_GSCC_n200_roFalse_s0.csv
2026-02-02 16:18:12,412|INFO|random_mc2_n6_mid3_d1000_05_mr098_r10_144_uai_GSCC_n200_roTrue_s0: [0.0153,0.0214]	 49 runs	 rmse=0.01565	 T_learn=13880 ms. 	 T_infer=2480 ms.
2026-02-02 16:18:12,417|INFO|random_mc2_n6_mid3_d1000_05_mr098_r10_144_uai_GSCC_n200_roTrue_s0: Saving results to ../results/synthetic/s123/random_mc2_n6_mid3_d1000_05_mr098_r10_144_uai_GSCC_n200_roTrue_s0.csv
2026-02-02 16:18:12,512|INFO|random_mc2_n5_mid3_d1000_05_mr098_r10_141_uai_GSCC_n200_roTrue_s0: [0.0881,0.1946]	 81 runs	 rmse=0.09360	 T_learn=24598 ms. 	 T_infer=3339 ms.
2026-02-02 16:18:12,517|INFO|random_mc2_n5_mid3_d1000_05_mr098_r10_141_uai_GSCC_n200_roTrue_s0: Saving results to ../results/synthetic/s123/random_mc2_n5_mid3_d1000_05_mr098_r10_141_uai_GSCC_n200_roTrue_s0.csv
2026-02-02 16:18:12,530|INFO|random_mc2_n5_mid3_d1000_05_mr098_r10_195_uai_GSCC_n200_roFalse_s0: [0.0911,0.1949]	 95 runs	 rmse=0.16216	 T_learn=13470 ms. 	 T_infer=1563 ms.
2026-02-02 16:18:12,535|INFO|random_mc2_n5_mid3_d1000_05_mr098_r10_195_uai_GSCC_n200_roFalse_s0: Saving results to ../results/synthetic/s123/random_mc2_n5_mid3_d1000_05_mr098_r10_195_uai_GSCC_n200_roFalse_s0.csv
2026-02-02 16:18:12,547|INFO|random_mc2_n5_mid3_d1000_05_mr098_r10_188_uai_GSCC_n200_roFalse_s0: [0.0011,0.0117]	 65 runs	 rmse=0.03768	 T_learn=10801 ms. 	 T_infer=1510 ms.
2026-02-02 16:18:12,552|INFO|random_mc2_n5_mid3_d1000_05_mr098_r10_188_uai_GSCC_n200_roFalse_s0: Saving results to ../results/synthetic/s123/random_mc2_n5_mid3_d1000_05_mr098_r10_188_uai_GSCC_n200_roFalse_s0.csv
2026-02-02 16:18:12,627|INFO|random_mc2_n5_mid3_d1000_05_mr098_r10_63_uai_GSCC_n200_roTrue_s0: [0.0116,0.1045]	 84 runs	 rmse=0.06679	 T_learn=9004 ms. 	 T_infer=1301 ms.
2026-02-02 16:18:12,633|INFO|random_mc2_n5_mid3_d1000_05_mr098_r10_63_uai_GSCC_n200_roTrue_s0: Saving results to ../results/synthetic/s123/random_mc2_n5_mid3_d1000_05_mr098_r10_63_uai_GSCC_n200_roTrue_s0.csv
2026-02-02 16:18:13,058|INFO|random_mc2_n6_mid3_d1000_05_mr098_r10_158_uai_GSCC_n200_roFalse_s0: [0.0241,0.0370]	 82 runs	 rmse=0.03651	 T_learn=15841 ms. 	 T_infer=2091 ms.
2026-02-02 16:18:13,064|INFO|random_mc2_n6_mid3_d1000_05_mr098_r10_158_uai_GSCC_n200_roFalse_s0: Saving results to ../results/synthetic/s123/random_mc2_n6_mid3_d1000_05_mr098_r10_158_uai_GSCC_n200_roFalse_s0.csv
2026-02-02 16:18:13,130|INFO|random_mc2_n5_mid3_d1000_05_mr098_r10_31_uai_GSCC_n200_roTrue_s0: [0.0901,0.1423]	 96 runs	 rmse=0.14313	 T_learn=18614 ms. 	 T_infer=2095 ms.
2026-02-02 16:18:13,135|INFO|random_mc2_n5_mid3_d1000_05_mr098_r10_31_uai_GSCC_n200_roTrue_s0: Saving results to ../results/synthetic/s123/random_mc2_n5_mid3_d1000_05_mr098_r10_31_uai_GSCC_n200_roTrue_s0.csv
2026-02-02 16:18:13,234|INFO|random_mc2_n5_mid3_d1000_05_mr098_r10_102_uai_GSCC_n200_roTrue_s0: [0.3034,0.4550]	 98 runs	 rmse=0.04610	 T_learn=18103 ms. 	 T_infer=2589 ms.
2026-02-02 16:18:13,240|INFO|random_mc2_n5_mid3_d1000_05_mr098_r10_102_uai_GSCC_n200_roTrue_s0: Saving results to ../results/synthetic/s123/random_mc2_n5_mid3_d1000_05_mr098_r10_102_uai_GSCC_n200_roTrue_s0.csv
2026-02-02 16:18:13,296|INFO|random_mc2_n5_mid3_d1000_05_mr098_r10_190_uai_GSCC_n200_roTrue_s0: [0.0448,0.0722]	 75 runs	 rmse=0.08506	 T_learn=14554 ms. 	 T_infer=1984 ms.
2026-02-02 16:18:13,301|INFO|random_mc2_n5_mid3_d1000_05_mr098_r10_190_uai_GSCC_n200_roTrue_s0: Saving results to ../results/synthetic/s123/random_mc2_n5_mid3_d1000_05_mr098_r10_190_uai_GSCC_n200_roTrue_s0.csv
2026-02-02 16:18:13,392|INFO|random_mc2_n5_mid3_d1000_05_mr098_r10_169_uai_GSCC_n200_roTrue_s0: [0.1389,0.2547]	 136 runs	 rmse=0.24528	 T_learn=15595 ms. 	 T_infer=1435 ms.
2026-02-02 16:18:13,401|INFO|random_mc2_n5_mid3_d1000_05_mr098_r10_169_uai_GSCC_n200_roTrue_s0: Saving results to ../results/synthetic/s123/random_mc2_n5_mid3_d1000_05_mr098_r10_169_uai_GSCC_n200_roTrue_s0.csv
2026-02-02 16:18:13,666|INFO|random_mc2_n6_mid3_d1000_05_mr098_r10_72_uai_GSCC_n200_roTrue_s0: [0.0627,0.0977]	 74 runs	 rmse=0.04881	 T_learn=28051 ms. 	 T_infer=3587 ms.
2026-02-02 16:18:13,672|INFO|random_mc2_n6_mid3_d1000_05_mr098_r10_72_uai_GSCC_n200_roTrue_s0: Saving results to ../results/synthetic/s123/random_mc2_n6_mid3_d1000_05_mr098_r10_72_uai_GSCC_n200_roTrue_s0.csv
2026-02-02 16:18:13,900|INFO|random_mc2_n5_mid3_d1000_05_mr098_r10_137_uai_GSCC_n200_roFalse_s0: [0.3436,0.4112]	 75 runs	 rmse=0.03326	 T_learn=17564 ms. 	 T_infer=2260 ms.
2026-02-02 16:18:13,905|INFO|random_mc2_n5_mid3_d1000_05_mr098_r10_137_uai_GSCC_n200_roFalse_s0: Saving results to ../results/synthetic/s123/random_mc2_n5_mid3_d1000_05_mr098_r10_137_uai_GSCC_n200_roFalse_s0.csv
2026-02-02 16:18:13,926|INFO|random_mc2_n5_mid3_d1000_05_mr098_r10_63_uai_GSCC_n200_roTrue_s0: [0.0116,0.1045]	 85 runs	 rmse=0.06679	 T_learn=9113 ms. 	 T_infer=1184 ms.
2026-02-02 16:18:13,931|INFO|random_mc2_n5_mid3_d1000_05_mr098_r10_63_uai_GSCC_n200_roTrue_s0: Saving results to ../results/synthetic/s123/random_mc2_n5_mid3_d1000_05_mr098_r10_63_uai_GSCC_n200_roTrue_s0.csv
2026-02-02 16:18:13,950|INFO|random_mc2_n6_mid3_d1000_05_mr098_r10_28_uai_GSCC_n200_roFalse_s0: [0.4503,0.5473]	 70 runs	 rmse=0.08910	 T_learn=24128 ms. 	 T_infer=3552 ms.
2026-02-02 16:18:13,957|INFO|random_mc2_n6_mid3_d1000_05_mr098_r10_28_uai_GSCC_n200_roFalse_s0: Saving results to ../results/synthetic/s123/random_mc2_n6_mid3_d1000_05_mr098_r10_28_uai_GSCC_n200_roFalse_s0.csv
2026-02-02 16:18:14,274|INFO|random_mc2_n5_mid3_d1000_05_mr098_r10_195_uai_GSCC_n200_roFalse_s0: [0.0911,0.1949]	 96 runs	 rmse=0.16216	 T_learn=13630 ms. 	 T_infer=1578 ms.
2026-02-02 16:18:14,280|INFO|random_mc2_n5_mid3_d1000_05_mr098_r10_195_uai_GSCC_n200_roFalse_s0: Saving results to ../results/synthetic/s123/random_mc2_n5_mid3_d1000_05_mr098_r10_195_uai_GSCC_n200_roFalse_s0.csv
2026-02-02 16:18:14,348|INFO|random_mc2_n5_mid3_d1000_05_mr098_r10_188_uai_GSCC_n200_roFalse_s0: [0.0011,0.0117]	 66 runs	 rmse=0.03768	 T_learn=10941 ms. 	 T_infer=1655 ms.
2026-02-02 16:18:14,352|INFO|random_mc2_n5_mid3_d1000_05_mr098_r10_188_uai_GSCC_n200_roFalse_s0: Saving results to ../results/synthetic/s123/random_mc2_n5_mid3_d1000_05_mr098_r10_188_uai_GSCC_n200_roFalse_s0.csv
2026-02-02 16:18:14,738|INFO|random_mc2_n7_mid3_d1000_05_mr098_r10_65_uai_GSCC_n200_roTrue_s0: [0.1851,0.2055]	 34 runs	 rmse=0.03341	 T_learn=13550 ms. 	 T_infer=2300 ms.
2026-02-02 16:18:14,743|INFO|random_mc2_n7_mid3_d1000_05_mr098_r10_65_uai_GSCC_n200_roTrue_s0: Saving results to ../results/synthetic/s123/random_mc2_n7_mid3_d1000_05_mr098_r10_65_uai_GSCC_n200_roTrue_s0.csv
2026-02-02 16:18:14,785|INFO|random_mc2_n7_mid3_d1000_05_mr098_r10_6_uai_GSCC_n200_roFalse_s0: [0.0078,0.0285]	 26 runs	 rmse=0.00775	 T_learn=15916 ms. 	 T_infer=2634 ms.
2026-02-02 16:18:14,790|INFO|random_mc2_n7_mid3_d1000_05_mr098_r10_6_uai_GSCC_n200_roFalse_s0: Saving results to ../results/synthetic/s123/random_mc2_n7_mid3_d1000_05_mr098_r10_6_uai_GSCC_n200_roFalse_s0.csv
2026-02-02 16:18:15,009|INFO|random_mc2_n5_mid3_d1000_05_mr098_r10_169_uai_GSCC_n200_roTrue_s0: [0.1389,0.2547]	 137 runs	 rmse=0.24528	 T_learn=15757 ms. 	 T_infer=1446 ms.
2026-02-02 16:18:15,016|INFO|random_mc2_n5_mid3_d1000_05_mr098_r10_169_uai_GSCC_n200_roTrue_s0: Saving results to ../results/synthetic/s123/random_mc2_n5_mid3_d1000_05_mr098_r10_169_uai_GSCC_n200_roTrue_s0.csv
2026-02-02 16:18:15,240|INFO|random_mc2_n6_mid3_d1000_05_mr098_r10_144_uai_GSCC_n200_roTrue_s0: [0.0153,0.0214]	 50 runs	 rmse=0.01565	 T_learn=14188 ms. 	 T_infer=2515 ms.
2026-02-02 16:18:15,241|INFO|random_mc2_n5_mid3_d1000_05_mr098_r10_63_uai_GSCC_n200_roTrue_s0: [0.0111,0.1045]	 86 runs	 rmse=0.06670	 T_learn=9223 ms. 	 T_infer=1200 ms.
2026-02-02 16:18:15,246|INFO|random_mc2_n6_mid3_d1000_05_mr098_r10_144_uai_GSCC_n200_roTrue_s0: Saving results to ../results/synthetic/s123/random_mc2_n6_mid3_d1000_05_mr098_r10_144_uai_GSCC_n200_roTrue_s0.csv
2026-02-02 16:18:15,247|INFO|random_mc2_n5_mid3_d1000_05_mr098_r10_63_uai_GSCC_n200_roTrue_s0: Saving results to ../results/synthetic/s123/random_mc2_n5_mid3_d1000_05_mr098_r10_63_uai_GSCC_n200_roTrue_s0.csv
2026-02-02 16:18:15,401|INFO|random_mc2_n6_mid3_d1000_05_mr098_r10_158_uai_GSCC_n200_roFalse_s0: [0.0241,0.0370]	 83 runs	 rmse=0.03647	 T_learn=16057 ms. 	 T_infer=2121 ms.
2026-02-02 16:18:15,407|INFO|random_mc2_n6_mid3_d1000_05_mr098_r10_158_uai_GSCC_n200_roFalse_s0: Saving results to ../results/synthetic/s123/random_mc2_n6_mid3_d1000_05_mr098_r10_158_uai_GSCC_n200_roFalse_s0.csv
2026-02-02 16:18:15,512|INFO|random_mc2_n5_mid3_d1000_05_mr098_r10_31_uai_GSCC_n200_roTrue_s0: [0.0901,0.1423]	 97 runs	 rmse=0.14313	 T_learn=18870 ms. 	 T_infer=2122 ms.
2026-02-02 16:18:15,514|INFO|random_mc2_n6_mid3_d1000_05_mr098_r10_169_uai_GSCC_n200_roFalse_s0: [0.0093,0.0314]	 96 runs	 rmse=0.01267	 T_learn=23744 ms. 	 T_infer=2887 ms.
2026-02-02 16:18:15,518|INFO|random_mc2_n5_mid3_d1000_05_mr098_r10_31_uai_GSCC_n200_roTrue_s0: Saving results to ../results/synthetic/s123/random_mc2_n5_mid3_d1000_05_mr098_r10_31_uai_GSCC_n200_roTrue_s0.csv
2026-02-02 16:18:15,519|INFO|random_mc2_n5_mid3_d1000_05_mr098_r10_190_uai_GSCC_n200_roTrue_s0: [0.0448,0.0729]	 76 runs	 rmse=0.08448	 T_learn=14763 ms. 	 T_infer=2009 ms.
2026-02-02 16:18:15,520|INFO|random_mc2_n6_mid3_d1000_05_mr098_r10_169_uai_GSCC_n200_roFalse_s0: Saving results to ../results/synthetic/s123/random_mc2_n6_mid3_d1000_05_mr098_r10_169_uai_GSCC_n200_roFalse_s0.csv
2026-02-02 16:18:15,525|INFO|random_mc2_n5_mid3_d1000_05_mr098_r10_190_uai_GSCC_n200_roTrue_s0: Saving results to ../results/synthetic/s123/random_mc2_n5_mid3_d1000_05_mr098_r10_190_uai_GSCC_n200_roTrue_s0.csv
2026-02-02 16:18:15,588|INFO|random_mc2_n5_mid3_d1000_05_mr098_r10_44_uai_GSCC_n200_roFalse_s0: [0.0156,0.0340]	 75 runs	 rmse=0.00590	 T_learn=24504 ms. 	 T_infer=3681 ms.
2026-02-02 16:18:15,593|INFO|random_mc2_n5_mid3_d1000_05_mr098_r10_44_uai_GSCC_n200_roFalse_s0: Saving results to ../results/synthetic/s123/random_mc2_n5_mid3_d1000_05_mr098_r10_44_uai_GSCC_n200_roFalse_s0.csv
2026-02-02 16:18:15,929|INFO|random_mc2_n5_mid3_d1000_05_mr098_r10_102_uai_GSCC_n200_roTrue_s0: [0.3034,0.4563]	 99 runs	 rmse=0.04549	 T_learn=18334 ms. 	 T_infer=2458 ms.
2026-02-02 16:18:15,934|INFO|random_mc2_n5_mid3_d1000_05_mr098_r10_102_uai_GSCC_n200_roTrue_s0: Saving results to ../results/synthetic/s123/random_mc2_n5_mid3_d1000_05_mr098_r10_102_uai_GSCC_n200_roTrue_s0.csv
2026-02-02 16:18:16,037|INFO|random_mc2_n5_mid3_d1000_05_mr098_r10_195_uai_GSCC_n200_roFalse_s0: [0.0911,0.1949]	 97 runs	 rmse=0.16216	 T_learn=13793 ms. 	 T_infer=1594 ms.
2026-02-02 16:18:16,042|INFO|random_mc2_n5_mid3_d1000_05_mr098_r10_195_uai_GSCC_n200_roFalse_s0: Saving results to ../results/synthetic/s123/random_mc2_n5_mid3_d1000_05_mr098_r10_195_uai_GSCC_n200_roFalse_s0.csv
2026-02-02 16:18:16,044|INFO|random_mc2_n5_mid3_d1000_05_mr098_r10_188_uai_GSCC_n200_roFalse_s0: [0.0011,0.0117]	 67 runs	 rmse=0.03768	 T_learn=11085 ms. 	 T_infer=1548 ms.
2026-02-02 16:18:16,049|INFO|random_mc2_n5_mid3_d1000_05_mr098_r10_188_uai_GSCC_n200_roFalse_s0: Saving results to ../results/synthetic/s123/random_mc2_n5_mid3_d1000_05_mr098_r10_188_uai_GSCC_n200_roFalse_s0.csv
2026-02-02 16:18:16,315|INFO|random_mc2_n5_mid3_d1000_05_mr098_r10_141_uai_GSCC_n200_roTrue_s0: [0.0881,0.1946]	 82 runs	 rmse=0.09360	 T_learn=25024 ms. 	 T_infer=3372 ms.
2026-02-02 16:18:16,320|INFO|random_mc2_n5_mid3_d1000_05_mr098_r10_141_uai_GSCC_n200_roTrue_s0: Saving results to ../results/synthetic/s123/random_mc2_n5_mid3_d1000_05_mr098_r10_141_uai_GSCC_n200_roTrue_s0.csv
2026-02-02 16:18:16,349|INFO|random_mc2_n5_mid3_d1000_05_mr098_r10_74_uai_GSCC_n200_roTrue_s0: [0.3231,0.3975]	 47 runs	 rmse=0.13464	 T_learn=19871 ms. 	 T_infer=3708 ms.
2026-02-02 16:18:16,354|INFO|random_mc2_n5_mid3_d1000_05_mr098_r10_74_uai_GSCC_n200_roTrue_s0: Saving results to ../results/synthetic/s123/random_mc2_n5_mid3_d1000_05_mr098_r10_74_uai_GSCC_n200_roTrue_s0.csv
2026-02-02 16:18:16,493|INFO|random_mc2_n5_mid3_d1000_05_mr098_r10_137_uai_GSCC_n200_roFalse_s0: [0.3436,0.4112]	 76 runs	 rmse=0.03326	 T_learn=17860 ms. 	 T_infer=2291 ms.
2026-02-02 16:18:16,498|INFO|random_mc2_n5_mid3_d1000_05_mr098_r10_137_uai_GSCC_n200_roFalse_s0: Saving results to ../results/synthetic/s123/random_mc2_n5_mid3_d1000_05_mr098_r10_137_uai_GSCC_n200_roFalse_s0.csv
2026-02-02 16:18:16,571|INFO|random_mc2_n5_mid3_d1000_05_mr098_r10_63_uai_GSCC_n200_roTrue_s0: [0.0104,0.1045]	 87 runs	 rmse=0.06659	 T_learn=9335 ms. 	 T_infer=1212 ms.
2026-02-02 16:18:16,576|INFO|random_mc2_n5_mid3_d1000_05_mr098_r10_63_uai_GSCC_n200_roTrue_s0: Saving results to ../results/synthetic/s123/random_mc2_n5_mid3_d1000_05_mr098_r10_63_uai_GSCC_n200_roTrue_s0.csv
2026-02-02 16:18:16,753|INFO|random_mc2_n6_mid3_d1000_05_mr098_r10_71_uai_GSCC_n200_roFalse_s0: [0.5153,0.6281]	 71 runs	 rmse=0.02577	 T_learn=26924 ms. 	 T_infer=3856 ms.
2026-02-02 16:18:16,758|INFO|random_mc2_n6_mid3_d1000_05_mr098_r10_71_uai_GSCC_n200_roFalse_s0: Saving results to ../results/synthetic/s123/random_mc2_n6_mid3_d1000_05_mr098_r10_71_uai_GSCC_n200_roFalse_s0.csv
2026-02-02 16:18:16,784|INFO|random_mc2_n5_mid3_d1000_05_mr098_r10_169_uai_GSCC_n200_roTrue_s0: [0.1389,0.2506]	 138 runs	 rmse=0.24940	 T_learn=15920 ms. 	 T_infer=1606 ms.
2026-02-02 16:18:16,791|INFO|random_mc2_n5_mid3_d1000_05_mr098_r10_169_uai_GSCC_n200_roTrue_s0: Saving results to ../results/synthetic/s123/random_mc2_n5_mid3_d1000_05_mr098_r10_169_uai_GSCC_n200_roTrue_s0.csv
2026-02-02 16:18:17,247|INFO|random_mc2_n7_mid3_d1000_05_mr098_r10_65_uai_GSCC_n200_roTrue_s0: [0.1851,0.2055]	 35 runs	 rmse=0.03341	 T_learn=13837 ms. 	 T_infer=2217 ms.
2026-02-02 16:18:17,255|INFO|random_mc2_n7_mid3_d1000_05_mr098_r10_65_uai_GSCC_n200_roTrue_s0: Saving results to ../results/synthetic/s123/random_mc2_n7_mid3_d1000_05_mr098_r10_65_uai_GSCC_n200_roTrue_s0.csv
2026-02-02 16:18:17,765|INFO|random_mc2_n5_mid3_d1000_05_mr098_r10_190_uai_GSCC_n200_roTrue_s0: [0.0448,0.0729]	 77 runs	 rmse=0.08448	 T_learn=14973 ms. 	 T_infer=2030 ms.
2026-02-02 16:18:17,766|INFO|random_mc2_n5_mid3_d1000_05_mr098_r10_188_uai_GSCC_n200_roFalse_s0: [0.0011,0.0117]	 68 runs	 rmse=0.03768	 T_learn=11230 ms. 	 T_infer=1572 ms.
2026-02-02 16:18:17,772|INFO|random_mc2_n5_mid3_d1000_05_mr098_r10_188_uai_GSCC_n200_roFalse_s0: Saving results to ../results/synthetic/s123/random_mc2_n5_mid3_d1000_05_mr098_r10_188_uai_GSCC_n200_roFalse_s0.csv
2026-02-02 16:18:17,772|INFO|random_mc2_n5_mid3_d1000_05_mr098_r10_190_uai_GSCC_n200_roTrue_s0: Saving results to ../results/synthetic/s123/random_mc2_n5_mid3_d1000_05_mr098_r10_190_uai_GSCC_n200_roTrue_s0.csv
2026-02-02 16:18:17,834|INFO|random_mc2_n5_mid3_d1000_05_mr098_r10_195_uai_GSCC_n200_roFalse_s0: [0.0911,0.1949]	 98 runs	 rmse=0.16216	 T_learn=13957 ms. 	 T_infer=1628 ms.
2026-02-02 16:18:17,839|INFO|random_mc2_n5_mid3_d1000_05_mr098_r10_195_uai_GSCC_n200_roFalse_s0: Saving results to ../results/synthetic/s123/random_mc2_n5_mid3_d1000_05_mr098_r10_195_uai_GSCC_n200_roFalse_s0.csv
2026-02-02 16:18:17,893|INFO|random_mc2_n6_mid3_d1000_05_mr098_r10_158_uai_GSCC_n200_roFalse_s0: [0.0231,0.0370]	 84 runs	 rmse=0.03587	 T_learn=16403 ms. 	 T_infer=2140 ms.
2026-02-02 16:18:17,899|INFO|random_mc2_n6_mid3_d1000_05_mr098_r10_158_uai_GSCC_n200_roFalse_s0: Saving results to ../results/synthetic/s123/random_mc2_n6_mid3_d1000_05_mr098_r10_158_uai_GSCC_n200_roFalse_s0.csv
2026-02-02 16:18:17,912|INFO|random_mc2_n6_mid3_d1000_05_mr098_r10_72_uai_GSCC_n200_roTrue_s0: [0.0627,0.0977]	 75 runs	 rmse=0.04881	 T_learn=28530 ms. 	 T_infer=3762 ms.
2026-02-02 16:18:17,915|INFO|random_mc2_n5_mid3_d1000_05_mr098_r10_63_uai_GSCC_n200_roTrue_s0: [0.0065,0.1045]	 88 runs	 rmse=0.06609	 T_learn=9447 ms. 	 T_infer=1227 ms.
2026-02-02 16:18:17,917|INFO|random_mc2_n6_mid3_d1000_05_mr098_r10_72_uai_GSCC_n200_roTrue_s0: Saving results to ../results/synthetic/s123/random_mc2_n6_mid3_d1000_05_mr098_r10_72_uai_GSCC_n200_roTrue_s0.csv
2026-02-02 16:18:17,920|INFO|random_mc2_n5_mid3_d1000_05_mr098_r10_63_uai_GSCC_n200_roTrue_s0: Saving results to ../results/synthetic/s123/random_mc2_n5_mid3_d1000_05_mr098_r10_63_uai_GSCC_n200_roTrue_s0.csv
2026-02-02 16:18:17,934|INFO|random_mc2_n7_mid3_d1000_05_mr098_r10_6_uai_GSCC_n200_roFalse_s0: [0.0078,0.0285]	 27 runs	 rmse=0.00775	 T_learn=16320 ms. 	 T_infer=2740 ms.
2026-02-02 16:18:17,935|INFO|random_mc2_n5_mid3_d1000_05_mr098_r10_31_uai_GSCC_n200_roTrue_s0: [0.0901,0.1423]	 98 runs	 rmse=0.14313	 T_learn=19126 ms. 	 T_infer=2160 ms.
2026-02-02 16:18:17,939|INFO|random_mc2_n7_mid3_d1000_05_mr098_r10_6_uai_GSCC_n200_roFalse_s0: Saving results to ../results/synthetic/s123/random_mc2_n7_mid3_d1000_05_mr098_r10_6_uai_GSCC_n200_roFalse_s0.csv
2026-02-02 16:18:17,940|INFO|random_mc2_n5_mid3_d1000_05_mr098_r10_31_uai_GSCC_n200_roTrue_s0: Saving results to ../results/synthetic/s123/random_mc2_n5_mid3_d1000_05_mr098_r10_31_uai_GSCC_n200_roTrue_s0.csv
2026-02-02 16:18:18,038|INFO|random_mc2_n6_mid3_d1000_05_mr098_r10_28_uai_GSCC_n200_roFalse_s0: [0.4503,0.5473]	 71 runs	 rmse=0.08910	 T_learn=24611 ms. 	 T_infer=3598 ms.
2026-02-02 16:18:18,044|INFO|random_mc2_n6_mid3_d1000_05_mr098_r10_28_uai_GSCC_n200_roFalse_s0: Saving results to ../results/synthetic/s123/random_mc2_n6_mid3_d1000_05_mr098_r10_28_uai_GSCC_n200_roFalse_s0.csv
2026-02-02 16:18:18,123|INFO|random_mc2_n6_mid3_d1000_05_mr098_r10_144_uai_GSCC_n200_roTrue_s0: [0.0153,0.0222]	 51 runs	 rmse=0.01490	 T_learn=14501 ms. 	 T_infer=2564 ms.
2026-02-02 16:18:18,128|INFO|random_mc2_n6_mid3_d1000_05_mr098_r10_144_uai_GSCC_n200_roTrue_s0: Saving results to ../results/synthetic/s123/random_mc2_n6_mid3_d1000_05_mr098_r10_144_uai_GSCC_n200_roTrue_s0.csv
2026-02-02 16:18:18,424|INFO|random_mc2_n5_mid3_d1000_05_mr098_r10_169_uai_GSCC_n200_roTrue_s0: [0.1389,0.2506]	 139 runs	 rmse=0.24940	 T_learn=16086 ms. 	 T_infer=1466 ms.
2026-02-02 16:18:18,431|INFO|random_mc2_n5_mid3_d1000_05_mr098_r10_169_uai_GSCC_n200_roTrue_s0: Saving results to ../results/synthetic/s123/random_mc2_n5_mid3_d1000_05_mr098_r10_169_uai_GSCC_n200_roTrue_s0.csv
2026-02-02 16:18:18,650|INFO|random_mc2_n5_mid3_d1000_05_mr098_r10_102_uai_GSCC_n200_roTrue_s0: [0.3034,0.4563]	 100 runs	 rmse=0.04549	 T_learn=18567 ms. 	 T_infer=2483 ms.
2026-02-02 16:18:18,657|INFO|random_mc2_n5_mid3_d1000_05_mr098_r10_102_uai_GSCC_n200_roTrue_s0: Saving results to ../results/synthetic/s123/random_mc2_n5_mid3_d1000_05_mr098_r10_102_uai_GSCC_n200_roTrue_s0.csv
2026-02-02 16:18:18,878|INFO|random_mc2_n6_mid3_d1000_05_mr098_r10_169_uai_GSCC_n200_roFalse_s0: [0.0093,0.0314]	 97 runs	 rmse=0.01267	 T_learn=24054 ms. 	 T_infer=3048 ms.
2026-02-02 16:18:18,884|INFO|random_mc2_n6_mid3_d1000_05_mr098_r10_169_uai_GSCC_n200_roFalse_s0: Saving results to ../results/synthetic/s123/random_mc2_n6_mid3_d1000_05_mr098_r10_169_uai_GSCC_n200_roFalse_s0.csv
2026-02-02 16:18:19,119|INFO|random_mc2_n5_mid3_d1000_05_mr098_r10_137_uai_GSCC_n200_roFalse_s0: [0.3436,0.4112]	 77 runs	 rmse=0.03326	 T_learn=18161 ms. 	 T_infer=2320 ms.
2026-02-02 16:18:19,124|INFO|random_mc2_n5_mid3_d1000_05_mr098_r10_137_uai_GSCC_n200_roFalse_s0: Saving results to ../results/synthetic/s123/random_mc2_n5_mid3_d1000_05_mr098_r10_137_uai_GSCC_n200_roFalse_s0.csv
2026-02-02 16:18:19,279|INFO|random_mc2_n5_mid3_d1000_05_mr098_r10_63_uai_GSCC_n200_roTrue_s0: [0.0065,0.1045]	 89 runs	 rmse=0.06609	 T_learn=9562 ms. 	 T_infer=1243 ms.
2026-02-02 16:18:19,284|INFO|random_mc2_n5_mid3_d1000_05_mr098_r10_63_uai_GSCC_n200_roTrue_s0: Saving results to ../results/synthetic/s123/random_mc2_n5_mid3_d1000_05_mr098_r10_63_uai_GSCC_n200_roTrue_s0.csv
2026-02-02 16:18:19,519|INFO|random_mc2_n5_mid3_d1000_05_mr098_r10_188_uai_GSCC_n200_roFalse_s0: [0.0011,0.0117]	 69 runs	 rmse=0.03768	 T_learn=11378 ms. 	 T_infer=1599 ms.
2026-02-02 16:18:19,523|INFO|random_mc2_n5_mid3_d1000_05_mr098_r10_188_uai_GSCC_n200_roFalse_s0: Saving results to ../results/synthetic/s123/random_mc2_n5_mid3_d1000_05_mr098_r10_188_uai_GSCC_n200_roFalse_s0.csv
2026-02-02 16:18:19,762|INFO|random_mc2_n5_mid3_d1000_05_mr098_r10_195_uai_GSCC_n200_roFalse_s0: [0.0911,0.1949]	 99 runs	 rmse=0.16216	 T_learn=14123 ms. 	 T_infer=1757 ms.
2026-02-02 16:18:19,767|INFO|random_mc2_n5_mid3_d1000_05_mr098_r10_195_uai_GSCC_n200_roFalse_s0: Saving results to ../results/synthetic/s123/random_mc2_n5_mid3_d1000_05_mr098_r10_195_uai_GSCC_n200_roFalse_s0.csv
2026-02-02 16:18:19,805|INFO|random_mc2_n5_mid3_d1000_05_mr098_r10_44_uai_GSCC_n200_roFalse_s0: [0.0156,0.0340]	 76 runs	 rmse=0.00590	 T_learn=24992 ms. 	 T_infer=3724 ms.
2026-02-02 16:18:19,810|INFO|random_mc2_n5_mid3_d1000_05_mr098_r10_44_uai_GSCC_n200_roFalse_s0: Saving results to ../results/synthetic/s123/random_mc2_n5_mid3_d1000_05_mr098_r10_44_uai_GSCC_n200_roFalse_s0.csv
2026-02-02 16:18:19,826|INFO|random_mc2_n7_mid3_d1000_05_mr098_r10_65_uai_GSCC_n200_roTrue_s0: [0.1851,0.2055]	 36 runs	 rmse=0.03341	 T_learn=14133 ms. 	 T_infer=2275 ms.
2026-02-02 16:18:19,831|INFO|random_mc2_n7_mid3_d1000_05_mr098_r10_65_uai_GSCC_n200_roTrue_s0: Saving results to ../results/synthetic/s123/random_mc2_n7_mid3_d1000_05_mr098_r10_65_uai_GSCC_n200_roTrue_s0.csv
2026-02-02 16:18:20,048|INFO|random_mc2_n5_mid3_d1000_05_mr098_r10_190_uai_GSCC_n200_roTrue_s0: [0.0448,0.0729]	 78 runs	 rmse=0.08448	 T_learn=15187 ms. 	 T_infer=2061 ms.
2026-02-02 16:18:20,068|INFO|random_mc2_n5_mid3_d1000_05_mr098_r10_190_uai_GSCC_n200_roTrue_s0: Saving results to ../results/synthetic/s123/random_mc2_n5_mid3_d1000_05_mr098_r10_190_uai_GSCC_n200_roTrue_s0.csv
2026-02-02 16:18:20,075|INFO|random_mc2_n5_mid3_d1000_05_mr098_r10_169_uai_GSCC_n200_roTrue_s0: [0.1389,0.2547]	 140 runs	 rmse=0.24528	 T_learn=16250 ms. 	 T_infer=1479 ms.
2026-02-02 16:18:20,082|INFO|random_mc2_n5_mid3_d1000_05_mr098_r10_169_uai_GSCC_n200_roTrue_s0: Saving results to ../results/synthetic/s123/random_mc2_n5_mid3_d1000_05_mr098_r10_169_uai_GSCC_n200_roTrue_s0.csv
2026-02-02 16:18:20,285|INFO|random_mc2_n6_mid3_d1000_05_mr098_r10_158_uai_GSCC_n200_roFalse_s0: [0.0231,0.0370]	 85 runs	 rmse=0.03587	 T_learn=16623 ms. 	 T_infer=2167 ms.
2026-02-02 16:18:20,290|INFO|random_mc2_n6_mid3_d1000_05_mr098_r10_158_uai_GSCC_n200_roFalse_s0: Saving results to ../results/synthetic/s123/random_mc2_n6_mid3_d1000_05_mr098_r10_158_uai_GSCC_n200_roFalse_s0.csv
2026-02-02 16:18:20,290|INFO|random_mc2_n5_mid3_d1000_05_mr098_r10_141_uai_GSCC_n200_roTrue_s0: [0.0881,0.1946]	 83 runs	 rmse=0.09360	 T_learn=25454 ms. 	 T_infer=3539 ms.
2026-02-02 16:18:20,296|INFO|random_mc2_n5_mid3_d1000_05_mr098_r10_141_uai_GSCC_n200_roTrue_s0: Saving results to ../results/synthetic/s123/random_mc2_n5_mid3_d1000_05_mr098_r10_141_uai_GSCC_n200_roTrue_s0.csv
2026-02-02 16:18:20,496|INFO|random_mc2_n5_mid3_d1000_05_mr098_r10_31_uai_GSCC_n200_roTrue_s0: [0.0901,0.1423]	 99 runs	 rmse=0.14313	 T_learn=19386 ms. 	 T_infer=2295 ms.
2026-02-02 16:18:20,501|INFO|random_mc2_n5_mid3_d1000_05_mr098_r10_31_uai_GSCC_n200_roTrue_s0: Saving results to ../results/synthetic/s123/random_mc2_n5_mid3_d1000_05_mr098_r10_31_uai_GSCC_n200_roTrue_s0.csv
2026-02-02 16:18:20,742|INFO|random_mc2_n6_mid3_d1000_05_mr098_r10_15_uai_GSCC_n200_roTrue_s0: Loading model from ../models/synthetic/s123/random_mc2_n6_mid3_d1000_05_mr098_r10_15.uai
2026-02-02 16:18:20,763|INFO|random_mc2_n7_mid3_d1000_05_mr098_r10_36_uai_GSCC_n200_roTrue_s0: Loading model from ../models/synthetic/s123/random_mc2_n7_mid3_d1000_05_mr098_r10_36.uai
2026-02-02 16:18:20,773|INFO|random_mc2_n5_mid3_d1000_05_mr098_r10_127_uai_GSCC_n200_roTrue_s0: Loading model from ../models/synthetic/s123/random_mc2_n5_mid3_d1000_05_mr098_r10_127.uai
2026-02-02 16:18:20,778|INFO|random_mc2_n5_mid3_d1000_05_mr098_r10_74_uai_GSCC_n200_roTrue_s0: [0.3231,0.3975]	 48 runs	 rmse=0.13464	 T_learn=20371 ms. 	 T_infer=3923 ms.
2026-02-02 16:18:20,749|INFO|random_mc2_n6_mid3_d1000_05_mr098_r10_15_uai_GSCC_n200_roTrue_s0: Loading data from ../models/synthetic/s123/random_mc2_n6_mid3_d1000_05_mr098_r10_15.csv
2026-02-02 16:18:20,782|INFO|random_mc2_n5_mid3_d1000_05_mr098_r10_63_uai_GSCC_n200_roTrue_s0: [0.0065,0.1045]	 90 runs	 rmse=0.06609	 T_learn=9677 ms. 	 T_infer=1383 ms.
2026-02-02 16:18:20,759|INFO|random_mc2_n6_mid3_d1000_05_mr098_r10_15_uai_GSCC_n200_roTrue_s0: PNS(V2,V5) exact: (5.70302784e-05, 0.0612875741534)
2026-02-02 16:18:20,783|INFO|random_mc2_n5_mid3_d1000_05_mr098_r10_74_uai_GSCC_n200_roTrue_s0: Saving results to ../results/synthetic/s123/random_mc2_n5_mid3_d1000_05_mr098_r10_74_uai_GSCC_n200_roTrue_s0.csv
2026-02-02 16:18:20,788|INFO|random_mc2_n5_mid3_d1000_05_mr098_r10_63_uai_GSCC_n200_roTrue_s0: Saving results to ../results/synthetic/s123/random_mc2_n5_mid3_d1000_05_mr098_r10_63_uai_GSCC_n200_roTrue_s0.csv
2026-02-02 16:18:20,774|INFO|random_mc2_n7_mid3_d1000_05_mr098_r10_36_uai_GSCC_n200_roTrue_s0: Loading data from ../models/synthetic/s123/random_mc2_n7_mid3_d1000_05_mr098_r10_36.csv
2026-02-02 16:18:20,785|INFO|random_mc2_n7_mid3_d1000_05_mr098_r10_36_uai_GSCC_n200_roTrue_s0: PNS(V6,V2) exact: (0.0, 0.128261765483479)
2026-02-02 16:18:20,791|INFO|random_mc2_n5_mid3_d1000_05_mr098_r10_127_uai_GSCC_n200_roTrue_s0: Loading data from ../models/synthetic/s123/random_mc2_n5_mid3_d1000_05_mr098_r10_127.csv
2026-02-02 16:18:20,798|ERROR|random_mc2_n5_mid3_d1000_05_mr098_r10_127_uai_GSCC_n200_roTrue_s0: File exists, not rewriting.
2026-02-02 16:18:21,203|INFO|random_mc2_n7_mid3_d1000_05_mr098_r10_6_uai_GSCC_n200_roFalse_s0: [0.0078,0.0285]	 28 runs	 rmse=0.00775	 T_learn=16737 ms. 	 T_infer=2847 ms.
2026-02-02 16:18:21,208|INFO|random_mc2_n7_mid3_d1000_05_mr098_r10_6_uai_GSCC_n200_roFalse_s0: Saving results to ../results/synthetic/s123/random_mc2_n7_mid3_d1000_05_mr098_r10_6_uai_GSCC_n200_roFalse_s0.csv
2026-02-02 16:18:21,219|INFO|random_mc2_n6_mid3_d1000_05_mr098_r10_144_uai_GSCC_n200_roTrue_s0: [0.0153,0.0222]	 52 runs	 rmse=0.01490	 T_learn=14821 ms. 	 T_infer=2771 ms.
2026-02-02 16:18:21,223|INFO|random_mc2_n6_mid3_d1000_05_mr098_r10_144_uai_GSCC_n200_roTrue_s0: Saving results to ../results/synthetic/s123/random_mc2_n6_mid3_d1000_05_mr098_r10_144_uai_GSCC_n200_roTrue_s0.csv
2026-02-02 16:18:21,301|INFO|random_mc2_n5_mid3_d1000_05_mr098_r10_188_uai_GSCC_n200_roFalse_s0: [0.0011,0.0117]	 70 runs	 rmse=0.03768	 T_learn=11524 ms. 	 T_infer=1630 ms.
2026-02-02 16:18:21,306|INFO|random_mc2_n5_mid3_d1000_05_mr098_r10_188_uai_GSCC_n200_roFalse_s0: Saving results to ../results/synthetic/s123/random_mc2_n5_mid3_d1000_05_mr098_r10_188_uai_GSCC_n200_roFalse_s0.csv
2026-02-02 16:18:21,321|INFO|random_mc2_n6_mid3_d1000_05_mr098_r10_71_uai_GSCC_n200_roFalse_s0: [0.5153,0.6281]	 72 runs	 rmse=0.02577	 T_learn=27580 ms. 	 T_infer=3906 ms.
2026-02-02 16:18:21,326|INFO|random_mc2_n6_mid3_d1000_05_mr098_r10_71_uai_GSCC_n200_roFalse_s0: Saving results to ../results/synthetic/s123/random_mc2_n6_mid3_d1000_05_mr098_r10_71_uai_GSCC_n200_roFalse_s0.csv
2026-02-02 16:18:21,426|INFO|random_mc2_n5_mid3_d1000_05_mr098_r10_102_uai_GSCC_n200_roTrue_s0: [0.3034,0.4563]	 101 runs	 rmse=0.04549	 T_learn=18801 ms. 	 T_infer=2535 ms.
2026-02-02 16:18:21,432|INFO|random_mc2_n5_mid3_d1000_05_mr098_r10_102_uai_GSCC_n200_roTrue_s0: Saving results to ../results/synthetic/s123/random_mc2_n5_mid3_d1000_05_mr098_r10_102_uai_GSCC_n200_roTrue_s0.csv
2026-02-02 16:18:21,604|INFO|random_mc2_n5_mid3_d1000_05_mr098_r10_195_uai_GSCC_n200_roFalse_s0: [0.0911,0.1949]	 100 runs	 rmse=0.16216	 T_learn=14290 ms. 	 T_infer=1670 ms.
2026-02-02 16:18:21,610|INFO|random_mc2_n5_mid3_d1000_05_mr098_r10_195_uai_GSCC_n200_roFalse_s0: Saving results to ../results/synthetic/s123/random_mc2_n5_mid3_d1000_05_mr098_r10_195_uai_GSCC_n200_roFalse_s0.csv
2026-02-02 16:18:21,738|INFO|random_mc2_n5_mid3_d1000_05_mr098_r10_169_uai_GSCC_n200_roTrue_s0: [0.1389,0.2604]	 141 runs	 rmse=0.23961	 T_learn=16417 ms. 	 T_infer=1488 ms.
2026-02-02 16:18:21,744|INFO|random_mc2_n5_mid3_d1000_05_mr098_r10_169_uai_GSCC_n200_roTrue_s0: Saving results to ../results/synthetic/s123/random_mc2_n5_mid3_d1000_05_mr098_r10_169_uai_GSCC_n200_roTrue_s0.csv
2026-02-02 16:18:21,800|INFO|random_mc2_n5_mid3_d1000_05_mr098_r10_137_uai_GSCC_n200_roFalse_s0: [0.3436,0.4112]	 78 runs	 rmse=0.03326	 T_learn=18465 ms. 	 T_infer=2372 ms.
2026-02-02 16:18:21,806|INFO|random_mc2_n5_mid3_d1000_05_mr098_r10_137_uai_GSCC_n200_roFalse_s0: Saving results to ../results/synthetic/s123/random_mc2_n5_mid3_d1000_05_mr098_r10_137_uai_GSCC_n200_roFalse_s0.csv
trainable: ['V6', 'V0', 'V7', 'V8']
trainable: ['V7', 'V5', 'V8', 'V9', 'V3']
2026-02-02 16:18:22,088|INFO|random_mc2_n6_mid3_d1000_05_mr098_r10_72_uai_GSCC_n200_roTrue_s0: [0.0627,0.0977]	 76 runs	 rmse=0.04881	 T_learn=29023 ms. 	 T_infer=3678 ms.
2026-02-02 16:18:22,093|INFO|random_mc2_n6_mid3_d1000_05_mr098_r10_72_uai_GSCC_n200_roTrue_s0: Saving results to ../results/synthetic/s123/random_mc2_n6_mid3_d1000_05_mr098_r10_72_uai_GSCC_n200_roTrue_s0.csv
2026-02-02 16:18:22,150|INFO|random_mc2_n6_mid3_d1000_05_mr098_r10_169_uai_GSCC_n200_roFalse_s0: [0.0093,0.0314]	 98 runs	 rmse=0.01267	 T_learn=24365 ms. 	 T_infer=2955 ms.
2026-02-02 16:18:22,155|INFO|random_mc2_n6_mid3_d1000_05_mr098_r10_169_uai_GSCC_n200_roFalse_s0: Saving results to ../results/synthetic/s123/random_mc2_n6_mid3_d1000_05_mr098_r10_169_uai_GSCC_n200_roFalse_s0.csv
2026-02-02 16:18:22,183|INFO|random_mc2_n6_mid3_d1000_05_mr098_r10_28_uai_GSCC_n200_roFalse_s0: [0.4503,0.5473]	 72 runs	 rmse=0.08910	 T_learn=25100 ms. 	 T_infer=3650 ms.
2026-02-02 16:18:22,183|INFO|random_mc2_n5_mid3_d1000_05_mr098_r10_63_uai_GSCC_n200_roTrue_s0: [0.0065,0.1045]	 91 runs	 rmse=0.06609	 T_learn=9795 ms. 	 T_infer=1277 ms.
2026-02-02 16:18:22,188|INFO|random_mc2_n5_mid3_d1000_05_mr098_r10_63_uai_GSCC_n200_roTrue_s0: Saving results to ../results/synthetic/s123/random_mc2_n5_mid3_d1000_05_mr098_r10_63_uai_GSCC_n200_roTrue_s0.csv
2026-02-02 16:18:22,189|INFO|random_mc2_n6_mid3_d1000_05_mr098_r10_28_uai_GSCC_n200_roFalse_s0: Saving results to ../results/synthetic/s123/random_mc2_n6_mid3_d1000_05_mr098_r10_28_uai_GSCC_n200_roFalse_s0.csv
2026-02-02 16:18:22,493|INFO|random_mc2_n7_mid3_d1000_05_mr098_r10_65_uai_GSCC_n200_roTrue_s0: [0.1851,0.2055]	 37 runs	 rmse=0.03341	 T_learn=14435 ms. 	 T_infer=2360 ms.
2026-02-02 16:18:22,498|INFO|random_mc2_n7_mid3_d1000_05_mr098_r10_65_uai_GSCC_n200_roTrue_s0: Saving results to ../results/synthetic/s123/random_mc2_n7_mid3_d1000_05_mr098_r10_65_uai_GSCC_n200_roTrue_s0.csv
2026-02-02 16:18:22,507|INFO|random_mc2_n5_mid3_d1000_05_mr098_r10_190_uai_GSCC_n200_roTrue_s0: [0.0427,0.0729]	 79 runs	 rmse=0.08338	 T_learn=15404 ms. 	 T_infer=2222 ms.
2026-02-02 16:18:22,511|INFO|random_mc2_n5_mid3_d1000_05_mr098_r10_190_uai_GSCC_n200_roTrue_s0: Saving results to ../results/synthetic/s123/random_mc2_n5_mid3_d1000_05_mr098_r10_190_uai_GSCC_n200_roTrue_s0.csv
2026-02-02 16:18:22,728|INFO|random_mc2_n6_mid3_d1000_05_mr098_r10_158_uai_GSCC_n200_roFalse_s0: [0.0225,0.0370]	 86 runs	 rmse=0.03543	 T_learn=16846 ms. 	 T_infer=2215 ms.
2026-02-02 16:18:22,733|INFO|random_mc2_n6_mid3_d1000_05_mr098_r10_158_uai_GSCC_n200_roFalse_s0: Saving results to ../results/synthetic/s123/random_mc2_n6_mid3_d1000_05_mr098_r10_158_uai_GSCC_n200_roFalse_s0.csv
2026-02-02 16:18:22,995|INFO|random_mc2_n5_mid3_d1000_05_mr098_r10_31_uai_GSCC_n200_roTrue_s0: [0.0901,0.1423]	 100 runs	 rmse=0.14313	 T_learn=19648 ms. 	 T_infer=2231 ms.
2026-02-02 16:18:23,002|INFO|random_mc2_n5_mid3_d1000_05_mr098_r10_31_uai_GSCC_n200_roTrue_s0: Saving results to ../results/synthetic/s123/random_mc2_n5_mid3_d1000_05_mr098_r10_31_uai_GSCC_n200_roTrue_s0.csv
2026-02-02 16:18:23,112|INFO|random_mc2_n5_mid3_d1000_05_mr098_r10_188_uai_GSCC_n200_roFalse_s0: [0.0011,0.0117]	 71 runs	 rmse=0.03768	 T_learn=11675 ms. 	 T_infer=1656 ms.
2026-02-02 16:18:23,117|INFO|random_mc2_n5_mid3_d1000_05_mr098_r10_188_uai_GSCC_n200_roFalse_s0: Saving results to ../results/synthetic/s123/random_mc2_n5_mid3_d1000_05_mr098_r10_188_uai_GSCC_n200_roFalse_s0.csv
2026-02-02 16:18:23,443|INFO|random_mc2_n5_mid3_d1000_05_mr098_r10_195_uai_GSCC_n200_roFalse_s0: [0.0911,0.1949]	 101 runs	 rmse=0.16216	 T_learn=14459 ms. 	 T_infer=1664 ms.
2026-02-02 16:18:23,449|INFO|random_mc2_n5_mid3_d1000_05_mr098_r10_195_uai_GSCC_n200_roFalse_s0: Saving results to ../results/synthetic/s123/random_mc2_n5_mid3_d1000_05_mr098_r10_195_uai_GSCC_n200_roFalse_s0.csv
2026-02-02 16:18:23,572|INFO|random_mc2_n5_mid3_d1000_05_mr098_r10_169_uai_GSCC_n200_roTrue_s0: [0.1389,0.2628]	 142 runs	 rmse=0.23726	 T_learn=16584 ms. 	 T_infer=1661 ms.
2026-02-02 16:18:23,579|INFO|random_mc2_n5_mid3_d1000_05_mr098_r10_169_uai_GSCC_n200_roTrue_s0: Saving results to ../results/synthetic/s123/random_mc2_n5_mid3_d1000_05_mr098_r10_169_uai_GSCC_n200_roTrue_s0.csv
2026-02-02 16:18:23,594|INFO|random_mc2_n5_mid3_d1000_05_mr098_r10_63_uai_GSCC_n200_roTrue_s0: [0.0065,0.1045]	 92 runs	 rmse=0.06609	 T_learn=9912 ms. 	 T_infer=1288 ms.
2026-02-02 16:18:23,600|INFO|random_mc2_n5_mid3_d1000_05_mr098_r10_63_uai_GSCC_n200_roTrue_s0: Saving results to ../results/synthetic/s123/random_mc2_n5_mid3_d1000_05_mr098_r10_63_uai_GSCC_n200_roTrue_s0.csv
2026-02-02 16:18:24,111|INFO|random_mc2_n5_mid3_d1000_05_mr098_r10_44_uai_GSCC_n200_roFalse_s0: [0.0156,0.0340]	 77 runs	 rmse=0.00590	 T_learn=25489 ms. 	 T_infer=3804 ms.
2026-02-02 16:18:24,118|INFO|random_mc2_n5_mid3_d1000_05_mr098_r10_44_uai_GSCC_n200_roFalse_s0: Saving results to ../results/synthetic/s123/random_mc2_n5_mid3_d1000_05_mr098_r10_44_uai_GSCC_n200_roFalse_s0.csv
2026-02-02 16:18:24,203|INFO|random_mc2_n5_mid3_d1000_05_mr098_r10_141_uai_GSCC_n200_roTrue_s0: [0.0881,0.1946]	 84 runs	 rmse=0.09360	 T_learn=25894 ms. 	 T_infer=3467 ms.
2026-02-02 16:18:24,208|INFO|random_mc2_n5_mid3_d1000_05_mr098_r10_141_uai_GSCC_n200_roTrue_s0: Saving results to ../results/synthetic/s123/random_mc2_n5_mid3_d1000_05_mr098_r10_141_uai_GSCC_n200_roTrue_s0.csv
2026-02-02 16:18:24,222|INFO|random_mc2_n6_mid3_d1000_05_mr098_r10_144_uai_GSCC_n200_roTrue_s0: [0.0153,0.0222]	 53 runs	 rmse=0.01490	 T_learn=15146 ms. 	 T_infer=2673 ms.
2026-02-02 16:18:24,227|INFO|random_mc2_n6_mid3_d1000_05_mr098_r10_144_uai_GSCC_n200_roTrue_s0: Saving results to ../results/synthetic/s123/random_mc2_n6_mid3_d1000_05_mr098_r10_144_uai_GSCC_n200_roTrue_s0.csv
2026-02-02 16:18:24,347|INFO|random_mc2_n5_mid3_d1000_05_mr098_r10_102_uai_GSCC_n200_roTrue_s0: [0.3034,0.4576]	 102 runs	 rmse=0.04489	 T_learn=19044 ms. 	 T_infer=2672 ms.
2026-02-02 16:18:24,352|INFO|random_mc2_n5_mid3_d1000_05_mr098_r10_102_uai_GSCC_n200_roTrue_s0: Saving results to ../results/synthetic/s123/random_mc2_n5_mid3_d1000_05_mr098_r10_102_uai_GSCC_n200_roTrue_s0.csv
2026-02-02 16:18:24,596|INFO|random_mc2_n7_mid3_d1000_05_mr098_r10_6_uai_GSCC_n200_roFalse_s0: [0.0078,0.0285]	 29 runs	 rmse=0.00775	 T_learn=17172 ms. 	 T_infer=2952 ms.
2026-02-02 16:18:24,603|INFO|random_mc2_n7_mid3_d1000_05_mr098_r10_6_uai_GSCC_n200_roFalse_s0: Saving results to ../results/synthetic/s123/random_mc2_n7_mid3_d1000_05_mr098_r10_6_uai_GSCC_n200_roFalse_s0.csv
2026-02-02 16:18:24,631|INFO|random_mc2_n5_mid3_d1000_05_mr098_r10_137_uai_GSCC_n200_roFalse_s0: [0.3436,0.4112]	 79 runs	 rmse=0.03326	 T_learn=18773 ms. 	 T_infer=2517 ms.
2026-02-02 16:18:24,637|INFO|random_mc2_n5_mid3_d1000_05_mr098_r10_137_uai_GSCC_n200_roFalse_s0: Saving results to ../results/synthetic/s123/random_mc2_n5_mid3_d1000_05_mr098_r10_137_uai_GSCC_n200_roFalse_s0.csv
2026-02-02 16:18:24,847|INFO|random_mc2_n5_mid3_d1000_05_mr098_r10_190_uai_GSCC_n200_roTrue_s0: [0.0427,0.0729]	 80 runs	 rmse=0.08338	 T_learn=15622 ms. 	 T_infer=2117 ms.
2026-02-02 16:18:24,852|INFO|random_mc2_n5_mid3_d1000_05_mr098_r10_190_uai_GSCC_n200_roTrue_s0: Saving results to ../results/synthetic/s123/random_mc2_n5_mid3_d1000_05_mr098_r10_190_uai_GSCC_n200_roTrue_s0.csv
2026-02-02 16:18:24,940|INFO|random_mc2_n5_mid3_d1000_05_mr098_r10_188_uai_GSCC_n200_roFalse_s0: [0.0011,0.0117]	 72 runs	 rmse=0.03768	 T_learn=11827 ms. 	 T_infer=1671 ms.
2026-02-02 16:18:24,945|INFO|random_mc2_n5_mid3_d1000_05_mr098_r10_188_uai_GSCC_n200_roFalse_s0: Saving results to ../results/synthetic/s123/random_mc2_n5_mid3_d1000_05_mr098_r10_188_uai_GSCC_n200_roFalse_s0.csv
2026-02-02 16:18:25,015|INFO|random_mc2_n5_mid3_d1000_05_mr098_r10_63_uai_GSCC_n200_roTrue_s0: [0.0065,0.1045]	 93 runs	 rmse=0.06609	 T_learn=10030 ms. 	 T_infer=1298 ms.
2026-02-02 16:18:25,021|INFO|random_mc2_n5_mid3_d1000_05_mr098_r10_63_uai_GSCC_n200_roTrue_s0: Saving results to ../results/synthetic/s123/random_mc2_n5_mid3_d1000_05_mr098_r10_63_uai_GSCC_n200_roTrue_s0.csv
2026-02-02 16:18:25,181|INFO|random_mc2_n6_mid3_d1000_05_mr098_r10_158_uai_GSCC_n200_roFalse_s0: [0.0217,0.0370]	 87 runs	 rmse=0.03496	 T_learn=17071 ms. 	 T_infer=2222 ms.
2026-02-02 16:18:25,185|INFO|random_mc2_n5_mid3_d1000_05_mr098_r10_74_uai_GSCC_n200_roTrue_s0: [0.3231,0.3975]	 49 runs	 rmse=0.13464	 T_learn=20892 ms. 	 T_infer=3881 ms.
2026-02-02 16:18:25,187|INFO|random_mc2_n6_mid3_d1000_05_mr098_r10_158_uai_GSCC_n200_roFalse_s0: Saving results to ../results/synthetic/s123/random_mc2_n6_mid3_d1000_05_mr098_r10_158_uai_GSCC_n200_roFalse_s0.csv
2026-02-02 16:18:25,191|INFO|random_mc2_n5_mid3_d1000_05_mr098_r10_74_uai_GSCC_n200_roTrue_s0: Saving results to ../results/synthetic/s123/random_mc2_n5_mid3_d1000_05_mr098_r10_74_uai_GSCC_n200_roTrue_s0.csv
2026-02-02 16:18:25,217|INFO|random_mc2_n7_mid3_d1000_05_mr098_r10_65_uai_GSCC_n200_roTrue_s0: [0.1779,0.2055]	 38 runs	 rmse=0.02631	 T_learn=14751 ms. 	 T_infer=2403 ms.
2026-02-02 16:18:25,222|INFO|random_mc2_n7_mid3_d1000_05_mr098_r10_65_uai_GSCC_n200_roTrue_s0: Saving results to ../results/synthetic/s123/random_mc2_n7_mid3_d1000_05_mr098_r10_65_uai_GSCC_n200_roTrue_s0.csv
2026-02-02 16:18:25,256|INFO|random_mc2_n5_mid3_d1000_05_mr098_r10_169_uai_GSCC_n200_roTrue_s0: [0.1389,0.2628]	 143 runs	 rmse=0.23726	 T_learn=16752 ms. 	 T_infer=1508 ms.
2026-02-02 16:18:25,263|INFO|random_mc2_n5_mid3_d1000_05_mr098_r10_169_uai_GSCC_n200_roTrue_s0: Saving results to ../results/synthetic/s123/random_mc2_n5_mid3_d1000_05_mr098_r10_169_uai_GSCC_n200_roTrue_s0.csv
2026-02-02 16:18:25,299|INFO|random_mc2_n5_mid3_d1000_05_mr098_r10_195_uai_GSCC_n200_roFalse_s0: [0.0911,0.1949]	 102 runs	 rmse=0.16216	 T_learn=14630 ms. 	 T_infer=1678 ms.
2026-02-02 16:18:25,305|INFO|random_mc2_n5_mid3_d1000_05_mr098_r10_195_uai_GSCC_n200_roFalse_s0: Saving results to ../results/synthetic/s123/random_mc2_n5_mid3_d1000_05_mr098_r10_195_uai_GSCC_n200_roFalse_s0.csv
2026-02-02 16:18:25,459|INFO|random_mc2_n6_mid3_d1000_05_mr098_r10_169_uai_GSCC_n200_roFalse_s0: [0.0093,0.0314]	 99 runs	 rmse=0.01267	 T_learn=24685 ms. 	 T_infer=2984 ms.
2026-02-02 16:18:25,464|INFO|random_mc2_n6_mid3_d1000_05_mr098_r10_169_uai_GSCC_n200_roFalse_s0: Saving results to ../results/synthetic/s123/random_mc2_n6_mid3_d1000_05_mr098_r10_169_uai_GSCC_n200_roFalse_s0.csv
2026-02-02 16:18:25,480|INFO|random_mc2_n5_mid3_d1000_05_mr098_r10_31_uai_GSCC_n200_roTrue_s0: [0.0901,0.1423]	 101 runs	 rmse=0.14313	 T_learn=19921 ms. 	 T_infer=2205 ms.
2026-02-02 16:18:25,486|INFO|random_mc2_n5_mid3_d1000_05_mr098_r10_31_uai_GSCC_n200_roTrue_s0: Saving results to ../results/synthetic/s123/random_mc2_n5_mid3_d1000_05_mr098_r10_31_uai_GSCC_n200_roTrue_s0.csv
2026-02-02 16:18:25,837|INFO|random_mc2_n6_mid3_d1000_05_mr098_r10_71_uai_GSCC_n200_roFalse_s0: [0.5153,0.6281]	 73 runs	 rmse=0.02577	 T_learn=28119 ms. 	 T_infer=3973 ms.
2026-02-02 16:18:25,843|INFO|random_mc2_n6_mid3_d1000_05_mr098_r10_71_uai_GSCC_n200_roFalse_s0: Saving results to ../results/synthetic/s123/random_mc2_n6_mid3_d1000_05_mr098_r10_71_uai_GSCC_n200_roFalse_s0.csv
2026-02-02 16:18:26,324|INFO|random_mc2_n6_mid3_d1000_05_mr098_r10_72_uai_GSCC_n200_roTrue_s0: [0.0627,0.0977]	 77 runs	 rmse=0.04881	 T_learn=29524 ms. 	 T_infer=3729 ms.
2026-02-02 16:18:26,329|INFO|random_mc2_n6_mid3_d1000_05_mr098_r10_72_uai_GSCC_n200_roTrue_s0: Saving results to ../results/synthetic/s123/random_mc2_n6_mid3_d1000_05_mr098_r10_72_uai_GSCC_n200_roTrue_s0.csv
2026-02-02 16:18:26,388|INFO|random_mc2_n6_mid3_d1000_05_mr098_r10_28_uai_GSCC_n200_roFalse_s0: [0.4503,0.5473]	 73 runs	 rmse=0.08910	 T_learn=25593 ms. 	 T_infer=3705 ms.
2026-02-02 16:18:26,394|INFO|random_mc2_n6_mid3_d1000_05_mr098_r10_28_uai_GSCC_n200_roFalse_s0: Saving results to ../results/synthetic/s123/random_mc2_n6_mid3_d1000_05_mr098_r10_28_uai_GSCC_n200_roFalse_s0.csv
2026-02-02 16:18:26,456|INFO|random_mc2_n5_mid3_d1000_05_mr098_r10_63_uai_GSCC_n200_roTrue_s0: [0.0065,0.1045]	 94 runs	 rmse=0.06609	 T_learn=10149 ms. 	 T_infer=1317 ms.
2026-02-02 16:18:26,461|INFO|random_mc2_n5_mid3_d1000_05_mr098_r10_63_uai_GSCC_n200_roTrue_s0: Saving results to ../results/synthetic/s123/random_mc2_n5_mid3_d1000_05_mr098_r10_63_uai_GSCC_n200_roTrue_s0.csv
2026-02-02 16:18:26,910|INFO|random_mc2_n5_mid3_d1000_05_mr098_r10_188_uai_GSCC_n200_roFalse_s0: [0.0011,0.0117]	 73 runs	 rmse=0.03768	 T_learn=11978 ms. 	 T_infer=1814 ms.
2026-02-02 16:18:26,916|INFO|random_mc2_n5_mid3_d1000_05_mr098_r10_188_uai_GSCC_n200_roFalse_s0: Saving results to ../results/synthetic/s123/random_mc2_n5_mid3_d1000_05_mr098_r10_188_uai_GSCC_n200_roFalse_s0.csv
2026-02-02 16:18:26,948|INFO|random_mc2_n5_mid3_d1000_05_mr098_r10_169_uai_GSCC_n200_roTrue_s0: [0.1389,0.2663]	 144 runs	 rmse=0.23380	 T_learn=16919 ms. 	 T_infer=1518 ms.
2026-02-02 16:18:26,954|INFO|random_mc2_n5_mid3_d1000_05_mr098_r10_169_uai_GSCC_n200_roTrue_s0: Saving results to ../results/synthetic/s123/random_mc2_n5_mid3_d1000_05_mr098_r10_169_uai_GSCC_n200_roTrue_s0.csv
2026-02-02 16:18:27,148|INFO|random_mc2_n5_mid3_d1000_05_mr098_r10_102_uai_GSCC_n200_roTrue_s0: [0.3034,0.4576]	 103 runs	 rmse=0.04489	 T_learn=19285 ms. 	 T_infer=2555 ms.
2026-02-02 16:18:27,153|INFO|random_mc2_n5_mid3_d1000_05_mr098_r10_102_uai_GSCC_n200_roTrue_s0: Saving results to ../results/synthetic/s123/random_mc2_n5_mid3_d1000_05_mr098_r10_102_uai_GSCC_n200_roTrue_s0.csv
2026-02-02 16:18:27,166|INFO|random_mc2_n5_mid3_d1000_05_mr098_r10_195_uai_GSCC_n200_roFalse_s0: [0.0911,0.1949]	 103 runs	 rmse=0.16216	 T_learn=14800 ms. 	 T_infer=1691 ms.
2026-02-02 16:18:27,171|INFO|random_mc2_n5_mid3_d1000_05_mr098_r10_195_uai_GSCC_n200_roFalse_s0: Saving results to ../results/synthetic/s123/random_mc2_n5_mid3_d1000_05_mr098_r10_195_uai_GSCC_n200_roFalse_s0.csv
2026-02-02 16:18:27,216|INFO|random_mc2_n5_mid3_d1000_05_mr098_r10_190_uai_GSCC_n200_roTrue_s0: [0.0427,0.0741]	 81 runs	 rmse=0.08227	 T_learn=15842 ms. 	 T_infer=2144 ms.
2026-02-02 16:18:27,221|INFO|random_mc2_n5_mid3_d1000_05_mr098_r10_190_uai_GSCC_n200_roTrue_s0: Saving results to ../results/synthetic/s123/random_mc2_n5_mid3_d1000_05_mr098_r10_190_uai_GSCC_n200_roTrue_s0.csv
2026-02-02 16:18:27,266|INFO|random_mc2_n6_mid3_d1000_05_mr098_r10_144_uai_GSCC_n200_roTrue_s0: [0.0153,0.0222]	 54 runs	 rmse=0.01490	 T_learn=15476 ms. 	 T_infer=2708 ms.
2026-02-02 16:18:27,271|INFO|random_mc2_n6_mid3_d1000_05_mr098_r10_144_uai_GSCC_n200_roTrue_s0: Saving results to ../results/synthetic/s123/random_mc2_n6_mid3_d1000_05_mr098_r10_144_uai_GSCC_n200_roTrue_s0.csv
2026-02-02 16:18:27,354|INFO|random_mc2_n5_mid3_d1000_05_mr098_r10_137_uai_GSCC_n200_roFalse_s0: [0.3436,0.4201]	 80 runs	 rmse=0.03004	 T_learn=19083 ms. 	 T_infer=2406 ms.
2026-02-02 16:18:27,359|INFO|random_mc2_n5_mid3_d1000_05_mr098_r10_137_uai_GSCC_n200_roFalse_s0: Saving results to ../results/synthetic/s123/random_mc2_n5_mid3_d1000_05_mr098_r10_137_uai_GSCC_n200_roFalse_s0.csv
2026-02-02 16:18:27,667|INFO|random_mc2_n6_mid3_d1000_05_mr098_r10_158_uai_GSCC_n200_roFalse_s0: [0.0217,0.0370]	 88 runs	 rmse=0.03496	 T_learn=17298 ms. 	 T_infer=2253 ms.
2026-02-02 16:18:27,673|INFO|random_mc2_n6_mid3_d1000_05_mr098_r10_158_uai_GSCC_n200_roFalse_s0: Saving results to ../results/synthetic/s123/random_mc2_n6_mid3_d1000_05_mr098_r10_158_uai_GSCC_n200_roFalse_s0.csv
2026-02-02 16:18:27,907|INFO|random_mc2_n5_mid3_d1000_05_mr098_r10_63_uai_GSCC_n200_roTrue_s0: [0.0065,0.1148]	 95 runs	 rmse=0.05580	 T_learn=10269 ms. 	 T_infer=1325 ms.
2026-02-02 16:18:27,913|INFO|random_mc2_n5_mid3_d1000_05_mr098_r10_63_uai_GSCC_n200_roTrue_s0: Saving results to ../results/synthetic/s123/random_mc2_n5_mid3_d1000_05_mr098_r10_63_uai_GSCC_n200_roTrue_s0.csv
2026-02-02 16:18:28,004|INFO|random_mc2_n7_mid3_d1000_05_mr098_r10_65_uai_GSCC_n200_roTrue_s0: [0.1779,0.2055]	 39 runs	 rmse=0.02631	 T_learn=15064 ms. 	 T_infer=2469 ms.
2026-02-02 16:18:28,010|INFO|random_mc2_n7_mid3_d1000_05_mr098_r10_65_uai_GSCC_n200_roTrue_s0: Saving results to ../results/synthetic/s123/random_mc2_n7_mid3_d1000_05_mr098_r10_65_uai_GSCC_n200_roTrue_s0.csv
2026-02-02 16:18:28,060|INFO|random_mc2_n5_mid3_d1000_05_mr098_r10_31_uai_GSCC_n200_roTrue_s0: [0.0901,0.1423]	 102 runs	 rmse=0.14313	 T_learn=20188 ms. 	 T_infer=2308 ms.
2026-02-02 16:18:28,066|INFO|random_mc2_n5_mid3_d1000_05_mr098_r10_31_uai_GSCC_n200_roTrue_s0: Saving results to ../results/synthetic/s123/random_mc2_n5_mid3_d1000_05_mr098_r10_31_uai_GSCC_n200_roTrue_s0.csv
2026-02-02 16:18:28,084|INFO|random_mc2_n7_mid3_d1000_05_mr098_r10_6_uai_GSCC_n200_roFalse_s0: [0.0078,0.0310]	 30 runs	 rmse=0.00817	 T_learn=17610 ms. 	 T_infer=3043 ms.
2026-02-02 16:18:28,090|INFO|random_mc2_n7_mid3_d1000_05_mr098_r10_6_uai_GSCC_n200_roFalse_s0: Saving results to ../results/synthetic/s123/random_mc2_n7_mid3_d1000_05_mr098_r10_6_uai_GSCC_n200_roFalse_s0.csv
2026-02-02 16:18:28,148|INFO|random_mc2_n5_mid3_d1000_05_mr098_r10_141_uai_GSCC_n200_roTrue_s0: [0.0881,0.1946]	 85 runs	 rmse=0.09360	 T_learn=26340 ms. 	 T_infer=3494 ms.
2026-02-02 16:18:28,153|INFO|random_mc2_n5_mid3_d1000_05_mr098_r10_141_uai_GSCC_n200_roTrue_s0: Saving results to ../results/synthetic/s123/random_mc2_n5_mid3_d1000_05_mr098_r10_141_uai_GSCC_n200_roTrue_s0.csv
2026-02-02 16:18:28,449|INFO|random_mc2_n5_mid3_d1000_05_mr098_r10_44_uai_GSCC_n200_roFalse_s0: [0.0156,0.0340]	 78 runs	 rmse=0.00590	 T_learn=25994 ms. 	 T_infer=3826 ms.
2026-02-02 16:18:28,455|INFO|random_mc2_n5_mid3_d1000_05_mr098_r10_44_uai_GSCC_n200_roFalse_s0: Saving results to ../results/synthetic/s123/random_mc2_n5_mid3_d1000_05_mr098_r10_44_uai_GSCC_n200_roFalse_s0.csv
2026-02-02 16:18:28,655|INFO|random_mc2_n5_mid3_d1000_05_mr098_r10_169_uai_GSCC_n200_roTrue_s0: [0.1389,0.2663]	 145 runs	 rmse=0.23380	 T_learn=17089 ms. 	 T_infer=1530 ms.
2026-02-02 16:18:28,663|INFO|random_mc2_n5_mid3_d1000_05_mr098_r10_169_uai_GSCC_n200_roTrue_s0: Saving results to ../results/synthetic/s123/random_mc2_n5_mid3_d1000_05_mr098_r10_169_uai_GSCC_n200_roTrue_s0.csv
2026-02-02 16:18:28,780|INFO|random_mc2_n5_mid3_d1000_05_mr098_r10_188_uai_GSCC_n200_roFalse_s0: [0.0011,0.0117]	 74 runs	 rmse=0.03768	 T_learn=12131 ms. 	 T_infer=1711 ms.
2026-02-02 16:18:28,787|INFO|random_mc2_n5_mid3_d1000_05_mr098_r10_188_uai_GSCC_n200_roFalse_s0: Saving results to ../results/synthetic/s123/random_mc2_n5_mid3_d1000_05_mr098_r10_188_uai_GSCC_n200_roFalse_s0.csv
2026-02-02 16:18:28,787|INFO|random_mc2_n6_mid3_d1000_05_mr098_r10_169_uai_GSCC_n200_roFalse_s0: [0.0093,0.0314]	 100 runs	 rmse=0.01267	 T_learn=25001 ms. 	 T_infer=3006 ms.
2026-02-02 16:18:28,793|INFO|random_mc2_n6_mid3_d1000_05_mr098_r10_169_uai_GSCC_n200_roFalse_s0: Saving results to ../results/synthetic/s123/random_mc2_n6_mid3_d1000_05_mr098_r10_169_uai_GSCC_n200_roFalse_s0.csv
2026-02-02 16:18:29,182|INFO|random_mc2_n5_mid3_d1000_05_mr098_r10_195_uai_GSCC_n200_roFalse_s0: [0.0911,0.1949]	 104 runs	 rmse=0.16216	 T_learn=14973 ms. 	 T_infer=1838 ms.
2026-02-02 16:18:29,188|INFO|random_mc2_n5_mid3_d1000_05_mr098_r10_195_uai_GSCC_n200_roFalse_s0: Saving results to ../results/synthetic/s123/random_mc2_n5_mid3_d1000_05_mr098_r10_195_uai_GSCC_n200_roFalse_s0.csv
2026-02-02 16:18:29,538|INFO|random_mc2_n5_mid3_d1000_05_mr098_r10_63_uai_GSCC_n200_roTrue_s0: [0.0022,0.1148]	 96 runs	 rmse=0.05547	 T_learn=10391 ms. 	 T_infer=1503 ms.
2026-02-02 16:18:29,543|INFO|random_mc2_n5_mid3_d1000_05_mr098_r10_63_uai_GSCC_n200_roTrue_s0: Saving results to ../results/synthetic/s123/random_mc2_n5_mid3_d1000_05_mr098_r10_63_uai_GSCC_n200_roTrue_s0.csv
2026-02-02 16:18:29,609|INFO|random_mc2_n5_mid3_d1000_05_mr098_r10_190_uai_GSCC_n200_roTrue_s0: [0.0389,0.0746]	 82 runs	 rmse=0.07999	 T_learn=16063 ms. 	 T_infer=2166 ms.
2026-02-02 16:18:29,614|INFO|random_mc2_n5_mid3_d1000_05_mr098_r10_190_uai_GSCC_n200_roTrue_s0: Saving results to ../results/synthetic/s123/random_mc2_n5_mid3_d1000_05_mr098_r10_190_uai_GSCC_n200_roTrue_s0.csv
2026-02-02 16:18:29,665|INFO|random_mc2_n5_mid3_d1000_05_mr098_r10_74_uai_GSCC_n200_roTrue_s0: [0.3231,0.3975]	 50 runs	 rmse=0.13464	 T_learn=21418 ms. 	 T_infer=3947 ms.
2026-02-02 16:18:29,670|INFO|random_mc2_n5_mid3_d1000_05_mr098_r10_74_uai_GSCC_n200_roTrue_s0: Saving results to ../results/synthetic/s123/random_mc2_n5_mid3_d1000_05_mr098_r10_74_uai_GSCC_n200_roTrue_s0.csv
2026-02-02 16:18:29,978|INFO|random_mc2_n5_mid3_d1000_05_mr098_r10_102_uai_GSCC_n200_roTrue_s0: [0.3034,0.4576]	 104 runs	 rmse=0.04489	 T_learn=19526 ms. 	 T_infer=2584 ms.
2026-02-02 16:18:29,985|INFO|random_mc2_n5_mid3_d1000_05_mr098_r10_102_uai_GSCC_n200_roTrue_s0: Saving results to ../results/synthetic/s123/random_mc2_n5_mid3_d1000_05_mr098_r10_102_uai_GSCC_n200_roTrue_s0.csv
2026-02-02 16:18:30,109|INFO|random_mc2_n5_mid3_d1000_05_mr098_r10_137_uai_GSCC_n200_roFalse_s0: [0.3436,0.4201]	 81 runs	 rmse=0.03004	 T_learn=19398 ms. 	 T_infer=2435 ms.
2026-02-02 16:18:30,115|INFO|random_mc2_n5_mid3_d1000_05_mr098_r10_137_uai_GSCC_n200_roFalse_s0: Saving results to ../results/synthetic/s123/random_mc2_n5_mid3_d1000_05_mr098_r10_137_uai_GSCC_n200_roFalse_s0.csv
2026-02-02 16:18:30,295|INFO|random_mc2_n6_mid3_d1000_05_mr098_r10_158_uai_GSCC_n200_roFalse_s0: [0.0217,0.0370]	 89 runs	 rmse=0.03496	 T_learn=17530 ms. 	 T_infer=2389 ms.
2026-02-02 16:18:30,300|INFO|random_mc2_n6_mid3_d1000_05_mr098_r10_158_uai_GSCC_n200_roFalse_s0: Saving results to ../results/synthetic/s123/random_mc2_n6_mid3_d1000_05_mr098_r10_158_uai_GSCC_n200_roFalse_s0.csv
2026-02-02 16:18:30,366|INFO|random_mc2_n6_mid3_d1000_05_mr098_r10_144_uai_GSCC_n200_roTrue_s0: [0.0153,0.0222]	 55 runs	 rmse=0.01490	 T_learn=15811 ms. 	 T_infer=2760 ms.
2026-02-02 16:18:30,371|INFO|random_mc2_n6_mid3_d1000_05_mr098_r10_144_uai_GSCC_n200_roTrue_s0: Saving results to ../results/synthetic/s123/random_mc2_n6_mid3_d1000_05_mr098_r10_144_uai_GSCC_n200_roTrue_s0.csv
2026-02-02 16:18:30,399|INFO|random_mc2_n6_mid3_d1000_05_mr098_r10_71_uai_GSCC_n200_roFalse_s0: [0.5153,0.6281]	 74 runs	 rmse=0.02577	 T_learn=28665 ms. 	 T_infer=4010 ms.
2026-02-02 16:18:30,404|INFO|random_mc2_n6_mid3_d1000_05_mr098_r10_71_uai_GSCC_n200_roFalse_s0: Saving results to ../results/synthetic/s123/random_mc2_n6_mid3_d1000_05_mr098_r10_71_uai_GSCC_n200_roFalse_s0.csv
2026-02-02 16:18:30,528|INFO|random_mc2_n5_mid3_d1000_05_mr098_r10_169_uai_GSCC_n200_roTrue_s0: [0.1389,0.2663]	 146 runs	 rmse=0.23380	 T_learn=17261 ms. 	 T_infer=1693 ms.
2026-02-02 16:18:30,534|INFO|random_mc2_n5_mid3_d1000_05_mr098_r10_169_uai_GSCC_n200_roTrue_s0: Saving results to ../results/synthetic/s123/random_mc2_n5_mid3_d1000_05_mr098_r10_169_uai_GSCC_n200_roTrue_s0.csv
2026-02-02 16:18:30,586|INFO|random_mc2_n5_mid3_d1000_05_mr098_r10_31_uai_GSCC_n200_roTrue_s0: [0.0901,0.1423]	 103 runs	 rmse=0.14313	 T_learn=20457 ms. 	 T_infer=2251 ms.
2026-02-02 16:18:30,592|INFO|random_mc2_n5_mid3_d1000_05_mr098_r10_31_uai_GSCC_n200_roTrue_s0: Saving results to ../results/synthetic/s123/random_mc2_n5_mid3_d1000_05_mr098_r10_31_uai_GSCC_n200_roTrue_s0.csv
2026-02-02 16:18:30,600|INFO|random_mc2_n6_mid3_d1000_05_mr098_r10_72_uai_GSCC_n200_roTrue_s0: [0.0627,0.0977]	 78 runs	 rmse=0.04881	 T_learn=30025 ms. 	 T_infer=3770 ms.
2026-02-02 16:18:30,605|INFO|random_mc2_n6_mid3_d1000_05_mr098_r10_72_uai_GSCC_n200_roTrue_s0: Saving results to ../results/synthetic/s123/random_mc2_n6_mid3_d1000_05_mr098_r10_72_uai_GSCC_n200_roTrue_s0.csv
2026-02-02 16:18:30,652|INFO|random_mc2_n6_mid3_d1000_05_mr098_r10_28_uai_GSCC_n200_roFalse_s0: [0.4503,0.5473]	 74 runs	 rmse=0.08910	 T_learn=26099 ms. 	 T_infer=3753 ms.
2026-02-02 16:18:30,658|INFO|random_mc2_n6_mid3_d1000_05_mr098_r10_28_uai_GSCC_n200_roFalse_s0: Saving results to ../results/synthetic/s123/random_mc2_n6_mid3_d1000_05_mr098_r10_28_uai_GSCC_n200_roFalse_s0.csv
2026-02-02 16:18:30,684|INFO|random_mc2_n5_mid3_d1000_05_mr098_r10_188_uai_GSCC_n200_roFalse_s0: [0.0011,0.0117]	 75 runs	 rmse=0.03768	 T_learn=12291 ms. 	 T_infer=1737 ms.
2026-02-02 16:18:30,690|INFO|random_mc2_n5_mid3_d1000_05_mr098_r10_188_uai_GSCC_n200_roFalse_s0: Saving results to ../results/synthetic/s123/random_mc2_n5_mid3_d1000_05_mr098_r10_188_uai_GSCC_n200_roFalse_s0.csv
2026-02-02 16:18:30,861|INFO|random_mc2_n7_mid3_d1000_05_mr098_r10_65_uai_GSCC_n200_roTrue_s0: [0.1751,0.2121]	 40 runs	 rmse=0.02310	 T_learn=15384 ms. 	 T_infer=2532 ms.
2026-02-02 16:18:30,865|INFO|random_mc2_n7_mid3_d1000_05_mr098_r10_65_uai_GSCC_n200_roTrue_s0: Saving results to ../results/synthetic/s123/random_mc2_n7_mid3_d1000_05_mr098_r10_65_uai_GSCC_n200_roTrue_s0.csv
2026-02-02 16:18:31,015|INFO|random_mc2_n5_mid3_d1000_05_mr098_r10_63_uai_GSCC_n200_roTrue_s0: [0.0022,0.1148]	 97 runs	 rmse=0.05547	 T_learn=10512 ms. 	 T_infer=1350 ms.
2026-02-02 16:18:31,020|INFO|random_mc2_n5_mid3_d1000_05_mr098_r10_63_uai_GSCC_n200_roTrue_s0: Saving results to ../results/synthetic/s123/random_mc2_n5_mid3_d1000_05_mr098_r10_63_uai_GSCC_n200_roTrue_s0.csv
2026-02-02 16:18:31,083|INFO|random_mc2_n5_mid3_d1000_05_mr098_r10_195_uai_GSCC_n200_roFalse_s0: [0.0911,0.1949]	 105 runs	 rmse=0.16216	 T_learn=15146 ms. 	 T_infer=1722 ms.
2026-02-02 16:18:31,089|INFO|random_mc2_n5_mid3_d1000_05_mr098_r10_195_uai_GSCC_n200_roFalse_s0: Saving results to ../results/synthetic/s123/random_mc2_n5_mid3_d1000_05_mr098_r10_195_uai_GSCC_n200_roFalse_s0.csv
2026-02-02 16:18:31,629|INFO|random_mc2_n5_mid3_d1000_05_mr098_r10_29_uai_GSCC_n200_roTrue_s0: Loading model from ../models/synthetic/s123/random_mc2_n5_mid3_d1000_05_mr098_r10_29.uai
2026-02-02 16:18:31,639|INFO|random_mc2_n5_mid3_d1000_05_mr098_r10_29_uai_GSCC_n200_roTrue_s0: Loading data from ../models/synthetic/s123/random_mc2_n5_mid3_d1000_05_mr098_r10_29.csv
2026-02-02 16:18:31,645|ERROR|random_mc2_n5_mid3_d1000_05_mr098_r10_29_uai_GSCC_n200_roTrue_s0: File exists, not rewriting.
2026-02-02 16:18:31,830|INFO|random_mc2_n7_mid3_d1000_05_mr098_r10_6_uai_GSCC_n200_roFalse_s0: [0.0078,0.0310]	 31 runs	 rmse=0.00817	 T_learn=18064 ms. 	 T_infer=3286 ms.
2026-02-02 16:18:31,835|INFO|random_mc2_n7_mid3_d1000_05_mr098_r10_6_uai_GSCC_n200_roFalse_s0: Saving results to ../results/synthetic/s123/random_mc2_n7_mid3_d1000_05_mr098_r10_6_uai_GSCC_n200_roFalse_s0.csv
2026-02-02 16:18:32,029|INFO|random_mc2_n5_mid3_d1000_05_mr098_r10_190_uai_GSCC_n200_roTrue_s0: [0.0389,0.0746]	 83 runs	 rmse=0.07999	 T_learn=16287 ms. 	 T_infer=2191 ms.
2026-02-02 16:18:32,034|INFO|random_mc2_n5_mid3_d1000_05_mr098_r10_190_uai_GSCC_n200_roTrue_s0: Saving results to ../results/synthetic/s123/random_mc2_n5_mid3_d1000_05_mr098_r10_190_uai_GSCC_n200_roTrue_s0.csv
2026-02-02 16:18:32,142|INFO|random_mc2_n5_mid3_d1000_05_mr098_r10_141_uai_GSCC_n200_roTrue_s0: [0.0881,0.1946]	 86 runs	 rmse=0.09360	 T_learn=26788 ms. 	 T_infer=3540 ms.
2026-02-02 16:18:32,148|INFO|random_mc2_n5_mid3_d1000_05_mr098_r10_141_uai_GSCC_n200_roTrue_s0: Saving results to ../results/synthetic/s123/random_mc2_n5_mid3_d1000_05_mr098_r10_141_uai_GSCC_n200_roTrue_s0.csv
2026-02-02 16:18:32,259|INFO|random_mc2_n5_mid3_d1000_05_mr098_r10_169_uai_GSCC_n200_roTrue_s0: [0.1389,0.2663]	 147 runs	 rmse=0.23380	 T_learn=17433 ms. 	 T_infer=1552 ms.
2026-02-02 16:18:32,268|INFO|random_mc2_n5_mid3_d1000_05_mr098_r10_169_uai_GSCC_n200_roTrue_s0: Saving results to ../results/synthetic/s123/random_mc2_n5_mid3_d1000_05_mr098_r10_169_uai_GSCC_n200_roTrue_s0.csv
2026-02-02 16:18:32,279|INFO|random_mc2_n6_mid3_d1000_05_mr098_r10_169_uai_GSCC_n200_roFalse_s0: [0.0093,0.0314]	 101 runs	 rmse=0.01267	 T_learn=25320 ms. 	 T_infer=3167 ms.
2026-02-02 16:18:32,285|INFO|random_mc2_n6_mid3_d1000_05_mr098_r10_169_uai_GSCC_n200_roFalse_s0: Saving results to ../results/synthetic/s123/random_mc2_n6_mid3_d1000_05_mr098_r10_169_uai_GSCC_n200_roFalse_s0.csv
2026-02-02 16:18:32,515|INFO|random_mc2_n5_mid3_d1000_05_mr098_r10_63_uai_GSCC_n200_roTrue_s0: [0.0022,0.1148]	 98 runs	 rmse=0.05547	 T_learn=10635 ms. 	 T_infer=1372 ms.
2026-02-02 16:18:32,521|INFO|random_mc2_n5_mid3_d1000_05_mr098_r10_63_uai_GSCC_n200_roTrue_s0: Saving results to ../results/synthetic/s123/random_mc2_n5_mid3_d1000_05_mr098_r10_63_uai_GSCC_n200_roTrue_s0.csv
2026-02-02 16:18:32,608|INFO|random_mc2_n5_mid3_d1000_05_mr098_r10_188_uai_GSCC_n200_roFalse_s0: [0.0011,0.0117]	 76 runs	 rmse=0.03768	 T_learn=12450 ms. 	 T_infer=1759 ms.
2026-02-02 16:18:32,613|INFO|random_mc2_n5_mid3_d1000_05_mr098_r10_188_uai_GSCC_n200_roFalse_s0: Saving results to ../results/synthetic/s123/random_mc2_n5_mid3_d1000_05_mr098_r10_188_uai_GSCC_n200_roFalse_s0.csv
2026-02-02 16:18:32,832|INFO|random_mc2_n6_mid3_d1000_05_mr098_r10_158_uai_GSCC_n200_roFalse_s0: [0.0217,0.0370]	 90 runs	 rmse=0.03496	 T_learn=17761 ms. 	 T_infer=2301 ms.
2026-02-02 16:18:32,838|INFO|random_mc2_n6_mid3_d1000_05_mr098_r10_158_uai_GSCC_n200_roFalse_s0: Saving results to ../results/synthetic/s123/random_mc2_n6_mid3_d1000_05_mr098_r10_158_uai_GSCC_n200_roFalse_s0.csv
2026-02-02 16:18:32,853|INFO|random_mc2_n5_mid3_d1000_05_mr098_r10_102_uai_GSCC_n200_roTrue_s0: [0.3034,0.4576]	 105 runs	 rmse=0.04489	 T_learn=19768 ms. 	 T_infer=2626 ms.
2026-02-02 16:18:32,858|INFO|random_mc2_n5_mid3_d1000_05_mr098_r10_102_uai_GSCC_n200_roTrue_s0: Saving results to ../results/synthetic/s123/random_mc2_n5_mid3_d1000_05_mr098_r10_102_uai_GSCC_n200_roTrue_s0.csv
2026-02-02 16:18:32,884|INFO|random_mc2_n8_mid3_d1000_05_mr098_r10_3_uai_GSCC_n200_roTrue_s0: Loading model from ../models/synthetic/s123/random_mc2_n8_mid3_d1000_05_mr098_r10_3.uai
2026-02-02 16:18:32,887|INFO|random_mc2_n7_mid3_d1000_05_mr098_r10_56_uai_GSCC_n200_roTrue_s0: Loading model from ../models/synthetic/s123/random_mc2_n7_mid3_d1000_05_mr098_r10_56.uai
2026-02-02 16:18:32,911|INFO|random_mc2_n5_mid3_d1000_05_mr098_r10_137_uai_GSCC_n200_roFalse_s0: [0.3436,0.4201]	 82 runs	 rmse=0.03004	 T_learn=19717 ms. 	 T_infer=2478 ms.
2026-02-02 16:18:32,917|INFO|random_mc2_n5_mid3_d1000_05_mr098_r10_137_uai_GSCC_n200_roFalse_s0: Saving results to ../results/synthetic/s123/random_mc2_n5_mid3_d1000_05_mr098_r10_137_uai_GSCC_n200_roFalse_s0.csv
2026-02-02 16:18:32,896|INFO|random_mc2_n8_mid3_d1000_05_mr098_r10_3_uai_GSCC_n200_roTrue_s0: Loading data from ../models/synthetic/s123/random_mc2_n8_mid3_d1000_05_mr098_r10_3.csv
2026-02-02 16:18:32,906|INFO|random_mc2_n8_mid3_d1000_05_mr098_r10_3_uai_GSCC_n200_roTrue_s0: PNS(V5,V7) exact: (0.0133650763190615, 0.0741909892031331)
2026-02-02 16:18:32,900|INFO|random_mc2_n7_mid3_d1000_05_mr098_r10_56_uai_GSCC_n200_roTrue_s0: Loading data from ../models/synthetic/s123/random_mc2_n7_mid3_d1000_05_mr098_r10_56.csv
2026-02-02 16:18:32,905|ERROR|random_mc2_n7_mid3_d1000_05_mr098_r10_56_uai_GSCC_n200_roTrue_s0: File exists, not rewriting.
2026-02-02 16:18:32,972|INFO|random_mc2_n5_mid3_d1000_05_mr098_r10_44_uai_GSCC_n200_roFalse_s0: [0.0156,0.0340]	 79 runs	 rmse=0.00590	 T_learn=26500 ms. 	 T_infer=4011 ms.
2026-02-02 16:18:32,977|INFO|random_mc2_n5_mid3_d1000_05_mr098_r10_44_uai_GSCC_n200_roFalse_s0: Saving results to ../results/synthetic/s123/random_mc2_n5_mid3_d1000_05_mr098_r10_44_uai_GSCC_n200_roFalse_s0.csv
2026-02-02 16:18:33,020|INFO|random_mc2_n5_mid3_d1000_05_mr098_r10_195_uai_GSCC_n200_roFalse_s0: [0.0785,0.1949]	 106 runs	 rmse=0.16576	 T_learn=15321 ms. 	 T_infer=1756 ms.
2026-02-02 16:18:33,025|INFO|random_mc2_n5_mid3_d1000_05_mr098_r10_195_uai_GSCC_n200_roFalse_s0: Saving results to ../results/synthetic/s123/random_mc2_n5_mid3_d1000_05_mr098_r10_195_uai_GSCC_n200_roFalse_s0.csv
2026-02-02 16:18:33,285|INFO|random_mc2_n5_mid3_d1000_05_mr098_r10_31_uai_GSCC_n200_roTrue_s0: [0.0901,0.1423]	 104 runs	 rmse=0.14313	 T_learn=20728 ms. 	 T_infer=2422 ms.
2026-02-02 16:18:33,290|INFO|random_mc2_n5_mid3_d1000_05_mr098_r10_31_uai_GSCC_n200_roTrue_s0: Saving results to ../results/synthetic/s123/random_mc2_n5_mid3_d1000_05_mr098_r10_31_uai_GSCC_n200_roTrue_s0.csv
2026-02-02 16:18:33,528|INFO|random_mc2_n6_mid3_d1000_05_mr098_r10_144_uai_GSCC_n200_roTrue_s0: [0.0153,0.0222]	 56 runs	 rmse=0.01490	 T_learn=16151 ms. 	 T_infer=2818 ms.
2026-02-02 16:18:33,533|INFO|random_mc2_n6_mid3_d1000_05_mr098_r10_144_uai_GSCC_n200_roTrue_s0: Saving results to ../results/synthetic/s123/random_mc2_n6_mid3_d1000_05_mr098_r10_144_uai_GSCC_n200_roTrue_s0.csv
2026-02-02 16:18:33,793|INFO|random_mc2_n7_mid3_d1000_05_mr098_r10_65_uai_GSCC_n200_roTrue_s0: [0.1739,0.2121]	 41 runs	 rmse=0.02190	 T_learn=15708 ms. 	 T_infer=2603 ms.
2026-02-02 16:18:33,800|INFO|random_mc2_n7_mid3_d1000_05_mr098_r10_65_uai_GSCC_n200_roTrue_s0: Saving results to ../results/synthetic/s123/random_mc2_n7_mid3_d1000_05_mr098_r10_65_uai_GSCC_n200_roTrue_s0.csv
2026-02-02 16:18:34,004|INFO|random_mc2_n5_mid3_d1000_05_mr098_r10_169_uai_GSCC_n200_roTrue_s0: [0.1389,0.2663]	 148 runs	 rmse=0.23380	 T_learn=17606 ms. 	 T_infer=1562 ms.
2026-02-02 16:18:34,011|INFO|random_mc2_n5_mid3_d1000_05_mr098_r10_169_uai_GSCC_n200_roTrue_s0: Saving results to ../results/synthetic/s123/random_mc2_n5_mid3_d1000_05_mr098_r10_169_uai_GSCC_n200_roTrue_s0.csv
2026-02-02 16:18:34,035|INFO|random_mc2_n5_mid3_d1000_05_mr098_r10_63_uai_GSCC_n200_roTrue_s0: [0.0022,0.1148]	 99 runs	 rmse=0.05547	 T_learn=10760 ms. 	 T_infer=1388 ms.
2026-02-02 16:18:34,042|INFO|random_mc2_n5_mid3_d1000_05_mr098_r10_63_uai_GSCC_n200_roTrue_s0: Saving results to ../results/synthetic/s123/random_mc2_n5_mid3_d1000_05_mr098_r10_63_uai_GSCC_n200_roTrue_s0.csv
trainable: ['V8', 'V9', 'V1', 'V0', 'V10']
2026-02-02 16:18:34,235|INFO|random_mc2_n5_mid3_d1000_05_mr098_r10_74_uai_GSCC_n200_roTrue_s0: [0.3231,0.3975]	 51 runs	 rmse=0.13464	 T_learn=21951 ms. 	 T_infer=4032 ms.
2026-02-02 16:18:34,240|INFO|random_mc2_n5_mid3_d1000_05_mr098_r10_74_uai_GSCC_n200_roTrue_s0: Saving results to ../results/synthetic/s123/random_mc2_n5_mid3_d1000_05_mr098_r10_74_uai_GSCC_n200_roTrue_s0.csv
2026-02-02 16:18:34,566|INFO|random_mc2_n5_mid3_d1000_05_mr098_r10_188_uai_GSCC_n200_roFalse_s0: [0.0011,0.0117]	 77 runs	 rmse=0.03768	 T_learn=12610 ms. 	 T_infer=1793 ms.
2026-02-02 16:18:34,571|INFO|random_mc2_n5_mid3_d1000_05_mr098_r10_188_uai_GSCC_n200_roFalse_s0: Saving results to ../results/synthetic/s123/random_mc2_n5_mid3_d1000_05_mr098_r10_188_uai_GSCC_n200_roFalse_s0.csv
2026-02-02 16:18:34,614|INFO|random_mc2_n5_mid3_d1000_05_mr098_r10_190_uai_GSCC_n200_roTrue_s0: [0.0389,0.0746]	 84 runs	 rmse=0.07999	 T_learn=16515 ms. 	 T_infer=2352 ms.
2026-02-02 16:18:34,619|INFO|random_mc2_n5_mid3_d1000_05_mr098_r10_190_uai_GSCC_n200_roTrue_s0: Saving results to ../results/synthetic/s123/random_mc2_n5_mid3_d1000_05_mr098_r10_190_uai_GSCC_n200_roTrue_s0.csv
2026-02-02 16:18:34,938|INFO|random_mc2_n6_mid3_d1000_05_mr098_r10_72_uai_GSCC_n200_roTrue_s0: [0.0627,0.0977]	 79 runs	 rmse=0.04881	 T_learn=30527 ms. 	 T_infer=3830 ms.
2026-02-02 16:18:34,943|INFO|random_mc2_n6_mid3_d1000_05_mr098_r10_72_uai_GSCC_n200_roTrue_s0: Saving results to ../results/synthetic/s123/random_mc2_n6_mid3_d1000_05_mr098_r10_72_uai_GSCC_n200_roTrue_s0.csv
2026-02-02 16:18:34,967|INFO|random_mc2_n5_mid3_d1000_05_mr098_r10_195_uai_GSCC_n200_roFalse_s0: [0.0785,0.1949]	 107 runs	 rmse=0.16576	 T_learn=15497 ms. 	 T_infer=1766 ms.
2026-02-02 16:18:34,972|INFO|random_mc2_n5_mid3_d1000_05_mr098_r10_195_uai_GSCC_n200_roFalse_s0: Saving results to ../results/synthetic/s123/random_mc2_n5_mid3_d1000_05_mr098_r10_195_uai_GSCC_n200_roFalse_s0.csv
2026-02-02 16:18:35,034|INFO|random_mc2_n6_mid3_d1000_05_mr098_r10_71_uai_GSCC_n200_roFalse_s0: [0.5153,0.6281]	 75 runs	 rmse=0.02577	 T_learn=29215 ms. 	 T_infer=4080 ms.
2026-02-02 16:18:35,040|INFO|random_mc2_n6_mid3_d1000_05_mr098_r10_71_uai_GSCC_n200_roFalse_s0: Saving results to ../results/synthetic/s123/random_mc2_n6_mid3_d1000_05_mr098_r10_71_uai_GSCC_n200_roFalse_s0.csv
2026-02-02 16:18:35,109|INFO|random_mc2_n6_mid3_d1000_05_mr098_r10_28_uai_GSCC_n200_roFalse_s0: [0.4503,0.5473]	 75 runs	 rmse=0.08910	 T_learn=26609 ms. 	 T_infer=3941 ms.
2026-02-02 16:18:35,116|INFO|random_mc2_n6_mid3_d1000_05_mr098_r10_28_uai_GSCC_n200_roFalse_s0: Saving results to ../results/synthetic/s123/random_mc2_n6_mid3_d1000_05_mr098_r10_28_uai_GSCC_n200_roFalse_s0.csv
2026-02-02 16:18:35,407|INFO|random_mc2_n6_mid3_d1000_05_mr098_r10_158_uai_GSCC_n200_roFalse_s0: [0.0210,0.0370]	 91 runs	 rmse=0.03456	 T_learn=17996 ms. 	 T_infer=2334 ms.
2026-02-02 16:18:35,413|INFO|random_mc2_n6_mid3_d1000_05_mr098_r10_158_uai_GSCC_n200_roFalse_s0: Saving results to ../results/synthetic/s123/random_mc2_n6_mid3_d1000_05_mr098_r10_158_uai_GSCC_n200_roFalse_s0.csv
2026-02-02 16:18:35,550|INFO|random_mc2_n7_mid3_d1000_05_mr098_r10_6_uai_GSCC_n200_roFalse_s0: [0.0078,0.0310]	 32 runs	 rmse=0.00817	 T_learn=18529 ms. 	 T_infer=3250 ms.
2026-02-02 16:18:35,555|INFO|random_mc2_n7_mid3_d1000_05_mr098_r10_6_uai_GSCC_n200_roFalse_s0: Saving results to ../results/synthetic/s123/random_mc2_n7_mid3_d1000_05_mr098_r10_6_uai_GSCC_n200_roFalse_s0.csv
2026-02-02 16:18:35,570|INFO|random_mc2_n5_mid3_d1000_05_mr098_r10_63_uai_GSCC_n200_roTrue_s0: [0.0022,0.1148]	 100 runs	 rmse=0.05547	 T_learn=10887 ms. 	 T_infer=1402 ms.
2026-02-02 16:18:35,575|INFO|random_mc2_n5_mid3_d1000_05_mr098_r10_63_uai_GSCC_n200_roTrue_s0: Saving results to ../results/synthetic/s123/random_mc2_n5_mid3_d1000_05_mr098_r10_63_uai_GSCC_n200_roTrue_s0.csv
2026-02-02 16:18:35,687|INFO|random_mc2_n6_mid3_d1000_05_mr098_r10_169_uai_GSCC_n200_roFalse_s0: [0.0093,0.0314]	 102 runs	 rmse=0.01267	 T_learn=25645 ms. 	 T_infer=3077 ms.
2026-02-02 16:18:35,692|INFO|random_mc2_n6_mid3_d1000_05_mr098_r10_169_uai_GSCC_n200_roFalse_s0: Saving results to ../results/synthetic/s123/random_mc2_n6_mid3_d1000_05_mr098_r10_169_uai_GSCC_n200_roFalse_s0.csv
2026-02-02 16:18:35,747|INFO|random_mc2_n5_mid3_d1000_05_mr098_r10_137_uai_GSCC_n200_roFalse_s0: [0.3436,0.4201]	 83 runs	 rmse=0.03004	 T_learn=20039 ms. 	 T_infer=2508 ms.
2026-02-02 16:18:35,752|INFO|random_mc2_n5_mid3_d1000_05_mr098_r10_137_uai_GSCC_n200_roFalse_s0: Saving results to ../results/synthetic/s123/random_mc2_n5_mid3_d1000_05_mr098_r10_137_uai_GSCC_n200_roFalse_s0.csv
2026-02-02 16:18:35,760|INFO|random_mc2_n5_mid3_d1000_05_mr098_r10_169_uai_GSCC_n200_roTrue_s0: [0.1389,0.2663]	 149 runs	 rmse=0.23380	 T_learn=17781 ms. 	 T_infer=1574 ms.
2026-02-02 16:18:35,767|INFO|random_mc2_n5_mid3_d1000_05_mr098_r10_169_uai_GSCC_n200_roTrue_s0: Saving results to ../results/synthetic/s123/random_mc2_n5_mid3_d1000_05_mr098_r10_169_uai_GSCC_n200_roTrue_s0.csv
2026-02-02 16:18:35,868|INFO|random_mc2_n5_mid3_d1000_05_mr098_r10_31_uai_GSCC_n200_roTrue_s0: [0.0901,0.1423]	 105 runs	 rmse=0.14313	 T_learn=21002 ms. 	 T_infer=2303 ms.
2026-02-02 16:18:35,873|INFO|random_mc2_n5_mid3_d1000_05_mr098_r10_31_uai_GSCC_n200_roTrue_s0: Saving results to ../results/synthetic/s123/random_mc2_n5_mid3_d1000_05_mr098_r10_31_uai_GSCC_n200_roTrue_s0.csv
2026-02-02 16:18:35,883|INFO|random_mc2_n5_mid3_d1000_05_mr098_r10_102_uai_GSCC_n200_roTrue_s0: [0.3034,0.4576]	 106 runs	 rmse=0.04489	 T_learn=20012 ms. 	 T_infer=2780 ms.
2026-02-02 16:18:35,889|INFO|random_mc2_n5_mid3_d1000_05_mr098_r10_102_uai_GSCC_n200_roTrue_s0: Saving results to ../results/synthetic/s123/random_mc2_n5_mid3_d1000_05_mr098_r10_102_uai_GSCC_n200_roTrue_s0.csv
2026-02-02 16:18:36,192|INFO|random_mc2_n5_mid3_d1000_05_mr098_r10_141_uai_GSCC_n200_roTrue_s0: [0.0881,0.1946]	 87 runs	 rmse=0.09360	 T_learn=27244 ms. 	 T_infer=3589 ms.
2026-02-02 16:18:36,198|INFO|random_mc2_n5_mid3_d1000_05_mr098_r10_141_uai_GSCC_n200_roTrue_s0: Saving results to ../results/synthetic/s123/random_mc2_n5_mid3_d1000_05_mr098_r10_141_uai_GSCC_n200_roTrue_s0.csv
2026-02-02 16:18:36,685|INFO|random_mc2_n5_mid3_d1000_05_mr098_r10_188_uai_GSCC_n200_roFalse_s0: [0.0011,0.0124]	 78 runs	 rmse=0.03702	 T_learn=12771 ms. 	 T_infer=1954 ms.
2026-02-02 16:18:36,692|INFO|random_mc2_n5_mid3_d1000_05_mr098_r10_188_uai_GSCC_n200_roFalse_s0: Saving results to ../results/synthetic/s123/random_mc2_n5_mid3_d1000_05_mr098_r10_188_uai_GSCC_n200_roFalse_s0.csv
2026-02-02 16:18:36,760|INFO|random_mc2_n6_mid3_d1000_05_mr098_r10_144_uai_GSCC_n200_roTrue_s0: [0.0153,0.0222]	 57 runs	 rmse=0.01490	 T_learn=16500 ms. 	 T_infer=2877 ms.
2026-02-02 16:18:36,765|INFO|random_mc2_n6_mid3_d1000_05_mr098_r10_144_uai_GSCC_n200_roTrue_s0: Saving results to ../results/synthetic/s123/random_mc2_n6_mid3_d1000_05_mr098_r10_144_uai_GSCC_n200_roTrue_s0.csv
2026-02-02 16:18:36,952|INFO|random_mc2_n7_mid3_d1000_05_mr098_r10_65_uai_GSCC_n200_roTrue_s0: [0.1739,0.2121]	 42 runs	 rmse=0.02190	 T_learn=16048 ms. 	 T_infer=2813 ms.
2026-02-02 16:18:36,957|INFO|random_mc2_n7_mid3_d1000_05_mr098_r10_65_uai_GSCC_n200_roTrue_s0: Saving results to ../results/synthetic/s123/random_mc2_n7_mid3_d1000_05_mr098_r10_65_uai_GSCC_n200_roTrue_s0.csv
2026-02-02 16:18:37,062|INFO|random_mc2_n5_mid3_d1000_05_mr098_r10_195_uai_GSCC_n200_roFalse_s0: [0.0785,0.1949]	 108 runs	 rmse=0.16576	 T_learn=15677 ms. 	 T_infer=1910 ms.
2026-02-02 16:18:37,068|INFO|random_mc2_n5_mid3_d1000_05_mr098_r10_195_uai_GSCC_n200_roFalse_s0: Saving results to ../results/synthetic/s123/random_mc2_n5_mid3_d1000_05_mr098_r10_195_uai_GSCC_n200_roFalse_s0.csv
2026-02-02 16:18:37,098|INFO|random_mc2_n5_mid3_d1000_05_mr098_r10_190_uai_GSCC_n200_roTrue_s0: [0.0389,0.0746]	 85 runs	 rmse=0.07999	 T_learn=16744 ms. 	 T_infer=2249 ms.
2026-02-02 16:18:37,104|INFO|random_mc2_n5_mid3_d1000_05_mr098_r10_190_uai_GSCC_n200_roTrue_s0: Saving results to ../results/synthetic/s123/random_mc2_n5_mid3_d1000_05_mr098_r10_190_uai_GSCC_n200_roTrue_s0.csv
2026-02-02 16:18:37,120|INFO|random_mc2_n5_mid3_d1000_05_mr098_r10_63_uai_GSCC_n200_roTrue_s0: [0.0022,0.1148]	 101 runs	 rmse=0.05547	 T_learn=11014 ms. 	 T_infer=1418 ms.
2026-02-02 16:18:37,127|INFO|random_mc2_n5_mid3_d1000_05_mr098_r10_63_uai_GSCC_n200_roTrue_s0: Saving results to ../results/synthetic/s123/random_mc2_n5_mid3_d1000_05_mr098_r10_63_uai_GSCC_n200_roTrue_s0.csv
2026-02-02 16:18:37,443|INFO|random_mc2_n5_mid3_d1000_05_mr098_r10_44_uai_GSCC_n200_roFalse_s0: [0.0156,0.0352]	 80 runs	 rmse=0.00699	 T_learn=27022 ms. 	 T_infer=3943 ms.
2026-02-02 16:18:37,449|INFO|random_mc2_n5_mid3_d1000_05_mr098_r10_44_uai_GSCC_n200_roFalse_s0: Saving results to ../results/synthetic/s123/random_mc2_n5_mid3_d1000_05_mr098_r10_44_uai_GSCC_n200_roFalse_s0.csv
2026-02-02 16:18:37,676|INFO|random_mc2_n5_mid3_d1000_05_mr098_r10_169_uai_GSCC_n200_roTrue_s0: [0.1389,0.2663]	 150 runs	 rmse=0.23380	 T_learn=17956 ms. 	 T_infer=1734 ms.
2026-02-02 16:18:37,684|INFO|random_mc2_n5_mid3_d1000_05_mr098_r10_169_uai_GSCC_n200_roTrue_s0: Saving results to ../results/synthetic/s123/random_mc2_n5_mid3_d1000_05_mr098_r10_169_uai_GSCC_n200_roTrue_s0.csv
2026-02-02 16:18:37,998|INFO|random_mc2_n6_mid3_d1000_05_mr098_r10_158_uai_GSCC_n200_roFalse_s0: [0.0210,0.0370]	 92 runs	 rmse=0.03456	 T_learn=18231 ms. 	 T_infer=2350 ms.
2026-02-02 16:18:38,004|INFO|random_mc2_n6_mid3_d1000_05_mr098_r10_158_uai_GSCC_n200_roFalse_s0: Saving results to ../results/synthetic/s123/random_mc2_n6_mid3_d1000_05_mr098_r10_158_uai_GSCC_n200_roFalse_s0.csv
2026-02-02 16:18:38,472|INFO|random_mc2_n5_mid3_d1000_05_mr098_r10_31_uai_GSCC_n200_roTrue_s0: [0.0901,0.1423]	 106 runs	 rmse=0.14313	 T_learn=21279 ms. 	 T_infer=2322 ms.
2026-02-02 16:18:38,477|INFO|random_mc2_n5_mid3_d1000_05_mr098_r10_31_uai_GSCC_n200_roTrue_s0: Saving results to ../results/synthetic/s123/random_mc2_n5_mid3_d1000_05_mr098_r10_31_uai_GSCC_n200_roTrue_s0.csv
2026-02-02 16:18:38,689|INFO|random_mc2_n5_mid3_d1000_05_mr098_r10_188_uai_GSCC_n200_roFalse_s0: [0.0011,0.0124]	 79 runs	 rmse=0.03702	 T_learn=12934 ms. 	 T_infer=1834 ms.
2026-02-02 16:18:38,694|INFO|random_mc2_n5_mid3_d1000_05_mr098_r10_188_uai_GSCC_n200_roFalse_s0: Saving results to ../results/synthetic/s123/random_mc2_n5_mid3_d1000_05_mr098_r10_188_uai_GSCC_n200_roFalse_s0.csv
2026-02-02 16:18:38,740|INFO|random_mc2_n5_mid3_d1000_05_mr098_r10_137_uai_GSCC_n200_roFalse_s0: [0.3436,0.4201]	 84 runs	 rmse=0.03004	 T_learn=20363 ms. 	 T_infer=2664 ms.
2026-02-02 16:18:38,746|INFO|random_mc2_n5_mid3_d1000_05_mr098_r10_137_uai_GSCC_n200_roFalse_s0: Saving results to ../results/synthetic/s123/random_mc2_n5_mid3_d1000_05_mr098_r10_137_uai_GSCC_n200_roFalse_s0.csv
2026-02-02 16:18:38,801|INFO|random_mc2_n5_mid3_d1000_05_mr098_r10_102_uai_GSCC_n200_roTrue_s0: [0.3034,0.4630]	 107 runs	 rmse=0.04284	 T_learn=20259 ms. 	 T_infer=2665 ms.
2026-02-02 16:18:38,806|INFO|random_mc2_n5_mid3_d1000_05_mr098_r10_102_uai_GSCC_n200_roTrue_s0: Saving results to ../results/synthetic/s123/random_mc2_n5_mid3_d1000_05_mr098_r10_102_uai_GSCC_n200_roTrue_s0.csv
2026-02-02 16:18:38,826|INFO|random_mc2_n5_mid3_d1000_05_mr098_r10_63_uai_GSCC_n200_roTrue_s0: [0.0022,0.1148]	 102 runs	 rmse=0.05547	 T_learn=11141 ms. 	 T_infer=1571 ms.
2026-02-02 16:18:38,831|INFO|random_mc2_n5_mid3_d1000_05_mr098_r10_63_uai_GSCC_n200_roTrue_s0: Saving results to ../results/synthetic/s123/random_mc2_n5_mid3_d1000_05_mr098_r10_63_uai_GSCC_n200_roTrue_s0.csv
2026-02-02 16:18:38,898|INFO|random_mc2_n5_mid3_d1000_05_mr098_r10_74_uai_GSCC_n200_roTrue_s0: [0.3231,0.3975]	 52 runs	 rmse=0.13464	 T_learn=22493 ms. 	 T_infer=4116 ms.
2026-02-02 16:18:38,903|INFO|random_mc2_n5_mid3_d1000_05_mr098_r10_74_uai_GSCC_n200_roTrue_s0: Saving results to ../results/synthetic/s123/random_mc2_n5_mid3_d1000_05_mr098_r10_74_uai_GSCC_n200_roTrue_s0.csv
2026-02-02 16:18:39,042|INFO|random_mc2_n5_mid3_d1000_05_mr098_r10_195_uai_GSCC_n200_roFalse_s0: [0.0785,0.1949]	 109 runs	 rmse=0.16576	 T_learn=15860 ms. 	 T_infer=1791 ms.
2026-02-02 16:18:39,047|INFO|random_mc2_n5_mid3_d1000_05_mr098_r10_195_uai_GSCC_n200_roFalse_s0: Saving results to ../results/synthetic/s123/random_mc2_n5_mid3_d1000_05_mr098_r10_195_uai_GSCC_n200_roFalse_s0.csv
2026-02-02 16:18:39,114|INFO|random_mc2_n6_mid3_d1000_05_mr098_r10_169_uai_GSCC_n200_roFalse_s0: [0.0093,0.0314]	 103 runs	 rmse=0.01267	 T_learn=25971 ms. 	 T_infer=3096 ms.
2026-02-02 16:18:39,120|INFO|random_mc2_n6_mid3_d1000_05_mr098_r10_169_uai_GSCC_n200_roFalse_s0: Saving results to ../results/synthetic/s123/random_mc2_n6_mid3_d1000_05_mr098_r10_169_uai_GSCC_n200_roFalse_s0.csv
2026-02-02 16:18:39,383|INFO|random_mc2_n7_mid3_d1000_05_mr098_r10_6_uai_GSCC_n200_roFalse_s0: [0.0078,0.0310]	 33 runs	 rmse=0.00817	 T_learn=19005 ms. 	 T_infer=3353 ms.
2026-02-02 16:18:39,388|INFO|random_mc2_n7_mid3_d1000_05_mr098_r10_6_uai_GSCC_n200_roFalse_s0: Saving results to ../results/synthetic/s123/random_mc2_n7_mid3_d1000_05_mr098_r10_6_uai_GSCC_n200_roFalse_s0.csv
2026-02-02 16:18:39,451|INFO|random_mc2_n5_mid3_d1000_05_mr098_r10_169_uai_GSCC_n200_roTrue_s0: [0.1389,0.2663]	 151 runs	 rmse=0.23380	 T_learn=18132 ms. 	 T_infer=1592 ms.
2026-02-02 16:18:39,458|INFO|random_mc2_n5_mid3_d1000_05_mr098_r10_169_uai_GSCC_n200_roTrue_s0: Saving results to ../results/synthetic/s123/random_mc2_n5_mid3_d1000_05_mr098_r10_169_uai_GSCC_n200_roTrue_s0.csv
2026-02-02 16:18:39,478|INFO|random_mc2_n6_mid3_d1000_05_mr098_r10_72_uai_GSCC_n200_roTrue_s0: [0.0627,0.0977]	 80 runs	 rmse=0.04881	 T_learn=31044 ms. 	 T_infer=4019 ms.
2026-02-02 16:18:39,484|INFO|random_mc2_n6_mid3_d1000_05_mr098_r10_72_uai_GSCC_n200_roTrue_s0: Saving results to ../results/synthetic/s123/random_mc2_n6_mid3_d1000_05_mr098_r10_72_uai_GSCC_n200_roTrue_s0.csv
2026-02-02 16:18:39,487|INFO|random_mc2_n6_mid3_d1000_05_mr098_r10_28_uai_GSCC_n200_roFalse_s0: [0.4503,0.5473]	 76 runs	 rmse=0.08910	 T_learn=27126 ms. 	 T_infer=3854 ms.
2026-02-02 16:18:39,492|INFO|random_mc2_n6_mid3_d1000_05_mr098_r10_28_uai_GSCC_n200_roFalse_s0: Saving results to ../results/synthetic/s123/random_mc2_n6_mid3_d1000_05_mr098_r10_28_uai_GSCC_n200_roFalse_s0.csv
2026-02-02 16:18:39,614|INFO|random_mc2_n5_mid3_d1000_05_mr098_r10_190_uai_GSCC_n200_roTrue_s0: [0.0389,0.0746]	 86 runs	 rmse=0.07999	 T_learn=16976 ms. 	 T_infer=2278 ms.
2026-02-02 16:18:39,620|INFO|random_mc2_n5_mid3_d1000_05_mr098_r10_190_uai_GSCC_n200_roTrue_s0: Saving results to ../results/synthetic/s123/random_mc2_n5_mid3_d1000_05_mr098_r10_190_uai_GSCC_n200_roTrue_s0.csv
2026-02-02 16:18:39,751|INFO|random_mc2_n6_mid3_d1000_05_mr098_r10_71_uai_GSCC_n200_roFalse_s0: [0.5153,0.6281]	 76 runs	 rmse=0.02577	 T_learn=29777 ms. 	 T_infer=4149 ms.
2026-02-02 16:18:39,756|INFO|random_mc2_n6_mid3_d1000_05_mr098_r10_71_uai_GSCC_n200_roFalse_s0: Saving results to ../results/synthetic/s123/random_mc2_n6_mid3_d1000_05_mr098_r10_71_uai_GSCC_n200_roFalse_s0.csv
2026-02-02 16:18:40,026|INFO|random_mc2_n7_mid3_d1000_05_mr098_r10_65_uai_GSCC_n200_roTrue_s0: [0.1684,0.2121]	 43 runs	 rmse=0.01652	 T_learn=16388 ms. 	 T_infer=2728 ms.
2026-02-02 16:18:40,031|INFO|random_mc2_n7_mid3_d1000_05_mr098_r10_65_uai_GSCC_n200_roTrue_s0: Saving results to ../results/synthetic/s123/random_mc2_n7_mid3_d1000_05_mr098_r10_65_uai_GSCC_n200_roTrue_s0.csv
2026-02-02 16:18:40,036|INFO|random_mc2_n6_mid3_d1000_05_mr098_r10_144_uai_GSCC_n200_roTrue_s0: [0.0153,0.0222]	 58 runs	 rmse=0.01490	 T_learn=16853 ms. 	 T_infer=2919 ms.
2026-02-02 16:18:40,042|INFO|random_mc2_n6_mid3_d1000_05_mr098_r10_144_uai_GSCC_n200_roTrue_s0: Saving results to ../results/synthetic/s123/random_mc2_n6_mid3_d1000_05_mr098_r10_144_uai_GSCC_n200_roTrue_s0.csv
2026-02-02 16:18:40,289|INFO|random_mc2_n5_mid3_d1000_05_mr098_r10_141_uai_GSCC_n200_roTrue_s0: [0.0881,0.1946]	 88 runs	 rmse=0.09360	 T_learn=27703 ms. 	 T_infer=3631 ms.
2026-02-02 16:18:40,294|INFO|random_mc2_n5_mid3_d1000_05_mr098_r10_141_uai_GSCC_n200_roTrue_s0: Saving results to ../results/synthetic/s123/random_mc2_n5_mid3_d1000_05_mr098_r10_141_uai_GSCC_n200_roTrue_s0.csv
2026-02-02 16:18:40,398|INFO|random_mc2_n5_mid3_d1000_05_mr098_r10_63_uai_GSCC_n200_roTrue_s0: [0.0022,0.1148]	 103 runs	 rmse=0.05547	 T_learn=11269 ms. 	 T_infer=1439 ms.
2026-02-02 16:18:40,404|INFO|random_mc2_n5_mid3_d1000_05_mr098_r10_63_uai_GSCC_n200_roTrue_s0: Saving results to ../results/synthetic/s123/random_mc2_n5_mid3_d1000_05_mr098_r10_63_uai_GSCC_n200_roTrue_s0.csv
2026-02-02 16:18:40,712|INFO|random_mc2_n5_mid3_d1000_05_mr098_r10_188_uai_GSCC_n200_roFalse_s0: [0.0011,0.0124]	 80 runs	 rmse=0.03702	 T_learn=13098 ms. 	 T_infer=1853 ms.
2026-02-02 16:18:40,717|INFO|random_mc2_n5_mid3_d1000_05_mr098_r10_188_uai_GSCC_n200_roFalse_s0: Saving results to ../results/synthetic/s123/random_mc2_n5_mid3_d1000_05_mr098_r10_188_uai_GSCC_n200_roFalse_s0.csv
2026-02-02 16:18:40,749|INFO|random_mc2_n6_mid3_d1000_05_mr098_r10_158_uai_GSCC_n200_roFalse_s0: [0.0210,0.0370]	 93 runs	 rmse=0.03456	 T_learn=18471 ms. 	 T_infer=2505 ms.
2026-02-02 16:18:40,754|INFO|random_mc2_n6_mid3_d1000_05_mr098_r10_158_uai_GSCC_n200_roFalse_s0: Saving results to ../results/synthetic/s123/random_mc2_n6_mid3_d1000_05_mr098_r10_158_uai_GSCC_n200_roFalse_s0.csv
2026-02-02 16:18:41,040|INFO|random_mc2_n5_mid3_d1000_05_mr098_r10_195_uai_GSCC_n200_roFalse_s0: [0.0785,0.1949]	 110 runs	 rmse=0.16576	 T_learn=16042 ms. 	 T_infer=1810 ms.
2026-02-02 16:18:41,045|INFO|random_mc2_n5_mid3_d1000_05_mr098_r10_195_uai_GSCC_n200_roFalse_s0: Saving results to ../results/synthetic/s123/random_mc2_n5_mid3_d1000_05_mr098_r10_195_uai_GSCC_n200_roFalse_s0.csv
2026-02-02 16:18:41,094|INFO|random_mc2_n5_mid3_d1000_05_mr098_r10_31_uai_GSCC_n200_roTrue_s0: [0.0901,0.1423]	 107 runs	 rmse=0.14313	 T_learn=21558 ms. 	 T_infer=2338 ms.
2026-02-02 16:18:41,099|INFO|random_mc2_n5_mid3_d1000_05_mr098_r10_31_uai_GSCC_n200_roTrue_s0: Saving results to ../results/synthetic/s123/random_mc2_n5_mid3_d1000_05_mr098_r10_31_uai_GSCC_n200_roTrue_s0.csv
2026-02-02 16:18:41,243|INFO|random_mc2_n5_mid3_d1000_05_mr098_r10_169_uai_GSCC_n200_roTrue_s0: [0.1389,0.2663]	 152 runs	 rmse=0.23380	 T_learn=18310 ms. 	 T_infer=1606 ms.
2026-02-02 16:18:41,250|INFO|random_mc2_n5_mid3_d1000_05_mr098_r10_169_uai_GSCC_n200_roTrue_s0: Saving results to ../results/synthetic/s123/random_mc2_n5_mid3_d1000_05_mr098_r10_169_uai_GSCC_n200_roTrue_s0.csv
2026-02-02 16:18:41,638|INFO|random_mc2_n5_mid3_d1000_05_mr098_r10_137_uai_GSCC_n200_roFalse_s0: [0.3436,0.4201]	 85 runs	 rmse=0.03004	 T_learn=20689 ms. 	 T_infer=2566 ms.
2026-02-02 16:18:41,644|INFO|random_mc2_n5_mid3_d1000_05_mr098_r10_137_uai_GSCC_n200_roFalse_s0: Saving results to ../results/synthetic/s123/random_mc2_n5_mid3_d1000_05_mr098_r10_137_uai_GSCC_n200_roFalse_s0.csv
2026-02-02 16:18:41,748|INFO|random_mc2_n5_mid3_d1000_05_mr098_r10_102_uai_GSCC_n200_roTrue_s0: [0.3034,0.4630]	 108 runs	 rmse=0.04284	 T_learn=20508 ms. 	 T_infer=2692 ms.
2026-02-02 16:18:41,754|INFO|random_mc2_n5_mid3_d1000_05_mr098_r10_102_uai_GSCC_n200_roTrue_s0: Saving results to ../results/synthetic/s123/random_mc2_n5_mid3_d1000_05_mr098_r10_102_uai_GSCC_n200_roTrue_s0.csv
2026-02-02 16:18:41,951|INFO|random_mc2_n5_mid3_d1000_05_mr098_r10_44_uai_GSCC_n200_roFalse_s0: [0.0156,0.0352]	 81 runs	 rmse=0.00699	 T_learn=27540 ms. 	 T_infer=3983 ms.
2026-02-02 16:18:41,956|INFO|random_mc2_n5_mid3_d1000_05_mr098_r10_44_uai_GSCC_n200_roFalse_s0: Saving results to ../results/synthetic/s123/random_mc2_n5_mid3_d1000_05_mr098_r10_44_uai_GSCC_n200_roFalse_s0.csv
2026-02-02 16:18:41,988|INFO|random_mc2_n5_mid3_d1000_05_mr098_r10_63_uai_GSCC_n200_roTrue_s0: [0.0022,0.1148]	 104 runs	 rmse=0.05547	 T_learn=11398 ms. 	 T_infer=1455 ms.
2026-02-02 16:18:41,993|INFO|random_mc2_n5_mid3_d1000_05_mr098_r10_63_uai_GSCC_n200_roTrue_s0: Saving results to ../results/synthetic/s123/random_mc2_n5_mid3_d1000_05_mr098_r10_63_uai_GSCC_n200_roTrue_s0.csv
2026-02-02 16:18:42,085|INFO|random_mc2_n6_mid3_d1000_05_mr098_r10_163_uai_GSCC_n200_roTrue_s0: Loading model from ../models/synthetic/s123/random_mc2_n6_mid3_d1000_05_mr098_r10_163.uai
2026-02-02 16:18:42,095|INFO|random_mc2_n6_mid3_d1000_05_mr098_r10_163_uai_GSCC_n200_roTrue_s0: Loading data from ../models/synthetic/s123/random_mc2_n6_mid3_d1000_05_mr098_r10_163.csv
2026-02-02 16:18:42,101|ERROR|random_mc2_n6_mid3_d1000_05_mr098_r10_163_uai_GSCC_n200_roTrue_s0: File exists, not rewriting.
2026-02-02 16:18:42,157|INFO|random_mc2_n5_mid3_d1000_05_mr098_r10_190_uai_GSCC_n200_roTrue_s0: [0.0389,0.0746]	 87 runs	 rmse=0.07999	 T_learn=17210 ms. 	 T_infer=2304 ms.
2026-02-02 16:18:42,162|INFO|random_mc2_n5_mid3_d1000_05_mr098_r10_190_uai_GSCC_n200_roTrue_s0: Saving results to ../results/synthetic/s123/random_mc2_n5_mid3_d1000_05_mr098_r10_190_uai_GSCC_n200_roTrue_s0.csv
2026-02-02 16:18:42,288|INFO|random_mc2_n8_mid3_d1000_05_mr098_r10_3_uai_GSCC_n200_roTrue_s0: [0.0281,0.0281]	 1 runs	 rmse=0.04841	 T_learn=9305 ms. 	 T_infer=73 ms.
2026-02-02 16:18:42,295|INFO|random_mc2_n8_mid3_d1000_05_mr098_r10_3_uai_GSCC_n200_roTrue_s0: Saving results to ../results/synthetic/s123/random_mc2_n8_mid3_d1000_05_mr098_r10_3_uai_GSCC_n200_roTrue_s0.csv
2026-02-02 16:18:42,532|INFO|random_mc2_n8_mid3_d1000_05_mr098_r10_3_uai_GSCC_n200_roTrue_s0: [0.0281,0.0325]	 2 runs	 rmse=0.04417	 T_learn=9397 ms. 	 T_infer=144 ms.
2026-02-02 16:18:42,536|INFO|random_mc2_n8_mid3_d1000_05_mr098_r10_3_uai_GSCC_n200_roTrue_s0: Saving results to ../results/synthetic/s123/random_mc2_n8_mid3_d1000_05_mr098_r10_3_uai_GSCC_n200_roTrue_s0.csv
2026-02-02 16:18:42,585|INFO|random_mc2_n6_mid3_d1000_05_mr098_r10_169_uai_GSCC_n200_roFalse_s0: [0.0093,0.0314]	 104 runs	 rmse=0.01267	 T_learn=26300 ms. 	 T_infer=3136 ms.
2026-02-02 16:18:42,591|INFO|random_mc2_n6_mid3_d1000_05_mr098_r10_169_uai_GSCC_n200_roFalse_s0: Saving results to ../results/synthetic/s123/random_mc2_n6_mid3_d1000_05_mr098_r10_169_uai_GSCC_n200_roFalse_s0.csv
2026-02-02 16:18:42,763|INFO|random_mc2_n5_mid3_d1000_05_mr098_r10_188_uai_GSCC_n200_roFalse_s0: [0.0011,0.0124]	 81 runs	 rmse=0.03702	 T_learn=13265 ms. 	 T_infer=1880 ms.
2026-02-02 16:18:42,769|INFO|random_mc2_n5_mid3_d1000_05_mr098_r10_188_uai_GSCC_n200_roFalse_s0: Saving results to ../results/synthetic/s123/random_mc2_n5_mid3_d1000_05_mr098_r10_188_uai_GSCC_n200_roFalse_s0.csv
2026-02-02 16:18:42,858|INFO|random_mc2_n8_mid3_d1000_05_mr098_r10_3_uai_GSCC_n200_roTrue_s0: [0.0281,0.0325]	 3 runs	 rmse=0.04417	 T_learn=9497 ms. 	 T_infer=222 ms.
2026-02-02 16:18:42,862|INFO|random_mc2_n8_mid3_d1000_05_mr098_r10_3_uai_GSCC_n200_roTrue_s0: Saving results to ../results/synthetic/s123/random_mc2_n8_mid3_d1000_05_mr098_r10_3_uai_GSCC_n200_roTrue_s0.csv
2026-02-02 16:18:43,047|INFO|random_mc2_n5_mid3_d1000_05_mr098_r10_169_uai_GSCC_n200_roTrue_s0: [0.1389,0.2663]	 153 runs	 rmse=0.23380	 T_learn=18488 ms. 	 T_infer=1619 ms.
2026-02-02 16:18:43,054|INFO|random_mc2_n5_mid3_d1000_05_mr098_r10_169_uai_GSCC_n200_roTrue_s0: Saving results to ../results/synthetic/s123/random_mc2_n5_mid3_d1000_05_mr098_r10_169_uai_GSCC_n200_roTrue_s0.csv
2026-02-02 16:18:43,077|INFO|random_mc2_n5_mid3_d1000_05_mr098_r10_195_uai_GSCC_n200_roFalse_s0: [0.0785,0.1949]	 111 runs	 rmse=0.16576	 T_learn=16225 ms. 	 T_infer=1849 ms.
2026-02-02 16:18:43,083|INFO|random_mc2_n5_mid3_d1000_05_mr098_r10_195_uai_GSCC_n200_roFalse_s0: Saving results to ../results/synthetic/s123/random_mc2_n5_mid3_d1000_05_mr098_r10_195_uai_GSCC_n200_roFalse_s0.csv
2026-02-02 16:18:43,173|INFO|random_mc2_n7_mid3_d1000_05_mr098_r10_65_uai_GSCC_n200_roTrue_s0: [0.1684,0.2121]	 44 runs	 rmse=0.01652	 T_learn=16735 ms. 	 T_infer=2795 ms.
2026-02-02 16:18:43,177|INFO|random_mc2_n7_mid3_d1000_05_mr098_r10_65_uai_GSCC_n200_roTrue_s0: Saving results to ../results/synthetic/s123/random_mc2_n7_mid3_d1000_05_mr098_r10_65_uai_GSCC_n200_roTrue_s0.csv
2026-02-02 16:18:43,259|INFO|random_mc2_n8_mid3_d1000_05_mr098_r10_3_uai_GSCC_n200_roTrue_s0: [0.0281,0.0343]	 4 runs	 rmse=0.04250	 T_learn=9603 ms. 	 T_infer=289 ms.
2026-02-02 16:18:43,263|INFO|random_mc2_n8_mid3_d1000_05_mr098_r10_3_uai_GSCC_n200_roTrue_s0: Saving results to ../results/synthetic/s123/random_mc2_n8_mid3_d1000_05_mr098_r10_3_uai_GSCC_n200_roTrue_s0.csv
2026-02-02 16:18:43,343|INFO|random_mc2_n7_mid3_d1000_05_mr098_r10_6_uai_GSCC_n200_roFalse_s0: [0.0078,0.0319]	 34 runs	 rmse=0.00851	 T_learn=19494 ms. 	 T_infer=3465 ms.
2026-02-02 16:18:43,348|INFO|random_mc2_n7_mid3_d1000_05_mr098_r10_6_uai_GSCC_n200_roFalse_s0: Saving results to ../results/synthetic/s123/random_mc2_n7_mid3_d1000_05_mr098_r10_6_uai_GSCC_n200_roFalse_s0.csv
2026-02-02 16:18:43,384|INFO|random_mc2_n6_mid3_d1000_05_mr098_r10_144_uai_GSCC_n200_roTrue_s0: [0.0139,0.0222]	 59 runs	 rmse=0.01452	 T_learn=17209 ms. 	 T_infer=2986 ms.
2026-02-02 16:18:43,389|INFO|random_mc2_n6_mid3_d1000_05_mr098_r10_144_uai_GSCC_n200_roTrue_s0: Saving results to ../results/synthetic/s123/random_mc2_n6_mid3_d1000_05_mr098_r10_144_uai_GSCC_n200_roTrue_s0.csv
2026-02-02 16:18:43,402|INFO|random_mc2_n6_mid3_d1000_05_mr098_r10_158_uai_GSCC_n200_roFalse_s0: [0.0210,0.0370]	 94 runs	 rmse=0.03456	 T_learn=18713 ms. 	 T_infer=2406 ms.
2026-02-02 16:18:43,407|INFO|random_mc2_n6_mid3_d1000_05_mr098_r10_158_uai_GSCC_n200_roFalse_s0: Saving results to ../results/synthetic/s123/random_mc2_n6_mid3_d1000_05_mr098_r10_158_uai_GSCC_n200_roFalse_s0.csv
2026-02-02 16:18:43,491|INFO|random_mc2_n9_mid3_d1000_05_mr098_r10_136_uai_GSCC_n200_roFalse_s0: Loading model from ../models/synthetic/s123/random_mc2_n9_mid3_d1000_05_mr098_r10_136.uai
2026-02-02 16:18:43,514|INFO|random_mc2_n9_mid3_d1000_05_mr098_r10_136_uai_GSCC_n200_roFalse_s0: Loading data from ../models/synthetic/s123/random_mc2_n9_mid3_d1000_05_mr098_r10_136.csv
2026-02-02 16:18:43,520|ERROR|random_mc2_n9_mid3_d1000_05_mr098_r10_136_uai_GSCC_n200_roFalse_s0: File exists, not rewriting.
2026-02-02 16:18:43,597|INFO|random_mc2_n5_mid3_d1000_05_mr098_r10_63_uai_GSCC_n200_roTrue_s0: [0.0022,0.1148]	 105 runs	 rmse=0.05547	 T_learn=11529 ms. 	 T_infer=1473 ms.
2026-02-02 16:18:43,602|INFO|random_mc2_n5_mid3_d1000_05_mr098_r10_63_uai_GSCC_n200_roTrue_s0: Saving results to ../results/synthetic/s123/random_mc2_n5_mid3_d1000_05_mr098_r10_63_uai_GSCC_n200_roTrue_s0.csv
2026-02-02 16:18:43,655|INFO|random_mc2_n5_mid3_d1000_05_mr098_r10_74_uai_GSCC_n200_roTrue_s0: [0.3231,0.3975]	 53 runs	 rmse=0.13464	 T_learn=23048 ms. 	 T_infer=4197 ms.
2026-02-02 16:18:43,660|INFO|random_mc2_n5_mid3_d1000_05_mr098_r10_74_uai_GSCC_n200_roTrue_s0: Saving results to ../results/synthetic/s123/random_mc2_n5_mid3_d1000_05_mr098_r10_74_uai_GSCC_n200_roTrue_s0.csv
2026-02-02 16:18:43,736|INFO|random_mc2_n8_mid3_d1000_05_mr098_r10_3_uai_GSCC_n200_roTrue_s0: [0.0281,0.0355]	 5 runs	 rmse=0.04134	 T_learn=9716 ms. 	 T_infer=361 ms.
2026-02-02 16:18:43,740|INFO|random_mc2_n8_mid3_d1000_05_mr098_r10_3_uai_GSCC_n200_roTrue_s0: Saving results to ../results/synthetic/s123/random_mc2_n8_mid3_d1000_05_mr098_r10_3_uai_GSCC_n200_roTrue_s0.csv
2026-02-02 16:18:43,881|INFO|random_mc2_n5_mid3_d1000_05_mr098_r10_31_uai_GSCC_n200_roTrue_s0: [0.0883,0.1423]	 108 runs	 rmse=0.14204	 T_learn=21839 ms. 	 T_infer=2500 ms.
2026-02-02 16:18:43,887|INFO|random_mc2_n5_mid3_d1000_05_mr098_r10_31_uai_GSCC_n200_roTrue_s0: Saving results to ../results/synthetic/s123/random_mc2_n5_mid3_d1000_05_mr098_r10_31_uai_GSCC_n200_roTrue_s0.csv
2026-02-02 16:18:43,921|INFO|random_mc2_n6_mid3_d1000_05_mr098_r10_28_uai_GSCC_n200_roFalse_s0: [0.4503,0.5473]	 77 runs	 rmse=0.08910	 T_learn=27649 ms. 	 T_infer=3906 ms.
2026-02-02 16:18:43,926|INFO|random_mc2_n6_mid3_d1000_05_mr098_r10_28_uai_GSCC_n200_roFalse_s0: Saving results to ../results/synthetic/s123/random_mc2_n6_mid3_d1000_05_mr098_r10_28_uai_GSCC_n200_roFalse_s0.csv
2026-02-02 16:18:43,934|INFO|random_mc2_n6_mid3_d1000_05_mr098_r10_72_uai_GSCC_n200_roTrue_s0: [0.0627,0.0977]	 81 runs	 rmse=0.04881	 T_learn=31562 ms. 	 T_infer=3931 ms.
2026-02-02 16:18:43,939|INFO|random_mc2_n6_mid3_d1000_05_mr098_r10_72_uai_GSCC_n200_roTrue_s0: Saving results to ../results/synthetic/s123/random_mc2_n6_mid3_d1000_05_mr098_r10_72_uai_GSCC_n200_roTrue_s0.csv
2026-02-02 16:18:44,293|INFO|random_mc2_n8_mid3_d1000_05_mr098_r10_3_uai_GSCC_n200_roTrue_s0: [0.0281,0.0355]	 6 runs	 rmse=0.04134	 T_learn=9835 ms. 	 T_infer=433 ms.
2026-02-02 16:18:44,298|INFO|random_mc2_n8_mid3_d1000_05_mr098_r10_3_uai_GSCC_n200_roTrue_s0: Saving results to ../results/synthetic/s123/random_mc2_n8_mid3_d1000_05_mr098_r10_3_uai_GSCC_n200_roTrue_s0.csv
2026-02-02 16:18:44,519|INFO|random_mc2_n6_mid3_d1000_05_mr098_r10_71_uai_GSCC_n200_roFalse_s0: [0.5153,0.6281]	 77 runs	 rmse=0.02577	 T_learn=30344 ms. 	 T_infer=4196 ms.
2026-02-02 16:18:44,525|INFO|random_mc2_n6_mid3_d1000_05_mr098_r10_71_uai_GSCC_n200_roFalse_s0: Saving results to ../results/synthetic/s123/random_mc2_n6_mid3_d1000_05_mr098_r10_71_uai_GSCC_n200_roFalse_s0.csv
2026-02-02 16:18:44,563|INFO|random_mc2_n5_mid3_d1000_05_mr098_r10_141_uai_GSCC_n200_roTrue_s0: [0.0881,0.1946]	 89 runs	 rmse=0.09360	 T_learn=28163 ms. 	 T_infer=3808 ms.
2026-02-02 16:18:44,568|INFO|random_mc2_n5_mid3_d1000_05_mr098_r10_141_uai_GSCC_n200_roTrue_s0: Saving results to ../results/synthetic/s123/random_mc2_n5_mid3_d1000_05_mr098_r10_141_uai_GSCC_n200_roTrue_s0.csv
2026-02-02 16:18:44,591|INFO|random_mc2_n5_mid3_d1000_05_mr098_r10_137_uai_GSCC_n200_roFalse_s0: [0.3436,0.4201]	 86 runs	 rmse=0.03004	 T_learn=21023 ms. 	 T_infer=2614 ms.
2026-02-02 16:18:44,597|INFO|random_mc2_n5_mid3_d1000_05_mr098_r10_137_uai_GSCC_n200_roFalse_s0: Saving results to ../results/synthetic/s123/random_mc2_n5_mid3_d1000_05_mr098_r10_137_uai_GSCC_n200_roFalse_s0.csv
2026-02-02 16:18:44,740|INFO|random_mc2_n5_mid3_d1000_05_mr098_r10_190_uai_GSCC_n200_roTrue_s0: [0.0389,0.0746]	 88 runs	 rmse=0.07999	 T_learn=17447 ms. 	 T_infer=2341 ms.
2026-02-02 16:18:44,745|INFO|random_mc2_n5_mid3_d1000_05_mr098_r10_102_uai_GSCC_n200_roTrue_s0: [0.3034,0.4630]	 109 runs	 rmse=0.04284	 T_learn=20760 ms. 	 T_infer=2739 ms.
2026-02-02 16:18:44,746|INFO|random_mc2_n5_mid3_d1000_05_mr098_r10_190_uai_GSCC_n200_roTrue_s0: Saving results to ../results/synthetic/s123/random_mc2_n5_mid3_d1000_05_mr098_r10_190_uai_GSCC_n200_roTrue_s0.csv
2026-02-02 16:18:44,751|INFO|random_mc2_n5_mid3_d1000_05_mr098_r10_102_uai_GSCC_n200_roTrue_s0: Saving results to ../results/synthetic/s123/random_mc2_n5_mid3_d1000_05_mr098_r10_102_uai_GSCC_n200_roTrue_s0.csv
2026-02-02 16:18:44,849|INFO|random_mc2_n5_mid3_d1000_05_mr098_r10_188_uai_GSCC_n200_roFalse_s0: [0.0011,0.0124]	 82 runs	 rmse=0.03702	 T_learn=13436 ms. 	 T_infer=1909 ms.
2026-02-02 16:18:44,854|INFO|random_mc2_n5_mid3_d1000_05_mr098_r10_188_uai_GSCC_n200_roFalse_s0: Saving results to ../results/synthetic/s123/random_mc2_n5_mid3_d1000_05_mr098_r10_188_uai_GSCC_n200_roFalse_s0.csv
2026-02-02 16:18:44,932|INFO|random_mc2_n8_mid3_d1000_05_mr098_r10_3_uai_GSCC_n200_roTrue_s0: [0.0281,0.0355]	 7 runs	 rmse=0.04134	 T_learn=9965 ms. 	 T_infer=505 ms.
2026-02-02 16:18:44,937|INFO|random_mc2_n8_mid3_d1000_05_mr098_r10_3_uai_GSCC_n200_roTrue_s0: Saving results to ../results/synthetic/s123/random_mc2_n8_mid3_d1000_05_mr098_r10_3_uai_GSCC_n200_roTrue_s0.csv
2026-02-02 16:18:45,006|INFO|random_mc2_n5_mid3_d1000_05_mr098_r10_169_uai_GSCC_n200_roTrue_s0: [0.1389,0.2663]	 154 runs	 rmse=0.23380	 T_learn=18668 ms. 	 T_infer=1772 ms.
2026-02-02 16:18:45,014|INFO|random_mc2_n5_mid3_d1000_05_mr098_r10_169_uai_GSCC_n200_roTrue_s0: Saving results to ../results/synthetic/s123/random_mc2_n5_mid3_d1000_05_mr098_r10_169_uai_GSCC_n200_roTrue_s0.csv
2026-02-02 16:18:45,114|INFO|random_mc2_n5_mid3_d1000_05_mr098_r10_195_uai_GSCC_n200_roFalse_s0: [0.0785,0.1949]	 112 runs	 rmse=0.16576	 T_learn=16411 ms. 	 T_infer=1845 ms.
2026-02-02 16:18:45,121|INFO|random_mc2_n5_mid3_d1000_05_mr098_r10_195_uai_GSCC_n200_roFalse_s0: Saving results to ../results/synthetic/s123/random_mc2_n5_mid3_d1000_05_mr098_r10_195_uai_GSCC_n200_roFalse_s0.csv
2026-02-02 16:18:45,218|INFO|random_mc2_n5_mid3_d1000_05_mr098_r10_63_uai_GSCC_n200_roTrue_s0: [0.0022,0.1148]	 106 runs	 rmse=0.05547	 T_learn=11661 ms. 	 T_infer=1484 ms.
2026-02-02 16:18:45,224|INFO|random_mc2_n5_mid3_d1000_05_mr098_r10_63_uai_GSCC_n200_roTrue_s0: Saving results to ../results/synthetic/s123/random_mc2_n5_mid3_d1000_05_mr098_r10_63_uai_GSCC_n200_roTrue_s0.csv
2026-02-02 16:18:45,647|INFO|random_mc2_n8_mid3_d1000_05_mr098_r10_3_uai_GSCC_n200_roTrue_s0: [0.0275,0.0355]	 8 runs	 rmse=0.04114	 T_learn=10097 ms. 	 T_infer=578 ms.
2026-02-02 16:18:45,652|INFO|random_mc2_n8_mid3_d1000_05_mr098_r10_3_uai_GSCC_n200_roTrue_s0: Saving results to ../results/synthetic/s123/random_mc2_n8_mid3_d1000_05_mr098_r10_3_uai_GSCC_n200_roTrue_s0.csv
2026-02-02 16:18:46,094|INFO|random_mc2_n6_mid3_d1000_05_mr098_r10_158_uai_GSCC_n200_roFalse_s0: [0.0210,0.0370]	 95 runs	 rmse=0.03456	 T_learn=18957 ms. 	 T_infer=2442 ms.
2026-02-02 16:18:46,101|INFO|random_mc2_n6_mid3_d1000_05_mr098_r10_158_uai_GSCC_n200_roFalse_s0: Saving results to ../results/synthetic/s123/random_mc2_n6_mid3_d1000_05_mr098_r10_158_uai_GSCC_n200_roFalse_s0.csv
2026-02-02 16:18:46,246|INFO|random_mc2_n6_mid3_d1000_05_mr098_r10_169_uai_GSCC_n200_roFalse_s0: [0.0076,0.0314]	 105 runs	 rmse=0.01145	 T_learn=26632 ms. 	 T_infer=3323 ms.
2026-02-02 16:18:46,252|INFO|random_mc2_n6_mid3_d1000_05_mr098_r10_169_uai_GSCC_n200_roFalse_s0: Saving results to ../results/synthetic/s123/random_mc2_n6_mid3_d1000_05_mr098_r10_169_uai_GSCC_n200_roFalse_s0.csv
2026-02-02 16:18:46,388|INFO|random_mc2_n7_mid3_d1000_05_mr098_r10_65_uai_GSCC_n200_roTrue_s0: [0.1684,0.2121]	 45 runs	 rmse=0.01652	 T_learn=17087 ms. 	 T_infer=2858 ms.
2026-02-02 16:18:46,392|INFO|random_mc2_n7_mid3_d1000_05_mr098_r10_65_uai_GSCC_n200_roTrue_s0: Saving results to ../results/synthetic/s123/random_mc2_n7_mid3_d1000_05_mr098_r10_65_uai_GSCC_n200_roTrue_s0.csv
2026-02-02 16:18:46,443|INFO|random_mc2_n8_mid3_d1000_05_mr098_r10_3_uai_GSCC_n200_roTrue_s0: [0.0275,0.0355]	 9 runs	 rmse=0.04114	 T_learn=10239 ms. 	 T_infer=649 ms.
2026-02-02 16:18:46,447|INFO|random_mc2_n8_mid3_d1000_05_mr098_r10_3_uai_GSCC_n200_roTrue_s0: Saving results to ../results/synthetic/s123/random_mc2_n8_mid3_d1000_05_mr098_r10_3_uai_GSCC_n200_roTrue_s0.csv
2026-02-02 16:18:46,539|INFO|random_mc2_n5_mid3_d1000_05_mr098_r10_44_uai_GSCC_n200_roFalse_s0: [0.0156,0.0352]	 82 runs	 rmse=0.00699	 T_learn=28068 ms. 	 T_infer=4056 ms.
2026-02-02 16:18:46,545|INFO|random_mc2_n5_mid3_d1000_05_mr098_r10_44_uai_GSCC_n200_roFalse_s0: Saving results to ../results/synthetic/s123/random_mc2_n5_mid3_d1000_05_mr098_r10_44_uai_GSCC_n200_roFalse_s0.csv
2026-02-02 16:18:46,559|INFO|random_mc2_n5_mid3_d1000_05_mr098_r10_31_uai_GSCC_n200_roTrue_s0: [0.0879,0.1423]	 109 runs	 rmse=0.14178	 T_learn=22124 ms. 	 T_infer=2386 ms.
2026-02-02 16:18:46,565|INFO|random_mc2_n5_mid3_d1000_05_mr098_r10_31_uai_GSCC_n200_roTrue_s0: Saving results to ../results/synthetic/s123/random_mc2_n5_mid3_d1000_05_mr098_r10_31_uai_GSCC_n200_roTrue_s0.csv
2026-02-02 16:18:46,829|INFO|random_mc2_n5_mid3_d1000_05_mr098_r10_169_uai_GSCC_n200_roTrue_s0: [0.1389,0.2663]	 155 runs	 rmse=0.23380	 T_learn=18849 ms. 	 T_infer=1635 ms.
2026-02-02 16:18:46,836|INFO|random_mc2_n5_mid3_d1000_05_mr098_r10_169_uai_GSCC_n200_roTrue_s0: Saving results to ../results/synthetic/s123/random_mc2_n5_mid3_d1000_05_mr098_r10_169_uai_GSCC_n200_roTrue_s0.csv
2026-02-02 16:18:46,913|INFO|random_mc2_n6_mid3_d1000_05_mr098_r10_144_uai_GSCC_n200_roTrue_s0: [0.0139,0.0222]	 60 runs	 rmse=0.01452	 T_learn=17571 ms. 	 T_infer=3162 ms.
2026-02-02 16:18:46,918|INFO|random_mc2_n6_mid3_d1000_05_mr098_r10_144_uai_GSCC_n200_roTrue_s0: Saving results to ../results/synthetic/s123/random_mc2_n6_mid3_d1000_05_mr098_r10_144_uai_GSCC_n200_roTrue_s0.csv
2026-02-02 16:18:46,960|INFO|random_mc2_n5_mid3_d1000_05_mr098_r10_188_uai_GSCC_n200_roFalse_s0: [0.0011,0.0124]	 83 runs	 rmse=0.03702	 T_learn=13604 ms. 	 T_infer=1937 ms.
2026-02-02 16:18:46,965|INFO|random_mc2_n5_mid3_d1000_05_mr098_r10_188_uai_GSCC_n200_roFalse_s0: Saving results to ../results/synthetic/s123/random_mc2_n5_mid3_d1000_05_mr098_r10_188_uai_GSCC_n200_roFalse_s0.csv
2026-02-02 16:18:46,985|INFO|random_mc2_n5_mid3_d1000_05_mr098_r10_63_uai_GSCC_n200_roTrue_s0: [0.0012,0.1148]	 107 runs	 rmse=0.05544	 T_learn=11793 ms. 	 T_infer=1628 ms.
2026-02-02 16:18:46,991|INFO|random_mc2_n5_mid3_d1000_05_mr098_r10_63_uai_GSCC_n200_roTrue_s0: Saving results to ../results/synthetic/s123/random_mc2_n5_mid3_d1000_05_mr098_r10_63_uai_GSCC_n200_roTrue_s0.csv
2026-02-02 16:18:47,304|INFO|random_mc2_n5_mid3_d1000_05_mr098_r10_195_uai_GSCC_n200_roFalse_s0: [0.0785,0.1949]	 113 runs	 rmse=0.16576	 T_learn=16597 ms. 	 T_infer=1997 ms.
2026-02-02 16:18:47,310|INFO|random_mc2_n5_mid3_d1000_05_mr098_r10_195_uai_GSCC_n200_roFalse_s0: Saving results to ../results/synthetic/s123/random_mc2_n5_mid3_d1000_05_mr098_r10_195_uai_GSCC_n200_roFalse_s0.csv
2026-02-02 16:18:47,314|INFO|random_mc2_n8_mid3_d1000_05_mr098_r10_3_uai_GSCC_n200_roTrue_s0: [0.0256,0.0355]	 10 runs	 rmse=0.04052	 T_learn=10385 ms. 	 T_infer=721 ms.
2026-02-02 16:18:47,319|INFO|random_mc2_n8_mid3_d1000_05_mr098_r10_3_uai_GSCC_n200_roTrue_s0: Saving results to ../results/synthetic/s123/random_mc2_n8_mid3_d1000_05_mr098_r10_3_uai_GSCC_n200_roTrue_s0.csv
2026-02-02 16:18:47,418|INFO|random_mc2_n7_mid3_d1000_05_mr098_r10_6_uai_GSCC_n200_roFalse_s0: [0.0078,0.0319]	 35 runs	 rmse=0.00851	 T_learn=19997 ms. 	 T_infer=3567 ms.
2026-02-02 16:18:47,423|INFO|random_mc2_n7_mid3_d1000_05_mr098_r10_6_uai_GSCC_n200_roFalse_s0: Saving results to ../results/synthetic/s123/random_mc2_n7_mid3_d1000_05_mr098_r10_6_uai_GSCC_n200_roFalse_s0.csv
2026-02-02 16:18:47,468|INFO|random_mc2_n5_mid3_d1000_05_mr098_r10_190_uai_GSCC_n200_roTrue_s0: [0.0389,0.0746]	 89 runs	 rmse=0.07999	 T_learn=17686 ms. 	 T_infer=2483 ms.
2026-02-02 16:18:47,474|INFO|random_mc2_n5_mid3_d1000_05_mr098_r10_190_uai_GSCC_n200_roTrue_s0: Saving results to ../results/synthetic/s123/random_mc2_n5_mid3_d1000_05_mr098_r10_190_uai_GSCC_n200_roTrue_s0.csv
2026-02-02 16:18:47,560|INFO|random_mc2_n5_mid3_d1000_05_mr098_r10_137_uai_GSCC_n200_roFalse_s0: [0.3436,0.4201]	 87 runs	 rmse=0.03004	 T_learn=21357 ms. 	 T_infer=2629 ms.
2026-02-02 16:18:47,566|INFO|random_mc2_n5_mid3_d1000_05_mr098_r10_137_uai_GSCC_n200_roFalse_s0: Saving results to ../results/synthetic/s123/random_mc2_n5_mid3_d1000_05_mr098_r10_137_uai_GSCC_n200_roFalse_s0.csv
2026-02-02 16:18:47,893|INFO|random_mc2_n5_mid3_d1000_05_mr098_r10_102_uai_GSCC_n200_roTrue_s0: [0.3034,0.4631]	 110 runs	 rmse=0.04282	 T_learn=21013 ms. 	 T_infer=2889 ms.
2026-02-02 16:18:47,898|INFO|random_mc2_n5_mid3_d1000_05_mr098_r10_102_uai_GSCC_n200_roTrue_s0: Saving results to ../results/synthetic/s123/random_mc2_n5_mid3_d1000_05_mr098_r10_102_uai_GSCC_n200_roTrue_s0.csv
2026-02-02 16:18:48,267|INFO|random_mc2_n8_mid3_d1000_05_mr098_r10_3_uai_GSCC_n200_roTrue_s0: [0.0256,0.0355]	 11 runs	 rmse=0.04052	 T_learn=10540 ms. 	 T_infer=793 ms.
2026-02-02 16:18:48,271|INFO|random_mc2_n8_mid3_d1000_05_mr098_r10_3_uai_GSCC_n200_roTrue_s0: Saving results to ../results/synthetic/s123/random_mc2_n8_mid3_d1000_05_mr098_r10_3_uai_GSCC_n200_roTrue_s0.csv
2026-02-02 16:18:48,410|INFO|random_mc2_n6_mid3_d1000_05_mr098_r10_28_uai_GSCC_n200_roFalse_s0: [0.4503,0.5473]	 78 runs	 rmse=0.08910	 T_learn=28180 ms. 	 T_infer=3953 ms.
2026-02-02 16:18:48,416|INFO|random_mc2_n6_mid3_d1000_05_mr098_r10_28_uai_GSCC_n200_roFalse_s0: Saving results to ../results/synthetic/s123/random_mc2_n6_mid3_d1000_05_mr098_r10_28_uai_GSCC_n200_roFalse_s0.csv
2026-02-02 16:18:48,448|INFO|random_mc2_n6_mid3_d1000_05_mr098_r10_72_uai_GSCC_n200_roTrue_s0: [0.0627,0.0977]	 82 runs	 rmse=0.04881	 T_learn=32090 ms. 	 T_infer=3981 ms.
2026-02-02 16:18:48,454|INFO|random_mc2_n6_mid3_d1000_05_mr098_r10_72_uai_GSCC_n200_roTrue_s0: Saving results to ../results/synthetic/s123/random_mc2_n6_mid3_d1000_05_mr098_r10_72_uai_GSCC_n200_roTrue_s0.csv
2026-02-02 16:18:48,515|INFO|random_mc2_n5_mid3_d1000_05_mr098_r10_74_uai_GSCC_n200_roTrue_s0: [0.3231,0.3975]	 54 runs	 rmse=0.13464	 T_learn=23613 ms. 	 T_infer=4291 ms.
2026-02-02 16:18:48,520|INFO|random_mc2_n5_mid3_d1000_05_mr098_r10_74_uai_GSCC_n200_roTrue_s0: Saving results to ../results/synthetic/s123/random_mc2_n5_mid3_d1000_05_mr098_r10_74_uai_GSCC_n200_roTrue_s0.csv
2026-02-02 16:18:48,641|INFO|random_mc2_n5_mid3_d1000_05_mr098_r10_63_uai_GSCC_n200_roTrue_s0: [0.0012,0.1148]	 108 runs	 rmse=0.05544	 T_learn=11927 ms. 	 T_infer=1516 ms.
2026-02-02 16:18:48,647|INFO|random_mc2_n5_mid3_d1000_05_mr098_r10_63_uai_GSCC_n200_roTrue_s0: Saving results to ../results/synthetic/s123/random_mc2_n5_mid3_d1000_05_mr098_r10_63_uai_GSCC_n200_roTrue_s0.csv
2026-02-02 16:18:48,664|INFO|random_mc2_n5_mid3_d1000_05_mr098_r10_169_uai_GSCC_n200_roTrue_s0: [0.1389,0.2663]	 156 runs	 rmse=0.23380	 T_learn=19032 ms. 	 T_infer=1646 ms.
2026-02-02 16:18:48,672|INFO|random_mc2_n5_mid3_d1000_05_mr098_r10_169_uai_GSCC_n200_roTrue_s0: Saving results to ../results/synthetic/s123/random_mc2_n5_mid3_d1000_05_mr098_r10_169_uai_GSCC_n200_roTrue_s0.csv
2026-02-02 16:18:48,752|INFO|random_mc2_n5_mid3_d1000_05_mr098_r10_141_uai_GSCC_n200_roTrue_s0: [0.0881,0.1946]	 90 runs	 rmse=0.09360	 T_learn=28631 ms. 	 T_infer=3716 ms.
2026-02-02 16:18:48,758|INFO|random_mc2_n5_mid3_d1000_05_mr098_r10_141_uai_GSCC_n200_roTrue_s0: Saving results to ../results/synthetic/s123/random_mc2_n5_mid3_d1000_05_mr098_r10_141_uai_GSCC_n200_roTrue_s0.csv
2026-02-02 16:18:48,814|INFO|random_mc2_n6_mid3_d1000_05_mr098_r10_158_uai_GSCC_n200_roFalse_s0: [0.0210,0.0370]	 96 runs	 rmse=0.03456	 T_learn=19204 ms. 	 T_infer=2467 ms.
2026-02-02 16:18:48,820|INFO|random_mc2_n6_mid3_d1000_05_mr098_r10_158_uai_GSCC_n200_roFalse_s0: Saving results to ../results/synthetic/s123/random_mc2_n6_mid3_d1000_05_mr098_r10_158_uai_GSCC_n200_roFalse_s0.csv
2026-02-02 16:18:49,218|INFO|random_mc2_n5_mid3_d1000_05_mr098_r10_188_uai_GSCC_n200_roFalse_s0: [0.0011,0.0124]	 84 runs	 rmse=0.03702	 T_learn=13776 ms. 	 T_infer=2081 ms.
2026-02-02 16:18:49,224|INFO|random_mc2_n5_mid3_d1000_05_mr098_r10_188_uai_GSCC_n200_roFalse_s0: Saving results to ../results/synthetic/s123/random_mc2_n5_mid3_d1000_05_mr098_r10_188_uai_GSCC_n200_roFalse_s0.csv
2026-02-02 16:18:49,261|INFO|random_mc2_n5_mid3_d1000_05_mr098_r10_31_uai_GSCC_n200_roTrue_s0: [0.0860,0.1423]	 110 runs	 rmse=0.14068	 T_learn=22409 ms. 	 T_infer=2412 ms.
2026-02-02 16:18:49,269|INFO|random_mc2_n5_mid3_d1000_05_mr098_r10_31_uai_GSCC_n200_roTrue_s0: Saving results to ../results/synthetic/s123/random_mc2_n5_mid3_d1000_05_mr098_r10_31_uai_GSCC_n200_roTrue_s0.csv
2026-02-02 16:18:49,298|INFO|random_mc2_n8_mid3_d1000_05_mr098_r10_3_uai_GSCC_n200_roTrue_s0: [0.0256,0.0355]	 12 runs	 rmse=0.04052	 T_learn=10700 ms. 	 T_infer=867 ms.
2026-02-02 16:18:49,302|INFO|random_mc2_n8_mid3_d1000_05_mr098_r10_3_uai_GSCC_n200_roTrue_s0: Saving results to ../results/synthetic/s123/random_mc2_n8_mid3_d1000_05_mr098_r10_3_uai_GSCC_n200_roTrue_s0.csv
2026-02-02 16:18:49,383|INFO|random_mc2_n5_mid3_d1000_05_mr098_r10_195_uai_GSCC_n200_roFalse_s0: [0.0785,0.1949]	 114 runs	 rmse=0.16576	 T_learn=16786 ms. 	 T_infer=1884 ms.
2026-02-02 16:18:49,389|INFO|random_mc2_n5_mid3_d1000_05_mr098_r10_195_uai_GSCC_n200_roFalse_s0: Saving results to ../results/synthetic/s123/random_mc2_n5_mid3_d1000_05_mr098_r10_195_uai_GSCC_n200_roFalse_s0.csv
2026-02-02 16:18:49,494|INFO|random_mc2_n6_mid3_d1000_05_mr098_r10_71_uai_GSCC_n200_roFalse_s0: [0.5153,0.6281]	 78 runs	 rmse=0.02577	 T_learn=30915 ms. 	 T_infer=4398 ms.
2026-02-02 16:18:49,501|INFO|random_mc2_n6_mid3_d1000_05_mr098_r10_71_uai_GSCC_n200_roFalse_s0: Saving results to ../results/synthetic/s123/random_mc2_n6_mid3_d1000_05_mr098_r10_71_uai_GSCC_n200_roFalse_s0.csv
2026-02-02 16:18:49,677|INFO|random_mc2_n7_mid3_d1000_05_mr098_r10_65_uai_GSCC_n200_roTrue_s0: [0.1684,0.2121]	 46 runs	 rmse=0.01652	 T_learn=17446 ms. 	 T_infer=2925 ms.
2026-02-02 16:18:49,682|INFO|random_mc2_n7_mid3_d1000_05_mr098_r10_65_uai_GSCC_n200_roTrue_s0: Saving results to ../results/synthetic/s123/random_mc2_n7_mid3_d1000_05_mr098_r10_65_uai_GSCC_n200_roTrue_s0.csv
2026-02-02 16:18:49,784|INFO|random_mc2_n6_mid3_d1000_05_mr098_r10_169_uai_GSCC_n200_roFalse_s0: [0.0076,0.0314]	 106 runs	 rmse=0.01145	 T_learn=26968 ms. 	 T_infer=3196 ms.
2026-02-02 16:18:49,789|INFO|random_mc2_n6_mid3_d1000_05_mr098_r10_169_uai_GSCC_n200_roFalse_s0: Saving results to ../results/synthetic/s123/random_mc2_n6_mid3_d1000_05_mr098_r10_169_uai_GSCC_n200_roFalse_s0.csv
2026-02-02 16:18:50,104|INFO|random_mc2_n5_mid3_d1000_05_mr098_r10_190_uai_GSCC_n200_roTrue_s0: [0.0389,0.0746]	 90 runs	 rmse=0.07999	 T_learn=17929 ms. 	 T_infer=2387 ms.
2026-02-02 16:18:50,109|INFO|random_mc2_n5_mid3_d1000_05_mr098_r10_190_uai_GSCC_n200_roTrue_s0: Saving results to ../results/synthetic/s123/random_mc2_n5_mid3_d1000_05_mr098_r10_190_uai_GSCC_n200_roTrue_s0.csv
2026-02-02 16:18:50,315|INFO|random_mc2_n5_mid3_d1000_05_mr098_r10_63_uai_GSCC_n200_roTrue_s0: [0.0005,0.1148]	 109 runs	 rmse=0.05543	 T_learn=12064 ms. 	 T_infer=1531 ms.
2026-02-02 16:18:50,321|INFO|random_mc2_n5_mid3_d1000_05_mr098_r10_63_uai_GSCC_n200_roTrue_s0: Saving results to ../results/synthetic/s123/random_mc2_n5_mid3_d1000_05_mr098_r10_63_uai_GSCC_n200_roTrue_s0.csv
2026-02-02 16:18:50,363|INFO|random_mc2_n6_mid3_d1000_05_mr098_r10_144_uai_GSCC_n200_roTrue_s0: [0.0139,0.0222]	 61 runs	 rmse=0.01452	 T_learn=17936 ms. 	 T_infer=3080 ms.
2026-02-02 16:18:50,368|INFO|random_mc2_n6_mid3_d1000_05_mr098_r10_144_uai_GSCC_n200_roTrue_s0: Saving results to ../results/synthetic/s123/random_mc2_n6_mid3_d1000_05_mr098_r10_144_uai_GSCC_n200_roTrue_s0.csv
2026-02-02 16:18:50,404|INFO|random_mc2_n8_mid3_d1000_05_mr098_r10_3_uai_GSCC_n200_roTrue_s0: [0.0256,0.0355]	 13 runs	 rmse=0.04052	 T_learn=10868 ms. 	 T_infer=934 ms.
2026-02-02 16:18:50,409|INFO|random_mc2_n8_mid3_d1000_05_mr098_r10_3_uai_GSCC_n200_roTrue_s0: Saving results to ../results/synthetic/s123/random_mc2_n8_mid3_d1000_05_mr098_r10_3_uai_GSCC_n200_roTrue_s0.csv
2026-02-02 16:18:50,511|INFO|random_mc2_n5_mid3_d1000_05_mr098_r10_169_uai_GSCC_n200_roTrue_s0: [0.1389,0.2663]	 157 runs	 rmse=0.23380	 T_learn=19215 ms. 	 T_infer=1655 ms.
2026-02-02 16:18:50,518|INFO|random_mc2_n5_mid3_d1000_05_mr098_r10_169_uai_GSCC_n200_roTrue_s0: Saving results to ../results/synthetic/s123/random_mc2_n5_mid3_d1000_05_mr098_r10_169_uai_GSCC_n200_roTrue_s0.csv
2026-02-02 16:18:50,573|INFO|random_mc2_n5_mid3_d1000_05_mr098_r10_137_uai_GSCC_n200_roFalse_s0: [0.3436,0.4201]	 88 runs	 rmse=0.03004	 T_learn=21699 ms. 	 T_infer=2664 ms.
2026-02-02 16:18:50,580|INFO|random_mc2_n5_mid3_d1000_05_mr098_r10_137_uai_GSCC_n200_roFalse_s0: Saving results to ../results/synthetic/s123/random_mc2_n5_mid3_d1000_05_mr098_r10_137_uai_GSCC_n200_roFalse_s0.csv
2026-02-02 16:18:50,920|INFO|random_mc2_n5_mid3_d1000_05_mr098_r10_102_uai_GSCC_n200_roTrue_s0: [0.3034,0.4631]	 111 runs	 rmse=0.04282	 T_learn=21268 ms. 	 T_infer=2767 ms.
2026-02-02 16:18:50,926|INFO|random_mc2_n5_mid3_d1000_05_mr098_r10_102_uai_GSCC_n200_roTrue_s0: Saving results to ../results/synthetic/s123/random_mc2_n5_mid3_d1000_05_mr098_r10_102_uai_GSCC_n200_roTrue_s0.csv
2026-02-02 16:18:51,167|INFO|random_mc2_n5_mid3_d1000_05_mr098_r10_44_uai_GSCC_n200_roFalse_s0: [0.0156,0.0352]	 83 runs	 rmse=0.00699	 T_learn=28598 ms. 	 T_infer=4091 ms.
2026-02-02 16:18:51,172|INFO|random_mc2_n5_mid3_d1000_05_mr098_r10_44_uai_GSCC_n200_roFalse_s0: Saving results to ../results/synthetic/s123/random_mc2_n5_mid3_d1000_05_mr098_r10_44_uai_GSCC_n200_roFalse_s0.csv
2026-02-02 16:18:51,370|INFO|random_mc2_n5_mid3_d1000_05_mr098_r10_188_uai_GSCC_n200_roFalse_s0: [0.0011,0.0124]	 85 runs	 rmse=0.03702	 T_learn=13950 ms. 	 T_infer=1971 ms.
2026-02-02 16:18:51,375|INFO|random_mc2_n5_mid3_d1000_05_mr098_r10_188_uai_GSCC_n200_roFalse_s0: Saving results to ../results/synthetic/s123/random_mc2_n5_mid3_d1000_05_mr098_r10_188_uai_GSCC_n200_roFalse_s0.csv
2026-02-02 16:18:51,471|INFO|random_mc2_n5_mid3_d1000_05_mr098_r10_195_uai_GSCC_n200_roFalse_s0: [0.0785,0.1949]	 115 runs	 rmse=0.16576	 T_learn=16976 ms. 	 T_infer=1892 ms.
2026-02-02 16:18:51,477|INFO|random_mc2_n5_mid3_d1000_05_mr098_r10_195_uai_GSCC_n200_roFalse_s0: Saving results to ../results/synthetic/s123/random_mc2_n5_mid3_d1000_05_mr098_r10_195_uai_GSCC_n200_roFalse_s0.csv
2026-02-02 16:18:51,556|INFO|random_mc2_n6_mid3_d1000_05_mr098_r10_158_uai_GSCC_n200_roFalse_s0: [0.0210,0.0370]	 97 runs	 rmse=0.03456	 T_learn=19454 ms. 	 T_infer=2485 ms.
2026-02-02 16:18:51,562|INFO|random_mc2_n6_mid3_d1000_05_mr098_r10_158_uai_GSCC_n200_roFalse_s0: Saving results to ../results/synthetic/s123/random_mc2_n6_mid3_d1000_05_mr098_r10_158_uai_GSCC_n200_roFalse_s0.csv
2026-02-02 16:18:51,589|INFO|random_mc2_n8_mid3_d1000_05_mr098_r10_3_uai_GSCC_n200_roTrue_s0: [0.0235,0.0355]	 14 runs	 rmse=0.03995	 T_learn=11040 ms. 	 T_infer=1007 ms.
2026-02-02 16:18:51,594|INFO|random_mc2_n8_mid3_d1000_05_mr098_r10_3_uai_GSCC_n200_roTrue_s0: Saving results to ../results/synthetic/s123/random_mc2_n8_mid3_d1000_05_mr098_r10_3_uai_GSCC_n200_roTrue_s0.csv
2026-02-02 16:18:51,600|INFO|random_mc2_n7_mid3_d1000_05_mr098_r10_6_uai_GSCC_n200_roFalse_s0: [0.0078,0.0319]	 36 runs	 rmse=0.00851	 T_learn=20509 ms. 	 T_infer=3666 ms.
2026-02-02 16:18:51,605|INFO|random_mc2_n7_mid3_d1000_05_mr098_r10_6_uai_GSCC_n200_roFalse_s0: Saving results to ../results/synthetic/s123/random_mc2_n7_mid3_d1000_05_mr098_r10_6_uai_GSCC_n200_roFalse_s0.csv
2026-02-02 16:18:51,988|INFO|random_mc2_n5_mid3_d1000_05_mr098_r10_31_uai_GSCC_n200_roTrue_s0: [0.0860,0.1423]	 111 runs	 rmse=0.14068	 T_learn=22698 ms. 	 T_infer=2429 ms.
2026-02-02 16:18:51,993|INFO|random_mc2_n5_mid3_d1000_05_mr098_r10_31_uai_GSCC_n200_roTrue_s0: Saving results to ../results/synthetic/s123/random_mc2_n5_mid3_d1000_05_mr098_r10_31_uai_GSCC_n200_roTrue_s0.csv
2026-02-02 16:18:51,995|INFO|random_mc2_n5_mid3_d1000_05_mr098_r10_63_uai_GSCC_n200_roTrue_s0: [0.0001,0.1148]	 110 runs	 rmse=0.05543	 T_learn=12199 ms. 	 T_infer=1539 ms.
2026-02-02 16:18:52,000|INFO|random_mc2_n5_mid3_d1000_05_mr098_r10_63_uai_GSCC_n200_roTrue_s0: Saving results to ../results/synthetic/s123/random_mc2_n5_mid3_d1000_05_mr098_r10_63_uai_GSCC_n200_roTrue_s0.csv
2026-02-02 16:18:52,144|INFO|random_mc2_n6_mid3_d1000_05_mr098_r10_137_uai_GSCC_n200_roTrue_s0: Loading model from ../models/synthetic/s123/random_mc2_n6_mid3_d1000_05_mr098_r10_137.uai
2026-02-02 16:18:52,150|INFO|random_mc2_n6_mid3_d1000_05_mr098_r10_137_uai_GSCC_n200_roTrue_s0: Loading data from ../models/synthetic/s123/random_mc2_n6_mid3_d1000_05_mr098_r10_137.csv
2026-02-02 16:18:52,160|INFO|random_mc2_n6_mid3_d1000_05_mr098_r10_137_uai_GSCC_n200_roTrue_s0: PNS(V0,V3) exact: (0.0, 0.3125)
2026-02-02 16:18:52,523|INFO|random_mc2_n5_mid3_d1000_05_mr098_r10_169_uai_GSCC_n200_roTrue_s0: [0.1389,0.2663]	 158 runs	 rmse=0.23380	 T_learn=19399 ms. 	 T_infer=1821 ms.
2026-02-02 16:18:52,531|INFO|random_mc2_n5_mid3_d1000_05_mr098_r10_169_uai_GSCC_n200_roTrue_s0: Saving results to ../results/synthetic/s123/random_mc2_n5_mid3_d1000_05_mr098_r10_169_uai_GSCC_n200_roTrue_s0.csv
2026-02-02 16:18:52,759|INFO|random_mc2_n5_mid3_d1000_05_mr098_r10_190_uai_GSCC_n200_roTrue_s0: [0.0389,0.0746]	 91 runs	 rmse=0.07999	 T_learn=18173 ms. 	 T_infer=2406 ms.
2026-02-02 16:18:52,765|INFO|random_mc2_n5_mid3_d1000_05_mr098_r10_190_uai_GSCC_n200_roTrue_s0: Saving results to ../results/synthetic/s123/random_mc2_n5_mid3_d1000_05_mr098_r10_190_uai_GSCC_n200_roTrue_s0.csv
2026-02-02 16:18:52,852|INFO|random_mc2_n8_mid3_d1000_05_mr098_r10_3_uai_GSCC_n200_roTrue_s0: [0.0235,0.0355]	 15 runs	 rmse=0.03995	 T_learn=11220 ms. 	 T_infer=1078 ms.
2026-02-02 16:18:52,856|INFO|random_mc2_n8_mid3_d1000_05_mr098_r10_3_uai_GSCC_n200_roTrue_s0: Saving results to ../results/synthetic/s123/random_mc2_n8_mid3_d1000_05_mr098_r10_3_uai_GSCC_n200_roTrue_s0.csv
2026-02-02 16:18:52,961|INFO|random_mc2_n6_mid3_d1000_05_mr098_r10_28_uai_GSCC_n200_roFalse_s0: [0.4503,0.5484]	 79 runs	 rmse=0.08921	 T_learn=28716 ms. 	 T_infer=4008 ms.
2026-02-02 16:18:52,966|INFO|random_mc2_n6_mid3_d1000_05_mr098_r10_28_uai_GSCC_n200_roFalse_s0: Saving results to ../results/synthetic/s123/random_mc2_n6_mid3_d1000_05_mr098_r10_28_uai_GSCC_n200_roFalse_s0.csv
2026-02-02 16:18:52,988|INFO|random_mc2_n5_mid3_d1000_05_mr098_r10_141_uai_GSCC_n200_roTrue_s0: [0.0807,0.1946]	 91 runs	 rmse=0.08683	 T_learn=29109 ms. 	 T_infer=3753 ms.
2026-02-02 16:18:52,994|INFO|random_mc2_n5_mid3_d1000_05_mr098_r10_141_uai_GSCC_n200_roTrue_s0: Saving results to ../results/synthetic/s123/random_mc2_n5_mid3_d1000_05_mr098_r10_141_uai_GSCC_n200_roTrue_s0.csv
2026-02-02 16:18:53,006|INFO|random_mc2_n6_mid3_d1000_05_mr098_r10_72_uai_GSCC_n200_roTrue_s0: [0.0627,0.0977]	 83 runs	 rmse=0.04881	 T_learn=32621 ms. 	 T_infer=4020 ms.
2026-02-02 16:18:53,011|INFO|random_mc2_n6_mid3_d1000_05_mr098_r10_72_uai_GSCC_n200_roTrue_s0: Saving results to ../results/synthetic/s123/random_mc2_n6_mid3_d1000_05_mr098_r10_72_uai_GSCC_n200_roTrue_s0.csv
2026-02-02 16:18:53,026|INFO|random_mc2_n7_mid3_d1000_05_mr098_r10_65_uai_GSCC_n200_roTrue_s0: [0.1684,0.2121]	 47 runs	 rmse=0.01652	 T_learn=17808 ms. 	 T_infer=2981 ms.
2026-02-02 16:18:53,030|INFO|random_mc2_n7_mid3_d1000_05_mr098_r10_65_uai_GSCC_n200_roTrue_s0: Saving results to ../results/synthetic/s123/random_mc2_n7_mid3_d1000_05_mr098_r10_65_uai_GSCC_n200_roTrue_s0.csv
2026-02-02 16:18:53,349|INFO|random_mc2_n6_mid3_d1000_05_mr098_r10_169_uai_GSCC_n200_roFalse_s0: [0.0076,0.0314]	 107 runs	 rmse=0.01145	 T_learn=27305 ms. 	 T_infer=3222 ms.
2026-02-02 16:18:53,354|INFO|random_mc2_n6_mid3_d1000_05_mr098_r10_169_uai_GSCC_n200_roFalse_s0: Saving results to ../results/synthetic/s123/random_mc2_n6_mid3_d1000_05_mr098_r10_169_uai_GSCC_n200_roFalse_s0.csv
2026-02-02 16:18:53,546|INFO|random_mc2_n5_mid3_d1000_05_mr098_r10_188_uai_GSCC_n200_roFalse_s0: [0.0011,0.0124]	 86 runs	 rmse=0.03702	 T_learn=14125 ms. 	 T_infer=1995 ms.
2026-02-02 16:18:53,547|INFO|random_mc2_n5_mid3_d1000_05_mr098_r10_95_uai_GSCC_n200_roTrue_s0: Loading model from ../models/synthetic/s123/random_mc2_n5_mid3_d1000_05_mr098_r10_95.uai
2026-02-02 16:18:53,551|INFO|random_mc2_n5_mid3_d1000_05_mr098_r10_188_uai_GSCC_n200_roFalse_s0: Saving results to ../results/synthetic/s123/random_mc2_n5_mid3_d1000_05_mr098_r10_188_uai_GSCC_n200_roFalse_s0.csv
trainable: ['V1', 'V6', 'V5']
2026-02-02 16:18:53,575|INFO|random_mc2_n5_mid3_d1000_05_mr098_r10_195_uai_GSCC_n200_roFalse_s0: [0.0785,0.1949]	 116 runs	 rmse=0.16576	 T_learn=17166 ms. 	 T_infer=1908 ms.
2026-02-02 16:18:53,581|INFO|random_mc2_n5_mid3_d1000_05_mr098_r10_195_uai_GSCC_n200_roFalse_s0: Saving results to ../results/synthetic/s123/random_mc2_n5_mid3_d1000_05_mr098_r10_195_uai_GSCC_n200_roFalse_s0.csv
2026-02-02 16:18:53,554|INFO|random_mc2_n5_mid3_d1000_05_mr098_r10_95_uai_GSCC_n200_roTrue_s0: Loading data from ../models/synthetic/s123/random_mc2_n5_mid3_d1000_05_mr098_r10_95.csv
2026-02-02 16:18:53,563|INFO|random_mc2_n5_mid3_d1000_05_mr098_r10_95_uai_GSCC_n200_roTrue_s0: PNS(V2,V3) exact: (0.0, 0.0190074356112)
2026-02-02 16:18:53,594|INFO|random_mc2_n5_mid3_d1000_05_mr098_r10_74_uai_GSCC_n200_roTrue_s0: [0.3228,0.3975]	 55 runs	 rmse=0.13445	 T_learn=24185 ms. 	 T_infer=4501 ms.
2026-02-02 16:18:53,599|INFO|random_mc2_n5_mid3_d1000_05_mr098_r10_74_uai_GSCC_n200_roTrue_s0: Saving results to ../results/synthetic/s123/random_mc2_n5_mid3_d1000_05_mr098_r10_74_uai_GSCC_n200_roTrue_s0.csv
2026-02-02 16:18:53,691|INFO|random_mc2_n5_mid3_d1000_05_mr098_r10_63_uai_GSCC_n200_roTrue_s0: [0.0001,0.1148]	 111 runs	 rmse=0.05543	 T_learn=12336 ms. 	 T_infer=1554 ms.
2026-02-02 16:18:53,696|INFO|random_mc2_n5_mid3_d1000_05_mr098_r10_63_uai_GSCC_n200_roTrue_s0: Saving results to ../results/synthetic/s123/random_mc2_n5_mid3_d1000_05_mr098_r10_63_uai_GSCC_n200_roTrue_s0.csv
2026-02-02 16:18:53,760|INFO|random_mc2_n5_mid3_d1000_05_mr098_r10_137_uai_GSCC_n200_roFalse_s0: [0.3436,0.4201]	 89 runs	 rmse=0.03004	 T_learn=22043 ms. 	 T_infer=2836 ms.
2026-02-02 16:18:53,766|INFO|random_mc2_n5_mid3_d1000_05_mr098_r10_137_uai_GSCC_n200_roFalse_s0: Saving results to ../results/synthetic/s123/random_mc2_n5_mid3_d1000_05_mr098_r10_137_uai_GSCC_n200_roFalse_s0.csv
2026-02-02 16:18:53,865|INFO|random_mc2_n6_mid3_d1000_05_mr098_r10_144_uai_GSCC_n200_roTrue_s0: [0.0139,0.0222]	 62 runs	 rmse=0.01452	 T_learn=18309 ms. 	 T_infer=3124 ms.
2026-02-02 16:18:53,870|INFO|random_mc2_n6_mid3_d1000_05_mr098_r10_144_uai_GSCC_n200_roTrue_s0: Saving results to ../results/synthetic/s123/random_mc2_n6_mid3_d1000_05_mr098_r10_144_uai_GSCC_n200_roTrue_s0.csv
2026-02-02 16:18:53,978|INFO|random_mc2_n5_mid3_d1000_05_mr098_r10_102_uai_GSCC_n200_roTrue_s0: [0.3034,0.4775]	 112 runs	 rmse=0.04047	 T_learn=21526 ms. 	 T_infer=2794 ms.
2026-02-02 16:18:53,984|INFO|random_mc2_n5_mid3_d1000_05_mr098_r10_102_uai_GSCC_n200_roTrue_s0: Saving results to ../results/synthetic/s123/random_mc2_n5_mid3_d1000_05_mr098_r10_102_uai_GSCC_n200_roTrue_s0.csv
2026-02-02 16:18:54,196|INFO|random_mc2_n8_mid3_d1000_05_mr098_r10_3_uai_GSCC_n200_roTrue_s0: [0.0235,0.0355]	 16 runs	 rmse=0.03995	 T_learn=11407 ms. 	 T_infer=1153 ms.
2026-02-02 16:18:54,200|INFO|random_mc2_n8_mid3_d1000_05_mr098_r10_3_uai_GSCC_n200_roTrue_s0: Saving results to ../results/synthetic/s123/random_mc2_n8_mid3_d1000_05_mr098_r10_3_uai_GSCC_n200_roTrue_s0.csv
2026-02-02 16:18:54,369|INFO|random_mc2_n6_mid3_d1000_05_mr098_r10_71_uai_GSCC_n200_roFalse_s0: [0.5153,0.6281]	 79 runs	 rmse=0.02577	 T_learn=31490 ms. 	 T_infer=4293 ms.
2026-02-02 16:18:54,374|INFO|random_mc2_n6_mid3_d1000_05_mr098_r10_71_uai_GSCC_n200_roFalse_s0: Saving results to ../results/synthetic/s123/random_mc2_n6_mid3_d1000_05_mr098_r10_71_uai_GSCC_n200_roFalse_s0.csv
2026-02-02 16:18:54,390|INFO|random_mc2_n5_mid3_d1000_05_mr098_r10_169_uai_GSCC_n200_roTrue_s0: [0.1389,0.2663]	 159 runs	 rmse=0.23380	 T_learn=19584 ms. 	 T_infer=1674 ms.
2026-02-02 16:18:54,398|INFO|random_mc2_n5_mid3_d1000_05_mr098_r10_169_uai_GSCC_n200_roTrue_s0: Saving results to ../results/synthetic/s123/random_mc2_n5_mid3_d1000_05_mr098_r10_169_uai_GSCC_n200_roTrue_s0.csv
2026-02-02 16:18:54,468|INFO|random_mc2_n6_mid3_d1000_05_mr098_r10_158_uai_GSCC_n200_roFalse_s0: [0.0210,0.0370]	 98 runs	 rmse=0.03456	 T_learn=19702 ms. 	 T_infer=2658 ms.
2026-02-02 16:18:54,473|INFO|random_mc2_n6_mid3_d1000_05_mr098_r10_158_uai_GSCC_n200_roFalse_s0: Saving results to ../results/synthetic/s123/random_mc2_n6_mid3_d1000_05_mr098_r10_158_uai_GSCC_n200_roFalse_s0.csv
trainable: ['V5', 'V1', 'V6']
2026-02-02 16:18:54,866|INFO|random_mc2_n5_mid3_d1000_05_mr098_r10_31_uai_GSCC_n200_roTrue_s0: [0.0782,0.1423]	 112 runs	 rmse=0.13626	 T_learn=22989 ms. 	 T_infer=2582 ms.
2026-02-02 16:18:54,872|INFO|random_mc2_n5_mid3_d1000_05_mr098_r10_31_uai_GSCC_n200_roTrue_s0: Saving results to ../results/synthetic/s123/random_mc2_n5_mid3_d1000_05_mr098_r10_31_uai_GSCC_n200_roTrue_s0.csv
2026-02-02 16:18:55,456|INFO|random_mc2_n5_mid3_d1000_05_mr098_r10_190_uai_GSCC_n200_roTrue_s0: [0.0389,0.0746]	 92 runs	 rmse=0.07999	 T_learn=18420 ms. 	 T_infer=2445 ms.
2026-02-02 16:18:55,461|INFO|random_mc2_n5_mid3_d1000_05_mr098_r10_190_uai_GSCC_n200_roTrue_s0: Saving results to ../results/synthetic/s123/random_mc2_n5_mid3_d1000_05_mr098_r10_190_uai_GSCC_n200_roTrue_s0.csv
2026-02-02 16:18:55,535|INFO|random_mc2_n5_mid3_d1000_05_mr098_r10_63_uai_GSCC_n200_roTrue_s0: [0.0001,0.1148]	 112 runs	 rmse=0.05543	 T_learn=12472 ms. 	 T_infer=1702 ms.
2026-02-02 16:18:55,541|INFO|random_mc2_n5_mid3_d1000_05_mr098_r10_63_uai_GSCC_n200_roTrue_s0: Saving results to ../results/synthetic/s123/random_mc2_n5_mid3_d1000_05_mr098_r10_63_uai_GSCC_n200_roTrue_s0.csv
2026-02-02 16:18:55,626|INFO|random_mc2_n8_mid3_d1000_05_mr098_r10_3_uai_GSCC_n200_roTrue_s0: [0.0235,0.0355]	 17 runs	 rmse=0.03995	 T_learn=11601 ms. 	 T_infer=1232 ms.
2026-02-02 16:18:55,630|INFO|random_mc2_n8_mid3_d1000_05_mr098_r10_3_uai_GSCC_n200_roTrue_s0: Saving results to ../results/synthetic/s123/random_mc2_n8_mid3_d1000_05_mr098_r10_3_uai_GSCC_n200_roTrue_s0.csv
2026-02-02 16:18:55,754|INFO|random_mc2_n5_mid3_d1000_05_mr098_r10_188_uai_GSCC_n200_roFalse_s0: [0.0011,0.0124]	 87 runs	 rmse=0.03702	 T_learn=14301 ms. 	 T_infer=2028 ms.
2026-02-02 16:18:55,760|INFO|random_mc2_n5_mid3_d1000_05_mr098_r10_188_uai_GSCC_n200_roFalse_s0: Saving results to ../results/synthetic/s123/random_mc2_n5_mid3_d1000_05_mr098_r10_188_uai_GSCC_n200_roFalse_s0.csv
2026-02-02 16:18:55,849|INFO|random_mc2_n5_mid3_d1000_05_mr098_r10_195_uai_GSCC_n200_roFalse_s0: [0.0785,0.1949]	 117 runs	 rmse=0.16576	 T_learn=17358 ms. 	 T_infer=2076 ms.
2026-02-02 16:18:55,855|INFO|random_mc2_n5_mid3_d1000_05_mr098_r10_195_uai_GSCC_n200_roFalse_s0: Saving results to ../results/synthetic/s123/random_mc2_n5_mid3_d1000_05_mr098_r10_195_uai_GSCC_n200_roFalse_s0.csv
2026-02-02 16:18:55,864|INFO|random_mc2_n5_mid3_d1000_05_mr098_r10_44_uai_GSCC_n200_roFalse_s0: [0.0156,0.0352]	 84 runs	 rmse=0.00699	 T_learn=29138 ms. 	 T_infer=4152 ms.
2026-02-02 16:18:55,870|INFO|random_mc2_n5_mid3_d1000_05_mr098_r10_44_uai_GSCC_n200_roFalse_s0: Saving results to ../results/synthetic/s123/random_mc2_n5_mid3_d1000_05_mr098_r10_44_uai_GSCC_n200_roFalse_s0.csv
2026-02-02 16:18:55,877|INFO|random_mc2_n6_mid3_d1000_05_mr098_r10_137_uai_GSCC_n200_roTrue_s0: [0.2667,0.2667]	 1 runs	 rmse=0.27059	 T_learn=3699 ms. 	 T_infer=14 ms.
2026-02-02 16:18:55,885|INFO|random_mc2_n6_mid3_d1000_05_mr098_r10_137_uai_GSCC_n200_roTrue_s0: Saving results to ../results/synthetic/s123/random_mc2_n6_mid3_d1000_05_mr098_r10_137_uai_GSCC_n200_roTrue_s0.csv
2026-02-02 16:18:55,910|INFO|random_mc2_n7_mid3_d1000_05_mr098_r10_6_uai_GSCC_n200_roFalse_s0: [0.0078,0.0319]	 37 runs	 rmse=0.00851	 T_learn=21036 ms. 	 T_infer=3778 ms.
2026-02-02 16:18:55,915|INFO|random_mc2_n7_mid3_d1000_05_mr098_r10_6_uai_GSCC_n200_roFalse_s0: Saving results to ../results/synthetic/s123/random_mc2_n7_mid3_d1000_05_mr098_r10_6_uai_GSCC_n200_roFalse_s0.csv
2026-02-02 16:18:55,936|INFO|random_mc2_n6_mid3_d1000_05_mr098_r10_137_uai_GSCC_n200_roTrue_s0: [0.2616,0.2667]	 2 runs	 rmse=0.26556	 T_learn=3723 ms. 	 T_infer=26 ms.
2026-02-02 16:18:55,940|INFO|random_mc2_n6_mid3_d1000_05_mr098_r10_137_uai_GSCC_n200_roTrue_s0: Saving results to ../results/synthetic/s123/random_mc2_n6_mid3_d1000_05_mr098_r10_137_uai_GSCC_n200_roTrue_s0.csv
2026-02-02 16:18:56,005|INFO|random_mc2_n6_mid3_d1000_05_mr098_r10_137_uai_GSCC_n200_roTrue_s0: [0.2552,0.2667]	 3 runs	 rmse=0.25929	 T_learn=3749 ms. 	 T_infer=39 ms.
2026-02-02 16:18:56,009|INFO|random_mc2_n6_mid3_d1000_05_mr098_r10_137_uai_GSCC_n200_roTrue_s0: Saving results to ../results/synthetic/s123/random_mc2_n6_mid3_d1000_05_mr098_r10_137_uai_GSCC_n200_roTrue_s0.csv
2026-02-02 16:18:56,088|INFO|random_mc2_n6_mid3_d1000_05_mr098_r10_137_uai_GSCC_n200_roTrue_s0: [0.2552,0.2880]	 4 runs	 rmse=0.25638	 T_learn=3775 ms. 	 T_infer=53 ms.
2026-02-02 16:18:56,092|INFO|random_mc2_n6_mid3_d1000_05_mr098_r10_137_uai_GSCC_n200_roTrue_s0: Saving results to ../results/synthetic/s123/random_mc2_n6_mid3_d1000_05_mr098_r10_137_uai_GSCC_n200_roTrue_s0.csv
2026-02-02 16:18:56,186|INFO|random_mc2_n6_mid3_d1000_05_mr098_r10_137_uai_GSCC_n200_roTrue_s0: [0.2552,0.2916]	 5 runs	 rmse=0.25606	 T_learn=3803 ms. 	 T_infer=66 ms.
2026-02-02 16:18:56,190|INFO|random_mc2_n6_mid3_d1000_05_mr098_r10_137_uai_GSCC_n200_roTrue_s0: Saving results to ../results/synthetic/s123/random_mc2_n6_mid3_d1000_05_mr098_r10_137_uai_GSCC_n200_roTrue_s0.csv
2026-02-02 16:18:56,269|INFO|random_mc2_n5_mid3_d1000_05_mr098_r10_169_uai_GSCC_n200_roTrue_s0: [0.1389,0.2719]	 160 runs	 rmse=0.22816	 T_learn=19769 ms. 	 T_infer=1685 ms.
2026-02-02 16:18:56,276|INFO|random_mc2_n5_mid3_d1000_05_mr098_r10_169_uai_GSCC_n200_roTrue_s0: Saving results to ../results/synthetic/s123/random_mc2_n5_mid3_d1000_05_mr098_r10_169_uai_GSCC_n200_roTrue_s0.csv
2026-02-02 16:18:56,299|INFO|random_mc2_n6_mid3_d1000_05_mr098_r10_137_uai_GSCC_n200_roTrue_s0: [0.2552,0.2916]	 6 runs	 rmse=0.25606	 T_learn=3833 ms. 	 T_infer=79 ms.
2026-02-02 16:18:56,303|INFO|random_mc2_n6_mid3_d1000_05_mr098_r10_137_uai_GSCC_n200_roTrue_s0: Saving results to ../results/synthetic/s123/random_mc2_n6_mid3_d1000_05_mr098_r10_137_uai_GSCC_n200_roTrue_s0.csv
2026-02-02 16:18:56,426|INFO|random_mc2_n6_mid3_d1000_05_mr098_r10_137_uai_GSCC_n200_roTrue_s0: [0.2552,0.2916]	 7 runs	 rmse=0.25606	 T_learn=3864 ms. 	 T_infer=91 ms.
2026-02-02 16:18:56,429|INFO|random_mc2_n6_mid3_d1000_05_mr098_r10_137_uai_GSCC_n200_roTrue_s0: Saving results to ../results/synthetic/s123/random_mc2_n6_mid3_d1000_05_mr098_r10_137_uai_GSCC_n200_roTrue_s0.csv
2026-02-02 16:18:56,567|INFO|random_mc2_n6_mid3_d1000_05_mr098_r10_137_uai_GSCC_n200_roTrue_s0: [0.2552,0.2916]	 8 runs	 rmse=0.25606	 T_learn=3897 ms. 	 T_infer=105 ms.
2026-02-02 16:18:56,571|INFO|random_mc2_n6_mid3_d1000_05_mr098_r10_137_uai_GSCC_n200_roTrue_s0: Saving results to ../results/synthetic/s123/random_mc2_n6_mid3_d1000_05_mr098_r10_137_uai_GSCC_n200_roTrue_s0.csv
2026-02-02 16:18:56,583|INFO|random_mc2_n7_mid3_d1000_05_mr098_r10_65_uai_GSCC_n200_roTrue_s0: [0.1684,0.2121]	 48 runs	 rmse=0.01652	 T_learn=18182 ms. 	 T_infer=3179 ms.
2026-02-02 16:18:56,588|INFO|random_mc2_n7_mid3_d1000_05_mr098_r10_65_uai_GSCC_n200_roTrue_s0: Saving results to ../results/synthetic/s123/random_mc2_n7_mid3_d1000_05_mr098_r10_65_uai_GSCC_n200_roTrue_s0.csv
2026-02-02 16:18:56,724|INFO|random_mc2_n6_mid3_d1000_05_mr098_r10_137_uai_GSCC_n200_roTrue_s0: [0.2477,0.2916]	 9 runs	 rmse=0.24856	 T_learn=3931 ms. 	 T_infer=118 ms.
2026-02-02 16:18:56,728|INFO|random_mc2_n6_mid3_d1000_05_mr098_r10_137_uai_GSCC_n200_roTrue_s0: Saving results to ../results/synthetic/s123/random_mc2_n6_mid3_d1000_05_mr098_r10_137_uai_GSCC_n200_roTrue_s0.csv
2026-02-02 16:18:56,850|INFO|random_mc2_n5_mid3_d1000_05_mr098_r10_137_uai_GSCC_n200_roFalse_s0: [0.3436,0.4201]	 90 runs	 rmse=0.03004	 T_learn=22390 ms. 	 T_infer=2736 ms.
2026-02-02 16:18:56,856|INFO|random_mc2_n5_mid3_d1000_05_mr098_r10_137_uai_GSCC_n200_roFalse_s0: Saving results to ../results/synthetic/s123/random_mc2_n5_mid3_d1000_05_mr098_r10_137_uai_GSCC_n200_roFalse_s0.csv
2026-02-02 16:18:56,897|INFO|random_mc2_n6_mid3_d1000_05_mr098_r10_137_uai_GSCC_n200_roTrue_s0: [0.2385,0.2916]	 10 runs	 rmse=0.23939	 T_learn=3969 ms. 	 T_infer=131 ms.
2026-02-02 16:18:56,902|INFO|random_mc2_n6_mid3_d1000_05_mr098_r10_137_uai_GSCC_n200_roTrue_s0: Saving results to ../results/synthetic/s123/random_mc2_n6_mid3_d1000_05_mr098_r10_137_uai_GSCC_n200_roTrue_s0.csv
2026-02-02 16:18:57,084|INFO|random_mc2_n6_mid3_d1000_05_mr098_r10_137_uai_GSCC_n200_roTrue_s0: [0.2385,0.2916]	 11 runs	 rmse=0.23939	 T_learn=4006 ms. 	 T_infer=145 ms.
2026-02-02 16:18:57,088|INFO|random_mc2_n6_mid3_d1000_05_mr098_r10_137_uai_GSCC_n200_roTrue_s0: Saving results to ../results/synthetic/s123/random_mc2_n6_mid3_d1000_05_mr098_r10_137_uai_GSCC_n200_roTrue_s0.csv
2026-02-02 16:18:57,092|INFO|random_mc2_n5_mid3_d1000_05_mr098_r10_102_uai_GSCC_n200_roTrue_s0: [0.3034,0.4775]	 113 runs	 rmse=0.04047	 T_learn=21788 ms. 	 T_infer=2847 ms.
2026-02-02 16:18:57,098|INFO|random_mc2_n5_mid3_d1000_05_mr098_r10_102_uai_GSCC_n200_roTrue_s0: Saving results to ../results/synthetic/s123/random_mc2_n5_mid3_d1000_05_mr098_r10_102_uai_GSCC_n200_roTrue_s0.csv
2026-02-02 16:18:57,129|INFO|random_mc2_n6_mid3_d1000_05_mr098_r10_169_uai_GSCC_n200_roFalse_s0: [0.0076,0.0314]	 108 runs	 rmse=0.01145	 T_learn=27646 ms. 	 T_infer=3434 ms.
2026-02-02 16:18:57,135|INFO|random_mc2_n6_mid3_d1000_05_mr098_r10_169_uai_GSCC_n200_roFalse_s0: Saving results to ../results/synthetic/s123/random_mc2_n6_mid3_d1000_05_mr098_r10_169_uai_GSCC_n200_roFalse_s0.csv
2026-02-02 16:18:57,138|INFO|random_mc2_n8_mid3_d1000_05_mr098_r10_3_uai_GSCC_n200_roTrue_s0: [0.0235,0.0355]	 18 runs	 rmse=0.03995	 T_learn=11802 ms. 	 T_infer=1307 ms.
2026-02-02 16:18:57,143|INFO|random_mc2_n8_mid3_d1000_05_mr098_r10_3_uai_GSCC_n200_roTrue_s0: Saving results to ../results/synthetic/s123/random_mc2_n8_mid3_d1000_05_mr098_r10_3_uai_GSCC_n200_roTrue_s0.csv
2026-02-02 16:18:57,271|INFO|random_mc2_n5_mid3_d1000_05_mr098_r10_63_uai_GSCC_n200_roTrue_s0: [0.0001,0.1148]	 113 runs	 rmse=0.05543	 T_learn=12612 ms. 	 T_infer=1590 ms.
2026-02-02 16:18:57,277|INFO|random_mc2_n5_mid3_d1000_05_mr098_r10_63_uai_GSCC_n200_roTrue_s0: Saving results to ../results/synthetic/s123/random_mc2_n5_mid3_d1000_05_mr098_r10_63_uai_GSCC_n200_roTrue_s0.csv
2026-02-02 16:18:57,287|INFO|random_mc2_n6_mid3_d1000_05_mr098_r10_137_uai_GSCC_n200_roTrue_s0: [0.2138,0.2916]	 12 runs	 rmse=0.21479	 T_learn=4046 ms. 	 T_infer=158 ms.
2026-02-02 16:18:57,289|INFO|random_mc2_n6_mid3_d1000_05_mr098_r10_158_uai_GSCC_n200_roFalse_s0: [0.0210,0.0370]	 99 runs	 rmse=0.03456	 T_learn=19953 ms. 	 T_infer=2564 ms.
2026-02-02 16:18:57,290|INFO|random_mc2_n5_mid3_d1000_05_mr098_r10_141_uai_GSCC_n200_roTrue_s0: [0.0722,0.1946]	 92 runs	 rmse=0.07919	 T_learn=29589 ms. 	 T_infer=3815 ms.
2026-02-02 16:18:57,291|INFO|random_mc2_n6_mid3_d1000_05_mr098_r10_137_uai_GSCC_n200_roTrue_s0: Saving results to ../results/synthetic/s123/random_mc2_n6_mid3_d1000_05_mr098_r10_137_uai_GSCC_n200_roTrue_s0.csv
2026-02-02 16:18:57,295|INFO|random_mc2_n6_mid3_d1000_05_mr098_r10_158_uai_GSCC_n200_roFalse_s0: Saving results to ../results/synthetic/s123/random_mc2_n6_mid3_d1000_05_mr098_r10_158_uai_GSCC_n200_roFalse_s0.csv
2026-02-02 16:18:57,295|INFO|random_mc2_n5_mid3_d1000_05_mr098_r10_141_uai_GSCC_n200_roTrue_s0: Saving results to ../results/synthetic/s123/random_mc2_n5_mid3_d1000_05_mr098_r10_141_uai_GSCC_n200_roTrue_s0.csv
2026-02-02 16:18:57,446|INFO|random_mc2_n6_mid3_d1000_05_mr098_r10_144_uai_GSCC_n200_roTrue_s0: [0.0139,0.0222]	 63 runs	 rmse=0.01452	 T_learn=18687 ms. 	 T_infer=3199 ms.
2026-02-02 16:18:57,451|INFO|random_mc2_n6_mid3_d1000_05_mr098_r10_144_uai_GSCC_n200_roTrue_s0: Saving results to ../results/synthetic/s123/random_mc2_n6_mid3_d1000_05_mr098_r10_144_uai_GSCC_n200_roTrue_s0.csv
2026-02-02 16:18:57,503|INFO|random_mc2_n6_mid3_d1000_05_mr098_r10_137_uai_GSCC_n200_roTrue_s0: [0.2098,0.2916]	 13 runs	 rmse=0.21087	 T_learn=4086 ms. 	 T_infer=171 ms.
2026-02-02 16:18:57,507|INFO|random_mc2_n6_mid3_d1000_05_mr098_r10_137_uai_GSCC_n200_roTrue_s0: Saving results to ../results/synthetic/s123/random_mc2_n6_mid3_d1000_05_mr098_r10_137_uai_GSCC_n200_roTrue_s0.csv
2026-02-02 16:18:57,559|INFO|random_mc2_n6_mid3_d1000_05_mr098_r10_28_uai_GSCC_n200_roFalse_s0: [0.4503,0.5484]	 80 runs	 rmse=0.08921	 T_learn=29258 ms. 	 T_infer=4050 ms.
2026-02-02 16:18:57,565|INFO|random_mc2_n6_mid3_d1000_05_mr098_r10_28_uai_GSCC_n200_roFalse_s0: Saving results to ../results/synthetic/s123/random_mc2_n6_mid3_d1000_05_mr098_r10_28_uai_GSCC_n200_roFalse_s0.csv
2026-02-02 16:18:57,644|INFO|random_mc2_n6_mid3_d1000_05_mr098_r10_72_uai_GSCC_n200_roTrue_s0: [0.0627,0.0977]	 84 runs	 rmse=0.04881	 T_learn=33161 ms. 	 T_infer=4093 ms.
2026-02-02 16:18:57,649|INFO|random_mc2_n6_mid3_d1000_05_mr098_r10_72_uai_GSCC_n200_roTrue_s0: Saving results to ../results/synthetic/s123/random_mc2_n6_mid3_d1000_05_mr098_r10_72_uai_GSCC_n200_roTrue_s0.csv
2026-02-02 16:18:57,657|INFO|random_mc2_n5_mid3_d1000_05_mr098_r10_31_uai_GSCC_n200_roTrue_s0: [0.0782,0.1423]	 113 runs	 rmse=0.13626	 T_learn=23286 ms. 	 T_infer=2488 ms.
2026-02-02 16:18:57,663|INFO|random_mc2_n5_mid3_d1000_05_mr098_r10_31_uai_GSCC_n200_roTrue_s0: Saving results to ../results/synthetic/s123/random_mc2_n5_mid3_d1000_05_mr098_r10_31_uai_GSCC_n200_roTrue_s0.csv
2026-02-02 16:18:57,731|INFO|random_mc2_n6_mid3_d1000_05_mr098_r10_137_uai_GSCC_n200_roTrue_s0: [0.2009,0.2916]	 14 runs	 rmse=0.20200	 T_learn=4128 ms. 	 T_infer=182 ms.
2026-02-02 16:18:57,736|INFO|random_mc2_n6_mid3_d1000_05_mr098_r10_137_uai_GSCC_n200_roTrue_s0: Saving results to ../results/synthetic/s123/random_mc2_n6_mid3_d1000_05_mr098_r10_137_uai_GSCC_n200_roTrue_s0.csv
2026-02-02 16:18:57,973|INFO|random_mc2_n6_mid3_d1000_05_mr098_r10_137_uai_GSCC_n200_roTrue_s0: [0.1933,0.2916]	 15 runs	 rmse=0.19438	 T_learn=4171 ms. 	 T_infer=194 ms.
2026-02-02 16:18:57,978|INFO|random_mc2_n6_mid3_d1000_05_mr098_r10_137_uai_GSCC_n200_roTrue_s0: Saving results to ../results/synthetic/s123/random_mc2_n6_mid3_d1000_05_mr098_r10_137_uai_GSCC_n200_roTrue_s0.csv
2026-02-02 16:18:57,995|INFO|random_mc2_n5_mid3_d1000_05_mr098_r10_188_uai_GSCC_n200_roFalse_s0: [0.0011,0.0124]	 88 runs	 rmse=0.03702	 T_learn=14480 ms. 	 T_infer=2056 ms.
2026-02-02 16:18:58,001|INFO|random_mc2_n5_mid3_d1000_05_mr098_r10_188_uai_GSCC_n200_roFalse_s0: Saving results to ../results/synthetic/s123/random_mc2_n5_mid3_d1000_05_mr098_r10_188_uai_GSCC_n200_roFalse_s0.csv
2026-02-02 16:18:58,004|INFO|random_mc2_n5_mid3_d1000_05_mr098_r10_195_uai_GSCC_n200_roFalse_s0: [0.0785,0.1949]	 118 runs	 rmse=0.16576	 T_learn=17551 ms. 	 T_infer=1955 ms.
2026-02-02 16:18:58,010|INFO|random_mc2_n5_mid3_d1000_05_mr098_r10_195_uai_GSCC_n200_roFalse_s0: Saving results to ../results/synthetic/s123/random_mc2_n5_mid3_d1000_05_mr098_r10_195_uai_GSCC_n200_roFalse_s0.csv
2026-02-02 16:18:58,232|INFO|random_mc2_n6_mid3_d1000_05_mr098_r10_137_uai_GSCC_n200_roTrue_s0: [0.1908,0.2916]	 16 runs	 rmse=0.19194	 T_learn=4215 ms. 	 T_infer=210 ms.
2026-02-02 16:18:58,237|INFO|random_mc2_n6_mid3_d1000_05_mr098_r10_137_uai_GSCC_n200_roTrue_s0: Saving results to ../results/synthetic/s123/random_mc2_n6_mid3_d1000_05_mr098_r10_137_uai_GSCC_n200_roTrue_s0.csv
2026-02-02 16:18:58,302|INFO|random_mc2_n5_mid3_d1000_05_mr098_r10_169_uai_GSCC_n200_roTrue_s0: [0.1389,0.2719]	 161 runs	 rmse=0.22816	 T_learn=19955 ms. 	 T_infer=1841 ms.
2026-02-02 16:18:58,310|INFO|random_mc2_n5_mid3_d1000_05_mr098_r10_169_uai_GSCC_n200_roTrue_s0: Saving results to ../results/synthetic/s123/random_mc2_n5_mid3_d1000_05_mr098_r10_169_uai_GSCC_n200_roTrue_s0.csv
2026-02-02 16:18:58,311|INFO|random_mc2_n5_mid3_d1000_05_mr098_r10_190_uai_GSCC_n200_roTrue_s0: [0.0389,0.0746]	 93 runs	 rmse=0.07999	 T_learn=18669 ms. 	 T_infer=2599 ms.
2026-02-02 16:18:58,317|INFO|random_mc2_n5_mid3_d1000_05_mr098_r10_190_uai_GSCC_n200_roTrue_s0: Saving results to ../results/synthetic/s123/random_mc2_n5_mid3_d1000_05_mr098_r10_190_uai_GSCC_n200_roTrue_s0.csv
2026-02-02 16:18:58,507|INFO|random_mc2_n6_mid3_d1000_05_mr098_r10_137_uai_GSCC_n200_roTrue_s0: [0.1908,0.2916]	 17 runs	 rmse=0.19194	 T_learn=4261 ms. 	 T_infer=224 ms.
2026-02-02 16:18:58,511|INFO|random_mc2_n6_mid3_d1000_05_mr098_r10_137_uai_GSCC_n200_roTrue_s0: Saving results to ../results/synthetic/s123/random_mc2_n6_mid3_d1000_05_mr098_r10_137_uai_GSCC_n200_roTrue_s0.csv
2026-02-02 16:18:58,645|INFO|random_mc2_n5_mid3_d1000_05_mr098_r10_74_uai_GSCC_n200_roTrue_s0: [0.3175,0.3975]	 56 runs	 rmse=0.13136	 T_learn=24766 ms. 	 T_infer=4464 ms.
2026-02-02 16:18:58,650|INFO|random_mc2_n5_mid3_d1000_05_mr098_r10_74_uai_GSCC_n200_roTrue_s0: Saving results to ../results/synthetic/s123/random_mc2_n5_mid3_d1000_05_mr098_r10_74_uai_GSCC_n200_roTrue_s0.csv
2026-02-02 16:18:58,729|INFO|random_mc2_n8_mid3_d1000_05_mr098_r10_3_uai_GSCC_n200_roTrue_s0: [0.0235,0.0355]	 19 runs	 rmse=0.03995	 T_learn=12011 ms. 	 T_infer=1377 ms.
2026-02-02 16:18:58,733|INFO|random_mc2_n8_mid3_d1000_05_mr098_r10_3_uai_GSCC_n200_roTrue_s0: Saving results to ../results/synthetic/s123/random_mc2_n8_mid3_d1000_05_mr098_r10_3_uai_GSCC_n200_roTrue_s0.csv
2026-02-02 16:18:58,794|INFO|random_mc2_n6_mid3_d1000_05_mr098_r10_137_uai_GSCC_n200_roTrue_s0: [0.1908,0.2916]	 18 runs	 rmse=0.19194	 T_learn=4308 ms. 	 T_infer=236 ms.
2026-02-02 16:18:58,798|INFO|random_mc2_n6_mid3_d1000_05_mr098_r10_137_uai_GSCC_n200_roTrue_s0: Saving results to ../results/synthetic/s123/random_mc2_n6_mid3_d1000_05_mr098_r10_137_uai_GSCC_n200_roTrue_s0.csv
2026-02-02 16:18:59,030|INFO|random_mc2_n5_mid3_d1000_05_mr098_r10_63_uai_GSCC_n200_roTrue_s0: [0.0001,0.1148]	 114 runs	 rmse=0.05543	 T_learn=12752 ms. 	 T_infer=1612 ms.
2026-02-02 16:18:59,036|INFO|random_mc2_n5_mid3_d1000_05_mr098_r10_63_uai_GSCC_n200_roTrue_s0: Saving results to ../results/synthetic/s123/random_mc2_n5_mid3_d1000_05_mr098_r10_63_uai_GSCC_n200_roTrue_s0.csv
2026-02-02 16:18:59,097|INFO|random_mc2_n6_mid3_d1000_05_mr098_r10_137_uai_GSCC_n200_roTrue_s0: [0.1908,0.2916]	 19 runs	 rmse=0.19194	 T_learn=4358 ms. 	 T_infer=249 ms.
2026-02-02 16:18:59,101|INFO|random_mc2_n6_mid3_d1000_05_mr098_r10_137_uai_GSCC_n200_roTrue_s0: Saving results to ../results/synthetic/s123/random_mc2_n6_mid3_d1000_05_mr098_r10_137_uai_GSCC_n200_roTrue_s0.csv
2026-02-02 16:18:59,345|INFO|random_mc2_n6_mid3_d1000_05_mr098_r10_71_uai_GSCC_n200_roFalse_s0: [0.5153,0.6281]	 80 runs	 rmse=0.02577	 T_learn=32076 ms. 	 T_infer=4385 ms.
2026-02-02 16:18:59,352|INFO|random_mc2_n6_mid3_d1000_05_mr098_r10_71_uai_GSCC_n200_roFalse_s0: Saving results to ../results/synthetic/s123/random_mc2_n6_mid3_d1000_05_mr098_r10_71_uai_GSCC_n200_roFalse_s0.csv
2026-02-02 16:18:59,416|INFO|random_mc2_n6_mid3_d1000_05_mr098_r10_137_uai_GSCC_n200_roTrue_s0: [0.1908,0.2916]	 20 runs	 rmse=0.19194	 T_learn=4409 ms. 	 T_infer=263 ms.
2026-02-02 16:18:59,421|INFO|random_mc2_n6_mid3_d1000_05_mr098_r10_137_uai_GSCC_n200_roTrue_s0: Saving results to ../results/synthetic/s123/random_mc2_n6_mid3_d1000_05_mr098_r10_137_uai_GSCC_n200_roTrue_s0.csv
2026-02-02 16:18:59,748|INFO|random_mc2_n6_mid3_d1000_05_mr098_r10_137_uai_GSCC_n200_roTrue_s0: [0.1908,0.2916]	 21 runs	 rmse=0.19194	 T_learn=4462 ms. 	 T_infer=274 ms.
2026-02-02 16:18:59,753|INFO|random_mc2_n6_mid3_d1000_05_mr098_r10_137_uai_GSCC_n200_roTrue_s0: Saving results to ../results/synthetic/s123/random_mc2_n6_mid3_d1000_05_mr098_r10_137_uai_GSCC_n200_roTrue_s0.csv
2026-02-02 16:18:59,980|INFO|random_mc2_n5_mid3_d1000_05_mr098_r10_137_uai_GSCC_n200_roFalse_s0: [0.3436,0.4201]	 91 runs	 rmse=0.03004	 T_learn=22748 ms. 	 T_infer=2766 ms.
2026-02-02 16:18:59,986|INFO|random_mc2_n5_mid3_d1000_05_mr098_r10_137_uai_GSCC_n200_roFalse_s0: Saving results to ../results/synthetic/s123/random_mc2_n5_mid3_d1000_05_mr098_r10_137_uai_GSCC_n200_roFalse_s0.csv
2026-02-02 16:19:00,090|INFO|random_mc2_n7_mid3_d1000_05_mr098_r10_65_uai_GSCC_n200_roTrue_s0: [0.1684,0.2121]	 49 runs	 rmse=0.01652	 T_learn=18562 ms. 	 T_infer=3123 ms.
2026-02-02 16:19:00,097|INFO|random_mc2_n6_mid3_d1000_05_mr098_r10_137_uai_GSCC_n200_roTrue_s0: [0.1908,0.2916]	 22 runs	 rmse=0.19194	 T_learn=4514 ms. 	 T_infer=291 ms.
2026-02-02 16:19:00,097|INFO|random_mc2_n7_mid3_d1000_05_mr098_r10_65_uai_GSCC_n200_roTrue_s0: Saving results to ../results/synthetic/s123/random_mc2_n7_mid3_d1000_05_mr098_r10_65_uai_GSCC_n200_roTrue_s0.csv
2026-02-02 16:19:00,102|INFO|random_mc2_n6_mid3_d1000_05_mr098_r10_137_uai_GSCC_n200_roTrue_s0: Saving results to ../results/synthetic/s123/random_mc2_n6_mid3_d1000_05_mr098_r10_137_uai_GSCC_n200_roTrue_s0.csv
2026-02-02 16:19:00,129|INFO|random_mc2_n6_mid3_d1000_05_mr098_r10_158_uai_GSCC_n200_roFalse_s0: [0.0210,0.0370]	 100 runs	 rmse=0.03456	 T_learn=20210 ms. 	 T_infer=2578 ms.
2026-02-02 16:19:00,135|INFO|random_mc2_n6_mid3_d1000_05_mr098_r10_158_uai_GSCC_n200_roFalse_s0: Saving results to ../results/synthetic/s123/random_mc2_n6_mid3_d1000_05_mr098_r10_158_uai_GSCC_n200_roFalse_s0.csv
2026-02-02 16:19:00,181|INFO|random_mc2_n5_mid3_d1000_05_mr098_r10_195_uai_GSCC_n200_roFalse_s0: [0.0785,0.1949]	 119 runs	 rmse=0.16576	 T_learn=17747 ms. 	 T_infer=1975 ms.
2026-02-02 16:19:00,186|INFO|random_mc2_n5_mid3_d1000_05_mr098_r10_195_uai_GSCC_n200_roFalse_s0: Saving results to ../results/synthetic/s123/random_mc2_n5_mid3_d1000_05_mr098_r10_195_uai_GSCC_n200_roFalse_s0.csv
2026-02-02 16:19:00,200|INFO|random_mc2_n5_mid3_d1000_05_mr098_r10_169_uai_GSCC_n200_roTrue_s0: [0.1389,0.2719]	 162 runs	 rmse=0.22816	 T_learn=20141 ms. 	 T_infer=1702 ms.
2026-02-02 16:19:00,207|INFO|random_mc2_n5_mid3_d1000_05_mr098_r10_169_uai_GSCC_n200_roTrue_s0: Saving results to ../results/synthetic/s123/random_mc2_n5_mid3_d1000_05_mr098_r10_169_uai_GSCC_n200_roTrue_s0.csv
2026-02-02 16:19:00,342|INFO|random_mc2_n7_mid3_d1000_05_mr098_r10_6_uai_GSCC_n200_roFalse_s0: [0.0078,0.0319]	 38 runs	 rmse=0.00851	 T_learn=21575 ms. 	 T_infer=3888 ms.
2026-02-02 16:19:00,347|INFO|random_mc2_n7_mid3_d1000_05_mr098_r10_6_uai_GSCC_n200_roFalse_s0: Saving results to ../results/synthetic/s123/random_mc2_n7_mid3_d1000_05_mr098_r10_6_uai_GSCC_n200_roFalse_s0.csv
2026-02-02 16:19:00,357|INFO|random_mc2_n5_mid3_d1000_05_mr098_r10_102_uai_GSCC_n200_roTrue_s0: [0.3034,0.4775]	 114 runs	 rmse=0.04047	 T_learn=22052 ms. 	 T_infer=2994 ms.
2026-02-02 16:19:00,362|INFO|random_mc2_n5_mid3_d1000_05_mr098_r10_102_uai_GSCC_n200_roTrue_s0: Saving results to ../results/synthetic/s123/random_mc2_n5_mid3_d1000_05_mr098_r10_102_uai_GSCC_n200_roTrue_s0.csv
2026-02-02 16:19:00,381|INFO|random_mc2_n5_mid3_d1000_05_mr098_r10_188_uai_GSCC_n200_roFalse_s0: [0.0011,0.0124]	 89 runs	 rmse=0.03702	 T_learn=14661 ms. 	 T_infer=2199 ms.
2026-02-02 16:19:00,387|INFO|random_mc2_n5_mid3_d1000_05_mr098_r10_188_uai_GSCC_n200_roFalse_s0: Saving results to ../results/synthetic/s123/random_mc2_n5_mid3_d1000_05_mr098_r10_188_uai_GSCC_n200_roFalse_s0.csv
2026-02-02 16:19:00,392|INFO|random_mc2_n8_mid3_d1000_05_mr098_r10_3_uai_GSCC_n200_roTrue_s0: [0.0235,0.0355]	 20 runs	 rmse=0.03995	 T_learn=12226 ms. 	 T_infer=1444 ms.
2026-02-02 16:19:00,397|INFO|random_mc2_n8_mid3_d1000_05_mr098_r10_3_uai_GSCC_n200_roTrue_s0: Saving results to ../results/synthetic/s123/random_mc2_n8_mid3_d1000_05_mr098_r10_3_uai_GSCC_n200_roTrue_s0.csv
2026-02-02 16:19:00,458|INFO|random_mc2_n6_mid3_d1000_05_mr098_r10_137_uai_GSCC_n200_roTrue_s0: [0.1908,0.2916]	 23 runs	 rmse=0.19194	 T_learn=4569 ms. 	 T_infer=301 ms.
2026-02-02 16:19:00,462|INFO|random_mc2_n6_mid3_d1000_05_mr098_r10_137_uai_GSCC_n200_roTrue_s0: Saving results to ../results/synthetic/s123/random_mc2_n6_mid3_d1000_05_mr098_r10_137_uai_GSCC_n200_roTrue_s0.csv
2026-02-02 16:19:00,469|INFO|random_mc2_n5_mid3_d1000_05_mr098_r10_31_uai_GSCC_n200_roTrue_s0: [0.0782,0.1423]	 114 runs	 rmse=0.13626	 T_learn=23582 ms. 	 T_infer=2510 ms.
2026-02-02 16:19:00,474|INFO|random_mc2_n5_mid3_d1000_05_mr098_r10_31_uai_GSCC_n200_roTrue_s0: Saving results to ../results/synthetic/s123/random_mc2_n5_mid3_d1000_05_mr098_r10_31_uai_GSCC_n200_roTrue_s0.csv
2026-02-02 16:19:00,775|INFO|random_mc2_n6_mid3_d1000_05_mr098_r10_169_uai_GSCC_n200_roFalse_s0: [0.0076,0.0314]	 109 runs	 rmse=0.01145	 T_learn=27990 ms. 	 T_infer=3296 ms.
2026-02-02 16:19:00,782|INFO|random_mc2_n6_mid3_d1000_05_mr098_r10_169_uai_GSCC_n200_roFalse_s0: Saving results to ../results/synthetic/s123/random_mc2_n6_mid3_d1000_05_mr098_r10_169_uai_GSCC_n200_roFalse_s0.csv
2026-02-02 16:19:00,782|INFO|random_mc2_n5_mid3_d1000_05_mr098_r10_44_uai_GSCC_n200_roFalse_s0: [0.0156,0.0352]	 85 runs	 rmse=0.00699	 T_learn=29687 ms. 	 T_infer=4363 ms.
2026-02-02 16:19:00,787|INFO|random_mc2_n5_mid3_d1000_05_mr098_r10_44_uai_GSCC_n200_roFalse_s0: Saving results to ../results/synthetic/s123/random_mc2_n5_mid3_d1000_05_mr098_r10_44_uai_GSCC_n200_roFalse_s0.csv
2026-02-02 16:19:00,795|INFO|random_mc2_n5_mid3_d1000_05_mr098_r10_63_uai_GSCC_n200_roTrue_s0: [0.0001,0.1148]	 115 runs	 rmse=0.05543	 T_learn=12893 ms. 	 T_infer=1617 ms.
2026-02-02 16:19:00,801|INFO|random_mc2_n5_mid3_d1000_05_mr098_r10_63_uai_GSCC_n200_roTrue_s0: Saving results to ../results/synthetic/s123/random_mc2_n5_mid3_d1000_05_mr098_r10_63_uai_GSCC_n200_roTrue_s0.csv
2026-02-02 16:19:00,831|INFO|random_mc2_n6_mid3_d1000_05_mr098_r10_137_uai_GSCC_n200_roTrue_s0: [0.1908,0.2916]	 24 runs	 rmse=0.19194	 T_learn=4625 ms. 	 T_infer=313 ms.
2026-02-02 16:19:00,835|INFO|random_mc2_n6_mid3_d1000_05_mr098_r10_137_uai_GSCC_n200_roTrue_s0: Saving results to ../results/synthetic/s123/random_mc2_n6_mid3_d1000_05_mr098_r10_137_uai_GSCC_n200_roTrue_s0.csv
2026-02-02 16:19:01,073|INFO|random_mc2_n5_mid3_d1000_05_mr098_r10_190_uai_GSCC_n200_roTrue_s0: [0.0389,0.0746]	 94 runs	 rmse=0.07999	 T_learn=18923 ms. 	 T_infer=2503 ms.
2026-02-02 16:19:01,079|INFO|random_mc2_n5_mid3_d1000_05_mr098_r10_190_uai_GSCC_n200_roTrue_s0: Saving results to ../results/synthetic/s123/random_mc2_n5_mid3_d1000_05_mr098_r10_190_uai_GSCC_n200_roTrue_s0.csv
2026-02-02 16:19:01,081|INFO|random_mc2_n6_mid3_d1000_05_mr098_r10_144_uai_GSCC_n200_roTrue_s0: [0.0139,0.0222]	 64 runs	 rmse=0.01452	 T_learn=19074 ms. 	 T_infer=3243 ms.
2026-02-02 16:19:01,086|INFO|random_mc2_n6_mid3_d1000_05_mr098_r10_144_uai_GSCC_n200_roTrue_s0: Saving results to ../results/synthetic/s123/random_mc2_n6_mid3_d1000_05_mr098_r10_144_uai_GSCC_n200_roTrue_s0.csv
2026-02-02 16:19:01,219|INFO|random_mc2_n6_mid3_d1000_05_mr098_r10_137_uai_GSCC_n200_roTrue_s0: [0.1908,0.2916]	 25 runs	 rmse=0.19194	 T_learn=4681 ms. 	 T_infer=327 ms.
2026-02-02 16:19:01,224|INFO|random_mc2_n6_mid3_d1000_05_mr098_r10_137_uai_GSCC_n200_roTrue_s0: Saving results to ../results/synthetic/s123/random_mc2_n6_mid3_d1000_05_mr098_r10_137_uai_GSCC_n200_roTrue_s0.csv
2026-02-02 16:19:01,625|INFO|random_mc2_n6_mid3_d1000_05_mr098_r10_137_uai_GSCC_n200_roTrue_s0: [0.1908,0.2916]	 26 runs	 rmse=0.19194	 T_learn=4740 ms. 	 T_infer=343 ms.
2026-02-02 16:19:01,630|INFO|random_mc2_n6_mid3_d1000_05_mr098_r10_137_uai_GSCC_n200_roTrue_s0: Saving results to ../results/synthetic/s123/random_mc2_n6_mid3_d1000_05_mr098_r10_137_uai_GSCC_n200_roTrue_s0.csv
2026-02-02 16:19:01,634|INFO|random_mc2_n5_mid3_d1000_05_mr098_r10_141_uai_GSCC_n200_roTrue_s0: [0.0722,0.1946]	 93 runs	 rmse=0.07919	 T_learn=30072 ms. 	 T_infer=3856 ms.
2026-02-02 16:19:01,640|INFO|random_mc2_n5_mid3_d1000_05_mr098_r10_141_uai_GSCC_n200_roTrue_s0: Saving results to ../results/synthetic/s123/random_mc2_n5_mid3_d1000_05_mr098_r10_141_uai_GSCC_n200_roTrue_s0.csv
2026-02-02 16:19:02,047|INFO|random_mc2_n6_mid3_d1000_05_mr098_r10_137_uai_GSCC_n200_roTrue_s0: [0.1908,0.2916]	 27 runs	 rmse=0.19194	 T_learn=4802 ms. 	 T_infer=356 ms.
2026-02-02 16:19:02,052|INFO|random_mc2_n6_mid3_d1000_05_mr098_r10_137_uai_GSCC_n200_roTrue_s0: Saving results to ../results/synthetic/s123/random_mc2_n6_mid3_d1000_05_mr098_r10_137_uai_GSCC_n200_roTrue_s0.csv
2026-02-02 16:19:02,110|INFO|random_mc2_n5_mid3_d1000_05_mr098_r10_169_uai_GSCC_n200_roTrue_s0: [0.1389,0.2719]	 163 runs	 rmse=0.22816	 T_learn=20330 ms. 	 T_infer=1714 ms.
2026-02-02 16:19:02,117|INFO|random_mc2_n5_mid3_d1000_05_mr098_r10_169_uai_GSCC_n200_roTrue_s0: Saving results to ../results/synthetic/s123/random_mc2_n5_mid3_d1000_05_mr098_r10_169_uai_GSCC_n200_roTrue_s0.csv
2026-02-02 16:19:02,137|INFO|random_mc2_n8_mid3_d1000_05_mr098_r10_3_uai_GSCC_n200_roTrue_s0: [0.0235,0.0355]	 21 runs	 rmse=0.03995	 T_learn=12447 ms. 	 T_infer=1518 ms.
2026-02-02 16:19:02,141|INFO|random_mc2_n8_mid3_d1000_05_mr098_r10_3_uai_GSCC_n200_roTrue_s0: Saving results to ../results/synthetic/s123/random_mc2_n8_mid3_d1000_05_mr098_r10_3_uai_GSCC_n200_roTrue_s0.csv
2026-02-02 16:19:02,349|INFO|random_mc2_n6_mid3_d1000_05_mr098_r10_28_uai_GSCC_n200_roFalse_s0: [0.4503,0.5484]	 81 runs	 rmse=0.08921	 T_learn=29804 ms. 	 T_infer=4238 ms.
2026-02-02 16:19:02,355|INFO|random_mc2_n6_mid3_d1000_05_mr098_r10_28_uai_GSCC_n200_roFalse_s0: Saving results to ../results/synthetic/s123/random_mc2_n6_mid3_d1000_05_mr098_r10_28_uai_GSCC_n200_roFalse_s0.csv
2026-02-02 16:19:02,380|INFO|random_mc2_n5_mid3_d1000_05_mr098_r10_195_uai_GSCC_n200_roFalse_s0: [0.0785,0.1949]	 120 runs	 rmse=0.16576	 T_learn=17944 ms. 	 T_infer=1996 ms.
2026-02-02 16:19:02,387|INFO|random_mc2_n5_mid3_d1000_05_mr098_r10_195_uai_GSCC_n200_roFalse_s0: Saving results to ../results/synthetic/s123/random_mc2_n5_mid3_d1000_05_mr098_r10_195_uai_GSCC_n200_roFalse_s0.csv
2026-02-02 16:19:02,475|INFO|random_mc2_n6_mid3_d1000_05_mr098_r10_72_uai_GSCC_n200_roTrue_s0: [0.0627,0.0977]	 85 runs	 rmse=0.04881	 T_learn=33703 ms. 	 T_infer=4285 ms.
2026-02-02 16:19:02,480|INFO|random_mc2_n6_mid3_d1000_05_mr098_r10_72_uai_GSCC_n200_roTrue_s0: Saving results to ../results/synthetic/s123/random_mc2_n6_mid3_d1000_05_mr098_r10_72_uai_GSCC_n200_roTrue_s0.csv
2026-02-02 16:19:02,483|INFO|random_mc2_n6_mid3_d1000_05_mr098_r10_137_uai_GSCC_n200_roTrue_s0: [0.1908,0.2916]	 28 runs	 rmse=0.19194	 T_learn=4863 ms. 	 T_infer=369 ms.
2026-02-02 16:19:02,488|INFO|random_mc2_n6_mid3_d1000_05_mr098_r10_137_uai_GSCC_n200_roTrue_s0: Saving results to ../results/synthetic/s123/random_mc2_n6_mid3_d1000_05_mr098_r10_137_uai_GSCC_n200_roTrue_s0.csv
2026-02-02 16:19:02,578|INFO|random_mc2_n5_mid3_d1000_05_mr098_r10_63_uai_GSCC_n200_roTrue_s0: [0.0001,0.1148]	 116 runs	 rmse=0.05543	 T_learn=13034 ms. 	 T_infer=1636 ms.
2026-02-02 16:19:02,583|INFO|random_mc2_n5_mid3_d1000_05_mr098_r10_63_uai_GSCC_n200_roTrue_s0: Saving results to ../results/synthetic/s123/random_mc2_n5_mid3_d1000_05_mr098_r10_63_uai_GSCC_n200_roTrue_s0.csv
2026-02-02 16:19:02,669|INFO|random_mc2_n5_mid3_d1000_05_mr098_r10_188_uai_GSCC_n200_roFalse_s0: [0.0011,0.0124]	 90 runs	 rmse=0.03702	 T_learn=14843 ms. 	 T_infer=2099 ms.
2026-02-02 16:19:02,673|INFO|random_mc2_n5_mid3_d1000_05_mr098_r10_188_uai_GSCC_n200_roFalse_s0: Saving results to ../results/synthetic/s123/random_mc2_n5_mid3_d1000_05_mr098_r10_188_uai_GSCC_n200_roFalse_s0.csv
2026-02-02 16:19:02,936|INFO|random_mc2_n6_mid3_d1000_05_mr098_r10_137_uai_GSCC_n200_roTrue_s0: [0.1908,0.2916]	 29 runs	 rmse=0.19194	 T_learn=4926 ms. 	 T_infer=385 ms.
2026-02-02 16:19:02,940|INFO|random_mc2_n6_mid3_d1000_05_mr098_r10_137_uai_GSCC_n200_roTrue_s0: Saving results to ../results/synthetic/s123/random_mc2_n6_mid3_d1000_05_mr098_r10_137_uai_GSCC_n200_roTrue_s0.csv
2026-02-02 16:19:03,000|INFO|random_mc2_n6_mid3_d1000_05_mr098_r10_158_uai_GSCC_n200_roFalse_s0: [0.0202,0.0370]	 101 runs	 rmse=0.03406	 T_learn=20470 ms. 	 T_infer=2604 ms.
2026-02-02 16:19:03,005|INFO|random_mc2_n6_mid3_d1000_05_mr098_r10_158_uai_GSCC_n200_roFalse_s0: Saving results to ../results/synthetic/s123/random_mc2_n6_mid3_d1000_05_mr098_r10_158_uai_GSCC_n200_roFalse_s0.csv
2026-02-02 16:19:03,146|INFO|random_mc2_n5_mid3_d1000_05_mr098_r10_137_uai_GSCC_n200_roFalse_s0: [0.3436,0.4201]	 92 runs	 rmse=0.03004	 T_learn=23103 ms. 	 T_infer=2804 ms.
2026-02-02 16:19:03,152|INFO|random_mc2_n5_mid3_d1000_05_mr098_r10_137_uai_GSCC_n200_roFalse_s0: Saving results to ../results/synthetic/s123/random_mc2_n5_mid3_d1000_05_mr098_r10_137_uai_GSCC_n200_roFalse_s0.csv
2026-02-02 16:19:03,310|INFO|random_mc2_n5_mid3_d1000_05_mr098_r10_31_uai_GSCC_n200_roTrue_s0: [0.0769,0.1423]	 115 runs	 rmse=0.13555	 T_learn=23880 ms. 	 T_infer=2537 ms.
2026-02-02 16:19:03,317|INFO|random_mc2_n5_mid3_d1000_05_mr098_r10_31_uai_GSCC_n200_roTrue_s0: Saving results to ../results/synthetic/s123/random_mc2_n5_mid3_d1000_05_mr098_r10_31_uai_GSCC_n200_roTrue_s0.csv
2026-02-02 16:19:03,396|INFO|random_mc2_n6_mid3_d1000_05_mr098_r10_137_uai_GSCC_n200_roTrue_s0: [0.1908,0.2916]	 30 runs	 rmse=0.19194	 T_learn=4990 ms. 	 T_infer=391 ms.
2026-02-02 16:19:03,401|INFO|random_mc2_n6_mid3_d1000_05_mr098_r10_137_uai_GSCC_n200_roTrue_s0: Saving results to ../results/synthetic/s123/random_mc2_n6_mid3_d1000_05_mr098_r10_137_uai_GSCC_n200_roTrue_s0.csv
2026-02-02 16:19:03,514|INFO|random_mc2_n5_mid3_d1000_05_mr098_r10_102_uai_GSCC_n200_roTrue_s0: [0.3034,0.4775]	 115 runs	 rmse=0.04047	 T_learn=22317 ms. 	 T_infer=2886 ms.
2026-02-02 16:19:03,520|INFO|random_mc2_n5_mid3_d1000_05_mr098_r10_102_uai_GSCC_n200_roTrue_s0: Saving results to ../results/synthetic/s123/random_mc2_n5_mid3_d1000_05_mr098_r10_102_uai_GSCC_n200_roTrue_s0.csv
2026-02-02 16:19:03,671|INFO|random_mc2_n7_mid3_d1000_05_mr098_r10_65_uai_GSCC_n200_roTrue_s0: [0.1633,0.2121]	 50 runs	 rmse=0.01145	 T_learn=18948 ms. 	 T_infer=3187 ms.
2026-02-02 16:19:03,676|INFO|random_mc2_n7_mid3_d1000_05_mr098_r10_65_uai_GSCC_n200_roTrue_s0: Saving results to ../results/synthetic/s123/random_mc2_n7_mid3_d1000_05_mr098_r10_65_uai_GSCC_n200_roTrue_s0.csv
2026-02-02 16:19:03,817|INFO|random_mc2_n5_mid3_d1000_05_mr098_r10_74_uai_GSCC_n200_roTrue_s0: [0.3175,0.3975]	 57 runs	 rmse=0.13136	 T_learn=25400 ms. 	 T_infer=4533 ms.
2026-02-02 16:19:03,822|INFO|random_mc2_n5_mid3_d1000_05_mr098_r10_74_uai_GSCC_n200_roTrue_s0: Saving results to ../results/synthetic/s123/random_mc2_n5_mid3_d1000_05_mr098_r10_74_uai_GSCC_n200_roTrue_s0.csv
2026-02-02 16:19:03,871|INFO|random_mc2_n6_mid3_d1000_05_mr098_r10_137_uai_GSCC_n200_roTrue_s0: [0.1908,0.2916]	 31 runs	 rmse=0.19194	 T_learn=5057 ms. 	 T_infer=404 ms.
2026-02-02 16:19:03,872|INFO|random_mc2_n5_mid3_d1000_05_mr098_r10_190_uai_GSCC_n200_roTrue_s0: [0.0389,0.0746]	 95 runs	 rmse=0.07999	 T_learn=19180 ms. 	 T_infer=2536 ms.
2026-02-02 16:19:03,876|INFO|random_mc2_n6_mid3_d1000_05_mr098_r10_137_uai_GSCC_n200_roTrue_s0: Saving results to ../results/synthetic/s123/random_mc2_n6_mid3_d1000_05_mr098_r10_137_uai_GSCC_n200_roTrue_s0.csv
2026-02-02 16:19:03,878|INFO|random_mc2_n5_mid3_d1000_05_mr098_r10_190_uai_GSCC_n200_roTrue_s0: Saving results to ../results/synthetic/s123/random_mc2_n5_mid3_d1000_05_mr098_r10_190_uai_GSCC_n200_roTrue_s0.csv
2026-02-02 16:19:03,963|INFO|random_mc2_n8_mid3_d1000_05_mr098_r10_3_uai_GSCC_n200_roTrue_s0: [0.0235,0.0355]	 22 runs	 rmse=0.03995	 T_learn=12677 ms. 	 T_infer=1592 ms.
2026-02-02 16:19:03,967|INFO|random_mc2_n8_mid3_d1000_05_mr098_r10_3_uai_GSCC_n200_roTrue_s0: Saving results to ../results/synthetic/s123/random_mc2_n8_mid3_d1000_05_mr098_r10_3_uai_GSCC_n200_roTrue_s0.csv
2026-02-02 16:19:04,035|INFO|random_mc2_n5_mid3_d1000_05_mr098_r10_169_uai_GSCC_n200_roTrue_s0: [0.1389,0.2719]	 164 runs	 rmse=0.22816	 T_learn=20523 ms. 	 T_infer=1725 ms.
2026-02-02 16:19:04,043|INFO|random_mc2_n5_mid3_d1000_05_mr098_r10_169_uai_GSCC_n200_roTrue_s0: Saving results to ../results/synthetic/s123/random_mc2_n5_mid3_d1000_05_mr098_r10_169_uai_GSCC_n200_roTrue_s0.csv
2026-02-02 16:19:04,364|INFO|random_mc2_n6_mid3_d1000_05_mr098_r10_137_uai_GSCC_n200_roTrue_s0: [0.1908,0.2916]	 32 runs	 rmse=0.19194	 T_learn=5123 ms. 	 T_infer=422 ms.
2026-02-02 16:19:04,368|INFO|random_mc2_n6_mid3_d1000_05_mr098_r10_137_uai_GSCC_n200_roTrue_s0: Saving results to ../results/synthetic/s123/random_mc2_n6_mid3_d1000_05_mr098_r10_137_uai_GSCC_n200_roTrue_s0.csv
2026-02-02 16:19:04,376|INFO|random_mc2_n6_mid3_d1000_05_mr098_r10_71_uai_GSCC_n200_roFalse_s0: [0.5153,0.6281]	 81 runs	 rmse=0.02577	 T_learn=32670 ms. 	 T_infer=4429 ms.
2026-02-02 16:19:04,381|INFO|random_mc2_n6_mid3_d1000_05_mr098_r10_71_uai_GSCC_n200_roFalse_s0: Saving results to ../results/synthetic/s123/random_mc2_n6_mid3_d1000_05_mr098_r10_71_uai_GSCC_n200_roFalse_s0.csv
2026-02-02 16:19:04,470|INFO|random_mc2_n6_mid3_d1000_05_mr098_r10_169_uai_GSCC_n200_roFalse_s0: [0.0076,0.0314]	 110 runs	 rmse=0.01145	 T_learn=28337 ms. 	 T_infer=3342 ms.
2026-02-02 16:19:04,476|INFO|random_mc2_n6_mid3_d1000_05_mr098_r10_169_uai_GSCC_n200_roFalse_s0: Saving results to ../results/synthetic/s123/random_mc2_n6_mid3_d1000_05_mr098_r10_169_uai_GSCC_n200_roFalse_s0.csv
2026-02-02 16:19:04,502|INFO|random_mc2_n5_mid3_d1000_05_mr098_r10_63_uai_GSCC_n200_roTrue_s0: [0.0001,0.1148]	 117 runs	 rmse=0.05543	 T_learn=13178 ms. 	 T_infer=1774 ms.
2026-02-02 16:19:04,507|INFO|random_mc2_n5_mid3_d1000_05_mr098_r10_63_uai_GSCC_n200_roTrue_s0: Saving results to ../results/synthetic/s123/random_mc2_n5_mid3_d1000_05_mr098_r10_63_uai_GSCC_n200_roTrue_s0.csv
2026-02-02 16:19:04,735|INFO|random_mc2_n5_mid3_d1000_05_mr098_r10_195_uai_GSCC_n200_roFalse_s0: [0.0785,0.1949]	 121 runs	 rmse=0.16576	 T_learn=18145 ms. 	 T_infer=2147 ms.
2026-02-02 16:19:04,740|INFO|random_mc2_n5_mid3_d1000_05_mr098_r10_195_uai_GSCC_n200_roFalse_s0: Saving results to ../results/synthetic/s123/random_mc2_n5_mid3_d1000_05_mr098_r10_195_uai_GSCC_n200_roFalse_s0.csv
2026-02-02 16:19:04,769|INFO|random_mc2_n5_mid3_d1000_05_mr098_r10_46_uai_GSCC_n200_roFalse_s0: Loading model from ../models/synthetic/s123/random_mc2_n5_mid3_d1000_05_mr098_r10_46.uai
2026-02-02 16:19:04,783|INFO|random_mc2_n6_mid3_d1000_05_mr098_r10_144_uai_GSCC_n200_roTrue_s0: [0.0139,0.0222]	 65 runs	 rmse=0.01452	 T_learn=19468 ms. 	 T_infer=3303 ms.
2026-02-02 16:19:04,788|INFO|random_mc2_n6_mid3_d1000_05_mr098_r10_144_uai_GSCC_n200_roTrue_s0: Saving results to ../results/synthetic/s123/random_mc2_n6_mid3_d1000_05_mr098_r10_144_uai_GSCC_n200_roTrue_s0.csv
2026-02-02 16:19:04,779|INFO|random_mc2_n5_mid3_d1000_05_mr098_r10_46_uai_GSCC_n200_roFalse_s0: Loading data from ../models/synthetic/s123/random_mc2_n5_mid3_d1000_05_mr098_r10_46.csv
2026-02-02 16:19:04,789|INFO|random_mc2_n5_mid3_d1000_05_mr098_r10_46_uai_GSCC_n200_roFalse_s0: PNS(V0,V4) exact: (0.6100050528559042, 0.6100050528559042)
2026-02-02 16:19:04,872|INFO|random_mc2_n6_mid3_d1000_05_mr098_r10_137_uai_GSCC_n200_roTrue_s0: [0.1908,0.2916]	 33 runs	 rmse=0.19194	 T_learn=5192 ms. 	 T_infer=435 ms.
2026-02-02 16:19:04,877|INFO|random_mc2_n6_mid3_d1000_05_mr098_r10_137_uai_GSCC_n200_roTrue_s0: Saving results to ../results/synthetic/s123/random_mc2_n6_mid3_d1000_05_mr098_r10_137_uai_GSCC_n200_roTrue_s0.csv
2026-02-02 16:19:04,989|INFO|random_mc2_n5_mid3_d1000_05_mr098_r10_188_uai_GSCC_n200_roFalse_s0: [0.0011,0.0124]	 91 runs	 rmse=0.03702	 T_learn=15027 ms. 	 T_infer=2131 ms.
2026-02-02 16:19:04,994|INFO|random_mc2_n5_mid3_d1000_05_mr098_r10_188_uai_GSCC_n200_roFalse_s0: Saving results to ../results/synthetic/s123/random_mc2_n5_mid3_d1000_05_mr098_r10_188_uai_GSCC_n200_roFalse_s0.csv
2026-02-02 16:19:05,043|INFO|random_mc2_n7_mid3_d1000_05_mr098_r10_6_uai_GSCC_n200_roFalse_s0: [0.0078,0.0319]	 39 runs	 rmse=0.00851	 T_learn=22126 ms. 	 T_infer=4145 ms.
2026-02-02 16:19:05,079|INFO|random_mc2_n7_mid3_d1000_05_mr098_r10_6_uai_GSCC_n200_roFalse_s0: Saving results to ../results/synthetic/s123/random_mc2_n7_mid3_d1000_05_mr098_r10_6_uai_GSCC_n200_roFalse_s0.csv
2026-02-02 16:19:05,392|INFO|random_mc2_n6_mid3_d1000_05_mr098_r10_137_uai_GSCC_n200_roTrue_s0: [0.1908,0.2916]	 34 runs	 rmse=0.19194	 T_learn=5263 ms. 	 T_infer=444 ms.
2026-02-02 16:19:05,397|INFO|random_mc2_n6_mid3_d1000_05_mr098_r10_137_uai_GSCC_n200_roTrue_s0: Saving results to ../results/synthetic/s123/random_mc2_n6_mid3_d1000_05_mr098_r10_137_uai_GSCC_n200_roTrue_s0.csv
2026-02-02 16:19:05,606|INFO|random_mc2_n5_mid3_d1000_05_mr098_r10_44_uai_GSCC_n200_roFalse_s0: [0.0156,0.0352]	 86 runs	 rmse=0.00699	 T_learn=30243 ms. 	 T_infer=4262 ms.
2026-02-02 16:19:05,612|INFO|random_mc2_n5_mid3_d1000_05_mr098_r10_44_uai_GSCC_n200_roFalse_s0: Saving results to ../results/synthetic/s123/random_mc2_n5_mid3_d1000_05_mr098_r10_44_uai_GSCC_n200_roFalse_s0.csv
2026-02-02 16:19:05,925|INFO|random_mc2_n6_mid3_d1000_05_mr098_r10_137_uai_GSCC_n200_roTrue_s0: [0.1908,0.2916]	 35 runs	 rmse=0.19194	 T_learn=5334 ms. 	 T_infer=457 ms.
2026-02-02 16:19:05,929|INFO|random_mc2_n6_mid3_d1000_05_mr098_r10_137_uai_GSCC_n200_roTrue_s0: Saving results to ../results/synthetic/s123/random_mc2_n6_mid3_d1000_05_mr098_r10_137_uai_GSCC_n200_roTrue_s0.csv
2026-02-02 16:19:06,002|INFO|random_mc2_n8_mid3_d1000_05_mr098_r10_3_uai_GSCC_n200_roTrue_s0: [0.0235,0.0355]	 23 runs	 rmse=0.03995	 T_learn=12913 ms. 	 T_infer=1800 ms.
2026-02-02 16:19:06,007|INFO|random_mc2_n8_mid3_d1000_05_mr098_r10_3_uai_GSCC_n200_roTrue_s0: Saving results to ../results/synthetic/s123/random_mc2_n8_mid3_d1000_05_mr098_r10_3_uai_GSCC_n200_roTrue_s0.csv
2026-02-02 16:19:06,021|INFO|random_mc2_n6_mid3_d1000_05_mr098_r10_158_uai_GSCC_n200_roFalse_s0: [0.0196,0.0370]	 102 runs	 rmse=0.03371	 T_learn=20728 ms. 	 T_infer=2757 ms.
2026-02-02 16:19:06,026|INFO|random_mc2_n6_mid3_d1000_05_mr098_r10_158_uai_GSCC_n200_roFalse_s0: Saving results to ../results/synthetic/s123/random_mc2_n6_mid3_d1000_05_mr098_r10_158_uai_GSCC_n200_roFalse_s0.csv
2026-02-02 16:19:06,040|INFO|random_mc2_n5_mid3_d1000_05_mr098_r10_141_uai_GSCC_n200_roTrue_s0: [0.0722,0.1946]	 94 runs	 rmse=0.07919	 T_learn=30563 ms. 	 T_infer=3910 ms.
2026-02-02 16:19:06,045|INFO|random_mc2_n5_mid3_d1000_05_mr098_r10_141_uai_GSCC_n200_roTrue_s0: Saving results to ../results/synthetic/s123/random_mc2_n5_mid3_d1000_05_mr098_r10_141_uai_GSCC_n200_roTrue_s0.csv
2026-02-02 16:19:06,122|INFO|random_mc2_n5_mid3_d1000_05_mr098_r10_169_uai_GSCC_n200_roTrue_s0: [0.1389,0.2783]	 165 runs	 rmse=0.22187	 T_learn=20715 ms. 	 T_infer=1888 ms.
2026-02-02 16:19:06,131|INFO|random_mc2_n5_mid3_d1000_05_mr098_r10_169_uai_GSCC_n200_roTrue_s0: Saving results to ../results/synthetic/s123/random_mc2_n5_mid3_d1000_05_mr098_r10_169_uai_GSCC_n200_roTrue_s0.csv
trainable: ['V2', 'V5', 'V6']
2026-02-02 16:19:06,311|INFO|random_mc2_n5_mid3_d1000_05_mr098_r10_63_uai_GSCC_n200_roTrue_s0: [0.0001,0.1148]	 118 runs	 rmse=0.05543	 T_learn=13323 ms. 	 T_infer=1658 ms.
2026-02-02 16:19:06,311|INFO|random_mc2_n5_mid3_d1000_05_mr098_r10_31_uai_GSCC_n200_roTrue_s0: [0.0769,0.1423]	 116 runs	 rmse=0.13555	 T_learn=24181 ms. 	 T_infer=2694 ms.
2026-02-02 16:19:06,316|INFO|random_mc2_n5_mid3_d1000_05_mr098_r10_63_uai_GSCC_n200_roTrue_s0: Saving results to ../results/synthetic/s123/random_mc2_n5_mid3_d1000_05_mr098_r10_63_uai_GSCC_n200_roTrue_s0.csv
2026-02-02 16:19:06,317|INFO|random_mc2_n5_mid3_d1000_05_mr098_r10_31_uai_GSCC_n200_roTrue_s0: Saving results to ../results/synthetic/s123/random_mc2_n5_mid3_d1000_05_mr098_r10_31_uai_GSCC_n200_roTrue_s0.csv
2026-02-02 16:19:06,468|INFO|random_mc2_n5_mid3_d1000_05_mr098_r10_137_uai_GSCC_n200_roFalse_s0: [0.3436,0.4201]	 93 runs	 rmse=0.03004	 T_learn=23462 ms. 	 T_infer=2957 ms.
2026-02-02 16:19:06,473|INFO|random_mc2_n6_mid3_d1000_05_mr098_r10_137_uai_GSCC_n200_roTrue_s0: [0.1908,0.2916]	 36 runs	 rmse=0.19194	 T_learn=5407 ms. 	 T_infer=470 ms.
2026-02-02 16:19:06,473|INFO|random_mc2_n5_mid3_d1000_05_mr098_r10_137_uai_GSCC_n200_roFalse_s0: Saving results to ../results/synthetic/s123/random_mc2_n5_mid3_d1000_05_mr098_r10_137_uai_GSCC_n200_roFalse_s0.csv
2026-02-02 16:19:06,477|INFO|random_mc2_n6_mid3_d1000_05_mr098_r10_137_uai_GSCC_n200_roTrue_s0: Saving results to ../results/synthetic/s123/random_mc2_n6_mid3_d1000_05_mr098_r10_137_uai_GSCC_n200_roTrue_s0.csv
2026-02-02 16:19:06,695|INFO|random_mc2_n5_mid3_d1000_05_mr098_r10_190_uai_GSCC_n200_roTrue_s0: [0.0389,0.0746]	 96 runs	 rmse=0.07999	 T_learn=19437 ms. 	 T_infer=2559 ms.
2026-02-02 16:19:06,701|INFO|random_mc2_n5_mid3_d1000_05_mr098_r10_190_uai_GSCC_n200_roTrue_s0: Saving results to ../results/synthetic/s123/random_mc2_n5_mid3_d1000_05_mr098_r10_190_uai_GSCC_n200_roTrue_s0.csv
2026-02-02 16:19:06,701|INFO|random_mc2_n5_mid3_d1000_05_mr098_r10_102_uai_GSCC_n200_roTrue_s0: [0.3034,0.4775]	 116 runs	 rmse=0.04047	 T_learn=22584 ms. 	 T_infer=2914 ms.
2026-02-02 16:19:06,707|INFO|random_mc2_n5_mid3_d1000_05_mr098_r10_102_uai_GSCC_n200_roTrue_s0: Saving results to ../results/synthetic/s123/random_mc2_n5_mid3_d1000_05_mr098_r10_102_uai_GSCC_n200_roTrue_s0.csv
2026-02-02 16:19:06,968|INFO|random_mc2_n5_mid3_d1000_05_mr098_r10_195_uai_GSCC_n200_roFalse_s0: [0.0785,0.1949]	 122 runs	 rmse=0.16576	 T_learn=18346 ms. 	 T_infer=2026 ms.
2026-02-02 16:19:06,973|INFO|random_mc2_n5_mid3_d1000_05_mr098_r10_195_uai_GSCC_n200_roFalse_s0: Saving results to ../results/synthetic/s123/random_mc2_n5_mid3_d1000_05_mr098_r10_195_uai_GSCC_n200_roFalse_s0.csv
2026-02-02 16:19:07,027|INFO|random_mc2_n6_mid3_d1000_05_mr098_r10_28_uai_GSCC_n200_roFalse_s0: [0.4503,0.5484]	 82 runs	 rmse=0.08921	 T_learn=30357 ms. 	 T_infer=4119 ms.
2026-02-02 16:19:07,033|INFO|random_mc2_n6_mid3_d1000_05_mr098_r10_28_uai_GSCC_n200_roFalse_s0: Saving results to ../results/synthetic/s123/random_mc2_n6_mid3_d1000_05_mr098_r10_28_uai_GSCC_n200_roFalse_s0.csv
2026-02-02 16:19:07,176|INFO|random_mc2_n6_mid3_d1000_05_mr098_r10_137_uai_GSCC_n200_roTrue_s0: [0.1785,0.2916]	 37 runs	 rmse=0.17971	 T_learn=5482 ms. 	 T_infer=624 ms.
2026-02-02 16:19:07,181|INFO|random_mc2_n6_mid3_d1000_05_mr098_r10_137_uai_GSCC_n200_roTrue_s0: Saving results to ../results/synthetic/s123/random_mc2_n6_mid3_d1000_05_mr098_r10_137_uai_GSCC_n200_roTrue_s0.csv
2026-02-02 16:19:07,224|INFO|random_mc2_n6_mid3_d1000_05_mr098_r10_72_uai_GSCC_n200_roTrue_s0: [0.0627,0.0977]	 86 runs	 rmse=0.04881	 T_learn=34253 ms. 	 T_infer=4193 ms.
2026-02-02 16:19:07,229|INFO|random_mc2_n6_mid3_d1000_05_mr098_r10_72_uai_GSCC_n200_roTrue_s0: Saving results to ../results/synthetic/s123/random_mc2_n6_mid3_d1000_05_mr098_r10_72_uai_GSCC_n200_roTrue_s0.csv
2026-02-02 16:19:07,332|INFO|random_mc2_n7_mid3_d1000_05_mr098_r10_65_uai_GSCC_n200_roTrue_s0: [0.1633,0.2121]	 51 runs	 rmse=0.01145	 T_learn=19339 ms. 	 T_infer=3265 ms.
2026-02-02 16:19:07,332|INFO|random_mc2_n5_mid3_d1000_05_mr098_r10_188_uai_GSCC_n200_roFalse_s0: [0.0011,0.0124]	 92 runs	 rmse=0.03702	 T_learn=15213 ms. 	 T_infer=2153 ms.
2026-02-02 16:19:07,336|INFO|random_mc2_n7_mid3_d1000_05_mr098_r10_65_uai_GSCC_n200_roTrue_s0: Saving results to ../results/synthetic/s123/random_mc2_n7_mid3_d1000_05_mr098_r10_65_uai_GSCC_n200_roTrue_s0.csv
2026-02-02 16:19:07,338|INFO|random_mc2_n5_mid3_d1000_05_mr098_r10_188_uai_GSCC_n200_roFalse_s0: Saving results to ../results/synthetic/s123/random_mc2_n5_mid3_d1000_05_mr098_r10_188_uai_GSCC_n200_roFalse_s0.csv
2026-02-02 16:19:07,757|INFO|random_mc2_n6_mid3_d1000_05_mr098_r10_137_uai_GSCC_n200_roTrue_s0: [0.1785,0.2916]	 38 runs	 rmse=0.17971	 T_learn=5558 ms. 	 T_infer=500 ms.
2026-02-02 16:19:07,763|INFO|random_mc2_n6_mid3_d1000_05_mr098_r10_137_uai_GSCC_n200_roTrue_s0: Saving results to ../results/synthetic/s123/random_mc2_n6_mid3_d1000_05_mr098_r10_137_uai_GSCC_n200_roTrue_s0.csv
2026-02-02 16:19:07,994|INFO|random_mc2_n8_mid3_d1000_05_mr098_r10_3_uai_GSCC_n200_roTrue_s0: [0.0235,0.0355]	 24 runs	 rmse=0.03995	 T_learn=13154 ms. 	 T_infer=1745 ms.
2026-02-02 16:19:07,999|INFO|random_mc2_n8_mid3_d1000_05_mr098_r10_3_uai_GSCC_n200_roTrue_s0: Saving results to ../results/synthetic/s123/random_mc2_n8_mid3_d1000_05_mr098_r10_3_uai_GSCC_n200_roTrue_s0.csv
2026-02-02 16:19:08,070|INFO|random_mc2_n5_mid3_d1000_05_mr098_r10_169_uai_GSCC_n200_roTrue_s0: [0.1389,0.2783]	 166 runs	 rmse=0.22187	 T_learn=20908 ms. 	 T_infer=1746 ms.
2026-02-02 16:19:08,077|INFO|random_mc2_n5_mid3_d1000_05_mr098_r10_169_uai_GSCC_n200_roTrue_s0: Saving results to ../results/synthetic/s123/random_mc2_n5_mid3_d1000_05_mr098_r10_169_uai_GSCC_n200_roTrue_s0.csv
2026-02-02 16:19:08,144|INFO|random_mc2_n5_mid3_d1000_05_mr098_r10_63_uai_GSCC_n200_roTrue_s0: [0.0001,0.1148]	 119 runs	 rmse=0.05543	 T_learn=13469 ms. 	 T_infer=1682 ms.
2026-02-02 16:19:08,150|INFO|random_mc2_n5_mid3_d1000_05_mr098_r10_63_uai_GSCC_n200_roTrue_s0: Saving results to ../results/synthetic/s123/random_mc2_n5_mid3_d1000_05_mr098_r10_63_uai_GSCC_n200_roTrue_s0.csv
2026-02-02 16:19:08,203|INFO|random_mc2_n6_mid3_d1000_05_mr098_r10_169_uai_GSCC_n200_roFalse_s0: [0.0076,0.0314]	 111 runs	 rmse=0.01145	 T_learn=28688 ms. 	 T_infer=3375 ms.
2026-02-02 16:19:08,209|INFO|random_mc2_n6_mid3_d1000_05_mr098_r10_169_uai_GSCC_n200_roFalse_s0: Saving results to ../results/synthetic/s123/random_mc2_n6_mid3_d1000_05_mr098_r10_169_uai_GSCC_n200_roFalse_s0.csv
2026-02-02 16:19:08,348|INFO|random_mc2_n6_mid3_d1000_05_mr098_r10_137_uai_GSCC_n200_roTrue_s0: [0.1531,0.2916]	 39 runs	 rmse=0.15456	 T_learn=5635 ms. 	 T_infer=508 ms.
2026-02-02 16:19:08,353|INFO|random_mc2_n6_mid3_d1000_05_mr098_r10_137_uai_GSCC_n200_roTrue_s0: Saving results to ../results/synthetic/s123/random_mc2_n6_mid3_d1000_05_mr098_r10_137_uai_GSCC_n200_roTrue_s0.csv
2026-02-02 16:19:08,549|INFO|random_mc2_n6_mid3_d1000_05_mr098_r10_144_uai_GSCC_n200_roTrue_s0: [0.0139,0.0222]	 66 runs	 rmse=0.01452	 T_learn=19864 ms. 	 T_infer=3364 ms.
2026-02-02 16:19:08,556|INFO|random_mc2_n6_mid3_d1000_05_mr098_r10_144_uai_GSCC_n200_roTrue_s0: Saving results to ../results/synthetic/s123/random_mc2_n6_mid3_d1000_05_mr098_r10_144_uai_GSCC_n200_roTrue_s0.csv
2026-02-02 16:19:08,954|INFO|random_mc2_n6_mid3_d1000_05_mr098_r10_158_uai_GSCC_n200_roFalse_s0: [0.0196,0.0370]	 103 runs	 rmse=0.03371	 T_learn=20990 ms. 	 T_infer=2665 ms.
2026-02-02 16:19:08,957|INFO|random_mc2_n6_mid3_d1000_05_mr098_r10_137_uai_GSCC_n200_roTrue_s0: [0.1531,0.2916]	 40 runs	 rmse=0.15456	 T_learn=5715 ms. 	 T_infer=525 ms.
2026-02-02 16:19:08,960|INFO|random_mc2_n6_mid3_d1000_05_mr098_r10_158_uai_GSCC_n200_roFalse_s0: Saving results to ../results/synthetic/s123/random_mc2_n6_mid3_d1000_05_mr098_r10_158_uai_GSCC_n200_roFalse_s0.csv
2026-02-02 16:19:08,961|INFO|random_mc2_n6_mid3_d1000_05_mr098_r10_137_uai_GSCC_n200_roTrue_s0: Saving results to ../results/synthetic/s123/random_mc2_n6_mid3_d1000_05_mr098_r10_137_uai_GSCC_n200_roTrue_s0.csv
2026-02-02 16:19:09,062|INFO|random_mc2_n5_mid3_d1000_05_mr098_r10_74_uai_GSCC_n200_roTrue_s0: [0.3098,0.3975]	 58 runs	 rmse=0.12711	 T_learn=26008 ms. 	 T_infer=4632 ms.
2026-02-02 16:19:09,067|INFO|random_mc2_n5_mid3_d1000_05_mr098_r10_74_uai_GSCC_n200_roTrue_s0: Saving results to ../results/synthetic/s123/random_mc2_n5_mid3_d1000_05_mr098_r10_74_uai_GSCC_n200_roTrue_s0.csv
2026-02-02 16:19:09,207|INFO|random_mc2_n5_mid3_d1000_05_mr098_r10_31_uai_GSCC_n200_roTrue_s0: [0.0769,0.1423]	 117 runs	 rmse=0.13555	 T_learn=24486 ms. 	 T_infer=2585 ms.
2026-02-02 16:19:09,214|INFO|random_mc2_n5_mid3_d1000_05_mr098_r10_31_uai_GSCC_n200_roTrue_s0: Saving results to ../results/synthetic/s123/random_mc2_n5_mid3_d1000_05_mr098_r10_31_uai_GSCC_n200_roTrue_s0.csv
2026-02-02 16:19:09,217|INFO|random_mc2_n5_mid3_d1000_05_mr098_r10_195_uai_GSCC_n200_roFalse_s0: [0.0785,0.1949]	 123 runs	 rmse=0.16576	 T_learn=18547 ms. 	 T_infer=2043 ms.
2026-02-02 16:19:09,223|INFO|random_mc2_n5_mid3_d1000_05_mr098_r10_195_uai_GSCC_n200_roFalse_s0: Saving results to ../results/synthetic/s123/random_mc2_n5_mid3_d1000_05_mr098_r10_195_uai_GSCC_n200_roFalse_s0.csv
2026-02-02 16:19:09,476|INFO|random_mc2_n6_mid3_d1000_05_mr098_r10_71_uai_GSCC_n200_roFalse_s0: [0.5153,0.6281]	 82 runs	 rmse=0.02577	 T_learn=33276 ms. 	 T_infer=4489 ms.
2026-02-02 16:19:09,481|INFO|random_mc2_n6_mid3_d1000_05_mr098_r10_71_uai_GSCC_n200_roFalse_s0: Saving results to ../results/synthetic/s123/random_mc2_n6_mid3_d1000_05_mr098_r10_71_uai_GSCC_n200_roFalse_s0.csv
2026-02-02 16:19:09,557|INFO|random_mc2_n5_mid3_d1000_05_mr098_r10_190_uai_GSCC_n200_roTrue_s0: [0.0389,0.0746]	 97 runs	 rmse=0.07999	 T_learn=19699 ms. 	 T_infer=2594 ms.
2026-02-02 16:19:09,562|INFO|random_mc2_n5_mid3_d1000_05_mr098_r10_190_uai_GSCC_n200_roTrue_s0: Saving results to ../results/synthetic/s123/random_mc2_n5_mid3_d1000_05_mr098_r10_190_uai_GSCC_n200_roTrue_s0.csv
2026-02-02 16:19:09,578|INFO|random_mc2_n6_mid3_d1000_05_mr098_r10_137_uai_GSCC_n200_roTrue_s0: [0.1454,0.2916]	 41 runs	 rmse=0.14691	 T_learn=5795 ms. 	 T_infer=535 ms.
2026-02-02 16:19:09,582|INFO|random_mc2_n6_mid3_d1000_05_mr098_r10_137_uai_GSCC_n200_roTrue_s0: Saving results to ../results/synthetic/s123/random_mc2_n6_mid3_d1000_05_mr098_r10_137_uai_GSCC_n200_roTrue_s0.csv
2026-02-02 16:19:09,707|INFO|random_mc2_n5_mid3_d1000_05_mr098_r10_137_uai_GSCC_n200_roFalse_s0: [0.3436,0.4201]	 94 runs	 rmse=0.03004	 T_learn=23828 ms. 	 T_infer=2867 ms.
2026-02-02 16:19:09,712|INFO|random_mc2_n5_mid3_d1000_05_mr098_r10_137_uai_GSCC_n200_roFalse_s0: Saving results to ../results/synthetic/s123/random_mc2_n5_mid3_d1000_05_mr098_r10_137_uai_GSCC_n200_roFalse_s0.csv
2026-02-02 16:19:09,743|INFO|random_mc2_n7_mid3_d1000_05_mr098_r10_6_uai_GSCC_n200_roFalse_s0: [0.0078,0.0319]	 40 runs	 rmse=0.00851	 T_learn=22689 ms. 	 T_infer=4101 ms.
2026-02-02 16:19:09,748|INFO|random_mc2_n7_mid3_d1000_05_mr098_r10_6_uai_GSCC_n200_roFalse_s0: Saving results to ../results/synthetic/s123/random_mc2_n7_mid3_d1000_05_mr098_r10_6_uai_GSCC_n200_roFalse_s0.csv
2026-02-02 16:19:09,823|INFO|random_mc2_n5_mid3_d1000_05_mr098_r10_188_uai_GSCC_n200_roFalse_s0: [0.0011,0.0124]	 93 runs	 rmse=0.03702	 T_learn=15402 ms. 	 T_infer=2296 ms.
2026-02-02 16:19:09,828|INFO|random_mc2_n5_mid3_d1000_05_mr098_r10_188_uai_GSCC_n200_roFalse_s0: Saving results to ../results/synthetic/s123/random_mc2_n5_mid3_d1000_05_mr098_r10_188_uai_GSCC_n200_roFalse_s0.csv
2026-02-02 16:19:09,921|INFO|random_mc2_n5_mid3_d1000_05_mr098_r10_102_uai_GSCC_n200_roTrue_s0: [0.3034,0.4775]	 117 runs	 rmse=0.04047	 T_learn=22855 ms. 	 T_infer=2942 ms.
2026-02-02 16:19:09,927|INFO|random_mc2_n5_mid3_d1000_05_mr098_r10_102_uai_GSCC_n200_roTrue_s0: Saving results to ../results/synthetic/s123/random_mc2_n5_mid3_d1000_05_mr098_r10_102_uai_GSCC_n200_roTrue_s0.csv
2026-02-02 16:19:09,992|INFO|random_mc2_n5_mid3_d1000_05_mr098_r10_63_uai_GSCC_n200_roTrue_s0: [0.0001,0.1148]	 120 runs	 rmse=0.05543	 T_learn=13615 ms. 	 T_infer=1695 ms.
2026-02-02 16:19:09,999|INFO|random_mc2_n5_mid3_d1000_05_mr098_r10_63_uai_GSCC_n200_roTrue_s0: Saving results to ../results/synthetic/s123/random_mc2_n5_mid3_d1000_05_mr098_r10_63_uai_GSCC_n200_roTrue_s0.csv
2026-02-02 16:19:10,031|INFO|random_mc2_n5_mid3_d1000_05_mr098_r10_169_uai_GSCC_n200_roTrue_s0: [0.1389,0.2783]	 167 runs	 rmse=0.22187	 T_learn=21102 ms. 	 T_infer=1759 ms.
2026-02-02 16:19:10,039|INFO|random_mc2_n5_mid3_d1000_05_mr098_r10_169_uai_GSCC_n200_roTrue_s0: Saving results to ../results/synthetic/s123/random_mc2_n5_mid3_d1000_05_mr098_r10_169_uai_GSCC_n200_roTrue_s0.csv
2026-02-02 16:19:10,056|INFO|random_mc2_n8_mid3_d1000_05_mr098_r10_3_uai_GSCC_n200_roTrue_s0: [0.0235,0.0355]	 25 runs	 rmse=0.03995	 T_learn=13402 ms. 	 T_infer=1810 ms.
2026-02-02 16:19:10,091|INFO|random_mc2_n8_mid3_d1000_05_mr098_r10_3_uai_GSCC_n200_roTrue_s0: Saving results to ../results/synthetic/s123/random_mc2_n8_mid3_d1000_05_mr098_r10_3_uai_GSCC_n200_roTrue_s0.csv
2026-02-02 16:19:10,215|INFO|random_mc2_n6_mid3_d1000_05_mr098_r10_137_uai_GSCC_n200_roTrue_s0: [0.1454,0.2916]	 42 runs	 rmse=0.14691	 T_learn=5877 ms. 	 T_infer=552 ms.
2026-02-02 16:19:10,220|INFO|random_mc2_n6_mid3_d1000_05_mr098_r10_137_uai_GSCC_n200_roTrue_s0: Saving results to ../results/synthetic/s123/random_mc2_n6_mid3_d1000_05_mr098_r10_137_uai_GSCC_n200_roTrue_s0.csv
2026-02-02 16:19:10,500|INFO|random_mc2_n5_mid3_d1000_05_mr098_r10_44_uai_GSCC_n200_roFalse_s0: [0.0156,0.0352]	 87 runs	 rmse=0.00699	 T_learn=30798 ms. 	 T_infer=4333 ms.
2026-02-02 16:19:10,505|INFO|random_mc2_n5_mid3_d1000_05_mr098_r10_44_uai_GSCC_n200_roFalse_s0: Saving results to ../results/synthetic/s123/random_mc2_n5_mid3_d1000_05_mr098_r10_44_uai_GSCC_n200_roFalse_s0.csv
2026-02-02 16:19:10,645|INFO|random_mc2_n5_mid3_d1000_05_mr098_r10_141_uai_GSCC_n200_roTrue_s0: [0.0722,0.1946]	 95 runs	 rmse=0.07919	 T_learn=31062 ms. 	 T_infer=4101 ms.
2026-02-02 16:19:10,651|INFO|random_mc2_n5_mid3_d1000_05_mr098_r10_141_uai_GSCC_n200_roTrue_s0: Saving results to ../results/synthetic/s123/random_mc2_n5_mid3_d1000_05_mr098_r10_141_uai_GSCC_n200_roTrue_s0.csv
2026-02-02 16:19:10,871|INFO|random_mc2_n6_mid3_d1000_05_mr098_r10_137_uai_GSCC_n200_roTrue_s0: [0.1454,0.2916]	 43 runs	 rmse=0.14691	 T_learn=5960 ms. 	 T_infer=567 ms.
2026-02-02 16:19:10,876|INFO|random_mc2_n6_mid3_d1000_05_mr098_r10_137_uai_GSCC_n200_roTrue_s0: Saving results to ../results/synthetic/s123/random_mc2_n6_mid3_d1000_05_mr098_r10_137_uai_GSCC_n200_roTrue_s0.csv
2026-02-02 16:19:11,061|INFO|random_mc2_n7_mid3_d1000_05_mr098_r10_65_uai_GSCC_n200_roTrue_s0: [0.1633,0.2121]	 52 runs	 rmse=0.01145	 T_learn=19742 ms. 	 T_infer=3322 ms.
2026-02-02 16:19:11,067|INFO|random_mc2_n7_mid3_d1000_05_mr098_r10_65_uai_GSCC_n200_roTrue_s0: Saving results to ../results/synthetic/s123/random_mc2_n7_mid3_d1000_05_mr098_r10_65_uai_GSCC_n200_roTrue_s0.csv
2026-02-02 16:19:11,539|INFO|random_mc2_n6_mid3_d1000_05_mr098_r10_137_uai_GSCC_n200_roTrue_s0: [0.1302,0.2916]	 44 runs	 rmse=0.13182	 T_learn=6046 ms. 	 T_infer=578 ms.
2026-02-02 16:19:11,544|INFO|random_mc2_n6_mid3_d1000_05_mr098_r10_137_uai_GSCC_n200_roTrue_s0: Saving results to ../results/synthetic/s123/random_mc2_n6_mid3_d1000_05_mr098_r10_137_uai_GSCC_n200_roTrue_s0.csv
2026-02-02 16:19:11,614|INFO|random_mc2_n5_mid3_d1000_05_mr098_r10_195_uai_GSCC_n200_roFalse_s0: [0.0785,0.1949]	 124 runs	 rmse=0.16576	 T_learn=18750 ms. 	 T_infer=2188 ms.
2026-02-02 16:19:11,620|INFO|random_mc2_n5_mid3_d1000_05_mr098_r10_195_uai_GSCC_n200_roFalse_s0: Saving results to ../results/synthetic/s123/random_mc2_n5_mid3_d1000_05_mr098_r10_195_uai_GSCC_n200_roFalse_s0.csv
2026-02-02 16:19:11,766|INFO|random_mc2_n6_mid3_d1000_05_mr098_r10_28_uai_GSCC_n200_roFalse_s0: [0.4503,0.5484]	 83 runs	 rmse=0.08921	 T_learn=30913 ms. 	 T_infer=4177 ms.
2026-02-02 16:19:11,772|INFO|random_mc2_n6_mid3_d1000_05_mr098_r10_28_uai_GSCC_n200_roFalse_s0: Saving results to ../results/synthetic/s123/random_mc2_n6_mid3_d1000_05_mr098_r10_28_uai_GSCC_n200_roFalse_s0.csv
2026-02-02 16:19:11,857|INFO|random_mc2_n5_mid3_d1000_05_mr098_r10_63_uai_GSCC_n200_roTrue_s0: [0.0001,0.1148]	 121 runs	 rmse=0.05543	 T_learn=13764 ms. 	 T_infer=1709 ms.
2026-02-02 16:19:11,863|INFO|random_mc2_n5_mid3_d1000_05_mr098_r10_63_uai_GSCC_n200_roTrue_s0: Saving results to ../results/synthetic/s123/random_mc2_n5_mid3_d1000_05_mr098_r10_63_uai_GSCC_n200_roTrue_s0.csv
2026-02-02 16:19:11,908|INFO|random_mc2_n6_mid3_d1000_05_mr098_r10_158_uai_GSCC_n200_roFalse_s0: [0.0196,0.0370]	 104 runs	 rmse=0.03371	 T_learn=21256 ms. 	 T_infer=2681 ms.
2026-02-02 16:19:11,913|INFO|random_mc2_n6_mid3_d1000_05_mr098_r10_158_uai_GSCC_n200_roFalse_s0: Saving results to ../results/synthetic/s123/random_mc2_n6_mid3_d1000_05_mr098_r10_158_uai_GSCC_n200_roFalse_s0.csv
2026-02-02 16:19:12,002|INFO|random_mc2_n5_mid3_d1000_05_mr098_r10_169_uai_GSCC_n200_roTrue_s0: [0.1389,0.2856]	 168 runs	 rmse=0.21455	 T_learn=21297 ms. 	 T_infer=1768 ms.
2026-02-02 16:19:12,010|INFO|random_mc2_n5_mid3_d1000_05_mr098_r10_169_uai_GSCC_n200_roTrue_s0: Saving results to ../results/synthetic/s123/random_mc2_n5_mid3_d1000_05_mr098_r10_169_uai_GSCC_n200_roTrue_s0.csv
2026-02-02 16:19:12,028|INFO|random_mc2_n6_mid3_d1000_05_mr098_r10_72_uai_GSCC_n200_roTrue_s0: [0.0627,0.0977]	 87 runs	 rmse=0.04881	 T_learn=34814 ms. 	 T_infer=4238 ms.
2026-02-02 16:19:12,034|INFO|random_mc2_n6_mid3_d1000_05_mr098_r10_72_uai_GSCC_n200_roTrue_s0: Saving results to ../results/synthetic/s123/random_mc2_n6_mid3_d1000_05_mr098_r10_72_uai_GSCC_n200_roTrue_s0.csv
2026-02-02 16:19:12,102|INFO|random_mc2_n6_mid3_d1000_05_mr098_r10_169_uai_GSCC_n200_roFalse_s0: [0.0071,0.0314]	 112 runs	 rmse=0.01112	 T_learn=29045 ms. 	 T_infer=3536 ms.
2026-02-02 16:19:12,108|INFO|random_mc2_n6_mid3_d1000_05_mr098_r10_169_uai_GSCC_n200_roFalse_s0: Saving results to ../results/synthetic/s123/random_mc2_n6_mid3_d1000_05_mr098_r10_169_uai_GSCC_n200_roFalse_s0.csv
2026-02-02 16:19:12,121|INFO|random_mc2_n5_mid3_d1000_05_mr098_r10_31_uai_GSCC_n200_roTrue_s0: [0.0762,0.1423]	 118 runs	 rmse=0.13518	 T_learn=24794 ms. 	 T_infer=2599 ms.
2026-02-02 16:19:12,126|INFO|random_mc2_n5_mid3_d1000_05_mr098_r10_31_uai_GSCC_n200_roTrue_s0: Saving results to ../results/synthetic/s123/random_mc2_n5_mid3_d1000_05_mr098_r10_31_uai_GSCC_n200_roTrue_s0.csv
2026-02-02 16:19:12,216|INFO|random_mc2_n5_mid3_d1000_05_mr098_r10_188_uai_GSCC_n200_roFalse_s0: [0.0011,0.0124]	 94 runs	 rmse=0.03702	 T_learn=15592 ms. 	 T_infer=2197 ms.
2026-02-02 16:19:12,221|INFO|random_mc2_n5_mid3_d1000_05_mr098_r10_188_uai_GSCC_n200_roFalse_s0: Saving results to ../results/synthetic/s123/random_mc2_n5_mid3_d1000_05_mr098_r10_188_uai_GSCC_n200_roFalse_s0.csv
2026-02-02 16:19:12,225|INFO|random_mc2_n6_mid3_d1000_05_mr098_r10_137_uai_GSCC_n200_roTrue_s0: [0.1208,0.2916]	 45 runs	 rmse=0.12254	 T_learn=6133 ms. 	 T_infer=593 ms.
2026-02-02 16:19:12,229|INFO|random_mc2_n6_mid3_d1000_05_mr098_r10_137_uai_GSCC_n200_roTrue_s0: Saving results to ../results/synthetic/s123/random_mc2_n6_mid3_d1000_05_mr098_r10_137_uai_GSCC_n200_roTrue_s0.csv
2026-02-02 16:19:12,233|INFO|random_mc2_n8_mid3_d1000_05_mr098_r10_3_uai_GSCC_n200_roTrue_s0: [0.0235,0.0355]	 26 runs	 rmse=0.03995	 T_learn=13660 ms. 	 T_infer=1884 ms.
2026-02-02 16:19:12,239|INFO|random_mc2_n8_mid3_d1000_05_mr098_r10_3_uai_GSCC_n200_roTrue_s0: Saving results to ../results/synthetic/s123/random_mc2_n8_mid3_d1000_05_mr098_r10_3_uai_GSCC_n200_roTrue_s0.csv
2026-02-02 16:19:12,516|INFO|random_mc2_n6_mid3_d1000_05_mr098_r10_144_uai_GSCC_n200_roTrue_s0: [0.0139,0.0222]	 67 runs	 rmse=0.01452	 T_learn=20272 ms. 	 T_infer=3552 ms.
2026-02-02 16:19:12,520|INFO|random_mc2_n6_mid3_d1000_05_mr098_r10_144_uai_GSCC_n200_roTrue_s0: Saving results to ../results/synthetic/s123/random_mc2_n6_mid3_d1000_05_mr098_r10_144_uai_GSCC_n200_roTrue_s0.csv
2026-02-02 16:19:12,587|INFO|random_mc2_n5_mid3_d1000_05_mr098_r10_190_uai_GSCC_n200_roTrue_s0: [0.0389,0.0746]	 98 runs	 rmse=0.07999	 T_learn=19958 ms. 	 T_infer=2765 ms.
2026-02-02 16:19:12,592|INFO|random_mc2_n5_mid3_d1000_05_mr098_r10_190_uai_GSCC_n200_roTrue_s0: Saving results to ../results/synthetic/s123/random_mc2_n5_mid3_d1000_05_mr098_r10_190_uai_GSCC_n200_roTrue_s0.csv
2026-02-02 16:19:12,917|INFO|random_mc2_n6_mid3_d1000_05_mr098_r10_137_uai_GSCC_n200_roTrue_s0: [0.1208,0.2916]	 46 runs	 rmse=0.12254	 T_learn=6220 ms. 	 T_infer=601 ms.
2026-02-02 16:19:12,922|INFO|random_mc2_n6_mid3_d1000_05_mr098_r10_137_uai_GSCC_n200_roTrue_s0: Saving results to ../results/synthetic/s123/random_mc2_n6_mid3_d1000_05_mr098_r10_137_uai_GSCC_n200_roTrue_s0.csv
2026-02-02 16:19:12,967|INFO|random_mc2_n5_mid3_d1000_05_mr098_r10_137_uai_GSCC_n200_roFalse_s0: [0.3436,0.4201]	 95 runs	 rmse=0.03004	 T_learn=24195 ms. 	 T_infer=2888 ms.
2026-02-02 16:19:12,972|INFO|random_mc2_n5_mid3_d1000_05_mr098_r10_137_uai_GSCC_n200_roFalse_s0: Saving results to ../results/synthetic/s123/random_mc2_n5_mid3_d1000_05_mr098_r10_137_uai_GSCC_n200_roFalse_s0.csv
2026-02-02 16:19:13,332|INFO|random_mc2_n5_mid3_d1000_05_mr098_r10_102_uai_GSCC_n200_roTrue_s0: [0.3034,0.4775]	 118 runs	 rmse=0.04047	 T_learn=23130 ms. 	 T_infer=3131 ms.
2026-02-02 16:19:13,338|INFO|random_mc2_n5_mid3_d1000_05_mr098_r10_102_uai_GSCC_n200_roTrue_s0: Saving results to ../results/synthetic/s123/random_mc2_n5_mid3_d1000_05_mr098_r10_102_uai_GSCC_n200_roTrue_s0.csv
2026-02-02 16:19:13,630|INFO|random_mc2_n6_mid3_d1000_05_mr098_r10_137_uai_GSCC_n200_roTrue_s0: [0.1208,0.2916]	 47 runs	 rmse=0.12254	 T_learn=6310 ms. 	 T_infer=618 ms.
2026-02-02 16:19:13,635|INFO|random_mc2_n6_mid3_d1000_05_mr098_r10_137_uai_GSCC_n200_roTrue_s0: Saving results to ../results/synthetic/s123/random_mc2_n6_mid3_d1000_05_mr098_r10_137_uai_GSCC_n200_roTrue_s0.csv
2026-02-02 16:19:13,855|INFO|random_mc2_n5_mid3_d1000_05_mr098_r10_63_uai_GSCC_n200_roTrue_s0: [0.0001,0.1148]	 122 runs	 rmse=0.05543	 T_learn=13912 ms. 	 T_infer=1843 ms.
2026-02-02 16:19:13,860|INFO|random_mc2_n5_mid3_d1000_05_mr098_r10_63_uai_GSCC_n200_roTrue_s0: Saving results to ../results/synthetic/s123/random_mc2_n5_mid3_d1000_05_mr098_r10_63_uai_GSCC_n200_roTrue_s0.csv
2026-02-02 16:19:13,904|INFO|random_mc2_n5_mid3_d1000_05_mr098_r10_195_uai_GSCC_n200_roFalse_s0: [0.0785,0.1949]	 125 runs	 rmse=0.16576	 T_learn=18956 ms. 	 T_infer=2077 ms.
2026-02-02 16:19:13,909|INFO|random_mc2_n5_mid3_d1000_05_mr098_r10_195_uai_GSCC_n200_roFalse_s0: Saving results to ../results/synthetic/s123/random_mc2_n5_mid3_d1000_05_mr098_r10_195_uai_GSCC_n200_roFalse_s0.csv
2026-02-02 16:19:14,140|INFO|random_mc2_n5_mid3_d1000_05_mr098_r10_169_uai_GSCC_n200_roTrue_s0: [0.1389,0.2856]	 169 runs	 rmse=0.21455	 T_learn=21493 ms. 	 T_infer=1935 ms.
2026-02-02 16:19:14,148|INFO|random_mc2_n5_mid3_d1000_05_mr098_r10_169_uai_GSCC_n200_roTrue_s0: Saving results to ../results/synthetic/s123/random_mc2_n5_mid3_d1000_05_mr098_r10_169_uai_GSCC_n200_roTrue_s0.csv
2026-02-02 16:19:14,402|INFO|random_mc2_n5_mid3_d1000_05_mr098_r10_74_uai_GSCC_n200_roTrue_s0: [0.3098,0.3975]	 59 runs	 rmse=0.12711	 T_learn=26624 ms. 	 T_infer=4718 ms.
2026-02-02 16:19:14,407|INFO|random_mc2_n5_mid3_d1000_05_mr098_r10_74_uai_GSCC_n200_roTrue_s0: Saving results to ../results/synthetic/s123/random_mc2_n5_mid3_d1000_05_mr098_r10_74_uai_GSCC_n200_roTrue_s0.csv
2026-02-02 16:19:14,463|INFO|random_mc2_n8_mid3_d1000_05_mr098_r10_3_uai_GSCC_n200_roTrue_s0: [0.0235,0.0355]	 27 runs	 rmse=0.03995	 T_learn=13921 ms. 	 T_infer=1962 ms.
2026-02-02 16:19:14,467|INFO|random_mc2_n8_mid3_d1000_05_mr098_r10_3_uai_GSCC_n200_roTrue_s0: Saving results to ../results/synthetic/s123/random_mc2_n8_mid3_d1000_05_mr098_r10_3_uai_GSCC_n200_roTrue_s0.csv
2026-02-02 16:19:14,479|INFO|random_mc2_n6_mid3_d1000_05_mr098_r10_137_uai_GSCC_n200_roTrue_s0: [0.1208,0.2916]	 48 runs	 rmse=0.12254	 T_learn=6401 ms. 	 T_infer=753 ms.
2026-02-02 16:19:14,487|INFO|random_mc2_n6_mid3_d1000_05_mr098_r10_137_uai_GSCC_n200_roTrue_s0: Saving results to ../results/synthetic/s123/random_mc2_n6_mid3_d1000_05_mr098_r10_137_uai_GSCC_n200_roTrue_s0.csv
2026-02-02 16:19:14,531|INFO|random_mc2_n7_mid3_d1000_05_mr098_r10_6_uai_GSCC_n200_roFalse_s0: [0.0078,0.0319]	 41 runs	 rmse=0.00851	 T_learn=23268 ms. 	 T_infer=4204 ms.
2026-02-02 16:19:14,536|INFO|random_mc2_n7_mid3_d1000_05_mr098_r10_6_uai_GSCC_n200_roFalse_s0: Saving results to ../results/synthetic/s123/random_mc2_n7_mid3_d1000_05_mr098_r10_6_uai_GSCC_n200_roFalse_s0.csv
2026-02-02 16:19:14,643|INFO|random_mc2_n5_mid3_d1000_05_mr098_r10_188_uai_GSCC_n200_roFalse_s0: [0.0011,0.0124]	 95 runs	 rmse=0.03702	 T_learn=15785 ms. 	 T_infer=2228 ms.
2026-02-02 16:19:14,645|INFO|random_mc2_n6_mid3_d1000_05_mr098_r10_71_uai_GSCC_n200_roFalse_s0: [0.5153,0.6281]	 83 runs	 rmse=0.02577	 T_learn=33886 ms. 	 T_infer=4554 ms.
2026-02-02 16:19:14,648|INFO|random_mc2_n5_mid3_d1000_05_mr098_r10_188_uai_GSCC_n200_roFalse_s0: Saving results to ../results/synthetic/s123/random_mc2_n5_mid3_d1000_05_mr098_r10_188_uai_GSCC_n200_roFalse_s0.csv
2026-02-02 16:19:14,651|INFO|random_mc2_n6_mid3_d1000_05_mr098_r10_71_uai_GSCC_n200_roFalse_s0: Saving results to ../results/synthetic/s123/random_mc2_n6_mid3_d1000_05_mr098_r10_71_uai_GSCC_n200_roFalse_s0.csv
2026-02-02 16:19:14,867|INFO|random_mc2_n7_mid3_d1000_05_mr098_r10_65_uai_GSCC_n200_roTrue_s0: [0.1633,0.2121]	 53 runs	 rmse=0.01145	 T_learn=20149 ms. 	 T_infer=3393 ms.
2026-02-02 16:19:14,872|INFO|random_mc2_n7_mid3_d1000_05_mr098_r10_65_uai_GSCC_n200_roTrue_s0: Saving results to ../results/synthetic/s123/random_mc2_n7_mid3_d1000_05_mr098_r10_65_uai_GSCC_n200_roTrue_s0.csv
2026-02-02 16:19:14,893|INFO|random_mc2_n6_mid3_d1000_05_mr098_r10_158_uai_GSCC_n200_roFalse_s0: [0.0196,0.0370]	 105 runs	 rmse=0.03371	 T_learn=21526 ms. 	 T_infer=2710 ms.
2026-02-02 16:19:14,898|INFO|random_mc2_n6_mid3_d1000_05_mr098_r10_158_uai_GSCC_n200_roFalse_s0: Saving results to ../results/synthetic/s123/random_mc2_n6_mid3_d1000_05_mr098_r10_158_uai_GSCC_n200_roFalse_s0.csv
2026-02-02 16:19:15,065|INFO|random_mc2_n5_mid3_d1000_05_mr098_r10_31_uai_GSCC_n200_roTrue_s0: [0.0762,0.1423]	 119 runs	 rmse=0.13518	 T_learn=25103 ms. 	 T_infer=2629 ms.
2026-02-02 16:19:15,091|INFO|random_mc2_n5_mid3_d1000_05_mr098_r10_31_uai_GSCC_n200_roTrue_s0: Saving results to ../results/synthetic/s123/random_mc2_n5_mid3_d1000_05_mr098_r10_31_uai_GSCC_n200_roTrue_s0.csv
2026-02-02 16:19:15,142|INFO|random_mc2_n5_mid3_d1000_05_mr098_r10_141_uai_GSCC_n200_roTrue_s0: [0.0722,0.1946]	 96 runs	 rmse=0.07919	 T_learn=31565 ms. 	 T_infer=3988 ms.
2026-02-02 16:19:15,148|INFO|random_mc2_n5_mid3_d1000_05_mr098_r10_141_uai_GSCC_n200_roTrue_s0: Saving results to ../results/synthetic/s123/random_mc2_n5_mid3_d1000_05_mr098_r10_141_uai_GSCC_n200_roTrue_s0.csv
2026-02-02 16:19:15,219|INFO|random_mc2_n6_mid3_d1000_05_mr098_r10_137_uai_GSCC_n200_roTrue_s0: [0.1208,0.2916]	 49 runs	 rmse=0.12254	 T_learn=6495 ms. 	 T_infer=638 ms.
2026-02-02 16:19:15,224|INFO|random_mc2_n6_mid3_d1000_05_mr098_r10_137_uai_GSCC_n200_roTrue_s0: Saving results to ../results/synthetic/s123/random_mc2_n6_mid3_d1000_05_mr098_r10_137_uai_GSCC_n200_roTrue_s0.csv
2026-02-02 16:19:15,431|INFO|random_mc2_n5_mid3_d1000_05_mr098_r10_44_uai_GSCC_n200_roFalse_s0: [0.0156,0.0352]	 88 runs	 rmse=0.00699	 T_learn=31364 ms. 	 T_infer=4360 ms.
2026-02-02 16:19:15,438|INFO|random_mc2_n5_mid3_d1000_05_mr098_r10_44_uai_GSCC_n200_roFalse_s0: Saving results to ../results/synthetic/s123/random_mc2_n5_mid3_d1000_05_mr098_r10_44_uai_GSCC_n200_roFalse_s0.csv
2026-02-02 16:19:15,495|INFO|random_mc2_n5_mid3_d1000_05_mr098_r10_190_uai_GSCC_n200_roTrue_s0: [0.0389,0.0746]	 99 runs	 rmse=0.07999	 T_learn=20221 ms. 	 T_infer=2640 ms.
2026-02-02 16:19:15,502|INFO|random_mc2_n5_mid3_d1000_05_mr098_r10_190_uai_GSCC_n200_roTrue_s0: Saving results to ../results/synthetic/s123/random_mc2_n5_mid3_d1000_05_mr098_r10_190_uai_GSCC_n200_roTrue_s0.csv
2026-02-02 16:19:15,746|INFO|random_mc2_n5_mid3_d1000_05_mr098_r10_63_uai_GSCC_n200_roTrue_s0: [0.0001,0.1148]	 123 runs	 rmse=0.05543	 T_learn=14063 ms. 	 T_infer=1735 ms.
2026-02-02 16:19:15,752|INFO|random_mc2_n5_mid3_d1000_05_mr098_r10_63_uai_GSCC_n200_roTrue_s0: Saving results to ../results/synthetic/s123/random_mc2_n5_mid3_d1000_05_mr098_r10_63_uai_GSCC_n200_roTrue_s0.csv
2026-02-02 16:19:15,894|INFO|random_mc2_n6_mid3_d1000_05_mr098_r10_169_uai_GSCC_n200_roFalse_s0: [0.0066,0.0314]	 113 runs	 rmse=0.01079	 T_learn=29401 ms. 	 T_infer=3429 ms.
2026-02-02 16:19:15,900|INFO|random_mc2_n6_mid3_d1000_05_mr098_r10_169_uai_GSCC_n200_roFalse_s0: Saving results to ../results/synthetic/s123/random_mc2_n6_mid3_d1000_05_mr098_r10_169_uai_GSCC_n200_roFalse_s0.csv
2026-02-02 16:19:15,969|INFO|random_mc2_n6_mid3_d1000_05_mr098_r10_137_uai_GSCC_n200_roTrue_s0: [0.1208,0.2916]	 50 runs	 rmse=0.12254	 T_learn=6588 ms. 	 T_infer=652 ms.
2026-02-02 16:19:15,974|INFO|random_mc2_n6_mid3_d1000_05_mr098_r10_137_uai_GSCC_n200_roTrue_s0: Saving results to ../results/synthetic/s123/random_mc2_n6_mid3_d1000_05_mr098_r10_137_uai_GSCC_n200_roTrue_s0.csv
2026-02-02 16:19:16,132|INFO|random_mc2_n5_mid3_d1000_05_mr098_r10_169_uai_GSCC_n200_roTrue_s0: [0.1389,0.2856]	 170 runs	 rmse=0.21455	 T_learn=21690 ms. 	 T_infer=1785 ms.
2026-02-02 16:19:16,139|INFO|random_mc2_n5_mid3_d1000_05_mr098_r10_169_uai_GSCC_n200_roTrue_s0: Saving results to ../results/synthetic/s123/random_mc2_n5_mid3_d1000_05_mr098_r10_169_uai_GSCC_n200_roTrue_s0.csv
2026-02-02 16:19:16,209|INFO|random_mc2_n5_mid3_d1000_05_mr098_r10_195_uai_GSCC_n200_roFalse_s0: [0.0785,0.1949]	 126 runs	 rmse=0.16576	 T_learn=19164 ms. 	 T_infer=2091 ms.
2026-02-02 16:19:16,214|INFO|random_mc2_n5_mid3_d1000_05_mr098_r10_195_uai_GSCC_n200_roFalse_s0: Saving results to ../results/synthetic/s123/random_mc2_n5_mid3_d1000_05_mr098_r10_195_uai_GSCC_n200_roFalse_s0.csv
2026-02-02 16:19:16,267|INFO|random_mc2_n5_mid3_d1000_05_mr098_r10_137_uai_GSCC_n200_roFalse_s0: [0.3436,0.4201]	 96 runs	 rmse=0.03004	 T_learn=24569 ms. 	 T_infer=2920 ms.
2026-02-02 16:19:16,272|INFO|random_mc2_n5_mid3_d1000_05_mr098_r10_137_uai_GSCC_n200_roFalse_s0: Saving results to ../results/synthetic/s123/random_mc2_n5_mid3_d1000_05_mr098_r10_137_uai_GSCC_n200_roFalse_s0.csv
2026-02-02 16:19:16,380|INFO|random_mc2_n6_mid3_d1000_05_mr098_r10_144_uai_GSCC_n200_roTrue_s0: [0.0139,0.0222]	 68 runs	 rmse=0.01452	 T_learn=20681 ms. 	 T_infer=3449 ms.
2026-02-02 16:19:16,384|INFO|random_mc2_n6_mid3_d1000_05_mr098_r10_144_uai_GSCC_n200_roTrue_s0: Saving results to ../results/synthetic/s123/random_mc2_n6_mid3_d1000_05_mr098_r10_144_uai_GSCC_n200_roTrue_s0.csv
2026-02-02 16:19:16,551|INFO|random_mc2_n6_mid3_d1000_05_mr098_r10_28_uai_GSCC_n200_roFalse_s0: [0.4503,0.5484]	 84 runs	 rmse=0.08921	 T_learn=31477 ms. 	 T_infer=4215 ms.
2026-02-02 16:19:16,557|INFO|random_mc2_n6_mid3_d1000_05_mr098_r10_28_uai_GSCC_n200_roFalse_s0: Saving results to ../results/synthetic/s123/random_mc2_n6_mid3_d1000_05_mr098_r10_28_uai_GSCC_n200_roFalse_s0.csv
2026-02-02 16:19:16,599|INFO|random_mc2_n5_mid3_d1000_05_mr098_r10_102_uai_GSCC_n200_roTrue_s0: [0.3034,0.4775]	 119 runs	 rmse=0.04047	 T_learn=23402 ms. 	 T_infer=2988 ms.
2026-02-02 16:19:16,605|INFO|random_mc2_n5_mid3_d1000_05_mr098_r10_102_uai_GSCC_n200_roTrue_s0: Saving results to ../results/synthetic/s123/random_mc2_n5_mid3_d1000_05_mr098_r10_102_uai_GSCC_n200_roTrue_s0.csv
2026-02-02 16:19:16,741|INFO|random_mc2_n6_mid3_d1000_05_mr098_r10_137_uai_GSCC_n200_roTrue_s0: [0.1208,0.2916]	 51 runs	 rmse=0.12254	 T_learn=6682 ms. 	 T_infer=673 ms.
2026-02-02 16:19:16,745|INFO|random_mc2_n6_mid3_d1000_05_mr098_r10_137_uai_GSCC_n200_roTrue_s0: Saving results to ../results/synthetic/s123/random_mc2_n6_mid3_d1000_05_mr098_r10_137_uai_GSCC_n200_roTrue_s0.csv
2026-02-02 16:19:16,870|INFO|random_mc2_n8_mid3_d1000_05_mr098_r10_3_uai_GSCC_n200_roTrue_s0: [0.0235,0.0355]	 28 runs	 rmse=0.03995	 T_learn=14191 ms. 	 T_infer=2133 ms.
2026-02-02 16:19:16,874|INFO|random_mc2_n8_mid3_d1000_05_mr098_r10_3_uai_GSCC_n200_roTrue_s0: Saving results to ../results/synthetic/s123/random_mc2_n8_mid3_d1000_05_mr098_r10_3_uai_GSCC_n200_roTrue_s0.csv
2026-02-02 16:19:16,897|INFO|random_mc2_n6_mid3_d1000_05_mr098_r10_72_uai_GSCC_n200_roTrue_s0: [0.0627,0.0981]	 88 runs	 rmse=0.04880	 T_learn=35377 ms. 	 T_infer=4300 ms.
2026-02-02 16:19:16,903|INFO|random_mc2_n6_mid3_d1000_05_mr098_r10_72_uai_GSCC_n200_roTrue_s0: Saving results to ../results/synthetic/s123/random_mc2_n6_mid3_d1000_05_mr098_r10_72_uai_GSCC_n200_roTrue_s0.csv
2026-02-02 16:19:17,085|INFO|random_mc2_n6_mid3_d1000_05_mr098_r10_125_uai_GSCC_n200_roTrue_s0: Loading model from ../models/synthetic/s123/random_mc2_n6_mid3_d1000_05_mr098_r10_125.uai
2026-02-02 16:19:17,088|INFO|random_mc2_n5_mid3_d1000_05_mr098_r10_188_uai_GSCC_n200_roFalse_s0: [0.0011,0.0124]	 96 runs	 rmse=0.03702	 T_learn=15977 ms. 	 T_infer=2248 ms.
2026-02-02 16:19:17,093|INFO|random_mc2_n5_mid3_d1000_05_mr098_r10_188_uai_GSCC_n200_roFalse_s0: Saving results to ../results/synthetic/s123/random_mc2_n5_mid3_d1000_05_mr098_r10_188_uai_GSCC_n200_roFalse_s0.csv
2026-02-02 16:19:17,099|INFO|random_mc2_n6_mid3_d1000_05_mr098_r10_125_uai_GSCC_n200_roTrue_s0: Loading data from ../models/synthetic/s123/random_mc2_n6_mid3_d1000_05_mr098_r10_125.csv
2026-02-02 16:19:17,106|ERROR|random_mc2_n6_mid3_d1000_05_mr098_r10_125_uai_GSCC_n200_roTrue_s0: File exists, not rewriting.
2026-02-02 16:19:17,531|INFO|random_mc2_n6_mid3_d1000_05_mr098_r10_137_uai_GSCC_n200_roTrue_s0: [0.1208,0.2916]	 52 runs	 rmse=0.12254	 T_learn=6778 ms. 	 T_infer=689 ms.
2026-02-02 16:19:17,536|INFO|random_mc2_n6_mid3_d1000_05_mr098_r10_137_uai_GSCC_n200_roTrue_s0: Saving results to ../results/synthetic/s123/random_mc2_n6_mid3_d1000_05_mr098_r10_137_uai_GSCC_n200_roTrue_s0.csv
2026-02-02 16:19:17,666|INFO|random_mc2_n5_mid3_d1000_05_mr098_r10_63_uai_GSCC_n200_roTrue_s0: [0.0001,0.1148]	 124 runs	 rmse=0.05543	 T_learn=14213 ms. 	 T_infer=1764 ms.
2026-02-02 16:19:17,672|INFO|random_mc2_n5_mid3_d1000_05_mr098_r10_63_uai_GSCC_n200_roTrue_s0: Saving results to ../results/synthetic/s123/random_mc2_n5_mid3_d1000_05_mr098_r10_63_uai_GSCC_n200_roTrue_s0.csv
2026-02-02 16:19:18,063|INFO|random_mc2_n6_mid3_d1000_05_mr098_r10_158_uai_GSCC_n200_roFalse_s0: [0.0196,0.0370]	 106 runs	 rmse=0.03371	 T_learn=21793 ms. 	 T_infer=2897 ms.
2026-02-02 16:19:18,068|INFO|random_mc2_n6_mid3_d1000_05_mr098_r10_158_uai_GSCC_n200_roFalse_s0: Saving results to ../results/synthetic/s123/random_mc2_n6_mid3_d1000_05_mr098_r10_158_uai_GSCC_n200_roFalse_s0.csv
2026-02-02 16:19:18,137|INFO|random_mc2_n5_mid3_d1000_05_mr098_r10_169_uai_GSCC_n200_roTrue_s0: [0.1389,0.2856]	 171 runs	 rmse=0.21455	 T_learn=21888 ms. 	 T_infer=1800 ms.
2026-02-02 16:19:18,145|INFO|random_mc2_n5_mid3_d1000_05_mr098_r10_169_uai_GSCC_n200_roTrue_s0: Saving results to ../results/synthetic/s123/random_mc2_n5_mid3_d1000_05_mr098_r10_169_uai_GSCC_n200_roTrue_s0.csv
2026-02-02 16:19:18,206|INFO|random_mc2_n5_mid3_d1000_05_mr098_r10_31_uai_GSCC_n200_roTrue_s0: [0.0762,0.1423]	 120 runs	 rmse=0.13518	 T_learn=25413 ms. 	 T_infer=2805 ms.
2026-02-02 16:19:18,212|INFO|random_mc2_n5_mid3_d1000_05_mr098_r10_31_uai_GSCC_n200_roTrue_s0: Saving results to ../results/synthetic/s123/random_mc2_n5_mid3_d1000_05_mr098_r10_31_uai_GSCC_n200_roTrue_s0.csv
2026-02-02 16:19:18,338|INFO|random_mc2_n6_mid3_d1000_05_mr098_r10_137_uai_GSCC_n200_roTrue_s0: [0.1208,0.2916]	 53 runs	 rmse=0.12254	 T_learn=6878 ms. 	 T_infer=703 ms.
2026-02-02 16:19:18,343|INFO|random_mc2_n6_mid3_d1000_05_mr098_r10_137_uai_GSCC_n200_roTrue_s0: Saving results to ../results/synthetic/s123/random_mc2_n6_mid3_d1000_05_mr098_r10_137_uai_GSCC_n200_roTrue_s0.csv
2026-02-02 16:19:18,458|INFO|random_mc2_n5_mid3_d1000_05_mr098_r10_190_uai_GSCC_n200_roTrue_s0: [0.0389,0.0746]	 100 runs	 rmse=0.07999	 T_learn=20486 ms. 	 T_infer=2691 ms.
2026-02-02 16:19:18,464|INFO|random_mc2_n5_mid3_d1000_05_mr098_r10_190_uai_GSCC_n200_roTrue_s0: Saving results to ../results/synthetic/s123/random_mc2_n5_mid3_d1000_05_mr098_r10_190_uai_GSCC_n200_roTrue_s0.csv
2026-02-02 16:19:18,555|INFO|random_mc2_n5_mid3_d1000_05_mr098_r10_195_uai_GSCC_n200_roFalse_s0: [0.0785,0.1949]	 127 runs	 rmse=0.16576	 T_learn=19372 ms. 	 T_infer=2132 ms.
2026-02-02 16:19:18,561|INFO|random_mc2_n5_mid3_d1000_05_mr098_r10_195_uai_GSCC_n200_roFalse_s0: Saving results to ../results/synthetic/s123/random_mc2_n5_mid3_d1000_05_mr098_r10_195_uai_GSCC_n200_roFalse_s0.csv
2026-02-02 16:19:18,887|INFO|random_mc2_n7_mid3_d1000_05_mr098_r10_65_uai_GSCC_n200_roTrue_s0: [0.1633,0.2121]	 54 runs	 rmse=0.01145	 T_learn=20562 ms. 	 T_infer=3602 ms.
2026-02-02 16:19:18,892|INFO|random_mc2_n7_mid3_d1000_05_mr098_r10_65_uai_GSCC_n200_roTrue_s0: Saving results to ../results/synthetic/s123/random_mc2_n7_mid3_d1000_05_mr098_r10_65_uai_GSCC_n200_roTrue_s0.csv
2026-02-02 16:19:19,153|INFO|random_mc2_n6_mid3_d1000_05_mr098_r10_137_uai_GSCC_n200_roTrue_s0: [0.1208,0.2916]	 54 runs	 rmse=0.12254	 T_learn=6977 ms. 	 T_infer=710 ms.
2026-02-02 16:19:19,159|INFO|random_mc2_n6_mid3_d1000_05_mr098_r10_137_uai_GSCC_n200_roTrue_s0: Saving results to ../results/synthetic/s123/random_mc2_n6_mid3_d1000_05_mr098_r10_137_uai_GSCC_n200_roTrue_s0.csv
2026-02-02 16:19:19,286|INFO|random_mc2_n8_mid3_d1000_05_mr098_r10_3_uai_GSCC_n200_roTrue_s0: [0.0235,0.0355]	 29 runs	 rmse=0.03995	 T_learn=14475 ms. 	 T_infer=2127 ms.
2026-02-02 16:19:19,290|INFO|random_mc2_n8_mid3_d1000_05_mr098_r10_3_uai_GSCC_n200_roTrue_s0: Saving results to ../results/synthetic/s123/random_mc2_n8_mid3_d1000_05_mr098_r10_3_uai_GSCC_n200_roTrue_s0.csv
2026-02-02 16:19:19,452|INFO|random_mc2_n7_mid3_d1000_05_mr098_r10_6_uai_GSCC_n200_roFalse_s0: [0.0078,0.0319]	 42 runs	 rmse=0.00851	 T_learn=23852 ms. 	 T_infer=4331 ms.
2026-02-02 16:19:19,457|INFO|random_mc2_n7_mid3_d1000_05_mr098_r10_6_uai_GSCC_n200_roFalse_s0: Saving results to ../results/synthetic/s123/random_mc2_n7_mid3_d1000_05_mr098_r10_6_uai_GSCC_n200_roFalse_s0.csv
2026-02-02 16:19:19,583|INFO|random_mc2_n5_mid3_d1000_05_mr098_r10_188_uai_GSCC_n200_roFalse_s0: [0.0011,0.0124]	 97 runs	 rmse=0.03702	 T_learn=16174 ms. 	 T_infer=2293 ms.
2026-02-02 16:19:19,588|INFO|random_mc2_n5_mid3_d1000_05_mr098_r10_188_uai_GSCC_n200_roFalse_s0: Saving results to ../results/synthetic/s123/random_mc2_n5_mid3_d1000_05_mr098_r10_188_uai_GSCC_n200_roFalse_s0.csv
2026-02-02 16:19:19,606|INFO|random_mc2_n5_mid3_d1000_05_mr098_r10_63_uai_GSCC_n200_roTrue_s0: [0.0001,0.1148]	 125 runs	 rmse=0.05543	 T_learn=14366 ms. 	 T_infer=1780 ms.
2026-02-02 16:19:19,611|INFO|random_mc2_n5_mid3_d1000_05_mr098_r10_63_uai_GSCC_n200_roTrue_s0: Saving results to ../results/synthetic/s123/random_mc2_n5_mid3_d1000_05_mr098_r10_63_uai_GSCC_n200_roTrue_s0.csv
2026-02-02 16:19:19,638|INFO|random_mc2_n5_mid3_d1000_05_mr098_r10_137_uai_GSCC_n200_roFalse_s0: [0.3436,0.4201]	 97 runs	 rmse=0.03004	 T_learn=24949 ms. 	 T_infer=2986 ms.
2026-02-02 16:19:19,644|INFO|random_mc2_n5_mid3_d1000_05_mr098_r10_137_uai_GSCC_n200_roFalse_s0: Saving results to ../results/synthetic/s123/random_mc2_n5_mid3_d1000_05_mr098_r10_137_uai_GSCC_n200_roFalse_s0.csv
2026-02-02 16:19:19,716|INFO|random_mc2_n5_mid3_d1000_05_mr098_r10_141_uai_GSCC_n200_roTrue_s0: [0.0722,0.1946]	 97 runs	 rmse=0.07919	 T_learn=32070 ms. 	 T_infer=4064 ms.
2026-02-02 16:19:19,722|INFO|random_mc2_n5_mid3_d1000_05_mr098_r10_141_uai_GSCC_n200_roTrue_s0: Saving results to ../results/synthetic/s123/random_mc2_n5_mid3_d1000_05_mr098_r10_141_uai_GSCC_n200_roTrue_s0.csv
2026-02-02 16:19:19,762|INFO|random_mc2_n6_mid3_d1000_05_mr098_r10_169_uai_GSCC_n200_roFalse_s0: [0.0066,0.0314]	 114 runs	 rmse=0.01079	 T_learn=29759 ms. 	 T_infer=3504 ms.
2026-02-02 16:19:19,768|INFO|random_mc2_n6_mid3_d1000_05_mr098_r10_169_uai_GSCC_n200_roFalse_s0: Saving results to ../results/synthetic/s123/random_mc2_n6_mid3_d1000_05_mr098_r10_169_uai_GSCC_n200_roFalse_s0.csv
2026-02-02 16:19:19,845|INFO|random_mc2_n5_mid3_d1000_05_mr098_r10_74_uai_GSCC_n200_roTrue_s0: [0.3068,0.3975]	 60 runs	 rmse=0.12553	 T_learn=27245 ms. 	 T_infer=4818 ms.
2026-02-02 16:19:19,850|INFO|random_mc2_n5_mid3_d1000_05_mr098_r10_74_uai_GSCC_n200_roTrue_s0: Saving results to ../results/synthetic/s123/random_mc2_n5_mid3_d1000_05_mr098_r10_74_uai_GSCC_n200_roTrue_s0.csv
2026-02-02 16:19:19,922|INFO|random_mc2_n5_mid3_d1000_05_mr098_r10_102_uai_GSCC_n200_roTrue_s0: [0.3034,0.4775]	 120 runs	 rmse=0.04047	 T_learn=23680 ms. 	 T_infer=3039 ms.
2026-02-02 16:19:19,928|INFO|random_mc2_n5_mid3_d1000_05_mr098_r10_102_uai_GSCC_n200_roTrue_s0: Saving results to ../results/synthetic/s123/random_mc2_n5_mid3_d1000_05_mr098_r10_102_uai_GSCC_n200_roTrue_s0.csv
2026-02-02 16:19:19,989|INFO|random_mc2_n6_mid3_d1000_05_mr098_r10_137_uai_GSCC_n200_roTrue_s0: [0.1208,0.2916]	 55 runs	 rmse=0.12254	 T_learn=7081 ms. 	 T_infer=726 ms.
2026-02-02 16:19:19,994|INFO|random_mc2_n6_mid3_d1000_05_mr098_r10_137_uai_GSCC_n200_roTrue_s0: Saving results to ../results/synthetic/s123/random_mc2_n6_mid3_d1000_05_mr098_r10_137_uai_GSCC_n200_roTrue_s0.csv
2026-02-02 16:19:20,042|INFO|random_mc2_n6_mid3_d1000_05_mr098_r10_71_uai_GSCC_n200_roFalse_s0: [0.5153,0.6281]	 84 runs	 rmse=0.02577	 T_learn=34503 ms. 	 T_infer=4774 ms.
2026-02-02 16:19:20,080|INFO|random_mc2_n6_mid3_d1000_05_mr098_r10_71_uai_GSCC_n200_roFalse_s0: Saving results to ../results/synthetic/s123/random_mc2_n6_mid3_d1000_05_mr098_r10_71_uai_GSCC_n200_roFalse_s0.csv
2026-02-02 16:19:20,315|INFO|random_mc2_n5_mid3_d1000_05_mr098_r10_169_uai_GSCC_n200_roTrue_s0: [0.1389,0.2856]	 172 runs	 rmse=0.21455	 T_learn=22088 ms. 	 T_infer=1970 ms.
2026-02-02 16:19:20,323|INFO|random_mc2_n5_mid3_d1000_05_mr098_r10_169_uai_GSCC_n200_roTrue_s0: Saving results to ../results/synthetic/s123/random_mc2_n5_mid3_d1000_05_mr098_r10_169_uai_GSCC_n200_roTrue_s0.csv
2026-02-02 16:19:20,338|INFO|random_mc2_n6_mid3_d1000_05_mr098_r10_144_uai_GSCC_n200_roTrue_s0: [0.0139,0.0222]	 69 runs	 rmse=0.01452	 T_learn=21103 ms. 	 T_infer=3533 ms.
2026-02-02 16:19:20,343|INFO|random_mc2_n6_mid3_d1000_05_mr098_r10_144_uai_GSCC_n200_roTrue_s0: Saving results to ../results/synthetic/s123/random_mc2_n6_mid3_d1000_05_mr098_r10_144_uai_GSCC_n200_roTrue_s0.csv
2026-02-02 16:19:20,473|INFO|random_mc2_n5_mid3_d1000_05_mr098_r10_44_uai_GSCC_n200_roFalse_s0: [0.0156,0.0352]	 89 runs	 rmse=0.00699	 T_learn=31932 ms. 	 T_infer=4466 ms.
2026-02-02 16:19:20,478|INFO|random_mc2_n5_mid3_d1000_05_mr098_r10_44_uai_GSCC_n200_roFalse_s0: Saving results to ../results/synthetic/s123/random_mc2_n5_mid3_d1000_05_mr098_r10_44_uai_GSCC_n200_roFalse_s0.csv
2026-02-02 16:19:20,844|INFO|random_mc2_n6_mid3_d1000_05_mr098_r10_137_uai_GSCC_n200_roTrue_s0: [0.1208,0.2916]	 56 runs	 rmse=0.12254	 T_learn=7183 ms. 	 T_infer=747 ms.
2026-02-02 16:19:20,849|INFO|random_mc2_n6_mid3_d1000_05_mr098_r10_137_uai_GSCC_n200_roTrue_s0: Saving results to ../results/synthetic/s123/random_mc2_n6_mid3_d1000_05_mr098_r10_137_uai_GSCC_n200_roTrue_s0.csv
2026-02-02 16:19:21,047|INFO|random_mc2_n5_mid3_d1000_05_mr098_r10_195_uai_GSCC_n200_roFalse_s0: [0.0785,0.1988]	 128 runs	 rmse=0.16213	 T_learn=19580 ms. 	 T_infer=2278 ms.
2026-02-02 16:19:21,054|INFO|random_mc2_n5_mid3_d1000_05_mr098_r10_195_uai_GSCC_n200_roFalse_s0: Saving results to ../results/synthetic/s123/random_mc2_n5_mid3_d1000_05_mr098_r10_195_uai_GSCC_n200_roFalse_s0.csv
2026-02-02 16:19:21,117|INFO|random_mc2_n6_mid3_d1000_05_mr098_r10_158_uai_GSCC_n200_roFalse_s0: [0.0196,0.0370]	 107 runs	 rmse=0.03371	 T_learn=22069 ms. 	 T_infer=2774 ms.
2026-02-02 16:19:21,123|INFO|random_mc2_n6_mid3_d1000_05_mr098_r10_158_uai_GSCC_n200_roFalse_s0: Saving results to ../results/synthetic/s123/random_mc2_n6_mid3_d1000_05_mr098_r10_158_uai_GSCC_n200_roFalse_s0.csv
2026-02-02 16:19:21,211|INFO|random_mc2_n5_mid3_d1000_05_mr098_r10_31_uai_GSCC_n200_roTrue_s0: [0.0762,0.1423]	 121 runs	 rmse=0.13518	 T_learn=25730 ms. 	 T_infer=2682 ms.
2026-02-02 16:19:21,216|INFO|random_mc2_n5_mid3_d1000_05_mr098_r10_31_uai_GSCC_n200_roTrue_s0: Saving results to ../results/synthetic/s123/random_mc2_n5_mid3_d1000_05_mr098_r10_31_uai_GSCC_n200_roTrue_s0.csv
2026-02-02 16:19:21,394|INFO|random_mc2_n6_mid3_d1000_05_mr098_r10_28_uai_GSCC_n200_roFalse_s0: [0.4503,0.5484]	 85 runs	 rmse=0.08921	 T_learn=32047 ms. 	 T_infer=4267 ms.
2026-02-02 16:19:21,400|INFO|random_mc2_n6_mid3_d1000_05_mr098_r10_28_uai_GSCC_n200_roFalse_s0: Saving results to ../results/synthetic/s123/random_mc2_n6_mid3_d1000_05_mr098_r10_28_uai_GSCC_n200_roFalse_s0.csv
2026-02-02 16:19:21,450|INFO|random_mc2_n5_mid3_d1000_05_mr098_r10_190_uai_GSCC_n200_roTrue_s0: [0.0389,0.0746]	 101 runs	 rmse=0.07999	 T_learn=20755 ms. 	 T_infer=2717 ms.
2026-02-02 16:19:21,455|INFO|random_mc2_n5_mid3_d1000_05_mr098_r10_190_uai_GSCC_n200_roTrue_s0: Saving results to ../results/synthetic/s123/random_mc2_n5_mid3_d1000_05_mr098_r10_190_uai_GSCC_n200_roTrue_s0.csv
2026-02-02 16:19:21,688|INFO|random_mc2_n5_mid3_d1000_05_mr098_r10_63_uai_GSCC_n200_roTrue_s0: [0.0001,0.1148]	 126 runs	 rmse=0.05543	 T_learn=14519 ms. 	 T_infer=1923 ms.
2026-02-02 16:19:21,693|INFO|random_mc2_n5_mid3_d1000_05_mr098_r10_63_uai_GSCC_n200_roTrue_s0: Saving results to ../results/synthetic/s123/random_mc2_n5_mid3_d1000_05_mr098_r10_63_uai_GSCC_n200_roTrue_s0.csv
2026-02-02 16:19:21,698|INFO|random_mc2_n6_mid3_d1000_05_mr098_r10_137_uai_GSCC_n200_roTrue_s0: [0.1208,0.2916]	 57 runs	 rmse=0.12254	 T_learn=7286 ms. 	 T_infer=746 ms.
2026-02-02 16:19:21,702|INFO|random_mc2_n6_mid3_d1000_05_mr098_r10_137_uai_GSCC_n200_roTrue_s0: Saving results to ../results/synthetic/s123/random_mc2_n6_mid3_d1000_05_mr098_r10_137_uai_GSCC_n200_roTrue_s0.csv
2026-02-02 16:19:21,763|INFO|random_mc2_n8_mid3_d1000_05_mr098_r10_3_uai_GSCC_n200_roTrue_s0: [0.0235,0.0355]	 30 runs	 rmse=0.03995	 T_learn=14766 ms. 	 T_infer=2182 ms.
2026-02-02 16:19:21,767|INFO|random_mc2_n8_mid3_d1000_05_mr098_r10_3_uai_GSCC_n200_roTrue_s0: Saving results to ../results/synthetic/s123/random_mc2_n8_mid3_d1000_05_mr098_r10_3_uai_GSCC_n200_roTrue_s0.csv
2026-02-02 16:19:21,984|INFO|random_mc2_n6_mid3_d1000_05_mr098_r10_72_uai_GSCC_n200_roTrue_s0: [0.0627,0.0981]	 89 runs	 rmse=0.04880	 T_learn=35961 ms. 	 T_infer=4498 ms.
2026-02-02 16:19:21,989|INFO|random_mc2_n6_mid3_d1000_05_mr098_r10_72_uai_GSCC_n200_roTrue_s0: Saving results to ../results/synthetic/s123/random_mc2_n6_mid3_d1000_05_mr098_r10_72_uai_GSCC_n200_roTrue_s0.csv
2026-02-02 16:19:22,216|INFO|random_mc2_n5_mid3_d1000_05_mr098_r10_188_uai_GSCC_n200_roFalse_s0: [0.0011,0.0124]	 98 runs	 rmse=0.03702	 T_learn=16370 ms. 	 T_infer=2431 ms.
2026-02-02 16:19:22,222|INFO|random_mc2_n5_mid3_d1000_05_mr098_r10_188_uai_GSCC_n200_roFalse_s0: Saving results to ../results/synthetic/s123/random_mc2_n5_mid3_d1000_05_mr098_r10_188_uai_GSCC_n200_roFalse_s0.csv
2026-02-02 16:19:22,341|INFO|random_mc2_n5_mid3_d1000_05_mr098_r10_169_uai_GSCC_n200_roTrue_s0: [0.1389,0.2856]	 173 runs	 rmse=0.21455	 T_learn=22286 ms. 	 T_infer=1819 ms.
2026-02-02 16:19:22,349|INFO|random_mc2_n5_mid3_d1000_05_mr098_r10_169_uai_GSCC_n200_roTrue_s0: Saving results to ../results/synthetic/s123/random_mc2_n5_mid3_d1000_05_mr098_r10_169_uai_GSCC_n200_roTrue_s0.csv
2026-02-02 16:19:22,571|INFO|random_mc2_n6_mid3_d1000_05_mr098_r10_137_uai_GSCC_n200_roTrue_s0: [0.1208,0.2916]	 58 runs	 rmse=0.12254	 T_learn=7390 ms. 	 T_infer=764 ms.
2026-02-02 16:19:22,576|INFO|random_mc2_n6_mid3_d1000_05_mr098_r10_137_uai_GSCC_n200_roTrue_s0: Saving results to ../results/synthetic/s123/random_mc2_n6_mid3_d1000_05_mr098_r10_137_uai_GSCC_n200_roTrue_s0.csv
2026-02-02 16:19:22,848|INFO|random_mc2_n7_mid3_d1000_05_mr098_r10_65_uai_GSCC_n200_roTrue_s0: [0.1633,0.2121]	 55 runs	 rmse=0.01145	 T_learn=20988 ms. 	 T_infer=3530 ms.
2026-02-02 16:19:22,853|INFO|random_mc2_n7_mid3_d1000_05_mr098_r10_65_uai_GSCC_n200_roTrue_s0: Saving results to ../results/synthetic/s123/random_mc2_n7_mid3_d1000_05_mr098_r10_65_uai_GSCC_n200_roTrue_s0.csv
2026-02-02 16:19:23,150|INFO|random_mc2_n5_mid3_d1000_05_mr098_r10_137_uai_GSCC_n200_roFalse_s0: [0.3436,0.4201]	 98 runs	 rmse=0.03004	 T_learn=25325 ms. 	 T_infer=3131 ms.
2026-02-02 16:19:23,156|INFO|random_mc2_n5_mid3_d1000_05_mr098_r10_137_uai_GSCC_n200_roFalse_s0: Saving results to ../results/synthetic/s123/random_mc2_n5_mid3_d1000_05_mr098_r10_137_uai_GSCC_n200_roFalse_s0.csv
2026-02-02 16:19:23,267|INFO|random_mc2_n5_mid3_d1000_05_mr098_r10_102_uai_GSCC_n200_roTrue_s0: [0.3034,0.4775]	 121 runs	 rmse=0.04047	 T_learn=23961 ms. 	 T_infer=3058 ms.
2026-02-02 16:19:23,273|INFO|random_mc2_n5_mid3_d1000_05_mr098_r10_102_uai_GSCC_n200_roTrue_s0: Saving results to ../results/synthetic/s123/random_mc2_n5_mid3_d1000_05_mr098_r10_102_uai_GSCC_n200_roTrue_s0.csv
2026-02-02 16:19:23,416|INFO|random_mc2_n5_mid3_d1000_05_mr098_r10_195_uai_GSCC_n200_roFalse_s0: [0.0785,0.1988]	 129 runs	 rmse=0.16213	 T_learn=19791 ms. 	 T_infer=2151 ms.
2026-02-02 16:19:23,422|INFO|random_mc2_n5_mid3_d1000_05_mr098_r10_195_uai_GSCC_n200_roFalse_s0: Saving results to ../results/synthetic/s123/random_mc2_n5_mid3_d1000_05_mr098_r10_195_uai_GSCC_n200_roFalse_s0.csv
2026-02-02 16:19:23,604|INFO|random_mc2_n6_mid3_d1000_05_mr098_r10_137_uai_GSCC_n200_roTrue_s0: [0.1208,0.2916]	 59 runs	 rmse=0.12254	 T_learn=7497 ms. 	 T_infer=921 ms.
2026-02-02 16:19:23,609|INFO|random_mc2_n6_mid3_d1000_05_mr098_r10_137_uai_GSCC_n200_roTrue_s0: Saving results to ../results/synthetic/s123/random_mc2_n6_mid3_d1000_05_mr098_r10_137_uai_GSCC_n200_roTrue_s0.csv
2026-02-02 16:19:23,637|INFO|random_mc2_n6_mid3_d1000_05_mr098_r10_169_uai_GSCC_n200_roFalse_s0: [0.0066,0.0314]	 115 runs	 rmse=0.01079	 T_learn=30121 ms. 	 T_infer=3508 ms.
2026-02-02 16:19:23,643|INFO|random_mc2_n6_mid3_d1000_05_mr098_r10_169_uai_GSCC_n200_roFalse_s0: Saving results to ../results/synthetic/s123/random_mc2_n6_mid3_d1000_05_mr098_r10_169_uai_GSCC_n200_roFalse_s0.csv
2026-02-02 16:19:23,649|INFO|random_mc2_n5_mid3_d1000_05_mr098_r10_63_uai_GSCC_n200_roTrue_s0: [0.0001,0.1148]	 127 runs	 rmse=0.05543	 T_learn=14672 ms. 	 T_infer=1803 ms.
2026-02-02 16:19:23,656|INFO|random_mc2_n5_mid3_d1000_05_mr098_r10_63_uai_GSCC_n200_roTrue_s0: Saving results to ../results/synthetic/s123/random_mc2_n5_mid3_d1000_05_mr098_r10_63_uai_GSCC_n200_roTrue_s0.csv
2026-02-02 16:19:24,186|INFO|random_mc2_n6_mid3_d1000_05_mr098_r10_158_uai_GSCC_n200_roFalse_s0: [0.0191,0.0370]	 108 runs	 rmse=0.03343	 T_learn=22342 ms. 	 T_infer=2790 ms.
2026-02-02 16:19:24,192|INFO|random_mc2_n6_mid3_d1000_05_mr098_r10_158_uai_GSCC_n200_roFalse_s0: Saving results to ../results/synthetic/s123/random_mc2_n6_mid3_d1000_05_mr098_r10_158_uai_GSCC_n200_roFalse_s0.csv
2026-02-02 16:19:24,234|INFO|random_mc2_n5_mid3_d1000_05_mr098_r10_31_uai_GSCC_n200_roTrue_s0: [0.0727,0.1423]	 122 runs	 rmse=0.13332	 T_learn=26045 ms. 	 T_infer=2702 ms.
2026-02-02 16:19:24,240|INFO|random_mc2_n5_mid3_d1000_05_mr098_r10_31_uai_GSCC_n200_roTrue_s0: Saving results to ../results/synthetic/s123/random_mc2_n5_mid3_d1000_05_mr098_r10_31_uai_GSCC_n200_roTrue_s0.csv
2026-02-02 16:19:24,317|INFO|random_mc2_n8_mid3_d1000_05_mr098_r10_3_uai_GSCC_n200_roTrue_s0: [0.0235,0.0375]	 31 runs	 rmse=0.03802	 T_learn=15054 ms. 	 T_infer=2261 ms.
2026-02-02 16:19:24,322|INFO|random_mc2_n8_mid3_d1000_05_mr098_r10_3_uai_GSCC_n200_roTrue_s0: Saving results to ../results/synthetic/s123/random_mc2_n8_mid3_d1000_05_mr098_r10_3_uai_GSCC_n200_roTrue_s0.csv
2026-02-02 16:19:24,326|INFO|random_mc2_n5_mid3_d1000_05_mr098_r10_141_uai_GSCC_n200_roTrue_s0: [0.0722,0.1946]	 98 runs	 rmse=0.07919	 T_learn=32585 ms. 	 T_infer=4089 ms.
2026-02-02 16:19:24,331|INFO|random_mc2_n5_mid3_d1000_05_mr098_r10_141_uai_GSCC_n200_roTrue_s0: Saving results to ../results/synthetic/s123/random_mc2_n5_mid3_d1000_05_mr098_r10_141_uai_GSCC_n200_roTrue_s0.csv
2026-02-02 16:19:24,333|INFO|random_mc2_n6_mid3_d1000_05_mr098_r10_144_uai_GSCC_n200_roTrue_s0: [0.0139,0.0222]	 70 runs	 rmse=0.01452	 T_learn=21531 ms. 	 T_infer=3561 ms.
2026-02-02 16:19:24,338|INFO|random_mc2_n6_mid3_d1000_05_mr098_r10_144_uai_GSCC_n200_roTrue_s0: Saving results to ../results/synthetic/s123/random_mc2_n6_mid3_d1000_05_mr098_r10_144_uai_GSCC_n200_roTrue_s0.csv
2026-02-02 16:19:24,375|INFO|random_mc2_n5_mid3_d1000_05_mr098_r10_169_uai_GSCC_n200_roTrue_s0: [0.1389,0.2856]	 174 runs	 rmse=0.21455	 T_learn=22485 ms. 	 T_infer=1828 ms.
2026-02-02 16:19:24,384|INFO|random_mc2_n5_mid3_d1000_05_mr098_r10_169_uai_GSCC_n200_roTrue_s0: Saving results to ../results/synthetic/s123/random_mc2_n5_mid3_d1000_05_mr098_r10_169_uai_GSCC_n200_roTrue_s0.csv
2026-02-02 16:19:24,479|INFO|random_mc2_n7_mid3_d1000_05_mr098_r10_6_uai_GSCC_n200_roFalse_s0: [0.0078,0.0319]	 43 runs	 rmse=0.00851	 T_learn=24452 ms. 	 T_infer=4422 ms.
2026-02-02 16:19:24,484|INFO|random_mc2_n7_mid3_d1000_05_mr098_r10_6_uai_GSCC_n200_roFalse_s0: Saving results to ../results/synthetic/s123/random_mc2_n7_mid3_d1000_05_mr098_r10_6_uai_GSCC_n200_roFalse_s0.csv
2026-02-02 16:19:24,503|INFO|random_mc2_n6_mid3_d1000_05_mr098_r10_137_uai_GSCC_n200_roTrue_s0: [0.1208,0.2916]	 60 runs	 rmse=0.12254	 T_learn=7604 ms. 	 T_infer=788 ms.
2026-02-02 16:19:24,509|INFO|random_mc2_n6_mid3_d1000_05_mr098_r10_137_uai_GSCC_n200_roTrue_s0: Saving results to ../results/synthetic/s123/random_mc2_n6_mid3_d1000_05_mr098_r10_137_uai_GSCC_n200_roTrue_s0.csv
2026-02-02 16:19:24,593|INFO|random_mc2_n5_mid3_d1000_05_mr098_r10_190_uai_GSCC_n200_roTrue_s0: [0.0389,0.0746]	 102 runs	 rmse=0.07999	 T_learn=21027 ms. 	 T_infer=2866 ms.
2026-02-02 16:19:24,599|INFO|random_mc2_n5_mid3_d1000_05_mr098_r10_190_uai_GSCC_n200_roTrue_s0: Saving results to ../results/synthetic/s123/random_mc2_n5_mid3_d1000_05_mr098_r10_190_uai_GSCC_n200_roTrue_s0.csv
2026-02-02 16:19:24,758|INFO|random_mc2_n5_mid3_d1000_05_mr098_r10_188_uai_GSCC_n200_roFalse_s0: [0.0011,0.0124]	 99 runs	 rmse=0.03702	 T_learn=16570 ms. 	 T_infer=2337 ms.
2026-02-02 16:19:24,764|INFO|random_mc2_n5_mid3_d1000_05_mr098_r10_188_uai_GSCC_n200_roFalse_s0: Saving results to ../results/synthetic/s123/random_mc2_n5_mid3_d1000_05_mr098_r10_188_uai_GSCC_n200_roFalse_s0.csv
2026-02-02 16:19:25,382|INFO|random_mc2_n6_mid3_d1000_05_mr098_r10_71_uai_GSCC_n200_roFalse_s0: [0.5153,0.6281]	 85 runs	 rmse=0.02577	 T_learn=35138 ms. 	 T_infer=4667 ms.
2026-02-02 16:19:25,389|INFO|random_mc2_n6_mid3_d1000_05_mr098_r10_71_uai_GSCC_n200_roFalse_s0: Saving results to ../results/synthetic/s123/random_mc2_n6_mid3_d1000_05_mr098_r10_71_uai_GSCC_n200_roFalse_s0.csv
2026-02-02 16:19:25,421|INFO|random_mc2_n6_mid3_d1000_05_mr098_r10_137_uai_GSCC_n200_roTrue_s0: [0.1208,0.2916]	 61 runs	 rmse=0.12254	 T_learn=7714 ms. 	 T_infer=802 ms.
2026-02-02 16:19:25,426|INFO|random_mc2_n6_mid3_d1000_05_mr098_r10_137_uai_GSCC_n200_roTrue_s0: Saving results to ../results/synthetic/s123/random_mc2_n6_mid3_d1000_05_mr098_r10_137_uai_GSCC_n200_roTrue_s0.csv
2026-02-02 16:19:25,536|INFO|random_mc2_n5_mid3_d1000_05_mr098_r10_44_uai_GSCC_n200_roFalse_s0: [0.0156,0.0352]	 90 runs	 rmse=0.00699	 T_learn=32511 ms. 	 T_infer=4479 ms.
2026-02-02 16:19:25,542|INFO|random_mc2_n5_mid3_d1000_05_mr098_r10_44_uai_GSCC_n200_roFalse_s0: Saving results to ../results/synthetic/s123/random_mc2_n5_mid3_d1000_05_mr098_r10_44_uai_GSCC_n200_roFalse_s0.csv
2026-02-02 16:19:25,543|INFO|random_mc2_n5_mid3_d1000_05_mr098_r10_74_uai_GSCC_n200_roTrue_s0: [0.3068,0.3975]	 61 runs	 rmse=0.12553	 T_learn=27889 ms. 	 T_infer=5049 ms.
2026-02-02 16:19:25,548|INFO|random_mc2_n5_mid3_d1000_05_mr098_r10_74_uai_GSCC_n200_roTrue_s0: Saving results to ../results/synthetic/s123/random_mc2_n5_mid3_d1000_05_mr098_r10_74_uai_GSCC_n200_roTrue_s0.csv
2026-02-02 16:19:25,628|INFO|random_mc2_n5_mid3_d1000_05_mr098_r10_63_uai_GSCC_n200_roTrue_s0: [0.0001,0.1148]	 128 runs	 rmse=0.05543	 T_learn=14827 ms. 	 T_infer=1816 ms.
2026-02-02 16:19:25,634|INFO|random_mc2_n5_mid3_d1000_05_mr098_r10_63_uai_GSCC_n200_roTrue_s0: Saving results to ../results/synthetic/s123/random_mc2_n5_mid3_d1000_05_mr098_r10_63_uai_GSCC_n200_roTrue_s0.csv
2026-02-02 16:19:25,802|INFO|random_mc2_n5_mid3_d1000_05_mr098_r10_195_uai_GSCC_n200_roFalse_s0: [0.0785,0.1988]	 130 runs	 rmse=0.16213	 T_learn=20005 ms. 	 T_infer=2166 ms.
2026-02-02 16:19:25,807|INFO|random_mc2_n5_mid3_d1000_05_mr098_r10_195_uai_GSCC_n200_roFalse_s0: Saving results to ../results/synthetic/s123/random_mc2_n5_mid3_d1000_05_mr098_r10_195_uai_GSCC_n200_roFalse_s0.csv
2026-02-02 16:19:26,346|INFO|random_mc2_n6_mid3_d1000_05_mr098_r10_137_uai_GSCC_n200_roTrue_s0: [0.1208,0.2916]	 62 runs	 rmse=0.12254	 T_learn=7824 ms. 	 T_infer=809 ms.
2026-02-02 16:19:26,350|INFO|random_mc2_n6_mid3_d1000_05_mr098_r10_137_uai_GSCC_n200_roTrue_s0: Saving results to ../results/synthetic/s123/random_mc2_n6_mid3_d1000_05_mr098_r10_137_uai_GSCC_n200_roTrue_s0.csv
2026-02-02 16:19:26,429|INFO|random_mc2_n5_mid3_d1000_05_mr098_r10_169_uai_GSCC_n200_roTrue_s0: [0.1389,0.2856]	 175 runs	 rmse=0.21455	 T_learn=22688 ms. 	 T_infer=1843 ms.
2026-02-02 16:19:26,438|INFO|random_mc2_n5_mid3_d1000_05_mr098_r10_169_uai_GSCC_n200_roTrue_s0: Saving results to ../results/synthetic/s123/random_mc2_n5_mid3_d1000_05_mr098_r10_169_uai_GSCC_n200_roTrue_s0.csv
2026-02-02 16:19:26,450|INFO|random_mc2_n6_mid3_d1000_05_mr098_r10_28_uai_GSCC_n200_roFalse_s0: [0.4503,0.5484]	 86 runs	 rmse=0.08921	 T_learn=32628 ms. 	 T_infer=4470 ms.
2026-02-02 16:19:26,456|INFO|random_mc2_n6_mid3_d1000_05_mr098_r10_28_uai_GSCC_n200_roFalse_s0: Saving results to ../results/synthetic/s123/random_mc2_n6_mid3_d1000_05_mr098_r10_28_uai_GSCC_n200_roFalse_s0.csv
2026-02-02 16:19:26,558|INFO|random_mc2_n5_mid3_d1000_05_mr098_r10_137_uai_GSCC_n200_roFalse_s0: [0.3436,0.4201]	 99 runs	 rmse=0.03004	 T_learn=25714 ms. 	 T_infer=3013 ms.
2026-02-02 16:19:26,564|INFO|random_mc2_n5_mid3_d1000_05_mr098_r10_137_uai_GSCC_n200_roFalse_s0: Saving results to ../results/synthetic/s123/random_mc2_n5_mid3_d1000_05_mr098_r10_137_uai_GSCC_n200_roFalse_s0.csv
2026-02-02 16:19:26,755|INFO|random_mc2_n5_mid3_d1000_05_mr098_r10_102_uai_GSCC_n200_roTrue_s0: [0.3034,0.4775]	 122 runs	 rmse=0.04047	 T_learn=24246 ms. 	 T_infer=3197 ms.
2026-02-02 16:19:26,761|INFO|random_mc2_n5_mid3_d1000_05_mr098_r10_102_uai_GSCC_n200_roTrue_s0: Saving results to ../results/synthetic/s123/random_mc2_n5_mid3_d1000_05_mr098_r10_102_uai_GSCC_n200_roTrue_s0.csv
2026-02-02 16:19:26,866|INFO|random_mc2_n7_mid3_d1000_05_mr098_r10_65_uai_GSCC_n200_roTrue_s0: [0.1633,0.2121]	 56 runs	 rmse=0.01145	 T_learn=21416 ms. 	 T_infer=3585 ms.
2026-02-02 16:19:26,871|INFO|random_mc2_n7_mid3_d1000_05_mr098_r10_65_uai_GSCC_n200_roTrue_s0: Saving results to ../results/synthetic/s123/random_mc2_n7_mid3_d1000_05_mr098_r10_65_uai_GSCC_n200_roTrue_s0.csv
2026-02-02 16:19:26,954|INFO|random_mc2_n8_mid3_d1000_05_mr098_r10_3_uai_GSCC_n200_roTrue_s0: [0.0235,0.0375]	 32 runs	 rmse=0.03802	 T_learn=15356 ms. 	 T_infer=2330 ms.
2026-02-02 16:19:26,958|INFO|random_mc2_n8_mid3_d1000_05_mr098_r10_3_uai_GSCC_n200_roTrue_s0: Saving results to ../results/synthetic/s123/random_mc2_n8_mid3_d1000_05_mr098_r10_3_uai_GSCC_n200_roTrue_s0.csv
2026-02-02 16:19:26,974|INFO|random_mc2_n6_mid3_d1000_05_mr098_r10_72_uai_GSCC_n200_roTrue_s0: [0.0627,0.0981]	 90 runs	 rmse=0.04880	 T_learn=36540 ms. 	 T_infer=4405 ms.
2026-02-02 16:19:26,979|INFO|random_mc2_n6_mid3_d1000_05_mr098_r10_72_uai_GSCC_n200_roTrue_s0: Saving results to ../results/synthetic/s123/random_mc2_n6_mid3_d1000_05_mr098_r10_72_uai_GSCC_n200_roTrue_s0.csv
2026-02-02 16:19:27,286|INFO|random_mc2_n5_mid3_d1000_05_mr098_r10_31_uai_GSCC_n200_roTrue_s0: [0.0727,0.1423]	 123 runs	 rmse=0.13332	 T_learn=26367 ms. 	 T_infer=2724 ms.
2026-02-02 16:19:27,292|INFO|random_mc2_n5_mid3_d1000_05_mr098_r10_31_uai_GSCC_n200_roTrue_s0: Saving results to ../results/synthetic/s123/random_mc2_n5_mid3_d1000_05_mr098_r10_31_uai_GSCC_n200_roTrue_s0.csv
2026-02-02 16:19:27,296|INFO|random_mc2_n6_mid3_d1000_05_mr098_r10_137_uai_GSCC_n200_roTrue_s0: [0.1208,0.2916]	 63 runs	 rmse=0.12254	 T_learn=7936 ms. 	 T_infer=835 ms.
2026-02-02 16:19:27,301|INFO|random_mc2_n6_mid3_d1000_05_mr098_r10_158_uai_GSCC_n200_roFalse_s0: [0.0189,0.0370]	 109 runs	 rmse=0.03329	 T_learn=22622 ms. 	 T_infer=2828 ms.
2026-02-02 16:19:27,301|INFO|random_mc2_n6_mid3_d1000_05_mr098_r10_137_uai_GSCC_n200_roTrue_s0: Saving results to ../results/synthetic/s123/random_mc2_n6_mid3_d1000_05_mr098_r10_137_uai_GSCC_n200_roTrue_s0.csv
2026-02-02 16:19:27,306|INFO|random_mc2_n6_mid3_d1000_05_mr098_r10_158_uai_GSCC_n200_roFalse_s0: Saving results to ../results/synthetic/s123/random_mc2_n6_mid3_d1000_05_mr098_r10_158_uai_GSCC_n200_roFalse_s0.csv
2026-02-02 16:19:27,314|INFO|random_mc2_n5_mid3_d1000_05_mr098_r10_188_uai_GSCC_n200_roFalse_s0: [0.0011,0.0124]	 100 runs	 rmse=0.03702	 T_learn=16773 ms. 	 T_infer=2347 ms.
2026-02-02 16:19:27,319|INFO|random_mc2_n5_mid3_d1000_05_mr098_r10_188_uai_GSCC_n200_roFalse_s0: Saving results to ../results/synthetic/s123/random_mc2_n5_mid3_d1000_05_mr098_r10_188_uai_GSCC_n200_roFalse_s0.csv
2026-02-02 16:19:27,425|INFO|random_mc2_n7_mid3_d1000_05_mr098_r10_22_uai_GSCC_n200_roTrue_s0: Loading model from ../models/synthetic/s123/random_mc2_n7_mid3_d1000_05_mr098_r10_22.uai
2026-02-02 16:19:27,439|INFO|random_mc2_n7_mid3_d1000_05_mr098_r10_22_uai_GSCC_n200_roTrue_s0: Loading data from ../models/synthetic/s123/random_mc2_n7_mid3_d1000_05_mr098_r10_22.csv
2026-02-02 16:19:27,448|INFO|random_mc2_n7_mid3_d1000_05_mr098_r10_22_uai_GSCC_n200_roTrue_s0: PNS(V1,V0) exact: (0.4818094928831341, 0.6444694971595442)
2026-02-02 16:19:27,625|INFO|random_mc2_n5_mid3_d1000_05_mr098_r10_63_uai_GSCC_n200_roTrue_s0: [0.0001,0.1148]	 129 runs	 rmse=0.05543	 T_learn=14983 ms. 	 T_infer=1835 ms.
2026-02-02 16:19:27,631|INFO|random_mc2_n5_mid3_d1000_05_mr098_r10_63_uai_GSCC_n200_roTrue_s0: Saving results to ../results/synthetic/s123/random_mc2_n5_mid3_d1000_05_mr098_r10_63_uai_GSCC_n200_roTrue_s0.csv
2026-02-02 16:19:27,635|INFO|random_mc2_n5_mid3_d1000_05_mr098_r10_190_uai_GSCC_n200_roTrue_s0: [0.0389,0.0746]	 103 runs	 rmse=0.07999	 T_learn=21305 ms. 	 T_infer=2758 ms.
2026-02-02 16:19:27,640|INFO|random_mc2_n5_mid3_d1000_05_mr098_r10_190_uai_GSCC_n200_roTrue_s0: Saving results to ../results/synthetic/s123/random_mc2_n5_mid3_d1000_05_mr098_r10_190_uai_GSCC_n200_roTrue_s0.csv
2026-02-02 16:19:27,680|INFO|random_mc2_n6_mid3_d1000_05_mr098_r10_169_uai_GSCC_n200_roFalse_s0: [0.0066,0.0314]	 116 runs	 rmse=0.01079	 T_learn=30481 ms. 	 T_infer=3678 ms.
2026-02-02 16:19:27,686|INFO|random_mc2_n6_mid3_d1000_05_mr098_r10_169_uai_GSCC_n200_roFalse_s0: Saving results to ../results/synthetic/s123/random_mc2_n6_mid3_d1000_05_mr098_r10_169_uai_GSCC_n200_roFalse_s0.csv
2026-02-02 16:19:28,222|INFO|random_mc2_n5_mid3_d1000_05_mr098_r10_195_uai_GSCC_n200_roFalse_s0: [0.0785,0.2018]	 131 runs	 rmse=0.15925	 T_learn=20218 ms. 	 T_infer=2201 ms.
2026-02-02 16:19:28,227|INFO|random_mc2_n5_mid3_d1000_05_mr098_r10_195_uai_GSCC_n200_roFalse_s0: Saving results to ../results/synthetic/s123/random_mc2_n5_mid3_d1000_05_mr098_r10_195_uai_GSCC_n200_roFalse_s0.csv
2026-02-02 16:19:28,269|INFO|random_mc2_n6_mid3_d1000_05_mr098_r10_137_uai_GSCC_n200_roTrue_s0: [0.1208,0.2916]	 64 runs	 rmse=0.12254	 T_learn=8050 ms. 	 T_infer=853 ms.
2026-02-02 16:19:28,274|INFO|random_mc2_n6_mid3_d1000_05_mr098_r10_137_uai_GSCC_n200_roTrue_s0: Saving results to ../results/synthetic/s123/random_mc2_n6_mid3_d1000_05_mr098_r10_137_uai_GSCC_n200_roTrue_s0.csv
trainable: ['V7', 'V2', 'V6']
2026-02-02 16:19:28,409|INFO|random_mc2_n6_mid3_d1000_05_mr098_r10_144_uai_GSCC_n200_roTrue_s0: [0.0139,0.0222]	 71 runs	 rmse=0.01452	 T_learn=21967 ms. 	 T_infer=3634 ms.
2026-02-02 16:19:28,413|INFO|random_mc2_n6_mid3_d1000_05_mr098_r10_144_uai_GSCC_n200_roTrue_s0: Saving results to ../results/synthetic/s123/random_mc2_n6_mid3_d1000_05_mr098_r10_144_uai_GSCC_n200_roTrue_s0.csv
2026-02-02 16:19:28,653|INFO|random_mc2_n5_mid3_d1000_05_mr098_r10_169_uai_GSCC_n200_roTrue_s0: [0.1389,0.2856]	 176 runs	 rmse=0.21455	 T_learn=22891 ms. 	 T_infer=2011 ms.
2026-02-02 16:19:28,660|INFO|random_mc2_n5_mid3_d1000_05_mr098_r10_169_uai_GSCC_n200_roTrue_s0: Saving results to ../results/synthetic/s123/random_mc2_n5_mid3_d1000_05_mr098_r10_169_uai_GSCC_n200_roTrue_s0.csv
2026-02-02 16:19:29,009|INFO|random_mc2_n5_mid3_d1000_05_mr098_r10_141_uai_GSCC_n200_roTrue_s0: [0.0721,0.1946]	 99 runs	 rmse=0.07913	 T_learn=33108 ms. 	 T_infer=4155 ms.
2026-02-02 16:19:29,014|INFO|random_mc2_n5_mid3_d1000_05_mr098_r10_141_uai_GSCC_n200_roTrue_s0: Saving results to ../results/synthetic/s123/random_mc2_n5_mid3_d1000_05_mr098_r10_141_uai_GSCC_n200_roTrue_s0.csv
2026-02-02 16:19:29,267|INFO|random_mc2_n6_mid3_d1000_05_mr098_r10_137_uai_GSCC_n200_roTrue_s0: [0.1208,0.2916]	 65 runs	 rmse=0.12254	 T_learn=8167 ms. 	 T_infer=876 ms.
2026-02-02 16:19:29,273|INFO|random_mc2_n6_mid3_d1000_05_mr098_r10_137_uai_GSCC_n200_roTrue_s0: Saving results to ../results/synthetic/s123/random_mc2_n6_mid3_d1000_05_mr098_r10_137_uai_GSCC_n200_roTrue_s0.csv
2026-02-02 16:19:29,669|INFO|random_mc2_n7_mid3_d1000_05_mr098_r10_6_uai_GSCC_n200_roFalse_s0: [0.0078,0.0319]	 44 runs	 rmse=0.00851	 T_learn=25071 ms. 	 T_infer=4566 ms.
2026-02-02 16:19:29,675|INFO|random_mc2_n7_mid3_d1000_05_mr098_r10_6_uai_GSCC_n200_roFalse_s0: Saving results to ../results/synthetic/s123/random_mc2_n7_mid3_d1000_05_mr098_r10_6_uai_GSCC_n200_roFalse_s0.csv
2026-02-02 16:19:29,712|INFO|random_mc2_n8_mid3_d1000_05_mr098_r10_3_uai_GSCC_n200_roTrue_s0: [0.0235,0.0375]	 33 runs	 rmse=0.03802	 T_learn=15666 ms. 	 T_infer=2443 ms.
2026-02-02 16:19:29,717|INFO|random_mc2_n8_mid3_d1000_05_mr098_r10_3_uai_GSCC_n200_roTrue_s0: Saving results to ../results/synthetic/s123/random_mc2_n8_mid3_d1000_05_mr098_r10_3_uai_GSCC_n200_roTrue_s0.csv
2026-02-02 16:19:29,808|INFO|random_mc2_n5_mid3_d1000_05_mr098_r10_63_uai_GSCC_n200_roTrue_s0: [0.0001,0.1148]	 130 runs	 rmse=0.05543	 T_learn=15142 ms. 	 T_infer=2018 ms.
2026-02-02 16:19:29,814|INFO|random_mc2_n5_mid3_d1000_05_mr098_r10_63_uai_GSCC_n200_roTrue_s0: Saving results to ../results/synthetic/s123/random_mc2_n5_mid3_d1000_05_mr098_r10_63_uai_GSCC_n200_roTrue_s0.csv
2026-02-02 16:19:29,934|INFO|random_mc2_n5_mid3_d1000_05_mr098_r10_188_uai_GSCC_n200_roFalse_s0: [0.0011,0.0124]	 101 runs	 rmse=0.03702	 T_learn=16977 ms. 	 T_infer=2410 ms.
2026-02-02 16:19:29,940|INFO|random_mc2_n5_mid3_d1000_05_mr098_r10_188_uai_GSCC_n200_roFalse_s0: Saving results to ../results/synthetic/s123/random_mc2_n5_mid3_d1000_05_mr098_r10_188_uai_GSCC_n200_roFalse_s0.csv
2026-02-02 16:19:30,049|INFO|random_mc2_n5_mid3_d1000_05_mr098_r10_137_uai_GSCC_n200_roFalse_s0: [0.3436,0.4201]	 100 runs	 rmse=0.03004	 T_learn=26103 ms. 	 T_infer=3096 ms.
2026-02-02 16:19:30,088|INFO|random_mc2_n5_mid3_d1000_05_mr098_r10_137_uai_GSCC_n200_roFalse_s0: Saving results to ../results/synthetic/s123/random_mc2_n5_mid3_d1000_05_mr098_r10_137_uai_GSCC_n200_roFalse_s0.csv
2026-02-02 16:19:30,188|INFO|random_mc2_n5_mid3_d1000_05_mr098_r10_102_uai_GSCC_n200_roTrue_s0: [0.3034,0.4775]	 123 runs	 rmse=0.04047	 T_learn=24533 ms. 	 T_infer=3140 ms.
2026-02-02 16:19:30,194|INFO|random_mc2_n5_mid3_d1000_05_mr098_r10_102_uai_GSCC_n200_roTrue_s0: Saving results to ../results/synthetic/s123/random_mc2_n5_mid3_d1000_05_mr098_r10_102_uai_GSCC_n200_roTrue_s0.csv
2026-02-02 16:19:30,268|INFO|random_mc2_n6_mid3_d1000_05_mr098_r10_137_uai_GSCC_n200_roTrue_s0: [0.1208,0.2916]	 66 runs	 rmse=0.12254	 T_learn=8290 ms. 	 T_infer=872 ms.
2026-02-02 16:19:30,273|INFO|random_mc2_n6_mid3_d1000_05_mr098_r10_137_uai_GSCC_n200_roTrue_s0: Saving results to ../results/synthetic/s123/random_mc2_n6_mid3_d1000_05_mr098_r10_137_uai_GSCC_n200_roTrue_s0.csv
2026-02-02 16:19:30,558|INFO|random_mc2_n5_mid3_d1000_05_mr098_r10_31_uai_GSCC_n200_roTrue_s0: [0.0727,0.1423]	 124 runs	 rmse=0.13332	 T_learn=26696 ms. 	 T_infer=2937 ms.
2026-02-02 16:19:30,564|INFO|random_mc2_n5_mid3_d1000_05_mr098_r10_31_uai_GSCC_n200_roTrue_s0: Saving results to ../results/synthetic/s123/random_mc2_n5_mid3_d1000_05_mr098_r10_31_uai_GSCC_n200_roTrue_s0.csv
2026-02-02 16:19:30,619|INFO|random_mc2_n6_mid3_d1000_05_mr098_r10_158_uai_GSCC_n200_roFalse_s0: [0.0189,0.0370]	 110 runs	 rmse=0.03329	 T_learn=22906 ms. 	 T_infer=3028 ms.
2026-02-02 16:19:30,625|INFO|random_mc2_n6_mid3_d1000_05_mr098_r10_158_uai_GSCC_n200_roFalse_s0: Saving results to ../results/synthetic/s123/random_mc2_n6_mid3_d1000_05_mr098_r10_158_uai_GSCC_n200_roFalse_s0.csv
2026-02-02 16:19:30,730|INFO|random_mc2_n5_mid3_d1000_05_mr098_r10_169_uai_GSCC_n200_roTrue_s0: [0.1389,0.2856]	 177 runs	 rmse=0.21455	 T_learn=23096 ms. 	 T_infer=1865 ms.
2026-02-02 16:19:30,734|INFO|random_mc2_n5_mid3_d1000_05_mr098_r10_190_uai_GSCC_n200_roTrue_s0: [0.0389,0.0746]	 104 runs	 rmse=0.07999	 T_learn=21584 ms. 	 T_infer=2816 ms.
2026-02-02 16:19:30,739|INFO|random_mc2_n5_mid3_d1000_05_mr098_r10_169_uai_GSCC_n200_roTrue_s0: Saving results to ../results/synthetic/s123/random_mc2_n5_mid3_d1000_05_mr098_r10_169_uai_GSCC_n200_roTrue_s0.csv
2026-02-02 16:19:30,745|INFO|random_mc2_n5_mid3_d1000_05_mr098_r10_190_uai_GSCC_n200_roTrue_s0: Saving results to ../results/synthetic/s123/random_mc2_n5_mid3_d1000_05_mr098_r10_190_uai_GSCC_n200_roTrue_s0.csv
2026-02-02 16:19:30,782|INFO|random_mc2_n6_mid3_d1000_05_mr098_r10_71_uai_GSCC_n200_roFalse_s0: [0.5153,0.6281]	 86 runs	 rmse=0.02577	 T_learn=35766 ms. 	 T_infer=4765 ms.
2026-02-02 16:19:30,787|INFO|random_mc2_n6_mid3_d1000_05_mr098_r10_71_uai_GSCC_n200_roFalse_s0: Saving results to ../results/synthetic/s123/random_mc2_n6_mid3_d1000_05_mr098_r10_71_uai_GSCC_n200_roFalse_s0.csv
2026-02-02 16:19:30,825|INFO|random_mc2_n5_mid3_d1000_05_mr098_r10_195_uai_GSCC_n200_roFalse_s0: [0.0785,0.2078]	 132 runs	 rmse=0.15359	 T_learn=20437 ms. 	 T_infer=2379 ms.
2026-02-02 16:19:30,832|INFO|random_mc2_n5_mid3_d1000_05_mr098_r10_195_uai_GSCC_n200_roFalse_s0: Saving results to ../results/synthetic/s123/random_mc2_n5_mid3_d1000_05_mr098_r10_195_uai_GSCC_n200_roFalse_s0.csv
2026-02-02 16:19:30,840|INFO|random_mc2_n5_mid3_d1000_05_mr098_r10_44_uai_GSCC_n200_roFalse_s0: [0.0156,0.0352]	 91 runs	 rmse=0.00699	 T_learn=33094 ms. 	 T_infer=4715 ms.
2026-02-02 16:19:30,846|INFO|random_mc2_n5_mid3_d1000_05_mr098_r10_44_uai_GSCC_n200_roFalse_s0: Saving results to ../results/synthetic/s123/random_mc2_n5_mid3_d1000_05_mr098_r10_44_uai_GSCC_n200_roFalse_s0.csv
2026-02-02 16:19:31,014|INFO|random_mc2_n7_mid3_d1000_05_mr098_r10_65_uai_GSCC_n200_roTrue_s0: [0.1633,0.2121]	 57 runs	 rmse=0.01145	 T_learn=21862 ms. 	 T_infer=3698 ms.
2026-02-02 16:19:31,020|INFO|random_mc2_n7_mid3_d1000_05_mr098_r10_65_uai_GSCC_n200_roTrue_s0: Saving results to ../results/synthetic/s123/random_mc2_n7_mid3_d1000_05_mr098_r10_65_uai_GSCC_n200_roTrue_s0.csv
2026-02-02 16:19:31,237|INFO|random_mc2_n5_mid3_d1000_05_mr098_r10_74_uai_GSCC_n200_roTrue_s0: [0.3068,0.3975]	 62 runs	 rmse=0.12553	 T_learn=28526 ms. 	 T_infer=5052 ms.
2026-02-02 16:19:31,243|INFO|random_mc2_n5_mid3_d1000_05_mr098_r10_74_uai_GSCC_n200_roTrue_s0: Saving results to ../results/synthetic/s123/random_mc2_n5_mid3_d1000_05_mr098_r10_74_uai_GSCC_n200_roTrue_s0.csv
2026-02-02 16:19:31,403|INFO|random_mc2_n6_mid3_d1000_05_mr098_r10_137_uai_GSCC_n200_roTrue_s0: [0.1208,0.2916]	 67 runs	 rmse=0.12254	 T_learn=8407 ms. 	 T_infer=1013 ms.
2026-02-02 16:19:31,408|INFO|random_mc2_n6_mid3_d1000_05_mr098_r10_137_uai_GSCC_n200_roTrue_s0: Saving results to ../results/synthetic/s123/random_mc2_n6_mid3_d1000_05_mr098_r10_137_uai_GSCC_n200_roTrue_s0.csv
2026-02-02 16:19:31,447|INFO|random_mc2_n6_mid3_d1000_05_mr098_r10_28_uai_GSCC_n200_roFalse_s0: [0.4503,0.5484]	 87 runs	 rmse=0.08921	 T_learn=33217 ms. 	 T_infer=4401 ms.
2026-02-02 16:19:31,453|INFO|random_mc2_n6_mid3_d1000_05_mr098_r10_28_uai_GSCC_n200_roFalse_s0: Saving results to ../results/synthetic/s123/random_mc2_n6_mid3_d1000_05_mr098_r10_28_uai_GSCC_n200_roFalse_s0.csv
2026-02-02 16:19:31,665|INFO|random_mc2_n6_mid3_d1000_05_mr098_r10_169_uai_GSCC_n200_roFalse_s0: [0.0066,0.0314]	 117 runs	 rmse=0.01079	 T_learn=30856 ms. 	 T_infer=3604 ms.
2026-02-02 16:19:31,670|INFO|random_mc2_n6_mid3_d1000_05_mr098_r10_169_uai_GSCC_n200_roFalse_s0: Saving results to ../results/synthetic/s123/random_mc2_n6_mid3_d1000_05_mr098_r10_169_uai_GSCC_n200_roFalse_s0.csv
2026-02-02 16:19:31,830|INFO|random_mc2_n5_mid3_d1000_05_mr098_r10_63_uai_GSCC_n200_roTrue_s0: [0.0001,0.1148]	 131 runs	 rmse=0.05543	 T_learn=15301 ms. 	 T_infer=1857 ms.
2026-02-02 16:19:31,836|INFO|random_mc2_n5_mid3_d1000_05_mr098_r10_63_uai_GSCC_n200_roTrue_s0: Saving results to ../results/synthetic/s123/random_mc2_n5_mid3_d1000_05_mr098_r10_63_uai_GSCC_n200_roTrue_s0.csv
2026-02-02 16:19:32,064|INFO|random_mc2_n6_mid3_d1000_05_mr098_r10_72_uai_GSCC_n200_roTrue_s0: [0.0627,0.0981]	 91 runs	 rmse=0.04880	 T_learn=37135 ms. 	 T_infer=4491 ms.
2026-02-02 16:19:32,070|INFO|random_mc2_n6_mid3_d1000_05_mr098_r10_72_uai_GSCC_n200_roTrue_s0: Saving results to ../results/synthetic/s123/random_mc2_n6_mid3_d1000_05_mr098_r10_72_uai_GSCC_n200_roTrue_s0.csv
2026-02-02 16:19:32,422|INFO|random_mc2_n6_mid3_d1000_05_mr098_r10_137_uai_GSCC_n200_roTrue_s0: [0.1208,0.2916]	 68 runs	 rmse=0.12254	 T_learn=8526 ms. 	 T_infer=895 ms.
2026-02-02 16:19:32,427|INFO|random_mc2_n6_mid3_d1000_05_mr098_r10_137_uai_GSCC_n200_roTrue_s0: Saving results to ../results/synthetic/s123/random_mc2_n6_mid3_d1000_05_mr098_r10_137_uai_GSCC_n200_roTrue_s0.csv
2026-02-02 16:19:32,554|INFO|random_mc2_n6_mid3_d1000_05_mr098_r10_144_uai_GSCC_n200_roTrue_s0: [0.0139,0.0222]	 72 runs	 rmse=0.01452	 T_learn=22408 ms. 	 T_infer=3699 ms.
2026-02-02 16:19:32,560|INFO|random_mc2_n6_mid3_d1000_05_mr098_r10_144_uai_GSCC_n200_roTrue_s0: Saving results to ../results/synthetic/s123/random_mc2_n6_mid3_d1000_05_mr098_r10_144_uai_GSCC_n200_roTrue_s0.csv
2026-02-02 16:19:32,655|INFO|random_mc2_n8_mid3_d1000_05_mr098_r10_3_uai_GSCC_n200_roTrue_s0: [0.0235,0.0375]	 34 runs	 rmse=0.03802	 T_learn=15976 ms. 	 T_infer=2629 ms.
2026-02-02 16:19:32,661|INFO|random_mc2_n8_mid3_d1000_05_mr098_r10_3_uai_GSCC_n200_roTrue_s0: Saving results to ../results/synthetic/s123/random_mc2_n8_mid3_d1000_05_mr098_r10_3_uai_GSCC_n200_roTrue_s0.csv
2026-02-02 16:19:32,696|INFO|random_mc2_n5_mid3_d1000_05_mr098_r10_188_uai_GSCC_n200_roFalse_s0: [0.0011,0.0124]	 102 runs	 rmse=0.03702	 T_learn=17178 ms. 	 T_infer=2555 ms.
2026-02-02 16:19:32,701|INFO|random_mc2_n5_mid3_d1000_05_mr098_r10_188_uai_GSCC_n200_roFalse_s0: Saving results to ../results/synthetic/s123/random_mc2_n5_mid3_d1000_05_mr098_r10_188_uai_GSCC_n200_roFalse_s0.csv
2026-02-02 16:19:32,821|INFO|random_mc2_n5_mid3_d1000_05_mr098_r10_169_uai_GSCC_n200_roTrue_s0: [0.1389,0.2856]	 178 runs	 rmse=0.21455	 T_learn=23301 ms. 	 T_infer=1877 ms.
2026-02-02 16:19:32,828|INFO|random_mc2_n5_mid3_d1000_05_mr098_r10_169_uai_GSCC_n200_roTrue_s0: Saving results to ../results/synthetic/s123/random_mc2_n5_mid3_d1000_05_mr098_r10_169_uai_GSCC_n200_roTrue_s0.csv
2026-02-02 16:19:33,435|INFO|random_mc2_n5_mid3_d1000_05_mr098_r10_195_uai_GSCC_n200_roFalse_s0: [0.0785,0.2247]	 133 runs	 rmse=0.13792	 T_learn=20657 ms. 	 T_infer=2382 ms.
2026-02-02 16:19:33,442|INFO|random_mc2_n5_mid3_d1000_05_mr098_r10_195_uai_GSCC_n200_roFalse_s0: Saving results to ../results/synthetic/s123/random_mc2_n5_mid3_d1000_05_mr098_r10_195_uai_GSCC_n200_roFalse_s0.csv
2026-02-02 16:19:33,455|INFO|random_mc2_n6_mid3_d1000_05_mr098_r10_137_uai_GSCC_n200_roTrue_s0: [0.1208,0.2916]	 69 runs	 rmse=0.12254	 T_learn=8649 ms. 	 T_infer=905 ms.
2026-02-02 16:19:33,460|INFO|random_mc2_n6_mid3_d1000_05_mr098_r10_137_uai_GSCC_n200_roTrue_s0: Saving results to ../results/synthetic/s123/random_mc2_n6_mid3_d1000_05_mr098_r10_137_uai_GSCC_n200_roTrue_s0.csv
2026-02-02 16:19:33,583|INFO|random_mc2_n5_mid3_d1000_05_mr098_r10_137_uai_GSCC_n200_roFalse_s0: [0.3436,0.4201]	 101 runs	 rmse=0.03004	 T_learn=26494 ms. 	 T_infer=3104 ms.
2026-02-02 16:19:33,589|INFO|random_mc2_n5_mid3_d1000_05_mr098_r10_137_uai_GSCC_n200_roFalse_s0: Saving results to ../results/synthetic/s123/random_mc2_n5_mid3_d1000_05_mr098_r10_137_uai_GSCC_n200_roFalse_s0.csv
2026-02-02 16:19:33,616|INFO|random_mc2_n5_mid3_d1000_05_mr098_r10_102_uai_GSCC_n200_roTrue_s0: [0.3034,0.4775]	 124 runs	 rmse=0.04047	 T_learn=24818 ms. 	 T_infer=3136 ms.
2026-02-02 16:19:33,623|INFO|random_mc2_n5_mid3_d1000_05_mr098_r10_102_uai_GSCC_n200_roTrue_s0: Saving results to ../results/synthetic/s123/random_mc2_n5_mid3_d1000_05_mr098_r10_102_uai_GSCC_n200_roTrue_s0.csv
2026-02-02 16:19:33,668|INFO|random_mc2_n5_mid3_d1000_05_mr098_r10_31_uai_GSCC_n200_roTrue_s0: [0.0710,0.1423]	 125 runs	 rmse=0.13243	 T_learn=27027 ms. 	 T_infer=2773 ms.
2026-02-02 16:19:33,674|INFO|random_mc2_n5_mid3_d1000_05_mr098_r10_31_uai_GSCC_n200_roTrue_s0: Saving results to ../results/synthetic/s123/random_mc2_n5_mid3_d1000_05_mr098_r10_31_uai_GSCC_n200_roTrue_s0.csv
2026-02-02 16:19:33,785|INFO|random_mc2_n6_mid3_d1000_05_mr098_r10_158_uai_GSCC_n200_roFalse_s0: [0.0189,0.0370]	 111 runs	 rmse=0.03329	 T_learn=23191 ms. 	 T_infer=2874 ms.
2026-02-02 16:19:33,791|INFO|random_mc2_n6_mid3_d1000_05_mr098_r10_158_uai_GSCC_n200_roFalse_s0: Saving results to ../results/synthetic/s123/random_mc2_n6_mid3_d1000_05_mr098_r10_158_uai_GSCC_n200_roFalse_s0.csv
2026-02-02 16:19:33,850|INFO|random_mc2_n5_mid3_d1000_05_mr098_r10_190_uai_GSCC_n200_roTrue_s0: [0.0389,0.0746]	 105 runs	 rmse=0.07999	 T_learn=21868 ms. 	 T_infer=2820 ms.
2026-02-02 16:19:33,854|INFO|random_mc2_n5_mid3_d1000_05_mr098_r10_141_uai_GSCC_n200_roTrue_s0: [0.0721,0.1946]	 100 runs	 rmse=0.07913	 T_learn=33633 ms. 	 T_infer=4314 ms.
2026-02-02 16:19:33,855|INFO|random_mc2_n5_mid3_d1000_05_mr098_r10_190_uai_GSCC_n200_roTrue_s0: Saving results to ../results/synthetic/s123/random_mc2_n5_mid3_d1000_05_mr098_r10_190_uai_GSCC_n200_roTrue_s0.csv
2026-02-02 16:19:33,860|INFO|random_mc2_n5_mid3_d1000_05_mr098_r10_141_uai_GSCC_n200_roTrue_s0: Saving results to ../results/synthetic/s123/random_mc2_n5_mid3_d1000_05_mr098_r10_141_uai_GSCC_n200_roTrue_s0.csv
2026-02-02 16:19:33,869|INFO|random_mc2_n5_mid3_d1000_05_mr098_r10_63_uai_GSCC_n200_roTrue_s0: [0.0001,0.1148]	 132 runs	 rmse=0.05543	 T_learn=15460 ms. 	 T_infer=1873 ms.
2026-02-02 16:19:33,874|INFO|random_mc2_n5_mid3_d1000_05_mr098_r10_63_uai_GSCC_n200_roTrue_s0: Saving results to ../results/synthetic/s123/random_mc2_n5_mid3_d1000_05_mr098_r10_63_uai_GSCC_n200_roTrue_s0.csv
2026-02-02 16:19:34,504|INFO|random_mc2_n6_mid3_d1000_05_mr098_r10_137_uai_GSCC_n200_roTrue_s0: [0.1208,0.2916]	 70 runs	 rmse=0.12254	 T_learn=8770 ms. 	 T_infer=923 ms.
2026-02-02 16:19:34,510|INFO|random_mc2_n6_mid3_d1000_05_mr098_r10_137_uai_GSCC_n200_roTrue_s0: Saving results to ../results/synthetic/s123/random_mc2_n6_mid3_d1000_05_mr098_r10_137_uai_GSCC_n200_roTrue_s0.csv
2026-02-02 16:19:35,078|INFO|random_mc2_n5_mid3_d1000_05_mr098_r10_169_uai_GSCC_n200_roTrue_s0: [0.1389,0.2856]	 179 runs	 rmse=0.21455	 T_learn=23509 ms. 	 T_infer=2042 ms.
2026-02-02 16:19:35,085|INFO|random_mc2_n5_mid3_d1000_05_mr098_r10_169_uai_GSCC_n200_roTrue_s0: Saving results to ../results/synthetic/s123/random_mc2_n5_mid3_d1000_05_mr098_r10_169_uai_GSCC_n200_roTrue_s0.csv
2026-02-02 16:19:35,095|INFO|random_mc2_n7_mid3_d1000_05_mr098_r10_6_uai_GSCC_n200_roFalse_s0: [0.0078,0.0319]	 45 runs	 rmse=0.00851	 T_learn=25708 ms. 	 T_infer=4783 ms.
2026-02-02 16:19:35,102|INFO|random_mc2_n7_mid3_d1000_05_mr098_r10_6_uai_GSCC_n200_roFalse_s0: Saving results to ../results/synthetic/s123/random_mc2_n7_mid3_d1000_05_mr098_r10_6_uai_GSCC_n200_roFalse_s0.csv
2026-02-02 16:19:35,198|INFO|random_mc2_n7_mid3_d1000_05_mr098_r10_65_uai_GSCC_n200_roTrue_s0: [0.1633,0.2121]	 58 runs	 rmse=0.01145	 T_learn=22308 ms. 	 T_infer=3731 ms.
2026-02-02 16:19:35,203|INFO|random_mc2_n7_mid3_d1000_05_mr098_r10_65_uai_GSCC_n200_roTrue_s0: Saving results to ../results/synthetic/s123/random_mc2_n7_mid3_d1000_05_mr098_r10_65_uai_GSCC_n200_roTrue_s0.csv
2026-02-02 16:19:35,325|INFO|random_mc2_n5_mid3_d1000_05_mr098_r10_188_uai_GSCC_n200_roFalse_s0: [0.0011,0.0148]	 103 runs	 rmse=0.03452	 T_learn=17384 ms. 	 T_infer=2417 ms.
2026-02-02 16:19:35,330|INFO|random_mc2_n5_mid3_d1000_05_mr098_r10_188_uai_GSCC_n200_roFalse_s0: Saving results to ../results/synthetic/s123/random_mc2_n5_mid3_d1000_05_mr098_r10_188_uai_GSCC_n200_roFalse_s0.csv
2026-02-02 16:19:35,524|INFO|random_mc2_n8_mid3_d1000_05_mr098_r10_3_uai_GSCC_n200_roTrue_s0: [0.0235,0.0375]	 35 runs	 rmse=0.03802	 T_learn=16297 ms. 	 T_infer=2543 ms.
2026-02-02 16:19:35,529|INFO|random_mc2_n8_mid3_d1000_05_mr098_r10_3_uai_GSCC_n200_roTrue_s0: Saving results to ../results/synthetic/s123/random_mc2_n8_mid3_d1000_05_mr098_r10_3_uai_GSCC_n200_roTrue_s0.csv
2026-02-02 16:19:35,567|INFO|random_mc2_n6_mid3_d1000_05_mr098_r10_137_uai_GSCC_n200_roTrue_s0: [0.1208,0.2916]	 71 runs	 rmse=0.12254	 T_learn=8893 ms. 	 T_infer=934 ms.
2026-02-02 16:19:35,572|INFO|random_mc2_n6_mid3_d1000_05_mr098_r10_137_uai_GSCC_n200_roTrue_s0: Saving results to ../results/synthetic/s123/random_mc2_n6_mid3_d1000_05_mr098_r10_137_uai_GSCC_n200_roTrue_s0.csv
2026-02-02 16:19:35,822|INFO|random_mc2_n6_mid3_d1000_05_mr098_r10_169_uai_GSCC_n200_roFalse_s0: [0.0066,0.0314]	 118 runs	 rmse=0.01079	 T_learn=31254 ms. 	 T_infer=3753 ms.
2026-02-02 16:19:35,828|INFO|random_mc2_n6_mid3_d1000_05_mr098_r10_169_uai_GSCC_n200_roFalse_s0: Saving results to ../results/synthetic/s123/random_mc2_n6_mid3_d1000_05_mr098_r10_169_uai_GSCC_n200_roFalse_s0.csv
2026-02-02 16:19:35,896|INFO|random_mc2_n5_mid3_d1000_05_mr098_r10_195_uai_GSCC_n200_roFalse_s0: [0.0785,0.2436]	 134 runs	 rmse=0.12071	 T_learn=20876 ms. 	 T_infer=2236 ms.
2026-02-02 16:19:35,902|INFO|random_mc2_n5_mid3_d1000_05_mr098_r10_195_uai_GSCC_n200_roFalse_s0: Saving results to ../results/synthetic/s123/random_mc2_n5_mid3_d1000_05_mr098_r10_195_uai_GSCC_n200_roFalse_s0.csv
2026-02-02 16:19:35,923|INFO|random_mc2_n5_mid3_d1000_05_mr098_r10_63_uai_GSCC_n200_roTrue_s0: [0.0001,0.1148]	 133 runs	 rmse=0.05543	 T_learn=15621 ms. 	 T_infer=1888 ms.
2026-02-02 16:19:35,929|INFO|random_mc2_n5_mid3_d1000_05_mr098_r10_63_uai_GSCC_n200_roTrue_s0: Saving results to ../results/synthetic/s123/random_mc2_n5_mid3_d1000_05_mr098_r10_63_uai_GSCC_n200_roTrue_s0.csv
2026-02-02 16:19:36,030|INFO|random_mc2_n5_mid3_d1000_05_mr098_r10_44_uai_GSCC_n200_roFalse_s0: [0.0156,0.0352]	 92 runs	 rmse=0.00699	 T_learn=33695 ms. 	 T_infer=4584 ms.
2026-02-02 16:19:36,036|INFO|random_mc2_n5_mid3_d1000_05_mr098_r10_44_uai_GSCC_n200_roFalse_s0: Saving results to ../results/synthetic/s123/random_mc2_n5_mid3_d1000_05_mr098_r10_44_uai_GSCC_n200_roFalse_s0.csv
2026-02-02 16:19:36,228|INFO|random_mc2_n6_mid3_d1000_05_mr098_r10_71_uai_GSCC_n200_roFalse_s0: [0.5153,0.6281]	 87 runs	 rmse=0.02577	 T_learn=36416 ms. 	 T_infer=4791 ms.
2026-02-02 16:19:36,233|INFO|random_mc2_n6_mid3_d1000_05_mr098_r10_71_uai_GSCC_n200_roFalse_s0: Saving results to ../results/synthetic/s123/random_mc2_n6_mid3_d1000_05_mr098_r10_71_uai_GSCC_n200_roFalse_s0.csv
2026-02-02 16:19:36,504|INFO|random_mc2_n6_mid3_d1000_05_mr098_r10_28_uai_GSCC_n200_roFalse_s0: [0.4503,0.5484]	 88 runs	 rmse=0.08921	 T_learn=33811 ms. 	 T_infer=4457 ms.
2026-02-02 16:19:36,510|INFO|random_mc2_n6_mid3_d1000_05_mr098_r10_28_uai_GSCC_n200_roFalse_s0: Saving results to ../results/synthetic/s123/random_mc2_n6_mid3_d1000_05_mr098_r10_28_uai_GSCC_n200_roFalse_s0.csv
2026-02-02 16:19:36,660|INFO|random_mc2_n6_mid3_d1000_05_mr098_r10_137_uai_GSCC_n200_roTrue_s0: [0.1208,0.2916]	 72 runs	 rmse=0.12254	 T_learn=9019 ms. 	 T_infer=962 ms.
2026-02-02 16:19:36,666|INFO|random_mc2_n6_mid3_d1000_05_mr098_r10_137_uai_GSCC_n200_roTrue_s0: Saving results to ../results/synthetic/s123/random_mc2_n6_mid3_d1000_05_mr098_r10_137_uai_GSCC_n200_roTrue_s0.csv
2026-02-02 16:19:36,805|INFO|random_mc2_n5_mid3_d1000_05_mr098_r10_31_uai_GSCC_n200_roTrue_s0: [0.0700,0.1423]	 126 runs	 rmse=0.13196	 T_learn=27353 ms. 	 T_infer=2805 ms.
2026-02-02 16:19:36,811|INFO|random_mc2_n5_mid3_d1000_05_mr098_r10_31_uai_GSCC_n200_roTrue_s0: Saving results to ../results/synthetic/s123/random_mc2_n5_mid3_d1000_05_mr098_r10_31_uai_GSCC_n200_roTrue_s0.csv
2026-02-02 16:19:36,874|INFO|random_mc2_n6_mid3_d1000_05_mr098_r10_144_uai_GSCC_n200_roTrue_s0: [0.0139,0.0222]	 73 runs	 rmse=0.01452	 T_learn=22851 ms. 	 T_infer=3873 ms.
2026-02-02 16:19:36,880|INFO|random_mc2_n6_mid3_d1000_05_mr098_r10_144_uai_GSCC_n200_roTrue_s0: Saving results to ../results/synthetic/s123/random_mc2_n6_mid3_d1000_05_mr098_r10_144_uai_GSCC_n200_roTrue_s0.csv
2026-02-02 16:19:36,946|INFO|random_mc2_n5_mid3_d1000_05_mr098_r10_74_uai_GSCC_n200_roTrue_s0: [0.3068,0.3975]	 63 runs	 rmse=0.12553	 T_learn=29174 ms. 	 T_infer=5055 ms.
2026-02-02 16:19:36,952|INFO|random_mc2_n5_mid3_d1000_05_mr098_r10_74_uai_GSCC_n200_roTrue_s0: Saving results to ../results/synthetic/s123/random_mc2_n5_mid3_d1000_05_mr098_r10_74_uai_GSCC_n200_roTrue_s0.csv
2026-02-02 16:19:36,975|INFO|random_mc2_n6_mid3_d1000_05_mr098_r10_158_uai_GSCC_n200_roFalse_s0: [0.0189,0.0370]	 112 runs	 rmse=0.03329	 T_learn=23473 ms. 	 T_infer=2902 ms.
2026-02-02 16:19:36,980|INFO|random_mc2_n6_mid3_d1000_05_mr098_r10_158_uai_GSCC_n200_roFalse_s0: Saving results to ../results/synthetic/s123/random_mc2_n6_mid3_d1000_05_mr098_r10_158_uai_GSCC_n200_roFalse_s0.csv
2026-02-02 16:19:37,116|INFO|random_mc2_n5_mid3_d1000_05_mr098_r10_190_uai_GSCC_n200_roTrue_s0: [0.0389,0.0749]	 106 runs	 rmse=0.07970	 T_learn=22148 ms. 	 T_infer=2980 ms.
2026-02-02 16:19:37,121|INFO|random_mc2_n5_mid3_d1000_05_mr098_r10_190_uai_GSCC_n200_roTrue_s0: Saving results to ../results/synthetic/s123/random_mc2_n5_mid3_d1000_05_mr098_r10_190_uai_GSCC_n200_roTrue_s0.csv
2026-02-02 16:19:37,175|INFO|random_mc2_n6_mid3_d1000_05_mr098_r10_72_uai_GSCC_n200_roTrue_s0: [0.0627,0.0981]	 92 runs	 rmse=0.04880	 T_learn=37734 ms. 	 T_infer=4506 ms.
2026-02-02 16:19:37,181|INFO|random_mc2_n6_mid3_d1000_05_mr098_r10_72_uai_GSCC_n200_roTrue_s0: Saving results to ../results/synthetic/s123/random_mc2_n6_mid3_d1000_05_mr098_r10_72_uai_GSCC_n200_roTrue_s0.csv
2026-02-02 16:19:37,188|INFO|random_mc2_n5_mid3_d1000_05_mr098_r10_169_uai_GSCC_n200_roTrue_s0: [0.1389,0.2856]	 180 runs	 rmse=0.21455	 T_learn=23716 ms. 	 T_infer=1895 ms.
2026-02-02 16:19:37,195|INFO|random_mc2_n5_mid3_d1000_05_mr098_r10_169_uai_GSCC_n200_roTrue_s0: Saving results to ../results/synthetic/s123/random_mc2_n5_mid3_d1000_05_mr098_r10_169_uai_GSCC_n200_roTrue_s0.csv
2026-02-02 16:19:37,200|INFO|random_mc2_n5_mid3_d1000_05_mr098_r10_102_uai_GSCC_n200_roTrue_s0: [0.3034,0.4775]	 125 runs	 rmse=0.04047	 T_learn=25103 ms. 	 T_infer=3293 ms.
2026-02-02 16:19:37,206|INFO|random_mc2_n5_mid3_d1000_05_mr098_r10_102_uai_GSCC_n200_roTrue_s0: Saving results to ../results/synthetic/s123/random_mc2_n5_mid3_d1000_05_mr098_r10_102_uai_GSCC_n200_roTrue_s0.csv
2026-02-02 16:19:37,239|INFO|random_mc2_n5_mid3_d1000_05_mr098_r10_137_uai_GSCC_n200_roFalse_s0: [0.3436,0.4201]	 102 runs	 rmse=0.03004	 T_learn=26885 ms. 	 T_infer=3259 ms.
2026-02-02 16:19:37,244|INFO|random_mc2_n5_mid3_d1000_05_mr098_r10_137_uai_GSCC_n200_roFalse_s0: Saving results to ../results/synthetic/s123/random_mc2_n5_mid3_d1000_05_mr098_r10_137_uai_GSCC_n200_roFalse_s0.csv
2026-02-02 16:19:37,749|INFO|random_mc2_n6_mid3_d1000_05_mr098_r10_137_uai_GSCC_n200_roTrue_s0: [0.1208,0.2916]	 73 runs	 rmse=0.12254	 T_learn=9147 ms. 	 T_infer=954 ms.
2026-02-02 16:19:37,754|INFO|random_mc2_n6_mid3_d1000_05_mr098_r10_137_uai_GSCC_n200_roTrue_s0: Saving results to ../results/synthetic/s123/random_mc2_n6_mid3_d1000_05_mr098_r10_137_uai_GSCC_n200_roTrue_s0.csv
2026-02-02 16:19:37,972|INFO|random_mc2_n5_mid3_d1000_05_mr098_r10_188_uai_GSCC_n200_roFalse_s0: [0.0011,0.0189]	 104 runs	 rmse=0.03045	 T_learn=17590 ms. 	 T_infer=2436 ms.
2026-02-02 16:19:37,977|INFO|random_mc2_n5_mid3_d1000_05_mr098_r10_188_uai_GSCC_n200_roFalse_s0: Saving results to ../results/synthetic/s123/random_mc2_n5_mid3_d1000_05_mr098_r10_188_uai_GSCC_n200_roFalse_s0.csv
2026-02-02 16:19:37,991|INFO|random_mc2_n5_mid3_d1000_05_mr098_r10_63_uai_GSCC_n200_roTrue_s0: [0.0001,0.1148]	 134 runs	 rmse=0.05543	 T_learn=15782 ms. 	 T_infer=1901 ms.
2026-02-02 16:19:37,997|INFO|random_mc2_n5_mid3_d1000_05_mr098_r10_63_uai_GSCC_n200_roTrue_s0: Saving results to ../results/synthetic/s123/random_mc2_n5_mid3_d1000_05_mr098_r10_63_uai_GSCC_n200_roTrue_s0.csv
2026-02-02 16:19:38,465|INFO|random_mc2_n8_mid3_d1000_05_mr098_r10_3_uai_GSCC_n200_roTrue_s0: [0.0235,0.0355]	 36 runs	 rmse=0.03995	 T_learn=16620 ms. 	 T_infer=2613 ms.
2026-02-02 16:19:38,470|INFO|random_mc2_n8_mid3_d1000_05_mr098_r10_3_uai_GSCC_n200_roTrue_s0: Saving results to ../results/synthetic/s123/random_mc2_n8_mid3_d1000_05_mr098_r10_3_uai_GSCC_n200_roTrue_s0.csv
2026-02-02 16:19:38,505|INFO|random_mc2_n5_mid3_d1000_05_mr098_r10_195_uai_GSCC_n200_roFalse_s0: [0.0785,0.2473]	 135 runs	 rmse=0.11734	 T_learn=21096 ms. 	 T_infer=2382 ms.
2026-02-02 16:19:38,511|INFO|random_mc2_n5_mid3_d1000_05_mr098_r10_195_uai_GSCC_n200_roFalse_s0: Saving results to ../results/synthetic/s123/random_mc2_n5_mid3_d1000_05_mr098_r10_195_uai_GSCC_n200_roFalse_s0.csv
2026-02-02 16:19:38,603|INFO|random_mc2_n5_mid3_d1000_05_mr098_r10_141_uai_GSCC_n200_roTrue_s0: [0.0721,0.1946]	 101 runs	 rmse=0.07913	 T_learn=34165 ms. 	 T_infer=4212 ms.
2026-02-02 16:19:38,608|INFO|random_mc2_n5_mid3_d1000_05_mr098_r10_141_uai_GSCC_n200_roTrue_s0: Saving results to ../results/synthetic/s123/random_mc2_n5_mid3_d1000_05_mr098_r10_141_uai_GSCC_n200_roTrue_s0.csv
2026-02-02 16:19:38,856|INFO|random_mc2_n6_mid3_d1000_05_mr098_r10_137_uai_GSCC_n200_roTrue_s0: [0.1302,0.2916]	 74 runs	 rmse=0.13182	 T_learn=9274 ms. 	 T_infer=975 ms.
2026-02-02 16:19:38,862|INFO|random_mc2_n6_mid3_d1000_05_mr098_r10_137_uai_GSCC_n200_roTrue_s0: Saving results to ../results/synthetic/s123/random_mc2_n6_mid3_d1000_05_mr098_r10_137_uai_GSCC_n200_roTrue_s0.csv
2026-02-02 16:19:39,201|INFO|random_mc2_n6_mid3_d1000_05_mr098_r10_189_uai_GSCC_n200_roFalse_s0: Loading model from ../models/synthetic/s123/random_mc2_n6_mid3_d1000_05_mr098_r10_189.uai
2026-02-02 16:19:39,211|INFO|random_mc2_n6_mid3_d1000_05_mr098_r10_189_uai_GSCC_n200_roFalse_s0: Loading data from ../models/synthetic/s123/random_mc2_n6_mid3_d1000_05_mr098_r10_189.csv
2026-02-02 16:19:39,221|INFO|random_mc2_n6_mid3_d1000_05_mr098_r10_189_uai_GSCC_n200_roFalse_s0: PNS(V3,V1) exact: (0.6089314630473477, 0.6883287464300636)
2026-02-02 16:19:39,309|INFO|random_mc2_n5_mid3_d1000_05_mr098_r10_169_uai_GSCC_n200_roTrue_s0: [0.1389,0.2856]	 181 runs	 rmse=0.21455	 T_learn=23924 ms. 	 T_infer=1906 ms.
2026-02-02 16:19:39,316|INFO|random_mc2_n5_mid3_d1000_05_mr098_r10_169_uai_GSCC_n200_roTrue_s0: Saving results to ../results/synthetic/s123/random_mc2_n5_mid3_d1000_05_mr098_r10_169_uai_GSCC_n200_roTrue_s0.csv
2026-02-02 16:19:39,583|INFO|random_mc2_n7_mid3_d1000_05_mr098_r10_65_uai_GSCC_n200_roTrue_s0: [0.1633,0.2121]	 59 runs	 rmse=0.01145	 T_learn=22756 ms. 	 T_infer=3932 ms.
2026-02-02 16:19:39,589|INFO|random_mc2_n7_mid3_d1000_05_mr098_r10_65_uai_GSCC_n200_roTrue_s0: Saving results to ../results/synthetic/s123/random_mc2_n7_mid3_d1000_05_mr098_r10_65_uai_GSCC_n200_roTrue_s0.csv
2026-02-02 16:19:39,946|INFO|random_mc2_n5_mid3_d1000_05_mr098_r10_31_uai_GSCC_n200_roTrue_s0: [0.0700,0.1423]	 127 runs	 rmse=0.13196	 T_learn=27681 ms. 	 T_infer=2808 ms.
2026-02-02 16:19:39,953|INFO|random_mc2_n5_mid3_d1000_05_mr098_r10_31_uai_GSCC_n200_roTrue_s0: Saving results to ../results/synthetic/s123/random_mc2_n5_mid3_d1000_05_mr098_r10_31_uai_GSCC_n200_roTrue_s0.csv
2026-02-02 16:19:39,962|INFO|random_mc2_n6_mid3_d1000_05_mr098_r10_169_uai_GSCC_n200_roFalse_s0: [0.0066,0.0314]	 119 runs	 rmse=0.01079	 T_learn=31626 ms. 	 T_infer=3762 ms.
2026-02-02 16:19:39,968|INFO|random_mc2_n6_mid3_d1000_05_mr098_r10_169_uai_GSCC_n200_roFalse_s0: Saving results to ../results/synthetic/s123/random_mc2_n6_mid3_d1000_05_mr098_r10_169_uai_GSCC_n200_roFalse_s0.csv
2026-02-02 16:19:40,125|INFO|random_mc2_n6_mid3_d1000_05_mr098_r10_137_uai_GSCC_n200_roTrue_s0: [0.1391,0.2916]	 75 runs	 rmse=0.14061	 T_learn=9405 ms. 	 T_infer=1131 ms.
2026-02-02 16:19:40,131|INFO|random_mc2_n6_mid3_d1000_05_mr098_r10_137_uai_GSCC_n200_roTrue_s0: Saving results to ../results/synthetic/s123/random_mc2_n6_mid3_d1000_05_mr098_r10_137_uai_GSCC_n200_roTrue_s0.csv
2026-02-02 16:19:40,191|INFO|random_mc2_n6_mid3_d1000_05_mr098_r10_158_uai_GSCC_n200_roFalse_s0: [0.0189,0.0370]	 113 runs	 rmse=0.03329	 T_learn=23756 ms. 	 T_infer=2927 ms.
2026-02-02 16:19:40,197|INFO|random_mc2_n6_mid3_d1000_05_mr098_r10_158_uai_GSCC_n200_roFalse_s0: Saving results to ../results/synthetic/s123/random_mc2_n6_mid3_d1000_05_mr098_r10_158_uai_GSCC_n200_roFalse_s0.csv
2026-02-02 16:19:40,200|INFO|random_mc2_n5_mid3_d1000_05_mr098_r10_63_uai_GSCC_n200_roTrue_s0: [0.0001,0.1148]	 135 runs	 rmse=0.05543	 T_learn=15945 ms. 	 T_infer=2041 ms.
2026-02-02 16:19:40,207|INFO|random_mc2_n5_mid3_d1000_05_mr098_r10_63_uai_GSCC_n200_roTrue_s0: Saving results to ../results/synthetic/s123/random_mc2_n5_mid3_d1000_05_mr098_r10_63_uai_GSCC_n200_roTrue_s0.csv
2026-02-02 16:19:40,268|INFO|random_mc2_n5_mid3_d1000_05_mr098_r10_190_uai_GSCC_n200_roTrue_s0: [0.0389,0.0770]	 107 runs	 rmse=0.07793	 T_learn=22431 ms. 	 T_infer=2864 ms.
2026-02-02 16:19:40,274|INFO|random_mc2_n5_mid3_d1000_05_mr098_r10_190_uai_GSCC_n200_roTrue_s0: Saving results to ../results/synthetic/s123/random_mc2_n5_mid3_d1000_05_mr098_r10_190_uai_GSCC_n200_roTrue_s0.csv
2026-02-02 16:19:40,465|INFO|random_mc2_n7_mid3_d1000_05_mr098_r10_6_uai_GSCC_n200_roFalse_s0: [0.0078,0.0330]	 46 runs	 rmse=0.00898	 T_learn=26350 ms. 	 T_infer=4722 ms.
2026-02-02 16:19:40,471|INFO|random_mc2_n7_mid3_d1000_05_mr098_r10_6_uai_GSCC_n200_roFalse_s0: Saving results to ../results/synthetic/s123/random_mc2_n7_mid3_d1000_05_mr098_r10_6_uai_GSCC_n200_roFalse_s0.csv
2026-02-02 16:19:40,654|INFO|random_mc2_n5_mid3_d1000_05_mr098_r10_188_uai_GSCC_n200_roFalse_s0: [0.0011,0.0189]	 105 runs	 rmse=0.03045	 T_learn=17796 ms. 	 T_infer=2471 ms.
2026-02-02 16:19:40,660|INFO|random_mc2_n5_mid3_d1000_05_mr098_r10_188_uai_GSCC_n200_roFalse_s0: Saving results to ../results/synthetic/s123/random_mc2_n5_mid3_d1000_05_mr098_r10_188_uai_GSCC_n200_roFalse_s0.csv
2026-02-02 16:19:40,668|INFO|random_mc2_n5_mid3_d1000_05_mr098_r10_102_uai_GSCC_n200_roTrue_s0: [0.3034,0.4775]	 126 runs	 rmse=0.04047	 T_learn=25390 ms. 	 T_infer=3175 ms.
2026-02-02 16:19:40,674|INFO|random_mc2_n5_mid3_d1000_05_mr098_r10_102_uai_GSCC_n200_roTrue_s0: Saving results to ../results/synthetic/s123/random_mc2_n5_mid3_d1000_05_mr098_r10_102_uai_GSCC_n200_roTrue_s0.csv
trainable: ['V6', 'V7', 'V2', 'V8', 'V9']
2026-02-02 16:19:40,777|INFO|random_mc2_n5_mid3_d1000_05_mr098_r10_137_uai_GSCC_n200_roFalse_s0: [0.3436,0.4201]	 103 runs	 rmse=0.03004	 T_learn=27279 ms. 	 T_infer=3138 ms.
2026-02-02 16:19:40,783|INFO|random_mc2_n5_mid3_d1000_05_mr098_r10_137_uai_GSCC_n200_roFalse_s0: Saving results to ../results/synthetic/s123/random_mc2_n5_mid3_d1000_05_mr098_r10_137_uai_GSCC_n200_roFalse_s0.csv
2026-02-02 16:19:41,006|INFO|random_mc2_n5_mid3_d1000_05_mr098_r10_195_uai_GSCC_n200_roFalse_s0: [0.0785,0.2473]	 136 runs	 rmse=0.11734	 T_learn=21319 ms. 	 T_infer=2271 ms.
2026-02-02 16:19:41,012|INFO|random_mc2_n5_mid3_d1000_05_mr098_r10_195_uai_GSCC_n200_roFalse_s0: Saving results to ../results/synthetic/s123/random_mc2_n5_mid3_d1000_05_mr098_r10_195_uai_GSCC_n200_roFalse_s0.csv
2026-02-02 16:19:41,085|INFO|random_mc2_n6_mid3_d1000_05_mr098_r10_144_uai_GSCC_n200_roTrue_s0: [0.0139,0.0226]	 74 runs	 rmse=0.01413	 T_learn=23288 ms. 	 T_infer=3768 ms.
2026-02-02 16:19:41,091|INFO|random_mc2_n6_mid3_d1000_05_mr098_r10_144_uai_GSCC_n200_roTrue_s0: Saving results to ../results/synthetic/s123/random_mc2_n6_mid3_d1000_05_mr098_r10_144_uai_GSCC_n200_roTrue_s0.csv
2026-02-02 16:19:41,264|INFO|random_mc2_n6_mid3_d1000_05_mr098_r10_137_uai_GSCC_n200_roTrue_s0: [0.1391,0.2916]	 76 runs	 rmse=0.14061	 T_learn=9535 ms. 	 T_infer=1002 ms.
2026-02-02 16:19:41,269|INFO|random_mc2_n6_mid3_d1000_05_mr098_r10_137_uai_GSCC_n200_roTrue_s0: Saving results to ../results/synthetic/s123/random_mc2_n6_mid3_d1000_05_mr098_r10_137_uai_GSCC_n200_roTrue_s0.csv
2026-02-02 16:19:41,275|INFO|random_mc2_n5_mid3_d1000_05_mr098_r10_44_uai_GSCC_n200_roFalse_s0: [0.0156,0.0352]	 93 runs	 rmse=0.00699	 T_learn=34303 ms. 	 T_infer=4632 ms.
2026-02-02 16:19:41,282|INFO|random_mc2_n5_mid3_d1000_05_mr098_r10_44_uai_GSCC_n200_roFalse_s0: Saving results to ../results/synthetic/s123/random_mc2_n5_mid3_d1000_05_mr098_r10_44_uai_GSCC_n200_roFalse_s0.csv
2026-02-02 16:19:41,440|INFO|random_mc2_n5_mid3_d1000_05_mr098_r10_169_uai_GSCC_n200_roTrue_s0: [0.1389,0.2856]	 182 runs	 rmse=0.21455	 T_learn=24131 ms. 	 T_infer=1916 ms.
2026-02-02 16:19:41,447|INFO|random_mc2_n5_mid3_d1000_05_mr098_r10_169_uai_GSCC_n200_roTrue_s0: Saving results to ../results/synthetic/s123/random_mc2_n5_mid3_d1000_05_mr098_r10_169_uai_GSCC_n200_roTrue_s0.csv
2026-02-02 16:19:41,505|INFO|random_mc2_n8_mid3_d1000_05_mr098_r10_3_uai_GSCC_n200_roTrue_s0: [0.0235,0.0375]	 37 runs	 rmse=0.03802	 T_learn=16954 ms. 	 T_infer=2701 ms.
2026-02-02 16:19:41,510|INFO|random_mc2_n8_mid3_d1000_05_mr098_r10_3_uai_GSCC_n200_roTrue_s0: Saving results to ../results/synthetic/s123/random_mc2_n8_mid3_d1000_05_mr098_r10_3_uai_GSCC_n200_roTrue_s0.csv
2026-02-02 16:19:41,616|INFO|random_mc2_n6_mid3_d1000_05_mr098_r10_28_uai_GSCC_n200_roFalse_s0: [0.4503,0.5484]	 89 runs	 rmse=0.08921	 T_learn=34414 ms. 	 T_infer=4503 ms.
2026-02-02 16:19:41,621|INFO|random_mc2_n6_mid3_d1000_05_mr098_r10_28_uai_GSCC_n200_roFalse_s0: Saving results to ../results/synthetic/s123/random_mc2_n6_mid3_d1000_05_mr098_r10_28_uai_GSCC_n200_roFalse_s0.csv
2026-02-02 16:19:41,737|INFO|random_mc2_n6_mid3_d1000_05_mr098_r10_71_uai_GSCC_n200_roFalse_s0: [0.5153,0.6281]	 88 runs	 rmse=0.02577	 T_learn=37070 ms. 	 T_infer=4849 ms.
2026-02-02 16:19:41,742|INFO|random_mc2_n6_mid3_d1000_05_mr098_r10_71_uai_GSCC_n200_roFalse_s0: Saving results to ../results/synthetic/s123/random_mc2_n6_mid3_d1000_05_mr098_r10_71_uai_GSCC_n200_roFalse_s0.csv
2026-02-02 16:19:42,312|INFO|random_mc2_n5_mid3_d1000_05_mr098_r10_63_uai_GSCC_n200_roTrue_s0: [0.0001,0.1148]	 136 runs	 rmse=0.05543	 T_learn=16108 ms. 	 T_infer=1941 ms.
2026-02-02 16:19:42,318|INFO|random_mc2_n5_mid3_d1000_05_mr098_r10_63_uai_GSCC_n200_roTrue_s0: Saving results to ../results/synthetic/s123/random_mc2_n5_mid3_d1000_05_mr098_r10_63_uai_GSCC_n200_roTrue_s0.csv
2026-02-02 16:19:42,428|INFO|random_mc2_n6_mid3_d1000_05_mr098_r10_137_uai_GSCC_n200_roTrue_s0: [0.1454,0.2916]	 77 runs	 rmse=0.14691	 T_learn=9669 ms. 	 T_infer=1025 ms.
2026-02-02 16:19:42,433|INFO|random_mc2_n6_mid3_d1000_05_mr098_r10_137_uai_GSCC_n200_roTrue_s0: Saving results to ../results/synthetic/s123/random_mc2_n6_mid3_d1000_05_mr098_r10_137_uai_GSCC_n200_roTrue_s0.csv
2026-02-02 16:19:42,480|INFO|random_mc2_n6_mid3_d1000_05_mr098_r10_72_uai_GSCC_n200_roTrue_s0: [0.0627,0.0981]	 93 runs	 rmse=0.04880	 T_learn=38326 ms. 	 T_infer=4708 ms.
2026-02-02 16:19:42,485|INFO|random_mc2_n6_mid3_d1000_05_mr098_r10_72_uai_GSCC_n200_roTrue_s0: Saving results to ../results/synthetic/s123/random_mc2_n6_mid3_d1000_05_mr098_r10_72_uai_GSCC_n200_roTrue_s0.csv
2026-02-02 16:19:42,766|INFO|random_mc2_n5_mid3_d1000_05_mr098_r10_74_uai_GSCC_n200_roTrue_s0: [0.3068,0.3975]	 64 runs	 rmse=0.12553	 T_learn=29837 ms. 	 T_infer=5151 ms.
2026-02-02 16:19:42,771|INFO|random_mc2_n5_mid3_d1000_05_mr098_r10_74_uai_GSCC_n200_roTrue_s0: Saving results to ../results/synthetic/s123/random_mc2_n5_mid3_d1000_05_mr098_r10_74_uai_GSCC_n200_roTrue_s0.csv
2026-02-02 16:19:43,284|INFO|random_mc2_n5_mid3_d1000_05_mr098_r10_31_uai_GSCC_n200_roTrue_s0: [0.0675,0.1423]	 128 runs	 rmse=0.13072	 T_learn=28014 ms. 	 T_infer=2997 ms.
2026-02-02 16:19:43,290|INFO|random_mc2_n5_mid3_d1000_05_mr098_r10_31_uai_GSCC_n200_roTrue_s0: Saving results to ../results/synthetic/s123/random_mc2_n5_mid3_d1000_05_mr098_r10_31_uai_GSCC_n200_roTrue_s0.csv
2026-02-02 16:19:43,423|INFO|random_mc2_n5_mid3_d1000_05_mr098_r10_141_uai_GSCC_n200_roTrue_s0: [0.0674,0.1946]	 102 runs	 rmse=0.07501	 T_learn=34701 ms. 	 T_infer=4278 ms.
2026-02-02 16:19:43,429|INFO|random_mc2_n5_mid3_d1000_05_mr098_r10_141_uai_GSCC_n200_roTrue_s0: Saving results to ../results/synthetic/s123/random_mc2_n5_mid3_d1000_05_mr098_r10_141_uai_GSCC_n200_roTrue_s0.csv
2026-02-02 16:19:43,486|INFO|random_mc2_n5_mid3_d1000_05_mr098_r10_190_uai_GSCC_n200_roTrue_s0: [0.0389,0.0770]	 108 runs	 rmse=0.07793	 T_learn=22716 ms. 	 T_infer=2927 ms.
2026-02-02 16:19:43,492|INFO|random_mc2_n5_mid3_d1000_05_mr098_r10_190_uai_GSCC_n200_roTrue_s0: Saving results to ../results/synthetic/s123/random_mc2_n5_mid3_d1000_05_mr098_r10_190_uai_GSCC_n200_roTrue_s0.csv
2026-02-02 16:19:43,526|INFO|random_mc2_n5_mid3_d1000_05_mr098_r10_188_uai_GSCC_n200_roFalse_s0: [0.0011,0.0189]	 106 runs	 rmse=0.03045	 T_learn=18007 ms. 	 T_infer=2654 ms.
2026-02-02 16:19:43,531|INFO|random_mc2_n5_mid3_d1000_05_mr098_r10_188_uai_GSCC_n200_roFalse_s0: Saving results to ../results/synthetic/s123/random_mc2_n5_mid3_d1000_05_mr098_r10_188_uai_GSCC_n200_roFalse_s0.csv
2026-02-02 16:19:43,589|INFO|random_mc2_n5_mid3_d1000_05_mr098_r10_195_uai_GSCC_n200_roFalse_s0: [0.0785,0.2473]	 137 runs	 rmse=0.11734	 T_learn=21546 ms. 	 T_infer=2349 ms.
2026-02-02 16:19:43,594|INFO|random_mc2_n5_mid3_d1000_05_mr098_r10_195_uai_GSCC_n200_roFalse_s0: Saving results to ../results/synthetic/s123/random_mc2_n5_mid3_d1000_05_mr098_r10_195_uai_GSCC_n200_roFalse_s0.csv
2026-02-02 16:19:43,605|INFO|random_mc2_n6_mid3_d1000_05_mr098_r10_137_uai_GSCC_n200_roTrue_s0: [0.1302,0.2916]	 78 runs	 rmse=0.13182	 T_learn=9804 ms. 	 T_infer=1036 ms.
2026-02-02 16:19:43,610|INFO|random_mc2_n6_mid3_d1000_05_mr098_r10_137_uai_GSCC_n200_roTrue_s0: Saving results to ../results/synthetic/s123/random_mc2_n6_mid3_d1000_05_mr098_r10_137_uai_GSCC_n200_roTrue_s0.csv
2026-02-02 16:19:43,613|INFO|random_mc2_n6_mid3_d1000_05_mr098_r10_158_uai_GSCC_n200_roFalse_s0: [0.0189,0.0370]	 114 runs	 rmse=0.03329	 T_learn=24043 ms. 	 T_infer=3129 ms.
2026-02-02 16:19:43,619|INFO|random_mc2_n6_mid3_d1000_05_mr098_r10_158_uai_GSCC_n200_roFalse_s0: Saving results to ../results/synthetic/s123/random_mc2_n6_mid3_d1000_05_mr098_r10_158_uai_GSCC_n200_roFalse_s0.csv
2026-02-02 16:19:43,738|INFO|random_mc2_n5_mid3_d1000_05_mr098_r10_169_uai_GSCC_n200_roTrue_s0: [0.1389,0.2856]	 183 runs	 rmse=0.21455	 T_learn=24342 ms. 	 T_infer=2079 ms.
2026-02-02 16:19:43,746|INFO|random_mc2_n5_mid3_d1000_05_mr098_r10_169_uai_GSCC_n200_roTrue_s0: Saving results to ../results/synthetic/s123/random_mc2_n5_mid3_d1000_05_mr098_r10_169_uai_GSCC_n200_roTrue_s0.csv
2026-02-02 16:19:43,924|INFO|random_mc2_n7_mid3_d1000_05_mr098_r10_65_uai_GSCC_n200_roTrue_s0: [0.1633,0.2121]	 60 runs	 rmse=0.01145	 T_learn=23208 ms. 	 T_infer=3882 ms.
2026-02-02 16:19:43,929|INFO|random_mc2_n7_mid3_d1000_05_mr098_r10_65_uai_GSCC_n200_roTrue_s0: Saving results to ../results/synthetic/s123/random_mc2_n7_mid3_d1000_05_mr098_r10_65_uai_GSCC_n200_roTrue_s0.csv
2026-02-02 16:19:44,041|INFO|random_mc2_n6_mid3_d1000_05_mr098_r10_169_uai_GSCC_n200_roFalse_s0: [0.0066,0.0314]	 120 runs	 rmse=0.01079	 T_learn=32001 ms. 	 T_infer=3699 ms.
2026-02-02 16:19:44,047|INFO|random_mc2_n6_mid3_d1000_05_mr098_r10_169_uai_GSCC_n200_roFalse_s0: Saving results to ../results/synthetic/s123/random_mc2_n6_mid3_d1000_05_mr098_r10_169_uai_GSCC_n200_roFalse_s0.csv
2026-02-02 16:19:44,210|INFO|random_mc2_n5_mid3_d1000_05_mr098_r10_102_uai_GSCC_n200_roTrue_s0: [0.3034,0.4775]	 127 runs	 rmse=0.04047	 T_learn=25681 ms. 	 T_infer=3245 ms.
2026-02-02 16:19:44,216|INFO|random_mc2_n5_mid3_d1000_05_mr098_r10_102_uai_GSCC_n200_roTrue_s0: Saving results to ../results/synthetic/s123/random_mc2_n5_mid3_d1000_05_mr098_r10_102_uai_GSCC_n200_roTrue_s0.csv
2026-02-02 16:19:44,418|INFO|random_mc2_n5_mid3_d1000_05_mr098_r10_137_uai_GSCC_n200_roFalse_s0: [0.3436,0.4201]	 104 runs	 rmse=0.03004	 T_learn=27690 ms. 	 T_infer=3224 ms.
2026-02-02 16:19:44,424|INFO|random_mc2_n5_mid3_d1000_05_mr098_r10_137_uai_GSCC_n200_roFalse_s0: Saving results to ../results/synthetic/s123/random_mc2_n5_mid3_d1000_05_mr098_r10_137_uai_GSCC_n200_roFalse_s0.csv
2026-02-02 16:19:44,453|INFO|random_mc2_n5_mid3_d1000_05_mr098_r10_63_uai_GSCC_n200_roTrue_s0: [0.0001,0.1148]	 137 runs	 rmse=0.05543	 T_learn=16276 ms. 	 T_infer=1968 ms.
2026-02-02 16:19:44,460|INFO|random_mc2_n5_mid3_d1000_05_mr098_r10_63_uai_GSCC_n200_roTrue_s0: Saving results to ../results/synthetic/s123/random_mc2_n5_mid3_d1000_05_mr098_r10_63_uai_GSCC_n200_roTrue_s0.csv
2026-02-02 16:19:44,649|INFO|random_mc2_n8_mid3_d1000_05_mr098_r10_3_uai_GSCC_n200_roTrue_s0: [0.0235,0.0375]	 38 runs	 rmse=0.03802	 T_learn=17298 ms. 	 T_infer=2795 ms.
2026-02-02 16:19:44,654|INFO|random_mc2_n8_mid3_d1000_05_mr098_r10_3_uai_GSCC_n200_roTrue_s0: Saving results to ../results/synthetic/s123/random_mc2_n8_mid3_d1000_05_mr098_r10_3_uai_GSCC_n200_roTrue_s0.csv
2026-02-02 16:19:44,799|INFO|random_mc2_n6_mid3_d1000_05_mr098_r10_137_uai_GSCC_n200_roTrue_s0: [0.1208,0.2916]	 79 runs	 rmse=0.12254	 T_learn=9942 ms. 	 T_infer=1051 ms.
2026-02-02 16:19:44,804|INFO|random_mc2_n6_mid3_d1000_05_mr098_r10_137_uai_GSCC_n200_roTrue_s0: Saving results to ../results/synthetic/s123/random_mc2_n6_mid3_d1000_05_mr098_r10_137_uai_GSCC_n200_roTrue_s0.csv
2026-02-02 16:19:45,418|INFO|random_mc2_n6_mid3_d1000_05_mr098_r10_144_uai_GSCC_n200_roTrue_s0: [0.0139,0.0226]	 75 runs	 rmse=0.01413	 T_learn=23747 ms. 	 T_infer=3868 ms.
2026-02-02 16:19:45,423|INFO|random_mc2_n6_mid3_d1000_05_mr098_r10_144_uai_GSCC_n200_roTrue_s0: Saving results to ../results/synthetic/s123/random_mc2_n6_mid3_d1000_05_mr098_r10_144_uai_GSCC_n200_roTrue_s0.csv
2026-02-02 16:19:45,895|INFO|random_mc2_n5_mid3_d1000_05_mr098_r10_169_uai_GSCC_n200_roTrue_s0: [0.1389,0.2856]	 184 runs	 rmse=0.21455	 T_learn=24554 ms. 	 T_infer=1936 ms.
2026-02-02 16:19:45,903|INFO|random_mc2_n5_mid3_d1000_05_mr098_r10_169_uai_GSCC_n200_roTrue_s0: Saving results to ../results/synthetic/s123/random_mc2_n5_mid3_d1000_05_mr098_r10_169_uai_GSCC_n200_roTrue_s0.csv
2026-02-02 16:19:46,011|INFO|random_mc2_n6_mid3_d1000_05_mr098_r10_137_uai_GSCC_n200_roTrue_s0: [0.1302,0.2916]	 80 runs	 rmse=0.13182	 T_learn=10081 ms. 	 T_infer=1069 ms.
2026-02-02 16:19:46,017|INFO|random_mc2_n6_mid3_d1000_05_mr098_r10_137_uai_GSCC_n200_roTrue_s0: Saving results to ../results/synthetic/s123/random_mc2_n6_mid3_d1000_05_mr098_r10_137_uai_GSCC_n200_roTrue_s0.csv
2026-02-02 16:19:46,023|INFO|random_mc2_n7_mid3_d1000_05_mr098_r10_6_uai_GSCC_n200_roFalse_s0: [0.0078,0.0330]	 47 runs	 rmse=0.00898	 T_learn=27003 ms. 	 T_infer=4898 ms.
2026-02-02 16:19:46,028|INFO|random_mc2_n7_mid3_d1000_05_mr098_r10_6_uai_GSCC_n200_roFalse_s0: Saving results to ../results/synthetic/s123/random_mc2_n7_mid3_d1000_05_mr098_r10_6_uai_GSCC_n200_roFalse_s0.csv
2026-02-02 16:19:46,156|INFO|random_mc2_n5_mid3_d1000_05_mr098_r10_195_uai_GSCC_n200_roFalse_s0: [0.0785,0.2473]	 138 runs	 rmse=0.11734	 T_learn=21775 ms. 	 T_infer=2333 ms.
2026-02-02 16:19:46,163|INFO|random_mc2_n5_mid3_d1000_05_mr098_r10_195_uai_GSCC_n200_roFalse_s0: Saving results to ../results/synthetic/s123/random_mc2_n5_mid3_d1000_05_mr098_r10_195_uai_GSCC_n200_roFalse_s0.csv
2026-02-02 16:19:46,290|INFO|random_mc2_n5_mid3_d1000_05_mr098_r10_188_uai_GSCC_n200_roFalse_s0: [0.0011,0.0189]	 107 runs	 rmse=0.03045	 T_learn=18221 ms. 	 T_infer=2545 ms.
2026-02-02 16:19:46,295|INFO|random_mc2_n5_mid3_d1000_05_mr098_r10_188_uai_GSCC_n200_roFalse_s0: Saving results to ../results/synthetic/s123/random_mc2_n5_mid3_d1000_05_mr098_r10_188_uai_GSCC_n200_roFalse_s0.csv
2026-02-02 16:19:46,526|INFO|random_mc2_n5_mid3_d1000_05_mr098_r10_31_uai_GSCC_n200_roTrue_s0: [0.0675,0.1423]	 129 runs	 rmse=0.13072	 T_learn=28354 ms. 	 T_infer=2896 ms.
2026-02-02 16:19:46,532|INFO|random_mc2_n5_mid3_d1000_05_mr098_r10_31_uai_GSCC_n200_roTrue_s0: Saving results to ../results/synthetic/s123/random_mc2_n5_mid3_d1000_05_mr098_r10_31_uai_GSCC_n200_roTrue_s0.csv
2026-02-02 16:19:46,611|INFO|random_mc2_n5_mid3_d1000_05_mr098_r10_63_uai_GSCC_n200_roTrue_s0: [0.0001,0.1148]	 138 runs	 rmse=0.05543	 T_learn=16444 ms. 	 T_infer=1983 ms.
2026-02-02 16:19:46,617|INFO|random_mc2_n5_mid3_d1000_05_mr098_r10_63_uai_GSCC_n200_roTrue_s0: Saving results to ../results/synthetic/s123/random_mc2_n5_mid3_d1000_05_mr098_r10_63_uai_GSCC_n200_roTrue_s0.csv
2026-02-02 16:19:46,655|INFO|random_mc2_n5_mid3_d1000_05_mr098_r10_44_uai_GSCC_n200_roFalse_s0: [0.0156,0.0352]	 94 runs	 rmse=0.00699	 T_learn=34921 ms. 	 T_infer=4755 ms.
2026-02-02 16:19:46,660|INFO|random_mc2_n5_mid3_d1000_05_mr098_r10_44_uai_GSCC_n200_roFalse_s0: Saving results to ../results/synthetic/s123/random_mc2_n5_mid3_d1000_05_mr098_r10_44_uai_GSCC_n200_roFalse_s0.csv
2026-02-02 16:19:46,748|INFO|random_mc2_n5_mid3_d1000_05_mr098_r10_190_uai_GSCC_n200_roTrue_s0: [0.0389,0.0783]	 109 runs	 rmse=0.07679	 T_learn=23010 ms. 	 T_infer=2963 ms.
2026-02-02 16:19:46,754|INFO|random_mc2_n5_mid3_d1000_05_mr098_r10_190_uai_GSCC_n200_roTrue_s0: Saving results to ../results/synthetic/s123/random_mc2_n5_mid3_d1000_05_mr098_r10_190_uai_GSCC_n200_roTrue_s0.csv
2026-02-02 16:19:46,779|INFO|random_mc2_n6_mid3_d1000_05_mr098_r10_28_uai_GSCC_n200_roFalse_s0: [0.4503,0.5484]	 90 runs	 rmse=0.08921	 T_learn=35022 ms. 	 T_infer=4550 ms.
2026-02-02 16:19:46,784|INFO|random_mc2_n6_mid3_d1000_05_mr098_r10_28_uai_GSCC_n200_roFalse_s0: Saving results to ../results/synthetic/s123/random_mc2_n6_mid3_d1000_05_mr098_r10_28_uai_GSCC_n200_roFalse_s0.csv
2026-02-02 16:19:46,938|INFO|random_mc2_n6_mid3_d1000_05_mr098_r10_158_uai_GSCC_n200_roFalse_s0: [0.0187,0.0370]	 115 runs	 rmse=0.03317	 T_learn=24340 ms. 	 T_infer=3022 ms.
2026-02-02 16:19:46,943|INFO|random_mc2_n6_mid3_d1000_05_mr098_r10_158_uai_GSCC_n200_roFalse_s0: Saving results to ../results/synthetic/s123/random_mc2_n6_mid3_d1000_05_mr098_r10_158_uai_GSCC_n200_roFalse_s0.csv
2026-02-02 16:19:47,367|INFO|random_mc2_n6_mid3_d1000_05_mr098_r10_71_uai_GSCC_n200_roFalse_s0: [0.5153,0.6281]	 89 runs	 rmse=0.02577	 T_learn=37736 ms. 	 T_infer=4960 ms.
2026-02-02 16:19:47,369|INFO|random_mc2_n6_mid3_d1000_05_mr098_r10_137_uai_GSCC_n200_roTrue_s0: [0.1208,0.2916]	 81 runs	 rmse=0.12254	 T_learn=10222 ms. 	 T_infer=1210 ms.
2026-02-02 16:19:47,373|INFO|random_mc2_n6_mid3_d1000_05_mr098_r10_71_uai_GSCC_n200_roFalse_s0: Saving results to ../results/synthetic/s123/random_mc2_n6_mid3_d1000_05_mr098_r10_71_uai_GSCC_n200_roFalse_s0.csv
2026-02-02 16:19:47,374|INFO|random_mc2_n6_mid3_d1000_05_mr098_r10_137_uai_GSCC_n200_roTrue_s0: Saving results to ../results/synthetic/s123/random_mc2_n6_mid3_d1000_05_mr098_r10_137_uai_GSCC_n200_roTrue_s0.csv
2026-02-02 16:19:47,541|INFO|random_mc2_n6_mid3_d1000_05_mr098_r10_189_uai_GSCC_n200_roFalse_s0: [0.6069,0.6069]	 1 runs	 rmse=0.08148	 T_learn=8254 ms. 	 T_infer=62 ms.
2026-02-02 16:19:47,549|INFO|random_mc2_n6_mid3_d1000_05_mr098_r10_189_uai_GSCC_n200_roFalse_s0: Saving results to ../results/synthetic/s123/random_mc2_n6_mid3_d1000_05_mr098_r10_189_uai_GSCC_n200_roFalse_s0.csv
2026-02-02 16:19:47,751|INFO|random_mc2_n6_mid3_d1000_05_mr098_r10_189_uai_GSCC_n200_roFalse_s0: [0.5876,0.6069]	 2 runs	 rmse=0.08420	 T_learn=8332 ms. 	 T_infer=123 ms.
2026-02-02 16:19:47,755|INFO|random_mc2_n6_mid3_d1000_05_mr098_r10_189_uai_GSCC_n200_roFalse_s0: Saving results to ../results/synthetic/s123/random_mc2_n6_mid3_d1000_05_mr098_r10_189_uai_GSCC_n200_roFalse_s0.csv
2026-02-02 16:19:47,756|INFO|random_mc2_n6_mid3_d1000_05_mr098_r10_72_uai_GSCC_n200_roTrue_s0: [0.0627,0.0981]	 94 runs	 rmse=0.04880	 T_learn=38932 ms. 	 T_infer=4665 ms.
2026-02-02 16:19:47,762|INFO|random_mc2_n6_mid3_d1000_05_mr098_r10_72_uai_GSCC_n200_roTrue_s0: Saving results to ../results/synthetic/s123/random_mc2_n6_mid3_d1000_05_mr098_r10_72_uai_GSCC_n200_roTrue_s0.csv
2026-02-02 16:19:47,797|INFO|random_mc2_n5_mid3_d1000_05_mr098_r10_102_uai_GSCC_n200_roTrue_s0: [0.3034,0.4775]	 128 runs	 rmse=0.04047	 T_learn=25981 ms. 	 T_infer=3281 ms.
2026-02-02 16:19:47,802|INFO|random_mc2_n5_mid3_d1000_05_mr098_r10_102_uai_GSCC_n200_roTrue_s0: Saving results to ../results/synthetic/s123/random_mc2_n5_mid3_d1000_05_mr098_r10_102_uai_GSCC_n200_roTrue_s0.csv
2026-02-02 16:19:47,882|INFO|random_mc2_n8_mid3_d1000_05_mr098_r10_3_uai_GSCC_n200_roTrue_s0: [0.0235,0.0375]	 39 runs	 rmse=0.03802	 T_learn=17647 ms. 	 T_infer=2879 ms.
2026-02-02 16:19:47,887|INFO|random_mc2_n8_mid3_d1000_05_mr098_r10_3_uai_GSCC_n200_roTrue_s0: Saving results to ../results/synthetic/s123/random_mc2_n8_mid3_d1000_05_mr098_r10_3_uai_GSCC_n200_roTrue_s0.csv
2026-02-02 16:19:48,024|INFO|random_mc2_n6_mid3_d1000_05_mr098_r10_189_uai_GSCC_n200_roFalse_s0: [0.5861,0.6069]	 3 runs	 rmse=0.08460	 T_learn=8416 ms. 	 T_infer=186 ms.
2026-02-02 16:19:48,028|INFO|random_mc2_n6_mid3_d1000_05_mr098_r10_189_uai_GSCC_n200_roFalse_s0: Saving results to ../results/synthetic/s123/random_mc2_n6_mid3_d1000_05_mr098_r10_189_uai_GSCC_n200_roFalse_s0.csv
2026-02-02 16:19:48,061|INFO|random_mc2_n5_mid3_d1000_05_mr098_r10_169_uai_GSCC_n200_roTrue_s0: [0.1389,0.2856]	 185 runs	 rmse=0.21455	 T_learn=24767 ms. 	 T_infer=1945 ms.
2026-02-02 16:19:48,069|INFO|random_mc2_n5_mid3_d1000_05_mr098_r10_169_uai_GSCC_n200_roTrue_s0: Saving results to ../results/synthetic/s123/random_mc2_n5_mid3_d1000_05_mr098_r10_169_uai_GSCC_n200_roTrue_s0.csv
2026-02-02 16:19:48,093|INFO|random_mc2_n5_mid3_d1000_05_mr098_r10_137_uai_GSCC_n200_roFalse_s0: [0.3436,0.4201]	 105 runs	 rmse=0.03004	 T_learn=28100 ms. 	 T_infer=3258 ms.
2026-02-02 16:19:48,099|INFO|random_mc2_n5_mid3_d1000_05_mr098_r10_137_uai_GSCC_n200_roFalse_s0: Saving results to ../results/synthetic/s123/random_mc2_n5_mid3_d1000_05_mr098_r10_137_uai_GSCC_n200_roFalse_s0.csv
2026-02-02 16:19:48,184|INFO|random_mc2_n6_mid3_d1000_05_mr098_r10_169_uai_GSCC_n200_roFalse_s0: [0.0066,0.0314]	 121 runs	 rmse=0.01079	 T_learn=32388 ms. 	 T_infer=3749 ms.
2026-02-02 16:19:48,190|INFO|random_mc2_n6_mid3_d1000_05_mr098_r10_169_uai_GSCC_n200_roFalse_s0: Saving results to ../results/synthetic/s123/random_mc2_n6_mid3_d1000_05_mr098_r10_169_uai_GSCC_n200_roFalse_s0.csv
2026-02-02 16:19:48,335|INFO|random_mc2_n5_mid3_d1000_05_mr098_r10_141_uai_GSCC_n200_roTrue_s0: [0.0674,0.1946]	 103 runs	 rmse=0.07501	 T_learn=35244 ms. 	 T_infer=4362 ms.
2026-02-02 16:19:48,340|INFO|random_mc2_n5_mid3_d1000_05_mr098_r10_141_uai_GSCC_n200_roTrue_s0: Saving results to ../results/synthetic/s123/random_mc2_n5_mid3_d1000_05_mr098_r10_141_uai_GSCC_n200_roTrue_s0.csv
2026-02-02 16:19:48,360|INFO|random_mc2_n7_mid3_d1000_05_mr098_r10_65_uai_GSCC_n200_roTrue_s0: [0.1633,0.2121]	 61 runs	 rmse=0.01145	 T_learn=23677 ms. 	 T_infer=3962 ms.
2026-02-02 16:19:48,364|INFO|random_mc2_n6_mid3_d1000_05_mr098_r10_189_uai_GSCC_n200_roFalse_s0: [0.5705,0.6069]	 4 runs	 rmse=0.09008	 T_learn=8506 ms. 	 T_infer=245 ms.
2026-02-02 16:19:48,365|INFO|random_mc2_n7_mid3_d1000_05_mr098_r10_65_uai_GSCC_n200_roTrue_s0: Saving results to ../results/synthetic/s123/random_mc2_n7_mid3_d1000_05_mr098_r10_65_uai_GSCC_n200_roTrue_s0.csv
2026-02-02 16:19:48,369|INFO|random_mc2_n6_mid3_d1000_05_mr098_r10_189_uai_GSCC_n200_roFalse_s0: Saving results to ../results/synthetic/s123/random_mc2_n6_mid3_d1000_05_mr098_r10_189_uai_GSCC_n200_roFalse_s0.csv
2026-02-02 16:19:48,612|INFO|random_mc2_n6_mid3_d1000_05_mr098_r10_137_uai_GSCC_n200_roTrue_s0: [0.1302,0.2916]	 82 runs	 rmse=0.13182	 T_learn=10364 ms. 	 T_infer=1097 ms.
2026-02-02 16:19:48,618|INFO|random_mc2_n6_mid3_d1000_05_mr098_r10_137_uai_GSCC_n200_roTrue_s0: Saving results to ../results/synthetic/s123/random_mc2_n6_mid3_d1000_05_mr098_r10_137_uai_GSCC_n200_roTrue_s0.csv
2026-02-02 16:19:48,739|INFO|random_mc2_n5_mid3_d1000_05_mr098_r10_74_uai_GSCC_n200_roTrue_s0: [0.3098,0.3975]	 65 runs	 rmse=0.12711	 T_learn=30521 ms. 	 T_infer=5283 ms.
2026-02-02 16:19:48,744|INFO|random_mc2_n5_mid3_d1000_05_mr098_r10_74_uai_GSCC_n200_roTrue_s0: Saving results to ../results/synthetic/s123/random_mc2_n5_mid3_d1000_05_mr098_r10_74_uai_GSCC_n200_roTrue_s0.csv
2026-02-02 16:19:48,775|INFO|random_mc2_n6_mid3_d1000_05_mr098_r10_189_uai_GSCC_n200_roFalse_s0: [0.5705,0.6072]	 5 runs	 rmse=0.08978	 T_learn=8602 ms. 	 T_infer=311 ms.
2026-02-02 16:19:48,780|INFO|random_mc2_n6_mid3_d1000_05_mr098_r10_189_uai_GSCC_n200_roFalse_s0: Saving results to ../results/synthetic/s123/random_mc2_n6_mid3_d1000_05_mr098_r10_189_uai_GSCC_n200_roFalse_s0.csv
2026-02-02 16:19:48,906|INFO|random_mc2_n5_mid3_d1000_05_mr098_r10_63_uai_GSCC_n200_roTrue_s0: [0.0001,0.1148]	 139 runs	 rmse=0.05543	 T_learn=16612 ms. 	 T_infer=2120 ms.
2026-02-02 16:19:48,911|INFO|random_mc2_n5_mid3_d1000_05_mr098_r10_195_uai_GSCC_n200_roFalse_s0: [0.0785,0.2473]	 139 runs	 rmse=0.11734	 T_learn=22007 ms. 	 T_infer=2515 ms.
2026-02-02 16:19:48,913|INFO|random_mc2_n5_mid3_d1000_05_mr098_r10_63_uai_GSCC_n200_roTrue_s0: Saving results to ../results/synthetic/s123/random_mc2_n5_mid3_d1000_05_mr098_r10_63_uai_GSCC_n200_roTrue_s0.csv
2026-02-02 16:19:48,917|INFO|random_mc2_n5_mid3_d1000_05_mr098_r10_195_uai_GSCC_n200_roFalse_s0: Saving results to ../results/synthetic/s123/random_mc2_n5_mid3_d1000_05_mr098_r10_195_uai_GSCC_n200_roFalse_s0.csv
2026-02-02 16:19:49,082|INFO|random_mc2_n5_mid3_d1000_05_mr098_r10_188_uai_GSCC_n200_roFalse_s0: [0.0011,0.0189]	 108 runs	 rmse=0.03045	 T_learn=18437 ms. 	 T_infer=2570 ms.
2026-02-02 16:19:49,087|INFO|random_mc2_n5_mid3_d1000_05_mr098_r10_188_uai_GSCC_n200_roFalse_s0: Saving results to ../results/synthetic/s123/random_mc2_n5_mid3_d1000_05_mr098_r10_188_uai_GSCC_n200_roFalse_s0.csv
2026-02-02 16:19:49,252|INFO|random_mc2_n6_mid3_d1000_05_mr098_r10_189_uai_GSCC_n200_roFalse_s0: [0.5705,0.6072]	 6 runs	 rmse=0.08978	 T_learn=8704 ms. 	 T_infer=368 ms.
2026-02-02 16:19:49,256|INFO|random_mc2_n6_mid3_d1000_05_mr098_r10_189_uai_GSCC_n200_roFalse_s0: Saving results to ../results/synthetic/s123/random_mc2_n6_mid3_d1000_05_mr098_r10_189_uai_GSCC_n200_roFalse_s0.csv
2026-02-02 16:19:49,793|INFO|random_mc2_n5_mid3_d1000_05_mr098_r10_31_uai_GSCC_n200_roTrue_s0: [0.0645,0.1423]	 130 runs	 rmse=0.12929	 T_learn=28694 ms. 	 T_infer=2921 ms.
2026-02-02 16:19:49,797|INFO|random_mc2_n6_mid3_d1000_05_mr098_r10_189_uai_GSCC_n200_roFalse_s0: [0.5572,0.6072]	 7 runs	 rmse=0.09619	 T_learn=8813 ms. 	 T_infer=433 ms.
2026-02-02 16:19:49,800|INFO|random_mc2_n5_mid3_d1000_05_mr098_r10_31_uai_GSCC_n200_roTrue_s0: Saving results to ../results/synthetic/s123/random_mc2_n5_mid3_d1000_05_mr098_r10_31_uai_GSCC_n200_roTrue_s0.csv
2026-02-02 16:19:49,801|INFO|random_mc2_n6_mid3_d1000_05_mr098_r10_189_uai_GSCC_n200_roFalse_s0: Saving results to ../results/synthetic/s123/random_mc2_n6_mid3_d1000_05_mr098_r10_189_uai_GSCC_n200_roFalse_s0.csv
2026-02-02 16:19:49,821|INFO|random_mc2_n6_mid3_d1000_05_mr098_r10_144_uai_GSCC_n200_roTrue_s0: [0.0139,0.0226]	 76 runs	 rmse=0.01413	 T_learn=24209 ms. 	 T_infer=3935 ms.
2026-02-02 16:19:49,827|INFO|random_mc2_n6_mid3_d1000_05_mr098_r10_144_uai_GSCC_n200_roTrue_s0: Saving results to ../results/synthetic/s123/random_mc2_n6_mid3_d1000_05_mr098_r10_144_uai_GSCC_n200_roTrue_s0.csv
2026-02-02 16:19:49,868|INFO|random_mc2_n6_mid3_d1000_05_mr098_r10_137_uai_GSCC_n200_roTrue_s0: [0.1208,0.2916]	 83 runs	 rmse=0.12254	 T_learn=10506 ms. 	 T_infer=1107 ms.
2026-02-02 16:19:49,874|INFO|random_mc2_n6_mid3_d1000_05_mr098_r10_137_uai_GSCC_n200_roTrue_s0: Saving results to ../results/synthetic/s123/random_mc2_n6_mid3_d1000_05_mr098_r10_137_uai_GSCC_n200_roTrue_s0.csv
2026-02-02 16:19:50,050|INFO|random_mc2_n5_mid3_d1000_05_mr098_r10_190_uai_GSCC_n200_roTrue_s0: [0.0389,0.0783]	 110 runs	 rmse=0.07679	 T_learn=23306 ms. 	 T_infer=2999 ms.
2026-02-02 16:19:50,065|INFO|random_mc2_n5_mid3_d1000_05_mr098_r10_190_uai_GSCC_n200_roTrue_s0: Saving results to ../results/synthetic/s123/random_mc2_n5_mid3_d1000_05_mr098_r10_190_uai_GSCC_n200_roTrue_s0.csv
2026-02-02 16:19:50,290|INFO|random_mc2_n6_mid3_d1000_05_mr098_r10_158_uai_GSCC_n200_roFalse_s0: [0.0187,0.0370]	 116 runs	 rmse=0.03317	 T_learn=24634 ms. 	 T_infer=3053 ms.
2026-02-02 16:19:50,297|INFO|random_mc2_n6_mid3_d1000_05_mr098_r10_158_uai_GSCC_n200_roFalse_s0: Saving results to ../results/synthetic/s123/random_mc2_n6_mid3_d1000_05_mr098_r10_158_uai_GSCC_n200_roFalse_s0.csv
2026-02-02 16:19:50,389|INFO|random_mc2_n5_mid3_d1000_05_mr098_r10_169_uai_GSCC_n200_roTrue_s0: [0.1389,0.2856]	 186 runs	 rmse=0.21455	 T_learn=24982 ms. 	 T_infer=2106 ms.
2026-02-02 16:19:50,396|INFO|random_mc2_n5_mid3_d1000_05_mr098_r10_169_uai_GSCC_n200_roTrue_s0: Saving results to ../results/synthetic/s123/random_mc2_n5_mid3_d1000_05_mr098_r10_169_uai_GSCC_n200_roTrue_s0.csv
2026-02-02 16:19:50,409|INFO|random_mc2_n6_mid3_d1000_05_mr098_r10_189_uai_GSCC_n200_roFalse_s0: [0.5572,0.6072]	 8 runs	 rmse=0.09619	 T_learn=8928 ms. 	 T_infer=493 ms.
2026-02-02 16:19:50,413|INFO|random_mc2_n6_mid3_d1000_05_mr098_r10_189_uai_GSCC_n200_roFalse_s0: Saving results to ../results/synthetic/s123/random_mc2_n6_mid3_d1000_05_mr098_r10_189_uai_GSCC_n200_roFalse_s0.csv
2026-02-02 16:19:51,094|INFO|random_mc2_n6_mid3_d1000_05_mr098_r10_189_uai_GSCC_n200_roFalse_s0: [0.5572,0.6072]	 9 runs	 rmse=0.09619	 T_learn=9052 ms. 	 T_infer=556 ms.
2026-02-02 16:19:51,097|INFO|random_mc2_n5_mid3_d1000_05_mr098_r10_63_uai_GSCC_n200_roTrue_s0: [0.0001,0.1148]	 140 runs	 rmse=0.05543	 T_learn=16782 ms. 	 T_infer=2014 ms.
2026-02-02 16:19:51,098|INFO|random_mc2_n6_mid3_d1000_05_mr098_r10_189_uai_GSCC_n200_roFalse_s0: Saving results to ../results/synthetic/s123/random_mc2_n6_mid3_d1000_05_mr098_r10_189_uai_GSCC_n200_roFalse_s0.csv
2026-02-02 16:19:51,104|INFO|random_mc2_n5_mid3_d1000_05_mr098_r10_63_uai_GSCC_n200_roTrue_s0: Saving results to ../results/synthetic/s123/random_mc2_n5_mid3_d1000_05_mr098_r10_63_uai_GSCC_n200_roTrue_s0.csv
2026-02-02 16:19:51,141|INFO|random_mc2_n6_mid3_d1000_05_mr098_r10_137_uai_GSCC_n200_roTrue_s0: [0.1208,0.2916]	 84 runs	 rmse=0.12254	 T_learn=10651 ms. 	 T_infer=1122 ms.
2026-02-02 16:19:51,147|INFO|random_mc2_n6_mid3_d1000_05_mr098_r10_137_uai_GSCC_n200_roTrue_s0: Saving results to ../results/synthetic/s123/random_mc2_n6_mid3_d1000_05_mr098_r10_137_uai_GSCC_n200_roTrue_s0.csv
2026-02-02 16:19:51,212|INFO|random_mc2_n8_mid3_d1000_05_mr098_r10_3_uai_GSCC_n200_roTrue_s0: [0.0235,0.0383]	 40 runs	 rmse=0.03726	 T_learn=18005 ms. 	 T_infer=2968 ms.
2026-02-02 16:19:51,218|INFO|random_mc2_n8_mid3_d1000_05_mr098_r10_3_uai_GSCC_n200_roTrue_s0: Saving results to ../results/synthetic/s123/random_mc2_n8_mid3_d1000_05_mr098_r10_3_uai_GSCC_n200_roTrue_s0.csv
2026-02-02 16:19:51,514|INFO|random_mc2_n5_mid3_d1000_05_mr098_r10_195_uai_GSCC_n200_roFalse_s0: [0.0785,0.2473]	 140 runs	 rmse=0.11734	 T_learn=22236 ms. 	 T_infer=2368 ms.
2026-02-02 16:19:51,521|INFO|random_mc2_n5_mid3_d1000_05_mr098_r10_195_uai_GSCC_n200_roFalse_s0: Saving results to ../results/synthetic/s123/random_mc2_n5_mid3_d1000_05_mr098_r10_195_uai_GSCC_n200_roFalse_s0.csv
2026-02-02 16:19:51,530|INFO|random_mc2_n5_mid3_d1000_05_mr098_r10_102_uai_GSCC_n200_roTrue_s0: [0.3034,0.4775]	 129 runs	 rmse=0.04047	 T_learn=26281 ms. 	 T_infer=3428 ms.
2026-02-02 16:19:51,538|INFO|random_mc2_n5_mid3_d1000_05_mr098_r10_102_uai_GSCC_n200_roTrue_s0: Saving results to ../results/synthetic/s123/random_mc2_n5_mid3_d1000_05_mr098_r10_102_uai_GSCC_n200_roTrue_s0.csv
2026-02-02 16:19:51,720|INFO|random_mc2_n7_mid3_d1000_05_mr098_r10_6_uai_GSCC_n200_roFalse_s0: [0.0078,0.0330]	 48 runs	 rmse=0.00898	 T_learn=27679 ms. 	 T_infer=5016 ms.
2026-02-02 16:19:51,725|INFO|random_mc2_n7_mid3_d1000_05_mr098_r10_6_uai_GSCC_n200_roFalse_s0: Saving results to ../results/synthetic/s123/random_mc2_n7_mid3_d1000_05_mr098_r10_6_uai_GSCC_n200_roFalse_s0.csv
2026-02-02 16:19:51,841|INFO|random_mc2_n6_mid3_d1000_05_mr098_r10_189_uai_GSCC_n200_roFalse_s0: [0.5528,0.6072]	 10 runs	 rmse=0.09865	 T_learn=9179 ms. 	 T_infer=617 ms.
2026-02-02 16:19:51,845|INFO|random_mc2_n6_mid3_d1000_05_mr098_r10_189_uai_GSCC_n200_roFalse_s0: Saving results to ../results/synthetic/s123/random_mc2_n6_mid3_d1000_05_mr098_r10_189_uai_GSCC_n200_roFalse_s0.csv
2026-02-02 16:19:51,911|INFO|random_mc2_n5_mid3_d1000_05_mr098_r10_188_uai_GSCC_n200_roFalse_s0: [0.0011,0.0189]	 109 runs	 rmse=0.03045	 T_learn=18656 ms. 	 T_infer=2606 ms.
2026-02-02 16:19:51,917|INFO|random_mc2_n5_mid3_d1000_05_mr098_r10_188_uai_GSCC_n200_roFalse_s0: Saving results to ../results/synthetic/s123/random_mc2_n5_mid3_d1000_05_mr098_r10_188_uai_GSCC_n200_roFalse_s0.csv
2026-02-02 16:19:51,960|INFO|random_mc2_n5_mid3_d1000_05_mr098_r10_137_uai_GSCC_n200_roFalse_s0: [0.3436,0.4201]	 106 runs	 rmse=0.03004	 T_learn=28517 ms. 	 T_infer=3444 ms.
2026-02-02 16:19:51,966|INFO|random_mc2_n5_mid3_d1000_05_mr098_r10_137_uai_GSCC_n200_roFalse_s0: Saving results to ../results/synthetic/s123/random_mc2_n5_mid3_d1000_05_mr098_r10_137_uai_GSCC_n200_roFalse_s0.csv
2026-02-02 16:19:52,081|INFO|random_mc2_n5_mid3_d1000_05_mr098_r10_44_uai_GSCC_n200_roFalse_s0: [0.0156,0.0352]	 95 runs	 rmse=0.00699	 T_learn=35539 ms. 	 T_infer=4804 ms.
2026-02-02 16:19:52,086|INFO|random_mc2_n5_mid3_d1000_05_mr098_r10_44_uai_GSCC_n200_roFalse_s0: Saving results to ../results/synthetic/s123/random_mc2_n5_mid3_d1000_05_mr098_r10_44_uai_GSCC_n200_roFalse_s0.csv
2026-02-02 16:19:52,139|INFO|random_mc2_n6_mid3_d1000_05_mr098_r10_28_uai_GSCC_n200_roFalse_s0: [0.4503,0.5484]	 91 runs	 rmse=0.08921	 T_learn=35636 ms. 	 T_infer=4741 ms.
2026-02-02 16:19:52,146|INFO|random_mc2_n6_mid3_d1000_05_mr098_r10_28_uai_GSCC_n200_roFalse_s0: Saving results to ../results/synthetic/s123/random_mc2_n6_mid3_d1000_05_mr098_r10_28_uai_GSCC_n200_roFalse_s0.csv
2026-02-02 16:19:52,431|INFO|random_mc2_n6_mid3_d1000_05_mr098_r10_137_uai_GSCC_n200_roTrue_s0: [0.1208,0.2916]	 85 runs	 rmse=0.12254	 T_learn=10797 ms. 	 T_infer=1137 ms.
2026-02-02 16:19:52,437|INFO|random_mc2_n6_mid3_d1000_05_mr098_r10_137_uai_GSCC_n200_roTrue_s0: Saving results to ../results/synthetic/s123/random_mc2_n6_mid3_d1000_05_mr098_r10_137_uai_GSCC_n200_roTrue_s0.csv
2026-02-02 16:19:52,503|INFO|random_mc2_n6_mid3_d1000_05_mr098_r10_169_uai_GSCC_n200_roFalse_s0: [0.0066,0.0314]	 122 runs	 rmse=0.01079	 T_learn=32778 ms. 	 T_infer=3922 ms.
2026-02-02 16:19:52,509|INFO|random_mc2_n6_mid3_d1000_05_mr098_r10_169_uai_GSCC_n200_roFalse_s0: Saving results to ../results/synthetic/s123/random_mc2_n6_mid3_d1000_05_mr098_r10_169_uai_GSCC_n200_roFalse_s0.csv
2026-02-02 16:19:52,581|INFO|random_mc2_n5_mid3_d1000_05_mr098_r10_169_uai_GSCC_n200_roTrue_s0: [0.1389,0.2856]	 187 runs	 rmse=0.21455	 T_learn=25197 ms. 	 T_infer=1968 ms.
2026-02-02 16:19:52,588|INFO|random_mc2_n5_mid3_d1000_05_mr098_r10_169_uai_GSCC_n200_roTrue_s0: Saving results to ../results/synthetic/s123/random_mc2_n5_mid3_d1000_05_mr098_r10_169_uai_GSCC_n200_roTrue_s0.csv
2026-02-02 16:19:52,656|INFO|random_mc2_n6_mid3_d1000_05_mr098_r10_189_uai_GSCC_n200_roFalse_s0: [0.5528,0.6072]	 11 runs	 rmse=0.09865	 T_learn=9311 ms. 	 T_infer=679 ms.
2026-02-02 16:19:52,660|INFO|random_mc2_n6_mid3_d1000_05_mr098_r10_189_uai_GSCC_n200_roFalse_s0: Saving results to ../results/synthetic/s123/random_mc2_n6_mid3_d1000_05_mr098_r10_189_uai_GSCC_n200_roFalse_s0.csv
2026-02-02 16:19:52,881|INFO|random_mc2_n7_mid3_d1000_05_mr098_r10_65_uai_GSCC_n200_roTrue_s0: [0.1633,0.2121]	 62 runs	 rmse=0.01145	 T_learn=24152 ms. 	 T_infer=4041 ms.
2026-02-02 16:19:52,886|INFO|random_mc2_n7_mid3_d1000_05_mr098_r10_65_uai_GSCC_n200_roTrue_s0: Saving results to ../results/synthetic/s123/random_mc2_n7_mid3_d1000_05_mr098_r10_65_uai_GSCC_n200_roTrue_s0.csv
2026-02-02 16:19:53,101|INFO|random_mc2_n5_mid3_d1000_05_mr098_r10_31_uai_GSCC_n200_roTrue_s0: [0.0635,0.1423]	 131 runs	 rmse=0.12879	 T_learn=29039 ms. 	 T_infer=2956 ms.
2026-02-02 16:19:53,107|INFO|random_mc2_n5_mid3_d1000_05_mr098_r10_31_uai_GSCC_n200_roTrue_s0: Saving results to ../results/synthetic/s123/random_mc2_n5_mid3_d1000_05_mr098_r10_31_uai_GSCC_n200_roTrue_s0.csv
2026-02-02 16:19:53,112|INFO|random_mc2_n6_mid3_d1000_05_mr098_r10_72_uai_GSCC_n200_roTrue_s0: [0.0627,0.0981]	 95 runs	 rmse=0.04880	 T_learn=39551 ms. 	 T_infer=4731 ms.
2026-02-02 16:19:53,117|INFO|random_mc2_n6_mid3_d1000_05_mr098_r10_72_uai_GSCC_n200_roTrue_s0: Saving results to ../results/synthetic/s123/random_mc2_n6_mid3_d1000_05_mr098_r10_72_uai_GSCC_n200_roTrue_s0.csv
2026-02-02 16:19:53,219|INFO|random_mc2_n6_mid3_d1000_05_mr098_r10_71_uai_GSCC_n200_roFalse_s0: [0.5153,0.6281]	 90 runs	 rmse=0.02577	 T_learn=38407 ms. 	 T_infer=5174 ms.
2026-02-02 16:19:53,227|INFO|random_mc2_n6_mid3_d1000_05_mr098_r10_71_uai_GSCC_n200_roFalse_s0: Saving results to ../results/synthetic/s123/random_mc2_n6_mid3_d1000_05_mr098_r10_71_uai_GSCC_n200_roFalse_s0.csv
2026-02-02 16:19:53,304|INFO|random_mc2_n5_mid3_d1000_05_mr098_r10_141_uai_GSCC_n200_roTrue_s0: [0.0674,0.1946]	 104 runs	 rmse=0.07501	 T_learn=35794 ms. 	 T_infer=4414 ms.
2026-02-02 16:19:53,305|INFO|random_mc2_n5_mid3_d1000_05_mr098_r10_63_uai_GSCC_n200_roTrue_s0: [0.0001,0.1148]	 141 runs	 rmse=0.05543	 T_learn=16955 ms. 	 T_infer=2028 ms.
2026-02-02 16:19:53,310|INFO|random_mc2_n5_mid3_d1000_05_mr098_r10_141_uai_GSCC_n200_roTrue_s0: Saving results to ../results/synthetic/s123/random_mc2_n5_mid3_d1000_05_mr098_r10_141_uai_GSCC_n200_roTrue_s0.csv
2026-02-02 16:19:53,311|INFO|random_mc2_n5_mid3_d1000_05_mr098_r10_63_uai_GSCC_n200_roTrue_s0: Saving results to ../results/synthetic/s123/random_mc2_n5_mid3_d1000_05_mr098_r10_63_uai_GSCC_n200_roTrue_s0.csv
2026-02-02 16:19:53,516|INFO|random_mc2_n5_mid3_d1000_05_mr098_r10_190_uai_GSCC_n200_roTrue_s0: [0.0389,0.0783]	 111 runs	 rmse=0.07679	 T_learn=23607 ms. 	 T_infer=3150 ms.
2026-02-02 16:19:53,522|INFO|random_mc2_n5_mid3_d1000_05_mr098_r10_190_uai_GSCC_n200_roTrue_s0: Saving results to ../results/synthetic/s123/random_mc2_n5_mid3_d1000_05_mr098_r10_190_uai_GSCC_n200_roTrue_s0.csv
2026-02-02 16:19:53,537|INFO|random_mc2_n6_mid3_d1000_05_mr098_r10_189_uai_GSCC_n200_roFalse_s0: [0.5501,0.6072]	 12 runs	 rmse=0.10022	 T_learn=9449 ms. 	 T_infer=739 ms.
2026-02-02 16:19:53,541|INFO|random_mc2_n6_mid3_d1000_05_mr098_r10_189_uai_GSCC_n200_roFalse_s0: Saving results to ../results/synthetic/s123/random_mc2_n6_mid3_d1000_05_mr098_r10_189_uai_GSCC_n200_roFalse_s0.csv
2026-02-02 16:19:53,675|INFO|random_mc2_n6_mid3_d1000_05_mr098_r10_158_uai_GSCC_n200_roFalse_s0: [0.0187,0.0370]	 117 runs	 rmse=0.03317	 T_learn=24936 ms. 	 T_infer=3077 ms.
2026-02-02 16:19:53,680|INFO|random_mc2_n6_mid3_d1000_05_mr098_r10_158_uai_GSCC_n200_roFalse_s0: Saving results to ../results/synthetic/s123/random_mc2_n6_mid3_d1000_05_mr098_r10_158_uai_GSCC_n200_roFalse_s0.csv
2026-02-02 16:19:53,732|INFO|random_mc2_n6_mid3_d1000_05_mr098_r10_137_uai_GSCC_n200_roTrue_s0: [0.1208,0.2916]	 86 runs	 rmse=0.12254	 T_learn=10945 ms. 	 T_infer=1147 ms.
2026-02-02 16:19:53,738|INFO|random_mc2_n6_mid3_d1000_05_mr098_r10_137_uai_GSCC_n200_roTrue_s0: Saving results to ../results/synthetic/s123/random_mc2_n6_mid3_d1000_05_mr098_r10_137_uai_GSCC_n200_roTrue_s0.csv
2026-02-02 16:19:54,140|INFO|random_mc2_n5_mid3_d1000_05_mr098_r10_195_uai_GSCC_n200_roFalse_s0: [0.0785,0.2473]	 141 runs	 rmse=0.11734	 T_learn=22471 ms. 	 T_infer=2385 ms.
2026-02-02 16:19:54,146|INFO|random_mc2_n5_mid3_d1000_05_mr098_r10_195_uai_GSCC_n200_roFalse_s0: Saving results to ../results/synthetic/s123/random_mc2_n5_mid3_d1000_05_mr098_r10_195_uai_GSCC_n200_roFalse_s0.csv
2026-02-02 16:19:54,278|INFO|random_mc2_n6_mid3_d1000_05_mr098_r10_144_uai_GSCC_n200_roTrue_s0: [0.0139,0.0226]	 77 runs	 rmse=0.01413	 T_learn=24673 ms. 	 T_infer=3986 ms.
2026-02-02 16:19:54,284|INFO|random_mc2_n6_mid3_d1000_05_mr098_r10_144_uai_GSCC_n200_roTrue_s0: Saving results to ../results/synthetic/s123/random_mc2_n6_mid3_d1000_05_mr098_r10_144_uai_GSCC_n200_roTrue_s0.csv
2026-02-02 16:19:54,488|INFO|random_mc2_n6_mid3_d1000_05_mr098_r10_189_uai_GSCC_n200_roFalse_s0: [0.5257,0.6072]	 13 runs	 rmse=0.11623	 T_learn=9593 ms. 	 T_infer=802 ms.
2026-02-02 16:19:54,496|INFO|random_mc2_n6_mid3_d1000_05_mr098_r10_189_uai_GSCC_n200_roFalse_s0: Saving results to ../results/synthetic/s123/random_mc2_n6_mid3_d1000_05_mr098_r10_189_uai_GSCC_n200_roFalse_s0.csv
2026-02-02 16:19:54,619|INFO|random_mc2_n8_mid3_d1000_05_mr098_r10_3_uai_GSCC_n200_roTrue_s0: [0.0235,0.0412]	 41 runs	 rmse=0.03452	 T_learn=18370 ms. 	 T_infer=3035 ms.
2026-02-02 16:19:54,625|INFO|random_mc2_n8_mid3_d1000_05_mr098_r10_3_uai_GSCC_n200_roTrue_s0: Saving results to ../results/synthetic/s123/random_mc2_n8_mid3_d1000_05_mr098_r10_3_uai_GSCC_n200_roTrue_s0.csv
2026-02-02 16:19:54,785|INFO|random_mc2_n5_mid3_d1000_05_mr098_r10_169_uai_GSCC_n200_roTrue_s0: [0.1389,0.2856]	 188 runs	 rmse=0.21455	 T_learn=25414 ms. 	 T_infer=1980 ms.
2026-02-02 16:19:54,794|INFO|random_mc2_n5_mid3_d1000_05_mr098_r10_169_uai_GSCC_n200_roTrue_s0: Saving results to ../results/synthetic/s123/random_mc2_n5_mid3_d1000_05_mr098_r10_169_uai_GSCC_n200_roTrue_s0.csv
2026-02-02 16:19:54,814|INFO|random_mc2_n5_mid3_d1000_05_mr098_r10_74_uai_GSCC_n200_roTrue_s0: [0.3098,0.3975]	 66 runs	 rmse=0.12711	 T_learn=31217 ms. 	 T_infer=5375 ms.
2026-02-02 16:19:54,819|INFO|random_mc2_n5_mid3_d1000_05_mr098_r10_74_uai_GSCC_n200_roTrue_s0: Saving results to ../results/synthetic/s123/random_mc2_n5_mid3_d1000_05_mr098_r10_74_uai_GSCC_n200_roTrue_s0.csv
2026-02-02 16:19:54,895|INFO|random_mc2_n5_mid3_d1000_05_mr098_r10_188_uai_GSCC_n200_roFalse_s0: [0.0011,0.0189]	 110 runs	 rmse=0.03045	 T_learn=18874 ms. 	 T_infer=2759 ms.
2026-02-02 16:19:54,901|INFO|random_mc2_n5_mid3_d1000_05_mr098_r10_188_uai_GSCC_n200_roFalse_s0: Saving results to ../results/synthetic/s123/random_mc2_n5_mid3_d1000_05_mr098_r10_188_uai_GSCC_n200_roFalse_s0.csv
2026-02-02 16:19:55,045|INFO|random_mc2_n6_mid3_d1000_05_mr098_r10_137_uai_GSCC_n200_roTrue_s0: [0.1208,0.2916]	 87 runs	 rmse=0.12254	 T_learn=11094 ms. 	 T_infer=1158 ms.
2026-02-02 16:19:55,062|INFO|random_mc2_n6_mid3_d1000_05_mr098_r10_137_uai_GSCC_n200_roTrue_s0: Saving results to ../results/synthetic/s123/random_mc2_n6_mid3_d1000_05_mr098_r10_137_uai_GSCC_n200_roTrue_s0.csv
2026-02-02 16:19:55,164|INFO|random_mc2_n5_mid3_d1000_05_mr098_r10_102_uai_GSCC_n200_roTrue_s0: [0.3034,0.4775]	 130 runs	 rmse=0.04047	 T_learn=26584 ms. 	 T_infer=3324 ms.
2026-02-02 16:19:55,171|INFO|random_mc2_n5_mid3_d1000_05_mr098_r10_102_uai_GSCC_n200_roTrue_s0: Saving results to ../results/synthetic/s123/random_mc2_n5_mid3_d1000_05_mr098_r10_102_uai_GSCC_n200_roTrue_s0.csv
2026-02-02 16:19:55,501|INFO|random_mc2_n6_mid3_d1000_05_mr098_r10_189_uai_GSCC_n200_roFalse_s0: [0.5208,0.6072]	 14 runs	 rmse=0.11979	 T_learn=9742 ms. 	 T_infer=856 ms.
2026-02-02 16:19:55,505|INFO|random_mc2_n6_mid3_d1000_05_mr098_r10_189_uai_GSCC_n200_roFalse_s0: Saving results to ../results/synthetic/s123/random_mc2_n6_mid3_d1000_05_mr098_r10_189_uai_GSCC_n200_roFalse_s0.csv
2026-02-02 16:19:55,656|INFO|random_mc2_n5_mid3_d1000_05_mr098_r10_63_uai_GSCC_n200_roTrue_s0: [0.0001,0.1148]	 142 runs	 rmse=0.05543	 T_learn=17129 ms. 	 T_infer=2171 ms.
2026-02-02 16:19:55,662|INFO|random_mc2_n5_mid3_d1000_05_mr098_r10_63_uai_GSCC_n200_roTrue_s0: Saving results to ../results/synthetic/s123/random_mc2_n5_mid3_d1000_05_mr098_r10_63_uai_GSCC_n200_roTrue_s0.csv
2026-02-02 16:19:55,707|INFO|random_mc2_n5_mid3_d1000_05_mr098_r10_137_uai_GSCC_n200_roFalse_s0: [0.3436,0.4201]	 107 runs	 rmse=0.03004	 T_learn=28936 ms. 	 T_infer=3321 ms.
2026-02-02 16:19:55,713|INFO|random_mc2_n5_mid3_d1000_05_mr098_r10_137_uai_GSCC_n200_roFalse_s0: Saving results to ../results/synthetic/s123/random_mc2_n5_mid3_d1000_05_mr098_r10_137_uai_GSCC_n200_roFalse_s0.csv
2026-02-02 16:19:56,521|INFO|random_mc2_n6_mid3_d1000_05_mr098_r10_137_uai_GSCC_n200_roTrue_s0: [0.1208,0.2916]	 88 runs	 rmse=0.12254	 T_learn=11245 ms. 	 T_infer=1307 ms.
2026-02-02 16:19:56,526|INFO|random_mc2_n6_mid3_d1000_05_mr098_r10_137_uai_GSCC_n200_roTrue_s0: Saving results to ../results/synthetic/s123/random_mc2_n6_mid3_d1000_05_mr098_r10_137_uai_GSCC_n200_roTrue_s0.csv
2026-02-02 16:19:56,547|INFO|random_mc2_n5_mid3_d1000_05_mr098_r10_31_uai_GSCC_n200_roTrue_s0: [0.0635,0.1423]	 132 runs	 rmse=0.12879	 T_learn=29515 ms. 	 T_infer=2963 ms.
2026-02-02 16:19:56,553|INFO|random_mc2_n5_mid3_d1000_05_mr098_r10_31_uai_GSCC_n200_roTrue_s0: Saving results to ../results/synthetic/s123/random_mc2_n5_mid3_d1000_05_mr098_r10_31_uai_GSCC_n200_roTrue_s0.csv
2026-02-02 16:19:56,590|INFO|random_mc2_n6_mid3_d1000_05_mr098_r10_189_uai_GSCC_n200_roFalse_s0: [0.5208,0.6072]	 15 runs	 rmse=0.11979	 T_learn=9903 ms. 	 T_infer=923 ms.
2026-02-02 16:19:56,595|INFO|random_mc2_n6_mid3_d1000_05_mr098_r10_189_uai_GSCC_n200_roFalse_s0: Saving results to ../results/synthetic/s123/random_mc2_n6_mid3_d1000_05_mr098_r10_189_uai_GSCC_n200_roFalse_s0.csv
2026-02-02 16:19:56,824|INFO|random_mc2_n6_mid3_d1000_05_mr098_r10_169_uai_GSCC_n200_roFalse_s0: [0.0066,0.0314]	 123 runs	 rmse=0.01079	 T_learn=33168 ms. 	 T_infer=3925 ms.
2026-02-02 16:19:56,831|INFO|random_mc2_n6_mid3_d1000_05_mr098_r10_169_uai_GSCC_n200_roFalse_s0: Saving results to ../results/synthetic/s123/random_mc2_n6_mid3_d1000_05_mr098_r10_169_uai_GSCC_n200_roFalse_s0.csv
2026-02-02 16:19:56,868|INFO|random_mc2_n5_mid3_d1000_05_mr098_r10_190_uai_GSCC_n200_roTrue_s0: [0.0389,0.0783]	 112 runs	 rmse=0.07679	 T_learn=23906 ms. 	 T_infer=3047 ms.
2026-02-02 16:19:56,874|INFO|random_mc2_n5_mid3_d1000_05_mr098_r10_190_uai_GSCC_n200_roTrue_s0: Saving results to ../results/synthetic/s123/random_mc2_n5_mid3_d1000_05_mr098_r10_190_uai_GSCC_n200_roTrue_s0.csv
2026-02-02 16:19:56,917|INFO|random_mc2_n5_mid3_d1000_05_mr098_r10_195_uai_GSCC_n200_roFalse_s0: [0.0785,0.2473]	 142 runs	 rmse=0.11734	 T_learn=22706 ms. 	 T_infer=2536 ms.
2026-02-02 16:19:56,925|INFO|random_mc2_n5_mid3_d1000_05_mr098_r10_195_uai_GSCC_n200_roFalse_s0: Saving results to ../results/synthetic/s123/random_mc2_n5_mid3_d1000_05_mr098_r10_195_uai_GSCC_n200_roFalse_s0.csv
2026-02-02 16:19:57,147|INFO|random_mc2_n5_mid3_d1000_05_mr098_r10_169_uai_GSCC_n200_roTrue_s0: [0.1389,0.2856]	 189 runs	 rmse=0.21455	 T_learn=25631 ms. 	 T_infer=2136 ms.
2026-02-02 16:19:57,157|INFO|random_mc2_n5_mid3_d1000_05_mr098_r10_169_uai_GSCC_n200_roTrue_s0: Saving results to ../results/synthetic/s123/random_mc2_n5_mid3_d1000_05_mr098_r10_169_uai_GSCC_n200_roTrue_s0.csv
2026-02-02 16:19:57,234|INFO|random_mc2_n6_mid3_d1000_05_mr098_r10_158_uai_GSCC_n200_roFalse_s0: [0.0187,0.0370]	 118 runs	 rmse=0.03317	 T_learn=25238 ms. 	 T_infer=3251 ms.
2026-02-02 16:19:57,240|INFO|random_mc2_n6_mid3_d1000_05_mr098_r10_158_uai_GSCC_n200_roFalse_s0: Saving results to ../results/synthetic/s123/random_mc2_n6_mid3_d1000_05_mr098_r10_158_uai_GSCC_n200_roFalse_s0.csv
2026-02-02 16:19:57,412|INFO|random_mc2_n6_mid3_d1000_05_mr098_r10_28_uai_GSCC_n200_roFalse_s0: [0.4503,0.5484]	 92 runs	 rmse=0.08921	 T_learn=36253 ms. 	 T_infer=4649 ms.
2026-02-02 16:19:57,418|INFO|random_mc2_n6_mid3_d1000_05_mr098_r10_28_uai_GSCC_n200_roFalse_s0: Saving results to ../results/synthetic/s123/random_mc2_n6_mid3_d1000_05_mr098_r10_28_uai_GSCC_n200_roFalse_s0.csv
2026-02-02 16:19:57,476|INFO|random_mc2_n7_mid3_d1000_05_mr098_r10_65_uai_GSCC_n200_roTrue_s0: [0.1633,0.2121]	 63 runs	 rmse=0.01145	 T_learn=24633 ms. 	 T_infer=4109 ms.
2026-02-02 16:19:57,482|INFO|random_mc2_n7_mid3_d1000_05_mr098_r10_65_uai_GSCC_n200_roTrue_s0: Saving results to ../results/synthetic/s123/random_mc2_n7_mid3_d1000_05_mr098_r10_65_uai_GSCC_n200_roTrue_s0.csv
2026-02-02 16:19:57,532|INFO|random_mc2_n7_mid3_d1000_05_mr098_r10_6_uai_GSCC_n200_roFalse_s0: [0.0078,0.0330]	 49 runs	 rmse=0.00898	 T_learn=28368 ms. 	 T_infer=5117 ms.
2026-02-02 16:19:57,537|INFO|random_mc2_n7_mid3_d1000_05_mr098_r10_6_uai_GSCC_n200_roFalse_s0: Saving results to ../results/synthetic/s123/random_mc2_n7_mid3_d1000_05_mr098_r10_6_uai_GSCC_n200_roFalse_s0.csv
2026-02-02 16:19:57,710|INFO|random_mc2_n5_mid3_d1000_05_mr098_r10_44_uai_GSCC_n200_roFalse_s0: [0.0156,0.0352]	 96 runs	 rmse=0.00699	 T_learn=36172 ms. 	 T_infer=4991 ms.
2026-02-02 16:19:57,716|INFO|random_mc2_n5_mid3_d1000_05_mr098_r10_44_uai_GSCC_n200_roFalse_s0: Saving results to ../results/synthetic/s123/random_mc2_n5_mid3_d1000_05_mr098_r10_44_uai_GSCC_n200_roFalse_s0.csv
2026-02-02 16:19:57,743|INFO|random_mc2_n6_mid3_d1000_05_mr098_r10_189_uai_GSCC_n200_roFalse_s0: [0.5208,0.6072]	 16 runs	 rmse=0.11979	 T_learn=10066 ms. 	 T_infer=986 ms.
2026-02-02 16:19:57,749|INFO|random_mc2_n6_mid3_d1000_05_mr098_r10_189_uai_GSCC_n200_roFalse_s0: Saving results to ../results/synthetic/s123/random_mc2_n6_mid3_d1000_05_mr098_r10_189_uai_GSCC_n200_roFalse_s0.csv
2026-02-02 16:19:57,768|INFO|random_mc2_n5_mid3_d1000_05_mr098_r10_188_uai_GSCC_n200_roFalse_s0: [0.0011,0.0189]	 111 runs	 rmse=0.03045	 T_learn=19094 ms. 	 T_infer=2647 ms.
2026-02-02 16:19:57,774|INFO|random_mc2_n5_mid3_d1000_05_mr098_r10_188_uai_GSCC_n200_roFalse_s0: Saving results to ../results/synthetic/s123/random_mc2_n5_mid3_d1000_05_mr098_r10_188_uai_GSCC_n200_roFalse_s0.csv
2026-02-02 16:19:57,863|INFO|random_mc2_n6_mid3_d1000_05_mr098_r10_137_uai_GSCC_n200_roTrue_s0: [0.1208,0.2916]	 89 runs	 rmse=0.12254	 T_learn=11397 ms. 	 T_infer=1185 ms.
2026-02-02 16:19:57,870|INFO|random_mc2_n6_mid3_d1000_05_mr098_r10_137_uai_GSCC_n200_roTrue_s0: Saving results to ../results/synthetic/s123/random_mc2_n6_mid3_d1000_05_mr098_r10_137_uai_GSCC_n200_roTrue_s0.csv
2026-02-02 16:19:57,896|INFO|random_mc2_n5_mid3_d1000_05_mr098_r10_63_uai_GSCC_n200_roTrue_s0: [0.0001,0.1148]	 143 runs	 rmse=0.05543	 T_learn=17303 ms. 	 T_infer=2060 ms.
2026-02-02 16:19:57,902|INFO|random_mc2_n5_mid3_d1000_05_mr098_r10_63_uai_GSCC_n200_roTrue_s0: Saving results to ../results/synthetic/s123/random_mc2_n5_mid3_d1000_05_mr098_r10_63_uai_GSCC_n200_roTrue_s0.csv
2026-02-02 16:19:58,243|INFO|random_mc2_n8_mid3_d1000_05_mr098_r10_3_uai_GSCC_n200_roTrue_s0: [0.0235,0.0412]	 42 runs	 rmse=0.03452	 T_learn=18738 ms. 	 T_infer=3250 ms.
2026-02-02 16:19:58,249|INFO|random_mc2_n8_mid3_d1000_05_mr098_r10_3_uai_GSCC_n200_roTrue_s0: Saving results to ../results/synthetic/s123/random_mc2_n8_mid3_d1000_05_mr098_r10_3_uai_GSCC_n200_roTrue_s0.csv
2026-02-02 16:19:58,452|INFO|random_mc2_n5_mid3_d1000_05_mr098_r10_141_uai_GSCC_n200_roTrue_s0: [0.0674,0.1946]	 105 runs	 rmse=0.07501	 T_learn=36348 ms. 	 T_infer=4588 ms.
2026-02-02 16:19:58,458|INFO|random_mc2_n5_mid3_d1000_05_mr098_r10_141_uai_GSCC_n200_roTrue_s0: Saving results to ../results/synthetic/s123/random_mc2_n5_mid3_d1000_05_mr098_r10_141_uai_GSCC_n200_roTrue_s0.csv
2026-02-02 16:19:58,513|INFO|random_mc2_n6_mid3_d1000_05_mr098_r10_72_uai_GSCC_n200_roTrue_s0: [0.0627,0.0981]	 96 runs	 rmse=0.04880	 T_learn=40173 ms. 	 T_infer=4773 ms.
2026-02-02 16:19:58,519|INFO|random_mc2_n6_mid3_d1000_05_mr098_r10_72_uai_GSCC_n200_roTrue_s0: Saving results to ../results/synthetic/s123/random_mc2_n6_mid3_d1000_05_mr098_r10_72_uai_GSCC_n200_roTrue_s0.csv
2026-02-02 16:19:58,799|INFO|random_mc2_n6_mid3_d1000_05_mr098_r10_144_uai_GSCC_n200_roTrue_s0: [0.0139,0.0226]	 78 runs	 rmse=0.01413	 T_learn=25145 ms. 	 T_infer=4043 ms.
2026-02-02 16:19:58,804|INFO|random_mc2_n6_mid3_d1000_05_mr098_r10_144_uai_GSCC_n200_roTrue_s0: Saving results to ../results/synthetic/s123/random_mc2_n6_mid3_d1000_05_mr098_r10_144_uai_GSCC_n200_roTrue_s0.csv
2026-02-02 16:19:58,835|INFO|random_mc2_n5_mid3_d1000_05_mr098_r10_102_uai_GSCC_n200_roTrue_s0: [0.3034,0.4775]	 131 runs	 rmse=0.04047	 T_learn=26885 ms. 	 T_infer=3362 ms.
2026-02-02 16:19:58,841|INFO|random_mc2_n5_mid3_d1000_05_mr098_r10_102_uai_GSCC_n200_roTrue_s0: Saving results to ../results/synthetic/s123/random_mc2_n5_mid3_d1000_05_mr098_r10_102_uai_GSCC_n200_roTrue_s0.csv
2026-02-02 16:19:58,961|INFO|random_mc2_n6_mid3_d1000_05_mr098_r10_189_uai_GSCC_n200_roFalse_s0: [0.5208,0.6072]	 17 runs	 rmse=0.11979	 T_learn=10233 ms. 	 T_infer=1044 ms.
2026-02-02 16:19:58,966|INFO|random_mc2_n6_mid3_d1000_05_mr098_r10_189_uai_GSCC_n200_roFalse_s0: Saving results to ../results/synthetic/s123/random_mc2_n6_mid3_d1000_05_mr098_r10_189_uai_GSCC_n200_roFalse_s0.csv
2026-02-02 16:19:58,995|INFO|random_mc2_n6_mid3_d1000_05_mr098_r10_71_uai_GSCC_n200_roFalse_s0: [0.5153,0.6281]	 91 runs	 rmse=0.02577	 T_learn=39088 ms. 	 T_infer=5088 ms.
2026-02-02 16:19:59,001|INFO|random_mc2_n6_mid3_d1000_05_mr098_r10_71_uai_GSCC_n200_roFalse_s0: Saving results to ../results/synthetic/s123/random_mc2_n6_mid3_d1000_05_mr098_r10_71_uai_GSCC_n200_roFalse_s0.csv
2026-02-02 16:19:59,224|INFO|random_mc2_n6_mid3_d1000_05_mr098_r10_137_uai_GSCC_n200_roTrue_s0: [0.1208,0.2916]	 90 runs	 rmse=0.12254	 T_learn=11550 ms. 	 T_infer=1201 ms.
2026-02-02 16:19:59,229|INFO|random_mc2_n6_mid3_d1000_05_mr098_r10_137_uai_GSCC_n200_roTrue_s0: Saving results to ../results/synthetic/s123/random_mc2_n6_mid3_d1000_05_mr098_r10_137_uai_GSCC_n200_roTrue_s0.csv
2026-02-02 16:19:59,373|INFO|random_mc2_n5_mid3_d1000_05_mr098_r10_169_uai_GSCC_n200_roTrue_s0: [0.1389,0.2856]	 190 runs	 rmse=0.21455	 T_learn=25849 ms. 	 T_infer=1997 ms.
2026-02-02 16:19:59,381|INFO|random_mc2_n5_mid3_d1000_05_mr098_r10_169_uai_GSCC_n200_roTrue_s0: Saving results to ../results/synthetic/s123/random_mc2_n5_mid3_d1000_05_mr098_r10_169_uai_GSCC_n200_roTrue_s0.csv
2026-02-02 16:19:59,487|INFO|random_mc2_n5_mid3_d1000_05_mr098_r10_137_uai_GSCC_n200_roFalse_s0: [0.3436,0.4201]	 108 runs	 rmse=0.03004	 T_learn=29357 ms. 	 T_infer=3353 ms.
2026-02-02 16:19:59,493|INFO|random_mc2_n5_mid3_d1000_05_mr098_r10_137_uai_GSCC_n200_roFalse_s0: Saving results to ../results/synthetic/s123/random_mc2_n5_mid3_d1000_05_mr098_r10_137_uai_GSCC_n200_roFalse_s0.csv
2026-02-02 16:19:59,577|INFO|random_mc2_n5_mid3_d1000_05_mr098_r10_195_uai_GSCC_n200_roFalse_s0: [0.0785,0.2473]	 143 runs	 rmse=0.11734	 T_learn=22941 ms. 	 T_infer=2418 ms.
2026-02-02 16:19:59,584|INFO|random_mc2_n5_mid3_d1000_05_mr098_r10_195_uai_GSCC_n200_roFalse_s0: Saving results to ../results/synthetic/s123/random_mc2_n5_mid3_d1000_05_mr098_r10_195_uai_GSCC_n200_roFalse_s0.csv
2026-02-02 16:19:59,895|INFO|random_mc2_n5_mid3_d1000_05_mr098_r10_31_uai_GSCC_n200_roTrue_s0: [0.0593,0.1423]	 133 runs	 rmse=0.12691	 T_learn=29863 ms. 	 T_infer=2994 ms.
2026-02-02 16:19:59,902|INFO|random_mc2_n5_mid3_d1000_05_mr098_r10_31_uai_GSCC_n200_roTrue_s0: Saving results to ../results/synthetic/s123/random_mc2_n5_mid3_d1000_05_mr098_r10_31_uai_GSCC_n200_roTrue_s0.csv
2026-02-02 16:20:00,149|INFO|random_mc2_n5_mid3_d1000_05_mr098_r10_63_uai_GSCC_n200_roTrue_s0: [0.0001,0.1148]	 144 runs	 rmse=0.05543	 T_learn=17478 ms. 	 T_infer=2072 ms.
2026-02-02 16:20:00,156|INFO|random_mc2_n5_mid3_d1000_05_mr098_r10_63_uai_GSCC_n200_roTrue_s0: Saving results to ../results/synthetic/s123/random_mc2_n5_mid3_d1000_05_mr098_r10_63_uai_GSCC_n200_roTrue_s0.csv
2026-02-02 16:20:00,247|INFO|random_mc2_n6_mid3_d1000_05_mr098_r10_189_uai_GSCC_n200_roFalse_s0: [0.5208,0.6072]	 18 runs	 rmse=0.11979	 T_learn=10408 ms. 	 T_infer=1107 ms.
2026-02-02 16:20:00,249|INFO|random_mc2_n5_mid3_d1000_05_mr098_r10_190_uai_GSCC_n200_roTrue_s0: [0.0389,0.0783]	 113 runs	 rmse=0.07679	 T_learn=24210 ms. 	 T_infer=3071 ms.
2026-02-02 16:20:00,252|INFO|random_mc2_n6_mid3_d1000_05_mr098_r10_189_uai_GSCC_n200_roFalse_s0: Saving results to ../results/synthetic/s123/random_mc2_n6_mid3_d1000_05_mr098_r10_189_uai_GSCC_n200_roFalse_s0.csv
2026-02-02 16:20:00,255|INFO|random_mc2_n5_mid3_d1000_05_mr098_r10_190_uai_GSCC_n200_roTrue_s0: Saving results to ../results/synthetic/s123/random_mc2_n5_mid3_d1000_05_mr098_r10_190_uai_GSCC_n200_roTrue_s0.csv
2026-02-02 16:20:00,603|INFO|random_mc2_n6_mid3_d1000_05_mr098_r10_137_uai_GSCC_n200_roTrue_s0: [0.1208,0.2916]	 91 runs	 rmse=0.12254	 T_learn=11704 ms. 	 T_infer=1219 ms.
2026-02-02 16:20:00,609|INFO|random_mc2_n6_mid3_d1000_05_mr098_r10_137_uai_GSCC_n200_roTrue_s0: Saving results to ../results/synthetic/s123/random_mc2_n6_mid3_d1000_05_mr098_r10_137_uai_GSCC_n200_roTrue_s0.csv
2026-02-02 16:20:00,661|INFO|random_mc2_n6_mid3_d1000_05_mr098_r10_158_uai_GSCC_n200_roFalse_s0: [0.0187,0.0370]	 119 runs	 rmse=0.03317	 T_learn=25542 ms. 	 T_infer=3116 ms.
2026-02-02 16:20:00,663|INFO|random_mc2_n5_mid3_d1000_05_mr098_r10_188_uai_GSCC_n200_roFalse_s0: [0.0011,0.0189]	 112 runs	 rmse=0.03045	 T_learn=19316 ms. 	 T_infer=2668 ms.
2026-02-02 16:20:00,667|INFO|random_mc2_n6_mid3_d1000_05_mr098_r10_158_uai_GSCC_n200_roFalse_s0: Saving results to ../results/synthetic/s123/random_mc2_n6_mid3_d1000_05_mr098_r10_158_uai_GSCC_n200_roFalse_s0.csv
2026-02-02 16:20:00,670|INFO|random_mc2_n5_mid3_d1000_05_mr098_r10_188_uai_GSCC_n200_roFalse_s0: Saving results to ../results/synthetic/s123/random_mc2_n5_mid3_d1000_05_mr098_r10_188_uai_GSCC_n200_roFalse_s0.csv
2026-02-02 16:20:01,113|INFO|random_mc2_n6_mid3_d1000_05_mr098_r10_169_uai_GSCC_n200_roFalse_s0: [0.0066,0.0314]	 124 runs	 rmse=0.01079	 T_learn=33564 ms. 	 T_infer=3887 ms.
2026-02-02 16:20:01,120|INFO|random_mc2_n6_mid3_d1000_05_mr098_r10_169_uai_GSCC_n200_roFalse_s0: Saving results to ../results/synthetic/s123/random_mc2_n6_mid3_d1000_05_mr098_r10_169_uai_GSCC_n200_roFalse_s0.csv
2026-02-02 16:20:01,151|INFO|random_mc2_n5_mid3_d1000_05_mr098_r10_74_uai_GSCC_n200_roTrue_s0: [0.3098,0.3975]	 67 runs	 rmse=0.12711	 T_learn=31920 ms. 	 T_infer=5629 ms.
2026-02-02 16:20:01,157|INFO|random_mc2_n5_mid3_d1000_05_mr098_r10_74_uai_GSCC_n200_roTrue_s0: Saving results to ../results/synthetic/s123/random_mc2_n5_mid3_d1000_05_mr098_r10_74_uai_GSCC_n200_roTrue_s0.csv
2026-02-02 16:20:01,609|INFO|random_mc2_n6_mid3_d1000_05_mr098_r10_189_uai_GSCC_n200_roFalse_s0: [0.5208,0.6072]	 19 runs	 rmse=0.11979	 T_learn=10588 ms. 	 T_infer=1177 ms.
2026-02-02 16:20:01,613|INFO|random_mc2_n5_mid3_d1000_05_mr098_r10_169_uai_GSCC_n200_roTrue_s0: [0.1389,0.3062]	 191 runs	 rmse=0.19414	 T_learn=26068 ms. 	 T_infer=2014 ms.
2026-02-02 16:20:01,615|INFO|random_mc2_n6_mid3_d1000_05_mr098_r10_189_uai_GSCC_n200_roFalse_s0: Saving results to ../results/synthetic/s123/random_mc2_n6_mid3_d1000_05_mr098_r10_189_uai_GSCC_n200_roFalse_s0.csv
2026-02-02 16:20:01,623|INFO|random_mc2_n5_mid3_d1000_05_mr098_r10_169_uai_GSCC_n200_roTrue_s0: Saving results to ../results/synthetic/s123/random_mc2_n5_mid3_d1000_05_mr098_r10_169_uai_GSCC_n200_roTrue_s0.csv
2026-02-02 16:20:01,807|INFO|random_mc2_n8_mid3_d1000_05_mr098_r10_3_uai_GSCC_n200_roTrue_s0: [0.0235,0.0415]	 43 runs	 rmse=0.03426	 T_learn=19119 ms. 	 T_infer=3178 ms.
2026-02-02 16:20:01,812|INFO|random_mc2_n8_mid3_d1000_05_mr098_r10_3_uai_GSCC_n200_roTrue_s0: Saving results to ../results/synthetic/s123/random_mc2_n8_mid3_d1000_05_mr098_r10_3_uai_GSCC_n200_roTrue_s0.csv
2026-02-02 16:20:01,996|INFO|random_mc2_n6_mid3_d1000_05_mr098_r10_137_uai_GSCC_n200_roTrue_s0: [0.1208,0.2916]	 92 runs	 rmse=0.12254	 T_learn=11861 ms. 	 T_infer=1231 ms.
2026-02-02 16:20:02,002|INFO|random_mc2_n6_mid3_d1000_05_mr098_r10_137_uai_GSCC_n200_roTrue_s0: Saving results to ../results/synthetic/s123/random_mc2_n6_mid3_d1000_05_mr098_r10_137_uai_GSCC_n200_roTrue_s0.csv
2026-02-02 16:20:02,272|INFO|random_mc2_n5_mid3_d1000_05_mr098_r10_195_uai_GSCC_n200_roFalse_s0: [0.0785,0.2473]	 144 runs	 rmse=0.11734	 T_learn=23177 ms. 	 T_infer=2452 ms.
2026-02-02 16:20:02,280|INFO|random_mc2_n5_mid3_d1000_05_mr098_r10_195_uai_GSCC_n200_roFalse_s0: Saving results to ../results/synthetic/s123/random_mc2_n5_mid3_d1000_05_mr098_r10_195_uai_GSCC_n200_roFalse_s0.csv
2026-02-02 16:20:02,280|INFO|random_mc2_n7_mid3_d1000_05_mr098_r10_65_uai_GSCC_n200_roTrue_s0: [0.1633,0.2121]	 64 runs	 rmse=0.01145	 T_learn=25120 ms. 	 T_infer=4311 ms.
2026-02-02 16:20:02,285|INFO|random_mc2_n7_mid3_d1000_05_mr098_r10_65_uai_GSCC_n200_roTrue_s0: Saving results to ../results/synthetic/s123/random_mc2_n7_mid3_d1000_05_mr098_r10_65_uai_GSCC_n200_roTrue_s0.csv
2026-02-02 16:20:02,419|INFO|random_mc2_n5_mid3_d1000_05_mr098_r10_63_uai_GSCC_n200_roTrue_s0: [0.0001,0.1148]	 145 runs	 rmse=0.05543	 T_learn=17655 ms. 	 T_infer=2085 ms.
2026-02-02 16:20:02,425|INFO|random_mc2_n5_mid3_d1000_05_mr098_r10_63_uai_GSCC_n200_roTrue_s0: Saving results to ../results/synthetic/s123/random_mc2_n5_mid3_d1000_05_mr098_r10_63_uai_GSCC_n200_roTrue_s0.csv
2026-02-02 16:20:02,658|INFO|random_mc2_n5_mid3_d1000_05_mr098_r10_102_uai_GSCC_n200_roTrue_s0: [0.3034,0.4775]	 132 runs	 rmse=0.04047	 T_learn=27192 ms. 	 T_infer=3510 ms.
2026-02-02 16:20:02,665|INFO|random_mc2_n5_mid3_d1000_05_mr098_r10_102_uai_GSCC_n200_roTrue_s0: Saving results to ../results/synthetic/s123/random_mc2_n5_mid3_d1000_05_mr098_r10_102_uai_GSCC_n200_roTrue_s0.csv
2026-02-02 16:20:02,751|INFO|random_mc2_n6_mid3_d1000_05_mr098_r10_28_uai_GSCC_n200_roFalse_s0: [0.4503,0.5484]	 93 runs	 rmse=0.08921	 T_learn=36881 ms. 	 T_infer=4704 ms.
2026-02-02 16:20:02,757|INFO|random_mc2_n6_mid3_d1000_05_mr098_r10_28_uai_GSCC_n200_roFalse_s0: Saving results to ../results/synthetic/s123/random_mc2_n6_mid3_d1000_05_mr098_r10_28_uai_GSCC_n200_roFalse_s0.csv
2026-02-02 16:20:03,034|INFO|random_mc2_n6_mid3_d1000_05_mr098_r10_189_uai_GSCC_n200_roFalse_s0: [0.5208,0.6072]	 20 runs	 rmse=0.11979	 T_learn=10776 ms. 	 T_infer=1232 ms.
2026-02-02 16:20:03,039|INFO|random_mc2_n6_mid3_d1000_05_mr098_r10_189_uai_GSCC_n200_roFalse_s0: Saving results to ../results/synthetic/s123/random_mc2_n6_mid3_d1000_05_mr098_r10_189_uai_GSCC_n200_roFalse_s0.csv
2026-02-02 16:20:03,252|INFO|random_mc2_n5_mid3_d1000_05_mr098_r10_44_uai_GSCC_n200_roFalse_s0: [0.0156,0.0352]	 97 runs	 rmse=0.00699	 T_learn=36807 ms. 	 T_infer=4900 ms.
2026-02-02 16:20:03,257|INFO|random_mc2_n5_mid3_d1000_05_mr098_r10_44_uai_GSCC_n200_roFalse_s0: Saving results to ../results/synthetic/s123/random_mc2_n5_mid3_d1000_05_mr098_r10_44_uai_GSCC_n200_roFalse_s0.csv
2026-02-02 16:20:03,278|INFO|random_mc2_n5_mid3_d1000_05_mr098_r10_31_uai_GSCC_n200_roTrue_s0: [0.0575,0.1423]	 134 runs	 rmse=0.12612	 T_learn=30221 ms. 	 T_infer=3018 ms.
2026-02-02 16:20:03,285|INFO|random_mc2_n5_mid3_d1000_05_mr098_r10_31_uai_GSCC_n200_roTrue_s0: Saving results to ../results/synthetic/s123/random_mc2_n5_mid3_d1000_05_mr098_r10_31_uai_GSCC_n200_roTrue_s0.csv
2026-02-02 16:20:03,304|INFO|random_mc2_n5_mid3_d1000_05_mr098_r10_137_uai_GSCC_n200_roFalse_s0: [0.3436,0.4201]	 109 runs	 rmse=0.03004	 T_learn=29783 ms. 	 T_infer=3385 ms.
2026-02-02 16:20:03,310|INFO|random_mc2_n5_mid3_d1000_05_mr098_r10_137_uai_GSCC_n200_roFalse_s0: Saving results to ../results/synthetic/s123/random_mc2_n5_mid3_d1000_05_mr098_r10_137_uai_GSCC_n200_roFalse_s0.csv
2026-02-02 16:20:03,466|INFO|random_mc2_n7_mid3_d1000_05_mr098_r10_6_uai_GSCC_n200_roFalse_s0: [0.0078,0.0330]	 50 runs	 rmse=0.00898	 T_learn=29063 ms. 	 T_infer=5234 ms.
2026-02-02 16:20:03,472|INFO|random_mc2_n7_mid3_d1000_05_mr098_r10_6_uai_GSCC_n200_roFalse_s0: Saving results to ../results/synthetic/s123/random_mc2_n7_mid3_d1000_05_mr098_r10_6_uai_GSCC_n200_roFalse_s0.csv
2026-02-02 16:20:03,504|INFO|random_mc2_n6_mid3_d1000_05_mr098_r10_144_uai_GSCC_n200_roTrue_s0: [0.0139,0.0226]	 79 runs	 rmse=0.01413	 T_learn=25620 ms. 	 T_infer=4225 ms.
2026-02-02 16:20:03,511|INFO|random_mc2_n6_mid3_d1000_05_mr098_r10_144_uai_GSCC_n200_roTrue_s0: Saving results to ../results/synthetic/s123/random_mc2_n6_mid3_d1000_05_mr098_r10_144_uai_GSCC_n200_roTrue_s0.csv
2026-02-02 16:20:03,513|INFO|random_mc2_n5_mid3_d1000_05_mr098_r10_141_uai_GSCC_n200_roTrue_s0: [0.0640,0.1946]	 106 runs	 rmse=0.07204	 T_learn=36906 ms. 	 T_infer=4498 ms.
2026-02-02 16:20:03,520|INFO|random_mc2_n5_mid3_d1000_05_mr098_r10_141_uai_GSCC_n200_roTrue_s0: Saving results to ../results/synthetic/s123/random_mc2_n5_mid3_d1000_05_mr098_r10_141_uai_GSCC_n200_roTrue_s0.csv
2026-02-02 16:20:03,533|INFO|random_mc2_n6_mid3_d1000_05_mr098_r10_137_uai_GSCC_n200_roTrue_s0: [0.1208,0.2916]	 93 runs	 rmse=0.12254	 T_learn=12020 ms. 	 T_infer=1372 ms.
2026-02-02 16:20:03,539|INFO|random_mc2_n6_mid3_d1000_05_mr098_r10_137_uai_GSCC_n200_roTrue_s0: Saving results to ../results/synthetic/s123/random_mc2_n6_mid3_d1000_05_mr098_r10_137_uai_GSCC_n200_roTrue_s0.csv
2026-02-02 16:20:03,600|INFO|random_mc2_n5_mid3_d1000_05_mr098_r10_188_uai_GSCC_n200_roFalse_s0: [0.0011,0.0189]	 113 runs	 rmse=0.03045	 T_learn=19541 ms. 	 T_infer=2704 ms.
2026-02-02 16:20:03,606|INFO|random_mc2_n5_mid3_d1000_05_mr098_r10_188_uai_GSCC_n200_roFalse_s0: Saving results to ../results/synthetic/s123/random_mc2_n5_mid3_d1000_05_mr098_r10_188_uai_GSCC_n200_roFalse_s0.csv
2026-02-02 16:20:03,821|INFO|random_mc2_n5_mid3_d1000_05_mr098_r10_190_uai_GSCC_n200_roTrue_s0: [0.0389,0.0783]	 114 runs	 rmse=0.07679	 T_learn=24516 ms. 	 T_infer=3260 ms.
2026-02-02 16:20:03,827|INFO|random_mc2_n5_mid3_d1000_05_mr098_r10_190_uai_GSCC_n200_roTrue_s0: Saving results to ../results/synthetic/s123/random_mc2_n5_mid3_d1000_05_mr098_r10_190_uai_GSCC_n200_roTrue_s0.csv
2026-02-02 16:20:04,009|INFO|random_mc2_n5_mid3_d1000_05_mr098_r10_169_uai_GSCC_n200_roTrue_s0: [0.1389,0.3086]	 192 runs	 rmse=0.19179	 T_learn=26288 ms. 	 T_infer=2166 ms.
2026-02-02 16:20:04,017|INFO|random_mc2_n5_mid3_d1000_05_mr098_r10_169_uai_GSCC_n200_roTrue_s0: Saving results to ../results/synthetic/s123/random_mc2_n5_mid3_d1000_05_mr098_r10_169_uai_GSCC_n200_roTrue_s0.csv
2026-02-02 16:20:04,121|INFO|random_mc2_n6_mid3_d1000_05_mr098_r10_158_uai_GSCC_n200_roFalse_s0: [0.0187,0.0370]	 120 runs	 rmse=0.03317	 T_learn=25849 ms. 	 T_infer=3146 ms.
2026-02-02 16:20:04,127|INFO|random_mc2_n6_mid3_d1000_05_mr098_r10_158_uai_GSCC_n200_roFalse_s0: Saving results to ../results/synthetic/s123/random_mc2_n6_mid3_d1000_05_mr098_r10_158_uai_GSCC_n200_roFalse_s0.csv
2026-02-02 16:20:04,129|INFO|random_mc2_n6_mid3_d1000_05_mr098_r10_72_uai_GSCC_n200_roTrue_s0: [0.0627,0.0981]	 97 runs	 rmse=0.04880	 T_learn=40797 ms. 	 T_infer=4985 ms.
2026-02-02 16:20:04,134|INFO|random_mc2_n6_mid3_d1000_05_mr098_r10_72_uai_GSCC_n200_roTrue_s0: Saving results to ../results/synthetic/s123/random_mc2_n6_mid3_d1000_05_mr098_r10_72_uai_GSCC_n200_roTrue_s0.csv
2026-02-02 16:20:04,526|INFO|random_mc2_n6_mid3_d1000_05_mr098_r10_189_uai_GSCC_n200_roFalse_s0: [0.5208,0.6072]	 21 runs	 rmse=0.11979	 T_learn=10969 ms. 	 T_infer=1295 ms.
2026-02-02 16:20:04,531|INFO|random_mc2_n6_mid3_d1000_05_mr098_r10_189_uai_GSCC_n200_roFalse_s0: Saving results to ../results/synthetic/s123/random_mc2_n6_mid3_d1000_05_mr098_r10_189_uai_GSCC_n200_roFalse_s0.csv
2026-02-02 16:20:04,836|INFO|random_mc2_n6_mid3_d1000_05_mr098_r10_71_uai_GSCC_n200_roFalse_s0: [0.5153,0.6281]	 92 runs	 rmse=0.02577	 T_learn=39777 ms. 	 T_infer=5146 ms.
2026-02-02 16:20:04,841|INFO|random_mc2_n5_mid3_d1000_05_mr098_r10_63_uai_GSCC_n200_roTrue_s0: [0.0001,0.1148]	 146 runs	 rmse=0.05543	 T_learn=17834 ms. 	 T_infer=2238 ms.
2026-02-02 16:20:04,842|INFO|random_mc2_n6_mid3_d1000_05_mr098_r10_71_uai_GSCC_n200_roFalse_s0: Saving results to ../results/synthetic/s123/random_mc2_n6_mid3_d1000_05_mr098_r10_71_uai_GSCC_n200_roFalse_s0.csv
2026-02-02 16:20:04,848|INFO|random_mc2_n5_mid3_d1000_05_mr098_r10_63_uai_GSCC_n200_roTrue_s0: Saving results to ../results/synthetic/s123/random_mc2_n5_mid3_d1000_05_mr098_r10_63_uai_GSCC_n200_roTrue_s0.csv
2026-02-02 16:20:04,954|INFO|random_mc2_n6_mid3_d1000_05_mr098_r10_137_uai_GSCC_n200_roTrue_s0: [0.1208,0.2916]	 94 runs	 rmse=0.12254	 T_learn=12180 ms. 	 T_infer=1254 ms.
2026-02-02 16:20:04,962|INFO|random_mc2_n6_mid3_d1000_05_mr098_r10_137_uai_GSCC_n200_roTrue_s0: Saving results to ../results/synthetic/s123/random_mc2_n6_mid3_d1000_05_mr098_r10_137_uai_GSCC_n200_roTrue_s0.csv
2026-02-02 16:20:05,135|INFO|random_mc2_n5_mid3_d1000_05_mr098_r10_195_uai_GSCC_n200_roFalse_s0: [0.0785,0.2473]	 145 runs	 rmse=0.11734	 T_learn=23417 ms. 	 T_infer=2615 ms.
2026-02-02 16:20:05,144|INFO|random_mc2_n5_mid3_d1000_05_mr098_r10_195_uai_GSCC_n200_roFalse_s0: Saving results to ../results/synthetic/s123/random_mc2_n5_mid3_d1000_05_mr098_r10_195_uai_GSCC_n200_roFalse_s0.csv
2026-02-02 16:20:05,453|INFO|random_mc2_n8_mid3_d1000_05_mr098_r10_3_uai_GSCC_n200_roTrue_s0: [0.0235,0.0415]	 44 runs	 rmse=0.03426	 T_learn=19504 ms. 	 T_infer=3256 ms.
2026-02-02 16:20:05,458|INFO|random_mc2_n8_mid3_d1000_05_mr098_r10_3_uai_GSCC_n200_roTrue_s0: Saving results to ../results/synthetic/s123/random_mc2_n8_mid3_d1000_05_mr098_r10_3_uai_GSCC_n200_roTrue_s0.csv
2026-02-02 16:20:05,523|INFO|random_mc2_n6_mid3_d1000_05_mr098_r10_169_uai_GSCC_n200_roFalse_s0: [0.0066,0.0314]	 125 runs	 rmse=0.01079	 T_learn=33964 ms. 	 T_infer=4002 ms.
2026-02-02 16:20:05,530|INFO|random_mc2_n6_mid3_d1000_05_mr098_r10_169_uai_GSCC_n200_roFalse_s0: Saving results to ../results/synthetic/s123/random_mc2_n6_mid3_d1000_05_mr098_r10_169_uai_GSCC_n200_roFalse_s0.csv
2026-02-02 16:20:06,090|INFO|random_mc2_n6_mid3_d1000_05_mr098_r10_189_uai_GSCC_n200_roFalse_s0: [0.5208,0.6072]	 22 runs	 rmse=0.11979	 T_learn=11170 ms. 	 T_infer=1357 ms.
2026-02-02 16:20:06,095|INFO|random_mc2_n6_mid3_d1000_05_mr098_r10_189_uai_GSCC_n200_roFalse_s0: Saving results to ../results/synthetic/s123/random_mc2_n6_mid3_d1000_05_mr098_r10_189_uai_GSCC_n200_roFalse_s0.csv
2026-02-02 16:20:06,267|INFO|random_mc2_n5_mid3_d1000_05_mr098_r10_169_uai_GSCC_n200_roTrue_s0: [0.1389,0.3086]	 193 runs	 rmse=0.19179	 T_learn=26508 ms. 	 T_infer=2029 ms.
2026-02-02 16:20:06,276|INFO|random_mc2_n5_mid3_d1000_05_mr098_r10_169_uai_GSCC_n200_roTrue_s0: Saving results to ../results/synthetic/s123/random_mc2_n5_mid3_d1000_05_mr098_r10_169_uai_GSCC_n200_roTrue_s0.csv
2026-02-02 16:20:06,383|INFO|random_mc2_n5_mid3_d1000_05_mr098_r10_102_uai_GSCC_n200_roTrue_s0: [0.3034,0.4775]	 133 runs	 rmse=0.04047	 T_learn=27499 ms. 	 T_infer=3412 ms.
2026-02-02 16:20:06,390|INFO|random_mc2_n5_mid3_d1000_05_mr098_r10_102_uai_GSCC_n200_roTrue_s0: Saving results to ../results/synthetic/s123/random_mc2_n5_mid3_d1000_05_mr098_r10_102_uai_GSCC_n200_roTrue_s0.csv
2026-02-02 16:20:06,391|INFO|random_mc2_n6_mid3_d1000_05_mr098_r10_137_uai_GSCC_n200_roTrue_s0: [0.1208,0.2916]	 95 runs	 rmse=0.12254	 T_learn=12341 ms. 	 T_infer=1268 ms.
2026-02-02 16:20:06,397|INFO|random_mc2_n6_mid3_d1000_05_mr098_r10_137_uai_GSCC_n200_roTrue_s0: Saving results to ../results/synthetic/s123/random_mc2_n6_mid3_d1000_05_mr098_r10_137_uai_GSCC_n200_roTrue_s0.csv
2026-02-02 16:20:06,690|INFO|random_mc2_n5_mid3_d1000_05_mr098_r10_188_uai_GSCC_n200_roFalse_s0: [0.0011,0.0189]	 114 runs	 rmse=0.03045	 T_learn=19768 ms. 	 T_infer=2857 ms.
2026-02-02 16:20:06,696|INFO|random_mc2_n5_mid3_d1000_05_mr098_r10_188_uai_GSCC_n200_roFalse_s0: Saving results to ../results/synthetic/s123/random_mc2_n5_mid3_d1000_05_mr098_r10_188_uai_GSCC_n200_roFalse_s0.csv
2026-02-02 16:20:06,816|INFO|random_mc2_n5_mid3_d1000_05_mr098_r10_31_uai_GSCC_n200_roTrue_s0: [0.0575,0.1423]	 135 runs	 rmse=0.12612	 T_learn=30577 ms. 	 T_infer=3175 ms.
2026-02-02 16:20:06,823|INFO|random_mc2_n5_mid3_d1000_05_mr098_r10_31_uai_GSCC_n200_roTrue_s0: Saving results to ../results/synthetic/s123/random_mc2_n5_mid3_d1000_05_mr098_r10_31_uai_GSCC_n200_roTrue_s0.csv
2026-02-02 16:20:07,016|INFO|random_mc2_n7_mid3_d1000_05_mr098_r10_65_uai_GSCC_n200_roTrue_s0: [0.1633,0.2121]	 65 runs	 rmse=0.01145	 T_learn=25614 ms. 	 T_infer=4236 ms.
2026-02-02 16:20:07,021|INFO|random_mc2_n7_mid3_d1000_05_mr098_r10_65_uai_GSCC_n200_roTrue_s0: Saving results to ../results/synthetic/s123/random_mc2_n7_mid3_d1000_05_mr098_r10_65_uai_GSCC_n200_roTrue_s0.csv
2026-02-02 16:20:07,142|INFO|random_mc2_n5_mid3_d1000_05_mr098_r10_63_uai_GSCC_n200_roTrue_s0: [0.0001,0.1148]	 147 runs	 rmse=0.05543	 T_learn=18013 ms. 	 T_infer=2114 ms.
2026-02-02 16:20:07,149|INFO|random_mc2_n5_mid3_d1000_05_mr098_r10_63_uai_GSCC_n200_roTrue_s0: Saving results to ../results/synthetic/s123/random_mc2_n5_mid3_d1000_05_mr098_r10_63_uai_GSCC_n200_roTrue_s0.csv
2026-02-02 16:20:07,267|INFO|random_mc2_n5_mid3_d1000_05_mr098_r10_190_uai_GSCC_n200_roTrue_s0: [0.0389,0.0783]	 115 runs	 rmse=0.07679	 T_learn=24823 ms. 	 T_infer=3133 ms.
2026-02-02 16:20:07,273|INFO|random_mc2_n5_mid3_d1000_05_mr098_r10_190_uai_GSCC_n200_roTrue_s0: Saving results to ../results/synthetic/s123/random_mc2_n5_mid3_d1000_05_mr098_r10_190_uai_GSCC_n200_roTrue_s0.csv
2026-02-02 16:20:07,292|INFO|random_mc2_n5_mid3_d1000_05_mr098_r10_137_uai_GSCC_n200_roFalse_s0: [0.3436,0.4255]	 110 runs	 rmse=0.02924	 T_learn=30217 ms. 	 T_infer=3548 ms.
2026-02-02 16:20:07,298|INFO|random_mc2_n5_mid3_d1000_05_mr098_r10_137_uai_GSCC_n200_roFalse_s0: Saving results to ../results/synthetic/s123/random_mc2_n5_mid3_d1000_05_mr098_r10_137_uai_GSCC_n200_roFalse_s0.csv
2026-02-02 16:20:07,408|INFO|random_mc2_n5_mid3_d1000_05_mr098_r10_74_uai_GSCC_n200_roTrue_s0: [0.3068,0.3975]	 68 runs	 rmse=0.12553	 T_learn=32633 ms. 	 T_infer=5538 ms.
2026-02-02 16:20:07,413|INFO|random_mc2_n5_mid3_d1000_05_mr098_r10_74_uai_GSCC_n200_roTrue_s0: Saving results to ../results/synthetic/s123/random_mc2_n5_mid3_d1000_05_mr098_r10_74_uai_GSCC_n200_roTrue_s0.csv
2026-02-02 16:20:07,621|INFO|random_mc2_n6_mid3_d1000_05_mr098_r10_158_uai_GSCC_n200_roFalse_s0: [0.0187,0.0370]	 121 runs	 rmse=0.03317	 T_learn=26160 ms. 	 T_infer=3183 ms.
2026-02-02 16:20:07,627|INFO|random_mc2_n6_mid3_d1000_05_mr098_r10_158_uai_GSCC_n200_roFalse_s0: Saving results to ../results/synthetic/s123/random_mc2_n6_mid3_d1000_05_mr098_r10_158_uai_GSCC_n200_roFalse_s0.csv
2026-02-02 16:20:07,713|INFO|random_mc2_n6_mid3_d1000_05_mr098_r10_189_uai_GSCC_n200_roFalse_s0: [0.5208,0.6072]	 23 runs	 rmse=0.11979	 T_learn=11374 ms. 	 T_infer=1413 ms.
2026-02-02 16:20:07,717|INFO|random_mc2_n6_mid3_d1000_05_mr098_r10_189_uai_GSCC_n200_roFalse_s0: Saving results to ../results/synthetic/s123/random_mc2_n6_mid3_d1000_05_mr098_r10_189_uai_GSCC_n200_roFalse_s0.csv
2026-02-02 16:20:07,840|INFO|random_mc2_n6_mid3_d1000_05_mr098_r10_137_uai_GSCC_n200_roTrue_s0: [0.1208,0.2916]	 96 runs	 rmse=0.12254	 T_learn=12503 ms. 	 T_infer=1280 ms.
2026-02-02 16:20:07,847|INFO|random_mc2_n6_mid3_d1000_05_mr098_r10_137_uai_GSCC_n200_roTrue_s0: Saving results to ../results/synthetic/s123/random_mc2_n6_mid3_d1000_05_mr098_r10_137_uai_GSCC_n200_roTrue_s0.csv
2026-02-02 16:20:07,853|INFO|random_mc2_n5_mid3_d1000_05_mr098_r10_195_uai_GSCC_n200_roFalse_s0: [0.0785,0.2473]	 146 runs	 rmse=0.11734	 T_learn=23657 ms. 	 T_infer=2468 ms.
2026-02-02 16:20:07,860|INFO|random_mc2_n5_mid3_d1000_05_mr098_r10_195_uai_GSCC_n200_roFalse_s0: Saving results to ../results/synthetic/s123/random_mc2_n5_mid3_d1000_05_mr098_r10_195_uai_GSCC_n200_roFalse_s0.csv
2026-02-02 16:20:08,143|INFO|random_mc2_n6_mid3_d1000_05_mr098_r10_144_uai_GSCC_n200_roTrue_s0: [0.0139,0.0226]	 80 runs	 rmse=0.01413	 T_learn=26107 ms. 	 T_infer=4145 ms.
2026-02-02 16:20:08,145|INFO|random_mc2_n6_mid3_d1000_05_mr098_r10_28_uai_GSCC_n200_roFalse_s0: [0.4503,0.5484]	 94 runs	 rmse=0.08921	 T_learn=37513 ms. 	 T_infer=4757 ms.
2026-02-02 16:20:08,150|INFO|random_mc2_n6_mid3_d1000_05_mr098_r10_144_uai_GSCC_n200_roTrue_s0: Saving results to ../results/synthetic/s123/random_mc2_n6_mid3_d1000_05_mr098_r10_144_uai_GSCC_n200_roTrue_s0.csv
2026-02-02 16:20:08,152|INFO|random_mc2_n6_mid3_d1000_05_mr098_r10_28_uai_GSCC_n200_roFalse_s0: Saving results to ../results/synthetic/s123/random_mc2_n6_mid3_d1000_05_mr098_r10_28_uai_GSCC_n200_roFalse_s0.csv
2026-02-02 16:20:08,540|INFO|random_mc2_n5_mid3_d1000_05_mr098_r10_169_uai_GSCC_n200_roTrue_s0: [0.1389,0.3150]	 194 runs	 rmse=0.18541	 T_learn=26729 ms. 	 T_infer=2042 ms.
2026-02-02 16:20:08,548|INFO|random_mc2_n5_mid3_d1000_05_mr098_r10_169_uai_GSCC_n200_roTrue_s0: Saving results to ../results/synthetic/s123/random_mc2_n5_mid3_d1000_05_mr098_r10_169_uai_GSCC_n200_roTrue_s0.csv
2026-02-02 16:20:08,621|INFO|random_mc2_n5_mid3_d1000_05_mr098_r10_141_uai_GSCC_n200_roTrue_s0: [0.0640,0.1946]	 107 runs	 rmse=0.07204	 T_learn=37471 ms. 	 T_infer=4536 ms.
2026-02-02 16:20:08,629|INFO|random_mc2_n5_mid3_d1000_05_mr098_r10_141_uai_GSCC_n200_roTrue_s0: Saving results to ../results/synthetic/s123/random_mc2_n5_mid3_d1000_05_mr098_r10_141_uai_GSCC_n200_roTrue_s0.csv
2026-02-02 16:20:08,854|INFO|random_mc2_n5_mid3_d1000_05_mr098_r10_44_uai_GSCC_n200_roFalse_s0: [0.0156,0.0352]	 98 runs	 rmse=0.00699	 T_learn=37451 ms. 	 T_infer=4953 ms.
2026-02-02 16:20:08,860|INFO|random_mc2_n5_mid3_d1000_05_mr098_r10_44_uai_GSCC_n200_roFalse_s0: Saving results to ../results/synthetic/s123/random_mc2_n5_mid3_d1000_05_mr098_r10_44_uai_GSCC_n200_roFalse_s0.csv
2026-02-02 16:20:09,170|INFO|random_mc2_n8_mid3_d1000_05_mr098_r10_3_uai_GSCC_n200_roTrue_s0: [0.0235,0.0415]	 45 runs	 rmse=0.03426	 T_learn=19896 ms. 	 T_infer=3319 ms.
2026-02-02 16:20:09,175|INFO|random_mc2_n8_mid3_d1000_05_mr098_r10_3_uai_GSCC_n200_roTrue_s0: Saving results to ../results/synthetic/s123/random_mc2_n8_mid3_d1000_05_mr098_r10_3_uai_GSCC_n200_roTrue_s0.csv
2026-02-02 16:20:09,305|INFO|random_mc2_n6_mid3_d1000_05_mr098_r10_137_uai_GSCC_n200_roTrue_s0: [0.1208,0.2916]	 97 runs	 rmse=0.12254	 T_learn=12668 ms. 	 T_infer=1294 ms.
2026-02-02 16:20:09,312|INFO|random_mc2_n6_mid3_d1000_05_mr098_r10_137_uai_GSCC_n200_roTrue_s0: Saving results to ../results/synthetic/s123/random_mc2_n6_mid3_d1000_05_mr098_r10_137_uai_GSCC_n200_roTrue_s0.csv
2026-02-02 16:20:09,407|INFO|random_mc2_n6_mid3_d1000_05_mr098_r10_189_uai_GSCC_n200_roFalse_s0: [0.5208,0.6072]	 24 runs	 rmse=0.11979	 T_learn=11584 ms. 	 T_infer=1479 ms.
2026-02-02 16:20:09,411|INFO|random_mc2_n6_mid3_d1000_05_mr098_r10_189_uai_GSCC_n200_roFalse_s0: Saving results to ../results/synthetic/s123/random_mc2_n6_mid3_d1000_05_mr098_r10_189_uai_GSCC_n200_roFalse_s0.csv
2026-02-02 16:20:09,456|INFO|random_mc2_n5_mid3_d1000_05_mr098_r10_63_uai_GSCC_n200_roTrue_s0: [0.0001,0.1148]	 148 runs	 rmse=0.05543	 T_learn=18195 ms. 	 T_infer=2125 ms.
2026-02-02 16:20:09,463|INFO|random_mc2_n5_mid3_d1000_05_mr098_r10_63_uai_GSCC_n200_roTrue_s0: Saving results to ../results/synthetic/s123/random_mc2_n5_mid3_d1000_05_mr098_r10_63_uai_GSCC_n200_roTrue_s0.csv
2026-02-02 16:20:09,637|INFO|random_mc2_n6_mid3_d1000_05_mr098_r10_72_uai_GSCC_n200_roTrue_s0: [0.0627,0.0981]	 98 runs	 rmse=0.04880	 T_learn=41431 ms. 	 T_infer=4870 ms.
2026-02-02 16:20:09,643|INFO|random_mc2_n6_mid3_d1000_05_mr098_r10_72_uai_GSCC_n200_roTrue_s0: Saving results to ../results/synthetic/s123/random_mc2_n6_mid3_d1000_05_mr098_r10_72_uai_GSCC_n200_roTrue_s0.csv
2026-02-02 16:20:09,661|INFO|random_mc2_n5_mid3_d1000_05_mr098_r10_188_uai_GSCC_n200_roFalse_s0: [0.0011,0.0189]	 115 runs	 rmse=0.03045	 T_learn=19997 ms. 	 T_infer=2736 ms.
2026-02-02 16:20:09,662|INFO|random_mc2_n7_mid3_d1000_05_mr098_r10_6_uai_GSCC_n200_roFalse_s0: [0.0078,0.0330]	 51 runs	 rmse=0.00898	 T_learn=29919 ms. 	 T_infer=5334 ms.
2026-02-02 16:20:09,667|INFO|random_mc2_n5_mid3_d1000_05_mr098_r10_188_uai_GSCC_n200_roFalse_s0: Saving results to ../results/synthetic/s123/random_mc2_n5_mid3_d1000_05_mr098_r10_188_uai_GSCC_n200_roFalse_s0.csv
2026-02-02 16:20:09,668|INFO|random_mc2_n7_mid3_d1000_05_mr098_r10_6_uai_GSCC_n200_roFalse_s0: Saving results to ../results/synthetic/s123/random_mc2_n7_mid3_d1000_05_mr098_r10_6_uai_GSCC_n200_roFalse_s0.csv
2026-02-02 16:20:09,990|INFO|random_mc2_n6_mid3_d1000_05_mr098_r10_169_uai_GSCC_n200_roFalse_s0: [0.0066,0.0314]	 126 runs	 rmse=0.01079	 T_learn=34364 ms. 	 T_infer=4060 ms.
2026-02-02 16:20:09,996|INFO|random_mc2_n6_mid3_d1000_05_mr098_r10_169_uai_GSCC_n200_roFalse_s0: Saving results to ../results/synthetic/s123/random_mc2_n6_mid3_d1000_05_mr098_r10_169_uai_GSCC_n200_roFalse_s0.csv
2026-02-02 16:20:10,130|INFO|random_mc2_n5_mid3_d1000_05_mr098_r10_102_uai_GSCC_n200_roTrue_s0: [0.3034,0.4775]	 134 runs	 rmse=0.04047	 T_learn=27810 ms. 	 T_infer=3429 ms.
2026-02-02 16:20:10,137|INFO|random_mc2_n5_mid3_d1000_05_mr098_r10_102_uai_GSCC_n200_roTrue_s0: Saving results to ../results/synthetic/s123/random_mc2_n5_mid3_d1000_05_mr098_r10_102_uai_GSCC_n200_roTrue_s0.csv
2026-02-02 16:20:10,232|INFO|random_mc2_n5_mid3_d1000_05_mr098_r10_31_uai_GSCC_n200_roTrue_s0: [0.0575,0.1423]	 136 runs	 rmse=0.12612	 T_learn=30934 ms. 	 T_infer=3052 ms.
2026-02-02 16:20:10,238|INFO|random_mc2_n5_mid3_d1000_05_mr098_r10_31_uai_GSCC_n200_roTrue_s0: Saving results to ../results/synthetic/s123/random_mc2_n5_mid3_d1000_05_mr098_r10_31_uai_GSCC_n200_roTrue_s0.csv
2026-02-02 16:20:10,588|INFO|random_mc2_n5_mid3_d1000_05_mr098_r10_195_uai_GSCC_n200_roFalse_s0: [0.0785,0.2473]	 147 runs	 rmse=0.11734	 T_learn=23900 ms. 	 T_infer=2485 ms.
2026-02-02 16:20:10,595|INFO|random_mc2_n5_mid3_d1000_05_mr098_r10_195_uai_GSCC_n200_roFalse_s0: Saving results to ../results/synthetic/s123/random_mc2_n5_mid3_d1000_05_mr098_r10_195_uai_GSCC_n200_roFalse_s0.csv
2026-02-02 16:20:10,737|INFO|random_mc2_n6_mid3_d1000_05_mr098_r10_71_uai_GSCC_n200_roFalse_s0: [0.5153,0.6281]	 93 runs	 rmse=0.02577	 T_learn=40476 ms. 	 T_infer=5196 ms.
2026-02-02 16:20:10,741|INFO|random_mc2_n5_mid3_d1000_05_mr098_r10_190_uai_GSCC_n200_roTrue_s0: [0.0389,0.0783]	 116 runs	 rmse=0.07679	 T_learn=25133 ms. 	 T_infer=3158 ms.
2026-02-02 16:20:10,742|INFO|random_mc2_n6_mid3_d1000_05_mr098_r10_71_uai_GSCC_n200_roFalse_s0: Saving results to ../results/synthetic/s123/random_mc2_n6_mid3_d1000_05_mr098_r10_71_uai_GSCC_n200_roFalse_s0.csv
2026-02-02 16:20:10,747|INFO|random_mc2_n5_mid3_d1000_05_mr098_r10_190_uai_GSCC_n200_roTrue_s0: Saving results to ../results/synthetic/s123/random_mc2_n5_mid3_d1000_05_mr098_r10_190_uai_GSCC_n200_roTrue_s0.csv
2026-02-02 16:20:10,785|INFO|random_mc2_n6_mid3_d1000_05_mr098_r10_137_uai_GSCC_n200_roTrue_s0: [0.1208,0.2916]	 98 runs	 rmse=0.12254	 T_learn=12832 ms. 	 T_infer=1308 ms.
2026-02-02 16:20:10,791|INFO|random_mc2_n6_mid3_d1000_05_mr098_r10_137_uai_GSCC_n200_roTrue_s0: Saving results to ../results/synthetic/s123/random_mc2_n6_mid3_d1000_05_mr098_r10_137_uai_GSCC_n200_roTrue_s0.csv
2026-02-02 16:20:10,971|INFO|random_mc2_n5_mid3_d1000_05_mr098_r10_169_uai_GSCC_n200_roTrue_s0: [0.1389,0.3150]	 195 runs	 rmse=0.18541	 T_learn=26952 ms. 	 T_infer=2199 ms.
2026-02-02 16:20:10,981|INFO|random_mc2_n5_mid3_d1000_05_mr098_r10_169_uai_GSCC_n200_roTrue_s0: Saving results to ../results/synthetic/s123/random_mc2_n5_mid3_d1000_05_mr098_r10_169_uai_GSCC_n200_roTrue_s0.csv
2026-02-02 16:20:11,172|INFO|random_mc2_n5_mid3_d1000_05_mr098_r10_137_uai_GSCC_n200_roFalse_s0: [0.3436,0.4255]	 111 runs	 rmse=0.02924	 T_learn=30651 ms. 	 T_infer=3441 ms.
2026-02-02 16:20:11,178|INFO|random_mc2_n5_mid3_d1000_05_mr098_r10_137_uai_GSCC_n200_roFalse_s0: Saving results to ../results/synthetic/s123/random_mc2_n5_mid3_d1000_05_mr098_r10_137_uai_GSCC_n200_roFalse_s0.csv
2026-02-02 16:20:11,261|INFO|random_mc2_n6_mid3_d1000_05_mr098_r10_158_uai_GSCC_n200_roFalse_s0: [0.0187,0.0370]	 122 runs	 rmse=0.03317	 T_learn=26472 ms. 	 T_infer=3322 ms.
2026-02-02 16:20:11,269|INFO|random_mc2_n6_mid3_d1000_05_mr098_r10_158_uai_GSCC_n200_roFalse_s0: Saving results to ../results/synthetic/s123/random_mc2_n6_mid3_d1000_05_mr098_r10_158_uai_GSCC_n200_roFalse_s0.csv
2026-02-02 16:20:11,303|INFO|random_mc2_n6_mid3_d1000_05_mr098_r10_189_uai_GSCC_n200_roFalse_s0: [0.5208,0.6072]	 25 runs	 rmse=0.11979	 T_learn=11801 ms. 	 T_infer=1675 ms.
2026-02-02 16:20:11,308|INFO|random_mc2_n6_mid3_d1000_05_mr098_r10_189_uai_GSCC_n200_roFalse_s0: Saving results to ../results/synthetic/s123/random_mc2_n6_mid3_d1000_05_mr098_r10_189_uai_GSCC_n200_roFalse_s0.csv
2026-02-02 16:20:11,787|INFO|random_mc2_n5_mid3_d1000_05_mr098_r10_63_uai_GSCC_n200_roTrue_s0: [0.0001,0.1148]	 149 runs	 rmse=0.05543	 T_learn=18377 ms. 	 T_infer=2142 ms.
2026-02-02 16:20:11,794|INFO|random_mc2_n5_mid3_d1000_05_mr098_r10_63_uai_GSCC_n200_roTrue_s0: Saving results to ../results/synthetic/s123/random_mc2_n5_mid3_d1000_05_mr098_r10_63_uai_GSCC_n200_roTrue_s0.csv
2026-02-02 16:20:11,819|INFO|random_mc2_n7_mid3_d1000_05_mr098_r10_65_uai_GSCC_n200_roTrue_s0: [0.1633,0.2121]	 66 runs	 rmse=0.01145	 T_learn=26116 ms. 	 T_infer=4296 ms.
2026-02-02 16:20:11,825|INFO|random_mc2_n7_mid3_d1000_05_mr098_r10_65_uai_GSCC_n200_roTrue_s0: Saving results to ../results/synthetic/s123/random_mc2_n7_mid3_d1000_05_mr098_r10_65_uai_GSCC_n200_roTrue_s0.csv
2026-02-02 16:20:12,416|INFO|random_mc2_n6_mid3_d1000_05_mr098_r10_137_uai_GSCC_n200_roTrue_s0: [0.1208,0.2916]	 99 runs	 rmse=0.12254	 T_learn=12999 ms. 	 T_infer=1458 ms.
2026-02-02 16:20:12,424|INFO|random_mc2_n6_mid3_d1000_05_mr098_r10_137_uai_GSCC_n200_roTrue_s0: Saving results to ../results/synthetic/s123/random_mc2_n6_mid3_d1000_05_mr098_r10_137_uai_GSCC_n200_roTrue_s0.csv
2026-02-02 16:20:12,661|INFO|random_mc2_n5_mid3_d1000_05_mr098_r10_188_uai_GSCC_n200_roFalse_s0: [0.0011,0.0189]	 116 runs	 rmse=0.03045	 T_learn=20227 ms. 	 T_infer=2763 ms.
2026-02-02 16:20:12,667|INFO|random_mc2_n5_mid3_d1000_05_mr098_r10_188_uai_GSCC_n200_roFalse_s0: Saving results to ../results/synthetic/s123/random_mc2_n5_mid3_d1000_05_mr098_r10_188_uai_GSCC_n200_roFalse_s0.csv
2026-02-02 16:20:12,838|INFO|random_mc2_n6_mid3_d1000_05_mr098_r10_144_uai_GSCC_n200_roTrue_s0: [0.0139,0.0226]	 81 runs	 rmse=0.01413	 T_learn=26600 ms. 	 T_infer=4195 ms.
2026-02-02 16:20:12,843|INFO|random_mc2_n6_mid3_d1000_05_mr098_r10_144_uai_GSCC_n200_roTrue_s0: Saving results to ../results/synthetic/s123/random_mc2_n6_mid3_d1000_05_mr098_r10_144_uai_GSCC_n200_roTrue_s0.csv
2026-02-02 16:20:12,975|INFO|random_mc2_n8_mid3_d1000_05_mr098_r10_3_uai_GSCC_n200_roTrue_s0: [0.0235,0.0431]	 46 runs	 rmse=0.03271	 T_learn=20296 ms. 	 T_infer=3400 ms.
2026-02-02 16:20:12,980|INFO|random_mc2_n8_mid3_d1000_05_mr098_r10_3_uai_GSCC_n200_roTrue_s0: Saving results to ../results/synthetic/s123/random_mc2_n8_mid3_d1000_05_mr098_r10_3_uai_GSCC_n200_roTrue_s0.csv
2026-02-02 16:20:13,125|INFO|random_mc2_n6_mid3_d1000_05_mr098_r10_189_uai_GSCC_n200_roFalse_s0: [0.5208,0.6072]	 26 runs	 rmse=0.11979	 T_learn=12021 ms. 	 T_infer=1596 ms.
2026-02-02 16:20:13,130|INFO|random_mc2_n6_mid3_d1000_05_mr098_r10_189_uai_GSCC_n200_roFalse_s0: Saving results to ../results/synthetic/s123/random_mc2_n6_mid3_d1000_05_mr098_r10_189_uai_GSCC_n200_roFalse_s0.csv
2026-02-02 16:20:13,268|INFO|random_mc2_n5_mid3_d1000_05_mr098_r10_169_uai_GSCC_n200_roTrue_s0: [0.1389,0.3150]	 196 runs	 rmse=0.18541	 T_learn=27176 ms. 	 T_infer=2062 ms.
2026-02-02 16:20:13,276|INFO|random_mc2_n5_mid3_d1000_05_mr098_r10_169_uai_GSCC_n200_roTrue_s0: Saving results to ../results/synthetic/s123/random_mc2_n5_mid3_d1000_05_mr098_r10_169_uai_GSCC_n200_roTrue_s0.csv
2026-02-02 16:20:13,350|INFO|random_mc2_n5_mid3_d1000_05_mr098_r10_195_uai_GSCC_n200_roFalse_s0: [0.0785,0.2473]	 148 runs	 rmse=0.11734	 T_learn=24145 ms. 	 T_infer=2510 ms.
2026-02-02 16:20:13,357|INFO|random_mc2_n5_mid3_d1000_05_mr098_r10_195_uai_GSCC_n200_roFalse_s0: Saving results to ../results/synthetic/s123/random_mc2_n5_mid3_d1000_05_mr098_r10_195_uai_GSCC_n200_roFalse_s0.csv
2026-02-02 16:20:13,594|INFO|random_mc2_n6_mid3_d1000_05_mr098_r10_28_uai_GSCC_n200_roFalse_s0: [0.4503,0.5484]	 95 runs	 rmse=0.08921	 T_learn=38148 ms. 	 T_infer=4806 ms.
2026-02-02 16:20:13,600|INFO|random_mc2_n6_mid3_d1000_05_mr098_r10_28_uai_GSCC_n200_roFalse_s0: Saving results to ../results/synthetic/s123/random_mc2_n6_mid3_d1000_05_mr098_r10_28_uai_GSCC_n200_roFalse_s0.csv
2026-02-02 16:20:13,676|INFO|random_mc2_n5_mid3_d1000_05_mr098_r10_31_uai_GSCC_n200_roTrue_s0: [0.0575,0.1423]	 137 runs	 rmse=0.12612	 T_learn=31293 ms. 	 T_infer=3078 ms.
2026-02-02 16:20:13,683|INFO|random_mc2_n5_mid3_d1000_05_mr098_r10_31_uai_GSCC_n200_roTrue_s0: Saving results to ../results/synthetic/s123/random_mc2_n5_mid3_d1000_05_mr098_r10_31_uai_GSCC_n200_roTrue_s0.csv
2026-02-02 16:20:13,745|INFO|random_mc2_n5_mid3_d1000_05_mr098_r10_74_uai_GSCC_n200_roTrue_s0: [0.3098,0.3975]	 69 runs	 rmse=0.12711	 T_learn=33354 ms. 	 T_infer=5611 ms.
2026-02-02 16:20:13,750|INFO|random_mc2_n5_mid3_d1000_05_mr098_r10_74_uai_GSCC_n200_roTrue_s0: Saving results to ../results/synthetic/s123/random_mc2_n5_mid3_d1000_05_mr098_r10_74_uai_GSCC_n200_roTrue_s0.csv
2026-02-02 16:20:13,775|INFO|random_mc2_n5_mid3_d1000_05_mr098_r10_141_uai_GSCC_n200_roTrue_s0: [0.0540,0.1946]	 108 runs	 rmse=0.06361	 T_learn=38042 ms. 	 T_infer=4576 ms.
2026-02-02 16:20:13,781|INFO|random_mc2_n5_mid3_d1000_05_mr098_r10_141_uai_GSCC_n200_roTrue_s0: Saving results to ../results/synthetic/s123/random_mc2_n5_mid3_d1000_05_mr098_r10_141_uai_GSCC_n200_roTrue_s0.csv
2026-02-02 16:20:13,925|INFO|random_mc2_n6_mid3_d1000_05_mr098_r10_137_uai_GSCC_n200_roTrue_s0: [0.1208,0.2916]	 100 runs	 rmse=0.12254	 T_learn=13168 ms. 	 T_infer=1331 ms.
2026-02-02 16:20:13,931|INFO|random_mc2_n6_mid3_d1000_05_mr098_r10_137_uai_GSCC_n200_roTrue_s0: Saving results to ../results/synthetic/s123/random_mc2_n6_mid3_d1000_05_mr098_r10_137_uai_GSCC_n200_roTrue_s0.csv
2026-02-02 16:20:14,067|INFO|random_mc2_n5_mid3_d1000_05_mr098_r10_102_uai_GSCC_n200_roTrue_s0: [0.3034,0.4775]	 135 runs	 rmse=0.04047	 T_learn=28124 ms. 	 T_infer=3616 ms.
2026-02-02 16:20:14,074|INFO|random_mc2_n5_mid3_d1000_05_mr098_r10_102_uai_GSCC_n200_roTrue_s0: Saving results to ../results/synthetic/s123/random_mc2_n5_mid3_d1000_05_mr098_r10_102_uai_GSCC_n200_roTrue_s0.csv
2026-02-02 16:20:14,246|INFO|random_mc2_n5_mid3_d1000_05_mr098_r10_190_uai_GSCC_n200_roTrue_s0: [0.0389,0.0783]	 117 runs	 rmse=0.07679	 T_learn=25448 ms. 	 T_infer=3184 ms.
2026-02-02 16:20:14,252|INFO|random_mc2_n5_mid3_d1000_05_mr098_r10_190_uai_GSCC_n200_roTrue_s0: Saving results to ../results/synthetic/s123/random_mc2_n5_mid3_d1000_05_mr098_r10_190_uai_GSCC_n200_roTrue_s0.csv
2026-02-02 16:20:14,262|INFO|random_mc2_n5_mid3_d1000_05_mr098_r10_63_uai_GSCC_n200_roTrue_s0: [0.0001,0.1148]	 150 runs	 rmse=0.05543	 T_learn=18559 ms. 	 T_infer=2285 ms.
2026-02-02 16:20:14,269|INFO|random_mc2_n5_mid3_d1000_05_mr098_r10_63_uai_GSCC_n200_roTrue_s0: Saving results to ../results/synthetic/s123/random_mc2_n5_mid3_d1000_05_mr098_r10_63_uai_GSCC_n200_roTrue_s0.csv
2026-02-02 16:20:14,320|INFO|random_mc2_n6_mid3_d1000_05_mr098_r10_169_uai_GSCC_n200_roFalse_s0: [0.0066,0.0314]	 127 runs	 rmse=0.01079	 T_learn=34768 ms. 	 T_infer=3920 ms.
2026-02-02 16:20:14,326|INFO|random_mc2_n6_mid3_d1000_05_mr098_r10_169_uai_GSCC_n200_roFalse_s0: Saving results to ../results/synthetic/s123/random_mc2_n6_mid3_d1000_05_mr098_r10_169_uai_GSCC_n200_roFalse_s0.csv
2026-02-02 16:20:14,506|INFO|random_mc2_n5_mid3_d1000_05_mr098_r10_44_uai_GSCC_n200_roFalse_s0: [0.0156,0.0352]	 99 runs	 rmse=0.00699	 T_learn=38100 ms. 	 T_infer=4997 ms.
2026-02-02 16:20:14,513|INFO|random_mc2_n5_mid3_d1000_05_mr098_r10_44_uai_GSCC_n200_roFalse_s0: Saving results to ../results/synthetic/s123/random_mc2_n5_mid3_d1000_05_mr098_r10_44_uai_GSCC_n200_roFalse_s0.csv
2026-02-02 16:20:14,801|INFO|random_mc2_n6_mid3_d1000_05_mr098_r10_158_uai_GSCC_n200_roFalse_s0: [0.0187,0.0370]	 123 runs	 rmse=0.03317	 T_learn=26784 ms. 	 T_infer=3219 ms.
2026-02-02 16:20:14,808|INFO|random_mc2_n6_mid3_d1000_05_mr098_r10_158_uai_GSCC_n200_roFalse_s0: Saving results to ../results/synthetic/s123/random_mc2_n6_mid3_d1000_05_mr098_r10_158_uai_GSCC_n200_roFalse_s0.csv
2026-02-02 16:20:15,021|INFO|random_mc2_n6_mid3_d1000_05_mr098_r10_189_uai_GSCC_n200_roFalse_s0: [0.5208,0.6072]	 27 runs	 rmse=0.11979	 T_learn=12249 ms. 	 T_infer=1664 ms.
2026-02-02 16:20:15,026|INFO|random_mc2_n6_mid3_d1000_05_mr098_r10_189_uai_GSCC_n200_roFalse_s0: Saving results to ../results/synthetic/s123/random_mc2_n6_mid3_d1000_05_mr098_r10_189_uai_GSCC_n200_roFalse_s0.csv
2026-02-02 16:20:15,093|INFO|random_mc2_n5_mid3_d1000_05_mr098_r10_137_uai_GSCC_n200_roFalse_s0: [0.3436,0.4255]	 112 runs	 rmse=0.02924	 T_learn=31090 ms. 	 T_infer=3475 ms.
2026-02-02 16:20:15,106|INFO|random_mc2_n5_mid3_d1000_05_mr098_r10_137_uai_GSCC_n200_roFalse_s0: Saving results to ../results/synthetic/s123/random_mc2_n5_mid3_d1000_05_mr098_r10_137_uai_GSCC_n200_roFalse_s0.csv
2026-02-02 16:20:15,202|INFO|random_mc2_n6_mid3_d1000_05_mr098_r10_72_uai_GSCC_n200_roTrue_s0: [0.0627,0.0981]	 99 runs	 rmse=0.04880	 T_learn=42066 ms. 	 T_infer=4923 ms.
2026-02-02 16:20:15,208|INFO|random_mc2_n6_mid3_d1000_05_mr098_r10_72_uai_GSCC_n200_roTrue_s0: Saving results to ../results/synthetic/s123/random_mc2_n6_mid3_d1000_05_mr098_r10_72_uai_GSCC_n200_roTrue_s0.csv
2026-02-02 16:20:15,451|INFO|random_mc2_n6_mid3_d1000_05_mr098_r10_137_uai_GSCC_n200_roTrue_s0: [0.1208,0.2916]	 101 runs	 rmse=0.12254	 T_learn=13338 ms. 	 T_infer=1351 ms.
2026-02-02 16:20:15,458|INFO|random_mc2_n6_mid3_d1000_05_mr098_r10_137_uai_GSCC_n200_roTrue_s0: Saving results to ../results/synthetic/s123/random_mc2_n6_mid3_d1000_05_mr098_r10_137_uai_GSCC_n200_roTrue_s0.csv
2026-02-02 16:20:15,690|INFO|random_mc2_n5_mid3_d1000_05_mr098_r10_188_uai_GSCC_n200_roFalse_s0: [0.0011,0.0189]	 117 runs	 rmse=0.03045	 T_learn=20458 ms. 	 T_infer=2791 ms.
2026-02-02 16:20:15,696|INFO|random_mc2_n5_mid3_d1000_05_mr098_r10_188_uai_GSCC_n200_roFalse_s0: Saving results to ../results/synthetic/s123/random_mc2_n5_mid3_d1000_05_mr098_r10_188_uai_GSCC_n200_roFalse_s0.csv
2026-02-02 16:20:15,720|INFO|random_mc2_n5_mid3_d1000_05_mr098_r10_169_uai_GSCC_n200_roTrue_s0: [0.1389,0.3150]	 197 runs	 rmse=0.18541	 T_learn=27401 ms. 	 T_infer=2219 ms.
2026-02-02 16:20:15,730|INFO|random_mc2_n5_mid3_d1000_05_mr098_r10_169_uai_GSCC_n200_roTrue_s0: Saving results to ../results/synthetic/s123/random_mc2_n5_mid3_d1000_05_mr098_r10_169_uai_GSCC_n200_roTrue_s0.csv
2026-02-02 16:20:15,815|INFO|random_mc2_n7_mid3_d1000_05_mr098_r10_6_uai_GSCC_n200_roFalse_s0: [0.0078,0.0330]	 52 runs	 rmse=0.00898	 T_learn=30642 ms. 	 T_infer=5423 ms.
2026-02-02 16:20:15,821|INFO|random_mc2_n7_mid3_d1000_05_mr098_r10_6_uai_GSCC_n200_roFalse_s0: Saving results to ../results/synthetic/s123/random_mc2_n7_mid3_d1000_05_mr098_r10_6_uai_GSCC_n200_roFalse_s0.csv
2026-02-02 16:20:16,258|INFO|random_mc2_n5_mid3_d1000_05_mr098_r10_195_uai_GSCC_n200_roFalse_s0: [0.0785,0.2473]	 149 runs	 rmse=0.11734	 T_learn=24389 ms. 	 T_infer=2657 ms.
2026-02-02 16:20:16,265|INFO|random_mc2_n5_mid3_d1000_05_mr098_r10_195_uai_GSCC_n200_roFalse_s0: Saving results to ../results/synthetic/s123/random_mc2_n5_mid3_d1000_05_mr098_r10_195_uai_GSCC_n200_roFalse_s0.csv
2026-02-02 16:20:16,621|INFO|random_mc2_n5_mid3_d1000_05_mr098_r10_63_uai_GSCC_n200_roTrue_s0: [0.0001,0.1148]	 151 runs	 rmse=0.05543	 T_learn=18744 ms. 	 T_infer=2168 ms.
2026-02-02 16:20:16,628|INFO|random_mc2_n5_mid3_d1000_05_mr098_r10_63_uai_GSCC_n200_roTrue_s0: Saving results to ../results/synthetic/s123/random_mc2_n5_mid3_d1000_05_mr098_r10_63_uai_GSCC_n200_roTrue_s0.csv
2026-02-02 16:20:16,697|INFO|random_mc2_n6_mid3_d1000_05_mr098_r10_71_uai_GSCC_n200_roFalse_s0: [0.5153,0.6281]	 94 runs	 rmse=0.02577	 T_learn=41184 ms. 	 T_infer=5247 ms.
2026-02-02 16:20:16,703|INFO|random_mc2_n6_mid3_d1000_05_mr098_r10_71_uai_GSCC_n200_roFalse_s0: Saving results to ../results/synthetic/s123/random_mc2_n6_mid3_d1000_05_mr098_r10_71_uai_GSCC_n200_roFalse_s0.csv
2026-02-02 16:20:16,776|INFO|random_mc2_n7_mid3_d1000_05_mr098_r10_65_uai_GSCC_n200_roTrue_s0: [0.1633,0.2121]	 67 runs	 rmse=0.01145	 T_learn=26620 ms. 	 T_infer=4447 ms.
2026-02-02 16:20:16,781|INFO|random_mc2_n7_mid3_d1000_05_mr098_r10_65_uai_GSCC_n200_roTrue_s0: Saving results to ../results/synthetic/s123/random_mc2_n7_mid3_d1000_05_mr098_r10_65_uai_GSCC_n200_roTrue_s0.csv
2026-02-02 16:20:16,865|INFO|random_mc2_n8_mid3_d1000_05_mr098_r10_3_uai_GSCC_n200_roTrue_s0: [0.0235,0.0442]	 47 runs	 rmse=0.03168	 T_learn=20704 ms. 	 T_infer=3477 ms.
2026-02-02 16:20:16,871|INFO|random_mc2_n8_mid3_d1000_05_mr098_r10_3_uai_GSCC_n200_roTrue_s0: Saving results to ../results/synthetic/s123/random_mc2_n8_mid3_d1000_05_mr098_r10_3_uai_GSCC_n200_roTrue_s0.csv
2026-02-02 16:20:16,981|INFO|random_mc2_n6_mid3_d1000_05_mr098_r10_189_uai_GSCC_n200_roFalse_s0: [0.5208,0.6072]	 28 runs	 rmse=0.11979	 T_learn=12484 ms. 	 T_infer=1721 ms.
2026-02-02 16:20:16,986|INFO|random_mc2_n6_mid3_d1000_05_mr098_r10_189_uai_GSCC_n200_roFalse_s0: Saving results to ../results/synthetic/s123/random_mc2_n6_mid3_d1000_05_mr098_r10_189_uai_GSCC_n200_roFalse_s0.csv
2026-02-02 16:20:16,991|INFO|random_mc2_n6_mid3_d1000_05_mr098_r10_137_uai_GSCC_n200_roTrue_s0: [0.1208,0.2916]	 102 runs	 rmse=0.12254	 T_learn=13510 ms. 	 T_infer=1361 ms.
2026-02-02 16:20:16,997|INFO|random_mc2_n6_mid3_d1000_05_mr098_r10_137_uai_GSCC_n200_roTrue_s0: Saving results to ../results/synthetic/s123/random_mc2_n6_mid3_d1000_05_mr098_r10_137_uai_GSCC_n200_roTrue_s0.csv
2026-02-02 16:20:17,153|INFO|random_mc2_n5_mid3_d1000_05_mr098_r10_31_uai_GSCC_n200_roTrue_s0: [0.0575,0.1423]	 138 runs	 rmse=0.12612	 T_learn=31655 ms. 	 T_infer=3108 ms.
2026-02-02 16:20:17,159|INFO|random_mc2_n5_mid3_d1000_05_mr098_r10_31_uai_GSCC_n200_roTrue_s0: Saving results to ../results/synthetic/s123/random_mc2_n5_mid3_d1000_05_mr098_r10_31_uai_GSCC_n200_roTrue_s0.csv
2026-02-02 16:20:17,582|INFO|random_mc2_n6_mid3_d1000_05_mr098_r10_144_uai_GSCC_n200_roTrue_s0: [0.0139,0.0226]	 82 runs	 rmse=0.01413	 T_learn=27092 ms. 	 T_infer=4246 ms.
2026-02-02 16:20:17,587|INFO|random_mc2_n6_mid3_d1000_05_mr098_r10_144_uai_GSCC_n200_roTrue_s0: Saving results to ../results/synthetic/s123/random_mc2_n6_mid3_d1000_05_mr098_r10_144_uai_GSCC_n200_roTrue_s0.csv
2026-02-02 16:20:17,864|INFO|random_mc2_n5_mid3_d1000_05_mr098_r10_102_uai_GSCC_n200_roTrue_s0: [0.3034,0.4775]	 136 runs	 rmse=0.04047	 T_learn=28439 ms. 	 T_infer=3475 ms.
2026-02-02 16:20:17,870|INFO|random_mc2_n5_mid3_d1000_05_mr098_r10_102_uai_GSCC_n200_roTrue_s0: Saving results to ../results/synthetic/s123/random_mc2_n5_mid3_d1000_05_mr098_r10_102_uai_GSCC_n200_roTrue_s0.csv
2026-02-02 16:20:17,914|INFO|random_mc2_n5_mid3_d1000_05_mr098_r10_190_uai_GSCC_n200_roTrue_s0: [0.0389,0.0829]	 118 runs	 rmse=0.07290	 T_learn=25765 ms. 	 T_infer=3344 ms.
2026-02-02 16:20:17,920|INFO|random_mc2_n5_mid3_d1000_05_mr098_r10_190_uai_GSCC_n200_roTrue_s0: Saving results to ../results/synthetic/s123/random_mc2_n5_mid3_d1000_05_mr098_r10_190_uai_GSCC_n200_roTrue_s0.csv
2026-02-02 16:20:18,037|INFO|random_mc2_n5_mid3_d1000_05_mr098_r10_169_uai_GSCC_n200_roTrue_s0: [0.1389,0.3150]	 198 runs	 rmse=0.18541	 T_learn=27628 ms. 	 T_infer=2080 ms.
2026-02-02 16:20:18,047|INFO|random_mc2_n5_mid3_d1000_05_mr098_r10_169_uai_GSCC_n200_roTrue_s0: Saving results to ../results/synthetic/s123/random_mc2_n5_mid3_d1000_05_mr098_r10_169_uai_GSCC_n200_roTrue_s0.csv
2026-02-02 16:20:18,377|INFO|random_mc2_n6_mid3_d1000_05_mr098_r10_158_uai_GSCC_n200_roFalse_s0: [0.0180,0.0370]	 124 runs	 rmse=0.03282	 T_learn=27100 ms. 	 T_infer=3253 ms.
2026-02-02 16:20:18,383|INFO|random_mc2_n6_mid3_d1000_05_mr098_r10_158_uai_GSCC_n200_roFalse_s0: Saving results to ../results/synthetic/s123/random_mc2_n6_mid3_d1000_05_mr098_r10_158_uai_GSCC_n200_roFalse_s0.csv
2026-02-02 16:20:18,541|INFO|random_mc2_n6_mid3_d1000_05_mr098_r10_137_uai_GSCC_n200_roTrue_s0: [0.1208,0.2916]	 103 runs	 rmse=0.12254	 T_learn=13682 ms. 	 T_infer=1372 ms.
2026-02-02 16:20:18,547|INFO|random_mc2_n6_mid3_d1000_05_mr098_r10_137_uai_GSCC_n200_roTrue_s0: Saving results to ../results/synthetic/s123/random_mc2_n6_mid3_d1000_05_mr098_r10_137_uai_GSCC_n200_roTrue_s0.csv
2026-02-02 16:20:18,818|INFO|random_mc2_n6_mid3_d1000_05_mr098_r10_169_uai_GSCC_n200_roFalse_s0: [0.0066,0.0314]	 128 runs	 rmse=0.01079	 T_learn=35175 ms. 	 T_infer=4085 ms.
2026-02-02 16:20:18,825|INFO|random_mc2_n6_mid3_d1000_05_mr098_r10_169_uai_GSCC_n200_roFalse_s0: Saving results to ../results/synthetic/s123/random_mc2_n6_mid3_d1000_05_mr098_r10_169_uai_GSCC_n200_roFalse_s0.csv
2026-02-02 16:20:18,879|INFO|random_mc2_n5_mid3_d1000_05_mr098_r10_188_uai_GSCC_n200_roFalse_s0: [0.0011,0.0189]	 118 runs	 rmse=0.03045	 T_learn=20692 ms. 	 T_infer=2949 ms.
2026-02-02 16:20:18,886|INFO|random_mc2_n5_mid3_d1000_05_mr098_r10_188_uai_GSCC_n200_roFalse_s0: Saving results to ../results/synthetic/s123/random_mc2_n5_mid3_d1000_05_mr098_r10_188_uai_GSCC_n200_roFalse_s0.csv
2026-02-02 16:20:18,999|INFO|random_mc2_n5_mid3_d1000_05_mr098_r10_63_uai_GSCC_n200_roTrue_s0: [0.0001,0.1148]	 152 runs	 rmse=0.05543	 T_learn=18929 ms. 	 T_infer=2186 ms.
2026-02-02 16:20:19,005|INFO|random_mc2_n5_mid3_d1000_05_mr098_r10_63_uai_GSCC_n200_roTrue_s0: Saving results to ../results/synthetic/s123/random_mc2_n5_mid3_d1000_05_mr098_r10_63_uai_GSCC_n200_roTrue_s0.csv
2026-02-02 16:20:19,012|INFO|random_mc2_n6_mid3_d1000_05_mr098_r10_189_uai_GSCC_n200_roFalse_s0: [0.5208,0.6072]	 29 runs	 rmse=0.11979	 T_learn=12725 ms. 	 T_infer=1785 ms.
2026-02-02 16:20:19,016|INFO|random_mc2_n6_mid3_d1000_05_mr098_r10_189_uai_GSCC_n200_roFalse_s0: Saving results to ../results/synthetic/s123/random_mc2_n6_mid3_d1000_05_mr098_r10_189_uai_GSCC_n200_roFalse_s0.csv
2026-02-02 16:20:19,048|INFO|random_mc2_n5_mid3_d1000_05_mr098_r10_195_uai_GSCC_n200_roFalse_s0: [0.0785,0.2473]	 150 runs	 rmse=0.11734	 T_learn=24634 ms. 	 T_infer=2537 ms.
2026-02-02 16:20:19,055|INFO|random_mc2_n5_mid3_d1000_05_mr098_r10_195_uai_GSCC_n200_roFalse_s0: Saving results to ../results/synthetic/s123/random_mc2_n5_mid3_d1000_05_mr098_r10_195_uai_GSCC_n200_roFalse_s0.csv
2026-02-02 16:20:19,058|INFO|random_mc2_n5_mid3_d1000_05_mr098_r10_137_uai_GSCC_n200_roFalse_s0: [0.3436,0.4255]	 113 runs	 rmse=0.02924	 T_learn=31532 ms. 	 T_infer=3510 ms.
2026-02-02 16:20:19,064|INFO|random_mc2_n5_mid3_d1000_05_mr098_r10_137_uai_GSCC_n200_roFalse_s0: Saving results to ../results/synthetic/s123/random_mc2_n5_mid3_d1000_05_mr098_r10_137_uai_GSCC_n200_roFalse_s0.csv
2026-02-02 16:20:19,109|INFO|random_mc2_n5_mid3_d1000_05_mr098_r10_141_uai_GSCC_n200_roTrue_s0: [0.0540,0.1946]	 109 runs	 rmse=0.06361	 T_learn=38619 ms. 	 T_infer=4751 ms.
2026-02-02 16:20:19,115|INFO|random_mc2_n5_mid3_d1000_05_mr098_r10_141_uai_GSCC_n200_roTrue_s0: Saving results to ../results/synthetic/s123/random_mc2_n5_mid3_d1000_05_mr098_r10_141_uai_GSCC_n200_roTrue_s0.csv
2026-02-02 16:20:19,235|INFO|random_mc2_n6_mid3_d1000_05_mr098_r10_28_uai_GSCC_n200_roFalse_s0: [0.4503,0.5484]	 96 runs	 rmse=0.08921	 T_learn=38795 ms. 	 T_infer=4988 ms.
2026-02-02 16:20:19,243|INFO|random_mc2_n6_mid3_d1000_05_mr098_r10_28_uai_GSCC_n200_roFalse_s0: Saving results to ../results/synthetic/s123/random_mc2_n6_mid3_d1000_05_mr098_r10_28_uai_GSCC_n200_roFalse_s0.csv
2026-02-02 16:20:20,180|INFO|random_mc2_n5_mid3_d1000_05_mr098_r10_74_uai_GSCC_n200_roTrue_s0: [0.3068,0.3975]	 70 runs	 rmse=0.12553	 T_learn=34089 ms. 	 T_infer=5694 ms.
2026-02-02 16:20:20,187|INFO|random_mc2_n5_mid3_d1000_05_mr098_r10_74_uai_GSCC_n200_roTrue_s0: Saving results to ../results/synthetic/s123/random_mc2_n5_mid3_d1000_05_mr098_r10_74_uai_GSCC_n200_roTrue_s0.csv
2026-02-02 16:20:20,214|INFO|random_mc2_n5_mid3_d1000_05_mr098_r10_44_uai_GSCC_n200_roFalse_s0: [0.0156,0.0361]	 100 runs	 rmse=0.00792	 T_learn=38754 ms. 	 T_infer=5047 ms.
2026-02-02 16:20:20,220|INFO|random_mc2_n5_mid3_d1000_05_mr098_r10_44_uai_GSCC_n200_roFalse_s0: Saving results to ../results/synthetic/s123/random_mc2_n5_mid3_d1000_05_mr098_r10_44_uai_GSCC_n200_roFalse_s0.csv
2026-02-02 16:20:20,253|INFO|random_mc2_n6_mid3_d1000_05_mr098_r10_137_uai_GSCC_n200_roTrue_s0: [0.1208,0.2916]	 104 runs	 rmse=0.12254	 T_learn=13856 ms. 	 T_infer=1532 ms.
2026-02-02 16:20:20,259|INFO|random_mc2_n6_mid3_d1000_05_mr098_r10_137_uai_GSCC_n200_roTrue_s0: Saving results to ../results/synthetic/s123/random_mc2_n6_mid3_d1000_05_mr098_r10_137_uai_GSCC_n200_roTrue_s0.csv
2026-02-02 16:20:20,369|INFO|random_mc2_n5_mid3_d1000_05_mr098_r10_169_uai_GSCC_n200_roTrue_s0: [0.1389,0.3150]	 199 runs	 rmse=0.18541	 T_learn=27856 ms. 	 T_infer=2094 ms.
2026-02-02 16:20:20,378|INFO|random_mc2_n5_mid3_d1000_05_mr098_r10_169_uai_GSCC_n200_roTrue_s0: Saving results to ../results/synthetic/s123/random_mc2_n5_mid3_d1000_05_mr098_r10_169_uai_GSCC_n200_roTrue_s0.csv
2026-02-02 16:20:20,779|INFO|random_mc2_n5_mid3_d1000_05_mr098_r10_31_uai_GSCC_n200_roTrue_s0: [0.0575,0.1423]	 139 runs	 rmse=0.12612	 T_learn=32020 ms. 	 T_infer=3254 ms.
2026-02-02 16:20:20,784|INFO|random_mc2_n5_mid3_d1000_05_mr098_r10_31_uai_GSCC_n200_roTrue_s0: Saving results to ../results/synthetic/s123/random_mc2_n5_mid3_d1000_05_mr098_r10_31_uai_GSCC_n200_roTrue_s0.csv
2026-02-02 16:20:20,820|INFO|random_mc2_n6_mid3_d1000_05_mr098_r10_72_uai_GSCC_n200_roTrue_s0: [0.0627,0.0981]	 100 runs	 rmse=0.04880	 T_learn=42712 ms. 	 T_infer=4967 ms.
2026-02-02 16:20:20,826|INFO|random_mc2_n6_mid3_d1000_05_mr098_r10_72_uai_GSCC_n200_roTrue_s0: Saving results to ../results/synthetic/s123/random_mc2_n6_mid3_d1000_05_mr098_r10_72_uai_GSCC_n200_roTrue_s0.csv
2026-02-02 16:20:20,830|INFO|random_mc2_n8_mid3_d1000_05_mr098_r10_3_uai_GSCC_n200_roTrue_s0: [0.0235,0.0442]	 48 runs	 rmse=0.03168	 T_learn=21116 ms. 	 T_infer=3547 ms.
2026-02-02 16:20:20,835|INFO|random_mc2_n8_mid3_d1000_05_mr098_r10_3_uai_GSCC_n200_roTrue_s0: Saving results to ../results/synthetic/s123/random_mc2_n8_mid3_d1000_05_mr098_r10_3_uai_GSCC_n200_roTrue_s0.csv
2026-02-02 16:20:21,108|INFO|random_mc2_n6_mid3_d1000_05_mr098_r10_189_uai_GSCC_n200_roFalse_s0: [0.5208,0.6072]	 30 runs	 rmse=0.11979	 T_learn=12972 ms. 	 T_infer=1844 ms.
2026-02-02 16:20:21,114|INFO|random_mc2_n6_mid3_d1000_05_mr098_r10_189_uai_GSCC_n200_roFalse_s0: Saving results to ../results/synthetic/s123/random_mc2_n6_mid3_d1000_05_mr098_r10_189_uai_GSCC_n200_roFalse_s0.csv
2026-02-02 16:20:21,470|INFO|random_mc2_n5_mid3_d1000_05_mr098_r10_190_uai_GSCC_n200_roTrue_s0: [0.0389,0.0829]	 119 runs	 rmse=0.07290	 T_learn=26083 ms. 	 T_infer=3231 ms.
2026-02-02 16:20:21,477|INFO|random_mc2_n5_mid3_d1000_05_mr098_r10_190_uai_GSCC_n200_roTrue_s0: Saving results to ../results/synthetic/s123/random_mc2_n5_mid3_d1000_05_mr098_r10_190_uai_GSCC_n200_roTrue_s0.csv
2026-02-02 16:20:21,513|INFO|random_mc2_n5_mid3_d1000_05_mr098_r10_63_uai_GSCC_n200_roTrue_s0: [0.0001,0.1148]	 153 runs	 rmse=0.05543	 T_learn=19115 ms. 	 T_infer=2322 ms.
2026-02-02 16:20:21,521|INFO|random_mc2_n5_mid3_d1000_05_mr098_r10_63_uai_GSCC_n200_roTrue_s0: Saving results to ../results/synthetic/s123/random_mc2_n5_mid3_d1000_05_mr098_r10_63_uai_GSCC_n200_roTrue_s0.csv
2026-02-02 16:20:21,689|INFO|random_mc2_n5_mid3_d1000_05_mr098_r10_102_uai_GSCC_n200_roTrue_s0: [0.3034,0.4775]	 137 runs	 rmse=0.04047	 T_learn=28755 ms. 	 T_infer=3504 ms.
2026-02-02 16:20:21,696|INFO|random_mc2_n5_mid3_d1000_05_mr098_r10_102_uai_GSCC_n200_roTrue_s0: Saving results to ../results/synthetic/s123/random_mc2_n5_mid3_d1000_05_mr098_r10_102_uai_GSCC_n200_roTrue_s0.csv
2026-02-02 16:20:21,722|INFO|random_mc2_n7_mid3_d1000_05_mr098_r10_65_uai_GSCC_n200_roTrue_s0: [0.1633,0.2121]	 68 runs	 rmse=0.01145	 T_learn=27135 ms. 	 T_infer=4426 ms.
2026-02-02 16:20:21,727|INFO|random_mc2_n7_mid3_d1000_05_mr098_r10_65_uai_GSCC_n200_roTrue_s0: Saving results to ../results/synthetic/s123/random_mc2_n7_mid3_d1000_05_mr098_r10_65_uai_GSCC_n200_roTrue_s0.csv
2026-02-02 16:20:21,832|INFO|random_mc2_n6_mid3_d1000_05_mr098_r10_137_uai_GSCC_n200_roTrue_s0: [0.1208,0.2916]	 105 runs	 rmse=0.12254	 T_learn=14031 ms. 	 T_infer=1397 ms.
2026-02-02 16:20:21,838|INFO|random_mc2_n6_mid3_d1000_05_mr098_r10_137_uai_GSCC_n200_roTrue_s0: Saving results to ../results/synthetic/s123/random_mc2_n6_mid3_d1000_05_mr098_r10_137_uai_GSCC_n200_roTrue_s0.csv
2026-02-02 16:20:21,849|INFO|random_mc2_n5_mid3_d1000_05_mr098_r10_195_uai_GSCC_n200_roFalse_s0: [0.0785,0.2473]	 151 runs	 rmse=0.11734	 T_learn=24883 ms. 	 T_infer=2546 ms.
2026-02-02 16:20:21,855|INFO|random_mc2_n5_mid3_d1000_05_mr098_r10_195_uai_GSCC_n200_roFalse_s0: Saving results to ../results/synthetic/s123/random_mc2_n5_mid3_d1000_05_mr098_r10_195_uai_GSCC_n200_roFalse_s0.csv
2026-02-02 16:20:21,947|INFO|random_mc2_n5_mid3_d1000_05_mr098_r10_188_uai_GSCC_n200_roFalse_s0: [0.0011,0.0198]	 119 runs	 rmse=0.02953	 T_learn=20926 ms. 	 T_infer=2827 ms.
2026-02-02 16:20:21,953|INFO|random_mc2_n5_mid3_d1000_05_mr098_r10_188_uai_GSCC_n200_roFalse_s0: Saving results to ../results/synthetic/s123/random_mc2_n5_mid3_d1000_05_mr098_r10_188_uai_GSCC_n200_roFalse_s0.csv
2026-02-02 16:20:22,096|INFO|random_mc2_n7_mid3_d1000_05_mr098_r10_6_uai_GSCC_n200_roFalse_s0: [0.0078,0.0330]	 53 runs	 rmse=0.00898	 T_learn=31379 ms. 	 T_infer=5539 ms.
2026-02-02 16:20:22,102|INFO|random_mc2_n7_mid3_d1000_05_mr098_r10_6_uai_GSCC_n200_roFalse_s0: Saving results to ../results/synthetic/s123/random_mc2_n7_mid3_d1000_05_mr098_r10_6_uai_GSCC_n200_roFalse_s0.csv
2026-02-02 16:20:22,107|INFO|random_mc2_n6_mid3_d1000_05_mr098_r10_158_uai_GSCC_n200_roFalse_s0: [0.0180,0.0370]	 125 runs	 rmse=0.03282	 T_learn=27416 ms. 	 T_infer=3407 ms.
2026-02-02 16:20:22,113|INFO|random_mc2_n6_mid3_d1000_05_mr098_r10_158_uai_GSCC_n200_roFalse_s0: Saving results to ../results/synthetic/s123/random_mc2_n6_mid3_d1000_05_mr098_r10_158_uai_GSCC_n200_roFalse_s0.csv
2026-02-02 16:20:22,381|INFO|random_mc2_n6_mid3_d1000_05_mr098_r10_144_uai_GSCC_n200_roTrue_s0: [0.0139,0.0226]	 83 runs	 rmse=0.01413	 T_learn=27592 ms. 	 T_infer=4294 ms.
2026-02-02 16:20:22,386|INFO|random_mc2_n6_mid3_d1000_05_mr098_r10_144_uai_GSCC_n200_roTrue_s0: Saving results to ../results/synthetic/s123/random_mc2_n6_mid3_d1000_05_mr098_r10_144_uai_GSCC_n200_roTrue_s0.csv
2026-02-02 16:20:22,710|INFO|random_mc2_n5_mid3_d1000_05_mr098_r10_169_uai_GSCC_n200_roTrue_s0: [0.1389,0.3150]	 200 runs	 rmse=0.18541	 T_learn=28085 ms. 	 T_infer=2103 ms.
2026-02-02 16:20:22,719|INFO|random_mc2_n5_mid3_d1000_05_mr098_r10_169_uai_GSCC_n200_roTrue_s0: Saving results to ../results/synthetic/s123/random_mc2_n5_mid3_d1000_05_mr098_r10_169_uai_GSCC_n200_roTrue_s0.csv
2026-02-02 16:20:22,851|INFO|random_mc2_n6_mid3_d1000_05_mr098_r10_71_uai_GSCC_n200_roFalse_s0: [0.5153,0.6281]	 95 runs	 rmse=0.02577	 T_learn=41895 ms. 	 T_infer=5436 ms.
2026-02-02 16:20:22,856|INFO|random_mc2_n6_mid3_d1000_05_mr098_r10_71_uai_GSCC_n200_roFalse_s0: Saving results to ../results/synthetic/s123/random_mc2_n6_mid3_d1000_05_mr098_r10_71_uai_GSCC_n200_roFalse_s0.csv
2026-02-02 16:20:23,174|INFO|random_mc2_n5_mid3_d1000_05_mr098_r10_137_uai_GSCC_n200_roFalse_s0: [0.3436,0.4255]	 114 runs	 rmse=0.02924	 T_learn=31980 ms. 	 T_infer=3662 ms.
2026-02-02 16:20:23,181|INFO|random_mc2_n5_mid3_d1000_05_mr098_r10_137_uai_GSCC_n200_roFalse_s0: Saving results to ../results/synthetic/s123/random_mc2_n5_mid3_d1000_05_mr098_r10_137_uai_GSCC_n200_roFalse_s0.csv
2026-02-02 16:20:23,211|INFO|random_mc2_n6_mid3_d1000_05_mr098_r10_169_uai_GSCC_n200_roFalse_s0: [0.0066,0.0314]	 129 runs	 rmse=0.01079	 T_learn=35586 ms. 	 T_infer=3975 ms.
2026-02-02 16:20:23,218|INFO|random_mc2_n6_mid3_d1000_05_mr098_r10_169_uai_GSCC_n200_roFalse_s0: Saving results to ../results/synthetic/s123/random_mc2_n6_mid3_d1000_05_mr098_r10_169_uai_GSCC_n200_roFalse_s0.csv
2026-02-02 16:20:23,271|INFO|random_mc2_n6_mid3_d1000_05_mr098_r10_189_uai_GSCC_n200_roFalse_s0: [0.5208,0.6072]	 31 runs	 rmse=0.11979	 T_learn=13224 ms. 	 T_infer=1905 ms.
2026-02-02 16:20:23,276|INFO|random_mc2_n6_mid3_d1000_05_mr098_r10_189_uai_GSCC_n200_roFalse_s0: Saving results to ../results/synthetic/s123/random_mc2_n6_mid3_d1000_05_mr098_r10_189_uai_GSCC_n200_roFalse_s0.csv
2026-02-02 16:20:23,429|INFO|random_mc2_n6_mid3_d1000_05_mr098_r10_137_uai_GSCC_n200_roTrue_s0: [0.1208,0.2916]	 106 runs	 rmse=0.12254	 T_learn=14209 ms. 	 T_infer=1413 ms.
2026-02-02 16:20:23,434|INFO|random_mc2_n6_mid3_d1000_05_mr098_r10_137_uai_GSCC_n200_roTrue_s0: Saving results to ../results/synthetic/s123/random_mc2_n6_mid3_d1000_05_mr098_r10_137_uai_GSCC_n200_roTrue_s0.csv
2026-02-02 16:20:23,917|INFO|random_mc2_n5_mid3_d1000_05_mr098_r10_63_uai_GSCC_n200_roTrue_s0: [0.0001,0.1148]	 154 runs	 rmse=0.05543	 T_learn=19302 ms. 	 T_infer=2209 ms.
2026-02-02 16:20:23,925|INFO|random_mc2_n5_mid3_d1000_05_mr098_r10_63_uai_GSCC_n200_roTrue_s0: Saving results to ../results/synthetic/s123/random_mc2_n5_mid3_d1000_05_mr098_r10_63_uai_GSCC_n200_roTrue_s0.csv
2026-02-02 16:20:24,292|INFO|random_mc2_n5_mid3_d1000_05_mr098_r10_31_uai_GSCC_n200_roTrue_s0: [0.0575,0.1423]	 140 runs	 rmse=0.12612	 T_learn=32385 ms. 	 T_infer=3143 ms.
2026-02-02 16:20:24,299|INFO|random_mc2_n5_mid3_d1000_05_mr098_r10_31_uai_GSCC_n200_roTrue_s0: Saving results to ../results/synthetic/s123/random_mc2_n5_mid3_d1000_05_mr098_r10_31_uai_GSCC_n200_roTrue_s0.csv
2026-02-02 16:20:24,345|INFO|random_mc2_n5_mid3_d1000_05_mr098_r10_141_uai_GSCC_n200_roTrue_s0: [0.0489,0.1946]	 110 runs	 rmse=0.05945	 T_learn=39201 ms. 	 T_infer=4647 ms.
2026-02-02 16:20:24,351|INFO|random_mc2_n5_mid3_d1000_05_mr098_r10_141_uai_GSCC_n200_roTrue_s0: Saving results to ../results/synthetic/s123/random_mc2_n5_mid3_d1000_05_mr098_r10_141_uai_GSCC_n200_roTrue_s0.csv
2026-02-02 16:20:24,815|INFO|random_mc2_n5_mid3_d1000_05_mr098_r10_195_uai_GSCC_n200_roFalse_s0: [0.0785,0.2473]	 152 runs	 rmse=0.11734	 T_learn=25132 ms. 	 T_infer=2710 ms.
2026-02-02 16:20:24,822|INFO|random_mc2_n5_mid3_d1000_05_mr098_r10_195_uai_GSCC_n200_roFalse_s0: Saving results to ../results/synthetic/s123/random_mc2_n5_mid3_d1000_05_mr098_r10_195_uai_GSCC_n200_roFalse_s0.csv
2026-02-02 16:20:25,005|INFO|random_mc2_n8_mid3_d1000_05_mr098_r10_3_uai_GSCC_n200_roTrue_s0: [0.0235,0.0442]	 49 runs	 rmse=0.03168	 T_learn=21535 ms. 	 T_infer=3751 ms.
2026-02-02 16:20:25,010|INFO|random_mc2_n8_mid3_d1000_05_mr098_r10_3_uai_GSCC_n200_roTrue_s0: Saving results to ../results/synthetic/s123/random_mc2_n8_mid3_d1000_05_mr098_r10_3_uai_GSCC_n200_roTrue_s0.csv
2026-02-02 16:20:25,055|INFO|random_mc2_n6_mid3_d1000_05_mr098_r10_137_uai_GSCC_n200_roTrue_s0: [0.1208,0.2916]	 107 runs	 rmse=0.12254	 T_learn=14387 ms. 	 T_infer=1443 ms.
2026-02-02 16:20:25,063|INFO|random_mc2_n5_mid3_d1000_05_mr098_r10_190_uai_GSCC_n200_roTrue_s0: [0.0389,0.0829]	 120 runs	 rmse=0.07290	 T_learn=26404 ms. 	 T_infer=3265 ms.
2026-02-02 16:20:25,066|INFO|random_mc2_n6_mid3_d1000_05_mr098_r10_137_uai_GSCC_n200_roTrue_s0: Saving results to ../results/synthetic/s123/random_mc2_n6_mid3_d1000_05_mr098_r10_137_uai_GSCC_n200_roTrue_s0.csv
2026-02-02 16:20:25,068|INFO|random_mc2_n5_mid3_d1000_05_mr098_r10_188_uai_GSCC_n200_roFalse_s0: [0.0011,0.0216]	 120 runs	 rmse=0.02779	 T_learn=21163 ms. 	 T_infer=2878 ms.
2026-02-02 16:20:25,069|INFO|random_mc2_n5_mid3_d1000_05_mr098_r10_190_uai_GSCC_n200_roTrue_s0: Saving results to ../results/synthetic/s123/random_mc2_n5_mid3_d1000_05_mr098_r10_190_uai_GSCC_n200_roTrue_s0.csv
2026-02-02 16:20:25,075|INFO|random_mc2_n5_mid3_d1000_05_mr098_r10_188_uai_GSCC_n200_roFalse_s0: Saving results to ../results/synthetic/s123/random_mc2_n5_mid3_d1000_05_mr098_r10_188_uai_GSCC_n200_roFalse_s0.csv
slurmstepd: error: *** JOB 243476 ON nodo13 CANCELLED AT 2026-02-02T16:20:25 ***
